,date,ticker,BETA_1YR,close,adj_close,high,low,MARKETCAP,open,PBV,PE_EXCL,PE_EXCL_FWD,PE_NORMALIZED,PRICE_SALES,PRICE_VOL_HIST_3MTH,RSI,RSI_ADJ,SHORT_INTEREST,SHORT_INTEREST_OVER_FLOAT,SHORT_INTEREST_PERCENT,TEV,TEV_EBIT,TEV_EBITDA,TEV_EBITDA_FWD,TEV_EBIT_FWD,TEV_TOTAL_REV,TEV_TOTAL_REV_FWD,volume,CUMULATIVE_SPLIT_FACTOR,LAST_SPLIT_DATE,split_ratio,PBV_FWD,PEG_FWD,PRICE_TARGET,adj_open,adj_high,adj_low,adj_volume,ex-dividend
0,1991-12-31,SZSE:002091,0.0,0.0,0.0,0.0,0.0,0.0,0.0,0.0,0.0,0.0,0.0,0.0,0.0,0.0,0.0,0.0,0.0,0.0,0.0,0.0,0.0,0.0,0.0,0.0,0.0,0.0,0.0,0.0,1.0,0.0,0.0,0.0,0.0,0.0,0.0,0.0,0.0
1,1992-01-01,SZSE:002091,0.0,0.0,0.0,0.0,0.0,0.0,0.0,0.0,0.0,0.0,0.0,0.0,0.0,0.0,0.0,0.0,0.0,0.0,0.0,0.0,0.0,0.0,0.0,0.0,0.0,0.0,0.0,0.0,1.0,0.0,0.0,0.0,0.0,0.0,0.0,0.0,0.0
2,1992-01-02,SZSE:002091,0.0,0.0,0.0,0.0,0.0,0.0,0.0,0.0,0.0,0.0,0.0,0.0,0.0,0.0,0.0,0.0,0.0,0.0,0.0,0.0,0.0,0.0,0.0,0.0,0.0,0.0,0.0,0.0,1.0,0.0,0.0,0.0,0.0,0.0,0.0,0.0,0.0
3,1992-01-03,SZSE:002091,0.0,0.0,0.0,0.0,0.0,0.0,0.0,0.0,0.0,0.0,0.0,0.0,0.0,0.0,0.0,0.0,0.0,0.0,0.0,0.0,0.0,0.0,0.0,0.0,0.0,0.0,0.0,0.0,1.0,0.0,0.0,0.0,0.0,0.0,0.0,0.0,0.0
4,1992-01-06,SZSE:002091,0.0,0.0,0.0,0.0,0.0,0.0,0.0,0.0,0.0,0.0,0.0,0.0,0.0,0.0,0.0,0.0,0.0,0.0,0.0,0.0,0.0,0.0,0.0,0.0,0.0,0.0,0.0,0.0,1.0,0.0,0.0,0.0,0.0,0.0,0.0,0.0,0.0
5,1992-01-07,SZSE:002091,0.0,0.0,0.0,0.0,0.0,0.0,0.0,0.0,0.0,0.0,0.0,0.0,0.0,0.0,0.0,0.0,0.0,0.0,0.0,0.0,0.0,0.0,0.0,0.0,0.0,0.0,0.0,0.0,1.0,0.0,0.0,0.0,0.0,0.0,0.0,0.0,0.0
6,1992-01-08,SZSE:002091,0.0,0.0,0.0,0.0,0.0,0.0,0.0,0.0,0.0,0.0,0.0,0.0,0.0,0.0,0.0,0.0,0.0,0.0,0.0,0.0,0.0,0.0,0.0,0.0,0.0,0.0,0.0,0.0,1.0,0.0,0.0,0.0,0.0,0.0,0.0,0.0,0.0
7,1992-01-09,SZSE:002091,0.0,0.0,0.0,0.0,0.0,0.0,0.0,0.0,0.0,0.0,0.0,0.0,0.0,0.0,0.0,0.0,0.0,0.0,0.0,0.0,0.0,0.0,0.0,0.0,0.0,0.0,0.0,0.0,1.0,0.0,0.0,0.0,0.0,0.0,0.0,0.0,0.0
8,1992-01-10,SZSE:002091,0.0,0.0,0.0,0.0,0.0,0.0,0.0,0.0,0.0,0.0,0.0,0.0,0.0,0.0,0.0,0.0,0.0,0.0,0.0,0.0,0.0,0.0,0.0,0.0,0.0,0.0,0.0,0.0,1.0,0.0,0.0,0.0,0.0,0.0,0.0,0.0,0.0
9,1992-01-13,SZSE:002091,0.0,0.0,0.0,0.0,0.0,0.0,0.0,0.0,0.0,0.0,0.0,0.0,0.0,0.0,0.0,0.0,0.0,0.0,0.0,0.0,0.0,0.0,0.0,0.0,0.0,0.0,0.0,0.0,1.0,0.0,0.0,0.0,0.0,0.0,0.0,0.0,0.0
10,1992-01-14,SZSE:002091,0.0,0.0,0.0,0.0,0.0,0.0,0.0,0.0,0.0,0.0,0.0,0.0,0.0,0.0,0.0,0.0,0.0,0.0,0.0,0.0,0.0,0.0,0.0,0.0,0.0,0.0,0.0,0.0,1.0,0.0,0.0,0.0,0.0,0.0,0.0,0.0,0.0
11,1992-01-15,SZSE:002091,0.0,0.0,0.0,0.0,0.0,0.0,0.0,0.0,0.0,0.0,0.0,0.0,0.0,0.0,0.0,0.0,0.0,0.0,0.0,0.0,0.0,0.0,0.0,0.0,0.0,0.0,0.0,0.0,1.0,0.0,0.0,0.0,0.0,0.0,0.0,0.0,0.0
12,1992-01-16,SZSE:002091,0.0,0.0,0.0,0.0,0.0,0.0,0.0,0.0,0.0,0.0,0.0,0.0,0.0,0.0,0.0,0.0,0.0,0.0,0.0,0.0,0.0,0.0,0.0,0.0,0.0,0.0,0.0,0.0,1.0,0.0,0.0,0.0,0.0,0.0,0.0,0.0,0.0
13,1992-01-17,SZSE:002091,0.0,0.0,0.0,0.0,0.0,0.0,0.0,0.0,0.0,0.0,0.0,0.0,0.0,0.0,0.0,0.0,0.0,0.0,0.0,0.0,0.0,0.0,0.0,0.0,0.0,0.0,0.0,0.0,1.0,0.0,0.0,0.0,0.0,0.0,0.0,0.0,0.0
14,1992-01-20,SZSE:002091,0.0,0.0,0.0,0.0,0.0,0.0,0.0,0.0,0.0,0.0,0.0,0.0,0.0,0.0,0.0,0.0,0.0,0.0,0.0,0.0,0.0,0.0,0.0,0.0,0.0,0.0,0.0,0.0,1.0,0.0,0.0,0.0,0.0,0.0,0.0,0.0,0.0
15,1992-01-21,SZSE:002091,0.0,0.0,0.0,0.0,0.0,0.0,0.0,0.0,0.0,0.0,0.0,0.0,0.0,0.0,0.0,0.0,0.0,0.0,0.0,0.0,0.0,0.0,0.0,0.0,0.0,0.0,0.0,0.0,1.0,0.0,0.0,0.0,0.0,0.0,0.0,0.0,0.0
16,1992-01-22,SZSE:002091,0.0,0.0,0.0,0.0,0.0,0.0,0.0,0.0,0.0,0.0,0.0,0.0,0.0,0.0,0.0,0.0,0.0,0.0,0.0,0.0,0.0,0.0,0.0,0.0,0.0,0.0,0.0,0.0,1.0,0.0,0.0,0.0,0.0,0.0,0.0,0.0,0.0
17,1992-01-23,SZSE:002091,0.0,0.0,0.0,0.0,0.0,0.0,0.0,0.0,0.0,0.0,0.0,0.0,0.0,0.0,0.0,0.0,0.0,0.0,0.0,0.0,0.0,0.0,0.0,0.0,0.0,0.0,0.0,0.0,1.0,0.0,0.0,0.0,0.0,0.0,0.0,0.0,0.0
18,1992-01-24,SZSE:002091,0.0,0.0,0.0,0.0,0.0,0.0,0.0,0.0,0.0,0.0,0.0,0.0,0.0,0.0,0.0,0.0,0.0,0.0,0.0,0.0,0.0,0.0,0.0,0.0,0.0,0.0,0.0,0.0,1.0,0.0,0.0,0.0,0.0,0.0,0.0,0.0,0.0
19,1992-01-27,SZSE:002091,0.0,0.0,0.0,0.0,0.0,0.0,0.0,0.0,0.0,0.0,0.0,0.0,0.0,0.0,0.0,0.0,0.0,0.0,0.0,0.0,0.0,0.0,0.0,0.0,0.0,0.0,0.0,0.0,1.0,0.0,0.0,0.0,0.0,0.0,0.0,0.0,0.0
20,1992-01-28,SZSE:002091,0.0,0.0,0.0,0.0,0.0,0.0,0.0,0.0,0.0,0.0,0.0,0.0,0.0,0.0,0.0,0.0,0.0,0.0,0.0,0.0,0.0,0.0,0.0,0.0,0.0,0.0,0.0,0.0,1.0,0.0,0.0,0.0,0.0,0.0,0.0,0.0,0.0
21,1992-01-29,SZSE:002091,0.0,0.0,0.0,0.0,0.0,0.0,0.0,0.0,0.0,0.0,0.0,0.0,0.0,0.0,0.0,0.0,0.0,0.0,0.0,0.0,0.0,0.0,0.0,0.0,0.0,0.0,0.0,0.0,1.0,0.0,0.0,0.0,0.0,0.0,0.0,0.0,0.0
22,1992-01-30,SZSE:002091,0.0,0.0,0.0,0.0,0.0,0.0,0.0,0.0,0.0,0.0,0.0,0.0,0.0,0.0,0.0,0.0,0.0,0.0,0.0,0.0,0.0,0.0,0.0,0.0,0.0,0.0,0.0,0.0,1.0,0.0,0.0,0.0,0.0,0.0,0.0,0.0,0.0
23,1992-01-31,SZSE:002091,0.0,0.0,0.0,0.0,0.0,0.0,0.0,0.0,0.0,0.0,0.0,0.0,0.0,0.0,0.0,0.0,0.0,0.0,0.0,0.0,0.0,0.0,0.0,0.0,0.0,0.0,0.0,0.0,1.0,0.0,0.0,0.0,0.0,0.0,0.0,0.0,0.0
24,1992-02-03,SZSE:002091,0.0,0.0,0.0,0.0,0.0,0.0,0.0,0.0,0.0,0.0,0.0,0.0,0.0,0.0,0.0,0.0,0.0,0.0,0.0,0.0,0.0,0.0,0.0,0.0,0.0,0.0,0.0,0.0,1.0,0.0,0.0,0.0,0.0,0.0,0.0,0.0,0.0
25,1992-02-04,SZSE:002091,0.0,0.0,0.0,0.0,0.0,0.0,0.0,0.0,0.0,0.0,0.0,0.0,0.0,0.0,0.0,0.0,0.0,0.0,0.0,0.0,0.0,0.0,0.0,0.0,0.0,0.0,0.0,0.0,1.0,0.0,0.0,0.0,0.0,0.0,0.0,0.0,0.0
26,1992-02-05,SZSE:002091,0.0,0.0,0.0,0.0,0.0,0.0,0.0,0.0,0.0,0.0,0.0,0.0,0.0,0.0,0.0,0.0,0.0,0.0,0.0,0.0,0.0,0.0,0.0,0.0,0.0,0.0,0.0,0.0,1.0,0.0,0.0,0.0,0.0,0.0,0.0,0.0,0.0
27,1992-02-06,SZSE:002091,0.0,0.0,0.0,0.0,0.0,0.0,0.0,0.0,0.0,0.0,0.0,0.0,0.0,0.0,0.0,0.0,0.0,0.0,0.0,0.0,0.0,0.0,0.0,0.0,0.0,0.0,0.0,0.0,1.0,0.0,0.0,0.0,0.0,0.0,0.0,0.0,0.0
28,1992-02-07,SZSE:002091,0.0,0.0,0.0,0.0,0.0,0.0,0.0,0.0,0.0,0.0,0.0,0.0,0.0,0.0,0.0,0.0,0.0,0.0,0.0,0.0,0.0,0.0,0.0,0.0,0.0,0.0,0.0,0.0,1.0,0.0,0.0,0.0,0.0,0.0,0.0,0.0,0.0
29,1992-02-10,SZSE:002091,0.0,0.0,0.0,0.0,0.0,0.0,0.0,0.0,0.0,0.0,0.0,0.0,0.0,0.0,0.0,0.0,0.0,0.0,0.0,0.0,0.0,0.0,0.0,0.0,0.0,0.0,0.0,0.0,1.0,0.0,0.0,0.0,0.0,0.0,0.0,0.0,0.0
30,1992-02-11,SZSE:002091,0.0,0.0,0.0,0.0,0.0,0.0,0.0,0.0,0.0,0.0,0.0,0.0,0.0,0.0,0.0,0.0,0.0,0.0,0.0,0.0,0.0,0.0,0.0,0.0,0.0,0.0,0.0,0.0,1.0,0.0,0.0,0.0,0.0,0.0,0.0,0.0,0.0
31,1992-02-12,SZSE:002091,0.0,0.0,0.0,0.0,0.0,0.0,0.0,0.0,0.0,0.0,0.0,0.0,0.0,0.0,0.0,0.0,0.0,0.0,0.0,0.0,0.0,0.0,0.0,0.0,0.0,0.0,0.0,0.0,1.0,0.0,0.0,0.0,0.0,0.0,0.0,0.0,0.0
32,1992-02-13,SZSE:002091,0.0,0.0,0.0,0.0,0.0,0.0,0.0,0.0,0.0,0.0,0.0,0.0,0.0,0.0,0.0,0.0,0.0,0.0,0.0,0.0,0.0,0.0,0.0,0.0,0.0,0.0,0.0,0.0,1.0,0.0,0.0,0.0,0.0,0.0,0.0,0.0,0.0
33,1992-02-14,SZSE:002091,0.0,0.0,0.0,0.0,0.0,0.0,0.0,0.0,0.0,0.0,0.0,0.0,0.0,0.0,0.0,0.0,0.0,0.0,0.0,0.0,0.0,0.0,0.0,0.0,0.0,0.0,0.0,0.0,1.0,0.0,0.0,0.0,0.0,0.0,0.0,0.0,0.0
34,1992-02-17,SZSE:002091,0.0,0.0,0.0,0.0,0.0,0.0,0.0,0.0,0.0,0.0,0.0,0.0,0.0,0.0,0.0,0.0,0.0,0.0,0.0,0.0,0.0,0.0,0.0,0.0,0.0,0.0,0.0,0.0,1.0,0.0,0.0,0.0,0.0,0.0,0.0,0.0,0.0
35,1992-02-18,SZSE:002091,0.0,0.0,0.0,0.0,0.0,0.0,0.0,0.0,0.0,0.0,0.0,0.0,0.0,0.0,0.0,0.0,0.0,0.0,0.0,0.0,0.0,0.0,0.0,0.0,0.0,0.0,0.0,0.0,1.0,0.0,0.0,0.0,0.0,0.0,0.0,0.0,0.0
36,1992-02-19,SZSE:002091,0.0,0.0,0.0,0.0,0.0,0.0,0.0,0.0,0.0,0.0,0.0,0.0,0.0,0.0,0.0,0.0,0.0,0.0,0.0,0.0,0.0,0.0,0.0,0.0,0.0,0.0,0.0,0.0,1.0,0.0,0.0,0.0,0.0,0.0,0.0,0.0,0.0
37,1992-02-20,SZSE:002091,0.0,0.0,0.0,0.0,0.0,0.0,0.0,0.0,0.0,0.0,0.0,0.0,0.0,0.0,0.0,0.0,0.0,0.0,0.0,0.0,0.0,0.0,0.0,0.0,0.0,0.0,0.0,0.0,1.0,0.0,0.0,0.0,0.0,0.0,0.0,0.0,0.0
38,1992-02-21,SZSE:002091,0.0,0.0,0.0,0.0,0.0,0.0,0.0,0.0,0.0,0.0,0.0,0.0,0.0,0.0,0.0,0.0,0.0,0.0,0.0,0.0,0.0,0.0,0.0,0.0,0.0,0.0,0.0,0.0,1.0,0.0,0.0,0.0,0.0,0.0,0.0,0.0,0.0
39,1992-02-24,SZSE:002091,0.0,0.0,0.0,0.0,0.0,0.0,0.0,0.0,0.0,0.0,0.0,0.0,0.0,0.0,0.0,0.0,0.0,0.0,0.0,0.0,0.0,0.0,0.0,0.0,0.0,0.0,0.0,0.0,1.0,0.0,0.0,0.0,0.0,0.0,0.0,0.0,0.0
40,1992-02-25,SZSE:002091,0.0,0.0,0.0,0.0,0.0,0.0,0.0,0.0,0.0,0.0,0.0,0.0,0.0,0.0,0.0,0.0,0.0,0.0,0.0,0.0,0.0,0.0,0.0,0.0,0.0,0.0,0.0,0.0,1.0,0.0,0.0,0.0,0.0,0.0,0.0,0.0,0.0
41,1992-02-26,SZSE:002091,0.0,0.0,0.0,0.0,0.0,0.0,0.0,0.0,0.0,0.0,0.0,0.0,0.0,0.0,0.0,0.0,0.0,0.0,0.0,0.0,0.0,0.0,0.0,0.0,0.0,0.0,0.0,0.0,1.0,0.0,0.0,0.0,0.0,0.0,0.0,0.0,0.0
42,1992-02-27,SZSE:002091,0.0,0.0,0.0,0.0,0.0,0.0,0.0,0.0,0.0,0.0,0.0,0.0,0.0,0.0,0.0,0.0,0.0,0.0,0.0,0.0,0.0,0.0,0.0,0.0,0.0,0.0,0.0,0.0,1.0,0.0,0.0,0.0,0.0,0.0,0.0,0.0,0.0
43,1992-02-28,SZSE:002091,0.0,0.0,0.0,0.0,0.0,0.0,0.0,0.0,0.0,0.0,0.0,0.0,0.0,0.0,0.0,0.0,0.0,0.0,0.0,0.0,0.0,0.0,0.0,0.0,0.0,0.0,0.0,0.0,1.0,0.0,0.0,0.0,0.0,0.0,0.0,0.0,0.0
44,1992-03-02,SZSE:002091,0.0,0.0,0.0,0.0,0.0,0.0,0.0,0.0,0.0,0.0,0.0,0.0,0.0,0.0,0.0,0.0,0.0,0.0,0.0,0.0,0.0,0.0,0.0,0.0,0.0,0.0,0.0,0.0,1.0,0.0,0.0,0.0,0.0,0.0,0.0,0.0,0.0
45,1992-03-03,SZSE:002091,0.0,0.0,0.0,0.0,0.0,0.0,0.0,0.0,0.0,0.0,0.0,0.0,0.0,0.0,0.0,0.0,0.0,0.0,0.0,0.0,0.0,0.0,0.0,0.0,0.0,0.0,0.0,0.0,1.0,0.0,0.0,0.0,0.0,0.0,0.0,0.0,0.0
46,1992-03-04,SZSE:002091,0.0,0.0,0.0,0.0,0.0,0.0,0.0,0.0,0.0,0.0,0.0,0.0,0.0,0.0,0.0,0.0,0.0,0.0,0.0,0.0,0.0,0.0,0.0,0.0,0.0,0.0,0.0,0.0,1.0,0.0,0.0,0.0,0.0,0.0,0.0,0.0,0.0
47,1992-03-05,SZSE:002091,0.0,0.0,0.0,0.0,0.0,0.0,0.0,0.0,0.0,0.0,0.0,0.0,0.0,0.0,0.0,0.0,0.0,0.0,0.0,0.0,0.0,0.0,0.0,0.0,0.0,0.0,0.0,0.0,1.0,0.0,0.0,0.0,0.0,0.0,0.0,0.0,0.0
48,1992-03-06,SZSE:002091,0.0,0.0,0.0,0.0,0.0,0.0,0.0,0.0,0.0,0.0,0.0,0.0,0.0,0.0,0.0,0.0,0.0,0.0,0.0,0.0,0.0,0.0,0.0,0.0,0.0,0.0,0.0,0.0,1.0,0.0,0.0,0.0,0.0,0.0,0.0,0.0,0.0
49,1992-03-09,SZSE:002091,0.0,0.0,0.0,0.0,0.0,0.0,0.0,0.0,0.0,0.0,0.0,0.0,0.0,0.0,0.0,0.0,0.0,0.0,0.0,0.0,0.0,0.0,0.0,0.0,0.0,0.0,0.0,0.0,1.0,0.0,0.0,0.0,0.0,0.0,0.0,0.0,0.0
50,1992-03-10,SZSE:002091,0.0,0.0,0.0,0.0,0.0,0.0,0.0,0.0,0.0,0.0,0.0,0.0,0.0,0.0,0.0,0.0,0.0,0.0,0.0,0.0,0.0,0.0,0.0,0.0,0.0,0.0,0.0,0.0,1.0,0.0,0.0,0.0,0.0,0.0,0.0,0.0,0.0
51,1992-03-11,SZSE:002091,0.0,0.0,0.0,0.0,0.0,0.0,0.0,0.0,0.0,0.0,0.0,0.0,0.0,0.0,0.0,0.0,0.0,0.0,0.0,0.0,0.0,0.0,0.0,0.0,0.0,0.0,0.0,0.0,1.0,0.0,0.0,0.0,0.0,0.0,0.0,0.0,0.0
52,1992-03-12,SZSE:002091,0.0,0.0,0.0,0.0,0.0,0.0,0.0,0.0,0.0,0.0,0.0,0.0,0.0,0.0,0.0,0.0,0.0,0.0,0.0,0.0,0.0,0.0,0.0,0.0,0.0,0.0,0.0,0.0,1.0,0.0,0.0,0.0,0.0,0.0,0.0,0.0,0.0
53,1992-03-13,SZSE:002091,0.0,0.0,0.0,0.0,0.0,0.0,0.0,0.0,0.0,0.0,0.0,0.0,0.0,0.0,0.0,0.0,0.0,0.0,0.0,0.0,0.0,0.0,0.0,0.0,0.0,0.0,0.0,0.0,1.0,0.0,0.0,0.0,0.0,0.0,0.0,0.0,0.0
54,1992-03-16,SZSE:002091,0.0,0.0,0.0,0.0,0.0,0.0,0.0,0.0,0.0,0.0,0.0,0.0,0.0,0.0,0.0,0.0,0.0,0.0,0.0,0.0,0.0,0.0,0.0,0.0,0.0,0.0,0.0,0.0,1.0,0.0,0.0,0.0,0.0,0.0,0.0,0.0,0.0
55,1992-03-17,SZSE:002091,0.0,0.0,0.0,0.0,0.0,0.0,0.0,0.0,0.0,0.0,0.0,0.0,0.0,0.0,0.0,0.0,0.0,0.0,0.0,0.0,0.0,0.0,0.0,0.0,0.0,0.0,0.0,0.0,1.0,0.0,0.0,0.0,0.0,0.0,0.0,0.0,0.0
56,1992-03-18,SZSE:002091,0.0,0.0,0.0,0.0,0.0,0.0,0.0,0.0,0.0,0.0,0.0,0.0,0.0,0.0,0.0,0.0,0.0,0.0,0.0,0.0,0.0,0.0,0.0,0.0,0.0,0.0,0.0,0.0,1.0,0.0,0.0,0.0,0.0,0.0,0.0,0.0,0.0
57,1992-03-19,SZSE:002091,0.0,0.0,0.0,0.0,0.0,0.0,0.0,0.0,0.0,0.0,0.0,0.0,0.0,0.0,0.0,0.0,0.0,0.0,0.0,0.0,0.0,0.0,0.0,0.0,0.0,0.0,0.0,0.0,1.0,0.0,0.0,0.0,0.0,0.0,0.0,0.0,0.0
58,1992-03-20,SZSE:002091,0.0,0.0,0.0,0.0,0.0,0.0,0.0,0.0,0.0,0.0,0.0,0.0,0.0,0.0,0.0,0.0,0.0,0.0,0.0,0.0,0.0,0.0,0.0,0.0,0.0,0.0,0.0,0.0,1.0,0.0,0.0,0.0,0.0,0.0,0.0,0.0,0.0
59,1992-03-23,SZSE:002091,0.0,0.0,0.0,0.0,0.0,0.0,0.0,0.0,0.0,0.0,0.0,0.0,0.0,0.0,0.0,0.0,0.0,0.0,0.0,0.0,0.0,0.0,0.0,0.0,0.0,0.0,0.0,0.0,1.0,0.0,0.0,0.0,0.0,0.0,0.0,0.0,0.0
60,1992-03-24,SZSE:002091,0.0,0.0,0.0,0.0,0.0,0.0,0.0,0.0,0.0,0.0,0.0,0.0,0.0,0.0,0.0,0.0,0.0,0.0,0.0,0.0,0.0,0.0,0.0,0.0,0.0,0.0,0.0,0.0,1.0,0.0,0.0,0.0,0.0,0.0,0.0,0.0,0.0
61,1992-03-25,SZSE:002091,0.0,0.0,0.0,0.0,0.0,0.0,0.0,0.0,0.0,0.0,0.0,0.0,0.0,0.0,0.0,0.0,0.0,0.0,0.0,0.0,0.0,0.0,0.0,0.0,0.0,0.0,0.0,0.0,1.0,0.0,0.0,0.0,0.0,0.0,0.0,0.0,0.0
62,1992-03-26,SZSE:002091,0.0,0.0,0.0,0.0,0.0,0.0,0.0,0.0,0.0,0.0,0.0,0.0,0.0,0.0,0.0,0.0,0.0,0.0,0.0,0.0,0.0,0.0,0.0,0.0,0.0,0.0,0.0,0.0,1.0,0.0,0.0,0.0,0.0,0.0,0.0,0.0,0.0
63,1992-03-27,SZSE:002091,0.0,0.0,0.0,0.0,0.0,0.0,0.0,0.0,0.0,0.0,0.0,0.0,0.0,0.0,0.0,0.0,0.0,0.0,0.0,0.0,0.0,0.0,0.0,0.0,0.0,0.0,0.0,0.0,1.0,0.0,0.0,0.0,0.0,0.0,0.0,0.0,0.0
64,1992-03-30,SZSE:002091,0.0,0.0,0.0,0.0,0.0,0.0,0.0,0.0,0.0,0.0,0.0,0.0,0.0,0.0,0.0,0.0,0.0,0.0,0.0,0.0,0.0,0.0,0.0,0.0,0.0,0.0,0.0,0.0,1.0,0.0,0.0,0.0,0.0,0.0,0.0,0.0,0.0
65,1992-03-31,SZSE:002091,0.0,0.0,0.0,0.0,0.0,0.0,0.0,0.0,0.0,0.0,0.0,0.0,0.0,0.0,0.0,0.0,0.0,0.0,0.0,0.0,0.0,0.0,0.0,0.0,0.0,0.0,0.0,0.0,1.0,0.0,0.0,0.0,0.0,0.0,0.0,0.0,0.0
66,1992-04-01,SZSE:002091,0.0,0.0,0.0,0.0,0.0,0.0,0.0,0.0,0.0,0.0,0.0,0.0,0.0,0.0,0.0,0.0,0.0,0.0,0.0,0.0,0.0,0.0,0.0,0.0,0.0,0.0,0.0,0.0,1.0,0.0,0.0,0.0,0.0,0.0,0.0,0.0,0.0
67,1992-04-02,SZSE:002091,0.0,0.0,0.0,0.0,0.0,0.0,0.0,0.0,0.0,0.0,0.0,0.0,0.0,0.0,0.0,0.0,0.0,0.0,0.0,0.0,0.0,0.0,0.0,0.0,0.0,0.0,0.0,0.0,1.0,0.0,0.0,0.0,0.0,0.0,0.0,0.0,0.0
68,1992-04-03,SZSE:002091,0.0,0.0,0.0,0.0,0.0,0.0,0.0,0.0,0.0,0.0,0.0,0.0,0.0,0.0,0.0,0.0,0.0,0.0,0.0,0.0,0.0,0.0,0.0,0.0,0.0,0.0,0.0,0.0,1.0,0.0,0.0,0.0,0.0,0.0,0.0,0.0,0.0
69,1992-04-06,SZSE:002091,0.0,0.0,0.0,0.0,0.0,0.0,0.0,0.0,0.0,0.0,0.0,0.0,0.0,0.0,0.0,0.0,0.0,0.0,0.0,0.0,0.0,0.0,0.0,0.0,0.0,0.0,0.0,0.0,1.0,0.0,0.0,0.0,0.0,0.0,0.0,0.0,0.0
70,1992-04-07,SZSE:002091,0.0,0.0,0.0,0.0,0.0,0.0,0.0,0.0,0.0,0.0,0.0,0.0,0.0,0.0,0.0,0.0,0.0,0.0,0.0,0.0,0.0,0.0,0.0,0.0,0.0,0.0,0.0,0.0,1.0,0.0,0.0,0.0,0.0,0.0,0.0,0.0,0.0
71,1992-04-08,SZSE:002091,0.0,0.0,0.0,0.0,0.0,0.0,0.0,0.0,0.0,0.0,0.0,0.0,0.0,0.0,0.0,0.0,0.0,0.0,0.0,0.0,0.0,0.0,0.0,0.0,0.0,0.0,0.0,0.0,1.0,0.0,0.0,0.0,0.0,0.0,0.0,0.0,0.0
72,1992-04-09,SZSE:002091,0.0,0.0,0.0,0.0,0.0,0.0,0.0,0.0,0.0,0.0,0.0,0.0,0.0,0.0,0.0,0.0,0.0,0.0,0.0,0.0,0.0,0.0,0.0,0.0,0.0,0.0,0.0,0.0,1.0,0.0,0.0,0.0,0.0,0.0,0.0,0.0,0.0
73,1992-04-10,SZSE:002091,0.0,0.0,0.0,0.0,0.0,0.0,0.0,0.0,0.0,0.0,0.0,0.0,0.0,0.0,0.0,0.0,0.0,0.0,0.0,0.0,0.0,0.0,0.0,0.0,0.0,0.0,0.0,0.0,1.0,0.0,0.0,0.0,0.0,0.0,0.0,0.0,0.0
74,1992-04-13,SZSE:002091,0.0,0.0,0.0,0.0,0.0,0.0,0.0,0.0,0.0,0.0,0.0,0.0,0.0,0.0,0.0,0.0,0.0,0.0,0.0,0.0,0.0,0.0,0.0,0.0,0.0,0.0,0.0,0.0,1.0,0.0,0.0,0.0,0.0,0.0,0.0,0.0,0.0
75,1992-04-14,SZSE:002091,0.0,0.0,0.0,0.0,0.0,0.0,0.0,0.0,0.0,0.0,0.0,0.0,0.0,0.0,0.0,0.0,0.0,0.0,0.0,0.0,0.0,0.0,0.0,0.0,0.0,0.0,0.0,0.0,1.0,0.0,0.0,0.0,0.0,0.0,0.0,0.0,0.0
76,1992-04-15,SZSE:002091,0.0,0.0,0.0,0.0,0.0,0.0,0.0,0.0,0.0,0.0,0.0,0.0,0.0,0.0,0.0,0.0,0.0,0.0,0.0,0.0,0.0,0.0,0.0,0.0,0.0,0.0,0.0,0.0,1.0,0.0,0.0,0.0,0.0,0.0,0.0,0.0,0.0
77,1992-04-16,SZSE:002091,0.0,0.0,0.0,0.0,0.0,0.0,0.0,0.0,0.0,0.0,0.0,0.0,0.0,0.0,0.0,0.0,0.0,0.0,0.0,0.0,0.0,0.0,0.0,0.0,0.0,0.0,0.0,0.0,1.0,0.0,0.0,0.0,0.0,0.0,0.0,0.0,0.0
78,1992-04-17,SZSE:002091,0.0,0.0,0.0,0.0,0.0,0.0,0.0,0.0,0.0,0.0,0.0,0.0,0.0,0.0,0.0,0.0,0.0,0.0,0.0,0.0,0.0,0.0,0.0,0.0,0.0,0.0,0.0,0.0,1.0,0.0,0.0,0.0,0.0,0.0,0.0,0.0,0.0
79,1992-04-20,SZSE:002091,0.0,0.0,0.0,0.0,0.0,0.0,0.0,0.0,0.0,0.0,0.0,0.0,0.0,0.0,0.0,0.0,0.0,0.0,0.0,0.0,0.0,0.0,0.0,0.0,0.0,0.0,0.0,0.0,1.0,0.0,0.0,0.0,0.0,0.0,0.0,0.0,0.0
80,1992-04-21,SZSE:002091,0.0,0.0,0.0,0.0,0.0,0.0,0.0,0.0,0.0,0.0,0.0,0.0,0.0,0.0,0.0,0.0,0.0,0.0,0.0,0.0,0.0,0.0,0.0,0.0,0.0,0.0,0.0,0.0,1.0,0.0,0.0,0.0,0.0,0.0,0.0,0.0,0.0
81,1992-04-22,SZSE:002091,0.0,0.0,0.0,0.0,0.0,0.0,0.0,0.0,0.0,0.0,0.0,0.0,0.0,0.0,0.0,0.0,0.0,0.0,0.0,0.0,0.0,0.0,0.0,0.0,0.0,0.0,0.0,0.0,1.0,0.0,0.0,0.0,0.0,0.0,0.0,0.0,0.0
82,1992-04-23,SZSE:002091,0.0,0.0,0.0,0.0,0.0,0.0,0.0,0.0,0.0,0.0,0.0,0.0,0.0,0.0,0.0,0.0,0.0,0.0,0.0,0.0,0.0,0.0,0.0,0.0,0.0,0.0,0.0,0.0,1.0,0.0,0.0,0.0,0.0,0.0,0.0,0.0,0.0
83,1992-04-24,SZSE:002091,0.0,0.0,0.0,0.0,0.0,0.0,0.0,0.0,0.0,0.0,0.0,0.0,0.0,0.0,0.0,0.0,0.0,0.0,0.0,0.0,0.0,0.0,0.0,0.0,0.0,0.0,0.0,0.0,1.0,0.0,0.0,0.0,0.0,0.0,0.0,0.0,0.0
84,1992-04-27,SZSE:002091,0.0,0.0,0.0,0.0,0.0,0.0,0.0,0.0,0.0,0.0,0.0,0.0,0.0,0.0,0.0,0.0,0.0,0.0,0.0,0.0,0.0,0.0,0.0,0.0,0.0,0.0,0.0,0.0,1.0,0.0,0.0,0.0,0.0,0.0,0.0,0.0,0.0
85,1992-04-28,SZSE:002091,0.0,0.0,0.0,0.0,0.0,0.0,0.0,0.0,0.0,0.0,0.0,0.0,0.0,0.0,0.0,0.0,0.0,0.0,0.0,0.0,0.0,0.0,0.0,0.0,0.0,0.0,0.0,0.0,1.0,0.0,0.0,0.0,0.0,0.0,0.0,0.0,0.0
86,1992-04-29,SZSE:002091,0.0,0.0,0.0,0.0,0.0,0.0,0.0,0.0,0.0,0.0,0.0,0.0,0.0,0.0,0.0,0.0,0.0,0.0,0.0,0.0,0.0,0.0,0.0,0.0,0.0,0.0,0.0,0.0,1.0,0.0,0.0,0.0,0.0,0.0,0.0,0.0,0.0
87,1992-04-30,SZSE:002091,0.0,0.0,0.0,0.0,0.0,0.0,0.0,0.0,0.0,0.0,0.0,0.0,0.0,0.0,0.0,0.0,0.0,0.0,0.0,0.0,0.0,0.0,0.0,0.0,0.0,0.0,0.0,0.0,1.0,0.0,0.0,0.0,0.0,0.0,0.0,0.0,0.0
88,1992-05-01,SZSE:002091,0.0,0.0,0.0,0.0,0.0,0.0,0.0,0.0,0.0,0.0,0.0,0.0,0.0,0.0,0.0,0.0,0.0,0.0,0.0,0.0,0.0,0.0,0.0,0.0,0.0,0.0,0.0,0.0,1.0,0.0,0.0,0.0,0.0,0.0,0.0,0.0,0.0
89,1992-05-04,SZSE:002091,0.0,0.0,0.0,0.0,0.0,0.0,0.0,0.0,0.0,0.0,0.0,0.0,0.0,0.0,0.0,0.0,0.0,0.0,0.0,0.0,0.0,0.0,0.0,0.0,0.0,0.0,0.0,0.0,1.0,0.0,0.0,0.0,0.0,0.0,0.0,0.0,0.0
90,1992-05-05,SZSE:002091,0.0,0.0,0.0,0.0,0.0,0.0,0.0,0.0,0.0,0.0,0.0,0.0,0.0,0.0,0.0,0.0,0.0,0.0,0.0,0.0,0.0,0.0,0.0,0.0,0.0,0.0,0.0,0.0,1.0,0.0,0.0,0.0,0.0,0.0,0.0,0.0,0.0
91,1992-05-06,SZSE:002091,0.0,0.0,0.0,0.0,0.0,0.0,0.0,0.0,0.0,0.0,0.0,0.0,0.0,0.0,0.0,0.0,0.0,0.0,0.0,0.0,0.0,0.0,0.0,0.0,0.0,0.0,0.0,0.0,1.0,0.0,0.0,0.0,0.0,0.0,0.0,0.0,0.0
92,1992-05-07,SZSE:002091,0.0,0.0,0.0,0.0,0.0,0.0,0.0,0.0,0.0,0.0,0.0,0.0,0.0,0.0,0.0,0.0,0.0,0.0,0.0,0.0,0.0,0.0,0.0,0.0,0.0,0.0,0.0,0.0,1.0,0.0,0.0,0.0,0.0,0.0,0.0,0.0,0.0
93,1992-05-08,SZSE:002091,0.0,0.0,0.0,0.0,0.0,0.0,0.0,0.0,0.0,0.0,0.0,0.0,0.0,0.0,0.0,0.0,0.0,0.0,0.0,0.0,0.0,0.0,0.0,0.0,0.0,0.0,0.0,0.0,1.0,0.0,0.0,0.0,0.0,0.0,0.0,0.0,0.0
94,1992-05-11,SZSE:002091,0.0,0.0,0.0,0.0,0.0,0.0,0.0,0.0,0.0,0.0,0.0,0.0,0.0,0.0,0.0,0.0,0.0,0.0,0.0,0.0,0.0,0.0,0.0,0.0,0.0,0.0,0.0,0.0,1.0,0.0,0.0,0.0,0.0,0.0,0.0,0.0,0.0
95,1992-05-12,SZSE:002091,0.0,0.0,0.0,0.0,0.0,0.0,0.0,0.0,0.0,0.0,0.0,0.0,0.0,0.0,0.0,0.0,0.0,0.0,0.0,0.0,0.0,0.0,0.0,0.0,0.0,0.0,0.0,0.0,1.0,0.0,0.0,0.0,0.0,0.0,0.0,0.0,0.0
96,1992-05-13,SZSE:002091,0.0,0.0,0.0,0.0,0.0,0.0,0.0,0.0,0.0,0.0,0.0,0.0,0.0,0.0,0.0,0.0,0.0,0.0,0.0,0.0,0.0,0.0,0.0,0.0,0.0,0.0,0.0,0.0,1.0,0.0,0.0,0.0,0.0,0.0,0.0,0.0,0.0
97,1992-05-14,SZSE:002091,0.0,0.0,0.0,0.0,0.0,0.0,0.0,0.0,0.0,0.0,0.0,0.0,0.0,0.0,0.0,0.0,0.0,0.0,0.0,0.0,0.0,0.0,0.0,0.0,0.0,0.0,0.0,0.0,1.0,0.0,0.0,0.0,0.0,0.0,0.0,0.0,0.0
98,1992-05-15,SZSE:002091,0.0,0.0,0.0,0.0,0.0,0.0,0.0,0.0,0.0,0.0,0.0,0.0,0.0,0.0,0.0,0.0,0.0,0.0,0.0,0.0,0.0,0.0,0.0,0.0,0.0,0.0,0.0,0.0,1.0,0.0,0.0,0.0,0.0,0.0,0.0,0.0,0.0
99,1992-05-18,SZSE:002091,0.0,0.0,0.0,0.0,0.0,0.0,0.0,0.0,0.0,0.0,0.0,0.0,0.0,0.0,0.0,0.0,0.0,0.0,0.0,0.0,0.0,0.0,0.0,0.0,0.0,0.0,0.0,0.0,1.0,0.0,0.0,0.0,0.0,0.0,0.0,0.0,0.0
100,1992-05-19,SZSE:002091,0.0,0.0,0.0,0.0,0.0,0.0,0.0,0.0,0.0,0.0,0.0,0.0,0.0,0.0,0.0,0.0,0.0,0.0,0.0,0.0,0.0,0.0,0.0,0.0,0.0,0.0,0.0,0.0,1.0,0.0,0.0,0.0,0.0,0.0,0.0,0.0,0.0
101,1992-05-20,SZSE:002091,0.0,0.0,0.0,0.0,0.0,0.0,0.0,0.0,0.0,0.0,0.0,0.0,0.0,0.0,0.0,0.0,0.0,0.0,0.0,0.0,0.0,0.0,0.0,0.0,0.0,0.0,0.0,0.0,1.0,0.0,0.0,0.0,0.0,0.0,0.0,0.0,0.0
102,1992-05-21,SZSE:002091,0.0,0.0,0.0,0.0,0.0,0.0,0.0,0.0,0.0,0.0,0.0,0.0,0.0,0.0,0.0,0.0,0.0,0.0,0.0,0.0,0.0,0.0,0.0,0.0,0.0,0.0,0.0,0.0,1.0,0.0,0.0,0.0,0.0,0.0,0.0,0.0,0.0
103,1992-05-22,SZSE:002091,0.0,0.0,0.0,0.0,0.0,0.0,0.0,0.0,0.0,0.0,0.0,0.0,0.0,0.0,0.0,0.0,0.0,0.0,0.0,0.0,0.0,0.0,0.0,0.0,0.0,0.0,0.0,0.0,1.0,0.0,0.0,0.0,0.0,0.0,0.0,0.0,0.0
104,1992-05-25,SZSE:002091,0.0,0.0,0.0,0.0,0.0,0.0,0.0,0.0,0.0,0.0,0.0,0.0,0.0,0.0,0.0,0.0,0.0,0.0,0.0,0.0,0.0,0.0,0.0,0.0,0.0,0.0,0.0,0.0,1.0,0.0,0.0,0.0,0.0,0.0,0.0,0.0,0.0
105,1992-05-26,SZSE:002091,0.0,0.0,0.0,0.0,0.0,0.0,0.0,0.0,0.0,0.0,0.0,0.0,0.0,0.0,0.0,0.0,0.0,0.0,0.0,0.0,0.0,0.0,0.0,0.0,0.0,0.0,0.0,0.0,1.0,0.0,0.0,0.0,0.0,0.0,0.0,0.0,0.0
106,1992-05-27,SZSE:002091,0.0,0.0,0.0,0.0,0.0,0.0,0.0,0.0,0.0,0.0,0.0,0.0,0.0,0.0,0.0,0.0,0.0,0.0,0.0,0.0,0.0,0.0,0.0,0.0,0.0,0.0,0.0,0.0,1.0,0.0,0.0,0.0,0.0,0.0,0.0,0.0,0.0
107,1992-05-28,SZSE:002091,0.0,0.0,0.0,0.0,0.0,0.0,0.0,0.0,0.0,0.0,0.0,0.0,0.0,0.0,0.0,0.0,0.0,0.0,0.0,0.0,0.0,0.0,0.0,0.0,0.0,0.0,0.0,0.0,1.0,0.0,0.0,0.0,0.0,0.0,0.0,0.0,0.0
108,1992-05-29,SZSE:002091,0.0,0.0,0.0,0.0,0.0,0.0,0.0,0.0,0.0,0.0,0.0,0.0,0.0,0.0,0.0,0.0,0.0,0.0,0.0,0.0,0.0,0.0,0.0,0.0,0.0,0.0,0.0,0.0,1.0,0.0,0.0,0.0,0.0,0.0,0.0,0.0,0.0
109,1992-06-01,SZSE:002091,0.0,0.0,0.0,0.0,0.0,0.0,0.0,0.0,0.0,0.0,0.0,0.0,0.0,0.0,0.0,0.0,0.0,0.0,0.0,0.0,0.0,0.0,0.0,0.0,0.0,0.0,0.0,0.0,1.0,0.0,0.0,0.0,0.0,0.0,0.0,0.0,0.0
110,1992-06-02,SZSE:002091,0.0,0.0,0.0,0.0,0.0,0.0,0.0,0.0,0.0,0.0,0.0,0.0,0.0,0.0,0.0,0.0,0.0,0.0,0.0,0.0,0.0,0.0,0.0,0.0,0.0,0.0,0.0,0.0,1.0,0.0,0.0,0.0,0.0,0.0,0.0,0.0,0.0
111,1992-06-03,SZSE:002091,0.0,0.0,0.0,0.0,0.0,0.0,0.0,0.0,0.0,0.0,0.0,0.0,0.0,0.0,0.0,0.0,0.0,0.0,0.0,0.0,0.0,0.0,0.0,0.0,0.0,0.0,0.0,0.0,1.0,0.0,0.0,0.0,0.0,0.0,0.0,0.0,0.0
112,1992-06-04,SZSE:002091,0.0,0.0,0.0,0.0,0.0,0.0,0.0,0.0,0.0,0.0,0.0,0.0,0.0,0.0,0.0,0.0,0.0,0.0,0.0,0.0,0.0,0.0,0.0,0.0,0.0,0.0,0.0,0.0,1.0,0.0,0.0,0.0,0.0,0.0,0.0,0.0,0.0
113,1992-06-05,SZSE:002091,0.0,0.0,0.0,0.0,0.0,0.0,0.0,0.0,0.0,0.0,0.0,0.0,0.0,0.0,0.0,0.0,0.0,0.0,0.0,0.0,0.0,0.0,0.0,0.0,0.0,0.0,0.0,0.0,1.0,0.0,0.0,0.0,0.0,0.0,0.0,0.0,0.0
114,1992-06-08,SZSE:002091,0.0,0.0,0.0,0.0,0.0,0.0,0.0,0.0,0.0,0.0,0.0,0.0,0.0,0.0,0.0,0.0,0.0,0.0,0.0,0.0,0.0,0.0,0.0,0.0,0.0,0.0,0.0,0.0,1.0,0.0,0.0,0.0,0.0,0.0,0.0,0.0,0.0
115,1992-06-09,SZSE:002091,0.0,0.0,0.0,0.0,0.0,0.0,0.0,0.0,0.0,0.0,0.0,0.0,0.0,0.0,0.0,0.0,0.0,0.0,0.0,0.0,0.0,0.0,0.0,0.0,0.0,0.0,0.0,0.0,1.0,0.0,0.0,0.0,0.0,0.0,0.0,0.0,0.0
116,1992-06-10,SZSE:002091,0.0,0.0,0.0,0.0,0.0,0.0,0.0,0.0,0.0,0.0,0.0,0.0,0.0,0.0,0.0,0.0,0.0,0.0,0.0,0.0,0.0,0.0,0.0,0.0,0.0,0.0,0.0,0.0,1.0,0.0,0.0,0.0,0.0,0.0,0.0,0.0,0.0
117,1992-06-11,SZSE:002091,0.0,0.0,0.0,0.0,0.0,0.0,0.0,0.0,0.0,0.0,0.0,0.0,0.0,0.0,0.0,0.0,0.0,0.0,0.0,0.0,0.0,0.0,0.0,0.0,0.0,0.0,0.0,0.0,1.0,0.0,0.0,0.0,0.0,0.0,0.0,0.0,0.0
118,1992-06-12,SZSE:002091,0.0,0.0,0.0,0.0,0.0,0.0,0.0,0.0,0.0,0.0,0.0,0.0,0.0,0.0,0.0,0.0,0.0,0.0,0.0,0.0,0.0,0.0,0.0,0.0,0.0,0.0,0.0,0.0,1.0,0.0,0.0,0.0,0.0,0.0,0.0,0.0,0.0
119,1992-06-15,SZSE:002091,0.0,0.0,0.0,0.0,0.0,0.0,0.0,0.0,0.0,0.0,0.0,0.0,0.0,0.0,0.0,0.0,0.0,0.0,0.0,0.0,0.0,0.0,0.0,0.0,0.0,0.0,0.0,0.0,1.0,0.0,0.0,0.0,0.0,0.0,0.0,0.0,0.0
120,1992-06-16,SZSE:002091,0.0,0.0,0.0,0.0,0.0,0.0,0.0,0.0,0.0,0.0,0.0,0.0,0.0,0.0,0.0,0.0,0.0,0.0,0.0,0.0,0.0,0.0,0.0,0.0,0.0,0.0,0.0,0.0,1.0,0.0,0.0,0.0,0.0,0.0,0.0,0.0,0.0
121,1992-06-17,SZSE:002091,0.0,0.0,0.0,0.0,0.0,0.0,0.0,0.0,0.0,0.0,0.0,0.0,0.0,0.0,0.0,0.0,0.0,0.0,0.0,0.0,0.0,0.0,0.0,0.0,0.0,0.0,0.0,0.0,1.0,0.0,0.0,0.0,0.0,0.0,0.0,0.0,0.0
122,1992-06-18,SZSE:002091,0.0,0.0,0.0,0.0,0.0,0.0,0.0,0.0,0.0,0.0,0.0,0.0,0.0,0.0,0.0,0.0,0.0,0.0,0.0,0.0,0.0,0.0,0.0,0.0,0.0,0.0,0.0,0.0,1.0,0.0,0.0,0.0,0.0,0.0,0.0,0.0,0.0
123,1992-06-19,SZSE:002091,0.0,0.0,0.0,0.0,0.0,0.0,0.0,0.0,0.0,0.0,0.0,0.0,0.0,0.0,0.0,0.0,0.0,0.0,0.0,0.0,0.0,0.0,0.0,0.0,0.0,0.0,0.0,0.0,1.0,0.0,0.0,0.0,0.0,0.0,0.0,0.0,0.0
124,1992-06-22,SZSE:002091,0.0,0.0,0.0,0.0,0.0,0.0,0.0,0.0,0.0,0.0,0.0,0.0,0.0,0.0,0.0,0.0,0.0,0.0,0.0,0.0,0.0,0.0,0.0,0.0,0.0,0.0,0.0,0.0,1.0,0.0,0.0,0.0,0.0,0.0,0.0,0.0,0.0
125,1992-06-23,SZSE:002091,0.0,0.0,0.0,0.0,0.0,0.0,0.0,0.0,0.0,0.0,0.0,0.0,0.0,0.0,0.0,0.0,0.0,0.0,0.0,0.0,0.0,0.0,0.0,0.0,0.0,0.0,0.0,0.0,1.0,0.0,0.0,0.0,0.0,0.0,0.0,0.0,0.0
126,1992-06-24,SZSE:002091,0.0,0.0,0.0,0.0,0.0,0.0,0.0,0.0,0.0,0.0,0.0,0.0,0.0,0.0,0.0,0.0,0.0,0.0,0.0,0.0,0.0,0.0,0.0,0.0,0.0,0.0,0.0,0.0,1.0,0.0,0.0,0.0,0.0,0.0,0.0,0.0,0.0
127,1992-06-25,SZSE:002091,0.0,0.0,0.0,0.0,0.0,0.0,0.0,0.0,0.0,0.0,0.0,0.0,0.0,0.0,0.0,0.0,0.0,0.0,0.0,0.0,0.0,0.0,0.0,0.0,0.0,0.0,0.0,0.0,1.0,0.0,0.0,0.0,0.0,0.0,0.0,0.0,0.0
128,1992-06-26,SZSE:002091,0.0,0.0,0.0,0.0,0.0,0.0,0.0,0.0,0.0,0.0,0.0,0.0,0.0,0.0,0.0,0.0,0.0,0.0,0.0,0.0,0.0,0.0,0.0,0.0,0.0,0.0,0.0,0.0,1.0,0.0,0.0,0.0,0.0,0.0,0.0,0.0,0.0
129,1992-06-29,SZSE:002091,0.0,0.0,0.0,0.0,0.0,0.0,0.0,0.0,0.0,0.0,0.0,0.0,0.0,0.0,0.0,0.0,0.0,0.0,0.0,0.0,0.0,0.0,0.0,0.0,0.0,0.0,0.0,0.0,1.0,0.0,0.0,0.0,0.0,0.0,0.0,0.0,0.0
130,1992-06-30,SZSE:002091,0.0,0.0,0.0,0.0,0.0,0.0,0.0,0.0,0.0,0.0,0.0,0.0,0.0,0.0,0.0,0.0,0.0,0.0,0.0,0.0,0.0,0.0,0.0,0.0,0.0,0.0,0.0,0.0,1.0,0.0,0.0,0.0,0.0,0.0,0.0,0.0,0.0
131,1992-07-01,SZSE:002091,0.0,0.0,0.0,0.0,0.0,0.0,0.0,0.0,0.0,0.0,0.0,0.0,0.0,0.0,0.0,0.0,0.0,0.0,0.0,0.0,0.0,0.0,0.0,0.0,0.0,0.0,0.0,0.0,1.0,0.0,0.0,0.0,0.0,0.0,0.0,0.0,0.0
132,1992-07-02,SZSE:002091,0.0,0.0,0.0,0.0,0.0,0.0,0.0,0.0,0.0,0.0,0.0,0.0,0.0,0.0,0.0,0.0,0.0,0.0,0.0,0.0,0.0,0.0,0.0,0.0,0.0,0.0,0.0,0.0,1.0,0.0,0.0,0.0,0.0,0.0,0.0,0.0,0.0
133,1992-07-03,SZSE:002091,0.0,0.0,0.0,0.0,0.0,0.0,0.0,0.0,0.0,0.0,0.0,0.0,0.0,0.0,0.0,0.0,0.0,0.0,0.0,0.0,0.0,0.0,0.0,0.0,0.0,0.0,0.0,0.0,1.0,0.0,0.0,0.0,0.0,0.0,0.0,0.0,0.0
134,1992-07-06,SZSE:002091,0.0,0.0,0.0,0.0,0.0,0.0,0.0,0.0,0.0,0.0,0.0,0.0,0.0,0.0,0.0,0.0,0.0,0.0,0.0,0.0,0.0,0.0,0.0,0.0,0.0,0.0,0.0,0.0,1.0,0.0,0.0,0.0,0.0,0.0,0.0,0.0,0.0
135,1992-07-07,SZSE:002091,0.0,0.0,0.0,0.0,0.0,0.0,0.0,0.0,0.0,0.0,0.0,0.0,0.0,0.0,0.0,0.0,0.0,0.0,0.0,0.0,0.0,0.0,0.0,0.0,0.0,0.0,0.0,0.0,1.0,0.0,0.0,0.0,0.0,0.0,0.0,0.0,0.0
136,1992-07-08,SZSE:002091,0.0,0.0,0.0,0.0,0.0,0.0,0.0,0.0,0.0,0.0,0.0,0.0,0.0,0.0,0.0,0.0,0.0,0.0,0.0,0.0,0.0,0.0,0.0,0.0,0.0,0.0,0.0,0.0,1.0,0.0,0.0,0.0,0.0,0.0,0.0,0.0,0.0
137,1992-07-09,SZSE:002091,0.0,0.0,0.0,0.0,0.0,0.0,0.0,0.0,0.0,0.0,0.0,0.0,0.0,0.0,0.0,0.0,0.0,0.0,0.0,0.0,0.0,0.0,0.0,0.0,0.0,0.0,0.0,0.0,1.0,0.0,0.0,0.0,0.0,0.0,0.0,0.0,0.0
138,1992-07-10,SZSE:002091,0.0,0.0,0.0,0.0,0.0,0.0,0.0,0.0,0.0,0.0,0.0,0.0,0.0,0.0,0.0,0.0,0.0,0.0,0.0,0.0,0.0,0.0,0.0,0.0,0.0,0.0,0.0,0.0,1.0,0.0,0.0,0.0,0.0,0.0,0.0,0.0,0.0
139,1992-07-13,SZSE:002091,0.0,0.0,0.0,0.0,0.0,0.0,0.0,0.0,0.0,0.0,0.0,0.0,0.0,0.0,0.0,0.0,0.0,0.0,0.0,0.0,0.0,0.0,0.0,0.0,0.0,0.0,0.0,0.0,1.0,0.0,0.0,0.0,0.0,0.0,0.0,0.0,0.0
140,1992-07-14,SZSE:002091,0.0,0.0,0.0,0.0,0.0,0.0,0.0,0.0,0.0,0.0,0.0,0.0,0.0,0.0,0.0,0.0,0.0,0.0,0.0,0.0,0.0,0.0,0.0,0.0,0.0,0.0,0.0,0.0,1.0,0.0,0.0,0.0,0.0,0.0,0.0,0.0,0.0
141,1992-07-15,SZSE:002091,0.0,0.0,0.0,0.0,0.0,0.0,0.0,0.0,0.0,0.0,0.0,0.0,0.0,0.0,0.0,0.0,0.0,0.0,0.0,0.0,0.0,0.0,0.0,0.0,0.0,0.0,0.0,0.0,1.0,0.0,0.0,0.0,0.0,0.0,0.0,0.0,0.0
142,1992-07-16,SZSE:002091,0.0,0.0,0.0,0.0,0.0,0.0,0.0,0.0,0.0,0.0,0.0,0.0,0.0,0.0,0.0,0.0,0.0,0.0,0.0,0.0,0.0,0.0,0.0,0.0,0.0,0.0,0.0,0.0,1.0,0.0,0.0,0.0,0.0,0.0,0.0,0.0,0.0
143,1992-07-17,SZSE:002091,0.0,0.0,0.0,0.0,0.0,0.0,0.0,0.0,0.0,0.0,0.0,0.0,0.0,0.0,0.0,0.0,0.0,0.0,0.0,0.0,0.0,0.0,0.0,0.0,0.0,0.0,0.0,0.0,1.0,0.0,0.0,0.0,0.0,0.0,0.0,0.0,0.0
144,1992-07-20,SZSE:002091,0.0,0.0,0.0,0.0,0.0,0.0,0.0,0.0,0.0,0.0,0.0,0.0,0.0,0.0,0.0,0.0,0.0,0.0,0.0,0.0,0.0,0.0,0.0,0.0,0.0,0.0,0.0,0.0,1.0,0.0,0.0,0.0,0.0,0.0,0.0,0.0,0.0
145,1992-07-21,SZSE:002091,0.0,0.0,0.0,0.0,0.0,0.0,0.0,0.0,0.0,0.0,0.0,0.0,0.0,0.0,0.0,0.0,0.0,0.0,0.0,0.0,0.0,0.0,0.0,0.0,0.0,0.0,0.0,0.0,1.0,0.0,0.0,0.0,0.0,0.0,0.0,0.0,0.0
146,1992-07-22,SZSE:002091,0.0,0.0,0.0,0.0,0.0,0.0,0.0,0.0,0.0,0.0,0.0,0.0,0.0,0.0,0.0,0.0,0.0,0.0,0.0,0.0,0.0,0.0,0.0,0.0,0.0,0.0,0.0,0.0,1.0,0.0,0.0,0.0,0.0,0.0,0.0,0.0,0.0
147,1992-07-23,SZSE:002091,0.0,0.0,0.0,0.0,0.0,0.0,0.0,0.0,0.0,0.0,0.0,0.0,0.0,0.0,0.0,0.0,0.0,0.0,0.0,0.0,0.0,0.0,0.0,0.0,0.0,0.0,0.0,0.0,1.0,0.0,0.0,0.0,0.0,0.0,0.0,0.0,0.0
148,1992-07-24,SZSE:002091,0.0,0.0,0.0,0.0,0.0,0.0,0.0,0.0,0.0,0.0,0.0,0.0,0.0,0.0,0.0,0.0,0.0,0.0,0.0,0.0,0.0,0.0,0.0,0.0,0.0,0.0,0.0,0.0,1.0,0.0,0.0,0.0,0.0,0.0,0.0,0.0,0.0
149,1992-07-27,SZSE:002091,0.0,0.0,0.0,0.0,0.0,0.0,0.0,0.0,0.0,0.0,0.0,0.0,0.0,0.0,0.0,0.0,0.0,0.0,0.0,0.0,0.0,0.0,0.0,0.0,0.0,0.0,0.0,0.0,1.0,0.0,0.0,0.0,0.0,0.0,0.0,0.0,0.0
150,1992-07-28,SZSE:002091,0.0,0.0,0.0,0.0,0.0,0.0,0.0,0.0,0.0,0.0,0.0,0.0,0.0,0.0,0.0,0.0,0.0,0.0,0.0,0.0,0.0,0.0,0.0,0.0,0.0,0.0,0.0,0.0,1.0,0.0,0.0,0.0,0.0,0.0,0.0,0.0,0.0
151,1992-07-29,SZSE:002091,0.0,0.0,0.0,0.0,0.0,0.0,0.0,0.0,0.0,0.0,0.0,0.0,0.0,0.0,0.0,0.0,0.0,0.0,0.0,0.0,0.0,0.0,0.0,0.0,0.0,0.0,0.0,0.0,1.0,0.0,0.0,0.0,0.0,0.0,0.0,0.0,0.0
152,1992-07-30,SZSE:002091,0.0,0.0,0.0,0.0,0.0,0.0,0.0,0.0,0.0,0.0,0.0,0.0,0.0,0.0,0.0,0.0,0.0,0.0,0.0,0.0,0.0,0.0,0.0,0.0,0.0,0.0,0.0,0.0,1.0,0.0,0.0,0.0,0.0,0.0,0.0,0.0,0.0
153,1992-07-31,SZSE:002091,0.0,0.0,0.0,0.0,0.0,0.0,0.0,0.0,0.0,0.0,0.0,0.0,0.0,0.0,0.0,0.0,0.0,0.0,0.0,0.0,0.0,0.0,0.0,0.0,0.0,0.0,0.0,0.0,1.0,0.0,0.0,0.0,0.0,0.0,0.0,0.0,0.0
154,1992-08-03,SZSE:002091,0.0,0.0,0.0,0.0,0.0,0.0,0.0,0.0,0.0,0.0,0.0,0.0,0.0,0.0,0.0,0.0,0.0,0.0,0.0,0.0,0.0,0.0,0.0,0.0,0.0,0.0,0.0,0.0,1.0,0.0,0.0,0.0,0.0,0.0,0.0,0.0,0.0
155,1992-08-04,SZSE:002091,0.0,0.0,0.0,0.0,0.0,0.0,0.0,0.0,0.0,0.0,0.0,0.0,0.0,0.0,0.0,0.0,0.0,0.0,0.0,0.0,0.0,0.0,0.0,0.0,0.0,0.0,0.0,0.0,1.0,0.0,0.0,0.0,0.0,0.0,0.0,0.0,0.0
156,1992-08-05,SZSE:002091,0.0,0.0,0.0,0.0,0.0,0.0,0.0,0.0,0.0,0.0,0.0,0.0,0.0,0.0,0.0,0.0,0.0,0.0,0.0,0.0,0.0,0.0,0.0,0.0,0.0,0.0,0.0,0.0,1.0,0.0,0.0,0.0,0.0,0.0,0.0,0.0,0.0
157,1992-08-06,SZSE:002091,0.0,0.0,0.0,0.0,0.0,0.0,0.0,0.0,0.0,0.0,0.0,0.0,0.0,0.0,0.0,0.0,0.0,0.0,0.0,0.0,0.0,0.0,0.0,0.0,0.0,0.0,0.0,0.0,1.0,0.0,0.0,0.0,0.0,0.0,0.0,0.0,0.0
158,1992-08-07,SZSE:002091,0.0,0.0,0.0,0.0,0.0,0.0,0.0,0.0,0.0,0.0,0.0,0.0,0.0,0.0,0.0,0.0,0.0,0.0,0.0,0.0,0.0,0.0,0.0,0.0,0.0,0.0,0.0,0.0,1.0,0.0,0.0,0.0,0.0,0.0,0.0,0.0,0.0
159,1992-08-10,SZSE:002091,0.0,0.0,0.0,0.0,0.0,0.0,0.0,0.0,0.0,0.0,0.0,0.0,0.0,0.0,0.0,0.0,0.0,0.0,0.0,0.0,0.0,0.0,0.0,0.0,0.0,0.0,0.0,0.0,1.0,0.0,0.0,0.0,0.0,0.0,0.0,0.0,0.0
160,1992-08-11,SZSE:002091,0.0,0.0,0.0,0.0,0.0,0.0,0.0,0.0,0.0,0.0,0.0,0.0,0.0,0.0,0.0,0.0,0.0,0.0,0.0,0.0,0.0,0.0,0.0,0.0,0.0,0.0,0.0,0.0,1.0,0.0,0.0,0.0,0.0,0.0,0.0,0.0,0.0
161,1992-08-12,SZSE:002091,0.0,0.0,0.0,0.0,0.0,0.0,0.0,0.0,0.0,0.0,0.0,0.0,0.0,0.0,0.0,0.0,0.0,0.0,0.0,0.0,0.0,0.0,0.0,0.0,0.0,0.0,0.0,0.0,1.0,0.0,0.0,0.0,0.0,0.0,0.0,0.0,0.0
162,1992-08-13,SZSE:002091,0.0,0.0,0.0,0.0,0.0,0.0,0.0,0.0,0.0,0.0,0.0,0.0,0.0,0.0,0.0,0.0,0.0,0.0,0.0,0.0,0.0,0.0,0.0,0.0,0.0,0.0,0.0,0.0,1.0,0.0,0.0,0.0,0.0,0.0,0.0,0.0,0.0
163,1992-08-14,SZSE:002091,0.0,0.0,0.0,0.0,0.0,0.0,0.0,0.0,0.0,0.0,0.0,0.0,0.0,0.0,0.0,0.0,0.0,0.0,0.0,0.0,0.0,0.0,0.0,0.0,0.0,0.0,0.0,0.0,1.0,0.0,0.0,0.0,0.0,0.0,0.0,0.0,0.0
164,1992-08-17,SZSE:002091,0.0,0.0,0.0,0.0,0.0,0.0,0.0,0.0,0.0,0.0,0.0,0.0,0.0,0.0,0.0,0.0,0.0,0.0,0.0,0.0,0.0,0.0,0.0,0.0,0.0,0.0,0.0,0.0,1.0,0.0,0.0,0.0,0.0,0.0,0.0,0.0,0.0
165,1992-08-18,SZSE:002091,0.0,0.0,0.0,0.0,0.0,0.0,0.0,0.0,0.0,0.0,0.0,0.0,0.0,0.0,0.0,0.0,0.0,0.0,0.0,0.0,0.0,0.0,0.0,0.0,0.0,0.0,0.0,0.0,1.0,0.0,0.0,0.0,0.0,0.0,0.0,0.0,0.0
166,1992-08-19,SZSE:002091,0.0,0.0,0.0,0.0,0.0,0.0,0.0,0.0,0.0,0.0,0.0,0.0,0.0,0.0,0.0,0.0,0.0,0.0,0.0,0.0,0.0,0.0,0.0,0.0,0.0,0.0,0.0,0.0,1.0,0.0,0.0,0.0,0.0,0.0,0.0,0.0,0.0
167,1992-08-20,SZSE:002091,0.0,0.0,0.0,0.0,0.0,0.0,0.0,0.0,0.0,0.0,0.0,0.0,0.0,0.0,0.0,0.0,0.0,0.0,0.0,0.0,0.0,0.0,0.0,0.0,0.0,0.0,0.0,0.0,1.0,0.0,0.0,0.0,0.0,0.0,0.0,0.0,0.0
168,1992-08-21,SZSE:002091,0.0,0.0,0.0,0.0,0.0,0.0,0.0,0.0,0.0,0.0,0.0,0.0,0.0,0.0,0.0,0.0,0.0,0.0,0.0,0.0,0.0,0.0,0.0,0.0,0.0,0.0,0.0,0.0,1.0,0.0,0.0,0.0,0.0,0.0,0.0,0.0,0.0
169,1992-08-24,SZSE:002091,0.0,0.0,0.0,0.0,0.0,0.0,0.0,0.0,0.0,0.0,0.0,0.0,0.0,0.0,0.0,0.0,0.0,0.0,0.0,0.0,0.0,0.0,0.0,0.0,0.0,0.0,0.0,0.0,1.0,0.0,0.0,0.0,0.0,0.0,0.0,0.0,0.0
170,1992-08-25,SZSE:002091,0.0,0.0,0.0,0.0,0.0,0.0,0.0,0.0,0.0,0.0,0.0,0.0,0.0,0.0,0.0,0.0,0.0,0.0,0.0,0.0,0.0,0.0,0.0,0.0,0.0,0.0,0.0,0.0,1.0,0.0,0.0,0.0,0.0,0.0,0.0,0.0,0.0
171,1992-08-26,SZSE:002091,0.0,0.0,0.0,0.0,0.0,0.0,0.0,0.0,0.0,0.0,0.0,0.0,0.0,0.0,0.0,0.0,0.0,0.0,0.0,0.0,0.0,0.0,0.0,0.0,0.0,0.0,0.0,0.0,1.0,0.0,0.0,0.0,0.0,0.0,0.0,0.0,0.0
172,1992-08-27,SZSE:002091,0.0,0.0,0.0,0.0,0.0,0.0,0.0,0.0,0.0,0.0,0.0,0.0,0.0,0.0,0.0,0.0,0.0,0.0,0.0,0.0,0.0,0.0,0.0,0.0,0.0,0.0,0.0,0.0,1.0,0.0,0.0,0.0,0.0,0.0,0.0,0.0,0.0
173,1992-08-28,SZSE:002091,0.0,0.0,0.0,0.0,0.0,0.0,0.0,0.0,0.0,0.0,0.0,0.0,0.0,0.0,0.0,0.0,0.0,0.0,0.0,0.0,0.0,0.0,0.0,0.0,0.0,0.0,0.0,0.0,1.0,0.0,0.0,0.0,0.0,0.0,0.0,0.0,0.0
174,1992-08-31,SZSE:002091,0.0,0.0,0.0,0.0,0.0,0.0,0.0,0.0,0.0,0.0,0.0,0.0,0.0,0.0,0.0,0.0,0.0,0.0,0.0,0.0,0.0,0.0,0.0,0.0,0.0,0.0,0.0,0.0,1.0,0.0,0.0,0.0,0.0,0.0,0.0,0.0,0.0
175,1992-09-01,SZSE:002091,0.0,0.0,0.0,0.0,0.0,0.0,0.0,0.0,0.0,0.0,0.0,0.0,0.0,0.0,0.0,0.0,0.0,0.0,0.0,0.0,0.0,0.0,0.0,0.0,0.0,0.0,0.0,0.0,1.0,0.0,0.0,0.0,0.0,0.0,0.0,0.0,0.0
176,1992-09-02,SZSE:002091,0.0,0.0,0.0,0.0,0.0,0.0,0.0,0.0,0.0,0.0,0.0,0.0,0.0,0.0,0.0,0.0,0.0,0.0,0.0,0.0,0.0,0.0,0.0,0.0,0.0,0.0,0.0,0.0,1.0,0.0,0.0,0.0,0.0,0.0,0.0,0.0,0.0
177,1992-09-03,SZSE:002091,0.0,0.0,0.0,0.0,0.0,0.0,0.0,0.0,0.0,0.0,0.0,0.0,0.0,0.0,0.0,0.0,0.0,0.0,0.0,0.0,0.0,0.0,0.0,0.0,0.0,0.0,0.0,0.0,1.0,0.0,0.0,0.0,0.0,0.0,0.0,0.0,0.0
178,1992-09-04,SZSE:002091,0.0,0.0,0.0,0.0,0.0,0.0,0.0,0.0,0.0,0.0,0.0,0.0,0.0,0.0,0.0,0.0,0.0,0.0,0.0,0.0,0.0,0.0,0.0,0.0,0.0,0.0,0.0,0.0,1.0,0.0,0.0,0.0,0.0,0.0,0.0,0.0,0.0
179,1992-09-07,SZSE:002091,0.0,0.0,0.0,0.0,0.0,0.0,0.0,0.0,0.0,0.0,0.0,0.0,0.0,0.0,0.0,0.0,0.0,0.0,0.0,0.0,0.0,0.0,0.0,0.0,0.0,0.0,0.0,0.0,1.0,0.0,0.0,0.0,0.0,0.0,0.0,0.0,0.0
180,1992-09-08,SZSE:002091,0.0,0.0,0.0,0.0,0.0,0.0,0.0,0.0,0.0,0.0,0.0,0.0,0.0,0.0,0.0,0.0,0.0,0.0,0.0,0.0,0.0,0.0,0.0,0.0,0.0,0.0,0.0,0.0,1.0,0.0,0.0,0.0,0.0,0.0,0.0,0.0,0.0
181,1992-09-09,SZSE:002091,0.0,0.0,0.0,0.0,0.0,0.0,0.0,0.0,0.0,0.0,0.0,0.0,0.0,0.0,0.0,0.0,0.0,0.0,0.0,0.0,0.0,0.0,0.0,0.0,0.0,0.0,0.0,0.0,1.0,0.0,0.0,0.0,0.0,0.0,0.0,0.0,0.0
182,1992-09-10,SZSE:002091,0.0,0.0,0.0,0.0,0.0,0.0,0.0,0.0,0.0,0.0,0.0,0.0,0.0,0.0,0.0,0.0,0.0,0.0,0.0,0.0,0.0,0.0,0.0,0.0,0.0,0.0,0.0,0.0,1.0,0.0,0.0,0.0,0.0,0.0,0.0,0.0,0.0
183,1992-09-11,SZSE:002091,0.0,0.0,0.0,0.0,0.0,0.0,0.0,0.0,0.0,0.0,0.0,0.0,0.0,0.0,0.0,0.0,0.0,0.0,0.0,0.0,0.0,0.0,0.0,0.0,0.0,0.0,0.0,0.0,1.0,0.0,0.0,0.0,0.0,0.0,0.0,0.0,0.0
184,1992-09-14,SZSE:002091,0.0,0.0,0.0,0.0,0.0,0.0,0.0,0.0,0.0,0.0,0.0,0.0,0.0,0.0,0.0,0.0,0.0,0.0,0.0,0.0,0.0,0.0,0.0,0.0,0.0,0.0,0.0,0.0,1.0,0.0,0.0,0.0,0.0,0.0,0.0,0.0,0.0
185,1992-09-15,SZSE:002091,0.0,0.0,0.0,0.0,0.0,0.0,0.0,0.0,0.0,0.0,0.0,0.0,0.0,0.0,0.0,0.0,0.0,0.0,0.0,0.0,0.0,0.0,0.0,0.0,0.0,0.0,0.0,0.0,1.0,0.0,0.0,0.0,0.0,0.0,0.0,0.0,0.0
186,1992-09-16,SZSE:002091,0.0,0.0,0.0,0.0,0.0,0.0,0.0,0.0,0.0,0.0,0.0,0.0,0.0,0.0,0.0,0.0,0.0,0.0,0.0,0.0,0.0,0.0,0.0,0.0,0.0,0.0,0.0,0.0,1.0,0.0,0.0,0.0,0.0,0.0,0.0,0.0,0.0
187,1992-09-17,SZSE:002091,0.0,0.0,0.0,0.0,0.0,0.0,0.0,0.0,0.0,0.0,0.0,0.0,0.0,0.0,0.0,0.0,0.0,0.0,0.0,0.0,0.0,0.0,0.0,0.0,0.0,0.0,0.0,0.0,1.0,0.0,0.0,0.0,0.0,0.0,0.0,0.0,0.0
188,1992-09-18,SZSE:002091,0.0,0.0,0.0,0.0,0.0,0.0,0.0,0.0,0.0,0.0,0.0,0.0,0.0,0.0,0.0,0.0,0.0,0.0,0.0,0.0,0.0,0.0,0.0,0.0,0.0,0.0,0.0,0.0,1.0,0.0,0.0,0.0,0.0,0.0,0.0,0.0,0.0
189,1992-09-21,SZSE:002091,0.0,0.0,0.0,0.0,0.0,0.0,0.0,0.0,0.0,0.0,0.0,0.0,0.0,0.0,0.0,0.0,0.0,0.0,0.0,0.0,0.0,0.0,0.0,0.0,0.0,0.0,0.0,0.0,1.0,0.0,0.0,0.0,0.0,0.0,0.0,0.0,0.0
190,1992-09-22,SZSE:002091,0.0,0.0,0.0,0.0,0.0,0.0,0.0,0.0,0.0,0.0,0.0,0.0,0.0,0.0,0.0,0.0,0.0,0.0,0.0,0.0,0.0,0.0,0.0,0.0,0.0,0.0,0.0,0.0,1.0,0.0,0.0,0.0,0.0,0.0,0.0,0.0,0.0
191,1992-09-23,SZSE:002091,0.0,0.0,0.0,0.0,0.0,0.0,0.0,0.0,0.0,0.0,0.0,0.0,0.0,0.0,0.0,0.0,0.0,0.0,0.0,0.0,0.0,0.0,0.0,0.0,0.0,0.0,0.0,0.0,1.0,0.0,0.0,0.0,0.0,0.0,0.0,0.0,0.0
192,1992-09-24,SZSE:002091,0.0,0.0,0.0,0.0,0.0,0.0,0.0,0.0,0.0,0.0,0.0,0.0,0.0,0.0,0.0,0.0,0.0,0.0,0.0,0.0,0.0,0.0,0.0,0.0,0.0,0.0,0.0,0.0,1.0,0.0,0.0,0.0,0.0,0.0,0.0,0.0,0.0
193,1992-09-25,SZSE:002091,0.0,0.0,0.0,0.0,0.0,0.0,0.0,0.0,0.0,0.0,0.0,0.0,0.0,0.0,0.0,0.0,0.0,0.0,0.0,0.0,0.0,0.0,0.0,0.0,0.0,0.0,0.0,0.0,1.0,0.0,0.0,0.0,0.0,0.0,0.0,0.0,0.0
194,1992-09-28,SZSE:002091,0.0,0.0,0.0,0.0,0.0,0.0,0.0,0.0,0.0,0.0,0.0,0.0,0.0,0.0,0.0,0.0,0.0,0.0,0.0,0.0,0.0,0.0,0.0,0.0,0.0,0.0,0.0,0.0,1.0,0.0,0.0,0.0,0.0,0.0,0.0,0.0,0.0
195,1992-09-29,SZSE:002091,0.0,0.0,0.0,0.0,0.0,0.0,0.0,0.0,0.0,0.0,0.0,0.0,0.0,0.0,0.0,0.0,0.0,0.0,0.0,0.0,0.0,0.0,0.0,0.0,0.0,0.0,0.0,0.0,1.0,0.0,0.0,0.0,0.0,0.0,0.0,0.0,0.0
196,1992-09-30,SZSE:002091,0.0,0.0,0.0,0.0,0.0,0.0,0.0,0.0,0.0,0.0,0.0,0.0,0.0,0.0,0.0,0.0,0.0,0.0,0.0,0.0,0.0,0.0,0.0,0.0,0.0,0.0,0.0,0.0,1.0,0.0,0.0,0.0,0.0,0.0,0.0,0.0,0.0
197,1992-10-01,SZSE:002091,0.0,0.0,0.0,0.0,0.0,0.0,0.0,0.0,0.0,0.0,0.0,0.0,0.0,0.0,0.0,0.0,0.0,0.0,0.0,0.0,0.0,0.0,0.0,0.0,0.0,0.0,0.0,0.0,1.0,0.0,0.0,0.0,0.0,0.0,0.0,0.0,0.0
198,1992-10-02,SZSE:002091,0.0,0.0,0.0,0.0,0.0,0.0,0.0,0.0,0.0,0.0,0.0,0.0,0.0,0.0,0.0,0.0,0.0,0.0,0.0,0.0,0.0,0.0,0.0,0.0,0.0,0.0,0.0,0.0,1.0,0.0,0.0,0.0,0.0,0.0,0.0,0.0,0.0
199,1992-10-05,SZSE:002091,0.0,0.0,0.0,0.0,0.0,0.0,0.0,0.0,0.0,0.0,0.0,0.0,0.0,0.0,0.0,0.0,0.0,0.0,0.0,0.0,0.0,0.0,0.0,0.0,0.0,0.0,0.0,0.0,1.0,0.0,0.0,0.0,0.0,0.0,0.0,0.0,0.0
200,1992-10-06,SZSE:002091,0.0,0.0,0.0,0.0,0.0,0.0,0.0,0.0,0.0,0.0,0.0,0.0,0.0,0.0,0.0,0.0,0.0,0.0,0.0,0.0,0.0,0.0,0.0,0.0,0.0,0.0,0.0,0.0,1.0,0.0,0.0,0.0,0.0,0.0,0.0,0.0,0.0
201,1992-10-07,SZSE:002091,0.0,0.0,0.0,0.0,0.0,0.0,0.0,0.0,0.0,0.0,0.0,0.0,0.0,0.0,0.0,0.0,0.0,0.0,0.0,0.0,0.0,0.0,0.0,0.0,0.0,0.0,0.0,0.0,1.0,0.0,0.0,0.0,0.0,0.0,0.0,0.0,0.0
202,1992-10-08,SZSE:002091,0.0,0.0,0.0,0.0,0.0,0.0,0.0,0.0,0.0,0.0,0.0,0.0,0.0,0.0,0.0,0.0,0.0,0.0,0.0,0.0,0.0,0.0,0.0,0.0,0.0,0.0,0.0,0.0,1.0,0.0,0.0,0.0,0.0,0.0,0.0,0.0,0.0
203,1992-10-09,SZSE:002091,0.0,0.0,0.0,0.0,0.0,0.0,0.0,0.0,0.0,0.0,0.0,0.0,0.0,0.0,0.0,0.0,0.0,0.0,0.0,0.0,0.0,0.0,0.0,0.0,0.0,0.0,0.0,0.0,1.0,0.0,0.0,0.0,0.0,0.0,0.0,0.0,0.0
204,1992-10-12,SZSE:002091,0.0,0.0,0.0,0.0,0.0,0.0,0.0,0.0,0.0,0.0,0.0,0.0,0.0,0.0,0.0,0.0,0.0,0.0,0.0,0.0,0.0,0.0,0.0,0.0,0.0,0.0,0.0,0.0,1.0,0.0,0.0,0.0,0.0,0.0,0.0,0.0,0.0
205,1992-10-13,SZSE:002091,0.0,0.0,0.0,0.0,0.0,0.0,0.0,0.0,0.0,0.0,0.0,0.0,0.0,0.0,0.0,0.0,0.0,0.0,0.0,0.0,0.0,0.0,0.0,0.0,0.0,0.0,0.0,0.0,1.0,0.0,0.0,0.0,0.0,0.0,0.0,0.0,0.0
206,1992-10-14,SZSE:002091,0.0,0.0,0.0,0.0,0.0,0.0,0.0,0.0,0.0,0.0,0.0,0.0,0.0,0.0,0.0,0.0,0.0,0.0,0.0,0.0,0.0,0.0,0.0,0.0,0.0,0.0,0.0,0.0,1.0,0.0,0.0,0.0,0.0,0.0,0.0,0.0,0.0
207,1992-10-15,SZSE:002091,0.0,0.0,0.0,0.0,0.0,0.0,0.0,0.0,0.0,0.0,0.0,0.0,0.0,0.0,0.0,0.0,0.0,0.0,0.0,0.0,0.0,0.0,0.0,0.0,0.0,0.0,0.0,0.0,1.0,0.0,0.0,0.0,0.0,0.0,0.0,0.0,0.0
208,1992-10-16,SZSE:002091,0.0,0.0,0.0,0.0,0.0,0.0,0.0,0.0,0.0,0.0,0.0,0.0,0.0,0.0,0.0,0.0,0.0,0.0,0.0,0.0,0.0,0.0,0.0,0.0,0.0,0.0,0.0,0.0,1.0,0.0,0.0,0.0,0.0,0.0,0.0,0.0,0.0
209,1992-10-19,SZSE:002091,0.0,0.0,0.0,0.0,0.0,0.0,0.0,0.0,0.0,0.0,0.0,0.0,0.0,0.0,0.0,0.0,0.0,0.0,0.0,0.0,0.0,0.0,0.0,0.0,0.0,0.0,0.0,0.0,1.0,0.0,0.0,0.0,0.0,0.0,0.0,0.0,0.0
210,1992-10-20,SZSE:002091,0.0,0.0,0.0,0.0,0.0,0.0,0.0,0.0,0.0,0.0,0.0,0.0,0.0,0.0,0.0,0.0,0.0,0.0,0.0,0.0,0.0,0.0,0.0,0.0,0.0,0.0,0.0,0.0,1.0,0.0,0.0,0.0,0.0,0.0,0.0,0.0,0.0
211,1992-10-21,SZSE:002091,0.0,0.0,0.0,0.0,0.0,0.0,0.0,0.0,0.0,0.0,0.0,0.0,0.0,0.0,0.0,0.0,0.0,0.0,0.0,0.0,0.0,0.0,0.0,0.0,0.0,0.0,0.0,0.0,1.0,0.0,0.0,0.0,0.0,0.0,0.0,0.0,0.0
212,1992-10-22,SZSE:002091,0.0,0.0,0.0,0.0,0.0,0.0,0.0,0.0,0.0,0.0,0.0,0.0,0.0,0.0,0.0,0.0,0.0,0.0,0.0,0.0,0.0,0.0,0.0,0.0,0.0,0.0,0.0,0.0,1.0,0.0,0.0,0.0,0.0,0.0,0.0,0.0,0.0
213,1992-10-23,SZSE:002091,0.0,0.0,0.0,0.0,0.0,0.0,0.0,0.0,0.0,0.0,0.0,0.0,0.0,0.0,0.0,0.0,0.0,0.0,0.0,0.0,0.0,0.0,0.0,0.0,0.0,0.0,0.0,0.0,1.0,0.0,0.0,0.0,0.0,0.0,0.0,0.0,0.0
214,1992-10-26,SZSE:002091,0.0,0.0,0.0,0.0,0.0,0.0,0.0,0.0,0.0,0.0,0.0,0.0,0.0,0.0,0.0,0.0,0.0,0.0,0.0,0.0,0.0,0.0,0.0,0.0,0.0,0.0,0.0,0.0,1.0,0.0,0.0,0.0,0.0,0.0,0.0,0.0,0.0
215,1992-10-27,SZSE:002091,0.0,0.0,0.0,0.0,0.0,0.0,0.0,0.0,0.0,0.0,0.0,0.0,0.0,0.0,0.0,0.0,0.0,0.0,0.0,0.0,0.0,0.0,0.0,0.0,0.0,0.0,0.0,0.0,1.0,0.0,0.0,0.0,0.0,0.0,0.0,0.0,0.0
216,1992-10-28,SZSE:002091,0.0,0.0,0.0,0.0,0.0,0.0,0.0,0.0,0.0,0.0,0.0,0.0,0.0,0.0,0.0,0.0,0.0,0.0,0.0,0.0,0.0,0.0,0.0,0.0,0.0,0.0,0.0,0.0,1.0,0.0,0.0,0.0,0.0,0.0,0.0,0.0,0.0
217,1992-10-29,SZSE:002091,0.0,0.0,0.0,0.0,0.0,0.0,0.0,0.0,0.0,0.0,0.0,0.0,0.0,0.0,0.0,0.0,0.0,0.0,0.0,0.0,0.0,0.0,0.0,0.0,0.0,0.0,0.0,0.0,1.0,0.0,0.0,0.0,0.0,0.0,0.0,0.0,0.0
218,1992-10-30,SZSE:002091,0.0,0.0,0.0,0.0,0.0,0.0,0.0,0.0,0.0,0.0,0.0,0.0,0.0,0.0,0.0,0.0,0.0,0.0,0.0,0.0,0.0,0.0,0.0,0.0,0.0,0.0,0.0,0.0,1.0,0.0,0.0,0.0,0.0,0.0,0.0,0.0,0.0
219,1992-11-02,SZSE:002091,0.0,0.0,0.0,0.0,0.0,0.0,0.0,0.0,0.0,0.0,0.0,0.0,0.0,0.0,0.0,0.0,0.0,0.0,0.0,0.0,0.0,0.0,0.0,0.0,0.0,0.0,0.0,0.0,1.0,0.0,0.0,0.0,0.0,0.0,0.0,0.0,0.0
220,1992-11-03,SZSE:002091,0.0,0.0,0.0,0.0,0.0,0.0,0.0,0.0,0.0,0.0,0.0,0.0,0.0,0.0,0.0,0.0,0.0,0.0,0.0,0.0,0.0,0.0,0.0,0.0,0.0,0.0,0.0,0.0,1.0,0.0,0.0,0.0,0.0,0.0,0.0,0.0,0.0
221,1992-11-04,SZSE:002091,0.0,0.0,0.0,0.0,0.0,0.0,0.0,0.0,0.0,0.0,0.0,0.0,0.0,0.0,0.0,0.0,0.0,0.0,0.0,0.0,0.0,0.0,0.0,0.0,0.0,0.0,0.0,0.0,1.0,0.0,0.0,0.0,0.0,0.0,0.0,0.0,0.0
222,1992-11-05,SZSE:002091,0.0,0.0,0.0,0.0,0.0,0.0,0.0,0.0,0.0,0.0,0.0,0.0,0.0,0.0,0.0,0.0,0.0,0.0,0.0,0.0,0.0,0.0,0.0,0.0,0.0,0.0,0.0,0.0,1.0,0.0,0.0,0.0,0.0,0.0,0.0,0.0,0.0
223,1992-11-06,SZSE:002091,0.0,0.0,0.0,0.0,0.0,0.0,0.0,0.0,0.0,0.0,0.0,0.0,0.0,0.0,0.0,0.0,0.0,0.0,0.0,0.0,0.0,0.0,0.0,0.0,0.0,0.0,0.0,0.0,1.0,0.0,0.0,0.0,0.0,0.0,0.0,0.0,0.0
224,1992-11-09,SZSE:002091,0.0,0.0,0.0,0.0,0.0,0.0,0.0,0.0,0.0,0.0,0.0,0.0,0.0,0.0,0.0,0.0,0.0,0.0,0.0,0.0,0.0,0.0,0.0,0.0,0.0,0.0,0.0,0.0,1.0,0.0,0.0,0.0,0.0,0.0,0.0,0.0,0.0
225,1992-11-10,SZSE:002091,0.0,0.0,0.0,0.0,0.0,0.0,0.0,0.0,0.0,0.0,0.0,0.0,0.0,0.0,0.0,0.0,0.0,0.0,0.0,0.0,0.0,0.0,0.0,0.0,0.0,0.0,0.0,0.0,1.0,0.0,0.0,0.0,0.0,0.0,0.0,0.0,0.0
226,1992-11-11,SZSE:002091,0.0,0.0,0.0,0.0,0.0,0.0,0.0,0.0,0.0,0.0,0.0,0.0,0.0,0.0,0.0,0.0,0.0,0.0,0.0,0.0,0.0,0.0,0.0,0.0,0.0,0.0,0.0,0.0,1.0,0.0,0.0,0.0,0.0,0.0,0.0,0.0,0.0
227,1992-11-12,SZSE:002091,0.0,0.0,0.0,0.0,0.0,0.0,0.0,0.0,0.0,0.0,0.0,0.0,0.0,0.0,0.0,0.0,0.0,0.0,0.0,0.0,0.0,0.0,0.0,0.0,0.0,0.0,0.0,0.0,1.0,0.0,0.0,0.0,0.0,0.0,0.0,0.0,0.0
228,1992-11-13,SZSE:002091,0.0,0.0,0.0,0.0,0.0,0.0,0.0,0.0,0.0,0.0,0.0,0.0,0.0,0.0,0.0,0.0,0.0,0.0,0.0,0.0,0.0,0.0,0.0,0.0,0.0,0.0,0.0,0.0,1.0,0.0,0.0,0.0,0.0,0.0,0.0,0.0,0.0
229,1992-11-16,SZSE:002091,0.0,0.0,0.0,0.0,0.0,0.0,0.0,0.0,0.0,0.0,0.0,0.0,0.0,0.0,0.0,0.0,0.0,0.0,0.0,0.0,0.0,0.0,0.0,0.0,0.0,0.0,0.0,0.0,1.0,0.0,0.0,0.0,0.0,0.0,0.0,0.0,0.0
230,1992-11-17,SZSE:002091,0.0,0.0,0.0,0.0,0.0,0.0,0.0,0.0,0.0,0.0,0.0,0.0,0.0,0.0,0.0,0.0,0.0,0.0,0.0,0.0,0.0,0.0,0.0,0.0,0.0,0.0,0.0,0.0,1.0,0.0,0.0,0.0,0.0,0.0,0.0,0.0,0.0
231,1992-11-18,SZSE:002091,0.0,0.0,0.0,0.0,0.0,0.0,0.0,0.0,0.0,0.0,0.0,0.0,0.0,0.0,0.0,0.0,0.0,0.0,0.0,0.0,0.0,0.0,0.0,0.0,0.0,0.0,0.0,0.0,1.0,0.0,0.0,0.0,0.0,0.0,0.0,0.0,0.0
232,1992-11-19,SZSE:002091,0.0,0.0,0.0,0.0,0.0,0.0,0.0,0.0,0.0,0.0,0.0,0.0,0.0,0.0,0.0,0.0,0.0,0.0,0.0,0.0,0.0,0.0,0.0,0.0,0.0,0.0,0.0,0.0,1.0,0.0,0.0,0.0,0.0,0.0,0.0,0.0,0.0
233,1992-11-20,SZSE:002091,0.0,0.0,0.0,0.0,0.0,0.0,0.0,0.0,0.0,0.0,0.0,0.0,0.0,0.0,0.0,0.0,0.0,0.0,0.0,0.0,0.0,0.0,0.0,0.0,0.0,0.0,0.0,0.0,1.0,0.0,0.0,0.0,0.0,0.0,0.0,0.0,0.0
234,1992-11-23,SZSE:002091,0.0,0.0,0.0,0.0,0.0,0.0,0.0,0.0,0.0,0.0,0.0,0.0,0.0,0.0,0.0,0.0,0.0,0.0,0.0,0.0,0.0,0.0,0.0,0.0,0.0,0.0,0.0,0.0,1.0,0.0,0.0,0.0,0.0,0.0,0.0,0.0,0.0
235,1992-11-24,SZSE:002091,0.0,0.0,0.0,0.0,0.0,0.0,0.0,0.0,0.0,0.0,0.0,0.0,0.0,0.0,0.0,0.0,0.0,0.0,0.0,0.0,0.0,0.0,0.0,0.0,0.0,0.0,0.0,0.0,1.0,0.0,0.0,0.0,0.0,0.0,0.0,0.0,0.0
236,1992-11-25,SZSE:002091,0.0,0.0,0.0,0.0,0.0,0.0,0.0,0.0,0.0,0.0,0.0,0.0,0.0,0.0,0.0,0.0,0.0,0.0,0.0,0.0,0.0,0.0,0.0,0.0,0.0,0.0,0.0,0.0,1.0,0.0,0.0,0.0,0.0,0.0,0.0,0.0,0.0
237,1992-11-26,SZSE:002091,0.0,0.0,0.0,0.0,0.0,0.0,0.0,0.0,0.0,0.0,0.0,0.0,0.0,0.0,0.0,0.0,0.0,0.0,0.0,0.0,0.0,0.0,0.0,0.0,0.0,0.0,0.0,0.0,1.0,0.0,0.0,0.0,0.0,0.0,0.0,0.0,0.0
238,1992-11-27,SZSE:002091,0.0,0.0,0.0,0.0,0.0,0.0,0.0,0.0,0.0,0.0,0.0,0.0,0.0,0.0,0.0,0.0,0.0,0.0,0.0,0.0,0.0,0.0,0.0,0.0,0.0,0.0,0.0,0.0,1.0,0.0,0.0,0.0,0.0,0.0,0.0,0.0,0.0
239,1992-11-30,SZSE:002091,0.0,0.0,0.0,0.0,0.0,0.0,0.0,0.0,0.0,0.0,0.0,0.0,0.0,0.0,0.0,0.0,0.0,0.0,0.0,0.0,0.0,0.0,0.0,0.0,0.0,0.0,0.0,0.0,1.0,0.0,0.0,0.0,0.0,0.0,0.0,0.0,0.0
240,1992-12-01,SZSE:002091,0.0,0.0,0.0,0.0,0.0,0.0,0.0,0.0,0.0,0.0,0.0,0.0,0.0,0.0,0.0,0.0,0.0,0.0,0.0,0.0,0.0,0.0,0.0,0.0,0.0,0.0,0.0,0.0,1.0,0.0,0.0,0.0,0.0,0.0,0.0,0.0,0.0
241,1992-12-02,SZSE:002091,0.0,0.0,0.0,0.0,0.0,0.0,0.0,0.0,0.0,0.0,0.0,0.0,0.0,0.0,0.0,0.0,0.0,0.0,0.0,0.0,0.0,0.0,0.0,0.0,0.0,0.0,0.0,0.0,1.0,0.0,0.0,0.0,0.0,0.0,0.0,0.0,0.0
242,1992-12-03,SZSE:002091,0.0,0.0,0.0,0.0,0.0,0.0,0.0,0.0,0.0,0.0,0.0,0.0,0.0,0.0,0.0,0.0,0.0,0.0,0.0,0.0,0.0,0.0,0.0,0.0,0.0,0.0,0.0,0.0,1.0,0.0,0.0,0.0,0.0,0.0,0.0,0.0,0.0
243,1992-12-04,SZSE:002091,0.0,0.0,0.0,0.0,0.0,0.0,0.0,0.0,0.0,0.0,0.0,0.0,0.0,0.0,0.0,0.0,0.0,0.0,0.0,0.0,0.0,0.0,0.0,0.0,0.0,0.0,0.0,0.0,1.0,0.0,0.0,0.0,0.0,0.0,0.0,0.0,0.0
244,1992-12-07,SZSE:002091,0.0,0.0,0.0,0.0,0.0,0.0,0.0,0.0,0.0,0.0,0.0,0.0,0.0,0.0,0.0,0.0,0.0,0.0,0.0,0.0,0.0,0.0,0.0,0.0,0.0,0.0,0.0,0.0,1.0,0.0,0.0,0.0,0.0,0.0,0.0,0.0,0.0
245,1992-12-08,SZSE:002091,0.0,0.0,0.0,0.0,0.0,0.0,0.0,0.0,0.0,0.0,0.0,0.0,0.0,0.0,0.0,0.0,0.0,0.0,0.0,0.0,0.0,0.0,0.0,0.0,0.0,0.0,0.0,0.0,1.0,0.0,0.0,0.0,0.0,0.0,0.0,0.0,0.0
246,1992-12-09,SZSE:002091,0.0,0.0,0.0,0.0,0.0,0.0,0.0,0.0,0.0,0.0,0.0,0.0,0.0,0.0,0.0,0.0,0.0,0.0,0.0,0.0,0.0,0.0,0.0,0.0,0.0,0.0,0.0,0.0,1.0,0.0,0.0,0.0,0.0,0.0,0.0,0.0,0.0
247,1992-12-10,SZSE:002091,0.0,0.0,0.0,0.0,0.0,0.0,0.0,0.0,0.0,0.0,0.0,0.0,0.0,0.0,0.0,0.0,0.0,0.0,0.0,0.0,0.0,0.0,0.0,0.0,0.0,0.0,0.0,0.0,1.0,0.0,0.0,0.0,0.0,0.0,0.0,0.0,0.0
248,1992-12-11,SZSE:002091,0.0,0.0,0.0,0.0,0.0,0.0,0.0,0.0,0.0,0.0,0.0,0.0,0.0,0.0,0.0,0.0,0.0,0.0,0.0,0.0,0.0,0.0,0.0,0.0,0.0,0.0,0.0,0.0,1.0,0.0,0.0,0.0,0.0,0.0,0.0,0.0,0.0
249,1992-12-14,SZSE:002091,0.0,0.0,0.0,0.0,0.0,0.0,0.0,0.0,0.0,0.0,0.0,0.0,0.0,0.0,0.0,0.0,0.0,0.0,0.0,0.0,0.0,0.0,0.0,0.0,0.0,0.0,0.0,0.0,1.0,0.0,0.0,0.0,0.0,0.0,0.0,0.0,0.0
250,1992-12-15,SZSE:002091,0.0,0.0,0.0,0.0,0.0,0.0,0.0,0.0,0.0,0.0,0.0,0.0,0.0,0.0,0.0,0.0,0.0,0.0,0.0,0.0,0.0,0.0,0.0,0.0,0.0,0.0,0.0,0.0,1.0,0.0,0.0,0.0,0.0,0.0,0.0,0.0,0.0
251,1992-12-16,SZSE:002091,0.0,0.0,0.0,0.0,0.0,0.0,0.0,0.0,0.0,0.0,0.0,0.0,0.0,0.0,0.0,0.0,0.0,0.0,0.0,0.0,0.0,0.0,0.0,0.0,0.0,0.0,0.0,0.0,1.0,0.0,0.0,0.0,0.0,0.0,0.0,0.0,0.0
252,1992-12-17,SZSE:002091,0.0,0.0,0.0,0.0,0.0,0.0,0.0,0.0,0.0,0.0,0.0,0.0,0.0,0.0,0.0,0.0,0.0,0.0,0.0,0.0,0.0,0.0,0.0,0.0,0.0,0.0,0.0,0.0,1.0,0.0,0.0,0.0,0.0,0.0,0.0,0.0,0.0
253,1992-12-18,SZSE:002091,0.0,0.0,0.0,0.0,0.0,0.0,0.0,0.0,0.0,0.0,0.0,0.0,0.0,0.0,0.0,0.0,0.0,0.0,0.0,0.0,0.0,0.0,0.0,0.0,0.0,0.0,0.0,0.0,1.0,0.0,0.0,0.0,0.0,0.0,0.0,0.0,0.0
254,1992-12-21,SZSE:002091,0.0,0.0,0.0,0.0,0.0,0.0,0.0,0.0,0.0,0.0,0.0,0.0,0.0,0.0,0.0,0.0,0.0,0.0,0.0,0.0,0.0,0.0,0.0,0.0,0.0,0.0,0.0,0.0,1.0,0.0,0.0,0.0,0.0,0.0,0.0,0.0,0.0
255,1992-12-22,SZSE:002091,0.0,0.0,0.0,0.0,0.0,0.0,0.0,0.0,0.0,0.0,0.0,0.0,0.0,0.0,0.0,0.0,0.0,0.0,0.0,0.0,0.0,0.0,0.0,0.0,0.0,0.0,0.0,0.0,1.0,0.0,0.0,0.0,0.0,0.0,0.0,0.0,0.0
256,1992-12-23,SZSE:002091,0.0,0.0,0.0,0.0,0.0,0.0,0.0,0.0,0.0,0.0,0.0,0.0,0.0,0.0,0.0,0.0,0.0,0.0,0.0,0.0,0.0,0.0,0.0,0.0,0.0,0.0,0.0,0.0,1.0,0.0,0.0,0.0,0.0,0.0,0.0,0.0,0.0
257,1992-12-24,SZSE:002091,0.0,0.0,0.0,0.0,0.0,0.0,0.0,0.0,0.0,0.0,0.0,0.0,0.0,0.0,0.0,0.0,0.0,0.0,0.0,0.0,0.0,0.0,0.0,0.0,0.0,0.0,0.0,0.0,1.0,0.0,0.0,0.0,0.0,0.0,0.0,0.0,0.0
258,1992-12-25,SZSE:002091,0.0,0.0,0.0,0.0,0.0,0.0,0.0,0.0,0.0,0.0,0.0,0.0,0.0,0.0,0.0,0.0,0.0,0.0,0.0,0.0,0.0,0.0,0.0,0.0,0.0,0.0,0.0,0.0,1.0,0.0,0.0,0.0,0.0,0.0,0.0,0.0,0.0
259,1992-12-28,SZSE:002091,0.0,0.0,0.0,0.0,0.0,0.0,0.0,0.0,0.0,0.0,0.0,0.0,0.0,0.0,0.0,0.0,0.0,0.0,0.0,0.0,0.0,0.0,0.0,0.0,0.0,0.0,0.0,0.0,1.0,0.0,0.0,0.0,0.0,0.0,0.0,0.0,0.0
260,1992-12-29,SZSE:002091,0.0,0.0,0.0,0.0,0.0,0.0,0.0,0.0,0.0,0.0,0.0,0.0,0.0,0.0,0.0,0.0,0.0,0.0,0.0,0.0,0.0,0.0,0.0,0.0,0.0,0.0,0.0,0.0,1.0,0.0,0.0,0.0,0.0,0.0,0.0,0.0,0.0
261,1992-12-30,SZSE:002091,0.0,0.0,0.0,0.0,0.0,0.0,0.0,0.0,0.0,0.0,0.0,0.0,0.0,0.0,0.0,0.0,0.0,0.0,0.0,0.0,0.0,0.0,0.0,0.0,0.0,0.0,0.0,0.0,1.0,0.0,0.0,0.0,0.0,0.0,0.0,0.0,0.0
262,1992-12-31,SZSE:002091,0.0,0.0,0.0,0.0,0.0,0.0,0.0,0.0,0.0,0.0,0.0,0.0,0.0,0.0,0.0,0.0,0.0,0.0,0.0,0.0,0.0,0.0,0.0,0.0,0.0,0.0,0.0,0.0,1.0,0.0,0.0,0.0,0.0,0.0,0.0,0.0,0.0
263,1993-01-01,SZSE:002091,0.0,0.0,0.0,0.0,0.0,0.0,0.0,0.0,0.0,0.0,0.0,0.0,0.0,0.0,0.0,0.0,0.0,0.0,0.0,0.0,0.0,0.0,0.0,0.0,0.0,0.0,0.0,0.0,1.0,0.0,0.0,0.0,0.0,0.0,0.0,0.0,0.0
264,1993-01-04,SZSE:002091,0.0,0.0,0.0,0.0,0.0,0.0,0.0,0.0,0.0,0.0,0.0,0.0,0.0,0.0,0.0,0.0,0.0,0.0,0.0,0.0,0.0,0.0,0.0,0.0,0.0,0.0,0.0,0.0,1.0,0.0,0.0,0.0,0.0,0.0,0.0,0.0,0.0
265,1993-01-05,SZSE:002091,0.0,0.0,0.0,0.0,0.0,0.0,0.0,0.0,0.0,0.0,0.0,0.0,0.0,0.0,0.0,0.0,0.0,0.0,0.0,0.0,0.0,0.0,0.0,0.0,0.0,0.0,0.0,0.0,1.0,0.0,0.0,0.0,0.0,0.0,0.0,0.0,0.0
266,1993-01-06,SZSE:002091,0.0,0.0,0.0,0.0,0.0,0.0,0.0,0.0,0.0,0.0,0.0,0.0,0.0,0.0,0.0,0.0,0.0,0.0,0.0,0.0,0.0,0.0,0.0,0.0,0.0,0.0,0.0,0.0,1.0,0.0,0.0,0.0,0.0,0.0,0.0,0.0,0.0
267,1993-01-07,SZSE:002091,0.0,0.0,0.0,0.0,0.0,0.0,0.0,0.0,0.0,0.0,0.0,0.0,0.0,0.0,0.0,0.0,0.0,0.0,0.0,0.0,0.0,0.0,0.0,0.0,0.0,0.0,0.0,0.0,1.0,0.0,0.0,0.0,0.0,0.0,0.0,0.0,0.0
268,1993-01-08,SZSE:002091,0.0,0.0,0.0,0.0,0.0,0.0,0.0,0.0,0.0,0.0,0.0,0.0,0.0,0.0,0.0,0.0,0.0,0.0,0.0,0.0,0.0,0.0,0.0,0.0,0.0,0.0,0.0,0.0,1.0,0.0,0.0,0.0,0.0,0.0,0.0,0.0,0.0
269,1993-01-11,SZSE:002091,0.0,0.0,0.0,0.0,0.0,0.0,0.0,0.0,0.0,0.0,0.0,0.0,0.0,0.0,0.0,0.0,0.0,0.0,0.0,0.0,0.0,0.0,0.0,0.0,0.0,0.0,0.0,0.0,1.0,0.0,0.0,0.0,0.0,0.0,0.0,0.0,0.0
270,1993-01-12,SZSE:002091,0.0,0.0,0.0,0.0,0.0,0.0,0.0,0.0,0.0,0.0,0.0,0.0,0.0,0.0,0.0,0.0,0.0,0.0,0.0,0.0,0.0,0.0,0.0,0.0,0.0,0.0,0.0,0.0,1.0,0.0,0.0,0.0,0.0,0.0,0.0,0.0,0.0
271,1993-01-13,SZSE:002091,0.0,0.0,0.0,0.0,0.0,0.0,0.0,0.0,0.0,0.0,0.0,0.0,0.0,0.0,0.0,0.0,0.0,0.0,0.0,0.0,0.0,0.0,0.0,0.0,0.0,0.0,0.0,0.0,1.0,0.0,0.0,0.0,0.0,0.0,0.0,0.0,0.0
272,1993-01-14,SZSE:002091,0.0,0.0,0.0,0.0,0.0,0.0,0.0,0.0,0.0,0.0,0.0,0.0,0.0,0.0,0.0,0.0,0.0,0.0,0.0,0.0,0.0,0.0,0.0,0.0,0.0,0.0,0.0,0.0,1.0,0.0,0.0,0.0,0.0,0.0,0.0,0.0,0.0
273,1993-01-15,SZSE:002091,0.0,0.0,0.0,0.0,0.0,0.0,0.0,0.0,0.0,0.0,0.0,0.0,0.0,0.0,0.0,0.0,0.0,0.0,0.0,0.0,0.0,0.0,0.0,0.0,0.0,0.0,0.0,0.0,1.0,0.0,0.0,0.0,0.0,0.0,0.0,0.0,0.0
274,1993-01-18,SZSE:002091,0.0,0.0,0.0,0.0,0.0,0.0,0.0,0.0,0.0,0.0,0.0,0.0,0.0,0.0,0.0,0.0,0.0,0.0,0.0,0.0,0.0,0.0,0.0,0.0,0.0,0.0,0.0,0.0,1.0,0.0,0.0,0.0,0.0,0.0,0.0,0.0,0.0
275,1993-01-19,SZSE:002091,0.0,0.0,0.0,0.0,0.0,0.0,0.0,0.0,0.0,0.0,0.0,0.0,0.0,0.0,0.0,0.0,0.0,0.0,0.0,0.0,0.0,0.0,0.0,0.0,0.0,0.0,0.0,0.0,1.0,0.0,0.0,0.0,0.0,0.0,0.0,0.0,0.0
276,1993-01-20,SZSE:002091,0.0,0.0,0.0,0.0,0.0,0.0,0.0,0.0,0.0,0.0,0.0,0.0,0.0,0.0,0.0,0.0,0.0,0.0,0.0,0.0,0.0,0.0,0.0,0.0,0.0,0.0,0.0,0.0,1.0,0.0,0.0,0.0,0.0,0.0,0.0,0.0,0.0
277,1993-01-21,SZSE:002091,0.0,0.0,0.0,0.0,0.0,0.0,0.0,0.0,0.0,0.0,0.0,0.0,0.0,0.0,0.0,0.0,0.0,0.0,0.0,0.0,0.0,0.0,0.0,0.0,0.0,0.0,0.0,0.0,1.0,0.0,0.0,0.0,0.0,0.0,0.0,0.0,0.0
278,1993-01-22,SZSE:002091,0.0,0.0,0.0,0.0,0.0,0.0,0.0,0.0,0.0,0.0,0.0,0.0,0.0,0.0,0.0,0.0,0.0,0.0,0.0,0.0,0.0,0.0,0.0,0.0,0.0,0.0,0.0,0.0,1.0,0.0,0.0,0.0,0.0,0.0,0.0,0.0,0.0
279,1993-01-25,SZSE:002091,0.0,0.0,0.0,0.0,0.0,0.0,0.0,0.0,0.0,0.0,0.0,0.0,0.0,0.0,0.0,0.0,0.0,0.0,0.0,0.0,0.0,0.0,0.0,0.0,0.0,0.0,0.0,0.0,1.0,0.0,0.0,0.0,0.0,0.0,0.0,0.0,0.0
280,1993-01-26,SZSE:002091,0.0,0.0,0.0,0.0,0.0,0.0,0.0,0.0,0.0,0.0,0.0,0.0,0.0,0.0,0.0,0.0,0.0,0.0,0.0,0.0,0.0,0.0,0.0,0.0,0.0,0.0,0.0,0.0,1.0,0.0,0.0,0.0,0.0,0.0,0.0,0.0,0.0
281,1993-01-27,SZSE:002091,0.0,0.0,0.0,0.0,0.0,0.0,0.0,0.0,0.0,0.0,0.0,0.0,0.0,0.0,0.0,0.0,0.0,0.0,0.0,0.0,0.0,0.0,0.0,0.0,0.0,0.0,0.0,0.0,1.0,0.0,0.0,0.0,0.0,0.0,0.0,0.0,0.0
282,1993-01-28,SZSE:002091,0.0,0.0,0.0,0.0,0.0,0.0,0.0,0.0,0.0,0.0,0.0,0.0,0.0,0.0,0.0,0.0,0.0,0.0,0.0,0.0,0.0,0.0,0.0,0.0,0.0,0.0,0.0,0.0,1.0,0.0,0.0,0.0,0.0,0.0,0.0,0.0,0.0
283,1993-01-29,SZSE:002091,0.0,0.0,0.0,0.0,0.0,0.0,0.0,0.0,0.0,0.0,0.0,0.0,0.0,0.0,0.0,0.0,0.0,0.0,0.0,0.0,0.0,0.0,0.0,0.0,0.0,0.0,0.0,0.0,1.0,0.0,0.0,0.0,0.0,0.0,0.0,0.0,0.0
284,1993-02-01,SZSE:002091,0.0,0.0,0.0,0.0,0.0,0.0,0.0,0.0,0.0,0.0,0.0,0.0,0.0,0.0,0.0,0.0,0.0,0.0,0.0,0.0,0.0,0.0,0.0,0.0,0.0,0.0,0.0,0.0,1.0,0.0,0.0,0.0,0.0,0.0,0.0,0.0,0.0
285,1993-02-02,SZSE:002091,0.0,0.0,0.0,0.0,0.0,0.0,0.0,0.0,0.0,0.0,0.0,0.0,0.0,0.0,0.0,0.0,0.0,0.0,0.0,0.0,0.0,0.0,0.0,0.0,0.0,0.0,0.0,0.0,1.0,0.0,0.0,0.0,0.0,0.0,0.0,0.0,0.0
286,1993-02-03,SZSE:002091,0.0,0.0,0.0,0.0,0.0,0.0,0.0,0.0,0.0,0.0,0.0,0.0,0.0,0.0,0.0,0.0,0.0,0.0,0.0,0.0,0.0,0.0,0.0,0.0,0.0,0.0,0.0,0.0,1.0,0.0,0.0,0.0,0.0,0.0,0.0,0.0,0.0
287,1993-02-04,SZSE:002091,0.0,0.0,0.0,0.0,0.0,0.0,0.0,0.0,0.0,0.0,0.0,0.0,0.0,0.0,0.0,0.0,0.0,0.0,0.0,0.0,0.0,0.0,0.0,0.0,0.0,0.0,0.0,0.0,1.0,0.0,0.0,0.0,0.0,0.0,0.0,0.0,0.0
288,1993-02-05,SZSE:002091,0.0,0.0,0.0,0.0,0.0,0.0,0.0,0.0,0.0,0.0,0.0,0.0,0.0,0.0,0.0,0.0,0.0,0.0,0.0,0.0,0.0,0.0,0.0,0.0,0.0,0.0,0.0,0.0,1.0,0.0,0.0,0.0,0.0,0.0,0.0,0.0,0.0
289,1993-02-08,SZSE:002091,0.0,0.0,0.0,0.0,0.0,0.0,0.0,0.0,0.0,0.0,0.0,0.0,0.0,0.0,0.0,0.0,0.0,0.0,0.0,0.0,0.0,0.0,0.0,0.0,0.0,0.0,0.0,0.0,1.0,0.0,0.0,0.0,0.0,0.0,0.0,0.0,0.0
290,1993-02-09,SZSE:002091,0.0,0.0,0.0,0.0,0.0,0.0,0.0,0.0,0.0,0.0,0.0,0.0,0.0,0.0,0.0,0.0,0.0,0.0,0.0,0.0,0.0,0.0,0.0,0.0,0.0,0.0,0.0,0.0,1.0,0.0,0.0,0.0,0.0,0.0,0.0,0.0,0.0
291,1993-02-10,SZSE:002091,0.0,0.0,0.0,0.0,0.0,0.0,0.0,0.0,0.0,0.0,0.0,0.0,0.0,0.0,0.0,0.0,0.0,0.0,0.0,0.0,0.0,0.0,0.0,0.0,0.0,0.0,0.0,0.0,1.0,0.0,0.0,0.0,0.0,0.0,0.0,0.0,0.0
292,1993-02-11,SZSE:002091,0.0,0.0,0.0,0.0,0.0,0.0,0.0,0.0,0.0,0.0,0.0,0.0,0.0,0.0,0.0,0.0,0.0,0.0,0.0,0.0,0.0,0.0,0.0,0.0,0.0,0.0,0.0,0.0,1.0,0.0,0.0,0.0,0.0,0.0,0.0,0.0,0.0
293,1993-02-12,SZSE:002091,0.0,0.0,0.0,0.0,0.0,0.0,0.0,0.0,0.0,0.0,0.0,0.0,0.0,0.0,0.0,0.0,0.0,0.0,0.0,0.0,0.0,0.0,0.0,0.0,0.0,0.0,0.0,0.0,1.0,0.0,0.0,0.0,0.0,0.0,0.0,0.0,0.0
294,1993-02-15,SZSE:002091,0.0,0.0,0.0,0.0,0.0,0.0,0.0,0.0,0.0,0.0,0.0,0.0,0.0,0.0,0.0,0.0,0.0,0.0,0.0,0.0,0.0,0.0,0.0,0.0,0.0,0.0,0.0,0.0,1.0,0.0,0.0,0.0,0.0,0.0,0.0,0.0,0.0
295,1993-02-16,SZSE:002091,0.0,0.0,0.0,0.0,0.0,0.0,0.0,0.0,0.0,0.0,0.0,0.0,0.0,0.0,0.0,0.0,0.0,0.0,0.0,0.0,0.0,0.0,0.0,0.0,0.0,0.0,0.0,0.0,1.0,0.0,0.0,0.0,0.0,0.0,0.0,0.0,0.0
296,1993-02-17,SZSE:002091,0.0,0.0,0.0,0.0,0.0,0.0,0.0,0.0,0.0,0.0,0.0,0.0,0.0,0.0,0.0,0.0,0.0,0.0,0.0,0.0,0.0,0.0,0.0,0.0,0.0,0.0,0.0,0.0,1.0,0.0,0.0,0.0,0.0,0.0,0.0,0.0,0.0
297,1993-02-18,SZSE:002091,0.0,0.0,0.0,0.0,0.0,0.0,0.0,0.0,0.0,0.0,0.0,0.0,0.0,0.0,0.0,0.0,0.0,0.0,0.0,0.0,0.0,0.0,0.0,0.0,0.0,0.0,0.0,0.0,1.0,0.0,0.0,0.0,0.0,0.0,0.0,0.0,0.0
298,1993-02-19,SZSE:002091,0.0,0.0,0.0,0.0,0.0,0.0,0.0,0.0,0.0,0.0,0.0,0.0,0.0,0.0,0.0,0.0,0.0,0.0,0.0,0.0,0.0,0.0,0.0,0.0,0.0,0.0,0.0,0.0,1.0,0.0,0.0,0.0,0.0,0.0,0.0,0.0,0.0
299,1993-02-22,SZSE:002091,0.0,0.0,0.0,0.0,0.0,0.0,0.0,0.0,0.0,0.0,0.0,0.0,0.0,0.0,0.0,0.0,0.0,0.0,0.0,0.0,0.0,0.0,0.0,0.0,0.0,0.0,0.0,0.0,1.0,0.0,0.0,0.0,0.0,0.0,0.0,0.0,0.0
300,1993-02-23,SZSE:002091,0.0,0.0,0.0,0.0,0.0,0.0,0.0,0.0,0.0,0.0,0.0,0.0,0.0,0.0,0.0,0.0,0.0,0.0,0.0,0.0,0.0,0.0,0.0,0.0,0.0,0.0,0.0,0.0,1.0,0.0,0.0,0.0,0.0,0.0,0.0,0.0,0.0
301,1993-02-24,SZSE:002091,0.0,0.0,0.0,0.0,0.0,0.0,0.0,0.0,0.0,0.0,0.0,0.0,0.0,0.0,0.0,0.0,0.0,0.0,0.0,0.0,0.0,0.0,0.0,0.0,0.0,0.0,0.0,0.0,1.0,0.0,0.0,0.0,0.0,0.0,0.0,0.0,0.0
302,1993-02-25,SZSE:002091,0.0,0.0,0.0,0.0,0.0,0.0,0.0,0.0,0.0,0.0,0.0,0.0,0.0,0.0,0.0,0.0,0.0,0.0,0.0,0.0,0.0,0.0,0.0,0.0,0.0,0.0,0.0,0.0,1.0,0.0,0.0,0.0,0.0,0.0,0.0,0.0,0.0
303,1993-02-26,SZSE:002091,0.0,0.0,0.0,0.0,0.0,0.0,0.0,0.0,0.0,0.0,0.0,0.0,0.0,0.0,0.0,0.0,0.0,0.0,0.0,0.0,0.0,0.0,0.0,0.0,0.0,0.0,0.0,0.0,1.0,0.0,0.0,0.0,0.0,0.0,0.0,0.0,0.0
304,1993-03-01,SZSE:002091,0.0,0.0,0.0,0.0,0.0,0.0,0.0,0.0,0.0,0.0,0.0,0.0,0.0,0.0,0.0,0.0,0.0,0.0,0.0,0.0,0.0,0.0,0.0,0.0,0.0,0.0,0.0,0.0,1.0,0.0,0.0,0.0,0.0,0.0,0.0,0.0,0.0
305,1993-03-02,SZSE:002091,0.0,0.0,0.0,0.0,0.0,0.0,0.0,0.0,0.0,0.0,0.0,0.0,0.0,0.0,0.0,0.0,0.0,0.0,0.0,0.0,0.0,0.0,0.0,0.0,0.0,0.0,0.0,0.0,1.0,0.0,0.0,0.0,0.0,0.0,0.0,0.0,0.0
306,1993-03-03,SZSE:002091,0.0,0.0,0.0,0.0,0.0,0.0,0.0,0.0,0.0,0.0,0.0,0.0,0.0,0.0,0.0,0.0,0.0,0.0,0.0,0.0,0.0,0.0,0.0,0.0,0.0,0.0,0.0,0.0,1.0,0.0,0.0,0.0,0.0,0.0,0.0,0.0,0.0
307,1993-03-04,SZSE:002091,0.0,0.0,0.0,0.0,0.0,0.0,0.0,0.0,0.0,0.0,0.0,0.0,0.0,0.0,0.0,0.0,0.0,0.0,0.0,0.0,0.0,0.0,0.0,0.0,0.0,0.0,0.0,0.0,1.0,0.0,0.0,0.0,0.0,0.0,0.0,0.0,0.0
308,1993-03-05,SZSE:002091,0.0,0.0,0.0,0.0,0.0,0.0,0.0,0.0,0.0,0.0,0.0,0.0,0.0,0.0,0.0,0.0,0.0,0.0,0.0,0.0,0.0,0.0,0.0,0.0,0.0,0.0,0.0,0.0,1.0,0.0,0.0,0.0,0.0,0.0,0.0,0.0,0.0
309,1993-03-08,SZSE:002091,0.0,0.0,0.0,0.0,0.0,0.0,0.0,0.0,0.0,0.0,0.0,0.0,0.0,0.0,0.0,0.0,0.0,0.0,0.0,0.0,0.0,0.0,0.0,0.0,0.0,0.0,0.0,0.0,1.0,0.0,0.0,0.0,0.0,0.0,0.0,0.0,0.0
310,1993-03-09,SZSE:002091,0.0,0.0,0.0,0.0,0.0,0.0,0.0,0.0,0.0,0.0,0.0,0.0,0.0,0.0,0.0,0.0,0.0,0.0,0.0,0.0,0.0,0.0,0.0,0.0,0.0,0.0,0.0,0.0,1.0,0.0,0.0,0.0,0.0,0.0,0.0,0.0,0.0
311,1993-03-10,SZSE:002091,0.0,0.0,0.0,0.0,0.0,0.0,0.0,0.0,0.0,0.0,0.0,0.0,0.0,0.0,0.0,0.0,0.0,0.0,0.0,0.0,0.0,0.0,0.0,0.0,0.0,0.0,0.0,0.0,1.0,0.0,0.0,0.0,0.0,0.0,0.0,0.0,0.0
312,1993-03-11,SZSE:002091,0.0,0.0,0.0,0.0,0.0,0.0,0.0,0.0,0.0,0.0,0.0,0.0,0.0,0.0,0.0,0.0,0.0,0.0,0.0,0.0,0.0,0.0,0.0,0.0,0.0,0.0,0.0,0.0,1.0,0.0,0.0,0.0,0.0,0.0,0.0,0.0,0.0
313,1993-03-12,SZSE:002091,0.0,0.0,0.0,0.0,0.0,0.0,0.0,0.0,0.0,0.0,0.0,0.0,0.0,0.0,0.0,0.0,0.0,0.0,0.0,0.0,0.0,0.0,0.0,0.0,0.0,0.0,0.0,0.0,1.0,0.0,0.0,0.0,0.0,0.0,0.0,0.0,0.0
314,1993-03-15,SZSE:002091,0.0,0.0,0.0,0.0,0.0,0.0,0.0,0.0,0.0,0.0,0.0,0.0,0.0,0.0,0.0,0.0,0.0,0.0,0.0,0.0,0.0,0.0,0.0,0.0,0.0,0.0,0.0,0.0,1.0,0.0,0.0,0.0,0.0,0.0,0.0,0.0,0.0
315,1993-03-16,SZSE:002091,0.0,0.0,0.0,0.0,0.0,0.0,0.0,0.0,0.0,0.0,0.0,0.0,0.0,0.0,0.0,0.0,0.0,0.0,0.0,0.0,0.0,0.0,0.0,0.0,0.0,0.0,0.0,0.0,1.0,0.0,0.0,0.0,0.0,0.0,0.0,0.0,0.0
316,1993-03-17,SZSE:002091,0.0,0.0,0.0,0.0,0.0,0.0,0.0,0.0,0.0,0.0,0.0,0.0,0.0,0.0,0.0,0.0,0.0,0.0,0.0,0.0,0.0,0.0,0.0,0.0,0.0,0.0,0.0,0.0,1.0,0.0,0.0,0.0,0.0,0.0,0.0,0.0,0.0
317,1993-03-18,SZSE:002091,0.0,0.0,0.0,0.0,0.0,0.0,0.0,0.0,0.0,0.0,0.0,0.0,0.0,0.0,0.0,0.0,0.0,0.0,0.0,0.0,0.0,0.0,0.0,0.0,0.0,0.0,0.0,0.0,1.0,0.0,0.0,0.0,0.0,0.0,0.0,0.0,0.0
318,1993-03-19,SZSE:002091,0.0,0.0,0.0,0.0,0.0,0.0,0.0,0.0,0.0,0.0,0.0,0.0,0.0,0.0,0.0,0.0,0.0,0.0,0.0,0.0,0.0,0.0,0.0,0.0,0.0,0.0,0.0,0.0,1.0,0.0,0.0,0.0,0.0,0.0,0.0,0.0,0.0
319,1993-03-22,SZSE:002091,0.0,0.0,0.0,0.0,0.0,0.0,0.0,0.0,0.0,0.0,0.0,0.0,0.0,0.0,0.0,0.0,0.0,0.0,0.0,0.0,0.0,0.0,0.0,0.0,0.0,0.0,0.0,0.0,1.0,0.0,0.0,0.0,0.0,0.0,0.0,0.0,0.0
320,1993-03-23,SZSE:002091,0.0,0.0,0.0,0.0,0.0,0.0,0.0,0.0,0.0,0.0,0.0,0.0,0.0,0.0,0.0,0.0,0.0,0.0,0.0,0.0,0.0,0.0,0.0,0.0,0.0,0.0,0.0,0.0,1.0,0.0,0.0,0.0,0.0,0.0,0.0,0.0,0.0
321,1993-03-24,SZSE:002091,0.0,0.0,0.0,0.0,0.0,0.0,0.0,0.0,0.0,0.0,0.0,0.0,0.0,0.0,0.0,0.0,0.0,0.0,0.0,0.0,0.0,0.0,0.0,0.0,0.0,0.0,0.0,0.0,1.0,0.0,0.0,0.0,0.0,0.0,0.0,0.0,0.0
322,1993-03-25,SZSE:002091,0.0,0.0,0.0,0.0,0.0,0.0,0.0,0.0,0.0,0.0,0.0,0.0,0.0,0.0,0.0,0.0,0.0,0.0,0.0,0.0,0.0,0.0,0.0,0.0,0.0,0.0,0.0,0.0,1.0,0.0,0.0,0.0,0.0,0.0,0.0,0.0,0.0
323,1993-03-26,SZSE:002091,0.0,0.0,0.0,0.0,0.0,0.0,0.0,0.0,0.0,0.0,0.0,0.0,0.0,0.0,0.0,0.0,0.0,0.0,0.0,0.0,0.0,0.0,0.0,0.0,0.0,0.0,0.0,0.0,1.0,0.0,0.0,0.0,0.0,0.0,0.0,0.0,0.0
324,1993-03-29,SZSE:002091,0.0,0.0,0.0,0.0,0.0,0.0,0.0,0.0,0.0,0.0,0.0,0.0,0.0,0.0,0.0,0.0,0.0,0.0,0.0,0.0,0.0,0.0,0.0,0.0,0.0,0.0,0.0,0.0,1.0,0.0,0.0,0.0,0.0,0.0,0.0,0.0,0.0
325,1993-03-30,SZSE:002091,0.0,0.0,0.0,0.0,0.0,0.0,0.0,0.0,0.0,0.0,0.0,0.0,0.0,0.0,0.0,0.0,0.0,0.0,0.0,0.0,0.0,0.0,0.0,0.0,0.0,0.0,0.0,0.0,1.0,0.0,0.0,0.0,0.0,0.0,0.0,0.0,0.0
326,1993-03-31,SZSE:002091,0.0,0.0,0.0,0.0,0.0,0.0,0.0,0.0,0.0,0.0,0.0,0.0,0.0,0.0,0.0,0.0,0.0,0.0,0.0,0.0,0.0,0.0,0.0,0.0,0.0,0.0,0.0,0.0,1.0,0.0,0.0,0.0,0.0,0.0,0.0,0.0,0.0
327,1993-04-01,SZSE:002091,0.0,0.0,0.0,0.0,0.0,0.0,0.0,0.0,0.0,0.0,0.0,0.0,0.0,0.0,0.0,0.0,0.0,0.0,0.0,0.0,0.0,0.0,0.0,0.0,0.0,0.0,0.0,0.0,1.0,0.0,0.0,0.0,0.0,0.0,0.0,0.0,0.0
328,1993-04-02,SZSE:002091,0.0,0.0,0.0,0.0,0.0,0.0,0.0,0.0,0.0,0.0,0.0,0.0,0.0,0.0,0.0,0.0,0.0,0.0,0.0,0.0,0.0,0.0,0.0,0.0,0.0,0.0,0.0,0.0,1.0,0.0,0.0,0.0,0.0,0.0,0.0,0.0,0.0
329,1993-04-05,SZSE:002091,0.0,0.0,0.0,0.0,0.0,0.0,0.0,0.0,0.0,0.0,0.0,0.0,0.0,0.0,0.0,0.0,0.0,0.0,0.0,0.0,0.0,0.0,0.0,0.0,0.0,0.0,0.0,0.0,1.0,0.0,0.0,0.0,0.0,0.0,0.0,0.0,0.0
330,1993-04-06,SZSE:002091,0.0,0.0,0.0,0.0,0.0,0.0,0.0,0.0,0.0,0.0,0.0,0.0,0.0,0.0,0.0,0.0,0.0,0.0,0.0,0.0,0.0,0.0,0.0,0.0,0.0,0.0,0.0,0.0,1.0,0.0,0.0,0.0,0.0,0.0,0.0,0.0,0.0
331,1993-04-07,SZSE:002091,0.0,0.0,0.0,0.0,0.0,0.0,0.0,0.0,0.0,0.0,0.0,0.0,0.0,0.0,0.0,0.0,0.0,0.0,0.0,0.0,0.0,0.0,0.0,0.0,0.0,0.0,0.0,0.0,1.0,0.0,0.0,0.0,0.0,0.0,0.0,0.0,0.0
332,1993-04-08,SZSE:002091,0.0,0.0,0.0,0.0,0.0,0.0,0.0,0.0,0.0,0.0,0.0,0.0,0.0,0.0,0.0,0.0,0.0,0.0,0.0,0.0,0.0,0.0,0.0,0.0,0.0,0.0,0.0,0.0,1.0,0.0,0.0,0.0,0.0,0.0,0.0,0.0,0.0
333,1993-04-09,SZSE:002091,0.0,0.0,0.0,0.0,0.0,0.0,0.0,0.0,0.0,0.0,0.0,0.0,0.0,0.0,0.0,0.0,0.0,0.0,0.0,0.0,0.0,0.0,0.0,0.0,0.0,0.0,0.0,0.0,1.0,0.0,0.0,0.0,0.0,0.0,0.0,0.0,0.0
334,1993-04-12,SZSE:002091,0.0,0.0,0.0,0.0,0.0,0.0,0.0,0.0,0.0,0.0,0.0,0.0,0.0,0.0,0.0,0.0,0.0,0.0,0.0,0.0,0.0,0.0,0.0,0.0,0.0,0.0,0.0,0.0,1.0,0.0,0.0,0.0,0.0,0.0,0.0,0.0,0.0
335,1993-04-13,SZSE:002091,0.0,0.0,0.0,0.0,0.0,0.0,0.0,0.0,0.0,0.0,0.0,0.0,0.0,0.0,0.0,0.0,0.0,0.0,0.0,0.0,0.0,0.0,0.0,0.0,0.0,0.0,0.0,0.0,1.0,0.0,0.0,0.0,0.0,0.0,0.0,0.0,0.0
336,1993-04-14,SZSE:002091,0.0,0.0,0.0,0.0,0.0,0.0,0.0,0.0,0.0,0.0,0.0,0.0,0.0,0.0,0.0,0.0,0.0,0.0,0.0,0.0,0.0,0.0,0.0,0.0,0.0,0.0,0.0,0.0,1.0,0.0,0.0,0.0,0.0,0.0,0.0,0.0,0.0
337,1993-04-15,SZSE:002091,0.0,0.0,0.0,0.0,0.0,0.0,0.0,0.0,0.0,0.0,0.0,0.0,0.0,0.0,0.0,0.0,0.0,0.0,0.0,0.0,0.0,0.0,0.0,0.0,0.0,0.0,0.0,0.0,1.0,0.0,0.0,0.0,0.0,0.0,0.0,0.0,0.0
338,1993-04-16,SZSE:002091,0.0,0.0,0.0,0.0,0.0,0.0,0.0,0.0,0.0,0.0,0.0,0.0,0.0,0.0,0.0,0.0,0.0,0.0,0.0,0.0,0.0,0.0,0.0,0.0,0.0,0.0,0.0,0.0,1.0,0.0,0.0,0.0,0.0,0.0,0.0,0.0,0.0
339,1993-04-19,SZSE:002091,0.0,0.0,0.0,0.0,0.0,0.0,0.0,0.0,0.0,0.0,0.0,0.0,0.0,0.0,0.0,0.0,0.0,0.0,0.0,0.0,0.0,0.0,0.0,0.0,0.0,0.0,0.0,0.0,1.0,0.0,0.0,0.0,0.0,0.0,0.0,0.0,0.0
340,1993-04-20,SZSE:002091,0.0,0.0,0.0,0.0,0.0,0.0,0.0,0.0,0.0,0.0,0.0,0.0,0.0,0.0,0.0,0.0,0.0,0.0,0.0,0.0,0.0,0.0,0.0,0.0,0.0,0.0,0.0,0.0,1.0,0.0,0.0,0.0,0.0,0.0,0.0,0.0,0.0
341,1993-04-21,SZSE:002091,0.0,0.0,0.0,0.0,0.0,0.0,0.0,0.0,0.0,0.0,0.0,0.0,0.0,0.0,0.0,0.0,0.0,0.0,0.0,0.0,0.0,0.0,0.0,0.0,0.0,0.0,0.0,0.0,1.0,0.0,0.0,0.0,0.0,0.0,0.0,0.0,0.0
342,1993-04-22,SZSE:002091,0.0,0.0,0.0,0.0,0.0,0.0,0.0,0.0,0.0,0.0,0.0,0.0,0.0,0.0,0.0,0.0,0.0,0.0,0.0,0.0,0.0,0.0,0.0,0.0,0.0,0.0,0.0,0.0,1.0,0.0,0.0,0.0,0.0,0.0,0.0,0.0,0.0
343,1993-04-23,SZSE:002091,0.0,0.0,0.0,0.0,0.0,0.0,0.0,0.0,0.0,0.0,0.0,0.0,0.0,0.0,0.0,0.0,0.0,0.0,0.0,0.0,0.0,0.0,0.0,0.0,0.0,0.0,0.0,0.0,1.0,0.0,0.0,0.0,0.0,0.0,0.0,0.0,0.0
344,1993-04-26,SZSE:002091,0.0,0.0,0.0,0.0,0.0,0.0,0.0,0.0,0.0,0.0,0.0,0.0,0.0,0.0,0.0,0.0,0.0,0.0,0.0,0.0,0.0,0.0,0.0,0.0,0.0,0.0,0.0,0.0,1.0,0.0,0.0,0.0,0.0,0.0,0.0,0.0,0.0
345,1993-04-27,SZSE:002091,0.0,0.0,0.0,0.0,0.0,0.0,0.0,0.0,0.0,0.0,0.0,0.0,0.0,0.0,0.0,0.0,0.0,0.0,0.0,0.0,0.0,0.0,0.0,0.0,0.0,0.0,0.0,0.0,1.0,0.0,0.0,0.0,0.0,0.0,0.0,0.0,0.0
346,1993-04-28,SZSE:002091,0.0,0.0,0.0,0.0,0.0,0.0,0.0,0.0,0.0,0.0,0.0,0.0,0.0,0.0,0.0,0.0,0.0,0.0,0.0,0.0,0.0,0.0,0.0,0.0,0.0,0.0,0.0,0.0,1.0,0.0,0.0,0.0,0.0,0.0,0.0,0.0,0.0
347,1993-04-29,SZSE:002091,0.0,0.0,0.0,0.0,0.0,0.0,0.0,0.0,0.0,0.0,0.0,0.0,0.0,0.0,0.0,0.0,0.0,0.0,0.0,0.0,0.0,0.0,0.0,0.0,0.0,0.0,0.0,0.0,1.0,0.0,0.0,0.0,0.0,0.0,0.0,0.0,0.0
348,1993-04-30,SZSE:002091,0.0,0.0,0.0,0.0,0.0,0.0,0.0,0.0,0.0,0.0,0.0,0.0,0.0,0.0,0.0,0.0,0.0,0.0,0.0,0.0,0.0,0.0,0.0,0.0,0.0,0.0,0.0,0.0,1.0,0.0,0.0,0.0,0.0,0.0,0.0,0.0,0.0
349,1993-05-03,SZSE:002091,0.0,0.0,0.0,0.0,0.0,0.0,0.0,0.0,0.0,0.0,0.0,0.0,0.0,0.0,0.0,0.0,0.0,0.0,0.0,0.0,0.0,0.0,0.0,0.0,0.0,0.0,0.0,0.0,1.0,0.0,0.0,0.0,0.0,0.0,0.0,0.0,0.0
350,1993-05-04,SZSE:002091,0.0,0.0,0.0,0.0,0.0,0.0,0.0,0.0,0.0,0.0,0.0,0.0,0.0,0.0,0.0,0.0,0.0,0.0,0.0,0.0,0.0,0.0,0.0,0.0,0.0,0.0,0.0,0.0,1.0,0.0,0.0,0.0,0.0,0.0,0.0,0.0,0.0
351,1993-05-05,SZSE:002091,0.0,0.0,0.0,0.0,0.0,0.0,0.0,0.0,0.0,0.0,0.0,0.0,0.0,0.0,0.0,0.0,0.0,0.0,0.0,0.0,0.0,0.0,0.0,0.0,0.0,0.0,0.0,0.0,1.0,0.0,0.0,0.0,0.0,0.0,0.0,0.0,0.0
352,1993-05-06,SZSE:002091,0.0,0.0,0.0,0.0,0.0,0.0,0.0,0.0,0.0,0.0,0.0,0.0,0.0,0.0,0.0,0.0,0.0,0.0,0.0,0.0,0.0,0.0,0.0,0.0,0.0,0.0,0.0,0.0,1.0,0.0,0.0,0.0,0.0,0.0,0.0,0.0,0.0
353,1993-05-07,SZSE:002091,0.0,0.0,0.0,0.0,0.0,0.0,0.0,0.0,0.0,0.0,0.0,0.0,0.0,0.0,0.0,0.0,0.0,0.0,0.0,0.0,0.0,0.0,0.0,0.0,0.0,0.0,0.0,0.0,1.0,0.0,0.0,0.0,0.0,0.0,0.0,0.0,0.0
354,1993-05-10,SZSE:002091,0.0,0.0,0.0,0.0,0.0,0.0,0.0,0.0,0.0,0.0,0.0,0.0,0.0,0.0,0.0,0.0,0.0,0.0,0.0,0.0,0.0,0.0,0.0,0.0,0.0,0.0,0.0,0.0,1.0,0.0,0.0,0.0,0.0,0.0,0.0,0.0,0.0
355,1993-05-11,SZSE:002091,0.0,0.0,0.0,0.0,0.0,0.0,0.0,0.0,0.0,0.0,0.0,0.0,0.0,0.0,0.0,0.0,0.0,0.0,0.0,0.0,0.0,0.0,0.0,0.0,0.0,0.0,0.0,0.0,1.0,0.0,0.0,0.0,0.0,0.0,0.0,0.0,0.0
356,1993-05-12,SZSE:002091,0.0,0.0,0.0,0.0,0.0,0.0,0.0,0.0,0.0,0.0,0.0,0.0,0.0,0.0,0.0,0.0,0.0,0.0,0.0,0.0,0.0,0.0,0.0,0.0,0.0,0.0,0.0,0.0,1.0,0.0,0.0,0.0,0.0,0.0,0.0,0.0,0.0
357,1993-05-13,SZSE:002091,0.0,0.0,0.0,0.0,0.0,0.0,0.0,0.0,0.0,0.0,0.0,0.0,0.0,0.0,0.0,0.0,0.0,0.0,0.0,0.0,0.0,0.0,0.0,0.0,0.0,0.0,0.0,0.0,1.0,0.0,0.0,0.0,0.0,0.0,0.0,0.0,0.0
358,1993-05-14,SZSE:002091,0.0,0.0,0.0,0.0,0.0,0.0,0.0,0.0,0.0,0.0,0.0,0.0,0.0,0.0,0.0,0.0,0.0,0.0,0.0,0.0,0.0,0.0,0.0,0.0,0.0,0.0,0.0,0.0,1.0,0.0,0.0,0.0,0.0,0.0,0.0,0.0,0.0
359,1993-05-17,SZSE:002091,0.0,0.0,0.0,0.0,0.0,0.0,0.0,0.0,0.0,0.0,0.0,0.0,0.0,0.0,0.0,0.0,0.0,0.0,0.0,0.0,0.0,0.0,0.0,0.0,0.0,0.0,0.0,0.0,1.0,0.0,0.0,0.0,0.0,0.0,0.0,0.0,0.0
360,1993-05-18,SZSE:002091,0.0,0.0,0.0,0.0,0.0,0.0,0.0,0.0,0.0,0.0,0.0,0.0,0.0,0.0,0.0,0.0,0.0,0.0,0.0,0.0,0.0,0.0,0.0,0.0,0.0,0.0,0.0,0.0,1.0,0.0,0.0,0.0,0.0,0.0,0.0,0.0,0.0
361,1993-05-19,SZSE:002091,0.0,0.0,0.0,0.0,0.0,0.0,0.0,0.0,0.0,0.0,0.0,0.0,0.0,0.0,0.0,0.0,0.0,0.0,0.0,0.0,0.0,0.0,0.0,0.0,0.0,0.0,0.0,0.0,1.0,0.0,0.0,0.0,0.0,0.0,0.0,0.0,0.0
362,1993-05-20,SZSE:002091,0.0,0.0,0.0,0.0,0.0,0.0,0.0,0.0,0.0,0.0,0.0,0.0,0.0,0.0,0.0,0.0,0.0,0.0,0.0,0.0,0.0,0.0,0.0,0.0,0.0,0.0,0.0,0.0,1.0,0.0,0.0,0.0,0.0,0.0,0.0,0.0,0.0
363,1993-05-21,SZSE:002091,0.0,0.0,0.0,0.0,0.0,0.0,0.0,0.0,0.0,0.0,0.0,0.0,0.0,0.0,0.0,0.0,0.0,0.0,0.0,0.0,0.0,0.0,0.0,0.0,0.0,0.0,0.0,0.0,1.0,0.0,0.0,0.0,0.0,0.0,0.0,0.0,0.0
364,1993-05-24,SZSE:002091,0.0,0.0,0.0,0.0,0.0,0.0,0.0,0.0,0.0,0.0,0.0,0.0,0.0,0.0,0.0,0.0,0.0,0.0,0.0,0.0,0.0,0.0,0.0,0.0,0.0,0.0,0.0,0.0,1.0,0.0,0.0,0.0,0.0,0.0,0.0,0.0,0.0
365,1993-05-25,SZSE:002091,0.0,0.0,0.0,0.0,0.0,0.0,0.0,0.0,0.0,0.0,0.0,0.0,0.0,0.0,0.0,0.0,0.0,0.0,0.0,0.0,0.0,0.0,0.0,0.0,0.0,0.0,0.0,0.0,1.0,0.0,0.0,0.0,0.0,0.0,0.0,0.0,0.0
366,1993-05-26,SZSE:002091,0.0,0.0,0.0,0.0,0.0,0.0,0.0,0.0,0.0,0.0,0.0,0.0,0.0,0.0,0.0,0.0,0.0,0.0,0.0,0.0,0.0,0.0,0.0,0.0,0.0,0.0,0.0,0.0,1.0,0.0,0.0,0.0,0.0,0.0,0.0,0.0,0.0
367,1993-05-27,SZSE:002091,0.0,0.0,0.0,0.0,0.0,0.0,0.0,0.0,0.0,0.0,0.0,0.0,0.0,0.0,0.0,0.0,0.0,0.0,0.0,0.0,0.0,0.0,0.0,0.0,0.0,0.0,0.0,0.0,1.0,0.0,0.0,0.0,0.0,0.0,0.0,0.0,0.0
368,1993-05-28,SZSE:002091,0.0,0.0,0.0,0.0,0.0,0.0,0.0,0.0,0.0,0.0,0.0,0.0,0.0,0.0,0.0,0.0,0.0,0.0,0.0,0.0,0.0,0.0,0.0,0.0,0.0,0.0,0.0,0.0,1.0,0.0,0.0,0.0,0.0,0.0,0.0,0.0,0.0
369,1993-05-31,SZSE:002091,0.0,0.0,0.0,0.0,0.0,0.0,0.0,0.0,0.0,0.0,0.0,0.0,0.0,0.0,0.0,0.0,0.0,0.0,0.0,0.0,0.0,0.0,0.0,0.0,0.0,0.0,0.0,0.0,1.0,0.0,0.0,0.0,0.0,0.0,0.0,0.0,0.0
370,1993-06-01,SZSE:002091,0.0,0.0,0.0,0.0,0.0,0.0,0.0,0.0,0.0,0.0,0.0,0.0,0.0,0.0,0.0,0.0,0.0,0.0,0.0,0.0,0.0,0.0,0.0,0.0,0.0,0.0,0.0,0.0,1.0,0.0,0.0,0.0,0.0,0.0,0.0,0.0,0.0
371,1993-06-02,SZSE:002091,0.0,0.0,0.0,0.0,0.0,0.0,0.0,0.0,0.0,0.0,0.0,0.0,0.0,0.0,0.0,0.0,0.0,0.0,0.0,0.0,0.0,0.0,0.0,0.0,0.0,0.0,0.0,0.0,1.0,0.0,0.0,0.0,0.0,0.0,0.0,0.0,0.0
372,1993-06-03,SZSE:002091,0.0,0.0,0.0,0.0,0.0,0.0,0.0,0.0,0.0,0.0,0.0,0.0,0.0,0.0,0.0,0.0,0.0,0.0,0.0,0.0,0.0,0.0,0.0,0.0,0.0,0.0,0.0,0.0,1.0,0.0,0.0,0.0,0.0,0.0,0.0,0.0,0.0
373,1993-06-04,SZSE:002091,0.0,0.0,0.0,0.0,0.0,0.0,0.0,0.0,0.0,0.0,0.0,0.0,0.0,0.0,0.0,0.0,0.0,0.0,0.0,0.0,0.0,0.0,0.0,0.0,0.0,0.0,0.0,0.0,1.0,0.0,0.0,0.0,0.0,0.0,0.0,0.0,0.0
374,1993-06-07,SZSE:002091,0.0,0.0,0.0,0.0,0.0,0.0,0.0,0.0,0.0,0.0,0.0,0.0,0.0,0.0,0.0,0.0,0.0,0.0,0.0,0.0,0.0,0.0,0.0,0.0,0.0,0.0,0.0,0.0,1.0,0.0,0.0,0.0,0.0,0.0,0.0,0.0,0.0
375,1993-06-08,SZSE:002091,0.0,0.0,0.0,0.0,0.0,0.0,0.0,0.0,0.0,0.0,0.0,0.0,0.0,0.0,0.0,0.0,0.0,0.0,0.0,0.0,0.0,0.0,0.0,0.0,0.0,0.0,0.0,0.0,1.0,0.0,0.0,0.0,0.0,0.0,0.0,0.0,0.0
376,1993-06-09,SZSE:002091,0.0,0.0,0.0,0.0,0.0,0.0,0.0,0.0,0.0,0.0,0.0,0.0,0.0,0.0,0.0,0.0,0.0,0.0,0.0,0.0,0.0,0.0,0.0,0.0,0.0,0.0,0.0,0.0,1.0,0.0,0.0,0.0,0.0,0.0,0.0,0.0,0.0
377,1993-06-10,SZSE:002091,0.0,0.0,0.0,0.0,0.0,0.0,0.0,0.0,0.0,0.0,0.0,0.0,0.0,0.0,0.0,0.0,0.0,0.0,0.0,0.0,0.0,0.0,0.0,0.0,0.0,0.0,0.0,0.0,1.0,0.0,0.0,0.0,0.0,0.0,0.0,0.0,0.0
378,1993-06-11,SZSE:002091,0.0,0.0,0.0,0.0,0.0,0.0,0.0,0.0,0.0,0.0,0.0,0.0,0.0,0.0,0.0,0.0,0.0,0.0,0.0,0.0,0.0,0.0,0.0,0.0,0.0,0.0,0.0,0.0,1.0,0.0,0.0,0.0,0.0,0.0,0.0,0.0,0.0
379,1993-06-14,SZSE:002091,0.0,0.0,0.0,0.0,0.0,0.0,0.0,0.0,0.0,0.0,0.0,0.0,0.0,0.0,0.0,0.0,0.0,0.0,0.0,0.0,0.0,0.0,0.0,0.0,0.0,0.0,0.0,0.0,1.0,0.0,0.0,0.0,0.0,0.0,0.0,0.0,0.0
380,1993-06-15,SZSE:002091,0.0,0.0,0.0,0.0,0.0,0.0,0.0,0.0,0.0,0.0,0.0,0.0,0.0,0.0,0.0,0.0,0.0,0.0,0.0,0.0,0.0,0.0,0.0,0.0,0.0,0.0,0.0,0.0,1.0,0.0,0.0,0.0,0.0,0.0,0.0,0.0,0.0
381,1993-06-16,SZSE:002091,0.0,0.0,0.0,0.0,0.0,0.0,0.0,0.0,0.0,0.0,0.0,0.0,0.0,0.0,0.0,0.0,0.0,0.0,0.0,0.0,0.0,0.0,0.0,0.0,0.0,0.0,0.0,0.0,1.0,0.0,0.0,0.0,0.0,0.0,0.0,0.0,0.0
382,1993-06-17,SZSE:002091,0.0,0.0,0.0,0.0,0.0,0.0,0.0,0.0,0.0,0.0,0.0,0.0,0.0,0.0,0.0,0.0,0.0,0.0,0.0,0.0,0.0,0.0,0.0,0.0,0.0,0.0,0.0,0.0,1.0,0.0,0.0,0.0,0.0,0.0,0.0,0.0,0.0
383,1993-06-18,SZSE:002091,0.0,0.0,0.0,0.0,0.0,0.0,0.0,0.0,0.0,0.0,0.0,0.0,0.0,0.0,0.0,0.0,0.0,0.0,0.0,0.0,0.0,0.0,0.0,0.0,0.0,0.0,0.0,0.0,1.0,0.0,0.0,0.0,0.0,0.0,0.0,0.0,0.0
384,1993-06-21,SZSE:002091,0.0,0.0,0.0,0.0,0.0,0.0,0.0,0.0,0.0,0.0,0.0,0.0,0.0,0.0,0.0,0.0,0.0,0.0,0.0,0.0,0.0,0.0,0.0,0.0,0.0,0.0,0.0,0.0,1.0,0.0,0.0,0.0,0.0,0.0,0.0,0.0,0.0
385,1993-06-22,SZSE:002091,0.0,0.0,0.0,0.0,0.0,0.0,0.0,0.0,0.0,0.0,0.0,0.0,0.0,0.0,0.0,0.0,0.0,0.0,0.0,0.0,0.0,0.0,0.0,0.0,0.0,0.0,0.0,0.0,1.0,0.0,0.0,0.0,0.0,0.0,0.0,0.0,0.0
386,1993-06-23,SZSE:002091,0.0,0.0,0.0,0.0,0.0,0.0,0.0,0.0,0.0,0.0,0.0,0.0,0.0,0.0,0.0,0.0,0.0,0.0,0.0,0.0,0.0,0.0,0.0,0.0,0.0,0.0,0.0,0.0,1.0,0.0,0.0,0.0,0.0,0.0,0.0,0.0,0.0
387,1993-06-24,SZSE:002091,0.0,0.0,0.0,0.0,0.0,0.0,0.0,0.0,0.0,0.0,0.0,0.0,0.0,0.0,0.0,0.0,0.0,0.0,0.0,0.0,0.0,0.0,0.0,0.0,0.0,0.0,0.0,0.0,1.0,0.0,0.0,0.0,0.0,0.0,0.0,0.0,0.0
388,1993-06-25,SZSE:002091,0.0,0.0,0.0,0.0,0.0,0.0,0.0,0.0,0.0,0.0,0.0,0.0,0.0,0.0,0.0,0.0,0.0,0.0,0.0,0.0,0.0,0.0,0.0,0.0,0.0,0.0,0.0,0.0,1.0,0.0,0.0,0.0,0.0,0.0,0.0,0.0,0.0
389,1993-06-28,SZSE:002091,0.0,0.0,0.0,0.0,0.0,0.0,0.0,0.0,0.0,0.0,0.0,0.0,0.0,0.0,0.0,0.0,0.0,0.0,0.0,0.0,0.0,0.0,0.0,0.0,0.0,0.0,0.0,0.0,1.0,0.0,0.0,0.0,0.0,0.0,0.0,0.0,0.0
390,1993-06-29,SZSE:002091,0.0,0.0,0.0,0.0,0.0,0.0,0.0,0.0,0.0,0.0,0.0,0.0,0.0,0.0,0.0,0.0,0.0,0.0,0.0,0.0,0.0,0.0,0.0,0.0,0.0,0.0,0.0,0.0,1.0,0.0,0.0,0.0,0.0,0.0,0.0,0.0,0.0
391,1993-06-30,SZSE:002091,0.0,0.0,0.0,0.0,0.0,0.0,0.0,0.0,0.0,0.0,0.0,0.0,0.0,0.0,0.0,0.0,0.0,0.0,0.0,0.0,0.0,0.0,0.0,0.0,0.0,0.0,0.0,0.0,1.0,0.0,0.0,0.0,0.0,0.0,0.0,0.0,0.0
392,1993-07-01,SZSE:002091,0.0,0.0,0.0,0.0,0.0,0.0,0.0,0.0,0.0,0.0,0.0,0.0,0.0,0.0,0.0,0.0,0.0,0.0,0.0,0.0,0.0,0.0,0.0,0.0,0.0,0.0,0.0,0.0,1.0,0.0,0.0,0.0,0.0,0.0,0.0,0.0,0.0
393,1993-07-02,SZSE:002091,0.0,0.0,0.0,0.0,0.0,0.0,0.0,0.0,0.0,0.0,0.0,0.0,0.0,0.0,0.0,0.0,0.0,0.0,0.0,0.0,0.0,0.0,0.0,0.0,0.0,0.0,0.0,0.0,1.0,0.0,0.0,0.0,0.0,0.0,0.0,0.0,0.0
394,1993-07-05,SZSE:002091,0.0,0.0,0.0,0.0,0.0,0.0,0.0,0.0,0.0,0.0,0.0,0.0,0.0,0.0,0.0,0.0,0.0,0.0,0.0,0.0,0.0,0.0,0.0,0.0,0.0,0.0,0.0,0.0,1.0,0.0,0.0,0.0,0.0,0.0,0.0,0.0,0.0
395,1993-07-06,SZSE:002091,0.0,0.0,0.0,0.0,0.0,0.0,0.0,0.0,0.0,0.0,0.0,0.0,0.0,0.0,0.0,0.0,0.0,0.0,0.0,0.0,0.0,0.0,0.0,0.0,0.0,0.0,0.0,0.0,1.0,0.0,0.0,0.0,0.0,0.0,0.0,0.0,0.0
396,1993-07-07,SZSE:002091,0.0,0.0,0.0,0.0,0.0,0.0,0.0,0.0,0.0,0.0,0.0,0.0,0.0,0.0,0.0,0.0,0.0,0.0,0.0,0.0,0.0,0.0,0.0,0.0,0.0,0.0,0.0,0.0,1.0,0.0,0.0,0.0,0.0,0.0,0.0,0.0,0.0
397,1993-07-08,SZSE:002091,0.0,0.0,0.0,0.0,0.0,0.0,0.0,0.0,0.0,0.0,0.0,0.0,0.0,0.0,0.0,0.0,0.0,0.0,0.0,0.0,0.0,0.0,0.0,0.0,0.0,0.0,0.0,0.0,1.0,0.0,0.0,0.0,0.0,0.0,0.0,0.0,0.0
398,1993-07-09,SZSE:002091,0.0,0.0,0.0,0.0,0.0,0.0,0.0,0.0,0.0,0.0,0.0,0.0,0.0,0.0,0.0,0.0,0.0,0.0,0.0,0.0,0.0,0.0,0.0,0.0,0.0,0.0,0.0,0.0,1.0,0.0,0.0,0.0,0.0,0.0,0.0,0.0,0.0
399,1993-07-12,SZSE:002091,0.0,0.0,0.0,0.0,0.0,0.0,0.0,0.0,0.0,0.0,0.0,0.0,0.0,0.0,0.0,0.0,0.0,0.0,0.0,0.0,0.0,0.0,0.0,0.0,0.0,0.0,0.0,0.0,1.0,0.0,0.0,0.0,0.0,0.0,0.0,0.0,0.0
400,1993-07-13,SZSE:002091,0.0,0.0,0.0,0.0,0.0,0.0,0.0,0.0,0.0,0.0,0.0,0.0,0.0,0.0,0.0,0.0,0.0,0.0,0.0,0.0,0.0,0.0,0.0,0.0,0.0,0.0,0.0,0.0,1.0,0.0,0.0,0.0,0.0,0.0,0.0,0.0,0.0
401,1993-07-14,SZSE:002091,0.0,0.0,0.0,0.0,0.0,0.0,0.0,0.0,0.0,0.0,0.0,0.0,0.0,0.0,0.0,0.0,0.0,0.0,0.0,0.0,0.0,0.0,0.0,0.0,0.0,0.0,0.0,0.0,1.0,0.0,0.0,0.0,0.0,0.0,0.0,0.0,0.0
402,1993-07-15,SZSE:002091,0.0,0.0,0.0,0.0,0.0,0.0,0.0,0.0,0.0,0.0,0.0,0.0,0.0,0.0,0.0,0.0,0.0,0.0,0.0,0.0,0.0,0.0,0.0,0.0,0.0,0.0,0.0,0.0,1.0,0.0,0.0,0.0,0.0,0.0,0.0,0.0,0.0
403,1993-07-16,SZSE:002091,0.0,0.0,0.0,0.0,0.0,0.0,0.0,0.0,0.0,0.0,0.0,0.0,0.0,0.0,0.0,0.0,0.0,0.0,0.0,0.0,0.0,0.0,0.0,0.0,0.0,0.0,0.0,0.0,1.0,0.0,0.0,0.0,0.0,0.0,0.0,0.0,0.0
404,1993-07-19,SZSE:002091,0.0,0.0,0.0,0.0,0.0,0.0,0.0,0.0,0.0,0.0,0.0,0.0,0.0,0.0,0.0,0.0,0.0,0.0,0.0,0.0,0.0,0.0,0.0,0.0,0.0,0.0,0.0,0.0,1.0,0.0,0.0,0.0,0.0,0.0,0.0,0.0,0.0
405,1993-07-20,SZSE:002091,0.0,0.0,0.0,0.0,0.0,0.0,0.0,0.0,0.0,0.0,0.0,0.0,0.0,0.0,0.0,0.0,0.0,0.0,0.0,0.0,0.0,0.0,0.0,0.0,0.0,0.0,0.0,0.0,1.0,0.0,0.0,0.0,0.0,0.0,0.0,0.0,0.0
406,1993-07-21,SZSE:002091,0.0,0.0,0.0,0.0,0.0,0.0,0.0,0.0,0.0,0.0,0.0,0.0,0.0,0.0,0.0,0.0,0.0,0.0,0.0,0.0,0.0,0.0,0.0,0.0,0.0,0.0,0.0,0.0,1.0,0.0,0.0,0.0,0.0,0.0,0.0,0.0,0.0
407,1993-07-22,SZSE:002091,0.0,0.0,0.0,0.0,0.0,0.0,0.0,0.0,0.0,0.0,0.0,0.0,0.0,0.0,0.0,0.0,0.0,0.0,0.0,0.0,0.0,0.0,0.0,0.0,0.0,0.0,0.0,0.0,1.0,0.0,0.0,0.0,0.0,0.0,0.0,0.0,0.0
408,1993-07-23,SZSE:002091,0.0,0.0,0.0,0.0,0.0,0.0,0.0,0.0,0.0,0.0,0.0,0.0,0.0,0.0,0.0,0.0,0.0,0.0,0.0,0.0,0.0,0.0,0.0,0.0,0.0,0.0,0.0,0.0,1.0,0.0,0.0,0.0,0.0,0.0,0.0,0.0,0.0
409,1993-07-26,SZSE:002091,0.0,0.0,0.0,0.0,0.0,0.0,0.0,0.0,0.0,0.0,0.0,0.0,0.0,0.0,0.0,0.0,0.0,0.0,0.0,0.0,0.0,0.0,0.0,0.0,0.0,0.0,0.0,0.0,1.0,0.0,0.0,0.0,0.0,0.0,0.0,0.0,0.0
410,1993-07-27,SZSE:002091,0.0,0.0,0.0,0.0,0.0,0.0,0.0,0.0,0.0,0.0,0.0,0.0,0.0,0.0,0.0,0.0,0.0,0.0,0.0,0.0,0.0,0.0,0.0,0.0,0.0,0.0,0.0,0.0,1.0,0.0,0.0,0.0,0.0,0.0,0.0,0.0,0.0
411,1993-07-28,SZSE:002091,0.0,0.0,0.0,0.0,0.0,0.0,0.0,0.0,0.0,0.0,0.0,0.0,0.0,0.0,0.0,0.0,0.0,0.0,0.0,0.0,0.0,0.0,0.0,0.0,0.0,0.0,0.0,0.0,1.0,0.0,0.0,0.0,0.0,0.0,0.0,0.0,0.0
412,1993-07-29,SZSE:002091,0.0,0.0,0.0,0.0,0.0,0.0,0.0,0.0,0.0,0.0,0.0,0.0,0.0,0.0,0.0,0.0,0.0,0.0,0.0,0.0,0.0,0.0,0.0,0.0,0.0,0.0,0.0,0.0,1.0,0.0,0.0,0.0,0.0,0.0,0.0,0.0,0.0
413,1993-07-30,SZSE:002091,0.0,0.0,0.0,0.0,0.0,0.0,0.0,0.0,0.0,0.0,0.0,0.0,0.0,0.0,0.0,0.0,0.0,0.0,0.0,0.0,0.0,0.0,0.0,0.0,0.0,0.0,0.0,0.0,1.0,0.0,0.0,0.0,0.0,0.0,0.0,0.0,0.0
414,1993-08-02,SZSE:002091,0.0,0.0,0.0,0.0,0.0,0.0,0.0,0.0,0.0,0.0,0.0,0.0,0.0,0.0,0.0,0.0,0.0,0.0,0.0,0.0,0.0,0.0,0.0,0.0,0.0,0.0,0.0,0.0,1.0,0.0,0.0,0.0,0.0,0.0,0.0,0.0,0.0
415,1993-08-03,SZSE:002091,0.0,0.0,0.0,0.0,0.0,0.0,0.0,0.0,0.0,0.0,0.0,0.0,0.0,0.0,0.0,0.0,0.0,0.0,0.0,0.0,0.0,0.0,0.0,0.0,0.0,0.0,0.0,0.0,1.0,0.0,0.0,0.0,0.0,0.0,0.0,0.0,0.0
416,1993-08-04,SZSE:002091,0.0,0.0,0.0,0.0,0.0,0.0,0.0,0.0,0.0,0.0,0.0,0.0,0.0,0.0,0.0,0.0,0.0,0.0,0.0,0.0,0.0,0.0,0.0,0.0,0.0,0.0,0.0,0.0,1.0,0.0,0.0,0.0,0.0,0.0,0.0,0.0,0.0
417,1993-08-05,SZSE:002091,0.0,0.0,0.0,0.0,0.0,0.0,0.0,0.0,0.0,0.0,0.0,0.0,0.0,0.0,0.0,0.0,0.0,0.0,0.0,0.0,0.0,0.0,0.0,0.0,0.0,0.0,0.0,0.0,1.0,0.0,0.0,0.0,0.0,0.0,0.0,0.0,0.0
418,1993-08-06,SZSE:002091,0.0,0.0,0.0,0.0,0.0,0.0,0.0,0.0,0.0,0.0,0.0,0.0,0.0,0.0,0.0,0.0,0.0,0.0,0.0,0.0,0.0,0.0,0.0,0.0,0.0,0.0,0.0,0.0,1.0,0.0,0.0,0.0,0.0,0.0,0.0,0.0,0.0
419,1993-08-09,SZSE:002091,0.0,0.0,0.0,0.0,0.0,0.0,0.0,0.0,0.0,0.0,0.0,0.0,0.0,0.0,0.0,0.0,0.0,0.0,0.0,0.0,0.0,0.0,0.0,0.0,0.0,0.0,0.0,0.0,1.0,0.0,0.0,0.0,0.0,0.0,0.0,0.0,0.0
420,1993-08-10,SZSE:002091,0.0,0.0,0.0,0.0,0.0,0.0,0.0,0.0,0.0,0.0,0.0,0.0,0.0,0.0,0.0,0.0,0.0,0.0,0.0,0.0,0.0,0.0,0.0,0.0,0.0,0.0,0.0,0.0,1.0,0.0,0.0,0.0,0.0,0.0,0.0,0.0,0.0
421,1993-08-11,SZSE:002091,0.0,0.0,0.0,0.0,0.0,0.0,0.0,0.0,0.0,0.0,0.0,0.0,0.0,0.0,0.0,0.0,0.0,0.0,0.0,0.0,0.0,0.0,0.0,0.0,0.0,0.0,0.0,0.0,1.0,0.0,0.0,0.0,0.0,0.0,0.0,0.0,0.0
422,1993-08-12,SZSE:002091,0.0,0.0,0.0,0.0,0.0,0.0,0.0,0.0,0.0,0.0,0.0,0.0,0.0,0.0,0.0,0.0,0.0,0.0,0.0,0.0,0.0,0.0,0.0,0.0,0.0,0.0,0.0,0.0,1.0,0.0,0.0,0.0,0.0,0.0,0.0,0.0,0.0
423,1993-08-13,SZSE:002091,0.0,0.0,0.0,0.0,0.0,0.0,0.0,0.0,0.0,0.0,0.0,0.0,0.0,0.0,0.0,0.0,0.0,0.0,0.0,0.0,0.0,0.0,0.0,0.0,0.0,0.0,0.0,0.0,1.0,0.0,0.0,0.0,0.0,0.0,0.0,0.0,0.0
424,1993-08-16,SZSE:002091,0.0,0.0,0.0,0.0,0.0,0.0,0.0,0.0,0.0,0.0,0.0,0.0,0.0,0.0,0.0,0.0,0.0,0.0,0.0,0.0,0.0,0.0,0.0,0.0,0.0,0.0,0.0,0.0,1.0,0.0,0.0,0.0,0.0,0.0,0.0,0.0,0.0
425,1993-08-17,SZSE:002091,0.0,0.0,0.0,0.0,0.0,0.0,0.0,0.0,0.0,0.0,0.0,0.0,0.0,0.0,0.0,0.0,0.0,0.0,0.0,0.0,0.0,0.0,0.0,0.0,0.0,0.0,0.0,0.0,1.0,0.0,0.0,0.0,0.0,0.0,0.0,0.0,0.0
426,1993-08-18,SZSE:002091,0.0,0.0,0.0,0.0,0.0,0.0,0.0,0.0,0.0,0.0,0.0,0.0,0.0,0.0,0.0,0.0,0.0,0.0,0.0,0.0,0.0,0.0,0.0,0.0,0.0,0.0,0.0,0.0,1.0,0.0,0.0,0.0,0.0,0.0,0.0,0.0,0.0
427,1993-08-19,SZSE:002091,0.0,0.0,0.0,0.0,0.0,0.0,0.0,0.0,0.0,0.0,0.0,0.0,0.0,0.0,0.0,0.0,0.0,0.0,0.0,0.0,0.0,0.0,0.0,0.0,0.0,0.0,0.0,0.0,1.0,0.0,0.0,0.0,0.0,0.0,0.0,0.0,0.0
428,1993-08-20,SZSE:002091,0.0,0.0,0.0,0.0,0.0,0.0,0.0,0.0,0.0,0.0,0.0,0.0,0.0,0.0,0.0,0.0,0.0,0.0,0.0,0.0,0.0,0.0,0.0,0.0,0.0,0.0,0.0,0.0,1.0,0.0,0.0,0.0,0.0,0.0,0.0,0.0,0.0
429,1993-08-23,SZSE:002091,0.0,0.0,0.0,0.0,0.0,0.0,0.0,0.0,0.0,0.0,0.0,0.0,0.0,0.0,0.0,0.0,0.0,0.0,0.0,0.0,0.0,0.0,0.0,0.0,0.0,0.0,0.0,0.0,1.0,0.0,0.0,0.0,0.0,0.0,0.0,0.0,0.0
430,1993-08-24,SZSE:002091,0.0,0.0,0.0,0.0,0.0,0.0,0.0,0.0,0.0,0.0,0.0,0.0,0.0,0.0,0.0,0.0,0.0,0.0,0.0,0.0,0.0,0.0,0.0,0.0,0.0,0.0,0.0,0.0,1.0,0.0,0.0,0.0,0.0,0.0,0.0,0.0,0.0
431,1993-08-25,SZSE:002091,0.0,0.0,0.0,0.0,0.0,0.0,0.0,0.0,0.0,0.0,0.0,0.0,0.0,0.0,0.0,0.0,0.0,0.0,0.0,0.0,0.0,0.0,0.0,0.0,0.0,0.0,0.0,0.0,1.0,0.0,0.0,0.0,0.0,0.0,0.0,0.0,0.0
432,1993-08-26,SZSE:002091,0.0,0.0,0.0,0.0,0.0,0.0,0.0,0.0,0.0,0.0,0.0,0.0,0.0,0.0,0.0,0.0,0.0,0.0,0.0,0.0,0.0,0.0,0.0,0.0,0.0,0.0,0.0,0.0,1.0,0.0,0.0,0.0,0.0,0.0,0.0,0.0,0.0
433,1993-08-27,SZSE:002091,0.0,0.0,0.0,0.0,0.0,0.0,0.0,0.0,0.0,0.0,0.0,0.0,0.0,0.0,0.0,0.0,0.0,0.0,0.0,0.0,0.0,0.0,0.0,0.0,0.0,0.0,0.0,0.0,1.0,0.0,0.0,0.0,0.0,0.0,0.0,0.0,0.0
434,1993-08-30,SZSE:002091,0.0,0.0,0.0,0.0,0.0,0.0,0.0,0.0,0.0,0.0,0.0,0.0,0.0,0.0,0.0,0.0,0.0,0.0,0.0,0.0,0.0,0.0,0.0,0.0,0.0,0.0,0.0,0.0,1.0,0.0,0.0,0.0,0.0,0.0,0.0,0.0,0.0
435,1993-08-31,SZSE:002091,0.0,0.0,0.0,0.0,0.0,0.0,0.0,0.0,0.0,0.0,0.0,0.0,0.0,0.0,0.0,0.0,0.0,0.0,0.0,0.0,0.0,0.0,0.0,0.0,0.0,0.0,0.0,0.0,1.0,0.0,0.0,0.0,0.0,0.0,0.0,0.0,0.0
436,1993-09-01,SZSE:002091,0.0,0.0,0.0,0.0,0.0,0.0,0.0,0.0,0.0,0.0,0.0,0.0,0.0,0.0,0.0,0.0,0.0,0.0,0.0,0.0,0.0,0.0,0.0,0.0,0.0,0.0,0.0,0.0,1.0,0.0,0.0,0.0,0.0,0.0,0.0,0.0,0.0
437,1993-09-02,SZSE:002091,0.0,0.0,0.0,0.0,0.0,0.0,0.0,0.0,0.0,0.0,0.0,0.0,0.0,0.0,0.0,0.0,0.0,0.0,0.0,0.0,0.0,0.0,0.0,0.0,0.0,0.0,0.0,0.0,1.0,0.0,0.0,0.0,0.0,0.0,0.0,0.0,0.0
438,1993-09-03,SZSE:002091,0.0,0.0,0.0,0.0,0.0,0.0,0.0,0.0,0.0,0.0,0.0,0.0,0.0,0.0,0.0,0.0,0.0,0.0,0.0,0.0,0.0,0.0,0.0,0.0,0.0,0.0,0.0,0.0,1.0,0.0,0.0,0.0,0.0,0.0,0.0,0.0,0.0
439,1993-09-06,SZSE:002091,0.0,0.0,0.0,0.0,0.0,0.0,0.0,0.0,0.0,0.0,0.0,0.0,0.0,0.0,0.0,0.0,0.0,0.0,0.0,0.0,0.0,0.0,0.0,0.0,0.0,0.0,0.0,0.0,1.0,0.0,0.0,0.0,0.0,0.0,0.0,0.0,0.0
440,1993-09-07,SZSE:002091,0.0,0.0,0.0,0.0,0.0,0.0,0.0,0.0,0.0,0.0,0.0,0.0,0.0,0.0,0.0,0.0,0.0,0.0,0.0,0.0,0.0,0.0,0.0,0.0,0.0,0.0,0.0,0.0,1.0,0.0,0.0,0.0,0.0,0.0,0.0,0.0,0.0
441,1993-09-08,SZSE:002091,0.0,0.0,0.0,0.0,0.0,0.0,0.0,0.0,0.0,0.0,0.0,0.0,0.0,0.0,0.0,0.0,0.0,0.0,0.0,0.0,0.0,0.0,0.0,0.0,0.0,0.0,0.0,0.0,1.0,0.0,0.0,0.0,0.0,0.0,0.0,0.0,0.0
442,1993-09-09,SZSE:002091,0.0,0.0,0.0,0.0,0.0,0.0,0.0,0.0,0.0,0.0,0.0,0.0,0.0,0.0,0.0,0.0,0.0,0.0,0.0,0.0,0.0,0.0,0.0,0.0,0.0,0.0,0.0,0.0,1.0,0.0,0.0,0.0,0.0,0.0,0.0,0.0,0.0
443,1993-09-10,SZSE:002091,0.0,0.0,0.0,0.0,0.0,0.0,0.0,0.0,0.0,0.0,0.0,0.0,0.0,0.0,0.0,0.0,0.0,0.0,0.0,0.0,0.0,0.0,0.0,0.0,0.0,0.0,0.0,0.0,1.0,0.0,0.0,0.0,0.0,0.0,0.0,0.0,0.0
444,1993-09-13,SZSE:002091,0.0,0.0,0.0,0.0,0.0,0.0,0.0,0.0,0.0,0.0,0.0,0.0,0.0,0.0,0.0,0.0,0.0,0.0,0.0,0.0,0.0,0.0,0.0,0.0,0.0,0.0,0.0,0.0,1.0,0.0,0.0,0.0,0.0,0.0,0.0,0.0,0.0
445,1993-09-14,SZSE:002091,0.0,0.0,0.0,0.0,0.0,0.0,0.0,0.0,0.0,0.0,0.0,0.0,0.0,0.0,0.0,0.0,0.0,0.0,0.0,0.0,0.0,0.0,0.0,0.0,0.0,0.0,0.0,0.0,1.0,0.0,0.0,0.0,0.0,0.0,0.0,0.0,0.0
446,1993-09-15,SZSE:002091,0.0,0.0,0.0,0.0,0.0,0.0,0.0,0.0,0.0,0.0,0.0,0.0,0.0,0.0,0.0,0.0,0.0,0.0,0.0,0.0,0.0,0.0,0.0,0.0,0.0,0.0,0.0,0.0,1.0,0.0,0.0,0.0,0.0,0.0,0.0,0.0,0.0
447,1993-09-16,SZSE:002091,0.0,0.0,0.0,0.0,0.0,0.0,0.0,0.0,0.0,0.0,0.0,0.0,0.0,0.0,0.0,0.0,0.0,0.0,0.0,0.0,0.0,0.0,0.0,0.0,0.0,0.0,0.0,0.0,1.0,0.0,0.0,0.0,0.0,0.0,0.0,0.0,0.0
448,1993-09-17,SZSE:002091,0.0,0.0,0.0,0.0,0.0,0.0,0.0,0.0,0.0,0.0,0.0,0.0,0.0,0.0,0.0,0.0,0.0,0.0,0.0,0.0,0.0,0.0,0.0,0.0,0.0,0.0,0.0,0.0,1.0,0.0,0.0,0.0,0.0,0.0,0.0,0.0,0.0
449,1993-09-20,SZSE:002091,0.0,0.0,0.0,0.0,0.0,0.0,0.0,0.0,0.0,0.0,0.0,0.0,0.0,0.0,0.0,0.0,0.0,0.0,0.0,0.0,0.0,0.0,0.0,0.0,0.0,0.0,0.0,0.0,1.0,0.0,0.0,0.0,0.0,0.0,0.0,0.0,0.0
450,1993-09-21,SZSE:002091,0.0,0.0,0.0,0.0,0.0,0.0,0.0,0.0,0.0,0.0,0.0,0.0,0.0,0.0,0.0,0.0,0.0,0.0,0.0,0.0,0.0,0.0,0.0,0.0,0.0,0.0,0.0,0.0,1.0,0.0,0.0,0.0,0.0,0.0,0.0,0.0,0.0
451,1993-09-22,SZSE:002091,0.0,0.0,0.0,0.0,0.0,0.0,0.0,0.0,0.0,0.0,0.0,0.0,0.0,0.0,0.0,0.0,0.0,0.0,0.0,0.0,0.0,0.0,0.0,0.0,0.0,0.0,0.0,0.0,1.0,0.0,0.0,0.0,0.0,0.0,0.0,0.0,0.0
452,1993-09-23,SZSE:002091,0.0,0.0,0.0,0.0,0.0,0.0,0.0,0.0,0.0,0.0,0.0,0.0,0.0,0.0,0.0,0.0,0.0,0.0,0.0,0.0,0.0,0.0,0.0,0.0,0.0,0.0,0.0,0.0,1.0,0.0,0.0,0.0,0.0,0.0,0.0,0.0,0.0
453,1993-09-24,SZSE:002091,0.0,0.0,0.0,0.0,0.0,0.0,0.0,0.0,0.0,0.0,0.0,0.0,0.0,0.0,0.0,0.0,0.0,0.0,0.0,0.0,0.0,0.0,0.0,0.0,0.0,0.0,0.0,0.0,1.0,0.0,0.0,0.0,0.0,0.0,0.0,0.0,0.0
454,1993-09-27,SZSE:002091,0.0,0.0,0.0,0.0,0.0,0.0,0.0,0.0,0.0,0.0,0.0,0.0,0.0,0.0,0.0,0.0,0.0,0.0,0.0,0.0,0.0,0.0,0.0,0.0,0.0,0.0,0.0,0.0,1.0,0.0,0.0,0.0,0.0,0.0,0.0,0.0,0.0
455,1993-09-28,SZSE:002091,0.0,0.0,0.0,0.0,0.0,0.0,0.0,0.0,0.0,0.0,0.0,0.0,0.0,0.0,0.0,0.0,0.0,0.0,0.0,0.0,0.0,0.0,0.0,0.0,0.0,0.0,0.0,0.0,1.0,0.0,0.0,0.0,0.0,0.0,0.0,0.0,0.0
456,1993-09-29,SZSE:002091,0.0,0.0,0.0,0.0,0.0,0.0,0.0,0.0,0.0,0.0,0.0,0.0,0.0,0.0,0.0,0.0,0.0,0.0,0.0,0.0,0.0,0.0,0.0,0.0,0.0,0.0,0.0,0.0,1.0,0.0,0.0,0.0,0.0,0.0,0.0,0.0,0.0
457,1993-09-30,SZSE:002091,0.0,0.0,0.0,0.0,0.0,0.0,0.0,0.0,0.0,0.0,0.0,0.0,0.0,0.0,0.0,0.0,0.0,0.0,0.0,0.0,0.0,0.0,0.0,0.0,0.0,0.0,0.0,0.0,1.0,0.0,0.0,0.0,0.0,0.0,0.0,0.0,0.0
458,1993-10-01,SZSE:002091,0.0,0.0,0.0,0.0,0.0,0.0,0.0,0.0,0.0,0.0,0.0,0.0,0.0,0.0,0.0,0.0,0.0,0.0,0.0,0.0,0.0,0.0,0.0,0.0,0.0,0.0,0.0,0.0,1.0,0.0,0.0,0.0,0.0,0.0,0.0,0.0,0.0
459,1993-10-04,SZSE:002091,0.0,0.0,0.0,0.0,0.0,0.0,0.0,0.0,0.0,0.0,0.0,0.0,0.0,0.0,0.0,0.0,0.0,0.0,0.0,0.0,0.0,0.0,0.0,0.0,0.0,0.0,0.0,0.0,1.0,0.0,0.0,0.0,0.0,0.0,0.0,0.0,0.0
460,1993-10-05,SZSE:002091,0.0,0.0,0.0,0.0,0.0,0.0,0.0,0.0,0.0,0.0,0.0,0.0,0.0,0.0,0.0,0.0,0.0,0.0,0.0,0.0,0.0,0.0,0.0,0.0,0.0,0.0,0.0,0.0,1.0,0.0,0.0,0.0,0.0,0.0,0.0,0.0,0.0
461,1993-10-06,SZSE:002091,0.0,0.0,0.0,0.0,0.0,0.0,0.0,0.0,0.0,0.0,0.0,0.0,0.0,0.0,0.0,0.0,0.0,0.0,0.0,0.0,0.0,0.0,0.0,0.0,0.0,0.0,0.0,0.0,1.0,0.0,0.0,0.0,0.0,0.0,0.0,0.0,0.0
462,1993-10-07,SZSE:002091,0.0,0.0,0.0,0.0,0.0,0.0,0.0,0.0,0.0,0.0,0.0,0.0,0.0,0.0,0.0,0.0,0.0,0.0,0.0,0.0,0.0,0.0,0.0,0.0,0.0,0.0,0.0,0.0,1.0,0.0,0.0,0.0,0.0,0.0,0.0,0.0,0.0
463,1993-10-08,SZSE:002091,0.0,0.0,0.0,0.0,0.0,0.0,0.0,0.0,0.0,0.0,0.0,0.0,0.0,0.0,0.0,0.0,0.0,0.0,0.0,0.0,0.0,0.0,0.0,0.0,0.0,0.0,0.0,0.0,1.0,0.0,0.0,0.0,0.0,0.0,0.0,0.0,0.0
464,1993-10-11,SZSE:002091,0.0,0.0,0.0,0.0,0.0,0.0,0.0,0.0,0.0,0.0,0.0,0.0,0.0,0.0,0.0,0.0,0.0,0.0,0.0,0.0,0.0,0.0,0.0,0.0,0.0,0.0,0.0,0.0,1.0,0.0,0.0,0.0,0.0,0.0,0.0,0.0,0.0
465,1993-10-12,SZSE:002091,0.0,0.0,0.0,0.0,0.0,0.0,0.0,0.0,0.0,0.0,0.0,0.0,0.0,0.0,0.0,0.0,0.0,0.0,0.0,0.0,0.0,0.0,0.0,0.0,0.0,0.0,0.0,0.0,1.0,0.0,0.0,0.0,0.0,0.0,0.0,0.0,0.0
466,1993-10-13,SZSE:002091,0.0,0.0,0.0,0.0,0.0,0.0,0.0,0.0,0.0,0.0,0.0,0.0,0.0,0.0,0.0,0.0,0.0,0.0,0.0,0.0,0.0,0.0,0.0,0.0,0.0,0.0,0.0,0.0,1.0,0.0,0.0,0.0,0.0,0.0,0.0,0.0,0.0
467,1993-10-14,SZSE:002091,0.0,0.0,0.0,0.0,0.0,0.0,0.0,0.0,0.0,0.0,0.0,0.0,0.0,0.0,0.0,0.0,0.0,0.0,0.0,0.0,0.0,0.0,0.0,0.0,0.0,0.0,0.0,0.0,1.0,0.0,0.0,0.0,0.0,0.0,0.0,0.0,0.0
468,1993-10-15,SZSE:002091,0.0,0.0,0.0,0.0,0.0,0.0,0.0,0.0,0.0,0.0,0.0,0.0,0.0,0.0,0.0,0.0,0.0,0.0,0.0,0.0,0.0,0.0,0.0,0.0,0.0,0.0,0.0,0.0,1.0,0.0,0.0,0.0,0.0,0.0,0.0,0.0,0.0
469,1993-10-18,SZSE:002091,0.0,0.0,0.0,0.0,0.0,0.0,0.0,0.0,0.0,0.0,0.0,0.0,0.0,0.0,0.0,0.0,0.0,0.0,0.0,0.0,0.0,0.0,0.0,0.0,0.0,0.0,0.0,0.0,1.0,0.0,0.0,0.0,0.0,0.0,0.0,0.0,0.0
470,1993-10-19,SZSE:002091,0.0,0.0,0.0,0.0,0.0,0.0,0.0,0.0,0.0,0.0,0.0,0.0,0.0,0.0,0.0,0.0,0.0,0.0,0.0,0.0,0.0,0.0,0.0,0.0,0.0,0.0,0.0,0.0,1.0,0.0,0.0,0.0,0.0,0.0,0.0,0.0,0.0
471,1993-10-20,SZSE:002091,0.0,0.0,0.0,0.0,0.0,0.0,0.0,0.0,0.0,0.0,0.0,0.0,0.0,0.0,0.0,0.0,0.0,0.0,0.0,0.0,0.0,0.0,0.0,0.0,0.0,0.0,0.0,0.0,1.0,0.0,0.0,0.0,0.0,0.0,0.0,0.0,0.0
472,1993-10-21,SZSE:002091,0.0,0.0,0.0,0.0,0.0,0.0,0.0,0.0,0.0,0.0,0.0,0.0,0.0,0.0,0.0,0.0,0.0,0.0,0.0,0.0,0.0,0.0,0.0,0.0,0.0,0.0,0.0,0.0,1.0,0.0,0.0,0.0,0.0,0.0,0.0,0.0,0.0
473,1993-10-22,SZSE:002091,0.0,0.0,0.0,0.0,0.0,0.0,0.0,0.0,0.0,0.0,0.0,0.0,0.0,0.0,0.0,0.0,0.0,0.0,0.0,0.0,0.0,0.0,0.0,0.0,0.0,0.0,0.0,0.0,1.0,0.0,0.0,0.0,0.0,0.0,0.0,0.0,0.0
474,1993-10-25,SZSE:002091,0.0,0.0,0.0,0.0,0.0,0.0,0.0,0.0,0.0,0.0,0.0,0.0,0.0,0.0,0.0,0.0,0.0,0.0,0.0,0.0,0.0,0.0,0.0,0.0,0.0,0.0,0.0,0.0,1.0,0.0,0.0,0.0,0.0,0.0,0.0,0.0,0.0
475,1993-10-26,SZSE:002091,0.0,0.0,0.0,0.0,0.0,0.0,0.0,0.0,0.0,0.0,0.0,0.0,0.0,0.0,0.0,0.0,0.0,0.0,0.0,0.0,0.0,0.0,0.0,0.0,0.0,0.0,0.0,0.0,1.0,0.0,0.0,0.0,0.0,0.0,0.0,0.0,0.0
476,1993-10-27,SZSE:002091,0.0,0.0,0.0,0.0,0.0,0.0,0.0,0.0,0.0,0.0,0.0,0.0,0.0,0.0,0.0,0.0,0.0,0.0,0.0,0.0,0.0,0.0,0.0,0.0,0.0,0.0,0.0,0.0,1.0,0.0,0.0,0.0,0.0,0.0,0.0,0.0,0.0
477,1993-10-28,SZSE:002091,0.0,0.0,0.0,0.0,0.0,0.0,0.0,0.0,0.0,0.0,0.0,0.0,0.0,0.0,0.0,0.0,0.0,0.0,0.0,0.0,0.0,0.0,0.0,0.0,0.0,0.0,0.0,0.0,1.0,0.0,0.0,0.0,0.0,0.0,0.0,0.0,0.0
478,1993-10-29,SZSE:002091,0.0,0.0,0.0,0.0,0.0,0.0,0.0,0.0,0.0,0.0,0.0,0.0,0.0,0.0,0.0,0.0,0.0,0.0,0.0,0.0,0.0,0.0,0.0,0.0,0.0,0.0,0.0,0.0,1.0,0.0,0.0,0.0,0.0,0.0,0.0,0.0,0.0
479,1993-11-01,SZSE:002091,0.0,0.0,0.0,0.0,0.0,0.0,0.0,0.0,0.0,0.0,0.0,0.0,0.0,0.0,0.0,0.0,0.0,0.0,0.0,0.0,0.0,0.0,0.0,0.0,0.0,0.0,0.0,0.0,1.0,0.0,0.0,0.0,0.0,0.0,0.0,0.0,0.0
480,1993-11-02,SZSE:002091,0.0,0.0,0.0,0.0,0.0,0.0,0.0,0.0,0.0,0.0,0.0,0.0,0.0,0.0,0.0,0.0,0.0,0.0,0.0,0.0,0.0,0.0,0.0,0.0,0.0,0.0,0.0,0.0,1.0,0.0,0.0,0.0,0.0,0.0,0.0,0.0,0.0
481,1993-11-03,SZSE:002091,0.0,0.0,0.0,0.0,0.0,0.0,0.0,0.0,0.0,0.0,0.0,0.0,0.0,0.0,0.0,0.0,0.0,0.0,0.0,0.0,0.0,0.0,0.0,0.0,0.0,0.0,0.0,0.0,1.0,0.0,0.0,0.0,0.0,0.0,0.0,0.0,0.0
482,1993-11-04,SZSE:002091,0.0,0.0,0.0,0.0,0.0,0.0,0.0,0.0,0.0,0.0,0.0,0.0,0.0,0.0,0.0,0.0,0.0,0.0,0.0,0.0,0.0,0.0,0.0,0.0,0.0,0.0,0.0,0.0,1.0,0.0,0.0,0.0,0.0,0.0,0.0,0.0,0.0
483,1993-11-05,SZSE:002091,0.0,0.0,0.0,0.0,0.0,0.0,0.0,0.0,0.0,0.0,0.0,0.0,0.0,0.0,0.0,0.0,0.0,0.0,0.0,0.0,0.0,0.0,0.0,0.0,0.0,0.0,0.0,0.0,1.0,0.0,0.0,0.0,0.0,0.0,0.0,0.0,0.0
484,1993-11-08,SZSE:002091,0.0,0.0,0.0,0.0,0.0,0.0,0.0,0.0,0.0,0.0,0.0,0.0,0.0,0.0,0.0,0.0,0.0,0.0,0.0,0.0,0.0,0.0,0.0,0.0,0.0,0.0,0.0,0.0,1.0,0.0,0.0,0.0,0.0,0.0,0.0,0.0,0.0
485,1993-11-09,SZSE:002091,0.0,0.0,0.0,0.0,0.0,0.0,0.0,0.0,0.0,0.0,0.0,0.0,0.0,0.0,0.0,0.0,0.0,0.0,0.0,0.0,0.0,0.0,0.0,0.0,0.0,0.0,0.0,0.0,1.0,0.0,0.0,0.0,0.0,0.0,0.0,0.0,0.0
486,1993-11-10,SZSE:002091,0.0,0.0,0.0,0.0,0.0,0.0,0.0,0.0,0.0,0.0,0.0,0.0,0.0,0.0,0.0,0.0,0.0,0.0,0.0,0.0,0.0,0.0,0.0,0.0,0.0,0.0,0.0,0.0,1.0,0.0,0.0,0.0,0.0,0.0,0.0,0.0,0.0
487,1993-11-11,SZSE:002091,0.0,0.0,0.0,0.0,0.0,0.0,0.0,0.0,0.0,0.0,0.0,0.0,0.0,0.0,0.0,0.0,0.0,0.0,0.0,0.0,0.0,0.0,0.0,0.0,0.0,0.0,0.0,0.0,1.0,0.0,0.0,0.0,0.0,0.0,0.0,0.0,0.0
488,1993-11-12,SZSE:002091,0.0,0.0,0.0,0.0,0.0,0.0,0.0,0.0,0.0,0.0,0.0,0.0,0.0,0.0,0.0,0.0,0.0,0.0,0.0,0.0,0.0,0.0,0.0,0.0,0.0,0.0,0.0,0.0,1.0,0.0,0.0,0.0,0.0,0.0,0.0,0.0,0.0
489,1993-11-15,SZSE:002091,0.0,0.0,0.0,0.0,0.0,0.0,0.0,0.0,0.0,0.0,0.0,0.0,0.0,0.0,0.0,0.0,0.0,0.0,0.0,0.0,0.0,0.0,0.0,0.0,0.0,0.0,0.0,0.0,1.0,0.0,0.0,0.0,0.0,0.0,0.0,0.0,0.0
490,1993-11-16,SZSE:002091,0.0,0.0,0.0,0.0,0.0,0.0,0.0,0.0,0.0,0.0,0.0,0.0,0.0,0.0,0.0,0.0,0.0,0.0,0.0,0.0,0.0,0.0,0.0,0.0,0.0,0.0,0.0,0.0,1.0,0.0,0.0,0.0,0.0,0.0,0.0,0.0,0.0
491,1993-11-17,SZSE:002091,0.0,0.0,0.0,0.0,0.0,0.0,0.0,0.0,0.0,0.0,0.0,0.0,0.0,0.0,0.0,0.0,0.0,0.0,0.0,0.0,0.0,0.0,0.0,0.0,0.0,0.0,0.0,0.0,1.0,0.0,0.0,0.0,0.0,0.0,0.0,0.0,0.0
492,1993-11-18,SZSE:002091,0.0,0.0,0.0,0.0,0.0,0.0,0.0,0.0,0.0,0.0,0.0,0.0,0.0,0.0,0.0,0.0,0.0,0.0,0.0,0.0,0.0,0.0,0.0,0.0,0.0,0.0,0.0,0.0,1.0,0.0,0.0,0.0,0.0,0.0,0.0,0.0,0.0
493,1993-11-19,SZSE:002091,0.0,0.0,0.0,0.0,0.0,0.0,0.0,0.0,0.0,0.0,0.0,0.0,0.0,0.0,0.0,0.0,0.0,0.0,0.0,0.0,0.0,0.0,0.0,0.0,0.0,0.0,0.0,0.0,1.0,0.0,0.0,0.0,0.0,0.0,0.0,0.0,0.0
494,1993-11-22,SZSE:002091,0.0,0.0,0.0,0.0,0.0,0.0,0.0,0.0,0.0,0.0,0.0,0.0,0.0,0.0,0.0,0.0,0.0,0.0,0.0,0.0,0.0,0.0,0.0,0.0,0.0,0.0,0.0,0.0,1.0,0.0,0.0,0.0,0.0,0.0,0.0,0.0,0.0
495,1993-11-23,SZSE:002091,0.0,0.0,0.0,0.0,0.0,0.0,0.0,0.0,0.0,0.0,0.0,0.0,0.0,0.0,0.0,0.0,0.0,0.0,0.0,0.0,0.0,0.0,0.0,0.0,0.0,0.0,0.0,0.0,1.0,0.0,0.0,0.0,0.0,0.0,0.0,0.0,0.0
496,1993-11-24,SZSE:002091,0.0,0.0,0.0,0.0,0.0,0.0,0.0,0.0,0.0,0.0,0.0,0.0,0.0,0.0,0.0,0.0,0.0,0.0,0.0,0.0,0.0,0.0,0.0,0.0,0.0,0.0,0.0,0.0,1.0,0.0,0.0,0.0,0.0,0.0,0.0,0.0,0.0
497,1993-11-25,SZSE:002091,0.0,0.0,0.0,0.0,0.0,0.0,0.0,0.0,0.0,0.0,0.0,0.0,0.0,0.0,0.0,0.0,0.0,0.0,0.0,0.0,0.0,0.0,0.0,0.0,0.0,0.0,0.0,0.0,1.0,0.0,0.0,0.0,0.0,0.0,0.0,0.0,0.0
498,1993-11-26,SZSE:002091,0.0,0.0,0.0,0.0,0.0,0.0,0.0,0.0,0.0,0.0,0.0,0.0,0.0,0.0,0.0,0.0,0.0,0.0,0.0,0.0,0.0,0.0,0.0,0.0,0.0,0.0,0.0,0.0,1.0,0.0,0.0,0.0,0.0,0.0,0.0,0.0,0.0
499,1993-11-29,SZSE:002091,0.0,0.0,0.0,0.0,0.0,0.0,0.0,0.0,0.0,0.0,0.0,0.0,0.0,0.0,0.0,0.0,0.0,0.0,0.0,0.0,0.0,0.0,0.0,0.0,0.0,0.0,0.0,0.0,1.0,0.0,0.0,0.0,0.0,0.0,0.0,0.0,0.0
500,1993-11-30,SZSE:002091,0.0,0.0,0.0,0.0,0.0,0.0,0.0,0.0,0.0,0.0,0.0,0.0,0.0,0.0,0.0,0.0,0.0,0.0,0.0,0.0,0.0,0.0,0.0,0.0,0.0,0.0,0.0,0.0,1.0,0.0,0.0,0.0,0.0,0.0,0.0,0.0,0.0
501,1993-12-01,SZSE:002091,0.0,0.0,0.0,0.0,0.0,0.0,0.0,0.0,0.0,0.0,0.0,0.0,0.0,0.0,0.0,0.0,0.0,0.0,0.0,0.0,0.0,0.0,0.0,0.0,0.0,0.0,0.0,0.0,1.0,0.0,0.0,0.0,0.0,0.0,0.0,0.0,0.0
502,1993-12-02,SZSE:002091,0.0,0.0,0.0,0.0,0.0,0.0,0.0,0.0,0.0,0.0,0.0,0.0,0.0,0.0,0.0,0.0,0.0,0.0,0.0,0.0,0.0,0.0,0.0,0.0,0.0,0.0,0.0,0.0,1.0,0.0,0.0,0.0,0.0,0.0,0.0,0.0,0.0
503,1993-12-03,SZSE:002091,0.0,0.0,0.0,0.0,0.0,0.0,0.0,0.0,0.0,0.0,0.0,0.0,0.0,0.0,0.0,0.0,0.0,0.0,0.0,0.0,0.0,0.0,0.0,0.0,0.0,0.0,0.0,0.0,1.0,0.0,0.0,0.0,0.0,0.0,0.0,0.0,0.0
504,1993-12-06,SZSE:002091,0.0,0.0,0.0,0.0,0.0,0.0,0.0,0.0,0.0,0.0,0.0,0.0,0.0,0.0,0.0,0.0,0.0,0.0,0.0,0.0,0.0,0.0,0.0,0.0,0.0,0.0,0.0,0.0,1.0,0.0,0.0,0.0,0.0,0.0,0.0,0.0,0.0
505,1993-12-07,SZSE:002091,0.0,0.0,0.0,0.0,0.0,0.0,0.0,0.0,0.0,0.0,0.0,0.0,0.0,0.0,0.0,0.0,0.0,0.0,0.0,0.0,0.0,0.0,0.0,0.0,0.0,0.0,0.0,0.0,1.0,0.0,0.0,0.0,0.0,0.0,0.0,0.0,0.0
506,1993-12-08,SZSE:002091,0.0,0.0,0.0,0.0,0.0,0.0,0.0,0.0,0.0,0.0,0.0,0.0,0.0,0.0,0.0,0.0,0.0,0.0,0.0,0.0,0.0,0.0,0.0,0.0,0.0,0.0,0.0,0.0,1.0,0.0,0.0,0.0,0.0,0.0,0.0,0.0,0.0
507,1993-12-09,SZSE:002091,0.0,0.0,0.0,0.0,0.0,0.0,0.0,0.0,0.0,0.0,0.0,0.0,0.0,0.0,0.0,0.0,0.0,0.0,0.0,0.0,0.0,0.0,0.0,0.0,0.0,0.0,0.0,0.0,1.0,0.0,0.0,0.0,0.0,0.0,0.0,0.0,0.0
508,1993-12-10,SZSE:002091,0.0,0.0,0.0,0.0,0.0,0.0,0.0,0.0,0.0,0.0,0.0,0.0,0.0,0.0,0.0,0.0,0.0,0.0,0.0,0.0,0.0,0.0,0.0,0.0,0.0,0.0,0.0,0.0,1.0,0.0,0.0,0.0,0.0,0.0,0.0,0.0,0.0
509,1993-12-13,SZSE:002091,0.0,0.0,0.0,0.0,0.0,0.0,0.0,0.0,0.0,0.0,0.0,0.0,0.0,0.0,0.0,0.0,0.0,0.0,0.0,0.0,0.0,0.0,0.0,0.0,0.0,0.0,0.0,0.0,1.0,0.0,0.0,0.0,0.0,0.0,0.0,0.0,0.0
510,1993-12-14,SZSE:002091,0.0,0.0,0.0,0.0,0.0,0.0,0.0,0.0,0.0,0.0,0.0,0.0,0.0,0.0,0.0,0.0,0.0,0.0,0.0,0.0,0.0,0.0,0.0,0.0,0.0,0.0,0.0,0.0,1.0,0.0,0.0,0.0,0.0,0.0,0.0,0.0,0.0
511,1993-12-15,SZSE:002091,0.0,0.0,0.0,0.0,0.0,0.0,0.0,0.0,0.0,0.0,0.0,0.0,0.0,0.0,0.0,0.0,0.0,0.0,0.0,0.0,0.0,0.0,0.0,0.0,0.0,0.0,0.0,0.0,1.0,0.0,0.0,0.0,0.0,0.0,0.0,0.0,0.0
512,1993-12-16,SZSE:002091,0.0,0.0,0.0,0.0,0.0,0.0,0.0,0.0,0.0,0.0,0.0,0.0,0.0,0.0,0.0,0.0,0.0,0.0,0.0,0.0,0.0,0.0,0.0,0.0,0.0,0.0,0.0,0.0,1.0,0.0,0.0,0.0,0.0,0.0,0.0,0.0,0.0
513,1993-12-17,SZSE:002091,0.0,0.0,0.0,0.0,0.0,0.0,0.0,0.0,0.0,0.0,0.0,0.0,0.0,0.0,0.0,0.0,0.0,0.0,0.0,0.0,0.0,0.0,0.0,0.0,0.0,0.0,0.0,0.0,1.0,0.0,0.0,0.0,0.0,0.0,0.0,0.0,0.0
514,1993-12-20,SZSE:002091,0.0,0.0,0.0,0.0,0.0,0.0,0.0,0.0,0.0,0.0,0.0,0.0,0.0,0.0,0.0,0.0,0.0,0.0,0.0,0.0,0.0,0.0,0.0,0.0,0.0,0.0,0.0,0.0,1.0,0.0,0.0,0.0,0.0,0.0,0.0,0.0,0.0
515,1993-12-21,SZSE:002091,0.0,0.0,0.0,0.0,0.0,0.0,0.0,0.0,0.0,0.0,0.0,0.0,0.0,0.0,0.0,0.0,0.0,0.0,0.0,0.0,0.0,0.0,0.0,0.0,0.0,0.0,0.0,0.0,1.0,0.0,0.0,0.0,0.0,0.0,0.0,0.0,0.0
516,1993-12-22,SZSE:002091,0.0,0.0,0.0,0.0,0.0,0.0,0.0,0.0,0.0,0.0,0.0,0.0,0.0,0.0,0.0,0.0,0.0,0.0,0.0,0.0,0.0,0.0,0.0,0.0,0.0,0.0,0.0,0.0,1.0,0.0,0.0,0.0,0.0,0.0,0.0,0.0,0.0
517,1993-12-23,SZSE:002091,0.0,0.0,0.0,0.0,0.0,0.0,0.0,0.0,0.0,0.0,0.0,0.0,0.0,0.0,0.0,0.0,0.0,0.0,0.0,0.0,0.0,0.0,0.0,0.0,0.0,0.0,0.0,0.0,1.0,0.0,0.0,0.0,0.0,0.0,0.0,0.0,0.0
518,1993-12-24,SZSE:002091,0.0,0.0,0.0,0.0,0.0,0.0,0.0,0.0,0.0,0.0,0.0,0.0,0.0,0.0,0.0,0.0,0.0,0.0,0.0,0.0,0.0,0.0,0.0,0.0,0.0,0.0,0.0,0.0,1.0,0.0,0.0,0.0,0.0,0.0,0.0,0.0,0.0
519,1993-12-27,SZSE:002091,0.0,0.0,0.0,0.0,0.0,0.0,0.0,0.0,0.0,0.0,0.0,0.0,0.0,0.0,0.0,0.0,0.0,0.0,0.0,0.0,0.0,0.0,0.0,0.0,0.0,0.0,0.0,0.0,1.0,0.0,0.0,0.0,0.0,0.0,0.0,0.0,0.0
520,1993-12-28,SZSE:002091,0.0,0.0,0.0,0.0,0.0,0.0,0.0,0.0,0.0,0.0,0.0,0.0,0.0,0.0,0.0,0.0,0.0,0.0,0.0,0.0,0.0,0.0,0.0,0.0,0.0,0.0,0.0,0.0,1.0,0.0,0.0,0.0,0.0,0.0,0.0,0.0,0.0
521,1993-12-29,SZSE:002091,0.0,0.0,0.0,0.0,0.0,0.0,0.0,0.0,0.0,0.0,0.0,0.0,0.0,0.0,0.0,0.0,0.0,0.0,0.0,0.0,0.0,0.0,0.0,0.0,0.0,0.0,0.0,0.0,1.0,0.0,0.0,0.0,0.0,0.0,0.0,0.0,0.0
522,1993-12-30,SZSE:002091,0.0,0.0,0.0,0.0,0.0,0.0,0.0,0.0,0.0,0.0,0.0,0.0,0.0,0.0,0.0,0.0,0.0,0.0,0.0,0.0,0.0,0.0,0.0,0.0,0.0,0.0,0.0,0.0,1.0,0.0,0.0,0.0,0.0,0.0,0.0,0.0,0.0
523,1993-12-31,SZSE:002091,0.0,0.0,0.0,0.0,0.0,0.0,0.0,0.0,0.0,0.0,0.0,0.0,0.0,0.0,0.0,0.0,0.0,0.0,0.0,0.0,0.0,0.0,0.0,0.0,0.0,0.0,0.0,0.0,1.0,0.0,0.0,0.0,0.0,0.0,0.0,0.0,0.0
524,1994-01-03,SZSE:002091,0.0,0.0,0.0,0.0,0.0,0.0,0.0,0.0,0.0,0.0,0.0,0.0,0.0,0.0,0.0,0.0,0.0,0.0,0.0,0.0,0.0,0.0,0.0,0.0,0.0,0.0,0.0,0.0,1.0,0.0,0.0,0.0,0.0,0.0,0.0,0.0,0.0
525,1994-01-04,SZSE:002091,0.0,0.0,0.0,0.0,0.0,0.0,0.0,0.0,0.0,0.0,0.0,0.0,0.0,0.0,0.0,0.0,0.0,0.0,0.0,0.0,0.0,0.0,0.0,0.0,0.0,0.0,0.0,0.0,1.0,0.0,0.0,0.0,0.0,0.0,0.0,0.0,0.0
526,1994-01-05,SZSE:002091,0.0,0.0,0.0,0.0,0.0,0.0,0.0,0.0,0.0,0.0,0.0,0.0,0.0,0.0,0.0,0.0,0.0,0.0,0.0,0.0,0.0,0.0,0.0,0.0,0.0,0.0,0.0,0.0,1.0,0.0,0.0,0.0,0.0,0.0,0.0,0.0,0.0
527,1994-01-06,SZSE:002091,0.0,0.0,0.0,0.0,0.0,0.0,0.0,0.0,0.0,0.0,0.0,0.0,0.0,0.0,0.0,0.0,0.0,0.0,0.0,0.0,0.0,0.0,0.0,0.0,0.0,0.0,0.0,0.0,1.0,0.0,0.0,0.0,0.0,0.0,0.0,0.0,0.0
528,1994-01-07,SZSE:002091,0.0,0.0,0.0,0.0,0.0,0.0,0.0,0.0,0.0,0.0,0.0,0.0,0.0,0.0,0.0,0.0,0.0,0.0,0.0,0.0,0.0,0.0,0.0,0.0,0.0,0.0,0.0,0.0,1.0,0.0,0.0,0.0,0.0,0.0,0.0,0.0,0.0
529,1994-01-10,SZSE:002091,0.0,0.0,0.0,0.0,0.0,0.0,0.0,0.0,0.0,0.0,0.0,0.0,0.0,0.0,0.0,0.0,0.0,0.0,0.0,0.0,0.0,0.0,0.0,0.0,0.0,0.0,0.0,0.0,1.0,0.0,0.0,0.0,0.0,0.0,0.0,0.0,0.0
530,1994-01-11,SZSE:002091,0.0,0.0,0.0,0.0,0.0,0.0,0.0,0.0,0.0,0.0,0.0,0.0,0.0,0.0,0.0,0.0,0.0,0.0,0.0,0.0,0.0,0.0,0.0,0.0,0.0,0.0,0.0,0.0,1.0,0.0,0.0,0.0,0.0,0.0,0.0,0.0,0.0
531,1994-01-12,SZSE:002091,0.0,0.0,0.0,0.0,0.0,0.0,0.0,0.0,0.0,0.0,0.0,0.0,0.0,0.0,0.0,0.0,0.0,0.0,0.0,0.0,0.0,0.0,0.0,0.0,0.0,0.0,0.0,0.0,1.0,0.0,0.0,0.0,0.0,0.0,0.0,0.0,0.0
532,1994-01-13,SZSE:002091,0.0,0.0,0.0,0.0,0.0,0.0,0.0,0.0,0.0,0.0,0.0,0.0,0.0,0.0,0.0,0.0,0.0,0.0,0.0,0.0,0.0,0.0,0.0,0.0,0.0,0.0,0.0,0.0,1.0,0.0,0.0,0.0,0.0,0.0,0.0,0.0,0.0
533,1994-01-14,SZSE:002091,0.0,0.0,0.0,0.0,0.0,0.0,0.0,0.0,0.0,0.0,0.0,0.0,0.0,0.0,0.0,0.0,0.0,0.0,0.0,0.0,0.0,0.0,0.0,0.0,0.0,0.0,0.0,0.0,1.0,0.0,0.0,0.0,0.0,0.0,0.0,0.0,0.0
534,1994-01-17,SZSE:002091,0.0,0.0,0.0,0.0,0.0,0.0,0.0,0.0,0.0,0.0,0.0,0.0,0.0,0.0,0.0,0.0,0.0,0.0,0.0,0.0,0.0,0.0,0.0,0.0,0.0,0.0,0.0,0.0,1.0,0.0,0.0,0.0,0.0,0.0,0.0,0.0,0.0
535,1994-01-18,SZSE:002091,0.0,0.0,0.0,0.0,0.0,0.0,0.0,0.0,0.0,0.0,0.0,0.0,0.0,0.0,0.0,0.0,0.0,0.0,0.0,0.0,0.0,0.0,0.0,0.0,0.0,0.0,0.0,0.0,1.0,0.0,0.0,0.0,0.0,0.0,0.0,0.0,0.0
536,1994-01-19,SZSE:002091,0.0,0.0,0.0,0.0,0.0,0.0,0.0,0.0,0.0,0.0,0.0,0.0,0.0,0.0,0.0,0.0,0.0,0.0,0.0,0.0,0.0,0.0,0.0,0.0,0.0,0.0,0.0,0.0,1.0,0.0,0.0,0.0,0.0,0.0,0.0,0.0,0.0
537,1994-01-20,SZSE:002091,0.0,0.0,0.0,0.0,0.0,0.0,0.0,0.0,0.0,0.0,0.0,0.0,0.0,0.0,0.0,0.0,0.0,0.0,0.0,0.0,0.0,0.0,0.0,0.0,0.0,0.0,0.0,0.0,1.0,0.0,0.0,0.0,0.0,0.0,0.0,0.0,0.0
538,1994-01-21,SZSE:002091,0.0,0.0,0.0,0.0,0.0,0.0,0.0,0.0,0.0,0.0,0.0,0.0,0.0,0.0,0.0,0.0,0.0,0.0,0.0,0.0,0.0,0.0,0.0,0.0,0.0,0.0,0.0,0.0,1.0,0.0,0.0,0.0,0.0,0.0,0.0,0.0,0.0
539,1994-01-24,SZSE:002091,0.0,0.0,0.0,0.0,0.0,0.0,0.0,0.0,0.0,0.0,0.0,0.0,0.0,0.0,0.0,0.0,0.0,0.0,0.0,0.0,0.0,0.0,0.0,0.0,0.0,0.0,0.0,0.0,1.0,0.0,0.0,0.0,0.0,0.0,0.0,0.0,0.0
540,1994-01-25,SZSE:002091,0.0,0.0,0.0,0.0,0.0,0.0,0.0,0.0,0.0,0.0,0.0,0.0,0.0,0.0,0.0,0.0,0.0,0.0,0.0,0.0,0.0,0.0,0.0,0.0,0.0,0.0,0.0,0.0,1.0,0.0,0.0,0.0,0.0,0.0,0.0,0.0,0.0
541,1994-01-26,SZSE:002091,0.0,0.0,0.0,0.0,0.0,0.0,0.0,0.0,0.0,0.0,0.0,0.0,0.0,0.0,0.0,0.0,0.0,0.0,0.0,0.0,0.0,0.0,0.0,0.0,0.0,0.0,0.0,0.0,1.0,0.0,0.0,0.0,0.0,0.0,0.0,0.0,0.0
542,1994-01-27,SZSE:002091,0.0,0.0,0.0,0.0,0.0,0.0,0.0,0.0,0.0,0.0,0.0,0.0,0.0,0.0,0.0,0.0,0.0,0.0,0.0,0.0,0.0,0.0,0.0,0.0,0.0,0.0,0.0,0.0,1.0,0.0,0.0,0.0,0.0,0.0,0.0,0.0,0.0
543,1994-01-28,SZSE:002091,0.0,0.0,0.0,0.0,0.0,0.0,0.0,0.0,0.0,0.0,0.0,0.0,0.0,0.0,0.0,0.0,0.0,0.0,0.0,0.0,0.0,0.0,0.0,0.0,0.0,0.0,0.0,0.0,1.0,0.0,0.0,0.0,0.0,0.0,0.0,0.0,0.0
544,1994-01-31,SZSE:002091,0.0,0.0,0.0,0.0,0.0,0.0,0.0,0.0,0.0,0.0,0.0,0.0,0.0,0.0,0.0,0.0,0.0,0.0,0.0,0.0,0.0,0.0,0.0,0.0,0.0,0.0,0.0,0.0,1.0,0.0,0.0,0.0,0.0,0.0,0.0,0.0,0.0
545,1994-02-01,SZSE:002091,0.0,0.0,0.0,0.0,0.0,0.0,0.0,0.0,0.0,0.0,0.0,0.0,0.0,0.0,0.0,0.0,0.0,0.0,0.0,0.0,0.0,0.0,0.0,0.0,0.0,0.0,0.0,0.0,1.0,0.0,0.0,0.0,0.0,0.0,0.0,0.0,0.0
546,1994-02-02,SZSE:002091,0.0,0.0,0.0,0.0,0.0,0.0,0.0,0.0,0.0,0.0,0.0,0.0,0.0,0.0,0.0,0.0,0.0,0.0,0.0,0.0,0.0,0.0,0.0,0.0,0.0,0.0,0.0,0.0,1.0,0.0,0.0,0.0,0.0,0.0,0.0,0.0,0.0
547,1994-02-03,SZSE:002091,0.0,0.0,0.0,0.0,0.0,0.0,0.0,0.0,0.0,0.0,0.0,0.0,0.0,0.0,0.0,0.0,0.0,0.0,0.0,0.0,0.0,0.0,0.0,0.0,0.0,0.0,0.0,0.0,1.0,0.0,0.0,0.0,0.0,0.0,0.0,0.0,0.0
548,1994-02-04,SZSE:002091,0.0,0.0,0.0,0.0,0.0,0.0,0.0,0.0,0.0,0.0,0.0,0.0,0.0,0.0,0.0,0.0,0.0,0.0,0.0,0.0,0.0,0.0,0.0,0.0,0.0,0.0,0.0,0.0,1.0,0.0,0.0,0.0,0.0,0.0,0.0,0.0,0.0
549,1994-02-07,SZSE:002091,0.0,0.0,0.0,0.0,0.0,0.0,0.0,0.0,0.0,0.0,0.0,0.0,0.0,0.0,0.0,0.0,0.0,0.0,0.0,0.0,0.0,0.0,0.0,0.0,0.0,0.0,0.0,0.0,1.0,0.0,0.0,0.0,0.0,0.0,0.0,0.0,0.0
550,1994-02-08,SZSE:002091,0.0,0.0,0.0,0.0,0.0,0.0,0.0,0.0,0.0,0.0,0.0,0.0,0.0,0.0,0.0,0.0,0.0,0.0,0.0,0.0,0.0,0.0,0.0,0.0,0.0,0.0,0.0,0.0,1.0,0.0,0.0,0.0,0.0,0.0,0.0,0.0,0.0
551,1994-02-09,SZSE:002091,0.0,0.0,0.0,0.0,0.0,0.0,0.0,0.0,0.0,0.0,0.0,0.0,0.0,0.0,0.0,0.0,0.0,0.0,0.0,0.0,0.0,0.0,0.0,0.0,0.0,0.0,0.0,0.0,1.0,0.0,0.0,0.0,0.0,0.0,0.0,0.0,0.0
552,1994-02-10,SZSE:002091,0.0,0.0,0.0,0.0,0.0,0.0,0.0,0.0,0.0,0.0,0.0,0.0,0.0,0.0,0.0,0.0,0.0,0.0,0.0,0.0,0.0,0.0,0.0,0.0,0.0,0.0,0.0,0.0,1.0,0.0,0.0,0.0,0.0,0.0,0.0,0.0,0.0
553,1994-02-11,SZSE:002091,0.0,0.0,0.0,0.0,0.0,0.0,0.0,0.0,0.0,0.0,0.0,0.0,0.0,0.0,0.0,0.0,0.0,0.0,0.0,0.0,0.0,0.0,0.0,0.0,0.0,0.0,0.0,0.0,1.0,0.0,0.0,0.0,0.0,0.0,0.0,0.0,0.0
554,1994-02-14,SZSE:002091,0.0,0.0,0.0,0.0,0.0,0.0,0.0,0.0,0.0,0.0,0.0,0.0,0.0,0.0,0.0,0.0,0.0,0.0,0.0,0.0,0.0,0.0,0.0,0.0,0.0,0.0,0.0,0.0,1.0,0.0,0.0,0.0,0.0,0.0,0.0,0.0,0.0
555,1994-02-15,SZSE:002091,0.0,0.0,0.0,0.0,0.0,0.0,0.0,0.0,0.0,0.0,0.0,0.0,0.0,0.0,0.0,0.0,0.0,0.0,0.0,0.0,0.0,0.0,0.0,0.0,0.0,0.0,0.0,0.0,1.0,0.0,0.0,0.0,0.0,0.0,0.0,0.0,0.0
556,1994-02-16,SZSE:002091,0.0,0.0,0.0,0.0,0.0,0.0,0.0,0.0,0.0,0.0,0.0,0.0,0.0,0.0,0.0,0.0,0.0,0.0,0.0,0.0,0.0,0.0,0.0,0.0,0.0,0.0,0.0,0.0,1.0,0.0,0.0,0.0,0.0,0.0,0.0,0.0,0.0
557,1994-02-17,SZSE:002091,0.0,0.0,0.0,0.0,0.0,0.0,0.0,0.0,0.0,0.0,0.0,0.0,0.0,0.0,0.0,0.0,0.0,0.0,0.0,0.0,0.0,0.0,0.0,0.0,0.0,0.0,0.0,0.0,1.0,0.0,0.0,0.0,0.0,0.0,0.0,0.0,0.0
558,1994-02-18,SZSE:002091,0.0,0.0,0.0,0.0,0.0,0.0,0.0,0.0,0.0,0.0,0.0,0.0,0.0,0.0,0.0,0.0,0.0,0.0,0.0,0.0,0.0,0.0,0.0,0.0,0.0,0.0,0.0,0.0,1.0,0.0,0.0,0.0,0.0,0.0,0.0,0.0,0.0
559,1994-02-21,SZSE:002091,0.0,0.0,0.0,0.0,0.0,0.0,0.0,0.0,0.0,0.0,0.0,0.0,0.0,0.0,0.0,0.0,0.0,0.0,0.0,0.0,0.0,0.0,0.0,0.0,0.0,0.0,0.0,0.0,1.0,0.0,0.0,0.0,0.0,0.0,0.0,0.0,0.0
560,1994-02-22,SZSE:002091,0.0,0.0,0.0,0.0,0.0,0.0,0.0,0.0,0.0,0.0,0.0,0.0,0.0,0.0,0.0,0.0,0.0,0.0,0.0,0.0,0.0,0.0,0.0,0.0,0.0,0.0,0.0,0.0,1.0,0.0,0.0,0.0,0.0,0.0,0.0,0.0,0.0
561,1994-02-23,SZSE:002091,0.0,0.0,0.0,0.0,0.0,0.0,0.0,0.0,0.0,0.0,0.0,0.0,0.0,0.0,0.0,0.0,0.0,0.0,0.0,0.0,0.0,0.0,0.0,0.0,0.0,0.0,0.0,0.0,1.0,0.0,0.0,0.0,0.0,0.0,0.0,0.0,0.0
562,1994-02-24,SZSE:002091,0.0,0.0,0.0,0.0,0.0,0.0,0.0,0.0,0.0,0.0,0.0,0.0,0.0,0.0,0.0,0.0,0.0,0.0,0.0,0.0,0.0,0.0,0.0,0.0,0.0,0.0,0.0,0.0,1.0,0.0,0.0,0.0,0.0,0.0,0.0,0.0,0.0
563,1994-02-25,SZSE:002091,0.0,0.0,0.0,0.0,0.0,0.0,0.0,0.0,0.0,0.0,0.0,0.0,0.0,0.0,0.0,0.0,0.0,0.0,0.0,0.0,0.0,0.0,0.0,0.0,0.0,0.0,0.0,0.0,1.0,0.0,0.0,0.0,0.0,0.0,0.0,0.0,0.0
564,1994-02-28,SZSE:002091,0.0,0.0,0.0,0.0,0.0,0.0,0.0,0.0,0.0,0.0,0.0,0.0,0.0,0.0,0.0,0.0,0.0,0.0,0.0,0.0,0.0,0.0,0.0,0.0,0.0,0.0,0.0,0.0,1.0,0.0,0.0,0.0,0.0,0.0,0.0,0.0,0.0
565,1994-03-01,SZSE:002091,0.0,0.0,0.0,0.0,0.0,0.0,0.0,0.0,0.0,0.0,0.0,0.0,0.0,0.0,0.0,0.0,0.0,0.0,0.0,0.0,0.0,0.0,0.0,0.0,0.0,0.0,0.0,0.0,1.0,0.0,0.0,0.0,0.0,0.0,0.0,0.0,0.0
566,1994-03-02,SZSE:002091,0.0,0.0,0.0,0.0,0.0,0.0,0.0,0.0,0.0,0.0,0.0,0.0,0.0,0.0,0.0,0.0,0.0,0.0,0.0,0.0,0.0,0.0,0.0,0.0,0.0,0.0,0.0,0.0,1.0,0.0,0.0,0.0,0.0,0.0,0.0,0.0,0.0
567,1994-03-03,SZSE:002091,0.0,0.0,0.0,0.0,0.0,0.0,0.0,0.0,0.0,0.0,0.0,0.0,0.0,0.0,0.0,0.0,0.0,0.0,0.0,0.0,0.0,0.0,0.0,0.0,0.0,0.0,0.0,0.0,1.0,0.0,0.0,0.0,0.0,0.0,0.0,0.0,0.0
568,1994-03-04,SZSE:002091,0.0,0.0,0.0,0.0,0.0,0.0,0.0,0.0,0.0,0.0,0.0,0.0,0.0,0.0,0.0,0.0,0.0,0.0,0.0,0.0,0.0,0.0,0.0,0.0,0.0,0.0,0.0,0.0,1.0,0.0,0.0,0.0,0.0,0.0,0.0,0.0,0.0
569,1994-03-07,SZSE:002091,0.0,0.0,0.0,0.0,0.0,0.0,0.0,0.0,0.0,0.0,0.0,0.0,0.0,0.0,0.0,0.0,0.0,0.0,0.0,0.0,0.0,0.0,0.0,0.0,0.0,0.0,0.0,0.0,1.0,0.0,0.0,0.0,0.0,0.0,0.0,0.0,0.0
570,1994-03-08,SZSE:002091,0.0,0.0,0.0,0.0,0.0,0.0,0.0,0.0,0.0,0.0,0.0,0.0,0.0,0.0,0.0,0.0,0.0,0.0,0.0,0.0,0.0,0.0,0.0,0.0,0.0,0.0,0.0,0.0,1.0,0.0,0.0,0.0,0.0,0.0,0.0,0.0,0.0
571,1994-03-09,SZSE:002091,0.0,0.0,0.0,0.0,0.0,0.0,0.0,0.0,0.0,0.0,0.0,0.0,0.0,0.0,0.0,0.0,0.0,0.0,0.0,0.0,0.0,0.0,0.0,0.0,0.0,0.0,0.0,0.0,1.0,0.0,0.0,0.0,0.0,0.0,0.0,0.0,0.0
572,1994-03-10,SZSE:002091,0.0,0.0,0.0,0.0,0.0,0.0,0.0,0.0,0.0,0.0,0.0,0.0,0.0,0.0,0.0,0.0,0.0,0.0,0.0,0.0,0.0,0.0,0.0,0.0,0.0,0.0,0.0,0.0,1.0,0.0,0.0,0.0,0.0,0.0,0.0,0.0,0.0
573,1994-03-11,SZSE:002091,0.0,0.0,0.0,0.0,0.0,0.0,0.0,0.0,0.0,0.0,0.0,0.0,0.0,0.0,0.0,0.0,0.0,0.0,0.0,0.0,0.0,0.0,0.0,0.0,0.0,0.0,0.0,0.0,1.0,0.0,0.0,0.0,0.0,0.0,0.0,0.0,0.0
574,1994-03-14,SZSE:002091,0.0,0.0,0.0,0.0,0.0,0.0,0.0,0.0,0.0,0.0,0.0,0.0,0.0,0.0,0.0,0.0,0.0,0.0,0.0,0.0,0.0,0.0,0.0,0.0,0.0,0.0,0.0,0.0,1.0,0.0,0.0,0.0,0.0,0.0,0.0,0.0,0.0
575,1994-03-15,SZSE:002091,0.0,0.0,0.0,0.0,0.0,0.0,0.0,0.0,0.0,0.0,0.0,0.0,0.0,0.0,0.0,0.0,0.0,0.0,0.0,0.0,0.0,0.0,0.0,0.0,0.0,0.0,0.0,0.0,1.0,0.0,0.0,0.0,0.0,0.0,0.0,0.0,0.0
576,1994-03-16,SZSE:002091,0.0,0.0,0.0,0.0,0.0,0.0,0.0,0.0,0.0,0.0,0.0,0.0,0.0,0.0,0.0,0.0,0.0,0.0,0.0,0.0,0.0,0.0,0.0,0.0,0.0,0.0,0.0,0.0,1.0,0.0,0.0,0.0,0.0,0.0,0.0,0.0,0.0
577,1994-03-17,SZSE:002091,0.0,0.0,0.0,0.0,0.0,0.0,0.0,0.0,0.0,0.0,0.0,0.0,0.0,0.0,0.0,0.0,0.0,0.0,0.0,0.0,0.0,0.0,0.0,0.0,0.0,0.0,0.0,0.0,1.0,0.0,0.0,0.0,0.0,0.0,0.0,0.0,0.0
578,1994-03-18,SZSE:002091,0.0,0.0,0.0,0.0,0.0,0.0,0.0,0.0,0.0,0.0,0.0,0.0,0.0,0.0,0.0,0.0,0.0,0.0,0.0,0.0,0.0,0.0,0.0,0.0,0.0,0.0,0.0,0.0,1.0,0.0,0.0,0.0,0.0,0.0,0.0,0.0,0.0
579,1994-03-21,SZSE:002091,0.0,0.0,0.0,0.0,0.0,0.0,0.0,0.0,0.0,0.0,0.0,0.0,0.0,0.0,0.0,0.0,0.0,0.0,0.0,0.0,0.0,0.0,0.0,0.0,0.0,0.0,0.0,0.0,1.0,0.0,0.0,0.0,0.0,0.0,0.0,0.0,0.0
580,1994-03-22,SZSE:002091,0.0,0.0,0.0,0.0,0.0,0.0,0.0,0.0,0.0,0.0,0.0,0.0,0.0,0.0,0.0,0.0,0.0,0.0,0.0,0.0,0.0,0.0,0.0,0.0,0.0,0.0,0.0,0.0,1.0,0.0,0.0,0.0,0.0,0.0,0.0,0.0,0.0
581,1994-03-23,SZSE:002091,0.0,0.0,0.0,0.0,0.0,0.0,0.0,0.0,0.0,0.0,0.0,0.0,0.0,0.0,0.0,0.0,0.0,0.0,0.0,0.0,0.0,0.0,0.0,0.0,0.0,0.0,0.0,0.0,1.0,0.0,0.0,0.0,0.0,0.0,0.0,0.0,0.0
582,1994-03-24,SZSE:002091,0.0,0.0,0.0,0.0,0.0,0.0,0.0,0.0,0.0,0.0,0.0,0.0,0.0,0.0,0.0,0.0,0.0,0.0,0.0,0.0,0.0,0.0,0.0,0.0,0.0,0.0,0.0,0.0,1.0,0.0,0.0,0.0,0.0,0.0,0.0,0.0,0.0
583,1994-03-25,SZSE:002091,0.0,0.0,0.0,0.0,0.0,0.0,0.0,0.0,0.0,0.0,0.0,0.0,0.0,0.0,0.0,0.0,0.0,0.0,0.0,0.0,0.0,0.0,0.0,0.0,0.0,0.0,0.0,0.0,1.0,0.0,0.0,0.0,0.0,0.0,0.0,0.0,0.0
584,1994-03-28,SZSE:002091,0.0,0.0,0.0,0.0,0.0,0.0,0.0,0.0,0.0,0.0,0.0,0.0,0.0,0.0,0.0,0.0,0.0,0.0,0.0,0.0,0.0,0.0,0.0,0.0,0.0,0.0,0.0,0.0,1.0,0.0,0.0,0.0,0.0,0.0,0.0,0.0,0.0
585,1994-03-29,SZSE:002091,0.0,0.0,0.0,0.0,0.0,0.0,0.0,0.0,0.0,0.0,0.0,0.0,0.0,0.0,0.0,0.0,0.0,0.0,0.0,0.0,0.0,0.0,0.0,0.0,0.0,0.0,0.0,0.0,1.0,0.0,0.0,0.0,0.0,0.0,0.0,0.0,0.0
586,1994-03-30,SZSE:002091,0.0,0.0,0.0,0.0,0.0,0.0,0.0,0.0,0.0,0.0,0.0,0.0,0.0,0.0,0.0,0.0,0.0,0.0,0.0,0.0,0.0,0.0,0.0,0.0,0.0,0.0,0.0,0.0,1.0,0.0,0.0,0.0,0.0,0.0,0.0,0.0,0.0
587,1994-03-31,SZSE:002091,0.0,0.0,0.0,0.0,0.0,0.0,0.0,0.0,0.0,0.0,0.0,0.0,0.0,0.0,0.0,0.0,0.0,0.0,0.0,0.0,0.0,0.0,0.0,0.0,0.0,0.0,0.0,0.0,1.0,0.0,0.0,0.0,0.0,0.0,0.0,0.0,0.0
588,1994-04-01,SZSE:002091,0.0,0.0,0.0,0.0,0.0,0.0,0.0,0.0,0.0,0.0,0.0,0.0,0.0,0.0,0.0,0.0,0.0,0.0,0.0,0.0,0.0,0.0,0.0,0.0,0.0,0.0,0.0,0.0,1.0,0.0,0.0,0.0,0.0,0.0,0.0,0.0,0.0
589,1994-04-04,SZSE:002091,0.0,0.0,0.0,0.0,0.0,0.0,0.0,0.0,0.0,0.0,0.0,0.0,0.0,0.0,0.0,0.0,0.0,0.0,0.0,0.0,0.0,0.0,0.0,0.0,0.0,0.0,0.0,0.0,1.0,0.0,0.0,0.0,0.0,0.0,0.0,0.0,0.0
590,1994-04-05,SZSE:002091,0.0,0.0,0.0,0.0,0.0,0.0,0.0,0.0,0.0,0.0,0.0,0.0,0.0,0.0,0.0,0.0,0.0,0.0,0.0,0.0,0.0,0.0,0.0,0.0,0.0,0.0,0.0,0.0,1.0,0.0,0.0,0.0,0.0,0.0,0.0,0.0,0.0
591,1994-04-06,SZSE:002091,0.0,0.0,0.0,0.0,0.0,0.0,0.0,0.0,0.0,0.0,0.0,0.0,0.0,0.0,0.0,0.0,0.0,0.0,0.0,0.0,0.0,0.0,0.0,0.0,0.0,0.0,0.0,0.0,1.0,0.0,0.0,0.0,0.0,0.0,0.0,0.0,0.0
592,1994-04-07,SZSE:002091,0.0,0.0,0.0,0.0,0.0,0.0,0.0,0.0,0.0,0.0,0.0,0.0,0.0,0.0,0.0,0.0,0.0,0.0,0.0,0.0,0.0,0.0,0.0,0.0,0.0,0.0,0.0,0.0,1.0,0.0,0.0,0.0,0.0,0.0,0.0,0.0,0.0
593,1994-04-08,SZSE:002091,0.0,0.0,0.0,0.0,0.0,0.0,0.0,0.0,0.0,0.0,0.0,0.0,0.0,0.0,0.0,0.0,0.0,0.0,0.0,0.0,0.0,0.0,0.0,0.0,0.0,0.0,0.0,0.0,1.0,0.0,0.0,0.0,0.0,0.0,0.0,0.0,0.0
594,1994-04-11,SZSE:002091,0.0,0.0,0.0,0.0,0.0,0.0,0.0,0.0,0.0,0.0,0.0,0.0,0.0,0.0,0.0,0.0,0.0,0.0,0.0,0.0,0.0,0.0,0.0,0.0,0.0,0.0,0.0,0.0,1.0,0.0,0.0,0.0,0.0,0.0,0.0,0.0,0.0
595,1994-04-12,SZSE:002091,0.0,0.0,0.0,0.0,0.0,0.0,0.0,0.0,0.0,0.0,0.0,0.0,0.0,0.0,0.0,0.0,0.0,0.0,0.0,0.0,0.0,0.0,0.0,0.0,0.0,0.0,0.0,0.0,1.0,0.0,0.0,0.0,0.0,0.0,0.0,0.0,0.0
596,1994-04-13,SZSE:002091,0.0,0.0,0.0,0.0,0.0,0.0,0.0,0.0,0.0,0.0,0.0,0.0,0.0,0.0,0.0,0.0,0.0,0.0,0.0,0.0,0.0,0.0,0.0,0.0,0.0,0.0,0.0,0.0,1.0,0.0,0.0,0.0,0.0,0.0,0.0,0.0,0.0
597,1994-04-14,SZSE:002091,0.0,0.0,0.0,0.0,0.0,0.0,0.0,0.0,0.0,0.0,0.0,0.0,0.0,0.0,0.0,0.0,0.0,0.0,0.0,0.0,0.0,0.0,0.0,0.0,0.0,0.0,0.0,0.0,1.0,0.0,0.0,0.0,0.0,0.0,0.0,0.0,0.0
598,1994-04-15,SZSE:002091,0.0,0.0,0.0,0.0,0.0,0.0,0.0,0.0,0.0,0.0,0.0,0.0,0.0,0.0,0.0,0.0,0.0,0.0,0.0,0.0,0.0,0.0,0.0,0.0,0.0,0.0,0.0,0.0,1.0,0.0,0.0,0.0,0.0,0.0,0.0,0.0,0.0
599,1994-04-18,SZSE:002091,0.0,0.0,0.0,0.0,0.0,0.0,0.0,0.0,0.0,0.0,0.0,0.0,0.0,0.0,0.0,0.0,0.0,0.0,0.0,0.0,0.0,0.0,0.0,0.0,0.0,0.0,0.0,0.0,1.0,0.0,0.0,0.0,0.0,0.0,0.0,0.0,0.0
600,1994-04-19,SZSE:002091,0.0,0.0,0.0,0.0,0.0,0.0,0.0,0.0,0.0,0.0,0.0,0.0,0.0,0.0,0.0,0.0,0.0,0.0,0.0,0.0,0.0,0.0,0.0,0.0,0.0,0.0,0.0,0.0,1.0,0.0,0.0,0.0,0.0,0.0,0.0,0.0,0.0
601,1994-04-20,SZSE:002091,0.0,0.0,0.0,0.0,0.0,0.0,0.0,0.0,0.0,0.0,0.0,0.0,0.0,0.0,0.0,0.0,0.0,0.0,0.0,0.0,0.0,0.0,0.0,0.0,0.0,0.0,0.0,0.0,1.0,0.0,0.0,0.0,0.0,0.0,0.0,0.0,0.0
602,1994-04-21,SZSE:002091,0.0,0.0,0.0,0.0,0.0,0.0,0.0,0.0,0.0,0.0,0.0,0.0,0.0,0.0,0.0,0.0,0.0,0.0,0.0,0.0,0.0,0.0,0.0,0.0,0.0,0.0,0.0,0.0,1.0,0.0,0.0,0.0,0.0,0.0,0.0,0.0,0.0
603,1994-04-22,SZSE:002091,0.0,0.0,0.0,0.0,0.0,0.0,0.0,0.0,0.0,0.0,0.0,0.0,0.0,0.0,0.0,0.0,0.0,0.0,0.0,0.0,0.0,0.0,0.0,0.0,0.0,0.0,0.0,0.0,1.0,0.0,0.0,0.0,0.0,0.0,0.0,0.0,0.0
604,1994-04-25,SZSE:002091,0.0,0.0,0.0,0.0,0.0,0.0,0.0,0.0,0.0,0.0,0.0,0.0,0.0,0.0,0.0,0.0,0.0,0.0,0.0,0.0,0.0,0.0,0.0,0.0,0.0,0.0,0.0,0.0,1.0,0.0,0.0,0.0,0.0,0.0,0.0,0.0,0.0
605,1994-04-26,SZSE:002091,0.0,0.0,0.0,0.0,0.0,0.0,0.0,0.0,0.0,0.0,0.0,0.0,0.0,0.0,0.0,0.0,0.0,0.0,0.0,0.0,0.0,0.0,0.0,0.0,0.0,0.0,0.0,0.0,1.0,0.0,0.0,0.0,0.0,0.0,0.0,0.0,0.0
606,1994-04-27,SZSE:002091,0.0,0.0,0.0,0.0,0.0,0.0,0.0,0.0,0.0,0.0,0.0,0.0,0.0,0.0,0.0,0.0,0.0,0.0,0.0,0.0,0.0,0.0,0.0,0.0,0.0,0.0,0.0,0.0,1.0,0.0,0.0,0.0,0.0,0.0,0.0,0.0,0.0
607,1994-04-28,SZSE:002091,0.0,0.0,0.0,0.0,0.0,0.0,0.0,0.0,0.0,0.0,0.0,0.0,0.0,0.0,0.0,0.0,0.0,0.0,0.0,0.0,0.0,0.0,0.0,0.0,0.0,0.0,0.0,0.0,1.0,0.0,0.0,0.0,0.0,0.0,0.0,0.0,0.0
608,1994-04-29,SZSE:002091,0.0,0.0,0.0,0.0,0.0,0.0,0.0,0.0,0.0,0.0,0.0,0.0,0.0,0.0,0.0,0.0,0.0,0.0,0.0,0.0,0.0,0.0,0.0,0.0,0.0,0.0,0.0,0.0,1.0,0.0,0.0,0.0,0.0,0.0,0.0,0.0,0.0
609,1994-05-02,SZSE:002091,0.0,0.0,0.0,0.0,0.0,0.0,0.0,0.0,0.0,0.0,0.0,0.0,0.0,0.0,0.0,0.0,0.0,0.0,0.0,0.0,0.0,0.0,0.0,0.0,0.0,0.0,0.0,0.0,1.0,0.0,0.0,0.0,0.0,0.0,0.0,0.0,0.0
610,1994-05-03,SZSE:002091,0.0,0.0,0.0,0.0,0.0,0.0,0.0,0.0,0.0,0.0,0.0,0.0,0.0,0.0,0.0,0.0,0.0,0.0,0.0,0.0,0.0,0.0,0.0,0.0,0.0,0.0,0.0,0.0,1.0,0.0,0.0,0.0,0.0,0.0,0.0,0.0,0.0
611,1994-05-04,SZSE:002091,0.0,0.0,0.0,0.0,0.0,0.0,0.0,0.0,0.0,0.0,0.0,0.0,0.0,0.0,0.0,0.0,0.0,0.0,0.0,0.0,0.0,0.0,0.0,0.0,0.0,0.0,0.0,0.0,1.0,0.0,0.0,0.0,0.0,0.0,0.0,0.0,0.0
612,1994-05-05,SZSE:002091,0.0,0.0,0.0,0.0,0.0,0.0,0.0,0.0,0.0,0.0,0.0,0.0,0.0,0.0,0.0,0.0,0.0,0.0,0.0,0.0,0.0,0.0,0.0,0.0,0.0,0.0,0.0,0.0,1.0,0.0,0.0,0.0,0.0,0.0,0.0,0.0,0.0
613,1994-05-06,SZSE:002091,0.0,0.0,0.0,0.0,0.0,0.0,0.0,0.0,0.0,0.0,0.0,0.0,0.0,0.0,0.0,0.0,0.0,0.0,0.0,0.0,0.0,0.0,0.0,0.0,0.0,0.0,0.0,0.0,1.0,0.0,0.0,0.0,0.0,0.0,0.0,0.0,0.0
614,1994-05-09,SZSE:002091,0.0,0.0,0.0,0.0,0.0,0.0,0.0,0.0,0.0,0.0,0.0,0.0,0.0,0.0,0.0,0.0,0.0,0.0,0.0,0.0,0.0,0.0,0.0,0.0,0.0,0.0,0.0,0.0,1.0,0.0,0.0,0.0,0.0,0.0,0.0,0.0,0.0
615,1994-05-10,SZSE:002091,0.0,0.0,0.0,0.0,0.0,0.0,0.0,0.0,0.0,0.0,0.0,0.0,0.0,0.0,0.0,0.0,0.0,0.0,0.0,0.0,0.0,0.0,0.0,0.0,0.0,0.0,0.0,0.0,1.0,0.0,0.0,0.0,0.0,0.0,0.0,0.0,0.0
616,1994-05-11,SZSE:002091,0.0,0.0,0.0,0.0,0.0,0.0,0.0,0.0,0.0,0.0,0.0,0.0,0.0,0.0,0.0,0.0,0.0,0.0,0.0,0.0,0.0,0.0,0.0,0.0,0.0,0.0,0.0,0.0,1.0,0.0,0.0,0.0,0.0,0.0,0.0,0.0,0.0
617,1994-05-12,SZSE:002091,0.0,0.0,0.0,0.0,0.0,0.0,0.0,0.0,0.0,0.0,0.0,0.0,0.0,0.0,0.0,0.0,0.0,0.0,0.0,0.0,0.0,0.0,0.0,0.0,0.0,0.0,0.0,0.0,1.0,0.0,0.0,0.0,0.0,0.0,0.0,0.0,0.0
618,1994-05-13,SZSE:002091,0.0,0.0,0.0,0.0,0.0,0.0,0.0,0.0,0.0,0.0,0.0,0.0,0.0,0.0,0.0,0.0,0.0,0.0,0.0,0.0,0.0,0.0,0.0,0.0,0.0,0.0,0.0,0.0,1.0,0.0,0.0,0.0,0.0,0.0,0.0,0.0,0.0
619,1994-05-16,SZSE:002091,0.0,0.0,0.0,0.0,0.0,0.0,0.0,0.0,0.0,0.0,0.0,0.0,0.0,0.0,0.0,0.0,0.0,0.0,0.0,0.0,0.0,0.0,0.0,0.0,0.0,0.0,0.0,0.0,1.0,0.0,0.0,0.0,0.0,0.0,0.0,0.0,0.0
620,1994-05-17,SZSE:002091,0.0,0.0,0.0,0.0,0.0,0.0,0.0,0.0,0.0,0.0,0.0,0.0,0.0,0.0,0.0,0.0,0.0,0.0,0.0,0.0,0.0,0.0,0.0,0.0,0.0,0.0,0.0,0.0,1.0,0.0,0.0,0.0,0.0,0.0,0.0,0.0,0.0
621,1994-05-18,SZSE:002091,0.0,0.0,0.0,0.0,0.0,0.0,0.0,0.0,0.0,0.0,0.0,0.0,0.0,0.0,0.0,0.0,0.0,0.0,0.0,0.0,0.0,0.0,0.0,0.0,0.0,0.0,0.0,0.0,1.0,0.0,0.0,0.0,0.0,0.0,0.0,0.0,0.0
622,1994-05-19,SZSE:002091,0.0,0.0,0.0,0.0,0.0,0.0,0.0,0.0,0.0,0.0,0.0,0.0,0.0,0.0,0.0,0.0,0.0,0.0,0.0,0.0,0.0,0.0,0.0,0.0,0.0,0.0,0.0,0.0,1.0,0.0,0.0,0.0,0.0,0.0,0.0,0.0,0.0
623,1994-05-20,SZSE:002091,0.0,0.0,0.0,0.0,0.0,0.0,0.0,0.0,0.0,0.0,0.0,0.0,0.0,0.0,0.0,0.0,0.0,0.0,0.0,0.0,0.0,0.0,0.0,0.0,0.0,0.0,0.0,0.0,1.0,0.0,0.0,0.0,0.0,0.0,0.0,0.0,0.0
624,1994-05-23,SZSE:002091,0.0,0.0,0.0,0.0,0.0,0.0,0.0,0.0,0.0,0.0,0.0,0.0,0.0,0.0,0.0,0.0,0.0,0.0,0.0,0.0,0.0,0.0,0.0,0.0,0.0,0.0,0.0,0.0,1.0,0.0,0.0,0.0,0.0,0.0,0.0,0.0,0.0
625,1994-05-24,SZSE:002091,0.0,0.0,0.0,0.0,0.0,0.0,0.0,0.0,0.0,0.0,0.0,0.0,0.0,0.0,0.0,0.0,0.0,0.0,0.0,0.0,0.0,0.0,0.0,0.0,0.0,0.0,0.0,0.0,1.0,0.0,0.0,0.0,0.0,0.0,0.0,0.0,0.0
626,1994-05-25,SZSE:002091,0.0,0.0,0.0,0.0,0.0,0.0,0.0,0.0,0.0,0.0,0.0,0.0,0.0,0.0,0.0,0.0,0.0,0.0,0.0,0.0,0.0,0.0,0.0,0.0,0.0,0.0,0.0,0.0,1.0,0.0,0.0,0.0,0.0,0.0,0.0,0.0,0.0
627,1994-05-26,SZSE:002091,0.0,0.0,0.0,0.0,0.0,0.0,0.0,0.0,0.0,0.0,0.0,0.0,0.0,0.0,0.0,0.0,0.0,0.0,0.0,0.0,0.0,0.0,0.0,0.0,0.0,0.0,0.0,0.0,1.0,0.0,0.0,0.0,0.0,0.0,0.0,0.0,0.0
628,1994-05-27,SZSE:002091,0.0,0.0,0.0,0.0,0.0,0.0,0.0,0.0,0.0,0.0,0.0,0.0,0.0,0.0,0.0,0.0,0.0,0.0,0.0,0.0,0.0,0.0,0.0,0.0,0.0,0.0,0.0,0.0,1.0,0.0,0.0,0.0,0.0,0.0,0.0,0.0,0.0
629,1994-05-30,SZSE:002091,0.0,0.0,0.0,0.0,0.0,0.0,0.0,0.0,0.0,0.0,0.0,0.0,0.0,0.0,0.0,0.0,0.0,0.0,0.0,0.0,0.0,0.0,0.0,0.0,0.0,0.0,0.0,0.0,1.0,0.0,0.0,0.0,0.0,0.0,0.0,0.0,0.0
630,1994-05-31,SZSE:002091,0.0,0.0,0.0,0.0,0.0,0.0,0.0,0.0,0.0,0.0,0.0,0.0,0.0,0.0,0.0,0.0,0.0,0.0,0.0,0.0,0.0,0.0,0.0,0.0,0.0,0.0,0.0,0.0,1.0,0.0,0.0,0.0,0.0,0.0,0.0,0.0,0.0
631,1994-06-01,SZSE:002091,0.0,0.0,0.0,0.0,0.0,0.0,0.0,0.0,0.0,0.0,0.0,0.0,0.0,0.0,0.0,0.0,0.0,0.0,0.0,0.0,0.0,0.0,0.0,0.0,0.0,0.0,0.0,0.0,1.0,0.0,0.0,0.0,0.0,0.0,0.0,0.0,0.0
632,1994-06-02,SZSE:002091,0.0,0.0,0.0,0.0,0.0,0.0,0.0,0.0,0.0,0.0,0.0,0.0,0.0,0.0,0.0,0.0,0.0,0.0,0.0,0.0,0.0,0.0,0.0,0.0,0.0,0.0,0.0,0.0,1.0,0.0,0.0,0.0,0.0,0.0,0.0,0.0,0.0
633,1994-06-03,SZSE:002091,0.0,0.0,0.0,0.0,0.0,0.0,0.0,0.0,0.0,0.0,0.0,0.0,0.0,0.0,0.0,0.0,0.0,0.0,0.0,0.0,0.0,0.0,0.0,0.0,0.0,0.0,0.0,0.0,1.0,0.0,0.0,0.0,0.0,0.0,0.0,0.0,0.0
634,1994-06-06,SZSE:002091,0.0,0.0,0.0,0.0,0.0,0.0,0.0,0.0,0.0,0.0,0.0,0.0,0.0,0.0,0.0,0.0,0.0,0.0,0.0,0.0,0.0,0.0,0.0,0.0,0.0,0.0,0.0,0.0,1.0,0.0,0.0,0.0,0.0,0.0,0.0,0.0,0.0
635,1994-06-07,SZSE:002091,0.0,0.0,0.0,0.0,0.0,0.0,0.0,0.0,0.0,0.0,0.0,0.0,0.0,0.0,0.0,0.0,0.0,0.0,0.0,0.0,0.0,0.0,0.0,0.0,0.0,0.0,0.0,0.0,1.0,0.0,0.0,0.0,0.0,0.0,0.0,0.0,0.0
636,1994-06-08,SZSE:002091,0.0,0.0,0.0,0.0,0.0,0.0,0.0,0.0,0.0,0.0,0.0,0.0,0.0,0.0,0.0,0.0,0.0,0.0,0.0,0.0,0.0,0.0,0.0,0.0,0.0,0.0,0.0,0.0,1.0,0.0,0.0,0.0,0.0,0.0,0.0,0.0,0.0
637,1994-06-09,SZSE:002091,0.0,0.0,0.0,0.0,0.0,0.0,0.0,0.0,0.0,0.0,0.0,0.0,0.0,0.0,0.0,0.0,0.0,0.0,0.0,0.0,0.0,0.0,0.0,0.0,0.0,0.0,0.0,0.0,1.0,0.0,0.0,0.0,0.0,0.0,0.0,0.0,0.0
638,1994-06-10,SZSE:002091,0.0,0.0,0.0,0.0,0.0,0.0,0.0,0.0,0.0,0.0,0.0,0.0,0.0,0.0,0.0,0.0,0.0,0.0,0.0,0.0,0.0,0.0,0.0,0.0,0.0,0.0,0.0,0.0,1.0,0.0,0.0,0.0,0.0,0.0,0.0,0.0,0.0
639,1994-06-13,SZSE:002091,0.0,0.0,0.0,0.0,0.0,0.0,0.0,0.0,0.0,0.0,0.0,0.0,0.0,0.0,0.0,0.0,0.0,0.0,0.0,0.0,0.0,0.0,0.0,0.0,0.0,0.0,0.0,0.0,1.0,0.0,0.0,0.0,0.0,0.0,0.0,0.0,0.0
640,1994-06-14,SZSE:002091,0.0,0.0,0.0,0.0,0.0,0.0,0.0,0.0,0.0,0.0,0.0,0.0,0.0,0.0,0.0,0.0,0.0,0.0,0.0,0.0,0.0,0.0,0.0,0.0,0.0,0.0,0.0,0.0,1.0,0.0,0.0,0.0,0.0,0.0,0.0,0.0,0.0
641,1994-06-15,SZSE:002091,0.0,0.0,0.0,0.0,0.0,0.0,0.0,0.0,0.0,0.0,0.0,0.0,0.0,0.0,0.0,0.0,0.0,0.0,0.0,0.0,0.0,0.0,0.0,0.0,0.0,0.0,0.0,0.0,1.0,0.0,0.0,0.0,0.0,0.0,0.0,0.0,0.0
642,1994-06-16,SZSE:002091,0.0,0.0,0.0,0.0,0.0,0.0,0.0,0.0,0.0,0.0,0.0,0.0,0.0,0.0,0.0,0.0,0.0,0.0,0.0,0.0,0.0,0.0,0.0,0.0,0.0,0.0,0.0,0.0,1.0,0.0,0.0,0.0,0.0,0.0,0.0,0.0,0.0
643,1994-06-17,SZSE:002091,0.0,0.0,0.0,0.0,0.0,0.0,0.0,0.0,0.0,0.0,0.0,0.0,0.0,0.0,0.0,0.0,0.0,0.0,0.0,0.0,0.0,0.0,0.0,0.0,0.0,0.0,0.0,0.0,1.0,0.0,0.0,0.0,0.0,0.0,0.0,0.0,0.0
644,1994-06-20,SZSE:002091,0.0,0.0,0.0,0.0,0.0,0.0,0.0,0.0,0.0,0.0,0.0,0.0,0.0,0.0,0.0,0.0,0.0,0.0,0.0,0.0,0.0,0.0,0.0,0.0,0.0,0.0,0.0,0.0,1.0,0.0,0.0,0.0,0.0,0.0,0.0,0.0,0.0
645,1994-06-21,SZSE:002091,0.0,0.0,0.0,0.0,0.0,0.0,0.0,0.0,0.0,0.0,0.0,0.0,0.0,0.0,0.0,0.0,0.0,0.0,0.0,0.0,0.0,0.0,0.0,0.0,0.0,0.0,0.0,0.0,1.0,0.0,0.0,0.0,0.0,0.0,0.0,0.0,0.0
646,1994-06-22,SZSE:002091,0.0,0.0,0.0,0.0,0.0,0.0,0.0,0.0,0.0,0.0,0.0,0.0,0.0,0.0,0.0,0.0,0.0,0.0,0.0,0.0,0.0,0.0,0.0,0.0,0.0,0.0,0.0,0.0,1.0,0.0,0.0,0.0,0.0,0.0,0.0,0.0,0.0
647,1994-06-23,SZSE:002091,0.0,0.0,0.0,0.0,0.0,0.0,0.0,0.0,0.0,0.0,0.0,0.0,0.0,0.0,0.0,0.0,0.0,0.0,0.0,0.0,0.0,0.0,0.0,0.0,0.0,0.0,0.0,0.0,1.0,0.0,0.0,0.0,0.0,0.0,0.0,0.0,0.0
648,1994-06-24,SZSE:002091,0.0,0.0,0.0,0.0,0.0,0.0,0.0,0.0,0.0,0.0,0.0,0.0,0.0,0.0,0.0,0.0,0.0,0.0,0.0,0.0,0.0,0.0,0.0,0.0,0.0,0.0,0.0,0.0,1.0,0.0,0.0,0.0,0.0,0.0,0.0,0.0,0.0
649,1994-06-27,SZSE:002091,0.0,0.0,0.0,0.0,0.0,0.0,0.0,0.0,0.0,0.0,0.0,0.0,0.0,0.0,0.0,0.0,0.0,0.0,0.0,0.0,0.0,0.0,0.0,0.0,0.0,0.0,0.0,0.0,1.0,0.0,0.0,0.0,0.0,0.0,0.0,0.0,0.0
650,1994-06-28,SZSE:002091,0.0,0.0,0.0,0.0,0.0,0.0,0.0,0.0,0.0,0.0,0.0,0.0,0.0,0.0,0.0,0.0,0.0,0.0,0.0,0.0,0.0,0.0,0.0,0.0,0.0,0.0,0.0,0.0,1.0,0.0,0.0,0.0,0.0,0.0,0.0,0.0,0.0
651,1994-06-29,SZSE:002091,0.0,0.0,0.0,0.0,0.0,0.0,0.0,0.0,0.0,0.0,0.0,0.0,0.0,0.0,0.0,0.0,0.0,0.0,0.0,0.0,0.0,0.0,0.0,0.0,0.0,0.0,0.0,0.0,1.0,0.0,0.0,0.0,0.0,0.0,0.0,0.0,0.0
652,1994-06-30,SZSE:002091,0.0,0.0,0.0,0.0,0.0,0.0,0.0,0.0,0.0,0.0,0.0,0.0,0.0,0.0,0.0,0.0,0.0,0.0,0.0,0.0,0.0,0.0,0.0,0.0,0.0,0.0,0.0,0.0,1.0,0.0,0.0,0.0,0.0,0.0,0.0,0.0,0.0
653,1994-07-01,SZSE:002091,0.0,0.0,0.0,0.0,0.0,0.0,0.0,0.0,0.0,0.0,0.0,0.0,0.0,0.0,0.0,0.0,0.0,0.0,0.0,0.0,0.0,0.0,0.0,0.0,0.0,0.0,0.0,0.0,1.0,0.0,0.0,0.0,0.0,0.0,0.0,0.0,0.0
654,1994-07-04,SZSE:002091,0.0,0.0,0.0,0.0,0.0,0.0,0.0,0.0,0.0,0.0,0.0,0.0,0.0,0.0,0.0,0.0,0.0,0.0,0.0,0.0,0.0,0.0,0.0,0.0,0.0,0.0,0.0,0.0,1.0,0.0,0.0,0.0,0.0,0.0,0.0,0.0,0.0
655,1994-07-05,SZSE:002091,0.0,0.0,0.0,0.0,0.0,0.0,0.0,0.0,0.0,0.0,0.0,0.0,0.0,0.0,0.0,0.0,0.0,0.0,0.0,0.0,0.0,0.0,0.0,0.0,0.0,0.0,0.0,0.0,1.0,0.0,0.0,0.0,0.0,0.0,0.0,0.0,0.0
656,1994-07-06,SZSE:002091,0.0,0.0,0.0,0.0,0.0,0.0,0.0,0.0,0.0,0.0,0.0,0.0,0.0,0.0,0.0,0.0,0.0,0.0,0.0,0.0,0.0,0.0,0.0,0.0,0.0,0.0,0.0,0.0,1.0,0.0,0.0,0.0,0.0,0.0,0.0,0.0,0.0
657,1994-07-07,SZSE:002091,0.0,0.0,0.0,0.0,0.0,0.0,0.0,0.0,0.0,0.0,0.0,0.0,0.0,0.0,0.0,0.0,0.0,0.0,0.0,0.0,0.0,0.0,0.0,0.0,0.0,0.0,0.0,0.0,1.0,0.0,0.0,0.0,0.0,0.0,0.0,0.0,0.0
658,1994-07-08,SZSE:002091,0.0,0.0,0.0,0.0,0.0,0.0,0.0,0.0,0.0,0.0,0.0,0.0,0.0,0.0,0.0,0.0,0.0,0.0,0.0,0.0,0.0,0.0,0.0,0.0,0.0,0.0,0.0,0.0,1.0,0.0,0.0,0.0,0.0,0.0,0.0,0.0,0.0
659,1994-07-11,SZSE:002091,0.0,0.0,0.0,0.0,0.0,0.0,0.0,0.0,0.0,0.0,0.0,0.0,0.0,0.0,0.0,0.0,0.0,0.0,0.0,0.0,0.0,0.0,0.0,0.0,0.0,0.0,0.0,0.0,1.0,0.0,0.0,0.0,0.0,0.0,0.0,0.0,0.0
660,1994-07-12,SZSE:002091,0.0,0.0,0.0,0.0,0.0,0.0,0.0,0.0,0.0,0.0,0.0,0.0,0.0,0.0,0.0,0.0,0.0,0.0,0.0,0.0,0.0,0.0,0.0,0.0,0.0,0.0,0.0,0.0,1.0,0.0,0.0,0.0,0.0,0.0,0.0,0.0,0.0
661,1994-07-13,SZSE:002091,0.0,0.0,0.0,0.0,0.0,0.0,0.0,0.0,0.0,0.0,0.0,0.0,0.0,0.0,0.0,0.0,0.0,0.0,0.0,0.0,0.0,0.0,0.0,0.0,0.0,0.0,0.0,0.0,1.0,0.0,0.0,0.0,0.0,0.0,0.0,0.0,0.0
662,1994-07-14,SZSE:002091,0.0,0.0,0.0,0.0,0.0,0.0,0.0,0.0,0.0,0.0,0.0,0.0,0.0,0.0,0.0,0.0,0.0,0.0,0.0,0.0,0.0,0.0,0.0,0.0,0.0,0.0,0.0,0.0,1.0,0.0,0.0,0.0,0.0,0.0,0.0,0.0,0.0
663,1994-07-15,SZSE:002091,0.0,0.0,0.0,0.0,0.0,0.0,0.0,0.0,0.0,0.0,0.0,0.0,0.0,0.0,0.0,0.0,0.0,0.0,0.0,0.0,0.0,0.0,0.0,0.0,0.0,0.0,0.0,0.0,1.0,0.0,0.0,0.0,0.0,0.0,0.0,0.0,0.0
664,1994-07-18,SZSE:002091,0.0,0.0,0.0,0.0,0.0,0.0,0.0,0.0,0.0,0.0,0.0,0.0,0.0,0.0,0.0,0.0,0.0,0.0,0.0,0.0,0.0,0.0,0.0,0.0,0.0,0.0,0.0,0.0,1.0,0.0,0.0,0.0,0.0,0.0,0.0,0.0,0.0
665,1994-07-19,SZSE:002091,0.0,0.0,0.0,0.0,0.0,0.0,0.0,0.0,0.0,0.0,0.0,0.0,0.0,0.0,0.0,0.0,0.0,0.0,0.0,0.0,0.0,0.0,0.0,0.0,0.0,0.0,0.0,0.0,1.0,0.0,0.0,0.0,0.0,0.0,0.0,0.0,0.0
666,1994-07-20,SZSE:002091,0.0,0.0,0.0,0.0,0.0,0.0,0.0,0.0,0.0,0.0,0.0,0.0,0.0,0.0,0.0,0.0,0.0,0.0,0.0,0.0,0.0,0.0,0.0,0.0,0.0,0.0,0.0,0.0,1.0,0.0,0.0,0.0,0.0,0.0,0.0,0.0,0.0
667,1994-07-21,SZSE:002091,0.0,0.0,0.0,0.0,0.0,0.0,0.0,0.0,0.0,0.0,0.0,0.0,0.0,0.0,0.0,0.0,0.0,0.0,0.0,0.0,0.0,0.0,0.0,0.0,0.0,0.0,0.0,0.0,1.0,0.0,0.0,0.0,0.0,0.0,0.0,0.0,0.0
668,1994-07-22,SZSE:002091,0.0,0.0,0.0,0.0,0.0,0.0,0.0,0.0,0.0,0.0,0.0,0.0,0.0,0.0,0.0,0.0,0.0,0.0,0.0,0.0,0.0,0.0,0.0,0.0,0.0,0.0,0.0,0.0,1.0,0.0,0.0,0.0,0.0,0.0,0.0,0.0,0.0
669,1994-07-25,SZSE:002091,0.0,0.0,0.0,0.0,0.0,0.0,0.0,0.0,0.0,0.0,0.0,0.0,0.0,0.0,0.0,0.0,0.0,0.0,0.0,0.0,0.0,0.0,0.0,0.0,0.0,0.0,0.0,0.0,1.0,0.0,0.0,0.0,0.0,0.0,0.0,0.0,0.0
670,1994-07-26,SZSE:002091,0.0,0.0,0.0,0.0,0.0,0.0,0.0,0.0,0.0,0.0,0.0,0.0,0.0,0.0,0.0,0.0,0.0,0.0,0.0,0.0,0.0,0.0,0.0,0.0,0.0,0.0,0.0,0.0,1.0,0.0,0.0,0.0,0.0,0.0,0.0,0.0,0.0
671,1994-07-27,SZSE:002091,0.0,0.0,0.0,0.0,0.0,0.0,0.0,0.0,0.0,0.0,0.0,0.0,0.0,0.0,0.0,0.0,0.0,0.0,0.0,0.0,0.0,0.0,0.0,0.0,0.0,0.0,0.0,0.0,1.0,0.0,0.0,0.0,0.0,0.0,0.0,0.0,0.0
672,1994-07-28,SZSE:002091,0.0,0.0,0.0,0.0,0.0,0.0,0.0,0.0,0.0,0.0,0.0,0.0,0.0,0.0,0.0,0.0,0.0,0.0,0.0,0.0,0.0,0.0,0.0,0.0,0.0,0.0,0.0,0.0,1.0,0.0,0.0,0.0,0.0,0.0,0.0,0.0,0.0
673,1994-07-29,SZSE:002091,0.0,0.0,0.0,0.0,0.0,0.0,0.0,0.0,0.0,0.0,0.0,0.0,0.0,0.0,0.0,0.0,0.0,0.0,0.0,0.0,0.0,0.0,0.0,0.0,0.0,0.0,0.0,0.0,1.0,0.0,0.0,0.0,0.0,0.0,0.0,0.0,0.0
674,1994-08-01,SZSE:002091,0.0,0.0,0.0,0.0,0.0,0.0,0.0,0.0,0.0,0.0,0.0,0.0,0.0,0.0,0.0,0.0,0.0,0.0,0.0,0.0,0.0,0.0,0.0,0.0,0.0,0.0,0.0,0.0,1.0,0.0,0.0,0.0,0.0,0.0,0.0,0.0,0.0
675,1994-08-02,SZSE:002091,0.0,0.0,0.0,0.0,0.0,0.0,0.0,0.0,0.0,0.0,0.0,0.0,0.0,0.0,0.0,0.0,0.0,0.0,0.0,0.0,0.0,0.0,0.0,0.0,0.0,0.0,0.0,0.0,1.0,0.0,0.0,0.0,0.0,0.0,0.0,0.0,0.0
676,1994-08-03,SZSE:002091,0.0,0.0,0.0,0.0,0.0,0.0,0.0,0.0,0.0,0.0,0.0,0.0,0.0,0.0,0.0,0.0,0.0,0.0,0.0,0.0,0.0,0.0,0.0,0.0,0.0,0.0,0.0,0.0,1.0,0.0,0.0,0.0,0.0,0.0,0.0,0.0,0.0
677,1994-08-04,SZSE:002091,0.0,0.0,0.0,0.0,0.0,0.0,0.0,0.0,0.0,0.0,0.0,0.0,0.0,0.0,0.0,0.0,0.0,0.0,0.0,0.0,0.0,0.0,0.0,0.0,0.0,0.0,0.0,0.0,1.0,0.0,0.0,0.0,0.0,0.0,0.0,0.0,0.0
678,1994-08-05,SZSE:002091,0.0,0.0,0.0,0.0,0.0,0.0,0.0,0.0,0.0,0.0,0.0,0.0,0.0,0.0,0.0,0.0,0.0,0.0,0.0,0.0,0.0,0.0,0.0,0.0,0.0,0.0,0.0,0.0,1.0,0.0,0.0,0.0,0.0,0.0,0.0,0.0,0.0
679,1994-08-08,SZSE:002091,0.0,0.0,0.0,0.0,0.0,0.0,0.0,0.0,0.0,0.0,0.0,0.0,0.0,0.0,0.0,0.0,0.0,0.0,0.0,0.0,0.0,0.0,0.0,0.0,0.0,0.0,0.0,0.0,1.0,0.0,0.0,0.0,0.0,0.0,0.0,0.0,0.0
680,1994-08-09,SZSE:002091,0.0,0.0,0.0,0.0,0.0,0.0,0.0,0.0,0.0,0.0,0.0,0.0,0.0,0.0,0.0,0.0,0.0,0.0,0.0,0.0,0.0,0.0,0.0,0.0,0.0,0.0,0.0,0.0,1.0,0.0,0.0,0.0,0.0,0.0,0.0,0.0,0.0
681,1994-08-10,SZSE:002091,0.0,0.0,0.0,0.0,0.0,0.0,0.0,0.0,0.0,0.0,0.0,0.0,0.0,0.0,0.0,0.0,0.0,0.0,0.0,0.0,0.0,0.0,0.0,0.0,0.0,0.0,0.0,0.0,1.0,0.0,0.0,0.0,0.0,0.0,0.0,0.0,0.0
682,1994-08-11,SZSE:002091,0.0,0.0,0.0,0.0,0.0,0.0,0.0,0.0,0.0,0.0,0.0,0.0,0.0,0.0,0.0,0.0,0.0,0.0,0.0,0.0,0.0,0.0,0.0,0.0,0.0,0.0,0.0,0.0,1.0,0.0,0.0,0.0,0.0,0.0,0.0,0.0,0.0
683,1994-08-12,SZSE:002091,0.0,0.0,0.0,0.0,0.0,0.0,0.0,0.0,0.0,0.0,0.0,0.0,0.0,0.0,0.0,0.0,0.0,0.0,0.0,0.0,0.0,0.0,0.0,0.0,0.0,0.0,0.0,0.0,1.0,0.0,0.0,0.0,0.0,0.0,0.0,0.0,0.0
684,1994-08-15,SZSE:002091,0.0,0.0,0.0,0.0,0.0,0.0,0.0,0.0,0.0,0.0,0.0,0.0,0.0,0.0,0.0,0.0,0.0,0.0,0.0,0.0,0.0,0.0,0.0,0.0,0.0,0.0,0.0,0.0,1.0,0.0,0.0,0.0,0.0,0.0,0.0,0.0,0.0
685,1994-08-16,SZSE:002091,0.0,0.0,0.0,0.0,0.0,0.0,0.0,0.0,0.0,0.0,0.0,0.0,0.0,0.0,0.0,0.0,0.0,0.0,0.0,0.0,0.0,0.0,0.0,0.0,0.0,0.0,0.0,0.0,1.0,0.0,0.0,0.0,0.0,0.0,0.0,0.0,0.0
686,1994-08-17,SZSE:002091,0.0,0.0,0.0,0.0,0.0,0.0,0.0,0.0,0.0,0.0,0.0,0.0,0.0,0.0,0.0,0.0,0.0,0.0,0.0,0.0,0.0,0.0,0.0,0.0,0.0,0.0,0.0,0.0,1.0,0.0,0.0,0.0,0.0,0.0,0.0,0.0,0.0
687,1994-08-18,SZSE:002091,0.0,0.0,0.0,0.0,0.0,0.0,0.0,0.0,0.0,0.0,0.0,0.0,0.0,0.0,0.0,0.0,0.0,0.0,0.0,0.0,0.0,0.0,0.0,0.0,0.0,0.0,0.0,0.0,1.0,0.0,0.0,0.0,0.0,0.0,0.0,0.0,0.0
688,1994-08-19,SZSE:002091,0.0,0.0,0.0,0.0,0.0,0.0,0.0,0.0,0.0,0.0,0.0,0.0,0.0,0.0,0.0,0.0,0.0,0.0,0.0,0.0,0.0,0.0,0.0,0.0,0.0,0.0,0.0,0.0,1.0,0.0,0.0,0.0,0.0,0.0,0.0,0.0,0.0
689,1994-08-22,SZSE:002091,0.0,0.0,0.0,0.0,0.0,0.0,0.0,0.0,0.0,0.0,0.0,0.0,0.0,0.0,0.0,0.0,0.0,0.0,0.0,0.0,0.0,0.0,0.0,0.0,0.0,0.0,0.0,0.0,1.0,0.0,0.0,0.0,0.0,0.0,0.0,0.0,0.0
690,1994-08-23,SZSE:002091,0.0,0.0,0.0,0.0,0.0,0.0,0.0,0.0,0.0,0.0,0.0,0.0,0.0,0.0,0.0,0.0,0.0,0.0,0.0,0.0,0.0,0.0,0.0,0.0,0.0,0.0,0.0,0.0,1.0,0.0,0.0,0.0,0.0,0.0,0.0,0.0,0.0
691,1994-08-24,SZSE:002091,0.0,0.0,0.0,0.0,0.0,0.0,0.0,0.0,0.0,0.0,0.0,0.0,0.0,0.0,0.0,0.0,0.0,0.0,0.0,0.0,0.0,0.0,0.0,0.0,0.0,0.0,0.0,0.0,1.0,0.0,0.0,0.0,0.0,0.0,0.0,0.0,0.0
692,1994-08-25,SZSE:002091,0.0,0.0,0.0,0.0,0.0,0.0,0.0,0.0,0.0,0.0,0.0,0.0,0.0,0.0,0.0,0.0,0.0,0.0,0.0,0.0,0.0,0.0,0.0,0.0,0.0,0.0,0.0,0.0,1.0,0.0,0.0,0.0,0.0,0.0,0.0,0.0,0.0
693,1994-08-26,SZSE:002091,0.0,0.0,0.0,0.0,0.0,0.0,0.0,0.0,0.0,0.0,0.0,0.0,0.0,0.0,0.0,0.0,0.0,0.0,0.0,0.0,0.0,0.0,0.0,0.0,0.0,0.0,0.0,0.0,1.0,0.0,0.0,0.0,0.0,0.0,0.0,0.0,0.0
694,1994-08-29,SZSE:002091,0.0,0.0,0.0,0.0,0.0,0.0,0.0,0.0,0.0,0.0,0.0,0.0,0.0,0.0,0.0,0.0,0.0,0.0,0.0,0.0,0.0,0.0,0.0,0.0,0.0,0.0,0.0,0.0,1.0,0.0,0.0,0.0,0.0,0.0,0.0,0.0,0.0
695,1994-08-30,SZSE:002091,0.0,0.0,0.0,0.0,0.0,0.0,0.0,0.0,0.0,0.0,0.0,0.0,0.0,0.0,0.0,0.0,0.0,0.0,0.0,0.0,0.0,0.0,0.0,0.0,0.0,0.0,0.0,0.0,1.0,0.0,0.0,0.0,0.0,0.0,0.0,0.0,0.0
696,1994-08-31,SZSE:002091,0.0,0.0,0.0,0.0,0.0,0.0,0.0,0.0,0.0,0.0,0.0,0.0,0.0,0.0,0.0,0.0,0.0,0.0,0.0,0.0,0.0,0.0,0.0,0.0,0.0,0.0,0.0,0.0,1.0,0.0,0.0,0.0,0.0,0.0,0.0,0.0,0.0
697,1994-09-01,SZSE:002091,0.0,0.0,0.0,0.0,0.0,0.0,0.0,0.0,0.0,0.0,0.0,0.0,0.0,0.0,0.0,0.0,0.0,0.0,0.0,0.0,0.0,0.0,0.0,0.0,0.0,0.0,0.0,0.0,1.0,0.0,0.0,0.0,0.0,0.0,0.0,0.0,0.0
698,1994-09-02,SZSE:002091,0.0,0.0,0.0,0.0,0.0,0.0,0.0,0.0,0.0,0.0,0.0,0.0,0.0,0.0,0.0,0.0,0.0,0.0,0.0,0.0,0.0,0.0,0.0,0.0,0.0,0.0,0.0,0.0,1.0,0.0,0.0,0.0,0.0,0.0,0.0,0.0,0.0
699,1994-09-05,SZSE:002091,0.0,0.0,0.0,0.0,0.0,0.0,0.0,0.0,0.0,0.0,0.0,0.0,0.0,0.0,0.0,0.0,0.0,0.0,0.0,0.0,0.0,0.0,0.0,0.0,0.0,0.0,0.0,0.0,1.0,0.0,0.0,0.0,0.0,0.0,0.0,0.0,0.0
700,1994-09-06,SZSE:002091,0.0,0.0,0.0,0.0,0.0,0.0,0.0,0.0,0.0,0.0,0.0,0.0,0.0,0.0,0.0,0.0,0.0,0.0,0.0,0.0,0.0,0.0,0.0,0.0,0.0,0.0,0.0,0.0,1.0,0.0,0.0,0.0,0.0,0.0,0.0,0.0,0.0
701,1994-09-07,SZSE:002091,0.0,0.0,0.0,0.0,0.0,0.0,0.0,0.0,0.0,0.0,0.0,0.0,0.0,0.0,0.0,0.0,0.0,0.0,0.0,0.0,0.0,0.0,0.0,0.0,0.0,0.0,0.0,0.0,1.0,0.0,0.0,0.0,0.0,0.0,0.0,0.0,0.0
702,1994-09-08,SZSE:002091,0.0,0.0,0.0,0.0,0.0,0.0,0.0,0.0,0.0,0.0,0.0,0.0,0.0,0.0,0.0,0.0,0.0,0.0,0.0,0.0,0.0,0.0,0.0,0.0,0.0,0.0,0.0,0.0,1.0,0.0,0.0,0.0,0.0,0.0,0.0,0.0,0.0
703,1994-09-09,SZSE:002091,0.0,0.0,0.0,0.0,0.0,0.0,0.0,0.0,0.0,0.0,0.0,0.0,0.0,0.0,0.0,0.0,0.0,0.0,0.0,0.0,0.0,0.0,0.0,0.0,0.0,0.0,0.0,0.0,1.0,0.0,0.0,0.0,0.0,0.0,0.0,0.0,0.0
704,1994-09-12,SZSE:002091,0.0,0.0,0.0,0.0,0.0,0.0,0.0,0.0,0.0,0.0,0.0,0.0,0.0,0.0,0.0,0.0,0.0,0.0,0.0,0.0,0.0,0.0,0.0,0.0,0.0,0.0,0.0,0.0,1.0,0.0,0.0,0.0,0.0,0.0,0.0,0.0,0.0
705,1994-09-13,SZSE:002091,0.0,0.0,0.0,0.0,0.0,0.0,0.0,0.0,0.0,0.0,0.0,0.0,0.0,0.0,0.0,0.0,0.0,0.0,0.0,0.0,0.0,0.0,0.0,0.0,0.0,0.0,0.0,0.0,1.0,0.0,0.0,0.0,0.0,0.0,0.0,0.0,0.0
706,1994-09-14,SZSE:002091,0.0,0.0,0.0,0.0,0.0,0.0,0.0,0.0,0.0,0.0,0.0,0.0,0.0,0.0,0.0,0.0,0.0,0.0,0.0,0.0,0.0,0.0,0.0,0.0,0.0,0.0,0.0,0.0,1.0,0.0,0.0,0.0,0.0,0.0,0.0,0.0,0.0
707,1994-09-15,SZSE:002091,0.0,0.0,0.0,0.0,0.0,0.0,0.0,0.0,0.0,0.0,0.0,0.0,0.0,0.0,0.0,0.0,0.0,0.0,0.0,0.0,0.0,0.0,0.0,0.0,0.0,0.0,0.0,0.0,1.0,0.0,0.0,0.0,0.0,0.0,0.0,0.0,0.0
708,1994-09-16,SZSE:002091,0.0,0.0,0.0,0.0,0.0,0.0,0.0,0.0,0.0,0.0,0.0,0.0,0.0,0.0,0.0,0.0,0.0,0.0,0.0,0.0,0.0,0.0,0.0,0.0,0.0,0.0,0.0,0.0,1.0,0.0,0.0,0.0,0.0,0.0,0.0,0.0,0.0
709,1994-09-19,SZSE:002091,0.0,0.0,0.0,0.0,0.0,0.0,0.0,0.0,0.0,0.0,0.0,0.0,0.0,0.0,0.0,0.0,0.0,0.0,0.0,0.0,0.0,0.0,0.0,0.0,0.0,0.0,0.0,0.0,1.0,0.0,0.0,0.0,0.0,0.0,0.0,0.0,0.0
710,1994-09-20,SZSE:002091,0.0,0.0,0.0,0.0,0.0,0.0,0.0,0.0,0.0,0.0,0.0,0.0,0.0,0.0,0.0,0.0,0.0,0.0,0.0,0.0,0.0,0.0,0.0,0.0,0.0,0.0,0.0,0.0,1.0,0.0,0.0,0.0,0.0,0.0,0.0,0.0,0.0
711,1994-09-21,SZSE:002091,0.0,0.0,0.0,0.0,0.0,0.0,0.0,0.0,0.0,0.0,0.0,0.0,0.0,0.0,0.0,0.0,0.0,0.0,0.0,0.0,0.0,0.0,0.0,0.0,0.0,0.0,0.0,0.0,1.0,0.0,0.0,0.0,0.0,0.0,0.0,0.0,0.0
712,1994-09-22,SZSE:002091,0.0,0.0,0.0,0.0,0.0,0.0,0.0,0.0,0.0,0.0,0.0,0.0,0.0,0.0,0.0,0.0,0.0,0.0,0.0,0.0,0.0,0.0,0.0,0.0,0.0,0.0,0.0,0.0,1.0,0.0,0.0,0.0,0.0,0.0,0.0,0.0,0.0
713,1994-09-23,SZSE:002091,0.0,0.0,0.0,0.0,0.0,0.0,0.0,0.0,0.0,0.0,0.0,0.0,0.0,0.0,0.0,0.0,0.0,0.0,0.0,0.0,0.0,0.0,0.0,0.0,0.0,0.0,0.0,0.0,1.0,0.0,0.0,0.0,0.0,0.0,0.0,0.0,0.0
714,1994-09-26,SZSE:002091,0.0,0.0,0.0,0.0,0.0,0.0,0.0,0.0,0.0,0.0,0.0,0.0,0.0,0.0,0.0,0.0,0.0,0.0,0.0,0.0,0.0,0.0,0.0,0.0,0.0,0.0,0.0,0.0,1.0,0.0,0.0,0.0,0.0,0.0,0.0,0.0,0.0
715,1994-09-27,SZSE:002091,0.0,0.0,0.0,0.0,0.0,0.0,0.0,0.0,0.0,0.0,0.0,0.0,0.0,0.0,0.0,0.0,0.0,0.0,0.0,0.0,0.0,0.0,0.0,0.0,0.0,0.0,0.0,0.0,1.0,0.0,0.0,0.0,0.0,0.0,0.0,0.0,0.0
716,1994-09-28,SZSE:002091,0.0,0.0,0.0,0.0,0.0,0.0,0.0,0.0,0.0,0.0,0.0,0.0,0.0,0.0,0.0,0.0,0.0,0.0,0.0,0.0,0.0,0.0,0.0,0.0,0.0,0.0,0.0,0.0,1.0,0.0,0.0,0.0,0.0,0.0,0.0,0.0,0.0
717,1994-09-29,SZSE:002091,0.0,0.0,0.0,0.0,0.0,0.0,0.0,0.0,0.0,0.0,0.0,0.0,0.0,0.0,0.0,0.0,0.0,0.0,0.0,0.0,0.0,0.0,0.0,0.0,0.0,0.0,0.0,0.0,1.0,0.0,0.0,0.0,0.0,0.0,0.0,0.0,0.0
718,1994-09-30,SZSE:002091,0.0,0.0,0.0,0.0,0.0,0.0,0.0,0.0,0.0,0.0,0.0,0.0,0.0,0.0,0.0,0.0,0.0,0.0,0.0,0.0,0.0,0.0,0.0,0.0,0.0,0.0,0.0,0.0,1.0,0.0,0.0,0.0,0.0,0.0,0.0,0.0,0.0
719,1994-10-03,SZSE:002091,0.0,0.0,0.0,0.0,0.0,0.0,0.0,0.0,0.0,0.0,0.0,0.0,0.0,0.0,0.0,0.0,0.0,0.0,0.0,0.0,0.0,0.0,0.0,0.0,0.0,0.0,0.0,0.0,1.0,0.0,0.0,0.0,0.0,0.0,0.0,0.0,0.0
720,1994-10-04,SZSE:002091,0.0,0.0,0.0,0.0,0.0,0.0,0.0,0.0,0.0,0.0,0.0,0.0,0.0,0.0,0.0,0.0,0.0,0.0,0.0,0.0,0.0,0.0,0.0,0.0,0.0,0.0,0.0,0.0,1.0,0.0,0.0,0.0,0.0,0.0,0.0,0.0,0.0
721,1994-10-05,SZSE:002091,0.0,0.0,0.0,0.0,0.0,0.0,0.0,0.0,0.0,0.0,0.0,0.0,0.0,0.0,0.0,0.0,0.0,0.0,0.0,0.0,0.0,0.0,0.0,0.0,0.0,0.0,0.0,0.0,1.0,0.0,0.0,0.0,0.0,0.0,0.0,0.0,0.0
722,1994-10-06,SZSE:002091,0.0,0.0,0.0,0.0,0.0,0.0,0.0,0.0,0.0,0.0,0.0,0.0,0.0,0.0,0.0,0.0,0.0,0.0,0.0,0.0,0.0,0.0,0.0,0.0,0.0,0.0,0.0,0.0,1.0,0.0,0.0,0.0,0.0,0.0,0.0,0.0,0.0
723,1994-10-07,SZSE:002091,0.0,0.0,0.0,0.0,0.0,0.0,0.0,0.0,0.0,0.0,0.0,0.0,0.0,0.0,0.0,0.0,0.0,0.0,0.0,0.0,0.0,0.0,0.0,0.0,0.0,0.0,0.0,0.0,1.0,0.0,0.0,0.0,0.0,0.0,0.0,0.0,0.0
724,1994-10-10,SZSE:002091,0.0,0.0,0.0,0.0,0.0,0.0,0.0,0.0,0.0,0.0,0.0,0.0,0.0,0.0,0.0,0.0,0.0,0.0,0.0,0.0,0.0,0.0,0.0,0.0,0.0,0.0,0.0,0.0,1.0,0.0,0.0,0.0,0.0,0.0,0.0,0.0,0.0
725,1994-10-11,SZSE:002091,0.0,0.0,0.0,0.0,0.0,0.0,0.0,0.0,0.0,0.0,0.0,0.0,0.0,0.0,0.0,0.0,0.0,0.0,0.0,0.0,0.0,0.0,0.0,0.0,0.0,0.0,0.0,0.0,1.0,0.0,0.0,0.0,0.0,0.0,0.0,0.0,0.0
726,1994-10-12,SZSE:002091,0.0,0.0,0.0,0.0,0.0,0.0,0.0,0.0,0.0,0.0,0.0,0.0,0.0,0.0,0.0,0.0,0.0,0.0,0.0,0.0,0.0,0.0,0.0,0.0,0.0,0.0,0.0,0.0,1.0,0.0,0.0,0.0,0.0,0.0,0.0,0.0,0.0
727,1994-10-13,SZSE:002091,0.0,0.0,0.0,0.0,0.0,0.0,0.0,0.0,0.0,0.0,0.0,0.0,0.0,0.0,0.0,0.0,0.0,0.0,0.0,0.0,0.0,0.0,0.0,0.0,0.0,0.0,0.0,0.0,1.0,0.0,0.0,0.0,0.0,0.0,0.0,0.0,0.0
728,1994-10-14,SZSE:002091,0.0,0.0,0.0,0.0,0.0,0.0,0.0,0.0,0.0,0.0,0.0,0.0,0.0,0.0,0.0,0.0,0.0,0.0,0.0,0.0,0.0,0.0,0.0,0.0,0.0,0.0,0.0,0.0,1.0,0.0,0.0,0.0,0.0,0.0,0.0,0.0,0.0
729,1994-10-17,SZSE:002091,0.0,0.0,0.0,0.0,0.0,0.0,0.0,0.0,0.0,0.0,0.0,0.0,0.0,0.0,0.0,0.0,0.0,0.0,0.0,0.0,0.0,0.0,0.0,0.0,0.0,0.0,0.0,0.0,1.0,0.0,0.0,0.0,0.0,0.0,0.0,0.0,0.0
730,1994-10-18,SZSE:002091,0.0,0.0,0.0,0.0,0.0,0.0,0.0,0.0,0.0,0.0,0.0,0.0,0.0,0.0,0.0,0.0,0.0,0.0,0.0,0.0,0.0,0.0,0.0,0.0,0.0,0.0,0.0,0.0,1.0,0.0,0.0,0.0,0.0,0.0,0.0,0.0,0.0
731,1994-10-19,SZSE:002091,0.0,0.0,0.0,0.0,0.0,0.0,0.0,0.0,0.0,0.0,0.0,0.0,0.0,0.0,0.0,0.0,0.0,0.0,0.0,0.0,0.0,0.0,0.0,0.0,0.0,0.0,0.0,0.0,1.0,0.0,0.0,0.0,0.0,0.0,0.0,0.0,0.0
732,1994-10-20,SZSE:002091,0.0,0.0,0.0,0.0,0.0,0.0,0.0,0.0,0.0,0.0,0.0,0.0,0.0,0.0,0.0,0.0,0.0,0.0,0.0,0.0,0.0,0.0,0.0,0.0,0.0,0.0,0.0,0.0,1.0,0.0,0.0,0.0,0.0,0.0,0.0,0.0,0.0
733,1994-10-21,SZSE:002091,0.0,0.0,0.0,0.0,0.0,0.0,0.0,0.0,0.0,0.0,0.0,0.0,0.0,0.0,0.0,0.0,0.0,0.0,0.0,0.0,0.0,0.0,0.0,0.0,0.0,0.0,0.0,0.0,1.0,0.0,0.0,0.0,0.0,0.0,0.0,0.0,0.0
734,1994-10-24,SZSE:002091,0.0,0.0,0.0,0.0,0.0,0.0,0.0,0.0,0.0,0.0,0.0,0.0,0.0,0.0,0.0,0.0,0.0,0.0,0.0,0.0,0.0,0.0,0.0,0.0,0.0,0.0,0.0,0.0,1.0,0.0,0.0,0.0,0.0,0.0,0.0,0.0,0.0
735,1994-10-25,SZSE:002091,0.0,0.0,0.0,0.0,0.0,0.0,0.0,0.0,0.0,0.0,0.0,0.0,0.0,0.0,0.0,0.0,0.0,0.0,0.0,0.0,0.0,0.0,0.0,0.0,0.0,0.0,0.0,0.0,1.0,0.0,0.0,0.0,0.0,0.0,0.0,0.0,0.0
736,1994-10-26,SZSE:002091,0.0,0.0,0.0,0.0,0.0,0.0,0.0,0.0,0.0,0.0,0.0,0.0,0.0,0.0,0.0,0.0,0.0,0.0,0.0,0.0,0.0,0.0,0.0,0.0,0.0,0.0,0.0,0.0,1.0,0.0,0.0,0.0,0.0,0.0,0.0,0.0,0.0
737,1994-10-27,SZSE:002091,0.0,0.0,0.0,0.0,0.0,0.0,0.0,0.0,0.0,0.0,0.0,0.0,0.0,0.0,0.0,0.0,0.0,0.0,0.0,0.0,0.0,0.0,0.0,0.0,0.0,0.0,0.0,0.0,1.0,0.0,0.0,0.0,0.0,0.0,0.0,0.0,0.0
738,1994-10-28,SZSE:002091,0.0,0.0,0.0,0.0,0.0,0.0,0.0,0.0,0.0,0.0,0.0,0.0,0.0,0.0,0.0,0.0,0.0,0.0,0.0,0.0,0.0,0.0,0.0,0.0,0.0,0.0,0.0,0.0,1.0,0.0,0.0,0.0,0.0,0.0,0.0,0.0,0.0
739,1994-10-31,SZSE:002091,0.0,0.0,0.0,0.0,0.0,0.0,0.0,0.0,0.0,0.0,0.0,0.0,0.0,0.0,0.0,0.0,0.0,0.0,0.0,0.0,0.0,0.0,0.0,0.0,0.0,0.0,0.0,0.0,1.0,0.0,0.0,0.0,0.0,0.0,0.0,0.0,0.0
740,1994-11-01,SZSE:002091,0.0,0.0,0.0,0.0,0.0,0.0,0.0,0.0,0.0,0.0,0.0,0.0,0.0,0.0,0.0,0.0,0.0,0.0,0.0,0.0,0.0,0.0,0.0,0.0,0.0,0.0,0.0,0.0,1.0,0.0,0.0,0.0,0.0,0.0,0.0,0.0,0.0
741,1994-11-02,SZSE:002091,0.0,0.0,0.0,0.0,0.0,0.0,0.0,0.0,0.0,0.0,0.0,0.0,0.0,0.0,0.0,0.0,0.0,0.0,0.0,0.0,0.0,0.0,0.0,0.0,0.0,0.0,0.0,0.0,1.0,0.0,0.0,0.0,0.0,0.0,0.0,0.0,0.0
742,1994-11-03,SZSE:002091,0.0,0.0,0.0,0.0,0.0,0.0,0.0,0.0,0.0,0.0,0.0,0.0,0.0,0.0,0.0,0.0,0.0,0.0,0.0,0.0,0.0,0.0,0.0,0.0,0.0,0.0,0.0,0.0,1.0,0.0,0.0,0.0,0.0,0.0,0.0,0.0,0.0
743,1994-11-04,SZSE:002091,0.0,0.0,0.0,0.0,0.0,0.0,0.0,0.0,0.0,0.0,0.0,0.0,0.0,0.0,0.0,0.0,0.0,0.0,0.0,0.0,0.0,0.0,0.0,0.0,0.0,0.0,0.0,0.0,1.0,0.0,0.0,0.0,0.0,0.0,0.0,0.0,0.0
744,1994-11-07,SZSE:002091,0.0,0.0,0.0,0.0,0.0,0.0,0.0,0.0,0.0,0.0,0.0,0.0,0.0,0.0,0.0,0.0,0.0,0.0,0.0,0.0,0.0,0.0,0.0,0.0,0.0,0.0,0.0,0.0,1.0,0.0,0.0,0.0,0.0,0.0,0.0,0.0,0.0
745,1994-11-08,SZSE:002091,0.0,0.0,0.0,0.0,0.0,0.0,0.0,0.0,0.0,0.0,0.0,0.0,0.0,0.0,0.0,0.0,0.0,0.0,0.0,0.0,0.0,0.0,0.0,0.0,0.0,0.0,0.0,0.0,1.0,0.0,0.0,0.0,0.0,0.0,0.0,0.0,0.0
746,1994-11-09,SZSE:002091,0.0,0.0,0.0,0.0,0.0,0.0,0.0,0.0,0.0,0.0,0.0,0.0,0.0,0.0,0.0,0.0,0.0,0.0,0.0,0.0,0.0,0.0,0.0,0.0,0.0,0.0,0.0,0.0,1.0,0.0,0.0,0.0,0.0,0.0,0.0,0.0,0.0
747,1994-11-10,SZSE:002091,0.0,0.0,0.0,0.0,0.0,0.0,0.0,0.0,0.0,0.0,0.0,0.0,0.0,0.0,0.0,0.0,0.0,0.0,0.0,0.0,0.0,0.0,0.0,0.0,0.0,0.0,0.0,0.0,1.0,0.0,0.0,0.0,0.0,0.0,0.0,0.0,0.0
748,1994-11-11,SZSE:002091,0.0,0.0,0.0,0.0,0.0,0.0,0.0,0.0,0.0,0.0,0.0,0.0,0.0,0.0,0.0,0.0,0.0,0.0,0.0,0.0,0.0,0.0,0.0,0.0,0.0,0.0,0.0,0.0,1.0,0.0,0.0,0.0,0.0,0.0,0.0,0.0,0.0
749,1994-11-14,SZSE:002091,0.0,0.0,0.0,0.0,0.0,0.0,0.0,0.0,0.0,0.0,0.0,0.0,0.0,0.0,0.0,0.0,0.0,0.0,0.0,0.0,0.0,0.0,0.0,0.0,0.0,0.0,0.0,0.0,1.0,0.0,0.0,0.0,0.0,0.0,0.0,0.0,0.0
750,1994-11-15,SZSE:002091,0.0,0.0,0.0,0.0,0.0,0.0,0.0,0.0,0.0,0.0,0.0,0.0,0.0,0.0,0.0,0.0,0.0,0.0,0.0,0.0,0.0,0.0,0.0,0.0,0.0,0.0,0.0,0.0,1.0,0.0,0.0,0.0,0.0,0.0,0.0,0.0,0.0
751,1994-11-16,SZSE:002091,0.0,0.0,0.0,0.0,0.0,0.0,0.0,0.0,0.0,0.0,0.0,0.0,0.0,0.0,0.0,0.0,0.0,0.0,0.0,0.0,0.0,0.0,0.0,0.0,0.0,0.0,0.0,0.0,1.0,0.0,0.0,0.0,0.0,0.0,0.0,0.0,0.0
752,1994-11-17,SZSE:002091,0.0,0.0,0.0,0.0,0.0,0.0,0.0,0.0,0.0,0.0,0.0,0.0,0.0,0.0,0.0,0.0,0.0,0.0,0.0,0.0,0.0,0.0,0.0,0.0,0.0,0.0,0.0,0.0,1.0,0.0,0.0,0.0,0.0,0.0,0.0,0.0,0.0
753,1994-11-18,SZSE:002091,0.0,0.0,0.0,0.0,0.0,0.0,0.0,0.0,0.0,0.0,0.0,0.0,0.0,0.0,0.0,0.0,0.0,0.0,0.0,0.0,0.0,0.0,0.0,0.0,0.0,0.0,0.0,0.0,1.0,0.0,0.0,0.0,0.0,0.0,0.0,0.0,0.0
754,1994-11-21,SZSE:002091,0.0,0.0,0.0,0.0,0.0,0.0,0.0,0.0,0.0,0.0,0.0,0.0,0.0,0.0,0.0,0.0,0.0,0.0,0.0,0.0,0.0,0.0,0.0,0.0,0.0,0.0,0.0,0.0,1.0,0.0,0.0,0.0,0.0,0.0,0.0,0.0,0.0
755,1994-11-22,SZSE:002091,0.0,0.0,0.0,0.0,0.0,0.0,0.0,0.0,0.0,0.0,0.0,0.0,0.0,0.0,0.0,0.0,0.0,0.0,0.0,0.0,0.0,0.0,0.0,0.0,0.0,0.0,0.0,0.0,1.0,0.0,0.0,0.0,0.0,0.0,0.0,0.0,0.0
756,1994-11-23,SZSE:002091,0.0,0.0,0.0,0.0,0.0,0.0,0.0,0.0,0.0,0.0,0.0,0.0,0.0,0.0,0.0,0.0,0.0,0.0,0.0,0.0,0.0,0.0,0.0,0.0,0.0,0.0,0.0,0.0,1.0,0.0,0.0,0.0,0.0,0.0,0.0,0.0,0.0
757,1994-11-24,SZSE:002091,0.0,0.0,0.0,0.0,0.0,0.0,0.0,0.0,0.0,0.0,0.0,0.0,0.0,0.0,0.0,0.0,0.0,0.0,0.0,0.0,0.0,0.0,0.0,0.0,0.0,0.0,0.0,0.0,1.0,0.0,0.0,0.0,0.0,0.0,0.0,0.0,0.0
758,1994-11-25,SZSE:002091,0.0,0.0,0.0,0.0,0.0,0.0,0.0,0.0,0.0,0.0,0.0,0.0,0.0,0.0,0.0,0.0,0.0,0.0,0.0,0.0,0.0,0.0,0.0,0.0,0.0,0.0,0.0,0.0,1.0,0.0,0.0,0.0,0.0,0.0,0.0,0.0,0.0
759,1994-11-28,SZSE:002091,0.0,0.0,0.0,0.0,0.0,0.0,0.0,0.0,0.0,0.0,0.0,0.0,0.0,0.0,0.0,0.0,0.0,0.0,0.0,0.0,0.0,0.0,0.0,0.0,0.0,0.0,0.0,0.0,1.0,0.0,0.0,0.0,0.0,0.0,0.0,0.0,0.0
760,1994-11-29,SZSE:002091,0.0,0.0,0.0,0.0,0.0,0.0,0.0,0.0,0.0,0.0,0.0,0.0,0.0,0.0,0.0,0.0,0.0,0.0,0.0,0.0,0.0,0.0,0.0,0.0,0.0,0.0,0.0,0.0,1.0,0.0,0.0,0.0,0.0,0.0,0.0,0.0,0.0
761,1994-11-30,SZSE:002091,0.0,0.0,0.0,0.0,0.0,0.0,0.0,0.0,0.0,0.0,0.0,0.0,0.0,0.0,0.0,0.0,0.0,0.0,0.0,0.0,0.0,0.0,0.0,0.0,0.0,0.0,0.0,0.0,1.0,0.0,0.0,0.0,0.0,0.0,0.0,0.0,0.0
762,1994-12-01,SZSE:002091,0.0,0.0,0.0,0.0,0.0,0.0,0.0,0.0,0.0,0.0,0.0,0.0,0.0,0.0,0.0,0.0,0.0,0.0,0.0,0.0,0.0,0.0,0.0,0.0,0.0,0.0,0.0,0.0,1.0,0.0,0.0,0.0,0.0,0.0,0.0,0.0,0.0
763,1994-12-02,SZSE:002091,0.0,0.0,0.0,0.0,0.0,0.0,0.0,0.0,0.0,0.0,0.0,0.0,0.0,0.0,0.0,0.0,0.0,0.0,0.0,0.0,0.0,0.0,0.0,0.0,0.0,0.0,0.0,0.0,1.0,0.0,0.0,0.0,0.0,0.0,0.0,0.0,0.0
764,1994-12-05,SZSE:002091,0.0,0.0,0.0,0.0,0.0,0.0,0.0,0.0,0.0,0.0,0.0,0.0,0.0,0.0,0.0,0.0,0.0,0.0,0.0,0.0,0.0,0.0,0.0,0.0,0.0,0.0,0.0,0.0,1.0,0.0,0.0,0.0,0.0,0.0,0.0,0.0,0.0
765,1994-12-06,SZSE:002091,0.0,0.0,0.0,0.0,0.0,0.0,0.0,0.0,0.0,0.0,0.0,0.0,0.0,0.0,0.0,0.0,0.0,0.0,0.0,0.0,0.0,0.0,0.0,0.0,0.0,0.0,0.0,0.0,1.0,0.0,0.0,0.0,0.0,0.0,0.0,0.0,0.0
766,1994-12-07,SZSE:002091,0.0,0.0,0.0,0.0,0.0,0.0,0.0,0.0,0.0,0.0,0.0,0.0,0.0,0.0,0.0,0.0,0.0,0.0,0.0,0.0,0.0,0.0,0.0,0.0,0.0,0.0,0.0,0.0,1.0,0.0,0.0,0.0,0.0,0.0,0.0,0.0,0.0
767,1994-12-08,SZSE:002091,0.0,0.0,0.0,0.0,0.0,0.0,0.0,0.0,0.0,0.0,0.0,0.0,0.0,0.0,0.0,0.0,0.0,0.0,0.0,0.0,0.0,0.0,0.0,0.0,0.0,0.0,0.0,0.0,1.0,0.0,0.0,0.0,0.0,0.0,0.0,0.0,0.0
768,1994-12-09,SZSE:002091,0.0,0.0,0.0,0.0,0.0,0.0,0.0,0.0,0.0,0.0,0.0,0.0,0.0,0.0,0.0,0.0,0.0,0.0,0.0,0.0,0.0,0.0,0.0,0.0,0.0,0.0,0.0,0.0,1.0,0.0,0.0,0.0,0.0,0.0,0.0,0.0,0.0
769,1994-12-12,SZSE:002091,0.0,0.0,0.0,0.0,0.0,0.0,0.0,0.0,0.0,0.0,0.0,0.0,0.0,0.0,0.0,0.0,0.0,0.0,0.0,0.0,0.0,0.0,0.0,0.0,0.0,0.0,0.0,0.0,1.0,0.0,0.0,0.0,0.0,0.0,0.0,0.0,0.0
770,1994-12-13,SZSE:002091,0.0,0.0,0.0,0.0,0.0,0.0,0.0,0.0,0.0,0.0,0.0,0.0,0.0,0.0,0.0,0.0,0.0,0.0,0.0,0.0,0.0,0.0,0.0,0.0,0.0,0.0,0.0,0.0,1.0,0.0,0.0,0.0,0.0,0.0,0.0,0.0,0.0
771,1994-12-14,SZSE:002091,0.0,0.0,0.0,0.0,0.0,0.0,0.0,0.0,0.0,0.0,0.0,0.0,0.0,0.0,0.0,0.0,0.0,0.0,0.0,0.0,0.0,0.0,0.0,0.0,0.0,0.0,0.0,0.0,1.0,0.0,0.0,0.0,0.0,0.0,0.0,0.0,0.0
772,1994-12-15,SZSE:002091,0.0,0.0,0.0,0.0,0.0,0.0,0.0,0.0,0.0,0.0,0.0,0.0,0.0,0.0,0.0,0.0,0.0,0.0,0.0,0.0,0.0,0.0,0.0,0.0,0.0,0.0,0.0,0.0,1.0,0.0,0.0,0.0,0.0,0.0,0.0,0.0,0.0
773,1994-12-16,SZSE:002091,0.0,0.0,0.0,0.0,0.0,0.0,0.0,0.0,0.0,0.0,0.0,0.0,0.0,0.0,0.0,0.0,0.0,0.0,0.0,0.0,0.0,0.0,0.0,0.0,0.0,0.0,0.0,0.0,1.0,0.0,0.0,0.0,0.0,0.0,0.0,0.0,0.0
774,1994-12-19,SZSE:002091,0.0,0.0,0.0,0.0,0.0,0.0,0.0,0.0,0.0,0.0,0.0,0.0,0.0,0.0,0.0,0.0,0.0,0.0,0.0,0.0,0.0,0.0,0.0,0.0,0.0,0.0,0.0,0.0,1.0,0.0,0.0,0.0,0.0,0.0,0.0,0.0,0.0
775,1994-12-20,SZSE:002091,0.0,0.0,0.0,0.0,0.0,0.0,0.0,0.0,0.0,0.0,0.0,0.0,0.0,0.0,0.0,0.0,0.0,0.0,0.0,0.0,0.0,0.0,0.0,0.0,0.0,0.0,0.0,0.0,1.0,0.0,0.0,0.0,0.0,0.0,0.0,0.0,0.0
776,1994-12-21,SZSE:002091,0.0,0.0,0.0,0.0,0.0,0.0,0.0,0.0,0.0,0.0,0.0,0.0,0.0,0.0,0.0,0.0,0.0,0.0,0.0,0.0,0.0,0.0,0.0,0.0,0.0,0.0,0.0,0.0,1.0,0.0,0.0,0.0,0.0,0.0,0.0,0.0,0.0
777,1994-12-22,SZSE:002091,0.0,0.0,0.0,0.0,0.0,0.0,0.0,0.0,0.0,0.0,0.0,0.0,0.0,0.0,0.0,0.0,0.0,0.0,0.0,0.0,0.0,0.0,0.0,0.0,0.0,0.0,0.0,0.0,1.0,0.0,0.0,0.0,0.0,0.0,0.0,0.0,0.0
778,1994-12-23,SZSE:002091,0.0,0.0,0.0,0.0,0.0,0.0,0.0,0.0,0.0,0.0,0.0,0.0,0.0,0.0,0.0,0.0,0.0,0.0,0.0,0.0,0.0,0.0,0.0,0.0,0.0,0.0,0.0,0.0,1.0,0.0,0.0,0.0,0.0,0.0,0.0,0.0,0.0
779,1994-12-26,SZSE:002091,0.0,0.0,0.0,0.0,0.0,0.0,0.0,0.0,0.0,0.0,0.0,0.0,0.0,0.0,0.0,0.0,0.0,0.0,0.0,0.0,0.0,0.0,0.0,0.0,0.0,0.0,0.0,0.0,1.0,0.0,0.0,0.0,0.0,0.0,0.0,0.0,0.0
780,1994-12-27,SZSE:002091,0.0,0.0,0.0,0.0,0.0,0.0,0.0,0.0,0.0,0.0,0.0,0.0,0.0,0.0,0.0,0.0,0.0,0.0,0.0,0.0,0.0,0.0,0.0,0.0,0.0,0.0,0.0,0.0,1.0,0.0,0.0,0.0,0.0,0.0,0.0,0.0,0.0
781,1994-12-28,SZSE:002091,0.0,0.0,0.0,0.0,0.0,0.0,0.0,0.0,0.0,0.0,0.0,0.0,0.0,0.0,0.0,0.0,0.0,0.0,0.0,0.0,0.0,0.0,0.0,0.0,0.0,0.0,0.0,0.0,1.0,0.0,0.0,0.0,0.0,0.0,0.0,0.0,0.0
782,1994-12-29,SZSE:002091,0.0,0.0,0.0,0.0,0.0,0.0,0.0,0.0,0.0,0.0,0.0,0.0,0.0,0.0,0.0,0.0,0.0,0.0,0.0,0.0,0.0,0.0,0.0,0.0,0.0,0.0,0.0,0.0,1.0,0.0,0.0,0.0,0.0,0.0,0.0,0.0,0.0
783,1994-12-30,SZSE:002091,0.0,0.0,0.0,0.0,0.0,0.0,0.0,0.0,0.0,0.0,0.0,0.0,0.0,0.0,0.0,0.0,0.0,0.0,0.0,0.0,0.0,0.0,0.0,0.0,0.0,0.0,0.0,0.0,1.0,0.0,0.0,0.0,0.0,0.0,0.0,0.0,0.0
784,1995-01-02,SZSE:002091,0.0,0.0,0.0,0.0,0.0,0.0,0.0,0.0,0.0,0.0,0.0,0.0,0.0,0.0,0.0,0.0,0.0,0.0,0.0,0.0,0.0,0.0,0.0,0.0,0.0,0.0,0.0,0.0,1.0,0.0,0.0,0.0,0.0,0.0,0.0,0.0,0.0
785,1995-01-03,SZSE:002091,0.0,0.0,0.0,0.0,0.0,0.0,0.0,0.0,0.0,0.0,0.0,0.0,0.0,0.0,0.0,0.0,0.0,0.0,0.0,0.0,0.0,0.0,0.0,0.0,0.0,0.0,0.0,0.0,1.0,0.0,0.0,0.0,0.0,0.0,0.0,0.0,0.0
786,1995-01-04,SZSE:002091,0.0,0.0,0.0,0.0,0.0,0.0,0.0,0.0,0.0,0.0,0.0,0.0,0.0,0.0,0.0,0.0,0.0,0.0,0.0,0.0,0.0,0.0,0.0,0.0,0.0,0.0,0.0,0.0,1.0,0.0,0.0,0.0,0.0,0.0,0.0,0.0,0.0
787,1995-01-05,SZSE:002091,0.0,0.0,0.0,0.0,0.0,0.0,0.0,0.0,0.0,0.0,0.0,0.0,0.0,0.0,0.0,0.0,0.0,0.0,0.0,0.0,0.0,0.0,0.0,0.0,0.0,0.0,0.0,0.0,1.0,0.0,0.0,0.0,0.0,0.0,0.0,0.0,0.0
788,1995-01-06,SZSE:002091,0.0,0.0,0.0,0.0,0.0,0.0,0.0,0.0,0.0,0.0,0.0,0.0,0.0,0.0,0.0,0.0,0.0,0.0,0.0,0.0,0.0,0.0,0.0,0.0,0.0,0.0,0.0,0.0,1.0,0.0,0.0,0.0,0.0,0.0,0.0,0.0,0.0
789,1995-01-09,SZSE:002091,0.0,0.0,0.0,0.0,0.0,0.0,0.0,0.0,0.0,0.0,0.0,0.0,0.0,0.0,0.0,0.0,0.0,0.0,0.0,0.0,0.0,0.0,0.0,0.0,0.0,0.0,0.0,0.0,1.0,0.0,0.0,0.0,0.0,0.0,0.0,0.0,0.0
790,1995-01-10,SZSE:002091,0.0,0.0,0.0,0.0,0.0,0.0,0.0,0.0,0.0,0.0,0.0,0.0,0.0,0.0,0.0,0.0,0.0,0.0,0.0,0.0,0.0,0.0,0.0,0.0,0.0,0.0,0.0,0.0,1.0,0.0,0.0,0.0,0.0,0.0,0.0,0.0,0.0
791,1995-01-11,SZSE:002091,0.0,0.0,0.0,0.0,0.0,0.0,0.0,0.0,0.0,0.0,0.0,0.0,0.0,0.0,0.0,0.0,0.0,0.0,0.0,0.0,0.0,0.0,0.0,0.0,0.0,0.0,0.0,0.0,1.0,0.0,0.0,0.0,0.0,0.0,0.0,0.0,0.0
792,1995-01-12,SZSE:002091,0.0,0.0,0.0,0.0,0.0,0.0,0.0,0.0,0.0,0.0,0.0,0.0,0.0,0.0,0.0,0.0,0.0,0.0,0.0,0.0,0.0,0.0,0.0,0.0,0.0,0.0,0.0,0.0,1.0,0.0,0.0,0.0,0.0,0.0,0.0,0.0,0.0
793,1995-01-13,SZSE:002091,0.0,0.0,0.0,0.0,0.0,0.0,0.0,0.0,0.0,0.0,0.0,0.0,0.0,0.0,0.0,0.0,0.0,0.0,0.0,0.0,0.0,0.0,0.0,0.0,0.0,0.0,0.0,0.0,1.0,0.0,0.0,0.0,0.0,0.0,0.0,0.0,0.0
794,1995-01-16,SZSE:002091,0.0,0.0,0.0,0.0,0.0,0.0,0.0,0.0,0.0,0.0,0.0,0.0,0.0,0.0,0.0,0.0,0.0,0.0,0.0,0.0,0.0,0.0,0.0,0.0,0.0,0.0,0.0,0.0,1.0,0.0,0.0,0.0,0.0,0.0,0.0,0.0,0.0
795,1995-01-17,SZSE:002091,0.0,0.0,0.0,0.0,0.0,0.0,0.0,0.0,0.0,0.0,0.0,0.0,0.0,0.0,0.0,0.0,0.0,0.0,0.0,0.0,0.0,0.0,0.0,0.0,0.0,0.0,0.0,0.0,1.0,0.0,0.0,0.0,0.0,0.0,0.0,0.0,0.0
796,1995-01-18,SZSE:002091,0.0,0.0,0.0,0.0,0.0,0.0,0.0,0.0,0.0,0.0,0.0,0.0,0.0,0.0,0.0,0.0,0.0,0.0,0.0,0.0,0.0,0.0,0.0,0.0,0.0,0.0,0.0,0.0,1.0,0.0,0.0,0.0,0.0,0.0,0.0,0.0,0.0
797,1995-01-19,SZSE:002091,0.0,0.0,0.0,0.0,0.0,0.0,0.0,0.0,0.0,0.0,0.0,0.0,0.0,0.0,0.0,0.0,0.0,0.0,0.0,0.0,0.0,0.0,0.0,0.0,0.0,0.0,0.0,0.0,1.0,0.0,0.0,0.0,0.0,0.0,0.0,0.0,0.0
798,1995-01-20,SZSE:002091,0.0,0.0,0.0,0.0,0.0,0.0,0.0,0.0,0.0,0.0,0.0,0.0,0.0,0.0,0.0,0.0,0.0,0.0,0.0,0.0,0.0,0.0,0.0,0.0,0.0,0.0,0.0,0.0,1.0,0.0,0.0,0.0,0.0,0.0,0.0,0.0,0.0
799,1995-01-23,SZSE:002091,0.0,0.0,0.0,0.0,0.0,0.0,0.0,0.0,0.0,0.0,0.0,0.0,0.0,0.0,0.0,0.0,0.0,0.0,0.0,0.0,0.0,0.0,0.0,0.0,0.0,0.0,0.0,0.0,1.0,0.0,0.0,0.0,0.0,0.0,0.0,0.0,0.0
800,1995-01-24,SZSE:002091,0.0,0.0,0.0,0.0,0.0,0.0,0.0,0.0,0.0,0.0,0.0,0.0,0.0,0.0,0.0,0.0,0.0,0.0,0.0,0.0,0.0,0.0,0.0,0.0,0.0,0.0,0.0,0.0,1.0,0.0,0.0,0.0,0.0,0.0,0.0,0.0,0.0
801,1995-01-25,SZSE:002091,0.0,0.0,0.0,0.0,0.0,0.0,0.0,0.0,0.0,0.0,0.0,0.0,0.0,0.0,0.0,0.0,0.0,0.0,0.0,0.0,0.0,0.0,0.0,0.0,0.0,0.0,0.0,0.0,1.0,0.0,0.0,0.0,0.0,0.0,0.0,0.0,0.0
802,1995-01-26,SZSE:002091,0.0,0.0,0.0,0.0,0.0,0.0,0.0,0.0,0.0,0.0,0.0,0.0,0.0,0.0,0.0,0.0,0.0,0.0,0.0,0.0,0.0,0.0,0.0,0.0,0.0,0.0,0.0,0.0,1.0,0.0,0.0,0.0,0.0,0.0,0.0,0.0,0.0
803,1995-01-27,SZSE:002091,0.0,0.0,0.0,0.0,0.0,0.0,0.0,0.0,0.0,0.0,0.0,0.0,0.0,0.0,0.0,0.0,0.0,0.0,0.0,0.0,0.0,0.0,0.0,0.0,0.0,0.0,0.0,0.0,1.0,0.0,0.0,0.0,0.0,0.0,0.0,0.0,0.0
804,1995-01-30,SZSE:002091,0.0,0.0,0.0,0.0,0.0,0.0,0.0,0.0,0.0,0.0,0.0,0.0,0.0,0.0,0.0,0.0,0.0,0.0,0.0,0.0,0.0,0.0,0.0,0.0,0.0,0.0,0.0,0.0,1.0,0.0,0.0,0.0,0.0,0.0,0.0,0.0,0.0
805,1995-01-31,SZSE:002091,0.0,0.0,0.0,0.0,0.0,0.0,0.0,0.0,0.0,0.0,0.0,0.0,0.0,0.0,0.0,0.0,0.0,0.0,0.0,0.0,0.0,0.0,0.0,0.0,0.0,0.0,0.0,0.0,1.0,0.0,0.0,0.0,0.0,0.0,0.0,0.0,0.0
806,1995-02-01,SZSE:002091,0.0,0.0,0.0,0.0,0.0,0.0,0.0,0.0,0.0,0.0,0.0,0.0,0.0,0.0,0.0,0.0,0.0,0.0,0.0,0.0,0.0,0.0,0.0,0.0,0.0,0.0,0.0,0.0,1.0,0.0,0.0,0.0,0.0,0.0,0.0,0.0,0.0
807,1995-02-02,SZSE:002091,0.0,0.0,0.0,0.0,0.0,0.0,0.0,0.0,0.0,0.0,0.0,0.0,0.0,0.0,0.0,0.0,0.0,0.0,0.0,0.0,0.0,0.0,0.0,0.0,0.0,0.0,0.0,0.0,1.0,0.0,0.0,0.0,0.0,0.0,0.0,0.0,0.0
808,1995-02-03,SZSE:002091,0.0,0.0,0.0,0.0,0.0,0.0,0.0,0.0,0.0,0.0,0.0,0.0,0.0,0.0,0.0,0.0,0.0,0.0,0.0,0.0,0.0,0.0,0.0,0.0,0.0,0.0,0.0,0.0,1.0,0.0,0.0,0.0,0.0,0.0,0.0,0.0,0.0
809,1995-02-06,SZSE:002091,0.0,0.0,0.0,0.0,0.0,0.0,0.0,0.0,0.0,0.0,0.0,0.0,0.0,0.0,0.0,0.0,0.0,0.0,0.0,0.0,0.0,0.0,0.0,0.0,0.0,0.0,0.0,0.0,1.0,0.0,0.0,0.0,0.0,0.0,0.0,0.0,0.0
810,1995-02-07,SZSE:002091,0.0,0.0,0.0,0.0,0.0,0.0,0.0,0.0,0.0,0.0,0.0,0.0,0.0,0.0,0.0,0.0,0.0,0.0,0.0,0.0,0.0,0.0,0.0,0.0,0.0,0.0,0.0,0.0,1.0,0.0,0.0,0.0,0.0,0.0,0.0,0.0,0.0
811,1995-02-08,SZSE:002091,0.0,0.0,0.0,0.0,0.0,0.0,0.0,0.0,0.0,0.0,0.0,0.0,0.0,0.0,0.0,0.0,0.0,0.0,0.0,0.0,0.0,0.0,0.0,0.0,0.0,0.0,0.0,0.0,1.0,0.0,0.0,0.0,0.0,0.0,0.0,0.0,0.0
812,1995-02-09,SZSE:002091,0.0,0.0,0.0,0.0,0.0,0.0,0.0,0.0,0.0,0.0,0.0,0.0,0.0,0.0,0.0,0.0,0.0,0.0,0.0,0.0,0.0,0.0,0.0,0.0,0.0,0.0,0.0,0.0,1.0,0.0,0.0,0.0,0.0,0.0,0.0,0.0,0.0
813,1995-02-10,SZSE:002091,0.0,0.0,0.0,0.0,0.0,0.0,0.0,0.0,0.0,0.0,0.0,0.0,0.0,0.0,0.0,0.0,0.0,0.0,0.0,0.0,0.0,0.0,0.0,0.0,0.0,0.0,0.0,0.0,1.0,0.0,0.0,0.0,0.0,0.0,0.0,0.0,0.0
814,1995-02-13,SZSE:002091,0.0,0.0,0.0,0.0,0.0,0.0,0.0,0.0,0.0,0.0,0.0,0.0,0.0,0.0,0.0,0.0,0.0,0.0,0.0,0.0,0.0,0.0,0.0,0.0,0.0,0.0,0.0,0.0,1.0,0.0,0.0,0.0,0.0,0.0,0.0,0.0,0.0
815,1995-02-14,SZSE:002091,0.0,0.0,0.0,0.0,0.0,0.0,0.0,0.0,0.0,0.0,0.0,0.0,0.0,0.0,0.0,0.0,0.0,0.0,0.0,0.0,0.0,0.0,0.0,0.0,0.0,0.0,0.0,0.0,1.0,0.0,0.0,0.0,0.0,0.0,0.0,0.0,0.0
816,1995-02-15,SZSE:002091,0.0,0.0,0.0,0.0,0.0,0.0,0.0,0.0,0.0,0.0,0.0,0.0,0.0,0.0,0.0,0.0,0.0,0.0,0.0,0.0,0.0,0.0,0.0,0.0,0.0,0.0,0.0,0.0,1.0,0.0,0.0,0.0,0.0,0.0,0.0,0.0,0.0
817,1995-02-16,SZSE:002091,0.0,0.0,0.0,0.0,0.0,0.0,0.0,0.0,0.0,0.0,0.0,0.0,0.0,0.0,0.0,0.0,0.0,0.0,0.0,0.0,0.0,0.0,0.0,0.0,0.0,0.0,0.0,0.0,1.0,0.0,0.0,0.0,0.0,0.0,0.0,0.0,0.0
818,1995-02-17,SZSE:002091,0.0,0.0,0.0,0.0,0.0,0.0,0.0,0.0,0.0,0.0,0.0,0.0,0.0,0.0,0.0,0.0,0.0,0.0,0.0,0.0,0.0,0.0,0.0,0.0,0.0,0.0,0.0,0.0,1.0,0.0,0.0,0.0,0.0,0.0,0.0,0.0,0.0
819,1995-02-20,SZSE:002091,0.0,0.0,0.0,0.0,0.0,0.0,0.0,0.0,0.0,0.0,0.0,0.0,0.0,0.0,0.0,0.0,0.0,0.0,0.0,0.0,0.0,0.0,0.0,0.0,0.0,0.0,0.0,0.0,1.0,0.0,0.0,0.0,0.0,0.0,0.0,0.0,0.0
820,1995-02-21,SZSE:002091,0.0,0.0,0.0,0.0,0.0,0.0,0.0,0.0,0.0,0.0,0.0,0.0,0.0,0.0,0.0,0.0,0.0,0.0,0.0,0.0,0.0,0.0,0.0,0.0,0.0,0.0,0.0,0.0,1.0,0.0,0.0,0.0,0.0,0.0,0.0,0.0,0.0
821,1995-02-22,SZSE:002091,0.0,0.0,0.0,0.0,0.0,0.0,0.0,0.0,0.0,0.0,0.0,0.0,0.0,0.0,0.0,0.0,0.0,0.0,0.0,0.0,0.0,0.0,0.0,0.0,0.0,0.0,0.0,0.0,1.0,0.0,0.0,0.0,0.0,0.0,0.0,0.0,0.0
822,1995-02-23,SZSE:002091,0.0,0.0,0.0,0.0,0.0,0.0,0.0,0.0,0.0,0.0,0.0,0.0,0.0,0.0,0.0,0.0,0.0,0.0,0.0,0.0,0.0,0.0,0.0,0.0,0.0,0.0,0.0,0.0,1.0,0.0,0.0,0.0,0.0,0.0,0.0,0.0,0.0
823,1995-02-24,SZSE:002091,0.0,0.0,0.0,0.0,0.0,0.0,0.0,0.0,0.0,0.0,0.0,0.0,0.0,0.0,0.0,0.0,0.0,0.0,0.0,0.0,0.0,0.0,0.0,0.0,0.0,0.0,0.0,0.0,1.0,0.0,0.0,0.0,0.0,0.0,0.0,0.0,0.0
824,1995-02-27,SZSE:002091,0.0,0.0,0.0,0.0,0.0,0.0,0.0,0.0,0.0,0.0,0.0,0.0,0.0,0.0,0.0,0.0,0.0,0.0,0.0,0.0,0.0,0.0,0.0,0.0,0.0,0.0,0.0,0.0,1.0,0.0,0.0,0.0,0.0,0.0,0.0,0.0,0.0
825,1995-02-28,SZSE:002091,0.0,0.0,0.0,0.0,0.0,0.0,0.0,0.0,0.0,0.0,0.0,0.0,0.0,0.0,0.0,0.0,0.0,0.0,0.0,0.0,0.0,0.0,0.0,0.0,0.0,0.0,0.0,0.0,1.0,0.0,0.0,0.0,0.0,0.0,0.0,0.0,0.0
826,1995-03-01,SZSE:002091,0.0,0.0,0.0,0.0,0.0,0.0,0.0,0.0,0.0,0.0,0.0,0.0,0.0,0.0,0.0,0.0,0.0,0.0,0.0,0.0,0.0,0.0,0.0,0.0,0.0,0.0,0.0,0.0,1.0,0.0,0.0,0.0,0.0,0.0,0.0,0.0,0.0
827,1995-03-02,SZSE:002091,0.0,0.0,0.0,0.0,0.0,0.0,0.0,0.0,0.0,0.0,0.0,0.0,0.0,0.0,0.0,0.0,0.0,0.0,0.0,0.0,0.0,0.0,0.0,0.0,0.0,0.0,0.0,0.0,1.0,0.0,0.0,0.0,0.0,0.0,0.0,0.0,0.0
828,1995-03-03,SZSE:002091,0.0,0.0,0.0,0.0,0.0,0.0,0.0,0.0,0.0,0.0,0.0,0.0,0.0,0.0,0.0,0.0,0.0,0.0,0.0,0.0,0.0,0.0,0.0,0.0,0.0,0.0,0.0,0.0,1.0,0.0,0.0,0.0,0.0,0.0,0.0,0.0,0.0
829,1995-03-06,SZSE:002091,0.0,0.0,0.0,0.0,0.0,0.0,0.0,0.0,0.0,0.0,0.0,0.0,0.0,0.0,0.0,0.0,0.0,0.0,0.0,0.0,0.0,0.0,0.0,0.0,0.0,0.0,0.0,0.0,1.0,0.0,0.0,0.0,0.0,0.0,0.0,0.0,0.0
830,1995-03-07,SZSE:002091,0.0,0.0,0.0,0.0,0.0,0.0,0.0,0.0,0.0,0.0,0.0,0.0,0.0,0.0,0.0,0.0,0.0,0.0,0.0,0.0,0.0,0.0,0.0,0.0,0.0,0.0,0.0,0.0,1.0,0.0,0.0,0.0,0.0,0.0,0.0,0.0,0.0
831,1995-03-08,SZSE:002091,0.0,0.0,0.0,0.0,0.0,0.0,0.0,0.0,0.0,0.0,0.0,0.0,0.0,0.0,0.0,0.0,0.0,0.0,0.0,0.0,0.0,0.0,0.0,0.0,0.0,0.0,0.0,0.0,1.0,0.0,0.0,0.0,0.0,0.0,0.0,0.0,0.0
832,1995-03-09,SZSE:002091,0.0,0.0,0.0,0.0,0.0,0.0,0.0,0.0,0.0,0.0,0.0,0.0,0.0,0.0,0.0,0.0,0.0,0.0,0.0,0.0,0.0,0.0,0.0,0.0,0.0,0.0,0.0,0.0,1.0,0.0,0.0,0.0,0.0,0.0,0.0,0.0,0.0
833,1995-03-10,SZSE:002091,0.0,0.0,0.0,0.0,0.0,0.0,0.0,0.0,0.0,0.0,0.0,0.0,0.0,0.0,0.0,0.0,0.0,0.0,0.0,0.0,0.0,0.0,0.0,0.0,0.0,0.0,0.0,0.0,1.0,0.0,0.0,0.0,0.0,0.0,0.0,0.0,0.0
834,1995-03-13,SZSE:002091,0.0,0.0,0.0,0.0,0.0,0.0,0.0,0.0,0.0,0.0,0.0,0.0,0.0,0.0,0.0,0.0,0.0,0.0,0.0,0.0,0.0,0.0,0.0,0.0,0.0,0.0,0.0,0.0,1.0,0.0,0.0,0.0,0.0,0.0,0.0,0.0,0.0
835,1995-03-14,SZSE:002091,0.0,0.0,0.0,0.0,0.0,0.0,0.0,0.0,0.0,0.0,0.0,0.0,0.0,0.0,0.0,0.0,0.0,0.0,0.0,0.0,0.0,0.0,0.0,0.0,0.0,0.0,0.0,0.0,1.0,0.0,0.0,0.0,0.0,0.0,0.0,0.0,0.0
836,1995-03-15,SZSE:002091,0.0,0.0,0.0,0.0,0.0,0.0,0.0,0.0,0.0,0.0,0.0,0.0,0.0,0.0,0.0,0.0,0.0,0.0,0.0,0.0,0.0,0.0,0.0,0.0,0.0,0.0,0.0,0.0,1.0,0.0,0.0,0.0,0.0,0.0,0.0,0.0,0.0
837,1995-03-16,SZSE:002091,0.0,0.0,0.0,0.0,0.0,0.0,0.0,0.0,0.0,0.0,0.0,0.0,0.0,0.0,0.0,0.0,0.0,0.0,0.0,0.0,0.0,0.0,0.0,0.0,0.0,0.0,0.0,0.0,1.0,0.0,0.0,0.0,0.0,0.0,0.0,0.0,0.0
838,1995-03-17,SZSE:002091,0.0,0.0,0.0,0.0,0.0,0.0,0.0,0.0,0.0,0.0,0.0,0.0,0.0,0.0,0.0,0.0,0.0,0.0,0.0,0.0,0.0,0.0,0.0,0.0,0.0,0.0,0.0,0.0,1.0,0.0,0.0,0.0,0.0,0.0,0.0,0.0,0.0
839,1995-03-20,SZSE:002091,0.0,0.0,0.0,0.0,0.0,0.0,0.0,0.0,0.0,0.0,0.0,0.0,0.0,0.0,0.0,0.0,0.0,0.0,0.0,0.0,0.0,0.0,0.0,0.0,0.0,0.0,0.0,0.0,1.0,0.0,0.0,0.0,0.0,0.0,0.0,0.0,0.0
840,1995-03-21,SZSE:002091,0.0,0.0,0.0,0.0,0.0,0.0,0.0,0.0,0.0,0.0,0.0,0.0,0.0,0.0,0.0,0.0,0.0,0.0,0.0,0.0,0.0,0.0,0.0,0.0,0.0,0.0,0.0,0.0,1.0,0.0,0.0,0.0,0.0,0.0,0.0,0.0,0.0
841,1995-03-22,SZSE:002091,0.0,0.0,0.0,0.0,0.0,0.0,0.0,0.0,0.0,0.0,0.0,0.0,0.0,0.0,0.0,0.0,0.0,0.0,0.0,0.0,0.0,0.0,0.0,0.0,0.0,0.0,0.0,0.0,1.0,0.0,0.0,0.0,0.0,0.0,0.0,0.0,0.0
842,1995-03-23,SZSE:002091,0.0,0.0,0.0,0.0,0.0,0.0,0.0,0.0,0.0,0.0,0.0,0.0,0.0,0.0,0.0,0.0,0.0,0.0,0.0,0.0,0.0,0.0,0.0,0.0,0.0,0.0,0.0,0.0,1.0,0.0,0.0,0.0,0.0,0.0,0.0,0.0,0.0
843,1995-03-24,SZSE:002091,0.0,0.0,0.0,0.0,0.0,0.0,0.0,0.0,0.0,0.0,0.0,0.0,0.0,0.0,0.0,0.0,0.0,0.0,0.0,0.0,0.0,0.0,0.0,0.0,0.0,0.0,0.0,0.0,1.0,0.0,0.0,0.0,0.0,0.0,0.0,0.0,0.0
844,1995-03-27,SZSE:002091,0.0,0.0,0.0,0.0,0.0,0.0,0.0,0.0,0.0,0.0,0.0,0.0,0.0,0.0,0.0,0.0,0.0,0.0,0.0,0.0,0.0,0.0,0.0,0.0,0.0,0.0,0.0,0.0,1.0,0.0,0.0,0.0,0.0,0.0,0.0,0.0,0.0
845,1995-03-28,SZSE:002091,0.0,0.0,0.0,0.0,0.0,0.0,0.0,0.0,0.0,0.0,0.0,0.0,0.0,0.0,0.0,0.0,0.0,0.0,0.0,0.0,0.0,0.0,0.0,0.0,0.0,0.0,0.0,0.0,1.0,0.0,0.0,0.0,0.0,0.0,0.0,0.0,0.0
846,1995-03-29,SZSE:002091,0.0,0.0,0.0,0.0,0.0,0.0,0.0,0.0,0.0,0.0,0.0,0.0,0.0,0.0,0.0,0.0,0.0,0.0,0.0,0.0,0.0,0.0,0.0,0.0,0.0,0.0,0.0,0.0,1.0,0.0,0.0,0.0,0.0,0.0,0.0,0.0,0.0
847,1995-03-30,SZSE:002091,0.0,0.0,0.0,0.0,0.0,0.0,0.0,0.0,0.0,0.0,0.0,0.0,0.0,0.0,0.0,0.0,0.0,0.0,0.0,0.0,0.0,0.0,0.0,0.0,0.0,0.0,0.0,0.0,1.0,0.0,0.0,0.0,0.0,0.0,0.0,0.0,0.0
848,1995-03-31,SZSE:002091,0.0,0.0,0.0,0.0,0.0,0.0,0.0,0.0,0.0,0.0,0.0,0.0,0.0,0.0,0.0,0.0,0.0,0.0,0.0,0.0,0.0,0.0,0.0,0.0,0.0,0.0,0.0,0.0,1.0,0.0,0.0,0.0,0.0,0.0,0.0,0.0,0.0
849,1995-04-03,SZSE:002091,0.0,0.0,0.0,0.0,0.0,0.0,0.0,0.0,0.0,0.0,0.0,0.0,0.0,0.0,0.0,0.0,0.0,0.0,0.0,0.0,0.0,0.0,0.0,0.0,0.0,0.0,0.0,0.0,1.0,0.0,0.0,0.0,0.0,0.0,0.0,0.0,0.0
850,1995-04-04,SZSE:002091,0.0,0.0,0.0,0.0,0.0,0.0,0.0,0.0,0.0,0.0,0.0,0.0,0.0,0.0,0.0,0.0,0.0,0.0,0.0,0.0,0.0,0.0,0.0,0.0,0.0,0.0,0.0,0.0,1.0,0.0,0.0,0.0,0.0,0.0,0.0,0.0,0.0
851,1995-04-05,SZSE:002091,0.0,0.0,0.0,0.0,0.0,0.0,0.0,0.0,0.0,0.0,0.0,0.0,0.0,0.0,0.0,0.0,0.0,0.0,0.0,0.0,0.0,0.0,0.0,0.0,0.0,0.0,0.0,0.0,1.0,0.0,0.0,0.0,0.0,0.0,0.0,0.0,0.0
852,1995-04-06,SZSE:002091,0.0,0.0,0.0,0.0,0.0,0.0,0.0,0.0,0.0,0.0,0.0,0.0,0.0,0.0,0.0,0.0,0.0,0.0,0.0,0.0,0.0,0.0,0.0,0.0,0.0,0.0,0.0,0.0,1.0,0.0,0.0,0.0,0.0,0.0,0.0,0.0,0.0
853,1995-04-07,SZSE:002091,0.0,0.0,0.0,0.0,0.0,0.0,0.0,0.0,0.0,0.0,0.0,0.0,0.0,0.0,0.0,0.0,0.0,0.0,0.0,0.0,0.0,0.0,0.0,0.0,0.0,0.0,0.0,0.0,1.0,0.0,0.0,0.0,0.0,0.0,0.0,0.0,0.0
854,1995-04-10,SZSE:002091,0.0,0.0,0.0,0.0,0.0,0.0,0.0,0.0,0.0,0.0,0.0,0.0,0.0,0.0,0.0,0.0,0.0,0.0,0.0,0.0,0.0,0.0,0.0,0.0,0.0,0.0,0.0,0.0,1.0,0.0,0.0,0.0,0.0,0.0,0.0,0.0,0.0
855,1995-04-11,SZSE:002091,0.0,0.0,0.0,0.0,0.0,0.0,0.0,0.0,0.0,0.0,0.0,0.0,0.0,0.0,0.0,0.0,0.0,0.0,0.0,0.0,0.0,0.0,0.0,0.0,0.0,0.0,0.0,0.0,1.0,0.0,0.0,0.0,0.0,0.0,0.0,0.0,0.0
856,1995-04-12,SZSE:002091,0.0,0.0,0.0,0.0,0.0,0.0,0.0,0.0,0.0,0.0,0.0,0.0,0.0,0.0,0.0,0.0,0.0,0.0,0.0,0.0,0.0,0.0,0.0,0.0,0.0,0.0,0.0,0.0,1.0,0.0,0.0,0.0,0.0,0.0,0.0,0.0,0.0
857,1995-04-13,SZSE:002091,0.0,0.0,0.0,0.0,0.0,0.0,0.0,0.0,0.0,0.0,0.0,0.0,0.0,0.0,0.0,0.0,0.0,0.0,0.0,0.0,0.0,0.0,0.0,0.0,0.0,0.0,0.0,0.0,1.0,0.0,0.0,0.0,0.0,0.0,0.0,0.0,0.0
858,1995-04-14,SZSE:002091,0.0,0.0,0.0,0.0,0.0,0.0,0.0,0.0,0.0,0.0,0.0,0.0,0.0,0.0,0.0,0.0,0.0,0.0,0.0,0.0,0.0,0.0,0.0,0.0,0.0,0.0,0.0,0.0,1.0,0.0,0.0,0.0,0.0,0.0,0.0,0.0,0.0
859,1995-04-17,SZSE:002091,0.0,0.0,0.0,0.0,0.0,0.0,0.0,0.0,0.0,0.0,0.0,0.0,0.0,0.0,0.0,0.0,0.0,0.0,0.0,0.0,0.0,0.0,0.0,0.0,0.0,0.0,0.0,0.0,1.0,0.0,0.0,0.0,0.0,0.0,0.0,0.0,0.0
860,1995-04-18,SZSE:002091,0.0,0.0,0.0,0.0,0.0,0.0,0.0,0.0,0.0,0.0,0.0,0.0,0.0,0.0,0.0,0.0,0.0,0.0,0.0,0.0,0.0,0.0,0.0,0.0,0.0,0.0,0.0,0.0,1.0,0.0,0.0,0.0,0.0,0.0,0.0,0.0,0.0
861,1995-04-19,SZSE:002091,0.0,0.0,0.0,0.0,0.0,0.0,0.0,0.0,0.0,0.0,0.0,0.0,0.0,0.0,0.0,0.0,0.0,0.0,0.0,0.0,0.0,0.0,0.0,0.0,0.0,0.0,0.0,0.0,1.0,0.0,0.0,0.0,0.0,0.0,0.0,0.0,0.0
862,1995-04-20,SZSE:002091,0.0,0.0,0.0,0.0,0.0,0.0,0.0,0.0,0.0,0.0,0.0,0.0,0.0,0.0,0.0,0.0,0.0,0.0,0.0,0.0,0.0,0.0,0.0,0.0,0.0,0.0,0.0,0.0,1.0,0.0,0.0,0.0,0.0,0.0,0.0,0.0,0.0
863,1995-04-21,SZSE:002091,0.0,0.0,0.0,0.0,0.0,0.0,0.0,0.0,0.0,0.0,0.0,0.0,0.0,0.0,0.0,0.0,0.0,0.0,0.0,0.0,0.0,0.0,0.0,0.0,0.0,0.0,0.0,0.0,1.0,0.0,0.0,0.0,0.0,0.0,0.0,0.0,0.0
864,1995-04-24,SZSE:002091,0.0,0.0,0.0,0.0,0.0,0.0,0.0,0.0,0.0,0.0,0.0,0.0,0.0,0.0,0.0,0.0,0.0,0.0,0.0,0.0,0.0,0.0,0.0,0.0,0.0,0.0,0.0,0.0,1.0,0.0,0.0,0.0,0.0,0.0,0.0,0.0,0.0
865,1995-04-25,SZSE:002091,0.0,0.0,0.0,0.0,0.0,0.0,0.0,0.0,0.0,0.0,0.0,0.0,0.0,0.0,0.0,0.0,0.0,0.0,0.0,0.0,0.0,0.0,0.0,0.0,0.0,0.0,0.0,0.0,1.0,0.0,0.0,0.0,0.0,0.0,0.0,0.0,0.0
866,1995-04-26,SZSE:002091,0.0,0.0,0.0,0.0,0.0,0.0,0.0,0.0,0.0,0.0,0.0,0.0,0.0,0.0,0.0,0.0,0.0,0.0,0.0,0.0,0.0,0.0,0.0,0.0,0.0,0.0,0.0,0.0,1.0,0.0,0.0,0.0,0.0,0.0,0.0,0.0,0.0
867,1995-04-27,SZSE:002091,0.0,0.0,0.0,0.0,0.0,0.0,0.0,0.0,0.0,0.0,0.0,0.0,0.0,0.0,0.0,0.0,0.0,0.0,0.0,0.0,0.0,0.0,0.0,0.0,0.0,0.0,0.0,0.0,1.0,0.0,0.0,0.0,0.0,0.0,0.0,0.0,0.0
868,1995-04-28,SZSE:002091,0.0,0.0,0.0,0.0,0.0,0.0,0.0,0.0,0.0,0.0,0.0,0.0,0.0,0.0,0.0,0.0,0.0,0.0,0.0,0.0,0.0,0.0,0.0,0.0,0.0,0.0,0.0,0.0,1.0,0.0,0.0,0.0,0.0,0.0,0.0,0.0,0.0
869,1995-05-01,SZSE:002091,0.0,0.0,0.0,0.0,0.0,0.0,0.0,0.0,0.0,0.0,0.0,0.0,0.0,0.0,0.0,0.0,0.0,0.0,0.0,0.0,0.0,0.0,0.0,0.0,0.0,0.0,0.0,0.0,1.0,0.0,0.0,0.0,0.0,0.0,0.0,0.0,0.0
870,1995-05-02,SZSE:002091,0.0,0.0,0.0,0.0,0.0,0.0,0.0,0.0,0.0,0.0,0.0,0.0,0.0,0.0,0.0,0.0,0.0,0.0,0.0,0.0,0.0,0.0,0.0,0.0,0.0,0.0,0.0,0.0,1.0,0.0,0.0,0.0,0.0,0.0,0.0,0.0,0.0
871,1995-05-03,SZSE:002091,0.0,0.0,0.0,0.0,0.0,0.0,0.0,0.0,0.0,0.0,0.0,0.0,0.0,0.0,0.0,0.0,0.0,0.0,0.0,0.0,0.0,0.0,0.0,0.0,0.0,0.0,0.0,0.0,1.0,0.0,0.0,0.0,0.0,0.0,0.0,0.0,0.0
872,1995-05-04,SZSE:002091,0.0,0.0,0.0,0.0,0.0,0.0,0.0,0.0,0.0,0.0,0.0,0.0,0.0,0.0,0.0,0.0,0.0,0.0,0.0,0.0,0.0,0.0,0.0,0.0,0.0,0.0,0.0,0.0,1.0,0.0,0.0,0.0,0.0,0.0,0.0,0.0,0.0
873,1995-05-05,SZSE:002091,0.0,0.0,0.0,0.0,0.0,0.0,0.0,0.0,0.0,0.0,0.0,0.0,0.0,0.0,0.0,0.0,0.0,0.0,0.0,0.0,0.0,0.0,0.0,0.0,0.0,0.0,0.0,0.0,1.0,0.0,0.0,0.0,0.0,0.0,0.0,0.0,0.0
874,1995-05-08,SZSE:002091,0.0,0.0,0.0,0.0,0.0,0.0,0.0,0.0,0.0,0.0,0.0,0.0,0.0,0.0,0.0,0.0,0.0,0.0,0.0,0.0,0.0,0.0,0.0,0.0,0.0,0.0,0.0,0.0,1.0,0.0,0.0,0.0,0.0,0.0,0.0,0.0,0.0
875,1995-05-09,SZSE:002091,0.0,0.0,0.0,0.0,0.0,0.0,0.0,0.0,0.0,0.0,0.0,0.0,0.0,0.0,0.0,0.0,0.0,0.0,0.0,0.0,0.0,0.0,0.0,0.0,0.0,0.0,0.0,0.0,1.0,0.0,0.0,0.0,0.0,0.0,0.0,0.0,0.0
876,1995-05-10,SZSE:002091,0.0,0.0,0.0,0.0,0.0,0.0,0.0,0.0,0.0,0.0,0.0,0.0,0.0,0.0,0.0,0.0,0.0,0.0,0.0,0.0,0.0,0.0,0.0,0.0,0.0,0.0,0.0,0.0,1.0,0.0,0.0,0.0,0.0,0.0,0.0,0.0,0.0
877,1995-05-11,SZSE:002091,0.0,0.0,0.0,0.0,0.0,0.0,0.0,0.0,0.0,0.0,0.0,0.0,0.0,0.0,0.0,0.0,0.0,0.0,0.0,0.0,0.0,0.0,0.0,0.0,0.0,0.0,0.0,0.0,1.0,0.0,0.0,0.0,0.0,0.0,0.0,0.0,0.0
878,1995-05-12,SZSE:002091,0.0,0.0,0.0,0.0,0.0,0.0,0.0,0.0,0.0,0.0,0.0,0.0,0.0,0.0,0.0,0.0,0.0,0.0,0.0,0.0,0.0,0.0,0.0,0.0,0.0,0.0,0.0,0.0,1.0,0.0,0.0,0.0,0.0,0.0,0.0,0.0,0.0
879,1995-05-15,SZSE:002091,0.0,0.0,0.0,0.0,0.0,0.0,0.0,0.0,0.0,0.0,0.0,0.0,0.0,0.0,0.0,0.0,0.0,0.0,0.0,0.0,0.0,0.0,0.0,0.0,0.0,0.0,0.0,0.0,1.0,0.0,0.0,0.0,0.0,0.0,0.0,0.0,0.0
880,1995-05-16,SZSE:002091,0.0,0.0,0.0,0.0,0.0,0.0,0.0,0.0,0.0,0.0,0.0,0.0,0.0,0.0,0.0,0.0,0.0,0.0,0.0,0.0,0.0,0.0,0.0,0.0,0.0,0.0,0.0,0.0,1.0,0.0,0.0,0.0,0.0,0.0,0.0,0.0,0.0
881,1995-05-17,SZSE:002091,0.0,0.0,0.0,0.0,0.0,0.0,0.0,0.0,0.0,0.0,0.0,0.0,0.0,0.0,0.0,0.0,0.0,0.0,0.0,0.0,0.0,0.0,0.0,0.0,0.0,0.0,0.0,0.0,1.0,0.0,0.0,0.0,0.0,0.0,0.0,0.0,0.0
882,1995-05-18,SZSE:002091,0.0,0.0,0.0,0.0,0.0,0.0,0.0,0.0,0.0,0.0,0.0,0.0,0.0,0.0,0.0,0.0,0.0,0.0,0.0,0.0,0.0,0.0,0.0,0.0,0.0,0.0,0.0,0.0,1.0,0.0,0.0,0.0,0.0,0.0,0.0,0.0,0.0
883,1995-05-19,SZSE:002091,0.0,0.0,0.0,0.0,0.0,0.0,0.0,0.0,0.0,0.0,0.0,0.0,0.0,0.0,0.0,0.0,0.0,0.0,0.0,0.0,0.0,0.0,0.0,0.0,0.0,0.0,0.0,0.0,1.0,0.0,0.0,0.0,0.0,0.0,0.0,0.0,0.0
884,1995-05-22,SZSE:002091,0.0,0.0,0.0,0.0,0.0,0.0,0.0,0.0,0.0,0.0,0.0,0.0,0.0,0.0,0.0,0.0,0.0,0.0,0.0,0.0,0.0,0.0,0.0,0.0,0.0,0.0,0.0,0.0,1.0,0.0,0.0,0.0,0.0,0.0,0.0,0.0,0.0
885,1995-05-23,SZSE:002091,0.0,0.0,0.0,0.0,0.0,0.0,0.0,0.0,0.0,0.0,0.0,0.0,0.0,0.0,0.0,0.0,0.0,0.0,0.0,0.0,0.0,0.0,0.0,0.0,0.0,0.0,0.0,0.0,1.0,0.0,0.0,0.0,0.0,0.0,0.0,0.0,0.0
886,1995-05-24,SZSE:002091,0.0,0.0,0.0,0.0,0.0,0.0,0.0,0.0,0.0,0.0,0.0,0.0,0.0,0.0,0.0,0.0,0.0,0.0,0.0,0.0,0.0,0.0,0.0,0.0,0.0,0.0,0.0,0.0,1.0,0.0,0.0,0.0,0.0,0.0,0.0,0.0,0.0
887,1995-05-25,SZSE:002091,0.0,0.0,0.0,0.0,0.0,0.0,0.0,0.0,0.0,0.0,0.0,0.0,0.0,0.0,0.0,0.0,0.0,0.0,0.0,0.0,0.0,0.0,0.0,0.0,0.0,0.0,0.0,0.0,1.0,0.0,0.0,0.0,0.0,0.0,0.0,0.0,0.0
888,1995-05-26,SZSE:002091,0.0,0.0,0.0,0.0,0.0,0.0,0.0,0.0,0.0,0.0,0.0,0.0,0.0,0.0,0.0,0.0,0.0,0.0,0.0,0.0,0.0,0.0,0.0,0.0,0.0,0.0,0.0,0.0,1.0,0.0,0.0,0.0,0.0,0.0,0.0,0.0,0.0
889,1995-05-29,SZSE:002091,0.0,0.0,0.0,0.0,0.0,0.0,0.0,0.0,0.0,0.0,0.0,0.0,0.0,0.0,0.0,0.0,0.0,0.0,0.0,0.0,0.0,0.0,0.0,0.0,0.0,0.0,0.0,0.0,1.0,0.0,0.0,0.0,0.0,0.0,0.0,0.0,0.0
890,1995-05-30,SZSE:002091,0.0,0.0,0.0,0.0,0.0,0.0,0.0,0.0,0.0,0.0,0.0,0.0,0.0,0.0,0.0,0.0,0.0,0.0,0.0,0.0,0.0,0.0,0.0,0.0,0.0,0.0,0.0,0.0,1.0,0.0,0.0,0.0,0.0,0.0,0.0,0.0,0.0
891,1995-05-31,SZSE:002091,0.0,0.0,0.0,0.0,0.0,0.0,0.0,0.0,0.0,0.0,0.0,0.0,0.0,0.0,0.0,0.0,0.0,0.0,0.0,0.0,0.0,0.0,0.0,0.0,0.0,0.0,0.0,0.0,1.0,0.0,0.0,0.0,0.0,0.0,0.0,0.0,0.0
892,1995-06-01,SZSE:002091,0.0,0.0,0.0,0.0,0.0,0.0,0.0,0.0,0.0,0.0,0.0,0.0,0.0,0.0,0.0,0.0,0.0,0.0,0.0,0.0,0.0,0.0,0.0,0.0,0.0,0.0,0.0,0.0,1.0,0.0,0.0,0.0,0.0,0.0,0.0,0.0,0.0
893,1995-06-02,SZSE:002091,0.0,0.0,0.0,0.0,0.0,0.0,0.0,0.0,0.0,0.0,0.0,0.0,0.0,0.0,0.0,0.0,0.0,0.0,0.0,0.0,0.0,0.0,0.0,0.0,0.0,0.0,0.0,0.0,1.0,0.0,0.0,0.0,0.0,0.0,0.0,0.0,0.0
894,1995-06-05,SZSE:002091,0.0,0.0,0.0,0.0,0.0,0.0,0.0,0.0,0.0,0.0,0.0,0.0,0.0,0.0,0.0,0.0,0.0,0.0,0.0,0.0,0.0,0.0,0.0,0.0,0.0,0.0,0.0,0.0,1.0,0.0,0.0,0.0,0.0,0.0,0.0,0.0,0.0
895,1995-06-06,SZSE:002091,0.0,0.0,0.0,0.0,0.0,0.0,0.0,0.0,0.0,0.0,0.0,0.0,0.0,0.0,0.0,0.0,0.0,0.0,0.0,0.0,0.0,0.0,0.0,0.0,0.0,0.0,0.0,0.0,1.0,0.0,0.0,0.0,0.0,0.0,0.0,0.0,0.0
896,1995-06-07,SZSE:002091,0.0,0.0,0.0,0.0,0.0,0.0,0.0,0.0,0.0,0.0,0.0,0.0,0.0,0.0,0.0,0.0,0.0,0.0,0.0,0.0,0.0,0.0,0.0,0.0,0.0,0.0,0.0,0.0,1.0,0.0,0.0,0.0,0.0,0.0,0.0,0.0,0.0
897,1995-06-08,SZSE:002091,0.0,0.0,0.0,0.0,0.0,0.0,0.0,0.0,0.0,0.0,0.0,0.0,0.0,0.0,0.0,0.0,0.0,0.0,0.0,0.0,0.0,0.0,0.0,0.0,0.0,0.0,0.0,0.0,1.0,0.0,0.0,0.0,0.0,0.0,0.0,0.0,0.0
898,1995-06-09,SZSE:002091,0.0,0.0,0.0,0.0,0.0,0.0,0.0,0.0,0.0,0.0,0.0,0.0,0.0,0.0,0.0,0.0,0.0,0.0,0.0,0.0,0.0,0.0,0.0,0.0,0.0,0.0,0.0,0.0,1.0,0.0,0.0,0.0,0.0,0.0,0.0,0.0,0.0
899,1995-06-12,SZSE:002091,0.0,0.0,0.0,0.0,0.0,0.0,0.0,0.0,0.0,0.0,0.0,0.0,0.0,0.0,0.0,0.0,0.0,0.0,0.0,0.0,0.0,0.0,0.0,0.0,0.0,0.0,0.0,0.0,1.0,0.0,0.0,0.0,0.0,0.0,0.0,0.0,0.0
900,1995-06-13,SZSE:002091,0.0,0.0,0.0,0.0,0.0,0.0,0.0,0.0,0.0,0.0,0.0,0.0,0.0,0.0,0.0,0.0,0.0,0.0,0.0,0.0,0.0,0.0,0.0,0.0,0.0,0.0,0.0,0.0,1.0,0.0,0.0,0.0,0.0,0.0,0.0,0.0,0.0
901,1995-06-14,SZSE:002091,0.0,0.0,0.0,0.0,0.0,0.0,0.0,0.0,0.0,0.0,0.0,0.0,0.0,0.0,0.0,0.0,0.0,0.0,0.0,0.0,0.0,0.0,0.0,0.0,0.0,0.0,0.0,0.0,1.0,0.0,0.0,0.0,0.0,0.0,0.0,0.0,0.0
902,1995-06-15,SZSE:002091,0.0,0.0,0.0,0.0,0.0,0.0,0.0,0.0,0.0,0.0,0.0,0.0,0.0,0.0,0.0,0.0,0.0,0.0,0.0,0.0,0.0,0.0,0.0,0.0,0.0,0.0,0.0,0.0,1.0,0.0,0.0,0.0,0.0,0.0,0.0,0.0,0.0
903,1995-06-16,SZSE:002091,0.0,0.0,0.0,0.0,0.0,0.0,0.0,0.0,0.0,0.0,0.0,0.0,0.0,0.0,0.0,0.0,0.0,0.0,0.0,0.0,0.0,0.0,0.0,0.0,0.0,0.0,0.0,0.0,1.0,0.0,0.0,0.0,0.0,0.0,0.0,0.0,0.0
904,1995-06-19,SZSE:002091,0.0,0.0,0.0,0.0,0.0,0.0,0.0,0.0,0.0,0.0,0.0,0.0,0.0,0.0,0.0,0.0,0.0,0.0,0.0,0.0,0.0,0.0,0.0,0.0,0.0,0.0,0.0,0.0,1.0,0.0,0.0,0.0,0.0,0.0,0.0,0.0,0.0
905,1995-06-20,SZSE:002091,0.0,0.0,0.0,0.0,0.0,0.0,0.0,0.0,0.0,0.0,0.0,0.0,0.0,0.0,0.0,0.0,0.0,0.0,0.0,0.0,0.0,0.0,0.0,0.0,0.0,0.0,0.0,0.0,1.0,0.0,0.0,0.0,0.0,0.0,0.0,0.0,0.0
906,1995-06-21,SZSE:002091,0.0,0.0,0.0,0.0,0.0,0.0,0.0,0.0,0.0,0.0,0.0,0.0,0.0,0.0,0.0,0.0,0.0,0.0,0.0,0.0,0.0,0.0,0.0,0.0,0.0,0.0,0.0,0.0,1.0,0.0,0.0,0.0,0.0,0.0,0.0,0.0,0.0
907,1995-06-22,SZSE:002091,0.0,0.0,0.0,0.0,0.0,0.0,0.0,0.0,0.0,0.0,0.0,0.0,0.0,0.0,0.0,0.0,0.0,0.0,0.0,0.0,0.0,0.0,0.0,0.0,0.0,0.0,0.0,0.0,1.0,0.0,0.0,0.0,0.0,0.0,0.0,0.0,0.0
908,1995-06-23,SZSE:002091,0.0,0.0,0.0,0.0,0.0,0.0,0.0,0.0,0.0,0.0,0.0,0.0,0.0,0.0,0.0,0.0,0.0,0.0,0.0,0.0,0.0,0.0,0.0,0.0,0.0,0.0,0.0,0.0,1.0,0.0,0.0,0.0,0.0,0.0,0.0,0.0,0.0
909,1995-06-26,SZSE:002091,0.0,0.0,0.0,0.0,0.0,0.0,0.0,0.0,0.0,0.0,0.0,0.0,0.0,0.0,0.0,0.0,0.0,0.0,0.0,0.0,0.0,0.0,0.0,0.0,0.0,0.0,0.0,0.0,1.0,0.0,0.0,0.0,0.0,0.0,0.0,0.0,0.0
910,1995-06-27,SZSE:002091,0.0,0.0,0.0,0.0,0.0,0.0,0.0,0.0,0.0,0.0,0.0,0.0,0.0,0.0,0.0,0.0,0.0,0.0,0.0,0.0,0.0,0.0,0.0,0.0,0.0,0.0,0.0,0.0,1.0,0.0,0.0,0.0,0.0,0.0,0.0,0.0,0.0
911,1995-06-28,SZSE:002091,0.0,0.0,0.0,0.0,0.0,0.0,0.0,0.0,0.0,0.0,0.0,0.0,0.0,0.0,0.0,0.0,0.0,0.0,0.0,0.0,0.0,0.0,0.0,0.0,0.0,0.0,0.0,0.0,1.0,0.0,0.0,0.0,0.0,0.0,0.0,0.0,0.0
912,1995-06-29,SZSE:002091,0.0,0.0,0.0,0.0,0.0,0.0,0.0,0.0,0.0,0.0,0.0,0.0,0.0,0.0,0.0,0.0,0.0,0.0,0.0,0.0,0.0,0.0,0.0,0.0,0.0,0.0,0.0,0.0,1.0,0.0,0.0,0.0,0.0,0.0,0.0,0.0,0.0
913,1995-06-30,SZSE:002091,0.0,0.0,0.0,0.0,0.0,0.0,0.0,0.0,0.0,0.0,0.0,0.0,0.0,0.0,0.0,0.0,0.0,0.0,0.0,0.0,0.0,0.0,0.0,0.0,0.0,0.0,0.0,0.0,1.0,0.0,0.0,0.0,0.0,0.0,0.0,0.0,0.0
914,1995-07-03,SZSE:002091,0.0,0.0,0.0,0.0,0.0,0.0,0.0,0.0,0.0,0.0,0.0,0.0,0.0,0.0,0.0,0.0,0.0,0.0,0.0,0.0,0.0,0.0,0.0,0.0,0.0,0.0,0.0,0.0,1.0,0.0,0.0,0.0,0.0,0.0,0.0,0.0,0.0
915,1995-07-04,SZSE:002091,0.0,0.0,0.0,0.0,0.0,0.0,0.0,0.0,0.0,0.0,0.0,0.0,0.0,0.0,0.0,0.0,0.0,0.0,0.0,0.0,0.0,0.0,0.0,0.0,0.0,0.0,0.0,0.0,1.0,0.0,0.0,0.0,0.0,0.0,0.0,0.0,0.0
916,1995-07-05,SZSE:002091,0.0,0.0,0.0,0.0,0.0,0.0,0.0,0.0,0.0,0.0,0.0,0.0,0.0,0.0,0.0,0.0,0.0,0.0,0.0,0.0,0.0,0.0,0.0,0.0,0.0,0.0,0.0,0.0,1.0,0.0,0.0,0.0,0.0,0.0,0.0,0.0,0.0
917,1995-07-06,SZSE:002091,0.0,0.0,0.0,0.0,0.0,0.0,0.0,0.0,0.0,0.0,0.0,0.0,0.0,0.0,0.0,0.0,0.0,0.0,0.0,0.0,0.0,0.0,0.0,0.0,0.0,0.0,0.0,0.0,1.0,0.0,0.0,0.0,0.0,0.0,0.0,0.0,0.0
918,1995-07-07,SZSE:002091,0.0,0.0,0.0,0.0,0.0,0.0,0.0,0.0,0.0,0.0,0.0,0.0,0.0,0.0,0.0,0.0,0.0,0.0,0.0,0.0,0.0,0.0,0.0,0.0,0.0,0.0,0.0,0.0,1.0,0.0,0.0,0.0,0.0,0.0,0.0,0.0,0.0
919,1995-07-10,SZSE:002091,0.0,0.0,0.0,0.0,0.0,0.0,0.0,0.0,0.0,0.0,0.0,0.0,0.0,0.0,0.0,0.0,0.0,0.0,0.0,0.0,0.0,0.0,0.0,0.0,0.0,0.0,0.0,0.0,1.0,0.0,0.0,0.0,0.0,0.0,0.0,0.0,0.0
920,1995-07-11,SZSE:002091,0.0,0.0,0.0,0.0,0.0,0.0,0.0,0.0,0.0,0.0,0.0,0.0,0.0,0.0,0.0,0.0,0.0,0.0,0.0,0.0,0.0,0.0,0.0,0.0,0.0,0.0,0.0,0.0,1.0,0.0,0.0,0.0,0.0,0.0,0.0,0.0,0.0
921,1995-07-12,SZSE:002091,0.0,0.0,0.0,0.0,0.0,0.0,0.0,0.0,0.0,0.0,0.0,0.0,0.0,0.0,0.0,0.0,0.0,0.0,0.0,0.0,0.0,0.0,0.0,0.0,0.0,0.0,0.0,0.0,1.0,0.0,0.0,0.0,0.0,0.0,0.0,0.0,0.0
922,1995-07-13,SZSE:002091,0.0,0.0,0.0,0.0,0.0,0.0,0.0,0.0,0.0,0.0,0.0,0.0,0.0,0.0,0.0,0.0,0.0,0.0,0.0,0.0,0.0,0.0,0.0,0.0,0.0,0.0,0.0,0.0,1.0,0.0,0.0,0.0,0.0,0.0,0.0,0.0,0.0
923,1995-07-14,SZSE:002091,0.0,0.0,0.0,0.0,0.0,0.0,0.0,0.0,0.0,0.0,0.0,0.0,0.0,0.0,0.0,0.0,0.0,0.0,0.0,0.0,0.0,0.0,0.0,0.0,0.0,0.0,0.0,0.0,1.0,0.0,0.0,0.0,0.0,0.0,0.0,0.0,0.0
924,1995-07-17,SZSE:002091,0.0,0.0,0.0,0.0,0.0,0.0,0.0,0.0,0.0,0.0,0.0,0.0,0.0,0.0,0.0,0.0,0.0,0.0,0.0,0.0,0.0,0.0,0.0,0.0,0.0,0.0,0.0,0.0,1.0,0.0,0.0,0.0,0.0,0.0,0.0,0.0,0.0
925,1995-07-18,SZSE:002091,0.0,0.0,0.0,0.0,0.0,0.0,0.0,0.0,0.0,0.0,0.0,0.0,0.0,0.0,0.0,0.0,0.0,0.0,0.0,0.0,0.0,0.0,0.0,0.0,0.0,0.0,0.0,0.0,1.0,0.0,0.0,0.0,0.0,0.0,0.0,0.0,0.0
926,1995-07-19,SZSE:002091,0.0,0.0,0.0,0.0,0.0,0.0,0.0,0.0,0.0,0.0,0.0,0.0,0.0,0.0,0.0,0.0,0.0,0.0,0.0,0.0,0.0,0.0,0.0,0.0,0.0,0.0,0.0,0.0,1.0,0.0,0.0,0.0,0.0,0.0,0.0,0.0,0.0
927,1995-07-20,SZSE:002091,0.0,0.0,0.0,0.0,0.0,0.0,0.0,0.0,0.0,0.0,0.0,0.0,0.0,0.0,0.0,0.0,0.0,0.0,0.0,0.0,0.0,0.0,0.0,0.0,0.0,0.0,0.0,0.0,1.0,0.0,0.0,0.0,0.0,0.0,0.0,0.0,0.0
928,1995-07-21,SZSE:002091,0.0,0.0,0.0,0.0,0.0,0.0,0.0,0.0,0.0,0.0,0.0,0.0,0.0,0.0,0.0,0.0,0.0,0.0,0.0,0.0,0.0,0.0,0.0,0.0,0.0,0.0,0.0,0.0,1.0,0.0,0.0,0.0,0.0,0.0,0.0,0.0,0.0
929,1995-07-24,SZSE:002091,0.0,0.0,0.0,0.0,0.0,0.0,0.0,0.0,0.0,0.0,0.0,0.0,0.0,0.0,0.0,0.0,0.0,0.0,0.0,0.0,0.0,0.0,0.0,0.0,0.0,0.0,0.0,0.0,1.0,0.0,0.0,0.0,0.0,0.0,0.0,0.0,0.0
930,1995-07-25,SZSE:002091,0.0,0.0,0.0,0.0,0.0,0.0,0.0,0.0,0.0,0.0,0.0,0.0,0.0,0.0,0.0,0.0,0.0,0.0,0.0,0.0,0.0,0.0,0.0,0.0,0.0,0.0,0.0,0.0,1.0,0.0,0.0,0.0,0.0,0.0,0.0,0.0,0.0
931,1995-07-26,SZSE:002091,0.0,0.0,0.0,0.0,0.0,0.0,0.0,0.0,0.0,0.0,0.0,0.0,0.0,0.0,0.0,0.0,0.0,0.0,0.0,0.0,0.0,0.0,0.0,0.0,0.0,0.0,0.0,0.0,1.0,0.0,0.0,0.0,0.0,0.0,0.0,0.0,0.0
932,1995-07-27,SZSE:002091,0.0,0.0,0.0,0.0,0.0,0.0,0.0,0.0,0.0,0.0,0.0,0.0,0.0,0.0,0.0,0.0,0.0,0.0,0.0,0.0,0.0,0.0,0.0,0.0,0.0,0.0,0.0,0.0,1.0,0.0,0.0,0.0,0.0,0.0,0.0,0.0,0.0
933,1995-07-28,SZSE:002091,0.0,0.0,0.0,0.0,0.0,0.0,0.0,0.0,0.0,0.0,0.0,0.0,0.0,0.0,0.0,0.0,0.0,0.0,0.0,0.0,0.0,0.0,0.0,0.0,0.0,0.0,0.0,0.0,1.0,0.0,0.0,0.0,0.0,0.0,0.0,0.0,0.0
934,1995-07-31,SZSE:002091,0.0,0.0,0.0,0.0,0.0,0.0,0.0,0.0,0.0,0.0,0.0,0.0,0.0,0.0,0.0,0.0,0.0,0.0,0.0,0.0,0.0,0.0,0.0,0.0,0.0,0.0,0.0,0.0,1.0,0.0,0.0,0.0,0.0,0.0,0.0,0.0,0.0
935,1995-08-01,SZSE:002091,0.0,0.0,0.0,0.0,0.0,0.0,0.0,0.0,0.0,0.0,0.0,0.0,0.0,0.0,0.0,0.0,0.0,0.0,0.0,0.0,0.0,0.0,0.0,0.0,0.0,0.0,0.0,0.0,1.0,0.0,0.0,0.0,0.0,0.0,0.0,0.0,0.0
936,1995-08-02,SZSE:002091,0.0,0.0,0.0,0.0,0.0,0.0,0.0,0.0,0.0,0.0,0.0,0.0,0.0,0.0,0.0,0.0,0.0,0.0,0.0,0.0,0.0,0.0,0.0,0.0,0.0,0.0,0.0,0.0,1.0,0.0,0.0,0.0,0.0,0.0,0.0,0.0,0.0
937,1995-08-03,SZSE:002091,0.0,0.0,0.0,0.0,0.0,0.0,0.0,0.0,0.0,0.0,0.0,0.0,0.0,0.0,0.0,0.0,0.0,0.0,0.0,0.0,0.0,0.0,0.0,0.0,0.0,0.0,0.0,0.0,1.0,0.0,0.0,0.0,0.0,0.0,0.0,0.0,0.0
938,1995-08-04,SZSE:002091,0.0,0.0,0.0,0.0,0.0,0.0,0.0,0.0,0.0,0.0,0.0,0.0,0.0,0.0,0.0,0.0,0.0,0.0,0.0,0.0,0.0,0.0,0.0,0.0,0.0,0.0,0.0,0.0,1.0,0.0,0.0,0.0,0.0,0.0,0.0,0.0,0.0
939,1995-08-07,SZSE:002091,0.0,0.0,0.0,0.0,0.0,0.0,0.0,0.0,0.0,0.0,0.0,0.0,0.0,0.0,0.0,0.0,0.0,0.0,0.0,0.0,0.0,0.0,0.0,0.0,0.0,0.0,0.0,0.0,1.0,0.0,0.0,0.0,0.0,0.0,0.0,0.0,0.0
940,1995-08-08,SZSE:002091,0.0,0.0,0.0,0.0,0.0,0.0,0.0,0.0,0.0,0.0,0.0,0.0,0.0,0.0,0.0,0.0,0.0,0.0,0.0,0.0,0.0,0.0,0.0,0.0,0.0,0.0,0.0,0.0,1.0,0.0,0.0,0.0,0.0,0.0,0.0,0.0,0.0
941,1995-08-09,SZSE:002091,0.0,0.0,0.0,0.0,0.0,0.0,0.0,0.0,0.0,0.0,0.0,0.0,0.0,0.0,0.0,0.0,0.0,0.0,0.0,0.0,0.0,0.0,0.0,0.0,0.0,0.0,0.0,0.0,1.0,0.0,0.0,0.0,0.0,0.0,0.0,0.0,0.0
942,1995-08-10,SZSE:002091,0.0,0.0,0.0,0.0,0.0,0.0,0.0,0.0,0.0,0.0,0.0,0.0,0.0,0.0,0.0,0.0,0.0,0.0,0.0,0.0,0.0,0.0,0.0,0.0,0.0,0.0,0.0,0.0,1.0,0.0,0.0,0.0,0.0,0.0,0.0,0.0,0.0
943,1995-08-11,SZSE:002091,0.0,0.0,0.0,0.0,0.0,0.0,0.0,0.0,0.0,0.0,0.0,0.0,0.0,0.0,0.0,0.0,0.0,0.0,0.0,0.0,0.0,0.0,0.0,0.0,0.0,0.0,0.0,0.0,1.0,0.0,0.0,0.0,0.0,0.0,0.0,0.0,0.0
944,1995-08-14,SZSE:002091,0.0,0.0,0.0,0.0,0.0,0.0,0.0,0.0,0.0,0.0,0.0,0.0,0.0,0.0,0.0,0.0,0.0,0.0,0.0,0.0,0.0,0.0,0.0,0.0,0.0,0.0,0.0,0.0,1.0,0.0,0.0,0.0,0.0,0.0,0.0,0.0,0.0
945,1995-08-15,SZSE:002091,0.0,0.0,0.0,0.0,0.0,0.0,0.0,0.0,0.0,0.0,0.0,0.0,0.0,0.0,0.0,0.0,0.0,0.0,0.0,0.0,0.0,0.0,0.0,0.0,0.0,0.0,0.0,0.0,1.0,0.0,0.0,0.0,0.0,0.0,0.0,0.0,0.0
946,1995-08-16,SZSE:002091,0.0,0.0,0.0,0.0,0.0,0.0,0.0,0.0,0.0,0.0,0.0,0.0,0.0,0.0,0.0,0.0,0.0,0.0,0.0,0.0,0.0,0.0,0.0,0.0,0.0,0.0,0.0,0.0,1.0,0.0,0.0,0.0,0.0,0.0,0.0,0.0,0.0
947,1995-08-17,SZSE:002091,0.0,0.0,0.0,0.0,0.0,0.0,0.0,0.0,0.0,0.0,0.0,0.0,0.0,0.0,0.0,0.0,0.0,0.0,0.0,0.0,0.0,0.0,0.0,0.0,0.0,0.0,0.0,0.0,1.0,0.0,0.0,0.0,0.0,0.0,0.0,0.0,0.0
948,1995-08-18,SZSE:002091,0.0,0.0,0.0,0.0,0.0,0.0,0.0,0.0,0.0,0.0,0.0,0.0,0.0,0.0,0.0,0.0,0.0,0.0,0.0,0.0,0.0,0.0,0.0,0.0,0.0,0.0,0.0,0.0,1.0,0.0,0.0,0.0,0.0,0.0,0.0,0.0,0.0
949,1995-08-21,SZSE:002091,0.0,0.0,0.0,0.0,0.0,0.0,0.0,0.0,0.0,0.0,0.0,0.0,0.0,0.0,0.0,0.0,0.0,0.0,0.0,0.0,0.0,0.0,0.0,0.0,0.0,0.0,0.0,0.0,1.0,0.0,0.0,0.0,0.0,0.0,0.0,0.0,0.0
950,1995-08-22,SZSE:002091,0.0,0.0,0.0,0.0,0.0,0.0,0.0,0.0,0.0,0.0,0.0,0.0,0.0,0.0,0.0,0.0,0.0,0.0,0.0,0.0,0.0,0.0,0.0,0.0,0.0,0.0,0.0,0.0,1.0,0.0,0.0,0.0,0.0,0.0,0.0,0.0,0.0
951,1995-08-23,SZSE:002091,0.0,0.0,0.0,0.0,0.0,0.0,0.0,0.0,0.0,0.0,0.0,0.0,0.0,0.0,0.0,0.0,0.0,0.0,0.0,0.0,0.0,0.0,0.0,0.0,0.0,0.0,0.0,0.0,1.0,0.0,0.0,0.0,0.0,0.0,0.0,0.0,0.0
952,1995-08-24,SZSE:002091,0.0,0.0,0.0,0.0,0.0,0.0,0.0,0.0,0.0,0.0,0.0,0.0,0.0,0.0,0.0,0.0,0.0,0.0,0.0,0.0,0.0,0.0,0.0,0.0,0.0,0.0,0.0,0.0,1.0,0.0,0.0,0.0,0.0,0.0,0.0,0.0,0.0
953,1995-08-25,SZSE:002091,0.0,0.0,0.0,0.0,0.0,0.0,0.0,0.0,0.0,0.0,0.0,0.0,0.0,0.0,0.0,0.0,0.0,0.0,0.0,0.0,0.0,0.0,0.0,0.0,0.0,0.0,0.0,0.0,1.0,0.0,0.0,0.0,0.0,0.0,0.0,0.0,0.0
954,1995-08-28,SZSE:002091,0.0,0.0,0.0,0.0,0.0,0.0,0.0,0.0,0.0,0.0,0.0,0.0,0.0,0.0,0.0,0.0,0.0,0.0,0.0,0.0,0.0,0.0,0.0,0.0,0.0,0.0,0.0,0.0,1.0,0.0,0.0,0.0,0.0,0.0,0.0,0.0,0.0
955,1995-08-29,SZSE:002091,0.0,0.0,0.0,0.0,0.0,0.0,0.0,0.0,0.0,0.0,0.0,0.0,0.0,0.0,0.0,0.0,0.0,0.0,0.0,0.0,0.0,0.0,0.0,0.0,0.0,0.0,0.0,0.0,1.0,0.0,0.0,0.0,0.0,0.0,0.0,0.0,0.0
956,1995-08-30,SZSE:002091,0.0,0.0,0.0,0.0,0.0,0.0,0.0,0.0,0.0,0.0,0.0,0.0,0.0,0.0,0.0,0.0,0.0,0.0,0.0,0.0,0.0,0.0,0.0,0.0,0.0,0.0,0.0,0.0,1.0,0.0,0.0,0.0,0.0,0.0,0.0,0.0,0.0
957,1995-08-31,SZSE:002091,0.0,0.0,0.0,0.0,0.0,0.0,0.0,0.0,0.0,0.0,0.0,0.0,0.0,0.0,0.0,0.0,0.0,0.0,0.0,0.0,0.0,0.0,0.0,0.0,0.0,0.0,0.0,0.0,1.0,0.0,0.0,0.0,0.0,0.0,0.0,0.0,0.0
958,1995-09-01,SZSE:002091,0.0,0.0,0.0,0.0,0.0,0.0,0.0,0.0,0.0,0.0,0.0,0.0,0.0,0.0,0.0,0.0,0.0,0.0,0.0,0.0,0.0,0.0,0.0,0.0,0.0,0.0,0.0,0.0,1.0,0.0,0.0,0.0,0.0,0.0,0.0,0.0,0.0
959,1995-09-04,SZSE:002091,0.0,0.0,0.0,0.0,0.0,0.0,0.0,0.0,0.0,0.0,0.0,0.0,0.0,0.0,0.0,0.0,0.0,0.0,0.0,0.0,0.0,0.0,0.0,0.0,0.0,0.0,0.0,0.0,1.0,0.0,0.0,0.0,0.0,0.0,0.0,0.0,0.0
960,1995-09-05,SZSE:002091,0.0,0.0,0.0,0.0,0.0,0.0,0.0,0.0,0.0,0.0,0.0,0.0,0.0,0.0,0.0,0.0,0.0,0.0,0.0,0.0,0.0,0.0,0.0,0.0,0.0,0.0,0.0,0.0,1.0,0.0,0.0,0.0,0.0,0.0,0.0,0.0,0.0
961,1995-09-06,SZSE:002091,0.0,0.0,0.0,0.0,0.0,0.0,0.0,0.0,0.0,0.0,0.0,0.0,0.0,0.0,0.0,0.0,0.0,0.0,0.0,0.0,0.0,0.0,0.0,0.0,0.0,0.0,0.0,0.0,1.0,0.0,0.0,0.0,0.0,0.0,0.0,0.0,0.0
962,1995-09-07,SZSE:002091,0.0,0.0,0.0,0.0,0.0,0.0,0.0,0.0,0.0,0.0,0.0,0.0,0.0,0.0,0.0,0.0,0.0,0.0,0.0,0.0,0.0,0.0,0.0,0.0,0.0,0.0,0.0,0.0,1.0,0.0,0.0,0.0,0.0,0.0,0.0,0.0,0.0
963,1995-09-08,SZSE:002091,0.0,0.0,0.0,0.0,0.0,0.0,0.0,0.0,0.0,0.0,0.0,0.0,0.0,0.0,0.0,0.0,0.0,0.0,0.0,0.0,0.0,0.0,0.0,0.0,0.0,0.0,0.0,0.0,1.0,0.0,0.0,0.0,0.0,0.0,0.0,0.0,0.0
964,1995-09-11,SZSE:002091,0.0,0.0,0.0,0.0,0.0,0.0,0.0,0.0,0.0,0.0,0.0,0.0,0.0,0.0,0.0,0.0,0.0,0.0,0.0,0.0,0.0,0.0,0.0,0.0,0.0,0.0,0.0,0.0,1.0,0.0,0.0,0.0,0.0,0.0,0.0,0.0,0.0
965,1995-09-12,SZSE:002091,0.0,0.0,0.0,0.0,0.0,0.0,0.0,0.0,0.0,0.0,0.0,0.0,0.0,0.0,0.0,0.0,0.0,0.0,0.0,0.0,0.0,0.0,0.0,0.0,0.0,0.0,0.0,0.0,1.0,0.0,0.0,0.0,0.0,0.0,0.0,0.0,0.0
966,1995-09-13,SZSE:002091,0.0,0.0,0.0,0.0,0.0,0.0,0.0,0.0,0.0,0.0,0.0,0.0,0.0,0.0,0.0,0.0,0.0,0.0,0.0,0.0,0.0,0.0,0.0,0.0,0.0,0.0,0.0,0.0,1.0,0.0,0.0,0.0,0.0,0.0,0.0,0.0,0.0
967,1995-09-14,SZSE:002091,0.0,0.0,0.0,0.0,0.0,0.0,0.0,0.0,0.0,0.0,0.0,0.0,0.0,0.0,0.0,0.0,0.0,0.0,0.0,0.0,0.0,0.0,0.0,0.0,0.0,0.0,0.0,0.0,1.0,0.0,0.0,0.0,0.0,0.0,0.0,0.0,0.0
968,1995-09-15,SZSE:002091,0.0,0.0,0.0,0.0,0.0,0.0,0.0,0.0,0.0,0.0,0.0,0.0,0.0,0.0,0.0,0.0,0.0,0.0,0.0,0.0,0.0,0.0,0.0,0.0,0.0,0.0,0.0,0.0,1.0,0.0,0.0,0.0,0.0,0.0,0.0,0.0,0.0
969,1995-09-18,SZSE:002091,0.0,0.0,0.0,0.0,0.0,0.0,0.0,0.0,0.0,0.0,0.0,0.0,0.0,0.0,0.0,0.0,0.0,0.0,0.0,0.0,0.0,0.0,0.0,0.0,0.0,0.0,0.0,0.0,1.0,0.0,0.0,0.0,0.0,0.0,0.0,0.0,0.0
970,1995-09-19,SZSE:002091,0.0,0.0,0.0,0.0,0.0,0.0,0.0,0.0,0.0,0.0,0.0,0.0,0.0,0.0,0.0,0.0,0.0,0.0,0.0,0.0,0.0,0.0,0.0,0.0,0.0,0.0,0.0,0.0,1.0,0.0,0.0,0.0,0.0,0.0,0.0,0.0,0.0
971,1995-09-20,SZSE:002091,0.0,0.0,0.0,0.0,0.0,0.0,0.0,0.0,0.0,0.0,0.0,0.0,0.0,0.0,0.0,0.0,0.0,0.0,0.0,0.0,0.0,0.0,0.0,0.0,0.0,0.0,0.0,0.0,1.0,0.0,0.0,0.0,0.0,0.0,0.0,0.0,0.0
972,1995-09-21,SZSE:002091,0.0,0.0,0.0,0.0,0.0,0.0,0.0,0.0,0.0,0.0,0.0,0.0,0.0,0.0,0.0,0.0,0.0,0.0,0.0,0.0,0.0,0.0,0.0,0.0,0.0,0.0,0.0,0.0,1.0,0.0,0.0,0.0,0.0,0.0,0.0,0.0,0.0
973,1995-09-22,SZSE:002091,0.0,0.0,0.0,0.0,0.0,0.0,0.0,0.0,0.0,0.0,0.0,0.0,0.0,0.0,0.0,0.0,0.0,0.0,0.0,0.0,0.0,0.0,0.0,0.0,0.0,0.0,0.0,0.0,1.0,0.0,0.0,0.0,0.0,0.0,0.0,0.0,0.0
974,1995-09-25,SZSE:002091,0.0,0.0,0.0,0.0,0.0,0.0,0.0,0.0,0.0,0.0,0.0,0.0,0.0,0.0,0.0,0.0,0.0,0.0,0.0,0.0,0.0,0.0,0.0,0.0,0.0,0.0,0.0,0.0,1.0,0.0,0.0,0.0,0.0,0.0,0.0,0.0,0.0
975,1995-09-26,SZSE:002091,0.0,0.0,0.0,0.0,0.0,0.0,0.0,0.0,0.0,0.0,0.0,0.0,0.0,0.0,0.0,0.0,0.0,0.0,0.0,0.0,0.0,0.0,0.0,0.0,0.0,0.0,0.0,0.0,1.0,0.0,0.0,0.0,0.0,0.0,0.0,0.0,0.0
976,1995-09-27,SZSE:002091,0.0,0.0,0.0,0.0,0.0,0.0,0.0,0.0,0.0,0.0,0.0,0.0,0.0,0.0,0.0,0.0,0.0,0.0,0.0,0.0,0.0,0.0,0.0,0.0,0.0,0.0,0.0,0.0,1.0,0.0,0.0,0.0,0.0,0.0,0.0,0.0,0.0
977,1995-09-28,SZSE:002091,0.0,0.0,0.0,0.0,0.0,0.0,0.0,0.0,0.0,0.0,0.0,0.0,0.0,0.0,0.0,0.0,0.0,0.0,0.0,0.0,0.0,0.0,0.0,0.0,0.0,0.0,0.0,0.0,1.0,0.0,0.0,0.0,0.0,0.0,0.0,0.0,0.0
978,1995-09-29,SZSE:002091,0.0,0.0,0.0,0.0,0.0,0.0,0.0,0.0,0.0,0.0,0.0,0.0,0.0,0.0,0.0,0.0,0.0,0.0,0.0,0.0,0.0,0.0,0.0,0.0,0.0,0.0,0.0,0.0,1.0,0.0,0.0,0.0,0.0,0.0,0.0,0.0,0.0
979,1995-10-02,SZSE:002091,0.0,0.0,0.0,0.0,0.0,0.0,0.0,0.0,0.0,0.0,0.0,0.0,0.0,0.0,0.0,0.0,0.0,0.0,0.0,0.0,0.0,0.0,0.0,0.0,0.0,0.0,0.0,0.0,1.0,0.0,0.0,0.0,0.0,0.0,0.0,0.0,0.0
980,1995-10-03,SZSE:002091,0.0,0.0,0.0,0.0,0.0,0.0,0.0,0.0,0.0,0.0,0.0,0.0,0.0,0.0,0.0,0.0,0.0,0.0,0.0,0.0,0.0,0.0,0.0,0.0,0.0,0.0,0.0,0.0,1.0,0.0,0.0,0.0,0.0,0.0,0.0,0.0,0.0
981,1995-10-04,SZSE:002091,0.0,0.0,0.0,0.0,0.0,0.0,0.0,0.0,0.0,0.0,0.0,0.0,0.0,0.0,0.0,0.0,0.0,0.0,0.0,0.0,0.0,0.0,0.0,0.0,0.0,0.0,0.0,0.0,1.0,0.0,0.0,0.0,0.0,0.0,0.0,0.0,0.0
982,1995-10-05,SZSE:002091,0.0,0.0,0.0,0.0,0.0,0.0,0.0,0.0,0.0,0.0,0.0,0.0,0.0,0.0,0.0,0.0,0.0,0.0,0.0,0.0,0.0,0.0,0.0,0.0,0.0,0.0,0.0,0.0,1.0,0.0,0.0,0.0,0.0,0.0,0.0,0.0,0.0
983,1995-10-06,SZSE:002091,0.0,0.0,0.0,0.0,0.0,0.0,0.0,0.0,0.0,0.0,0.0,0.0,0.0,0.0,0.0,0.0,0.0,0.0,0.0,0.0,0.0,0.0,0.0,0.0,0.0,0.0,0.0,0.0,1.0,0.0,0.0,0.0,0.0,0.0,0.0,0.0,0.0
984,1995-10-09,SZSE:002091,0.0,0.0,0.0,0.0,0.0,0.0,0.0,0.0,0.0,0.0,0.0,0.0,0.0,0.0,0.0,0.0,0.0,0.0,0.0,0.0,0.0,0.0,0.0,0.0,0.0,0.0,0.0,0.0,1.0,0.0,0.0,0.0,0.0,0.0,0.0,0.0,0.0
985,1995-10-10,SZSE:002091,0.0,0.0,0.0,0.0,0.0,0.0,0.0,0.0,0.0,0.0,0.0,0.0,0.0,0.0,0.0,0.0,0.0,0.0,0.0,0.0,0.0,0.0,0.0,0.0,0.0,0.0,0.0,0.0,1.0,0.0,0.0,0.0,0.0,0.0,0.0,0.0,0.0
986,1995-10-11,SZSE:002091,0.0,0.0,0.0,0.0,0.0,0.0,0.0,0.0,0.0,0.0,0.0,0.0,0.0,0.0,0.0,0.0,0.0,0.0,0.0,0.0,0.0,0.0,0.0,0.0,0.0,0.0,0.0,0.0,1.0,0.0,0.0,0.0,0.0,0.0,0.0,0.0,0.0
987,1995-10-12,SZSE:002091,0.0,0.0,0.0,0.0,0.0,0.0,0.0,0.0,0.0,0.0,0.0,0.0,0.0,0.0,0.0,0.0,0.0,0.0,0.0,0.0,0.0,0.0,0.0,0.0,0.0,0.0,0.0,0.0,1.0,0.0,0.0,0.0,0.0,0.0,0.0,0.0,0.0
988,1995-10-13,SZSE:002091,0.0,0.0,0.0,0.0,0.0,0.0,0.0,0.0,0.0,0.0,0.0,0.0,0.0,0.0,0.0,0.0,0.0,0.0,0.0,0.0,0.0,0.0,0.0,0.0,0.0,0.0,0.0,0.0,1.0,0.0,0.0,0.0,0.0,0.0,0.0,0.0,0.0
989,1995-10-16,SZSE:002091,0.0,0.0,0.0,0.0,0.0,0.0,0.0,0.0,0.0,0.0,0.0,0.0,0.0,0.0,0.0,0.0,0.0,0.0,0.0,0.0,0.0,0.0,0.0,0.0,0.0,0.0,0.0,0.0,1.0,0.0,0.0,0.0,0.0,0.0,0.0,0.0,0.0
990,1995-10-17,SZSE:002091,0.0,0.0,0.0,0.0,0.0,0.0,0.0,0.0,0.0,0.0,0.0,0.0,0.0,0.0,0.0,0.0,0.0,0.0,0.0,0.0,0.0,0.0,0.0,0.0,0.0,0.0,0.0,0.0,1.0,0.0,0.0,0.0,0.0,0.0,0.0,0.0,0.0
991,1995-10-18,SZSE:002091,0.0,0.0,0.0,0.0,0.0,0.0,0.0,0.0,0.0,0.0,0.0,0.0,0.0,0.0,0.0,0.0,0.0,0.0,0.0,0.0,0.0,0.0,0.0,0.0,0.0,0.0,0.0,0.0,1.0,0.0,0.0,0.0,0.0,0.0,0.0,0.0,0.0
992,1995-10-19,SZSE:002091,0.0,0.0,0.0,0.0,0.0,0.0,0.0,0.0,0.0,0.0,0.0,0.0,0.0,0.0,0.0,0.0,0.0,0.0,0.0,0.0,0.0,0.0,0.0,0.0,0.0,0.0,0.0,0.0,1.0,0.0,0.0,0.0,0.0,0.0,0.0,0.0,0.0
993,1995-10-20,SZSE:002091,0.0,0.0,0.0,0.0,0.0,0.0,0.0,0.0,0.0,0.0,0.0,0.0,0.0,0.0,0.0,0.0,0.0,0.0,0.0,0.0,0.0,0.0,0.0,0.0,0.0,0.0,0.0,0.0,1.0,0.0,0.0,0.0,0.0,0.0,0.0,0.0,0.0
994,1995-10-23,SZSE:002091,0.0,0.0,0.0,0.0,0.0,0.0,0.0,0.0,0.0,0.0,0.0,0.0,0.0,0.0,0.0,0.0,0.0,0.0,0.0,0.0,0.0,0.0,0.0,0.0,0.0,0.0,0.0,0.0,1.0,0.0,0.0,0.0,0.0,0.0,0.0,0.0,0.0
995,1995-10-24,SZSE:002091,0.0,0.0,0.0,0.0,0.0,0.0,0.0,0.0,0.0,0.0,0.0,0.0,0.0,0.0,0.0,0.0,0.0,0.0,0.0,0.0,0.0,0.0,0.0,0.0,0.0,0.0,0.0,0.0,1.0,0.0,0.0,0.0,0.0,0.0,0.0,0.0,0.0
996,1995-10-25,SZSE:002091,0.0,0.0,0.0,0.0,0.0,0.0,0.0,0.0,0.0,0.0,0.0,0.0,0.0,0.0,0.0,0.0,0.0,0.0,0.0,0.0,0.0,0.0,0.0,0.0,0.0,0.0,0.0,0.0,1.0,0.0,0.0,0.0,0.0,0.0,0.0,0.0,0.0
997,1995-10-26,SZSE:002091,0.0,0.0,0.0,0.0,0.0,0.0,0.0,0.0,0.0,0.0,0.0,0.0,0.0,0.0,0.0,0.0,0.0,0.0,0.0,0.0,0.0,0.0,0.0,0.0,0.0,0.0,0.0,0.0,1.0,0.0,0.0,0.0,0.0,0.0,0.0,0.0,0.0
998,1995-10-27,SZSE:002091,0.0,0.0,0.0,0.0,0.0,0.0,0.0,0.0,0.0,0.0,0.0,0.0,0.0,0.0,0.0,0.0,0.0,0.0,0.0,0.0,0.0,0.0,0.0,0.0,0.0,0.0,0.0,0.0,1.0,0.0,0.0,0.0,0.0,0.0,0.0,0.0,0.0
999,1995-10-30,SZSE:002091,0.0,0.0,0.0,0.0,0.0,0.0,0.0,0.0,0.0,0.0,0.0,0.0,0.0,0.0,0.0,0.0,0.0,0.0,0.0,0.0,0.0,0.0,0.0,0.0,0.0,0.0,0.0,0.0,1.0,0.0,0.0,0.0,0.0,0.0,0.0,0.0,0.0
1000,1995-10-31,SZSE:002091,0.0,0.0,0.0,0.0,0.0,0.0,0.0,0.0,0.0,0.0,0.0,0.0,0.0,0.0,0.0,0.0,0.0,0.0,0.0,0.0,0.0,0.0,0.0,0.0,0.0,0.0,0.0,0.0,1.0,0.0,0.0,0.0,0.0,0.0,0.0,0.0,0.0
1001,1995-11-01,SZSE:002091,0.0,0.0,0.0,0.0,0.0,0.0,0.0,0.0,0.0,0.0,0.0,0.0,0.0,0.0,0.0,0.0,0.0,0.0,0.0,0.0,0.0,0.0,0.0,0.0,0.0,0.0,0.0,0.0,1.0,0.0,0.0,0.0,0.0,0.0,0.0,0.0,0.0
1002,1995-11-02,SZSE:002091,0.0,0.0,0.0,0.0,0.0,0.0,0.0,0.0,0.0,0.0,0.0,0.0,0.0,0.0,0.0,0.0,0.0,0.0,0.0,0.0,0.0,0.0,0.0,0.0,0.0,0.0,0.0,0.0,1.0,0.0,0.0,0.0,0.0,0.0,0.0,0.0,0.0
1003,1995-11-03,SZSE:002091,0.0,0.0,0.0,0.0,0.0,0.0,0.0,0.0,0.0,0.0,0.0,0.0,0.0,0.0,0.0,0.0,0.0,0.0,0.0,0.0,0.0,0.0,0.0,0.0,0.0,0.0,0.0,0.0,1.0,0.0,0.0,0.0,0.0,0.0,0.0,0.0,0.0
1004,1995-11-06,SZSE:002091,0.0,0.0,0.0,0.0,0.0,0.0,0.0,0.0,0.0,0.0,0.0,0.0,0.0,0.0,0.0,0.0,0.0,0.0,0.0,0.0,0.0,0.0,0.0,0.0,0.0,0.0,0.0,0.0,1.0,0.0,0.0,0.0,0.0,0.0,0.0,0.0,0.0
1005,1995-11-07,SZSE:002091,0.0,0.0,0.0,0.0,0.0,0.0,0.0,0.0,0.0,0.0,0.0,0.0,0.0,0.0,0.0,0.0,0.0,0.0,0.0,0.0,0.0,0.0,0.0,0.0,0.0,0.0,0.0,0.0,1.0,0.0,0.0,0.0,0.0,0.0,0.0,0.0,0.0
1006,1995-11-08,SZSE:002091,0.0,0.0,0.0,0.0,0.0,0.0,0.0,0.0,0.0,0.0,0.0,0.0,0.0,0.0,0.0,0.0,0.0,0.0,0.0,0.0,0.0,0.0,0.0,0.0,0.0,0.0,0.0,0.0,1.0,0.0,0.0,0.0,0.0,0.0,0.0,0.0,0.0
1007,1995-11-09,SZSE:002091,0.0,0.0,0.0,0.0,0.0,0.0,0.0,0.0,0.0,0.0,0.0,0.0,0.0,0.0,0.0,0.0,0.0,0.0,0.0,0.0,0.0,0.0,0.0,0.0,0.0,0.0,0.0,0.0,1.0,0.0,0.0,0.0,0.0,0.0,0.0,0.0,0.0
1008,1995-11-10,SZSE:002091,0.0,0.0,0.0,0.0,0.0,0.0,0.0,0.0,0.0,0.0,0.0,0.0,0.0,0.0,0.0,0.0,0.0,0.0,0.0,0.0,0.0,0.0,0.0,0.0,0.0,0.0,0.0,0.0,1.0,0.0,0.0,0.0,0.0,0.0,0.0,0.0,0.0
1009,1995-11-13,SZSE:002091,0.0,0.0,0.0,0.0,0.0,0.0,0.0,0.0,0.0,0.0,0.0,0.0,0.0,0.0,0.0,0.0,0.0,0.0,0.0,0.0,0.0,0.0,0.0,0.0,0.0,0.0,0.0,0.0,1.0,0.0,0.0,0.0,0.0,0.0,0.0,0.0,0.0
1010,1995-11-14,SZSE:002091,0.0,0.0,0.0,0.0,0.0,0.0,0.0,0.0,0.0,0.0,0.0,0.0,0.0,0.0,0.0,0.0,0.0,0.0,0.0,0.0,0.0,0.0,0.0,0.0,0.0,0.0,0.0,0.0,1.0,0.0,0.0,0.0,0.0,0.0,0.0,0.0,0.0
1011,1995-11-15,SZSE:002091,0.0,0.0,0.0,0.0,0.0,0.0,0.0,0.0,0.0,0.0,0.0,0.0,0.0,0.0,0.0,0.0,0.0,0.0,0.0,0.0,0.0,0.0,0.0,0.0,0.0,0.0,0.0,0.0,1.0,0.0,0.0,0.0,0.0,0.0,0.0,0.0,0.0
1012,1995-11-16,SZSE:002091,0.0,0.0,0.0,0.0,0.0,0.0,0.0,0.0,0.0,0.0,0.0,0.0,0.0,0.0,0.0,0.0,0.0,0.0,0.0,0.0,0.0,0.0,0.0,0.0,0.0,0.0,0.0,0.0,1.0,0.0,0.0,0.0,0.0,0.0,0.0,0.0,0.0
1013,1995-11-17,SZSE:002091,0.0,0.0,0.0,0.0,0.0,0.0,0.0,0.0,0.0,0.0,0.0,0.0,0.0,0.0,0.0,0.0,0.0,0.0,0.0,0.0,0.0,0.0,0.0,0.0,0.0,0.0,0.0,0.0,1.0,0.0,0.0,0.0,0.0,0.0,0.0,0.0,0.0
1014,1995-11-20,SZSE:002091,0.0,0.0,0.0,0.0,0.0,0.0,0.0,0.0,0.0,0.0,0.0,0.0,0.0,0.0,0.0,0.0,0.0,0.0,0.0,0.0,0.0,0.0,0.0,0.0,0.0,0.0,0.0,0.0,1.0,0.0,0.0,0.0,0.0,0.0,0.0,0.0,0.0
1015,1995-11-21,SZSE:002091,0.0,0.0,0.0,0.0,0.0,0.0,0.0,0.0,0.0,0.0,0.0,0.0,0.0,0.0,0.0,0.0,0.0,0.0,0.0,0.0,0.0,0.0,0.0,0.0,0.0,0.0,0.0,0.0,1.0,0.0,0.0,0.0,0.0,0.0,0.0,0.0,0.0
1016,1995-11-22,SZSE:002091,0.0,0.0,0.0,0.0,0.0,0.0,0.0,0.0,0.0,0.0,0.0,0.0,0.0,0.0,0.0,0.0,0.0,0.0,0.0,0.0,0.0,0.0,0.0,0.0,0.0,0.0,0.0,0.0,1.0,0.0,0.0,0.0,0.0,0.0,0.0,0.0,0.0
1017,1995-11-23,SZSE:002091,0.0,0.0,0.0,0.0,0.0,0.0,0.0,0.0,0.0,0.0,0.0,0.0,0.0,0.0,0.0,0.0,0.0,0.0,0.0,0.0,0.0,0.0,0.0,0.0,0.0,0.0,0.0,0.0,1.0,0.0,0.0,0.0,0.0,0.0,0.0,0.0,0.0
1018,1995-11-24,SZSE:002091,0.0,0.0,0.0,0.0,0.0,0.0,0.0,0.0,0.0,0.0,0.0,0.0,0.0,0.0,0.0,0.0,0.0,0.0,0.0,0.0,0.0,0.0,0.0,0.0,0.0,0.0,0.0,0.0,1.0,0.0,0.0,0.0,0.0,0.0,0.0,0.0,0.0
1019,1995-11-27,SZSE:002091,0.0,0.0,0.0,0.0,0.0,0.0,0.0,0.0,0.0,0.0,0.0,0.0,0.0,0.0,0.0,0.0,0.0,0.0,0.0,0.0,0.0,0.0,0.0,0.0,0.0,0.0,0.0,0.0,1.0,0.0,0.0,0.0,0.0,0.0,0.0,0.0,0.0
1020,1995-11-28,SZSE:002091,0.0,0.0,0.0,0.0,0.0,0.0,0.0,0.0,0.0,0.0,0.0,0.0,0.0,0.0,0.0,0.0,0.0,0.0,0.0,0.0,0.0,0.0,0.0,0.0,0.0,0.0,0.0,0.0,1.0,0.0,0.0,0.0,0.0,0.0,0.0,0.0,0.0
1021,1995-11-29,SZSE:002091,0.0,0.0,0.0,0.0,0.0,0.0,0.0,0.0,0.0,0.0,0.0,0.0,0.0,0.0,0.0,0.0,0.0,0.0,0.0,0.0,0.0,0.0,0.0,0.0,0.0,0.0,0.0,0.0,1.0,0.0,0.0,0.0,0.0,0.0,0.0,0.0,0.0
1022,1995-11-30,SZSE:002091,0.0,0.0,0.0,0.0,0.0,0.0,0.0,0.0,0.0,0.0,0.0,0.0,0.0,0.0,0.0,0.0,0.0,0.0,0.0,0.0,0.0,0.0,0.0,0.0,0.0,0.0,0.0,0.0,1.0,0.0,0.0,0.0,0.0,0.0,0.0,0.0,0.0
1023,1995-12-01,SZSE:002091,0.0,0.0,0.0,0.0,0.0,0.0,0.0,0.0,0.0,0.0,0.0,0.0,0.0,0.0,0.0,0.0,0.0,0.0,0.0,0.0,0.0,0.0,0.0,0.0,0.0,0.0,0.0,0.0,1.0,0.0,0.0,0.0,0.0,0.0,0.0,0.0,0.0
1024,1995-12-04,SZSE:002091,0.0,0.0,0.0,0.0,0.0,0.0,0.0,0.0,0.0,0.0,0.0,0.0,0.0,0.0,0.0,0.0,0.0,0.0,0.0,0.0,0.0,0.0,0.0,0.0,0.0,0.0,0.0,0.0,1.0,0.0,0.0,0.0,0.0,0.0,0.0,0.0,0.0
1025,1995-12-05,SZSE:002091,0.0,0.0,0.0,0.0,0.0,0.0,0.0,0.0,0.0,0.0,0.0,0.0,0.0,0.0,0.0,0.0,0.0,0.0,0.0,0.0,0.0,0.0,0.0,0.0,0.0,0.0,0.0,0.0,1.0,0.0,0.0,0.0,0.0,0.0,0.0,0.0,0.0
1026,1995-12-06,SZSE:002091,0.0,0.0,0.0,0.0,0.0,0.0,0.0,0.0,0.0,0.0,0.0,0.0,0.0,0.0,0.0,0.0,0.0,0.0,0.0,0.0,0.0,0.0,0.0,0.0,0.0,0.0,0.0,0.0,1.0,0.0,0.0,0.0,0.0,0.0,0.0,0.0,0.0
1027,1995-12-07,SZSE:002091,0.0,0.0,0.0,0.0,0.0,0.0,0.0,0.0,0.0,0.0,0.0,0.0,0.0,0.0,0.0,0.0,0.0,0.0,0.0,0.0,0.0,0.0,0.0,0.0,0.0,0.0,0.0,0.0,1.0,0.0,0.0,0.0,0.0,0.0,0.0,0.0,0.0
1028,1995-12-08,SZSE:002091,0.0,0.0,0.0,0.0,0.0,0.0,0.0,0.0,0.0,0.0,0.0,0.0,0.0,0.0,0.0,0.0,0.0,0.0,0.0,0.0,0.0,0.0,0.0,0.0,0.0,0.0,0.0,0.0,1.0,0.0,0.0,0.0,0.0,0.0,0.0,0.0,0.0
1029,1995-12-11,SZSE:002091,0.0,0.0,0.0,0.0,0.0,0.0,0.0,0.0,0.0,0.0,0.0,0.0,0.0,0.0,0.0,0.0,0.0,0.0,0.0,0.0,0.0,0.0,0.0,0.0,0.0,0.0,0.0,0.0,1.0,0.0,0.0,0.0,0.0,0.0,0.0,0.0,0.0
1030,1995-12-12,SZSE:002091,0.0,0.0,0.0,0.0,0.0,0.0,0.0,0.0,0.0,0.0,0.0,0.0,0.0,0.0,0.0,0.0,0.0,0.0,0.0,0.0,0.0,0.0,0.0,0.0,0.0,0.0,0.0,0.0,1.0,0.0,0.0,0.0,0.0,0.0,0.0,0.0,0.0
1031,1995-12-13,SZSE:002091,0.0,0.0,0.0,0.0,0.0,0.0,0.0,0.0,0.0,0.0,0.0,0.0,0.0,0.0,0.0,0.0,0.0,0.0,0.0,0.0,0.0,0.0,0.0,0.0,0.0,0.0,0.0,0.0,1.0,0.0,0.0,0.0,0.0,0.0,0.0,0.0,0.0
1032,1995-12-14,SZSE:002091,0.0,0.0,0.0,0.0,0.0,0.0,0.0,0.0,0.0,0.0,0.0,0.0,0.0,0.0,0.0,0.0,0.0,0.0,0.0,0.0,0.0,0.0,0.0,0.0,0.0,0.0,0.0,0.0,1.0,0.0,0.0,0.0,0.0,0.0,0.0,0.0,0.0
1033,1995-12-15,SZSE:002091,0.0,0.0,0.0,0.0,0.0,0.0,0.0,0.0,0.0,0.0,0.0,0.0,0.0,0.0,0.0,0.0,0.0,0.0,0.0,0.0,0.0,0.0,0.0,0.0,0.0,0.0,0.0,0.0,1.0,0.0,0.0,0.0,0.0,0.0,0.0,0.0,0.0
1034,1995-12-18,SZSE:002091,0.0,0.0,0.0,0.0,0.0,0.0,0.0,0.0,0.0,0.0,0.0,0.0,0.0,0.0,0.0,0.0,0.0,0.0,0.0,0.0,0.0,0.0,0.0,0.0,0.0,0.0,0.0,0.0,1.0,0.0,0.0,0.0,0.0,0.0,0.0,0.0,0.0
1035,1995-12-19,SZSE:002091,0.0,0.0,0.0,0.0,0.0,0.0,0.0,0.0,0.0,0.0,0.0,0.0,0.0,0.0,0.0,0.0,0.0,0.0,0.0,0.0,0.0,0.0,0.0,0.0,0.0,0.0,0.0,0.0,1.0,0.0,0.0,0.0,0.0,0.0,0.0,0.0,0.0
1036,1995-12-20,SZSE:002091,0.0,0.0,0.0,0.0,0.0,0.0,0.0,0.0,0.0,0.0,0.0,0.0,0.0,0.0,0.0,0.0,0.0,0.0,0.0,0.0,0.0,0.0,0.0,0.0,0.0,0.0,0.0,0.0,1.0,0.0,0.0,0.0,0.0,0.0,0.0,0.0,0.0
1037,1995-12-21,SZSE:002091,0.0,0.0,0.0,0.0,0.0,0.0,0.0,0.0,0.0,0.0,0.0,0.0,0.0,0.0,0.0,0.0,0.0,0.0,0.0,0.0,0.0,0.0,0.0,0.0,0.0,0.0,0.0,0.0,1.0,0.0,0.0,0.0,0.0,0.0,0.0,0.0,0.0
1038,1995-12-22,SZSE:002091,0.0,0.0,0.0,0.0,0.0,0.0,0.0,0.0,0.0,0.0,0.0,0.0,0.0,0.0,0.0,0.0,0.0,0.0,0.0,0.0,0.0,0.0,0.0,0.0,0.0,0.0,0.0,0.0,1.0,0.0,0.0,0.0,0.0,0.0,0.0,0.0,0.0
1039,1995-12-25,SZSE:002091,0.0,0.0,0.0,0.0,0.0,0.0,0.0,0.0,0.0,0.0,0.0,0.0,0.0,0.0,0.0,0.0,0.0,0.0,0.0,0.0,0.0,0.0,0.0,0.0,0.0,0.0,0.0,0.0,1.0,0.0,0.0,0.0,0.0,0.0,0.0,0.0,0.0
1040,1995-12-26,SZSE:002091,0.0,0.0,0.0,0.0,0.0,0.0,0.0,0.0,0.0,0.0,0.0,0.0,0.0,0.0,0.0,0.0,0.0,0.0,0.0,0.0,0.0,0.0,0.0,0.0,0.0,0.0,0.0,0.0,1.0,0.0,0.0,0.0,0.0,0.0,0.0,0.0,0.0
1041,1995-12-27,SZSE:002091,0.0,0.0,0.0,0.0,0.0,0.0,0.0,0.0,0.0,0.0,0.0,0.0,0.0,0.0,0.0,0.0,0.0,0.0,0.0,0.0,0.0,0.0,0.0,0.0,0.0,0.0,0.0,0.0,1.0,0.0,0.0,0.0,0.0,0.0,0.0,0.0,0.0
1042,1995-12-28,SZSE:002091,0.0,0.0,0.0,0.0,0.0,0.0,0.0,0.0,0.0,0.0,0.0,0.0,0.0,0.0,0.0,0.0,0.0,0.0,0.0,0.0,0.0,0.0,0.0,0.0,0.0,0.0,0.0,0.0,1.0,0.0,0.0,0.0,0.0,0.0,0.0,0.0,0.0
1043,1995-12-29,SZSE:002091,0.0,0.0,0.0,0.0,0.0,0.0,0.0,0.0,0.0,0.0,0.0,0.0,0.0,0.0,0.0,0.0,0.0,0.0,0.0,0.0,0.0,0.0,0.0,0.0,0.0,0.0,0.0,0.0,1.0,0.0,0.0,0.0,0.0,0.0,0.0,0.0,0.0
1044,1996-01-01,SZSE:002091,0.0,0.0,0.0,0.0,0.0,0.0,0.0,0.0,0.0,0.0,0.0,0.0,0.0,0.0,0.0,0.0,0.0,0.0,0.0,0.0,0.0,0.0,0.0,0.0,0.0,0.0,0.0,0.0,1.0,0.0,0.0,0.0,0.0,0.0,0.0,0.0,0.0
1045,1996-01-02,SZSE:002091,0.0,0.0,0.0,0.0,0.0,0.0,0.0,0.0,0.0,0.0,0.0,0.0,0.0,0.0,0.0,0.0,0.0,0.0,0.0,0.0,0.0,0.0,0.0,0.0,0.0,0.0,0.0,0.0,1.0,0.0,0.0,0.0,0.0,0.0,0.0,0.0,0.0
1046,1996-01-03,SZSE:002091,0.0,0.0,0.0,0.0,0.0,0.0,0.0,0.0,0.0,0.0,0.0,0.0,0.0,0.0,0.0,0.0,0.0,0.0,0.0,0.0,0.0,0.0,0.0,0.0,0.0,0.0,0.0,0.0,1.0,0.0,0.0,0.0,0.0,0.0,0.0,0.0,0.0
1047,1996-01-04,SZSE:002091,0.0,0.0,0.0,0.0,0.0,0.0,0.0,0.0,0.0,0.0,0.0,0.0,0.0,0.0,0.0,0.0,0.0,0.0,0.0,0.0,0.0,0.0,0.0,0.0,0.0,0.0,0.0,0.0,1.0,0.0,0.0,0.0,0.0,0.0,0.0,0.0,0.0
1048,1996-01-05,SZSE:002091,0.0,0.0,0.0,0.0,0.0,0.0,0.0,0.0,0.0,0.0,0.0,0.0,0.0,0.0,0.0,0.0,0.0,0.0,0.0,0.0,0.0,0.0,0.0,0.0,0.0,0.0,0.0,0.0,1.0,0.0,0.0,0.0,0.0,0.0,0.0,0.0,0.0
1049,1996-01-08,SZSE:002091,0.0,0.0,0.0,0.0,0.0,0.0,0.0,0.0,0.0,0.0,0.0,0.0,0.0,0.0,0.0,0.0,0.0,0.0,0.0,0.0,0.0,0.0,0.0,0.0,0.0,0.0,0.0,0.0,1.0,0.0,0.0,0.0,0.0,0.0,0.0,0.0,0.0
1050,1996-01-09,SZSE:002091,0.0,0.0,0.0,0.0,0.0,0.0,0.0,0.0,0.0,0.0,0.0,0.0,0.0,0.0,0.0,0.0,0.0,0.0,0.0,0.0,0.0,0.0,0.0,0.0,0.0,0.0,0.0,0.0,1.0,0.0,0.0,0.0,0.0,0.0,0.0,0.0,0.0
1051,1996-01-10,SZSE:002091,0.0,0.0,0.0,0.0,0.0,0.0,0.0,0.0,0.0,0.0,0.0,0.0,0.0,0.0,0.0,0.0,0.0,0.0,0.0,0.0,0.0,0.0,0.0,0.0,0.0,0.0,0.0,0.0,1.0,0.0,0.0,0.0,0.0,0.0,0.0,0.0,0.0
1052,1996-01-11,SZSE:002091,0.0,0.0,0.0,0.0,0.0,0.0,0.0,0.0,0.0,0.0,0.0,0.0,0.0,0.0,0.0,0.0,0.0,0.0,0.0,0.0,0.0,0.0,0.0,0.0,0.0,0.0,0.0,0.0,1.0,0.0,0.0,0.0,0.0,0.0,0.0,0.0,0.0
1053,1996-01-12,SZSE:002091,0.0,0.0,0.0,0.0,0.0,0.0,0.0,0.0,0.0,0.0,0.0,0.0,0.0,0.0,0.0,0.0,0.0,0.0,0.0,0.0,0.0,0.0,0.0,0.0,0.0,0.0,0.0,0.0,1.0,0.0,0.0,0.0,0.0,0.0,0.0,0.0,0.0
1054,1996-01-15,SZSE:002091,0.0,0.0,0.0,0.0,0.0,0.0,0.0,0.0,0.0,0.0,0.0,0.0,0.0,0.0,0.0,0.0,0.0,0.0,0.0,0.0,0.0,0.0,0.0,0.0,0.0,0.0,0.0,0.0,1.0,0.0,0.0,0.0,0.0,0.0,0.0,0.0,0.0
1055,1996-01-16,SZSE:002091,0.0,0.0,0.0,0.0,0.0,0.0,0.0,0.0,0.0,0.0,0.0,0.0,0.0,0.0,0.0,0.0,0.0,0.0,0.0,0.0,0.0,0.0,0.0,0.0,0.0,0.0,0.0,0.0,1.0,0.0,0.0,0.0,0.0,0.0,0.0,0.0,0.0
1056,1996-01-17,SZSE:002091,0.0,0.0,0.0,0.0,0.0,0.0,0.0,0.0,0.0,0.0,0.0,0.0,0.0,0.0,0.0,0.0,0.0,0.0,0.0,0.0,0.0,0.0,0.0,0.0,0.0,0.0,0.0,0.0,1.0,0.0,0.0,0.0,0.0,0.0,0.0,0.0,0.0
1057,1996-01-18,SZSE:002091,0.0,0.0,0.0,0.0,0.0,0.0,0.0,0.0,0.0,0.0,0.0,0.0,0.0,0.0,0.0,0.0,0.0,0.0,0.0,0.0,0.0,0.0,0.0,0.0,0.0,0.0,0.0,0.0,1.0,0.0,0.0,0.0,0.0,0.0,0.0,0.0,0.0
1058,1996-01-19,SZSE:002091,0.0,0.0,0.0,0.0,0.0,0.0,0.0,0.0,0.0,0.0,0.0,0.0,0.0,0.0,0.0,0.0,0.0,0.0,0.0,0.0,0.0,0.0,0.0,0.0,0.0,0.0,0.0,0.0,1.0,0.0,0.0,0.0,0.0,0.0,0.0,0.0,0.0
1059,1996-01-22,SZSE:002091,0.0,0.0,0.0,0.0,0.0,0.0,0.0,0.0,0.0,0.0,0.0,0.0,0.0,0.0,0.0,0.0,0.0,0.0,0.0,0.0,0.0,0.0,0.0,0.0,0.0,0.0,0.0,0.0,1.0,0.0,0.0,0.0,0.0,0.0,0.0,0.0,0.0
1060,1996-01-23,SZSE:002091,0.0,0.0,0.0,0.0,0.0,0.0,0.0,0.0,0.0,0.0,0.0,0.0,0.0,0.0,0.0,0.0,0.0,0.0,0.0,0.0,0.0,0.0,0.0,0.0,0.0,0.0,0.0,0.0,1.0,0.0,0.0,0.0,0.0,0.0,0.0,0.0,0.0
1061,1996-01-24,SZSE:002091,0.0,0.0,0.0,0.0,0.0,0.0,0.0,0.0,0.0,0.0,0.0,0.0,0.0,0.0,0.0,0.0,0.0,0.0,0.0,0.0,0.0,0.0,0.0,0.0,0.0,0.0,0.0,0.0,1.0,0.0,0.0,0.0,0.0,0.0,0.0,0.0,0.0
1062,1996-01-25,SZSE:002091,0.0,0.0,0.0,0.0,0.0,0.0,0.0,0.0,0.0,0.0,0.0,0.0,0.0,0.0,0.0,0.0,0.0,0.0,0.0,0.0,0.0,0.0,0.0,0.0,0.0,0.0,0.0,0.0,1.0,0.0,0.0,0.0,0.0,0.0,0.0,0.0,0.0
1063,1996-01-26,SZSE:002091,0.0,0.0,0.0,0.0,0.0,0.0,0.0,0.0,0.0,0.0,0.0,0.0,0.0,0.0,0.0,0.0,0.0,0.0,0.0,0.0,0.0,0.0,0.0,0.0,0.0,0.0,0.0,0.0,1.0,0.0,0.0,0.0,0.0,0.0,0.0,0.0,0.0
1064,1996-01-29,SZSE:002091,0.0,0.0,0.0,0.0,0.0,0.0,0.0,0.0,0.0,0.0,0.0,0.0,0.0,0.0,0.0,0.0,0.0,0.0,0.0,0.0,0.0,0.0,0.0,0.0,0.0,0.0,0.0,0.0,1.0,0.0,0.0,0.0,0.0,0.0,0.0,0.0,0.0
1065,1996-01-30,SZSE:002091,0.0,0.0,0.0,0.0,0.0,0.0,0.0,0.0,0.0,0.0,0.0,0.0,0.0,0.0,0.0,0.0,0.0,0.0,0.0,0.0,0.0,0.0,0.0,0.0,0.0,0.0,0.0,0.0,1.0,0.0,0.0,0.0,0.0,0.0,0.0,0.0,0.0
1066,1996-01-31,SZSE:002091,0.0,0.0,0.0,0.0,0.0,0.0,0.0,0.0,0.0,0.0,0.0,0.0,0.0,0.0,0.0,0.0,0.0,0.0,0.0,0.0,0.0,0.0,0.0,0.0,0.0,0.0,0.0,0.0,1.0,0.0,0.0,0.0,0.0,0.0,0.0,0.0,0.0
1067,1996-02-01,SZSE:002091,0.0,0.0,0.0,0.0,0.0,0.0,0.0,0.0,0.0,0.0,0.0,0.0,0.0,0.0,0.0,0.0,0.0,0.0,0.0,0.0,0.0,0.0,0.0,0.0,0.0,0.0,0.0,0.0,1.0,0.0,0.0,0.0,0.0,0.0,0.0,0.0,0.0
1068,1996-02-02,SZSE:002091,0.0,0.0,0.0,0.0,0.0,0.0,0.0,0.0,0.0,0.0,0.0,0.0,0.0,0.0,0.0,0.0,0.0,0.0,0.0,0.0,0.0,0.0,0.0,0.0,0.0,0.0,0.0,0.0,1.0,0.0,0.0,0.0,0.0,0.0,0.0,0.0,0.0
1069,1996-02-05,SZSE:002091,0.0,0.0,0.0,0.0,0.0,0.0,0.0,0.0,0.0,0.0,0.0,0.0,0.0,0.0,0.0,0.0,0.0,0.0,0.0,0.0,0.0,0.0,0.0,0.0,0.0,0.0,0.0,0.0,1.0,0.0,0.0,0.0,0.0,0.0,0.0,0.0,0.0
1070,1996-02-06,SZSE:002091,0.0,0.0,0.0,0.0,0.0,0.0,0.0,0.0,0.0,0.0,0.0,0.0,0.0,0.0,0.0,0.0,0.0,0.0,0.0,0.0,0.0,0.0,0.0,0.0,0.0,0.0,0.0,0.0,1.0,0.0,0.0,0.0,0.0,0.0,0.0,0.0,0.0
1071,1996-02-07,SZSE:002091,0.0,0.0,0.0,0.0,0.0,0.0,0.0,0.0,0.0,0.0,0.0,0.0,0.0,0.0,0.0,0.0,0.0,0.0,0.0,0.0,0.0,0.0,0.0,0.0,0.0,0.0,0.0,0.0,1.0,0.0,0.0,0.0,0.0,0.0,0.0,0.0,0.0
1072,1996-02-08,SZSE:002091,0.0,0.0,0.0,0.0,0.0,0.0,0.0,0.0,0.0,0.0,0.0,0.0,0.0,0.0,0.0,0.0,0.0,0.0,0.0,0.0,0.0,0.0,0.0,0.0,0.0,0.0,0.0,0.0,1.0,0.0,0.0,0.0,0.0,0.0,0.0,0.0,0.0
1073,1996-02-09,SZSE:002091,0.0,0.0,0.0,0.0,0.0,0.0,0.0,0.0,0.0,0.0,0.0,0.0,0.0,0.0,0.0,0.0,0.0,0.0,0.0,0.0,0.0,0.0,0.0,0.0,0.0,0.0,0.0,0.0,1.0,0.0,0.0,0.0,0.0,0.0,0.0,0.0,0.0
1074,1996-02-12,SZSE:002091,0.0,0.0,0.0,0.0,0.0,0.0,0.0,0.0,0.0,0.0,0.0,0.0,0.0,0.0,0.0,0.0,0.0,0.0,0.0,0.0,0.0,0.0,0.0,0.0,0.0,0.0,0.0,0.0,1.0,0.0,0.0,0.0,0.0,0.0,0.0,0.0,0.0
1075,1996-02-13,SZSE:002091,0.0,0.0,0.0,0.0,0.0,0.0,0.0,0.0,0.0,0.0,0.0,0.0,0.0,0.0,0.0,0.0,0.0,0.0,0.0,0.0,0.0,0.0,0.0,0.0,0.0,0.0,0.0,0.0,1.0,0.0,0.0,0.0,0.0,0.0,0.0,0.0,0.0
1076,1996-02-14,SZSE:002091,0.0,0.0,0.0,0.0,0.0,0.0,0.0,0.0,0.0,0.0,0.0,0.0,0.0,0.0,0.0,0.0,0.0,0.0,0.0,0.0,0.0,0.0,0.0,0.0,0.0,0.0,0.0,0.0,1.0,0.0,0.0,0.0,0.0,0.0,0.0,0.0,0.0
1077,1996-02-15,SZSE:002091,0.0,0.0,0.0,0.0,0.0,0.0,0.0,0.0,0.0,0.0,0.0,0.0,0.0,0.0,0.0,0.0,0.0,0.0,0.0,0.0,0.0,0.0,0.0,0.0,0.0,0.0,0.0,0.0,1.0,0.0,0.0,0.0,0.0,0.0,0.0,0.0,0.0
1078,1996-02-16,SZSE:002091,0.0,0.0,0.0,0.0,0.0,0.0,0.0,0.0,0.0,0.0,0.0,0.0,0.0,0.0,0.0,0.0,0.0,0.0,0.0,0.0,0.0,0.0,0.0,0.0,0.0,0.0,0.0,0.0,1.0,0.0,0.0,0.0,0.0,0.0,0.0,0.0,0.0
1079,1996-02-19,SZSE:002091,0.0,0.0,0.0,0.0,0.0,0.0,0.0,0.0,0.0,0.0,0.0,0.0,0.0,0.0,0.0,0.0,0.0,0.0,0.0,0.0,0.0,0.0,0.0,0.0,0.0,0.0,0.0,0.0,1.0,0.0,0.0,0.0,0.0,0.0,0.0,0.0,0.0
1080,1996-02-20,SZSE:002091,0.0,0.0,0.0,0.0,0.0,0.0,0.0,0.0,0.0,0.0,0.0,0.0,0.0,0.0,0.0,0.0,0.0,0.0,0.0,0.0,0.0,0.0,0.0,0.0,0.0,0.0,0.0,0.0,1.0,0.0,0.0,0.0,0.0,0.0,0.0,0.0,0.0
1081,1996-02-21,SZSE:002091,0.0,0.0,0.0,0.0,0.0,0.0,0.0,0.0,0.0,0.0,0.0,0.0,0.0,0.0,0.0,0.0,0.0,0.0,0.0,0.0,0.0,0.0,0.0,0.0,0.0,0.0,0.0,0.0,1.0,0.0,0.0,0.0,0.0,0.0,0.0,0.0,0.0
1082,1996-02-22,SZSE:002091,0.0,0.0,0.0,0.0,0.0,0.0,0.0,0.0,0.0,0.0,0.0,0.0,0.0,0.0,0.0,0.0,0.0,0.0,0.0,0.0,0.0,0.0,0.0,0.0,0.0,0.0,0.0,0.0,1.0,0.0,0.0,0.0,0.0,0.0,0.0,0.0,0.0
1083,1996-02-23,SZSE:002091,0.0,0.0,0.0,0.0,0.0,0.0,0.0,0.0,0.0,0.0,0.0,0.0,0.0,0.0,0.0,0.0,0.0,0.0,0.0,0.0,0.0,0.0,0.0,0.0,0.0,0.0,0.0,0.0,1.0,0.0,0.0,0.0,0.0,0.0,0.0,0.0,0.0
1084,1996-02-26,SZSE:002091,0.0,0.0,0.0,0.0,0.0,0.0,0.0,0.0,0.0,0.0,0.0,0.0,0.0,0.0,0.0,0.0,0.0,0.0,0.0,0.0,0.0,0.0,0.0,0.0,0.0,0.0,0.0,0.0,1.0,0.0,0.0,0.0,0.0,0.0,0.0,0.0,0.0
1085,1996-02-27,SZSE:002091,0.0,0.0,0.0,0.0,0.0,0.0,0.0,0.0,0.0,0.0,0.0,0.0,0.0,0.0,0.0,0.0,0.0,0.0,0.0,0.0,0.0,0.0,0.0,0.0,0.0,0.0,0.0,0.0,1.0,0.0,0.0,0.0,0.0,0.0,0.0,0.0,0.0
1086,1996-02-28,SZSE:002091,0.0,0.0,0.0,0.0,0.0,0.0,0.0,0.0,0.0,0.0,0.0,0.0,0.0,0.0,0.0,0.0,0.0,0.0,0.0,0.0,0.0,0.0,0.0,0.0,0.0,0.0,0.0,0.0,1.0,0.0,0.0,0.0,0.0,0.0,0.0,0.0,0.0
1087,1996-02-29,SZSE:002091,0.0,0.0,0.0,0.0,0.0,0.0,0.0,0.0,0.0,0.0,0.0,0.0,0.0,0.0,0.0,0.0,0.0,0.0,0.0,0.0,0.0,0.0,0.0,0.0,0.0,0.0,0.0,0.0,1.0,0.0,0.0,0.0,0.0,0.0,0.0,0.0,0.0
1088,1996-03-01,SZSE:002091,0.0,0.0,0.0,0.0,0.0,0.0,0.0,0.0,0.0,0.0,0.0,0.0,0.0,0.0,0.0,0.0,0.0,0.0,0.0,0.0,0.0,0.0,0.0,0.0,0.0,0.0,0.0,0.0,1.0,0.0,0.0,0.0,0.0,0.0,0.0,0.0,0.0
1089,1996-03-04,SZSE:002091,0.0,0.0,0.0,0.0,0.0,0.0,0.0,0.0,0.0,0.0,0.0,0.0,0.0,0.0,0.0,0.0,0.0,0.0,0.0,0.0,0.0,0.0,0.0,0.0,0.0,0.0,0.0,0.0,1.0,0.0,0.0,0.0,0.0,0.0,0.0,0.0,0.0
1090,1996-03-05,SZSE:002091,0.0,0.0,0.0,0.0,0.0,0.0,0.0,0.0,0.0,0.0,0.0,0.0,0.0,0.0,0.0,0.0,0.0,0.0,0.0,0.0,0.0,0.0,0.0,0.0,0.0,0.0,0.0,0.0,1.0,0.0,0.0,0.0,0.0,0.0,0.0,0.0,0.0
1091,1996-03-06,SZSE:002091,0.0,0.0,0.0,0.0,0.0,0.0,0.0,0.0,0.0,0.0,0.0,0.0,0.0,0.0,0.0,0.0,0.0,0.0,0.0,0.0,0.0,0.0,0.0,0.0,0.0,0.0,0.0,0.0,1.0,0.0,0.0,0.0,0.0,0.0,0.0,0.0,0.0
1092,1996-03-07,SZSE:002091,0.0,0.0,0.0,0.0,0.0,0.0,0.0,0.0,0.0,0.0,0.0,0.0,0.0,0.0,0.0,0.0,0.0,0.0,0.0,0.0,0.0,0.0,0.0,0.0,0.0,0.0,0.0,0.0,1.0,0.0,0.0,0.0,0.0,0.0,0.0,0.0,0.0
1093,1996-03-08,SZSE:002091,0.0,0.0,0.0,0.0,0.0,0.0,0.0,0.0,0.0,0.0,0.0,0.0,0.0,0.0,0.0,0.0,0.0,0.0,0.0,0.0,0.0,0.0,0.0,0.0,0.0,0.0,0.0,0.0,1.0,0.0,0.0,0.0,0.0,0.0,0.0,0.0,0.0
1094,1996-03-11,SZSE:002091,0.0,0.0,0.0,0.0,0.0,0.0,0.0,0.0,0.0,0.0,0.0,0.0,0.0,0.0,0.0,0.0,0.0,0.0,0.0,0.0,0.0,0.0,0.0,0.0,0.0,0.0,0.0,0.0,1.0,0.0,0.0,0.0,0.0,0.0,0.0,0.0,0.0
1095,1996-03-12,SZSE:002091,0.0,0.0,0.0,0.0,0.0,0.0,0.0,0.0,0.0,0.0,0.0,0.0,0.0,0.0,0.0,0.0,0.0,0.0,0.0,0.0,0.0,0.0,0.0,0.0,0.0,0.0,0.0,0.0,1.0,0.0,0.0,0.0,0.0,0.0,0.0,0.0,0.0
1096,1996-03-13,SZSE:002091,0.0,0.0,0.0,0.0,0.0,0.0,0.0,0.0,0.0,0.0,0.0,0.0,0.0,0.0,0.0,0.0,0.0,0.0,0.0,0.0,0.0,0.0,0.0,0.0,0.0,0.0,0.0,0.0,1.0,0.0,0.0,0.0,0.0,0.0,0.0,0.0,0.0
1097,1996-03-14,SZSE:002091,0.0,0.0,0.0,0.0,0.0,0.0,0.0,0.0,0.0,0.0,0.0,0.0,0.0,0.0,0.0,0.0,0.0,0.0,0.0,0.0,0.0,0.0,0.0,0.0,0.0,0.0,0.0,0.0,1.0,0.0,0.0,0.0,0.0,0.0,0.0,0.0,0.0
1098,1996-03-15,SZSE:002091,0.0,0.0,0.0,0.0,0.0,0.0,0.0,0.0,0.0,0.0,0.0,0.0,0.0,0.0,0.0,0.0,0.0,0.0,0.0,0.0,0.0,0.0,0.0,0.0,0.0,0.0,0.0,0.0,1.0,0.0,0.0,0.0,0.0,0.0,0.0,0.0,0.0
1099,1996-03-18,SZSE:002091,0.0,0.0,0.0,0.0,0.0,0.0,0.0,0.0,0.0,0.0,0.0,0.0,0.0,0.0,0.0,0.0,0.0,0.0,0.0,0.0,0.0,0.0,0.0,0.0,0.0,0.0,0.0,0.0,1.0,0.0,0.0,0.0,0.0,0.0,0.0,0.0,0.0
1100,1996-03-19,SZSE:002091,0.0,0.0,0.0,0.0,0.0,0.0,0.0,0.0,0.0,0.0,0.0,0.0,0.0,0.0,0.0,0.0,0.0,0.0,0.0,0.0,0.0,0.0,0.0,0.0,0.0,0.0,0.0,0.0,1.0,0.0,0.0,0.0,0.0,0.0,0.0,0.0,0.0
1101,1996-03-20,SZSE:002091,0.0,0.0,0.0,0.0,0.0,0.0,0.0,0.0,0.0,0.0,0.0,0.0,0.0,0.0,0.0,0.0,0.0,0.0,0.0,0.0,0.0,0.0,0.0,0.0,0.0,0.0,0.0,0.0,1.0,0.0,0.0,0.0,0.0,0.0,0.0,0.0,0.0
1102,1996-03-21,SZSE:002091,0.0,0.0,0.0,0.0,0.0,0.0,0.0,0.0,0.0,0.0,0.0,0.0,0.0,0.0,0.0,0.0,0.0,0.0,0.0,0.0,0.0,0.0,0.0,0.0,0.0,0.0,0.0,0.0,1.0,0.0,0.0,0.0,0.0,0.0,0.0,0.0,0.0
1103,1996-03-22,SZSE:002091,0.0,0.0,0.0,0.0,0.0,0.0,0.0,0.0,0.0,0.0,0.0,0.0,0.0,0.0,0.0,0.0,0.0,0.0,0.0,0.0,0.0,0.0,0.0,0.0,0.0,0.0,0.0,0.0,1.0,0.0,0.0,0.0,0.0,0.0,0.0,0.0,0.0
1104,1996-03-25,SZSE:002091,0.0,0.0,0.0,0.0,0.0,0.0,0.0,0.0,0.0,0.0,0.0,0.0,0.0,0.0,0.0,0.0,0.0,0.0,0.0,0.0,0.0,0.0,0.0,0.0,0.0,0.0,0.0,0.0,1.0,0.0,0.0,0.0,0.0,0.0,0.0,0.0,0.0
1105,1996-03-26,SZSE:002091,0.0,0.0,0.0,0.0,0.0,0.0,0.0,0.0,0.0,0.0,0.0,0.0,0.0,0.0,0.0,0.0,0.0,0.0,0.0,0.0,0.0,0.0,0.0,0.0,0.0,0.0,0.0,0.0,1.0,0.0,0.0,0.0,0.0,0.0,0.0,0.0,0.0
1106,1996-03-27,SZSE:002091,0.0,0.0,0.0,0.0,0.0,0.0,0.0,0.0,0.0,0.0,0.0,0.0,0.0,0.0,0.0,0.0,0.0,0.0,0.0,0.0,0.0,0.0,0.0,0.0,0.0,0.0,0.0,0.0,1.0,0.0,0.0,0.0,0.0,0.0,0.0,0.0,0.0
1107,1996-03-28,SZSE:002091,0.0,0.0,0.0,0.0,0.0,0.0,0.0,0.0,0.0,0.0,0.0,0.0,0.0,0.0,0.0,0.0,0.0,0.0,0.0,0.0,0.0,0.0,0.0,0.0,0.0,0.0,0.0,0.0,1.0,0.0,0.0,0.0,0.0,0.0,0.0,0.0,0.0
1108,1996-03-29,SZSE:002091,0.0,0.0,0.0,0.0,0.0,0.0,0.0,0.0,0.0,0.0,0.0,0.0,0.0,0.0,0.0,0.0,0.0,0.0,0.0,0.0,0.0,0.0,0.0,0.0,0.0,0.0,0.0,0.0,1.0,0.0,0.0,0.0,0.0,0.0,0.0,0.0,0.0
1109,1996-04-01,SZSE:002091,0.0,0.0,0.0,0.0,0.0,0.0,0.0,0.0,0.0,0.0,0.0,0.0,0.0,0.0,0.0,0.0,0.0,0.0,0.0,0.0,0.0,0.0,0.0,0.0,0.0,0.0,0.0,0.0,1.0,0.0,0.0,0.0,0.0,0.0,0.0,0.0,0.0
1110,1996-04-02,SZSE:002091,0.0,0.0,0.0,0.0,0.0,0.0,0.0,0.0,0.0,0.0,0.0,0.0,0.0,0.0,0.0,0.0,0.0,0.0,0.0,0.0,0.0,0.0,0.0,0.0,0.0,0.0,0.0,0.0,1.0,0.0,0.0,0.0,0.0,0.0,0.0,0.0,0.0
1111,1996-04-03,SZSE:002091,0.0,0.0,0.0,0.0,0.0,0.0,0.0,0.0,0.0,0.0,0.0,0.0,0.0,0.0,0.0,0.0,0.0,0.0,0.0,0.0,0.0,0.0,0.0,0.0,0.0,0.0,0.0,0.0,1.0,0.0,0.0,0.0,0.0,0.0,0.0,0.0,0.0
1112,1996-04-04,SZSE:002091,0.0,0.0,0.0,0.0,0.0,0.0,0.0,0.0,0.0,0.0,0.0,0.0,0.0,0.0,0.0,0.0,0.0,0.0,0.0,0.0,0.0,0.0,0.0,0.0,0.0,0.0,0.0,0.0,1.0,0.0,0.0,0.0,0.0,0.0,0.0,0.0,0.0
1113,1996-04-05,SZSE:002091,0.0,0.0,0.0,0.0,0.0,0.0,0.0,0.0,0.0,0.0,0.0,0.0,0.0,0.0,0.0,0.0,0.0,0.0,0.0,0.0,0.0,0.0,0.0,0.0,0.0,0.0,0.0,0.0,1.0,0.0,0.0,0.0,0.0,0.0,0.0,0.0,0.0
1114,1996-04-08,SZSE:002091,0.0,0.0,0.0,0.0,0.0,0.0,0.0,0.0,0.0,0.0,0.0,0.0,0.0,0.0,0.0,0.0,0.0,0.0,0.0,0.0,0.0,0.0,0.0,0.0,0.0,0.0,0.0,0.0,1.0,0.0,0.0,0.0,0.0,0.0,0.0,0.0,0.0
1115,1996-04-09,SZSE:002091,0.0,0.0,0.0,0.0,0.0,0.0,0.0,0.0,0.0,0.0,0.0,0.0,0.0,0.0,0.0,0.0,0.0,0.0,0.0,0.0,0.0,0.0,0.0,0.0,0.0,0.0,0.0,0.0,1.0,0.0,0.0,0.0,0.0,0.0,0.0,0.0,0.0
1116,1996-04-10,SZSE:002091,0.0,0.0,0.0,0.0,0.0,0.0,0.0,0.0,0.0,0.0,0.0,0.0,0.0,0.0,0.0,0.0,0.0,0.0,0.0,0.0,0.0,0.0,0.0,0.0,0.0,0.0,0.0,0.0,1.0,0.0,0.0,0.0,0.0,0.0,0.0,0.0,0.0
1117,1996-04-11,SZSE:002091,0.0,0.0,0.0,0.0,0.0,0.0,0.0,0.0,0.0,0.0,0.0,0.0,0.0,0.0,0.0,0.0,0.0,0.0,0.0,0.0,0.0,0.0,0.0,0.0,0.0,0.0,0.0,0.0,1.0,0.0,0.0,0.0,0.0,0.0,0.0,0.0,0.0
1118,1996-04-12,SZSE:002091,0.0,0.0,0.0,0.0,0.0,0.0,0.0,0.0,0.0,0.0,0.0,0.0,0.0,0.0,0.0,0.0,0.0,0.0,0.0,0.0,0.0,0.0,0.0,0.0,0.0,0.0,0.0,0.0,1.0,0.0,0.0,0.0,0.0,0.0,0.0,0.0,0.0
1119,1996-04-15,SZSE:002091,0.0,0.0,0.0,0.0,0.0,0.0,0.0,0.0,0.0,0.0,0.0,0.0,0.0,0.0,0.0,0.0,0.0,0.0,0.0,0.0,0.0,0.0,0.0,0.0,0.0,0.0,0.0,0.0,1.0,0.0,0.0,0.0,0.0,0.0,0.0,0.0,0.0
1120,1996-04-16,SZSE:002091,0.0,0.0,0.0,0.0,0.0,0.0,0.0,0.0,0.0,0.0,0.0,0.0,0.0,0.0,0.0,0.0,0.0,0.0,0.0,0.0,0.0,0.0,0.0,0.0,0.0,0.0,0.0,0.0,1.0,0.0,0.0,0.0,0.0,0.0,0.0,0.0,0.0
1121,1996-04-17,SZSE:002091,0.0,0.0,0.0,0.0,0.0,0.0,0.0,0.0,0.0,0.0,0.0,0.0,0.0,0.0,0.0,0.0,0.0,0.0,0.0,0.0,0.0,0.0,0.0,0.0,0.0,0.0,0.0,0.0,1.0,0.0,0.0,0.0,0.0,0.0,0.0,0.0,0.0
1122,1996-04-18,SZSE:002091,0.0,0.0,0.0,0.0,0.0,0.0,0.0,0.0,0.0,0.0,0.0,0.0,0.0,0.0,0.0,0.0,0.0,0.0,0.0,0.0,0.0,0.0,0.0,0.0,0.0,0.0,0.0,0.0,1.0,0.0,0.0,0.0,0.0,0.0,0.0,0.0,0.0
1123,1996-04-19,SZSE:002091,0.0,0.0,0.0,0.0,0.0,0.0,0.0,0.0,0.0,0.0,0.0,0.0,0.0,0.0,0.0,0.0,0.0,0.0,0.0,0.0,0.0,0.0,0.0,0.0,0.0,0.0,0.0,0.0,1.0,0.0,0.0,0.0,0.0,0.0,0.0,0.0,0.0
1124,1996-04-22,SZSE:002091,0.0,0.0,0.0,0.0,0.0,0.0,0.0,0.0,0.0,0.0,0.0,0.0,0.0,0.0,0.0,0.0,0.0,0.0,0.0,0.0,0.0,0.0,0.0,0.0,0.0,0.0,0.0,0.0,1.0,0.0,0.0,0.0,0.0,0.0,0.0,0.0,0.0
1125,1996-04-23,SZSE:002091,0.0,0.0,0.0,0.0,0.0,0.0,0.0,0.0,0.0,0.0,0.0,0.0,0.0,0.0,0.0,0.0,0.0,0.0,0.0,0.0,0.0,0.0,0.0,0.0,0.0,0.0,0.0,0.0,1.0,0.0,0.0,0.0,0.0,0.0,0.0,0.0,0.0
1126,1996-04-24,SZSE:002091,0.0,0.0,0.0,0.0,0.0,0.0,0.0,0.0,0.0,0.0,0.0,0.0,0.0,0.0,0.0,0.0,0.0,0.0,0.0,0.0,0.0,0.0,0.0,0.0,0.0,0.0,0.0,0.0,1.0,0.0,0.0,0.0,0.0,0.0,0.0,0.0,0.0
1127,1996-04-25,SZSE:002091,0.0,0.0,0.0,0.0,0.0,0.0,0.0,0.0,0.0,0.0,0.0,0.0,0.0,0.0,0.0,0.0,0.0,0.0,0.0,0.0,0.0,0.0,0.0,0.0,0.0,0.0,0.0,0.0,1.0,0.0,0.0,0.0,0.0,0.0,0.0,0.0,0.0
1128,1996-04-26,SZSE:002091,0.0,0.0,0.0,0.0,0.0,0.0,0.0,0.0,0.0,0.0,0.0,0.0,0.0,0.0,0.0,0.0,0.0,0.0,0.0,0.0,0.0,0.0,0.0,0.0,0.0,0.0,0.0,0.0,1.0,0.0,0.0,0.0,0.0,0.0,0.0,0.0,0.0
1129,1996-04-29,SZSE:002091,0.0,0.0,0.0,0.0,0.0,0.0,0.0,0.0,0.0,0.0,0.0,0.0,0.0,0.0,0.0,0.0,0.0,0.0,0.0,0.0,0.0,0.0,0.0,0.0,0.0,0.0,0.0,0.0,1.0,0.0,0.0,0.0,0.0,0.0,0.0,0.0,0.0
1130,1996-04-30,SZSE:002091,0.0,0.0,0.0,0.0,0.0,0.0,0.0,0.0,0.0,0.0,0.0,0.0,0.0,0.0,0.0,0.0,0.0,0.0,0.0,0.0,0.0,0.0,0.0,0.0,0.0,0.0,0.0,0.0,1.0,0.0,0.0,0.0,0.0,0.0,0.0,0.0,0.0
1131,1996-05-01,SZSE:002091,0.0,0.0,0.0,0.0,0.0,0.0,0.0,0.0,0.0,0.0,0.0,0.0,0.0,0.0,0.0,0.0,0.0,0.0,0.0,0.0,0.0,0.0,0.0,0.0,0.0,0.0,0.0,0.0,1.0,0.0,0.0,0.0,0.0,0.0,0.0,0.0,0.0
1132,1996-05-02,SZSE:002091,0.0,0.0,0.0,0.0,0.0,0.0,0.0,0.0,0.0,0.0,0.0,0.0,0.0,0.0,0.0,0.0,0.0,0.0,0.0,0.0,0.0,0.0,0.0,0.0,0.0,0.0,0.0,0.0,1.0,0.0,0.0,0.0,0.0,0.0,0.0,0.0,0.0
1133,1996-05-03,SZSE:002091,0.0,0.0,0.0,0.0,0.0,0.0,0.0,0.0,0.0,0.0,0.0,0.0,0.0,0.0,0.0,0.0,0.0,0.0,0.0,0.0,0.0,0.0,0.0,0.0,0.0,0.0,0.0,0.0,1.0,0.0,0.0,0.0,0.0,0.0,0.0,0.0,0.0
1134,1996-05-06,SZSE:002091,0.0,0.0,0.0,0.0,0.0,0.0,0.0,0.0,0.0,0.0,0.0,0.0,0.0,0.0,0.0,0.0,0.0,0.0,0.0,0.0,0.0,0.0,0.0,0.0,0.0,0.0,0.0,0.0,1.0,0.0,0.0,0.0,0.0,0.0,0.0,0.0,0.0
1135,1996-05-07,SZSE:002091,0.0,0.0,0.0,0.0,0.0,0.0,0.0,0.0,0.0,0.0,0.0,0.0,0.0,0.0,0.0,0.0,0.0,0.0,0.0,0.0,0.0,0.0,0.0,0.0,0.0,0.0,0.0,0.0,1.0,0.0,0.0,0.0,0.0,0.0,0.0,0.0,0.0
1136,1996-05-08,SZSE:002091,0.0,0.0,0.0,0.0,0.0,0.0,0.0,0.0,0.0,0.0,0.0,0.0,0.0,0.0,0.0,0.0,0.0,0.0,0.0,0.0,0.0,0.0,0.0,0.0,0.0,0.0,0.0,0.0,1.0,0.0,0.0,0.0,0.0,0.0,0.0,0.0,0.0
1137,1996-05-09,SZSE:002091,0.0,0.0,0.0,0.0,0.0,0.0,0.0,0.0,0.0,0.0,0.0,0.0,0.0,0.0,0.0,0.0,0.0,0.0,0.0,0.0,0.0,0.0,0.0,0.0,0.0,0.0,0.0,0.0,1.0,0.0,0.0,0.0,0.0,0.0,0.0,0.0,0.0
1138,1996-05-10,SZSE:002091,0.0,0.0,0.0,0.0,0.0,0.0,0.0,0.0,0.0,0.0,0.0,0.0,0.0,0.0,0.0,0.0,0.0,0.0,0.0,0.0,0.0,0.0,0.0,0.0,0.0,0.0,0.0,0.0,1.0,0.0,0.0,0.0,0.0,0.0,0.0,0.0,0.0
1139,1996-05-13,SZSE:002091,0.0,0.0,0.0,0.0,0.0,0.0,0.0,0.0,0.0,0.0,0.0,0.0,0.0,0.0,0.0,0.0,0.0,0.0,0.0,0.0,0.0,0.0,0.0,0.0,0.0,0.0,0.0,0.0,1.0,0.0,0.0,0.0,0.0,0.0,0.0,0.0,0.0
1140,1996-05-14,SZSE:002091,0.0,0.0,0.0,0.0,0.0,0.0,0.0,0.0,0.0,0.0,0.0,0.0,0.0,0.0,0.0,0.0,0.0,0.0,0.0,0.0,0.0,0.0,0.0,0.0,0.0,0.0,0.0,0.0,1.0,0.0,0.0,0.0,0.0,0.0,0.0,0.0,0.0
1141,1996-05-15,SZSE:002091,0.0,0.0,0.0,0.0,0.0,0.0,0.0,0.0,0.0,0.0,0.0,0.0,0.0,0.0,0.0,0.0,0.0,0.0,0.0,0.0,0.0,0.0,0.0,0.0,0.0,0.0,0.0,0.0,1.0,0.0,0.0,0.0,0.0,0.0,0.0,0.0,0.0
1142,1996-05-16,SZSE:002091,0.0,0.0,0.0,0.0,0.0,0.0,0.0,0.0,0.0,0.0,0.0,0.0,0.0,0.0,0.0,0.0,0.0,0.0,0.0,0.0,0.0,0.0,0.0,0.0,0.0,0.0,0.0,0.0,1.0,0.0,0.0,0.0,0.0,0.0,0.0,0.0,0.0
1143,1996-05-17,SZSE:002091,0.0,0.0,0.0,0.0,0.0,0.0,0.0,0.0,0.0,0.0,0.0,0.0,0.0,0.0,0.0,0.0,0.0,0.0,0.0,0.0,0.0,0.0,0.0,0.0,0.0,0.0,0.0,0.0,1.0,0.0,0.0,0.0,0.0,0.0,0.0,0.0,0.0
1144,1996-05-20,SZSE:002091,0.0,0.0,0.0,0.0,0.0,0.0,0.0,0.0,0.0,0.0,0.0,0.0,0.0,0.0,0.0,0.0,0.0,0.0,0.0,0.0,0.0,0.0,0.0,0.0,0.0,0.0,0.0,0.0,1.0,0.0,0.0,0.0,0.0,0.0,0.0,0.0,0.0
1145,1996-05-21,SZSE:002091,0.0,0.0,0.0,0.0,0.0,0.0,0.0,0.0,0.0,0.0,0.0,0.0,0.0,0.0,0.0,0.0,0.0,0.0,0.0,0.0,0.0,0.0,0.0,0.0,0.0,0.0,0.0,0.0,1.0,0.0,0.0,0.0,0.0,0.0,0.0,0.0,0.0
1146,1996-05-22,SZSE:002091,0.0,0.0,0.0,0.0,0.0,0.0,0.0,0.0,0.0,0.0,0.0,0.0,0.0,0.0,0.0,0.0,0.0,0.0,0.0,0.0,0.0,0.0,0.0,0.0,0.0,0.0,0.0,0.0,1.0,0.0,0.0,0.0,0.0,0.0,0.0,0.0,0.0
1147,1996-05-23,SZSE:002091,0.0,0.0,0.0,0.0,0.0,0.0,0.0,0.0,0.0,0.0,0.0,0.0,0.0,0.0,0.0,0.0,0.0,0.0,0.0,0.0,0.0,0.0,0.0,0.0,0.0,0.0,0.0,0.0,1.0,0.0,0.0,0.0,0.0,0.0,0.0,0.0,0.0
1148,1996-05-24,SZSE:002091,0.0,0.0,0.0,0.0,0.0,0.0,0.0,0.0,0.0,0.0,0.0,0.0,0.0,0.0,0.0,0.0,0.0,0.0,0.0,0.0,0.0,0.0,0.0,0.0,0.0,0.0,0.0,0.0,1.0,0.0,0.0,0.0,0.0,0.0,0.0,0.0,0.0
1149,1996-05-27,SZSE:002091,0.0,0.0,0.0,0.0,0.0,0.0,0.0,0.0,0.0,0.0,0.0,0.0,0.0,0.0,0.0,0.0,0.0,0.0,0.0,0.0,0.0,0.0,0.0,0.0,0.0,0.0,0.0,0.0,1.0,0.0,0.0,0.0,0.0,0.0,0.0,0.0,0.0
1150,1996-05-28,SZSE:002091,0.0,0.0,0.0,0.0,0.0,0.0,0.0,0.0,0.0,0.0,0.0,0.0,0.0,0.0,0.0,0.0,0.0,0.0,0.0,0.0,0.0,0.0,0.0,0.0,0.0,0.0,0.0,0.0,1.0,0.0,0.0,0.0,0.0,0.0,0.0,0.0,0.0
1151,1996-05-29,SZSE:002091,0.0,0.0,0.0,0.0,0.0,0.0,0.0,0.0,0.0,0.0,0.0,0.0,0.0,0.0,0.0,0.0,0.0,0.0,0.0,0.0,0.0,0.0,0.0,0.0,0.0,0.0,0.0,0.0,1.0,0.0,0.0,0.0,0.0,0.0,0.0,0.0,0.0
1152,1996-05-30,SZSE:002091,0.0,0.0,0.0,0.0,0.0,0.0,0.0,0.0,0.0,0.0,0.0,0.0,0.0,0.0,0.0,0.0,0.0,0.0,0.0,0.0,0.0,0.0,0.0,0.0,0.0,0.0,0.0,0.0,1.0,0.0,0.0,0.0,0.0,0.0,0.0,0.0,0.0
1153,1996-05-31,SZSE:002091,0.0,0.0,0.0,0.0,0.0,0.0,0.0,0.0,0.0,0.0,0.0,0.0,0.0,0.0,0.0,0.0,0.0,0.0,0.0,0.0,0.0,0.0,0.0,0.0,0.0,0.0,0.0,0.0,1.0,0.0,0.0,0.0,0.0,0.0,0.0,0.0,0.0
1154,1996-06-03,SZSE:002091,0.0,0.0,0.0,0.0,0.0,0.0,0.0,0.0,0.0,0.0,0.0,0.0,0.0,0.0,0.0,0.0,0.0,0.0,0.0,0.0,0.0,0.0,0.0,0.0,0.0,0.0,0.0,0.0,1.0,0.0,0.0,0.0,0.0,0.0,0.0,0.0,0.0
1155,1996-06-04,SZSE:002091,0.0,0.0,0.0,0.0,0.0,0.0,0.0,0.0,0.0,0.0,0.0,0.0,0.0,0.0,0.0,0.0,0.0,0.0,0.0,0.0,0.0,0.0,0.0,0.0,0.0,0.0,0.0,0.0,1.0,0.0,0.0,0.0,0.0,0.0,0.0,0.0,0.0
1156,1996-06-05,SZSE:002091,0.0,0.0,0.0,0.0,0.0,0.0,0.0,0.0,0.0,0.0,0.0,0.0,0.0,0.0,0.0,0.0,0.0,0.0,0.0,0.0,0.0,0.0,0.0,0.0,0.0,0.0,0.0,0.0,1.0,0.0,0.0,0.0,0.0,0.0,0.0,0.0,0.0
1157,1996-06-06,SZSE:002091,0.0,0.0,0.0,0.0,0.0,0.0,0.0,0.0,0.0,0.0,0.0,0.0,0.0,0.0,0.0,0.0,0.0,0.0,0.0,0.0,0.0,0.0,0.0,0.0,0.0,0.0,0.0,0.0,1.0,0.0,0.0,0.0,0.0,0.0,0.0,0.0,0.0
1158,1996-06-07,SZSE:002091,0.0,0.0,0.0,0.0,0.0,0.0,0.0,0.0,0.0,0.0,0.0,0.0,0.0,0.0,0.0,0.0,0.0,0.0,0.0,0.0,0.0,0.0,0.0,0.0,0.0,0.0,0.0,0.0,1.0,0.0,0.0,0.0,0.0,0.0,0.0,0.0,0.0
1159,1996-06-10,SZSE:002091,0.0,0.0,0.0,0.0,0.0,0.0,0.0,0.0,0.0,0.0,0.0,0.0,0.0,0.0,0.0,0.0,0.0,0.0,0.0,0.0,0.0,0.0,0.0,0.0,0.0,0.0,0.0,0.0,1.0,0.0,0.0,0.0,0.0,0.0,0.0,0.0,0.0
1160,1996-06-11,SZSE:002091,0.0,0.0,0.0,0.0,0.0,0.0,0.0,0.0,0.0,0.0,0.0,0.0,0.0,0.0,0.0,0.0,0.0,0.0,0.0,0.0,0.0,0.0,0.0,0.0,0.0,0.0,0.0,0.0,1.0,0.0,0.0,0.0,0.0,0.0,0.0,0.0,0.0
1161,1996-06-12,SZSE:002091,0.0,0.0,0.0,0.0,0.0,0.0,0.0,0.0,0.0,0.0,0.0,0.0,0.0,0.0,0.0,0.0,0.0,0.0,0.0,0.0,0.0,0.0,0.0,0.0,0.0,0.0,0.0,0.0,1.0,0.0,0.0,0.0,0.0,0.0,0.0,0.0,0.0
1162,1996-06-13,SZSE:002091,0.0,0.0,0.0,0.0,0.0,0.0,0.0,0.0,0.0,0.0,0.0,0.0,0.0,0.0,0.0,0.0,0.0,0.0,0.0,0.0,0.0,0.0,0.0,0.0,0.0,0.0,0.0,0.0,1.0,0.0,0.0,0.0,0.0,0.0,0.0,0.0,0.0
1163,1996-06-14,SZSE:002091,0.0,0.0,0.0,0.0,0.0,0.0,0.0,0.0,0.0,0.0,0.0,0.0,0.0,0.0,0.0,0.0,0.0,0.0,0.0,0.0,0.0,0.0,0.0,0.0,0.0,0.0,0.0,0.0,1.0,0.0,0.0,0.0,0.0,0.0,0.0,0.0,0.0
1164,1996-06-17,SZSE:002091,0.0,0.0,0.0,0.0,0.0,0.0,0.0,0.0,0.0,0.0,0.0,0.0,0.0,0.0,0.0,0.0,0.0,0.0,0.0,0.0,0.0,0.0,0.0,0.0,0.0,0.0,0.0,0.0,1.0,0.0,0.0,0.0,0.0,0.0,0.0,0.0,0.0
1165,1996-06-18,SZSE:002091,0.0,0.0,0.0,0.0,0.0,0.0,0.0,0.0,0.0,0.0,0.0,0.0,0.0,0.0,0.0,0.0,0.0,0.0,0.0,0.0,0.0,0.0,0.0,0.0,0.0,0.0,0.0,0.0,1.0,0.0,0.0,0.0,0.0,0.0,0.0,0.0,0.0
1166,1996-06-19,SZSE:002091,0.0,0.0,0.0,0.0,0.0,0.0,0.0,0.0,0.0,0.0,0.0,0.0,0.0,0.0,0.0,0.0,0.0,0.0,0.0,0.0,0.0,0.0,0.0,0.0,0.0,0.0,0.0,0.0,1.0,0.0,0.0,0.0,0.0,0.0,0.0,0.0,0.0
1167,1996-06-20,SZSE:002091,0.0,0.0,0.0,0.0,0.0,0.0,0.0,0.0,0.0,0.0,0.0,0.0,0.0,0.0,0.0,0.0,0.0,0.0,0.0,0.0,0.0,0.0,0.0,0.0,0.0,0.0,0.0,0.0,1.0,0.0,0.0,0.0,0.0,0.0,0.0,0.0,0.0
1168,1996-06-21,SZSE:002091,0.0,0.0,0.0,0.0,0.0,0.0,0.0,0.0,0.0,0.0,0.0,0.0,0.0,0.0,0.0,0.0,0.0,0.0,0.0,0.0,0.0,0.0,0.0,0.0,0.0,0.0,0.0,0.0,1.0,0.0,0.0,0.0,0.0,0.0,0.0,0.0,0.0
1169,1996-06-24,SZSE:002091,0.0,0.0,0.0,0.0,0.0,0.0,0.0,0.0,0.0,0.0,0.0,0.0,0.0,0.0,0.0,0.0,0.0,0.0,0.0,0.0,0.0,0.0,0.0,0.0,0.0,0.0,0.0,0.0,1.0,0.0,0.0,0.0,0.0,0.0,0.0,0.0,0.0
1170,1996-06-25,SZSE:002091,0.0,0.0,0.0,0.0,0.0,0.0,0.0,0.0,0.0,0.0,0.0,0.0,0.0,0.0,0.0,0.0,0.0,0.0,0.0,0.0,0.0,0.0,0.0,0.0,0.0,0.0,0.0,0.0,1.0,0.0,0.0,0.0,0.0,0.0,0.0,0.0,0.0
1171,1996-06-26,SZSE:002091,0.0,0.0,0.0,0.0,0.0,0.0,0.0,0.0,0.0,0.0,0.0,0.0,0.0,0.0,0.0,0.0,0.0,0.0,0.0,0.0,0.0,0.0,0.0,0.0,0.0,0.0,0.0,0.0,1.0,0.0,0.0,0.0,0.0,0.0,0.0,0.0,0.0
1172,1996-06-27,SZSE:002091,0.0,0.0,0.0,0.0,0.0,0.0,0.0,0.0,0.0,0.0,0.0,0.0,0.0,0.0,0.0,0.0,0.0,0.0,0.0,0.0,0.0,0.0,0.0,0.0,0.0,0.0,0.0,0.0,1.0,0.0,0.0,0.0,0.0,0.0,0.0,0.0,0.0
1173,1996-06-28,SZSE:002091,0.0,0.0,0.0,0.0,0.0,0.0,0.0,0.0,0.0,0.0,0.0,0.0,0.0,0.0,0.0,0.0,0.0,0.0,0.0,0.0,0.0,0.0,0.0,0.0,0.0,0.0,0.0,0.0,1.0,0.0,0.0,0.0,0.0,0.0,0.0,0.0,0.0
1174,1996-07-01,SZSE:002091,0.0,0.0,0.0,0.0,0.0,0.0,0.0,0.0,0.0,0.0,0.0,0.0,0.0,0.0,0.0,0.0,0.0,0.0,0.0,0.0,0.0,0.0,0.0,0.0,0.0,0.0,0.0,0.0,1.0,0.0,0.0,0.0,0.0,0.0,0.0,0.0,0.0
1175,1996-07-02,SZSE:002091,0.0,0.0,0.0,0.0,0.0,0.0,0.0,0.0,0.0,0.0,0.0,0.0,0.0,0.0,0.0,0.0,0.0,0.0,0.0,0.0,0.0,0.0,0.0,0.0,0.0,0.0,0.0,0.0,1.0,0.0,0.0,0.0,0.0,0.0,0.0,0.0,0.0
1176,1996-07-03,SZSE:002091,0.0,0.0,0.0,0.0,0.0,0.0,0.0,0.0,0.0,0.0,0.0,0.0,0.0,0.0,0.0,0.0,0.0,0.0,0.0,0.0,0.0,0.0,0.0,0.0,0.0,0.0,0.0,0.0,1.0,0.0,0.0,0.0,0.0,0.0,0.0,0.0,0.0
1177,1996-07-04,SZSE:002091,0.0,0.0,0.0,0.0,0.0,0.0,0.0,0.0,0.0,0.0,0.0,0.0,0.0,0.0,0.0,0.0,0.0,0.0,0.0,0.0,0.0,0.0,0.0,0.0,0.0,0.0,0.0,0.0,1.0,0.0,0.0,0.0,0.0,0.0,0.0,0.0,0.0
1178,1996-07-05,SZSE:002091,0.0,0.0,0.0,0.0,0.0,0.0,0.0,0.0,0.0,0.0,0.0,0.0,0.0,0.0,0.0,0.0,0.0,0.0,0.0,0.0,0.0,0.0,0.0,0.0,0.0,0.0,0.0,0.0,1.0,0.0,0.0,0.0,0.0,0.0,0.0,0.0,0.0
1179,1996-07-08,SZSE:002091,0.0,0.0,0.0,0.0,0.0,0.0,0.0,0.0,0.0,0.0,0.0,0.0,0.0,0.0,0.0,0.0,0.0,0.0,0.0,0.0,0.0,0.0,0.0,0.0,0.0,0.0,0.0,0.0,1.0,0.0,0.0,0.0,0.0,0.0,0.0,0.0,0.0
1180,1996-07-09,SZSE:002091,0.0,0.0,0.0,0.0,0.0,0.0,0.0,0.0,0.0,0.0,0.0,0.0,0.0,0.0,0.0,0.0,0.0,0.0,0.0,0.0,0.0,0.0,0.0,0.0,0.0,0.0,0.0,0.0,1.0,0.0,0.0,0.0,0.0,0.0,0.0,0.0,0.0
1181,1996-07-10,SZSE:002091,0.0,0.0,0.0,0.0,0.0,0.0,0.0,0.0,0.0,0.0,0.0,0.0,0.0,0.0,0.0,0.0,0.0,0.0,0.0,0.0,0.0,0.0,0.0,0.0,0.0,0.0,0.0,0.0,1.0,0.0,0.0,0.0,0.0,0.0,0.0,0.0,0.0
1182,1996-07-11,SZSE:002091,0.0,0.0,0.0,0.0,0.0,0.0,0.0,0.0,0.0,0.0,0.0,0.0,0.0,0.0,0.0,0.0,0.0,0.0,0.0,0.0,0.0,0.0,0.0,0.0,0.0,0.0,0.0,0.0,1.0,0.0,0.0,0.0,0.0,0.0,0.0,0.0,0.0
1183,1996-07-12,SZSE:002091,0.0,0.0,0.0,0.0,0.0,0.0,0.0,0.0,0.0,0.0,0.0,0.0,0.0,0.0,0.0,0.0,0.0,0.0,0.0,0.0,0.0,0.0,0.0,0.0,0.0,0.0,0.0,0.0,1.0,0.0,0.0,0.0,0.0,0.0,0.0,0.0,0.0
1184,1996-07-15,SZSE:002091,0.0,0.0,0.0,0.0,0.0,0.0,0.0,0.0,0.0,0.0,0.0,0.0,0.0,0.0,0.0,0.0,0.0,0.0,0.0,0.0,0.0,0.0,0.0,0.0,0.0,0.0,0.0,0.0,1.0,0.0,0.0,0.0,0.0,0.0,0.0,0.0,0.0
1185,1996-07-16,SZSE:002091,0.0,0.0,0.0,0.0,0.0,0.0,0.0,0.0,0.0,0.0,0.0,0.0,0.0,0.0,0.0,0.0,0.0,0.0,0.0,0.0,0.0,0.0,0.0,0.0,0.0,0.0,0.0,0.0,1.0,0.0,0.0,0.0,0.0,0.0,0.0,0.0,0.0
1186,1996-07-17,SZSE:002091,0.0,0.0,0.0,0.0,0.0,0.0,0.0,0.0,0.0,0.0,0.0,0.0,0.0,0.0,0.0,0.0,0.0,0.0,0.0,0.0,0.0,0.0,0.0,0.0,0.0,0.0,0.0,0.0,1.0,0.0,0.0,0.0,0.0,0.0,0.0,0.0,0.0
1187,1996-07-18,SZSE:002091,0.0,0.0,0.0,0.0,0.0,0.0,0.0,0.0,0.0,0.0,0.0,0.0,0.0,0.0,0.0,0.0,0.0,0.0,0.0,0.0,0.0,0.0,0.0,0.0,0.0,0.0,0.0,0.0,1.0,0.0,0.0,0.0,0.0,0.0,0.0,0.0,0.0
1188,1996-07-19,SZSE:002091,0.0,0.0,0.0,0.0,0.0,0.0,0.0,0.0,0.0,0.0,0.0,0.0,0.0,0.0,0.0,0.0,0.0,0.0,0.0,0.0,0.0,0.0,0.0,0.0,0.0,0.0,0.0,0.0,1.0,0.0,0.0,0.0,0.0,0.0,0.0,0.0,0.0
1189,1996-07-22,SZSE:002091,0.0,0.0,0.0,0.0,0.0,0.0,0.0,0.0,0.0,0.0,0.0,0.0,0.0,0.0,0.0,0.0,0.0,0.0,0.0,0.0,0.0,0.0,0.0,0.0,0.0,0.0,0.0,0.0,1.0,0.0,0.0,0.0,0.0,0.0,0.0,0.0,0.0
1190,1996-07-23,SZSE:002091,0.0,0.0,0.0,0.0,0.0,0.0,0.0,0.0,0.0,0.0,0.0,0.0,0.0,0.0,0.0,0.0,0.0,0.0,0.0,0.0,0.0,0.0,0.0,0.0,0.0,0.0,0.0,0.0,1.0,0.0,0.0,0.0,0.0,0.0,0.0,0.0,0.0
1191,1996-07-24,SZSE:002091,0.0,0.0,0.0,0.0,0.0,0.0,0.0,0.0,0.0,0.0,0.0,0.0,0.0,0.0,0.0,0.0,0.0,0.0,0.0,0.0,0.0,0.0,0.0,0.0,0.0,0.0,0.0,0.0,1.0,0.0,0.0,0.0,0.0,0.0,0.0,0.0,0.0
1192,1996-07-25,SZSE:002091,0.0,0.0,0.0,0.0,0.0,0.0,0.0,0.0,0.0,0.0,0.0,0.0,0.0,0.0,0.0,0.0,0.0,0.0,0.0,0.0,0.0,0.0,0.0,0.0,0.0,0.0,0.0,0.0,1.0,0.0,0.0,0.0,0.0,0.0,0.0,0.0,0.0
1193,1996-07-26,SZSE:002091,0.0,0.0,0.0,0.0,0.0,0.0,0.0,0.0,0.0,0.0,0.0,0.0,0.0,0.0,0.0,0.0,0.0,0.0,0.0,0.0,0.0,0.0,0.0,0.0,0.0,0.0,0.0,0.0,1.0,0.0,0.0,0.0,0.0,0.0,0.0,0.0,0.0
1194,1996-07-29,SZSE:002091,0.0,0.0,0.0,0.0,0.0,0.0,0.0,0.0,0.0,0.0,0.0,0.0,0.0,0.0,0.0,0.0,0.0,0.0,0.0,0.0,0.0,0.0,0.0,0.0,0.0,0.0,0.0,0.0,1.0,0.0,0.0,0.0,0.0,0.0,0.0,0.0,0.0
1195,1996-07-30,SZSE:002091,0.0,0.0,0.0,0.0,0.0,0.0,0.0,0.0,0.0,0.0,0.0,0.0,0.0,0.0,0.0,0.0,0.0,0.0,0.0,0.0,0.0,0.0,0.0,0.0,0.0,0.0,0.0,0.0,1.0,0.0,0.0,0.0,0.0,0.0,0.0,0.0,0.0
1196,1996-07-31,SZSE:002091,0.0,0.0,0.0,0.0,0.0,0.0,0.0,0.0,0.0,0.0,0.0,0.0,0.0,0.0,0.0,0.0,0.0,0.0,0.0,0.0,0.0,0.0,0.0,0.0,0.0,0.0,0.0,0.0,1.0,0.0,0.0,0.0,0.0,0.0,0.0,0.0,0.0
1197,1996-08-01,SZSE:002091,0.0,0.0,0.0,0.0,0.0,0.0,0.0,0.0,0.0,0.0,0.0,0.0,0.0,0.0,0.0,0.0,0.0,0.0,0.0,0.0,0.0,0.0,0.0,0.0,0.0,0.0,0.0,0.0,1.0,0.0,0.0,0.0,0.0,0.0,0.0,0.0,0.0
1198,1996-08-02,SZSE:002091,0.0,0.0,0.0,0.0,0.0,0.0,0.0,0.0,0.0,0.0,0.0,0.0,0.0,0.0,0.0,0.0,0.0,0.0,0.0,0.0,0.0,0.0,0.0,0.0,0.0,0.0,0.0,0.0,1.0,0.0,0.0,0.0,0.0,0.0,0.0,0.0,0.0
1199,1996-08-05,SZSE:002091,0.0,0.0,0.0,0.0,0.0,0.0,0.0,0.0,0.0,0.0,0.0,0.0,0.0,0.0,0.0,0.0,0.0,0.0,0.0,0.0,0.0,0.0,0.0,0.0,0.0,0.0,0.0,0.0,1.0,0.0,0.0,0.0,0.0,0.0,0.0,0.0,0.0
1200,1996-08-06,SZSE:002091,0.0,0.0,0.0,0.0,0.0,0.0,0.0,0.0,0.0,0.0,0.0,0.0,0.0,0.0,0.0,0.0,0.0,0.0,0.0,0.0,0.0,0.0,0.0,0.0,0.0,0.0,0.0,0.0,1.0,0.0,0.0,0.0,0.0,0.0,0.0,0.0,0.0
1201,1996-08-07,SZSE:002091,0.0,0.0,0.0,0.0,0.0,0.0,0.0,0.0,0.0,0.0,0.0,0.0,0.0,0.0,0.0,0.0,0.0,0.0,0.0,0.0,0.0,0.0,0.0,0.0,0.0,0.0,0.0,0.0,1.0,0.0,0.0,0.0,0.0,0.0,0.0,0.0,0.0
1202,1996-08-08,SZSE:002091,0.0,0.0,0.0,0.0,0.0,0.0,0.0,0.0,0.0,0.0,0.0,0.0,0.0,0.0,0.0,0.0,0.0,0.0,0.0,0.0,0.0,0.0,0.0,0.0,0.0,0.0,0.0,0.0,1.0,0.0,0.0,0.0,0.0,0.0,0.0,0.0,0.0
1203,1996-08-09,SZSE:002091,0.0,0.0,0.0,0.0,0.0,0.0,0.0,0.0,0.0,0.0,0.0,0.0,0.0,0.0,0.0,0.0,0.0,0.0,0.0,0.0,0.0,0.0,0.0,0.0,0.0,0.0,0.0,0.0,1.0,0.0,0.0,0.0,0.0,0.0,0.0,0.0,0.0
1204,1996-08-12,SZSE:002091,0.0,0.0,0.0,0.0,0.0,0.0,0.0,0.0,0.0,0.0,0.0,0.0,0.0,0.0,0.0,0.0,0.0,0.0,0.0,0.0,0.0,0.0,0.0,0.0,0.0,0.0,0.0,0.0,1.0,0.0,0.0,0.0,0.0,0.0,0.0,0.0,0.0
1205,1996-08-13,SZSE:002091,0.0,0.0,0.0,0.0,0.0,0.0,0.0,0.0,0.0,0.0,0.0,0.0,0.0,0.0,0.0,0.0,0.0,0.0,0.0,0.0,0.0,0.0,0.0,0.0,0.0,0.0,0.0,0.0,1.0,0.0,0.0,0.0,0.0,0.0,0.0,0.0,0.0
1206,1996-08-14,SZSE:002091,0.0,0.0,0.0,0.0,0.0,0.0,0.0,0.0,0.0,0.0,0.0,0.0,0.0,0.0,0.0,0.0,0.0,0.0,0.0,0.0,0.0,0.0,0.0,0.0,0.0,0.0,0.0,0.0,1.0,0.0,0.0,0.0,0.0,0.0,0.0,0.0,0.0
1207,1996-08-15,SZSE:002091,0.0,0.0,0.0,0.0,0.0,0.0,0.0,0.0,0.0,0.0,0.0,0.0,0.0,0.0,0.0,0.0,0.0,0.0,0.0,0.0,0.0,0.0,0.0,0.0,0.0,0.0,0.0,0.0,1.0,0.0,0.0,0.0,0.0,0.0,0.0,0.0,0.0
1208,1996-08-16,SZSE:002091,0.0,0.0,0.0,0.0,0.0,0.0,0.0,0.0,0.0,0.0,0.0,0.0,0.0,0.0,0.0,0.0,0.0,0.0,0.0,0.0,0.0,0.0,0.0,0.0,0.0,0.0,0.0,0.0,1.0,0.0,0.0,0.0,0.0,0.0,0.0,0.0,0.0
1209,1996-08-19,SZSE:002091,0.0,0.0,0.0,0.0,0.0,0.0,0.0,0.0,0.0,0.0,0.0,0.0,0.0,0.0,0.0,0.0,0.0,0.0,0.0,0.0,0.0,0.0,0.0,0.0,0.0,0.0,0.0,0.0,1.0,0.0,0.0,0.0,0.0,0.0,0.0,0.0,0.0
1210,1996-08-20,SZSE:002091,0.0,0.0,0.0,0.0,0.0,0.0,0.0,0.0,0.0,0.0,0.0,0.0,0.0,0.0,0.0,0.0,0.0,0.0,0.0,0.0,0.0,0.0,0.0,0.0,0.0,0.0,0.0,0.0,1.0,0.0,0.0,0.0,0.0,0.0,0.0,0.0,0.0
1211,1996-08-21,SZSE:002091,0.0,0.0,0.0,0.0,0.0,0.0,0.0,0.0,0.0,0.0,0.0,0.0,0.0,0.0,0.0,0.0,0.0,0.0,0.0,0.0,0.0,0.0,0.0,0.0,0.0,0.0,0.0,0.0,1.0,0.0,0.0,0.0,0.0,0.0,0.0,0.0,0.0
1212,1996-08-22,SZSE:002091,0.0,0.0,0.0,0.0,0.0,0.0,0.0,0.0,0.0,0.0,0.0,0.0,0.0,0.0,0.0,0.0,0.0,0.0,0.0,0.0,0.0,0.0,0.0,0.0,0.0,0.0,0.0,0.0,1.0,0.0,0.0,0.0,0.0,0.0,0.0,0.0,0.0
1213,1996-08-23,SZSE:002091,0.0,0.0,0.0,0.0,0.0,0.0,0.0,0.0,0.0,0.0,0.0,0.0,0.0,0.0,0.0,0.0,0.0,0.0,0.0,0.0,0.0,0.0,0.0,0.0,0.0,0.0,0.0,0.0,1.0,0.0,0.0,0.0,0.0,0.0,0.0,0.0,0.0
1214,1996-08-26,SZSE:002091,0.0,0.0,0.0,0.0,0.0,0.0,0.0,0.0,0.0,0.0,0.0,0.0,0.0,0.0,0.0,0.0,0.0,0.0,0.0,0.0,0.0,0.0,0.0,0.0,0.0,0.0,0.0,0.0,1.0,0.0,0.0,0.0,0.0,0.0,0.0,0.0,0.0
1215,1996-08-27,SZSE:002091,0.0,0.0,0.0,0.0,0.0,0.0,0.0,0.0,0.0,0.0,0.0,0.0,0.0,0.0,0.0,0.0,0.0,0.0,0.0,0.0,0.0,0.0,0.0,0.0,0.0,0.0,0.0,0.0,1.0,0.0,0.0,0.0,0.0,0.0,0.0,0.0,0.0
1216,1996-08-28,SZSE:002091,0.0,0.0,0.0,0.0,0.0,0.0,0.0,0.0,0.0,0.0,0.0,0.0,0.0,0.0,0.0,0.0,0.0,0.0,0.0,0.0,0.0,0.0,0.0,0.0,0.0,0.0,0.0,0.0,1.0,0.0,0.0,0.0,0.0,0.0,0.0,0.0,0.0
1217,1996-08-29,SZSE:002091,0.0,0.0,0.0,0.0,0.0,0.0,0.0,0.0,0.0,0.0,0.0,0.0,0.0,0.0,0.0,0.0,0.0,0.0,0.0,0.0,0.0,0.0,0.0,0.0,0.0,0.0,0.0,0.0,1.0,0.0,0.0,0.0,0.0,0.0,0.0,0.0,0.0
1218,1996-08-30,SZSE:002091,0.0,0.0,0.0,0.0,0.0,0.0,0.0,0.0,0.0,0.0,0.0,0.0,0.0,0.0,0.0,0.0,0.0,0.0,0.0,0.0,0.0,0.0,0.0,0.0,0.0,0.0,0.0,0.0,1.0,0.0,0.0,0.0,0.0,0.0,0.0,0.0,0.0
1219,1996-09-02,SZSE:002091,0.0,0.0,0.0,0.0,0.0,0.0,0.0,0.0,0.0,0.0,0.0,0.0,0.0,0.0,0.0,0.0,0.0,0.0,0.0,0.0,0.0,0.0,0.0,0.0,0.0,0.0,0.0,0.0,1.0,0.0,0.0,0.0,0.0,0.0,0.0,0.0,0.0
1220,1996-09-03,SZSE:002091,0.0,0.0,0.0,0.0,0.0,0.0,0.0,0.0,0.0,0.0,0.0,0.0,0.0,0.0,0.0,0.0,0.0,0.0,0.0,0.0,0.0,0.0,0.0,0.0,0.0,0.0,0.0,0.0,1.0,0.0,0.0,0.0,0.0,0.0,0.0,0.0,0.0
1221,1996-09-04,SZSE:002091,0.0,0.0,0.0,0.0,0.0,0.0,0.0,0.0,0.0,0.0,0.0,0.0,0.0,0.0,0.0,0.0,0.0,0.0,0.0,0.0,0.0,0.0,0.0,0.0,0.0,0.0,0.0,0.0,1.0,0.0,0.0,0.0,0.0,0.0,0.0,0.0,0.0
1222,1996-09-05,SZSE:002091,0.0,0.0,0.0,0.0,0.0,0.0,0.0,0.0,0.0,0.0,0.0,0.0,0.0,0.0,0.0,0.0,0.0,0.0,0.0,0.0,0.0,0.0,0.0,0.0,0.0,0.0,0.0,0.0,1.0,0.0,0.0,0.0,0.0,0.0,0.0,0.0,0.0
1223,1996-09-06,SZSE:002091,0.0,0.0,0.0,0.0,0.0,0.0,0.0,0.0,0.0,0.0,0.0,0.0,0.0,0.0,0.0,0.0,0.0,0.0,0.0,0.0,0.0,0.0,0.0,0.0,0.0,0.0,0.0,0.0,1.0,0.0,0.0,0.0,0.0,0.0,0.0,0.0,0.0
1224,1996-09-09,SZSE:002091,0.0,0.0,0.0,0.0,0.0,0.0,0.0,0.0,0.0,0.0,0.0,0.0,0.0,0.0,0.0,0.0,0.0,0.0,0.0,0.0,0.0,0.0,0.0,0.0,0.0,0.0,0.0,0.0,1.0,0.0,0.0,0.0,0.0,0.0,0.0,0.0,0.0
1225,1996-09-10,SZSE:002091,0.0,0.0,0.0,0.0,0.0,0.0,0.0,0.0,0.0,0.0,0.0,0.0,0.0,0.0,0.0,0.0,0.0,0.0,0.0,0.0,0.0,0.0,0.0,0.0,0.0,0.0,0.0,0.0,1.0,0.0,0.0,0.0,0.0,0.0,0.0,0.0,0.0
1226,1996-09-11,SZSE:002091,0.0,0.0,0.0,0.0,0.0,0.0,0.0,0.0,0.0,0.0,0.0,0.0,0.0,0.0,0.0,0.0,0.0,0.0,0.0,0.0,0.0,0.0,0.0,0.0,0.0,0.0,0.0,0.0,1.0,0.0,0.0,0.0,0.0,0.0,0.0,0.0,0.0
1227,1996-09-12,SZSE:002091,0.0,0.0,0.0,0.0,0.0,0.0,0.0,0.0,0.0,0.0,0.0,0.0,0.0,0.0,0.0,0.0,0.0,0.0,0.0,0.0,0.0,0.0,0.0,0.0,0.0,0.0,0.0,0.0,1.0,0.0,0.0,0.0,0.0,0.0,0.0,0.0,0.0
1228,1996-09-13,SZSE:002091,0.0,0.0,0.0,0.0,0.0,0.0,0.0,0.0,0.0,0.0,0.0,0.0,0.0,0.0,0.0,0.0,0.0,0.0,0.0,0.0,0.0,0.0,0.0,0.0,0.0,0.0,0.0,0.0,1.0,0.0,0.0,0.0,0.0,0.0,0.0,0.0,0.0
1229,1996-09-16,SZSE:002091,0.0,0.0,0.0,0.0,0.0,0.0,0.0,0.0,0.0,0.0,0.0,0.0,0.0,0.0,0.0,0.0,0.0,0.0,0.0,0.0,0.0,0.0,0.0,0.0,0.0,0.0,0.0,0.0,1.0,0.0,0.0,0.0,0.0,0.0,0.0,0.0,0.0
1230,1996-09-17,SZSE:002091,0.0,0.0,0.0,0.0,0.0,0.0,0.0,0.0,0.0,0.0,0.0,0.0,0.0,0.0,0.0,0.0,0.0,0.0,0.0,0.0,0.0,0.0,0.0,0.0,0.0,0.0,0.0,0.0,1.0,0.0,0.0,0.0,0.0,0.0,0.0,0.0,0.0
1231,1996-09-18,SZSE:002091,0.0,0.0,0.0,0.0,0.0,0.0,0.0,0.0,0.0,0.0,0.0,0.0,0.0,0.0,0.0,0.0,0.0,0.0,0.0,0.0,0.0,0.0,0.0,0.0,0.0,0.0,0.0,0.0,1.0,0.0,0.0,0.0,0.0,0.0,0.0,0.0,0.0
1232,1996-09-19,SZSE:002091,0.0,0.0,0.0,0.0,0.0,0.0,0.0,0.0,0.0,0.0,0.0,0.0,0.0,0.0,0.0,0.0,0.0,0.0,0.0,0.0,0.0,0.0,0.0,0.0,0.0,0.0,0.0,0.0,1.0,0.0,0.0,0.0,0.0,0.0,0.0,0.0,0.0
1233,1996-09-20,SZSE:002091,0.0,0.0,0.0,0.0,0.0,0.0,0.0,0.0,0.0,0.0,0.0,0.0,0.0,0.0,0.0,0.0,0.0,0.0,0.0,0.0,0.0,0.0,0.0,0.0,0.0,0.0,0.0,0.0,1.0,0.0,0.0,0.0,0.0,0.0,0.0,0.0,0.0
1234,1996-09-23,SZSE:002091,0.0,0.0,0.0,0.0,0.0,0.0,0.0,0.0,0.0,0.0,0.0,0.0,0.0,0.0,0.0,0.0,0.0,0.0,0.0,0.0,0.0,0.0,0.0,0.0,0.0,0.0,0.0,0.0,1.0,0.0,0.0,0.0,0.0,0.0,0.0,0.0,0.0
1235,1996-09-24,SZSE:002091,0.0,0.0,0.0,0.0,0.0,0.0,0.0,0.0,0.0,0.0,0.0,0.0,0.0,0.0,0.0,0.0,0.0,0.0,0.0,0.0,0.0,0.0,0.0,0.0,0.0,0.0,0.0,0.0,1.0,0.0,0.0,0.0,0.0,0.0,0.0,0.0,0.0
1236,1996-09-25,SZSE:002091,0.0,0.0,0.0,0.0,0.0,0.0,0.0,0.0,0.0,0.0,0.0,0.0,0.0,0.0,0.0,0.0,0.0,0.0,0.0,0.0,0.0,0.0,0.0,0.0,0.0,0.0,0.0,0.0,1.0,0.0,0.0,0.0,0.0,0.0,0.0,0.0,0.0
1237,1996-09-26,SZSE:002091,0.0,0.0,0.0,0.0,0.0,0.0,0.0,0.0,0.0,0.0,0.0,0.0,0.0,0.0,0.0,0.0,0.0,0.0,0.0,0.0,0.0,0.0,0.0,0.0,0.0,0.0,0.0,0.0,1.0,0.0,0.0,0.0,0.0,0.0,0.0,0.0,0.0
1238,1996-09-27,SZSE:002091,0.0,0.0,0.0,0.0,0.0,0.0,0.0,0.0,0.0,0.0,0.0,0.0,0.0,0.0,0.0,0.0,0.0,0.0,0.0,0.0,0.0,0.0,0.0,0.0,0.0,0.0,0.0,0.0,1.0,0.0,0.0,0.0,0.0,0.0,0.0,0.0,0.0
1239,1996-09-30,SZSE:002091,0.0,0.0,0.0,0.0,0.0,0.0,0.0,0.0,0.0,0.0,0.0,0.0,0.0,0.0,0.0,0.0,0.0,0.0,0.0,0.0,0.0,0.0,0.0,0.0,0.0,0.0,0.0,0.0,1.0,0.0,0.0,0.0,0.0,0.0,0.0,0.0,0.0
1240,1996-10-01,SZSE:002091,0.0,0.0,0.0,0.0,0.0,0.0,0.0,0.0,0.0,0.0,0.0,0.0,0.0,0.0,0.0,0.0,0.0,0.0,0.0,0.0,0.0,0.0,0.0,0.0,0.0,0.0,0.0,0.0,1.0,0.0,0.0,0.0,0.0,0.0,0.0,0.0,0.0
1241,1996-10-02,SZSE:002091,0.0,0.0,0.0,0.0,0.0,0.0,0.0,0.0,0.0,0.0,0.0,0.0,0.0,0.0,0.0,0.0,0.0,0.0,0.0,0.0,0.0,0.0,0.0,0.0,0.0,0.0,0.0,0.0,1.0,0.0,0.0,0.0,0.0,0.0,0.0,0.0,0.0
1242,1996-10-03,SZSE:002091,0.0,0.0,0.0,0.0,0.0,0.0,0.0,0.0,0.0,0.0,0.0,0.0,0.0,0.0,0.0,0.0,0.0,0.0,0.0,0.0,0.0,0.0,0.0,0.0,0.0,0.0,0.0,0.0,1.0,0.0,0.0,0.0,0.0,0.0,0.0,0.0,0.0
1243,1996-10-04,SZSE:002091,0.0,0.0,0.0,0.0,0.0,0.0,0.0,0.0,0.0,0.0,0.0,0.0,0.0,0.0,0.0,0.0,0.0,0.0,0.0,0.0,0.0,0.0,0.0,0.0,0.0,0.0,0.0,0.0,1.0,0.0,0.0,0.0,0.0,0.0,0.0,0.0,0.0
1244,1996-10-07,SZSE:002091,0.0,0.0,0.0,0.0,0.0,0.0,0.0,0.0,0.0,0.0,0.0,0.0,0.0,0.0,0.0,0.0,0.0,0.0,0.0,0.0,0.0,0.0,0.0,0.0,0.0,0.0,0.0,0.0,1.0,0.0,0.0,0.0,0.0,0.0,0.0,0.0,0.0
1245,1996-10-08,SZSE:002091,0.0,0.0,0.0,0.0,0.0,0.0,0.0,0.0,0.0,0.0,0.0,0.0,0.0,0.0,0.0,0.0,0.0,0.0,0.0,0.0,0.0,0.0,0.0,0.0,0.0,0.0,0.0,0.0,1.0,0.0,0.0,0.0,0.0,0.0,0.0,0.0,0.0
1246,1996-10-09,SZSE:002091,0.0,0.0,0.0,0.0,0.0,0.0,0.0,0.0,0.0,0.0,0.0,0.0,0.0,0.0,0.0,0.0,0.0,0.0,0.0,0.0,0.0,0.0,0.0,0.0,0.0,0.0,0.0,0.0,1.0,0.0,0.0,0.0,0.0,0.0,0.0,0.0,0.0
1247,1996-10-10,SZSE:002091,0.0,0.0,0.0,0.0,0.0,0.0,0.0,0.0,0.0,0.0,0.0,0.0,0.0,0.0,0.0,0.0,0.0,0.0,0.0,0.0,0.0,0.0,0.0,0.0,0.0,0.0,0.0,0.0,1.0,0.0,0.0,0.0,0.0,0.0,0.0,0.0,0.0
1248,1996-10-11,SZSE:002091,0.0,0.0,0.0,0.0,0.0,0.0,0.0,0.0,0.0,0.0,0.0,0.0,0.0,0.0,0.0,0.0,0.0,0.0,0.0,0.0,0.0,0.0,0.0,0.0,0.0,0.0,0.0,0.0,1.0,0.0,0.0,0.0,0.0,0.0,0.0,0.0,0.0
1249,1996-10-14,SZSE:002091,0.0,0.0,0.0,0.0,0.0,0.0,0.0,0.0,0.0,0.0,0.0,0.0,0.0,0.0,0.0,0.0,0.0,0.0,0.0,0.0,0.0,0.0,0.0,0.0,0.0,0.0,0.0,0.0,1.0,0.0,0.0,0.0,0.0,0.0,0.0,0.0,0.0
1250,1996-10-15,SZSE:002091,0.0,0.0,0.0,0.0,0.0,0.0,0.0,0.0,0.0,0.0,0.0,0.0,0.0,0.0,0.0,0.0,0.0,0.0,0.0,0.0,0.0,0.0,0.0,0.0,0.0,0.0,0.0,0.0,1.0,0.0,0.0,0.0,0.0,0.0,0.0,0.0,0.0
1251,1996-10-16,SZSE:002091,0.0,0.0,0.0,0.0,0.0,0.0,0.0,0.0,0.0,0.0,0.0,0.0,0.0,0.0,0.0,0.0,0.0,0.0,0.0,0.0,0.0,0.0,0.0,0.0,0.0,0.0,0.0,0.0,1.0,0.0,0.0,0.0,0.0,0.0,0.0,0.0,0.0
1252,1996-10-17,SZSE:002091,0.0,0.0,0.0,0.0,0.0,0.0,0.0,0.0,0.0,0.0,0.0,0.0,0.0,0.0,0.0,0.0,0.0,0.0,0.0,0.0,0.0,0.0,0.0,0.0,0.0,0.0,0.0,0.0,1.0,0.0,0.0,0.0,0.0,0.0,0.0,0.0,0.0
1253,1996-10-18,SZSE:002091,0.0,0.0,0.0,0.0,0.0,0.0,0.0,0.0,0.0,0.0,0.0,0.0,0.0,0.0,0.0,0.0,0.0,0.0,0.0,0.0,0.0,0.0,0.0,0.0,0.0,0.0,0.0,0.0,1.0,0.0,0.0,0.0,0.0,0.0,0.0,0.0,0.0
1254,1996-10-21,SZSE:002091,0.0,0.0,0.0,0.0,0.0,0.0,0.0,0.0,0.0,0.0,0.0,0.0,0.0,0.0,0.0,0.0,0.0,0.0,0.0,0.0,0.0,0.0,0.0,0.0,0.0,0.0,0.0,0.0,1.0,0.0,0.0,0.0,0.0,0.0,0.0,0.0,0.0
1255,1996-10-22,SZSE:002091,0.0,0.0,0.0,0.0,0.0,0.0,0.0,0.0,0.0,0.0,0.0,0.0,0.0,0.0,0.0,0.0,0.0,0.0,0.0,0.0,0.0,0.0,0.0,0.0,0.0,0.0,0.0,0.0,1.0,0.0,0.0,0.0,0.0,0.0,0.0,0.0,0.0
1256,1996-10-23,SZSE:002091,0.0,0.0,0.0,0.0,0.0,0.0,0.0,0.0,0.0,0.0,0.0,0.0,0.0,0.0,0.0,0.0,0.0,0.0,0.0,0.0,0.0,0.0,0.0,0.0,0.0,0.0,0.0,0.0,1.0,0.0,0.0,0.0,0.0,0.0,0.0,0.0,0.0
1257,1996-10-24,SZSE:002091,0.0,0.0,0.0,0.0,0.0,0.0,0.0,0.0,0.0,0.0,0.0,0.0,0.0,0.0,0.0,0.0,0.0,0.0,0.0,0.0,0.0,0.0,0.0,0.0,0.0,0.0,0.0,0.0,1.0,0.0,0.0,0.0,0.0,0.0,0.0,0.0,0.0
1258,1996-10-25,SZSE:002091,0.0,0.0,0.0,0.0,0.0,0.0,0.0,0.0,0.0,0.0,0.0,0.0,0.0,0.0,0.0,0.0,0.0,0.0,0.0,0.0,0.0,0.0,0.0,0.0,0.0,0.0,0.0,0.0,1.0,0.0,0.0,0.0,0.0,0.0,0.0,0.0,0.0
1259,1996-10-28,SZSE:002091,0.0,0.0,0.0,0.0,0.0,0.0,0.0,0.0,0.0,0.0,0.0,0.0,0.0,0.0,0.0,0.0,0.0,0.0,0.0,0.0,0.0,0.0,0.0,0.0,0.0,0.0,0.0,0.0,1.0,0.0,0.0,0.0,0.0,0.0,0.0,0.0,0.0
1260,1996-10-29,SZSE:002091,0.0,0.0,0.0,0.0,0.0,0.0,0.0,0.0,0.0,0.0,0.0,0.0,0.0,0.0,0.0,0.0,0.0,0.0,0.0,0.0,0.0,0.0,0.0,0.0,0.0,0.0,0.0,0.0,1.0,0.0,0.0,0.0,0.0,0.0,0.0,0.0,0.0
1261,1996-10-30,SZSE:002091,0.0,0.0,0.0,0.0,0.0,0.0,0.0,0.0,0.0,0.0,0.0,0.0,0.0,0.0,0.0,0.0,0.0,0.0,0.0,0.0,0.0,0.0,0.0,0.0,0.0,0.0,0.0,0.0,1.0,0.0,0.0,0.0,0.0,0.0,0.0,0.0,0.0
1262,1996-10-31,SZSE:002091,0.0,0.0,0.0,0.0,0.0,0.0,0.0,0.0,0.0,0.0,0.0,0.0,0.0,0.0,0.0,0.0,0.0,0.0,0.0,0.0,0.0,0.0,0.0,0.0,0.0,0.0,0.0,0.0,1.0,0.0,0.0,0.0,0.0,0.0,0.0,0.0,0.0
1263,1996-11-01,SZSE:002091,0.0,0.0,0.0,0.0,0.0,0.0,0.0,0.0,0.0,0.0,0.0,0.0,0.0,0.0,0.0,0.0,0.0,0.0,0.0,0.0,0.0,0.0,0.0,0.0,0.0,0.0,0.0,0.0,1.0,0.0,0.0,0.0,0.0,0.0,0.0,0.0,0.0
1264,1996-11-04,SZSE:002091,0.0,0.0,0.0,0.0,0.0,0.0,0.0,0.0,0.0,0.0,0.0,0.0,0.0,0.0,0.0,0.0,0.0,0.0,0.0,0.0,0.0,0.0,0.0,0.0,0.0,0.0,0.0,0.0,1.0,0.0,0.0,0.0,0.0,0.0,0.0,0.0,0.0
1265,1996-11-05,SZSE:002091,0.0,0.0,0.0,0.0,0.0,0.0,0.0,0.0,0.0,0.0,0.0,0.0,0.0,0.0,0.0,0.0,0.0,0.0,0.0,0.0,0.0,0.0,0.0,0.0,0.0,0.0,0.0,0.0,1.0,0.0,0.0,0.0,0.0,0.0,0.0,0.0,0.0
1266,1996-11-06,SZSE:002091,0.0,0.0,0.0,0.0,0.0,0.0,0.0,0.0,0.0,0.0,0.0,0.0,0.0,0.0,0.0,0.0,0.0,0.0,0.0,0.0,0.0,0.0,0.0,0.0,0.0,0.0,0.0,0.0,1.0,0.0,0.0,0.0,0.0,0.0,0.0,0.0,0.0
1267,1996-11-07,SZSE:002091,0.0,0.0,0.0,0.0,0.0,0.0,0.0,0.0,0.0,0.0,0.0,0.0,0.0,0.0,0.0,0.0,0.0,0.0,0.0,0.0,0.0,0.0,0.0,0.0,0.0,0.0,0.0,0.0,1.0,0.0,0.0,0.0,0.0,0.0,0.0,0.0,0.0
1268,1996-11-08,SZSE:002091,0.0,0.0,0.0,0.0,0.0,0.0,0.0,0.0,0.0,0.0,0.0,0.0,0.0,0.0,0.0,0.0,0.0,0.0,0.0,0.0,0.0,0.0,0.0,0.0,0.0,0.0,0.0,0.0,1.0,0.0,0.0,0.0,0.0,0.0,0.0,0.0,0.0
1269,1996-11-11,SZSE:002091,0.0,0.0,0.0,0.0,0.0,0.0,0.0,0.0,0.0,0.0,0.0,0.0,0.0,0.0,0.0,0.0,0.0,0.0,0.0,0.0,0.0,0.0,0.0,0.0,0.0,0.0,0.0,0.0,1.0,0.0,0.0,0.0,0.0,0.0,0.0,0.0,0.0
1270,1996-11-12,SZSE:002091,0.0,0.0,0.0,0.0,0.0,0.0,0.0,0.0,0.0,0.0,0.0,0.0,0.0,0.0,0.0,0.0,0.0,0.0,0.0,0.0,0.0,0.0,0.0,0.0,0.0,0.0,0.0,0.0,1.0,0.0,0.0,0.0,0.0,0.0,0.0,0.0,0.0
1271,1996-11-13,SZSE:002091,0.0,0.0,0.0,0.0,0.0,0.0,0.0,0.0,0.0,0.0,0.0,0.0,0.0,0.0,0.0,0.0,0.0,0.0,0.0,0.0,0.0,0.0,0.0,0.0,0.0,0.0,0.0,0.0,1.0,0.0,0.0,0.0,0.0,0.0,0.0,0.0,0.0
1272,1996-11-14,SZSE:002091,0.0,0.0,0.0,0.0,0.0,0.0,0.0,0.0,0.0,0.0,0.0,0.0,0.0,0.0,0.0,0.0,0.0,0.0,0.0,0.0,0.0,0.0,0.0,0.0,0.0,0.0,0.0,0.0,1.0,0.0,0.0,0.0,0.0,0.0,0.0,0.0,0.0
1273,1996-11-15,SZSE:002091,0.0,0.0,0.0,0.0,0.0,0.0,0.0,0.0,0.0,0.0,0.0,0.0,0.0,0.0,0.0,0.0,0.0,0.0,0.0,0.0,0.0,0.0,0.0,0.0,0.0,0.0,0.0,0.0,1.0,0.0,0.0,0.0,0.0,0.0,0.0,0.0,0.0
1274,1996-11-18,SZSE:002091,0.0,0.0,0.0,0.0,0.0,0.0,0.0,0.0,0.0,0.0,0.0,0.0,0.0,0.0,0.0,0.0,0.0,0.0,0.0,0.0,0.0,0.0,0.0,0.0,0.0,0.0,0.0,0.0,1.0,0.0,0.0,0.0,0.0,0.0,0.0,0.0,0.0
1275,1996-11-19,SZSE:002091,0.0,0.0,0.0,0.0,0.0,0.0,0.0,0.0,0.0,0.0,0.0,0.0,0.0,0.0,0.0,0.0,0.0,0.0,0.0,0.0,0.0,0.0,0.0,0.0,0.0,0.0,0.0,0.0,1.0,0.0,0.0,0.0,0.0,0.0,0.0,0.0,0.0
1276,1996-11-20,SZSE:002091,0.0,0.0,0.0,0.0,0.0,0.0,0.0,0.0,0.0,0.0,0.0,0.0,0.0,0.0,0.0,0.0,0.0,0.0,0.0,0.0,0.0,0.0,0.0,0.0,0.0,0.0,0.0,0.0,1.0,0.0,0.0,0.0,0.0,0.0,0.0,0.0,0.0
1277,1996-11-21,SZSE:002091,0.0,0.0,0.0,0.0,0.0,0.0,0.0,0.0,0.0,0.0,0.0,0.0,0.0,0.0,0.0,0.0,0.0,0.0,0.0,0.0,0.0,0.0,0.0,0.0,0.0,0.0,0.0,0.0,1.0,0.0,0.0,0.0,0.0,0.0,0.0,0.0,0.0
1278,1996-11-22,SZSE:002091,0.0,0.0,0.0,0.0,0.0,0.0,0.0,0.0,0.0,0.0,0.0,0.0,0.0,0.0,0.0,0.0,0.0,0.0,0.0,0.0,0.0,0.0,0.0,0.0,0.0,0.0,0.0,0.0,1.0,0.0,0.0,0.0,0.0,0.0,0.0,0.0,0.0
1279,1996-11-25,SZSE:002091,0.0,0.0,0.0,0.0,0.0,0.0,0.0,0.0,0.0,0.0,0.0,0.0,0.0,0.0,0.0,0.0,0.0,0.0,0.0,0.0,0.0,0.0,0.0,0.0,0.0,0.0,0.0,0.0,1.0,0.0,0.0,0.0,0.0,0.0,0.0,0.0,0.0
1280,1996-11-26,SZSE:002091,0.0,0.0,0.0,0.0,0.0,0.0,0.0,0.0,0.0,0.0,0.0,0.0,0.0,0.0,0.0,0.0,0.0,0.0,0.0,0.0,0.0,0.0,0.0,0.0,0.0,0.0,0.0,0.0,1.0,0.0,0.0,0.0,0.0,0.0,0.0,0.0,0.0
1281,1996-11-27,SZSE:002091,0.0,0.0,0.0,0.0,0.0,0.0,0.0,0.0,0.0,0.0,0.0,0.0,0.0,0.0,0.0,0.0,0.0,0.0,0.0,0.0,0.0,0.0,0.0,0.0,0.0,0.0,0.0,0.0,1.0,0.0,0.0,0.0,0.0,0.0,0.0,0.0,0.0
1282,1996-11-28,SZSE:002091,0.0,0.0,0.0,0.0,0.0,0.0,0.0,0.0,0.0,0.0,0.0,0.0,0.0,0.0,0.0,0.0,0.0,0.0,0.0,0.0,0.0,0.0,0.0,0.0,0.0,0.0,0.0,0.0,1.0,0.0,0.0,0.0,0.0,0.0,0.0,0.0,0.0
1283,1996-11-29,SZSE:002091,0.0,0.0,0.0,0.0,0.0,0.0,0.0,0.0,0.0,0.0,0.0,0.0,0.0,0.0,0.0,0.0,0.0,0.0,0.0,0.0,0.0,0.0,0.0,0.0,0.0,0.0,0.0,0.0,1.0,0.0,0.0,0.0,0.0,0.0,0.0,0.0,0.0
1284,1996-12-02,SZSE:002091,0.0,0.0,0.0,0.0,0.0,0.0,0.0,0.0,0.0,0.0,0.0,0.0,0.0,0.0,0.0,0.0,0.0,0.0,0.0,0.0,0.0,0.0,0.0,0.0,0.0,0.0,0.0,0.0,1.0,0.0,0.0,0.0,0.0,0.0,0.0,0.0,0.0
1285,1996-12-03,SZSE:002091,0.0,0.0,0.0,0.0,0.0,0.0,0.0,0.0,0.0,0.0,0.0,0.0,0.0,0.0,0.0,0.0,0.0,0.0,0.0,0.0,0.0,0.0,0.0,0.0,0.0,0.0,0.0,0.0,1.0,0.0,0.0,0.0,0.0,0.0,0.0,0.0,0.0
1286,1996-12-04,SZSE:002091,0.0,0.0,0.0,0.0,0.0,0.0,0.0,0.0,0.0,0.0,0.0,0.0,0.0,0.0,0.0,0.0,0.0,0.0,0.0,0.0,0.0,0.0,0.0,0.0,0.0,0.0,0.0,0.0,1.0,0.0,0.0,0.0,0.0,0.0,0.0,0.0,0.0
1287,1996-12-05,SZSE:002091,0.0,0.0,0.0,0.0,0.0,0.0,0.0,0.0,0.0,0.0,0.0,0.0,0.0,0.0,0.0,0.0,0.0,0.0,0.0,0.0,0.0,0.0,0.0,0.0,0.0,0.0,0.0,0.0,1.0,0.0,0.0,0.0,0.0,0.0,0.0,0.0,0.0
1288,1996-12-06,SZSE:002091,0.0,0.0,0.0,0.0,0.0,0.0,0.0,0.0,0.0,0.0,0.0,0.0,0.0,0.0,0.0,0.0,0.0,0.0,0.0,0.0,0.0,0.0,0.0,0.0,0.0,0.0,0.0,0.0,1.0,0.0,0.0,0.0,0.0,0.0,0.0,0.0,0.0
1289,1996-12-09,SZSE:002091,0.0,0.0,0.0,0.0,0.0,0.0,0.0,0.0,0.0,0.0,0.0,0.0,0.0,0.0,0.0,0.0,0.0,0.0,0.0,0.0,0.0,0.0,0.0,0.0,0.0,0.0,0.0,0.0,1.0,0.0,0.0,0.0,0.0,0.0,0.0,0.0,0.0
1290,1996-12-10,SZSE:002091,0.0,0.0,0.0,0.0,0.0,0.0,0.0,0.0,0.0,0.0,0.0,0.0,0.0,0.0,0.0,0.0,0.0,0.0,0.0,0.0,0.0,0.0,0.0,0.0,0.0,0.0,0.0,0.0,1.0,0.0,0.0,0.0,0.0,0.0,0.0,0.0,0.0
1291,1996-12-11,SZSE:002091,0.0,0.0,0.0,0.0,0.0,0.0,0.0,0.0,0.0,0.0,0.0,0.0,0.0,0.0,0.0,0.0,0.0,0.0,0.0,0.0,0.0,0.0,0.0,0.0,0.0,0.0,0.0,0.0,1.0,0.0,0.0,0.0,0.0,0.0,0.0,0.0,0.0
1292,1996-12-12,SZSE:002091,0.0,0.0,0.0,0.0,0.0,0.0,0.0,0.0,0.0,0.0,0.0,0.0,0.0,0.0,0.0,0.0,0.0,0.0,0.0,0.0,0.0,0.0,0.0,0.0,0.0,0.0,0.0,0.0,1.0,0.0,0.0,0.0,0.0,0.0,0.0,0.0,0.0
1293,1996-12-13,SZSE:002091,0.0,0.0,0.0,0.0,0.0,0.0,0.0,0.0,0.0,0.0,0.0,0.0,0.0,0.0,0.0,0.0,0.0,0.0,0.0,0.0,0.0,0.0,0.0,0.0,0.0,0.0,0.0,0.0,1.0,0.0,0.0,0.0,0.0,0.0,0.0,0.0,0.0
1294,1996-12-16,SZSE:002091,0.0,0.0,0.0,0.0,0.0,0.0,0.0,0.0,0.0,0.0,0.0,0.0,0.0,0.0,0.0,0.0,0.0,0.0,0.0,0.0,0.0,0.0,0.0,0.0,0.0,0.0,0.0,0.0,1.0,0.0,0.0,0.0,0.0,0.0,0.0,0.0,0.0
1295,1996-12-17,SZSE:002091,0.0,0.0,0.0,0.0,0.0,0.0,0.0,0.0,0.0,0.0,0.0,0.0,0.0,0.0,0.0,0.0,0.0,0.0,0.0,0.0,0.0,0.0,0.0,0.0,0.0,0.0,0.0,0.0,1.0,0.0,0.0,0.0,0.0,0.0,0.0,0.0,0.0
1296,1996-12-18,SZSE:002091,0.0,0.0,0.0,0.0,0.0,0.0,0.0,0.0,0.0,0.0,0.0,0.0,0.0,0.0,0.0,0.0,0.0,0.0,0.0,0.0,0.0,0.0,0.0,0.0,0.0,0.0,0.0,0.0,1.0,0.0,0.0,0.0,0.0,0.0,0.0,0.0,0.0
1297,1996-12-19,SZSE:002091,0.0,0.0,0.0,0.0,0.0,0.0,0.0,0.0,0.0,0.0,0.0,0.0,0.0,0.0,0.0,0.0,0.0,0.0,0.0,0.0,0.0,0.0,0.0,0.0,0.0,0.0,0.0,0.0,1.0,0.0,0.0,0.0,0.0,0.0,0.0,0.0,0.0
1298,1996-12-20,SZSE:002091,0.0,0.0,0.0,0.0,0.0,0.0,0.0,0.0,0.0,0.0,0.0,0.0,0.0,0.0,0.0,0.0,0.0,0.0,0.0,0.0,0.0,0.0,0.0,0.0,0.0,0.0,0.0,0.0,1.0,0.0,0.0,0.0,0.0,0.0,0.0,0.0,0.0
1299,1996-12-23,SZSE:002091,0.0,0.0,0.0,0.0,0.0,0.0,0.0,0.0,0.0,0.0,0.0,0.0,0.0,0.0,0.0,0.0,0.0,0.0,0.0,0.0,0.0,0.0,0.0,0.0,0.0,0.0,0.0,0.0,1.0,0.0,0.0,0.0,0.0,0.0,0.0,0.0,0.0
1300,1996-12-24,SZSE:002091,0.0,0.0,0.0,0.0,0.0,0.0,0.0,0.0,0.0,0.0,0.0,0.0,0.0,0.0,0.0,0.0,0.0,0.0,0.0,0.0,0.0,0.0,0.0,0.0,0.0,0.0,0.0,0.0,1.0,0.0,0.0,0.0,0.0,0.0,0.0,0.0,0.0
1301,1996-12-25,SZSE:002091,0.0,0.0,0.0,0.0,0.0,0.0,0.0,0.0,0.0,0.0,0.0,0.0,0.0,0.0,0.0,0.0,0.0,0.0,0.0,0.0,0.0,0.0,0.0,0.0,0.0,0.0,0.0,0.0,1.0,0.0,0.0,0.0,0.0,0.0,0.0,0.0,0.0
1302,1996-12-26,SZSE:002091,0.0,0.0,0.0,0.0,0.0,0.0,0.0,0.0,0.0,0.0,0.0,0.0,0.0,0.0,0.0,0.0,0.0,0.0,0.0,0.0,0.0,0.0,0.0,0.0,0.0,0.0,0.0,0.0,1.0,0.0,0.0,0.0,0.0,0.0,0.0,0.0,0.0
1303,1996-12-27,SZSE:002091,0.0,0.0,0.0,0.0,0.0,0.0,0.0,0.0,0.0,0.0,0.0,0.0,0.0,0.0,0.0,0.0,0.0,0.0,0.0,0.0,0.0,0.0,0.0,0.0,0.0,0.0,0.0,0.0,1.0,0.0,0.0,0.0,0.0,0.0,0.0,0.0,0.0
1304,1996-12-30,SZSE:002091,0.0,0.0,0.0,0.0,0.0,0.0,0.0,0.0,0.0,0.0,0.0,0.0,0.0,0.0,0.0,0.0,0.0,0.0,0.0,0.0,0.0,0.0,0.0,0.0,0.0,0.0,0.0,0.0,1.0,0.0,0.0,0.0,0.0,0.0,0.0,0.0,0.0
1305,1996-12-31,SZSE:002091,0.0,0.0,0.0,0.0,0.0,0.0,0.0,0.0,0.0,0.0,0.0,0.0,0.0,0.0,0.0,0.0,0.0,0.0,0.0,0.0,0.0,0.0,0.0,0.0,0.0,0.0,0.0,0.0,1.0,0.0,0.0,0.0,0.0,0.0,0.0,0.0,0.0
1306,1997-01-01,SZSE:002091,0.0,0.0,0.0,0.0,0.0,0.0,0.0,0.0,0.0,0.0,0.0,0.0,0.0,0.0,0.0,0.0,0.0,0.0,0.0,0.0,0.0,0.0,0.0,0.0,0.0,0.0,0.0,0.0,1.0,0.0,0.0,0.0,0.0,0.0,0.0,0.0,0.0
1307,1997-01-02,SZSE:002091,0.0,0.0,0.0,0.0,0.0,0.0,0.0,0.0,0.0,0.0,0.0,0.0,0.0,0.0,0.0,0.0,0.0,0.0,0.0,0.0,0.0,0.0,0.0,0.0,0.0,0.0,0.0,0.0,1.0,0.0,0.0,0.0,0.0,0.0,0.0,0.0,0.0
1308,1997-01-03,SZSE:002091,0.0,0.0,0.0,0.0,0.0,0.0,0.0,0.0,0.0,0.0,0.0,0.0,0.0,0.0,0.0,0.0,0.0,0.0,0.0,0.0,0.0,0.0,0.0,0.0,0.0,0.0,0.0,0.0,1.0,0.0,0.0,0.0,0.0,0.0,0.0,0.0,0.0
1309,1997-01-06,SZSE:002091,0.0,0.0,0.0,0.0,0.0,0.0,0.0,0.0,0.0,0.0,0.0,0.0,0.0,0.0,0.0,0.0,0.0,0.0,0.0,0.0,0.0,0.0,0.0,0.0,0.0,0.0,0.0,0.0,1.0,0.0,0.0,0.0,0.0,0.0,0.0,0.0,0.0
1310,1997-01-07,SZSE:002091,0.0,0.0,0.0,0.0,0.0,0.0,0.0,0.0,0.0,0.0,0.0,0.0,0.0,0.0,0.0,0.0,0.0,0.0,0.0,0.0,0.0,0.0,0.0,0.0,0.0,0.0,0.0,0.0,1.0,0.0,0.0,0.0,0.0,0.0,0.0,0.0,0.0
1311,1997-01-08,SZSE:002091,0.0,0.0,0.0,0.0,0.0,0.0,0.0,0.0,0.0,0.0,0.0,0.0,0.0,0.0,0.0,0.0,0.0,0.0,0.0,0.0,0.0,0.0,0.0,0.0,0.0,0.0,0.0,0.0,1.0,0.0,0.0,0.0,0.0,0.0,0.0,0.0,0.0
1312,1997-01-09,SZSE:002091,0.0,0.0,0.0,0.0,0.0,0.0,0.0,0.0,0.0,0.0,0.0,0.0,0.0,0.0,0.0,0.0,0.0,0.0,0.0,0.0,0.0,0.0,0.0,0.0,0.0,0.0,0.0,0.0,1.0,0.0,0.0,0.0,0.0,0.0,0.0,0.0,0.0
1313,1997-01-10,SZSE:002091,0.0,0.0,0.0,0.0,0.0,0.0,0.0,0.0,0.0,0.0,0.0,0.0,0.0,0.0,0.0,0.0,0.0,0.0,0.0,0.0,0.0,0.0,0.0,0.0,0.0,0.0,0.0,0.0,1.0,0.0,0.0,0.0,0.0,0.0,0.0,0.0,0.0
1314,1997-01-13,SZSE:002091,0.0,0.0,0.0,0.0,0.0,0.0,0.0,0.0,0.0,0.0,0.0,0.0,0.0,0.0,0.0,0.0,0.0,0.0,0.0,0.0,0.0,0.0,0.0,0.0,0.0,0.0,0.0,0.0,1.0,0.0,0.0,0.0,0.0,0.0,0.0,0.0,0.0
1315,1997-01-14,SZSE:002091,0.0,0.0,0.0,0.0,0.0,0.0,0.0,0.0,0.0,0.0,0.0,0.0,0.0,0.0,0.0,0.0,0.0,0.0,0.0,0.0,0.0,0.0,0.0,0.0,0.0,0.0,0.0,0.0,1.0,0.0,0.0,0.0,0.0,0.0,0.0,0.0,0.0
1316,1997-01-15,SZSE:002091,0.0,0.0,0.0,0.0,0.0,0.0,0.0,0.0,0.0,0.0,0.0,0.0,0.0,0.0,0.0,0.0,0.0,0.0,0.0,0.0,0.0,0.0,0.0,0.0,0.0,0.0,0.0,0.0,1.0,0.0,0.0,0.0,0.0,0.0,0.0,0.0,0.0
1317,1997-01-16,SZSE:002091,0.0,0.0,0.0,0.0,0.0,0.0,0.0,0.0,0.0,0.0,0.0,0.0,0.0,0.0,0.0,0.0,0.0,0.0,0.0,0.0,0.0,0.0,0.0,0.0,0.0,0.0,0.0,0.0,1.0,0.0,0.0,0.0,0.0,0.0,0.0,0.0,0.0
1318,1997-01-17,SZSE:002091,0.0,0.0,0.0,0.0,0.0,0.0,0.0,0.0,0.0,0.0,0.0,0.0,0.0,0.0,0.0,0.0,0.0,0.0,0.0,0.0,0.0,0.0,0.0,0.0,0.0,0.0,0.0,0.0,1.0,0.0,0.0,0.0,0.0,0.0,0.0,0.0,0.0
1319,1997-01-20,SZSE:002091,0.0,0.0,0.0,0.0,0.0,0.0,0.0,0.0,0.0,0.0,0.0,0.0,0.0,0.0,0.0,0.0,0.0,0.0,0.0,0.0,0.0,0.0,0.0,0.0,0.0,0.0,0.0,0.0,1.0,0.0,0.0,0.0,0.0,0.0,0.0,0.0,0.0
1320,1997-01-21,SZSE:002091,0.0,0.0,0.0,0.0,0.0,0.0,0.0,0.0,0.0,0.0,0.0,0.0,0.0,0.0,0.0,0.0,0.0,0.0,0.0,0.0,0.0,0.0,0.0,0.0,0.0,0.0,0.0,0.0,1.0,0.0,0.0,0.0,0.0,0.0,0.0,0.0,0.0
1321,1997-01-22,SZSE:002091,0.0,0.0,0.0,0.0,0.0,0.0,0.0,0.0,0.0,0.0,0.0,0.0,0.0,0.0,0.0,0.0,0.0,0.0,0.0,0.0,0.0,0.0,0.0,0.0,0.0,0.0,0.0,0.0,1.0,0.0,0.0,0.0,0.0,0.0,0.0,0.0,0.0
1322,1997-01-23,SZSE:002091,0.0,0.0,0.0,0.0,0.0,0.0,0.0,0.0,0.0,0.0,0.0,0.0,0.0,0.0,0.0,0.0,0.0,0.0,0.0,0.0,0.0,0.0,0.0,0.0,0.0,0.0,0.0,0.0,1.0,0.0,0.0,0.0,0.0,0.0,0.0,0.0,0.0
1323,1997-01-24,SZSE:002091,0.0,0.0,0.0,0.0,0.0,0.0,0.0,0.0,0.0,0.0,0.0,0.0,0.0,0.0,0.0,0.0,0.0,0.0,0.0,0.0,0.0,0.0,0.0,0.0,0.0,0.0,0.0,0.0,1.0,0.0,0.0,0.0,0.0,0.0,0.0,0.0,0.0
1324,1997-01-27,SZSE:002091,0.0,0.0,0.0,0.0,0.0,0.0,0.0,0.0,0.0,0.0,0.0,0.0,0.0,0.0,0.0,0.0,0.0,0.0,0.0,0.0,0.0,0.0,0.0,0.0,0.0,0.0,0.0,0.0,1.0,0.0,0.0,0.0,0.0,0.0,0.0,0.0,0.0
1325,1997-01-28,SZSE:002091,0.0,0.0,0.0,0.0,0.0,0.0,0.0,0.0,0.0,0.0,0.0,0.0,0.0,0.0,0.0,0.0,0.0,0.0,0.0,0.0,0.0,0.0,0.0,0.0,0.0,0.0,0.0,0.0,1.0,0.0,0.0,0.0,0.0,0.0,0.0,0.0,0.0
1326,1997-01-29,SZSE:002091,0.0,0.0,0.0,0.0,0.0,0.0,0.0,0.0,0.0,0.0,0.0,0.0,0.0,0.0,0.0,0.0,0.0,0.0,0.0,0.0,0.0,0.0,0.0,0.0,0.0,0.0,0.0,0.0,1.0,0.0,0.0,0.0,0.0,0.0,0.0,0.0,0.0
1327,1997-01-30,SZSE:002091,0.0,0.0,0.0,0.0,0.0,0.0,0.0,0.0,0.0,0.0,0.0,0.0,0.0,0.0,0.0,0.0,0.0,0.0,0.0,0.0,0.0,0.0,0.0,0.0,0.0,0.0,0.0,0.0,1.0,0.0,0.0,0.0,0.0,0.0,0.0,0.0,0.0
1328,1997-01-31,SZSE:002091,0.0,0.0,0.0,0.0,0.0,0.0,0.0,0.0,0.0,0.0,0.0,0.0,0.0,0.0,0.0,0.0,0.0,0.0,0.0,0.0,0.0,0.0,0.0,0.0,0.0,0.0,0.0,0.0,1.0,0.0,0.0,0.0,0.0,0.0,0.0,0.0,0.0
1329,1997-02-03,SZSE:002091,0.0,0.0,0.0,0.0,0.0,0.0,0.0,0.0,0.0,0.0,0.0,0.0,0.0,0.0,0.0,0.0,0.0,0.0,0.0,0.0,0.0,0.0,0.0,0.0,0.0,0.0,0.0,0.0,1.0,0.0,0.0,0.0,0.0,0.0,0.0,0.0,0.0
1330,1997-02-04,SZSE:002091,0.0,0.0,0.0,0.0,0.0,0.0,0.0,0.0,0.0,0.0,0.0,0.0,0.0,0.0,0.0,0.0,0.0,0.0,0.0,0.0,0.0,0.0,0.0,0.0,0.0,0.0,0.0,0.0,1.0,0.0,0.0,0.0,0.0,0.0,0.0,0.0,0.0
1331,1997-02-05,SZSE:002091,0.0,0.0,0.0,0.0,0.0,0.0,0.0,0.0,0.0,0.0,0.0,0.0,0.0,0.0,0.0,0.0,0.0,0.0,0.0,0.0,0.0,0.0,0.0,0.0,0.0,0.0,0.0,0.0,1.0,0.0,0.0,0.0,0.0,0.0,0.0,0.0,0.0
1332,1997-02-06,SZSE:002091,0.0,0.0,0.0,0.0,0.0,0.0,0.0,0.0,0.0,0.0,0.0,0.0,0.0,0.0,0.0,0.0,0.0,0.0,0.0,0.0,0.0,0.0,0.0,0.0,0.0,0.0,0.0,0.0,1.0,0.0,0.0,0.0,0.0,0.0,0.0,0.0,0.0
1333,1997-02-07,SZSE:002091,0.0,0.0,0.0,0.0,0.0,0.0,0.0,0.0,0.0,0.0,0.0,0.0,0.0,0.0,0.0,0.0,0.0,0.0,0.0,0.0,0.0,0.0,0.0,0.0,0.0,0.0,0.0,0.0,1.0,0.0,0.0,0.0,0.0,0.0,0.0,0.0,0.0
1334,1997-02-10,SZSE:002091,0.0,0.0,0.0,0.0,0.0,0.0,0.0,0.0,0.0,0.0,0.0,0.0,0.0,0.0,0.0,0.0,0.0,0.0,0.0,0.0,0.0,0.0,0.0,0.0,0.0,0.0,0.0,0.0,1.0,0.0,0.0,0.0,0.0,0.0,0.0,0.0,0.0
1335,1997-02-11,SZSE:002091,0.0,0.0,0.0,0.0,0.0,0.0,0.0,0.0,0.0,0.0,0.0,0.0,0.0,0.0,0.0,0.0,0.0,0.0,0.0,0.0,0.0,0.0,0.0,0.0,0.0,0.0,0.0,0.0,1.0,0.0,0.0,0.0,0.0,0.0,0.0,0.0,0.0
1336,1997-02-12,SZSE:002091,0.0,0.0,0.0,0.0,0.0,0.0,0.0,0.0,0.0,0.0,0.0,0.0,0.0,0.0,0.0,0.0,0.0,0.0,0.0,0.0,0.0,0.0,0.0,0.0,0.0,0.0,0.0,0.0,1.0,0.0,0.0,0.0,0.0,0.0,0.0,0.0,0.0
1337,1997-02-13,SZSE:002091,0.0,0.0,0.0,0.0,0.0,0.0,0.0,0.0,0.0,0.0,0.0,0.0,0.0,0.0,0.0,0.0,0.0,0.0,0.0,0.0,0.0,0.0,0.0,0.0,0.0,0.0,0.0,0.0,1.0,0.0,0.0,0.0,0.0,0.0,0.0,0.0,0.0
1338,1997-02-14,SZSE:002091,0.0,0.0,0.0,0.0,0.0,0.0,0.0,0.0,0.0,0.0,0.0,0.0,0.0,0.0,0.0,0.0,0.0,0.0,0.0,0.0,0.0,0.0,0.0,0.0,0.0,0.0,0.0,0.0,1.0,0.0,0.0,0.0,0.0,0.0,0.0,0.0,0.0
1339,1997-02-17,SZSE:002091,0.0,0.0,0.0,0.0,0.0,0.0,0.0,0.0,0.0,0.0,0.0,0.0,0.0,0.0,0.0,0.0,0.0,0.0,0.0,0.0,0.0,0.0,0.0,0.0,0.0,0.0,0.0,0.0,1.0,0.0,0.0,0.0,0.0,0.0,0.0,0.0,0.0
1340,1997-02-18,SZSE:002091,0.0,0.0,0.0,0.0,0.0,0.0,0.0,0.0,0.0,0.0,0.0,0.0,0.0,0.0,0.0,0.0,0.0,0.0,0.0,0.0,0.0,0.0,0.0,0.0,0.0,0.0,0.0,0.0,1.0,0.0,0.0,0.0,0.0,0.0,0.0,0.0,0.0
1341,1997-02-19,SZSE:002091,0.0,0.0,0.0,0.0,0.0,0.0,0.0,0.0,0.0,0.0,0.0,0.0,0.0,0.0,0.0,0.0,0.0,0.0,0.0,0.0,0.0,0.0,0.0,0.0,0.0,0.0,0.0,0.0,1.0,0.0,0.0,0.0,0.0,0.0,0.0,0.0,0.0
1342,1997-02-20,SZSE:002091,0.0,0.0,0.0,0.0,0.0,0.0,0.0,0.0,0.0,0.0,0.0,0.0,0.0,0.0,0.0,0.0,0.0,0.0,0.0,0.0,0.0,0.0,0.0,0.0,0.0,0.0,0.0,0.0,1.0,0.0,0.0,0.0,0.0,0.0,0.0,0.0,0.0
1343,1997-02-21,SZSE:002091,0.0,0.0,0.0,0.0,0.0,0.0,0.0,0.0,0.0,0.0,0.0,0.0,0.0,0.0,0.0,0.0,0.0,0.0,0.0,0.0,0.0,0.0,0.0,0.0,0.0,0.0,0.0,0.0,1.0,0.0,0.0,0.0,0.0,0.0,0.0,0.0,0.0
1344,1997-02-24,SZSE:002091,0.0,0.0,0.0,0.0,0.0,0.0,0.0,0.0,0.0,0.0,0.0,0.0,0.0,0.0,0.0,0.0,0.0,0.0,0.0,0.0,0.0,0.0,0.0,0.0,0.0,0.0,0.0,0.0,1.0,0.0,0.0,0.0,0.0,0.0,0.0,0.0,0.0
1345,1997-02-25,SZSE:002091,0.0,0.0,0.0,0.0,0.0,0.0,0.0,0.0,0.0,0.0,0.0,0.0,0.0,0.0,0.0,0.0,0.0,0.0,0.0,0.0,0.0,0.0,0.0,0.0,0.0,0.0,0.0,0.0,1.0,0.0,0.0,0.0,0.0,0.0,0.0,0.0,0.0
1346,1997-02-26,SZSE:002091,0.0,0.0,0.0,0.0,0.0,0.0,0.0,0.0,0.0,0.0,0.0,0.0,0.0,0.0,0.0,0.0,0.0,0.0,0.0,0.0,0.0,0.0,0.0,0.0,0.0,0.0,0.0,0.0,1.0,0.0,0.0,0.0,0.0,0.0,0.0,0.0,0.0
1347,1997-02-27,SZSE:002091,0.0,0.0,0.0,0.0,0.0,0.0,0.0,0.0,0.0,0.0,0.0,0.0,0.0,0.0,0.0,0.0,0.0,0.0,0.0,0.0,0.0,0.0,0.0,0.0,0.0,0.0,0.0,0.0,1.0,0.0,0.0,0.0,0.0,0.0,0.0,0.0,0.0
1348,1997-02-28,SZSE:002091,0.0,0.0,0.0,0.0,0.0,0.0,0.0,0.0,0.0,0.0,0.0,0.0,0.0,0.0,0.0,0.0,0.0,0.0,0.0,0.0,0.0,0.0,0.0,0.0,0.0,0.0,0.0,0.0,1.0,0.0,0.0,0.0,0.0,0.0,0.0,0.0,0.0
1349,1997-03-03,SZSE:002091,0.0,0.0,0.0,0.0,0.0,0.0,0.0,0.0,0.0,0.0,0.0,0.0,0.0,0.0,0.0,0.0,0.0,0.0,0.0,0.0,0.0,0.0,0.0,0.0,0.0,0.0,0.0,0.0,1.0,0.0,0.0,0.0,0.0,0.0,0.0,0.0,0.0
1350,1997-03-04,SZSE:002091,0.0,0.0,0.0,0.0,0.0,0.0,0.0,0.0,0.0,0.0,0.0,0.0,0.0,0.0,0.0,0.0,0.0,0.0,0.0,0.0,0.0,0.0,0.0,0.0,0.0,0.0,0.0,0.0,1.0,0.0,0.0,0.0,0.0,0.0,0.0,0.0,0.0
1351,1997-03-05,SZSE:002091,0.0,0.0,0.0,0.0,0.0,0.0,0.0,0.0,0.0,0.0,0.0,0.0,0.0,0.0,0.0,0.0,0.0,0.0,0.0,0.0,0.0,0.0,0.0,0.0,0.0,0.0,0.0,0.0,1.0,0.0,0.0,0.0,0.0,0.0,0.0,0.0,0.0
1352,1997-03-06,SZSE:002091,0.0,0.0,0.0,0.0,0.0,0.0,0.0,0.0,0.0,0.0,0.0,0.0,0.0,0.0,0.0,0.0,0.0,0.0,0.0,0.0,0.0,0.0,0.0,0.0,0.0,0.0,0.0,0.0,1.0,0.0,0.0,0.0,0.0,0.0,0.0,0.0,0.0
1353,1997-03-07,SZSE:002091,0.0,0.0,0.0,0.0,0.0,0.0,0.0,0.0,0.0,0.0,0.0,0.0,0.0,0.0,0.0,0.0,0.0,0.0,0.0,0.0,0.0,0.0,0.0,0.0,0.0,0.0,0.0,0.0,1.0,0.0,0.0,0.0,0.0,0.0,0.0,0.0,0.0
1354,1997-03-10,SZSE:002091,0.0,0.0,0.0,0.0,0.0,0.0,0.0,0.0,0.0,0.0,0.0,0.0,0.0,0.0,0.0,0.0,0.0,0.0,0.0,0.0,0.0,0.0,0.0,0.0,0.0,0.0,0.0,0.0,1.0,0.0,0.0,0.0,0.0,0.0,0.0,0.0,0.0
1355,1997-03-11,SZSE:002091,0.0,0.0,0.0,0.0,0.0,0.0,0.0,0.0,0.0,0.0,0.0,0.0,0.0,0.0,0.0,0.0,0.0,0.0,0.0,0.0,0.0,0.0,0.0,0.0,0.0,0.0,0.0,0.0,1.0,0.0,0.0,0.0,0.0,0.0,0.0,0.0,0.0
1356,1997-03-12,SZSE:002091,0.0,0.0,0.0,0.0,0.0,0.0,0.0,0.0,0.0,0.0,0.0,0.0,0.0,0.0,0.0,0.0,0.0,0.0,0.0,0.0,0.0,0.0,0.0,0.0,0.0,0.0,0.0,0.0,1.0,0.0,0.0,0.0,0.0,0.0,0.0,0.0,0.0
1357,1997-03-13,SZSE:002091,0.0,0.0,0.0,0.0,0.0,0.0,0.0,0.0,0.0,0.0,0.0,0.0,0.0,0.0,0.0,0.0,0.0,0.0,0.0,0.0,0.0,0.0,0.0,0.0,0.0,0.0,0.0,0.0,1.0,0.0,0.0,0.0,0.0,0.0,0.0,0.0,0.0
1358,1997-03-14,SZSE:002091,0.0,0.0,0.0,0.0,0.0,0.0,0.0,0.0,0.0,0.0,0.0,0.0,0.0,0.0,0.0,0.0,0.0,0.0,0.0,0.0,0.0,0.0,0.0,0.0,0.0,0.0,0.0,0.0,1.0,0.0,0.0,0.0,0.0,0.0,0.0,0.0,0.0
1359,1997-03-17,SZSE:002091,0.0,0.0,0.0,0.0,0.0,0.0,0.0,0.0,0.0,0.0,0.0,0.0,0.0,0.0,0.0,0.0,0.0,0.0,0.0,0.0,0.0,0.0,0.0,0.0,0.0,0.0,0.0,0.0,1.0,0.0,0.0,0.0,0.0,0.0,0.0,0.0,0.0
1360,1997-03-18,SZSE:002091,0.0,0.0,0.0,0.0,0.0,0.0,0.0,0.0,0.0,0.0,0.0,0.0,0.0,0.0,0.0,0.0,0.0,0.0,0.0,0.0,0.0,0.0,0.0,0.0,0.0,0.0,0.0,0.0,1.0,0.0,0.0,0.0,0.0,0.0,0.0,0.0,0.0
1361,1997-03-19,SZSE:002091,0.0,0.0,0.0,0.0,0.0,0.0,0.0,0.0,0.0,0.0,0.0,0.0,0.0,0.0,0.0,0.0,0.0,0.0,0.0,0.0,0.0,0.0,0.0,0.0,0.0,0.0,0.0,0.0,1.0,0.0,0.0,0.0,0.0,0.0,0.0,0.0,0.0
1362,1997-03-20,SZSE:002091,0.0,0.0,0.0,0.0,0.0,0.0,0.0,0.0,0.0,0.0,0.0,0.0,0.0,0.0,0.0,0.0,0.0,0.0,0.0,0.0,0.0,0.0,0.0,0.0,0.0,0.0,0.0,0.0,1.0,0.0,0.0,0.0,0.0,0.0,0.0,0.0,0.0
1363,1997-03-21,SZSE:002091,0.0,0.0,0.0,0.0,0.0,0.0,0.0,0.0,0.0,0.0,0.0,0.0,0.0,0.0,0.0,0.0,0.0,0.0,0.0,0.0,0.0,0.0,0.0,0.0,0.0,0.0,0.0,0.0,1.0,0.0,0.0,0.0,0.0,0.0,0.0,0.0,0.0
1364,1997-03-24,SZSE:002091,0.0,0.0,0.0,0.0,0.0,0.0,0.0,0.0,0.0,0.0,0.0,0.0,0.0,0.0,0.0,0.0,0.0,0.0,0.0,0.0,0.0,0.0,0.0,0.0,0.0,0.0,0.0,0.0,1.0,0.0,0.0,0.0,0.0,0.0,0.0,0.0,0.0
1365,1997-03-25,SZSE:002091,0.0,0.0,0.0,0.0,0.0,0.0,0.0,0.0,0.0,0.0,0.0,0.0,0.0,0.0,0.0,0.0,0.0,0.0,0.0,0.0,0.0,0.0,0.0,0.0,0.0,0.0,0.0,0.0,1.0,0.0,0.0,0.0,0.0,0.0,0.0,0.0,0.0
1366,1997-03-26,SZSE:002091,0.0,0.0,0.0,0.0,0.0,0.0,0.0,0.0,0.0,0.0,0.0,0.0,0.0,0.0,0.0,0.0,0.0,0.0,0.0,0.0,0.0,0.0,0.0,0.0,0.0,0.0,0.0,0.0,1.0,0.0,0.0,0.0,0.0,0.0,0.0,0.0,0.0
1367,1997-03-27,SZSE:002091,0.0,0.0,0.0,0.0,0.0,0.0,0.0,0.0,0.0,0.0,0.0,0.0,0.0,0.0,0.0,0.0,0.0,0.0,0.0,0.0,0.0,0.0,0.0,0.0,0.0,0.0,0.0,0.0,1.0,0.0,0.0,0.0,0.0,0.0,0.0,0.0,0.0
1368,1997-03-28,SZSE:002091,0.0,0.0,0.0,0.0,0.0,0.0,0.0,0.0,0.0,0.0,0.0,0.0,0.0,0.0,0.0,0.0,0.0,0.0,0.0,0.0,0.0,0.0,0.0,0.0,0.0,0.0,0.0,0.0,1.0,0.0,0.0,0.0,0.0,0.0,0.0,0.0,0.0
1369,1997-03-31,SZSE:002091,0.0,0.0,0.0,0.0,0.0,0.0,0.0,0.0,0.0,0.0,0.0,0.0,0.0,0.0,0.0,0.0,0.0,0.0,0.0,0.0,0.0,0.0,0.0,0.0,0.0,0.0,0.0,0.0,1.0,0.0,0.0,0.0,0.0,0.0,0.0,0.0,0.0
1370,1997-04-01,SZSE:002091,0.0,0.0,0.0,0.0,0.0,0.0,0.0,0.0,0.0,0.0,0.0,0.0,0.0,0.0,0.0,0.0,0.0,0.0,0.0,0.0,0.0,0.0,0.0,0.0,0.0,0.0,0.0,0.0,1.0,0.0,0.0,0.0,0.0,0.0,0.0,0.0,0.0
1371,1997-04-02,SZSE:002091,0.0,0.0,0.0,0.0,0.0,0.0,0.0,0.0,0.0,0.0,0.0,0.0,0.0,0.0,0.0,0.0,0.0,0.0,0.0,0.0,0.0,0.0,0.0,0.0,0.0,0.0,0.0,0.0,1.0,0.0,0.0,0.0,0.0,0.0,0.0,0.0,0.0
1372,1997-04-03,SZSE:002091,0.0,0.0,0.0,0.0,0.0,0.0,0.0,0.0,0.0,0.0,0.0,0.0,0.0,0.0,0.0,0.0,0.0,0.0,0.0,0.0,0.0,0.0,0.0,0.0,0.0,0.0,0.0,0.0,1.0,0.0,0.0,0.0,0.0,0.0,0.0,0.0,0.0
1373,1997-04-04,SZSE:002091,0.0,0.0,0.0,0.0,0.0,0.0,0.0,0.0,0.0,0.0,0.0,0.0,0.0,0.0,0.0,0.0,0.0,0.0,0.0,0.0,0.0,0.0,0.0,0.0,0.0,0.0,0.0,0.0,1.0,0.0,0.0,0.0,0.0,0.0,0.0,0.0,0.0
1374,1997-04-07,SZSE:002091,0.0,0.0,0.0,0.0,0.0,0.0,0.0,0.0,0.0,0.0,0.0,0.0,0.0,0.0,0.0,0.0,0.0,0.0,0.0,0.0,0.0,0.0,0.0,0.0,0.0,0.0,0.0,0.0,1.0,0.0,0.0,0.0,0.0,0.0,0.0,0.0,0.0
1375,1997-04-08,SZSE:002091,0.0,0.0,0.0,0.0,0.0,0.0,0.0,0.0,0.0,0.0,0.0,0.0,0.0,0.0,0.0,0.0,0.0,0.0,0.0,0.0,0.0,0.0,0.0,0.0,0.0,0.0,0.0,0.0,1.0,0.0,0.0,0.0,0.0,0.0,0.0,0.0,0.0
1376,1997-04-09,SZSE:002091,0.0,0.0,0.0,0.0,0.0,0.0,0.0,0.0,0.0,0.0,0.0,0.0,0.0,0.0,0.0,0.0,0.0,0.0,0.0,0.0,0.0,0.0,0.0,0.0,0.0,0.0,0.0,0.0,1.0,0.0,0.0,0.0,0.0,0.0,0.0,0.0,0.0
1377,1997-04-10,SZSE:002091,0.0,0.0,0.0,0.0,0.0,0.0,0.0,0.0,0.0,0.0,0.0,0.0,0.0,0.0,0.0,0.0,0.0,0.0,0.0,0.0,0.0,0.0,0.0,0.0,0.0,0.0,0.0,0.0,1.0,0.0,0.0,0.0,0.0,0.0,0.0,0.0,0.0
1378,1997-04-11,SZSE:002091,0.0,0.0,0.0,0.0,0.0,0.0,0.0,0.0,0.0,0.0,0.0,0.0,0.0,0.0,0.0,0.0,0.0,0.0,0.0,0.0,0.0,0.0,0.0,0.0,0.0,0.0,0.0,0.0,1.0,0.0,0.0,0.0,0.0,0.0,0.0,0.0,0.0
1379,1997-04-14,SZSE:002091,0.0,0.0,0.0,0.0,0.0,0.0,0.0,0.0,0.0,0.0,0.0,0.0,0.0,0.0,0.0,0.0,0.0,0.0,0.0,0.0,0.0,0.0,0.0,0.0,0.0,0.0,0.0,0.0,1.0,0.0,0.0,0.0,0.0,0.0,0.0,0.0,0.0
1380,1997-04-15,SZSE:002091,0.0,0.0,0.0,0.0,0.0,0.0,0.0,0.0,0.0,0.0,0.0,0.0,0.0,0.0,0.0,0.0,0.0,0.0,0.0,0.0,0.0,0.0,0.0,0.0,0.0,0.0,0.0,0.0,1.0,0.0,0.0,0.0,0.0,0.0,0.0,0.0,0.0
1381,1997-04-16,SZSE:002091,0.0,0.0,0.0,0.0,0.0,0.0,0.0,0.0,0.0,0.0,0.0,0.0,0.0,0.0,0.0,0.0,0.0,0.0,0.0,0.0,0.0,0.0,0.0,0.0,0.0,0.0,0.0,0.0,1.0,0.0,0.0,0.0,0.0,0.0,0.0,0.0,0.0
1382,1997-04-17,SZSE:002091,0.0,0.0,0.0,0.0,0.0,0.0,0.0,0.0,0.0,0.0,0.0,0.0,0.0,0.0,0.0,0.0,0.0,0.0,0.0,0.0,0.0,0.0,0.0,0.0,0.0,0.0,0.0,0.0,1.0,0.0,0.0,0.0,0.0,0.0,0.0,0.0,0.0
1383,1997-04-18,SZSE:002091,0.0,0.0,0.0,0.0,0.0,0.0,0.0,0.0,0.0,0.0,0.0,0.0,0.0,0.0,0.0,0.0,0.0,0.0,0.0,0.0,0.0,0.0,0.0,0.0,0.0,0.0,0.0,0.0,1.0,0.0,0.0,0.0,0.0,0.0,0.0,0.0,0.0
1384,1997-04-21,SZSE:002091,0.0,0.0,0.0,0.0,0.0,0.0,0.0,0.0,0.0,0.0,0.0,0.0,0.0,0.0,0.0,0.0,0.0,0.0,0.0,0.0,0.0,0.0,0.0,0.0,0.0,0.0,0.0,0.0,1.0,0.0,0.0,0.0,0.0,0.0,0.0,0.0,0.0
1385,1997-04-22,SZSE:002091,0.0,0.0,0.0,0.0,0.0,0.0,0.0,0.0,0.0,0.0,0.0,0.0,0.0,0.0,0.0,0.0,0.0,0.0,0.0,0.0,0.0,0.0,0.0,0.0,0.0,0.0,0.0,0.0,1.0,0.0,0.0,0.0,0.0,0.0,0.0,0.0,0.0
1386,1997-04-23,SZSE:002091,0.0,0.0,0.0,0.0,0.0,0.0,0.0,0.0,0.0,0.0,0.0,0.0,0.0,0.0,0.0,0.0,0.0,0.0,0.0,0.0,0.0,0.0,0.0,0.0,0.0,0.0,0.0,0.0,1.0,0.0,0.0,0.0,0.0,0.0,0.0,0.0,0.0
1387,1997-04-24,SZSE:002091,0.0,0.0,0.0,0.0,0.0,0.0,0.0,0.0,0.0,0.0,0.0,0.0,0.0,0.0,0.0,0.0,0.0,0.0,0.0,0.0,0.0,0.0,0.0,0.0,0.0,0.0,0.0,0.0,1.0,0.0,0.0,0.0,0.0,0.0,0.0,0.0,0.0
1388,1997-04-25,SZSE:002091,0.0,0.0,0.0,0.0,0.0,0.0,0.0,0.0,0.0,0.0,0.0,0.0,0.0,0.0,0.0,0.0,0.0,0.0,0.0,0.0,0.0,0.0,0.0,0.0,0.0,0.0,0.0,0.0,1.0,0.0,0.0,0.0,0.0,0.0,0.0,0.0,0.0
1389,1997-04-28,SZSE:002091,0.0,0.0,0.0,0.0,0.0,0.0,0.0,0.0,0.0,0.0,0.0,0.0,0.0,0.0,0.0,0.0,0.0,0.0,0.0,0.0,0.0,0.0,0.0,0.0,0.0,0.0,0.0,0.0,1.0,0.0,0.0,0.0,0.0,0.0,0.0,0.0,0.0
1390,1997-04-29,SZSE:002091,0.0,0.0,0.0,0.0,0.0,0.0,0.0,0.0,0.0,0.0,0.0,0.0,0.0,0.0,0.0,0.0,0.0,0.0,0.0,0.0,0.0,0.0,0.0,0.0,0.0,0.0,0.0,0.0,1.0,0.0,0.0,0.0,0.0,0.0,0.0,0.0,0.0
1391,1997-04-30,SZSE:002091,0.0,0.0,0.0,0.0,0.0,0.0,0.0,0.0,0.0,0.0,0.0,0.0,0.0,0.0,0.0,0.0,0.0,0.0,0.0,0.0,0.0,0.0,0.0,0.0,0.0,0.0,0.0,0.0,1.0,0.0,0.0,0.0,0.0,0.0,0.0,0.0,0.0
1392,1997-05-01,SZSE:002091,0.0,0.0,0.0,0.0,0.0,0.0,0.0,0.0,0.0,0.0,0.0,0.0,0.0,0.0,0.0,0.0,0.0,0.0,0.0,0.0,0.0,0.0,0.0,0.0,0.0,0.0,0.0,0.0,1.0,0.0,0.0,0.0,0.0,0.0,0.0,0.0,0.0
1393,1997-05-02,SZSE:002091,0.0,0.0,0.0,0.0,0.0,0.0,0.0,0.0,0.0,0.0,0.0,0.0,0.0,0.0,0.0,0.0,0.0,0.0,0.0,0.0,0.0,0.0,0.0,0.0,0.0,0.0,0.0,0.0,1.0,0.0,0.0,0.0,0.0,0.0,0.0,0.0,0.0
1394,1997-05-05,SZSE:002091,0.0,0.0,0.0,0.0,0.0,0.0,0.0,0.0,0.0,0.0,0.0,0.0,0.0,0.0,0.0,0.0,0.0,0.0,0.0,0.0,0.0,0.0,0.0,0.0,0.0,0.0,0.0,0.0,1.0,0.0,0.0,0.0,0.0,0.0,0.0,0.0,0.0
1395,1997-05-06,SZSE:002091,0.0,0.0,0.0,0.0,0.0,0.0,0.0,0.0,0.0,0.0,0.0,0.0,0.0,0.0,0.0,0.0,0.0,0.0,0.0,0.0,0.0,0.0,0.0,0.0,0.0,0.0,0.0,0.0,1.0,0.0,0.0,0.0,0.0,0.0,0.0,0.0,0.0
1396,1997-05-07,SZSE:002091,0.0,0.0,0.0,0.0,0.0,0.0,0.0,0.0,0.0,0.0,0.0,0.0,0.0,0.0,0.0,0.0,0.0,0.0,0.0,0.0,0.0,0.0,0.0,0.0,0.0,0.0,0.0,0.0,1.0,0.0,0.0,0.0,0.0,0.0,0.0,0.0,0.0
1397,1997-05-08,SZSE:002091,0.0,0.0,0.0,0.0,0.0,0.0,0.0,0.0,0.0,0.0,0.0,0.0,0.0,0.0,0.0,0.0,0.0,0.0,0.0,0.0,0.0,0.0,0.0,0.0,0.0,0.0,0.0,0.0,1.0,0.0,0.0,0.0,0.0,0.0,0.0,0.0,0.0
1398,1997-05-09,SZSE:002091,0.0,0.0,0.0,0.0,0.0,0.0,0.0,0.0,0.0,0.0,0.0,0.0,0.0,0.0,0.0,0.0,0.0,0.0,0.0,0.0,0.0,0.0,0.0,0.0,0.0,0.0,0.0,0.0,1.0,0.0,0.0,0.0,0.0,0.0,0.0,0.0,0.0
1399,1997-05-12,SZSE:002091,0.0,0.0,0.0,0.0,0.0,0.0,0.0,0.0,0.0,0.0,0.0,0.0,0.0,0.0,0.0,0.0,0.0,0.0,0.0,0.0,0.0,0.0,0.0,0.0,0.0,0.0,0.0,0.0,1.0,0.0,0.0,0.0,0.0,0.0,0.0,0.0,0.0
1400,1997-05-13,SZSE:002091,0.0,0.0,0.0,0.0,0.0,0.0,0.0,0.0,0.0,0.0,0.0,0.0,0.0,0.0,0.0,0.0,0.0,0.0,0.0,0.0,0.0,0.0,0.0,0.0,0.0,0.0,0.0,0.0,1.0,0.0,0.0,0.0,0.0,0.0,0.0,0.0,0.0
1401,1997-05-14,SZSE:002091,0.0,0.0,0.0,0.0,0.0,0.0,0.0,0.0,0.0,0.0,0.0,0.0,0.0,0.0,0.0,0.0,0.0,0.0,0.0,0.0,0.0,0.0,0.0,0.0,0.0,0.0,0.0,0.0,1.0,0.0,0.0,0.0,0.0,0.0,0.0,0.0,0.0
1402,1997-05-15,SZSE:002091,0.0,0.0,0.0,0.0,0.0,0.0,0.0,0.0,0.0,0.0,0.0,0.0,0.0,0.0,0.0,0.0,0.0,0.0,0.0,0.0,0.0,0.0,0.0,0.0,0.0,0.0,0.0,0.0,1.0,0.0,0.0,0.0,0.0,0.0,0.0,0.0,0.0
1403,1997-05-16,SZSE:002091,0.0,0.0,0.0,0.0,0.0,0.0,0.0,0.0,0.0,0.0,0.0,0.0,0.0,0.0,0.0,0.0,0.0,0.0,0.0,0.0,0.0,0.0,0.0,0.0,0.0,0.0,0.0,0.0,1.0,0.0,0.0,0.0,0.0,0.0,0.0,0.0,0.0
1404,1997-05-19,SZSE:002091,0.0,0.0,0.0,0.0,0.0,0.0,0.0,0.0,0.0,0.0,0.0,0.0,0.0,0.0,0.0,0.0,0.0,0.0,0.0,0.0,0.0,0.0,0.0,0.0,0.0,0.0,0.0,0.0,1.0,0.0,0.0,0.0,0.0,0.0,0.0,0.0,0.0
1405,1997-05-20,SZSE:002091,0.0,0.0,0.0,0.0,0.0,0.0,0.0,0.0,0.0,0.0,0.0,0.0,0.0,0.0,0.0,0.0,0.0,0.0,0.0,0.0,0.0,0.0,0.0,0.0,0.0,0.0,0.0,0.0,1.0,0.0,0.0,0.0,0.0,0.0,0.0,0.0,0.0
1406,1997-05-21,SZSE:002091,0.0,0.0,0.0,0.0,0.0,0.0,0.0,0.0,0.0,0.0,0.0,0.0,0.0,0.0,0.0,0.0,0.0,0.0,0.0,0.0,0.0,0.0,0.0,0.0,0.0,0.0,0.0,0.0,1.0,0.0,0.0,0.0,0.0,0.0,0.0,0.0,0.0
1407,1997-05-22,SZSE:002091,0.0,0.0,0.0,0.0,0.0,0.0,0.0,0.0,0.0,0.0,0.0,0.0,0.0,0.0,0.0,0.0,0.0,0.0,0.0,0.0,0.0,0.0,0.0,0.0,0.0,0.0,0.0,0.0,1.0,0.0,0.0,0.0,0.0,0.0,0.0,0.0,0.0
1408,1997-05-23,SZSE:002091,0.0,0.0,0.0,0.0,0.0,0.0,0.0,0.0,0.0,0.0,0.0,0.0,0.0,0.0,0.0,0.0,0.0,0.0,0.0,0.0,0.0,0.0,0.0,0.0,0.0,0.0,0.0,0.0,1.0,0.0,0.0,0.0,0.0,0.0,0.0,0.0,0.0
1409,1997-05-26,SZSE:002091,0.0,0.0,0.0,0.0,0.0,0.0,0.0,0.0,0.0,0.0,0.0,0.0,0.0,0.0,0.0,0.0,0.0,0.0,0.0,0.0,0.0,0.0,0.0,0.0,0.0,0.0,0.0,0.0,1.0,0.0,0.0,0.0,0.0,0.0,0.0,0.0,0.0
1410,1997-05-27,SZSE:002091,0.0,0.0,0.0,0.0,0.0,0.0,0.0,0.0,0.0,0.0,0.0,0.0,0.0,0.0,0.0,0.0,0.0,0.0,0.0,0.0,0.0,0.0,0.0,0.0,0.0,0.0,0.0,0.0,1.0,0.0,0.0,0.0,0.0,0.0,0.0,0.0,0.0
1411,1997-05-28,SZSE:002091,0.0,0.0,0.0,0.0,0.0,0.0,0.0,0.0,0.0,0.0,0.0,0.0,0.0,0.0,0.0,0.0,0.0,0.0,0.0,0.0,0.0,0.0,0.0,0.0,0.0,0.0,0.0,0.0,1.0,0.0,0.0,0.0,0.0,0.0,0.0,0.0,0.0
1412,1997-05-29,SZSE:002091,0.0,0.0,0.0,0.0,0.0,0.0,0.0,0.0,0.0,0.0,0.0,0.0,0.0,0.0,0.0,0.0,0.0,0.0,0.0,0.0,0.0,0.0,0.0,0.0,0.0,0.0,0.0,0.0,1.0,0.0,0.0,0.0,0.0,0.0,0.0,0.0,0.0
1413,1997-05-30,SZSE:002091,0.0,0.0,0.0,0.0,0.0,0.0,0.0,0.0,0.0,0.0,0.0,0.0,0.0,0.0,0.0,0.0,0.0,0.0,0.0,0.0,0.0,0.0,0.0,0.0,0.0,0.0,0.0,0.0,1.0,0.0,0.0,0.0,0.0,0.0,0.0,0.0,0.0
1414,1997-06-02,SZSE:002091,0.0,0.0,0.0,0.0,0.0,0.0,0.0,0.0,0.0,0.0,0.0,0.0,0.0,0.0,0.0,0.0,0.0,0.0,0.0,0.0,0.0,0.0,0.0,0.0,0.0,0.0,0.0,0.0,1.0,0.0,0.0,0.0,0.0,0.0,0.0,0.0,0.0
1415,1997-06-03,SZSE:002091,0.0,0.0,0.0,0.0,0.0,0.0,0.0,0.0,0.0,0.0,0.0,0.0,0.0,0.0,0.0,0.0,0.0,0.0,0.0,0.0,0.0,0.0,0.0,0.0,0.0,0.0,0.0,0.0,1.0,0.0,0.0,0.0,0.0,0.0,0.0,0.0,0.0
1416,1997-06-04,SZSE:002091,0.0,0.0,0.0,0.0,0.0,0.0,0.0,0.0,0.0,0.0,0.0,0.0,0.0,0.0,0.0,0.0,0.0,0.0,0.0,0.0,0.0,0.0,0.0,0.0,0.0,0.0,0.0,0.0,1.0,0.0,0.0,0.0,0.0,0.0,0.0,0.0,0.0
1417,1997-06-05,SZSE:002091,0.0,0.0,0.0,0.0,0.0,0.0,0.0,0.0,0.0,0.0,0.0,0.0,0.0,0.0,0.0,0.0,0.0,0.0,0.0,0.0,0.0,0.0,0.0,0.0,0.0,0.0,0.0,0.0,1.0,0.0,0.0,0.0,0.0,0.0,0.0,0.0,0.0
1418,1997-06-06,SZSE:002091,0.0,0.0,0.0,0.0,0.0,0.0,0.0,0.0,0.0,0.0,0.0,0.0,0.0,0.0,0.0,0.0,0.0,0.0,0.0,0.0,0.0,0.0,0.0,0.0,0.0,0.0,0.0,0.0,1.0,0.0,0.0,0.0,0.0,0.0,0.0,0.0,0.0
1419,1997-06-09,SZSE:002091,0.0,0.0,0.0,0.0,0.0,0.0,0.0,0.0,0.0,0.0,0.0,0.0,0.0,0.0,0.0,0.0,0.0,0.0,0.0,0.0,0.0,0.0,0.0,0.0,0.0,0.0,0.0,0.0,1.0,0.0,0.0,0.0,0.0,0.0,0.0,0.0,0.0
1420,1997-06-10,SZSE:002091,0.0,0.0,0.0,0.0,0.0,0.0,0.0,0.0,0.0,0.0,0.0,0.0,0.0,0.0,0.0,0.0,0.0,0.0,0.0,0.0,0.0,0.0,0.0,0.0,0.0,0.0,0.0,0.0,1.0,0.0,0.0,0.0,0.0,0.0,0.0,0.0,0.0
1421,1997-06-11,SZSE:002091,0.0,0.0,0.0,0.0,0.0,0.0,0.0,0.0,0.0,0.0,0.0,0.0,0.0,0.0,0.0,0.0,0.0,0.0,0.0,0.0,0.0,0.0,0.0,0.0,0.0,0.0,0.0,0.0,1.0,0.0,0.0,0.0,0.0,0.0,0.0,0.0,0.0
1422,1997-06-12,SZSE:002091,0.0,0.0,0.0,0.0,0.0,0.0,0.0,0.0,0.0,0.0,0.0,0.0,0.0,0.0,0.0,0.0,0.0,0.0,0.0,0.0,0.0,0.0,0.0,0.0,0.0,0.0,0.0,0.0,1.0,0.0,0.0,0.0,0.0,0.0,0.0,0.0,0.0
1423,1997-06-13,SZSE:002091,0.0,0.0,0.0,0.0,0.0,0.0,0.0,0.0,0.0,0.0,0.0,0.0,0.0,0.0,0.0,0.0,0.0,0.0,0.0,0.0,0.0,0.0,0.0,0.0,0.0,0.0,0.0,0.0,1.0,0.0,0.0,0.0,0.0,0.0,0.0,0.0,0.0
1424,1997-06-16,SZSE:002091,0.0,0.0,0.0,0.0,0.0,0.0,0.0,0.0,0.0,0.0,0.0,0.0,0.0,0.0,0.0,0.0,0.0,0.0,0.0,0.0,0.0,0.0,0.0,0.0,0.0,0.0,0.0,0.0,1.0,0.0,0.0,0.0,0.0,0.0,0.0,0.0,0.0
1425,1997-06-17,SZSE:002091,0.0,0.0,0.0,0.0,0.0,0.0,0.0,0.0,0.0,0.0,0.0,0.0,0.0,0.0,0.0,0.0,0.0,0.0,0.0,0.0,0.0,0.0,0.0,0.0,0.0,0.0,0.0,0.0,1.0,0.0,0.0,0.0,0.0,0.0,0.0,0.0,0.0
1426,1997-06-18,SZSE:002091,0.0,0.0,0.0,0.0,0.0,0.0,0.0,0.0,0.0,0.0,0.0,0.0,0.0,0.0,0.0,0.0,0.0,0.0,0.0,0.0,0.0,0.0,0.0,0.0,0.0,0.0,0.0,0.0,1.0,0.0,0.0,0.0,0.0,0.0,0.0,0.0,0.0
1427,1997-06-19,SZSE:002091,0.0,0.0,0.0,0.0,0.0,0.0,0.0,0.0,0.0,0.0,0.0,0.0,0.0,0.0,0.0,0.0,0.0,0.0,0.0,0.0,0.0,0.0,0.0,0.0,0.0,0.0,0.0,0.0,1.0,0.0,0.0,0.0,0.0,0.0,0.0,0.0,0.0
1428,1997-06-20,SZSE:002091,0.0,0.0,0.0,0.0,0.0,0.0,0.0,0.0,0.0,0.0,0.0,0.0,0.0,0.0,0.0,0.0,0.0,0.0,0.0,0.0,0.0,0.0,0.0,0.0,0.0,0.0,0.0,0.0,1.0,0.0,0.0,0.0,0.0,0.0,0.0,0.0,0.0
1429,1997-06-23,SZSE:002091,0.0,0.0,0.0,0.0,0.0,0.0,0.0,0.0,0.0,0.0,0.0,0.0,0.0,0.0,0.0,0.0,0.0,0.0,0.0,0.0,0.0,0.0,0.0,0.0,0.0,0.0,0.0,0.0,1.0,0.0,0.0,0.0,0.0,0.0,0.0,0.0,0.0
1430,1997-06-24,SZSE:002091,0.0,0.0,0.0,0.0,0.0,0.0,0.0,0.0,0.0,0.0,0.0,0.0,0.0,0.0,0.0,0.0,0.0,0.0,0.0,0.0,0.0,0.0,0.0,0.0,0.0,0.0,0.0,0.0,1.0,0.0,0.0,0.0,0.0,0.0,0.0,0.0,0.0
1431,1997-06-25,SZSE:002091,0.0,0.0,0.0,0.0,0.0,0.0,0.0,0.0,0.0,0.0,0.0,0.0,0.0,0.0,0.0,0.0,0.0,0.0,0.0,0.0,0.0,0.0,0.0,0.0,0.0,0.0,0.0,0.0,1.0,0.0,0.0,0.0,0.0,0.0,0.0,0.0,0.0
1432,1997-06-26,SZSE:002091,0.0,0.0,0.0,0.0,0.0,0.0,0.0,0.0,0.0,0.0,0.0,0.0,0.0,0.0,0.0,0.0,0.0,0.0,0.0,0.0,0.0,0.0,0.0,0.0,0.0,0.0,0.0,0.0,1.0,0.0,0.0,0.0,0.0,0.0,0.0,0.0,0.0
1433,1997-06-27,SZSE:002091,0.0,0.0,0.0,0.0,0.0,0.0,0.0,0.0,0.0,0.0,0.0,0.0,0.0,0.0,0.0,0.0,0.0,0.0,0.0,0.0,0.0,0.0,0.0,0.0,0.0,0.0,0.0,0.0,1.0,0.0,0.0,0.0,0.0,0.0,0.0,0.0,0.0
1434,1997-06-30,SZSE:002091,0.0,0.0,0.0,0.0,0.0,0.0,0.0,0.0,0.0,0.0,0.0,0.0,0.0,0.0,0.0,0.0,0.0,0.0,0.0,0.0,0.0,0.0,0.0,0.0,0.0,0.0,0.0,0.0,1.0,0.0,0.0,0.0,0.0,0.0,0.0,0.0,0.0
1435,1997-07-01,SZSE:002091,0.0,0.0,0.0,0.0,0.0,0.0,0.0,0.0,0.0,0.0,0.0,0.0,0.0,0.0,0.0,0.0,0.0,0.0,0.0,0.0,0.0,0.0,0.0,0.0,0.0,0.0,0.0,0.0,1.0,0.0,0.0,0.0,0.0,0.0,0.0,0.0,0.0
1436,1997-07-02,SZSE:002091,0.0,0.0,0.0,0.0,0.0,0.0,0.0,0.0,0.0,0.0,0.0,0.0,0.0,0.0,0.0,0.0,0.0,0.0,0.0,0.0,0.0,0.0,0.0,0.0,0.0,0.0,0.0,0.0,1.0,0.0,0.0,0.0,0.0,0.0,0.0,0.0,0.0
1437,1997-07-03,SZSE:002091,0.0,0.0,0.0,0.0,0.0,0.0,0.0,0.0,0.0,0.0,0.0,0.0,0.0,0.0,0.0,0.0,0.0,0.0,0.0,0.0,0.0,0.0,0.0,0.0,0.0,0.0,0.0,0.0,1.0,0.0,0.0,0.0,0.0,0.0,0.0,0.0,0.0
1438,1997-07-04,SZSE:002091,0.0,0.0,0.0,0.0,0.0,0.0,0.0,0.0,0.0,0.0,0.0,0.0,0.0,0.0,0.0,0.0,0.0,0.0,0.0,0.0,0.0,0.0,0.0,0.0,0.0,0.0,0.0,0.0,1.0,0.0,0.0,0.0,0.0,0.0,0.0,0.0,0.0
1439,1997-07-07,SZSE:002091,0.0,0.0,0.0,0.0,0.0,0.0,0.0,0.0,0.0,0.0,0.0,0.0,0.0,0.0,0.0,0.0,0.0,0.0,0.0,0.0,0.0,0.0,0.0,0.0,0.0,0.0,0.0,0.0,1.0,0.0,0.0,0.0,0.0,0.0,0.0,0.0,0.0
1440,1997-07-08,SZSE:002091,0.0,0.0,0.0,0.0,0.0,0.0,0.0,0.0,0.0,0.0,0.0,0.0,0.0,0.0,0.0,0.0,0.0,0.0,0.0,0.0,0.0,0.0,0.0,0.0,0.0,0.0,0.0,0.0,1.0,0.0,0.0,0.0,0.0,0.0,0.0,0.0,0.0
1441,1997-07-09,SZSE:002091,0.0,0.0,0.0,0.0,0.0,0.0,0.0,0.0,0.0,0.0,0.0,0.0,0.0,0.0,0.0,0.0,0.0,0.0,0.0,0.0,0.0,0.0,0.0,0.0,0.0,0.0,0.0,0.0,1.0,0.0,0.0,0.0,0.0,0.0,0.0,0.0,0.0
1442,1997-07-10,SZSE:002091,0.0,0.0,0.0,0.0,0.0,0.0,0.0,0.0,0.0,0.0,0.0,0.0,0.0,0.0,0.0,0.0,0.0,0.0,0.0,0.0,0.0,0.0,0.0,0.0,0.0,0.0,0.0,0.0,1.0,0.0,0.0,0.0,0.0,0.0,0.0,0.0,0.0
1443,1997-07-11,SZSE:002091,0.0,0.0,0.0,0.0,0.0,0.0,0.0,0.0,0.0,0.0,0.0,0.0,0.0,0.0,0.0,0.0,0.0,0.0,0.0,0.0,0.0,0.0,0.0,0.0,0.0,0.0,0.0,0.0,1.0,0.0,0.0,0.0,0.0,0.0,0.0,0.0,0.0
1444,1997-07-14,SZSE:002091,0.0,0.0,0.0,0.0,0.0,0.0,0.0,0.0,0.0,0.0,0.0,0.0,0.0,0.0,0.0,0.0,0.0,0.0,0.0,0.0,0.0,0.0,0.0,0.0,0.0,0.0,0.0,0.0,1.0,0.0,0.0,0.0,0.0,0.0,0.0,0.0,0.0
1445,1997-07-15,SZSE:002091,0.0,0.0,0.0,0.0,0.0,0.0,0.0,0.0,0.0,0.0,0.0,0.0,0.0,0.0,0.0,0.0,0.0,0.0,0.0,0.0,0.0,0.0,0.0,0.0,0.0,0.0,0.0,0.0,1.0,0.0,0.0,0.0,0.0,0.0,0.0,0.0,0.0
1446,1997-07-16,SZSE:002091,0.0,0.0,0.0,0.0,0.0,0.0,0.0,0.0,0.0,0.0,0.0,0.0,0.0,0.0,0.0,0.0,0.0,0.0,0.0,0.0,0.0,0.0,0.0,0.0,0.0,0.0,0.0,0.0,1.0,0.0,0.0,0.0,0.0,0.0,0.0,0.0,0.0
1447,1997-07-17,SZSE:002091,0.0,0.0,0.0,0.0,0.0,0.0,0.0,0.0,0.0,0.0,0.0,0.0,0.0,0.0,0.0,0.0,0.0,0.0,0.0,0.0,0.0,0.0,0.0,0.0,0.0,0.0,0.0,0.0,1.0,0.0,0.0,0.0,0.0,0.0,0.0,0.0,0.0
1448,1997-07-18,SZSE:002091,0.0,0.0,0.0,0.0,0.0,0.0,0.0,0.0,0.0,0.0,0.0,0.0,0.0,0.0,0.0,0.0,0.0,0.0,0.0,0.0,0.0,0.0,0.0,0.0,0.0,0.0,0.0,0.0,1.0,0.0,0.0,0.0,0.0,0.0,0.0,0.0,0.0
1449,1997-07-21,SZSE:002091,0.0,0.0,0.0,0.0,0.0,0.0,0.0,0.0,0.0,0.0,0.0,0.0,0.0,0.0,0.0,0.0,0.0,0.0,0.0,0.0,0.0,0.0,0.0,0.0,0.0,0.0,0.0,0.0,1.0,0.0,0.0,0.0,0.0,0.0,0.0,0.0,0.0
1450,1997-07-22,SZSE:002091,0.0,0.0,0.0,0.0,0.0,0.0,0.0,0.0,0.0,0.0,0.0,0.0,0.0,0.0,0.0,0.0,0.0,0.0,0.0,0.0,0.0,0.0,0.0,0.0,0.0,0.0,0.0,0.0,1.0,0.0,0.0,0.0,0.0,0.0,0.0,0.0,0.0
1451,1997-07-23,SZSE:002091,0.0,0.0,0.0,0.0,0.0,0.0,0.0,0.0,0.0,0.0,0.0,0.0,0.0,0.0,0.0,0.0,0.0,0.0,0.0,0.0,0.0,0.0,0.0,0.0,0.0,0.0,0.0,0.0,1.0,0.0,0.0,0.0,0.0,0.0,0.0,0.0,0.0
1452,1997-07-24,SZSE:002091,0.0,0.0,0.0,0.0,0.0,0.0,0.0,0.0,0.0,0.0,0.0,0.0,0.0,0.0,0.0,0.0,0.0,0.0,0.0,0.0,0.0,0.0,0.0,0.0,0.0,0.0,0.0,0.0,1.0,0.0,0.0,0.0,0.0,0.0,0.0,0.0,0.0
1453,1997-07-25,SZSE:002091,0.0,0.0,0.0,0.0,0.0,0.0,0.0,0.0,0.0,0.0,0.0,0.0,0.0,0.0,0.0,0.0,0.0,0.0,0.0,0.0,0.0,0.0,0.0,0.0,0.0,0.0,0.0,0.0,1.0,0.0,0.0,0.0,0.0,0.0,0.0,0.0,0.0
1454,1997-07-28,SZSE:002091,0.0,0.0,0.0,0.0,0.0,0.0,0.0,0.0,0.0,0.0,0.0,0.0,0.0,0.0,0.0,0.0,0.0,0.0,0.0,0.0,0.0,0.0,0.0,0.0,0.0,0.0,0.0,0.0,1.0,0.0,0.0,0.0,0.0,0.0,0.0,0.0,0.0
1455,1997-07-29,SZSE:002091,0.0,0.0,0.0,0.0,0.0,0.0,0.0,0.0,0.0,0.0,0.0,0.0,0.0,0.0,0.0,0.0,0.0,0.0,0.0,0.0,0.0,0.0,0.0,0.0,0.0,0.0,0.0,0.0,1.0,0.0,0.0,0.0,0.0,0.0,0.0,0.0,0.0
1456,1997-07-30,SZSE:002091,0.0,0.0,0.0,0.0,0.0,0.0,0.0,0.0,0.0,0.0,0.0,0.0,0.0,0.0,0.0,0.0,0.0,0.0,0.0,0.0,0.0,0.0,0.0,0.0,0.0,0.0,0.0,0.0,1.0,0.0,0.0,0.0,0.0,0.0,0.0,0.0,0.0
1457,1997-07-31,SZSE:002091,0.0,0.0,0.0,0.0,0.0,0.0,0.0,0.0,0.0,0.0,0.0,0.0,0.0,0.0,0.0,0.0,0.0,0.0,0.0,0.0,0.0,0.0,0.0,0.0,0.0,0.0,0.0,0.0,1.0,0.0,0.0,0.0,0.0,0.0,0.0,0.0,0.0
1458,1997-08-01,SZSE:002091,0.0,0.0,0.0,0.0,0.0,0.0,0.0,0.0,0.0,0.0,0.0,0.0,0.0,0.0,0.0,0.0,0.0,0.0,0.0,0.0,0.0,0.0,0.0,0.0,0.0,0.0,0.0,0.0,1.0,0.0,0.0,0.0,0.0,0.0,0.0,0.0,0.0
1459,1997-08-04,SZSE:002091,0.0,0.0,0.0,0.0,0.0,0.0,0.0,0.0,0.0,0.0,0.0,0.0,0.0,0.0,0.0,0.0,0.0,0.0,0.0,0.0,0.0,0.0,0.0,0.0,0.0,0.0,0.0,0.0,1.0,0.0,0.0,0.0,0.0,0.0,0.0,0.0,0.0
1460,1997-08-05,SZSE:002091,0.0,0.0,0.0,0.0,0.0,0.0,0.0,0.0,0.0,0.0,0.0,0.0,0.0,0.0,0.0,0.0,0.0,0.0,0.0,0.0,0.0,0.0,0.0,0.0,0.0,0.0,0.0,0.0,1.0,0.0,0.0,0.0,0.0,0.0,0.0,0.0,0.0
1461,1997-08-06,SZSE:002091,0.0,0.0,0.0,0.0,0.0,0.0,0.0,0.0,0.0,0.0,0.0,0.0,0.0,0.0,0.0,0.0,0.0,0.0,0.0,0.0,0.0,0.0,0.0,0.0,0.0,0.0,0.0,0.0,1.0,0.0,0.0,0.0,0.0,0.0,0.0,0.0,0.0
1462,1997-08-07,SZSE:002091,0.0,0.0,0.0,0.0,0.0,0.0,0.0,0.0,0.0,0.0,0.0,0.0,0.0,0.0,0.0,0.0,0.0,0.0,0.0,0.0,0.0,0.0,0.0,0.0,0.0,0.0,0.0,0.0,1.0,0.0,0.0,0.0,0.0,0.0,0.0,0.0,0.0
1463,1997-08-08,SZSE:002091,0.0,0.0,0.0,0.0,0.0,0.0,0.0,0.0,0.0,0.0,0.0,0.0,0.0,0.0,0.0,0.0,0.0,0.0,0.0,0.0,0.0,0.0,0.0,0.0,0.0,0.0,0.0,0.0,1.0,0.0,0.0,0.0,0.0,0.0,0.0,0.0,0.0
1464,1997-08-11,SZSE:002091,0.0,0.0,0.0,0.0,0.0,0.0,0.0,0.0,0.0,0.0,0.0,0.0,0.0,0.0,0.0,0.0,0.0,0.0,0.0,0.0,0.0,0.0,0.0,0.0,0.0,0.0,0.0,0.0,1.0,0.0,0.0,0.0,0.0,0.0,0.0,0.0,0.0
1465,1997-08-12,SZSE:002091,0.0,0.0,0.0,0.0,0.0,0.0,0.0,0.0,0.0,0.0,0.0,0.0,0.0,0.0,0.0,0.0,0.0,0.0,0.0,0.0,0.0,0.0,0.0,0.0,0.0,0.0,0.0,0.0,1.0,0.0,0.0,0.0,0.0,0.0,0.0,0.0,0.0
1466,1997-08-13,SZSE:002091,0.0,0.0,0.0,0.0,0.0,0.0,0.0,0.0,0.0,0.0,0.0,0.0,0.0,0.0,0.0,0.0,0.0,0.0,0.0,0.0,0.0,0.0,0.0,0.0,0.0,0.0,0.0,0.0,1.0,0.0,0.0,0.0,0.0,0.0,0.0,0.0,0.0
1467,1997-08-14,SZSE:002091,0.0,0.0,0.0,0.0,0.0,0.0,0.0,0.0,0.0,0.0,0.0,0.0,0.0,0.0,0.0,0.0,0.0,0.0,0.0,0.0,0.0,0.0,0.0,0.0,0.0,0.0,0.0,0.0,1.0,0.0,0.0,0.0,0.0,0.0,0.0,0.0,0.0
1468,1997-08-15,SZSE:002091,0.0,0.0,0.0,0.0,0.0,0.0,0.0,0.0,0.0,0.0,0.0,0.0,0.0,0.0,0.0,0.0,0.0,0.0,0.0,0.0,0.0,0.0,0.0,0.0,0.0,0.0,0.0,0.0,1.0,0.0,0.0,0.0,0.0,0.0,0.0,0.0,0.0
1469,1997-08-18,SZSE:002091,0.0,0.0,0.0,0.0,0.0,0.0,0.0,0.0,0.0,0.0,0.0,0.0,0.0,0.0,0.0,0.0,0.0,0.0,0.0,0.0,0.0,0.0,0.0,0.0,0.0,0.0,0.0,0.0,1.0,0.0,0.0,0.0,0.0,0.0,0.0,0.0,0.0
1470,1997-08-19,SZSE:002091,0.0,0.0,0.0,0.0,0.0,0.0,0.0,0.0,0.0,0.0,0.0,0.0,0.0,0.0,0.0,0.0,0.0,0.0,0.0,0.0,0.0,0.0,0.0,0.0,0.0,0.0,0.0,0.0,1.0,0.0,0.0,0.0,0.0,0.0,0.0,0.0,0.0
1471,1997-08-20,SZSE:002091,0.0,0.0,0.0,0.0,0.0,0.0,0.0,0.0,0.0,0.0,0.0,0.0,0.0,0.0,0.0,0.0,0.0,0.0,0.0,0.0,0.0,0.0,0.0,0.0,0.0,0.0,0.0,0.0,1.0,0.0,0.0,0.0,0.0,0.0,0.0,0.0,0.0
1472,1997-08-21,SZSE:002091,0.0,0.0,0.0,0.0,0.0,0.0,0.0,0.0,0.0,0.0,0.0,0.0,0.0,0.0,0.0,0.0,0.0,0.0,0.0,0.0,0.0,0.0,0.0,0.0,0.0,0.0,0.0,0.0,1.0,0.0,0.0,0.0,0.0,0.0,0.0,0.0,0.0
1473,1997-08-22,SZSE:002091,0.0,0.0,0.0,0.0,0.0,0.0,0.0,0.0,0.0,0.0,0.0,0.0,0.0,0.0,0.0,0.0,0.0,0.0,0.0,0.0,0.0,0.0,0.0,0.0,0.0,0.0,0.0,0.0,1.0,0.0,0.0,0.0,0.0,0.0,0.0,0.0,0.0
1474,1997-08-25,SZSE:002091,0.0,0.0,0.0,0.0,0.0,0.0,0.0,0.0,0.0,0.0,0.0,0.0,0.0,0.0,0.0,0.0,0.0,0.0,0.0,0.0,0.0,0.0,0.0,0.0,0.0,0.0,0.0,0.0,1.0,0.0,0.0,0.0,0.0,0.0,0.0,0.0,0.0
1475,1997-08-26,SZSE:002091,0.0,0.0,0.0,0.0,0.0,0.0,0.0,0.0,0.0,0.0,0.0,0.0,0.0,0.0,0.0,0.0,0.0,0.0,0.0,0.0,0.0,0.0,0.0,0.0,0.0,0.0,0.0,0.0,1.0,0.0,0.0,0.0,0.0,0.0,0.0,0.0,0.0
1476,1997-08-27,SZSE:002091,0.0,0.0,0.0,0.0,0.0,0.0,0.0,0.0,0.0,0.0,0.0,0.0,0.0,0.0,0.0,0.0,0.0,0.0,0.0,0.0,0.0,0.0,0.0,0.0,0.0,0.0,0.0,0.0,1.0,0.0,0.0,0.0,0.0,0.0,0.0,0.0,0.0
1477,1997-08-28,SZSE:002091,0.0,0.0,0.0,0.0,0.0,0.0,0.0,0.0,0.0,0.0,0.0,0.0,0.0,0.0,0.0,0.0,0.0,0.0,0.0,0.0,0.0,0.0,0.0,0.0,0.0,0.0,0.0,0.0,1.0,0.0,0.0,0.0,0.0,0.0,0.0,0.0,0.0
1478,1997-08-29,SZSE:002091,0.0,0.0,0.0,0.0,0.0,0.0,0.0,0.0,0.0,0.0,0.0,0.0,0.0,0.0,0.0,0.0,0.0,0.0,0.0,0.0,0.0,0.0,0.0,0.0,0.0,0.0,0.0,0.0,1.0,0.0,0.0,0.0,0.0,0.0,0.0,0.0,0.0
1479,1997-09-01,SZSE:002091,0.0,0.0,0.0,0.0,0.0,0.0,0.0,0.0,0.0,0.0,0.0,0.0,0.0,0.0,0.0,0.0,0.0,0.0,0.0,0.0,0.0,0.0,0.0,0.0,0.0,0.0,0.0,0.0,1.0,0.0,0.0,0.0,0.0,0.0,0.0,0.0,0.0
1480,1997-09-02,SZSE:002091,0.0,0.0,0.0,0.0,0.0,0.0,0.0,0.0,0.0,0.0,0.0,0.0,0.0,0.0,0.0,0.0,0.0,0.0,0.0,0.0,0.0,0.0,0.0,0.0,0.0,0.0,0.0,0.0,1.0,0.0,0.0,0.0,0.0,0.0,0.0,0.0,0.0
1481,1997-09-03,SZSE:002091,0.0,0.0,0.0,0.0,0.0,0.0,0.0,0.0,0.0,0.0,0.0,0.0,0.0,0.0,0.0,0.0,0.0,0.0,0.0,0.0,0.0,0.0,0.0,0.0,0.0,0.0,0.0,0.0,1.0,0.0,0.0,0.0,0.0,0.0,0.0,0.0,0.0
1482,1997-09-04,SZSE:002091,0.0,0.0,0.0,0.0,0.0,0.0,0.0,0.0,0.0,0.0,0.0,0.0,0.0,0.0,0.0,0.0,0.0,0.0,0.0,0.0,0.0,0.0,0.0,0.0,0.0,0.0,0.0,0.0,1.0,0.0,0.0,0.0,0.0,0.0,0.0,0.0,0.0
1483,1997-09-05,SZSE:002091,0.0,0.0,0.0,0.0,0.0,0.0,0.0,0.0,0.0,0.0,0.0,0.0,0.0,0.0,0.0,0.0,0.0,0.0,0.0,0.0,0.0,0.0,0.0,0.0,0.0,0.0,0.0,0.0,1.0,0.0,0.0,0.0,0.0,0.0,0.0,0.0,0.0
1484,1997-09-08,SZSE:002091,0.0,0.0,0.0,0.0,0.0,0.0,0.0,0.0,0.0,0.0,0.0,0.0,0.0,0.0,0.0,0.0,0.0,0.0,0.0,0.0,0.0,0.0,0.0,0.0,0.0,0.0,0.0,0.0,1.0,0.0,0.0,0.0,0.0,0.0,0.0,0.0,0.0
1485,1997-09-09,SZSE:002091,0.0,0.0,0.0,0.0,0.0,0.0,0.0,0.0,0.0,0.0,0.0,0.0,0.0,0.0,0.0,0.0,0.0,0.0,0.0,0.0,0.0,0.0,0.0,0.0,0.0,0.0,0.0,0.0,1.0,0.0,0.0,0.0,0.0,0.0,0.0,0.0,0.0
1486,1997-09-10,SZSE:002091,0.0,0.0,0.0,0.0,0.0,0.0,0.0,0.0,0.0,0.0,0.0,0.0,0.0,0.0,0.0,0.0,0.0,0.0,0.0,0.0,0.0,0.0,0.0,0.0,0.0,0.0,0.0,0.0,1.0,0.0,0.0,0.0,0.0,0.0,0.0,0.0,0.0
1487,1997-09-11,SZSE:002091,0.0,0.0,0.0,0.0,0.0,0.0,0.0,0.0,0.0,0.0,0.0,0.0,0.0,0.0,0.0,0.0,0.0,0.0,0.0,0.0,0.0,0.0,0.0,0.0,0.0,0.0,0.0,0.0,1.0,0.0,0.0,0.0,0.0,0.0,0.0,0.0,0.0
1488,1997-09-12,SZSE:002091,0.0,0.0,0.0,0.0,0.0,0.0,0.0,0.0,0.0,0.0,0.0,0.0,0.0,0.0,0.0,0.0,0.0,0.0,0.0,0.0,0.0,0.0,0.0,0.0,0.0,0.0,0.0,0.0,1.0,0.0,0.0,0.0,0.0,0.0,0.0,0.0,0.0
1489,1997-09-15,SZSE:002091,0.0,0.0,0.0,0.0,0.0,0.0,0.0,0.0,0.0,0.0,0.0,0.0,0.0,0.0,0.0,0.0,0.0,0.0,0.0,0.0,0.0,0.0,0.0,0.0,0.0,0.0,0.0,0.0,1.0,0.0,0.0,0.0,0.0,0.0,0.0,0.0,0.0
1490,1997-09-16,SZSE:002091,0.0,0.0,0.0,0.0,0.0,0.0,0.0,0.0,0.0,0.0,0.0,0.0,0.0,0.0,0.0,0.0,0.0,0.0,0.0,0.0,0.0,0.0,0.0,0.0,0.0,0.0,0.0,0.0,1.0,0.0,0.0,0.0,0.0,0.0,0.0,0.0,0.0
1491,1997-09-17,SZSE:002091,0.0,0.0,0.0,0.0,0.0,0.0,0.0,0.0,0.0,0.0,0.0,0.0,0.0,0.0,0.0,0.0,0.0,0.0,0.0,0.0,0.0,0.0,0.0,0.0,0.0,0.0,0.0,0.0,1.0,0.0,0.0,0.0,0.0,0.0,0.0,0.0,0.0
1492,1997-09-18,SZSE:002091,0.0,0.0,0.0,0.0,0.0,0.0,0.0,0.0,0.0,0.0,0.0,0.0,0.0,0.0,0.0,0.0,0.0,0.0,0.0,0.0,0.0,0.0,0.0,0.0,0.0,0.0,0.0,0.0,1.0,0.0,0.0,0.0,0.0,0.0,0.0,0.0,0.0
1493,1997-09-19,SZSE:002091,0.0,0.0,0.0,0.0,0.0,0.0,0.0,0.0,0.0,0.0,0.0,0.0,0.0,0.0,0.0,0.0,0.0,0.0,0.0,0.0,0.0,0.0,0.0,0.0,0.0,0.0,0.0,0.0,1.0,0.0,0.0,0.0,0.0,0.0,0.0,0.0,0.0
1494,1997-09-22,SZSE:002091,0.0,0.0,0.0,0.0,0.0,0.0,0.0,0.0,0.0,0.0,0.0,0.0,0.0,0.0,0.0,0.0,0.0,0.0,0.0,0.0,0.0,0.0,0.0,0.0,0.0,0.0,0.0,0.0,1.0,0.0,0.0,0.0,0.0,0.0,0.0,0.0,0.0
1495,1997-09-23,SZSE:002091,0.0,0.0,0.0,0.0,0.0,0.0,0.0,0.0,0.0,0.0,0.0,0.0,0.0,0.0,0.0,0.0,0.0,0.0,0.0,0.0,0.0,0.0,0.0,0.0,0.0,0.0,0.0,0.0,1.0,0.0,0.0,0.0,0.0,0.0,0.0,0.0,0.0
1496,1997-09-24,SZSE:002091,0.0,0.0,0.0,0.0,0.0,0.0,0.0,0.0,0.0,0.0,0.0,0.0,0.0,0.0,0.0,0.0,0.0,0.0,0.0,0.0,0.0,0.0,0.0,0.0,0.0,0.0,0.0,0.0,1.0,0.0,0.0,0.0,0.0,0.0,0.0,0.0,0.0
1497,1997-09-25,SZSE:002091,0.0,0.0,0.0,0.0,0.0,0.0,0.0,0.0,0.0,0.0,0.0,0.0,0.0,0.0,0.0,0.0,0.0,0.0,0.0,0.0,0.0,0.0,0.0,0.0,0.0,0.0,0.0,0.0,1.0,0.0,0.0,0.0,0.0,0.0,0.0,0.0,0.0
1498,1997-09-26,SZSE:002091,0.0,0.0,0.0,0.0,0.0,0.0,0.0,0.0,0.0,0.0,0.0,0.0,0.0,0.0,0.0,0.0,0.0,0.0,0.0,0.0,0.0,0.0,0.0,0.0,0.0,0.0,0.0,0.0,1.0,0.0,0.0,0.0,0.0,0.0,0.0,0.0,0.0
1499,1997-09-29,SZSE:002091,0.0,0.0,0.0,0.0,0.0,0.0,0.0,0.0,0.0,0.0,0.0,0.0,0.0,0.0,0.0,0.0,0.0,0.0,0.0,0.0,0.0,0.0,0.0,0.0,0.0,0.0,0.0,0.0,1.0,0.0,0.0,0.0,0.0,0.0,0.0,0.0,0.0
1500,1997-09-30,SZSE:002091,0.0,0.0,0.0,0.0,0.0,0.0,0.0,0.0,0.0,0.0,0.0,0.0,0.0,0.0,0.0,0.0,0.0,0.0,0.0,0.0,0.0,0.0,0.0,0.0,0.0,0.0,0.0,0.0,1.0,0.0,0.0,0.0,0.0,0.0,0.0,0.0,0.0
1501,1997-10-01,SZSE:002091,0.0,0.0,0.0,0.0,0.0,0.0,0.0,0.0,0.0,0.0,0.0,0.0,0.0,0.0,0.0,0.0,0.0,0.0,0.0,0.0,0.0,0.0,0.0,0.0,0.0,0.0,0.0,0.0,1.0,0.0,0.0,0.0,0.0,0.0,0.0,0.0,0.0
1502,1997-10-02,SZSE:002091,0.0,0.0,0.0,0.0,0.0,0.0,0.0,0.0,0.0,0.0,0.0,0.0,0.0,0.0,0.0,0.0,0.0,0.0,0.0,0.0,0.0,0.0,0.0,0.0,0.0,0.0,0.0,0.0,1.0,0.0,0.0,0.0,0.0,0.0,0.0,0.0,0.0
1503,1997-10-03,SZSE:002091,0.0,0.0,0.0,0.0,0.0,0.0,0.0,0.0,0.0,0.0,0.0,0.0,0.0,0.0,0.0,0.0,0.0,0.0,0.0,0.0,0.0,0.0,0.0,0.0,0.0,0.0,0.0,0.0,1.0,0.0,0.0,0.0,0.0,0.0,0.0,0.0,0.0
1504,1997-10-06,SZSE:002091,0.0,0.0,0.0,0.0,0.0,0.0,0.0,0.0,0.0,0.0,0.0,0.0,0.0,0.0,0.0,0.0,0.0,0.0,0.0,0.0,0.0,0.0,0.0,0.0,0.0,0.0,0.0,0.0,1.0,0.0,0.0,0.0,0.0,0.0,0.0,0.0,0.0
1505,1997-10-07,SZSE:002091,0.0,0.0,0.0,0.0,0.0,0.0,0.0,0.0,0.0,0.0,0.0,0.0,0.0,0.0,0.0,0.0,0.0,0.0,0.0,0.0,0.0,0.0,0.0,0.0,0.0,0.0,0.0,0.0,1.0,0.0,0.0,0.0,0.0,0.0,0.0,0.0,0.0
1506,1997-10-08,SZSE:002091,0.0,0.0,0.0,0.0,0.0,0.0,0.0,0.0,0.0,0.0,0.0,0.0,0.0,0.0,0.0,0.0,0.0,0.0,0.0,0.0,0.0,0.0,0.0,0.0,0.0,0.0,0.0,0.0,1.0,0.0,0.0,0.0,0.0,0.0,0.0,0.0,0.0
1507,1997-10-09,SZSE:002091,0.0,0.0,0.0,0.0,0.0,0.0,0.0,0.0,0.0,0.0,0.0,0.0,0.0,0.0,0.0,0.0,0.0,0.0,0.0,0.0,0.0,0.0,0.0,0.0,0.0,0.0,0.0,0.0,1.0,0.0,0.0,0.0,0.0,0.0,0.0,0.0,0.0
1508,1997-10-10,SZSE:002091,0.0,0.0,0.0,0.0,0.0,0.0,0.0,0.0,0.0,0.0,0.0,0.0,0.0,0.0,0.0,0.0,0.0,0.0,0.0,0.0,0.0,0.0,0.0,0.0,0.0,0.0,0.0,0.0,1.0,0.0,0.0,0.0,0.0,0.0,0.0,0.0,0.0
1509,1997-10-13,SZSE:002091,0.0,0.0,0.0,0.0,0.0,0.0,0.0,0.0,0.0,0.0,0.0,0.0,0.0,0.0,0.0,0.0,0.0,0.0,0.0,0.0,0.0,0.0,0.0,0.0,0.0,0.0,0.0,0.0,1.0,0.0,0.0,0.0,0.0,0.0,0.0,0.0,0.0
1510,1997-10-14,SZSE:002091,0.0,0.0,0.0,0.0,0.0,0.0,0.0,0.0,0.0,0.0,0.0,0.0,0.0,0.0,0.0,0.0,0.0,0.0,0.0,0.0,0.0,0.0,0.0,0.0,0.0,0.0,0.0,0.0,1.0,0.0,0.0,0.0,0.0,0.0,0.0,0.0,0.0
1511,1997-10-15,SZSE:002091,0.0,0.0,0.0,0.0,0.0,0.0,0.0,0.0,0.0,0.0,0.0,0.0,0.0,0.0,0.0,0.0,0.0,0.0,0.0,0.0,0.0,0.0,0.0,0.0,0.0,0.0,0.0,0.0,1.0,0.0,0.0,0.0,0.0,0.0,0.0,0.0,0.0
1512,1997-10-16,SZSE:002091,0.0,0.0,0.0,0.0,0.0,0.0,0.0,0.0,0.0,0.0,0.0,0.0,0.0,0.0,0.0,0.0,0.0,0.0,0.0,0.0,0.0,0.0,0.0,0.0,0.0,0.0,0.0,0.0,1.0,0.0,0.0,0.0,0.0,0.0,0.0,0.0,0.0
1513,1997-10-17,SZSE:002091,0.0,0.0,0.0,0.0,0.0,0.0,0.0,0.0,0.0,0.0,0.0,0.0,0.0,0.0,0.0,0.0,0.0,0.0,0.0,0.0,0.0,0.0,0.0,0.0,0.0,0.0,0.0,0.0,1.0,0.0,0.0,0.0,0.0,0.0,0.0,0.0,0.0
1514,1997-10-20,SZSE:002091,0.0,0.0,0.0,0.0,0.0,0.0,0.0,0.0,0.0,0.0,0.0,0.0,0.0,0.0,0.0,0.0,0.0,0.0,0.0,0.0,0.0,0.0,0.0,0.0,0.0,0.0,0.0,0.0,1.0,0.0,0.0,0.0,0.0,0.0,0.0,0.0,0.0
1515,1997-10-21,SZSE:002091,0.0,0.0,0.0,0.0,0.0,0.0,0.0,0.0,0.0,0.0,0.0,0.0,0.0,0.0,0.0,0.0,0.0,0.0,0.0,0.0,0.0,0.0,0.0,0.0,0.0,0.0,0.0,0.0,1.0,0.0,0.0,0.0,0.0,0.0,0.0,0.0,0.0
1516,1997-10-22,SZSE:002091,0.0,0.0,0.0,0.0,0.0,0.0,0.0,0.0,0.0,0.0,0.0,0.0,0.0,0.0,0.0,0.0,0.0,0.0,0.0,0.0,0.0,0.0,0.0,0.0,0.0,0.0,0.0,0.0,1.0,0.0,0.0,0.0,0.0,0.0,0.0,0.0,0.0
1517,1997-10-23,SZSE:002091,0.0,0.0,0.0,0.0,0.0,0.0,0.0,0.0,0.0,0.0,0.0,0.0,0.0,0.0,0.0,0.0,0.0,0.0,0.0,0.0,0.0,0.0,0.0,0.0,0.0,0.0,0.0,0.0,1.0,0.0,0.0,0.0,0.0,0.0,0.0,0.0,0.0
1518,1997-10-24,SZSE:002091,0.0,0.0,0.0,0.0,0.0,0.0,0.0,0.0,0.0,0.0,0.0,0.0,0.0,0.0,0.0,0.0,0.0,0.0,0.0,0.0,0.0,0.0,0.0,0.0,0.0,0.0,0.0,0.0,1.0,0.0,0.0,0.0,0.0,0.0,0.0,0.0,0.0
1519,1997-10-27,SZSE:002091,0.0,0.0,0.0,0.0,0.0,0.0,0.0,0.0,0.0,0.0,0.0,0.0,0.0,0.0,0.0,0.0,0.0,0.0,0.0,0.0,0.0,0.0,0.0,0.0,0.0,0.0,0.0,0.0,1.0,0.0,0.0,0.0,0.0,0.0,0.0,0.0,0.0
1520,1997-10-28,SZSE:002091,0.0,0.0,0.0,0.0,0.0,0.0,0.0,0.0,0.0,0.0,0.0,0.0,0.0,0.0,0.0,0.0,0.0,0.0,0.0,0.0,0.0,0.0,0.0,0.0,0.0,0.0,0.0,0.0,1.0,0.0,0.0,0.0,0.0,0.0,0.0,0.0,0.0
1521,1997-10-29,SZSE:002091,0.0,0.0,0.0,0.0,0.0,0.0,0.0,0.0,0.0,0.0,0.0,0.0,0.0,0.0,0.0,0.0,0.0,0.0,0.0,0.0,0.0,0.0,0.0,0.0,0.0,0.0,0.0,0.0,1.0,0.0,0.0,0.0,0.0,0.0,0.0,0.0,0.0
1522,1997-10-30,SZSE:002091,0.0,0.0,0.0,0.0,0.0,0.0,0.0,0.0,0.0,0.0,0.0,0.0,0.0,0.0,0.0,0.0,0.0,0.0,0.0,0.0,0.0,0.0,0.0,0.0,0.0,0.0,0.0,0.0,1.0,0.0,0.0,0.0,0.0,0.0,0.0,0.0,0.0
1523,1997-10-31,SZSE:002091,0.0,0.0,0.0,0.0,0.0,0.0,0.0,0.0,0.0,0.0,0.0,0.0,0.0,0.0,0.0,0.0,0.0,0.0,0.0,0.0,0.0,0.0,0.0,0.0,0.0,0.0,0.0,0.0,1.0,0.0,0.0,0.0,0.0,0.0,0.0,0.0,0.0
1524,1997-11-03,SZSE:002091,0.0,0.0,0.0,0.0,0.0,0.0,0.0,0.0,0.0,0.0,0.0,0.0,0.0,0.0,0.0,0.0,0.0,0.0,0.0,0.0,0.0,0.0,0.0,0.0,0.0,0.0,0.0,0.0,1.0,0.0,0.0,0.0,0.0,0.0,0.0,0.0,0.0
1525,1997-11-04,SZSE:002091,0.0,0.0,0.0,0.0,0.0,0.0,0.0,0.0,0.0,0.0,0.0,0.0,0.0,0.0,0.0,0.0,0.0,0.0,0.0,0.0,0.0,0.0,0.0,0.0,0.0,0.0,0.0,0.0,1.0,0.0,0.0,0.0,0.0,0.0,0.0,0.0,0.0
1526,1997-11-05,SZSE:002091,0.0,0.0,0.0,0.0,0.0,0.0,0.0,0.0,0.0,0.0,0.0,0.0,0.0,0.0,0.0,0.0,0.0,0.0,0.0,0.0,0.0,0.0,0.0,0.0,0.0,0.0,0.0,0.0,1.0,0.0,0.0,0.0,0.0,0.0,0.0,0.0,0.0
1527,1997-11-06,SZSE:002091,0.0,0.0,0.0,0.0,0.0,0.0,0.0,0.0,0.0,0.0,0.0,0.0,0.0,0.0,0.0,0.0,0.0,0.0,0.0,0.0,0.0,0.0,0.0,0.0,0.0,0.0,0.0,0.0,1.0,0.0,0.0,0.0,0.0,0.0,0.0,0.0,0.0
1528,1997-11-07,SZSE:002091,0.0,0.0,0.0,0.0,0.0,0.0,0.0,0.0,0.0,0.0,0.0,0.0,0.0,0.0,0.0,0.0,0.0,0.0,0.0,0.0,0.0,0.0,0.0,0.0,0.0,0.0,0.0,0.0,1.0,0.0,0.0,0.0,0.0,0.0,0.0,0.0,0.0
1529,1997-11-10,SZSE:002091,0.0,0.0,0.0,0.0,0.0,0.0,0.0,0.0,0.0,0.0,0.0,0.0,0.0,0.0,0.0,0.0,0.0,0.0,0.0,0.0,0.0,0.0,0.0,0.0,0.0,0.0,0.0,0.0,1.0,0.0,0.0,0.0,0.0,0.0,0.0,0.0,0.0
1530,1997-11-11,SZSE:002091,0.0,0.0,0.0,0.0,0.0,0.0,0.0,0.0,0.0,0.0,0.0,0.0,0.0,0.0,0.0,0.0,0.0,0.0,0.0,0.0,0.0,0.0,0.0,0.0,0.0,0.0,0.0,0.0,1.0,0.0,0.0,0.0,0.0,0.0,0.0,0.0,0.0
1531,1997-11-12,SZSE:002091,0.0,0.0,0.0,0.0,0.0,0.0,0.0,0.0,0.0,0.0,0.0,0.0,0.0,0.0,0.0,0.0,0.0,0.0,0.0,0.0,0.0,0.0,0.0,0.0,0.0,0.0,0.0,0.0,1.0,0.0,0.0,0.0,0.0,0.0,0.0,0.0,0.0
1532,1997-11-13,SZSE:002091,0.0,0.0,0.0,0.0,0.0,0.0,0.0,0.0,0.0,0.0,0.0,0.0,0.0,0.0,0.0,0.0,0.0,0.0,0.0,0.0,0.0,0.0,0.0,0.0,0.0,0.0,0.0,0.0,1.0,0.0,0.0,0.0,0.0,0.0,0.0,0.0,0.0
1533,1997-11-14,SZSE:002091,0.0,0.0,0.0,0.0,0.0,0.0,0.0,0.0,0.0,0.0,0.0,0.0,0.0,0.0,0.0,0.0,0.0,0.0,0.0,0.0,0.0,0.0,0.0,0.0,0.0,0.0,0.0,0.0,1.0,0.0,0.0,0.0,0.0,0.0,0.0,0.0,0.0
1534,1997-11-17,SZSE:002091,0.0,0.0,0.0,0.0,0.0,0.0,0.0,0.0,0.0,0.0,0.0,0.0,0.0,0.0,0.0,0.0,0.0,0.0,0.0,0.0,0.0,0.0,0.0,0.0,0.0,0.0,0.0,0.0,1.0,0.0,0.0,0.0,0.0,0.0,0.0,0.0,0.0
1535,1997-11-18,SZSE:002091,0.0,0.0,0.0,0.0,0.0,0.0,0.0,0.0,0.0,0.0,0.0,0.0,0.0,0.0,0.0,0.0,0.0,0.0,0.0,0.0,0.0,0.0,0.0,0.0,0.0,0.0,0.0,0.0,1.0,0.0,0.0,0.0,0.0,0.0,0.0,0.0,0.0
1536,1997-11-19,SZSE:002091,0.0,0.0,0.0,0.0,0.0,0.0,0.0,0.0,0.0,0.0,0.0,0.0,0.0,0.0,0.0,0.0,0.0,0.0,0.0,0.0,0.0,0.0,0.0,0.0,0.0,0.0,0.0,0.0,1.0,0.0,0.0,0.0,0.0,0.0,0.0,0.0,0.0
1537,1997-11-20,SZSE:002091,0.0,0.0,0.0,0.0,0.0,0.0,0.0,0.0,0.0,0.0,0.0,0.0,0.0,0.0,0.0,0.0,0.0,0.0,0.0,0.0,0.0,0.0,0.0,0.0,0.0,0.0,0.0,0.0,1.0,0.0,0.0,0.0,0.0,0.0,0.0,0.0,0.0
1538,1997-11-21,SZSE:002091,0.0,0.0,0.0,0.0,0.0,0.0,0.0,0.0,0.0,0.0,0.0,0.0,0.0,0.0,0.0,0.0,0.0,0.0,0.0,0.0,0.0,0.0,0.0,0.0,0.0,0.0,0.0,0.0,1.0,0.0,0.0,0.0,0.0,0.0,0.0,0.0,0.0
1539,1997-11-24,SZSE:002091,0.0,0.0,0.0,0.0,0.0,0.0,0.0,0.0,0.0,0.0,0.0,0.0,0.0,0.0,0.0,0.0,0.0,0.0,0.0,0.0,0.0,0.0,0.0,0.0,0.0,0.0,0.0,0.0,1.0,0.0,0.0,0.0,0.0,0.0,0.0,0.0,0.0
1540,1997-11-25,SZSE:002091,0.0,0.0,0.0,0.0,0.0,0.0,0.0,0.0,0.0,0.0,0.0,0.0,0.0,0.0,0.0,0.0,0.0,0.0,0.0,0.0,0.0,0.0,0.0,0.0,0.0,0.0,0.0,0.0,1.0,0.0,0.0,0.0,0.0,0.0,0.0,0.0,0.0
1541,1997-11-26,SZSE:002091,0.0,0.0,0.0,0.0,0.0,0.0,0.0,0.0,0.0,0.0,0.0,0.0,0.0,0.0,0.0,0.0,0.0,0.0,0.0,0.0,0.0,0.0,0.0,0.0,0.0,0.0,0.0,0.0,1.0,0.0,0.0,0.0,0.0,0.0,0.0,0.0,0.0
1542,1997-11-27,SZSE:002091,0.0,0.0,0.0,0.0,0.0,0.0,0.0,0.0,0.0,0.0,0.0,0.0,0.0,0.0,0.0,0.0,0.0,0.0,0.0,0.0,0.0,0.0,0.0,0.0,0.0,0.0,0.0,0.0,1.0,0.0,0.0,0.0,0.0,0.0,0.0,0.0,0.0
1543,1997-11-28,SZSE:002091,0.0,0.0,0.0,0.0,0.0,0.0,0.0,0.0,0.0,0.0,0.0,0.0,0.0,0.0,0.0,0.0,0.0,0.0,0.0,0.0,0.0,0.0,0.0,0.0,0.0,0.0,0.0,0.0,1.0,0.0,0.0,0.0,0.0,0.0,0.0,0.0,0.0
1544,1997-12-01,SZSE:002091,0.0,0.0,0.0,0.0,0.0,0.0,0.0,0.0,0.0,0.0,0.0,0.0,0.0,0.0,0.0,0.0,0.0,0.0,0.0,0.0,0.0,0.0,0.0,0.0,0.0,0.0,0.0,0.0,1.0,0.0,0.0,0.0,0.0,0.0,0.0,0.0,0.0
1545,1997-12-02,SZSE:002091,0.0,0.0,0.0,0.0,0.0,0.0,0.0,0.0,0.0,0.0,0.0,0.0,0.0,0.0,0.0,0.0,0.0,0.0,0.0,0.0,0.0,0.0,0.0,0.0,0.0,0.0,0.0,0.0,1.0,0.0,0.0,0.0,0.0,0.0,0.0,0.0,0.0
1546,1997-12-03,SZSE:002091,0.0,0.0,0.0,0.0,0.0,0.0,0.0,0.0,0.0,0.0,0.0,0.0,0.0,0.0,0.0,0.0,0.0,0.0,0.0,0.0,0.0,0.0,0.0,0.0,0.0,0.0,0.0,0.0,1.0,0.0,0.0,0.0,0.0,0.0,0.0,0.0,0.0
1547,1997-12-04,SZSE:002091,0.0,0.0,0.0,0.0,0.0,0.0,0.0,0.0,0.0,0.0,0.0,0.0,0.0,0.0,0.0,0.0,0.0,0.0,0.0,0.0,0.0,0.0,0.0,0.0,0.0,0.0,0.0,0.0,1.0,0.0,0.0,0.0,0.0,0.0,0.0,0.0,0.0
1548,1997-12-05,SZSE:002091,0.0,0.0,0.0,0.0,0.0,0.0,0.0,0.0,0.0,0.0,0.0,0.0,0.0,0.0,0.0,0.0,0.0,0.0,0.0,0.0,0.0,0.0,0.0,0.0,0.0,0.0,0.0,0.0,1.0,0.0,0.0,0.0,0.0,0.0,0.0,0.0,0.0
1549,1997-12-08,SZSE:002091,0.0,0.0,0.0,0.0,0.0,0.0,0.0,0.0,0.0,0.0,0.0,0.0,0.0,0.0,0.0,0.0,0.0,0.0,0.0,0.0,0.0,0.0,0.0,0.0,0.0,0.0,0.0,0.0,1.0,0.0,0.0,0.0,0.0,0.0,0.0,0.0,0.0
1550,1997-12-09,SZSE:002091,0.0,0.0,0.0,0.0,0.0,0.0,0.0,0.0,0.0,0.0,0.0,0.0,0.0,0.0,0.0,0.0,0.0,0.0,0.0,0.0,0.0,0.0,0.0,0.0,0.0,0.0,0.0,0.0,1.0,0.0,0.0,0.0,0.0,0.0,0.0,0.0,0.0
1551,1997-12-10,SZSE:002091,0.0,0.0,0.0,0.0,0.0,0.0,0.0,0.0,0.0,0.0,0.0,0.0,0.0,0.0,0.0,0.0,0.0,0.0,0.0,0.0,0.0,0.0,0.0,0.0,0.0,0.0,0.0,0.0,1.0,0.0,0.0,0.0,0.0,0.0,0.0,0.0,0.0
1552,1997-12-11,SZSE:002091,0.0,0.0,0.0,0.0,0.0,0.0,0.0,0.0,0.0,0.0,0.0,0.0,0.0,0.0,0.0,0.0,0.0,0.0,0.0,0.0,0.0,0.0,0.0,0.0,0.0,0.0,0.0,0.0,1.0,0.0,0.0,0.0,0.0,0.0,0.0,0.0,0.0
1553,1997-12-12,SZSE:002091,0.0,0.0,0.0,0.0,0.0,0.0,0.0,0.0,0.0,0.0,0.0,0.0,0.0,0.0,0.0,0.0,0.0,0.0,0.0,0.0,0.0,0.0,0.0,0.0,0.0,0.0,0.0,0.0,1.0,0.0,0.0,0.0,0.0,0.0,0.0,0.0,0.0
1554,1997-12-15,SZSE:002091,0.0,0.0,0.0,0.0,0.0,0.0,0.0,0.0,0.0,0.0,0.0,0.0,0.0,0.0,0.0,0.0,0.0,0.0,0.0,0.0,0.0,0.0,0.0,0.0,0.0,0.0,0.0,0.0,1.0,0.0,0.0,0.0,0.0,0.0,0.0,0.0,0.0
1555,1997-12-16,SZSE:002091,0.0,0.0,0.0,0.0,0.0,0.0,0.0,0.0,0.0,0.0,0.0,0.0,0.0,0.0,0.0,0.0,0.0,0.0,0.0,0.0,0.0,0.0,0.0,0.0,0.0,0.0,0.0,0.0,1.0,0.0,0.0,0.0,0.0,0.0,0.0,0.0,0.0
1556,1997-12-17,SZSE:002091,0.0,0.0,0.0,0.0,0.0,0.0,0.0,0.0,0.0,0.0,0.0,0.0,0.0,0.0,0.0,0.0,0.0,0.0,0.0,0.0,0.0,0.0,0.0,0.0,0.0,0.0,0.0,0.0,1.0,0.0,0.0,0.0,0.0,0.0,0.0,0.0,0.0
1557,1997-12-18,SZSE:002091,0.0,0.0,0.0,0.0,0.0,0.0,0.0,0.0,0.0,0.0,0.0,0.0,0.0,0.0,0.0,0.0,0.0,0.0,0.0,0.0,0.0,0.0,0.0,0.0,0.0,0.0,0.0,0.0,1.0,0.0,0.0,0.0,0.0,0.0,0.0,0.0,0.0
1558,1997-12-19,SZSE:002091,0.0,0.0,0.0,0.0,0.0,0.0,0.0,0.0,0.0,0.0,0.0,0.0,0.0,0.0,0.0,0.0,0.0,0.0,0.0,0.0,0.0,0.0,0.0,0.0,0.0,0.0,0.0,0.0,1.0,0.0,0.0,0.0,0.0,0.0,0.0,0.0,0.0
1559,1997-12-22,SZSE:002091,0.0,0.0,0.0,0.0,0.0,0.0,0.0,0.0,0.0,0.0,0.0,0.0,0.0,0.0,0.0,0.0,0.0,0.0,0.0,0.0,0.0,0.0,0.0,0.0,0.0,0.0,0.0,0.0,1.0,0.0,0.0,0.0,0.0,0.0,0.0,0.0,0.0
1560,1997-12-23,SZSE:002091,0.0,0.0,0.0,0.0,0.0,0.0,0.0,0.0,0.0,0.0,0.0,0.0,0.0,0.0,0.0,0.0,0.0,0.0,0.0,0.0,0.0,0.0,0.0,0.0,0.0,0.0,0.0,0.0,1.0,0.0,0.0,0.0,0.0,0.0,0.0,0.0,0.0
1561,1997-12-24,SZSE:002091,0.0,0.0,0.0,0.0,0.0,0.0,0.0,0.0,0.0,0.0,0.0,0.0,0.0,0.0,0.0,0.0,0.0,0.0,0.0,0.0,0.0,0.0,0.0,0.0,0.0,0.0,0.0,0.0,1.0,0.0,0.0,0.0,0.0,0.0,0.0,0.0,0.0
1562,1997-12-25,SZSE:002091,0.0,0.0,0.0,0.0,0.0,0.0,0.0,0.0,0.0,0.0,0.0,0.0,0.0,0.0,0.0,0.0,0.0,0.0,0.0,0.0,0.0,0.0,0.0,0.0,0.0,0.0,0.0,0.0,1.0,0.0,0.0,0.0,0.0,0.0,0.0,0.0,0.0
1563,1997-12-26,SZSE:002091,0.0,0.0,0.0,0.0,0.0,0.0,0.0,0.0,0.0,0.0,0.0,0.0,0.0,0.0,0.0,0.0,0.0,0.0,0.0,0.0,0.0,0.0,0.0,0.0,0.0,0.0,0.0,0.0,1.0,0.0,0.0,0.0,0.0,0.0,0.0,0.0,0.0
1564,1997-12-29,SZSE:002091,0.0,0.0,0.0,0.0,0.0,0.0,0.0,0.0,0.0,0.0,0.0,0.0,0.0,0.0,0.0,0.0,0.0,0.0,0.0,0.0,0.0,0.0,0.0,0.0,0.0,0.0,0.0,0.0,1.0,0.0,0.0,0.0,0.0,0.0,0.0,0.0,0.0
1565,1997-12-30,SZSE:002091,0.0,0.0,0.0,0.0,0.0,0.0,0.0,0.0,0.0,0.0,0.0,0.0,0.0,0.0,0.0,0.0,0.0,0.0,0.0,0.0,0.0,0.0,0.0,0.0,0.0,0.0,0.0,0.0,1.0,0.0,0.0,0.0,0.0,0.0,0.0,0.0,0.0
1566,1997-12-31,SZSE:002091,0.0,0.0,0.0,0.0,0.0,0.0,0.0,0.0,0.0,0.0,0.0,0.0,0.0,0.0,0.0,0.0,0.0,0.0,0.0,0.0,0.0,0.0,0.0,0.0,0.0,0.0,0.0,0.0,1.0,0.0,0.0,0.0,0.0,0.0,0.0,0.0,0.0
1567,1998-01-01,SZSE:002091,0.0,0.0,0.0,0.0,0.0,0.0,0.0,0.0,0.0,0.0,0.0,0.0,0.0,0.0,0.0,0.0,0.0,0.0,0.0,0.0,0.0,0.0,0.0,0.0,0.0,0.0,0.0,0.0,1.0,0.0,0.0,0.0,0.0,0.0,0.0,0.0,0.0
1568,1998-01-02,SZSE:002091,0.0,0.0,0.0,0.0,0.0,0.0,0.0,0.0,0.0,0.0,0.0,0.0,0.0,0.0,0.0,0.0,0.0,0.0,0.0,0.0,0.0,0.0,0.0,0.0,0.0,0.0,0.0,0.0,1.0,0.0,0.0,0.0,0.0,0.0,0.0,0.0,0.0
1569,1998-01-05,SZSE:002091,0.0,0.0,0.0,0.0,0.0,0.0,0.0,0.0,0.0,0.0,0.0,0.0,0.0,0.0,0.0,0.0,0.0,0.0,0.0,0.0,0.0,0.0,0.0,0.0,0.0,0.0,0.0,0.0,1.0,0.0,0.0,0.0,0.0,0.0,0.0,0.0,0.0
1570,1998-01-06,SZSE:002091,0.0,0.0,0.0,0.0,0.0,0.0,0.0,0.0,0.0,0.0,0.0,0.0,0.0,0.0,0.0,0.0,0.0,0.0,0.0,0.0,0.0,0.0,0.0,0.0,0.0,0.0,0.0,0.0,1.0,0.0,0.0,0.0,0.0,0.0,0.0,0.0,0.0
1571,1998-01-07,SZSE:002091,0.0,0.0,0.0,0.0,0.0,0.0,0.0,0.0,0.0,0.0,0.0,0.0,0.0,0.0,0.0,0.0,0.0,0.0,0.0,0.0,0.0,0.0,0.0,0.0,0.0,0.0,0.0,0.0,1.0,0.0,0.0,0.0,0.0,0.0,0.0,0.0,0.0
1572,1998-01-08,SZSE:002091,0.0,0.0,0.0,0.0,0.0,0.0,0.0,0.0,0.0,0.0,0.0,0.0,0.0,0.0,0.0,0.0,0.0,0.0,0.0,0.0,0.0,0.0,0.0,0.0,0.0,0.0,0.0,0.0,1.0,0.0,0.0,0.0,0.0,0.0,0.0,0.0,0.0
1573,1998-01-09,SZSE:002091,0.0,0.0,0.0,0.0,0.0,0.0,0.0,0.0,0.0,0.0,0.0,0.0,0.0,0.0,0.0,0.0,0.0,0.0,0.0,0.0,0.0,0.0,0.0,0.0,0.0,0.0,0.0,0.0,1.0,0.0,0.0,0.0,0.0,0.0,0.0,0.0,0.0
1574,1998-01-12,SZSE:002091,0.0,0.0,0.0,0.0,0.0,0.0,0.0,0.0,0.0,0.0,0.0,0.0,0.0,0.0,0.0,0.0,0.0,0.0,0.0,0.0,0.0,0.0,0.0,0.0,0.0,0.0,0.0,0.0,1.0,0.0,0.0,0.0,0.0,0.0,0.0,0.0,0.0
1575,1998-01-13,SZSE:002091,0.0,0.0,0.0,0.0,0.0,0.0,0.0,0.0,0.0,0.0,0.0,0.0,0.0,0.0,0.0,0.0,0.0,0.0,0.0,0.0,0.0,0.0,0.0,0.0,0.0,0.0,0.0,0.0,1.0,0.0,0.0,0.0,0.0,0.0,0.0,0.0,0.0
1576,1998-01-14,SZSE:002091,0.0,0.0,0.0,0.0,0.0,0.0,0.0,0.0,0.0,0.0,0.0,0.0,0.0,0.0,0.0,0.0,0.0,0.0,0.0,0.0,0.0,0.0,0.0,0.0,0.0,0.0,0.0,0.0,1.0,0.0,0.0,0.0,0.0,0.0,0.0,0.0,0.0
1577,1998-01-15,SZSE:002091,0.0,0.0,0.0,0.0,0.0,0.0,0.0,0.0,0.0,0.0,0.0,0.0,0.0,0.0,0.0,0.0,0.0,0.0,0.0,0.0,0.0,0.0,0.0,0.0,0.0,0.0,0.0,0.0,1.0,0.0,0.0,0.0,0.0,0.0,0.0,0.0,0.0
1578,1998-01-16,SZSE:002091,0.0,0.0,0.0,0.0,0.0,0.0,0.0,0.0,0.0,0.0,0.0,0.0,0.0,0.0,0.0,0.0,0.0,0.0,0.0,0.0,0.0,0.0,0.0,0.0,0.0,0.0,0.0,0.0,1.0,0.0,0.0,0.0,0.0,0.0,0.0,0.0,0.0
1579,1998-01-19,SZSE:002091,0.0,0.0,0.0,0.0,0.0,0.0,0.0,0.0,0.0,0.0,0.0,0.0,0.0,0.0,0.0,0.0,0.0,0.0,0.0,0.0,0.0,0.0,0.0,0.0,0.0,0.0,0.0,0.0,1.0,0.0,0.0,0.0,0.0,0.0,0.0,0.0,0.0
1580,1998-01-20,SZSE:002091,0.0,0.0,0.0,0.0,0.0,0.0,0.0,0.0,0.0,0.0,0.0,0.0,0.0,0.0,0.0,0.0,0.0,0.0,0.0,0.0,0.0,0.0,0.0,0.0,0.0,0.0,0.0,0.0,1.0,0.0,0.0,0.0,0.0,0.0,0.0,0.0,0.0
1581,1998-01-21,SZSE:002091,0.0,0.0,0.0,0.0,0.0,0.0,0.0,0.0,0.0,0.0,0.0,0.0,0.0,0.0,0.0,0.0,0.0,0.0,0.0,0.0,0.0,0.0,0.0,0.0,0.0,0.0,0.0,0.0,1.0,0.0,0.0,0.0,0.0,0.0,0.0,0.0,0.0
1582,1998-01-22,SZSE:002091,0.0,0.0,0.0,0.0,0.0,0.0,0.0,0.0,0.0,0.0,0.0,0.0,0.0,0.0,0.0,0.0,0.0,0.0,0.0,0.0,0.0,0.0,0.0,0.0,0.0,0.0,0.0,0.0,1.0,0.0,0.0,0.0,0.0,0.0,0.0,0.0,0.0
1583,1998-01-23,SZSE:002091,0.0,0.0,0.0,0.0,0.0,0.0,0.0,0.0,0.0,0.0,0.0,0.0,0.0,0.0,0.0,0.0,0.0,0.0,0.0,0.0,0.0,0.0,0.0,0.0,0.0,0.0,0.0,0.0,1.0,0.0,0.0,0.0,0.0,0.0,0.0,0.0,0.0
1584,1998-01-26,SZSE:002091,0.0,0.0,0.0,0.0,0.0,0.0,0.0,0.0,0.0,0.0,0.0,0.0,0.0,0.0,0.0,0.0,0.0,0.0,0.0,0.0,0.0,0.0,0.0,0.0,0.0,0.0,0.0,0.0,1.0,0.0,0.0,0.0,0.0,0.0,0.0,0.0,0.0
1585,1998-01-27,SZSE:002091,0.0,0.0,0.0,0.0,0.0,0.0,0.0,0.0,0.0,0.0,0.0,0.0,0.0,0.0,0.0,0.0,0.0,0.0,0.0,0.0,0.0,0.0,0.0,0.0,0.0,0.0,0.0,0.0,1.0,0.0,0.0,0.0,0.0,0.0,0.0,0.0,0.0
1586,1998-01-28,SZSE:002091,0.0,0.0,0.0,0.0,0.0,0.0,0.0,0.0,0.0,0.0,0.0,0.0,0.0,0.0,0.0,0.0,0.0,0.0,0.0,0.0,0.0,0.0,0.0,0.0,0.0,0.0,0.0,0.0,1.0,0.0,0.0,0.0,0.0,0.0,0.0,0.0,0.0
1587,1998-01-29,SZSE:002091,0.0,0.0,0.0,0.0,0.0,0.0,0.0,0.0,0.0,0.0,0.0,0.0,0.0,0.0,0.0,0.0,0.0,0.0,0.0,0.0,0.0,0.0,0.0,0.0,0.0,0.0,0.0,0.0,1.0,0.0,0.0,0.0,0.0,0.0,0.0,0.0,0.0
1588,1998-01-30,SZSE:002091,0.0,0.0,0.0,0.0,0.0,0.0,0.0,0.0,0.0,0.0,0.0,0.0,0.0,0.0,0.0,0.0,0.0,0.0,0.0,0.0,0.0,0.0,0.0,0.0,0.0,0.0,0.0,0.0,1.0,0.0,0.0,0.0,0.0,0.0,0.0,0.0,0.0
1589,1998-02-02,SZSE:002091,0.0,0.0,0.0,0.0,0.0,0.0,0.0,0.0,0.0,0.0,0.0,0.0,0.0,0.0,0.0,0.0,0.0,0.0,0.0,0.0,0.0,0.0,0.0,0.0,0.0,0.0,0.0,0.0,1.0,0.0,0.0,0.0,0.0,0.0,0.0,0.0,0.0
1590,1998-02-03,SZSE:002091,0.0,0.0,0.0,0.0,0.0,0.0,0.0,0.0,0.0,0.0,0.0,0.0,0.0,0.0,0.0,0.0,0.0,0.0,0.0,0.0,0.0,0.0,0.0,0.0,0.0,0.0,0.0,0.0,1.0,0.0,0.0,0.0,0.0,0.0,0.0,0.0,0.0
1591,1998-02-04,SZSE:002091,0.0,0.0,0.0,0.0,0.0,0.0,0.0,0.0,0.0,0.0,0.0,0.0,0.0,0.0,0.0,0.0,0.0,0.0,0.0,0.0,0.0,0.0,0.0,0.0,0.0,0.0,0.0,0.0,1.0,0.0,0.0,0.0,0.0,0.0,0.0,0.0,0.0
1592,1998-02-05,SZSE:002091,0.0,0.0,0.0,0.0,0.0,0.0,0.0,0.0,0.0,0.0,0.0,0.0,0.0,0.0,0.0,0.0,0.0,0.0,0.0,0.0,0.0,0.0,0.0,0.0,0.0,0.0,0.0,0.0,1.0,0.0,0.0,0.0,0.0,0.0,0.0,0.0,0.0
1593,1998-02-06,SZSE:002091,0.0,0.0,0.0,0.0,0.0,0.0,0.0,0.0,0.0,0.0,0.0,0.0,0.0,0.0,0.0,0.0,0.0,0.0,0.0,0.0,0.0,0.0,0.0,0.0,0.0,0.0,0.0,0.0,1.0,0.0,0.0,0.0,0.0,0.0,0.0,0.0,0.0
1594,1998-02-09,SZSE:002091,0.0,0.0,0.0,0.0,0.0,0.0,0.0,0.0,0.0,0.0,0.0,0.0,0.0,0.0,0.0,0.0,0.0,0.0,0.0,0.0,0.0,0.0,0.0,0.0,0.0,0.0,0.0,0.0,1.0,0.0,0.0,0.0,0.0,0.0,0.0,0.0,0.0
1595,1998-02-10,SZSE:002091,0.0,0.0,0.0,0.0,0.0,0.0,0.0,0.0,0.0,0.0,0.0,0.0,0.0,0.0,0.0,0.0,0.0,0.0,0.0,0.0,0.0,0.0,0.0,0.0,0.0,0.0,0.0,0.0,1.0,0.0,0.0,0.0,0.0,0.0,0.0,0.0,0.0
1596,1998-02-11,SZSE:002091,0.0,0.0,0.0,0.0,0.0,0.0,0.0,0.0,0.0,0.0,0.0,0.0,0.0,0.0,0.0,0.0,0.0,0.0,0.0,0.0,0.0,0.0,0.0,0.0,0.0,0.0,0.0,0.0,1.0,0.0,0.0,0.0,0.0,0.0,0.0,0.0,0.0
1597,1998-02-12,SZSE:002091,0.0,0.0,0.0,0.0,0.0,0.0,0.0,0.0,0.0,0.0,0.0,0.0,0.0,0.0,0.0,0.0,0.0,0.0,0.0,0.0,0.0,0.0,0.0,0.0,0.0,0.0,0.0,0.0,1.0,0.0,0.0,0.0,0.0,0.0,0.0,0.0,0.0
1598,1998-02-13,SZSE:002091,0.0,0.0,0.0,0.0,0.0,0.0,0.0,0.0,0.0,0.0,0.0,0.0,0.0,0.0,0.0,0.0,0.0,0.0,0.0,0.0,0.0,0.0,0.0,0.0,0.0,0.0,0.0,0.0,1.0,0.0,0.0,0.0,0.0,0.0,0.0,0.0,0.0
1599,1998-02-16,SZSE:002091,0.0,0.0,0.0,0.0,0.0,0.0,0.0,0.0,0.0,0.0,0.0,0.0,0.0,0.0,0.0,0.0,0.0,0.0,0.0,0.0,0.0,0.0,0.0,0.0,0.0,0.0,0.0,0.0,1.0,0.0,0.0,0.0,0.0,0.0,0.0,0.0,0.0
1600,1998-02-17,SZSE:002091,0.0,0.0,0.0,0.0,0.0,0.0,0.0,0.0,0.0,0.0,0.0,0.0,0.0,0.0,0.0,0.0,0.0,0.0,0.0,0.0,0.0,0.0,0.0,0.0,0.0,0.0,0.0,0.0,1.0,0.0,0.0,0.0,0.0,0.0,0.0,0.0,0.0
1601,1998-02-18,SZSE:002091,0.0,0.0,0.0,0.0,0.0,0.0,0.0,0.0,0.0,0.0,0.0,0.0,0.0,0.0,0.0,0.0,0.0,0.0,0.0,0.0,0.0,0.0,0.0,0.0,0.0,0.0,0.0,0.0,1.0,0.0,0.0,0.0,0.0,0.0,0.0,0.0,0.0
1602,1998-02-19,SZSE:002091,0.0,0.0,0.0,0.0,0.0,0.0,0.0,0.0,0.0,0.0,0.0,0.0,0.0,0.0,0.0,0.0,0.0,0.0,0.0,0.0,0.0,0.0,0.0,0.0,0.0,0.0,0.0,0.0,1.0,0.0,0.0,0.0,0.0,0.0,0.0,0.0,0.0
1603,1998-02-20,SZSE:002091,0.0,0.0,0.0,0.0,0.0,0.0,0.0,0.0,0.0,0.0,0.0,0.0,0.0,0.0,0.0,0.0,0.0,0.0,0.0,0.0,0.0,0.0,0.0,0.0,0.0,0.0,0.0,0.0,1.0,0.0,0.0,0.0,0.0,0.0,0.0,0.0,0.0
1604,1998-02-23,SZSE:002091,0.0,0.0,0.0,0.0,0.0,0.0,0.0,0.0,0.0,0.0,0.0,0.0,0.0,0.0,0.0,0.0,0.0,0.0,0.0,0.0,0.0,0.0,0.0,0.0,0.0,0.0,0.0,0.0,1.0,0.0,0.0,0.0,0.0,0.0,0.0,0.0,0.0
1605,1998-02-24,SZSE:002091,0.0,0.0,0.0,0.0,0.0,0.0,0.0,0.0,0.0,0.0,0.0,0.0,0.0,0.0,0.0,0.0,0.0,0.0,0.0,0.0,0.0,0.0,0.0,0.0,0.0,0.0,0.0,0.0,1.0,0.0,0.0,0.0,0.0,0.0,0.0,0.0,0.0
1606,1998-02-25,SZSE:002091,0.0,0.0,0.0,0.0,0.0,0.0,0.0,0.0,0.0,0.0,0.0,0.0,0.0,0.0,0.0,0.0,0.0,0.0,0.0,0.0,0.0,0.0,0.0,0.0,0.0,0.0,0.0,0.0,1.0,0.0,0.0,0.0,0.0,0.0,0.0,0.0,0.0
1607,1998-02-26,SZSE:002091,0.0,0.0,0.0,0.0,0.0,0.0,0.0,0.0,0.0,0.0,0.0,0.0,0.0,0.0,0.0,0.0,0.0,0.0,0.0,0.0,0.0,0.0,0.0,0.0,0.0,0.0,0.0,0.0,1.0,0.0,0.0,0.0,0.0,0.0,0.0,0.0,0.0
1608,1998-02-27,SZSE:002091,0.0,0.0,0.0,0.0,0.0,0.0,0.0,0.0,0.0,0.0,0.0,0.0,0.0,0.0,0.0,0.0,0.0,0.0,0.0,0.0,0.0,0.0,0.0,0.0,0.0,0.0,0.0,0.0,1.0,0.0,0.0,0.0,0.0,0.0,0.0,0.0,0.0
1609,1998-03-02,SZSE:002091,0.0,0.0,0.0,0.0,0.0,0.0,0.0,0.0,0.0,0.0,0.0,0.0,0.0,0.0,0.0,0.0,0.0,0.0,0.0,0.0,0.0,0.0,0.0,0.0,0.0,0.0,0.0,0.0,1.0,0.0,0.0,0.0,0.0,0.0,0.0,0.0,0.0
1610,1998-03-03,SZSE:002091,0.0,0.0,0.0,0.0,0.0,0.0,0.0,0.0,0.0,0.0,0.0,0.0,0.0,0.0,0.0,0.0,0.0,0.0,0.0,0.0,0.0,0.0,0.0,0.0,0.0,0.0,0.0,0.0,1.0,0.0,0.0,0.0,0.0,0.0,0.0,0.0,0.0
1611,1998-03-04,SZSE:002091,0.0,0.0,0.0,0.0,0.0,0.0,0.0,0.0,0.0,0.0,0.0,0.0,0.0,0.0,0.0,0.0,0.0,0.0,0.0,0.0,0.0,0.0,0.0,0.0,0.0,0.0,0.0,0.0,1.0,0.0,0.0,0.0,0.0,0.0,0.0,0.0,0.0
1612,1998-03-05,SZSE:002091,0.0,0.0,0.0,0.0,0.0,0.0,0.0,0.0,0.0,0.0,0.0,0.0,0.0,0.0,0.0,0.0,0.0,0.0,0.0,0.0,0.0,0.0,0.0,0.0,0.0,0.0,0.0,0.0,1.0,0.0,0.0,0.0,0.0,0.0,0.0,0.0,0.0
1613,1998-03-06,SZSE:002091,0.0,0.0,0.0,0.0,0.0,0.0,0.0,0.0,0.0,0.0,0.0,0.0,0.0,0.0,0.0,0.0,0.0,0.0,0.0,0.0,0.0,0.0,0.0,0.0,0.0,0.0,0.0,0.0,1.0,0.0,0.0,0.0,0.0,0.0,0.0,0.0,0.0
1614,1998-03-09,SZSE:002091,0.0,0.0,0.0,0.0,0.0,0.0,0.0,0.0,0.0,0.0,0.0,0.0,0.0,0.0,0.0,0.0,0.0,0.0,0.0,0.0,0.0,0.0,0.0,0.0,0.0,0.0,0.0,0.0,1.0,0.0,0.0,0.0,0.0,0.0,0.0,0.0,0.0
1615,1998-03-10,SZSE:002091,0.0,0.0,0.0,0.0,0.0,0.0,0.0,0.0,0.0,0.0,0.0,0.0,0.0,0.0,0.0,0.0,0.0,0.0,0.0,0.0,0.0,0.0,0.0,0.0,0.0,0.0,0.0,0.0,1.0,0.0,0.0,0.0,0.0,0.0,0.0,0.0,0.0
1616,1998-03-11,SZSE:002091,0.0,0.0,0.0,0.0,0.0,0.0,0.0,0.0,0.0,0.0,0.0,0.0,0.0,0.0,0.0,0.0,0.0,0.0,0.0,0.0,0.0,0.0,0.0,0.0,0.0,0.0,0.0,0.0,1.0,0.0,0.0,0.0,0.0,0.0,0.0,0.0,0.0
1617,1998-03-12,SZSE:002091,0.0,0.0,0.0,0.0,0.0,0.0,0.0,0.0,0.0,0.0,0.0,0.0,0.0,0.0,0.0,0.0,0.0,0.0,0.0,0.0,0.0,0.0,0.0,0.0,0.0,0.0,0.0,0.0,1.0,0.0,0.0,0.0,0.0,0.0,0.0,0.0,0.0
1618,1998-03-13,SZSE:002091,0.0,0.0,0.0,0.0,0.0,0.0,0.0,0.0,0.0,0.0,0.0,0.0,0.0,0.0,0.0,0.0,0.0,0.0,0.0,0.0,0.0,0.0,0.0,0.0,0.0,0.0,0.0,0.0,1.0,0.0,0.0,0.0,0.0,0.0,0.0,0.0,0.0
1619,1998-03-16,SZSE:002091,0.0,0.0,0.0,0.0,0.0,0.0,0.0,0.0,0.0,0.0,0.0,0.0,0.0,0.0,0.0,0.0,0.0,0.0,0.0,0.0,0.0,0.0,0.0,0.0,0.0,0.0,0.0,0.0,1.0,0.0,0.0,0.0,0.0,0.0,0.0,0.0,0.0
1620,1998-03-17,SZSE:002091,0.0,0.0,0.0,0.0,0.0,0.0,0.0,0.0,0.0,0.0,0.0,0.0,0.0,0.0,0.0,0.0,0.0,0.0,0.0,0.0,0.0,0.0,0.0,0.0,0.0,0.0,0.0,0.0,1.0,0.0,0.0,0.0,0.0,0.0,0.0,0.0,0.0
1621,1998-03-18,SZSE:002091,0.0,0.0,0.0,0.0,0.0,0.0,0.0,0.0,0.0,0.0,0.0,0.0,0.0,0.0,0.0,0.0,0.0,0.0,0.0,0.0,0.0,0.0,0.0,0.0,0.0,0.0,0.0,0.0,1.0,0.0,0.0,0.0,0.0,0.0,0.0,0.0,0.0
1622,1998-03-19,SZSE:002091,0.0,0.0,0.0,0.0,0.0,0.0,0.0,0.0,0.0,0.0,0.0,0.0,0.0,0.0,0.0,0.0,0.0,0.0,0.0,0.0,0.0,0.0,0.0,0.0,0.0,0.0,0.0,0.0,1.0,0.0,0.0,0.0,0.0,0.0,0.0,0.0,0.0
1623,1998-03-20,SZSE:002091,0.0,0.0,0.0,0.0,0.0,0.0,0.0,0.0,0.0,0.0,0.0,0.0,0.0,0.0,0.0,0.0,0.0,0.0,0.0,0.0,0.0,0.0,0.0,0.0,0.0,0.0,0.0,0.0,1.0,0.0,0.0,0.0,0.0,0.0,0.0,0.0,0.0
1624,1998-03-23,SZSE:002091,0.0,0.0,0.0,0.0,0.0,0.0,0.0,0.0,0.0,0.0,0.0,0.0,0.0,0.0,0.0,0.0,0.0,0.0,0.0,0.0,0.0,0.0,0.0,0.0,0.0,0.0,0.0,0.0,1.0,0.0,0.0,0.0,0.0,0.0,0.0,0.0,0.0
1625,1998-03-24,SZSE:002091,0.0,0.0,0.0,0.0,0.0,0.0,0.0,0.0,0.0,0.0,0.0,0.0,0.0,0.0,0.0,0.0,0.0,0.0,0.0,0.0,0.0,0.0,0.0,0.0,0.0,0.0,0.0,0.0,1.0,0.0,0.0,0.0,0.0,0.0,0.0,0.0,0.0
1626,1998-03-25,SZSE:002091,0.0,0.0,0.0,0.0,0.0,0.0,0.0,0.0,0.0,0.0,0.0,0.0,0.0,0.0,0.0,0.0,0.0,0.0,0.0,0.0,0.0,0.0,0.0,0.0,0.0,0.0,0.0,0.0,1.0,0.0,0.0,0.0,0.0,0.0,0.0,0.0,0.0
1627,1998-03-26,SZSE:002091,0.0,0.0,0.0,0.0,0.0,0.0,0.0,0.0,0.0,0.0,0.0,0.0,0.0,0.0,0.0,0.0,0.0,0.0,0.0,0.0,0.0,0.0,0.0,0.0,0.0,0.0,0.0,0.0,1.0,0.0,0.0,0.0,0.0,0.0,0.0,0.0,0.0
1628,1998-03-27,SZSE:002091,0.0,0.0,0.0,0.0,0.0,0.0,0.0,0.0,0.0,0.0,0.0,0.0,0.0,0.0,0.0,0.0,0.0,0.0,0.0,0.0,0.0,0.0,0.0,0.0,0.0,0.0,0.0,0.0,1.0,0.0,0.0,0.0,0.0,0.0,0.0,0.0,0.0
1629,1998-03-30,SZSE:002091,0.0,0.0,0.0,0.0,0.0,0.0,0.0,0.0,0.0,0.0,0.0,0.0,0.0,0.0,0.0,0.0,0.0,0.0,0.0,0.0,0.0,0.0,0.0,0.0,0.0,0.0,0.0,0.0,1.0,0.0,0.0,0.0,0.0,0.0,0.0,0.0,0.0
1630,1998-03-31,SZSE:002091,0.0,0.0,0.0,0.0,0.0,0.0,0.0,0.0,0.0,0.0,0.0,0.0,0.0,0.0,0.0,0.0,0.0,0.0,0.0,0.0,0.0,0.0,0.0,0.0,0.0,0.0,0.0,0.0,1.0,0.0,0.0,0.0,0.0,0.0,0.0,0.0,0.0
1631,1998-04-01,SZSE:002091,0.0,0.0,0.0,0.0,0.0,0.0,0.0,0.0,0.0,0.0,0.0,0.0,0.0,0.0,0.0,0.0,0.0,0.0,0.0,0.0,0.0,0.0,0.0,0.0,0.0,0.0,0.0,0.0,1.0,0.0,0.0,0.0,0.0,0.0,0.0,0.0,0.0
1632,1998-04-02,SZSE:002091,0.0,0.0,0.0,0.0,0.0,0.0,0.0,0.0,0.0,0.0,0.0,0.0,0.0,0.0,0.0,0.0,0.0,0.0,0.0,0.0,0.0,0.0,0.0,0.0,0.0,0.0,0.0,0.0,1.0,0.0,0.0,0.0,0.0,0.0,0.0,0.0,0.0
1633,1998-04-03,SZSE:002091,0.0,0.0,0.0,0.0,0.0,0.0,0.0,0.0,0.0,0.0,0.0,0.0,0.0,0.0,0.0,0.0,0.0,0.0,0.0,0.0,0.0,0.0,0.0,0.0,0.0,0.0,0.0,0.0,1.0,0.0,0.0,0.0,0.0,0.0,0.0,0.0,0.0
1634,1998-04-06,SZSE:002091,0.0,0.0,0.0,0.0,0.0,0.0,0.0,0.0,0.0,0.0,0.0,0.0,0.0,0.0,0.0,0.0,0.0,0.0,0.0,0.0,0.0,0.0,0.0,0.0,0.0,0.0,0.0,0.0,1.0,0.0,0.0,0.0,0.0,0.0,0.0,0.0,0.0
1635,1998-04-07,SZSE:002091,0.0,0.0,0.0,0.0,0.0,0.0,0.0,0.0,0.0,0.0,0.0,0.0,0.0,0.0,0.0,0.0,0.0,0.0,0.0,0.0,0.0,0.0,0.0,0.0,0.0,0.0,0.0,0.0,1.0,0.0,0.0,0.0,0.0,0.0,0.0,0.0,0.0
1636,1998-04-08,SZSE:002091,0.0,0.0,0.0,0.0,0.0,0.0,0.0,0.0,0.0,0.0,0.0,0.0,0.0,0.0,0.0,0.0,0.0,0.0,0.0,0.0,0.0,0.0,0.0,0.0,0.0,0.0,0.0,0.0,1.0,0.0,0.0,0.0,0.0,0.0,0.0,0.0,0.0
1637,1998-04-09,SZSE:002091,0.0,0.0,0.0,0.0,0.0,0.0,0.0,0.0,0.0,0.0,0.0,0.0,0.0,0.0,0.0,0.0,0.0,0.0,0.0,0.0,0.0,0.0,0.0,0.0,0.0,0.0,0.0,0.0,1.0,0.0,0.0,0.0,0.0,0.0,0.0,0.0,0.0
1638,1998-04-10,SZSE:002091,0.0,0.0,0.0,0.0,0.0,0.0,0.0,0.0,0.0,0.0,0.0,0.0,0.0,0.0,0.0,0.0,0.0,0.0,0.0,0.0,0.0,0.0,0.0,0.0,0.0,0.0,0.0,0.0,1.0,0.0,0.0,0.0,0.0,0.0,0.0,0.0,0.0
1639,1998-04-13,SZSE:002091,0.0,0.0,0.0,0.0,0.0,0.0,0.0,0.0,0.0,0.0,0.0,0.0,0.0,0.0,0.0,0.0,0.0,0.0,0.0,0.0,0.0,0.0,0.0,0.0,0.0,0.0,0.0,0.0,1.0,0.0,0.0,0.0,0.0,0.0,0.0,0.0,0.0
1640,1998-04-14,SZSE:002091,0.0,0.0,0.0,0.0,0.0,0.0,0.0,0.0,0.0,0.0,0.0,0.0,0.0,0.0,0.0,0.0,0.0,0.0,0.0,0.0,0.0,0.0,0.0,0.0,0.0,0.0,0.0,0.0,1.0,0.0,0.0,0.0,0.0,0.0,0.0,0.0,0.0
1641,1998-04-15,SZSE:002091,0.0,0.0,0.0,0.0,0.0,0.0,0.0,0.0,0.0,0.0,0.0,0.0,0.0,0.0,0.0,0.0,0.0,0.0,0.0,0.0,0.0,0.0,0.0,0.0,0.0,0.0,0.0,0.0,1.0,0.0,0.0,0.0,0.0,0.0,0.0,0.0,0.0
1642,1998-04-16,SZSE:002091,0.0,0.0,0.0,0.0,0.0,0.0,0.0,0.0,0.0,0.0,0.0,0.0,0.0,0.0,0.0,0.0,0.0,0.0,0.0,0.0,0.0,0.0,0.0,0.0,0.0,0.0,0.0,0.0,1.0,0.0,0.0,0.0,0.0,0.0,0.0,0.0,0.0
1643,1998-04-17,SZSE:002091,0.0,0.0,0.0,0.0,0.0,0.0,0.0,0.0,0.0,0.0,0.0,0.0,0.0,0.0,0.0,0.0,0.0,0.0,0.0,0.0,0.0,0.0,0.0,0.0,0.0,0.0,0.0,0.0,1.0,0.0,0.0,0.0,0.0,0.0,0.0,0.0,0.0
1644,1998-04-20,SZSE:002091,0.0,0.0,0.0,0.0,0.0,0.0,0.0,0.0,0.0,0.0,0.0,0.0,0.0,0.0,0.0,0.0,0.0,0.0,0.0,0.0,0.0,0.0,0.0,0.0,0.0,0.0,0.0,0.0,1.0,0.0,0.0,0.0,0.0,0.0,0.0,0.0,0.0
1645,1998-04-21,SZSE:002091,0.0,0.0,0.0,0.0,0.0,0.0,0.0,0.0,0.0,0.0,0.0,0.0,0.0,0.0,0.0,0.0,0.0,0.0,0.0,0.0,0.0,0.0,0.0,0.0,0.0,0.0,0.0,0.0,1.0,0.0,0.0,0.0,0.0,0.0,0.0,0.0,0.0
1646,1998-04-22,SZSE:002091,0.0,0.0,0.0,0.0,0.0,0.0,0.0,0.0,0.0,0.0,0.0,0.0,0.0,0.0,0.0,0.0,0.0,0.0,0.0,0.0,0.0,0.0,0.0,0.0,0.0,0.0,0.0,0.0,1.0,0.0,0.0,0.0,0.0,0.0,0.0,0.0,0.0
1647,1998-04-23,SZSE:002091,0.0,0.0,0.0,0.0,0.0,0.0,0.0,0.0,0.0,0.0,0.0,0.0,0.0,0.0,0.0,0.0,0.0,0.0,0.0,0.0,0.0,0.0,0.0,0.0,0.0,0.0,0.0,0.0,1.0,0.0,0.0,0.0,0.0,0.0,0.0,0.0,0.0
1648,1998-04-24,SZSE:002091,0.0,0.0,0.0,0.0,0.0,0.0,0.0,0.0,0.0,0.0,0.0,0.0,0.0,0.0,0.0,0.0,0.0,0.0,0.0,0.0,0.0,0.0,0.0,0.0,0.0,0.0,0.0,0.0,1.0,0.0,0.0,0.0,0.0,0.0,0.0,0.0,0.0
1649,1998-04-27,SZSE:002091,0.0,0.0,0.0,0.0,0.0,0.0,0.0,0.0,0.0,0.0,0.0,0.0,0.0,0.0,0.0,0.0,0.0,0.0,0.0,0.0,0.0,0.0,0.0,0.0,0.0,0.0,0.0,0.0,1.0,0.0,0.0,0.0,0.0,0.0,0.0,0.0,0.0
1650,1998-04-28,SZSE:002091,0.0,0.0,0.0,0.0,0.0,0.0,0.0,0.0,0.0,0.0,0.0,0.0,0.0,0.0,0.0,0.0,0.0,0.0,0.0,0.0,0.0,0.0,0.0,0.0,0.0,0.0,0.0,0.0,1.0,0.0,0.0,0.0,0.0,0.0,0.0,0.0,0.0
1651,1998-04-29,SZSE:002091,0.0,0.0,0.0,0.0,0.0,0.0,0.0,0.0,0.0,0.0,0.0,0.0,0.0,0.0,0.0,0.0,0.0,0.0,0.0,0.0,0.0,0.0,0.0,0.0,0.0,0.0,0.0,0.0,1.0,0.0,0.0,0.0,0.0,0.0,0.0,0.0,0.0
1652,1998-04-30,SZSE:002091,0.0,0.0,0.0,0.0,0.0,0.0,0.0,0.0,0.0,0.0,0.0,0.0,0.0,0.0,0.0,0.0,0.0,0.0,0.0,0.0,0.0,0.0,0.0,0.0,0.0,0.0,0.0,0.0,1.0,0.0,0.0,0.0,0.0,0.0,0.0,0.0,0.0
1653,1998-05-01,SZSE:002091,0.0,0.0,0.0,0.0,0.0,0.0,0.0,0.0,0.0,0.0,0.0,0.0,0.0,0.0,0.0,0.0,0.0,0.0,0.0,0.0,0.0,0.0,0.0,0.0,0.0,0.0,0.0,0.0,1.0,0.0,0.0,0.0,0.0,0.0,0.0,0.0,0.0
1654,1998-05-04,SZSE:002091,0.0,0.0,0.0,0.0,0.0,0.0,0.0,0.0,0.0,0.0,0.0,0.0,0.0,0.0,0.0,0.0,0.0,0.0,0.0,0.0,0.0,0.0,0.0,0.0,0.0,0.0,0.0,0.0,1.0,0.0,0.0,0.0,0.0,0.0,0.0,0.0,0.0
1655,1998-05-05,SZSE:002091,0.0,0.0,0.0,0.0,0.0,0.0,0.0,0.0,0.0,0.0,0.0,0.0,0.0,0.0,0.0,0.0,0.0,0.0,0.0,0.0,0.0,0.0,0.0,0.0,0.0,0.0,0.0,0.0,1.0,0.0,0.0,0.0,0.0,0.0,0.0,0.0,0.0
1656,1998-05-06,SZSE:002091,0.0,0.0,0.0,0.0,0.0,0.0,0.0,0.0,0.0,0.0,0.0,0.0,0.0,0.0,0.0,0.0,0.0,0.0,0.0,0.0,0.0,0.0,0.0,0.0,0.0,0.0,0.0,0.0,1.0,0.0,0.0,0.0,0.0,0.0,0.0,0.0,0.0
1657,1998-05-07,SZSE:002091,0.0,0.0,0.0,0.0,0.0,0.0,0.0,0.0,0.0,0.0,0.0,0.0,0.0,0.0,0.0,0.0,0.0,0.0,0.0,0.0,0.0,0.0,0.0,0.0,0.0,0.0,0.0,0.0,1.0,0.0,0.0,0.0,0.0,0.0,0.0,0.0,0.0
1658,1998-05-08,SZSE:002091,0.0,0.0,0.0,0.0,0.0,0.0,0.0,0.0,0.0,0.0,0.0,0.0,0.0,0.0,0.0,0.0,0.0,0.0,0.0,0.0,0.0,0.0,0.0,0.0,0.0,0.0,0.0,0.0,1.0,0.0,0.0,0.0,0.0,0.0,0.0,0.0,0.0
1659,1998-05-11,SZSE:002091,0.0,0.0,0.0,0.0,0.0,0.0,0.0,0.0,0.0,0.0,0.0,0.0,0.0,0.0,0.0,0.0,0.0,0.0,0.0,0.0,0.0,0.0,0.0,0.0,0.0,0.0,0.0,0.0,1.0,0.0,0.0,0.0,0.0,0.0,0.0,0.0,0.0
1660,1998-05-12,SZSE:002091,0.0,0.0,0.0,0.0,0.0,0.0,0.0,0.0,0.0,0.0,0.0,0.0,0.0,0.0,0.0,0.0,0.0,0.0,0.0,0.0,0.0,0.0,0.0,0.0,0.0,0.0,0.0,0.0,1.0,0.0,0.0,0.0,0.0,0.0,0.0,0.0,0.0
1661,1998-05-13,SZSE:002091,0.0,0.0,0.0,0.0,0.0,0.0,0.0,0.0,0.0,0.0,0.0,0.0,0.0,0.0,0.0,0.0,0.0,0.0,0.0,0.0,0.0,0.0,0.0,0.0,0.0,0.0,0.0,0.0,1.0,0.0,0.0,0.0,0.0,0.0,0.0,0.0,0.0
1662,1998-05-14,SZSE:002091,0.0,0.0,0.0,0.0,0.0,0.0,0.0,0.0,0.0,0.0,0.0,0.0,0.0,0.0,0.0,0.0,0.0,0.0,0.0,0.0,0.0,0.0,0.0,0.0,0.0,0.0,0.0,0.0,1.0,0.0,0.0,0.0,0.0,0.0,0.0,0.0,0.0
1663,1998-05-15,SZSE:002091,0.0,0.0,0.0,0.0,0.0,0.0,0.0,0.0,0.0,0.0,0.0,0.0,0.0,0.0,0.0,0.0,0.0,0.0,0.0,0.0,0.0,0.0,0.0,0.0,0.0,0.0,0.0,0.0,1.0,0.0,0.0,0.0,0.0,0.0,0.0,0.0,0.0
1664,1998-05-18,SZSE:002091,0.0,0.0,0.0,0.0,0.0,0.0,0.0,0.0,0.0,0.0,0.0,0.0,0.0,0.0,0.0,0.0,0.0,0.0,0.0,0.0,0.0,0.0,0.0,0.0,0.0,0.0,0.0,0.0,1.0,0.0,0.0,0.0,0.0,0.0,0.0,0.0,0.0
1665,1998-05-19,SZSE:002091,0.0,0.0,0.0,0.0,0.0,0.0,0.0,0.0,0.0,0.0,0.0,0.0,0.0,0.0,0.0,0.0,0.0,0.0,0.0,0.0,0.0,0.0,0.0,0.0,0.0,0.0,0.0,0.0,1.0,0.0,0.0,0.0,0.0,0.0,0.0,0.0,0.0
1666,1998-05-20,SZSE:002091,0.0,0.0,0.0,0.0,0.0,0.0,0.0,0.0,0.0,0.0,0.0,0.0,0.0,0.0,0.0,0.0,0.0,0.0,0.0,0.0,0.0,0.0,0.0,0.0,0.0,0.0,0.0,0.0,1.0,0.0,0.0,0.0,0.0,0.0,0.0,0.0,0.0
1667,1998-05-21,SZSE:002091,0.0,0.0,0.0,0.0,0.0,0.0,0.0,0.0,0.0,0.0,0.0,0.0,0.0,0.0,0.0,0.0,0.0,0.0,0.0,0.0,0.0,0.0,0.0,0.0,0.0,0.0,0.0,0.0,1.0,0.0,0.0,0.0,0.0,0.0,0.0,0.0,0.0
1668,1998-05-22,SZSE:002091,0.0,0.0,0.0,0.0,0.0,0.0,0.0,0.0,0.0,0.0,0.0,0.0,0.0,0.0,0.0,0.0,0.0,0.0,0.0,0.0,0.0,0.0,0.0,0.0,0.0,0.0,0.0,0.0,1.0,0.0,0.0,0.0,0.0,0.0,0.0,0.0,0.0
1669,1998-05-25,SZSE:002091,0.0,0.0,0.0,0.0,0.0,0.0,0.0,0.0,0.0,0.0,0.0,0.0,0.0,0.0,0.0,0.0,0.0,0.0,0.0,0.0,0.0,0.0,0.0,0.0,0.0,0.0,0.0,0.0,1.0,0.0,0.0,0.0,0.0,0.0,0.0,0.0,0.0
1670,1998-05-26,SZSE:002091,0.0,0.0,0.0,0.0,0.0,0.0,0.0,0.0,0.0,0.0,0.0,0.0,0.0,0.0,0.0,0.0,0.0,0.0,0.0,0.0,0.0,0.0,0.0,0.0,0.0,0.0,0.0,0.0,1.0,0.0,0.0,0.0,0.0,0.0,0.0,0.0,0.0
1671,1998-05-27,SZSE:002091,0.0,0.0,0.0,0.0,0.0,0.0,0.0,0.0,0.0,0.0,0.0,0.0,0.0,0.0,0.0,0.0,0.0,0.0,0.0,0.0,0.0,0.0,0.0,0.0,0.0,0.0,0.0,0.0,1.0,0.0,0.0,0.0,0.0,0.0,0.0,0.0,0.0
1672,1998-05-28,SZSE:002091,0.0,0.0,0.0,0.0,0.0,0.0,0.0,0.0,0.0,0.0,0.0,0.0,0.0,0.0,0.0,0.0,0.0,0.0,0.0,0.0,0.0,0.0,0.0,0.0,0.0,0.0,0.0,0.0,1.0,0.0,0.0,0.0,0.0,0.0,0.0,0.0,0.0
1673,1998-05-29,SZSE:002091,0.0,0.0,0.0,0.0,0.0,0.0,0.0,0.0,0.0,0.0,0.0,0.0,0.0,0.0,0.0,0.0,0.0,0.0,0.0,0.0,0.0,0.0,0.0,0.0,0.0,0.0,0.0,0.0,1.0,0.0,0.0,0.0,0.0,0.0,0.0,0.0,0.0
1674,1998-06-01,SZSE:002091,0.0,0.0,0.0,0.0,0.0,0.0,0.0,0.0,0.0,0.0,0.0,0.0,0.0,0.0,0.0,0.0,0.0,0.0,0.0,0.0,0.0,0.0,0.0,0.0,0.0,0.0,0.0,0.0,1.0,0.0,0.0,0.0,0.0,0.0,0.0,0.0,0.0
1675,1998-06-02,SZSE:002091,0.0,0.0,0.0,0.0,0.0,0.0,0.0,0.0,0.0,0.0,0.0,0.0,0.0,0.0,0.0,0.0,0.0,0.0,0.0,0.0,0.0,0.0,0.0,0.0,0.0,0.0,0.0,0.0,1.0,0.0,0.0,0.0,0.0,0.0,0.0,0.0,0.0
1676,1998-06-03,SZSE:002091,0.0,0.0,0.0,0.0,0.0,0.0,0.0,0.0,0.0,0.0,0.0,0.0,0.0,0.0,0.0,0.0,0.0,0.0,0.0,0.0,0.0,0.0,0.0,0.0,0.0,0.0,0.0,0.0,1.0,0.0,0.0,0.0,0.0,0.0,0.0,0.0,0.0
1677,1998-06-04,SZSE:002091,0.0,0.0,0.0,0.0,0.0,0.0,0.0,0.0,0.0,0.0,0.0,0.0,0.0,0.0,0.0,0.0,0.0,0.0,0.0,0.0,0.0,0.0,0.0,0.0,0.0,0.0,0.0,0.0,1.0,0.0,0.0,0.0,0.0,0.0,0.0,0.0,0.0
1678,1998-06-05,SZSE:002091,0.0,0.0,0.0,0.0,0.0,0.0,0.0,0.0,0.0,0.0,0.0,0.0,0.0,0.0,0.0,0.0,0.0,0.0,0.0,0.0,0.0,0.0,0.0,0.0,0.0,0.0,0.0,0.0,1.0,0.0,0.0,0.0,0.0,0.0,0.0,0.0,0.0
1679,1998-06-08,SZSE:002091,0.0,0.0,0.0,0.0,0.0,0.0,0.0,0.0,0.0,0.0,0.0,0.0,0.0,0.0,0.0,0.0,0.0,0.0,0.0,0.0,0.0,0.0,0.0,0.0,0.0,0.0,0.0,0.0,1.0,0.0,0.0,0.0,0.0,0.0,0.0,0.0,0.0
1680,1998-06-09,SZSE:002091,0.0,0.0,0.0,0.0,0.0,0.0,0.0,0.0,0.0,0.0,0.0,0.0,0.0,0.0,0.0,0.0,0.0,0.0,0.0,0.0,0.0,0.0,0.0,0.0,0.0,0.0,0.0,0.0,1.0,0.0,0.0,0.0,0.0,0.0,0.0,0.0,0.0
1681,1998-06-10,SZSE:002091,0.0,0.0,0.0,0.0,0.0,0.0,0.0,0.0,0.0,0.0,0.0,0.0,0.0,0.0,0.0,0.0,0.0,0.0,0.0,0.0,0.0,0.0,0.0,0.0,0.0,0.0,0.0,0.0,1.0,0.0,0.0,0.0,0.0,0.0,0.0,0.0,0.0
1682,1998-06-11,SZSE:002091,0.0,0.0,0.0,0.0,0.0,0.0,0.0,0.0,0.0,0.0,0.0,0.0,0.0,0.0,0.0,0.0,0.0,0.0,0.0,0.0,0.0,0.0,0.0,0.0,0.0,0.0,0.0,0.0,1.0,0.0,0.0,0.0,0.0,0.0,0.0,0.0,0.0
1683,1998-06-12,SZSE:002091,0.0,0.0,0.0,0.0,0.0,0.0,0.0,0.0,0.0,0.0,0.0,0.0,0.0,0.0,0.0,0.0,0.0,0.0,0.0,0.0,0.0,0.0,0.0,0.0,0.0,0.0,0.0,0.0,1.0,0.0,0.0,0.0,0.0,0.0,0.0,0.0,0.0
1684,1998-06-15,SZSE:002091,0.0,0.0,0.0,0.0,0.0,0.0,0.0,0.0,0.0,0.0,0.0,0.0,0.0,0.0,0.0,0.0,0.0,0.0,0.0,0.0,0.0,0.0,0.0,0.0,0.0,0.0,0.0,0.0,1.0,0.0,0.0,0.0,0.0,0.0,0.0,0.0,0.0
1685,1998-06-16,SZSE:002091,0.0,0.0,0.0,0.0,0.0,0.0,0.0,0.0,0.0,0.0,0.0,0.0,0.0,0.0,0.0,0.0,0.0,0.0,0.0,0.0,0.0,0.0,0.0,0.0,0.0,0.0,0.0,0.0,1.0,0.0,0.0,0.0,0.0,0.0,0.0,0.0,0.0
1686,1998-06-17,SZSE:002091,0.0,0.0,0.0,0.0,0.0,0.0,0.0,0.0,0.0,0.0,0.0,0.0,0.0,0.0,0.0,0.0,0.0,0.0,0.0,0.0,0.0,0.0,0.0,0.0,0.0,0.0,0.0,0.0,1.0,0.0,0.0,0.0,0.0,0.0,0.0,0.0,0.0
1687,1998-06-18,SZSE:002091,0.0,0.0,0.0,0.0,0.0,0.0,0.0,0.0,0.0,0.0,0.0,0.0,0.0,0.0,0.0,0.0,0.0,0.0,0.0,0.0,0.0,0.0,0.0,0.0,0.0,0.0,0.0,0.0,1.0,0.0,0.0,0.0,0.0,0.0,0.0,0.0,0.0
1688,1998-06-19,SZSE:002091,0.0,0.0,0.0,0.0,0.0,0.0,0.0,0.0,0.0,0.0,0.0,0.0,0.0,0.0,0.0,0.0,0.0,0.0,0.0,0.0,0.0,0.0,0.0,0.0,0.0,0.0,0.0,0.0,1.0,0.0,0.0,0.0,0.0,0.0,0.0,0.0,0.0
1689,1998-06-22,SZSE:002091,0.0,0.0,0.0,0.0,0.0,0.0,0.0,0.0,0.0,0.0,0.0,0.0,0.0,0.0,0.0,0.0,0.0,0.0,0.0,0.0,0.0,0.0,0.0,0.0,0.0,0.0,0.0,0.0,1.0,0.0,0.0,0.0,0.0,0.0,0.0,0.0,0.0
1690,1998-06-23,SZSE:002091,0.0,0.0,0.0,0.0,0.0,0.0,0.0,0.0,0.0,0.0,0.0,0.0,0.0,0.0,0.0,0.0,0.0,0.0,0.0,0.0,0.0,0.0,0.0,0.0,0.0,0.0,0.0,0.0,1.0,0.0,0.0,0.0,0.0,0.0,0.0,0.0,0.0
1691,1998-06-24,SZSE:002091,0.0,0.0,0.0,0.0,0.0,0.0,0.0,0.0,0.0,0.0,0.0,0.0,0.0,0.0,0.0,0.0,0.0,0.0,0.0,0.0,0.0,0.0,0.0,0.0,0.0,0.0,0.0,0.0,1.0,0.0,0.0,0.0,0.0,0.0,0.0,0.0,0.0
1692,1998-06-25,SZSE:002091,0.0,0.0,0.0,0.0,0.0,0.0,0.0,0.0,0.0,0.0,0.0,0.0,0.0,0.0,0.0,0.0,0.0,0.0,0.0,0.0,0.0,0.0,0.0,0.0,0.0,0.0,0.0,0.0,1.0,0.0,0.0,0.0,0.0,0.0,0.0,0.0,0.0
1693,1998-06-26,SZSE:002091,0.0,0.0,0.0,0.0,0.0,0.0,0.0,0.0,0.0,0.0,0.0,0.0,0.0,0.0,0.0,0.0,0.0,0.0,0.0,0.0,0.0,0.0,0.0,0.0,0.0,0.0,0.0,0.0,1.0,0.0,0.0,0.0,0.0,0.0,0.0,0.0,0.0
1694,1998-06-29,SZSE:002091,0.0,0.0,0.0,0.0,0.0,0.0,0.0,0.0,0.0,0.0,0.0,0.0,0.0,0.0,0.0,0.0,0.0,0.0,0.0,0.0,0.0,0.0,0.0,0.0,0.0,0.0,0.0,0.0,1.0,0.0,0.0,0.0,0.0,0.0,0.0,0.0,0.0
1695,1998-06-30,SZSE:002091,0.0,0.0,0.0,0.0,0.0,0.0,0.0,0.0,0.0,0.0,0.0,0.0,0.0,0.0,0.0,0.0,0.0,0.0,0.0,0.0,0.0,0.0,0.0,0.0,0.0,0.0,0.0,0.0,1.0,0.0,0.0,0.0,0.0,0.0,0.0,0.0,0.0
1696,1998-07-01,SZSE:002091,0.0,0.0,0.0,0.0,0.0,0.0,0.0,0.0,0.0,0.0,0.0,0.0,0.0,0.0,0.0,0.0,0.0,0.0,0.0,0.0,0.0,0.0,0.0,0.0,0.0,0.0,0.0,0.0,1.0,0.0,0.0,0.0,0.0,0.0,0.0,0.0,0.0
1697,1998-07-02,SZSE:002091,0.0,0.0,0.0,0.0,0.0,0.0,0.0,0.0,0.0,0.0,0.0,0.0,0.0,0.0,0.0,0.0,0.0,0.0,0.0,0.0,0.0,0.0,0.0,0.0,0.0,0.0,0.0,0.0,1.0,0.0,0.0,0.0,0.0,0.0,0.0,0.0,0.0
1698,1998-07-03,SZSE:002091,0.0,0.0,0.0,0.0,0.0,0.0,0.0,0.0,0.0,0.0,0.0,0.0,0.0,0.0,0.0,0.0,0.0,0.0,0.0,0.0,0.0,0.0,0.0,0.0,0.0,0.0,0.0,0.0,1.0,0.0,0.0,0.0,0.0,0.0,0.0,0.0,0.0
1699,1998-07-06,SZSE:002091,0.0,0.0,0.0,0.0,0.0,0.0,0.0,0.0,0.0,0.0,0.0,0.0,0.0,0.0,0.0,0.0,0.0,0.0,0.0,0.0,0.0,0.0,0.0,0.0,0.0,0.0,0.0,0.0,1.0,0.0,0.0,0.0,0.0,0.0,0.0,0.0,0.0
1700,1998-07-07,SZSE:002091,0.0,0.0,0.0,0.0,0.0,0.0,0.0,0.0,0.0,0.0,0.0,0.0,0.0,0.0,0.0,0.0,0.0,0.0,0.0,0.0,0.0,0.0,0.0,0.0,0.0,0.0,0.0,0.0,1.0,0.0,0.0,0.0,0.0,0.0,0.0,0.0,0.0
1701,1998-07-08,SZSE:002091,0.0,0.0,0.0,0.0,0.0,0.0,0.0,0.0,0.0,0.0,0.0,0.0,0.0,0.0,0.0,0.0,0.0,0.0,0.0,0.0,0.0,0.0,0.0,0.0,0.0,0.0,0.0,0.0,1.0,0.0,0.0,0.0,0.0,0.0,0.0,0.0,0.0
1702,1998-07-09,SZSE:002091,0.0,0.0,0.0,0.0,0.0,0.0,0.0,0.0,0.0,0.0,0.0,0.0,0.0,0.0,0.0,0.0,0.0,0.0,0.0,0.0,0.0,0.0,0.0,0.0,0.0,0.0,0.0,0.0,1.0,0.0,0.0,0.0,0.0,0.0,0.0,0.0,0.0
1703,1998-07-10,SZSE:002091,0.0,0.0,0.0,0.0,0.0,0.0,0.0,0.0,0.0,0.0,0.0,0.0,0.0,0.0,0.0,0.0,0.0,0.0,0.0,0.0,0.0,0.0,0.0,0.0,0.0,0.0,0.0,0.0,1.0,0.0,0.0,0.0,0.0,0.0,0.0,0.0,0.0
1704,1998-07-13,SZSE:002091,0.0,0.0,0.0,0.0,0.0,0.0,0.0,0.0,0.0,0.0,0.0,0.0,0.0,0.0,0.0,0.0,0.0,0.0,0.0,0.0,0.0,0.0,0.0,0.0,0.0,0.0,0.0,0.0,1.0,0.0,0.0,0.0,0.0,0.0,0.0,0.0,0.0
1705,1998-07-14,SZSE:002091,0.0,0.0,0.0,0.0,0.0,0.0,0.0,0.0,0.0,0.0,0.0,0.0,0.0,0.0,0.0,0.0,0.0,0.0,0.0,0.0,0.0,0.0,0.0,0.0,0.0,0.0,0.0,0.0,1.0,0.0,0.0,0.0,0.0,0.0,0.0,0.0,0.0
1706,1998-07-15,SZSE:002091,0.0,0.0,0.0,0.0,0.0,0.0,0.0,0.0,0.0,0.0,0.0,0.0,0.0,0.0,0.0,0.0,0.0,0.0,0.0,0.0,0.0,0.0,0.0,0.0,0.0,0.0,0.0,0.0,1.0,0.0,0.0,0.0,0.0,0.0,0.0,0.0,0.0
1707,1998-07-16,SZSE:002091,0.0,0.0,0.0,0.0,0.0,0.0,0.0,0.0,0.0,0.0,0.0,0.0,0.0,0.0,0.0,0.0,0.0,0.0,0.0,0.0,0.0,0.0,0.0,0.0,0.0,0.0,0.0,0.0,1.0,0.0,0.0,0.0,0.0,0.0,0.0,0.0,0.0
1708,1998-07-17,SZSE:002091,0.0,0.0,0.0,0.0,0.0,0.0,0.0,0.0,0.0,0.0,0.0,0.0,0.0,0.0,0.0,0.0,0.0,0.0,0.0,0.0,0.0,0.0,0.0,0.0,0.0,0.0,0.0,0.0,1.0,0.0,0.0,0.0,0.0,0.0,0.0,0.0,0.0
1709,1998-07-20,SZSE:002091,0.0,0.0,0.0,0.0,0.0,0.0,0.0,0.0,0.0,0.0,0.0,0.0,0.0,0.0,0.0,0.0,0.0,0.0,0.0,0.0,0.0,0.0,0.0,0.0,0.0,0.0,0.0,0.0,1.0,0.0,0.0,0.0,0.0,0.0,0.0,0.0,0.0
1710,1998-07-21,SZSE:002091,0.0,0.0,0.0,0.0,0.0,0.0,0.0,0.0,0.0,0.0,0.0,0.0,0.0,0.0,0.0,0.0,0.0,0.0,0.0,0.0,0.0,0.0,0.0,0.0,0.0,0.0,0.0,0.0,1.0,0.0,0.0,0.0,0.0,0.0,0.0,0.0,0.0
1711,1998-07-22,SZSE:002091,0.0,0.0,0.0,0.0,0.0,0.0,0.0,0.0,0.0,0.0,0.0,0.0,0.0,0.0,0.0,0.0,0.0,0.0,0.0,0.0,0.0,0.0,0.0,0.0,0.0,0.0,0.0,0.0,1.0,0.0,0.0,0.0,0.0,0.0,0.0,0.0,0.0
1712,1998-07-23,SZSE:002091,0.0,0.0,0.0,0.0,0.0,0.0,0.0,0.0,0.0,0.0,0.0,0.0,0.0,0.0,0.0,0.0,0.0,0.0,0.0,0.0,0.0,0.0,0.0,0.0,0.0,0.0,0.0,0.0,1.0,0.0,0.0,0.0,0.0,0.0,0.0,0.0,0.0
1713,1998-07-24,SZSE:002091,0.0,0.0,0.0,0.0,0.0,0.0,0.0,0.0,0.0,0.0,0.0,0.0,0.0,0.0,0.0,0.0,0.0,0.0,0.0,0.0,0.0,0.0,0.0,0.0,0.0,0.0,0.0,0.0,1.0,0.0,0.0,0.0,0.0,0.0,0.0,0.0,0.0
1714,1998-07-27,SZSE:002091,0.0,0.0,0.0,0.0,0.0,0.0,0.0,0.0,0.0,0.0,0.0,0.0,0.0,0.0,0.0,0.0,0.0,0.0,0.0,0.0,0.0,0.0,0.0,0.0,0.0,0.0,0.0,0.0,1.0,0.0,0.0,0.0,0.0,0.0,0.0,0.0,0.0
1715,1998-07-28,SZSE:002091,0.0,0.0,0.0,0.0,0.0,0.0,0.0,0.0,0.0,0.0,0.0,0.0,0.0,0.0,0.0,0.0,0.0,0.0,0.0,0.0,0.0,0.0,0.0,0.0,0.0,0.0,0.0,0.0,1.0,0.0,0.0,0.0,0.0,0.0,0.0,0.0,0.0
1716,1998-07-29,SZSE:002091,0.0,0.0,0.0,0.0,0.0,0.0,0.0,0.0,0.0,0.0,0.0,0.0,0.0,0.0,0.0,0.0,0.0,0.0,0.0,0.0,0.0,0.0,0.0,0.0,0.0,0.0,0.0,0.0,1.0,0.0,0.0,0.0,0.0,0.0,0.0,0.0,0.0
1717,1998-07-30,SZSE:002091,0.0,0.0,0.0,0.0,0.0,0.0,0.0,0.0,0.0,0.0,0.0,0.0,0.0,0.0,0.0,0.0,0.0,0.0,0.0,0.0,0.0,0.0,0.0,0.0,0.0,0.0,0.0,0.0,1.0,0.0,0.0,0.0,0.0,0.0,0.0,0.0,0.0
1718,1998-07-31,SZSE:002091,0.0,0.0,0.0,0.0,0.0,0.0,0.0,0.0,0.0,0.0,0.0,0.0,0.0,0.0,0.0,0.0,0.0,0.0,0.0,0.0,0.0,0.0,0.0,0.0,0.0,0.0,0.0,0.0,1.0,0.0,0.0,0.0,0.0,0.0,0.0,0.0,0.0
1719,1998-08-03,SZSE:002091,0.0,0.0,0.0,0.0,0.0,0.0,0.0,0.0,0.0,0.0,0.0,0.0,0.0,0.0,0.0,0.0,0.0,0.0,0.0,0.0,0.0,0.0,0.0,0.0,0.0,0.0,0.0,0.0,1.0,0.0,0.0,0.0,0.0,0.0,0.0,0.0,0.0
1720,1998-08-04,SZSE:002091,0.0,0.0,0.0,0.0,0.0,0.0,0.0,0.0,0.0,0.0,0.0,0.0,0.0,0.0,0.0,0.0,0.0,0.0,0.0,0.0,0.0,0.0,0.0,0.0,0.0,0.0,0.0,0.0,1.0,0.0,0.0,0.0,0.0,0.0,0.0,0.0,0.0
1721,1998-08-05,SZSE:002091,0.0,0.0,0.0,0.0,0.0,0.0,0.0,0.0,0.0,0.0,0.0,0.0,0.0,0.0,0.0,0.0,0.0,0.0,0.0,0.0,0.0,0.0,0.0,0.0,0.0,0.0,0.0,0.0,1.0,0.0,0.0,0.0,0.0,0.0,0.0,0.0,0.0
1722,1998-08-06,SZSE:002091,0.0,0.0,0.0,0.0,0.0,0.0,0.0,0.0,0.0,0.0,0.0,0.0,0.0,0.0,0.0,0.0,0.0,0.0,0.0,0.0,0.0,0.0,0.0,0.0,0.0,0.0,0.0,0.0,1.0,0.0,0.0,0.0,0.0,0.0,0.0,0.0,0.0
1723,1998-08-07,SZSE:002091,0.0,0.0,0.0,0.0,0.0,0.0,0.0,0.0,0.0,0.0,0.0,0.0,0.0,0.0,0.0,0.0,0.0,0.0,0.0,0.0,0.0,0.0,0.0,0.0,0.0,0.0,0.0,0.0,1.0,0.0,0.0,0.0,0.0,0.0,0.0,0.0,0.0
1724,1998-08-10,SZSE:002091,0.0,0.0,0.0,0.0,0.0,0.0,0.0,0.0,0.0,0.0,0.0,0.0,0.0,0.0,0.0,0.0,0.0,0.0,0.0,0.0,0.0,0.0,0.0,0.0,0.0,0.0,0.0,0.0,1.0,0.0,0.0,0.0,0.0,0.0,0.0,0.0,0.0
1725,1998-08-11,SZSE:002091,0.0,0.0,0.0,0.0,0.0,0.0,0.0,0.0,0.0,0.0,0.0,0.0,0.0,0.0,0.0,0.0,0.0,0.0,0.0,0.0,0.0,0.0,0.0,0.0,0.0,0.0,0.0,0.0,1.0,0.0,0.0,0.0,0.0,0.0,0.0,0.0,0.0
1726,1998-08-12,SZSE:002091,0.0,0.0,0.0,0.0,0.0,0.0,0.0,0.0,0.0,0.0,0.0,0.0,0.0,0.0,0.0,0.0,0.0,0.0,0.0,0.0,0.0,0.0,0.0,0.0,0.0,0.0,0.0,0.0,1.0,0.0,0.0,0.0,0.0,0.0,0.0,0.0,0.0
1727,1998-08-13,SZSE:002091,0.0,0.0,0.0,0.0,0.0,0.0,0.0,0.0,0.0,0.0,0.0,0.0,0.0,0.0,0.0,0.0,0.0,0.0,0.0,0.0,0.0,0.0,0.0,0.0,0.0,0.0,0.0,0.0,1.0,0.0,0.0,0.0,0.0,0.0,0.0,0.0,0.0
1728,1998-08-14,SZSE:002091,0.0,0.0,0.0,0.0,0.0,0.0,0.0,0.0,0.0,0.0,0.0,0.0,0.0,0.0,0.0,0.0,0.0,0.0,0.0,0.0,0.0,0.0,0.0,0.0,0.0,0.0,0.0,0.0,1.0,0.0,0.0,0.0,0.0,0.0,0.0,0.0,0.0
1729,1998-08-17,SZSE:002091,0.0,0.0,0.0,0.0,0.0,0.0,0.0,0.0,0.0,0.0,0.0,0.0,0.0,0.0,0.0,0.0,0.0,0.0,0.0,0.0,0.0,0.0,0.0,0.0,0.0,0.0,0.0,0.0,1.0,0.0,0.0,0.0,0.0,0.0,0.0,0.0,0.0
1730,1998-08-18,SZSE:002091,0.0,0.0,0.0,0.0,0.0,0.0,0.0,0.0,0.0,0.0,0.0,0.0,0.0,0.0,0.0,0.0,0.0,0.0,0.0,0.0,0.0,0.0,0.0,0.0,0.0,0.0,0.0,0.0,1.0,0.0,0.0,0.0,0.0,0.0,0.0,0.0,0.0
1731,1998-08-19,SZSE:002091,0.0,0.0,0.0,0.0,0.0,0.0,0.0,0.0,0.0,0.0,0.0,0.0,0.0,0.0,0.0,0.0,0.0,0.0,0.0,0.0,0.0,0.0,0.0,0.0,0.0,0.0,0.0,0.0,1.0,0.0,0.0,0.0,0.0,0.0,0.0,0.0,0.0
1732,1998-08-20,SZSE:002091,0.0,0.0,0.0,0.0,0.0,0.0,0.0,0.0,0.0,0.0,0.0,0.0,0.0,0.0,0.0,0.0,0.0,0.0,0.0,0.0,0.0,0.0,0.0,0.0,0.0,0.0,0.0,0.0,1.0,0.0,0.0,0.0,0.0,0.0,0.0,0.0,0.0
1733,1998-08-21,SZSE:002091,0.0,0.0,0.0,0.0,0.0,0.0,0.0,0.0,0.0,0.0,0.0,0.0,0.0,0.0,0.0,0.0,0.0,0.0,0.0,0.0,0.0,0.0,0.0,0.0,0.0,0.0,0.0,0.0,1.0,0.0,0.0,0.0,0.0,0.0,0.0,0.0,0.0
1734,1998-08-24,SZSE:002091,0.0,0.0,0.0,0.0,0.0,0.0,0.0,0.0,0.0,0.0,0.0,0.0,0.0,0.0,0.0,0.0,0.0,0.0,0.0,0.0,0.0,0.0,0.0,0.0,0.0,0.0,0.0,0.0,1.0,0.0,0.0,0.0,0.0,0.0,0.0,0.0,0.0
1735,1998-08-25,SZSE:002091,0.0,0.0,0.0,0.0,0.0,0.0,0.0,0.0,0.0,0.0,0.0,0.0,0.0,0.0,0.0,0.0,0.0,0.0,0.0,0.0,0.0,0.0,0.0,0.0,0.0,0.0,0.0,0.0,1.0,0.0,0.0,0.0,0.0,0.0,0.0,0.0,0.0
1736,1998-08-26,SZSE:002091,0.0,0.0,0.0,0.0,0.0,0.0,0.0,0.0,0.0,0.0,0.0,0.0,0.0,0.0,0.0,0.0,0.0,0.0,0.0,0.0,0.0,0.0,0.0,0.0,0.0,0.0,0.0,0.0,1.0,0.0,0.0,0.0,0.0,0.0,0.0,0.0,0.0
1737,1998-08-27,SZSE:002091,0.0,0.0,0.0,0.0,0.0,0.0,0.0,0.0,0.0,0.0,0.0,0.0,0.0,0.0,0.0,0.0,0.0,0.0,0.0,0.0,0.0,0.0,0.0,0.0,0.0,0.0,0.0,0.0,1.0,0.0,0.0,0.0,0.0,0.0,0.0,0.0,0.0
1738,1998-08-28,SZSE:002091,0.0,0.0,0.0,0.0,0.0,0.0,0.0,0.0,0.0,0.0,0.0,0.0,0.0,0.0,0.0,0.0,0.0,0.0,0.0,0.0,0.0,0.0,0.0,0.0,0.0,0.0,0.0,0.0,1.0,0.0,0.0,0.0,0.0,0.0,0.0,0.0,0.0
1739,1998-08-31,SZSE:002091,0.0,0.0,0.0,0.0,0.0,0.0,0.0,0.0,0.0,0.0,0.0,0.0,0.0,0.0,0.0,0.0,0.0,0.0,0.0,0.0,0.0,0.0,0.0,0.0,0.0,0.0,0.0,0.0,1.0,0.0,0.0,0.0,0.0,0.0,0.0,0.0,0.0
1740,1998-09-01,SZSE:002091,0.0,0.0,0.0,0.0,0.0,0.0,0.0,0.0,0.0,0.0,0.0,0.0,0.0,0.0,0.0,0.0,0.0,0.0,0.0,0.0,0.0,0.0,0.0,0.0,0.0,0.0,0.0,0.0,1.0,0.0,0.0,0.0,0.0,0.0,0.0,0.0,0.0
1741,1998-09-02,SZSE:002091,0.0,0.0,0.0,0.0,0.0,0.0,0.0,0.0,0.0,0.0,0.0,0.0,0.0,0.0,0.0,0.0,0.0,0.0,0.0,0.0,0.0,0.0,0.0,0.0,0.0,0.0,0.0,0.0,1.0,0.0,0.0,0.0,0.0,0.0,0.0,0.0,0.0
1742,1998-09-03,SZSE:002091,0.0,0.0,0.0,0.0,0.0,0.0,0.0,0.0,0.0,0.0,0.0,0.0,0.0,0.0,0.0,0.0,0.0,0.0,0.0,0.0,0.0,0.0,0.0,0.0,0.0,0.0,0.0,0.0,1.0,0.0,0.0,0.0,0.0,0.0,0.0,0.0,0.0
1743,1998-09-04,SZSE:002091,0.0,0.0,0.0,0.0,0.0,0.0,0.0,0.0,0.0,0.0,0.0,0.0,0.0,0.0,0.0,0.0,0.0,0.0,0.0,0.0,0.0,0.0,0.0,0.0,0.0,0.0,0.0,0.0,1.0,0.0,0.0,0.0,0.0,0.0,0.0,0.0,0.0
1744,1998-09-07,SZSE:002091,0.0,0.0,0.0,0.0,0.0,0.0,0.0,0.0,0.0,0.0,0.0,0.0,0.0,0.0,0.0,0.0,0.0,0.0,0.0,0.0,0.0,0.0,0.0,0.0,0.0,0.0,0.0,0.0,1.0,0.0,0.0,0.0,0.0,0.0,0.0,0.0,0.0
1745,1998-09-08,SZSE:002091,0.0,0.0,0.0,0.0,0.0,0.0,0.0,0.0,0.0,0.0,0.0,0.0,0.0,0.0,0.0,0.0,0.0,0.0,0.0,0.0,0.0,0.0,0.0,0.0,0.0,0.0,0.0,0.0,1.0,0.0,0.0,0.0,0.0,0.0,0.0,0.0,0.0
1746,1998-09-09,SZSE:002091,0.0,0.0,0.0,0.0,0.0,0.0,0.0,0.0,0.0,0.0,0.0,0.0,0.0,0.0,0.0,0.0,0.0,0.0,0.0,0.0,0.0,0.0,0.0,0.0,0.0,0.0,0.0,0.0,1.0,0.0,0.0,0.0,0.0,0.0,0.0,0.0,0.0
1747,1998-09-10,SZSE:002091,0.0,0.0,0.0,0.0,0.0,0.0,0.0,0.0,0.0,0.0,0.0,0.0,0.0,0.0,0.0,0.0,0.0,0.0,0.0,0.0,0.0,0.0,0.0,0.0,0.0,0.0,0.0,0.0,1.0,0.0,0.0,0.0,0.0,0.0,0.0,0.0,0.0
1748,1998-09-11,SZSE:002091,0.0,0.0,0.0,0.0,0.0,0.0,0.0,0.0,0.0,0.0,0.0,0.0,0.0,0.0,0.0,0.0,0.0,0.0,0.0,0.0,0.0,0.0,0.0,0.0,0.0,0.0,0.0,0.0,1.0,0.0,0.0,0.0,0.0,0.0,0.0,0.0,0.0
1749,1998-09-14,SZSE:002091,0.0,0.0,0.0,0.0,0.0,0.0,0.0,0.0,0.0,0.0,0.0,0.0,0.0,0.0,0.0,0.0,0.0,0.0,0.0,0.0,0.0,0.0,0.0,0.0,0.0,0.0,0.0,0.0,1.0,0.0,0.0,0.0,0.0,0.0,0.0,0.0,0.0
1750,1998-09-15,SZSE:002091,0.0,0.0,0.0,0.0,0.0,0.0,0.0,0.0,0.0,0.0,0.0,0.0,0.0,0.0,0.0,0.0,0.0,0.0,0.0,0.0,0.0,0.0,0.0,0.0,0.0,0.0,0.0,0.0,1.0,0.0,0.0,0.0,0.0,0.0,0.0,0.0,0.0
1751,1998-09-16,SZSE:002091,0.0,0.0,0.0,0.0,0.0,0.0,0.0,0.0,0.0,0.0,0.0,0.0,0.0,0.0,0.0,0.0,0.0,0.0,0.0,0.0,0.0,0.0,0.0,0.0,0.0,0.0,0.0,0.0,1.0,0.0,0.0,0.0,0.0,0.0,0.0,0.0,0.0
1752,1998-09-17,SZSE:002091,0.0,0.0,0.0,0.0,0.0,0.0,0.0,0.0,0.0,0.0,0.0,0.0,0.0,0.0,0.0,0.0,0.0,0.0,0.0,0.0,0.0,0.0,0.0,0.0,0.0,0.0,0.0,0.0,1.0,0.0,0.0,0.0,0.0,0.0,0.0,0.0,0.0
1753,1998-09-18,SZSE:002091,0.0,0.0,0.0,0.0,0.0,0.0,0.0,0.0,0.0,0.0,0.0,0.0,0.0,0.0,0.0,0.0,0.0,0.0,0.0,0.0,0.0,0.0,0.0,0.0,0.0,0.0,0.0,0.0,1.0,0.0,0.0,0.0,0.0,0.0,0.0,0.0,0.0
1754,1998-09-21,SZSE:002091,0.0,0.0,0.0,0.0,0.0,0.0,0.0,0.0,0.0,0.0,0.0,0.0,0.0,0.0,0.0,0.0,0.0,0.0,0.0,0.0,0.0,0.0,0.0,0.0,0.0,0.0,0.0,0.0,1.0,0.0,0.0,0.0,0.0,0.0,0.0,0.0,0.0
1755,1998-09-22,SZSE:002091,0.0,0.0,0.0,0.0,0.0,0.0,0.0,0.0,0.0,0.0,0.0,0.0,0.0,0.0,0.0,0.0,0.0,0.0,0.0,0.0,0.0,0.0,0.0,0.0,0.0,0.0,0.0,0.0,1.0,0.0,0.0,0.0,0.0,0.0,0.0,0.0,0.0
1756,1998-09-23,SZSE:002091,0.0,0.0,0.0,0.0,0.0,0.0,0.0,0.0,0.0,0.0,0.0,0.0,0.0,0.0,0.0,0.0,0.0,0.0,0.0,0.0,0.0,0.0,0.0,0.0,0.0,0.0,0.0,0.0,1.0,0.0,0.0,0.0,0.0,0.0,0.0,0.0,0.0
1757,1998-09-24,SZSE:002091,0.0,0.0,0.0,0.0,0.0,0.0,0.0,0.0,0.0,0.0,0.0,0.0,0.0,0.0,0.0,0.0,0.0,0.0,0.0,0.0,0.0,0.0,0.0,0.0,0.0,0.0,0.0,0.0,1.0,0.0,0.0,0.0,0.0,0.0,0.0,0.0,0.0
1758,1998-09-25,SZSE:002091,0.0,0.0,0.0,0.0,0.0,0.0,0.0,0.0,0.0,0.0,0.0,0.0,0.0,0.0,0.0,0.0,0.0,0.0,0.0,0.0,0.0,0.0,0.0,0.0,0.0,0.0,0.0,0.0,1.0,0.0,0.0,0.0,0.0,0.0,0.0,0.0,0.0
1759,1998-09-28,SZSE:002091,0.0,0.0,0.0,0.0,0.0,0.0,0.0,0.0,0.0,0.0,0.0,0.0,0.0,0.0,0.0,0.0,0.0,0.0,0.0,0.0,0.0,0.0,0.0,0.0,0.0,0.0,0.0,0.0,1.0,0.0,0.0,0.0,0.0,0.0,0.0,0.0,0.0
1760,1998-09-29,SZSE:002091,0.0,0.0,0.0,0.0,0.0,0.0,0.0,0.0,0.0,0.0,0.0,0.0,0.0,0.0,0.0,0.0,0.0,0.0,0.0,0.0,0.0,0.0,0.0,0.0,0.0,0.0,0.0,0.0,1.0,0.0,0.0,0.0,0.0,0.0,0.0,0.0,0.0
1761,1998-09-30,SZSE:002091,0.0,0.0,0.0,0.0,0.0,0.0,0.0,0.0,0.0,0.0,0.0,0.0,0.0,0.0,0.0,0.0,0.0,0.0,0.0,0.0,0.0,0.0,0.0,0.0,0.0,0.0,0.0,0.0,1.0,0.0,0.0,0.0,0.0,0.0,0.0,0.0,0.0
1762,1998-10-01,SZSE:002091,0.0,0.0,0.0,0.0,0.0,0.0,0.0,0.0,0.0,0.0,0.0,0.0,0.0,0.0,0.0,0.0,0.0,0.0,0.0,0.0,0.0,0.0,0.0,0.0,0.0,0.0,0.0,0.0,1.0,0.0,0.0,0.0,0.0,0.0,0.0,0.0,0.0
1763,1998-10-02,SZSE:002091,0.0,0.0,0.0,0.0,0.0,0.0,0.0,0.0,0.0,0.0,0.0,0.0,0.0,0.0,0.0,0.0,0.0,0.0,0.0,0.0,0.0,0.0,0.0,0.0,0.0,0.0,0.0,0.0,1.0,0.0,0.0,0.0,0.0,0.0,0.0,0.0,0.0
1764,1998-10-05,SZSE:002091,0.0,0.0,0.0,0.0,0.0,0.0,0.0,0.0,0.0,0.0,0.0,0.0,0.0,0.0,0.0,0.0,0.0,0.0,0.0,0.0,0.0,0.0,0.0,0.0,0.0,0.0,0.0,0.0,1.0,0.0,0.0,0.0,0.0,0.0,0.0,0.0,0.0
1765,1998-10-06,SZSE:002091,0.0,0.0,0.0,0.0,0.0,0.0,0.0,0.0,0.0,0.0,0.0,0.0,0.0,0.0,0.0,0.0,0.0,0.0,0.0,0.0,0.0,0.0,0.0,0.0,0.0,0.0,0.0,0.0,1.0,0.0,0.0,0.0,0.0,0.0,0.0,0.0,0.0
1766,1998-10-07,SZSE:002091,0.0,0.0,0.0,0.0,0.0,0.0,0.0,0.0,0.0,0.0,0.0,0.0,0.0,0.0,0.0,0.0,0.0,0.0,0.0,0.0,0.0,0.0,0.0,0.0,0.0,0.0,0.0,0.0,1.0,0.0,0.0,0.0,0.0,0.0,0.0,0.0,0.0
1767,1998-10-08,SZSE:002091,0.0,0.0,0.0,0.0,0.0,0.0,0.0,0.0,0.0,0.0,0.0,0.0,0.0,0.0,0.0,0.0,0.0,0.0,0.0,0.0,0.0,0.0,0.0,0.0,0.0,0.0,0.0,0.0,1.0,0.0,0.0,0.0,0.0,0.0,0.0,0.0,0.0
1768,1998-10-09,SZSE:002091,0.0,0.0,0.0,0.0,0.0,0.0,0.0,0.0,0.0,0.0,0.0,0.0,0.0,0.0,0.0,0.0,0.0,0.0,0.0,0.0,0.0,0.0,0.0,0.0,0.0,0.0,0.0,0.0,1.0,0.0,0.0,0.0,0.0,0.0,0.0,0.0,0.0
1769,1998-10-12,SZSE:002091,0.0,0.0,0.0,0.0,0.0,0.0,0.0,0.0,0.0,0.0,0.0,0.0,0.0,0.0,0.0,0.0,0.0,0.0,0.0,0.0,0.0,0.0,0.0,0.0,0.0,0.0,0.0,0.0,1.0,0.0,0.0,0.0,0.0,0.0,0.0,0.0,0.0
1770,1998-10-13,SZSE:002091,0.0,0.0,0.0,0.0,0.0,0.0,0.0,0.0,0.0,0.0,0.0,0.0,0.0,0.0,0.0,0.0,0.0,0.0,0.0,0.0,0.0,0.0,0.0,0.0,0.0,0.0,0.0,0.0,1.0,0.0,0.0,0.0,0.0,0.0,0.0,0.0,0.0
1771,1998-10-14,SZSE:002091,0.0,0.0,0.0,0.0,0.0,0.0,0.0,0.0,0.0,0.0,0.0,0.0,0.0,0.0,0.0,0.0,0.0,0.0,0.0,0.0,0.0,0.0,0.0,0.0,0.0,0.0,0.0,0.0,1.0,0.0,0.0,0.0,0.0,0.0,0.0,0.0,0.0
1772,1998-10-15,SZSE:002091,0.0,0.0,0.0,0.0,0.0,0.0,0.0,0.0,0.0,0.0,0.0,0.0,0.0,0.0,0.0,0.0,0.0,0.0,0.0,0.0,0.0,0.0,0.0,0.0,0.0,0.0,0.0,0.0,1.0,0.0,0.0,0.0,0.0,0.0,0.0,0.0,0.0
1773,1998-10-16,SZSE:002091,0.0,0.0,0.0,0.0,0.0,0.0,0.0,0.0,0.0,0.0,0.0,0.0,0.0,0.0,0.0,0.0,0.0,0.0,0.0,0.0,0.0,0.0,0.0,0.0,0.0,0.0,0.0,0.0,1.0,0.0,0.0,0.0,0.0,0.0,0.0,0.0,0.0
1774,1998-10-19,SZSE:002091,0.0,0.0,0.0,0.0,0.0,0.0,0.0,0.0,0.0,0.0,0.0,0.0,0.0,0.0,0.0,0.0,0.0,0.0,0.0,0.0,0.0,0.0,0.0,0.0,0.0,0.0,0.0,0.0,1.0,0.0,0.0,0.0,0.0,0.0,0.0,0.0,0.0
1775,1998-10-20,SZSE:002091,0.0,0.0,0.0,0.0,0.0,0.0,0.0,0.0,0.0,0.0,0.0,0.0,0.0,0.0,0.0,0.0,0.0,0.0,0.0,0.0,0.0,0.0,0.0,0.0,0.0,0.0,0.0,0.0,1.0,0.0,0.0,0.0,0.0,0.0,0.0,0.0,0.0
1776,1998-10-21,SZSE:002091,0.0,0.0,0.0,0.0,0.0,0.0,0.0,0.0,0.0,0.0,0.0,0.0,0.0,0.0,0.0,0.0,0.0,0.0,0.0,0.0,0.0,0.0,0.0,0.0,0.0,0.0,0.0,0.0,1.0,0.0,0.0,0.0,0.0,0.0,0.0,0.0,0.0
1777,1998-10-22,SZSE:002091,0.0,0.0,0.0,0.0,0.0,0.0,0.0,0.0,0.0,0.0,0.0,0.0,0.0,0.0,0.0,0.0,0.0,0.0,0.0,0.0,0.0,0.0,0.0,0.0,0.0,0.0,0.0,0.0,1.0,0.0,0.0,0.0,0.0,0.0,0.0,0.0,0.0
1778,1998-10-23,SZSE:002091,0.0,0.0,0.0,0.0,0.0,0.0,0.0,0.0,0.0,0.0,0.0,0.0,0.0,0.0,0.0,0.0,0.0,0.0,0.0,0.0,0.0,0.0,0.0,0.0,0.0,0.0,0.0,0.0,1.0,0.0,0.0,0.0,0.0,0.0,0.0,0.0,0.0
1779,1998-10-26,SZSE:002091,0.0,0.0,0.0,0.0,0.0,0.0,0.0,0.0,0.0,0.0,0.0,0.0,0.0,0.0,0.0,0.0,0.0,0.0,0.0,0.0,0.0,0.0,0.0,0.0,0.0,0.0,0.0,0.0,1.0,0.0,0.0,0.0,0.0,0.0,0.0,0.0,0.0
1780,1998-10-27,SZSE:002091,0.0,0.0,0.0,0.0,0.0,0.0,0.0,0.0,0.0,0.0,0.0,0.0,0.0,0.0,0.0,0.0,0.0,0.0,0.0,0.0,0.0,0.0,0.0,0.0,0.0,0.0,0.0,0.0,1.0,0.0,0.0,0.0,0.0,0.0,0.0,0.0,0.0
1781,1998-10-28,SZSE:002091,0.0,0.0,0.0,0.0,0.0,0.0,0.0,0.0,0.0,0.0,0.0,0.0,0.0,0.0,0.0,0.0,0.0,0.0,0.0,0.0,0.0,0.0,0.0,0.0,0.0,0.0,0.0,0.0,1.0,0.0,0.0,0.0,0.0,0.0,0.0,0.0,0.0
1782,1998-10-29,SZSE:002091,0.0,0.0,0.0,0.0,0.0,0.0,0.0,0.0,0.0,0.0,0.0,0.0,0.0,0.0,0.0,0.0,0.0,0.0,0.0,0.0,0.0,0.0,0.0,0.0,0.0,0.0,0.0,0.0,1.0,0.0,0.0,0.0,0.0,0.0,0.0,0.0,0.0
1783,1998-10-30,SZSE:002091,0.0,0.0,0.0,0.0,0.0,0.0,0.0,0.0,0.0,0.0,0.0,0.0,0.0,0.0,0.0,0.0,0.0,0.0,0.0,0.0,0.0,0.0,0.0,0.0,0.0,0.0,0.0,0.0,1.0,0.0,0.0,0.0,0.0,0.0,0.0,0.0,0.0
1784,1998-11-02,SZSE:002091,0.0,0.0,0.0,0.0,0.0,0.0,0.0,0.0,0.0,0.0,0.0,0.0,0.0,0.0,0.0,0.0,0.0,0.0,0.0,0.0,0.0,0.0,0.0,0.0,0.0,0.0,0.0,0.0,1.0,0.0,0.0,0.0,0.0,0.0,0.0,0.0,0.0
1785,1998-11-03,SZSE:002091,0.0,0.0,0.0,0.0,0.0,0.0,0.0,0.0,0.0,0.0,0.0,0.0,0.0,0.0,0.0,0.0,0.0,0.0,0.0,0.0,0.0,0.0,0.0,0.0,0.0,0.0,0.0,0.0,1.0,0.0,0.0,0.0,0.0,0.0,0.0,0.0,0.0
1786,1998-11-04,SZSE:002091,0.0,0.0,0.0,0.0,0.0,0.0,0.0,0.0,0.0,0.0,0.0,0.0,0.0,0.0,0.0,0.0,0.0,0.0,0.0,0.0,0.0,0.0,0.0,0.0,0.0,0.0,0.0,0.0,1.0,0.0,0.0,0.0,0.0,0.0,0.0,0.0,0.0
1787,1998-11-05,SZSE:002091,0.0,0.0,0.0,0.0,0.0,0.0,0.0,0.0,0.0,0.0,0.0,0.0,0.0,0.0,0.0,0.0,0.0,0.0,0.0,0.0,0.0,0.0,0.0,0.0,0.0,0.0,0.0,0.0,1.0,0.0,0.0,0.0,0.0,0.0,0.0,0.0,0.0
1788,1998-11-06,SZSE:002091,0.0,0.0,0.0,0.0,0.0,0.0,0.0,0.0,0.0,0.0,0.0,0.0,0.0,0.0,0.0,0.0,0.0,0.0,0.0,0.0,0.0,0.0,0.0,0.0,0.0,0.0,0.0,0.0,1.0,0.0,0.0,0.0,0.0,0.0,0.0,0.0,0.0
1789,1998-11-09,SZSE:002091,0.0,0.0,0.0,0.0,0.0,0.0,0.0,0.0,0.0,0.0,0.0,0.0,0.0,0.0,0.0,0.0,0.0,0.0,0.0,0.0,0.0,0.0,0.0,0.0,0.0,0.0,0.0,0.0,1.0,0.0,0.0,0.0,0.0,0.0,0.0,0.0,0.0
1790,1998-11-10,SZSE:002091,0.0,0.0,0.0,0.0,0.0,0.0,0.0,0.0,0.0,0.0,0.0,0.0,0.0,0.0,0.0,0.0,0.0,0.0,0.0,0.0,0.0,0.0,0.0,0.0,0.0,0.0,0.0,0.0,1.0,0.0,0.0,0.0,0.0,0.0,0.0,0.0,0.0
1791,1998-11-11,SZSE:002091,0.0,0.0,0.0,0.0,0.0,0.0,0.0,0.0,0.0,0.0,0.0,0.0,0.0,0.0,0.0,0.0,0.0,0.0,0.0,0.0,0.0,0.0,0.0,0.0,0.0,0.0,0.0,0.0,1.0,0.0,0.0,0.0,0.0,0.0,0.0,0.0,0.0
1792,1998-11-12,SZSE:002091,0.0,0.0,0.0,0.0,0.0,0.0,0.0,0.0,0.0,0.0,0.0,0.0,0.0,0.0,0.0,0.0,0.0,0.0,0.0,0.0,0.0,0.0,0.0,0.0,0.0,0.0,0.0,0.0,1.0,0.0,0.0,0.0,0.0,0.0,0.0,0.0,0.0
1793,1998-11-13,SZSE:002091,0.0,0.0,0.0,0.0,0.0,0.0,0.0,0.0,0.0,0.0,0.0,0.0,0.0,0.0,0.0,0.0,0.0,0.0,0.0,0.0,0.0,0.0,0.0,0.0,0.0,0.0,0.0,0.0,1.0,0.0,0.0,0.0,0.0,0.0,0.0,0.0,0.0
1794,1998-11-16,SZSE:002091,0.0,0.0,0.0,0.0,0.0,0.0,0.0,0.0,0.0,0.0,0.0,0.0,0.0,0.0,0.0,0.0,0.0,0.0,0.0,0.0,0.0,0.0,0.0,0.0,0.0,0.0,0.0,0.0,1.0,0.0,0.0,0.0,0.0,0.0,0.0,0.0,0.0
1795,1998-11-17,SZSE:002091,0.0,0.0,0.0,0.0,0.0,0.0,0.0,0.0,0.0,0.0,0.0,0.0,0.0,0.0,0.0,0.0,0.0,0.0,0.0,0.0,0.0,0.0,0.0,0.0,0.0,0.0,0.0,0.0,1.0,0.0,0.0,0.0,0.0,0.0,0.0,0.0,0.0
1796,1998-11-18,SZSE:002091,0.0,0.0,0.0,0.0,0.0,0.0,0.0,0.0,0.0,0.0,0.0,0.0,0.0,0.0,0.0,0.0,0.0,0.0,0.0,0.0,0.0,0.0,0.0,0.0,0.0,0.0,0.0,0.0,1.0,0.0,0.0,0.0,0.0,0.0,0.0,0.0,0.0
1797,1998-11-19,SZSE:002091,0.0,0.0,0.0,0.0,0.0,0.0,0.0,0.0,0.0,0.0,0.0,0.0,0.0,0.0,0.0,0.0,0.0,0.0,0.0,0.0,0.0,0.0,0.0,0.0,0.0,0.0,0.0,0.0,1.0,0.0,0.0,0.0,0.0,0.0,0.0,0.0,0.0
1798,1998-11-20,SZSE:002091,0.0,0.0,0.0,0.0,0.0,0.0,0.0,0.0,0.0,0.0,0.0,0.0,0.0,0.0,0.0,0.0,0.0,0.0,0.0,0.0,0.0,0.0,0.0,0.0,0.0,0.0,0.0,0.0,1.0,0.0,0.0,0.0,0.0,0.0,0.0,0.0,0.0
1799,1998-11-23,SZSE:002091,0.0,0.0,0.0,0.0,0.0,0.0,0.0,0.0,0.0,0.0,0.0,0.0,0.0,0.0,0.0,0.0,0.0,0.0,0.0,0.0,0.0,0.0,0.0,0.0,0.0,0.0,0.0,0.0,1.0,0.0,0.0,0.0,0.0,0.0,0.0,0.0,0.0
1800,1998-11-24,SZSE:002091,0.0,0.0,0.0,0.0,0.0,0.0,0.0,0.0,0.0,0.0,0.0,0.0,0.0,0.0,0.0,0.0,0.0,0.0,0.0,0.0,0.0,0.0,0.0,0.0,0.0,0.0,0.0,0.0,1.0,0.0,0.0,0.0,0.0,0.0,0.0,0.0,0.0
1801,1998-11-25,SZSE:002091,0.0,0.0,0.0,0.0,0.0,0.0,0.0,0.0,0.0,0.0,0.0,0.0,0.0,0.0,0.0,0.0,0.0,0.0,0.0,0.0,0.0,0.0,0.0,0.0,0.0,0.0,0.0,0.0,1.0,0.0,0.0,0.0,0.0,0.0,0.0,0.0,0.0
1802,1998-11-26,SZSE:002091,0.0,0.0,0.0,0.0,0.0,0.0,0.0,0.0,0.0,0.0,0.0,0.0,0.0,0.0,0.0,0.0,0.0,0.0,0.0,0.0,0.0,0.0,0.0,0.0,0.0,0.0,0.0,0.0,1.0,0.0,0.0,0.0,0.0,0.0,0.0,0.0,0.0
1803,1998-11-27,SZSE:002091,0.0,0.0,0.0,0.0,0.0,0.0,0.0,0.0,0.0,0.0,0.0,0.0,0.0,0.0,0.0,0.0,0.0,0.0,0.0,0.0,0.0,0.0,0.0,0.0,0.0,0.0,0.0,0.0,1.0,0.0,0.0,0.0,0.0,0.0,0.0,0.0,0.0
1804,1998-11-30,SZSE:002091,0.0,0.0,0.0,0.0,0.0,0.0,0.0,0.0,0.0,0.0,0.0,0.0,0.0,0.0,0.0,0.0,0.0,0.0,0.0,0.0,0.0,0.0,0.0,0.0,0.0,0.0,0.0,0.0,1.0,0.0,0.0,0.0,0.0,0.0,0.0,0.0,0.0
1805,1998-12-01,SZSE:002091,0.0,0.0,0.0,0.0,0.0,0.0,0.0,0.0,0.0,0.0,0.0,0.0,0.0,0.0,0.0,0.0,0.0,0.0,0.0,0.0,0.0,0.0,0.0,0.0,0.0,0.0,0.0,0.0,1.0,0.0,0.0,0.0,0.0,0.0,0.0,0.0,0.0
1806,1998-12-02,SZSE:002091,0.0,0.0,0.0,0.0,0.0,0.0,0.0,0.0,0.0,0.0,0.0,0.0,0.0,0.0,0.0,0.0,0.0,0.0,0.0,0.0,0.0,0.0,0.0,0.0,0.0,0.0,0.0,0.0,1.0,0.0,0.0,0.0,0.0,0.0,0.0,0.0,0.0
1807,1998-12-03,SZSE:002091,0.0,0.0,0.0,0.0,0.0,0.0,0.0,0.0,0.0,0.0,0.0,0.0,0.0,0.0,0.0,0.0,0.0,0.0,0.0,0.0,0.0,0.0,0.0,0.0,0.0,0.0,0.0,0.0,1.0,0.0,0.0,0.0,0.0,0.0,0.0,0.0,0.0
1808,1998-12-04,SZSE:002091,0.0,0.0,0.0,0.0,0.0,0.0,0.0,0.0,0.0,0.0,0.0,0.0,0.0,0.0,0.0,0.0,0.0,0.0,0.0,0.0,0.0,0.0,0.0,0.0,0.0,0.0,0.0,0.0,1.0,0.0,0.0,0.0,0.0,0.0,0.0,0.0,0.0
1809,1998-12-07,SZSE:002091,0.0,0.0,0.0,0.0,0.0,0.0,0.0,0.0,0.0,0.0,0.0,0.0,0.0,0.0,0.0,0.0,0.0,0.0,0.0,0.0,0.0,0.0,0.0,0.0,0.0,0.0,0.0,0.0,1.0,0.0,0.0,0.0,0.0,0.0,0.0,0.0,0.0
1810,1998-12-08,SZSE:002091,0.0,0.0,0.0,0.0,0.0,0.0,0.0,0.0,0.0,0.0,0.0,0.0,0.0,0.0,0.0,0.0,0.0,0.0,0.0,0.0,0.0,0.0,0.0,0.0,0.0,0.0,0.0,0.0,1.0,0.0,0.0,0.0,0.0,0.0,0.0,0.0,0.0
1811,1998-12-09,SZSE:002091,0.0,0.0,0.0,0.0,0.0,0.0,0.0,0.0,0.0,0.0,0.0,0.0,0.0,0.0,0.0,0.0,0.0,0.0,0.0,0.0,0.0,0.0,0.0,0.0,0.0,0.0,0.0,0.0,1.0,0.0,0.0,0.0,0.0,0.0,0.0,0.0,0.0
1812,1998-12-10,SZSE:002091,0.0,0.0,0.0,0.0,0.0,0.0,0.0,0.0,0.0,0.0,0.0,0.0,0.0,0.0,0.0,0.0,0.0,0.0,0.0,0.0,0.0,0.0,0.0,0.0,0.0,0.0,0.0,0.0,1.0,0.0,0.0,0.0,0.0,0.0,0.0,0.0,0.0
1813,1998-12-11,SZSE:002091,0.0,0.0,0.0,0.0,0.0,0.0,0.0,0.0,0.0,0.0,0.0,0.0,0.0,0.0,0.0,0.0,0.0,0.0,0.0,0.0,0.0,0.0,0.0,0.0,0.0,0.0,0.0,0.0,1.0,0.0,0.0,0.0,0.0,0.0,0.0,0.0,0.0
1814,1998-12-14,SZSE:002091,0.0,0.0,0.0,0.0,0.0,0.0,0.0,0.0,0.0,0.0,0.0,0.0,0.0,0.0,0.0,0.0,0.0,0.0,0.0,0.0,0.0,0.0,0.0,0.0,0.0,0.0,0.0,0.0,1.0,0.0,0.0,0.0,0.0,0.0,0.0,0.0,0.0
1815,1998-12-15,SZSE:002091,0.0,0.0,0.0,0.0,0.0,0.0,0.0,0.0,0.0,0.0,0.0,0.0,0.0,0.0,0.0,0.0,0.0,0.0,0.0,0.0,0.0,0.0,0.0,0.0,0.0,0.0,0.0,0.0,1.0,0.0,0.0,0.0,0.0,0.0,0.0,0.0,0.0
1816,1998-12-16,SZSE:002091,0.0,0.0,0.0,0.0,0.0,0.0,0.0,0.0,0.0,0.0,0.0,0.0,0.0,0.0,0.0,0.0,0.0,0.0,0.0,0.0,0.0,0.0,0.0,0.0,0.0,0.0,0.0,0.0,1.0,0.0,0.0,0.0,0.0,0.0,0.0,0.0,0.0
1817,1998-12-17,SZSE:002091,0.0,0.0,0.0,0.0,0.0,0.0,0.0,0.0,0.0,0.0,0.0,0.0,0.0,0.0,0.0,0.0,0.0,0.0,0.0,0.0,0.0,0.0,0.0,0.0,0.0,0.0,0.0,0.0,1.0,0.0,0.0,0.0,0.0,0.0,0.0,0.0,0.0
1818,1998-12-18,SZSE:002091,0.0,0.0,0.0,0.0,0.0,0.0,0.0,0.0,0.0,0.0,0.0,0.0,0.0,0.0,0.0,0.0,0.0,0.0,0.0,0.0,0.0,0.0,0.0,0.0,0.0,0.0,0.0,0.0,1.0,0.0,0.0,0.0,0.0,0.0,0.0,0.0,0.0
1819,1998-12-21,SZSE:002091,0.0,0.0,0.0,0.0,0.0,0.0,0.0,0.0,0.0,0.0,0.0,0.0,0.0,0.0,0.0,0.0,0.0,0.0,0.0,0.0,0.0,0.0,0.0,0.0,0.0,0.0,0.0,0.0,1.0,0.0,0.0,0.0,0.0,0.0,0.0,0.0,0.0
1820,1998-12-22,SZSE:002091,0.0,0.0,0.0,0.0,0.0,0.0,0.0,0.0,0.0,0.0,0.0,0.0,0.0,0.0,0.0,0.0,0.0,0.0,0.0,0.0,0.0,0.0,0.0,0.0,0.0,0.0,0.0,0.0,1.0,0.0,0.0,0.0,0.0,0.0,0.0,0.0,0.0
1821,1998-12-23,SZSE:002091,0.0,0.0,0.0,0.0,0.0,0.0,0.0,0.0,0.0,0.0,0.0,0.0,0.0,0.0,0.0,0.0,0.0,0.0,0.0,0.0,0.0,0.0,0.0,0.0,0.0,0.0,0.0,0.0,1.0,0.0,0.0,0.0,0.0,0.0,0.0,0.0,0.0
1822,1998-12-24,SZSE:002091,0.0,0.0,0.0,0.0,0.0,0.0,0.0,0.0,0.0,0.0,0.0,0.0,0.0,0.0,0.0,0.0,0.0,0.0,0.0,0.0,0.0,0.0,0.0,0.0,0.0,0.0,0.0,0.0,1.0,0.0,0.0,0.0,0.0,0.0,0.0,0.0,0.0
1823,1998-12-25,SZSE:002091,0.0,0.0,0.0,0.0,0.0,0.0,0.0,0.0,0.0,0.0,0.0,0.0,0.0,0.0,0.0,0.0,0.0,0.0,0.0,0.0,0.0,0.0,0.0,0.0,0.0,0.0,0.0,0.0,1.0,0.0,0.0,0.0,0.0,0.0,0.0,0.0,0.0
1824,1998-12-28,SZSE:002091,0.0,0.0,0.0,0.0,0.0,0.0,0.0,0.0,0.0,0.0,0.0,0.0,0.0,0.0,0.0,0.0,0.0,0.0,0.0,0.0,0.0,0.0,0.0,0.0,0.0,0.0,0.0,0.0,1.0,0.0,0.0,0.0,0.0,0.0,0.0,0.0,0.0
1825,1998-12-29,SZSE:002091,0.0,0.0,0.0,0.0,0.0,0.0,0.0,0.0,0.0,0.0,0.0,0.0,0.0,0.0,0.0,0.0,0.0,0.0,0.0,0.0,0.0,0.0,0.0,0.0,0.0,0.0,0.0,0.0,1.0,0.0,0.0,0.0,0.0,0.0,0.0,0.0,0.0
1826,1998-12-30,SZSE:002091,0.0,0.0,0.0,0.0,0.0,0.0,0.0,0.0,0.0,0.0,0.0,0.0,0.0,0.0,0.0,0.0,0.0,0.0,0.0,0.0,0.0,0.0,0.0,0.0,0.0,0.0,0.0,0.0,1.0,0.0,0.0,0.0,0.0,0.0,0.0,0.0,0.0
1827,1998-12-31,SZSE:002091,0.0,0.0,0.0,0.0,0.0,0.0,0.0,0.0,0.0,0.0,0.0,0.0,0.0,0.0,0.0,0.0,0.0,0.0,0.0,0.0,0.0,0.0,0.0,0.0,0.0,0.0,0.0,0.0,1.0,0.0,0.0,0.0,0.0,0.0,0.0,0.0,0.0
1828,1999-01-01,SZSE:002091,0.0,0.0,0.0,0.0,0.0,0.0,0.0,0.0,0.0,0.0,0.0,0.0,0.0,0.0,0.0,0.0,0.0,0.0,0.0,0.0,0.0,0.0,0.0,0.0,0.0,0.0,0.0,0.0,1.0,0.0,0.0,0.0,0.0,0.0,0.0,0.0,0.0
1829,1999-01-04,SZSE:002091,0.0,0.0,0.0,0.0,0.0,0.0,0.0,0.0,0.0,0.0,0.0,0.0,0.0,0.0,0.0,0.0,0.0,0.0,0.0,0.0,0.0,0.0,0.0,0.0,0.0,0.0,0.0,0.0,1.0,0.0,0.0,0.0,0.0,0.0,0.0,0.0,0.0
1830,1999-01-05,SZSE:002091,0.0,0.0,0.0,0.0,0.0,0.0,0.0,0.0,0.0,0.0,0.0,0.0,0.0,0.0,0.0,0.0,0.0,0.0,0.0,0.0,0.0,0.0,0.0,0.0,0.0,0.0,0.0,0.0,1.0,0.0,0.0,0.0,0.0,0.0,0.0,0.0,0.0
1831,1999-01-06,SZSE:002091,0.0,0.0,0.0,0.0,0.0,0.0,0.0,0.0,0.0,0.0,0.0,0.0,0.0,0.0,0.0,0.0,0.0,0.0,0.0,0.0,0.0,0.0,0.0,0.0,0.0,0.0,0.0,0.0,1.0,0.0,0.0,0.0,0.0,0.0,0.0,0.0,0.0
1832,1999-01-07,SZSE:002091,0.0,0.0,0.0,0.0,0.0,0.0,0.0,0.0,0.0,0.0,0.0,0.0,0.0,0.0,0.0,0.0,0.0,0.0,0.0,0.0,0.0,0.0,0.0,0.0,0.0,0.0,0.0,0.0,1.0,0.0,0.0,0.0,0.0,0.0,0.0,0.0,0.0
1833,1999-01-08,SZSE:002091,0.0,0.0,0.0,0.0,0.0,0.0,0.0,0.0,0.0,0.0,0.0,0.0,0.0,0.0,0.0,0.0,0.0,0.0,0.0,0.0,0.0,0.0,0.0,0.0,0.0,0.0,0.0,0.0,1.0,0.0,0.0,0.0,0.0,0.0,0.0,0.0,0.0
1834,1999-01-11,SZSE:002091,0.0,0.0,0.0,0.0,0.0,0.0,0.0,0.0,0.0,0.0,0.0,0.0,0.0,0.0,0.0,0.0,0.0,0.0,0.0,0.0,0.0,0.0,0.0,0.0,0.0,0.0,0.0,0.0,1.0,0.0,0.0,0.0,0.0,0.0,0.0,0.0,0.0
1835,1999-01-12,SZSE:002091,0.0,0.0,0.0,0.0,0.0,0.0,0.0,0.0,0.0,0.0,0.0,0.0,0.0,0.0,0.0,0.0,0.0,0.0,0.0,0.0,0.0,0.0,0.0,0.0,0.0,0.0,0.0,0.0,1.0,0.0,0.0,0.0,0.0,0.0,0.0,0.0,0.0
1836,1999-01-13,SZSE:002091,0.0,0.0,0.0,0.0,0.0,0.0,0.0,0.0,0.0,0.0,0.0,0.0,0.0,0.0,0.0,0.0,0.0,0.0,0.0,0.0,0.0,0.0,0.0,0.0,0.0,0.0,0.0,0.0,1.0,0.0,0.0,0.0,0.0,0.0,0.0,0.0,0.0
1837,1999-01-14,SZSE:002091,0.0,0.0,0.0,0.0,0.0,0.0,0.0,0.0,0.0,0.0,0.0,0.0,0.0,0.0,0.0,0.0,0.0,0.0,0.0,0.0,0.0,0.0,0.0,0.0,0.0,0.0,0.0,0.0,1.0,0.0,0.0,0.0,0.0,0.0,0.0,0.0,0.0
1838,1999-01-15,SZSE:002091,0.0,0.0,0.0,0.0,0.0,0.0,0.0,0.0,0.0,0.0,0.0,0.0,0.0,0.0,0.0,0.0,0.0,0.0,0.0,0.0,0.0,0.0,0.0,0.0,0.0,0.0,0.0,0.0,1.0,0.0,0.0,0.0,0.0,0.0,0.0,0.0,0.0
1839,1999-01-18,SZSE:002091,0.0,0.0,0.0,0.0,0.0,0.0,0.0,0.0,0.0,0.0,0.0,0.0,0.0,0.0,0.0,0.0,0.0,0.0,0.0,0.0,0.0,0.0,0.0,0.0,0.0,0.0,0.0,0.0,1.0,0.0,0.0,0.0,0.0,0.0,0.0,0.0,0.0
1840,1999-01-19,SZSE:002091,0.0,0.0,0.0,0.0,0.0,0.0,0.0,0.0,0.0,0.0,0.0,0.0,0.0,0.0,0.0,0.0,0.0,0.0,0.0,0.0,0.0,0.0,0.0,0.0,0.0,0.0,0.0,0.0,1.0,0.0,0.0,0.0,0.0,0.0,0.0,0.0,0.0
1841,1999-01-20,SZSE:002091,0.0,0.0,0.0,0.0,0.0,0.0,0.0,0.0,0.0,0.0,0.0,0.0,0.0,0.0,0.0,0.0,0.0,0.0,0.0,0.0,0.0,0.0,0.0,0.0,0.0,0.0,0.0,0.0,1.0,0.0,0.0,0.0,0.0,0.0,0.0,0.0,0.0
1842,1999-01-21,SZSE:002091,0.0,0.0,0.0,0.0,0.0,0.0,0.0,0.0,0.0,0.0,0.0,0.0,0.0,0.0,0.0,0.0,0.0,0.0,0.0,0.0,0.0,0.0,0.0,0.0,0.0,0.0,0.0,0.0,1.0,0.0,0.0,0.0,0.0,0.0,0.0,0.0,0.0
1843,1999-01-22,SZSE:002091,0.0,0.0,0.0,0.0,0.0,0.0,0.0,0.0,0.0,0.0,0.0,0.0,0.0,0.0,0.0,0.0,0.0,0.0,0.0,0.0,0.0,0.0,0.0,0.0,0.0,0.0,0.0,0.0,1.0,0.0,0.0,0.0,0.0,0.0,0.0,0.0,0.0
1844,1999-01-25,SZSE:002091,0.0,0.0,0.0,0.0,0.0,0.0,0.0,0.0,0.0,0.0,0.0,0.0,0.0,0.0,0.0,0.0,0.0,0.0,0.0,0.0,0.0,0.0,0.0,0.0,0.0,0.0,0.0,0.0,1.0,0.0,0.0,0.0,0.0,0.0,0.0,0.0,0.0
1845,1999-01-26,SZSE:002091,0.0,0.0,0.0,0.0,0.0,0.0,0.0,0.0,0.0,0.0,0.0,0.0,0.0,0.0,0.0,0.0,0.0,0.0,0.0,0.0,0.0,0.0,0.0,0.0,0.0,0.0,0.0,0.0,1.0,0.0,0.0,0.0,0.0,0.0,0.0,0.0,0.0
1846,1999-01-27,SZSE:002091,0.0,0.0,0.0,0.0,0.0,0.0,0.0,0.0,0.0,0.0,0.0,0.0,0.0,0.0,0.0,0.0,0.0,0.0,0.0,0.0,0.0,0.0,0.0,0.0,0.0,0.0,0.0,0.0,1.0,0.0,0.0,0.0,0.0,0.0,0.0,0.0,0.0
1847,1999-01-28,SZSE:002091,0.0,0.0,0.0,0.0,0.0,0.0,0.0,0.0,0.0,0.0,0.0,0.0,0.0,0.0,0.0,0.0,0.0,0.0,0.0,0.0,0.0,0.0,0.0,0.0,0.0,0.0,0.0,0.0,1.0,0.0,0.0,0.0,0.0,0.0,0.0,0.0,0.0
1848,1999-01-29,SZSE:002091,0.0,0.0,0.0,0.0,0.0,0.0,0.0,0.0,0.0,0.0,0.0,0.0,0.0,0.0,0.0,0.0,0.0,0.0,0.0,0.0,0.0,0.0,0.0,0.0,0.0,0.0,0.0,0.0,1.0,0.0,0.0,0.0,0.0,0.0,0.0,0.0,0.0
1849,1999-02-01,SZSE:002091,0.0,0.0,0.0,0.0,0.0,0.0,0.0,0.0,0.0,0.0,0.0,0.0,0.0,0.0,0.0,0.0,0.0,0.0,0.0,0.0,0.0,0.0,0.0,0.0,0.0,0.0,0.0,0.0,1.0,0.0,0.0,0.0,0.0,0.0,0.0,0.0,0.0
1850,1999-02-02,SZSE:002091,0.0,0.0,0.0,0.0,0.0,0.0,0.0,0.0,0.0,0.0,0.0,0.0,0.0,0.0,0.0,0.0,0.0,0.0,0.0,0.0,0.0,0.0,0.0,0.0,0.0,0.0,0.0,0.0,1.0,0.0,0.0,0.0,0.0,0.0,0.0,0.0,0.0
1851,1999-02-03,SZSE:002091,0.0,0.0,0.0,0.0,0.0,0.0,0.0,0.0,0.0,0.0,0.0,0.0,0.0,0.0,0.0,0.0,0.0,0.0,0.0,0.0,0.0,0.0,0.0,0.0,0.0,0.0,0.0,0.0,1.0,0.0,0.0,0.0,0.0,0.0,0.0,0.0,0.0
1852,1999-02-04,SZSE:002091,0.0,0.0,0.0,0.0,0.0,0.0,0.0,0.0,0.0,0.0,0.0,0.0,0.0,0.0,0.0,0.0,0.0,0.0,0.0,0.0,0.0,0.0,0.0,0.0,0.0,0.0,0.0,0.0,1.0,0.0,0.0,0.0,0.0,0.0,0.0,0.0,0.0
1853,1999-02-05,SZSE:002091,0.0,0.0,0.0,0.0,0.0,0.0,0.0,0.0,0.0,0.0,0.0,0.0,0.0,0.0,0.0,0.0,0.0,0.0,0.0,0.0,0.0,0.0,0.0,0.0,0.0,0.0,0.0,0.0,1.0,0.0,0.0,0.0,0.0,0.0,0.0,0.0,0.0
1854,1999-02-08,SZSE:002091,0.0,0.0,0.0,0.0,0.0,0.0,0.0,0.0,0.0,0.0,0.0,0.0,0.0,0.0,0.0,0.0,0.0,0.0,0.0,0.0,0.0,0.0,0.0,0.0,0.0,0.0,0.0,0.0,1.0,0.0,0.0,0.0,0.0,0.0,0.0,0.0,0.0
1855,1999-02-09,SZSE:002091,0.0,0.0,0.0,0.0,0.0,0.0,0.0,0.0,0.0,0.0,0.0,0.0,0.0,0.0,0.0,0.0,0.0,0.0,0.0,0.0,0.0,0.0,0.0,0.0,0.0,0.0,0.0,0.0,1.0,0.0,0.0,0.0,0.0,0.0,0.0,0.0,0.0
1856,1999-02-10,SZSE:002091,0.0,0.0,0.0,0.0,0.0,0.0,0.0,0.0,0.0,0.0,0.0,0.0,0.0,0.0,0.0,0.0,0.0,0.0,0.0,0.0,0.0,0.0,0.0,0.0,0.0,0.0,0.0,0.0,1.0,0.0,0.0,0.0,0.0,0.0,0.0,0.0,0.0
1857,1999-02-11,SZSE:002091,0.0,0.0,0.0,0.0,0.0,0.0,0.0,0.0,0.0,0.0,0.0,0.0,0.0,0.0,0.0,0.0,0.0,0.0,0.0,0.0,0.0,0.0,0.0,0.0,0.0,0.0,0.0,0.0,1.0,0.0,0.0,0.0,0.0,0.0,0.0,0.0,0.0
1858,1999-02-12,SZSE:002091,0.0,0.0,0.0,0.0,0.0,0.0,0.0,0.0,0.0,0.0,0.0,0.0,0.0,0.0,0.0,0.0,0.0,0.0,0.0,0.0,0.0,0.0,0.0,0.0,0.0,0.0,0.0,0.0,1.0,0.0,0.0,0.0,0.0,0.0,0.0,0.0,0.0
1859,1999-02-15,SZSE:002091,0.0,0.0,0.0,0.0,0.0,0.0,0.0,0.0,0.0,0.0,0.0,0.0,0.0,0.0,0.0,0.0,0.0,0.0,0.0,0.0,0.0,0.0,0.0,0.0,0.0,0.0,0.0,0.0,1.0,0.0,0.0,0.0,0.0,0.0,0.0,0.0,0.0
1860,1999-02-16,SZSE:002091,0.0,0.0,0.0,0.0,0.0,0.0,0.0,0.0,0.0,0.0,0.0,0.0,0.0,0.0,0.0,0.0,0.0,0.0,0.0,0.0,0.0,0.0,0.0,0.0,0.0,0.0,0.0,0.0,1.0,0.0,0.0,0.0,0.0,0.0,0.0,0.0,0.0
1861,1999-02-17,SZSE:002091,0.0,0.0,0.0,0.0,0.0,0.0,0.0,0.0,0.0,0.0,0.0,0.0,0.0,0.0,0.0,0.0,0.0,0.0,0.0,0.0,0.0,0.0,0.0,0.0,0.0,0.0,0.0,0.0,1.0,0.0,0.0,0.0,0.0,0.0,0.0,0.0,0.0
1862,1999-02-18,SZSE:002091,0.0,0.0,0.0,0.0,0.0,0.0,0.0,0.0,0.0,0.0,0.0,0.0,0.0,0.0,0.0,0.0,0.0,0.0,0.0,0.0,0.0,0.0,0.0,0.0,0.0,0.0,0.0,0.0,1.0,0.0,0.0,0.0,0.0,0.0,0.0,0.0,0.0
1863,1999-02-19,SZSE:002091,0.0,0.0,0.0,0.0,0.0,0.0,0.0,0.0,0.0,0.0,0.0,0.0,0.0,0.0,0.0,0.0,0.0,0.0,0.0,0.0,0.0,0.0,0.0,0.0,0.0,0.0,0.0,0.0,1.0,0.0,0.0,0.0,0.0,0.0,0.0,0.0,0.0
1864,1999-02-22,SZSE:002091,0.0,0.0,0.0,0.0,0.0,0.0,0.0,0.0,0.0,0.0,0.0,0.0,0.0,0.0,0.0,0.0,0.0,0.0,0.0,0.0,0.0,0.0,0.0,0.0,0.0,0.0,0.0,0.0,1.0,0.0,0.0,0.0,0.0,0.0,0.0,0.0,0.0
1865,1999-02-23,SZSE:002091,0.0,0.0,0.0,0.0,0.0,0.0,0.0,0.0,0.0,0.0,0.0,0.0,0.0,0.0,0.0,0.0,0.0,0.0,0.0,0.0,0.0,0.0,0.0,0.0,0.0,0.0,0.0,0.0,1.0,0.0,0.0,0.0,0.0,0.0,0.0,0.0,0.0
1866,1999-02-24,SZSE:002091,0.0,0.0,0.0,0.0,0.0,0.0,0.0,0.0,0.0,0.0,0.0,0.0,0.0,0.0,0.0,0.0,0.0,0.0,0.0,0.0,0.0,0.0,0.0,0.0,0.0,0.0,0.0,0.0,1.0,0.0,0.0,0.0,0.0,0.0,0.0,0.0,0.0
1867,1999-02-25,SZSE:002091,0.0,0.0,0.0,0.0,0.0,0.0,0.0,0.0,0.0,0.0,0.0,0.0,0.0,0.0,0.0,0.0,0.0,0.0,0.0,0.0,0.0,0.0,0.0,0.0,0.0,0.0,0.0,0.0,1.0,0.0,0.0,0.0,0.0,0.0,0.0,0.0,0.0
1868,1999-02-26,SZSE:002091,0.0,0.0,0.0,0.0,0.0,0.0,0.0,0.0,0.0,0.0,0.0,0.0,0.0,0.0,0.0,0.0,0.0,0.0,0.0,0.0,0.0,0.0,0.0,0.0,0.0,0.0,0.0,0.0,1.0,0.0,0.0,0.0,0.0,0.0,0.0,0.0,0.0
1869,1999-03-01,SZSE:002091,0.0,0.0,0.0,0.0,0.0,0.0,0.0,0.0,0.0,0.0,0.0,0.0,0.0,0.0,0.0,0.0,0.0,0.0,0.0,0.0,0.0,0.0,0.0,0.0,0.0,0.0,0.0,0.0,1.0,0.0,0.0,0.0,0.0,0.0,0.0,0.0,0.0
1870,1999-03-02,SZSE:002091,0.0,0.0,0.0,0.0,0.0,0.0,0.0,0.0,0.0,0.0,0.0,0.0,0.0,0.0,0.0,0.0,0.0,0.0,0.0,0.0,0.0,0.0,0.0,0.0,0.0,0.0,0.0,0.0,1.0,0.0,0.0,0.0,0.0,0.0,0.0,0.0,0.0
1871,1999-03-03,SZSE:002091,0.0,0.0,0.0,0.0,0.0,0.0,0.0,0.0,0.0,0.0,0.0,0.0,0.0,0.0,0.0,0.0,0.0,0.0,0.0,0.0,0.0,0.0,0.0,0.0,0.0,0.0,0.0,0.0,1.0,0.0,0.0,0.0,0.0,0.0,0.0,0.0,0.0
1872,1999-03-04,SZSE:002091,0.0,0.0,0.0,0.0,0.0,0.0,0.0,0.0,0.0,0.0,0.0,0.0,0.0,0.0,0.0,0.0,0.0,0.0,0.0,0.0,0.0,0.0,0.0,0.0,0.0,0.0,0.0,0.0,1.0,0.0,0.0,0.0,0.0,0.0,0.0,0.0,0.0
1873,1999-03-05,SZSE:002091,0.0,0.0,0.0,0.0,0.0,0.0,0.0,0.0,0.0,0.0,0.0,0.0,0.0,0.0,0.0,0.0,0.0,0.0,0.0,0.0,0.0,0.0,0.0,0.0,0.0,0.0,0.0,0.0,1.0,0.0,0.0,0.0,0.0,0.0,0.0,0.0,0.0
1874,1999-03-08,SZSE:002091,0.0,0.0,0.0,0.0,0.0,0.0,0.0,0.0,0.0,0.0,0.0,0.0,0.0,0.0,0.0,0.0,0.0,0.0,0.0,0.0,0.0,0.0,0.0,0.0,0.0,0.0,0.0,0.0,1.0,0.0,0.0,0.0,0.0,0.0,0.0,0.0,0.0
1875,1999-03-09,SZSE:002091,0.0,0.0,0.0,0.0,0.0,0.0,0.0,0.0,0.0,0.0,0.0,0.0,0.0,0.0,0.0,0.0,0.0,0.0,0.0,0.0,0.0,0.0,0.0,0.0,0.0,0.0,0.0,0.0,1.0,0.0,0.0,0.0,0.0,0.0,0.0,0.0,0.0
1876,1999-03-10,SZSE:002091,0.0,0.0,0.0,0.0,0.0,0.0,0.0,0.0,0.0,0.0,0.0,0.0,0.0,0.0,0.0,0.0,0.0,0.0,0.0,0.0,0.0,0.0,0.0,0.0,0.0,0.0,0.0,0.0,1.0,0.0,0.0,0.0,0.0,0.0,0.0,0.0,0.0
1877,1999-03-11,SZSE:002091,0.0,0.0,0.0,0.0,0.0,0.0,0.0,0.0,0.0,0.0,0.0,0.0,0.0,0.0,0.0,0.0,0.0,0.0,0.0,0.0,0.0,0.0,0.0,0.0,0.0,0.0,0.0,0.0,1.0,0.0,0.0,0.0,0.0,0.0,0.0,0.0,0.0
1878,1999-03-12,SZSE:002091,0.0,0.0,0.0,0.0,0.0,0.0,0.0,0.0,0.0,0.0,0.0,0.0,0.0,0.0,0.0,0.0,0.0,0.0,0.0,0.0,0.0,0.0,0.0,0.0,0.0,0.0,0.0,0.0,1.0,0.0,0.0,0.0,0.0,0.0,0.0,0.0,0.0
1879,1999-03-15,SZSE:002091,0.0,0.0,0.0,0.0,0.0,0.0,0.0,0.0,0.0,0.0,0.0,0.0,0.0,0.0,0.0,0.0,0.0,0.0,0.0,0.0,0.0,0.0,0.0,0.0,0.0,0.0,0.0,0.0,1.0,0.0,0.0,0.0,0.0,0.0,0.0,0.0,0.0
1880,1999-03-16,SZSE:002091,0.0,0.0,0.0,0.0,0.0,0.0,0.0,0.0,0.0,0.0,0.0,0.0,0.0,0.0,0.0,0.0,0.0,0.0,0.0,0.0,0.0,0.0,0.0,0.0,0.0,0.0,0.0,0.0,1.0,0.0,0.0,0.0,0.0,0.0,0.0,0.0,0.0
1881,1999-03-17,SZSE:002091,0.0,0.0,0.0,0.0,0.0,0.0,0.0,0.0,0.0,0.0,0.0,0.0,0.0,0.0,0.0,0.0,0.0,0.0,0.0,0.0,0.0,0.0,0.0,0.0,0.0,0.0,0.0,0.0,1.0,0.0,0.0,0.0,0.0,0.0,0.0,0.0,0.0
1882,1999-03-18,SZSE:002091,0.0,0.0,0.0,0.0,0.0,0.0,0.0,0.0,0.0,0.0,0.0,0.0,0.0,0.0,0.0,0.0,0.0,0.0,0.0,0.0,0.0,0.0,0.0,0.0,0.0,0.0,0.0,0.0,1.0,0.0,0.0,0.0,0.0,0.0,0.0,0.0,0.0
1883,1999-03-19,SZSE:002091,0.0,0.0,0.0,0.0,0.0,0.0,0.0,0.0,0.0,0.0,0.0,0.0,0.0,0.0,0.0,0.0,0.0,0.0,0.0,0.0,0.0,0.0,0.0,0.0,0.0,0.0,0.0,0.0,1.0,0.0,0.0,0.0,0.0,0.0,0.0,0.0,0.0
1884,1999-03-22,SZSE:002091,0.0,0.0,0.0,0.0,0.0,0.0,0.0,0.0,0.0,0.0,0.0,0.0,0.0,0.0,0.0,0.0,0.0,0.0,0.0,0.0,0.0,0.0,0.0,0.0,0.0,0.0,0.0,0.0,1.0,0.0,0.0,0.0,0.0,0.0,0.0,0.0,0.0
1885,1999-03-23,SZSE:002091,0.0,0.0,0.0,0.0,0.0,0.0,0.0,0.0,0.0,0.0,0.0,0.0,0.0,0.0,0.0,0.0,0.0,0.0,0.0,0.0,0.0,0.0,0.0,0.0,0.0,0.0,0.0,0.0,1.0,0.0,0.0,0.0,0.0,0.0,0.0,0.0,0.0
1886,1999-03-24,SZSE:002091,0.0,0.0,0.0,0.0,0.0,0.0,0.0,0.0,0.0,0.0,0.0,0.0,0.0,0.0,0.0,0.0,0.0,0.0,0.0,0.0,0.0,0.0,0.0,0.0,0.0,0.0,0.0,0.0,1.0,0.0,0.0,0.0,0.0,0.0,0.0,0.0,0.0
1887,1999-03-25,SZSE:002091,0.0,0.0,0.0,0.0,0.0,0.0,0.0,0.0,0.0,0.0,0.0,0.0,0.0,0.0,0.0,0.0,0.0,0.0,0.0,0.0,0.0,0.0,0.0,0.0,0.0,0.0,0.0,0.0,1.0,0.0,0.0,0.0,0.0,0.0,0.0,0.0,0.0
1888,1999-03-26,SZSE:002091,0.0,0.0,0.0,0.0,0.0,0.0,0.0,0.0,0.0,0.0,0.0,0.0,0.0,0.0,0.0,0.0,0.0,0.0,0.0,0.0,0.0,0.0,0.0,0.0,0.0,0.0,0.0,0.0,1.0,0.0,0.0,0.0,0.0,0.0,0.0,0.0,0.0
1889,1999-03-29,SZSE:002091,0.0,0.0,0.0,0.0,0.0,0.0,0.0,0.0,0.0,0.0,0.0,0.0,0.0,0.0,0.0,0.0,0.0,0.0,0.0,0.0,0.0,0.0,0.0,0.0,0.0,0.0,0.0,0.0,1.0,0.0,0.0,0.0,0.0,0.0,0.0,0.0,0.0
1890,1999-03-30,SZSE:002091,0.0,0.0,0.0,0.0,0.0,0.0,0.0,0.0,0.0,0.0,0.0,0.0,0.0,0.0,0.0,0.0,0.0,0.0,0.0,0.0,0.0,0.0,0.0,0.0,0.0,0.0,0.0,0.0,1.0,0.0,0.0,0.0,0.0,0.0,0.0,0.0,0.0
1891,1999-03-31,SZSE:002091,0.0,0.0,0.0,0.0,0.0,0.0,0.0,0.0,0.0,0.0,0.0,0.0,0.0,0.0,0.0,0.0,0.0,0.0,0.0,0.0,0.0,0.0,0.0,0.0,0.0,0.0,0.0,0.0,1.0,0.0,0.0,0.0,0.0,0.0,0.0,0.0,0.0
1892,1999-04-01,SZSE:002091,0.0,0.0,0.0,0.0,0.0,0.0,0.0,0.0,0.0,0.0,0.0,0.0,0.0,0.0,0.0,0.0,0.0,0.0,0.0,0.0,0.0,0.0,0.0,0.0,0.0,0.0,0.0,0.0,1.0,0.0,0.0,0.0,0.0,0.0,0.0,0.0,0.0
1893,1999-04-02,SZSE:002091,0.0,0.0,0.0,0.0,0.0,0.0,0.0,0.0,0.0,0.0,0.0,0.0,0.0,0.0,0.0,0.0,0.0,0.0,0.0,0.0,0.0,0.0,0.0,0.0,0.0,0.0,0.0,0.0,1.0,0.0,0.0,0.0,0.0,0.0,0.0,0.0,0.0
1894,1999-04-05,SZSE:002091,0.0,0.0,0.0,0.0,0.0,0.0,0.0,0.0,0.0,0.0,0.0,0.0,0.0,0.0,0.0,0.0,0.0,0.0,0.0,0.0,0.0,0.0,0.0,0.0,0.0,0.0,0.0,0.0,1.0,0.0,0.0,0.0,0.0,0.0,0.0,0.0,0.0
1895,1999-04-06,SZSE:002091,0.0,0.0,0.0,0.0,0.0,0.0,0.0,0.0,0.0,0.0,0.0,0.0,0.0,0.0,0.0,0.0,0.0,0.0,0.0,0.0,0.0,0.0,0.0,0.0,0.0,0.0,0.0,0.0,1.0,0.0,0.0,0.0,0.0,0.0,0.0,0.0,0.0
1896,1999-04-07,SZSE:002091,0.0,0.0,0.0,0.0,0.0,0.0,0.0,0.0,0.0,0.0,0.0,0.0,0.0,0.0,0.0,0.0,0.0,0.0,0.0,0.0,0.0,0.0,0.0,0.0,0.0,0.0,0.0,0.0,1.0,0.0,0.0,0.0,0.0,0.0,0.0,0.0,0.0
1897,1999-04-08,SZSE:002091,0.0,0.0,0.0,0.0,0.0,0.0,0.0,0.0,0.0,0.0,0.0,0.0,0.0,0.0,0.0,0.0,0.0,0.0,0.0,0.0,0.0,0.0,0.0,0.0,0.0,0.0,0.0,0.0,1.0,0.0,0.0,0.0,0.0,0.0,0.0,0.0,0.0
1898,1999-04-09,SZSE:002091,0.0,0.0,0.0,0.0,0.0,0.0,0.0,0.0,0.0,0.0,0.0,0.0,0.0,0.0,0.0,0.0,0.0,0.0,0.0,0.0,0.0,0.0,0.0,0.0,0.0,0.0,0.0,0.0,1.0,0.0,0.0,0.0,0.0,0.0,0.0,0.0,0.0
1899,1999-04-12,SZSE:002091,0.0,0.0,0.0,0.0,0.0,0.0,0.0,0.0,0.0,0.0,0.0,0.0,0.0,0.0,0.0,0.0,0.0,0.0,0.0,0.0,0.0,0.0,0.0,0.0,0.0,0.0,0.0,0.0,1.0,0.0,0.0,0.0,0.0,0.0,0.0,0.0,0.0
1900,1999-04-13,SZSE:002091,0.0,0.0,0.0,0.0,0.0,0.0,0.0,0.0,0.0,0.0,0.0,0.0,0.0,0.0,0.0,0.0,0.0,0.0,0.0,0.0,0.0,0.0,0.0,0.0,0.0,0.0,0.0,0.0,1.0,0.0,0.0,0.0,0.0,0.0,0.0,0.0,0.0
1901,1999-04-14,SZSE:002091,0.0,0.0,0.0,0.0,0.0,0.0,0.0,0.0,0.0,0.0,0.0,0.0,0.0,0.0,0.0,0.0,0.0,0.0,0.0,0.0,0.0,0.0,0.0,0.0,0.0,0.0,0.0,0.0,1.0,0.0,0.0,0.0,0.0,0.0,0.0,0.0,0.0
1902,1999-04-15,SZSE:002091,0.0,0.0,0.0,0.0,0.0,0.0,0.0,0.0,0.0,0.0,0.0,0.0,0.0,0.0,0.0,0.0,0.0,0.0,0.0,0.0,0.0,0.0,0.0,0.0,0.0,0.0,0.0,0.0,1.0,0.0,0.0,0.0,0.0,0.0,0.0,0.0,0.0
1903,1999-04-16,SZSE:002091,0.0,0.0,0.0,0.0,0.0,0.0,0.0,0.0,0.0,0.0,0.0,0.0,0.0,0.0,0.0,0.0,0.0,0.0,0.0,0.0,0.0,0.0,0.0,0.0,0.0,0.0,0.0,0.0,1.0,0.0,0.0,0.0,0.0,0.0,0.0,0.0,0.0
1904,1999-04-19,SZSE:002091,0.0,0.0,0.0,0.0,0.0,0.0,0.0,0.0,0.0,0.0,0.0,0.0,0.0,0.0,0.0,0.0,0.0,0.0,0.0,0.0,0.0,0.0,0.0,0.0,0.0,0.0,0.0,0.0,1.0,0.0,0.0,0.0,0.0,0.0,0.0,0.0,0.0
1905,1999-04-20,SZSE:002091,0.0,0.0,0.0,0.0,0.0,0.0,0.0,0.0,0.0,0.0,0.0,0.0,0.0,0.0,0.0,0.0,0.0,0.0,0.0,0.0,0.0,0.0,0.0,0.0,0.0,0.0,0.0,0.0,1.0,0.0,0.0,0.0,0.0,0.0,0.0,0.0,0.0
1906,1999-04-21,SZSE:002091,0.0,0.0,0.0,0.0,0.0,0.0,0.0,0.0,0.0,0.0,0.0,0.0,0.0,0.0,0.0,0.0,0.0,0.0,0.0,0.0,0.0,0.0,0.0,0.0,0.0,0.0,0.0,0.0,1.0,0.0,0.0,0.0,0.0,0.0,0.0,0.0,0.0
1907,1999-04-22,SZSE:002091,0.0,0.0,0.0,0.0,0.0,0.0,0.0,0.0,0.0,0.0,0.0,0.0,0.0,0.0,0.0,0.0,0.0,0.0,0.0,0.0,0.0,0.0,0.0,0.0,0.0,0.0,0.0,0.0,1.0,0.0,0.0,0.0,0.0,0.0,0.0,0.0,0.0
1908,1999-04-23,SZSE:002091,0.0,0.0,0.0,0.0,0.0,0.0,0.0,0.0,0.0,0.0,0.0,0.0,0.0,0.0,0.0,0.0,0.0,0.0,0.0,0.0,0.0,0.0,0.0,0.0,0.0,0.0,0.0,0.0,1.0,0.0,0.0,0.0,0.0,0.0,0.0,0.0,0.0
1909,1999-04-26,SZSE:002091,0.0,0.0,0.0,0.0,0.0,0.0,0.0,0.0,0.0,0.0,0.0,0.0,0.0,0.0,0.0,0.0,0.0,0.0,0.0,0.0,0.0,0.0,0.0,0.0,0.0,0.0,0.0,0.0,1.0,0.0,0.0,0.0,0.0,0.0,0.0,0.0,0.0
1910,1999-04-27,SZSE:002091,0.0,0.0,0.0,0.0,0.0,0.0,0.0,0.0,0.0,0.0,0.0,0.0,0.0,0.0,0.0,0.0,0.0,0.0,0.0,0.0,0.0,0.0,0.0,0.0,0.0,0.0,0.0,0.0,1.0,0.0,0.0,0.0,0.0,0.0,0.0,0.0,0.0
1911,1999-04-28,SZSE:002091,0.0,0.0,0.0,0.0,0.0,0.0,0.0,0.0,0.0,0.0,0.0,0.0,0.0,0.0,0.0,0.0,0.0,0.0,0.0,0.0,0.0,0.0,0.0,0.0,0.0,0.0,0.0,0.0,1.0,0.0,0.0,0.0,0.0,0.0,0.0,0.0,0.0
1912,1999-04-29,SZSE:002091,0.0,0.0,0.0,0.0,0.0,0.0,0.0,0.0,0.0,0.0,0.0,0.0,0.0,0.0,0.0,0.0,0.0,0.0,0.0,0.0,0.0,0.0,0.0,0.0,0.0,0.0,0.0,0.0,1.0,0.0,0.0,0.0,0.0,0.0,0.0,0.0,0.0
1913,1999-04-30,SZSE:002091,0.0,0.0,0.0,0.0,0.0,0.0,0.0,0.0,0.0,0.0,0.0,0.0,0.0,0.0,0.0,0.0,0.0,0.0,0.0,0.0,0.0,0.0,0.0,0.0,0.0,0.0,0.0,0.0,1.0,0.0,0.0,0.0,0.0,0.0,0.0,0.0,0.0
1914,1999-05-03,SZSE:002091,0.0,0.0,0.0,0.0,0.0,0.0,0.0,0.0,0.0,0.0,0.0,0.0,0.0,0.0,0.0,0.0,0.0,0.0,0.0,0.0,0.0,0.0,0.0,0.0,0.0,0.0,0.0,0.0,1.0,0.0,0.0,0.0,0.0,0.0,0.0,0.0,0.0
1915,1999-05-04,SZSE:002091,0.0,0.0,0.0,0.0,0.0,0.0,0.0,0.0,0.0,0.0,0.0,0.0,0.0,0.0,0.0,0.0,0.0,0.0,0.0,0.0,0.0,0.0,0.0,0.0,0.0,0.0,0.0,0.0,1.0,0.0,0.0,0.0,0.0,0.0,0.0,0.0,0.0
1916,1999-05-05,SZSE:002091,0.0,0.0,0.0,0.0,0.0,0.0,0.0,0.0,0.0,0.0,0.0,0.0,0.0,0.0,0.0,0.0,0.0,0.0,0.0,0.0,0.0,0.0,0.0,0.0,0.0,0.0,0.0,0.0,1.0,0.0,0.0,0.0,0.0,0.0,0.0,0.0,0.0
1917,1999-05-06,SZSE:002091,0.0,0.0,0.0,0.0,0.0,0.0,0.0,0.0,0.0,0.0,0.0,0.0,0.0,0.0,0.0,0.0,0.0,0.0,0.0,0.0,0.0,0.0,0.0,0.0,0.0,0.0,0.0,0.0,1.0,0.0,0.0,0.0,0.0,0.0,0.0,0.0,0.0
1918,1999-05-07,SZSE:002091,0.0,0.0,0.0,0.0,0.0,0.0,0.0,0.0,0.0,0.0,0.0,0.0,0.0,0.0,0.0,0.0,0.0,0.0,0.0,0.0,0.0,0.0,0.0,0.0,0.0,0.0,0.0,0.0,1.0,0.0,0.0,0.0,0.0,0.0,0.0,0.0,0.0
1919,1999-05-10,SZSE:002091,0.0,0.0,0.0,0.0,0.0,0.0,0.0,0.0,0.0,0.0,0.0,0.0,0.0,0.0,0.0,0.0,0.0,0.0,0.0,0.0,0.0,0.0,0.0,0.0,0.0,0.0,0.0,0.0,1.0,0.0,0.0,0.0,0.0,0.0,0.0,0.0,0.0
1920,1999-05-11,SZSE:002091,0.0,0.0,0.0,0.0,0.0,0.0,0.0,0.0,0.0,0.0,0.0,0.0,0.0,0.0,0.0,0.0,0.0,0.0,0.0,0.0,0.0,0.0,0.0,0.0,0.0,0.0,0.0,0.0,1.0,0.0,0.0,0.0,0.0,0.0,0.0,0.0,0.0
1921,1999-05-12,SZSE:002091,0.0,0.0,0.0,0.0,0.0,0.0,0.0,0.0,0.0,0.0,0.0,0.0,0.0,0.0,0.0,0.0,0.0,0.0,0.0,0.0,0.0,0.0,0.0,0.0,0.0,0.0,0.0,0.0,1.0,0.0,0.0,0.0,0.0,0.0,0.0,0.0,0.0
1922,1999-05-13,SZSE:002091,0.0,0.0,0.0,0.0,0.0,0.0,0.0,0.0,0.0,0.0,0.0,0.0,0.0,0.0,0.0,0.0,0.0,0.0,0.0,0.0,0.0,0.0,0.0,0.0,0.0,0.0,0.0,0.0,1.0,0.0,0.0,0.0,0.0,0.0,0.0,0.0,0.0
1923,1999-05-14,SZSE:002091,0.0,0.0,0.0,0.0,0.0,0.0,0.0,0.0,0.0,0.0,0.0,0.0,0.0,0.0,0.0,0.0,0.0,0.0,0.0,0.0,0.0,0.0,0.0,0.0,0.0,0.0,0.0,0.0,1.0,0.0,0.0,0.0,0.0,0.0,0.0,0.0,0.0
1924,1999-05-17,SZSE:002091,0.0,0.0,0.0,0.0,0.0,0.0,0.0,0.0,0.0,0.0,0.0,0.0,0.0,0.0,0.0,0.0,0.0,0.0,0.0,0.0,0.0,0.0,0.0,0.0,0.0,0.0,0.0,0.0,1.0,0.0,0.0,0.0,0.0,0.0,0.0,0.0,0.0
1925,1999-05-18,SZSE:002091,0.0,0.0,0.0,0.0,0.0,0.0,0.0,0.0,0.0,0.0,0.0,0.0,0.0,0.0,0.0,0.0,0.0,0.0,0.0,0.0,0.0,0.0,0.0,0.0,0.0,0.0,0.0,0.0,1.0,0.0,0.0,0.0,0.0,0.0,0.0,0.0,0.0
1926,1999-05-19,SZSE:002091,0.0,0.0,0.0,0.0,0.0,0.0,0.0,0.0,0.0,0.0,0.0,0.0,0.0,0.0,0.0,0.0,0.0,0.0,0.0,0.0,0.0,0.0,0.0,0.0,0.0,0.0,0.0,0.0,1.0,0.0,0.0,0.0,0.0,0.0,0.0,0.0,0.0
1927,1999-05-20,SZSE:002091,0.0,0.0,0.0,0.0,0.0,0.0,0.0,0.0,0.0,0.0,0.0,0.0,0.0,0.0,0.0,0.0,0.0,0.0,0.0,0.0,0.0,0.0,0.0,0.0,0.0,0.0,0.0,0.0,1.0,0.0,0.0,0.0,0.0,0.0,0.0,0.0,0.0
1928,1999-05-21,SZSE:002091,0.0,0.0,0.0,0.0,0.0,0.0,0.0,0.0,0.0,0.0,0.0,0.0,0.0,0.0,0.0,0.0,0.0,0.0,0.0,0.0,0.0,0.0,0.0,0.0,0.0,0.0,0.0,0.0,1.0,0.0,0.0,0.0,0.0,0.0,0.0,0.0,0.0
1929,1999-05-24,SZSE:002091,0.0,0.0,0.0,0.0,0.0,0.0,0.0,0.0,0.0,0.0,0.0,0.0,0.0,0.0,0.0,0.0,0.0,0.0,0.0,0.0,0.0,0.0,0.0,0.0,0.0,0.0,0.0,0.0,1.0,0.0,0.0,0.0,0.0,0.0,0.0,0.0,0.0
1930,1999-05-25,SZSE:002091,0.0,0.0,0.0,0.0,0.0,0.0,0.0,0.0,0.0,0.0,0.0,0.0,0.0,0.0,0.0,0.0,0.0,0.0,0.0,0.0,0.0,0.0,0.0,0.0,0.0,0.0,0.0,0.0,1.0,0.0,0.0,0.0,0.0,0.0,0.0,0.0,0.0
1931,1999-05-26,SZSE:002091,0.0,0.0,0.0,0.0,0.0,0.0,0.0,0.0,0.0,0.0,0.0,0.0,0.0,0.0,0.0,0.0,0.0,0.0,0.0,0.0,0.0,0.0,0.0,0.0,0.0,0.0,0.0,0.0,1.0,0.0,0.0,0.0,0.0,0.0,0.0,0.0,0.0
1932,1999-05-27,SZSE:002091,0.0,0.0,0.0,0.0,0.0,0.0,0.0,0.0,0.0,0.0,0.0,0.0,0.0,0.0,0.0,0.0,0.0,0.0,0.0,0.0,0.0,0.0,0.0,0.0,0.0,0.0,0.0,0.0,1.0,0.0,0.0,0.0,0.0,0.0,0.0,0.0,0.0
1933,1999-05-28,SZSE:002091,0.0,0.0,0.0,0.0,0.0,0.0,0.0,0.0,0.0,0.0,0.0,0.0,0.0,0.0,0.0,0.0,0.0,0.0,0.0,0.0,0.0,0.0,0.0,0.0,0.0,0.0,0.0,0.0,1.0,0.0,0.0,0.0,0.0,0.0,0.0,0.0,0.0
1934,1999-05-31,SZSE:002091,0.0,0.0,0.0,0.0,0.0,0.0,0.0,0.0,0.0,0.0,0.0,0.0,0.0,0.0,0.0,0.0,0.0,0.0,0.0,0.0,0.0,0.0,0.0,0.0,0.0,0.0,0.0,0.0,1.0,0.0,0.0,0.0,0.0,0.0,0.0,0.0,0.0
1935,1999-06-01,SZSE:002091,0.0,0.0,0.0,0.0,0.0,0.0,0.0,0.0,0.0,0.0,0.0,0.0,0.0,0.0,0.0,0.0,0.0,0.0,0.0,0.0,0.0,0.0,0.0,0.0,0.0,0.0,0.0,0.0,1.0,0.0,0.0,0.0,0.0,0.0,0.0,0.0,0.0
1936,1999-06-02,SZSE:002091,0.0,0.0,0.0,0.0,0.0,0.0,0.0,0.0,0.0,0.0,0.0,0.0,0.0,0.0,0.0,0.0,0.0,0.0,0.0,0.0,0.0,0.0,0.0,0.0,0.0,0.0,0.0,0.0,1.0,0.0,0.0,0.0,0.0,0.0,0.0,0.0,0.0
1937,1999-06-03,SZSE:002091,0.0,0.0,0.0,0.0,0.0,0.0,0.0,0.0,0.0,0.0,0.0,0.0,0.0,0.0,0.0,0.0,0.0,0.0,0.0,0.0,0.0,0.0,0.0,0.0,0.0,0.0,0.0,0.0,1.0,0.0,0.0,0.0,0.0,0.0,0.0,0.0,0.0
1938,1999-06-04,SZSE:002091,0.0,0.0,0.0,0.0,0.0,0.0,0.0,0.0,0.0,0.0,0.0,0.0,0.0,0.0,0.0,0.0,0.0,0.0,0.0,0.0,0.0,0.0,0.0,0.0,0.0,0.0,0.0,0.0,1.0,0.0,0.0,0.0,0.0,0.0,0.0,0.0,0.0
1939,1999-06-07,SZSE:002091,0.0,0.0,0.0,0.0,0.0,0.0,0.0,0.0,0.0,0.0,0.0,0.0,0.0,0.0,0.0,0.0,0.0,0.0,0.0,0.0,0.0,0.0,0.0,0.0,0.0,0.0,0.0,0.0,1.0,0.0,0.0,0.0,0.0,0.0,0.0,0.0,0.0
1940,1999-06-08,SZSE:002091,0.0,0.0,0.0,0.0,0.0,0.0,0.0,0.0,0.0,0.0,0.0,0.0,0.0,0.0,0.0,0.0,0.0,0.0,0.0,0.0,0.0,0.0,0.0,0.0,0.0,0.0,0.0,0.0,1.0,0.0,0.0,0.0,0.0,0.0,0.0,0.0,0.0
1941,1999-06-09,SZSE:002091,0.0,0.0,0.0,0.0,0.0,0.0,0.0,0.0,0.0,0.0,0.0,0.0,0.0,0.0,0.0,0.0,0.0,0.0,0.0,0.0,0.0,0.0,0.0,0.0,0.0,0.0,0.0,0.0,1.0,0.0,0.0,0.0,0.0,0.0,0.0,0.0,0.0
1942,1999-06-10,SZSE:002091,0.0,0.0,0.0,0.0,0.0,0.0,0.0,0.0,0.0,0.0,0.0,0.0,0.0,0.0,0.0,0.0,0.0,0.0,0.0,0.0,0.0,0.0,0.0,0.0,0.0,0.0,0.0,0.0,1.0,0.0,0.0,0.0,0.0,0.0,0.0,0.0,0.0
1943,1999-06-11,SZSE:002091,0.0,0.0,0.0,0.0,0.0,0.0,0.0,0.0,0.0,0.0,0.0,0.0,0.0,0.0,0.0,0.0,0.0,0.0,0.0,0.0,0.0,0.0,0.0,0.0,0.0,0.0,0.0,0.0,1.0,0.0,0.0,0.0,0.0,0.0,0.0,0.0,0.0
1944,1999-06-14,SZSE:002091,0.0,0.0,0.0,0.0,0.0,0.0,0.0,0.0,0.0,0.0,0.0,0.0,0.0,0.0,0.0,0.0,0.0,0.0,0.0,0.0,0.0,0.0,0.0,0.0,0.0,0.0,0.0,0.0,1.0,0.0,0.0,0.0,0.0,0.0,0.0,0.0,0.0
1945,1999-06-15,SZSE:002091,0.0,0.0,0.0,0.0,0.0,0.0,0.0,0.0,0.0,0.0,0.0,0.0,0.0,0.0,0.0,0.0,0.0,0.0,0.0,0.0,0.0,0.0,0.0,0.0,0.0,0.0,0.0,0.0,1.0,0.0,0.0,0.0,0.0,0.0,0.0,0.0,0.0
1946,1999-06-16,SZSE:002091,0.0,0.0,0.0,0.0,0.0,0.0,0.0,0.0,0.0,0.0,0.0,0.0,0.0,0.0,0.0,0.0,0.0,0.0,0.0,0.0,0.0,0.0,0.0,0.0,0.0,0.0,0.0,0.0,1.0,0.0,0.0,0.0,0.0,0.0,0.0,0.0,0.0
1947,1999-06-17,SZSE:002091,0.0,0.0,0.0,0.0,0.0,0.0,0.0,0.0,0.0,0.0,0.0,0.0,0.0,0.0,0.0,0.0,0.0,0.0,0.0,0.0,0.0,0.0,0.0,0.0,0.0,0.0,0.0,0.0,1.0,0.0,0.0,0.0,0.0,0.0,0.0,0.0,0.0
1948,1999-06-18,SZSE:002091,0.0,0.0,0.0,0.0,0.0,0.0,0.0,0.0,0.0,0.0,0.0,0.0,0.0,0.0,0.0,0.0,0.0,0.0,0.0,0.0,0.0,0.0,0.0,0.0,0.0,0.0,0.0,0.0,1.0,0.0,0.0,0.0,0.0,0.0,0.0,0.0,0.0
1949,1999-06-21,SZSE:002091,0.0,0.0,0.0,0.0,0.0,0.0,0.0,0.0,0.0,0.0,0.0,0.0,0.0,0.0,0.0,0.0,0.0,0.0,0.0,0.0,0.0,0.0,0.0,0.0,0.0,0.0,0.0,0.0,1.0,0.0,0.0,0.0,0.0,0.0,0.0,0.0,0.0
1950,1999-06-22,SZSE:002091,0.0,0.0,0.0,0.0,0.0,0.0,0.0,0.0,0.0,0.0,0.0,0.0,0.0,0.0,0.0,0.0,0.0,0.0,0.0,0.0,0.0,0.0,0.0,0.0,0.0,0.0,0.0,0.0,1.0,0.0,0.0,0.0,0.0,0.0,0.0,0.0,0.0
1951,1999-06-23,SZSE:002091,0.0,0.0,0.0,0.0,0.0,0.0,0.0,0.0,0.0,0.0,0.0,0.0,0.0,0.0,0.0,0.0,0.0,0.0,0.0,0.0,0.0,0.0,0.0,0.0,0.0,0.0,0.0,0.0,1.0,0.0,0.0,0.0,0.0,0.0,0.0,0.0,0.0
1952,1999-06-24,SZSE:002091,0.0,0.0,0.0,0.0,0.0,0.0,0.0,0.0,0.0,0.0,0.0,0.0,0.0,0.0,0.0,0.0,0.0,0.0,0.0,0.0,0.0,0.0,0.0,0.0,0.0,0.0,0.0,0.0,1.0,0.0,0.0,0.0,0.0,0.0,0.0,0.0,0.0
1953,1999-06-25,SZSE:002091,0.0,0.0,0.0,0.0,0.0,0.0,0.0,0.0,0.0,0.0,0.0,0.0,0.0,0.0,0.0,0.0,0.0,0.0,0.0,0.0,0.0,0.0,0.0,0.0,0.0,0.0,0.0,0.0,1.0,0.0,0.0,0.0,0.0,0.0,0.0,0.0,0.0
1954,1999-06-28,SZSE:002091,0.0,0.0,0.0,0.0,0.0,0.0,0.0,0.0,0.0,0.0,0.0,0.0,0.0,0.0,0.0,0.0,0.0,0.0,0.0,0.0,0.0,0.0,0.0,0.0,0.0,0.0,0.0,0.0,1.0,0.0,0.0,0.0,0.0,0.0,0.0,0.0,0.0
1955,1999-06-29,SZSE:002091,0.0,0.0,0.0,0.0,0.0,0.0,0.0,0.0,0.0,0.0,0.0,0.0,0.0,0.0,0.0,0.0,0.0,0.0,0.0,0.0,0.0,0.0,0.0,0.0,0.0,0.0,0.0,0.0,1.0,0.0,0.0,0.0,0.0,0.0,0.0,0.0,0.0
1956,1999-06-30,SZSE:002091,0.0,0.0,0.0,0.0,0.0,0.0,0.0,0.0,0.0,0.0,0.0,0.0,0.0,0.0,0.0,0.0,0.0,0.0,0.0,0.0,0.0,0.0,0.0,0.0,0.0,0.0,0.0,0.0,1.0,0.0,0.0,0.0,0.0,0.0,0.0,0.0,0.0
1957,1999-07-01,SZSE:002091,0.0,0.0,0.0,0.0,0.0,0.0,0.0,0.0,0.0,0.0,0.0,0.0,0.0,0.0,0.0,0.0,0.0,0.0,0.0,0.0,0.0,0.0,0.0,0.0,0.0,0.0,0.0,0.0,1.0,0.0,0.0,0.0,0.0,0.0,0.0,0.0,0.0
1958,1999-07-02,SZSE:002091,0.0,0.0,0.0,0.0,0.0,0.0,0.0,0.0,0.0,0.0,0.0,0.0,0.0,0.0,0.0,0.0,0.0,0.0,0.0,0.0,0.0,0.0,0.0,0.0,0.0,0.0,0.0,0.0,1.0,0.0,0.0,0.0,0.0,0.0,0.0,0.0,0.0
1959,1999-07-05,SZSE:002091,0.0,0.0,0.0,0.0,0.0,0.0,0.0,0.0,0.0,0.0,0.0,0.0,0.0,0.0,0.0,0.0,0.0,0.0,0.0,0.0,0.0,0.0,0.0,0.0,0.0,0.0,0.0,0.0,1.0,0.0,0.0,0.0,0.0,0.0,0.0,0.0,0.0
1960,1999-07-06,SZSE:002091,0.0,0.0,0.0,0.0,0.0,0.0,0.0,0.0,0.0,0.0,0.0,0.0,0.0,0.0,0.0,0.0,0.0,0.0,0.0,0.0,0.0,0.0,0.0,0.0,0.0,0.0,0.0,0.0,1.0,0.0,0.0,0.0,0.0,0.0,0.0,0.0,0.0
1961,1999-07-07,SZSE:002091,0.0,0.0,0.0,0.0,0.0,0.0,0.0,0.0,0.0,0.0,0.0,0.0,0.0,0.0,0.0,0.0,0.0,0.0,0.0,0.0,0.0,0.0,0.0,0.0,0.0,0.0,0.0,0.0,1.0,0.0,0.0,0.0,0.0,0.0,0.0,0.0,0.0
1962,1999-07-08,SZSE:002091,0.0,0.0,0.0,0.0,0.0,0.0,0.0,0.0,0.0,0.0,0.0,0.0,0.0,0.0,0.0,0.0,0.0,0.0,0.0,0.0,0.0,0.0,0.0,0.0,0.0,0.0,0.0,0.0,1.0,0.0,0.0,0.0,0.0,0.0,0.0,0.0,0.0
1963,1999-07-09,SZSE:002091,0.0,0.0,0.0,0.0,0.0,0.0,0.0,0.0,0.0,0.0,0.0,0.0,0.0,0.0,0.0,0.0,0.0,0.0,0.0,0.0,0.0,0.0,0.0,0.0,0.0,0.0,0.0,0.0,1.0,0.0,0.0,0.0,0.0,0.0,0.0,0.0,0.0
1964,1999-07-12,SZSE:002091,0.0,0.0,0.0,0.0,0.0,0.0,0.0,0.0,0.0,0.0,0.0,0.0,0.0,0.0,0.0,0.0,0.0,0.0,0.0,0.0,0.0,0.0,0.0,0.0,0.0,0.0,0.0,0.0,1.0,0.0,0.0,0.0,0.0,0.0,0.0,0.0,0.0
1965,1999-07-13,SZSE:002091,0.0,0.0,0.0,0.0,0.0,0.0,0.0,0.0,0.0,0.0,0.0,0.0,0.0,0.0,0.0,0.0,0.0,0.0,0.0,0.0,0.0,0.0,0.0,0.0,0.0,0.0,0.0,0.0,1.0,0.0,0.0,0.0,0.0,0.0,0.0,0.0,0.0
1966,1999-07-14,SZSE:002091,0.0,0.0,0.0,0.0,0.0,0.0,0.0,0.0,0.0,0.0,0.0,0.0,0.0,0.0,0.0,0.0,0.0,0.0,0.0,0.0,0.0,0.0,0.0,0.0,0.0,0.0,0.0,0.0,1.0,0.0,0.0,0.0,0.0,0.0,0.0,0.0,0.0
1967,1999-07-15,SZSE:002091,0.0,0.0,0.0,0.0,0.0,0.0,0.0,0.0,0.0,0.0,0.0,0.0,0.0,0.0,0.0,0.0,0.0,0.0,0.0,0.0,0.0,0.0,0.0,0.0,0.0,0.0,0.0,0.0,1.0,0.0,0.0,0.0,0.0,0.0,0.0,0.0,0.0
1968,1999-07-16,SZSE:002091,0.0,0.0,0.0,0.0,0.0,0.0,0.0,0.0,0.0,0.0,0.0,0.0,0.0,0.0,0.0,0.0,0.0,0.0,0.0,0.0,0.0,0.0,0.0,0.0,0.0,0.0,0.0,0.0,1.0,0.0,0.0,0.0,0.0,0.0,0.0,0.0,0.0
1969,1999-07-19,SZSE:002091,0.0,0.0,0.0,0.0,0.0,0.0,0.0,0.0,0.0,0.0,0.0,0.0,0.0,0.0,0.0,0.0,0.0,0.0,0.0,0.0,0.0,0.0,0.0,0.0,0.0,0.0,0.0,0.0,1.0,0.0,0.0,0.0,0.0,0.0,0.0,0.0,0.0
1970,1999-07-20,SZSE:002091,0.0,0.0,0.0,0.0,0.0,0.0,0.0,0.0,0.0,0.0,0.0,0.0,0.0,0.0,0.0,0.0,0.0,0.0,0.0,0.0,0.0,0.0,0.0,0.0,0.0,0.0,0.0,0.0,1.0,0.0,0.0,0.0,0.0,0.0,0.0,0.0,0.0
1971,1999-07-21,SZSE:002091,0.0,0.0,0.0,0.0,0.0,0.0,0.0,0.0,0.0,0.0,0.0,0.0,0.0,0.0,0.0,0.0,0.0,0.0,0.0,0.0,0.0,0.0,0.0,0.0,0.0,0.0,0.0,0.0,1.0,0.0,0.0,0.0,0.0,0.0,0.0,0.0,0.0
1972,1999-07-22,SZSE:002091,0.0,0.0,0.0,0.0,0.0,0.0,0.0,0.0,0.0,0.0,0.0,0.0,0.0,0.0,0.0,0.0,0.0,0.0,0.0,0.0,0.0,0.0,0.0,0.0,0.0,0.0,0.0,0.0,1.0,0.0,0.0,0.0,0.0,0.0,0.0,0.0,0.0
1973,1999-07-23,SZSE:002091,0.0,0.0,0.0,0.0,0.0,0.0,0.0,0.0,0.0,0.0,0.0,0.0,0.0,0.0,0.0,0.0,0.0,0.0,0.0,0.0,0.0,0.0,0.0,0.0,0.0,0.0,0.0,0.0,1.0,0.0,0.0,0.0,0.0,0.0,0.0,0.0,0.0
1974,1999-07-26,SZSE:002091,0.0,0.0,0.0,0.0,0.0,0.0,0.0,0.0,0.0,0.0,0.0,0.0,0.0,0.0,0.0,0.0,0.0,0.0,0.0,0.0,0.0,0.0,0.0,0.0,0.0,0.0,0.0,0.0,1.0,0.0,0.0,0.0,0.0,0.0,0.0,0.0,0.0
1975,1999-07-27,SZSE:002091,0.0,0.0,0.0,0.0,0.0,0.0,0.0,0.0,0.0,0.0,0.0,0.0,0.0,0.0,0.0,0.0,0.0,0.0,0.0,0.0,0.0,0.0,0.0,0.0,0.0,0.0,0.0,0.0,1.0,0.0,0.0,0.0,0.0,0.0,0.0,0.0,0.0
1976,1999-07-28,SZSE:002091,0.0,0.0,0.0,0.0,0.0,0.0,0.0,0.0,0.0,0.0,0.0,0.0,0.0,0.0,0.0,0.0,0.0,0.0,0.0,0.0,0.0,0.0,0.0,0.0,0.0,0.0,0.0,0.0,1.0,0.0,0.0,0.0,0.0,0.0,0.0,0.0,0.0
1977,1999-07-29,SZSE:002091,0.0,0.0,0.0,0.0,0.0,0.0,0.0,0.0,0.0,0.0,0.0,0.0,0.0,0.0,0.0,0.0,0.0,0.0,0.0,0.0,0.0,0.0,0.0,0.0,0.0,0.0,0.0,0.0,1.0,0.0,0.0,0.0,0.0,0.0,0.0,0.0,0.0
1978,1999-07-30,SZSE:002091,0.0,0.0,0.0,0.0,0.0,0.0,0.0,0.0,0.0,0.0,0.0,0.0,0.0,0.0,0.0,0.0,0.0,0.0,0.0,0.0,0.0,0.0,0.0,0.0,0.0,0.0,0.0,0.0,1.0,0.0,0.0,0.0,0.0,0.0,0.0,0.0,0.0
1979,1999-08-02,SZSE:002091,0.0,0.0,0.0,0.0,0.0,0.0,0.0,0.0,0.0,0.0,0.0,0.0,0.0,0.0,0.0,0.0,0.0,0.0,0.0,0.0,0.0,0.0,0.0,0.0,0.0,0.0,0.0,0.0,1.0,0.0,0.0,0.0,0.0,0.0,0.0,0.0,0.0
1980,1999-08-03,SZSE:002091,0.0,0.0,0.0,0.0,0.0,0.0,0.0,0.0,0.0,0.0,0.0,0.0,0.0,0.0,0.0,0.0,0.0,0.0,0.0,0.0,0.0,0.0,0.0,0.0,0.0,0.0,0.0,0.0,1.0,0.0,0.0,0.0,0.0,0.0,0.0,0.0,0.0
1981,1999-08-04,SZSE:002091,0.0,0.0,0.0,0.0,0.0,0.0,0.0,0.0,0.0,0.0,0.0,0.0,0.0,0.0,0.0,0.0,0.0,0.0,0.0,0.0,0.0,0.0,0.0,0.0,0.0,0.0,0.0,0.0,1.0,0.0,0.0,0.0,0.0,0.0,0.0,0.0,0.0
1982,1999-08-05,SZSE:002091,0.0,0.0,0.0,0.0,0.0,0.0,0.0,0.0,0.0,0.0,0.0,0.0,0.0,0.0,0.0,0.0,0.0,0.0,0.0,0.0,0.0,0.0,0.0,0.0,0.0,0.0,0.0,0.0,1.0,0.0,0.0,0.0,0.0,0.0,0.0,0.0,0.0
1983,1999-08-06,SZSE:002091,0.0,0.0,0.0,0.0,0.0,0.0,0.0,0.0,0.0,0.0,0.0,0.0,0.0,0.0,0.0,0.0,0.0,0.0,0.0,0.0,0.0,0.0,0.0,0.0,0.0,0.0,0.0,0.0,1.0,0.0,0.0,0.0,0.0,0.0,0.0,0.0,0.0
1984,1999-08-09,SZSE:002091,0.0,0.0,0.0,0.0,0.0,0.0,0.0,0.0,0.0,0.0,0.0,0.0,0.0,0.0,0.0,0.0,0.0,0.0,0.0,0.0,0.0,0.0,0.0,0.0,0.0,0.0,0.0,0.0,1.0,0.0,0.0,0.0,0.0,0.0,0.0,0.0,0.0
1985,1999-08-10,SZSE:002091,0.0,0.0,0.0,0.0,0.0,0.0,0.0,0.0,0.0,0.0,0.0,0.0,0.0,0.0,0.0,0.0,0.0,0.0,0.0,0.0,0.0,0.0,0.0,0.0,0.0,0.0,0.0,0.0,1.0,0.0,0.0,0.0,0.0,0.0,0.0,0.0,0.0
1986,1999-08-11,SZSE:002091,0.0,0.0,0.0,0.0,0.0,0.0,0.0,0.0,0.0,0.0,0.0,0.0,0.0,0.0,0.0,0.0,0.0,0.0,0.0,0.0,0.0,0.0,0.0,0.0,0.0,0.0,0.0,0.0,1.0,0.0,0.0,0.0,0.0,0.0,0.0,0.0,0.0
1987,1999-08-12,SZSE:002091,0.0,0.0,0.0,0.0,0.0,0.0,0.0,0.0,0.0,0.0,0.0,0.0,0.0,0.0,0.0,0.0,0.0,0.0,0.0,0.0,0.0,0.0,0.0,0.0,0.0,0.0,0.0,0.0,1.0,0.0,0.0,0.0,0.0,0.0,0.0,0.0,0.0
1988,1999-08-13,SZSE:002091,0.0,0.0,0.0,0.0,0.0,0.0,0.0,0.0,0.0,0.0,0.0,0.0,0.0,0.0,0.0,0.0,0.0,0.0,0.0,0.0,0.0,0.0,0.0,0.0,0.0,0.0,0.0,0.0,1.0,0.0,0.0,0.0,0.0,0.0,0.0,0.0,0.0
1989,1999-08-16,SZSE:002091,0.0,0.0,0.0,0.0,0.0,0.0,0.0,0.0,0.0,0.0,0.0,0.0,0.0,0.0,0.0,0.0,0.0,0.0,0.0,0.0,0.0,0.0,0.0,0.0,0.0,0.0,0.0,0.0,1.0,0.0,0.0,0.0,0.0,0.0,0.0,0.0,0.0
1990,1999-08-17,SZSE:002091,0.0,0.0,0.0,0.0,0.0,0.0,0.0,0.0,0.0,0.0,0.0,0.0,0.0,0.0,0.0,0.0,0.0,0.0,0.0,0.0,0.0,0.0,0.0,0.0,0.0,0.0,0.0,0.0,1.0,0.0,0.0,0.0,0.0,0.0,0.0,0.0,0.0
1991,1999-08-18,SZSE:002091,0.0,0.0,0.0,0.0,0.0,0.0,0.0,0.0,0.0,0.0,0.0,0.0,0.0,0.0,0.0,0.0,0.0,0.0,0.0,0.0,0.0,0.0,0.0,0.0,0.0,0.0,0.0,0.0,1.0,0.0,0.0,0.0,0.0,0.0,0.0,0.0,0.0
1992,1999-08-19,SZSE:002091,0.0,0.0,0.0,0.0,0.0,0.0,0.0,0.0,0.0,0.0,0.0,0.0,0.0,0.0,0.0,0.0,0.0,0.0,0.0,0.0,0.0,0.0,0.0,0.0,0.0,0.0,0.0,0.0,1.0,0.0,0.0,0.0,0.0,0.0,0.0,0.0,0.0
1993,1999-08-20,SZSE:002091,0.0,0.0,0.0,0.0,0.0,0.0,0.0,0.0,0.0,0.0,0.0,0.0,0.0,0.0,0.0,0.0,0.0,0.0,0.0,0.0,0.0,0.0,0.0,0.0,0.0,0.0,0.0,0.0,1.0,0.0,0.0,0.0,0.0,0.0,0.0,0.0,0.0
1994,1999-08-23,SZSE:002091,0.0,0.0,0.0,0.0,0.0,0.0,0.0,0.0,0.0,0.0,0.0,0.0,0.0,0.0,0.0,0.0,0.0,0.0,0.0,0.0,0.0,0.0,0.0,0.0,0.0,0.0,0.0,0.0,1.0,0.0,0.0,0.0,0.0,0.0,0.0,0.0,0.0
1995,1999-08-24,SZSE:002091,0.0,0.0,0.0,0.0,0.0,0.0,0.0,0.0,0.0,0.0,0.0,0.0,0.0,0.0,0.0,0.0,0.0,0.0,0.0,0.0,0.0,0.0,0.0,0.0,0.0,0.0,0.0,0.0,1.0,0.0,0.0,0.0,0.0,0.0,0.0,0.0,0.0
1996,1999-08-25,SZSE:002091,0.0,0.0,0.0,0.0,0.0,0.0,0.0,0.0,0.0,0.0,0.0,0.0,0.0,0.0,0.0,0.0,0.0,0.0,0.0,0.0,0.0,0.0,0.0,0.0,0.0,0.0,0.0,0.0,1.0,0.0,0.0,0.0,0.0,0.0,0.0,0.0,0.0
1997,1999-08-26,SZSE:002091,0.0,0.0,0.0,0.0,0.0,0.0,0.0,0.0,0.0,0.0,0.0,0.0,0.0,0.0,0.0,0.0,0.0,0.0,0.0,0.0,0.0,0.0,0.0,0.0,0.0,0.0,0.0,0.0,1.0,0.0,0.0,0.0,0.0,0.0,0.0,0.0,0.0
1998,1999-08-27,SZSE:002091,0.0,0.0,0.0,0.0,0.0,0.0,0.0,0.0,0.0,0.0,0.0,0.0,0.0,0.0,0.0,0.0,0.0,0.0,0.0,0.0,0.0,0.0,0.0,0.0,0.0,0.0,0.0,0.0,1.0,0.0,0.0,0.0,0.0,0.0,0.0,0.0,0.0
1999,1999-08-30,SZSE:002091,0.0,0.0,0.0,0.0,0.0,0.0,0.0,0.0,0.0,0.0,0.0,0.0,0.0,0.0,0.0,0.0,0.0,0.0,0.0,0.0,0.0,0.0,0.0,0.0,0.0,0.0,0.0,0.0,1.0,0.0,0.0,0.0,0.0,0.0,0.0,0.0,0.0
2000,1999-08-31,SZSE:002091,0.0,0.0,0.0,0.0,0.0,0.0,0.0,0.0,0.0,0.0,0.0,0.0,0.0,0.0,0.0,0.0,0.0,0.0,0.0,0.0,0.0,0.0,0.0,0.0,0.0,0.0,0.0,0.0,1.0,0.0,0.0,0.0,0.0,0.0,0.0,0.0,0.0
2001,1999-09-01,SZSE:002091,0.0,0.0,0.0,0.0,0.0,0.0,0.0,0.0,0.0,0.0,0.0,0.0,0.0,0.0,0.0,0.0,0.0,0.0,0.0,0.0,0.0,0.0,0.0,0.0,0.0,0.0,0.0,0.0,1.0,0.0,0.0,0.0,0.0,0.0,0.0,0.0,0.0
2002,1999-09-02,SZSE:002091,0.0,0.0,0.0,0.0,0.0,0.0,0.0,0.0,0.0,0.0,0.0,0.0,0.0,0.0,0.0,0.0,0.0,0.0,0.0,0.0,0.0,0.0,0.0,0.0,0.0,0.0,0.0,0.0,1.0,0.0,0.0,0.0,0.0,0.0,0.0,0.0,0.0
2003,1999-09-03,SZSE:002091,0.0,0.0,0.0,0.0,0.0,0.0,0.0,0.0,0.0,0.0,0.0,0.0,0.0,0.0,0.0,0.0,0.0,0.0,0.0,0.0,0.0,0.0,0.0,0.0,0.0,0.0,0.0,0.0,1.0,0.0,0.0,0.0,0.0,0.0,0.0,0.0,0.0
2004,1999-09-06,SZSE:002091,0.0,0.0,0.0,0.0,0.0,0.0,0.0,0.0,0.0,0.0,0.0,0.0,0.0,0.0,0.0,0.0,0.0,0.0,0.0,0.0,0.0,0.0,0.0,0.0,0.0,0.0,0.0,0.0,1.0,0.0,0.0,0.0,0.0,0.0,0.0,0.0,0.0
2005,1999-09-07,SZSE:002091,0.0,0.0,0.0,0.0,0.0,0.0,0.0,0.0,0.0,0.0,0.0,0.0,0.0,0.0,0.0,0.0,0.0,0.0,0.0,0.0,0.0,0.0,0.0,0.0,0.0,0.0,0.0,0.0,1.0,0.0,0.0,0.0,0.0,0.0,0.0,0.0,0.0
2006,1999-09-08,SZSE:002091,0.0,0.0,0.0,0.0,0.0,0.0,0.0,0.0,0.0,0.0,0.0,0.0,0.0,0.0,0.0,0.0,0.0,0.0,0.0,0.0,0.0,0.0,0.0,0.0,0.0,0.0,0.0,0.0,1.0,0.0,0.0,0.0,0.0,0.0,0.0,0.0,0.0
2007,1999-09-09,SZSE:002091,0.0,0.0,0.0,0.0,0.0,0.0,0.0,0.0,0.0,0.0,0.0,0.0,0.0,0.0,0.0,0.0,0.0,0.0,0.0,0.0,0.0,0.0,0.0,0.0,0.0,0.0,0.0,0.0,1.0,0.0,0.0,0.0,0.0,0.0,0.0,0.0,0.0
2008,1999-09-10,SZSE:002091,0.0,0.0,0.0,0.0,0.0,0.0,0.0,0.0,0.0,0.0,0.0,0.0,0.0,0.0,0.0,0.0,0.0,0.0,0.0,0.0,0.0,0.0,0.0,0.0,0.0,0.0,0.0,0.0,1.0,0.0,0.0,0.0,0.0,0.0,0.0,0.0,0.0
2009,1999-09-13,SZSE:002091,0.0,0.0,0.0,0.0,0.0,0.0,0.0,0.0,0.0,0.0,0.0,0.0,0.0,0.0,0.0,0.0,0.0,0.0,0.0,0.0,0.0,0.0,0.0,0.0,0.0,0.0,0.0,0.0,1.0,0.0,0.0,0.0,0.0,0.0,0.0,0.0,0.0
2010,1999-09-14,SZSE:002091,0.0,0.0,0.0,0.0,0.0,0.0,0.0,0.0,0.0,0.0,0.0,0.0,0.0,0.0,0.0,0.0,0.0,0.0,0.0,0.0,0.0,0.0,0.0,0.0,0.0,0.0,0.0,0.0,1.0,0.0,0.0,0.0,0.0,0.0,0.0,0.0,0.0
2011,1999-09-15,SZSE:002091,0.0,0.0,0.0,0.0,0.0,0.0,0.0,0.0,0.0,0.0,0.0,0.0,0.0,0.0,0.0,0.0,0.0,0.0,0.0,0.0,0.0,0.0,0.0,0.0,0.0,0.0,0.0,0.0,1.0,0.0,0.0,0.0,0.0,0.0,0.0,0.0,0.0
2012,1999-09-16,SZSE:002091,0.0,0.0,0.0,0.0,0.0,0.0,0.0,0.0,0.0,0.0,0.0,0.0,0.0,0.0,0.0,0.0,0.0,0.0,0.0,0.0,0.0,0.0,0.0,0.0,0.0,0.0,0.0,0.0,1.0,0.0,0.0,0.0,0.0,0.0,0.0,0.0,0.0
2013,1999-09-17,SZSE:002091,0.0,0.0,0.0,0.0,0.0,0.0,0.0,0.0,0.0,0.0,0.0,0.0,0.0,0.0,0.0,0.0,0.0,0.0,0.0,0.0,0.0,0.0,0.0,0.0,0.0,0.0,0.0,0.0,1.0,0.0,0.0,0.0,0.0,0.0,0.0,0.0,0.0
2014,1999-09-20,SZSE:002091,0.0,0.0,0.0,0.0,0.0,0.0,0.0,0.0,0.0,0.0,0.0,0.0,0.0,0.0,0.0,0.0,0.0,0.0,0.0,0.0,0.0,0.0,0.0,0.0,0.0,0.0,0.0,0.0,1.0,0.0,0.0,0.0,0.0,0.0,0.0,0.0,0.0
2015,1999-09-21,SZSE:002091,0.0,0.0,0.0,0.0,0.0,0.0,0.0,0.0,0.0,0.0,0.0,0.0,0.0,0.0,0.0,0.0,0.0,0.0,0.0,0.0,0.0,0.0,0.0,0.0,0.0,0.0,0.0,0.0,1.0,0.0,0.0,0.0,0.0,0.0,0.0,0.0,0.0
2016,1999-09-22,SZSE:002091,0.0,0.0,0.0,0.0,0.0,0.0,0.0,0.0,0.0,0.0,0.0,0.0,0.0,0.0,0.0,0.0,0.0,0.0,0.0,0.0,0.0,0.0,0.0,0.0,0.0,0.0,0.0,0.0,1.0,0.0,0.0,0.0,0.0,0.0,0.0,0.0,0.0
2017,1999-09-23,SZSE:002091,0.0,0.0,0.0,0.0,0.0,0.0,0.0,0.0,0.0,0.0,0.0,0.0,0.0,0.0,0.0,0.0,0.0,0.0,0.0,0.0,0.0,0.0,0.0,0.0,0.0,0.0,0.0,0.0,1.0,0.0,0.0,0.0,0.0,0.0,0.0,0.0,0.0
2018,1999-09-24,SZSE:002091,0.0,0.0,0.0,0.0,0.0,0.0,0.0,0.0,0.0,0.0,0.0,0.0,0.0,0.0,0.0,0.0,0.0,0.0,0.0,0.0,0.0,0.0,0.0,0.0,0.0,0.0,0.0,0.0,1.0,0.0,0.0,0.0,0.0,0.0,0.0,0.0,0.0
2019,1999-09-27,SZSE:002091,0.0,0.0,0.0,0.0,0.0,0.0,0.0,0.0,0.0,0.0,0.0,0.0,0.0,0.0,0.0,0.0,0.0,0.0,0.0,0.0,0.0,0.0,0.0,0.0,0.0,0.0,0.0,0.0,1.0,0.0,0.0,0.0,0.0,0.0,0.0,0.0,0.0
2020,1999-09-28,SZSE:002091,0.0,0.0,0.0,0.0,0.0,0.0,0.0,0.0,0.0,0.0,0.0,0.0,0.0,0.0,0.0,0.0,0.0,0.0,0.0,0.0,0.0,0.0,0.0,0.0,0.0,0.0,0.0,0.0,1.0,0.0,0.0,0.0,0.0,0.0,0.0,0.0,0.0
2021,1999-09-29,SZSE:002091,0.0,0.0,0.0,0.0,0.0,0.0,0.0,0.0,0.0,0.0,0.0,0.0,0.0,0.0,0.0,0.0,0.0,0.0,0.0,0.0,0.0,0.0,0.0,0.0,0.0,0.0,0.0,0.0,1.0,0.0,0.0,0.0,0.0,0.0,0.0,0.0,0.0
2022,1999-09-30,SZSE:002091,0.0,0.0,0.0,0.0,0.0,0.0,0.0,0.0,0.0,0.0,0.0,0.0,0.0,0.0,0.0,0.0,0.0,0.0,0.0,0.0,0.0,0.0,0.0,0.0,0.0,0.0,0.0,0.0,1.0,0.0,0.0,0.0,0.0,0.0,0.0,0.0,0.0
2023,1999-10-01,SZSE:002091,0.0,0.0,0.0,0.0,0.0,0.0,0.0,0.0,0.0,0.0,0.0,0.0,0.0,0.0,0.0,0.0,0.0,0.0,0.0,0.0,0.0,0.0,0.0,0.0,0.0,0.0,0.0,0.0,1.0,0.0,0.0,0.0,0.0,0.0,0.0,0.0,0.0
2024,1999-10-04,SZSE:002091,0.0,0.0,0.0,0.0,0.0,0.0,0.0,0.0,0.0,0.0,0.0,0.0,0.0,0.0,0.0,0.0,0.0,0.0,0.0,0.0,0.0,0.0,0.0,0.0,0.0,0.0,0.0,0.0,1.0,0.0,0.0,0.0,0.0,0.0,0.0,0.0,0.0
2025,1999-10-05,SZSE:002091,0.0,0.0,0.0,0.0,0.0,0.0,0.0,0.0,0.0,0.0,0.0,0.0,0.0,0.0,0.0,0.0,0.0,0.0,0.0,0.0,0.0,0.0,0.0,0.0,0.0,0.0,0.0,0.0,1.0,0.0,0.0,0.0,0.0,0.0,0.0,0.0,0.0
2026,1999-10-06,SZSE:002091,0.0,0.0,0.0,0.0,0.0,0.0,0.0,0.0,0.0,0.0,0.0,0.0,0.0,0.0,0.0,0.0,0.0,0.0,0.0,0.0,0.0,0.0,0.0,0.0,0.0,0.0,0.0,0.0,1.0,0.0,0.0,0.0,0.0,0.0,0.0,0.0,0.0
2027,1999-10-07,SZSE:002091,0.0,0.0,0.0,0.0,0.0,0.0,0.0,0.0,0.0,0.0,0.0,0.0,0.0,0.0,0.0,0.0,0.0,0.0,0.0,0.0,0.0,0.0,0.0,0.0,0.0,0.0,0.0,0.0,1.0,0.0,0.0,0.0,0.0,0.0,0.0,0.0,0.0
2028,1999-10-08,SZSE:002091,0.0,0.0,0.0,0.0,0.0,0.0,0.0,0.0,0.0,0.0,0.0,0.0,0.0,0.0,0.0,0.0,0.0,0.0,0.0,0.0,0.0,0.0,0.0,0.0,0.0,0.0,0.0,0.0,1.0,0.0,0.0,0.0,0.0,0.0,0.0,0.0,0.0
2029,1999-10-11,SZSE:002091,0.0,0.0,0.0,0.0,0.0,0.0,0.0,0.0,0.0,0.0,0.0,0.0,0.0,0.0,0.0,0.0,0.0,0.0,0.0,0.0,0.0,0.0,0.0,0.0,0.0,0.0,0.0,0.0,1.0,0.0,0.0,0.0,0.0,0.0,0.0,0.0,0.0
2030,1999-10-12,SZSE:002091,0.0,0.0,0.0,0.0,0.0,0.0,0.0,0.0,0.0,0.0,0.0,0.0,0.0,0.0,0.0,0.0,0.0,0.0,0.0,0.0,0.0,0.0,0.0,0.0,0.0,0.0,0.0,0.0,1.0,0.0,0.0,0.0,0.0,0.0,0.0,0.0,0.0
2031,1999-10-13,SZSE:002091,0.0,0.0,0.0,0.0,0.0,0.0,0.0,0.0,0.0,0.0,0.0,0.0,0.0,0.0,0.0,0.0,0.0,0.0,0.0,0.0,0.0,0.0,0.0,0.0,0.0,0.0,0.0,0.0,1.0,0.0,0.0,0.0,0.0,0.0,0.0,0.0,0.0
2032,1999-10-14,SZSE:002091,0.0,0.0,0.0,0.0,0.0,0.0,0.0,0.0,0.0,0.0,0.0,0.0,0.0,0.0,0.0,0.0,0.0,0.0,0.0,0.0,0.0,0.0,0.0,0.0,0.0,0.0,0.0,0.0,1.0,0.0,0.0,0.0,0.0,0.0,0.0,0.0,0.0
2033,1999-10-15,SZSE:002091,0.0,0.0,0.0,0.0,0.0,0.0,0.0,0.0,0.0,0.0,0.0,0.0,0.0,0.0,0.0,0.0,0.0,0.0,0.0,0.0,0.0,0.0,0.0,0.0,0.0,0.0,0.0,0.0,1.0,0.0,0.0,0.0,0.0,0.0,0.0,0.0,0.0
2034,1999-10-18,SZSE:002091,0.0,0.0,0.0,0.0,0.0,0.0,0.0,0.0,0.0,0.0,0.0,0.0,0.0,0.0,0.0,0.0,0.0,0.0,0.0,0.0,0.0,0.0,0.0,0.0,0.0,0.0,0.0,0.0,1.0,0.0,0.0,0.0,0.0,0.0,0.0,0.0,0.0
2035,1999-10-19,SZSE:002091,0.0,0.0,0.0,0.0,0.0,0.0,0.0,0.0,0.0,0.0,0.0,0.0,0.0,0.0,0.0,0.0,0.0,0.0,0.0,0.0,0.0,0.0,0.0,0.0,0.0,0.0,0.0,0.0,1.0,0.0,0.0,0.0,0.0,0.0,0.0,0.0,0.0
2036,1999-10-20,SZSE:002091,0.0,0.0,0.0,0.0,0.0,0.0,0.0,0.0,0.0,0.0,0.0,0.0,0.0,0.0,0.0,0.0,0.0,0.0,0.0,0.0,0.0,0.0,0.0,0.0,0.0,0.0,0.0,0.0,1.0,0.0,0.0,0.0,0.0,0.0,0.0,0.0,0.0
2037,1999-10-21,SZSE:002091,0.0,0.0,0.0,0.0,0.0,0.0,0.0,0.0,0.0,0.0,0.0,0.0,0.0,0.0,0.0,0.0,0.0,0.0,0.0,0.0,0.0,0.0,0.0,0.0,0.0,0.0,0.0,0.0,1.0,0.0,0.0,0.0,0.0,0.0,0.0,0.0,0.0
2038,1999-10-22,SZSE:002091,0.0,0.0,0.0,0.0,0.0,0.0,0.0,0.0,0.0,0.0,0.0,0.0,0.0,0.0,0.0,0.0,0.0,0.0,0.0,0.0,0.0,0.0,0.0,0.0,0.0,0.0,0.0,0.0,1.0,0.0,0.0,0.0,0.0,0.0,0.0,0.0,0.0
2039,1999-10-25,SZSE:002091,0.0,0.0,0.0,0.0,0.0,0.0,0.0,0.0,0.0,0.0,0.0,0.0,0.0,0.0,0.0,0.0,0.0,0.0,0.0,0.0,0.0,0.0,0.0,0.0,0.0,0.0,0.0,0.0,1.0,0.0,0.0,0.0,0.0,0.0,0.0,0.0,0.0
2040,1999-10-26,SZSE:002091,0.0,0.0,0.0,0.0,0.0,0.0,0.0,0.0,0.0,0.0,0.0,0.0,0.0,0.0,0.0,0.0,0.0,0.0,0.0,0.0,0.0,0.0,0.0,0.0,0.0,0.0,0.0,0.0,1.0,0.0,0.0,0.0,0.0,0.0,0.0,0.0,0.0
2041,1999-10-27,SZSE:002091,0.0,0.0,0.0,0.0,0.0,0.0,0.0,0.0,0.0,0.0,0.0,0.0,0.0,0.0,0.0,0.0,0.0,0.0,0.0,0.0,0.0,0.0,0.0,0.0,0.0,0.0,0.0,0.0,1.0,0.0,0.0,0.0,0.0,0.0,0.0,0.0,0.0
2042,1999-10-28,SZSE:002091,0.0,0.0,0.0,0.0,0.0,0.0,0.0,0.0,0.0,0.0,0.0,0.0,0.0,0.0,0.0,0.0,0.0,0.0,0.0,0.0,0.0,0.0,0.0,0.0,0.0,0.0,0.0,0.0,1.0,0.0,0.0,0.0,0.0,0.0,0.0,0.0,0.0
2043,1999-10-29,SZSE:002091,0.0,0.0,0.0,0.0,0.0,0.0,0.0,0.0,0.0,0.0,0.0,0.0,0.0,0.0,0.0,0.0,0.0,0.0,0.0,0.0,0.0,0.0,0.0,0.0,0.0,0.0,0.0,0.0,1.0,0.0,0.0,0.0,0.0,0.0,0.0,0.0,0.0
2044,1999-11-01,SZSE:002091,0.0,0.0,0.0,0.0,0.0,0.0,0.0,0.0,0.0,0.0,0.0,0.0,0.0,0.0,0.0,0.0,0.0,0.0,0.0,0.0,0.0,0.0,0.0,0.0,0.0,0.0,0.0,0.0,1.0,0.0,0.0,0.0,0.0,0.0,0.0,0.0,0.0
2045,1999-11-02,SZSE:002091,0.0,0.0,0.0,0.0,0.0,0.0,0.0,0.0,0.0,0.0,0.0,0.0,0.0,0.0,0.0,0.0,0.0,0.0,0.0,0.0,0.0,0.0,0.0,0.0,0.0,0.0,0.0,0.0,1.0,0.0,0.0,0.0,0.0,0.0,0.0,0.0,0.0
2046,1999-11-03,SZSE:002091,0.0,0.0,0.0,0.0,0.0,0.0,0.0,0.0,0.0,0.0,0.0,0.0,0.0,0.0,0.0,0.0,0.0,0.0,0.0,0.0,0.0,0.0,0.0,0.0,0.0,0.0,0.0,0.0,1.0,0.0,0.0,0.0,0.0,0.0,0.0,0.0,0.0
2047,1999-11-04,SZSE:002091,0.0,0.0,0.0,0.0,0.0,0.0,0.0,0.0,0.0,0.0,0.0,0.0,0.0,0.0,0.0,0.0,0.0,0.0,0.0,0.0,0.0,0.0,0.0,0.0,0.0,0.0,0.0,0.0,1.0,0.0,0.0,0.0,0.0,0.0,0.0,0.0,0.0
2048,1999-11-05,SZSE:002091,0.0,0.0,0.0,0.0,0.0,0.0,0.0,0.0,0.0,0.0,0.0,0.0,0.0,0.0,0.0,0.0,0.0,0.0,0.0,0.0,0.0,0.0,0.0,0.0,0.0,0.0,0.0,0.0,1.0,0.0,0.0,0.0,0.0,0.0,0.0,0.0,0.0
2049,1999-11-08,SZSE:002091,0.0,0.0,0.0,0.0,0.0,0.0,0.0,0.0,0.0,0.0,0.0,0.0,0.0,0.0,0.0,0.0,0.0,0.0,0.0,0.0,0.0,0.0,0.0,0.0,0.0,0.0,0.0,0.0,1.0,0.0,0.0,0.0,0.0,0.0,0.0,0.0,0.0
2050,1999-11-09,SZSE:002091,0.0,0.0,0.0,0.0,0.0,0.0,0.0,0.0,0.0,0.0,0.0,0.0,0.0,0.0,0.0,0.0,0.0,0.0,0.0,0.0,0.0,0.0,0.0,0.0,0.0,0.0,0.0,0.0,1.0,0.0,0.0,0.0,0.0,0.0,0.0,0.0,0.0
2051,1999-11-10,SZSE:002091,0.0,0.0,0.0,0.0,0.0,0.0,0.0,0.0,0.0,0.0,0.0,0.0,0.0,0.0,0.0,0.0,0.0,0.0,0.0,0.0,0.0,0.0,0.0,0.0,0.0,0.0,0.0,0.0,1.0,0.0,0.0,0.0,0.0,0.0,0.0,0.0,0.0
2052,1999-11-11,SZSE:002091,0.0,0.0,0.0,0.0,0.0,0.0,0.0,0.0,0.0,0.0,0.0,0.0,0.0,0.0,0.0,0.0,0.0,0.0,0.0,0.0,0.0,0.0,0.0,0.0,0.0,0.0,0.0,0.0,1.0,0.0,0.0,0.0,0.0,0.0,0.0,0.0,0.0
2053,1999-11-12,SZSE:002091,0.0,0.0,0.0,0.0,0.0,0.0,0.0,0.0,0.0,0.0,0.0,0.0,0.0,0.0,0.0,0.0,0.0,0.0,0.0,0.0,0.0,0.0,0.0,0.0,0.0,0.0,0.0,0.0,1.0,0.0,0.0,0.0,0.0,0.0,0.0,0.0,0.0
2054,1999-11-15,SZSE:002091,0.0,0.0,0.0,0.0,0.0,0.0,0.0,0.0,0.0,0.0,0.0,0.0,0.0,0.0,0.0,0.0,0.0,0.0,0.0,0.0,0.0,0.0,0.0,0.0,0.0,0.0,0.0,0.0,1.0,0.0,0.0,0.0,0.0,0.0,0.0,0.0,0.0
2055,1999-11-16,SZSE:002091,0.0,0.0,0.0,0.0,0.0,0.0,0.0,0.0,0.0,0.0,0.0,0.0,0.0,0.0,0.0,0.0,0.0,0.0,0.0,0.0,0.0,0.0,0.0,0.0,0.0,0.0,0.0,0.0,1.0,0.0,0.0,0.0,0.0,0.0,0.0,0.0,0.0
2056,1999-11-17,SZSE:002091,0.0,0.0,0.0,0.0,0.0,0.0,0.0,0.0,0.0,0.0,0.0,0.0,0.0,0.0,0.0,0.0,0.0,0.0,0.0,0.0,0.0,0.0,0.0,0.0,0.0,0.0,0.0,0.0,1.0,0.0,0.0,0.0,0.0,0.0,0.0,0.0,0.0
2057,1999-11-18,SZSE:002091,0.0,0.0,0.0,0.0,0.0,0.0,0.0,0.0,0.0,0.0,0.0,0.0,0.0,0.0,0.0,0.0,0.0,0.0,0.0,0.0,0.0,0.0,0.0,0.0,0.0,0.0,0.0,0.0,1.0,0.0,0.0,0.0,0.0,0.0,0.0,0.0,0.0
2058,1999-11-19,SZSE:002091,0.0,0.0,0.0,0.0,0.0,0.0,0.0,0.0,0.0,0.0,0.0,0.0,0.0,0.0,0.0,0.0,0.0,0.0,0.0,0.0,0.0,0.0,0.0,0.0,0.0,0.0,0.0,0.0,1.0,0.0,0.0,0.0,0.0,0.0,0.0,0.0,0.0
2059,1999-11-22,SZSE:002091,0.0,0.0,0.0,0.0,0.0,0.0,0.0,0.0,0.0,0.0,0.0,0.0,0.0,0.0,0.0,0.0,0.0,0.0,0.0,0.0,0.0,0.0,0.0,0.0,0.0,0.0,0.0,0.0,1.0,0.0,0.0,0.0,0.0,0.0,0.0,0.0,0.0
2060,1999-11-23,SZSE:002091,0.0,0.0,0.0,0.0,0.0,0.0,0.0,0.0,0.0,0.0,0.0,0.0,0.0,0.0,0.0,0.0,0.0,0.0,0.0,0.0,0.0,0.0,0.0,0.0,0.0,0.0,0.0,0.0,1.0,0.0,0.0,0.0,0.0,0.0,0.0,0.0,0.0
2061,1999-11-24,SZSE:002091,0.0,0.0,0.0,0.0,0.0,0.0,0.0,0.0,0.0,0.0,0.0,0.0,0.0,0.0,0.0,0.0,0.0,0.0,0.0,0.0,0.0,0.0,0.0,0.0,0.0,0.0,0.0,0.0,1.0,0.0,0.0,0.0,0.0,0.0,0.0,0.0,0.0
2062,1999-11-25,SZSE:002091,0.0,0.0,0.0,0.0,0.0,0.0,0.0,0.0,0.0,0.0,0.0,0.0,0.0,0.0,0.0,0.0,0.0,0.0,0.0,0.0,0.0,0.0,0.0,0.0,0.0,0.0,0.0,0.0,1.0,0.0,0.0,0.0,0.0,0.0,0.0,0.0,0.0
2063,1999-11-26,SZSE:002091,0.0,0.0,0.0,0.0,0.0,0.0,0.0,0.0,0.0,0.0,0.0,0.0,0.0,0.0,0.0,0.0,0.0,0.0,0.0,0.0,0.0,0.0,0.0,0.0,0.0,0.0,0.0,0.0,1.0,0.0,0.0,0.0,0.0,0.0,0.0,0.0,0.0
2064,1999-11-29,SZSE:002091,0.0,0.0,0.0,0.0,0.0,0.0,0.0,0.0,0.0,0.0,0.0,0.0,0.0,0.0,0.0,0.0,0.0,0.0,0.0,0.0,0.0,0.0,0.0,0.0,0.0,0.0,0.0,0.0,1.0,0.0,0.0,0.0,0.0,0.0,0.0,0.0,0.0
2065,1999-11-30,SZSE:002091,0.0,0.0,0.0,0.0,0.0,0.0,0.0,0.0,0.0,0.0,0.0,0.0,0.0,0.0,0.0,0.0,0.0,0.0,0.0,0.0,0.0,0.0,0.0,0.0,0.0,0.0,0.0,0.0,1.0,0.0,0.0,0.0,0.0,0.0,0.0,0.0,0.0
2066,1999-12-01,SZSE:002091,0.0,0.0,0.0,0.0,0.0,0.0,0.0,0.0,0.0,0.0,0.0,0.0,0.0,0.0,0.0,0.0,0.0,0.0,0.0,0.0,0.0,0.0,0.0,0.0,0.0,0.0,0.0,0.0,1.0,0.0,0.0,0.0,0.0,0.0,0.0,0.0,0.0
2067,1999-12-02,SZSE:002091,0.0,0.0,0.0,0.0,0.0,0.0,0.0,0.0,0.0,0.0,0.0,0.0,0.0,0.0,0.0,0.0,0.0,0.0,0.0,0.0,0.0,0.0,0.0,0.0,0.0,0.0,0.0,0.0,1.0,0.0,0.0,0.0,0.0,0.0,0.0,0.0,0.0
2068,1999-12-03,SZSE:002091,0.0,0.0,0.0,0.0,0.0,0.0,0.0,0.0,0.0,0.0,0.0,0.0,0.0,0.0,0.0,0.0,0.0,0.0,0.0,0.0,0.0,0.0,0.0,0.0,0.0,0.0,0.0,0.0,1.0,0.0,0.0,0.0,0.0,0.0,0.0,0.0,0.0
2069,1999-12-06,SZSE:002091,0.0,0.0,0.0,0.0,0.0,0.0,0.0,0.0,0.0,0.0,0.0,0.0,0.0,0.0,0.0,0.0,0.0,0.0,0.0,0.0,0.0,0.0,0.0,0.0,0.0,0.0,0.0,0.0,1.0,0.0,0.0,0.0,0.0,0.0,0.0,0.0,0.0
2070,1999-12-07,SZSE:002091,0.0,0.0,0.0,0.0,0.0,0.0,0.0,0.0,0.0,0.0,0.0,0.0,0.0,0.0,0.0,0.0,0.0,0.0,0.0,0.0,0.0,0.0,0.0,0.0,0.0,0.0,0.0,0.0,1.0,0.0,0.0,0.0,0.0,0.0,0.0,0.0,0.0
2071,1999-12-08,SZSE:002091,0.0,0.0,0.0,0.0,0.0,0.0,0.0,0.0,0.0,0.0,0.0,0.0,0.0,0.0,0.0,0.0,0.0,0.0,0.0,0.0,0.0,0.0,0.0,0.0,0.0,0.0,0.0,0.0,1.0,0.0,0.0,0.0,0.0,0.0,0.0,0.0,0.0
2072,1999-12-09,SZSE:002091,0.0,0.0,0.0,0.0,0.0,0.0,0.0,0.0,0.0,0.0,0.0,0.0,0.0,0.0,0.0,0.0,0.0,0.0,0.0,0.0,0.0,0.0,0.0,0.0,0.0,0.0,0.0,0.0,1.0,0.0,0.0,0.0,0.0,0.0,0.0,0.0,0.0
2073,1999-12-10,SZSE:002091,0.0,0.0,0.0,0.0,0.0,0.0,0.0,0.0,0.0,0.0,0.0,0.0,0.0,0.0,0.0,0.0,0.0,0.0,0.0,0.0,0.0,0.0,0.0,0.0,0.0,0.0,0.0,0.0,1.0,0.0,0.0,0.0,0.0,0.0,0.0,0.0,0.0
2074,1999-12-13,SZSE:002091,0.0,0.0,0.0,0.0,0.0,0.0,0.0,0.0,0.0,0.0,0.0,0.0,0.0,0.0,0.0,0.0,0.0,0.0,0.0,0.0,0.0,0.0,0.0,0.0,0.0,0.0,0.0,0.0,1.0,0.0,0.0,0.0,0.0,0.0,0.0,0.0,0.0
2075,1999-12-14,SZSE:002091,0.0,0.0,0.0,0.0,0.0,0.0,0.0,0.0,0.0,0.0,0.0,0.0,0.0,0.0,0.0,0.0,0.0,0.0,0.0,0.0,0.0,0.0,0.0,0.0,0.0,0.0,0.0,0.0,1.0,0.0,0.0,0.0,0.0,0.0,0.0,0.0,0.0
2076,1999-12-15,SZSE:002091,0.0,0.0,0.0,0.0,0.0,0.0,0.0,0.0,0.0,0.0,0.0,0.0,0.0,0.0,0.0,0.0,0.0,0.0,0.0,0.0,0.0,0.0,0.0,0.0,0.0,0.0,0.0,0.0,1.0,0.0,0.0,0.0,0.0,0.0,0.0,0.0,0.0
2077,1999-12-16,SZSE:002091,0.0,0.0,0.0,0.0,0.0,0.0,0.0,0.0,0.0,0.0,0.0,0.0,0.0,0.0,0.0,0.0,0.0,0.0,0.0,0.0,0.0,0.0,0.0,0.0,0.0,0.0,0.0,0.0,1.0,0.0,0.0,0.0,0.0,0.0,0.0,0.0,0.0
2078,1999-12-17,SZSE:002091,0.0,0.0,0.0,0.0,0.0,0.0,0.0,0.0,0.0,0.0,0.0,0.0,0.0,0.0,0.0,0.0,0.0,0.0,0.0,0.0,0.0,0.0,0.0,0.0,0.0,0.0,0.0,0.0,1.0,0.0,0.0,0.0,0.0,0.0,0.0,0.0,0.0
2079,1999-12-20,SZSE:002091,0.0,0.0,0.0,0.0,0.0,0.0,0.0,0.0,0.0,0.0,0.0,0.0,0.0,0.0,0.0,0.0,0.0,0.0,0.0,0.0,0.0,0.0,0.0,0.0,0.0,0.0,0.0,0.0,1.0,0.0,0.0,0.0,0.0,0.0,0.0,0.0,0.0
2080,1999-12-21,SZSE:002091,0.0,0.0,0.0,0.0,0.0,0.0,0.0,0.0,0.0,0.0,0.0,0.0,0.0,0.0,0.0,0.0,0.0,0.0,0.0,0.0,0.0,0.0,0.0,0.0,0.0,0.0,0.0,0.0,1.0,0.0,0.0,0.0,0.0,0.0,0.0,0.0,0.0
2081,1999-12-22,SZSE:002091,0.0,0.0,0.0,0.0,0.0,0.0,0.0,0.0,0.0,0.0,0.0,0.0,0.0,0.0,0.0,0.0,0.0,0.0,0.0,0.0,0.0,0.0,0.0,0.0,0.0,0.0,0.0,0.0,1.0,0.0,0.0,0.0,0.0,0.0,0.0,0.0,0.0
2082,1999-12-23,SZSE:002091,0.0,0.0,0.0,0.0,0.0,0.0,0.0,0.0,0.0,0.0,0.0,0.0,0.0,0.0,0.0,0.0,0.0,0.0,0.0,0.0,0.0,0.0,0.0,0.0,0.0,0.0,0.0,0.0,1.0,0.0,0.0,0.0,0.0,0.0,0.0,0.0,0.0
2083,1999-12-24,SZSE:002091,0.0,0.0,0.0,0.0,0.0,0.0,0.0,0.0,0.0,0.0,0.0,0.0,0.0,0.0,0.0,0.0,0.0,0.0,0.0,0.0,0.0,0.0,0.0,0.0,0.0,0.0,0.0,0.0,1.0,0.0,0.0,0.0,0.0,0.0,0.0,0.0,0.0
2084,1999-12-27,SZSE:002091,0.0,0.0,0.0,0.0,0.0,0.0,0.0,0.0,0.0,0.0,0.0,0.0,0.0,0.0,0.0,0.0,0.0,0.0,0.0,0.0,0.0,0.0,0.0,0.0,0.0,0.0,0.0,0.0,1.0,0.0,0.0,0.0,0.0,0.0,0.0,0.0,0.0
2085,1999-12-28,SZSE:002091,0.0,0.0,0.0,0.0,0.0,0.0,0.0,0.0,0.0,0.0,0.0,0.0,0.0,0.0,0.0,0.0,0.0,0.0,0.0,0.0,0.0,0.0,0.0,0.0,0.0,0.0,0.0,0.0,1.0,0.0,0.0,0.0,0.0,0.0,0.0,0.0,0.0
2086,1999-12-29,SZSE:002091,0.0,0.0,0.0,0.0,0.0,0.0,0.0,0.0,0.0,0.0,0.0,0.0,0.0,0.0,0.0,0.0,0.0,0.0,0.0,0.0,0.0,0.0,0.0,0.0,0.0,0.0,0.0,0.0,1.0,0.0,0.0,0.0,0.0,0.0,0.0,0.0,0.0
2087,1999-12-30,SZSE:002091,0.0,0.0,0.0,0.0,0.0,0.0,0.0,0.0,0.0,0.0,0.0,0.0,0.0,0.0,0.0,0.0,0.0,0.0,0.0,0.0,0.0,0.0,0.0,0.0,0.0,0.0,0.0,0.0,1.0,0.0,0.0,0.0,0.0,0.0,0.0,0.0,0.0
2088,1999-12-31,SZSE:002091,0.0,0.0,0.0,0.0,0.0,0.0,0.0,0.0,0.0,0.0,0.0,0.0,0.0,0.0,0.0,0.0,0.0,0.0,0.0,0.0,0.0,0.0,0.0,0.0,0.0,0.0,0.0,0.0,1.0,0.0,0.0,0.0,0.0,0.0,0.0,0.0,0.0
2089,2000-01-03,SZSE:002091,0.0,0.0,0.0,0.0,0.0,0.0,0.0,0.0,0.0,0.0,0.0,0.0,0.0,0.0,0.0,0.0,0.0,0.0,0.0,0.0,0.0,0.0,0.0,0.0,0.0,0.0,0.0,0.0,1.0,0.0,0.0,0.0,0.0,0.0,0.0,0.0,0.0
2090,2000-01-04,SZSE:002091,0.0,0.0,0.0,0.0,0.0,0.0,0.0,0.0,0.0,0.0,0.0,0.0,0.0,0.0,0.0,0.0,0.0,0.0,0.0,0.0,0.0,0.0,0.0,0.0,0.0,0.0,0.0,0.0,1.0,0.0,0.0,0.0,0.0,0.0,0.0,0.0,0.0
2091,2000-01-05,SZSE:002091,0.0,0.0,0.0,0.0,0.0,0.0,0.0,0.0,0.0,0.0,0.0,0.0,0.0,0.0,0.0,0.0,0.0,0.0,0.0,0.0,0.0,0.0,0.0,0.0,0.0,0.0,0.0,0.0,1.0,0.0,0.0,0.0,0.0,0.0,0.0,0.0,0.0
2092,2000-01-06,SZSE:002091,0.0,0.0,0.0,0.0,0.0,0.0,0.0,0.0,0.0,0.0,0.0,0.0,0.0,0.0,0.0,0.0,0.0,0.0,0.0,0.0,0.0,0.0,0.0,0.0,0.0,0.0,0.0,0.0,1.0,0.0,0.0,0.0,0.0,0.0,0.0,0.0,0.0
2093,2000-01-07,SZSE:002091,0.0,0.0,0.0,0.0,0.0,0.0,0.0,0.0,0.0,0.0,0.0,0.0,0.0,0.0,0.0,0.0,0.0,0.0,0.0,0.0,0.0,0.0,0.0,0.0,0.0,0.0,0.0,0.0,1.0,0.0,0.0,0.0,0.0,0.0,0.0,0.0,0.0
2094,2000-01-10,SZSE:002091,0.0,0.0,0.0,0.0,0.0,0.0,0.0,0.0,0.0,0.0,0.0,0.0,0.0,0.0,0.0,0.0,0.0,0.0,0.0,0.0,0.0,0.0,0.0,0.0,0.0,0.0,0.0,0.0,1.0,0.0,0.0,0.0,0.0,0.0,0.0,0.0,0.0
2095,2000-01-11,SZSE:002091,0.0,0.0,0.0,0.0,0.0,0.0,0.0,0.0,0.0,0.0,0.0,0.0,0.0,0.0,0.0,0.0,0.0,0.0,0.0,0.0,0.0,0.0,0.0,0.0,0.0,0.0,0.0,0.0,1.0,0.0,0.0,0.0,0.0,0.0,0.0,0.0,0.0
2096,2000-01-12,SZSE:002091,0.0,0.0,0.0,0.0,0.0,0.0,0.0,0.0,0.0,0.0,0.0,0.0,0.0,0.0,0.0,0.0,0.0,0.0,0.0,0.0,0.0,0.0,0.0,0.0,0.0,0.0,0.0,0.0,1.0,0.0,0.0,0.0,0.0,0.0,0.0,0.0,0.0
2097,2000-01-13,SZSE:002091,0.0,0.0,0.0,0.0,0.0,0.0,0.0,0.0,0.0,0.0,0.0,0.0,0.0,0.0,0.0,0.0,0.0,0.0,0.0,0.0,0.0,0.0,0.0,0.0,0.0,0.0,0.0,0.0,1.0,0.0,0.0,0.0,0.0,0.0,0.0,0.0,0.0
2098,2000-01-14,SZSE:002091,0.0,0.0,0.0,0.0,0.0,0.0,0.0,0.0,0.0,0.0,0.0,0.0,0.0,0.0,0.0,0.0,0.0,0.0,0.0,0.0,0.0,0.0,0.0,0.0,0.0,0.0,0.0,0.0,1.0,0.0,0.0,0.0,0.0,0.0,0.0,0.0,0.0
2099,2000-01-17,SZSE:002091,0.0,0.0,0.0,0.0,0.0,0.0,0.0,0.0,0.0,0.0,0.0,0.0,0.0,0.0,0.0,0.0,0.0,0.0,0.0,0.0,0.0,0.0,0.0,0.0,0.0,0.0,0.0,0.0,1.0,0.0,0.0,0.0,0.0,0.0,0.0,0.0,0.0
2100,2000-01-18,SZSE:002091,0.0,0.0,0.0,0.0,0.0,0.0,0.0,0.0,0.0,0.0,0.0,0.0,0.0,0.0,0.0,0.0,0.0,0.0,0.0,0.0,0.0,0.0,0.0,0.0,0.0,0.0,0.0,0.0,1.0,0.0,0.0,0.0,0.0,0.0,0.0,0.0,0.0
2101,2000-01-19,SZSE:002091,0.0,0.0,0.0,0.0,0.0,0.0,0.0,0.0,0.0,0.0,0.0,0.0,0.0,0.0,0.0,0.0,0.0,0.0,0.0,0.0,0.0,0.0,0.0,0.0,0.0,0.0,0.0,0.0,1.0,0.0,0.0,0.0,0.0,0.0,0.0,0.0,0.0
2102,2000-01-20,SZSE:002091,0.0,0.0,0.0,0.0,0.0,0.0,0.0,0.0,0.0,0.0,0.0,0.0,0.0,0.0,0.0,0.0,0.0,0.0,0.0,0.0,0.0,0.0,0.0,0.0,0.0,0.0,0.0,0.0,1.0,0.0,0.0,0.0,0.0,0.0,0.0,0.0,0.0
2103,2000-01-21,SZSE:002091,0.0,0.0,0.0,0.0,0.0,0.0,0.0,0.0,0.0,0.0,0.0,0.0,0.0,0.0,0.0,0.0,0.0,0.0,0.0,0.0,0.0,0.0,0.0,0.0,0.0,0.0,0.0,0.0,1.0,0.0,0.0,0.0,0.0,0.0,0.0,0.0,0.0
2104,2000-01-24,SZSE:002091,0.0,0.0,0.0,0.0,0.0,0.0,0.0,0.0,0.0,0.0,0.0,0.0,0.0,0.0,0.0,0.0,0.0,0.0,0.0,0.0,0.0,0.0,0.0,0.0,0.0,0.0,0.0,0.0,1.0,0.0,0.0,0.0,0.0,0.0,0.0,0.0,0.0
2105,2000-01-25,SZSE:002091,0.0,0.0,0.0,0.0,0.0,0.0,0.0,0.0,0.0,0.0,0.0,0.0,0.0,0.0,0.0,0.0,0.0,0.0,0.0,0.0,0.0,0.0,0.0,0.0,0.0,0.0,0.0,0.0,1.0,0.0,0.0,0.0,0.0,0.0,0.0,0.0,0.0
2106,2000-01-26,SZSE:002091,0.0,0.0,0.0,0.0,0.0,0.0,0.0,0.0,0.0,0.0,0.0,0.0,0.0,0.0,0.0,0.0,0.0,0.0,0.0,0.0,0.0,0.0,0.0,0.0,0.0,0.0,0.0,0.0,1.0,0.0,0.0,0.0,0.0,0.0,0.0,0.0,0.0
2107,2000-01-27,SZSE:002091,0.0,0.0,0.0,0.0,0.0,0.0,0.0,0.0,0.0,0.0,0.0,0.0,0.0,0.0,0.0,0.0,0.0,0.0,0.0,0.0,0.0,0.0,0.0,0.0,0.0,0.0,0.0,0.0,1.0,0.0,0.0,0.0,0.0,0.0,0.0,0.0,0.0
2108,2000-01-28,SZSE:002091,0.0,0.0,0.0,0.0,0.0,0.0,0.0,0.0,0.0,0.0,0.0,0.0,0.0,0.0,0.0,0.0,0.0,0.0,0.0,0.0,0.0,0.0,0.0,0.0,0.0,0.0,0.0,0.0,1.0,0.0,0.0,0.0,0.0,0.0,0.0,0.0,0.0
2109,2000-01-31,SZSE:002091,0.0,0.0,0.0,0.0,0.0,0.0,0.0,0.0,0.0,0.0,0.0,0.0,0.0,0.0,0.0,0.0,0.0,0.0,0.0,0.0,0.0,0.0,0.0,0.0,0.0,0.0,0.0,0.0,1.0,0.0,0.0,0.0,0.0,0.0,0.0,0.0,0.0
2110,2000-02-01,SZSE:002091,0.0,0.0,0.0,0.0,0.0,0.0,0.0,0.0,0.0,0.0,0.0,0.0,0.0,0.0,0.0,0.0,0.0,0.0,0.0,0.0,0.0,0.0,0.0,0.0,0.0,0.0,0.0,0.0,1.0,0.0,0.0,0.0,0.0,0.0,0.0,0.0,0.0
2111,2000-02-02,SZSE:002091,0.0,0.0,0.0,0.0,0.0,0.0,0.0,0.0,0.0,0.0,0.0,0.0,0.0,0.0,0.0,0.0,0.0,0.0,0.0,0.0,0.0,0.0,0.0,0.0,0.0,0.0,0.0,0.0,1.0,0.0,0.0,0.0,0.0,0.0,0.0,0.0,0.0
2112,2000-02-03,SZSE:002091,0.0,0.0,0.0,0.0,0.0,0.0,0.0,0.0,0.0,0.0,0.0,0.0,0.0,0.0,0.0,0.0,0.0,0.0,0.0,0.0,0.0,0.0,0.0,0.0,0.0,0.0,0.0,0.0,1.0,0.0,0.0,0.0,0.0,0.0,0.0,0.0,0.0
2113,2000-02-04,SZSE:002091,0.0,0.0,0.0,0.0,0.0,0.0,0.0,0.0,0.0,0.0,0.0,0.0,0.0,0.0,0.0,0.0,0.0,0.0,0.0,0.0,0.0,0.0,0.0,0.0,0.0,0.0,0.0,0.0,1.0,0.0,0.0,0.0,0.0,0.0,0.0,0.0,0.0
2114,2000-02-07,SZSE:002091,0.0,0.0,0.0,0.0,0.0,0.0,0.0,0.0,0.0,0.0,0.0,0.0,0.0,0.0,0.0,0.0,0.0,0.0,0.0,0.0,0.0,0.0,0.0,0.0,0.0,0.0,0.0,0.0,1.0,0.0,0.0,0.0,0.0,0.0,0.0,0.0,0.0
2115,2000-02-08,SZSE:002091,0.0,0.0,0.0,0.0,0.0,0.0,0.0,0.0,0.0,0.0,0.0,0.0,0.0,0.0,0.0,0.0,0.0,0.0,0.0,0.0,0.0,0.0,0.0,0.0,0.0,0.0,0.0,0.0,1.0,0.0,0.0,0.0,0.0,0.0,0.0,0.0,0.0
2116,2000-02-09,SZSE:002091,0.0,0.0,0.0,0.0,0.0,0.0,0.0,0.0,0.0,0.0,0.0,0.0,0.0,0.0,0.0,0.0,0.0,0.0,0.0,0.0,0.0,0.0,0.0,0.0,0.0,0.0,0.0,0.0,1.0,0.0,0.0,0.0,0.0,0.0,0.0,0.0,0.0
2117,2000-02-10,SZSE:002091,0.0,0.0,0.0,0.0,0.0,0.0,0.0,0.0,0.0,0.0,0.0,0.0,0.0,0.0,0.0,0.0,0.0,0.0,0.0,0.0,0.0,0.0,0.0,0.0,0.0,0.0,0.0,0.0,1.0,0.0,0.0,0.0,0.0,0.0,0.0,0.0,0.0
2118,2000-02-11,SZSE:002091,0.0,0.0,0.0,0.0,0.0,0.0,0.0,0.0,0.0,0.0,0.0,0.0,0.0,0.0,0.0,0.0,0.0,0.0,0.0,0.0,0.0,0.0,0.0,0.0,0.0,0.0,0.0,0.0,1.0,0.0,0.0,0.0,0.0,0.0,0.0,0.0,0.0
2119,2000-02-14,SZSE:002091,0.0,0.0,0.0,0.0,0.0,0.0,0.0,0.0,0.0,0.0,0.0,0.0,0.0,0.0,0.0,0.0,0.0,0.0,0.0,0.0,0.0,0.0,0.0,0.0,0.0,0.0,0.0,0.0,1.0,0.0,0.0,0.0,0.0,0.0,0.0,0.0,0.0
2120,2000-02-15,SZSE:002091,0.0,0.0,0.0,0.0,0.0,0.0,0.0,0.0,0.0,0.0,0.0,0.0,0.0,0.0,0.0,0.0,0.0,0.0,0.0,0.0,0.0,0.0,0.0,0.0,0.0,0.0,0.0,0.0,1.0,0.0,0.0,0.0,0.0,0.0,0.0,0.0,0.0
2121,2000-02-16,SZSE:002091,0.0,0.0,0.0,0.0,0.0,0.0,0.0,0.0,0.0,0.0,0.0,0.0,0.0,0.0,0.0,0.0,0.0,0.0,0.0,0.0,0.0,0.0,0.0,0.0,0.0,0.0,0.0,0.0,1.0,0.0,0.0,0.0,0.0,0.0,0.0,0.0,0.0
2122,2000-02-17,SZSE:002091,0.0,0.0,0.0,0.0,0.0,0.0,0.0,0.0,0.0,0.0,0.0,0.0,0.0,0.0,0.0,0.0,0.0,0.0,0.0,0.0,0.0,0.0,0.0,0.0,0.0,0.0,0.0,0.0,1.0,0.0,0.0,0.0,0.0,0.0,0.0,0.0,0.0
2123,2000-02-18,SZSE:002091,0.0,0.0,0.0,0.0,0.0,0.0,0.0,0.0,0.0,0.0,0.0,0.0,0.0,0.0,0.0,0.0,0.0,0.0,0.0,0.0,0.0,0.0,0.0,0.0,0.0,0.0,0.0,0.0,1.0,0.0,0.0,0.0,0.0,0.0,0.0,0.0,0.0
2124,2000-02-21,SZSE:002091,0.0,0.0,0.0,0.0,0.0,0.0,0.0,0.0,0.0,0.0,0.0,0.0,0.0,0.0,0.0,0.0,0.0,0.0,0.0,0.0,0.0,0.0,0.0,0.0,0.0,0.0,0.0,0.0,1.0,0.0,0.0,0.0,0.0,0.0,0.0,0.0,0.0
2125,2000-02-22,SZSE:002091,0.0,0.0,0.0,0.0,0.0,0.0,0.0,0.0,0.0,0.0,0.0,0.0,0.0,0.0,0.0,0.0,0.0,0.0,0.0,0.0,0.0,0.0,0.0,0.0,0.0,0.0,0.0,0.0,1.0,0.0,0.0,0.0,0.0,0.0,0.0,0.0,0.0
2126,2000-02-23,SZSE:002091,0.0,0.0,0.0,0.0,0.0,0.0,0.0,0.0,0.0,0.0,0.0,0.0,0.0,0.0,0.0,0.0,0.0,0.0,0.0,0.0,0.0,0.0,0.0,0.0,0.0,0.0,0.0,0.0,1.0,0.0,0.0,0.0,0.0,0.0,0.0,0.0,0.0
2127,2000-02-24,SZSE:002091,0.0,0.0,0.0,0.0,0.0,0.0,0.0,0.0,0.0,0.0,0.0,0.0,0.0,0.0,0.0,0.0,0.0,0.0,0.0,0.0,0.0,0.0,0.0,0.0,0.0,0.0,0.0,0.0,1.0,0.0,0.0,0.0,0.0,0.0,0.0,0.0,0.0
2128,2000-02-25,SZSE:002091,0.0,0.0,0.0,0.0,0.0,0.0,0.0,0.0,0.0,0.0,0.0,0.0,0.0,0.0,0.0,0.0,0.0,0.0,0.0,0.0,0.0,0.0,0.0,0.0,0.0,0.0,0.0,0.0,1.0,0.0,0.0,0.0,0.0,0.0,0.0,0.0,0.0
2129,2000-02-28,SZSE:002091,0.0,0.0,0.0,0.0,0.0,0.0,0.0,0.0,0.0,0.0,0.0,0.0,0.0,0.0,0.0,0.0,0.0,0.0,0.0,0.0,0.0,0.0,0.0,0.0,0.0,0.0,0.0,0.0,1.0,0.0,0.0,0.0,0.0,0.0,0.0,0.0,0.0
2130,2000-02-29,SZSE:002091,0.0,0.0,0.0,0.0,0.0,0.0,0.0,0.0,0.0,0.0,0.0,0.0,0.0,0.0,0.0,0.0,0.0,0.0,0.0,0.0,0.0,0.0,0.0,0.0,0.0,0.0,0.0,0.0,1.0,0.0,0.0,0.0,0.0,0.0,0.0,0.0,0.0
2131,2000-03-01,SZSE:002091,0.0,0.0,0.0,0.0,0.0,0.0,0.0,0.0,0.0,0.0,0.0,0.0,0.0,0.0,0.0,0.0,0.0,0.0,0.0,0.0,0.0,0.0,0.0,0.0,0.0,0.0,0.0,0.0,1.0,0.0,0.0,0.0,0.0,0.0,0.0,0.0,0.0
2132,2000-03-02,SZSE:002091,0.0,0.0,0.0,0.0,0.0,0.0,0.0,0.0,0.0,0.0,0.0,0.0,0.0,0.0,0.0,0.0,0.0,0.0,0.0,0.0,0.0,0.0,0.0,0.0,0.0,0.0,0.0,0.0,1.0,0.0,0.0,0.0,0.0,0.0,0.0,0.0,0.0
2133,2000-03-03,SZSE:002091,0.0,0.0,0.0,0.0,0.0,0.0,0.0,0.0,0.0,0.0,0.0,0.0,0.0,0.0,0.0,0.0,0.0,0.0,0.0,0.0,0.0,0.0,0.0,0.0,0.0,0.0,0.0,0.0,1.0,0.0,0.0,0.0,0.0,0.0,0.0,0.0,0.0
2134,2000-03-06,SZSE:002091,0.0,0.0,0.0,0.0,0.0,0.0,0.0,0.0,0.0,0.0,0.0,0.0,0.0,0.0,0.0,0.0,0.0,0.0,0.0,0.0,0.0,0.0,0.0,0.0,0.0,0.0,0.0,0.0,1.0,0.0,0.0,0.0,0.0,0.0,0.0,0.0,0.0
2135,2000-03-07,SZSE:002091,0.0,0.0,0.0,0.0,0.0,0.0,0.0,0.0,0.0,0.0,0.0,0.0,0.0,0.0,0.0,0.0,0.0,0.0,0.0,0.0,0.0,0.0,0.0,0.0,0.0,0.0,0.0,0.0,1.0,0.0,0.0,0.0,0.0,0.0,0.0,0.0,0.0
2136,2000-03-08,SZSE:002091,0.0,0.0,0.0,0.0,0.0,0.0,0.0,0.0,0.0,0.0,0.0,0.0,0.0,0.0,0.0,0.0,0.0,0.0,0.0,0.0,0.0,0.0,0.0,0.0,0.0,0.0,0.0,0.0,1.0,0.0,0.0,0.0,0.0,0.0,0.0,0.0,0.0
2137,2000-03-09,SZSE:002091,0.0,0.0,0.0,0.0,0.0,0.0,0.0,0.0,0.0,0.0,0.0,0.0,0.0,0.0,0.0,0.0,0.0,0.0,0.0,0.0,0.0,0.0,0.0,0.0,0.0,0.0,0.0,0.0,1.0,0.0,0.0,0.0,0.0,0.0,0.0,0.0,0.0
2138,2000-03-10,SZSE:002091,0.0,0.0,0.0,0.0,0.0,0.0,0.0,0.0,0.0,0.0,0.0,0.0,0.0,0.0,0.0,0.0,0.0,0.0,0.0,0.0,0.0,0.0,0.0,0.0,0.0,0.0,0.0,0.0,1.0,0.0,0.0,0.0,0.0,0.0,0.0,0.0,0.0
2139,2000-03-13,SZSE:002091,0.0,0.0,0.0,0.0,0.0,0.0,0.0,0.0,0.0,0.0,0.0,0.0,0.0,0.0,0.0,0.0,0.0,0.0,0.0,0.0,0.0,0.0,0.0,0.0,0.0,0.0,0.0,0.0,1.0,0.0,0.0,0.0,0.0,0.0,0.0,0.0,0.0
2140,2000-03-14,SZSE:002091,0.0,0.0,0.0,0.0,0.0,0.0,0.0,0.0,0.0,0.0,0.0,0.0,0.0,0.0,0.0,0.0,0.0,0.0,0.0,0.0,0.0,0.0,0.0,0.0,0.0,0.0,0.0,0.0,1.0,0.0,0.0,0.0,0.0,0.0,0.0,0.0,0.0
2141,2000-03-15,SZSE:002091,0.0,0.0,0.0,0.0,0.0,0.0,0.0,0.0,0.0,0.0,0.0,0.0,0.0,0.0,0.0,0.0,0.0,0.0,0.0,0.0,0.0,0.0,0.0,0.0,0.0,0.0,0.0,0.0,1.0,0.0,0.0,0.0,0.0,0.0,0.0,0.0,0.0
2142,2000-03-16,SZSE:002091,0.0,0.0,0.0,0.0,0.0,0.0,0.0,0.0,0.0,0.0,0.0,0.0,0.0,0.0,0.0,0.0,0.0,0.0,0.0,0.0,0.0,0.0,0.0,0.0,0.0,0.0,0.0,0.0,1.0,0.0,0.0,0.0,0.0,0.0,0.0,0.0,0.0
2143,2000-03-17,SZSE:002091,0.0,0.0,0.0,0.0,0.0,0.0,0.0,0.0,0.0,0.0,0.0,0.0,0.0,0.0,0.0,0.0,0.0,0.0,0.0,0.0,0.0,0.0,0.0,0.0,0.0,0.0,0.0,0.0,1.0,0.0,0.0,0.0,0.0,0.0,0.0,0.0,0.0
2144,2000-03-20,SZSE:002091,0.0,0.0,0.0,0.0,0.0,0.0,0.0,0.0,0.0,0.0,0.0,0.0,0.0,0.0,0.0,0.0,0.0,0.0,0.0,0.0,0.0,0.0,0.0,0.0,0.0,0.0,0.0,0.0,1.0,0.0,0.0,0.0,0.0,0.0,0.0,0.0,0.0
2145,2000-03-21,SZSE:002091,0.0,0.0,0.0,0.0,0.0,0.0,0.0,0.0,0.0,0.0,0.0,0.0,0.0,0.0,0.0,0.0,0.0,0.0,0.0,0.0,0.0,0.0,0.0,0.0,0.0,0.0,0.0,0.0,1.0,0.0,0.0,0.0,0.0,0.0,0.0,0.0,0.0
2146,2000-03-22,SZSE:002091,0.0,0.0,0.0,0.0,0.0,0.0,0.0,0.0,0.0,0.0,0.0,0.0,0.0,0.0,0.0,0.0,0.0,0.0,0.0,0.0,0.0,0.0,0.0,0.0,0.0,0.0,0.0,0.0,1.0,0.0,0.0,0.0,0.0,0.0,0.0,0.0,0.0
2147,2000-03-23,SZSE:002091,0.0,0.0,0.0,0.0,0.0,0.0,0.0,0.0,0.0,0.0,0.0,0.0,0.0,0.0,0.0,0.0,0.0,0.0,0.0,0.0,0.0,0.0,0.0,0.0,0.0,0.0,0.0,0.0,1.0,0.0,0.0,0.0,0.0,0.0,0.0,0.0,0.0
2148,2000-03-24,SZSE:002091,0.0,0.0,0.0,0.0,0.0,0.0,0.0,0.0,0.0,0.0,0.0,0.0,0.0,0.0,0.0,0.0,0.0,0.0,0.0,0.0,0.0,0.0,0.0,0.0,0.0,0.0,0.0,0.0,1.0,0.0,0.0,0.0,0.0,0.0,0.0,0.0,0.0
2149,2000-03-27,SZSE:002091,0.0,0.0,0.0,0.0,0.0,0.0,0.0,0.0,0.0,0.0,0.0,0.0,0.0,0.0,0.0,0.0,0.0,0.0,0.0,0.0,0.0,0.0,0.0,0.0,0.0,0.0,0.0,0.0,1.0,0.0,0.0,0.0,0.0,0.0,0.0,0.0,0.0
2150,2000-03-28,SZSE:002091,0.0,0.0,0.0,0.0,0.0,0.0,0.0,0.0,0.0,0.0,0.0,0.0,0.0,0.0,0.0,0.0,0.0,0.0,0.0,0.0,0.0,0.0,0.0,0.0,0.0,0.0,0.0,0.0,1.0,0.0,0.0,0.0,0.0,0.0,0.0,0.0,0.0
2151,2000-03-29,SZSE:002091,0.0,0.0,0.0,0.0,0.0,0.0,0.0,0.0,0.0,0.0,0.0,0.0,0.0,0.0,0.0,0.0,0.0,0.0,0.0,0.0,0.0,0.0,0.0,0.0,0.0,0.0,0.0,0.0,1.0,0.0,0.0,0.0,0.0,0.0,0.0,0.0,0.0
2152,2000-03-30,SZSE:002091,0.0,0.0,0.0,0.0,0.0,0.0,0.0,0.0,0.0,0.0,0.0,0.0,0.0,0.0,0.0,0.0,0.0,0.0,0.0,0.0,0.0,0.0,0.0,0.0,0.0,0.0,0.0,0.0,1.0,0.0,0.0,0.0,0.0,0.0,0.0,0.0,0.0
2153,2000-03-31,SZSE:002091,0.0,0.0,0.0,0.0,0.0,0.0,0.0,0.0,0.0,0.0,0.0,0.0,0.0,0.0,0.0,0.0,0.0,0.0,0.0,0.0,0.0,0.0,0.0,0.0,0.0,0.0,0.0,0.0,1.0,0.0,0.0,0.0,0.0,0.0,0.0,0.0,0.0
2154,2000-04-03,SZSE:002091,0.0,0.0,0.0,0.0,0.0,0.0,0.0,0.0,0.0,0.0,0.0,0.0,0.0,0.0,0.0,0.0,0.0,0.0,0.0,0.0,0.0,0.0,0.0,0.0,0.0,0.0,0.0,0.0,1.0,0.0,0.0,0.0,0.0,0.0,0.0,0.0,0.0
2155,2000-04-04,SZSE:002091,0.0,0.0,0.0,0.0,0.0,0.0,0.0,0.0,0.0,0.0,0.0,0.0,0.0,0.0,0.0,0.0,0.0,0.0,0.0,0.0,0.0,0.0,0.0,0.0,0.0,0.0,0.0,0.0,1.0,0.0,0.0,0.0,0.0,0.0,0.0,0.0,0.0
2156,2000-04-05,SZSE:002091,0.0,0.0,0.0,0.0,0.0,0.0,0.0,0.0,0.0,0.0,0.0,0.0,0.0,0.0,0.0,0.0,0.0,0.0,0.0,0.0,0.0,0.0,0.0,0.0,0.0,0.0,0.0,0.0,1.0,0.0,0.0,0.0,0.0,0.0,0.0,0.0,0.0
2157,2000-04-06,SZSE:002091,0.0,0.0,0.0,0.0,0.0,0.0,0.0,0.0,0.0,0.0,0.0,0.0,0.0,0.0,0.0,0.0,0.0,0.0,0.0,0.0,0.0,0.0,0.0,0.0,0.0,0.0,0.0,0.0,1.0,0.0,0.0,0.0,0.0,0.0,0.0,0.0,0.0
2158,2000-04-07,SZSE:002091,0.0,0.0,0.0,0.0,0.0,0.0,0.0,0.0,0.0,0.0,0.0,0.0,0.0,0.0,0.0,0.0,0.0,0.0,0.0,0.0,0.0,0.0,0.0,0.0,0.0,0.0,0.0,0.0,1.0,0.0,0.0,0.0,0.0,0.0,0.0,0.0,0.0
2159,2000-04-10,SZSE:002091,0.0,0.0,0.0,0.0,0.0,0.0,0.0,0.0,0.0,0.0,0.0,0.0,0.0,0.0,0.0,0.0,0.0,0.0,0.0,0.0,0.0,0.0,0.0,0.0,0.0,0.0,0.0,0.0,1.0,0.0,0.0,0.0,0.0,0.0,0.0,0.0,0.0
2160,2000-04-11,SZSE:002091,0.0,0.0,0.0,0.0,0.0,0.0,0.0,0.0,0.0,0.0,0.0,0.0,0.0,0.0,0.0,0.0,0.0,0.0,0.0,0.0,0.0,0.0,0.0,0.0,0.0,0.0,0.0,0.0,1.0,0.0,0.0,0.0,0.0,0.0,0.0,0.0,0.0
2161,2000-04-12,SZSE:002091,0.0,0.0,0.0,0.0,0.0,0.0,0.0,0.0,0.0,0.0,0.0,0.0,0.0,0.0,0.0,0.0,0.0,0.0,0.0,0.0,0.0,0.0,0.0,0.0,0.0,0.0,0.0,0.0,1.0,0.0,0.0,0.0,0.0,0.0,0.0,0.0,0.0
2162,2000-04-13,SZSE:002091,0.0,0.0,0.0,0.0,0.0,0.0,0.0,0.0,0.0,0.0,0.0,0.0,0.0,0.0,0.0,0.0,0.0,0.0,0.0,0.0,0.0,0.0,0.0,0.0,0.0,0.0,0.0,0.0,1.0,0.0,0.0,0.0,0.0,0.0,0.0,0.0,0.0
2163,2000-04-14,SZSE:002091,0.0,0.0,0.0,0.0,0.0,0.0,0.0,0.0,0.0,0.0,0.0,0.0,0.0,0.0,0.0,0.0,0.0,0.0,0.0,0.0,0.0,0.0,0.0,0.0,0.0,0.0,0.0,0.0,1.0,0.0,0.0,0.0,0.0,0.0,0.0,0.0,0.0
2164,2000-04-17,SZSE:002091,0.0,0.0,0.0,0.0,0.0,0.0,0.0,0.0,0.0,0.0,0.0,0.0,0.0,0.0,0.0,0.0,0.0,0.0,0.0,0.0,0.0,0.0,0.0,0.0,0.0,0.0,0.0,0.0,1.0,0.0,0.0,0.0,0.0,0.0,0.0,0.0,0.0
2165,2000-04-18,SZSE:002091,0.0,0.0,0.0,0.0,0.0,0.0,0.0,0.0,0.0,0.0,0.0,0.0,0.0,0.0,0.0,0.0,0.0,0.0,0.0,0.0,0.0,0.0,0.0,0.0,0.0,0.0,0.0,0.0,1.0,0.0,0.0,0.0,0.0,0.0,0.0,0.0,0.0
2166,2000-04-19,SZSE:002091,0.0,0.0,0.0,0.0,0.0,0.0,0.0,0.0,0.0,0.0,0.0,0.0,0.0,0.0,0.0,0.0,0.0,0.0,0.0,0.0,0.0,0.0,0.0,0.0,0.0,0.0,0.0,0.0,1.0,0.0,0.0,0.0,0.0,0.0,0.0,0.0,0.0
2167,2000-04-20,SZSE:002091,0.0,0.0,0.0,0.0,0.0,0.0,0.0,0.0,0.0,0.0,0.0,0.0,0.0,0.0,0.0,0.0,0.0,0.0,0.0,0.0,0.0,0.0,0.0,0.0,0.0,0.0,0.0,0.0,1.0,0.0,0.0,0.0,0.0,0.0,0.0,0.0,0.0
2168,2000-04-21,SZSE:002091,0.0,0.0,0.0,0.0,0.0,0.0,0.0,0.0,0.0,0.0,0.0,0.0,0.0,0.0,0.0,0.0,0.0,0.0,0.0,0.0,0.0,0.0,0.0,0.0,0.0,0.0,0.0,0.0,1.0,0.0,0.0,0.0,0.0,0.0,0.0,0.0,0.0
2169,2000-04-24,SZSE:002091,0.0,0.0,0.0,0.0,0.0,0.0,0.0,0.0,0.0,0.0,0.0,0.0,0.0,0.0,0.0,0.0,0.0,0.0,0.0,0.0,0.0,0.0,0.0,0.0,0.0,0.0,0.0,0.0,1.0,0.0,0.0,0.0,0.0,0.0,0.0,0.0,0.0
2170,2000-04-25,SZSE:002091,0.0,0.0,0.0,0.0,0.0,0.0,0.0,0.0,0.0,0.0,0.0,0.0,0.0,0.0,0.0,0.0,0.0,0.0,0.0,0.0,0.0,0.0,0.0,0.0,0.0,0.0,0.0,0.0,1.0,0.0,0.0,0.0,0.0,0.0,0.0,0.0,0.0
2171,2000-04-26,SZSE:002091,0.0,0.0,0.0,0.0,0.0,0.0,0.0,0.0,0.0,0.0,0.0,0.0,0.0,0.0,0.0,0.0,0.0,0.0,0.0,0.0,0.0,0.0,0.0,0.0,0.0,0.0,0.0,0.0,1.0,0.0,0.0,0.0,0.0,0.0,0.0,0.0,0.0
2172,2000-04-27,SZSE:002091,0.0,0.0,0.0,0.0,0.0,0.0,0.0,0.0,0.0,0.0,0.0,0.0,0.0,0.0,0.0,0.0,0.0,0.0,0.0,0.0,0.0,0.0,0.0,0.0,0.0,0.0,0.0,0.0,1.0,0.0,0.0,0.0,0.0,0.0,0.0,0.0,0.0
2173,2000-04-28,SZSE:002091,0.0,0.0,0.0,0.0,0.0,0.0,0.0,0.0,0.0,0.0,0.0,0.0,0.0,0.0,0.0,0.0,0.0,0.0,0.0,0.0,0.0,0.0,0.0,0.0,0.0,0.0,0.0,0.0,1.0,0.0,0.0,0.0,0.0,0.0,0.0,0.0,0.0
2174,2000-05-01,SZSE:002091,0.0,0.0,0.0,0.0,0.0,0.0,0.0,0.0,0.0,0.0,0.0,0.0,0.0,0.0,0.0,0.0,0.0,0.0,0.0,0.0,0.0,0.0,0.0,0.0,0.0,0.0,0.0,0.0,1.0,0.0,0.0,0.0,0.0,0.0,0.0,0.0,0.0
2175,2000-05-02,SZSE:002091,0.0,0.0,0.0,0.0,0.0,0.0,0.0,0.0,0.0,0.0,0.0,0.0,0.0,0.0,0.0,0.0,0.0,0.0,0.0,0.0,0.0,0.0,0.0,0.0,0.0,0.0,0.0,0.0,1.0,0.0,0.0,0.0,0.0,0.0,0.0,0.0,0.0
2176,2000-05-03,SZSE:002091,0.0,0.0,0.0,0.0,0.0,0.0,0.0,0.0,0.0,0.0,0.0,0.0,0.0,0.0,0.0,0.0,0.0,0.0,0.0,0.0,0.0,0.0,0.0,0.0,0.0,0.0,0.0,0.0,1.0,0.0,0.0,0.0,0.0,0.0,0.0,0.0,0.0
2177,2000-05-04,SZSE:002091,0.0,0.0,0.0,0.0,0.0,0.0,0.0,0.0,0.0,0.0,0.0,0.0,0.0,0.0,0.0,0.0,0.0,0.0,0.0,0.0,0.0,0.0,0.0,0.0,0.0,0.0,0.0,0.0,1.0,0.0,0.0,0.0,0.0,0.0,0.0,0.0,0.0
2178,2000-05-05,SZSE:002091,0.0,0.0,0.0,0.0,0.0,0.0,0.0,0.0,0.0,0.0,0.0,0.0,0.0,0.0,0.0,0.0,0.0,0.0,0.0,0.0,0.0,0.0,0.0,0.0,0.0,0.0,0.0,0.0,1.0,0.0,0.0,0.0,0.0,0.0,0.0,0.0,0.0
2179,2000-05-08,SZSE:002091,0.0,0.0,0.0,0.0,0.0,0.0,0.0,0.0,0.0,0.0,0.0,0.0,0.0,0.0,0.0,0.0,0.0,0.0,0.0,0.0,0.0,0.0,0.0,0.0,0.0,0.0,0.0,0.0,1.0,0.0,0.0,0.0,0.0,0.0,0.0,0.0,0.0
2180,2000-05-09,SZSE:002091,0.0,0.0,0.0,0.0,0.0,0.0,0.0,0.0,0.0,0.0,0.0,0.0,0.0,0.0,0.0,0.0,0.0,0.0,0.0,0.0,0.0,0.0,0.0,0.0,0.0,0.0,0.0,0.0,1.0,0.0,0.0,0.0,0.0,0.0,0.0,0.0,0.0
2181,2000-05-10,SZSE:002091,0.0,0.0,0.0,0.0,0.0,0.0,0.0,0.0,0.0,0.0,0.0,0.0,0.0,0.0,0.0,0.0,0.0,0.0,0.0,0.0,0.0,0.0,0.0,0.0,0.0,0.0,0.0,0.0,1.0,0.0,0.0,0.0,0.0,0.0,0.0,0.0,0.0
2182,2000-05-11,SZSE:002091,0.0,0.0,0.0,0.0,0.0,0.0,0.0,0.0,0.0,0.0,0.0,0.0,0.0,0.0,0.0,0.0,0.0,0.0,0.0,0.0,0.0,0.0,0.0,0.0,0.0,0.0,0.0,0.0,1.0,0.0,0.0,0.0,0.0,0.0,0.0,0.0,0.0
2183,2000-05-12,SZSE:002091,0.0,0.0,0.0,0.0,0.0,0.0,0.0,0.0,0.0,0.0,0.0,0.0,0.0,0.0,0.0,0.0,0.0,0.0,0.0,0.0,0.0,0.0,0.0,0.0,0.0,0.0,0.0,0.0,1.0,0.0,0.0,0.0,0.0,0.0,0.0,0.0,0.0
2184,2000-05-15,SZSE:002091,0.0,0.0,0.0,0.0,0.0,0.0,0.0,0.0,0.0,0.0,0.0,0.0,0.0,0.0,0.0,0.0,0.0,0.0,0.0,0.0,0.0,0.0,0.0,0.0,0.0,0.0,0.0,0.0,1.0,0.0,0.0,0.0,0.0,0.0,0.0,0.0,0.0
2185,2000-05-16,SZSE:002091,0.0,0.0,0.0,0.0,0.0,0.0,0.0,0.0,0.0,0.0,0.0,0.0,0.0,0.0,0.0,0.0,0.0,0.0,0.0,0.0,0.0,0.0,0.0,0.0,0.0,0.0,0.0,0.0,1.0,0.0,0.0,0.0,0.0,0.0,0.0,0.0,0.0
2186,2000-05-17,SZSE:002091,0.0,0.0,0.0,0.0,0.0,0.0,0.0,0.0,0.0,0.0,0.0,0.0,0.0,0.0,0.0,0.0,0.0,0.0,0.0,0.0,0.0,0.0,0.0,0.0,0.0,0.0,0.0,0.0,1.0,0.0,0.0,0.0,0.0,0.0,0.0,0.0,0.0
2187,2000-05-18,SZSE:002091,0.0,0.0,0.0,0.0,0.0,0.0,0.0,0.0,0.0,0.0,0.0,0.0,0.0,0.0,0.0,0.0,0.0,0.0,0.0,0.0,0.0,0.0,0.0,0.0,0.0,0.0,0.0,0.0,1.0,0.0,0.0,0.0,0.0,0.0,0.0,0.0,0.0
2188,2000-05-19,SZSE:002091,0.0,0.0,0.0,0.0,0.0,0.0,0.0,0.0,0.0,0.0,0.0,0.0,0.0,0.0,0.0,0.0,0.0,0.0,0.0,0.0,0.0,0.0,0.0,0.0,0.0,0.0,0.0,0.0,1.0,0.0,0.0,0.0,0.0,0.0,0.0,0.0,0.0
2189,2000-05-22,SZSE:002091,0.0,0.0,0.0,0.0,0.0,0.0,0.0,0.0,0.0,0.0,0.0,0.0,0.0,0.0,0.0,0.0,0.0,0.0,0.0,0.0,0.0,0.0,0.0,0.0,0.0,0.0,0.0,0.0,1.0,0.0,0.0,0.0,0.0,0.0,0.0,0.0,0.0
2190,2000-05-23,SZSE:002091,0.0,0.0,0.0,0.0,0.0,0.0,0.0,0.0,0.0,0.0,0.0,0.0,0.0,0.0,0.0,0.0,0.0,0.0,0.0,0.0,0.0,0.0,0.0,0.0,0.0,0.0,0.0,0.0,1.0,0.0,0.0,0.0,0.0,0.0,0.0,0.0,0.0
2191,2000-05-24,SZSE:002091,0.0,0.0,0.0,0.0,0.0,0.0,0.0,0.0,0.0,0.0,0.0,0.0,0.0,0.0,0.0,0.0,0.0,0.0,0.0,0.0,0.0,0.0,0.0,0.0,0.0,0.0,0.0,0.0,1.0,0.0,0.0,0.0,0.0,0.0,0.0,0.0,0.0
2192,2000-05-25,SZSE:002091,0.0,0.0,0.0,0.0,0.0,0.0,0.0,0.0,0.0,0.0,0.0,0.0,0.0,0.0,0.0,0.0,0.0,0.0,0.0,0.0,0.0,0.0,0.0,0.0,0.0,0.0,0.0,0.0,1.0,0.0,0.0,0.0,0.0,0.0,0.0,0.0,0.0
2193,2000-05-26,SZSE:002091,0.0,0.0,0.0,0.0,0.0,0.0,0.0,0.0,0.0,0.0,0.0,0.0,0.0,0.0,0.0,0.0,0.0,0.0,0.0,0.0,0.0,0.0,0.0,0.0,0.0,0.0,0.0,0.0,1.0,0.0,0.0,0.0,0.0,0.0,0.0,0.0,0.0
2194,2000-05-29,SZSE:002091,0.0,0.0,0.0,0.0,0.0,0.0,0.0,0.0,0.0,0.0,0.0,0.0,0.0,0.0,0.0,0.0,0.0,0.0,0.0,0.0,0.0,0.0,0.0,0.0,0.0,0.0,0.0,0.0,1.0,0.0,0.0,0.0,0.0,0.0,0.0,0.0,0.0
2195,2000-05-30,SZSE:002091,0.0,0.0,0.0,0.0,0.0,0.0,0.0,0.0,0.0,0.0,0.0,0.0,0.0,0.0,0.0,0.0,0.0,0.0,0.0,0.0,0.0,0.0,0.0,0.0,0.0,0.0,0.0,0.0,1.0,0.0,0.0,0.0,0.0,0.0,0.0,0.0,0.0
2196,2000-05-31,SZSE:002091,0.0,0.0,0.0,0.0,0.0,0.0,0.0,0.0,0.0,0.0,0.0,0.0,0.0,0.0,0.0,0.0,0.0,0.0,0.0,0.0,0.0,0.0,0.0,0.0,0.0,0.0,0.0,0.0,1.0,0.0,0.0,0.0,0.0,0.0,0.0,0.0,0.0
2197,2000-06-01,SZSE:002091,0.0,0.0,0.0,0.0,0.0,0.0,0.0,0.0,0.0,0.0,0.0,0.0,0.0,0.0,0.0,0.0,0.0,0.0,0.0,0.0,0.0,0.0,0.0,0.0,0.0,0.0,0.0,0.0,1.0,0.0,0.0,0.0,0.0,0.0,0.0,0.0,0.0
2198,2000-06-02,SZSE:002091,0.0,0.0,0.0,0.0,0.0,0.0,0.0,0.0,0.0,0.0,0.0,0.0,0.0,0.0,0.0,0.0,0.0,0.0,0.0,0.0,0.0,0.0,0.0,0.0,0.0,0.0,0.0,0.0,1.0,0.0,0.0,0.0,0.0,0.0,0.0,0.0,0.0
2199,2000-06-05,SZSE:002091,0.0,0.0,0.0,0.0,0.0,0.0,0.0,0.0,0.0,0.0,0.0,0.0,0.0,0.0,0.0,0.0,0.0,0.0,0.0,0.0,0.0,0.0,0.0,0.0,0.0,0.0,0.0,0.0,1.0,0.0,0.0,0.0,0.0,0.0,0.0,0.0,0.0
2200,2000-06-06,SZSE:002091,0.0,0.0,0.0,0.0,0.0,0.0,0.0,0.0,0.0,0.0,0.0,0.0,0.0,0.0,0.0,0.0,0.0,0.0,0.0,0.0,0.0,0.0,0.0,0.0,0.0,0.0,0.0,0.0,1.0,0.0,0.0,0.0,0.0,0.0,0.0,0.0,0.0
2201,2000-06-07,SZSE:002091,0.0,0.0,0.0,0.0,0.0,0.0,0.0,0.0,0.0,0.0,0.0,0.0,0.0,0.0,0.0,0.0,0.0,0.0,0.0,0.0,0.0,0.0,0.0,0.0,0.0,0.0,0.0,0.0,1.0,0.0,0.0,0.0,0.0,0.0,0.0,0.0,0.0
2202,2000-06-08,SZSE:002091,0.0,0.0,0.0,0.0,0.0,0.0,0.0,0.0,0.0,0.0,0.0,0.0,0.0,0.0,0.0,0.0,0.0,0.0,0.0,0.0,0.0,0.0,0.0,0.0,0.0,0.0,0.0,0.0,1.0,0.0,0.0,0.0,0.0,0.0,0.0,0.0,0.0
2203,2000-06-09,SZSE:002091,0.0,0.0,0.0,0.0,0.0,0.0,0.0,0.0,0.0,0.0,0.0,0.0,0.0,0.0,0.0,0.0,0.0,0.0,0.0,0.0,0.0,0.0,0.0,0.0,0.0,0.0,0.0,0.0,1.0,0.0,0.0,0.0,0.0,0.0,0.0,0.0,0.0
2204,2000-06-12,SZSE:002091,0.0,0.0,0.0,0.0,0.0,0.0,0.0,0.0,0.0,0.0,0.0,0.0,0.0,0.0,0.0,0.0,0.0,0.0,0.0,0.0,0.0,0.0,0.0,0.0,0.0,0.0,0.0,0.0,1.0,0.0,0.0,0.0,0.0,0.0,0.0,0.0,0.0
2205,2000-06-13,SZSE:002091,0.0,0.0,0.0,0.0,0.0,0.0,0.0,0.0,0.0,0.0,0.0,0.0,0.0,0.0,0.0,0.0,0.0,0.0,0.0,0.0,0.0,0.0,0.0,0.0,0.0,0.0,0.0,0.0,1.0,0.0,0.0,0.0,0.0,0.0,0.0,0.0,0.0
2206,2000-06-14,SZSE:002091,0.0,0.0,0.0,0.0,0.0,0.0,0.0,0.0,0.0,0.0,0.0,0.0,0.0,0.0,0.0,0.0,0.0,0.0,0.0,0.0,0.0,0.0,0.0,0.0,0.0,0.0,0.0,0.0,1.0,0.0,0.0,0.0,0.0,0.0,0.0,0.0,0.0
2207,2000-06-15,SZSE:002091,0.0,0.0,0.0,0.0,0.0,0.0,0.0,0.0,0.0,0.0,0.0,0.0,0.0,0.0,0.0,0.0,0.0,0.0,0.0,0.0,0.0,0.0,0.0,0.0,0.0,0.0,0.0,0.0,1.0,0.0,0.0,0.0,0.0,0.0,0.0,0.0,0.0
2208,2000-06-16,SZSE:002091,0.0,0.0,0.0,0.0,0.0,0.0,0.0,0.0,0.0,0.0,0.0,0.0,0.0,0.0,0.0,0.0,0.0,0.0,0.0,0.0,0.0,0.0,0.0,0.0,0.0,0.0,0.0,0.0,1.0,0.0,0.0,0.0,0.0,0.0,0.0,0.0,0.0
2209,2000-06-19,SZSE:002091,0.0,0.0,0.0,0.0,0.0,0.0,0.0,0.0,0.0,0.0,0.0,0.0,0.0,0.0,0.0,0.0,0.0,0.0,0.0,0.0,0.0,0.0,0.0,0.0,0.0,0.0,0.0,0.0,1.0,0.0,0.0,0.0,0.0,0.0,0.0,0.0,0.0
2210,2000-06-20,SZSE:002091,0.0,0.0,0.0,0.0,0.0,0.0,0.0,0.0,0.0,0.0,0.0,0.0,0.0,0.0,0.0,0.0,0.0,0.0,0.0,0.0,0.0,0.0,0.0,0.0,0.0,0.0,0.0,0.0,1.0,0.0,0.0,0.0,0.0,0.0,0.0,0.0,0.0
2211,2000-06-21,SZSE:002091,0.0,0.0,0.0,0.0,0.0,0.0,0.0,0.0,0.0,0.0,0.0,0.0,0.0,0.0,0.0,0.0,0.0,0.0,0.0,0.0,0.0,0.0,0.0,0.0,0.0,0.0,0.0,0.0,1.0,0.0,0.0,0.0,0.0,0.0,0.0,0.0,0.0
2212,2000-06-22,SZSE:002091,0.0,0.0,0.0,0.0,0.0,0.0,0.0,0.0,0.0,0.0,0.0,0.0,0.0,0.0,0.0,0.0,0.0,0.0,0.0,0.0,0.0,0.0,0.0,0.0,0.0,0.0,0.0,0.0,1.0,0.0,0.0,0.0,0.0,0.0,0.0,0.0,0.0
2213,2000-06-23,SZSE:002091,0.0,0.0,0.0,0.0,0.0,0.0,0.0,0.0,0.0,0.0,0.0,0.0,0.0,0.0,0.0,0.0,0.0,0.0,0.0,0.0,0.0,0.0,0.0,0.0,0.0,0.0,0.0,0.0,1.0,0.0,0.0,0.0,0.0,0.0,0.0,0.0,0.0
2214,2000-06-26,SZSE:002091,0.0,0.0,0.0,0.0,0.0,0.0,0.0,0.0,0.0,0.0,0.0,0.0,0.0,0.0,0.0,0.0,0.0,0.0,0.0,0.0,0.0,0.0,0.0,0.0,0.0,0.0,0.0,0.0,1.0,0.0,0.0,0.0,0.0,0.0,0.0,0.0,0.0
2215,2000-06-27,SZSE:002091,0.0,0.0,0.0,0.0,0.0,0.0,0.0,0.0,0.0,0.0,0.0,0.0,0.0,0.0,0.0,0.0,0.0,0.0,0.0,0.0,0.0,0.0,0.0,0.0,0.0,0.0,0.0,0.0,1.0,0.0,0.0,0.0,0.0,0.0,0.0,0.0,0.0
2216,2000-06-28,SZSE:002091,0.0,0.0,0.0,0.0,0.0,0.0,0.0,0.0,0.0,0.0,0.0,0.0,0.0,0.0,0.0,0.0,0.0,0.0,0.0,0.0,0.0,0.0,0.0,0.0,0.0,0.0,0.0,0.0,1.0,0.0,0.0,0.0,0.0,0.0,0.0,0.0,0.0
2217,2000-06-29,SZSE:002091,0.0,0.0,0.0,0.0,0.0,0.0,0.0,0.0,0.0,0.0,0.0,0.0,0.0,0.0,0.0,0.0,0.0,0.0,0.0,0.0,0.0,0.0,0.0,0.0,0.0,0.0,0.0,0.0,1.0,0.0,0.0,0.0,0.0,0.0,0.0,0.0,0.0
2218,2000-06-30,SZSE:002091,0.0,0.0,0.0,0.0,0.0,0.0,0.0,0.0,0.0,0.0,0.0,0.0,0.0,0.0,0.0,0.0,0.0,0.0,0.0,0.0,0.0,0.0,0.0,0.0,0.0,0.0,0.0,0.0,1.0,0.0,0.0,0.0,0.0,0.0,0.0,0.0,0.0
2219,2000-07-03,SZSE:002091,0.0,0.0,0.0,0.0,0.0,0.0,0.0,0.0,0.0,0.0,0.0,0.0,0.0,0.0,0.0,0.0,0.0,0.0,0.0,0.0,0.0,0.0,0.0,0.0,0.0,0.0,0.0,0.0,1.0,0.0,0.0,0.0,0.0,0.0,0.0,0.0,0.0
2220,2000-07-04,SZSE:002091,0.0,0.0,0.0,0.0,0.0,0.0,0.0,0.0,0.0,0.0,0.0,0.0,0.0,0.0,0.0,0.0,0.0,0.0,0.0,0.0,0.0,0.0,0.0,0.0,0.0,0.0,0.0,0.0,1.0,0.0,0.0,0.0,0.0,0.0,0.0,0.0,0.0
2221,2000-07-05,SZSE:002091,0.0,0.0,0.0,0.0,0.0,0.0,0.0,0.0,0.0,0.0,0.0,0.0,0.0,0.0,0.0,0.0,0.0,0.0,0.0,0.0,0.0,0.0,0.0,0.0,0.0,0.0,0.0,0.0,1.0,0.0,0.0,0.0,0.0,0.0,0.0,0.0,0.0
2222,2000-07-06,SZSE:002091,0.0,0.0,0.0,0.0,0.0,0.0,0.0,0.0,0.0,0.0,0.0,0.0,0.0,0.0,0.0,0.0,0.0,0.0,0.0,0.0,0.0,0.0,0.0,0.0,0.0,0.0,0.0,0.0,1.0,0.0,0.0,0.0,0.0,0.0,0.0,0.0,0.0
2223,2000-07-07,SZSE:002091,0.0,0.0,0.0,0.0,0.0,0.0,0.0,0.0,0.0,0.0,0.0,0.0,0.0,0.0,0.0,0.0,0.0,0.0,0.0,0.0,0.0,0.0,0.0,0.0,0.0,0.0,0.0,0.0,1.0,0.0,0.0,0.0,0.0,0.0,0.0,0.0,0.0
2224,2000-07-10,SZSE:002091,0.0,0.0,0.0,0.0,0.0,0.0,0.0,0.0,0.0,0.0,0.0,0.0,0.0,0.0,0.0,0.0,0.0,0.0,0.0,0.0,0.0,0.0,0.0,0.0,0.0,0.0,0.0,0.0,1.0,0.0,0.0,0.0,0.0,0.0,0.0,0.0,0.0
2225,2000-07-11,SZSE:002091,0.0,0.0,0.0,0.0,0.0,0.0,0.0,0.0,0.0,0.0,0.0,0.0,0.0,0.0,0.0,0.0,0.0,0.0,0.0,0.0,0.0,0.0,0.0,0.0,0.0,0.0,0.0,0.0,1.0,0.0,0.0,0.0,0.0,0.0,0.0,0.0,0.0
2226,2000-07-12,SZSE:002091,0.0,0.0,0.0,0.0,0.0,0.0,0.0,0.0,0.0,0.0,0.0,0.0,0.0,0.0,0.0,0.0,0.0,0.0,0.0,0.0,0.0,0.0,0.0,0.0,0.0,0.0,0.0,0.0,1.0,0.0,0.0,0.0,0.0,0.0,0.0,0.0,0.0
2227,2000-07-13,SZSE:002091,0.0,0.0,0.0,0.0,0.0,0.0,0.0,0.0,0.0,0.0,0.0,0.0,0.0,0.0,0.0,0.0,0.0,0.0,0.0,0.0,0.0,0.0,0.0,0.0,0.0,0.0,0.0,0.0,1.0,0.0,0.0,0.0,0.0,0.0,0.0,0.0,0.0
2228,2000-07-14,SZSE:002091,0.0,0.0,0.0,0.0,0.0,0.0,0.0,0.0,0.0,0.0,0.0,0.0,0.0,0.0,0.0,0.0,0.0,0.0,0.0,0.0,0.0,0.0,0.0,0.0,0.0,0.0,0.0,0.0,1.0,0.0,0.0,0.0,0.0,0.0,0.0,0.0,0.0
2229,2000-07-17,SZSE:002091,0.0,0.0,0.0,0.0,0.0,0.0,0.0,0.0,0.0,0.0,0.0,0.0,0.0,0.0,0.0,0.0,0.0,0.0,0.0,0.0,0.0,0.0,0.0,0.0,0.0,0.0,0.0,0.0,1.0,0.0,0.0,0.0,0.0,0.0,0.0,0.0,0.0
2230,2000-07-18,SZSE:002091,0.0,0.0,0.0,0.0,0.0,0.0,0.0,0.0,0.0,0.0,0.0,0.0,0.0,0.0,0.0,0.0,0.0,0.0,0.0,0.0,0.0,0.0,0.0,0.0,0.0,0.0,0.0,0.0,1.0,0.0,0.0,0.0,0.0,0.0,0.0,0.0,0.0
2231,2000-07-19,SZSE:002091,0.0,0.0,0.0,0.0,0.0,0.0,0.0,0.0,0.0,0.0,0.0,0.0,0.0,0.0,0.0,0.0,0.0,0.0,0.0,0.0,0.0,0.0,0.0,0.0,0.0,0.0,0.0,0.0,1.0,0.0,0.0,0.0,0.0,0.0,0.0,0.0,0.0
2232,2000-07-20,SZSE:002091,0.0,0.0,0.0,0.0,0.0,0.0,0.0,0.0,0.0,0.0,0.0,0.0,0.0,0.0,0.0,0.0,0.0,0.0,0.0,0.0,0.0,0.0,0.0,0.0,0.0,0.0,0.0,0.0,1.0,0.0,0.0,0.0,0.0,0.0,0.0,0.0,0.0
2233,2000-07-21,SZSE:002091,0.0,0.0,0.0,0.0,0.0,0.0,0.0,0.0,0.0,0.0,0.0,0.0,0.0,0.0,0.0,0.0,0.0,0.0,0.0,0.0,0.0,0.0,0.0,0.0,0.0,0.0,0.0,0.0,1.0,0.0,0.0,0.0,0.0,0.0,0.0,0.0,0.0
2234,2000-07-24,SZSE:002091,0.0,0.0,0.0,0.0,0.0,0.0,0.0,0.0,0.0,0.0,0.0,0.0,0.0,0.0,0.0,0.0,0.0,0.0,0.0,0.0,0.0,0.0,0.0,0.0,0.0,0.0,0.0,0.0,1.0,0.0,0.0,0.0,0.0,0.0,0.0,0.0,0.0
2235,2000-07-25,SZSE:002091,0.0,0.0,0.0,0.0,0.0,0.0,0.0,0.0,0.0,0.0,0.0,0.0,0.0,0.0,0.0,0.0,0.0,0.0,0.0,0.0,0.0,0.0,0.0,0.0,0.0,0.0,0.0,0.0,1.0,0.0,0.0,0.0,0.0,0.0,0.0,0.0,0.0
2236,2000-07-26,SZSE:002091,0.0,0.0,0.0,0.0,0.0,0.0,0.0,0.0,0.0,0.0,0.0,0.0,0.0,0.0,0.0,0.0,0.0,0.0,0.0,0.0,0.0,0.0,0.0,0.0,0.0,0.0,0.0,0.0,1.0,0.0,0.0,0.0,0.0,0.0,0.0,0.0,0.0
2237,2000-07-27,SZSE:002091,0.0,0.0,0.0,0.0,0.0,0.0,0.0,0.0,0.0,0.0,0.0,0.0,0.0,0.0,0.0,0.0,0.0,0.0,0.0,0.0,0.0,0.0,0.0,0.0,0.0,0.0,0.0,0.0,1.0,0.0,0.0,0.0,0.0,0.0,0.0,0.0,0.0
2238,2000-07-28,SZSE:002091,0.0,0.0,0.0,0.0,0.0,0.0,0.0,0.0,0.0,0.0,0.0,0.0,0.0,0.0,0.0,0.0,0.0,0.0,0.0,0.0,0.0,0.0,0.0,0.0,0.0,0.0,0.0,0.0,1.0,0.0,0.0,0.0,0.0,0.0,0.0,0.0,0.0
2239,2000-07-31,SZSE:002091,0.0,0.0,0.0,0.0,0.0,0.0,0.0,0.0,0.0,0.0,0.0,0.0,0.0,0.0,0.0,0.0,0.0,0.0,0.0,0.0,0.0,0.0,0.0,0.0,0.0,0.0,0.0,0.0,1.0,0.0,0.0,0.0,0.0,0.0,0.0,0.0,0.0
2240,2000-08-01,SZSE:002091,0.0,0.0,0.0,0.0,0.0,0.0,0.0,0.0,0.0,0.0,0.0,0.0,0.0,0.0,0.0,0.0,0.0,0.0,0.0,0.0,0.0,0.0,0.0,0.0,0.0,0.0,0.0,0.0,1.0,0.0,0.0,0.0,0.0,0.0,0.0,0.0,0.0
2241,2000-08-02,SZSE:002091,0.0,0.0,0.0,0.0,0.0,0.0,0.0,0.0,0.0,0.0,0.0,0.0,0.0,0.0,0.0,0.0,0.0,0.0,0.0,0.0,0.0,0.0,0.0,0.0,0.0,0.0,0.0,0.0,1.0,0.0,0.0,0.0,0.0,0.0,0.0,0.0,0.0
2242,2000-08-03,SZSE:002091,0.0,0.0,0.0,0.0,0.0,0.0,0.0,0.0,0.0,0.0,0.0,0.0,0.0,0.0,0.0,0.0,0.0,0.0,0.0,0.0,0.0,0.0,0.0,0.0,0.0,0.0,0.0,0.0,1.0,0.0,0.0,0.0,0.0,0.0,0.0,0.0,0.0
2243,2000-08-04,SZSE:002091,0.0,0.0,0.0,0.0,0.0,0.0,0.0,0.0,0.0,0.0,0.0,0.0,0.0,0.0,0.0,0.0,0.0,0.0,0.0,0.0,0.0,0.0,0.0,0.0,0.0,0.0,0.0,0.0,1.0,0.0,0.0,0.0,0.0,0.0,0.0,0.0,0.0
2244,2000-08-07,SZSE:002091,0.0,0.0,0.0,0.0,0.0,0.0,0.0,0.0,0.0,0.0,0.0,0.0,0.0,0.0,0.0,0.0,0.0,0.0,0.0,0.0,0.0,0.0,0.0,0.0,0.0,0.0,0.0,0.0,1.0,0.0,0.0,0.0,0.0,0.0,0.0,0.0,0.0
2245,2000-08-08,SZSE:002091,0.0,0.0,0.0,0.0,0.0,0.0,0.0,0.0,0.0,0.0,0.0,0.0,0.0,0.0,0.0,0.0,0.0,0.0,0.0,0.0,0.0,0.0,0.0,0.0,0.0,0.0,0.0,0.0,1.0,0.0,0.0,0.0,0.0,0.0,0.0,0.0,0.0
2246,2000-08-09,SZSE:002091,0.0,0.0,0.0,0.0,0.0,0.0,0.0,0.0,0.0,0.0,0.0,0.0,0.0,0.0,0.0,0.0,0.0,0.0,0.0,0.0,0.0,0.0,0.0,0.0,0.0,0.0,0.0,0.0,1.0,0.0,0.0,0.0,0.0,0.0,0.0,0.0,0.0
2247,2000-08-10,SZSE:002091,0.0,0.0,0.0,0.0,0.0,0.0,0.0,0.0,0.0,0.0,0.0,0.0,0.0,0.0,0.0,0.0,0.0,0.0,0.0,0.0,0.0,0.0,0.0,0.0,0.0,0.0,0.0,0.0,1.0,0.0,0.0,0.0,0.0,0.0,0.0,0.0,0.0
2248,2000-08-11,SZSE:002091,0.0,0.0,0.0,0.0,0.0,0.0,0.0,0.0,0.0,0.0,0.0,0.0,0.0,0.0,0.0,0.0,0.0,0.0,0.0,0.0,0.0,0.0,0.0,0.0,0.0,0.0,0.0,0.0,1.0,0.0,0.0,0.0,0.0,0.0,0.0,0.0,0.0
2249,2000-08-14,SZSE:002091,0.0,0.0,0.0,0.0,0.0,0.0,0.0,0.0,0.0,0.0,0.0,0.0,0.0,0.0,0.0,0.0,0.0,0.0,0.0,0.0,0.0,0.0,0.0,0.0,0.0,0.0,0.0,0.0,1.0,0.0,0.0,0.0,0.0,0.0,0.0,0.0,0.0
2250,2000-08-15,SZSE:002091,0.0,0.0,0.0,0.0,0.0,0.0,0.0,0.0,0.0,0.0,0.0,0.0,0.0,0.0,0.0,0.0,0.0,0.0,0.0,0.0,0.0,0.0,0.0,0.0,0.0,0.0,0.0,0.0,1.0,0.0,0.0,0.0,0.0,0.0,0.0,0.0,0.0
2251,2000-08-16,SZSE:002091,0.0,0.0,0.0,0.0,0.0,0.0,0.0,0.0,0.0,0.0,0.0,0.0,0.0,0.0,0.0,0.0,0.0,0.0,0.0,0.0,0.0,0.0,0.0,0.0,0.0,0.0,0.0,0.0,1.0,0.0,0.0,0.0,0.0,0.0,0.0,0.0,0.0
2252,2000-08-17,SZSE:002091,0.0,0.0,0.0,0.0,0.0,0.0,0.0,0.0,0.0,0.0,0.0,0.0,0.0,0.0,0.0,0.0,0.0,0.0,0.0,0.0,0.0,0.0,0.0,0.0,0.0,0.0,0.0,0.0,1.0,0.0,0.0,0.0,0.0,0.0,0.0,0.0,0.0
2253,2000-08-18,SZSE:002091,0.0,0.0,0.0,0.0,0.0,0.0,0.0,0.0,0.0,0.0,0.0,0.0,0.0,0.0,0.0,0.0,0.0,0.0,0.0,0.0,0.0,0.0,0.0,0.0,0.0,0.0,0.0,0.0,1.0,0.0,0.0,0.0,0.0,0.0,0.0,0.0,0.0
2254,2000-08-21,SZSE:002091,0.0,0.0,0.0,0.0,0.0,0.0,0.0,0.0,0.0,0.0,0.0,0.0,0.0,0.0,0.0,0.0,0.0,0.0,0.0,0.0,0.0,0.0,0.0,0.0,0.0,0.0,0.0,0.0,1.0,0.0,0.0,0.0,0.0,0.0,0.0,0.0,0.0
2255,2000-08-22,SZSE:002091,0.0,0.0,0.0,0.0,0.0,0.0,0.0,0.0,0.0,0.0,0.0,0.0,0.0,0.0,0.0,0.0,0.0,0.0,0.0,0.0,0.0,0.0,0.0,0.0,0.0,0.0,0.0,0.0,1.0,0.0,0.0,0.0,0.0,0.0,0.0,0.0,0.0
2256,2000-08-23,SZSE:002091,0.0,0.0,0.0,0.0,0.0,0.0,0.0,0.0,0.0,0.0,0.0,0.0,0.0,0.0,0.0,0.0,0.0,0.0,0.0,0.0,0.0,0.0,0.0,0.0,0.0,0.0,0.0,0.0,1.0,0.0,0.0,0.0,0.0,0.0,0.0,0.0,0.0
2257,2000-08-24,SZSE:002091,0.0,0.0,0.0,0.0,0.0,0.0,0.0,0.0,0.0,0.0,0.0,0.0,0.0,0.0,0.0,0.0,0.0,0.0,0.0,0.0,0.0,0.0,0.0,0.0,0.0,0.0,0.0,0.0,1.0,0.0,0.0,0.0,0.0,0.0,0.0,0.0,0.0
2258,2000-08-25,SZSE:002091,0.0,0.0,0.0,0.0,0.0,0.0,0.0,0.0,0.0,0.0,0.0,0.0,0.0,0.0,0.0,0.0,0.0,0.0,0.0,0.0,0.0,0.0,0.0,0.0,0.0,0.0,0.0,0.0,1.0,0.0,0.0,0.0,0.0,0.0,0.0,0.0,0.0
2259,2000-08-28,SZSE:002091,0.0,0.0,0.0,0.0,0.0,0.0,0.0,0.0,0.0,0.0,0.0,0.0,0.0,0.0,0.0,0.0,0.0,0.0,0.0,0.0,0.0,0.0,0.0,0.0,0.0,0.0,0.0,0.0,1.0,0.0,0.0,0.0,0.0,0.0,0.0,0.0,0.0
2260,2000-08-29,SZSE:002091,0.0,0.0,0.0,0.0,0.0,0.0,0.0,0.0,0.0,0.0,0.0,0.0,0.0,0.0,0.0,0.0,0.0,0.0,0.0,0.0,0.0,0.0,0.0,0.0,0.0,0.0,0.0,0.0,1.0,0.0,0.0,0.0,0.0,0.0,0.0,0.0,0.0
2261,2000-08-30,SZSE:002091,0.0,0.0,0.0,0.0,0.0,0.0,0.0,0.0,0.0,0.0,0.0,0.0,0.0,0.0,0.0,0.0,0.0,0.0,0.0,0.0,0.0,0.0,0.0,0.0,0.0,0.0,0.0,0.0,1.0,0.0,0.0,0.0,0.0,0.0,0.0,0.0,0.0
2262,2000-08-31,SZSE:002091,0.0,0.0,0.0,0.0,0.0,0.0,0.0,0.0,0.0,0.0,0.0,0.0,0.0,0.0,0.0,0.0,0.0,0.0,0.0,0.0,0.0,0.0,0.0,0.0,0.0,0.0,0.0,0.0,1.0,0.0,0.0,0.0,0.0,0.0,0.0,0.0,0.0
2263,2000-09-01,SZSE:002091,0.0,0.0,0.0,0.0,0.0,0.0,0.0,0.0,0.0,0.0,0.0,0.0,0.0,0.0,0.0,0.0,0.0,0.0,0.0,0.0,0.0,0.0,0.0,0.0,0.0,0.0,0.0,0.0,1.0,0.0,0.0,0.0,0.0,0.0,0.0,0.0,0.0
2264,2000-09-04,SZSE:002091,0.0,0.0,0.0,0.0,0.0,0.0,0.0,0.0,0.0,0.0,0.0,0.0,0.0,0.0,0.0,0.0,0.0,0.0,0.0,0.0,0.0,0.0,0.0,0.0,0.0,0.0,0.0,0.0,1.0,0.0,0.0,0.0,0.0,0.0,0.0,0.0,0.0
2265,2000-09-05,SZSE:002091,0.0,0.0,0.0,0.0,0.0,0.0,0.0,0.0,0.0,0.0,0.0,0.0,0.0,0.0,0.0,0.0,0.0,0.0,0.0,0.0,0.0,0.0,0.0,0.0,0.0,0.0,0.0,0.0,1.0,0.0,0.0,0.0,0.0,0.0,0.0,0.0,0.0
2266,2000-09-06,SZSE:002091,0.0,0.0,0.0,0.0,0.0,0.0,0.0,0.0,0.0,0.0,0.0,0.0,0.0,0.0,0.0,0.0,0.0,0.0,0.0,0.0,0.0,0.0,0.0,0.0,0.0,0.0,0.0,0.0,1.0,0.0,0.0,0.0,0.0,0.0,0.0,0.0,0.0
2267,2000-09-07,SZSE:002091,0.0,0.0,0.0,0.0,0.0,0.0,0.0,0.0,0.0,0.0,0.0,0.0,0.0,0.0,0.0,0.0,0.0,0.0,0.0,0.0,0.0,0.0,0.0,0.0,0.0,0.0,0.0,0.0,1.0,0.0,0.0,0.0,0.0,0.0,0.0,0.0,0.0
2268,2000-09-08,SZSE:002091,0.0,0.0,0.0,0.0,0.0,0.0,0.0,0.0,0.0,0.0,0.0,0.0,0.0,0.0,0.0,0.0,0.0,0.0,0.0,0.0,0.0,0.0,0.0,0.0,0.0,0.0,0.0,0.0,1.0,0.0,0.0,0.0,0.0,0.0,0.0,0.0,0.0
2269,2000-09-11,SZSE:002091,0.0,0.0,0.0,0.0,0.0,0.0,0.0,0.0,0.0,0.0,0.0,0.0,0.0,0.0,0.0,0.0,0.0,0.0,0.0,0.0,0.0,0.0,0.0,0.0,0.0,0.0,0.0,0.0,1.0,0.0,0.0,0.0,0.0,0.0,0.0,0.0,0.0
2270,2000-09-12,SZSE:002091,0.0,0.0,0.0,0.0,0.0,0.0,0.0,0.0,0.0,0.0,0.0,0.0,0.0,0.0,0.0,0.0,0.0,0.0,0.0,0.0,0.0,0.0,0.0,0.0,0.0,0.0,0.0,0.0,1.0,0.0,0.0,0.0,0.0,0.0,0.0,0.0,0.0
2271,2000-09-13,SZSE:002091,0.0,0.0,0.0,0.0,0.0,0.0,0.0,0.0,0.0,0.0,0.0,0.0,0.0,0.0,0.0,0.0,0.0,0.0,0.0,0.0,0.0,0.0,0.0,0.0,0.0,0.0,0.0,0.0,1.0,0.0,0.0,0.0,0.0,0.0,0.0,0.0,0.0
2272,2000-09-14,SZSE:002091,0.0,0.0,0.0,0.0,0.0,0.0,0.0,0.0,0.0,0.0,0.0,0.0,0.0,0.0,0.0,0.0,0.0,0.0,0.0,0.0,0.0,0.0,0.0,0.0,0.0,0.0,0.0,0.0,1.0,0.0,0.0,0.0,0.0,0.0,0.0,0.0,0.0
2273,2000-09-15,SZSE:002091,0.0,0.0,0.0,0.0,0.0,0.0,0.0,0.0,0.0,0.0,0.0,0.0,0.0,0.0,0.0,0.0,0.0,0.0,0.0,0.0,0.0,0.0,0.0,0.0,0.0,0.0,0.0,0.0,1.0,0.0,0.0,0.0,0.0,0.0,0.0,0.0,0.0
2274,2000-09-18,SZSE:002091,0.0,0.0,0.0,0.0,0.0,0.0,0.0,0.0,0.0,0.0,0.0,0.0,0.0,0.0,0.0,0.0,0.0,0.0,0.0,0.0,0.0,0.0,0.0,0.0,0.0,0.0,0.0,0.0,1.0,0.0,0.0,0.0,0.0,0.0,0.0,0.0,0.0
2275,2000-09-19,SZSE:002091,0.0,0.0,0.0,0.0,0.0,0.0,0.0,0.0,0.0,0.0,0.0,0.0,0.0,0.0,0.0,0.0,0.0,0.0,0.0,0.0,0.0,0.0,0.0,0.0,0.0,0.0,0.0,0.0,1.0,0.0,0.0,0.0,0.0,0.0,0.0,0.0,0.0
2276,2000-09-20,SZSE:002091,0.0,0.0,0.0,0.0,0.0,0.0,0.0,0.0,0.0,0.0,0.0,0.0,0.0,0.0,0.0,0.0,0.0,0.0,0.0,0.0,0.0,0.0,0.0,0.0,0.0,0.0,0.0,0.0,1.0,0.0,0.0,0.0,0.0,0.0,0.0,0.0,0.0
2277,2000-09-21,SZSE:002091,0.0,0.0,0.0,0.0,0.0,0.0,0.0,0.0,0.0,0.0,0.0,0.0,0.0,0.0,0.0,0.0,0.0,0.0,0.0,0.0,0.0,0.0,0.0,0.0,0.0,0.0,0.0,0.0,1.0,0.0,0.0,0.0,0.0,0.0,0.0,0.0,0.0
2278,2000-09-22,SZSE:002091,0.0,0.0,0.0,0.0,0.0,0.0,0.0,0.0,0.0,0.0,0.0,0.0,0.0,0.0,0.0,0.0,0.0,0.0,0.0,0.0,0.0,0.0,0.0,0.0,0.0,0.0,0.0,0.0,1.0,0.0,0.0,0.0,0.0,0.0,0.0,0.0,0.0
2279,2000-09-25,SZSE:002091,0.0,0.0,0.0,0.0,0.0,0.0,0.0,0.0,0.0,0.0,0.0,0.0,0.0,0.0,0.0,0.0,0.0,0.0,0.0,0.0,0.0,0.0,0.0,0.0,0.0,0.0,0.0,0.0,1.0,0.0,0.0,0.0,0.0,0.0,0.0,0.0,0.0
2280,2000-09-26,SZSE:002091,0.0,0.0,0.0,0.0,0.0,0.0,0.0,0.0,0.0,0.0,0.0,0.0,0.0,0.0,0.0,0.0,0.0,0.0,0.0,0.0,0.0,0.0,0.0,0.0,0.0,0.0,0.0,0.0,1.0,0.0,0.0,0.0,0.0,0.0,0.0,0.0,0.0
2281,2000-09-27,SZSE:002091,0.0,0.0,0.0,0.0,0.0,0.0,0.0,0.0,0.0,0.0,0.0,0.0,0.0,0.0,0.0,0.0,0.0,0.0,0.0,0.0,0.0,0.0,0.0,0.0,0.0,0.0,0.0,0.0,1.0,0.0,0.0,0.0,0.0,0.0,0.0,0.0,0.0
2282,2000-09-28,SZSE:002091,0.0,0.0,0.0,0.0,0.0,0.0,0.0,0.0,0.0,0.0,0.0,0.0,0.0,0.0,0.0,0.0,0.0,0.0,0.0,0.0,0.0,0.0,0.0,0.0,0.0,0.0,0.0,0.0,1.0,0.0,0.0,0.0,0.0,0.0,0.0,0.0,0.0
2283,2000-09-29,SZSE:002091,0.0,0.0,0.0,0.0,0.0,0.0,0.0,0.0,0.0,0.0,0.0,0.0,0.0,0.0,0.0,0.0,0.0,0.0,0.0,0.0,0.0,0.0,0.0,0.0,0.0,0.0,0.0,0.0,1.0,0.0,0.0,0.0,0.0,0.0,0.0,0.0,0.0
2284,2000-10-02,SZSE:002091,0.0,0.0,0.0,0.0,0.0,0.0,0.0,0.0,0.0,0.0,0.0,0.0,0.0,0.0,0.0,0.0,0.0,0.0,0.0,0.0,0.0,0.0,0.0,0.0,0.0,0.0,0.0,0.0,1.0,0.0,0.0,0.0,0.0,0.0,0.0,0.0,0.0
2285,2000-10-03,SZSE:002091,0.0,0.0,0.0,0.0,0.0,0.0,0.0,0.0,0.0,0.0,0.0,0.0,0.0,0.0,0.0,0.0,0.0,0.0,0.0,0.0,0.0,0.0,0.0,0.0,0.0,0.0,0.0,0.0,1.0,0.0,0.0,0.0,0.0,0.0,0.0,0.0,0.0
2286,2000-10-04,SZSE:002091,0.0,0.0,0.0,0.0,0.0,0.0,0.0,0.0,0.0,0.0,0.0,0.0,0.0,0.0,0.0,0.0,0.0,0.0,0.0,0.0,0.0,0.0,0.0,0.0,0.0,0.0,0.0,0.0,1.0,0.0,0.0,0.0,0.0,0.0,0.0,0.0,0.0
2287,2000-10-05,SZSE:002091,0.0,0.0,0.0,0.0,0.0,0.0,0.0,0.0,0.0,0.0,0.0,0.0,0.0,0.0,0.0,0.0,0.0,0.0,0.0,0.0,0.0,0.0,0.0,0.0,0.0,0.0,0.0,0.0,1.0,0.0,0.0,0.0,0.0,0.0,0.0,0.0,0.0
2288,2000-10-06,SZSE:002091,0.0,0.0,0.0,0.0,0.0,0.0,0.0,0.0,0.0,0.0,0.0,0.0,0.0,0.0,0.0,0.0,0.0,0.0,0.0,0.0,0.0,0.0,0.0,0.0,0.0,0.0,0.0,0.0,1.0,0.0,0.0,0.0,0.0,0.0,0.0,0.0,0.0
2289,2000-10-09,SZSE:002091,0.0,0.0,0.0,0.0,0.0,0.0,0.0,0.0,0.0,0.0,0.0,0.0,0.0,0.0,0.0,0.0,0.0,0.0,0.0,0.0,0.0,0.0,0.0,0.0,0.0,0.0,0.0,0.0,1.0,0.0,0.0,0.0,0.0,0.0,0.0,0.0,0.0
2290,2000-10-10,SZSE:002091,0.0,0.0,0.0,0.0,0.0,0.0,0.0,0.0,0.0,0.0,0.0,0.0,0.0,0.0,0.0,0.0,0.0,0.0,0.0,0.0,0.0,0.0,0.0,0.0,0.0,0.0,0.0,0.0,1.0,0.0,0.0,0.0,0.0,0.0,0.0,0.0,0.0
2291,2000-10-11,SZSE:002091,0.0,0.0,0.0,0.0,0.0,0.0,0.0,0.0,0.0,0.0,0.0,0.0,0.0,0.0,0.0,0.0,0.0,0.0,0.0,0.0,0.0,0.0,0.0,0.0,0.0,0.0,0.0,0.0,1.0,0.0,0.0,0.0,0.0,0.0,0.0,0.0,0.0
2292,2000-10-12,SZSE:002091,0.0,0.0,0.0,0.0,0.0,0.0,0.0,0.0,0.0,0.0,0.0,0.0,0.0,0.0,0.0,0.0,0.0,0.0,0.0,0.0,0.0,0.0,0.0,0.0,0.0,0.0,0.0,0.0,1.0,0.0,0.0,0.0,0.0,0.0,0.0,0.0,0.0
2293,2000-10-13,SZSE:002091,0.0,0.0,0.0,0.0,0.0,0.0,0.0,0.0,0.0,0.0,0.0,0.0,0.0,0.0,0.0,0.0,0.0,0.0,0.0,0.0,0.0,0.0,0.0,0.0,0.0,0.0,0.0,0.0,1.0,0.0,0.0,0.0,0.0,0.0,0.0,0.0,0.0
2294,2000-10-16,SZSE:002091,0.0,0.0,0.0,0.0,0.0,0.0,0.0,0.0,0.0,0.0,0.0,0.0,0.0,0.0,0.0,0.0,0.0,0.0,0.0,0.0,0.0,0.0,0.0,0.0,0.0,0.0,0.0,0.0,1.0,0.0,0.0,0.0,0.0,0.0,0.0,0.0,0.0
2295,2000-10-17,SZSE:002091,0.0,0.0,0.0,0.0,0.0,0.0,0.0,0.0,0.0,0.0,0.0,0.0,0.0,0.0,0.0,0.0,0.0,0.0,0.0,0.0,0.0,0.0,0.0,0.0,0.0,0.0,0.0,0.0,1.0,0.0,0.0,0.0,0.0,0.0,0.0,0.0,0.0
2296,2000-10-18,SZSE:002091,0.0,0.0,0.0,0.0,0.0,0.0,0.0,0.0,0.0,0.0,0.0,0.0,0.0,0.0,0.0,0.0,0.0,0.0,0.0,0.0,0.0,0.0,0.0,0.0,0.0,0.0,0.0,0.0,1.0,0.0,0.0,0.0,0.0,0.0,0.0,0.0,0.0
2297,2000-10-19,SZSE:002091,0.0,0.0,0.0,0.0,0.0,0.0,0.0,0.0,0.0,0.0,0.0,0.0,0.0,0.0,0.0,0.0,0.0,0.0,0.0,0.0,0.0,0.0,0.0,0.0,0.0,0.0,0.0,0.0,1.0,0.0,0.0,0.0,0.0,0.0,0.0,0.0,0.0
2298,2000-10-20,SZSE:002091,0.0,0.0,0.0,0.0,0.0,0.0,0.0,0.0,0.0,0.0,0.0,0.0,0.0,0.0,0.0,0.0,0.0,0.0,0.0,0.0,0.0,0.0,0.0,0.0,0.0,0.0,0.0,0.0,1.0,0.0,0.0,0.0,0.0,0.0,0.0,0.0,0.0
2299,2000-10-23,SZSE:002091,0.0,0.0,0.0,0.0,0.0,0.0,0.0,0.0,0.0,0.0,0.0,0.0,0.0,0.0,0.0,0.0,0.0,0.0,0.0,0.0,0.0,0.0,0.0,0.0,0.0,0.0,0.0,0.0,1.0,0.0,0.0,0.0,0.0,0.0,0.0,0.0,0.0
2300,2000-10-24,SZSE:002091,0.0,0.0,0.0,0.0,0.0,0.0,0.0,0.0,0.0,0.0,0.0,0.0,0.0,0.0,0.0,0.0,0.0,0.0,0.0,0.0,0.0,0.0,0.0,0.0,0.0,0.0,0.0,0.0,1.0,0.0,0.0,0.0,0.0,0.0,0.0,0.0,0.0
2301,2000-10-25,SZSE:002091,0.0,0.0,0.0,0.0,0.0,0.0,0.0,0.0,0.0,0.0,0.0,0.0,0.0,0.0,0.0,0.0,0.0,0.0,0.0,0.0,0.0,0.0,0.0,0.0,0.0,0.0,0.0,0.0,1.0,0.0,0.0,0.0,0.0,0.0,0.0,0.0,0.0
2302,2000-10-26,SZSE:002091,0.0,0.0,0.0,0.0,0.0,0.0,0.0,0.0,0.0,0.0,0.0,0.0,0.0,0.0,0.0,0.0,0.0,0.0,0.0,0.0,0.0,0.0,0.0,0.0,0.0,0.0,0.0,0.0,1.0,0.0,0.0,0.0,0.0,0.0,0.0,0.0,0.0
2303,2000-10-27,SZSE:002091,0.0,0.0,0.0,0.0,0.0,0.0,0.0,0.0,0.0,0.0,0.0,0.0,0.0,0.0,0.0,0.0,0.0,0.0,0.0,0.0,0.0,0.0,0.0,0.0,0.0,0.0,0.0,0.0,1.0,0.0,0.0,0.0,0.0,0.0,0.0,0.0,0.0
2304,2000-10-30,SZSE:002091,0.0,0.0,0.0,0.0,0.0,0.0,0.0,0.0,0.0,0.0,0.0,0.0,0.0,0.0,0.0,0.0,0.0,0.0,0.0,0.0,0.0,0.0,0.0,0.0,0.0,0.0,0.0,0.0,1.0,0.0,0.0,0.0,0.0,0.0,0.0,0.0,0.0
2305,2000-10-31,SZSE:002091,0.0,0.0,0.0,0.0,0.0,0.0,0.0,0.0,0.0,0.0,0.0,0.0,0.0,0.0,0.0,0.0,0.0,0.0,0.0,0.0,0.0,0.0,0.0,0.0,0.0,0.0,0.0,0.0,1.0,0.0,0.0,0.0,0.0,0.0,0.0,0.0,0.0
2306,2000-11-01,SZSE:002091,0.0,0.0,0.0,0.0,0.0,0.0,0.0,0.0,0.0,0.0,0.0,0.0,0.0,0.0,0.0,0.0,0.0,0.0,0.0,0.0,0.0,0.0,0.0,0.0,0.0,0.0,0.0,0.0,1.0,0.0,0.0,0.0,0.0,0.0,0.0,0.0,0.0
2307,2000-11-02,SZSE:002091,0.0,0.0,0.0,0.0,0.0,0.0,0.0,0.0,0.0,0.0,0.0,0.0,0.0,0.0,0.0,0.0,0.0,0.0,0.0,0.0,0.0,0.0,0.0,0.0,0.0,0.0,0.0,0.0,1.0,0.0,0.0,0.0,0.0,0.0,0.0,0.0,0.0
2308,2000-11-03,SZSE:002091,0.0,0.0,0.0,0.0,0.0,0.0,0.0,0.0,0.0,0.0,0.0,0.0,0.0,0.0,0.0,0.0,0.0,0.0,0.0,0.0,0.0,0.0,0.0,0.0,0.0,0.0,0.0,0.0,1.0,0.0,0.0,0.0,0.0,0.0,0.0,0.0,0.0
2309,2000-11-06,SZSE:002091,0.0,0.0,0.0,0.0,0.0,0.0,0.0,0.0,0.0,0.0,0.0,0.0,0.0,0.0,0.0,0.0,0.0,0.0,0.0,0.0,0.0,0.0,0.0,0.0,0.0,0.0,0.0,0.0,1.0,0.0,0.0,0.0,0.0,0.0,0.0,0.0,0.0
2310,2000-11-07,SZSE:002091,0.0,0.0,0.0,0.0,0.0,0.0,0.0,0.0,0.0,0.0,0.0,0.0,0.0,0.0,0.0,0.0,0.0,0.0,0.0,0.0,0.0,0.0,0.0,0.0,0.0,0.0,0.0,0.0,1.0,0.0,0.0,0.0,0.0,0.0,0.0,0.0,0.0
2311,2000-11-08,SZSE:002091,0.0,0.0,0.0,0.0,0.0,0.0,0.0,0.0,0.0,0.0,0.0,0.0,0.0,0.0,0.0,0.0,0.0,0.0,0.0,0.0,0.0,0.0,0.0,0.0,0.0,0.0,0.0,0.0,1.0,0.0,0.0,0.0,0.0,0.0,0.0,0.0,0.0
2312,2000-11-09,SZSE:002091,0.0,0.0,0.0,0.0,0.0,0.0,0.0,0.0,0.0,0.0,0.0,0.0,0.0,0.0,0.0,0.0,0.0,0.0,0.0,0.0,0.0,0.0,0.0,0.0,0.0,0.0,0.0,0.0,1.0,0.0,0.0,0.0,0.0,0.0,0.0,0.0,0.0
2313,2000-11-10,SZSE:002091,0.0,0.0,0.0,0.0,0.0,0.0,0.0,0.0,0.0,0.0,0.0,0.0,0.0,0.0,0.0,0.0,0.0,0.0,0.0,0.0,0.0,0.0,0.0,0.0,0.0,0.0,0.0,0.0,1.0,0.0,0.0,0.0,0.0,0.0,0.0,0.0,0.0
2314,2000-11-13,SZSE:002091,0.0,0.0,0.0,0.0,0.0,0.0,0.0,0.0,0.0,0.0,0.0,0.0,0.0,0.0,0.0,0.0,0.0,0.0,0.0,0.0,0.0,0.0,0.0,0.0,0.0,0.0,0.0,0.0,1.0,0.0,0.0,0.0,0.0,0.0,0.0,0.0,0.0
2315,2000-11-14,SZSE:002091,0.0,0.0,0.0,0.0,0.0,0.0,0.0,0.0,0.0,0.0,0.0,0.0,0.0,0.0,0.0,0.0,0.0,0.0,0.0,0.0,0.0,0.0,0.0,0.0,0.0,0.0,0.0,0.0,1.0,0.0,0.0,0.0,0.0,0.0,0.0,0.0,0.0
2316,2000-11-15,SZSE:002091,0.0,0.0,0.0,0.0,0.0,0.0,0.0,0.0,0.0,0.0,0.0,0.0,0.0,0.0,0.0,0.0,0.0,0.0,0.0,0.0,0.0,0.0,0.0,0.0,0.0,0.0,0.0,0.0,1.0,0.0,0.0,0.0,0.0,0.0,0.0,0.0,0.0
2317,2000-11-16,SZSE:002091,0.0,0.0,0.0,0.0,0.0,0.0,0.0,0.0,0.0,0.0,0.0,0.0,0.0,0.0,0.0,0.0,0.0,0.0,0.0,0.0,0.0,0.0,0.0,0.0,0.0,0.0,0.0,0.0,1.0,0.0,0.0,0.0,0.0,0.0,0.0,0.0,0.0
2318,2000-11-17,SZSE:002091,0.0,0.0,0.0,0.0,0.0,0.0,0.0,0.0,0.0,0.0,0.0,0.0,0.0,0.0,0.0,0.0,0.0,0.0,0.0,0.0,0.0,0.0,0.0,0.0,0.0,0.0,0.0,0.0,1.0,0.0,0.0,0.0,0.0,0.0,0.0,0.0,0.0
2319,2000-11-20,SZSE:002091,0.0,0.0,0.0,0.0,0.0,0.0,0.0,0.0,0.0,0.0,0.0,0.0,0.0,0.0,0.0,0.0,0.0,0.0,0.0,0.0,0.0,0.0,0.0,0.0,0.0,0.0,0.0,0.0,1.0,0.0,0.0,0.0,0.0,0.0,0.0,0.0,0.0
2320,2000-11-21,SZSE:002091,0.0,0.0,0.0,0.0,0.0,0.0,0.0,0.0,0.0,0.0,0.0,0.0,0.0,0.0,0.0,0.0,0.0,0.0,0.0,0.0,0.0,0.0,0.0,0.0,0.0,0.0,0.0,0.0,1.0,0.0,0.0,0.0,0.0,0.0,0.0,0.0,0.0
2321,2000-11-22,SZSE:002091,0.0,0.0,0.0,0.0,0.0,0.0,0.0,0.0,0.0,0.0,0.0,0.0,0.0,0.0,0.0,0.0,0.0,0.0,0.0,0.0,0.0,0.0,0.0,0.0,0.0,0.0,0.0,0.0,1.0,0.0,0.0,0.0,0.0,0.0,0.0,0.0,0.0
2322,2000-11-23,SZSE:002091,0.0,0.0,0.0,0.0,0.0,0.0,0.0,0.0,0.0,0.0,0.0,0.0,0.0,0.0,0.0,0.0,0.0,0.0,0.0,0.0,0.0,0.0,0.0,0.0,0.0,0.0,0.0,0.0,1.0,0.0,0.0,0.0,0.0,0.0,0.0,0.0,0.0
2323,2000-11-24,SZSE:002091,0.0,0.0,0.0,0.0,0.0,0.0,0.0,0.0,0.0,0.0,0.0,0.0,0.0,0.0,0.0,0.0,0.0,0.0,0.0,0.0,0.0,0.0,0.0,0.0,0.0,0.0,0.0,0.0,1.0,0.0,0.0,0.0,0.0,0.0,0.0,0.0,0.0
2324,2000-11-27,SZSE:002091,0.0,0.0,0.0,0.0,0.0,0.0,0.0,0.0,0.0,0.0,0.0,0.0,0.0,0.0,0.0,0.0,0.0,0.0,0.0,0.0,0.0,0.0,0.0,0.0,0.0,0.0,0.0,0.0,1.0,0.0,0.0,0.0,0.0,0.0,0.0,0.0,0.0
2325,2000-11-28,SZSE:002091,0.0,0.0,0.0,0.0,0.0,0.0,0.0,0.0,0.0,0.0,0.0,0.0,0.0,0.0,0.0,0.0,0.0,0.0,0.0,0.0,0.0,0.0,0.0,0.0,0.0,0.0,0.0,0.0,1.0,0.0,0.0,0.0,0.0,0.0,0.0,0.0,0.0
2326,2000-11-29,SZSE:002091,0.0,0.0,0.0,0.0,0.0,0.0,0.0,0.0,0.0,0.0,0.0,0.0,0.0,0.0,0.0,0.0,0.0,0.0,0.0,0.0,0.0,0.0,0.0,0.0,0.0,0.0,0.0,0.0,1.0,0.0,0.0,0.0,0.0,0.0,0.0,0.0,0.0
2327,2000-11-30,SZSE:002091,0.0,0.0,0.0,0.0,0.0,0.0,0.0,0.0,0.0,0.0,0.0,0.0,0.0,0.0,0.0,0.0,0.0,0.0,0.0,0.0,0.0,0.0,0.0,0.0,0.0,0.0,0.0,0.0,1.0,0.0,0.0,0.0,0.0,0.0,0.0,0.0,0.0
2328,2000-12-01,SZSE:002091,0.0,0.0,0.0,0.0,0.0,0.0,0.0,0.0,0.0,0.0,0.0,0.0,0.0,0.0,0.0,0.0,0.0,0.0,0.0,0.0,0.0,0.0,0.0,0.0,0.0,0.0,0.0,0.0,1.0,0.0,0.0,0.0,0.0,0.0,0.0,0.0,0.0
2329,2000-12-04,SZSE:002091,0.0,0.0,0.0,0.0,0.0,0.0,0.0,0.0,0.0,0.0,0.0,0.0,0.0,0.0,0.0,0.0,0.0,0.0,0.0,0.0,0.0,0.0,0.0,0.0,0.0,0.0,0.0,0.0,1.0,0.0,0.0,0.0,0.0,0.0,0.0,0.0,0.0
2330,2000-12-05,SZSE:002091,0.0,0.0,0.0,0.0,0.0,0.0,0.0,0.0,0.0,0.0,0.0,0.0,0.0,0.0,0.0,0.0,0.0,0.0,0.0,0.0,0.0,0.0,0.0,0.0,0.0,0.0,0.0,0.0,1.0,0.0,0.0,0.0,0.0,0.0,0.0,0.0,0.0
2331,2000-12-06,SZSE:002091,0.0,0.0,0.0,0.0,0.0,0.0,0.0,0.0,0.0,0.0,0.0,0.0,0.0,0.0,0.0,0.0,0.0,0.0,0.0,0.0,0.0,0.0,0.0,0.0,0.0,0.0,0.0,0.0,1.0,0.0,0.0,0.0,0.0,0.0,0.0,0.0,0.0
2332,2000-12-07,SZSE:002091,0.0,0.0,0.0,0.0,0.0,0.0,0.0,0.0,0.0,0.0,0.0,0.0,0.0,0.0,0.0,0.0,0.0,0.0,0.0,0.0,0.0,0.0,0.0,0.0,0.0,0.0,0.0,0.0,1.0,0.0,0.0,0.0,0.0,0.0,0.0,0.0,0.0
2333,2000-12-08,SZSE:002091,0.0,0.0,0.0,0.0,0.0,0.0,0.0,0.0,0.0,0.0,0.0,0.0,0.0,0.0,0.0,0.0,0.0,0.0,0.0,0.0,0.0,0.0,0.0,0.0,0.0,0.0,0.0,0.0,1.0,0.0,0.0,0.0,0.0,0.0,0.0,0.0,0.0
2334,2000-12-11,SZSE:002091,0.0,0.0,0.0,0.0,0.0,0.0,0.0,0.0,0.0,0.0,0.0,0.0,0.0,0.0,0.0,0.0,0.0,0.0,0.0,0.0,0.0,0.0,0.0,0.0,0.0,0.0,0.0,0.0,1.0,0.0,0.0,0.0,0.0,0.0,0.0,0.0,0.0
2335,2000-12-12,SZSE:002091,0.0,0.0,0.0,0.0,0.0,0.0,0.0,0.0,0.0,0.0,0.0,0.0,0.0,0.0,0.0,0.0,0.0,0.0,0.0,0.0,0.0,0.0,0.0,0.0,0.0,0.0,0.0,0.0,1.0,0.0,0.0,0.0,0.0,0.0,0.0,0.0,0.0
2336,2000-12-13,SZSE:002091,0.0,0.0,0.0,0.0,0.0,0.0,0.0,0.0,0.0,0.0,0.0,0.0,0.0,0.0,0.0,0.0,0.0,0.0,0.0,0.0,0.0,0.0,0.0,0.0,0.0,0.0,0.0,0.0,1.0,0.0,0.0,0.0,0.0,0.0,0.0,0.0,0.0
2337,2000-12-14,SZSE:002091,0.0,0.0,0.0,0.0,0.0,0.0,0.0,0.0,0.0,0.0,0.0,0.0,0.0,0.0,0.0,0.0,0.0,0.0,0.0,0.0,0.0,0.0,0.0,0.0,0.0,0.0,0.0,0.0,1.0,0.0,0.0,0.0,0.0,0.0,0.0,0.0,0.0
2338,2000-12-15,SZSE:002091,0.0,0.0,0.0,0.0,0.0,0.0,0.0,0.0,0.0,0.0,0.0,0.0,0.0,0.0,0.0,0.0,0.0,0.0,0.0,0.0,0.0,0.0,0.0,0.0,0.0,0.0,0.0,0.0,1.0,0.0,0.0,0.0,0.0,0.0,0.0,0.0,0.0
2339,2000-12-18,SZSE:002091,0.0,0.0,0.0,0.0,0.0,0.0,0.0,0.0,0.0,0.0,0.0,0.0,0.0,0.0,0.0,0.0,0.0,0.0,0.0,0.0,0.0,0.0,0.0,0.0,0.0,0.0,0.0,0.0,1.0,0.0,0.0,0.0,0.0,0.0,0.0,0.0,0.0
2340,2000-12-19,SZSE:002091,0.0,0.0,0.0,0.0,0.0,0.0,0.0,0.0,0.0,0.0,0.0,0.0,0.0,0.0,0.0,0.0,0.0,0.0,0.0,0.0,0.0,0.0,0.0,0.0,0.0,0.0,0.0,0.0,1.0,0.0,0.0,0.0,0.0,0.0,0.0,0.0,0.0
2341,2000-12-20,SZSE:002091,0.0,0.0,0.0,0.0,0.0,0.0,0.0,0.0,0.0,0.0,0.0,0.0,0.0,0.0,0.0,0.0,0.0,0.0,0.0,0.0,0.0,0.0,0.0,0.0,0.0,0.0,0.0,0.0,1.0,0.0,0.0,0.0,0.0,0.0,0.0,0.0,0.0
2342,2000-12-21,SZSE:002091,0.0,0.0,0.0,0.0,0.0,0.0,0.0,0.0,0.0,0.0,0.0,0.0,0.0,0.0,0.0,0.0,0.0,0.0,0.0,0.0,0.0,0.0,0.0,0.0,0.0,0.0,0.0,0.0,1.0,0.0,0.0,0.0,0.0,0.0,0.0,0.0,0.0
2343,2000-12-22,SZSE:002091,0.0,0.0,0.0,0.0,0.0,0.0,0.0,0.0,0.0,0.0,0.0,0.0,0.0,0.0,0.0,0.0,0.0,0.0,0.0,0.0,0.0,0.0,0.0,0.0,0.0,0.0,0.0,0.0,1.0,0.0,0.0,0.0,0.0,0.0,0.0,0.0,0.0
2344,2000-12-25,SZSE:002091,0.0,0.0,0.0,0.0,0.0,0.0,0.0,0.0,0.0,0.0,0.0,0.0,0.0,0.0,0.0,0.0,0.0,0.0,0.0,0.0,0.0,0.0,0.0,0.0,0.0,0.0,0.0,0.0,1.0,0.0,0.0,0.0,0.0,0.0,0.0,0.0,0.0
2345,2000-12-26,SZSE:002091,0.0,0.0,0.0,0.0,0.0,0.0,0.0,0.0,0.0,0.0,0.0,0.0,0.0,0.0,0.0,0.0,0.0,0.0,0.0,0.0,0.0,0.0,0.0,0.0,0.0,0.0,0.0,0.0,1.0,0.0,0.0,0.0,0.0,0.0,0.0,0.0,0.0
2346,2000-12-27,SZSE:002091,0.0,0.0,0.0,0.0,0.0,0.0,0.0,0.0,0.0,0.0,0.0,0.0,0.0,0.0,0.0,0.0,0.0,0.0,0.0,0.0,0.0,0.0,0.0,0.0,0.0,0.0,0.0,0.0,1.0,0.0,0.0,0.0,0.0,0.0,0.0,0.0,0.0
2347,2000-12-28,SZSE:002091,0.0,0.0,0.0,0.0,0.0,0.0,0.0,0.0,0.0,0.0,0.0,0.0,0.0,0.0,0.0,0.0,0.0,0.0,0.0,0.0,0.0,0.0,0.0,0.0,0.0,0.0,0.0,0.0,1.0,0.0,0.0,0.0,0.0,0.0,0.0,0.0,0.0
2348,2000-12-29,SZSE:002091,0.0,0.0,0.0,0.0,0.0,0.0,0.0,0.0,0.0,0.0,0.0,0.0,0.0,0.0,0.0,0.0,0.0,0.0,0.0,0.0,0.0,0.0,0.0,0.0,0.0,0.0,0.0,0.0,1.0,0.0,0.0,0.0,0.0,0.0,0.0,0.0,0.0
2349,2001-01-01,SZSE:002091,0.0,0.0,0.0,0.0,0.0,0.0,0.0,0.0,0.0,0.0,0.0,0.0,0.0,0.0,0.0,0.0,0.0,0.0,0.0,0.0,0.0,0.0,0.0,0.0,0.0,0.0,0.0,0.0,1.0,0.0,0.0,0.0,0.0,0.0,0.0,0.0,0.0
2350,2001-01-02,SZSE:002091,0.0,0.0,0.0,0.0,0.0,0.0,0.0,0.0,0.0,0.0,0.0,0.0,0.0,0.0,0.0,0.0,0.0,0.0,0.0,0.0,0.0,0.0,0.0,0.0,0.0,0.0,0.0,0.0,1.0,0.0,0.0,0.0,0.0,0.0,0.0,0.0,0.0
2351,2001-01-03,SZSE:002091,0.0,0.0,0.0,0.0,0.0,0.0,0.0,0.0,0.0,0.0,0.0,0.0,0.0,0.0,0.0,0.0,0.0,0.0,0.0,0.0,0.0,0.0,0.0,0.0,0.0,0.0,0.0,0.0,1.0,0.0,0.0,0.0,0.0,0.0,0.0,0.0,0.0
2352,2001-01-04,SZSE:002091,0.0,0.0,0.0,0.0,0.0,0.0,0.0,0.0,0.0,0.0,0.0,0.0,0.0,0.0,0.0,0.0,0.0,0.0,0.0,0.0,0.0,0.0,0.0,0.0,0.0,0.0,0.0,0.0,1.0,0.0,0.0,0.0,0.0,0.0,0.0,0.0,0.0
2353,2001-01-05,SZSE:002091,0.0,0.0,0.0,0.0,0.0,0.0,0.0,0.0,0.0,0.0,0.0,0.0,0.0,0.0,0.0,0.0,0.0,0.0,0.0,0.0,0.0,0.0,0.0,0.0,0.0,0.0,0.0,0.0,1.0,0.0,0.0,0.0,0.0,0.0,0.0,0.0,0.0
2354,2001-01-08,SZSE:002091,0.0,0.0,0.0,0.0,0.0,0.0,0.0,0.0,0.0,0.0,0.0,0.0,0.0,0.0,0.0,0.0,0.0,0.0,0.0,0.0,0.0,0.0,0.0,0.0,0.0,0.0,0.0,0.0,1.0,0.0,0.0,0.0,0.0,0.0,0.0,0.0,0.0
2355,2001-01-09,SZSE:002091,0.0,0.0,0.0,0.0,0.0,0.0,0.0,0.0,0.0,0.0,0.0,0.0,0.0,0.0,0.0,0.0,0.0,0.0,0.0,0.0,0.0,0.0,0.0,0.0,0.0,0.0,0.0,0.0,1.0,0.0,0.0,0.0,0.0,0.0,0.0,0.0,0.0
2356,2001-01-10,SZSE:002091,0.0,0.0,0.0,0.0,0.0,0.0,0.0,0.0,0.0,0.0,0.0,0.0,0.0,0.0,0.0,0.0,0.0,0.0,0.0,0.0,0.0,0.0,0.0,0.0,0.0,0.0,0.0,0.0,1.0,0.0,0.0,0.0,0.0,0.0,0.0,0.0,0.0
2357,2001-01-11,SZSE:002091,0.0,0.0,0.0,0.0,0.0,0.0,0.0,0.0,0.0,0.0,0.0,0.0,0.0,0.0,0.0,0.0,0.0,0.0,0.0,0.0,0.0,0.0,0.0,0.0,0.0,0.0,0.0,0.0,1.0,0.0,0.0,0.0,0.0,0.0,0.0,0.0,0.0
2358,2001-01-12,SZSE:002091,0.0,0.0,0.0,0.0,0.0,0.0,0.0,0.0,0.0,0.0,0.0,0.0,0.0,0.0,0.0,0.0,0.0,0.0,0.0,0.0,0.0,0.0,0.0,0.0,0.0,0.0,0.0,0.0,1.0,0.0,0.0,0.0,0.0,0.0,0.0,0.0,0.0
2359,2001-01-15,SZSE:002091,0.0,0.0,0.0,0.0,0.0,0.0,0.0,0.0,0.0,0.0,0.0,0.0,0.0,0.0,0.0,0.0,0.0,0.0,0.0,0.0,0.0,0.0,0.0,0.0,0.0,0.0,0.0,0.0,1.0,0.0,0.0,0.0,0.0,0.0,0.0,0.0,0.0
2360,2001-01-16,SZSE:002091,0.0,0.0,0.0,0.0,0.0,0.0,0.0,0.0,0.0,0.0,0.0,0.0,0.0,0.0,0.0,0.0,0.0,0.0,0.0,0.0,0.0,0.0,0.0,0.0,0.0,0.0,0.0,0.0,1.0,0.0,0.0,0.0,0.0,0.0,0.0,0.0,0.0
2361,2001-01-17,SZSE:002091,0.0,0.0,0.0,0.0,0.0,0.0,0.0,0.0,0.0,0.0,0.0,0.0,0.0,0.0,0.0,0.0,0.0,0.0,0.0,0.0,0.0,0.0,0.0,0.0,0.0,0.0,0.0,0.0,1.0,0.0,0.0,0.0,0.0,0.0,0.0,0.0,0.0
2362,2001-01-18,SZSE:002091,0.0,0.0,0.0,0.0,0.0,0.0,0.0,0.0,0.0,0.0,0.0,0.0,0.0,0.0,0.0,0.0,0.0,0.0,0.0,0.0,0.0,0.0,0.0,0.0,0.0,0.0,0.0,0.0,1.0,0.0,0.0,0.0,0.0,0.0,0.0,0.0,0.0
2363,2001-01-19,SZSE:002091,0.0,0.0,0.0,0.0,0.0,0.0,0.0,0.0,0.0,0.0,0.0,0.0,0.0,0.0,0.0,0.0,0.0,0.0,0.0,0.0,0.0,0.0,0.0,0.0,0.0,0.0,0.0,0.0,1.0,0.0,0.0,0.0,0.0,0.0,0.0,0.0,0.0
2364,2001-01-22,SZSE:002091,0.0,0.0,0.0,0.0,0.0,0.0,0.0,0.0,0.0,0.0,0.0,0.0,0.0,0.0,0.0,0.0,0.0,0.0,0.0,0.0,0.0,0.0,0.0,0.0,0.0,0.0,0.0,0.0,1.0,0.0,0.0,0.0,0.0,0.0,0.0,0.0,0.0
2365,2001-01-23,SZSE:002091,0.0,0.0,0.0,0.0,0.0,0.0,0.0,0.0,0.0,0.0,0.0,0.0,0.0,0.0,0.0,0.0,0.0,0.0,0.0,0.0,0.0,0.0,0.0,0.0,0.0,0.0,0.0,0.0,1.0,0.0,0.0,0.0,0.0,0.0,0.0,0.0,0.0
2366,2001-01-24,SZSE:002091,0.0,0.0,0.0,0.0,0.0,0.0,0.0,0.0,0.0,0.0,0.0,0.0,0.0,0.0,0.0,0.0,0.0,0.0,0.0,0.0,0.0,0.0,0.0,0.0,0.0,0.0,0.0,0.0,1.0,0.0,0.0,0.0,0.0,0.0,0.0,0.0,0.0
2367,2001-01-25,SZSE:002091,0.0,0.0,0.0,0.0,0.0,0.0,0.0,0.0,0.0,0.0,0.0,0.0,0.0,0.0,0.0,0.0,0.0,0.0,0.0,0.0,0.0,0.0,0.0,0.0,0.0,0.0,0.0,0.0,1.0,0.0,0.0,0.0,0.0,0.0,0.0,0.0,0.0
2368,2001-01-26,SZSE:002091,0.0,0.0,0.0,0.0,0.0,0.0,0.0,0.0,0.0,0.0,0.0,0.0,0.0,0.0,0.0,0.0,0.0,0.0,0.0,0.0,0.0,0.0,0.0,0.0,0.0,0.0,0.0,0.0,1.0,0.0,0.0,0.0,0.0,0.0,0.0,0.0,0.0
2369,2001-01-29,SZSE:002091,0.0,0.0,0.0,0.0,0.0,0.0,0.0,0.0,0.0,0.0,0.0,0.0,0.0,0.0,0.0,0.0,0.0,0.0,0.0,0.0,0.0,0.0,0.0,0.0,0.0,0.0,0.0,0.0,1.0,0.0,0.0,0.0,0.0,0.0,0.0,0.0,0.0
2370,2001-01-30,SZSE:002091,0.0,0.0,0.0,0.0,0.0,0.0,0.0,0.0,0.0,0.0,0.0,0.0,0.0,0.0,0.0,0.0,0.0,0.0,0.0,0.0,0.0,0.0,0.0,0.0,0.0,0.0,0.0,0.0,1.0,0.0,0.0,0.0,0.0,0.0,0.0,0.0,0.0
2371,2001-01-31,SZSE:002091,0.0,0.0,0.0,0.0,0.0,0.0,0.0,0.0,0.0,0.0,0.0,0.0,0.0,0.0,0.0,0.0,0.0,0.0,0.0,0.0,0.0,0.0,0.0,0.0,0.0,0.0,0.0,0.0,1.0,0.0,0.0,0.0,0.0,0.0,0.0,0.0,0.0
2372,2001-02-01,SZSE:002091,0.0,0.0,0.0,0.0,0.0,0.0,0.0,0.0,0.0,0.0,0.0,0.0,0.0,0.0,0.0,0.0,0.0,0.0,0.0,0.0,0.0,0.0,0.0,0.0,0.0,0.0,0.0,0.0,1.0,0.0,0.0,0.0,0.0,0.0,0.0,0.0,0.0
2373,2001-02-02,SZSE:002091,0.0,0.0,0.0,0.0,0.0,0.0,0.0,0.0,0.0,0.0,0.0,0.0,0.0,0.0,0.0,0.0,0.0,0.0,0.0,0.0,0.0,0.0,0.0,0.0,0.0,0.0,0.0,0.0,1.0,0.0,0.0,0.0,0.0,0.0,0.0,0.0,0.0
2374,2001-02-05,SZSE:002091,0.0,0.0,0.0,0.0,0.0,0.0,0.0,0.0,0.0,0.0,0.0,0.0,0.0,0.0,0.0,0.0,0.0,0.0,0.0,0.0,0.0,0.0,0.0,0.0,0.0,0.0,0.0,0.0,1.0,0.0,0.0,0.0,0.0,0.0,0.0,0.0,0.0
2375,2001-02-06,SZSE:002091,0.0,0.0,0.0,0.0,0.0,0.0,0.0,0.0,0.0,0.0,0.0,0.0,0.0,0.0,0.0,0.0,0.0,0.0,0.0,0.0,0.0,0.0,0.0,0.0,0.0,0.0,0.0,0.0,1.0,0.0,0.0,0.0,0.0,0.0,0.0,0.0,0.0
2376,2001-02-07,SZSE:002091,0.0,0.0,0.0,0.0,0.0,0.0,0.0,0.0,0.0,0.0,0.0,0.0,0.0,0.0,0.0,0.0,0.0,0.0,0.0,0.0,0.0,0.0,0.0,0.0,0.0,0.0,0.0,0.0,1.0,0.0,0.0,0.0,0.0,0.0,0.0,0.0,0.0
2377,2001-02-08,SZSE:002091,0.0,0.0,0.0,0.0,0.0,0.0,0.0,0.0,0.0,0.0,0.0,0.0,0.0,0.0,0.0,0.0,0.0,0.0,0.0,0.0,0.0,0.0,0.0,0.0,0.0,0.0,0.0,0.0,1.0,0.0,0.0,0.0,0.0,0.0,0.0,0.0,0.0
2378,2001-02-09,SZSE:002091,0.0,0.0,0.0,0.0,0.0,0.0,0.0,0.0,0.0,0.0,0.0,0.0,0.0,0.0,0.0,0.0,0.0,0.0,0.0,0.0,0.0,0.0,0.0,0.0,0.0,0.0,0.0,0.0,1.0,0.0,0.0,0.0,0.0,0.0,0.0,0.0,0.0
2379,2001-02-12,SZSE:002091,0.0,0.0,0.0,0.0,0.0,0.0,0.0,0.0,0.0,0.0,0.0,0.0,0.0,0.0,0.0,0.0,0.0,0.0,0.0,0.0,0.0,0.0,0.0,0.0,0.0,0.0,0.0,0.0,1.0,0.0,0.0,0.0,0.0,0.0,0.0,0.0,0.0
2380,2001-02-13,SZSE:002091,0.0,0.0,0.0,0.0,0.0,0.0,0.0,0.0,0.0,0.0,0.0,0.0,0.0,0.0,0.0,0.0,0.0,0.0,0.0,0.0,0.0,0.0,0.0,0.0,0.0,0.0,0.0,0.0,1.0,0.0,0.0,0.0,0.0,0.0,0.0,0.0,0.0
2381,2001-02-14,SZSE:002091,0.0,0.0,0.0,0.0,0.0,0.0,0.0,0.0,0.0,0.0,0.0,0.0,0.0,0.0,0.0,0.0,0.0,0.0,0.0,0.0,0.0,0.0,0.0,0.0,0.0,0.0,0.0,0.0,1.0,0.0,0.0,0.0,0.0,0.0,0.0,0.0,0.0
2382,2001-02-15,SZSE:002091,0.0,0.0,0.0,0.0,0.0,0.0,0.0,0.0,0.0,0.0,0.0,0.0,0.0,0.0,0.0,0.0,0.0,0.0,0.0,0.0,0.0,0.0,0.0,0.0,0.0,0.0,0.0,0.0,1.0,0.0,0.0,0.0,0.0,0.0,0.0,0.0,0.0
2383,2001-02-16,SZSE:002091,0.0,0.0,0.0,0.0,0.0,0.0,0.0,0.0,0.0,0.0,0.0,0.0,0.0,0.0,0.0,0.0,0.0,0.0,0.0,0.0,0.0,0.0,0.0,0.0,0.0,0.0,0.0,0.0,1.0,0.0,0.0,0.0,0.0,0.0,0.0,0.0,0.0
2384,2001-02-19,SZSE:002091,0.0,0.0,0.0,0.0,0.0,0.0,0.0,0.0,0.0,0.0,0.0,0.0,0.0,0.0,0.0,0.0,0.0,0.0,0.0,0.0,0.0,0.0,0.0,0.0,0.0,0.0,0.0,0.0,1.0,0.0,0.0,0.0,0.0,0.0,0.0,0.0,0.0
2385,2001-02-20,SZSE:002091,0.0,0.0,0.0,0.0,0.0,0.0,0.0,0.0,0.0,0.0,0.0,0.0,0.0,0.0,0.0,0.0,0.0,0.0,0.0,0.0,0.0,0.0,0.0,0.0,0.0,0.0,0.0,0.0,1.0,0.0,0.0,0.0,0.0,0.0,0.0,0.0,0.0
2386,2001-02-21,SZSE:002091,0.0,0.0,0.0,0.0,0.0,0.0,0.0,0.0,0.0,0.0,0.0,0.0,0.0,0.0,0.0,0.0,0.0,0.0,0.0,0.0,0.0,0.0,0.0,0.0,0.0,0.0,0.0,0.0,1.0,0.0,0.0,0.0,0.0,0.0,0.0,0.0,0.0
2387,2001-02-22,SZSE:002091,0.0,0.0,0.0,0.0,0.0,0.0,0.0,0.0,0.0,0.0,0.0,0.0,0.0,0.0,0.0,0.0,0.0,0.0,0.0,0.0,0.0,0.0,0.0,0.0,0.0,0.0,0.0,0.0,1.0,0.0,0.0,0.0,0.0,0.0,0.0,0.0,0.0
2388,2001-02-23,SZSE:002091,0.0,0.0,0.0,0.0,0.0,0.0,0.0,0.0,0.0,0.0,0.0,0.0,0.0,0.0,0.0,0.0,0.0,0.0,0.0,0.0,0.0,0.0,0.0,0.0,0.0,0.0,0.0,0.0,1.0,0.0,0.0,0.0,0.0,0.0,0.0,0.0,0.0
2389,2001-02-26,SZSE:002091,0.0,0.0,0.0,0.0,0.0,0.0,0.0,0.0,0.0,0.0,0.0,0.0,0.0,0.0,0.0,0.0,0.0,0.0,0.0,0.0,0.0,0.0,0.0,0.0,0.0,0.0,0.0,0.0,1.0,0.0,0.0,0.0,0.0,0.0,0.0,0.0,0.0
2390,2001-02-27,SZSE:002091,0.0,0.0,0.0,0.0,0.0,0.0,0.0,0.0,0.0,0.0,0.0,0.0,0.0,0.0,0.0,0.0,0.0,0.0,0.0,0.0,0.0,0.0,0.0,0.0,0.0,0.0,0.0,0.0,1.0,0.0,0.0,0.0,0.0,0.0,0.0,0.0,0.0
2391,2001-02-28,SZSE:002091,0.0,0.0,0.0,0.0,0.0,0.0,0.0,0.0,0.0,0.0,0.0,0.0,0.0,0.0,0.0,0.0,0.0,0.0,0.0,0.0,0.0,0.0,0.0,0.0,0.0,0.0,0.0,0.0,1.0,0.0,0.0,0.0,0.0,0.0,0.0,0.0,0.0
2392,2001-03-01,SZSE:002091,0.0,0.0,0.0,0.0,0.0,0.0,0.0,0.0,0.0,0.0,0.0,0.0,0.0,0.0,0.0,0.0,0.0,0.0,0.0,0.0,0.0,0.0,0.0,0.0,0.0,0.0,0.0,0.0,1.0,0.0,0.0,0.0,0.0,0.0,0.0,0.0,0.0
2393,2001-03-02,SZSE:002091,0.0,0.0,0.0,0.0,0.0,0.0,0.0,0.0,0.0,0.0,0.0,0.0,0.0,0.0,0.0,0.0,0.0,0.0,0.0,0.0,0.0,0.0,0.0,0.0,0.0,0.0,0.0,0.0,1.0,0.0,0.0,0.0,0.0,0.0,0.0,0.0,0.0
2394,2001-03-05,SZSE:002091,0.0,0.0,0.0,0.0,0.0,0.0,0.0,0.0,0.0,0.0,0.0,0.0,0.0,0.0,0.0,0.0,0.0,0.0,0.0,0.0,0.0,0.0,0.0,0.0,0.0,0.0,0.0,0.0,1.0,0.0,0.0,0.0,0.0,0.0,0.0,0.0,0.0
2395,2001-03-06,SZSE:002091,0.0,0.0,0.0,0.0,0.0,0.0,0.0,0.0,0.0,0.0,0.0,0.0,0.0,0.0,0.0,0.0,0.0,0.0,0.0,0.0,0.0,0.0,0.0,0.0,0.0,0.0,0.0,0.0,1.0,0.0,0.0,0.0,0.0,0.0,0.0,0.0,0.0
2396,2001-03-07,SZSE:002091,0.0,0.0,0.0,0.0,0.0,0.0,0.0,0.0,0.0,0.0,0.0,0.0,0.0,0.0,0.0,0.0,0.0,0.0,0.0,0.0,0.0,0.0,0.0,0.0,0.0,0.0,0.0,0.0,1.0,0.0,0.0,0.0,0.0,0.0,0.0,0.0,0.0
2397,2001-03-08,SZSE:002091,0.0,0.0,0.0,0.0,0.0,0.0,0.0,0.0,0.0,0.0,0.0,0.0,0.0,0.0,0.0,0.0,0.0,0.0,0.0,0.0,0.0,0.0,0.0,0.0,0.0,0.0,0.0,0.0,1.0,0.0,0.0,0.0,0.0,0.0,0.0,0.0,0.0
2398,2001-03-09,SZSE:002091,0.0,0.0,0.0,0.0,0.0,0.0,0.0,0.0,0.0,0.0,0.0,0.0,0.0,0.0,0.0,0.0,0.0,0.0,0.0,0.0,0.0,0.0,0.0,0.0,0.0,0.0,0.0,0.0,1.0,0.0,0.0,0.0,0.0,0.0,0.0,0.0,0.0
2399,2001-03-12,SZSE:002091,0.0,0.0,0.0,0.0,0.0,0.0,0.0,0.0,0.0,0.0,0.0,0.0,0.0,0.0,0.0,0.0,0.0,0.0,0.0,0.0,0.0,0.0,0.0,0.0,0.0,0.0,0.0,0.0,1.0,0.0,0.0,0.0,0.0,0.0,0.0,0.0,0.0
2400,2001-03-13,SZSE:002091,0.0,0.0,0.0,0.0,0.0,0.0,0.0,0.0,0.0,0.0,0.0,0.0,0.0,0.0,0.0,0.0,0.0,0.0,0.0,0.0,0.0,0.0,0.0,0.0,0.0,0.0,0.0,0.0,1.0,0.0,0.0,0.0,0.0,0.0,0.0,0.0,0.0
2401,2001-03-14,SZSE:002091,0.0,0.0,0.0,0.0,0.0,0.0,0.0,0.0,0.0,0.0,0.0,0.0,0.0,0.0,0.0,0.0,0.0,0.0,0.0,0.0,0.0,0.0,0.0,0.0,0.0,0.0,0.0,0.0,1.0,0.0,0.0,0.0,0.0,0.0,0.0,0.0,0.0
2402,2001-03-15,SZSE:002091,0.0,0.0,0.0,0.0,0.0,0.0,0.0,0.0,0.0,0.0,0.0,0.0,0.0,0.0,0.0,0.0,0.0,0.0,0.0,0.0,0.0,0.0,0.0,0.0,0.0,0.0,0.0,0.0,1.0,0.0,0.0,0.0,0.0,0.0,0.0,0.0,0.0
2403,2001-03-16,SZSE:002091,0.0,0.0,0.0,0.0,0.0,0.0,0.0,0.0,0.0,0.0,0.0,0.0,0.0,0.0,0.0,0.0,0.0,0.0,0.0,0.0,0.0,0.0,0.0,0.0,0.0,0.0,0.0,0.0,1.0,0.0,0.0,0.0,0.0,0.0,0.0,0.0,0.0
2404,2001-03-19,SZSE:002091,0.0,0.0,0.0,0.0,0.0,0.0,0.0,0.0,0.0,0.0,0.0,0.0,0.0,0.0,0.0,0.0,0.0,0.0,0.0,0.0,0.0,0.0,0.0,0.0,0.0,0.0,0.0,0.0,1.0,0.0,0.0,0.0,0.0,0.0,0.0,0.0,0.0
2405,2001-03-20,SZSE:002091,0.0,0.0,0.0,0.0,0.0,0.0,0.0,0.0,0.0,0.0,0.0,0.0,0.0,0.0,0.0,0.0,0.0,0.0,0.0,0.0,0.0,0.0,0.0,0.0,0.0,0.0,0.0,0.0,1.0,0.0,0.0,0.0,0.0,0.0,0.0,0.0,0.0
2406,2001-03-21,SZSE:002091,0.0,0.0,0.0,0.0,0.0,0.0,0.0,0.0,0.0,0.0,0.0,0.0,0.0,0.0,0.0,0.0,0.0,0.0,0.0,0.0,0.0,0.0,0.0,0.0,0.0,0.0,0.0,0.0,1.0,0.0,0.0,0.0,0.0,0.0,0.0,0.0,0.0
2407,2001-03-22,SZSE:002091,0.0,0.0,0.0,0.0,0.0,0.0,0.0,0.0,0.0,0.0,0.0,0.0,0.0,0.0,0.0,0.0,0.0,0.0,0.0,0.0,0.0,0.0,0.0,0.0,0.0,0.0,0.0,0.0,1.0,0.0,0.0,0.0,0.0,0.0,0.0,0.0,0.0
2408,2001-03-23,SZSE:002091,0.0,0.0,0.0,0.0,0.0,0.0,0.0,0.0,0.0,0.0,0.0,0.0,0.0,0.0,0.0,0.0,0.0,0.0,0.0,0.0,0.0,0.0,0.0,0.0,0.0,0.0,0.0,0.0,1.0,0.0,0.0,0.0,0.0,0.0,0.0,0.0,0.0
2409,2001-03-26,SZSE:002091,0.0,0.0,0.0,0.0,0.0,0.0,0.0,0.0,0.0,0.0,0.0,0.0,0.0,0.0,0.0,0.0,0.0,0.0,0.0,0.0,0.0,0.0,0.0,0.0,0.0,0.0,0.0,0.0,1.0,0.0,0.0,0.0,0.0,0.0,0.0,0.0,0.0
2410,2001-03-27,SZSE:002091,0.0,0.0,0.0,0.0,0.0,0.0,0.0,0.0,0.0,0.0,0.0,0.0,0.0,0.0,0.0,0.0,0.0,0.0,0.0,0.0,0.0,0.0,0.0,0.0,0.0,0.0,0.0,0.0,1.0,0.0,0.0,0.0,0.0,0.0,0.0,0.0,0.0
2411,2001-03-28,SZSE:002091,0.0,0.0,0.0,0.0,0.0,0.0,0.0,0.0,0.0,0.0,0.0,0.0,0.0,0.0,0.0,0.0,0.0,0.0,0.0,0.0,0.0,0.0,0.0,0.0,0.0,0.0,0.0,0.0,1.0,0.0,0.0,0.0,0.0,0.0,0.0,0.0,0.0
2412,2001-03-29,SZSE:002091,0.0,0.0,0.0,0.0,0.0,0.0,0.0,0.0,0.0,0.0,0.0,0.0,0.0,0.0,0.0,0.0,0.0,0.0,0.0,0.0,0.0,0.0,0.0,0.0,0.0,0.0,0.0,0.0,1.0,0.0,0.0,0.0,0.0,0.0,0.0,0.0,0.0
2413,2001-03-30,SZSE:002091,0.0,0.0,0.0,0.0,0.0,0.0,0.0,0.0,0.0,0.0,0.0,0.0,0.0,0.0,0.0,0.0,0.0,0.0,0.0,0.0,0.0,0.0,0.0,0.0,0.0,0.0,0.0,0.0,1.0,0.0,0.0,0.0,0.0,0.0,0.0,0.0,0.0
2414,2001-04-02,SZSE:002091,0.0,0.0,0.0,0.0,0.0,0.0,0.0,0.0,0.0,0.0,0.0,0.0,0.0,0.0,0.0,0.0,0.0,0.0,0.0,0.0,0.0,0.0,0.0,0.0,0.0,0.0,0.0,0.0,1.0,0.0,0.0,0.0,0.0,0.0,0.0,0.0,0.0
2415,2001-04-03,SZSE:002091,0.0,0.0,0.0,0.0,0.0,0.0,0.0,0.0,0.0,0.0,0.0,0.0,0.0,0.0,0.0,0.0,0.0,0.0,0.0,0.0,0.0,0.0,0.0,0.0,0.0,0.0,0.0,0.0,1.0,0.0,0.0,0.0,0.0,0.0,0.0,0.0,0.0
2416,2001-04-04,SZSE:002091,0.0,0.0,0.0,0.0,0.0,0.0,0.0,0.0,0.0,0.0,0.0,0.0,0.0,0.0,0.0,0.0,0.0,0.0,0.0,0.0,0.0,0.0,0.0,0.0,0.0,0.0,0.0,0.0,1.0,0.0,0.0,0.0,0.0,0.0,0.0,0.0,0.0
2417,2001-04-05,SZSE:002091,0.0,0.0,0.0,0.0,0.0,0.0,0.0,0.0,0.0,0.0,0.0,0.0,0.0,0.0,0.0,0.0,0.0,0.0,0.0,0.0,0.0,0.0,0.0,0.0,0.0,0.0,0.0,0.0,1.0,0.0,0.0,0.0,0.0,0.0,0.0,0.0,0.0
2418,2001-04-06,SZSE:002091,0.0,0.0,0.0,0.0,0.0,0.0,0.0,0.0,0.0,0.0,0.0,0.0,0.0,0.0,0.0,0.0,0.0,0.0,0.0,0.0,0.0,0.0,0.0,0.0,0.0,0.0,0.0,0.0,1.0,0.0,0.0,0.0,0.0,0.0,0.0,0.0,0.0
2419,2001-04-09,SZSE:002091,0.0,0.0,0.0,0.0,0.0,0.0,0.0,0.0,0.0,0.0,0.0,0.0,0.0,0.0,0.0,0.0,0.0,0.0,0.0,0.0,0.0,0.0,0.0,0.0,0.0,0.0,0.0,0.0,1.0,0.0,0.0,0.0,0.0,0.0,0.0,0.0,0.0
2420,2001-04-10,SZSE:002091,0.0,0.0,0.0,0.0,0.0,0.0,0.0,0.0,0.0,0.0,0.0,0.0,0.0,0.0,0.0,0.0,0.0,0.0,0.0,0.0,0.0,0.0,0.0,0.0,0.0,0.0,0.0,0.0,1.0,0.0,0.0,0.0,0.0,0.0,0.0,0.0,0.0
2421,2001-04-11,SZSE:002091,0.0,0.0,0.0,0.0,0.0,0.0,0.0,0.0,0.0,0.0,0.0,0.0,0.0,0.0,0.0,0.0,0.0,0.0,0.0,0.0,0.0,0.0,0.0,0.0,0.0,0.0,0.0,0.0,1.0,0.0,0.0,0.0,0.0,0.0,0.0,0.0,0.0
2422,2001-04-12,SZSE:002091,0.0,0.0,0.0,0.0,0.0,0.0,0.0,0.0,0.0,0.0,0.0,0.0,0.0,0.0,0.0,0.0,0.0,0.0,0.0,0.0,0.0,0.0,0.0,0.0,0.0,0.0,0.0,0.0,1.0,0.0,0.0,0.0,0.0,0.0,0.0,0.0,0.0
2423,2001-04-13,SZSE:002091,0.0,0.0,0.0,0.0,0.0,0.0,0.0,0.0,0.0,0.0,0.0,0.0,0.0,0.0,0.0,0.0,0.0,0.0,0.0,0.0,0.0,0.0,0.0,0.0,0.0,0.0,0.0,0.0,1.0,0.0,0.0,0.0,0.0,0.0,0.0,0.0,0.0
2424,2001-04-16,SZSE:002091,0.0,0.0,0.0,0.0,0.0,0.0,0.0,0.0,0.0,0.0,0.0,0.0,0.0,0.0,0.0,0.0,0.0,0.0,0.0,0.0,0.0,0.0,0.0,0.0,0.0,0.0,0.0,0.0,1.0,0.0,0.0,0.0,0.0,0.0,0.0,0.0,0.0
2425,2001-04-17,SZSE:002091,0.0,0.0,0.0,0.0,0.0,0.0,0.0,0.0,0.0,0.0,0.0,0.0,0.0,0.0,0.0,0.0,0.0,0.0,0.0,0.0,0.0,0.0,0.0,0.0,0.0,0.0,0.0,0.0,1.0,0.0,0.0,0.0,0.0,0.0,0.0,0.0,0.0
2426,2001-04-18,SZSE:002091,0.0,0.0,0.0,0.0,0.0,0.0,0.0,0.0,0.0,0.0,0.0,0.0,0.0,0.0,0.0,0.0,0.0,0.0,0.0,0.0,0.0,0.0,0.0,0.0,0.0,0.0,0.0,0.0,1.0,0.0,0.0,0.0,0.0,0.0,0.0,0.0,0.0
2427,2001-04-19,SZSE:002091,0.0,0.0,0.0,0.0,0.0,0.0,0.0,0.0,0.0,0.0,0.0,0.0,0.0,0.0,0.0,0.0,0.0,0.0,0.0,0.0,0.0,0.0,0.0,0.0,0.0,0.0,0.0,0.0,1.0,0.0,0.0,0.0,0.0,0.0,0.0,0.0,0.0
2428,2001-04-20,SZSE:002091,0.0,0.0,0.0,0.0,0.0,0.0,0.0,0.0,0.0,0.0,0.0,0.0,0.0,0.0,0.0,0.0,0.0,0.0,0.0,0.0,0.0,0.0,0.0,0.0,0.0,0.0,0.0,0.0,1.0,0.0,0.0,0.0,0.0,0.0,0.0,0.0,0.0
2429,2001-04-23,SZSE:002091,0.0,0.0,0.0,0.0,0.0,0.0,0.0,0.0,0.0,0.0,0.0,0.0,0.0,0.0,0.0,0.0,0.0,0.0,0.0,0.0,0.0,0.0,0.0,0.0,0.0,0.0,0.0,0.0,1.0,0.0,0.0,0.0,0.0,0.0,0.0,0.0,0.0
2430,2001-04-24,SZSE:002091,0.0,0.0,0.0,0.0,0.0,0.0,0.0,0.0,0.0,0.0,0.0,0.0,0.0,0.0,0.0,0.0,0.0,0.0,0.0,0.0,0.0,0.0,0.0,0.0,0.0,0.0,0.0,0.0,1.0,0.0,0.0,0.0,0.0,0.0,0.0,0.0,0.0
2431,2001-04-25,SZSE:002091,0.0,0.0,0.0,0.0,0.0,0.0,0.0,0.0,0.0,0.0,0.0,0.0,0.0,0.0,0.0,0.0,0.0,0.0,0.0,0.0,0.0,0.0,0.0,0.0,0.0,0.0,0.0,0.0,1.0,0.0,0.0,0.0,0.0,0.0,0.0,0.0,0.0
2432,2001-04-26,SZSE:002091,0.0,0.0,0.0,0.0,0.0,0.0,0.0,0.0,0.0,0.0,0.0,0.0,0.0,0.0,0.0,0.0,0.0,0.0,0.0,0.0,0.0,0.0,0.0,0.0,0.0,0.0,0.0,0.0,1.0,0.0,0.0,0.0,0.0,0.0,0.0,0.0,0.0
2433,2001-04-27,SZSE:002091,0.0,0.0,0.0,0.0,0.0,0.0,0.0,0.0,0.0,0.0,0.0,0.0,0.0,0.0,0.0,0.0,0.0,0.0,0.0,0.0,0.0,0.0,0.0,0.0,0.0,0.0,0.0,0.0,1.0,0.0,0.0,0.0,0.0,0.0,0.0,0.0,0.0
2434,2001-04-30,SZSE:002091,0.0,0.0,0.0,0.0,0.0,0.0,0.0,0.0,0.0,0.0,0.0,0.0,0.0,0.0,0.0,0.0,0.0,0.0,0.0,0.0,0.0,0.0,0.0,0.0,0.0,0.0,0.0,0.0,1.0,0.0,0.0,0.0,0.0,0.0,0.0,0.0,0.0
2435,2001-05-01,SZSE:002091,0.0,0.0,0.0,0.0,0.0,0.0,0.0,0.0,0.0,0.0,0.0,0.0,0.0,0.0,0.0,0.0,0.0,0.0,0.0,0.0,0.0,0.0,0.0,0.0,0.0,0.0,0.0,0.0,1.0,0.0,0.0,0.0,0.0,0.0,0.0,0.0,0.0
2436,2001-05-02,SZSE:002091,0.0,0.0,0.0,0.0,0.0,0.0,0.0,0.0,0.0,0.0,0.0,0.0,0.0,0.0,0.0,0.0,0.0,0.0,0.0,0.0,0.0,0.0,0.0,0.0,0.0,0.0,0.0,0.0,1.0,0.0,0.0,0.0,0.0,0.0,0.0,0.0,0.0
2437,2001-05-03,SZSE:002091,0.0,0.0,0.0,0.0,0.0,0.0,0.0,0.0,0.0,0.0,0.0,0.0,0.0,0.0,0.0,0.0,0.0,0.0,0.0,0.0,0.0,0.0,0.0,0.0,0.0,0.0,0.0,0.0,1.0,0.0,0.0,0.0,0.0,0.0,0.0,0.0,0.0
2438,2001-05-04,SZSE:002091,0.0,0.0,0.0,0.0,0.0,0.0,0.0,0.0,0.0,0.0,0.0,0.0,0.0,0.0,0.0,0.0,0.0,0.0,0.0,0.0,0.0,0.0,0.0,0.0,0.0,0.0,0.0,0.0,1.0,0.0,0.0,0.0,0.0,0.0,0.0,0.0,0.0
2439,2001-05-07,SZSE:002091,0.0,0.0,0.0,0.0,0.0,0.0,0.0,0.0,0.0,0.0,0.0,0.0,0.0,0.0,0.0,0.0,0.0,0.0,0.0,0.0,0.0,0.0,0.0,0.0,0.0,0.0,0.0,0.0,1.0,0.0,0.0,0.0,0.0,0.0,0.0,0.0,0.0
2440,2001-05-08,SZSE:002091,0.0,0.0,0.0,0.0,0.0,0.0,0.0,0.0,0.0,0.0,0.0,0.0,0.0,0.0,0.0,0.0,0.0,0.0,0.0,0.0,0.0,0.0,0.0,0.0,0.0,0.0,0.0,0.0,1.0,0.0,0.0,0.0,0.0,0.0,0.0,0.0,0.0
2441,2001-05-09,SZSE:002091,0.0,0.0,0.0,0.0,0.0,0.0,0.0,0.0,0.0,0.0,0.0,0.0,0.0,0.0,0.0,0.0,0.0,0.0,0.0,0.0,0.0,0.0,0.0,0.0,0.0,0.0,0.0,0.0,1.0,0.0,0.0,0.0,0.0,0.0,0.0,0.0,0.0
2442,2001-05-10,SZSE:002091,0.0,0.0,0.0,0.0,0.0,0.0,0.0,0.0,0.0,0.0,0.0,0.0,0.0,0.0,0.0,0.0,0.0,0.0,0.0,0.0,0.0,0.0,0.0,0.0,0.0,0.0,0.0,0.0,1.0,0.0,0.0,0.0,0.0,0.0,0.0,0.0,0.0
2443,2001-05-11,SZSE:002091,0.0,0.0,0.0,0.0,0.0,0.0,0.0,0.0,0.0,0.0,0.0,0.0,0.0,0.0,0.0,0.0,0.0,0.0,0.0,0.0,0.0,0.0,0.0,0.0,0.0,0.0,0.0,0.0,1.0,0.0,0.0,0.0,0.0,0.0,0.0,0.0,0.0
2444,2001-05-14,SZSE:002091,0.0,0.0,0.0,0.0,0.0,0.0,0.0,0.0,0.0,0.0,0.0,0.0,0.0,0.0,0.0,0.0,0.0,0.0,0.0,0.0,0.0,0.0,0.0,0.0,0.0,0.0,0.0,0.0,1.0,0.0,0.0,0.0,0.0,0.0,0.0,0.0,0.0
2445,2001-05-15,SZSE:002091,0.0,0.0,0.0,0.0,0.0,0.0,0.0,0.0,0.0,0.0,0.0,0.0,0.0,0.0,0.0,0.0,0.0,0.0,0.0,0.0,0.0,0.0,0.0,0.0,0.0,0.0,0.0,0.0,1.0,0.0,0.0,0.0,0.0,0.0,0.0,0.0,0.0
2446,2001-05-16,SZSE:002091,0.0,0.0,0.0,0.0,0.0,0.0,0.0,0.0,0.0,0.0,0.0,0.0,0.0,0.0,0.0,0.0,0.0,0.0,0.0,0.0,0.0,0.0,0.0,0.0,0.0,0.0,0.0,0.0,1.0,0.0,0.0,0.0,0.0,0.0,0.0,0.0,0.0
2447,2001-05-17,SZSE:002091,0.0,0.0,0.0,0.0,0.0,0.0,0.0,0.0,0.0,0.0,0.0,0.0,0.0,0.0,0.0,0.0,0.0,0.0,0.0,0.0,0.0,0.0,0.0,0.0,0.0,0.0,0.0,0.0,1.0,0.0,0.0,0.0,0.0,0.0,0.0,0.0,0.0
2448,2001-05-18,SZSE:002091,0.0,0.0,0.0,0.0,0.0,0.0,0.0,0.0,0.0,0.0,0.0,0.0,0.0,0.0,0.0,0.0,0.0,0.0,0.0,0.0,0.0,0.0,0.0,0.0,0.0,0.0,0.0,0.0,1.0,0.0,0.0,0.0,0.0,0.0,0.0,0.0,0.0
2449,2001-05-21,SZSE:002091,0.0,0.0,0.0,0.0,0.0,0.0,0.0,0.0,0.0,0.0,0.0,0.0,0.0,0.0,0.0,0.0,0.0,0.0,0.0,0.0,0.0,0.0,0.0,0.0,0.0,0.0,0.0,0.0,1.0,0.0,0.0,0.0,0.0,0.0,0.0,0.0,0.0
2450,2001-05-22,SZSE:002091,0.0,0.0,0.0,0.0,0.0,0.0,0.0,0.0,0.0,0.0,0.0,0.0,0.0,0.0,0.0,0.0,0.0,0.0,0.0,0.0,0.0,0.0,0.0,0.0,0.0,0.0,0.0,0.0,1.0,0.0,0.0,0.0,0.0,0.0,0.0,0.0,0.0
2451,2001-05-23,SZSE:002091,0.0,0.0,0.0,0.0,0.0,0.0,0.0,0.0,0.0,0.0,0.0,0.0,0.0,0.0,0.0,0.0,0.0,0.0,0.0,0.0,0.0,0.0,0.0,0.0,0.0,0.0,0.0,0.0,1.0,0.0,0.0,0.0,0.0,0.0,0.0,0.0,0.0
2452,2001-05-24,SZSE:002091,0.0,0.0,0.0,0.0,0.0,0.0,0.0,0.0,0.0,0.0,0.0,0.0,0.0,0.0,0.0,0.0,0.0,0.0,0.0,0.0,0.0,0.0,0.0,0.0,0.0,0.0,0.0,0.0,1.0,0.0,0.0,0.0,0.0,0.0,0.0,0.0,0.0
2453,2001-05-25,SZSE:002091,0.0,0.0,0.0,0.0,0.0,0.0,0.0,0.0,0.0,0.0,0.0,0.0,0.0,0.0,0.0,0.0,0.0,0.0,0.0,0.0,0.0,0.0,0.0,0.0,0.0,0.0,0.0,0.0,1.0,0.0,0.0,0.0,0.0,0.0,0.0,0.0,0.0
2454,2001-05-28,SZSE:002091,0.0,0.0,0.0,0.0,0.0,0.0,0.0,0.0,0.0,0.0,0.0,0.0,0.0,0.0,0.0,0.0,0.0,0.0,0.0,0.0,0.0,0.0,0.0,0.0,0.0,0.0,0.0,0.0,1.0,0.0,0.0,0.0,0.0,0.0,0.0,0.0,0.0
2455,2001-05-29,SZSE:002091,0.0,0.0,0.0,0.0,0.0,0.0,0.0,0.0,0.0,0.0,0.0,0.0,0.0,0.0,0.0,0.0,0.0,0.0,0.0,0.0,0.0,0.0,0.0,0.0,0.0,0.0,0.0,0.0,1.0,0.0,0.0,0.0,0.0,0.0,0.0,0.0,0.0
2456,2001-05-30,SZSE:002091,0.0,0.0,0.0,0.0,0.0,0.0,0.0,0.0,0.0,0.0,0.0,0.0,0.0,0.0,0.0,0.0,0.0,0.0,0.0,0.0,0.0,0.0,0.0,0.0,0.0,0.0,0.0,0.0,1.0,0.0,0.0,0.0,0.0,0.0,0.0,0.0,0.0
2457,2001-05-31,SZSE:002091,0.0,0.0,0.0,0.0,0.0,0.0,0.0,0.0,0.0,0.0,0.0,0.0,0.0,0.0,0.0,0.0,0.0,0.0,0.0,0.0,0.0,0.0,0.0,0.0,0.0,0.0,0.0,0.0,1.0,0.0,0.0,0.0,0.0,0.0,0.0,0.0,0.0
2458,2001-06-01,SZSE:002091,0.0,0.0,0.0,0.0,0.0,0.0,0.0,0.0,0.0,0.0,0.0,0.0,0.0,0.0,0.0,0.0,0.0,0.0,0.0,0.0,0.0,0.0,0.0,0.0,0.0,0.0,0.0,0.0,1.0,0.0,0.0,0.0,0.0,0.0,0.0,0.0,0.0
2459,2001-06-04,SZSE:002091,0.0,0.0,0.0,0.0,0.0,0.0,0.0,0.0,0.0,0.0,0.0,0.0,0.0,0.0,0.0,0.0,0.0,0.0,0.0,0.0,0.0,0.0,0.0,0.0,0.0,0.0,0.0,0.0,1.0,0.0,0.0,0.0,0.0,0.0,0.0,0.0,0.0
2460,2001-06-05,SZSE:002091,0.0,0.0,0.0,0.0,0.0,0.0,0.0,0.0,0.0,0.0,0.0,0.0,0.0,0.0,0.0,0.0,0.0,0.0,0.0,0.0,0.0,0.0,0.0,0.0,0.0,0.0,0.0,0.0,1.0,0.0,0.0,0.0,0.0,0.0,0.0,0.0,0.0
2461,2001-06-06,SZSE:002091,0.0,0.0,0.0,0.0,0.0,0.0,0.0,0.0,0.0,0.0,0.0,0.0,0.0,0.0,0.0,0.0,0.0,0.0,0.0,0.0,0.0,0.0,0.0,0.0,0.0,0.0,0.0,0.0,1.0,0.0,0.0,0.0,0.0,0.0,0.0,0.0,0.0
2462,2001-06-07,SZSE:002091,0.0,0.0,0.0,0.0,0.0,0.0,0.0,0.0,0.0,0.0,0.0,0.0,0.0,0.0,0.0,0.0,0.0,0.0,0.0,0.0,0.0,0.0,0.0,0.0,0.0,0.0,0.0,0.0,1.0,0.0,0.0,0.0,0.0,0.0,0.0,0.0,0.0
2463,2001-06-08,SZSE:002091,0.0,0.0,0.0,0.0,0.0,0.0,0.0,0.0,0.0,0.0,0.0,0.0,0.0,0.0,0.0,0.0,0.0,0.0,0.0,0.0,0.0,0.0,0.0,0.0,0.0,0.0,0.0,0.0,1.0,0.0,0.0,0.0,0.0,0.0,0.0,0.0,0.0
2464,2001-06-11,SZSE:002091,0.0,0.0,0.0,0.0,0.0,0.0,0.0,0.0,0.0,0.0,0.0,0.0,0.0,0.0,0.0,0.0,0.0,0.0,0.0,0.0,0.0,0.0,0.0,0.0,0.0,0.0,0.0,0.0,1.0,0.0,0.0,0.0,0.0,0.0,0.0,0.0,0.0
2465,2001-06-12,SZSE:002091,0.0,0.0,0.0,0.0,0.0,0.0,0.0,0.0,0.0,0.0,0.0,0.0,0.0,0.0,0.0,0.0,0.0,0.0,0.0,0.0,0.0,0.0,0.0,0.0,0.0,0.0,0.0,0.0,1.0,0.0,0.0,0.0,0.0,0.0,0.0,0.0,0.0
2466,2001-06-13,SZSE:002091,0.0,0.0,0.0,0.0,0.0,0.0,0.0,0.0,0.0,0.0,0.0,0.0,0.0,0.0,0.0,0.0,0.0,0.0,0.0,0.0,0.0,0.0,0.0,0.0,0.0,0.0,0.0,0.0,1.0,0.0,0.0,0.0,0.0,0.0,0.0,0.0,0.0
2467,2001-06-14,SZSE:002091,0.0,0.0,0.0,0.0,0.0,0.0,0.0,0.0,0.0,0.0,0.0,0.0,0.0,0.0,0.0,0.0,0.0,0.0,0.0,0.0,0.0,0.0,0.0,0.0,0.0,0.0,0.0,0.0,1.0,0.0,0.0,0.0,0.0,0.0,0.0,0.0,0.0
2468,2001-06-15,SZSE:002091,0.0,0.0,0.0,0.0,0.0,0.0,0.0,0.0,0.0,0.0,0.0,0.0,0.0,0.0,0.0,0.0,0.0,0.0,0.0,0.0,0.0,0.0,0.0,0.0,0.0,0.0,0.0,0.0,1.0,0.0,0.0,0.0,0.0,0.0,0.0,0.0,0.0
2469,2001-06-18,SZSE:002091,0.0,0.0,0.0,0.0,0.0,0.0,0.0,0.0,0.0,0.0,0.0,0.0,0.0,0.0,0.0,0.0,0.0,0.0,0.0,0.0,0.0,0.0,0.0,0.0,0.0,0.0,0.0,0.0,1.0,0.0,0.0,0.0,0.0,0.0,0.0,0.0,0.0
2470,2001-06-19,SZSE:002091,0.0,0.0,0.0,0.0,0.0,0.0,0.0,0.0,0.0,0.0,0.0,0.0,0.0,0.0,0.0,0.0,0.0,0.0,0.0,0.0,0.0,0.0,0.0,0.0,0.0,0.0,0.0,0.0,1.0,0.0,0.0,0.0,0.0,0.0,0.0,0.0,0.0
2471,2001-06-20,SZSE:002091,0.0,0.0,0.0,0.0,0.0,0.0,0.0,0.0,0.0,0.0,0.0,0.0,0.0,0.0,0.0,0.0,0.0,0.0,0.0,0.0,0.0,0.0,0.0,0.0,0.0,0.0,0.0,0.0,1.0,0.0,0.0,0.0,0.0,0.0,0.0,0.0,0.0
2472,2001-06-21,SZSE:002091,0.0,0.0,0.0,0.0,0.0,0.0,0.0,0.0,0.0,0.0,0.0,0.0,0.0,0.0,0.0,0.0,0.0,0.0,0.0,0.0,0.0,0.0,0.0,0.0,0.0,0.0,0.0,0.0,1.0,0.0,0.0,0.0,0.0,0.0,0.0,0.0,0.0
2473,2001-06-22,SZSE:002091,0.0,0.0,0.0,0.0,0.0,0.0,0.0,0.0,0.0,0.0,0.0,0.0,0.0,0.0,0.0,0.0,0.0,0.0,0.0,0.0,0.0,0.0,0.0,0.0,0.0,0.0,0.0,0.0,1.0,0.0,0.0,0.0,0.0,0.0,0.0,0.0,0.0
2474,2001-06-25,SZSE:002091,0.0,0.0,0.0,0.0,0.0,0.0,0.0,0.0,0.0,0.0,0.0,0.0,0.0,0.0,0.0,0.0,0.0,0.0,0.0,0.0,0.0,0.0,0.0,0.0,0.0,0.0,0.0,0.0,1.0,0.0,0.0,0.0,0.0,0.0,0.0,0.0,0.0
2475,2001-06-26,SZSE:002091,0.0,0.0,0.0,0.0,0.0,0.0,0.0,0.0,0.0,0.0,0.0,0.0,0.0,0.0,0.0,0.0,0.0,0.0,0.0,0.0,0.0,0.0,0.0,0.0,0.0,0.0,0.0,0.0,1.0,0.0,0.0,0.0,0.0,0.0,0.0,0.0,0.0
2476,2001-06-27,SZSE:002091,0.0,0.0,0.0,0.0,0.0,0.0,0.0,0.0,0.0,0.0,0.0,0.0,0.0,0.0,0.0,0.0,0.0,0.0,0.0,0.0,0.0,0.0,0.0,0.0,0.0,0.0,0.0,0.0,1.0,0.0,0.0,0.0,0.0,0.0,0.0,0.0,0.0
2477,2001-06-28,SZSE:002091,0.0,0.0,0.0,0.0,0.0,0.0,0.0,0.0,0.0,0.0,0.0,0.0,0.0,0.0,0.0,0.0,0.0,0.0,0.0,0.0,0.0,0.0,0.0,0.0,0.0,0.0,0.0,0.0,1.0,0.0,0.0,0.0,0.0,0.0,0.0,0.0,0.0
2478,2001-06-29,SZSE:002091,0.0,0.0,0.0,0.0,0.0,0.0,0.0,0.0,0.0,0.0,0.0,0.0,0.0,0.0,0.0,0.0,0.0,0.0,0.0,0.0,0.0,0.0,0.0,0.0,0.0,0.0,0.0,0.0,1.0,0.0,0.0,0.0,0.0,0.0,0.0,0.0,0.0
2479,2001-07-02,SZSE:002091,0.0,0.0,0.0,0.0,0.0,0.0,0.0,0.0,0.0,0.0,0.0,0.0,0.0,0.0,0.0,0.0,0.0,0.0,0.0,0.0,0.0,0.0,0.0,0.0,0.0,0.0,0.0,0.0,1.0,0.0,0.0,0.0,0.0,0.0,0.0,0.0,0.0
2480,2001-07-03,SZSE:002091,0.0,0.0,0.0,0.0,0.0,0.0,0.0,0.0,0.0,0.0,0.0,0.0,0.0,0.0,0.0,0.0,0.0,0.0,0.0,0.0,0.0,0.0,0.0,0.0,0.0,0.0,0.0,0.0,1.0,0.0,0.0,0.0,0.0,0.0,0.0,0.0,0.0
2481,2001-07-04,SZSE:002091,0.0,0.0,0.0,0.0,0.0,0.0,0.0,0.0,0.0,0.0,0.0,0.0,0.0,0.0,0.0,0.0,0.0,0.0,0.0,0.0,0.0,0.0,0.0,0.0,0.0,0.0,0.0,0.0,1.0,0.0,0.0,0.0,0.0,0.0,0.0,0.0,0.0
2482,2001-07-05,SZSE:002091,0.0,0.0,0.0,0.0,0.0,0.0,0.0,0.0,0.0,0.0,0.0,0.0,0.0,0.0,0.0,0.0,0.0,0.0,0.0,0.0,0.0,0.0,0.0,0.0,0.0,0.0,0.0,0.0,1.0,0.0,0.0,0.0,0.0,0.0,0.0,0.0,0.0
2483,2001-07-06,SZSE:002091,0.0,0.0,0.0,0.0,0.0,0.0,0.0,0.0,0.0,0.0,0.0,0.0,0.0,0.0,0.0,0.0,0.0,0.0,0.0,0.0,0.0,0.0,0.0,0.0,0.0,0.0,0.0,0.0,1.0,0.0,0.0,0.0,0.0,0.0,0.0,0.0,0.0
2484,2001-07-09,SZSE:002091,0.0,0.0,0.0,0.0,0.0,0.0,0.0,0.0,0.0,0.0,0.0,0.0,0.0,0.0,0.0,0.0,0.0,0.0,0.0,0.0,0.0,0.0,0.0,0.0,0.0,0.0,0.0,0.0,1.0,0.0,0.0,0.0,0.0,0.0,0.0,0.0,0.0
2485,2001-07-10,SZSE:002091,0.0,0.0,0.0,0.0,0.0,0.0,0.0,0.0,0.0,0.0,0.0,0.0,0.0,0.0,0.0,0.0,0.0,0.0,0.0,0.0,0.0,0.0,0.0,0.0,0.0,0.0,0.0,0.0,1.0,0.0,0.0,0.0,0.0,0.0,0.0,0.0,0.0
2486,2001-07-11,SZSE:002091,0.0,0.0,0.0,0.0,0.0,0.0,0.0,0.0,0.0,0.0,0.0,0.0,0.0,0.0,0.0,0.0,0.0,0.0,0.0,0.0,0.0,0.0,0.0,0.0,0.0,0.0,0.0,0.0,1.0,0.0,0.0,0.0,0.0,0.0,0.0,0.0,0.0
2487,2001-07-12,SZSE:002091,0.0,0.0,0.0,0.0,0.0,0.0,0.0,0.0,0.0,0.0,0.0,0.0,0.0,0.0,0.0,0.0,0.0,0.0,0.0,0.0,0.0,0.0,0.0,0.0,0.0,0.0,0.0,0.0,1.0,0.0,0.0,0.0,0.0,0.0,0.0,0.0,0.0
2488,2001-07-13,SZSE:002091,0.0,0.0,0.0,0.0,0.0,0.0,0.0,0.0,0.0,0.0,0.0,0.0,0.0,0.0,0.0,0.0,0.0,0.0,0.0,0.0,0.0,0.0,0.0,0.0,0.0,0.0,0.0,0.0,1.0,0.0,0.0,0.0,0.0,0.0,0.0,0.0,0.0
2489,2001-07-16,SZSE:002091,0.0,0.0,0.0,0.0,0.0,0.0,0.0,0.0,0.0,0.0,0.0,0.0,0.0,0.0,0.0,0.0,0.0,0.0,0.0,0.0,0.0,0.0,0.0,0.0,0.0,0.0,0.0,0.0,1.0,0.0,0.0,0.0,0.0,0.0,0.0,0.0,0.0
2490,2001-07-17,SZSE:002091,0.0,0.0,0.0,0.0,0.0,0.0,0.0,0.0,0.0,0.0,0.0,0.0,0.0,0.0,0.0,0.0,0.0,0.0,0.0,0.0,0.0,0.0,0.0,0.0,0.0,0.0,0.0,0.0,1.0,0.0,0.0,0.0,0.0,0.0,0.0,0.0,0.0
2491,2001-07-18,SZSE:002091,0.0,0.0,0.0,0.0,0.0,0.0,0.0,0.0,0.0,0.0,0.0,0.0,0.0,0.0,0.0,0.0,0.0,0.0,0.0,0.0,0.0,0.0,0.0,0.0,0.0,0.0,0.0,0.0,1.0,0.0,0.0,0.0,0.0,0.0,0.0,0.0,0.0
2492,2001-07-19,SZSE:002091,0.0,0.0,0.0,0.0,0.0,0.0,0.0,0.0,0.0,0.0,0.0,0.0,0.0,0.0,0.0,0.0,0.0,0.0,0.0,0.0,0.0,0.0,0.0,0.0,0.0,0.0,0.0,0.0,1.0,0.0,0.0,0.0,0.0,0.0,0.0,0.0,0.0
2493,2001-07-20,SZSE:002091,0.0,0.0,0.0,0.0,0.0,0.0,0.0,0.0,0.0,0.0,0.0,0.0,0.0,0.0,0.0,0.0,0.0,0.0,0.0,0.0,0.0,0.0,0.0,0.0,0.0,0.0,0.0,0.0,1.0,0.0,0.0,0.0,0.0,0.0,0.0,0.0,0.0
2494,2001-07-23,SZSE:002091,0.0,0.0,0.0,0.0,0.0,0.0,0.0,0.0,0.0,0.0,0.0,0.0,0.0,0.0,0.0,0.0,0.0,0.0,0.0,0.0,0.0,0.0,0.0,0.0,0.0,0.0,0.0,0.0,1.0,0.0,0.0,0.0,0.0,0.0,0.0,0.0,0.0
2495,2001-07-24,SZSE:002091,0.0,0.0,0.0,0.0,0.0,0.0,0.0,0.0,0.0,0.0,0.0,0.0,0.0,0.0,0.0,0.0,0.0,0.0,0.0,0.0,0.0,0.0,0.0,0.0,0.0,0.0,0.0,0.0,1.0,0.0,0.0,0.0,0.0,0.0,0.0,0.0,0.0
2496,2001-07-25,SZSE:002091,0.0,0.0,0.0,0.0,0.0,0.0,0.0,0.0,0.0,0.0,0.0,0.0,0.0,0.0,0.0,0.0,0.0,0.0,0.0,0.0,0.0,0.0,0.0,0.0,0.0,0.0,0.0,0.0,1.0,0.0,0.0,0.0,0.0,0.0,0.0,0.0,0.0
2497,2001-07-26,SZSE:002091,0.0,0.0,0.0,0.0,0.0,0.0,0.0,0.0,0.0,0.0,0.0,0.0,0.0,0.0,0.0,0.0,0.0,0.0,0.0,0.0,0.0,0.0,0.0,0.0,0.0,0.0,0.0,0.0,1.0,0.0,0.0,0.0,0.0,0.0,0.0,0.0,0.0
2498,2001-07-27,SZSE:002091,0.0,0.0,0.0,0.0,0.0,0.0,0.0,0.0,0.0,0.0,0.0,0.0,0.0,0.0,0.0,0.0,0.0,0.0,0.0,0.0,0.0,0.0,0.0,0.0,0.0,0.0,0.0,0.0,1.0,0.0,0.0,0.0,0.0,0.0,0.0,0.0,0.0
2499,2001-07-30,SZSE:002091,0.0,0.0,0.0,0.0,0.0,0.0,0.0,0.0,0.0,0.0,0.0,0.0,0.0,0.0,0.0,0.0,0.0,0.0,0.0,0.0,0.0,0.0,0.0,0.0,0.0,0.0,0.0,0.0,1.0,0.0,0.0,0.0,0.0,0.0,0.0,0.0,0.0
2500,2001-07-31,SZSE:002091,0.0,0.0,0.0,0.0,0.0,0.0,0.0,0.0,0.0,0.0,0.0,0.0,0.0,0.0,0.0,0.0,0.0,0.0,0.0,0.0,0.0,0.0,0.0,0.0,0.0,0.0,0.0,0.0,1.0,0.0,0.0,0.0,0.0,0.0,0.0,0.0,0.0
2501,2001-08-01,SZSE:002091,0.0,0.0,0.0,0.0,0.0,0.0,0.0,0.0,0.0,0.0,0.0,0.0,0.0,0.0,0.0,0.0,0.0,0.0,0.0,0.0,0.0,0.0,0.0,0.0,0.0,0.0,0.0,0.0,1.0,0.0,0.0,0.0,0.0,0.0,0.0,0.0,0.0
2502,2001-08-02,SZSE:002091,0.0,0.0,0.0,0.0,0.0,0.0,0.0,0.0,0.0,0.0,0.0,0.0,0.0,0.0,0.0,0.0,0.0,0.0,0.0,0.0,0.0,0.0,0.0,0.0,0.0,0.0,0.0,0.0,1.0,0.0,0.0,0.0,0.0,0.0,0.0,0.0,0.0
2503,2001-08-03,SZSE:002091,0.0,0.0,0.0,0.0,0.0,0.0,0.0,0.0,0.0,0.0,0.0,0.0,0.0,0.0,0.0,0.0,0.0,0.0,0.0,0.0,0.0,0.0,0.0,0.0,0.0,0.0,0.0,0.0,1.0,0.0,0.0,0.0,0.0,0.0,0.0,0.0,0.0
2504,2001-08-06,SZSE:002091,0.0,0.0,0.0,0.0,0.0,0.0,0.0,0.0,0.0,0.0,0.0,0.0,0.0,0.0,0.0,0.0,0.0,0.0,0.0,0.0,0.0,0.0,0.0,0.0,0.0,0.0,0.0,0.0,1.0,0.0,0.0,0.0,0.0,0.0,0.0,0.0,0.0
2505,2001-08-07,SZSE:002091,0.0,0.0,0.0,0.0,0.0,0.0,0.0,0.0,0.0,0.0,0.0,0.0,0.0,0.0,0.0,0.0,0.0,0.0,0.0,0.0,0.0,0.0,0.0,0.0,0.0,0.0,0.0,0.0,1.0,0.0,0.0,0.0,0.0,0.0,0.0,0.0,0.0
2506,2001-08-08,SZSE:002091,0.0,0.0,0.0,0.0,0.0,0.0,0.0,0.0,0.0,0.0,0.0,0.0,0.0,0.0,0.0,0.0,0.0,0.0,0.0,0.0,0.0,0.0,0.0,0.0,0.0,0.0,0.0,0.0,1.0,0.0,0.0,0.0,0.0,0.0,0.0,0.0,0.0
2507,2001-08-09,SZSE:002091,0.0,0.0,0.0,0.0,0.0,0.0,0.0,0.0,0.0,0.0,0.0,0.0,0.0,0.0,0.0,0.0,0.0,0.0,0.0,0.0,0.0,0.0,0.0,0.0,0.0,0.0,0.0,0.0,1.0,0.0,0.0,0.0,0.0,0.0,0.0,0.0,0.0
2508,2001-08-10,SZSE:002091,0.0,0.0,0.0,0.0,0.0,0.0,0.0,0.0,0.0,0.0,0.0,0.0,0.0,0.0,0.0,0.0,0.0,0.0,0.0,0.0,0.0,0.0,0.0,0.0,0.0,0.0,0.0,0.0,1.0,0.0,0.0,0.0,0.0,0.0,0.0,0.0,0.0
2509,2001-08-13,SZSE:002091,0.0,0.0,0.0,0.0,0.0,0.0,0.0,0.0,0.0,0.0,0.0,0.0,0.0,0.0,0.0,0.0,0.0,0.0,0.0,0.0,0.0,0.0,0.0,0.0,0.0,0.0,0.0,0.0,1.0,0.0,0.0,0.0,0.0,0.0,0.0,0.0,0.0
2510,2001-08-14,SZSE:002091,0.0,0.0,0.0,0.0,0.0,0.0,0.0,0.0,0.0,0.0,0.0,0.0,0.0,0.0,0.0,0.0,0.0,0.0,0.0,0.0,0.0,0.0,0.0,0.0,0.0,0.0,0.0,0.0,1.0,0.0,0.0,0.0,0.0,0.0,0.0,0.0,0.0
2511,2001-08-15,SZSE:002091,0.0,0.0,0.0,0.0,0.0,0.0,0.0,0.0,0.0,0.0,0.0,0.0,0.0,0.0,0.0,0.0,0.0,0.0,0.0,0.0,0.0,0.0,0.0,0.0,0.0,0.0,0.0,0.0,1.0,0.0,0.0,0.0,0.0,0.0,0.0,0.0,0.0
2512,2001-08-16,SZSE:002091,0.0,0.0,0.0,0.0,0.0,0.0,0.0,0.0,0.0,0.0,0.0,0.0,0.0,0.0,0.0,0.0,0.0,0.0,0.0,0.0,0.0,0.0,0.0,0.0,0.0,0.0,0.0,0.0,1.0,0.0,0.0,0.0,0.0,0.0,0.0,0.0,0.0
2513,2001-08-17,SZSE:002091,0.0,0.0,0.0,0.0,0.0,0.0,0.0,0.0,0.0,0.0,0.0,0.0,0.0,0.0,0.0,0.0,0.0,0.0,0.0,0.0,0.0,0.0,0.0,0.0,0.0,0.0,0.0,0.0,1.0,0.0,0.0,0.0,0.0,0.0,0.0,0.0,0.0
2514,2001-08-20,SZSE:002091,0.0,0.0,0.0,0.0,0.0,0.0,0.0,0.0,0.0,0.0,0.0,0.0,0.0,0.0,0.0,0.0,0.0,0.0,0.0,0.0,0.0,0.0,0.0,0.0,0.0,0.0,0.0,0.0,1.0,0.0,0.0,0.0,0.0,0.0,0.0,0.0,0.0
2515,2001-08-21,SZSE:002091,0.0,0.0,0.0,0.0,0.0,0.0,0.0,0.0,0.0,0.0,0.0,0.0,0.0,0.0,0.0,0.0,0.0,0.0,0.0,0.0,0.0,0.0,0.0,0.0,0.0,0.0,0.0,0.0,1.0,0.0,0.0,0.0,0.0,0.0,0.0,0.0,0.0
2516,2001-08-22,SZSE:002091,0.0,0.0,0.0,0.0,0.0,0.0,0.0,0.0,0.0,0.0,0.0,0.0,0.0,0.0,0.0,0.0,0.0,0.0,0.0,0.0,0.0,0.0,0.0,0.0,0.0,0.0,0.0,0.0,1.0,0.0,0.0,0.0,0.0,0.0,0.0,0.0,0.0
2517,2001-08-23,SZSE:002091,0.0,0.0,0.0,0.0,0.0,0.0,0.0,0.0,0.0,0.0,0.0,0.0,0.0,0.0,0.0,0.0,0.0,0.0,0.0,0.0,0.0,0.0,0.0,0.0,0.0,0.0,0.0,0.0,1.0,0.0,0.0,0.0,0.0,0.0,0.0,0.0,0.0
2518,2001-08-24,SZSE:002091,0.0,0.0,0.0,0.0,0.0,0.0,0.0,0.0,0.0,0.0,0.0,0.0,0.0,0.0,0.0,0.0,0.0,0.0,0.0,0.0,0.0,0.0,0.0,0.0,0.0,0.0,0.0,0.0,1.0,0.0,0.0,0.0,0.0,0.0,0.0,0.0,0.0
2519,2001-08-27,SZSE:002091,0.0,0.0,0.0,0.0,0.0,0.0,0.0,0.0,0.0,0.0,0.0,0.0,0.0,0.0,0.0,0.0,0.0,0.0,0.0,0.0,0.0,0.0,0.0,0.0,0.0,0.0,0.0,0.0,1.0,0.0,0.0,0.0,0.0,0.0,0.0,0.0,0.0
2520,2001-08-28,SZSE:002091,0.0,0.0,0.0,0.0,0.0,0.0,0.0,0.0,0.0,0.0,0.0,0.0,0.0,0.0,0.0,0.0,0.0,0.0,0.0,0.0,0.0,0.0,0.0,0.0,0.0,0.0,0.0,0.0,1.0,0.0,0.0,0.0,0.0,0.0,0.0,0.0,0.0
2521,2001-08-29,SZSE:002091,0.0,0.0,0.0,0.0,0.0,0.0,0.0,0.0,0.0,0.0,0.0,0.0,0.0,0.0,0.0,0.0,0.0,0.0,0.0,0.0,0.0,0.0,0.0,0.0,0.0,0.0,0.0,0.0,1.0,0.0,0.0,0.0,0.0,0.0,0.0,0.0,0.0
2522,2001-08-30,SZSE:002091,0.0,0.0,0.0,0.0,0.0,0.0,0.0,0.0,0.0,0.0,0.0,0.0,0.0,0.0,0.0,0.0,0.0,0.0,0.0,0.0,0.0,0.0,0.0,0.0,0.0,0.0,0.0,0.0,1.0,0.0,0.0,0.0,0.0,0.0,0.0,0.0,0.0
2523,2001-08-31,SZSE:002091,0.0,0.0,0.0,0.0,0.0,0.0,0.0,0.0,0.0,0.0,0.0,0.0,0.0,0.0,0.0,0.0,0.0,0.0,0.0,0.0,0.0,0.0,0.0,0.0,0.0,0.0,0.0,0.0,1.0,0.0,0.0,0.0,0.0,0.0,0.0,0.0,0.0
2524,2001-09-03,SZSE:002091,0.0,0.0,0.0,0.0,0.0,0.0,0.0,0.0,0.0,0.0,0.0,0.0,0.0,0.0,0.0,0.0,0.0,0.0,0.0,0.0,0.0,0.0,0.0,0.0,0.0,0.0,0.0,0.0,1.0,0.0,0.0,0.0,0.0,0.0,0.0,0.0,0.0
2525,2001-09-04,SZSE:002091,0.0,0.0,0.0,0.0,0.0,0.0,0.0,0.0,0.0,0.0,0.0,0.0,0.0,0.0,0.0,0.0,0.0,0.0,0.0,0.0,0.0,0.0,0.0,0.0,0.0,0.0,0.0,0.0,1.0,0.0,0.0,0.0,0.0,0.0,0.0,0.0,0.0
2526,2001-09-05,SZSE:002091,0.0,0.0,0.0,0.0,0.0,0.0,0.0,0.0,0.0,0.0,0.0,0.0,0.0,0.0,0.0,0.0,0.0,0.0,0.0,0.0,0.0,0.0,0.0,0.0,0.0,0.0,0.0,0.0,1.0,0.0,0.0,0.0,0.0,0.0,0.0,0.0,0.0
2527,2001-09-06,SZSE:002091,0.0,0.0,0.0,0.0,0.0,0.0,0.0,0.0,0.0,0.0,0.0,0.0,0.0,0.0,0.0,0.0,0.0,0.0,0.0,0.0,0.0,0.0,0.0,0.0,0.0,0.0,0.0,0.0,1.0,0.0,0.0,0.0,0.0,0.0,0.0,0.0,0.0
2528,2001-09-07,SZSE:002091,0.0,0.0,0.0,0.0,0.0,0.0,0.0,0.0,0.0,0.0,0.0,0.0,0.0,0.0,0.0,0.0,0.0,0.0,0.0,0.0,0.0,0.0,0.0,0.0,0.0,0.0,0.0,0.0,1.0,0.0,0.0,0.0,0.0,0.0,0.0,0.0,0.0
2529,2001-09-10,SZSE:002091,0.0,0.0,0.0,0.0,0.0,0.0,0.0,0.0,0.0,0.0,0.0,0.0,0.0,0.0,0.0,0.0,0.0,0.0,0.0,0.0,0.0,0.0,0.0,0.0,0.0,0.0,0.0,0.0,1.0,0.0,0.0,0.0,0.0,0.0,0.0,0.0,0.0
2530,2001-09-11,SZSE:002091,0.0,0.0,0.0,0.0,0.0,0.0,0.0,0.0,0.0,0.0,0.0,0.0,0.0,0.0,0.0,0.0,0.0,0.0,0.0,0.0,0.0,0.0,0.0,0.0,0.0,0.0,0.0,0.0,1.0,0.0,0.0,0.0,0.0,0.0,0.0,0.0,0.0
2531,2001-09-12,SZSE:002091,0.0,0.0,0.0,0.0,0.0,0.0,0.0,0.0,0.0,0.0,0.0,0.0,0.0,0.0,0.0,0.0,0.0,0.0,0.0,0.0,0.0,0.0,0.0,0.0,0.0,0.0,0.0,0.0,1.0,0.0,0.0,0.0,0.0,0.0,0.0,0.0,0.0
2532,2001-09-13,SZSE:002091,0.0,0.0,0.0,0.0,0.0,0.0,0.0,0.0,0.0,0.0,0.0,0.0,0.0,0.0,0.0,0.0,0.0,0.0,0.0,0.0,0.0,0.0,0.0,0.0,0.0,0.0,0.0,0.0,1.0,0.0,0.0,0.0,0.0,0.0,0.0,0.0,0.0
2533,2001-09-14,SZSE:002091,0.0,0.0,0.0,0.0,0.0,0.0,0.0,0.0,0.0,0.0,0.0,0.0,0.0,0.0,0.0,0.0,0.0,0.0,0.0,0.0,0.0,0.0,0.0,0.0,0.0,0.0,0.0,0.0,1.0,0.0,0.0,0.0,0.0,0.0,0.0,0.0,0.0
2534,2001-09-17,SZSE:002091,0.0,0.0,0.0,0.0,0.0,0.0,0.0,0.0,0.0,0.0,0.0,0.0,0.0,0.0,0.0,0.0,0.0,0.0,0.0,0.0,0.0,0.0,0.0,0.0,0.0,0.0,0.0,0.0,1.0,0.0,0.0,0.0,0.0,0.0,0.0,0.0,0.0
2535,2001-09-18,SZSE:002091,0.0,0.0,0.0,0.0,0.0,0.0,0.0,0.0,0.0,0.0,0.0,0.0,0.0,0.0,0.0,0.0,0.0,0.0,0.0,0.0,0.0,0.0,0.0,0.0,0.0,0.0,0.0,0.0,1.0,0.0,0.0,0.0,0.0,0.0,0.0,0.0,0.0
2536,2001-09-19,SZSE:002091,0.0,0.0,0.0,0.0,0.0,0.0,0.0,0.0,0.0,0.0,0.0,0.0,0.0,0.0,0.0,0.0,0.0,0.0,0.0,0.0,0.0,0.0,0.0,0.0,0.0,0.0,0.0,0.0,1.0,0.0,0.0,0.0,0.0,0.0,0.0,0.0,0.0
2537,2001-09-20,SZSE:002091,0.0,0.0,0.0,0.0,0.0,0.0,0.0,0.0,0.0,0.0,0.0,0.0,0.0,0.0,0.0,0.0,0.0,0.0,0.0,0.0,0.0,0.0,0.0,0.0,0.0,0.0,0.0,0.0,1.0,0.0,0.0,0.0,0.0,0.0,0.0,0.0,0.0
2538,2001-09-21,SZSE:002091,0.0,0.0,0.0,0.0,0.0,0.0,0.0,0.0,0.0,0.0,0.0,0.0,0.0,0.0,0.0,0.0,0.0,0.0,0.0,0.0,0.0,0.0,0.0,0.0,0.0,0.0,0.0,0.0,1.0,0.0,0.0,0.0,0.0,0.0,0.0,0.0,0.0
2539,2001-09-24,SZSE:002091,0.0,0.0,0.0,0.0,0.0,0.0,0.0,0.0,0.0,0.0,0.0,0.0,0.0,0.0,0.0,0.0,0.0,0.0,0.0,0.0,0.0,0.0,0.0,0.0,0.0,0.0,0.0,0.0,1.0,0.0,0.0,0.0,0.0,0.0,0.0,0.0,0.0
2540,2001-09-25,SZSE:002091,0.0,0.0,0.0,0.0,0.0,0.0,0.0,0.0,0.0,0.0,0.0,0.0,0.0,0.0,0.0,0.0,0.0,0.0,0.0,0.0,0.0,0.0,0.0,0.0,0.0,0.0,0.0,0.0,1.0,0.0,0.0,0.0,0.0,0.0,0.0,0.0,0.0
2541,2001-09-26,SZSE:002091,0.0,0.0,0.0,0.0,0.0,0.0,0.0,0.0,0.0,0.0,0.0,0.0,0.0,0.0,0.0,0.0,0.0,0.0,0.0,0.0,0.0,0.0,0.0,0.0,0.0,0.0,0.0,0.0,1.0,0.0,0.0,0.0,0.0,0.0,0.0,0.0,0.0
2542,2001-09-27,SZSE:002091,0.0,0.0,0.0,0.0,0.0,0.0,0.0,0.0,0.0,0.0,0.0,0.0,0.0,0.0,0.0,0.0,0.0,0.0,0.0,0.0,0.0,0.0,0.0,0.0,0.0,0.0,0.0,0.0,1.0,0.0,0.0,0.0,0.0,0.0,0.0,0.0,0.0
2543,2001-09-28,SZSE:002091,0.0,0.0,0.0,0.0,0.0,0.0,0.0,0.0,0.0,0.0,0.0,0.0,0.0,0.0,0.0,0.0,0.0,0.0,0.0,0.0,0.0,0.0,0.0,0.0,0.0,0.0,0.0,0.0,1.0,0.0,0.0,0.0,0.0,0.0,0.0,0.0,0.0
2544,2001-10-01,SZSE:002091,0.0,0.0,0.0,0.0,0.0,0.0,0.0,0.0,0.0,0.0,0.0,0.0,0.0,0.0,0.0,0.0,0.0,0.0,0.0,0.0,0.0,0.0,0.0,0.0,0.0,0.0,0.0,0.0,1.0,0.0,0.0,0.0,0.0,0.0,0.0,0.0,0.0
2545,2001-10-02,SZSE:002091,0.0,0.0,0.0,0.0,0.0,0.0,0.0,0.0,0.0,0.0,0.0,0.0,0.0,0.0,0.0,0.0,0.0,0.0,0.0,0.0,0.0,0.0,0.0,0.0,0.0,0.0,0.0,0.0,1.0,0.0,0.0,0.0,0.0,0.0,0.0,0.0,0.0
2546,2001-10-03,SZSE:002091,0.0,0.0,0.0,0.0,0.0,0.0,0.0,0.0,0.0,0.0,0.0,0.0,0.0,0.0,0.0,0.0,0.0,0.0,0.0,0.0,0.0,0.0,0.0,0.0,0.0,0.0,0.0,0.0,1.0,0.0,0.0,0.0,0.0,0.0,0.0,0.0,0.0
2547,2001-10-04,SZSE:002091,0.0,0.0,0.0,0.0,0.0,0.0,0.0,0.0,0.0,0.0,0.0,0.0,0.0,0.0,0.0,0.0,0.0,0.0,0.0,0.0,0.0,0.0,0.0,0.0,0.0,0.0,0.0,0.0,1.0,0.0,0.0,0.0,0.0,0.0,0.0,0.0,0.0
2548,2001-10-05,SZSE:002091,0.0,0.0,0.0,0.0,0.0,0.0,0.0,0.0,0.0,0.0,0.0,0.0,0.0,0.0,0.0,0.0,0.0,0.0,0.0,0.0,0.0,0.0,0.0,0.0,0.0,0.0,0.0,0.0,1.0,0.0,0.0,0.0,0.0,0.0,0.0,0.0,0.0
2549,2001-10-08,SZSE:002091,0.0,0.0,0.0,0.0,0.0,0.0,0.0,0.0,0.0,0.0,0.0,0.0,0.0,0.0,0.0,0.0,0.0,0.0,0.0,0.0,0.0,0.0,0.0,0.0,0.0,0.0,0.0,0.0,1.0,0.0,0.0,0.0,0.0,0.0,0.0,0.0,0.0
2550,2001-10-09,SZSE:002091,0.0,0.0,0.0,0.0,0.0,0.0,0.0,0.0,0.0,0.0,0.0,0.0,0.0,0.0,0.0,0.0,0.0,0.0,0.0,0.0,0.0,0.0,0.0,0.0,0.0,0.0,0.0,0.0,1.0,0.0,0.0,0.0,0.0,0.0,0.0,0.0,0.0
2551,2001-10-10,SZSE:002091,0.0,0.0,0.0,0.0,0.0,0.0,0.0,0.0,0.0,0.0,0.0,0.0,0.0,0.0,0.0,0.0,0.0,0.0,0.0,0.0,0.0,0.0,0.0,0.0,0.0,0.0,0.0,0.0,1.0,0.0,0.0,0.0,0.0,0.0,0.0,0.0,0.0
2552,2001-10-11,SZSE:002091,0.0,0.0,0.0,0.0,0.0,0.0,0.0,0.0,0.0,0.0,0.0,0.0,0.0,0.0,0.0,0.0,0.0,0.0,0.0,0.0,0.0,0.0,0.0,0.0,0.0,0.0,0.0,0.0,1.0,0.0,0.0,0.0,0.0,0.0,0.0,0.0,0.0
2553,2001-10-12,SZSE:002091,0.0,0.0,0.0,0.0,0.0,0.0,0.0,0.0,0.0,0.0,0.0,0.0,0.0,0.0,0.0,0.0,0.0,0.0,0.0,0.0,0.0,0.0,0.0,0.0,0.0,0.0,0.0,0.0,1.0,0.0,0.0,0.0,0.0,0.0,0.0,0.0,0.0
2554,2001-10-15,SZSE:002091,0.0,0.0,0.0,0.0,0.0,0.0,0.0,0.0,0.0,0.0,0.0,0.0,0.0,0.0,0.0,0.0,0.0,0.0,0.0,0.0,0.0,0.0,0.0,0.0,0.0,0.0,0.0,0.0,1.0,0.0,0.0,0.0,0.0,0.0,0.0,0.0,0.0
2555,2001-10-16,SZSE:002091,0.0,0.0,0.0,0.0,0.0,0.0,0.0,0.0,0.0,0.0,0.0,0.0,0.0,0.0,0.0,0.0,0.0,0.0,0.0,0.0,0.0,0.0,0.0,0.0,0.0,0.0,0.0,0.0,1.0,0.0,0.0,0.0,0.0,0.0,0.0,0.0,0.0
2556,2001-10-17,SZSE:002091,0.0,0.0,0.0,0.0,0.0,0.0,0.0,0.0,0.0,0.0,0.0,0.0,0.0,0.0,0.0,0.0,0.0,0.0,0.0,0.0,0.0,0.0,0.0,0.0,0.0,0.0,0.0,0.0,1.0,0.0,0.0,0.0,0.0,0.0,0.0,0.0,0.0
2557,2001-10-18,SZSE:002091,0.0,0.0,0.0,0.0,0.0,0.0,0.0,0.0,0.0,0.0,0.0,0.0,0.0,0.0,0.0,0.0,0.0,0.0,0.0,0.0,0.0,0.0,0.0,0.0,0.0,0.0,0.0,0.0,1.0,0.0,0.0,0.0,0.0,0.0,0.0,0.0,0.0
2558,2001-10-19,SZSE:002091,0.0,0.0,0.0,0.0,0.0,0.0,0.0,0.0,0.0,0.0,0.0,0.0,0.0,0.0,0.0,0.0,0.0,0.0,0.0,0.0,0.0,0.0,0.0,0.0,0.0,0.0,0.0,0.0,1.0,0.0,0.0,0.0,0.0,0.0,0.0,0.0,0.0
2559,2001-10-22,SZSE:002091,0.0,0.0,0.0,0.0,0.0,0.0,0.0,0.0,0.0,0.0,0.0,0.0,0.0,0.0,0.0,0.0,0.0,0.0,0.0,0.0,0.0,0.0,0.0,0.0,0.0,0.0,0.0,0.0,1.0,0.0,0.0,0.0,0.0,0.0,0.0,0.0,0.0
2560,2001-10-23,SZSE:002091,0.0,0.0,0.0,0.0,0.0,0.0,0.0,0.0,0.0,0.0,0.0,0.0,0.0,0.0,0.0,0.0,0.0,0.0,0.0,0.0,0.0,0.0,0.0,0.0,0.0,0.0,0.0,0.0,1.0,0.0,0.0,0.0,0.0,0.0,0.0,0.0,0.0
2561,2001-10-24,SZSE:002091,0.0,0.0,0.0,0.0,0.0,0.0,0.0,0.0,0.0,0.0,0.0,0.0,0.0,0.0,0.0,0.0,0.0,0.0,0.0,0.0,0.0,0.0,0.0,0.0,0.0,0.0,0.0,0.0,1.0,0.0,0.0,0.0,0.0,0.0,0.0,0.0,0.0
2562,2001-10-25,SZSE:002091,0.0,0.0,0.0,0.0,0.0,0.0,0.0,0.0,0.0,0.0,0.0,0.0,0.0,0.0,0.0,0.0,0.0,0.0,0.0,0.0,0.0,0.0,0.0,0.0,0.0,0.0,0.0,0.0,1.0,0.0,0.0,0.0,0.0,0.0,0.0,0.0,0.0
2563,2001-10-26,SZSE:002091,0.0,0.0,0.0,0.0,0.0,0.0,0.0,0.0,0.0,0.0,0.0,0.0,0.0,0.0,0.0,0.0,0.0,0.0,0.0,0.0,0.0,0.0,0.0,0.0,0.0,0.0,0.0,0.0,1.0,0.0,0.0,0.0,0.0,0.0,0.0,0.0,0.0
2564,2001-10-29,SZSE:002091,0.0,0.0,0.0,0.0,0.0,0.0,0.0,0.0,0.0,0.0,0.0,0.0,0.0,0.0,0.0,0.0,0.0,0.0,0.0,0.0,0.0,0.0,0.0,0.0,0.0,0.0,0.0,0.0,1.0,0.0,0.0,0.0,0.0,0.0,0.0,0.0,0.0
2565,2001-10-30,SZSE:002091,0.0,0.0,0.0,0.0,0.0,0.0,0.0,0.0,0.0,0.0,0.0,0.0,0.0,0.0,0.0,0.0,0.0,0.0,0.0,0.0,0.0,0.0,0.0,0.0,0.0,0.0,0.0,0.0,1.0,0.0,0.0,0.0,0.0,0.0,0.0,0.0,0.0
2566,2001-10-31,SZSE:002091,0.0,0.0,0.0,0.0,0.0,0.0,0.0,0.0,0.0,0.0,0.0,0.0,0.0,0.0,0.0,0.0,0.0,0.0,0.0,0.0,0.0,0.0,0.0,0.0,0.0,0.0,0.0,0.0,1.0,0.0,0.0,0.0,0.0,0.0,0.0,0.0,0.0
2567,2001-11-01,SZSE:002091,0.0,0.0,0.0,0.0,0.0,0.0,0.0,0.0,0.0,0.0,0.0,0.0,0.0,0.0,0.0,0.0,0.0,0.0,0.0,0.0,0.0,0.0,0.0,0.0,0.0,0.0,0.0,0.0,1.0,0.0,0.0,0.0,0.0,0.0,0.0,0.0,0.0
2568,2001-11-02,SZSE:002091,0.0,0.0,0.0,0.0,0.0,0.0,0.0,0.0,0.0,0.0,0.0,0.0,0.0,0.0,0.0,0.0,0.0,0.0,0.0,0.0,0.0,0.0,0.0,0.0,0.0,0.0,0.0,0.0,1.0,0.0,0.0,0.0,0.0,0.0,0.0,0.0,0.0
2569,2001-11-05,SZSE:002091,0.0,0.0,0.0,0.0,0.0,0.0,0.0,0.0,0.0,0.0,0.0,0.0,0.0,0.0,0.0,0.0,0.0,0.0,0.0,0.0,0.0,0.0,0.0,0.0,0.0,0.0,0.0,0.0,1.0,0.0,0.0,0.0,0.0,0.0,0.0,0.0,0.0
2570,2001-11-06,SZSE:002091,0.0,0.0,0.0,0.0,0.0,0.0,0.0,0.0,0.0,0.0,0.0,0.0,0.0,0.0,0.0,0.0,0.0,0.0,0.0,0.0,0.0,0.0,0.0,0.0,0.0,0.0,0.0,0.0,1.0,0.0,0.0,0.0,0.0,0.0,0.0,0.0,0.0
2571,2001-11-07,SZSE:002091,0.0,0.0,0.0,0.0,0.0,0.0,0.0,0.0,0.0,0.0,0.0,0.0,0.0,0.0,0.0,0.0,0.0,0.0,0.0,0.0,0.0,0.0,0.0,0.0,0.0,0.0,0.0,0.0,1.0,0.0,0.0,0.0,0.0,0.0,0.0,0.0,0.0
2572,2001-11-08,SZSE:002091,0.0,0.0,0.0,0.0,0.0,0.0,0.0,0.0,0.0,0.0,0.0,0.0,0.0,0.0,0.0,0.0,0.0,0.0,0.0,0.0,0.0,0.0,0.0,0.0,0.0,0.0,0.0,0.0,1.0,0.0,0.0,0.0,0.0,0.0,0.0,0.0,0.0
2573,2001-11-09,SZSE:002091,0.0,0.0,0.0,0.0,0.0,0.0,0.0,0.0,0.0,0.0,0.0,0.0,0.0,0.0,0.0,0.0,0.0,0.0,0.0,0.0,0.0,0.0,0.0,0.0,0.0,0.0,0.0,0.0,1.0,0.0,0.0,0.0,0.0,0.0,0.0,0.0,0.0
2574,2001-11-12,SZSE:002091,0.0,0.0,0.0,0.0,0.0,0.0,0.0,0.0,0.0,0.0,0.0,0.0,0.0,0.0,0.0,0.0,0.0,0.0,0.0,0.0,0.0,0.0,0.0,0.0,0.0,0.0,0.0,0.0,1.0,0.0,0.0,0.0,0.0,0.0,0.0,0.0,0.0
2575,2001-11-13,SZSE:002091,0.0,0.0,0.0,0.0,0.0,0.0,0.0,0.0,0.0,0.0,0.0,0.0,0.0,0.0,0.0,0.0,0.0,0.0,0.0,0.0,0.0,0.0,0.0,0.0,0.0,0.0,0.0,0.0,1.0,0.0,0.0,0.0,0.0,0.0,0.0,0.0,0.0
2576,2001-11-14,SZSE:002091,0.0,0.0,0.0,0.0,0.0,0.0,0.0,0.0,0.0,0.0,0.0,0.0,0.0,0.0,0.0,0.0,0.0,0.0,0.0,0.0,0.0,0.0,0.0,0.0,0.0,0.0,0.0,0.0,1.0,0.0,0.0,0.0,0.0,0.0,0.0,0.0,0.0
2577,2001-11-15,SZSE:002091,0.0,0.0,0.0,0.0,0.0,0.0,0.0,0.0,0.0,0.0,0.0,0.0,0.0,0.0,0.0,0.0,0.0,0.0,0.0,0.0,0.0,0.0,0.0,0.0,0.0,0.0,0.0,0.0,1.0,0.0,0.0,0.0,0.0,0.0,0.0,0.0,0.0
2578,2001-11-16,SZSE:002091,0.0,0.0,0.0,0.0,0.0,0.0,0.0,0.0,0.0,0.0,0.0,0.0,0.0,0.0,0.0,0.0,0.0,0.0,0.0,0.0,0.0,0.0,0.0,0.0,0.0,0.0,0.0,0.0,1.0,0.0,0.0,0.0,0.0,0.0,0.0,0.0,0.0
2579,2001-11-19,SZSE:002091,0.0,0.0,0.0,0.0,0.0,0.0,0.0,0.0,0.0,0.0,0.0,0.0,0.0,0.0,0.0,0.0,0.0,0.0,0.0,0.0,0.0,0.0,0.0,0.0,0.0,0.0,0.0,0.0,1.0,0.0,0.0,0.0,0.0,0.0,0.0,0.0,0.0
2580,2001-11-20,SZSE:002091,0.0,0.0,0.0,0.0,0.0,0.0,0.0,0.0,0.0,0.0,0.0,0.0,0.0,0.0,0.0,0.0,0.0,0.0,0.0,0.0,0.0,0.0,0.0,0.0,0.0,0.0,0.0,0.0,1.0,0.0,0.0,0.0,0.0,0.0,0.0,0.0,0.0
2581,2001-11-21,SZSE:002091,0.0,0.0,0.0,0.0,0.0,0.0,0.0,0.0,0.0,0.0,0.0,0.0,0.0,0.0,0.0,0.0,0.0,0.0,0.0,0.0,0.0,0.0,0.0,0.0,0.0,0.0,0.0,0.0,1.0,0.0,0.0,0.0,0.0,0.0,0.0,0.0,0.0
2582,2001-11-22,SZSE:002091,0.0,0.0,0.0,0.0,0.0,0.0,0.0,0.0,0.0,0.0,0.0,0.0,0.0,0.0,0.0,0.0,0.0,0.0,0.0,0.0,0.0,0.0,0.0,0.0,0.0,0.0,0.0,0.0,1.0,0.0,0.0,0.0,0.0,0.0,0.0,0.0,0.0
2583,2001-11-23,SZSE:002091,0.0,0.0,0.0,0.0,0.0,0.0,0.0,0.0,0.0,0.0,0.0,0.0,0.0,0.0,0.0,0.0,0.0,0.0,0.0,0.0,0.0,0.0,0.0,0.0,0.0,0.0,0.0,0.0,1.0,0.0,0.0,0.0,0.0,0.0,0.0,0.0,0.0
2584,2001-11-26,SZSE:002091,0.0,0.0,0.0,0.0,0.0,0.0,0.0,0.0,0.0,0.0,0.0,0.0,0.0,0.0,0.0,0.0,0.0,0.0,0.0,0.0,0.0,0.0,0.0,0.0,0.0,0.0,0.0,0.0,1.0,0.0,0.0,0.0,0.0,0.0,0.0,0.0,0.0
2585,2001-11-27,SZSE:002091,0.0,0.0,0.0,0.0,0.0,0.0,0.0,0.0,0.0,0.0,0.0,0.0,0.0,0.0,0.0,0.0,0.0,0.0,0.0,0.0,0.0,0.0,0.0,0.0,0.0,0.0,0.0,0.0,1.0,0.0,0.0,0.0,0.0,0.0,0.0,0.0,0.0
2586,2001-11-28,SZSE:002091,0.0,0.0,0.0,0.0,0.0,0.0,0.0,0.0,0.0,0.0,0.0,0.0,0.0,0.0,0.0,0.0,0.0,0.0,0.0,0.0,0.0,0.0,0.0,0.0,0.0,0.0,0.0,0.0,1.0,0.0,0.0,0.0,0.0,0.0,0.0,0.0,0.0
2587,2001-11-29,SZSE:002091,0.0,0.0,0.0,0.0,0.0,0.0,0.0,0.0,0.0,0.0,0.0,0.0,0.0,0.0,0.0,0.0,0.0,0.0,0.0,0.0,0.0,0.0,0.0,0.0,0.0,0.0,0.0,0.0,1.0,0.0,0.0,0.0,0.0,0.0,0.0,0.0,0.0
2588,2001-11-30,SZSE:002091,0.0,0.0,0.0,0.0,0.0,0.0,0.0,0.0,0.0,0.0,0.0,0.0,0.0,0.0,0.0,0.0,0.0,0.0,0.0,0.0,0.0,0.0,0.0,0.0,0.0,0.0,0.0,0.0,1.0,0.0,0.0,0.0,0.0,0.0,0.0,0.0,0.0
2589,2001-12-03,SZSE:002091,0.0,0.0,0.0,0.0,0.0,0.0,0.0,0.0,0.0,0.0,0.0,0.0,0.0,0.0,0.0,0.0,0.0,0.0,0.0,0.0,0.0,0.0,0.0,0.0,0.0,0.0,0.0,0.0,1.0,0.0,0.0,0.0,0.0,0.0,0.0,0.0,0.0
2590,2001-12-04,SZSE:002091,0.0,0.0,0.0,0.0,0.0,0.0,0.0,0.0,0.0,0.0,0.0,0.0,0.0,0.0,0.0,0.0,0.0,0.0,0.0,0.0,0.0,0.0,0.0,0.0,0.0,0.0,0.0,0.0,1.0,0.0,0.0,0.0,0.0,0.0,0.0,0.0,0.0
2591,2001-12-05,SZSE:002091,0.0,0.0,0.0,0.0,0.0,0.0,0.0,0.0,0.0,0.0,0.0,0.0,0.0,0.0,0.0,0.0,0.0,0.0,0.0,0.0,0.0,0.0,0.0,0.0,0.0,0.0,0.0,0.0,1.0,0.0,0.0,0.0,0.0,0.0,0.0,0.0,0.0
2592,2001-12-06,SZSE:002091,0.0,0.0,0.0,0.0,0.0,0.0,0.0,0.0,0.0,0.0,0.0,0.0,0.0,0.0,0.0,0.0,0.0,0.0,0.0,0.0,0.0,0.0,0.0,0.0,0.0,0.0,0.0,0.0,1.0,0.0,0.0,0.0,0.0,0.0,0.0,0.0,0.0
2593,2001-12-07,SZSE:002091,0.0,0.0,0.0,0.0,0.0,0.0,0.0,0.0,0.0,0.0,0.0,0.0,0.0,0.0,0.0,0.0,0.0,0.0,0.0,0.0,0.0,0.0,0.0,0.0,0.0,0.0,0.0,0.0,1.0,0.0,0.0,0.0,0.0,0.0,0.0,0.0,0.0
2594,2001-12-10,SZSE:002091,0.0,0.0,0.0,0.0,0.0,0.0,0.0,0.0,0.0,0.0,0.0,0.0,0.0,0.0,0.0,0.0,0.0,0.0,0.0,0.0,0.0,0.0,0.0,0.0,0.0,0.0,0.0,0.0,1.0,0.0,0.0,0.0,0.0,0.0,0.0,0.0,0.0
2595,2001-12-11,SZSE:002091,0.0,0.0,0.0,0.0,0.0,0.0,0.0,0.0,0.0,0.0,0.0,0.0,0.0,0.0,0.0,0.0,0.0,0.0,0.0,0.0,0.0,0.0,0.0,0.0,0.0,0.0,0.0,0.0,1.0,0.0,0.0,0.0,0.0,0.0,0.0,0.0,0.0
2596,2001-12-12,SZSE:002091,0.0,0.0,0.0,0.0,0.0,0.0,0.0,0.0,0.0,0.0,0.0,0.0,0.0,0.0,0.0,0.0,0.0,0.0,0.0,0.0,0.0,0.0,0.0,0.0,0.0,0.0,0.0,0.0,1.0,0.0,0.0,0.0,0.0,0.0,0.0,0.0,0.0
2597,2001-12-13,SZSE:002091,0.0,0.0,0.0,0.0,0.0,0.0,0.0,0.0,0.0,0.0,0.0,0.0,0.0,0.0,0.0,0.0,0.0,0.0,0.0,0.0,0.0,0.0,0.0,0.0,0.0,0.0,0.0,0.0,1.0,0.0,0.0,0.0,0.0,0.0,0.0,0.0,0.0
2598,2001-12-14,SZSE:002091,0.0,0.0,0.0,0.0,0.0,0.0,0.0,0.0,0.0,0.0,0.0,0.0,0.0,0.0,0.0,0.0,0.0,0.0,0.0,0.0,0.0,0.0,0.0,0.0,0.0,0.0,0.0,0.0,1.0,0.0,0.0,0.0,0.0,0.0,0.0,0.0,0.0
2599,2001-12-17,SZSE:002091,0.0,0.0,0.0,0.0,0.0,0.0,0.0,0.0,0.0,0.0,0.0,0.0,0.0,0.0,0.0,0.0,0.0,0.0,0.0,0.0,0.0,0.0,0.0,0.0,0.0,0.0,0.0,0.0,1.0,0.0,0.0,0.0,0.0,0.0,0.0,0.0,0.0
2600,2001-12-18,SZSE:002091,0.0,0.0,0.0,0.0,0.0,0.0,0.0,0.0,0.0,0.0,0.0,0.0,0.0,0.0,0.0,0.0,0.0,0.0,0.0,0.0,0.0,0.0,0.0,0.0,0.0,0.0,0.0,0.0,1.0,0.0,0.0,0.0,0.0,0.0,0.0,0.0,0.0
2601,2001-12-19,SZSE:002091,0.0,0.0,0.0,0.0,0.0,0.0,0.0,0.0,0.0,0.0,0.0,0.0,0.0,0.0,0.0,0.0,0.0,0.0,0.0,0.0,0.0,0.0,0.0,0.0,0.0,0.0,0.0,0.0,1.0,0.0,0.0,0.0,0.0,0.0,0.0,0.0,0.0
2602,2001-12-20,SZSE:002091,0.0,0.0,0.0,0.0,0.0,0.0,0.0,0.0,0.0,0.0,0.0,0.0,0.0,0.0,0.0,0.0,0.0,0.0,0.0,0.0,0.0,0.0,0.0,0.0,0.0,0.0,0.0,0.0,1.0,0.0,0.0,0.0,0.0,0.0,0.0,0.0,0.0
2603,2001-12-21,SZSE:002091,0.0,0.0,0.0,0.0,0.0,0.0,0.0,0.0,0.0,0.0,0.0,0.0,0.0,0.0,0.0,0.0,0.0,0.0,0.0,0.0,0.0,0.0,0.0,0.0,0.0,0.0,0.0,0.0,1.0,0.0,0.0,0.0,0.0,0.0,0.0,0.0,0.0
2604,2001-12-24,SZSE:002091,0.0,0.0,0.0,0.0,0.0,0.0,0.0,0.0,0.0,0.0,0.0,0.0,0.0,0.0,0.0,0.0,0.0,0.0,0.0,0.0,0.0,0.0,0.0,0.0,0.0,0.0,0.0,0.0,1.0,0.0,0.0,0.0,0.0,0.0,0.0,0.0,0.0
2605,2001-12-25,SZSE:002091,0.0,0.0,0.0,0.0,0.0,0.0,0.0,0.0,0.0,0.0,0.0,0.0,0.0,0.0,0.0,0.0,0.0,0.0,0.0,0.0,0.0,0.0,0.0,0.0,0.0,0.0,0.0,0.0,1.0,0.0,0.0,0.0,0.0,0.0,0.0,0.0,0.0
2606,2001-12-26,SZSE:002091,0.0,0.0,0.0,0.0,0.0,0.0,0.0,0.0,0.0,0.0,0.0,0.0,0.0,0.0,0.0,0.0,0.0,0.0,0.0,0.0,0.0,0.0,0.0,0.0,0.0,0.0,0.0,0.0,1.0,0.0,0.0,0.0,0.0,0.0,0.0,0.0,0.0
2607,2001-12-27,SZSE:002091,0.0,0.0,0.0,0.0,0.0,0.0,0.0,0.0,0.0,0.0,0.0,0.0,0.0,0.0,0.0,0.0,0.0,0.0,0.0,0.0,0.0,0.0,0.0,0.0,0.0,0.0,0.0,0.0,1.0,0.0,0.0,0.0,0.0,0.0,0.0,0.0,0.0
2608,2001-12-28,SZSE:002091,0.0,0.0,0.0,0.0,0.0,0.0,0.0,0.0,0.0,0.0,0.0,0.0,0.0,0.0,0.0,0.0,0.0,0.0,0.0,0.0,0.0,0.0,0.0,0.0,0.0,0.0,0.0,0.0,1.0,0.0,0.0,0.0,0.0,0.0,0.0,0.0,0.0
2609,2001-12-31,SZSE:002091,0.0,0.0,0.0,0.0,0.0,0.0,0.0,0.0,0.0,0.0,0.0,0.0,0.0,0.0,0.0,0.0,0.0,0.0,0.0,0.0,0.0,0.0,0.0,0.0,0.0,0.0,0.0,0.0,1.0,0.0,0.0,0.0,0.0,0.0,0.0,0.0,0.0
2610,2002-01-01,SZSE:002091,0.0,0.0,0.0,0.0,0.0,0.0,0.0,0.0,0.0,0.0,0.0,0.0,0.0,0.0,0.0,0.0,0.0,0.0,0.0,0.0,0.0,0.0,0.0,0.0,0.0,0.0,0.0,0.0,1.0,0.0,0.0,0.0,0.0,0.0,0.0,0.0,0.0
2611,2002-01-02,SZSE:002091,0.0,0.0,0.0,0.0,0.0,0.0,0.0,0.0,0.0,0.0,0.0,0.0,0.0,0.0,0.0,0.0,0.0,0.0,0.0,0.0,0.0,0.0,0.0,0.0,0.0,0.0,0.0,0.0,1.0,0.0,0.0,0.0,0.0,0.0,0.0,0.0,0.0
2612,2002-01-03,SZSE:002091,0.0,0.0,0.0,0.0,0.0,0.0,0.0,0.0,0.0,0.0,0.0,0.0,0.0,0.0,0.0,0.0,0.0,0.0,0.0,0.0,0.0,0.0,0.0,0.0,0.0,0.0,0.0,0.0,1.0,0.0,0.0,0.0,0.0,0.0,0.0,0.0,0.0
2613,2002-01-04,SZSE:002091,0.0,0.0,0.0,0.0,0.0,0.0,0.0,0.0,0.0,0.0,0.0,0.0,0.0,0.0,0.0,0.0,0.0,0.0,0.0,0.0,0.0,0.0,0.0,0.0,0.0,0.0,0.0,0.0,1.0,0.0,0.0,0.0,0.0,0.0,0.0,0.0,0.0
2614,2002-01-07,SZSE:002091,0.0,0.0,0.0,0.0,0.0,0.0,0.0,0.0,0.0,0.0,0.0,0.0,0.0,0.0,0.0,0.0,0.0,0.0,0.0,0.0,0.0,0.0,0.0,0.0,0.0,0.0,0.0,0.0,1.0,0.0,0.0,0.0,0.0,0.0,0.0,0.0,0.0
2615,2002-01-08,SZSE:002091,0.0,0.0,0.0,0.0,0.0,0.0,0.0,0.0,0.0,0.0,0.0,0.0,0.0,0.0,0.0,0.0,0.0,0.0,0.0,0.0,0.0,0.0,0.0,0.0,0.0,0.0,0.0,0.0,1.0,0.0,0.0,0.0,0.0,0.0,0.0,0.0,0.0
2616,2002-01-09,SZSE:002091,0.0,0.0,0.0,0.0,0.0,0.0,0.0,0.0,0.0,0.0,0.0,0.0,0.0,0.0,0.0,0.0,0.0,0.0,0.0,0.0,0.0,0.0,0.0,0.0,0.0,0.0,0.0,0.0,1.0,0.0,0.0,0.0,0.0,0.0,0.0,0.0,0.0
2617,2002-01-10,SZSE:002091,0.0,0.0,0.0,0.0,0.0,0.0,0.0,0.0,0.0,0.0,0.0,0.0,0.0,0.0,0.0,0.0,0.0,0.0,0.0,0.0,0.0,0.0,0.0,0.0,0.0,0.0,0.0,0.0,1.0,0.0,0.0,0.0,0.0,0.0,0.0,0.0,0.0
2618,2002-01-11,SZSE:002091,0.0,0.0,0.0,0.0,0.0,0.0,0.0,0.0,0.0,0.0,0.0,0.0,0.0,0.0,0.0,0.0,0.0,0.0,0.0,0.0,0.0,0.0,0.0,0.0,0.0,0.0,0.0,0.0,1.0,0.0,0.0,0.0,0.0,0.0,0.0,0.0,0.0
2619,2002-01-14,SZSE:002091,0.0,0.0,0.0,0.0,0.0,0.0,0.0,0.0,0.0,0.0,0.0,0.0,0.0,0.0,0.0,0.0,0.0,0.0,0.0,0.0,0.0,0.0,0.0,0.0,0.0,0.0,0.0,0.0,1.0,0.0,0.0,0.0,0.0,0.0,0.0,0.0,0.0
2620,2002-01-15,SZSE:002091,0.0,0.0,0.0,0.0,0.0,0.0,0.0,0.0,0.0,0.0,0.0,0.0,0.0,0.0,0.0,0.0,0.0,0.0,0.0,0.0,0.0,0.0,0.0,0.0,0.0,0.0,0.0,0.0,1.0,0.0,0.0,0.0,0.0,0.0,0.0,0.0,0.0
2621,2002-01-16,SZSE:002091,0.0,0.0,0.0,0.0,0.0,0.0,0.0,0.0,0.0,0.0,0.0,0.0,0.0,0.0,0.0,0.0,0.0,0.0,0.0,0.0,0.0,0.0,0.0,0.0,0.0,0.0,0.0,0.0,1.0,0.0,0.0,0.0,0.0,0.0,0.0,0.0,0.0
2622,2002-01-17,SZSE:002091,0.0,0.0,0.0,0.0,0.0,0.0,0.0,0.0,0.0,0.0,0.0,0.0,0.0,0.0,0.0,0.0,0.0,0.0,0.0,0.0,0.0,0.0,0.0,0.0,0.0,0.0,0.0,0.0,1.0,0.0,0.0,0.0,0.0,0.0,0.0,0.0,0.0
2623,2002-01-18,SZSE:002091,0.0,0.0,0.0,0.0,0.0,0.0,0.0,0.0,0.0,0.0,0.0,0.0,0.0,0.0,0.0,0.0,0.0,0.0,0.0,0.0,0.0,0.0,0.0,0.0,0.0,0.0,0.0,0.0,1.0,0.0,0.0,0.0,0.0,0.0,0.0,0.0,0.0
2624,2002-01-21,SZSE:002091,0.0,0.0,0.0,0.0,0.0,0.0,0.0,0.0,0.0,0.0,0.0,0.0,0.0,0.0,0.0,0.0,0.0,0.0,0.0,0.0,0.0,0.0,0.0,0.0,0.0,0.0,0.0,0.0,1.0,0.0,0.0,0.0,0.0,0.0,0.0,0.0,0.0
2625,2002-01-22,SZSE:002091,0.0,0.0,0.0,0.0,0.0,0.0,0.0,0.0,0.0,0.0,0.0,0.0,0.0,0.0,0.0,0.0,0.0,0.0,0.0,0.0,0.0,0.0,0.0,0.0,0.0,0.0,0.0,0.0,1.0,0.0,0.0,0.0,0.0,0.0,0.0,0.0,0.0
2626,2002-01-23,SZSE:002091,0.0,0.0,0.0,0.0,0.0,0.0,0.0,0.0,0.0,0.0,0.0,0.0,0.0,0.0,0.0,0.0,0.0,0.0,0.0,0.0,0.0,0.0,0.0,0.0,0.0,0.0,0.0,0.0,1.0,0.0,0.0,0.0,0.0,0.0,0.0,0.0,0.0
2627,2002-01-24,SZSE:002091,0.0,0.0,0.0,0.0,0.0,0.0,0.0,0.0,0.0,0.0,0.0,0.0,0.0,0.0,0.0,0.0,0.0,0.0,0.0,0.0,0.0,0.0,0.0,0.0,0.0,0.0,0.0,0.0,1.0,0.0,0.0,0.0,0.0,0.0,0.0,0.0,0.0
2628,2002-01-25,SZSE:002091,0.0,0.0,0.0,0.0,0.0,0.0,0.0,0.0,0.0,0.0,0.0,0.0,0.0,0.0,0.0,0.0,0.0,0.0,0.0,0.0,0.0,0.0,0.0,0.0,0.0,0.0,0.0,0.0,1.0,0.0,0.0,0.0,0.0,0.0,0.0,0.0,0.0
2629,2002-01-28,SZSE:002091,0.0,0.0,0.0,0.0,0.0,0.0,0.0,0.0,0.0,0.0,0.0,0.0,0.0,0.0,0.0,0.0,0.0,0.0,0.0,0.0,0.0,0.0,0.0,0.0,0.0,0.0,0.0,0.0,1.0,0.0,0.0,0.0,0.0,0.0,0.0,0.0,0.0
2630,2002-01-29,SZSE:002091,0.0,0.0,0.0,0.0,0.0,0.0,0.0,0.0,0.0,0.0,0.0,0.0,0.0,0.0,0.0,0.0,0.0,0.0,0.0,0.0,0.0,0.0,0.0,0.0,0.0,0.0,0.0,0.0,1.0,0.0,0.0,0.0,0.0,0.0,0.0,0.0,0.0
2631,2002-01-30,SZSE:002091,0.0,0.0,0.0,0.0,0.0,0.0,0.0,0.0,0.0,0.0,0.0,0.0,0.0,0.0,0.0,0.0,0.0,0.0,0.0,0.0,0.0,0.0,0.0,0.0,0.0,0.0,0.0,0.0,1.0,0.0,0.0,0.0,0.0,0.0,0.0,0.0,0.0
2632,2002-01-31,SZSE:002091,0.0,0.0,0.0,0.0,0.0,0.0,0.0,0.0,0.0,0.0,0.0,0.0,0.0,0.0,0.0,0.0,0.0,0.0,0.0,0.0,0.0,0.0,0.0,0.0,0.0,0.0,0.0,0.0,1.0,0.0,0.0,0.0,0.0,0.0,0.0,0.0,0.0
2633,2002-02-01,SZSE:002091,0.0,0.0,0.0,0.0,0.0,0.0,0.0,0.0,0.0,0.0,0.0,0.0,0.0,0.0,0.0,0.0,0.0,0.0,0.0,0.0,0.0,0.0,0.0,0.0,0.0,0.0,0.0,0.0,1.0,0.0,0.0,0.0,0.0,0.0,0.0,0.0,0.0
2634,2002-02-04,SZSE:002091,0.0,0.0,0.0,0.0,0.0,0.0,0.0,0.0,0.0,0.0,0.0,0.0,0.0,0.0,0.0,0.0,0.0,0.0,0.0,0.0,0.0,0.0,0.0,0.0,0.0,0.0,0.0,0.0,1.0,0.0,0.0,0.0,0.0,0.0,0.0,0.0,0.0
2635,2002-02-05,SZSE:002091,0.0,0.0,0.0,0.0,0.0,0.0,0.0,0.0,0.0,0.0,0.0,0.0,0.0,0.0,0.0,0.0,0.0,0.0,0.0,0.0,0.0,0.0,0.0,0.0,0.0,0.0,0.0,0.0,1.0,0.0,0.0,0.0,0.0,0.0,0.0,0.0,0.0
2636,2002-02-06,SZSE:002091,0.0,0.0,0.0,0.0,0.0,0.0,0.0,0.0,0.0,0.0,0.0,0.0,0.0,0.0,0.0,0.0,0.0,0.0,0.0,0.0,0.0,0.0,0.0,0.0,0.0,0.0,0.0,0.0,1.0,0.0,0.0,0.0,0.0,0.0,0.0,0.0,0.0
2637,2002-02-07,SZSE:002091,0.0,0.0,0.0,0.0,0.0,0.0,0.0,0.0,0.0,0.0,0.0,0.0,0.0,0.0,0.0,0.0,0.0,0.0,0.0,0.0,0.0,0.0,0.0,0.0,0.0,0.0,0.0,0.0,1.0,0.0,0.0,0.0,0.0,0.0,0.0,0.0,0.0
2638,2002-02-08,SZSE:002091,0.0,0.0,0.0,0.0,0.0,0.0,0.0,0.0,0.0,0.0,0.0,0.0,0.0,0.0,0.0,0.0,0.0,0.0,0.0,0.0,0.0,0.0,0.0,0.0,0.0,0.0,0.0,0.0,1.0,0.0,0.0,0.0,0.0,0.0,0.0,0.0,0.0
2639,2002-02-11,SZSE:002091,0.0,0.0,0.0,0.0,0.0,0.0,0.0,0.0,0.0,0.0,0.0,0.0,0.0,0.0,0.0,0.0,0.0,0.0,0.0,0.0,0.0,0.0,0.0,0.0,0.0,0.0,0.0,0.0,1.0,0.0,0.0,0.0,0.0,0.0,0.0,0.0,0.0
2640,2002-02-12,SZSE:002091,0.0,0.0,0.0,0.0,0.0,0.0,0.0,0.0,0.0,0.0,0.0,0.0,0.0,0.0,0.0,0.0,0.0,0.0,0.0,0.0,0.0,0.0,0.0,0.0,0.0,0.0,0.0,0.0,1.0,0.0,0.0,0.0,0.0,0.0,0.0,0.0,0.0
2641,2002-02-13,SZSE:002091,0.0,0.0,0.0,0.0,0.0,0.0,0.0,0.0,0.0,0.0,0.0,0.0,0.0,0.0,0.0,0.0,0.0,0.0,0.0,0.0,0.0,0.0,0.0,0.0,0.0,0.0,0.0,0.0,1.0,0.0,0.0,0.0,0.0,0.0,0.0,0.0,0.0
2642,2002-02-14,SZSE:002091,0.0,0.0,0.0,0.0,0.0,0.0,0.0,0.0,0.0,0.0,0.0,0.0,0.0,0.0,0.0,0.0,0.0,0.0,0.0,0.0,0.0,0.0,0.0,0.0,0.0,0.0,0.0,0.0,1.0,0.0,0.0,0.0,0.0,0.0,0.0,0.0,0.0
2643,2002-02-15,SZSE:002091,0.0,0.0,0.0,0.0,0.0,0.0,0.0,0.0,0.0,0.0,0.0,0.0,0.0,0.0,0.0,0.0,0.0,0.0,0.0,0.0,0.0,0.0,0.0,0.0,0.0,0.0,0.0,0.0,1.0,0.0,0.0,0.0,0.0,0.0,0.0,0.0,0.0
2644,2002-02-18,SZSE:002091,0.0,0.0,0.0,0.0,0.0,0.0,0.0,0.0,0.0,0.0,0.0,0.0,0.0,0.0,0.0,0.0,0.0,0.0,0.0,0.0,0.0,0.0,0.0,0.0,0.0,0.0,0.0,0.0,1.0,0.0,0.0,0.0,0.0,0.0,0.0,0.0,0.0
2645,2002-02-19,SZSE:002091,0.0,0.0,0.0,0.0,0.0,0.0,0.0,0.0,0.0,0.0,0.0,0.0,0.0,0.0,0.0,0.0,0.0,0.0,0.0,0.0,0.0,0.0,0.0,0.0,0.0,0.0,0.0,0.0,1.0,0.0,0.0,0.0,0.0,0.0,0.0,0.0,0.0
2646,2002-02-20,SZSE:002091,0.0,0.0,0.0,0.0,0.0,0.0,0.0,0.0,0.0,0.0,0.0,0.0,0.0,0.0,0.0,0.0,0.0,0.0,0.0,0.0,0.0,0.0,0.0,0.0,0.0,0.0,0.0,0.0,1.0,0.0,0.0,0.0,0.0,0.0,0.0,0.0,0.0
2647,2002-02-21,SZSE:002091,0.0,0.0,0.0,0.0,0.0,0.0,0.0,0.0,0.0,0.0,0.0,0.0,0.0,0.0,0.0,0.0,0.0,0.0,0.0,0.0,0.0,0.0,0.0,0.0,0.0,0.0,0.0,0.0,1.0,0.0,0.0,0.0,0.0,0.0,0.0,0.0,0.0
2648,2002-02-22,SZSE:002091,0.0,0.0,0.0,0.0,0.0,0.0,0.0,0.0,0.0,0.0,0.0,0.0,0.0,0.0,0.0,0.0,0.0,0.0,0.0,0.0,0.0,0.0,0.0,0.0,0.0,0.0,0.0,0.0,1.0,0.0,0.0,0.0,0.0,0.0,0.0,0.0,0.0
2649,2002-02-25,SZSE:002091,0.0,0.0,0.0,0.0,0.0,0.0,0.0,0.0,0.0,0.0,0.0,0.0,0.0,0.0,0.0,0.0,0.0,0.0,0.0,0.0,0.0,0.0,0.0,0.0,0.0,0.0,0.0,0.0,1.0,0.0,0.0,0.0,0.0,0.0,0.0,0.0,0.0
2650,2002-02-26,SZSE:002091,0.0,0.0,0.0,0.0,0.0,0.0,0.0,0.0,0.0,0.0,0.0,0.0,0.0,0.0,0.0,0.0,0.0,0.0,0.0,0.0,0.0,0.0,0.0,0.0,0.0,0.0,0.0,0.0,1.0,0.0,0.0,0.0,0.0,0.0,0.0,0.0,0.0
2651,2002-02-27,SZSE:002091,0.0,0.0,0.0,0.0,0.0,0.0,0.0,0.0,0.0,0.0,0.0,0.0,0.0,0.0,0.0,0.0,0.0,0.0,0.0,0.0,0.0,0.0,0.0,0.0,0.0,0.0,0.0,0.0,1.0,0.0,0.0,0.0,0.0,0.0,0.0,0.0,0.0
2652,2002-02-28,SZSE:002091,0.0,0.0,0.0,0.0,0.0,0.0,0.0,0.0,0.0,0.0,0.0,0.0,0.0,0.0,0.0,0.0,0.0,0.0,0.0,0.0,0.0,0.0,0.0,0.0,0.0,0.0,0.0,0.0,1.0,0.0,0.0,0.0,0.0,0.0,0.0,0.0,0.0
2653,2002-03-01,SZSE:002091,0.0,0.0,0.0,0.0,0.0,0.0,0.0,0.0,0.0,0.0,0.0,0.0,0.0,0.0,0.0,0.0,0.0,0.0,0.0,0.0,0.0,0.0,0.0,0.0,0.0,0.0,0.0,0.0,1.0,0.0,0.0,0.0,0.0,0.0,0.0,0.0,0.0
2654,2002-03-04,SZSE:002091,0.0,0.0,0.0,0.0,0.0,0.0,0.0,0.0,0.0,0.0,0.0,0.0,0.0,0.0,0.0,0.0,0.0,0.0,0.0,0.0,0.0,0.0,0.0,0.0,0.0,0.0,0.0,0.0,1.0,0.0,0.0,0.0,0.0,0.0,0.0,0.0,0.0
2655,2002-03-05,SZSE:002091,0.0,0.0,0.0,0.0,0.0,0.0,0.0,0.0,0.0,0.0,0.0,0.0,0.0,0.0,0.0,0.0,0.0,0.0,0.0,0.0,0.0,0.0,0.0,0.0,0.0,0.0,0.0,0.0,1.0,0.0,0.0,0.0,0.0,0.0,0.0,0.0,0.0
2656,2002-03-06,SZSE:002091,0.0,0.0,0.0,0.0,0.0,0.0,0.0,0.0,0.0,0.0,0.0,0.0,0.0,0.0,0.0,0.0,0.0,0.0,0.0,0.0,0.0,0.0,0.0,0.0,0.0,0.0,0.0,0.0,1.0,0.0,0.0,0.0,0.0,0.0,0.0,0.0,0.0
2657,2002-03-07,SZSE:002091,0.0,0.0,0.0,0.0,0.0,0.0,0.0,0.0,0.0,0.0,0.0,0.0,0.0,0.0,0.0,0.0,0.0,0.0,0.0,0.0,0.0,0.0,0.0,0.0,0.0,0.0,0.0,0.0,1.0,0.0,0.0,0.0,0.0,0.0,0.0,0.0,0.0
2658,2002-03-08,SZSE:002091,0.0,0.0,0.0,0.0,0.0,0.0,0.0,0.0,0.0,0.0,0.0,0.0,0.0,0.0,0.0,0.0,0.0,0.0,0.0,0.0,0.0,0.0,0.0,0.0,0.0,0.0,0.0,0.0,1.0,0.0,0.0,0.0,0.0,0.0,0.0,0.0,0.0
2659,2002-03-11,SZSE:002091,0.0,0.0,0.0,0.0,0.0,0.0,0.0,0.0,0.0,0.0,0.0,0.0,0.0,0.0,0.0,0.0,0.0,0.0,0.0,0.0,0.0,0.0,0.0,0.0,0.0,0.0,0.0,0.0,1.0,0.0,0.0,0.0,0.0,0.0,0.0,0.0,0.0
2660,2002-03-12,SZSE:002091,0.0,0.0,0.0,0.0,0.0,0.0,0.0,0.0,0.0,0.0,0.0,0.0,0.0,0.0,0.0,0.0,0.0,0.0,0.0,0.0,0.0,0.0,0.0,0.0,0.0,0.0,0.0,0.0,1.0,0.0,0.0,0.0,0.0,0.0,0.0,0.0,0.0
2661,2002-03-13,SZSE:002091,0.0,0.0,0.0,0.0,0.0,0.0,0.0,0.0,0.0,0.0,0.0,0.0,0.0,0.0,0.0,0.0,0.0,0.0,0.0,0.0,0.0,0.0,0.0,0.0,0.0,0.0,0.0,0.0,1.0,0.0,0.0,0.0,0.0,0.0,0.0,0.0,0.0
2662,2002-03-14,SZSE:002091,0.0,0.0,0.0,0.0,0.0,0.0,0.0,0.0,0.0,0.0,0.0,0.0,0.0,0.0,0.0,0.0,0.0,0.0,0.0,0.0,0.0,0.0,0.0,0.0,0.0,0.0,0.0,0.0,1.0,0.0,0.0,0.0,0.0,0.0,0.0,0.0,0.0
2663,2002-03-15,SZSE:002091,0.0,0.0,0.0,0.0,0.0,0.0,0.0,0.0,0.0,0.0,0.0,0.0,0.0,0.0,0.0,0.0,0.0,0.0,0.0,0.0,0.0,0.0,0.0,0.0,0.0,0.0,0.0,0.0,1.0,0.0,0.0,0.0,0.0,0.0,0.0,0.0,0.0
2664,2002-03-18,SZSE:002091,0.0,0.0,0.0,0.0,0.0,0.0,0.0,0.0,0.0,0.0,0.0,0.0,0.0,0.0,0.0,0.0,0.0,0.0,0.0,0.0,0.0,0.0,0.0,0.0,0.0,0.0,0.0,0.0,1.0,0.0,0.0,0.0,0.0,0.0,0.0,0.0,0.0
2665,2002-03-19,SZSE:002091,0.0,0.0,0.0,0.0,0.0,0.0,0.0,0.0,0.0,0.0,0.0,0.0,0.0,0.0,0.0,0.0,0.0,0.0,0.0,0.0,0.0,0.0,0.0,0.0,0.0,0.0,0.0,0.0,1.0,0.0,0.0,0.0,0.0,0.0,0.0,0.0,0.0
2666,2002-03-20,SZSE:002091,0.0,0.0,0.0,0.0,0.0,0.0,0.0,0.0,0.0,0.0,0.0,0.0,0.0,0.0,0.0,0.0,0.0,0.0,0.0,0.0,0.0,0.0,0.0,0.0,0.0,0.0,0.0,0.0,1.0,0.0,0.0,0.0,0.0,0.0,0.0,0.0,0.0
2667,2002-03-21,SZSE:002091,0.0,0.0,0.0,0.0,0.0,0.0,0.0,0.0,0.0,0.0,0.0,0.0,0.0,0.0,0.0,0.0,0.0,0.0,0.0,0.0,0.0,0.0,0.0,0.0,0.0,0.0,0.0,0.0,1.0,0.0,0.0,0.0,0.0,0.0,0.0,0.0,0.0
2668,2002-03-22,SZSE:002091,0.0,0.0,0.0,0.0,0.0,0.0,0.0,0.0,0.0,0.0,0.0,0.0,0.0,0.0,0.0,0.0,0.0,0.0,0.0,0.0,0.0,0.0,0.0,0.0,0.0,0.0,0.0,0.0,1.0,0.0,0.0,0.0,0.0,0.0,0.0,0.0,0.0
2669,2002-03-25,SZSE:002091,0.0,0.0,0.0,0.0,0.0,0.0,0.0,0.0,0.0,0.0,0.0,0.0,0.0,0.0,0.0,0.0,0.0,0.0,0.0,0.0,0.0,0.0,0.0,0.0,0.0,0.0,0.0,0.0,1.0,0.0,0.0,0.0,0.0,0.0,0.0,0.0,0.0
2670,2002-03-26,SZSE:002091,0.0,0.0,0.0,0.0,0.0,0.0,0.0,0.0,0.0,0.0,0.0,0.0,0.0,0.0,0.0,0.0,0.0,0.0,0.0,0.0,0.0,0.0,0.0,0.0,0.0,0.0,0.0,0.0,1.0,0.0,0.0,0.0,0.0,0.0,0.0,0.0,0.0
2671,2002-03-27,SZSE:002091,0.0,0.0,0.0,0.0,0.0,0.0,0.0,0.0,0.0,0.0,0.0,0.0,0.0,0.0,0.0,0.0,0.0,0.0,0.0,0.0,0.0,0.0,0.0,0.0,0.0,0.0,0.0,0.0,1.0,0.0,0.0,0.0,0.0,0.0,0.0,0.0,0.0
2672,2002-03-28,SZSE:002091,0.0,0.0,0.0,0.0,0.0,0.0,0.0,0.0,0.0,0.0,0.0,0.0,0.0,0.0,0.0,0.0,0.0,0.0,0.0,0.0,0.0,0.0,0.0,0.0,0.0,0.0,0.0,0.0,1.0,0.0,0.0,0.0,0.0,0.0,0.0,0.0,0.0
2673,2002-03-29,SZSE:002091,0.0,0.0,0.0,0.0,0.0,0.0,0.0,0.0,0.0,0.0,0.0,0.0,0.0,0.0,0.0,0.0,0.0,0.0,0.0,0.0,0.0,0.0,0.0,0.0,0.0,0.0,0.0,0.0,1.0,0.0,0.0,0.0,0.0,0.0,0.0,0.0,0.0
2674,2002-04-01,SZSE:002091,0.0,0.0,0.0,0.0,0.0,0.0,0.0,0.0,0.0,0.0,0.0,0.0,0.0,0.0,0.0,0.0,0.0,0.0,0.0,0.0,0.0,0.0,0.0,0.0,0.0,0.0,0.0,0.0,1.0,0.0,0.0,0.0,0.0,0.0,0.0,0.0,0.0
2675,2002-04-02,SZSE:002091,0.0,0.0,0.0,0.0,0.0,0.0,0.0,0.0,0.0,0.0,0.0,0.0,0.0,0.0,0.0,0.0,0.0,0.0,0.0,0.0,0.0,0.0,0.0,0.0,0.0,0.0,0.0,0.0,1.0,0.0,0.0,0.0,0.0,0.0,0.0,0.0,0.0
2676,2002-04-03,SZSE:002091,0.0,0.0,0.0,0.0,0.0,0.0,0.0,0.0,0.0,0.0,0.0,0.0,0.0,0.0,0.0,0.0,0.0,0.0,0.0,0.0,0.0,0.0,0.0,0.0,0.0,0.0,0.0,0.0,1.0,0.0,0.0,0.0,0.0,0.0,0.0,0.0,0.0
2677,2002-04-04,SZSE:002091,0.0,0.0,0.0,0.0,0.0,0.0,0.0,0.0,0.0,0.0,0.0,0.0,0.0,0.0,0.0,0.0,0.0,0.0,0.0,0.0,0.0,0.0,0.0,0.0,0.0,0.0,0.0,0.0,1.0,0.0,0.0,0.0,0.0,0.0,0.0,0.0,0.0
2678,2002-04-05,SZSE:002091,0.0,0.0,0.0,0.0,0.0,0.0,0.0,0.0,0.0,0.0,0.0,0.0,0.0,0.0,0.0,0.0,0.0,0.0,0.0,0.0,0.0,0.0,0.0,0.0,0.0,0.0,0.0,0.0,1.0,0.0,0.0,0.0,0.0,0.0,0.0,0.0,0.0
2679,2002-04-08,SZSE:002091,0.0,0.0,0.0,0.0,0.0,0.0,0.0,0.0,0.0,0.0,0.0,0.0,0.0,0.0,0.0,0.0,0.0,0.0,0.0,0.0,0.0,0.0,0.0,0.0,0.0,0.0,0.0,0.0,1.0,0.0,0.0,0.0,0.0,0.0,0.0,0.0,0.0
2680,2002-04-09,SZSE:002091,0.0,0.0,0.0,0.0,0.0,0.0,0.0,0.0,0.0,0.0,0.0,0.0,0.0,0.0,0.0,0.0,0.0,0.0,0.0,0.0,0.0,0.0,0.0,0.0,0.0,0.0,0.0,0.0,1.0,0.0,0.0,0.0,0.0,0.0,0.0,0.0,0.0
2681,2002-04-10,SZSE:002091,0.0,0.0,0.0,0.0,0.0,0.0,0.0,0.0,0.0,0.0,0.0,0.0,0.0,0.0,0.0,0.0,0.0,0.0,0.0,0.0,0.0,0.0,0.0,0.0,0.0,0.0,0.0,0.0,1.0,0.0,0.0,0.0,0.0,0.0,0.0,0.0,0.0
2682,2002-04-11,SZSE:002091,0.0,0.0,0.0,0.0,0.0,0.0,0.0,0.0,0.0,0.0,0.0,0.0,0.0,0.0,0.0,0.0,0.0,0.0,0.0,0.0,0.0,0.0,0.0,0.0,0.0,0.0,0.0,0.0,1.0,0.0,0.0,0.0,0.0,0.0,0.0,0.0,0.0
2683,2002-04-12,SZSE:002091,0.0,0.0,0.0,0.0,0.0,0.0,0.0,0.0,0.0,0.0,0.0,0.0,0.0,0.0,0.0,0.0,0.0,0.0,0.0,0.0,0.0,0.0,0.0,0.0,0.0,0.0,0.0,0.0,1.0,0.0,0.0,0.0,0.0,0.0,0.0,0.0,0.0
2684,2002-04-15,SZSE:002091,0.0,0.0,0.0,0.0,0.0,0.0,0.0,0.0,0.0,0.0,0.0,0.0,0.0,0.0,0.0,0.0,0.0,0.0,0.0,0.0,0.0,0.0,0.0,0.0,0.0,0.0,0.0,0.0,1.0,0.0,0.0,0.0,0.0,0.0,0.0,0.0,0.0
2685,2002-04-16,SZSE:002091,0.0,0.0,0.0,0.0,0.0,0.0,0.0,0.0,0.0,0.0,0.0,0.0,0.0,0.0,0.0,0.0,0.0,0.0,0.0,0.0,0.0,0.0,0.0,0.0,0.0,0.0,0.0,0.0,1.0,0.0,0.0,0.0,0.0,0.0,0.0,0.0,0.0
2686,2002-04-17,SZSE:002091,0.0,0.0,0.0,0.0,0.0,0.0,0.0,0.0,0.0,0.0,0.0,0.0,0.0,0.0,0.0,0.0,0.0,0.0,0.0,0.0,0.0,0.0,0.0,0.0,0.0,0.0,0.0,0.0,1.0,0.0,0.0,0.0,0.0,0.0,0.0,0.0,0.0
2687,2002-04-18,SZSE:002091,0.0,0.0,0.0,0.0,0.0,0.0,0.0,0.0,0.0,0.0,0.0,0.0,0.0,0.0,0.0,0.0,0.0,0.0,0.0,0.0,0.0,0.0,0.0,0.0,0.0,0.0,0.0,0.0,1.0,0.0,0.0,0.0,0.0,0.0,0.0,0.0,0.0
2688,2002-04-19,SZSE:002091,0.0,0.0,0.0,0.0,0.0,0.0,0.0,0.0,0.0,0.0,0.0,0.0,0.0,0.0,0.0,0.0,0.0,0.0,0.0,0.0,0.0,0.0,0.0,0.0,0.0,0.0,0.0,0.0,1.0,0.0,0.0,0.0,0.0,0.0,0.0,0.0,0.0
2689,2002-04-22,SZSE:002091,0.0,0.0,0.0,0.0,0.0,0.0,0.0,0.0,0.0,0.0,0.0,0.0,0.0,0.0,0.0,0.0,0.0,0.0,0.0,0.0,0.0,0.0,0.0,0.0,0.0,0.0,0.0,0.0,1.0,0.0,0.0,0.0,0.0,0.0,0.0,0.0,0.0
2690,2002-04-23,SZSE:002091,0.0,0.0,0.0,0.0,0.0,0.0,0.0,0.0,0.0,0.0,0.0,0.0,0.0,0.0,0.0,0.0,0.0,0.0,0.0,0.0,0.0,0.0,0.0,0.0,0.0,0.0,0.0,0.0,1.0,0.0,0.0,0.0,0.0,0.0,0.0,0.0,0.0
2691,2002-04-24,SZSE:002091,0.0,0.0,0.0,0.0,0.0,0.0,0.0,0.0,0.0,0.0,0.0,0.0,0.0,0.0,0.0,0.0,0.0,0.0,0.0,0.0,0.0,0.0,0.0,0.0,0.0,0.0,0.0,0.0,1.0,0.0,0.0,0.0,0.0,0.0,0.0,0.0,0.0
2692,2002-04-25,SZSE:002091,0.0,0.0,0.0,0.0,0.0,0.0,0.0,0.0,0.0,0.0,0.0,0.0,0.0,0.0,0.0,0.0,0.0,0.0,0.0,0.0,0.0,0.0,0.0,0.0,0.0,0.0,0.0,0.0,1.0,0.0,0.0,0.0,0.0,0.0,0.0,0.0,0.0
2693,2002-04-26,SZSE:002091,0.0,0.0,0.0,0.0,0.0,0.0,0.0,0.0,0.0,0.0,0.0,0.0,0.0,0.0,0.0,0.0,0.0,0.0,0.0,0.0,0.0,0.0,0.0,0.0,0.0,0.0,0.0,0.0,1.0,0.0,0.0,0.0,0.0,0.0,0.0,0.0,0.0
2694,2002-04-29,SZSE:002091,0.0,0.0,0.0,0.0,0.0,0.0,0.0,0.0,0.0,0.0,0.0,0.0,0.0,0.0,0.0,0.0,0.0,0.0,0.0,0.0,0.0,0.0,0.0,0.0,0.0,0.0,0.0,0.0,1.0,0.0,0.0,0.0,0.0,0.0,0.0,0.0,0.0
2695,2002-04-30,SZSE:002091,0.0,0.0,0.0,0.0,0.0,0.0,0.0,0.0,0.0,0.0,0.0,0.0,0.0,0.0,0.0,0.0,0.0,0.0,0.0,0.0,0.0,0.0,0.0,0.0,0.0,0.0,0.0,0.0,1.0,0.0,0.0,0.0,0.0,0.0,0.0,0.0,0.0
2696,2002-05-01,SZSE:002091,0.0,0.0,0.0,0.0,0.0,0.0,0.0,0.0,0.0,0.0,0.0,0.0,0.0,0.0,0.0,0.0,0.0,0.0,0.0,0.0,0.0,0.0,0.0,0.0,0.0,0.0,0.0,0.0,1.0,0.0,0.0,0.0,0.0,0.0,0.0,0.0,0.0
2697,2002-05-02,SZSE:002091,0.0,0.0,0.0,0.0,0.0,0.0,0.0,0.0,0.0,0.0,0.0,0.0,0.0,0.0,0.0,0.0,0.0,0.0,0.0,0.0,0.0,0.0,0.0,0.0,0.0,0.0,0.0,0.0,1.0,0.0,0.0,0.0,0.0,0.0,0.0,0.0,0.0
2698,2002-05-03,SZSE:002091,0.0,0.0,0.0,0.0,0.0,0.0,0.0,0.0,0.0,0.0,0.0,0.0,0.0,0.0,0.0,0.0,0.0,0.0,0.0,0.0,0.0,0.0,0.0,0.0,0.0,0.0,0.0,0.0,1.0,0.0,0.0,0.0,0.0,0.0,0.0,0.0,0.0
2699,2002-05-06,SZSE:002091,0.0,0.0,0.0,0.0,0.0,0.0,0.0,0.0,0.0,0.0,0.0,0.0,0.0,0.0,0.0,0.0,0.0,0.0,0.0,0.0,0.0,0.0,0.0,0.0,0.0,0.0,0.0,0.0,1.0,0.0,0.0,0.0,0.0,0.0,0.0,0.0,0.0
2700,2002-05-07,SZSE:002091,0.0,0.0,0.0,0.0,0.0,0.0,0.0,0.0,0.0,0.0,0.0,0.0,0.0,0.0,0.0,0.0,0.0,0.0,0.0,0.0,0.0,0.0,0.0,0.0,0.0,0.0,0.0,0.0,1.0,0.0,0.0,0.0,0.0,0.0,0.0,0.0,0.0
2701,2002-05-08,SZSE:002091,0.0,0.0,0.0,0.0,0.0,0.0,0.0,0.0,0.0,0.0,0.0,0.0,0.0,0.0,0.0,0.0,0.0,0.0,0.0,0.0,0.0,0.0,0.0,0.0,0.0,0.0,0.0,0.0,1.0,0.0,0.0,0.0,0.0,0.0,0.0,0.0,0.0
2702,2002-05-09,SZSE:002091,0.0,0.0,0.0,0.0,0.0,0.0,0.0,0.0,0.0,0.0,0.0,0.0,0.0,0.0,0.0,0.0,0.0,0.0,0.0,0.0,0.0,0.0,0.0,0.0,0.0,0.0,0.0,0.0,1.0,0.0,0.0,0.0,0.0,0.0,0.0,0.0,0.0
2703,2002-05-10,SZSE:002091,0.0,0.0,0.0,0.0,0.0,0.0,0.0,0.0,0.0,0.0,0.0,0.0,0.0,0.0,0.0,0.0,0.0,0.0,0.0,0.0,0.0,0.0,0.0,0.0,0.0,0.0,0.0,0.0,1.0,0.0,0.0,0.0,0.0,0.0,0.0,0.0,0.0
2704,2002-05-13,SZSE:002091,0.0,0.0,0.0,0.0,0.0,0.0,0.0,0.0,0.0,0.0,0.0,0.0,0.0,0.0,0.0,0.0,0.0,0.0,0.0,0.0,0.0,0.0,0.0,0.0,0.0,0.0,0.0,0.0,1.0,0.0,0.0,0.0,0.0,0.0,0.0,0.0,0.0
2705,2002-05-14,SZSE:002091,0.0,0.0,0.0,0.0,0.0,0.0,0.0,0.0,0.0,0.0,0.0,0.0,0.0,0.0,0.0,0.0,0.0,0.0,0.0,0.0,0.0,0.0,0.0,0.0,0.0,0.0,0.0,0.0,1.0,0.0,0.0,0.0,0.0,0.0,0.0,0.0,0.0
2706,2002-05-15,SZSE:002091,0.0,0.0,0.0,0.0,0.0,0.0,0.0,0.0,0.0,0.0,0.0,0.0,0.0,0.0,0.0,0.0,0.0,0.0,0.0,0.0,0.0,0.0,0.0,0.0,0.0,0.0,0.0,0.0,1.0,0.0,0.0,0.0,0.0,0.0,0.0,0.0,0.0
2707,2002-05-16,SZSE:002091,0.0,0.0,0.0,0.0,0.0,0.0,0.0,0.0,0.0,0.0,0.0,0.0,0.0,0.0,0.0,0.0,0.0,0.0,0.0,0.0,0.0,0.0,0.0,0.0,0.0,0.0,0.0,0.0,1.0,0.0,0.0,0.0,0.0,0.0,0.0,0.0,0.0
2708,2002-05-17,SZSE:002091,0.0,0.0,0.0,0.0,0.0,0.0,0.0,0.0,0.0,0.0,0.0,0.0,0.0,0.0,0.0,0.0,0.0,0.0,0.0,0.0,0.0,0.0,0.0,0.0,0.0,0.0,0.0,0.0,1.0,0.0,0.0,0.0,0.0,0.0,0.0,0.0,0.0
2709,2002-05-20,SZSE:002091,0.0,0.0,0.0,0.0,0.0,0.0,0.0,0.0,0.0,0.0,0.0,0.0,0.0,0.0,0.0,0.0,0.0,0.0,0.0,0.0,0.0,0.0,0.0,0.0,0.0,0.0,0.0,0.0,1.0,0.0,0.0,0.0,0.0,0.0,0.0,0.0,0.0
2710,2002-05-21,SZSE:002091,0.0,0.0,0.0,0.0,0.0,0.0,0.0,0.0,0.0,0.0,0.0,0.0,0.0,0.0,0.0,0.0,0.0,0.0,0.0,0.0,0.0,0.0,0.0,0.0,0.0,0.0,0.0,0.0,1.0,0.0,0.0,0.0,0.0,0.0,0.0,0.0,0.0
2711,2002-05-22,SZSE:002091,0.0,0.0,0.0,0.0,0.0,0.0,0.0,0.0,0.0,0.0,0.0,0.0,0.0,0.0,0.0,0.0,0.0,0.0,0.0,0.0,0.0,0.0,0.0,0.0,0.0,0.0,0.0,0.0,1.0,0.0,0.0,0.0,0.0,0.0,0.0,0.0,0.0
2712,2002-05-23,SZSE:002091,0.0,0.0,0.0,0.0,0.0,0.0,0.0,0.0,0.0,0.0,0.0,0.0,0.0,0.0,0.0,0.0,0.0,0.0,0.0,0.0,0.0,0.0,0.0,0.0,0.0,0.0,0.0,0.0,1.0,0.0,0.0,0.0,0.0,0.0,0.0,0.0,0.0
2713,2002-05-24,SZSE:002091,0.0,0.0,0.0,0.0,0.0,0.0,0.0,0.0,0.0,0.0,0.0,0.0,0.0,0.0,0.0,0.0,0.0,0.0,0.0,0.0,0.0,0.0,0.0,0.0,0.0,0.0,0.0,0.0,1.0,0.0,0.0,0.0,0.0,0.0,0.0,0.0,0.0
2714,2002-05-27,SZSE:002091,0.0,0.0,0.0,0.0,0.0,0.0,0.0,0.0,0.0,0.0,0.0,0.0,0.0,0.0,0.0,0.0,0.0,0.0,0.0,0.0,0.0,0.0,0.0,0.0,0.0,0.0,0.0,0.0,1.0,0.0,0.0,0.0,0.0,0.0,0.0,0.0,0.0
2715,2002-05-28,SZSE:002091,0.0,0.0,0.0,0.0,0.0,0.0,0.0,0.0,0.0,0.0,0.0,0.0,0.0,0.0,0.0,0.0,0.0,0.0,0.0,0.0,0.0,0.0,0.0,0.0,0.0,0.0,0.0,0.0,1.0,0.0,0.0,0.0,0.0,0.0,0.0,0.0,0.0
2716,2002-05-29,SZSE:002091,0.0,0.0,0.0,0.0,0.0,0.0,0.0,0.0,0.0,0.0,0.0,0.0,0.0,0.0,0.0,0.0,0.0,0.0,0.0,0.0,0.0,0.0,0.0,0.0,0.0,0.0,0.0,0.0,1.0,0.0,0.0,0.0,0.0,0.0,0.0,0.0,0.0
2717,2002-05-30,SZSE:002091,0.0,0.0,0.0,0.0,0.0,0.0,0.0,0.0,0.0,0.0,0.0,0.0,0.0,0.0,0.0,0.0,0.0,0.0,0.0,0.0,0.0,0.0,0.0,0.0,0.0,0.0,0.0,0.0,1.0,0.0,0.0,0.0,0.0,0.0,0.0,0.0,0.0
2718,2002-05-31,SZSE:002091,0.0,0.0,0.0,0.0,0.0,0.0,0.0,0.0,0.0,0.0,0.0,0.0,0.0,0.0,0.0,0.0,0.0,0.0,0.0,0.0,0.0,0.0,0.0,0.0,0.0,0.0,0.0,0.0,1.0,0.0,0.0,0.0,0.0,0.0,0.0,0.0,0.0
2719,2002-06-03,SZSE:002091,0.0,0.0,0.0,0.0,0.0,0.0,0.0,0.0,0.0,0.0,0.0,0.0,0.0,0.0,0.0,0.0,0.0,0.0,0.0,0.0,0.0,0.0,0.0,0.0,0.0,0.0,0.0,0.0,1.0,0.0,0.0,0.0,0.0,0.0,0.0,0.0,0.0
2720,2002-06-04,SZSE:002091,0.0,0.0,0.0,0.0,0.0,0.0,0.0,0.0,0.0,0.0,0.0,0.0,0.0,0.0,0.0,0.0,0.0,0.0,0.0,0.0,0.0,0.0,0.0,0.0,0.0,0.0,0.0,0.0,1.0,0.0,0.0,0.0,0.0,0.0,0.0,0.0,0.0
2721,2002-06-05,SZSE:002091,0.0,0.0,0.0,0.0,0.0,0.0,0.0,0.0,0.0,0.0,0.0,0.0,0.0,0.0,0.0,0.0,0.0,0.0,0.0,0.0,0.0,0.0,0.0,0.0,0.0,0.0,0.0,0.0,1.0,0.0,0.0,0.0,0.0,0.0,0.0,0.0,0.0
2722,2002-06-06,SZSE:002091,0.0,0.0,0.0,0.0,0.0,0.0,0.0,0.0,0.0,0.0,0.0,0.0,0.0,0.0,0.0,0.0,0.0,0.0,0.0,0.0,0.0,0.0,0.0,0.0,0.0,0.0,0.0,0.0,1.0,0.0,0.0,0.0,0.0,0.0,0.0,0.0,0.0
2723,2002-06-07,SZSE:002091,0.0,0.0,0.0,0.0,0.0,0.0,0.0,0.0,0.0,0.0,0.0,0.0,0.0,0.0,0.0,0.0,0.0,0.0,0.0,0.0,0.0,0.0,0.0,0.0,0.0,0.0,0.0,0.0,1.0,0.0,0.0,0.0,0.0,0.0,0.0,0.0,0.0
2724,2002-06-10,SZSE:002091,0.0,0.0,0.0,0.0,0.0,0.0,0.0,0.0,0.0,0.0,0.0,0.0,0.0,0.0,0.0,0.0,0.0,0.0,0.0,0.0,0.0,0.0,0.0,0.0,0.0,0.0,0.0,0.0,1.0,0.0,0.0,0.0,0.0,0.0,0.0,0.0,0.0
2725,2002-06-11,SZSE:002091,0.0,0.0,0.0,0.0,0.0,0.0,0.0,0.0,0.0,0.0,0.0,0.0,0.0,0.0,0.0,0.0,0.0,0.0,0.0,0.0,0.0,0.0,0.0,0.0,0.0,0.0,0.0,0.0,1.0,0.0,0.0,0.0,0.0,0.0,0.0,0.0,0.0
2726,2002-06-12,SZSE:002091,0.0,0.0,0.0,0.0,0.0,0.0,0.0,0.0,0.0,0.0,0.0,0.0,0.0,0.0,0.0,0.0,0.0,0.0,0.0,0.0,0.0,0.0,0.0,0.0,0.0,0.0,0.0,0.0,1.0,0.0,0.0,0.0,0.0,0.0,0.0,0.0,0.0
2727,2002-06-13,SZSE:002091,0.0,0.0,0.0,0.0,0.0,0.0,0.0,0.0,0.0,0.0,0.0,0.0,0.0,0.0,0.0,0.0,0.0,0.0,0.0,0.0,0.0,0.0,0.0,0.0,0.0,0.0,0.0,0.0,1.0,0.0,0.0,0.0,0.0,0.0,0.0,0.0,0.0
2728,2002-06-14,SZSE:002091,0.0,0.0,0.0,0.0,0.0,0.0,0.0,0.0,0.0,0.0,0.0,0.0,0.0,0.0,0.0,0.0,0.0,0.0,0.0,0.0,0.0,0.0,0.0,0.0,0.0,0.0,0.0,0.0,1.0,0.0,0.0,0.0,0.0,0.0,0.0,0.0,0.0
2729,2002-06-17,SZSE:002091,0.0,0.0,0.0,0.0,0.0,0.0,0.0,0.0,0.0,0.0,0.0,0.0,0.0,0.0,0.0,0.0,0.0,0.0,0.0,0.0,0.0,0.0,0.0,0.0,0.0,0.0,0.0,0.0,1.0,0.0,0.0,0.0,0.0,0.0,0.0,0.0,0.0
2730,2002-06-18,SZSE:002091,0.0,0.0,0.0,0.0,0.0,0.0,0.0,0.0,0.0,0.0,0.0,0.0,0.0,0.0,0.0,0.0,0.0,0.0,0.0,0.0,0.0,0.0,0.0,0.0,0.0,0.0,0.0,0.0,1.0,0.0,0.0,0.0,0.0,0.0,0.0,0.0,0.0
2731,2002-06-19,SZSE:002091,0.0,0.0,0.0,0.0,0.0,0.0,0.0,0.0,0.0,0.0,0.0,0.0,0.0,0.0,0.0,0.0,0.0,0.0,0.0,0.0,0.0,0.0,0.0,0.0,0.0,0.0,0.0,0.0,1.0,0.0,0.0,0.0,0.0,0.0,0.0,0.0,0.0
2732,2002-06-20,SZSE:002091,0.0,0.0,0.0,0.0,0.0,0.0,0.0,0.0,0.0,0.0,0.0,0.0,0.0,0.0,0.0,0.0,0.0,0.0,0.0,0.0,0.0,0.0,0.0,0.0,0.0,0.0,0.0,0.0,1.0,0.0,0.0,0.0,0.0,0.0,0.0,0.0,0.0
2733,2002-06-21,SZSE:002091,0.0,0.0,0.0,0.0,0.0,0.0,0.0,0.0,0.0,0.0,0.0,0.0,0.0,0.0,0.0,0.0,0.0,0.0,0.0,0.0,0.0,0.0,0.0,0.0,0.0,0.0,0.0,0.0,1.0,0.0,0.0,0.0,0.0,0.0,0.0,0.0,0.0
2734,2002-06-24,SZSE:002091,0.0,0.0,0.0,0.0,0.0,0.0,0.0,0.0,0.0,0.0,0.0,0.0,0.0,0.0,0.0,0.0,0.0,0.0,0.0,0.0,0.0,0.0,0.0,0.0,0.0,0.0,0.0,0.0,1.0,0.0,0.0,0.0,0.0,0.0,0.0,0.0,0.0
2735,2002-06-25,SZSE:002091,0.0,0.0,0.0,0.0,0.0,0.0,0.0,0.0,0.0,0.0,0.0,0.0,0.0,0.0,0.0,0.0,0.0,0.0,0.0,0.0,0.0,0.0,0.0,0.0,0.0,0.0,0.0,0.0,1.0,0.0,0.0,0.0,0.0,0.0,0.0,0.0,0.0
2736,2002-06-26,SZSE:002091,0.0,0.0,0.0,0.0,0.0,0.0,0.0,0.0,0.0,0.0,0.0,0.0,0.0,0.0,0.0,0.0,0.0,0.0,0.0,0.0,0.0,0.0,0.0,0.0,0.0,0.0,0.0,0.0,1.0,0.0,0.0,0.0,0.0,0.0,0.0,0.0,0.0
2737,2002-06-27,SZSE:002091,0.0,0.0,0.0,0.0,0.0,0.0,0.0,0.0,0.0,0.0,0.0,0.0,0.0,0.0,0.0,0.0,0.0,0.0,0.0,0.0,0.0,0.0,0.0,0.0,0.0,0.0,0.0,0.0,1.0,0.0,0.0,0.0,0.0,0.0,0.0,0.0,0.0
2738,2002-06-28,SZSE:002091,0.0,0.0,0.0,0.0,0.0,0.0,0.0,0.0,0.0,0.0,0.0,0.0,0.0,0.0,0.0,0.0,0.0,0.0,0.0,0.0,0.0,0.0,0.0,0.0,0.0,0.0,0.0,0.0,1.0,0.0,0.0,0.0,0.0,0.0,0.0,0.0,0.0
2739,2002-07-01,SZSE:002091,0.0,0.0,0.0,0.0,0.0,0.0,0.0,0.0,0.0,0.0,0.0,0.0,0.0,0.0,0.0,0.0,0.0,0.0,0.0,0.0,0.0,0.0,0.0,0.0,0.0,0.0,0.0,0.0,1.0,0.0,0.0,0.0,0.0,0.0,0.0,0.0,0.0
2740,2002-07-02,SZSE:002091,0.0,0.0,0.0,0.0,0.0,0.0,0.0,0.0,0.0,0.0,0.0,0.0,0.0,0.0,0.0,0.0,0.0,0.0,0.0,0.0,0.0,0.0,0.0,0.0,0.0,0.0,0.0,0.0,1.0,0.0,0.0,0.0,0.0,0.0,0.0,0.0,0.0
2741,2002-07-03,SZSE:002091,0.0,0.0,0.0,0.0,0.0,0.0,0.0,0.0,0.0,0.0,0.0,0.0,0.0,0.0,0.0,0.0,0.0,0.0,0.0,0.0,0.0,0.0,0.0,0.0,0.0,0.0,0.0,0.0,1.0,0.0,0.0,0.0,0.0,0.0,0.0,0.0,0.0
2742,2002-07-04,SZSE:002091,0.0,0.0,0.0,0.0,0.0,0.0,0.0,0.0,0.0,0.0,0.0,0.0,0.0,0.0,0.0,0.0,0.0,0.0,0.0,0.0,0.0,0.0,0.0,0.0,0.0,0.0,0.0,0.0,1.0,0.0,0.0,0.0,0.0,0.0,0.0,0.0,0.0
2743,2002-07-05,SZSE:002091,0.0,0.0,0.0,0.0,0.0,0.0,0.0,0.0,0.0,0.0,0.0,0.0,0.0,0.0,0.0,0.0,0.0,0.0,0.0,0.0,0.0,0.0,0.0,0.0,0.0,0.0,0.0,0.0,1.0,0.0,0.0,0.0,0.0,0.0,0.0,0.0,0.0
2744,2002-07-08,SZSE:002091,0.0,0.0,0.0,0.0,0.0,0.0,0.0,0.0,0.0,0.0,0.0,0.0,0.0,0.0,0.0,0.0,0.0,0.0,0.0,0.0,0.0,0.0,0.0,0.0,0.0,0.0,0.0,0.0,1.0,0.0,0.0,0.0,0.0,0.0,0.0,0.0,0.0
2745,2002-07-09,SZSE:002091,0.0,0.0,0.0,0.0,0.0,0.0,0.0,0.0,0.0,0.0,0.0,0.0,0.0,0.0,0.0,0.0,0.0,0.0,0.0,0.0,0.0,0.0,0.0,0.0,0.0,0.0,0.0,0.0,1.0,0.0,0.0,0.0,0.0,0.0,0.0,0.0,0.0
2746,2002-07-10,SZSE:002091,0.0,0.0,0.0,0.0,0.0,0.0,0.0,0.0,0.0,0.0,0.0,0.0,0.0,0.0,0.0,0.0,0.0,0.0,0.0,0.0,0.0,0.0,0.0,0.0,0.0,0.0,0.0,0.0,1.0,0.0,0.0,0.0,0.0,0.0,0.0,0.0,0.0
2747,2002-07-11,SZSE:002091,0.0,0.0,0.0,0.0,0.0,0.0,0.0,0.0,0.0,0.0,0.0,0.0,0.0,0.0,0.0,0.0,0.0,0.0,0.0,0.0,0.0,0.0,0.0,0.0,0.0,0.0,0.0,0.0,1.0,0.0,0.0,0.0,0.0,0.0,0.0,0.0,0.0
2748,2002-07-12,SZSE:002091,0.0,0.0,0.0,0.0,0.0,0.0,0.0,0.0,0.0,0.0,0.0,0.0,0.0,0.0,0.0,0.0,0.0,0.0,0.0,0.0,0.0,0.0,0.0,0.0,0.0,0.0,0.0,0.0,1.0,0.0,0.0,0.0,0.0,0.0,0.0,0.0,0.0
2749,2002-07-15,SZSE:002091,0.0,0.0,0.0,0.0,0.0,0.0,0.0,0.0,0.0,0.0,0.0,0.0,0.0,0.0,0.0,0.0,0.0,0.0,0.0,0.0,0.0,0.0,0.0,0.0,0.0,0.0,0.0,0.0,1.0,0.0,0.0,0.0,0.0,0.0,0.0,0.0,0.0
2750,2002-07-16,SZSE:002091,0.0,0.0,0.0,0.0,0.0,0.0,0.0,0.0,0.0,0.0,0.0,0.0,0.0,0.0,0.0,0.0,0.0,0.0,0.0,0.0,0.0,0.0,0.0,0.0,0.0,0.0,0.0,0.0,1.0,0.0,0.0,0.0,0.0,0.0,0.0,0.0,0.0
2751,2002-07-17,SZSE:002091,0.0,0.0,0.0,0.0,0.0,0.0,0.0,0.0,0.0,0.0,0.0,0.0,0.0,0.0,0.0,0.0,0.0,0.0,0.0,0.0,0.0,0.0,0.0,0.0,0.0,0.0,0.0,0.0,1.0,0.0,0.0,0.0,0.0,0.0,0.0,0.0,0.0
2752,2002-07-18,SZSE:002091,0.0,0.0,0.0,0.0,0.0,0.0,0.0,0.0,0.0,0.0,0.0,0.0,0.0,0.0,0.0,0.0,0.0,0.0,0.0,0.0,0.0,0.0,0.0,0.0,0.0,0.0,0.0,0.0,1.0,0.0,0.0,0.0,0.0,0.0,0.0,0.0,0.0
2753,2002-07-19,SZSE:002091,0.0,0.0,0.0,0.0,0.0,0.0,0.0,0.0,0.0,0.0,0.0,0.0,0.0,0.0,0.0,0.0,0.0,0.0,0.0,0.0,0.0,0.0,0.0,0.0,0.0,0.0,0.0,0.0,1.0,0.0,0.0,0.0,0.0,0.0,0.0,0.0,0.0
2754,2002-07-22,SZSE:002091,0.0,0.0,0.0,0.0,0.0,0.0,0.0,0.0,0.0,0.0,0.0,0.0,0.0,0.0,0.0,0.0,0.0,0.0,0.0,0.0,0.0,0.0,0.0,0.0,0.0,0.0,0.0,0.0,1.0,0.0,0.0,0.0,0.0,0.0,0.0,0.0,0.0
2755,2002-07-23,SZSE:002091,0.0,0.0,0.0,0.0,0.0,0.0,0.0,0.0,0.0,0.0,0.0,0.0,0.0,0.0,0.0,0.0,0.0,0.0,0.0,0.0,0.0,0.0,0.0,0.0,0.0,0.0,0.0,0.0,1.0,0.0,0.0,0.0,0.0,0.0,0.0,0.0,0.0
2756,2002-07-24,SZSE:002091,0.0,0.0,0.0,0.0,0.0,0.0,0.0,0.0,0.0,0.0,0.0,0.0,0.0,0.0,0.0,0.0,0.0,0.0,0.0,0.0,0.0,0.0,0.0,0.0,0.0,0.0,0.0,0.0,1.0,0.0,0.0,0.0,0.0,0.0,0.0,0.0,0.0
2757,2002-07-25,SZSE:002091,0.0,0.0,0.0,0.0,0.0,0.0,0.0,0.0,0.0,0.0,0.0,0.0,0.0,0.0,0.0,0.0,0.0,0.0,0.0,0.0,0.0,0.0,0.0,0.0,0.0,0.0,0.0,0.0,1.0,0.0,0.0,0.0,0.0,0.0,0.0,0.0,0.0
2758,2002-07-26,SZSE:002091,0.0,0.0,0.0,0.0,0.0,0.0,0.0,0.0,0.0,0.0,0.0,0.0,0.0,0.0,0.0,0.0,0.0,0.0,0.0,0.0,0.0,0.0,0.0,0.0,0.0,0.0,0.0,0.0,1.0,0.0,0.0,0.0,0.0,0.0,0.0,0.0,0.0
2759,2002-07-29,SZSE:002091,0.0,0.0,0.0,0.0,0.0,0.0,0.0,0.0,0.0,0.0,0.0,0.0,0.0,0.0,0.0,0.0,0.0,0.0,0.0,0.0,0.0,0.0,0.0,0.0,0.0,0.0,0.0,0.0,1.0,0.0,0.0,0.0,0.0,0.0,0.0,0.0,0.0
2760,2002-07-30,SZSE:002091,0.0,0.0,0.0,0.0,0.0,0.0,0.0,0.0,0.0,0.0,0.0,0.0,0.0,0.0,0.0,0.0,0.0,0.0,0.0,0.0,0.0,0.0,0.0,0.0,0.0,0.0,0.0,0.0,1.0,0.0,0.0,0.0,0.0,0.0,0.0,0.0,0.0
2761,2002-07-31,SZSE:002091,0.0,0.0,0.0,0.0,0.0,0.0,0.0,0.0,0.0,0.0,0.0,0.0,0.0,0.0,0.0,0.0,0.0,0.0,0.0,0.0,0.0,0.0,0.0,0.0,0.0,0.0,0.0,0.0,1.0,0.0,0.0,0.0,0.0,0.0,0.0,0.0,0.0
2762,2002-08-01,SZSE:002091,0.0,0.0,0.0,0.0,0.0,0.0,0.0,0.0,0.0,0.0,0.0,0.0,0.0,0.0,0.0,0.0,0.0,0.0,0.0,0.0,0.0,0.0,0.0,0.0,0.0,0.0,0.0,0.0,1.0,0.0,0.0,0.0,0.0,0.0,0.0,0.0,0.0
2763,2002-08-02,SZSE:002091,0.0,0.0,0.0,0.0,0.0,0.0,0.0,0.0,0.0,0.0,0.0,0.0,0.0,0.0,0.0,0.0,0.0,0.0,0.0,0.0,0.0,0.0,0.0,0.0,0.0,0.0,0.0,0.0,1.0,0.0,0.0,0.0,0.0,0.0,0.0,0.0,0.0
2764,2002-08-05,SZSE:002091,0.0,0.0,0.0,0.0,0.0,0.0,0.0,0.0,0.0,0.0,0.0,0.0,0.0,0.0,0.0,0.0,0.0,0.0,0.0,0.0,0.0,0.0,0.0,0.0,0.0,0.0,0.0,0.0,1.0,0.0,0.0,0.0,0.0,0.0,0.0,0.0,0.0
2765,2002-08-06,SZSE:002091,0.0,0.0,0.0,0.0,0.0,0.0,0.0,0.0,0.0,0.0,0.0,0.0,0.0,0.0,0.0,0.0,0.0,0.0,0.0,0.0,0.0,0.0,0.0,0.0,0.0,0.0,0.0,0.0,1.0,0.0,0.0,0.0,0.0,0.0,0.0,0.0,0.0
2766,2002-08-07,SZSE:002091,0.0,0.0,0.0,0.0,0.0,0.0,0.0,0.0,0.0,0.0,0.0,0.0,0.0,0.0,0.0,0.0,0.0,0.0,0.0,0.0,0.0,0.0,0.0,0.0,0.0,0.0,0.0,0.0,1.0,0.0,0.0,0.0,0.0,0.0,0.0,0.0,0.0
2767,2002-08-08,SZSE:002091,0.0,0.0,0.0,0.0,0.0,0.0,0.0,0.0,0.0,0.0,0.0,0.0,0.0,0.0,0.0,0.0,0.0,0.0,0.0,0.0,0.0,0.0,0.0,0.0,0.0,0.0,0.0,0.0,1.0,0.0,0.0,0.0,0.0,0.0,0.0,0.0,0.0
2768,2002-08-09,SZSE:002091,0.0,0.0,0.0,0.0,0.0,0.0,0.0,0.0,0.0,0.0,0.0,0.0,0.0,0.0,0.0,0.0,0.0,0.0,0.0,0.0,0.0,0.0,0.0,0.0,0.0,0.0,0.0,0.0,1.0,0.0,0.0,0.0,0.0,0.0,0.0,0.0,0.0
2769,2002-08-12,SZSE:002091,0.0,0.0,0.0,0.0,0.0,0.0,0.0,0.0,0.0,0.0,0.0,0.0,0.0,0.0,0.0,0.0,0.0,0.0,0.0,0.0,0.0,0.0,0.0,0.0,0.0,0.0,0.0,0.0,1.0,0.0,0.0,0.0,0.0,0.0,0.0,0.0,0.0
2770,2002-08-13,SZSE:002091,0.0,0.0,0.0,0.0,0.0,0.0,0.0,0.0,0.0,0.0,0.0,0.0,0.0,0.0,0.0,0.0,0.0,0.0,0.0,0.0,0.0,0.0,0.0,0.0,0.0,0.0,0.0,0.0,1.0,0.0,0.0,0.0,0.0,0.0,0.0,0.0,0.0
2771,2002-08-14,SZSE:002091,0.0,0.0,0.0,0.0,0.0,0.0,0.0,0.0,0.0,0.0,0.0,0.0,0.0,0.0,0.0,0.0,0.0,0.0,0.0,0.0,0.0,0.0,0.0,0.0,0.0,0.0,0.0,0.0,1.0,0.0,0.0,0.0,0.0,0.0,0.0,0.0,0.0
2772,2002-08-15,SZSE:002091,0.0,0.0,0.0,0.0,0.0,0.0,0.0,0.0,0.0,0.0,0.0,0.0,0.0,0.0,0.0,0.0,0.0,0.0,0.0,0.0,0.0,0.0,0.0,0.0,0.0,0.0,0.0,0.0,1.0,0.0,0.0,0.0,0.0,0.0,0.0,0.0,0.0
2773,2002-08-16,SZSE:002091,0.0,0.0,0.0,0.0,0.0,0.0,0.0,0.0,0.0,0.0,0.0,0.0,0.0,0.0,0.0,0.0,0.0,0.0,0.0,0.0,0.0,0.0,0.0,0.0,0.0,0.0,0.0,0.0,1.0,0.0,0.0,0.0,0.0,0.0,0.0,0.0,0.0
2774,2002-08-19,SZSE:002091,0.0,0.0,0.0,0.0,0.0,0.0,0.0,0.0,0.0,0.0,0.0,0.0,0.0,0.0,0.0,0.0,0.0,0.0,0.0,0.0,0.0,0.0,0.0,0.0,0.0,0.0,0.0,0.0,1.0,0.0,0.0,0.0,0.0,0.0,0.0,0.0,0.0
2775,2002-08-20,SZSE:002091,0.0,0.0,0.0,0.0,0.0,0.0,0.0,0.0,0.0,0.0,0.0,0.0,0.0,0.0,0.0,0.0,0.0,0.0,0.0,0.0,0.0,0.0,0.0,0.0,0.0,0.0,0.0,0.0,1.0,0.0,0.0,0.0,0.0,0.0,0.0,0.0,0.0
2776,2002-08-21,SZSE:002091,0.0,0.0,0.0,0.0,0.0,0.0,0.0,0.0,0.0,0.0,0.0,0.0,0.0,0.0,0.0,0.0,0.0,0.0,0.0,0.0,0.0,0.0,0.0,0.0,0.0,0.0,0.0,0.0,1.0,0.0,0.0,0.0,0.0,0.0,0.0,0.0,0.0
2777,2002-08-22,SZSE:002091,0.0,0.0,0.0,0.0,0.0,0.0,0.0,0.0,0.0,0.0,0.0,0.0,0.0,0.0,0.0,0.0,0.0,0.0,0.0,0.0,0.0,0.0,0.0,0.0,0.0,0.0,0.0,0.0,1.0,0.0,0.0,0.0,0.0,0.0,0.0,0.0,0.0
2778,2002-08-23,SZSE:002091,0.0,0.0,0.0,0.0,0.0,0.0,0.0,0.0,0.0,0.0,0.0,0.0,0.0,0.0,0.0,0.0,0.0,0.0,0.0,0.0,0.0,0.0,0.0,0.0,0.0,0.0,0.0,0.0,1.0,0.0,0.0,0.0,0.0,0.0,0.0,0.0,0.0
2779,2002-08-26,SZSE:002091,0.0,0.0,0.0,0.0,0.0,0.0,0.0,0.0,0.0,0.0,0.0,0.0,0.0,0.0,0.0,0.0,0.0,0.0,0.0,0.0,0.0,0.0,0.0,0.0,0.0,0.0,0.0,0.0,1.0,0.0,0.0,0.0,0.0,0.0,0.0,0.0,0.0
2780,2002-08-27,SZSE:002091,0.0,0.0,0.0,0.0,0.0,0.0,0.0,0.0,0.0,0.0,0.0,0.0,0.0,0.0,0.0,0.0,0.0,0.0,0.0,0.0,0.0,0.0,0.0,0.0,0.0,0.0,0.0,0.0,1.0,0.0,0.0,0.0,0.0,0.0,0.0,0.0,0.0
2781,2002-08-28,SZSE:002091,0.0,0.0,0.0,0.0,0.0,0.0,0.0,0.0,0.0,0.0,0.0,0.0,0.0,0.0,0.0,0.0,0.0,0.0,0.0,0.0,0.0,0.0,0.0,0.0,0.0,0.0,0.0,0.0,1.0,0.0,0.0,0.0,0.0,0.0,0.0,0.0,0.0
2782,2002-08-29,SZSE:002091,0.0,0.0,0.0,0.0,0.0,0.0,0.0,0.0,0.0,0.0,0.0,0.0,0.0,0.0,0.0,0.0,0.0,0.0,0.0,0.0,0.0,0.0,0.0,0.0,0.0,0.0,0.0,0.0,1.0,0.0,0.0,0.0,0.0,0.0,0.0,0.0,0.0
2783,2002-08-30,SZSE:002091,0.0,0.0,0.0,0.0,0.0,0.0,0.0,0.0,0.0,0.0,0.0,0.0,0.0,0.0,0.0,0.0,0.0,0.0,0.0,0.0,0.0,0.0,0.0,0.0,0.0,0.0,0.0,0.0,1.0,0.0,0.0,0.0,0.0,0.0,0.0,0.0,0.0
2784,2002-09-02,SZSE:002091,0.0,0.0,0.0,0.0,0.0,0.0,0.0,0.0,0.0,0.0,0.0,0.0,0.0,0.0,0.0,0.0,0.0,0.0,0.0,0.0,0.0,0.0,0.0,0.0,0.0,0.0,0.0,0.0,1.0,0.0,0.0,0.0,0.0,0.0,0.0,0.0,0.0
2785,2002-09-03,SZSE:002091,0.0,0.0,0.0,0.0,0.0,0.0,0.0,0.0,0.0,0.0,0.0,0.0,0.0,0.0,0.0,0.0,0.0,0.0,0.0,0.0,0.0,0.0,0.0,0.0,0.0,0.0,0.0,0.0,1.0,0.0,0.0,0.0,0.0,0.0,0.0,0.0,0.0
2786,2002-09-04,SZSE:002091,0.0,0.0,0.0,0.0,0.0,0.0,0.0,0.0,0.0,0.0,0.0,0.0,0.0,0.0,0.0,0.0,0.0,0.0,0.0,0.0,0.0,0.0,0.0,0.0,0.0,0.0,0.0,0.0,1.0,0.0,0.0,0.0,0.0,0.0,0.0,0.0,0.0
2787,2002-09-05,SZSE:002091,0.0,0.0,0.0,0.0,0.0,0.0,0.0,0.0,0.0,0.0,0.0,0.0,0.0,0.0,0.0,0.0,0.0,0.0,0.0,0.0,0.0,0.0,0.0,0.0,0.0,0.0,0.0,0.0,1.0,0.0,0.0,0.0,0.0,0.0,0.0,0.0,0.0
2788,2002-09-06,SZSE:002091,0.0,0.0,0.0,0.0,0.0,0.0,0.0,0.0,0.0,0.0,0.0,0.0,0.0,0.0,0.0,0.0,0.0,0.0,0.0,0.0,0.0,0.0,0.0,0.0,0.0,0.0,0.0,0.0,1.0,0.0,0.0,0.0,0.0,0.0,0.0,0.0,0.0
2789,2002-09-09,SZSE:002091,0.0,0.0,0.0,0.0,0.0,0.0,0.0,0.0,0.0,0.0,0.0,0.0,0.0,0.0,0.0,0.0,0.0,0.0,0.0,0.0,0.0,0.0,0.0,0.0,0.0,0.0,0.0,0.0,1.0,0.0,0.0,0.0,0.0,0.0,0.0,0.0,0.0
2790,2002-09-10,SZSE:002091,0.0,0.0,0.0,0.0,0.0,0.0,0.0,0.0,0.0,0.0,0.0,0.0,0.0,0.0,0.0,0.0,0.0,0.0,0.0,0.0,0.0,0.0,0.0,0.0,0.0,0.0,0.0,0.0,1.0,0.0,0.0,0.0,0.0,0.0,0.0,0.0,0.0
2791,2002-09-11,SZSE:002091,0.0,0.0,0.0,0.0,0.0,0.0,0.0,0.0,0.0,0.0,0.0,0.0,0.0,0.0,0.0,0.0,0.0,0.0,0.0,0.0,0.0,0.0,0.0,0.0,0.0,0.0,0.0,0.0,1.0,0.0,0.0,0.0,0.0,0.0,0.0,0.0,0.0
2792,2002-09-12,SZSE:002091,0.0,0.0,0.0,0.0,0.0,0.0,0.0,0.0,0.0,0.0,0.0,0.0,0.0,0.0,0.0,0.0,0.0,0.0,0.0,0.0,0.0,0.0,0.0,0.0,0.0,0.0,0.0,0.0,1.0,0.0,0.0,0.0,0.0,0.0,0.0,0.0,0.0
2793,2002-09-13,SZSE:002091,0.0,0.0,0.0,0.0,0.0,0.0,0.0,0.0,0.0,0.0,0.0,0.0,0.0,0.0,0.0,0.0,0.0,0.0,0.0,0.0,0.0,0.0,0.0,0.0,0.0,0.0,0.0,0.0,1.0,0.0,0.0,0.0,0.0,0.0,0.0,0.0,0.0
2794,2002-09-16,SZSE:002091,0.0,0.0,0.0,0.0,0.0,0.0,0.0,0.0,0.0,0.0,0.0,0.0,0.0,0.0,0.0,0.0,0.0,0.0,0.0,0.0,0.0,0.0,0.0,0.0,0.0,0.0,0.0,0.0,1.0,0.0,0.0,0.0,0.0,0.0,0.0,0.0,0.0
2795,2002-09-17,SZSE:002091,0.0,0.0,0.0,0.0,0.0,0.0,0.0,0.0,0.0,0.0,0.0,0.0,0.0,0.0,0.0,0.0,0.0,0.0,0.0,0.0,0.0,0.0,0.0,0.0,0.0,0.0,0.0,0.0,1.0,0.0,0.0,0.0,0.0,0.0,0.0,0.0,0.0
2796,2002-09-18,SZSE:002091,0.0,0.0,0.0,0.0,0.0,0.0,0.0,0.0,0.0,0.0,0.0,0.0,0.0,0.0,0.0,0.0,0.0,0.0,0.0,0.0,0.0,0.0,0.0,0.0,0.0,0.0,0.0,0.0,1.0,0.0,0.0,0.0,0.0,0.0,0.0,0.0,0.0
2797,2002-09-19,SZSE:002091,0.0,0.0,0.0,0.0,0.0,0.0,0.0,0.0,0.0,0.0,0.0,0.0,0.0,0.0,0.0,0.0,0.0,0.0,0.0,0.0,0.0,0.0,0.0,0.0,0.0,0.0,0.0,0.0,1.0,0.0,0.0,0.0,0.0,0.0,0.0,0.0,0.0
2798,2002-09-20,SZSE:002091,0.0,0.0,0.0,0.0,0.0,0.0,0.0,0.0,0.0,0.0,0.0,0.0,0.0,0.0,0.0,0.0,0.0,0.0,0.0,0.0,0.0,0.0,0.0,0.0,0.0,0.0,0.0,0.0,1.0,0.0,0.0,0.0,0.0,0.0,0.0,0.0,0.0
2799,2002-09-23,SZSE:002091,0.0,0.0,0.0,0.0,0.0,0.0,0.0,0.0,0.0,0.0,0.0,0.0,0.0,0.0,0.0,0.0,0.0,0.0,0.0,0.0,0.0,0.0,0.0,0.0,0.0,0.0,0.0,0.0,1.0,0.0,0.0,0.0,0.0,0.0,0.0,0.0,0.0
2800,2002-09-24,SZSE:002091,0.0,0.0,0.0,0.0,0.0,0.0,0.0,0.0,0.0,0.0,0.0,0.0,0.0,0.0,0.0,0.0,0.0,0.0,0.0,0.0,0.0,0.0,0.0,0.0,0.0,0.0,0.0,0.0,1.0,0.0,0.0,0.0,0.0,0.0,0.0,0.0,0.0
2801,2002-09-25,SZSE:002091,0.0,0.0,0.0,0.0,0.0,0.0,0.0,0.0,0.0,0.0,0.0,0.0,0.0,0.0,0.0,0.0,0.0,0.0,0.0,0.0,0.0,0.0,0.0,0.0,0.0,0.0,0.0,0.0,1.0,0.0,0.0,0.0,0.0,0.0,0.0,0.0,0.0
2802,2002-09-26,SZSE:002091,0.0,0.0,0.0,0.0,0.0,0.0,0.0,0.0,0.0,0.0,0.0,0.0,0.0,0.0,0.0,0.0,0.0,0.0,0.0,0.0,0.0,0.0,0.0,0.0,0.0,0.0,0.0,0.0,1.0,0.0,0.0,0.0,0.0,0.0,0.0,0.0,0.0
2803,2002-09-27,SZSE:002091,0.0,0.0,0.0,0.0,0.0,0.0,0.0,0.0,0.0,0.0,0.0,0.0,0.0,0.0,0.0,0.0,0.0,0.0,0.0,0.0,0.0,0.0,0.0,0.0,0.0,0.0,0.0,0.0,1.0,0.0,0.0,0.0,0.0,0.0,0.0,0.0,0.0
2804,2002-09-30,SZSE:002091,0.0,0.0,0.0,0.0,0.0,0.0,0.0,0.0,0.0,0.0,0.0,0.0,0.0,0.0,0.0,0.0,0.0,0.0,0.0,0.0,0.0,0.0,0.0,0.0,0.0,0.0,0.0,0.0,1.0,0.0,0.0,0.0,0.0,0.0,0.0,0.0,0.0
2805,2002-10-01,SZSE:002091,0.0,0.0,0.0,0.0,0.0,0.0,0.0,0.0,0.0,0.0,0.0,0.0,0.0,0.0,0.0,0.0,0.0,0.0,0.0,0.0,0.0,0.0,0.0,0.0,0.0,0.0,0.0,0.0,1.0,0.0,0.0,0.0,0.0,0.0,0.0,0.0,0.0
2806,2002-10-02,SZSE:002091,0.0,0.0,0.0,0.0,0.0,0.0,0.0,0.0,0.0,0.0,0.0,0.0,0.0,0.0,0.0,0.0,0.0,0.0,0.0,0.0,0.0,0.0,0.0,0.0,0.0,0.0,0.0,0.0,1.0,0.0,0.0,0.0,0.0,0.0,0.0,0.0,0.0
2807,2002-10-03,SZSE:002091,0.0,0.0,0.0,0.0,0.0,0.0,0.0,0.0,0.0,0.0,0.0,0.0,0.0,0.0,0.0,0.0,0.0,0.0,0.0,0.0,0.0,0.0,0.0,0.0,0.0,0.0,0.0,0.0,1.0,0.0,0.0,0.0,0.0,0.0,0.0,0.0,0.0
2808,2002-10-04,SZSE:002091,0.0,0.0,0.0,0.0,0.0,0.0,0.0,0.0,0.0,0.0,0.0,0.0,0.0,0.0,0.0,0.0,0.0,0.0,0.0,0.0,0.0,0.0,0.0,0.0,0.0,0.0,0.0,0.0,1.0,0.0,0.0,0.0,0.0,0.0,0.0,0.0,0.0
2809,2002-10-07,SZSE:002091,0.0,0.0,0.0,0.0,0.0,0.0,0.0,0.0,0.0,0.0,0.0,0.0,0.0,0.0,0.0,0.0,0.0,0.0,0.0,0.0,0.0,0.0,0.0,0.0,0.0,0.0,0.0,0.0,1.0,0.0,0.0,0.0,0.0,0.0,0.0,0.0,0.0
2810,2002-10-08,SZSE:002091,0.0,0.0,0.0,0.0,0.0,0.0,0.0,0.0,0.0,0.0,0.0,0.0,0.0,0.0,0.0,0.0,0.0,0.0,0.0,0.0,0.0,0.0,0.0,0.0,0.0,0.0,0.0,0.0,1.0,0.0,0.0,0.0,0.0,0.0,0.0,0.0,0.0
2811,2002-10-09,SZSE:002091,0.0,0.0,0.0,0.0,0.0,0.0,0.0,0.0,0.0,0.0,0.0,0.0,0.0,0.0,0.0,0.0,0.0,0.0,0.0,0.0,0.0,0.0,0.0,0.0,0.0,0.0,0.0,0.0,1.0,0.0,0.0,0.0,0.0,0.0,0.0,0.0,0.0
2812,2002-10-10,SZSE:002091,0.0,0.0,0.0,0.0,0.0,0.0,0.0,0.0,0.0,0.0,0.0,0.0,0.0,0.0,0.0,0.0,0.0,0.0,0.0,0.0,0.0,0.0,0.0,0.0,0.0,0.0,0.0,0.0,1.0,0.0,0.0,0.0,0.0,0.0,0.0,0.0,0.0
2813,2002-10-11,SZSE:002091,0.0,0.0,0.0,0.0,0.0,0.0,0.0,0.0,0.0,0.0,0.0,0.0,0.0,0.0,0.0,0.0,0.0,0.0,0.0,0.0,0.0,0.0,0.0,0.0,0.0,0.0,0.0,0.0,1.0,0.0,0.0,0.0,0.0,0.0,0.0,0.0,0.0
2814,2002-10-14,SZSE:002091,0.0,0.0,0.0,0.0,0.0,0.0,0.0,0.0,0.0,0.0,0.0,0.0,0.0,0.0,0.0,0.0,0.0,0.0,0.0,0.0,0.0,0.0,0.0,0.0,0.0,0.0,0.0,0.0,1.0,0.0,0.0,0.0,0.0,0.0,0.0,0.0,0.0
2815,2002-10-15,SZSE:002091,0.0,0.0,0.0,0.0,0.0,0.0,0.0,0.0,0.0,0.0,0.0,0.0,0.0,0.0,0.0,0.0,0.0,0.0,0.0,0.0,0.0,0.0,0.0,0.0,0.0,0.0,0.0,0.0,1.0,0.0,0.0,0.0,0.0,0.0,0.0,0.0,0.0
2816,2002-10-16,SZSE:002091,0.0,0.0,0.0,0.0,0.0,0.0,0.0,0.0,0.0,0.0,0.0,0.0,0.0,0.0,0.0,0.0,0.0,0.0,0.0,0.0,0.0,0.0,0.0,0.0,0.0,0.0,0.0,0.0,1.0,0.0,0.0,0.0,0.0,0.0,0.0,0.0,0.0
2817,2002-10-17,SZSE:002091,0.0,0.0,0.0,0.0,0.0,0.0,0.0,0.0,0.0,0.0,0.0,0.0,0.0,0.0,0.0,0.0,0.0,0.0,0.0,0.0,0.0,0.0,0.0,0.0,0.0,0.0,0.0,0.0,1.0,0.0,0.0,0.0,0.0,0.0,0.0,0.0,0.0
2818,2002-10-18,SZSE:002091,0.0,0.0,0.0,0.0,0.0,0.0,0.0,0.0,0.0,0.0,0.0,0.0,0.0,0.0,0.0,0.0,0.0,0.0,0.0,0.0,0.0,0.0,0.0,0.0,0.0,0.0,0.0,0.0,1.0,0.0,0.0,0.0,0.0,0.0,0.0,0.0,0.0
2819,2002-10-21,SZSE:002091,0.0,0.0,0.0,0.0,0.0,0.0,0.0,0.0,0.0,0.0,0.0,0.0,0.0,0.0,0.0,0.0,0.0,0.0,0.0,0.0,0.0,0.0,0.0,0.0,0.0,0.0,0.0,0.0,1.0,0.0,0.0,0.0,0.0,0.0,0.0,0.0,0.0
2820,2002-10-22,SZSE:002091,0.0,0.0,0.0,0.0,0.0,0.0,0.0,0.0,0.0,0.0,0.0,0.0,0.0,0.0,0.0,0.0,0.0,0.0,0.0,0.0,0.0,0.0,0.0,0.0,0.0,0.0,0.0,0.0,1.0,0.0,0.0,0.0,0.0,0.0,0.0,0.0,0.0
2821,2002-10-23,SZSE:002091,0.0,0.0,0.0,0.0,0.0,0.0,0.0,0.0,0.0,0.0,0.0,0.0,0.0,0.0,0.0,0.0,0.0,0.0,0.0,0.0,0.0,0.0,0.0,0.0,0.0,0.0,0.0,0.0,1.0,0.0,0.0,0.0,0.0,0.0,0.0,0.0,0.0
2822,2002-10-24,SZSE:002091,0.0,0.0,0.0,0.0,0.0,0.0,0.0,0.0,0.0,0.0,0.0,0.0,0.0,0.0,0.0,0.0,0.0,0.0,0.0,0.0,0.0,0.0,0.0,0.0,0.0,0.0,0.0,0.0,1.0,0.0,0.0,0.0,0.0,0.0,0.0,0.0,0.0
2823,2002-10-25,SZSE:002091,0.0,0.0,0.0,0.0,0.0,0.0,0.0,0.0,0.0,0.0,0.0,0.0,0.0,0.0,0.0,0.0,0.0,0.0,0.0,0.0,0.0,0.0,0.0,0.0,0.0,0.0,0.0,0.0,1.0,0.0,0.0,0.0,0.0,0.0,0.0,0.0,0.0
2824,2002-10-28,SZSE:002091,0.0,0.0,0.0,0.0,0.0,0.0,0.0,0.0,0.0,0.0,0.0,0.0,0.0,0.0,0.0,0.0,0.0,0.0,0.0,0.0,0.0,0.0,0.0,0.0,0.0,0.0,0.0,0.0,1.0,0.0,0.0,0.0,0.0,0.0,0.0,0.0,0.0
2825,2002-10-29,SZSE:002091,0.0,0.0,0.0,0.0,0.0,0.0,0.0,0.0,0.0,0.0,0.0,0.0,0.0,0.0,0.0,0.0,0.0,0.0,0.0,0.0,0.0,0.0,0.0,0.0,0.0,0.0,0.0,0.0,1.0,0.0,0.0,0.0,0.0,0.0,0.0,0.0,0.0
2826,2002-10-30,SZSE:002091,0.0,0.0,0.0,0.0,0.0,0.0,0.0,0.0,0.0,0.0,0.0,0.0,0.0,0.0,0.0,0.0,0.0,0.0,0.0,0.0,0.0,0.0,0.0,0.0,0.0,0.0,0.0,0.0,1.0,0.0,0.0,0.0,0.0,0.0,0.0,0.0,0.0
2827,2002-10-31,SZSE:002091,0.0,0.0,0.0,0.0,0.0,0.0,0.0,0.0,0.0,0.0,0.0,0.0,0.0,0.0,0.0,0.0,0.0,0.0,0.0,0.0,0.0,0.0,0.0,0.0,0.0,0.0,0.0,0.0,1.0,0.0,0.0,0.0,0.0,0.0,0.0,0.0,0.0
2828,2002-11-01,SZSE:002091,0.0,0.0,0.0,0.0,0.0,0.0,0.0,0.0,0.0,0.0,0.0,0.0,0.0,0.0,0.0,0.0,0.0,0.0,0.0,0.0,0.0,0.0,0.0,0.0,0.0,0.0,0.0,0.0,1.0,0.0,0.0,0.0,0.0,0.0,0.0,0.0,0.0
2829,2002-11-04,SZSE:002091,0.0,0.0,0.0,0.0,0.0,0.0,0.0,0.0,0.0,0.0,0.0,0.0,0.0,0.0,0.0,0.0,0.0,0.0,0.0,0.0,0.0,0.0,0.0,0.0,0.0,0.0,0.0,0.0,1.0,0.0,0.0,0.0,0.0,0.0,0.0,0.0,0.0
2830,2002-11-05,SZSE:002091,0.0,0.0,0.0,0.0,0.0,0.0,0.0,0.0,0.0,0.0,0.0,0.0,0.0,0.0,0.0,0.0,0.0,0.0,0.0,0.0,0.0,0.0,0.0,0.0,0.0,0.0,0.0,0.0,1.0,0.0,0.0,0.0,0.0,0.0,0.0,0.0,0.0
2831,2002-11-06,SZSE:002091,0.0,0.0,0.0,0.0,0.0,0.0,0.0,0.0,0.0,0.0,0.0,0.0,0.0,0.0,0.0,0.0,0.0,0.0,0.0,0.0,0.0,0.0,0.0,0.0,0.0,0.0,0.0,0.0,1.0,0.0,0.0,0.0,0.0,0.0,0.0,0.0,0.0
2832,2002-11-07,SZSE:002091,0.0,0.0,0.0,0.0,0.0,0.0,0.0,0.0,0.0,0.0,0.0,0.0,0.0,0.0,0.0,0.0,0.0,0.0,0.0,0.0,0.0,0.0,0.0,0.0,0.0,0.0,0.0,0.0,1.0,0.0,0.0,0.0,0.0,0.0,0.0,0.0,0.0
2833,2002-11-08,SZSE:002091,0.0,0.0,0.0,0.0,0.0,0.0,0.0,0.0,0.0,0.0,0.0,0.0,0.0,0.0,0.0,0.0,0.0,0.0,0.0,0.0,0.0,0.0,0.0,0.0,0.0,0.0,0.0,0.0,1.0,0.0,0.0,0.0,0.0,0.0,0.0,0.0,0.0
2834,2002-11-11,SZSE:002091,0.0,0.0,0.0,0.0,0.0,0.0,0.0,0.0,0.0,0.0,0.0,0.0,0.0,0.0,0.0,0.0,0.0,0.0,0.0,0.0,0.0,0.0,0.0,0.0,0.0,0.0,0.0,0.0,1.0,0.0,0.0,0.0,0.0,0.0,0.0,0.0,0.0
2835,2002-11-12,SZSE:002091,0.0,0.0,0.0,0.0,0.0,0.0,0.0,0.0,0.0,0.0,0.0,0.0,0.0,0.0,0.0,0.0,0.0,0.0,0.0,0.0,0.0,0.0,0.0,0.0,0.0,0.0,0.0,0.0,1.0,0.0,0.0,0.0,0.0,0.0,0.0,0.0,0.0
2836,2002-11-13,SZSE:002091,0.0,0.0,0.0,0.0,0.0,0.0,0.0,0.0,0.0,0.0,0.0,0.0,0.0,0.0,0.0,0.0,0.0,0.0,0.0,0.0,0.0,0.0,0.0,0.0,0.0,0.0,0.0,0.0,1.0,0.0,0.0,0.0,0.0,0.0,0.0,0.0,0.0
2837,2002-11-14,SZSE:002091,0.0,0.0,0.0,0.0,0.0,0.0,0.0,0.0,0.0,0.0,0.0,0.0,0.0,0.0,0.0,0.0,0.0,0.0,0.0,0.0,0.0,0.0,0.0,0.0,0.0,0.0,0.0,0.0,1.0,0.0,0.0,0.0,0.0,0.0,0.0,0.0,0.0
2838,2002-11-15,SZSE:002091,0.0,0.0,0.0,0.0,0.0,0.0,0.0,0.0,0.0,0.0,0.0,0.0,0.0,0.0,0.0,0.0,0.0,0.0,0.0,0.0,0.0,0.0,0.0,0.0,0.0,0.0,0.0,0.0,1.0,0.0,0.0,0.0,0.0,0.0,0.0,0.0,0.0
2839,2002-11-18,SZSE:002091,0.0,0.0,0.0,0.0,0.0,0.0,0.0,0.0,0.0,0.0,0.0,0.0,0.0,0.0,0.0,0.0,0.0,0.0,0.0,0.0,0.0,0.0,0.0,0.0,0.0,0.0,0.0,0.0,1.0,0.0,0.0,0.0,0.0,0.0,0.0,0.0,0.0
2840,2002-11-19,SZSE:002091,0.0,0.0,0.0,0.0,0.0,0.0,0.0,0.0,0.0,0.0,0.0,0.0,0.0,0.0,0.0,0.0,0.0,0.0,0.0,0.0,0.0,0.0,0.0,0.0,0.0,0.0,0.0,0.0,1.0,0.0,0.0,0.0,0.0,0.0,0.0,0.0,0.0
2841,2002-11-20,SZSE:002091,0.0,0.0,0.0,0.0,0.0,0.0,0.0,0.0,0.0,0.0,0.0,0.0,0.0,0.0,0.0,0.0,0.0,0.0,0.0,0.0,0.0,0.0,0.0,0.0,0.0,0.0,0.0,0.0,1.0,0.0,0.0,0.0,0.0,0.0,0.0,0.0,0.0
2842,2002-11-21,SZSE:002091,0.0,0.0,0.0,0.0,0.0,0.0,0.0,0.0,0.0,0.0,0.0,0.0,0.0,0.0,0.0,0.0,0.0,0.0,0.0,0.0,0.0,0.0,0.0,0.0,0.0,0.0,0.0,0.0,1.0,0.0,0.0,0.0,0.0,0.0,0.0,0.0,0.0
2843,2002-11-22,SZSE:002091,0.0,0.0,0.0,0.0,0.0,0.0,0.0,0.0,0.0,0.0,0.0,0.0,0.0,0.0,0.0,0.0,0.0,0.0,0.0,0.0,0.0,0.0,0.0,0.0,0.0,0.0,0.0,0.0,1.0,0.0,0.0,0.0,0.0,0.0,0.0,0.0,0.0
2844,2002-11-25,SZSE:002091,0.0,0.0,0.0,0.0,0.0,0.0,0.0,0.0,0.0,0.0,0.0,0.0,0.0,0.0,0.0,0.0,0.0,0.0,0.0,0.0,0.0,0.0,0.0,0.0,0.0,0.0,0.0,0.0,1.0,0.0,0.0,0.0,0.0,0.0,0.0,0.0,0.0
2845,2002-11-26,SZSE:002091,0.0,0.0,0.0,0.0,0.0,0.0,0.0,0.0,0.0,0.0,0.0,0.0,0.0,0.0,0.0,0.0,0.0,0.0,0.0,0.0,0.0,0.0,0.0,0.0,0.0,0.0,0.0,0.0,1.0,0.0,0.0,0.0,0.0,0.0,0.0,0.0,0.0
2846,2002-11-27,SZSE:002091,0.0,0.0,0.0,0.0,0.0,0.0,0.0,0.0,0.0,0.0,0.0,0.0,0.0,0.0,0.0,0.0,0.0,0.0,0.0,0.0,0.0,0.0,0.0,0.0,0.0,0.0,0.0,0.0,1.0,0.0,0.0,0.0,0.0,0.0,0.0,0.0,0.0
2847,2002-11-28,SZSE:002091,0.0,0.0,0.0,0.0,0.0,0.0,0.0,0.0,0.0,0.0,0.0,0.0,0.0,0.0,0.0,0.0,0.0,0.0,0.0,0.0,0.0,0.0,0.0,0.0,0.0,0.0,0.0,0.0,1.0,0.0,0.0,0.0,0.0,0.0,0.0,0.0,0.0
2848,2002-11-29,SZSE:002091,0.0,0.0,0.0,0.0,0.0,0.0,0.0,0.0,0.0,0.0,0.0,0.0,0.0,0.0,0.0,0.0,0.0,0.0,0.0,0.0,0.0,0.0,0.0,0.0,0.0,0.0,0.0,0.0,1.0,0.0,0.0,0.0,0.0,0.0,0.0,0.0,0.0
2849,2002-12-02,SZSE:002091,0.0,0.0,0.0,0.0,0.0,0.0,0.0,0.0,0.0,0.0,0.0,0.0,0.0,0.0,0.0,0.0,0.0,0.0,0.0,0.0,0.0,0.0,0.0,0.0,0.0,0.0,0.0,0.0,1.0,0.0,0.0,0.0,0.0,0.0,0.0,0.0,0.0
2850,2002-12-03,SZSE:002091,0.0,0.0,0.0,0.0,0.0,0.0,0.0,0.0,0.0,0.0,0.0,0.0,0.0,0.0,0.0,0.0,0.0,0.0,0.0,0.0,0.0,0.0,0.0,0.0,0.0,0.0,0.0,0.0,1.0,0.0,0.0,0.0,0.0,0.0,0.0,0.0,0.0
2851,2002-12-04,SZSE:002091,0.0,0.0,0.0,0.0,0.0,0.0,0.0,0.0,0.0,0.0,0.0,0.0,0.0,0.0,0.0,0.0,0.0,0.0,0.0,0.0,0.0,0.0,0.0,0.0,0.0,0.0,0.0,0.0,1.0,0.0,0.0,0.0,0.0,0.0,0.0,0.0,0.0
2852,2002-12-05,SZSE:002091,0.0,0.0,0.0,0.0,0.0,0.0,0.0,0.0,0.0,0.0,0.0,0.0,0.0,0.0,0.0,0.0,0.0,0.0,0.0,0.0,0.0,0.0,0.0,0.0,0.0,0.0,0.0,0.0,1.0,0.0,0.0,0.0,0.0,0.0,0.0,0.0,0.0
2853,2002-12-06,SZSE:002091,0.0,0.0,0.0,0.0,0.0,0.0,0.0,0.0,0.0,0.0,0.0,0.0,0.0,0.0,0.0,0.0,0.0,0.0,0.0,0.0,0.0,0.0,0.0,0.0,0.0,0.0,0.0,0.0,1.0,0.0,0.0,0.0,0.0,0.0,0.0,0.0,0.0
2854,2002-12-09,SZSE:002091,0.0,0.0,0.0,0.0,0.0,0.0,0.0,0.0,0.0,0.0,0.0,0.0,0.0,0.0,0.0,0.0,0.0,0.0,0.0,0.0,0.0,0.0,0.0,0.0,0.0,0.0,0.0,0.0,1.0,0.0,0.0,0.0,0.0,0.0,0.0,0.0,0.0
2855,2002-12-10,SZSE:002091,0.0,0.0,0.0,0.0,0.0,0.0,0.0,0.0,0.0,0.0,0.0,0.0,0.0,0.0,0.0,0.0,0.0,0.0,0.0,0.0,0.0,0.0,0.0,0.0,0.0,0.0,0.0,0.0,1.0,0.0,0.0,0.0,0.0,0.0,0.0,0.0,0.0
2856,2002-12-11,SZSE:002091,0.0,0.0,0.0,0.0,0.0,0.0,0.0,0.0,0.0,0.0,0.0,0.0,0.0,0.0,0.0,0.0,0.0,0.0,0.0,0.0,0.0,0.0,0.0,0.0,0.0,0.0,0.0,0.0,1.0,0.0,0.0,0.0,0.0,0.0,0.0,0.0,0.0
2857,2002-12-12,SZSE:002091,0.0,0.0,0.0,0.0,0.0,0.0,0.0,0.0,0.0,0.0,0.0,0.0,0.0,0.0,0.0,0.0,0.0,0.0,0.0,0.0,0.0,0.0,0.0,0.0,0.0,0.0,0.0,0.0,1.0,0.0,0.0,0.0,0.0,0.0,0.0,0.0,0.0
2858,2002-12-13,SZSE:002091,0.0,0.0,0.0,0.0,0.0,0.0,0.0,0.0,0.0,0.0,0.0,0.0,0.0,0.0,0.0,0.0,0.0,0.0,0.0,0.0,0.0,0.0,0.0,0.0,0.0,0.0,0.0,0.0,1.0,0.0,0.0,0.0,0.0,0.0,0.0,0.0,0.0
2859,2002-12-16,SZSE:002091,0.0,0.0,0.0,0.0,0.0,0.0,0.0,0.0,0.0,0.0,0.0,0.0,0.0,0.0,0.0,0.0,0.0,0.0,0.0,0.0,0.0,0.0,0.0,0.0,0.0,0.0,0.0,0.0,1.0,0.0,0.0,0.0,0.0,0.0,0.0,0.0,0.0
2860,2002-12-17,SZSE:002091,0.0,0.0,0.0,0.0,0.0,0.0,0.0,0.0,0.0,0.0,0.0,0.0,0.0,0.0,0.0,0.0,0.0,0.0,0.0,0.0,0.0,0.0,0.0,0.0,0.0,0.0,0.0,0.0,1.0,0.0,0.0,0.0,0.0,0.0,0.0,0.0,0.0
2861,2002-12-18,SZSE:002091,0.0,0.0,0.0,0.0,0.0,0.0,0.0,0.0,0.0,0.0,0.0,0.0,0.0,0.0,0.0,0.0,0.0,0.0,0.0,0.0,0.0,0.0,0.0,0.0,0.0,0.0,0.0,0.0,1.0,0.0,0.0,0.0,0.0,0.0,0.0,0.0,0.0
2862,2002-12-19,SZSE:002091,0.0,0.0,0.0,0.0,0.0,0.0,0.0,0.0,0.0,0.0,0.0,0.0,0.0,0.0,0.0,0.0,0.0,0.0,0.0,0.0,0.0,0.0,0.0,0.0,0.0,0.0,0.0,0.0,1.0,0.0,0.0,0.0,0.0,0.0,0.0,0.0,0.0
2863,2002-12-20,SZSE:002091,0.0,0.0,0.0,0.0,0.0,0.0,0.0,0.0,0.0,0.0,0.0,0.0,0.0,0.0,0.0,0.0,0.0,0.0,0.0,0.0,0.0,0.0,0.0,0.0,0.0,0.0,0.0,0.0,1.0,0.0,0.0,0.0,0.0,0.0,0.0,0.0,0.0
2864,2002-12-23,SZSE:002091,0.0,0.0,0.0,0.0,0.0,0.0,0.0,0.0,0.0,0.0,0.0,0.0,0.0,0.0,0.0,0.0,0.0,0.0,0.0,0.0,0.0,0.0,0.0,0.0,0.0,0.0,0.0,0.0,1.0,0.0,0.0,0.0,0.0,0.0,0.0,0.0,0.0
2865,2002-12-24,SZSE:002091,0.0,0.0,0.0,0.0,0.0,0.0,0.0,0.0,0.0,0.0,0.0,0.0,0.0,0.0,0.0,0.0,0.0,0.0,0.0,0.0,0.0,0.0,0.0,0.0,0.0,0.0,0.0,0.0,1.0,0.0,0.0,0.0,0.0,0.0,0.0,0.0,0.0
2866,2002-12-25,SZSE:002091,0.0,0.0,0.0,0.0,0.0,0.0,0.0,0.0,0.0,0.0,0.0,0.0,0.0,0.0,0.0,0.0,0.0,0.0,0.0,0.0,0.0,0.0,0.0,0.0,0.0,0.0,0.0,0.0,1.0,0.0,0.0,0.0,0.0,0.0,0.0,0.0,0.0
2867,2002-12-26,SZSE:002091,0.0,0.0,0.0,0.0,0.0,0.0,0.0,0.0,0.0,0.0,0.0,0.0,0.0,0.0,0.0,0.0,0.0,0.0,0.0,0.0,0.0,0.0,0.0,0.0,0.0,0.0,0.0,0.0,1.0,0.0,0.0,0.0,0.0,0.0,0.0,0.0,0.0
2868,2002-12-27,SZSE:002091,0.0,0.0,0.0,0.0,0.0,0.0,0.0,0.0,0.0,0.0,0.0,0.0,0.0,0.0,0.0,0.0,0.0,0.0,0.0,0.0,0.0,0.0,0.0,0.0,0.0,0.0,0.0,0.0,1.0,0.0,0.0,0.0,0.0,0.0,0.0,0.0,0.0
2869,2002-12-30,SZSE:002091,0.0,0.0,0.0,0.0,0.0,0.0,0.0,0.0,0.0,0.0,0.0,0.0,0.0,0.0,0.0,0.0,0.0,0.0,0.0,0.0,0.0,0.0,0.0,0.0,0.0,0.0,0.0,0.0,1.0,0.0,0.0,0.0,0.0,0.0,0.0,0.0,0.0
2870,2002-12-31,SZSE:002091,0.0,0.0,0.0,0.0,0.0,0.0,0.0,0.0,0.0,0.0,0.0,0.0,0.0,0.0,0.0,0.0,0.0,0.0,0.0,0.0,0.0,0.0,0.0,0.0,0.0,0.0,0.0,0.0,1.0,0.0,0.0,0.0,0.0,0.0,0.0,0.0,0.0
2871,2003-01-01,SZSE:002091,0.0,0.0,0.0,0.0,0.0,0.0,0.0,0.0,0.0,0.0,0.0,0.0,0.0,0.0,0.0,0.0,0.0,0.0,0.0,0.0,0.0,0.0,0.0,0.0,0.0,0.0,0.0,0.0,1.0,0.0,0.0,0.0,0.0,0.0,0.0,0.0,0.0
2872,2003-01-02,SZSE:002091,0.0,0.0,0.0,0.0,0.0,0.0,0.0,0.0,0.0,0.0,0.0,0.0,0.0,0.0,0.0,0.0,0.0,0.0,0.0,0.0,0.0,0.0,0.0,0.0,0.0,0.0,0.0,0.0,1.0,0.0,0.0,0.0,0.0,0.0,0.0,0.0,0.0
2873,2003-01-03,SZSE:002091,0.0,0.0,0.0,0.0,0.0,0.0,0.0,0.0,0.0,0.0,0.0,0.0,0.0,0.0,0.0,0.0,0.0,0.0,0.0,0.0,0.0,0.0,0.0,0.0,0.0,0.0,0.0,0.0,1.0,0.0,0.0,0.0,0.0,0.0,0.0,0.0,0.0
2874,2003-01-06,SZSE:002091,0.0,0.0,0.0,0.0,0.0,0.0,0.0,0.0,0.0,0.0,0.0,0.0,0.0,0.0,0.0,0.0,0.0,0.0,0.0,0.0,0.0,0.0,0.0,0.0,0.0,0.0,0.0,0.0,1.0,0.0,0.0,0.0,0.0,0.0,0.0,0.0,0.0
2875,2003-01-07,SZSE:002091,0.0,0.0,0.0,0.0,0.0,0.0,0.0,0.0,0.0,0.0,0.0,0.0,0.0,0.0,0.0,0.0,0.0,0.0,0.0,0.0,0.0,0.0,0.0,0.0,0.0,0.0,0.0,0.0,1.0,0.0,0.0,0.0,0.0,0.0,0.0,0.0,0.0
2876,2003-01-08,SZSE:002091,0.0,0.0,0.0,0.0,0.0,0.0,0.0,0.0,0.0,0.0,0.0,0.0,0.0,0.0,0.0,0.0,0.0,0.0,0.0,0.0,0.0,0.0,0.0,0.0,0.0,0.0,0.0,0.0,1.0,0.0,0.0,0.0,0.0,0.0,0.0,0.0,0.0
2877,2003-01-09,SZSE:002091,0.0,0.0,0.0,0.0,0.0,0.0,0.0,0.0,0.0,0.0,0.0,0.0,0.0,0.0,0.0,0.0,0.0,0.0,0.0,0.0,0.0,0.0,0.0,0.0,0.0,0.0,0.0,0.0,1.0,0.0,0.0,0.0,0.0,0.0,0.0,0.0,0.0
2878,2003-01-10,SZSE:002091,0.0,0.0,0.0,0.0,0.0,0.0,0.0,0.0,0.0,0.0,0.0,0.0,0.0,0.0,0.0,0.0,0.0,0.0,0.0,0.0,0.0,0.0,0.0,0.0,0.0,0.0,0.0,0.0,1.0,0.0,0.0,0.0,0.0,0.0,0.0,0.0,0.0
2879,2003-01-13,SZSE:002091,0.0,0.0,0.0,0.0,0.0,0.0,0.0,0.0,0.0,0.0,0.0,0.0,0.0,0.0,0.0,0.0,0.0,0.0,0.0,0.0,0.0,0.0,0.0,0.0,0.0,0.0,0.0,0.0,1.0,0.0,0.0,0.0,0.0,0.0,0.0,0.0,0.0
2880,2003-01-14,SZSE:002091,0.0,0.0,0.0,0.0,0.0,0.0,0.0,0.0,0.0,0.0,0.0,0.0,0.0,0.0,0.0,0.0,0.0,0.0,0.0,0.0,0.0,0.0,0.0,0.0,0.0,0.0,0.0,0.0,1.0,0.0,0.0,0.0,0.0,0.0,0.0,0.0,0.0
2881,2003-01-15,SZSE:002091,0.0,0.0,0.0,0.0,0.0,0.0,0.0,0.0,0.0,0.0,0.0,0.0,0.0,0.0,0.0,0.0,0.0,0.0,0.0,0.0,0.0,0.0,0.0,0.0,0.0,0.0,0.0,0.0,1.0,0.0,0.0,0.0,0.0,0.0,0.0,0.0,0.0
2882,2003-01-16,SZSE:002091,0.0,0.0,0.0,0.0,0.0,0.0,0.0,0.0,0.0,0.0,0.0,0.0,0.0,0.0,0.0,0.0,0.0,0.0,0.0,0.0,0.0,0.0,0.0,0.0,0.0,0.0,0.0,0.0,1.0,0.0,0.0,0.0,0.0,0.0,0.0,0.0,0.0
2883,2003-01-17,SZSE:002091,0.0,0.0,0.0,0.0,0.0,0.0,0.0,0.0,0.0,0.0,0.0,0.0,0.0,0.0,0.0,0.0,0.0,0.0,0.0,0.0,0.0,0.0,0.0,0.0,0.0,0.0,0.0,0.0,1.0,0.0,0.0,0.0,0.0,0.0,0.0,0.0,0.0
2884,2003-01-20,SZSE:002091,0.0,0.0,0.0,0.0,0.0,0.0,0.0,0.0,0.0,0.0,0.0,0.0,0.0,0.0,0.0,0.0,0.0,0.0,0.0,0.0,0.0,0.0,0.0,0.0,0.0,0.0,0.0,0.0,1.0,0.0,0.0,0.0,0.0,0.0,0.0,0.0,0.0
2885,2003-01-21,SZSE:002091,0.0,0.0,0.0,0.0,0.0,0.0,0.0,0.0,0.0,0.0,0.0,0.0,0.0,0.0,0.0,0.0,0.0,0.0,0.0,0.0,0.0,0.0,0.0,0.0,0.0,0.0,0.0,0.0,1.0,0.0,0.0,0.0,0.0,0.0,0.0,0.0,0.0
2886,2003-01-22,SZSE:002091,0.0,0.0,0.0,0.0,0.0,0.0,0.0,0.0,0.0,0.0,0.0,0.0,0.0,0.0,0.0,0.0,0.0,0.0,0.0,0.0,0.0,0.0,0.0,0.0,0.0,0.0,0.0,0.0,1.0,0.0,0.0,0.0,0.0,0.0,0.0,0.0,0.0
2887,2003-01-23,SZSE:002091,0.0,0.0,0.0,0.0,0.0,0.0,0.0,0.0,0.0,0.0,0.0,0.0,0.0,0.0,0.0,0.0,0.0,0.0,0.0,0.0,0.0,0.0,0.0,0.0,0.0,0.0,0.0,0.0,1.0,0.0,0.0,0.0,0.0,0.0,0.0,0.0,0.0
2888,2003-01-24,SZSE:002091,0.0,0.0,0.0,0.0,0.0,0.0,0.0,0.0,0.0,0.0,0.0,0.0,0.0,0.0,0.0,0.0,0.0,0.0,0.0,0.0,0.0,0.0,0.0,0.0,0.0,0.0,0.0,0.0,1.0,0.0,0.0,0.0,0.0,0.0,0.0,0.0,0.0
2889,2003-01-27,SZSE:002091,0.0,0.0,0.0,0.0,0.0,0.0,0.0,0.0,0.0,0.0,0.0,0.0,0.0,0.0,0.0,0.0,0.0,0.0,0.0,0.0,0.0,0.0,0.0,0.0,0.0,0.0,0.0,0.0,1.0,0.0,0.0,0.0,0.0,0.0,0.0,0.0,0.0
2890,2003-01-28,SZSE:002091,0.0,0.0,0.0,0.0,0.0,0.0,0.0,0.0,0.0,0.0,0.0,0.0,0.0,0.0,0.0,0.0,0.0,0.0,0.0,0.0,0.0,0.0,0.0,0.0,0.0,0.0,0.0,0.0,1.0,0.0,0.0,0.0,0.0,0.0,0.0,0.0,0.0
2891,2003-01-29,SZSE:002091,0.0,0.0,0.0,0.0,0.0,0.0,0.0,0.0,0.0,0.0,0.0,0.0,0.0,0.0,0.0,0.0,0.0,0.0,0.0,0.0,0.0,0.0,0.0,0.0,0.0,0.0,0.0,0.0,1.0,0.0,0.0,0.0,0.0,0.0,0.0,0.0,0.0
2892,2003-01-30,SZSE:002091,0.0,0.0,0.0,0.0,0.0,0.0,0.0,0.0,0.0,0.0,0.0,0.0,0.0,0.0,0.0,0.0,0.0,0.0,0.0,0.0,0.0,0.0,0.0,0.0,0.0,0.0,0.0,0.0,1.0,0.0,0.0,0.0,0.0,0.0,0.0,0.0,0.0
2893,2003-01-31,SZSE:002091,0.0,0.0,0.0,0.0,0.0,0.0,0.0,0.0,0.0,0.0,0.0,0.0,0.0,0.0,0.0,0.0,0.0,0.0,0.0,0.0,0.0,0.0,0.0,0.0,0.0,0.0,0.0,0.0,1.0,0.0,0.0,0.0,0.0,0.0,0.0,0.0,0.0
2894,2003-02-03,SZSE:002091,0.0,0.0,0.0,0.0,0.0,0.0,0.0,0.0,0.0,0.0,0.0,0.0,0.0,0.0,0.0,0.0,0.0,0.0,0.0,0.0,0.0,0.0,0.0,0.0,0.0,0.0,0.0,0.0,1.0,0.0,0.0,0.0,0.0,0.0,0.0,0.0,0.0
2895,2003-02-04,SZSE:002091,0.0,0.0,0.0,0.0,0.0,0.0,0.0,0.0,0.0,0.0,0.0,0.0,0.0,0.0,0.0,0.0,0.0,0.0,0.0,0.0,0.0,0.0,0.0,0.0,0.0,0.0,0.0,0.0,1.0,0.0,0.0,0.0,0.0,0.0,0.0,0.0,0.0
2896,2003-02-05,SZSE:002091,0.0,0.0,0.0,0.0,0.0,0.0,0.0,0.0,0.0,0.0,0.0,0.0,0.0,0.0,0.0,0.0,0.0,0.0,0.0,0.0,0.0,0.0,0.0,0.0,0.0,0.0,0.0,0.0,1.0,0.0,0.0,0.0,0.0,0.0,0.0,0.0,0.0
2897,2003-02-06,SZSE:002091,0.0,0.0,0.0,0.0,0.0,0.0,0.0,0.0,0.0,0.0,0.0,0.0,0.0,0.0,0.0,0.0,0.0,0.0,0.0,0.0,0.0,0.0,0.0,0.0,0.0,0.0,0.0,0.0,1.0,0.0,0.0,0.0,0.0,0.0,0.0,0.0,0.0
2898,2003-02-07,SZSE:002091,0.0,0.0,0.0,0.0,0.0,0.0,0.0,0.0,0.0,0.0,0.0,0.0,0.0,0.0,0.0,0.0,0.0,0.0,0.0,0.0,0.0,0.0,0.0,0.0,0.0,0.0,0.0,0.0,1.0,0.0,0.0,0.0,0.0,0.0,0.0,0.0,0.0
2899,2003-02-10,SZSE:002091,0.0,0.0,0.0,0.0,0.0,0.0,0.0,0.0,0.0,0.0,0.0,0.0,0.0,0.0,0.0,0.0,0.0,0.0,0.0,0.0,0.0,0.0,0.0,0.0,0.0,0.0,0.0,0.0,1.0,0.0,0.0,0.0,0.0,0.0,0.0,0.0,0.0
2900,2003-02-11,SZSE:002091,0.0,0.0,0.0,0.0,0.0,0.0,0.0,0.0,0.0,0.0,0.0,0.0,0.0,0.0,0.0,0.0,0.0,0.0,0.0,0.0,0.0,0.0,0.0,0.0,0.0,0.0,0.0,0.0,1.0,0.0,0.0,0.0,0.0,0.0,0.0,0.0,0.0
2901,2003-02-12,SZSE:002091,0.0,0.0,0.0,0.0,0.0,0.0,0.0,0.0,0.0,0.0,0.0,0.0,0.0,0.0,0.0,0.0,0.0,0.0,0.0,0.0,0.0,0.0,0.0,0.0,0.0,0.0,0.0,0.0,1.0,0.0,0.0,0.0,0.0,0.0,0.0,0.0,0.0
2902,2003-02-13,SZSE:002091,0.0,0.0,0.0,0.0,0.0,0.0,0.0,0.0,0.0,0.0,0.0,0.0,0.0,0.0,0.0,0.0,0.0,0.0,0.0,0.0,0.0,0.0,0.0,0.0,0.0,0.0,0.0,0.0,1.0,0.0,0.0,0.0,0.0,0.0,0.0,0.0,0.0
2903,2003-02-14,SZSE:002091,0.0,0.0,0.0,0.0,0.0,0.0,0.0,0.0,0.0,0.0,0.0,0.0,0.0,0.0,0.0,0.0,0.0,0.0,0.0,0.0,0.0,0.0,0.0,0.0,0.0,0.0,0.0,0.0,1.0,0.0,0.0,0.0,0.0,0.0,0.0,0.0,0.0
2904,2003-02-17,SZSE:002091,0.0,0.0,0.0,0.0,0.0,0.0,0.0,0.0,0.0,0.0,0.0,0.0,0.0,0.0,0.0,0.0,0.0,0.0,0.0,0.0,0.0,0.0,0.0,0.0,0.0,0.0,0.0,0.0,1.0,0.0,0.0,0.0,0.0,0.0,0.0,0.0,0.0
2905,2003-02-18,SZSE:002091,0.0,0.0,0.0,0.0,0.0,0.0,0.0,0.0,0.0,0.0,0.0,0.0,0.0,0.0,0.0,0.0,0.0,0.0,0.0,0.0,0.0,0.0,0.0,0.0,0.0,0.0,0.0,0.0,1.0,0.0,0.0,0.0,0.0,0.0,0.0,0.0,0.0
2906,2003-02-19,SZSE:002091,0.0,0.0,0.0,0.0,0.0,0.0,0.0,0.0,0.0,0.0,0.0,0.0,0.0,0.0,0.0,0.0,0.0,0.0,0.0,0.0,0.0,0.0,0.0,0.0,0.0,0.0,0.0,0.0,1.0,0.0,0.0,0.0,0.0,0.0,0.0,0.0,0.0
2907,2003-02-20,SZSE:002091,0.0,0.0,0.0,0.0,0.0,0.0,0.0,0.0,0.0,0.0,0.0,0.0,0.0,0.0,0.0,0.0,0.0,0.0,0.0,0.0,0.0,0.0,0.0,0.0,0.0,0.0,0.0,0.0,1.0,0.0,0.0,0.0,0.0,0.0,0.0,0.0,0.0
2908,2003-02-21,SZSE:002091,0.0,0.0,0.0,0.0,0.0,0.0,0.0,0.0,0.0,0.0,0.0,0.0,0.0,0.0,0.0,0.0,0.0,0.0,0.0,0.0,0.0,0.0,0.0,0.0,0.0,0.0,0.0,0.0,1.0,0.0,0.0,0.0,0.0,0.0,0.0,0.0,0.0
2909,2003-02-24,SZSE:002091,0.0,0.0,0.0,0.0,0.0,0.0,0.0,0.0,0.0,0.0,0.0,0.0,0.0,0.0,0.0,0.0,0.0,0.0,0.0,0.0,0.0,0.0,0.0,0.0,0.0,0.0,0.0,0.0,1.0,0.0,0.0,0.0,0.0,0.0,0.0,0.0,0.0
2910,2003-02-25,SZSE:002091,0.0,0.0,0.0,0.0,0.0,0.0,0.0,0.0,0.0,0.0,0.0,0.0,0.0,0.0,0.0,0.0,0.0,0.0,0.0,0.0,0.0,0.0,0.0,0.0,0.0,0.0,0.0,0.0,1.0,0.0,0.0,0.0,0.0,0.0,0.0,0.0,0.0
2911,2003-02-26,SZSE:002091,0.0,0.0,0.0,0.0,0.0,0.0,0.0,0.0,0.0,0.0,0.0,0.0,0.0,0.0,0.0,0.0,0.0,0.0,0.0,0.0,0.0,0.0,0.0,0.0,0.0,0.0,0.0,0.0,1.0,0.0,0.0,0.0,0.0,0.0,0.0,0.0,0.0
2912,2003-02-27,SZSE:002091,0.0,0.0,0.0,0.0,0.0,0.0,0.0,0.0,0.0,0.0,0.0,0.0,0.0,0.0,0.0,0.0,0.0,0.0,0.0,0.0,0.0,0.0,0.0,0.0,0.0,0.0,0.0,0.0,1.0,0.0,0.0,0.0,0.0,0.0,0.0,0.0,0.0
2913,2003-02-28,SZSE:002091,0.0,0.0,0.0,0.0,0.0,0.0,0.0,0.0,0.0,0.0,0.0,0.0,0.0,0.0,0.0,0.0,0.0,0.0,0.0,0.0,0.0,0.0,0.0,0.0,0.0,0.0,0.0,0.0,1.0,0.0,0.0,0.0,0.0,0.0,0.0,0.0,0.0
2914,2003-03-03,SZSE:002091,0.0,0.0,0.0,0.0,0.0,0.0,0.0,0.0,0.0,0.0,0.0,0.0,0.0,0.0,0.0,0.0,0.0,0.0,0.0,0.0,0.0,0.0,0.0,0.0,0.0,0.0,0.0,0.0,1.0,0.0,0.0,0.0,0.0,0.0,0.0,0.0,0.0
2915,2003-03-04,SZSE:002091,0.0,0.0,0.0,0.0,0.0,0.0,0.0,0.0,0.0,0.0,0.0,0.0,0.0,0.0,0.0,0.0,0.0,0.0,0.0,0.0,0.0,0.0,0.0,0.0,0.0,0.0,0.0,0.0,1.0,0.0,0.0,0.0,0.0,0.0,0.0,0.0,0.0
2916,2003-03-05,SZSE:002091,0.0,0.0,0.0,0.0,0.0,0.0,0.0,0.0,0.0,0.0,0.0,0.0,0.0,0.0,0.0,0.0,0.0,0.0,0.0,0.0,0.0,0.0,0.0,0.0,0.0,0.0,0.0,0.0,1.0,0.0,0.0,0.0,0.0,0.0,0.0,0.0,0.0
2917,2003-03-06,SZSE:002091,0.0,0.0,0.0,0.0,0.0,0.0,0.0,0.0,0.0,0.0,0.0,0.0,0.0,0.0,0.0,0.0,0.0,0.0,0.0,0.0,0.0,0.0,0.0,0.0,0.0,0.0,0.0,0.0,1.0,0.0,0.0,0.0,0.0,0.0,0.0,0.0,0.0
2918,2003-03-07,SZSE:002091,0.0,0.0,0.0,0.0,0.0,0.0,0.0,0.0,0.0,0.0,0.0,0.0,0.0,0.0,0.0,0.0,0.0,0.0,0.0,0.0,0.0,0.0,0.0,0.0,0.0,0.0,0.0,0.0,1.0,0.0,0.0,0.0,0.0,0.0,0.0,0.0,0.0
2919,2003-03-10,SZSE:002091,0.0,0.0,0.0,0.0,0.0,0.0,0.0,0.0,0.0,0.0,0.0,0.0,0.0,0.0,0.0,0.0,0.0,0.0,0.0,0.0,0.0,0.0,0.0,0.0,0.0,0.0,0.0,0.0,1.0,0.0,0.0,0.0,0.0,0.0,0.0,0.0,0.0
2920,2003-03-11,SZSE:002091,0.0,0.0,0.0,0.0,0.0,0.0,0.0,0.0,0.0,0.0,0.0,0.0,0.0,0.0,0.0,0.0,0.0,0.0,0.0,0.0,0.0,0.0,0.0,0.0,0.0,0.0,0.0,0.0,1.0,0.0,0.0,0.0,0.0,0.0,0.0,0.0,0.0
2921,2003-03-12,SZSE:002091,0.0,0.0,0.0,0.0,0.0,0.0,0.0,0.0,0.0,0.0,0.0,0.0,0.0,0.0,0.0,0.0,0.0,0.0,0.0,0.0,0.0,0.0,0.0,0.0,0.0,0.0,0.0,0.0,1.0,0.0,0.0,0.0,0.0,0.0,0.0,0.0,0.0
2922,2003-03-13,SZSE:002091,0.0,0.0,0.0,0.0,0.0,0.0,0.0,0.0,0.0,0.0,0.0,0.0,0.0,0.0,0.0,0.0,0.0,0.0,0.0,0.0,0.0,0.0,0.0,0.0,0.0,0.0,0.0,0.0,1.0,0.0,0.0,0.0,0.0,0.0,0.0,0.0,0.0
2923,2003-03-14,SZSE:002091,0.0,0.0,0.0,0.0,0.0,0.0,0.0,0.0,0.0,0.0,0.0,0.0,0.0,0.0,0.0,0.0,0.0,0.0,0.0,0.0,0.0,0.0,0.0,0.0,0.0,0.0,0.0,0.0,1.0,0.0,0.0,0.0,0.0,0.0,0.0,0.0,0.0
2924,2003-03-17,SZSE:002091,0.0,0.0,0.0,0.0,0.0,0.0,0.0,0.0,0.0,0.0,0.0,0.0,0.0,0.0,0.0,0.0,0.0,0.0,0.0,0.0,0.0,0.0,0.0,0.0,0.0,0.0,0.0,0.0,1.0,0.0,0.0,0.0,0.0,0.0,0.0,0.0,0.0
2925,2003-03-18,SZSE:002091,0.0,0.0,0.0,0.0,0.0,0.0,0.0,0.0,0.0,0.0,0.0,0.0,0.0,0.0,0.0,0.0,0.0,0.0,0.0,0.0,0.0,0.0,0.0,0.0,0.0,0.0,0.0,0.0,1.0,0.0,0.0,0.0,0.0,0.0,0.0,0.0,0.0
2926,2003-03-19,SZSE:002091,0.0,0.0,0.0,0.0,0.0,0.0,0.0,0.0,0.0,0.0,0.0,0.0,0.0,0.0,0.0,0.0,0.0,0.0,0.0,0.0,0.0,0.0,0.0,0.0,0.0,0.0,0.0,0.0,1.0,0.0,0.0,0.0,0.0,0.0,0.0,0.0,0.0
2927,2003-03-20,SZSE:002091,0.0,0.0,0.0,0.0,0.0,0.0,0.0,0.0,0.0,0.0,0.0,0.0,0.0,0.0,0.0,0.0,0.0,0.0,0.0,0.0,0.0,0.0,0.0,0.0,0.0,0.0,0.0,0.0,1.0,0.0,0.0,0.0,0.0,0.0,0.0,0.0,0.0
2928,2003-03-21,SZSE:002091,0.0,0.0,0.0,0.0,0.0,0.0,0.0,0.0,0.0,0.0,0.0,0.0,0.0,0.0,0.0,0.0,0.0,0.0,0.0,0.0,0.0,0.0,0.0,0.0,0.0,0.0,0.0,0.0,1.0,0.0,0.0,0.0,0.0,0.0,0.0,0.0,0.0
2929,2003-03-24,SZSE:002091,0.0,0.0,0.0,0.0,0.0,0.0,0.0,0.0,0.0,0.0,0.0,0.0,0.0,0.0,0.0,0.0,0.0,0.0,0.0,0.0,0.0,0.0,0.0,0.0,0.0,0.0,0.0,0.0,1.0,0.0,0.0,0.0,0.0,0.0,0.0,0.0,0.0
2930,2003-03-25,SZSE:002091,0.0,0.0,0.0,0.0,0.0,0.0,0.0,0.0,0.0,0.0,0.0,0.0,0.0,0.0,0.0,0.0,0.0,0.0,0.0,0.0,0.0,0.0,0.0,0.0,0.0,0.0,0.0,0.0,1.0,0.0,0.0,0.0,0.0,0.0,0.0,0.0,0.0
2931,2003-03-26,SZSE:002091,0.0,0.0,0.0,0.0,0.0,0.0,0.0,0.0,0.0,0.0,0.0,0.0,0.0,0.0,0.0,0.0,0.0,0.0,0.0,0.0,0.0,0.0,0.0,0.0,0.0,0.0,0.0,0.0,1.0,0.0,0.0,0.0,0.0,0.0,0.0,0.0,0.0
2932,2003-03-27,SZSE:002091,0.0,0.0,0.0,0.0,0.0,0.0,0.0,0.0,0.0,0.0,0.0,0.0,0.0,0.0,0.0,0.0,0.0,0.0,0.0,0.0,0.0,0.0,0.0,0.0,0.0,0.0,0.0,0.0,1.0,0.0,0.0,0.0,0.0,0.0,0.0,0.0,0.0
2933,2003-03-28,SZSE:002091,0.0,0.0,0.0,0.0,0.0,0.0,0.0,0.0,0.0,0.0,0.0,0.0,0.0,0.0,0.0,0.0,0.0,0.0,0.0,0.0,0.0,0.0,0.0,0.0,0.0,0.0,0.0,0.0,1.0,0.0,0.0,0.0,0.0,0.0,0.0,0.0,0.0
2934,2003-03-31,SZSE:002091,0.0,0.0,0.0,0.0,0.0,0.0,0.0,0.0,0.0,0.0,0.0,0.0,0.0,0.0,0.0,0.0,0.0,0.0,0.0,0.0,0.0,0.0,0.0,0.0,0.0,0.0,0.0,0.0,1.0,0.0,0.0,0.0,0.0,0.0,0.0,0.0,0.0
2935,2003-04-01,SZSE:002091,0.0,0.0,0.0,0.0,0.0,0.0,0.0,0.0,0.0,0.0,0.0,0.0,0.0,0.0,0.0,0.0,0.0,0.0,0.0,0.0,0.0,0.0,0.0,0.0,0.0,0.0,0.0,0.0,1.0,0.0,0.0,0.0,0.0,0.0,0.0,0.0,0.0
2936,2003-04-02,SZSE:002091,0.0,0.0,0.0,0.0,0.0,0.0,0.0,0.0,0.0,0.0,0.0,0.0,0.0,0.0,0.0,0.0,0.0,0.0,0.0,0.0,0.0,0.0,0.0,0.0,0.0,0.0,0.0,0.0,1.0,0.0,0.0,0.0,0.0,0.0,0.0,0.0,0.0
2937,2003-04-03,SZSE:002091,0.0,0.0,0.0,0.0,0.0,0.0,0.0,0.0,0.0,0.0,0.0,0.0,0.0,0.0,0.0,0.0,0.0,0.0,0.0,0.0,0.0,0.0,0.0,0.0,0.0,0.0,0.0,0.0,1.0,0.0,0.0,0.0,0.0,0.0,0.0,0.0,0.0
2938,2003-04-04,SZSE:002091,0.0,0.0,0.0,0.0,0.0,0.0,0.0,0.0,0.0,0.0,0.0,0.0,0.0,0.0,0.0,0.0,0.0,0.0,0.0,0.0,0.0,0.0,0.0,0.0,0.0,0.0,0.0,0.0,1.0,0.0,0.0,0.0,0.0,0.0,0.0,0.0,0.0
2939,2003-04-07,SZSE:002091,0.0,0.0,0.0,0.0,0.0,0.0,0.0,0.0,0.0,0.0,0.0,0.0,0.0,0.0,0.0,0.0,0.0,0.0,0.0,0.0,0.0,0.0,0.0,0.0,0.0,0.0,0.0,0.0,1.0,0.0,0.0,0.0,0.0,0.0,0.0,0.0,0.0
2940,2003-04-08,SZSE:002091,0.0,0.0,0.0,0.0,0.0,0.0,0.0,0.0,0.0,0.0,0.0,0.0,0.0,0.0,0.0,0.0,0.0,0.0,0.0,0.0,0.0,0.0,0.0,0.0,0.0,0.0,0.0,0.0,1.0,0.0,0.0,0.0,0.0,0.0,0.0,0.0,0.0
2941,2003-04-09,SZSE:002091,0.0,0.0,0.0,0.0,0.0,0.0,0.0,0.0,0.0,0.0,0.0,0.0,0.0,0.0,0.0,0.0,0.0,0.0,0.0,0.0,0.0,0.0,0.0,0.0,0.0,0.0,0.0,0.0,1.0,0.0,0.0,0.0,0.0,0.0,0.0,0.0,0.0
2942,2003-04-10,SZSE:002091,0.0,0.0,0.0,0.0,0.0,0.0,0.0,0.0,0.0,0.0,0.0,0.0,0.0,0.0,0.0,0.0,0.0,0.0,0.0,0.0,0.0,0.0,0.0,0.0,0.0,0.0,0.0,0.0,1.0,0.0,0.0,0.0,0.0,0.0,0.0,0.0,0.0
2943,2003-04-11,SZSE:002091,0.0,0.0,0.0,0.0,0.0,0.0,0.0,0.0,0.0,0.0,0.0,0.0,0.0,0.0,0.0,0.0,0.0,0.0,0.0,0.0,0.0,0.0,0.0,0.0,0.0,0.0,0.0,0.0,1.0,0.0,0.0,0.0,0.0,0.0,0.0,0.0,0.0
2944,2003-04-14,SZSE:002091,0.0,0.0,0.0,0.0,0.0,0.0,0.0,0.0,0.0,0.0,0.0,0.0,0.0,0.0,0.0,0.0,0.0,0.0,0.0,0.0,0.0,0.0,0.0,0.0,0.0,0.0,0.0,0.0,1.0,0.0,0.0,0.0,0.0,0.0,0.0,0.0,0.0
2945,2003-04-15,SZSE:002091,0.0,0.0,0.0,0.0,0.0,0.0,0.0,0.0,0.0,0.0,0.0,0.0,0.0,0.0,0.0,0.0,0.0,0.0,0.0,0.0,0.0,0.0,0.0,0.0,0.0,0.0,0.0,0.0,1.0,0.0,0.0,0.0,0.0,0.0,0.0,0.0,0.0
2946,2003-04-16,SZSE:002091,0.0,0.0,0.0,0.0,0.0,0.0,0.0,0.0,0.0,0.0,0.0,0.0,0.0,0.0,0.0,0.0,0.0,0.0,0.0,0.0,0.0,0.0,0.0,0.0,0.0,0.0,0.0,0.0,1.0,0.0,0.0,0.0,0.0,0.0,0.0,0.0,0.0
2947,2003-04-17,SZSE:002091,0.0,0.0,0.0,0.0,0.0,0.0,0.0,0.0,0.0,0.0,0.0,0.0,0.0,0.0,0.0,0.0,0.0,0.0,0.0,0.0,0.0,0.0,0.0,0.0,0.0,0.0,0.0,0.0,1.0,0.0,0.0,0.0,0.0,0.0,0.0,0.0,0.0
2948,2003-04-18,SZSE:002091,0.0,0.0,0.0,0.0,0.0,0.0,0.0,0.0,0.0,0.0,0.0,0.0,0.0,0.0,0.0,0.0,0.0,0.0,0.0,0.0,0.0,0.0,0.0,0.0,0.0,0.0,0.0,0.0,1.0,0.0,0.0,0.0,0.0,0.0,0.0,0.0,0.0
2949,2003-04-21,SZSE:002091,0.0,0.0,0.0,0.0,0.0,0.0,0.0,0.0,0.0,0.0,0.0,0.0,0.0,0.0,0.0,0.0,0.0,0.0,0.0,0.0,0.0,0.0,0.0,0.0,0.0,0.0,0.0,0.0,1.0,0.0,0.0,0.0,0.0,0.0,0.0,0.0,0.0
2950,2003-04-22,SZSE:002091,0.0,0.0,0.0,0.0,0.0,0.0,0.0,0.0,0.0,0.0,0.0,0.0,0.0,0.0,0.0,0.0,0.0,0.0,0.0,0.0,0.0,0.0,0.0,0.0,0.0,0.0,0.0,0.0,1.0,0.0,0.0,0.0,0.0,0.0,0.0,0.0,0.0
2951,2003-04-23,SZSE:002091,0.0,0.0,0.0,0.0,0.0,0.0,0.0,0.0,0.0,0.0,0.0,0.0,0.0,0.0,0.0,0.0,0.0,0.0,0.0,0.0,0.0,0.0,0.0,0.0,0.0,0.0,0.0,0.0,1.0,0.0,0.0,0.0,0.0,0.0,0.0,0.0,0.0
2952,2003-04-24,SZSE:002091,0.0,0.0,0.0,0.0,0.0,0.0,0.0,0.0,0.0,0.0,0.0,0.0,0.0,0.0,0.0,0.0,0.0,0.0,0.0,0.0,0.0,0.0,0.0,0.0,0.0,0.0,0.0,0.0,1.0,0.0,0.0,0.0,0.0,0.0,0.0,0.0,0.0
2953,2003-04-25,SZSE:002091,0.0,0.0,0.0,0.0,0.0,0.0,0.0,0.0,0.0,0.0,0.0,0.0,0.0,0.0,0.0,0.0,0.0,0.0,0.0,0.0,0.0,0.0,0.0,0.0,0.0,0.0,0.0,0.0,1.0,0.0,0.0,0.0,0.0,0.0,0.0,0.0,0.0
2954,2003-04-28,SZSE:002091,0.0,0.0,0.0,0.0,0.0,0.0,0.0,0.0,0.0,0.0,0.0,0.0,0.0,0.0,0.0,0.0,0.0,0.0,0.0,0.0,0.0,0.0,0.0,0.0,0.0,0.0,0.0,0.0,1.0,0.0,0.0,0.0,0.0,0.0,0.0,0.0,0.0
2955,2003-04-29,SZSE:002091,0.0,0.0,0.0,0.0,0.0,0.0,0.0,0.0,0.0,0.0,0.0,0.0,0.0,0.0,0.0,0.0,0.0,0.0,0.0,0.0,0.0,0.0,0.0,0.0,0.0,0.0,0.0,0.0,1.0,0.0,0.0,0.0,0.0,0.0,0.0,0.0,0.0
2956,2003-04-30,SZSE:002091,0.0,0.0,0.0,0.0,0.0,0.0,0.0,0.0,0.0,0.0,0.0,0.0,0.0,0.0,0.0,0.0,0.0,0.0,0.0,0.0,0.0,0.0,0.0,0.0,0.0,0.0,0.0,0.0,1.0,0.0,0.0,0.0,0.0,0.0,0.0,0.0,0.0
2957,2003-05-01,SZSE:002091,0.0,0.0,0.0,0.0,0.0,0.0,0.0,0.0,0.0,0.0,0.0,0.0,0.0,0.0,0.0,0.0,0.0,0.0,0.0,0.0,0.0,0.0,0.0,0.0,0.0,0.0,0.0,0.0,1.0,0.0,0.0,0.0,0.0,0.0,0.0,0.0,0.0
2958,2003-05-02,SZSE:002091,0.0,0.0,0.0,0.0,0.0,0.0,0.0,0.0,0.0,0.0,0.0,0.0,0.0,0.0,0.0,0.0,0.0,0.0,0.0,0.0,0.0,0.0,0.0,0.0,0.0,0.0,0.0,0.0,1.0,0.0,0.0,0.0,0.0,0.0,0.0,0.0,0.0
2959,2003-05-05,SZSE:002091,0.0,0.0,0.0,0.0,0.0,0.0,0.0,0.0,0.0,0.0,0.0,0.0,0.0,0.0,0.0,0.0,0.0,0.0,0.0,0.0,0.0,0.0,0.0,0.0,0.0,0.0,0.0,0.0,1.0,0.0,0.0,0.0,0.0,0.0,0.0,0.0,0.0
2960,2003-05-06,SZSE:002091,0.0,0.0,0.0,0.0,0.0,0.0,0.0,0.0,0.0,0.0,0.0,0.0,0.0,0.0,0.0,0.0,0.0,0.0,0.0,0.0,0.0,0.0,0.0,0.0,0.0,0.0,0.0,0.0,1.0,0.0,0.0,0.0,0.0,0.0,0.0,0.0,0.0
2961,2003-05-07,SZSE:002091,0.0,0.0,0.0,0.0,0.0,0.0,0.0,0.0,0.0,0.0,0.0,0.0,0.0,0.0,0.0,0.0,0.0,0.0,0.0,0.0,0.0,0.0,0.0,0.0,0.0,0.0,0.0,0.0,1.0,0.0,0.0,0.0,0.0,0.0,0.0,0.0,0.0
2962,2003-05-08,SZSE:002091,0.0,0.0,0.0,0.0,0.0,0.0,0.0,0.0,0.0,0.0,0.0,0.0,0.0,0.0,0.0,0.0,0.0,0.0,0.0,0.0,0.0,0.0,0.0,0.0,0.0,0.0,0.0,0.0,1.0,0.0,0.0,0.0,0.0,0.0,0.0,0.0,0.0
2963,2003-05-09,SZSE:002091,0.0,0.0,0.0,0.0,0.0,0.0,0.0,0.0,0.0,0.0,0.0,0.0,0.0,0.0,0.0,0.0,0.0,0.0,0.0,0.0,0.0,0.0,0.0,0.0,0.0,0.0,0.0,0.0,1.0,0.0,0.0,0.0,0.0,0.0,0.0,0.0,0.0
2964,2003-05-12,SZSE:002091,0.0,0.0,0.0,0.0,0.0,0.0,0.0,0.0,0.0,0.0,0.0,0.0,0.0,0.0,0.0,0.0,0.0,0.0,0.0,0.0,0.0,0.0,0.0,0.0,0.0,0.0,0.0,0.0,1.0,0.0,0.0,0.0,0.0,0.0,0.0,0.0,0.0
2965,2003-05-13,SZSE:002091,0.0,0.0,0.0,0.0,0.0,0.0,0.0,0.0,0.0,0.0,0.0,0.0,0.0,0.0,0.0,0.0,0.0,0.0,0.0,0.0,0.0,0.0,0.0,0.0,0.0,0.0,0.0,0.0,1.0,0.0,0.0,0.0,0.0,0.0,0.0,0.0,0.0
2966,2003-05-14,SZSE:002091,0.0,0.0,0.0,0.0,0.0,0.0,0.0,0.0,0.0,0.0,0.0,0.0,0.0,0.0,0.0,0.0,0.0,0.0,0.0,0.0,0.0,0.0,0.0,0.0,0.0,0.0,0.0,0.0,1.0,0.0,0.0,0.0,0.0,0.0,0.0,0.0,0.0
2967,2003-05-15,SZSE:002091,0.0,0.0,0.0,0.0,0.0,0.0,0.0,0.0,0.0,0.0,0.0,0.0,0.0,0.0,0.0,0.0,0.0,0.0,0.0,0.0,0.0,0.0,0.0,0.0,0.0,0.0,0.0,0.0,1.0,0.0,0.0,0.0,0.0,0.0,0.0,0.0,0.0
2968,2003-05-16,SZSE:002091,0.0,0.0,0.0,0.0,0.0,0.0,0.0,0.0,0.0,0.0,0.0,0.0,0.0,0.0,0.0,0.0,0.0,0.0,0.0,0.0,0.0,0.0,0.0,0.0,0.0,0.0,0.0,0.0,1.0,0.0,0.0,0.0,0.0,0.0,0.0,0.0,0.0
2969,2003-05-19,SZSE:002091,0.0,0.0,0.0,0.0,0.0,0.0,0.0,0.0,0.0,0.0,0.0,0.0,0.0,0.0,0.0,0.0,0.0,0.0,0.0,0.0,0.0,0.0,0.0,0.0,0.0,0.0,0.0,0.0,1.0,0.0,0.0,0.0,0.0,0.0,0.0,0.0,0.0
2970,2003-05-20,SZSE:002091,0.0,0.0,0.0,0.0,0.0,0.0,0.0,0.0,0.0,0.0,0.0,0.0,0.0,0.0,0.0,0.0,0.0,0.0,0.0,0.0,0.0,0.0,0.0,0.0,0.0,0.0,0.0,0.0,1.0,0.0,0.0,0.0,0.0,0.0,0.0,0.0,0.0
2971,2003-05-21,SZSE:002091,0.0,0.0,0.0,0.0,0.0,0.0,0.0,0.0,0.0,0.0,0.0,0.0,0.0,0.0,0.0,0.0,0.0,0.0,0.0,0.0,0.0,0.0,0.0,0.0,0.0,0.0,0.0,0.0,1.0,0.0,0.0,0.0,0.0,0.0,0.0,0.0,0.0
2972,2003-05-22,SZSE:002091,0.0,0.0,0.0,0.0,0.0,0.0,0.0,0.0,0.0,0.0,0.0,0.0,0.0,0.0,0.0,0.0,0.0,0.0,0.0,0.0,0.0,0.0,0.0,0.0,0.0,0.0,0.0,0.0,1.0,0.0,0.0,0.0,0.0,0.0,0.0,0.0,0.0
2973,2003-05-23,SZSE:002091,0.0,0.0,0.0,0.0,0.0,0.0,0.0,0.0,0.0,0.0,0.0,0.0,0.0,0.0,0.0,0.0,0.0,0.0,0.0,0.0,0.0,0.0,0.0,0.0,0.0,0.0,0.0,0.0,1.0,0.0,0.0,0.0,0.0,0.0,0.0,0.0,0.0
2974,2003-05-26,SZSE:002091,0.0,0.0,0.0,0.0,0.0,0.0,0.0,0.0,0.0,0.0,0.0,0.0,0.0,0.0,0.0,0.0,0.0,0.0,0.0,0.0,0.0,0.0,0.0,0.0,0.0,0.0,0.0,0.0,1.0,0.0,0.0,0.0,0.0,0.0,0.0,0.0,0.0
2975,2003-05-27,SZSE:002091,0.0,0.0,0.0,0.0,0.0,0.0,0.0,0.0,0.0,0.0,0.0,0.0,0.0,0.0,0.0,0.0,0.0,0.0,0.0,0.0,0.0,0.0,0.0,0.0,0.0,0.0,0.0,0.0,1.0,0.0,0.0,0.0,0.0,0.0,0.0,0.0,0.0
2976,2003-05-28,SZSE:002091,0.0,0.0,0.0,0.0,0.0,0.0,0.0,0.0,0.0,0.0,0.0,0.0,0.0,0.0,0.0,0.0,0.0,0.0,0.0,0.0,0.0,0.0,0.0,0.0,0.0,0.0,0.0,0.0,1.0,0.0,0.0,0.0,0.0,0.0,0.0,0.0,0.0
2977,2003-05-29,SZSE:002091,0.0,0.0,0.0,0.0,0.0,0.0,0.0,0.0,0.0,0.0,0.0,0.0,0.0,0.0,0.0,0.0,0.0,0.0,0.0,0.0,0.0,0.0,0.0,0.0,0.0,0.0,0.0,0.0,1.0,0.0,0.0,0.0,0.0,0.0,0.0,0.0,0.0
2978,2003-05-30,SZSE:002091,0.0,0.0,0.0,0.0,0.0,0.0,0.0,0.0,0.0,0.0,0.0,0.0,0.0,0.0,0.0,0.0,0.0,0.0,0.0,0.0,0.0,0.0,0.0,0.0,0.0,0.0,0.0,0.0,1.0,0.0,0.0,0.0,0.0,0.0,0.0,0.0,0.0
2979,2003-06-02,SZSE:002091,0.0,0.0,0.0,0.0,0.0,0.0,0.0,0.0,0.0,0.0,0.0,0.0,0.0,0.0,0.0,0.0,0.0,0.0,0.0,0.0,0.0,0.0,0.0,0.0,0.0,0.0,0.0,0.0,1.0,0.0,0.0,0.0,0.0,0.0,0.0,0.0,0.0
2980,2003-06-03,SZSE:002091,0.0,0.0,0.0,0.0,0.0,0.0,0.0,0.0,0.0,0.0,0.0,0.0,0.0,0.0,0.0,0.0,0.0,0.0,0.0,0.0,0.0,0.0,0.0,0.0,0.0,0.0,0.0,0.0,1.0,0.0,0.0,0.0,0.0,0.0,0.0,0.0,0.0
2981,2003-06-04,SZSE:002091,0.0,0.0,0.0,0.0,0.0,0.0,0.0,0.0,0.0,0.0,0.0,0.0,0.0,0.0,0.0,0.0,0.0,0.0,0.0,0.0,0.0,0.0,0.0,0.0,0.0,0.0,0.0,0.0,1.0,0.0,0.0,0.0,0.0,0.0,0.0,0.0,0.0
2982,2003-06-05,SZSE:002091,0.0,0.0,0.0,0.0,0.0,0.0,0.0,0.0,0.0,0.0,0.0,0.0,0.0,0.0,0.0,0.0,0.0,0.0,0.0,0.0,0.0,0.0,0.0,0.0,0.0,0.0,0.0,0.0,1.0,0.0,0.0,0.0,0.0,0.0,0.0,0.0,0.0
2983,2003-06-06,SZSE:002091,0.0,0.0,0.0,0.0,0.0,0.0,0.0,0.0,0.0,0.0,0.0,0.0,0.0,0.0,0.0,0.0,0.0,0.0,0.0,0.0,0.0,0.0,0.0,0.0,0.0,0.0,0.0,0.0,1.0,0.0,0.0,0.0,0.0,0.0,0.0,0.0,0.0
2984,2003-06-09,SZSE:002091,0.0,0.0,0.0,0.0,0.0,0.0,0.0,0.0,0.0,0.0,0.0,0.0,0.0,0.0,0.0,0.0,0.0,0.0,0.0,0.0,0.0,0.0,0.0,0.0,0.0,0.0,0.0,0.0,1.0,0.0,0.0,0.0,0.0,0.0,0.0,0.0,0.0
2985,2003-06-10,SZSE:002091,0.0,0.0,0.0,0.0,0.0,0.0,0.0,0.0,0.0,0.0,0.0,0.0,0.0,0.0,0.0,0.0,0.0,0.0,0.0,0.0,0.0,0.0,0.0,0.0,0.0,0.0,0.0,0.0,1.0,0.0,0.0,0.0,0.0,0.0,0.0,0.0,0.0
2986,2003-06-11,SZSE:002091,0.0,0.0,0.0,0.0,0.0,0.0,0.0,0.0,0.0,0.0,0.0,0.0,0.0,0.0,0.0,0.0,0.0,0.0,0.0,0.0,0.0,0.0,0.0,0.0,0.0,0.0,0.0,0.0,1.0,0.0,0.0,0.0,0.0,0.0,0.0,0.0,0.0
2987,2003-06-12,SZSE:002091,0.0,0.0,0.0,0.0,0.0,0.0,0.0,0.0,0.0,0.0,0.0,0.0,0.0,0.0,0.0,0.0,0.0,0.0,0.0,0.0,0.0,0.0,0.0,0.0,0.0,0.0,0.0,0.0,1.0,0.0,0.0,0.0,0.0,0.0,0.0,0.0,0.0
2988,2003-06-13,SZSE:002091,0.0,0.0,0.0,0.0,0.0,0.0,0.0,0.0,0.0,0.0,0.0,0.0,0.0,0.0,0.0,0.0,0.0,0.0,0.0,0.0,0.0,0.0,0.0,0.0,0.0,0.0,0.0,0.0,1.0,0.0,0.0,0.0,0.0,0.0,0.0,0.0,0.0
2989,2003-06-16,SZSE:002091,0.0,0.0,0.0,0.0,0.0,0.0,0.0,0.0,0.0,0.0,0.0,0.0,0.0,0.0,0.0,0.0,0.0,0.0,0.0,0.0,0.0,0.0,0.0,0.0,0.0,0.0,0.0,0.0,1.0,0.0,0.0,0.0,0.0,0.0,0.0,0.0,0.0
2990,2003-06-17,SZSE:002091,0.0,0.0,0.0,0.0,0.0,0.0,0.0,0.0,0.0,0.0,0.0,0.0,0.0,0.0,0.0,0.0,0.0,0.0,0.0,0.0,0.0,0.0,0.0,0.0,0.0,0.0,0.0,0.0,1.0,0.0,0.0,0.0,0.0,0.0,0.0,0.0,0.0
2991,2003-06-18,SZSE:002091,0.0,0.0,0.0,0.0,0.0,0.0,0.0,0.0,0.0,0.0,0.0,0.0,0.0,0.0,0.0,0.0,0.0,0.0,0.0,0.0,0.0,0.0,0.0,0.0,0.0,0.0,0.0,0.0,1.0,0.0,0.0,0.0,0.0,0.0,0.0,0.0,0.0
2992,2003-06-19,SZSE:002091,0.0,0.0,0.0,0.0,0.0,0.0,0.0,0.0,0.0,0.0,0.0,0.0,0.0,0.0,0.0,0.0,0.0,0.0,0.0,0.0,0.0,0.0,0.0,0.0,0.0,0.0,0.0,0.0,1.0,0.0,0.0,0.0,0.0,0.0,0.0,0.0,0.0
2993,2003-06-20,SZSE:002091,0.0,0.0,0.0,0.0,0.0,0.0,0.0,0.0,0.0,0.0,0.0,0.0,0.0,0.0,0.0,0.0,0.0,0.0,0.0,0.0,0.0,0.0,0.0,0.0,0.0,0.0,0.0,0.0,1.0,0.0,0.0,0.0,0.0,0.0,0.0,0.0,0.0
2994,2003-06-23,SZSE:002091,0.0,0.0,0.0,0.0,0.0,0.0,0.0,0.0,0.0,0.0,0.0,0.0,0.0,0.0,0.0,0.0,0.0,0.0,0.0,0.0,0.0,0.0,0.0,0.0,0.0,0.0,0.0,0.0,1.0,0.0,0.0,0.0,0.0,0.0,0.0,0.0,0.0
2995,2003-06-24,SZSE:002091,0.0,0.0,0.0,0.0,0.0,0.0,0.0,0.0,0.0,0.0,0.0,0.0,0.0,0.0,0.0,0.0,0.0,0.0,0.0,0.0,0.0,0.0,0.0,0.0,0.0,0.0,0.0,0.0,1.0,0.0,0.0,0.0,0.0,0.0,0.0,0.0,0.0
2996,2003-06-25,SZSE:002091,0.0,0.0,0.0,0.0,0.0,0.0,0.0,0.0,0.0,0.0,0.0,0.0,0.0,0.0,0.0,0.0,0.0,0.0,0.0,0.0,0.0,0.0,0.0,0.0,0.0,0.0,0.0,0.0,1.0,0.0,0.0,0.0,0.0,0.0,0.0,0.0,0.0
2997,2003-06-26,SZSE:002091,0.0,0.0,0.0,0.0,0.0,0.0,0.0,0.0,0.0,0.0,0.0,0.0,0.0,0.0,0.0,0.0,0.0,0.0,0.0,0.0,0.0,0.0,0.0,0.0,0.0,0.0,0.0,0.0,1.0,0.0,0.0,0.0,0.0,0.0,0.0,0.0,0.0
2998,2003-06-27,SZSE:002091,0.0,0.0,0.0,0.0,0.0,0.0,0.0,0.0,0.0,0.0,0.0,0.0,0.0,0.0,0.0,0.0,0.0,0.0,0.0,0.0,0.0,0.0,0.0,0.0,0.0,0.0,0.0,0.0,1.0,0.0,0.0,0.0,0.0,0.0,0.0,0.0,0.0
2999,2003-06-30,SZSE:002091,0.0,0.0,0.0,0.0,0.0,0.0,0.0,0.0,0.0,0.0,0.0,0.0,0.0,0.0,0.0,0.0,0.0,0.0,0.0,0.0,0.0,0.0,0.0,0.0,0.0,0.0,0.0,0.0,1.0,0.0,0.0,0.0,0.0,0.0,0.0,0.0,0.0
3000,2003-07-01,SZSE:002091,0.0,0.0,0.0,0.0,0.0,0.0,0.0,0.0,0.0,0.0,0.0,0.0,0.0,0.0,0.0,0.0,0.0,0.0,0.0,0.0,0.0,0.0,0.0,0.0,0.0,0.0,0.0,0.0,1.0,0.0,0.0,0.0,0.0,0.0,0.0,0.0,0.0
3001,2003-07-02,SZSE:002091,0.0,0.0,0.0,0.0,0.0,0.0,0.0,0.0,0.0,0.0,0.0,0.0,0.0,0.0,0.0,0.0,0.0,0.0,0.0,0.0,0.0,0.0,0.0,0.0,0.0,0.0,0.0,0.0,1.0,0.0,0.0,0.0,0.0,0.0,0.0,0.0,0.0
3002,2003-07-03,SZSE:002091,0.0,0.0,0.0,0.0,0.0,0.0,0.0,0.0,0.0,0.0,0.0,0.0,0.0,0.0,0.0,0.0,0.0,0.0,0.0,0.0,0.0,0.0,0.0,0.0,0.0,0.0,0.0,0.0,1.0,0.0,0.0,0.0,0.0,0.0,0.0,0.0,0.0
3003,2003-07-04,SZSE:002091,0.0,0.0,0.0,0.0,0.0,0.0,0.0,0.0,0.0,0.0,0.0,0.0,0.0,0.0,0.0,0.0,0.0,0.0,0.0,0.0,0.0,0.0,0.0,0.0,0.0,0.0,0.0,0.0,1.0,0.0,0.0,0.0,0.0,0.0,0.0,0.0,0.0
3004,2003-07-07,SZSE:002091,0.0,0.0,0.0,0.0,0.0,0.0,0.0,0.0,0.0,0.0,0.0,0.0,0.0,0.0,0.0,0.0,0.0,0.0,0.0,0.0,0.0,0.0,0.0,0.0,0.0,0.0,0.0,0.0,1.0,0.0,0.0,0.0,0.0,0.0,0.0,0.0,0.0
3005,2003-07-08,SZSE:002091,0.0,0.0,0.0,0.0,0.0,0.0,0.0,0.0,0.0,0.0,0.0,0.0,0.0,0.0,0.0,0.0,0.0,0.0,0.0,0.0,0.0,0.0,0.0,0.0,0.0,0.0,0.0,0.0,1.0,0.0,0.0,0.0,0.0,0.0,0.0,0.0,0.0
3006,2003-07-09,SZSE:002091,0.0,0.0,0.0,0.0,0.0,0.0,0.0,0.0,0.0,0.0,0.0,0.0,0.0,0.0,0.0,0.0,0.0,0.0,0.0,0.0,0.0,0.0,0.0,0.0,0.0,0.0,0.0,0.0,1.0,0.0,0.0,0.0,0.0,0.0,0.0,0.0,0.0
3007,2003-07-10,SZSE:002091,0.0,0.0,0.0,0.0,0.0,0.0,0.0,0.0,0.0,0.0,0.0,0.0,0.0,0.0,0.0,0.0,0.0,0.0,0.0,0.0,0.0,0.0,0.0,0.0,0.0,0.0,0.0,0.0,1.0,0.0,0.0,0.0,0.0,0.0,0.0,0.0,0.0
3008,2003-07-11,SZSE:002091,0.0,0.0,0.0,0.0,0.0,0.0,0.0,0.0,0.0,0.0,0.0,0.0,0.0,0.0,0.0,0.0,0.0,0.0,0.0,0.0,0.0,0.0,0.0,0.0,0.0,0.0,0.0,0.0,1.0,0.0,0.0,0.0,0.0,0.0,0.0,0.0,0.0
3009,2003-07-14,SZSE:002091,0.0,0.0,0.0,0.0,0.0,0.0,0.0,0.0,0.0,0.0,0.0,0.0,0.0,0.0,0.0,0.0,0.0,0.0,0.0,0.0,0.0,0.0,0.0,0.0,0.0,0.0,0.0,0.0,1.0,0.0,0.0,0.0,0.0,0.0,0.0,0.0,0.0
3010,2003-07-15,SZSE:002091,0.0,0.0,0.0,0.0,0.0,0.0,0.0,0.0,0.0,0.0,0.0,0.0,0.0,0.0,0.0,0.0,0.0,0.0,0.0,0.0,0.0,0.0,0.0,0.0,0.0,0.0,0.0,0.0,1.0,0.0,0.0,0.0,0.0,0.0,0.0,0.0,0.0
3011,2003-07-16,SZSE:002091,0.0,0.0,0.0,0.0,0.0,0.0,0.0,0.0,0.0,0.0,0.0,0.0,0.0,0.0,0.0,0.0,0.0,0.0,0.0,0.0,0.0,0.0,0.0,0.0,0.0,0.0,0.0,0.0,1.0,0.0,0.0,0.0,0.0,0.0,0.0,0.0,0.0
3012,2003-07-17,SZSE:002091,0.0,0.0,0.0,0.0,0.0,0.0,0.0,0.0,0.0,0.0,0.0,0.0,0.0,0.0,0.0,0.0,0.0,0.0,0.0,0.0,0.0,0.0,0.0,0.0,0.0,0.0,0.0,0.0,1.0,0.0,0.0,0.0,0.0,0.0,0.0,0.0,0.0
3013,2003-07-18,SZSE:002091,0.0,0.0,0.0,0.0,0.0,0.0,0.0,0.0,0.0,0.0,0.0,0.0,0.0,0.0,0.0,0.0,0.0,0.0,0.0,0.0,0.0,0.0,0.0,0.0,0.0,0.0,0.0,0.0,1.0,0.0,0.0,0.0,0.0,0.0,0.0,0.0,0.0
3014,2003-07-21,SZSE:002091,0.0,0.0,0.0,0.0,0.0,0.0,0.0,0.0,0.0,0.0,0.0,0.0,0.0,0.0,0.0,0.0,0.0,0.0,0.0,0.0,0.0,0.0,0.0,0.0,0.0,0.0,0.0,0.0,1.0,0.0,0.0,0.0,0.0,0.0,0.0,0.0,0.0
3015,2003-07-22,SZSE:002091,0.0,0.0,0.0,0.0,0.0,0.0,0.0,0.0,0.0,0.0,0.0,0.0,0.0,0.0,0.0,0.0,0.0,0.0,0.0,0.0,0.0,0.0,0.0,0.0,0.0,0.0,0.0,0.0,1.0,0.0,0.0,0.0,0.0,0.0,0.0,0.0,0.0
3016,2003-07-23,SZSE:002091,0.0,0.0,0.0,0.0,0.0,0.0,0.0,0.0,0.0,0.0,0.0,0.0,0.0,0.0,0.0,0.0,0.0,0.0,0.0,0.0,0.0,0.0,0.0,0.0,0.0,0.0,0.0,0.0,1.0,0.0,0.0,0.0,0.0,0.0,0.0,0.0,0.0
3017,2003-07-24,SZSE:002091,0.0,0.0,0.0,0.0,0.0,0.0,0.0,0.0,0.0,0.0,0.0,0.0,0.0,0.0,0.0,0.0,0.0,0.0,0.0,0.0,0.0,0.0,0.0,0.0,0.0,0.0,0.0,0.0,1.0,0.0,0.0,0.0,0.0,0.0,0.0,0.0,0.0
3018,2003-07-25,SZSE:002091,0.0,0.0,0.0,0.0,0.0,0.0,0.0,0.0,0.0,0.0,0.0,0.0,0.0,0.0,0.0,0.0,0.0,0.0,0.0,0.0,0.0,0.0,0.0,0.0,0.0,0.0,0.0,0.0,1.0,0.0,0.0,0.0,0.0,0.0,0.0,0.0,0.0
3019,2003-07-28,SZSE:002091,0.0,0.0,0.0,0.0,0.0,0.0,0.0,0.0,0.0,0.0,0.0,0.0,0.0,0.0,0.0,0.0,0.0,0.0,0.0,0.0,0.0,0.0,0.0,0.0,0.0,0.0,0.0,0.0,1.0,0.0,0.0,0.0,0.0,0.0,0.0,0.0,0.0
3020,2003-07-29,SZSE:002091,0.0,0.0,0.0,0.0,0.0,0.0,0.0,0.0,0.0,0.0,0.0,0.0,0.0,0.0,0.0,0.0,0.0,0.0,0.0,0.0,0.0,0.0,0.0,0.0,0.0,0.0,0.0,0.0,1.0,0.0,0.0,0.0,0.0,0.0,0.0,0.0,0.0
3021,2003-07-30,SZSE:002091,0.0,0.0,0.0,0.0,0.0,0.0,0.0,0.0,0.0,0.0,0.0,0.0,0.0,0.0,0.0,0.0,0.0,0.0,0.0,0.0,0.0,0.0,0.0,0.0,0.0,0.0,0.0,0.0,1.0,0.0,0.0,0.0,0.0,0.0,0.0,0.0,0.0
3022,2003-07-31,SZSE:002091,0.0,0.0,0.0,0.0,0.0,0.0,0.0,0.0,0.0,0.0,0.0,0.0,0.0,0.0,0.0,0.0,0.0,0.0,0.0,0.0,0.0,0.0,0.0,0.0,0.0,0.0,0.0,0.0,1.0,0.0,0.0,0.0,0.0,0.0,0.0,0.0,0.0
3023,2003-08-01,SZSE:002091,0.0,0.0,0.0,0.0,0.0,0.0,0.0,0.0,0.0,0.0,0.0,0.0,0.0,0.0,0.0,0.0,0.0,0.0,0.0,0.0,0.0,0.0,0.0,0.0,0.0,0.0,0.0,0.0,1.0,0.0,0.0,0.0,0.0,0.0,0.0,0.0,0.0
3024,2003-08-04,SZSE:002091,0.0,0.0,0.0,0.0,0.0,0.0,0.0,0.0,0.0,0.0,0.0,0.0,0.0,0.0,0.0,0.0,0.0,0.0,0.0,0.0,0.0,0.0,0.0,0.0,0.0,0.0,0.0,0.0,1.0,0.0,0.0,0.0,0.0,0.0,0.0,0.0,0.0
3025,2003-08-05,SZSE:002091,0.0,0.0,0.0,0.0,0.0,0.0,0.0,0.0,0.0,0.0,0.0,0.0,0.0,0.0,0.0,0.0,0.0,0.0,0.0,0.0,0.0,0.0,0.0,0.0,0.0,0.0,0.0,0.0,1.0,0.0,0.0,0.0,0.0,0.0,0.0,0.0,0.0
3026,2003-08-06,SZSE:002091,0.0,0.0,0.0,0.0,0.0,0.0,0.0,0.0,0.0,0.0,0.0,0.0,0.0,0.0,0.0,0.0,0.0,0.0,0.0,0.0,0.0,0.0,0.0,0.0,0.0,0.0,0.0,0.0,1.0,0.0,0.0,0.0,0.0,0.0,0.0,0.0,0.0
3027,2003-08-07,SZSE:002091,0.0,0.0,0.0,0.0,0.0,0.0,0.0,0.0,0.0,0.0,0.0,0.0,0.0,0.0,0.0,0.0,0.0,0.0,0.0,0.0,0.0,0.0,0.0,0.0,0.0,0.0,0.0,0.0,1.0,0.0,0.0,0.0,0.0,0.0,0.0,0.0,0.0
3028,2003-08-08,SZSE:002091,0.0,0.0,0.0,0.0,0.0,0.0,0.0,0.0,0.0,0.0,0.0,0.0,0.0,0.0,0.0,0.0,0.0,0.0,0.0,0.0,0.0,0.0,0.0,0.0,0.0,0.0,0.0,0.0,1.0,0.0,0.0,0.0,0.0,0.0,0.0,0.0,0.0
3029,2003-08-11,SZSE:002091,0.0,0.0,0.0,0.0,0.0,0.0,0.0,0.0,0.0,0.0,0.0,0.0,0.0,0.0,0.0,0.0,0.0,0.0,0.0,0.0,0.0,0.0,0.0,0.0,0.0,0.0,0.0,0.0,1.0,0.0,0.0,0.0,0.0,0.0,0.0,0.0,0.0
3030,2003-08-12,SZSE:002091,0.0,0.0,0.0,0.0,0.0,0.0,0.0,0.0,0.0,0.0,0.0,0.0,0.0,0.0,0.0,0.0,0.0,0.0,0.0,0.0,0.0,0.0,0.0,0.0,0.0,0.0,0.0,0.0,1.0,0.0,0.0,0.0,0.0,0.0,0.0,0.0,0.0
3031,2003-08-13,SZSE:002091,0.0,0.0,0.0,0.0,0.0,0.0,0.0,0.0,0.0,0.0,0.0,0.0,0.0,0.0,0.0,0.0,0.0,0.0,0.0,0.0,0.0,0.0,0.0,0.0,0.0,0.0,0.0,0.0,1.0,0.0,0.0,0.0,0.0,0.0,0.0,0.0,0.0
3032,2003-08-14,SZSE:002091,0.0,0.0,0.0,0.0,0.0,0.0,0.0,0.0,0.0,0.0,0.0,0.0,0.0,0.0,0.0,0.0,0.0,0.0,0.0,0.0,0.0,0.0,0.0,0.0,0.0,0.0,0.0,0.0,1.0,0.0,0.0,0.0,0.0,0.0,0.0,0.0,0.0
3033,2003-08-15,SZSE:002091,0.0,0.0,0.0,0.0,0.0,0.0,0.0,0.0,0.0,0.0,0.0,0.0,0.0,0.0,0.0,0.0,0.0,0.0,0.0,0.0,0.0,0.0,0.0,0.0,0.0,0.0,0.0,0.0,1.0,0.0,0.0,0.0,0.0,0.0,0.0,0.0,0.0
3034,2003-08-18,SZSE:002091,0.0,0.0,0.0,0.0,0.0,0.0,0.0,0.0,0.0,0.0,0.0,0.0,0.0,0.0,0.0,0.0,0.0,0.0,0.0,0.0,0.0,0.0,0.0,0.0,0.0,0.0,0.0,0.0,1.0,0.0,0.0,0.0,0.0,0.0,0.0,0.0,0.0
3035,2003-08-19,SZSE:002091,0.0,0.0,0.0,0.0,0.0,0.0,0.0,0.0,0.0,0.0,0.0,0.0,0.0,0.0,0.0,0.0,0.0,0.0,0.0,0.0,0.0,0.0,0.0,0.0,0.0,0.0,0.0,0.0,1.0,0.0,0.0,0.0,0.0,0.0,0.0,0.0,0.0
3036,2003-08-20,SZSE:002091,0.0,0.0,0.0,0.0,0.0,0.0,0.0,0.0,0.0,0.0,0.0,0.0,0.0,0.0,0.0,0.0,0.0,0.0,0.0,0.0,0.0,0.0,0.0,0.0,0.0,0.0,0.0,0.0,1.0,0.0,0.0,0.0,0.0,0.0,0.0,0.0,0.0
3037,2003-08-21,SZSE:002091,0.0,0.0,0.0,0.0,0.0,0.0,0.0,0.0,0.0,0.0,0.0,0.0,0.0,0.0,0.0,0.0,0.0,0.0,0.0,0.0,0.0,0.0,0.0,0.0,0.0,0.0,0.0,0.0,1.0,0.0,0.0,0.0,0.0,0.0,0.0,0.0,0.0
3038,2003-08-22,SZSE:002091,0.0,0.0,0.0,0.0,0.0,0.0,0.0,0.0,0.0,0.0,0.0,0.0,0.0,0.0,0.0,0.0,0.0,0.0,0.0,0.0,0.0,0.0,0.0,0.0,0.0,0.0,0.0,0.0,1.0,0.0,0.0,0.0,0.0,0.0,0.0,0.0,0.0
3039,2003-08-25,SZSE:002091,0.0,0.0,0.0,0.0,0.0,0.0,0.0,0.0,0.0,0.0,0.0,0.0,0.0,0.0,0.0,0.0,0.0,0.0,0.0,0.0,0.0,0.0,0.0,0.0,0.0,0.0,0.0,0.0,1.0,0.0,0.0,0.0,0.0,0.0,0.0,0.0,0.0
3040,2003-08-26,SZSE:002091,0.0,0.0,0.0,0.0,0.0,0.0,0.0,0.0,0.0,0.0,0.0,0.0,0.0,0.0,0.0,0.0,0.0,0.0,0.0,0.0,0.0,0.0,0.0,0.0,0.0,0.0,0.0,0.0,1.0,0.0,0.0,0.0,0.0,0.0,0.0,0.0,0.0
3041,2003-08-27,SZSE:002091,0.0,0.0,0.0,0.0,0.0,0.0,0.0,0.0,0.0,0.0,0.0,0.0,0.0,0.0,0.0,0.0,0.0,0.0,0.0,0.0,0.0,0.0,0.0,0.0,0.0,0.0,0.0,0.0,1.0,0.0,0.0,0.0,0.0,0.0,0.0,0.0,0.0
3042,2003-08-28,SZSE:002091,0.0,0.0,0.0,0.0,0.0,0.0,0.0,0.0,0.0,0.0,0.0,0.0,0.0,0.0,0.0,0.0,0.0,0.0,0.0,0.0,0.0,0.0,0.0,0.0,0.0,0.0,0.0,0.0,1.0,0.0,0.0,0.0,0.0,0.0,0.0,0.0,0.0
3043,2003-08-29,SZSE:002091,0.0,0.0,0.0,0.0,0.0,0.0,0.0,0.0,0.0,0.0,0.0,0.0,0.0,0.0,0.0,0.0,0.0,0.0,0.0,0.0,0.0,0.0,0.0,0.0,0.0,0.0,0.0,0.0,1.0,0.0,0.0,0.0,0.0,0.0,0.0,0.0,0.0
3044,2003-09-01,SZSE:002091,0.0,0.0,0.0,0.0,0.0,0.0,0.0,0.0,0.0,0.0,0.0,0.0,0.0,0.0,0.0,0.0,0.0,0.0,0.0,0.0,0.0,0.0,0.0,0.0,0.0,0.0,0.0,0.0,1.0,0.0,0.0,0.0,0.0,0.0,0.0,0.0,0.0
3045,2003-09-02,SZSE:002091,0.0,0.0,0.0,0.0,0.0,0.0,0.0,0.0,0.0,0.0,0.0,0.0,0.0,0.0,0.0,0.0,0.0,0.0,0.0,0.0,0.0,0.0,0.0,0.0,0.0,0.0,0.0,0.0,1.0,0.0,0.0,0.0,0.0,0.0,0.0,0.0,0.0
3046,2003-09-03,SZSE:002091,0.0,0.0,0.0,0.0,0.0,0.0,0.0,0.0,0.0,0.0,0.0,0.0,0.0,0.0,0.0,0.0,0.0,0.0,0.0,0.0,0.0,0.0,0.0,0.0,0.0,0.0,0.0,0.0,1.0,0.0,0.0,0.0,0.0,0.0,0.0,0.0,0.0
3047,2003-09-04,SZSE:002091,0.0,0.0,0.0,0.0,0.0,0.0,0.0,0.0,0.0,0.0,0.0,0.0,0.0,0.0,0.0,0.0,0.0,0.0,0.0,0.0,0.0,0.0,0.0,0.0,0.0,0.0,0.0,0.0,1.0,0.0,0.0,0.0,0.0,0.0,0.0,0.0,0.0
3048,2003-09-05,SZSE:002091,0.0,0.0,0.0,0.0,0.0,0.0,0.0,0.0,0.0,0.0,0.0,0.0,0.0,0.0,0.0,0.0,0.0,0.0,0.0,0.0,0.0,0.0,0.0,0.0,0.0,0.0,0.0,0.0,1.0,0.0,0.0,0.0,0.0,0.0,0.0,0.0,0.0
3049,2003-09-08,SZSE:002091,0.0,0.0,0.0,0.0,0.0,0.0,0.0,0.0,0.0,0.0,0.0,0.0,0.0,0.0,0.0,0.0,0.0,0.0,0.0,0.0,0.0,0.0,0.0,0.0,0.0,0.0,0.0,0.0,1.0,0.0,0.0,0.0,0.0,0.0,0.0,0.0,0.0
3050,2003-09-09,SZSE:002091,0.0,0.0,0.0,0.0,0.0,0.0,0.0,0.0,0.0,0.0,0.0,0.0,0.0,0.0,0.0,0.0,0.0,0.0,0.0,0.0,0.0,0.0,0.0,0.0,0.0,0.0,0.0,0.0,1.0,0.0,0.0,0.0,0.0,0.0,0.0,0.0,0.0
3051,2003-09-10,SZSE:002091,0.0,0.0,0.0,0.0,0.0,0.0,0.0,0.0,0.0,0.0,0.0,0.0,0.0,0.0,0.0,0.0,0.0,0.0,0.0,0.0,0.0,0.0,0.0,0.0,0.0,0.0,0.0,0.0,1.0,0.0,0.0,0.0,0.0,0.0,0.0,0.0,0.0
3052,2003-09-11,SZSE:002091,0.0,0.0,0.0,0.0,0.0,0.0,0.0,0.0,0.0,0.0,0.0,0.0,0.0,0.0,0.0,0.0,0.0,0.0,0.0,0.0,0.0,0.0,0.0,0.0,0.0,0.0,0.0,0.0,1.0,0.0,0.0,0.0,0.0,0.0,0.0,0.0,0.0
3053,2003-09-12,SZSE:002091,0.0,0.0,0.0,0.0,0.0,0.0,0.0,0.0,0.0,0.0,0.0,0.0,0.0,0.0,0.0,0.0,0.0,0.0,0.0,0.0,0.0,0.0,0.0,0.0,0.0,0.0,0.0,0.0,1.0,0.0,0.0,0.0,0.0,0.0,0.0,0.0,0.0
3054,2003-09-15,SZSE:002091,0.0,0.0,0.0,0.0,0.0,0.0,0.0,0.0,0.0,0.0,0.0,0.0,0.0,0.0,0.0,0.0,0.0,0.0,0.0,0.0,0.0,0.0,0.0,0.0,0.0,0.0,0.0,0.0,1.0,0.0,0.0,0.0,0.0,0.0,0.0,0.0,0.0
3055,2003-09-16,SZSE:002091,0.0,0.0,0.0,0.0,0.0,0.0,0.0,0.0,0.0,0.0,0.0,0.0,0.0,0.0,0.0,0.0,0.0,0.0,0.0,0.0,0.0,0.0,0.0,0.0,0.0,0.0,0.0,0.0,1.0,0.0,0.0,0.0,0.0,0.0,0.0,0.0,0.0
3056,2003-09-17,SZSE:002091,0.0,0.0,0.0,0.0,0.0,0.0,0.0,0.0,0.0,0.0,0.0,0.0,0.0,0.0,0.0,0.0,0.0,0.0,0.0,0.0,0.0,0.0,0.0,0.0,0.0,0.0,0.0,0.0,1.0,0.0,0.0,0.0,0.0,0.0,0.0,0.0,0.0
3057,2003-09-18,SZSE:002091,0.0,0.0,0.0,0.0,0.0,0.0,0.0,0.0,0.0,0.0,0.0,0.0,0.0,0.0,0.0,0.0,0.0,0.0,0.0,0.0,0.0,0.0,0.0,0.0,0.0,0.0,0.0,0.0,1.0,0.0,0.0,0.0,0.0,0.0,0.0,0.0,0.0
3058,2003-09-19,SZSE:002091,0.0,0.0,0.0,0.0,0.0,0.0,0.0,0.0,0.0,0.0,0.0,0.0,0.0,0.0,0.0,0.0,0.0,0.0,0.0,0.0,0.0,0.0,0.0,0.0,0.0,0.0,0.0,0.0,1.0,0.0,0.0,0.0,0.0,0.0,0.0,0.0,0.0
3059,2003-09-22,SZSE:002091,0.0,0.0,0.0,0.0,0.0,0.0,0.0,0.0,0.0,0.0,0.0,0.0,0.0,0.0,0.0,0.0,0.0,0.0,0.0,0.0,0.0,0.0,0.0,0.0,0.0,0.0,0.0,0.0,1.0,0.0,0.0,0.0,0.0,0.0,0.0,0.0,0.0
3060,2003-09-23,SZSE:002091,0.0,0.0,0.0,0.0,0.0,0.0,0.0,0.0,0.0,0.0,0.0,0.0,0.0,0.0,0.0,0.0,0.0,0.0,0.0,0.0,0.0,0.0,0.0,0.0,0.0,0.0,0.0,0.0,1.0,0.0,0.0,0.0,0.0,0.0,0.0,0.0,0.0
3061,2003-09-24,SZSE:002091,0.0,0.0,0.0,0.0,0.0,0.0,0.0,0.0,0.0,0.0,0.0,0.0,0.0,0.0,0.0,0.0,0.0,0.0,0.0,0.0,0.0,0.0,0.0,0.0,0.0,0.0,0.0,0.0,1.0,0.0,0.0,0.0,0.0,0.0,0.0,0.0,0.0
3062,2003-09-25,SZSE:002091,0.0,0.0,0.0,0.0,0.0,0.0,0.0,0.0,0.0,0.0,0.0,0.0,0.0,0.0,0.0,0.0,0.0,0.0,0.0,0.0,0.0,0.0,0.0,0.0,0.0,0.0,0.0,0.0,1.0,0.0,0.0,0.0,0.0,0.0,0.0,0.0,0.0
3063,2003-09-26,SZSE:002091,0.0,0.0,0.0,0.0,0.0,0.0,0.0,0.0,0.0,0.0,0.0,0.0,0.0,0.0,0.0,0.0,0.0,0.0,0.0,0.0,0.0,0.0,0.0,0.0,0.0,0.0,0.0,0.0,1.0,0.0,0.0,0.0,0.0,0.0,0.0,0.0,0.0
3064,2003-09-29,SZSE:002091,0.0,0.0,0.0,0.0,0.0,0.0,0.0,0.0,0.0,0.0,0.0,0.0,0.0,0.0,0.0,0.0,0.0,0.0,0.0,0.0,0.0,0.0,0.0,0.0,0.0,0.0,0.0,0.0,1.0,0.0,0.0,0.0,0.0,0.0,0.0,0.0,0.0
3065,2003-09-30,SZSE:002091,0.0,0.0,0.0,0.0,0.0,0.0,0.0,0.0,0.0,0.0,0.0,0.0,0.0,0.0,0.0,0.0,0.0,0.0,0.0,0.0,0.0,0.0,0.0,0.0,0.0,0.0,0.0,0.0,1.0,0.0,0.0,0.0,0.0,0.0,0.0,0.0,0.0
3066,2003-10-01,SZSE:002091,0.0,0.0,0.0,0.0,0.0,0.0,0.0,0.0,0.0,0.0,0.0,0.0,0.0,0.0,0.0,0.0,0.0,0.0,0.0,0.0,0.0,0.0,0.0,0.0,0.0,0.0,0.0,0.0,1.0,0.0,0.0,0.0,0.0,0.0,0.0,0.0,0.0
3067,2003-10-02,SZSE:002091,0.0,0.0,0.0,0.0,0.0,0.0,0.0,0.0,0.0,0.0,0.0,0.0,0.0,0.0,0.0,0.0,0.0,0.0,0.0,0.0,0.0,0.0,0.0,0.0,0.0,0.0,0.0,0.0,1.0,0.0,0.0,0.0,0.0,0.0,0.0,0.0,0.0
3068,2003-10-03,SZSE:002091,0.0,0.0,0.0,0.0,0.0,0.0,0.0,0.0,0.0,0.0,0.0,0.0,0.0,0.0,0.0,0.0,0.0,0.0,0.0,0.0,0.0,0.0,0.0,0.0,0.0,0.0,0.0,0.0,1.0,0.0,0.0,0.0,0.0,0.0,0.0,0.0,0.0
3069,2003-10-06,SZSE:002091,0.0,0.0,0.0,0.0,0.0,0.0,0.0,0.0,0.0,0.0,0.0,0.0,0.0,0.0,0.0,0.0,0.0,0.0,0.0,0.0,0.0,0.0,0.0,0.0,0.0,0.0,0.0,0.0,1.0,0.0,0.0,0.0,0.0,0.0,0.0,0.0,0.0
3070,2003-10-07,SZSE:002091,0.0,0.0,0.0,0.0,0.0,0.0,0.0,0.0,0.0,0.0,0.0,0.0,0.0,0.0,0.0,0.0,0.0,0.0,0.0,0.0,0.0,0.0,0.0,0.0,0.0,0.0,0.0,0.0,1.0,0.0,0.0,0.0,0.0,0.0,0.0,0.0,0.0
3071,2003-10-08,SZSE:002091,0.0,0.0,0.0,0.0,0.0,0.0,0.0,0.0,0.0,0.0,0.0,0.0,0.0,0.0,0.0,0.0,0.0,0.0,0.0,0.0,0.0,0.0,0.0,0.0,0.0,0.0,0.0,0.0,1.0,0.0,0.0,0.0,0.0,0.0,0.0,0.0,0.0
3072,2003-10-09,SZSE:002091,0.0,0.0,0.0,0.0,0.0,0.0,0.0,0.0,0.0,0.0,0.0,0.0,0.0,0.0,0.0,0.0,0.0,0.0,0.0,0.0,0.0,0.0,0.0,0.0,0.0,0.0,0.0,0.0,1.0,0.0,0.0,0.0,0.0,0.0,0.0,0.0,0.0
3073,2003-10-10,SZSE:002091,0.0,0.0,0.0,0.0,0.0,0.0,0.0,0.0,0.0,0.0,0.0,0.0,0.0,0.0,0.0,0.0,0.0,0.0,0.0,0.0,0.0,0.0,0.0,0.0,0.0,0.0,0.0,0.0,1.0,0.0,0.0,0.0,0.0,0.0,0.0,0.0,0.0
3074,2003-10-13,SZSE:002091,0.0,0.0,0.0,0.0,0.0,0.0,0.0,0.0,0.0,0.0,0.0,0.0,0.0,0.0,0.0,0.0,0.0,0.0,0.0,0.0,0.0,0.0,0.0,0.0,0.0,0.0,0.0,0.0,1.0,0.0,0.0,0.0,0.0,0.0,0.0,0.0,0.0
3075,2003-10-14,SZSE:002091,0.0,0.0,0.0,0.0,0.0,0.0,0.0,0.0,0.0,0.0,0.0,0.0,0.0,0.0,0.0,0.0,0.0,0.0,0.0,0.0,0.0,0.0,0.0,0.0,0.0,0.0,0.0,0.0,1.0,0.0,0.0,0.0,0.0,0.0,0.0,0.0,0.0
3076,2003-10-15,SZSE:002091,0.0,0.0,0.0,0.0,0.0,0.0,0.0,0.0,0.0,0.0,0.0,0.0,0.0,0.0,0.0,0.0,0.0,0.0,0.0,0.0,0.0,0.0,0.0,0.0,0.0,0.0,0.0,0.0,1.0,0.0,0.0,0.0,0.0,0.0,0.0,0.0,0.0
3077,2003-10-16,SZSE:002091,0.0,0.0,0.0,0.0,0.0,0.0,0.0,0.0,0.0,0.0,0.0,0.0,0.0,0.0,0.0,0.0,0.0,0.0,0.0,0.0,0.0,0.0,0.0,0.0,0.0,0.0,0.0,0.0,1.0,0.0,0.0,0.0,0.0,0.0,0.0,0.0,0.0
3078,2003-10-17,SZSE:002091,0.0,0.0,0.0,0.0,0.0,0.0,0.0,0.0,0.0,0.0,0.0,0.0,0.0,0.0,0.0,0.0,0.0,0.0,0.0,0.0,0.0,0.0,0.0,0.0,0.0,0.0,0.0,0.0,1.0,0.0,0.0,0.0,0.0,0.0,0.0,0.0,0.0
3079,2003-10-20,SZSE:002091,0.0,0.0,0.0,0.0,0.0,0.0,0.0,0.0,0.0,0.0,0.0,0.0,0.0,0.0,0.0,0.0,0.0,0.0,0.0,0.0,0.0,0.0,0.0,0.0,0.0,0.0,0.0,0.0,1.0,0.0,0.0,0.0,0.0,0.0,0.0,0.0,0.0
3080,2003-10-21,SZSE:002091,0.0,0.0,0.0,0.0,0.0,0.0,0.0,0.0,0.0,0.0,0.0,0.0,0.0,0.0,0.0,0.0,0.0,0.0,0.0,0.0,0.0,0.0,0.0,0.0,0.0,0.0,0.0,0.0,1.0,0.0,0.0,0.0,0.0,0.0,0.0,0.0,0.0
3081,2003-10-22,SZSE:002091,0.0,0.0,0.0,0.0,0.0,0.0,0.0,0.0,0.0,0.0,0.0,0.0,0.0,0.0,0.0,0.0,0.0,0.0,0.0,0.0,0.0,0.0,0.0,0.0,0.0,0.0,0.0,0.0,1.0,0.0,0.0,0.0,0.0,0.0,0.0,0.0,0.0
3082,2003-10-23,SZSE:002091,0.0,0.0,0.0,0.0,0.0,0.0,0.0,0.0,0.0,0.0,0.0,0.0,0.0,0.0,0.0,0.0,0.0,0.0,0.0,0.0,0.0,0.0,0.0,0.0,0.0,0.0,0.0,0.0,1.0,0.0,0.0,0.0,0.0,0.0,0.0,0.0,0.0
3083,2003-10-24,SZSE:002091,0.0,0.0,0.0,0.0,0.0,0.0,0.0,0.0,0.0,0.0,0.0,0.0,0.0,0.0,0.0,0.0,0.0,0.0,0.0,0.0,0.0,0.0,0.0,0.0,0.0,0.0,0.0,0.0,1.0,0.0,0.0,0.0,0.0,0.0,0.0,0.0,0.0
3084,2003-10-27,SZSE:002091,0.0,0.0,0.0,0.0,0.0,0.0,0.0,0.0,0.0,0.0,0.0,0.0,0.0,0.0,0.0,0.0,0.0,0.0,0.0,0.0,0.0,0.0,0.0,0.0,0.0,0.0,0.0,0.0,1.0,0.0,0.0,0.0,0.0,0.0,0.0,0.0,0.0
3085,2003-10-28,SZSE:002091,0.0,0.0,0.0,0.0,0.0,0.0,0.0,0.0,0.0,0.0,0.0,0.0,0.0,0.0,0.0,0.0,0.0,0.0,0.0,0.0,0.0,0.0,0.0,0.0,0.0,0.0,0.0,0.0,1.0,0.0,0.0,0.0,0.0,0.0,0.0,0.0,0.0
3086,2003-10-29,SZSE:002091,0.0,0.0,0.0,0.0,0.0,0.0,0.0,0.0,0.0,0.0,0.0,0.0,0.0,0.0,0.0,0.0,0.0,0.0,0.0,0.0,0.0,0.0,0.0,0.0,0.0,0.0,0.0,0.0,1.0,0.0,0.0,0.0,0.0,0.0,0.0,0.0,0.0
3087,2003-10-30,SZSE:002091,0.0,0.0,0.0,0.0,0.0,0.0,0.0,0.0,0.0,0.0,0.0,0.0,0.0,0.0,0.0,0.0,0.0,0.0,0.0,0.0,0.0,0.0,0.0,0.0,0.0,0.0,0.0,0.0,1.0,0.0,0.0,0.0,0.0,0.0,0.0,0.0,0.0
3088,2003-10-31,SZSE:002091,0.0,0.0,0.0,0.0,0.0,0.0,0.0,0.0,0.0,0.0,0.0,0.0,0.0,0.0,0.0,0.0,0.0,0.0,0.0,0.0,0.0,0.0,0.0,0.0,0.0,0.0,0.0,0.0,1.0,0.0,0.0,0.0,0.0,0.0,0.0,0.0,0.0
3089,2003-11-03,SZSE:002091,0.0,0.0,0.0,0.0,0.0,0.0,0.0,0.0,0.0,0.0,0.0,0.0,0.0,0.0,0.0,0.0,0.0,0.0,0.0,0.0,0.0,0.0,0.0,0.0,0.0,0.0,0.0,0.0,1.0,0.0,0.0,0.0,0.0,0.0,0.0,0.0,0.0
3090,2003-11-04,SZSE:002091,0.0,0.0,0.0,0.0,0.0,0.0,0.0,0.0,0.0,0.0,0.0,0.0,0.0,0.0,0.0,0.0,0.0,0.0,0.0,0.0,0.0,0.0,0.0,0.0,0.0,0.0,0.0,0.0,1.0,0.0,0.0,0.0,0.0,0.0,0.0,0.0,0.0
3091,2003-11-05,SZSE:002091,0.0,0.0,0.0,0.0,0.0,0.0,0.0,0.0,0.0,0.0,0.0,0.0,0.0,0.0,0.0,0.0,0.0,0.0,0.0,0.0,0.0,0.0,0.0,0.0,0.0,0.0,0.0,0.0,1.0,0.0,0.0,0.0,0.0,0.0,0.0,0.0,0.0
3092,2003-11-06,SZSE:002091,0.0,0.0,0.0,0.0,0.0,0.0,0.0,0.0,0.0,0.0,0.0,0.0,0.0,0.0,0.0,0.0,0.0,0.0,0.0,0.0,0.0,0.0,0.0,0.0,0.0,0.0,0.0,0.0,1.0,0.0,0.0,0.0,0.0,0.0,0.0,0.0,0.0
3093,2003-11-07,SZSE:002091,0.0,0.0,0.0,0.0,0.0,0.0,0.0,0.0,0.0,0.0,0.0,0.0,0.0,0.0,0.0,0.0,0.0,0.0,0.0,0.0,0.0,0.0,0.0,0.0,0.0,0.0,0.0,0.0,1.0,0.0,0.0,0.0,0.0,0.0,0.0,0.0,0.0
3094,2003-11-10,SZSE:002091,0.0,0.0,0.0,0.0,0.0,0.0,0.0,0.0,0.0,0.0,0.0,0.0,0.0,0.0,0.0,0.0,0.0,0.0,0.0,0.0,0.0,0.0,0.0,0.0,0.0,0.0,0.0,0.0,1.0,0.0,0.0,0.0,0.0,0.0,0.0,0.0,0.0
3095,2003-11-11,SZSE:002091,0.0,0.0,0.0,0.0,0.0,0.0,0.0,0.0,0.0,0.0,0.0,0.0,0.0,0.0,0.0,0.0,0.0,0.0,0.0,0.0,0.0,0.0,0.0,0.0,0.0,0.0,0.0,0.0,1.0,0.0,0.0,0.0,0.0,0.0,0.0,0.0,0.0
3096,2003-11-12,SZSE:002091,0.0,0.0,0.0,0.0,0.0,0.0,0.0,0.0,0.0,0.0,0.0,0.0,0.0,0.0,0.0,0.0,0.0,0.0,0.0,0.0,0.0,0.0,0.0,0.0,0.0,0.0,0.0,0.0,1.0,0.0,0.0,0.0,0.0,0.0,0.0,0.0,0.0
3097,2003-11-13,SZSE:002091,0.0,0.0,0.0,0.0,0.0,0.0,0.0,0.0,0.0,0.0,0.0,0.0,0.0,0.0,0.0,0.0,0.0,0.0,0.0,0.0,0.0,0.0,0.0,0.0,0.0,0.0,0.0,0.0,1.0,0.0,0.0,0.0,0.0,0.0,0.0,0.0,0.0
3098,2003-11-14,SZSE:002091,0.0,0.0,0.0,0.0,0.0,0.0,0.0,0.0,0.0,0.0,0.0,0.0,0.0,0.0,0.0,0.0,0.0,0.0,0.0,0.0,0.0,0.0,0.0,0.0,0.0,0.0,0.0,0.0,1.0,0.0,0.0,0.0,0.0,0.0,0.0,0.0,0.0
3099,2003-11-17,SZSE:002091,0.0,0.0,0.0,0.0,0.0,0.0,0.0,0.0,0.0,0.0,0.0,0.0,0.0,0.0,0.0,0.0,0.0,0.0,0.0,0.0,0.0,0.0,0.0,0.0,0.0,0.0,0.0,0.0,1.0,0.0,0.0,0.0,0.0,0.0,0.0,0.0,0.0
3100,2003-11-18,SZSE:002091,0.0,0.0,0.0,0.0,0.0,0.0,0.0,0.0,0.0,0.0,0.0,0.0,0.0,0.0,0.0,0.0,0.0,0.0,0.0,0.0,0.0,0.0,0.0,0.0,0.0,0.0,0.0,0.0,1.0,0.0,0.0,0.0,0.0,0.0,0.0,0.0,0.0
3101,2003-11-19,SZSE:002091,0.0,0.0,0.0,0.0,0.0,0.0,0.0,0.0,0.0,0.0,0.0,0.0,0.0,0.0,0.0,0.0,0.0,0.0,0.0,0.0,0.0,0.0,0.0,0.0,0.0,0.0,0.0,0.0,1.0,0.0,0.0,0.0,0.0,0.0,0.0,0.0,0.0
3102,2003-11-20,SZSE:002091,0.0,0.0,0.0,0.0,0.0,0.0,0.0,0.0,0.0,0.0,0.0,0.0,0.0,0.0,0.0,0.0,0.0,0.0,0.0,0.0,0.0,0.0,0.0,0.0,0.0,0.0,0.0,0.0,1.0,0.0,0.0,0.0,0.0,0.0,0.0,0.0,0.0
3103,2003-11-21,SZSE:002091,0.0,0.0,0.0,0.0,0.0,0.0,0.0,0.0,0.0,0.0,0.0,0.0,0.0,0.0,0.0,0.0,0.0,0.0,0.0,0.0,0.0,0.0,0.0,0.0,0.0,0.0,0.0,0.0,1.0,0.0,0.0,0.0,0.0,0.0,0.0,0.0,0.0
3104,2003-11-24,SZSE:002091,0.0,0.0,0.0,0.0,0.0,0.0,0.0,0.0,0.0,0.0,0.0,0.0,0.0,0.0,0.0,0.0,0.0,0.0,0.0,0.0,0.0,0.0,0.0,0.0,0.0,0.0,0.0,0.0,1.0,0.0,0.0,0.0,0.0,0.0,0.0,0.0,0.0
3105,2003-11-25,SZSE:002091,0.0,0.0,0.0,0.0,0.0,0.0,0.0,0.0,0.0,0.0,0.0,0.0,0.0,0.0,0.0,0.0,0.0,0.0,0.0,0.0,0.0,0.0,0.0,0.0,0.0,0.0,0.0,0.0,1.0,0.0,0.0,0.0,0.0,0.0,0.0,0.0,0.0
3106,2003-11-26,SZSE:002091,0.0,0.0,0.0,0.0,0.0,0.0,0.0,0.0,0.0,0.0,0.0,0.0,0.0,0.0,0.0,0.0,0.0,0.0,0.0,0.0,0.0,0.0,0.0,0.0,0.0,0.0,0.0,0.0,1.0,0.0,0.0,0.0,0.0,0.0,0.0,0.0,0.0
3107,2003-11-27,SZSE:002091,0.0,0.0,0.0,0.0,0.0,0.0,0.0,0.0,0.0,0.0,0.0,0.0,0.0,0.0,0.0,0.0,0.0,0.0,0.0,0.0,0.0,0.0,0.0,0.0,0.0,0.0,0.0,0.0,1.0,0.0,0.0,0.0,0.0,0.0,0.0,0.0,0.0
3108,2003-11-28,SZSE:002091,0.0,0.0,0.0,0.0,0.0,0.0,0.0,0.0,0.0,0.0,0.0,0.0,0.0,0.0,0.0,0.0,0.0,0.0,0.0,0.0,0.0,0.0,0.0,0.0,0.0,0.0,0.0,0.0,1.0,0.0,0.0,0.0,0.0,0.0,0.0,0.0,0.0
3109,2003-12-01,SZSE:002091,0.0,0.0,0.0,0.0,0.0,0.0,0.0,0.0,0.0,0.0,0.0,0.0,0.0,0.0,0.0,0.0,0.0,0.0,0.0,0.0,0.0,0.0,0.0,0.0,0.0,0.0,0.0,0.0,1.0,0.0,0.0,0.0,0.0,0.0,0.0,0.0,0.0
3110,2003-12-02,SZSE:002091,0.0,0.0,0.0,0.0,0.0,0.0,0.0,0.0,0.0,0.0,0.0,0.0,0.0,0.0,0.0,0.0,0.0,0.0,0.0,0.0,0.0,0.0,0.0,0.0,0.0,0.0,0.0,0.0,1.0,0.0,0.0,0.0,0.0,0.0,0.0,0.0,0.0
3111,2003-12-03,SZSE:002091,0.0,0.0,0.0,0.0,0.0,0.0,0.0,0.0,0.0,0.0,0.0,0.0,0.0,0.0,0.0,0.0,0.0,0.0,0.0,0.0,0.0,0.0,0.0,0.0,0.0,0.0,0.0,0.0,1.0,0.0,0.0,0.0,0.0,0.0,0.0,0.0,0.0
3112,2003-12-04,SZSE:002091,0.0,0.0,0.0,0.0,0.0,0.0,0.0,0.0,0.0,0.0,0.0,0.0,0.0,0.0,0.0,0.0,0.0,0.0,0.0,0.0,0.0,0.0,0.0,0.0,0.0,0.0,0.0,0.0,1.0,0.0,0.0,0.0,0.0,0.0,0.0,0.0,0.0
3113,2003-12-05,SZSE:002091,0.0,0.0,0.0,0.0,0.0,0.0,0.0,0.0,0.0,0.0,0.0,0.0,0.0,0.0,0.0,0.0,0.0,0.0,0.0,0.0,0.0,0.0,0.0,0.0,0.0,0.0,0.0,0.0,1.0,0.0,0.0,0.0,0.0,0.0,0.0,0.0,0.0
3114,2003-12-08,SZSE:002091,0.0,0.0,0.0,0.0,0.0,0.0,0.0,0.0,0.0,0.0,0.0,0.0,0.0,0.0,0.0,0.0,0.0,0.0,0.0,0.0,0.0,0.0,0.0,0.0,0.0,0.0,0.0,0.0,1.0,0.0,0.0,0.0,0.0,0.0,0.0,0.0,0.0
3115,2003-12-09,SZSE:002091,0.0,0.0,0.0,0.0,0.0,0.0,0.0,0.0,0.0,0.0,0.0,0.0,0.0,0.0,0.0,0.0,0.0,0.0,0.0,0.0,0.0,0.0,0.0,0.0,0.0,0.0,0.0,0.0,1.0,0.0,0.0,0.0,0.0,0.0,0.0,0.0,0.0
3116,2003-12-10,SZSE:002091,0.0,0.0,0.0,0.0,0.0,0.0,0.0,0.0,0.0,0.0,0.0,0.0,0.0,0.0,0.0,0.0,0.0,0.0,0.0,0.0,0.0,0.0,0.0,0.0,0.0,0.0,0.0,0.0,1.0,0.0,0.0,0.0,0.0,0.0,0.0,0.0,0.0
3117,2003-12-11,SZSE:002091,0.0,0.0,0.0,0.0,0.0,0.0,0.0,0.0,0.0,0.0,0.0,0.0,0.0,0.0,0.0,0.0,0.0,0.0,0.0,0.0,0.0,0.0,0.0,0.0,0.0,0.0,0.0,0.0,1.0,0.0,0.0,0.0,0.0,0.0,0.0,0.0,0.0
3118,2003-12-12,SZSE:002091,0.0,0.0,0.0,0.0,0.0,0.0,0.0,0.0,0.0,0.0,0.0,0.0,0.0,0.0,0.0,0.0,0.0,0.0,0.0,0.0,0.0,0.0,0.0,0.0,0.0,0.0,0.0,0.0,1.0,0.0,0.0,0.0,0.0,0.0,0.0,0.0,0.0
3119,2003-12-15,SZSE:002091,0.0,0.0,0.0,0.0,0.0,0.0,0.0,0.0,0.0,0.0,0.0,0.0,0.0,0.0,0.0,0.0,0.0,0.0,0.0,0.0,0.0,0.0,0.0,0.0,0.0,0.0,0.0,0.0,1.0,0.0,0.0,0.0,0.0,0.0,0.0,0.0,0.0
3120,2003-12-16,SZSE:002091,0.0,0.0,0.0,0.0,0.0,0.0,0.0,0.0,0.0,0.0,0.0,0.0,0.0,0.0,0.0,0.0,0.0,0.0,0.0,0.0,0.0,0.0,0.0,0.0,0.0,0.0,0.0,0.0,1.0,0.0,0.0,0.0,0.0,0.0,0.0,0.0,0.0
3121,2003-12-17,SZSE:002091,0.0,0.0,0.0,0.0,0.0,0.0,0.0,0.0,0.0,0.0,0.0,0.0,0.0,0.0,0.0,0.0,0.0,0.0,0.0,0.0,0.0,0.0,0.0,0.0,0.0,0.0,0.0,0.0,1.0,0.0,0.0,0.0,0.0,0.0,0.0,0.0,0.0
3122,2003-12-18,SZSE:002091,0.0,0.0,0.0,0.0,0.0,0.0,0.0,0.0,0.0,0.0,0.0,0.0,0.0,0.0,0.0,0.0,0.0,0.0,0.0,0.0,0.0,0.0,0.0,0.0,0.0,0.0,0.0,0.0,1.0,0.0,0.0,0.0,0.0,0.0,0.0,0.0,0.0
3123,2003-12-19,SZSE:002091,0.0,0.0,0.0,0.0,0.0,0.0,0.0,0.0,0.0,0.0,0.0,0.0,0.0,0.0,0.0,0.0,0.0,0.0,0.0,0.0,0.0,0.0,0.0,0.0,0.0,0.0,0.0,0.0,1.0,0.0,0.0,0.0,0.0,0.0,0.0,0.0,0.0
3124,2003-12-22,SZSE:002091,0.0,0.0,0.0,0.0,0.0,0.0,0.0,0.0,0.0,0.0,0.0,0.0,0.0,0.0,0.0,0.0,0.0,0.0,0.0,0.0,0.0,0.0,0.0,0.0,0.0,0.0,0.0,0.0,1.0,0.0,0.0,0.0,0.0,0.0,0.0,0.0,0.0
3125,2003-12-23,SZSE:002091,0.0,0.0,0.0,0.0,0.0,0.0,0.0,0.0,0.0,0.0,0.0,0.0,0.0,0.0,0.0,0.0,0.0,0.0,0.0,0.0,0.0,0.0,0.0,0.0,0.0,0.0,0.0,0.0,1.0,0.0,0.0,0.0,0.0,0.0,0.0,0.0,0.0
3126,2003-12-24,SZSE:002091,0.0,0.0,0.0,0.0,0.0,0.0,0.0,0.0,0.0,0.0,0.0,0.0,0.0,0.0,0.0,0.0,0.0,0.0,0.0,0.0,0.0,0.0,0.0,0.0,0.0,0.0,0.0,0.0,1.0,0.0,0.0,0.0,0.0,0.0,0.0,0.0,0.0
3127,2003-12-25,SZSE:002091,0.0,0.0,0.0,0.0,0.0,0.0,0.0,0.0,0.0,0.0,0.0,0.0,0.0,0.0,0.0,0.0,0.0,0.0,0.0,0.0,0.0,0.0,0.0,0.0,0.0,0.0,0.0,0.0,1.0,0.0,0.0,0.0,0.0,0.0,0.0,0.0,0.0
3128,2003-12-26,SZSE:002091,0.0,0.0,0.0,0.0,0.0,0.0,0.0,0.0,0.0,0.0,0.0,0.0,0.0,0.0,0.0,0.0,0.0,0.0,0.0,0.0,0.0,0.0,0.0,0.0,0.0,0.0,0.0,0.0,1.0,0.0,0.0,0.0,0.0,0.0,0.0,0.0,0.0
3129,2003-12-29,SZSE:002091,0.0,0.0,0.0,0.0,0.0,0.0,0.0,0.0,0.0,0.0,0.0,0.0,0.0,0.0,0.0,0.0,0.0,0.0,0.0,0.0,0.0,0.0,0.0,0.0,0.0,0.0,0.0,0.0,1.0,0.0,0.0,0.0,0.0,0.0,0.0,0.0,0.0
3130,2003-12-30,SZSE:002091,0.0,0.0,0.0,0.0,0.0,0.0,0.0,0.0,0.0,0.0,0.0,0.0,0.0,0.0,0.0,0.0,0.0,0.0,0.0,0.0,0.0,0.0,0.0,0.0,0.0,0.0,0.0,0.0,1.0,0.0,0.0,0.0,0.0,0.0,0.0,0.0,0.0
3131,2003-12-31,SZSE:002091,0.0,0.0,0.0,0.0,0.0,0.0,0.0,0.0,0.0,0.0,0.0,0.0,0.0,0.0,0.0,0.0,0.0,0.0,0.0,0.0,0.0,0.0,0.0,0.0,0.0,0.0,0.0,0.0,1.0,0.0,0.0,0.0,0.0,0.0,0.0,0.0,0.0
3132,2004-01-01,SZSE:002091,0.0,0.0,0.0,0.0,0.0,0.0,0.0,0.0,0.0,0.0,0.0,0.0,0.0,0.0,0.0,0.0,0.0,0.0,0.0,0.0,0.0,0.0,0.0,0.0,0.0,0.0,0.0,0.0,1.0,0.0,0.0,0.0,0.0,0.0,0.0,0.0,0.0
3133,2004-01-02,SZSE:002091,0.0,0.0,0.0,0.0,0.0,0.0,0.0,0.0,0.0,0.0,0.0,0.0,0.0,0.0,0.0,0.0,0.0,0.0,0.0,0.0,0.0,0.0,0.0,0.0,0.0,0.0,0.0,0.0,1.0,0.0,0.0,0.0,0.0,0.0,0.0,0.0,0.0
3134,2004-01-05,SZSE:002091,0.0,0.0,0.0,0.0,0.0,0.0,0.0,0.0,0.0,0.0,0.0,0.0,0.0,0.0,0.0,0.0,0.0,0.0,0.0,0.0,0.0,0.0,0.0,0.0,0.0,0.0,0.0,0.0,1.0,0.0,0.0,0.0,0.0,0.0,0.0,0.0,0.0
3135,2004-01-06,SZSE:002091,0.0,0.0,0.0,0.0,0.0,0.0,0.0,0.0,0.0,0.0,0.0,0.0,0.0,0.0,0.0,0.0,0.0,0.0,0.0,0.0,0.0,0.0,0.0,0.0,0.0,0.0,0.0,0.0,1.0,0.0,0.0,0.0,0.0,0.0,0.0,0.0,0.0
3136,2004-01-07,SZSE:002091,0.0,0.0,0.0,0.0,0.0,0.0,0.0,0.0,0.0,0.0,0.0,0.0,0.0,0.0,0.0,0.0,0.0,0.0,0.0,0.0,0.0,0.0,0.0,0.0,0.0,0.0,0.0,0.0,1.0,0.0,0.0,0.0,0.0,0.0,0.0,0.0,0.0
3137,2004-01-08,SZSE:002091,0.0,0.0,0.0,0.0,0.0,0.0,0.0,0.0,0.0,0.0,0.0,0.0,0.0,0.0,0.0,0.0,0.0,0.0,0.0,0.0,0.0,0.0,0.0,0.0,0.0,0.0,0.0,0.0,1.0,0.0,0.0,0.0,0.0,0.0,0.0,0.0,0.0
3138,2004-01-09,SZSE:002091,0.0,0.0,0.0,0.0,0.0,0.0,0.0,0.0,0.0,0.0,0.0,0.0,0.0,0.0,0.0,0.0,0.0,0.0,0.0,0.0,0.0,0.0,0.0,0.0,0.0,0.0,0.0,0.0,1.0,0.0,0.0,0.0,0.0,0.0,0.0,0.0,0.0
3139,2004-01-12,SZSE:002091,0.0,0.0,0.0,0.0,0.0,0.0,0.0,0.0,0.0,0.0,0.0,0.0,0.0,0.0,0.0,0.0,0.0,0.0,0.0,0.0,0.0,0.0,0.0,0.0,0.0,0.0,0.0,0.0,1.0,0.0,0.0,0.0,0.0,0.0,0.0,0.0,0.0
3140,2004-01-13,SZSE:002091,0.0,0.0,0.0,0.0,0.0,0.0,0.0,0.0,0.0,0.0,0.0,0.0,0.0,0.0,0.0,0.0,0.0,0.0,0.0,0.0,0.0,0.0,0.0,0.0,0.0,0.0,0.0,0.0,1.0,0.0,0.0,0.0,0.0,0.0,0.0,0.0,0.0
3141,2004-01-14,SZSE:002091,0.0,0.0,0.0,0.0,0.0,0.0,0.0,0.0,0.0,0.0,0.0,0.0,0.0,0.0,0.0,0.0,0.0,0.0,0.0,0.0,0.0,0.0,0.0,0.0,0.0,0.0,0.0,0.0,1.0,0.0,0.0,0.0,0.0,0.0,0.0,0.0,0.0
3142,2004-01-15,SZSE:002091,0.0,0.0,0.0,0.0,0.0,0.0,0.0,0.0,0.0,0.0,0.0,0.0,0.0,0.0,0.0,0.0,0.0,0.0,0.0,0.0,0.0,0.0,0.0,0.0,0.0,0.0,0.0,0.0,1.0,0.0,0.0,0.0,0.0,0.0,0.0,0.0,0.0
3143,2004-01-16,SZSE:002091,0.0,0.0,0.0,0.0,0.0,0.0,0.0,0.0,0.0,0.0,0.0,0.0,0.0,0.0,0.0,0.0,0.0,0.0,0.0,0.0,0.0,0.0,0.0,0.0,0.0,0.0,0.0,0.0,1.0,0.0,0.0,0.0,0.0,0.0,0.0,0.0,0.0
3144,2004-01-19,SZSE:002091,0.0,0.0,0.0,0.0,0.0,0.0,0.0,0.0,0.0,0.0,0.0,0.0,0.0,0.0,0.0,0.0,0.0,0.0,0.0,0.0,0.0,0.0,0.0,0.0,0.0,0.0,0.0,0.0,1.0,0.0,0.0,0.0,0.0,0.0,0.0,0.0,0.0
3145,2004-01-20,SZSE:002091,0.0,0.0,0.0,0.0,0.0,0.0,0.0,0.0,0.0,0.0,0.0,0.0,0.0,0.0,0.0,0.0,0.0,0.0,0.0,0.0,0.0,0.0,0.0,0.0,0.0,0.0,0.0,0.0,1.0,0.0,0.0,0.0,0.0,0.0,0.0,0.0,0.0
3146,2004-01-21,SZSE:002091,0.0,0.0,0.0,0.0,0.0,0.0,0.0,0.0,0.0,0.0,0.0,0.0,0.0,0.0,0.0,0.0,0.0,0.0,0.0,0.0,0.0,0.0,0.0,0.0,0.0,0.0,0.0,0.0,1.0,0.0,0.0,0.0,0.0,0.0,0.0,0.0,0.0
3147,2004-01-22,SZSE:002091,0.0,0.0,0.0,0.0,0.0,0.0,0.0,0.0,0.0,0.0,0.0,0.0,0.0,0.0,0.0,0.0,0.0,0.0,0.0,0.0,0.0,0.0,0.0,0.0,0.0,0.0,0.0,0.0,1.0,0.0,0.0,0.0,0.0,0.0,0.0,0.0,0.0
3148,2004-01-23,SZSE:002091,0.0,0.0,0.0,0.0,0.0,0.0,0.0,0.0,0.0,0.0,0.0,0.0,0.0,0.0,0.0,0.0,0.0,0.0,0.0,0.0,0.0,0.0,0.0,0.0,0.0,0.0,0.0,0.0,1.0,0.0,0.0,0.0,0.0,0.0,0.0,0.0,0.0
3149,2004-01-26,SZSE:002091,0.0,0.0,0.0,0.0,0.0,0.0,0.0,0.0,0.0,0.0,0.0,0.0,0.0,0.0,0.0,0.0,0.0,0.0,0.0,0.0,0.0,0.0,0.0,0.0,0.0,0.0,0.0,0.0,1.0,0.0,0.0,0.0,0.0,0.0,0.0,0.0,0.0
3150,2004-01-27,SZSE:002091,0.0,0.0,0.0,0.0,0.0,0.0,0.0,0.0,0.0,0.0,0.0,0.0,0.0,0.0,0.0,0.0,0.0,0.0,0.0,0.0,0.0,0.0,0.0,0.0,0.0,0.0,0.0,0.0,1.0,0.0,0.0,0.0,0.0,0.0,0.0,0.0,0.0
3151,2004-01-28,SZSE:002091,0.0,0.0,0.0,0.0,0.0,0.0,0.0,0.0,0.0,0.0,0.0,0.0,0.0,0.0,0.0,0.0,0.0,0.0,0.0,0.0,0.0,0.0,0.0,0.0,0.0,0.0,0.0,0.0,1.0,0.0,0.0,0.0,0.0,0.0,0.0,0.0,0.0
3152,2004-01-29,SZSE:002091,0.0,0.0,0.0,0.0,0.0,0.0,0.0,0.0,0.0,0.0,0.0,0.0,0.0,0.0,0.0,0.0,0.0,0.0,0.0,0.0,0.0,0.0,0.0,0.0,0.0,0.0,0.0,0.0,1.0,0.0,0.0,0.0,0.0,0.0,0.0,0.0,0.0
3153,2004-01-30,SZSE:002091,0.0,0.0,0.0,0.0,0.0,0.0,0.0,0.0,0.0,0.0,0.0,0.0,0.0,0.0,0.0,0.0,0.0,0.0,0.0,0.0,0.0,0.0,0.0,0.0,0.0,0.0,0.0,0.0,1.0,0.0,0.0,0.0,0.0,0.0,0.0,0.0,0.0
3154,2004-02-02,SZSE:002091,0.0,0.0,0.0,0.0,0.0,0.0,0.0,0.0,0.0,0.0,0.0,0.0,0.0,0.0,0.0,0.0,0.0,0.0,0.0,0.0,0.0,0.0,0.0,0.0,0.0,0.0,0.0,0.0,1.0,0.0,0.0,0.0,0.0,0.0,0.0,0.0,0.0
3155,2004-02-03,SZSE:002091,0.0,0.0,0.0,0.0,0.0,0.0,0.0,0.0,0.0,0.0,0.0,0.0,0.0,0.0,0.0,0.0,0.0,0.0,0.0,0.0,0.0,0.0,0.0,0.0,0.0,0.0,0.0,0.0,1.0,0.0,0.0,0.0,0.0,0.0,0.0,0.0,0.0
3156,2004-02-04,SZSE:002091,0.0,0.0,0.0,0.0,0.0,0.0,0.0,0.0,0.0,0.0,0.0,0.0,0.0,0.0,0.0,0.0,0.0,0.0,0.0,0.0,0.0,0.0,0.0,0.0,0.0,0.0,0.0,0.0,1.0,0.0,0.0,0.0,0.0,0.0,0.0,0.0,0.0
3157,2004-02-05,SZSE:002091,0.0,0.0,0.0,0.0,0.0,0.0,0.0,0.0,0.0,0.0,0.0,0.0,0.0,0.0,0.0,0.0,0.0,0.0,0.0,0.0,0.0,0.0,0.0,0.0,0.0,0.0,0.0,0.0,1.0,0.0,0.0,0.0,0.0,0.0,0.0,0.0,0.0
3158,2004-02-06,SZSE:002091,0.0,0.0,0.0,0.0,0.0,0.0,0.0,0.0,0.0,0.0,0.0,0.0,0.0,0.0,0.0,0.0,0.0,0.0,0.0,0.0,0.0,0.0,0.0,0.0,0.0,0.0,0.0,0.0,1.0,0.0,0.0,0.0,0.0,0.0,0.0,0.0,0.0
3159,2004-02-09,SZSE:002091,0.0,0.0,0.0,0.0,0.0,0.0,0.0,0.0,0.0,0.0,0.0,0.0,0.0,0.0,0.0,0.0,0.0,0.0,0.0,0.0,0.0,0.0,0.0,0.0,0.0,0.0,0.0,0.0,1.0,0.0,0.0,0.0,0.0,0.0,0.0,0.0,0.0
3160,2004-02-10,SZSE:002091,0.0,0.0,0.0,0.0,0.0,0.0,0.0,0.0,0.0,0.0,0.0,0.0,0.0,0.0,0.0,0.0,0.0,0.0,0.0,0.0,0.0,0.0,0.0,0.0,0.0,0.0,0.0,0.0,1.0,0.0,0.0,0.0,0.0,0.0,0.0,0.0,0.0
3161,2004-02-11,SZSE:002091,0.0,0.0,0.0,0.0,0.0,0.0,0.0,0.0,0.0,0.0,0.0,0.0,0.0,0.0,0.0,0.0,0.0,0.0,0.0,0.0,0.0,0.0,0.0,0.0,0.0,0.0,0.0,0.0,1.0,0.0,0.0,0.0,0.0,0.0,0.0,0.0,0.0
3162,2004-02-12,SZSE:002091,0.0,0.0,0.0,0.0,0.0,0.0,0.0,0.0,0.0,0.0,0.0,0.0,0.0,0.0,0.0,0.0,0.0,0.0,0.0,0.0,0.0,0.0,0.0,0.0,0.0,0.0,0.0,0.0,1.0,0.0,0.0,0.0,0.0,0.0,0.0,0.0,0.0
3163,2004-02-13,SZSE:002091,0.0,0.0,0.0,0.0,0.0,0.0,0.0,0.0,0.0,0.0,0.0,0.0,0.0,0.0,0.0,0.0,0.0,0.0,0.0,0.0,0.0,0.0,0.0,0.0,0.0,0.0,0.0,0.0,1.0,0.0,0.0,0.0,0.0,0.0,0.0,0.0,0.0
3164,2004-02-16,SZSE:002091,0.0,0.0,0.0,0.0,0.0,0.0,0.0,0.0,0.0,0.0,0.0,0.0,0.0,0.0,0.0,0.0,0.0,0.0,0.0,0.0,0.0,0.0,0.0,0.0,0.0,0.0,0.0,0.0,1.0,0.0,0.0,0.0,0.0,0.0,0.0,0.0,0.0
3165,2004-02-17,SZSE:002091,0.0,0.0,0.0,0.0,0.0,0.0,0.0,0.0,0.0,0.0,0.0,0.0,0.0,0.0,0.0,0.0,0.0,0.0,0.0,0.0,0.0,0.0,0.0,0.0,0.0,0.0,0.0,0.0,1.0,0.0,0.0,0.0,0.0,0.0,0.0,0.0,0.0
3166,2004-02-18,SZSE:002091,0.0,0.0,0.0,0.0,0.0,0.0,0.0,0.0,0.0,0.0,0.0,0.0,0.0,0.0,0.0,0.0,0.0,0.0,0.0,0.0,0.0,0.0,0.0,0.0,0.0,0.0,0.0,0.0,1.0,0.0,0.0,0.0,0.0,0.0,0.0,0.0,0.0
3167,2004-02-19,SZSE:002091,0.0,0.0,0.0,0.0,0.0,0.0,0.0,0.0,0.0,0.0,0.0,0.0,0.0,0.0,0.0,0.0,0.0,0.0,0.0,0.0,0.0,0.0,0.0,0.0,0.0,0.0,0.0,0.0,1.0,0.0,0.0,0.0,0.0,0.0,0.0,0.0,0.0
3168,2004-02-20,SZSE:002091,0.0,0.0,0.0,0.0,0.0,0.0,0.0,0.0,0.0,0.0,0.0,0.0,0.0,0.0,0.0,0.0,0.0,0.0,0.0,0.0,0.0,0.0,0.0,0.0,0.0,0.0,0.0,0.0,1.0,0.0,0.0,0.0,0.0,0.0,0.0,0.0,0.0
3169,2004-02-23,SZSE:002091,0.0,0.0,0.0,0.0,0.0,0.0,0.0,0.0,0.0,0.0,0.0,0.0,0.0,0.0,0.0,0.0,0.0,0.0,0.0,0.0,0.0,0.0,0.0,0.0,0.0,0.0,0.0,0.0,1.0,0.0,0.0,0.0,0.0,0.0,0.0,0.0,0.0
3170,2004-02-24,SZSE:002091,0.0,0.0,0.0,0.0,0.0,0.0,0.0,0.0,0.0,0.0,0.0,0.0,0.0,0.0,0.0,0.0,0.0,0.0,0.0,0.0,0.0,0.0,0.0,0.0,0.0,0.0,0.0,0.0,1.0,0.0,0.0,0.0,0.0,0.0,0.0,0.0,0.0
3171,2004-02-25,SZSE:002091,0.0,0.0,0.0,0.0,0.0,0.0,0.0,0.0,0.0,0.0,0.0,0.0,0.0,0.0,0.0,0.0,0.0,0.0,0.0,0.0,0.0,0.0,0.0,0.0,0.0,0.0,0.0,0.0,1.0,0.0,0.0,0.0,0.0,0.0,0.0,0.0,0.0
3172,2004-02-26,SZSE:002091,0.0,0.0,0.0,0.0,0.0,0.0,0.0,0.0,0.0,0.0,0.0,0.0,0.0,0.0,0.0,0.0,0.0,0.0,0.0,0.0,0.0,0.0,0.0,0.0,0.0,0.0,0.0,0.0,1.0,0.0,0.0,0.0,0.0,0.0,0.0,0.0,0.0
3173,2004-02-27,SZSE:002091,0.0,0.0,0.0,0.0,0.0,0.0,0.0,0.0,0.0,0.0,0.0,0.0,0.0,0.0,0.0,0.0,0.0,0.0,0.0,0.0,0.0,0.0,0.0,0.0,0.0,0.0,0.0,0.0,1.0,0.0,0.0,0.0,0.0,0.0,0.0,0.0,0.0
3174,2004-03-01,SZSE:002091,0.0,0.0,0.0,0.0,0.0,0.0,0.0,0.0,0.0,0.0,0.0,0.0,0.0,0.0,0.0,0.0,0.0,0.0,0.0,0.0,0.0,0.0,0.0,0.0,0.0,0.0,0.0,0.0,1.0,0.0,0.0,0.0,0.0,0.0,0.0,0.0,0.0
3175,2004-03-02,SZSE:002091,0.0,0.0,0.0,0.0,0.0,0.0,0.0,0.0,0.0,0.0,0.0,0.0,0.0,0.0,0.0,0.0,0.0,0.0,0.0,0.0,0.0,0.0,0.0,0.0,0.0,0.0,0.0,0.0,1.0,0.0,0.0,0.0,0.0,0.0,0.0,0.0,0.0
3176,2004-03-03,SZSE:002091,0.0,0.0,0.0,0.0,0.0,0.0,0.0,0.0,0.0,0.0,0.0,0.0,0.0,0.0,0.0,0.0,0.0,0.0,0.0,0.0,0.0,0.0,0.0,0.0,0.0,0.0,0.0,0.0,1.0,0.0,0.0,0.0,0.0,0.0,0.0,0.0,0.0
3177,2004-03-04,SZSE:002091,0.0,0.0,0.0,0.0,0.0,0.0,0.0,0.0,0.0,0.0,0.0,0.0,0.0,0.0,0.0,0.0,0.0,0.0,0.0,0.0,0.0,0.0,0.0,0.0,0.0,0.0,0.0,0.0,1.0,0.0,0.0,0.0,0.0,0.0,0.0,0.0,0.0
3178,2004-03-05,SZSE:002091,0.0,0.0,0.0,0.0,0.0,0.0,0.0,0.0,0.0,0.0,0.0,0.0,0.0,0.0,0.0,0.0,0.0,0.0,0.0,0.0,0.0,0.0,0.0,0.0,0.0,0.0,0.0,0.0,1.0,0.0,0.0,0.0,0.0,0.0,0.0,0.0,0.0
3179,2004-03-08,SZSE:002091,0.0,0.0,0.0,0.0,0.0,0.0,0.0,0.0,0.0,0.0,0.0,0.0,0.0,0.0,0.0,0.0,0.0,0.0,0.0,0.0,0.0,0.0,0.0,0.0,0.0,0.0,0.0,0.0,1.0,0.0,0.0,0.0,0.0,0.0,0.0,0.0,0.0
3180,2004-03-09,SZSE:002091,0.0,0.0,0.0,0.0,0.0,0.0,0.0,0.0,0.0,0.0,0.0,0.0,0.0,0.0,0.0,0.0,0.0,0.0,0.0,0.0,0.0,0.0,0.0,0.0,0.0,0.0,0.0,0.0,1.0,0.0,0.0,0.0,0.0,0.0,0.0,0.0,0.0
3181,2004-03-10,SZSE:002091,0.0,0.0,0.0,0.0,0.0,0.0,0.0,0.0,0.0,0.0,0.0,0.0,0.0,0.0,0.0,0.0,0.0,0.0,0.0,0.0,0.0,0.0,0.0,0.0,0.0,0.0,0.0,0.0,1.0,0.0,0.0,0.0,0.0,0.0,0.0,0.0,0.0
3182,2004-03-11,SZSE:002091,0.0,0.0,0.0,0.0,0.0,0.0,0.0,0.0,0.0,0.0,0.0,0.0,0.0,0.0,0.0,0.0,0.0,0.0,0.0,0.0,0.0,0.0,0.0,0.0,0.0,0.0,0.0,0.0,1.0,0.0,0.0,0.0,0.0,0.0,0.0,0.0,0.0
3183,2004-03-12,SZSE:002091,0.0,0.0,0.0,0.0,0.0,0.0,0.0,0.0,0.0,0.0,0.0,0.0,0.0,0.0,0.0,0.0,0.0,0.0,0.0,0.0,0.0,0.0,0.0,0.0,0.0,0.0,0.0,0.0,1.0,0.0,0.0,0.0,0.0,0.0,0.0,0.0,0.0
3184,2004-03-15,SZSE:002091,0.0,0.0,0.0,0.0,0.0,0.0,0.0,0.0,0.0,0.0,0.0,0.0,0.0,0.0,0.0,0.0,0.0,0.0,0.0,0.0,0.0,0.0,0.0,0.0,0.0,0.0,0.0,0.0,1.0,0.0,0.0,0.0,0.0,0.0,0.0,0.0,0.0
3185,2004-03-16,SZSE:002091,0.0,0.0,0.0,0.0,0.0,0.0,0.0,0.0,0.0,0.0,0.0,0.0,0.0,0.0,0.0,0.0,0.0,0.0,0.0,0.0,0.0,0.0,0.0,0.0,0.0,0.0,0.0,0.0,1.0,0.0,0.0,0.0,0.0,0.0,0.0,0.0,0.0
3186,2004-03-17,SZSE:002091,0.0,0.0,0.0,0.0,0.0,0.0,0.0,0.0,0.0,0.0,0.0,0.0,0.0,0.0,0.0,0.0,0.0,0.0,0.0,0.0,0.0,0.0,0.0,0.0,0.0,0.0,0.0,0.0,1.0,0.0,0.0,0.0,0.0,0.0,0.0,0.0,0.0
3187,2004-03-18,SZSE:002091,0.0,0.0,0.0,0.0,0.0,0.0,0.0,0.0,0.0,0.0,0.0,0.0,0.0,0.0,0.0,0.0,0.0,0.0,0.0,0.0,0.0,0.0,0.0,0.0,0.0,0.0,0.0,0.0,1.0,0.0,0.0,0.0,0.0,0.0,0.0,0.0,0.0
3188,2004-03-19,SZSE:002091,0.0,0.0,0.0,0.0,0.0,0.0,0.0,0.0,0.0,0.0,0.0,0.0,0.0,0.0,0.0,0.0,0.0,0.0,0.0,0.0,0.0,0.0,0.0,0.0,0.0,0.0,0.0,0.0,1.0,0.0,0.0,0.0,0.0,0.0,0.0,0.0,0.0
3189,2004-03-22,SZSE:002091,0.0,0.0,0.0,0.0,0.0,0.0,0.0,0.0,0.0,0.0,0.0,0.0,0.0,0.0,0.0,0.0,0.0,0.0,0.0,0.0,0.0,0.0,0.0,0.0,0.0,0.0,0.0,0.0,1.0,0.0,0.0,0.0,0.0,0.0,0.0,0.0,0.0
3190,2004-03-23,SZSE:002091,0.0,0.0,0.0,0.0,0.0,0.0,0.0,0.0,0.0,0.0,0.0,0.0,0.0,0.0,0.0,0.0,0.0,0.0,0.0,0.0,0.0,0.0,0.0,0.0,0.0,0.0,0.0,0.0,1.0,0.0,0.0,0.0,0.0,0.0,0.0,0.0,0.0
3191,2004-03-24,SZSE:002091,0.0,0.0,0.0,0.0,0.0,0.0,0.0,0.0,0.0,0.0,0.0,0.0,0.0,0.0,0.0,0.0,0.0,0.0,0.0,0.0,0.0,0.0,0.0,0.0,0.0,0.0,0.0,0.0,1.0,0.0,0.0,0.0,0.0,0.0,0.0,0.0,0.0
3192,2004-03-25,SZSE:002091,0.0,0.0,0.0,0.0,0.0,0.0,0.0,0.0,0.0,0.0,0.0,0.0,0.0,0.0,0.0,0.0,0.0,0.0,0.0,0.0,0.0,0.0,0.0,0.0,0.0,0.0,0.0,0.0,1.0,0.0,0.0,0.0,0.0,0.0,0.0,0.0,0.0
3193,2004-03-26,SZSE:002091,0.0,0.0,0.0,0.0,0.0,0.0,0.0,0.0,0.0,0.0,0.0,0.0,0.0,0.0,0.0,0.0,0.0,0.0,0.0,0.0,0.0,0.0,0.0,0.0,0.0,0.0,0.0,0.0,1.0,0.0,0.0,0.0,0.0,0.0,0.0,0.0,0.0
3194,2004-03-29,SZSE:002091,0.0,0.0,0.0,0.0,0.0,0.0,0.0,0.0,0.0,0.0,0.0,0.0,0.0,0.0,0.0,0.0,0.0,0.0,0.0,0.0,0.0,0.0,0.0,0.0,0.0,0.0,0.0,0.0,1.0,0.0,0.0,0.0,0.0,0.0,0.0,0.0,0.0
3195,2004-03-30,SZSE:002091,0.0,0.0,0.0,0.0,0.0,0.0,0.0,0.0,0.0,0.0,0.0,0.0,0.0,0.0,0.0,0.0,0.0,0.0,0.0,0.0,0.0,0.0,0.0,0.0,0.0,0.0,0.0,0.0,1.0,0.0,0.0,0.0,0.0,0.0,0.0,0.0,0.0
3196,2004-03-31,SZSE:002091,0.0,0.0,0.0,0.0,0.0,0.0,0.0,0.0,0.0,0.0,0.0,0.0,0.0,0.0,0.0,0.0,0.0,0.0,0.0,0.0,0.0,0.0,0.0,0.0,0.0,0.0,0.0,0.0,1.0,0.0,0.0,0.0,0.0,0.0,0.0,0.0,0.0
3197,2004-04-01,SZSE:002091,0.0,0.0,0.0,0.0,0.0,0.0,0.0,0.0,0.0,0.0,0.0,0.0,0.0,0.0,0.0,0.0,0.0,0.0,0.0,0.0,0.0,0.0,0.0,0.0,0.0,0.0,0.0,0.0,1.0,0.0,0.0,0.0,0.0,0.0,0.0,0.0,0.0
3198,2004-04-02,SZSE:002091,0.0,0.0,0.0,0.0,0.0,0.0,0.0,0.0,0.0,0.0,0.0,0.0,0.0,0.0,0.0,0.0,0.0,0.0,0.0,0.0,0.0,0.0,0.0,0.0,0.0,0.0,0.0,0.0,1.0,0.0,0.0,0.0,0.0,0.0,0.0,0.0,0.0
3199,2004-04-05,SZSE:002091,0.0,0.0,0.0,0.0,0.0,0.0,0.0,0.0,0.0,0.0,0.0,0.0,0.0,0.0,0.0,0.0,0.0,0.0,0.0,0.0,0.0,0.0,0.0,0.0,0.0,0.0,0.0,0.0,1.0,0.0,0.0,0.0,0.0,0.0,0.0,0.0,0.0
3200,2004-04-06,SZSE:002091,0.0,0.0,0.0,0.0,0.0,0.0,0.0,0.0,0.0,0.0,0.0,0.0,0.0,0.0,0.0,0.0,0.0,0.0,0.0,0.0,0.0,0.0,0.0,0.0,0.0,0.0,0.0,0.0,1.0,0.0,0.0,0.0,0.0,0.0,0.0,0.0,0.0
3201,2004-04-07,SZSE:002091,0.0,0.0,0.0,0.0,0.0,0.0,0.0,0.0,0.0,0.0,0.0,0.0,0.0,0.0,0.0,0.0,0.0,0.0,0.0,0.0,0.0,0.0,0.0,0.0,0.0,0.0,0.0,0.0,1.0,0.0,0.0,0.0,0.0,0.0,0.0,0.0,0.0
3202,2004-04-08,SZSE:002091,0.0,0.0,0.0,0.0,0.0,0.0,0.0,0.0,0.0,0.0,0.0,0.0,0.0,0.0,0.0,0.0,0.0,0.0,0.0,0.0,0.0,0.0,0.0,0.0,0.0,0.0,0.0,0.0,1.0,0.0,0.0,0.0,0.0,0.0,0.0,0.0,0.0
3203,2004-04-09,SZSE:002091,0.0,0.0,0.0,0.0,0.0,0.0,0.0,0.0,0.0,0.0,0.0,0.0,0.0,0.0,0.0,0.0,0.0,0.0,0.0,0.0,0.0,0.0,0.0,0.0,0.0,0.0,0.0,0.0,1.0,0.0,0.0,0.0,0.0,0.0,0.0,0.0,0.0
3204,2004-04-12,SZSE:002091,0.0,0.0,0.0,0.0,0.0,0.0,0.0,0.0,0.0,0.0,0.0,0.0,0.0,0.0,0.0,0.0,0.0,0.0,0.0,0.0,0.0,0.0,0.0,0.0,0.0,0.0,0.0,0.0,1.0,0.0,0.0,0.0,0.0,0.0,0.0,0.0,0.0
3205,2004-04-13,SZSE:002091,0.0,0.0,0.0,0.0,0.0,0.0,0.0,0.0,0.0,0.0,0.0,0.0,0.0,0.0,0.0,0.0,0.0,0.0,0.0,0.0,0.0,0.0,0.0,0.0,0.0,0.0,0.0,0.0,1.0,0.0,0.0,0.0,0.0,0.0,0.0,0.0,0.0
3206,2004-04-14,SZSE:002091,0.0,0.0,0.0,0.0,0.0,0.0,0.0,0.0,0.0,0.0,0.0,0.0,0.0,0.0,0.0,0.0,0.0,0.0,0.0,0.0,0.0,0.0,0.0,0.0,0.0,0.0,0.0,0.0,1.0,0.0,0.0,0.0,0.0,0.0,0.0,0.0,0.0
3207,2004-04-15,SZSE:002091,0.0,0.0,0.0,0.0,0.0,0.0,0.0,0.0,0.0,0.0,0.0,0.0,0.0,0.0,0.0,0.0,0.0,0.0,0.0,0.0,0.0,0.0,0.0,0.0,0.0,0.0,0.0,0.0,1.0,0.0,0.0,0.0,0.0,0.0,0.0,0.0,0.0
3208,2004-04-16,SZSE:002091,0.0,0.0,0.0,0.0,0.0,0.0,0.0,0.0,0.0,0.0,0.0,0.0,0.0,0.0,0.0,0.0,0.0,0.0,0.0,0.0,0.0,0.0,0.0,0.0,0.0,0.0,0.0,0.0,1.0,0.0,0.0,0.0,0.0,0.0,0.0,0.0,0.0
3209,2004-04-19,SZSE:002091,0.0,0.0,0.0,0.0,0.0,0.0,0.0,0.0,0.0,0.0,0.0,0.0,0.0,0.0,0.0,0.0,0.0,0.0,0.0,0.0,0.0,0.0,0.0,0.0,0.0,0.0,0.0,0.0,1.0,0.0,0.0,0.0,0.0,0.0,0.0,0.0,0.0
3210,2004-04-20,SZSE:002091,0.0,0.0,0.0,0.0,0.0,0.0,0.0,0.0,0.0,0.0,0.0,0.0,0.0,0.0,0.0,0.0,0.0,0.0,0.0,0.0,0.0,0.0,0.0,0.0,0.0,0.0,0.0,0.0,1.0,0.0,0.0,0.0,0.0,0.0,0.0,0.0,0.0
3211,2004-04-21,SZSE:002091,0.0,0.0,0.0,0.0,0.0,0.0,0.0,0.0,0.0,0.0,0.0,0.0,0.0,0.0,0.0,0.0,0.0,0.0,0.0,0.0,0.0,0.0,0.0,0.0,0.0,0.0,0.0,0.0,1.0,0.0,0.0,0.0,0.0,0.0,0.0,0.0,0.0
3212,2004-04-22,SZSE:002091,0.0,0.0,0.0,0.0,0.0,0.0,0.0,0.0,0.0,0.0,0.0,0.0,0.0,0.0,0.0,0.0,0.0,0.0,0.0,0.0,0.0,0.0,0.0,0.0,0.0,0.0,0.0,0.0,1.0,0.0,0.0,0.0,0.0,0.0,0.0,0.0,0.0
3213,2004-04-23,SZSE:002091,0.0,0.0,0.0,0.0,0.0,0.0,0.0,0.0,0.0,0.0,0.0,0.0,0.0,0.0,0.0,0.0,0.0,0.0,0.0,0.0,0.0,0.0,0.0,0.0,0.0,0.0,0.0,0.0,1.0,0.0,0.0,0.0,0.0,0.0,0.0,0.0,0.0
3214,2004-04-26,SZSE:002091,0.0,0.0,0.0,0.0,0.0,0.0,0.0,0.0,0.0,0.0,0.0,0.0,0.0,0.0,0.0,0.0,0.0,0.0,0.0,0.0,0.0,0.0,0.0,0.0,0.0,0.0,0.0,0.0,1.0,0.0,0.0,0.0,0.0,0.0,0.0,0.0,0.0
3215,2004-04-27,SZSE:002091,0.0,0.0,0.0,0.0,0.0,0.0,0.0,0.0,0.0,0.0,0.0,0.0,0.0,0.0,0.0,0.0,0.0,0.0,0.0,0.0,0.0,0.0,0.0,0.0,0.0,0.0,0.0,0.0,1.0,0.0,0.0,0.0,0.0,0.0,0.0,0.0,0.0
3216,2004-04-28,SZSE:002091,0.0,0.0,0.0,0.0,0.0,0.0,0.0,0.0,0.0,0.0,0.0,0.0,0.0,0.0,0.0,0.0,0.0,0.0,0.0,0.0,0.0,0.0,0.0,0.0,0.0,0.0,0.0,0.0,1.0,0.0,0.0,0.0,0.0,0.0,0.0,0.0,0.0
3217,2004-04-29,SZSE:002091,0.0,0.0,0.0,0.0,0.0,0.0,0.0,0.0,0.0,0.0,0.0,0.0,0.0,0.0,0.0,0.0,0.0,0.0,0.0,0.0,0.0,0.0,0.0,0.0,0.0,0.0,0.0,0.0,1.0,0.0,0.0,0.0,0.0,0.0,0.0,0.0,0.0
3218,2004-04-30,SZSE:002091,0.0,0.0,0.0,0.0,0.0,0.0,0.0,0.0,0.0,0.0,0.0,0.0,0.0,0.0,0.0,0.0,0.0,0.0,0.0,0.0,0.0,0.0,0.0,0.0,0.0,0.0,0.0,0.0,1.0,0.0,0.0,0.0,0.0,0.0,0.0,0.0,0.0
3219,2004-05-03,SZSE:002091,0.0,0.0,0.0,0.0,0.0,0.0,0.0,0.0,0.0,0.0,0.0,0.0,0.0,0.0,0.0,0.0,0.0,0.0,0.0,0.0,0.0,0.0,0.0,0.0,0.0,0.0,0.0,0.0,1.0,0.0,0.0,0.0,0.0,0.0,0.0,0.0,0.0
3220,2004-05-04,SZSE:002091,0.0,0.0,0.0,0.0,0.0,0.0,0.0,0.0,0.0,0.0,0.0,0.0,0.0,0.0,0.0,0.0,0.0,0.0,0.0,0.0,0.0,0.0,0.0,0.0,0.0,0.0,0.0,0.0,1.0,0.0,0.0,0.0,0.0,0.0,0.0,0.0,0.0
3221,2004-05-05,SZSE:002091,0.0,0.0,0.0,0.0,0.0,0.0,0.0,0.0,0.0,0.0,0.0,0.0,0.0,0.0,0.0,0.0,0.0,0.0,0.0,0.0,0.0,0.0,0.0,0.0,0.0,0.0,0.0,0.0,1.0,0.0,0.0,0.0,0.0,0.0,0.0,0.0,0.0
3222,2004-05-06,SZSE:002091,0.0,0.0,0.0,0.0,0.0,0.0,0.0,0.0,0.0,0.0,0.0,0.0,0.0,0.0,0.0,0.0,0.0,0.0,0.0,0.0,0.0,0.0,0.0,0.0,0.0,0.0,0.0,0.0,1.0,0.0,0.0,0.0,0.0,0.0,0.0,0.0,0.0
3223,2004-05-07,SZSE:002091,0.0,0.0,0.0,0.0,0.0,0.0,0.0,0.0,0.0,0.0,0.0,0.0,0.0,0.0,0.0,0.0,0.0,0.0,0.0,0.0,0.0,0.0,0.0,0.0,0.0,0.0,0.0,0.0,1.0,0.0,0.0,0.0,0.0,0.0,0.0,0.0,0.0
3224,2004-05-10,SZSE:002091,0.0,0.0,0.0,0.0,0.0,0.0,0.0,0.0,0.0,0.0,0.0,0.0,0.0,0.0,0.0,0.0,0.0,0.0,0.0,0.0,0.0,0.0,0.0,0.0,0.0,0.0,0.0,0.0,1.0,0.0,0.0,0.0,0.0,0.0,0.0,0.0,0.0
3225,2004-05-11,SZSE:002091,0.0,0.0,0.0,0.0,0.0,0.0,0.0,0.0,0.0,0.0,0.0,0.0,0.0,0.0,0.0,0.0,0.0,0.0,0.0,0.0,0.0,0.0,0.0,0.0,0.0,0.0,0.0,0.0,1.0,0.0,0.0,0.0,0.0,0.0,0.0,0.0,0.0
3226,2004-05-12,SZSE:002091,0.0,0.0,0.0,0.0,0.0,0.0,0.0,0.0,0.0,0.0,0.0,0.0,0.0,0.0,0.0,0.0,0.0,0.0,0.0,0.0,0.0,0.0,0.0,0.0,0.0,0.0,0.0,0.0,1.0,0.0,0.0,0.0,0.0,0.0,0.0,0.0,0.0
3227,2004-05-13,SZSE:002091,0.0,0.0,0.0,0.0,0.0,0.0,0.0,0.0,0.0,0.0,0.0,0.0,0.0,0.0,0.0,0.0,0.0,0.0,0.0,0.0,0.0,0.0,0.0,0.0,0.0,0.0,0.0,0.0,1.0,0.0,0.0,0.0,0.0,0.0,0.0,0.0,0.0
3228,2004-05-14,SZSE:002091,0.0,0.0,0.0,0.0,0.0,0.0,0.0,0.0,0.0,0.0,0.0,0.0,0.0,0.0,0.0,0.0,0.0,0.0,0.0,0.0,0.0,0.0,0.0,0.0,0.0,0.0,0.0,0.0,1.0,0.0,0.0,0.0,0.0,0.0,0.0,0.0,0.0
3229,2004-05-17,SZSE:002091,0.0,0.0,0.0,0.0,0.0,0.0,0.0,0.0,0.0,0.0,0.0,0.0,0.0,0.0,0.0,0.0,0.0,0.0,0.0,0.0,0.0,0.0,0.0,0.0,0.0,0.0,0.0,0.0,1.0,0.0,0.0,0.0,0.0,0.0,0.0,0.0,0.0
3230,2004-05-18,SZSE:002091,0.0,0.0,0.0,0.0,0.0,0.0,0.0,0.0,0.0,0.0,0.0,0.0,0.0,0.0,0.0,0.0,0.0,0.0,0.0,0.0,0.0,0.0,0.0,0.0,0.0,0.0,0.0,0.0,1.0,0.0,0.0,0.0,0.0,0.0,0.0,0.0,0.0
3231,2004-05-19,SZSE:002091,0.0,0.0,0.0,0.0,0.0,0.0,0.0,0.0,0.0,0.0,0.0,0.0,0.0,0.0,0.0,0.0,0.0,0.0,0.0,0.0,0.0,0.0,0.0,0.0,0.0,0.0,0.0,0.0,1.0,0.0,0.0,0.0,0.0,0.0,0.0,0.0,0.0
3232,2004-05-20,SZSE:002091,0.0,0.0,0.0,0.0,0.0,0.0,0.0,0.0,0.0,0.0,0.0,0.0,0.0,0.0,0.0,0.0,0.0,0.0,0.0,0.0,0.0,0.0,0.0,0.0,0.0,0.0,0.0,0.0,1.0,0.0,0.0,0.0,0.0,0.0,0.0,0.0,0.0
3233,2004-05-21,SZSE:002091,0.0,0.0,0.0,0.0,0.0,0.0,0.0,0.0,0.0,0.0,0.0,0.0,0.0,0.0,0.0,0.0,0.0,0.0,0.0,0.0,0.0,0.0,0.0,0.0,0.0,0.0,0.0,0.0,1.0,0.0,0.0,0.0,0.0,0.0,0.0,0.0,0.0
3234,2004-05-24,SZSE:002091,0.0,0.0,0.0,0.0,0.0,0.0,0.0,0.0,0.0,0.0,0.0,0.0,0.0,0.0,0.0,0.0,0.0,0.0,0.0,0.0,0.0,0.0,0.0,0.0,0.0,0.0,0.0,0.0,1.0,0.0,0.0,0.0,0.0,0.0,0.0,0.0,0.0
3235,2004-05-25,SZSE:002091,0.0,0.0,0.0,0.0,0.0,0.0,0.0,0.0,0.0,0.0,0.0,0.0,0.0,0.0,0.0,0.0,0.0,0.0,0.0,0.0,0.0,0.0,0.0,0.0,0.0,0.0,0.0,0.0,1.0,0.0,0.0,0.0,0.0,0.0,0.0,0.0,0.0
3236,2004-05-26,SZSE:002091,0.0,0.0,0.0,0.0,0.0,0.0,0.0,0.0,0.0,0.0,0.0,0.0,0.0,0.0,0.0,0.0,0.0,0.0,0.0,0.0,0.0,0.0,0.0,0.0,0.0,0.0,0.0,0.0,1.0,0.0,0.0,0.0,0.0,0.0,0.0,0.0,0.0
3237,2004-05-27,SZSE:002091,0.0,0.0,0.0,0.0,0.0,0.0,0.0,0.0,0.0,0.0,0.0,0.0,0.0,0.0,0.0,0.0,0.0,0.0,0.0,0.0,0.0,0.0,0.0,0.0,0.0,0.0,0.0,0.0,1.0,0.0,0.0,0.0,0.0,0.0,0.0,0.0,0.0
3238,2004-05-28,SZSE:002091,0.0,0.0,0.0,0.0,0.0,0.0,0.0,0.0,0.0,0.0,0.0,0.0,0.0,0.0,0.0,0.0,0.0,0.0,0.0,0.0,0.0,0.0,0.0,0.0,0.0,0.0,0.0,0.0,1.0,0.0,0.0,0.0,0.0,0.0,0.0,0.0,0.0
3239,2004-05-31,SZSE:002091,0.0,0.0,0.0,0.0,0.0,0.0,0.0,0.0,0.0,0.0,0.0,0.0,0.0,0.0,0.0,0.0,0.0,0.0,0.0,0.0,0.0,0.0,0.0,0.0,0.0,0.0,0.0,0.0,1.0,0.0,0.0,0.0,0.0,0.0,0.0,0.0,0.0
3240,2004-06-01,SZSE:002091,0.0,0.0,0.0,0.0,0.0,0.0,0.0,0.0,0.0,0.0,0.0,0.0,0.0,0.0,0.0,0.0,0.0,0.0,0.0,0.0,0.0,0.0,0.0,0.0,0.0,0.0,0.0,0.0,1.0,0.0,0.0,0.0,0.0,0.0,0.0,0.0,0.0
3241,2004-06-02,SZSE:002091,0.0,0.0,0.0,0.0,0.0,0.0,0.0,0.0,0.0,0.0,0.0,0.0,0.0,0.0,0.0,0.0,0.0,0.0,0.0,0.0,0.0,0.0,0.0,0.0,0.0,0.0,0.0,0.0,1.0,0.0,0.0,0.0,0.0,0.0,0.0,0.0,0.0
3242,2004-06-03,SZSE:002091,0.0,0.0,0.0,0.0,0.0,0.0,0.0,0.0,0.0,0.0,0.0,0.0,0.0,0.0,0.0,0.0,0.0,0.0,0.0,0.0,0.0,0.0,0.0,0.0,0.0,0.0,0.0,0.0,1.0,0.0,0.0,0.0,0.0,0.0,0.0,0.0,0.0
3243,2004-06-04,SZSE:002091,0.0,0.0,0.0,0.0,0.0,0.0,0.0,0.0,0.0,0.0,0.0,0.0,0.0,0.0,0.0,0.0,0.0,0.0,0.0,0.0,0.0,0.0,0.0,0.0,0.0,0.0,0.0,0.0,1.0,0.0,0.0,0.0,0.0,0.0,0.0,0.0,0.0
3244,2004-06-07,SZSE:002091,0.0,0.0,0.0,0.0,0.0,0.0,0.0,0.0,0.0,0.0,0.0,0.0,0.0,0.0,0.0,0.0,0.0,0.0,0.0,0.0,0.0,0.0,0.0,0.0,0.0,0.0,0.0,0.0,1.0,0.0,0.0,0.0,0.0,0.0,0.0,0.0,0.0
3245,2004-06-08,SZSE:002091,0.0,0.0,0.0,0.0,0.0,0.0,0.0,0.0,0.0,0.0,0.0,0.0,0.0,0.0,0.0,0.0,0.0,0.0,0.0,0.0,0.0,0.0,0.0,0.0,0.0,0.0,0.0,0.0,1.0,0.0,0.0,0.0,0.0,0.0,0.0,0.0,0.0
3246,2004-06-09,SZSE:002091,0.0,0.0,0.0,0.0,0.0,0.0,0.0,0.0,0.0,0.0,0.0,0.0,0.0,0.0,0.0,0.0,0.0,0.0,0.0,0.0,0.0,0.0,0.0,0.0,0.0,0.0,0.0,0.0,1.0,0.0,0.0,0.0,0.0,0.0,0.0,0.0,0.0
3247,2004-06-10,SZSE:002091,0.0,0.0,0.0,0.0,0.0,0.0,0.0,0.0,0.0,0.0,0.0,0.0,0.0,0.0,0.0,0.0,0.0,0.0,0.0,0.0,0.0,0.0,0.0,0.0,0.0,0.0,0.0,0.0,1.0,0.0,0.0,0.0,0.0,0.0,0.0,0.0,0.0
3248,2004-06-11,SZSE:002091,0.0,0.0,0.0,0.0,0.0,0.0,0.0,0.0,0.0,0.0,0.0,0.0,0.0,0.0,0.0,0.0,0.0,0.0,0.0,0.0,0.0,0.0,0.0,0.0,0.0,0.0,0.0,0.0,1.0,0.0,0.0,0.0,0.0,0.0,0.0,0.0,0.0
3249,2004-06-14,SZSE:002091,0.0,0.0,0.0,0.0,0.0,0.0,0.0,0.0,0.0,0.0,0.0,0.0,0.0,0.0,0.0,0.0,0.0,0.0,0.0,0.0,0.0,0.0,0.0,0.0,0.0,0.0,0.0,0.0,1.0,0.0,0.0,0.0,0.0,0.0,0.0,0.0,0.0
3250,2004-06-15,SZSE:002091,0.0,0.0,0.0,0.0,0.0,0.0,0.0,0.0,0.0,0.0,0.0,0.0,0.0,0.0,0.0,0.0,0.0,0.0,0.0,0.0,0.0,0.0,0.0,0.0,0.0,0.0,0.0,0.0,1.0,0.0,0.0,0.0,0.0,0.0,0.0,0.0,0.0
3251,2004-06-16,SZSE:002091,0.0,0.0,0.0,0.0,0.0,0.0,0.0,0.0,0.0,0.0,0.0,0.0,0.0,0.0,0.0,0.0,0.0,0.0,0.0,0.0,0.0,0.0,0.0,0.0,0.0,0.0,0.0,0.0,1.0,0.0,0.0,0.0,0.0,0.0,0.0,0.0,0.0
3252,2004-06-17,SZSE:002091,0.0,0.0,0.0,0.0,0.0,0.0,0.0,0.0,0.0,0.0,0.0,0.0,0.0,0.0,0.0,0.0,0.0,0.0,0.0,0.0,0.0,0.0,0.0,0.0,0.0,0.0,0.0,0.0,1.0,0.0,0.0,0.0,0.0,0.0,0.0,0.0,0.0
3253,2004-06-18,SZSE:002091,0.0,0.0,0.0,0.0,0.0,0.0,0.0,0.0,0.0,0.0,0.0,0.0,0.0,0.0,0.0,0.0,0.0,0.0,0.0,0.0,0.0,0.0,0.0,0.0,0.0,0.0,0.0,0.0,1.0,0.0,0.0,0.0,0.0,0.0,0.0,0.0,0.0
3254,2004-06-21,SZSE:002091,0.0,0.0,0.0,0.0,0.0,0.0,0.0,0.0,0.0,0.0,0.0,0.0,0.0,0.0,0.0,0.0,0.0,0.0,0.0,0.0,0.0,0.0,0.0,0.0,0.0,0.0,0.0,0.0,1.0,0.0,0.0,0.0,0.0,0.0,0.0,0.0,0.0
3255,2004-06-22,SZSE:002091,0.0,0.0,0.0,0.0,0.0,0.0,0.0,0.0,0.0,0.0,0.0,0.0,0.0,0.0,0.0,0.0,0.0,0.0,0.0,0.0,0.0,0.0,0.0,0.0,0.0,0.0,0.0,0.0,1.0,0.0,0.0,0.0,0.0,0.0,0.0,0.0,0.0
3256,2004-06-23,SZSE:002091,0.0,0.0,0.0,0.0,0.0,0.0,0.0,0.0,0.0,0.0,0.0,0.0,0.0,0.0,0.0,0.0,0.0,0.0,0.0,0.0,0.0,0.0,0.0,0.0,0.0,0.0,0.0,0.0,1.0,0.0,0.0,0.0,0.0,0.0,0.0,0.0,0.0
3257,2004-06-24,SZSE:002091,0.0,0.0,0.0,0.0,0.0,0.0,0.0,0.0,0.0,0.0,0.0,0.0,0.0,0.0,0.0,0.0,0.0,0.0,0.0,0.0,0.0,0.0,0.0,0.0,0.0,0.0,0.0,0.0,1.0,0.0,0.0,0.0,0.0,0.0,0.0,0.0,0.0
3258,2004-06-25,SZSE:002091,0.0,0.0,0.0,0.0,0.0,0.0,0.0,0.0,0.0,0.0,0.0,0.0,0.0,0.0,0.0,0.0,0.0,0.0,0.0,0.0,0.0,0.0,0.0,0.0,0.0,0.0,0.0,0.0,1.0,0.0,0.0,0.0,0.0,0.0,0.0,0.0,0.0
3259,2004-06-28,SZSE:002091,0.0,0.0,0.0,0.0,0.0,0.0,0.0,0.0,0.0,0.0,0.0,0.0,0.0,0.0,0.0,0.0,0.0,0.0,0.0,0.0,0.0,0.0,0.0,0.0,0.0,0.0,0.0,0.0,1.0,0.0,0.0,0.0,0.0,0.0,0.0,0.0,0.0
3260,2004-06-29,SZSE:002091,0.0,0.0,0.0,0.0,0.0,0.0,0.0,0.0,0.0,0.0,0.0,0.0,0.0,0.0,0.0,0.0,0.0,0.0,0.0,0.0,0.0,0.0,0.0,0.0,0.0,0.0,0.0,0.0,1.0,0.0,0.0,0.0,0.0,0.0,0.0,0.0,0.0
3261,2004-06-30,SZSE:002091,0.0,0.0,0.0,0.0,0.0,0.0,0.0,0.0,0.0,0.0,0.0,0.0,0.0,0.0,0.0,0.0,0.0,0.0,0.0,0.0,0.0,0.0,0.0,0.0,0.0,0.0,0.0,0.0,1.0,0.0,0.0,0.0,0.0,0.0,0.0,0.0,0.0
3262,2004-07-01,SZSE:002091,0.0,0.0,0.0,0.0,0.0,0.0,0.0,0.0,0.0,0.0,0.0,0.0,0.0,0.0,0.0,0.0,0.0,0.0,0.0,0.0,0.0,0.0,0.0,0.0,0.0,0.0,0.0,0.0,1.0,0.0,0.0,0.0,0.0,0.0,0.0,0.0,0.0
3263,2004-07-02,SZSE:002091,0.0,0.0,0.0,0.0,0.0,0.0,0.0,0.0,0.0,0.0,0.0,0.0,0.0,0.0,0.0,0.0,0.0,0.0,0.0,0.0,0.0,0.0,0.0,0.0,0.0,0.0,0.0,0.0,1.0,0.0,0.0,0.0,0.0,0.0,0.0,0.0,0.0
3264,2004-07-05,SZSE:002091,0.0,0.0,0.0,0.0,0.0,0.0,0.0,0.0,0.0,0.0,0.0,0.0,0.0,0.0,0.0,0.0,0.0,0.0,0.0,0.0,0.0,0.0,0.0,0.0,0.0,0.0,0.0,0.0,1.0,0.0,0.0,0.0,0.0,0.0,0.0,0.0,0.0
3265,2004-07-06,SZSE:002091,0.0,0.0,0.0,0.0,0.0,0.0,0.0,0.0,0.0,0.0,0.0,0.0,0.0,0.0,0.0,0.0,0.0,0.0,0.0,0.0,0.0,0.0,0.0,0.0,0.0,0.0,0.0,0.0,1.0,0.0,0.0,0.0,0.0,0.0,0.0,0.0,0.0
3266,2004-07-07,SZSE:002091,0.0,0.0,0.0,0.0,0.0,0.0,0.0,0.0,0.0,0.0,0.0,0.0,0.0,0.0,0.0,0.0,0.0,0.0,0.0,0.0,0.0,0.0,0.0,0.0,0.0,0.0,0.0,0.0,1.0,0.0,0.0,0.0,0.0,0.0,0.0,0.0,0.0
3267,2004-07-08,SZSE:002091,0.0,0.0,0.0,0.0,0.0,0.0,0.0,0.0,0.0,0.0,0.0,0.0,0.0,0.0,0.0,0.0,0.0,0.0,0.0,0.0,0.0,0.0,0.0,0.0,0.0,0.0,0.0,0.0,1.0,0.0,0.0,0.0,0.0,0.0,0.0,0.0,0.0
3268,2004-07-09,SZSE:002091,0.0,0.0,0.0,0.0,0.0,0.0,0.0,0.0,0.0,0.0,0.0,0.0,0.0,0.0,0.0,0.0,0.0,0.0,0.0,0.0,0.0,0.0,0.0,0.0,0.0,0.0,0.0,0.0,1.0,0.0,0.0,0.0,0.0,0.0,0.0,0.0,0.0
3269,2004-07-12,SZSE:002091,0.0,0.0,0.0,0.0,0.0,0.0,0.0,0.0,0.0,0.0,0.0,0.0,0.0,0.0,0.0,0.0,0.0,0.0,0.0,0.0,0.0,0.0,0.0,0.0,0.0,0.0,0.0,0.0,1.0,0.0,0.0,0.0,0.0,0.0,0.0,0.0,0.0
3270,2004-07-13,SZSE:002091,0.0,0.0,0.0,0.0,0.0,0.0,0.0,0.0,0.0,0.0,0.0,0.0,0.0,0.0,0.0,0.0,0.0,0.0,0.0,0.0,0.0,0.0,0.0,0.0,0.0,0.0,0.0,0.0,1.0,0.0,0.0,0.0,0.0,0.0,0.0,0.0,0.0
3271,2004-07-14,SZSE:002091,0.0,0.0,0.0,0.0,0.0,0.0,0.0,0.0,0.0,0.0,0.0,0.0,0.0,0.0,0.0,0.0,0.0,0.0,0.0,0.0,0.0,0.0,0.0,0.0,0.0,0.0,0.0,0.0,1.0,0.0,0.0,0.0,0.0,0.0,0.0,0.0,0.0
3272,2004-07-15,SZSE:002091,0.0,0.0,0.0,0.0,0.0,0.0,0.0,0.0,0.0,0.0,0.0,0.0,0.0,0.0,0.0,0.0,0.0,0.0,0.0,0.0,0.0,0.0,0.0,0.0,0.0,0.0,0.0,0.0,1.0,0.0,0.0,0.0,0.0,0.0,0.0,0.0,0.0
3273,2004-07-16,SZSE:002091,0.0,0.0,0.0,0.0,0.0,0.0,0.0,0.0,0.0,0.0,0.0,0.0,0.0,0.0,0.0,0.0,0.0,0.0,0.0,0.0,0.0,0.0,0.0,0.0,0.0,0.0,0.0,0.0,1.0,0.0,0.0,0.0,0.0,0.0,0.0,0.0,0.0
3274,2004-07-19,SZSE:002091,0.0,0.0,0.0,0.0,0.0,0.0,0.0,0.0,0.0,0.0,0.0,0.0,0.0,0.0,0.0,0.0,0.0,0.0,0.0,0.0,0.0,0.0,0.0,0.0,0.0,0.0,0.0,0.0,1.0,0.0,0.0,0.0,0.0,0.0,0.0,0.0,0.0
3275,2004-07-20,SZSE:002091,0.0,0.0,0.0,0.0,0.0,0.0,0.0,0.0,0.0,0.0,0.0,0.0,0.0,0.0,0.0,0.0,0.0,0.0,0.0,0.0,0.0,0.0,0.0,0.0,0.0,0.0,0.0,0.0,1.0,0.0,0.0,0.0,0.0,0.0,0.0,0.0,0.0
3276,2004-07-21,SZSE:002091,0.0,0.0,0.0,0.0,0.0,0.0,0.0,0.0,0.0,0.0,0.0,0.0,0.0,0.0,0.0,0.0,0.0,0.0,0.0,0.0,0.0,0.0,0.0,0.0,0.0,0.0,0.0,0.0,1.0,0.0,0.0,0.0,0.0,0.0,0.0,0.0,0.0
3277,2004-07-22,SZSE:002091,0.0,0.0,0.0,0.0,0.0,0.0,0.0,0.0,0.0,0.0,0.0,0.0,0.0,0.0,0.0,0.0,0.0,0.0,0.0,0.0,0.0,0.0,0.0,0.0,0.0,0.0,0.0,0.0,1.0,0.0,0.0,0.0,0.0,0.0,0.0,0.0,0.0
3278,2004-07-23,SZSE:002091,0.0,0.0,0.0,0.0,0.0,0.0,0.0,0.0,0.0,0.0,0.0,0.0,0.0,0.0,0.0,0.0,0.0,0.0,0.0,0.0,0.0,0.0,0.0,0.0,0.0,0.0,0.0,0.0,1.0,0.0,0.0,0.0,0.0,0.0,0.0,0.0,0.0
3279,2004-07-26,SZSE:002091,0.0,0.0,0.0,0.0,0.0,0.0,0.0,0.0,0.0,0.0,0.0,0.0,0.0,0.0,0.0,0.0,0.0,0.0,0.0,0.0,0.0,0.0,0.0,0.0,0.0,0.0,0.0,0.0,1.0,0.0,0.0,0.0,0.0,0.0,0.0,0.0,0.0
3280,2004-07-27,SZSE:002091,0.0,0.0,0.0,0.0,0.0,0.0,0.0,0.0,0.0,0.0,0.0,0.0,0.0,0.0,0.0,0.0,0.0,0.0,0.0,0.0,0.0,0.0,0.0,0.0,0.0,0.0,0.0,0.0,1.0,0.0,0.0,0.0,0.0,0.0,0.0,0.0,0.0
3281,2004-07-28,SZSE:002091,0.0,0.0,0.0,0.0,0.0,0.0,0.0,0.0,0.0,0.0,0.0,0.0,0.0,0.0,0.0,0.0,0.0,0.0,0.0,0.0,0.0,0.0,0.0,0.0,0.0,0.0,0.0,0.0,1.0,0.0,0.0,0.0,0.0,0.0,0.0,0.0,0.0
3282,2004-07-29,SZSE:002091,0.0,0.0,0.0,0.0,0.0,0.0,0.0,0.0,0.0,0.0,0.0,0.0,0.0,0.0,0.0,0.0,0.0,0.0,0.0,0.0,0.0,0.0,0.0,0.0,0.0,0.0,0.0,0.0,1.0,0.0,0.0,0.0,0.0,0.0,0.0,0.0,0.0
3283,2004-07-30,SZSE:002091,0.0,0.0,0.0,0.0,0.0,0.0,0.0,0.0,0.0,0.0,0.0,0.0,0.0,0.0,0.0,0.0,0.0,0.0,0.0,0.0,0.0,0.0,0.0,0.0,0.0,0.0,0.0,0.0,1.0,0.0,0.0,0.0,0.0,0.0,0.0,0.0,0.0
3284,2004-08-02,SZSE:002091,0.0,0.0,0.0,0.0,0.0,0.0,0.0,0.0,0.0,0.0,0.0,0.0,0.0,0.0,0.0,0.0,0.0,0.0,0.0,0.0,0.0,0.0,0.0,0.0,0.0,0.0,0.0,0.0,1.0,0.0,0.0,0.0,0.0,0.0,0.0,0.0,0.0
3285,2004-08-03,SZSE:002091,0.0,0.0,0.0,0.0,0.0,0.0,0.0,0.0,0.0,0.0,0.0,0.0,0.0,0.0,0.0,0.0,0.0,0.0,0.0,0.0,0.0,0.0,0.0,0.0,0.0,0.0,0.0,0.0,1.0,0.0,0.0,0.0,0.0,0.0,0.0,0.0,0.0
3286,2004-08-04,SZSE:002091,0.0,0.0,0.0,0.0,0.0,0.0,0.0,0.0,0.0,0.0,0.0,0.0,0.0,0.0,0.0,0.0,0.0,0.0,0.0,0.0,0.0,0.0,0.0,0.0,0.0,0.0,0.0,0.0,1.0,0.0,0.0,0.0,0.0,0.0,0.0,0.0,0.0
3287,2004-08-05,SZSE:002091,0.0,0.0,0.0,0.0,0.0,0.0,0.0,0.0,0.0,0.0,0.0,0.0,0.0,0.0,0.0,0.0,0.0,0.0,0.0,0.0,0.0,0.0,0.0,0.0,0.0,0.0,0.0,0.0,1.0,0.0,0.0,0.0,0.0,0.0,0.0,0.0,0.0
3288,2004-08-06,SZSE:002091,0.0,0.0,0.0,0.0,0.0,0.0,0.0,0.0,0.0,0.0,0.0,0.0,0.0,0.0,0.0,0.0,0.0,0.0,0.0,0.0,0.0,0.0,0.0,0.0,0.0,0.0,0.0,0.0,1.0,0.0,0.0,0.0,0.0,0.0,0.0,0.0,0.0
3289,2004-08-09,SZSE:002091,0.0,0.0,0.0,0.0,0.0,0.0,0.0,0.0,0.0,0.0,0.0,0.0,0.0,0.0,0.0,0.0,0.0,0.0,0.0,0.0,0.0,0.0,0.0,0.0,0.0,0.0,0.0,0.0,1.0,0.0,0.0,0.0,0.0,0.0,0.0,0.0,0.0
3290,2004-08-10,SZSE:002091,0.0,0.0,0.0,0.0,0.0,0.0,0.0,0.0,0.0,0.0,0.0,0.0,0.0,0.0,0.0,0.0,0.0,0.0,0.0,0.0,0.0,0.0,0.0,0.0,0.0,0.0,0.0,0.0,1.0,0.0,0.0,0.0,0.0,0.0,0.0,0.0,0.0
3291,2004-08-11,SZSE:002091,0.0,0.0,0.0,0.0,0.0,0.0,0.0,0.0,0.0,0.0,0.0,0.0,0.0,0.0,0.0,0.0,0.0,0.0,0.0,0.0,0.0,0.0,0.0,0.0,0.0,0.0,0.0,0.0,1.0,0.0,0.0,0.0,0.0,0.0,0.0,0.0,0.0
3292,2004-08-12,SZSE:002091,0.0,0.0,0.0,0.0,0.0,0.0,0.0,0.0,0.0,0.0,0.0,0.0,0.0,0.0,0.0,0.0,0.0,0.0,0.0,0.0,0.0,0.0,0.0,0.0,0.0,0.0,0.0,0.0,1.0,0.0,0.0,0.0,0.0,0.0,0.0,0.0,0.0
3293,2004-08-13,SZSE:002091,0.0,0.0,0.0,0.0,0.0,0.0,0.0,0.0,0.0,0.0,0.0,0.0,0.0,0.0,0.0,0.0,0.0,0.0,0.0,0.0,0.0,0.0,0.0,0.0,0.0,0.0,0.0,0.0,1.0,0.0,0.0,0.0,0.0,0.0,0.0,0.0,0.0
3294,2004-08-16,SZSE:002091,0.0,0.0,0.0,0.0,0.0,0.0,0.0,0.0,0.0,0.0,0.0,0.0,0.0,0.0,0.0,0.0,0.0,0.0,0.0,0.0,0.0,0.0,0.0,0.0,0.0,0.0,0.0,0.0,1.0,0.0,0.0,0.0,0.0,0.0,0.0,0.0,0.0
3295,2004-08-17,SZSE:002091,0.0,0.0,0.0,0.0,0.0,0.0,0.0,0.0,0.0,0.0,0.0,0.0,0.0,0.0,0.0,0.0,0.0,0.0,0.0,0.0,0.0,0.0,0.0,0.0,0.0,0.0,0.0,0.0,1.0,0.0,0.0,0.0,0.0,0.0,0.0,0.0,0.0
3296,2004-08-18,SZSE:002091,0.0,0.0,0.0,0.0,0.0,0.0,0.0,0.0,0.0,0.0,0.0,0.0,0.0,0.0,0.0,0.0,0.0,0.0,0.0,0.0,0.0,0.0,0.0,0.0,0.0,0.0,0.0,0.0,1.0,0.0,0.0,0.0,0.0,0.0,0.0,0.0,0.0
3297,2004-08-19,SZSE:002091,0.0,0.0,0.0,0.0,0.0,0.0,0.0,0.0,0.0,0.0,0.0,0.0,0.0,0.0,0.0,0.0,0.0,0.0,0.0,0.0,0.0,0.0,0.0,0.0,0.0,0.0,0.0,0.0,1.0,0.0,0.0,0.0,0.0,0.0,0.0,0.0,0.0
3298,2004-08-20,SZSE:002091,0.0,0.0,0.0,0.0,0.0,0.0,0.0,0.0,0.0,0.0,0.0,0.0,0.0,0.0,0.0,0.0,0.0,0.0,0.0,0.0,0.0,0.0,0.0,0.0,0.0,0.0,0.0,0.0,1.0,0.0,0.0,0.0,0.0,0.0,0.0,0.0,0.0
3299,2004-08-23,SZSE:002091,0.0,0.0,0.0,0.0,0.0,0.0,0.0,0.0,0.0,0.0,0.0,0.0,0.0,0.0,0.0,0.0,0.0,0.0,0.0,0.0,0.0,0.0,0.0,0.0,0.0,0.0,0.0,0.0,1.0,0.0,0.0,0.0,0.0,0.0,0.0,0.0,0.0
3300,2004-08-24,SZSE:002091,0.0,0.0,0.0,0.0,0.0,0.0,0.0,0.0,0.0,0.0,0.0,0.0,0.0,0.0,0.0,0.0,0.0,0.0,0.0,0.0,0.0,0.0,0.0,0.0,0.0,0.0,0.0,0.0,1.0,0.0,0.0,0.0,0.0,0.0,0.0,0.0,0.0
3301,2004-08-25,SZSE:002091,0.0,0.0,0.0,0.0,0.0,0.0,0.0,0.0,0.0,0.0,0.0,0.0,0.0,0.0,0.0,0.0,0.0,0.0,0.0,0.0,0.0,0.0,0.0,0.0,0.0,0.0,0.0,0.0,1.0,0.0,0.0,0.0,0.0,0.0,0.0,0.0,0.0
3302,2004-08-26,SZSE:002091,0.0,0.0,0.0,0.0,0.0,0.0,0.0,0.0,0.0,0.0,0.0,0.0,0.0,0.0,0.0,0.0,0.0,0.0,0.0,0.0,0.0,0.0,0.0,0.0,0.0,0.0,0.0,0.0,1.0,0.0,0.0,0.0,0.0,0.0,0.0,0.0,0.0
3303,2004-08-27,SZSE:002091,0.0,0.0,0.0,0.0,0.0,0.0,0.0,0.0,0.0,0.0,0.0,0.0,0.0,0.0,0.0,0.0,0.0,0.0,0.0,0.0,0.0,0.0,0.0,0.0,0.0,0.0,0.0,0.0,1.0,0.0,0.0,0.0,0.0,0.0,0.0,0.0,0.0
3304,2004-08-30,SZSE:002091,0.0,0.0,0.0,0.0,0.0,0.0,0.0,0.0,0.0,0.0,0.0,0.0,0.0,0.0,0.0,0.0,0.0,0.0,0.0,0.0,0.0,0.0,0.0,0.0,0.0,0.0,0.0,0.0,1.0,0.0,0.0,0.0,0.0,0.0,0.0,0.0,0.0
3305,2004-08-31,SZSE:002091,0.0,0.0,0.0,0.0,0.0,0.0,0.0,0.0,0.0,0.0,0.0,0.0,0.0,0.0,0.0,0.0,0.0,0.0,0.0,0.0,0.0,0.0,0.0,0.0,0.0,0.0,0.0,0.0,1.0,0.0,0.0,0.0,0.0,0.0,0.0,0.0,0.0
3306,2004-09-01,SZSE:002091,0.0,0.0,0.0,0.0,0.0,0.0,0.0,0.0,0.0,0.0,0.0,0.0,0.0,0.0,0.0,0.0,0.0,0.0,0.0,0.0,0.0,0.0,0.0,0.0,0.0,0.0,0.0,0.0,1.0,0.0,0.0,0.0,0.0,0.0,0.0,0.0,0.0
3307,2004-09-02,SZSE:002091,0.0,0.0,0.0,0.0,0.0,0.0,0.0,0.0,0.0,0.0,0.0,0.0,0.0,0.0,0.0,0.0,0.0,0.0,0.0,0.0,0.0,0.0,0.0,0.0,0.0,0.0,0.0,0.0,1.0,0.0,0.0,0.0,0.0,0.0,0.0,0.0,0.0
3308,2004-09-03,SZSE:002091,0.0,0.0,0.0,0.0,0.0,0.0,0.0,0.0,0.0,0.0,0.0,0.0,0.0,0.0,0.0,0.0,0.0,0.0,0.0,0.0,0.0,0.0,0.0,0.0,0.0,0.0,0.0,0.0,1.0,0.0,0.0,0.0,0.0,0.0,0.0,0.0,0.0
3309,2004-09-06,SZSE:002091,0.0,0.0,0.0,0.0,0.0,0.0,0.0,0.0,0.0,0.0,0.0,0.0,0.0,0.0,0.0,0.0,0.0,0.0,0.0,0.0,0.0,0.0,0.0,0.0,0.0,0.0,0.0,0.0,1.0,0.0,0.0,0.0,0.0,0.0,0.0,0.0,0.0
3310,2004-09-07,SZSE:002091,0.0,0.0,0.0,0.0,0.0,0.0,0.0,0.0,0.0,0.0,0.0,0.0,0.0,0.0,0.0,0.0,0.0,0.0,0.0,0.0,0.0,0.0,0.0,0.0,0.0,0.0,0.0,0.0,1.0,0.0,0.0,0.0,0.0,0.0,0.0,0.0,0.0
3311,2004-09-08,SZSE:002091,0.0,0.0,0.0,0.0,0.0,0.0,0.0,0.0,0.0,0.0,0.0,0.0,0.0,0.0,0.0,0.0,0.0,0.0,0.0,0.0,0.0,0.0,0.0,0.0,0.0,0.0,0.0,0.0,1.0,0.0,0.0,0.0,0.0,0.0,0.0,0.0,0.0
3312,2004-09-09,SZSE:002091,0.0,0.0,0.0,0.0,0.0,0.0,0.0,0.0,0.0,0.0,0.0,0.0,0.0,0.0,0.0,0.0,0.0,0.0,0.0,0.0,0.0,0.0,0.0,0.0,0.0,0.0,0.0,0.0,1.0,0.0,0.0,0.0,0.0,0.0,0.0,0.0,0.0
3313,2004-09-10,SZSE:002091,0.0,0.0,0.0,0.0,0.0,0.0,0.0,0.0,0.0,0.0,0.0,0.0,0.0,0.0,0.0,0.0,0.0,0.0,0.0,0.0,0.0,0.0,0.0,0.0,0.0,0.0,0.0,0.0,1.0,0.0,0.0,0.0,0.0,0.0,0.0,0.0,0.0
3314,2004-09-13,SZSE:002091,0.0,0.0,0.0,0.0,0.0,0.0,0.0,0.0,0.0,0.0,0.0,0.0,0.0,0.0,0.0,0.0,0.0,0.0,0.0,0.0,0.0,0.0,0.0,0.0,0.0,0.0,0.0,0.0,1.0,0.0,0.0,0.0,0.0,0.0,0.0,0.0,0.0
3315,2004-09-14,SZSE:002091,0.0,0.0,0.0,0.0,0.0,0.0,0.0,0.0,0.0,0.0,0.0,0.0,0.0,0.0,0.0,0.0,0.0,0.0,0.0,0.0,0.0,0.0,0.0,0.0,0.0,0.0,0.0,0.0,1.0,0.0,0.0,0.0,0.0,0.0,0.0,0.0,0.0
3316,2004-09-15,SZSE:002091,0.0,0.0,0.0,0.0,0.0,0.0,0.0,0.0,0.0,0.0,0.0,0.0,0.0,0.0,0.0,0.0,0.0,0.0,0.0,0.0,0.0,0.0,0.0,0.0,0.0,0.0,0.0,0.0,1.0,0.0,0.0,0.0,0.0,0.0,0.0,0.0,0.0
3317,2004-09-16,SZSE:002091,0.0,0.0,0.0,0.0,0.0,0.0,0.0,0.0,0.0,0.0,0.0,0.0,0.0,0.0,0.0,0.0,0.0,0.0,0.0,0.0,0.0,0.0,0.0,0.0,0.0,0.0,0.0,0.0,1.0,0.0,0.0,0.0,0.0,0.0,0.0,0.0,0.0
3318,2004-09-17,SZSE:002091,0.0,0.0,0.0,0.0,0.0,0.0,0.0,0.0,0.0,0.0,0.0,0.0,0.0,0.0,0.0,0.0,0.0,0.0,0.0,0.0,0.0,0.0,0.0,0.0,0.0,0.0,0.0,0.0,1.0,0.0,0.0,0.0,0.0,0.0,0.0,0.0,0.0
3319,2004-09-20,SZSE:002091,0.0,0.0,0.0,0.0,0.0,0.0,0.0,0.0,0.0,0.0,0.0,0.0,0.0,0.0,0.0,0.0,0.0,0.0,0.0,0.0,0.0,0.0,0.0,0.0,0.0,0.0,0.0,0.0,1.0,0.0,0.0,0.0,0.0,0.0,0.0,0.0,0.0
3320,2004-09-21,SZSE:002091,0.0,0.0,0.0,0.0,0.0,0.0,0.0,0.0,0.0,0.0,0.0,0.0,0.0,0.0,0.0,0.0,0.0,0.0,0.0,0.0,0.0,0.0,0.0,0.0,0.0,0.0,0.0,0.0,1.0,0.0,0.0,0.0,0.0,0.0,0.0,0.0,0.0
3321,2004-09-22,SZSE:002091,0.0,0.0,0.0,0.0,0.0,0.0,0.0,0.0,0.0,0.0,0.0,0.0,0.0,0.0,0.0,0.0,0.0,0.0,0.0,0.0,0.0,0.0,0.0,0.0,0.0,0.0,0.0,0.0,1.0,0.0,0.0,0.0,0.0,0.0,0.0,0.0,0.0
3322,2004-09-23,SZSE:002091,0.0,0.0,0.0,0.0,0.0,0.0,0.0,0.0,0.0,0.0,0.0,0.0,0.0,0.0,0.0,0.0,0.0,0.0,0.0,0.0,0.0,0.0,0.0,0.0,0.0,0.0,0.0,0.0,1.0,0.0,0.0,0.0,0.0,0.0,0.0,0.0,0.0
3323,2004-09-24,SZSE:002091,0.0,0.0,0.0,0.0,0.0,0.0,0.0,0.0,0.0,0.0,0.0,0.0,0.0,0.0,0.0,0.0,0.0,0.0,0.0,0.0,0.0,0.0,0.0,0.0,0.0,0.0,0.0,0.0,1.0,0.0,0.0,0.0,0.0,0.0,0.0,0.0,0.0
3324,2004-09-27,SZSE:002091,0.0,0.0,0.0,0.0,0.0,0.0,0.0,0.0,0.0,0.0,0.0,0.0,0.0,0.0,0.0,0.0,0.0,0.0,0.0,0.0,0.0,0.0,0.0,0.0,0.0,0.0,0.0,0.0,1.0,0.0,0.0,0.0,0.0,0.0,0.0,0.0,0.0
3325,2004-09-28,SZSE:002091,0.0,0.0,0.0,0.0,0.0,0.0,0.0,0.0,0.0,0.0,0.0,0.0,0.0,0.0,0.0,0.0,0.0,0.0,0.0,0.0,0.0,0.0,0.0,0.0,0.0,0.0,0.0,0.0,1.0,0.0,0.0,0.0,0.0,0.0,0.0,0.0,0.0
3326,2004-09-29,SZSE:002091,0.0,0.0,0.0,0.0,0.0,0.0,0.0,0.0,0.0,0.0,0.0,0.0,0.0,0.0,0.0,0.0,0.0,0.0,0.0,0.0,0.0,0.0,0.0,0.0,0.0,0.0,0.0,0.0,1.0,0.0,0.0,0.0,0.0,0.0,0.0,0.0,0.0
3327,2004-09-30,SZSE:002091,0.0,0.0,0.0,0.0,0.0,0.0,0.0,0.0,0.0,0.0,0.0,0.0,0.0,0.0,0.0,0.0,0.0,0.0,0.0,0.0,0.0,0.0,0.0,0.0,0.0,0.0,0.0,0.0,1.0,0.0,0.0,0.0,0.0,0.0,0.0,0.0,0.0
3328,2004-10-01,SZSE:002091,0.0,0.0,0.0,0.0,0.0,0.0,0.0,0.0,0.0,0.0,0.0,0.0,0.0,0.0,0.0,0.0,0.0,0.0,0.0,0.0,0.0,0.0,0.0,0.0,0.0,0.0,0.0,0.0,1.0,0.0,0.0,0.0,0.0,0.0,0.0,0.0,0.0
3329,2004-10-04,SZSE:002091,0.0,0.0,0.0,0.0,0.0,0.0,0.0,0.0,0.0,0.0,0.0,0.0,0.0,0.0,0.0,0.0,0.0,0.0,0.0,0.0,0.0,0.0,0.0,0.0,0.0,0.0,0.0,0.0,1.0,0.0,0.0,0.0,0.0,0.0,0.0,0.0,0.0
3330,2004-10-05,SZSE:002091,0.0,0.0,0.0,0.0,0.0,0.0,0.0,0.0,0.0,0.0,0.0,0.0,0.0,0.0,0.0,0.0,0.0,0.0,0.0,0.0,0.0,0.0,0.0,0.0,0.0,0.0,0.0,0.0,1.0,0.0,0.0,0.0,0.0,0.0,0.0,0.0,0.0
3331,2004-10-06,SZSE:002091,0.0,0.0,0.0,0.0,0.0,0.0,0.0,0.0,0.0,0.0,0.0,0.0,0.0,0.0,0.0,0.0,0.0,0.0,0.0,0.0,0.0,0.0,0.0,0.0,0.0,0.0,0.0,0.0,1.0,0.0,0.0,0.0,0.0,0.0,0.0,0.0,0.0
3332,2004-10-07,SZSE:002091,0.0,0.0,0.0,0.0,0.0,0.0,0.0,0.0,0.0,0.0,0.0,0.0,0.0,0.0,0.0,0.0,0.0,0.0,0.0,0.0,0.0,0.0,0.0,0.0,0.0,0.0,0.0,0.0,1.0,0.0,0.0,0.0,0.0,0.0,0.0,0.0,0.0
3333,2004-10-08,SZSE:002091,0.0,0.0,0.0,0.0,0.0,0.0,0.0,0.0,0.0,0.0,0.0,0.0,0.0,0.0,0.0,0.0,0.0,0.0,0.0,0.0,0.0,0.0,0.0,0.0,0.0,0.0,0.0,0.0,1.0,0.0,0.0,0.0,0.0,0.0,0.0,0.0,0.0
3334,2004-10-11,SZSE:002091,0.0,0.0,0.0,0.0,0.0,0.0,0.0,0.0,0.0,0.0,0.0,0.0,0.0,0.0,0.0,0.0,0.0,0.0,0.0,0.0,0.0,0.0,0.0,0.0,0.0,0.0,0.0,0.0,1.0,0.0,0.0,0.0,0.0,0.0,0.0,0.0,0.0
3335,2004-10-12,SZSE:002091,0.0,0.0,0.0,0.0,0.0,0.0,0.0,0.0,0.0,0.0,0.0,0.0,0.0,0.0,0.0,0.0,0.0,0.0,0.0,0.0,0.0,0.0,0.0,0.0,0.0,0.0,0.0,0.0,1.0,0.0,0.0,0.0,0.0,0.0,0.0,0.0,0.0
3336,2004-10-13,SZSE:002091,0.0,0.0,0.0,0.0,0.0,0.0,0.0,0.0,0.0,0.0,0.0,0.0,0.0,0.0,0.0,0.0,0.0,0.0,0.0,0.0,0.0,0.0,0.0,0.0,0.0,0.0,0.0,0.0,1.0,0.0,0.0,0.0,0.0,0.0,0.0,0.0,0.0
3337,2004-10-14,SZSE:002091,0.0,0.0,0.0,0.0,0.0,0.0,0.0,0.0,0.0,0.0,0.0,0.0,0.0,0.0,0.0,0.0,0.0,0.0,0.0,0.0,0.0,0.0,0.0,0.0,0.0,0.0,0.0,0.0,1.0,0.0,0.0,0.0,0.0,0.0,0.0,0.0,0.0
3338,2004-10-15,SZSE:002091,0.0,0.0,0.0,0.0,0.0,0.0,0.0,0.0,0.0,0.0,0.0,0.0,0.0,0.0,0.0,0.0,0.0,0.0,0.0,0.0,0.0,0.0,0.0,0.0,0.0,0.0,0.0,0.0,1.0,0.0,0.0,0.0,0.0,0.0,0.0,0.0,0.0
3339,2004-10-18,SZSE:002091,0.0,0.0,0.0,0.0,0.0,0.0,0.0,0.0,0.0,0.0,0.0,0.0,0.0,0.0,0.0,0.0,0.0,0.0,0.0,0.0,0.0,0.0,0.0,0.0,0.0,0.0,0.0,0.0,1.0,0.0,0.0,0.0,0.0,0.0,0.0,0.0,0.0
3340,2004-10-19,SZSE:002091,0.0,0.0,0.0,0.0,0.0,0.0,0.0,0.0,0.0,0.0,0.0,0.0,0.0,0.0,0.0,0.0,0.0,0.0,0.0,0.0,0.0,0.0,0.0,0.0,0.0,0.0,0.0,0.0,1.0,0.0,0.0,0.0,0.0,0.0,0.0,0.0,0.0
3341,2004-10-20,SZSE:002091,0.0,0.0,0.0,0.0,0.0,0.0,0.0,0.0,0.0,0.0,0.0,0.0,0.0,0.0,0.0,0.0,0.0,0.0,0.0,0.0,0.0,0.0,0.0,0.0,0.0,0.0,0.0,0.0,1.0,0.0,0.0,0.0,0.0,0.0,0.0,0.0,0.0
3342,2004-10-21,SZSE:002091,0.0,0.0,0.0,0.0,0.0,0.0,0.0,0.0,0.0,0.0,0.0,0.0,0.0,0.0,0.0,0.0,0.0,0.0,0.0,0.0,0.0,0.0,0.0,0.0,0.0,0.0,0.0,0.0,1.0,0.0,0.0,0.0,0.0,0.0,0.0,0.0,0.0
3343,2004-10-22,SZSE:002091,0.0,0.0,0.0,0.0,0.0,0.0,0.0,0.0,0.0,0.0,0.0,0.0,0.0,0.0,0.0,0.0,0.0,0.0,0.0,0.0,0.0,0.0,0.0,0.0,0.0,0.0,0.0,0.0,1.0,0.0,0.0,0.0,0.0,0.0,0.0,0.0,0.0
3344,2004-10-25,SZSE:002091,0.0,0.0,0.0,0.0,0.0,0.0,0.0,0.0,0.0,0.0,0.0,0.0,0.0,0.0,0.0,0.0,0.0,0.0,0.0,0.0,0.0,0.0,0.0,0.0,0.0,0.0,0.0,0.0,1.0,0.0,0.0,0.0,0.0,0.0,0.0,0.0,0.0
3345,2004-10-26,SZSE:002091,0.0,0.0,0.0,0.0,0.0,0.0,0.0,0.0,0.0,0.0,0.0,0.0,0.0,0.0,0.0,0.0,0.0,0.0,0.0,0.0,0.0,0.0,0.0,0.0,0.0,0.0,0.0,0.0,1.0,0.0,0.0,0.0,0.0,0.0,0.0,0.0,0.0
3346,2004-10-27,SZSE:002091,0.0,0.0,0.0,0.0,0.0,0.0,0.0,0.0,0.0,0.0,0.0,0.0,0.0,0.0,0.0,0.0,0.0,0.0,0.0,0.0,0.0,0.0,0.0,0.0,0.0,0.0,0.0,0.0,1.0,0.0,0.0,0.0,0.0,0.0,0.0,0.0,0.0
3347,2004-10-28,SZSE:002091,0.0,0.0,0.0,0.0,0.0,0.0,0.0,0.0,0.0,0.0,0.0,0.0,0.0,0.0,0.0,0.0,0.0,0.0,0.0,0.0,0.0,0.0,0.0,0.0,0.0,0.0,0.0,0.0,1.0,0.0,0.0,0.0,0.0,0.0,0.0,0.0,0.0
3348,2004-10-29,SZSE:002091,0.0,0.0,0.0,0.0,0.0,0.0,0.0,0.0,0.0,0.0,0.0,0.0,0.0,0.0,0.0,0.0,0.0,0.0,0.0,0.0,0.0,0.0,0.0,0.0,0.0,0.0,0.0,0.0,1.0,0.0,0.0,0.0,0.0,0.0,0.0,0.0,0.0
3349,2004-11-01,SZSE:002091,0.0,0.0,0.0,0.0,0.0,0.0,0.0,0.0,0.0,0.0,0.0,0.0,0.0,0.0,0.0,0.0,0.0,0.0,0.0,0.0,0.0,0.0,0.0,0.0,0.0,0.0,0.0,0.0,1.0,0.0,0.0,0.0,0.0,0.0,0.0,0.0,0.0
3350,2004-11-02,SZSE:002091,0.0,0.0,0.0,0.0,0.0,0.0,0.0,0.0,0.0,0.0,0.0,0.0,0.0,0.0,0.0,0.0,0.0,0.0,0.0,0.0,0.0,0.0,0.0,0.0,0.0,0.0,0.0,0.0,1.0,0.0,0.0,0.0,0.0,0.0,0.0,0.0,0.0
3351,2004-11-03,SZSE:002091,0.0,0.0,0.0,0.0,0.0,0.0,0.0,0.0,0.0,0.0,0.0,0.0,0.0,0.0,0.0,0.0,0.0,0.0,0.0,0.0,0.0,0.0,0.0,0.0,0.0,0.0,0.0,0.0,1.0,0.0,0.0,0.0,0.0,0.0,0.0,0.0,0.0
3352,2004-11-04,SZSE:002091,0.0,0.0,0.0,0.0,0.0,0.0,0.0,0.0,0.0,0.0,0.0,0.0,0.0,0.0,0.0,0.0,0.0,0.0,0.0,0.0,0.0,0.0,0.0,0.0,0.0,0.0,0.0,0.0,1.0,0.0,0.0,0.0,0.0,0.0,0.0,0.0,0.0
3353,2004-11-05,SZSE:002091,0.0,0.0,0.0,0.0,0.0,0.0,0.0,0.0,0.0,0.0,0.0,0.0,0.0,0.0,0.0,0.0,0.0,0.0,0.0,0.0,0.0,0.0,0.0,0.0,0.0,0.0,0.0,0.0,1.0,0.0,0.0,0.0,0.0,0.0,0.0,0.0,0.0
3354,2004-11-08,SZSE:002091,0.0,0.0,0.0,0.0,0.0,0.0,0.0,0.0,0.0,0.0,0.0,0.0,0.0,0.0,0.0,0.0,0.0,0.0,0.0,0.0,0.0,0.0,0.0,0.0,0.0,0.0,0.0,0.0,1.0,0.0,0.0,0.0,0.0,0.0,0.0,0.0,0.0
3355,2004-11-09,SZSE:002091,0.0,0.0,0.0,0.0,0.0,0.0,0.0,0.0,0.0,0.0,0.0,0.0,0.0,0.0,0.0,0.0,0.0,0.0,0.0,0.0,0.0,0.0,0.0,0.0,0.0,0.0,0.0,0.0,1.0,0.0,0.0,0.0,0.0,0.0,0.0,0.0,0.0
3356,2004-11-10,SZSE:002091,0.0,0.0,0.0,0.0,0.0,0.0,0.0,0.0,0.0,0.0,0.0,0.0,0.0,0.0,0.0,0.0,0.0,0.0,0.0,0.0,0.0,0.0,0.0,0.0,0.0,0.0,0.0,0.0,1.0,0.0,0.0,0.0,0.0,0.0,0.0,0.0,0.0
3357,2004-11-11,SZSE:002091,0.0,0.0,0.0,0.0,0.0,0.0,0.0,0.0,0.0,0.0,0.0,0.0,0.0,0.0,0.0,0.0,0.0,0.0,0.0,0.0,0.0,0.0,0.0,0.0,0.0,0.0,0.0,0.0,1.0,0.0,0.0,0.0,0.0,0.0,0.0,0.0,0.0
3358,2004-11-12,SZSE:002091,0.0,0.0,0.0,0.0,0.0,0.0,0.0,0.0,0.0,0.0,0.0,0.0,0.0,0.0,0.0,0.0,0.0,0.0,0.0,0.0,0.0,0.0,0.0,0.0,0.0,0.0,0.0,0.0,1.0,0.0,0.0,0.0,0.0,0.0,0.0,0.0,0.0
3359,2004-11-15,SZSE:002091,0.0,0.0,0.0,0.0,0.0,0.0,0.0,0.0,0.0,0.0,0.0,0.0,0.0,0.0,0.0,0.0,0.0,0.0,0.0,0.0,0.0,0.0,0.0,0.0,0.0,0.0,0.0,0.0,1.0,0.0,0.0,0.0,0.0,0.0,0.0,0.0,0.0
3360,2004-11-16,SZSE:002091,0.0,0.0,0.0,0.0,0.0,0.0,0.0,0.0,0.0,0.0,0.0,0.0,0.0,0.0,0.0,0.0,0.0,0.0,0.0,0.0,0.0,0.0,0.0,0.0,0.0,0.0,0.0,0.0,1.0,0.0,0.0,0.0,0.0,0.0,0.0,0.0,0.0
3361,2004-11-17,SZSE:002091,0.0,0.0,0.0,0.0,0.0,0.0,0.0,0.0,0.0,0.0,0.0,0.0,0.0,0.0,0.0,0.0,0.0,0.0,0.0,0.0,0.0,0.0,0.0,0.0,0.0,0.0,0.0,0.0,1.0,0.0,0.0,0.0,0.0,0.0,0.0,0.0,0.0
3362,2004-11-18,SZSE:002091,0.0,0.0,0.0,0.0,0.0,0.0,0.0,0.0,0.0,0.0,0.0,0.0,0.0,0.0,0.0,0.0,0.0,0.0,0.0,0.0,0.0,0.0,0.0,0.0,0.0,0.0,0.0,0.0,1.0,0.0,0.0,0.0,0.0,0.0,0.0,0.0,0.0
3363,2004-11-19,SZSE:002091,0.0,0.0,0.0,0.0,0.0,0.0,0.0,0.0,0.0,0.0,0.0,0.0,0.0,0.0,0.0,0.0,0.0,0.0,0.0,0.0,0.0,0.0,0.0,0.0,0.0,0.0,0.0,0.0,1.0,0.0,0.0,0.0,0.0,0.0,0.0,0.0,0.0
3364,2004-11-22,SZSE:002091,0.0,0.0,0.0,0.0,0.0,0.0,0.0,0.0,0.0,0.0,0.0,0.0,0.0,0.0,0.0,0.0,0.0,0.0,0.0,0.0,0.0,0.0,0.0,0.0,0.0,0.0,0.0,0.0,1.0,0.0,0.0,0.0,0.0,0.0,0.0,0.0,0.0
3365,2004-11-23,SZSE:002091,0.0,0.0,0.0,0.0,0.0,0.0,0.0,0.0,0.0,0.0,0.0,0.0,0.0,0.0,0.0,0.0,0.0,0.0,0.0,0.0,0.0,0.0,0.0,0.0,0.0,0.0,0.0,0.0,1.0,0.0,0.0,0.0,0.0,0.0,0.0,0.0,0.0
3366,2004-11-24,SZSE:002091,0.0,0.0,0.0,0.0,0.0,0.0,0.0,0.0,0.0,0.0,0.0,0.0,0.0,0.0,0.0,0.0,0.0,0.0,0.0,0.0,0.0,0.0,0.0,0.0,0.0,0.0,0.0,0.0,1.0,0.0,0.0,0.0,0.0,0.0,0.0,0.0,0.0
3367,2004-11-25,SZSE:002091,0.0,0.0,0.0,0.0,0.0,0.0,0.0,0.0,0.0,0.0,0.0,0.0,0.0,0.0,0.0,0.0,0.0,0.0,0.0,0.0,0.0,0.0,0.0,0.0,0.0,0.0,0.0,0.0,1.0,0.0,0.0,0.0,0.0,0.0,0.0,0.0,0.0
3368,2004-11-26,SZSE:002091,0.0,0.0,0.0,0.0,0.0,0.0,0.0,0.0,0.0,0.0,0.0,0.0,0.0,0.0,0.0,0.0,0.0,0.0,0.0,0.0,0.0,0.0,0.0,0.0,0.0,0.0,0.0,0.0,1.0,0.0,0.0,0.0,0.0,0.0,0.0,0.0,0.0
3369,2004-11-29,SZSE:002091,0.0,0.0,0.0,0.0,0.0,0.0,0.0,0.0,0.0,0.0,0.0,0.0,0.0,0.0,0.0,0.0,0.0,0.0,0.0,0.0,0.0,0.0,0.0,0.0,0.0,0.0,0.0,0.0,1.0,0.0,0.0,0.0,0.0,0.0,0.0,0.0,0.0
3370,2004-11-30,SZSE:002091,0.0,0.0,0.0,0.0,0.0,0.0,0.0,0.0,0.0,0.0,0.0,0.0,0.0,0.0,0.0,0.0,0.0,0.0,0.0,0.0,0.0,0.0,0.0,0.0,0.0,0.0,0.0,0.0,1.0,0.0,0.0,0.0,0.0,0.0,0.0,0.0,0.0
3371,2004-12-01,SZSE:002091,0.0,0.0,0.0,0.0,0.0,0.0,0.0,0.0,0.0,0.0,0.0,0.0,0.0,0.0,0.0,0.0,0.0,0.0,0.0,0.0,0.0,0.0,0.0,0.0,0.0,0.0,0.0,0.0,1.0,0.0,0.0,0.0,0.0,0.0,0.0,0.0,0.0
3372,2004-12-02,SZSE:002091,0.0,0.0,0.0,0.0,0.0,0.0,0.0,0.0,0.0,0.0,0.0,0.0,0.0,0.0,0.0,0.0,0.0,0.0,0.0,0.0,0.0,0.0,0.0,0.0,0.0,0.0,0.0,0.0,1.0,0.0,0.0,0.0,0.0,0.0,0.0,0.0,0.0
3373,2004-12-03,SZSE:002091,0.0,0.0,0.0,0.0,0.0,0.0,0.0,0.0,0.0,0.0,0.0,0.0,0.0,0.0,0.0,0.0,0.0,0.0,0.0,0.0,0.0,0.0,0.0,0.0,0.0,0.0,0.0,0.0,1.0,0.0,0.0,0.0,0.0,0.0,0.0,0.0,0.0
3374,2004-12-06,SZSE:002091,0.0,0.0,0.0,0.0,0.0,0.0,0.0,0.0,0.0,0.0,0.0,0.0,0.0,0.0,0.0,0.0,0.0,0.0,0.0,0.0,0.0,0.0,0.0,0.0,0.0,0.0,0.0,0.0,1.0,0.0,0.0,0.0,0.0,0.0,0.0,0.0,0.0
3375,2004-12-07,SZSE:002091,0.0,0.0,0.0,0.0,0.0,0.0,0.0,0.0,0.0,0.0,0.0,0.0,0.0,0.0,0.0,0.0,0.0,0.0,0.0,0.0,0.0,0.0,0.0,0.0,0.0,0.0,0.0,0.0,1.0,0.0,0.0,0.0,0.0,0.0,0.0,0.0,0.0
3376,2004-12-08,SZSE:002091,0.0,0.0,0.0,0.0,0.0,0.0,0.0,0.0,0.0,0.0,0.0,0.0,0.0,0.0,0.0,0.0,0.0,0.0,0.0,0.0,0.0,0.0,0.0,0.0,0.0,0.0,0.0,0.0,1.0,0.0,0.0,0.0,0.0,0.0,0.0,0.0,0.0
3377,2004-12-09,SZSE:002091,0.0,0.0,0.0,0.0,0.0,0.0,0.0,0.0,0.0,0.0,0.0,0.0,0.0,0.0,0.0,0.0,0.0,0.0,0.0,0.0,0.0,0.0,0.0,0.0,0.0,0.0,0.0,0.0,1.0,0.0,0.0,0.0,0.0,0.0,0.0,0.0,0.0
3378,2004-12-10,SZSE:002091,0.0,0.0,0.0,0.0,0.0,0.0,0.0,0.0,0.0,0.0,0.0,0.0,0.0,0.0,0.0,0.0,0.0,0.0,0.0,0.0,0.0,0.0,0.0,0.0,0.0,0.0,0.0,0.0,1.0,0.0,0.0,0.0,0.0,0.0,0.0,0.0,0.0
3379,2004-12-13,SZSE:002091,0.0,0.0,0.0,0.0,0.0,0.0,0.0,0.0,0.0,0.0,0.0,0.0,0.0,0.0,0.0,0.0,0.0,0.0,0.0,0.0,0.0,0.0,0.0,0.0,0.0,0.0,0.0,0.0,1.0,0.0,0.0,0.0,0.0,0.0,0.0,0.0,0.0
3380,2004-12-14,SZSE:002091,0.0,0.0,0.0,0.0,0.0,0.0,0.0,0.0,0.0,0.0,0.0,0.0,0.0,0.0,0.0,0.0,0.0,0.0,0.0,0.0,0.0,0.0,0.0,0.0,0.0,0.0,0.0,0.0,1.0,0.0,0.0,0.0,0.0,0.0,0.0,0.0,0.0
3381,2004-12-15,SZSE:002091,0.0,0.0,0.0,0.0,0.0,0.0,0.0,0.0,0.0,0.0,0.0,0.0,0.0,0.0,0.0,0.0,0.0,0.0,0.0,0.0,0.0,0.0,0.0,0.0,0.0,0.0,0.0,0.0,1.0,0.0,0.0,0.0,0.0,0.0,0.0,0.0,0.0
3382,2004-12-16,SZSE:002091,0.0,0.0,0.0,0.0,0.0,0.0,0.0,0.0,0.0,0.0,0.0,0.0,0.0,0.0,0.0,0.0,0.0,0.0,0.0,0.0,0.0,0.0,0.0,0.0,0.0,0.0,0.0,0.0,1.0,0.0,0.0,0.0,0.0,0.0,0.0,0.0,0.0
3383,2004-12-17,SZSE:002091,0.0,0.0,0.0,0.0,0.0,0.0,0.0,0.0,0.0,0.0,0.0,0.0,0.0,0.0,0.0,0.0,0.0,0.0,0.0,0.0,0.0,0.0,0.0,0.0,0.0,0.0,0.0,0.0,1.0,0.0,0.0,0.0,0.0,0.0,0.0,0.0,0.0
3384,2004-12-20,SZSE:002091,0.0,0.0,0.0,0.0,0.0,0.0,0.0,0.0,0.0,0.0,0.0,0.0,0.0,0.0,0.0,0.0,0.0,0.0,0.0,0.0,0.0,0.0,0.0,0.0,0.0,0.0,0.0,0.0,1.0,0.0,0.0,0.0,0.0,0.0,0.0,0.0,0.0
3385,2004-12-21,SZSE:002091,0.0,0.0,0.0,0.0,0.0,0.0,0.0,0.0,0.0,0.0,0.0,0.0,0.0,0.0,0.0,0.0,0.0,0.0,0.0,0.0,0.0,0.0,0.0,0.0,0.0,0.0,0.0,0.0,1.0,0.0,0.0,0.0,0.0,0.0,0.0,0.0,0.0
3386,2004-12-22,SZSE:002091,0.0,0.0,0.0,0.0,0.0,0.0,0.0,0.0,0.0,0.0,0.0,0.0,0.0,0.0,0.0,0.0,0.0,0.0,0.0,0.0,0.0,0.0,0.0,0.0,0.0,0.0,0.0,0.0,1.0,0.0,0.0,0.0,0.0,0.0,0.0,0.0,0.0
3387,2004-12-23,SZSE:002091,0.0,0.0,0.0,0.0,0.0,0.0,0.0,0.0,0.0,0.0,0.0,0.0,0.0,0.0,0.0,0.0,0.0,0.0,0.0,0.0,0.0,0.0,0.0,0.0,0.0,0.0,0.0,0.0,1.0,0.0,0.0,0.0,0.0,0.0,0.0,0.0,0.0
3388,2004-12-24,SZSE:002091,0.0,0.0,0.0,0.0,0.0,0.0,0.0,0.0,0.0,0.0,0.0,0.0,0.0,0.0,0.0,0.0,0.0,0.0,0.0,0.0,0.0,0.0,0.0,0.0,0.0,0.0,0.0,0.0,1.0,0.0,0.0,0.0,0.0,0.0,0.0,0.0,0.0
3389,2004-12-27,SZSE:002091,0.0,0.0,0.0,0.0,0.0,0.0,0.0,0.0,0.0,0.0,0.0,0.0,0.0,0.0,0.0,0.0,0.0,0.0,0.0,0.0,0.0,0.0,0.0,0.0,0.0,0.0,0.0,0.0,1.0,0.0,0.0,0.0,0.0,0.0,0.0,0.0,0.0
3390,2004-12-28,SZSE:002091,0.0,0.0,0.0,0.0,0.0,0.0,0.0,0.0,0.0,0.0,0.0,0.0,0.0,0.0,0.0,0.0,0.0,0.0,0.0,0.0,0.0,0.0,0.0,0.0,0.0,0.0,0.0,0.0,1.0,0.0,0.0,0.0,0.0,0.0,0.0,0.0,0.0
3391,2004-12-29,SZSE:002091,0.0,0.0,0.0,0.0,0.0,0.0,0.0,0.0,0.0,0.0,0.0,0.0,0.0,0.0,0.0,0.0,0.0,0.0,0.0,0.0,0.0,0.0,0.0,0.0,0.0,0.0,0.0,0.0,1.0,0.0,0.0,0.0,0.0,0.0,0.0,0.0,0.0
3392,2004-12-30,SZSE:002091,0.0,0.0,0.0,0.0,0.0,0.0,0.0,0.0,0.0,0.0,0.0,0.0,0.0,0.0,0.0,0.0,0.0,0.0,0.0,0.0,0.0,0.0,0.0,0.0,0.0,0.0,0.0,0.0,1.0,0.0,0.0,0.0,0.0,0.0,0.0,0.0,0.0
3393,2004-12-31,SZSE:002091,0.0,0.0,0.0,0.0,0.0,0.0,0.0,0.0,0.0,0.0,0.0,0.0,0.0,0.0,0.0,0.0,0.0,0.0,0.0,0.0,0.0,0.0,0.0,0.0,0.0,0.0,0.0,0.0,1.0,0.0,0.0,0.0,0.0,0.0,0.0,0.0,0.0
3394,2005-01-03,SZSE:002091,0.0,0.0,0.0,0.0,0.0,0.0,0.0,0.0,0.0,0.0,0.0,0.0,0.0,0.0,0.0,0.0,0.0,0.0,0.0,0.0,0.0,0.0,0.0,0.0,0.0,0.0,0.0,0.0,1.0,0.0,0.0,0.0,0.0,0.0,0.0,0.0,0.0
3395,2005-01-04,SZSE:002091,0.0,0.0,0.0,0.0,0.0,0.0,0.0,0.0,0.0,0.0,0.0,0.0,0.0,0.0,0.0,0.0,0.0,0.0,0.0,0.0,0.0,0.0,0.0,0.0,0.0,0.0,0.0,0.0,1.0,0.0,0.0,0.0,0.0,0.0,0.0,0.0,0.0
3396,2005-01-05,SZSE:002091,0.0,0.0,0.0,0.0,0.0,0.0,0.0,0.0,0.0,0.0,0.0,0.0,0.0,0.0,0.0,0.0,0.0,0.0,0.0,0.0,0.0,0.0,0.0,0.0,0.0,0.0,0.0,0.0,1.0,0.0,0.0,0.0,0.0,0.0,0.0,0.0,0.0
3397,2005-01-06,SZSE:002091,0.0,0.0,0.0,0.0,0.0,0.0,0.0,0.0,0.0,0.0,0.0,0.0,0.0,0.0,0.0,0.0,0.0,0.0,0.0,0.0,0.0,0.0,0.0,0.0,0.0,0.0,0.0,0.0,1.0,0.0,0.0,0.0,0.0,0.0,0.0,0.0,0.0
3398,2005-01-07,SZSE:002091,0.0,0.0,0.0,0.0,0.0,0.0,0.0,0.0,0.0,0.0,0.0,0.0,0.0,0.0,0.0,0.0,0.0,0.0,0.0,0.0,0.0,0.0,0.0,0.0,0.0,0.0,0.0,0.0,1.0,0.0,0.0,0.0,0.0,0.0,0.0,0.0,0.0
3399,2005-01-10,SZSE:002091,0.0,0.0,0.0,0.0,0.0,0.0,0.0,0.0,0.0,0.0,0.0,0.0,0.0,0.0,0.0,0.0,0.0,0.0,0.0,0.0,0.0,0.0,0.0,0.0,0.0,0.0,0.0,0.0,1.0,0.0,0.0,0.0,0.0,0.0,0.0,0.0,0.0
3400,2005-01-11,SZSE:002091,0.0,0.0,0.0,0.0,0.0,0.0,0.0,0.0,0.0,0.0,0.0,0.0,0.0,0.0,0.0,0.0,0.0,0.0,0.0,0.0,0.0,0.0,0.0,0.0,0.0,0.0,0.0,0.0,1.0,0.0,0.0,0.0,0.0,0.0,0.0,0.0,0.0
3401,2005-01-12,SZSE:002091,0.0,0.0,0.0,0.0,0.0,0.0,0.0,0.0,0.0,0.0,0.0,0.0,0.0,0.0,0.0,0.0,0.0,0.0,0.0,0.0,0.0,0.0,0.0,0.0,0.0,0.0,0.0,0.0,1.0,0.0,0.0,0.0,0.0,0.0,0.0,0.0,0.0
3402,2005-01-13,SZSE:002091,0.0,0.0,0.0,0.0,0.0,0.0,0.0,0.0,0.0,0.0,0.0,0.0,0.0,0.0,0.0,0.0,0.0,0.0,0.0,0.0,0.0,0.0,0.0,0.0,0.0,0.0,0.0,0.0,1.0,0.0,0.0,0.0,0.0,0.0,0.0,0.0,0.0
3403,2005-01-14,SZSE:002091,0.0,0.0,0.0,0.0,0.0,0.0,0.0,0.0,0.0,0.0,0.0,0.0,0.0,0.0,0.0,0.0,0.0,0.0,0.0,0.0,0.0,0.0,0.0,0.0,0.0,0.0,0.0,0.0,1.0,0.0,0.0,0.0,0.0,0.0,0.0,0.0,0.0
3404,2005-01-17,SZSE:002091,0.0,0.0,0.0,0.0,0.0,0.0,0.0,0.0,0.0,0.0,0.0,0.0,0.0,0.0,0.0,0.0,0.0,0.0,0.0,0.0,0.0,0.0,0.0,0.0,0.0,0.0,0.0,0.0,1.0,0.0,0.0,0.0,0.0,0.0,0.0,0.0,0.0
3405,2005-01-18,SZSE:002091,0.0,0.0,0.0,0.0,0.0,0.0,0.0,0.0,0.0,0.0,0.0,0.0,0.0,0.0,0.0,0.0,0.0,0.0,0.0,0.0,0.0,0.0,0.0,0.0,0.0,0.0,0.0,0.0,1.0,0.0,0.0,0.0,0.0,0.0,0.0,0.0,0.0
3406,2005-01-19,SZSE:002091,0.0,0.0,0.0,0.0,0.0,0.0,0.0,0.0,0.0,0.0,0.0,0.0,0.0,0.0,0.0,0.0,0.0,0.0,0.0,0.0,0.0,0.0,0.0,0.0,0.0,0.0,0.0,0.0,1.0,0.0,0.0,0.0,0.0,0.0,0.0,0.0,0.0
3407,2005-01-20,SZSE:002091,0.0,0.0,0.0,0.0,0.0,0.0,0.0,0.0,0.0,0.0,0.0,0.0,0.0,0.0,0.0,0.0,0.0,0.0,0.0,0.0,0.0,0.0,0.0,0.0,0.0,0.0,0.0,0.0,1.0,0.0,0.0,0.0,0.0,0.0,0.0,0.0,0.0
3408,2005-01-21,SZSE:002091,0.0,0.0,0.0,0.0,0.0,0.0,0.0,0.0,0.0,0.0,0.0,0.0,0.0,0.0,0.0,0.0,0.0,0.0,0.0,0.0,0.0,0.0,0.0,0.0,0.0,0.0,0.0,0.0,1.0,0.0,0.0,0.0,0.0,0.0,0.0,0.0,0.0
3409,2005-01-24,SZSE:002091,0.0,0.0,0.0,0.0,0.0,0.0,0.0,0.0,0.0,0.0,0.0,0.0,0.0,0.0,0.0,0.0,0.0,0.0,0.0,0.0,0.0,0.0,0.0,0.0,0.0,0.0,0.0,0.0,1.0,0.0,0.0,0.0,0.0,0.0,0.0,0.0,0.0
3410,2005-01-25,SZSE:002091,0.0,0.0,0.0,0.0,0.0,0.0,0.0,0.0,0.0,0.0,0.0,0.0,0.0,0.0,0.0,0.0,0.0,0.0,0.0,0.0,0.0,0.0,0.0,0.0,0.0,0.0,0.0,0.0,1.0,0.0,0.0,0.0,0.0,0.0,0.0,0.0,0.0
3411,2005-01-26,SZSE:002091,0.0,0.0,0.0,0.0,0.0,0.0,0.0,0.0,0.0,0.0,0.0,0.0,0.0,0.0,0.0,0.0,0.0,0.0,0.0,0.0,0.0,0.0,0.0,0.0,0.0,0.0,0.0,0.0,1.0,0.0,0.0,0.0,0.0,0.0,0.0,0.0,0.0
3412,2005-01-27,SZSE:002091,0.0,0.0,0.0,0.0,0.0,0.0,0.0,0.0,0.0,0.0,0.0,0.0,0.0,0.0,0.0,0.0,0.0,0.0,0.0,0.0,0.0,0.0,0.0,0.0,0.0,0.0,0.0,0.0,1.0,0.0,0.0,0.0,0.0,0.0,0.0,0.0,0.0
3413,2005-01-28,SZSE:002091,0.0,0.0,0.0,0.0,0.0,0.0,0.0,0.0,0.0,0.0,0.0,0.0,0.0,0.0,0.0,0.0,0.0,0.0,0.0,0.0,0.0,0.0,0.0,0.0,0.0,0.0,0.0,0.0,1.0,0.0,0.0,0.0,0.0,0.0,0.0,0.0,0.0
3414,2005-01-31,SZSE:002091,0.0,0.0,0.0,0.0,0.0,0.0,0.0,0.0,0.0,0.0,0.0,0.0,0.0,0.0,0.0,0.0,0.0,0.0,0.0,0.0,0.0,0.0,0.0,0.0,0.0,0.0,0.0,0.0,1.0,0.0,0.0,0.0,0.0,0.0,0.0,0.0,0.0
3415,2005-02-01,SZSE:002091,0.0,0.0,0.0,0.0,0.0,0.0,0.0,0.0,0.0,0.0,0.0,0.0,0.0,0.0,0.0,0.0,0.0,0.0,0.0,0.0,0.0,0.0,0.0,0.0,0.0,0.0,0.0,0.0,1.0,0.0,0.0,0.0,0.0,0.0,0.0,0.0,0.0
3416,2005-02-02,SZSE:002091,0.0,0.0,0.0,0.0,0.0,0.0,0.0,0.0,0.0,0.0,0.0,0.0,0.0,0.0,0.0,0.0,0.0,0.0,0.0,0.0,0.0,0.0,0.0,0.0,0.0,0.0,0.0,0.0,1.0,0.0,0.0,0.0,0.0,0.0,0.0,0.0,0.0
3417,2005-02-03,SZSE:002091,0.0,0.0,0.0,0.0,0.0,0.0,0.0,0.0,0.0,0.0,0.0,0.0,0.0,0.0,0.0,0.0,0.0,0.0,0.0,0.0,0.0,0.0,0.0,0.0,0.0,0.0,0.0,0.0,1.0,0.0,0.0,0.0,0.0,0.0,0.0,0.0,0.0
3418,2005-02-04,SZSE:002091,0.0,0.0,0.0,0.0,0.0,0.0,0.0,0.0,0.0,0.0,0.0,0.0,0.0,0.0,0.0,0.0,0.0,0.0,0.0,0.0,0.0,0.0,0.0,0.0,0.0,0.0,0.0,0.0,1.0,0.0,0.0,0.0,0.0,0.0,0.0,0.0,0.0
3419,2005-02-07,SZSE:002091,0.0,0.0,0.0,0.0,0.0,0.0,0.0,0.0,0.0,0.0,0.0,0.0,0.0,0.0,0.0,0.0,0.0,0.0,0.0,0.0,0.0,0.0,0.0,0.0,0.0,0.0,0.0,0.0,1.0,0.0,0.0,0.0,0.0,0.0,0.0,0.0,0.0
3420,2005-02-08,SZSE:002091,0.0,0.0,0.0,0.0,0.0,0.0,0.0,0.0,0.0,0.0,0.0,0.0,0.0,0.0,0.0,0.0,0.0,0.0,0.0,0.0,0.0,0.0,0.0,0.0,0.0,0.0,0.0,0.0,1.0,0.0,0.0,0.0,0.0,0.0,0.0,0.0,0.0
3421,2005-02-09,SZSE:002091,0.0,0.0,0.0,0.0,0.0,0.0,0.0,0.0,0.0,0.0,0.0,0.0,0.0,0.0,0.0,0.0,0.0,0.0,0.0,0.0,0.0,0.0,0.0,0.0,0.0,0.0,0.0,0.0,1.0,0.0,0.0,0.0,0.0,0.0,0.0,0.0,0.0
3422,2005-02-10,SZSE:002091,0.0,0.0,0.0,0.0,0.0,0.0,0.0,0.0,0.0,0.0,0.0,0.0,0.0,0.0,0.0,0.0,0.0,0.0,0.0,0.0,0.0,0.0,0.0,0.0,0.0,0.0,0.0,0.0,1.0,0.0,0.0,0.0,0.0,0.0,0.0,0.0,0.0
3423,2005-02-11,SZSE:002091,0.0,0.0,0.0,0.0,0.0,0.0,0.0,0.0,0.0,0.0,0.0,0.0,0.0,0.0,0.0,0.0,0.0,0.0,0.0,0.0,0.0,0.0,0.0,0.0,0.0,0.0,0.0,0.0,1.0,0.0,0.0,0.0,0.0,0.0,0.0,0.0,0.0
3424,2005-02-14,SZSE:002091,0.0,0.0,0.0,0.0,0.0,0.0,0.0,0.0,0.0,0.0,0.0,0.0,0.0,0.0,0.0,0.0,0.0,0.0,0.0,0.0,0.0,0.0,0.0,0.0,0.0,0.0,0.0,0.0,1.0,0.0,0.0,0.0,0.0,0.0,0.0,0.0,0.0
3425,2005-02-15,SZSE:002091,0.0,0.0,0.0,0.0,0.0,0.0,0.0,0.0,0.0,0.0,0.0,0.0,0.0,0.0,0.0,0.0,0.0,0.0,0.0,0.0,0.0,0.0,0.0,0.0,0.0,0.0,0.0,0.0,1.0,0.0,0.0,0.0,0.0,0.0,0.0,0.0,0.0
3426,2005-02-16,SZSE:002091,0.0,0.0,0.0,0.0,0.0,0.0,0.0,0.0,0.0,0.0,0.0,0.0,0.0,0.0,0.0,0.0,0.0,0.0,0.0,0.0,0.0,0.0,0.0,0.0,0.0,0.0,0.0,0.0,1.0,0.0,0.0,0.0,0.0,0.0,0.0,0.0,0.0
3427,2005-02-17,SZSE:002091,0.0,0.0,0.0,0.0,0.0,0.0,0.0,0.0,0.0,0.0,0.0,0.0,0.0,0.0,0.0,0.0,0.0,0.0,0.0,0.0,0.0,0.0,0.0,0.0,0.0,0.0,0.0,0.0,1.0,0.0,0.0,0.0,0.0,0.0,0.0,0.0,0.0
3428,2005-02-18,SZSE:002091,0.0,0.0,0.0,0.0,0.0,0.0,0.0,0.0,0.0,0.0,0.0,0.0,0.0,0.0,0.0,0.0,0.0,0.0,0.0,0.0,0.0,0.0,0.0,0.0,0.0,0.0,0.0,0.0,1.0,0.0,0.0,0.0,0.0,0.0,0.0,0.0,0.0
3429,2005-02-21,SZSE:002091,0.0,0.0,0.0,0.0,0.0,0.0,0.0,0.0,0.0,0.0,0.0,0.0,0.0,0.0,0.0,0.0,0.0,0.0,0.0,0.0,0.0,0.0,0.0,0.0,0.0,0.0,0.0,0.0,1.0,0.0,0.0,0.0,0.0,0.0,0.0,0.0,0.0
3430,2005-02-22,SZSE:002091,0.0,0.0,0.0,0.0,0.0,0.0,0.0,0.0,0.0,0.0,0.0,0.0,0.0,0.0,0.0,0.0,0.0,0.0,0.0,0.0,0.0,0.0,0.0,0.0,0.0,0.0,0.0,0.0,1.0,0.0,0.0,0.0,0.0,0.0,0.0,0.0,0.0
3431,2005-02-23,SZSE:002091,0.0,0.0,0.0,0.0,0.0,0.0,0.0,0.0,0.0,0.0,0.0,0.0,0.0,0.0,0.0,0.0,0.0,0.0,0.0,0.0,0.0,0.0,0.0,0.0,0.0,0.0,0.0,0.0,1.0,0.0,0.0,0.0,0.0,0.0,0.0,0.0,0.0
3432,2005-02-24,SZSE:002091,0.0,0.0,0.0,0.0,0.0,0.0,0.0,0.0,0.0,0.0,0.0,0.0,0.0,0.0,0.0,0.0,0.0,0.0,0.0,0.0,0.0,0.0,0.0,0.0,0.0,0.0,0.0,0.0,1.0,0.0,0.0,0.0,0.0,0.0,0.0,0.0,0.0
3433,2005-02-25,SZSE:002091,0.0,0.0,0.0,0.0,0.0,0.0,0.0,0.0,0.0,0.0,0.0,0.0,0.0,0.0,0.0,0.0,0.0,0.0,0.0,0.0,0.0,0.0,0.0,0.0,0.0,0.0,0.0,0.0,1.0,0.0,0.0,0.0,0.0,0.0,0.0,0.0,0.0
3434,2005-02-28,SZSE:002091,0.0,0.0,0.0,0.0,0.0,0.0,0.0,0.0,0.0,0.0,0.0,0.0,0.0,0.0,0.0,0.0,0.0,0.0,0.0,0.0,0.0,0.0,0.0,0.0,0.0,0.0,0.0,0.0,1.0,0.0,0.0,0.0,0.0,0.0,0.0,0.0,0.0
3435,2005-03-01,SZSE:002091,0.0,0.0,0.0,0.0,0.0,0.0,0.0,0.0,0.0,0.0,0.0,0.0,0.0,0.0,0.0,0.0,0.0,0.0,0.0,0.0,0.0,0.0,0.0,0.0,0.0,0.0,0.0,0.0,1.0,0.0,0.0,0.0,0.0,0.0,0.0,0.0,0.0
3436,2005-03-02,SZSE:002091,0.0,0.0,0.0,0.0,0.0,0.0,0.0,0.0,0.0,0.0,0.0,0.0,0.0,0.0,0.0,0.0,0.0,0.0,0.0,0.0,0.0,0.0,0.0,0.0,0.0,0.0,0.0,0.0,1.0,0.0,0.0,0.0,0.0,0.0,0.0,0.0,0.0
3437,2005-03-03,SZSE:002091,0.0,0.0,0.0,0.0,0.0,0.0,0.0,0.0,0.0,0.0,0.0,0.0,0.0,0.0,0.0,0.0,0.0,0.0,0.0,0.0,0.0,0.0,0.0,0.0,0.0,0.0,0.0,0.0,1.0,0.0,0.0,0.0,0.0,0.0,0.0,0.0,0.0
3438,2005-03-04,SZSE:002091,0.0,0.0,0.0,0.0,0.0,0.0,0.0,0.0,0.0,0.0,0.0,0.0,0.0,0.0,0.0,0.0,0.0,0.0,0.0,0.0,0.0,0.0,0.0,0.0,0.0,0.0,0.0,0.0,1.0,0.0,0.0,0.0,0.0,0.0,0.0,0.0,0.0
3439,2005-03-07,SZSE:002091,0.0,0.0,0.0,0.0,0.0,0.0,0.0,0.0,0.0,0.0,0.0,0.0,0.0,0.0,0.0,0.0,0.0,0.0,0.0,0.0,0.0,0.0,0.0,0.0,0.0,0.0,0.0,0.0,1.0,0.0,0.0,0.0,0.0,0.0,0.0,0.0,0.0
3440,2005-03-08,SZSE:002091,0.0,0.0,0.0,0.0,0.0,0.0,0.0,0.0,0.0,0.0,0.0,0.0,0.0,0.0,0.0,0.0,0.0,0.0,0.0,0.0,0.0,0.0,0.0,0.0,0.0,0.0,0.0,0.0,1.0,0.0,0.0,0.0,0.0,0.0,0.0,0.0,0.0
3441,2005-03-09,SZSE:002091,0.0,0.0,0.0,0.0,0.0,0.0,0.0,0.0,0.0,0.0,0.0,0.0,0.0,0.0,0.0,0.0,0.0,0.0,0.0,0.0,0.0,0.0,0.0,0.0,0.0,0.0,0.0,0.0,1.0,0.0,0.0,0.0,0.0,0.0,0.0,0.0,0.0
3442,2005-03-10,SZSE:002091,0.0,0.0,0.0,0.0,0.0,0.0,0.0,0.0,0.0,0.0,0.0,0.0,0.0,0.0,0.0,0.0,0.0,0.0,0.0,0.0,0.0,0.0,0.0,0.0,0.0,0.0,0.0,0.0,1.0,0.0,0.0,0.0,0.0,0.0,0.0,0.0,0.0
3443,2005-03-11,SZSE:002091,0.0,0.0,0.0,0.0,0.0,0.0,0.0,0.0,0.0,0.0,0.0,0.0,0.0,0.0,0.0,0.0,0.0,0.0,0.0,0.0,0.0,0.0,0.0,0.0,0.0,0.0,0.0,0.0,1.0,0.0,0.0,0.0,0.0,0.0,0.0,0.0,0.0
3444,2005-03-14,SZSE:002091,0.0,0.0,0.0,0.0,0.0,0.0,0.0,0.0,0.0,0.0,0.0,0.0,0.0,0.0,0.0,0.0,0.0,0.0,0.0,0.0,0.0,0.0,0.0,0.0,0.0,0.0,0.0,0.0,1.0,0.0,0.0,0.0,0.0,0.0,0.0,0.0,0.0
3445,2005-03-15,SZSE:002091,0.0,0.0,0.0,0.0,0.0,0.0,0.0,0.0,0.0,0.0,0.0,0.0,0.0,0.0,0.0,0.0,0.0,0.0,0.0,0.0,0.0,0.0,0.0,0.0,0.0,0.0,0.0,0.0,1.0,0.0,0.0,0.0,0.0,0.0,0.0,0.0,0.0
3446,2005-03-16,SZSE:002091,0.0,0.0,0.0,0.0,0.0,0.0,0.0,0.0,0.0,0.0,0.0,0.0,0.0,0.0,0.0,0.0,0.0,0.0,0.0,0.0,0.0,0.0,0.0,0.0,0.0,0.0,0.0,0.0,1.0,0.0,0.0,0.0,0.0,0.0,0.0,0.0,0.0
3447,2005-03-17,SZSE:002091,0.0,0.0,0.0,0.0,0.0,0.0,0.0,0.0,0.0,0.0,0.0,0.0,0.0,0.0,0.0,0.0,0.0,0.0,0.0,0.0,0.0,0.0,0.0,0.0,0.0,0.0,0.0,0.0,1.0,0.0,0.0,0.0,0.0,0.0,0.0,0.0,0.0
3448,2005-03-18,SZSE:002091,0.0,0.0,0.0,0.0,0.0,0.0,0.0,0.0,0.0,0.0,0.0,0.0,0.0,0.0,0.0,0.0,0.0,0.0,0.0,0.0,0.0,0.0,0.0,0.0,0.0,0.0,0.0,0.0,1.0,0.0,0.0,0.0,0.0,0.0,0.0,0.0,0.0
3449,2005-03-21,SZSE:002091,0.0,0.0,0.0,0.0,0.0,0.0,0.0,0.0,0.0,0.0,0.0,0.0,0.0,0.0,0.0,0.0,0.0,0.0,0.0,0.0,0.0,0.0,0.0,0.0,0.0,0.0,0.0,0.0,1.0,0.0,0.0,0.0,0.0,0.0,0.0,0.0,0.0
3450,2005-03-22,SZSE:002091,0.0,0.0,0.0,0.0,0.0,0.0,0.0,0.0,0.0,0.0,0.0,0.0,0.0,0.0,0.0,0.0,0.0,0.0,0.0,0.0,0.0,0.0,0.0,0.0,0.0,0.0,0.0,0.0,1.0,0.0,0.0,0.0,0.0,0.0,0.0,0.0,0.0
3451,2005-03-23,SZSE:002091,0.0,0.0,0.0,0.0,0.0,0.0,0.0,0.0,0.0,0.0,0.0,0.0,0.0,0.0,0.0,0.0,0.0,0.0,0.0,0.0,0.0,0.0,0.0,0.0,0.0,0.0,0.0,0.0,1.0,0.0,0.0,0.0,0.0,0.0,0.0,0.0,0.0
3452,2005-03-24,SZSE:002091,0.0,0.0,0.0,0.0,0.0,0.0,0.0,0.0,0.0,0.0,0.0,0.0,0.0,0.0,0.0,0.0,0.0,0.0,0.0,0.0,0.0,0.0,0.0,0.0,0.0,0.0,0.0,0.0,1.0,0.0,0.0,0.0,0.0,0.0,0.0,0.0,0.0
3453,2005-03-25,SZSE:002091,0.0,0.0,0.0,0.0,0.0,0.0,0.0,0.0,0.0,0.0,0.0,0.0,0.0,0.0,0.0,0.0,0.0,0.0,0.0,0.0,0.0,0.0,0.0,0.0,0.0,0.0,0.0,0.0,1.0,0.0,0.0,0.0,0.0,0.0,0.0,0.0,0.0
3454,2005-03-28,SZSE:002091,0.0,0.0,0.0,0.0,0.0,0.0,0.0,0.0,0.0,0.0,0.0,0.0,0.0,0.0,0.0,0.0,0.0,0.0,0.0,0.0,0.0,0.0,0.0,0.0,0.0,0.0,0.0,0.0,1.0,0.0,0.0,0.0,0.0,0.0,0.0,0.0,0.0
3455,2005-03-29,SZSE:002091,0.0,0.0,0.0,0.0,0.0,0.0,0.0,0.0,0.0,0.0,0.0,0.0,0.0,0.0,0.0,0.0,0.0,0.0,0.0,0.0,0.0,0.0,0.0,0.0,0.0,0.0,0.0,0.0,1.0,0.0,0.0,0.0,0.0,0.0,0.0,0.0,0.0
3456,2005-03-30,SZSE:002091,0.0,0.0,0.0,0.0,0.0,0.0,0.0,0.0,0.0,0.0,0.0,0.0,0.0,0.0,0.0,0.0,0.0,0.0,0.0,0.0,0.0,0.0,0.0,0.0,0.0,0.0,0.0,0.0,1.0,0.0,0.0,0.0,0.0,0.0,0.0,0.0,0.0
3457,2005-03-31,SZSE:002091,0.0,0.0,0.0,0.0,0.0,0.0,0.0,0.0,0.0,0.0,0.0,0.0,0.0,0.0,0.0,0.0,0.0,0.0,0.0,0.0,0.0,0.0,0.0,0.0,0.0,0.0,0.0,0.0,1.0,0.0,0.0,0.0,0.0,0.0,0.0,0.0,0.0
3458,2005-04-01,SZSE:002091,0.0,0.0,0.0,0.0,0.0,0.0,0.0,0.0,0.0,0.0,0.0,0.0,0.0,0.0,0.0,0.0,0.0,0.0,0.0,0.0,0.0,0.0,0.0,0.0,0.0,0.0,0.0,0.0,1.0,0.0,0.0,0.0,0.0,0.0,0.0,0.0,0.0
3459,2005-04-04,SZSE:002091,0.0,0.0,0.0,0.0,0.0,0.0,0.0,0.0,0.0,0.0,0.0,0.0,0.0,0.0,0.0,0.0,0.0,0.0,0.0,0.0,0.0,0.0,0.0,0.0,0.0,0.0,0.0,0.0,1.0,0.0,0.0,0.0,0.0,0.0,0.0,0.0,0.0
3460,2005-04-05,SZSE:002091,0.0,0.0,0.0,0.0,0.0,0.0,0.0,0.0,0.0,0.0,0.0,0.0,0.0,0.0,0.0,0.0,0.0,0.0,0.0,0.0,0.0,0.0,0.0,0.0,0.0,0.0,0.0,0.0,1.0,0.0,0.0,0.0,0.0,0.0,0.0,0.0,0.0
3461,2005-04-06,SZSE:002091,0.0,0.0,0.0,0.0,0.0,0.0,0.0,0.0,0.0,0.0,0.0,0.0,0.0,0.0,0.0,0.0,0.0,0.0,0.0,0.0,0.0,0.0,0.0,0.0,0.0,0.0,0.0,0.0,1.0,0.0,0.0,0.0,0.0,0.0,0.0,0.0,0.0
3462,2005-04-07,SZSE:002091,0.0,0.0,0.0,0.0,0.0,0.0,0.0,0.0,0.0,0.0,0.0,0.0,0.0,0.0,0.0,0.0,0.0,0.0,0.0,0.0,0.0,0.0,0.0,0.0,0.0,0.0,0.0,0.0,1.0,0.0,0.0,0.0,0.0,0.0,0.0,0.0,0.0
3463,2005-04-08,SZSE:002091,0.0,0.0,0.0,0.0,0.0,0.0,0.0,0.0,0.0,0.0,0.0,0.0,0.0,0.0,0.0,0.0,0.0,0.0,0.0,0.0,0.0,0.0,0.0,0.0,0.0,0.0,0.0,0.0,1.0,0.0,0.0,0.0,0.0,0.0,0.0,0.0,0.0
3464,2005-04-11,SZSE:002091,0.0,0.0,0.0,0.0,0.0,0.0,0.0,0.0,0.0,0.0,0.0,0.0,0.0,0.0,0.0,0.0,0.0,0.0,0.0,0.0,0.0,0.0,0.0,0.0,0.0,0.0,0.0,0.0,1.0,0.0,0.0,0.0,0.0,0.0,0.0,0.0,0.0
3465,2005-04-12,SZSE:002091,0.0,0.0,0.0,0.0,0.0,0.0,0.0,0.0,0.0,0.0,0.0,0.0,0.0,0.0,0.0,0.0,0.0,0.0,0.0,0.0,0.0,0.0,0.0,0.0,0.0,0.0,0.0,0.0,1.0,0.0,0.0,0.0,0.0,0.0,0.0,0.0,0.0
3466,2005-04-13,SZSE:002091,0.0,0.0,0.0,0.0,0.0,0.0,0.0,0.0,0.0,0.0,0.0,0.0,0.0,0.0,0.0,0.0,0.0,0.0,0.0,0.0,0.0,0.0,0.0,0.0,0.0,0.0,0.0,0.0,1.0,0.0,0.0,0.0,0.0,0.0,0.0,0.0,0.0
3467,2005-04-14,SZSE:002091,0.0,0.0,0.0,0.0,0.0,0.0,0.0,0.0,0.0,0.0,0.0,0.0,0.0,0.0,0.0,0.0,0.0,0.0,0.0,0.0,0.0,0.0,0.0,0.0,0.0,0.0,0.0,0.0,1.0,0.0,0.0,0.0,0.0,0.0,0.0,0.0,0.0
3468,2005-04-15,SZSE:002091,0.0,0.0,0.0,0.0,0.0,0.0,0.0,0.0,0.0,0.0,0.0,0.0,0.0,0.0,0.0,0.0,0.0,0.0,0.0,0.0,0.0,0.0,0.0,0.0,0.0,0.0,0.0,0.0,1.0,0.0,0.0,0.0,0.0,0.0,0.0,0.0,0.0
3469,2005-04-18,SZSE:002091,0.0,0.0,0.0,0.0,0.0,0.0,0.0,0.0,0.0,0.0,0.0,0.0,0.0,0.0,0.0,0.0,0.0,0.0,0.0,0.0,0.0,0.0,0.0,0.0,0.0,0.0,0.0,0.0,1.0,0.0,0.0,0.0,0.0,0.0,0.0,0.0,0.0
3470,2005-04-19,SZSE:002091,0.0,0.0,0.0,0.0,0.0,0.0,0.0,0.0,0.0,0.0,0.0,0.0,0.0,0.0,0.0,0.0,0.0,0.0,0.0,0.0,0.0,0.0,0.0,0.0,0.0,0.0,0.0,0.0,1.0,0.0,0.0,0.0,0.0,0.0,0.0,0.0,0.0
3471,2005-04-20,SZSE:002091,0.0,0.0,0.0,0.0,0.0,0.0,0.0,0.0,0.0,0.0,0.0,0.0,0.0,0.0,0.0,0.0,0.0,0.0,0.0,0.0,0.0,0.0,0.0,0.0,0.0,0.0,0.0,0.0,1.0,0.0,0.0,0.0,0.0,0.0,0.0,0.0,0.0
3472,2005-04-21,SZSE:002091,0.0,0.0,0.0,0.0,0.0,0.0,0.0,0.0,0.0,0.0,0.0,0.0,0.0,0.0,0.0,0.0,0.0,0.0,0.0,0.0,0.0,0.0,0.0,0.0,0.0,0.0,0.0,0.0,1.0,0.0,0.0,0.0,0.0,0.0,0.0,0.0,0.0
3473,2005-04-22,SZSE:002091,0.0,0.0,0.0,0.0,0.0,0.0,0.0,0.0,0.0,0.0,0.0,0.0,0.0,0.0,0.0,0.0,0.0,0.0,0.0,0.0,0.0,0.0,0.0,0.0,0.0,0.0,0.0,0.0,1.0,0.0,0.0,0.0,0.0,0.0,0.0,0.0,0.0
3474,2005-04-25,SZSE:002091,0.0,0.0,0.0,0.0,0.0,0.0,0.0,0.0,0.0,0.0,0.0,0.0,0.0,0.0,0.0,0.0,0.0,0.0,0.0,0.0,0.0,0.0,0.0,0.0,0.0,0.0,0.0,0.0,1.0,0.0,0.0,0.0,0.0,0.0,0.0,0.0,0.0
3475,2005-04-26,SZSE:002091,0.0,0.0,0.0,0.0,0.0,0.0,0.0,0.0,0.0,0.0,0.0,0.0,0.0,0.0,0.0,0.0,0.0,0.0,0.0,0.0,0.0,0.0,0.0,0.0,0.0,0.0,0.0,0.0,1.0,0.0,0.0,0.0,0.0,0.0,0.0,0.0,0.0
3476,2005-04-27,SZSE:002091,0.0,0.0,0.0,0.0,0.0,0.0,0.0,0.0,0.0,0.0,0.0,0.0,0.0,0.0,0.0,0.0,0.0,0.0,0.0,0.0,0.0,0.0,0.0,0.0,0.0,0.0,0.0,0.0,1.0,0.0,0.0,0.0,0.0,0.0,0.0,0.0,0.0
3477,2005-04-28,SZSE:002091,0.0,0.0,0.0,0.0,0.0,0.0,0.0,0.0,0.0,0.0,0.0,0.0,0.0,0.0,0.0,0.0,0.0,0.0,0.0,0.0,0.0,0.0,0.0,0.0,0.0,0.0,0.0,0.0,1.0,0.0,0.0,0.0,0.0,0.0,0.0,0.0,0.0
3478,2005-04-29,SZSE:002091,0.0,0.0,0.0,0.0,0.0,0.0,0.0,0.0,0.0,0.0,0.0,0.0,0.0,0.0,0.0,0.0,0.0,0.0,0.0,0.0,0.0,0.0,0.0,0.0,0.0,0.0,0.0,0.0,1.0,0.0,0.0,0.0,0.0,0.0,0.0,0.0,0.0
3479,2005-05-02,SZSE:002091,0.0,0.0,0.0,0.0,0.0,0.0,0.0,0.0,0.0,0.0,0.0,0.0,0.0,0.0,0.0,0.0,0.0,0.0,0.0,0.0,0.0,0.0,0.0,0.0,0.0,0.0,0.0,0.0,1.0,0.0,0.0,0.0,0.0,0.0,0.0,0.0,0.0
3480,2005-05-03,SZSE:002091,0.0,0.0,0.0,0.0,0.0,0.0,0.0,0.0,0.0,0.0,0.0,0.0,0.0,0.0,0.0,0.0,0.0,0.0,0.0,0.0,0.0,0.0,0.0,0.0,0.0,0.0,0.0,0.0,1.0,0.0,0.0,0.0,0.0,0.0,0.0,0.0,0.0
3481,2005-05-04,SZSE:002091,0.0,0.0,0.0,0.0,0.0,0.0,0.0,0.0,0.0,0.0,0.0,0.0,0.0,0.0,0.0,0.0,0.0,0.0,0.0,0.0,0.0,0.0,0.0,0.0,0.0,0.0,0.0,0.0,1.0,0.0,0.0,0.0,0.0,0.0,0.0,0.0,0.0
3482,2005-05-05,SZSE:002091,0.0,0.0,0.0,0.0,0.0,0.0,0.0,0.0,0.0,0.0,0.0,0.0,0.0,0.0,0.0,0.0,0.0,0.0,0.0,0.0,0.0,0.0,0.0,0.0,0.0,0.0,0.0,0.0,1.0,0.0,0.0,0.0,0.0,0.0,0.0,0.0,0.0
3483,2005-05-06,SZSE:002091,0.0,0.0,0.0,0.0,0.0,0.0,0.0,0.0,0.0,0.0,0.0,0.0,0.0,0.0,0.0,0.0,0.0,0.0,0.0,0.0,0.0,0.0,0.0,0.0,0.0,0.0,0.0,0.0,1.0,0.0,0.0,0.0,0.0,0.0,0.0,0.0,0.0
3484,2005-05-09,SZSE:002091,0.0,0.0,0.0,0.0,0.0,0.0,0.0,0.0,0.0,0.0,0.0,0.0,0.0,0.0,0.0,0.0,0.0,0.0,0.0,0.0,0.0,0.0,0.0,0.0,0.0,0.0,0.0,0.0,1.0,0.0,0.0,0.0,0.0,0.0,0.0,0.0,0.0
3485,2005-05-10,SZSE:002091,0.0,0.0,0.0,0.0,0.0,0.0,0.0,0.0,0.0,0.0,0.0,0.0,0.0,0.0,0.0,0.0,0.0,0.0,0.0,0.0,0.0,0.0,0.0,0.0,0.0,0.0,0.0,0.0,1.0,0.0,0.0,0.0,0.0,0.0,0.0,0.0,0.0
3486,2005-05-11,SZSE:002091,0.0,0.0,0.0,0.0,0.0,0.0,0.0,0.0,0.0,0.0,0.0,0.0,0.0,0.0,0.0,0.0,0.0,0.0,0.0,0.0,0.0,0.0,0.0,0.0,0.0,0.0,0.0,0.0,1.0,0.0,0.0,0.0,0.0,0.0,0.0,0.0,0.0
3487,2005-05-12,SZSE:002091,0.0,0.0,0.0,0.0,0.0,0.0,0.0,0.0,0.0,0.0,0.0,0.0,0.0,0.0,0.0,0.0,0.0,0.0,0.0,0.0,0.0,0.0,0.0,0.0,0.0,0.0,0.0,0.0,1.0,0.0,0.0,0.0,0.0,0.0,0.0,0.0,0.0
3488,2005-05-13,SZSE:002091,0.0,0.0,0.0,0.0,0.0,0.0,0.0,0.0,0.0,0.0,0.0,0.0,0.0,0.0,0.0,0.0,0.0,0.0,0.0,0.0,0.0,0.0,0.0,0.0,0.0,0.0,0.0,0.0,1.0,0.0,0.0,0.0,0.0,0.0,0.0,0.0,0.0
3489,2005-05-16,SZSE:002091,0.0,0.0,0.0,0.0,0.0,0.0,0.0,0.0,0.0,0.0,0.0,0.0,0.0,0.0,0.0,0.0,0.0,0.0,0.0,0.0,0.0,0.0,0.0,0.0,0.0,0.0,0.0,0.0,1.0,0.0,0.0,0.0,0.0,0.0,0.0,0.0,0.0
3490,2005-05-17,SZSE:002091,0.0,0.0,0.0,0.0,0.0,0.0,0.0,0.0,0.0,0.0,0.0,0.0,0.0,0.0,0.0,0.0,0.0,0.0,0.0,0.0,0.0,0.0,0.0,0.0,0.0,0.0,0.0,0.0,1.0,0.0,0.0,0.0,0.0,0.0,0.0,0.0,0.0
3491,2005-05-18,SZSE:002091,0.0,0.0,0.0,0.0,0.0,0.0,0.0,0.0,0.0,0.0,0.0,0.0,0.0,0.0,0.0,0.0,0.0,0.0,0.0,0.0,0.0,0.0,0.0,0.0,0.0,0.0,0.0,0.0,1.0,0.0,0.0,0.0,0.0,0.0,0.0,0.0,0.0
3492,2005-05-19,SZSE:002091,0.0,0.0,0.0,0.0,0.0,0.0,0.0,0.0,0.0,0.0,0.0,0.0,0.0,0.0,0.0,0.0,0.0,0.0,0.0,0.0,0.0,0.0,0.0,0.0,0.0,0.0,0.0,0.0,1.0,0.0,0.0,0.0,0.0,0.0,0.0,0.0,0.0
3493,2005-05-20,SZSE:002091,0.0,0.0,0.0,0.0,0.0,0.0,0.0,0.0,0.0,0.0,0.0,0.0,0.0,0.0,0.0,0.0,0.0,0.0,0.0,0.0,0.0,0.0,0.0,0.0,0.0,0.0,0.0,0.0,1.0,0.0,0.0,0.0,0.0,0.0,0.0,0.0,0.0
3494,2005-05-23,SZSE:002091,0.0,0.0,0.0,0.0,0.0,0.0,0.0,0.0,0.0,0.0,0.0,0.0,0.0,0.0,0.0,0.0,0.0,0.0,0.0,0.0,0.0,0.0,0.0,0.0,0.0,0.0,0.0,0.0,1.0,0.0,0.0,0.0,0.0,0.0,0.0,0.0,0.0
3495,2005-05-24,SZSE:002091,0.0,0.0,0.0,0.0,0.0,0.0,0.0,0.0,0.0,0.0,0.0,0.0,0.0,0.0,0.0,0.0,0.0,0.0,0.0,0.0,0.0,0.0,0.0,0.0,0.0,0.0,0.0,0.0,1.0,0.0,0.0,0.0,0.0,0.0,0.0,0.0,0.0
3496,2005-05-25,SZSE:002091,0.0,0.0,0.0,0.0,0.0,0.0,0.0,0.0,0.0,0.0,0.0,0.0,0.0,0.0,0.0,0.0,0.0,0.0,0.0,0.0,0.0,0.0,0.0,0.0,0.0,0.0,0.0,0.0,1.0,0.0,0.0,0.0,0.0,0.0,0.0,0.0,0.0
3497,2005-05-26,SZSE:002091,0.0,0.0,0.0,0.0,0.0,0.0,0.0,0.0,0.0,0.0,0.0,0.0,0.0,0.0,0.0,0.0,0.0,0.0,0.0,0.0,0.0,0.0,0.0,0.0,0.0,0.0,0.0,0.0,1.0,0.0,0.0,0.0,0.0,0.0,0.0,0.0,0.0
3498,2005-05-27,SZSE:002091,0.0,0.0,0.0,0.0,0.0,0.0,0.0,0.0,0.0,0.0,0.0,0.0,0.0,0.0,0.0,0.0,0.0,0.0,0.0,0.0,0.0,0.0,0.0,0.0,0.0,0.0,0.0,0.0,1.0,0.0,0.0,0.0,0.0,0.0,0.0,0.0,0.0
3499,2005-05-30,SZSE:002091,0.0,0.0,0.0,0.0,0.0,0.0,0.0,0.0,0.0,0.0,0.0,0.0,0.0,0.0,0.0,0.0,0.0,0.0,0.0,0.0,0.0,0.0,0.0,0.0,0.0,0.0,0.0,0.0,1.0,0.0,0.0,0.0,0.0,0.0,0.0,0.0,0.0
3500,2005-05-31,SZSE:002091,0.0,0.0,0.0,0.0,0.0,0.0,0.0,0.0,0.0,0.0,0.0,0.0,0.0,0.0,0.0,0.0,0.0,0.0,0.0,0.0,0.0,0.0,0.0,0.0,0.0,0.0,0.0,0.0,1.0,0.0,0.0,0.0,0.0,0.0,0.0,0.0,0.0
3501,2005-06-01,SZSE:002091,0.0,0.0,0.0,0.0,0.0,0.0,0.0,0.0,0.0,0.0,0.0,0.0,0.0,0.0,0.0,0.0,0.0,0.0,0.0,0.0,0.0,0.0,0.0,0.0,0.0,0.0,0.0,0.0,1.0,0.0,0.0,0.0,0.0,0.0,0.0,0.0,0.0
3502,2005-06-02,SZSE:002091,0.0,0.0,0.0,0.0,0.0,0.0,0.0,0.0,0.0,0.0,0.0,0.0,0.0,0.0,0.0,0.0,0.0,0.0,0.0,0.0,0.0,0.0,0.0,0.0,0.0,0.0,0.0,0.0,1.0,0.0,0.0,0.0,0.0,0.0,0.0,0.0,0.0
3503,2005-06-03,SZSE:002091,0.0,0.0,0.0,0.0,0.0,0.0,0.0,0.0,0.0,0.0,0.0,0.0,0.0,0.0,0.0,0.0,0.0,0.0,0.0,0.0,0.0,0.0,0.0,0.0,0.0,0.0,0.0,0.0,1.0,0.0,0.0,0.0,0.0,0.0,0.0,0.0,0.0
3504,2005-06-06,SZSE:002091,0.0,0.0,0.0,0.0,0.0,0.0,0.0,0.0,0.0,0.0,0.0,0.0,0.0,0.0,0.0,0.0,0.0,0.0,0.0,0.0,0.0,0.0,0.0,0.0,0.0,0.0,0.0,0.0,1.0,0.0,0.0,0.0,0.0,0.0,0.0,0.0,0.0
3505,2005-06-07,SZSE:002091,0.0,0.0,0.0,0.0,0.0,0.0,0.0,0.0,0.0,0.0,0.0,0.0,0.0,0.0,0.0,0.0,0.0,0.0,0.0,0.0,0.0,0.0,0.0,0.0,0.0,0.0,0.0,0.0,1.0,0.0,0.0,0.0,0.0,0.0,0.0,0.0,0.0
3506,2005-06-08,SZSE:002091,0.0,0.0,0.0,0.0,0.0,0.0,0.0,0.0,0.0,0.0,0.0,0.0,0.0,0.0,0.0,0.0,0.0,0.0,0.0,0.0,0.0,0.0,0.0,0.0,0.0,0.0,0.0,0.0,1.0,0.0,0.0,0.0,0.0,0.0,0.0,0.0,0.0
3507,2005-06-09,SZSE:002091,0.0,0.0,0.0,0.0,0.0,0.0,0.0,0.0,0.0,0.0,0.0,0.0,0.0,0.0,0.0,0.0,0.0,0.0,0.0,0.0,0.0,0.0,0.0,0.0,0.0,0.0,0.0,0.0,1.0,0.0,0.0,0.0,0.0,0.0,0.0,0.0,0.0
3508,2005-06-10,SZSE:002091,0.0,0.0,0.0,0.0,0.0,0.0,0.0,0.0,0.0,0.0,0.0,0.0,0.0,0.0,0.0,0.0,0.0,0.0,0.0,0.0,0.0,0.0,0.0,0.0,0.0,0.0,0.0,0.0,1.0,0.0,0.0,0.0,0.0,0.0,0.0,0.0,0.0
3509,2005-06-13,SZSE:002091,0.0,0.0,0.0,0.0,0.0,0.0,0.0,0.0,0.0,0.0,0.0,0.0,0.0,0.0,0.0,0.0,0.0,0.0,0.0,0.0,0.0,0.0,0.0,0.0,0.0,0.0,0.0,0.0,1.0,0.0,0.0,0.0,0.0,0.0,0.0,0.0,0.0
3510,2005-06-14,SZSE:002091,0.0,0.0,0.0,0.0,0.0,0.0,0.0,0.0,0.0,0.0,0.0,0.0,0.0,0.0,0.0,0.0,0.0,0.0,0.0,0.0,0.0,0.0,0.0,0.0,0.0,0.0,0.0,0.0,1.0,0.0,0.0,0.0,0.0,0.0,0.0,0.0,0.0
3511,2005-06-15,SZSE:002091,0.0,0.0,0.0,0.0,0.0,0.0,0.0,0.0,0.0,0.0,0.0,0.0,0.0,0.0,0.0,0.0,0.0,0.0,0.0,0.0,0.0,0.0,0.0,0.0,0.0,0.0,0.0,0.0,1.0,0.0,0.0,0.0,0.0,0.0,0.0,0.0,0.0
3512,2005-06-16,SZSE:002091,0.0,0.0,0.0,0.0,0.0,0.0,0.0,0.0,0.0,0.0,0.0,0.0,0.0,0.0,0.0,0.0,0.0,0.0,0.0,0.0,0.0,0.0,0.0,0.0,0.0,0.0,0.0,0.0,1.0,0.0,0.0,0.0,0.0,0.0,0.0,0.0,0.0
3513,2005-06-17,SZSE:002091,0.0,0.0,0.0,0.0,0.0,0.0,0.0,0.0,0.0,0.0,0.0,0.0,0.0,0.0,0.0,0.0,0.0,0.0,0.0,0.0,0.0,0.0,0.0,0.0,0.0,0.0,0.0,0.0,1.0,0.0,0.0,0.0,0.0,0.0,0.0,0.0,0.0
3514,2005-06-20,SZSE:002091,0.0,0.0,0.0,0.0,0.0,0.0,0.0,0.0,0.0,0.0,0.0,0.0,0.0,0.0,0.0,0.0,0.0,0.0,0.0,0.0,0.0,0.0,0.0,0.0,0.0,0.0,0.0,0.0,1.0,0.0,0.0,0.0,0.0,0.0,0.0,0.0,0.0
3515,2005-06-21,SZSE:002091,0.0,0.0,0.0,0.0,0.0,0.0,0.0,0.0,0.0,0.0,0.0,0.0,0.0,0.0,0.0,0.0,0.0,0.0,0.0,0.0,0.0,0.0,0.0,0.0,0.0,0.0,0.0,0.0,1.0,0.0,0.0,0.0,0.0,0.0,0.0,0.0,0.0
3516,2005-06-22,SZSE:002091,0.0,0.0,0.0,0.0,0.0,0.0,0.0,0.0,0.0,0.0,0.0,0.0,0.0,0.0,0.0,0.0,0.0,0.0,0.0,0.0,0.0,0.0,0.0,0.0,0.0,0.0,0.0,0.0,1.0,0.0,0.0,0.0,0.0,0.0,0.0,0.0,0.0
3517,2005-06-23,SZSE:002091,0.0,0.0,0.0,0.0,0.0,0.0,0.0,0.0,0.0,0.0,0.0,0.0,0.0,0.0,0.0,0.0,0.0,0.0,0.0,0.0,0.0,0.0,0.0,0.0,0.0,0.0,0.0,0.0,1.0,0.0,0.0,0.0,0.0,0.0,0.0,0.0,0.0
3518,2005-06-24,SZSE:002091,0.0,0.0,0.0,0.0,0.0,0.0,0.0,0.0,0.0,0.0,0.0,0.0,0.0,0.0,0.0,0.0,0.0,0.0,0.0,0.0,0.0,0.0,0.0,0.0,0.0,0.0,0.0,0.0,1.0,0.0,0.0,0.0,0.0,0.0,0.0,0.0,0.0
3519,2005-06-27,SZSE:002091,0.0,0.0,0.0,0.0,0.0,0.0,0.0,0.0,0.0,0.0,0.0,0.0,0.0,0.0,0.0,0.0,0.0,0.0,0.0,0.0,0.0,0.0,0.0,0.0,0.0,0.0,0.0,0.0,1.0,0.0,0.0,0.0,0.0,0.0,0.0,0.0,0.0
3520,2005-06-28,SZSE:002091,0.0,0.0,0.0,0.0,0.0,0.0,0.0,0.0,0.0,0.0,0.0,0.0,0.0,0.0,0.0,0.0,0.0,0.0,0.0,0.0,0.0,0.0,0.0,0.0,0.0,0.0,0.0,0.0,1.0,0.0,0.0,0.0,0.0,0.0,0.0,0.0,0.0
3521,2005-06-29,SZSE:002091,0.0,0.0,0.0,0.0,0.0,0.0,0.0,0.0,0.0,0.0,0.0,0.0,0.0,0.0,0.0,0.0,0.0,0.0,0.0,0.0,0.0,0.0,0.0,0.0,0.0,0.0,0.0,0.0,1.0,0.0,0.0,0.0,0.0,0.0,0.0,0.0,0.0
3522,2005-06-30,SZSE:002091,0.0,0.0,0.0,0.0,0.0,0.0,0.0,0.0,0.0,0.0,0.0,0.0,0.0,0.0,0.0,0.0,0.0,0.0,0.0,0.0,0.0,0.0,0.0,0.0,0.0,0.0,0.0,0.0,1.0,0.0,0.0,0.0,0.0,0.0,0.0,0.0,0.0
3523,2005-07-01,SZSE:002091,0.0,0.0,0.0,0.0,0.0,0.0,0.0,0.0,0.0,0.0,0.0,0.0,0.0,0.0,0.0,0.0,0.0,0.0,0.0,0.0,0.0,0.0,0.0,0.0,0.0,0.0,0.0,0.0,1.0,0.0,0.0,0.0,0.0,0.0,0.0,0.0,0.0
3524,2005-07-04,SZSE:002091,0.0,0.0,0.0,0.0,0.0,0.0,0.0,0.0,0.0,0.0,0.0,0.0,0.0,0.0,0.0,0.0,0.0,0.0,0.0,0.0,0.0,0.0,0.0,0.0,0.0,0.0,0.0,0.0,1.0,0.0,0.0,0.0,0.0,0.0,0.0,0.0,0.0
3525,2005-07-05,SZSE:002091,0.0,0.0,0.0,0.0,0.0,0.0,0.0,0.0,0.0,0.0,0.0,0.0,0.0,0.0,0.0,0.0,0.0,0.0,0.0,0.0,0.0,0.0,0.0,0.0,0.0,0.0,0.0,0.0,1.0,0.0,0.0,0.0,0.0,0.0,0.0,0.0,0.0
3526,2005-07-06,SZSE:002091,0.0,0.0,0.0,0.0,0.0,0.0,0.0,0.0,0.0,0.0,0.0,0.0,0.0,0.0,0.0,0.0,0.0,0.0,0.0,0.0,0.0,0.0,0.0,0.0,0.0,0.0,0.0,0.0,1.0,0.0,0.0,0.0,0.0,0.0,0.0,0.0,0.0
3527,2005-07-07,SZSE:002091,0.0,0.0,0.0,0.0,0.0,0.0,0.0,0.0,0.0,0.0,0.0,0.0,0.0,0.0,0.0,0.0,0.0,0.0,0.0,0.0,0.0,0.0,0.0,0.0,0.0,0.0,0.0,0.0,1.0,0.0,0.0,0.0,0.0,0.0,0.0,0.0,0.0
3528,2005-07-08,SZSE:002091,0.0,0.0,0.0,0.0,0.0,0.0,0.0,0.0,0.0,0.0,0.0,0.0,0.0,0.0,0.0,0.0,0.0,0.0,0.0,0.0,0.0,0.0,0.0,0.0,0.0,0.0,0.0,0.0,1.0,0.0,0.0,0.0,0.0,0.0,0.0,0.0,0.0
3529,2005-07-11,SZSE:002091,0.0,0.0,0.0,0.0,0.0,0.0,0.0,0.0,0.0,0.0,0.0,0.0,0.0,0.0,0.0,0.0,0.0,0.0,0.0,0.0,0.0,0.0,0.0,0.0,0.0,0.0,0.0,0.0,1.0,0.0,0.0,0.0,0.0,0.0,0.0,0.0,0.0
3530,2005-07-12,SZSE:002091,0.0,0.0,0.0,0.0,0.0,0.0,0.0,0.0,0.0,0.0,0.0,0.0,0.0,0.0,0.0,0.0,0.0,0.0,0.0,0.0,0.0,0.0,0.0,0.0,0.0,0.0,0.0,0.0,1.0,0.0,0.0,0.0,0.0,0.0,0.0,0.0,0.0
3531,2005-07-13,SZSE:002091,0.0,0.0,0.0,0.0,0.0,0.0,0.0,0.0,0.0,0.0,0.0,0.0,0.0,0.0,0.0,0.0,0.0,0.0,0.0,0.0,0.0,0.0,0.0,0.0,0.0,0.0,0.0,0.0,1.0,0.0,0.0,0.0,0.0,0.0,0.0,0.0,0.0
3532,2005-07-14,SZSE:002091,0.0,0.0,0.0,0.0,0.0,0.0,0.0,0.0,0.0,0.0,0.0,0.0,0.0,0.0,0.0,0.0,0.0,0.0,0.0,0.0,0.0,0.0,0.0,0.0,0.0,0.0,0.0,0.0,1.0,0.0,0.0,0.0,0.0,0.0,0.0,0.0,0.0
3533,2005-07-15,SZSE:002091,0.0,0.0,0.0,0.0,0.0,0.0,0.0,0.0,0.0,0.0,0.0,0.0,0.0,0.0,0.0,0.0,0.0,0.0,0.0,0.0,0.0,0.0,0.0,0.0,0.0,0.0,0.0,0.0,1.0,0.0,0.0,0.0,0.0,0.0,0.0,0.0,0.0
3534,2005-07-18,SZSE:002091,0.0,0.0,0.0,0.0,0.0,0.0,0.0,0.0,0.0,0.0,0.0,0.0,0.0,0.0,0.0,0.0,0.0,0.0,0.0,0.0,0.0,0.0,0.0,0.0,0.0,0.0,0.0,0.0,1.0,0.0,0.0,0.0,0.0,0.0,0.0,0.0,0.0
3535,2005-07-19,SZSE:002091,0.0,0.0,0.0,0.0,0.0,0.0,0.0,0.0,0.0,0.0,0.0,0.0,0.0,0.0,0.0,0.0,0.0,0.0,0.0,0.0,0.0,0.0,0.0,0.0,0.0,0.0,0.0,0.0,1.0,0.0,0.0,0.0,0.0,0.0,0.0,0.0,0.0
3536,2005-07-20,SZSE:002091,0.0,0.0,0.0,0.0,0.0,0.0,0.0,0.0,0.0,0.0,0.0,0.0,0.0,0.0,0.0,0.0,0.0,0.0,0.0,0.0,0.0,0.0,0.0,0.0,0.0,0.0,0.0,0.0,1.0,0.0,0.0,0.0,0.0,0.0,0.0,0.0,0.0
3537,2005-07-21,SZSE:002091,0.0,0.0,0.0,0.0,0.0,0.0,0.0,0.0,0.0,0.0,0.0,0.0,0.0,0.0,0.0,0.0,0.0,0.0,0.0,0.0,0.0,0.0,0.0,0.0,0.0,0.0,0.0,0.0,1.0,0.0,0.0,0.0,0.0,0.0,0.0,0.0,0.0
3538,2005-07-22,SZSE:002091,0.0,0.0,0.0,0.0,0.0,0.0,0.0,0.0,0.0,0.0,0.0,0.0,0.0,0.0,0.0,0.0,0.0,0.0,0.0,0.0,0.0,0.0,0.0,0.0,0.0,0.0,0.0,0.0,1.0,0.0,0.0,0.0,0.0,0.0,0.0,0.0,0.0
3539,2005-07-25,SZSE:002091,0.0,0.0,0.0,0.0,0.0,0.0,0.0,0.0,0.0,0.0,0.0,0.0,0.0,0.0,0.0,0.0,0.0,0.0,0.0,0.0,0.0,0.0,0.0,0.0,0.0,0.0,0.0,0.0,1.0,0.0,0.0,0.0,0.0,0.0,0.0,0.0,0.0
3540,2005-07-26,SZSE:002091,0.0,0.0,0.0,0.0,0.0,0.0,0.0,0.0,0.0,0.0,0.0,0.0,0.0,0.0,0.0,0.0,0.0,0.0,0.0,0.0,0.0,0.0,0.0,0.0,0.0,0.0,0.0,0.0,1.0,0.0,0.0,0.0,0.0,0.0,0.0,0.0,0.0
3541,2005-07-27,SZSE:002091,0.0,0.0,0.0,0.0,0.0,0.0,0.0,0.0,0.0,0.0,0.0,0.0,0.0,0.0,0.0,0.0,0.0,0.0,0.0,0.0,0.0,0.0,0.0,0.0,0.0,0.0,0.0,0.0,1.0,0.0,0.0,0.0,0.0,0.0,0.0,0.0,0.0
3542,2005-07-28,SZSE:002091,0.0,0.0,0.0,0.0,0.0,0.0,0.0,0.0,0.0,0.0,0.0,0.0,0.0,0.0,0.0,0.0,0.0,0.0,0.0,0.0,0.0,0.0,0.0,0.0,0.0,0.0,0.0,0.0,1.0,0.0,0.0,0.0,0.0,0.0,0.0,0.0,0.0
3543,2005-07-29,SZSE:002091,0.0,0.0,0.0,0.0,0.0,0.0,0.0,0.0,0.0,0.0,0.0,0.0,0.0,0.0,0.0,0.0,0.0,0.0,0.0,0.0,0.0,0.0,0.0,0.0,0.0,0.0,0.0,0.0,1.0,0.0,0.0,0.0,0.0,0.0,0.0,0.0,0.0
3544,2005-08-01,SZSE:002091,0.0,0.0,0.0,0.0,0.0,0.0,0.0,0.0,0.0,0.0,0.0,0.0,0.0,0.0,0.0,0.0,0.0,0.0,0.0,0.0,0.0,0.0,0.0,0.0,0.0,0.0,0.0,0.0,1.0,0.0,0.0,0.0,0.0,0.0,0.0,0.0,0.0
3545,2005-08-02,SZSE:002091,0.0,0.0,0.0,0.0,0.0,0.0,0.0,0.0,0.0,0.0,0.0,0.0,0.0,0.0,0.0,0.0,0.0,0.0,0.0,0.0,0.0,0.0,0.0,0.0,0.0,0.0,0.0,0.0,1.0,0.0,0.0,0.0,0.0,0.0,0.0,0.0,0.0
3546,2005-08-03,SZSE:002091,0.0,0.0,0.0,0.0,0.0,0.0,0.0,0.0,0.0,0.0,0.0,0.0,0.0,0.0,0.0,0.0,0.0,0.0,0.0,0.0,0.0,0.0,0.0,0.0,0.0,0.0,0.0,0.0,1.0,0.0,0.0,0.0,0.0,0.0,0.0,0.0,0.0
3547,2005-08-04,SZSE:002091,0.0,0.0,0.0,0.0,0.0,0.0,0.0,0.0,0.0,0.0,0.0,0.0,0.0,0.0,0.0,0.0,0.0,0.0,0.0,0.0,0.0,0.0,0.0,0.0,0.0,0.0,0.0,0.0,1.0,0.0,0.0,0.0,0.0,0.0,0.0,0.0,0.0
3548,2005-08-05,SZSE:002091,0.0,0.0,0.0,0.0,0.0,0.0,0.0,0.0,0.0,0.0,0.0,0.0,0.0,0.0,0.0,0.0,0.0,0.0,0.0,0.0,0.0,0.0,0.0,0.0,0.0,0.0,0.0,0.0,1.0,0.0,0.0,0.0,0.0,0.0,0.0,0.0,0.0
3549,2005-08-08,SZSE:002091,0.0,0.0,0.0,0.0,0.0,0.0,0.0,0.0,0.0,0.0,0.0,0.0,0.0,0.0,0.0,0.0,0.0,0.0,0.0,0.0,0.0,0.0,0.0,0.0,0.0,0.0,0.0,0.0,1.0,0.0,0.0,0.0,0.0,0.0,0.0,0.0,0.0
3550,2005-08-09,SZSE:002091,0.0,0.0,0.0,0.0,0.0,0.0,0.0,0.0,0.0,0.0,0.0,0.0,0.0,0.0,0.0,0.0,0.0,0.0,0.0,0.0,0.0,0.0,0.0,0.0,0.0,0.0,0.0,0.0,1.0,0.0,0.0,0.0,0.0,0.0,0.0,0.0,0.0
3551,2005-08-10,SZSE:002091,0.0,0.0,0.0,0.0,0.0,0.0,0.0,0.0,0.0,0.0,0.0,0.0,0.0,0.0,0.0,0.0,0.0,0.0,0.0,0.0,0.0,0.0,0.0,0.0,0.0,0.0,0.0,0.0,1.0,0.0,0.0,0.0,0.0,0.0,0.0,0.0,0.0
3552,2005-08-11,SZSE:002091,0.0,0.0,0.0,0.0,0.0,0.0,0.0,0.0,0.0,0.0,0.0,0.0,0.0,0.0,0.0,0.0,0.0,0.0,0.0,0.0,0.0,0.0,0.0,0.0,0.0,0.0,0.0,0.0,1.0,0.0,0.0,0.0,0.0,0.0,0.0,0.0,0.0
3553,2005-08-12,SZSE:002091,0.0,0.0,0.0,0.0,0.0,0.0,0.0,0.0,0.0,0.0,0.0,0.0,0.0,0.0,0.0,0.0,0.0,0.0,0.0,0.0,0.0,0.0,0.0,0.0,0.0,0.0,0.0,0.0,1.0,0.0,0.0,0.0,0.0,0.0,0.0,0.0,0.0
3554,2005-08-15,SZSE:002091,0.0,0.0,0.0,0.0,0.0,0.0,0.0,0.0,0.0,0.0,0.0,0.0,0.0,0.0,0.0,0.0,0.0,0.0,0.0,0.0,0.0,0.0,0.0,0.0,0.0,0.0,0.0,0.0,1.0,0.0,0.0,0.0,0.0,0.0,0.0,0.0,0.0
3555,2005-08-16,SZSE:002091,0.0,0.0,0.0,0.0,0.0,0.0,0.0,0.0,0.0,0.0,0.0,0.0,0.0,0.0,0.0,0.0,0.0,0.0,0.0,0.0,0.0,0.0,0.0,0.0,0.0,0.0,0.0,0.0,1.0,0.0,0.0,0.0,0.0,0.0,0.0,0.0,0.0
3556,2005-08-17,SZSE:002091,0.0,0.0,0.0,0.0,0.0,0.0,0.0,0.0,0.0,0.0,0.0,0.0,0.0,0.0,0.0,0.0,0.0,0.0,0.0,0.0,0.0,0.0,0.0,0.0,0.0,0.0,0.0,0.0,1.0,0.0,0.0,0.0,0.0,0.0,0.0,0.0,0.0
3557,2005-08-18,SZSE:002091,0.0,0.0,0.0,0.0,0.0,0.0,0.0,0.0,0.0,0.0,0.0,0.0,0.0,0.0,0.0,0.0,0.0,0.0,0.0,0.0,0.0,0.0,0.0,0.0,0.0,0.0,0.0,0.0,1.0,0.0,0.0,0.0,0.0,0.0,0.0,0.0,0.0
3558,2005-08-19,SZSE:002091,0.0,0.0,0.0,0.0,0.0,0.0,0.0,0.0,0.0,0.0,0.0,0.0,0.0,0.0,0.0,0.0,0.0,0.0,0.0,0.0,0.0,0.0,0.0,0.0,0.0,0.0,0.0,0.0,1.0,0.0,0.0,0.0,0.0,0.0,0.0,0.0,0.0
3559,2005-08-22,SZSE:002091,0.0,0.0,0.0,0.0,0.0,0.0,0.0,0.0,0.0,0.0,0.0,0.0,0.0,0.0,0.0,0.0,0.0,0.0,0.0,0.0,0.0,0.0,0.0,0.0,0.0,0.0,0.0,0.0,1.0,0.0,0.0,0.0,0.0,0.0,0.0,0.0,0.0
3560,2005-08-23,SZSE:002091,0.0,0.0,0.0,0.0,0.0,0.0,0.0,0.0,0.0,0.0,0.0,0.0,0.0,0.0,0.0,0.0,0.0,0.0,0.0,0.0,0.0,0.0,0.0,0.0,0.0,0.0,0.0,0.0,1.0,0.0,0.0,0.0,0.0,0.0,0.0,0.0,0.0
3561,2005-08-24,SZSE:002091,0.0,0.0,0.0,0.0,0.0,0.0,0.0,0.0,0.0,0.0,0.0,0.0,0.0,0.0,0.0,0.0,0.0,0.0,0.0,0.0,0.0,0.0,0.0,0.0,0.0,0.0,0.0,0.0,1.0,0.0,0.0,0.0,0.0,0.0,0.0,0.0,0.0
3562,2005-08-25,SZSE:002091,0.0,0.0,0.0,0.0,0.0,0.0,0.0,0.0,0.0,0.0,0.0,0.0,0.0,0.0,0.0,0.0,0.0,0.0,0.0,0.0,0.0,0.0,0.0,0.0,0.0,0.0,0.0,0.0,1.0,0.0,0.0,0.0,0.0,0.0,0.0,0.0,0.0
3563,2005-08-26,SZSE:002091,0.0,0.0,0.0,0.0,0.0,0.0,0.0,0.0,0.0,0.0,0.0,0.0,0.0,0.0,0.0,0.0,0.0,0.0,0.0,0.0,0.0,0.0,0.0,0.0,0.0,0.0,0.0,0.0,1.0,0.0,0.0,0.0,0.0,0.0,0.0,0.0,0.0
3564,2005-08-29,SZSE:002091,0.0,0.0,0.0,0.0,0.0,0.0,0.0,0.0,0.0,0.0,0.0,0.0,0.0,0.0,0.0,0.0,0.0,0.0,0.0,0.0,0.0,0.0,0.0,0.0,0.0,0.0,0.0,0.0,1.0,0.0,0.0,0.0,0.0,0.0,0.0,0.0,0.0
3565,2005-08-30,SZSE:002091,0.0,0.0,0.0,0.0,0.0,0.0,0.0,0.0,0.0,0.0,0.0,0.0,0.0,0.0,0.0,0.0,0.0,0.0,0.0,0.0,0.0,0.0,0.0,0.0,0.0,0.0,0.0,0.0,1.0,0.0,0.0,0.0,0.0,0.0,0.0,0.0,0.0
3566,2005-08-31,SZSE:002091,0.0,0.0,0.0,0.0,0.0,0.0,0.0,0.0,0.0,0.0,0.0,0.0,0.0,0.0,0.0,0.0,0.0,0.0,0.0,0.0,0.0,0.0,0.0,0.0,0.0,0.0,0.0,0.0,1.0,0.0,0.0,0.0,0.0,0.0,0.0,0.0,0.0
3567,2005-09-01,SZSE:002091,0.0,0.0,0.0,0.0,0.0,0.0,0.0,0.0,0.0,0.0,0.0,0.0,0.0,0.0,0.0,0.0,0.0,0.0,0.0,0.0,0.0,0.0,0.0,0.0,0.0,0.0,0.0,0.0,1.0,0.0,0.0,0.0,0.0,0.0,0.0,0.0,0.0
3568,2005-09-02,SZSE:002091,0.0,0.0,0.0,0.0,0.0,0.0,0.0,0.0,0.0,0.0,0.0,0.0,0.0,0.0,0.0,0.0,0.0,0.0,0.0,0.0,0.0,0.0,0.0,0.0,0.0,0.0,0.0,0.0,1.0,0.0,0.0,0.0,0.0,0.0,0.0,0.0,0.0
3569,2005-09-05,SZSE:002091,0.0,0.0,0.0,0.0,0.0,0.0,0.0,0.0,0.0,0.0,0.0,0.0,0.0,0.0,0.0,0.0,0.0,0.0,0.0,0.0,0.0,0.0,0.0,0.0,0.0,0.0,0.0,0.0,1.0,0.0,0.0,0.0,0.0,0.0,0.0,0.0,0.0
3570,2005-09-06,SZSE:002091,0.0,0.0,0.0,0.0,0.0,0.0,0.0,0.0,0.0,0.0,0.0,0.0,0.0,0.0,0.0,0.0,0.0,0.0,0.0,0.0,0.0,0.0,0.0,0.0,0.0,0.0,0.0,0.0,1.0,0.0,0.0,0.0,0.0,0.0,0.0,0.0,0.0
3571,2005-09-07,SZSE:002091,0.0,0.0,0.0,0.0,0.0,0.0,0.0,0.0,0.0,0.0,0.0,0.0,0.0,0.0,0.0,0.0,0.0,0.0,0.0,0.0,0.0,0.0,0.0,0.0,0.0,0.0,0.0,0.0,1.0,0.0,0.0,0.0,0.0,0.0,0.0,0.0,0.0
3572,2005-09-08,SZSE:002091,0.0,0.0,0.0,0.0,0.0,0.0,0.0,0.0,0.0,0.0,0.0,0.0,0.0,0.0,0.0,0.0,0.0,0.0,0.0,0.0,0.0,0.0,0.0,0.0,0.0,0.0,0.0,0.0,1.0,0.0,0.0,0.0,0.0,0.0,0.0,0.0,0.0
3573,2005-09-09,SZSE:002091,0.0,0.0,0.0,0.0,0.0,0.0,0.0,0.0,0.0,0.0,0.0,0.0,0.0,0.0,0.0,0.0,0.0,0.0,0.0,0.0,0.0,0.0,0.0,0.0,0.0,0.0,0.0,0.0,1.0,0.0,0.0,0.0,0.0,0.0,0.0,0.0,0.0
3574,2005-09-12,SZSE:002091,0.0,0.0,0.0,0.0,0.0,0.0,0.0,0.0,0.0,0.0,0.0,0.0,0.0,0.0,0.0,0.0,0.0,0.0,0.0,0.0,0.0,0.0,0.0,0.0,0.0,0.0,0.0,0.0,1.0,0.0,0.0,0.0,0.0,0.0,0.0,0.0,0.0
3575,2005-09-13,SZSE:002091,0.0,0.0,0.0,0.0,0.0,0.0,0.0,0.0,0.0,0.0,0.0,0.0,0.0,0.0,0.0,0.0,0.0,0.0,0.0,0.0,0.0,0.0,0.0,0.0,0.0,0.0,0.0,0.0,1.0,0.0,0.0,0.0,0.0,0.0,0.0,0.0,0.0
3576,2005-09-14,SZSE:002091,0.0,0.0,0.0,0.0,0.0,0.0,0.0,0.0,0.0,0.0,0.0,0.0,0.0,0.0,0.0,0.0,0.0,0.0,0.0,0.0,0.0,0.0,0.0,0.0,0.0,0.0,0.0,0.0,1.0,0.0,0.0,0.0,0.0,0.0,0.0,0.0,0.0
3577,2005-09-15,SZSE:002091,0.0,0.0,0.0,0.0,0.0,0.0,0.0,0.0,0.0,0.0,0.0,0.0,0.0,0.0,0.0,0.0,0.0,0.0,0.0,0.0,0.0,0.0,0.0,0.0,0.0,0.0,0.0,0.0,1.0,0.0,0.0,0.0,0.0,0.0,0.0,0.0,0.0
3578,2005-09-16,SZSE:002091,0.0,0.0,0.0,0.0,0.0,0.0,0.0,0.0,0.0,0.0,0.0,0.0,0.0,0.0,0.0,0.0,0.0,0.0,0.0,0.0,0.0,0.0,0.0,0.0,0.0,0.0,0.0,0.0,1.0,0.0,0.0,0.0,0.0,0.0,0.0,0.0,0.0
3579,2005-09-19,SZSE:002091,0.0,0.0,0.0,0.0,0.0,0.0,0.0,0.0,0.0,0.0,0.0,0.0,0.0,0.0,0.0,0.0,0.0,0.0,0.0,0.0,0.0,0.0,0.0,0.0,0.0,0.0,0.0,0.0,1.0,0.0,0.0,0.0,0.0,0.0,0.0,0.0,0.0
3580,2005-09-20,SZSE:002091,0.0,0.0,0.0,0.0,0.0,0.0,0.0,0.0,0.0,0.0,0.0,0.0,0.0,0.0,0.0,0.0,0.0,0.0,0.0,0.0,0.0,0.0,0.0,0.0,0.0,0.0,0.0,0.0,1.0,0.0,0.0,0.0,0.0,0.0,0.0,0.0,0.0
3581,2005-09-21,SZSE:002091,0.0,0.0,0.0,0.0,0.0,0.0,0.0,0.0,0.0,0.0,0.0,0.0,0.0,0.0,0.0,0.0,0.0,0.0,0.0,0.0,0.0,0.0,0.0,0.0,0.0,0.0,0.0,0.0,1.0,0.0,0.0,0.0,0.0,0.0,0.0,0.0,0.0
3582,2005-09-22,SZSE:002091,0.0,0.0,0.0,0.0,0.0,0.0,0.0,0.0,0.0,0.0,0.0,0.0,0.0,0.0,0.0,0.0,0.0,0.0,0.0,0.0,0.0,0.0,0.0,0.0,0.0,0.0,0.0,0.0,1.0,0.0,0.0,0.0,0.0,0.0,0.0,0.0,0.0
3583,2005-09-23,SZSE:002091,0.0,0.0,0.0,0.0,0.0,0.0,0.0,0.0,0.0,0.0,0.0,0.0,0.0,0.0,0.0,0.0,0.0,0.0,0.0,0.0,0.0,0.0,0.0,0.0,0.0,0.0,0.0,0.0,1.0,0.0,0.0,0.0,0.0,0.0,0.0,0.0,0.0
3584,2005-09-26,SZSE:002091,0.0,0.0,0.0,0.0,0.0,0.0,0.0,0.0,0.0,0.0,0.0,0.0,0.0,0.0,0.0,0.0,0.0,0.0,0.0,0.0,0.0,0.0,0.0,0.0,0.0,0.0,0.0,0.0,1.0,0.0,0.0,0.0,0.0,0.0,0.0,0.0,0.0
3585,2005-09-27,SZSE:002091,0.0,0.0,0.0,0.0,0.0,0.0,0.0,0.0,0.0,0.0,0.0,0.0,0.0,0.0,0.0,0.0,0.0,0.0,0.0,0.0,0.0,0.0,0.0,0.0,0.0,0.0,0.0,0.0,1.0,0.0,0.0,0.0,0.0,0.0,0.0,0.0,0.0
3586,2005-09-28,SZSE:002091,0.0,0.0,0.0,0.0,0.0,0.0,0.0,0.0,0.0,0.0,0.0,0.0,0.0,0.0,0.0,0.0,0.0,0.0,0.0,0.0,0.0,0.0,0.0,0.0,0.0,0.0,0.0,0.0,1.0,0.0,0.0,0.0,0.0,0.0,0.0,0.0,0.0
3587,2005-09-29,SZSE:002091,0.0,0.0,0.0,0.0,0.0,0.0,0.0,0.0,0.0,0.0,0.0,0.0,0.0,0.0,0.0,0.0,0.0,0.0,0.0,0.0,0.0,0.0,0.0,0.0,0.0,0.0,0.0,0.0,1.0,0.0,0.0,0.0,0.0,0.0,0.0,0.0,0.0
3588,2005-09-30,SZSE:002091,0.0,0.0,0.0,0.0,0.0,0.0,0.0,0.0,0.0,0.0,0.0,0.0,0.0,0.0,0.0,0.0,0.0,0.0,0.0,0.0,0.0,0.0,0.0,0.0,0.0,0.0,0.0,0.0,1.0,0.0,0.0,0.0,0.0,0.0,0.0,0.0,0.0
3589,2005-10-03,SZSE:002091,0.0,0.0,0.0,0.0,0.0,0.0,0.0,0.0,0.0,0.0,0.0,0.0,0.0,0.0,0.0,0.0,0.0,0.0,0.0,0.0,0.0,0.0,0.0,0.0,0.0,0.0,0.0,0.0,1.0,0.0,0.0,0.0,0.0,0.0,0.0,0.0,0.0
3590,2005-10-04,SZSE:002091,0.0,0.0,0.0,0.0,0.0,0.0,0.0,0.0,0.0,0.0,0.0,0.0,0.0,0.0,0.0,0.0,0.0,0.0,0.0,0.0,0.0,0.0,0.0,0.0,0.0,0.0,0.0,0.0,1.0,0.0,0.0,0.0,0.0,0.0,0.0,0.0,0.0
3591,2005-10-05,SZSE:002091,0.0,0.0,0.0,0.0,0.0,0.0,0.0,0.0,0.0,0.0,0.0,0.0,0.0,0.0,0.0,0.0,0.0,0.0,0.0,0.0,0.0,0.0,0.0,0.0,0.0,0.0,0.0,0.0,1.0,0.0,0.0,0.0,0.0,0.0,0.0,0.0,0.0
3592,2005-10-06,SZSE:002091,0.0,0.0,0.0,0.0,0.0,0.0,0.0,0.0,0.0,0.0,0.0,0.0,0.0,0.0,0.0,0.0,0.0,0.0,0.0,0.0,0.0,0.0,0.0,0.0,0.0,0.0,0.0,0.0,1.0,0.0,0.0,0.0,0.0,0.0,0.0,0.0,0.0
3593,2005-10-07,SZSE:002091,0.0,0.0,0.0,0.0,0.0,0.0,0.0,0.0,0.0,0.0,0.0,0.0,0.0,0.0,0.0,0.0,0.0,0.0,0.0,0.0,0.0,0.0,0.0,0.0,0.0,0.0,0.0,0.0,1.0,0.0,0.0,0.0,0.0,0.0,0.0,0.0,0.0
3594,2005-10-10,SZSE:002091,0.0,0.0,0.0,0.0,0.0,0.0,0.0,0.0,0.0,0.0,0.0,0.0,0.0,0.0,0.0,0.0,0.0,0.0,0.0,0.0,0.0,0.0,0.0,0.0,0.0,0.0,0.0,0.0,1.0,0.0,0.0,0.0,0.0,0.0,0.0,0.0,0.0
3595,2005-10-11,SZSE:002091,0.0,0.0,0.0,0.0,0.0,0.0,0.0,0.0,0.0,0.0,0.0,0.0,0.0,0.0,0.0,0.0,0.0,0.0,0.0,0.0,0.0,0.0,0.0,0.0,0.0,0.0,0.0,0.0,1.0,0.0,0.0,0.0,0.0,0.0,0.0,0.0,0.0
3596,2005-10-12,SZSE:002091,0.0,0.0,0.0,0.0,0.0,0.0,0.0,0.0,0.0,0.0,0.0,0.0,0.0,0.0,0.0,0.0,0.0,0.0,0.0,0.0,0.0,0.0,0.0,0.0,0.0,0.0,0.0,0.0,1.0,0.0,0.0,0.0,0.0,0.0,0.0,0.0,0.0
3597,2005-10-13,SZSE:002091,0.0,0.0,0.0,0.0,0.0,0.0,0.0,0.0,0.0,0.0,0.0,0.0,0.0,0.0,0.0,0.0,0.0,0.0,0.0,0.0,0.0,0.0,0.0,0.0,0.0,0.0,0.0,0.0,1.0,0.0,0.0,0.0,0.0,0.0,0.0,0.0,0.0
3598,2005-10-14,SZSE:002091,0.0,0.0,0.0,0.0,0.0,0.0,0.0,0.0,0.0,0.0,0.0,0.0,0.0,0.0,0.0,0.0,0.0,0.0,0.0,0.0,0.0,0.0,0.0,0.0,0.0,0.0,0.0,0.0,1.0,0.0,0.0,0.0,0.0,0.0,0.0,0.0,0.0
3599,2005-10-17,SZSE:002091,0.0,0.0,0.0,0.0,0.0,0.0,0.0,0.0,0.0,0.0,0.0,0.0,0.0,0.0,0.0,0.0,0.0,0.0,0.0,0.0,0.0,0.0,0.0,0.0,0.0,0.0,0.0,0.0,1.0,0.0,0.0,0.0,0.0,0.0,0.0,0.0,0.0
3600,2005-10-18,SZSE:002091,0.0,0.0,0.0,0.0,0.0,0.0,0.0,0.0,0.0,0.0,0.0,0.0,0.0,0.0,0.0,0.0,0.0,0.0,0.0,0.0,0.0,0.0,0.0,0.0,0.0,0.0,0.0,0.0,1.0,0.0,0.0,0.0,0.0,0.0,0.0,0.0,0.0
3601,2005-10-19,SZSE:002091,0.0,0.0,0.0,0.0,0.0,0.0,0.0,0.0,0.0,0.0,0.0,0.0,0.0,0.0,0.0,0.0,0.0,0.0,0.0,0.0,0.0,0.0,0.0,0.0,0.0,0.0,0.0,0.0,1.0,0.0,0.0,0.0,0.0,0.0,0.0,0.0,0.0
3602,2005-10-20,SZSE:002091,0.0,0.0,0.0,0.0,0.0,0.0,0.0,0.0,0.0,0.0,0.0,0.0,0.0,0.0,0.0,0.0,0.0,0.0,0.0,0.0,0.0,0.0,0.0,0.0,0.0,0.0,0.0,0.0,1.0,0.0,0.0,0.0,0.0,0.0,0.0,0.0,0.0
3603,2005-10-21,SZSE:002091,0.0,0.0,0.0,0.0,0.0,0.0,0.0,0.0,0.0,0.0,0.0,0.0,0.0,0.0,0.0,0.0,0.0,0.0,0.0,0.0,0.0,0.0,0.0,0.0,0.0,0.0,0.0,0.0,1.0,0.0,0.0,0.0,0.0,0.0,0.0,0.0,0.0
3604,2005-10-24,SZSE:002091,0.0,0.0,0.0,0.0,0.0,0.0,0.0,0.0,0.0,0.0,0.0,0.0,0.0,0.0,0.0,0.0,0.0,0.0,0.0,0.0,0.0,0.0,0.0,0.0,0.0,0.0,0.0,0.0,1.0,0.0,0.0,0.0,0.0,0.0,0.0,0.0,0.0
3605,2005-10-25,SZSE:002091,0.0,0.0,0.0,0.0,0.0,0.0,0.0,0.0,0.0,0.0,0.0,0.0,0.0,0.0,0.0,0.0,0.0,0.0,0.0,0.0,0.0,0.0,0.0,0.0,0.0,0.0,0.0,0.0,1.0,0.0,0.0,0.0,0.0,0.0,0.0,0.0,0.0
3606,2005-10-26,SZSE:002091,0.0,0.0,0.0,0.0,0.0,0.0,0.0,0.0,0.0,0.0,0.0,0.0,0.0,0.0,0.0,0.0,0.0,0.0,0.0,0.0,0.0,0.0,0.0,0.0,0.0,0.0,0.0,0.0,1.0,0.0,0.0,0.0,0.0,0.0,0.0,0.0,0.0
3607,2005-10-27,SZSE:002091,0.0,0.0,0.0,0.0,0.0,0.0,0.0,0.0,0.0,0.0,0.0,0.0,0.0,0.0,0.0,0.0,0.0,0.0,0.0,0.0,0.0,0.0,0.0,0.0,0.0,0.0,0.0,0.0,1.0,0.0,0.0,0.0,0.0,0.0,0.0,0.0,0.0
3608,2005-10-28,SZSE:002091,0.0,0.0,0.0,0.0,0.0,0.0,0.0,0.0,0.0,0.0,0.0,0.0,0.0,0.0,0.0,0.0,0.0,0.0,0.0,0.0,0.0,0.0,0.0,0.0,0.0,0.0,0.0,0.0,1.0,0.0,0.0,0.0,0.0,0.0,0.0,0.0,0.0
3609,2005-10-31,SZSE:002091,0.0,0.0,0.0,0.0,0.0,0.0,0.0,0.0,0.0,0.0,0.0,0.0,0.0,0.0,0.0,0.0,0.0,0.0,0.0,0.0,0.0,0.0,0.0,0.0,0.0,0.0,0.0,0.0,1.0,0.0,0.0,0.0,0.0,0.0,0.0,0.0,0.0
3610,2005-11-01,SZSE:002091,0.0,0.0,0.0,0.0,0.0,0.0,0.0,0.0,0.0,0.0,0.0,0.0,0.0,0.0,0.0,0.0,0.0,0.0,0.0,0.0,0.0,0.0,0.0,0.0,0.0,0.0,0.0,0.0,1.0,0.0,0.0,0.0,0.0,0.0,0.0,0.0,0.0
3611,2005-11-02,SZSE:002091,0.0,0.0,0.0,0.0,0.0,0.0,0.0,0.0,0.0,0.0,0.0,0.0,0.0,0.0,0.0,0.0,0.0,0.0,0.0,0.0,0.0,0.0,0.0,0.0,0.0,0.0,0.0,0.0,1.0,0.0,0.0,0.0,0.0,0.0,0.0,0.0,0.0
3612,2005-11-03,SZSE:002091,0.0,0.0,0.0,0.0,0.0,0.0,0.0,0.0,0.0,0.0,0.0,0.0,0.0,0.0,0.0,0.0,0.0,0.0,0.0,0.0,0.0,0.0,0.0,0.0,0.0,0.0,0.0,0.0,1.0,0.0,0.0,0.0,0.0,0.0,0.0,0.0,0.0
3613,2005-11-04,SZSE:002091,0.0,0.0,0.0,0.0,0.0,0.0,0.0,0.0,0.0,0.0,0.0,0.0,0.0,0.0,0.0,0.0,0.0,0.0,0.0,0.0,0.0,0.0,0.0,0.0,0.0,0.0,0.0,0.0,1.0,0.0,0.0,0.0,0.0,0.0,0.0,0.0,0.0
3614,2005-11-07,SZSE:002091,0.0,0.0,0.0,0.0,0.0,0.0,0.0,0.0,0.0,0.0,0.0,0.0,0.0,0.0,0.0,0.0,0.0,0.0,0.0,0.0,0.0,0.0,0.0,0.0,0.0,0.0,0.0,0.0,1.0,0.0,0.0,0.0,0.0,0.0,0.0,0.0,0.0
3615,2005-11-08,SZSE:002091,0.0,0.0,0.0,0.0,0.0,0.0,0.0,0.0,0.0,0.0,0.0,0.0,0.0,0.0,0.0,0.0,0.0,0.0,0.0,0.0,0.0,0.0,0.0,0.0,0.0,0.0,0.0,0.0,1.0,0.0,0.0,0.0,0.0,0.0,0.0,0.0,0.0
3616,2005-11-09,SZSE:002091,0.0,0.0,0.0,0.0,0.0,0.0,0.0,0.0,0.0,0.0,0.0,0.0,0.0,0.0,0.0,0.0,0.0,0.0,0.0,0.0,0.0,0.0,0.0,0.0,0.0,0.0,0.0,0.0,1.0,0.0,0.0,0.0,0.0,0.0,0.0,0.0,0.0
3617,2005-11-10,SZSE:002091,0.0,0.0,0.0,0.0,0.0,0.0,0.0,0.0,0.0,0.0,0.0,0.0,0.0,0.0,0.0,0.0,0.0,0.0,0.0,0.0,0.0,0.0,0.0,0.0,0.0,0.0,0.0,0.0,1.0,0.0,0.0,0.0,0.0,0.0,0.0,0.0,0.0
3618,2005-11-11,SZSE:002091,0.0,0.0,0.0,0.0,0.0,0.0,0.0,0.0,0.0,0.0,0.0,0.0,0.0,0.0,0.0,0.0,0.0,0.0,0.0,0.0,0.0,0.0,0.0,0.0,0.0,0.0,0.0,0.0,1.0,0.0,0.0,0.0,0.0,0.0,0.0,0.0,0.0
3619,2005-11-14,SZSE:002091,0.0,0.0,0.0,0.0,0.0,0.0,0.0,0.0,0.0,0.0,0.0,0.0,0.0,0.0,0.0,0.0,0.0,0.0,0.0,0.0,0.0,0.0,0.0,0.0,0.0,0.0,0.0,0.0,1.0,0.0,0.0,0.0,0.0,0.0,0.0,0.0,0.0
3620,2005-11-15,SZSE:002091,0.0,0.0,0.0,0.0,0.0,0.0,0.0,0.0,0.0,0.0,0.0,0.0,0.0,0.0,0.0,0.0,0.0,0.0,0.0,0.0,0.0,0.0,0.0,0.0,0.0,0.0,0.0,0.0,1.0,0.0,0.0,0.0,0.0,0.0,0.0,0.0,0.0
3621,2005-11-16,SZSE:002091,0.0,0.0,0.0,0.0,0.0,0.0,0.0,0.0,0.0,0.0,0.0,0.0,0.0,0.0,0.0,0.0,0.0,0.0,0.0,0.0,0.0,0.0,0.0,0.0,0.0,0.0,0.0,0.0,1.0,0.0,0.0,0.0,0.0,0.0,0.0,0.0,0.0
3622,2005-11-17,SZSE:002091,0.0,0.0,0.0,0.0,0.0,0.0,0.0,0.0,0.0,0.0,0.0,0.0,0.0,0.0,0.0,0.0,0.0,0.0,0.0,0.0,0.0,0.0,0.0,0.0,0.0,0.0,0.0,0.0,1.0,0.0,0.0,0.0,0.0,0.0,0.0,0.0,0.0
3623,2005-11-18,SZSE:002091,0.0,0.0,0.0,0.0,0.0,0.0,0.0,0.0,0.0,0.0,0.0,0.0,0.0,0.0,0.0,0.0,0.0,0.0,0.0,0.0,0.0,0.0,0.0,0.0,0.0,0.0,0.0,0.0,1.0,0.0,0.0,0.0,0.0,0.0,0.0,0.0,0.0
3624,2005-11-21,SZSE:002091,0.0,0.0,0.0,0.0,0.0,0.0,0.0,0.0,0.0,0.0,0.0,0.0,0.0,0.0,0.0,0.0,0.0,0.0,0.0,0.0,0.0,0.0,0.0,0.0,0.0,0.0,0.0,0.0,1.0,0.0,0.0,0.0,0.0,0.0,0.0,0.0,0.0
3625,2005-11-22,SZSE:002091,0.0,0.0,0.0,0.0,0.0,0.0,0.0,0.0,0.0,0.0,0.0,0.0,0.0,0.0,0.0,0.0,0.0,0.0,0.0,0.0,0.0,0.0,0.0,0.0,0.0,0.0,0.0,0.0,1.0,0.0,0.0,0.0,0.0,0.0,0.0,0.0,0.0
3626,2005-11-23,SZSE:002091,0.0,0.0,0.0,0.0,0.0,0.0,0.0,0.0,0.0,0.0,0.0,0.0,0.0,0.0,0.0,0.0,0.0,0.0,0.0,0.0,0.0,0.0,0.0,0.0,0.0,0.0,0.0,0.0,1.0,0.0,0.0,0.0,0.0,0.0,0.0,0.0,0.0
3627,2005-11-24,SZSE:002091,0.0,0.0,0.0,0.0,0.0,0.0,0.0,0.0,0.0,0.0,0.0,0.0,0.0,0.0,0.0,0.0,0.0,0.0,0.0,0.0,0.0,0.0,0.0,0.0,0.0,0.0,0.0,0.0,1.0,0.0,0.0,0.0,0.0,0.0,0.0,0.0,0.0
3628,2005-11-25,SZSE:002091,0.0,0.0,0.0,0.0,0.0,0.0,0.0,0.0,0.0,0.0,0.0,0.0,0.0,0.0,0.0,0.0,0.0,0.0,0.0,0.0,0.0,0.0,0.0,0.0,0.0,0.0,0.0,0.0,1.0,0.0,0.0,0.0,0.0,0.0,0.0,0.0,0.0
3629,2005-11-28,SZSE:002091,0.0,0.0,0.0,0.0,0.0,0.0,0.0,0.0,0.0,0.0,0.0,0.0,0.0,0.0,0.0,0.0,0.0,0.0,0.0,0.0,0.0,0.0,0.0,0.0,0.0,0.0,0.0,0.0,1.0,0.0,0.0,0.0,0.0,0.0,0.0,0.0,0.0
3630,2005-11-29,SZSE:002091,0.0,0.0,0.0,0.0,0.0,0.0,0.0,0.0,0.0,0.0,0.0,0.0,0.0,0.0,0.0,0.0,0.0,0.0,0.0,0.0,0.0,0.0,0.0,0.0,0.0,0.0,0.0,0.0,1.0,0.0,0.0,0.0,0.0,0.0,0.0,0.0,0.0
3631,2005-11-30,SZSE:002091,0.0,0.0,0.0,0.0,0.0,0.0,0.0,0.0,0.0,0.0,0.0,0.0,0.0,0.0,0.0,0.0,0.0,0.0,0.0,0.0,0.0,0.0,0.0,0.0,0.0,0.0,0.0,0.0,1.0,0.0,0.0,0.0,0.0,0.0,0.0,0.0,0.0
3632,2005-12-01,SZSE:002091,0.0,0.0,0.0,0.0,0.0,0.0,0.0,0.0,0.0,0.0,0.0,0.0,0.0,0.0,0.0,0.0,0.0,0.0,0.0,0.0,0.0,0.0,0.0,0.0,0.0,0.0,0.0,0.0,1.0,0.0,0.0,0.0,0.0,0.0,0.0,0.0,0.0
3633,2005-12-02,SZSE:002091,0.0,0.0,0.0,0.0,0.0,0.0,0.0,0.0,0.0,0.0,0.0,0.0,0.0,0.0,0.0,0.0,0.0,0.0,0.0,0.0,0.0,0.0,0.0,0.0,0.0,0.0,0.0,0.0,1.0,0.0,0.0,0.0,0.0,0.0,0.0,0.0,0.0
3634,2005-12-05,SZSE:002091,0.0,0.0,0.0,0.0,0.0,0.0,0.0,0.0,0.0,0.0,0.0,0.0,0.0,0.0,0.0,0.0,0.0,0.0,0.0,0.0,0.0,0.0,0.0,0.0,0.0,0.0,0.0,0.0,1.0,0.0,0.0,0.0,0.0,0.0,0.0,0.0,0.0
3635,2005-12-06,SZSE:002091,0.0,0.0,0.0,0.0,0.0,0.0,0.0,0.0,0.0,0.0,0.0,0.0,0.0,0.0,0.0,0.0,0.0,0.0,0.0,0.0,0.0,0.0,0.0,0.0,0.0,0.0,0.0,0.0,1.0,0.0,0.0,0.0,0.0,0.0,0.0,0.0,0.0
3636,2005-12-07,SZSE:002091,0.0,0.0,0.0,0.0,0.0,0.0,0.0,0.0,0.0,0.0,0.0,0.0,0.0,0.0,0.0,0.0,0.0,0.0,0.0,0.0,0.0,0.0,0.0,0.0,0.0,0.0,0.0,0.0,1.0,0.0,0.0,0.0,0.0,0.0,0.0,0.0,0.0
3637,2005-12-08,SZSE:002091,0.0,0.0,0.0,0.0,0.0,0.0,0.0,0.0,0.0,0.0,0.0,0.0,0.0,0.0,0.0,0.0,0.0,0.0,0.0,0.0,0.0,0.0,0.0,0.0,0.0,0.0,0.0,0.0,1.0,0.0,0.0,0.0,0.0,0.0,0.0,0.0,0.0
3638,2005-12-09,SZSE:002091,0.0,0.0,0.0,0.0,0.0,0.0,0.0,0.0,0.0,0.0,0.0,0.0,0.0,0.0,0.0,0.0,0.0,0.0,0.0,0.0,0.0,0.0,0.0,0.0,0.0,0.0,0.0,0.0,1.0,0.0,0.0,0.0,0.0,0.0,0.0,0.0,0.0
3639,2005-12-12,SZSE:002091,0.0,0.0,0.0,0.0,0.0,0.0,0.0,0.0,0.0,0.0,0.0,0.0,0.0,0.0,0.0,0.0,0.0,0.0,0.0,0.0,0.0,0.0,0.0,0.0,0.0,0.0,0.0,0.0,1.0,0.0,0.0,0.0,0.0,0.0,0.0,0.0,0.0
3640,2005-12-13,SZSE:002091,0.0,0.0,0.0,0.0,0.0,0.0,0.0,0.0,0.0,0.0,0.0,0.0,0.0,0.0,0.0,0.0,0.0,0.0,0.0,0.0,0.0,0.0,0.0,0.0,0.0,0.0,0.0,0.0,1.0,0.0,0.0,0.0,0.0,0.0,0.0,0.0,0.0
3641,2005-12-14,SZSE:002091,0.0,0.0,0.0,0.0,0.0,0.0,0.0,0.0,0.0,0.0,0.0,0.0,0.0,0.0,0.0,0.0,0.0,0.0,0.0,0.0,0.0,0.0,0.0,0.0,0.0,0.0,0.0,0.0,1.0,0.0,0.0,0.0,0.0,0.0,0.0,0.0,0.0
3642,2005-12-15,SZSE:002091,0.0,0.0,0.0,0.0,0.0,0.0,0.0,0.0,0.0,0.0,0.0,0.0,0.0,0.0,0.0,0.0,0.0,0.0,0.0,0.0,0.0,0.0,0.0,0.0,0.0,0.0,0.0,0.0,1.0,0.0,0.0,0.0,0.0,0.0,0.0,0.0,0.0
3643,2005-12-16,SZSE:002091,0.0,0.0,0.0,0.0,0.0,0.0,0.0,0.0,0.0,0.0,0.0,0.0,0.0,0.0,0.0,0.0,0.0,0.0,0.0,0.0,0.0,0.0,0.0,0.0,0.0,0.0,0.0,0.0,1.0,0.0,0.0,0.0,0.0,0.0,0.0,0.0,0.0
3644,2005-12-19,SZSE:002091,0.0,0.0,0.0,0.0,0.0,0.0,0.0,0.0,0.0,0.0,0.0,0.0,0.0,0.0,0.0,0.0,0.0,0.0,0.0,0.0,0.0,0.0,0.0,0.0,0.0,0.0,0.0,0.0,1.0,0.0,0.0,0.0,0.0,0.0,0.0,0.0,0.0
3645,2005-12-20,SZSE:002091,0.0,0.0,0.0,0.0,0.0,0.0,0.0,0.0,0.0,0.0,0.0,0.0,0.0,0.0,0.0,0.0,0.0,0.0,0.0,0.0,0.0,0.0,0.0,0.0,0.0,0.0,0.0,0.0,1.0,0.0,0.0,0.0,0.0,0.0,0.0,0.0,0.0
3646,2005-12-21,SZSE:002091,0.0,0.0,0.0,0.0,0.0,0.0,0.0,0.0,0.0,0.0,0.0,0.0,0.0,0.0,0.0,0.0,0.0,0.0,0.0,0.0,0.0,0.0,0.0,0.0,0.0,0.0,0.0,0.0,1.0,0.0,0.0,0.0,0.0,0.0,0.0,0.0,0.0
3647,2005-12-22,SZSE:002091,0.0,0.0,0.0,0.0,0.0,0.0,0.0,0.0,0.0,0.0,0.0,0.0,0.0,0.0,0.0,0.0,0.0,0.0,0.0,0.0,0.0,0.0,0.0,0.0,0.0,0.0,0.0,0.0,1.0,0.0,0.0,0.0,0.0,0.0,0.0,0.0,0.0
3648,2005-12-23,SZSE:002091,0.0,0.0,0.0,0.0,0.0,0.0,0.0,0.0,0.0,0.0,0.0,0.0,0.0,0.0,0.0,0.0,0.0,0.0,0.0,0.0,0.0,0.0,0.0,0.0,0.0,0.0,0.0,0.0,1.0,0.0,0.0,0.0,0.0,0.0,0.0,0.0,0.0
3649,2005-12-26,SZSE:002091,0.0,0.0,0.0,0.0,0.0,0.0,0.0,0.0,0.0,0.0,0.0,0.0,0.0,0.0,0.0,0.0,0.0,0.0,0.0,0.0,0.0,0.0,0.0,0.0,0.0,0.0,0.0,0.0,1.0,0.0,0.0,0.0,0.0,0.0,0.0,0.0,0.0
3650,2005-12-27,SZSE:002091,0.0,0.0,0.0,0.0,0.0,0.0,0.0,0.0,0.0,0.0,0.0,0.0,0.0,0.0,0.0,0.0,0.0,0.0,0.0,0.0,0.0,0.0,0.0,0.0,0.0,0.0,0.0,0.0,1.0,0.0,0.0,0.0,0.0,0.0,0.0,0.0,0.0
3651,2005-12-28,SZSE:002091,0.0,0.0,0.0,0.0,0.0,0.0,0.0,0.0,0.0,0.0,0.0,0.0,0.0,0.0,0.0,0.0,0.0,0.0,0.0,0.0,0.0,0.0,0.0,0.0,0.0,0.0,0.0,0.0,1.0,0.0,0.0,0.0,0.0,0.0,0.0,0.0,0.0
3652,2005-12-29,SZSE:002091,0.0,0.0,0.0,0.0,0.0,0.0,0.0,0.0,0.0,0.0,0.0,0.0,0.0,0.0,0.0,0.0,0.0,0.0,0.0,0.0,0.0,0.0,0.0,0.0,0.0,0.0,0.0,0.0,1.0,0.0,0.0,0.0,0.0,0.0,0.0,0.0,0.0
3653,2005-12-30,SZSE:002091,0.0,0.0,0.0,0.0,0.0,0.0,0.0,0.0,0.0,0.0,0.0,0.0,0.0,0.0,0.0,0.0,0.0,0.0,0.0,0.0,0.0,0.0,0.0,0.0,0.0,0.0,0.0,0.0,1.0,0.0,0.0,0.0,0.0,0.0,0.0,0.0,0.0
3654,2006-01-02,SZSE:002091,0.0,0.0,0.0,0.0,0.0,0.0,0.0,0.0,0.0,0.0,0.0,0.0,0.0,0.0,0.0,0.0,0.0,0.0,0.0,0.0,0.0,0.0,0.0,0.0,0.0,0.0,0.0,0.0,1.0,0.0,0.0,0.0,0.0,0.0,0.0,0.0,0.0
3655,2006-01-03,SZSE:002091,0.0,0.0,0.0,0.0,0.0,0.0,0.0,0.0,0.0,0.0,0.0,0.0,0.0,0.0,0.0,0.0,0.0,0.0,0.0,0.0,0.0,0.0,0.0,0.0,0.0,0.0,0.0,0.0,1.0,0.0,0.0,0.0,0.0,0.0,0.0,0.0,0.0
3656,2006-01-04,SZSE:002091,0.0,0.0,0.0,0.0,0.0,0.0,0.0,0.0,0.0,0.0,0.0,0.0,0.0,0.0,0.0,0.0,0.0,0.0,0.0,0.0,0.0,0.0,0.0,0.0,0.0,0.0,0.0,0.0,1.0,0.0,0.0,0.0,0.0,0.0,0.0,0.0,0.0
3657,2006-01-05,SZSE:002091,0.0,0.0,0.0,0.0,0.0,0.0,0.0,0.0,0.0,0.0,0.0,0.0,0.0,0.0,0.0,0.0,0.0,0.0,0.0,0.0,0.0,0.0,0.0,0.0,0.0,0.0,0.0,0.0,1.0,0.0,0.0,0.0,0.0,0.0,0.0,0.0,0.0
3658,2006-01-06,SZSE:002091,0.0,0.0,0.0,0.0,0.0,0.0,0.0,0.0,0.0,0.0,0.0,0.0,0.0,0.0,0.0,0.0,0.0,0.0,0.0,0.0,0.0,0.0,0.0,0.0,0.0,0.0,0.0,0.0,1.0,0.0,0.0,0.0,0.0,0.0,0.0,0.0,0.0
3659,2006-01-09,SZSE:002091,0.0,0.0,0.0,0.0,0.0,0.0,0.0,0.0,0.0,0.0,0.0,0.0,0.0,0.0,0.0,0.0,0.0,0.0,0.0,0.0,0.0,0.0,0.0,0.0,0.0,0.0,0.0,0.0,1.0,0.0,0.0,0.0,0.0,0.0,0.0,0.0,0.0
3660,2006-01-10,SZSE:002091,0.0,0.0,0.0,0.0,0.0,0.0,0.0,0.0,0.0,0.0,0.0,0.0,0.0,0.0,0.0,0.0,0.0,0.0,0.0,0.0,0.0,0.0,0.0,0.0,0.0,0.0,0.0,0.0,1.0,0.0,0.0,0.0,0.0,0.0,0.0,0.0,0.0
3661,2006-01-11,SZSE:002091,0.0,0.0,0.0,0.0,0.0,0.0,0.0,0.0,0.0,0.0,0.0,0.0,0.0,0.0,0.0,0.0,0.0,0.0,0.0,0.0,0.0,0.0,0.0,0.0,0.0,0.0,0.0,0.0,1.0,0.0,0.0,0.0,0.0,0.0,0.0,0.0,0.0
3662,2006-01-12,SZSE:002091,0.0,0.0,0.0,0.0,0.0,0.0,0.0,0.0,0.0,0.0,0.0,0.0,0.0,0.0,0.0,0.0,0.0,0.0,0.0,0.0,0.0,0.0,0.0,0.0,0.0,0.0,0.0,0.0,1.0,0.0,0.0,0.0,0.0,0.0,0.0,0.0,0.0
3663,2006-01-13,SZSE:002091,0.0,0.0,0.0,0.0,0.0,0.0,0.0,0.0,0.0,0.0,0.0,0.0,0.0,0.0,0.0,0.0,0.0,0.0,0.0,0.0,0.0,0.0,0.0,0.0,0.0,0.0,0.0,0.0,1.0,0.0,0.0,0.0,0.0,0.0,0.0,0.0,0.0
3664,2006-01-16,SZSE:002091,0.0,0.0,0.0,0.0,0.0,0.0,0.0,0.0,0.0,0.0,0.0,0.0,0.0,0.0,0.0,0.0,0.0,0.0,0.0,0.0,0.0,0.0,0.0,0.0,0.0,0.0,0.0,0.0,1.0,0.0,0.0,0.0,0.0,0.0,0.0,0.0,0.0
3665,2006-01-17,SZSE:002091,0.0,0.0,0.0,0.0,0.0,0.0,0.0,0.0,0.0,0.0,0.0,0.0,0.0,0.0,0.0,0.0,0.0,0.0,0.0,0.0,0.0,0.0,0.0,0.0,0.0,0.0,0.0,0.0,1.0,0.0,0.0,0.0,0.0,0.0,0.0,0.0,0.0
3666,2006-01-18,SZSE:002091,0.0,0.0,0.0,0.0,0.0,0.0,0.0,0.0,0.0,0.0,0.0,0.0,0.0,0.0,0.0,0.0,0.0,0.0,0.0,0.0,0.0,0.0,0.0,0.0,0.0,0.0,0.0,0.0,1.0,0.0,0.0,0.0,0.0,0.0,0.0,0.0,0.0
3667,2006-01-19,SZSE:002091,0.0,0.0,0.0,0.0,0.0,0.0,0.0,0.0,0.0,0.0,0.0,0.0,0.0,0.0,0.0,0.0,0.0,0.0,0.0,0.0,0.0,0.0,0.0,0.0,0.0,0.0,0.0,0.0,1.0,0.0,0.0,0.0,0.0,0.0,0.0,0.0,0.0
3668,2006-01-20,SZSE:002091,0.0,0.0,0.0,0.0,0.0,0.0,0.0,0.0,0.0,0.0,0.0,0.0,0.0,0.0,0.0,0.0,0.0,0.0,0.0,0.0,0.0,0.0,0.0,0.0,0.0,0.0,0.0,0.0,1.0,0.0,0.0,0.0,0.0,0.0,0.0,0.0,0.0
3669,2006-01-23,SZSE:002091,0.0,0.0,0.0,0.0,0.0,0.0,0.0,0.0,0.0,0.0,0.0,0.0,0.0,0.0,0.0,0.0,0.0,0.0,0.0,0.0,0.0,0.0,0.0,0.0,0.0,0.0,0.0,0.0,1.0,0.0,0.0,0.0,0.0,0.0,0.0,0.0,0.0
3670,2006-01-24,SZSE:002091,0.0,0.0,0.0,0.0,0.0,0.0,0.0,0.0,0.0,0.0,0.0,0.0,0.0,0.0,0.0,0.0,0.0,0.0,0.0,0.0,0.0,0.0,0.0,0.0,0.0,0.0,0.0,0.0,1.0,0.0,0.0,0.0,0.0,0.0,0.0,0.0,0.0
3671,2006-01-25,SZSE:002091,0.0,0.0,0.0,0.0,0.0,0.0,0.0,0.0,0.0,0.0,0.0,0.0,0.0,0.0,0.0,0.0,0.0,0.0,0.0,0.0,0.0,0.0,0.0,0.0,0.0,0.0,0.0,0.0,1.0,0.0,0.0,0.0,0.0,0.0,0.0,0.0,0.0
3672,2006-01-26,SZSE:002091,0.0,0.0,0.0,0.0,0.0,0.0,0.0,0.0,0.0,0.0,0.0,0.0,0.0,0.0,0.0,0.0,0.0,0.0,0.0,0.0,0.0,0.0,0.0,0.0,0.0,0.0,0.0,0.0,1.0,0.0,0.0,0.0,0.0,0.0,0.0,0.0,0.0
3673,2006-01-27,SZSE:002091,0.0,0.0,0.0,0.0,0.0,0.0,0.0,0.0,0.0,0.0,0.0,0.0,0.0,0.0,0.0,0.0,0.0,0.0,0.0,0.0,0.0,0.0,0.0,0.0,0.0,0.0,0.0,0.0,1.0,0.0,0.0,0.0,0.0,0.0,0.0,0.0,0.0
3674,2006-01-30,SZSE:002091,0.0,0.0,0.0,0.0,0.0,0.0,0.0,0.0,0.0,0.0,0.0,0.0,0.0,0.0,0.0,0.0,0.0,0.0,0.0,0.0,0.0,0.0,0.0,0.0,0.0,0.0,0.0,0.0,1.0,0.0,0.0,0.0,0.0,0.0,0.0,0.0,0.0
3675,2006-01-31,SZSE:002091,0.0,0.0,0.0,0.0,0.0,0.0,0.0,0.0,0.0,0.0,0.0,0.0,0.0,0.0,0.0,0.0,0.0,0.0,0.0,0.0,0.0,0.0,0.0,0.0,0.0,0.0,0.0,0.0,1.0,0.0,0.0,0.0,0.0,0.0,0.0,0.0,0.0
3676,2006-02-01,SZSE:002091,0.0,0.0,0.0,0.0,0.0,0.0,0.0,0.0,0.0,0.0,0.0,0.0,0.0,0.0,0.0,0.0,0.0,0.0,0.0,0.0,0.0,0.0,0.0,0.0,0.0,0.0,0.0,0.0,1.0,0.0,0.0,0.0,0.0,0.0,0.0,0.0,0.0
3677,2006-02-02,SZSE:002091,0.0,0.0,0.0,0.0,0.0,0.0,0.0,0.0,0.0,0.0,0.0,0.0,0.0,0.0,0.0,0.0,0.0,0.0,0.0,0.0,0.0,0.0,0.0,0.0,0.0,0.0,0.0,0.0,1.0,0.0,0.0,0.0,0.0,0.0,0.0,0.0,0.0
3678,2006-02-03,SZSE:002091,0.0,0.0,0.0,0.0,0.0,0.0,0.0,0.0,0.0,0.0,0.0,0.0,0.0,0.0,0.0,0.0,0.0,0.0,0.0,0.0,0.0,0.0,0.0,0.0,0.0,0.0,0.0,0.0,1.0,0.0,0.0,0.0,0.0,0.0,0.0,0.0,0.0
3679,2006-02-06,SZSE:002091,0.0,0.0,0.0,0.0,0.0,0.0,0.0,0.0,0.0,0.0,0.0,0.0,0.0,0.0,0.0,0.0,0.0,0.0,0.0,0.0,0.0,0.0,0.0,0.0,0.0,0.0,0.0,0.0,1.0,0.0,0.0,0.0,0.0,0.0,0.0,0.0,0.0
3680,2006-02-07,SZSE:002091,0.0,0.0,0.0,0.0,0.0,0.0,0.0,0.0,0.0,0.0,0.0,0.0,0.0,0.0,0.0,0.0,0.0,0.0,0.0,0.0,0.0,0.0,0.0,0.0,0.0,0.0,0.0,0.0,1.0,0.0,0.0,0.0,0.0,0.0,0.0,0.0,0.0
3681,2006-02-08,SZSE:002091,0.0,0.0,0.0,0.0,0.0,0.0,0.0,0.0,0.0,0.0,0.0,0.0,0.0,0.0,0.0,0.0,0.0,0.0,0.0,0.0,0.0,0.0,0.0,0.0,0.0,0.0,0.0,0.0,1.0,0.0,0.0,0.0,0.0,0.0,0.0,0.0,0.0
3682,2006-02-09,SZSE:002091,0.0,0.0,0.0,0.0,0.0,0.0,0.0,0.0,0.0,0.0,0.0,0.0,0.0,0.0,0.0,0.0,0.0,0.0,0.0,0.0,0.0,0.0,0.0,0.0,0.0,0.0,0.0,0.0,1.0,0.0,0.0,0.0,0.0,0.0,0.0,0.0,0.0
3683,2006-02-10,SZSE:002091,0.0,0.0,0.0,0.0,0.0,0.0,0.0,0.0,0.0,0.0,0.0,0.0,0.0,0.0,0.0,0.0,0.0,0.0,0.0,0.0,0.0,0.0,0.0,0.0,0.0,0.0,0.0,0.0,1.0,0.0,0.0,0.0,0.0,0.0,0.0,0.0,0.0
3684,2006-02-13,SZSE:002091,0.0,0.0,0.0,0.0,0.0,0.0,0.0,0.0,0.0,0.0,0.0,0.0,0.0,0.0,0.0,0.0,0.0,0.0,0.0,0.0,0.0,0.0,0.0,0.0,0.0,0.0,0.0,0.0,1.0,0.0,0.0,0.0,0.0,0.0,0.0,0.0,0.0
3685,2006-02-14,SZSE:002091,0.0,0.0,0.0,0.0,0.0,0.0,0.0,0.0,0.0,0.0,0.0,0.0,0.0,0.0,0.0,0.0,0.0,0.0,0.0,0.0,0.0,0.0,0.0,0.0,0.0,0.0,0.0,0.0,1.0,0.0,0.0,0.0,0.0,0.0,0.0,0.0,0.0
3686,2006-02-15,SZSE:002091,0.0,0.0,0.0,0.0,0.0,0.0,0.0,0.0,0.0,0.0,0.0,0.0,0.0,0.0,0.0,0.0,0.0,0.0,0.0,0.0,0.0,0.0,0.0,0.0,0.0,0.0,0.0,0.0,1.0,0.0,0.0,0.0,0.0,0.0,0.0,0.0,0.0
3687,2006-02-16,SZSE:002091,0.0,0.0,0.0,0.0,0.0,0.0,0.0,0.0,0.0,0.0,0.0,0.0,0.0,0.0,0.0,0.0,0.0,0.0,0.0,0.0,0.0,0.0,0.0,0.0,0.0,0.0,0.0,0.0,1.0,0.0,0.0,0.0,0.0,0.0,0.0,0.0,0.0
3688,2006-02-17,SZSE:002091,0.0,0.0,0.0,0.0,0.0,0.0,0.0,0.0,0.0,0.0,0.0,0.0,0.0,0.0,0.0,0.0,0.0,0.0,0.0,0.0,0.0,0.0,0.0,0.0,0.0,0.0,0.0,0.0,1.0,0.0,0.0,0.0,0.0,0.0,0.0,0.0,0.0
3689,2006-02-20,SZSE:002091,0.0,0.0,0.0,0.0,0.0,0.0,0.0,0.0,0.0,0.0,0.0,0.0,0.0,0.0,0.0,0.0,0.0,0.0,0.0,0.0,0.0,0.0,0.0,0.0,0.0,0.0,0.0,0.0,1.0,0.0,0.0,0.0,0.0,0.0,0.0,0.0,0.0
3690,2006-02-21,SZSE:002091,0.0,0.0,0.0,0.0,0.0,0.0,0.0,0.0,0.0,0.0,0.0,0.0,0.0,0.0,0.0,0.0,0.0,0.0,0.0,0.0,0.0,0.0,0.0,0.0,0.0,0.0,0.0,0.0,1.0,0.0,0.0,0.0,0.0,0.0,0.0,0.0,0.0
3691,2006-02-22,SZSE:002091,0.0,0.0,0.0,0.0,0.0,0.0,0.0,0.0,0.0,0.0,0.0,0.0,0.0,0.0,0.0,0.0,0.0,0.0,0.0,0.0,0.0,0.0,0.0,0.0,0.0,0.0,0.0,0.0,1.0,0.0,0.0,0.0,0.0,0.0,0.0,0.0,0.0
3692,2006-02-23,SZSE:002091,0.0,0.0,0.0,0.0,0.0,0.0,0.0,0.0,0.0,0.0,0.0,0.0,0.0,0.0,0.0,0.0,0.0,0.0,0.0,0.0,0.0,0.0,0.0,0.0,0.0,0.0,0.0,0.0,1.0,0.0,0.0,0.0,0.0,0.0,0.0,0.0,0.0
3693,2006-02-24,SZSE:002091,0.0,0.0,0.0,0.0,0.0,0.0,0.0,0.0,0.0,0.0,0.0,0.0,0.0,0.0,0.0,0.0,0.0,0.0,0.0,0.0,0.0,0.0,0.0,0.0,0.0,0.0,0.0,0.0,1.0,0.0,0.0,0.0,0.0,0.0,0.0,0.0,0.0
3694,2006-02-27,SZSE:002091,0.0,0.0,0.0,0.0,0.0,0.0,0.0,0.0,0.0,0.0,0.0,0.0,0.0,0.0,0.0,0.0,0.0,0.0,0.0,0.0,0.0,0.0,0.0,0.0,0.0,0.0,0.0,0.0,1.0,0.0,0.0,0.0,0.0,0.0,0.0,0.0,0.0
3695,2006-02-28,SZSE:002091,0.0,0.0,0.0,0.0,0.0,0.0,0.0,0.0,0.0,0.0,0.0,0.0,0.0,0.0,0.0,0.0,0.0,0.0,0.0,0.0,0.0,0.0,0.0,0.0,0.0,0.0,0.0,0.0,1.0,0.0,0.0,0.0,0.0,0.0,0.0,0.0,0.0
3696,2006-03-01,SZSE:002091,0.0,0.0,0.0,0.0,0.0,0.0,0.0,0.0,0.0,0.0,0.0,0.0,0.0,0.0,0.0,0.0,0.0,0.0,0.0,0.0,0.0,0.0,0.0,0.0,0.0,0.0,0.0,0.0,1.0,0.0,0.0,0.0,0.0,0.0,0.0,0.0,0.0
3697,2006-03-02,SZSE:002091,0.0,0.0,0.0,0.0,0.0,0.0,0.0,0.0,0.0,0.0,0.0,0.0,0.0,0.0,0.0,0.0,0.0,0.0,0.0,0.0,0.0,0.0,0.0,0.0,0.0,0.0,0.0,0.0,1.0,0.0,0.0,0.0,0.0,0.0,0.0,0.0,0.0
3698,2006-03-03,SZSE:002091,0.0,0.0,0.0,0.0,0.0,0.0,0.0,0.0,0.0,0.0,0.0,0.0,0.0,0.0,0.0,0.0,0.0,0.0,0.0,0.0,0.0,0.0,0.0,0.0,0.0,0.0,0.0,0.0,1.0,0.0,0.0,0.0,0.0,0.0,0.0,0.0,0.0
3699,2006-03-06,SZSE:002091,0.0,0.0,0.0,0.0,0.0,0.0,0.0,0.0,0.0,0.0,0.0,0.0,0.0,0.0,0.0,0.0,0.0,0.0,0.0,0.0,0.0,0.0,0.0,0.0,0.0,0.0,0.0,0.0,1.0,0.0,0.0,0.0,0.0,0.0,0.0,0.0,0.0
3700,2006-03-07,SZSE:002091,0.0,0.0,0.0,0.0,0.0,0.0,0.0,0.0,0.0,0.0,0.0,0.0,0.0,0.0,0.0,0.0,0.0,0.0,0.0,0.0,0.0,0.0,0.0,0.0,0.0,0.0,0.0,0.0,1.0,0.0,0.0,0.0,0.0,0.0,0.0,0.0,0.0
3701,2006-03-08,SZSE:002091,0.0,0.0,0.0,0.0,0.0,0.0,0.0,0.0,0.0,0.0,0.0,0.0,0.0,0.0,0.0,0.0,0.0,0.0,0.0,0.0,0.0,0.0,0.0,0.0,0.0,0.0,0.0,0.0,1.0,0.0,0.0,0.0,0.0,0.0,0.0,0.0,0.0
3702,2006-03-09,SZSE:002091,0.0,0.0,0.0,0.0,0.0,0.0,0.0,0.0,0.0,0.0,0.0,0.0,0.0,0.0,0.0,0.0,0.0,0.0,0.0,0.0,0.0,0.0,0.0,0.0,0.0,0.0,0.0,0.0,1.0,0.0,0.0,0.0,0.0,0.0,0.0,0.0,0.0
3703,2006-03-10,SZSE:002091,0.0,0.0,0.0,0.0,0.0,0.0,0.0,0.0,0.0,0.0,0.0,0.0,0.0,0.0,0.0,0.0,0.0,0.0,0.0,0.0,0.0,0.0,0.0,0.0,0.0,0.0,0.0,0.0,1.0,0.0,0.0,0.0,0.0,0.0,0.0,0.0,0.0
3704,2006-03-13,SZSE:002091,0.0,0.0,0.0,0.0,0.0,0.0,0.0,0.0,0.0,0.0,0.0,0.0,0.0,0.0,0.0,0.0,0.0,0.0,0.0,0.0,0.0,0.0,0.0,0.0,0.0,0.0,0.0,0.0,1.0,0.0,0.0,0.0,0.0,0.0,0.0,0.0,0.0
3705,2006-03-14,SZSE:002091,0.0,0.0,0.0,0.0,0.0,0.0,0.0,0.0,0.0,0.0,0.0,0.0,0.0,0.0,0.0,0.0,0.0,0.0,0.0,0.0,0.0,0.0,0.0,0.0,0.0,0.0,0.0,0.0,1.0,0.0,0.0,0.0,0.0,0.0,0.0,0.0,0.0
3706,2006-03-15,SZSE:002091,0.0,0.0,0.0,0.0,0.0,0.0,0.0,0.0,0.0,0.0,0.0,0.0,0.0,0.0,0.0,0.0,0.0,0.0,0.0,0.0,0.0,0.0,0.0,0.0,0.0,0.0,0.0,0.0,1.0,0.0,0.0,0.0,0.0,0.0,0.0,0.0,0.0
3707,2006-03-16,SZSE:002091,0.0,0.0,0.0,0.0,0.0,0.0,0.0,0.0,0.0,0.0,0.0,0.0,0.0,0.0,0.0,0.0,0.0,0.0,0.0,0.0,0.0,0.0,0.0,0.0,0.0,0.0,0.0,0.0,1.0,0.0,0.0,0.0,0.0,0.0,0.0,0.0,0.0
3708,2006-03-17,SZSE:002091,0.0,0.0,0.0,0.0,0.0,0.0,0.0,0.0,0.0,0.0,0.0,0.0,0.0,0.0,0.0,0.0,0.0,0.0,0.0,0.0,0.0,0.0,0.0,0.0,0.0,0.0,0.0,0.0,1.0,0.0,0.0,0.0,0.0,0.0,0.0,0.0,0.0
3709,2006-03-20,SZSE:002091,0.0,0.0,0.0,0.0,0.0,0.0,0.0,0.0,0.0,0.0,0.0,0.0,0.0,0.0,0.0,0.0,0.0,0.0,0.0,0.0,0.0,0.0,0.0,0.0,0.0,0.0,0.0,0.0,1.0,0.0,0.0,0.0,0.0,0.0,0.0,0.0,0.0
3710,2006-03-21,SZSE:002091,0.0,0.0,0.0,0.0,0.0,0.0,0.0,0.0,0.0,0.0,0.0,0.0,0.0,0.0,0.0,0.0,0.0,0.0,0.0,0.0,0.0,0.0,0.0,0.0,0.0,0.0,0.0,0.0,1.0,0.0,0.0,0.0,0.0,0.0,0.0,0.0,0.0
3711,2006-03-22,SZSE:002091,0.0,0.0,0.0,0.0,0.0,0.0,0.0,0.0,0.0,0.0,0.0,0.0,0.0,0.0,0.0,0.0,0.0,0.0,0.0,0.0,0.0,0.0,0.0,0.0,0.0,0.0,0.0,0.0,1.0,0.0,0.0,0.0,0.0,0.0,0.0,0.0,0.0
3712,2006-03-23,SZSE:002091,0.0,0.0,0.0,0.0,0.0,0.0,0.0,0.0,0.0,0.0,0.0,0.0,0.0,0.0,0.0,0.0,0.0,0.0,0.0,0.0,0.0,0.0,0.0,0.0,0.0,0.0,0.0,0.0,1.0,0.0,0.0,0.0,0.0,0.0,0.0,0.0,0.0
3713,2006-03-24,SZSE:002091,0.0,0.0,0.0,0.0,0.0,0.0,0.0,0.0,0.0,0.0,0.0,0.0,0.0,0.0,0.0,0.0,0.0,0.0,0.0,0.0,0.0,0.0,0.0,0.0,0.0,0.0,0.0,0.0,1.0,0.0,0.0,0.0,0.0,0.0,0.0,0.0,0.0
3714,2006-03-27,SZSE:002091,0.0,0.0,0.0,0.0,0.0,0.0,0.0,0.0,0.0,0.0,0.0,0.0,0.0,0.0,0.0,0.0,0.0,0.0,0.0,0.0,0.0,0.0,0.0,0.0,0.0,0.0,0.0,0.0,1.0,0.0,0.0,0.0,0.0,0.0,0.0,0.0,0.0
3715,2006-03-28,SZSE:002091,0.0,0.0,0.0,0.0,0.0,0.0,0.0,0.0,0.0,0.0,0.0,0.0,0.0,0.0,0.0,0.0,0.0,0.0,0.0,0.0,0.0,0.0,0.0,0.0,0.0,0.0,0.0,0.0,1.0,0.0,0.0,0.0,0.0,0.0,0.0,0.0,0.0
3716,2006-03-29,SZSE:002091,0.0,0.0,0.0,0.0,0.0,0.0,0.0,0.0,0.0,0.0,0.0,0.0,0.0,0.0,0.0,0.0,0.0,0.0,0.0,0.0,0.0,0.0,0.0,0.0,0.0,0.0,0.0,0.0,1.0,0.0,0.0,0.0,0.0,0.0,0.0,0.0,0.0
3717,2006-03-30,SZSE:002091,0.0,0.0,0.0,0.0,0.0,0.0,0.0,0.0,0.0,0.0,0.0,0.0,0.0,0.0,0.0,0.0,0.0,0.0,0.0,0.0,0.0,0.0,0.0,0.0,0.0,0.0,0.0,0.0,1.0,0.0,0.0,0.0,0.0,0.0,0.0,0.0,0.0
3718,2006-03-31,SZSE:002091,0.0,0.0,0.0,0.0,0.0,0.0,0.0,0.0,0.0,0.0,0.0,0.0,0.0,0.0,0.0,0.0,0.0,0.0,0.0,0.0,0.0,0.0,0.0,0.0,0.0,0.0,0.0,0.0,1.0,0.0,0.0,0.0,0.0,0.0,0.0,0.0,0.0
3719,2006-04-03,SZSE:002091,0.0,0.0,0.0,0.0,0.0,0.0,0.0,0.0,0.0,0.0,0.0,0.0,0.0,0.0,0.0,0.0,0.0,0.0,0.0,0.0,0.0,0.0,0.0,0.0,0.0,0.0,0.0,0.0,1.0,0.0,0.0,0.0,0.0,0.0,0.0,0.0,0.0
3720,2006-04-04,SZSE:002091,0.0,0.0,0.0,0.0,0.0,0.0,0.0,0.0,0.0,0.0,0.0,0.0,0.0,0.0,0.0,0.0,0.0,0.0,0.0,0.0,0.0,0.0,0.0,0.0,0.0,0.0,0.0,0.0,1.0,0.0,0.0,0.0,0.0,0.0,0.0,0.0,0.0
3721,2006-04-05,SZSE:002091,0.0,0.0,0.0,0.0,0.0,0.0,0.0,0.0,0.0,0.0,0.0,0.0,0.0,0.0,0.0,0.0,0.0,0.0,0.0,0.0,0.0,0.0,0.0,0.0,0.0,0.0,0.0,0.0,1.0,0.0,0.0,0.0,0.0,0.0,0.0,0.0,0.0
3722,2006-04-06,SZSE:002091,0.0,0.0,0.0,0.0,0.0,0.0,0.0,0.0,0.0,0.0,0.0,0.0,0.0,0.0,0.0,0.0,0.0,0.0,0.0,0.0,0.0,0.0,0.0,0.0,0.0,0.0,0.0,0.0,1.0,0.0,0.0,0.0,0.0,0.0,0.0,0.0,0.0
3723,2006-04-07,SZSE:002091,0.0,0.0,0.0,0.0,0.0,0.0,0.0,0.0,0.0,0.0,0.0,0.0,0.0,0.0,0.0,0.0,0.0,0.0,0.0,0.0,0.0,0.0,0.0,0.0,0.0,0.0,0.0,0.0,1.0,0.0,0.0,0.0,0.0,0.0,0.0,0.0,0.0
3724,2006-04-10,SZSE:002091,0.0,0.0,0.0,0.0,0.0,0.0,0.0,0.0,0.0,0.0,0.0,0.0,0.0,0.0,0.0,0.0,0.0,0.0,0.0,0.0,0.0,0.0,0.0,0.0,0.0,0.0,0.0,0.0,1.0,0.0,0.0,0.0,0.0,0.0,0.0,0.0,0.0
3725,2006-04-11,SZSE:002091,0.0,0.0,0.0,0.0,0.0,0.0,0.0,0.0,0.0,0.0,0.0,0.0,0.0,0.0,0.0,0.0,0.0,0.0,0.0,0.0,0.0,0.0,0.0,0.0,0.0,0.0,0.0,0.0,1.0,0.0,0.0,0.0,0.0,0.0,0.0,0.0,0.0
3726,2006-04-12,SZSE:002091,0.0,0.0,0.0,0.0,0.0,0.0,0.0,0.0,0.0,0.0,0.0,0.0,0.0,0.0,0.0,0.0,0.0,0.0,0.0,0.0,0.0,0.0,0.0,0.0,0.0,0.0,0.0,0.0,1.0,0.0,0.0,0.0,0.0,0.0,0.0,0.0,0.0
3727,2006-04-13,SZSE:002091,0.0,0.0,0.0,0.0,0.0,0.0,0.0,0.0,0.0,0.0,0.0,0.0,0.0,0.0,0.0,0.0,0.0,0.0,0.0,0.0,0.0,0.0,0.0,0.0,0.0,0.0,0.0,0.0,1.0,0.0,0.0,0.0,0.0,0.0,0.0,0.0,0.0
3728,2006-04-14,SZSE:002091,0.0,0.0,0.0,0.0,0.0,0.0,0.0,0.0,0.0,0.0,0.0,0.0,0.0,0.0,0.0,0.0,0.0,0.0,0.0,0.0,0.0,0.0,0.0,0.0,0.0,0.0,0.0,0.0,1.0,0.0,0.0,0.0,0.0,0.0,0.0,0.0,0.0
3729,2006-04-17,SZSE:002091,0.0,0.0,0.0,0.0,0.0,0.0,0.0,0.0,0.0,0.0,0.0,0.0,0.0,0.0,0.0,0.0,0.0,0.0,0.0,0.0,0.0,0.0,0.0,0.0,0.0,0.0,0.0,0.0,1.0,0.0,0.0,0.0,0.0,0.0,0.0,0.0,0.0
3730,2006-04-18,SZSE:002091,0.0,0.0,0.0,0.0,0.0,0.0,0.0,0.0,0.0,0.0,0.0,0.0,0.0,0.0,0.0,0.0,0.0,0.0,0.0,0.0,0.0,0.0,0.0,0.0,0.0,0.0,0.0,0.0,1.0,0.0,0.0,0.0,0.0,0.0,0.0,0.0,0.0
3731,2006-04-19,SZSE:002091,0.0,0.0,0.0,0.0,0.0,0.0,0.0,0.0,0.0,0.0,0.0,0.0,0.0,0.0,0.0,0.0,0.0,0.0,0.0,0.0,0.0,0.0,0.0,0.0,0.0,0.0,0.0,0.0,1.0,0.0,0.0,0.0,0.0,0.0,0.0,0.0,0.0
3732,2006-04-20,SZSE:002091,0.0,0.0,0.0,0.0,0.0,0.0,0.0,0.0,0.0,0.0,0.0,0.0,0.0,0.0,0.0,0.0,0.0,0.0,0.0,0.0,0.0,0.0,0.0,0.0,0.0,0.0,0.0,0.0,1.0,0.0,0.0,0.0,0.0,0.0,0.0,0.0,0.0
3733,2006-04-21,SZSE:002091,0.0,0.0,0.0,0.0,0.0,0.0,0.0,0.0,0.0,0.0,0.0,0.0,0.0,0.0,0.0,0.0,0.0,0.0,0.0,0.0,0.0,0.0,0.0,0.0,0.0,0.0,0.0,0.0,1.0,0.0,0.0,0.0,0.0,0.0,0.0,0.0,0.0
3734,2006-04-24,SZSE:002091,0.0,0.0,0.0,0.0,0.0,0.0,0.0,0.0,0.0,0.0,0.0,0.0,0.0,0.0,0.0,0.0,0.0,0.0,0.0,0.0,0.0,0.0,0.0,0.0,0.0,0.0,0.0,0.0,1.0,0.0,0.0,0.0,0.0,0.0,0.0,0.0,0.0
3735,2006-04-25,SZSE:002091,0.0,0.0,0.0,0.0,0.0,0.0,0.0,0.0,0.0,0.0,0.0,0.0,0.0,0.0,0.0,0.0,0.0,0.0,0.0,0.0,0.0,0.0,0.0,0.0,0.0,0.0,0.0,0.0,1.0,0.0,0.0,0.0,0.0,0.0,0.0,0.0,0.0
3736,2006-04-26,SZSE:002091,0.0,0.0,0.0,0.0,0.0,0.0,0.0,0.0,0.0,0.0,0.0,0.0,0.0,0.0,0.0,0.0,0.0,0.0,0.0,0.0,0.0,0.0,0.0,0.0,0.0,0.0,0.0,0.0,1.0,0.0,0.0,0.0,0.0,0.0,0.0,0.0,0.0
3737,2006-04-27,SZSE:002091,0.0,0.0,0.0,0.0,0.0,0.0,0.0,0.0,0.0,0.0,0.0,0.0,0.0,0.0,0.0,0.0,0.0,0.0,0.0,0.0,0.0,0.0,0.0,0.0,0.0,0.0,0.0,0.0,1.0,0.0,0.0,0.0,0.0,0.0,0.0,0.0,0.0
3738,2006-04-28,SZSE:002091,0.0,0.0,0.0,0.0,0.0,0.0,0.0,0.0,0.0,0.0,0.0,0.0,0.0,0.0,0.0,0.0,0.0,0.0,0.0,0.0,0.0,0.0,0.0,0.0,0.0,0.0,0.0,0.0,1.0,0.0,0.0,0.0,0.0,0.0,0.0,0.0,0.0
3739,2006-05-01,SZSE:002091,0.0,0.0,0.0,0.0,0.0,0.0,0.0,0.0,0.0,0.0,0.0,0.0,0.0,0.0,0.0,0.0,0.0,0.0,0.0,0.0,0.0,0.0,0.0,0.0,0.0,0.0,0.0,0.0,1.0,0.0,0.0,0.0,0.0,0.0,0.0,0.0,0.0
3740,2006-05-02,SZSE:002091,0.0,0.0,0.0,0.0,0.0,0.0,0.0,0.0,0.0,0.0,0.0,0.0,0.0,0.0,0.0,0.0,0.0,0.0,0.0,0.0,0.0,0.0,0.0,0.0,0.0,0.0,0.0,0.0,1.0,0.0,0.0,0.0,0.0,0.0,0.0,0.0,0.0
3741,2006-05-03,SZSE:002091,0.0,0.0,0.0,0.0,0.0,0.0,0.0,0.0,0.0,0.0,0.0,0.0,0.0,0.0,0.0,0.0,0.0,0.0,0.0,0.0,0.0,0.0,0.0,0.0,0.0,0.0,0.0,0.0,1.0,0.0,0.0,0.0,0.0,0.0,0.0,0.0,0.0
3742,2006-05-04,SZSE:002091,0.0,0.0,0.0,0.0,0.0,0.0,0.0,0.0,0.0,0.0,0.0,0.0,0.0,0.0,0.0,0.0,0.0,0.0,0.0,0.0,0.0,0.0,0.0,0.0,0.0,0.0,0.0,0.0,1.0,0.0,0.0,0.0,0.0,0.0,0.0,0.0,0.0
3743,2006-05-05,SZSE:002091,0.0,0.0,0.0,0.0,0.0,0.0,0.0,0.0,0.0,0.0,0.0,0.0,0.0,0.0,0.0,0.0,0.0,0.0,0.0,0.0,0.0,0.0,0.0,0.0,0.0,0.0,0.0,0.0,1.0,0.0,0.0,0.0,0.0,0.0,0.0,0.0,0.0
3744,2006-05-08,SZSE:002091,0.0,0.0,0.0,0.0,0.0,0.0,0.0,0.0,0.0,0.0,0.0,0.0,0.0,0.0,0.0,0.0,0.0,0.0,0.0,0.0,0.0,0.0,0.0,0.0,0.0,0.0,0.0,0.0,1.0,0.0,0.0,0.0,0.0,0.0,0.0,0.0,0.0
3745,2006-05-09,SZSE:002091,0.0,0.0,0.0,0.0,0.0,0.0,0.0,0.0,0.0,0.0,0.0,0.0,0.0,0.0,0.0,0.0,0.0,0.0,0.0,0.0,0.0,0.0,0.0,0.0,0.0,0.0,0.0,0.0,1.0,0.0,0.0,0.0,0.0,0.0,0.0,0.0,0.0
3746,2006-05-10,SZSE:002091,0.0,0.0,0.0,0.0,0.0,0.0,0.0,0.0,0.0,0.0,0.0,0.0,0.0,0.0,0.0,0.0,0.0,0.0,0.0,0.0,0.0,0.0,0.0,0.0,0.0,0.0,0.0,0.0,1.0,0.0,0.0,0.0,0.0,0.0,0.0,0.0,0.0
3747,2006-05-11,SZSE:002091,0.0,0.0,0.0,0.0,0.0,0.0,0.0,0.0,0.0,0.0,0.0,0.0,0.0,0.0,0.0,0.0,0.0,0.0,0.0,0.0,0.0,0.0,0.0,0.0,0.0,0.0,0.0,0.0,1.0,0.0,0.0,0.0,0.0,0.0,0.0,0.0,0.0
3748,2006-05-12,SZSE:002091,0.0,0.0,0.0,0.0,0.0,0.0,0.0,0.0,0.0,0.0,0.0,0.0,0.0,0.0,0.0,0.0,0.0,0.0,0.0,0.0,0.0,0.0,0.0,0.0,0.0,0.0,0.0,0.0,1.0,0.0,0.0,0.0,0.0,0.0,0.0,0.0,0.0
3749,2006-05-15,SZSE:002091,0.0,0.0,0.0,0.0,0.0,0.0,0.0,0.0,0.0,0.0,0.0,0.0,0.0,0.0,0.0,0.0,0.0,0.0,0.0,0.0,0.0,0.0,0.0,0.0,0.0,0.0,0.0,0.0,1.0,0.0,0.0,0.0,0.0,0.0,0.0,0.0,0.0
3750,2006-05-16,SZSE:002091,0.0,0.0,0.0,0.0,0.0,0.0,0.0,0.0,0.0,0.0,0.0,0.0,0.0,0.0,0.0,0.0,0.0,0.0,0.0,0.0,0.0,0.0,0.0,0.0,0.0,0.0,0.0,0.0,1.0,0.0,0.0,0.0,0.0,0.0,0.0,0.0,0.0
3751,2006-05-17,SZSE:002091,0.0,0.0,0.0,0.0,0.0,0.0,0.0,0.0,0.0,0.0,0.0,0.0,0.0,0.0,0.0,0.0,0.0,0.0,0.0,0.0,0.0,0.0,0.0,0.0,0.0,0.0,0.0,0.0,1.0,0.0,0.0,0.0,0.0,0.0,0.0,0.0,0.0
3752,2006-05-18,SZSE:002091,0.0,0.0,0.0,0.0,0.0,0.0,0.0,0.0,0.0,0.0,0.0,0.0,0.0,0.0,0.0,0.0,0.0,0.0,0.0,0.0,0.0,0.0,0.0,0.0,0.0,0.0,0.0,0.0,1.0,0.0,0.0,0.0,0.0,0.0,0.0,0.0,0.0
3753,2006-05-19,SZSE:002091,0.0,0.0,0.0,0.0,0.0,0.0,0.0,0.0,0.0,0.0,0.0,0.0,0.0,0.0,0.0,0.0,0.0,0.0,0.0,0.0,0.0,0.0,0.0,0.0,0.0,0.0,0.0,0.0,1.0,0.0,0.0,0.0,0.0,0.0,0.0,0.0,0.0
3754,2006-05-22,SZSE:002091,0.0,0.0,0.0,0.0,0.0,0.0,0.0,0.0,0.0,0.0,0.0,0.0,0.0,0.0,0.0,0.0,0.0,0.0,0.0,0.0,0.0,0.0,0.0,0.0,0.0,0.0,0.0,0.0,1.0,0.0,0.0,0.0,0.0,0.0,0.0,0.0,0.0
3755,2006-05-23,SZSE:002091,0.0,0.0,0.0,0.0,0.0,0.0,0.0,0.0,0.0,0.0,0.0,0.0,0.0,0.0,0.0,0.0,0.0,0.0,0.0,0.0,0.0,0.0,0.0,0.0,0.0,0.0,0.0,0.0,1.0,0.0,0.0,0.0,0.0,0.0,0.0,0.0,0.0
3756,2006-05-24,SZSE:002091,0.0,0.0,0.0,0.0,0.0,0.0,0.0,0.0,0.0,0.0,0.0,0.0,0.0,0.0,0.0,0.0,0.0,0.0,0.0,0.0,0.0,0.0,0.0,0.0,0.0,0.0,0.0,0.0,1.0,0.0,0.0,0.0,0.0,0.0,0.0,0.0,0.0
3757,2006-05-25,SZSE:002091,0.0,0.0,0.0,0.0,0.0,0.0,0.0,0.0,0.0,0.0,0.0,0.0,0.0,0.0,0.0,0.0,0.0,0.0,0.0,0.0,0.0,0.0,0.0,0.0,0.0,0.0,0.0,0.0,1.0,0.0,0.0,0.0,0.0,0.0,0.0,0.0,0.0
3758,2006-05-26,SZSE:002091,0.0,0.0,0.0,0.0,0.0,0.0,0.0,0.0,0.0,0.0,0.0,0.0,0.0,0.0,0.0,0.0,0.0,0.0,0.0,0.0,0.0,0.0,0.0,0.0,0.0,0.0,0.0,0.0,1.0,0.0,0.0,0.0,0.0,0.0,0.0,0.0,0.0
3759,2006-05-29,SZSE:002091,0.0,0.0,0.0,0.0,0.0,0.0,0.0,0.0,0.0,0.0,0.0,0.0,0.0,0.0,0.0,0.0,0.0,0.0,0.0,0.0,0.0,0.0,0.0,0.0,0.0,0.0,0.0,0.0,1.0,0.0,0.0,0.0,0.0,0.0,0.0,0.0,0.0
3760,2006-05-30,SZSE:002091,0.0,0.0,0.0,0.0,0.0,0.0,0.0,0.0,0.0,0.0,0.0,0.0,0.0,0.0,0.0,0.0,0.0,0.0,0.0,0.0,0.0,0.0,0.0,0.0,0.0,0.0,0.0,0.0,1.0,0.0,0.0,0.0,0.0,0.0,0.0,0.0,0.0
3761,2006-05-31,SZSE:002091,0.0,0.0,0.0,0.0,0.0,0.0,0.0,0.0,0.0,0.0,0.0,0.0,0.0,0.0,0.0,0.0,0.0,0.0,0.0,0.0,0.0,0.0,0.0,0.0,0.0,0.0,0.0,0.0,1.0,0.0,0.0,0.0,0.0,0.0,0.0,0.0,0.0
3762,2006-06-01,SZSE:002091,0.0,0.0,0.0,0.0,0.0,0.0,0.0,0.0,0.0,0.0,0.0,0.0,0.0,0.0,0.0,0.0,0.0,0.0,0.0,0.0,0.0,0.0,0.0,0.0,0.0,0.0,0.0,0.0,1.0,0.0,0.0,0.0,0.0,0.0,0.0,0.0,0.0
3763,2006-06-02,SZSE:002091,0.0,0.0,0.0,0.0,0.0,0.0,0.0,0.0,0.0,0.0,0.0,0.0,0.0,0.0,0.0,0.0,0.0,0.0,0.0,0.0,0.0,0.0,0.0,0.0,0.0,0.0,0.0,0.0,1.0,0.0,0.0,0.0,0.0,0.0,0.0,0.0,0.0
3764,2006-06-05,SZSE:002091,0.0,0.0,0.0,0.0,0.0,0.0,0.0,0.0,0.0,0.0,0.0,0.0,0.0,0.0,0.0,0.0,0.0,0.0,0.0,0.0,0.0,0.0,0.0,0.0,0.0,0.0,0.0,0.0,1.0,0.0,0.0,0.0,0.0,0.0,0.0,0.0,0.0
3765,2006-06-06,SZSE:002091,0.0,0.0,0.0,0.0,0.0,0.0,0.0,0.0,0.0,0.0,0.0,0.0,0.0,0.0,0.0,0.0,0.0,0.0,0.0,0.0,0.0,0.0,0.0,0.0,0.0,0.0,0.0,0.0,1.0,0.0,0.0,0.0,0.0,0.0,0.0,0.0,0.0
3766,2006-06-07,SZSE:002091,0.0,0.0,0.0,0.0,0.0,0.0,0.0,0.0,0.0,0.0,0.0,0.0,0.0,0.0,0.0,0.0,0.0,0.0,0.0,0.0,0.0,0.0,0.0,0.0,0.0,0.0,0.0,0.0,1.0,0.0,0.0,0.0,0.0,0.0,0.0,0.0,0.0
3767,2006-06-08,SZSE:002091,0.0,0.0,0.0,0.0,0.0,0.0,0.0,0.0,0.0,0.0,0.0,0.0,0.0,0.0,0.0,0.0,0.0,0.0,0.0,0.0,0.0,0.0,0.0,0.0,0.0,0.0,0.0,0.0,1.0,0.0,0.0,0.0,0.0,0.0,0.0,0.0,0.0
3768,2006-06-09,SZSE:002091,0.0,0.0,0.0,0.0,0.0,0.0,0.0,0.0,0.0,0.0,0.0,0.0,0.0,0.0,0.0,0.0,0.0,0.0,0.0,0.0,0.0,0.0,0.0,0.0,0.0,0.0,0.0,0.0,1.0,0.0,0.0,0.0,0.0,0.0,0.0,0.0,0.0
3769,2006-06-12,SZSE:002091,0.0,0.0,0.0,0.0,0.0,0.0,0.0,0.0,0.0,0.0,0.0,0.0,0.0,0.0,0.0,0.0,0.0,0.0,0.0,0.0,0.0,0.0,0.0,0.0,0.0,0.0,0.0,0.0,1.0,0.0,0.0,0.0,0.0,0.0,0.0,0.0,0.0
3770,2006-06-13,SZSE:002091,0.0,0.0,0.0,0.0,0.0,0.0,0.0,0.0,0.0,0.0,0.0,0.0,0.0,0.0,0.0,0.0,0.0,0.0,0.0,0.0,0.0,0.0,0.0,0.0,0.0,0.0,0.0,0.0,1.0,0.0,0.0,0.0,0.0,0.0,0.0,0.0,0.0
3771,2006-06-14,SZSE:002091,0.0,0.0,0.0,0.0,0.0,0.0,0.0,0.0,0.0,0.0,0.0,0.0,0.0,0.0,0.0,0.0,0.0,0.0,0.0,0.0,0.0,0.0,0.0,0.0,0.0,0.0,0.0,0.0,1.0,0.0,0.0,0.0,0.0,0.0,0.0,0.0,0.0
3772,2006-06-15,SZSE:002091,0.0,0.0,0.0,0.0,0.0,0.0,0.0,0.0,0.0,0.0,0.0,0.0,0.0,0.0,0.0,0.0,0.0,0.0,0.0,0.0,0.0,0.0,0.0,0.0,0.0,0.0,0.0,0.0,1.0,0.0,0.0,0.0,0.0,0.0,0.0,0.0,0.0
3773,2006-06-16,SZSE:002091,0.0,0.0,0.0,0.0,0.0,0.0,0.0,0.0,0.0,0.0,0.0,0.0,0.0,0.0,0.0,0.0,0.0,0.0,0.0,0.0,0.0,0.0,0.0,0.0,0.0,0.0,0.0,0.0,1.0,0.0,0.0,0.0,0.0,0.0,0.0,0.0,0.0
3774,2006-06-19,SZSE:002091,0.0,0.0,0.0,0.0,0.0,0.0,0.0,0.0,0.0,0.0,0.0,0.0,0.0,0.0,0.0,0.0,0.0,0.0,0.0,0.0,0.0,0.0,0.0,0.0,0.0,0.0,0.0,0.0,1.0,0.0,0.0,0.0,0.0,0.0,0.0,0.0,0.0
3775,2006-06-20,SZSE:002091,0.0,0.0,0.0,0.0,0.0,0.0,0.0,0.0,0.0,0.0,0.0,0.0,0.0,0.0,0.0,0.0,0.0,0.0,0.0,0.0,0.0,0.0,0.0,0.0,0.0,0.0,0.0,0.0,1.0,0.0,0.0,0.0,0.0,0.0,0.0,0.0,0.0
3776,2006-06-21,SZSE:002091,0.0,0.0,0.0,0.0,0.0,0.0,0.0,0.0,0.0,0.0,0.0,0.0,0.0,0.0,0.0,0.0,0.0,0.0,0.0,0.0,0.0,0.0,0.0,0.0,0.0,0.0,0.0,0.0,1.0,0.0,0.0,0.0,0.0,0.0,0.0,0.0,0.0
3777,2006-06-22,SZSE:002091,0.0,0.0,0.0,0.0,0.0,0.0,0.0,0.0,0.0,0.0,0.0,0.0,0.0,0.0,0.0,0.0,0.0,0.0,0.0,0.0,0.0,0.0,0.0,0.0,0.0,0.0,0.0,0.0,1.0,0.0,0.0,0.0,0.0,0.0,0.0,0.0,0.0
3778,2006-06-23,SZSE:002091,0.0,0.0,0.0,0.0,0.0,0.0,0.0,0.0,0.0,0.0,0.0,0.0,0.0,0.0,0.0,0.0,0.0,0.0,0.0,0.0,0.0,0.0,0.0,0.0,0.0,0.0,0.0,0.0,1.0,0.0,0.0,0.0,0.0,0.0,0.0,0.0,0.0
3779,2006-06-26,SZSE:002091,0.0,0.0,0.0,0.0,0.0,0.0,0.0,0.0,0.0,0.0,0.0,0.0,0.0,0.0,0.0,0.0,0.0,0.0,0.0,0.0,0.0,0.0,0.0,0.0,0.0,0.0,0.0,0.0,1.0,0.0,0.0,0.0,0.0,0.0,0.0,0.0,0.0
3780,2006-06-27,SZSE:002091,0.0,0.0,0.0,0.0,0.0,0.0,0.0,0.0,0.0,0.0,0.0,0.0,0.0,0.0,0.0,0.0,0.0,0.0,0.0,0.0,0.0,0.0,0.0,0.0,0.0,0.0,0.0,0.0,1.0,0.0,0.0,0.0,0.0,0.0,0.0,0.0,0.0
3781,2006-06-28,SZSE:002091,0.0,0.0,0.0,0.0,0.0,0.0,0.0,0.0,0.0,0.0,0.0,0.0,0.0,0.0,0.0,0.0,0.0,0.0,0.0,0.0,0.0,0.0,0.0,0.0,0.0,0.0,0.0,0.0,1.0,0.0,0.0,0.0,0.0,0.0,0.0,0.0,0.0
3782,2006-06-29,SZSE:002091,0.0,0.0,0.0,0.0,0.0,0.0,0.0,0.0,0.0,0.0,0.0,0.0,0.0,0.0,0.0,0.0,0.0,0.0,0.0,0.0,0.0,0.0,0.0,0.0,0.0,0.0,0.0,0.0,1.0,0.0,0.0,0.0,0.0,0.0,0.0,0.0,0.0
3783,2006-06-30,SZSE:002091,0.0,0.0,0.0,0.0,0.0,0.0,0.0,0.0,0.0,0.0,0.0,0.0,0.0,0.0,0.0,0.0,0.0,0.0,0.0,0.0,0.0,0.0,0.0,0.0,0.0,0.0,0.0,0.0,1.0,0.0,0.0,0.0,0.0,0.0,0.0,0.0,0.0
3784,2006-07-03,SZSE:002091,0.0,0.0,0.0,0.0,0.0,0.0,0.0,0.0,0.0,0.0,0.0,0.0,0.0,0.0,0.0,0.0,0.0,0.0,0.0,0.0,0.0,0.0,0.0,0.0,0.0,0.0,0.0,0.0,1.0,0.0,0.0,0.0,0.0,0.0,0.0,0.0,0.0
3785,2006-07-04,SZSE:002091,0.0,0.0,0.0,0.0,0.0,0.0,0.0,0.0,0.0,0.0,0.0,0.0,0.0,0.0,0.0,0.0,0.0,0.0,0.0,0.0,0.0,0.0,0.0,0.0,0.0,0.0,0.0,0.0,1.0,0.0,0.0,0.0,0.0,0.0,0.0,0.0,0.0
3786,2006-07-05,SZSE:002091,0.0,0.0,0.0,0.0,0.0,0.0,0.0,0.0,0.0,0.0,0.0,0.0,0.0,0.0,0.0,0.0,0.0,0.0,0.0,0.0,0.0,0.0,0.0,0.0,0.0,0.0,0.0,0.0,1.0,0.0,0.0,0.0,0.0,0.0,0.0,0.0,0.0
3787,2006-07-06,SZSE:002091,0.0,0.0,0.0,0.0,0.0,0.0,0.0,0.0,0.0,0.0,0.0,0.0,0.0,0.0,0.0,0.0,0.0,0.0,0.0,0.0,0.0,0.0,0.0,0.0,0.0,0.0,0.0,0.0,1.0,0.0,0.0,0.0,0.0,0.0,0.0,0.0,0.0
3788,2006-07-07,SZSE:002091,0.0,0.0,0.0,0.0,0.0,0.0,0.0,0.0,0.0,0.0,0.0,0.0,0.0,0.0,0.0,0.0,0.0,0.0,0.0,0.0,0.0,0.0,0.0,0.0,0.0,0.0,0.0,0.0,1.0,0.0,0.0,0.0,0.0,0.0,0.0,0.0,0.0
3789,2006-07-10,SZSE:002091,0.0,0.0,0.0,0.0,0.0,0.0,0.0,0.0,0.0,0.0,0.0,0.0,0.0,0.0,0.0,0.0,0.0,0.0,0.0,0.0,0.0,0.0,0.0,0.0,0.0,0.0,0.0,0.0,1.0,0.0,0.0,0.0,0.0,0.0,0.0,0.0,0.0
3790,2006-07-11,SZSE:002091,0.0,0.0,0.0,0.0,0.0,0.0,0.0,0.0,0.0,0.0,0.0,0.0,0.0,0.0,0.0,0.0,0.0,0.0,0.0,0.0,0.0,0.0,0.0,0.0,0.0,0.0,0.0,0.0,1.0,0.0,0.0,0.0,0.0,0.0,0.0,0.0,0.0
3791,2006-07-12,SZSE:002091,0.0,0.0,0.0,0.0,0.0,0.0,0.0,0.0,0.0,0.0,0.0,0.0,0.0,0.0,0.0,0.0,0.0,0.0,0.0,0.0,0.0,0.0,0.0,0.0,0.0,0.0,0.0,0.0,1.0,0.0,0.0,0.0,0.0,0.0,0.0,0.0,0.0
3792,2006-07-13,SZSE:002091,0.0,0.0,0.0,0.0,0.0,0.0,0.0,0.0,0.0,0.0,0.0,0.0,0.0,0.0,0.0,0.0,0.0,0.0,0.0,0.0,0.0,0.0,0.0,0.0,0.0,0.0,0.0,0.0,1.0,0.0,0.0,0.0,0.0,0.0,0.0,0.0,0.0
3793,2006-07-14,SZSE:002091,0.0,0.0,0.0,0.0,0.0,0.0,0.0,0.0,0.0,0.0,0.0,0.0,0.0,0.0,0.0,0.0,0.0,0.0,0.0,0.0,0.0,0.0,0.0,0.0,0.0,0.0,0.0,0.0,1.0,0.0,0.0,0.0,0.0,0.0,0.0,0.0,0.0
3794,2006-07-17,SZSE:002091,0.0,0.0,0.0,0.0,0.0,0.0,0.0,0.0,0.0,0.0,0.0,0.0,0.0,0.0,0.0,0.0,0.0,0.0,0.0,0.0,0.0,0.0,0.0,0.0,0.0,0.0,0.0,0.0,1.0,0.0,0.0,0.0,0.0,0.0,0.0,0.0,0.0
3795,2006-07-18,SZSE:002091,0.0,0.0,0.0,0.0,0.0,0.0,0.0,0.0,0.0,0.0,0.0,0.0,0.0,0.0,0.0,0.0,0.0,0.0,0.0,0.0,0.0,0.0,0.0,0.0,0.0,0.0,0.0,0.0,1.0,0.0,0.0,0.0,0.0,0.0,0.0,0.0,0.0
3796,2006-07-19,SZSE:002091,0.0,0.0,0.0,0.0,0.0,0.0,0.0,0.0,0.0,0.0,0.0,0.0,0.0,0.0,0.0,0.0,0.0,0.0,0.0,0.0,0.0,0.0,0.0,0.0,0.0,0.0,0.0,0.0,1.0,0.0,0.0,0.0,0.0,0.0,0.0,0.0,0.0
3797,2006-07-20,SZSE:002091,0.0,0.0,0.0,0.0,0.0,0.0,0.0,0.0,0.0,0.0,0.0,0.0,0.0,0.0,0.0,0.0,0.0,0.0,0.0,0.0,0.0,0.0,0.0,0.0,0.0,0.0,0.0,0.0,1.0,0.0,0.0,0.0,0.0,0.0,0.0,0.0,0.0
3798,2006-07-21,SZSE:002091,0.0,0.0,0.0,0.0,0.0,0.0,0.0,0.0,0.0,0.0,0.0,0.0,0.0,0.0,0.0,0.0,0.0,0.0,0.0,0.0,0.0,0.0,0.0,0.0,0.0,0.0,0.0,0.0,1.0,0.0,0.0,0.0,0.0,0.0,0.0,0.0,0.0
3799,2006-07-24,SZSE:002091,0.0,0.0,0.0,0.0,0.0,0.0,0.0,0.0,0.0,0.0,0.0,0.0,0.0,0.0,0.0,0.0,0.0,0.0,0.0,0.0,0.0,0.0,0.0,0.0,0.0,0.0,0.0,0.0,1.0,0.0,0.0,0.0,0.0,0.0,0.0,0.0,0.0
3800,2006-07-25,SZSE:002091,0.0,0.0,0.0,0.0,0.0,0.0,0.0,0.0,0.0,0.0,0.0,0.0,0.0,0.0,0.0,0.0,0.0,0.0,0.0,0.0,0.0,0.0,0.0,0.0,0.0,0.0,0.0,0.0,1.0,0.0,0.0,0.0,0.0,0.0,0.0,0.0,0.0
3801,2006-07-26,SZSE:002091,0.0,0.0,0.0,0.0,0.0,0.0,0.0,0.0,0.0,0.0,0.0,0.0,0.0,0.0,0.0,0.0,0.0,0.0,0.0,0.0,0.0,0.0,0.0,0.0,0.0,0.0,0.0,0.0,1.0,0.0,0.0,0.0,0.0,0.0,0.0,0.0,0.0
3802,2006-07-27,SZSE:002091,0.0,0.0,0.0,0.0,0.0,0.0,0.0,0.0,0.0,0.0,0.0,0.0,0.0,0.0,0.0,0.0,0.0,0.0,0.0,0.0,0.0,0.0,0.0,0.0,0.0,0.0,0.0,0.0,1.0,0.0,0.0,0.0,0.0,0.0,0.0,0.0,0.0
3803,2006-07-28,SZSE:002091,0.0,0.0,0.0,0.0,0.0,0.0,0.0,0.0,0.0,0.0,0.0,0.0,0.0,0.0,0.0,0.0,0.0,0.0,0.0,0.0,0.0,0.0,0.0,0.0,0.0,0.0,0.0,0.0,1.0,0.0,0.0,0.0,0.0,0.0,0.0,0.0,0.0
3804,2006-07-31,SZSE:002091,0.0,0.0,0.0,0.0,0.0,0.0,0.0,0.0,0.0,0.0,0.0,0.0,0.0,0.0,0.0,0.0,0.0,0.0,0.0,0.0,0.0,0.0,0.0,0.0,0.0,0.0,0.0,0.0,1.0,0.0,0.0,0.0,0.0,0.0,0.0,0.0,0.0
3805,2006-08-01,SZSE:002091,0.0,0.0,0.0,0.0,0.0,0.0,0.0,0.0,0.0,0.0,0.0,0.0,0.0,0.0,0.0,0.0,0.0,0.0,0.0,0.0,0.0,0.0,0.0,0.0,0.0,0.0,0.0,0.0,1.0,0.0,0.0,0.0,0.0,0.0,0.0,0.0,0.0
3806,2006-08-02,SZSE:002091,0.0,0.0,0.0,0.0,0.0,0.0,0.0,0.0,0.0,0.0,0.0,0.0,0.0,0.0,0.0,0.0,0.0,0.0,0.0,0.0,0.0,0.0,0.0,0.0,0.0,0.0,0.0,0.0,1.0,0.0,0.0,0.0,0.0,0.0,0.0,0.0,0.0
3807,2006-08-03,SZSE:002091,0.0,0.0,0.0,0.0,0.0,0.0,0.0,0.0,0.0,0.0,0.0,0.0,0.0,0.0,0.0,0.0,0.0,0.0,0.0,0.0,0.0,0.0,0.0,0.0,0.0,0.0,0.0,0.0,1.0,0.0,0.0,0.0,0.0,0.0,0.0,0.0,0.0
3808,2006-08-04,SZSE:002091,0.0,0.0,0.0,0.0,0.0,0.0,0.0,0.0,0.0,0.0,0.0,0.0,0.0,0.0,0.0,0.0,0.0,0.0,0.0,0.0,0.0,0.0,0.0,0.0,0.0,0.0,0.0,0.0,1.0,0.0,0.0,0.0,0.0,0.0,0.0,0.0,0.0
3809,2006-08-07,SZSE:002091,0.0,0.0,0.0,0.0,0.0,0.0,0.0,0.0,0.0,0.0,0.0,0.0,0.0,0.0,0.0,0.0,0.0,0.0,0.0,0.0,0.0,0.0,0.0,0.0,0.0,0.0,0.0,0.0,1.0,0.0,0.0,0.0,0.0,0.0,0.0,0.0,0.0
3810,2006-08-08,SZSE:002091,0.0,0.0,0.0,0.0,0.0,0.0,0.0,0.0,0.0,0.0,0.0,0.0,0.0,0.0,0.0,0.0,0.0,0.0,0.0,0.0,0.0,0.0,0.0,0.0,0.0,0.0,0.0,0.0,1.0,0.0,0.0,0.0,0.0,0.0,0.0,0.0,0.0
3811,2006-08-09,SZSE:002091,0.0,0.0,0.0,0.0,0.0,0.0,0.0,0.0,0.0,0.0,0.0,0.0,0.0,0.0,0.0,0.0,0.0,0.0,0.0,0.0,0.0,0.0,0.0,0.0,0.0,0.0,0.0,0.0,1.0,0.0,0.0,0.0,0.0,0.0,0.0,0.0,0.0
3812,2006-08-10,SZSE:002091,0.0,0.0,0.0,0.0,0.0,0.0,0.0,0.0,0.0,0.0,0.0,0.0,0.0,0.0,0.0,0.0,0.0,0.0,0.0,0.0,0.0,0.0,0.0,0.0,0.0,0.0,0.0,0.0,1.0,0.0,0.0,0.0,0.0,0.0,0.0,0.0,0.0
3813,2006-08-11,SZSE:002091,0.0,0.0,0.0,0.0,0.0,0.0,0.0,0.0,0.0,0.0,0.0,0.0,0.0,0.0,0.0,0.0,0.0,0.0,0.0,0.0,0.0,0.0,0.0,0.0,0.0,0.0,0.0,0.0,1.0,0.0,0.0,0.0,0.0,0.0,0.0,0.0,0.0
3814,2006-08-14,SZSE:002091,0.0,0.0,0.0,0.0,0.0,0.0,0.0,0.0,0.0,0.0,0.0,0.0,0.0,0.0,0.0,0.0,0.0,0.0,0.0,0.0,0.0,0.0,0.0,0.0,0.0,0.0,0.0,0.0,1.0,0.0,0.0,0.0,0.0,0.0,0.0,0.0,0.0
3815,2006-08-15,SZSE:002091,0.0,0.0,0.0,0.0,0.0,0.0,0.0,0.0,0.0,0.0,0.0,0.0,0.0,0.0,0.0,0.0,0.0,0.0,0.0,0.0,0.0,0.0,0.0,0.0,0.0,0.0,0.0,0.0,1.0,0.0,0.0,0.0,0.0,0.0,0.0,0.0,0.0
3816,2006-08-16,SZSE:002091,0.0,0.0,0.0,0.0,0.0,0.0,0.0,0.0,0.0,0.0,0.0,0.0,0.0,0.0,0.0,0.0,0.0,0.0,0.0,0.0,0.0,0.0,0.0,0.0,0.0,0.0,0.0,0.0,1.0,0.0,0.0,0.0,0.0,0.0,0.0,0.0,0.0
3817,2006-08-17,SZSE:002091,0.0,0.0,0.0,0.0,0.0,0.0,0.0,0.0,0.0,0.0,0.0,0.0,0.0,0.0,0.0,0.0,0.0,0.0,0.0,0.0,0.0,0.0,0.0,0.0,0.0,0.0,0.0,0.0,1.0,0.0,0.0,0.0,0.0,0.0,0.0,0.0,0.0
3818,2006-08-18,SZSE:002091,0.0,0.0,0.0,0.0,0.0,0.0,0.0,0.0,0.0,0.0,0.0,0.0,0.0,0.0,0.0,0.0,0.0,0.0,0.0,0.0,0.0,0.0,0.0,0.0,0.0,0.0,0.0,0.0,1.0,0.0,0.0,0.0,0.0,0.0,0.0,0.0,0.0
3819,2006-08-21,SZSE:002091,0.0,0.0,0.0,0.0,0.0,0.0,0.0,0.0,0.0,0.0,0.0,0.0,0.0,0.0,0.0,0.0,0.0,0.0,0.0,0.0,0.0,0.0,0.0,0.0,0.0,0.0,0.0,0.0,1.0,0.0,0.0,0.0,0.0,0.0,0.0,0.0,0.0
3820,2006-08-22,SZSE:002091,0.0,0.0,0.0,0.0,0.0,0.0,0.0,0.0,0.0,0.0,0.0,0.0,0.0,0.0,0.0,0.0,0.0,0.0,0.0,0.0,0.0,0.0,0.0,0.0,0.0,0.0,0.0,0.0,1.0,0.0,0.0,0.0,0.0,0.0,0.0,0.0,0.0
3821,2006-08-23,SZSE:002091,0.0,0.0,0.0,0.0,0.0,0.0,0.0,0.0,0.0,0.0,0.0,0.0,0.0,0.0,0.0,0.0,0.0,0.0,0.0,0.0,0.0,0.0,0.0,0.0,0.0,0.0,0.0,0.0,1.0,0.0,0.0,0.0,0.0,0.0,0.0,0.0,0.0
3822,2006-08-24,SZSE:002091,0.0,0.0,0.0,0.0,0.0,0.0,0.0,0.0,0.0,0.0,0.0,0.0,0.0,0.0,0.0,0.0,0.0,0.0,0.0,0.0,0.0,0.0,0.0,0.0,0.0,0.0,0.0,0.0,1.0,0.0,0.0,0.0,0.0,0.0,0.0,0.0,0.0
3823,2006-08-25,SZSE:002091,0.0,0.0,0.0,0.0,0.0,0.0,0.0,0.0,0.0,0.0,0.0,0.0,0.0,0.0,0.0,0.0,0.0,0.0,0.0,0.0,0.0,0.0,0.0,0.0,0.0,0.0,0.0,0.0,1.0,0.0,0.0,0.0,0.0,0.0,0.0,0.0,0.0
3824,2006-08-28,SZSE:002091,0.0,0.0,0.0,0.0,0.0,0.0,0.0,0.0,0.0,0.0,0.0,0.0,0.0,0.0,0.0,0.0,0.0,0.0,0.0,0.0,0.0,0.0,0.0,0.0,0.0,0.0,0.0,0.0,1.0,0.0,0.0,0.0,0.0,0.0,0.0,0.0,0.0
3825,2006-08-29,SZSE:002091,0.0,0.0,0.0,0.0,0.0,0.0,0.0,0.0,0.0,0.0,0.0,0.0,0.0,0.0,0.0,0.0,0.0,0.0,0.0,0.0,0.0,0.0,0.0,0.0,0.0,0.0,0.0,0.0,1.0,0.0,0.0,0.0,0.0,0.0,0.0,0.0,0.0
3826,2006-08-30,SZSE:002091,0.0,0.0,0.0,0.0,0.0,0.0,0.0,0.0,0.0,0.0,0.0,0.0,0.0,0.0,0.0,0.0,0.0,0.0,0.0,0.0,0.0,0.0,0.0,0.0,0.0,0.0,0.0,0.0,1.0,0.0,0.0,0.0,0.0,0.0,0.0,0.0,0.0
3827,2006-08-31,SZSE:002091,0.0,0.0,0.0,0.0,0.0,0.0,0.0,0.0,0.0,0.0,0.0,0.0,0.0,0.0,0.0,0.0,0.0,0.0,0.0,0.0,0.0,0.0,0.0,0.0,0.0,0.0,0.0,0.0,1.0,0.0,0.0,0.0,0.0,0.0,0.0,0.0,0.0
3828,2006-09-01,SZSE:002091,0.0,0.0,0.0,0.0,0.0,0.0,0.0,0.0,0.0,0.0,0.0,0.0,0.0,0.0,0.0,0.0,0.0,0.0,0.0,0.0,0.0,0.0,0.0,0.0,0.0,0.0,0.0,0.0,1.0,0.0,0.0,0.0,0.0,0.0,0.0,0.0,0.0
3829,2006-09-04,SZSE:002091,0.0,0.0,0.0,0.0,0.0,0.0,0.0,0.0,0.0,0.0,0.0,0.0,0.0,0.0,0.0,0.0,0.0,0.0,0.0,0.0,0.0,0.0,0.0,0.0,0.0,0.0,0.0,0.0,1.0,0.0,0.0,0.0,0.0,0.0,0.0,0.0,0.0
3830,2006-09-05,SZSE:002091,0.0,0.0,0.0,0.0,0.0,0.0,0.0,0.0,0.0,0.0,0.0,0.0,0.0,0.0,0.0,0.0,0.0,0.0,0.0,0.0,0.0,0.0,0.0,0.0,0.0,0.0,0.0,0.0,1.0,0.0,0.0,0.0,0.0,0.0,0.0,0.0,0.0
3831,2006-09-06,SZSE:002091,0.0,0.0,0.0,0.0,0.0,0.0,0.0,0.0,0.0,0.0,0.0,0.0,0.0,0.0,0.0,0.0,0.0,0.0,0.0,0.0,0.0,0.0,0.0,0.0,0.0,0.0,0.0,0.0,1.0,0.0,0.0,0.0,0.0,0.0,0.0,0.0,0.0
3832,2006-09-07,SZSE:002091,0.0,0.0,0.0,0.0,0.0,0.0,0.0,0.0,0.0,0.0,0.0,0.0,0.0,0.0,0.0,0.0,0.0,0.0,0.0,0.0,0.0,0.0,0.0,0.0,0.0,0.0,0.0,0.0,1.0,0.0,0.0,0.0,0.0,0.0,0.0,0.0,0.0
3833,2006-09-08,SZSE:002091,0.0,0.0,0.0,0.0,0.0,0.0,0.0,0.0,0.0,0.0,0.0,0.0,0.0,0.0,0.0,0.0,0.0,0.0,0.0,0.0,0.0,0.0,0.0,0.0,0.0,0.0,0.0,0.0,1.0,0.0,0.0,0.0,0.0,0.0,0.0,0.0,0.0
3834,2006-09-11,SZSE:002091,0.0,0.0,0.0,0.0,0.0,0.0,0.0,0.0,0.0,0.0,0.0,0.0,0.0,0.0,0.0,0.0,0.0,0.0,0.0,0.0,0.0,0.0,0.0,0.0,0.0,0.0,0.0,0.0,1.0,0.0,0.0,0.0,0.0,0.0,0.0,0.0,0.0
3835,2006-09-12,SZSE:002091,0.0,0.0,0.0,0.0,0.0,0.0,0.0,0.0,0.0,0.0,0.0,0.0,0.0,0.0,0.0,0.0,0.0,0.0,0.0,0.0,0.0,0.0,0.0,0.0,0.0,0.0,0.0,0.0,1.0,0.0,0.0,0.0,0.0,0.0,0.0,0.0,0.0
3836,2006-09-13,SZSE:002091,0.0,0.0,0.0,0.0,0.0,0.0,0.0,0.0,0.0,0.0,0.0,0.0,0.0,0.0,0.0,0.0,0.0,0.0,0.0,0.0,0.0,0.0,0.0,0.0,0.0,0.0,0.0,0.0,1.0,0.0,0.0,0.0,0.0,0.0,0.0,0.0,0.0
3837,2006-09-14,SZSE:002091,0.0,0.0,0.0,0.0,0.0,0.0,0.0,0.0,0.0,0.0,0.0,0.0,0.0,0.0,0.0,0.0,0.0,0.0,0.0,0.0,0.0,0.0,0.0,0.0,0.0,0.0,0.0,0.0,1.0,0.0,0.0,0.0,0.0,0.0,0.0,0.0,0.0
3838,2006-09-15,SZSE:002091,0.0,0.0,0.0,0.0,0.0,0.0,0.0,0.0,0.0,0.0,0.0,0.0,0.0,0.0,0.0,0.0,0.0,0.0,0.0,0.0,0.0,0.0,0.0,0.0,0.0,0.0,0.0,0.0,1.0,0.0,0.0,0.0,0.0,0.0,0.0,0.0,0.0
3839,2006-09-18,SZSE:002091,0.0,0.0,0.0,0.0,0.0,0.0,0.0,0.0,0.0,0.0,0.0,0.0,0.0,0.0,0.0,0.0,0.0,0.0,0.0,0.0,0.0,0.0,0.0,0.0,0.0,0.0,0.0,0.0,1.0,0.0,0.0,0.0,0.0,0.0,0.0,0.0,0.0
3840,2006-09-19,SZSE:002091,0.0,0.0,0.0,0.0,0.0,0.0,0.0,0.0,0.0,0.0,0.0,0.0,0.0,0.0,0.0,0.0,0.0,0.0,0.0,0.0,0.0,0.0,0.0,0.0,0.0,0.0,0.0,0.0,1.0,0.0,0.0,0.0,0.0,0.0,0.0,0.0,0.0
3841,2006-09-20,SZSE:002091,0.0,0.0,0.0,0.0,0.0,0.0,0.0,0.0,0.0,0.0,0.0,0.0,0.0,0.0,0.0,0.0,0.0,0.0,0.0,0.0,0.0,0.0,0.0,0.0,0.0,0.0,0.0,0.0,1.0,0.0,0.0,0.0,0.0,0.0,0.0,0.0,0.0
3842,2006-09-21,SZSE:002091,0.0,0.0,0.0,0.0,0.0,0.0,0.0,0.0,0.0,0.0,0.0,0.0,0.0,0.0,0.0,0.0,0.0,0.0,0.0,0.0,0.0,0.0,0.0,0.0,0.0,0.0,0.0,0.0,1.0,0.0,0.0,0.0,0.0,0.0,0.0,0.0,0.0
3843,2006-09-22,SZSE:002091,0.0,0.0,0.0,0.0,0.0,0.0,0.0,0.0,0.0,0.0,0.0,0.0,0.0,0.0,0.0,0.0,0.0,0.0,0.0,0.0,0.0,0.0,0.0,0.0,0.0,0.0,0.0,0.0,1.0,0.0,0.0,0.0,0.0,0.0,0.0,0.0,0.0
3844,2006-09-25,SZSE:002091,0.0,0.0,0.0,0.0,0.0,0.0,0.0,0.0,0.0,0.0,0.0,0.0,0.0,0.0,0.0,0.0,0.0,0.0,0.0,0.0,0.0,0.0,0.0,0.0,0.0,0.0,0.0,0.0,1.0,0.0,0.0,0.0,0.0,0.0,0.0,0.0,0.0
3845,2006-09-26,SZSE:002091,0.0,0.0,0.0,0.0,0.0,0.0,0.0,0.0,0.0,0.0,0.0,0.0,0.0,0.0,0.0,0.0,0.0,0.0,0.0,0.0,0.0,0.0,0.0,0.0,0.0,0.0,0.0,0.0,1.0,0.0,0.0,0.0,0.0,0.0,0.0,0.0,0.0
3846,2006-09-27,SZSE:002091,0.0,0.0,0.0,0.0,0.0,0.0,0.0,0.0,0.0,0.0,0.0,0.0,0.0,0.0,0.0,0.0,0.0,0.0,0.0,0.0,0.0,0.0,0.0,0.0,0.0,0.0,0.0,0.0,1.0,0.0,0.0,0.0,0.0,0.0,0.0,0.0,0.0
3847,2006-09-28,SZSE:002091,0.0,0.0,0.0,0.0,0.0,0.0,0.0,0.0,0.0,0.0,0.0,0.0,0.0,0.0,0.0,0.0,0.0,0.0,0.0,0.0,0.0,0.0,0.0,0.0,0.0,0.0,0.0,0.0,1.0,0.0,0.0,0.0,0.0,0.0,0.0,0.0,0.0
3848,2006-09-29,SZSE:002091,0.0,0.0,0.0,0.0,0.0,0.0,0.0,0.0,0.0,0.0,0.0,0.0,0.0,0.0,0.0,0.0,0.0,0.0,0.0,0.0,0.0,0.0,0.0,0.0,0.0,0.0,0.0,0.0,1.0,0.0,0.0,0.0,0.0,0.0,0.0,0.0,0.0
3849,2006-10-02,SZSE:002091,0.0,0.0,0.0,0.0,0.0,0.0,0.0,0.0,0.0,0.0,0.0,0.0,0.0,0.0,0.0,0.0,0.0,0.0,0.0,0.0,0.0,0.0,0.0,0.0,0.0,0.0,0.0,0.0,1.0,0.0,0.0,0.0,0.0,0.0,0.0,0.0,0.0
3850,2006-10-03,SZSE:002091,0.0,0.0,0.0,0.0,0.0,0.0,0.0,0.0,0.0,0.0,0.0,0.0,0.0,0.0,0.0,0.0,0.0,0.0,0.0,0.0,0.0,0.0,0.0,0.0,0.0,0.0,0.0,0.0,1.0,0.0,0.0,0.0,0.0,0.0,0.0,0.0,0.0
3851,2006-10-04,SZSE:002091,0.0,0.0,0.0,0.0,0.0,0.0,0.0,0.0,0.0,0.0,0.0,0.0,0.0,0.0,0.0,0.0,0.0,0.0,0.0,0.0,0.0,0.0,0.0,0.0,0.0,0.0,0.0,0.0,1.0,0.0,0.0,0.0,0.0,0.0,0.0,0.0,0.0
3852,2006-10-05,SZSE:002091,0.0,0.0,0.0,0.0,0.0,0.0,0.0,0.0,0.0,0.0,0.0,0.0,0.0,0.0,0.0,0.0,0.0,0.0,0.0,0.0,0.0,0.0,0.0,0.0,0.0,0.0,0.0,0.0,1.0,0.0,0.0,0.0,0.0,0.0,0.0,0.0,0.0
3853,2006-10-06,SZSE:002091,0.0,0.0,0.0,0.0,0.0,0.0,0.0,0.0,0.0,0.0,0.0,0.0,0.0,0.0,0.0,0.0,0.0,0.0,0.0,0.0,0.0,0.0,0.0,0.0,0.0,0.0,0.0,0.0,1.0,0.0,0.0,0.0,0.0,0.0,0.0,0.0,0.0
3854,2006-10-09,SZSE:002091,0.0,0.0,0.0,0.0,0.0,0.0,0.0,0.0,0.0,0.0,0.0,0.0,0.0,0.0,0.0,0.0,0.0,0.0,0.0,0.0,0.0,0.0,0.0,0.0,0.0,0.0,0.0,0.0,1.0,0.0,0.0,0.0,0.0,0.0,0.0,0.0,0.0
3855,2006-10-10,SZSE:002091,0.0,0.0,0.0,0.0,0.0,0.0,0.0,0.0,0.0,0.0,0.0,0.0,0.0,0.0,0.0,0.0,0.0,0.0,0.0,0.0,0.0,0.0,0.0,0.0,0.0,0.0,0.0,0.0,1.0,0.0,0.0,0.0,0.0,0.0,0.0,0.0,0.0
3856,2006-10-11,SZSE:002091,0.0,0.0,0.0,0.0,0.0,0.0,0.0,0.0,0.0,0.0,0.0,0.0,0.0,0.0,0.0,0.0,0.0,0.0,0.0,0.0,0.0,0.0,0.0,0.0,0.0,0.0,0.0,0.0,1.0,0.0,0.0,0.0,0.0,0.0,0.0,0.0,0.0
3857,2006-10-12,SZSE:002091,0.0,0.0,0.0,0.0,0.0,0.0,0.0,0.0,0.0,0.0,0.0,0.0,0.0,0.0,0.0,0.0,0.0,0.0,0.0,0.0,0.0,0.0,0.0,0.0,0.0,0.0,0.0,0.0,1.0,0.0,0.0,0.0,0.0,0.0,0.0,0.0,0.0
3858,2006-10-13,SZSE:002091,0.0,0.0,0.0,0.0,0.0,0.0,0.0,0.0,0.0,0.0,0.0,0.0,0.0,0.0,0.0,0.0,0.0,0.0,0.0,0.0,0.0,0.0,0.0,0.0,0.0,0.0,0.0,0.0,1.0,0.0,0.0,0.0,0.0,0.0,0.0,0.0,0.0
3859,2006-10-16,SZSE:002091,0.0,0.0,0.0,0.0,0.0,0.0,0.0,0.0,0.0,0.0,0.0,0.0,0.0,0.0,0.0,0.0,0.0,0.0,0.0,0.0,0.0,0.0,0.0,0.0,0.0,0.0,0.0,0.0,1.0,0.0,0.0,0.0,0.0,0.0,0.0,0.0,0.0
3860,2006-10-17,SZSE:002091,0.0,0.0,0.0,0.0,0.0,0.0,0.0,0.0,0.0,0.0,0.0,0.0,0.0,0.0,0.0,0.0,0.0,0.0,0.0,0.0,0.0,0.0,0.0,0.0,0.0,0.0,0.0,0.0,1.0,0.0,0.0,0.0,0.0,0.0,0.0,0.0,0.0
3861,2006-10-18,SZSE:002091,0.0,0.0,0.0,0.0,0.0,0.0,0.0,0.0,0.0,0.0,0.0,0.0,0.0,0.0,0.0,0.0,0.0,0.0,0.0,0.0,0.0,0.0,0.0,0.0,0.0,0.0,0.0,0.0,1.0,0.0,0.0,0.0,0.0,0.0,0.0,0.0,0.0
3862,2006-10-19,SZSE:002091,0.0,0.0,0.0,0.0,0.0,0.0,0.0,0.0,0.0,0.0,0.0,0.0,0.0,0.0,0.0,0.0,0.0,0.0,0.0,0.0,0.0,0.0,0.0,0.0,0.0,0.0,0.0,0.0,1.0,0.0,0.0,0.0,0.0,0.0,0.0,0.0,0.0
3863,2006-10-20,SZSE:002091,0.0,0.0,0.0,0.0,0.0,0.0,0.0,0.0,0.0,0.0,0.0,0.0,0.0,0.0,0.0,0.0,0.0,0.0,0.0,0.0,0.0,0.0,0.0,0.0,0.0,0.0,0.0,0.0,1.0,0.0,0.0,0.0,0.0,0.0,0.0,0.0,0.0
3864,2006-10-23,SZSE:002091,0.0,0.0,0.0,0.0,0.0,0.0,0.0,0.0,0.0,0.0,0.0,0.0,0.0,0.0,0.0,0.0,0.0,0.0,0.0,0.0,0.0,0.0,0.0,0.0,0.0,0.0,0.0,0.0,1.0,0.0,0.0,0.0,0.0,0.0,0.0,0.0,0.0
3865,2006-10-24,SZSE:002091,0.0,0.0,0.0,0.0,0.0,0.0,0.0,0.0,0.0,0.0,0.0,0.0,0.0,0.0,0.0,0.0,0.0,0.0,0.0,0.0,0.0,0.0,0.0,0.0,0.0,0.0,0.0,0.0,1.0,0.0,0.0,0.0,0.0,0.0,0.0,0.0,0.0
3866,2006-10-25,SZSE:002091,0.0,0.0,0.0,0.0,0.0,0.0,0.0,0.0,0.0,0.0,0.0,0.0,0.0,0.0,0.0,0.0,0.0,0.0,0.0,0.0,0.0,0.0,0.0,0.0,0.0,0.0,0.0,0.0,1.0,0.0,0.0,0.0,0.0,0.0,0.0,0.0,0.0
3867,2006-10-26,SZSE:002091,0.0,0.0,0.0,0.0,0.0,0.0,0.0,0.0,0.0,0.0,0.0,0.0,0.0,0.0,0.0,0.0,0.0,0.0,0.0,0.0,0.0,0.0,0.0,0.0,0.0,0.0,0.0,0.0,1.0,0.0,0.0,0.0,0.0,0.0,0.0,0.0,0.0
3868,2006-10-27,SZSE:002091,0.0,0.0,0.0,0.0,0.0,0.0,0.0,0.0,0.0,0.0,0.0,0.0,0.0,0.0,0.0,0.0,0.0,0.0,0.0,0.0,0.0,0.0,0.0,0.0,0.0,0.0,0.0,0.0,1.0,0.0,0.0,0.0,0.0,0.0,0.0,0.0,0.0
3869,2006-10-30,SZSE:002091,0.0,0.0,0.0,0.0,0.0,0.0,0.0,0.0,0.0,0.0,0.0,0.0,0.0,0.0,0.0,0.0,0.0,0.0,0.0,0.0,0.0,0.0,0.0,0.0,0.0,0.0,0.0,0.0,1.0,0.0,0.0,0.0,0.0,0.0,0.0,0.0,0.0
3870,2006-10-31,SZSE:002091,0.0,0.0,0.0,0.0,0.0,0.0,0.0,0.0,0.0,0.0,0.0,0.0,0.0,0.0,0.0,0.0,0.0,0.0,0.0,0.0,0.0,0.0,0.0,0.0,0.0,0.0,0.0,0.0,1.0,0.0,0.0,0.0,0.0,0.0,0.0,0.0,0.0
3871,2006-11-01,SZSE:002091,0.0,0.0,0.0,0.0,0.0,0.0,0.0,0.0,0.0,0.0,0.0,0.0,0.0,0.0,0.0,0.0,0.0,0.0,0.0,0.0,0.0,0.0,0.0,0.0,0.0,0.0,0.0,0.0,1.0,0.0,0.0,0.0,0.0,0.0,0.0,0.0,0.0
3872,2006-11-02,SZSE:002091,0.0,0.0,0.0,0.0,0.0,0.0,0.0,0.0,0.0,0.0,0.0,0.0,0.0,0.0,0.0,0.0,0.0,0.0,0.0,0.0,0.0,0.0,0.0,0.0,0.0,0.0,0.0,0.0,1.0,0.0,0.0,0.0,0.0,0.0,0.0,0.0,0.0
3873,2006-11-03,SZSE:002091,0.0,0.0,0.0,0.0,0.0,0.0,0.0,0.0,0.0,0.0,0.0,0.0,0.0,0.0,0.0,0.0,0.0,0.0,0.0,0.0,0.0,0.0,0.0,0.0,0.0,0.0,0.0,0.0,1.0,0.0,0.0,0.0,0.0,0.0,0.0,0.0,0.0
3874,2006-11-06,SZSE:002091,0.0,0.0,0.0,0.0,0.0,0.0,0.0,0.0,0.0,0.0,0.0,0.0,0.0,0.0,0.0,0.0,0.0,0.0,0.0,0.0,0.0,0.0,0.0,0.0,0.0,0.0,0.0,0.0,1.0,0.0,0.0,0.0,0.0,0.0,0.0,0.0,0.0
3875,2006-11-07,SZSE:002091,0.0,0.0,0.0,0.0,0.0,0.0,0.0,0.0,0.0,0.0,0.0,0.0,0.0,0.0,0.0,0.0,0.0,0.0,0.0,0.0,0.0,0.0,0.0,0.0,0.0,0.0,0.0,0.0,1.0,0.0,0.0,0.0,0.0,0.0,0.0,0.0,0.0
3876,2006-11-08,SZSE:002091,0.0,0.0,0.0,0.0,0.0,0.0,0.0,0.0,0.0,0.0,0.0,0.0,0.0,0.0,0.0,0.0,0.0,0.0,0.0,0.0,0.0,0.0,0.0,0.0,0.0,0.0,0.0,0.0,1.0,0.0,0.0,0.0,0.0,0.0,0.0,0.0,0.0
3877,2006-11-09,SZSE:002091,0.0,0.0,0.0,0.0,0.0,0.0,0.0,0.0,0.0,0.0,0.0,0.0,0.0,0.0,0.0,0.0,0.0,0.0,0.0,0.0,0.0,0.0,0.0,0.0,0.0,0.0,0.0,0.0,1.0,0.0,0.0,0.0,0.0,0.0,0.0,0.0,0.0
3878,2006-11-10,SZSE:002091,0.0,0.0,0.0,0.0,0.0,0.0,0.0,0.0,0.0,0.0,0.0,0.0,0.0,0.0,0.0,0.0,0.0,0.0,0.0,0.0,0.0,0.0,0.0,0.0,0.0,0.0,0.0,0.0,1.0,0.0,0.0,0.0,0.0,0.0,0.0,0.0,0.0
3879,2006-11-13,SZSE:002091,0.0,0.0,0.0,0.0,0.0,0.0,0.0,0.0,0.0,0.0,0.0,0.0,0.0,0.0,0.0,0.0,0.0,0.0,0.0,0.0,0.0,0.0,0.0,0.0,0.0,0.0,0.0,0.0,1.0,0.0,0.0,0.0,0.0,0.0,0.0,0.0,0.0
3880,2006-11-14,SZSE:002091,0.0,0.0,0.0,0.0,0.0,0.0,0.0,0.0,0.0,0.0,0.0,0.0,0.0,0.0,0.0,0.0,0.0,0.0,0.0,0.0,0.0,0.0,0.0,0.0,0.0,0.0,0.0,0.0,1.0,0.0,0.0,0.0,0.0,0.0,0.0,0.0,0.0
3881,2006-11-15,SZSE:002091,0.0,0.0,0.0,0.0,0.0,0.0,0.0,0.0,0.0,0.0,0.0,0.0,0.0,0.0,0.0,0.0,0.0,0.0,0.0,0.0,0.0,0.0,0.0,0.0,0.0,0.0,0.0,0.0,1.0,0.0,0.0,0.0,0.0,0.0,0.0,0.0,0.0
3882,2006-11-16,SZSE:002091,0.0,0.0,0.0,0.0,0.0,0.0,0.0,0.0,0.0,0.0,0.0,0.0,0.0,0.0,0.0,0.0,0.0,0.0,0.0,0.0,0.0,0.0,0.0,0.0,0.0,0.0,0.0,0.0,1.0,0.0,0.0,0.0,0.0,0.0,0.0,0.0,0.0
3883,2006-11-17,SZSE:002091,0.0,0.0,0.0,0.0,0.0,0.0,0.0,0.0,0.0,0.0,0.0,0.0,0.0,0.0,0.0,0.0,0.0,0.0,0.0,0.0,0.0,0.0,0.0,0.0,0.0,0.0,0.0,0.0,1.0,0.0,0.0,0.0,0.0,0.0,0.0,0.0,0.0
3884,2006-11-20,SZSE:002091,0.0,0.0,0.0,0.0,0.0,0.0,0.0,0.0,0.0,0.0,0.0,0.0,0.0,0.0,0.0,0.0,0.0,0.0,0.0,0.0,0.0,0.0,0.0,0.0,0.0,0.0,0.0,0.0,1.0,0.0,0.0,1.2691,0.0,0.0,0.0,0.0,0.0
3885,2006-11-21,SZSE:002091,0.0,0.0,0.0,0.0,0.0,0.0,0.0,0.0,0.0,0.0,0.0,0.0,0.0,0.0,0.0,0.0,0.0,0.0,0.0,0.0,0.0,0.0,0.0,0.0,0.0,0.0,0.0,0.0,1.0,0.0,0.0,1.2691,0.0,0.0,0.0,0.0,0.0
3886,2006-11-22,SZSE:002091,0.0,0.0,0.0,0.0,0.0,0.0,0.0,0.0,0.0,0.0,0.0,0.0,0.0,0.0,0.0,0.0,0.0,0.0,0.0,0.0,0.0,0.0,0.0,0.0,0.0,0.0,0.0,0.0,1.0,0.0,0.0,1.4824,0.0,0.0,0.0,0.0,0.0
3887,2006-11-23,SZSE:002091,0.0,0.0,0.0,0.0,0.0,0.0,0.0,0.0,0.0,0.0,0.0,0.0,0.0,0.0,0.0,0.0,0.0,0.0,0.0,0.0,0.0,0.0,0.0,0.0,0.0,0.0,0.0,0.0,1.0,0.0,0.0,1.4824,0.0,0.0,0.0,0.0,0.0
3888,2006-11-24,SZSE:002091,0.0,0.0,0.0,0.0,0.0,0.0,0.0,0.0,0.0,0.0,0.0,0.0,0.0,0.0,0.0,0.0,0.0,0.0,0.0,0.0,0.0,0.0,0.0,0.0,0.0,0.0,0.0,0.0,1.0,0.0,0.0,1.4824,0.0,0.0,0.0,0.0,0.0
3889,2006-11-27,SZSE:002091,0.0,0.0,0.0,0.0,0.0,0.0,0.0,0.0,0.0,0.0,0.0,0.0,0.0,0.0,0.0,0.0,0.0,0.0,0.0,0.0,0.0,0.0,0.0,0.0,0.0,0.0,0.0,0.0,1.0,0.0,0.0,1.4824,0.0,0.0,0.0,0.0,0.0
3890,2006-11-28,SZSE:002091,0.0,0.0,0.0,0.0,0.0,0.0,0.0,0.0,0.0,0.0,0.0,0.0,0.0,0.0,0.0,0.0,0.0,0.0,0.0,0.0,0.0,0.0,0.0,0.0,0.0,0.0,0.0,0.0,1.0,0.0,0.0,1.4824,0.0,0.0,0.0,0.0,0.0
3891,2006-11-29,SZSE:002091,0.0,0.0,0.0,0.0,0.0,0.0,0.0,0.0,0.0,0.0,0.0,0.0,0.0,0.0,0.0,0.0,0.0,0.0,0.0,0.0,0.0,0.0,0.0,0.0,0.0,0.0,0.0,0.0,1.0,0.0,0.0,1.4824,0.0,0.0,0.0,0.0,0.0
3892,2006-11-30,SZSE:002091,0.0,0.0,0.0,0.0,0.0,0.0,0.0,0.0,0.0,0.0,0.0,0.0,0.0,0.0,0.0,0.0,0.0,0.0,0.0,0.0,0.0,0.0,0.0,0.0,0.0,0.0,0.0,0.0,1.0,0.0,0.0,1.4824,0.0,0.0,0.0,0.0,0.0
3893,2006-12-01,SZSE:002091,0.0,0.0,0.0,0.0,0.0,0.0,0.0,0.0,0.0,0.0,0.0,0.0,0.0,0.0,0.0,0.0,0.0,0.0,0.0,0.0,0.0,0.0,0.0,0.0,0.0,0.0,0.0,0.0,1.0,0.0,0.0,1.4824,0.0,0.0,0.0,0.0,0.0
3894,2006-12-04,SZSE:002091,0.0,0.0,0.0,0.0,0.0,0.0,0.0,0.0,0.0,0.0,0.0,0.0,0.0,0.0,0.0,0.0,0.0,0.0,0.0,0.0,0.0,0.0,0.0,0.0,0.0,0.0,0.0,0.0,1.0,0.0,0.0,1.4824,0.0,0.0,0.0,0.0,0.0
3895,2006-12-05,SZSE:002091,0.0,0.0,0.0,0.0,0.0,0.0,0.0,0.0,0.0,0.0,0.0,0.0,0.0,0.0,0.0,0.0,0.0,0.0,0.0,0.0,0.0,0.0,0.0,0.0,0.0,0.0,0.0,0.0,1.0,0.0,0.0,1.4824,0.0,0.0,0.0,0.0,0.0
3896,2006-12-06,SZSE:002091,0.0,0.0,0.0,0.0,0.0,0.0,0.0,0.0,0.0,0.0,0.0,0.0,0.0,0.0,0.0,0.0,0.0,0.0,0.0,0.0,0.0,0.0,0.0,0.0,0.0,0.0,0.0,0.0,1.0,0.0,0.0,1.4824,0.0,0.0,0.0,0.0,0.0
3897,2006-12-07,SZSE:002091,0.0,0.0,0.0,0.0,0.0,0.0,0.0,0.0,0.0,0.0,0.0,0.0,0.0,0.0,0.0,0.0,0.0,0.0,0.0,0.0,0.0,0.0,0.0,0.0,0.0,0.0,0.0,0.0,1.0,0.0,0.0,1.4824,0.0,0.0,0.0,0.0,0.0
3898,2006-12-08,SZSE:002091,0.0,0.0,0.0,0.0,0.0,0.0,0.0,0.0,0.0,0.0,0.0,0.0,0.0,0.0,0.0,0.0,0.0,0.0,0.0,0.0,0.0,0.0,0.0,0.0,0.0,0.0,0.0,0.0,1.0,0.0,0.0,1.4824,0.0,0.0,0.0,0.0,0.0
3899,2006-12-11,SZSE:002091,0.0,3.6376,2.8035,0.0,0.0,1702.3991,0.0,0.0,0.0,35.9483,0.0,0.0,0.0,0.0,0.0,0.0,0.0,0.0,1744.5313,17.4583,16.0749,0.0,14.2121,0.635,0.6474,0.0,3.6563,0.0,1.0,0.0,0.0,1.4824,0.0,0.0,0.0,0.0,0.0
3900,2006-12-12,SZSE:002091,0.0,3.5665,2.7487,3.6786,3.5364,1669.1192,3.6349,0.0,0.0,35.2455,0.0,0.0,0.0,0.0,0.0,0.0,0.0,0.0,1711.2513,17.1253,15.7682,0.0,13.941,0.6228,0.635,13.0445,3.6563,0.0,1.0,0.0,0.0,1.4824,2.801415850273377,2.8350954212813684,2.7255019430814524,47.694605349999996,0.0
3901,2006-12-13,SZSE:002091,0.0,3.5282,2.7192,3.5692,3.4872,1651.1995,3.5364,0.0,0.0,34.8671,0.0,0.0,0.0,0.0,0.0,0.0,0.0,0.0,1693.3316,16.946,15.6031,0.0,13.795,0.6163,0.6284,10.1251,3.6563,0.0,1.0,0.0,0.0,1.4824,2.7255197777903746,2.750798888951873,2.6876011110481266,37.02040313,0.0
3902,2006-12-14,SZSE:002091,0.0,3.5282,2.7192,3.6048,3.5091,1651.1995,3.5364,0.0,0.0,34.8671,0.0,0.0,0.0,0.0,0.0,0.0,0.0,0.0,1693.3316,16.946,15.6031,0.0,13.795,0.6163,0.6284,8.0263,3.6563,0.0,1.0,0.0,0.0,1.4824,2.7255197777903746,2.778235973017402,2.7044795419760783,29.346560690000004,0.0
3903,2006-12-15,SZSE:002091,0.0,3.5309,2.7213,3.5474,3.4981,1652.479,3.5309,0.0,0.0,34.8941,0.0,0.0,0.0,0.0,0.0,0.0,0.0,0.0,1694.6111,16.9588,15.6149,0.0,13.8054,0.6168,0.6289,7.6459,3.6563,0.0,1.0,0.0,0.0,1.4824,2.7213,2.7340167152850547,2.6960207114333454,27.95570417,0.0
3904,2006-12-18,SZSE:002091,0.0,3.5063,2.7023,3.5364,3.5009,1640.9592,3.52,0.0,0.0,34.6509,0.0,0.0,0.0,0.0,0.0,0.0,0.0,0.0,1683.0913,16.8435,15.5087,0.0,13.7115,0.6126,0.6246,7.6134,3.6563,0.0,1.0,0.0,0.0,1.4824,2.7128585688617632,2.7254980235575967,2.69813822833186,27.83687442,0.0
3905,2006-12-19,SZSE:002091,0.0,3.5939,2.7698,3.6595,3.5009,1681.9195,3.5118,0.0,0.0,35.5158,0.0,0.0,0.0,0.0,0.0,0.0,0.0,0.0,1724.0516,17.2534,15.8861,0.0,14.0452,0.6275,0.6398,13.4079,3.6563,0.0,1.0,0.0,0.0,1.4824,2.7065259578730627,2.8203575781184784,2.6981253846795963,49.023304769999996,0.0
3906,2006-12-20,SZSE:002091,0.0,3.572,2.7529,3.5884,3.5227,1671.6792,3.5774,0.0,0.0,35.2996,0.0,0.0,0.0,0.0,0.0,0.0,0.0,0.0,1713.8113,17.1509,15.7918,0.0,13.9618,0.6238,0.636,6.9763,3.6563,0.0,1.0,0.0,0.0,1.4824,2.7570617189249718,2.765539294512878,2.714905047592385,25.50744569,0.0
3907,2006-12-21,SZSE:002091,0.0,3.5337,2.7234,3.6403,3.5255,1653.7594,3.5829,0.0,0.0,34.9212,0.0,0.0,0.0,0.0,0.0,0.0,0.0,0.0,1695.8915,16.9716,15.6267,0.0,13.8158,0.6172,0.6293,6.1105,3.6563,0.0,1.0,0.0,0.0,1.4824,2.761318125477545,2.8055559385346798,2.7170803124204093,22.341821149999998,0.0
3908,2006-12-22,SZSE:002091,0.0,3.5227,2.715,3.6185,3.5173,1648.639,3.5391,0.0,0.0,34.8131,0.0,0.0,0.0,0.0,0.0,0.0,0.0,0.0,1690.7712,16.9203,15.5795,0.0,13.7741,0.6154,0.6274,5.4165,3.6563,0.0,1.0,0.0,0.0,1.4824,2.7276397365657026,2.7888345587191643,2.7108381355210494,19.80434895,0.0
3909,2006-12-25,SZSE:002091,0.0,3.5692,2.7508,3.6048,3.5145,1670.3996,3.5474,0.0,0.0,35.2726,0.0,0.0,0.0,0.0,0.0,0.0,0.0,0.0,1712.5318,17.1381,15.78,0.0,13.9514,0.6233,0.6355,5.9348,3.6563,0.0,1.0,0.0,0.0,1.4824,2.733998632746834,2.778237095147372,2.708642440883111,21.699409239999998,0.0
3910,2006-12-26,SZSE:002091,0.0,3.4407,2.6517,3.5638,3.4325,1610.2392,3.5638,0.0,0.0,34.0022,0.0,0.0,0.0,0.0,0.0,0.0,0.0,0.0,1652.3713,16.536,15.2256,0.0,13.4613,0.6014,0.6132,6.9103,3.6563,0.0,1.0,0.0,0.0,1.4824,2.7465714709216145,2.7465714709216145,2.645380373179876,25.266129890000002,0.0
3911,2006-12-27,SZSE:002091,0.0,3.3997,2.6201,3.4872,3.3641,1591.0395,3.427,0.0,0.0,33.5968,0.0,0.0,0.0,0.0,0.0,0.0,0.0,0.0,1633.1716,16.3439,15.0487,0.0,13.3049,0.5944,0.6061,4.236,3.6563,0.0,1.0,0.0,0.0,1.4824,2.64113971821043,2.6875349942641997,2.5926635909050795,15.488086799999998,0.0
3912,2006-12-28,SZSE:002091,0.0,3.3176,2.5569,3.3997,3.2438,1552.6391,3.3614,0.0,0.0,32.7859,0.0,0.0,0.0,0.0,0.0,0.0,0.0,0.0,1594.7713,15.9596,14.6949,0.0,12.992,0.5804,0.5918,6.2036,3.6563,0.0,1.0,0.0,0.0,1.4824,2.5906569990354473,2.6201751054979505,2.5000217687484927,22.68222268,0.0
3913,2006-12-29,SZSE:002091,-2.4897,3.334,2.5695,3.345,3.2739,1560.319,3.3231,0.0,0.0,32.9481,0.0,0.0,0.0,25.1122,25.1122,0.0,0.0,0.0,1602.4511,16.0365,14.7657,0.0,13.0546,0.5832,0.5947,5.2799,3.6563,0.0,1.0,0.0,0.0,1.4824,2.561099415116977,2.577977654469106,2.523181178764247,19.304898369999997,0.0
3914,2007-01-01,SZSE:002091,-2.4897,0.0,2.5695,0.0,0.0,1560.319,0.0,0.0,0.0,32.9481,0.0,0.0,0.0,25.1122,25.1122,0.0,0.0,0.0,1602.4511,16.0365,14.7657,0.0,13.0546,0.5832,0.5947,0.0,3.6563,0.0,1.0,0.0,0.0,1.4824,0.0,0.0,0.0,0.0,0.0
3915,2007-01-02,SZSE:002091,-2.4897,0.0,2.5695,0.0,0.0,1560.319,0.0,0.0,0.0,32.9481,0.0,0.0,0.0,25.1122,25.1122,0.0,0.0,0.0,1602.4511,16.0365,14.7657,0.0,13.0546,0.5832,0.5947,0.0,3.6563,0.0,1.0,0.0,0.0,1.4824,0.0,0.0,0.0,0.0,0.0
3916,2007-01-03,SZSE:002091,-2.4897,0.0,2.5695,0.0,0.0,1560.319,0.0,0.0,0.0,32.9481,0.0,0.0,0.0,25.1122,25.1122,0.0,0.0,0.0,1602.4511,16.0365,14.7657,0.0,13.0546,0.5832,0.5947,0.0,3.6563,0.0,1.0,0.0,0.0,1.4824,0.0,0.0,0.0,0.0,0.0
3917,2007-01-04,SZSE:002091,-2.4897,3.2684,2.5189,3.3504,3.2547,1529.5995,3.345,0.0,0.0,32.2994,0.0,0.0,0.0,22.5039,22.504,0.0,0.0,0.0,1571.7316,15.729,14.4826,0.0,12.8043,0.5721,0.5833,4.8595,3.6563,0.0,1.0,0.0,0.0,1.4824,2.577934310365928,2.582095998041855,2.5083416442295925,17.76778985,0.0
3918,2007-01-05,SZSE:002091,-1.1885,3.3258,2.5632,3.3258,3.241,1556.4796,3.2438,0.0,0.0,32.867,0.0,0.0,0.0,29.4125,29.4125,0.0,0.0,0.0,1598.6117,15.998,14.7303,0.0,13.0233,0.5818,0.5932,2.7219,3.6563,0.0,1.0,0.0,0.0,1.4824,2.5000024535450116,2.5632,2.49784448854411,9.952082970000001,0.0
3919,2007-01-08,SZSE:002091,-1.1885,3.3915,2.6138,3.3997,3.2985,1587.1995,3.3203,0.0,0.0,33.5157,0.0,0.0,0.0,36.3915,36.3916,0.0,0.0,0.0,1629.3316,16.3055,15.0134,0.0,13.2736,0.593,0.6046,4.0264,3.6563,0.0,1.0,0.0,0.0,1.4824,2.558926769865841,2.6201196697626417,2.542125696594427,14.721726319999998,0.0
3920,2007-01-09,SZSE:002091,-1.1885,3.4133,2.6306,3.4434,3.3915,1597.4394,3.3942,0.0,0.0,33.7319,0.0,0.0,0.0,38.5717,38.5718,0.0,0.0,0.0,1639.5715,16.408,15.1077,0.0,13.357,0.5967,0.6084,5.6162,3.6563,0.0,1.0,0.0,0.0,1.4824,2.615879799607418,2.6537978027129165,2.613798933583336,20.53451206,0.0
3921,2007-01-10,SZSE:002091,-1.1885,3.438,2.6496,3.4407,3.3805,1608.9597,3.4133,0.0,0.0,33.9752,0.0,0.0,0.0,41.021,41.021,0.0,0.0,0.0,1651.0918,16.5232,15.2139,0.0,13.4509,0.6009,0.6127,4.2921,3.6563,0.0,1.0,0.0,0.0,1.4824,2.6305641884816753,2.651680837696335,2.6052858638743457,15.693205229999998,0.0
3922,2007-01-11,SZSE:002091,-1.1885,3.4762,2.6791,3.5419,3.438,1626.8794,3.4462,0.0,0.0,34.3536,0.0,0.0,0.0,44.7136,44.7136,0.0,0.0,0.0,1669.0115,16.7026,15.379,0.0,13.5968,0.6075,0.6194,6.8186,3.6563,0.0,1.0,0.0,0.0,1.4824,2.655979063345032,2.72973485127438,2.649659340659341,24.93084718,0.0
3923,2007-01-12,SZSE:002091,-1.3727,3.3778,2.6032,3.5145,3.3368,1580.7992,3.4762,0.0,0.0,33.3805,0.0,0.0,0.0,38.1066,38.1066,0.0,0.0,0.0,1622.9313,16.2414,14.9544,0.0,13.2214,0.5907,0.6023,5.0259,3.6563,0.0,1.0,0.0,0.0,1.4824,2.6790348274024516,2.708551838474747,2.571602155248979,18.37619817,0.0
3924,2007-01-15,SZSE:002091,-1.3727,3.4571,2.6644,3.4598,3.3614,1617.9191,3.3805,0.0,0.0,34.1644,0.0,0.0,0.0,45.139,45.139,0.0,0.0,0.0,1660.0512,16.6129,15.2964,0.0,13.5238,0.6042,0.616,5.4317,3.6563,0.0,1.0,0.0,0.0,1.4824,2.605364091290388,2.666480900176449,2.590643649301438,19.85992471,0.0
3925,2007-01-16,SZSE:002091,-1.3727,3.5063,2.7023,3.5145,3.4489,1640.9592,3.4626,0.0,0.0,34.6509,0.0,0.0,0.0,49.0116,49.0116,0.0,0.0,0.0,1683.0913,16.8435,15.5087,0.0,13.7115,0.6126,0.6246,6.1235,3.6563,0.0,1.0,0.0,0.0,1.4824,2.668620477426347,2.708619727347917,2.658061908564584,22.38935305,0.0
3926,2007-01-17,SZSE:002091,-1.3727,3.6021,2.7761,3.6868,3.5282,1685.7594,3.5692,0.0,0.0,35.5969,0.0,0.0,0.0,55.5777,55.5777,0.0,0.0,0.0,1727.8915,17.2918,15.9215,0.0,14.0765,0.6289,0.6412,14.3356,3.6563,0.0,1.0,0.0,0.0,1.4824,2.7507443213680904,2.841377385414064,2.7191460592432195,52.41525428,0.0
3927,2007-01-18,SZSE:002091,-1.3727,3.8318,2.9531,3.8318,3.6021,1793.2791,3.6021,0.0,0.0,37.8673,0.0,0.0,0.0,66.6709,66.671,0.0,0.0,0.0,1835.4112,18.3678,16.9123,0.0,14.9524,0.668,0.6811,16.898,3.6563,0.0,1.0,0.0,0.0,1.4824,2.776074301894671,2.9531,2.776074301894671,61.7841574,0.0
3928,2007-01-19,SZSE:002091,0.438,3.8537,2.97,3.9248,3.7689,1803.519,3.8646,0.0,0.0,38.0835,0.0,0.0,0.0,67.5033,67.5033,0.0,0.0,0.0,1845.6511,18.4703,17.0066,0.0,15.0359,0.6718,0.6849,15.4353,3.6563,0.0,1.0,0.0,0.0,1.4824,2.9784004982224874,3.0247959104237485,2.9046456652048684,56.43608739,0.0
3929,2007-01-22,SZSE:002091,0.438,4.0424,3.1154,4.0424,3.8127,1891.8395,3.8591,0.0,0.0,39.9485,0.0,0.0,0.0,73.622,73.622,0.0,0.0,0.0,1933.9716,19.3541,17.8204,0.0,15.7554,0.7039,0.7177,12.5593,3.6563,0.0,1.0,0.0,0.0,1.4824,2.9741342123491,3.1154,2.938374623985751,45.92056859,0.0
3930,2007-01-23,SZSE:002091,0.438,3.9877,3.0733,4.0916,3.8564,1866.2399,4.0479,0.0,0.0,39.408,0.0,0.0,0.0,69.5352,69.5352,0.0,0.0,0.0,1908.372,19.098,17.5845,0.0,15.5468,0.6946,0.7082,9.2177,3.6563,0.0,1.0,0.0,0.0,1.4824,3.1196958321839663,3.1533751987361134,2.9721077613662015,33.70267651,0.0
3931,2007-01-24,SZSE:002091,0.438,3.9385,3.0353,4.0068,3.8865,1843.1993,3.985,0.0,0.0,38.9214,0.0,0.0,0.0,65.9849,65.9849,0.0,0.0,0.0,1885.3314,18.8674,17.3722,0.0,15.3591,0.6862,0.6996,6.5481,3.6563,0.0,1.0,0.0,0.0,1.4824,3.0711363463247427,3.0879370420210743,2.9952249460454485,23.94181803,0.0
3932,2007-01-25,SZSE:002091,0.438,3.6896,2.8435,3.8974,3.6786,1726.7192,3.8974,0.0,0.0,36.4618,0.0,0.0,0.0,51.6325,51.6325,0.0,0.0,0.0,1768.8513,17.7017,16.2989,0.0,14.4102,0.6438,0.6564,7.8542,3.6563,0.0,1.0,0.0,0.0,1.4824,3.0036472517346056,3.0036472517346056,2.8350225227666956,28.717311459999998,0.0
3933,2007-01-26,SZSE:002091,0.2432,3.695,2.8477,3.7525,3.572,1729.2792,3.6376,0.0,0.0,36.5159,0.0,0.0,0.0,51.8803,51.8803,0.0,0.0,0.0,1771.4113,17.7273,16.3225,0.0,14.4311,0.6447,0.6574,7.4788,3.6563,0.0,1.0,0.0,0.0,1.4824,2.8034623870094726,2.8920146820027064,2.752905115020298,27.34473644,0.0
3934,2007-01-29,SZSE:002091,0.2432,3.9494,3.0438,3.9686,3.6786,1848.3192,3.6923,0.0,0.0,39.0296,0.0,0.0,0.0,61.7029,61.7029,0.0,0.0,0.0,1890.4513,18.9186,17.4194,0.0,15.4008,0.6881,0.7015,10.5373,3.6563,0.0,1.0,0.0,0.0,1.4824,2.8456531979541198,3.0585974274573355,2.8350946169038336,38.52752999,0.0
3935,2007-01-30,SZSE:002091,0.2432,3.9275,3.0269,4.0479,3.892,1838.0794,3.9439,0.0,0.0,38.8133,0.0,0.0,0.0,60.5577,60.5577,0.0,0.0,0.0,1880.2115,18.8161,17.3251,0.0,15.3174,0.6843,0.6977,8.5457,3.6563,0.0,1.0,0.0,0.0,1.4824,3.039539378739656,3.1196915366008913,2.9995403691915974,31.24564291,0.0
3936,2007-01-31,SZSE:002091,0.2432,3.7607,2.8983,3.9822,3.7607,1759.9992,3.8974,0.0,0.0,37.1646,0.0,0.0,0.0,52.5492,52.5492,0.0,0.0,0.0,1802.1313,18.0348,16.6056,0.0,14.6813,0.6559,0.6688,6.6564,3.6563,0.0,1.0,0.0,0.0,1.4824,3.0036520913659692,3.0690058393384207,2.8983,24.337795319999998,0.0
3937,2007-02-01,SZSE:002091,0.2432,4.0889,3.1513,4.1354,3.7142,1913.5996,3.747,0.0,0.0,40.408,0.0,0.0,0.0,62.9339,62.9339,0.0,0.0,0.0,1955.7317,19.5719,18.0209,0.0,15.9326,0.7118,0.7258,14.508,3.6563,0.0,1.0,0.0,0.0,1.4824,2.887798943481132,3.187137376800606,2.862520105651887,53.0456004,0.0
3938,2007-02-02,SZSE:002091,1.0707,4.0479,3.1197,4.2448,4.0424,1894.3994,4.0944,0.0,0.0,40.0026,0.0,0.0,0.0,61.1329,61.1329,0.0,0.0,0.0,1936.5315,19.3798,17.844,0.0,15.7762,0.7048,0.7186,17.2884,3.6563,0.0,1.0,0.0,0.0,1.4824,3.155537360112651,3.2714500259393753,3.1154611724597934,63.21157692,0.0
3939,2007-02-05,SZSE:002091,1.0707,4.1956,3.2335,4.305,4.0479,1963.5193,4.0615,0.0,0.0,41.4621,0.0,0.0,0.0,65.0145,65.0145,0.0,0.0,0.0,2005.6514,20.0715,18.4809,0.0,16.3393,0.73,0.7443,8.5623,3.6563,0.0,1.0,0.0,0.0,1.4824,3.130150693583754,3.317813304414148,3.1196693321574984,31.30633749,0.0
3940,2007-02-06,SZSE:002091,1.0707,4.1928,3.2314,4.2612,4.119,1962.2393,4.1874,0.0,0.0,41.4351,0.0,0.0,0.0,64.8853,64.8853,0.0,0.0,0.0,2004.3714,20.0587,18.4691,0.0,16.3289,0.7295,0.7438,6.2277,3.6563,0.0,1.0,0.0,0.0,1.4824,3.2272382083571833,3.284116027475672,3.1745221808815107,22.77033951,0.0
3941,2007-02-07,SZSE:002091,1.0707,4.1573,3.204,4.2913,4.1354,1945.5996,4.1956,0.0,0.0,41.0837,0.0,0.0,0.0,63.1285,63.1285,0.0,0.0,0.0,1987.7317,19.8921,18.3158,0.0,16.1933,0.7235,0.7376,6.8091,3.6563,0.0,1.0,0.0,0.0,1.4824,3.233517523392586,3.3072727972482134,3.1871218338825678,24.896112329999998,0.0
3942,2007-02-08,SZSE:002091,1.0707,4.1819,3.223,4.1846,4.0479,1957.1194,4.16,0.0,0.0,41.327,0.0,0.0,0.0,63.8581,63.8581,0.0,0.0,0.0,1999.2515,20.0074,18.4219,0.0,16.2872,0.7277,0.7419,7.5867,3.6563,0.0,1.0,0.0,0.0,1.4824,3.2061216193596214,3.2250808962433344,3.1197258901456277,27.73925121,0.0
3943,2007-02-09,SZSE:002091,1.0876,4.4198,3.4063,4.48,4.16,2068.4795,4.1709,0.0,0.0,43.6785,0.0,0.0,0.0,70.0311,70.0311,0.0,0.0,0.0,2110.6116,21.1219,19.4481,0.0,17.1944,0.7682,0.7832,11.63,3.6563,0.0,1.0,0.0,0.0,1.4824,3.214475014706547,3.452695597085841,3.2060744830082806,42.522769000000004,0.0
3944,2007-02-12,SZSE:002091,1.0876,4.5402,3.4991,4.5949,4.4308,2124.7991,4.4308,0.0,0.0,44.8678,0.0,0.0,0.0,72.5817,72.5817,0.0,0.0,0.0,2166.9312,21.6855,19.967,0.0,17.6532,0.7887,0.8041,8.118,3.6563,0.0,1.0,0.0,0.0,1.4824,3.4147861944407736,3.5412569027796135,3.4147861944407736,29.6818434,0.0
3945,2007-02-13,SZSE:002091,1.0876,4.6086,3.5518,4.6441,4.4663,2156.7991,4.5374,0.0,0.0,45.5435,0.0,0.0,0.0,73.9389,73.9389,0.0,0.0,0.0,2198.9312,22.0057,20.2619,0.0,17.9139,0.8003,0.816,7.6515,3.6563,0.0,1.0,0.0,0.0,1.4824,3.4969269018790956,3.5791594801024167,3.4421308727162265,27.97617945,0.0
3946,2007-02-14,SZSE:002091,1.0876,4.5593,3.5138,4.6414,4.5347,2133.759,4.6414,0.0,0.0,45.057,0.0,0.0,0.0,71.2059,71.2059,0.0,0.0,0.0,2175.8911,21.7751,20.0496,0.0,17.7262,0.792,0.8075,5.5366,3.6563,0.0,1.0,0.0,0.0,1.4824,3.577073524444541,3.577073524444541,3.4948410633211235,20.24347058,0.0
3947,2007-02-15,SZSE:002091,1.0876,4.6195,3.5602,4.6769,4.5402,2161.9194,4.5949,0.0,0.0,45.6516,0.0,0.0,0.0,72.5418,72.5418,0.0,0.0,0.0,2204.0516,22.057,20.3091,0.0,17.9556,0.8022,0.8179,6.5324,3.6563,0.0,1.0,0.0,0.0,1.4824,3.5412410390734927,3.604437575495183,3.499084325143413,23.88441412,0.0
3948,2007-02-16,SZSE:002091,1.1808,4.6769,3.6045,4.8,4.5429,2188.7995,4.6359,0.0,0.0,44.2723,0.0,0.0,0.0,73.7918,73.7918,0.0,0.0,0.0,2230.9316,22.326,20.5567,0.0,17.0313,0.812,0.7971,5.574,3.6563,0.0,1.0,0.0,0.0,1.4824,3.5729011845453185,3.699373516645641,3.5012258226603095,20.3802162,0.0
3949,2007-02-19,SZSE:002091,1.1808,0.0,3.6045,0.0,0.0,2188.7995,0.0,0.0,0.0,44.2723,0.0,0.0,0.0,73.7918,73.7918,0.0,0.0,0.0,2230.9316,22.326,20.5567,0.0,17.0313,0.812,0.7971,0.0,3.6563,0.0,1.0,0.0,0.0,1.4824,0.0,0.0,0.0,0.0,0.0
3950,2007-02-20,SZSE:002091,1.1808,0.0,3.6045,0.0,0.0,2188.7995,0.0,0.0,0.0,44.2723,0.0,0.0,0.0,73.7918,73.7918,0.0,0.0,0.0,2230.9316,22.326,20.5567,0.0,17.0313,0.812,0.7971,0.0,3.6563,0.0,1.0,0.0,0.0,1.4824,0.0,0.0,0.0,0.0,0.0
3951,2007-02-21,SZSE:002091,1.1808,0.0,3.6045,0.0,0.0,2188.7995,0.0,0.0,0.0,44.2723,0.0,0.0,0.0,73.7918,73.7918,0.0,0.0,0.0,2230.9316,22.326,20.5567,0.0,17.0313,0.812,0.7971,0.0,3.6563,0.0,1.0,0.0,0.0,1.4824,0.0,0.0,0.0,0.0,0.0
3952,2007-02-22,SZSE:002091,1.1808,0.0,3.6045,0.0,0.0,2188.7995,0.0,0.0,0.0,44.2723,0.0,0.0,0.0,73.7918,73.7918,0.0,0.0,0.0,2230.9316,22.326,20.5567,0.0,17.0313,0.812,0.7971,0.0,3.6563,0.0,1.0,0.0,0.0,1.4824,0.0,0.0,0.0,0.0,0.0
3953,2007-02-23,SZSE:002091,1.2214,0.0,3.6045,0.0,0.0,2188.7995,0.0,0.0,0.0,44.2723,0.0,0.0,0.0,73.7918,73.7918,0.0,0.0,0.0,2230.9316,22.326,20.5567,0.0,17.0313,0.812,0.7971,0.0,3.6563,0.0,1.0,0.0,0.0,1.4824,0.0,0.0,0.0,0.0,0.0
3954,2007-02-26,SZSE:002091,1.2214,4.6468,3.5813,4.6715,4.5621,2174.7192,4.6468,0.0,0.0,43.9875,0.0,0.0,0.0,71.9443,71.9443,0.0,0.0,0.0,2216.8514,22.1851,20.427,0.0,16.9238,0.8069,0.7921,7.3813,3.6563,0.0,1.0,0.0,0.0,1.4824,3.5813,3.6003363497460623,3.5160215051218047,26.98824719,0.0
3955,2007-02-27,SZSE:002091,1.2214,4.1819,3.223,4.6633,4.1819,1957.1194,4.6523,0.0,0.0,39.5861,0.0,0.0,0.0,50.7839,50.7839,0.0,0.0,0.0,1999.2515,20.0074,18.4219,0.0,15.2626,0.7277,0.7144,11.176,3.6563,0.0,1.0,0.0,0.0,1.4824,3.5855383677275885,3.594016093163394,3.223,40.862808799999996,0.0
3956,2007-02-28,SZSE:002091,1.2214,4.2831,3.3009,4.3268,4.1436,2004.4796,4.212,0.0,0.0,40.5441,0.0,0.0,0.0,53.958,53.958,0.0,0.0,0.0,2046.6117,20.4814,18.8583,0.0,15.6242,0.7449,0.7313,6.0103,3.6563,0.0,1.0,0.0,0.0,1.4824,3.2461046438327377,3.3345787210198226,3.1933901239756253,21.97545989,0.0
3957,2007-03-01,SZSE:002091,1.2214,4.0697,3.1365,4.2803,3.9932,1904.6388,4.2667,0.0,0.0,38.5246,0.0,0.0,0.0,47.0666,47.0666,0.0,0.0,0.0,1946.7709,19.4822,17.9384,0.0,14.862,0.7086,0.6956,6.9242,3.6563,0.0,1.0,0.0,0.0,1.4824,3.288327038848072,3.29880849939799,3.077541784406713,25.31695246,0.0
3958,2007-03-02,SZSE:002091,1.6865,4.1983,3.2356,4.2366,4.0697,1964.7993,4.0697,0.0,0.0,39.7415,0.0,0.0,0.0,51.1179,51.1179,0.0,0.0,0.0,2006.9314,20.0843,18.4927,0.0,15.3213,0.7305,0.7171,5.0842,3.6563,0.0,1.0,0.0,0.0,1.4824,3.136488893123407,3.265117538051116,3.136488893123407,18.589360459999998,0.0
3959,2007-03-05,SZSE:002091,1.6865,4.0807,3.145,4.253,4.026,1909.7596,4.2065,0.0,0.0,38.6282,0.0,0.0,0.0,47.5335,47.5335,0.0,0.0,0.0,1951.8918,19.5335,17.9856,0.0,14.9011,0.7104,0.6974,7.2246,3.6563,0.0,1.0,0.0,0.0,1.4824,3.2419541990344793,3.2777918004263977,3.102842649545421,26.41530498,0.0
3960,2007-03-06,SZSE:002091,1.6865,4.119,3.1745,4.1545,4.0424,1927.6789,4.0479,0.0,0.0,38.9907,0.0,0.0,0.0,48.7924,48.7925,0.0,0.0,0.0,1969.811,19.7128,18.1507,0.0,15.0379,0.7169,0.7038,2.6765,3.6563,0.0,1.0,0.0,0.0,1.4824,3.119703459577568,3.201859735372663,3.1154646273367326,9.78608695,0.0
3961,2007-03-07,SZSE:002091,1.6865,4.201,3.2377,4.2393,4.1327,1966.0797,4.1327,0.0,0.0,39.7674,0.0,0.0,0.0,51.4793,51.4793,0.0,0.0,0.0,2008.2118,20.0971,18.5045,0.0,15.331,0.7309,0.7176,4.3954,3.6563,0.0,1.0,0.0,0.0,1.4824,3.1850613639609615,3.2672177124494173,3.1850613639609615,16.07090102,0.0
3962,2007-03-08,SZSE:002091,1.6865,4.2393,3.2672,4.2886,4.1026,1983.9994,4.1846,0.0,0.0,40.1298,0.0,0.0,0.0,52.7259,52.7259,0.0,0.0,0.0,2026.1315,20.2764,18.6696,0.0,15.4678,0.7374,0.724,12.4167,3.6563,0.0,1.0,0.0,0.0,1.4824,3.2250430778666286,3.3051951784492717,3.1618462293303136,45.39918021,0.0
3963,2007-03-09,SZSE:002091,1.6457,4.294,3.3094,4.3214,4.212,2009.599,4.253,0.0,0.0,40.6476,0.0,0.0,0.0,54.5234,54.5234,0.0,0.0,0.0,2051.7311,20.5326,18.9055,0.0,15.6633,0.7468,0.7331,8.4968,3.6563,0.0,1.0,0.0,0.0,1.4824,3.277801164415464,3.330517270610154,3.246202328830927,31.06684984,0.0
3964,2007-03-12,SZSE:002091,1.6457,4.4527,3.4316,4.4581,4.3296,2083.8393,4.3487,0.0,0.0,42.1493,0.0,0.0,49.594,59.3505,59.3504,0.0,0.0,0.0,2125.9714,21.2756,19.5896,0.0,16.23,0.7738,0.7596,9.724,3.6563,0.0,1.0,0.0,0.0,1.4824,3.3514494396658208,3.4357616637096595,3.336729480989063,35.5538612,0.0
3965,2007-03-13,SZSE:002091,1.6457,4.4062,3.3958,4.5128,4.3706,2062.0796,4.4909,0.0,0.0,41.7091,0.0,0.0,49.5908,57.4264,57.4265,0.0,0.0,0.0,2104.2117,21.0578,19.3891,0.0,16.0639,0.7659,0.7519,7.7661,3.6563,0.0,1.0,0.0,0.0,1.4824,3.4610771685352457,3.477955208569743,3.3683635513594474,28.395191429999997,0.0
3966,2007-03-14,SZSE:002091,1.6457,4.3077,3.3199,4.3542,4.212,2015.9994,4.3433,0.0,0.0,40.7771,0.0,0.0,49.9023,53.4731,53.4731,0.0,0.0,0.0,2058.1315,20.5967,18.9645,0.0,15.7121,0.7491,0.7354,6.1426,3.6563,0.0,1.0,0.0,0.0,1.4824,3.3473365531490127,3.355737070826659,3.24614499616965,22.459188379999997,0.0
3967,2007-03-15,SZSE:002091,1.6457,4.4308,3.4148,4.4636,4.294,2073.5994,4.294,0.0,0.0,41.9421,0.0,0.0,50.168,57.4191,57.4192,0.0,0.0,0.0,2115.7315,21.1731,19.4952,0.0,16.1519,0.7701,0.756,8.1058,3.6563,0.0,1.0,0.0,0.0,1.4824,3.309368782161235,3.4400788300081246,3.309368782161235,29.63723654,0.0
3968,2007-03-16,SZSE:002091,1.6327,4.3761,3.3726,4.4718,4.1846,2047.9994,4.4499,0.0,0.0,41.4243,0.0,0.0,49.8375,55.1792,55.1792,0.0,0.0,0.0,2090.1315,20.9169,19.2594,0.0,15.9564,0.7607,0.7468,6.2659,3.6563,0.0,1.0,0.0,0.0,1.4824,3.4294766435867556,3.4463546719681903,3.2250135874408716,22.91001017,0.0
3969,2007-03-19,SZSE:002091,1.6327,4.6496,3.5834,4.6496,4.2803,2175.9992,4.3186,0.0,0.0,44.0134,0.0,0.0,51.4677,62.9597,62.9597,0.0,0.0,0.0,2218.1313,22.1979,20.4388,0.0,16.9336,0.8073,0.7926,14.5077,3.6563,0.0,1.0,0.0,0.0,1.4824,3.328301625946318,3.5834,3.298784200791466,53.04450351,0.0
3970,2007-03-20,SZSE:002091,1.6327,4.6988,3.6213,4.7918,4.6578,2199.0393,4.7043,0.0,0.0,44.4794,0.0,0.0,51.4313,64.1655,64.1655,0.0,0.0,0.0,2241.1714,22.4284,20.6511,0.0,17.1095,0.8157,0.8008,9.6947,3.6563,0.0,1.0,0.0,0.0,1.4824,3.625538773729463,3.692973810334554,3.589701868562186,35.44673160999999,0.0
3971,2007-03-21,SZSE:002091,1.6327,5.0598,3.8996,5.1583,4.6222,2367.999,4.718,0.0,0.0,47.8969,0.0,0.0,53.3413,71.4942,71.4942,0.0,0.0,0.0,2410.1311,24.1193,22.208,0.0,18.3994,0.8772,0.8612,11.1669,3.6563,0.0,1.0,0.0,0.0,1.4824,3.636173919917783,3.9755141863314747,3.5623406300644294,40.82953647,0.0
3972,2007-03-22,SZSE:002091,1.6327,4.9641,3.8258,5.1911,4.9258,2323.1997,5.0462,0.0,0.0,46.9907,0.0,0.0,53.5785,67.5495,67.5494,0.0,0.0,0.0,2365.3318,23.671,21.7952,0.0,18.0574,0.8609,0.8452,9.3119,3.6563,0.0,1.0,0.0,0.0,1.4824,3.8890739429100942,4.000747442638142,3.7962824358896876,34.04709997,0.0
3973,2007-03-23,SZSE:002091,2.0087,5.1145,3.9417,5.1419,4.9504,2393.5996,4.9778,0.0,0.0,48.4147,0.0,0.0,53.3302,70.3208,70.3208,0.0,0.0,0.0,2435.7317,24.3755,22.4439,0.0,18.5948,0.8865,0.8703,6.5395,3.6563,0.0,1.0,0.0,0.0,1.4824,3.8363465167660578,3.962816938117118,3.81522957864894,23.91037385,0.0
3974,2007-03-26,SZSE:002091,2.0087,5.1282,3.9523,5.1829,5.0325,2399.9995,5.1802,0.0,0.0,48.5442,0.0,0.0,52.9966,70.5669,70.5669,0.0,0.0,0.0,2442.1316,24.4395,22.5028,0.0,18.6437,0.8889,0.8726,6.2507,3.6563,0.0,1.0,0.0,0.0,1.4824,3.9923763620763624,3.99445725010725,3.87854407979408,22.85443441,0.0
3975,2007-03-27,SZSE:002091,2.0087,5.0817,3.9164,5.1556,4.9778,2378.2393,5.1556,0.0,0.0,48.104,0.0,0.0,52.9523,68.4876,68.4875,0.0,0.0,0.0,2420.3715,24.2218,22.3023,0.0,18.4775,0.8809,0.8648,6.7353,3.6563,0.0,1.0,0.0,0.0,1.4824,3.9733537674400297,3.9733537674400297,3.836325623315033,24.62627739,0.0
3976,2007-03-28,SZSE:002091,2.0087,4.9231,3.7942,5.1009,4.8164,2303.9991,5.0872,0.0,0.0,46.6024,0.0,0.0,53.1721,61.7972,61.7972,0.0,0.0,0.0,2346.1312,23.4788,21.6182,0.0,17.9108,0.8539,0.8383,10.4999,3.6563,0.0,1.0,0.0,0.0,1.4824,3.9206707643557928,3.9312292620503344,3.7119670289045517,38.39078437,0.0
3977,2007-03-29,SZSE:002091,2.0087,4.9012,3.7773,5.1692,4.893,3440.6396,4.9368,6.6103,47.1722,46.3953,51.2442,1.1492,53.2259,60.9133,60.9133,0.0,0.0,0.0,3126.913,24.2159,22.8806,0.0,23.8714,1.0406,1.1173,9.4045,3.6563,0.0,1.0,0.0,0.0,1.4824,3.8047365216681626,3.9838446013221245,3.7709803517505915,34.38567335,0.0
3978,2007-03-30,SZSE:002091,1.9721,4.759,3.6677,4.9723,4.6988,3340.7991,4.9313,6.4185,45.8034,46.5562,49.7572,1.1158,53.2954,55.3696,55.3696,0.0,0.0,0.0,3027.0724,23.4427,22.15,0.0,0.0,1.0074,1.1342,11.0984,3.6563,0.0,1.0,0.0,0.0,1.6957,3.8004893906282833,3.8320875625131325,3.621304635427611,40.57907992,0.0
3979,2007-04-02,SZSE:002091,1.9721,4.8684,3.752,4.8957,4.7672,3417.5986,4.8137,6.566,46.8563,47.6264,50.901,1.1415,52.9365,58.4985,58.4985,0.0,0.0,0.0,3103.8719,24.0374,22.712,0.0,0.0,1.0329,1.163,7.3317,3.6563,0.0,1.0,0.0,0.0,1.6957,3.7098435625667565,3.7730396844959326,3.6740067373264313,26.806894709999998,0.0
3980,2007-04-03,SZSE:002091,1.9721,4.841,3.7309,4.8711,4.7672,3398.3989,4.8684,6.5291,46.5931,47.3589,50.615,1.135,52.5381,57.4148,57.4148,0.0,0.0,0.0,3084.6722,23.8887,22.5715,0.0,0.0,1.0265,1.1558,8.0954,3.6563,0.0,1.0,0.0,0.0,1.6957,3.7520168477587275,3.7540977050196243,3.674023234868829,29.59921102,0.0
3981,2007-04-04,SZSE:002091,1.9721,4.8684,3.752,4.9231,4.7863,3417.5986,4.841,6.566,46.8563,47.6264,50.901,1.1415,52.2503,58.2478,58.2478,0.0,0.0,0.0,3103.8719,24.0374,22.712,0.0,0.0,1.0329,1.163,7.2486,3.6563,0.0,1.0,0.0,0.0,1.6957,3.73088324706269,3.7941564374332426,3.6887268096294465,26.503056179999998,0.0
3982,2007-04-05,SZSE:002091,1.9721,4.9532,3.8174,4.9641,4.8191,3477.119,4.8903,6.6804,47.6724,48.4559,51.7875,1.1613,52.2487,60.8071,60.8071,0.0,0.0,0.0,3163.3924,24.4984,23.1475,0.0,0.0,1.0527,1.1853,6.3297,3.6563,0.0,1.0,0.0,0.0,1.6957,3.768923366712429,3.8258005612533315,3.7140499757732375,23.143282109999998,0.0
3983,2007-04-06,SZSE:002091,1.9354,4.9723,3.8321,5.0024,4.8848,3490.5588,4.9203,6.7062,47.8567,48.6432,51.9876,1.1658,51.8076,61.3827,61.3827,0.0,0.0,0.0,3176.8322,24.6025,23.2458,0.0,0.0,1.0572,1.1903,7.7128,3.6563,0.0,1.0,0.0,0.0,1.6957,3.7920241397341274,3.8552977575769765,3.7646646582064642,28.200310639999998,0.0
3984,2007-04-09,SZSE:002091,1.9354,4.986,3.8427,5.027,4.9477,3500.1594,4.9833,6.7247,47.9883,48.777,52.1306,1.169,52.1886,61.8142,61.8142,0.0,0.0,0.0,3186.4327,24.6768,23.3161,0.0,0.0,1.0604,1.1939,7.2537,3.6563,0.0,1.0,0.0,0.0,1.6957,3.8406191155234652,3.874298616125151,3.813182268351384,26.52170331,0.0
3985,2007-04-10,SZSE:002091,1.9354,4.9313,3.8005,4.9833,4.841,3461.7586,4.9833,6.6509,47.4618,48.2418,51.5587,1.1562,52.312,58.976,58.976,0.0,0.0,0.0,3148.0319,24.3794,23.0351,0.0,0.0,1.0476,1.1795,7.5504,3.6563,0.0,1.0,0.0,0.0,1.6957,3.8405758420700424,3.8405758420700424,3.73090675886683,27.606527519999997,0.0
3986,2007-04-11,SZSE:002091,1.9354,4.9641,3.8258,5.0024,4.8848,3484.7996,4.9231,6.6951,47.7777,48.5629,51.9019,1.1639,52.3025,60.158,60.158,0.0,0.0,0.0,3171.073,24.5579,23.2037,0.0,0.0,1.0553,1.1881,7.906,3.6563,0.0,1.0,0.0,0.0,1.6957,3.7942015632239476,3.8553175641103112,3.764683999113636,28.9067078,0.0
3987,2007-04-12,SZSE:002091,1.9354,5.1036,3.9333,5.12,4.9723,3582.7195,4.9723,6.8833,49.1202,49.9275,53.3603,1.1966,51.9736,64.8,64.8,0.0,0.0,0.0,3268.9929,25.3162,23.9202,0.0,0.0,1.0879,1.2248,9.6091,3.6563,0.0,1.0,0.0,0.0,1.6957,3.8321082353632727,3.9459393369386313,3.8321082353632727,35.13375233,0.0
3988,2007-04-13,SZSE:002091,1.8832,5.0735,3.9101,5.1419,5.027,3561.5991,5.1145,6.8427,48.8306,49.6332,53.0457,1.1896,51.5989,63.0925,63.0926,0.0,0.0,0.0,3247.8725,25.1526,23.7657,0.0,0.0,1.0808,1.2169,9.176,3.6563,0.0,1.0,0.0,0.0,1.6957,3.9416983246279687,3.9628152537695867,3.874262875726816,33.5502088,0.0
3989,2007-04-16,SZSE:002091,1.8832,5.265,4.0577,5.3607,5.0407,3695.9991,5.0708,7.1009,50.6733,51.5061,55.0474,1.2344,52.2867,68.7378,68.7378,0.0,0.0,0.0,3382.2725,26.1935,24.7491,0.0,0.0,1.1256,1.2673,9.847,3.6563,0.0,1.0,0.0,0.0,1.6957,3.9080313694207027,4.1314553447293445,3.884833502374169,36.0035861,0.0
3990,2007-04-17,SZSE:002091,1.8832,5.2349,4.0345,5.3333,5.0708,3674.8794,5.2376,7.0603,50.3837,51.2118,54.7329,1.2274,52.1792,67.0034,67.0034,0.0,0.0,0.0,3361.1528,26.0299,24.5946,0.0,0.0,1.1185,1.2594,8.5166,3.6563,0.0,1.0,0.0,0.0,1.6957,4.036580870694761,4.11033617643126,3.908029303329577,31.13924458,0.0
3991,2007-04-18,SZSE:002091,1.8832,5.2185,4.0218,5.2431,5.1091,3663.3596,5.2349,7.0382,50.2258,51.0513,54.5613,1.2235,50.8984,66.0248,66.0249,0.0,0.0,0.0,3349.633,25.9407,24.5103,0.0,0.0,1.1147,1.255,8.4628,3.6563,0.0,1.0,0.0,0.0,1.6957,4.034439172175912,4.040758758263869,3.9374874734119,30.94253564,0.0
3992,2007-04-19,SZSE:002091,1.8832,0.0,4.0218,0.0,0.0,3663.3596,0.0,7.0382,50.2258,51.0513,54.5613,1.2235,50.8984,66.0248,66.0249,0.0,0.0,0.0,3349.633,25.9407,24.5103,0.0,0.0,1.1147,1.255,0.0,3.6563,0.0,1.0,0.0,0.0,1.6957,0.0,0.0,0.0,0.0,0.0
3993,2007-04-20,SZSE:002091,1.8971,5.3689,4.1378,5.4154,5.0325,3768.9587,5.0462,7.2411,51.6736,52.5229,56.1341,1.2588,51.1214,70.306,70.306,0.0,0.0,0.0,3455.2321,26.7585,25.283,0.0,0.0,1.1499,1.2946,13.4621,3.6563,0.0,1.0,0.0,0.0,1.6957,3.8890957849838887,4.1736374527370605,3.878537223639852,49.22147622999999,0.0
3994,2007-04-23,SZSE:002091,1.8971,5.4701,4.2158,5.5385,5.3388,3839.999,5.388,7.3776,52.6476,53.5129,57.1921,1.2825,50.7182,72.7901,72.7901,0.0,0.0,0.0,3526.2724,27.3087,25.8028,0.0,0.0,1.1735,1.3212,12.4154,3.6563,0.0,1.0,0.0,0.0,1.6957,4.152525621103819,4.268515804098645,4.11460723569953,45.39442702,0.0
3995,2007-04-24,SZSE:002091,1.8971,5.4974,4.2368,5.6834,5.4701,3859.1987,5.5932,7.4145,52.9108,53.7804,57.4781,1.289,50.5775,73.4368,73.4369,0.0,0.0,0.0,3545.4721,27.4573,25.9433,0.0,0.0,1.1799,1.3284,11.8258,3.6563,0.0,1.0,0.0,0.0,1.6957,4.310632255247936,4.3801486375377445,4.215760119329137,43.238672539999996,0.0
3996,2007-04-25,SZSE:002091,1.8971,5.3826,4.1483,5.4427,5.1993,3778.5592,5.44,7.2595,51.8052,52.6567,56.2771,1.262,48.6516,66.308,66.3079,0.0,0.0,0.0,3464.8326,26.8328,25.3532,0.0,0.0,1.153,1.2982,9.458,3.6563,0.0,1.0,0.0,0.0,1.6957,4.192537435440122,4.19461829041727,4.007033067662468,34.5812854,0.0
3997,2007-04-26,SZSE:002091,1.8971,5.4537,4.2031,5.4947,5.2923,3828.4792,5.3798,7.3554,52.4896,53.3523,57.0206,1.2787,48.6595,68.3559,68.3559,0.0,0.0,0.0,3514.7525,27.2194,25.7185,0.0,0.0,1.1697,1.3169,7.1582,3.6563,0.0,1.0,0.0,0.0,1.6957,4.146146172323377,4.234698199387571,4.078710990703558,26.17252666,0.0
3998,2007-04-27,SZSE:002091,1.9044,5.3716,4.1399,5.6041,5.3333,3770.8786,5.5139,7.2448,51.6999,52.5496,56.1627,1.2595,48.4477,63.5555,63.5555,0.0,0.0,0.0,3457.152,26.7734,25.297,0.0,0.0,1.1505,1.2953,9.1928,3.6563,0.0,1.0,0.0,0.0,1.6957,4.249570818750465,4.319088091071562,4.110382133814879,33.61163464,0.0
3999,2007-04-30,SZSE:002091,1.9044,5.0803,3.9659,5.2991,4.9915,3566.3994,5.1795,6.8519,48.8965,49.7001,53.1172,1.1912,48.8161,50.1038,52.6077,0.0,0.0,0.0,3252.6728,25.1898,23.8008,0.0,0.0,1.0824,1.2187,6.881,2.925,39202.0,1.25,0.0,0.0,1.6957,4.043339773241738,4.136704661142058,3.896578912662638,20.126925,0.085
4000,2007-05-01,SZSE:002091,1.9044,0.0,3.9659,0.0,0.0,3566.3994,0.0,6.8519,48.8965,49.7001,53.1172,1.1912,48.8161,50.1038,52.6077,0.0,0.0,0.0,3252.6728,25.1898,23.8008,0.0,0.0,1.0824,1.2187,0.0,2.925,39202.0,1.25,0.0,0.0,1.6957,0.0,0.0,0.0,0.0,0.0
4001,2007-05-02,SZSE:002091,1.9044,0.0,3.9659,0.0,0.0,3566.3994,0.0,6.8519,48.8965,49.7001,53.1172,1.1912,48.8161,50.1038,52.6077,0.0,0.0,0.0,3252.6728,25.1898,23.8008,0.0,0.0,1.0824,1.2187,0.0,2.925,39202.0,1.25,0.0,0.0,1.6957,0.0,0.0,0.0,0.0,0.0
4002,2007-05-03,SZSE:002091,1.9044,0.0,3.9659,0.0,0.0,3566.3994,0.0,6.8519,48.8965,49.7001,53.1172,1.1912,48.8161,50.1038,52.6077,0.0,0.0,0.0,3252.6728,25.1898,23.8008,0.0,0.0,1.0824,1.2187,0.0,2.925,39202.0,1.25,0.0,0.0,1.6957,0.0,0.0,0.0,0.0,0.0
4003,2007-05-04,SZSE:002091,1.743,0.0,3.9659,0.0,0.0,3566.3994,0.0,6.8519,48.8965,49.7001,53.1172,1.1912,48.8161,50.1038,52.6077,0.0,0.0,0.0,3252.6728,25.1898,23.8008,0.0,0.0,1.0824,1.2187,0.0,2.925,39202.0,1.25,0.0,0.0,1.6957,0.0,0.0,0.0,0.0,0.0
4004,2007-05-07,SZSE:002091,1.743,0.0,3.9659,0.0,0.0,3566.3994,0.0,6.8519,48.8965,49.7001,53.1172,1.1912,48.8161,50.1038,52.6077,0.0,0.0,0.0,3252.6728,25.1898,23.8008,0.0,0.0,1.0824,1.2187,0.0,2.925,39202.0,1.25,0.0,0.0,1.6957,0.0,0.0,0.0,0.0,0.0
4005,2007-05-08,SZSE:002091,1.743,5.1214,3.9979,5.1761,5.0188,3595.1989,5.0872,6.9072,49.2913,50.1014,53.5461,1.2008,46.6357,51.6558,54.1724,0.0,0.0,0.0,3281.4723,25.4128,24.0115,0.0,0.0,1.092,1.2295,8.3073,2.925,39202.0,1.25,0.0,0.0,1.6957,3.9712025774202364,4.040600263599797,3.917807732260709,24.2988525,0.0
4006,2007-05-09,SZSE:002091,1.743,5.0872,3.9712,5.1282,4.8889,3571.1997,5.1248,6.8611,48.9623,49.767,53.1887,1.1928,45.2443,50.2531,52.6135,0.0,0.0,0.0,3257.473,25.227,23.8359,0.0,0.0,1.084,1.2205,9.4457,2.925,39202.0,1.25,0.0,0.0,1.6957,4.000551533259945,4.003205661267494,3.8164018870891643,27.6286725,0.0
4007,2007-05-10,SZSE:002091,1.743,5.3846,4.2034,5.4462,5.0872,3779.9997,5.094,7.2623,51.825,52.6767,56.2985,1.2625,46.3242,60.3432,62.6764,0.0,0.0,0.0,3466.2731,26.844,25.3638,0.0,0.0,1.1535,1.2987,15.3664,2.925,39202.0,1.25,0.0,0.0,1.6957,3.976547858708168,4.251487033391524,3.9712395498272857,44.94672,0.0
4008,2007-05-11,SZSE:002091,1.691,5.3539,4.1794,5.388,5.1966,3758.3992,5.2479,7.2208,51.5288,52.3757,55.9768,1.2553,45.9305,59.0098,61.2279,0.0,0.0,0.0,3444.6726,26.6767,25.2057,0.0,0.0,1.1463,1.2906,11.1917,2.925,39202.0,1.25,0.0,0.0,1.6957,4.09665351612843,4.206019387736043,4.056607340443415,32.7357225,0.0
4009,2007-05-14,SZSE:002091,1.691,5.3504,4.1767,5.4222,5.2308,3755.9991,5.2479,7.2162,51.4959,52.3423,55.9411,1.2545,46.3637,58.8541,61.059,0.0,0.0,0.0,3442.2724,26.6581,25.1881,0.0,0.0,1.1455,1.2897,11.1917,2.925,39202.0,1.25,0.0,0.0,1.6957,4.0966850945723685,4.232749465460527,4.083336266447369,32.7357225,0.0
4010,2007-05-15,SZSE:002091,1.691,5.0427,3.9365,5.3846,4.9915,3539.9993,5.3709,6.8012,48.5345,49.3322,52.724,1.1823,48.269,46.8734,48.1806,0.0,0.0,0.0,3226.2727,24.9854,23.6076,0.0,0.0,1.0737,1.2088,8.7666,2.925,39202.0,1.25,0.0,0.0,1.6957,4.192703878874412,4.203398556328951,3.896531570388879,25.642305,0.0
4011,2007-05-16,SZSE:002091,1.691,5.1145,3.9926,5.1453,4.9983,3590.3994,5.0598,6.898,49.2255,50.0345,53.4747,1.1992,48.2911,49.4587,50.7888,0.0,0.0,0.0,3276.6727,25.3757,23.9764,0.0,0.0,1.0904,1.2277,4.6348,2.925,39202.0,1.25,0.0,0.0,1.6957,3.949898813178219,4.016643812689413,3.901889252126308,13.55679,0.0
4012,2007-05-17,SZSE:002091,1.691,5.1932,4.0539,5.1932,5.094,3645.599,5.1316,7.0041,49.9823,50.8038,54.2968,1.2176,47.9148,52.2022,53.5465,0.0,0.0,0.0,3331.8724,25.8032,24.3803,0.0,0.0,1.1088,1.2484,6.8685,2.925,39202.0,1.25,0.0,0.0,1.6957,4.005813995224524,4.0539,3.976462797504429,20.090362499999998,0.0
4013,2007-05-18,SZSE:002091,1.6396,5.2752,4.118,5.3504,5.2137,3703.1988,5.2615,7.1147,50.772,51.6065,55.1547,1.2368,47.5512,54.9502,56.2986,0.0,0.0,0.0,3389.4722,26.2492,24.8018,0.0,0.0,1.128,1.27,8.8142,2.925,39202.0,1.25,0.0,0.0,1.6957,4.1073053154382775,4.176703670003033,4.06999101455869,25.781534999999998,0.0
4014,2007-05-21,SZSE:002091,1.6396,5.2308,4.0833,5.2821,5.0598,3671.9998,5.094,7.0548,50.3443,51.1717,54.69,1.2264,47.1638,53.1672,54.418,0.0,0.0,0.0,3358.2732,26.0076,24.5735,0.0,0.0,1.1176,1.2583,7.5687,2.925,39202.0,1.25,0.0,0.0,1.6957,3.976510323468686,4.123346128699243,3.949812904335857,22.138447499999998,0.0
4015,2007-05-22,SZSE:002091,1.6396,5.2479,4.0966,5.3299,5.1966,3683.9998,5.265,7.0779,50.5088,0.0,54.8687,1.2304,46.7337,53.7883,55.0401,0.0,0.0,0.0,3370.2732,26.1005,24.6613,0.0,0.0,1.1216,0.0,9.631,2.925,39202.0,1.25,0.0,0.0,0.0,4.109948550848911,4.160610594714076,4.056554347453267,28.170675,0.0
4016,2007-05-23,SZSE:002091,1.6396,5.3333,4.1634,5.3778,5.2479,3743.9991,5.2479,7.1931,51.3314,0.0,55.7623,1.2505,46.4096,56.8684,58.1178,0.0,0.0,0.0,3430.2724,26.5652,25.1003,0.0,0.0,1.1415,0.0,8.7158,2.925,39202.0,1.25,0.0,0.0,0.0,4.09673314083213,4.198138585866162,4.09673314083213,25.493714999999998,0.0
4017,2007-05-24,SZSE:002091,1.6396,5.2308,4.0833,5.3949,5.1795,3671.9998,5.3675,7.0548,50.3443,0.0,54.69,1.2264,46.2214,52.3585,53.3943,0.0,0.0,0.0,3358.2732,26.0076,24.5735,0.0,0.0,1.1176,0.0,8.8983,2.925,39202.0,1.25,0.0,0.0,0.0,4.190011613902271,4.211400774260151,4.043253871300757,26.0275275,0.0
4018,2007-05-25,SZSE:002091,1.6438,5.2923,4.1313,5.3162,5.1966,3715.1995,5.2308,7.1378,50.9365,0.0,55.3334,1.2409,45.8641,54.6808,55.7197,0.0,0.0,0.0,3401.4729,26.3422,24.8896,0.0,0.0,1.132,0.0,8.0098,2.925,39202.0,1.25,0.0,0.0,0.0,4.083291582109858,4.149956929879259,4.056594218014852,23.428665,0.0
4019,2007-05-28,SZSE:002091,1.6438,5.5111,4.3021,5.5761,5.3094,3868.7992,5.3094,7.4329,53.0424,0.0,57.6211,1.2922,41.1112,61.809,62.8226,0.0,0.0,0.0,3555.0726,27.5317,26.0135,0.0,0.0,1.1831,0.0,16.9601,2.925,39202.0,1.25,0.0,0.0,0.0,4.144648026709731,4.352840596251203,4.144648026709731,49.6082925,0.0
4020,2007-05-29,SZSE:002091,1.6438,5.5145,4.3048,5.5692,5.412,3871.1987,5.5282,7.4375,53.0753,0.0,57.6568,1.293,40.757,61.9098,62.9226,0.0,0.0,0.0,3557.472,27.5503,26.0311,0.0,0.0,1.1839,0.0,10.9996,2.925,39202.0,1.25,0.0,0.0,0.0,4.315494670414362,4.347500618369753,4.224785130111524,32.173829999999995,0.0
4021,2007-05-30,SZSE:002091,1.6438,4.9641,3.8751,5.3983,4.9641,3484.7989,5.2308,6.6951,47.7777,0.0,51.9019,1.1639,46.2673,42.4713,42.8999,0.0,0.0,0.0,3171.0723,24.5579,23.2037,0.0,0.0,1.0553,0.0,12.3125,2.925,39202.0,1.25,0.0,0.0,0.0,4.083292657279265,4.214047325799238,3.8751,36.014062499999994,0.0
4022,2007-05-31,SZSE:002091,1.6438,4.8034,3.7497,4.9915,4.4684,3371.9987,4.8991,6.4784,46.2312,0.0,50.2218,1.1262,46.4396,38.6556,38.9984,0.0,0.0,0.0,3058.2721,23.6843,22.3783,0.0,0.0,1.0178,0.0,9.4509,2.925,39202.0,1.25,0.0,0.0,0.0,3.824406726485406,3.8965373589540744,3.488187425573552,27.6438825,0.0
4023,2007-06-01,SZSE:002091,1.225,4.4718,3.4908,4.9231,4.3795,3139.1994,4.7932,6.0312,43.0394,0.0,46.7546,1.0485,47.6018,32.2216,32.4412,0.0,0.0,0.0,2825.4728,21.8814,20.6748,0.0,0.0,0.9403,0.0,7.2752,2.925,39202.0,1.25,0.0,0.0,0.0,3.7416929558567023,3.8430961760364952,3.418748289279485,21.27996,0.0
4024,2007-06-04,SZSE:002091,1.225,4.0342,3.1492,4.6051,4.0274,2831.9993,4.4991,5.441,38.8276,0.0,42.1792,0.9459,51.7633,26.058,26.1845,0.0,0.0,0.0,2518.2727,19.5024,18.427,0.0,0.0,0.838,0.0,7.6639,2.925,39202.0,1.25,0.0,0.0,0.0,3.5121128650042137,3.5948591839769968,3.143891745575331,22.416907499999997,0.0
4025,2007-06-05,SZSE:002091,1.225,4.2974,3.3547,4.3077,3.8291,3016.7994,4.0,5.796,41.3613,0.0,44.9316,1.0076,53.0456,34.2108,34.3829,0.0,0.0,0.0,2703.0728,20.9335,19.7792,0.0,0.0,0.8995,0.0,8.1606,2.925,39202.0,1.25,0.0,0.0,0.0,3.1225392097547355,3.3627405384651183,2.9891287220179645,23.869755,0.0
4026,2007-06-06,SZSE:002091,1.225,4.3419,3.3894,4.4308,4.2735,3047.9991,4.3077,5.8559,41.789,0.0,45.3963,1.018,53.052,35.5038,35.6818,0.0,0.0,0.0,2734.2724,21.1751,20.0075,0.0,0.0,0.9099,0.0,6.3191,2.925,39202.0,1.25,0.0,0.0,0.0,3.362702591031576,3.4587976507980382,3.3360051820631527,18.483367499999996,0.0
4027,2007-06-07,SZSE:002091,1.225,4.5402,3.5442,4.5812,4.3419,3187.1993,4.3419,6.1234,43.6975,0.0,47.4695,1.0645,53.6686,41.0686,41.2675,0.0,0.0,0.0,2873.4727,22.2531,21.0261,0.0,0.0,0.9563,0.0,7.2018,2.925,39202.0,1.25,0.0,0.0,0.0,3.3894017840623762,3.5762056825690496,3.3894017840623762,21.065265,0.0
4028,2007-06-08,SZSE:002091,1.14,4.506,3.5175,4.6051,4.4786,3163.1987,4.5402,6.0773,43.3684,0.0,47.112,1.0565,53.6733,40.421,40.6126,0.0,0.0,0.0,2849.472,22.0673,20.8504,0.0,0.0,0.9483,0.0,5.9413,2.925,39202.0,1.25,0.0,0.0,0.0,3.5441974034620505,3.5948600199733693,3.4961108521970705,17.3783025,0.0
4029,2007-06-11,SZSE:002091,1.14,4.5436,3.5469,4.5744,4.4821,3189.5988,4.5162,6.128,43.7304,0.0,47.5052,1.0653,53.6386,41.5135,41.7085,0.0,0.0,0.0,2875.8722,22.2717,21.0436,0.0,0.0,0.9571,0.0,5.9214,2.925,39202.0,1.25,0.0,0.0,0.0,3.5255105599084433,3.57094360419051,3.49889085526895,17.320095,0.0
4030,2007-06-12,SZSE:002091,1.14,4.6769,3.6509,4.6769,4.4308,3283.1992,4.5573,6.3078,45.0137,0.0,48.8993,1.0966,53.4536,45.3403,45.545,0.0,0.0,0.0,2969.4726,22.9966,21.7285,0.0,0.0,0.9882,0.0,7.5509,2.925,39202.0,1.25,0.0,0.0,0.0,3.5575373794607534,3.6509,3.4587884538903975,22.0863825,0.0
4031,2007-06-13,SZSE:002091,1.14,4.7727,3.7257,4.8479,4.7009,3350.3989,4.7043,6.4369,45.935,0.0,49.9001,1.119,53.5468,47.9723,48.1819,0.0,0.0,0.0,3036.6723,23.517,22.2202,0.0,0.0,1.0106,0.0,8.4887,2.925,39202.0,1.25,0.0,0.0,0.0,3.6723050914576647,3.7844031743038524,3.6696509585769057,24.829447499999997,0.0
4032,2007-06-14,SZSE:002091,1.14,4.6564,3.6349,4.8034,4.6325,3268.7991,4.7863,6.2802,44.8163,0.0,48.6848,1.0918,53.588,45.1305,45.3126,0.0,0.0,0.0,2955.0725,22.8851,21.6232,0.0,0.0,0.9834,0.0,6.8976,2.925,39202.0,1.25,0.0,0.0,0.0,3.7363031247315526,3.7496518039687317,3.6162430740486218,20.175479999999997,0.0
4033,2007-06-15,SZSE:002091,1.1138,4.7111,3.6776,4.7624,4.5915,3307.1992,4.6564,6.3539,45.3427,0.0,49.2567,1.1046,53.3429,46.7297,46.9147,0.0,0.0,0.0,2993.4726,23.1825,21.9041,0.0,0.0,0.9962,0.0,4.6535,2.925,39202.0,1.25,0.0,0.0,0.0,3.634899840801511,3.717646035957632,3.5842373118804525,13.611487499999999,0.0
4034,2007-06-18,SZSE:002091,1.1138,4.8239,3.7657,4.8991,4.7521,3386.3989,4.7521,6.5061,46.4286,0.0,50.4363,1.131,53.4662,49.9687,50.158,0.0,0.0,0.0,3072.6722,23.7958,22.4837,0.0,0.0,1.0225,0.0,7.7497,2.925,39202.0,1.25,0.0,0.0,0.0,3.709650484048177,3.824403671303302,3.709650484048177,22.667872499999998,0.0
4035,2007-06-19,SZSE:002091,1.1138,4.8,3.747,4.8513,4.7385,3369.5993,4.8205,6.4738,46.1983,0.0,50.1861,1.1254,52.0558,49.2842,49.4676,0.0,0.0,0.0,3055.8727,23.6657,22.3607,0.0,0.0,1.017,0.0,5.3113,2.925,39202.0,1.25,0.0,0.0,0.0,3.7630028125000003,3.7870460625000004,3.6989915625000003,15.5355525,0.0
4036,2007-06-20,SZSE:002091,1.1138,4.6496,3.6296,4.8205,4.6154,3263.9988,4.7863,6.2709,44.7504,0.0,48.6133,1.0902,52.429,45.1017,45.2513,0.0,0.0,0.0,2950.2722,22.8479,21.588,0.0,0.0,0.9818,0.0,6.4741,2.925,39202.0,1.25,0.0,0.0,0.0,3.7363116139022705,3.7630090330351,3.602902580867171,18.936742499999998,0.0
4037,2007-06-21,SZSE:002091,1.1138,4.5368,3.5415,4.6462,4.4444,3184.7985,4.5812,6.1188,43.6646,0.0,47.4337,1.0637,50.3371,42.2085,42.3367,0.0,0.0,0.0,2871.0719,22.2346,21.0085,0.0,0.0,0.9555,0.0,5.9547,2.925,39202.0,1.25,0.0,0.0,0.0,3.5761593634279665,3.626899422500441,3.4693710544877447,17.4174975,0.0
4038,2007-06-22,SZSE:002091,1.0436,4.2598,3.3254,4.5949,4.0855,2990.3993,4.4991,5.7453,40.9993,0.0,44.5384,0.9988,51.7523,36.0891,36.1774,0.0,0.0,0.0,2676.6726,20.7291,19.586,0.0,0.0,0.8908,0.0,5.9832,2.925,39202.0,1.25,0.0,0.0,0.0,3.512208822010423,3.5869948025728906,3.1893332316071175,17.50086,0.0
4039,2007-06-25,SZSE:002091,1.0436,3.918,3.0585,4.3282,3.8325,2750.3995,4.2667,5.2842,37.7088,0.0,40.9639,0.9186,53.8836,30.2569,30.3139,0.0,0.0,0.0,2436.6729,18.8704,17.8299,0.0,0.0,0.8109,0.0,4.84,2.925,39202.0,1.25,0.0,0.0,0.0,3.3307049387442573,3.378713552833078,2.9917563169984684,14.156999999999998,0.0
4040,2007-06-26,SZSE:002091,1.0436,4.2222,3.296,4.2393,3.8496,2963.9991,3.8803,5.6946,40.6374,0.0,44.1452,0.99,56.2474,39.6108,39.6837,0.0,0.0,0.0,2650.2725,20.5246,19.3928,0.0,0.0,0.882,0.0,4.6225,2.925,39202.0,1.25,0.0,0.0,0.0,3.0291006584245177,3.3093488702572116,3.005135142816541,13.520812499999998,0.0
4041,2007-06-27,SZSE:002091,1.0436,4.3453,3.3921,4.3624,4.2154,3050.3992,4.2735,5.8606,41.8219,0.0,45.432,1.0188,56.6079,42.9442,43.021,0.0,0.0,0.0,2736.6726,21.1937,20.0251,0.0,0.0,0.9107,0.0,3.5335,2.925,39202.0,1.25,0.0,0.0,0.0,3.3360502957218148,3.4054488850021865,3.2906953121763745,10.3354875,0.0
4042,2007-06-28,SZSE:002091,1.0436,4.0615,3.1706,4.3009,4.0239,2851.1997,4.3009,5.4778,39.0908,0.0,42.4652,0.9523,57.8475,37.768,37.8247,0.0,0.0,0.0,2537.4731,19.6511,18.5675,0.0,0.0,0.8444,0.0,3.1233,2.925,39202.0,1.25,0.0,0.0,0.0,3.357487022036194,3.357487022036194,3.141247652345193,9.135652499999999,0.0
4043,2007-06-29,SZSE:002091,1.1035,3.9521,3.0852,4.0957,3.8974,2774.3995,3.9009,5.3303,38.0379,0.0,41.3213,0.9266,58.0563,35.9679,36.0184,0.0,0.0,0.0,2460.6729,19.0563,18.0055,0.0,0.0,0.8189,0.0,2.4849,2.925,39202.0,1.25,0.0,0.0,0.0,3.0452308089370206,3.197301090559449,3.0424985400167,7.2683325,0.0
4044,2007-07-02,SZSE:002091,1.1035,4.0889,3.1919,4.0991,3.9521,2870.3994,3.9521,5.5147,39.3541,0.0,42.7511,0.9587,58.5654,39.8284,39.883,0.0,0.0,0.0,2556.6728,19.7997,18.7079,0.0,0.0,0.8508,0.0,1.7609,2.925,39202.0,1.25,0.0,0.0,0.0,3.08511041844995,3.1998623810804863,3.08511041844995,5.1506324999999995,0.0
4045,2007-07-03,SZSE:002091,1.1035,4.188,3.2693,4.2325,4.1026,2939.9992,4.1026,5.6484,40.3083,0.0,43.7877,0.9819,58.8231,42.5335,42.5905,0.0,0.0,0.0,2626.2726,20.3387,19.2172,0.0,0.0,0.874,0.0,2.3942,2.925,39202.0,1.25,0.0,0.0,0.0,3.2026337583572113,3.3040382640878705,3.2026337583572113,7.003035,0.0
4046,2007-07-04,SZSE:002091,1.1035,4.0889,3.1919,4.2393,4.0684,2870.3994,4.1744,5.5147,39.3541,0.0,42.7511,0.9587,58.9638,40.5694,40.6204,0.0,0.0,0.0,2556.6728,19.7997,18.7079,0.0,0.0,0.8508,0.0,1.61,2.925,39202.0,1.25,0.0,0.0,0.0,3.2586434884687816,3.309306089657365,3.175897175279415,4.70925,0.0
4047,2007-07-05,SZSE:002091,1.1035,4.0342,3.1492,4.1675,3.9692,2831.9993,4.0342,5.441,38.8276,0.0,42.1792,0.9459,58.8484,39.486,39.5338,0.0,0.0,0.0,2518.2727,19.5024,18.427,0.0,0.0,0.838,0.0,2.4932,2.925,39202.0,1.25,0.0,0.0,0.0,3.1492,3.2532573992365283,3.098459332705369,7.292609999999999,0.0
4048,2007-07-06,SZSE:002091,1.2203,4.318,3.3707,4.4068,4.0274,3031.1995,4.106,5.8237,41.5587,0.0,45.146,1.0124,60.6446,47.342,47.3949,0.0,0.0,0.0,2717.4729,21.045,19.8846,0.0,0.0,0.9043,0.0,3.4073,2.925,39202.0,1.25,0.0,0.0,0.0,3.2052094025011577,3.4400187031032883,3.143852982862436,9.9663525,0.0
4049,2007-07-09,SZSE:002091,1.2203,4.3795,3.4188,4.4239,4.2427,3074.3992,4.3658,5.9067,42.151,0.0,45.7895,1.0268,60.7315,48.8915,48.9451,0.0,0.0,0.0,2760.6726,21.3796,20.2007,0.0,0.0,0.9187,0.0,4.1129,2.925,39202.0,1.25,0.0,0.0,0.0,3.4081052722913574,3.4534602854207095,3.3120088503253795,12.030232499999999,0.0
4050,2007-07-10,SZSE:002091,1.2203,4.1846,3.2666,4.359,4.1539,2937.5997,4.3419,5.6438,40.2754,0.0,43.752,0.9811,61.3593,44.4325,44.4755,0.0,0.0,0.0,2623.8731,20.3202,19.1997,0.0,0.0,0.8732,0.0,2.6108,2.925,39202.0,1.25,0.0,0.0,0.0,3.3893921856330356,3.402740859341395,3.2426348372604314,7.636589999999999,0.0
4051,2007-07-11,SZSE:002091,1.2203,4.2393,3.3093,4.2564,4.1573,2975.9991,4.188,5.7176,40.8019,0.0,44.3239,0.994,61.4162,45.9234,45.9671,0.0,0.0,0.0,2662.2725,20.6175,19.4807,0.0,0.0,0.886,0.0,1.3841,2.925,39202.0,1.25,0.0,0.0,0.0,3.269253980610006,3.322648673129998,3.245288818908782,4.0484925,0.0
4052,2007-07-12,SZSE:002091,1.2203,4.2564,3.3227,4.2803,4.1744,2987.9991,4.2393,5.7407,40.9664,0.0,44.5026,0.998,61.1031,46.4073,46.4512,0.0,0.0,0.0,2674.2725,20.7105,19.5685,0.0,0.0,0.89,0.0,1.202,2.925,39202.0,1.25,0.0,0.0,0.0,3.309351120665351,3.341357205619773,3.2586878300911573,3.5158499999999995,0.0
4053,2007-07-13,SZSE:002091,1.06,4.1436,3.2346,4.2291,4.106,2908.7995,4.2291,5.5885,39.8806,0.0,43.323,0.9715,61.2976,43.6321,43.6702,0.0,0.0,0.0,2595.0729,20.0971,18.9889,0.0,0.0,0.8636,0.0,1.1579,2.925,39202.0,1.25,0.0,0.0,0.0,3.3013434839270195,3.3013434839270195,3.205248479582971,3.3868574999999996,0.0
4054,2007-07-16,SZSE:002091,1.06,4.0786,3.1839,4.2325,4.0786,2863.1997,4.1368,5.5009,39.2554,0.0,42.6439,0.9563,60.7568,42.0721,42.1071,0.0,0.0,0.0,2549.473,19.744,18.6553,0.0,0.0,0.8484,0.0,1.2394,2.925,39202.0,1.25,0.0,0.0,0.0,3.229332986809199,3.3040398053253566,3.1839,3.625245,0.0
4055,2007-07-17,SZSE:002091,1.06,4.1539,3.2426,4.1709,4.0444,2915.9999,4.0752,5.6023,39.9793,0.0,43.4303,0.9739,60.9323,44.5445,44.5806,0.0,0.0,0.0,2602.2733,20.1529,19.0416,0.0,0.0,0.866,0.0,1.3137,2.925,39202.0,1.25,0.0,0.0,0.0,3.181165536002311,3.2558704687161457,3.1571225691518814,3.8425725,0.0
4056,2007-07-18,SZSE:002091,1.06,4.2256,3.2987,4.2872,4.1402,2966.3993,4.1402,5.6992,40.6703,0.0,44.1809,0.9908,61.0873,46.8753,46.9123,0.0,0.0,0.0,2652.6727,20.5432,19.4104,0.0,0.0,0.8828,0.0,2.3082,2.925,39202.0,1.25,0.0,0.0,0.0,3.2320327858765623,3.346787826580841,3.2320327858765623,6.751484999999999,0.0
4057,2007-07-19,SZSE:002091,1.06,4.212,3.288,4.2222,4.1641,2956.7994,4.2222,5.6807,40.5386,0.0,44.0379,0.9876,60.5671,46.4746,46.5109,0.0,0.0,0.0,2643.0728,20.4689,19.3402,0.0,0.0,0.8796,0.0,1.1166,2.925,39202.0,1.25,0.0,0.0,0.0,3.295962393162393,3.295962393162393,3.2506079772079777,3.2660549999999997,0.0
4058,2007-07-20,SZSE:002091,1.0443,4.3829,3.4214,4.3829,4.2222,3076.7986,4.2291,5.9113,42.1839,0.0,45.8252,1.0276,60.8644,51.9981,52.0356,0.0,0.0,0.0,2763.072,21.3982,20.2182,0.0,0.0,0.9195,0.0,4.3773,2.925,39202.0,1.25,0.0,0.0,0.0,3.3013399210568344,3.4214,3.2959536106231035,12.803602499999998,0.0
4059,2007-07-23,SZSE:002091,1.0443,4.6017,3.5922,4.6462,4.3829,3230.399,4.4479,6.2064,44.2898,0.0,48.1129,1.0789,61.6312,57.9759,58.0135,0.0,0.0,0.0,2916.6724,22.5877,21.3422,0.0,0.0,0.9706,0.0,8.2222,2.925,39202.0,1.25,0.0,0.0,0.0,3.4721399439337635,3.6269377925549255,3.421399348067019,24.049935,0.0
4060,2007-07-24,SZSE:002091,1.0443,4.5128,3.5228,4.6086,4.4957,3167.9989,4.6086,6.0865,43.4343,0.0,47.1835,1.0581,61.7008,54.9804,55.0138,0.0,0.0,0.0,2854.2723,22.1045,20.8856,0.0,0.0,0.9499,0.0,5.1441,2.925,39202.0,1.25,0.0,0.0,0.0,3.5975837794717247,3.5975837794717247,3.5094513295514984,15.0464925,0.0
4061,2007-07-25,SZSE:002091,1.0443,4.5709,3.5682,4.5915,4.4684,3208.7992,4.5299,6.1649,43.9936,0.0,47.7912,1.0717,61.6739,56.5608,56.5942,0.0,0.0,0.0,2895.0726,22.4204,21.1841,0.0,0.0,0.9634,0.0,3.4061,2.925,39202.0,1.25,0.0,0.0,0.0,3.5361940055568923,3.5842810606226343,3.488185013892231,9.962842499999999,0.0
4062,2007-07-26,SZSE:002091,1.0443,4.7897,3.739,4.7897,4.5265,3362.3989,4.5709,6.46,46.0995,0.0,50.0789,1.123,62.417,61.973,62.0056,0.0,0.0,0.0,3048.6723,23.61,22.3081,0.0,0.0,1.0146,0.0,9.6606,2.925,39202.0,1.25,0.0,0.0,0.0,3.5681974027600893,3.739,3.533537277908846,28.257255,0.0
4063,2007-07-27,SZSE:002091,0.1621,5.2684,4.1127,5.2684,4.8547,3698.3993,4.8547,7.1055,50.7062,0.0,55.0832,1.2352,65.4386,70.6017,70.6312,0.0,0.0,0.0,3384.6726,26.2121,24.7667,0.0,0.0,1.1264,0.0,24.8874,2.925,39202.0,1.25,0.0,0.0,0.0,3.7897510990053913,4.1127,3.7897510990053913,72.795645,0.0
4064,2007-07-30,SZSE:002091,0.1621,5.4496,4.2541,5.7744,5.2991,3825.5988,5.3333,7.3499,52.4502,0.0,56.9777,1.2777,64.7745,73.0911,73.1191,0.0,0.0,0.0,3511.8722,27.1971,25.6974,0.0,0.0,1.1687,0.0,19.9017,2.925,39202.0,1.25,0.0,0.0,0.0,4.163313184453905,4.5076473576042275,4.136615771799765,58.212472500000004,0.0
4065,2007-07-31,SZSE:002091,0.1621,5.3675,4.1901,5.5556,5.2821,3767.999,5.3846,7.2392,51.6604,0.0,56.1198,1.2585,64.3176,70.1926,70.2183,0.0,0.0,0.0,3454.2724,26.7511,25.276,0.0,0.0,1.1495,0.0,9.6043,2.925,39202.0,1.25,0.0,0.0,0.0,4.2034489911504425,4.336938902654868,4.123433108523521,28.0925775,0.0
4066,2007-08-01,SZSE:002091,0.1621,4.9846,3.8911,5.4017,4.9641,3499.1997,5.3333,6.7228,47.9751,0.0,52.1163,1.1687,65.5382,58.5281,58.5454,0.0,0.0,0.0,3185.4731,24.6694,23.3091,0.0,0.0,1.0601,0.0,9.254,2.925,39202.0,1.25,0.0,0.0,0.0,4.163303701400313,4.216698405087669,3.875097201380251,27.067949999999996,0.0
4067,2007-08-02,SZSE:002091,0.1621,5.2889,4.1287,5.3333,4.9915,3712.7994,4.9915,7.1332,50.9036,0.0,55.2977,1.2401,66.0821,63.6916,63.7083,0.0,0.0,0.0,3399.0728,26.3236,24.872,0.0,0.0,1.1312,0.0,7.6454,2.925,39202.0,1.25,0.0,0.0,0.0,3.8965391763882855,4.163360190209685,3.8965391763882855,22.362795,0.0
4068,2007-08-03,SZSE:002091,0.1702,5.265,4.11,5.3641,5.1624,3695.9991,5.2718,7.1009,50.6733,0.0,55.0474,1.2344,65.5635,63.0269,63.0432,0.0,0.0,0.0,3382.2725,26.1935,24.7491,0.0,0.0,1.1256,0.0,5.9187,2.925,39202.0,1.25,0.0,0.0,0.0,4.115308262108263,4.187360113960114,4.029907692307693,17.3121975,0.0
4069,2007-08-06,SZSE:002091,0.1702,5.4017,4.2167,5.5009,5.1966,3791.9997,5.3162,7.2853,51.9895,0.0,56.4772,1.2665,65.2346,65.258,65.274,0.0,0.0,0.0,3478.2731,26.9369,25.4516,0.0,0.0,1.1575,0.0,9.3754,2.925,39202.0,1.25,0.0,0.0,0.0,4.149956595145973,4.294137962123036,4.056593890812152,27.423045000000002,0.0
4070,2007-08-07,SZSE:002091,0.1702,5.2513,4.0993,5.3949,5.1966,3686.3993,5.3949,6.9703,56.128,0.0,61.9635,1.4121,64.9801,60.9043,60.918,0.0,0.0,0.0,3434.8611,28.0509,0.0,0.0,0.0,1.1658,0.0,5.898,2.925,39202.0,1.25,0.0,0.0,0.0,4.211397857673338,4.211397857673338,4.056599771485157,17.251649999999998,0.0
4071,2007-08-08,SZSE:002091,0.1702,5.0359,3.9312,5.2513,4.9504,3535.1997,5.2513,6.6844,53.8259,0.0,59.422,1.3541,65.4813,55.2233,55.2344,0.0,0.0,0.0,3283.6615,26.8161,0.0,0.0,0.0,1.1144,0.0,5.0111,2.925,39202.0,1.25,0.0,0.0,0.0,4.099348787704283,4.099348787704283,3.8644557040449574,14.6574675,0.0
4072,2007-08-09,SZSE:002091,0.1702,4.9983,3.9018,5.1009,4.9744,3508.7982,5.0017,6.6345,53.4239,0.0,58.9782,1.344,65.4844,54.2714,54.282,0.0,0.0,0.0,3257.26,26.6005,0.0,0.0,0.0,1.1055,0.0,4.0114,2.925,39202.0,1.25,0.0,0.0,0.0,3.904454126402976,3.9818921673368948,3.8831430526378967,11.733345,0.0
4073,2007-08-10,SZSE:002091,0.3154,4.906,3.8298,4.9983,4.7863,3443.9987,4.9915,6.512,52.4373,0.0,57.8891,1.3192,64.5943,51.9064,51.916,0.0,0.0,0.0,3192.4605,26.0713,0.0,0.0,0.0,1.0835,0.0,4.4463,2.925,39202.0,1.25,0.0,0.0,0.0,3.89654437423563,3.9018526987362416,3.736357876070118,13.0054275,0.0
4074,2007-08-13,SZSE:002091,0.3154,4.8479,3.7844,4.9573,4.8171,3403.1991,4.9094,6.4348,51.8161,0.0,57.2033,1.3036,64.6227,50.4167,50.4257,0.0,0.0,0.0,3151.6609,25.7381,0.0,0.0,0.0,1.0696,0.0,3.4531,2.925,39202.0,1.25,0.0,0.0,0.0,3.832408539780111,3.869800556942181,3.76035669877679,10.1003175,0.0
4075,2007-08-14,SZSE:002091,0.3154,4.9983,3.9018,5.0427,4.8547,3508.7982,4.8547,6.6345,53.4239,0.0,58.9782,1.344,64.9231,54.0894,54.0985,0.0,0.0,0.0,3257.26,26.6005,0.0,0.0,0.0,1.1055,0.0,3.1376,2.925,39202.0,1.25,0.0,0.0,0.0,3.7897021907448534,3.936459768321229,3.7897021907448534,9.17748,0.0
4076,2007-08-15,SZSE:002091,0.3154,4.8889,3.8164,5.053,4.8,3431.9987,5.0017,6.4893,52.2546,0.0,57.6873,1.3146,64.0393,51.1235,51.1315,0.0,0.0,0.0,3180.4605,25.9733,0.0,0.0,0.0,1.0794,0.0,2.9465,2.925,39202.0,1.25,0.0,0.0,0.0,3.904454556239645,3.9445006443167174,3.7470023931763787,8.6185125,0.0
4077,2007-08-16,SZSE:002091,0.3154,4.9402,3.8564,4.9573,4.7863,3467.9993,4.8889,6.5573,52.8027,0.0,58.2925,1.3284,64.0108,52.44,52.448,0.0,0.0,0.0,3216.4612,26.2673,0.0,0.0,0.0,1.0916,0.0,2.6951,2.925,39202.0,1.25,0.0,0.0,0.0,3.816354390510505,3.869748536496498,3.7362631715315167,7.8831675,0.0
4078,2007-08-17,SZSE:002091,0.2787,4.8923,3.8191,4.9983,4.8342,3434.3995,4.9368,6.4938,52.2911,0.0,57.7277,1.3155,63.9586,51.0577,51.0653,0.0,0.0,0.0,3182.8613,25.9929,0.0,0.0,0.0,1.0802,0.0,2.5218,2.925,39202.0,1.25,0.0,0.0,0.0,3.8538382519469376,3.9018472967724795,3.7737451137501794,7.376264999999999,0.0
4079,2007-08-20,SZSE:002091,0.2787,5.0872,3.9712,5.0872,4.9573,3571.1997,4.9573,6.7525,54.374,0.0,60.0271,1.3679,64.3524,56.1282,56.1359,0.0,0.0,0.0,3319.6615,27.1101,0.0,0.0,0.0,1.1267,0.0,3.5945,2.925,39202.0,1.25,0.0,0.0,0.0,3.8697966975939613,3.9712,3.8697966975939613,10.5139125,0.0
4080,2007-08-21,SZSE:002091,0.2787,5.0359,3.9312,5.1453,5.0086,3535.1997,5.1214,6.6844,53.8259,0.0,59.422,1.3541,64.3603,54.5272,54.5344,0.0,0.0,0.0,3283.6615,26.8161,0.0,0.0,0.0,1.1144,0.0,3.6768,2.925,39202.0,1.25,0.0,0.0,0.0,3.997944295955043,4.016601473420838,3.9098886633968113,10.75464,0.0
4081,2007-08-22,SZSE:002091,0.2787,5.0086,3.9098,5.0769,4.9573,3515.9986,4.9675,6.6481,53.5336,0.0,59.0993,1.3468,64.3634,53.6483,53.6552,0.0,0.0,0.0,3264.4604,26.6593,0.0,0.0,0.0,1.1079,0.0,4.2764,2.925,39202.0,1.25,0.0,0.0,0.0,3.8777166274008708,3.96311616419758,3.869754330551451,12.508469999999999,0.0
4082,2007-08-23,SZSE:002091,0.2787,5.0906,3.9739,5.1214,4.988,3573.5984,4.9915,6.757,54.4105,0.0,60.0675,1.3689,64.365,55.9426,55.9495,0.0,0.0,0.0,3322.0602,27.1297,0.0,0.0,0.0,1.1275,0.0,4.2697,2.925,39202.0,1.25,0.0,0.0,0.0,3.8965390818371115,3.9979435547872546,3.893806859702196,12.4888725,0.0
4083,2007-08-24,SZSE:002091,0.2682,5.0427,3.9365,5.1248,4.9949,3539.9993,5.1077,6.6935,53.899,0.0,59.5027,1.356,64.2812,54.2556,54.2621,0.0,0.0,0.0,3288.4611,26.8553,0.0,0.0,0.0,1.1161,0.0,4.1052,2.925,39202.0,1.25,0.0,0.0,0.0,3.987241170404744,4.000590001388145,3.8991857239177428,12.00771,0.0
4084,2007-08-27,SZSE:002091,0.2682,4.8821,3.8111,5.0872,4.8615,3427.1991,5.0838,6.4802,52.1815,0.0,57.6067,1.3128,64.531,48.9217,48.9268,0.0,0.0,0.0,3175.6609,25.9341,0.0,0.0,0.0,1.0778,0.0,5.3936,2.925,39202.0,1.25,0.0,0.0,0.0,3.9685525040453897,3.9712066364883967,3.7950190799041397,15.77628,0.0
4085,2007-08-28,SZSE:002091,0.2682,4.8752,3.8057,4.9265,4.7863,3422.3988,4.8786,6.4711,52.1084,0.0,57.526,1.3109,64.0013,48.7023,48.7073,0.0,0.0,0.0,3170.8606,25.8949,0.0,0.0,0.0,1.0762,0.0,3.6018,2.925,39202.0,1.25,0.0,0.0,0.0,3.8083541229077773,3.845746030932064,3.7363024922054473,10.535264999999999,0.0
4086,2007-08-29,SZSE:002091,0.2682,4.8581,3.7924,4.8889,4.7521,3410.3988,4.8889,6.4484,51.9257,0.0,57.3243,1.3063,64.0013,48.1212,48.1261,0.0,0.0,0.0,3158.8607,25.7969,0.0,0.0,0.0,1.0721,0.0,4.0989,2.925,39202.0,1.25,0.0,0.0,0.0,3.8164435396554204,3.8164435396554204,3.7096527531339416,11.9892825,0.0
4087,2007-08-30,SZSE:002091,0.2682,5.0256,3.9232,5.0256,4.8581,3527.9993,4.8581,6.6708,53.7163,0.0,59.301,1.3514,61.0272,53.9231,53.9282,0.0,0.0,0.0,3276.4611,26.7573,0.0,0.0,0.0,1.112,0.0,4.5045,2.925,39202.0,1.25,0.0,0.0,0.0,3.792442279528813,3.9232,3.792442279528813,13.1756625,0.0
4088,2007-08-31,SZSE:002091,0.2833,5.2308,4.0833,5.2752,5.0222,3671.9998,5.0222,6.9431,55.9088,0.0,61.7214,1.4065,61.1553,59.845,59.85,0.0,0.0,0.0,3420.4617,27.9333,0.0,0.0,0.0,1.1609,0.0,9.5795,2.925,39202.0,1.25,0.0,0.0,0.0,3.920461355815554,4.117959807295251,3.920461355815554,28.020037499999997,0.0
4089,2007-09-03,SZSE:002091,0.2833,5.1863,4.0486,5.2991,5.1727,3640.7995,5.2752,6.8841,55.4337,0.0,61.197,1.3946,59.4761,58.1026,58.1073,0.0,0.0,0.0,3389.2613,27.6785,0.0,0.0,0.0,1.1503,0.0,6.1666,2.925,39202.0,1.25,0.0,0.0,0.0,4.1179983263598325,4.136655469216976,4.037983383144053,18.037305,0.0
4090,2007-09-04,SZSE:002091,0.2833,5.0667,3.9552,5.2308,5.0427,3556.7988,5.2137,6.7252,54.1548,0.0,59.7851,1.3624,55.9739,53.5795,53.5834,0.0,0.0,0.0,3305.2606,26.9925,0.0,0.0,0.0,1.1218,0.0,4.8295,2.925,39202.0,1.25,0.0,0.0,0.0,4.069952087157322,4.083300799336847,3.9364649653620702,14.1262875,0.0
4091,2007-09-05,SZSE:002091,0.2833,5.1043,3.9846,5.1795,4.9915,3583.1997,5.0769,6.7752,54.5567,0.0,60.2288,1.3725,54.7216,54.7712,54.7752,0.0,0.0,0.0,3331.6615,27.2081,0.0,0.0,0.0,1.1307,0.0,3.7336,2.925,39202.0,1.25,0.0,0.0,0.0,3.963210575397214,4.043303822267499,3.89654426659875,10.920779999999999,0.0
4092,2007-09-06,SZSE:002091,0.2833,5.1692,4.0353,5.2308,5.094,3628.7995,5.1282,6.8614,55.251,0.0,60.9953,1.39,54.7359,56.8326,56.8365,0.0,0.0,0.0,3377.2613,27.5805,0.0,0.0,0.0,1.1462,0.0,4.6497,2.925,39202.0,1.25,0.0,0.0,0.0,4.003293635378782,4.083387611235781,3.9765956434264496,13.600372499999999,0.0
4093,2007-09-07,SZSE:002091,0.2915,4.9368,3.8538,5.1282,4.9299,3465.5985,5.1282,6.5528,52.7662,0.0,58.2521,1.3275,54.9035,48.3409,48.3437,0.0,0.0,0.0,3214.0603,26.2477,0.0,0.0,0.0,1.0908,0.0,4.277,2.925,39202.0,1.25,0.0,0.0,0.0,4.003212032085562,4.003212032085562,3.8484136728245018,12.510225,0.0
4094,2007-09-10,SZSE:002091,0.2915,4.9573,3.8698,4.9915,4.7863,3479.9986,4.8718,6.58,52.9854,0.0,58.4942,1.333,54.8782,49.0641,49.0669,0.0,0.0,0.0,3228.4604,26.3653,0.0,0.0,0.0,1.0957,0.0,3.2521,2.925,39202.0,1.25,0.0,0.0,0.0,3.803056429911444,3.8964974280354228,3.7363128598228874,9.512392499999999,0.0
4095,2007-09-11,SZSE:002091,0.2915,4.6325,3.6163,4.9709,4.6154,3251.9996,4.9368,6.1489,49.514,0.0,54.6618,1.2457,56.4862,39.6094,39.611,0.0,0.0,0.0,3000.4614,24.5033,0.0,0.0,0.0,1.0183,0.0,3.8153,2.925,39202.0,1.25,0.0,0.0,0.0,3.853847779816513,3.8804674948731788,3.6029511106314085,11.1597525,0.0
4096,2007-09-12,SZSE:002091,0.2915,4.6496,3.6296,4.7761,4.5128,3263.9988,4.6188,6.1716,49.6967,0.0,54.8635,1.2503,56.2079,40.2618,40.2635,0.0,0.0,0.0,3012.4607,24.6013,0.0,0.0,0.0,1.0224,0.0,3.3104,2.925,39202.0,1.25,0.0,0.0,0.0,3.6055567102546453,3.728349225739848,3.5228103234686854,9.68292,0.0
4097,2007-09-13,SZSE:002091,0.2915,4.6667,3.6429,4.6803,4.6291,3275.9988,4.653,6.1943,49.8794,0.0,55.0652,1.2549,56.0688,40.9489,40.9506,0.0,0.0,0.0,3024.4606,24.6993,0.0,0.0,0.0,1.0265,0.0,2.4373,2.925,39202.0,1.25,0.0,0.0,0.0,3.632205562817408,3.6535163755973175,3.6135488439368295,7.129102499999999,0.0
4098,2007-09-14,SZSE:002091,0.2802,4.8376,3.7764,4.8821,4.6496,3395.9987,4.6667,6.4212,51.7065,0.0,57.0822,1.3008,56.298,47.4571,47.4589,0.0,0.0,0.0,3144.4605,25.6793,0.0,0.0,0.0,1.0672,0.0,3.6483,2.925,39202.0,1.25,0.0,0.0,0.0,3.642989474119398,3.8111382586406486,3.629640615181082,10.671277499999999,0.0
4099,2007-09-17,SZSE:002091,0.2802,4.8444,3.7817,4.8615,4.7556,3400.7983,4.8171,6.4303,51.7795,0.0,57.1629,1.3027,56.2569,47.7053,47.7072,0.0,0.0,0.0,3149.2601,25.7185,0.0,0.0,0.0,1.0688,0.0,2.8967,2.925,39202.0,1.25,0.0,0.0,0.0,3.7603887106762444,3.7950488295764178,3.712379762199653,8.4728475,0.0
4100,2007-09-18,SZSE:002091,0.2802,4.7966,3.7444,4.8821,4.7521,3367.1992,4.8821,6.3668,51.268,0.0,56.5982,1.2898,56.102,46.0645,46.0662,0.0,0.0,0.0,3115.661,25.4441,0.0,0.0,0.0,1.0574,0.0,2.5558,2.925,39202.0,1.25,0.0,0.0,0.0,3.8111444022849525,3.8111444022849525,3.7096616853604645,7.475715,0.0
4101,2007-09-19,SZSE:002091,0.2802,4.8171,3.7604,4.8239,4.718,3381.5993,4.8137,6.394,51.4872,0.0,56.8402,1.2953,56.1004,46.9074,46.9091,0.0,0.0,0.0,3130.0611,25.5617,0.0,0.0,0.0,1.0623,0.0,2.5754,2.925,39202.0,1.25,0.0,0.0,0.0,3.7577458387826703,3.7657083224346604,3.6830390068713545,7.5330449999999995,0.0
4102,2007-09-20,SZSE:002091,0.2802,4.7966,3.7444,4.8752,4.7453,3367.1992,4.8718,6.3668,51.268,0.0,56.5982,1.2898,55.7525,46.131,46.1327,0.0,0.0,0.0,3115.661,25.4441,0.0,0.0,0.0,1.0574,0.0,2.0964,2.925,39202.0,1.25,0.0,0.0,0.0,3.8031038485593966,3.805758011925114,3.7043533586290294,6.13197,0.0
4103,2007-09-21,SZSE:002091,0.2154,4.6564,3.6349,4.8342,4.5846,3268.7991,4.8103,6.1807,49.7698,0.0,54.9442,1.2521,55.849,41.1226,41.1238,0.0,0.0,0.0,3017.2609,24.6405,0.0,0.0,0.0,1.024,0.0,2.5491,2.925,39202.0,1.25,0.0,0.0,0.0,3.7550381131346104,3.77369503908599,3.5788511596941848,7.4561175,0.0
4104,2007-09-24,SZSE:002091,0.2154,4.718,3.683,4.7897,4.5368,3311.9988,4.6598,6.2624,50.4275,0.0,55.6703,1.2686,54.475,43.9973,43.9985,0.0,0.0,0.0,3060.4606,24.9933,0.0,0.0,0.0,1.0387,0.0,2.5681,2.925,39202.0,1.25,0.0,0.0,0.0,3.6375674862229754,3.7389709834675706,3.541550317931327,7.511692499999999,0.0
4105,2007-09-25,SZSE:002091,0.2154,4.7521,3.7097,4.8103,4.612,3335.9988,4.718,6.3078,50.7929,0.0,56.0737,1.2778,51.8139,45.5868,45.5881,0.0,0.0,0.0,3084.4606,25.1893,0.0,0.0,0.0,1.0468,0.0,2.2366,2.925,39202.0,1.25,0.0,0.0,0.0,3.683080027777193,3.7551335009785145,3.6003317270259463,6.542055,0.0
4106,2007-09-26,SZSE:002091,0.2154,4.6393,3.6216,4.7966,4.6222,3256.7984,4.7487,6.158,49.587,0.0,54.7425,1.2475,50.0826,41.4098,41.4109,0.0,0.0,0.0,3005.2602,24.5425,0.0,0.0,0.0,1.02,0.0,1.1172,2.925,39202.0,1.25,0.0,0.0,0.0,3.7070014700493608,3.744393887008816,3.6082511413359772,3.26781,0.0
4107,2007-09-27,SZSE:002091,0.2154,4.7111,3.6776,4.7624,4.6154,3307.1992,4.6393,6.2533,50.3544,0.0,55.5896,1.2668,49.8691,44.8715,44.8726,0.0,0.0,0.0,3055.661,24.9541,0.0,0.0,0.0,1.0371,0.0,1.3904,2.925,39202.0,1.25,0.0,0.0,0.0,3.6215511621489678,3.717646035957632,3.6028942370147097,4.06692,0.0
4108,2007-09-28,SZSE:002091,0.2245,4.7863,3.7364,4.8171,4.7009,3359.9995,4.7692,6.3531,51.1584,0.0,56.4771,1.287,48.0556,48.3166,48.3178,0.0,0.0,0.0,3108.4613,25.3853,0.0,0.0,0.0,1.055,0.0,2.2211,2.925,39202.0,1.25,0.0,0.0,0.0,3.723050974656833,3.760443858512839,3.669732937759856,6.496717499999999,0.0
4109,2007-10-01,SZSE:002091,0.2245,0.0,3.7364,0.0,0.0,3359.9995,0.0,6.3531,51.1584,0.0,56.4771,1.287,48.0556,48.3166,48.3178,0.0,0.0,0.0,3108.4613,25.3853,0.0,0.0,0.0,1.055,0.0,0.0,2.925,39202.0,1.25,0.0,0.0,0.0,0.0,0.0,0.0,0.0,0.0
4110,2007-10-02,SZSE:002091,0.2245,0.0,3.7364,0.0,0.0,3359.9995,0.0,6.3531,51.1584,0.0,56.4771,1.287,48.0556,48.3166,48.3178,0.0,0.0,0.0,3108.4613,25.3853,0.0,0.0,0.0,1.055,0.0,0.0,2.925,39202.0,1.25,0.0,0.0,0.0,0.0,0.0,0.0,0.0,0.0
4111,2007-10-03,SZSE:002091,0.2245,0.0,3.7364,0.0,0.0,3359.9995,0.0,6.3531,51.1584,0.0,56.4771,1.287,48.0556,48.3166,48.3178,0.0,0.0,0.0,3108.4613,25.3853,0.0,0.0,0.0,1.055,0.0,0.0,2.925,39202.0,1.25,0.0,0.0,0.0,0.0,0.0,0.0,0.0,0.0
4112,2007-10-04,SZSE:002091,0.2245,0.0,3.7364,0.0,0.0,3359.9995,0.0,6.3531,51.1584,0.0,56.4771,1.287,48.0556,48.3166,48.3178,0.0,0.0,0.0,3108.4613,25.3853,0.0,0.0,0.0,1.055,0.0,0.0,2.925,39202.0,1.25,0.0,0.0,0.0,0.0,0.0,0.0,0.0,0.0
4113,2007-10-05,SZSE:002091,0.2143,0.0,3.7364,0.0,0.0,3359.9995,0.0,6.3531,51.1584,0.0,56.4771,1.287,48.0556,48.3166,48.3178,0.0,0.0,0.0,3108.4613,25.3853,0.0,0.0,0.0,1.055,0.0,0.0,2.925,39202.0,1.25,0.0,0.0,0.0,0.0,0.0,0.0,0.0,0.0
4114,2007-10-08,SZSE:002091,0.2143,4.8308,3.771,4.8684,4.7795,3391.1991,4.8479,6.4121,51.6334,0.0,57.0016,1.299,46.7606,50.2933,50.2945,0.0,0.0,0.0,3139.661,25.6401,0.0,0.0,0.0,1.0656,0.0,2.5389,2.925,39202.0,1.25,0.0,0.0,0.0,3.7843485344042396,3.8003511633683864,3.730954396787281,7.426282499999999,0.0
4115,2007-10-09,SZSE:002091,0.2143,4.8376,3.7764,4.8513,4.7692,3395.9987,4.8034,6.4212,51.7065,0.0,57.0822,1.3008,46.691,50.6063,50.6074,0.0,0.0,0.0,3144.4605,25.6793,0.0,0.0,0.0,1.0672,0.0,1.8915,2.925,39202.0,1.25,0.0,0.0,0.0,3.749702282123367,3.7870946998511665,3.7230045642467338,5.5326375,0.0
4116,2007-10-10,SZSE:002091,0.2143,4.8444,3.7817,4.9162,4.8308,3400.7983,4.8479,6.4303,51.7795,0.0,57.1629,1.3027,45.6728,50.9389,50.9401,0.0,0.0,0.0,3149.2601,25.7185,0.0,0.0,0.0,1.0688,0.0,3.5129,2.925,39202.0,1.25,0.0,0.0,0.0,3.784432216579968,3.837749471554784,3.77108338700355,10.2752325,0.0
4117,2007-10-11,SZSE:002091,0.2143,4.6633,3.6403,4.8957,4.6496,3273.5994,4.8308,6.1898,49.8429,0.0,55.0249,1.2539,46.3463,42.7262,42.7269,0.0,0.0,0.0,3022.0612,24.6797,0.0,0.0,0.0,1.0257,0.0,2.9083,2.925,39202.0,1.25,0.0,0.0,0.0,3.771055098320932,3.8217178199987134,3.6296054038985273,8.5067775,0.0
4118,2007-10-12,SZSE:002091,0.1848,4.4889,3.5042,4.7453,4.335,3151.1994,4.6633,5.9583,47.9792,0.0,52.9675,1.2071,47.0326,36.6095,36.61,0.0,0.0,0.0,2899.6612,23.6802,0.0,0.0,0.0,0.9841,0.0,4.0948,2.925,39202.0,1.25,0.0,0.0,0.0,3.6403430372697096,3.7043552451602846,3.384060014702934,11.97729,0.0
4119,2007-10-15,SZSE:002091,0.1848,4.4513,3.4748,4.4821,4.3077,3124.7993,4.4444,5.9084,47.5773,0.0,52.5237,1.1969,46.7258,35.4313,35.4318,0.0,0.0,0.0,2873.2611,23.4646,0.0,0.0,0.0,0.9752,0.0,3.3327,2.925,39202.0,1.25,0.0,0.0,0.0,3.4694136813964462,3.4988432772448506,3.3627021229753105,9.7481475,0.0
4120,2007-10-16,SZSE:002091,0.1848,4.4991,3.5122,4.5128,4.3624,3158.3991,4.4444,5.972,48.0888,0.0,53.0885,1.2098,46.6325,38.1591,38.1596,0.0,0.0,0.0,2906.8609,23.7389,0.0,0.0,0.0,0.9866,0.0,2.3317,2.925,39202.0,1.25,0.0,0.0,0.0,3.4694987175212817,3.5228948367451265,3.4054858260540994,6.8202225,0.0
4121,2007-10-17,SZSE:002091,0.1848,4.4479,3.4721,4.4957,4.4068,3122.3991,4.4957,5.9039,47.5407,0.0,52.4834,1.196,46.5788,36.3854,36.3859,0.0,0.0,0.0,2870.8609,23.445,0.0,0.0,0.0,0.9743,0.0,1.9113,2.925,39202.0,1.25,0.0,0.0,0.0,3.509413424312598,3.509413424312598,3.440016700015738,5.590552499999999,0.0
4122,2007-10-18,SZSE:002091,0.1848,4.5402,3.5442,4.6393,4.4103,3187.1993,4.4684,6.0264,48.5274,0.0,53.5726,1.2208,46.6325,41.6435,41.644,0.0,0.0,0.0,2935.6612,23.9741,0.0,0.0,0.0,0.9963,0.0,3.3489,2.925,39202.0,1.25,0.0,0.0,0.0,3.488151024183957,3.6215600766486062,3.442796630104401,9.7955325,0.0
4123,2007-10-19,SZSE:002091,0.1908,4.4513,3.4748,4.5744,4.4444,3124.7993,4.5641,5.9084,47.5773,0.0,52.5237,1.1969,46.8175,38.3558,38.3562,0.0,0.0,0.0,2873.2611,23.4646,0.0,0.0,0.0,0.9752,0.0,1.9093,2.925,39202.0,1.25,0.0,0.0,0.0,3.5628545997798398,3.570895046390942,3.4694136813964462,5.5847025,0.0
4124,2007-10-22,SZSE:002091,0.1908,4.3487,3.3947,4.4718,4.3419,3052.7993,4.4479,5.7723,46.481,0.0,51.3135,1.1694,46.3748,34.9292,34.9295,0.0,0.0,0.0,2801.2611,22.8766,0.0,0.0,0.0,0.9507,0.0,1.3768,2.925,39202.0,1.25,0.0,0.0,0.0,3.4721379101800536,3.490794826039966,3.389391756157012,4.02714,0.0
4125,2007-10-23,SZSE:002091,0.1908,4.3761,3.4161,4.4171,4.294,3071.999,4.3487,5.8086,46.7733,0.0,51.6362,1.1767,45.2965,36.5568,36.5572,0.0,0.0,0.0,2820.4608,23.0334,0.0,0.0,0.0,0.9572,0.0,1.7663,2.925,39202.0,1.25,0.0,0.0,0.0,3.39471083156235,3.448105689997943,3.3520105573455816,5.166427499999999,0.0
4126,2007-10-24,SZSE:002091,0.1908,4.2803,3.3414,4.4274,4.2564,3004.7994,4.4274,5.4362,47.8743,0.0,52.1395,1.1959,45.3439,33.4071,33.4074,0.0,0.0,0.0,2802.6815,22.1832,0.0,0.0,0.0,0.9377,0.0,1.5273,2.925,39202.0,1.25,0.0,0.0,0.0,3.4562330584304832,3.4562330584304832,3.322742555428358,4.4673525,0.0
4127,2007-10-25,SZSE:002091,0.1908,4.4889,3.5042,4.6359,4.2735,3151.1994,4.3692,5.7011,50.2068,0.0,54.6799,1.2542,46.3163,44.605,44.6053,0.0,0.0,0.0,2949.0815,23.3419,0.0,0.0,0.0,0.9867,0.0,7.8635,2.925,39202.0,1.25,0.0,0.0,0.0,3.410757789213393,3.618953592194079,3.336050858785003,23.0007375,0.0
4128,2007-10-26,SZSE:002091,0.1585,4.3077,3.3627,4.4889,4.2325,3023.9998,4.4239,5.471,48.1802,0.0,52.4727,1.2036,46.0159,38.541,38.5412,0.0,0.0,0.0,2821.8819,22.3351,0.0,0.0,0.0,0.9442,0.0,3.3039,2.925,39202.0,1.25,0.0,0.0,0.0,3.453408670520231,3.5041493209833554,3.303996970541124,9.663907499999999,0.0
4129,2007-10-29,SZSE:002091,0.1585,4.2393,3.3093,4.3419,4.1026,2975.9991,4.2564,5.3841,47.4154,0.0,51.6398,1.1845,41.5397,36.5231,36.5233,0.0,0.0,0.0,2773.8812,21.9552,0.0,0.0,0.0,0.9281,0.0,2.648,2.925,39202.0,1.25,0.0,0.0,0.0,3.322648673129998,3.389392038779987,3.2025886773759815,7.7454,0.0
4130,2007-10-30,SZSE:002091,0.1585,4.2872,3.3467,4.294,4.1675,3009.599,4.2393,5.4449,47.9507,0.0,52.2228,1.1978,40.9404,38.9333,38.9335,0.0,0.0,0.0,2807.4811,22.2211,0.0,0.0,0.0,0.9393,0.0,2.019,2.925,39202.0,1.25,0.0,0.0,0.0,3.309308012222429,3.3520082571375247,3.2532590618585555,5.905575,0.0
4131,2007-10-31,SZSE:002091,0.1585,4.4615,3.4828,4.4615,4.2564,3131.9997,4.2872,5.6664,49.9009,0.0,54.3467,1.2465,41.8164,46.8503,46.8506,0.0,0.0,0.0,2929.8818,23.1899,0.0,0.0,0.0,0.9803,0.0,2.9901,2.925,39202.0,1.25,0.0,0.0,0.0,3.346735438753783,3.4828,3.3226919018267402,8.7460425,0.0
4132,2007-11-01,SZSE:002091,0.1585,4.3077,3.3627,4.4684,4.3077,3023.9998,4.4684,5.471,48.1802,0.0,52.4727,1.2036,39.7562,41.7118,41.712,0.0,0.0,0.0,2821.8819,22.3351,0.0,0.0,0.0,0.9442,0.0,1.96,2.925,39202.0,1.25,0.0,0.0,0.0,3.488146500452678,3.488146500452678,3.3627,5.733,0.0
4133,2007-11-02,SZSE:002091,0.1596,4.3111,3.3654,4.3932,4.2222,3026.3992,4.2872,5.4753,48.2184,0.0,52.5143,1.2045,37.6864,41.8643,41.8645,0.0,0.0,0.0,2824.2813,22.3541,0.0,0.0,0.0,0.945,0.0,1.4142,2.925,39202.0,1.25,0.0,0.0,0.0,3.3467427988216474,3.429490218273759,3.296001456704786,4.136534999999999,0.0
4134,2007-11-05,SZSE:002091,0.1596,4.4855,3.5015,4.5402,4.3077,3148.7985,4.3077,5.6967,50.1685,0.0,54.6382,1.2532,38.6778,49.1726,49.1728,0.0,0.0,0.0,2946.6806,23.3229,0.0,0.0,0.0,0.9859,0.0,3.3434,2.925,39202.0,1.25,0.0,0.0,0.0,3.362704614870137,3.544200267528703,3.362704614870137,9.779444999999999,0.0
4135,2007-11-06,SZSE:002091,0.1596,4.4615,3.4828,4.5333,4.4103,3131.9997,4.4786,5.6664,49.9009,0.0,54.3467,1.2465,38.2398,48.2756,48.2758,0.0,0.0,0.0,2929.8818,23.1899,0.0,0.0,0.0,0.9803,0.0,1.6921,2.925,39202.0,1.25,0.0,0.0,0.0,3.496148846800404,3.538849543875378,3.4428315230303714,4.949392499999999,0.0
4136,2007-11-07,SZSE:002091,0.1596,4.5299,3.5362,4.5299,4.4103,3179.9989,4.465,5.7532,50.6656,0.0,55.1796,1.2656,38.0628,51.0246,51.0248,0.0,0.0,0.0,2977.881,23.5699,0.0,0.0,0.0,0.9964,0.0,1.8369,2.925,39202.0,1.25,0.0,0.0,0.0,3.4855367668160446,3.5362,3.442836014040046,5.372932499999999,0.0
4137,2007-11-08,SZSE:002091,0.1596,4.2906,3.3494,4.5299,4.2735,3011.9991,4.5299,5.4493,47.989,0.0,52.2644,1.1988,38.6762,42.5089,42.509,0.0,0.0,0.0,2809.8812,22.2401,0.0,0.0,0.0,0.9401,0.0,1.8143,2.925,39202.0,1.25,0.0,0.0,0.0,3.5362063720691737,3.5362063720691737,3.336051111732625,5.3068275,0.0
4138,2007-11-09,SZSE:002091,0.1673,4.2735,3.336,4.4,4.2564,2999.9991,4.2633,5.4275,47.7978,0.0,52.0562,1.194,38.6636,41.9701,41.9702,0.0,0.0,0.0,2797.8812,22.1452,0.0,0.0,0.0,0.9361,0.0,1.0939,2.925,39202.0,1.25,0.0,0.0,0.0,3.328037627237627,3.434749034749035,3.322651316251316,3.1996575000000003,0.0
4139,2007-11-12,SZSE:002091,0.1673,4.1744,3.2586,4.3248,4.0513,2930.3993,4.2564,5.3016,46.6889,0.0,50.8485,1.1663,38.76,38.891,38.8911,0.0,0.0,0.0,2728.2814,21.5943,0.0,0.0,0.0,0.9128,0.0,2.0396,2.925,39202.0,1.25,0.0,0.0,0.0,3.322610444614795,3.376004522805672,3.1625062715599843,5.9658299999999995,0.0
4140,2007-11-13,SZSE:002091,0.1673,4.1641,3.2506,4.2393,4.0889,2923.1996,4.188,5.2886,46.5742,0.0,50.7236,1.1634,38.7126,38.5757,38.5759,0.0,0.0,0.0,2721.0817,21.5373,0.0,0.0,0.0,0.9104,0.0,1.1972,2.925,39202.0,1.25,0.0,0.0,0.0,3.2692569342715103,3.309302989841742,3.191897010158257,3.50181,0.0
4141,2007-11-14,SZSE:002091,0.1673,4.2667,3.3307,4.2735,4.188,2995.1995,4.188,5.4189,47.7213,0.0,51.9729,1.1921,38.5118,43.5078,43.5079,0.0,0.0,0.0,2793.0816,22.1072,0.0,0.0,0.0,0.9345,0.0,1.434,2.925,39202.0,1.25,0.0,0.0,0.0,3.2692646776197063,3.3360082616542064,3.2692646776197063,4.19445,0.0
4142,2007-11-15,SZSE:002091,0.1673,4.253,3.32,4.2906,4.1709,2985.599,4.2427,5.4015,47.5683,0.0,51.8063,1.1883,38.3015,43.0118,43.0119,0.0,0.0,0.0,2783.4811,22.0312,0.0,0.0,0.0,0.9313,0.0,1.3913,2.925,39202.0,1.25,0.0,0.0,0.0,3.3119595579590873,3.349351516576534,3.2559106513049607,4.0695524999999995,0.0
4143,2007-11-16,SZSE:002091,0.1624,4.3043,3.36,4.3111,4.2154,3021.5989,4.2462,5.4666,48.1419,0.0,52.431,1.2026,38.3236,45.5196,45.5197,0.0,0.0,0.0,2819.481,22.3161,0.0,0.0,0.0,0.9434,0.0,1.3656,2.925,39202.0,1.25,0.0,0.0,0.0,3.3146462839486097,3.365308180191901,3.290603350138234,3.9943799999999996,0.0
4144,2007-11-19,SZSE:002091,0.1624,4.4171,3.4481,4.4615,4.2735,3100.7993,4.3043,5.6099,49.4038,0.0,53.8053,1.2341,38.711,50.6634,50.6635,0.0,0.0,0.0,2898.6814,22.943,0.0,0.0,0.0,0.9699,0.0,2.2807,2.925,39202.0,1.25,0.0,0.0,0.0,3.360045466482534,3.482759763193046,3.3360022073306026,6.671047499999999,0.0
4145,2007-11-20,SZSE:002091,0.1624,4.4444,3.4695,4.5128,4.4,3119.999,4.441,5.6446,49.7097,0.0,54.1385,1.2418,37.8319,51.8502,51.8503,0.0,0.0,0.0,2917.8811,23.095,0.0,0.0,0.0,0.9763,0.0,1.9817,2.925,39202.0,1.25,0.0,0.0,0.0,3.4668458059580596,3.5228961389613898,3.4348393483934845,5.7964725,0.0
4146,2007-11-21,SZSE:002091,0.1624,4.4444,3.4695,4.5128,4.4103,3119.999,4.5026,5.6446,49.7097,0.0,54.1385,1.2418,37.7987,51.8502,51.8503,0.0,0.0,0.0,2917.8811,23.095,0.0,0.0,0.0,0.9763,0.0,2.2646,2.925,39202.0,1.25,0.0,0.0,0.0,3.514933556835569,3.5228961389613898,3.442879995049951,6.6239550000000005,0.0
4147,2007-11-22,SZSE:002091,0.1624,4.2633,3.328,4.4444,4.2633,2992.7994,4.4444,5.4145,47.6831,0.0,51.9313,1.1911,38.6335,43.7616,43.7617,0.0,0.0,0.0,2790.6815,22.0882,0.0,0.0,0.0,0.9337,0.0,1.4511,2.925,39202.0,1.25,0.0,0.0,0.0,3.469369549410081,3.469369549410081,3.328,4.2444675,0.0
4148,2007-11-23,SZSE:002091,0.1593,4.3043,3.36,4.3043,4.1778,3021.5989,4.2564,5.4666,48.1419,0.0,52.431,1.2026,38.5213,45.8224,45.8224,0.0,0.0,0.0,2819.481,22.3161,0.0,0.0,0.0,0.9434,0.0,1.0463,2.925,39202.0,1.25,0.0,0.0,0.0,3.3226085542364614,3.36,3.2612522361359573,3.0604275,0.0
4149,2007-11-26,SZSE:002091,0.1593,4.2838,3.344,4.441,4.2701,3007.1988,4.3077,5.4406,47.9125,0.0,52.1812,1.1969,38.4991,44.9357,44.9358,0.0,0.0,0.0,2805.0809,22.2021,0.0,0.0,0.0,0.9385,0.0,1.561,2.925,39202.0,1.25,0.0,0.0,0.0,3.3626567066623085,3.4667127316868194,3.3333055698211864,4.565924999999999,0.0
4150,2007-11-27,SZSE:002091,0.1593,4.3932,3.4294,4.4239,4.2393,3083.999,4.3248,5.5795,49.1361,0.0,53.5138,1.2274,38.4138,50.4433,50.4434,0.0,0.0,0.0,2881.8811,22.81,0.0,0.0,0.0,0.9642,0.0,1.6058,2.925,39202.0,1.25,0.0,0.0,0.0,3.376005900027314,3.4533648957479737,3.309263275061458,4.696965,0.0
4151,2007-11-28,SZSE:002091,0.1593,4.4513,3.4748,4.506,4.359,3124.7993,4.359,5.6533,49.7862,0.0,54.2218,1.2437,38.5308,53.1256,53.1257,0.0,0.0,0.0,2922.6814,23.133,0.0,0.0,0.0,0.9779,0.0,2.5764,2.925,39202.0,1.25,0.0,0.0,0.0,3.4027482308539083,3.5175002358861462,3.4027482308539083,7.53597,0.0
4152,2007-11-29,SZSE:002091,0.1593,4.4957,3.5095,4.5197,4.4444,3155.999,4.506,5.7098,50.2833,0.0,54.7631,1.2561,38.5988,55.1258,55.1259,0.0,0.0,0.0,2953.8811,23.3799,0.0,0.0,0.0,0.9883,0.0,2.8289,2.925,39202.0,1.25,0.0,0.0,0.0,3.5175405387370153,3.5282352358920748,3.46945343328069,8.2745325,0.0
4153,2007-11-30,SZSE:002091,0.1666,4.3966,3.4321,4.4957,4.3863,3086.3992,4.4786,5.5839,49.1744,0.0,53.5554,1.2284,38.1386,50.0001,50.0002,0.0,0.0,0.0,2884.2813,22.829,0.0,0.0,0.0,0.965,0.0,1.6636,2.925,39202.0,1.25,0.0,0.0,0.0,3.4961113269344497,3.5094600304780967,3.4240595528362827,4.866029999999999,0.0
4154,2007-12-03,SZSE:002091,0.1666,4.5333,3.5389,4.5402,4.2974,3182.3991,4.4034,5.7575,50.7039,0.0,55.2212,1.2666,38.0485,56.0678,56.0679,0.0,0.0,0.0,2980.2812,23.5889,0.0,0.0,0.0,0.9972,0.0,2.244,2.925,39202.0,1.25,0.0,0.0,0.0,3.4374941565746813,3.5442864535768646,3.3547457393069067,6.5637,0.0
4155,2007-12-04,SZSE:002091,0.1666,4.5709,3.5682,4.7385,4.547,3208.7992,4.5504,5.8053,51.1245,0.0,55.6793,1.2771,37.8525,57.592,57.5921,0.0,0.0,0.0,3006.6813,23.7978,0.0,0.0,0.0,1.006,0.0,4.9084,2.925,39202.0,1.25,0.0,0.0,0.0,3.552197002778446,3.6990342602113366,3.5495428471417005,14.35707,0.0
4156,2007-12-05,SZSE:002091,0.1666,4.5436,3.5469,4.5641,4.4786,3189.5988,4.547,5.7706,50.8186,0.0,55.3462,1.2695,37.8145,56.0685,56.0686,0.0,0.0,0.0,2987.4809,23.6458,0.0,0.0,0.0,0.9996,0.0,3.3646,2.925,39202.0,1.25,0.0,0.0,0.0,3.5495541640989527,3.5629030482436836,3.4961586275200283,9.841454999999998,0.0
4157,2007-12-06,SZSE:002091,0.1666,4.5128,3.5228,4.5675,4.465,3167.9989,4.547,5.7315,50.4744,0.0,54.9714,1.2609,37.7038,54.3273,54.3274,0.0,0.0,0.0,2965.881,23.4749,0.0,0.0,0.0,0.9923,0.0,2.1813,2.925,39202.0,1.25,0.0,0.0,0.0,3.549497340897004,3.5655001329551497,3.485486172664421,6.380302499999999,0.0
4158,2007-12-07,SZSE:002091,0.1767,4.5299,3.5362,4.5778,4.4786,3179.9989,4.4786,5.7532,50.6656,0.0,55.1796,1.2656,36.6097,55.1604,55.1604,0.0,0.0,0.0,2977.881,23.5699,0.0,0.0,0.0,0.9964,0.0,2.3351,2.925,39202.0,1.25,0.0,0.0,0.0,3.4961534073599863,3.5735924325040287,3.4961534073599863,6.8301675,0.0
4159,2007-12-10,SZSE:002091,0.1767,4.841,3.7791,4.9333,4.2496,3398.3989,4.2496,6.1483,54.1453,0.0,58.9693,1.3526,39.1332,66.9693,66.9693,0.0,0.0,0.0,3196.281,25.2985,0.0,0.0,0.0,1.0694,0.0,22.9096,2.925,39202.0,1.25,0.0,0.0,0.0,3.317426845693039,3.8511534868828754,3.317426845693039,67.01058,0.0
4160,2007-12-11,SZSE:002091,0.1767,4.9231,3.8431,4.9573,4.7385,3455.9994,4.7658,6.2525,55.063,0.0,59.9688,1.3755,36.6951,69.268,69.2681,0.0,0.0,0.0,3253.8815,25.7544,0.0,0.0,0.0,1.0887,0.0,18.9719,2.925,39202.0,1.25,0.0,0.0,0.0,3.720307525745973,3.86979741016839,3.6989964351729605,55.4928075,0.0
4161,2007-12-12,SZSE:002091,0.1767,4.906,3.8298,4.9573,4.7897,3443.9987,4.8991,6.2308,54.8718,0.0,59.7605,1.3707,36.703,68.203,68.2031,0.0,0.0,0.0,3241.8808,25.6594,0.0,0.0,0.0,1.0847,0.0,8.6879,2.925,39202.0,1.25,0.0,0.0,0.0,3.8244136119037915,3.869846624541378,3.739012038320424,25.4121075,0.0
4162,2007-12-13,SZSE:002091,0.1767,4.8786,3.8084,5.0872,4.8547,3424.799,4.9368,6.1961,54.5659,0.0,59.4274,1.3631,36.7219,66.443,66.443,0.0,0.0,0.0,3222.6811,25.5074,0.0,0.0,0.0,1.0783,0.0,12.9994,2.925,39202.0,1.25,0.0,0.0,0.0,3.853832886483827,3.971240208256467,3.7897428524576724,38.023244999999996,0.0
4163,2007-12-14,SZSE:002091,0.0935,4.8923,3.8191,4.9231,4.718,3434.3995,4.8274,6.2135,54.7189,0.0,59.594,1.3669,35.9899,66.9029,66.903,0.0,0.0,0.0,3232.2816,25.5834,0.0,0.0,0.0,1.0815,0.0,6.3294,2.925,39202.0,1.25,0.0,0.0,0.0,3.768436796598737,3.8431435541565317,3.6830353412505366,18.513495,0.0
4164,2007-12-17,SZSE:002091,0.0935,4.8752,3.8057,5.0667,4.8547,3422.3988,4.8889,6.1917,54.5277,0.0,59.3857,1.3621,35.9962,65.6909,65.6909,0.0,0.0,0.0,3220.2809,25.4884,0.0,0.0,0.0,1.0775,0.0,7.2727,2.925,39202.0,1.25,0.0,0.0,0.0,3.816394554069576,3.95518956965868,3.7896972001148668,21.2726475,0.0
4165,2007-12-18,SZSE:002091,0.0935,4.7111,3.6776,4.8923,4.6974,3307.1992,4.8684,5.9833,52.6923,0.0,57.3868,1.3163,36.6208,55.3285,55.3286,0.0,0.0,0.0,3105.0813,24.5766,0.0,0.0,0.0,1.0389,0.0,4.3758,2.925,39202.0,1.25,0.0,0.0,0.0,3.8003922311137526,3.8190491562480093,3.6669054445883127,12.799214999999998,0.0
4166,2007-12-19,SZSE:002091,0.0935,4.9539,3.8671,4.9573,4.718,3477.5992,4.7761,6.2916,55.4072,0.0,60.3436,1.3841,38.039,64.2993,64.2994,0.0,0.0,0.0,3275.4813,25.9254,0.0,0.0,0.0,1.0959,0.0,5.3443,2.925,39202.0,1.25,0.0,0.0,0.0,3.728306245584287,3.8697540987908523,3.682952380952381,15.632077499999998,0.0
4167,2007-12-20,SZSE:002091,0.0935,5.0188,3.9178,5.053,4.9162,3523.1997,4.9744,6.3741,56.1337,0.0,61.1348,1.4022,38.1102,66.2525,66.2525,0.0,0.0,0.0,3321.0818,26.2863,0.0,0.0,0.0,1.1112,0.0,8.7666,2.925,39202.0,1.25,0.0,0.0,0.0,3.883140256635053,3.9444973698892167,3.837707890332351,25.642305,0.0
4168,2007-12-21,SZSE:002091,0.0892,4.988,3.8938,5.0462,4.9402,3501.5985,4.9402,6.335,55.7896,0.0,60.76,1.3936,37.6153,64.4536,64.4536,0.0,0.0,0.0,3299.4806,26.1153,0.0,0.0,0.0,1.104,0.0,5.6302,2.925,39202.0,1.25,0.0,0.0,0.0,3.856485717722534,3.939232870890136,3.856485717722534,16.468335,0.0
4169,2007-12-24,SZSE:002091,0.0892,0.0,3.8938,0.0,0.0,3501.5985,0.0,6.335,55.7896,0.0,60.76,1.3936,37.6153,64.4536,64.4536,0.0,0.0,0.0,3299.4806,26.1153,0.0,0.0,0.0,1.104,0.0,0.0,2.925,39202.0,1.25,0.0,0.0,0.0,0.0,0.0,0.0,0.0,0.0
4170,2007-12-25,SZSE:002091,0.0892,5.094,3.9765,5.1556,4.9915,3575.9999,5.0393,6.4696,56.975,0.0,62.051,1.4233,38.0596,67.706,67.706,0.0,0.0,0.0,3373.882,26.7042,0.0,0.0,0.0,1.1288,0.0,10.7606,2.925,39202.0,1.25,0.0,0.0,0.0,3.933799852767962,4.024586454652532,3.89648601295642,31.474755,0.0
4171,2007-12-26,SZSE:002091,0.0892,5.1829,4.0459,5.2752,5.1214,3638.3993,5.1453,6.5825,57.9691,0.0,63.1338,1.4481,37.8303,70.171,70.171,0.0,0.0,0.0,3436.2814,27.1981,0.0,0.0,0.0,1.1497,0.0,8.2167,2.925,39202.0,1.25,0.0,0.0,0.0,4.016548509521695,4.117951664126261,3.997891578074051,24.033847499999997,0.0
4172,2007-12-27,SZSE:002091,0.0892,5.1111,3.9899,5.3162,5.0906,3587.9992,5.2239,6.4913,57.1661,0.0,62.2592,1.428,37.8604,65.8021,65.8021,0.0,0.0,0.0,3385.8813,26.7992,0.0,0.0,0.0,1.1329,0.0,9.7141,2.925,39202.0,1.25,0.0,0.0,0.0,4.077955549685978,4.150008096104556,3.973896996732601,28.413742499999998,0.0
4173,2007-12-28,SZSE:002091,0.1174,5.1624,4.0299,5.2274,5.0222,3623.9992,5.1282,6.5565,57.7397,0.0,62.8839,1.4424,37.7829,67.3651,67.3651,0.0,0.0,0.0,3421.8813,27.0841,0.0,0.0,0.0,1.1449,0.0,7.0468,2.925,39202.0,1.25,0.0,0.0,0.0,4.003202615062761,4.080640643886564,3.920456334263133,20.61189,0.0
4174,2007-12-31,SZSE:002091,0.1174,0.0,4.0299,0.0,0.0,3623.9992,0.0,6.5565,57.7397,0.0,62.8839,1.4424,37.7829,67.3651,67.3651,0.0,0.0,0.0,3421.8813,27.0841,0.0,0.0,0.0,1.1449,0.0,0.0,2.925,39202.0,1.25,0.0,0.0,0.0,0.0,0.0,0.0,0.0,0.0
4175,2008-01-01,SZSE:002091,0.1174,0.0,4.0299,0.0,0.0,3623.9992,0.0,6.5565,57.7397,0.0,62.8839,1.4424,37.7829,67.3651,67.3651,0.0,0.0,0.0,3421.8813,27.0841,0.0,0.0,0.0,1.1449,0.0,0.0,2.925,39202.0,1.25,0.0,0.0,0.0,0.0,0.0,0.0,0.0,0.0
4176,2008-01-02,SZSE:002091,0.1174,5.3436,4.1714,5.4017,5.1282,3751.1995,5.1829,6.7866,59.7663,0.0,65.0911,1.493,38.0707,72.1999,72.1999,0.0,0.0,0.0,3549.0816,28.0909,0.0,0.0,0.0,1.1875,0.0,8.9345,2.925,39202.0,1.25,0.0,0.0,0.0,4.045951991167004,4.216754880604835,4.003251268807545,26.1334125,0.0
4177,2008-01-03,SZSE:002091,0.1174,5.4017,4.2167,5.4291,5.265,3791.9997,5.3573,6.8604,60.4164,0.0,65.7991,1.5092,37.7955,73.5533,73.5533,0.0,0.0,0.0,3589.8818,28.4138,0.0,0.0,0.0,1.2011,0.0,6.9484,2.925,39202.0,1.25,0.0,0.0,0.0,4.182040266952997,4.238089114538016,4.109988614695374,20.32407,0.0
4178,2008-01-04,SZSE:002091,0.1044,5.2889,4.1287,5.4359,5.2034,3712.7994,5.3949,6.7171,59.1545,0.0,64.4248,1.4777,37.7702,66.7591,66.7591,0.0,0.0,0.0,3510.6815,27.787,0.0,0.0,0.0,1.1746,0.0,6.9512,2.925,39202.0,1.25,0.0,0.0,0.0,4.211447300951049,4.243453332450983,4.061955714798919,20.332259999999998,0.0
4179,2008-01-07,SZSE:002091,0.1044,5.3983,4.2141,5.4017,5.1966,3789.5989,5.2684,6.8561,60.3781,0.0,65.7574,1.5083,37.6517,69.6834,69.6835,0.0,0.0,0.0,3587.481,28.3948,0.0,0.0,0.0,1.2003,0.0,7.5338,2.925,39202.0,1.25,0.0,0.0,0.0,4.112695559713243,4.216754157790416,4.056645992256822,22.036365,0.0
4180,2008-01-08,SZSE:002091,0.1044,5.1795,4.0433,5.4598,5.1282,3635.9992,5.4051,6.5782,57.9309,0.0,63.0921,1.4471,38.594,58.5828,58.5828,0.0,0.0,0.0,3433.8813,27.1791,0.0,0.0,0.0,1.1489,0.0,8.2632,2.925,39202.0,1.25,0.0,0.0,0.0,4.219411300318564,4.262112045564244,4.003253414422241,24.169859999999996,0.0
4181,2008-01-09,SZSE:002091,0.1044,5.2513,4.0993,5.2513,5.135,3686.3993,5.1829,6.6694,58.7339,0.0,63.9667,1.4672,38.6762,60.79,60.79,0.0,0.0,0.0,3484.2814,27.578,0.0,0.0,0.0,1.1658,0.0,5.9939,2.925,39202.0,1.25,0.0,0.0,0.0,4.0459051987127,4.0993,4.008513225296594,17.5321575,0.0
4182,2008-01-10,SZSE:002091,0.1044,5.2855,4.126,5.4222,5.2513,3710.3992,5.2718,6.7128,59.1163,0.0,64.3831,1.4767,38.6889,61.8331,61.8331,0.0,0.0,0.0,3508.2813,27.768,0.0,0.0,0.0,1.1738,0.0,7.5516,2.925,39202.0,1.25,0.0,0.0,0.0,4.11530542049002,4.23271160722732,4.09930258253713,22.08843,0.0
4183,2008-01-11,SZSE:002091,0.0933,5.5658,4.3448,5.5692,5.1282,3907.1993,5.2581,7.0688,62.2518,0.0,67.798,1.5551,39.1253,69.0935,69.0935,0.0,0.0,0.0,3705.0814,29.3256,0.0,0.0,0.0,1.2397,0.0,11.9546,2.925,39202.0,1.25,0.0,0.0,0.0,4.104601832620648,4.347454123396457,4.003198706385425,34.96720499999999,0.0
4184,2008-01-14,SZSE:002091,0.0933,5.9487,4.6437,6.0103,5.4735,4175.9986,5.5556,7.5551,66.5345,0.0,72.4623,1.6621,40.2495,75.8507,75.8507,0.0,0.0,0.0,3973.8807,31.4532,0.0,0.0,0.0,1.3296,0.0,20.6304,2.925,39202.0,1.25,0.0,0.0,0.0,4.336836572696556,4.691786459226386,4.272747314539311,60.343920000000004,0.0
4185,2008-01-15,SZSE:002091,0.0933,5.9658,4.6571,6.041,5.8667,4187.9986,5.9829,7.5768,66.7257,0.0,72.6705,1.6668,40.1673,76.1019,76.1019,0.0,0.0,0.0,3985.8807,31.5481,0.0,0.0,0.0,1.3336,0.0,13.0017,2.925,39202.0,1.25,0.0,0.0,0.0,4.670448823292769,4.715803597170539,4.579739275537229,38.0299725,0.0
4186,2008-01-16,SZSE:002091,0.0933,6.1197,4.7772,6.212,5.8291,4295.9992,5.959,7.7722,68.4464,0.0,74.5445,1.7098,40.3633,78.2906,78.2906,0.0,0.0,0.0,4093.8813,32.403,0.0,0.0,0.0,1.3697,0.0,11.2184,2.925,39202.0,1.25,0.0,0.0,0.0,4.6517533212412365,4.849251826069905,4.550349938722487,32.81382,0.0
4187,2008-01-17,SZSE:002091,0.0933,6.0513,4.7238,6.3248,5.812,4247.9993,6.0513,7.6854,67.6817,0.0,73.7116,1.6907,40.3601,75.0028,75.0028,0.0,0.0,0.0,4045.8814,32.0231,0.0,0.0,0.0,1.3537,0.0,13.1323,2.925,39202.0,1.25,0.0,0.0,0.0,4.7238,4.937301115462793,4.53699628179069,38.4119775,0.0
4188,2008-01-18,SZSE:002091,-0.046,6.1368,4.7905,6.2393,5.8393,4307.9992,6.0513,7.794,68.6376,0.0,74.7527,1.7146,40.2779,76.3404,76.3403,0.0,0.0,0.0,4105.8813,32.4979,0.0,0.0,0.0,1.3738,0.0,8.6255,2.925,39202.0,1.25,0.0,0.0,0.0,4.723757112827532,4.870513402750619,4.558265977382349,25.2295875,0.0
4189,2008-01-21,SZSE:002091,-0.046,6.335,4.9453,6.7521,6.2222,4447.1995,6.2222,8.0458,70.8554,0.0,77.1682,1.77,40.3206,79.1303,79.1303,0.0,0.0,0.0,4245.0816,33.5997,0.0,0.0,0.0,1.4203,0.0,15.8642,2.925,39202.0,1.25,0.0,0.0,0.0,4.857244776637726,5.270901362273086,4.857244776637726,46.402785,0.0
4190,2008-01-22,SZSE:002091,-0.046,5.7094,4.4569,6.2222,5.7026,4007.9995,6.0889,7.2512,63.8578,0.0,69.5471,1.5952,45.521,56.4943,56.4943,0.0,0.0,0.0,3805.8816,30.1235,0.0,0.0,0.0,1.2734,0.0,13.8747,2.925,39202.0,1.25,0.0,0.0,0.0,4.753147162574001,4.857204466318703,4.4515917504466325,40.5834975,0.0
4191,2008-01-23,SZSE:002091,-0.046,6.0615,4.7318,6.0684,5.4701,4255.1997,5.8462,7.6984,67.7964,0.0,73.8366,1.6936,46.846,62.9231,62.9231,0.0,0.0,0.0,4053.0818,32.08,0.0,0.0,0.0,1.3561,0.0,10.0379,2.925,39202.0,1.25,0.0,0.0,0.0,4.5637299612307185,4.737186359811928,4.270134319887817,29.360857499999998,0.0
4192,2008-01-24,SZSE:002091,-0.046,6.3556,4.9613,6.4581,5.9316,4461.5996,6.0855,8.0718,71.0849,0.0,77.418,1.7757,47.2555,67.2718,67.2717,0.0,0.0,0.0,4259.4817,33.7137,0.0,0.0,0.0,1.4252,0.0,11.9601,2.925,39202.0,1.25,0.0,0.0,0.0,4.750454898042671,5.041313413367739,4.630317685191013,34.9832925,0.0
4193,2008-01-25,SZSE:002091,-0.0486,6.2598,4.8866,6.6222,6.2256,4394.3993,6.3556,7.9503,70.0142,0.0,76.252,1.749,46.6942,64.6145,64.6145,0.0,0.0,0.0,4192.2814,33.1818,0.0,0.0,0.0,1.4027,0.0,8.8091,2.925,39202.0,1.25,0.0,0.0,0.0,4.961384542637144,5.169501025591872,4.85990238665772,25.766617500000002,0.0
4194,2008-01-28,SZSE:002091,-0.0486,5.6444,4.4062,6.2256,5.6342,3962.399,6.2256,7.1687,63.1313,0.0,68.7559,1.577,50.6739,50.7394,50.7394,0.0,0.0,0.0,3760.2811,29.7625,0.0,0.0,0.0,1.2581,0.0,6.6573,2.925,39202.0,1.25,0.0,0.0,0.0,4.859903394514918,4.859903394514918,4.398237552264191,19.4726025,0.0
4195,2008-01-29,SZSE:002091,-0.0486,5.7265,4.4703,5.8291,5.5727,4019.9988,5.5727,7.2729,64.049,0.0,69.7553,1.6,50.5443,52.2129,52.2129,0.0,0.0,0.0,3817.8809,30.2184,0.0,0.0,0.0,1.2774,0.0,2.9764,2.925,39202.0,1.25,0.0,0.0,0.0,4.350238506941413,4.5503930376320625,4.350238506941413,8.705969999999999,0.0
4196,2008-01-30,SZSE:002091,-0.0486,5.812,4.537,5.8803,5.641,4079.9987,5.8769,7.3815,65.005,0.0,70.7965,1.6238,50.568,53.7643,53.7643,0.0,0.0,0.0,3877.8808,30.6933,0.0,0.0,0.0,1.2975,0.0,5.0428,2.925,39202.0,1.25,0.0,0.0,0.0,4.587662646249139,4.590316775636614,4.403512904335857,14.750189999999998,0.0
4197,2008-01-31,SZSE:002091,-0.0486,5.6752,4.4302,5.9761,5.6752,3983.9988,5.812,7.2078,63.4754,0.0,69.1307,1.5856,50.3798,50.916,50.916,0.0,0.0,0.0,3781.8809,29.9335,0.0,0.0,0.0,1.2654,0.0,3.7478,2.925,39202.0,1.25,0.0,0.0,0.0,4.536989427685368,4.665089903439526,4.4302,10.962314999999998,0.0
4198,2008-02-01,SZSE:002091,-0.0831,5.1624,4.0299,5.7607,5.1077,3623.9992,5.6444,6.5565,57.7397,0.0,62.8839,1.4424,53.5374,41.9426,41.9426,0.0,0.0,0.0,3421.8813,27.0841,0.0,0.0,0.0,1.1449,0.0,5.4561,2.925,39202.0,1.25,0.0,0.0,0.0,4.406161390051139,4.496948111343561,3.98719979660623,15.959092499999999,0.0
4199,2008-02-04,SZSE:002091,-0.0831,5.5897,4.3635,5.6376,5.2991,3923.9989,5.2991,7.0992,62.5195,0.0,68.0895,1.5618,55.6687,49.8712,49.8712,0.0,0.0,0.0,3721.881,29.4586,0.0,0.0,0.0,1.2453,0.0,4.6306,2.925,39202.0,1.25,0.0,0.0,0.0,4.136648272715889,4.400892284022399,4.136648272715889,13.544505,0.0
4200,2008-02-05,SZSE:002091,-0.0831,5.9487,4.6437,6.0786,5.4188,4175.9986,5.4701,7.5551,66.5345,0.0,72.4623,1.6621,56.4277,55.3831,55.3831,0.0,0.0,0.0,3973.8807,31.4532,0.0,0.0,0.0,1.3296,0.0,6.2874,2.925,39202.0,1.25,0.0,0.0,0.0,4.270093191789804,4.745103101517978,4.230047163245751,18.390645,0.0
4201,2008-02-06,SZSE:002091,-0.0831,0.0,4.6437,0.0,0.0,4175.9986,0.0,7.5551,66.5345,0.0,72.4623,1.6621,56.4277,55.3831,55.3831,0.0,0.0,0.0,3973.8807,31.4532,0.0,0.0,0.0,1.3296,0.0,0.0,2.925,39202.0,1.25,0.0,0.0,0.0,0.0,0.0,0.0,0.0,0.0
4202,2008-02-07,SZSE:002091,-0.0831,0.0,4.6437,0.0,0.0,4175.9986,0.0,7.5551,66.5345,0.0,72.4623,1.6621,56.4277,55.3831,55.3831,0.0,0.0,0.0,3973.8807,31.4532,0.0,0.0,0.0,1.3296,0.0,0.0,2.925,39202.0,1.25,0.0,0.0,0.0,0.0,0.0,0.0,0.0,0.0
4203,2008-02-08,SZSE:002091,-0.149,0.0,4.6437,0.0,0.0,4175.9986,0.0,7.5551,66.5345,0.0,72.4623,1.6621,56.4277,55.3831,55.3831,0.0,0.0,0.0,3973.8807,31.4532,0.0,0.0,0.0,1.3296,0.0,0.0,2.925,39202.0,1.25,0.0,0.0,0.0,0.0,0.0,0.0,0.0,0.0
4204,2008-02-11,SZSE:002091,-0.149,0.0,4.6437,0.0,0.0,4175.9986,0.0,7.5551,66.5345,0.0,72.4623,1.6621,56.4277,55.3831,55.3831,0.0,0.0,0.0,3973.8807,31.4532,0.0,0.0,0.0,1.3296,0.0,0.0,2.925,39202.0,1.25,0.0,0.0,0.0,0.0,0.0,0.0,0.0,0.0
4205,2008-02-12,SZSE:002091,-0.149,0.0,4.6437,0.0,0.0,4175.9986,0.0,7.5551,66.5345,0.0,72.4623,1.6621,56.4277,55.3831,55.3831,0.0,0.0,0.0,3973.8807,31.4532,0.0,0.0,0.0,1.3296,0.0,0.0,2.925,39202.0,1.25,0.0,0.0,0.0,0.0,0.0,0.0,0.0,0.0
4206,2008-02-13,SZSE:002091,-0.149,5.812,4.537,5.9316,5.6923,4079.9987,5.8496,7.3815,65.005,0.0,70.7965,1.6238,57.3827,52.9926,52.9926,0.0,0.0,0.0,3877.8808,30.6933,0.0,0.0,0.0,1.2975,0.0,1.9385,2.925,39202.0,1.25,0.0,0.0,0.0,4.566351548520302,4.630362904335857,4.4435590330351,5.670112499999999,0.0
4207,2008-02-14,SZSE:002091,-0.149,5.8769,4.5877,5.9829,5.7812,4125.5992,5.8769,7.464,65.7315,0.0,71.5877,1.642,57.2594,54.0081,54.0081,0.0,0.0,0.0,3923.4813,31.0543,0.0,0.0,0.0,1.3127,0.0,2.3089,2.925,39202.0,1.25,0.0,0.0,0.0,4.5877,4.670447060525107,4.512993455733465,6.7535324999999995,0.0
4208,2008-02-15,SZSE:002091,-0.1656,5.8803,4.5904,5.8803,5.6581,4127.9987,5.8769,7.4683,65.7697,0.0,71.6294,1.643,57.2404,54.0643,54.0643,0.0,0.0,0.0,3925.8808,31.0732,0.0,0.0,0.0,1.3135,0.0,2.3089,2.925,39202.0,1.25,0.0,0.0,0.0,4.5877458224920495,4.5904,4.416941693451014,6.7535324999999995,0.0
4209,2008-02-18,SZSE:002091,-0.1656,6.1128,4.7719,6.1504,5.9077,4291.1996,5.9487,7.7636,68.3699,0.0,74.4612,1.7079,57.6404,57.84,57.84,0.0,0.0,0.0,4089.0817,32.365,0.0,0.0,0.0,1.3681,0.0,4.4969,2.925,39202.0,1.25,0.0,0.0,0.0,4.6437968737730655,4.801252087423112,4.611790608231907,13.1534325,0.0
4210,2008-02-19,SZSE:002091,-0.1656,6.2393,4.8706,6.2735,6.0855,4379.9991,6.1197,7.9242,69.7848,0.0,76.0021,1.7432,57.5693,59.7773,59.7773,0.0,0.0,0.0,4177.8812,33.0678,0.0,0.0,0.0,1.3979,0.0,4.0712,2.925,39202.0,1.25,0.0,0.0,0.0,4.777236359848059,4.897297629541775,4.750538730306284,11.90826,0.0
4211,2008-02-20,SZSE:002091,-0.1656,5.9658,4.6571,6.2838,5.9658,4187.9986,6.2393,7.5768,66.7257,0.0,72.6705,1.6668,58.5274,53.9996,53.9995,0.0,0.0,0.0,3985.8807,31.5481,0.0,0.0,0.0,1.3336,0.0,3.701,2.925,39202.0,1.25,0.0,0.0,0.0,4.870603109390191,4.905341275269034,4.6571,10.825425,0.0
4212,2008-02-21,SZSE:002091,-0.1656,6.1299,4.7852,6.2222,5.8735,4303.1989,5.8735,7.7853,68.5611,0.0,74.6694,1.7127,58.695,56.7036,56.7036,0.0,0.0,0.0,4101.081,32.46,0.0,0.0,0.0,1.3722,0.0,3.1735,2.925,39202.0,1.25,0.0,0.0,0.0,4.585045791937878,4.857252392371816,4.585045791937878,9.2824875,0.0
4213,2008-02-22,SZSE:002091,-0.1486,6.4923,5.0681,6.5265,6.0855,4557.5995,6.1128,8.2455,72.6144,0.0,79.0838,1.8139,58.8057,62.0139,62.0139,0.0,0.0,0.0,4355.4816,34.4735,0.0,0.0,0.0,1.4573,0.0,14.8773,2.925,39202.0,1.25,0.0,0.0,0.0,4.771849988447854,5.094797629499562,4.750538722794695,43.516102499999995,0.0
4214,2008-02-25,SZSE:002091,-0.1486,6.5128,5.0841,6.906,6.4274,4571.9989,6.7761,8.2716,72.8438,0.0,79.3337,1.8197,58.8105,62.2958,62.2958,0.0,0.0,0.0,4369.881,34.5875,0.0,0.0,0.0,1.4621,0.0,15.5242,2.925,39202.0,1.25,0.0,0.0,0.0,5.2896404019776435,5.391044496990541,5.017434028374892,45.408285,0.0
4215,2008-02-26,SZSE:002091,-0.1486,6.4547,5.0387,6.906,6.2256,4531.1987,6.5299,8.1978,72.1938,0.0,78.6257,1.8034,58.8531,60.9164,60.9164,0.0,0.0,0.0,4329.0808,34.2646,0.0,0.0,0.0,1.4484,0.0,9.6739,2.925,39202.0,1.25,0.0,0.0,0.0,5.0974029978155455,5.390996049390367,4.8598588191550345,28.296157499999996,0.0
4216,2008-02-27,SZSE:002091,-0.1486,6.5641,5.1241,6.6667,6.2598,4607.9989,6.4547,8.3367,73.4174,38.0395,79.9584,1.834,58.7662,62.5953,62.5953,0.0,0.0,0.0,4405.881,34.8724,0.0,28.471,31.6401,1.4741,1.3689,5.704,2.925,39202.0,1.25,0.0,0.0,5.698,5.038699634374858,5.2041921162078575,4.8865558385765,16.684199999999997,0.0
4217,2008-02-28,SZSE:002091,-0.1486,6.7009,5.2309,6.8513,6.4376,4703.9988,6.5641,8.5104,74.9469,35.443,81.6242,1.8722,58.8215,64.6401,64.6401,0.0,0.0,0.0,4501.8809,35.6323,0.0,28.8582,32.1563,1.5063,1.3839,6.2232,2.925,39202.0,1.25,6.3906,0.0,5.698,5.124110297124267,5.348306223044666,5.025361047023535,18.20286,0.0
4218,2008-02-29,SZSE:002091,-0.3075,6.7966,5.3056,6.8171,6.5744,4771.1992,6.6325,8.632,76.0176,35.9493,82.7902,1.8989,58.8373,66.0396,66.0396,0.0,0.0,0.0,4569.0813,36.1642,0.0,29.289,32.6363,1.5287,1.4046,4.6747,2.925,39202.0,1.25,6.4819,0.0,5.698,5.177499337904247,5.321602824941883,5.13214499014213,13.673497499999998,0.0
4219,2008-03-03,SZSE:002091,-0.3075,6.7932,5.3029,6.8889,6.5641,4768.7983,6.7966,8.6276,75.9793,35.9312,82.7486,1.898,58.8468,65.9392,65.9392,0.0,0.0,0.0,4566.6804,36.1452,0.0,29.2736,32.6192,1.5279,1.4038,6.8423,2.925,39202.0,1.25,6.4786,0.0,5.698,5.305554104104105,5.377605224341989,5.124060220514632,20.013727499999998,0.0
4220,2008-03-04,SZSE:002091,-0.3075,6.359,4.964,6.8718,6.359,4463.9991,6.7863,8.0762,71.1231,33.6347,77.4597,1.7767,60.8059,54.5908,54.5908,0.0,0.0,0.0,4261.8812,33.7327,0.0,27.3198,30.442,1.426,1.3101,9.4736,2.925,39202.0,1.25,6.0645,0.0,5.698,5.297561440478063,5.364304953609058,4.964,27.710279999999997,0.0
4221,2008-03-05,SZSE:002091,-0.3075,6.4923,5.0681,6.6496,6.3556,4557.5995,6.4171,8.2455,72.6144,34.3399,79.0838,1.8139,60.8327,57.0362,57.0361,0.0,0.0,0.0,4355.4816,34.4735,0.0,27.9198,31.1106,1.4573,1.3389,4.9569,2.925,39202.0,1.25,6.1917,0.0,5.698,5.009396440398626,5.190893483049151,4.961387545245906,14.498932499999999,0.0
4222,2008-03-06,SZSE:002091,-0.3075,6.4274,5.0174,6.5949,6.2051,4511.999,6.4205,8.163,71.8879,33.9964,78.2926,1.7958,60.8675,55.4689,55.4689,0.0,0.0,0.0,4309.8811,34.1126,0.0,27.6274,30.7849,1.442,1.3249,2.9606,2.925,39202.0,1.25,6.1298,0.0,5.698,5.012013675825373,5.148154970905811,4.843866686373962,8.659754999999999,0.0
4223,2008-03-07,SZSE:002091,-0.2398,6.4274,5.0174,6.4923,6.2906,4511.999,6.4205,7.8748,56.0201,33.9964,58.3435,1.4894,60.8786,55.4689,55.4689,0.0,0.0,0.0,4280.6993,31.5916,28.9286,27.4404,30.5764,1.413,1.3159,2.9606,2.925,39202.0,1.25,6.1298,0.0,5.698,5.012013675825373,5.068062672309177,4.910610268537823,8.659754999999999,0.0
4224,2008-03-10,SZSE:002091,-0.2398,6.041,4.7158,6.5641,5.9624,4240.7989,6.547,7.4014,52.6529,31.953,54.8366,1.3999,61.1411,46.6312,46.6312,0.0,0.0,0.0,4009.4992,29.5901,27.0958,25.7019,25.7201,1.3235,1.2975,5.3191,2.925,39202.0,1.25,5.7613,0.0,5.698,5.110799966892897,5.12414878000331,4.6544422976328415,15.558367499999997,0.0
4225,2008-03-11,SZSE:002091,-0.2398,6.1402,4.7932,6.188,5.9316,4310.3993,5.9487,7.5229,53.517,32.4774,55.7366,1.4228,61.1363,48.8822,48.8822,0.0,0.0,0.0,4079.0997,30.1038,27.5662,26.1481,26.1665,1.3465,1.3201,2.1608,2.925,39202.0,1.25,5.8559,0.0,5.698,4.643710113677079,4.830513924627862,4.630361408423179,6.32034,0.0
4226,2008-03-12,SZSE:002091,-0.2398,5.9863,4.6731,6.3077,5.8291,4202.3995,6.3077,7.3344,52.1761,31.6636,54.3401,1.3872,61.4257,45.6637,45.6637,0.0,0.0,0.0,3971.0998,29.3067,26.8363,25.4558,25.4737,1.3108,1.2851,2.0502,2.925,39202.0,1.25,5.7092,0.0,5.698,4.923995267527521,4.923995267527521,4.550384579790522,5.996834999999999,0.0
4227,2008-03-13,SZSE:002091,-0.2398,5.7778,4.5103,6.0239,5.747,4055.9988,5.8803,7.0789,50.3585,30.5605,52.447,1.3389,61.9395,41.6595,41.6595,0.0,0.0,0.0,3824.6991,28.2263,25.847,24.5173,24.5346,1.2625,1.2377,2.8132,2.925,39202.0,1.25,5.5103,0.0,5.698,4.590314148984042,4.702412020146077,4.4862567240126,8.22861,0.0
4228,2008-03-14,SZSE:002091,-0.1657,5.559,4.3395,5.9043,5.5556,3902.3991,5.812,6.8108,48.4514,29.4032,50.4609,1.2882,62.5483,37.904,37.904,0.0,0.0,0.0,3671.0994,27.0927,24.809,23.5327,23.5493,1.2118,1.188,3.3812,2.925,39202.0,1.25,5.3016,0.0,5.698,4.536998381003778,4.6090501618996225,4.336845871559634,9.89001,0.0
4229,2008-03-17,SZSE:002091,-0.1657,5.1487,4.0192,5.6,5.1385,3614.3993,5.5248,6.3082,44.8756,27.2332,46.7368,1.1931,64.6876,32.067,32.0669,0.0,0.0,0.0,3383.0996,24.9673,22.8627,21.6865,21.7018,1.1167,1.0948,4.3405,2.925,39202.0,1.25,4.9103,0.0,5.698,4.312792774875211,4.371495717365548,4.011237632800513,12.695962499999998,0.0
4230,2008-03-18,SZSE:002091,-0.1657,4.9197,3.8404,5.2923,4.7521,3453.5985,5.1214,6.0275,42.8792,26.0217,44.6576,1.14,65.0038,29.3493,29.3493,0.0,0.0,0.0,3222.2988,23.7806,21.776,20.6558,20.6703,1.0637,1.0428,4.547,2.925,39202.0,1.25,4.6919,0.0,5.698,3.997850389251377,4.131257784011221,3.7095686403642505,13.299974999999998,0.0
4231,2008-03-19,SZSE:002091,-0.1657,5.1795,4.0433,5.2923,4.9573,3635.9992,5.0222,6.3459,45.1438,27.396,47.0161,1.2002,65.0465,35.9774,35.9774,0.0,0.0,0.0,3404.6995,25.1267,23.0086,21.825,21.8404,1.1239,1.1018,3.5388,2.925,39202.0,1.25,4.9397,0.0,5.698,3.920506083598803,4.131355650159282,3.8698428593493586,10.35099,0.0
4232,2008-03-20,SZSE:002091,-0.1657,5.4769,4.2755,5.6137,4.9231,3844.7992,5.094,6.7103,47.7362,28.9692,49.7161,1.2691,66.0173,42.6143,42.6143,0.0,0.0,0.0,3613.4996,26.6676,24.4197,23.1635,23.1798,1.1928,1.1694,4.7386,2.925,39202.0,1.25,5.2233,0.0,5.698,3.9765920502474033,4.382291871314065,3.843180275338239,13.860404999999998,0.0
4233,2008-03-21,SZSE:002091,-0.2726,5.4701,4.2701,5.5897,5.3744,3839.999,5.4325,6.7019,47.6766,28.9331,49.654,1.2676,65.9999,42.5052,42.5052,0.0,0.0,0.0,3608.6993,26.6322,24.3873,23.1327,23.149,1.1912,1.1678,3.2357,2.925,39202.0,1.25,5.2168,0.0,5.698,4.24074847808998,4.36346281969251,4.1953941317343375,9.4644225,0.0
4234,2008-03-24,SZSE:002091,-0.2726,5.5863,4.3609,5.7368,5.3162,3921.5995,5.5316,6.8443,48.6898,29.5479,50.7092,1.2945,65.5414,45.079,45.079,0.0,0.0,0.0,3690.2998,27.2344,24.9387,23.6558,23.6725,1.2181,1.1942,4.249,2.925,39202.0,1.25,5.3277,0.0,5.698,4.318198886561768,4.478386610099708,4.150048615362584,12.428324999999997,0.0
4235,2008-03-25,SZSE:002091,-0.2726,5.6376,4.4009,5.7026,5.412,3957.5987,5.4769,6.9072,49.1367,29.8191,51.1747,1.3064,65.437,46.2228,46.2228,0.0,0.0,0.0,3726.299,27.5001,25.182,23.8865,23.9034,1.23,1.2059,3.0966,2.925,39202.0,1.25,5.3766,0.0,5.698,4.275452180005676,4.451641184191855,4.224789059174117,9.057554999999999,0.0
4236,2008-03-26,SZSE:002091,-0.2726,5.5727,4.3502,5.7504,5.5385,3911.9989,5.6752,6.8276,48.5706,29.4756,50.585,1.2913,65.4101,44.946,44.9459,0.0,0.0,0.0,3680.6992,27.1636,24.8738,23.5942,23.6109,1.215,1.1911,2.9224,2.925,39202.0,1.25,5.3146,0.0,5.698,4.4302142659752,4.488917415256518,4.323502557108762,8.54802,0.0
4237,2008-03-27,SZSE:002091,-0.2726,5.1111,3.9899,5.5043,5.0633,3587.9992,5.5043,6.2621,44.5479,27.0343,46.3955,1.1844,67.8356,37.1032,37.1032,0.0,0.0,0.0,3356.6995,24.7725,22.6843,21.5173,21.5325,1.108,1.0863,3.5497,2.925,39202.0,1.25,4.8745,0.0,5.698,4.296845409011758,4.296845409011758,3.9525856801862607,10.3828725,0.0
4238,2008-03-28,SZSE:002091,-0.2782,5.3607,4.1847,5.3641,4.9162,3763.1988,5.0667,6.5679,46.7231,28.3544,48.6609,1.2422,68.5281,42.9048,42.9048,0.0,0.0,0.0,3531.8991,26.0654,23.8683,22.6404,22.6564,1.1659,1.143,3.3359,2.925,39202.0,1.25,5.1125,0.0,5.698,3.955196054619733,4.1873541272595,3.8377118921036435,9.7575075,0.0
4239,2008-03-31,SZSE:002091,-0.2782,0.0,4.1847,0.0,0.0,3763.1988,0.0,6.5679,46.7231,28.3544,48.6609,1.2422,68.5281,42.9048,42.9048,0.0,0.0,0.0,3531.8991,26.0654,23.8683,22.6404,22.6564,1.1659,1.143,0.0,2.925,39202.0,1.25,5.1125,0.0,5.698,0.0,0.0,0.0,0.0,0.0
4240,2008-04-01,SZSE:002091,-0.2782,4.8239,3.7657,5.2205,4.8239,3386.3989,5.1248,5.9103,42.0448,25.5153,43.7886,1.1178,71.3615,35.3522,35.3522,0.0,0.0,0.0,3155.0992,23.2846,21.3219,20.225,20.2393,1.0415,1.021,5.7758,2.925,39202.0,1.25,4.6006,0.0,5.698,4.000592748605899,4.075299415410767,3.7657,16.894215,0.0
4241,2008-04-02,SZSE:002091,-0.2782,4.4103,3.4428,4.9162,4.3419,3095.999,4.8274,5.4034,38.4393,23.3273,40.0335,1.022,73.2399,30.8455,30.8455,0.0,0.0,0.0,2864.6993,21.1415,19.3594,18.3635,18.3764,0.9456,0.9271,3.4202,2.925,39202.0,1.25,4.2061,0.0,5.698,3.7683995918644984,3.8377192844024215,3.389405101693762,10.004085,0.0
4242,2008-04-03,SZSE:002091,-0.2782,4.6769,3.6509,4.694,4.3556,3283.1992,4.5026,5.7301,40.7635,24.7378,42.4542,1.0838,74.293,36.468,36.468,0.0,0.0,0.0,3051.8996,22.523,20.6245,19.5635,19.5773,1.0074,0.9877,3.3965,2.925,39202.0,1.25,4.4604,0.0,5.698,3.514837251170648,3.6642486689901435,3.4000855352904704,9.9347625,0.0
4243,2008-04-04,SZSE:002091,-0.3454,0.0,3.6509,0.0,0.0,3283.1992,0.0,5.7301,40.7635,24.7378,42.4542,1.0838,74.293,36.468,36.468,0.0,0.0,0.0,3051.8996,22.523,20.6245,19.5635,19.5773,1.0074,0.9877,0.0,2.925,39202.0,1.25,4.4604,0.0,5.698,0.0,0.0,0.0,0.0,0.0
4244,2008-04-07,SZSE:002091,-0.3454,5.0769,3.9632,5.1043,4.5197,3564.0,4.6154,6.2202,44.2499,26.8535,46.0851,1.1765,76.7216,43.8434,43.8434,0.0,0.0,0.0,3332.7003,24.5953,22.5221,21.3635,21.3785,1.1001,1.0785,4.1482,2.925,39202.0,1.25,4.8419,0.0,5.698,3.6029374775945953,3.9845893675274286,3.52823081801887,12.133485,0.0
4245,2008-04-08,SZSE:002091,-0.3454,5.0906,3.9739,5.159,5.0256,3573.5984,5.0769,6.237,44.3691,26.9258,46.2093,1.1796,76.2504,44.0823,44.0823,0.0,0.0,0.0,3342.2987,24.6662,22.587,21.425,21.4401,1.1033,1.0816,4.7087,2.925,39202.0,1.25,4.8549,0.0,5.698,3.9632053019290456,4.0272954268652015,3.9231587317801435,13.7729475,0.0
4246,2008-04-09,SZSE:002091,-0.3454,5.0598,3.9499,5.3231,4.9915,3551.9993,5.1556,6.1993,44.1009,26.7631,45.93,1.1725,76.2014,43.6324,43.6324,0.0,0.0,0.0,3320.6996,24.5068,22.441,21.2865,21.3016,1.0961,1.0746,6.9618,2.925,39202.0,1.25,4.8256,0.0,5.698,4.024685647654057,4.155443434523104,3.896582048697577,20.363265,0.0
4247,2008-04-10,SZSE:002091,-0.3454,3.2376,2.562,3.2923,3.0427,2272.7987,3.2376,3.9667,28.2186,17.1248,29.389,0.7502,119.8661,26.4279,26.684,0.0,0.0,0.0,2041.499,15.0663,13.7963,13.0865,13.0958,0.6739,0.6607,4.3743,2.925,39202.0,1.25,3.0877,0.0,5.698,2.562,2.6052855819125273,2.407770385470719,12.794827499999998,0.068
4248,2008-04-11,SZSE:002091,-0.4004,3.2,2.5322,3.347,3.1658,2246.3993,3.241,3.9206,27.8908,16.9258,29.0476,0.7415,119.1926,26.1983,26.4468,0.0,0.0,0.0,2015.0996,14.8714,13.6179,12.9173,12.9264,0.6652,0.6521,3.0591,2.925,39202.0,1.25,3.0518,0.0,5.698,2.5646438125,2.6485229375,2.5051371125,8.9478675,0.0
4249,2008-04-14,SZSE:002091,-0.4004,2.9607,2.3429,3.1316,2.9402,2078.3995,3.1316,3.6274,25.805,15.66,26.8752,0.6861,118.9175,24.7262,24.928,0.0,0.0,0.0,1847.0998,13.6316,12.4825,11.8404,11.8487,0.6097,0.5978,4.6539,2.925,39202.0,1.25,2.8236,0.0,5.698,2.4781388320329656,2.4781388320329656,2.32667767082109,13.6126575,0.0
4250,2008-04-15,SZSE:002091,-0.4004,3.1385,2.4835,3.1385,2.8718,2203.1996,2.8718,3.8452,27.3545,16.6003,28.489,0.7273,119.776,27.9644,28.2254,0.0,0.0,0.0,1971.8999,14.5526,13.3259,12.6404,12.6493,0.6509,0.6381,3.2083,2.925,39202.0,1.25,2.9931,0.0,5.698,2.272459869364346,2.4835,2.272459869364346,9.3842775,0.0
4251,2008-04-16,SZSE:002091,-0.4004,3.2889,2.6026,3.3675,3.0769,2308.7994,3.1453,4.0295,28.6656,17.396,29.8545,0.7621,120.1428,30.6817,30.9876,0.0,0.0,0.0,2077.4997,15.332,14.0396,13.3173,13.3267,0.6858,0.6723,7.9465,2.925,39202.0,1.25,3.1366,0.0,5.698,2.4889652406579708,2.6647984128432,2.434838377573049,23.2435125,0.0
4252,2008-04-17,SZSE:002091,-0.4004,3.2821,2.5972,3.5009,3.2274,2303.9991,3.3504,4.0212,28.606,17.3598,29.7924,0.7605,120.1555,30.6252,30.9293,0.0,0.0,0.0,2072.6994,15.2965,14.0071,13.2865,13.2959,0.6842,0.6708,14.9849,2.925,39202.0,1.25,3.1301,0.0,5.698,2.6512473355473634,2.7703413911824746,2.5539146522043814,43.8308325,0.0
4253,2008-04-18,SZSE:002091,-0.4187,2.9539,2.3375,3.1248,2.9539,2073.5992,3.1248,3.619,25.7454,15.6239,26.8132,0.6845,121.6323,27.9612,28.1894,0.0,0.0,0.0,1842.2995,13.5962,12.4501,11.8096,11.818,0.6081,0.5962,7.3562,2.925,39202.0,1.25,2.8171,0.0,5.698,2.4727377365516774,2.4727377365516774,2.3375,21.516885,0.0
4254,2008-04-21,SZSE:002091,-0.4187,2.7111,2.1454,3.1727,2.6735,1903.1992,3.1385,3.3216,23.6297,14.3399,24.6098,0.6282,122.1967,26.1494,26.3315,0.0,0.0,0.0,1671.8995,12.3386,11.2985,10.7173,10.7249,0.5519,0.5411,7.2003,2.925,39202.0,1.25,2.5856,0.0,5.698,2.4836184205672973,2.510682224927151,2.1156456419903362,21.0608775,0.0
4255,2008-04-22,SZSE:002091,-0.4187,2.612,2.0669,2.7043,2.4615,1833.5987,2.7043,3.2002,22.7656,13.8155,23.7098,0.6053,120.8354,25.4248,25.5897,0.0,0.0,0.0,1602.299,11.825,10.8282,10.2712,10.2784,0.5289,0.5185,4.1568,2.925,39202.0,1.25,2.491,0.0,5.698,2.1399378522205206,2.1399378522205206,1.9478079441041347,12.158639999999998,0.0
4256,2008-04-23,SZSE:002091,-0.4187,2.7385,2.167,2.7761,2.5333,1922.3989,2.6325,3.3552,23.8681,14.4846,24.858,0.6346,120.5286,28.1601,28.3628,0.0,0.0,0.0,1691.0992,12.4803,11.4283,10.8404,10.848,0.5582,0.5473,3.1824,2.925,39202.0,1.25,2.6117,0.0,5.698,2.0831212342523275,2.1967532225670987,2.0046233704582797,9.30852,0.0
4257,2008-04-24,SZSE:002091,-0.4187,3.012,2.3834,3.012,2.906,2114.3994,2.9846,3.5537,24.4127,15.9313,26.31,0.6764,121.9912,33.8129,34.083,0.0,0.0,0.0,1827.5377,12.6401,11.6087,11.715,11.7233,0.58,0.5914,10.2386,2.925,39202.0,1.25,2.8725,0.0,5.698,2.3617183399734394,2.3834,2.2995220451527225,29.947905,0.0
4258,2008-04-25,SZSE:002091,-0.4112,3.0974,2.4511,3.2274,3.0872,2174.3994,3.0906,3.6545,25.1055,16.3833,27.0566,0.6956,122.2853,35.5204,35.8079,0.0,0.0,0.0,1887.5376,13.0551,11.9898,12.0996,12.1081,0.599,0.6108,8.3194,2.925,39202.0,1.25,2.954,0.0,5.698,2.445718880351262,2.553974346225867,2.4430283205268934,24.334245,0.0
4259,2008-04-28,SZSE:002091,-0.4112,3.3197,2.6269,3.347,3.0359,2330.3992,3.0735,3.9167,26.9066,17.5588,28.9977,0.7455,121.8837,39.8642,40.1904,0.0,0.0,0.0,2043.5374,14.134,12.9807,13.0996,13.1088,0.6485,0.6613,11.1941,2.925,39202.0,1.25,3.166,0.0,5.698,2.432080353646414,2.6485026659035453,2.402327231376329,32.7427425,0.0
4260,2008-04-29,SZSE:002091,-0.4112,3.3162,2.6242,3.4564,3.2274,2327.9991,3.3231,3.9127,26.8789,17.5407,28.9678,0.7447,121.7951,39.8198,40.1449,0.0,0.0,0.0,2041.1373,14.1174,12.9655,13.0842,13.0935,0.6478,0.6606,11.251,2.925,39202.0,1.25,3.1627,0.0,5.698,2.629660159218383,2.735144104698149,2.5539301248416866,32.909175,0.0
4261,2008-04-30,SZSE:002091,-0.4112,3.388,2.681,3.4325,3.2821,2378.3992,3.3162,3.9974,27.4608,17.9204,29.595,0.7608,121.86,41.2998,41.6362,0.0,0.0,0.0,2091.5374,14.466,13.2856,13.4073,13.4168,0.6638,0.6769,9.1493,2.925,39202.0,1.25,3.2312,0.0,5.698,2.6241830578512397,2.7162138429752067,2.5971989669421487,26.7617025,0.0
4262,2008-05-01,SZSE:002091,-0.4112,0.0,2.681,0.0,0.0,2378.3992,0.0,3.9974,27.4608,17.9204,29.595,0.7608,121.86,41.2998,41.6362,0.0,0.0,0.0,2091.5374,14.466,13.2856,13.4073,13.4168,0.6638,0.6769,0.0,2.925,39202.0,1.25,3.2312,0.0,5.698,0.0,0.0,0.0,0.0,0.0
4263,2008-05-02,SZSE:002091,-0.3803,0.0,2.681,0.0,0.0,2378.3992,0.0,3.9974,27.4608,17.9204,29.595,0.7608,121.86,41.2998,41.6362,0.0,0.0,0.0,2091.5374,14.466,13.2856,13.4073,13.4168,0.6638,0.6769,0.0,2.925,39202.0,1.25,3.2312,0.0,5.698,0.0,0.0,0.0,0.0,0.0
4264,2008-05-05,SZSE:002091,-0.3803,3.5214,2.7865,3.5761,3.347,2471.9989,3.4359,4.1547,28.5415,18.6257,30.7597,0.7908,121.7841,44.0518,44.4065,0.0,0.0,0.0,2185.1372,15.1134,13.8802,14.0073,14.0172,0.6935,0.7072,9.4478,2.925,39202.0,1.25,3.3583,0.0,5.698,2.718843457147726,2.8297843613335605,2.6484964786732554,27.634815,0.0
4265,2008-05-06,SZSE:002091,-0.3803,3.4462,2.727,3.5692,3.388,2419.1994,3.4872,4.066,27.9319,18.2278,30.1027,0.7739,120.6978,42.8319,43.1619,0.0,0.0,0.0,2132.3376,14.7482,13.5448,13.6688,13.6785,0.6767,0.6901,8.0878,2.925,39202.0,1.25,3.2866,0.0,5.698,2.759443561023736,2.8243306830712083,2.680945969473623,23.656814999999998,0.0
4266,2008-05-07,SZSE:002091,-0.3803,3.3299,2.635,3.453,3.2821,2337.5989,3.4462,3.9288,26.9897,17.613,29.0873,0.7478,119.727,40.9449,41.2383,0.0,0.0,0.0,2050.7372,14.1838,13.0265,13.1458,13.155,0.6508,0.6637,7.7279,2.925,39202.0,1.25,3.1757,0.0,5.698,2.7270299408390644,2.7324108832097056,2.597175140394606,22.604107499999998,0.0
4267,2008-05-08,SZSE:002091,-0.3803,3.4188,2.7054,3.4462,3.2684,2399.999,3.3231,4.0337,27.7102,18.0832,29.8638,0.7677,118.9127,43.0125,43.3186,0.0,0.0,0.0,2113.1372,14.6154,13.4228,13.5458,13.5553,0.6706,0.6839,5.8002,2.925,39202.0,1.25,3.2605,0.0,5.698,2.629669691119691,2.7270824499824498,2.5863839241839246,16.965585,0.0
4268,2008-05-09,SZSE:002091,-0.3693,3.3675,2.6648,3.4872,3.306,2363.999,3.4872,3.9732,27.2946,17.8119,29.4158,0.7562,117.8897,42.0968,42.3863,0.0,0.0,0.0,2077.1373,14.3664,13.1942,13.315,13.3244,0.6592,0.6722,6.8034,2.925,39202.0,1.25,3.2116,0.0,5.698,2.7595220668151446,2.7595220668151446,2.6161332739420935,19.899945,0.0
4269,2008-05-12,SZSE:002091,-0.3693,3.4872,2.7595,3.5829,3.2889,2447.999,3.3094,4.1144,28.2644,18.4448,30.461,0.7831,117.2399,45.0372,45.3423,0.0,0.0,0.0,2161.1372,14.9474,13.7277,13.8534,13.8632,0.6858,0.6994,8.9737,2.925,39202.0,1.25,3.3257,0.0,5.698,2.618802850424409,2.835229568134894,2.602580738128011,26.248072499999996,0.0
4270,2008-05-13,SZSE:002091,-0.3693,3.5316,2.7947,3.5897,3.388,2479.1986,3.4291,4.1668,28.6246,18.6799,30.8493,0.7931,117.2826,46.1314,46.4415,0.0,0.0,0.0,2192.3369,15.1632,13.9259,14.0534,14.0634,0.6957,0.7095,8.9086,2.925,39202.0,1.25,3.3681,0.0,5.698,2.7135875438894552,2.840676914146563,2.681063427341715,26.057654999999997,0.0
4271,2008-05-14,SZSE:002091,-0.3693,3.6923,2.9218,3.7539,3.5145,2591.9995,3.535,4.3564,29.927,19.5298,32.2529,0.8292,117.7142,50.0066,50.3305,0.0,0.0,0.0,2305.1377,15.9434,14.6424,14.7765,14.787,0.7315,0.746,8.0357,2.925,39202.0,1.25,3.5214,0.0,5.698,2.7973249735936956,2.9705454648863854,2.7811028627142975,23.5044225,0.0
4272,2008-05-15,SZSE:002091,-0.3693,3.5795,2.8325,3.7162,3.5795,2512.7992,3.7094,4.2233,29.0126,18.9331,31.2674,0.8038,117.7964,47.4268,47.7109,0.0,0.0,0.0,2225.9374,15.3956,14.1394,14.2688,14.2789,0.7064,0.7204,5.5883,2.925,39202.0,1.25,3.4138,0.0,5.698,2.9352913814778603,2.9406723006006428,2.8325,16.3457775,0.0
4273,2008-05-16,SZSE:002091,-0.3285,3.5111,2.7784,3.6513,3.4462,2464.7992,3.5692,4.1426,28.4584,18.5714,30.6701,0.7885,116.8319,45.8819,46.1434,0.0,0.0,0.0,2177.9374,15.0636,13.8345,13.9611,13.971,0.6912,0.7048,3.5895,2.925,39202.0,1.25,3.3485,0.0,5.698,2.8243756315684543,2.8893429181737917,2.727043399504429,10.4992875,0.0
4274,2008-05-19,SZSE:002091,-0.3285,3.6171,2.8623,3.6274,3.4325,2539.1993,3.518,4.2677,29.3174,19.132,31.5959,0.8123,117.5229,48.6728,48.9435,0.0,0.0,0.0,2252.3375,15.5782,14.3071,14.4381,14.4483,0.7148,0.7289,5.0707,2.925,39202.0,1.25,3.4496,0.0,5.698,2.7838797379115863,2.8704506427801277,2.7162214895911085,14.8317975,0.0
4275,2008-05-20,SZSE:002091,-0.3285,3.3368,2.6405,3.641,3.3231,2342.3992,3.6171,3.9369,27.0452,17.6492,29.147,0.7493,118.2107,42.4385,42.6299,0.0,0.0,0.0,2055.5374,14.217,13.057,13.1765,13.1858,0.6523,0.6652,4.4279,2.925,39202.0,1.25,3.1823,0.0,5.698,2.862308963677775,2.881221679453368,2.6296588198273794,12.9516075,0.0
4276,2008-05-21,SZSE:002091,-0.3285,3.3846,2.6783,3.4496,3.1658,2375.9997,3.3368,3.9934,27.4331,17.9023,29.5651,0.7601,118.07,43.7629,43.9591,0.0,0.0,0.0,2089.138,14.4494,13.2704,13.3919,13.4014,0.663,0.6761,4.9623,2.925,39202.0,1.25,3.2279,0.0,5.698,2.6404749276133077,2.7297357678898546,2.5051592920876917,14.5147275,0.0
4277,2008-05-22,SZSE:002091,-0.3285,3.4017,2.6919,3.5111,3.3231,2387.9997,3.3709,4.0135,27.5717,17.9928,29.7144,0.7639,117.2857,44.2562,44.454,0.0,0.0,0.0,2101.1379,14.5324,13.3466,13.4688,13.4783,0.6668,0.68,4.9278,2.925,39202.0,1.25,3.2442,0.0,5.698,2.6675267395713904,2.778472554899021,2.6297007055295882,14.413815,0.0
4278,2008-05-23,SZSE:002091,-0.297,3.3094,2.6188,3.4188,3.2171,2323.1995,3.3504,3.9046,26.8235,17.5045,28.9081,0.7432,116.3528,42.1082,42.2823,0.0,0.0,0.0,2036.3377,14.0842,12.935,13.0535,13.0627,0.6462,0.659,2.8516,2.925,39202.0,1.25,3.1562,0.0,5.698,2.651244189279023,2.7053705928567107,2.54576100803771,8.340929999999998,0.0
4279,2008-05-26,SZSE:002091,-0.297,3.1145,2.4646,3.2171,3.1145,2186.3994,3.1966,3.6747,25.244,16.4738,27.2059,0.6994,117.73,37.9235,38.0555,0.0,0.0,0.0,1899.5376,13.1381,12.066,12.1765,12.1851,0.6028,0.6147,3.4782,2.925,39202.0,1.25,2.9703,0.0,5.698,2.529568264568952,2.5457905474393963,2.4646,10.173735,0.0
4280,2008-05-27,SZSE:002091,-0.297,3.0838,2.4403,3.1453,3.0598,2164.7981,3.1043,3.6384,24.9946,15.8998,26.9371,0.6925,117.5766,37.2933,37.4194,0.0,0.0,0.0,1877.9363,12.9887,11.9288,10.4766,11.2121,0.596,0.5971,2.3982,2.925,39202.0,1.25,0.0,0.0,5.698,2.4565222420390427,2.488966726117128,2.4213081068811206,7.014735,0.0
4281,2008-05-28,SZSE:002091,-0.297,3.2034,2.5349,3.2137,3.0803,2248.7994,3.0803,3.7796,25.9645,16.5167,27.9823,0.7194,117.8391,41.3735,41.5135,0.0,0.0,0.0,1961.9377,13.5697,12.4624,10.9453,11.7136,0.6226,0.6238,1.8914,2.925,39202.0,1.25,0.0,0.0,5.698,2.4374890647437097,2.543050549416245,2.4374890647437097,5.532344999999999,0.0
4282,2008-05-29,SZSE:002091,-0.297,3.118,2.4673,3.265,3.1111,2188.7995,3.1966,3.6787,25.2717,16.076,27.2357,0.7002,117.7474,39.4014,39.5245,0.0,0.0,0.0,1901.9377,13.1547,12.0813,10.6105,11.3554,0.6036,0.6048,1.8732,2.925,39202.0,1.25,0.0,0.0,5.698,2.5294968505452213,2.583622354073124,2.461839971135343,5.4791099999999995,0.0
4283,2008-05-30,SZSE:002091,-0.2428,3.2137,2.5431,3.2137,3.1043,2255.9992,3.1043,3.7917,26.0476,16.5696,28.0719,0.7217,117.0897,42.6959,42.8284,0.0,0.0,0.0,1969.1374,13.6195,12.5081,10.9854,11.7566,0.6249,0.6261,1.5741,2.925,39202.0,1.25,0.0,0.0,5.698,2.4565284033979524,2.5431,2.4565284033979524,4.6042425,0.0
4284,2008-06-02,SZSE:002091,-0.2428,3.1966,2.5295,3.265,3.1556,2243.9992,3.2137,3.7715,25.909,16.4815,27.9226,0.7178,116.1346,42.2541,42.3831,0.0,0.0,0.0,1957.1374,13.5365,12.4319,10.9185,11.6849,0.6211,0.6223,1.7233,2.925,39202.0,1.25,0.0,0.0,5.698,2.5430313927297754,2.5836255709191014,2.4970563098291936,5.0406525,0.0
4285,2008-06-03,SZSE:002091,-0.2428,3.2,2.5322,3.2752,3.1419,2246.3993,3.1966,3.7755,25.9368,16.4991,27.9525,0.7186,116.141,42.3826,42.5119,0.0,0.0,0.0,1959.5375,13.5531,12.4472,10.9319,11.6993,0.6219,0.6231,1.8626,2.925,39202.0,1.25,0.0,0.0,5.698,2.5295095375,2.5917066999999996,2.4862247437500002,5.448105,0.0
4286,2008-06-04,SZSE:002091,-0.2428,3.1111,2.4619,3.2103,3.0872,2183.9992,3.2103,3.6707,25.2163,16.0408,27.176,0.6987,115.6682,39.8984,40.0088,0.0,0.0,0.0,1897.1374,13.1215,12.0508,10.5838,11.3267,0.6021,0.6032,1.1254,2.925,39202.0,1.25,0.0,0.0,5.698,2.540399720356144,2.540399720356144,2.442987264954518,3.2917949999999996,0.0
4287,2008-06-05,SZSE:002091,-0.2428,3.1727,2.5106,3.2137,3.0496,2227.1996,3.1419,3.7433,25.7151,16.3581,27.7136,0.7125,115.6556,42.4149,42.5316,0.0,0.0,0.0,1940.3378,13.4203,12.3252,10.8248,11.5846,0.6158,0.617,2.5443,2.925,39202.0,1.25,0.0,0.0,5.698,2.4862275475147357,2.5430438490875282,2.4131893213981783,7.442077499999999,0.0
4288,2008-06-06,SZSE:002091,-0.2314,3.1521,2.4944,3.2479,3.118,2212.7988,3.2137,3.7191,25.5488,16.2523,27.5344,0.7079,115.6603,41.7868,41.8991,0.0,0.0,0.0,1925.937,13.3207,12.2337,10.7444,11.4987,0.6112,0.6124,1.7246,2.925,39202.0,1.25,0.0,0.0,5.698,2.5431468798578725,2.570210894324419,2.4674151200786776,5.044454999999999,0.0
4289,2008-06-09,SZSE:002091,-0.2314,0.0,2.4944,0.0,0.0,2212.7988,0.0,3.7191,25.5488,16.2523,27.5344,0.7079,115.6603,41.7868,41.8991,0.0,0.0,0.0,1925.937,13.3207,12.2337,10.7444,11.4987,0.6112,0.6124,0.0,2.925,39202.0,1.25,0.0,0.0,5.698,0.0,0.0,0.0,0.0,0.0
4290,2008-06-10,SZSE:002091,-0.2314,2.8376,2.2455,3.0359,2.8376,1991.9987,3.0359,3.348,22.9995,14.6306,24.7869,0.6372,117.6921,33.5768,33.6387,0.0,0.0,0.0,1705.1369,11.7935,10.8312,9.5126,10.1804,0.5411,0.5422,3.7099,2.925,39202.0,1.25,0.0,0.0,5.698,2.4024222758669294,2.4024222758669294,2.2455,10.8514575,0.0
4291,2008-06-11,SZSE:002091,-0.2314,2.7863,2.2049,2.8718,2.7692,1955.9995,2.8308,3.2875,22.5838,14.3662,24.339,0.6257,117.5498,32.4571,32.5133,0.0,0.0,0.0,1669.1377,11.5445,10.6025,9.3118,9.9655,0.5297,0.5307,2.373,2.925,39202.0,1.25,0.0,0.0,5.698,2.2401144600366076,2.272559243441122,2.1913681513117753,6.941025000000001,0.0
4292,2008-06-12,SZSE:002091,-0.2314,2.7111,2.1454,2.8342,2.6701,1903.1992,2.7863,3.1987,21.9742,13.9784,23.682,0.6088,117.5593,30.8331,30.8813,0.0,0.0,0.0,1616.3374,11.1793,10.2671,9.0172,9.6502,0.513,0.514,1.7882,2.925,39202.0,1.25,0.0,0.0,5.698,2.2049087160193284,2.242813868909299,2.112955088340526,5.230485,0.0
4293,2008-06-13,SZSE:002091,-0.1003,2.5778,2.0399,2.7761,2.5744,1809.5988,2.7111,3.0414,20.8935,13.2909,22.5173,0.5789,117.7174,28.1446,28.1809,0.0,0.0,0.0,1522.737,10.5319,9.6726,8.4951,9.0914,0.4832,0.4842,2.5179,2.925,39202.0,1.25,0.0,0.0,5.698,2.14538478159671,2.196821471797657,2.0372094654356427,7.364857499999999,0.0
4294,2008-06-16,SZSE:002091,-0.1003,2.6359,2.0859,2.7282,2.4957,1850.399,2.5778,3.11,21.3646,13.5906,23.025,0.5919,117.817,30.9701,31.0128,0.0,0.0,0.0,1563.5372,10.8141,9.9317,8.7227,9.335,0.4962,0.4972,2.1657,2.925,39202.0,1.25,0.0,0.0,5.698,2.03992299404378,2.1589409234037715,1.974953765317349,6.3346725,0.0
4295,2008-06-17,SZSE:002091,-0.1003,2.5846,2.0453,2.6872,2.5162,1814.399,2.6838,3.0495,20.9489,13.3262,22.577,0.5804,117.0802,29.8546,29.8927,0.0,0.0,0.0,1527.5373,10.5651,9.7031,8.5218,9.12,0.4848,0.4857,1.9999,2.925,39202.0,1.25,0.0,0.0,5.698,2.123801029172793,2.1264915886404085,1.9911722742397278,5.8497075,0.0
4296,2008-06-18,SZSE:002091,-0.1003,2.7419,2.1697,2.7692,2.5162,1924.7991,2.5812,3.235,22.2236,14.137,23.9507,0.6157,117.7189,37.3117,37.3635,0.0,0.0,0.0,1637.9373,11.3287,10.4043,9.1377,9.7792,0.5198,0.5208,2.5354,2.925,39202.0,1.25,0.0,0.0,5.698,2.042536066231446,2.191302833801379,1.9911007476567346,7.4160449999999996,0.0
4297,2008-06-19,SZSE:002091,-0.1003,2.5299,2.002,2.7111,2.5197,1775.9989,2.7043,2.9849,20.5056,13.0442,22.0992,0.5681,117.8976,32.3239,32.3585,0.0,0.0,0.0,1489.1372,10.2996,9.4591,8.3076,8.8908,0.4726,0.4735,3.2541,2.925,39202.0,1.25,0.0,0.0,5.698,2.1400089331594128,2.1453900154156287,1.9939283766156761,9.5182425,0.0
4298,2008-06-20,SZSE:002091,-0.0839,2.5812,2.0426,2.7316,2.4684,1811.9989,2.5983,3.0454,20.9212,13.3086,22.5471,0.5797,117.2636,34.6017,34.6397,0.0,0.0,0.0,1525.1371,10.5485,9.6878,8.5084,9.1057,0.484,0.485,2.3705,2.925,39202.0,1.25,0.0,0.0,5.698,2.056131868898187,2.161617139315047,1.9533371455137147,6.9337124999999995,0.0
4299,2008-06-23,SZSE:002091,-0.0839,2.4889,1.9695,2.5641,2.4752,1747.1994,2.4957,2.9365,20.173,12.8326,21.7408,0.5589,117.3426,32.4824,32.5141,0.0,0.0,0.0,1460.3376,10.1004,9.2762,8.1469,8.7188,0.4634,0.4644,1.4534,2.925,39202.0,1.25,0.0,0.0,5.698,1.9748809313351279,2.0290067700590617,1.9586590059865805,4.251195,0.0
4300,2008-06-24,SZSE:002091,-0.0839,2.5436,2.0128,2.5744,2.4855,1785.5988,2.4855,3.0011,20.6164,13.1147,22.2186,0.5712,117.3505,35.0222,35.0572,0.0,0.0,0.0,1498.737,10.366,9.5201,8.3612,8.9481,0.4756,0.4766,1.4145,2.925,39202.0,1.25,0.0,0.0,5.698,1.966824343450228,2.037172637207108,1.966824343450228,4.1374125,0.0
4301,2008-06-25,SZSE:002091,-0.0839,2.718,2.1508,2.7658,2.5299,1907.9988,2.5402,3.2068,22.0296,14.0137,23.7417,0.6104,118.3641,42.453,42.4959,0.0,0.0,0.0,1621.137,11.2125,10.2976,9.044,9.6789,0.5145,0.5155,3.04,2.925,39202.0,1.25,0.0,0.0,5.698,2.0101038116261956,2.1886249595290654,2.0019532450331123,8.892,0.0
4302,2008-06-26,SZSE:002091,-0.0839,2.7248,2.1562,2.7487,2.653,1912.7991,2.7282,3.2149,22.085,14.0489,23.8014,0.6119,118.4004,42.7296,42.7727,0.0,0.0,0.0,1625.9373,11.2457,10.3281,9.0708,9.7075,0.516,0.517,1.6813,2.925,39202.0,1.25,0.0,0.0,5.698,2.158890502055197,2.175112646799765,2.0993829271873166,4.9178025,0.0
4303,2008-06-27,SZSE:002091,-0.0905,2.5778,2.0399,2.6838,2.5299,1809.5988,2.6325,3.0414,20.8935,13.2909,22.5173,0.5789,117.749,38.4505,38.4832,0.0,0.0,0.0,1522.737,10.5319,9.6726,8.4951,9.0914,0.4832,0.4842,1.8427,2.925,39202.0,1.25,0.0,0.0,5.698,2.083185953138335,2.123781371712313,2.0019951159903795,5.3898975,0.0
4304,2008-06-30,SZSE:002091,-0.0905,2.6496,2.0967,2.6496,2.5299,1859.9988,2.6496,3.1261,21.4754,13.6611,23.1444,0.595,117.3996,41.5301,41.5653,0.0,0.0,0.0,1573.1371,10.8805,9.9927,8.7762,9.3923,0.4992,0.5002,1.5752,2.925,39202.0,1.25,0.0,0.0,5.698,2.0967,2.0967,2.001978158967391,4.60746,0.0
4305,2008-07-01,SZSE:002091,-0.0905,2.6496,2.0967,2.6872,2.6188,1859.9988,2.6496,3.1261,21.4754,13.6611,23.1444,0.595,115.8137,41.5301,41.5653,0.0,0.0,0.0,1573.1371,10.8805,9.9927,8.7762,9.3923,0.4992,0.5002,1.5752,2.925,39202.0,1.25,0.0,0.0,5.698,2.0967,2.1264538949275362,2.072327128623188,4.60746,0.0
4306,2008-07-02,SZSE:002091,-0.0905,2.7111,2.1454,2.7521,2.6393,1903.1992,2.6769,3.1987,21.9742,13.9784,23.682,0.6088,114.8191,44.3005,44.3376,0.0,0.0,0.0,1616.3374,11.1793,10.2671,9.0172,9.6502,0.513,0.514,1.5753,2.925,39202.0,1.25,0.0,0.0,5.698,2.118336195640146,2.177844911659474,2.088581837630482,4.607752499999999,0.0
4307,2008-07-03,SZSE:002091,-0.0905,2.841,2.2482,2.8718,2.6496,1994.3989,2.7111,3.352,23.0272,14.6482,24.8168,0.638,114.5551,49.717,49.7568,0.0,0.0,0.0,1707.5371,11.8101,10.8464,9.526,10.1947,0.5419,0.543,3.09,2.925,39202.0,1.25,0.0,0.0,5.698,2.1454047940865895,2.2725733051742343,2.096737317845829,9.03825,0.0
4308,2008-07-04,SZSE:002091,-0.2324,2.8171,2.2292,2.8752,2.7932,1977.5993,2.7932,3.3238,22.8332,14.5248,24.6077,0.6326,113.6127,48.7761,48.814,0.0,0.0,0.0,1690.7375,11.6939,10.7397,9.4323,10.0944,0.5366,0.5376,1.2884,2.925,39202.0,1.25,0.0,0.0,5.698,2.210287685918143,2.2751751233538036,2.210287685918143,3.7685699999999995,0.0
4309,2008-07-07,SZSE:002091,-0.2324,2.9368,2.3239,2.9675,2.8034,2061.5985,2.8991,3.4649,23.8031,15.1418,25.653,0.6595,112.5818,53.5136,53.5529,0.0,0.0,0.0,1774.7367,12.2749,11.2733,9.9009,10.5959,0.5632,0.5643,1.7735,2.925,39202.0,1.25,0.0,0.0,5.698,2.2940678595750477,2.3481930162081177,2.218340118496323,5.1874875,0.0
4310,2008-07-08,SZSE:002091,-0.2324,2.9402,2.3266,2.9641,2.8786,2063.9993,2.8991,3.469,23.8308,15.1594,25.6828,0.6603,112.5755,53.6455,53.6849,0.0,0.0,0.0,1777.1376,12.2915,11.2885,9.9143,10.6103,0.564,0.5651,1.7735,2.925,39202.0,1.25,0.0,0.0,5.698,2.2940772940616285,2.345512230460513,2.2778555064281343,5.1874875,0.0
4311,2008-07-09,SZSE:002091,-0.2324,3.0051,2.378,3.0051,2.9333,2109.5985,2.9915,3.5456,24.3573,15.4943,26.2502,0.6749,112.7431,56.1892,56.229,0.0,0.0,0.0,1822.7367,12.6069,11.5782,10.1687,10.8825,0.5785,0.5796,2.6907,2.925,39202.0,1.25,0.0,0.0,5.698,2.3672380286845693,2.378,2.3211831220258894,7.8702974999999995,0.0
4312,2008-07-10,SZSE:002091,-0.2324,2.9915,2.3672,3.0633,2.9231,2099.9986,2.9231,3.5295,24.2464,15.4238,26.1308,0.6718,68.6783,55.4988,55.5374,0.0,0.0,0.0,1813.1368,12.5405,11.5172,10.1151,10.8252,0.5754,0.5765,3.5475,2.925,39202.0,1.25,0.0,0.0,5.698,2.3130744843723883,2.424015965234832,2.3130744843723883,10.3764375,0.0
4313,2008-07-11,SZSE:002091,-0.2077,2.906,2.2996,3.0086,2.8479,2039.9987,2.9607,3.4286,23.5537,14.9832,25.3842,0.6526,68.8728,51.259,51.2908,0.0,0.0,0.0,1753.1369,12.1255,11.1361,9.7804,10.467,0.5564,0.5575,2.0228,2.925,39202.0,1.25,0.0,0.0,5.698,2.3428856572608394,2.3807902821748104,2.253623826565726,5.91669,0.0
4314,2008-07-14,SZSE:002091,-0.2077,2.9675,2.3483,2.9709,2.8786,2083.199,2.8889,3.5013,24.0525,15.3004,25.9217,0.6664,67.2316,53.9847,54.0171,0.0,0.0,0.0,1796.3373,12.4243,11.4105,10.0214,10.7249,0.5701,0.5712,1.6953,2.925,39202.0,1.25,0.0,0.0,5.698,2.2861007144060657,2.350990554338669,2.2779499174389217,4.9587525,0.0
4315,2008-07-15,SZSE:002091,-0.2077,2.9162,2.3077,3.0017,2.8547,2047.1984,2.9436,3.4407,23.6368,15.036,25.4738,0.6549,66.2529,51.4048,51.4336,0.0,0.0,0.0,1760.3366,12.1753,11.1818,9.8206,10.5099,0.5587,0.5597,2.0086,2.925,39202.0,1.25,0.0,0.0,5.698,2.3293826623688365,2.3753594026472813,2.2590327103765175,5.8751549999999995,0.0
4316,2008-07-16,SZSE:002091,-0.2077,2.8376,2.2455,2.947,2.7692,1991.9987,2.906,3.348,22.9995,14.6306,24.7869,0.6372,65.7232,47.6451,47.6689,0.0,0.0,0.0,1705.1369,11.7935,10.8312,9.5126,10.1804,0.5411,0.5422,2.6707,2.925,39202.0,1.25,0.0,0.0,5.698,2.299627502114463,2.332072349873132,2.1913724978855367,7.8117975,0.0
4317,2008-07-17,SZSE:002091,-0.2077,2.8103,2.2238,2.8821,2.7829,1972.799,2.8684,3.3157,22.7778,14.4896,24.548,0.6311,65.739,46.3746,46.3969,0.0,0.0,0.0,1685.9372,11.6607,10.7092,9.4055,10.0658,0.535,0.5361,1.1453,2.925,39202.0,1.25,0.0,0.0,5.698,2.269774728676654,2.2806155855246772,2.202118286303954,3.3500024999999996,0.0
4318,2008-07-18,SZSE:002091,-0.2082,2.8547,2.259,2.8547,2.7282,2003.9987,2.8342,3.3681,23.138,14.7187,24.9362,0.6411,62.3854,48.7655,48.7884,0.0,0.0,0.0,1717.1369,11.8765,10.9074,9.5796,10.252,0.5449,0.546,1.7876,2.925,39202.0,1.25,0.0,0.0,5.698,2.242777805023295,2.259,2.1588971870949663,5.22873,0.0
4319,2008-07-21,SZSE:002091,-0.2082,2.9333,2.3212,2.947,2.7897,2059.1991,2.8547,3.4609,23.7754,15.1242,25.6231,0.6587,60.1449,52.7771,52.8008,0.0,0.0,0.0,1772.3373,12.2583,11.2581,9.8875,10.5816,0.5625,0.5636,2.1906,2.925,39202.0,1.25,0.0,0.0,5.698,2.259001684110047,2.3320411822861624,2.2075654177888384,6.407505,0.0
4320,2008-07-22,SZSE:002091,-0.2082,3.0256,2.3943,3.0598,2.865,2123.9993,2.8821,3.5698,24.5235,15.6001,26.4294,0.6795,59.9141,57.0305,57.0545,0.0,0.0,0.0,1837.1375,12.7065,11.6697,10.249,10.9685,0.583,0.5842,4.7289,2.925,39202.0,1.25,0.0,0.0,5.698,2.2807416809888945,2.421364073241671,2.267209644368059,13.8320325,0.0
4321,2008-07-23,SZSE:002091,-0.2082,2.9812,2.3591,3.0974,2.9573,2092.7989,3.0017,3.5174,24.1633,15.371,26.0412,0.6695,59.3006,54.4858,54.5074,0.0,0.0,0.0,1805.9371,12.4907,11.4715,10.075,10.7822,0.5731,0.5742,2.6538,2.925,39202.0,1.25,0.0,0.0,5.698,2.3753221756339733,2.4510520394472026,2.34018731718771,7.762364999999999,0.0
4322,2008-07-24,SZSE:002091,-0.2082,3.1282,2.4754,3.1385,3.0188,2195.9992,3.0838,3.6908,25.3548,16.1289,27.3253,0.7025,56.9558,60.7278,60.7493,0.0,0.0,0.0,1909.1374,13.2045,12.127,10.6507,11.3984,0.6059,0.6071,2.1229,2.925,39202.0,1.25,0.0,0.0,5.698,2.4402654945335973,2.4835505722140527,2.3888298446390897,6.2094825,0.0
4323,2008-07-25,SZSE:002091,-0.0191,3.1282,2.4754,3.1658,3.0769,2195.9992,3.0838,3.6908,25.3548,16.1289,27.3253,0.7025,56.6807,60.7278,60.7493,0.0,0.0,0.0,1909.1374,13.2045,12.127,10.6507,11.3984,0.6059,0.6071,2.1229,2.925,39202.0,1.25,0.0,0.0,5.698,2.4402654945335973,2.505153545169746,2.434805402467873,6.2094825,0.0
4324,2008-07-28,SZSE:002091,-0.0191,3.1111,2.4619,3.2,3.0906,2183.9992,3.1624,3.6743,22.0544,16.0408,25.6267,0.6819,54.905,59.625,59.6457,0.0,0.0,0.0,1902.2031,12.6377,11.455,10.612,11.357,0.5939,0.6049,3.3654,2.925,39202.0,1.25,0.0,0.0,5.698,2.5024951174825625,2.5322490437465848,2.445677779563498,9.843795,0.0
4325,2008-07-29,SZSE:002091,-0.0191,3.0051,2.378,3.1282,2.9402,2109.5985,3.1282,3.5492,21.3031,15.4943,24.7537,0.6586,55.3177,53.1775,53.1932,0.0,0.0,0.0,1827.8024,12.1434,11.007,10.1969,10.9127,0.5706,0.5812,3.9559,2.925,39202.0,1.25,0.0,0.0,5.698,2.4754116668330504,2.4754116668330504,2.32664323982563,11.5710075,0.0
4326,2008-07-30,SZSE:002091,-0.0191,3.0462,2.4105,3.0769,2.9573,2138.3994,3.012,3.5976,21.594,15.7059,25.0917,0.6676,55.207,55.1972,55.2131,0.0,0.0,0.0,1856.6033,12.3347,11.1804,10.3576,11.0847,0.5796,0.5904,3.1068,2.925,39202.0,1.25,0.0,0.0,5.698,2.3834370691353164,2.4347933326767777,2.3401522060271813,9.08739,0.0
4327,2008-07-31,SZSE:002091,-0.0191,2.9094,2.3023,3.053,2.906,2042.3995,3.0393,3.4361,20.6245,15.0008,23.9652,0.6376,55.4632,47.7965,47.8077,0.0,0.0,0.0,1760.6034,11.6969,10.6023,9.8221,10.5115,0.5497,0.5598,1.9715,2.925,39202.0,1.25,0.0,0.0,5.698,2.405093967828418,2.415935210008936,2.299609472743521,5.7666375,0.0
4328,2008-08-01,SZSE:002091,-0.0235,2.9436,2.3293,2.9675,2.8376,2066.3995,2.9402,3.4765,20.8669,15.1771,24.2468,0.6451,55.0916,49.6153,49.6266,0.0,0.0,0.0,1784.6034,11.8564,10.7468,9.956,10.6548,0.5572,0.5675,2.9336,2.925,39202.0,1.25,0.0,0.0,5.698,2.3266095461339855,2.34821230805816,2.245421144177198,8.58078,0.0
4329,2008-08-04,SZSE:002091,-0.0235,2.9162,2.3077,3.0086,2.906,2047.1984,2.9573,3.4442,20.673,15.036,24.0215,0.6391,54.6774,48.1693,48.1799,0.0,0.0,0.0,1765.4023,11.7288,10.6312,9.8488,10.5402,0.5512,0.5614,1.4039,2.925,39202.0,1.25,0.0,0.0,5.698,2.3402239935532543,2.3808196351416226,2.2996283519648864,4.1064074999999995,0.0
4330,2008-08-05,SZSE:002091,-0.0235,2.7932,2.2103,3.0017,2.7624,1960.7983,2.9231,3.2988,19.8005,14.4014,23.0077,0.6122,54.6378,42.2085,42.216,0.0,0.0,0.0,1679.0022,11.1548,10.1109,9.3668,10.0243,0.5242,0.5339,3.3244,2.925,39202.0,1.25,0.0,0.0,5.698,2.313091769296864,2.3752890985249895,2.1859275096663326,9.723869999999998,0.0
4331,2008-08-06,SZSE:002091,-0.0235,2.7316,2.1616,2.841,2.7077,1917.5986,2.8137,3.2261,19.3643,14.0842,22.5008,0.5987,54.6473,39.5717,39.5781,0.0,0.0,0.0,1635.8025,10.8678,9.8507,9.1258,9.7664,0.5107,0.5201,1.9507,2.925,39202.0,1.25,0.0,0.0,5.698,2.226568282325377,2.2481716210279696,2.142687186996632,5.7057975,0.0
4332,2008-08-07,SZSE:002091,-0.0235,2.7692,2.1914,2.8103,2.6974,1943.9995,2.7316,3.2706,19.6309,14.2781,22.8106,0.6069,54.4022,41.958,41.9648,0.0,0.0,0.0,1662.2034,11.0432,10.0097,9.2731,9.9241,0.5189,0.5285,1.4903,2.925,39202.0,1.25,0.0,0.0,5.698,2.1616453271703016,2.2239243897154406,2.1345812364581827,4.3591275,0.0
4333,2008-08-08,SZSE:002091,0.0088,2.6154,2.0696,2.7897,2.6051,1835.9996,2.7692,3.0889,18.5403,13.4848,21.5434,0.5732,55.1138,35.7401,35.7445,0.0,0.0,0.0,1554.2035,10.3257,9.3594,8.6706,9.2792,0.4852,0.4942,2.5958,2.925,39202.0,1.25,0.0,0.0,5.698,2.191303938212128,2.2075258545537966,2.061449476179552,7.592715,0.0
4334,2008-08-11,SZSE:002091,0.0088,2.4274,1.9208,2.6667,2.4137,1703.999,2.6667,2.8668,17.2073,12.5153,19.9945,0.532,56.7866,29.9066,29.9092,0.0,0.0,0.0,1422.2029,9.4487,8.5645,7.9342,8.4911,0.444,0.4522,2.8379,2.925,39202.0,1.25,0.0,0.0,5.698,2.11015793029579,2.11015793029579,1.9099591991431162,8.3008575,0.0
4335,2008-08-12,SZSE:002091,0.0088,2.4137,1.91,2.4547,2.3795,1694.3992,2.4274,2.8506,17.1104,12.4448,19.8818,0.529,56.2269,29.5291,29.5316,0.0,0.0,0.0,1412.6031,9.3849,8.5066,7.8806,8.4338,0.441,0.4492,1.5142,2.925,39202.0,1.25,0.0,0.0,5.698,1.9208410324398226,1.9424439656958197,1.8829369847122677,4.429035,0.0
4336,2008-08-13,SZSE:002091,0.0088,2.4171,1.9127,2.4342,2.3009,1696.7993,2.4137,2.8547,17.1346,12.4625,19.91,0.5297,56.1257,29.7678,29.7704,0.0,0.0,0.0,1415.0032,9.4009,8.5211,7.894,8.4482,0.4418,0.4499,2.1951,2.925,39202.0,1.25,0.0,0.0,5.698,1.9100095113979563,1.9262315750279262,1.8207485954242688,6.4206674999999995,0.0
4337,2008-08-14,SZSE:002091,0.0088,2.4274,1.9208,2.4513,2.3521,1703.999,2.3966,2.8668,17.2073,12.5153,19.9945,0.532,55.2655,30.5279,30.5306,0.0,0.0,0.0,1422.2029,9.4487,8.5645,7.9342,8.4911,0.444,0.4522,1.2706,2.925,39202.0,1.25,0.0,0.0,5.698,1.8964279805553266,1.9397120540496002,1.8612151602537694,3.7165049999999997,0.0
4338,2008-08-15,SZSE:002091,0.0408,2.4308,1.9235,2.4615,2.4,1706.3991,2.4274,2.8708,17.2316,12.533,20.0226,0.5327,55.0679,30.7968,30.7995,0.0,0.0,0.0,1424.603,9.4647,8.5789,7.9476,8.5055,0.4448,0.453,0.9895,2.925,39202.0,1.25,0.0,0.0,5.698,1.9208095688662168,1.947793010531512,1.8991278591410234,2.8942875,0.0
4339,2008-08-18,SZSE:002091,0.0408,2.3111,1.8288,2.4308,2.294,1622.3992,2.4308,2.7295,16.3833,11.916,19.037,0.5065,55.6988,26.8761,26.8778,0.0,0.0,0.0,1340.6031,8.9066,8.0731,7.479,8.004,0.4185,0.4263,1.4215,2.925,39202.0,1.25,0.0,0.0,5.698,1.9235199861537795,1.9235199861537795,1.8152685734066027,4.157887499999999,0.0
4340,2008-08-19,SZSE:002091,0.0408,2.3145,1.8315,2.3487,2.2633,1624.7987,2.2974,2.7335,16.4075,11.9336,19.0652,0.5073,55.2561,27.1613,27.1631,0.0,0.0,0.0,1343.0026,8.9225,8.0875,7.4923,8.0183,0.4193,0.427,1.2153,2.925,39202.0,1.25,0.0,0.0,5.698,1.8179685029163968,1.858562994167207,1.7909846403110825,3.5547524999999998,0.0
4341,2008-08-20,SZSE:002091,0.0408,2.5162,1.9912,2.5402,2.2735,1766.3991,2.3214,2.9718,17.8374,12.9736,20.7267,0.5515,56.0672,41.6322,41.6354,0.0,0.0,0.0,1484.603,9.8633,8.9402,8.2823,8.8637,0.4635,0.4721,2.1885,2.925,39202.0,1.25,0.0,0.0,5.698,1.8370446228439712,2.0101924489309275,1.7991388601859946,6.401362499999999,0.0
4342,2008-08-21,SZSE:002091,0.0408,2.3932,1.8938,2.5128,2.3761,1679.999,2.4889,2.8264,16.965,12.3391,19.7129,0.5245,56.6538,36.8248,36.8271,0.0,0.0,0.0,1398.2029,9.2893,8.4199,7.8003,8.3479,0.4365,0.4446,1.4444,2.925,39202.0,1.25,0.0,0.0,5.698,1.969529842888183,1.988442520474678,1.8802683352833025,4.224869999999999,0.0
4343,2008-08-22,SZSE:002091,-0.027,2.3966,1.8965,2.441,2.359,1682.3992,2.3658,2.8304,16.9892,12.3567,19.741,0.5253,56.6316,37.0423,37.0446,0.0,0.0,0.0,1400.6031,9.3052,8.4344,7.8137,8.3622,0.4373,0.4454,0.999,2.925,39202.0,1.25,0.0,0.0,5.698,1.872127054994576,1.931635024618209,1.8667460151881834,2.922075,0.0
4344,2008-08-25,SZSE:002091,-0.027,2.4103,1.9073,2.4444,2.3761,1691.999,2.4,2.8466,17.0861,12.4272,19.8537,0.5282,56.4988,37.9622,37.9647,0.0,0.0,0.0,1410.2029,9.369,8.4922,7.8672,8.4195,0.4403,0.4484,0.366,2.925,39202.0,1.25,0.0,0.0,5.698,1.8991494834667884,1.934283748910924,1.8802371198605985,1.07055,0.0
4345,2008-08-26,SZSE:002091,-0.027,2.3077,1.8261,2.4,2.2906,1619.9998,2.3556,2.7255,16.3591,11.8984,19.0088,0.5058,55.9328,33.9549,33.9567,0.0,0.0,0.0,1338.2037,8.8906,8.0586,7.4656,7.9896,0.4178,0.4255,1.2641,2.925,39202.0,1.25,0.0,0.0,5.698,1.8640036226545913,1.8991376695411015,1.8125686441045197,3.6974924999999996,0.0
4346,2008-08-27,SZSE:002091,-0.027,2.3077,1.8261,2.3521,2.2735,1619.9998,2.3487,2.7255,16.3591,11.6069,19.0088,0.5058,55.9296,33.9549,33.9567,0.0,0.0,0.0,1338.2037,8.8906,8.0586,6.6084,7.472,0.4178,0.4182,0.6657,2.925,39202.0,1.25,0.0,0.0,5.698,1.8585436018546606,1.8612340468865105,1.7990372882090393,1.9471724999999998,0.0
4347,2008-08-28,SZSE:002091,-0.027,2.3043,1.8234,2.3248,2.2769,1617.5989,2.3009,2.7214,16.3348,11.5897,18.9807,0.505,55.2893,33.8168,33.8186,0.0,0.0,0.0,1335.8028,8.8747,8.0442,6.5966,7.4586,0.417,0.4175,0.4516,2.925,39202.0,1.25,0.0,0.0,5.698,1.8207095690665276,1.8396217159224058,1.8017182918890768,1.32093,0.0
4348,2008-08-29,SZSE:002091,-0.0793,2.3795,1.8829,2.3932,2.2974,1670.3992,2.3111,2.8103,16.868,11.968,19.6002,0.5215,55.5881,39.6301,39.6322,0.0,0.0,0.0,1388.6031,9.2255,8.3621,6.8573,7.7534,0.4335,0.434,2.0257,2.925,39202.0,1.25,0.0,0.0,5.698,1.8287750325698677,1.893740819499895,1.8179342130699727,5.9251724999999995,0.0
4349,2008-09-01,SZSE:002091,-0.0793,2.2564,1.7856,2.359,2.2564,1583.9991,2.3521,2.6649,15.9955,11.349,18.5864,0.4945,55.9755,34.3181,34.3195,0.0,0.0,0.0,1302.203,8.6515,7.8418,6.4306,7.271,0.4066,0.407,1.3036,2.925,39202.0,1.25,0.0,0.0,5.698,1.8613321042368374,1.8667924126927848,1.7856,3.81303,0.0
4350,2008-09-02,SZSE:002091,-0.0793,2.2427,1.7747,2.2906,2.2222,1574.3993,2.2256,2.6488,15.8986,11.2802,18.4738,0.4915,55.9755,33.7764,33.7778,0.0,0.0,0.0,1292.6032,8.5877,7.784,6.3832,7.2174,0.4036,0.404,1.1169,2.925,39202.0,1.25,0.0,0.0,5.698,1.7611683774022382,1.8126043697329108,1.7584778793418645,3.2669325,0.0
4351,2008-09-03,SZSE:002091,-0.0793,2.1744,1.7206,2.2735,2.1539,1526.3993,2.2462,2.568,15.4139,10.9363,17.9105,0.4765,56.181,31.1303,31.1314,0.0,0.0,0.0,1244.6032,8.2688,7.495,6.1462,6.9494,0.3886,0.389,1.8215,2.925,39202.0,1.25,0.0,0.0,5.698,1.7774152501839589,1.7990177060338484,1.7043783756438557,5.327887499999999,0.0
4352,2008-09-04,SZSE:002091,-0.0793,2.2017,1.7423,2.2222,2.147,1545.5997,2.1983,2.6003,15.6078,11.0739,18.1358,0.4825,56.1194,33.3786,33.3798,0.0,0.0,0.0,1263.8036,8.3963,7.6106,6.241,7.0566,0.3946,0.395,0.9131,2.925,39202.0,1.25,0.0,0.0,5.698,1.7396094336194758,1.7585225325884541,1.6990135349956847,2.6708175,0.0
4353,2008-09-05,SZSE:002091,0.0835,2.1333,1.6882,2.1709,2.0855,1497.5984,2.0889,2.5195,15.123,11.7747,17.5726,0.4676,56.1288,30.6819,30.6828,0.0,0.0,0.0,1215.8023,8.0774,7.3215,0.0,7.0814,0.3796,0.4103,1.4835,2.925,39202.0,1.25,0.0,0.0,5.698,1.6530637884966952,1.7179549899217172,1.6503731777059014,4.339237499999999,0.0
4354,2008-09-08,SZSE:002091,0.0835,2.0308,1.607,2.1402,1.9863,1425.5991,2.1265,2.3984,14.396,0.0,16.7278,0.4451,56.7645,27.14,27.1406,0.0,0.0,0.0,1143.803,7.5991,6.8879,0.0,0.0,0.3571,0.0,1.9022,2.925,39202.0,1.25,0.0,0.0,0.0,1.6827287275950362,1.6935697262162694,1.571786537325192,5.563934999999999,0.0
4355,2008-09-09,SZSE:002091,0.0835,2.0718,1.6395,2.0889,1.9966,1454.3994,2.0171,2.4469,14.6868,0.0,17.0657,0.4541,56.5652,30.5916,30.5924,0.0,0.0,0.0,1172.6033,7.7904,7.0614,0.0,0.0,0.3661,0.0,1.6936,2.925,39202.0,1.25,0.0,0.0,0.0,1.5962136547929335,1.653031928757602,1.5799911671010713,4.95378,0.0
4356,2008-09-10,SZSE:002091,0.0835,2.0684,1.6368,2.106,2.0,1451.9993,2.0444,2.4428,14.6626,0.0,17.0375,0.4533,53.0962,30.4621,30.4628,0.0,0.0,0.0,1170.2032,7.7745,7.0469,0.0,0.0,0.3653,0.0,1.6453,2.925,39202.0,1.25,0.0,0.0,0.0,1.6178079288338814,1.666554244826919,1.5826725971765616,4.8125025,0.0
4357,2008-09-11,SZSE:002091,0.0835,2.0103,1.5908,2.106,1.9897,1411.1997,2.0684,2.3742,14.2506,0.0,16.5588,0.4406,53.2338,28.271,28.2716,0.0,0.0,0.0,1129.4036,7.5034,6.8012,0.0,0.0,0.3526,0.0,0.9852,2.925,39202.0,1.25,0.0,0.0,0.0,1.6367759637864996,1.6665297716758691,1.5744987116350793,2.8817099999999995,0.0
4358,2008-09-12,SZSE:002091,0.1036,1.9966,1.5799,2.0274,1.9761,1401.5985,2.0171,2.358,14.1536,0.0,16.4462,0.4376,53.0504,27.7649,27.7654,0.0,0.0,0.0,1119.8024,7.4396,6.7434,0.0,0.0,0.3496,0.0,0.8882,2.925,39202.0,1.25,0.0,0.0,0.0,1.5961215516377842,1.6042718922167687,1.563678448362216,2.597985,0.0
4359,2008-09-15,SZSE:002091,0.1036,0.0,1.5799,0.0,0.0,1401.5985,0.0,2.358,14.1536,0.0,16.4462,0.4376,53.0504,27.7649,27.7654,0.0,0.0,0.0,1119.8024,7.4396,6.7434,0.0,0.0,0.3496,0.0,0.0,2.925,39202.0,1.25,0.0,0.0,0.0,0.0,0.0,0.0,0.0,0.0
4360,2008-09-16,SZSE:002091,0.1036,1.8803,1.488,1.9966,1.8803,1319.9987,1.9966,2.2208,13.3296,0.0,15.4887,0.4121,53.5437,23.856,23.8563,0.0,0.0,0.0,1038.2026,6.8975,6.252,0.0,0.0,0.3241,0.0,1.8679,2.925,39202.0,1.25,0.0,0.0,0.0,1.580035526245812,1.580035526245812,1.488,5.463607499999999,0.0
4361,2008-09-17,SZSE:002091,0.1036,1.8291,1.4474,1.9043,1.8222,1283.9987,1.8974,2.1602,12.9661,0.0,15.0663,0.4009,53.6512,22.3603,22.3606,0.0,0.0,0.0,1002.2026,6.6583,6.0352,0.0,0.0,0.3129,0.0,1.3328,2.925,39202.0,1.25,0.0,0.0,0.0,1.5014470285932975,1.5069071237220493,1.4419399048712482,3.89844,0.0
4362,2008-09-18,SZSE:002091,0.1036,1.7641,1.396,1.8017,1.6479,1238.3989,1.7436,2.0835,12.5056,0.0,14.5312,0.3866,52.4227,20.5986,20.5988,0.0,0.0,0.0,956.6028,6.3554,5.7606,0.0,0.0,0.2987,0.0,2.6203,2.925,39202.0,1.25,0.0,0.0,0.0,1.3797775636301797,1.425754322317329,1.3040464826257014,7.664377499999999,0.0
4363,2008-09-19,SZSE:002091,0.1381,1.9419,1.5367,1.9419,1.8838,1363.1998,1.9316,2.2934,13.7659,0.0,15.9956,0.4256,54.1319,35.5619,35.5625,0.0,0.0,0.0,1081.4037,7.1845,6.5122,0.0,0.0,0.3376,0.0,24.6642,2.925,39202.0,1.25,0.0,0.0,0.0,1.528549214686647,1.5367,1.49072324012565,72.142785,0.0
4364,2008-09-22,SZSE:002091,0.1381,1.9248,1.5231,2.0957,1.853,1351.1991,2.0103,2.2732,13.6447,0.0,15.8548,0.4219,53.9247,34.8812,34.8817,0.0,0.0,0.0,1069.403,7.1048,6.4399,0.0,0.0,0.3339,0.0,24.8394,2.925,39202.0,1.25,0.0,0.0,0.0,1.590756405860349,1.658333681421446,1.466284445137157,72.655245,0.0
4365,2008-09-23,SZSE:002091,0.1381,1.7333,1.3716,1.8803,1.7333,1216.7991,1.8462,2.0471,12.2875,0.0,14.2777,0.3799,57.0775,28.3388,28.3391,0.0,0.0,0.0,935.003,6.2119,5.6306,0.0,0.0,0.2919,0.0,9.8921,2.925,39202.0,1.25,0.0,0.0,0.0,1.460940356545318,1.4879244677782264,1.3716,28.934392499999998,0.0
4366,2008-09-24,SZSE:002091,0.1381,1.7709,1.4014,1.7709,1.6581,1243.1992,1.6752,2.0915,12.5541,0.0,14.5875,0.3881,57.0728,31.0736,31.0739,0.0,0.0,0.0,961.4031,6.3873,5.7895,0.0,0.0,0.3002,0.0,4.7211,2.925,39202.0,1.25,0.0,0.0,0.0,1.3256678976791463,1.4014,1.3121358292393699,13.809217499999999,0.0
4367,2008-09-25,SZSE:002091,0.1381,1.788,1.4149,1.8154,1.7436,1255.1992,1.7709,2.1117,12.6752,0.0,14.7283,0.3919,55.3414,32.3376,32.3379,0.0,0.0,0.0,973.4031,6.467,5.8618,0.0,0.0,0.3039,0.0,7.7532,2.925,39202.0,1.25,0.0,0.0,0.0,1.4013682382550334,1.4365824720357943,1.3797648993288592,22.678109999999997,0.0
4368,2008-09-26,SZSE:002091,0.1255,1.812,1.4339,1.8633,1.7709,1271.9987,1.7915,2.14,12.8449,0.0,14.9255,0.3971,55.449,34.158,34.1583,0.0,0.0,0.0,990.2026,6.5786,5.963,0.0,0.0,0.3091,0.0,8.8969,2.925,39202.0,1.25,0.0,0.0,0.0,1.4176776214128035,1.474495513245033,1.4013761092715231,26.0234325,0.0
4369,2008-09-29,SZSE:002091,0.1255,0.0,1.4339,0.0,0.0,1271.9987,0.0,2.14,12.8449,0.0,14.9255,0.3971,55.449,34.158,34.1583,0.0,0.0,0.0,990.2026,6.5786,5.963,0.0,0.0,0.3091,0.0,0.0,2.925,39202.0,1.25,0.0,0.0,0.0,0.0,0.0,0.0,0.0,0.0
4370,2008-09-30,SZSE:002091,0.1255,0.0,1.4339,0.0,0.0,1271.9987,0.0,2.14,12.8449,0.0,14.9255,0.3971,55.449,34.158,34.1583,0.0,0.0,0.0,990.2026,6.5786,5.963,0.0,0.0,0.3091,0.0,0.0,2.925,39202.0,1.25,0.0,0.0,0.0,0.0,0.0,0.0,0.0,0.0
4371,2008-10-01,SZSE:002091,0.1255,0.0,1.4339,0.0,0.0,1271.9987,0.0,2.14,12.8449,0.0,14.9255,0.3971,55.449,34.158,34.1583,0.0,0.0,0.0,990.2026,6.5786,5.963,0.0,0.0,0.3091,0.0,0.0,2.925,39202.0,1.25,0.0,0.0,0.0,0.0,0.0,0.0,0.0,0.0
4372,2008-10-02,SZSE:002091,0.1255,0.0,1.4339,0.0,0.0,1271.9987,0.0,2.14,12.8449,0.0,14.9255,0.3971,55.449,34.158,34.1583,0.0,0.0,0.0,990.2026,6.5786,5.963,0.0,0.0,0.3091,0.0,0.0,2.925,39202.0,1.25,0.0,0.0,0.0,0.0,0.0,0.0,0.0,0.0
4373,2008-10-03,SZSE:002091,0.0728,0.0,1.4339,0.0,0.0,1271.9987,0.0,2.14,12.8449,0.0,14.9255,0.3971,55.449,34.158,34.1583,0.0,0.0,0.0,990.2026,6.5786,5.963,0.0,0.0,0.3091,0.0,0.0,2.925,39202.0,1.25,0.0,0.0,0.0,0.0,0.0,0.0,0.0,0.0
4374,2008-10-06,SZSE:002091,0.0728,1.812,1.4339,1.8598,1.7641,1271.9987,1.8051,2.14,12.8449,0.0,14.9255,0.3971,55.0062,34.158,34.1583,0.0,0.0,0.0,990.2026,6.5786,5.963,0.0,0.0,0.3091,0.0,8.8686,2.925,39202.0,1.25,0.0,0.0,0.0,1.4284397847682118,1.471725838852097,1.3959950275938189,25.940655,0.0
4375,2008-10-07,SZSE:002091,0.0728,1.7915,1.4176,1.812,1.7368,1257.5986,1.7504,2.1158,12.6995,0.0,14.7565,0.3926,54.0623,33.2682,33.2685,0.0,0.0,0.0,975.8025,6.483,5.8763,0.0,0.0,0.3047,0.0,3.8855,2.925,39202.0,1.25,0.0,0.0,0.0,1.3850778900362823,1.4338214903711972,1.374316315936366,11.3650875,0.0
4376,2008-10-08,SZSE:002091,0.0728,1.7436,1.3797,1.7983,1.7299,1223.9988,1.7778,2.0592,12.3602,0.0,14.3622,0.3821,54.1619,31.2244,31.2247,0.0,0.0,0.0,942.2027,6.2597,5.6739,0.0,0.0,0.2942,0.0,3.442,2.925,39202.0,1.25,0.0,0.0,0.0,1.4067622505161732,1.4229837749483825,1.3688592739160357,10.06785,0.0
4377,2008-10-09,SZSE:002091,0.0728,1.8051,1.4284,1.8291,1.7299,1267.1992,1.7709,2.1319,12.7964,0.0,14.8691,0.3956,54.5303,36.6161,36.6164,0.0,0.0,0.0,985.4031,6.5467,5.9341,0.0,0.0,0.3076,0.0,4.6823,2.925,39202.0,1.25,0.0,0.0,0.0,1.4013370782782117,1.44739152401529,1.3688932247520913,13.695727499999998,0.0
4378,2008-10-10,SZSE:002091,0.2534,1.6239,1.2851,1.7675,1.6239,1139.9989,1.7436,1.9179,11.5119,0.0,13.3766,0.3559,58.0246,29.326,29.3262,0.0,0.0,0.0,858.2028,5.7017,5.1681,0.0,0.0,0.2679,0.0,8.9927,2.925,39202.0,1.25,0.0,0.0,0.0,1.3798265656752264,1.3987402241517337,1.2851,26.303647499999997,0.0
4379,2008-10-13,SZSE:002091,0.2534,1.559,1.2337,1.6,1.4633,1094.3991,1.5795,1.8412,11.0515,0.0,12.8415,0.3417,58.2365,27.2328,27.233,0.0,0.0,0.0,812.603,5.3987,4.8935,0.0,0.0,0.2537,0.0,11.5155,2.925,39202.0,1.25,0.0,0.0,0.0,1.2499224823604875,1.266144964720975,1.1579687042976268,33.6828375,0.0
4380,2008-10-14,SZSE:002091,0.2534,1.4906,1.1795,1.6376,1.4906,1046.3991,1.6068,1.7605,10.5667,0.0,12.2783,0.3267,58.2855,25.1943,25.1944,0.0,0.0,0.0,764.603,5.0798,4.6044,0.0,0.0,0.2387,0.0,6.955,2.925,39202.0,1.25,0.0,0.0,0.0,1.2714481416879109,1.2958199382798872,1.1795,20.343374999999998,0.0
4381,2008-10-15,SZSE:002091,0.2534,1.4462,1.1444,1.5009,1.4154,1015.1994,1.4906,1.708,10.2517,0.0,11.9122,0.317,58.3994,23.9398,23.9399,0.0,0.0,0.0,733.4033,4.8725,4.4165,0.0,0.0,0.229,0.0,3.6306,2.925,39202.0,1.25,0.0,0.0,0.0,1.1795343935831835,1.1876849398423457,1.1200274927395935,10.619504999999998,0.0
4382,2008-10-16,SZSE:002091,0.2534,1.3333,1.0551,1.4086,1.3333,935.9991,1.3915,1.5747,9.4519,0.0,10.9829,0.2922,60.0248,21.0717,21.0717,0.0,0.0,0.0,654.203,4.3463,3.9396,0.0,0.0,0.2042,0.0,4.7763,2.925,39202.0,1.25,0.0,0.0,0.0,1.1011562664066603,1.1146882622065553,1.0551,13.970677499999999,0.0
4383,2008-10-17,SZSE:002091,0.288,1.3949,1.1038,1.4086,1.3368,979.1994,1.3607,1.6474,9.8881,0.0,11.4898,0.3057,61.1695,26.2612,26.2612,0.0,0.0,0.0,697.4033,4.6334,4.1997,0.0,0.0,0.2177,0.0,4.0343,2.925,39202.0,1.25,0.0,0.0,0.0,1.0767371567854327,1.1146409635099288,1.0578248189834396,11.8003275,0.0
4384,2008-10-20,SZSE:002091,0.288,1.4496,1.1471,1.4598,1.3709,1017.5988,1.3949,1.712,10.2759,0.0,11.9404,0.3177,61.7735,30.6273,30.6274,0.0,0.0,0.0,735.8027,4.8885,4.431,0.0,0.0,0.2297,0.0,3.8929,2.925,39202.0,1.25,0.0,0.0,0.0,1.103814700607064,1.1551714817880796,1.0848229787527592,11.386732499999999,0.0
4385,2008-10-21,SZSE:002091,0.288,1.5214,1.2039,1.5932,1.4359,1067.9989,1.4633,1.7968,10.7849,0.0,12.5317,0.3334,62.4803,35.985,35.9852,0.0,0.0,0.0,786.2028,5.2233,4.7345,0.0,0.0,0.2455,0.0,7.4344,2.925,39202.0,1.25,0.0,0.0,0.0,1.1579248521098986,1.2607161035887997,1.1362429407125014,21.74562,0.0
4386,2008-10-22,SZSE:002091,0.288,1.5385,1.2174,1.5863,1.494,1079.9996,1.5248,1.817,10.906,0.0,12.6726,0.3372,62.0455,37.2282,37.2283,0.0,0.0,0.0,798.2035,5.303,4.8068,0.0,0.0,0.2492,0.0,7.4272,2.925,39202.0,1.25,0.0,0.0,0.0,1.2065593240168997,1.2552236724081898,1.1821875853103674,21.72456,0.0
4387,2008-10-23,SZSE:002091,0.288,1.5863,1.2553,1.6034,1.4701,1113.5995,1.5043,1.7368,10.0005,0.0,11.2352,0.3579,62.6273,40.7003,40.7005,0.0,0.0,0.0,878.7916,5.2854,4.886,0.0,0.0,0.2783,0.0,5.9505,2.925,39202.0,1.25,0.0,0.0,0.0,1.1904102565718968,1.268831885519763,1.163346485532371,17.405212499999998,0.0
4388,2008-10-24,SZSE:002091,-0.0221,1.641,1.2986,1.6923,1.5727,1151.9989,1.5932,1.7966,10.3453,0.0,11.6226,0.3702,62.1277,44.48,44.4802,0.0,0.0,0.0,917.191,5.5163,5.0995,0.0,0.0,0.2904,0.0,8.8986,2.925,39202.0,1.25,0.0,0.0,0.0,1.2607736258379036,1.339196087751371,1.244551017672151,26.028405,0.0
4389,2008-10-27,SZSE:002091,-0.0221,1.5248,1.2066,1.6308,1.4803,1070.3991,1.6308,1.6694,9.6125,0.0,10.7994,0.344,63.3863,38.8178,38.8179,0.0,0.0,0.0,835.5912,5.0256,4.6458,0.0,0.0,0.2646,0.0,6.0617,2.925,39202.0,1.25,0.0,0.0,0.0,1.290479590766002,1.290479590766002,1.1713863982161594,17.730472499999998,0.0
4390,2008-10-28,SZSE:002091,-0.0221,1.6171,1.2796,1.6342,1.4735,1135.1993,1.5077,1.7704,10.1944,0.0,11.4532,0.3649,65.0022,44.8245,44.8247,0.0,0.0,0.0,900.3915,5.4153,5.0061,0.0,0.0,0.2851,0.0,7.7784,2.925,39202.0,1.25,0.0,0.0,0.0,1.1930325397316184,1.2931311112485315,1.165970317234556,22.75182,0.0
4391,2008-10-29,SZSE:002091,-0.0221,1.6239,1.2851,1.7094,1.6137,1139.9989,1.6342,1.7779,10.2375,0.0,11.5016,0.3664,64.8836,45.2533,45.2535,0.0,0.0,0.0,905.191,5.4442,5.0328,0.0,0.0,0.2866,0.0,10.0868,2.925,39202.0,1.25,0.0,0.0,0.0,1.2932510745735577,1.3527618326251616,1.2770280620727876,29.50389,0.0
4392,2008-10-30,SZSE:002091,-0.0221,1.6479,1.304,1.706,1.6137,1156.7991,1.6239,1.8041,10.3884,0.0,11.6711,0.3718,64.901,46.8112,46.8113,0.0,0.0,0.0,921.9913,5.5452,5.1262,0.0,0.0,0.2919,0.0,8.3345,2.925,39202.0,1.25,0.0,0.0,0.0,1.2850085563444384,1.3499751198495056,1.2769371927908246,24.3784125,0.0
4393,2008-10-31,SZSE:002091,-0.0257,1.6068,1.2715,1.6718,1.5863,1127.9989,1.6479,1.7592,10.1298,0.0,11.3805,0.3625,64.5547,44.4747,44.4748,0.0,0.0,0.0,893.191,5.372,4.9661,0.0,0.0,0.2828,0.0,3.9486,2.925,39202.0,1.25,0.0,0.0,0.0,1.304023431665422,1.3229360841423947,1.2552778503858601,11.549655,0.0
4394,2008-11-03,SZSE:002091,-0.0257,1.5829,1.2526,1.6068,1.5248,1111.1986,1.5727,1.733,9.9789,0.0,11.211,0.3571,64.4061,43.1225,43.1226,0.0,0.0,0.0,876.3908,5.2709,4.8727,0.0,0.0,0.2775,0.0,3.1314,2.925,39202.0,1.25,0.0,0.0,0.0,1.2445284098805989,1.271512843515067,1.2066235896139996,9.159345,0.0
4395,2008-11-04,SZSE:002091,-0.0257,1.5009,1.1877,1.5761,1.494,1053.5988,1.5761,1.6432,9.4616,0.0,10.6299,0.3386,64.9975,38.7703,38.7704,0.0,0.0,0.0,818.791,4.9245,4.5524,0.0,0.0,0.2593,0.0,2.7098,2.925,39202.0,1.25,0.0,0.0,0.0,1.2472076554067562,1.2472076554067562,1.1822398560863483,7.926164999999999,0.0
4396,2008-11-05,SZSE:002091,-0.0257,1.559,1.2337,1.5829,1.5111,1094.3991,1.5316,1.7068,9.828,0.0,11.0415,0.3517,65.4101,43.1474,43.1475,0.0,0.0,0.0,859.5912,5.1699,4.7793,0.0,0.0,0.2722,0.0,3.4441,2.925,39202.0,1.25,0.0,0.0,0.0,1.2120172674791534,1.2526130404105198,1.1957947851186659,10.0739925,0.0
4397,2008-11-06,SZSE:002091,-0.0257,1.5727,1.2445,1.5966,1.5145,1103.9989,1.518,1.7218,9.9143,0.0,11.1384,0.3548,65.4655,44.1589,44.1589,0.0,0.0,0.0,869.1911,5.2276,4.8326,0.0,0.0,0.2752,0.0,2.4325,2.925,39202.0,1.25,0.0,0.0,0.0,1.2012151077764355,1.263412411775927,1.1984455077255673,7.1150625,0.0
4398,2008-11-07,SZSE:002091,-0.0239,1.6718,1.3229,1.6889,1.5282,1173.5987,1.5521,1.8303,10.5393,0.0,11.8406,0.3772,66.8695,50.9697,50.9699,0.0,0.0,0.0,938.7909,5.6462,5.2196,0.0,0.0,0.2973,0.0,8.2908,2.925,39202.0,1.25,0.0,0.0,0.0,1.228181056346453,1.3364312776647926,1.2092689197272402,24.250590000000003,0.0
4399,2008-11-10,SZSE:002091,-0.0239,1.7812,1.4095,1.7949,1.6752,1250.3989,1.6889,1.9501,11.229,0.0,12.6154,0.4019,67.668,57.1765,57.1767,0.0,0.0,0.0,1015.5911,6.1081,5.6466,0.0,0.0,0.3216,0.0,10.8135,2.925,39202.0,1.25,0.0,0.0,0.0,1.3364611217156974,1.4203410902762181,1.3256200314394793,31.629487499999996,0.0
4400,2008-11-11,SZSE:002091,-0.0239,1.7436,1.3797,1.8188,1.7128,1223.9988,1.7641,1.9089,10.9919,0.0,12.3491,0.3934,66.2513,54.617,54.6171,0.0,0.0,0.0,989.1909,5.9494,5.4998,0.0,0.0,0.3132,0.0,8.869,2.925,39202.0,1.25,0.0,0.0,0.0,1.3959215244322092,1.4392052993805917,1.3553281486579491,25.941824999999998,0.0
4401,2008-11-12,SZSE:002091,-0.0239,1.7915,1.4176,1.8291,1.7162,1257.5986,1.7436,1.9613,11.2936,0.0,12.6881,0.4042,66.5849,57.2406,57.2407,0.0,0.0,0.0,1022.7908,6.1514,5.6866,0.0,0.0,0.3239,0.0,5.1548,2.925,39202.0,1.25,0.0,0.0,0.0,1.379697102986324,1.4473525872174156,1.3580156963438457,15.077789999999998,0.0
4402,2008-11-13,SZSE:002091,-0.0239,1.9624,1.5529,1.9692,1.7641,1377.5985,1.7778,2.1485,12.3713,0.0,13.8987,0.4428,69.4088,65.0185,65.0187,0.0,0.0,0.0,1142.7906,6.8732,6.3538,0.0,0.0,0.3618,0.0,19.1682,2.925,39202.0,1.25,0.0,0.0,0.0,1.4068210456583776,1.5582810232368527,1.3959798664900123,56.066984999999995,0.0
4403,2008-11-14,SZSE:002091,-0.0981,2.0855,1.6503,2.0957,1.9385,1463.9992,1.9624,2.2832,13.1472,0.0,14.7705,0.4705,70.6263,69.3425,69.3427,0.0,0.0,0.0,1229.1914,7.3928,6.8342,0.0,0.0,0.3892,0.0,13.8519,2.925,39202.0,1.25,0.0,0.0,0.0,1.5528883816830497,1.6583714744665548,1.533975809158475,40.5168075,0.0
4404,2008-11-17,SZSE:002091,-0.0981,2.0855,1.6503,2.1128,2.0239,1463.9992,2.0684,2.2832,13.1472,0.0,14.7705,0.4705,70.6231,69.3425,69.3427,0.0,0.0,0.0,1229.1914,7.3928,6.8342,0.0,0.0,0.3892,0.0,9.9511,2.925,39202.0,1.25,0.0,0.0,0.0,1.6367684104531288,1.671903064013426,1.601554624790218,29.1069675,0.0
4405,2008-11-18,SZSE:002091,-0.0981,1.8803,1.488,2.0786,1.8769,1319.9987,2.0684,2.0587,11.854,0.0,13.3176,0.4242,72.9411,55.9698,55.9699,0.0,0.0,0.0,1085.1908,6.5267,6.0336,0.0,0.0,0.3436,0.0,11.2671,2.925,39202.0,1.25,0.0,0.0,0.0,1.636855395415625,1.6449272988352919,1.4853093655267777,32.956267499999996,0.0
4406,2008-11-19,SZSE:002091,-0.0981,2.0581,1.6286,2.0581,1.8496,1444.7988,1.8769,2.2533,12.9747,0.0,14.5767,0.4644,75.4093,62.686,62.6862,0.0,0.0,0.0,1209.991,7.2773,6.7275,0.0,0.0,0.3831,0.0,7.8034,2.925,39202.0,1.25,0.0,0.0,0.0,1.4852141975608573,1.6286,1.4636113697099267,22.824945,0.0
4407,2008-11-20,SZSE:002091,-0.0981,2.0547,1.6259,2.1265,2.0,1442.3994,2.0274,2.2496,12.9532,0.0,14.5525,0.4636,73.2905,62.4887,62.4888,0.0,0.0,0.0,1207.5916,7.2629,6.7141,0.0,0.0,0.3824,0.0,10.7158,2.925,39202.0,1.25,0.0,0.0,0.0,1.6042972988757482,1.6827158952645156,1.5826154669781476,31.343714999999996,0.0
4408,2008-11-21,SZSE:002091,-0.0677,1.9863,1.5718,2.0615,1.9145,1394.3995,1.9829,2.1747,12.5221,0.0,14.0683,0.4482,72.9237,58.5195,58.5195,0.0,0.0,0.0,1159.5916,6.9742,6.4472,0.0,0.0,0.3672,0.0,6.1589,2.925,39202.0,1.25,0.0,0.0,0.0,1.5691095101444898,1.6313073050395208,1.5149831848159896,18.0147825,0.0
4409,2008-11-24,SZSE:002091,-0.0677,1.8803,1.488,2.0342,1.8735,1319.9987,2.0,2.0587,11.854,0.0,13.3176,0.4242,73.6763,52.9096,52.9096,0.0,0.0,0.0,1085.1908,6.5267,6.0336,0.0,0.0,0.3436,0.0,4.7877,2.925,39202.0,1.25,0.0,0.0,0.0,1.5827261607190342,1.6097907780673293,1.4826187310535552,14.0040225,0.0
4410,2008-11-25,SZSE:002091,-0.0677,1.9248,1.5231,1.9487,1.8838,1351.1991,1.9419,2.1073,12.1342,0.0,13.6324,0.4343,73.8629,54.8637,54.8637,0.0,0.0,0.0,1116.3912,6.7144,6.207,0.0,0.0,0.3535,0.0,3.6118,2.925,39202.0,1.25,0.0,0.0,0.0,1.5366312811720695,1.542012141521197,1.490656577306733,10.564515,0.0
4411,2008-11-26,SZSE:002091,-0.0677,1.9385,1.534,1.9487,1.8974,1360.7989,1.935,2.1223,12.2204,0.0,13.7293,0.4374,73.4297,55.4759,55.4759,0.0,0.0,0.0,1125.9911,6.7721,6.2604,0.0,0.0,0.3565,0.0,1.5453,2.925,39202.0,1.25,0.0,0.0,0.0,1.5312303327314936,1.5420716017539335,1.5014761929326799,4.5200024999999995,0.0
4412,2008-11-27,SZSE:002091,-0.0677,1.9556,1.5475,2.0855,1.9487,1372.7989,2.0786,2.141,12.3282,0.0,13.8503,0.4412,73.4676,56.2743,56.2743,0.0,0.0,0.0,1137.9911,6.8443,6.3271,0.0,0.0,0.3603,0.0,7.5859,2.925,39202.0,1.25,0.0,0.0,0.0,1.6448320208631624,1.650292109838413,1.5420399110247496,22.188757499999998,0.0
4413,2008-11-28,SZSE:002091,-0.1145,1.8564,1.469,1.9453,1.8291,1303.1991,1.9453,2.0325,11.7031,0.0,13.1481,0.4188,74.1507,50.6062,50.6063,0.0,0.0,0.0,1068.3913,6.4257,5.9402,0.0,0.0,0.3383,0.0,5.9796,2.925,39202.0,1.25,0.0,0.0,0.0,1.5393480392156864,1.5393480392156864,1.4473970588235294,17.490329999999997,0.0
4414,2008-12-01,SZSE:002091,-0.1145,2.0171,1.5962,2.0274,1.8291,1416.0,1.8598,2.2084,12.7161,0.0,14.2862,0.4551,75.8188,57.9913,57.9913,0.0,0.0,0.0,1181.1922,7.1041,6.5673,0.0,0.0,0.374,0.0,12.2971,2.925,39202.0,1.25,0.0,0.0,0.0,1.4717231470923602,1.6043507411630558,1.4474291904218928,35.9690175,0.0
4415,2008-12-02,SZSE:002091,-0.1145,2.1436,1.6963,2.1675,1.959,1504.7995,1.9692,2.3469,13.5136,0.0,15.1821,0.4836,76.9034,62.717,62.7171,0.0,0.0,0.0,1269.9916,7.6382,7.0611,0.0,0.0,0.4021,0.0,23.9301,2.925,39202.0,1.25,0.0,0.0,0.0,1.5582916402313864,1.7152128428811344,1.5502200503825339,69.9955425,0.0
4416,2008-12-03,SZSE:002091,-0.1145,2.3453,1.8559,2.359,2.1539,1646.3992,2.1778,2.5677,14.7852,0.0,16.6107,0.5291,78.8593,68.7534,68.7535,0.0,0.0,0.0,1411.5914,8.4898,7.8483,0.0,0.0,0.447,0.0,34.6928,2.925,39202.0,1.25,0.0,0.0,0.0,1.723352671300047,1.866741184496653,1.7044399479810688,101.47643999999998,0.0
4417,2008-12-04,SZSE:002091,-0.1145,2.4547,1.9425,2.506,2.318,1723.1987,2.3863,2.6875,15.4749,0.0,17.3855,0.5538,79.3542,71.453,71.4531,0.0,0.0,0.0,1488.3909,8.9517,8.2753,0.0,0.0,0.4713,0.0,36.2597,2.925,39202.0,1.25,0.0,0.0,0.0,1.8883724080335682,1.9830956939748237,1.8343239499735202,106.0596225,0.0
4418,2008-12-05,SZSE:002091,-0.2057,2.5231,1.9966,2.5641,2.3966,1771.1994,2.465,2.7623,15.9059,0.0,17.8698,0.5693,79.2135,73.0219,73.022,0.0,0.0,0.0,1536.3915,9.2404,8.5422,0.0,0.0,0.4865,0.0,21.3368,2.925,39202.0,1.25,0.0,0.0,0.0,1.9506238357575998,2.029044453251952,1.8964969917958066,62.41014,0.0
4419,2008-12-08,SZSE:002091,-0.2057,2.6188,2.0723,2.6598,2.4513,1838.399,2.547,2.8672,16.5094,0.0,18.5478,0.5909,78.7613,75.0862,75.0863,0.0,0.0,0.0,1603.5912,9.6446,8.9158,0.0,0.0,0.5078,0.0,15.4758,2.925,39202.0,1.25,0.0,0.0,0.0,2.0154834657094853,2.1047439819764775,1.9397544638765847,45.266715,0.0
4420,2008-12-09,SZSE:002091,-0.2057,2.5128,1.9885,2.5949,2.4615,1763.9989,2.5641,2.7511,15.8413,0.0,17.7972,0.5669,79.2435,68.8086,68.8086,0.0,0.0,0.0,1529.1911,9.1971,8.5022,0.0,0.0,0.4842,0.0,13.7861,2.925,39202.0,1.25,0.0,0.0,0.0,2.029096167621776,2.0534696951607767,1.9479038323782234,40.32434249999999,0.0
4421,2008-12-10,SZSE:002091,-0.2057,2.6906,2.1291,2.7282,2.4444,1888.7984,2.4547,2.9458,16.962,0.0,19.0563,0.6071,80.3582,72.9013,72.9013,0.0,0.0,0.0,1653.9906,9.9477,9.1961,0.0,0.0,0.5237,0.0,13.5837,2.925,39202.0,1.25,0.0,0.0,0.0,1.9424298557942468,2.158853274362596,1.9342793577640676,39.732322499999995,0.0
4422,2008-12-11,SZSE:002091,-0.2057,2.5812,2.0426,2.6735,2.5641,1811.9989,2.6359,2.826,16.2723,0.0,18.2815,0.5824,80.6333,67.0692,67.0692,0.0,0.0,0.0,1577.1911,9.4858,8.7691,0.0,0.0,0.4994,0.0,6.1801,2.925,39202.0,1.25,0.0,0.0,0.0,2.085886153726949,2.115640438555711,2.0290681311018135,18.0767925,0.0
4423,2008-12-12,SZSE:002091,-0.1988,2.4205,1.9154,2.5607,2.3658,1699.1994,2.5607,2.6501,15.2593,0.0,17.1434,0.5461,81.8318,59.5356,59.5356,0.0,0.0,0.0,1464.3916,8.8074,8.1419,0.0,0.0,0.4637,0.0,9.8952,2.925,39202.0,1.25,0.0,0.0,0.0,2.0263436397438546,2.0263436397438546,1.8721145713695517,28.94346,0.0
4424,2008-12-15,SZSE:002091,-0.1988,2.441,1.9316,2.4957,2.3111,1713.5989,2.4547,2.6725,15.3887,0.0,17.2887,0.5507,81.1409,60.151,60.151,0.0,0.0,0.0,1478.791,8.894,8.222,0.0,0.0,0.4682,0.0,9.2906,2.925,39202.0,1.25,0.0,0.0,0.0,1.9424410159770586,1.974884932404752,1.8288081769766493,27.175004999999995,0.0
4425,2008-12-16,SZSE:002091,-0.1988,2.465,1.9506,2.4718,2.3248,1730.3991,2.3932,2.6987,15.5395,0.0,17.4582,0.5561,80.0768,60.8981,60.8981,0.0,0.0,0.0,1495.5913,8.995,8.3154,0.0,0.0,0.4736,0.0,7.8904,2.925,39202.0,1.25,0.0,0.0,0.0,1.8937833346855986,1.9559809655172415,1.8396571521298177,23.07942,0.0
4426,2008-12-17,SZSE:002091,-0.1988,2.441,1.9316,2.5368,2.4274,1713.5989,2.4923,2.6725,15.3887,0.0,17.2887,0.5507,79.8554,59.6928,59.6928,0.0,0.0,0.0,1478.791,8.894,8.222,0.0,0.0,0.4682,0.0,6.7515,2.925,39202.0,1.25,0.0,0.0,0.0,1.9721944612863584,2.007407980335928,1.9208381155264236,19.7481375,0.0
4427,2008-12-18,SZSE:002091,-0.1988,2.4513,1.9398,2.4821,2.359,1720.7993,2.441,2.6837,15.4533,0.0,17.3613,0.5531,79.4016,60.0577,60.0577,0.0,0.0,0.0,1485.9914,8.9373,8.262,0.0,0.0,0.4705,0.0,12.6424,2.925,39202.0,1.25,0.0,0.0,0.0,1.931649247338147,1.9641731244645697,1.8667597601272794,36.97902,0.0
4428,2008-12-19,SZSE:002091,-0.1799,2.5128,1.9885,2.6393,2.359,1763.9989,2.441,2.7511,15.8413,0.0,17.7972,0.5669,77.2623,62.2647,62.2648,0.0,0.0,0.0,1529.1911,9.1971,8.5022,0.0,0.0,0.4842,0.0,19.7242,2.925,39202.0,1.25,0.0,0.0,0.0,1.931681192295447,2.08860555953518,1.8667906319643424,57.693284999999996,0.0
4429,2008-12-22,SZSE:002091,-0.1799,2.5402,2.0101,2.5983,2.4444,1783.1993,2.4615,2.7811,16.0137,0.0,17.9909,0.5731,77.226,63.2371,63.2371,0.0,0.0,0.0,1548.3915,9.3126,8.6089,0.0,0.0,0.4903,0.0,11.7031,2.925,39202.0,1.25,0.0,0.0,0.0,1.947823458782773,2.0560754389418157,1.9342919612628926,34.2315675,0.0
4430,2008-12-23,SZSE:002091,-0.1799,2.6427,2.0913,2.7932,2.5402,1855.1993,2.547,2.8934,16.6603,0.0,18.7173,0.5963,74.1206,66.7019,66.7019,0.0,0.0,0.0,1620.3914,9.7456,9.0092,0.0,0.0,0.5131,0.0,29.2286,2.925,39202.0,1.25,0.0,0.0,0.0,2.0155678283573617,2.210398138267681,2.010186650017028,85.49365499999999,0.0
4431,2008-12-24,SZSE:002091,-0.1799,2.8923,2.2888,2.906,2.5402,2030.3995,2.5675,3.1666,18.2336,0.0,20.4849,0.6526,75.9927,73.297,73.297,0.0,0.0,0.0,1795.5917,10.7994,9.9833,0.0,0.0,0.5685,0.0,34.3257,2.925,39202.0,1.25,0.0,0.0,0.0,2.0317719462019848,2.2996413926632786,2.0101682951284445,100.40267249999998,0.0
4432,2008-12-25,SZSE:002091,-0.1799,2.8034,2.2184,2.8581,2.7214,1967.9987,2.8376,3.0693,17.6732,0.0,19.8554,0.6325,76.4164,68.1218,68.1218,0.0,0.0,0.0,1733.1909,10.4241,9.6364,0.0,0.0,0.5488,0.0,29.4147,2.925,39202.0,1.25,0.0,0.0,0.0,2.245463308839267,2.2616854676464295,2.153511364771349,86.03799749999999,0.0
4433,2008-12-26,SZSE:002091,-0.2254,2.988,2.3645,3.0256,2.7692,2097.5985,2.8,3.2714,18.8371,0.0,21.1629,0.6742,77.2687,72.4695,72.4695,0.0,0.0,0.0,1862.7906,11.2035,10.357,0.0,0.0,0.5898,0.0,29.5172,2.925,39202.0,1.25,0.0,0.0,0.0,2.2157295850066934,2.394254082998661,2.19135655957162,86.33780999999999,0.0
4434,2008-12-29,SZSE:002091,-0.2254,3.0188,2.3889,3.0598,2.906,2119.1997,2.9744,3.3051,19.0311,0.0,21.3808,0.6811,76.6236,73.1273,73.1273,0.0,0.0,0.0,1884.3919,11.3334,10.4771,0.0,0.0,0.5967,0.0,15.9898,2.925,39202.0,1.25,0.0,0.0,0.0,2.353764462700411,2.421344978137008,2.2996367430767193,46.770165,0.0
4435,2008-12-30,SZSE:002091,-0.2254,2.9915,2.3672,3.0427,2.9128,2099.9986,2.9744,3.2751,18.8586,0.0,21.1871,0.6749,76.0733,71.492,71.492,0.0,0.0,0.0,1865.1908,11.218,10.3703,0.0,0.0,0.5906,0.0,11.4431,2.925,39202.0,1.25,0.0,0.0,0.0,2.3536686210930973,2.407715005849908,2.3049240046799264,33.4710675,0.0
4436,2008-12-31,SZSE:002091,-0.2254,3.0154,2.3861,3.094,2.9402,2116.7989,2.988,3.3013,19.0095,0.0,21.3566,0.6803,75.4567,72.0803,72.0803,0.0,0.0,0.0,1881.991,11.319,10.4637,0.0,0.0,0.5959,0.0,11.6562,2.925,39202.0,1.25,0.0,0.0,0.0,2.364418252968097,2.4482965444053852,2.326593891357697,34.094384999999996,0.0
4437,2009-01-01,SZSE:002091,-0.2254,0.0,2.3861,0.0,0.0,2116.7989,0.0,3.3013,19.0095,0.0,21.3566,0.6803,75.4567,72.0803,72.0803,0.0,0.0,0.0,1881.991,11.319,10.4637,0.0,0.0,0.5959,0.0,0.0,2.925,39202.0,1.25,0.0,0.0,0.0,0.0,0.0,0.0,0.0,0.0
4438,2009-01-02,SZSE:002091,-0.2156,0.0,2.3861,0.0,0.0,2116.7989,0.0,3.3013,19.0095,0.0,21.3566,0.6803,75.4567,72.0803,72.0803,0.0,0.0,0.0,1881.991,11.319,10.4637,0.0,0.0,0.5959,0.0,0.0,2.925,39202.0,1.25,0.0,0.0,0.0,0.0,0.0,0.0,0.0,0.0
4439,2009-01-05,SZSE:002091,-0.2156,3.1282,2.4754,3.135,2.9333,2195.9992,3.0086,3.4249,19.7208,0.0,22.1557,0.7058,75.0693,74.7281,74.7281,0.0,0.0,0.0,1961.1914,11.7953,10.9041,0.0,0.0,0.621,0.0,10.9726,2.925,39202.0,1.25,0.0,0.0,0.0,2.380758404194105,2.4807809602966557,2.3211721820855447,32.094854999999995,0.0
4440,2009-01-06,SZSE:002091,-0.2156,3.135,2.4808,3.1624,3.0359,2200.7995,3.1111,3.4323,19.7639,0.0,22.2041,0.7073,75.0614,74.8835,74.8836,0.0,0.0,0.0,1965.9916,11.8242,10.9308,0.0,0.0,0.6225,0.0,15.3978,2.925,39202.0,1.25,0.0,0.0,0.0,2.4618873620414674,2.5024822711323766,2.4023798149920252,45.038565,0.0
4441,2009-01-07,SZSE:002091,-0.2156,3.159,2.4998,3.2479,3.0564,2217.5983,3.159,3.4585,19.9147,0.0,22.3736,0.7127,74.9555,75.4527,75.4527,0.0,0.0,0.0,1982.7905,11.9252,11.0242,0.0,0.0,0.6278,0.0,8.8943,2.925,39202.0,1.25,0.0,0.0,0.0,2.4998,2.570148914213359,2.418609914529915,26.015827499999997,0.0
4442,2009-01-08,SZSE:002091,-0.2156,3.1111,2.4619,3.1453,3.0769,2183.9992,3.1453,3.4061,19.613,0.0,22.0346,0.7019,74.7657,71.9414,71.9414,0.0,0.0,0.0,1949.1914,11.7232,10.8374,0.0,0.0,0.6172,0.0,3.9443,2.925,39202.0,1.25,0.0,0.0,0.0,2.488963411655042,2.488963411655042,2.4348365883449588,11.5370775,0.0
4443,2009-01-09,SZSE:002091,-0.2194,3.4188,2.7054,3.4222,3.0564,2399.999,3.1009,3.743,21.5527,0.0,24.2139,0.7713,76.486,78.7786,78.7786,0.0,0.0,0.0,2165.1912,13.0223,12.0383,0.0,0.0,0.6856,0.0,19.3836,2.925,39202.0,1.25,0.0,0.0,0.0,2.4538361003861007,2.7080905229905228,2.4186219024219024,56.69703,0.0
4444,2009-01-12,SZSE:002091,-0.2194,3.5897,2.8407,3.7128,3.4222,2519.9989,3.4222,3.9302,22.6304,0.0,25.4245,0.8099,73.2352,81.4788,81.4788,0.0,0.0,0.0,2285.191,13.744,12.7055,0.0,0.0,0.7236,0.0,20.8437,2.925,39202.0,1.25,0.0,0.0,0.0,2.70814929938435,2.9381148731091735,2.70814929938435,60.96782249999999,0.0
4445,2009-01-13,SZSE:002091,-0.2194,3.6513,2.8893,3.788,3.5214,2563.1993,3.6444,3.9975,23.0183,0.0,25.8604,0.8238,72.4557,82.3495,82.3495,0.0,0.0,0.0,2328.3914,14.0038,12.9457,0.0,0.0,0.7372,0.0,9.9694,2.925,39202.0,1.25,0.0,0.0,0.0,2.8838399802809955,2.997471695012735,2.7865091939857036,29.160494999999997,0.0
4446,2009-01-14,SZSE:002091,-0.2194,3.9316,3.1112,4.0171,3.5214,2759.9986,3.6855,4.3045,24.7856,0.0,27.8459,0.887,72.4778,85.6573,85.6574,0.0,0.0,0.0,2525.1908,15.1874,14.0399,0.0,0.0,0.7996,0.0,15.0494,2.925,39202.0,1.25,0.0,0.0,0.0,2.916453250585004,3.178858866619188,2.786595706582562,44.019495,0.0
4447,2009-01-15,SZSE:002091,-0.2194,3.9521,3.1274,4.041,3.8735,2774.3995,3.8838,4.3269,24.915,0.0,27.9912,0.8917,71.9323,85.8661,85.8661,0.0,0.0,0.0,2539.5916,15.274,14.1199,0.0,0.0,0.8041,0.0,9.5584,2.925,39202.0,1.25,0.0,0.0,0.0,3.073352425292882,3.197748892993599,3.065201766149642,27.95832,0.0
4448,2009-01-16,SZSE:002091,-0.2166,3.7607,2.9759,4.041,3.7265,2639.9988,3.9316,4.1173,23.708,0.0,26.6352,0.8485,70.4998,74.9088,74.9088,0.0,0.0,0.0,2405.1909,14.4657,13.3727,0.0,0.0,0.7616,0.0,16.2364,2.925,39202.0,1.25,0.0,0.0,0.0,3.1111358098226396,3.1977057196798473,2.948837011726541,47.49147,0.0
4449,2009-01-19,SZSE:002091,-0.2166,3.7573,2.9732,3.8803,3.6513,2637.5986,3.7436,4.1136,23.6865,0.0,26.611,0.8477,70.337,74.7254,74.7254,0.0,0.0,0.0,2402.7908,14.4513,13.3593,0.0,0.0,0.7608,0.0,9.7304,2.925,39202.0,1.25,0.0,0.0,0.0,2.962359013121124,3.070531488036622,2.8893208314481145,28.461419999999997,0.0
4450,2009-01-20,SZSE:002091,-0.2166,3.7949,3.003,3.8291,3.6034,2663.9987,3.6991,4.1547,23.9235,0.0,26.8774,0.8562,70.1931,75.4377,75.4377,0.0,0.0,0.0,2429.1909,14.6101,13.5061,0.0,0.0,0.7692,0.0,12.3693,2.925,39202.0,1.25,0.0,0.0,0.0,2.927191045877362,3.030063321826662,2.851461224274684,36.1802025,0.0
4451,2009-01-21,SZSE:002091,-0.2166,4.041,3.1978,4.041,3.6786,2836.7989,3.6923,4.4242,25.4753,0.0,28.6208,0.9117,70.5251,79.5084,79.5084,0.0,0.0,0.0,2601.991,15.6493,14.4669,0.0,0.0,0.8239,0.0,20.4334,2.925,39202.0,1.25,0.0,0.0,0.0,2.9218601682751792,3.1978,2.9110188270230135,59.767694999999996,0.0
4452,2009-01-22,SZSE:002091,-0.2166,4.0684,3.2194,4.2735,3.9897,2855.9993,4.0342,4.4542,25.6478,0.0,28.8145,0.9179,70.5393,79.9069,79.9069,0.0,0.0,0.0,2621.1914,15.7648,14.5736,0.0,0.0,0.83,0.0,14.9337,2.925,39202.0,1.25,0.0,0.0,0.0,3.1923369088585196,3.381699415003441,3.1571232376364176,43.6810725,0.0
4453,2009-01-23,SZSE:002091,-0.2296,4.0342,3.1924,4.1197,3.8701,2831.9993,4.0,4.4168,25.4322,0.0,28.5724,0.9102,70.6231,77.8686,77.8686,0.0,0.0,0.0,2597.1914,15.6205,14.4402,0.0,0.0,0.8224,0.0,10.7446,2.925,39202.0,1.25,0.0,0.0,0.0,3.1653363740022806,3.260059064994299,3.062542075256556,31.427954999999997,0.0
4454,2009-01-26,SZSE:002091,-0.2296,0.0,3.1924,0.0,0.0,2831.9993,0.0,4.4168,25.4322,0.0,28.5724,0.9102,70.6231,77.8686,77.8686,0.0,0.0,0.0,2597.1914,15.6205,14.4402,0.0,0.0,0.8224,0.0,0.0,2.925,39202.0,1.25,0.0,0.0,0.0,0.0,0.0,0.0,0.0,0.0
4455,2009-01-27,SZSE:002091,-0.2296,0.0,3.1924,0.0,0.0,2831.9993,0.0,4.4168,25.4322,0.0,28.5724,0.9102,70.6231,77.8686,77.8686,0.0,0.0,0.0,2597.1914,15.6205,14.4402,0.0,0.0,0.8224,0.0,0.0,2.925,39202.0,1.25,0.0,0.0,0.0,0.0,0.0,0.0,0.0,0.0
4456,2009-01-28,SZSE:002091,-0.2296,0.0,3.1924,0.0,0.0,2831.9993,0.0,4.4168,25.4322,0.0,28.5724,0.9102,70.6231,77.8686,77.8686,0.0,0.0,0.0,2597.1914,15.6205,14.4402,0.0,0.0,0.8224,0.0,0.0,2.925,39202.0,1.25,0.0,0.0,0.0,0.0,0.0,0.0,0.0,0.0
4457,2009-01-29,SZSE:002091,-0.2296,0.0,3.1924,0.0,0.0,2831.9993,0.0,4.4168,25.4322,0.0,28.5724,0.9102,70.6231,77.8686,77.8686,0.0,0.0,0.0,2597.1914,15.6205,14.4402,0.0,0.0,0.8224,0.0,0.0,2.925,39202.0,1.25,0.0,0.0,0.0,0.0,0.0,0.0,0.0,0.0
4458,2009-01-30,SZSE:002091,-0.2095,0.0,3.1924,0.0,0.0,2831.9993,0.0,4.4168,25.4322,0.0,28.5724,0.9102,70.6231,77.8686,77.8686,0.0,0.0,0.0,2597.1914,15.6205,14.4402,0.0,0.0,0.8224,0.0,0.0,2.925,39202.0,1.25,0.0,0.0,0.0,0.0,0.0,0.0,0.0,0.0
4459,2009-02-02,SZSE:002091,-0.2095,4.4342,3.5089,4.4376,3.9556,3112.7993,4.0342,4.8547,27.9539,0.0,31.4054,1.0004,71.8912,83.2517,83.2517,0.0,0.0,0.0,2877.9914,17.3093,16.0014,0.0,0.0,0.9113,0.0,14.1392,2.925,39202.0,1.25,0.0,0.0,0.0,3.1923693969599936,3.51159051012584,3.1301711334626314,41.35716,0.0
4460,2009-02-03,SZSE:002091,-0.2095,4.4444,3.517,4.5197,4.3487,3119.999,4.3897,4.8659,28.0186,0.0,31.478,1.0028,71.6446,83.3634,83.3634,0.0,0.0,0.0,2885.1912,17.3526,16.0414,0.0,0.0,0.9135,0.0,10.2383,2.925,39202.0,1.25,0.0,0.0,0.0,3.4737140896408967,3.576587368373684,3.441269440194402,29.9470275,0.0
4461,2009-02-04,SZSE:002091,-0.2095,4.5812,3.6252,4.7829,4.5162,3215.9989,4.5162,5.0156,28.8807,0.0,32.4466,1.0336,70.1377,84.8178,84.8178,0.0,0.0,0.0,2981.1911,17.93,16.5752,0.0,0.0,0.9439,0.0,15.1686,2.925,39202.0,1.25,0.0,0.0,0.0,3.573764131668559,3.7848094560377192,3.573764131668559,44.368154999999994,0.0
4462,2009-02-05,SZSE:002091,-0.2095,4.4821,3.5468,4.7111,4.3863,3146.3991,4.5812,4.9071,28.2556,0.0,31.7444,1.0112,70.5172,79.3983,79.3983,0.0,0.0,0.0,2911.5913,17.5114,16.1882,0.0,0.0,0.9219,0.0,16.6251,2.925,39202.0,1.25,0.0,0.0,0.0,3.6252203565293057,3.7280135382967807,3.470991017603356,48.6284175,0.0
4463,2009-02-06,SZSE:002091,-0.1555,4.6188,3.655,4.6496,4.4957,3242.399,4.4957,5.0568,29.1177,0.0,32.7129,1.0421,70.5346,81.1842,81.1841,0.0,0.0,0.0,3007.5912,18.0888,16.722,0.0,0.0,0.9523,0.0,10.685,2.925,39202.0,1.25,0.0,0.0,0.0,3.5575871438468862,3.67937299731532,3.5575871438468862,31.253625,0.0
4464,2009-02-09,SZSE:002091,-0.1555,5.0256,3.9769,5.0598,4.5846,3527.9993,4.6325,5.5022,31.6825,0.0,35.5944,1.1339,71.303,85.274,85.2739,0.0,0.0,0.0,3293.1914,19.8065,18.3099,0.0,0.0,1.0427,0.0,19.1068,2.925,39202.0,1.25,0.0,0.0,0.0,3.6658288065106657,4.0039634312320915,3.6279241762177654,55.887389999999996,0.0
4465,2009-02-10,SZSE:002091,-0.1555,5.5282,4.3746,5.5282,4.9231,3880.7992,4.988,6.0525,34.8508,0.0,39.1538,1.2473,72.4604,88.577,88.577,0.0,0.0,0.0,3645.9914,21.9283,20.2714,0.0,0.0,1.1544,0.0,31.798,2.925,39202.0,1.25,0.0,0.0,0.0,3.947126514959662,4.3746,3.8957695560942076,93.00914999999999,0.0
4466,2009-02-11,SZSE:002091,-0.1555,5.4598,4.3205,5.8051,5.3675,3832.7986,5.4359,5.9776,34.4197,0.0,38.6695,1.2318,72.2691,85.7586,85.7586,0.0,0.0,0.0,3597.9907,21.6397,20.0045,0.0,0.0,1.1392,0.0,30.498,2.925,39202.0,1.25,0.0,0.0,0.0,4.3015872284699075,4.59374602549544,4.247460300743616,89.20665,0.0
4467,2009-02-12,SZSE:002091,-0.1555,5.6889,4.5018,5.7265,5.0598,3993.5987,5.4017,6.2284,35.8638,0.0,40.2919,1.2835,72.3909,87.225,87.225,0.0,0.0,0.0,3758.7908,22.6068,20.8986,0.0,0.0,1.1902,0.0,27.9257,2.925,39202.0,1.25,0.0,0.0,0.0,4.274529884511944,4.531554026261667,4.003973991457048,81.6826725,0.0
4468,2009-02-13,SZSE:002091,-0.1481,5.6718,4.4882,5.8051,5.4872,3981.5987,5.6068,6.2097,35.756,0.0,40.1708,1.2797,70.9599,86.5091,86.5092,0.0,0.0,0.0,3746.7909,22.5346,20.8319,0.0,0.0,1.1864,0.0,18.2358,2.925,39202.0,1.25,0.0,0.0,0.0,4.436764300574773,4.5936827497443495,4.342122613632356,53.339715,0.0
4469,2009-02-16,SZSE:002091,-0.1481,5.4154,4.2853,5.7744,5.2923,3801.5996,5.641,5.9289,34.1395,0.0,38.3548,1.2218,71.594,76.3821,76.3821,0.0,0.0,0.0,3566.7917,21.452,19.8311,0.0,0.0,1.1294,0.0,22.9557,2.925,39202.0,1.25,0.0,0.0,0.0,4.463821195110241,4.5693829301621305,4.187888833696495,67.1454225,0.0
4470,2009-02-17,SZSE:002091,-0.1481,4.8957,3.8741,5.3675,4.8786,3436.799,5.3675,5.36,30.8635,0.0,34.6742,1.1046,75.482,60.838,60.838,0.0,0.0,0.0,3201.9911,19.258,17.8028,0.0,0.0,1.0139,0.0,30.7073,2.925,39202.0,1.25,0.0,0.0,0.0,4.247448117735972,4.247448117735972,3.860568306881549,89.81885249999999,0.0
4471,2009-02-18,SZSE:002091,-0.1481,4.9709,3.9336,5.118,4.8034,3489.5992,4.8547,5.4423,31.3377,0.0,35.207,1.1215,71.3236,62.042,62.042,0.0,0.0,0.0,3254.7913,19.5755,18.0964,0.0,0.0,1.0306,0.0,29.9113,2.925,39202.0,1.25,0.0,0.0,0.0,3.8416479752157557,4.05000398318212,3.8010529763221954,87.49055249999999,0.0
4472,2009-02-19,SZSE:002091,-0.1481,4.9744,3.9363,5.0325,4.7419,3491.9986,5.0188,5.4461,31.3592,0.0,35.2312,1.1223,69.6903,62.0991,62.0991,0.0,0.0,0.0,3257.1908,19.59,18.1097,0.0,0.0,1.0313,0.0,20.4273,2.925,39202.0,1.25,0.0,0.0,0.0,3.9714342312640714,3.982275199018977,3.752320072772596,59.749852499999996,0.0
4473,2009-02-20,SZSE:002091,-0.1211,5.1453,4.0716,5.2615,4.8342,3611.9992,4.9539,5.6332,32.4369,0.0,36.4419,1.1609,69.7092,64.9363,64.9363,0.0,0.0,0.0,3377.1914,20.3117,18.7769,0.0,0.0,1.0693,0.0,26.035,2.925,39202.0,1.25,0.0,0.0,0.0,3.920140563232465,4.163551862865139,3.8254190659436773,76.15237499999999,0.0
4474,2009-02-23,SZSE:002091,-0.1211,5.2957,4.1906,5.4017,5.0086,3717.599,5.1282,5.7979,33.3852,0.0,37.5073,1.1948,68.9835,67.2591,67.2591,0.0,0.0,0.0,3482.7911,20.9468,19.364,0.0,0.0,1.1028,0.0,24.6961,2.925,39202.0,1.25,0.0,0.0,0.0,4.05805368884189,4.274480053628415,3.9634116660686973,72.2360925,0.0
4475,2009-02-24,SZSE:002091,-0.1211,4.9915,3.9499,5.2991,4.9265,3503.9986,5.2239,5.4648,31.467,0.0,35.3522,1.1262,69.1827,58.7774,58.7774,0.0,0.0,0.0,3269.1908,19.6621,18.1764,0.0,0.0,1.0351,0.0,21.5477,2.925,39202.0,1.25,0.0,0.0,0.0,4.133803988780928,4.193311647801262,3.898463858559551,63.027022499999994,0.0
4476,2009-02-25,SZSE:002091,-0.1211,4.8479,3.8362,5.1145,4.7248,3403.1991,5.0633,5.3076,30.5618,0.0,34.3353,1.0938,69.8025,55.2374,55.2374,0.0,0.0,0.0,3168.3913,19.0559,17.616,0.0,0.0,1.0032,0.0,11.5934,2.925,39202.0,1.25,0.0,0.0,0.0,4.006648540605211,4.047163699746282,3.738789529486994,33.910695,0.0
4477,2009-02-26,SZSE:002091,-0.1211,4.4957,3.5576,5.0222,4.3624,3155.999,4.8581,4.9221,28.3418,0.0,31.8412,1.0143,72.2612,47.657,47.657,0.0,0.0,0.0,2921.1911,17.5691,16.2416,0.0,0.0,0.9249,0.0,17.6936,2.925,39202.0,1.25,0.0,0.0,0.0,3.8443794203349864,3.9742373201058787,3.452115185621816,51.75378,0.0
4478,2009-02-27,SZSE:002091,-0.1317,4.5299,3.5846,4.6427,4.3932,3179.9989,4.5641,4.9595,28.5574,0.0,32.0834,1.022,72.266,48.3974,48.3974,0.0,0.0,0.0,2945.1911,17.7135,16.375,0.0,0.0,0.9325,0.0,17.6914,2.925,39202.0,1.25,0.0,0.0,0.0,3.611663140466677,3.6738608843462326,3.4764265701229613,51.747345,0.0
4479,2009-03-02,SZSE:002091,-0.1317,4.6291,3.6631,4.6803,4.2325,3249.5987,4.5128,5.068,29.1824,0.0,32.7856,1.0444,70.0429,50.5806,50.5806,0.0,0.0,0.0,3014.7909,18.1321,16.762,0.0,0.0,0.9546,0.0,13.6022,2.925,39202.0,1.25,0.0,0.0,0.0,3.5710694692272797,3.7036155905035533,3.3492624376228637,39.786435,0.0
4480,2009-03-03,SZSE:002091,-0.1317,4.8581,3.8443,4.9231,4.4103,3410.3988,4.4444,5.3188,30.6264,0.0,34.4079,1.0961,68.5408,55.2874,55.2874,0.0,0.0,0.0,3175.591,19.0992,17.656,0.0,0.0,1.0055,0.0,18.501,2.925,39202.0,1.25,0.0,0.0,0.0,3.5169319116527036,3.895735643564356,3.489947981721249,54.115425,0.0
4481,2009-03-04,SZSE:002091,-0.1317,5.0325,3.9823,5.1453,4.906,3532.7989,4.947,5.5097,31.7256,0.0,35.6428,1.1354,68.3542,58.5254,58.5255,0.0,0.0,0.0,3297.991,19.8353,18.3366,0.0,0.0,1.0442,0.0,21.683,2.925,39202.0,1.25,0.0,0.0,0.0,3.914642444113264,4.071560494783904,3.8821984699453553,63.422774999999994,0.0
4482,2009-03-05,SZSE:002091,-0.1317,4.9744,3.9363,5.1658,4.9231,3491.9986,4.9915,5.4461,31.3592,0.0,35.2312,1.1223,68.4649,57.0425,57.0425,0.0,0.0,0.0,3257.1908,19.59,18.1097,0.0,0.0,1.0313,0.0,16.6288,2.925,39202.0,1.25,0.0,0.0,0.0,3.949831426905758,4.087757023962689,3.895705719282727,48.639239999999994,0.0
4483,2009-03-06,SZSE:002091,-0.1402,4.6256,3.6604,4.9573,4.6086,3247.1993,4.9128,5.0643,29.1609,0.0,32.7614,1.0436,70.0966,49.0173,49.0173,0.0,0.0,0.0,3012.3914,18.1176,16.7487,0.0,0.0,0.9538,0.0,14.7519,2.925,39202.0,1.25,0.0,0.0,0.0,3.887671463161535,3.922885878588723,3.646947301971636,43.14930749999999,0.0
4484,2009-03-09,SZSE:002091,-0.1402,4.4479,3.5197,4.6735,4.4376,3122.3991,4.6086,4.8697,28.0401,0.0,31.5022,1.0035,70.4223,45.5026,45.5026,0.0,0.0,0.0,2887.5913,17.367,16.0548,0.0,0.0,0.9143,0.0,11.0013,2.925,39202.0,1.25,0.0,0.0,0.0,3.6468646822095825,3.698221171788934,3.511549432316374,32.178802499999996,0.0
4485,2009-03-10,SZSE:002091,-0.1402,4.6598,3.6874,4.6735,4.3897,3271.1986,4.4376,5.1017,29.3764,0.0,33.0035,1.0513,69.7598,50.0971,50.0971,0.0,0.0,0.0,3036.3907,18.262,16.8821,0.0,0.0,0.9614,0.0,8.3553,2.925,39202.0,1.25,0.0,0.0,0.0,3.511568359157045,3.698241104768445,3.4736640585432856,24.4392525,0.0
4486,2009-03-11,SZSE:002091,-0.1402,4.5846,3.6279,4.7692,4.5299,3218.399,4.7487,5.0194,28.9022,0.0,32.4708,1.0344,69.1321,48.5335,48.5335,0.0,0.0,0.0,2983.5912,17.9444,16.5885,0.0,0.0,0.9447,0.0,6.9423,2.925,39202.0,1.25,0.0,0.0,0.0,3.757756124852768,3.773978248920298,3.584614625049077,20.3062275,0.0
4487,2009-03-12,SZSE:002091,-0.1402,4.6872,3.7091,4.7077,4.4342,3290.399,4.5812,5.1317,29.5488,0.0,33.1972,1.0575,67.3281,50.789,50.789,0.0,0.0,0.0,3055.5911,18.3775,16.9888,0.0,0.0,0.9675,0.0,6.8943,2.925,39202.0,1.25,0.0,0.0,0.0,3.62521951698242,3.7253221688854756,3.5088946961938894,20.1658275,0.0
4488,2009-03-13,SZSE:002091,-0.1119,4.9573,3.9228,5.1111,4.7863,3479.9986,4.7863,5.4274,31.2515,0.0,35.1101,1.1185,67.3692,56.229,56.229,0.0,0.0,0.0,3245.1908,19.5178,18.043,0.0,0.0,1.0275,0.0,23.5166,2.925,39202.0,1.25,0.0,0.0,0.0,3.787484646884393,4.044504686018599,3.787484646884393,68.78605499999999,0.0
4489,2009-03-16,SZSE:002091,-0.1119,4.947,3.9147,4.9675,4.7043,3472.7982,4.8239,5.4161,31.1868,0.0,35.0374,1.1161,68.0285,55.976,55.976,0.0,0.0,0.0,3237.9904,19.4745,18.003,0.0,0.0,1.0253,0.0,11.0838,2.925,39202.0,1.25,0.0,0.0,0.0,3.817287513644633,3.9309222255912672,3.7226446755609457,32.420114999999996,0.0
4490,2009-03-17,SZSE:002091,-0.1119,5.2137,4.1257,5.2889,4.8855,3659.9992,4.9231,5.4792,28.6915,0.0,41.0568,1.1706,68.3795,60.9028,60.9028,0.0,0.0,0.0,3294.8954,26.2375,22.8664,0.0,0.0,1.0538,0.0,23.115,2.925,39202.0,1.25,0.0,0.0,0.0,3.895742691370811,4.1852071906707335,3.8659890960354457,67.611375,0.0
4491,2009-03-18,SZSE:002091,-0.1119,5.3709,4.2502,5.3846,5.0974,3770.3992,5.0974,5.6444,29.5569,0.0,42.2952,1.2059,68.4364,63.4972,63.4973,0.0,0.0,0.0,3405.2954,27.1166,23.6326,0.0,0.0,1.0891,0.0,25.8195,2.925,39202.0,1.25,0.0,0.0,0.0,4.03376891768605,4.261041337578432,4.03376891768605,75.5220375,0.0
4492,2009-03-19,SZSE:002091,-0.1119,5.3744,4.2529,5.4325,5.3026,3772.7993,5.3402,5.648,29.5758,0.0,42.3221,1.2066,68.4491,63.5539,63.5539,0.0,0.0,0.0,3407.6956,27.1357,23.6493,0.0,0.0,1.0899,0.0,16.0553,2.925,39202.0,1.25,0.0,0.0,0.0,4.225836666418577,4.298876014066687,4.196082825989879,46.961752499999996,0.0
4493,2009-03-20,SZSE:002091,-0.1019,5.1966,4.1122,5.4598,5.0598,3647.9992,5.4017,5.4612,28.5974,0.0,40.9221,1.1667,68.5439,58.4745,58.4745,0.0,0.0,0.0,3282.8954,26.1419,22.7831,0.0,0.0,1.05,0.0,18.5574,2.925,39202.0,1.25,0.0,0.0,0.0,4.274500777431397,4.320476765577493,4.003946726705923,54.280395,0.0
4494,2009-03-23,SZSE:002091,-0.1019,5.1897,4.1068,5.3162,5.0906,3643.1996,5.1556,5.454,28.5598,0.0,40.8683,1.1652,68.9677,58.2816,58.2816,0.0,0.0,0.0,3278.0958,26.1037,22.7498,0.0,0.0,1.0484,0.0,13.0144,2.925,39202.0,1.25,0.0,0.0,0.0,4.079815419003024,4.206904090795229,4.028378534404686,38.067119999999996,0.0
4495,2009-03-24,SZSE:002091,-0.1019,5.2855,4.1825,5.4701,5.2308,3710.3992,5.2991,5.5546,29.0866,0.0,41.6221,1.1867,66.9328,60.2585,60.2585,0.0,0.0,0.0,3345.2955,26.6388,23.2162,0.0,0.0,1.0699,0.0,13.6223,2.925,39202.0,1.25,0.0,0.0,0.0,4.1932618957525305,4.32857690852332,4.139215022230632,39.84522749999999,0.0
4496,2009-03-25,SZSE:002091,-0.1019,4.9915,3.9499,5.265,4.9915,3503.9986,5.2137,5.2456,27.4686,0.0,39.3068,1.1207,67.8735,52.0931,52.0931,0.0,0.0,0.0,3138.8949,24.9952,21.7838,0.0,0.0,1.0039,0.0,11.1141,2.925,39202.0,1.25,0.0,0.0,0.0,4.125732471201041,4.166327456676349,3.9499,32.5087425,0.0
4497,2009-03-26,SZSE:002091,-0.1019,5.0838,4.0229,5.1453,4.7932,3568.7981,4.9915,5.3426,27.9766,0.0,40.0337,1.1414,66.9312,54.1918,54.1918,0.0,0.0,0.0,3203.6944,25.5112,22.2335,0.0,0.0,1.0246,0.0,12.9941,2.925,39202.0,1.25,0.0,0.0,0.0,3.949861393052441,4.071566027381093,3.792943129155356,38.0077425,0.0
4498,2009-03-27,SZSE:002091,-0.0974,5.1692,4.0905,5.3197,4.9949,3628.7995,5.0598,5.4325,28.4469,0.0,40.7068,1.1606,66.3588,56.1092,56.1092,0.0,0.0,0.0,3263.6957,25.989,22.6499,0.0,0.0,1.0438,0.0,16.2447,2.925,39202.0,1.25,0.0,0.0,0.0,4.0039294088060045,4.209593912017333,3.9525726321287626,47.5157475,0.0
4499,2009-03-30,SZSE:002091,-0.0974,5.1624,4.0851,5.265,4.9915,3623.9992,5.1624,5.4253,28.4093,26.0346,40.6529,1.159,66.8711,55.9075,55.9076,0.0,0.0,0.0,3258.8954,25.9508,22.6166,16.4591,18.105,1.0423,0.9751,9.5686,2.925,39202.0,1.25,4.4412,0.0,5.4701,4.0851,4.166289225941422,3.9498637552301257,27.988155,0.0
4500,2009-03-31,SZSE:002091,-0.0974,5.5214,4.3692,5.5248,4.9915,3875.9989,5.0256,5.8025,30.3848,27.8449,43.4798,1.2396,67.951,63.3522,63.3523,0.0,0.0,0.0,3510.8952,27.9575,24.3655,17.7318,19.505,1.1229,1.0505,22.2266,2.925,39202.0,1.25,4.75,0.0,5.4701,3.9768630274930272,4.3718904915420005,3.949878979968849,65.012805,0.0
4501,2009-04-01,SZSE:002091,-0.0974,5.9624,4.7182,6.0068,5.4359,4185.5985,5.5897,6.266,32.8118,30.0691,46.9528,1.3387,68.7416,70.0441,70.0442,0.0,0.0,0.0,3820.4947,30.4228,26.5141,19.2954,21.225,1.2219,1.1432,43.9279,2.925,39202.0,1.25,5.1294,0.0,5.4701,4.423272933717966,4.753334858446264,4.301567050181136,128.4891075,0.0
4502,2009-04-02,SZSE:002091,-0.0974,5.7778,4.5721,6.2564,5.7778,4055.9988,5.8803,6.072,31.7958,29.138,45.499,1.2972,68.7242,64.7168,64.7168,0.0,0.0,0.0,3690.895,29.3908,25.6146,18.6409,20.505,1.1804,1.1044,25.4553,2.925,39202.0,1.25,4.9706,0.0,5.4701,4.653210500536536,4.950826688358891,4.5721,74.4567525,0.0
4503,2009-04-03,SZSE:002091,-0.0539,5.6684,4.4855,5.8633,5.6103,3979.1986,5.7607,5.957,31.1938,28.5863,44.6374,1.2726,68.4175,61.721,61.721,0.0,0.0,0.0,3614.0948,28.7793,25.0817,18.253,20.0783,1.1559,1.0814,11.9132,2.925,39202.0,1.25,4.8765,0.0,5.4701,4.558538538211842,4.639727639192717,4.439524495448451,34.846109999999996,0.0
4504,2009-04-06,SZSE:002091,-0.0539,0.0,4.4855,0.0,0.0,3979.1986,0.0,5.957,31.1938,28.5863,44.6374,1.2726,68.4175,61.721,61.721,0.0,0.0,0.0,3614.0948,28.7793,25.0817,18.253,20.0783,1.1559,1.0814,0.0,2.925,39202.0,1.25,4.8765,0.0,5.4701,0.0,0.0,0.0,0.0,0.0
4505,2009-04-07,SZSE:002091,-0.0539,5.8803,4.6533,6.0342,5.5214,4127.9987,5.641,6.1798,32.3602,29.6553,46.3066,1.3202,69.5812,65.0927,65.0927,0.0,0.0,0.0,3762.8949,29.9642,26.1143,19.0045,20.905,1.2035,1.1259,14.2129,2.925,39202.0,1.25,5.0588,0.0,5.4701,4.463933013621753,4.77508679149023,4.369289087291464,41.572732499999994,0.0
4506,2009-04-08,SZSE:002091,-0.0539,0.0,4.6533,0.0,0.0,4127.9987,0.0,6.1798,32.3602,29.6553,46.3066,1.3202,69.5812,65.0927,65.0927,0.0,0.0,0.0,3762.8949,29.9642,26.1143,19.0045,20.905,1.2035,1.1259,0.0,2.925,39202.0,1.25,5.0588,0.0,5.4701,0.0,0.0,0.0,0.0,0.0
4507,2009-04-09,SZSE:002091,-0.0539,5.9521,4.7101,6.106,5.5761,4178.3995,5.6137,6.2552,32.7553,30.0173,46.872,1.3364,67.7012,66.1793,66.1793,0.0,0.0,0.0,3813.2957,30.3655,26.4641,19.2591,21.185,1.2196,1.141,14.7542,2.925,39202.0,1.25,5.1206,0.0,5.4701,4.4423125233111005,4.83188632583458,4.412558359234556,43.156035,0.0
4508,2009-04-10,SZSE:002091,-0.0084,6.188,4.8967,6.2393,5.8667,4343.9992,5.9487,6.5031,34.0535,31.207,48.7297,1.3893,67.3771,69.5349,69.5349,0.0,0.0,0.0,3978.8954,31.6842,27.6134,20.0954,22.105,1.2725,1.1906,17.099,2.925,39202.0,1.25,5.3235,0.0,5.4701,4.70733666612799,4.937294814156432,4.642448269230769,50.014575,0.0
4509,2009-04-13,SZSE:002091,-0.0084,6.0855,4.8156,6.4171,6.0274,4271.9992,6.1846,6.3953,33.4891,30.6897,47.922,1.3663,67.6806,66.448,66.448,0.0,0.0,0.0,3906.8955,31.1108,27.1137,19.7318,21.705,1.2495,1.169,18.0147,2.925,39202.0,1.25,5.2353,0.0,5.4701,4.894020172541286,5.07800291841262,4.7696240966231205,52.6929975,0.0
4510,2009-04-14,SZSE:002091,-0.0084,6.3624,5.0347,6.4103,6.0137,4466.3992,6.0855,6.6864,35.013,32.0863,50.1027,1.4285,66.6909,70.2838,70.2839,0.0,0.0,0.0,4101.2954,32.6589,28.4628,20.7136,22.785,1.3117,1.2272,13.4428,2.925,39202.0,1.25,5.4735,0.0,5.4701,4.815583246887966,5.072604270401107,4.758766407330567,39.32019,0.0
4511,2009-04-15,SZSE:002091,-0.0084,6.1539,4.8697,6.3932,6.106,4319.9999,6.188,6.4672,33.8654,31.0346,48.4604,1.3816,67.2601,64.3201,64.3201,0.0,0.0,0.0,3954.8961,31.4931,27.4468,19.9742,21.9717,1.2649,1.1834,9.5079,2.925,39202.0,1.25,5.2941,0.0,5.4701,4.896683989015096,5.059062714701246,4.831795804286712,27.810607499999996,0.0
4512,2009-04-16,SZSE:002091,-0.0084,5.9829,4.7344,6.3385,5.9761,4199.9986,6.1744,6.2876,32.9247,29.1664,47.1143,1.3433,66.5881,59.838,59.838,0.0,0.0,0.0,3834.8949,30.5375,26.614,19.3682,21.305,1.2265,1.1475,9.5169,2.925,39202.0,1.25,5.1471,0.0,5.4701,4.885938150395293,5.015794079794079,4.7290190108475825,27.836932499999996,0.0
4513,2009-04-17,SZSE:002091,-0.0063,5.812,4.5991,6.0137,5.7402,4079.9987,5.935,6.1079,31.984,28.3331,45.7682,1.3049,66.4505,55.6611,55.6611,0.0,0.0,0.0,3714.895,29.5819,25.7812,18.7621,20.6383,1.1881,1.1116,9.5377,2.925,39202.0,1.25,5.0,0.0,5.4701,4.696431262904335,4.7587074449415,4.542283864418445,27.897772499999995,0.0
4514,2009-04-20,SZSE:002091,-0.0063,5.9316,4.7356,5.9419,5.7778,4163.9986,5.812,6.2337,32.6425,28.9164,46.7105,1.3317,67.0687,57.8776,58.7868,0.0,0.0,0.0,3798.8949,30.2508,26.3642,19.1863,21.105,1.215,1.1367,5.0039,2.925,39202.0,1.25,5.103,0.0,5.4701,4.640115179715422,4.743823191044574,4.612810991975183,14.636407499999999,0.051
4515,2009-04-21,SZSE:002091,-0.0063,5.918,4.7247,5.9316,5.7504,4154.3995,5.8496,6.2193,32.5672,28.8497,46.6028,1.3287,66.0631,57.5237,58.432,0.0,0.0,0.0,3789.2958,30.1744,26.2975,19.1379,21.0516,1.2119,1.1338,5.5614,2.925,39202.0,1.25,5.0912,0.0,5.4701,4.670092112200067,4.735557708685368,4.590894707671511,16.267094999999998,0.0
4516,2009-04-22,SZSE:002091,-0.0063,5.6068,4.4763,6.0034,5.4701,3935.9989,5.9248,5.8923,30.8551,27.3331,44.1528,1.2588,67.2743,50.0284,50.9032,0.0,0.0,0.0,3570.8951,28.4353,24.7819,18.0348,19.8383,1.1421,1.0685,8.2965,2.925,39202.0,1.25,4.8235,0.0,5.4701,4.7301816080473715,4.79293347720625,4.367162843333096,24.267262499999998,0.0
4517,2009-04-23,SZSE:002091,-0.0063,5.6479,4.5091,5.7368,5.4633,3964.7991,5.4701,5.6813,29.9707,27.5331,43.1256,1.3117,67.2095,50.9363,51.7854,0.0,0.0,0.0,3650.2732,29.0793,25.0789,18.4357,20.2793,1.2075,1.0922,4.2461,2.925,39202.0,1.25,4.8588,0.0,5.4701,4.367150252306168,4.580074873846916,4.361721353069282,12.4198425,0.0
4518,2009-04-24,SZSE:002091,-0.0152,5.3915,4.3044,5.7368,5.3333,3784.7986,5.6752,5.4234,28.6101,26.2831,41.1677,1.2521,67.4972,45.3863,46.198,0.0,0.0,0.0,3470.2727,27.6453,23.8422,17.5266,19.2793,1.148,1.0384,12.1103,2.925,39202.0,1.25,4.6383,0.0,5.4701,4.530896945191506,4.580076401743485,4.257934993971993,35.4226275,0.0
4519,2009-04-27,SZSE:002091,-0.0152,5.3265,4.2525,5.4701,5.2991,3739.1995,5.3983,5.358,28.2654,25.9664,40.6718,1.2371,67.0055,44.0761,44.877,0.0,0.0,0.0,3424.6736,27.2821,23.5289,17.2963,19.026,1.1329,1.0247,6.2901,2.925,39202.0,1.25,4.5824,0.0,5.4701,4.309822725992678,4.3671454519853565,4.230624753590538,18.398542499999998,0.0
4520,2009-04-28,SZSE:002091,-0.0152,5.4359,4.3398,5.5932,5.265,3815.999,5.265,5.4681,28.8459,26.4998,41.5071,1.2625,66.5122,46.8586,47.5949,0.0,0.0,0.0,3501.4731,27.8939,24.0566,17.6842,19.4526,1.1583,1.0477,6.5208,2.925,39202.0,1.25,4.6765,0.0,5.4701,4.203360437094133,4.46538187972553,4.203360437094133,19.073339999999998,0.0
4521,2009-04-29,SZSE:002091,-0.0152,5.6342,4.4982,5.7026,5.4222,3955.1993,5.518,5.6675,29.8982,27.4664,43.0212,1.3085,66.2513,51.5627,52.1957,0.0,0.0,0.0,3640.6734,29.0028,25.0129,18.3872,20.226,1.2043,1.0894,6.8014,2.925,39202.0,1.25,4.8471,0.0,5.4701,4.405428916261403,4.552808796279862,4.328944666501012,19.894095,0.0
4522,2009-04-30,SZSE:002091,-0.0152,5.8427,4.6647,5.9145,5.6,4101.5986,5.641,5.8773,31.0048,28.4831,44.6136,1.357,65.9967,55.9766,56.5192,0.0,0.0,0.0,3787.0727,30.169,26.0188,19.1266,21.0393,1.2528,1.1332,8.5438,2.925,39202.0,1.25,5.0265,0.0,5.4701,4.503666575384668,4.722023747582454,4.470932959077138,24.990614999999995,0.0
4523,2009-05-01,SZSE:002091,-0.0141,0.0,4.6647,0.0,0.0,4101.5986,0.0,5.8773,31.0048,28.4831,44.6136,1.357,65.9967,55.9766,56.5192,0.0,0.0,0.0,3787.0727,30.169,26.0188,19.1266,21.0393,1.2528,1.1332,0.0,2.925,39202.0,1.25,5.0265,0.0,5.4701,0.0,0.0,0.0,0.0,0.0
4524,2009-05-04,SZSE:002091,-0.0141,6.2051,4.954,6.3658,5.8017,4355.9992,5.8017,6.2419,32.9279,30.2497,47.3808,1.4411,65.3279,62.3901,62.8132,0.0,0.0,0.0,4041.4732,32.1957,27.7666,20.4115,22.4526,1.3369,1.2093,12.7728,2.925,39202.0,1.25,5.3383,0.0,5.4701,4.631935311276208,5.082298947639845,4.631935311276208,37.36044,0.0
4525,2009-05-05,SZSE:002091,-0.0141,6.2564,4.9949,6.4274,6.1504,4391.9991,6.1504,6.2934,33.2,30.4997,47.7723,1.453,65.0892,63.207,63.6159,0.0,0.0,0.0,4077.4732,32.4825,28.0139,20.5933,22.6526,1.3488,1.2201,8.8524,2.925,39202.0,1.25,5.3824,0.0,5.4701,4.910273153890417,5.131420666837159,4.910273153890417,25.893269999999998,0.0
4526,2009-05-06,SZSE:002091,-0.0141,6.4957,5.186,6.5641,6.0171,4559.999,6.1539,6.5342,34.47,31.6664,49.5997,1.5086,65.2267,66.8279,67.1763,0.0,0.0,0.0,4245.473,33.8208,29.1682,21.4418,23.586,1.4044,1.2703,14.6563,2.925,39202.0,1.25,5.5883,0.0,5.4701,4.91311566112967,5.240608802746432,4.803898055636806,42.869677499999995,0.0
4527,2009-05-07,SZSE:002091,-0.0141,6.3966,5.1068,6.7316,6.3282,4490.3992,6.4821,6.4344,33.9438,31.1831,48.8427,1.4856,64.8219,64.0171,64.3661,0.0,0.0,0.0,4175.8732,33.2664,28.69,21.0903,23.1993,1.3814,1.2495,10.2894,2.925,39202.0,1.25,5.503,0.0,5.4701,5.175059919332146,5.374251145921271,5.052192064534283,30.096495,0.0
4528,2009-05-08,SZSE:002091,0.0009,6.147,4.9076,6.4444,6.1197,4315.1989,6.3966,6.1834,32.6195,29.9664,46.937,1.4276,64.9231,57.4649,57.8103,0.0,0.0,0.0,4000.673,31.8707,27.4863,20.2054,22.226,1.3234,1.1971,10.5226,2.925,39202.0,1.25,5.2883,0.0,5.4701,5.106873948267448,5.1450361867577685,4.885804411908248,30.778605,0.0
4529,2009-05-11,SZSE:002091,0.0009,5.5385,4.4217,6.2051,5.5316,3887.9996,6.2051,5.5712,29.3902,26.9998,42.2903,1.2863,64.6591,45.2921,45.6112,0.0,0.0,0.0,3573.4737,28.4674,24.5512,18.0479,19.8526,1.1821,1.0693,17.3281,2.925,39202.0,1.25,4.7647,0.0,5.4701,4.953884746772592,4.953884746772592,4.416191337004604,50.6846925,0.0
4530,2009-05-12,SZSE:002091,0.0009,5.7744,4.6101,5.7983,5.5214,4053.5986,5.5214,5.8085,30.642,28.1497,44.0915,1.3411,64.6749,49.7369,50.0145,0.0,0.0,0.0,3739.0727,29.7867,25.689,18.8842,20.7726,1.2369,1.1188,6.7064,2.925,39202.0,1.25,4.9677,0.0,5.4701,4.408112728595179,4.629181011014132,4.408112728595179,19.61622,0.0
4531,2009-05-13,SZSE:002091,0.0009,5.7333,4.5773,5.8769,5.7094,4024.7991,5.7094,5.7673,30.4243,27.9498,43.7783,1.3315,64.6891,48.9914,49.2675,0.0,0.0,0.0,3710.2731,29.5572,25.4911,18.7388,20.6126,1.2273,1.1102,5.0428,2.925,39202.0,1.25,4.9324,0.0,5.4701,4.558218934993808,4.691946064221304,4.558218934993808,14.750189999999998,0.0
4532,2009-05-14,SZSE:002091,0.0009,5.8154,4.6428,5.8803,5.7333,4082.3989,5.7333,5.8498,30.8597,28.3497,44.4048,1.3506,64.2116,50.5866,50.8487,0.0,0.0,0.0,3767.873,30.0161,25.8868,19.0297,20.9326,1.2464,1.1274,3.7955,2.925,39202.0,1.25,5.003,0.0,5.4701,4.577254400385184,4.694613756577364,4.577254400385184,11.1018375,0.0
4533,2009-05-15,SZSE:002091,0.0009,5.7094,4.5582,5.8462,5.6376,4007.9995,5.8222,5.7432,30.2973,27.8331,43.5955,1.326,63.7942,48.4777,48.7358,0.0,0.0,0.0,3693.4736,29.4234,25.3757,18.6539,20.5193,1.2218,1.1052,6.06,2.925,39202.0,1.25,4.9118,0.0,5.4701,4.648255865765229,4.667416688268469,4.500877206011141,17.725499999999997,0.0
4534,2009-05-18,SZSE:002091,0.0009,5.9692,4.7656,5.9932,5.6752,4190.3995,5.7026,6.0046,31.6761,29.0997,45.5795,1.3863,61.1237,53.5863,53.804,0.0,0.0,0.0,3875.8735,30.8765,26.6289,19.5751,21.5326,1.2821,1.1598,5.9226,2.925,39202.0,1.25,5.1353,0.0,5.4701,4.552755906989212,4.784760758560611,4.530880707632514,17.323605,0.0
4535,2009-05-19,SZSE:002091,0.0009,6.0752,4.8503,6.3521,5.9795,4264.7981,6.0034,6.1112,32.2385,29.6164,46.3888,1.4109,61.1948,55.5235,55.7267,0.0,0.0,0.0,3950.2722,31.4691,27.14,19.9509,21.946,1.3067,1.182,12.5595,2.925,39202.0,1.25,5.2265,0.0,5.4701,4.7929765308138,5.071370593560705,4.7738953203186725,36.7365375,0.0
4536,2009-05-20,SZSE:002091,0.0009,6.188,4.9403,6.2735,5.9863,4343.9992,6.0274,6.2247,32.8372,30.1664,47.2502,1.4371,60.9497,57.5544,57.743,0.0,0.0,0.0,4029.4733,32.1001,27.6841,20.3509,22.386,1.3329,1.2057,8.5078,2.925,39202.0,1.25,5.3235,0.0,5.4701,4.8120821299288945,5.008560447640595,4.779269212992889,24.885315,0.0
4537,2009-05-21,SZSE:002091,0.0009,6.0103,4.7984,6.2769,5.9009,4219.1997,6.1197,6.0458,31.8938,29.2997,45.8928,1.3959,60.79,53.4154,53.6006,0.0,0.0,0.0,3904.6738,31.1059,26.8267,19.7206,21.6926,1.2917,1.1684,6.5452,2.925,39202.0,1.25,5.1706,0.0,5.4701,4.885740891469644,5.0112435252816,4.711059108530356,19.14471,0.0
4538,2009-05-22,SZSE:002091,0.0057,6.0308,4.8148,6.1402,5.9658,4233.5991,6.0513,6.0665,32.0026,29.3997,46.0494,1.4006,60.2904,53.828,54.0106,0.0,0.0,0.0,3919.0732,31.2206,26.9257,19.7933,21.7726,1.2964,1.1727,5.5373,2.925,39202.0,1.25,5.1883,0.0,5.4701,4.8311665517012665,4.902141500298468,4.7629060555813485,16.1966025,0.0
4539,2009-05-25,SZSE:002091,0.0057,6.441,5.1423,6.4889,5.7573,4521.5989,5.812,6.4792,34.1797,29.2641,49.182,1.4959,60.6825,61.225,61.3632,0.0,0.0,0.0,4207.0729,33.5149,28.9043,19.9151,21.8549,1.3917,1.2358,12.7223,2.925,39202.0,1.25,0.0,0.0,5.4701,4.640125384257103,5.180541914299022,4.596454555193293,37.2127275,0.0
4540,2009-05-26,SZSE:002091,0.0057,6.5573,5.2351,6.9231,6.3248,4603.1993,6.359,6.5961,34.7965,29.7922,50.0696,1.5229,58.4057,63.0322,63.1604,0.0,0.0,0.0,4288.6734,34.165,29.465,20.3014,22.2788,1.4187,1.2598,17.4119,2.925,39202.0,1.25,0.0,0.0,5.4701,5.076784789471277,5.527140867430193,5.049480804599455,50.929807499999995,0.0
4541,2009-05-27,SZSE:002091,0.0057,6.5128,5.1996,6.6598,6.4444,4571.9989,6.5299,6.5514,34.5607,29.5903,49.7302,1.5126,58.4658,61.8453,61.9734,0.0,0.0,0.0,4257.473,33.9164,29.2506,20.1537,22.1167,1.4084,1.2506,5.3906,2.925,39202.0,1.25,0.0,0.0,5.4701,5.213252063628546,5.316959845227859,5.144991745485813,15.767505,0.0
4542,2009-05-28,SZSE:002091,0.0057,0.0,5.1996,0.0,0.0,4571.9989,0.0,6.5514,34.5607,29.5903,49.7302,1.5126,58.4658,61.8453,61.9734,0.0,0.0,0.0,4257.473,33.9164,29.2506,20.1537,22.1167,1.4084,1.2506,0.0,2.925,39202.0,1.25,0.0,0.0,5.4701,0.0,0.0,0.0,0.0,0.0
4543,2009-05-29,SZSE:002091,0.0178,0.0,5.1996,0.0,0.0,4571.9989,0.0,6.5514,34.5607,29.5903,49.7302,1.5126,58.4658,61.8453,61.9734,0.0,0.0,0.0,4257.473,33.9164,29.2506,20.1537,22.1167,1.4084,1.2506,0.0,2.925,39202.0,1.25,0.0,0.0,5.4701,0.0,0.0,0.0,0.0,0.0
4544,2009-06-01,SZSE:002091,0.0178,6.8923,5.5026,6.9333,6.547,4838.3995,6.547,6.9331,36.5744,31.3144,52.6279,1.6007,58.8753,67.4764,67.5764,0.0,0.0,0.0,4523.8736,36.0386,31.0809,21.4148,23.5006,1.4965,1.3289,11.5178,2.925,39202.0,1.25,0.0,0.0,5.4701,5.226923117101693,5.535333136978948,5.226923117101693,33.689564999999995,0.0
4545,2009-06-02,SZSE:002091,0.0178,6.8376,5.4589,7.0051,6.7727,4799.9987,6.9026,6.8781,36.2842,31.0659,52.2102,1.588,58.8705,65.9651,66.0653,0.0,0.0,0.0,4485.4728,35.7327,30.817,21.233,23.3012,1.4838,1.3176,6.1097,2.925,39202.0,1.25,0.0,0.0,5.4701,5.510793720018719,5.592626124663624,5.407086116473616,17.8708725,0.0
4546,2009-06-03,SZSE:002091,0.0178,6.7795,5.4125,6.8923,6.5368,4759.1992,6.8137,6.8196,35.9758,30.8018,51.7664,1.5745,58.3061,64.3169,64.4171,0.0,0.0,0.0,4444.6733,35.4077,30.5367,21.0399,23.0892,1.4703,1.3056,7.4529,2.925,39202.0,1.25,0.0,0.0,5.4701,5.439804004720112,5.502555313813703,5.218737370012538,21.799732499999998,0.0
4547,2009-06-04,SZSE:002091,0.0178,6.3932,5.1041,6.7692,6.188,4487.999,6.6667,6.431,33.9257,29.0466,48.8165,1.4848,59.3971,54.5583,54.6563,0.0,0.0,0.0,4173.4731,33.2472,28.6735,19.7561,21.6804,1.3806,1.226,17.5027,2.925,39202.0,1.25,0.0,0.0,5.4701,5.3224525229931805,5.404284821372708,4.9402757304636165,51.1953975,0.0
4548,2009-06-05,SZSE:002091,0.0083,6.1573,4.9158,6.3932,6.1026,4322.3993,6.3761,6.1937,32.6739,27.9749,47.0153,1.43,59.9109,49.6086,49.7037,0.0,0.0,0.0,4007.8734,31.928,27.5357,18.9722,20.8201,1.3258,1.1773,19.1646,2.925,39202.0,1.25,0.0,0.0,5.4701,5.090483228038264,5.104135345037598,4.872129192990434,56.056455,0.0
4549,2009-06-08,SZSE:002091,0.0083,6.0171,4.8039,6.2496,5.9487,4224.0,6.1128,6.0527,31.9301,27.338,45.945,1.3974,58.0958,46.8867,46.9797,0.0,0.0,0.0,3909.4741,31.1441,26.8597,18.5064,20.309,1.2932,1.1484,12.7829,2.925,39202.0,1.25,0.0,0.0,5.4701,4.880304452310913,4.989522102009273,4.7492911751508196,37.389982499999995,0.0
4550,2009-06-09,SZSE:002091,0.0083,6.147,4.9076,6.188,5.9692,4315.1989,6.0171,6.1834,32.6195,27.9283,46.937,1.4276,57.4965,49.6444,49.7296,0.0,0.0,0.0,4000.673,31.8707,27.4863,18.9381,20.7827,1.3234,1.1752,10.3656,2.925,39202.0,1.25,0.0,0.0,5.4701,4.803891322596389,4.940333300797137,4.765649246787051,30.31938,0.0
4551,2009-06-10,SZSE:002091,0.0083,6.1128,4.8803,6.2222,6.0444,4291.1996,6.1402,6.149,32.4381,27.7729,46.6759,1.4197,56.9036,48.9245,49.0092,0.0,0.0,0.0,3976.6737,31.6795,27.3214,18.8245,20.6581,1.3155,1.1682,8.2037,2.925,39202.0,1.25,0.0,0.0,5.4701,4.902175444967936,4.967642105090957,4.825691224970554,23.995822499999996,0.0
4552,2009-06-11,SZSE:002091,0.0083,6.1368,4.8994,6.2598,6.1128,4307.9992,6.1265,6.1731,32.565,27.8817,46.8587,1.4252,56.7439,49.4768,49.56,0.0,0.0,0.0,3993.4733,31.8133,27.4368,18.904,20.7453,1.321,1.1731,9.8069,2.925,39202.0,1.25,0.0,0.0,5.4701,4.891176851127624,4.997598768087603,4.880239264763395,28.6851825,0.0
4553,2009-06-12,SZSE:002091,-0.0336,5.9009,4.7111,6.2154,5.812,4142.3995,6.1436,5.9358,31.3132,26.8099,45.0574,1.3705,57.3179,44.3821,44.4616,0.0,0.0,0.0,3827.8736,30.4941,26.2991,18.1201,19.8851,1.2662,1.1244,10.8402,2.925,39202.0,1.25,0.0,0.0,5.4701,4.904864335948754,4.962187283295768,4.64012493009541,31.707584999999995,0.0
4554,2009-06-15,SZSE:002091,-0.0336,6.0889,4.8612,6.1094,5.8462,4274.3994,5.8496,6.1249,32.3111,27.6642,46.4932,1.4141,56.5953,48.8991,48.9682,0.0,0.0,0.0,3959.8735,31.5456,27.206,18.745,20.5708,1.3099,1.1632,6.7696,2.925,39202.0,1.25,0.0,0.0,5.4701,4.670149866149879,4.8775666015208,4.667435405409845,19.80108,0.0
4555,2009-06-16,SZSE:002091,-0.0336,6.0684,4.8448,6.1436,5.918,4259.9993,6.0171,6.1043,32.2022,27.571,46.3366,1.4094,56.6,48.4369,48.5058,0.0,0.0,0.0,3945.4733,31.4309,27.107,18.6768,20.496,1.3051,1.159,5.2963,2.925,39202.0,1.25,0.0,0.0,5.4701,4.803843859996046,4.904837070727045,4.724725858545911,15.491677499999998,0.0
4556,2009-06-17,SZSE:002091,-0.0336,6.1744,4.9294,6.2188,6.0513,4334.3993,6.0684,6.2109,32.7646,28.0525,47.1458,1.434,55.7699,51.013,51.0763,0.0,0.0,0.0,4019.8734,32.0236,27.6182,19.029,20.8825,1.3298,1.1808,6.1399,2.925,39202.0,1.25,0.0,0.0,5.4701,4.8447737367193575,4.9648472272609485,4.831121764058047,17.959207499999998,0.0
4557,2009-06-18,SZSE:002091,-0.0336,6.1197,4.8857,6.2086,6.0786,4295.9992,6.1675,6.1559,32.4743,27.804,46.7281,1.4213,55.5391,49.6347,49.6973,0.0,0.0,0.0,3981.4733,31.7177,27.3544,18.8472,20.683,1.3171,1.1696,5.7232,2.925,39202.0,1.25,0.0,0.0,5.4701,4.92386142294557,4.95667385982973,4.852887563115839,16.74036,0.0
4558,2009-06-19,SZSE:002091,-0.0325,5.9897,4.782,6.2051,5.9761,4204.7989,6.1231,6.0252,31.7849,27.2137,45.7361,1.3911,55.7446,46.4263,46.4874,0.0,0.0,0.0,3890.273,30.9912,26.7278,18.4155,20.2092,1.2869,1.1428,6.6607,2.925,39202.0,1.25,0.0,0.0,5.4701,4.888502629513998,4.953969013473129,4.771142160709217,19.4825475,0.0
4559,2009-06-22,SZSE:002091,-0.0325,5.8427,4.6647,6.0479,5.8188,4101.5986,6.0444,5.8773,31.0048,26.5458,44.6136,1.357,55.5391,43.0364,43.0953,0.0,0.0,0.0,3787.0727,30.169,26.0188,17.927,19.6731,1.2528,1.1125,9.8431,2.925,39202.0,1.25,0.0,0.0,5.4701,4.825733424615333,4.828527757714755,4.645618696835367,28.791067499999997,0.0
4560,2009-06-23,SZSE:002091,-0.0325,5.8803,4.6947,5.9487,5.7094,4127.9987,5.8803,5.9151,31.2044,26.7167,44.9008,1.3657,55.5422,44.1597,44.2166,0.0,0.0,0.0,3813.4728,30.3794,26.2001,18.0519,19.8103,1.2615,1.1202,6.1098,2.925,39202.0,1.25,0.0,0.0,5.4701,4.6947,4.749309030151522,4.558257262384572,17.871164999999998,0.0
4561,2009-06-24,SZSE:002091,-0.0325,5.9316,4.7356,5.9419,5.7778,4163.9986,5.8462,5.9667,31.4765,26.9497,45.2924,1.3776,55.46,45.7312,45.7855,0.0,0.0,0.0,3849.4727,30.6661,26.4475,18.2224,19.9973,1.2734,1.1308,4.6118,2.925,39202.0,1.25,0.0,0.0,5.4701,4.66741936745566,4.743823191044574,4.612810991975183,13.489514999999999,0.0
4562,2009-06-25,SZSE:002091,-0.0325,5.9385,4.7411,6.0342,5.8803,4168.7989,5.8974,5.9736,31.5128,26.9807,45.3446,1.3792,54.1097,45.9496,46.0036,0.0,0.0,0.0,3854.273,30.7044,26.4804,18.2451,20.0222,1.275,1.1322,6.043,2.925,39202.0,1.25,0.0,0.0,5.4701,4.708287133114423,4.817503682748169,4.694635064410205,17.675774999999998,0.0
4563,2009-06-26,SZSE:002091,-0.0344,6.0991,4.8694,6.1265,5.9248,4281.5984,5.9521,6.1352,32.3655,27.7108,46.5715,1.4165,54.2362,50.9462,50.9922,0.0,0.0,0.0,3967.0725,31.603,27.2554,18.779,20.6082,1.3123,1.1653,7.9574,2.925,39202.0,1.25,0.0,0.0,5.4701,4.75203812693676,4.8912756144349165,4.730242350510731,23.275395,0.0
4564,2009-06-29,SZSE:002091,-0.0344,6.2633,5.0004,6.4479,6.0718,4396.7994,6.0718,6.3003,33.2363,28.4564,47.8246,1.4546,54.3769,55.4733,55.5127,0.0,0.0,0.0,4082.2735,32.5207,28.0469,19.3244,21.2066,1.3504,1.1992,13.9352,2.925,39202.0,1.25,0.0,0.0,5.4701,4.847513087350118,5.14777819360401,4.847513087350118,40.760459999999995,0.0
4565,2009-06-30,SZSE:002091,-0.0344,6.0684,4.8448,6.2564,6.0444,4259.9993,6.2427,6.1043,32.2022,27.571,46.3366,1.4094,54.8244,49.6173,49.6554,0.0,0.0,0.0,3945.4733,31.4309,27.107,18.6768,20.496,1.3051,1.159,5.6563,2.925,39202.0,1.25,0.0,0.0,5.4701,4.983955072177181,4.994892676817614,4.825639232746688,16.5446775,0.0
4566,2009-07-01,SZSE:002091,-0.0344,6.0171,4.8039,6.0615,5.8633,4224.0,6.0615,6.0527,31.9301,27.338,45.945,1.3974,51.3427,48.1761,48.2137,0.0,0.0,0.0,3909.4741,31.1441,26.8597,18.5064,20.309,1.2932,1.1484,6.4426,2.925,39202.0,1.25,0.0,0.0,5.4701,4.8393478336740285,4.8393478336740285,4.6811099815525745,18.844604999999998,0.0
4567,2009-07-02,SZSE:002091,-0.0344,5.9009,4.7111,6.0171,5.8633,4142.3995,6.0171,5.9358,31.3132,26.8099,45.0574,1.3705,51.0882,44.9862,45.0227,0.0,0.0,0.0,3827.8736,30.4941,26.2991,18.1201,19.8851,1.2662,1.1244,11.9043,2.925,39202.0,1.25,0.0,0.0,5.4701,4.803870563812301,4.803870563812301,4.681081297768137,34.8200775,0.0
4568,2009-07-03,SZSE:002091,-0.0232,5.8735,4.6892,5.9556,5.8462,4123.1991,5.8667,5.9083,31.1681,26.6856,44.8486,1.3641,50.9395,44.2439,44.2801,0.0,0.0,0.0,3808.6732,30.3411,26.1672,18.0292,19.7853,1.2599,1.1188,4.8252,2.925,39202.0,1.25,0.0,0.0,5.4701,4.683771114327062,4.754745810845321,4.667404620754234,14.113709999999998,0.0
4569,2009-07-06,SZSE:002091,-0.0232,5.6376,4.5009,5.8974,5.4735,3957.5987,5.8393,5.671,29.9163,25.6138,43.0473,1.3093,51.2099,38.364,38.3975,0.0,0.0,0.0,3643.0728,29.0219,25.0294,17.2453,18.9251,1.2051,1.0702,21.7514,2.925,39202.0,1.25,0.0,0.0,5.4701,4.661931561302681,4.7083169540229886,4.369887212643678,63.622845,0.0
4570,2009-07-07,SZSE:002091,-0.0232,5.6376,4.5009,5.7709,5.5419,3957.5987,5.6205,5.671,29.9163,25.6138,43.0473,1.3093,50.647,38.364,38.3975,0.0,0.0,0.0,3643.0728,29.0219,25.0294,17.2453,18.9251,1.2051,1.0702,14.4329,2.925,39202.0,1.25,0.0,0.0,5.4701,4.487247844827586,4.6073229406130265,4.424495833333333,42.2162325,0.0
4571,2009-07-08,SZSE:002091,-0.0232,5.6957,4.5473,5.6957,5.5795,3998.399,5.5795,5.7294,30.2247,25.8779,43.4911,1.3228,50.2786,40.6189,40.6505,0.0,0.0,0.0,3683.873,29.3469,25.3097,17.4385,19.137,1.2186,1.0821,7.6243,2.925,39202.0,1.25,0.0,0.0,5.4701,4.454528916551083,4.5473,4.454528916551083,22.301077499999998,0.0
4572,2009-07-09,SZSE:002091,-0.0232,5.8462,4.6674,5.894,5.706,4103.9994,5.7128,5.8808,31.023,26.5614,44.6397,1.3577,50.4984,46.1139,46.1408,0.0,0.0,0.0,3789.4735,30.1882,26.0352,17.9383,19.6856,1.2535,1.1132,13.261,2.925,39202.0,1.25,0.0,0.0,5.4701,4.5608981423830866,4.705561835038144,4.555469262084773,38.788425,0.0
4573,2009-07-10,SZSE:002091,-0.025,6.0274,4.812,6.0513,5.8974,4231.1997,5.9009,6.063,31.9845,27.3846,46.0233,1.3998,50.2612,51.8892,51.9115,0.0,0.0,0.0,3916.6738,31.2015,26.9092,18.5405,20.3464,1.2956,1.1505,14.0466,2.925,39202.0,1.25,0.0,0.0,5.4701,4.711008195905365,4.831080664963335,4.708213956266384,41.086304999999996,0.0
4574,2009-07-13,SZSE:002091,-0.025,6.0239,4.8093,6.1265,5.9658,4228.7982,6.0513,6.0596,31.9663,27.3691,45.9972,1.399,50.1506,51.7764,51.7986,0.0,0.0,0.0,3914.2722,31.1824,26.8927,18.5291,20.3339,1.2948,1.1498,10.2306,2.925,39202.0,1.25,0.0,0.0,5.4701,4.831175333255864,4.891212744235462,4.762914713059645,29.924505,0.0
4575,2009-07-14,SZSE:002091,-0.025,6.0205,4.8066,6.1026,5.9863,4226.3994,6.0821,6.0562,31.9482,27.3535,45.9711,1.3982,49.3157,51.6555,51.6778,0.0,0.0,0.0,3911.8735,31.1632,26.8762,18.5177,20.3214,1.294,1.1491,7.8674,2.925,39202.0,1.25,0.0,0.0,5.4701,4.8557797292583675,4.872146359936882,4.779295669794868,23.012144999999997,0.0
4576,2009-07-15,SZSE:002091,-0.025,5.9111,4.7192,6.0444,5.8633,4149.5985,6.0137,5.9461,31.3677,26.8565,45.1357,1.3728,49.0027,47.8089,47.8306,0.0,0.0,0.0,3835.0726,30.5514,26.3485,18.1542,19.9225,1.2686,1.1266,14.1312,2.925,39202.0,1.25,0.0,0.0,5.4701,4.80111198254132,4.825621708311481,4.681038277139618,41.33376,0.0
4577,2009-07-16,SZSE:002091,-0.025,5.8735,4.6892,6.0103,5.8633,4123.1991,5.918,5.9083,31.1681,26.6856,44.8486,1.3641,48.6959,46.5264,46.5478,0.0,0.0,0.0,3808.6732,30.3411,26.1672,18.0292,19.7853,1.2599,1.1188,11.0692,2.925,39202.0,1.25,0.0,0.0,5.4701,4.724727266536136,4.798416405890865,4.681056671490593,32.37741,0.0
4578,2009-07-17,SZSE:002091,-0.0255,6.1778,4.9321,6.2222,5.8496,4336.7988,5.8633,6.2143,32.7827,28.068,47.1719,1.4348,49.3869,56.6577,56.6729,0.0,0.0,0.0,4022.2728,32.0427,27.6347,19.0403,20.8949,1.3306,1.1815,21.427,2.925,39202.0,1.25,0.0,0.0,5.4701,4.6810162080352224,4.967547123571498,4.670078694680954,62.67397499999999,0.0
4579,2009-07-20,SZSE:002091,-0.0255,6.5265,5.2105,6.5607,6.1265,4581.5988,6.1504,6.5651,34.6332,29.6524,49.8346,1.5158,50.4194,64.8721,64.883,0.0,0.0,0.0,4267.0729,33.9929,29.3166,20.1992,22.1666,1.4115,1.2535,22.1527,2.925,39202.0,1.25,0.0,0.0,5.4701,4.910236604611966,5.237803930131004,4.891155787941469,64.79664749999999,0.0
4580,2009-07-21,SZSE:002091,-0.0255,6.2838,5.0168,6.5539,6.2564,4411.1988,6.4957,6.321,33.3451,28.5496,47.9812,1.4594,51.0328,56.8021,56.8129,0.0,0.0,0.0,4096.6729,32.6354,28.1458,19.3925,21.2814,1.3552,1.2034,13.5771,2.925,39202.0,1.25,0.0,0.0,5.4701,5.185974690473916,5.2324398484993155,4.994924650689073,39.7130175,0.0
4581,2009-07-22,SZSE:002091,-0.0255,6.2188,4.9649,6.4103,6.212,4365.599,6.2291,6.2556,33.0005,28.2544,47.4852,1.4443,49.8454,54.8363,54.8469,0.0,0.0,0.0,4051.0731,32.2722,27.8325,19.1767,21.0445,1.3401,1.19,9.7597,2.925,39202.0,1.25,0.0,0.0,5.4701,4.9731232054415635,5.117787751656268,4.959471087669647,28.5471225,0.0
4582,2009-07-23,SZSE:002091,-0.0255,6.1128,4.8803,6.2872,6.0444,4291.1996,6.2222,6.149,32.4381,27.7729,46.6759,1.4197,49.9751,51.6928,51.7033,0.0,0.0,0.0,3976.6737,31.6795,27.3214,18.8245,20.6581,1.3155,1.1682,9.9163,2.925,39202.0,1.25,0.0,0.0,5.4701,4.967642105090957,5.01953640884701,4.825691224970554,29.0051775,0.0
4583,2009-07-24,SZSE:002091,-0.0373,5.9829,4.7766,6.1949,5.9316,4199.9986,6.1539,6.0183,31.7486,27.1827,45.6839,1.3895,49.243,48.056,48.0663,0.0,0.0,0.0,3885.4727,30.9529,26.6948,18.3928,20.1843,1.2853,1.1414,8.9822,2.925,39202.0,1.25,0.0,0.0,5.4701,4.913122188236474,4.945855578398436,4.735643343529059,26.272935,0.0
4584,2009-07-27,SZSE:002091,-0.0373,6.0376,4.8202,6.0752,5.9453,4238.3994,6.0171,6.0733,32.0389,27.4312,46.1016,1.4022,49.1845,49.6619,49.6716,0.0,0.0,0.0,3923.8735,31.2588,26.9586,18.5746,20.3838,1.298,1.1526,7.1875,2.925,39202.0,1.25,0.0,0.0,5.4701,4.803833546442294,4.850218470915594,4.746511040810917,21.0234375,0.0
4585,2009-07-28,SZSE:002091,-0.0373,6.1504,4.9103,6.2735,5.9145,4317.5984,6.041,6.1868,32.6376,27.9438,46.9631,1.4284,49.1576,52.8962,52.9049,0.0,0.0,0.0,4003.0724,31.8898,27.5028,18.9495,20.7952,1.3242,1.1759,13.5525,2.925,39202.0,1.25,0.0,0.0,5.4701,4.822958230359001,5.0085794501170655,4.721964319393861,39.6410625,0.0
4586,2009-07-29,SZSE:002091,-0.0373,5.7778,4.6128,6.1265,5.641,4055.9988,6.0513,5.812,30.6601,26.2507,44.1176,1.3419,50.3356,43.0556,43.0636,0.0,0.0,0.0,3741.4728,29.8058,25.7055,17.7111,19.4362,1.2377,1.0991,12.5254,2.925,39202.0,1.25,0.0,0.0,5.4701,4.831153144795597,4.891190280037384,4.503583509294195,36.636795,0.0
4587,2009-07-30,SZSE:002091,-0.0373,5.812,4.6401,5.8462,5.6752,4079.9987,5.7778,5.8929,30.2173,26.406,43.1366,1.4219,49.8122,44.0834,44.0912,0.0,0.0,0.0,3738.2746,27.1713,23.981,17.696,19.4196,1.3123,1.0981,5.7971,2.925,39202.0,1.25,0.0,0.0,5.4701,4.612795901582932,4.667404098417068,4.530883606331727,16.9565175,0.0
4588,2009-07-31,SZSE:002091,-0.0365,6.0171,4.8039,6.0274,5.7949,4224.0,5.8462,6.1009,31.5124,27.338,43.266,1.4828,49.8928,49.9235,49.93,0.0,0.0,0.0,3882.2758,29.022,25.5991,18.3776,20.1677,1.3628,1.1404,12.0341,2.925,39202.0,1.25,0.0,0.0,5.4701,4.66745777534028,4.812123258712668,4.6265011567033945,35.1997425,0.0
4589,2009-08-03,SZSE:002091,-0.0365,5.9692,4.7656,6.0342,5.9316,4190.3995,6.0171,6.0523,31.2617,27.1205,42.9219,1.471,49.5228,48.6468,48.6532,0.0,0.0,0.0,3848.6753,28.7709,25.3775,18.2186,19.9931,1.3511,1.1306,8.3724,2.925,39202.0,1.25,0.0,0.0,5.4701,4.80384168062722,4.8174937211016555,4.735581478255043,24.48927,0.0
4590,2009-08-04,SZSE:002091,-0.0365,6.2393,4.9813,6.2496,5.9316,4379.9991,5.9658,6.3262,32.6762,28.3476,44.8639,1.5376,48.8556,55.554,55.559,0.0,0.0,0.0,4038.275,30.1882,26.6277,19.1161,20.9781,1.4176,1.1863,17.7025,2.925,39202.0,1.25,0.0,0.0,5.4701,4.762944487362364,4.989523260622185,4.735640068597439,51.7798125,0.0
4591,2009-08-05,SZSE:002091,-0.0365,6.2222,4.9676,6.3009,6.1026,4367.9991,6.2325,6.3089,32.5866,28.27,44.741,1.5334,48.8303,55.0493,55.0543,0.0,0.0,0.0,4026.275,30.0985,26.5486,19.0593,20.9157,1.4134,1.1827,13.6601,2.925,39202.0,1.25,0.0,0.0,5.4701,4.975823181511363,5.030431493683906,4.8721152904117515,39.955792499999994,0.0
4592,2009-08-06,SZSE:002091,-0.0365,6.318,5.0441,6.5368,6.1539,4435.1995,6.1709,6.4059,33.088,28.7049,45.4293,1.557,48.3449,57.3841,57.3887,0.0,0.0,0.0,4093.4753,30.6009,26.9917,19.3774,21.2648,1.437,1.2025,20.9463,2.925,39202.0,1.25,0.0,0.0,5.4701,4.926659811649256,5.218783298512188,4.91308752611586,61.2679275,0.0
4593,2009-08-07,SZSE:002091,-0.0576,5.9487,4.7493,6.3932,5.9453,4175.9986,6.3214,6.0315,31.1542,27.0273,42.7744,1.466,49.6889,47.2004,47.2048,0.0,0.0,0.0,3834.2745,28.6632,25.2826,18.1504,19.9183,1.346,1.1263,14.0941,2.925,39202.0,1.25,0.0,0.0,5.4701,5.046854778354935,5.104178183468658,4.746585521206313,41.22524249999999,0.0
4594,2009-08-10,SZSE:002091,-0.0576,6.0684,4.8448,6.1504,5.9487,4259.9993,6.0171,6.1529,31.7809,27.571,43.6348,1.4954,49.2446,50.2799,50.2838,0.0,0.0,0.0,3918.2751,29.2912,25.8365,18.5481,20.3547,1.3755,1.151,6.1161,2.925,39202.0,1.25,0.0,0.0,5.4701,4.803843859996046,4.910265954782151,4.7492356733241055,17.8895925,0.0
4595,2009-08-11,SZSE:002091,-0.0576,6.2564,4.9949,6.2872,6.041,4391.9991,6.1162,6.3435,32.7657,28.4253,44.9868,1.5418,44.9628,54.7464,54.7498,0.0,0.0,0.0,4050.2749,30.2779,26.7068,19.1729,21.0404,1.4218,1.1898,11.311,2.925,39202.0,1.25,0.0,0.0,5.4701,4.882969020522985,5.019489687360143,4.822931861773545,33.084675,0.0
4596,2009-08-12,SZSE:002091,-0.0576,6.0342,4.8175,6.4171,6.0342,4235.9993,6.318,6.1182,31.6019,27.4157,43.3889,1.487,44.8617,49.1293,49.1326,0.0,0.0,0.0,3894.2751,29.1117,25.6782,18.4344,20.23,1.3671,1.144,14.0139,2.925,39202.0,1.25,0.0,0.0,5.4701,5.044076265287858,5.1231943339630766,4.8175,40.9906575,0.0
4597,2009-08-13,SZSE:002091,-0.0576,6.3795,5.0932,6.506,6.0342,4478.3992,6.0376,6.4683,33.4103,28.9845,45.8718,1.5721,46.125,56.5836,56.5861,0.0,0.0,0.0,4136.675,30.9238,27.2766,19.5819,21.4892,1.4522,1.2152,18.6631,2.925,39202.0,1.25,0.0,0.0,5.4701,4.820237372834862,5.194193776941767,4.817522915588996,54.589567499999994,0.0
4598,2009-08-14,SZSE:002091,-0.0643,6.3795,5.0932,6.6838,6.3248,4478.3992,6.359,6.4683,33.4103,28.9845,45.8718,1.5721,46.057,56.5836,56.5861,0.0,0.0,0.0,4136.675,30.9238,27.2766,19.5819,21.4892,1.4522,1.2152,24.309,2.925,39202.0,1.25,0.0,0.0,5.4701,5.076833419546987,5.336143923504976,5.049529173132691,71.103825,0.0
4599,2009-08-17,SZSE:002091,-0.0643,5.7402,4.5828,6.1778,5.7402,4029.5993,6.1778,5.8201,30.0621,26.0798,41.2748,1.4146,50.5538,43.0408,43.043,0.0,0.0,0.0,3687.8752,27.5688,24.3172,17.4574,19.1578,1.2946,1.0833,12.9039,2.925,39202.0,1.25,0.0,0.0,5.4701,4.93216644716212,4.93216644716212,4.5828,37.7439075,0.0
4600,2009-08-18,SZSE:002091,-0.0643,5.3504,4.2716,5.7094,5.1658,3755.9991,5.7094,5.4249,28.0209,24.3091,38.4724,1.3185,51.6321,37.196,37.1981,0.0,0.0,0.0,3414.2749,25.5235,22.5132,16.1623,17.7365,1.1986,1.0029,18.2665,2.925,39202.0,1.25,0.0,0.0,5.4701,4.558214907296651,4.558214907296651,4.124220858253589,53.4295125,0.0
4601,2009-08-19,SZSE:002091,-0.0643,4.8889,3.9031,5.2991,4.8376,3431.9987,5.2991,4.957,25.6038,22.2121,35.1536,1.2048,54.3564,31.7053,31.7072,0.0,0.0,0.0,3090.2745,23.1014,20.3768,14.6285,16.0534,1.0848,0.9078,9.4398,2.925,39202.0,1.25,0.0,0.0,5.4701,4.230587087074802,4.230587087074802,3.8621441551269204,27.611414999999997,0.0
4602,2009-08-20,SZSE:002091,-0.0643,5.0359,4.0205,5.0496,4.8034,3535.1997,4.8786,5.106,26.3737,22.88,36.2107,1.241,54.5793,34.9968,34.9985,0.0,0.0,0.0,3193.4755,23.8729,21.0573,15.117,16.5895,1.1211,0.9381,10.1104,2.925,39202.0,1.25,0.0,0.0,5.4701,3.8949167576798587,4.031437637760877,3.834879505153002,29.57292,0.0
4603,2009-08-21,SZSE:002091,-0.0595,5.1829,4.1379,5.2239,4.9436,3638.3993,4.988,5.2551,27.1436,23.548,37.2678,1.2772,54.6884,38.2041,38.2057,0.0,0.0,0.0,3296.6751,24.6444,21.7377,15.6056,17.1256,1.1573,0.9684,13.3727,2.925,39202.0,1.25,0.0,0.0,5.4701,3.982296629300199,4.170633392502268,3.946848760346524,39.1151475,0.0
4604,2009-08-24,SZSE:002091,-0.0595,5.2786,4.2143,5.3265,5.1282,3705.5997,5.1624,5.3521,27.6449,22.4604,37.9561,1.3008,54.8292,40.2708,40.2723,0.0,0.0,0.0,3363.8755,25.1467,22.1808,14.9839,16.4092,1.1809,0.9704,7.2554,2.925,39202.0,1.25,0.0,0.0,5.4701,4.1215288750805135,4.252542141855796,4.094224464820217,21.222044999999998,0.0
4605,2009-08-25,SZSE:002091,-0.0595,5.0086,3.9987,5.2308,4.8889,3515.9986,5.2068,5.0783,26.2304,21.3111,36.014,1.2343,53.9959,36.5561,36.5575,0.0,0.0,0.0,3174.2744,23.7294,20.9306,14.1393,15.4843,1.1143,0.9157,9.3103,2.925,39202.0,1.25,0.0,0.0,5.4701,4.1569363015613146,4.176097104979435,3.9031354929521216,27.232627499999996,0.0
4606,2009-08-26,SZSE:002091,-0.0595,5.5111,4.3999,5.5111,4.9573,3868.7992,5.0086,5.5878,28.8624,23.4495,39.6278,1.3581,57.3258,46.4538,46.4549,0.0,0.0,0.0,3527.075,26.3667,23.257,15.7108,17.2052,1.2382,1.0175,14.5803,2.925,39202.0,1.25,0.0,0.0,5.4701,3.9987187929814376,4.3999,3.9577623831902886,42.6473775,0.0
4607,2009-08-27,SZSE:002091,-0.0595,5.4974,4.389,5.6581,5.3333,3859.1994,5.5453,5.574,28.7908,23.3914,39.5294,1.3547,57.3194,46.2424,46.2435,0.0,0.0,0.0,3517.4752,26.295,23.1937,15.668,17.1584,1.2348,1.0147,13.6367,2.925,39202.0,1.25,0.0,0.0,5.4701,4.427242278167862,4.517299250554808,4.257986266234949,39.8873475,0.0
4608,2009-08-28,SZSE:002091,-0.0601,5.1863,4.1406,5.4974,5.1111,3640.7995,5.4974,5.2585,27.1615,22.0676,37.2924,1.2781,57.906,41.6038,41.6048,0.0,0.0,0.0,3299.0753,24.6623,21.7536,14.6952,16.0931,1.1581,0.9517,9.9307,2.925,39202.0,1.25,0.0,0.0,5.4701,4.388973726934424,4.388973726934424,4.080562377803059,29.0472975,0.0
4609,2009-08-31,SZSE:002091,-0.0601,4.7009,3.753,5.094,4.6667,3299.9988,5.094,4.7663,24.619,20.0019,33.8016,1.1584,60.3473,35.6023,35.6032,0.0,0.0,0.0,2958.2746,22.1147,19.5064,13.1772,14.4306,1.0385,0.8534,8.2728,2.925,39202.0,1.25,0.0,0.0,5.4701,4.0668344359590725,4.0668344359590725,3.7256961645642326,24.19794,0.0
4610,2009-09-01,SZSE:002091,-0.0601,4.8376,3.8622,4.9641,4.6838,3395.9987,4.7009,4.905,25.3352,20.5838,34.7849,1.1921,59.4903,38.3022,38.3031,0.0,0.0,0.0,3054.2745,22.8323,20.1394,13.6048,14.8989,1.0722,0.8811,8.0591,2.925,39202.0,1.25,0.0,0.0,5.4701,3.7530626715726805,3.963193943277658,3.739410525880602,23.5728675,0.0
4611,2009-09-02,SZSE:002091,-0.0601,5.1111,4.0806,5.1795,4.8034,3587.9992,4.8547,5.1823,26.7676,21.7476,36.7515,1.2595,60.6351,43.4122,43.413,0.0,0.0,0.0,3246.275,24.2676,21.4054,14.46,15.8355,1.1396,0.9365,6.7587,2.925,39202.0,1.25,0.0,0.0,5.4701,3.8758953689029756,4.135209191759112,3.8349384750836406,19.7691975,0.0
4612,2009-09-03,SZSE:002091,-0.0601,5.265,4.2034,5.2957,5.0427,3695.9991,5.1043,5.3383,27.5733,22.4022,37.8578,1.2975,60.9893,46.1157,46.1164,0.0,0.0,0.0,3354.2749,25.075,22.1175,14.9411,16.3623,1.1775,0.9676,6.7072,2.925,39202.0,1.25,0.0,0.0,5.4701,4.075102491927826,4.227909853751188,4.025923111111112,19.61856,0.0
4613,2009-09-04,SZSE:002091,-0.1064,5.4154,4.3235,5.6239,5.1795,3801.5996,5.2137,5.4908,28.3611,23.0422,38.9394,1.3345,60.3236,48.6966,48.6972,0.0,0.0,0.0,3459.8754,25.8644,22.8138,15.4115,16.8774,1.2146,0.9981,12.8778,2.925,39202.0,1.25,0.0,0.0,5.4701,4.162468506481516,4.489960418436311,4.135164207630092,37.667564999999996,0.0
4614,2009-09-07,SZSE:002091,-0.1064,5.5043,4.3944,5.5897,5.3368,3863.9989,5.4154,5.5809,28.8266,23.4204,39.5786,1.3564,60.0295,50.214,50.2146,0.0,0.0,0.0,3522.2748,26.3309,23.2253,15.6894,17.1818,1.2365,1.0161,9.783,2.925,39202.0,1.25,0.0,0.0,5.4701,4.323426005123268,4.462579743109932,4.2606750940174045,28.615274999999997,0.0
4615,2009-09-08,SZSE:002091,-0.1064,5.5248,4.4108,5.6342,5.3675,3878.3991,5.4701,5.6017,28.9341,23.5077,39.7261,1.3615,59.8904,50.5773,50.5779,0.0,0.0,0.0,3536.6749,26.4385,23.3203,15.7536,17.2521,1.2415,1.0202,8.0406,2.925,39202.0,1.25,0.0,0.0,5.4701,4.367129503330438,4.498140993339125,4.285217383434694,23.518755,0.0
4616,2009-09-09,SZSE:002091,-0.1064,5.5521,4.4327,5.5897,5.4427,3897.5988,5.5316,5.6294,29.0773,23.6241,39.9227,1.3682,59.7354,51.0898,51.0904,0.0,0.0,0.0,3555.8746,26.582,23.4469,15.8391,17.3457,1.2483,1.0258,6.8832,2.925,39202.0,1.25,0.0,0.0,5.4701,4.416333156823544,4.462719185533401,4.345356944219304,20.13336,0.0
4617,2009-09-10,SZSE:002091,-0.1064,5.4701,4.3671,5.5727,5.4086,3839.999,5.4735,5.5462,28.6476,23.8785,39.3328,1.348,59.7876,49.4337,49.4343,0.0,0.0,0.0,3498.2748,26.1514,23.067,14.6066,15.9013,1.228,1.1966,7.9463,2.925,39202.0,1.25,0.0,0.0,6.4957,4.369814418383575,4.449011566516151,4.318000961591196,23.242927499999997,0.0
4618,2009-09-11,SZSE:002091,-0.1142,5.5419,4.4245,5.6034,5.4633,3890.3991,5.4667,5.619,29.0236,24.1919,39.849,1.3657,59.8477,50.9325,50.9331,0.0,0.0,0.0,3548.6749,26.5282,23.3994,14.817,16.1303,1.2457,1.2138,6.6193,2.925,39202.0,1.25,0.0,0.0,6.4957,4.3644623955683075,4.473599902560493,4.361747929410491,19.3614525,0.0
4619,2009-09-14,SZSE:002091,-0.1142,5.7299,4.5746,5.7778,5.5385,4022.3989,5.5419,5.8097,30.0083,25.0127,41.2011,1.412,59.7576,54.718,54.7185,0.0,0.0,0.0,3680.6748,27.515,24.2698,15.3682,16.7303,1.2921,1.259,8.1047,2.925,39202.0,1.25,0.0,0.0,6.4957,4.424505792422207,4.612842087994554,4.4217913227106935,23.706247499999996,0.0
4620,2009-09-15,SZSE:002091,-0.1142,5.747,4.5882,5.8462,5.6752,4034.3989,5.7299,5.827,30.0979,25.0873,41.324,1.4163,59.4303,55.0575,55.0579,0.0,0.0,0.0,3692.6747,27.6047,24.3489,15.4183,16.7849,1.2963,1.2631,9.0111,2.925,39202.0,1.25,0.0,0.0,6.4957,4.574547969375326,4.667397744910387,4.530877438663651,26.357467500000002,0.0
4621,2009-09-16,SZSE:002091,-0.1142,5.8359,4.6592,5.8393,5.6513,4096.799,5.6513,5.9171,30.5634,25.4754,41.9631,1.4382,59.5125,56.8682,56.8686,0.0,0.0,0.0,3755.0748,28.0712,24.7603,15.6788,17.0685,1.3182,1.2844,5.2358,2.925,39202.0,1.25,0.0,0.0,6.4957,4.511821134700732,4.661914453640399,4.511821134700732,15.314715,0.0
4622,2009-09-17,SZSE:002091,-0.1142,6.4205,5.1259,6.4205,5.8017,4507.1994,5.8701,6.5099,33.6251,28.0274,46.1668,1.5822,62.2953,66.4437,66.444,0.0,0.0,0.0,4165.4752,31.1391,27.4665,17.3924,18.934,1.4623,1.4248,14.5454,2.925,39202.0,1.25,0.0,0.0,6.4957,4.686480116813332,5.1259,4.631871977260338,42.545295,0.0
4623,2009-09-18,SZSE:002091,-0.109,6.1641,4.9212,6.7009,6.0786,4327.1996,6.4103,6.2499,32.2823,26.9081,44.3231,1.519,62.7886,60.1376,60.1379,0.0,0.0,0.0,3985.4754,29.7935,26.2796,16.6408,18.1158,1.3991,1.3633,14.4215,2.925,39202.0,1.25,0.0,0.0,6.4957,5.117757395240181,5.349762184260475,4.852939816031537,42.1828875,0.0
4624,2009-09-21,SZSE:002091,-0.109,6.6017,5.2706,6.6086,6.0171,4634.399,6.1197,6.6936,34.5741,28.8184,47.4697,1.6269,64.033,66.0583,66.0586,0.0,0.0,0.0,4292.6748,32.09,28.3052,17.9235,19.5122,1.5069,1.4683,10.9299,2.925,39202.0,1.25,0.0,0.0,6.4957,4.885785603708135,5.276108753805838,4.803872829725677,31.9699575,0.0
4625,2009-09-22,SZSE:002091,-0.109,6.3658,5.0823,6.9402,6.3521,4468.7993,6.5299,6.4544,33.3386,27.7886,45.7735,1.5687,64.2543,60.8146,60.8148,0.0,0.0,0.0,4127.0751,30.8521,27.2133,17.2321,18.7594,1.4488,1.4117,14.9175,2.925,39202.0,1.25,0.0,0.0,6.4957,5.213313451569324,5.540886999277388,5.071362252976845,43.6336875,0.0
4626,2009-09-23,SZSE:002091,-0.109,6.2598,4.9976,6.5299,6.2291,4394.3993,6.3282,6.347,32.7836,27.326,45.0114,1.5426,64.3413,58.5652,58.5655,0.0,0.0,0.0,4052.6751,30.2959,26.7227,16.9214,18.4213,1.4227,1.3862,7.7027,2.925,39202.0,1.25,0.0,0.0,6.4957,5.052208108885268,5.213238160963609,4.973090220134829,22.5303975,0.0
4627,2009-09-24,SZSE:002091,-0.109,6.0855,4.8584,6.3932,6.0342,4271.9992,6.1539,6.1702,31.8704,26.5648,43.7577,1.4997,64.5721,54.9635,54.9637,0.0,0.0,0.0,3930.2751,29.3809,25.9156,16.4103,17.8649,1.3797,1.3444,8.823,2.925,39202.0,1.25,0.0,0.0,6.4957,4.913007601676115,5.104054371867554,4.817444298742913,25.807275,0.0
4628,2009-09-25,SZSE:002091,-0.1184,6.1094,4.8776,6.1812,5.9145,4288.7995,6.1094,6.1945,31.9958,26.6693,43.9298,1.5056,64.5753,55.3692,55.3694,0.0,0.0,0.0,3947.0753,29.5065,26.0264,16.4805,17.9413,1.3856,1.3501,8.3432,2.925,39202.0,1.25,0.0,0.0,6.4957,4.8776,4.934923416374767,4.7219964644645955,24.403859999999998,0.0
4629,2009-09-28,SZSE:002091,-0.1184,5.9863,4.7793,6.253,5.9829,4202.3995,6.1162,6.0697,31.3512,26.132,43.0448,1.4752,64.4883,52.7379,52.7381,0.0,0.0,0.0,3860.6753,28.8606,25.4567,16.1197,17.5485,1.3553,1.3206,4.347,2.925,39202.0,1.25,0.0,0.0,6.4957,4.8830086464093005,4.992226066184455,4.776585531964653,12.714975,0.0
4630,2009-09-29,SZSE:002091,-0.1184,6.3248,5.0495,6.4615,5.9145,4439.9998,5.9863,6.4128,33.1238,27.6095,45.4785,1.5586,65.1777,58.5689,58.5691,0.0,0.0,0.0,4098.2756,30.6368,27.0234,17.1118,18.6285,1.4387,1.4018,7.8407,2.925,39202.0,1.25,0.0,0.0,6.4957,4.7792533914115864,5.158636518150772,4.721930772514546,22.9340475,0.0
4631,2009-09-30,SZSE:002091,-0.1184,6.3248,5.0495,6.5299,6.1573,4439.9998,6.4274,6.4128,33.1238,27.6095,45.4785,1.5586,64.8741,58.5689,58.5691,0.0,0.0,0.0,4098.2756,30.6368,27.0234,17.1118,18.6285,1.4387,1.4018,5.6078,2.925,39202.0,1.25,0.0,0.0,6.4957,5.131412266000506,5.213244695484442,4.915773834745764,16.402815,0.0
4632,2009-10-01,SZSE:002091,-0.1184,0.0,5.0495,0.0,0.0,4439.9998,0.0,6.4128,33.1238,27.6095,45.4785,1.5586,64.8741,58.5689,58.5691,0.0,0.0,0.0,4098.2756,30.6368,27.0234,17.1118,18.6285,1.4387,1.4018,0.0,2.925,39202.0,1.25,0.0,0.0,6.4957,0.0,0.0,0.0,0.0,0.0
4633,2009-10-02,SZSE:002091,-0.137,0.0,5.0495,0.0,0.0,4439.9998,0.0,6.4128,33.1238,27.6095,45.4785,1.5586,64.8741,58.5689,58.5691,0.0,0.0,0.0,4098.2756,30.6368,27.0234,17.1118,18.6285,1.4387,1.4018,0.0,2.925,39202.0,1.25,0.0,0.0,6.4957,0.0,0.0,0.0,0.0,0.0
4634,2009-10-05,SZSE:002091,-0.137,0.0,5.0495,0.0,0.0,4439.9998,0.0,6.4128,33.1238,27.6095,45.4785,1.5586,64.8741,58.5689,58.5691,0.0,0.0,0.0,4098.2756,30.6368,27.0234,17.1118,18.6285,1.4387,1.4018,0.0,2.925,39202.0,1.25,0.0,0.0,6.4957,0.0,0.0,0.0,0.0,0.0
4635,2009-10-06,SZSE:002091,-0.137,0.0,5.0495,0.0,0.0,4439.9998,0.0,6.4128,33.1238,27.6095,45.4785,1.5586,64.8741,58.5689,58.5691,0.0,0.0,0.0,4098.2756,30.6368,27.0234,17.1118,18.6285,1.4387,1.4018,0.0,2.925,39202.0,1.25,0.0,0.0,6.4957,0.0,0.0,0.0,0.0,0.0
4636,2009-10-07,SZSE:002091,-0.137,0.0,5.0495,0.0,0.0,4439.9998,0.0,6.4128,33.1238,27.6095,45.4785,1.5586,64.8741,58.5689,58.5691,0.0,0.0,0.0,4098.2756,30.6368,27.0234,17.1118,18.6285,1.4387,1.4018,0.0,2.925,39202.0,1.25,0.0,0.0,6.4957,0.0,0.0,0.0,0.0,0.0
4637,2009-10-08,SZSE:002091,-0.137,0.0,5.0495,0.0,0.0,4439.9998,0.0,6.4128,33.1238,27.6095,45.4785,1.5586,64.8741,58.5689,58.5691,0.0,0.0,0.0,4098.2756,30.6368,27.0234,17.1118,18.6285,1.4387,1.4018,0.0,2.925,39202.0,1.25,0.0,0.0,6.4957,0.0,0.0,0.0,0.0,0.0
4638,2009-10-09,SZSE:002091,-0.3144,6.4957,5.186,6.5983,6.3282,4559.999,6.4205,6.5862,34.019,28.3557,46.7076,1.6008,67.347,61.3612,61.3614,0.0,0.0,0.0,4218.2748,31.5338,27.8146,17.6128,19.174,1.4808,1.4429,7.6708,2.925,39202.0,1.25,0.0,0.0,6.4957,5.12596225195129,5.267913204119648,5.052272303215973,22.437089999999998,0.0
4639,2009-10-12,SZSE:002091,-0.3144,6.4957,5.186,6.6154,6.359,4559.999,6.4444,6.5862,34.019,28.3557,46.7076,1.6008,67.0814,61.3612,61.3614,0.0,0.0,0.0,4218.2748,31.5338,27.8146,17.6128,19.174,1.4808,1.4429,5.5834,2.925,39202.0,1.25,0.0,0.0,6.4957,5.145043397940175,5.281565404806257,5.076862231938051,16.331445,0.0
4640,2009-10-13,SZSE:002091,-0.3144,6.9402,5.5408,7.0359,6.4444,4871.9993,6.4957,7.0368,36.3466,30.2958,49.9034,1.7103,68.3763,67.8873,67.8874,0.0,0.0,0.0,4530.2752,33.8662,29.8719,18.9156,20.5922,1.5903,1.5496,10.8706,2.925,39202.0,1.25,0.0,0.0,6.4957,5.185927575574191,5.61720335437019,5.144971545488603,31.796504999999996,0.0
4641,2009-10-14,SZSE:002091,-0.3144,6.8684,5.4835,7.0086,6.7692,4821.5986,7.0086,6.964,35.9706,29.9824,49.3872,1.6926,68.4238,65.9495,65.9496,0.0,0.0,0.0,4479.8744,33.4894,29.5396,18.7051,20.3631,1.5726,1.5324,10.2991,2.925,39202.0,1.25,0.0,0.0,6.4957,5.595430973734786,5.595430973734786,5.404302049967969,30.124867499999997,0.0
4642,2009-10-15,SZSE:002091,-0.3144,6.7385,5.3798,6.8923,6.5915,4730.3989,6.8718,6.8323,35.2902,29.4153,48.453,1.6606,68.4333,62.4744,62.4745,0.0,0.0,0.0,4388.6747,32.8076,28.9382,18.3243,19.9485,1.5406,1.5012,10.3224,2.925,39202.0,1.25,0.0,0.0,6.4957,5.486222399643838,5.502588935222972,5.262439964383765,30.193019999999997,0.0
4643,2009-10-16,SZSE:002091,-0.3637,7.094,5.6636,7.1385,6.7009,4979.9999,6.7419,7.1928,37.1523,30.9674,51.0097,1.7482,69.14,67.5189,67.519,0.0,0.0,0.0,4638.2758,34.6735,30.584,19.3665,21.0831,1.6282,1.5866,10.806,2.925,39202.0,1.25,0.0,0.0,6.4957,5.382495748519876,5.699127234282491,5.349762791091062,31.607549999999996,0.0
4644,2009-10-19,SZSE:002091,-0.3637,7.4086,5.9147,7.4872,6.9812,5200.7986,7.1282,7.5117,38.7996,32.3404,53.2713,1.8257,68.9487,71.2064,71.2064,0.0,0.0,0.0,4859.0744,36.3241,32.0399,20.2884,22.0867,1.7057,1.6621,10.4103,2.925,39202.0,1.25,0.0,0.0,6.4957,5.690840987501012,5.977450778824609,5.573482660691629,30.450127499999997,0.0
4645,2009-10-20,SZSE:002091,-0.3637,7.1419,5.7018,7.4872,7.1385,5013.5984,7.3504,7.2413,37.403,31.1764,51.3538,1.76,68.5613,64.5187,64.5188,0.0,0.0,0.0,4671.8742,34.9247,30.8056,19.5068,21.2358,1.64,1.598,10.7104,2.925,39202.0,1.25,0.0,0.0,6.4957,5.868257847351546,5.977473355829681,5.699085579467649,31.32792,0.0
4646,2009-10-21,SZSE:002091,-0.3637,6.9744,5.5681,7.2615,6.9675,4895.9986,7.0872,7.0715,36.5257,30.4451,50.1493,1.7187,68.2767,60.6642,60.6643,0.0,0.0,0.0,4554.2744,34.0456,30.0301,19.0158,20.7013,1.5988,1.5578,10.199,2.925,39202.0,1.25,0.0,0.0,6.4957,5.658155299380591,5.797309897625603,5.562591298176187,29.832074999999996,0.0
4647,2009-10-22,SZSE:002091,-0.3637,7.1795,5.7319,7.2752,6.9915,5039.9992,7.1077,7.2794,37.6,31.3405,51.6242,1.7693,68.4538,63.5368,63.5369,0.0,0.0,0.0,4698.275,35.1221,30.9796,19.617,21.3558,1.6493,1.6071,8.8115,2.925,39202.0,1.25,0.0,0.0,6.4957,5.6745770081482005,5.808304043457066,5.58180637231005,25.7736375,0.0
4648,2009-10-23,SZSE:002091,-0.2736,7.135,5.6964,7.3162,7.0359,5008.7995,7.2068,6.7742,34.6856,31.1465,50.4607,1.7969,68.3574,62.4723,62.4724,0.0,0.0,0.0,4633.6176,32.4385,27.9325,19.3471,21.0619,1.671,1.585,8.2168,2.925,39202.0,1.25,0.0,0.0,6.4957,5.753723268395235,5.8410654071478625,5.61728111562719,24.034139999999997,0.0
4649,2009-10-26,SZSE:002091,-0.2736,6.9265,5.5299,7.2068,6.8991,4862.3995,7.1624,6.5762,33.6718,30.2361,48.9858,1.7444,68.4997,57.596,57.5961,0.0,0.0,0.0,4487.2176,31.4136,27.0499,18.7358,20.3964,1.6182,1.5349,7.4459,2.925,39202.0,1.25,0.0,0.0,6.4957,5.718235149065184,5.753682714213528,5.508024700786833,21.7792575,0.0
4650,2009-10-27,SZSE:002091,-0.2736,6.7009,5.3497,7.0086,6.6769,4703.9988,6.9094,6.362,32.5749,29.2512,47.39,1.6876,68.8665,52.7943,52.7944,0.0,0.0,0.0,4328.8169,30.3047,26.0951,18.0744,19.6764,1.561,1.4807,9.1943,2.925,39202.0,1.25,0.0,0.0,6.4957,5.5161571102389235,5.595353970362191,5.330539469325016,26.893327499999998,0.0
4651,2009-10-28,SZSE:002091,-0.2736,7.0222,5.6063,7.0359,6.7419,4929.5984,6.7419,6.6671,34.1372,30.654,49.6628,1.7685,69.3993,58.1461,58.1462,0.0,0.0,0.0,4554.4165,31.884,27.455,19.0164,20.7019,1.6424,1.5579,9.888,2.925,39202.0,1.25,0.0,0.0,6.4957,5.3825174404032925,5.6172376420495,5.3825174404032925,28.9224,0.0
4652,2009-10-29,SZSE:002091,-0.2736,7.0769,5.65,7.2137,6.7727,4968.0,6.906,6.7191,34.4031,30.8928,50.0497,1.7823,68.0933,58.9983,58.9983,0.0,0.0,0.0,4592.818,32.1528,27.6865,19.1767,20.8765,1.6562,1.571,11.7319,2.925,39202.0,1.25,0.0,0.0,6.4957,5.513558196385423,5.75921731266515,5.4071351863103905,34.3158075,0.0
4653,2009-10-30,SZSE:002091,-0.2303,6.9504,5.549,7.2752,6.9333,4879.1998,7.0872,6.599,33.7882,30.3406,49.1551,1.7504,68.2309,56.1513,56.1514,0.0,0.0,0.0,4504.0178,31.5312,27.1512,18.8059,20.4728,1.6242,1.5406,7.4603,2.925,39202.0,1.25,0.0,0.0,6.4957,5.658217196132597,5.808311003683241,5.535347850483426,21.8213775,0.0
4654,2009-11-02,SZSE:002091,-0.2303,7.1282,5.6909,7.2547,6.5983,5003.9992,6.8376,6.7677,34.6524,30.7728,50.4123,1.7952,68.0728,59.1358,59.1358,0.0,0.0,0.0,4628.8173,32.4049,27.9035,19.327,21.0401,1.6692,1.5833,9.9995,2.925,39202.0,1.25,0.0,0.0,7.0086,5.458895350859965,5.791893076793581,5.267846787407761,29.248537499999998,0.0
4655,2009-11-03,SZSE:002091,-0.2303,7.8427,6.2614,7.8427,7.0872,5505.5986,7.1692,7.4461,38.1259,33.8574,55.4657,1.9752,70.6073,68.435,68.435,0.0,0.0,0.0,5130.4166,35.9164,30.9273,21.4214,23.3201,1.8501,1.7549,18.5088,2.925,39202.0,1.25,0.0,0.0,7.0086,5.723695778239637,6.2614,5.658229191477425,54.138239999999996,0.0
4656,2009-11-04,SZSE:002091,-0.2303,8.1573,6.5125,8.4786,7.747,5726.3993,7.8291,7.7448,39.655,35.2153,57.6901,2.0544,70.4982,71.5086,71.5086,0.0,0.0,0.0,5351.2174,37.4622,32.2583,22.3433,24.3237,1.9297,1.8304,18.9381,2.925,39202.0,1.25,0.0,0.0,7.0086,6.250476720238315,6.769014563642382,6.184930982065145,55.393942499999994,0.0
4657,2009-11-05,SZSE:002091,-0.2303,8.1846,6.5343,8.6325,8.0479,5745.5997,8.0752,7.7707,39.7879,35.3333,57.8835,2.0613,70.4824,71.766,71.7661,0.0,0.0,0.0,5370.4178,37.5966,32.3741,22.4235,24.411,1.9367,1.837,14.3012,2.925,39202.0,1.25,0.0,0.0,7.0086,6.446958844659483,6.891887783153729,6.425163474085478,41.83101,0.0
4658,2009-11-06,SZSE:002091,-0.2071,8.6496,6.9055,8.8205,8.041,6071.9988,8.041,8.2122,42.0482,37.3406,61.1718,2.1784,71.2082,75.7738,75.7738,0.0,0.0,0.0,5696.8169,39.8816,34.3417,23.7863,25.8946,2.0544,1.9486,13.6266,2.925,39202.0,1.25,0.0,0.0,7.0086,6.419617727987422,7.041939829587495,6.419617727987422,39.857805,0.0
4659,2009-11-09,SZSE:002091,-0.2071,8.6154,6.8782,8.9675,8.4957,6047.9996,8.6496,8.1797,41.882,37.193,60.93,2.1697,69.9322,74.9316,74.9316,0.0,0.0,0.0,5672.8176,39.7136,34.197,23.6861,25.7855,2.0457,1.9404,7.8628,2.925,39202.0,1.25,0.0,0.0,7.0086,6.905503948742948,7.159302934280474,6.78263617939968,22.99869,0.0
4660,2009-11-10,SZSE:002091,-0.2071,8.5402,6.8182,8.7521,8.4479,5995.1993,8.6325,8.1083,41.5164,36.8683,60.3981,2.1508,69.9385,73.0089,73.0089,0.0,0.0,0.0,5620.0174,39.3439,33.8787,23.4656,25.5455,2.0267,1.9224,5.6159,2.925,39202.0,1.25,0.0,0.0,7.0086,6.891889124376478,6.987373623568534,6.744510875623522,16.4265075,0.0
4661,2009-11-11,SZSE:002091,-0.2071,9.1521,7.3068,9.2239,8.4103,6424.7988,8.4103,8.6893,44.4913,39.5102,64.7261,2.3049,70.9583,77.9634,77.9634,0.0,0.0,0.0,6049.6168,42.3514,36.4684,25.2594,27.4983,2.1816,2.0693,13.182,2.925,39202.0,1.25,0.0,0.0,7.0086,6.714566060248466,7.364123263513292,6.714566060248466,38.55735,0.0
4662,2009-11-12,SZSE:002091,-0.2071,8.6496,6.9055,9.1966,8.5504,6071.9988,9.0769,8.2122,42.0482,37.3406,61.1718,2.1784,71.5924,67.0745,67.0745,0.0,0.0,0.0,5696.8169,39.8816,34.3417,23.7863,25.8946,2.0544,1.9486,17.8858,2.925,39202.0,1.25,0.0,0.0,7.0086,7.246639491999631,7.342203257954126,6.826302626711062,52.315965,0.0
4663,2009-11-13,SZSE:002091,-0.088,8.8376,7.0557,8.8752,8.3624,6203.9987,8.547,8.3907,42.9623,38.1523,62.5016,2.2257,70.9251,68.8287,68.8287,0.0,0.0,0.0,5828.8168,40.8057,35.1374,24.3374,26.4946,2.102,1.9938,11.448,2.925,39202.0,1.25,0.0,0.0,7.0086,6.823692846474156,7.085718819589029,6.676313216257807,33.4854,0.0
4664,2009-11-16,SZSE:002091,-0.088,8.7521,6.9874,9.0086,8.7077,6143.9988,8.8957,8.3095,42.5468,37.7834,61.8972,2.2042,70.9836,67.0792,67.0792,0.0,0.0,0.0,5768.8168,40.3856,34.7757,24.0869,26.2219,2.0803,1.9733,13.5667,2.925,39202.0,1.25,0.0,0.0,7.0086,7.102045701031752,7.192181492441812,6.951952443413581,39.6825975,0.0
4665,2009-11-17,SZSE:002091,-0.088,8.8171,7.0393,8.9231,8.6803,6189.5993,8.6838,8.3712,42.8626,38.0638,62.3566,2.2205,67.1494,67.7501,67.7501,0.0,0.0,0.0,5814.4174,40.7049,35.0506,24.2773,26.4292,2.0968,1.9889,9.3858,2.925,39202.0,1.25,0.0,0.0,7.0086,6.932877401866826,7.123927122296447,6.930083110092888,27.453464999999998,0.0
4666,2009-11-18,SZSE:002091,-0.088,8.5744,6.8455,8.8103,8.465,6019.1993,8.7863,8.1408,41.6826,37.0159,60.6399,2.1594,65.6173,62.615,62.615,0.0,0.0,0.0,5644.0174,39.5119,34.0234,23.5658,25.6546,2.0353,1.9306,10.2628,2.925,39202.0,1.25,0.0,0.0,7.0086,7.014673522345587,7.033834279949618,6.758158879921627,30.01869,0.0
4667,2009-11-19,SZSE:002091,-0.088,8.7863,7.0147,8.9265,8.4205,6167.9995,8.5504,8.342,42.713,37.9309,62.139,2.2128,62.4534,65.1025,65.1025,0.0,0.0,0.0,5792.8175,40.5536,34.9204,24.1871,26.331,2.089,1.9815,17.8704,2.925,39202.0,1.25,0.0,0.0,7.0086,6.826365009161991,7.12663118149847,6.722657017174465,52.27092,0.0
4668,2009-11-20,SZSE:002091,-0.2007,8.718,6.9601,8.8068,8.5231,6119.9988,8.7145,8.2771,42.3806,37.6358,61.6554,2.1956,62.417,63.6316,63.6316,0.0,0.0,0.0,5744.8169,40.2176,34.631,23.9867,26.1128,2.0717,1.9651,9.2592,2.925,39202.0,1.25,0.0,0.0,7.0086,6.957305740995641,7.03099434273916,6.804499691442991,27.08316,0.0
4669,2009-11-23,SZSE:002091,-0.2007,8.6222,6.8837,8.7966,8.547,6052.7984,8.6701,8.1862,41.9153,37.2225,60.9784,2.1715,62.4155,61.5356,61.5356,0.0,0.0,0.0,5677.6165,39.7472,34.2259,23.7061,25.8074,2.0474,1.9421,8.7185,2.925,39202.0,1.25,0.0,0.0,7.0086,6.92194189070075,7.022935610401059,6.823662626707802,25.5016125,0.0
4670,2009-11-24,SZSE:002091,-0.2007,8.4821,6.7718,8.8821,8.4444,5954.3991,8.6496,8.0531,41.2339,34.515,59.9871,2.1362,62.5862,58.4971,58.4971,0.0,0.0,0.0,5579.2172,39.0583,33.6327,21.8151,23.6909,2.012,1.85,12.7055,2.925,39202.0,1.25,0.0,0.0,7.0086,6.905525905141414,7.091145445113826,6.741701691798021,37.1635875,0.0
4671,2009-11-25,SZSE:002091,-0.2007,8.6393,6.8974,8.6701,8.3419,6064.7984,8.4308,8.2024,41.9984,35.1549,61.0993,2.1758,61.3466,60.8338,60.8338,0.0,0.0,0.0,5689.6165,39.8312,34.2983,22.2468,24.1597,2.0518,1.8866,6.6061,2.925,39202.0,1.25,0.0,0.0,7.0086,6.7309388399523105,6.921989945944695,6.659963314157398,19.322842499999997,0.0
4672,2009-11-26,SZSE:002091,-0.2007,7.9829,6.3733,8.6838,7.8735,5603.9986,8.6393,7.5792,38.8074,32.4838,56.457,2.0105,61.266,48.5474,48.5474,0.0,0.0,0.0,5228.8167,36.6053,31.5205,20.445,22.203,1.8856,1.7338,10.142,2.925,39202.0,1.25,0.0,0.0,7.0086,6.897349420636612,6.9328768417492395,6.285958429893898,29.665349999999997,0.0
4673,2009-11-27,SZSE:002091,-0.0534,7.9556,6.3515,8.2735,7.6444,5584.7989,7.8633,7.5533,38.6744,32.3726,56.2636,2.0036,61.2707,48.1114,48.1114,0.0,0.0,0.0,5209.617,36.4709,31.4047,20.37,22.1215,1.8787,1.7275,8.6454,2.925,39202.0,1.25,0.0,0.0,7.0086,6.277810592538589,6.605301328623862,6.10304773995676,25.287795,0.0
4674,2009-11-30,SZSE:002091,-0.0534,8.441,6.739,8.6188,7.9316,5925.5989,8.0615,8.0142,41.0344,34.348,59.6969,2.1258,60.7284,55.7143,55.7143,0.0,0.0,0.0,5550.4169,38.8567,33.4591,21.7025,23.5687,2.0016,1.8405,8.8832,2.925,39202.0,1.25,0.0,0.0,7.0086,6.436020435967302,6.880949318801089,6.332312806539509,25.98336,0.0
4675,2009-12-01,SZSE:002091,-0.0534,8.4103,6.7145,8.5812,8.335,5903.999,8.3761,7.985,40.8848,34.2228,59.4793,2.1181,56.9858,55.1626,55.1627,0.0,0.0,0.0,5528.8171,38.7055,33.3289,21.6181,23.4769,1.9938,1.8333,9.8579,2.925,39202.0,1.25,0.0,0.0,7.0086,6.687195872917732,6.850940798782447,6.654383018441674,28.8343575,0.0
4676,2009-12-02,SZSE:002091,-0.0534,8.5128,6.7964,8.6462,8.3761,5975.9989,8.4308,8.0823,41.3834,34.6402,60.2047,2.1439,56.1826,56.7017,56.7017,0.0,0.0,0.0,5600.817,39.2095,33.763,21.8996,23.7827,2.0198,1.8572,11.722,2.925,39202.0,1.25,0.0,0.0,7.0086,6.730933314538107,6.902903120007518,6.687262245089746,34.286849999999994,0.0
4677,2009-12-03,SZSE:002091,-0.0534,8.8513,7.0666,8.8513,8.3761,6213.5986,8.5094,8.4037,43.0288,36.0174,62.5983,2.2292,56.366,61.4093,61.4093,0.0,0.0,0.0,5838.4166,40.8729,35.1953,22.8286,24.7916,2.1054,1.936,16.2053,2.925,39202.0,1.25,0.0,0.0,7.0086,6.793637775242055,7.0666,6.687215240699106,47.4005025,0.0
4678,2009-12-04,SZSE:002091,0.2136,8.4034,6.709,8.9915,8.2598,5899.1994,8.7795,7.9785,40.8516,34.195,59.431,2.1164,57.5788,53.1712,53.1712,0.0,0.0,0.0,5524.0175,38.6719,33.3,21.5993,23.4566,1.9921,1.8317,12.9967,2.925,39202.0,1.25,0.0,0.0,7.0086,7.009265951876622,7.178519825308803,6.594354451769522,38.0153475,0.0
4679,2009-12-07,SZSE:002091,0.2136,8.3248,6.6462,8.5333,8.2051,5843.9998,8.3795,7.9038,40.4693,33.875,58.8749,2.0966,57.6515,51.8559,51.8559,0.0,0.0,0.0,5468.8178,38.2854,32.9672,21.3835,23.2222,1.9721,1.8134,11.0997,2.925,39202.0,1.25,0.0,0.0,7.0086,6.689870375264271,6.812658377378437,6.550636125792812,32.4666225,0.0
4680,2009-12-08,SZSE:002091,0.2136,8.1368,6.4961,8.318,7.8633,5711.9992,8.318,7.7253,39.5552,33.1099,57.545,2.0492,57.9756,48.7502,48.7503,0.0,0.0,0.0,5336.8173,37.3613,32.1715,20.8673,22.6616,1.9245,1.7697,13.2521,2.925,39202.0,1.25,0.0,0.0,7.0086,6.640762928915544,6.640762928915544,6.277748393717433,38.7623925,0.0
4681,2009-12-09,SZSE:002091,0.2136,7.9145,6.3187,8.0615,7.8633,5555.9987,8.0615,7.5143,38.475,32.2056,55.9734,1.9932,58.4025,45.2975,45.2975,0.0,0.0,0.0,5180.8167,36.2692,31.2311,20.2574,21.9992,1.8683,1.7179,8.492,2.925,39202.0,1.25,0.0,0.0,7.0086,6.436060401794175,6.436060401794175,6.277823451892096,24.839100000000002,0.0
4682,2009-12-10,SZSE:002091,0.2136,8.0855,6.4552,8.1436,7.959,5675.9992,7.959,7.6766,39.306,32.9012,57.1823,2.0363,58.3203,48.3291,48.3291,0.0,0.0,0.0,5300.8173,37.1093,31.9545,20.7266,22.5088,1.9116,1.7577,12.152,2.925,39202.0,1.25,0.0,0.0,7.0086,6.354206517840579,6.501585148723022,6.354206517840579,35.544599999999996,0.0
4683,2009-12-11,SZSE:002091,0.344,7.9145,6.3187,8.065,7.8667,5555.9987,8.0615,7.5143,38.475,32.2056,55.9734,1.9932,58.5859,45.6071,45.6071,0.0,0.0,0.0,5180.8167,36.2692,31.2311,20.2574,21.9992,1.8683,1.7179,11.5486,2.925,39202.0,1.25,0.0,0.0,7.0086,6.436060401794175,6.438854697074988,6.280537910164887,33.779655,0.0
4684,2009-12-14,SZSE:002091,0.344,7.9521,6.3487,7.9932,7.7436,5582.3995,7.8633,7.55,38.6578,32.3586,56.2394,2.0027,58.3061,46.3234,46.3234,0.0,0.0,0.0,5207.2175,36.4541,31.3903,20.3606,22.1113,1.8778,1.7267,7.2257,2.925,39202.0,1.25,0.0,0.0,7.0086,6.277804945863357,6.38151291357,6.182240328969707,21.1351725,0.0
4685,2009-12-15,SZSE:002091,0.344,8.0034,6.3897,8.0581,7.9214,5618.3994,7.9692,7.5987,38.9071,32.5673,56.6021,2.0156,58.3045,47.3417,47.3417,0.0,0.0,0.0,5243.2175,36.7061,31.6073,20.5013,22.2642,1.8908,1.7386,6.7827,2.925,39202.0,1.25,0.0,0.0,7.0086,6.362395636854338,6.433371013569234,6.324233398305721,19.8393975,0.0
4686,2009-12-16,SZSE:002091,0.344,7.9795,6.3706,8.147,7.9658,5601.5985,8.0034,7.576,38.7907,32.4699,56.4328,2.0096,58.2934,46.8946,46.8946,0.0,0.0,0.0,5226.4165,36.5885,31.506,20.4357,22.1929,1.8847,1.733,6.5881,2.925,39202.0,1.25,0.0,0.0,7.0086,6.389681062723227,6.504327113227646,6.359662319694216,19.270192499999997,0.0
4687,2009-12-17,SZSE:002091,0.344,7.7983,6.2259,8.0274,7.7573,5474.3989,7.9727,7.4039,37.9099,31.7326,55.1513,1.964,55.4252,43.5416,43.5416,0.0,0.0,0.0,5099.217,35.698,30.7392,19.9383,21.6527,1.8389,1.6909,5.5981,2.925,39202.0,1.25,0.0,0.0,7.0086,6.365135084569713,6.4088057217598715,6.193166981265148,16.374442499999997,0.0
4688,2009-12-18,SZSE:002091,0.3868,7.265,5.8001,7.7949,7.2615,5099.9991,7.7949,6.8976,35.3172,29.5624,51.3795,1.8296,56.785,35.4966,35.4966,0.0,0.0,0.0,4724.8172,33.0769,28.4822,18.4744,20.0629,1.7039,1.5667,5.5372,2.925,39202.0,1.25,0.0,0.0,7.0086,6.223152028905713,6.223152028905713,5.797305732966276,16.19631,0.0
4689,2009-12-21,SZSE:002091,0.3868,7.3436,5.8629,7.3641,7.1077,5155.1995,7.2957,6.9722,35.6994,29.8824,51.9356,1.8495,55.1201,37.335,37.335,0.0,0.0,0.0,4780.0176,33.4634,28.815,18.6902,20.2973,1.7238,1.585,5.6602,2.925,39202.0,1.25,0.0,0.0,7.0086,5.8246581417833205,5.87926655727436,5.674564836047715,16.556085,0.0
4690,2009-12-22,SZSE:002091,0.3868,6.9368,5.5381,7.4222,6.841,4869.5985,7.3846,6.586,33.7217,28.2269,49.0583,1.747,55.8933,32.2186,32.2186,0.0,0.0,0.0,4494.4166,31.464,27.0933,17.5735,19.0846,1.6208,1.4903,10.2401,2.925,39202.0,1.25,0.0,0.0,7.0086,5.895607954676508,5.92562648771768,5.461616609964249,29.9522925,0.0
4691,2009-12-23,SZSE:002091,0.3868,7.0051,5.5927,7.0393,6.7932,4917.5985,6.9333,6.6509,34.0541,28.5051,49.5419,1.7642,55.7873,33.8591,33.8591,0.0,0.0,0.0,4542.4165,31.8,27.3827,17.7612,19.2884,1.6381,1.5062,9.4208,2.925,39202.0,1.25,0.0,0.0,7.0086,5.535376641304193,5.620004441050091,5.423524238055131,27.555839999999996,0.0
4692,2009-12-24,SZSE:002091,0.3868,7.3709,5.8847,7.4667,6.9231,5174.3992,7.0017,6.9982,35.8324,29.9937,52.129,1.8563,56.3202,41.9536,41.9536,0.0,0.0,0.0,4799.2173,33.5978,28.9307,18.7653,20.3788,1.7307,1.5914,9.5675,2.925,39202.0,1.25,0.0,0.0,7.0086,5.589942068132792,5.961183775386996,5.527190244067888,27.9849375,0.0
4693,2009-12-25,SZSE:002091,0.5527,7.5829,6.054,7.7197,7.3026,5323.1986,7.3539,7.1994,36.8628,30.8562,53.6281,1.9097,56.5558,46.072,46.072,0.0,0.0,0.0,4948.0167,34.6395,29.8277,19.3471,21.0107,1.7843,1.6407,10.3987,2.925,39202.0,1.25,0.0,0.0,7.0086,5.871172058183545,6.163217739914808,5.830215405715491,30.4161975,0.0
4694,2009-12-28,SZSE:002091,0.5527,7.7675,6.2013,7.8974,7.5316,5452.7983,7.5316,7.3747,37.7603,31.6074,54.9337,1.9562,56.483,49.4368,49.4369,0.0,0.0,0.0,5077.6164,35.5468,30.609,19.8538,21.561,1.8311,1.6837,7.4073,2.925,39202.0,1.25,0.0,0.0,7.0086,6.012965700675893,6.305007611200516,6.012965700675893,21.6663525,0.0
4695,2009-12-29,SZSE:002091,0.5527,7.706,6.1522,7.7949,7.6,5409.5987,7.7778,7.3163,37.4611,31.357,54.4985,1.9407,55.5312,48.3538,48.3538,0.0,0.0,0.0,5034.4167,35.2443,30.3486,19.6849,21.3776,1.8155,1.6694,6.947,2.925,39202.0,1.25,0.0,0.0,7.0086,6.209522600570983,6.223174640539838,6.067573319491305,20.319975,0.0
4696,2009-12-30,SZSE:002091,0.5527,7.5145,5.9994,7.7265,7.4735,5275.1987,7.7026,7.1345,36.5304,30.5779,53.1445,1.8925,55.8363,45.0473,45.0473,0.0,0.0,0.0,4900.0167,34.3034,29.5384,19.1594,20.8069,1.767,1.6248,10.8317,2.925,39202.0,1.25,0.0,0.0,7.0086,6.149574614412136,6.168655812096612,5.966666564641692,31.682722499999997,0.0
4697,2009-12-31,SZSE:002091,0.5527,7.4496,5.9475,7.5214,7.3265,5229.5988,7.3675,7.0729,36.2147,30.3136,52.6851,1.8761,55.4126,43.9492,43.9492,0.0,0.0,0.0,4854.4169,33.9842,29.2635,18.9811,20.6132,1.7506,1.6097,7.2719,2.925,39202.0,1.25,0.0,0.0,7.0086,5.88195423244201,6.004822607925257,5.849221266913659,21.270307499999998,0.0
4698,2010-01-01,SZSE:002091,0.5704,0.0,5.9475,0.0,0.0,5229.5988,0.0,7.0729,36.2147,30.3136,52.6851,1.8761,55.4126,43.9492,43.9492,0.0,0.0,0.0,4854.4169,33.9842,29.2635,18.9811,20.6132,1.7506,1.6097,0.0,2.925,39202.0,1.25,0.0,0.0,7.0086,0.0,0.0,0.0,0.0,0.0
4699,2010-01-04,SZSE:002091,0.5704,7.6444,6.1031,7.7539,7.3709,5366.399,7.4496,7.2579,37.162,31.1066,54.0633,1.9252,55.147,48.0412,48.0412,0.0,0.0,0.0,4991.2171,34.9419,30.0882,19.516,21.1941,1.7999,1.6551,9.3693,2.925,39202.0,1.25,0.0,0.0,7.0086,5.947576495212182,6.190522093297054,5.884744360577678,27.4052025,0.0
4700,2010-01-05,SZSE:002091,0.5704,7.9419,6.3405,7.9829,7.5932,5575.1998,7.6581,7.5403,38.6079,32.3169,56.1669,2.0001,55.1454,53.6083,53.6083,0.0,0.0,0.0,5200.0178,36.4037,31.3468,20.3324,22.0808,1.8752,1.7243,11.47,2.925,39202.0,1.25,0.0,0.0,7.0086,6.113925263475993,6.373232784346314,6.062111660937559,33.54975,0.0
4701,2010-01-06,SZSE:002091,0.5704,8.0,6.3869,8.335,7.918,5616.0,7.9658,7.5954,38.8905,32.5534,56.5779,2.0148,54.7027,54.6312,54.6312,0.0,0.0,0.0,5240.8181,36.6893,31.5928,20.492,22.254,1.8899,1.7378,16.7816,2.925,39202.0,1.25,0.0,0.0,7.0086,6.3595960025,6.654351437500001,6.321434275,49.08618,0.0
4702,2010-01-07,SZSE:002091,0.5704,7.8462,6.2641,8.1709,7.788,5507.9994,8.0,7.4494,38.1426,31.9274,55.4898,1.976,54.4592,51.4004,51.4004,0.0,0.0,0.0,5132.8175,35.9332,30.9418,20.0697,21.7954,1.851,1.702,8.3508,2.925,39202.0,1.25,0.0,0.0,7.0086,6.386887920267135,6.523327813463842,6.217635390380057,24.42609,0.0
4703,2010-01-08,SZSE:002091,0.6245,7.7778,6.2095,7.8564,7.5761,5459.9988,7.8462,7.3845,37.8102,31.6491,55.0063,1.9588,54.0844,49.9855,49.9855,0.0,0.0,0.0,5084.8168,35.5972,30.6524,19.882,21.5916,1.8337,1.6861,7.0643,2.925,39202.0,1.25,0.0,0.0,7.0086,6.264107961120111,6.272251253567847,6.048470383656047,20.6630775,0.0
4704,2010-01-11,SZSE:002091,0.6245,8.065,6.4388,8.1368,7.665,5661.5984,7.7846,7.6571,39.2062,32.8177,57.0373,2.0311,54.2789,55.523,55.523,0.0,0.0,0.0,5286.4165,37.0085,31.8677,20.6703,22.4476,1.9064,1.7529,7.8469,2.925,39202.0,1.25,0.0,0.0,7.0086,6.214938931184129,6.49612248481091,6.119454680719157,22.9521825,0.0
4705,2010-01-12,SZSE:002091,0.6245,8.2803,6.6108,8.3077,7.8462,5812.7994,8.065,7.8616,40.2533,33.6942,58.5605,2.0854,54.4623,59.174,59.174,0.0,0.0,0.0,5437.6175,38.067,32.7792,21.2615,23.0897,1.9609,1.8031,10.8977,2.925,39202.0,1.25,0.0,0.0,7.0086,6.438909459802181,6.632675526249049,6.2642246005579505,31.8757725,0.0
4706,2010-01-13,SZSE:002091,0.6245,8.2462,6.5835,8.3043,8.0205,5788.7994,8.1333,7.8292,40.0871,33.5551,58.3187,2.0768,53.0409,58.3552,58.3552,0.0,0.0,0.0,5413.6175,37.899,32.6345,21.1676,22.9878,1.9522,1.7951,10.6777,2.925,39202.0,1.25,0.0,0.0,7.0086,6.493364282942446,6.629885165288253,6.403308402658194,31.232272499999997,0.0
4707,2010-01-14,SZSE:002091,0.6245,8.6496,6.9055,8.7214,8.2496,6071.9988,8.2496,8.2122,42.0482,35.1966,61.1718,2.1784,53.7034,64.583,64.5831,0.0,0.0,0.0,5696.8169,39.8816,34.3417,22.2749,24.1903,2.0544,1.889,16.3233,2.925,39202.0,1.25,0.0,0.0,7.0086,6.586155752867184,6.9628222923603404,6.586155752867184,47.7456525,0.0
4708,2010-01-15,SZSE:002091,0.719,8.9197,7.1212,9.0393,8.6427,6261.5985,8.7795,8.4686,43.3612,36.2957,63.0819,2.2464,53.7714,68.0301,68.0301,0.0,0.0,0.0,5886.4166,41.2089,35.4846,23.0163,24.9954,2.1227,1.9519,15.4089,2.925,39202.0,1.25,0.0,0.0,7.0086,7.009268854333666,7.216684771909369,6.900052158704888,45.071032499999994,0.0
4709,2010-01-18,SZSE:002091,0.719,8.9231,7.1239,9.2274,8.8034,6263.9994,9.094,8.4718,43.3778,36.3096,63.1061,2.2472,52.9508,68.0725,68.0725,0.0,0.0,0.0,5888.8174,41.2257,35.4991,23.0257,25.0056,2.1236,1.9527,10.2428,2.925,39202.0,1.25,0.0,0.0,7.0086,7.260340756015285,7.366842785579002,7.02833558516659,29.96019,0.0
4710,2010-01-19,SZSE:002091,0.719,9.118,7.2795,9.1282,8.718,6400.7995,8.9299,8.6569,44.3251,36.8432,64.4843,2.2963,52.4812,70.474,70.474,0.0,0.0,0.0,6025.6176,42.1834,36.3237,23.5606,25.3756,2.1729,1.9332,14.4077,2.925,39202.0,1.25,0.0,0.0,7.0086,7.129327379907874,7.287643331871024,6.960153652116691,42.1425225,0.0
4711,2010-01-20,SZSE:002091,0.719,8.7316,6.9711,9.1966,8.718,6129.5986,9.1145,8.2901,42.4471,35.2821,61.7521,2.199,52.693,60.7227,60.7228,0.0,0.0,0.0,5754.4167,40.2848,34.6889,22.5002,24.2335,2.0751,1.8462,11.5262,2.925,39202.0,1.25,0.0,0.0,7.0086,7.276798175592101,7.342344846305373,6.960242086215585,33.714135,0.0
4712,2010-01-21,SZSE:002091,0.719,8.6188,6.881,8.8205,8.5402,6050.399,8.7521,8.183,41.8986,34.8263,60.9542,2.1706,52.5223,58.1905,58.1905,0.0,0.0,0.0,5675.2171,39.7304,34.2115,22.1905,23.8999,2.0466,1.8207,4.8832,2.925,39202.0,1.25,0.0,0.0,7.0086,6.987422854689749,7.042031431289738,6.818248039170187,14.28336,0.0
4713,2010-01-22,SZSE:002091,0.8758,8.2427,6.5807,8.5436,7.9145,5786.3993,8.4991,7.8259,40.0705,33.3067,58.2946,2.0759,53.0931,50.6138,50.6138,0.0,0.0,0.0,5411.2173,37.8822,32.62,21.1582,22.7882,1.9514,1.7361,8.8661,2.925,39202.0,1.25,0.0,0.0,7.0086,6.785401309037088,6.820928642313805,6.318675937496209,25.9333425,0.0
4714,2010-01-25,SZSE:002091,0.8758,7.7607,6.1959,8.4034,7.6718,5447.9988,8.1846,7.3682,37.7271,31.3588,54.8854,1.9545,54.4655,42.9025,42.9025,0.0,0.0,0.0,5072.8168,35.5132,30.5801,19.8351,21.3631,1.8293,1.6275,8.7358,2.925,39202.0,1.25,0.0,0.0,7.0086,6.5343284935637245,6.709011565966987,6.124925022227377,25.552214999999997,0.0
4715,2010-01-26,SZSE:002091,0.8758,7.6821,6.1331,7.9145,7.5419,5392.7991,7.7641,7.2936,37.3448,31.0411,54.3293,1.9347,54.1667,41.7842,41.7842,0.0,0.0,0.0,5017.6172,35.1267,30.2473,19.6192,21.1306,1.8094,1.6098,7.3249,2.925,39202.0,1.25,0.0,0.0,7.0086,6.1985657190091255,6.318639428020984,6.021169587742935,21.4253325,0.0
4716,2010-01-27,SZSE:002091,0.8758,7.8974,6.3051,8.0547,7.6068,5543.9987,7.6068,7.4981,38.3919,31.9114,55.8525,1.9889,53.9564,45.9409,45.9409,0.0,0.0,0.0,5168.8167,36.1852,31.1588,20.2104,21.7673,1.864,1.6583,8.709,2.925,39202.0,1.25,0.0,0.0,7.0086,6.0730917365208805,6.430684651910756,6.0730917365208805,25.473824999999998,0.0
4717,2010-01-28,SZSE:002091,0.8758,8.147,6.5043,8.2598,7.894,5719.1989,7.9966,7.735,39.6051,32.9199,57.6176,2.0518,53.5374,50.3634,50.3634,0.0,0.0,0.0,5344.017,37.4117,32.2149,20.8955,22.5052,1.9271,1.7145,8.648,2.925,39202.0,1.25,0.0,0.0,7.0086,6.384225528415367,6.594355853688474,6.302313023198723,25.295399999999997,0.0
4718,2010-01-29,SZSE:002091,0.8895,8.1573,6.5125,8.3111,8.0034,5726.3993,8.1641,7.7448,39.655,32.9613,57.6901,2.0544,53.5263,50.5425,50.5425,0.0,0.0,0.0,5351.2174,37.4622,32.2583,20.9236,22.5355,1.9297,1.7168,7.3473,2.925,39202.0,1.25,0.0,0.0,7.0086,6.517928879653806,6.6352884839346356,6.3896316795998676,21.4908525,0.0
4719,2010-02-01,SZSE:002091,0.8895,8.3487,6.6654,8.3932,7.8701,5860.7993,8.1368,7.9265,40.5857,33.7349,59.0441,2.1026,53.5295,53.8867,53.8867,0.0,0.0,0.0,5485.6174,38.403,33.0685,21.4491,23.1015,1.9782,1.7599,6.5979,2.925,39202.0,1.25,0.0,0.0,7.0086,6.496224169032304,6.700927722879012,6.283297344496749,19.2988575,0.0
4720,2010-02-02,SZSE:002091,0.8895,8.1436,6.5016,8.6154,8.1026,5716.7995,8.4103,7.7318,39.5885,32.9061,57.5934,2.0509,53.6117,49.9867,49.9867,0.0,0.0,0.0,5341.6176,37.3949,32.2004,20.8861,22.4951,1.9263,1.7137,4.4478,2.925,39202.0,1.25,0.0,0.0,7.0086,6.714525084729113,6.878270622329191,6.468866859865417,13.009815,0.0
4721,2010-02-03,SZSE:002091,0.8895,8.4786,6.7691,8.4786,7.8633,5951.9997,8.1539,8.0499,41.2172,34.2599,59.9629,2.1353,50.8747,55.6346,55.6346,0.0,0.0,0.0,5576.8177,39.0415,33.6183,21.8057,23.4855,2.0111,1.7892,3.9301,2.925,39202.0,1.25,0.0,0.0,7.0086,6.509867724624348,6.7691,6.277860027598895,11.495542499999999,0.0
4722,2010-02-04,SZSE:002091,0.8895,8.5094,6.7936,8.6701,8.2735,5973.5995,8.3282,8.0791,41.3668,34.3842,60.1805,2.1431,50.3071,56.1247,56.1247,0.0,0.0,0.0,5598.4176,39.1927,33.7485,21.8902,23.5765,2.0189,1.7961,5.9037,2.925,39202.0,1.25,0.0,0.0,7.0086,6.648936413848215,6.9218971208310816,6.605265894187604,17.268322499999996,0.0
4723,2010-02-05,SZSE:002091,0.8305,7.9385,6.3378,8.4274,7.9385,5572.7989,8.4103,7.537,38.5913,32.0772,56.1427,1.9993,52.1475,45.9767,45.9767,0.0,0.0,0.0,5197.617,36.3868,31.3324,20.323,21.8886,1.8744,1.6675,6.0001,2.925,39202.0,1.25,0.0,0.0,7.0086,6.714467385526232,6.728119382754929,6.3378,17.550292499999998,0.0
4724,2010-02-08,SZSE:002091,0.8305,7.1624,5.7182,7.9282,7.1453,5027.9992,7.6889,6.8002,34.8186,28.9413,50.6541,1.8038,54.7058,36.3545,36.3545,0.0,0.0,0.0,4652.8173,32.5729,28.0482,18.1928,19.5943,1.6779,1.4927,21.1407,2.925,39202.0,1.25,0.0,0.0,7.0086,6.138538475929857,6.329586903831119,5.704547981123646,61.836547499999995,0.0
4725,2010-02-09,SZSE:002091,0.8305,7.0462,5.6254,7.1385,6.9333,4946.3994,7.0769,6.6898,34.2535,28.4716,49.8321,1.7745,54.7691,35.1674,35.1674,0.0,0.0,0.0,4571.2175,32.0016,27.5563,17.8738,19.2507,1.6485,1.4666,6.0103,2.925,39202.0,1.25,0.0,0.0,7.0086,5.649909633561352,5.699088572563935,5.535265223808578,17.5801275,0.0
4726,2010-02-10,SZSE:002091,0.8305,7.3504,5.8683,7.3504,7.0872,5159.9991,7.0906,6.9787,35.7327,29.7011,51.984,1.8512,55.4727,40.6325,40.6325,0.0,0.0,0.0,4784.8171,33.497,28.8439,18.709,20.1502,1.7255,1.5351,6.222,2.925,39202.0,1.25,0.0,0.0,7.0086,5.660884847083151,5.8683,5.658170407052678,18.19935,0.0
4727,2010-02-11,SZSE:002091,0.8305,7.306,5.8329,7.412,7.2513,5128.7987,7.3504,6.9365,35.5166,29.5215,51.6696,1.84,53.6148,40.1007,40.1007,0.0,0.0,0.0,4753.6167,33.2785,28.6558,18.587,20.0188,1.7142,1.5251,3.986,2.925,39202.0,1.25,0.0,0.0,7.0086,5.868347681357788,5.917527347385711,5.789229095264166,11.65905,0.0
4728,2010-02-12,SZSE:002091,0.8595,7.3094,5.8356,7.3333,7.1009,5131.1995,7.2957,6.9398,35.5332,29.5353,51.6938,1.8408,52.5681,40.1656,40.1656,0.0,0.0,0.0,4756.0176,33.2953,28.6703,18.5964,20.0289,1.7151,1.5258,6.8681,2.925,39202.0,1.25,0.0,0.0,7.0086,5.824662341642269,5.854681024434291,5.669140016964457,20.0891925,0.0
4729,2010-02-15,SZSE:002091,0.8595,0.0,5.8356,0.0,0.0,5131.1995,0.0,6.9398,35.5332,29.5353,51.6938,1.8408,52.5681,40.1656,40.1656,0.0,0.0,0.0,4756.0176,33.2953,28.6703,18.5964,20.0289,1.7151,1.5258,0.0,2.925,39202.0,1.25,0.0,0.0,7.0086,0.0,0.0,0.0,0.0,0.0
4730,2010-02-16,SZSE:002091,0.8595,0.0,5.8356,0.0,0.0,5131.1995,0.0,6.9398,35.5332,29.5353,51.6938,1.8408,52.5681,40.1656,40.1656,0.0,0.0,0.0,4756.0176,33.2953,28.6703,18.5964,20.0289,1.7151,1.5258,0.0,2.925,39202.0,1.25,0.0,0.0,7.0086,0.0,0.0,0.0,0.0,0.0
4731,2010-02-17,SZSE:002091,0.8595,0.0,5.8356,0.0,0.0,5131.1995,0.0,6.9398,35.5332,29.5353,51.6938,1.8408,52.5681,40.1656,40.1656,0.0,0.0,0.0,4756.0176,33.2953,28.6703,18.5964,20.0289,1.7151,1.5258,0.0,2.925,39202.0,1.25,0.0,0.0,7.0086,0.0,0.0,0.0,0.0,0.0
4732,2010-02-18,SZSE:002091,0.8595,0.0,5.8356,0.0,0.0,5131.1995,0.0,6.9398,35.5332,29.5353,51.6938,1.8408,52.5681,40.1656,40.1656,0.0,0.0,0.0,4756.0176,33.2953,28.6703,18.5964,20.0289,1.7151,1.5258,0.0,2.925,39202.0,1.25,0.0,0.0,7.0086,0.0,0.0,0.0,0.0,0.0
4733,2010-02-19,SZSE:002091,0.8388,0.0,5.8356,0.0,0.0,5131.1995,0.0,6.9398,35.5332,29.5353,51.6938,1.8408,52.5681,40.1656,40.1656,0.0,0.0,0.0,4756.0176,33.2953,28.6703,18.5964,20.0289,1.7151,1.5258,0.0,2.925,39202.0,1.25,0.0,0.0,7.0086,0.0,0.0,0.0,0.0,0.0
4734,2010-02-22,SZSE:002091,0.8388,7.3504,5.8683,7.4325,7.2479,5159.9991,7.3026,6.9787,35.7327,29.7011,51.984,1.8512,53.9453,40.9914,40.9914,0.0,0.0,0.0,4784.8171,33.497,28.8439,18.709,20.1502,1.7255,1.5351,5.6986,2.925,39202.0,1.25,0.0,0.0,7.0086,5.8301381666303875,5.933845743088812,5.786467616728341,16.668405,0.0
4735,2010-02-23,SZSE:002091,0.8388,7.5897,6.0594,7.5897,7.3094,5327.9989,7.347,7.2059,36.8961,30.6681,53.6765,1.9114,54.3833,45.6994,45.6994,0.0,0.0,0.0,4952.817,34.6731,29.8567,19.3659,20.8577,1.7861,1.589,6.0877,2.925,39202.0,1.25,0.0,0.0,7.0086,5.865635242499704,6.0594,5.835616474959485,17.8065225,0.0
4736,2010-02-24,SZSE:002091,0.8388,7.8769,6.2887,7.894,7.4701,5529.5992,7.5692,7.4786,38.2921,30.1705,55.7075,1.9838,54.8829,50.7748,50.7748,0.0,0.0,0.0,5154.4173,36.0844,31.072,18.9501,20.5269,1.8588,1.6045,8.2438,2.925,39202.0,1.25,5.1314,0.0,7.0086,6.043040795236705,6.302352169000495,5.963922084830327,24.113115,0.0
4737,2010-02-25,SZSE:002091,0.8388,7.959,6.3542,8.0513,7.7778,5587.1998,7.9487,7.5565,38.691,30.4848,56.2877,2.0044,54.7865,52.1509,52.1509,0.0,0.0,0.0,5212.0178,36.4877,31.4192,19.1618,20.7563,1.8795,1.6224,8.6451,2.925,39202.0,1.25,5.1849,0.0,7.0086,6.345976823721573,6.427889239854252,6.209535966830003,25.286917499999998,0.0
4738,2010-02-26,SZSE:002091,0.7844,7.9863,6.376,8.1368,7.8359,5606.3995,7.9316,7.5825,38.3037,30.5896,45.1072,2.1349,52.3657,52.6263,52.6263,0.0,0.0,0.0,5231.2175,26.4858,24.2159,19.2324,20.8328,1.9759,1.6284,6.1118,2.925,39202.0,1.25,5.2027,0.0,7.0086,6.33232931395014,6.496154264177403,6.25592557254298,17.877014999999997,0.0
4739,2010-03-01,SZSE:002091,0.7844,8.1368,6.4961,8.2359,7.9145,5711.9992,7.9897,7.7253,39.0252,31.1657,45.9568,2.1751,51.942,55.2593,55.2593,0.0,0.0,0.0,5336.8173,27.0204,24.7048,19.6207,21.2533,2.0158,1.6612,6.0672,2.925,39202.0,1.25,5.3007,0.0,7.0086,6.378661165322978,6.575217529004033,6.3186244531019575,17.74656,0.0
4740,2010-03-02,SZSE:002091,0.7844,8.8376,7.0557,8.8855,8.1333,6203.9987,8.1709,8.3907,42.3866,33.8502,49.9153,2.3625,54.6868,65.0153,65.0153,0.0,0.0,0.0,5828.8168,29.5114,26.9823,21.4295,23.2127,2.2016,1.8144,28.7725,2.925,39202.0,1.25,5.7573,0.0,7.0086,6.523424813297727,7.093942060061554,6.493405993708699,84.15956249999999,0.0
4741,2010-03-03,SZSE:002091,0.7844,9.4872,7.5743,9.5658,8.6838,6659.999,8.8376,9.0074,45.5021,36.3382,53.5841,2.5361,56.0545,71.2686,71.2686,0.0,0.0,0.0,6284.817,31.8202,29.0932,23.1059,25.0286,2.3738,1.9563,26.3071,2.925,39202.0,1.25,6.1804,0.0,7.0086,7.055678564803104,7.6370519162661274,6.932889191753099,76.94826749999999,0.0
4742,2010-03-04,SZSE:002091,0.7844,8.8855,7.0939,9.494,8.8239,6237.5985,9.4872,8.4361,42.6162,34.0335,50.1856,2.3753,56.687,60.4837,60.4837,0.0,0.0,0.0,5862.4166,29.6815,27.1378,21.553,23.3465,2.2143,1.8249,13.7397,2.925,39202.0,1.25,5.7884,0.0,7.0086,7.574278102526587,7.579707005795958,7.044720523324517,40.188622499999994,0.0
4743,2010-03-05,SZSE:002091,0.8321,8.6803,6.9301,9.0427,8.5197,6093.5987,8.8855,8.2414,41.6323,33.2478,49.0271,2.3204,56.4182,57.3003,57.3003,0.0,0.0,0.0,5718.4168,28.9525,26.4712,21.0236,22.773,2.1599,1.78,7.0566,2.925,39202.0,1.25,5.6548,0.0,7.0086,7.093925734133614,7.219429659113163,6.801881613538702,20.640555,0.0
4744,2010-03-08,SZSE:002091,0.8321,9.5145,7.5961,9.5385,8.6872,6679.1987,8.6872,9.0334,45.6332,36.443,53.7386,2.5434,59.6959,65.299,65.299,0.0,0.0,0.0,6304.0167,31.9174,29.1821,23.1765,25.1051,2.3811,1.9623,12.1821,2.925,39202.0,1.25,6.1982,0.0,7.0086,6.93560774817384,7.615260901781492,6.93560774817384,35.632642499999996,0.0
4745,2010-03-09,SZSE:002091,0.8321,9.0598,7.2331,9.5385,8.9915,6359.9993,9.4325,8.6017,43.4524,34.7014,51.1704,2.4219,60.3315,58.83,58.83,0.0,0.0,0.0,5984.8173,30.3013,27.7044,22.003,23.8339,2.2605,1.863,12.2888,2.925,39202.0,1.25,5.902,0.0,7.0086,7.530653629219188,7.61528117066602,7.178571121879071,35.944739999999996,0.0
4746,2010-03-10,SZSE:002091,0.8321,9.0769,7.2467,9.3333,8.7453,6372.0,9.094,8.6179,43.5344,34.7668,51.267,2.4265,60.1971,58.9945,58.9945,0.0,0.0,0.0,5996.818,30.362,27.76,22.0471,23.8817,2.2651,1.8667,10.7076,2.925,39202.0,1.25,5.9132,0.0,7.0086,7.260352080556137,7.451401371613656,6.9819614086307,31.319729999999996,0.0
4747,2010-03-11,SZSE:002091,0.8321,8.7248,6.9656,8.9915,8.6496,6124.7991,8.9846,8.2836,41.8455,33.4181,49.2781,2.3323,60.624,54.1917,54.1917,0.0,0.0,0.0,5749.6171,29.1104,26.6157,21.1383,22.8973,2.1717,1.7897,11.4928,2.925,39202.0,1.25,5.6838,0.0,7.0086,7.173015972858977,7.178524711168166,6.905562736108564,33.61644,0.0
4748,2010-03-12,SZSE:002091,0.8307,8.8308,7.0502,9.094,8.718,6199.1991,8.7556,8.3842,42.3538,33.824,49.8767,2.3606,60.137,55.3694,55.3694,0.0,0.0,0.0,5824.0172,29.4871,26.9601,21.4118,23.1936,2.1998,1.8129,11.072,2.925,39202.0,1.25,5.7528,0.0,7.0086,6.990162965982697,7.260329619060561,6.960144448974046,32.3856,0.0
4749,2010-03-15,SZSE:002091,0.8307,8.7521,6.9874,9.0872,8.6017,6143.9988,8.9162,8.3095,41.9767,33.5228,49.4326,2.3396,60.692,54.2549,54.2549,0.0,0.0,0.0,5768.8168,29.2077,26.7045,21.2089,22.9737,2.1789,1.7957,6.0644,2.925,39202.0,1.25,5.7016,0.0,7.0086,7.118412253059266,7.254933248020475,6.867325393905461,17.73837,0.0
4750,2010-03-16,SZSE:002091,0.8307,8.7043,6.9492,8.7795,8.547,6110.3989,8.7111,8.2641,41.7471,33.3395,49.1622,2.3268,60.7031,53.5484,53.5484,0.0,0.0,0.0,5735.217,29.0375,26.549,21.0854,22.8399,2.1663,1.7853,3.6534,2.925,39202.0,1.25,5.6704,0.0,7.0086,6.954628875383431,7.009236974828534,6.823617338556806,10.686195,0.0
4751,2010-03-17,SZSE:002091,0.8307,9.1556,7.3095,9.2308,8.718,6427.1996,8.7453,8.6926,43.9115,35.068,51.7111,2.4475,61.3181,58.9732,58.9732,0.0,0.0,0.0,6052.0177,30.6415,28.0155,22.2501,24.1015,2.2859,1.8839,11.9076,2.925,39202.0,1.25,5.9644,0.0,7.0086,6.981931315260606,7.369536960985627,6.960135982349601,34.82973,0.0
4752,2010-03-18,SZSE:002091,0.8307,9.1521,7.3068,9.8291,9.0051,6424.7988,9.3197,8.2425,43.8951,35.1154,58.0119,2.446,59.3212,58.9171,58.9171,0.0,0.0,0.0,6132.4648,31.7643,28.9027,22.5458,24.4341,2.3163,1.9973,23.2682,2.925,39202.0,1.25,6.1968,0.0,7.0086,7.440607506473923,7.847299295243714,7.189439000885042,68.059485,0.0
4753,2010-03-19,SZSE:002091,0.8235,9.094,7.2604,9.1761,8.8957,6383.9999,9.1521,8.1901,43.6164,34.8924,57.6435,2.4305,58.8468,57.9079,57.9079,0.0,0.0,0.0,6091.666,31.553,28.7104,22.3958,24.2715,2.3009,1.9841,10.3573,2.925,39202.0,1.25,6.1574,0.0,7.0086,7.3067854453485825,7.325946386628545,7.102082722674291,30.2951025,0.0
4754,2010-03-22,SZSE:002091,0.8235,9.4188,7.5197,9.494,9.1453,6611.999,9.1453,8.4827,45.1741,36.1386,59.7022,2.5173,58.2824,61.8413,61.8413,0.0,0.0,0.0,6319.6651,32.7339,29.785,23.2341,25.18,2.387,2.0583,11.3224,2.925,39202.0,1.25,6.3773,0.0,7.0086,7.3013454378477105,7.5797375249501,7.3013454378477105,33.11802,0.0
4755,2010-03-23,SZSE:002091,0.8235,9.6342,7.6916,9.6957,9.2342,6763.1993,9.3573,8.6766,46.2071,36.965,61.0675,2.5748,58.3867,64.2286,64.2286,0.0,0.0,0.0,6470.8653,33.5171,30.4976,23.79,25.7824,2.4441,2.1076,12.8058,2.925,39202.0,1.25,6.5232,0.0,7.0086,7.470532963816404,7.740699395902099,7.372254335596105,37.456965,0.0
4756,2010-03-24,SZSE:002091,0.8235,9.6547,7.708,9.8154,9.5658,6777.5987,9.5863,8.6951,46.3055,37.0437,61.1975,2.5803,57.5961,64.4566,64.4566,0.0,0.0,0.0,6485.2648,33.5917,30.5655,23.8429,25.8398,2.4496,2.1123,8.7987,2.925,39202.0,1.25,6.5371,0.0,7.0086,7.653391653805918,7.836297678850715,7.637025117300381,25.7361975,0.0
4757,2010-03-25,SZSE:002091,0.8235,9.3573,7.4705,9.5658,9.265,6568.7993,9.5043,8.4272,44.879,35.9025,59.3122,2.5008,57.8491,58.6205,58.6205,0.0,0.0,0.0,6276.4654,32.5102,29.5814,23.0752,25.0078,2.3707,2.0442,11.5023,2.925,39202.0,1.25,6.3357,0.0,7.0086,7.587859013818089,7.636958193068513,7.396811313092453,33.6442275,0.0
4758,2010-03-26,SZSE:002091,0.8831,9.7231,7.7626,9.8462,9.2889,6825.5994,9.2991,8.7567,46.6335,37.3061,61.6309,2.5986,57.7922,63.0515,63.0515,0.0,0.0,0.0,6533.2654,33.8403,30.7917,24.0194,26.031,2.4677,2.1279,9.6228,2.925,39202.0,1.25,6.5834,0.0,7.0086,7.4240924869640335,7.860878950129074,7.415949145848545,28.146689999999996,0.0
4759,2010-03-29,SZSE:002091,0.8831,9.812,7.8336,10.0342,9.4564,6887.9987,9.812,8.8367,47.0598,37.6471,62.1943,2.6223,58.1021,64.0586,64.0587,0.0,0.0,0.0,6595.6648,34.1635,31.0858,24.2488,26.2796,2.4913,2.1482,11.0395,2.925,39202.0,1.25,6.6435,0.0,7.0086,7.8336,8.010997668161435,7.5496998613942115,32.2905375,0.0
4760,2010-03-30,SZSE:002091,0.8831,10.2222,8.1611,10.3795,9.6821,7175.9991,9.7436,9.2062,49.0274,39.2212,64.7948,2.732,58.2602,68.3471,68.3471,0.0,0.0,0.0,6883.6652,35.6553,32.4431,25.3076,27.4272,2.6,2.242,15.3443,2.925,39202.0,1.25,6.9213,0.0,7.0086,7.7790000156522074,8.286683634638335,7.729900247500536,44.8820775,0.0
4761,2010-03-31,SZSE:002091,0.8831,10.612,8.4723,10.7966,10.1539,7449.5987,10.2222,9.5572,50.8967,40.7166,67.2652,2.8361,58.5606,71.7906,71.7906,0.0,0.0,0.0,7157.2648,37.0724,33.7326,26.3135,28.5173,2.7034,2.3311,13.9091,2.925,39202.0,1.25,7.1852,0.0,7.0086,8.161095463626085,8.61967905955522,8.106566808330193,40.6841175,0.0
4762,2010-04-01,SZSE:002091,0.8831,10.5949,8.4586,10.8034,10.4205,7437.5987,10.6598,9.5418,50.8147,40.651,67.1569,2.8316,58.0752,71.4236,71.4236,0.0,0.0,0.0,7145.2648,37.0103,33.6761,26.2694,28.4695,2.6988,2.3272,10.1477,2.925,39202.0,1.25,7.1736,0.0,7.0086,8.510413904803256,8.625059154876402,8.319365100189714,29.6820225,0.0
4763,2010-04-02,SZSE:002091,0.876,10.6256,8.4832,10.694,10.4342,7459.1993,10.5333,9.5695,50.9623,40.7691,67.3519,2.8398,57.5835,71.704,71.704,0.0,0.0,0.0,7166.8653,37.1222,33.7779,26.3488,28.5555,2.707,2.3343,5.8144,2.925,39202.0,1.25,7.1945,0.0,7.0086,8.409510103900015,8.5378087637404,8.330391266375546,17.00712,0.0
4764,2010-04-05,SZSE:002091,0.876,0.0,8.4832,0.0,0.0,7459.1993,0.0,9.5695,50.9623,40.7691,67.3519,2.8398,57.5835,71.704,71.704,0.0,0.0,0.0,7166.8653,37.1222,33.7779,26.3488,28.5555,2.707,2.3343,0.0,2.925,39202.0,1.25,7.1945,0.0,7.0086,0.0,0.0,0.0,0.0,0.0
4765,2010-04-06,SZSE:002091,0.876,10.3761,8.2839,10.7111,10.2564,7283.999,10.6701,9.3448,49.7653,39.8115,65.77,2.7731,58.3314,66.0432,66.0431,0.0,0.0,0.0,6991.6651,36.2147,32.9521,25.7047,27.8575,2.6408,2.2772,10.2795,2.925,39202.0,1.25,7.0255,0.0,7.0086,8.518618882817242,8.551351788244137,8.188335883424408,30.0675375,0.0
4766,2010-04-07,SZSE:002091,0.876,10.4479,8.3412,10.5333,10.2735,7334.3991,10.2735,9.4094,50.1097,40.087,66.2251,2.7923,58.1148,66.8538,66.8538,0.0,0.0,0.0,7042.0652,36.4757,33.1897,25.89,28.0583,2.6599,2.2936,6.8951,2.925,39202.0,1.25,7.0741,0.0,7.0086,8.201965773026158,8.409380062979164,8.201965773026158,20.1681675,0.0
4767,2010-04-08,SZSE:002091,0.876,0.0,8.3412,0.0,0.0,7334.3991,0.0,9.4094,50.1097,40.087,66.2251,2.7923,58.1148,66.8538,66.8538,0.0,0.0,0.0,7042.0652,36.4757,33.1897,25.89,28.0583,2.6599,2.2936,0.0,2.925,39202.0,1.25,7.0741,0.0,7.0086,0.0,0.0,0.0,0.0,0.0
4768,2010-04-09,SZSE:002091,0.8513,11.012,8.7916,11.0496,10.2564,7730.3994,10.4239,9.9175,52.8152,42.2513,69.8007,2.943,58.8705,72.4244,72.4244,0.0,0.0,0.0,7438.0655,38.5269,35.0561,27.3458,29.6361,2.8094,2.4226,8.0452,2.925,39202.0,1.25,7.456,0.0,7.0086,8.322081296767163,8.821618539774791,8.188355088993825,23.532209999999996,0.0
4769,2010-04-12,SZSE:002091,0.8513,11.3436,9.0564,11.4291,10.8034,7963.1995,11.0427,10.2161,54.4057,43.5237,71.9027,3.0317,59.0998,75.0763,75.0763,0.0,0.0,0.0,7670.8655,39.7327,36.1533,28.2017,30.5637,2.8974,2.4984,7.999,2.925,39202.0,1.25,7.6806,0.0,7.0086,8.816170199936527,9.124660710885433,8.62512004654607,23.397074999999997,0.0
4770,2010-04-13,SZSE:002091,0.8513,11.0769,8.8435,11.4838,10.2086,7776.0,11.2444,9.976,53.1267,42.5006,70.2124,2.9604,59.3844,69.3047,69.3047,0.0,0.0,0.0,7483.666,38.7631,35.271,27.5135,29.8178,2.8267,2.4374,9.763,2.925,39202.0,1.25,7.5,0.0,7.0086,8.977227509501757,9.168358051440386,8.15027255820672,28.556775,0.0
4771,2010-04-14,SZSE:002091,0.8513,11.1727,8.9199,11.2821,10.906,7843.1996,10.947,10.0622,53.5859,42.8679,70.8192,2.986,58.6935,70.1906,70.1906,0.0,0.0,0.0,7550.8657,39.1112,35.5877,27.7605,30.0855,2.852,2.4593,3.196,2.925,39202.0,1.25,7.5648,0.0,7.0086,8.739708870729544,9.007241203111155,8.706975878704341,9.3483,0.0
4772,2010-04-15,SZSE:002091,0.8513,10.7692,8.5978,11.5829,10.694,7559.9995,11.1863,9.6989,51.651,41.32,68.2621,2.8782,59.0476,62.0613,62.0613,0.0,0.0,0.0,7267.6655,37.6443,34.253,26.7194,28.9572,2.7451,2.3671,9.0369,2.925,39202.0,1.25,7.2917,0.0,7.0086,8.930799886713961,9.247433200237715,8.53776261932177,26.432932499999996,0.0
4773,2010-04-16,SZSE:002091,0.8531,10.9949,8.778,11.0769,10.4308,7718.3994,10.7487,9.9021,52.7332,42.1858,69.6923,2.9385,58.6397,64.5354,64.5354,0.0,0.0,0.0,7426.0655,38.4647,34.9995,27.3017,29.5883,2.8049,2.4187,5.2076,2.925,39202.0,1.25,7.4445,0.0,7.0086,8.581441268224358,8.843466352581652,8.327639396447445,15.23223,0.0
4774,2010-04-19,SZSE:002091,0.8531,10.8718,8.6797,11.2821,10.7692,7631.9987,10.9402,9.7912,52.1429,41.7135,68.9122,2.9056,59.1125,62.1544,62.1544,0.0,0.0,0.0,7339.6647,38.0172,34.5923,26.9841,29.244,2.7723,2.3905,5.5254,2.925,39202.0,1.25,7.3611,0.0,7.0086,8.734308388675288,9.007270495226182,8.597787416987067,16.161795,0.0
4775,2010-04-20,SZSE:002091,0.8531,10.8803,8.7277,11.0256,10.2564,7637.998,10.6838,9.7989,52.1839,41.7463,68.9664,2.9079,58.2824,62.2585,62.8748,0.0,0.0,0.0,7345.664,38.0483,34.6206,27.0061,29.2679,2.7745,2.3925,5.8314,2.34,40288.0,1.25,7.3669,0.0,7.0086,8.570076308557669,8.844253294486368,8.227234752718216,13.645476,0.064
4776,2010-04-21,SZSE:002091,0.8531,11.9701,9.6018,11.9701,10.6966,8402.9983,10.8932,10.7804,57.4105,45.9275,75.8738,3.1991,61.2328,72.6076,72.9684,0.0,0.0,0.0,8110.6643,42.0108,38.2261,29.8186,32.316,3.0635,2.6416,10.1962,2.34,40288.0,1.25,8.1048,0.0,7.0086,8.737966078813043,9.6018,8.580263646920244,23.859107999999996,0.0
4777,2010-04-22,SZSE:002091,0.8531,12.2821,9.8521,12.8761,11.9701,8621.9991,12.0086,11.0613,58.9067,47.1245,77.8513,3.2825,60.4169,74.7428,75.059,0.0,0.0,0.0,8329.6652,43.1451,39.2582,30.6238,33.1886,3.1462,2.713,14.5898,2.34,40288.0,1.25,8.316,0.0,7.0086,9.632711674713608,10.32857775217593,9.601828857442946,34.140132,0.0
4778,2010-04-23,SZSE:002091,0.8079,12.2308,9.8109,12.4359,11.9017,8585.9998,12.3077,11.0151,58.6608,46.9277,77.5262,3.2688,59.9283,73.7255,74.0453,0.0,0.0,0.0,8293.6659,42.9586,39.0886,30.4914,33.0451,3.1326,2.7013,8.2689,2.34,40288.0,1.25,8.2813,0.0,7.0086,9.87258510727017,9.975420357621742,9.546913409588907,19.349225999999998,0.0
4779,2010-04-26,SZSE:002091,0.8079,12.6325,10.1332,12.953,11.9658,8867.9996,12.1581,11.3769,60.5874,48.469,80.0725,3.3761,58.8358,76.4317,76.7,0.0,0.0,0.0,8575.6656,44.4193,40.4176,31.5282,34.1687,3.2391,2.7931,8.6533,2.34,40288.0,1.25,8.5533,0.0,7.0086,9.752658533148624,10.39029009301405,9.598404477340194,20.248721999999997,0.0
4780,2010-04-27,SZSE:002091,0.8079,12.4701,10.0029,12.6282,11.8889,8753.999,12.5855,11.2307,59.8086,47.8459,79.0432,3.3327,58.8658,73.1516,73.4302,0.0,0.0,0.0,8461.665,43.8288,39.8803,31.1091,33.7145,3.1961,2.756,9.8352,2.34,40288.0,1.25,8.4433,0.0,7.0086,10.095468195924653,10.129720032718263,9.5366899872495,23.014368,0.0
4781,2010-04-28,SZSE:002091,0.8079,11.6752,9.3653,12.6496,11.6239,8195.9988,12.3077,10.1047,52.8376,42.1838,72.347,2.9899,60.6446,59.6563,59.957,0.0,0.0,0.0,7955.0256,39.0658,35.6893,27.9614,29.7027,2.8684,2.5138,12.7354,2.34,40288.0,1.25,0.0,0.0,7.0086,9.872661950973002,10.146918158147184,9.32414953662464,29.800836,0.0
4782,2010-04-29,SZSE:002091,0.8079,11.2479,9.0225,11.8291,11.2479,7895.9998,11.8162,9.7348,50.9036,40.6398,69.6989,2.8805,61.3213,53.8991,54.1992,0.0,0.0,0.0,7655.0266,37.5925,34.3434,26.907,28.5826,2.7602,2.419,9.1946,2.34,40288.0,1.25,0.0,0.0,7.0086,9.478361694182915,9.488709425759476,9.0225,21.515363999999998,0.0
4783,2010-04-30,SZSE:002091,0.8209,10.9829,8.81,11.1966,10.3462,7709.9993,11.1453,9.5055,49.7045,39.6824,68.057,2.8126,61.0889,50.6362,50.9333,0.0,0.0,0.0,7469.026,36.6791,33.5089,26.2532,27.8881,2.6931,2.3602,9.4637,2.34,40288.0,1.25,0.0,0.0,7.0086,8.940270147228874,8.981420754081343,8.299267224503545,22.145058,0.0
4784,2010-05-03,SZSE:002091,0.8209,0.0,8.81,0.0,0.0,7709.9993,0.0,9.5055,49.7045,39.6824,68.057,2.8126,61.0889,50.6362,50.9333,0.0,0.0,0.0,7469.026,36.6791,33.5089,26.2532,27.8881,2.6931,2.3602,0.0,2.34,40288.0,1.25,0.0,0.0,7.0086,0.0,0.0,0.0,0.0,0.0
4785,2010-05-04,SZSE:002091,0.8209,11.1795,8.9676,11.5342,10.5812,7847.9992,10.6838,9.6756,50.5942,40.3927,69.2752,2.863,61.9047,52.9137,53.1871,0.0,0.0,0.0,7607.0259,37.3568,34.1281,26.7382,28.4034,2.7429,2.4038,7.042,2.34,40288.0,1.25,0.0,0.0,7.0086,8.569975837917616,9.252121465181805,8.48767557761975,16.478279999999998,0.0
4786,2010-05-05,SZSE:002091,0.8209,11.6838,9.3721,11.7436,10.9615,8201.9988,10.9829,10.1121,52.8763,42.2147,72.4,2.9921,60.2983,58.2367,58.4585,0.0,0.0,0.0,7961.0256,39.0953,35.7162,27.9825,29.7251,2.8705,2.5157,7.3857,2.34,40288.0,1.25,0.0,0.0,7.0086,8.809876674540817,9.420068262038036,8.79271077474794,17.282538,0.0
4787,2010-05-06,SZSE:002091,0.8209,11.7521,9.427,12.3077,11.6624,8249.9988,11.6624,10.1713,53.1858,42.4617,72.8237,3.0096,59.7481,58.9149,59.1305,0.0,0.0,0.0,8009.0255,39.331,35.9316,28.1512,29.9044,2.8878,2.5309,15.3427,2.34,40288.0,1.25,0.0,0.0,7.0086,9.355046740582534,9.872677044953669,9.355046740582534,35.901918,0.0
4788,2010-05-07,SZSE:002091,0.6153,11.718,9.3996,12.0556,11.2436,8225.9988,11.2436,10.1417,53.031,42.3382,72.6118,3.0009,59.2484,58.4042,58.6199,0.0,0.0,0.0,7985.0255,39.2131,35.8239,28.0669,29.8148,2.8792,2.5233,8.78,2.34,40288.0,1.25,0.0,0.0,7.0086,9.019059784946236,9.670406021505375,9.019059784946236,20.545199999999998,0.0
4789,2010-05-10,SZSE:002091,0.6153,10.906,8.7483,11.9444,10.5556,7655.9994,11.7222,9.4389,49.3564,39.4045,67.5804,2.7929,57.3258,47.8051,48.0149,0.0,0.0,0.0,7415.0261,36.4139,33.2667,26.0634,27.6865,2.6737,2.3432,14.5216,2.34,40288.0,1.25,0.0,0.0,7.0086,9.403018729139923,9.581257520630844,8.467224966073722,33.980543999999995,0.0
4790,2010-05-11,SZSE:002091,0.6153,10.3889,8.3335,11.2821,10.2564,7292.9994,11.1154,8.9914,47.0162,37.5362,64.3761,2.6605,58.4847,42.5137,42.715,0.0,0.0,0.0,7052.0261,34.6313,31.6381,24.7874,26.3311,2.5428,2.2285,9.4869,2.34,40288.0,1.25,0.0,0.0,7.0086,8.916265042497281,9.04998415135385,8.22721456554592,22.199346,0.0
4791,2010-05-12,SZSE:002091,0.6153,9.6709,7.7576,10.2521,9.4359,6788.9992,10.1709,8.37,43.767,34.9422,59.9273,2.4767,60.7964,36.4768,36.6639,0.0,0.0,0.0,6548.0259,32.1563,29.377,23.0159,24.4492,2.361,2.0692,11.1248,2.34,40288.0,1.25,0.0,0.0,7.0086,8.158679527241517,8.223814842465542,7.569092622196488,26.032032,0.0
4792,2010-05-13,SZSE:002091,0.6153,10.4274,8.3643,10.453,9.4915,7319.999,9.7009,9.0247,47.1903,37.6751,64.6144,2.6704,62.0407,45.2912,45.4344,0.0,0.0,0.0,7079.0257,34.7639,31.7592,24.8823,26.4319,2.5525,2.237,12.0529,2.34,40288.0,1.25,0.0,0.0,7.0086,7.781540735945682,8.384834944473214,7.613571307324933,28.203785999999997,0.0
4793,2010-05-14,SZSE:002091,0.4985,10.6325,8.5289,10.906,10.1709,7463.9996,10.2564,9.2022,48.1186,38.4163,65.8856,2.7229,61.5458,47.4219,47.5553,0.0,0.0,0.0,7223.0263,35.4711,32.4053,25.3885,26.9696,2.6044,2.2825,10.891,2.34,40288.0,1.25,0.0,0.0,7.0086,8.22720996567129,8.74828905713614,8.158625818010815,25.484939999999998,0.0
4794,2010-05-17,SZSE:002091,0.4985,9.8718,7.9187,10.5214,9.6154,6929.9994,10.3846,8.5439,44.676,35.6679,61.1719,2.5281,63.2693,41.0389,41.1653,0.0,0.0,0.0,6689.0261,32.8487,30.0096,23.5115,24.9757,2.4119,2.1138,9.155,2.34,40288.0,1.25,0.0,0.0,7.0086,8.330044370834095,8.439778984582345,7.713027814582953,21.4227,0.0
4795,2010-05-18,SZSE:002091,0.4985,10.4957,8.4192,10.6496,9.7564,7367.9983,9.9145,9.0839,47.4997,37.9222,65.0381,2.6879,63.7752,47.3042,47.4076,0.0,0.0,0.0,7127.025,34.9996,31.9746,25.0511,26.6111,2.5698,2.2522,10.975,2.34,40288.0,1.25,0.0,0.0,7.0086,7.952986308678794,8.542651973665405,7.826165275303219,25.681499999999996,0.0
4796,2010-05-19,SZSE:002091,0.4985,10.9188,8.7585,11.0427,10.3077,7664.9983,10.3547,9.45,49.4144,39.4508,67.6598,2.7962,63.5981,51.0987,51.1893,0.0,0.0,0.0,7424.025,36.4581,33.307,26.095,27.7201,2.6769,2.346,13.1437,2.34,40288.0,1.25,0.0,0.0,7.0086,8.306007981646335,8.85788621002308,8.26830699802176,30.756258,0.0
4797,2010-05-20,SZSE:002091,0.4985,10.5983,8.5014,11.0256,10.594,7439.9989,10.7222,9.1726,47.9639,38.2928,65.6737,2.7141,63.497,48.2633,48.3527,0.0,0.0,0.0,7199.0256,35.3532,32.2976,25.3041,26.88,2.5958,2.2749,8.4484,2.34,40288.0,1.25,0.0,0.0,7.0086,8.600786077012351,8.844157632827907,8.497950765688836,19.769256,0.0
4798,2010-05-21,SZSE:002091,0.3578,11.2222,9.0019,11.2308,10.1368,7877.9991,10.2564,9.7126,50.7876,40.5471,69.54,2.8739,63.8053,53.6545,53.7281,0.0,0.0,0.0,7637.0259,37.5041,34.2626,26.8437,28.5154,2.7537,2.4133,14.8417,2.34,40288.0,1.25,0.0,0.0,7.0086,8.2271824740247,9.008798499402968,8.131245203257826,34.729578,0.0
4799,2010-05-24,SZSE:002091,0.3578,11.9444,9.5813,11.9573,11.4573,8384.9997,11.4573,10.3377,54.0561,43.1566,74.0153,3.0589,65.3753,58.9827,59.0422,0.0,0.0,0.0,8144.0264,39.9939,36.5372,28.6258,30.4084,2.9365,2.5735,19.9383,2.34,40288.0,1.25,0.0,0.0,7.0086,9.1905686756974,9.591647842503601,9.1905686756974,46.655622,0.0
4800,2010-05-25,SZSE:002091,0.3578,12.2051,9.7904,12.2308,11.7863,8567.9992,11.8162,10.5633,55.2358,44.0985,75.6307,3.1256,65.4402,60.7372,60.7924,0.0,0.0,0.0,8327.0259,40.8926,37.3582,29.269,31.0917,3.0025,2.6314,21.8302,2.34,40288.0,1.25,0.0,0.0,7.0086,9.478441346650172,9.811015421422193,9.454456868030578,51.082668,0.0
4801,2010-05-26,SZSE:002091,0.3578,11.9231,9.5641,12.2137,11.7949,8369.9994,12.2009,10.3192,53.9594,43.0794,73.8829,3.0534,65.7327,57.8536,57.909,0.0,0.0,0.0,8129.0261,39.9203,36.4699,28.573,30.3524,2.9311,2.5688,16.014,2.34,40288.0,1.25,0.0,0.0,7.0086,9.786936928315622,9.797204432572066,9.461264527681559,37.472759999999994,0.0
4802,2010-05-27,SZSE:002091,0.3578,12.3633,9.9172,12.4786,11.8376,8678.9994,11.8932,10.7002,55.9514,44.6698,76.6105,3.1661,65.4576,60.9681,61.0165,0.0,0.0,0.0,8438.0261,41.4377,37.8562,29.6591,31.5062,3.0425,2.6664,21.6107,2.34,40288.0,1.25,0.0,0.0,7.0086,9.540110087112664,10.00968769826826,9.495510641980701,50.569038,0.0
4803,2010-05-28,SZSE:002091,0.3563,12.1154,9.7184,12.4786,11.9145,8504.9996,12.3974,10.4856,54.8297,43.7742,75.0746,3.1027,65.1508,58.3532,58.4018,0.0,0.0,0.0,8264.0263,40.5832,37.0756,29.0475,30.8565,2.9798,2.6115,16.1494,2.34,40288.0,1.25,0.0,0.0,7.0086,9.944607042276772,10.009741836010368,9.557247536193607,37.789595999999996,0.0
4804,2010-05-31,SZSE:002091,0.3563,11.3376,9.0945,12.094,11.3376,7958.9987,12.0385,9.8125,51.3097,40.964,70.255,2.9035,66.2434,50.9662,51.0142,0.0,0.0,0.0,7718.0254,37.9019,34.626,27.1284,28.8178,2.7829,2.4389,16.0758,2.34,40288.0,1.25,0.0,0.0,7.0086,9.656729665008468,9.7012492061812,9.0945,37.617372,0.0
4805,2010-06-01,SZSE:002091,0.3563,11.1197,8.9197,11.5299,10.8761,7805.9992,11.1624,9.6239,50.3234,40.1765,68.9044,2.8477,66.373,49.0908,49.1384,0.0,0.0,0.0,7565.0259,37.1506,33.9396,26.5906,28.2465,2.7277,2.3906,12.6262,2.34,40288.0,1.25,0.0,0.0,7.0086,8.953951930357833,9.24874313425722,8.724295544843836,29.545308,0.0
4806,2010-06-02,SZSE:002091,0.3563,11.547,9.2625,11.594,10.9017,8105.9989,11.453,9.9937,52.2574,41.7206,71.5526,2.9571,64.8393,52.7612,52.8029,0.0,0.0,0.0,7865.0256,38.6238,35.2855,27.6451,29.3667,2.8359,2.4854,18.0192,2.34,40288.0,1.25,0.0,0.0,7.0086,9.187097297999479,9.30020135100026,8.744868472330474,42.164928,0.0
4807,2010-06-03,SZSE:002091,0.3563,11.3333,9.0911,11.7863,11.3162,7955.9991,11.4487,9.8088,51.2904,40.9486,70.2285,2.9024,63.5681,50.7895,50.8309,0.0,0.0,0.0,7715.0258,37.8872,34.6126,27.1178,28.8066,2.7818,2.438,14.0917,2.34,40288.0,1.25,0.0,0.0,7.0086,9.183669061085475,9.454477683463777,9.077383094067924,32.974577999999994,0.0
4808,2010-06-04,SZSE:002091,0.3879,11.2735,9.0431,11.3675,10.9487,7913.9991,11.3248,9.757,51.0196,40.7324,69.8577,2.8871,62.0723,50.2235,50.2649,0.0,0.0,0.0,7673.0258,37.6809,34.4242,26.9702,28.6498,2.7667,2.4247,7.4963,2.34,40288.0,1.25,0.0,0.0,7.0086,9.084250577016897,9.11850261675611,8.78255989444272,17.541341999999997,0.0
4809,2010-06-07,SZSE:002091,0.3879,11.453,9.187,11.5299,10.9573,8039.999,10.9829,9.9124,51.8319,41.3809,70.97,2.933,61.8715,51.9533,51.9921,0.0,0.0,0.0,7799.0257,38.2997,34.9894,27.4131,29.1203,2.8121,2.4645,9.744,2.34,40288.0,1.25,0.0,0.0,7.0086,8.80991026805204,9.248685174190168,8.789375281585611,22.800959999999996,0.0
4810,2010-06-08,SZSE:002091,0.3879,11.6068,9.3104,11.6068,11.2821,8147.9989,11.3462,10.0455,52.5282,41.9368,71.9233,2.9724,59.3259,53.4466,53.4833,0.0,0.0,0.0,7907.0256,38.8301,35.474,27.7927,29.5235,2.8511,2.4987,10.671,2.34,40288.0,1.25,0.0,0.0,7.0086,9.101359589206327,9.3104,9.049941744494607,24.970139999999997,0.0
4811,2010-06-09,SZSE:002091,0.3879,11.9316,9.571,12.2863,11.6068,8375.9994,11.6282,10.3266,53.998,43.1103,73.9359,3.0556,58.5701,56.519,56.5516,0.0,0.0,0.0,8135.0261,39.9497,36.4969,28.5941,30.3748,2.9333,2.5707,19.688,2.34,40288.0,1.25,0.0,0.0,7.0086,9.327625984779912,9.85552459854504,9.310459854504005,46.069919999999996,0.0
4812,2010-06-10,SZSE:002091,0.3879,12.0299,9.6498,12.1752,11.8162,8444.9982,11.8376,10.4117,54.4429,43.4654,74.5449,3.0808,58.5733,57.4345,57.4659,0.0,0.0,0.0,8204.025,40.2886,36.8064,28.8366,30.6325,2.9582,2.5925,12.2882,2.34,40288.0,1.25,0.0,0.0,7.0086,9.49554630379305,9.766352584809518,9.478380265837622,28.754388,0.0
4813,2010-06-11,SZSE:002091,0.3892,11.9658,9.5984,12.1197,11.9231,8399.9993,12.094,10.3562,54.1528,43.2338,74.1477,3.0644,57.9282,56.5975,56.6289,0.0,0.0,0.0,8159.0261,40.0676,36.6045,28.6785,30.4644,2.9419,2.5783,9.5403,2.34,40288.0,1.25,0.0,0.0,7.0086,9.701235989235988,9.721851316251316,9.564148075348076,22.324302,0.0
4814,2010-06-14,SZSE:002091,0.3892,0.0,9.5984,0.0,0.0,8399.9993,0.0,10.3562,54.1528,43.2338,74.1477,3.0644,57.9282,56.5975,56.6289,0.0,0.0,0.0,8159.0261,40.0676,36.6045,28.6785,30.4644,2.9419,2.5783,0.0,2.34,40288.0,1.25,0.0,0.0,7.0086,0.0,0.0,0.0,0.0,0.0
4815,2010-06-15,SZSE:002091,0.3892,0.0,9.5984,0.0,0.0,8399.9993,0.0,10.3562,54.1528,43.2338,74.1477,3.0644,57.9282,56.5975,56.6289,0.0,0.0,0.0,8159.0261,40.0676,36.6045,28.6785,30.4644,2.9419,2.5783,0.0,2.34,40288.0,1.25,0.0,0.0,7.0086,0.0,0.0,0.0,0.0,0.0
4816,2010-06-16,SZSE:002091,0.3892,0.0,9.5984,0.0,0.0,8399.9993,0.0,10.3562,54.1528,43.2338,74.1477,3.0644,57.9282,56.5975,56.6289,0.0,0.0,0.0,8159.0261,40.0676,36.6045,28.6785,30.4644,2.9419,2.5783,0.0,2.34,40288.0,1.25,0.0,0.0,7.0086,0.0,0.0,0.0,0.0,0.0
4817,2010-06-17,SZSE:002091,0.3892,11.7137,9.3961,12.1795,11.6966,8222.9992,11.9231,10.138,53.0117,42.3228,72.5853,2.9998,58.7425,53.3069,53.3381,0.0,0.0,0.0,7982.0259,39.1984,35.8104,28.0563,29.8036,2.8781,2.5224,8.378,2.34,40288.0,1.25,0.0,0.0,7.0086,9.564069415300034,9.769739702229016,9.382383299896704,19.60452,0.0
4818,2010-06-18,SZSE:002091,0.3278,10.859,8.7105,11.7479,10.5983,7622.9991,11.6239,9.3982,49.1436,39.2347,67.2891,2.7809,60.9592,43.9735,44.0031,0.0,0.0,0.0,7382.0258,36.2519,33.1186,25.9474,27.5633,2.6618,2.3327,12.9345,2.34,40288.0,1.25,0.0,0.0,7.0086,9.324061234920343,9.423527299935536,8.501380619762408,30.26673,0.0
4819,2010-06-21,SZSE:002091,0.3278,10.9103,8.7517,11.0684,10.5556,7658.999,10.8462,9.4426,49.3757,39.4199,67.6068,2.794,60.9308,44.6002,44.6293,0.0,0.0,0.0,7418.0257,36.4287,33.2801,26.0739,27.6977,2.6747,2.3441,14.8438,2.34,40288.0,1.25,0.0,0.0,7.0086,8.700282168226355,8.878519956371504,8.46717730218234,34.734491999999996,0.0
4820,2010-06-22,SZSE:002091,0.3278,10.9402,8.7757,11.0684,10.7222,7679.9993,10.8889,9.4685,49.5111,39.528,67.7922,2.8017,60.5671,44.9868,45.0156,0.0,0.0,0.0,7439.0261,36.5318,33.3743,26.1477,27.7761,2.6823,2.3508,10.1094,2.34,40288.0,1.25,0.0,0.0,7.0086,8.73454961792289,8.878535847607905,8.600830929964719,23.655996000000002,0.0
4821,2010-06-23,SZSE:002091,0.3278,10.4786,8.4055,10.8675,10.4487,7355.9997,10.7607,9.0691,47.4224,37.8604,64.9322,2.6835,61.1252,40.3125,40.34,0.0,0.0,0.0,7115.0264,34.9407,31.9208,25.0089,26.5663,2.5655,2.2484,13.1821,2.34,40288.0,1.25,0.0,0.0,7.0086,8.63178896512893,8.717459512721163,8.381515455308916,30.846114,0.0
4822,2010-06-24,SZSE:002091,0.3278,10.7308,8.6077,10.9316,10.5598,7532.9991,10.5598,9.2873,48.5634,38.7714,66.4946,2.7481,61.2944,43.751,43.7756,0.0,0.0,0.0,7292.0259,35.8099,32.7148,25.631,27.2272,2.6293,2.3043,9.8897,2.34,40288.0,1.25,0.0,0.0,7.0086,8.470532528795614,8.768771510045848,8.470532528795614,23.141897999999998,0.0
4823,2010-06-25,SZSE:002091,0.3374,10.4744,8.402,10.7265,10.3675,7352.9993,10.7265,9.0654,47.403,37.845,64.9057,2.6824,61.149,41.1545,41.1786,0.0,0.0,0.0,7112.0261,34.926,31.9073,24.9983,26.5551,2.5644,2.2474,6.8812,2.34,40288.0,1.25,0.0,0.0,7.0086,8.604221053234554,8.604221053234554,8.316250572825172,16.102007999999998,0.0
4824,2010-06-28,SZSE:002091,0.3374,10.4701,8.3986,10.6368,10.3504,7349.999,10.4615,9.0617,47.3837,37.8296,64.8793,2.6813,60.6794,41.1107,41.1348,0.0,0.0,0.0,7109.0257,34.9112,31.8938,24.9878,26.5439,2.5633,2.2465,4.3307,2.34,40288.0,1.25,0.0,0.0,7.0086,8.391701502373424,8.532318552831395,8.302582538848721,10.133837999999999,0.0
4825,2010-06-29,SZSE:002091,0.3374,9.8633,7.9118,10.5342,9.8376,6923.9994,10.4786,8.5365,44.6374,35.637,61.1189,2.5259,61.9142,35.3574,35.3797,0.0,0.0,0.0,6683.0261,32.8192,29.9826,23.4904,24.9533,2.4097,2.1119,10.8789,2.34,40288.0,1.25,0.0,0.0,7.0086,8.405360019466102,8.449959299625885,7.891184865105999,25.456625999999996,0.0
4826,2010-06-30,SZSE:002091,0.3374,9.5128,7.6307,9.7991,9.4017,6677.9989,9.7991,8.2332,43.0514,34.3709,58.9474,2.4362,61.7593,32.5266,32.5479,0.0,0.0,0.0,6437.0257,31.6111,28.879,22.6258,24.0348,2.321,2.0341,9.7699,2.34,40288.0,1.25,0.0,0.0,7.0086,7.8603557701202575,7.8603557701202575,7.541581047641072,22.861566,0.0
4827,2010-07-01,SZSE:002091,0.3374,9.2051,7.3839,9.6838,9.188,6461.9992,9.5256,7.9669,41.6589,32.1577,57.0408,2.3574,62.0913,30.2375,30.2578,0.0,0.0,0.0,6221.0259,30.5504,27.9099,21.8665,22.7966,2.2431,1.9763,5.8031,2.34,40288.0,1.25,0.0,0.0,7.0086,7.640990085930626,7.7678907149297665,7.3701831810626715,13.579253999999999,0.0
4828,2010-07-02,SZSE:002091,0.4766,8.5598,6.8663,9.2564,8.2863,6008.9993,9.1966,7.4084,38.7386,29.9033,53.0421,2.1921,63.742,26.0903,26.1087,0.0,0.0,0.0,5768.026,28.3258,25.8776,20.2743,21.1366,2.0798,1.8324,17.3522,2.34,40288.0,1.25,0.0,0.0,7.0086,7.37711331806818,7.425082282296315,6.646910171966636,40.604147999999995,0.0
4829,2010-07-05,SZSE:002091,0.4766,8.3504,6.6983,8.5641,8.2051,5861.9991,8.547,7.2271,37.7909,29.1718,51.7445,2.1385,63.3452,24.897,24.9148,0.0,0.0,0.0,5621.0258,27.6039,25.2181,19.7576,20.598,2.0268,1.7857,7.4936,2.34,40288.0,1.25,0.0,0.0,7.0086,6.856003317206362,6.8697201367599146,6.581747141454301,17.535024,0.0
4830,2010-07-06,SZSE:002091,0.4766,8.7991,7.0583,8.8162,8.2991,6176.9984,8.3419,7.6155,39.8216,30.7394,54.5251,2.2534,64.2385,32.0672,32.082,0.0,0.0,0.0,5936.0251,29.1508,26.6313,20.8648,21.7523,2.1404,1.8858,11.2772,2.34,40288.0,1.25,0.0,0.0,7.0086,6.6915517234717194,7.0720169630985,6.657219207646237,26.388648,0.0
4831,2010-07-07,SZSE:002091,0.4766,9.2607,7.4285,9.359,8.8889,6500.9988,8.8889,8.015,41.9104,32.3517,57.385,2.3716,65.1477,38.5642,38.5766,0.0,0.0,0.0,6260.0255,30.7419,28.0849,22.0036,22.9395,2.2572,1.9887,14.5773,2.34,40288.0,1.25,0.0,0.0,7.0086,7.130259445830228,7.507351658082002,7.130259445830228,34.110882,0.0
4832,2010-07-08,SZSE:002091,0.4766,9.1111,7.3085,9.3419,9.0214,6395.9978,9.3419,7.8855,41.2335,31.8292,56.4582,2.3333,64.667,37.3186,37.3307,0.0,0.0,0.0,6155.0246,30.2263,27.6138,21.6345,22.5548,2.2193,1.9553,8.6622,2.34,40288.0,1.25,0.0,0.0,7.0086,7.49363700870367,7.49363700870367,7.236546838471754,20.269548,0.0
4833,2010-07-09,SZSE:002091,0.585,9.7436,7.8158,9.9359,9.1453,6839.9988,9.1453,8.4329,44.0958,34.0387,60.3774,2.4953,65.2457,45.3562,45.3657,0.0,0.0,0.0,6599.0255,32.4067,29.6058,23.1952,24.1818,2.3794,2.0964,13.7954,2.34,40288.0,1.25,0.0,0.0,7.0086,7.335875419762716,7.970052877786444,7.335875419762716,32.281236,0.0
4834,2010-07-12,SZSE:002091,0.585,9.8718,7.9187,9.9829,9.5812,6929.9994,9.6838,8.5439,44.676,34.4866,61.1719,2.5281,64.9959,46.8441,46.8531,0.0,0.0,0.0,6689.0261,32.8487,30.0096,23.5115,24.5116,2.4119,2.125,10.7593,2.34,40288.0,1.25,0.0,0.0,7.0086,7.76789512145708,8.007819265989992,7.685594161145891,25.176761999999997,0.0
4835,2010-07-13,SZSE:002091,0.585,9.9573,7.9872,10.1496,9.594,6989.9979,9.6581,8.6178,45.0628,34.7852,61.7015,2.55,64.8789,47.8633,47.872,0.0,0.0,0.0,6749.0247,33.1433,30.2787,23.7224,24.7314,2.4335,2.144,15.8863,2.34,40288.0,1.25,0.0,0.0,7.0086,7.7471981681781195,8.141452514235786,7.695780663432857,37.173942,0.0
4836,2010-07-14,SZSE:002091,0.585,9.7778,7.8433,10.0256,9.7564,6863.9988,9.8291,8.4625,44.2505,34.1582,60.5893,2.504,64.9279,45.8741,45.8827,0.0,0.0,0.0,6623.0255,32.5246,29.7134,23.2795,24.2697,2.3881,2.104,9.2332,2.34,40288.0,1.25,0.0,0.0,7.0086,7.884450492953427,8.04207372619608,7.826133907422938,21.605687999999997,0.0
4837,2010-07-15,SZSE:002091,0.585,9.2564,7.425,9.8162,9.2521,6497.9991,9.7863,8.0113,41.891,32.3368,57.3586,2.3705,65.4291,40.596,40.6042,0.0,0.0,0.0,6257.0259,30.7272,28.0714,21.9931,22.9285,2.2561,1.9878,8.0188,2.34,40288.0,1.25,0.0,0.0,7.0086,7.8500580679313785,7.87404228425738,7.421550764876194,18.763992000000002,0.0
4838,2010-07-16,SZSE:002091,0.6148,9.5598,7.6684,9.5983,9.0812,6710.9993,9.2051,8.2739,43.2642,33.3968,59.2387,2.4482,65.641,44.5915,44.5987,0.0,0.0,0.0,6470.026,31.7732,29.027,22.7417,23.7091,2.3329,2.0554,6.122,2.34,40288.0,1.25,0.0,0.0,7.0086,7.383877156425867,7.699282800895418,7.2844906880897105,14.325479999999999,0.0
4839,2010-07-19,SZSE:002091,0.6148,9.7735,7.8398,9.7863,9.3803,6860.9991,9.4103,8.4588,44.2312,34.1432,60.5628,2.5029,65.7975,47.2806,47.2872,0.0,0.0,0.0,6620.0258,32.5098,29.7,23.269,24.2587,2.387,2.1031,9.9158,2.34,40288.0,1.25,0.0,0.0,7.0086,7.548459604031309,7.850067502941629,7.524395144011869,23.202972,0.0
4840,2010-07-20,SZSE:002091,0.6148,10.141,8.1346,10.2479,9.7009,7118.9996,9.8077,8.7769,45.8945,35.4272,62.8402,2.597,66.2608,51.6291,51.6348,0.0,0.0,0.0,6878.0263,33.7768,30.8575,24.1758,25.2042,2.48,2.185,12.1037,2.34,40288.0,1.25,0.0,0.0,7.0086,7.867243508529732,8.220349801794695,7.781573921703975,28.322657999999997,0.0
4841,2010-07-21,SZSE:002091,0.6148,10.1581,8.1484,10.5983,10.1197,7130.9995,10.2949,8.7917,45.9718,35.4869,62.9461,2.6014,63.2139,51.8281,51.8338,0.0,0.0,0.0,6890.0263,33.8358,30.9113,24.218,25.2481,2.4844,2.1888,16.4317,2.34,40288.0,1.25,0.0,0.0,7.0086,8.258135198511535,8.501509900473515,8.11759713725992,38.450177999999994,0.0
4842,2010-07-22,SZSE:002091,0.6148,10.2479,8.2203,10.3205,10.047,7193.9998,10.1453,8.8693,46.378,35.8004,63.5022,2.6244,62.9894,52.9233,52.9287,0.0,0.0,0.0,6953.0266,34.1451,31.194,24.4395,25.479,2.5071,2.2089,8.0616,2.34,40288.0,1.25,0.0,0.0,7.0086,8.137999940475611,8.278535714634216,8.059149103718811,18.864144,0.0
4843,2010-07-23,SZSE:002091,0.712,10.1838,8.1689,10.3419,9.9915,7148.9981,10.265,8.8139,46.0879,35.5765,63.105,2.608,62.991,52.0136,52.019,0.0,0.0,0.0,6908.0249,33.9241,30.9921,24.2813,25.3141,2.4908,2.1946,7.5726,2.34,40288.0,1.25,0.0,0.0,7.0086,8.234034299573834,8.295719368997823,8.01464721911271,17.719884,0.0
4844,2010-07-26,SZSE:002091,0.712,10.3462,8.2992,10.5385,10.1325,7262.9994,10.1325,8.9544,46.8228,36.1438,64.1113,2.6496,62.6937,54.163,54.168,0.0,0.0,0.0,7022.0261,34.484,31.5035,24.682,25.7318,2.532,2.2308,8.0816,2.34,40288.0,1.25,0.0,0.0,7.0086,8.127780634435833,8.453453364520309,8.127780634435833,18.910943999999997,0.0
4845,2010-07-27,SZSE:002091,0.712,10.4103,8.3506,10.5513,10.3077,7307.999,10.4145,9.0099,47.1129,36.3677,64.5085,2.666,62.6906,55.0194,55.0242,0.0,0.0,0.0,7067.0257,34.705,31.7054,24.8402,25.8967,2.5482,2.2451,8.8125,2.34,40288.0,1.25,0.0,0.0,7.0086,8.353969021065677,8.463702850061958,8.26829962825279,20.62125,0.0
4846,2010-07-28,SZSE:002091,0.712,10.5385,8.4534,10.547,10.2265,7397.9996,10.4103,9.1208,47.6931,36.3082,65.303,2.6988,61.4067,56.7596,56.7641,0.0,0.0,0.0,7157.0264,35.1469,32.1092,25.1565,25.4483,2.5806,2.1184,9.6263,2.34,40288.0,1.25,0.0,0.0,7.0086,8.3505650728282,8.460218228400626,8.20313091047113,22.525542,0.0
4847,2010-07-29,SZSE:002091,0.712,10.4701,8.3986,10.6752,10.2692,7349.999,10.5727,9.0617,47.3837,36.0726,64.8793,2.6813,60.9766,55.5258,55.5303,0.0,0.0,0.0,7109.0257,34.9112,31.8938,24.9878,25.2777,2.5633,2.1042,10.6598,2.34,40288.0,1.25,0.0,0.0,7.0086,8.48090068098681,8.563121146884939,8.237447886839666,24.943932,0.0
4848,2010-07-30,SZSE:002091,0.7247,10.5556,8.4672,10.6453,10.3248,7409.9996,10.4615,9.1356,47.7705,36.3671,65.4089,2.7032,60.8248,56.7902,56.7944,0.0,0.0,0.0,7169.0263,35.2059,32.163,25.1987,25.491,2.585,2.1219,8.8292,2.34,40288.0,1.25,0.0,0.0,7.0086,8.391717458031755,8.53915307135549,8.282063223312743,20.660328,0.0
4849,2010-08-02,SZSE:002091,0.7247,10.8633,8.714,10.906,10.4145,7625.9994,10.5983,9.2367,44.7965,33.7588,62.265,2.4747,60.613,61.0799,61.0835,0.0,0.0,0.0,7411.4334,33.7098,30.7562,20.9659,22.5208,2.3901,2.0226,14.2648,2.34,40288.0,1.25,0.0,0.0,7.0086,8.501430154741193,8.74825182034925,8.353994918671122,33.379631999999994,0.0
4850,2010-08-03,SZSE:002091,0.7247,10.5556,8.4672,10.8974,10.5556,7409.9996,10.8034,8.975,43.5277,32.8026,60.5014,2.4046,60.39,55.1804,55.1839,0.0,0.0,0.0,7195.4336,32.7274,29.8598,20.3548,21.8645,2.3205,1.9636,14.9464,2.34,40288.0,1.25,0.0,0.0,7.0086,8.665973367691084,8.74137569441813,8.4672,34.974576,0.0
4851,2010-08-04,SZSE:002091,0.7247,11.4316,9.1699,11.4872,10.5983,8024.9986,10.5983,9.7199,47.1403,35.5251,65.5227,2.6042,62.3807,65.4212,65.4235,0.0,0.0,0.0,7810.4326,35.5246,32.412,22.0946,23.7332,2.5188,2.1315,30.2112,2.34,40288.0,1.25,0.0,0.0,7.0086,8.501465339060148,9.21449974456769,8.501465339060148,70.694208,0.0
4852,2010-08-05,SZSE:002091,0.7247,11.5299,9.2487,11.6496,11.2436,8093.9989,11.5385,9.8035,47.5456,35.8306,66.0861,2.6266,61.7735,66.3502,66.3524,0.0,0.0,0.0,7879.4329,35.8385,32.6983,22.2898,23.9429,2.5411,2.1503,20.2328,2.34,40288.0,1.25,0.0,0.0,7.0086,9.255598483074442,9.344717258605884,9.019044685556683,47.344752,0.0
4853,2010-08-06,SZSE:002091,0.7608,11.8162,9.4784,11.8803,11.3162,8294.9984,11.5342,10.047,48.7264,36.7203,67.7273,2.6918,61.9601,68.9658,68.9677,0.0,0.0,0.0,8080.4324,36.7527,33.5324,22.8584,24.5537,2.6059,2.2051,16.5817,2.34,40288.0,1.25,0.0,0.0,7.0086,9.25219286064894,9.529818005788663,9.0773235117889,38.801178,0.0
4854,2010-08-09,SZSE:002091,0.7608,11.735,9.4133,11.8162,11.6154,8237.9988,11.7821,9.9779,48.3915,36.468,67.2619,2.6733,61.9727,67.3666,67.3685,0.0,0.0,0.0,8023.4328,36.4934,33.2959,22.6971,24.3805,2.5875,2.1896,10.3118,2.34,40288.0,1.25,0.0,0.0,7.0086,9.451081544951,9.47843506263315,9.317362149126543,24.129611999999998,0.0
4855,2010-08-10,SZSE:002091,0.7608,11.1368,8.9334,11.8718,11.1239,7817.9992,11.7436,9.4692,45.9244,34.6088,63.8326,2.537,61.1774,56.8974,56.8994,0.0,0.0,0.0,7603.4332,34.5831,31.553,21.509,23.1042,2.4521,2.075,13.6851,2.34,40288.0,1.25,0.0,0.0,7.0086,9.42014548523813,9.522981298038937,8.923052246605849,32.023134,0.0
4856,2010-08-11,SZSE:002091,0.7608,11.3547,9.1082,11.641,11.0684,7970.9987,11.0983,9.6545,46.8231,35.2861,65.0818,2.5867,60.4817,59.3742,59.376,0.0,0.0,0.0,7756.4327,35.279,32.1879,21.9418,23.5692,2.5014,2.1167,9.7262,2.34,40288.0,1.25,0.0,0.0,7.0086,8.902528121394665,9.33785623574379,8.878543764256213,22.759308,0.0
4857,2010-08-12,SZSE:002091,0.7608,11.2051,8.9882,11.4444,11.1111,7865.9992,11.1966,9.5273,46.2063,34.8212,64.2245,2.5526,58.733,56.9554,56.9572,0.0,0.0,0.0,7651.4331,34.8014,31.7522,21.6448,23.2501,2.4675,2.0881,9.1556,2.34,40288.0,1.25,0.0,0.0,7.0086,8.98138170297454,9.180155115081527,8.912797656424308,21.424104,0.0
4858,2010-08-13,SZSE:002091,0.7855,11.3547,9.1082,11.3932,10.9829,7970.9987,11.1239,9.6545,46.8231,35.2861,65.0818,2.5867,56.8957,58.7645,58.7662,0.0,0.0,0.0,7756.4327,35.279,32.1879,21.9418,23.5692,2.5014,2.1167,7.486,2.34,40288.0,1.25,0.0,0.0,7.0086,8.923063223158694,9.139082867887309,8.809959732974011,17.517239999999997,0.0
4859,2010-08-16,SZSE:002091,0.7855,11.8718,9.523,11.8718,11.3419,8333.9994,11.359,10.0942,48.9555,36.893,68.0457,2.7045,57.4333,64.3439,64.3452,0.0,0.0,0.0,8119.4334,36.9301,33.6943,22.9687,24.6722,2.6185,2.2158,13.8008,2.34,40288.0,1.25,0.0,0.0,7.0086,9.111655940969355,9.523,9.097939124648326,32.293872,0.0
4860,2010-08-17,SZSE:002091,0.7855,12.1026,9.7081,12.2564,11.7735,8495.9992,11.8846,10.2904,49.9071,37.6101,69.3684,2.757,55.4316,66.521,66.5222,0.0,0.0,0.0,8281.4332,37.6669,34.3666,23.427,25.1645,2.6707,2.26,17.764,2.34,40288.0,1.25,0.0,0.0,7.0086,9.53323131062747,9.831470662502271,9.444112451043576,41.56775999999999,0.0
4861,2010-08-18,SZSE:002091,0.7855,12.0128,9.6361,12.2222,11.765,8432.9996,12.094,10.2141,49.537,37.3312,68.854,2.7366,54.2062,64.8624,64.8635,0.0,0.0,0.0,8218.4336,37.3803,34.1051,23.2488,24.973,2.6504,2.2428,14.0263,2.34,40288.0,1.25,0.0,0.0,7.0086,9.70123479954715,9.804070776172084,9.437326560002665,32.821542,0.0
4862,2010-08-19,SZSE:002091,0.7855,11.9316,9.571,12.3291,11.8803,8375.9994,12.0214,10.1451,49.2022,37.0789,68.3886,2.7181,53.7018,63.3239,63.3251,0.0,0.0,0.0,8161.4333,37.1211,33.8686,23.0875,24.7998,2.632,2.2272,10.9816,2.34,40288.0,1.25,0.0,0.0,7.0086,9.643033574709175,9.889856859096852,9.529849416675049,25.696944,0.0
4863,2010-08-20,SZSE:002091,0.742,12.0983,9.7047,12.5214,11.8077,8492.9996,11.859,10.2868,49.8894,37.5969,69.3439,2.756,53.3824,65.1511,65.1522,0.0,0.0,0.0,8278.4336,37.6532,34.3541,23.4185,25.1553,2.6697,2.2592,17.0183,2.34,40288.0,1.25,0.0,0.0,7.0086,9.512744542621691,10.044091366555632,9.47159404131159,39.822821999999995,0.0
4864,2010-08-23,SZSE:002091,0.742,12.5171,10.0406,12.688,11.8419,8786.9993,12.1368,10.6429,51.6165,38.8983,71.7444,2.8515,52.6108,69.2911,69.2919,0.0,0.0,0.0,8572.4333,38.9905,35.5742,24.2502,0.0,2.7645,2.2837,16.2452,2.34,40288.0,1.25,0.0,0.0,9.5869,9.735542104800631,10.17768754743511,9.498987875785925,38.013768,0.0
4865,2010-08-24,SZSE:002091,0.742,13.1068,10.5137,13.6154,12.3077,9200.9982,12.3889,11.1443,54.0484,40.731,75.1246,2.9858,51.9483,73.9789,73.9795,0.0,0.0,0.0,8986.4322,40.8735,37.2922,25.4213,0.0,2.8981,2.394,22.9367,2.34,40288.0,1.25,0.0,0.0,9.5869,9.937832112338633,10.921676609088411,9.872697034363842,53.67187799999999,0.0
4866,2010-08-25,SZSE:002091,0.742,12.7821,10.2531,13.1838,12.7308,8972.9991,12.906,10.8682,52.7091,39.7217,73.263,2.9118,52.0527,67.8371,67.8378,0.0,0.0,0.0,8758.4331,39.8365,36.346,24.7763,0.0,2.8245,2.3333,12.8241,2.34,40288.0,1.25,0.0,0.0,9.5869,10.352485788720164,10.575321721782805,10.211949951885842,30.008393999999996,0.0
4867,2010-08-26,SZSE:002091,0.742,12.9915,10.4211,13.0598,12.6068,9119.9993,12.8291,11.0462,53.5726,40.3725,74.4632,2.9595,51.9104,69.5901,69.5907,0.0,0.0,0.0,8905.4333,40.5051,36.9561,25.1922,0.0,2.8719,2.3724,11.0651,2.34,40288.0,1.25,0.0,0.0,9.5869,10.29083123657776,10.475886678212676,10.112513834430203,25.892333999999998,0.0
4868,2010-08-27,SZSE:002091,0.7063,13.1709,10.5651,13.5855,12.8205,9245.9999,12.906,11.1988,54.3127,40.9302,75.492,3.0004,51.4914,71.0467,71.0473,0.0,0.0,0.0,9031.4339,41.0782,37.4789,25.5486,0.0,2.9126,2.406,15.0471,2.34,40288.0,1.25,0.0,0.0,9.5869,10.352609206660137,10.897673359451518,10.284024975514201,35.210214,0.0
4869,2010-08-30,SZSE:002091,0.7063,13.6752,10.9696,13.7863,13.0684,9599.9988,13.2564,11.6276,56.3922,42.4973,78.3824,3.1153,51.8171,74.7117,74.7122,0.0,0.0,0.0,9385.4328,42.6883,38.948,26.55,0.0,3.0267,2.5003,15.6465,2.34,40288.0,1.25,0.0,0.0,9.5869,10.633658406458405,11.058719176319178,10.48285367965368,36.612809999999996,0.0
4870,2010-08-31,SZSE:002091,0.7063,13.6239,10.9285,14.0171,13.4444,9563.9989,13.5043,11.584,56.1807,42.338,78.0884,3.1036,49.9577,73.6901,73.6906,0.0,0.0,0.0,9349.4329,42.5245,38.7986,26.4482,0.0,3.0151,2.4907,10.7686,2.34,40288.0,1.25,0.0,0.0,9.5869,10.83256208207635,11.24390793752156,10.784512907464087,25.198523999999995,0.0
4871,2010-09-01,SZSE:002091,0.7063,12.812,10.2771,13.6624,12.5684,8993.9987,13.5684,10.8936,52.8324,39.8147,73.4345,2.9186,51.3965,59.7576,59.7581,0.0,0.0,0.0,8779.4327,39.932,36.4332,24.8357,0.0,2.8313,2.3389,16.0112,2.34,40288.0,1.25,0.0,0.0,9.5869,10.883843556041214,10.959245320012489,10.081697130814863,37.466207999999995,0.0
4872,2010-09-02,SZSE:002091,0.7063,13.0299,10.452,13.1154,12.4786,9146.9982,12.8462,11.0789,53.7312,40.492,74.6837,2.9683,50.9838,61.843,61.8435,0.0,0.0,0.0,8932.4322,40.6279,37.0681,25.2686,0.0,2.8806,2.3796,12.8805,2.34,40288.0,1.25,0.0,0.0,9.5869,10.304644118527387,10.520584256210716,10.009771924573482,30.140369999999997,0.0
4873,2010-09-03,SZSE:002091,0.6891,13.3675,10.7228,13.8889,12.7906,9383.999,12.9487,11.366,55.1233,41.5411,76.6188,3.0452,51.0249,64.8792,64.8796,0.0,0.0,0.0,9169.433,41.7058,38.0516,25.939,0.0,2.9571,2.4428,15.911,2.34,40288.0,1.25,0.0,0.0,9.5869,10.386857704133158,11.141043345427342,10.260037080979988,37.231739999999995,0.0
4874,2010-09-06,SZSE:002091,0.6891,12.5427,10.0612,13.6752,12.5086,8804.9993,13.5256,10.6647,51.7222,38.978,71.8913,2.8573,52.6883,53.6483,53.6487,0.0,0.0,0.0,8590.4333,39.0723,35.6489,24.3011,0.0,2.7704,2.2885,20.8679,2.34,40288.0,1.25,0.0,0.0,9.5869,10.849638970875489,10.96964148389103,10.03384648600381,48.83088599999999,0.0
4875,2010-09-07,SZSE:002091,0.6891,12.3205,9.8829,12.5342,12.0043,8648.9994,12.4615,10.4757,50.8058,38.2874,70.6176,2.8067,52.7515,51.0825,51.0829,0.0,0.0,0.0,8434.4334,38.3628,35.0015,23.8598,0.0,2.72,2.247,20.5744,2.34,40288.0,1.25,0.0,0.0,9.5869,9.996003275029421,10.054319644494948,9.62925988961487,48.144096,0.0
4876,2010-09-08,SZSE:002091,0.6891,12.5556,10.0715,12.6496,12.0727,8813.9996,12.2222,10.6756,51.7751,39.0179,71.9648,2.8602,52.8148,53.6097,53.61,0.0,0.0,0.0,8599.4336,39.1133,35.6862,24.3265,0.0,2.7733,2.2909,16.3532,2.34,40288.0,1.25,0.0,0.0,9.5869,9.804062513938005,10.14690229061136,9.684140785784829,38.266488,0.0
4877,2010-09-09,SZSE:002091,0.6891,12.688,10.1777,12.9103,12.5256,8906.9985,12.5983,10.7882,52.3214,39.4295,72.7241,2.8904,52.5808,55.0201,55.0205,0.0,0.0,0.0,8692.4325,39.5363,36.0721,24.5896,0.0,2.8032,2.3157,16.7618,2.34,40288.0,1.25,0.0,0.0,9.5869,10.105746997950819,10.356018309426227,10.047430573770491,39.222612,0.0
4878,2010-09-10,SZSE:002091,0.7059,12.7436,10.2223,12.7607,12.3077,8945.9988,12.688,10.8354,52.5504,39.6022,73.0426,2.903,52.565,55.6294,55.6297,0.0,0.0,0.0,8731.4328,39.7136,36.234,24.7,0.0,2.8158,2.3261,17.1871,2.34,40288.0,1.25,0.0,0.0,11.1325,10.177700367243165,10.236016793527732,9.87264208779309,40.217814,0.0
4879,2010-09-13,SZSE:002091,0.7059,13.141,10.5411,13.1581,12.5641,9224.9996,12.7778,11.1734,54.1894,40.8373,75.3206,2.9936,52.8812,59.8221,59.8224,0.0,0.0,0.0,9010.4335,40.9826,37.3918,25.4892,0.0,2.9058,2.4004,16.0529,2.34,40288.0,1.25,0.0,0.0,11.1325,10.249757825127464,10.554816825964538,10.078337608248992,37.563786,0.0
4880,2010-09-14,SZSE:002091,0.7059,13.1539,10.5514,13.5256,13.0342,9233.9999,13.1624,11.1843,54.2422,40.8771,75.394,2.9965,52.4606,59.9536,59.9539,0.0,0.0,0.0,9019.4339,41.0236,37.4291,25.5147,0.0,2.9087,2.4028,15.886,2.34,40288.0,1.25,0.0,0.0,11.1325,10.558218274428116,10.849559129991864,10.455382653053466,37.17323999999999,0.0
4881,2010-09-15,SZSE:002091,0.7059,12.6496,10.1469,13.2479,12.4829,8879.9981,13.188,10.7555,52.1628,39.31,72.5037,2.8816,52.6535,52.6558,52.6561,0.0,0.0,0.0,8665.4321,39.4135,35.9601,24.5133,0.0,2.7945,2.3085,12.3228,2.34,40288.0,1.25,0.0,0.0,11.1325,10.578778554262586,10.626827449879839,10.013181287155327,28.835352,0.0
4882,2010-09-16,SZSE:002091,0.7059,12.2393,9.8178,12.765,12.0641,8591.9991,12.5855,10.4067,50.471,38.0351,70.1522,2.7882,52.6598,47.5814,47.5817,0.0,0.0,0.0,8377.4331,38.1035,34.7649,23.6985,0.0,2.7017,2.2318,8.5261,2.34,40288.0,1.25,0.0,0.0,11.1325,10.095505617151307,10.239492209521787,9.677262668616669,19.951074,0.0
4883,2010-09-17,SZSE:002091,0.6354,12.2222,9.8041,12.4786,12.0171,8579.9991,12.2735,10.3921,50.4005,37.982,70.0542,2.7843,52.4875,47.3765,47.3768,0.0,0.0,0.0,8365.4331,38.049,34.7151,23.6646,0.0,2.6978,2.2286,5.5924,2.34,40288.0,1.25,0.0,0.0,11.1325,9.845250556364649,10.009772566313757,9.63957799005089,13.086215999999999,0.0
4884,2010-09-20,SZSE:002091,0.6354,12.1795,9.7698,12.5855,12.094,8549.9992,12.1368,10.3558,50.2243,37.8492,69.8093,2.7745,50.2786,46.8336,46.8339,0.0,0.0,0.0,8335.4332,37.9125,34.5906,23.5797,0.0,2.6881,2.2206,7.9539,2.34,40288.0,1.25,0.0,0.0,11.1325,9.735548145654581,10.095473369185926,9.701216076193603,18.612126,0.0
4885,2010-09-21,SZSE:002091,0.6354,11.8291,9.4887,12.3077,11.7607,8303.9987,12.3077,10.0579,48.7792,36.7602,67.8007,2.6947,50.6344,42.5298,42.5301,0.0,0.0,0.0,8089.4327,36.7936,33.5698,22.8838,0.0,2.6088,2.155,4.7209,2.34,40288.0,1.25,0.0,0.0,11.1325,9.87260848162582,9.87260848162582,9.43383301265523,11.046906,0.0
4886,2010-09-22,SZSE:002091,0.6354,0.0,9.4887,0.0,0.0,8303.9987,0.0,10.0579,48.7792,36.7602,67.8007,2.6947,50.6344,42.5298,42.5301,0.0,0.0,0.0,8089.4327,36.7936,33.5698,22.8838,0.0,2.6088,2.155,0.0,2.34,40288.0,1.25,0.0,0.0,11.1325,0.0,0.0,0.0,0.0,0.0
4887,2010-09-23,SZSE:002091,0.6354,0.0,9.4887,0.0,0.0,8303.9987,0.0,10.0579,48.7792,36.7602,67.8007,2.6947,50.6344,42.5298,42.5301,0.0,0.0,0.0,8089.4327,36.7936,33.5698,22.8838,0.0,2.6088,2.155,0.0,2.34,40288.0,1.25,0.0,0.0,11.1325,0.0,0.0,0.0,0.0,0.0
4888,2010-09-24,SZSE:002091,0.6142,0.0,9.4887,0.0,0.0,8303.9987,0.0,10.0579,48.7792,36.7602,67.8007,2.6947,50.6344,42.5298,42.5301,0.0,0.0,0.0,8089.4327,36.7936,33.5698,22.8838,0.0,2.6088,2.155,0.0,2.34,40288.0,1.25,0.0,0.0,11.1325,0.0,0.0,0.0,0.0,0.0
4889,2010-09-27,SZSE:002091,0.6142,12.2222,9.8041,12.3077,11.7949,8579.9991,11.7949,10.3921,50.4005,37.982,70.0542,2.7843,50.9712,48.2732,48.2734,0.0,0.0,0.0,8365.4331,38.049,34.7151,23.6646,0.0,2.6978,2.2286,6.3099,2.34,40288.0,1.25,0.0,0.0,11.1325,9.461339127980233,9.872684260607747,9.461339127980233,14.765165999999999,0.0
4890,2010-09-28,SZSE:002091,0.6142,11.9231,9.5641,12.2906,11.8291,8369.9994,12.1795,10.1378,49.1669,37.0524,68.3396,2.7161,51.2574,44.6194,44.6196,0.0,0.0,0.0,8155.4333,37.0938,33.8437,23.0705,0.0,2.6301,2.1726,6.2752,2.34,40288.0,1.25,0.0,0.0,11.1325,9.769770944636882,9.85888967298773,9.488698015616745,14.683967999999998,0.0
4891,2010-09-29,SZSE:002091,0.6142,12.0598,9.6738,12.2863,11.7949,8465.9993,11.9231,10.2541,49.7308,37.4773,69.1234,2.7473,49.7363,46.6089,46.6091,0.0,0.0,0.0,8251.4333,37.5304,34.2421,23.3421,0.0,2.661,2.1982,6.1394,2.34,40288.0,1.25,0.0,0.0,11.1325,9.564145738735302,9.855487565299592,9.46130977462313,14.366196,0.0
4892,2010-09-30,SZSE:002091,0.6142,12.3162,9.8795,12.3419,11.8889,8645.9991,11.9658,10.4721,50.7882,38.2742,70.5931,2.8057,49.2129,50.2199,50.2201,0.0,0.0,0.0,8431.4331,38.3491,34.989,23.8513,0.0,2.7191,2.2462,6.7573,2.34,40288.0,1.25,0.0,0.0,11.1325,9.598424928143421,9.900115380555693,9.536739217453436,15.812081999999998,0.0
4893,2010-10-01,SZSE:002091,0.6252,0.0,9.8795,0.0,0.0,8645.9991,0.0,10.4721,50.7882,38.2742,70.5931,2.8057,49.2129,50.2199,50.2201,0.0,0.0,0.0,8431.4331,38.3491,34.989,23.8513,0.0,2.7191,2.2462,0.0,2.34,40288.0,1.25,0.0,0.0,11.1325,0.0,0.0,0.0,0.0,0.0
4894,2010-10-04,SZSE:002091,0.6252,0.0,9.8795,0.0,0.0,8645.9991,0.0,10.4721,50.7882,38.2742,70.5931,2.8057,49.2129,50.2199,50.2201,0.0,0.0,0.0,8431.4331,38.3491,34.989,23.8513,0.0,2.7191,2.2462,0.0,2.34,40288.0,1.25,0.0,0.0,11.1325,0.0,0.0,0.0,0.0,0.0
4895,2010-10-05,SZSE:002091,0.6252,0.0,9.8795,0.0,0.0,8645.9991,0.0,10.4721,50.7882,38.2742,70.5931,2.8057,49.2129,50.2199,50.2201,0.0,0.0,0.0,8431.4331,38.3491,34.989,23.8513,0.0,2.7191,2.2462,0.0,2.34,40288.0,1.25,0.0,0.0,11.1325,0.0,0.0,0.0,0.0,0.0
4896,2010-10-06,SZSE:002091,0.6252,0.0,9.8795,0.0,0.0,8645.9991,0.0,10.4721,50.7882,38.2742,70.5931,2.8057,49.2129,50.2199,50.2201,0.0,0.0,0.0,8431.4331,38.3491,34.989,23.8513,0.0,2.7191,2.2462,0.0,2.34,40288.0,1.25,0.0,0.0,11.1325,0.0,0.0,0.0,0.0,0.0
4897,2010-10-07,SZSE:002091,0.6252,0.0,9.8795,0.0,0.0,8645.9991,0.0,10.4721,50.7882,38.2742,70.5931,2.8057,49.2129,50.2199,50.2201,0.0,0.0,0.0,8431.4331,38.3491,34.989,23.8513,0.0,2.7191,2.2462,0.0,2.34,40288.0,1.25,0.0,0.0,11.1325,0.0,0.0,0.0,0.0,0.0
4898,2010-10-08,SZSE:002091,0.642,12.5513,10.068,12.7265,12.3504,8810.9993,12.5,10.6719,51.7574,39.0046,71.9403,2.8592,45.4593,53.3355,53.3356,0.0,0.0,0.0,8596.4333,39.0996,35.6738,24.3181,0.0,2.7723,2.2901,9.2152,2.34,40288.0,1.25,0.0,0.0,11.1325,10.026849808386382,10.208536326914343,9.906848469879614,21.563567999999997,0.0
4899,2010-10-11,SZSE:002091,0.642,12.3718,9.9241,12.6752,12.2991,8684.9994,12.5171,10.5193,51.0173,38.4468,70.9115,2.8184,43.7327,50.7247,50.7249,0.0,0.0,0.0,8470.4334,38.5265,35.1509,23.9616,0.0,2.7317,2.2565,12.6733,2.34,40288.0,1.25,0.0,0.0,11.1325,10.040653107066067,10.167473796860602,9.865783338721931,29.655521999999998,0.0
4900,2010-10-12,SZSE:002091,0.642,11.9658,9.5984,12.4359,11.9231,8399.9993,12.359,10.1741,49.3431,37.1852,68.5846,2.7259,44.3731,45.3207,45.3209,0.0,0.0,0.0,8185.4333,37.2303,33.9682,23.1554,0.0,2.6397,2.1806,18.4464,2.34,40288.0,1.25,0.0,0.0,11.1325,9.913806481806482,9.975492032292033,9.564148075348076,43.164576,0.0
4901,2010-10-13,SZSE:002091,0.642,12.2564,9.8315,12.3803,11.3248,8603.9991,11.9231,10.4212,50.5415,38.0882,70.2502,2.7921,44.5691,49.4703,49.4705,0.0,0.0,0.0,8389.4331,38.1581,34.8147,23.7325,0.0,2.7055,2.235,23.7442,2.34,40288.0,1.25,0.0,0.0,11.1325,9.564142623445711,9.930886675532783,9.08421487549362,55.56142799999999,0.0
4902,2010-10-14,SZSE:002091,0.642,11.5855,9.2933,12.2222,11.5727,8132.9985,12.0299,9.8507,47.7747,36.0032,66.4045,2.6392,46.0617,41.6173,41.6174,0.0,0.0,0.0,7918.4325,36.0158,32.8602,22.4001,0.0,2.5536,2.1095,15.7712,2.34,40288.0,1.25,0.0,0.0,11.1325,9.649775121488066,9.80402842000777,9.283032489750118,36.904607999999996,0.0
4903,2010-10-15,SZSE:002091,0.5893,11.7991,9.4647,12.2137,11.5812,8282.9984,11.5855,10.0324,48.6559,36.6672,67.6293,2.6879,44.5185,44.6317,44.6319,0.0,0.0,0.0,8068.4324,36.6981,33.4826,22.8244,0.0,2.602,2.1495,17.0805,2.34,40288.0,1.25,0.0,0.0,11.1325,9.293359819816766,9.797273214906221,9.289910555889858,39.96837,0.0
4904,2010-10-18,SZSE:002091,0.5893,11.2265,9.0054,11.6239,10.8248,7880.9988,11.6154,9.5455,46.2944,34.8876,64.347,2.5574,45.4957,38.8433,38.8434,0.0,0.0,0.0,7666.4328,34.8697,31.8144,21.6872,0.0,2.4724,2.0424,15.9258,2.34,40288.0,1.25,0.0,0.0,11.1325,9.31735831826482,9.324176640983387,8.683174089876632,37.266372,0.0
4905,2010-10-19,SZSE:002091,0.5893,11.641,9.3379,11.7009,11.1581,8171.9989,11.1752,9.898,48.0038,36.1758,66.723,2.6519,45.853,44.4588,44.4589,0.0,0.0,0.0,7957.4328,36.1932,33.022,22.5104,0.0,2.5662,2.1199,10.1085,2.34,40288.0,1.25,0.0,0.0,11.1325,8.964255655012455,9.385949154711795,8.950538784468687,23.653889999999997,0.0
4906,2010-10-20,SZSE:002091,0.5893,12.4701,10.0029,12.5171,11.4103,8753.999,11.5043,10.6029,51.4226,38.7522,71.4749,2.8407,47.3409,53.6294,53.6294,0.0,0.0,0.0,8539.433,38.8404,35.4372,24.1568,0.0,2.7539,2.2749,25.0332,2.34,40288.0,1.25,0.0,0.0,11.1325,9.228182810883634,10.040601084995307,9.152780640893015,58.577687999999995,0.0
4907,2010-10-21,SZSE:002091,0.5893,13.3333,10.6954,13.6325,12.5427,9359.9991,12.5427,11.3369,54.9824,41.4349,76.4228,3.0374,49.1307,60.8735,60.8736,0.0,0.0,0.0,9145.4331,41.5967,37.952,25.8711,0.0,2.9493,2.4364,38.5992,2.34,40288.0,1.25,0.0,0.0,11.1325,10.061214671536678,10.93540537601344,10.061214671536678,90.322128,0.0
4908,2010-10-22,SZSE:002091,0.5484,13.0983,10.5068,13.312,12.9487,9194.9996,13.1197,11.137,54.0131,40.7045,75.0756,2.9839,49.3426,58.2072,58.2072,0.0,0.0,0.0,8980.4336,40.8462,37.2673,25.4043,0.0,2.8961,2.3924,15.0861,2.34,40288.0,1.25,0.0,0.0,11.1325,10.52396600780254,10.678219433056197,10.386798375361689,35.301474,0.0
4909,2010-10-25,SZSE:002091,0.5484,13.1624,10.5582,13.5256,13.0342,9239.9992,13.312,10.5363,53.3733,40.9037,78.06,2.8079,49.2936,58.738,58.738,0.0,0.0,0.0,9030.9134,41.9147,38.4253,25.5471,0.0,2.7125,2.4059,24.2763,2.34,40288.0,1.25,0.0,0.0,11.1325,10.678201422233027,10.849540351303713,10.455364556615814,56.80654199999999,0.0
4910,2010-10-26,SZSE:002091,0.5484,13.9188,11.165,14.1026,12.8633,9770.9983,13.1667,11.1418,56.4405,43.2597,82.5459,2.9693,50.3893,64.4723,64.4724,0.0,0.0,0.0,9561.9126,44.3792,40.6847,27.0493,30.4905,2.8719,2.4524,35.7734,2.34,40288.0,1.25,0.0,0.0,11.1325,10.56170111647556,11.31243562663448,10.318328052705693,83.709756,0.0
4911,2010-10-27,SZSE:002091,0.5484,13.0812,10.4931,13.7222,13.0385,9182.9996,13.6752,10.4713,53.0441,40.6564,77.5784,2.7906,52.2819,55.3064,55.3065,0.0,0.0,0.0,8973.9139,41.6502,38.1828,25.3859,28.6155,2.6953,2.3016,19.4916,2.34,40288.0,1.25,0.0,0.0,11.1325,10.969577800201817,11.007278905604991,10.458848144665627,45.61034399999999,0.0
4912,2010-10-28,SZSE:002091,0.5484,12.9402,10.38,13.218,12.7778,9083.9993,13.0342,10.3584,52.4722,40.2181,76.7421,2.7605,52.3404,53.9166,53.9166,0.0,0.0,0.0,8874.9136,41.1907,37.7616,25.1058,28.2998,2.6656,2.2762,10.6838,2.34,40288.0,1.25,0.0,0.0,11.1325,10.455402234895907,10.602837668660452,10.249730606945796,25.000092,0.0
4913,2010-10-29,SZSE:002091,0.537,13.2009,10.5891,13.4487,13.0983,9266.9981,13.0983,10.5671,53.5293,41.0283,78.2881,2.8161,52.4053,56.1121,56.1121,0.0,0.0,0.0,9057.9124,42.04,38.5402,25.6235,28.8834,2.7206,2.3231,15.3701,2.34,40288.0,1.25,0.0,0.0,11.1325,10.506799425039201,10.787872733677249,10.506799425039201,35.966034,0.0
4914,2010-11-01,SZSE:002091,0.537,14.1239,11.3295,14.188,13.265,9914.9982,13.3974,11.306,57.2723,43.8972,83.7624,3.013,54.0402,62.8597,62.8597,0.0,0.0,0.0,9705.9124,45.0476,41.2974,27.4566,30.9497,2.9152,2.4893,25.8856,2.34,40288.0,1.25,0.0,0.0,14.7436,10.74673732467661,11.380917876790404,10.640532537047132,60.572303999999995,0.0
4915,2010-11-02,SZSE:002091,0.537,14.265,11.4427,15.0,13.8462,10013.9984,13.8889,11.4189,57.8442,44.3355,84.5987,3.0431,53.8188,63.776,63.776,0.0,0.0,0.0,9804.9127,45.5071,41.7186,27.7367,31.2653,2.9449,2.5147,28.031,2.34,40288.0,1.25,0.0,0.0,14.7436,11.141010587451806,12.032281808622502,11.10675869190326,65.59254,0.0
4916,2010-11-03,SZSE:002091,0.537,13.3633,10.7194,14.5299,13.3376,9380.9994,14.1453,10.6971,54.1878,41.533,79.2511,2.8508,55.3288,54.5148,54.5148,0.0,0.0,0.0,9171.9137,42.5692,39.0253,25.946,29.2469,2.7548,2.3524,18.9103,2.34,40288.0,1.25,0.0,0.0,14.7436,11.346682991476655,11.655190713371697,10.69878468941055,44.250102,0.0
4917,2010-11-04,SZSE:002091,0.537,13.7949,11.0656,13.8846,13.2906,9683.9987,13.312,11.0426,55.938,42.8745,81.8109,2.9428,53.3128,57.6826,57.6826,0.0,0.0,0.0,9474.913,43.9754,40.3145,26.8032,30.2131,2.8458,2.4301,13.2672,2.34,40288.0,1.25,0.0,0.0,14.7436,10.678241031105697,11.13755299132288,10.661074988582737,31.045248,0.0
4918,2010-11-05,SZSE:002091,0.4359,13.6453,10.9456,14.1453,13.4658,9578.9985,13.8889,10.9229,55.3315,42.4096,80.9238,2.9109,53.3808,56.2213,56.2214,0.0,0.0,0.0,9369.9128,43.4881,39.8677,26.5061,29.8782,2.8143,2.4031,17.5921,2.34,40288.0,1.25,0.0,0.0,14.7436,11.141004143551259,11.346675828307184,10.801613777637721,41.165513999999995,0.0
4919,2010-11-08,SZSE:002091,0.4359,13.7265,11.0107,13.8248,13.3846,9635.9981,13.6752,10.9879,55.6607,42.662,81.4054,2.9283,53.1895,56.8602,56.8602,0.0,0.0,0.0,9426.9124,43.7527,40.1103,26.6674,30.06,2.8314,2.4178,11.2815,2.34,40288.0,1.25,0.0,0.0,14.7436,10.969549749754126,11.08955125924307,10.736445213273596,26.398709999999998,0.0
4920,2010-11-09,SZSE:002091,0.4359,13.812,11.0793,14.0855,13.5556,9695.9987,13.7094,11.0563,56.0073,42.9276,81.9123,2.9465,53.1563,57.5623,57.5623,0.0,0.0,0.0,9486.913,44.0311,40.3656,26.8371,30.2513,2.8494,2.4332,14.5211,2.34,40288.0,1.25,0.0,0.0,14.7436,10.996999378801043,11.298688108166813,10.873628662033015,33.979374,0.0
4921,2010-11-10,SZSE:002091,0.4359,13.688,10.9799,13.812,13.4402,9608.9985,13.6795,10.9571,55.5048,42.5425,81.1773,2.9201,51.9325,56.1357,56.1358,0.0,0.0,0.0,9399.9127,43.6274,39.9954,26.591,29.9739,2.8233,2.4108,11.5258,2.34,40288.0,1.25,0.0,0.0,14.7436,10.973081681034483,11.07936724137931,10.781125948275863,26.970371999999998,0.0
4922,2010-11-11,SZSE:002091,0.4359,13.5641,10.8805,14.0427,13.547,9521.9989,13.547,10.8579,55.0022,42.1573,80.4423,2.8936,51.8882,54.6765,54.6765,0.0,0.0,0.0,9312.9132,43.2236,39.6252,26.3449,29.6965,2.7972,2.3885,13.3823,2.34,40288.0,1.25,0.0,0.0,14.7436,10.866783162907971,11.26441100773365,10.866783162907971,31.314582,0.0
4923,2010-11-12,SZSE:002091,0.5041,12.3504,9.9069,13.4615,12.2094,8669.9991,13.4615,9.8864,50.0808,38.3852,73.2446,2.6347,55.5581,42.912,42.912,0.0,0.0,0.0,8460.9133,39.2692,36.0001,23.9347,26.9797,2.5413,2.17,21.8202,2.34,40288.0,1.25,0.0,0.0,14.7436,10.79817126165954,10.79817126165954,9.793796545860863,51.059267999999996,0.0
4924,2010-11-15,SZSE:002091,0.5041,12.7479,10.2257,12.7564,12.1795,8948.9991,12.3761,10.2045,51.6924,39.6204,75.6016,2.7195,55.8585,46.9383,46.9383,0.0,0.0,0.0,8739.9134,40.5641,37.1872,24.7239,27.8693,2.6251,2.2416,8.5938,2.34,40288.0,1.25,0.0,0.0,14.7436,9.927461446198981,10.23251825634026,9.769759187787793,20.109492,0.0
4925,2010-11-16,SZSE:002091,0.5041,12.1838,9.7732,12.8974,12.1068,8552.9981,12.8205,9.7529,49.405,37.8672,72.2561,2.5992,55.9692,42.3705,42.3705,0.0,0.0,0.0,8343.9124,38.7262,35.5022,23.6037,26.6066,2.5061,2.14,8.5232,2.34,40288.0,1.25,0.0,0.0,14.7436,10.283927067089083,10.345612180108011,9.711434672269734,19.944287999999997,0.0
4926,2010-11-17,SZSE:002091,0.5041,11.9701,9.6018,12.4615,11.8932,8402.9983,11.9701,9.5819,48.5385,37.2031,70.9889,2.5536,55.9502,40.7528,40.7528,0.0,0.0,0.0,8193.9125,38.03,34.864,23.1794,26.1283,2.4611,2.1015,6.2875,2.34,40288.0,1.25,0.0,0.0,14.7436,9.6018,9.995975864863285,9.540114765958513,14.712749999999998,0.0
4927,2010-11-18,SZSE:002091,0.5041,12.0086,9.6327,12.2949,11.7521,8429.9993,12.1325,9.6127,48.6945,37.3226,71.217,2.5618,55.9344,41.1881,41.1881,0.0,0.0,0.0,8220.9136,38.1553,34.9789,23.2558,26.2144,2.4692,2.1085,7.9342,2.34,40288.0,1.25,0.0,0.0,14.7436,9.732086400579584,9.862355581000283,9.426948492746865,18.566028,0.0
4928,2010-11-19,SZSE:002091,0.5051,12.3291,9.8898,12.3462,11.8162,8654.9994,12.0556,9.8693,49.9942,38.3188,73.1179,2.6301,56.1794,44.8259,44.8259,0.0,0.0,0.0,8445.9137,39.1996,35.9362,23.8923,26.9318,2.5368,2.1662,12.1441,2.34,40288.0,1.25,0.0,0.0,14.7436,9.670411699150788,9.903516782246879,9.478376747694478,28.417194,0.0
4929,2010-11-22,SZSE:002091,0.5051,12.6026,10.1092,12.8633,12.1795,8846.9992,12.3291,10.0882,51.1032,39.1688,74.7399,2.6885,56.2885,47.7935,47.7935,0.0,0.0,0.0,8637.9135,40.0907,36.7532,24.4354,27.5441,2.5944,2.2154,12.5049,2.34,40288.0,1.25,0.0,0.0,14.7436,9.889811445257328,10.318321009950328,9.769809515496801,29.261465999999995,0.0
4930,2010-11-23,SZSE:002091,0.5051,12.4701,10.0029,12.8889,12.1795,8753.999,12.6709,9.9821,50.566,38.7571,73.9542,2.6602,55.8901,46.4891,46.4892,0.0,0.0,0.0,8544.9132,39.6591,36.3575,24.1723,27.2475,2.5665,2.1916,10.532,2.34,40288.0,1.25,0.0,0.0,14.7436,10.163971869511872,10.338840731830537,9.769794993624751,24.644879999999997,0.0
4931,2010-11-24,SZSE:002091,0.5051,12.812,10.2771,12.812,12.265,8993.9987,12.3419,10.2558,51.9523,39.8196,75.9817,2.7332,55.3399,50.2616,50.2616,0.0,0.0,0.0,8784.913,40.773,37.3786,24.8512,28.0128,2.6386,2.2531,8.4296,2.34,40288.0,1.25,0.0,0.0,14.7436,9.900010965501094,10.2771,9.838325905401188,19.725264,0.0
4932,2010-11-25,SZSE:002091,0.5051,12.8162,10.2806,13.1838,12.7821,8996.9984,12.9915,10.2592,51.9697,39.8329,76.0071,2.7341,55.0932,50.3087,50.3087,0.0,0.0,0.0,8787.9126,40.7869,37.3914,24.8597,28.0224,2.6395,2.2539,9.2506,2.34,40288.0,1.25,0.0,0.0,14.7436,10.421218059955368,10.575472782884162,10.2532464583886,21.646404,0.0
4933,2010-11-26,SZSE:002091,0.438,12.5299,10.0509,12.906,12.4316,8795.9989,12.906,10.03,50.8086,36.4729,74.309,2.673,55.1817,47.0875,47.0875,0.0,0.0,0.0,8586.9132,39.854,36.5362,22.2892,25.0917,2.5791,2.1092,8.5661,2.34,40288.0,1.25,0.0,0.0,14.7436,10.352589837109633,10.352589837109633,9.97204833558129,20.044674,0.0
4934,2010-11-29,SZSE:002091,0.438,12.7265,10.2086,13.0769,12.4274,8933.9981,12.5214,10.1874,51.6058,37.0452,75.4749,2.7149,55.2055,49.4792,49.4792,0.0,0.0,0.0,8724.9124,40.4945,37.1233,22.6474,25.4949,2.6205,2.1431,10.5561,2.34,40288.0,1.25,0.0,0.0,14.7436,10.04407842218992,10.489674406946138,9.968676041331083,24.701274,0.0
4935,2010-11-30,SZSE:002091,0.438,12.141,9.7389,12.859,11.8803,8522.9996,12.6496,9.7187,49.2317,35.3409,72.0027,2.59,55.4363,43.214,43.2141,0.0,0.0,0.0,8313.9138,38.587,35.3746,21.5806,24.2939,2.4971,2.0421,13.1452,2.34,40288.0,1.25,0.0,0.0,14.7436,10.146873358042994,10.31484351371386,9.529779562638991,30.759768,0.0
4936,2010-12-01,SZSE:002091,0.438,12.1068,9.7115,12.2009,11.9316,8498.9982,12.2009,9.6914,49.093,35.2414,71.8,2.5827,54.475,42.8726,42.8726,0.0,0.0,0.0,8289.9124,38.4756,35.2725,21.5183,24.2238,2.4899,2.0362,3.8401,2.34,40288.0,1.25,0.0,0.0,14.7436,9.786982551128292,9.786982551128292,9.570962880364752,8.985833999999999,0.0
4937,2010-12-02,SZSE:002091,0.438,12.3633,9.9172,12.6197,12.2564,8678.9994,12.2564,9.8966,50.1328,35.9878,73.3206,2.6374,54.5414,46.2992,46.2992,0.0,0.0,0.0,8469.9137,39.311,36.0384,21.9855,24.7498,2.544,2.0804,8.2927,2.34,40288.0,1.25,0.0,0.0,14.7436,9.831450347399155,10.122870822515022,9.831450347399155,19.404918,0.0
4938,2010-12-03,SZSE:002091,0.3898,12.4915,10.02,12.7009,12.3504,8768.9986,12.4145,9.9993,50.6527,36.361,74.0809,2.6648,54.3042,47.9792,47.9793,0.0,0.0,0.0,8559.9129,39.7287,36.4213,22.2191,25.0128,2.571,2.1025,6.2048,2.34,40288.0,1.25,0.0,0.0,14.7436,9.95823479966377,10.187969259096185,9.906817275747507,14.519231999999999,0.0
4939,2010-12-06,SZSE:002091,0.3898,12.1667,9.7595,12.6453,12.094,8540.9995,12.5641,9.7393,49.3357,35.4156,72.1548,2.5955,52.9302,44.206,44.206,0.0,0.0,0.0,8331.9138,38.6705,35.4512,21.6273,24.3465,2.5025,2.0465,4.6934,2.34,40288.0,1.25,0.0,0.0,14.7436,10.078273808838878,10.14340826600475,9.701183804975875,10.982555999999999,0.0
4940,2010-12-07,SZSE:002091,0.3898,12.2009,9.7869,12.3034,11.8803,8564.9981,12.0513,9.7666,49.4743,35.5151,72.3575,2.6028,52.8053,44.699,44.699,0.0,0.0,0.0,8355.9124,38.7819,35.5533,21.6896,24.4167,2.5097,2.0524,4.9676,2.34,40288.0,1.25,0.0,0.0,14.7436,9.666898996795316,9.869119938693045,9.529732074683015,11.624184,0.0
4941,2010-12-08,SZSE:002091,0.3898,12.1368,9.7355,12.4487,12.1154,8519.9992,12.265,9.7153,49.2144,35.3285,71.9774,2.5891,52.6582,43.9155,43.9155,0.0,0.0,0.0,8310.9135,38.573,35.3618,21.5728,24.2852,2.4962,2.0414,4.8062,2.34,40288.0,1.25,0.0,0.0,14.7436,9.838335269593305,9.985689708160306,9.718334050161493,11.246507999999999,0.0
4942,2010-12-09,SZSE:002091,0.3898,11.7991,9.4647,12.0513,11.7692,8282.9984,12.0513,9.4451,47.8454,34.3458,69.9752,2.5171,52.9176,39.944,39.944,0.0,0.0,0.0,8073.9127,37.4731,34.3534,20.9576,23.5926,2.425,1.9832,5.1455,2.34,40288.0,1.25,0.0,0.0,14.7436,9.667003340085262,9.667003340085262,9.440715583391954,12.04047,0.0
4943,2010-12-10,SZSE:002091,0.38,11.9915,9.619,12.0513,11.6239,8417.9993,11.7094,9.599,48.6252,34.9056,71.1157,2.5581,53.0314,43.1006,43.1006,0.0,0.0,0.0,8208.9136,38.0996,34.9278,21.308,23.9871,2.4656,2.0163,4.1436,2.34,40288.0,1.25,0.0,0.0,14.7436,9.392713055080682,9.66696866113497,9.324129099779011,9.696024,0.0
4944,2010-12-13,SZSE:002091,0.38,12.4359,9.9755,12.4701,12.0299,8729.999,12.1496,9.9548,50.4274,36.1993,73.7515,2.6529,53.1958,49.6828,49.6828,0.0,0.0,0.0,8520.9133,39.5477,36.2554,22.1179,24.8988,2.5593,2.093,7.4603,2.34,40288.0,1.25,0.0,0.0,14.7436,9.745843469310625,10.00293364774564,9.649825702200886,17.457102,0.0
4945,2010-12-14,SZSE:002091,0.38,12.4444,9.9823,12.6026,12.312,8735.999,12.4573,9.9616,50.462,36.6282,73.8021,2.6548,53.1958,49.803,49.803,0.0,0.0,0.0,8526.9133,39.5755,36.2809,22.1335,24.9163,2.5611,2.0944,5.7864,2.34,40288.0,1.25,0.0,0.0,14.7436,9.992647760438432,10.109200441965864,9.876095078910996,13.540176,0.0
4946,2010-12-15,SZSE:002091,0.38,12.6068,10.1126,13.0256,12.3504,8849.9989,12.4786,10.0916,51.1205,37.1062,74.7652,2.6894,52.6456,52.1434,52.1434,0.0,0.0,0.0,8640.9131,40.1046,36.7659,22.4294,25.2495,2.5953,2.1224,11.1148,2.34,40288.0,1.25,0.0,0.0,14.7436,10.009763806834409,10.448542259732845,9.906927613668815,26.008632,0.0
4947,2010-12-16,SZSE:002091,0.38,12.4573,9.9926,12.688,12.3718,8744.9986,12.4359,9.9719,50.514,36.666,73.8782,2.6575,52.2408,49.8385,49.8386,0.0,0.0,0.0,8535.9129,39.6173,36.3192,22.1568,24.9426,2.5638,2.0966,5.1854,2.34,40288.0,1.25,0.0,0.0,14.7436,9.975434029845953,10.177655575445723,9.924016334197619,12.133835999999999,0.0
4948,2010-12-17,SZSE:002091,0.3267,12.5727,10.0852,12.5983,12.4231,8825.9982,12.5299,10.0642,50.9819,37.0056,74.5625,2.6821,52.2724,51.6153,51.6153,0.0,0.0,0.0,8616.9125,39.9933,36.6638,22.3671,25.1793,2.5881,2.1165,3.5004,2.34,40288.0,1.25,0.0,0.0,14.7436,10.050867950400471,10.105735057704392,9.965198256539963,8.190935999999999,0.0
4949,2010-12-20,SZSE:002091,0.3267,12.5727,10.0852,12.7991,11.9231,8825.9982,12.6068,10.0642,50.9819,37.0056,74.5625,2.6821,52.2661,51.6153,51.6153,0.0,0.0,0.0,8616.9125,39.9933,36.6638,22.3671,25.1793,2.5881,2.1165,6.7611,2.34,40288.0,1.25,0.0,0.0,14.7436,10.112553338582803,10.266806916573211,9.564122910751072,15.820974,0.0
4950,2010-12-21,SZSE:002091,0.3267,12.735,10.2154,12.8162,12.4017,8939.9988,12.5727,10.1942,51.6404,37.4836,75.5255,2.7168,51.9372,54.2599,54.2599,0.0,0.0,0.0,8730.913,40.5224,37.1489,22.663,25.5125,2.6224,2.1445,10.7076,2.34,40288.0,1.25,0.0,0.0,14.7436,10.085210803297999,10.280534705928543,9.948042888103652,25.055783999999996,0.0
4951,2010-12-22,SZSE:002091,0.3267,0.0,10.2154,0.0,0.0,8939.9988,0.0,10.1942,51.6404,37.4836,75.5255,2.7168,51.9372,54.2599,54.2599,0.0,0.0,0.0,8730.913,40.5224,37.1489,22.663,25.5125,2.6224,2.1445,0.0,2.34,40288.0,1.25,0.0,0.0,14.7436,0.0,0.0,0.0,0.0,0.0
4952,2010-12-23,SZSE:002091,0.3267,12.312,9.8761,12.5812,12.1795,8642.9994,12.5256,9.8556,49.9248,36.2383,73.0165,2.6265,51.9926,47.0455,47.0456,0.0,0.0,0.0,8433.9137,39.1439,35.8852,21.8921,24.6446,2.5331,2.0716,8.8994,2.34,40288.0,1.25,0.0,0.0,14.7436,10.047439746588694,10.092039418453542,9.769814810753736,20.824596,0.0
4953,2010-12-24,SZSE:002091,0.303,11.859,9.5127,12.3291,11.8291,8324.9991,12.2137,9.493,48.088,34.905,70.33,2.5299,52.1381,40.7917,40.7917,0.0,0.0,0.0,8115.9133,37.668,34.5321,21.0666,23.7154,2.4376,1.9935,5.3055,2.34,40288.0,1.25,0.0,0.0,14.7436,9.797222699215785,9.889790839868455,9.488715707057931,12.41487,0.0
4954,2010-12-27,SZSE:002091,0.303,11.2222,9.0019,12.0855,11.0043,7877.9991,11.9231,8.9833,45.5059,33.0308,66.5537,2.394,52.8986,33.9583,33.9583,0.0,0.0,0.0,7668.9134,35.5934,32.6302,19.9063,22.4092,2.3034,1.8837,6.7826,2.34,40288.0,1.25,0.0,0.0,14.7436,9.564127701341981,9.694397038905025,8.827111276755003,15.871284,0.0
4955,2010-12-28,SZSE:002091,0.303,10.9316,8.7688,11.3205,10.8974,7673.9994,11.2222,8.7506,44.3276,32.1755,64.8303,2.332,52.927,31.3751,31.3751,0.0,0.0,0.0,7464.9136,34.6465,31.7622,19.3768,21.8131,2.2421,1.8336,3.592,2.34,40288.0,1.25,0.0,0.0,14.7436,9.001905243514218,9.0807567419225,8.741366416627027,8.40528,0.0
4956,2010-12-29,SZSE:002091,0.303,11.2137,8.9951,11.2393,11.0086,7871.9992,11.0684,8.9764,45.4713,33.0057,66.503,2.3922,53.1531,36.4297,36.4297,0.0,0.0,0.0,7662.9134,35.5655,32.6047,19.8908,22.3917,2.3016,1.8822,3.8689,2.34,40288.0,1.25,0.0,0.0,14.7436,8.878547209217299,9.015635109731846,8.830578476328064,9.053225999999999,0.0
4957,2010-12-30,SZSE:002091,0.303,11.3077,9.0705,11.3846,11.1197,7937.9998,11.1539,9.0517,45.8525,33.2824,67.0606,2.4123,52.9887,38.0673,38.0673,0.0,0.0,0.0,7728.914,35.8718,32.8855,20.0621,22.5845,2.3214,1.8984,4.1123,2.34,40288.0,1.25,0.0,0.0,14.7436,8.947128943109561,9.13218552844522,8.919695327078006,9.622782,0.0
4958,2010-12-31,SZSE:002091,0.2967,11.6239,9.3242,11.7222,11.3077,8159.9989,11.3077,9.3048,47.1349,34.2132,68.9361,2.4797,52.8701,43.353,43.353,0.0,0.0,0.0,7950.9131,36.9022,33.8301,20.6383,23.2332,2.3881,1.953,4.2244,2.34,40288.0,1.25,0.0,0.0,14.7436,9.070557759443902,9.403052094391727,9.070557759443902,9.885095999999999,0.0
4959,2011-01-03,SZSE:002091,0.2967,0.0,9.3242,0.0,0.0,8159.9989,0.0,9.3048,47.1349,34.2132,68.9361,2.4797,52.8701,43.353,43.353,0.0,0.0,0.0,7950.9131,36.9022,33.8301,20.6383,23.2332,2.3881,1.953,0.0,2.34,40288.0,1.25,0.0,0.0,14.7436,0.0,0.0,0.0,0.0,0.0
4960,2011-01-04,SZSE:002091,0.2967,11.5128,9.235,11.8162,11.4444,8081.9989,11.7521,9.2159,46.6843,33.8862,68.2771,2.456,52.4574,41.9968,41.9968,0.0,0.0,0.0,7872.9132,36.5402,33.4982,20.4359,23.0053,2.3646,1.9338,6.3503,2.34,40288.0,1.25,0.0,0.0,14.7436,9.426954650475992,9.478372507122506,9.180132895559725,14.859701999999999,0.0
4961,2011-01-05,SZSE:002091,0.2967,11.5171,9.2385,11.7051,11.4744,8084.9993,11.5128,9.2193,46.7017,33.8987,68.3025,2.4569,52.0258,42.0718,42.0718,0.0,0.0,0.0,7875.9136,36.5541,33.511,20.4436,23.0141,2.3656,1.9345,6.1873,2.34,40288.0,1.25,0.0,0.0,14.7436,9.235050733257506,9.38930515060215,9.204247979091958,14.478281999999998,0.0
4962,2011-01-06,SZSE:002091,0.2967,11.1111,8.9128,11.4957,10.9316,7799.9978,11.4359,8.8943,45.0554,32.7038,65.8948,2.3703,52.0685,37.153,37.153,0.0,0.0,0.0,7590.9121,35.2313,32.2983,19.7039,22.1813,2.2799,1.8645,15.5299,2.34,40288.0,1.25,0.0,0.0,14.7436,9.17333923013923,9.221307967707967,8.768813572013572,36.339966,0.0
4963,2011-01-07,SZSE:002091,0.2907,11.0427,8.8579,11.312,10.8547,7751.9993,11.0598,8.8396,44.7781,31.8069,65.4893,2.3557,51.6621,36.3815,36.3815,0.0,0.0,0.0,7542.9135,35.0086,32.0941,19.5793,22.041,2.2655,1.8527,12.7068,2.34,40288.0,1.25,0.0,0.0,14.7436,8.871616762204896,9.073918950981192,8.707095830729804,29.733911999999997,0.0
4964,2011-01-10,SZSE:002091,0.2907,10.4487,8.3815,11.0214,10.4231,7334.9993,11.0171,8.3641,42.3694,30.096,61.9664,2.229,52.5602,30.4633,30.4633,0.0,0.0,0.0,7125.9136,33.0732,30.3198,18.4969,20.8225,2.1403,1.7503,16.474,2.34,40288.0,1.25,0.0,0.0,14.7436,8.837446155981127,8.840895431967613,8.360964775522314,38.54916,0.0
4965,2011-01-11,SZSE:002091,0.2907,10.5513,8.4637,10.5598,10.3462,7406.9993,10.4487,8.4462,42.7853,30.3914,62.5747,2.2509,52.5665,32.5049,32.5049,0.0,0.0,0.0,7197.9135,33.4073,30.6262,18.6838,21.0329,2.1619,1.768,5.1425,2.34,40288.0,1.25,0.0,0.0,14.7436,8.381399655966565,8.470518254622652,8.299179526693392,12.03345,0.0
4966,2011-01-12,SZSE:002091,0.2907,10.218,8.1963,10.5769,10.0855,7172.9995,10.547,8.1793,41.4336,29.4313,60.5978,2.1798,52.5381,29.476,29.476,0.0,0.0,0.0,6963.9138,32.3213,29.6305,18.0764,20.3491,2.0916,1.7105,12.4806,2.34,40288.0,1.25,0.0,0.0,14.7436,8.46020513799178,8.484189221961246,8.090016015854376,29.204604,0.0
4967,2011-01-13,SZSE:002091,0.2907,10.0342,8.0489,10.3675,10.0256,7043.9979,10.2393,8.0322,40.6885,28.902,59.508,2.1406,52.3563,27.9308,27.9308,0.0,0.0,0.0,6834.9121,31.7225,29.0816,17.7415,19.9722,2.0529,1.6788,12.7219,2.34,40288.0,1.25,0.0,0.0,14.7436,8.213420279643618,8.31625548125411,8.042001538737518,29.769246,0.0
4968,2011-01-14,SZSE:002091,0.2926,9.6496,7.7404,10.0513,9.5769,6773.9981,10.0513,7.7244,39.1289,27.7941,57.2271,2.0585,51.7696,24.9792,24.9792,0.0,0.0,0.0,6564.9124,30.4694,27.9328,17.0407,19.1832,1.9718,1.6125,10.9573,2.34,40288.0,1.25,0.0,0.0,14.7436,8.06262254601227,8.06262254601227,7.682083895705522,25.640082,0.0
4969,2011-01-17,SZSE:002091,0.2926,9.094,7.2948,9.6709,9.0171,6383.9999,9.5299,7.2797,36.8761,26.194,53.9323,1.94,52.7737,21.4528,21.4528,0.0,0.0,0.0,6174.9142,28.6593,26.2734,16.0283,18.0436,1.8547,1.5167,12.7453,2.34,40288.0,1.25,0.0,0.0,14.7436,7.64445948097647,7.757563373652958,7.233114259951617,29.824002,0.0
4970,2011-01-18,SZSE:002091,0.2926,9.3376,7.4902,9.4402,9.0,6554.9987,9.0897,7.4746,37.8639,26.8956,55.3769,1.992,52.3025,26.3616,26.3616,0.0,0.0,0.0,6345.913,29.453,27.001,16.4722,18.5433,1.906,1.5587,9.6629,2.34,40288.0,1.25,0.0,0.0,14.7436,7.291345842614804,7.572501075222756,7.219392563399588,22.611186,0.0
4971,2011-01-19,SZSE:002091,0.2926,9.547,7.6582,9.547,9.188,6701.9989,9.3547,7.6423,38.713,27.4987,56.6188,2.0367,51.9578,30.3891,30.3891,0.0,0.0,0.0,6492.9132,30.1352,27.6265,16.8538,18.9728,1.9502,1.5948,10.8071,2.34,40288.0,1.25,0.0,0.0,14.7436,7.50394506546559,7.6582,7.370225369225935,25.288614,0.0
4972,2011-01-20,SZSE:002091,0.2926,8.953,7.1817,9.4829,8.9017,6284.9983,9.4359,7.1668,36.3042,25.7877,53.096,1.9099,51.3016,26.0385,26.0385,0.0,0.0,0.0,6075.9125,28.1998,25.8522,15.7714,17.6087,1.8249,1.4937,10.8972,2.34,40288.0,1.25,0.0,0.0,0.0,7.569060988495478,7.606762306489447,7.140549412487435,25.499447999999997,0.0
4973,2011-01-21,SZSE:002091,0.2133,9.6111,7.7096,9.6239,8.7607,6746.9985,8.8889,7.6936,38.9729,27.6834,56.999,2.0503,51.5293,36.8289,36.8289,0.0,0.0,0.0,6537.9128,30.3441,27.818,16.9706,18.9477,1.9637,1.6073,25.5308,2.34,40288.0,1.25,0.0,0.0,0.0,7.130283051887921,7.719867594760226,7.027446673117541,59.74207199999999,0.0
4974,2011-01-24,SZSE:002091,0.2133,9.6154,7.713,10.0342,9.4103,6749.9996,9.5513,7.697,38.9902,27.8191,57.0243,2.0512,51.4771,36.8933,36.8933,0.0,0.0,0.0,6540.9138,30.358,27.8307,16.9784,19.2988,1.9646,1.629,23.5271,2.34,40288.0,1.25,0.0,0.8182,14.9573,7.661582139068577,8.048940720094848,7.548478888033779,55.053414,0.0
4975,2011-01-25,SZSE:002091,0.2133,9.3291,7.4833,9.5,9.1496,6548.9994,9.4444,7.4678,37.8292,26.9907,55.3263,1.9902,51.6827,34.3661,34.3661,0.0,0.0,0.0,6339.9137,29.4251,26.9755,16.4566,18.7057,1.9042,1.5789,10.4603,2.34,40288.0,1.25,0.0,0.7938,14.9573,7.575787430727509,7.62038674684589,7.339314797783279,24.477102,0.0
4976,2011-01-26,SZSE:002091,0.2133,9.7222,7.7987,9.7692,9.3718,6824.9984,9.3718,7.7825,39.4235,28.1282,57.6579,2.074,51.0724,40.403,40.403,0.0,0.0,0.0,6615.9127,30.7061,28.1498,17.173,19.52,1.9871,1.6476,11.0389,2.34,40288.0,1.25,0.0,0.8273,14.9573,7.517625296743535,7.83640123017424,7.517625296743535,25.831025999999998,0.0
4977,2011-01-27,SZSE:002091,0.2133,9.7949,7.857,9.8932,9.4957,6875.9987,9.6923,7.8407,39.7181,28.3384,58.0888,2.0895,49.8565,41.4742,41.4742,0.0,0.0,0.0,6666.913,30.9428,28.3668,17.3054,19.6705,2.0024,1.6603,8.951,2.34,40288.0,1.25,0.0,0.8335,14.9573,7.774699190395001,7.93585155540128,7.6169960795924405,20.94534,0.0
4978,2011-01-28,SZSE:002091,0.1945,9.9701,7.9975,10.0769,9.6581,6998.9983,9.7607,7.9809,40.4285,28.8453,59.1279,2.1269,50.032,44.0846,44.0846,0.0,0.0,0.0,6789.9125,31.5137,28.8902,17.6247,20.0334,2.0394,1.691,9.3163,2.34,40288.0,1.25,0.0,0.8484,14.9573,7.829530120058975,8.083169451660464,7.747229691778417,21.800141999999997,0.0
4979,2011-01-31,SZSE:002091,0.1945,10.0342,8.0489,10.0855,9.7393,7043.9979,9.9188,8.0322,40.6885,29.0307,59.508,2.1406,49.8454,45.0503,45.0502,0.0,0.0,0.0,6834.9121,31.7225,29.0816,17.7415,20.1662,2.0529,1.7022,10.0551,2.34,40288.0,1.25,0.0,0.8539,14.9573,7.956332275617387,8.090050123577365,7.81234695042953,23.528933999999996,0.0
4980,2011-02-01,SZSE:002091,0.1945,10.2009,8.1826,10.3291,9.953,7160.9981,10.0342,8.1657,41.3643,29.5129,60.4965,2.1761,47.9069,47.5848,47.5848,0.0,0.0,0.0,6951.9124,32.2656,29.5795,18.0452,20.5114,2.088,1.7313,9.3232,2.34,40288.0,1.25,0.0,0.868,14.9573,8.048882443705947,8.285434977305925,7.983748277112803,21.816288,0.0
4981,2011-02-02,SZSE:002091,0.1945,0.0,8.1826,0.0,0.0,7160.9981,0.0,8.1657,41.3643,29.5129,60.4965,2.1761,47.9069,47.5848,47.5848,0.0,0.0,0.0,6951.9124,32.2656,29.5795,18.0452,20.5114,2.088,1.7313,0.0,2.34,40288.0,1.25,0.0,0.868,14.9573,0.0,0.0,0.0,0.0,0.0
4982,2011-02-03,SZSE:002091,0.1945,0.0,8.1826,0.0,0.0,7160.9981,0.0,8.1657,41.3643,29.5129,60.4965,2.1761,47.9069,47.5848,47.5848,0.0,0.0,0.0,6951.9124,32.2656,29.5795,18.0452,20.5114,2.088,1.7313,0.0,2.34,40288.0,1.25,0.0,0.868,14.9573,0.0,0.0,0.0,0.0,0.0
4983,2011-02-04,SZSE:002091,0.1654,0.0,8.1826,0.0,0.0,7160.9981,0.0,8.1657,41.3643,29.5129,60.4965,2.1761,47.9069,47.5848,47.5848,0.0,0.0,0.0,6951.9124,32.2656,29.5795,18.0452,20.5114,2.088,1.7313,0.0,2.34,40288.0,1.25,0.0,0.868,14.9573,0.0,0.0,0.0,0.0,0.0
4984,2011-02-07,SZSE:002091,0.1654,0.0,8.1826,0.0,0.0,7160.9981,0.0,8.1657,41.3643,29.5129,60.4965,2.1761,47.9069,47.5848,47.5848,0.0,0.0,0.0,6951.9124,32.2656,29.5795,18.0452,20.5114,2.088,1.7313,0.0,2.34,40288.0,1.25,0.0,0.868,14.9573,0.0,0.0,0.0,0.0,0.0
4985,2011-02-08,SZSE:002091,0.1654,0.0,8.1826,0.0,0.0,7160.9981,0.0,8.1657,41.3643,29.5129,60.4965,2.1761,47.9069,47.5848,47.5848,0.0,0.0,0.0,6951.9124,32.2656,29.5795,18.0452,20.5114,2.088,1.7313,0.0,2.34,40288.0,1.25,0.0,0.868,14.9573,0.0,0.0,0.0,0.0,0.0
4986,2011-02-09,SZSE:002091,0.1654,9.9487,7.9804,10.3846,9.8718,6983.9993,10.0855,7.9638,40.3419,28.7835,59.0012,2.1224,47.6729,44.2589,44.2589,0.0,0.0,0.0,6774.9136,31.4441,28.8264,17.5858,19.9892,2.0349,1.6872,7.8033,2.34,40288.0,1.25,0.0,0.8466,14.9573,8.090134811583422,8.330059388663846,7.918714276237097,18.259722,0.0
4987,2011-02-10,SZSE:002091,0.1654,10.2222,8.1998,10.2393,9.8291,7175.9991,9.8333,8.1828,41.451,29.5748,60.6232,2.1807,48.1378,48.4666,48.4666,0.0,0.0,0.0,6966.9134,32.3352,29.6433,18.0841,20.5557,2.0925,1.7351,6.7198,2.34,40288.0,1.25,0.0,0.8699,14.9573,7.887841495959773,8.213516869167107,7.8844724403748705,15.724332,0.0
4988,2011-02-11,SZSE:002091,0.1898,10.5171,8.4363,10.6197,10.1709,7382.9993,10.2222,8.4188,42.6467,30.4279,62.3719,2.2436,48.6169,52.6192,52.6192,0.0,0.0,0.0,7173.9136,33.2959,30.5241,18.6215,21.1664,2.1547,1.7866,10.6045,2.34,40288.0,1.25,0.0,0.8949,14.9573,8.199745734090197,8.51860067033688,8.158595398921756,24.814529999999998,0.0
4989,2011-02-14,SZSE:002091,0.1898,10.6667,8.5563,10.812,10.406,7487.9988,10.4744,8.5385,43.2532,30.8606,63.259,2.2755,45.0008,54.6169,54.6169,0.0,0.0,0.0,7278.9131,33.7833,30.9708,18.894,21.4762,2.1862,1.8128,12.0581,2.34,40288.0,1.25,0.0,0.9077,14.9573,8.402046436104886,8.672852484835985,8.347179333814582,28.215953999999996,0.0
4990,2011-02-15,SZSE:002091,0.1898,10.5214,8.4397,10.9402,10.4701,7385.9989,10.6667,8.4222,42.664,30.4402,62.3973,2.2445,44.4822,52.3096,52.3096,0.0,0.0,0.0,7176.9132,33.3099,30.5368,18.6292,21.1753,2.1556,1.7874,13.8665,2.34,40288.0,1.25,0.0,0.8953,14.9573,8.556251828653982,8.775638787613817,8.398549904955615,32.44761,0.0
4991,2011-02-16,SZSE:002091,0.1898,11.047,8.8614,11.1624,10.4701,7754.9982,10.5128,8.843,44.7955,31.961,65.5146,2.3566,44.8632,59.0495,59.0495,0.0,0.0,0.0,7545.9125,35.0225,32.1069,19.5871,22.264,2.2664,1.8793,15.7422,2.34,40288.0,1.25,0.0,0.94,14.9573,8.43288910292387,8.95396862134516,8.398637108717297,36.836748,0.0
4992,2011-02-17,SZSE:002091,0.1898,11.547,9.2625,11.7009,11.0043,8105.9989,11.0342,9.2432,46.823,33.4076,68.4799,2.4633,45.7139,64.2282,64.2282,0.0,0.0,0.0,7896.9132,36.6516,33.6003,20.4982,23.2996,2.3719,1.9667,23.2075,2.34,40288.0,1.25,0.0,0.9826,14.9573,8.851154195895036,9.385951870615743,8.827169719407637,54.30555,0.0
4993,2011-02-18,SZSE:002091,0.2409,11.4957,9.2213,11.6752,11.2308,8069.9983,11.5983,9.2022,46.615,33.2592,68.1757,2.4524,45.7139,63.3434,63.3434,0.0,0.0,0.0,7860.9125,36.4845,33.4471,20.4047,23.1934,2.361,1.9577,17.5309,2.34,40288.0,1.25,0.0,0.9782,14.9573,9.303600806388477,9.36528630357438,9.008809906312795,41.02230599999999,0.0
4994,2011-02-21,SZSE:002091,0.2409,11.7094,9.3927,11.9359,11.3291,8219.9995,11.4316,9.3732,47.4815,33.8775,69.443,2.498,45.54,65.4774,65.4774,0.0,0.0,0.0,8010.9138,37.1807,34.0854,20.7941,23.636,2.4061,1.9951,14.8222,2.34,40288.0,1.25,0.0,0.9964,14.9573,9.169862616359506,9.574387067655046,9.087642199429519,34.683948,0.0
4995,2011-02-22,SZSE:002091,0.2409,11.2735,9.0431,11.9316,11.1709,7913.9991,11.7094,9.0243,45.7139,32.6163,66.8579,2.405,45.9131,58.0527,58.0527,0.0,0.0,0.0,7704.9134,35.7604,32.7834,19.9998,22.7331,2.3142,1.9189,13.2593,2.34,40288.0,1.25,0.0,0.9593,14.9573,9.392759581319023,9.570998532842506,8.960798845966204,31.026761999999998,0.0
4996,2011-02-23,SZSE:002091,0.2409,11.3462,9.1013,11.4957,11.1197,7964.9994,11.218,9.0825,46.0085,32.8265,67.2887,2.4205,45.9084,58.8894,58.8894,0.0,0.0,0.0,7755.9137,35.9971,33.0004,20.1322,22.8836,2.3295,1.9316,8.633,2.34,40288.0,1.25,0.0,0.9655,14.9573,8.998464983871251,9.2212207091361,8.919614109569725,20.201219999999996,0.0
4997,2011-02-24,SZSE:002091,0.2409,11.6453,9.3413,11.6539,11.2308,8174.9985,11.3162,9.3219,47.2215,33.692,69.0628,2.4843,45.8815,62.2302,62.2302,0.0,0.0,0.0,7965.9128,36.9718,33.8939,20.6773,23.5032,2.3926,1.9839,8.341,2.34,40288.0,1.25,0.0,0.9909,14.9573,9.077311796175282,9.348198506693688,9.00880802040308,19.517939999999996,0.0
4998,2011-02-25,SZSE:002091,0.2307,11.7863,9.4544,12.0043,11.6453,8273.9995,11.7479,9.4348,47.7934,34.1,69.8992,2.5144,45.9653,63.7267,63.7267,0.0,0.0,0.0,8064.9137,37.4313,34.3151,20.9342,23.7953,2.4223,2.0085,9.6428,2.34,40288.0,1.25,0.0,1.0029,14.9573,9.423597376615222,9.629269059840663,9.34129661725902,22.564151999999996,0.0
4999,2011-02-28,SZSE:002091,0.2307,11.6239,9.3242,11.7949,11.3718,8159.9989,11.7521,9.3048,47.1349,31.5054,68.9361,2.4797,45.8277,60.7421,60.7421,0.0,0.0,0.0,7950.9131,36.9022,33.8301,19.0669,21.818,2.3881,1.8882,7.5558,2.34,40288.0,1.25,6.5966,0.9266,14.9573,9.427036607334886,9.461368953621417,9.121976063111347,17.680571999999998,0.0
5000,2011-03-01,SZSE:002091,0.2307,11.7521,9.427,12.0427,11.6368,8249.9988,11.6667,9.4074,47.6547,31.8529,69.6964,2.5071,45.54,62.2455,62.2455,0.0,0.0,0.0,8040.913,37.3199,34.213,19.2828,22.065,2.4151,1.9096,15.7824,2.34,40288.0,1.25,6.6694,0.9369,14.9573,9.358496004969325,9.660106100186349,9.3345115851635,36.930816,0.0
5001,2011-03-02,SZSE:002091,0.2307,12.2564,9.8315,12.2564,11.6368,8603.9991,11.7009,9.8111,49.6996,33.2197,72.687,2.6146,46.1914,67.5148,67.5148,0.0,0.0,0.0,8394.9134,38.9629,35.7192,20.1317,23.0364,2.5214,1.9936,23.6973,2.34,40288.0,1.25,6.9555,0.9771,14.9573,9.385904372409518,9.8315,9.334486407101595,55.45168199999999,0.0
5002,2011-03-03,SZSE:002091,0.2307,12.2607,9.8349,12.8205,11.9658,8606.9988,12.3462,9.8145,49.7169,33.2313,72.7123,2.6156,46.1392,67.5562,67.5562,0.0,0.0,0.0,8397.913,38.9768,35.732,20.1389,23.0446,2.5223,1.9943,39.1349,2.34,40288.0,1.25,6.958,0.9774,14.9573,9.903483682008368,10.283942633781104,9.598346458195698,91.575666,0.0
5003,2011-03-04,SZSE:002091,0.1737,12.1197,9.7218,12.3846,11.4359,8507.9992,12.2222,9.7016,49.145,32.8491,71.876,2.5855,45.7914,64.634,64.6341,0.0,0.0,0.0,8298.9135,38.5173,35.3108,19.9015,22.7729,2.4926,1.9708,26.5287,2.34,40288.0,1.25,6.8779,0.9662,14.9573,9.80402022822347,9.93428915567217,9.173290809178445,62.077158,0.0
5004,2011-03-07,SZSE:002091,0.1737,12.0086,9.6327,12.2094,11.8034,8429.9993,12.0897,9.6127,48.6945,32.5479,71.217,2.5618,45.9052,62.3459,62.3459,0.0,0.0,0.0,8220.9136,38.1553,34.9789,19.7144,22.5589,2.4692,1.9523,21.2855,2.34,40288.0,1.25,6.8149,0.9573,14.9573,9.697754375197775,9.793771745249238,9.468098794197491,49.808069999999994,0.0
5005,2011-03-08,SZSE:002091,0.1737,11.8846,9.5333,12.1795,11.6667,8342.999,11.9231,9.5135,48.1919,32.212,70.4821,2.5353,45.9416,59.8028,59.8028,0.0,0.0,0.0,8133.9133,37.7515,34.6087,19.5058,22.3202,2.443,1.9316,16.2174,2.34,40288.0,1.25,6.7445,0.9474,14.9573,9.564182995641419,9.769855725055956,9.358510266226883,37.948716,0.0
5006,2011-03-09,SZSE:002091,0.1737,11.7521,9.427,12.0,11.735,8249.9988,11.8889,9.4074,47.6547,31.8529,69.6964,2.5071,45.619,57.1206,57.1206,0.0,0.0,0.0,8040.913,37.3199,34.213,19.2828,22.065,2.4151,1.9096,11.6075,2.34,40288.0,1.25,6.6694,0.9369,14.9573,9.536734736770448,9.625854102671012,9.413283157903694,27.16155,0.0
5007,2011-03-10,SZSE:002091,0.1737,12.1709,9.7629,12.3846,11.7521,8543.9999,11.7521,9.7427,49.353,32.9881,72.1801,2.5964,46.087,62.8007,62.8007,0.0,0.0,0.0,8334.9141,38.6844,35.464,19.9878,22.8717,2.5034,1.9794,19.878,2.34,40288.0,1.25,6.907,0.9702,14.9573,9.42695914763904,9.934319675619717,9.42695914763904,46.51452,0.0
5008,2011-03-11,SZSE:002091,0.1362,12.7564,10.2326,12.9402,11.9744,8954.9991,12.1539,10.2113,51.7271,34.5749,75.6523,2.7213,46.6989,68.9857,68.9857,0.0,0.0,0.0,8745.9134,40.592,37.2127,20.9734,23.9995,2.6269,2.077,34.5289,2.34,40288.0,1.25,7.2393,1.0169,14.9573,9.749302086795648,10.380035944310308,9.605315405600326,80.797626,0.0
5009,2011-03-14,SZSE:002091,0.1362,12.7607,10.236,13.0342,12.5897,8957.9988,12.7137,10.2148,51.7444,34.5865,75.6776,2.7222,46.5092,69.0262,69.0262,0.0,0.0,0.0,8748.913,40.6059,37.2255,20.9806,24.0078,2.6278,2.0777,18.2745,2.34,40288.0,1.25,7.2417,1.0173,14.9573,10.19829893344409,10.455388121341308,10.098832289764669,42.76233,0.0
5010,2011-03-15,SZSE:002091,0.1362,12.7436,10.2223,12.7692,12.1838,8945.9988,12.6197,10.2011,51.6751,34.5402,75.5762,2.7186,46.4333,68.6403,68.6403,0.0,0.0,0.0,8736.913,40.5502,37.1744,20.9518,23.9749,2.6242,2.0748,11.5537,2.34,40288.0,1.25,7.232,1.0159,14.9573,10.122913408299068,10.242835082708183,9.773255496092155,27.035657999999998,0.0
5011,2011-03-16,SZSE:002091,0.1362,12.9017,10.3491,12.9829,12.6539,9056.999,12.8205,10.3277,52.3162,34.9687,76.514,2.7523,46.4286,70.2948,70.2948,0.0,0.0,0.0,8847.9133,41.0654,37.6467,21.218,24.2794,2.6575,2.1012,13.0316,2.34,40288.0,1.25,7.3217,1.0285,14.9573,10.283965411534913,10.414234588465087,10.150327204166892,30.493943999999995,0.0
5012,2011-03-17,SZSE:002091,0.1362,12.312,9.8761,12.8162,12.2692,8642.9994,12.6923,9.8556,49.9248,33.3703,73.0165,2.6265,47.4357,58.003,58.003,0.0,0.0,0.0,8433.9137,39.1439,35.8852,20.2252,23.1434,2.5331,2.0029,8.7373,2.34,40288.0,1.25,6.9871,0.9815,14.9573,10.181158546946069,10.280545225795972,9.841767878492528,20.445282,0.0
5013,2011-03-18,SZSE:002091,0.1471,12.2863,9.8555,12.6068,12.094,8624.9995,12.3889,9.8351,49.8209,33.3008,72.8644,2.621,47.0199,57.532,57.532,0.0,0.0,0.0,8415.9137,39.0604,35.8086,20.1821,23.094,2.5277,1.9986,6.4039,2.34,40288.0,1.25,6.9725,0.9794,14.9573,9.937800961233242,10.112590234651602,9.701245859209036,14.985126,0.0
5014,2011-03-21,SZSE:002091,0.1471,12.0513,9.667,12.3846,12.0299,8459.9993,12.265,9.6469,48.8678,32.6637,71.4705,2.5709,47.5148,53.2621,53.2621,0.0,0.0,0.0,8250.9135,38.2946,35.1065,19.7864,22.6412,2.4782,1.9594,4.8787,2.34,40288.0,1.25,6.8391,0.9607,14.9573,9.838420336395245,9.93435796967962,9.649833901736741,11.416158,0.0
5015,2011-03-22,SZSE:002091,0.1471,12.141,9.7389,12.3162,11.9872,8522.9996,12.0513,9.7187,49.2317,32.907,72.0027,2.59,47.1274,54.6462,54.6462,0.0,0.0,0.0,8313.9138,38.587,35.3746,19.9374,22.8141,2.4971,1.9744,5.5925,2.34,40288.0,1.25,6.8901,0.9679,14.9573,9.666947168272793,9.879436634544106,9.615529369903632,13.08645,0.0
5016,2011-03-23,SZSE:002091,0.1471,12.1068,9.7115,12.2436,11.8846,8498.9982,12.2436,9.6914,49.093,32.8143,71.8,2.5827,46.6136,53.9902,53.9902,0.0,0.0,0.0,8289.9124,38.4756,35.2725,19.8799,22.7482,2.4899,1.9687,7.0443,2.34,40288.0,1.25,6.8707,0.9651,14.9573,9.821234463276836,9.821234463276836,9.533261712426075,16.483662,0.0
5017,2011-03-24,SZSE:002091,0.1471,12.1026,9.7081,12.359,11.9658,8495.9992,12.1068,9.688,49.0757,32.8027,71.7746,2.5818,45.9463,53.9031,53.9031,0.0,0.0,0.0,8286.9135,38.4616,35.2597,19.8727,22.74,2.489,1.968,5.2467,2.34,40288.0,1.25,6.8682,0.9648,14.9573,9.71146902979525,9.913771247500536,9.59836588666898,12.277277999999999,0.0
5018,2011-03-25,SZSE:002091,0.1314,12.0855,9.6944,12.2009,12.0513,8483.9992,12.0983,9.6743,49.0064,32.7564,71.6732,2.5782,45.551,53.5311,53.5311,0.0,0.0,0.0,8274.9135,38.4059,35.2087,19.8439,22.7071,2.4854,1.9651,6.6242,2.34,40288.0,1.25,6.8585,0.9634,14.9573,9.704667537131273,9.786968264449134,9.66696642422738,15.500627999999999,0.0
5019,2011-03-28,SZSE:002091,0.1314,12.4487,9.9858,12.4872,12.1453,8738.9993,12.1453,9.965,50.4794,33.7409,73.8275,2.6557,44.4237,59.8692,59.8692,0.0,0.0,0.0,8529.9136,39.5895,36.2937,20.4554,23.4068,2.562,2.0257,16.1553,2.34,40288.0,1.25,7.0647,0.9924,14.9573,9.742425854908545,10.016683007864273,9.742425854908545,37.803402,0.0
5020,2011-03-29,SZSE:002091,0.1314,12.1154,9.7184,12.5855,12.0983,8504.9996,12.4359,9.6982,49.1277,32.8375,71.8507,2.5846,44.5597,52.758,52.758,0.0,0.0,0.0,8295.9138,38.5034,35.298,19.8943,22.7647,2.4917,1.9701,8.7407,2.34,40288.0,1.25,6.8755,0.9658,14.9573,9.975489918615978,10.095491952391173,9.704683189989602,20.453238,0.0
5021,2011-03-30,SZSE:002091,0.1314,11.1111,8.9128,12.0769,10.9615,7799.9978,11.9829,8.4775,44.0742,30.1155,58.671,1.9727,48.1156,38.0816,38.0817,0.0,0.0,0.0,7610.2652,34.3993,31.6636,18.25,20.8832,1.9214,1.8073,20.2848,2.34,40288.0,1.25,6.3056,0.8858,14.9573,9.612116812916813,9.687519176319176,8.792797940797941,47.466432,0.0
5022,2011-03-31,SZSE:002091,0.1314,11.1111,8.9128,11.4103,10.9103,7799.9978,11.1068,8.4775,44.0742,30.1155,66.7783,1.9727,47.7551,38.0816,38.0817,0.0,0.0,0.0,7610.2652,35.916,32.4315,18.25,20.8832,1.9214,1.8073,7.9898,2.34,40288.0,1.25,6.3056,0.8858,14.9573,8.909350742950743,9.152804118404118,8.751727717327716,18.696132,0.0
5023,2011-04-01,SZSE:002091,0.0182,11.4573,9.1905,11.4872,11.1239,8042.9986,11.2308,8.7416,45.4473,31.0302,68.8587,2.0341,47.782,44.2781,44.2781,0.0,0.0,0.0,7853.266,37.0628,33.4671,18.8328,21.55,1.9827,1.865,7.2678,2.34,40288.0,1.25,6.502,0.9127,14.9573,9.008812495090467,9.214484354952736,8.923062409991884,17.006652,0.0
5024,2011-04-04,SZSE:002091,0.0182,0.0,9.1905,0.0,0.0,8042.9986,0.0,8.7416,45.4473,31.0302,68.8587,2.0341,47.782,44.2781,44.2781,0.0,0.0,0.0,7853.266,37.0628,33.4671,18.8328,21.55,1.9827,1.865,0.0,2.34,40288.0,1.25,6.502,0.9127,14.9573,0.0,0.0,0.0,0.0,0.0
5025,2011-04-05,SZSE:002091,0.0182,0.0,9.1905,0.0,0.0,8042.9986,0.0,8.7416,45.4473,31.0302,68.8587,2.0341,47.782,44.2781,44.2781,0.0,0.0,0.0,7853.266,37.0628,33.4671,18.8328,21.55,1.9827,1.865,0.0,2.34,40288.0,1.25,6.502,0.9127,14.9573,0.0,0.0,0.0,0.0,0.0
5026,2011-04-06,SZSE:002091,0.0182,11.2949,9.0602,11.5641,11.1026,7928.9994,11.2906,8.6177,44.8031,30.5903,67.8827,2.0053,48.084,42.1472,42.1471,0.0,0.0,0.0,7739.2668,36.5248,32.9813,18.5594,21.2372,1.9539,1.8379,7.5587,2.34,40288.0,1.25,6.4099,0.8997,14.9573,9.056750756536136,9.276138683830755,8.905946623697421,17.687358,0.0
5027,2011-04-07,SZSE:002091,0.0182,11.3419,9.0979,11.4829,11.2393,7961.9984,11.2949,8.6536,44.9896,30.7177,68.1652,2.0136,48.0714,43.0023,43.0023,0.0,0.0,0.0,7772.2657,36.6805,33.1219,18.6385,21.3278,1.9623,1.8458,5.5223,2.34,40288.0,1.25,6.4365,0.9035,14.9573,9.060198971071864,9.2110030867844,9.015599455999434,12.922182,0.0
5028,2011-04-08,SZSE:002091,0.0157,11.7265,9.4064,11.7906,11.359,8231.9981,11.359,8.947,46.5152,31.7593,70.4768,2.0819,48.133,49.5702,49.5702,0.0,0.0,0.0,8042.2655,37.9548,34.2725,19.286,22.0687,2.0304,1.9099,9.9704,2.34,40288.0,1.25,6.6548,0.9341,14.9573,9.11161025028781,9.457817749541636,9.11161025028781,23.330735999999998,0.0
5029,2011-04-11,SZSE:002091,0.0157,11.3205,9.0808,11.8376,11.2821,7946.9994,11.8333,8.6373,44.9049,30.6598,68.0368,2.0098,47.6634,43.8291,43.8291,0.0,0.0,0.0,7757.2668,36.6097,33.058,18.6026,21.2866,1.9585,1.8422,8.9541,2.34,40288.0,1.25,6.4244,0.9018,14.9573,9.492145279802129,9.495594547943996,9.04999723333775,20.952594,0.0
5030,2011-04-12,SZSE:002091,0.0157,11.0256,8.8442,11.4402,11.0256,7739.9993,11.3248,8.4123,43.7352,29.8612,66.2646,1.9575,47.499,40.1883,40.1883,0.0,0.0,0.0,7550.2667,35.6328,32.1759,18.1062,20.7186,1.9062,1.793,6.9912,2.34,40288.0,1.25,6.2571,0.8783,14.9573,9.084203685967204,9.176771952546801,8.8442,16.359408,0.0
5031,2011-04-13,SZSE:002091,0.0157,11.1368,8.9334,11.188,10.9359,7817.9992,11.0171,8.4971,44.1759,30.1621,66.9324,1.9772,47.3504,42.1387,42.1387,0.0,0.0,0.0,7628.2666,36.0009,32.5083,18.2932,20.9326,1.9259,1.8116,5.1227,2.34,40288.0,1.25,6.3201,0.8871,14.9573,8.837382474319375,8.974470153006251,8.772247778536025,11.987117999999999,0.0
5032,2011-04-14,SZSE:002091,0.0157,10.7778,8.6454,11.2051,10.718,7565.9988,11.1539,8.2232,42.752,29.1899,64.775,1.9135,47.1243,37.8449,37.845,0.0,0.0,0.0,7376.2661,34.8116,31.4343,17.6889,20.2411,1.8623,1.7517,10.6469,2.34,40288.0,1.25,6.1164,0.8585,14.9573,8.947088186828482,8.988158208539778,8.597431498079386,24.913746,0.0
5033,2011-04-15,SZSE:002091,0.0657,10.6667,8.5563,10.8889,10.5214,7487.9988,10.7821,8.1384,42.3113,28.8889,64.1072,1.8938,46.7796,36.6018,36.6018,0.0,0.0,0.0,7298.2662,34.4435,31.1019,17.5018,20.0271,1.8426,1.7332,7.6294,2.34,40288.0,1.25,6.0534,0.8497,14.9573,8.648868181349433,8.734537867381665,8.439747515164015,17.852796,0.0
5034,2011-04-18,SZSE:002091,0.0657,10.5897,8.4946,10.8974,10.3932,7433.9989,10.5171,8.0797,42.0061,28.6806,63.6449,1.8801,45.132,35.7268,35.7268,0.0,0.0,0.0,7244.2663,34.1887,30.8718,17.3723,19.8789,1.829,1.7204,6.8724,2.34,40288.0,1.25,6.0097,0.8436,14.9573,8.436363415394203,8.741423651283794,8.336976186294228,16.081415999999997,0.0
5035,2011-04-19,SZSE:002091,0.0657,10.7607,8.6317,10.8974,10.4274,7553.9988,10.5385,8.2101,42.6842,29.1436,64.6722,1.9104,45.0277,39.2049,39.2049,0.0,0.0,0.0,7364.2661,34.755,31.3832,17.6601,20.2082,1.8593,1.7489,6.9383,2.34,40288.0,1.25,6.1067,0.8572,14.9573,8.453462177181784,8.741353962102837,8.364343265772673,16.235622,0.0
5036,2011-04-20,SZSE:002091,0.0657,0.0,8.6317,0.0,0.0,7553.9988,0.0,8.2101,42.6842,29.1436,64.6722,1.9104,45.0277,39.2049,39.2049,0.0,0.0,0.0,7364.2661,34.755,31.3832,17.6601,20.2082,1.8593,1.7489,0.0,2.34,40288.0,1.25,6.1067,0.8572,14.9573,0.0,0.0,0.0,0.0,0.0
5037,2011-04-21,SZSE:002091,0.0657,10.8932,8.738,10.9402,10.7265,7646.9983,10.8547,8.3112,43.2097,29.5024,65.4684,1.934,40.6637,41.832,41.832,0.0,0.0,0.0,7457.2657,35.1939,31.7795,17.8831,20.4634,1.8827,1.771,4.1618,2.34,40288.0,1.25,6.1819,0.8677,14.9573,8.70711715565674,8.775701134652811,8.604281294752688,9.738612,0.0
5038,2011-04-22,SZSE:002091,0.0959,10.7094,8.5906,10.9402,10.4744,7517.9995,10.9274,8.171,42.4808,29.0047,64.364,1.9013,40.5009,39.2955,39.2955,0.0,0.0,0.0,7328.2669,34.5851,31.2298,17.5738,20.1094,1.8502,1.7403,4.3084,2.34,40288.0,1.25,6.0776,0.8531,14.9573,8.765469815302444,8.775737400788094,8.402093547724428,10.081655999999999,0.0
5039,2011-04-25,SZSE:002091,0.0959,10.4402,8.3746,10.7051,10.3761,7328.9993,10.7051,7.9656,41.4128,28.2755,62.7459,1.8535,40.708,35.8642,35.8642,0.0,0.0,0.0,7139.2667,33.6931,30.4244,17.1205,19.5908,1.8024,1.6954,3.1987,2.34,40288.0,1.25,5.9248,0.8316,14.9573,8.587089371851112,8.587089371851112,8.323182224478456,7.484958,0.0
5040,2011-04-26,SZSE:002091,0.0959,10.4487,8.3815,10.547,10.1325,7334.9993,10.547,7.9721,41.4467,28.2987,62.7973,1.8551,39.821,36.055,36.0551,0.0,0.0,0.0,7145.2667,33.7215,30.4499,17.1349,19.6072,1.804,1.6969,5.6725,2.34,40288.0,1.25,5.9297,0.8323,14.9573,8.460352053365492,8.460352053365492,8.12785789141233,13.27365,0.0
5041,2011-04-27,SZSE:002091,0.0959,10.1282,8.1244,10.4872,9.9359,7109.9992,10.4359,7.7276,40.1753,27.4306,60.871,1.7982,40.3807,32.1862,32.1862,0.0,0.0,0.0,6920.2666,32.6596,29.4911,16.5954,18.9898,1.7472,1.6434,5.1461,2.34,40288.0,1.25,5.7478,0.8068,14.9573,8.371223510594183,8.41237413163247,7.97014533283308,12.041873999999998,0.0
5042,2011-04-28,SZSE:002091,0.0959,9.9572,7.9872,10.2949,9.9487,6989.9748,10.2051,7.2587,37.5937,24.8199,56.6035,1.6957,40.3791,30.3173,30.3173,0.0,0.0,0.0,6855.811,30.4922,27.5873,15.1593,17.1411,1.6541,1.5497,4.137,2.34,40288.0,1.25,0.0,0.73,14.9573,8.186053782187763,8.258087140963323,7.980381697666011,9.680579999999999,0.0
5043,2011-04-29,SZSE:002091,0.0853,10.0564,8.1085,10.1539,9.6718,7059.5998,10.1436,7.331,37.9682,25.0671,57.1673,1.7126,40.0708,32.7565,33.9697,0.0,0.0,0.0,6925.4361,30.8018,27.8675,15.3133,17.3152,1.6709,1.5655,7.094,1.95,40662.0,1.2,0.0,0.7373,14.9573,8.178809574002624,8.187114489280457,7.798396076130622,13.8333,0.062
5044,2011-05-02,SZSE:002091,0.0853,0.0,8.1085,0.0,0.0,7059.5998,0.0,7.331,37.9682,25.0671,57.1673,1.7126,40.0708,32.7565,33.9697,0.0,0.0,0.0,6925.4361,30.8018,27.8675,15.3133,17.3152,1.6709,1.5655,0.0,1.95,40662.0,1.2,0.0,0.7373,14.9573,0.0,0.0,0.0,0.0,0.0
5045,2011-05-03,SZSE:002091,0.0853,10.1282,8.1664,10.1795,9.8256,7109.9992,9.9128,7.3834,38.2393,25.246,57.5754,1.7248,40.2858,34.5426,35.7015,0.0,0.0,0.0,6975.8355,31.026,28.0703,15.4247,17.4412,1.6831,1.5769,4.4064,1.95,40662.0,1.2,0.0,0.7425,14.9573,7.992722292213819,8.20776335380423,7.922412653778558,8.592479999999998,0.0
5046,2011-05-04,SZSE:002091,0.0853,10.1641,8.1954,10.2051,9.9539,7135.1996,10.1539,7.4095,38.3748,25.3355,57.7795,1.7309,39.9317,35.4657,36.5969,0.0,0.0,0.0,7001.0359,31.1381,28.1717,15.4805,17.5042,1.6891,1.5826,5.663,1.95,40662.0,1.2,0.0,0.7452,14.9573,8.187175653525644,8.228458647593,8.02591395795004,11.04285,0.0
5047,2011-05-05,SZSE:002091,0.0853,10.2,8.2243,10.4205,10.0718,7160.3986,10.0718,7.4357,38.5103,25.425,57.9835,1.737,39.587,36.431,37.5337,0.0,0.0,0.0,7026.2349,31.2501,28.2731,15.5362,17.5672,1.6952,1.5883,6.1398,1.95,40662.0,1.2,0.0,0.7478,14.9573,8.120931837254902,8.402090014705882,8.120931837254902,11.97261,0.0
5048,2011-05-06,SZSE:002091,0.2548,10.359,8.3525,10.4872,10.0564,7271.9991,10.1692,7.5516,39.1105,25.8213,58.8872,1.7641,39.3735,40.6642,41.6458,0.0,0.0,0.0,7137.8353,31.7465,28.7222,15.7829,17.8462,1.7222,1.6135,4.3179,1.95,40662.0,1.2,0.0,0.7595,14.9573,8.199463558258518,8.455868133989766,8.108512501206679,8.419905,0.0
5049,2011-05-09,SZSE:002091,0.2548,10.3846,8.3732,10.5282,10.2615,7289.9997,10.3692,7.5703,39.2074,25.8852,59.033,1.7685,39.0178,41.3427,42.3055,0.0,0.0,0.0,7155.836,31.8266,28.7946,15.8227,17.8912,1.7265,1.6176,3.1031,1.95,40662.0,1.2,0.0,0.7613,14.9573,8.36078283612272,8.488986021608921,8.273943319916029,6.051045,0.0
5050,2011-05-10,SZSE:002091,0.2548,10.4103,8.3938,10.4718,10.2923,7307.9997,10.4615,7.589,39.3042,25.9491,59.1788,1.7728,38.6272,42.0562,42.9995,0.0,0.0,0.0,7173.836,31.9066,28.8671,15.8625,17.9362,1.7308,1.6216,2.6688,1.95,40662.0,1.2,0.0,0.7632,14.9573,8.435082437585852,8.44338730295957,8.298656882126357,5.20416,0.0
5051,2011-05-11,SZSE:002091,0.2548,10.2154,8.2367,10.441,10.0821,7171.1996,10.441,7.4469,38.5684,25.4633,58.071,1.7396,38.3695,38.2482,39.1457,0.0,0.0,0.0,7037.0358,31.2982,28.3166,15.5601,17.5942,1.6978,1.5907,4.7669,1.95,40662.0,1.2,0.0,0.7489,14.9573,8.418601787497309,8.418601787497309,8.129219910135678,9.295454999999999,0.0
5052,2011-05-12,SZSE:002091,0.2548,9.7949,7.8976,10.2154,9.7333,6875.9994,10.1026,7.1404,36.9808,24.4152,55.6805,1.668,38.9767,31.5992,32.398,0.0,0.0,0.0,6741.8357,29.9852,27.1287,14.9073,16.8561,1.6266,1.524,4.5826,1.95,40662.0,1.2,0.0,0.7181,14.9573,8.145697634483252,8.236647953526836,7.8479320952740705,8.93607,0.0
5053,2011-05-13,SZSE:002091,0.373,9.8462,7.939,9.9897,9.559,6911.9994,9.8051,7.1778,37.1744,24.543,55.972,1.6768,38.6715,33.126,33.8946,0.0,0.0,0.0,6777.8357,30.1454,27.2736,14.9869,16.9461,1.6353,1.5321,4.9788,1.95,40662.0,1.2,0.0,0.7219,14.9573,7.90586103268266,8.054704180292905,7.707430379232598,9.708659999999998,0.0
5054,2011-05-16,SZSE:002091,0.373,9.6769,7.8025,9.918,9.6359,6793.1992,9.8359,7.0544,36.5354,24.1212,55.01,1.6479,37.8303,30.6914,31.4225,0.0,0.0,0.0,6659.0355,29.617,26.7955,14.7242,16.6491,1.6066,1.5053,3.1003,1.95,40662.0,1.2,0.0,0.7095,14.9573,7.930701955171595,7.996899316930008,7.769441634201035,6.045584999999999,0.0
5055,2011-05-17,SZSE:002091,0.373,9.641,7.7736,9.8051,9.5282,6767.9996,9.5897,7.0282,36.3999,24.0317,54.806,1.6418,36.5559,30.1846,30.9075,0.0,0.0,0.0,6633.8358,29.5049,26.6941,14.6685,16.5861,1.6006,1.4996,4.4583,1.95,40662.0,1.2,0.0,0.7068,14.9573,7.732236481692771,7.905914880199149,7.68264863810808,8.693685,0.0
5056,2011-05-18,SZSE:002091,0.373,9.7846,7.8894,9.8513,9.6,6868.799,9.6462,7.1329,36.942,24.3896,55.6222,1.6663,36.7378,34.8207,35.4634,0.0,0.0,0.0,6734.6353,29.9532,27.0997,14.8914,16.8381,1.6249,1.5224,2.4872,1.95,40662.0,1.2,0.0,0.7173,14.9573,7.77780699057703,7.943180735032604,7.74055556691127,4.85004,0.0
5057,2011-05-19,SZSE:002091,0.373,9.6923,7.815,9.8821,9.6564,6803.9995,9.8462,7.0656,36.5935,24.1595,55.0975,1.6506,36.4516,33.2902,33.9152,0.0,0.0,0.0,6669.8358,29.665,26.839,14.7481,16.6761,1.6092,1.5077,2.5415,1.95,40662.0,1.2,0.0,0.7106,14.9573,7.939091134199314,7.968037669077515,7.786053465121799,4.955925,0.0
5058,2011-05-20,SZSE:002091,0.6324,9.4872,7.6496,9.7795,9.4718,6659.9997,9.6923,6.9161,35.8191,23.6482,53.9314,1.6156,36.3409,30.1219,30.707,0.0,0.0,0.0,6525.8359,29.0246,26.2595,14.4297,16.3161,1.5745,1.4752,4.3571,1.95,40662.0,1.2,0.0,0.6955,14.9573,7.814973657138039,7.885283666413696,7.6371828653343465,8.496345,0.0
5059,2011-05-23,SZSE:002091,0.6324,9.4974,7.6578,9.6256,9.3487,6667.1987,9.5539,6.9236,35.8578,23.6738,53.9897,1.6174,35.9266,30.4781,31.0581,0.0,0.0,0.0,6533.0349,29.0566,26.2885,14.4456,16.3341,1.5762,1.4768,4.1644,1.95,40662.0,1.2,0.0,0.6963,14.9573,7.703356225914462,7.761168286057237,7.537902463832205,8.120579999999999,0.0
5060,2011-05-24,SZSE:002091,0.6324,9.5897,7.7323,9.6769,9.2718,6731.9989,9.4872,6.9908,36.2063,23.9038,54.5144,1.6331,35.5124,33.7519,34.2859,0.0,0.0,0.0,6597.8351,29.3448,26.5493,14.5889,16.4961,1.5919,1.4914,3.6237,1.95,40662.0,1.2,0.0,0.7031,14.9573,7.6496529151068335,7.8026104956359426,7.475973089877682,7.066215,0.0
5061,2011-05-25,SZSE:002091,0.6324,9.4103,7.5875,9.6359,9.4051,6605.9997,9.5897,6.86,35.5286,23.4564,53.4941,1.6025,35.5076,30.7225,31.2247,0.0,0.0,0.0,6471.836,28.7844,26.0423,14.3103,16.1811,1.5615,1.4629,1.8431,1.95,40662.0,1.2,0.0,0.6899,14.9573,7.732149745491643,7.7694006832938385,7.5833072537538655,3.594045,0.0
5062,2011-05-26,SZSE:002091,0.6324,9.1692,7.3932,9.5231,9.1692,6436.7995,9.5231,6.6843,34.6186,22.8557,52.124,1.5615,35.495,27.1928,27.654,0.0,0.0,0.0,6302.6357,28.0318,25.3614,13.9362,15.758,1.5206,1.4247,3.3108,1.95,40662.0,1.2,0.0,0.6722,14.9573,7.6785524276927095,7.6785524276927095,7.3932,6.45606,0.0
5063,2011-05-27,SZSE:002091,0.5594,8.8974,7.174,9.3282,8.8462,6245.9987,9.1795,6.4862,33.5925,22.1782,50.5789,1.5152,35.5867,23.8633,24.2818,0.0,0.0,0.0,6111.8349,27.1832,24.5936,13.5143,15.281,1.4746,1.3816,3.4729,1.95,40662.0,1.2,0.0,0.6523,14.9573,7.401458066401422,7.521355317283703,7.132717288196552,6.772155,0.0
5064,2011-05-30,SZSE:002091,0.5594,8.6667,6.988,8.8923,8.5744,6083.9988,8.8462,6.3179,32.7212,21.6029,49.2671,1.4759,35.8081,21.4607,21.8461,0.0,0.0,0.0,5949.8351,26.4627,23.9418,13.1561,14.8759,1.4355,1.345,3.6039,1.95,40662.0,1.2,0.0,0.6354,14.9573,7.132731674108945,7.169902315760325,6.913578086238131,7.027604999999999,0.0
5065,2011-05-31,SZSE:002091,0.5594,8.9282,7.1989,8.9795,8.6308,6267.5992,8.7949,6.5086,33.7086,22.2549,50.7538,1.5204,36.1844,30.0558,30.371,0.0,0.0,0.0,6133.4355,27.2793,24.6806,13.5621,15.335,1.4798,1.3865,2.9414,1.95,40662.0,1.2,0.0,0.6546,14.9573,7.0914188313433835,7.240263720570775,6.959103304137453,5.735729999999999,0.0
5066,2011-06-01,SZSE:002091,0.5594,9.2205,7.4345,9.2974,8.8718,6472.7994,8.8974,6.7217,34.8123,22.9835,52.4155,1.5702,36.7978,38.1965,38.4516,0.0,0.0,0.0,6338.6357,28.192,25.5063,14.0158,15.848,1.5293,1.4328,7.007,1.95,40662.0,1.2,0.0,0.676,14.9573,7.1739840897999025,7.496504560490212,7.153342779675723,13.663649999999999,0.0
5067,2011-06-02,SZSE:002091,0.5594,8.9949,7.2526,9.2154,8.8821,6314.3987,9.1077,6.5572,33.9603,22.421,51.1328,1.5318,35.8128,34.8268,35.0684,0.0,0.0,0.0,6180.235,27.4874,24.8689,13.6655,15.452,1.4911,1.397,3.7347,1.95,40662.0,1.2,0.0,0.6594,14.9573,7.343550792115532,7.430389447353501,7.1616492078844685,7.282665,0.0
5068,2011-06-03,SZSE:002091,0.5421,9.1692,7.3932,9.2205,8.9949,6436.7995,8.9949,6.6843,34.6186,22.8557,52.124,1.5615,36.1259,39.2842,39.4983,0.0,0.0,0.0,6302.6357,28.0318,25.3614,13.9362,15.758,1.5206,1.4247,3.5402,1.95,40662.0,1.2,0.0,0.6722,14.9573,7.252660502552022,7.434563604240283,7.252660502552022,6.90339,0.0
5069,2011-06-06,SZSE:002091,0.5421,0.0,7.3932,0.0,0.0,6436.7995,0.0,6.6843,34.6186,22.8557,52.124,1.5615,36.1259,39.2842,39.4983,0.0,0.0,0.0,6302.6357,28.0318,25.3614,13.9362,15.758,1.5206,1.4247,0.0,1.95,40662.0,1.2,0.0,0.6722,14.9573,0.0,0.0,0.0,0.0,0.0
5070,2011-06-07,SZSE:002091,0.5421,9.2205,7.4345,9.2667,9.1026,6472.7994,9.1949,6.7217,34.8123,22.9835,52.4155,1.5702,36.4421,40.5716,40.7781,0.0,0.0,0.0,6338.6357,28.192,25.5063,14.0158,15.848,1.5293,1.4328,2.4639,1.95,40662.0,1.2,0.0,0.676,14.9573,7.413858689875821,7.471751114364731,7.339437091264032,4.8046050000000005,0.0
5071,2011-06-08,SZSE:002091,0.5421,9.3077,7.5048,9.3128,9.0513,6533.9998,9.1795,6.7852,35.1414,23.2008,52.9111,1.5851,36.5259,42.7923,42.986,0.0,0.0,0.0,6399.836,28.4641,25.7525,14.1511,16.001,1.5441,1.4467,2.9005,1.95,40662.0,1.2,0.0,0.6824,14.9573,7.401432319477422,7.5089121308164195,7.298064638954843,5.655975,0.0
5072,2011-06-09,SZSE:002091,0.5421,8.9949,7.2526,9.2821,8.9744,6314.3987,9.2821,6.5572,33.9603,22.421,51.1328,1.5318,37.0081,37.3928,37.573,0.0,0.0,0.0,6180.235,27.4874,24.8689,13.6655,15.452,1.4911,1.397,3.0477,1.95,40662.0,1.2,0.0,0.6594,14.9573,7.484169747301249,7.484169747301249,7.23607082235489,5.943015,0.0
5073,2011-06-10,SZSE:002091,0.5362,9.0718,7.3146,9.0974,8.7436,6368.3987,8.9795,6.6133,34.2508,22.6128,51.5701,1.5449,36.2128,39.4171,39.5875,0.0,0.0,0.0,6234.235,27.7276,25.0862,13.7849,15.587,1.5041,1.4092,2.2262,1.95,40662.0,1.2,0.0,0.6651,14.9573,7.2401784320642,7.335241301615997,7.049972062876167,4.3410899999999994,0.0
5074,2011-06-13,SZSE:002091,0.5362,9.1641,7.3891,9.1949,8.8821,6433.1996,8.9231,6.6806,34.5993,22.8429,52.0948,1.5606,34.755,41.8471,42.0061,0.0,0.0,0.0,6299.0359,28.0158,25.3469,13.9282,15.749,1.5198,1.4239,2.619,1.95,40662.0,1.2,0.0,0.6719,14.9573,7.19477943387785,7.4139343296122915,7.161720748354994,5.10705,0.0
5075,2011-06-14,SZSE:002091,0.5362,9.4308,7.6041,9.4872,9.0821,6620.3991,9.2103,6.875,35.6061,23.5076,53.6107,1.606,35.4191,48.2987,48.4293,0.0,0.0,0.0,6486.2354,28.8484,26.1002,14.3422,16.2171,1.5649,1.4662,5.2155,1.95,40662.0,1.2,0.0,0.6914,14.9573,7.42630977541672,7.649575594859397,7.322941490647666,10.170224999999999,0.0
5076,2011-06-15,SZSE:002091,0.5362,9.2564,7.4635,9.4872,9.2513,6497.9998,9.3539,6.7478,34.9478,23.073,52.6196,1.5763,35.5187,44.7991,44.9256,0.0,0.0,0.0,6363.8361,28.304,25.6077,14.0715,15.911,1.5354,1.4385,3.7143,1.95,40662.0,1.2,0.0,0.6786,14.9573,7.542114931290783,7.649595652737565,7.459387834363253,7.242885,0.0
5077,2011-06-16,SZSE:002091,0.5362,9.2872,7.4883,9.4872,9.1333,6519.5997,9.2051,6.7703,35.064,23.1497,52.7945,1.5816,35.3796,45.5489,45.6726,0.0,0.0,0.0,6385.4359,28.4001,25.6946,14.1193,15.965,1.5406,1.4434,3.7054,1.95,40662.0,1.2,0.0,0.6809,14.9573,7.422102499138599,7.649560659832888,7.364209922258593,7.22553,0.0
5078,2011-06-17,SZSE:002091,0.6826,8.9128,7.1864,9.3539,8.8718,6256.7996,9.2564,6.4974,33.6506,22.2165,50.6664,1.5178,35.1218,38.6671,38.7811,0.0,0.0,0.0,6122.6359,27.2313,24.6371,13.5382,15.308,1.4772,1.384,3.4707,1.95,40662.0,1.2,0.0,0.6534,14.9573,7.463445040840139,7.542059393232205,7.153341656942824,6.767865,0.0
5079,2011-06-20,SZSE:002091,0.6826,8.7077,7.0211,8.9692,8.6667,6112.7991,8.9128,6.3478,32.8761,21.7052,49.5003,1.4829,35.3021,35.5019,35.6103,0.0,0.0,0.0,5978.6353,26.5908,24.0576,13.2198,14.9479,1.4425,1.3515,4.0089,1.95,40662.0,1.2,0.0,0.6384,14.9573,7.18647404940455,7.231949897217404,6.988041316306257,7.817354999999999,0.0
5080,2011-06-21,SZSE:002091,0.6826,8.8974,7.174,8.9744,8.759,6245.9987,8.759,6.4862,33.5925,22.1782,50.5789,1.5152,35.6104,40.3647,40.4596,0.0,0.0,0.0,6111.8349,27.1832,24.5936,13.5143,15.281,1.4746,1.3816,3.3401,1.95,40662.0,1.2,0.0,0.6523,14.9573,7.062407669656305,7.236085328298154,7.062407669656305,6.513195,0.0
5081,2011-06-22,SZSE:002091,0.6826,8.7333,7.0417,8.9231,8.718,6130.7991,8.9231,6.3665,32.9729,21.7691,49.646,1.4872,35.6231,37.7162,37.8076,0.0,0.0,0.0,5996.6353,26.6709,24.1301,13.2596,14.993,1.4468,1.3555,2.9114,1.95,40662.0,1.2,0.0,0.6403,14.9573,7.194736613880204,7.194736613880204,7.029363539555494,5.67723,0.0
5082,2011-06-23,SZSE:002091,0.6826,9.1385,7.3684,9.1744,8.7333,6415.1996,8.7949,6.6619,34.5025,22.779,51.9491,1.5562,37.0745,46.9675,47.0372,0.0,0.0,0.0,6281.0359,27.9358,25.2745,13.8884,15.704,1.5154,1.4198,6.9313,1.95,40662.0,1.2,0.0,0.67,14.9573,7.091354287902829,7.397346277835531,7.041686022870274,13.516035,0.0
5083,2011-06-24,SZSE:002091,0.6889,9.4615,7.6289,9.4872,9.0256,6641.9997,9.0513,6.8974,35.7223,23.5843,53.7856,1.6113,37.9125,52.9672,53.0243,0.0,0.0,0.0,6507.8359,28.9445,26.1871,14.3899,16.2711,1.5702,1.4711,8.6421,1.95,40662.0,1.2,0.0,0.6937,14.9573,7.2981517275273475,7.6496221613909,7.2774295661364485,16.852095,0.0
5084,2011-06-27,SZSE:002091,0.6889,9.5436,7.695,9.6308,9.318,6699.5988,9.4308,6.9572,36.032,23.7888,54.2521,1.6252,37.9963,54.3787,54.4331,0.0,0.0,0.0,6565.435,29.2007,26.4189,14.5173,16.4151,1.584,1.4841,7.7906,1.95,40662.0,1.2,0.0,0.6997,14.9573,7.604049415314975,7.7653093172387795,7.513098830629951,15.19167,0.0
5085,2011-06-28,SZSE:002091,0.6889,9.4205,7.5958,9.5128,9.3077,6613.1987,9.441,6.8675,35.5674,23.482,53.5524,1.6043,37.4066,51.8642,51.9179,0.0,0.0,0.0,6479.035,28.8164,26.0712,14.3262,16.1991,1.5632,1.4646,5.5606,1.95,40662.0,1.2,0.0,0.6907,14.9573,7.612329260654955,7.670221988217185,7.504848751127859,10.843169999999999,0.0
5086,2011-06-29,SZSE:002091,0.6889,9.4205,7.5958,9.5744,9.3846,6613.1987,9.4051,6.8675,35.5674,23.482,53.5524,1.6043,37.1267,51.8642,51.9179,0.0,0.0,0.0,6479.035,28.8164,26.0712,14.3262,16.1991,1.5632,1.4646,5.9227,1.95,40662.0,1.2,0.0,0.6907,14.9573,7.583382896873838,7.71989040072183,7.566853636218884,11.549265,0.0
5087,2011-06-30,SZSE:002091,0.6889,9.6718,7.7984,9.718,9.359,6789.5994,9.3949,7.0507,36.5161,24.1084,54.9809,1.6471,33.547,56.6146,56.6599,0.0,0.0,0.0,6655.4357,29.601,26.781,14.7163,16.6401,1.6058,1.5044,9.724,1.95,40662.0,1.2,0.0,0.7091,14.9573,7.575134738104594,7.835651192125561,7.5461884654355975,18.9618,0.0
5088,2011-07-01,SZSE:002091,0.486,9.9692,8.0382,10.1436,9.6872,6998.3988,9.8872,7.2675,37.6391,24.8498,56.6717,1.6977,33.8095,61.4625,61.5,0.0,0.0,0.0,6864.235,30.5296,27.6212,15.178,17.1621,1.6561,1.5516,16.6142,1.95,40662.0,1.2,0.0,0.7309,14.9573,7.972083120009629,8.178819315491713,7.810822437106287,32.39769,0.0
5089,2011-07-04,SZSE:002091,0.486,10.4462,8.4228,10.7487,10.0923,7333.1994,10.1539,7.6152,39.4397,26.0386,59.3828,1.7789,34.9669,67.6958,67.7242,0.0,0.0,0.0,7199.0357,32.0187,28.9685,15.9183,17.9992,1.7369,1.6273,21.8599,1.95,40662.0,1.2,0.0,0.7658,14.9573,8.187117700216348,8.666706588041585,8.137449449560606,42.626805,0.0
5090,2011-07-05,SZSE:002091,0.486,10.2462,8.2615,10.4872,10.1436,7192.7994,10.4615,7.4694,38.6846,25.54,58.2459,1.7449,34.8625,63.0875,63.116,0.0,0.0,0.0,7058.6357,31.3943,28.4035,15.6078,17.6482,1.703,1.5956,15.3329,1.95,40662.0,1.2,0.0,0.7512,14.9573,8.43509615759989,8.455818039858679,8.17877373074896,29.899155,0.0
5091,2011-07-06,SZSE:002091,0.486,10.2615,8.2739,10.3333,10.0308,7203.5997,10.2051,7.4806,38.7427,25.5784,58.3334,1.7475,34.7756,63.2945,63.3228,0.0,0.0,0.0,7069.4359,31.4423,28.447,15.6317,17.6752,1.7057,1.598,7.9333,1.95,40662.0,1.2,0.0,0.7523,14.9573,8.228424391170881,8.331792707693806,8.087885408565997,15.469935,0.0
5092,2011-07-07,SZSE:002091,0.486,10.1231,8.1623,10.4615,10.1128,7106.3987,10.2564,7.3796,38.2199,25.2333,57.5462,1.7239,34.8388,60.0317,60.0599,0.0,0.0,0.0,6972.2349,31.01,28.0558,15.4168,17.4322,1.6822,1.5761,9.7989,1.95,40662.0,1.2,0.0,0.7422,14.9573,8.269780375576651,8.435153406565181,8.153995064752891,19.107855,0.0
5093,2011-07-08,SZSE:002091,0.3106,10.0256,8.0837,10.1539,9.9487,7038.0,10.118,7.3086,37.852,24.9904,56.9924,1.7073,34.1226,57.7747,57.8028,0.0,0.0,0.0,6903.8362,30.7058,27.7806,15.2655,17.2612,1.6657,1.5606,5.4059,1.95,40662.0,1.2,0.0,0.735,14.9573,8.15820266118736,8.187149041453877,8.021695079596235,10.541504999999999,0.0
5094,2011-07-11,SZSE:002091,0.3106,10.2051,8.2284,10.2923,9.9436,7163.9992,10.0308,7.4395,38.5297,25.4378,58.0127,1.7379,33.6956,60.7055,60.7305,0.0,0.0,0.0,7029.8354,31.2662,28.2876,15.5441,17.5762,1.6961,1.5891,6.2551,1.95,40662.0,1.2,0.0,0.7482,14.9573,8.087861433988888,8.298709598142105,8.017551835846783,12.197444999999998,0.0
5095,2011-07-12,SZSE:002091,0.3106,10.0359,8.092,10.2821,10.0,7045.1983,10.1487,7.3161,37.8908,25.0159,57.0507,1.7091,33.4601,56.7089,56.7336,0.0,0.0,0.0,6911.0346,30.7378,27.8096,15.2815,17.2792,1.6674,1.5622,6.7814,1.95,40662.0,1.2,0.0,0.7358,14.9573,8.182951245030342,8.290512380553812,8.063053637441586,13.22373,0.0
5096,2011-07-13,SZSE:002091,0.3106,10.2051,8.2284,10.2359,10.0256,7163.9992,10.0769,7.4395,38.5297,25.4378,58.0127,1.7379,33.5818,59.575,59.5972,0.0,0.0,0.0,7029.8354,31.2662,28.2876,15.5441,17.5762,1.6961,1.5891,4.7787,1.95,40662.0,1.2,0.0,0.7482,14.9573,8.12503198988741,8.253234124114416,8.083668659787755,9.318465,0.0
5097,2011-07-14,SZSE:002091,0.3106,10.2872,8.2946,10.3026,10.1026,7221.5997,10.2359,7.4993,38.8395,25.6423,58.4791,1.7519,33.0158,60.9258,60.9468,0.0,0.0,0.0,7087.4359,31.5223,28.5194,15.6715,17.7202,1.71,1.6021,8.4012,1.95,40662.0,1.2,0.0,0.7542,14.9573,8.253236657205072,8.307017065868264,8.145756470176531,16.38234,0.0
5098,2011-07-15,SZSE:002091,0.2787,10.2051,8.2284,10.2769,10.0718,7163.9992,10.2769,7.4395,38.5297,25.4378,58.0127,1.7379,32.9905,58.8095,58.8305,0.0,0.0,0.0,7029.8354,31.2662,28.2876,15.5441,17.5762,1.6961,1.5891,7.426,1.95,40662.0,1.2,0.0,0.7482,14.9573,8.286292536084899,8.286292536084899,8.120919845959374,14.4807,0.0
5099,2011-07-18,SZSE:002091,0.2787,10.3846,8.3732,10.5026,10.2923,7289.9997,10.2923,7.5703,39.2074,25.8852,59.033,1.7685,33.1628,61.9251,61.9436,0.0,0.0,0.0,7155.836,31.8266,28.7946,15.8227,17.8912,1.7265,1.6176,10.5956,1.95,40662.0,1.2,0.0,0.7613,14.9573,8.298777647670589,8.468344502436299,8.298777647670589,20.66142,0.0
5100,2011-07-19,SZSE:002091,0.2787,10.0462,8.1003,10.3333,10.0,7052.3987,10.3333,7.3236,37.9295,25.0415,57.109,1.7108,33.6356,53.6797,53.6978,0.0,0.0,0.0,6918.235,30.7698,27.8385,15.2974,17.2972,1.6692,1.5639,8.5413,1.95,40662.0,1.2,0.0,0.7365,14.9573,8.33179012860584,8.33179012860584,8.063048714936992,16.655535,0.0
5101,2011-07-20,SZSE:002091,0.2787,9.8308,7.9266,10.1897,9.7026,6901.1991,10.1487,7.1666,37.1163,24.5046,55.8846,1.6741,33.6134,49.1911,49.2087,0.0,0.0,0.0,6767.0354,30.0973,27.2301,14.963,16.9191,1.6327,1.5297,9.9965,1.95,40662.0,1.2,0.0,0.7207,14.9573,8.18292360947227,8.215982017740163,7.823232001464785,19.493174999999997,0.0
5102,2011-07-21,SZSE:002091,0.2787,9.6667,7.7943,9.8923,9.641,6785.9988,9.841,7.0469,36.4967,24.0956,54.9517,1.6462,33.6356,46.0327,46.0499,0.0,0.0,0.0,6651.8351,29.5849,26.7666,14.7083,16.6311,1.6049,1.5036,5.3393,1.95,40662.0,1.2,0.0,0.7087,14.9573,7.934838807452388,7.976202208613073,7.773577984213847,10.411634999999999,0.0
5103,2011-07-22,SZSE:002091,0.1839,9.6872,7.8108,9.7949,9.5949,6800.399,9.6923,7.0619,36.5742,24.1467,55.0683,1.6497,33.5043,46.4952,46.5121,0.0,0.0,0.0,6666.2352,29.649,26.8245,14.7402,16.6671,1.6084,1.5069,3.8452,1.95,40662.0,1.2,0.0,0.7102,14.9573,7.814912135601618,7.897638628293006,7.736378408621687,7.49814,0.0
5104,2011-07-25,SZSE:002091,0.1839,9.2,7.418,9.6769,9.1795,6458.3986,9.6769,6.7067,34.7348,22.9323,52.2989,1.5667,34.6412,38.1368,38.1521,0.0,0.0,0.0,6324.2349,28.1279,25.4483,13.9839,15.812,1.5259,1.4296,6.3864,1.95,40662.0,1.2,0.0,0.6745,14.9573,7.802526543478261,7.802526543478261,7.401470760869566,12.453479999999999,0.0
5105,2011-07-26,SZSE:002091,0.1839,9.2513,7.4594,9.3282,9.2,6494.3993,9.2205,6.7441,34.9284,23.0602,52.5904,1.5755,34.6696,39.3723,39.3871,0.0,0.0,0.0,6360.2355,28.288,25.5932,14.0635,15.902,1.5345,1.4377,3.3119,1.95,40662.0,1.2,0.0,0.6782,14.9573,7.434565704279398,7.521405108471242,7.41803638407575,6.458205,0.0
5106,2011-07-27,SZSE:002091,0.1839,9.3795,7.5627,9.5282,9.0667,6584.3992,9.2564,6.8376,35.4125,23.3797,53.3192,1.5973,34.2949,42.4659,42.4794,0.0,0.0,0.0,6450.2354,28.6883,25.9553,14.2625,16.1271,1.5563,1.4581,4.3216,1.95,40662.0,1.2,0.0,0.6876,14.9573,7.463444349912042,7.6825969550615705,7.310489054853671,8.42712,0.0
5107,2011-07-28,SZSE:002091,0.1839,9.318,7.5131,9.3846,9.1333,6541.1995,9.2821,6.7927,35.1801,23.2264,52.9694,1.5868,34.1637,41.3746,41.388,0.0,0.0,0.0,6407.0358,28.4962,25.7815,14.167,16.019,1.5458,1.4483,2.9779,1.95,40662.0,1.2,0.0,0.6831,14.9573,7.484153843099377,7.5667995556986485,7.364176457394291,5.8069049999999995,0.0
5108,2011-07-29,SZSE:002091,0.2026,9.2308,7.4428,9.3641,9.1539,6479.9998,9.2769,6.7292,34.851,23.0091,52.4738,1.572,34.1305,39.8136,39.8267,0.0,0.0,0.0,6345.8361,28.224,25.5352,14.0317,15.866,1.5311,1.4345,2.6993,1.95,40662.0,1.2,0.0,0.6767,14.9573,7.479970459765134,7.55027987606708,7.380795480348398,5.263635,0.0
5109,2011-08-01,SZSE:002091,0.2026,9.3282,7.5214,9.3897,9.159,6548.3992,9.241,6.8002,35.2188,23.2519,53.0277,1.5886,33.9407,42.428,42.4401,0.0,0.0,0.0,6414.2355,28.5282,25.8105,14.1829,16.037,1.5476,1.4499,2.9049,1.95,40662.0,1.2,0.0,0.6839,14.9573,7.451089963765785,7.570987926931241,7.3849727278574635,5.664555,0.0
5110,2011-08-02,SZSE:002091,0.2026,9.3539,7.542,9.3539,9.0872,6566.3992,9.2359,6.8189,35.3157,23.3158,53.1734,1.5929,33.683,43.1281,43.14,0.0,0.0,0.0,6432.2355,28.6082,25.8829,14.2227,16.082,1.5519,1.454,3.7675,1.95,40662.0,1.2,0.0,0.6858,14.9573,7.446857225328473,7.542,7.326961203348336,7.346625,0.0
5111,2011-08-03,SZSE:002091,0.2026,9.2923,7.4924,9.4,9.2051,6523.1995,9.2359,6.774,35.0833,23.1624,52.8236,1.5824,33.6593,41.8139,41.8256,0.0,0.0,0.0,6389.0358,28.4161,25.7091,14.1272,15.974,1.5415,1.4442,2.6691,1.95,40662.0,1.2,0.0,0.6813,14.9573,7.446924567652789,7.579238724535369,7.422090466300056,5.204744999999999,0.0
5112,2011-08-04,SZSE:002091,0.2026,9.318,7.5131,9.4103,9.2564,6541.1995,9.2564,6.7927,35.1801,23.2264,52.9694,1.5868,33.6545,42.5987,42.6102,0.0,0.0,0.0,6407.0358,28.4962,25.7815,14.167,16.019,1.5458,1.4483,2.9625,1.95,40662.0,1.2,0.0,0.6831,14.9573,7.463431942476926,7.587521456321099,7.463431942476926,5.7768749999999995,0.0
5113,2011-08-05,SZSE:002091,0.1576,8.9744,7.2361,9.1077,8.8308,6299.9986,8.9744,6.5422,33.8829,22.3699,51.0162,1.5283,34.3803,35.6577,35.668,0.0,0.0,0.0,6165.8349,27.4234,24.8109,13.6337,15.416,1.4876,1.3938,5.0174,1.95,40662.0,1.2,0.0,0.6579,14.9573,7.2361,7.343580403146729,7.120314659475843,9.78393,0.0
5114,2011-08-08,SZSE:002091,0.1576,8.6923,7.0086,8.9487,8.4769,6101.9995,8.9231,6.3366,32.818,21.6669,49.4128,1.4803,34.6965,31.168,31.1775,0.0,0.0,0.0,5967.8358,26.5428,24.0142,13.1959,14.9209,1.4399,1.349,7.1876,1.95,40662.0,1.2,0.0,0.6373,14.9573,7.19469400043717,7.215335276048918,6.834923016923025,14.01582,0.0
5115,2011-08-09,SZSE:002091,0.1576,8.7128,7.0252,8.8256,8.2462,6116.3989,8.4513,6.3516,32.8954,21.718,49.5294,1.4838,34.6965,31.8402,31.8495,0.0,0.0,0.0,5982.2352,26.6068,24.0721,13.2277,14.9569,1.4433,1.3523,4.1725,1.95,40662.0,1.2,0.0,0.6388,14.9573,6.814350468276559,7.116151537967128,6.648976705536682,8.136375000000001,0.0
5116,2011-08-10,SZSE:002091,0.1576,8.6923,7.0086,8.9231,8.6769,6101.9995,8.8718,6.1971,31.2634,20.4414,45.0963,1.3798,34.6807,31.5088,31.5181,0.0,0.0,0.0,5871.3529,24.7921,22.4915,12.0438,14.9953,1.3363,1.1257,4.2857,1.95,40662.0,1.2,0.0,0.6012,12.8205,7.153330819230815,7.19469400043717,6.996182982639809,8.357115,0.0
5117,2011-08-11,SZSE:002091,0.1576,8.8308,7.1203,8.8513,8.4205,6199.1991,8.4872,6.2958,31.7614,20.767,45.8146,1.4018,34.7186,36.3258,36.334,0.0,0.0,0.0,5968.5525,25.2026,22.8638,12.2432,15.2435,1.3585,1.1444,5.621,1.95,40662.0,1.2,0.0,0.6108,12.8205,6.843254309915296,7.136829210264076,6.789473903836572,10.96095,0.0
5118,2011-08-12,SZSE:002091,0.1128,8.9744,7.2361,9.0205,8.8718,6299.9986,8.9231,6.3982,32.2778,21.1047,46.5596,1.4246,33.9803,40.9628,40.97,0.0,0.0,0.0,6069.352,25.6282,23.25,12.45,15.5009,1.3814,1.1637,7.5276,1.95,40662.0,1.2,0.0,0.6207,12.8205,7.194736574032805,7.273270642048495,7.15337314806561,14.678819999999998,0.0
5119,2011-08-15,SZSE:002091,0.1128,9.2872,7.4883,9.5333,9.0769,6519.5997,9.0769,6.6212,33.4029,21.8404,48.1825,1.4742,34.6696,49.5779,49.5834,0.0,0.0,0.0,6288.953,26.5555,24.0912,12.9004,16.0618,1.4314,1.2058,13.0362,1.95,40662.0,1.2,0.0,0.6424,12.8205,7.318734416185718,7.6867312419243685,7.318734416185718,25.420589999999997,0.0
5120,2011-08-16,SZSE:002091,0.1128,9.1692,7.3932,9.3744,9.1385,6436.7995,9.3744,6.5371,32.9787,21.563,47.5706,1.4555,34.5969,46.8045,46.8099,0.0,0.0,0.0,6206.1528,26.2059,23.774,12.7306,15.8503,1.4126,1.1899,5.1151,1.95,40662.0,1.2,0.0,0.6342,12.8205,7.55865441696113,7.55865441696113,7.368446342101819,9.974445,0.0
5121,2011-08-17,SZSE:002091,0.1128,9.1744,7.3973,9.2769,9.0821,6440.3986,9.118,6.5408,32.9971,21.5751,47.5972,1.4563,34.5937,46.9435,46.9489,0.0,0.0,0.0,6209.752,26.2211,23.7878,12.738,15.8595,1.4134,1.1906,2.7575,1.95,40662.0,1.2,0.0,0.6346,12.8205,7.351824795081967,7.479945540852808,7.322878698334497,5.3771249999999995,0.0
5122,2011-08-18,SZSE:002091,0.1128,8.8718,7.1534,9.2051,8.8615,6227.9994,9.1795,6.3251,31.9089,20.8635,46.0275,1.4083,35.0396,40.2608,40.2658,0.0,0.0,0.0,5997.3528,25.3242,22.9742,12.3023,15.3171,1.365,1.1499,4.3093,1.95,40662.0,1.2,0.0,0.6136,12.8205,7.401500856646904,7.422142331883045,7.145095031447958,8.403135,0.0
5123,2011-08-19,SZSE:002091,0.1144,8.6564,6.9797,8.7692,8.5539,6076.7991,8.6154,6.1715,31.1342,20.357,44.91,1.3741,35.2973,36.2993,36.304,0.0,0.0,0.0,5846.1525,24.6857,22.395,11.9921,14.9309,1.3306,1.1209,3.2133,1.95,40662.0,1.2,0.0,0.5987,12.8205,6.946641488378541,7.070651222217088,6.897053720946353,6.265935,0.0
5124,2011-08-22,SZSE:002091,0.1144,8.5897,6.9259,8.7795,8.5641,6029.9989,8.6513,6.124,30.8945,20.2002,44.5642,1.3635,35.1029,35.1465,35.1512,0.0,0.0,0.0,5799.3523,24.4881,22.2157,11.8961,14.8114,1.32,1.1119,2.1284,1.95,40662.0,1.2,0.0,0.5941,12.8205,6.975568258495641,7.0789362899752035,6.905258645819994,4.15038,0.0
5125,2011-08-23,SZSE:002091,0.1144,8.8308,7.1203,8.8308,8.6205,6199.1991,8.6564,6.2958,31.7614,20.767,45.8146,1.4018,35.563,42.283,42.2868,0.0,0.0,0.0,5968.5525,25.2026,22.8638,12.2432,15.2435,1.3585,1.1444,2.8052,1.95,40662.0,1.2,0.0,0.6108,12.8205,6.9796807673144,7.1203,6.950734491778775,5.47014,0.0
5126,2011-08-24,SZSE:002091,0.1144,8.7539,7.0583,8.9846,8.7539,6145.1992,8.9231,6.241,31.4847,20.5861,45.4155,1.3896,35.5282,40.7421,40.7458,0.0,0.0,0.0,5914.5526,24.9746,22.657,12.1324,15.1056,1.3462,1.134,2.6287,1.95,40662.0,1.2,0.0,0.6055,12.8205,7.194726548167102,7.244314211951245,7.0583,5.125965,0.0
5127,2011-08-25,SZSE:002091,0.1144,8.9897,7.2485,8.9897,8.7436,6310.7996,8.7539,6.4092,32.3331,21.1409,46.6394,1.427,35.7733,47.1078,47.1109,0.0,0.0,0.0,6080.153,25.6738,23.2914,12.4721,15.5285,1.3839,1.1658,3.6478,1.95,40662.0,1.2,0.0,0.6218,12.8205,7.058371708733329,7.2485,7.050066698555014,7.1132100000000005,0.0
5128,2011-08-26,SZSE:002091,0.1786,9.2051,7.4221,9.2564,8.9231,6461.9992,8.9641,6.5627,33.1078,21.6474,47.7568,1.4612,35.729,52.1609,52.1635,0.0,0.0,0.0,6231.3525,26.3123,23.8706,12.7823,15.9147,1.4183,1.1948,6.0331,1.95,40662.0,1.2,0.0,0.6367,12.8205,7.227780970331664,7.463463345319443,7.194722546197218,11.764545,0.0
5129,2011-08-29,SZSE:002091,0.1786,9.041,7.2898,9.1436,8.9949,6346.7996,9.1436,6.4457,32.5176,21.2615,46.9055,1.4352,35.408,48.3693,48.3719,0.0,0.0,0.0,6116.1529,25.8258,23.4293,12.546,15.6205,1.3921,1.1727,3.1933,1.95,40662.0,1.2,0.0,0.6253,12.8205,7.3725268532242,7.3725268532242,7.252629357371971,6.226934999999999,0.0
5130,2011-08-30,SZSE:002091,0.1786,8.8359,7.1244,9.1795,8.8154,6202.799,9.1795,6.2995,31.7798,20.7791,45.8412,1.4026,35.3163,44.0581,44.0606,0.0,0.0,0.0,5972.1524,25.2178,22.8776,12.2506,15.2527,1.3593,1.1451,3.2853,1.95,40662.0,1.2,0.0,0.6112,12.8205,7.401445217804638,7.401445217804638,7.107870817913285,6.4063349999999994,0.0
5131,2011-08-31,SZSE:002091,0.1786,8.8051,7.0996,8.918,8.759,6181.1985,8.918,6.2775,31.6691,20.7067,45.6816,1.3977,34.8325,43.4327,43.4352,0.0,0.0,0.0,5950.5518,25.1266,22.7949,12.2063,15.1975,1.3544,1.1409,1.906,1.95,40662.0,1.2,0.0,0.609,12.8205,7.190631883794618,7.190631883794618,7.062429319371728,3.7167,0.0
5132,2011-09-01,SZSE:002091,0.1786,8.6205,6.9508,8.8615,8.6154,6051.5987,8.7436,6.1459,31.0051,20.2726,44.7238,1.3684,34.4625,39.784,39.7863,0.0,0.0,0.0,5820.9521,24.5793,22.2984,11.9404,14.8665,1.3249,1.1161,3.6075,1.95,40662.0,1.2,0.0,0.5963,12.8205,7.050056827330202,7.145120839858477,6.946687816251957,7.034625,0.0
5133,2011-09-02,SZSE:002091,0.0411,8.3744,6.7523,8.718,7.8462,5878.7993,8.718,5.9704,30.1198,19.6937,43.4467,1.3293,34.5842,35.5016,35.5037,0.0,0.0,0.0,5648.1527,23.8497,21.6365,11.586,14.4252,1.2855,1.083,5.1513,1.95,40662.0,1.2,0.0,0.5792,12.8205,7.029345553114252,7.029345553114252,6.326410997802827,10.045035,0.0
5134,2011-09-05,SZSE:002091,0.0411,8.0564,6.4959,8.2821,8.0308,5655.5998,8.2821,5.7437,28.9762,18.946,41.7972,1.2789,35.1171,30.8781,30.8801,0.0,0.0,0.0,5424.9532,22.9072,20.7815,11.1281,13.8552,1.2347,1.0402,3.7832,1.95,40662.0,1.2,0.0,0.5572,12.8205,6.677882601410059,6.677882601410059,6.4752586415768825,7.37724,0.0
5135,2011-09-06,SZSE:002091,0.0411,8.0103,6.4587,8.1026,7.9077,5623.199,7.959,5.7108,28.8102,18.8375,41.5577,1.2715,34.8546,30.2619,30.2639,0.0,0.0,0.0,5392.5524,22.7704,20.6573,11.0617,13.7724,1.2274,1.0339,1.8657,1.95,40662.0,1.2,0.0,0.554,12.8205,6.417336841316804,6.533121433654171,6.375973682633609,3.6381149999999995,0.0
5136,2011-09-07,SZSE:002091,0.0411,8.241,6.6448,8.359,8.0667,5785.1996,8.0821,5.8754,29.6402,19.3802,42.755,1.3082,35.3258,37.0276,37.0293,0.0,0.0,0.0,5554.5529,23.4544,21.2779,11.394,14.1862,1.2642,1.065,4.1812,1.95,40662.0,1.2,0.0,0.57,12.8205,6.516677354689965,6.7399445698337574,6.504260182016746,8.153339999999998,0.0
5137,2011-09-08,SZSE:002091,0.0411,8.1128,6.5414,8.3128,8.1026,5695.1982,8.3128,5.784,29.1791,19.0787,42.0899,1.2878,35.3606,34.9963,34.9979,0.0,0.0,0.0,5464.5516,23.0744,20.9332,11.2093,13.9563,1.2438,1.0478,2.2606,1.95,40662.0,1.2,0.0,0.5611,12.8205,6.702661216842521,6.702661216842521,6.533175677941032,4.40817,0.0
5138,2011-09-09,SZSE:002091,0.0856,7.9436,6.405,8.2,7.9128,5576.3988,8.0769,5.6633,28.5705,18.6807,41.2119,1.261,34.9922,32.4646,32.4661,0.0,0.0,0.0,5345.7522,22.5728,20.4781,10.9657,13.6529,1.2167,1.025,2.5861,1.95,40662.0,1.2,0.0,0.5494,12.8205,6.512481053930208,6.611737751145577,6.380165667959112,5.042895,0.0
5139,2011-09-12,SZSE:002091,0.0856,0.0,6.405,0.0,0.0,5576.3988,0.0,5.6633,28.5705,18.6807,41.2119,1.261,34.9922,32.4646,32.4661,0.0,0.0,0.0,5345.7522,22.5728,20.4781,10.9657,13.6529,1.2167,1.025,0.0,1.95,40662.0,1.2,0.0,0.5494,12.8205,0.0,0.0,0.0,0.0,0.0
5140,2011-09-13,SZSE:002091,0.0856,7.7282,6.2313,7.8,7.6308,5425.1985,7.7949,5.5098,27.7958,18.1742,40.0944,1.2268,35.4681,29.5359,29.5374,0.0,0.0,0.0,5194.5519,21.9343,19.8989,10.6555,13.2667,1.1823,0.996,2.325,1.95,40662.0,1.2,0.0,0.5345,12.8205,6.285080661732358,6.289192826272612,6.152765720348852,4.53375,0.0
5141,2011-09-14,SZSE:002091,0.0856,7.8564,6.3347,7.8718,7.6308,5515.1991,7.7436,5.6012,28.2569,18.4757,40.7596,1.2471,35.125,33.388,33.3892,0.0,0.0,0.0,5284.5525,22.3143,20.2436,10.8401,13.4966,1.2028,1.0132,3.2814,1.95,40662.0,1.2,0.0,0.5434,12.8205,6.243748144188178,6.347117185988493,6.152796288376356,6.3987300000000005,0.0
5142,2011-09-15,SZSE:002091,0.0856,7.8718,6.3471,7.9744,7.8359,5525.9994,7.8359,5.6121,28.3122,18.5119,40.8394,1.2496,34.9953,33.8552,33.8565,0.0,0.0,0.0,5295.3528,22.36,20.285,10.8623,13.5242,1.2052,1.0153,4.8537,1.95,40662.0,1.2,0.0,0.5445,12.8205,6.31815352143093,6.429827261871491,6.31815352143093,9.464715,0.0
5143,2011-09-16,SZSE:002091,0.1079,7.8872,6.3595,8.041,7.8462,5536.799,7.9077,5.6231,28.3676,18.548,40.9192,1.252,34.9874,34.3512,34.3524,0.0,0.0,0.0,5306.1523,22.4056,20.3264,10.8844,13.5518,1.2077,1.0174,4.7096,1.95,40662.0,1.2,0.0,0.5455,12.8205,6.376029281620854,6.4835099274774315,6.326441436758291,9.18372,0.0
5144,2011-09-19,SZSE:002091,0.1079,7.5846,6.1155,7.8462,7.5795,5324.399,7.8462,5.4074,27.2794,17.8365,39.3495,1.204,34.9021,29.6437,29.6448,0.0,0.0,0.0,5093.7524,21.5087,19.5127,10.4487,13.0093,1.1594,0.9767,2.9919,1.95,40662.0,1.2,0.0,0.5246,12.8205,6.326429356854679,6.326429356854679,6.111387845107191,5.834205,0.0
5145,2011-09-20,SZSE:002091,0.1079,7.6154,6.1403,7.7539,7.4256,5345.9996,7.6308,5.4293,27.39,17.9089,39.5091,1.2089,34.676,30.684,30.6851,0.0,0.0,0.0,5115.3529,21.5999,19.5955,10.493,13.0645,1.1643,0.9808,4.2608,1.95,40662.0,1.2,0.0,0.5267,12.8205,6.152717026026209,6.25197260419676,5.987264185728917,8.30856,0.0
5146,2011-09-21,SZSE:002091,0.1079,7.8718,6.3471,7.8872,7.5539,5525.9994,7.6154,5.6121,28.3122,18.5119,40.8394,1.2496,35.0554,38.8046,38.8054,0.0,0.0,0.0,5295.3528,22.36,20.285,10.8623,13.5242,1.2052,1.0153,4.7041,1.95,40662.0,1.2,0.0,0.5445,12.8205,6.140362476180798,6.359517152366676,6.090774497573617,9.172995,0.0
5147,2011-09-22,SZSE:002091,0.1079,7.5539,6.0907,7.8769,7.5385,5302.7992,7.7846,5.3854,27.1687,17.7641,39.1899,1.1991,35.7511,33.5551,33.5559,0.0,0.0,0.0,5072.1526,21.4175,19.43,10.4044,12.9541,1.1544,0.9725,5.0251,1.95,40662.0,1.2,0.0,0.5225,12.8205,6.276713117727267,6.351134490792837,6.078282999510186,9.798945,0.0
5148,2011-09-23,SZSE:002091,0.2228,7.3846,5.9543,7.4872,7.2718,5183.9997,7.359,5.2648,26.56,17.3662,38.3119,1.1722,34.687,31.1404,31.1412,0.0,0.0,0.0,4953.3531,20.9158,18.9749,10.1607,12.6507,1.1274,0.9497,5.7942,1.95,40662.0,1.2,0.0,0.5108,12.8205,5.9336583836633,6.037027727974433,5.8633478780164126,11.29869,0.0
5149,2011-09-26,SZSE:002091,0.2228,7.1333,5.7516,7.4205,7.0821,5007.5998,7.3333,5.0856,25.6562,17.5741,37.0082,1.1323,34.3834,27.9268,27.9275,0.0,0.0,0.0,4776.9531,20.171,18.2992,0.0,12.2002,1.0873,0.8948,4.1637,1.95,40662.0,1.2,0.0,0.5169,12.8205,5.9128605666381615,5.9831701736924,5.71031729494063,8.119215,0.0
5150,2011-09-27,SZSE:002091,0.2228,7.2462,5.8426,7.3077,7.0821,5086.7994,7.1846,5.1661,26.062,17.8521,37.5935,1.1503,34.5147,31.3521,31.3528,0.0,0.0,0.0,4856.1528,20.5054,18.6026,0.0,12.4025,1.1053,0.9096,3.1417,1.95,40662.0,1.2,0.0,0.5251,12.8205,5.792932014021142,5.89218735613149,5.710286420468659,6.126315,0.0
5151,2011-09-28,SZSE:002091,0.2228,7.1487,5.764,7.359,7.1026,5018.3986,7.3231,5.0966,25.7116,17.612,37.088,1.1348,34.521,30.0249,30.0256,0.0,0.0,0.0,4787.752,20.2166,18.3405,0.0,12.2278,1.0897,0.8968,2.7188,1.95,40662.0,1.2,0.0,0.518,12.8205,5.904618797823382,5.933564983843217,5.726829549428568,5.30166,0.0
5152,2011-09-29,SZSE:002091,0.2228,6.9846,5.6317,7.1333,6.9744,4903.199,7.1333,4.9796,25.1214,17.2077,36.2367,1.1087,34.7092,27.884,27.8846,0.0,0.0,0.0,4672.5524,19.7301,17.8992,0.0,11.9336,1.0635,0.8752,2.824,1.95,40662.0,1.2,0.0,0.5061,12.8205,5.7515971723506,5.7515971723506,5.623475715144747,5.506799999999999,0.0
5153,2011-09-30,SZSE:002091,0.1675,7.0154,5.6565,7.1282,6.9231,4924.7996,7.0923,5.0016,25.232,17.2835,36.3963,1.1136,34.2095,28.9076,28.9082,0.0,0.0,0.0,4694.1529,19.8214,17.982,0.0,11.9887,1.0684,0.8793,2.1935,1.95,40662.0,1.2,0.0,0.5083,12.8205,5.718504283433589,5.747450366336915,5.582078733928215,4.277324999999999,0.0
5154,2011-10-03,SZSE:002091,0.1675,0.0,5.6565,0.0,0.0,4924.7996,0.0,5.0016,25.232,17.2835,36.3963,1.1136,34.2095,28.9076,28.9082,0.0,0.0,0.0,4694.1529,19.8214,17.982,0.0,11.9887,1.0684,0.8793,0.0,1.95,40662.0,1.2,0.0,0.5083,12.8205,0.0,0.0,0.0,0.0,0.0
5155,2011-10-04,SZSE:002091,0.1675,0.0,5.6565,0.0,0.0,4924.7996,0.0,5.0016,25.232,17.2835,36.3963,1.1136,34.2095,28.9076,28.9082,0.0,0.0,0.0,4694.1529,19.8214,17.982,0.0,11.9887,1.0684,0.8793,0.0,1.95,40662.0,1.2,0.0,0.5083,12.8205,0.0,0.0,0.0,0.0,0.0
5156,2011-10-05,SZSE:002091,0.1675,0.0,5.6565,0.0,0.0,4924.7996,0.0,5.0016,25.232,17.2835,36.3963,1.1136,34.2095,28.9076,28.9082,0.0,0.0,0.0,4694.1529,19.8214,17.982,0.0,11.9887,1.0684,0.8793,0.0,1.95,40662.0,1.2,0.0,0.5083,12.8205,0.0,0.0,0.0,0.0,0.0
5157,2011-10-06,SZSE:002091,0.1675,0.0,5.6565,0.0,0.0,4924.7996,0.0,5.0016,25.232,17.2835,36.3963,1.1136,34.2095,28.9076,28.9082,0.0,0.0,0.0,4694.1529,19.8214,17.982,0.0,11.9887,1.0684,0.8793,0.0,1.95,40662.0,1.2,0.0,0.5083,12.8205,0.0,0.0,0.0,0.0,0.0
5158,2011-10-07,SZSE:002091,0.1592,0.0,5.6565,0.0,0.0,4924.7996,0.0,5.0016,25.232,17.2835,36.3963,1.1136,34.2095,28.9076,28.9082,0.0,0.0,0.0,4694.1529,19.8214,17.982,0.0,11.9887,1.0684,0.8793,0.0,1.95,40662.0,1.2,0.0,0.5083,12.8205,0.0,0.0,0.0,0.0,0.0
5159,2011-10-10,SZSE:002091,0.1592,7.0205,5.6607,7.1231,6.9333,4928.3987,7.0256,5.0052,25.2505,17.2962,36.4229,1.1144,32.9826,29.0882,29.0888,0.0,0.0,0.0,4697.7521,19.8365,17.9958,0.0,11.9979,1.0692,0.8799,1.5911,1.95,40662.0,1.2,0.0,0.5087,12.8205,5.664812181468556,5.743427415426252,5.590389759988605,3.102645,0.0
5160,2011-10-11,SZSE:002091,0.1592,7.1077,5.731,7.3077,6.9282,4989.5998,7.241,5.0674,25.564,17.5109,36.8752,1.1283,32.8371,32.2406,32.2412,0.0,0.0,0.0,4758.9532,20.095,18.2302,0.0,12.1542,1.0832,0.8914,2.313,1.95,40662.0,1.2,0.0,0.515,12.8205,5.838480943202441,5.892261730236222,5.58626759711299,4.51035,0.0
5161,2011-10-12,SZSE:002091,0.1592,7.3897,5.9584,7.4051,6.9487,5187.5989,7.0154,5.2685,26.5785,18.2058,38.3385,1.173,34.0119,41.328,41.3284,0.0,0.0,0.0,4956.9523,20.931,18.9887,0.0,12.6599,1.1282,0.9285,4.4199,1.95,40662.0,1.2,0.0,0.5355,12.8205,5.656597610187152,5.970817196909211,5.6028166339634895,8.618805,0.0
5162,2011-10-13,SZSE:002091,0.1592,7.5436,6.0824,7.6256,7.3487,5295.5988,7.3846,5.3781,27.1318,18.5848,39.1366,1.1975,34.1273,45.6126,45.6129,0.0,0.0,0.0,5064.9522,21.3871,19.4024,0.0,12.9357,1.1528,0.9487,5.5148,1.95,40662.0,1.2,0.0,0.5466,12.8205,5.954198398642558,6.148516549127739,5.925252250914683,10.75386,0.0
5163,2011-10-14,SZSE:002091,0.2651,7.5026,6.0494,7.5385,7.3641,5266.7992,7.5385,5.3489,26.9842,18.4838,38.9238,1.191,34.0198,44.6757,44.676,0.0,0.0,0.0,5036.1526,21.2655,19.2921,0.0,12.8622,1.1463,0.9433,3.1547,1.95,40662.0,1.2,0.0,0.5436,12.8205,6.078346426572121,6.078346426572121,5.937726460160478,6.151665,0.0
5164,2011-10-17,SZSE:002091,0.2651,7.4872,6.0369,7.5795,7.3333,5255.9997,7.5436,5.3379,26.9289,18.4459,38.844,1.1885,34.0198,44.3081,44.3085,0.0,0.0,0.0,5025.353,21.2199,19.2507,0.0,12.8346,1.1438,0.9413,4.754,1.95,40662.0,1.2,0.0,0.5425,12.8205,6.082375098835345,6.111321128058553,5.912811033497169,9.270299999999999,0.0
5165,2011-10-18,SZSE:002091,0.2651,7.0564,5.6896,7.4667,7.0256,4953.5998,7.4667,5.0308,25.3796,17.3846,36.6091,1.1201,35.4349,35.501,35.5014,0.0,0.0,0.0,4722.9532,19.943,18.0923,0.0,12.0623,1.075,0.8847,5.4029,1.95,40662.0,1.2,0.0,0.5113,12.8205,6.0204263250382635,6.0204263250382635,5.6647658522759485,10.535655,0.0
5166,2011-10-19,SZSE:002091,0.2651,6.9641,5.6152,7.1539,6.959,4888.7996,7.0872,4.965,25.0476,17.1572,36.1302,1.1055,35.0285,33.944,33.9444,0.0,0.0,0.0,4658.153,19.6693,17.8441,0.0,11.8968,1.0602,0.8725,2.9025,1.95,40662.0,1.2,0.0,0.5046,12.8205,5.714456346117947,5.7682369983199555,5.611087836188451,5.6598749999999995,0.0
5167,2011-10-20,SZSE:002091,0.2651,6.718,5.4167,6.9949,6.6718,4715.9995,6.9231,4.7895,24.1622,16.5508,34.8532,1.0664,35.4175,30.147,30.1473,0.0,0.0,0.0,4485.3529,18.9397,17.1821,0.0,11.4555,1.0209,0.8401,3.8007,1.95,40662.0,1.2,0.0,0.4868,12.8205,5.58207141559988,5.639963505507591,5.379449100922894,7.411365,0.0
5168,2011-10-21,SZSE:002091,0.3267,6.4359,5.1893,6.7692,6.4205,4517.999,6.6974,4.5884,23.1478,15.8559,33.3899,1.0216,36.1369,26.4904,26.4906,0.0,0.0,0.0,4287.3524,18.1036,16.4236,0.0,10.9498,0.9758,0.8031,3.4747,1.95,40662.0,1.2,0.0,0.4664,12.8205,5.400148824562222,5.458041541975481,5.1768828990506375,6.775665,0.0
5169,2011-10-24,SZSE:002091,0.3267,6.559,5.2885,6.559,6.2872,4604.3991,6.441,4.6762,23.5905,16.1123,34.0284,1.0412,36.4737,30.4544,30.4546,0.0,0.0,0.0,4373.7524,18.4684,16.7546,0.0,11.1704,0.9955,0.8192,5.4107,1.95,40662.0,1.2,0.0,0.4739,12.8205,5.193356990394877,5.2885,5.069348559231591,10.550865,0.0
5170,2011-10-25,SZSE:002091,0.3267,6.8103,5.4911,6.8462,6.4359,4780.799,6.559,4.8553,24.4942,16.7295,35.3321,1.0811,36.3456,37.8261,37.8263,0.0,0.0,0.0,4550.1524,19.2133,17.4304,0.0,11.621,1.0356,0.8523,5.7299,1.95,40662.0,1.2,0.0,0.492,12.8205,5.288478466440539,5.520045933365638,5.189223747852518,11.173305,0.0
5171,2011-10-26,SZSE:002091,0.3267,6.8205,5.4994,6.959,6.7026,4787.9987,6.7385,4.8626,24.5311,16.7547,35.3853,1.0827,36.3045,38.1145,38.1147,0.0,0.0,0.0,4557.3521,19.2437,17.4579,0.0,11.6393,1.0373,0.8536,5.042,1.95,40662.0,1.2,0.0,0.4928,12.8205,5.433283029103438,5.611073176453338,5.404336696723114,9.8319,0.0
5172,2011-10-27,SZSE:002091,0.3267,6.9026,5.5656,6.9487,6.8154,4845.5999,6.9026,4.6152,23.5743,16.9563,32.3152,1.0632,36.2666,40.4922,40.4923,0.0,0.0,0.0,4420.8052,16.9914,15.4752,0.0,11.2906,0.9577,0.8281,4.2685,1.95,40662.0,1.2,0.0,0.4987,12.8205,5.5656,5.602770654535972,5.495290215281199,8.323575,0.0
5173,2011-10-28,SZSE:002091,0.4529,7.0718,5.702,7.0769,6.8974,4964.3987,7.0154,4.7283,24.1523,16.3351,33.1075,1.0893,36.7552,45.1711,45.1712,0.0,0.0,0.0,4539.6039,17.4481,15.891,0.0,10.611,0.9835,0.8233,5.265,1.95,40662.0,1.2,0.0,0.4804,12.8205,5.6565246189089065,5.7061121355241955,5.561381091094206,10.266749999999998,0.0
5174,2011-10-31,SZSE:002091,0.4529,7.3744,5.946,7.5282,7.1282,5176.7993,7.1282,4.9306,25.1857,16.9397,34.524,1.1359,37.9442,52.3802,52.3804,0.0,0.0,0.0,4752.0046,18.2644,16.6346,0.0,11.6272,1.0295,0.8961,12.8775,1.95,40662.0,1.2,0.0,0.4982,9.7436,5.7474882295508785,6.070009383814276,5.7474882295508785,25.111124999999998,0.0
5175,2011-11-01,SZSE:002091,0.4529,7.759,6.2561,7.7949,7.1897,5446.7991,7.2821,5.1878,26.4992,17.8232,36.3246,1.1951,39.4494,59.6442,59.6443,0.0,0.0,0.0,5022.0043,19.3022,17.5797,0.0,12.2879,1.088,0.947,17.9717,1.95,40662.0,1.2,0.0,0.5242,9.7436,5.871574405206856,6.285046254671994,5.79707206727671,35.04481499999999,0.0
5176,2011-11-02,SZSE:002091,0.4529,8.1077,6.5373,8.1231,7.5385,5691.5998,7.5897,5.4209,27.6902,18.6242,37.9572,1.2489,40.5878,64.8757,64.8758,0.0,0.0,0.0,5266.805,20.2431,18.4366,0.0,12.8868,1.141,0.9932,19.9286,1.95,40662.0,1.2,0.0,0.5478,9.7436,6.119632671411128,6.549717136795886,6.07834972310273,38.860769999999995,0.0
5177,2011-11-03,SZSE:002091,0.4529,7.8564,6.3347,8.1846,7.8513,5515.1991,8.0821,5.2529,26.832,18.047,36.7808,1.2102,41.0116,58.9458,58.9459,0.0,0.0,0.0,5090.4044,19.5651,17.8191,0.0,12.4552,1.1028,0.9599,16.4555,1.95,40662.0,1.2,0.0,0.5308,9.7436,6.516684342701492,6.599331197495036,6.3305878150297845,32.088225,0.0
5178,2011-11-04,SZSE:002091,0.3883,8.0103,6.4587,8.1795,7.8769,5623.199,7.9026,5.3558,27.3574,18.4004,37.501,1.2339,41.2472,61.2794,61.2794,0.0,0.0,0.0,5198.4042,19.9802,18.1972,0.0,12.7195,1.1262,0.9803,10.2586,1.95,40662.0,1.2,0.0,0.5412,9.7436,6.371861555746975,6.595125856709487,6.3511396614359015,20.004269999999998,0.0
5179,2011-11-07,SZSE:002091,0.3883,8.1385,6.5621,8.2256,7.9487,5713.1996,8.0513,5.4415,27.7953,18.6949,38.1012,1.2536,40.7633,63.1587,63.1587,0.0,0.0,0.0,5288.4049,20.3261,18.5123,0.0,12.9397,1.1457,0.9973,8.8655,1.95,40662.0,1.2,0.0,0.5499,9.7436,6.491790345886833,6.632329023775879,6.409063619831664,17.287725000000002,0.0
5180,2011-11-08,SZSE:002091,0.3883,7.8205,6.3057,8.1949,7.759,5489.9987,8.1385,5.2289,26.7094,17.9646,36.6127,1.2046,41.0432,55.9111,55.9112,0.0,0.0,0.0,5065.204,19.4682,17.7309,0.0,12.3936,1.0974,0.9552,8.4251,1.95,40662.0,1.2,0.0,0.5284,9.7436,6.56210465443386,6.607580196918356,6.256112307397226,16.428945,0.0
5181,2011-11-09,SZSE:002091,0.3883,8.0513,6.4918,8.0513,7.8205,5651.9993,7.8359,5.3832,27.4975,18.4947,37.6931,1.2402,41.5175,59.5401,59.5402,0.0,0.0,0.0,5227.2045,20.0909,18.298,0.0,12.79,1.1324,0.9857,5.8275,1.95,40662.0,1.2,0.0,0.544,9.7436,6.318121995205743,6.4918,6.305704904797983,11.363624999999999,0.0
5182,2011-11-10,SZSE:002091,0.3883,7.9846,6.438,8.0513,7.841,5605.199,7.9385,5.3386,27.2699,18.3415,37.381,1.2299,41.5413,58.0535,58.0536,0.0,0.0,0.0,5180.4043,19.911,18.1342,0.0,12.6754,1.1223,0.9769,5.3803,1.95,40662.0,1.2,0.0,0.5395,9.7436,6.400829471733086,6.4917803521779405,6.3222150139017605,10.491585,0.0
5183,2011-11-11,SZSE:002091,0.3567,7.7692,6.2644,8.0359,7.7026,5453.9995,8.0205,5.1946,26.5343,17.8468,36.3726,1.1967,41.7168,53.4134,53.4134,0.0,0.0,0.0,5029.2047,19.3298,17.6049,0.0,12.3055,1.0896,0.9484,5.8111,1.95,40662.0,1.2,0.0,0.5249,9.7436,6.467026231787057,6.4794434381918355,6.210699613859857,11.331645,0.0
5184,2011-11-14,SZSE:002091,0.3567,8.5487,6.8929,8.5487,7.8974,6001.1993,7.9231,5.7158,29.1964,19.6373,40.0219,1.3168,46.1139,64.4788,64.4789,0.0,0.0,0.0,5576.4046,21.433,19.5204,0.0,13.6444,1.2081,1.0516,26.0804,1.95,40662.0,1.2,0.0,0.5776,9.7436,6.388472632096108,6.8929,6.367750472001592,50.85678,0.0
5185,2011-11-15,SZSE:002091,0.3567,8.5641,6.9053,8.8718,8.5026,6011.9996,8.6205,5.7261,29.249,19.6727,40.0939,1.3192,45.54,64.6573,64.6573,0.0,0.0,0.0,5587.2048,21.4745,19.5582,0.0,13.6708,1.2104,1.0536,33.7945,1.95,40662.0,1.2,0.0,0.5786,9.7436,6.9507757557711844,7.153400887425416,6.855712074823975,65.899275,0.0
5186,2011-11-16,SZSE:002091,0.3567,8.4205,6.7895,8.5128,8.3385,5911.1987,8.4564,5.6301,28.7586,19.3428,39.4217,1.297,45.5921,61.5496,61.5496,0.0,0.0,0.0,5486.404,21.0871,19.2054,0.0,13.4242,1.1886,1.0346,12.6454,1.95,40662.0,1.2,0.0,0.5689,9.7436,6.818446386794134,6.86392204738436,6.723382904815629,24.65853,0.0
5187,2011-11-17,SZSE:002091,0.3567,8.3026,6.6944,8.4821,8.2308,5828.3992,8.3641,5.5512,28.3558,19.0719,38.8695,1.2789,45.6633,59.0394,59.0395,0.0,0.0,0.0,5403.6045,20.7689,18.9155,0.0,13.2216,1.1707,1.019,7.9821,1.95,40662.0,1.2,0.0,0.5609,9.7436,6.743987550887675,6.839131144460772,6.636507542215692,15.565095,0.0
5188,2011-11-18,SZSE:002091,0.3388,7.8564,6.3347,8.2564,7.8205,5515.1991,8.2051,5.2529,26.832,18.047,36.7808,1.2102,46.5124,50.6283,50.6283,0.0,0.0,0.0,5090.4044,19.5651,17.8191,0.0,12.4552,1.1028,0.9599,9.2553,1.95,40662.0,1.2,0.0,0.5308,9.7436,6.615860568453745,6.65722431138944,6.305753443052798,18.047835,0.0
5189,2011-11-21,SZSE:002091,0.3388,7.9487,6.4091,8.0205,7.7846,5579.9993,7.8769,5.3146,27.1473,18.2591,37.2129,1.2244,46.3558,52.1473,52.1473,0.0,0.0,0.0,5155.2046,19.8141,18.046,0.0,12.6138,1.1169,0.9722,4.1608,1.95,40662.0,1.2,0.0,0.537,9.7436,6.351207089209557,6.466992910790444,6.276784865449696,8.11356,0.0
5190,2011-11-22,SZSE:002091,0.3388,8.0667,6.5042,8.0821,7.7846,5662.7995,7.8615,5.3935,27.5501,18.53,37.7651,1.2425,46.4523,54.0909,54.091,0.0,0.0,0.0,5238.0048,20.1324,18.3358,0.0,12.8164,1.1348,0.9878,5.682,1.95,40662.0,1.2,0.0,0.545,9.7436,6.338746736583732,6.516617057780753,6.276742077925298,11.0799,0.0
5191,2011-11-23,SZSE:002091,0.3388,7.8769,6.3512,8.1333,7.8513,5529.6,8.0667,5.2666,26.9021,18.0941,36.8768,1.2133,46.2926,50.535,50.535,0.0,0.0,0.0,5104.8052,19.6204,17.8696,0.0,12.4905,1.1059,0.9627,3.3903,1.95,40662.0,1.2,0.0,0.5322,9.7436,6.504237078038315,6.557937127550179,6.330558539526972,6.611084999999999,0.0
5192,2011-11-24,SZSE:002091,0.3388,7.9692,6.4256,7.9744,7.6103,5594.3988,7.7077,5.3284,27.2173,18.3062,37.309,1.2275,46.3527,52.1819,52.1819,0.0,0.0,0.0,5169.604,19.8695,18.0964,0.0,12.649,1.12,0.9749,5.1116,1.95,40662.0,1.2,0.0,0.5384,9.7436,6.214751433017116,6.429792782211515,6.136217396978367,9.96762,0.0
5193,2011-11-25,SZSE:002091,0.3184,7.9282,6.3925,8.0769,7.8769,5565.5992,7.959,5.3009,27.0772,18.2119,37.1169,1.2212,45.9858,51.3634,51.3634,0.0,0.0,0.0,5140.8044,19.7588,17.9956,0.0,12.5785,1.1137,0.9695,4.8513,1.95,40662.0,1.2,0.0,0.5357,9.7436,6.41733401024192,6.512396666330314,6.351136859564591,9.460035,0.0
5194,2011-11-28,SZSE:002091,0.3184,7.8359,6.3181,8.0205,7.7949,5500.799,7.9385,5.2392,26.7619,17.9999,36.6847,1.207,45.7123,49.4826,49.4826,0.0,0.0,0.0,5076.0042,19.5097,17.7687,0.0,12.42,1.0997,0.9572,3.3649,1.95,40662.0,1.2,0.0,0.5294,9.7436,6.400826561084241,6.466943305810437,6.285041627636903,6.561555,0.0
5195,2011-11-29,SZSE:002091,0.3184,8.1846,6.5993,8.2769,7.8821,5745.5997,7.9487,5.4724,27.9529,18.8009,38.3173,1.2607,46.5566,56.0326,56.0326,0.0,0.0,0.0,5320.805,20.4506,18.6257,0.0,13.019,1.1527,1.0034,7.4898,1.95,40662.0,1.2,0.0,0.553,9.7436,6.409092186545464,6.673722133030325,6.35539214256042,14.60511,0.0
5196,2011-11-30,SZSE:002091,0.3184,7.9949,6.4463,8.3282,7.8513,5612.3987,8.1077,5.3455,27.3049,18.3651,37.429,1.2315,46.5677,52.076,52.076,0.0,0.0,0.0,5187.604,19.9387,18.1594,0.0,12.6931,1.1239,0.9783,9.0376,1.95,40662.0,1.2,0.0,0.5402,9.7436,6.537250811142102,6.715040295688502,6.330515102127606,17.62332,0.0
5197,2011-12-01,SZSE:002091,0.3184,8.2051,6.6158,8.4308,8.1026,5759.9992,8.2769,5.4861,28.023,18.8481,38.4133,1.2639,47.1227,55.8004,55.8005,0.0,0.0,0.0,5335.2044,20.506,18.6761,0.0,13.0542,1.1558,1.0061,8.6537,1.95,40662.0,1.2,0.0,0.5544,9.7436,6.673692583880757,6.797782676627951,6.533153901841538,16.874715000000002,0.0
5198,2011-12-02,SZSE:002091,0.3027,8.0,6.4504,8.2821,8.0,5616.0,8.1641,5.3489,27.3224,18.3769,37.453,1.2323,47.0341,51.5882,51.5882,0.0,0.0,0.0,5191.2052,19.9525,18.172,0.0,12.7019,1.1247,0.979,4.9505,1.95,40662.0,1.2,0.0,0.5405,9.7436,6.582713829999999,6.67785723,6.4504,9.653475,0.0
5199,2011-12-05,SZSE:002091,0.3027,7.3077,5.8922,7.9744,7.2256,5129.9998,7.8769,4.886,24.958,16.7866,34.2119,1.1256,49.9529,40.4813,40.4813,0.0,0.0,0.0,4705.205,18.0845,16.4707,0.0,11.5127,1.0194,0.8873,8.6131,1.95,40662.0,1.2,0.0,0.4937,9.7436,6.351146076056763,6.429760345936478,5.826002753260259,16.795544999999997,0.0
5200,2011-12-06,SZSE:002091,0.3027,7.1641,5.7764,7.3846,7.118,5029.1996,7.3128,4.79,24.4676,16.4567,33.5397,1.1035,50.0873,38.6239,38.6239,0.0,0.0,0.0,4604.4048,17.6971,16.1179,0.0,11.2661,0.9975,0.8683,6.209,1.95,40662.0,1.2,0.0,0.484,9.7436,5.896296522940775,5.954188724333831,5.739229658994151,12.10755,0.0
5201,2011-12-07,SZSE:002091,0.3027,7.1949,5.8013,7.2564,7.1026,5050.7994,7.1282,4.8106,24.5727,16.5274,33.6837,1.1083,49.7031,39.267,39.267,0.0,0.0,0.0,4626.0047,17.7801,16.1935,0.0,11.3189,1.0022,0.8724,1.8911,1.95,40662.0,1.2,0.0,0.4861,9.7436,5.7475193067311565,5.850887895592713,5.726877841248663,3.687645,0.0
5202,2011-12-08,SZSE:002091,0.3027,7.2667,5.8591,7.2923,6.9231,5101.1988,7.2051,4.8586,24.8178,16.6923,34.0198,1.1193,49.6857,40.8249,40.8249,0.0,0.0,0.0,4676.4041,17.9738,16.3699,0.0,11.4423,1.0131,0.8819,3.3706,1.95,40662.0,1.2,0.0,0.491,9.7436,5.809432260861188,5.879741138343402,5.582057221297149,6.57267,0.0
5203,2011-12-09,SZSE:002091,0.3338,7.1385,5.7558,7.2564,7.0667,5011.1996,7.1795,4.7729,24.38,16.3978,33.4196,1.0996,49.6351,38.9056,38.9057,0.0,0.0,0.0,4586.4049,17.6279,16.0549,0.0,11.222,0.9936,0.8649,2.0161,1.95,40662.0,1.2,0.0,0.4823,9.7436,5.788858457659173,5.850863223366253,5.697907383904182,3.9313949999999993,0.0
5204,2011-12-12,SZSE:002091,0.3338,7.1231,5.7434,7.2974,7.0872,5000.3987,7.1282,4.7626,24.3274,16.3625,33.3476,1.0972,49.2129,38.6707,38.6707,0.0,0.0,0.0,4575.6039,17.5864,16.0171,0.0,11.1956,0.9913,0.8629,1.5785,1.95,40662.0,1.2,0.0,0.4813,9.7436,5.747512161839649,5.88393917816681,5.714453605873848,3.078075,0.0
5205,2011-12-13,SZSE:002091,0.3338,6.7949,5.4787,7.0667,6.6667,4769.9994,7.0667,4.5432,23.2065,15.6086,31.811,1.0466,49.809,33.9593,33.9593,0.0,0.0,0.0,4345.2047,16.7009,15.2105,0.0,10.6319,0.9414,0.8194,4.5213,1.95,40662.0,1.2,0.0,0.4591,9.7436,5.6978512251835935,5.6978512251835935,5.375332865825839,8.816535,0.0
5206,2011-12-14,SZSE:002091,0.3338,6.6667,5.3754,6.8769,6.6667,4679.9988,6.759,4.4574,22.7687,15.3141,31.2108,1.0269,49.7743,32.3036,32.3036,0.0,0.0,0.0,4255.2041,16.355,14.8955,0.0,10.4117,0.9219,0.8024,1.456,1.95,40662.0,1.2,0.0,0.4504,9.7436,5.449822040889797,5.544885514572428,5.3754,2.8392,0.0
5207,2011-12-15,SZSE:002091,0.3338,6.2564,5.0446,6.6513,6.241,4391.9998,6.5128,4.1831,21.3675,14.3717,29.2902,0.9637,51.2827,27.6569,27.6569,0.0,0.0,0.0,3967.2051,15.248,13.8873,0.0,9.707,0.8595,0.7481,5.3347,1.95,40662.0,1.2,0.0,0.4227,9.7436,5.251337970717985,5.363011952560577,5.032182820791509,10.402664999999999,0.0
5208,2011-12-16,SZSE:002091,0.3684,6.3385,5.1107,6.4103,6.1333,4449.5996,6.2974,4.238,21.6478,14.5601,29.6743,0.9763,51.3854,29.8309,29.8309,0.0,0.0,0.0,4024.8049,15.4694,14.089,0.0,9.8479,0.872,0.759,6.4763,1.95,40662.0,1.2,0.0,0.4282,9.7436,5.077561281060187,5.168591971286582,4.945248293760353,12.628785,0.0
5209,2011-12-19,SZSE:002091,0.3684,6.4718,5.2182,6.4821,6.1539,4543.1994,6.2974,4.3271,22.1031,14.8664,30.2985,0.9969,51.0882,33.3367,33.3367,0.0,0.0,0.0,4118.4046,15.8292,14.4166,0.0,10.0769,0.8922,0.7766,8.7275,1.95,40662.0,1.2,0.0,0.4373,9.7436,5.07758161253438,5.226504870360642,4.961877836150685,17.018624999999997,0.0
5210,2011-12-20,SZSE:002091,0.3684,6.3692,5.1355,6.5744,6.359,4471.1995,6.4103,4.2586,21.7528,14.6308,29.8184,0.9811,51.1404,32.0118,32.0118,0.0,0.0,0.0,4046.4047,15.5524,14.1646,0.0,9.9008,0.8766,0.7631,6.2218,1.95,40662.0,1.2,0.0,0.4303,9.7436,5.168639020599134,5.30095321233436,5.127275717515544,12.13251,0.0
5211,2011-12-21,SZSE:002091,0.3684,6.2667,5.0528,6.5641,6.2462,4399.1988,6.4205,4.19,21.4025,14.3952,29.3382,0.9653,50.6549,30.6979,30.6978,0.0,0.0,0.0,3974.4041,15.2757,13.9125,0.0,9.7246,0.861,0.7495,5.1065,1.95,40662.0,1.2,0.0,0.4234,9.7436,5.1768079531491855,5.292591711746214,5.036270981537332,9.957674999999998,0.0
5212,2011-12-22,SZSE:002091,0.3684,6.4256,5.181,6.5026,6.0872,4510.7993,6.2154,4.2963,21.9455,14.7604,30.0824,0.9898,50.3862,35.1414,35.1414,0.0,0.0,0.0,4086.0045,15.7046,14.3032,0.0,9.9977,0.8852,0.7705,6.9769,1.95,40662.0,1.2,0.0,0.4341,9.7436,5.0115144733565735,5.243085563994024,4.9081460408366535,13.604954999999999,0.0
5213,2011-12-23,SZSE:002091,0.3824,6.4103,5.1686,6.5487,6.359,4499.9997,6.4256,4.286,21.893,14.7251,30.0104,0.9874,50.2154,34.9082,34.9082,0.0,0.0,0.0,4075.2049,15.6631,14.2654,0.0,9.9712,0.8829,0.7685,5.5259,1.95,40662.0,1.2,0.0,0.4331,9.7436,5.180936330592951,5.280191382618598,5.127237009188337,10.775504999999999,0.0
5214,2011-12-26,SZSE:002091,0.3824,6.3385,5.1107,6.4769,6.2923,4449.5996,6.4103,4.238,21.6478,14.5601,29.6743,0.9763,49.8043,33.7812,33.7812,0.0,0.0,0.0,4024.8049,15.4694,14.089,0.0,9.8479,0.872,0.759,3.5539,1.95,40662.0,1.2,0.0,0.4282,9.7436,5.168591971286582,5.2222912092766425,5.073449177250138,6.930105,0.0
5215,2011-12-27,SZSE:002091,0.3824,6.1282,4.9412,6.3026,6.1026,4301.9992,6.2615,4.0974,20.9297,14.0772,28.69,0.944,50.0826,30.6596,30.6596,0.0,0.0,0.0,3877.2044,14.9021,13.5723,0.0,9.4868,0.84,0.7312,3.909,1.95,40662.0,1.2,0.0,0.414,9.7436,5.04868049345648,5.0818196403511635,4.920558584902581,7.6225499999999995,0.0
5216,2011-12-28,SZSE:002091,0.3824,6.1949,4.995,6.2051,5.9692,4348.7994,6.1333,4.142,21.1574,14.2303,29.0021,0.9542,50.1079,32.7806,32.7806,0.0,0.0,0.0,3924.0047,15.082,13.7361,0.0,9.6013,0.8501,0.74,3.4906,1.95,40662.0,1.2,0.0,0.4185,9.7436,4.945331401636831,5.003224345832862,4.813016190737542,6.80667,0.0
5217,2011-12-29,SZSE:002091,0.3824,6.3282,5.1025,6.3282,6.1077,4442.3992,6.1692,4.2311,21.6127,14.5366,29.6263,0.9748,50.1474,36.9355,36.9355,0.0,0.0,0.0,4017.6044,15.4417,14.0638,0.0,9.8303,0.8704,0.7576,2.8927,1.95,40662.0,1.2,0.0,0.4276,9.7436,4.97429648241206,5.1025,4.924708329382763,5.640765,0.0
5218,2011-12-30,SZSE:002091,0.3859,6.5026,5.243,6.5077,6.3077,4564.7992,6.359,4.3477,22.2082,14.9371,30.4426,1.0016,50.4779,41.9855,41.9855,0.0,0.0,0.0,4140.0045,15.9122,14.4922,0.0,10.1298,0.8969,0.7807,4.4406,1.95,40662.0,1.2,0.0,0.4393,9.7436,5.127216344231538,5.2471120936240885,5.085853520130409,8.65917,0.0
5219,2012-01-02,SZSE:002091,0.3859,0.0,5.243,0.0,0.0,4564.7992,0.0,4.3477,22.2082,14.9371,30.4426,1.0016,50.4779,41.9855,41.9855,0.0,0.0,0.0,4140.0045,15.9122,14.4922,0.0,10.1298,0.8969,0.7807,0.0,1.95,40662.0,1.2,0.0,0.4393,9.7436,0.0,0.0,0.0,0.0,0.0
5220,2012-01-03,SZSE:002091,0.3859,0.0,5.243,0.0,0.0,4564.7992,0.0,4.3477,22.2082,14.9371,30.4426,1.0016,50.4779,41.9855,41.9855,0.0,0.0,0.0,4140.0045,15.9122,14.4922,0.0,10.1298,0.8969,0.7807,0.0,1.95,40662.0,1.2,0.0,0.4393,9.7436,0.0,0.0,0.0,0.0,0.0
5221,2012-01-04,SZSE:002091,0.3859,6.2154,5.0115,6.5795,6.1795,4363.1996,6.5128,4.1557,21.2274,14.2774,29.0981,0.9574,50.8384,36.7637,36.7637,0.0,0.0,0.0,3938.4048,15.1373,13.7865,0.0,9.6365,0.8532,0.7427,3.597,1.95,40662.0,1.2,0.0,0.4199,9.7436,5.251294719567526,5.305075176175307,4.982553697268076,7.01415,0.0
5222,2012-01-05,SZSE:002091,0.3859,6.0051,4.842,6.1795,5.9231,4215.5992,6.1795,4.0151,20.5093,13.7944,28.1138,0.925,50.8384,33.4805,33.4805,0.0,0.0,0.0,3790.8044,14.57,13.2698,0.0,9.2754,0.8213,0.7149,4.1866,1.95,40662.0,1.2,0.0,0.4057,9.7436,4.982621271918869,4.982621271918869,4.775882200129889,8.163870000000001,0.0
5223,2012-01-06,SZSE:002091,0.3686,5.9436,4.7923,6.0,5.641,4172.3988,5.9795,3.974,20.2991,15.5064,27.8257,0.9155,50.451,32.5639,32.5639,0.0,0.0,0.0,3747.604,14.404,13.1186,0.0,9.1697,0.8119,0.7067,4.0125,1.95,40662.0,1.2,0.0,0.4561,9.7436,4.821246020930076,4.837775085806582,4.548314876505821,7.824375,0.0
5224,2012-01-09,SZSE:002091,0.3686,6.4103,5.1686,6.4256,5.7795,4499.9997,5.9539,4.286,21.893,16.7239,30.0104,0.9874,52.3815,44.8866,44.8866,0.0,0.0,0.0,4075.2049,15.6631,14.2654,0.0,9.9712,0.8829,0.7685,5.857,1.95,40662.0,1.2,0.0,0.4919,9.7436,4.800606452116125,5.180936330592951,4.6599884092788155,11.42115,0.0
5225,2012-01-10,SZSE:002091,0.3686,6.7692,5.4581,6.7692,6.359,4751.9995,6.4154,4.526,23.119,17.6604,31.691,1.0427,53.5342,52.1325,52.1325,0.0,0.0,0.0,4327.2047,16.6317,15.1475,0.0,10.5878,0.9375,0.816,8.3647,1.95,40662.0,1.2,0.0,0.5194,9.7436,5.172826144891568,5.4581,5.127350041363824,16.311165,0.0
5226,2012-01-11,SZSE:002091,0.3686,6.6359,5.3506,7.0205,6.5949,4658.399,6.759,4.4369,22.6636,17.3125,31.0668,1.0222,53.6053,49.5278,49.5278,0.0,0.0,0.0,4233.6042,16.2719,14.8199,0.0,10.3588,0.9172,0.7984,8.234,1.95,40662.0,1.2,0.0,0.5092,9.7436,5.449856899591615,5.6607072590002865,5.3175412438403225,16.0563,0.0
5227,2012-01-12,SZSE:002091,0.3686,6.6513,5.363,6.8205,6.5641,4669.1986,6.5641,4.4472,22.7161,17.3527,31.1388,1.0245,53.0061,49.8392,49.8392,0.0,0.0,0.0,4244.4038,16.3134,14.8577,0.0,10.3852,0.9195,0.8004,5.1391,1.95,40662.0,1.2,0.0,0.5104,9.7436,5.292689895208456,5.499427405168915,5.292689895208456,10.021245,0.0
5228,2012-01-13,SZSE:002091,0.4209,6.3539,5.1231,6.6667,6.2154,4460.3992,6.641,4.2483,21.7003,16.5767,29.7463,0.9787,53.52,44.1657,44.1657,0.0,0.0,0.0,4035.6044,15.5109,14.1268,0.0,9.8743,0.8743,0.761,5.9794,1.95,40662.0,1.2,0.0,0.4876,9.7436,5.3545864901871285,5.37530819968838,5.011428530508821,11.65983,0.0
5229,2012-01-16,SZSE:002091,0.4209,6.1897,4.9908,6.3436,6.1539,4345.1989,6.3077,4.1386,21.1398,16.1486,28.9781,0.9534,53.7192,41.3676,41.3676,0.0,0.0,0.0,3920.4041,15.0681,13.7235,0.0,9.5925,0.8493,0.7393,2.333,1.95,40662.0,1.2,0.0,0.475,9.7436,5.085944255779763,5.114890686139877,4.961934200365123,4.5493500000000004,0.0
5230,2012-01-17,SZSE:002091,0.4209,6.6513,5.363,6.6667,6.1846,4669.1986,6.2051,4.4472,22.7161,17.3527,31.1388,1.0245,55.7225,50.8071,50.8071,0.0,0.0,0.0,4244.4038,16.3134,14.8577,0.0,10.3852,0.9195,0.8004,4.5893,1.95,40662.0,1.2,0.0,0.5104,9.7436,5.003225128922166,5.375417151534287,4.986695803827823,8.949135,0.0
5231,2012-01-18,SZSE:002091,0.4209,6.4923,5.2348,6.8051,6.4667,4557.5995,6.6359,4.3409,22.1732,16.9379,30.3946,1.0,54.7121,47.9439,47.9439,0.0,0.0,0.0,4132.8047,15.8845,14.467,0.0,10.1122,0.8954,0.7794,5.5798,1.95,40662.0,1.2,0.0,0.4982,9.7436,5.350585974153998,5.487013459020686,5.21415848928731,10.880609999999999,0.0
5232,2012-01-19,SZSE:002091,0.4209,6.6615,5.3712,6.6718,6.4154,4676.399,6.4923,4.454,22.7512,17.3794,31.1868,1.0261,54.9161,51.1029,51.1029,0.0,0.0,0.0,4251.6042,16.3411,14.8829,0.0,10.4028,0.9211,0.8018,4.1239,1.95,40662.0,1.2,0.0,0.5112,9.7436,5.234773213240262,5.379504940328754,5.1727683674848,8.041604999999999,0.0
5233,2012-01-20,SZSE:002091,0.4472,6.6872,5.3919,6.7487,6.6154,4694.399,6.6872,4.4712,22.8387,17.4463,31.3069,1.0301,54.4639,51.5823,51.5823,0.0,0.0,0.0,4269.6042,16.4103,14.9459,0.0,10.4469,0.925,0.8052,4.1778,1.95,40662.0,1.2,0.0,0.5131,9.7436,5.3919,5.441487547852614,5.334007545759062,8.14671,0.0
5234,2012-01-23,SZSE:002091,0.4472,0.0,5.3919,0.0,0.0,4694.399,0.0,4.4712,22.8387,17.4463,31.3069,1.0301,54.4639,51.5823,51.5823,0.0,0.0,0.0,4269.6042,16.4103,14.9459,0.0,10.4469,0.925,0.8052,0.0,1.95,40662.0,1.2,0.0,0.5131,9.7436,0.0,0.0,0.0,0.0,0.0
5235,2012-01-24,SZSE:002091,0.4472,0.0,5.3919,0.0,0.0,4694.399,0.0,4.4712,22.8387,17.4463,31.3069,1.0301,54.4639,51.5823,51.5823,0.0,0.0,0.0,4269.6042,16.4103,14.9459,0.0,10.4469,0.925,0.8052,0.0,1.95,40662.0,1.2,0.0,0.5131,9.7436,0.0,0.0,0.0,0.0,0.0
5236,2012-01-25,SZSE:002091,0.4472,0.0,5.3919,0.0,0.0,4694.399,0.0,4.4712,22.8387,17.4463,31.3069,1.0301,54.4639,51.5823,51.5823,0.0,0.0,0.0,4269.6042,16.4103,14.9459,0.0,10.4469,0.925,0.8052,0.0,1.95,40662.0,1.2,0.0,0.5131,9.7436,0.0,0.0,0.0,0.0,0.0
5237,2012-01-26,SZSE:002091,0.4472,0.0,5.3919,0.0,0.0,4694.399,0.0,4.4712,22.8387,17.4463,31.3069,1.0301,54.4639,51.5823,51.5823,0.0,0.0,0.0,4269.6042,16.4103,14.9459,0.0,10.4469,0.925,0.8052,0.0,1.95,40662.0,1.2,0.0,0.5131,9.7436,0.0,0.0,0.0,0.0,0.0
5238,2012-01-27,SZSE:002091,0.4504,0.0,5.3919,0.0,0.0,4694.399,0.0,4.4712,22.8387,17.4463,31.3069,1.0301,54.4639,51.5823,51.5823,0.0,0.0,0.0,4269.6042,16.4103,14.9459,0.0,10.4469,0.925,0.8052,0.0,1.95,40662.0,1.2,0.0,0.5131,9.7436,0.0,0.0,0.0,0.0,0.0
5239,2012-01-30,SZSE:002091,0.4504,6.6,5.3216,6.7539,6.5641,4633.1993,6.6872,4.4129,22.541,17.2189,30.8987,1.0166,55.1248,49.7947,49.7947,0.0,0.0,0.0,4208.4045,16.1751,14.7317,0.0,10.2971,0.9117,0.7936,3.0068,1.95,40662.0,1.2,0.0,0.5064,9.7436,5.391909624242424,5.4456900363636365,5.292653721212121,5.86326,0.0
5240,2012-01-31,SZSE:002091,0.4504,6.6564,5.3671,6.6564,6.5128,4672.7991,6.5692,4.4506,22.7336,17.3661,31.1628,1.0253,54.4244,50.9785,50.9785,0.0,0.0,0.0,4248.0044,16.3273,14.8703,0.0,10.394,0.9203,0.8011,1.7346,1.95,40662.0,1.2,0.0,0.5108,9.7436,5.296790054684214,5.3671,5.2513143561084075,3.3824699999999996,0.0
5241,2012-02-01,SZSE:002091,0.4504,6.5949,5.3175,6.7795,6.5385,4629.5994,6.6923,4.4094,22.5235,17.2055,30.8747,1.0158,53.316,49.6044,49.6044,0.0,0.0,0.0,4204.8047,16.1612,14.7191,0.0,10.2883,0.911,0.7929,2.5616,1.95,40662.0,1.2,0.0,0.506,9.7436,5.3960340945275895,5.466343879361324,5.272024405222218,4.99512,0.0
5242,2012-02-02,SZSE:002091,0.4504,6.718,5.4167,6.718,6.5539,4715.9995,6.6154,4.4917,22.9438,17.5266,31.4509,1.0348,52.6077,52.3697,52.3697,0.0,0.0,0.0,4291.2047,16.4933,15.0215,0.0,10.4997,0.9297,0.8092,3.9509,1.95,40662.0,1.2,0.0,0.5155,9.7436,5.333973977374218,5.4167,5.284386741589758,7.704255,0.0
5243,2012-02-03,SZSE:002091,0.4538,6.8205,5.4994,6.8667,6.6923,4787.9987,6.7231,4.5603,23.2941,17.7942,31.9311,1.0506,52.4021,54.6051,54.6052,0.0,0.0,0.0,4363.204,16.7701,15.2736,0.0,10.6759,0.9453,0.8228,5.1633,1.95,40662.0,1.2,0.0,0.5234,9.7436,5.420865939447254,5.5366512689685505,5.396031760134887,10.068435,0.0
5244,2012-02-06,SZSE:002091,0.4538,6.8359,5.5118,6.8718,6.7231,4798.799,6.8462,4.5706,23.3466,17.8343,32.0031,1.053,52.2124,54.9467,54.9467,0.0,0.0,0.0,4374.0042,16.8116,15.3114,0.0,10.7023,0.9476,0.8248,5.2083,1.95,40662.0,1.2,0.0,0.5245,9.7436,5.520104910838368,5.540746242630817,5.420849131789523,10.156185,0.0
5245,2012-02-07,SZSE:002091,0.4538,6.6308,5.3464,6.7692,6.5744,4654.7991,6.7692,4.4334,22.6461,17.2992,31.0428,1.0214,52.3736,49.5889,49.5889,0.0,0.0,0.0,4230.0044,16.2581,14.8073,0.0,10.35,0.9164,0.7977,4.0513,1.95,40662.0,1.2,0.0,0.5088,9.7436,5.4579916269530075,5.4579916269530075,5.300924799420884,7.900035000000001,0.0
5246,2012-02-08,SZSE:002091,0.4538,6.8564,5.5284,6.8615,6.5897,4813.1991,6.5897,4.5843,23.4167,17.8878,32.0991,1.0561,52.3531,54.809,54.809,0.0,0.0,0.0,4388.4044,16.8669,15.3618,0.0,10.7376,0.9507,0.8276,5.0325,1.95,40662.0,1.2,0.0,0.5261,9.7436,5.313356496120413,5.532512192987575,5.313356496120413,9.813374999999999,0.0
5247,2012-02-09,SZSE:002091,0.4538,6.8667,5.5366,7.0,6.8,4820.3988,6.8103,4.5912,23.4517,17.9146,32.1472,1.0577,51.9483,55.0369,55.0369,0.0,0.0,0.0,4395.6041,16.8946,15.387,0.0,10.7552,0.9523,0.8289,6.5087,1.95,40662.0,1.2,0.0,0.5269,9.7436,5.491124845995893,5.644079397672827,5.482819986310746,12.691965,0.0
5248,2012-02-10,SZSE:002091,0.4755,6.9231,5.5821,7.0615,6.8359,4859.9994,6.8462,4.6289,23.6444,18.0618,32.4113,1.0664,51.9831,56.3411,56.3411,0.0,0.0,0.0,4435.2046,17.0468,15.5256,0.0,10.8521,0.9609,0.8364,8.4349,1.95,40662.0,1.2,0.0,0.5312,9.7436,5.520095480348398,5.693692009359968,5.511790583698054,16.448055,0.0
5249,2012-02-13,SZSE:002091,0.4755,6.9282,5.5862,7.0103,6.7846,4863.5992,6.8769,4.6323,23.6619,18.0752,32.4353,1.0672,51.7222,56.4647,56.4647,0.0,0.0,0.0,4438.8044,17.0606,15.5382,0.0,10.8609,0.9616,0.8371,8.0984,1.95,40662.0,1.2,0.0,0.5316,9.7436,5.544836866718628,5.652397139228082,5.470415478767934,15.791879999999999,0.0
5250,2012-02-14,SZSE:002091,0.4755,7.2051,5.8095,7.2564,6.8718,5057.9992,6.9282,4.8175,24.6077,18.7976,33.7317,1.1098,48.3291,62.6201,62.6201,0.0,0.0,0.0,4633.2044,17.8078,16.2187,0.0,11.3366,1.0038,0.8737,17.0995,1.95,40662.0,1.2,0.0,0.5529,9.7436,5.586234458924928,5.8508633884331935,5.540758920764459,33.344024999999995,0.0
5251,2012-02-15,SZSE:002091,0.4755,7.2256,5.8261,7.2256,7.041,5072.3993,7.1282,4.8312,24.6777,18.8511,33.8277,1.113,48.3338,63.037,63.037,0.0,0.0,0.0,4647.6045,17.8632,16.2691,0.0,11.3718,1.0069,0.8764,12.9877,1.95,40662.0,1.2,0.0,0.5545,9.7436,5.747565049269265,5.8261,5.677254497896369,25.326014999999998,0.0
5252,2012-02-16,SZSE:002091,0.4755,7.1487,5.764,7.2308,7.0,5018.3986,7.1795,4.7797,24.415,18.6505,33.4676,1.1011,48.2722,60.3201,60.3201,0.0,0.0,0.0,4593.6039,17.6556,16.0801,0.0,11.2397,0.9952,0.8663,9.0504,1.95,40662.0,1.2,0.0,0.5485,9.7436,5.788834053744038,5.830197266635892,5.644103123644859,17.64828,0.0
5253,2012-02-17,SZSE:002091,0.4528,7.2051,5.8095,7.3487,7.0359,5057.9992,7.1487,4.8175,24.6077,18.7976,33.7317,1.1098,48.2627,61.6263,61.6263,0.0,0.0,0.0,4633.2044,17.8078,16.2187,0.0,11.3366,1.0038,0.8737,12.9808,1.95,40662.0,1.2,0.0,0.5529,9.7436,5.76402446183953,5.925285235458217,5.673073385518591,25.31256,0.0
5254,2012-02-20,SZSE:002091,0.4528,7.041,5.6772,7.3282,6.9795,4942.7996,7.3282,4.7077,24.0472,18.3695,32.9635,1.0846,47.1859,55.8651,55.8651,0.0,0.0,0.0,4518.0048,17.365,15.8154,0.0,11.0547,0.9788,0.852,13.1409,1.95,40662.0,1.2,0.0,0.5403,9.7436,5.908771060928845,5.908771060928845,5.627612185769067,25.624755,0.0
5255,2012-02-21,SZSE:002091,0.4528,7.0564,5.6896,7.0718,6.8821,4953.5998,7.0205,4.718,24.0998,18.4096,33.0355,1.0869,47.1085,56.2778,56.2778,0.0,0.0,0.0,4528.8051,17.4065,15.8532,0.0,11.0811,0.9811,0.854,10.5859,1.95,40662.0,1.2,0.0,0.5415,9.7436,5.660653704438524,5.702017073862026,5.5490613003797975,20.642505,0.0
5256,2012-02-22,SZSE:002091,0.4528,7.2051,5.8095,7.2103,7.0205,5057.9992,7.0615,4.8175,24.6077,18.7976,33.7317,1.1098,47.2191,60.1561,60.1561,0.0,0.0,0.0,4633.2044,17.8078,16.2187,0.0,11.3366,1.0038,0.8737,16.9026,1.95,40662.0,1.2,0.0,0.5529,9.7436,5.693714764541783,5.813692780114086,5.660656305949952,32.96007,0.0
5257,2012-02-23,SZSE:002091,0.4528,7.1385,5.7558,7.2462,7.0513,5011.1996,7.2051,4.7729,24.38,18.6237,33.4196,1.0996,47.0231,57.6859,57.6859,0.0,0.0,0.0,4586.4049,17.6279,16.0549,0.0,11.222,0.9936,0.8649,14.5746,1.95,40662.0,1.2,0.0,0.5478,9.7436,5.809499836100021,5.842638924143728,5.6854903046858585,28.420469999999998,0.0
5258,2012-02-24,SZSE:002091,0.4659,7.3846,5.9543,7.4256,7.1487,5183.9997,7.1949,4.9375,25.2207,19.2659,34.572,1.1375,47.5164,63.6253,63.6253,0.0,0.0,0.0,4759.205,18.2921,16.6598,0.0,11.6448,1.0311,0.8975,21.7268,1.95,40662.0,1.2,0.0,0.5666,9.7436,5.801342397692495,5.987358838664247,5.764090730709856,42.36726,0.0
5259,2012-02-27,SZSE:002091,0.4659,7.3487,5.9253,7.5128,7.3436,5158.7993,7.4051,4.9135,26.05,19.1722,30.4326,1.151,47.5148,62.2529,62.2529,0.0,0.0,0.0,4734.0046,17.6426,16.2628,0.0,11.5832,1.0527,0.8927,20.4775,1.95,40662.0,1.2,0.0,0.5639,9.7436,5.970775651475772,6.057614794453442,5.9211878400261275,39.931124999999994,0.0
5260,2012-02-28,SZSE:002091,0.4659,7.1231,5.7434,7.3333,7.0308,5000.3987,7.2923,4.7626,25.2502,17.4718,29.4982,1.1156,47.8674,54.3217,54.3216,0.0,0.0,0.0,4575.6039,17.0522,15.7186,0.0,10.1999,1.0175,0.8365,13.2765,1.95,40662.0,1.2,3.2359,0.5139,9.7436,5.8798270163271615,5.912885572292963,5.668977933764794,25.889175,0.0
5261,2012-02-29,SZSE:002091,0.4659,6.9487,5.6028,7.1385,6.9333,4877.9993,7.1026,4.646,24.6321,17.0441,28.7761,1.0883,47.1496,49.1145,49.1145,0.0,0.0,0.0,4453.2046,16.5961,15.2982,0.0,9.927,0.9903,0.8141,11.7818,1.95,40662.0,1.2,3.1567,0.5013,9.7436,5.726890969533869,5.755837466000835,5.590382839955676,22.974510000000002,0.0
5262,2012-03-01,SZSE:002091,0.4659,6.9846,5.6317,7.0513,6.9077,4903.199,6.9128,4.67,24.7594,17.1322,28.9248,1.094,47.0088,50.1735,50.1735,0.0,0.0,0.0,4478.4043,16.69,15.3847,0.0,9.9832,0.9959,0.8187,9.2767,1.95,40662.0,1.2,3.173,0.5039,9.7436,5.573807485038514,5.685480372533861,5.569695342610887,18.089565,0.0
5263,2012-03-02,SZSE:002091,0.4501,7.0718,5.702,7.1026,6.9846,4964.3987,6.9897,4.7283,25.0684,17.346,29.2858,1.1076,46.8681,52.7455,52.7455,0.0,0.0,0.0,4539.6039,16.9181,15.595,0.0,10.1196,1.0095,0.8299,12.122,1.95,40662.0,1.2,3.2126,0.5102,9.7436,5.635802681071298,5.726834073361803,5.631690545547103,23.6379,0.0
5264,2012-03-05,SZSE:002091,0.4501,6.9795,5.6276,7.1333,6.9487,4899.5999,7.0821,4.6666,24.7412,17.1196,28.9036,1.0932,43.0671,49.8135,49.8135,0.0,0.0,0.0,4474.8051,16.6766,15.3724,0.0,9.9752,0.9951,0.8181,18.1315,1.95,40662.0,1.2,3.1707,0.5035,9.7436,5.710326808510639,5.751609582348307,5.602765831363278,35.356424999999994,0.0
5265,2012-03-06,SZSE:002091,0.4501,7.0462,5.6813,7.1026,6.9128,4946.3987,7.0205,4.7112,24.9775,17.2831,29.1796,1.1036,42.9279,51.8934,51.8934,0.0,0.0,0.0,4521.6039,16.851,15.5331,0.0,10.0795,1.0055,0.8266,17.7791,1.95,40662.0,1.2,3.2009,0.5083,9.7436,5.6605782762339985,5.7267749112997075,5.573740546677643,34.669245,0.0
5266,2012-03-07,SZSE:002091,0.4501,7.2051,5.8095,7.3077,6.9077,5057.9992,6.9282,4.8175,25.541,17.6731,29.838,1.1285,43.1746,56.5209,56.5209,0.0,0.0,0.0,4633.2044,17.2669,15.9165,0.0,10.3283,1.0303,0.847,20.9478,1.95,40662.0,1.2,3.2732,0.5198,9.7436,5.586234458924928,5.892226776866385,5.569705229629013,40.84821,0.0
5267,2012-03-08,SZSE:002091,0.4501,7.2513,5.8467,7.4103,7.1846,5090.3993,7.2667,4.8483,25.7047,17.7863,30.0291,1.1357,43.1461,57.7903,57.7903,0.0,0.0,0.0,4665.6045,17.3876,16.0278,0.0,10.4005,1.0375,0.8529,23.7663,1.95,40662.0,1.2,3.2941,0.5231,9.7436,5.8591169707500725,5.974901191510489,5.792920003309751,46.344285,0.0
5268,2012-03-09,SZSE:002091,0.4598,7.4154,5.9791,7.4256,7.2154,5205.5996,7.241,4.958,26.2864,18.1888,30.7087,1.1614,43.2268,62.0347,62.0348,0.0,0.0,0.0,4780.8048,17.817,16.4236,0.0,10.6573,1.0631,0.874,17.4438,1.95,40662.0,1.2,3.3687,0.535,9.7436,5.838479798797097,5.987324346629986,5.817838301372818,34.015409999999996,0.0
5269,2012-03-12,SZSE:002091,0.4598,7.4513,6.008,7.4923,7.2872,5230.7993,7.4154,4.982,26.4136,18.2768,30.8574,1.167,43.2299,62.9133,62.9133,0.0,0.0,0.0,4806.0045,17.9109,16.5101,0.0,10.7135,1.0687,0.8786,13.4445,1.95,40662.0,1.2,3.385,0.5376,9.7436,5.97905374901024,6.04105839249527,5.875685799793326,26.216775,0.0
5270,2012-03-13,SZSE:002091,0.4598,7.4,5.9667,7.4513,7.3128,5194.7993,7.4359,4.9478,26.2318,18.151,30.645,1.159,42.0646,60.7505,60.7505,0.0,0.0,0.0,4770.0045,17.7767,16.3865,0.0,10.6332,1.0607,0.872,12.058,1.95,40662.0,1.2,3.3617,0.5339,9.7436,5.995646558108108,6.008063744594595,5.896389697297298,23.513099999999998,0.0
5271,2012-03-14,SZSE:002091,0.4598,6.8974,5.5614,7.4872,6.7282,4841.9987,7.4205,4.6117,24.4503,16.9183,28.5638,1.0803,44.4411,44.5775,44.5775,0.0,0.0,0.0,4417.2039,16.4619,15.1745,0.0,9.8468,0.9823,0.8075,19.5107,1.95,40662.0,1.2,3.1334,0.4976,9.7436,5.983177530663728,6.03695799576652,5.424973392872676,38.045865,0.0
5272,2012-03-15,SZSE:002091,0.4598,6.6615,5.3712,6.9385,6.5949,4676.399,6.8974,4.454,23.6141,16.3397,27.5869,1.0434,43.0022,39.2902,39.2902,0.0,0.0,0.0,4251.6042,15.8448,14.6056,0.0,10.7093,0.9454,0.7222,14.2486,1.95,40662.0,1.2,3.5014,0.4806,9.7436,5.561407322675073,5.594546453501464,5.317500094573294,27.784769999999998,0.0
5273,2012-03-16,SZSE:002091,0.4539,6.8564,5.5284,6.8564,6.6,4813.1991,6.6615,4.5843,24.3049,16.8177,28.3939,1.0739,43.3185,45.0848,45.0848,0.0,0.0,0.0,4388.4044,16.3546,15.0755,0.0,11.0539,0.9759,0.7454,13.6469,1.95,40662.0,1.2,3.6038,0.4946,9.7436,5.371249722886646,5.5284,5.3216615133306115,26.611455,0.0
5274,2012-03-19,SZSE:002091,0.4539,7.0256,5.6648,7.0513,6.7949,4932.0,6.8205,4.6975,24.9048,17.2328,29.0947,1.1004,43.3944,49.5851,49.5852,0.0,0.0,0.0,4507.2052,16.7973,15.4837,0.0,11.3532,1.0023,0.7656,11.841,1.95,40662.0,1.2,3.6927,0.5069,9.7436,5.499426155773172,5.685522124800729,5.478784661808244,23.089949999999998,0.0
5275,2012-03-20,SZSE:002091,0.4539,6.8205,5.4994,7.0718,6.8103,4787.9987,7.0205,4.5603,24.1776,16.7297,28.2452,1.0683,43.7264,44.7934,44.7934,0.0,0.0,0.0,4363.204,16.2607,14.989,0.0,10.9904,0.9703,0.7412,11.4335,1.95,40662.0,1.2,3.5849,0.4921,9.7436,5.660660904625761,5.702024326662267,5.491175693864085,22.295325000000002,0.0
5276,2012-03-21,SZSE:002091,0.4539,7.1026,5.7268,7.1231,6.7949,4985.9999,6.8872,4.7489,25.1775,17.4215,29.4133,1.1124,44.3193,51.7043,51.7043,0.0,0.0,0.0,4561.2052,16.9986,15.6692,0.0,11.4892,1.0143,0.7748,17.4963,1.95,40662.0,1.2,3.7332,0.5124,9.7436,5.553123780024216,5.743329073860277,5.4787026328386785,34.117785000000005,0.0
5277,2012-03-22,SZSE:002091,0.4539,7.1744,5.7847,7.2718,7.0308,5036.3986,7.0564,4.7969,25.432,17.5976,29.7106,1.1237,44.0869,53.3066,53.3066,0.0,0.0,0.0,4611.6038,17.1864,15.8423,0.0,11.6161,1.0255,0.7834,17.9453,1.95,40662.0,1.2,3.7709,0.5176,9.7436,5.689556907894737,5.863233365856378,5.668915694692239,34.993335,0.0
5278,2012-03-23,SZSE:002091,0.4605,6.9487,5.6028,7.1897,6.8821,4877.9993,7.1026,4.5158,24.6321,17.0441,30.3046,1.0732,44.6371,47.925,47.925,0.0,0.0,0.0,4597.7321,17.6777,16.0363,0.0,11.5812,1.0193,0.781,8.9771,1.95,40662.0,1.2,3.6523,0.5013,9.7436,5.726890969533869,5.797120491602747,5.549099814353765,17.505345,0.0
5279,2012-03-26,SZSE:002091,0.4605,6.8718,5.5408,6.9436,6.7692,4823.9994,6.9128,4.4658,24.3594,24.8151,29.9691,1.0613,44.6355,46.2122,46.2122,0.0,0.0,0.0,4543.7322,17.4701,15.8479,0.0,17.4759,1.0073,1.2162,7.627,1.95,40662.0,1.2,3.9528,0.7299,7.1795,5.5738587036875336,5.598693046945487,5.458072609796559,14.872649999999998,0.0
5280,2012-03-27,SZSE:002091,0.4605,6.8974,5.5614,7.0615,6.8615,4841.9987,6.9231,4.4824,24.4503,24.9077,30.0809,1.0652,44.0157,46.8935,46.8935,0.0,0.0,0.0,4561.7314,17.5393,15.9107,0.0,17.5451,1.0113,1.221,7.8498,1.95,40662.0,1.2,3.9676,0.7326,7.1795,5.58212200829298,5.693714457621712,5.532453692695799,15.30711,0.0
5281,2012-03-28,SZSE:002091,0.4605,6.318,5.0942,6.8769,6.3026,4435.1995,6.8769,4.1058,22.3961,22.8151,27.5537,0.9757,47.7536,35.8431,35.8431,0.0,0.0,0.0,4154.9323,15.9752,14.4918,0.0,15.9805,0.9211,1.1121,14.9966,1.95,40662.0,1.2,3.6342,0.671,7.1795,5.5448407692307695,5.5448407692307695,5.081782988287433,29.243370000000002,0.0
5282,2012-03-29,SZSE:002091,0.4605,6.041,4.8709,6.3077,5.959,4240.7996,6.3026,3.9259,21.4145,21.8151,26.346,0.933,48.4477,31.9665,31.9665,0.0,0.0,0.0,3960.5323,15.2278,13.8138,0.0,15.2328,0.878,1.0601,9.6433,1.95,40662.0,1.2,3.4749,0.6416,7.1795,5.0818298857804995,5.085942050984936,4.804782833967885,18.804434999999998,0.0
5283,2012-03-30,SZSE:002091,0.4902,5.9436,4.7923,6.1077,5.8513,4172.3988,6.041,3.8626,21.0691,21.4632,25.921,0.9179,48.1868,30.708,30.708,0.0,0.0,0.0,3892.1316,14.9648,13.5752,0.0,14.9697,0.8629,1.0418,7.2099,1.95,40662.0,1.2,3.4189,0.6313,7.1795,4.870833215559594,4.92461314859681,4.717878893263342,14.059305,0.0
5284,2012-04-02,SZSE:002091,0.4902,0.0,4.7923,0.0,0.0,4172.3988,0.0,3.8626,21.0691,21.4632,25.921,0.9179,48.1868,30.708,30.708,0.0,0.0,0.0,3892.1316,14.9648,13.5752,0.0,14.9697,0.8629,1.0418,0.0,1.95,40662.0,1.2,3.4189,0.6313,7.1795,0.0,0.0,0.0,0.0,0.0
5285,2012-04-03,SZSE:002091,0.4902,0.0,4.7923,0.0,0.0,4172.3988,0.0,3.8626,21.0691,21.4632,25.921,0.9179,48.1868,30.708,30.708,0.0,0.0,0.0,3892.1316,14.9648,13.5752,0.0,14.9697,0.8629,1.0418,0.0,1.95,40662.0,1.2,3.4189,0.6313,7.1795,0.0,0.0,0.0,0.0,0.0
5286,2012-04-04,SZSE:002091,0.4902,0.0,4.7923,0.0,0.0,4172.3988,0.0,3.8626,21.0691,21.4632,25.921,0.9179,48.1868,30.708,30.708,0.0,0.0,0.0,3892.1316,14.9648,13.5752,0.0,14.9697,0.8629,1.0418,0.0,1.95,40662.0,1.2,3.4189,0.6313,7.1795,0.0,0.0,0.0,0.0,0.0
5287,2012-04-05,SZSE:002091,0.4902,6.1539,4.9619,6.1795,5.9436,4319.9999,6.0,3.9992,21.8144,22.2225,26.838,0.9504,47.7409,36.5161,36.5161,0.0,0.0,0.0,4039.7327,15.5323,14.09,0.0,15.5374,0.8956,1.0813,5.8701,1.95,40662.0,1.2,3.5398,0.6536,7.1795,4.83781016916102,4.98254132338842,4.7923347535709055,11.446695,0.0
5288,2012-04-06,SZSE:002091,0.4813,6.2103,5.0074,6.2564,6.1026,4359.5997,6.159,4.0359,22.0144,22.4262,27.084,0.9591,47.7188,38.0172,38.0172,0.0,0.0,0.0,4079.3325,15.6845,14.2281,0.0,15.6897,0.9044,1.0919,6.6351,1.95,40662.0,1.2,3.5723,0.6596,7.1795,4.96603651997488,5.044570690626862,4.920560881116853,12.938445,0.0
5289,2012-04-09,SZSE:002091,0.4813,6.0667,4.8916,6.1539,6.0564,4258.7995,6.1539,3.9425,21.5054,21.9077,26.4578,0.9369,45.2285,35.703,35.703,0.0,0.0,0.0,3978.5323,15.297,13.8766,0.0,15.3021,0.882,1.0649,4.4398,1.95,40662.0,1.2,3.4897,0.6443,7.1795,4.961909644452503,4.961909644452503,4.883295076400679,8.65761,0.0
5290,2012-04-10,SZSE:002091,0.4813,6.118,4.9329,6.118,5.8564,4294.7995,6.0462,3.9759,21.6872,22.0928,26.6814,0.9449,43.7106,37.1739,37.1739,0.0,0.0,0.0,4014.5323,15.4354,14.0021,0.0,15.4405,0.89,1.0746,6.9984,1.95,40662.0,1.2,3.5192,0.6498,7.1795,4.875008169336384,4.9329,4.721973775743707,13.64688,0.0
5291,2012-04-11,SZSE:002091,0.4813,6.241,5.0322,6.2667,5.959,4381.1996,6.0,4.0559,22.1235,22.5373,27.2182,0.9639,43.7691,40.6813,40.6813,0.0,0.0,0.0,4100.9323,15.7676,14.3035,0.0,15.7728,0.9092,1.0977,8.209,1.95,40662.0,1.2,3.59,0.6629,7.1795,4.837878545104951,5.052922246434866,4.804819708380067,16.00755,0.0
5292,2012-04-12,SZSE:002091,0.4813,6.359,5.1273,6.3846,6.2051,4463.9991,6.2051,4.1325,22.5416,22.9632,27.7326,0.9821,43.9604,43.9129,43.9129,0.0,0.0,0.0,4183.7318,16.0859,14.5923,0.0,16.0913,0.9275,1.1198,7.9648,1.95,40662.0,1.2,3.6578,0.6754,7.1795,5.003209503066519,5.147941434187765,5.003209503066519,15.531360000000001,0.0
5293,2012-04-13,SZSE:002091,0.4588,0.0,5.1273,0.0,0.0,4463.9991,0.0,4.1325,22.5416,22.9632,27.7326,0.9821,43.9604,43.9129,43.9129,0.0,0.0,0.0,4183.7318,16.0859,14.5923,0.0,16.0913,0.9275,1.1198,0.0,1.95,40662.0,1.2,3.6578,0.6754,7.1795,0.0,0.0,0.0,0.0,0.0
5294,2012-04-16,SZSE:002091,0.4588,6.3846,5.1479,6.441,6.2667,4481.9997,6.3385,4.1492,22.6325,23.0558,27.8444,0.986,42.9295,44.6192,44.6192,0.0,0.0,0.0,4201.7325,16.1551,14.6551,0.0,16.1605,0.9315,1.1247,9.0044,1.95,40662.0,1.2,3.6726,0.6781,7.1795,5.110729591517088,5.193375293675406,5.052837285029603,17.55858,0.0
5295,2012-04-17,SZSE:002091,0.4588,6.3795,5.1438,6.5385,6.3795,4478.3992,6.3846,4.1458,22.6143,23.0373,27.8221,0.9853,40.0898,44.4985,44.4985,0.0,0.0,0.0,4198.1319,16.1413,14.6425,0.0,16.1467,0.9307,1.1237,7.7798,1.95,40662.0,1.2,3.6696,0.6776,7.1795,5.147912137314836,5.272001928050788,5.1438,15.17061,0.0
5296,2012-04-18,SZSE:002091,0.4588,6.6308,5.3464,6.6462,6.4205,4654.7991,6.5641,4.3091,23.505,23.9447,28.9179,1.0241,40.6147,51.4315,51.4314,0.0,0.0,0.0,4374.5319,16.8195,15.2578,0.0,16.8251,0.9698,1.1709,9.1268,1.95,40662.0,1.2,3.8142,0.7043,7.1795,5.292619931230018,5.35881698739217,5.176835555287446,17.797259999999998,0.0
5297,2012-04-19,SZSE:002091,0.4588,6.6205,5.3382,6.8564,6.6154,4647.5987,6.7231,4.3025,23.4687,23.9077,28.8732,1.0225,40.2479,51.1506,51.1506,0.0,0.0,0.0,4367.3315,16.7918,15.2326,0.0,16.7974,0.9682,1.169,14.5143,1.95,40662.0,1.2,3.8083,0.7032,7.1795,5.420927787931424,5.5284094071444745,5.334087800015104,28.302885,0.0
5298,2012-04-20,SZSE:002091,0.4568,6.4872,5.2306,6.5897,6.4103,4553.9997,6.518,4.2158,22.996,23.4262,28.2917,1.0019,40.4629,47.5178,47.5179,0.0,0.0,0.0,4273.7324,16.432,14.9062,0.0,16.4374,0.9475,1.1439,12.7801,1.95,40662.0,1.2,3.7316,0.689,7.1795,5.255433900604268,5.3132452861018615,5.16859587803675,24.921194999999997,0.0
5299,2012-04-23,SZSE:002091,0.4568,6.041,4.9294,6.4256,5.8769,4240.7996,6.4256,3.8134,22.6179,19.6712,27.9056,0.9332,42.7477,37.8348,39.1305,0.0,0.0,0.0,3927.2491,16.1272,14.4863,0.0,0.0,0.8741,1.0171,16.7595,1.95,40662.0,1.2,0.0,0.5786,7.1795,5.2432300347624565,5.2432300347624565,4.795495921205099,32.681025,0.077
5300,2012-04-24,SZSE:002091,0.4568,6.1385,5.0089,6.1897,5.8923,4309.1996,5.9487,3.8749,22.9827,19.9885,28.3557,0.9483,42.5311,40.6779,42.0379,0.0,0.0,0.0,3995.6492,16.408,14.7386,0.0,0.0,0.8894,1.0348,10.5474,1.95,40662.0,1.2,0.0,0.5879,7.1795,4.854026786674269,5.050678232467216,4.808005452472102,20.567429999999998,0.0
5301,2012-04-25,SZSE:002091,0.4568,6.0872,4.967,6.1385,6.0513,4273.199,6.0769,3.8425,22.7907,19.8215,28.1188,0.9404,42.1879,39.6501,40.9298,0.0,0.0,0.0,3959.6485,16.2602,14.6058,0.0,0.0,0.8813,1.0255,6.5157,1.95,40662.0,1.2,0.0,0.583,7.1795,4.958595462610067,5.008859492048889,4.937706515310816,12.705615,0.0
5302,2012-04-26,SZSE:002091,0.4568,6.0154,4.9084,6.1487,6.0,4222.7996,6.0923,3.7972,22.5219,19.5877,27.7871,0.9293,41.8812,38.1951,39.3653,0.0,0.0,0.0,3909.2491,16.0532,14.4199,0.0,0.0,0.8701,1.0124,5.9398,1.95,40662.0,1.2,0.0,0.5761,7.1795,4.971148272766566,5.017169112610966,4.895834025999934,11.582609999999999,0.0
5303,2012-04-27,SZSE:002091,0.457,6.0205,4.9126,6.1026,5.9487,4226.3987,6.0154,3.8005,22.5411,19.6044,27.8108,0.9301,41.5334,38.369,39.5431,0.0,0.0,0.0,3912.8483,16.068,14.4332,0.0,0.0,0.8709,1.0134,6.3511,1.95,40662.0,1.2,0.0,0.5766,7.1795,4.9084385084295326,4.9795918544971345,4.854012726517731,12.384644999999999,0.0
5304,2012-04-30,SZSE:002091,0.457,0.0,4.9126,0.0,0.0,4226.3987,0.0,3.8005,22.5411,19.6044,27.8108,0.9301,41.5334,38.369,39.5431,0.0,0.0,0.0,3912.8483,16.068,14.4332,0.0,0.0,0.8709,1.0134,0.0,1.95,40662.0,1.2,0.0,0.5766,7.1795,0.0,0.0,0.0,0.0,0.0
5305,2012-05-01,SZSE:002091,0.457,0.0,4.9126,0.0,0.0,4226.3987,0.0,3.8005,22.5411,19.6044,27.8108,0.9301,41.5334,38.369,39.5431,0.0,0.0,0.0,3912.8483,16.068,14.4332,0.0,0.0,0.8709,1.0134,0.0,1.95,40662.0,1.2,0.0,0.5766,7.1795,0.0,0.0,0.0,0.0,0.0
5306,2012-05-02,SZSE:002091,0.457,6.0923,4.9712,6.2,6.0308,4276.7995,6.1026,3.8458,22.8099,19.8382,28.1425,0.9412,42.3461,40.8782,42.1022,0.0,0.0,0.0,3963.2491,16.275,14.6191,0.0,0.0,0.8821,1.0264,10.1708,1.95,40662.0,1.2,0.0,0.5835,7.1795,4.979604602531063,5.059081135203454,4.921017179062095,19.83306,0.0
5307,2012-05-03,SZSE:002091,0.457,6.1385,5.0089,6.2154,6.041,4309.1996,6.0974,3.8749,22.9827,19.9885,28.3557,0.9483,42.2433,42.4989,43.7506,0.0,0.0,0.0,3995.6492,16.408,14.7386,0.0,0.0,0.8894,1.0348,6.9398,1.95,40662.0,1.2,0.0,0.5879,7.1795,4.975363176671826,5.07164894681111,4.929341842469659,13.53261,0.0
5308,2012-05-04,SZSE:002091,0.4782,6.2615,5.1093,6.3487,6.1026,4395.5997,6.1385,3.9526,23.4435,20.3893,28.9242,0.9673,42.1136,46.6953,48.0021,0.0,0.0,0.0,4082.0493,16.7628,15.0573,0.0,0.0,0.9086,1.0572,9.3962,1.95,40662.0,1.2,0.0,0.5997,7.1795,5.008933650083845,5.18045403018446,4.979639731693684,18.32259,0.0
5309,2012-05-07,SZSE:002091,0.4782,6.2923,5.1344,6.3282,6.1692,4417.1995,6.2051,3.972,23.5587,20.4894,29.0663,0.9721,42.0504,47.7224,49.0391,0.0,0.0,0.0,4103.6491,16.8515,15.137,0.0,0.0,0.9134,1.0628,7.5816,1.95,40662.0,1.2,0.0,0.6026,7.1795,5.063246418638654,5.163693733610922,5.0339526850277325,14.78412,0.0
5310,2012-05-08,SZSE:002091,0.4782,6.2872,5.1302,6.3539,6.1795,4413.5997,6.2923,3.9688,23.5395,20.4727,29.0426,0.9713,41.4179,47.5579,48.8642,0.0,0.0,0.0,4100.0492,16.8368,15.1237,0.0,0.0,0.9126,1.0619,6.4997,1.95,40662.0,1.2,0.0,0.6021,7.1795,5.134361474106121,5.184625553505535,5.042319458582517,12.674415,0.0
5311,2012-05-09,SZSE:002091,0.4782,6.0718,4.9545,6.2103,6.0667,4262.3987,6.2103,3.8328,22.7331,19.7714,28.0477,0.938,41.9871,41.1437,42.0761,0.0,0.0,0.0,3948.8483,16.2159,14.566,0.0,0.0,0.8789,1.0227,7.1301,1.95,40662.0,1.2,0.0,0.5815,7.1795,5.067513974439212,5.067513974439212,4.950338474587437,13.903694999999999,0.0
5312,2012-05-10,SZSE:002091,0.4782,6.1539,5.0214,6.2,6.0513,4319.9999,6.0821,3.8846,23.0403,20.0386,28.4267,0.9507,42.0583,44.2296,45.1993,0.0,0.0,0.0,4006.4495,16.4524,14.7785,0.0,0.0,0.8918,1.0376,6.6062,1.95,40662.0,1.2,0.0,0.5894,7.1795,4.962813328133378,5.059016233607957,4.937681441037391,12.88209,0.0
5313,2012-05-11,SZSE:002091,0.4776,6.0256,4.9168,6.1795,6.0,4230.0,6.0974,3.8037,22.5603,19.6211,27.8345,0.9309,41.8765,40.6438,41.4396,0.0,0.0,0.0,3916.4496,16.0828,14.4465,0.0,0.0,0.8717,1.0143,5.4904,1.95,40662.0,1.2,0.0,0.5771,7.1795,4.975387732342008,5.042380111524164,4.895910780669145,10.70628,0.0
5314,2012-05-14,SZSE:002091,0.4776,5.959,4.8624,6.1128,5.9539,4183.1983,6.1026,3.7616,22.3106,19.404,27.5265,0.9206,41.3468,38.8787,39.5951,0.0,0.0,0.0,3869.6479,15.8906,14.2739,0.0,0.0,0.8613,1.0022,4.3053,1.95,40662.0,1.2,0.0,0.5707,7.1795,4.979574129887565,4.987897083403256,4.8582385232421545,8.395335,0.0
5315,2012-05-15,SZSE:002091,0.4776,5.8462,4.7703,5.9077,5.7692,4103.9994,5.9077,3.6904,21.8882,19.0366,27.0054,0.9031,41.4559,36.0272,36.6243,0.0,0.0,0.0,3790.449,15.5654,13.9817,0.0,0.0,0.8437,0.9817,6.0993,1.95,40662.0,1.2,0.0,0.5599,7.1795,4.820481904484965,4.820481904484965,4.707470623652971,11.893635,0.0
5316,2012-05-16,SZSE:002091,0.4776,5.7641,4.7034,5.8718,5.7641,4046.3989,5.8462,3.6386,21.581,18.7695,26.6264,0.8905,41.4875,34.0701,34.5915,0.0,0.0,0.0,3732.8485,15.3289,13.7692,0.0,0.0,0.8309,0.9668,3.889,1.95,40662.0,1.2,0.0,0.552,7.1795,4.770392095903958,4.791281226904461,4.7034,7.58355,0.0
5317,2012-05-17,SZSE:002091,0.4776,5.9333,4.8415,5.9487,5.7641,4165.1991,5.7949,3.7454,22.2147,19.3205,27.4081,0.9166,41.9729,41.1687,41.7701,0.0,0.0,0.0,3851.6486,15.8167,14.2075,0.0,0.0,0.8573,0.9975,4.7197,1.95,40662.0,1.2,0.0,0.5683,7.1795,4.728567298130888,4.854066211046129,4.70343487603863,9.203415,0.0
5318,2012-05-18,SZSE:002091,0.4538,5.9641,4.8666,6.1436,5.8872,4186.7996,5.9231,3.7649,22.3299,19.4207,27.5502,0.9214,41.6456,42.3834,42.9952,0.0,0.0,0.0,3873.2492,15.9054,14.2871,0.0,0.0,0.8621,1.0031,7.9866,1.95,40662.0,1.2,0.0,0.5712,7.1795,4.833144725943562,5.013068821783673,4.803850961586828,15.57387,0.0
5319,2012-05-21,SZSE:002091,0.4538,5.8615,4.7829,6.0308,5.8462,4114.799,5.9692,3.7001,21.9458,19.0867,27.0765,0.9055,41.8939,39.4588,39.9762,0.0,0.0,0.0,3801.2485,15.6097,14.0216,0.0,0.0,0.8461,0.9845,5.6674,1.95,40662.0,1.2,0.0,0.5614,7.1795,4.870781656572549,4.921046373795104,4.77041541926128,11.05143,0.0
5320,2012-05-22,SZSE:002091,0.4538,5.9539,4.8582,5.9539,5.8564,4179.5999,5.8564,3.7584,22.2915,19.3873,27.5029,0.9198,41.7753,43.254,43.8009,0.0,0.0,0.0,3866.0495,15.8758,14.2606,0.0,0.0,0.8605,1.0012,3.7501,1.95,40662.0,1.2,0.0,0.5702,7.1795,4.77864298694973,4.8582,4.77864298694973,7.312695000000001,0.0
5321,2012-05-23,SZSE:002091,0.4538,5.8872,4.8038,5.9846,5.8462,4132.799,5.9846,3.7163,22.0418,19.1702,27.1949,0.9095,41.7895,41.2431,41.7327,0.0,0.0,0.0,3819.2485,15.6837,14.0879,0.0,0.0,0.8501,0.9891,2.9393,1.95,40662.0,1.2,0.0,0.5638,7.1795,4.883275832314173,4.883275832314173,4.770345080853376,5.731635,0.0
5322,2012-05-24,SZSE:002091,0.4538,5.9077,4.8206,5.9949,5.8564,4147.1991,5.8872,3.7292,22.1186,19.237,27.2897,0.9127,41.0732,42.1345,42.6303,0.0,0.0,0.0,3833.6487,15.7428,14.1411,0.0,0.0,0.8533,0.9929,3.7211,1.95,40662.0,1.2,0.0,0.5658,7.1795,4.803872288707957,4.891753971934932,4.778739922474059,7.256144999999999,0.0
5323,2012-05-25,SZSE:002091,0.4624,5.7897,4.7243,5.9692,5.7692,4064.3989,5.9128,3.6548,21.677,18.853,26.7448,0.8944,40.855,38.5161,38.9177,0.0,0.0,0.0,3750.8485,15.4028,13.8356,0.0,0.0,0.8349,0.9714,3.9151,1.95,40662.0,1.2,0.0,0.5545,7.1795,4.82474757586749,4.87076904848265,4.707572337081369,7.6344449999999995,0.0
5324,2012-05-28,SZSE:002091,0.4624,5.8513,4.7745,5.8615,5.6923,4107.5993,5.7846,3.6936,21.9074,19.0533,27.0291,0.9039,40.9199,41.3463,41.7672,0.0,0.0,0.0,3794.0488,15.5802,13.995,0.0,13.9873,0.8445,0.9826,4.0667,1.95,40662.0,1.2,0.0,0.5604,7.1795,4.720074632987541,4.78282291969306,4.64476036949054,7.930065,0.0
5325,2012-05-29,SZSE:002091,0.4624,5.9385,4.8457,5.9795,5.7641,4168.7996,5.841,3.7487,22.2339,19.3372,27.4318,0.9174,40.8377,45.1951,45.6364,0.0,0.0,0.0,3855.2492,15.8315,14.2207,0.0,14.2129,0.8581,0.9985,4.4929,1.95,40662.0,1.2,0.0,0.5687,7.1795,4.766141904521343,4.879155199124358,4.7033930066515115,8.761154999999999,0.0
5326,2012-05-30,SZSE:002091,0.4624,6.0615,4.9461,6.118,5.9231,4255.199,5.9436,3.8264,22.6947,19.738,28.0003,0.9364,40.7649,50.1666,50.6241,0.0,0.0,0.0,3941.6485,16.1863,14.5394,0.0,14.5314,0.8773,1.0208,8.9392,1.95,40662.0,1.2,0.0,0.5805,7.1795,4.849895233853007,4.99220321702549,4.833167517941104,17.43144,0.0
5327,2012-05-31,SZSE:002091,0.4624,6.1641,5.0298,6.2308,6.0154,4327.1996,6.0359,3.8911,23.0787,20.072,28.4741,0.9523,40.6052,53.9181,54.3803,0.0,0.0,0.0,4013.6492,16.482,14.805,0.0,14.7969,0.8934,1.0395,10.5486,1.95,40662.0,1.2,0.0,0.5904,7.1795,4.925190996252494,5.084226057331971,4.908463347447316,20.569770000000002,0.0
5328,2012-06-01,SZSE:002091,0.4536,6.0821,4.9628,6.2154,6.0718,4269.5991,6.2051,3.8393,22.7715,19.8048,28.0951,0.9396,40.6432,50.6341,51.0354,0.0,0.0,0.0,3956.0487,16.2454,14.5926,0.0,14.5845,0.8805,1.0246,6.5998,1.95,40662.0,1.2,0.0,0.5825,7.1795,5.0631640847733514,5.071568556912908,4.954395527860442,12.86961,0.0
5329,2012-06-04,SZSE:002091,0.4536,5.918,4.8289,6.1282,5.9077,4154.3988,5.9487,3.7357,22.157,19.2704,27.337,0.9142,40.844,44.762,45.0651,0.0,0.0,0.0,3840.8484,15.7724,14.1676,0.0,14.1598,0.8549,0.9947,6.5721,1.95,40662.0,1.2,0.0,0.5668,7.1795,4.853950224738086,5.000416522473809,4.820495527205137,12.815595,0.0
5330,2012-06-05,SZSE:002091,0.4536,5.8923,4.808,5.9692,5.8564,4136.3988,5.9282,3.7195,22.061,19.1869,27.2186,0.9103,40.7902,43.9052,44.1951,0.0,0.0,0.0,3822.8484,15.6984,14.1012,0.0,14.0935,0.8509,0.9901,2.8299,1.95,40662.0,1.2,0.0,0.5643,7.1795,4.837293688372962,4.870748875651273,4.7787063116270385,5.518305,0.0
5331,2012-06-06,SZSE:002091,0.4536,5.9231,4.8331,6.0205,5.8667,4157.9994,5.9385,3.739,22.1763,19.2871,27.3607,0.915,40.7444,45.2593,45.5535,0.0,0.0,0.0,3844.4489,15.7871,14.1809,0.0,14.1731,0.8557,0.9957,3.5412,1.95,40662.0,1.2,0.0,0.5673,7.1795,4.845666011041516,4.912575939963871,4.787079024497307,6.90534,0.0
5332,2012-06-07,SZSE:002091,0.4536,5.8615,4.7829,6.0103,5.8615,4114.799,6.0051,3.7001,21.9458,19.0867,27.0765,0.9055,40.4329,43.0225,43.2842,0.0,0.0,0.0,3801.2485,15.6097,14.0216,0.0,14.0138,0.8461,0.9845,3.3208,1.95,40662.0,1.2,0.0,0.5614,7.1795,4.900075542096732,4.9043186675765575,4.7829,6.475560000000001,0.0
5333,2012-06-08,SZSE:002091,0.4482,5.9128,4.8247,6.0513,5.8872,4150.7996,5.9385,3.7325,22.1379,19.2537,27.3133,0.9134,40.4598,45.4423,45.7113,0.0,0.0,0.0,3837.2492,15.7576,14.1543,0.0,14.1465,0.8541,0.9938,4.7989,1.95,40662.0,1.2,0.0,0.5663,7.1795,4.845670570626438,4.937712608239751,4.803811026924638,9.357854999999999,0.0
5334,2012-06-11,SZSE:002091,0.4482,6.0974,4.9754,6.1128,5.8974,4280.3987,5.9436,3.849,22.8291,19.8549,28.1661,0.942,40.7206,53.1552,53.4362,0.0,0.0,0.0,3966.8482,16.2898,14.6324,0.0,14.6243,0.8829,1.0274,5.3708,1.95,40662.0,1.2,0.0,0.584,7.1795,4.849901177551087,4.9879662019877316,4.812202571587889,10.47306,0.0
5335,2012-06-12,SZSE:002091,0.4482,6.0462,4.9335,6.1026,6.0205,4244.3987,6.0462,3.8166,22.6371,19.6879,27.9293,0.934,40.7001,50.9984,51.2544,0.0,0.0,0.0,3930.8483,16.1419,14.4996,0.0,14.4916,0.8749,1.018,3.078,1.95,40662.0,1.2,0.0,0.5791,7.1795,4.9335,4.979520541827925,4.912529646720254,6.0020999999999995,0.0
5336,2012-06-13,SZSE:002091,0.4482,6.2154,5.0716,6.241,6.0154,4363.1996,6.0769,3.9235,23.2707,20.239,28.711,0.9602,41.1839,57.1739,57.4312,0.0,0.0,0.0,4049.6491,16.6298,14.9378,0.0,14.9296,0.9014,1.0488,10.3828,1.95,40662.0,1.2,0.0,0.5953,7.1795,4.958587707951218,5.092488914631399,4.908405354442192,20.24646,0.0
5337,2012-06-14,SZSE:002091,0.4482,6.1487,5.0172,6.2564,6.1333,4316.3986,6.1641,3.8814,23.0211,20.0219,28.403,0.9499,38.7758,54.2722,54.5013,0.0,0.0,0.0,4002.8482,16.4376,14.7652,0.0,14.757,0.891,1.0367,8.7331,1.95,40662.0,1.2,0.0,0.5889,7.1795,5.0297660513604505,5.105080761787044,5.00463394863955,17.029545,0.0
5338,2012-06-15,SZSE:002091,0.4599,6.159,5.0256,6.2,6.0872,4323.5991,6.159,3.8879,23.0595,20.0553,28.4504,0.9515,38.175,54.6535,54.8827,0.0,0.0,0.0,4010.0486,16.4672,14.7917,0.0,14.7836,0.8926,1.0385,4.2799,1.95,40662.0,1.2,0.0,0.5899,7.1795,5.0256,5.059055041402825,4.967012878714077,8.345804999999999,0.0
5339,2012-06-18,SZSE:002091,0.4599,6.1436,5.013,6.2051,6.118,4312.7995,6.1846,3.8782,23.0019,20.0052,28.3794,0.9491,37.6596,53.9271,54.1496,0.0,0.0,0.0,3999.2491,16.4228,14.7519,0.0,14.7438,0.8902,1.0357,5.2155,1.95,40662.0,1.2,0.0,0.5884,7.1795,5.0464548147665855,5.063182222149879,4.992111140048181,10.170224999999999,0.0
5340,2012-06-19,SZSE:002091,0.4599,6.1282,5.0005,6.2154,6.0769,4301.9992,6.1282,3.8684,22.9443,19.9551,28.3083,0.9467,37.2643,53.1661,53.3816,0.0,0.0,0.0,3988.4488,16.3785,14.7121,0.0,14.704,0.8878,1.0329,3.7677,1.95,40662.0,1.2,0.0,0.5869,7.1795,5.0005,5.071653617701772,4.9586401308704025,7.347015,0.0
5341,2012-06-20,SZSE:002091,0.4599,6.2872,5.1302,6.3333,6.1333,4413.5997,6.1333,3.9688,23.5395,20.4727,29.0426,0.9713,37.2516,59.5224,59.7359,0.0,0.0,0.0,4100.0492,16.8368,15.1237,0.0,15.1154,0.9126,1.0619,18.5712,1.95,40662.0,1.2,0.0,0.6021,7.1795,5.004621399032956,5.167816462018068,5.004621399032956,36.213840000000005,0.0
5342,2012-06-21,SZSE:002091,0.4599,6.4,5.2223,6.4154,6.1692,4492.7993,6.2718,4.04,23.9619,20.8401,29.5638,0.9887,36.45,63.3264,63.5346,0.0,0.0,0.0,4179.2489,17.162,15.4159,0.0,15.4074,0.9302,1.0824,27.7108,1.95,40662.0,1.2,0.0,0.6129,7.1795,5.117690803124999,5.234866159375,5.03397080625,54.03606,0.0
5343,2012-06-22,SZSE:002091,0.4448,0.0,5.2223,0.0,0.0,4492.7993,0.0,4.04,23.9619,20.8401,29.5638,0.9887,36.45,63.3264,63.5346,0.0,0.0,0.0,4179.2489,17.162,15.4159,0.0,15.4074,0.9302,1.0824,0.0,1.95,40662.0,1.2,0.0,0.6129,7.1795,0.0,0.0,0.0,0.0,0.0
5344,2012-06-25,SZSE:002091,0.4448,6.3692,5.1972,6.4615,6.241,4471.1995,6.3949,4.0206,23.8467,20.7399,29.4217,0.984,36.1433,61.6254,61.8216,0.0,0.0,0.0,4157.649,17.0733,15.3362,0.0,15.3277,0.9254,1.0768,23.4933,1.95,40662.0,1.2,0.0,0.61,7.1795,5.218170928845066,5.272515826163411,5.092590152609432,45.811935,0.0
5345,2012-06-26,SZSE:002091,0.4448,6.4103,5.2306,6.4564,6.2051,4499.9997,6.3539,4.0465,24.0003,20.8735,29.6112,0.9903,36.1211,63.0506,63.2446,0.0,0.0,0.0,4186.4493,17.1916,15.4424,0.0,15.4339,0.9318,1.0842,22.6489,1.95,40662.0,1.2,0.0,0.6139,7.1795,5.184579401900066,5.268216127170335,5.06316335584918,44.165355,0.0
5346,2012-06-27,SZSE:002091,0.4448,5.9897,4.8875,6.5077,5.9333,4204.7996,6.4256,3.781,22.4259,19.5042,27.6687,0.9253,38.6209,44.7189,44.8088,0.0,0.0,0.0,3891.2492,15.9793,14.3535,0.0,14.3456,0.8661,1.0078,28.8258,1.95,40662.0,1.2,0.0,0.5737,7.1795,5.243187471826636,5.310179766933236,4.841478496418852,56.21031,0.0
5347,2012-06-28,SZSE:002091,0.4448,5.3897,4.3979,5.8974,5.3897,3783.5989,5.8308,3.4023,20.1794,17.5505,24.8971,0.8326,40.4471,30.9098,30.9472,0.0,0.0,0.0,3470.0485,14.2497,12.7999,0.0,12.7928,0.7724,0.8987,21.4076,1.95,40662.0,1.2,0.0,0.5162,7.1795,4.757829808709205,4.8121742323320404,4.3979,41.74482,0.0
5348,2012-06-29,SZSE:002091,0.3611,5.3282,4.3477,5.3539,5.159,3740.3992,5.2256,3.3634,19.949,17.3501,24.6128,0.8231,39.5221,29.8903,29.9247,0.0,0.0,0.0,3426.8488,14.0723,12.6405,0.0,12.6335,0.7628,0.8875,8.7536,1.95,40662.0,1.2,0.0,0.5103,7.1795,4.263980541270973,4.368670663638753,4.209636331218798,17.06952,0.0
5349,2012-07-02,SZSE:002091,0.3611,5.3282,4.3477,5.4564,5.2718,3740.3992,5.3539,3.3634,19.949,17.3501,24.6128,0.8231,39.413,29.8903,29.9247,0.0,0.0,0.0,3426.8488,14.0723,12.6405,0.0,12.6335,0.7628,0.8875,7.816,1.95,40662.0,1.2,0.0,0.5103,7.1795,4.368670663638753,4.4523085244547875,4.301678777072932,15.2412,0.0
5350,2012-07-03,SZSE:002091,0.3611,5.2359,4.2724,5.3795,5.1949,3675.599,5.3692,3.3052,19.6034,17.0495,24.1864,0.8089,39.2075,28.2683,28.2981,0.0,0.0,0.0,3362.0486,13.8062,12.4015,0.0,12.3947,0.7483,0.8707,8.5917,1.95,40662.0,1.2,0.0,0.5015,7.1795,4.381170396684429,4.389575010981875,4.23894473920434,16.753815,0.0
5351,2012-07-04,SZSE:002091,0.3611,5.1282,4.1845,5.2513,5.1026,3599.9992,5.2205,3.2372,19.2002,16.6988,23.6889,0.7922,39.0636,26.464,26.4892,0.0,0.0,0.0,3286.4488,13.4957,12.1226,0.0,12.1159,0.7315,0.8511,8.9081,1.95,40662.0,1.2,0.0,0.4911,7.1795,4.259814798564799,4.28494693069693,4.163610955110955,17.370794999999998,0.0
5352,2012-07-05,SZSE:002091,0.3611,4.9487,4.0381,5.1282,4.8872,3473.9993,5.1282,3.1239,18.5282,16.1144,22.8598,0.7645,38.8691,23.7439,23.7627,0.0,0.0,0.0,3160.4489,12.9783,11.6579,0.0,11.6514,0.7035,0.8185,8.1768,1.95,40662.0,1.2,0.0,0.474,7.1795,4.1845705781316305,4.1845705781316305,3.987916487158244,15.94476,0.0
5353,2012-07-06,SZSE:002091,0.3507,5.0256,4.1008,5.0462,4.8513,3528.0,4.9897,3.1724,18.8162,16.3648,23.2152,0.7764,38.9767,27.1976,27.2202,0.0,0.0,0.0,3214.4496,13.2001,11.857,0.0,11.8505,0.7155,0.8325,7.6097,1.95,40662.0,1.2,0.0,0.4813,7.1795,4.0715062400509385,4.11760923272843,3.9585743075453674,14.838915,0.0
5354,2012-07-09,SZSE:002091,0.3507,4.718,3.8498,4.9795,4.718,3311.9995,4.9795,2.9782,17.6642,15.3629,21.7938,0.7289,40.621,22.7576,22.7716,0.0,0.0,0.0,2998.4491,12.3131,11.0603,0.0,11.0542,0.6674,0.7766,5.3528,1.95,40662.0,1.2,0.0,0.4519,7.1795,4.063179122509538,4.063179122509538,3.8498,10.43796,0.0
5355,2012-07-10,SZSE:002091,0.3507,4.718,3.8498,4.8513,4.6564,3311.9995,4.718,2.9782,17.6642,15.3629,21.7938,0.7289,40.5483,22.7576,22.7716,0.0,0.0,0.0,2998.4491,12.3131,11.0603,0.0,11.0542,0.6674,0.7766,5.9561,1.95,40662.0,1.2,0.0,0.4519,7.1795,3.8498,3.9585703136922423,3.7995355489614244,11.614395,0.0
5356,2012-07-11,SZSE:002091,0.3507,4.7692,3.8916,4.7846,4.6974,3347.9995,4.7385,3.0106,17.8562,15.5299,22.0307,0.7368,40.3633,25.1205,25.1365,0.0,0.0,0.0,3034.449,12.4609,11.1931,0.0,11.1869,0.6754,0.7859,5.6974,1.95,40662.0,1.2,0.0,0.4568,7.1795,3.8665492325756943,3.904166183007632,3.8330122116916887,11.10993,0.0
5357,2012-07-12,SZSE:002091,0.3507,4.8359,3.946,4.8513,4.6718,3394.799,4.7692,3.0527,18.1058,15.747,22.3387,0.7471,40.2605,28.1955,28.214,0.0,0.0,0.0,3081.2486,12.6531,11.3657,0.0,11.3594,0.6858,0.798,6.1419,1.95,40662.0,1.2,0.0,0.4632,7.1795,3.8915741020285783,3.958566099381708,3.812097603341674,11.976704999999999,0.0
5358,2012-07-13,SZSE:002091,0.3721,4.718,3.8498,4.8462,4.7077,3311.9995,4.8051,2.9782,17.6642,15.3629,21.7938,0.7289,40.134,26.1494,26.1647,0.0,0.0,0.0,2998.4491,12.3131,11.0603,0.0,11.0542,0.6674,0.7766,6.2238,1.95,40662.0,1.2,0.0,0.4519,7.1795,3.9208719754133114,3.954408808817295,3.8413953921153032,12.13641,0.0
5359,2012-07-16,SZSE:002091,0.3721,4.3077,3.515,4.7436,4.2974,3023.9998,4.718,2.7192,16.1282,14.027,19.8987,0.6655,43.6552,20.5605,20.5683,0.0,0.0,0.0,2710.4494,11.1304,9.998,0.0,9.9924,0.6033,0.702,11.0069,1.95,40662.0,1.2,0.0,0.4126,7.1795,3.8497968753627227,3.8706859809178917,3.5065953989367875,21.463455,0.0
5360,2012-07-17,SZSE:002091,0.3721,4.3436,3.5443,4.3846,4.2564,3049.1988,4.3077,2.7419,16.2626,14.1439,20.0645,0.671,43.7406,22.1288,22.1376,0.0,0.0,0.0,2735.6484,11.2339,10.0909,0.0,10.0853,0.6089,0.7085,4.8572,1.95,40662.0,1.2,0.0,0.416,7.1795,3.515006241366607,3.5777552675200286,3.4731463578598394,9.47154,0.0
5361,2012-07-18,SZSE:002091,0.3721,4.4154,3.6029,4.4154,4.2564,3099.5996,4.3436,2.7872,16.5314,14.3777,20.3962,0.6821,43.0291,25.305,25.3157,0.0,0.0,0.0,2786.0491,11.4408,10.2768,0.0,10.2712,0.6201,0.7215,5.409,1.95,40662.0,1.2,0.0,0.4229,7.1795,3.5443122797481545,3.6029,3.4731583910857453,10.54755,0.0
5362,2012-07-19,SZSE:002091,0.3721,4.5949,3.7493,4.6359,4.3897,3225.5994,4.4154,2.9005,17.2034,14.9621,21.2253,0.7098,44.0189,32.6959,32.7101,0.0,0.0,0.0,2912.049,11.9583,10.7416,0.0,10.7357,0.6482,0.7542,11.4922,1.95,40662.0,1.2,0.0,0.4401,7.1795,3.6028334066029726,3.7827547650656164,3.5818629806959894,22.40979,0.0
5363,2012-07-20,SZSE:002091,0.3799,4.5949,3.7493,4.6718,4.518,3225.5994,4.5436,2.9005,17.2034,14.9621,21.2253,0.7098,43.9335,32.6959,32.7101,0.0,0.0,0.0,2912.049,11.9583,10.7416,0.0,10.7357,0.6482,0.7542,8.7368,1.95,40662.0,1.2,0.0,0.4401,7.1795,3.707440745173997,3.8120480837450215,3.6865519162549782,17.03676,0.0
5364,2012-07-23,SZSE:002091,0.3799,4.5282,3.6949,4.5744,4.4256,3178.7992,4.5077,2.8584,16.9538,14.7451,20.9173,0.6995,41.8875,31.3592,31.3721,0.0,0.0,0.0,2865.2488,11.7661,10.569,0.0,10.5631,0.6378,0.7421,4.3954,1.95,40662.0,1.2,0.0,0.4337,7.1795,3.6781725034229935,3.7325980654564725,3.6111809195706903,8.57103,0.0
5365,2012-07-24,SZSE:002091,0.3799,4.5846,3.741,4.6359,4.4462,3218.399,4.4872,2.894,17.165,14.9287,21.1779,0.7083,41.8211,33.8244,33.8383,0.0,0.0,0.0,2904.8486,11.9287,10.715,0.0,10.7091,0.6466,0.7523,3.7864,1.95,40662.0,1.2,0.0,0.4391,7.1795,3.6615223138332675,3.782860424028269,3.6280666143174978,7.38348,0.0
5366,2012-07-25,SZSE:002091,0.3799,4.4923,3.6656,4.6974,4.4718,3153.5995,4.6974,2.8358,16.8194,14.6282,20.7515,0.694,41.9318,31.8111,31.823,0.0,0.0,0.0,2840.0491,11.6626,10.476,0.0,10.4702,0.6321,0.7355,5.2095,1.95,40662.0,1.2,0.0,0.4302,7.1795,3.832956267390869,3.832956267390869,3.6488725330009126,10.158525000000001,0.0
5367,2012-07-26,SZSE:002091,0.3799,4.4667,3.6447,4.5692,4.4462,3135.5988,4.4667,2.8196,16.7234,14.5447,20.6331,0.69,41.9097,31.2546,31.266,0.0,0.0,0.0,2822.0484,11.5887,10.4096,0.0,10.4039,0.6281,0.7309,3.3699,1.95,40662.0,1.2,0.0,0.4278,7.1795,3.6447,3.728337081066559,3.6279725837866876,6.571305,0.0
5368,2012-07-27,SZSE:002091,0.3734,4.4718,3.6489,4.5282,4.441,3139.1994,4.5128,2.8228,16.7426,14.5614,20.6568,0.6908,41.9112,31.5127,31.5242,0.0,0.0,0.0,2825.649,11.6035,10.4229,0.0,10.4171,0.6289,0.7318,2.3064,1.95,40662.0,1.2,0.0,0.4283,7.1795,3.6823551858312094,3.6949212800214677,3.623767811619482,4.4974799999999995,0.0
5369,2012-07-30,SZSE:002091,0.3734,4.3231,3.5275,4.5231,4.3077,3034.7994,4.4872,2.729,16.1858,14.0771,19.9698,0.6679,41.9713,28.2059,28.2146,0.0,0.0,0.0,2721.2489,11.1747,10.0378,0.0,10.0323,0.6057,0.7048,2.7586,1.95,40662.0,1.2,0.0,0.414,7.1795,3.661399921352732,3.6906930790405035,3.514934132913881,5.37927,0.0
5370,2012-07-31,SZSE:002091,0.3734,4.2308,3.4522,4.3231,4.1641,2969.9998,4.3231,2.6707,15.8402,13.7765,19.5434,0.6536,41.761,26.3572,26.3645,0.0,0.0,0.0,2656.4494,10.9086,9.7988,0.0,9.7934,0.5913,0.688,4.1962,1.95,40662.0,1.2,0.0,0.4052,7.1795,3.52751390280798,3.52751390280798,3.397774893637137,8.18259,0.0
5371,2012-08-01,SZSE:002091,0.3734,4.4051,3.5945,4.5128,4.2974,3092.3992,4.2974,2.7807,16.493,14.3443,20.3488,0.6805,42.4014,35.0208,35.0307,0.0,0.0,0.0,2778.8487,11.4113,10.2503,0.0,10.2446,0.6185,0.7197,5.9594,1.95,40662.0,1.2,0.0,0.4219,7.1795,3.506618306054346,3.682381693945654,3.506618306054346,11.62083,0.0
5372,2012-08-02,SZSE:002091,0.3734,4.3282,3.5317,4.4051,4.2872,3038.3992,4.359,2.7322,16.205,14.0938,19.9935,0.6686,42.3429,33.1669,33.1756,0.0,0.0,0.0,2724.8488,11.1895,10.0511,0.0,10.0455,0.6065,0.7057,2.9654,1.95,40662.0,1.2,0.0,0.4145,7.1795,3.556832008687214,3.5944484242872328,3.4982450533709164,5.7825299999999995,0.0
5373,2012-08-03,SZSE:002091,0.3913,4.4205,3.6071,4.4308,4.3333,3103.1987,4.3539,2.7905,16.5506,14.3944,20.4199,0.6829,42.5848,37.4462,37.4558,0.0,0.0,0.0,2789.6483,11.4556,10.2901,0.0,10.2844,0.6209,0.7225,3.2488,1.95,40662.0,1.2,0.0,0.4234,7.1795,3.5527548218527323,3.615504734758511,3.535945352335709,6.33516,0.0
5374,2012-08-06,SZSE:002091,0.3913,4.5385,3.7033,4.5539,4.3795,3185.9996,4.4103,2.8649,16.9922,14.7785,20.9647,0.7011,42.7524,42.5114,42.5219,0.0,0.0,0.0,2872.4492,11.7956,10.5955,0.0,10.5897,0.6394,0.7439,5.7905,1.95,40662.0,1.2,0.0,0.4347,7.1795,3.5986920766773167,3.715866006389776,3.5735600638977636,11.291475,0.0
5375,2012-08-07,SZSE:002091,0.3913,4.5949,3.7493,4.6256,4.5026,3225.5994,4.518,2.9005,17.2034,14.9621,21.2253,0.7098,42.8441,44.813,44.8238,0.0,0.0,0.0,2912.049,11.9583,10.7416,0.0,10.7357,0.6482,0.7542,6.4078,1.95,40662.0,1.2,0.0,0.4401,7.1795,3.6865519162549782,3.7743502753052303,3.6739859801083807,12.49521,0.0
5376,2012-08-08,SZSE:002091,0.3913,4.5487,3.7117,4.6256,4.5128,3193.1993,4.6051,2.8714,17.0306,14.8118,21.0121,0.7027,42.8489,43.2861,43.296,0.0,0.0,0.0,2879.6489,11.8252,10.6221,0.0,10.6162,0.641,0.7458,4.756,1.95,40662.0,1.2,0.0,0.4356,7.1795,3.7577219139534375,3.774449737287577,3.682405909380702,9.2742,0.0
5377,2012-08-09,SZSE:002091,0.3913,4.7231,3.8539,4.759,4.5026,3315.5994,4.5436,2.9815,17.6834,15.3796,21.8175,0.7296,43.2299,50.1909,50.2015,0.0,0.0,0.0,3002.0489,12.3278,11.0736,0.0,11.0675,0.6682,0.7775,9.8757,1.95,40662.0,1.2,0.0,0.4523,7.1795,3.7074336855031653,3.8831932628993675,3.6739789841417716,19.257615,0.0
5378,2012-08-10,SZSE:002091,0.447,4.7487,3.8749,4.8667,4.6256,3333.5993,4.6974,2.9976,17.7794,15.4631,21.936,0.7336,43.1335,51.1332,51.1438,0.0,0.0,0.0,3020.0489,12.4018,11.14,0.0,11.1338,0.6722,0.7821,10.0956,1.95,40662.0,1.2,0.0,0.4548,7.1795,3.833039623475898,3.971187025922883,3.774451416177059,19.68642,0.0
5379,2012-08-13,SZSE:002091,0.447,4.5436,3.7075,4.7282,4.5282,3189.5988,4.7282,2.8682,17.0114,14.7951,20.9884,0.7019,43.7248,43.9675,43.975,0.0,0.0,0.0,2876.0484,11.8104,10.6088,0.0,10.6029,0.6402,0.7449,6.0825,1.95,40662.0,1.2,0.0,0.4352,7.1795,3.8581304472224667,3.8581304472224667,3.694933863016111,11.860874999999998,0.0
5380,2012-08-14,SZSE:002091,0.447,4.5846,3.741,4.5949,4.3897,3218.399,4.5436,2.894,17.165,14.9287,21.1779,0.7083,43.7802,45.6092,45.6169,0.0,0.0,0.0,2904.8486,11.9287,10.715,0.0,10.7091,0.6466,0.7523,5.2209,1.95,40662.0,1.2,0.0,0.4391,7.1795,3.7075443004842294,3.7494047245124986,3.5819630283994246,10.180755,0.0
5381,2012-08-15,SZSE:002091,0.447,4.5077,3.6782,4.6,4.4872,3164.3991,4.5897,2.8455,16.877,14.6783,20.8226,0.6964,43.7533,43.0616,43.0683,0.0,0.0,0.0,2850.8487,11.7069,10.5158,0.0,10.51,0.6345,0.7383,3.648,1.95,40662.0,1.2,0.0,0.4317,7.1795,3.745110486500876,3.7535150963906196,3.6614723783747807,7.1136,0.0
5382,2012-08-16,SZSE:002091,0.447,4.4462,3.628,4.5128,4.4256,3121.1994,4.5077,2.8066,16.6466,14.4779,20.5383,0.6869,43.7501,41.0845,41.0906,0.0,0.0,0.0,2807.649,11.5295,10.3565,0.0,10.3508,0.6249,0.7271,2.6412,1.95,40662.0,1.2,0.0,0.4258,7.1795,3.6781826278619945,3.6823441140749407,3.611190859610454,5.15034,0.0
5383,2012-08-17,SZSE:002091,0.4477,4.4821,3.6573,4.4923,4.4103,3146.3991,4.4205,2.8195,16.8099,14.5948,21.366,0.7165,43.3248,42.7362,42.7423,0.0,0.0,0.0,2775.7599,11.5842,10.3712,0.0,10.2332,0.6376,0.7189,3.2402,1.95,40662.0,1.2,0.0,0.4293,7.1795,3.6070356863970017,3.665622986992705,3.5987126994042975,6.31839,0.0
5384,2012-08-20,SZSE:002091,0.4477,4.4872,3.6615,4.5128,4.3897,3149.9997,4.4615,2.8227,16.8291,13.3072,21.3904,0.7174,43.2979,42.9821,42.9883,0.0,0.0,0.0,2779.3605,11.5992,10.3847,0.0,0.0,0.6385,0.6972,3.1291,1.95,40662.0,1.2,0.0,0.3914,7.1795,3.6405291161526123,3.6823892850775546,3.5819411994116606,6.101745,0.0
5385,2012-08-21,SZSE:002091,0.4477,4.6256,3.7744,4.6667,4.4821,3247.1993,4.4821,2.9098,17.3484,13.7178,22.0505,0.7395,43.7485,49.3116,49.3181,0.0,0.0,0.0,2876.5601,12.0049,10.7479,0.0,0.0,0.6608,0.7216,6.751,1.95,40662.0,1.2,0.0,0.4035,7.1795,3.6573067796610164,3.807936803874091,3.6573067796610164,13.16445,0.0
5386,2012-08-22,SZSE:002091,0.4477,4.5846,3.741,4.6564,4.5539,3218.399,4.6513,2.884,17.1945,13.5961,21.8549,0.7329,43.5904,47.6246,47.6307,0.0,0.0,0.0,2847.7598,11.8847,10.6402,0.0,0.0,0.6542,0.7144,3.9119,1.95,40662.0,1.2,0.0,0.3999,7.1795,3.7954267111634605,3.7995882737861537,3.715949024996728,7.628205,0.0
5387,2012-08-23,SZSE:002091,0.4477,4.6359,3.7828,4.6667,4.5385,3254.399,4.5744,2.9163,17.3869,13.7482,22.0994,0.7411,43.6663,49.9304,49.9365,0.0,0.0,0.0,2883.7598,12.0349,10.7748,0.0,0.0,0.6624,0.7234,5.2847,1.95,40662.0,1.2,0.0,0.4044,7.1795,3.732617252313466,3.8079321728251254,3.703323583338726,10.305164999999999,0.0
5388,2012-08-24,SZSE:002091,0.4405,4.4667,3.6447,4.6359,4.4513,3135.5988,4.5795,2.8098,16.7522,13.2463,21.2927,0.7141,44.1327,43.1754,43.1798,0.0,0.0,0.0,2764.9596,11.5391,10.3309,0.0,0.0,0.6352,0.6936,5.5819,1.95,40662.0,1.2,0.0,0.3896,7.1795,3.736741587749345,3.7827623816240172,3.6321340385519507,10.884705,0.0
5389,2012-08-27,SZSE:002091,0.4405,4.318,3.5234,4.4513,4.3077,3031.1995,4.441,2.7163,16.1944,12.8053,20.5837,0.6903,44.4063,38.2749,38.2782,0.0,0.0,0.0,2660.5603,11.1034,9.9408,0.0,0.0,0.6112,0.6674,3.5754,1.95,40662.0,1.2,0.0,0.3766,7.1795,3.6237654932839285,3.632170083371932,3.5149954099119967,6.97203,0.0
5390,2012-08-28,SZSE:002091,0.4405,4.3795,3.5736,4.4256,4.3077,3074.3992,4.318,2.755,16.4252,12.9878,20.8771,0.7001,44.4585,41.2466,41.2501,0.0,0.0,0.0,2703.76,11.2837,10.1022,0.0,9.5708,0.6211,0.6782,2.5221,1.95,40662.0,1.2,0.0,0.382,7.1795,3.523417011074323,3.611216842105263,3.515012380408722,4.918095,0.0
5391,2012-08-29,SZSE:002091,0.4405,4.3641,3.561,4.4359,4.318,3063.5996,4.3692,2.7453,16.3675,12.9422,20.8037,0.6977,44.294,40.7188,40.7222,0.0,0.0,0.0,2692.9604,11.2386,10.0619,0.0,9.5326,0.6186,0.6755,2.372,1.95,40662.0,1.2,0.0,0.3807,7.1795,3.5651614765931123,3.6195870626245963,3.523383515501478,4.6254,0.0
5392,2012-08-30,SZSE:002091,0.4405,4.318,3.5234,4.3744,4.2051,3031.1995,4.3026,2.7163,16.1944,12.8053,20.5837,0.6903,44.0205,39.1023,39.1054,0.0,0.0,0.0,2660.5603,11.1034,9.9408,0.0,9.4179,0.6112,0.6674,3.4639,1.95,40662.0,1.2,0.0,0.3766,7.1795,3.5108339138490043,3.569421250578972,3.431275900880037,6.754605000000001,0.0
5393,2012-08-31,SZSE:002091,0.5177,4.3744,3.5694,4.4513,4.2872,3070.7993,4.318,2.7517,16.406,12.9726,20.8526,0.6993,43.9525,42.1264,42.1296,0.0,0.0,0.0,2700.1601,11.2687,10.0888,0.0,9.5581,0.6203,0.6773,4.1851,1.95,40662.0,1.2,0.0,0.3816,7.1795,3.5233790234089244,3.6321484592172637,3.4982470007315296,8.160945,0.0
5394,2012-09-03,SZSE:002091,0.5177,4.4615,3.6405,4.4821,4.3282,3131.9997,4.3436,2.8066,16.7329,13.2311,21.2682,0.7133,44.1928,46.5446,46.5479,0.0,0.0,0.0,2761.3605,11.5241,10.3174,0.0,9.7747,0.6343,0.6927,4.2811,1.95,40662.0,1.2,0.0,0.3892,7.1795,3.54429581979155,3.65730921214838,3.531729709738877,8.348145,0.0
5395,2012-09-04,SZSE:002091,0.5177,4.3949,3.5861,4.4974,4.3744,3085.1994,4.4821,2.7646,16.4829,13.0334,20.9504,0.7026,44.0126,43.7914,43.7944,0.0,0.0,0.0,2714.5602,11.3288,10.1426,0.0,9.6091,0.6236,0.6809,3.5358,1.95,40662.0,1.2,0.0,0.3833,7.1795,3.6572524539807505,3.66973677216774,3.569372645566452,6.89481,0.0
5396,2012-09-05,SZSE:002091,0.5177,4.5128,3.6824,4.5436,4.3846,3167.9989,4.4051,2.8388,16.9253,13.3832,21.5127,0.7214,44.4332,49.4845,49.4876,0.0,0.0,0.0,2797.3597,11.6743,10.4519,0.0,9.9022,0.6426,0.7017,4.4334,1.95,40662.0,1.2,0.0,0.3936,7.1795,3.5945178691721322,3.7075324942386096,3.5777900726821477,8.64513,0.0
5397,2012-09-06,SZSE:002091,0.5177,4.6,3.7535,4.6359,4.4974,3229.1993,4.5026,2.8937,17.2522,13.6418,21.9283,0.7354,44.6292,53.2533,53.2565,0.0,0.0,0.0,2858.5601,11.9297,10.6806,0.0,10.1188,0.6567,0.7171,5.6344,1.95,40662.0,1.2,0.0,0.4012,7.1795,3.6740237173913046,3.782793619565218,3.6697806304347824,10.98708,0.0
5398,2012-09-07,SZSE:002091,0.5368,4.759,3.8832,4.7949,4.5949,3340.7991,4.6462,2.9937,17.8485,14.1132,22.6861,0.7608,45.2222,59.2271,59.2302,0.0,0.0,0.0,2970.1598,12.3955,11.0976,0.0,10.5138,0.6823,0.7451,12.1408,1.95,40662.0,1.2,0.0,0.4151,7.1795,3.7911586131540242,3.9124933137213698,3.749299365412902,23.67456,0.0
5399,2012-09-10,SZSE:002091,0.5368,4.7539,3.879,4.8308,4.718,3337.1992,4.7692,2.9905,17.8292,14.098,22.6616,0.76,45.1621,58.9653,58.9685,0.0,0.0,0.0,2966.56,12.3805,11.0841,0.0,10.5011,0.6815,0.7442,8.0922,1.95,40662.0,1.2,0.0,0.4147,7.1795,3.8914842129619895,3.941747449462547,3.8497069774290584,15.77979,0.0
5400,2012-09-11,SZSE:002091,0.5368,4.7949,3.9125,4.8051,4.6615,3365.9994,4.7333,3.0163,17.9831,14.2197,22.8572,0.7665,44.7146,60.4705,60.4736,0.0,0.0,0.0,2995.3602,12.5007,11.1917,0.0,10.6031,0.6881,0.7514,6.5108,1.95,40662.0,1.2,0.0,0.4182,7.1795,3.862236178022482,3.920822905587187,3.8036494504577782,12.69606,0.0
5401,2012-09-12,SZSE:002091,0.5368,4.8462,3.9544,4.8667,4.7282,3401.9994,4.7949,3.0485,18.1754,14.3718,23.1017,0.7747,44.7921,62.3306,62.3336,0.0,0.0,0.0,3031.3602,12.6509,11.3262,0.0,10.7305,0.6964,0.7604,8.3713,1.95,40662.0,1.2,0.0,0.4227,7.1795,3.9125402500928566,3.9711275803722508,3.8581144154182665,16.324035,0.0
5402,2012-09-13,SZSE:002091,0.5368,4.6974,3.833,5.118,4.6923,3297.5987,5.1026,2.955,17.6177,13.9307,22.3927,0.751,44.6861,54.3443,54.3466,0.0,0.0,0.0,2926.9595,12.2152,10.9362,0.0,10.3609,0.6724,0.7342,13.7765,1.95,40662.0,1.2,0.0,0.4097,7.1795,4.163636437178013,4.176202580150722,3.828838485119428,26.864175,0.0
5403,2012-09-14,SZSE:002091,0.5145,4.6769,3.8163,4.7641,4.5692,3283.1992,4.759,2.9421,17.5407,13.8699,22.2949,0.7477,44.6672,53.3294,53.3315,0.0,0.0,0.0,2912.56,12.1551,10.8824,0.0,10.31,0.6691,0.7306,11.5575,1.95,40662.0,1.2,0.0,0.4079,7.1795,3.8832927152601084,3.8874542603006264,3.7284179606149377,22.537125,0.0
5404,2012-09-17,SZSE:002091,0.5145,4.4667,3.6447,4.6615,4.4667,3135.5988,4.6615,2.8098,16.7522,13.2463,21.2927,0.7141,45.3945,44.2141,44.2155,0.0,0.0,0.0,2764.9596,11.5391,10.3309,0.0,9.7875,0.6352,0.6936,5.8361,1.95,40662.0,1.2,0.0,0.3896,7.1795,3.803651252602592,3.803651252602592,3.6447,11.380395,0.0
5405,2012-09-18,SZSE:002091,0.5145,4.4718,3.6489,4.5487,4.4359,3139.1994,4.4615,2.813,16.7714,13.2616,21.3171,0.7149,45.4071,44.4635,44.4649,0.0,0.0,0.0,2768.5602,11.5541,10.3443,0.0,9.8002,0.636,0.6945,3.5901,1.95,40662.0,1.2,0.0,0.3901,7.1795,3.6404954045350864,3.7116488729370722,3.6196063128941365,7.000695,0.0
5406,2012-09-19,SZSE:002091,0.5145,4.5026,3.674,4.5487,4.4718,3160.7992,4.518,2.8324,16.8868,13.3528,21.4638,0.7198,45.4641,46.0223,46.0238,0.0,0.0,0.0,2790.16,11.6443,10.425,0.0,9.8767,0.6409,0.6999,2.4099,1.95,40662.0,1.2,0.0,0.3927,7.1795,3.6865659840980762,3.7116163549948915,3.6488680318038464,4.699305,0.0
5407,2012-09-20,SZSE:002091,0.5145,4.3333,3.5359,4.5077,4.3231,3041.9998,4.4872,2.7259,16.2521,12.8509,20.6571,0.6928,45.5257,39.4617,39.4627,0.0,0.0,0.0,2671.3606,11.1485,9.9812,0.0,9.4561,0.6137,0.6701,4.9768,1.95,40662.0,1.2,0.0,0.378,7.1795,3.6614798144601104,3.6782074700574614,3.527576971361318,9.70476,0.0
5408,2012-09-21,SZSE:002091,0.5435,4.3077,3.515,4.3795,4.2718,3023.9998,4.3333,2.7098,16.156,12.7749,20.5348,0.6887,45.2838,38.5646,38.5656,0.0,0.0,0.0,2653.3606,11.0734,9.9139,0.0,9.3924,0.6095,0.6656,2.3103,1.95,40662.0,1.2,0.0,0.3757,7.1795,3.535889105555169,3.573587413236763,3.4857062933816194,4.505084999999999,0.0
5409,2012-09-24,SZSE:002091,0.5435,4.3231,3.5275,4.3333,4.2051,3034.7994,4.2821,2.7195,16.2136,12.8205,20.6082,0.6911,44.9739,39.4539,39.4549,0.0,0.0,0.0,2664.1601,11.1184,9.9543,0.0,9.4307,0.612,0.6683,4.2396,1.95,40662.0,1.2,0.0,0.3771,7.1795,3.4940454187966963,3.5358228470310658,3.4312160833661025,8.26722,0.0
5410,2012-09-25,SZSE:002091,0.5435,4.2564,3.4731,4.3436,4.2256,2987.9998,4.2974,2.6775,15.9636,12.6228,20.2904,0.6805,45.0119,36.9573,36.9581,0.0,0.0,0.0,2617.3606,10.9231,9.7794,0.0,9.265,0.6013,0.6566,2.882,1.95,40662.0,1.2,0.0,0.3713,7.1795,3.5065548209754716,3.544252692416127,3.447968085706231,5.6199,0.0
5411,2012-09-26,SZSE:002091,0.5435,4.0615,3.3141,4.2821,4.0513,2851.199,4.2667,2.555,15.2327,12.0449,19.3614,0.6493,45.6317,30.8184,30.8189,0.0,0.0,0.0,2480.5598,10.3522,9.2683,0.0,8.7807,0.5698,0.6222,5.2705,1.95,40662.0,1.2,0.0,0.3543,7.1795,3.4815389560507204,3.4941050375477043,3.3057770109565436,10.277475,0.0
5412,2012-09-27,SZSE:002091,0.5435,4.1692,3.402,4.2103,4.0308,2926.7995,4.0974,2.6227,15.6367,12.3643,19.8748,0.6665,44.4569,37.0423,37.0429,0.0,0.0,0.0,2556.1603,10.6677,9.5507,0.0,9.0484,0.5872,0.6412,5.2597,1.95,40662.0,1.2,0.0,0.3637,7.1795,3.34341235728677,3.4355369375419746,3.2890678307588987,10.256414999999999,0.0
5413,2012-09-28,SZSE:002091,0.5644,4.2359,3.4564,4.241,4.1282,2973.599,4.1487,2.6646,15.8867,12.562,20.1926,0.6772,40.0028,40.6046,40.6052,0.0,0.0,0.0,2602.9598,10.863,9.7256,0.0,9.214,0.5979,0.6529,3.77,1.95,40662.0,1.2,0.0,0.3695,7.1795,3.385246743313109,3.4605614863429253,3.3685192001699753,7.3515,0.0
5414,2012-10-01,SZSE:002091,0.5644,0.0,3.4564,0.0,0.0,2973.599,0.0,2.6646,15.8867,12.562,20.1926,0.6772,40.0028,40.6046,40.6052,0.0,0.0,0.0,2602.9598,10.863,9.7256,0.0,9.214,0.5979,0.6529,0.0,1.95,40662.0,1.2,0.0,0.3695,7.1795,0.0,0.0,0.0,0.0,0.0
5415,2012-10-02,SZSE:002091,0.5644,0.0,3.4564,0.0,0.0,2973.599,0.0,2.6646,15.8867,12.562,20.1926,0.6772,40.0028,40.6046,40.6052,0.0,0.0,0.0,2602.9598,10.863,9.7256,0.0,9.214,0.5979,0.6529,0.0,1.95,40662.0,1.2,0.0,0.3695,7.1795,0.0,0.0,0.0,0.0,0.0
5416,2012-10-03,SZSE:002091,0.5644,0.0,3.4564,0.0,0.0,2973.599,0.0,2.6646,15.8867,14.1197,20.1926,0.6772,40.0028,40.6046,40.6052,0.0,0.0,0.0,2602.9598,10.863,9.7256,0.0,9.214,0.5979,0.6529,0.0,1.95,40662.0,1.2,0.0,0.4153,7.1795,0.0,0.0,0.0,0.0,0.0
5417,2012-10-04,SZSE:002091,0.5644,0.0,3.4564,0.0,0.0,2973.599,0.0,2.6646,15.8867,14.1197,20.1926,0.6772,40.0028,40.6046,40.6052,0.0,0.0,0.0,2602.9598,10.863,9.7256,0.0,9.214,0.5979,0.6529,0.0,1.95,40662.0,1.2,0.0,0.4153,7.1795,0.0,0.0,0.0,0.0,0.0
5418,2012-10-05,SZSE:002091,0.5647,0.0,3.4564,0.0,0.0,2973.599,0.0,2.6646,15.8867,14.1197,20.1926,0.6772,40.0028,40.6046,40.6052,0.0,0.0,0.0,2602.9598,10.863,9.7256,0.0,9.214,0.5979,0.6529,0.0,1.95,40662.0,1.2,0.0,0.4153,7.1795,0.0,0.0,0.0,0.0,0.0
5419,2012-10-08,SZSE:002091,0.5647,4.2667,3.4815,4.3077,4.2256,2995.1988,4.2462,2.684,16.0021,14.2222,20.3392,0.6821,40.6827,42.2293,42.23,0.0,0.0,0.0,2624.5596,10.9532,9.8063,0.0,9.2905,0.6029,0.6584,3.5456,1.95,40662.0,1.2,0.0,0.4183,7.1795,3.464772611151475,3.5149547776970493,3.4479636252841774,6.913919999999999,0.0
5420,2012-10-09,SZSE:002091,0.5647,4.3641,3.561,4.3897,4.2718,3063.5996,4.2821,2.7453,16.3675,14.547,20.8037,0.6977,39.0399,47.1587,47.1595,0.0,0.0,0.0,2692.9604,11.2386,10.0619,0.0,9.5326,0.6186,0.6755,5.2469,1.95,40662.0,1.2,0.0,0.4279,7.1795,3.4940899841891797,3.5818889805458176,3.4856854334226988,10.231455,0.0
5421,2012-10-10,SZSE:002091,0.5647,4.3795,3.5736,4.3897,4.3231,3074.3992,4.3385,2.755,16.4252,14.5983,20.8771,0.7001,39.051,47.9144,47.9151,0.0,0.0,0.0,2703.76,11.2837,10.1022,0.0,9.5708,0.6211,0.6782,3.4956,1.95,40662.0,1.2,0.0,0.4294,7.1795,3.5401446740495484,3.5819230323096245,3.5275785272291356,6.81642,0.0
5422,2012-10-11,SZSE:002091,0.5647,4.2974,3.5066,4.4462,4.2923,3016.7994,4.3795,2.7034,16.1175,14.3248,20.4859,0.687,39.1332,44.2774,44.278,0.0,0.0,0.0,2646.1602,11.0433,9.887,0.0,9.3669,0.6079,0.6638,5.2909,1.95,40662.0,1.2,0.0,0.0,7.1795,3.5735921022013315,3.6280180853539354,3.502438493042305,10.317255,0.0
5423,2012-10-12,SZSE:002091,0.497,4.3128,3.5192,4.3846,4.2564,3027.5989,4.3026,2.713,16.1752,14.3761,20.5593,0.6895,39.0178,45.1185,45.1192,0.0,0.0,0.0,2656.9597,11.0884,9.9274,0.0,9.4052,0.6103,0.6665,3.4175,1.95,40662.0,1.2,0.0,0.0,7.1795,3.5108769059543685,3.577788054164348,3.473178185865331,6.664124999999999,0.0
5424,2012-10-15,SZSE:002091,0.497,4.3282,3.5317,4.3333,4.2359,3038.3992,4.2872,2.6169,16.2506,14.4274,19.5866,0.6668,38.7474,45.9965,45.9971,0.0,0.0,0.0,2547.2101,10.1219,9.0597,0.0,9.0167,0.5632,0.639,3.616,1.95,40662.0,1.2,0.0,0.0,7.1795,3.4982450533709164,3.535861468970935,3.4563855713691605,7.0512,0.0
5425,2012-10-16,SZSE:002091,0.497,4.3795,3.5736,4.3795,4.2974,3074.3992,4.3282,2.6479,16.4432,14.5983,19.8187,0.6747,34.1652,48.9293,48.9299,0.0,0.0,0.0,2583.2101,10.2649,9.1878,0.0,9.1441,0.5711,0.648,4.5926,1.95,40662.0,1.2,0.0,0.0,7.1795,3.5317400433839476,3.5736,3.506607749743121,8.95557,0.0
5426,2012-10-17,SZSE:002091,0.497,4.4051,3.5945,4.4205,4.3128,3092.3992,4.3897,2.6634,16.5394,14.6838,19.9347,0.6787,34.1447,50.3802,50.3809,0.0,0.0,0.0,2601.2101,10.3364,9.2518,0.0,9.2078,0.5751,0.6525,4.6747,1.95,40662.0,1.2,0.0,0.0,7.1795,3.5819338153503897,3.6070661846496104,3.519184490703957,9.115665,0.0
5427,2012-10-18,SZSE:002091,0.497,4.4513,3.6322,4.4667,4.3846,3124.7993,4.4308,2.6913,16.7127,14.8376,20.1436,0.6858,34.0482,52.9704,52.971,0.0,0.0,0.0,2633.6102,10.4652,9.367,0.0,9.3225,0.5823,0.6606,6.8808,1.95,40662.0,1.2,0.0,0.0,7.1795,3.6154722800080874,3.644766189652462,3.5777737110507046,13.41756,0.0
5428,2012-10-19,SZSE:002091,0.4489,4.3795,3.5736,4.4872,4.3692,3074.3992,4.441,2.6479,16.4432,14.5983,19.8187,0.6747,33.2055,48.7108,48.7114,0.0,0.0,0.0,2583.2101,10.2649,9.1878,0.0,9.1441,0.5711,0.648,5.9413,1.95,40662.0,1.2,0.0,0.0,7.1795,3.6237829889256763,3.661481429386916,3.5651953693343987,11.585535,0.0
5429,2012-10-22,SZSE:002091,0.4489,4.3744,3.5694,4.4,4.318,3070.7993,4.3641,2.6448,16.4239,14.5812,19.7955,0.6739,33.2055,48.4114,48.4119,0.0,0.0,0.0,2579.6102,10.2506,9.175,0.0,9.1314,0.5703,0.6471,3.0981,1.95,40662.0,1.2,0.0,0.0,7.1795,3.560995459948793,3.5902889539136797,3.5233790234089244,6.041295,0.0
5430,2012-10-23,SZSE:002091,0.4489,4.2821,3.4941,4.3846,4.2615,3005.9991,4.3795,2.589,16.0773,14.2735,19.3777,0.6597,33.3494,43.2565,43.2569,0.0,0.0,0.0,2514.81,9.9931,8.9445,0.0,8.902,0.556,0.6308,4.0233,1.95,40662.0,1.2,0.0,0.0,7.1795,3.573576270988534,3.5777377595105206,3.4772908502837394,7.845434999999999,0.0
5431,2012-10-24,SZSE:002091,0.4489,4.2359,3.4564,4.2923,4.2359,2973.599,4.2513,2.5611,15.904,14.1197,19.1689,0.6526,33.294,40.9109,40.9112,0.0,0.0,0.0,2482.4099,9.8644,8.8292,0.0,8.7873,0.5488,0.6227,5.2817,1.95,40662.0,1.2,0.0,0.0,7.1795,3.4689660568002076,3.502421143086475,3.4564,10.299315,0.0
5432,2012-10-25,SZSE:002091,0.4489,4.1846,3.4146,4.3128,4.1795,2937.5997,4.2359,2.5301,15.7115,13.9487,18.9368,0.6447,33.1407,38.4181,38.4184,0.0,0.0,0.0,2446.4107,9.7213,8.7012,0.0,8.6599,0.5409,0.6137,5.8345,1.95,40662.0,1.2,0.0,0.0,7.1795,3.456460388089663,3.5192101706256276,3.4104384409501507,11.377275000000001,0.0
5433,2012-10-26,SZSE:002091,0.3012,4.1282,3.3685,4.2256,4.1026,2897.9992,4.2051,2.496,15.4997,13.7607,18.6815,0.636,33.2229,35.8317,35.832,0.0,0.0,0.0,2406.8101,9.564,8.5604,0.0,8.5197,0.5321,0.6037,3.843,1.95,40662.0,1.2,0.0,0.0,7.1795,3.4312483285693522,3.4479757763674246,3.3476110895789932,7.49385,0.0
5434,2012-10-29,SZSE:002091,0.3012,4.1692,3.402,4.2154,4.1282,2926.7995,4.1539,2.477,15.6433,13.8974,20.8059,0.6419,33.2972,39.0457,39.046,0.0,0.0,0.0,2435.6104,9.9287,8.8628,0.0,8.6216,0.5385,0.611,3.5405,1.95,40662.0,1.2,0.0,0.0,7.1795,3.3895154466084625,3.4396984553391534,3.3685446608462053,6.903975,0.0
5435,2012-10-30,SZSE:002091,0.3012,4.2,3.4271,4.2513,4.159,2948.3986,4.1795,2.4953,15.7587,14.0,20.9594,0.6466,32.6505,41.4156,41.4159,0.0,0.0,0.0,2457.2095,10.0168,8.9414,0.0,8.6981,0.5433,0.6164,2.9153,1.95,40662.0,1.2,0.0,0.0,7.1795,3.4103724880952377,3.4689595785714276,3.3936449761904757,5.684835,0.0
5436,2012-10-31,SZSE:002091,0.3012,4.2154,3.4397,4.2308,4.159,2959.1996,4.2,2.5044,15.8165,14.0513,21.0362,0.649,32.3691,42.6171,42.6174,0.0,0.0,0.0,2468.0105,10.0608,8.9807,0.0,8.7363,0.5456,0.6191,2.7847,1.95,40662.0,1.2,0.0,0.0,7.1795,3.4271338425772178,3.4522661574227835,3.3936784883996776,5.430165,0.0
5437,2012-11-01,SZSE:002091,0.3012,4.3333,3.5359,4.3692,4.2103,3041.9998,4.2308,2.5745,16.259,14.4444,21.6248,0.6671,31.8014,50.9261,50.9264,0.0,0.0,0.0,2550.8107,10.3983,9.282,0.0,9.0294,0.564,0.6399,7.8789,1.95,40662.0,1.2,0.0,0.0,7.1795,3.452261722013246,3.5651937968753606,3.435534066415895,15.363855,0.0
5438,2012-11-02,SZSE:002091,0.411,4.3744,3.5694,4.3949,4.3128,3070.7993,4.3282,2.5988,16.4129,14.5812,21.8296,0.6735,31.6591,53.4508,53.4511,0.0,0.0,0.0,2579.6102,10.5157,9.3868,0.0,9.1314,0.5703,0.6471,5.4568,1.95,40662.0,1.2,0.0,0.0,7.1795,3.531701965983906,3.586127482626189,3.519135954645209,10.64076,0.0
5439,2012-11-05,SZSE:002091,0.411,4.3333,3.5359,4.3846,4.2872,3041.9998,4.359,2.5745,16.259,14.4444,21.6248,0.6671,31.4204,50.6448,50.6451,0.0,0.0,0.0,2550.8107,10.3983,9.282,0.0,9.0294,0.564,0.6399,5.1609,1.95,40662.0,1.2,0.0,0.0,7.1795,3.556870768236678,3.5777599381533696,3.4982831744859575,10.063754999999999,0.0
5440,2012-11-06,SZSE:002091,0.411,4.359,3.5568,4.3692,4.1282,3059.9991,4.318,2.5897,16.3552,14.5299,21.7528,0.6711,30.9666,52.3292,52.3294,0.0,0.0,0.0,2568.81,10.4717,9.3475,0.0,9.0931,0.5679,0.6444,5.4647,1.95,40662.0,1.2,0.0,0.0,7.1795,3.5233453544390914,3.5651228630419824,3.3684748245010323,10.656165,0.0
5441,2012-11-07,SZSE:002091,0.411,4.3795,3.5736,4.4,4.2974,3074.3992,4.3385,2.6019,16.4322,14.5983,21.8551,0.6743,30.8717,53.6908,53.6912,0.0,0.0,0.0,2583.2101,10.5304,9.3999,0.0,9.1441,0.5711,0.648,7.3128,1.95,40662.0,1.2,0.0,0.0,7.1795,3.5401446740495484,3.590327662975225,3.506607749743121,14.25996,0.0
5442,2012-11-08,SZSE:002091,0.411,4.2103,3.4355,4.3436,4.2103,2955.5997,4.3385,2.5013,15.7972,14.0342,21.0106,0.6482,31.7951,42.8234,42.8235,0.0,0.0,0.0,2464.4106,10.0461,8.9676,0.0,8.7236,0.5448,0.6182,4.7756,1.95,40662.0,1.2,0.0,0.0,7.1795,3.54010800893048,3.544269481984657,3.4355,9.31242,0.0
5443,2012-11-09,SZSE:002091,0.4174,4.1641,3.3978,4.2205,4.1539,2923.1996,4.2051,2.4739,15.624,13.8803,20.7803,0.6411,30.8275,40.4205,40.4206,0.0,0.0,0.0,2432.0105,9.9141,8.8497,0.0,8.6089,0.5377,0.6101,2.5838,1.95,40662.0,1.2,0.0,0.0,7.1795,3.431254960255517,3.4438209697173456,3.3894770586681395,5.03841,0.0
5444,2012-11-12,SZSE:002091,0.4174,4.2154,3.4397,4.2256,4.1692,2959.1996,4.1846,2.5044,15.8165,14.0513,21.0362,0.649,30.9271,44.1691,44.1693,0.0,0.0,0.0,2468.0105,10.0608,8.9807,0.0,8.7363,0.5456,0.6191,3.0116,1.95,40662.0,1.2,0.0,0.0,7.1795,3.4145676851544335,3.4480230393319737,3.402001527731651,5.87262,0.0
5445,2012-11-13,SZSE:002091,0.4174,4.1077,3.3518,4.2359,4.0872,2883.5998,4.2308,2.4404,15.4124,13.6923,20.4988,0.6324,30.0986,38.6671,38.6672,0.0,0.0,0.0,2392.4107,9.7526,8.7056,0.0,8.4687,0.5289,0.6001,3.2408,1.95,40662.0,1.2,0.0,0.0,7.1795,3.4522471066533584,3.4564086033546753,3.3350724152201963,6.31956,0.0
5446,2012-11-14,SZSE:002091,0.4174,4.1231,3.3644,4.1897,4.0564,2894.3987,4.1385,2.4496,15.4701,13.7436,20.5756,0.6348,30.0401,39.8203,39.8203,0.0,0.0,0.0,2403.2096,9.7966,8.7449,0.0,8.5069,0.5313,0.6028,2.6516,1.95,40662.0,1.2,0.0,0.0,7.1795,3.3769662147413353,3.4187447988164243,3.309973602386554,5.17062,0.0
5447,2012-11-15,SZSE:002091,0.4174,4.0513,3.3058,4.118,4.0462,2843.9993,4.1026,2.4069,15.2007,13.5043,20.2173,0.6237,30.0527,36.3821,36.3822,0.0,0.0,0.0,2352.8102,9.5912,8.5615,0.0,8.3285,0.5202,0.5902,2.7898,1.95,40662.0,1.2,0.0,0.0,7.1795,3.34766003011379,3.3602261989978524,3.3016384765383946,5.44011,0.0
5448,2012-11-16,SZSE:002091,0.4665,4.041,3.2974,4.1231,4.0,2836.7996,4.0769,2.4008,15.1622,13.4701,20.1661,0.6221,29.9531,35.9052,35.9052,0.0,0.0,0.0,2345.6105,9.5618,8.5353,0.0,8.3031,0.5186,0.5884,2.4427,1.95,40662.0,1.2,0.0,0.0,7.1795,3.3266939024993816,3.364392462261816,3.2639445681761936,4.763265,0.0
5449,2012-11-19,SZSE:002091,0.4665,4.0923,3.3392,4.118,4.0051,2872.7995,4.041,2.4313,15.3547,13.641,20.422,0.63,30.0274,40.1312,40.1313,0.0,0.0,0.0,2381.6104,9.7086,8.6663,0.0,8.4305,0.5265,0.5974,2.2035,1.95,40662.0,1.2,0.0,0.0,7.1795,3.297340664174181,3.36017046648584,3.268047288810693,4.296825,0.0
5450,2012-11-20,SZSE:002091,0.4665,4.0615,3.3141,4.1333,4.0615,2851.199,4.0923,2.413,15.2392,13.5385,20.2685,0.6253,30.048,38.4913,38.4914,0.0,0.0,0.0,2360.0099,9.6205,8.5877,0.0,8.354,0.5218,0.592,1.6271,1.95,40662.0,1.2,0.0,0.0,7.1795,3.3392321629939676,3.372687315031392,3.3141,3.1728449999999997,0.0
5451,2012-11-21,SZSE:002091,0.4665,4.1487,3.3853,4.1539,4.0308,2912.3986,4.0718,2.4648,15.5663,13.8291,20.7035,0.6387,29.6954,45.3103,45.3103,0.0,0.0,0.0,2421.2096,9.87,8.8104,0.0,8.5707,0.5353,0.6074,2.8447,1.95,40662.0,1.2,0.0,0.0,7.1795,3.322550326608335,3.389543150866537,3.2890947140067976,5.547165,0.0
5452,2012-11-22,SZSE:002091,0.4665,4.1231,3.3644,4.1539,4.0667,2894.3987,4.1487,2.4496,15.4701,13.7436,20.5756,0.6348,29.6748,43.7732,43.7732,0.0,0.0,0.0,2403.2096,9.7966,8.7449,0.0,8.5069,0.5313,0.6028,2.2435,1.95,40662.0,1.2,0.0,0.0,7.1795,3.385289292037544,3.3895324294826708,3.3183782784797846,4.374825,0.0
5453,2012-11-23,SZSE:002091,0.5755,4.0974,3.3434,4.159,4.0769,2876.3987,4.1231,2.4343,15.3739,13.6581,20.4476,0.6308,29.5689,42.2304,42.2305,0.0,0.0,0.0,2385.2096,9.7233,8.6794,0.0,8.4432,0.5273,0.5983,1.8459,1.95,40662.0,1.2,0.0,0.0,7.1795,3.364370708254014,3.3936644213403615,3.3266723922487427,3.599505,0.0
5454,2012-11-26,SZSE:002091,0.5755,4.0103,3.2723,4.1128,4.0,2815.199,4.0923,2.3825,15.0468,13.3675,20.0126,0.6174,28.9554,37.4034,37.4035,0.0,0.0,0.0,2324.0099,9.4738,8.4567,0.0,8.2266,0.5138,0.583,1.9617,1.95,40662.0,1.2,0.0,0.0,7.1795,3.339209857117921,3.3559373213974015,3.2638954691668953,3.825315,0.0
5455,2012-11-27,SZSE:002091,0.5755,3.9077,3.1886,4.0769,3.8974,2743.1991,4.0256,2.3216,14.662,13.0256,19.5007,0.6016,28.6313,32.672,32.672,0.0,0.0,0.0,2252.01,9.1803,8.1947,0.0,7.9717,0.4979,0.5649,3.3026,1.95,40662.0,1.2,0.0,0.0,7.1795,3.2848038897561223,3.3266635975126033,3.180195419300356,6.4400699999999995,0.0
5456,2012-11-28,SZSE:002091,0.5755,3.7333,3.0463,3.8974,3.718,2620.7991,3.8359,2.218,14.0078,11.985,18.6306,0.5748,29.7934,26.5284,26.5284,0.0,0.0,0.0,2129.61,8.6813,7.7493,0.0,7.2497,0.4708,0.5179,4.3612,1.95,40662.0,1.2,0.0,0.0,7.1795,3.1300195992821362,3.180202400021429,3.033815498352664,8.504340000000001,0.0
5457,2012-11-29,SZSE:002091,0.5755,3.6872,3.0087,3.7692,3.6821,2588.399,3.7436,2.1906,13.8346,11.8369,18.4003,0.5677,29.8582,25.1787,25.1787,0.0,0.0,0.0,2097.2099,8.5492,7.6314,0.0,7.1394,0.4637,0.5101,2.1389,1.95,40662.0,1.2,0.0,0.0,7.1795,3.0547215556519856,3.0756107724018227,3.0045384763506187,4.1708549999999995,0.0
5458,2012-11-30,SZSE:002091,0.6757,3.7385,3.0505,3.759,3.6923,2624.3989,3.7282,2.2211,14.027,12.0015,18.6562,0.5756,30.0005,29.4723,29.4723,0.0,0.0,0.0,2133.2098,8.696,7.7624,0.0,7.262,0.4716,0.5188,1.8824,1.95,40662.0,1.2,0.0,0.0,7.1795,3.04209551959342,3.067227363916009,3.012802233516116,3.67068,0.0
5459,2012-12-03,SZSE:002091,0.6757,3.6513,2.9794,3.7744,3.6513,2563.1986,3.7077,2.1693,13.6999,11.7216,18.2211,0.5621,30.0211,26.6703,26.6703,0.0,0.0,0.0,2072.0095,8.4465,7.5397,0.0,7.0537,0.4581,0.5039,1.6932,1.95,40662.0,1.2,0.0,0.0,7.1795,3.025421460849561,3.0798475501876044,2.9794,3.30174,0.0
5460,2012-12-04,SZSE:002091,0.6757,3.718,3.0338,3.7436,3.6,2609.9995,3.641,2.2089,13.95,11.9356,18.5538,0.5724,30.2345,31.9948,31.9948,0.0,0.0,0.0,2118.8104,8.6373,7.71,0.0,7.213,0.4684,0.5153,1.8731,1.95,40662.0,1.2,0.0,0.0,7.1795,2.970969822485207,3.05468899408284,2.937514792899408,3.652545,0.0
5461,2012-12-05,SZSE:002091,0.6757,3.8513,3.1426,3.8923,3.6667,2703.5993,3.7231,2.2881,14.4503,12.3637,19.2192,0.5929,30.6441,41.1916,41.1917,0.0,0.0,0.0,2212.4102,9.0189,8.0506,0.0,7.5316,0.4891,0.5381,5.4321,1.95,40662.0,1.2,0.0,0.0,7.1795,3.0379908238776516,3.176055352738036,2.991969314257523,10.592595,0.0
5462,2012-12-06,SZSE:002091,0.6757,3.8308,3.1258,3.8769,3.8103,2689.1991,3.8513,2.2759,14.3733,12.2978,19.1169,0.5898,30.312,40.2889,40.2889,0.0,0.0,0.0,2198.0101,8.9602,7.9982,0.0,7.4826,0.486,0.5346,2.7086,1.95,40662.0,1.2,0.0,0.0,7.1795,3.1425272893390415,3.163416001879503,3.1090727106609584,5.28177,0.0
5463,2012-12-07,SZSE:002091,0.607,3.9077,3.1886,3.9333,3.8,2743.1991,3.8308,2.3216,14.662,12.5448,19.5007,0.6016,29.7128,45.1439,45.1439,0.0,0.0,0.0,2252.01,9.1803,8.1947,0.0,7.6664,0.4979,0.5477,5.1869,1.95,40662.0,1.2,0.0,0.0,7.1795,3.125851237300714,3.209489054942805,3.100719093072651,10.114455,0.0
5464,2012-12-10,SZSE:002091,0.607,4.0154,3.2765,4.0308,3.8974,2818.7996,3.9128,2.3856,15.066,12.8905,20.0382,0.6182,30.3563,51.1342,51.1343,0.0,0.0,0.0,2327.6105,9.4885,8.4698,0.0,7.9238,0.5146,0.5661,5.6603,1.95,40662.0,1.2,0.0,0.0,7.1795,3.1927800966279825,3.2890661453404397,3.1802139512875436,11.037585,0.0
5465,2012-12-11,SZSE:002091,0.607,3.9436,3.2179,4.0051,3.9436,2768.3988,3.9846,2.3429,14.7967,12.66,19.6799,0.6071,30.4179,47.4167,47.4167,0.0,0.0,0.0,2277.2097,9.283,8.2864,0.0,7.7522,0.5035,0.5538,3.5032,1.95,40662.0,1.2,0.0,0.0,0.0,3.251355193224465,3.2680827898366975,3.2179,6.83124,0.0
5466,2012-12-12,SZSE:002091,0.607,3.9436,3.2179,3.9795,3.8718,2768.3988,3.9539,2.3429,14.7967,12.66,19.6799,0.6071,30.2899,47.4167,47.4167,0.0,0.0,0.0,2277.2097,9.283,8.2864,0.0,7.7522,0.5035,0.5538,3.6877,1.95,40662.0,1.2,0.0,0.0,0.0,3.226304597322244,3.2471936935794705,3.159312612841059,7.191015,0.0
5467,2012-12-13,SZSE:002091,0.607,3.8974,3.1802,4.0359,3.8923,2735.9987,3.9231,2.3155,14.6235,12.5118,19.4495,0.6,29.7918,44.9787,44.9787,0.0,0.0,0.0,2244.8096,9.1509,8.1685,0.0,7.6419,0.4963,0.546,4.2628,1.95,40662.0,1.2,0.0,0.0,0.0,3.201170683019449,3.2932132139374968,3.1760385025914712,8.31246,0.0
5468,2012-12-14,SZSE:002091,0.5143,4.1333,3.3727,4.1333,3.8667,2901.5998,3.8923,2.4556,15.5086,13.2691,20.6268,0.6364,32.3564,57.1154,57.1155,0.0,0.0,0.0,2410.4107,9.826,8.7711,0.0,8.2057,0.5329,0.5862,9.5047,1.95,40662.0,1.2,0.0,0.0,0.0,3.1760482447439093,3.3727,3.155159095637868,18.534164999999998,0.0
5469,2012-12-17,SZSE:002091,0.5143,4.1333,3.3727,4.2103,4.118,2901.5998,4.1385,2.4556,15.5086,13.2691,20.6268,0.6364,31.0441,57.1154,57.1155,0.0,0.0,0.0,2410.4107,9.826,8.7711,0.0,8.2057,0.5329,0.5862,7.0073,1.95,40662.0,1.2,0.0,0.0,0.0,3.376943108412164,3.4355306437955146,3.3602154694795927,13.664235,0.0
5470,2012-12-18,SZSE:002091,0.5143,4.1333,3.3727,4.1846,4.0872,2901.5998,4.1333,2.4556,15.5086,13.2691,20.6268,0.6364,31.0425,57.1154,57.1155,0.0,0.0,0.0,2410.4107,9.826,8.7711,0.0,8.2057,0.5329,0.5862,6.0744,1.95,40662.0,1.2,0.0,0.0,0.0,3.3727,3.4145598964507777,3.3350832119613867,11.84508,0.0
5471,2012-12-19,SZSE:002091,0.5143,4.159,3.3936,4.2,4.1077,2919.5991,4.1692,2.4709,15.6048,13.3514,20.7547,0.6403,31.0346,58.3622,58.3622,0.0,0.0,0.0,2428.41,9.8994,8.8366,0.0,8.2669,0.5369,0.5906,4.7265,1.95,40662.0,1.2,0.0,0.0,0.0,3.401922846838183,3.4270545804279875,3.3517409761962016,9.216674999999999,0.0
5472,2012-12-20,SZSE:002091,0.5143,4.2,3.4271,4.2359,4.1128,2948.3986,4.1282,2.4953,15.7587,13.4831,20.9594,0.6466,30.146,60.3487,60.3487,0.0,0.0,0.0,2457.2095,10.0168,8.9414,0.0,8.365,0.5433,0.5976,6.8661,1.95,40662.0,1.2,0.0,0.0,0.0,3.3685129095238087,3.456393545238095,3.355946876190476,13.388895,0.0
5473,2012-12-21,SZSE:002091,0.5035,4.2462,3.4648,4.2872,4.1846,2980.7994,4.1846,2.5227,15.9319,13.6313,21.1898,0.6537,30.214,62.5154,62.5154,0.0,0.0,0.0,2489.6103,10.1489,9.0593,0.0,8.4753,0.5504,0.6055,7.526,1.95,40662.0,1.2,0.0,0.0,0.0,3.414535839103198,3.4982550421553387,3.414535839103198,14.675699999999999,0.0
5474,2012-12-24,SZSE:002091,0.5035,4.2359,3.4564,4.2769,4.2051,2973.599,4.2359,2.5166,15.8934,13.5984,21.1386,0.6521,30.2077,61.7084,61.7084,0.0,0.0,0.0,2482.4099,10.1195,9.0331,0.0,8.4508,0.5488,0.6037,3.4195,1.95,40662.0,1.2,0.0,0.0,0.0,3.4564,3.4898550862862674,3.4312678863995845,6.668025,0.0
5475,2012-12-25,SZSE:002091,0.5035,4.3385,3.5401,4.3744,4.2256,3045.5996,4.2513,2.5775,16.2782,13.9276,21.6504,0.6679,30.4385,66.3817,66.3817,0.0,0.0,0.0,2554.4105,10.413,9.2951,0.0,8.6959,0.5647,0.6213,8.6692,1.95,40662.0,1.2,0.0,0.0,0.0,3.468947131497061,3.5693934401290766,3.447976618646998,16.90494,0.0
5476,2012-12-26,SZSE:002091,0.5035,4.3641,3.561,4.3744,4.2872,3063.5996,4.3282,2.5927,16.3745,14.01,21.7784,0.6719,28.8368,67.4511,67.4512,0.0,0.0,0.0,2572.4105,10.4864,9.3606,0.0,8.7571,0.5687,0.6256,6.1456,1.95,40662.0,1.2,0.0,0.0,0.0,3.531706468687702,3.5694045507664813,3.498251460782292,11.98392,0.0
5477,2012-12-27,SZSE:002091,0.5035,4.2615,3.4773,4.3949,4.2564,2991.5997,4.3692,2.5318,15.9896,13.6807,21.2665,0.6561,28.8068,59.3218,59.3217,0.0,0.0,0.0,2500.4106,10.1929,9.0986,0.0,8.512,0.5528,0.6081,7.5497,1.95,40662.0,1.2,0.0,0.0,0.0,3.5651810770855334,3.586151770503344,3.4731385005279836,14.721915,0.0
5478,2012-12-28,SZSE:002091,0.5285,4.2821,3.4941,4.3077,4.2256,3005.9991,4.2564,2.544,16.0666,13.7466,21.3689,0.6593,28.6423,60.351,60.351,0.0,0.0,0.0,2514.81,10.2516,9.151,0.0,8.5611,0.556,0.6116,5.45,1.95,40662.0,1.2,0.0,0.0,0.0,3.4731293617617527,3.5149890404240907,3.4479972350015182,10.6275,0.0
5479,2012-12-31,SZSE:002091,0.5285,4.3436,3.5443,4.3692,4.2872,3049.1988,4.3026,2.5806,16.2975,13.9441,21.676,0.6687,28.5459,63.3471,63.3471,0.0,0.0,0.0,2558.0097,10.4277,9.3082,0.0,8.7081,0.5655,0.6221,6.845,1.95,40662.0,1.2,0.0,0.0,0.0,3.51084473247997,3.5651891426466524,3.4982786076065935,13.34775,0.0
5480,2013-01-01,SZSE:002091,0.5285,0.0,3.5443,0.0,0.0,3049.1988,0.0,2.5806,16.2975,13.9441,21.676,0.6687,28.5459,63.3471,63.3471,0.0,0.0,0.0,2558.0097,10.4277,9.3082,0.0,8.7081,0.5655,0.6221,0.0,1.95,40662.0,1.2,0.0,0.0,0.0,0.0,0.0,0.0,0.0,0.0
5481,2013-01-02,SZSE:002091,0.5285,0.0,3.5443,0.0,0.0,3049.1988,0.0,2.5806,16.2975,13.9441,21.676,0.6687,28.5459,63.3471,63.3471,0.0,0.0,0.0,2558.0097,10.4277,9.3082,0.0,8.7081,0.5655,0.6221,0.0,1.95,40662.0,1.2,0.0,0.0,0.0,0.0,0.0,0.0,0.0,0.0
5482,2013-01-03,SZSE:002091,0.5285,0.0,3.5443,0.0,0.0,3049.1988,0.0,2.5806,16.2975,13.9441,21.676,0.6687,28.5459,63.3471,63.3471,0.0,0.0,0.0,2558.0097,10.4277,9.3082,0.0,8.7081,0.5655,0.6221,0.0,1.95,40662.0,1.2,0.0,0.0,0.0,0.0,0.0,0.0,0.0,0.0
5483,2013-01-04,SZSE:002091,0.5663,4.3128,3.5192,4.4,4.2718,3027.5989,4.3949,2.5623,16.182,13.8453,21.5225,0.664,28.3514,60.8703,60.8703,0.0,0.0,0.0,2536.4099,10.3396,9.2296,0.0,8.6346,0.5608,0.6169,4.7951,1.95,40662.0,1.2,0.0,0.0,0.0,3.586192747171211,3.5903542941940274,3.48574442589501,9.350444999999999,0.0
5484,2013-01-07,SZSE:002091,0.5663,4.3641,3.561,4.3744,4.241,3063.5996,4.3077,2.5927,16.3745,14.01,21.7784,0.6719,28.2154,63.4363,63.4363,0.0,0.0,0.0,2572.4105,10.4864,9.3606,0.0,8.7571,0.5687,0.6256,6.3278,1.95,40662.0,1.2,0.0,0.0,0.0,3.514978964734997,3.5694045507664813,3.4605533787035125,12.33921,0.0
5485,2013-01-08,SZSE:002091,0.5663,4.4564,3.6363,4.5026,4.3487,3128.3991,4.3487,2.6476,16.7208,14.3063,22.239,0.6861,28.4779,67.56,67.5599,0.0,0.0,0.0,2637.21,10.7505,9.5964,0.0,8.9777,0.5831,0.6414,11.1369,1.95,40662.0,1.2,0.0,0.0,0.0,3.5484197581007084,3.6739979310654336,3.5484197581007084,21.716955000000002,0.0
5486,2013-01-09,SZSE:002091,0.5663,4.4564,3.6363,4.5333,4.4103,3128.3991,4.4462,2.6476,16.7208,14.3063,22.239,0.6861,28.1316,67.56,67.5599,0.0,0.0,0.0,2637.21,10.7505,9.5964,0.0,8.9777,0.5831,0.6414,10.1296,1.95,40662.0,1.2,0.0,0.0,0.0,3.6279770801543845,3.6990482878556676,3.598683666187954,19.75272,0.0
5487,2013-01-10,SZSE:002091,0.5663,4.4667,3.6447,4.5026,4.4205,3135.5988,4.4821,2.6537,16.7593,14.3392,22.2902,0.6877,28.1269,68.0247,68.0246,0.0,0.0,0.0,2644.4098,10.7799,9.6226,0.0,9.0023,0.5846,0.6431,8.2506,1.95,40662.0,1.2,0.0,0.0,0.0,3.6572659614480485,3.6739933776613602,3.6070021156558525,16.08867,0.0
5488,2013-01-11,SZSE:002091,0.4876,4.3231,3.5275,4.4821,4.3128,3034.7994,4.4769,2.5684,16.2205,13.8783,21.5736,0.6656,28.6344,55.9424,55.9424,0.0,0.0,0.0,2543.6103,10.369,9.2558,0.0,8.6591,0.5624,0.6186,9.73,1.95,40662.0,1.2,0.0,0.0,0.0,3.6529954777821465,3.6572384978371995,3.5190955564294137,18.9735,0.0
5489,2013-01-14,SZSE:002091,0.4876,4.5539,3.7159,4.5641,4.3128,3196.7992,4.3846,2.7055,17.0864,14.6191,22.7253,0.7011,30.4401,66.3017,66.3017,0.0,0.0,0.0,2705.6101,11.0294,9.8453,0.0,9.2106,0.5982,0.658,13.3726,1.95,40662.0,1.2,0.0,0.0,0.0,3.5777542633786426,3.724223015437318,3.519166762555173,26.07657,0.0
5490,2013-01-15,SZSE:002091,0.4876,4.6923,3.8288,4.7231,4.5744,3293.9995,4.5744,2.7877,17.6059,15.0636,23.4162,0.7224,30.984,70.7463,70.7462,0.0,0.0,0.0,2802.8104,11.4256,10.199,0.0,9.5415,0.6197,0.6817,15.0184,1.95,40662.0,1.2,0.0,0.0,0.0,3.732596534748417,3.8539320333312013,3.732596534748417,29.28588,0.0
5491,2013-01-16,SZSE:002091,0.4876,4.6513,3.7954,4.7333,4.5692,3265.1986,4.6667,2.7634,17.452,14.9319,23.2115,0.7161,30.9745,67.889,67.889,0.0,0.0,0.0,2774.0095,11.3082,10.0942,0.0,9.4434,0.6133,0.6747,13.5713,1.95,40662.0,1.2,0.0,0.0,0.0,3.8079661986971383,3.86231092812762,3.728407473179541,26.464035000000003,0.0
5492,2013-01-17,SZSE:002091,0.4876,4.6,3.7535,4.6718,4.5744,3229.1993,4.6103,2.7329,17.2596,14.7673,22.9556,0.7082,31.0504,64.3886,64.3886,0.0,0.0,0.0,2738.0102,11.1615,9.9632,0.0,9.3209,0.6053,0.6659,6.2018,1.95,40662.0,1.2,0.0,0.0,0.0,3.7619045760869563,3.8120872391304346,3.732610956521739,12.09351,0.0
5493,2013-01-18,SZSE:002091,0.4253,4.6769,3.8163,4.6872,4.5846,3283.1992,4.641,2.7786,17.5482,15.0142,23.3395,0.72,31.1516,67.1267,67.1267,0.0,0.0,0.0,2792.0102,11.3816,10.1597,0.0,9.5047,0.6173,0.679,8.0334,1.95,40662.0,1.2,0.0,0.0,0.0,3.787005986871646,3.8247046890033998,3.7409841946588553,15.66513,0.0
5494,2013-01-21,SZSE:002091,0.4253,4.8308,3.9418,4.8462,4.6205,3391.1991,4.6974,2.87,18.1254,15.5081,24.1072,0.7437,31.5817,71.7972,71.7972,0.0,0.0,0.0,2900.0101,11.8218,10.5527,0.0,9.8724,0.6412,0.7053,13.7174,1.95,40662.0,1.2,0.0,0.0,0.0,3.83294926720212,3.95436597664983,3.7702009812039416,26.748929999999998,0.0
5495,2013-01-22,SZSE:002091,0.4253,4.6872,3.8246,4.8308,4.6308,3290.399,4.8308,2.7847,17.5867,15.0471,23.3906,0.7216,32.2046,62.8254,62.8254,0.0,0.0,0.0,2799.2099,11.4109,10.1859,0.0,9.5292,0.6189,0.6808,9.4048,1.95,40662.0,1.2,0.0,0.0,0.0,3.941772845195426,3.941772845195426,3.7785794674859194,18.33936,0.0
5496,2013-01-23,SZSE:002091,0.4253,4.6564,3.7995,4.6667,4.5846,3268.7991,4.6564,2.7664,17.4712,14.9483,23.2371,0.7169,31.9232,61.0645,61.0645,0.0,0.0,0.0,2777.61,11.3229,10.1073,0.0,9.4557,0.6141,0.6755,7.1288,1.95,40662.0,1.2,0.0,0.0,0.0,3.7995,3.8079045292500644,3.740913087363629,13.901159999999999,0.0
5497,2013-01-24,SZSE:002091,0.4253,4.4872,3.6615,4.6872,4.4308,3149.9997,4.6462,2.6659,16.8362,14.4051,22.3926,0.6908,32.7422,52.3702,52.3702,0.0,0.0,0.0,2658.8106,10.8386,9.675,0.0,9.0513,0.5878,0.6466,9.9877,1.95,40662.0,1.2,0.0,0.0,0.0,3.7912420440363706,3.8246975396683904,3.615478293813514,19.476015,0.0
5498,2013-01-25,SZSE:002091,0.4467,4.4974,3.6698,4.5333,4.4154,3157.1987,4.4821,2.672,16.8747,14.438,22.4437,0.6924,32.6347,52.8087,52.8087,0.0,0.0,0.0,2666.0096,10.8679,9.7012,0.0,9.0758,0.5894,0.6484,6.5258,1.95,40662.0,1.2,0.0,0.0,0.0,3.6573154667141012,3.6990937741806373,3.6028894294481253,12.72531,0.0
5499,2013-01-28,SZSE:002091,0.4467,4.7692,3.8916,4.8205,4.4821,3347.9995,4.4872,2.8334,17.8945,15.3105,23.8001,0.7343,34.4451,62.6285,62.6285,0.0,0.0,0.0,2856.8104,11.6457,10.3955,0.0,9.7253,0.6316,0.6948,13.3378,1.95,40662.0,1.2,0.0,0.0,0.0,3.661491973496603,3.9334600771617882,3.657330445357712,26.008709999999997,0.0
5500,2013-01-29,SZSE:002091,0.4467,4.8154,3.9293,4.8462,4.7231,3380.3989,4.7641,2.8609,18.0677,15.4587,24.0304,0.7414,34.4419,63.9985,63.9985,0.0,0.0,0.0,2889.2098,11.7778,10.5134,0.0,9.8356,0.6388,0.7027,20.4742,1.95,40662.0,1.2,0.0,0.0,0.0,3.8874399073804873,3.9544323752959247,3.8539844727333135,39.92469,0.0
5501,2013-01-30,SZSE:002091,0.4467,4.759,3.8832,4.8359,4.718,3340.7991,4.8308,2.8273,17.856,15.2776,23.7489,0.7327,34.54,61.0526,61.0526,0.0,0.0,0.0,2849.61,11.6164,10.3693,0.0,9.7008,0.63,0.693,9.0079,1.95,40662.0,1.2,0.0,0.0,0.0,3.9417866274427396,3.945948073124605,3.849745240596764,17.565405,0.0
5502,2013-01-31,SZSE:002091,0.4467,4.7231,3.8539,4.7795,4.6615,3315.5994,4.7282,2.806,17.7214,15.1624,23.5698,0.7271,34.5906,59.1856,59.1856,0.0,0.0,0.0,2824.4103,11.5137,10.2776,0.0,9.615,0.6244,0.6869,6.1027,1.95,40662.0,1.2,0.0,0.0,0.0,3.8580614384620278,3.899920613580064,3.8036363511253204,11.900265,0.0
5503,2013-02-01,SZSE:002091,0.4364,4.8051,3.9209,4.8205,4.6667,3373.1985,4.7128,2.8548,18.0292,15.4258,23.9792,0.7398,34.3392,62.0428,62.0428,0.0,0.0,0.0,2882.0094,11.7485,10.4872,0.0,9.8111,0.6372,0.7009,8.8043,1.95,40662.0,1.2,0.0,0.0,0.0,3.845584383259453,3.933466202576429,3.807967374248194,17.168384999999997,0.0
5504,2013-02-04,SZSE:002091,0.4364,4.7077,3.8414,4.8513,4.7077,3304.7991,4.8103,2.7969,17.6636,15.113,23.493,0.7248,34.5827,56.9448,56.9448,0.0,0.0,0.0,2813.61,11.4696,10.2383,0.0,9.5783,0.6221,0.6843,8.4346,1.95,40662.0,1.2,0.0,0.0,0.0,3.9251197867323744,3.958575062132252,3.8414,16.44747,0.0
5505,2013-02-05,SZSE:002091,0.4364,4.7487,3.8749,4.7897,4.6154,3333.5993,4.6462,2.8213,17.8176,15.2447,23.6977,0.7311,34.5463,58.4914,58.4914,0.0,0.0,0.0,2842.4103,11.587,10.3431,0.0,9.6763,0.6284,0.6913,6.2287,1.95,40662.0,1.2,0.0,0.0,0.0,3.791260846126308,3.908355661549476,3.766128300376945,12.145965,0.0
5506,2013-02-06,SZSE:002091,0.4364,4.8564,3.9627,4.9333,4.7385,3409.1991,4.7692,2.8852,18.2216,15.5904,24.2352,0.7477,34.7882,62.3178,62.3178,0.0,0.0,0.0,2918.01,11.8952,10.6182,0.0,9.9337,0.6451,0.7097,11.0171,1.95,40662.0,1.2,0.0,0.0,0.0,3.89154699777613,4.025448461823573,3.86649657153447,21.483344999999996,0.0
5507,2013-02-07,SZSE:002091,0.4364,4.8667,3.9711,4.9333,4.7692,3416.3988,4.8718,2.8913,18.2601,15.6233,24.2863,0.7493,34.7835,62.6708,62.6708,0.0,0.0,0.0,2925.2098,11.9246,10.6444,0.0,9.9582,0.6467,0.7114,5.1232,1.95,40662.0,1.2,0.0,0.0,0.0,3.975261466702283,4.025443859288635,3.89154254833871,9.99024,0.0
5508,2013-02-08,SZSE:002091,0.4273,4.8821,3.9837,5.0154,4.8462,3427.1984,5.0154,2.9005,18.3178,15.6727,24.3631,0.7516,33.7747,63.2271,63.2271,0.0,0.0,0.0,2936.0093,11.9686,10.6837,0.0,9.9949,0.6491,0.7141,7.557,1.95,40662.0,1.2,0.0,0.0,0.0,4.092470244362056,4.092470244362056,3.954406288277585,14.73615,0.0
5509,2013-02-11,SZSE:002091,0.4273,0.0,3.9837,0.0,0.0,3427.1984,0.0,2.9005,18.3178,15.6727,24.3631,0.7516,33.7747,63.2271,63.2271,0.0,0.0,0.0,2936.0093,11.9686,10.6837,0.0,9.9949,0.6491,0.7141,0.0,1.95,40662.0,1.2,0.0,0.0,0.0,0.0,0.0,0.0,0.0,0.0
5510,2013-02-12,SZSE:002091,0.4273,0.0,3.9837,0.0,0.0,3427.1984,0.0,2.9005,18.3178,15.6727,24.3631,0.7516,33.7747,63.2271,63.2271,0.0,0.0,0.0,2936.0093,11.9686,10.6837,0.0,9.9949,0.6491,0.7141,0.0,1.95,40662.0,1.2,0.0,0.0,0.0,0.0,0.0,0.0,0.0,0.0
5511,2013-02-13,SZSE:002091,0.4273,0.0,3.9837,0.0,0.0,3427.1984,0.0,2.9005,18.3178,15.6727,24.3631,0.7516,33.7747,63.2271,63.2271,0.0,0.0,0.0,2936.0093,11.9686,10.6837,0.0,9.9949,0.6491,0.7141,0.0,1.95,40662.0,1.2,0.0,0.0,0.0,0.0,0.0,0.0,0.0,0.0
5512,2013-02-14,SZSE:002091,0.4273,0.0,3.9837,0.0,0.0,3427.1984,0.0,2.9005,18.3178,15.6727,24.3631,0.7516,33.7747,63.2271,63.2271,0.0,0.0,0.0,2936.0093,11.9686,10.6837,0.0,9.9949,0.6491,0.7141,0.0,1.95,40662.0,1.2,0.0,0.0,0.0,0.0,0.0,0.0,0.0,0.0
5513,2013-02-15,SZSE:002091,0.3857,0.0,3.9837,0.0,0.0,3427.1984,0.0,2.9005,18.3178,15.6727,24.3631,0.7516,33.7747,63.2271,63.2271,0.0,0.0,0.0,2936.0093,11.9686,10.6837,0.0,9.9949,0.6491,0.7141,0.0,1.95,40662.0,1.2,0.0,0.0,0.0,0.0,0.0,0.0,0.0,0.0
5514,2013-02-18,SZSE:002091,0.3857,4.9487,4.0381,5.0103,4.8872,3473.9993,4.9744,2.9401,18.568,15.8867,24.6958,0.7619,34.3139,65.6186,65.6186,0.0,0.0,0.0,2982.8103,12.1594,10.854,0.0,10.1543,0.6595,0.7254,7.8122,1.95,40662.0,1.2,0.0,0.0,0.0,4.059070996423304,4.08836511204963,3.987916487158244,15.233789999999999,0.0
5515,2013-02-19,SZSE:002091,0.3857,4.7846,3.9042,4.959,4.7692,3358.799,4.9026,2.8426,17.9522,15.3599,23.8769,0.7366,35.1123,55.9698,55.9698,0.0,0.0,0.0,2867.61,11.6898,10.4348,0.0,9.7621,0.634,0.6974,8.2375,1.95,40662.0,1.2,0.0,0.0,0.0,4.000487171341386,4.04650917527066,3.891633708146971,16.063125,0.0
5516,2013-02-20,SZSE:002091,0.3857,4.8872,3.9878,4.8923,4.7539,3430.799,4.7897,2.9035,18.3371,15.6892,24.3887,0.7524,35.2515,59.9351,59.9351,0.0,0.0,0.0,2939.6099,11.9833,10.6968,0.0,10.0072,0.6499,0.7149,5.5386,1.95,40662.0,1.2,0.0,0.0,0.0,3.9082430962514323,3.991961438042233,3.879031433131445,10.80027,0.0
5517,2013-02-21,SZSE:002091,0.3857,4.7128,3.8456,4.8718,4.6923,3308.3989,4.8564,2.7999,17.6829,15.1294,23.5186,0.7256,35.9772,51.452,51.452,0.0,0.0,0.0,2817.2099,11.4843,10.2514,0.0,9.5905,0.6228,0.6852,7.7908,1.95,40662.0,1.2,0.0,0.0,0.0,3.9627762349346463,3.9753424885418442,3.8288721948735365,15.19206,0.0
5518,2013-02-22,SZSE:002091,0.401,4.6667,3.8079,4.7539,4.6513,3275.9988,4.7128,2.7725,17.5097,14.9813,23.2883,0.7185,36.0231,49.4565,49.4565,0.0,0.0,0.0,2784.8098,11.3522,10.1335,0.0,9.4802,0.6157,0.6773,4.7766,1.95,40662.0,1.2,0.0,0.0,0.0,3.84551634345469,3.87905282319412,3.7953340197570022,9.31437,0.0
5519,2013-02-25,SZSE:002091,0.401,4.7282,3.8581,4.7487,4.6308,3319.1985,4.6513,2.8091,17.7406,15.1788,23.5954,0.7279,36.05,52.1227,52.1227,0.0,0.0,0.0,2828.0094,11.5283,10.2907,0.0,9.6273,0.6252,0.6878,4.3739,1.95,40662.0,1.2,0.0,0.0,0.0,3.795351408569857,3.8748275178714944,3.7786238906983627,8.529105,0.0
5520,2013-02-26,SZSE:002091,0.401,4.6205,3.7702,4.7436,4.5949,3243.5987,4.6923,2.7451,17.3365,14.8331,23.0579,0.7114,36.0958,47.4095,47.4094,0.0,0.0,0.0,2752.4096,11.2202,10.0156,0.0,9.3699,0.6085,0.6694,5.1297,1.95,40662.0,1.2,0.0,0.0,0.0,3.828786810951196,3.8706461898062985,3.7493111091873175,10.002915,0.0
5521,2013-02-27,SZSE:002091,0.401,4.6205,3.7702,4.6821,4.5846,3243.5987,4.6359,2.7451,17.3365,14.8331,23.0579,0.7114,35.6009,47.4095,47.4094,0.0,0.0,0.0,2752.4096,11.2202,10.0156,0.0,9.3699,0.6085,0.6694,5.563,1.95,40662.0,1.2,0.0,0.0,0.0,3.7827659733795054,3.8204638935180175,3.7409065945244024,10.84785,0.0
5522,2013-02-28,SZSE:002091,0.401,4.8051,3.9209,4.8154,4.6564,3373.1985,4.6615,2.8548,17.6789,14.8729,20.4076,0.7055,34.8768,55.4235,55.4235,0.0,0.0,0.0,2882.0094,11.7969,10.6377,0.0,9.4492,0.6006,0.6802,8.3643,1.95,40662.0,1.2,2.415,0.0,0.0,3.803724240910699,3.9293046679569628,3.7995627062912316,16.310385,0.0
5523,2013-03-01,SZSE:002091,0.4289,4.8974,3.9962,4.9282,4.8,3437.9987,4.8615,2.9096,18.0185,15.1586,20.7996,0.7191,35.0823,58.8038,58.8038,0.0,0.0,0.0,2946.8096,12.0621,10.8768,0.0,9.6617,0.6141,0.6955,9.1041,1.95,40662.0,1.2,2.4613,0.0,0.0,3.966906174704946,4.021332306938376,3.916723159227345,17.752995000000002,0.0
5524,2013-03-04,SZSE:002091,0.4289,4.918,4.013,5.0769,4.7744,3452.3988,4.8256,2.9218,18.094,15.2221,20.8867,0.7221,34.7613,59.5381,59.5381,0.0,0.0,0.0,2961.2097,12.121,10.93,0.0,9.7089,0.6171,0.6989,16.861,1.95,40662.0,1.2,2.4717,0.0,0.0,3.9376032533550216,4.142659556730378,3.895824969499796,32.87895,0.0
5525,2013-03-05,SZSE:002091,0.4289,5.2769,4.3059,5.3128,4.9282,3704.3992,5.0,3.1351,19.4147,16.3332,22.4113,0.7748,36.8864,69.7123,69.7123,0.0,0.0,0.0,3213.2102,13.1526,11.8601,0.0,10.5351,0.6696,0.7584,27.0299,1.95,40662.0,1.2,2.6521,0.0,0.0,4.0799522446891165,4.335194057116867,4.021364130455381,52.708305,0.0
5526,2013-03-06,SZSE:002091,0.4289,5.3282,4.3477,5.4,5.2359,3740.3992,5.2821,3.1655,19.6034,16.4919,22.6291,0.7823,36.82,70.8404,70.8403,0.0,0.0,0.0,3249.2101,13.2999,11.993,0.0,10.6532,0.6771,0.7669,18.3263,1.95,40662.0,1.2,2.6778,0.0,0.0,4.3100833621110315,4.406287301527721,4.272385126309072,35.736285,0.0
5527,2013-03-07,SZSE:002091,0.4289,5.241,4.2766,5.4359,5.1949,3679.1996,5.2821,3.1137,19.2827,16.2221,22.2589,0.7695,36.9923,66.3184,66.3184,0.0,0.0,0.0,3188.0105,13.0494,11.7671,0.0,10.4525,0.6643,0.7524,13.0182,1.95,40662.0,1.2,2.634,0.0,0.0,4.310137160847167,4.4356363174966615,4.238982892577752,25.38549,0.0
5528,2013-03-08,SZSE:002091,0.5255,5.0923,4.1552,5.3231,4.9692,3574.7995,5.2205,2.9377,18.7355,15.7618,26.048,0.7425,37.3481,59.3577,59.3577,0.0,0.0,0.0,3120.2998,12.4836,11.2476,0.0,10.2641,0.6461,0.6381,12.6657,1.95,40662.0,1.2,2.5171,0.0,0.0,4.259808259529093,4.343527506234904,4.054753223494295,24.698114999999998,0.0
5529,2013-03-11,SZSE:002091,0.5255,5.4615,4.4565,5.4615,5.0256,3833.9997,5.0667,3.1507,20.094,16.9046,27.9367,0.7963,39.5522,68.2639,68.2639,0.0,0.0,0.0,3379.4999,13.5206,12.1819,0.0,11.1168,0.6998,0.6911,20.453,1.95,40662.0,1.2,2.6996,0.0,0.0,4.134349272177973,4.4565,4.100812304312002,39.88335,0.0
5530,2013-03-12,SZSE:002091,0.5255,5.2769,4.3059,5.5077,5.2205,3704.3992,5.4103,3.0442,19.4147,16.3332,26.9923,0.7694,40.4392,61.0591,61.0591,0.0,0.0,0.0,3249.8995,13.0021,11.7148,0.0,10.6905,0.673,0.6646,17.1217,1.95,40662.0,1.2,2.6084,0.0,0.0,4.414753125888305,4.494230595614849,4.259878138679907,33.387315,0.0
5531,2013-03-13,SZSE:002091,0.5255,5.2462,4.2808,5.4564,5.1846,3682.7994,5.2718,3.0265,19.3015,16.2379,26.835,0.7649,40.3459,59.924,59.924,0.0,0.0,0.0,3228.2997,12.9157,11.6369,0.0,10.6194,0.6685,0.6602,13.6591,1.95,40662.0,1.2,2.5932,0.0,0.0,4.301689115931532,4.452319225344059,4.2305355647897525,26.635245,0.0
5532,2013-03-14,SZSE:002091,0.5255,5.641,4.603,5.7231,5.1692,3959.9996,5.1846,3.2543,20.7543,17.4602,28.8548,0.8225,41.2725,68.1163,68.1163,0.0,0.0,0.0,3505.4998,14.0247,12.6361,0.0,11.5313,0.7259,0.7169,23.6113,1.95,40662.0,1.2,2.7884,0.0,0.0,4.230582130827867,4.669992784967204,4.218015883708562,46.042035,0.0
5533,2013-03-15,SZSE:002091,0.363,5.7128,4.6615,5.7436,5.4974,4010.3989,5.5795,3.2957,21.0185,17.6824,29.222,0.8329,40.9278,69.3433,69.3433,0.0,0.0,0.0,3555.8992,14.2263,12.8178,0.0,11.697,0.7363,0.7272,16.136,1.95,40662.0,1.2,2.8238,0.0,0.0,4.552730578700463,4.686632019325025,4.485739059655511,31.4652,0.0
5534,2013-03-18,SZSE:002091,0.363,5.5436,4.5235,5.7949,5.5231,3891.5988,5.641,3.1981,20.3958,17.1586,28.3564,0.8083,41.9555,63.1718,63.1718,0.0,0.0,0.0,3437.099,13.751,12.3896,0.0,11.3063,0.7117,0.7029,12.9063,1.95,40662.0,1.2,2.7402,0.0,0.0,4.602977036582726,4.728557282271449,4.506772286961542,25.167285,0.0
5535,2013-03-19,SZSE:002091,0.363,5.5487,4.5276,5.5846,5.3949,3895.1993,5.4769,3.201,20.4147,17.1744,28.3826,0.809,41.965,63.2785,63.2784,0.0,0.0,0.0,3440.6996,13.7654,12.4026,0.0,11.3181,0.7125,0.7036,7.6405,1.95,40662.0,1.2,2.7427,0.0,0.0,4.469013001243534,4.556893499378233,4.402103058374033,14.898975,0.0
5536,2013-03-20,SZSE:002091,0.363,5.6821,4.6364,5.6923,5.4821,3988.7991,5.5385,3.278,20.9053,17.5871,29.0646,0.8285,42.1389,66.0328,66.0328,0.0,0.0,0.0,3534.2994,14.1399,12.7399,0.0,11.626,0.7319,0.7228,9.6536,1.95,40662.0,1.2,2.8086,0.0,0.0,4.51922729272628,4.644722852466518,4.4732068143820065,18.82452,0.0
5537,2013-03-21,SZSE:002091,0.363,5.6359,4.5988,5.718,5.5692,3956.399,5.6769,3.2513,20.7355,17.4443,28.8286,0.8217,42.218,64.2367,64.2367,0.0,0.0,0.0,3501.8993,14.0103,12.6232,0.0,11.5194,0.7252,0.7161,7.8208,1.95,40662.0,1.2,2.7858,0.0,0.0,4.6322553132596385,4.665792224844301,4.5443739172093185,15.25056,0.0
5538,2013-03-22,SZSE:002091,0.4045,5.5846,4.5569,5.6359,5.4872,3920.399,5.6308,3.2217,20.5468,17.2856,28.5662,0.8142,41.9445,62.2118,62.2119,0.0,0.0,0.0,3465.8993,13.8663,12.4934,0.0,11.401,0.7177,0.7088,8.5317,1.95,40662.0,1.2,2.7605,0.0,0.0,4.594598094760591,4.598759572753644,4.477423930093471,16.636815000000002,0.0
5539,2013-03-25,SZSE:002091,0.4045,5.3744,4.3854,5.6103,5.3641,3772.7993,5.559,3.1005,19.7732,16.6348,27.4907,0.7836,43.0655,54.6111,54.6111,0.0,0.0,0.0,3318.2996,13.2757,11.9613,0.0,10.9155,0.6871,0.6786,10.6078,1.95,40662.0,1.2,2.6565,0.0,0.0,4.536029807978565,4.577889554182792,4.376995411580827,20.685209999999998,0.0
5540,2013-03-26,SZSE:002091,0.4045,5.5282,4.5109,5.5539,5.3333,3880.7992,5.3744,3.1892,20.3392,17.1109,28.2777,0.806,43.3706,58.5971,58.5971,0.0,0.0,0.0,3426.2995,13.7078,12.3506,0.0,11.2707,0.7095,0.7007,10.5512,1.95,40662.0,1.2,2.7326,0.0,0.0,4.38540229369415,4.531870683043305,4.351865520422561,20.57484,0.0
5541,2013-03-27,SZSE:002091,0.4045,5.641,4.603,5.7385,5.441,3959.9996,5.5128,3.2543,20.7543,17.4602,28.8548,0.8225,43.075,61.2823,61.2823,0.0,0.0,0.0,3505.4998,14.0247,12.6361,0.0,11.5313,0.7259,0.7169,13.5214,1.95,40662.0,1.2,2.7884,0.0,0.0,4.498390072682149,4.682559032086509,4.43980198546357,26.36673,0.0
5542,2013-03-28,SZSE:002091,0.4045,5.4615,4.4565,5.6256,5.4359,3833.9997,5.5539,3.1507,20.094,16.9046,27.9367,0.7963,43.7912,55.1538,55.1538,0.0,0.0,0.0,3379.4999,13.5206,12.1819,0.0,11.1168,0.6998,0.6911,6.9163,1.95,40662.0,1.2,2.6996,0.0,0.0,4.531896978851964,4.590403076078001,4.435610793737984,13.486785,0.0
5543,2013-03-29,SZSE:002091,0.3567,5.3846,4.3937,5.5026,5.3641,3779.9997,5.4615,3.1064,19.811,16.6665,27.5432,0.7851,43.573,52.7205,52.7204,0.0,0.0,0.0,3325.5,13.3046,11.9873,0.0,10.9391,0.6886,0.6801,5.0643,1.95,40662.0,1.2,2.6616,0.0,0.0,4.456448491995691,4.489985072243063,4.376972508635739,9.875385,0.0
5544,2013-04-01,SZSE:002091,0.3567,5.3333,4.3519,5.4462,5.2821,3743.9998,5.3897,3.0768,19.6223,16.5078,27.2809,0.7776,43.6078,51.1018,51.1018,0.0,0.0,0.0,3289.5,13.1605,11.8575,0.0,10.8207,0.6812,0.6727,5.5259,1.95,40662.0,1.2,2.6363,0.0,0.0,4.397921630135188,4.444024858905367,4.310121498884367,10.775504999999999,0.0
5545,2013-04-02,SZSE:002091,0.3567,5.2308,4.2682,5.4462,5.2051,3671.9998,5.3333,3.0176,19.2449,16.1903,26.7563,0.7627,43.4876,47.9321,47.932,0.0,0.0,0.0,3217.5001,12.8725,11.598,0.0,10.5839,0.6663,0.658,6.38,1.95,40662.0,1.2,2.5856,0.0,0.0,4.35183739772119,4.443960931406286,4.247229452473809,12.440999999999999,0.0
5546,2013-04-03,SZSE:002091,0.3567,5.3231,4.3435,5.4667,5.1795,3736.7994,5.241,3.0709,19.5845,16.476,27.2284,0.7761,43.2109,50.8848,50.8848,0.0,0.0,0.0,3282.2996,13.1317,11.8316,0.0,10.797,0.6797,0.6712,6.5122,1.95,40662.0,1.2,2.6312,0.0,0.0,4.276508707332193,4.460673564276455,4.226326435723544,12.698789999999999,0.0
5547,2013-04-04,SZSE:002091,0.3567,0.0,4.3435,0.0,0.0,3736.7994,0.0,3.0709,19.5845,16.476,27.2284,0.7761,43.2109,50.8848,50.8848,0.0,0.0,0.0,3282.2996,13.1317,11.8316,0.0,10.797,0.6797,0.6712,0.0,1.95,40662.0,1.2,2.6312,0.0,0.0,0.0,0.0,0.0,0.0,0.0
5548,2013-04-05,SZSE:002091,0.3696,0.0,4.3435,0.0,0.0,3736.7994,0.0,3.0709,19.5845,16.476,27.2284,0.7761,43.2109,50.8848,50.8848,0.0,0.0,0.0,3282.2996,13.1317,11.8316,0.0,10.797,0.6797,0.6712,0.0,1.95,40662.0,1.2,2.6312,0.0,0.0,0.0,0.0,0.0,0.0,0.0
5549,2013-04-08,SZSE:002091,0.3696,5.4205,4.423,5.4256,5.1385,3805.1987,5.2769,3.1271,19.943,16.7776,27.7268,0.7903,43.8371,53.8592,53.8593,0.0,0.0,0.0,3350.699,13.4054,12.0781,0.0,11.022,0.6938,0.6852,4.036,1.95,40662.0,1.2,2.6794,0.0,0.0,4.305825790978693,4.427161479568306,4.192894659164284,7.870199999999999,0.0
5550,2013-04-09,SZSE:002091,0.3696,5.6103,4.5779,5.6256,5.4051,3938.399,5.4615,3.2365,20.6411,17.3649,28.6974,0.818,44.3067,59.059,59.059,0.0,0.0,0.0,3483.8993,13.9383,12.5583,0.0,11.4602,0.7214,0.7125,10.2497,1.95,40662.0,1.2,2.7731,0.0,0.0,4.456481979573285,4.590384514197102,4.4104606331212235,19.986915,0.0
5551,2013-04-10,SZSE:002091,0.3696,5.8462,4.7703,6.0359,5.6103,4103.9994,5.641,3.3726,21.509,18.0951,29.9041,0.8524,44.9818,64.4265,64.4265,0.0,0.0,0.0,3649.4997,14.6008,13.1552,0.0,12.0049,0.7557,0.7463,21.03,1.95,40662.0,1.2,2.8897,0.0,0.0,4.602863791864801,4.925088736273135,4.577813637918648,41.0085,0.0
5552,2013-04-11,SZSE:002091,0.3696,5.8462,4.7703,5.9744,5.7949,4103.9994,5.8718,3.3726,21.509,18.0951,29.9041,0.8524,44.2845,64.4265,64.4265,0.0,0.0,0.0,3649.4997,14.6008,13.1552,0.0,12.0049,0.7557,0.7463,8.6161,1.95,40662.0,1.2,2.8897,0.0,0.0,4.791188727720571,4.874906831788171,4.728440947966201,16.801395,0.0
5553,2013-04-12,SZSE:002091,0.4362,5.8,4.7327,5.9333,5.7436,4071.6,5.8462,3.346,21.3392,17.9522,29.668,0.8456,43.9794,62.5653,62.5653,0.0,0.0,0.0,3617.1003,14.4712,13.0384,0.0,11.8984,0.749,0.7397,5.9023,1.95,40662.0,1.2,2.8669,0.0,0.0,4.770398403448276,4.841470501724138,4.686678572413793,11.509485,0.0
5554,2013-04-15,SZSE:002091,0.4362,5.6718,4.6281,5.8462,5.5641,3981.5994,5.8154,3.0617,20.4709,17.5554,28.3396,0.7603,43.2283,57.5885,57.5885,0.0,0.0,0.0,3548.8153,13.1132,11.8965,0.0,11.6737,0.6784,0.7257,6.8327,1.95,40662.0,1.2,2.8036,0.0,0.0,4.745275351740188,4.770407669522902,4.540218486194859,13.323765,0.0
5555,2013-04-16,SZSE:002091,0.4362,5.7436,4.6867,5.7795,5.5385,4031.9988,5.6256,3.1004,20.73,17.7776,28.6983,0.7699,43.192,59.5299,59.5299,0.0,0.0,0.0,3599.2147,13.2994,12.0654,0.0,11.8395,0.688,0.736,3.9199,1.95,40662.0,1.2,2.8391,0.0,0.0,4.590413594261439,4.715993914966223,4.519341171042552,7.643805,0.0
5556,2013-04-17,SZSE:002091,0.4362,5.918,4.8812,5.918,5.6718,4154.3988,5.7282,3.1946,21.3593,18.3173,29.5695,0.7933,43.4181,63.857,65.2238,0.0,0.0,0.0,3721.6147,13.7517,12.4757,0.0,12.2422,0.7114,0.7611,5.622,1.95,40662.0,1.2,2.9252,0.0,0.0,4.7246518823927,4.8812,4.678132842176411,10.9629,0.062
5557,2013-04-18,SZSE:002091,0.4362,5.7846,4.7713,5.9949,5.7436,4060.799,5.8974,3.1226,20.8781,17.9046,28.9033,0.7754,43.7074,58.6893,60.0787,0.0,0.0,0.0,3628.0149,13.4058,12.162,0.0,11.9343,0.6935,0.7419,7.7021,1.95,40662.0,1.2,2.8593,0.0,0.0,4.864340597448398,4.944761326625868,4.737482052345884,15.019094999999998,0.0
5558,2013-04-19,SZSE:002091,0.4386,5.8359,4.8136,5.9231,5.7846,4096.799,5.8205,3.1503,21.0632,18.0633,29.1595,0.7823,43.3359,60.0291,61.3418,0.0,0.0,0.0,3664.0149,13.5388,12.2827,0.0,12.0527,0.7004,0.7493,8.6537,1.95,40662.0,1.2,2.8847,0.0,0.0,4.800897685018592,4.885524796518104,4.7712864442502445,16.874715000000002,0.0
5559,2013-04-22,SZSE:002091,0.4386,6.1744,5.0927,6.2154,5.7539,4334.3986,5.8051,3.333,22.2848,19.1109,30.8507,0.8277,44.0932,67.5171,68.4395,0.0,0.0,0.0,3901.6145,14.4168,13.0791,0.0,12.8343,0.7458,0.7979,18.8028,1.95,40662.0,1.2,3.052,0.0,0.0,4.788098077545996,5.126517164420834,4.745867862464368,36.66546,0.0
5560,2013-04-23,SZSE:002091,0.4386,6.1128,5.042,6.2256,6.0513,4291.1982,6.2205,3.2997,22.0627,18.9205,30.5432,0.8194,44.1391,65.1281,66.0644,0.0,0.0,0.0,3858.4142,14.2571,12.9343,0.0,12.6922,0.7376,0.789,15.2318,1.95,40662.0,1.2,3.0216,0.0,0.0,5.130833824106793,5.135040439733019,4.991273164507263,29.702009999999998,0.0
5561,2013-04-24,SZSE:002091,0.4386,6.5641,5.4142,6.6923,6.0564,4607.9996,6.1026,3.5434,23.6915,20.3173,32.798,0.8799,45.3676,72.7444,73.3642,0.0,0.0,0.0,4175.2155,15.4278,13.9963,0.0,13.7343,0.7981,0.8538,24.1548,1.95,40662.0,1.2,3.2446,0.0,0.0,5.033545637635014,5.519941905211683,4.995438960405845,47.10186,0.0
5562,2013-04-25,SZSE:002091,0.4386,5.9487,4.9066,6.6615,5.9077,4175.9993,6.5026,3.2112,21.4704,18.4125,29.7232,0.7974,50.4257,55.0786,55.7525,0.0,0.0,0.0,3743.2152,13.8315,12.5482,0.0,12.3132,0.7155,0.7655,30.9189,1.95,40662.0,1.2,2.9404,0.0,0.0,5.3634671709785335,5.494530889101822,4.872782426412494,60.291855,0.0
5563,2013-04-26,SZSE:002091,0.4784,6.3487,5.2365,6.4103,6.041,4456.7993,6.0974,3.4271,22.9141,19.6506,32.1635,0.851,51.5182,61.6054,62.1182,0.0,0.0,0.0,4024.0152,14.9427,13.5495,0.0,13.2369,0.7692,0.8229,27.376,1.95,40662.0,1.2,3.1382,0.0,0.0,5.0292241088726835,5.2873085749838555,4.982704569439414,53.3832,0.0
5564,2013-04-29,SZSE:002091,0.4784,0.0,5.2365,0.0,0.0,4456.7993,0.0,3.4271,22.9141,19.6506,32.1635,0.851,51.5182,61.6054,62.1182,0.0,0.0,0.0,4024.0152,14.9427,13.5495,0.0,13.2369,0.7692,0.8229,0.0,1.95,40662.0,1.2,3.1382,0.0,0.0,0.0,0.0,0.0,0.0,0.0
5565,2013-04-30,SZSE:002091,0.4784,0.0,5.2365,0.0,0.0,4456.7993,0.0,3.4271,22.9141,19.6506,32.1635,0.851,51.5182,61.6054,62.1182,0.0,0.0,0.0,4024.0152,14.9427,13.5495,0.0,13.2369,0.7692,0.8229,0.0,1.95,40662.0,1.2,3.1382,0.0,0.0,0.0,0.0,0.0,0.0,0.0
5566,2013-05-01,SZSE:002091,0.4784,0.0,5.2365,0.0,0.0,4456.7993,0.0,3.4271,22.9141,19.6506,32.1635,0.851,51.5182,61.6054,62.1182,0.0,0.0,0.0,4024.0152,14.9427,13.5495,0.0,13.2369,0.7692,0.8229,0.0,1.95,40662.0,1.2,3.1382,0.0,0.0,0.0,0.0,0.0,0.0,0.0
5567,2013-05-02,SZSE:002091,0.4784,6.8667,5.6637,6.9846,6.2615,4820.3988,6.3128,3.7067,24.7835,21.2538,34.7875,0.9205,54.2204,68.074,68.4481,0.0,0.0,0.0,4387.6147,16.2929,14.7738,0.0,14.4329,0.8387,0.8973,27.1938,1.95,40662.0,1.2,3.3942,0.0,0.0,5.206839582332125,5.76094470706453,5.164526999868933,53.02791,0.0
5568,2013-05-03,SZSE:002091,0.6675,7.5539,6.2305,7.5539,7.0718,5302.7992,7.0718,4.0776,27.2637,23.3807,38.2688,1.0126,56.9526,74.268,74.5291,0.0,0.0,0.0,4870.0151,18.0843,16.3981,0.0,16.0198,0.9309,0.9959,32.2425,1.95,40662.0,1.2,3.7339,0.0,0.0,5.832861157812522,6.2305,5.832861157812522,62.872875,0.0
5569,2013-05-06,SZSE:002091,0.6675,8.3077,6.8523,8.3077,8.0308,5831.9998,8.1949,4.4846,29.9845,25.714,42.0879,1.1136,60.6035,79.0662,79.253,0.0,0.0,0.0,5399.2157,20.0494,18.18,0.0,17.7606,1.0321,1.1041,57.6582,1.95,40662.0,1.2,4.1065,0.0,0.0,6.759261079480482,6.8523,6.623909245639585,112.43348999999999,0.0
5570,2013-05-07,SZSE:002091,0.6675,8.7333,7.2034,8.8103,8.318,6130.7991,8.4667,4.7143,31.5208,27.0315,44.2443,1.1707,61.1885,81.198,81.3556,0.0,0.0,0.0,5698.015,21.159,19.1861,0.0,18.7435,1.0892,1.1652,60.7618,1.95,40662.0,1.2,4.3169,0.0,0.0,6.983503003446578,7.266911135538685,6.86085227806213,118.48551,0.0
5571,2013-05-08,SZSE:002091,0.6675,8.8718,7.3176,8.959,8.5692,6227.9994,8.7026,4.7891,32.0205,27.4601,44.9457,1.1892,61.1711,81.8457,81.9948,0.0,0.0,0.0,5795.2153,21.5199,19.5134,0.0,19.0632,1.1078,1.1851,54.1798,1.95,40662.0,1.2,4.3853,0.0,0.0,7.178041182172727,7.389523929754953,7.068010766698978,105.65061,0.0
5572,2013-05-09,SZSE:002091,0.6675,9.759,8.0494,9.759,8.7231,6850.7991,8.9897,5.268,35.2226,30.2061,49.4403,1.3082,63.2313,85.3322,85.4396,0.0,0.0,0.0,6418.015,23.8326,21.6104,0.0,21.1119,1.2268,1.3125,76.3446,1.95,40662.0,1.2,4.8238,0.0,0.0,7.414867422891689,8.0494,7.194970913003382,148.87197,0.0
5573,2013-05-10,SZSE:002091,0.7405,9.8718,8.1424,10.1026,9.3641,6929.9994,9.9231,5.3289,35.6298,30.5553,50.0119,1.3233,62.6447,85.7081,85.8113,0.0,0.0,0.0,6497.2153,24.1267,21.8771,0.0,21.3724,1.242,1.3287,47.0961,1.95,40662.0,1.2,4.8796,0.0,0.0,8.184712964201058,8.33276709819891,7.723641872809417,91.837395,0.0
5574,2013-05-13,SZSE:002091,0.7405,9.359,7.7194,9.7333,9.2872,6569.9991,9.6308,5.052,33.7789,28.968,47.4139,1.2545,63.6266,76.1548,76.2779,0.0,0.0,0.0,6137.215,22.7899,20.6649,0.0,20.1882,1.1732,1.2551,42.0003,1.95,40662.0,1.2,4.6261,0.0,0.0,7.9435834512234225,8.028126511379421,7.660178617373652,81.900585,0.0
5575,2013-05-14,SZSE:002091,0.7405,9.1795,7.5714,9.4769,8.9282,6443.9999,9.3692,4.9552,33.1311,28.4124,46.5046,1.2305,63.3879,73.0844,73.2121,0.0,0.0,0.0,6011.2158,22.322,20.2407,0.0,19.7737,1.1491,1.2293,52.0949,1.95,40662.0,1.2,4.5374,0.0,0.0,7.727867626777057,7.816700327904569,7.364123697369137,101.585055,0.0
5576,2013-05-15,SZSE:002091,0.7405,9.2615,7.6391,9.3077,8.9744,6501.5997,9.0769,4.9995,33.4272,28.6664,46.9202,1.2415,62.8313,73.6082,73.7319,0.0,0.0,0.0,6068.8156,22.5359,20.4346,0.0,19.9632,1.1601,1.2411,38.021,1.95,40662.0,1.2,4.578,0.0,0.0,7.486837638611457,7.677206831506775,7.402293261350753,74.14095,0.0
5577,2013-05-16,SZSE:002091,0.7405,8.9744,7.4022,9.4872,8.8205,6299.9986,9.1846,4.8444,32.3907,27.7775,45.4653,1.203,62.8993,68.5773,68.707,0.0,0.0,0.0,5867.2145,21.7873,19.7558,0.0,19.3001,1.1215,1.1998,50.1794,1.95,40662.0,1.2,4.436,0.0,0.0,7.575575650739881,7.825164004278838,7.275261309948297,97.84983,0.0
5578,2013-05-17,SZSE:002091,0.9378,9.2051,7.5926,9.4359,8.9026,6461.9992,8.9539,4.969,33.2236,28.4918,46.6345,1.2339,62.4408,70.3321,70.4498,0.0,0.0,0.0,6029.2151,22.3888,20.3013,0.0,19.8329,1.1525,1.233,33.4113,1.95,40662.0,1.2,4.5501,0.0,0.0,7.385403867421322,7.7829696950603475,7.343090326014926,65.152035,0.0
5579,2013-05-20,SZSE:002091,0.9378,9.5641,7.8886,9.6256,9.0359,6713.9996,9.1026,5.1628,34.5192,29.6029,48.4531,1.282,63.0495,72.8701,72.9714,0.0,0.0,0.0,6281.2155,23.3246,21.1498,0.0,20.6619,1.2007,1.2845,44.2847,1.95,40662.0,1.2,4.7275,0.0,0.0,7.507948511621586,7.939326037996258,7.45293344277036,86.355165,0.0
5580,2013-05-21,SZSE:002091,0.9378,8.8154,7.2711,9.4359,8.7641,6188.3989,9.4359,4.7586,31.8169,27.2855,44.66,1.1817,65.2157,61.1249,61.2344,0.0,0.0,0.0,5755.6148,21.3728,19.38,0.0,18.9329,1.1002,1.177,70.3643,1.95,40662.0,1.2,4.3574,0.0,0.0,7.782899526964175,7.782899526964175,7.228786840075322,137.210385,0.0
5581,2013-05-22,SZSE:002091,0.9378,8.8103,7.2669,8.9539,8.5641,6184.799,8.8718,4.7558,31.7984,27.2696,44.634,1.181,65.116,61.0523,61.1618,0.0,0.0,0.0,5752.0149,21.3595,19.3679,0.0,18.9211,1.0995,1.1763,59.0632,1.95,40662.0,1.2,4.3549,0.0,0.0,7.317626348705493,7.38534396218063,7.063829641442402,115.17324,0.0
5582,2013-05-23,SZSE:002091,0.9378,8.6154,7.1061,8.8,8.5026,6047.9996,8.7077,4.6507,31.0951,26.6664,43.6467,1.1549,64.9152,58.2229,58.333,0.0,0.0,0.0,5615.2155,20.8515,18.9073,0.0,18.4711,1.0734,1.1483,29.4159,1.95,40662.0,1.2,4.2586,0.0,0.0,7.18223030503517,7.258360610070341,7.013061013998189,57.361005,0.0
5583,2013-05-24,SZSE:002091,0.9923,8.6974,7.1738,8.7897,8.6,6105.5987,8.6872,4.6949,31.3912,25.8929,44.0624,1.1659,64.3634,59.0828,59.1889,0.0,0.0,0.0,5672.8146,21.0654,19.1012,0.0,17.9519,1.0844,1.1214,24.0646,1.95,40662.0,1.2,0.0,0.0,0.0,7.165386823648447,7.2499309977694475,7.093462414054775,46.92597,0.0
5584,2013-05-27,SZSE:002091,0.9923,8.6564,7.14,8.8872,8.5897,6076.7991,8.7436,4.6728,31.2431,25.7708,43.8546,1.1604,65.1429,58.4352,58.5414,0.0,0.0,0.0,5644.015,20.9584,19.0042,0.0,17.8608,1.0789,1.1158,35.223,1.95,40662.0,1.2,0.0,0.0,0.0,7.211924587588374,7.330369206598586,7.084984289080912,68.68485,0.0
5585,2013-05-28,SZSE:002091,0.9923,8.5897,7.085,8.7385,8.359,6029.9989,8.6154,4.6368,31.0025,25.5723,43.5168,1.1514,64.9737,57.3354,57.4417,0.0,0.0,0.0,5597.2148,20.7846,18.8467,0.0,17.7127,1.0699,1.1065,36.8875,1.95,40662.0,1.2,0.0,0.0,0.0,7.106198004586887,7.207733972082844,6.894712853766721,71.930625,0.0
5586,2013-05-29,SZSE:002091,0.9923,8.9026,7.343,9.0769,8.5231,6249.5999,8.641,4.8057,32.1316,26.5036,45.1016,1.1934,64.629,61.0406,61.1313,0.0,0.0,0.0,5816.8158,21.6001,19.5861,0.0,18.4077,1.1119,1.1499,67.456,1.95,40662.0,1.2,0.0,0.0,0.0,7.127228337788961,7.486765293285107,7.0299826230539395,131.5392,0.0
5587,2013-05-30,SZSE:002091,0.9923,8.5436,7.0469,8.718,8.4154,5997.5988,8.718,4.6119,30.8359,25.4349,43.283,1.1452,64.9405,55.1244,55.2156,0.0,0.0,0.0,5564.8147,20.6643,18.7376,0.0,17.6102,1.0637,1.1001,41.4528,1.95,40662.0,1.2,0.0,0.0,0.0,7.190747951683132,7.190747951683132,6.941158558453111,80.83296,0.0
5588,2013-05-31,SZSE:002091,1.0799,8.3641,6.8989,8.5795,8.359,5871.5996,8.5641,4.515,30.1881,24.9006,42.3737,1.1212,64.6986,52.3902,52.4809,0.0,0.0,0.0,5438.8155,20.1964,18.3133,0.0,17.2114,1.0397,1.0752,19.1418,1.95,40662.0,1.2,0.0,0.0,0.0,7.063864550878158,7.076566821295775,6.894693403952607,37.32651,0.0
5589,2013-06-03,SZSE:002091,1.0799,8.2769,6.827,8.441,8.241,5810.3992,8.3128,4.4679,29.8735,24.641,41.932,1.1095,64.7856,51.0653,51.1556,0.0,0.0,0.0,5377.6152,19.9692,18.1072,0.0,17.0178,1.028,1.0631,18.995,1.95,40662.0,1.2,0.0,0.0,0.0,6.856611243339897,6.962353900614966,6.797388756660102,37.04025,0.0
5590,2013-06-04,SZSE:002091,1.0799,8.2462,6.8016,8.4256,8.1487,5788.7994,8.318,4.4513,29.7624,24.5494,41.7762,1.1054,64.8267,50.5792,50.6693,0.0,0.0,0.0,5356.0153,19.889,18.0345,0.0,16.9494,1.0238,1.0588,20.9526,1.95,40662.0,1.2,0.0,0.0,0.0,6.860821808833158,6.949572040454996,6.721180412796197,40.85757,0.0
5591,2013-06-05,SZSE:002091,1.0799,8.3641,6.8989,8.3846,8.0667,5871.5996,8.2821,4.515,30.1881,24.9006,42.3737,1.1212,63.5744,52.4481,52.5323,0.0,0.0,0.0,5438.8155,20.1964,18.3133,0.0,17.2114,1.0397,1.0752,19.8791,1.95,40662.0,1.2,0.0,0.0,0.0,6.8312645341399545,6.915808866465012,6.653597712844181,38.764245,0.0
5592,2013-06-06,SZSE:002091,1.0799,7.7846,6.4209,8.318,7.718,5464.799,8.2821,4.2022,28.0966,23.1754,39.4379,1.0435,65.5698,43.7037,43.7838,0.0,0.0,0.0,5032.0149,18.6858,16.9435,0.0,15.9241,0.9619,0.9948,29.12,1.95,40662.0,1.2,0.0,0.0,0.0,6.831248348020449,6.860859414741926,6.365966934717262,56.784,0.0
5593,2013-06-07,SZSE:002091,1.2697,7.5487,6.2263,7.8615,7.4872,5299.1993,7.8051,4.0749,27.2452,22.4731,38.2429,1.0119,65.8386,40.7269,40.8048,0.0,0.0,0.0,4866.4152,18.0709,16.3859,0.0,15.4001,0.9302,0.962,35.0715,1.95,40662.0,1.2,0.0,0.0,0.0,6.437783211678833,6.484302919708029,6.175573722627737,68.389425,0.0
5594,2013-06-10,SZSE:002091,1.2697,0.0,6.2263,0.0,0.0,5299.1993,0.0,4.0749,27.2452,22.4731,38.2429,1.0119,65.8386,40.7269,40.8048,0.0,0.0,0.0,4866.4152,18.0709,16.3859,0.0,15.4001,0.9302,0.962,0.0,1.95,40662.0,1.2,0.0,0.0,0.0,0.0,0.0,0.0,0.0,0.0
5595,2013-06-11,SZSE:002091,1.2697,0.0,6.2263,0.0,0.0,5299.1993,0.0,4.0749,27.2452,22.4731,38.2429,1.0119,65.8386,40.7269,40.8048,0.0,0.0,0.0,4866.4152,18.0709,16.3859,0.0,15.4001,0.9302,0.962,0.0,1.95,40662.0,1.2,0.0,0.0,0.0,0.0,0.0,0.0,0.0,0.0
5596,2013-06-12,SZSE:002091,1.2697,0.0,6.2263,0.0,0.0,5299.1993,0.0,4.0749,27.2452,22.4731,38.2429,1.0119,65.8386,40.7269,40.8048,0.0,0.0,0.0,4866.4152,18.0709,16.3859,0.0,15.4001,0.9302,0.962,0.0,1.95,40662.0,1.2,0.0,0.0,0.0,0.0,0.0,0.0,0.0,0.0
5597,2013-06-13,SZSE:002091,1.2697,7.4718,6.1629,7.5231,7.1333,5245.1994,7.4769,4.0333,26.9676,22.2441,37.8531,1.0016,65.2995,39.7755,39.8525,0.0,0.0,0.0,4812.4153,17.8704,16.2041,0.0,15.2292,0.9199,0.9514,26.9495,1.95,40662.0,1.2,0.0,0.0,0.0,6.167106588773788,6.205213334136352,5.883697980406327,52.551525,0.0
5598,2013-06-14,SZSE:002091,1.1763,7.641,6.3025,7.7231,7.4051,5363.9996,7.4205,4.1247,27.5784,22.7479,38.7105,1.0243,63.8748,42.9339,43.0038,0.0,0.0,0.0,4931.2155,18.3115,16.6041,0.0,15.6051,0.9426,0.9748,29.376,1.95,40662.0,1.2,0.0,0.0,0.0,6.120625736160188,6.370218263316319,6.10792340662217,57.2832,0.0
5599,2013-06-17,SZSE:002091,1.1763,7.6667,6.3236,7.8821,7.4103,5381.9988,7.6256,4.1385,27.6709,22.8243,38.8404,1.0277,63.8559,43.4181,43.4869,0.0,0.0,0.0,4949.2147,18.3784,16.6647,0.0,15.6621,0.9461,0.9784,32.5565,1.95,40662.0,1.2,0.0,0.0,0.0,6.289700152608033,6.501264893630897,6.11211774035765,63.485175,0.0
5600,2013-06-18,SZSE:002091,1.1763,7.6872,6.3405,8.0513,7.6718,5396.399,7.7692,4.1496,27.7449,22.8853,38.9443,1.0304,63.4258,43.8287,43.8966,0.0,0.0,0.0,4963.6149,18.4318,16.7132,0.0,15.7076,0.9488,0.9812,32.8612,1.95,40662.0,1.2,0.0,0.0,0.0,6.408134639400561,6.640814295192007,6.327797884795504,64.07933999999999,0.0
5601,2013-06-19,SZSE:002091,1.1763,8.1744,6.7424,8.3077,7.7333,5738.3986,7.7949,4.4126,29.5033,24.3357,41.4124,1.0958,64.4646,52.6223,52.6724,0.0,0.0,0.0,5305.6145,19.7018,17.8648,0.0,16.7899,1.0142,1.0489,53.8828,1.95,40662.0,1.2,0.0,0.0,0.0,6.429381209630065,6.8523483656292825,6.378572362497553,105.07146,0.0
5602,2013-06-20,SZSE:002091,1.1763,7.4564,6.1502,8.0667,7.3692,5234.3991,7.9744,4.025,26.912,22.1983,37.7752,0.9995,67.5225,42.15,42.197,0.0,0.0,0.0,4801.615,17.8303,16.1678,0.0,15.195,0.9178,0.9492,32.8784,1.95,40662.0,1.2,0.0,0.0,0.0,6.577457604205783,6.6535886406308675,6.078275553886594,64.11287999999999,0.0
5603,2013-06-21,SZSE:002091,1.2123,7.1487,5.8964,7.3231,6.8359,5018.3986,7.1641,3.8589,25.8015,21.2823,36.2164,0.9583,68.1724,38.6042,38.6494,0.0,0.0,0.0,4585.6145,17.0282,15.4404,0.0,14.5114,0.8766,0.9065,24.1726,1.95,40662.0,1.2,0.0,0.0,0.0,5.909102247961168,6.040248834053745,5.638395898554982,47.13657,0.0
5604,2013-06-24,SZSE:002091,1.2123,6.5641,5.4142,7.0718,6.4359,4607.9996,7.0718,3.5434,23.6915,19.5418,33.2547,0.8799,70.6121,32.9352,32.9766,0.0,0.0,0.0,4175.2155,15.5042,14.0586,0.0,13.2127,0.7981,0.8254,27.7519,1.95,40662.0,1.2,0.0,0.0,0.0,5.8329610395941565,5.8329610395941565,5.308458094788318,54.116204999999994,0.0
5605,2013-06-25,SZSE:002091,1.2123,6.7539,5.5707,6.8103,6.1128,4741.1992,6.5539,3.6458,24.3763,20.1067,34.2159,0.9053,70.2658,36.2094,36.2473,0.0,0.0,0.0,4308.4151,15.9988,14.5071,0.0,13.6342,0.8236,0.8517,31.1946,1.95,40662.0,1.2,0.0,0.0,0.0,5.40573753386932,5.617219415448852,5.041912814818105,60.82947,0.0
5606,2013-06-26,SZSE:002091,1.2123,7.2154,5.9514,7.318,6.6872,5065.1996,6.8103,3.8949,26.0421,21.4808,36.5541,0.9672,71.273,43.4427,43.4732,0.0,0.0,0.0,4632.4155,17.202,15.598,0.0,14.6595,0.8855,0.9158,36.8666,1.95,40662.0,1.2,0.0,0.0,0.0,5.617265767663608,6.036026443440418,5.515730531917842,71.88987,0.0
5607,2013-06-27,SZSE:002091,1.2123,6.8308,5.6341,7.241,6.8051,4795.1991,7.1795,3.6873,24.6539,20.3357,34.6056,0.9156,72.2454,39.4303,39.4594,0.0,0.0,0.0,4362.4151,16.1994,14.6889,0.0,13.8051,0.8339,0.8624,28.1264,1.95,40662.0,1.2,0.0,0.0,0.0,5.921710626866546,5.972436332493998,5.612902428705277,54.84648,0.0
5608,2013-06-28,SZSE:002091,1.1378,6.6308,5.4692,6.9641,6.4923,4654.7991,6.6667,3.5793,23.9321,19.7403,33.5924,0.8888,72.1916,37.4911,37.5196,0.0,0.0,0.0,4222.0151,15.678,14.2162,0.0,13.3608,0.8071,0.8346,19.7517,1.95,40662.0,1.2,0.0,0.0,0.0,5.49881094890511,5.744111678832118,5.354962773722628,38.515814999999996,0.0
5609,2013-07-01,SZSE:002091,1.1378,6.9282,5.7145,6.9641,6.5026,4863.5992,6.518,3.7399,25.0056,20.6258,35.0992,0.9287,73.164,42.0551,42.0799,0.0,0.0,0.0,4430.8151,16.4534,14.9192,0.0,14.0216,0.847,0.8759,20.5174,1.95,40662.0,1.2,0.0,0.0,0.0,5.376159897231603,5.744110945122832,5.363457709073064,40.00893,0.0
5610,2013-07-02,SZSE:002091,1.1378,7.6205,6.2855,7.6205,7.1077,5349.5987,7.1795,4.1136,27.5043,22.6868,38.6066,1.0215,75.3903,51.0194,51.0378,0.0,0.0,0.0,4916.8146,18.2581,16.5556,0.0,15.5595,0.9399,0.972,31.8114,1.95,40662.0,1.2,0.0,0.0,0.0,5.921756741683617,6.2855,5.862535050193557,62.03223,0.0
5611,2013-07-03,SZSE:002091,1.1378,7.641,6.3025,7.8974,7.2821,5363.9996,7.8974,4.1247,27.5784,22.7479,38.7105,1.0243,75.3587,51.26,51.2782,0.0,0.0,0.0,4931.2155,18.3115,16.6041,0.0,15.6051,0.9426,0.9748,60.7,1.95,40662.0,1.2,0.0,0.0,0.0,6.513985538542076,6.513985538542076,6.0064697356366965,118.36500000000001,0.0
5612,2013-07-04,SZSE:002091,1.1378,8.1744,6.7424,8.3692,7.3897,5738.3986,7.518,4.4126,29.5033,24.3357,41.4124,1.0958,75.765,57.1532,57.1677,0.0,0.0,0.0,5305.6145,19.7018,17.8648,0.0,16.7899,1.0142,1.0489,61.2507,1.95,40662.0,1.2,0.0,0.0,0.0,6.200988843217851,6.903074730867097,6.095164572323351,119.438865,0.0
5613,2013-07-05,SZSE:002091,0.9135,7.9128,6.5266,8.2462,7.8872,5554.7996,8.1539,4.2714,28.5593,23.5571,40.0874,1.0607,75.5579,53.7228,53.7373,0.0,0.0,0.0,5122.0156,19.02,17.2466,0.0,16.2089,0.9791,1.0126,39.2317,1.95,40662.0,1.2,0.0,0.0,0.0,6.725463014356485,6.801593483975331,6.505484723485998,76.501815,0.0
5614,2013-07-08,SZSE:002091,0.9135,7.1949,5.9345,7.6974,7.1795,5050.7994,7.6923,3.8838,25.9681,21.4197,36.4502,0.9645,78.3644,45.6269,45.6408,0.0,0.0,0.0,4618.0154,17.1485,15.5495,0.0,14.614,0.8828,0.9129,40.6088,1.95,40662.0,1.2,0.0,0.0,0.0,6.344765646499605,6.348972230329817,5.921797766473475,79.18716,0.0
5615,2013-07-09,SZSE:002091,0.9135,7.1949,5.9345,7.3026,6.9744,5050.7994,7.0974,3.8838,25.9681,21.4197,36.4502,0.9645,78.1241,45.6269,45.6408,0.0,0.0,0.0,4618.0154,17.1485,15.5495,0.0,14.614,0.8828,0.9129,21.113,1.95,40662.0,1.2,0.0,0.0,0.0,5.8540800150106325,6.023333152649793,5.7526271108702,41.17035,0.0
5616,2013-07-10,SZSE:002091,0.9135,7.5539,6.2305,7.6154,7.1846,5302.7992,7.2564,4.0776,27.2637,22.4884,38.2688,1.0126,78.2917,49.9965,50.0085,0.0,0.0,0.0,4870.0151,18.0843,16.3981,0.0,15.4114,0.9309,0.9627,29.0528,1.95,40662.0,1.2,0.0,0.0,0.0,5.985120295476509,6.28122555236368,5.9258992440990745,56.65296,0.0
5617,2013-07-11,SZSE:002091,0.9135,7.7385,6.3828,7.8462,7.4769,5432.3989,7.5795,4.1773,27.93,23.038,39.2041,1.0373,78.3913,52.1273,52.1384,0.0,0.0,0.0,4999.6148,18.5655,16.8344,0.0,15.8216,0.9557,0.9884,32.577,1.95,40662.0,1.2,0.0,0.0,0.0,6.251655049428184,6.471632145764683,6.167029439813916,63.52515,0.0
5618,2013-07-12,SZSE:002091,0.7234,7.518,6.2009,7.9077,7.518,5277.5995,7.6923,4.0582,27.1341,22.3815,38.087,1.0078,78.6569,49.4185,49.4295,0.0,0.0,0.0,4844.8154,17.9907,16.3132,0.0,15.3317,0.9261,0.9578,29.1956,1.95,40662.0,1.2,0.0,0.0,0.0,6.344663882681565,6.5223273383878695,6.2009,56.931419999999996,0.0
5619,2013-07-15,SZSE:002091,0.7234,8.0462,6.6366,8.1539,7.5897,5648.3987,7.6205,4.3434,29.0406,23.954,40.7629,1.0786,79.5234,55.3975,55.4063,0.0,0.0,0.0,5215.6146,19.3676,17.5618,0.0,16.5051,0.997,1.0311,37.8047,1.95,40662.0,1.2,0.0,0.0,0.0,6.285477654047873,6.725432221421291,6.26007345330715,73.71916499999999,0.0
5620,2013-07-16,SZSE:002091,0.7234,8.1385,6.7127,8.1436,7.8462,5713.1996,8.0513,4.3932,29.3737,24.2288,41.2306,1.0909,79.5186,56.3682,56.3766,0.0,0.0,0.0,5280.4155,19.6082,17.7799,0.0,16.7102,1.0094,1.0439,33.0311,1.95,40662.0,1.2,0.0,0.0,0.0,6.640776741414264,6.71690652085765,6.471608618295754,64.410645,0.0
5621,2013-07-17,SZSE:002091,0.7234,7.5539,6.2305,7.9744,7.5385,5302.7992,7.9487,4.0776,27.2637,22.4884,38.2688,1.0126,81.0523,49.0828,49.0911,0.0,0.0,0.0,4870.0151,18.0843,16.3981,0.0,15.4114,0.9309,0.9627,43.3428,1.95,40662.0,1.2,0.0,0.0,0.0,6.556133302002938,6.577330809250851,6.217797991765843,84.51845999999999,0.0
5622,2013-07-18,SZSE:002091,0.7234,7.559,6.2348,7.8205,7.5128,5306.3991,7.5128,4.0804,27.2822,22.5036,38.2948,1.0133,80.8594,49.1449,49.1532,0.0,0.0,0.0,4873.615,18.0976,16.4102,0.0,15.4228,0.9316,0.9635,27.3898,1.95,40662.0,1.2,0.0,0.0,0.0,6.1966934038894035,6.450489932530758,6.1966934038894035,53.41011,0.0
5623,2013-07-19,SZSE:002091,0.7276,6.9846,5.761,7.6103,6.9744,4903.199,7.4872,3.7704,25.2092,20.7937,35.385,0.9363,82.6604,42.8433,42.8512,0.0,0.0,0.0,4470.4149,16.6004,15.0526,0.0,14.1469,0.8545,0.8837,27.8927,1.95,40662.0,1.2,0.0,0.0,0.0,6.175551813990779,6.277086490278612,5.752586891160553,54.390765,0.0
5624,2013-07-22,SZSE:002091,0.7276,7.1795,5.9218,7.1795,6.7231,5039.9999,6.8205,3.8755,25.9126,21.3739,36.3723,0.9624,82.069,45.4014,45.4087,0.0,0.0,0.0,4607.2158,17.1084,15.5132,0.0,14.5798,0.8807,0.9108,15.464,1.95,40662.0,1.2,0.0,0.0,0.0,5.6256893794832505,5.9218,5.545351846228846,30.1548,0.0
5625,2013-07-23,SZSE:002091,0.7276,7.4154,6.1163,7.4615,7.1949,5205.5996,7.2,4.0029,26.764,22.0762,37.5674,0.994,82.2524,48.4113,48.4178,0.0,0.0,0.0,4772.8155,17.7233,16.0708,0.0,15.1039,0.9123,0.9435,18.7316,1.95,40662.0,1.2,0.0,0.0,0.0,5.938635811958896,6.154323765407126,5.934429278258758,36.52662,0.0
5626,2013-07-24,SZSE:002091,0.7276,7.318,6.036,7.4769,7.1128,5137.1995,7.3846,3.9503,26.4123,21.7861,37.0737,0.981,81.0745,47.2525,47.2591,0.0,0.0,0.0,4704.4154,17.4693,15.8405,0.0,14.8874,0.8993,0.93,20.9494,1.95,40662.0,1.2,0.0,0.0,0.0,6.090932713856245,6.167063186663022,5.866747854605083,40.85133,0.0
5627,2013-07-25,SZSE:002091,0.7276,7.5692,6.2432,7.8462,7.4615,5313.5995,7.4821,4.0859,27.3192,22.5342,38.3468,1.0146,78.5541,50.5403,50.5462,0.0,0.0,0.0,4880.8154,18.1244,16.4344,0.0,15.4456,0.933,0.9649,42.6487,1.95,40662.0,1.2,0.0,0.0,0.0,6.171358494953231,6.4716741320086655,6.154367277915763,83.164965,0.0
5628,2013-07-26,SZSE:002091,0.7772,7.6256,6.2898,7.7744,7.3897,5353.1993,7.7385,4.1164,27.5228,22.7021,38.6326,1.0222,77.5138,51.2746,51.2803,0.0,0.0,0.0,4920.4152,18.2714,16.5678,0.0,15.5709,0.9406,0.9727,28.9782,1.95,40662.0,1.2,0.0,0.0,0.0,6.382922956882081,6.412534242551405,6.09522333455728,56.507490000000004,0.0
5629,2013-07-29,SZSE:002091,0.7772,7.2667,5.9937,7.5897,7.241,5101.1988,7.4872,3.9226,26.2272,21.6334,36.8139,0.9741,77.5643,46.5397,46.5453,0.0,0.0,0.0,4668.4147,17.3357,15.7192,0.0,14.7735,0.8924,0.9229,15.2835,1.95,40662.0,1.2,0.0,0.0,0.0,6.175572218476061,6.260115993504616,5.972502194944059,29.802825,0.0
5630,2013-07-30,SZSE:002091,0.7772,7.1641,5.9091,7.4051,6.9231,5029.1996,7.2718,3.8672,25.857,21.3281,36.2943,0.9603,76.9872,45.254,45.2594,0.0,0.0,0.0,4596.4155,17.0683,15.4768,0.0,14.5456,0.8786,0.9087,13.0226,1.95,40662.0,1.2,0.0,0.0,0.0,5.997933219804301,6.107881856758,5.710318143241998,25.39407,0.0
5631,2013-07-31,SZSE:002091,0.7772,7.0974,5.8541,7.2564,7.0308,4982.3987,7.1282,3.8313,25.6164,21.1296,35.9566,0.9514,76.388,44.3953,44.4008,0.0,0.0,0.0,4549.6146,16.8945,15.3192,0.0,14.3975,0.8697,0.8994,10.8082,1.95,40662.0,1.2,0.0,0.0,0.0,5.879504553780256,5.985246884774706,5.799166776566066,21.075989999999997,0.0
5632,2013-08-01,SZSE:002091,0.7772,7.3897,6.0952,7.4256,7.118,5187.5989,7.118,3.989,26.6714,21.9998,37.4375,0.9906,76.1587,48.9672,48.9719,0.0,0.0,0.0,4754.8148,17.6565,16.0102,0.0,15.0469,0.9089,0.94,14.097,1.95,40662.0,1.2,0.0,0.0,0.0,5.871095389528668,6.1248111723074015,5.871095389528668,27.48915,0.0
5633,2013-08-02,SZSE:002091,0.8043,7.4974,6.184,7.6872,7.3385,5263.1987,7.4256,4.0472,27.0601,22.3204,37.983,1.005,74.6345,50.5794,50.5839,0.0,0.0,0.0,4830.4146,17.9372,16.2647,0.0,15.2861,0.9234,0.9549,19.5521,1.95,40662.0,1.2,0.0,0.0,0.0,6.124777976365141,6.34055069757516,6.052936217888869,38.126594999999995,0.0
5634,2013-08-05,SZSE:002091,0.8043,7.6513,6.3109,7.7539,7.4718,5371.1986,7.5128,4.1302,27.6154,22.7785,38.7624,1.0256,72.2833,52.8701,52.8741,0.0,0.0,0.0,4938.4145,18.3383,16.6284,0.0,15.6279,0.944,0.9763,21.1868,1.95,40662.0,1.2,0.0,0.0,0.0,6.196663249382459,6.395525925006208,6.16284587194333,41.314260000000004,0.0
5635,2013-08-06,SZSE:002091,0.8043,7.7487,6.3913,7.9026,7.6667,5439.5993,7.8308,4.1828,27.967,23.0685,39.2561,1.0387,69.7393,54.3144,54.3182,0.0,0.0,0.0,5006.8152,18.5923,16.8587,0.0,15.8444,0.9571,0.9898,31.8511,1.95,40662.0,1.2,0.0,0.0,0.0,6.459017904938893,6.518240140926864,6.323664577283931,62.10964499999999,0.0
5636,2013-08-07,SZSE:002091,0.8043,7.4923,6.1798,7.8359,7.441,5259.5995,7.8103,4.0444,27.0416,22.2192,37.9571,1.0043,69.257,49.9743,49.9781,0.0,0.0,0.0,4826.8154,17.9239,16.2526,0.0,15.2868,0.9227,0.8413,26.4979,1.95,40662.0,1.2,0.0,0.0,0.0,6.442092807282143,6.463208203088504,6.137486726372408,51.670905000000005,0.0
5637,2013-08-08,SZSE:002091,0.8043,7.7026,6.3532,7.8154,7.441,5407.1992,7.5744,4.1579,27.8005,22.8427,39.0223,1.0325,69.4246,53.2716,53.275,0.0,0.0,0.0,4974.4151,18.4719,16.7496,0.0,15.7543,0.9509,0.867,24.1966,1.95,40662.0,1.2,0.0,0.0,0.0,6.2474590501908445,6.446238838833641,6.137429075896451,47.18337,0.0
5638,2013-08-09,SZSE:002091,0.7419,7.759,6.3997,8.0308,7.641,5446.7991,7.8205,4.1884,28.0041,23.01,39.308,1.0401,66.5944,54.1449,54.1481,0.0,0.0,0.0,5014.015,18.619,16.8829,0.0,15.8797,0.9585,0.8739,31.2852,1.95,40662.0,1.2,0.0,0.0,0.0,6.450425808738239,6.623883330326072,6.302372432014435,61.006139999999995,0.0
5639,2013-08-12,SZSE:002091,0.7419,7.8564,6.4801,7.8564,7.5692,5515.1991,7.7692,4.241,28.3557,23.299,39.8017,1.0531,66.6023,55.6854,55.6884,0.0,0.0,0.0,5082.415,18.873,17.1132,0.0,16.0963,0.9715,0.8858,28.1463,1.95,40662.0,1.2,0.0,0.0,0.0,6.4081758719006165,6.4801,6.243212275342397,54.885284999999996,0.0
5640,2013-08-13,SZSE:002091,0.7419,8.1026,6.6831,8.1231,7.6667,5687.9999,7.8051,4.3738,29.2442,24.029,41.0487,1.0861,66.1786,59.3965,59.3992,0.0,0.0,0.0,5255.2158,19.5147,17.6951,0.0,16.6436,1.0046,0.9159,37.8874,1.95,40662.0,1.2,0.0,0.0,0.0,6.437719227161651,6.700008591069532,6.323565617209289,73.88043,0.0
5641,2013-08-14,SZSE:002091,0.7419,7.8103,6.442,8.0769,7.7846,5482.799,8.0769,4.216,28.1892,23.1621,39.5678,1.0469,66.4505,53.6507,53.6533,0.0,0.0,0.0,5050.0149,18.7527,17.0042,0.0,15.9937,0.9653,0.8802,27.8176,1.95,40662.0,1.2,0.0,0.0,0.0,6.661893883717656,6.661893883717656,6.420802427563602,54.244319999999995,0.0
5642,2013-08-15,SZSE:002091,0.7419,7.5436,6.2221,7.8,7.5282,5295.5988,7.7487,4.0721,27.2267,22.3713,38.2169,1.0112,66.7146,48.9942,48.9968,0.0,0.0,0.0,4862.8147,18.0575,16.3738,0.0,15.4008,0.9295,0.8476,20.4355,1.95,40662.0,1.2,0.0,0.0,0.0,6.391270251604009,6.4335834349647385,6.209397796807891,39.849225000000004,0.0
5643,2013-08-16,SZSE:002091,0.6818,7.2051,5.9429,7.6667,7.1744,5057.9992,7.4769,3.8894,26.0051,21.3675,36.5022,0.9658,67.0213,43.7984,43.8009,0.0,0.0,0.0,4625.2151,17.1752,15.5738,0.0,14.6484,0.8841,0.8061,25.6764,1.95,40662.0,1.2,0.0,0.0,0.0,6.167085676812257,6.3236362340564325,5.917578071088535,50.06898,0.0
5644,2013-08-19,SZSE:002091,0.6818,7.359,6.0698,7.3897,7.0667,5165.9991,7.1026,3.9724,26.5604,21.8238,37.2816,0.9865,66.9533,46.572,46.5742,0.0,0.0,0.0,4733.215,17.5763,15.9374,0.0,14.9904,0.9048,0.825,10.6159,1.95,40662.0,1.2,0.0,0.0,0.0,5.8583179073243645,6.095121763826607,5.82870711509716,20.701005,0.0
5645,2013-08-20,SZSE:002091,0.6818,7.241,5.9725,7.4513,7.2051,5083.1996,7.359,3.9088,26.1347,21.474,36.684,0.9706,66.4584,44.7486,44.7509,0.0,0.0,0.0,4650.4155,17.2688,15.6586,0.0,14.7282,0.8889,0.8105,10.8011,1.95,40662.0,1.2,0.0,0.0,0.0,6.069828407678497,6.145959018091425,5.942889069189339,21.062145,0.0
5646,2013-08-21,SZSE:002091,0.6818,7.3436,6.0571,7.3744,7.2051,5155.1988,7.2462,3.9641,26.5048,21.7781,37.2036,0.9844,64.6907,46.7027,46.7048,0.0,0.0,0.0,4722.4147,17.5362,15.9011,0.0,14.9562,0.9027,0.8231,8.4327,1.95,40662.0,1.2,0.0,0.0,0.0,5.976763170651997,6.082504254044337,5.942863338144779,16.443765,0.0
5647,2013-08-22,SZSE:002091,0.6818,7.6462,6.3067,7.6667,7.2154,5367.5994,7.3436,4.1275,27.5969,22.6754,38.7365,1.0249,65.2615,52.0861,52.0879,0.0,0.0,0.0,4934.8153,18.3249,16.6163,0.0,15.6289,0.9433,0.8601,23.7578,1.95,40662.0,1.2,0.0,0.0,0.0,6.057110998927572,6.3236087062854756,5.951369723522795,46.327709999999996,0.0
5648,2013-08-23,SZSE:002091,0.4967,8.1641,6.7339,8.3692,7.6923,5731.1996,7.8,4.5218,29.4942,24.2115,43.1336,1.0208,66.5074,59.6077,59.609,0.0,0.0,0.0,5249.7583,19.1472,17.3862,0.0,16.6263,0.9271,0.915,75.1877,1.95,40662.0,1.2,0.0,0.0,0.0,6.433583616075257,6.903070256366286,6.344750673068679,146.616015,0.0
5649,2013-08-26,SZSE:002091,0.4967,8.2051,6.7677,8.4615,7.9487,5759.9992,8.1641,4.5445,29.6424,24.3331,43.3503,1.0259,66.4853,60.1414,60.1427,0.0,0.0,0.0,5278.5578,19.2523,17.4816,0.0,0.0,0.9322,0.8475,52.5935,1.95,40662.0,1.2,0.0,0.0,0.0,6.733882532814956,6.979182892347441,6.556217107652557,102.55732499999999,0.0
5650,2013-08-27,SZSE:002091,0.4967,8.3333,6.8735,8.4256,8.1128,5849.9998,8.1795,4.6155,30.1055,24.7133,44.0277,1.042,66.5612,61.8384,61.8396,0.0,0.0,0.0,5368.5584,19.5805,17.7796,0.0,0.0,0.9481,0.8619,36.7979,1.95,40662.0,1.2,0.0,0.0,0.0,6.746642176568707,6.949631190524762,6.69162646250585,71.755905,0.0
5651,2013-08-28,SZSE:002091,0.4967,8.0513,6.6408,8.2667,7.9897,5651.9993,8.2,4.4593,29.0866,23.8769,42.5375,1.0067,66.8869,56.1722,56.1734,0.0,0.0,0.0,5170.5579,18.8584,17.1239,0.0,0.0,0.9131,0.8301,27.0115,1.95,40662.0,1.2,0.0,0.0,0.0,6.763449380845329,6.818464267882206,6.58999164855365,52.672425000000004,0.0
5652,2013-08-29,SZSE:002091,0.4967,7.959,6.5647,8.0564,7.7897,5587.1983,8.0,4.4082,28.7531,23.8793,42.0498,0.9951,66.5011,54.4149,54.4161,0.0,0.0,0.0,5105.757,18.622,16.9093,0.0,0.0,0.9017,0.8197,19.1005,1.95,40662.0,1.2,0.0,0.0,0.0,6.598517401683629,6.645036949365499,6.4250588754868705,37.245975,0.0
5653,2013-08-30,SZSE:002091,0.4787,7.9385,6.5478,8.0923,7.8205,5572.7996,7.959,4.3968,28.679,23.8178,41.9414,0.9926,66.022,54.0106,54.0118,0.0,0.0,0.0,5091.3583,18.5695,16.8616,0.0,0.0,0.8991,0.8174,18.7254,1.95,40662.0,1.2,0.0,0.0,0.0,6.5647087233104475,6.674656665616929,6.450471738993512,36.51453,0.0
5654,2013-09-02,SZSE:002091,0.4787,7.841,6.4674,7.9692,7.6154,5504.3989,7.9385,4.3429,28.327,23.5254,41.4266,0.9804,65.9367,52.0326,52.0338,0.0,0.0,0.0,5022.9575,18.32,16.6351,0.0,0.0,0.8871,0.8065,14.9091,1.95,40662.0,1.2,0.0,0.0,0.0,6.547819780640224,6.573141701313608,6.281320999872465,29.072745,0.0
5655,2013-09-03,SZSE:002091,0.4787,8.2051,6.7677,8.2051,7.8615,5759.9992,7.8718,4.5445,29.6424,24.6178,43.3503,1.0259,66.5501,58.1938,58.1947,0.0,0.0,0.0,5278.5578,19.2523,17.4816,0.0,0.0,0.9322,0.8475,25.079,1.95,40662.0,1.2,0.0,0.0,0.0,6.4927887362737815,6.7677,6.48429312866388,48.90405,0.0
5656,2013-09-04,SZSE:002091,0.4787,8.0923,6.6747,8.2718,8.0,5680.7995,8.2103,4.4821,29.2348,24.2794,42.7542,1.0118,66.6023,55.8021,55.803,0.0,0.0,0.0,5199.3582,18.9634,17.2193,0.0,0.0,0.9182,0.8348,16.336,1.95,40662.0,1.2,0.0,0.0,0.0,6.772028892898187,6.822755392162921,6.598569010046587,31.855199999999996,0.0
5657,2013-09-05,SZSE:002091,0.4787,8.1539,6.7254,8.2308,7.8769,5723.9999,8.0718,4.5161,29.4571,24.464,43.0794,1.0195,66.558,56.844,56.8448,0.0,0.0,0.0,5242.5586,19.121,17.3623,0.0,0.0,0.9258,0.8417,25.3481,1.95,40662.0,1.2,0.0,0.0,0.0,6.657683282846244,6.788827716798096,6.496928250285139,49.428794999999994,0.0
5658,2013-09-06,SZSE:002091,0.4885,8.6154,7.1061,8.6974,8.1026,6047.9996,8.1641,4.7718,31.1245,25.8487,45.5178,1.0772,65.8639,63.7466,63.7473,0.0,0.0,0.0,5566.5582,20.3027,18.4354,0.0,0.0,0.9831,0.8937,51.072,1.95,40662.0,1.2,0.0,0.0,0.0,6.733861574622188,7.173734723866565,6.683135531722265,99.5904,0.0
5659,2013-09-09,SZSE:002091,0.4885,8.6051,7.0977,8.8513,8.4462,6040.7992,8.6564,4.7661,31.0874,25.818,45.4636,1.0759,65.5414,63.5035,63.5042,0.0,0.0,0.0,5559.3578,20.2764,18.4115,0.0,0.0,0.9818,0.8926,31.8963,1.95,40662.0,1.2,0.0,0.0,0.0,7.140013512916758,7.300771869007915,6.966635337183762,62.197784999999996,0.0
5660,2013-09-10,SZSE:002091,0.4885,8.5026,7.0131,8.7897,8.4,5968.7992,8.6103,4.7093,30.7169,25.5102,44.9217,1.0631,65.0781,60.9986,60.9993,0.0,0.0,0.0,5487.3579,20.0138,18.1731,0.0,0.0,0.9691,0.881,22.9657,1.95,40662.0,1.2,0.0,0.0,0.0,7.101932929927317,7.249905331310424,6.92847364335615,44.783114999999995,0.0
5661,2013-09-11,SZSE:002091,0.4885,8.2462,6.8016,8.4923,7.9897,5788.7994,8.2667,4.5673,29.7906,24.7409,43.5671,1.0311,64.8805,55.1426,55.1432,0.0,0.0,0.0,5307.3581,19.3573,17.5769,0.0,0.0,0.9373,0.8521,26.9614,1.95,40662.0,1.2,0.0,0.0,0.0,6.818508733719773,7.004587286265189,6.5900346244330725,52.57473,0.0
5662,2013-09-12,SZSE:002091,0.4885,8.0,6.5985,8.2513,7.9128,5616.0,8.2462,4.4309,28.9013,24.0024,42.2665,1.0003,64.6749,50.1637,50.1643,0.0,0.0,0.0,5134.5587,18.7271,17.0047,0.0,0.0,0.9068,0.8244,22.3279,1.95,40662.0,1.2,0.0,0.0,0.0,6.8015688375,6.80577538125,6.526576349999999,43.539404999999995,0.0
5663,2013-09-13,SZSE:002091,0.4705,8.118,6.6958,8.3026,7.959,5698.7995,7.9846,4.4963,29.3274,24.3563,42.8897,1.015,64.6907,52.3823,52.3829,0.0,0.0,0.0,5217.3582,19.0291,17.2789,0.0,0.0,0.9214,0.8377,14.4285,1.95,40662.0,1.2,0.0,0.0,0.0,6.585770470559251,6.848059753633899,6.564655358462676,28.135575,0.0
5664,2013-09-16,SZSE:002091,0.4705,8.318,6.8608,8.4821,8.0974,5839.1995,8.1128,4.607,30.05,24.9563,43.9464,1.04,64.716,55.9623,55.9628,0.0,0.0,0.0,5357.7582,19.5411,17.7439,0.0,0.0,0.9462,0.8602,20.4048,1.95,40662.0,1.2,0.0,0.0,0.0,6.691548237557106,6.9961519211348895,6.678846107237318,39.78936,0.0
5665,2013-09-17,SZSE:002091,0.4705,7.8974,6.5139,8.3077,7.8974,5543.9987,8.3077,4.3741,28.5308,23.6947,41.7247,0.9875,65.5366,47.8214,47.8219,0.0,0.0,0.0,5062.5573,18.4645,16.7662,0.0,0.0,0.8941,0.8128,16.03,1.95,40662.0,1.2,0.0,0.0,0.0,6.8523219072099675,6.8523219072099675,6.5139,31.2585,0.0
5666,2013-09-18,SZSE:002091,0.4705,7.7641,6.404,8.0256,7.7026,5450.3989,7.8974,4.3003,28.0491,23.2946,41.0202,0.9708,65.622,45.5584,45.5589,0.0,0.0,0.0,4968.9576,18.1231,16.4562,0.0,0.0,0.8775,0.7978,17.1042,1.95,40662.0,1.2,0.0,0.0,0.0,6.513948764183872,6.619690936489742,6.35327345088291,33.35319,0.0
5667,2013-09-19,SZSE:002091,0.4705,0.0,6.404,0.0,0.0,5450.3989,0.0,4.3003,28.0491,23.2946,41.0202,0.9708,65.622,45.5584,45.5589,0.0,0.0,0.0,4968.9576,18.1231,16.4562,0.0,0.0,0.8775,0.7978,0.0,1.95,40662.0,1.2,0.0,0.0,0.0,0.0,0.0,0.0,0.0,0.0
5668,2013-09-20,SZSE:002091,0.34,0.0,6.404,0.0,0.0,5450.3989,0.0,4.3003,28.0491,23.2946,41.0202,0.9708,65.622,45.5584,45.5589,0.0,0.0,0.0,4968.9576,18.1231,16.4562,0.0,0.0,0.8775,0.7978,0.0,1.95,40662.0,1.2,0.0,0.0,0.0,0.0,0.0,0.0,0.0,0.0
5669,2013-09-23,SZSE:002091,0.34,7.9436,6.552,8.0154,7.7846,5576.3988,7.8513,4.3997,28.6975,23.8332,41.9685,0.9932,62.4597,49.0535,49.0539,0.0,0.0,0.0,5094.9575,18.5826,16.8735,0.0,0.0,0.8998,0.818,16.7184,1.95,40662.0,1.2,0.0,0.0,0.0,6.475869580542827,6.611221713077194,6.420854423686993,32.60088,0.0
5670,2013-09-24,SZSE:002091,0.34,8.0667,6.6535,8.2974,7.8769,5662.7995,7.8923,4.4679,29.1422,24.2024,42.6188,1.0086,60.02,51.3595,51.3599,0.0,0.0,0.0,5181.3582,18.8978,17.1597,0.0,0.0,0.915,0.8319,21.2528,1.95,40662.0,1.2,0.0,0.0,0.0,6.509653024161056,6.843783814942912,6.4969509402853705,41.44296,0.0
5671,2013-09-25,SZSE:002091,0.34,7.7949,6.4293,8.0154,7.7385,5471.9994,7.9744,4.3173,28.1603,23.387,41.1828,0.9746,60.2525,46.3682,46.3686,0.0,0.0,0.0,4990.5581,18.2019,16.5278,0.0,0.0,0.8813,0.8013,20.1691,1.95,40662.0,1.2,0.0,0.0,0.0,6.577353130893275,6.6111702805680626,6.3827807989839505,39.329745,0.0
5672,2013-09-26,SZSE:002091,0.34,7.6051,6.2728,7.8308,7.5949,5338.7992,7.8,4.2122,27.4748,22.8177,40.1803,0.9509,59.0935,43.2111,43.2114,0.0,0.0,0.0,4857.3578,17.716,16.0866,0.0,0.0,0.8578,0.7799,12.6586,1.95,40662.0,1.2,0.0,0.0,0.0,6.4335564292382745,6.458960728984497,6.264386887746381,24.684269999999998,0.0
5673,2013-09-27,SZSE:002091,0.3566,7.5795,6.2517,7.6769,7.5333,5320.7992,7.5897,4.198,27.3821,22.7407,40.0448,0.9477,58.0389,42.7871,42.7875,0.0,0.0,0.0,4839.3578,17.6504,16.027,0.0,0.0,0.8546,0.777,8.6522,1.95,40662.0,1.2,0.0,0.0,0.0,6.2601131327924,6.33203716999802,6.213593457352067,16.87179,0.0
5674,2013-09-30,SZSE:002091,0.3566,7.5897,6.2602,7.759,7.5436,5327.9989,7.6051,4.2037,27.4192,22.7715,40.099,0.949,57.6958,43.0279,43.0282,0.0,0.0,0.0,4846.5576,17.6767,16.0509,0.0,0.0,0.8559,0.7781,10.0632,1.95,40662.0,1.2,0.0,0.0,0.0,6.272902357141916,6.399843445722493,6.222175411412836,19.62324,0.0
5675,2013-10-01,SZSE:002091,0.3566,0.0,6.2602,0.0,0.0,5327.9989,0.0,4.2037,27.4192,22.7715,40.099,0.949,57.6958,43.0279,43.0282,0.0,0.0,0.0,4846.5576,17.6767,16.0509,0.0,0.0,0.8559,0.7781,0.0,1.95,40662.0,1.2,0.0,0.0,0.0,0.0,0.0,0.0,0.0,0.0
5676,2013-10-02,SZSE:002091,0.3566,0.0,6.2602,0.0,0.0,5327.9989,0.0,4.2037,27.4192,22.7715,40.099,0.949,57.6958,43.0279,43.0282,0.0,0.0,0.0,4846.5576,17.6767,16.0509,0.0,0.0,0.8559,0.7781,0.0,1.95,40662.0,1.2,0.0,0.0,0.0,0.0,0.0,0.0,0.0,0.0
5677,2013-10-03,SZSE:002091,0.3566,0.0,6.2602,0.0,0.0,5327.9989,0.0,4.2037,27.4192,22.7715,40.099,0.949,57.6958,43.0279,43.0282,0.0,0.0,0.0,4846.5576,17.6767,16.0509,0.0,0.0,0.8559,0.7781,0.0,1.95,40662.0,1.2,0.0,0.0,0.0,0.0,0.0,0.0,0.0,0.0
5678,2013-10-04,SZSE:002091,0.3556,0.0,6.2602,0.0,0.0,5327.9989,0.0,4.2037,27.4192,22.7715,40.099,0.949,57.6958,43.0279,43.0282,0.0,0.0,0.0,4846.5576,17.6767,16.0509,0.0,0.0,0.8559,0.7781,0.0,1.95,40662.0,1.2,0.0,0.0,0.0,0.0,0.0,0.0,0.0,0.0
5679,2013-10-07,SZSE:002091,0.3556,0.0,6.2602,0.0,0.0,5327.9989,0.0,4.2037,27.4192,22.7715,40.099,0.949,57.6958,43.0279,43.0282,0.0,0.0,0.0,4846.5576,17.6767,16.0509,0.0,0.0,0.8559,0.7781,0.0,1.95,40662.0,1.2,0.0,0.0,0.0,0.0,0.0,0.0,0.0,0.0
5680,2013-10-08,SZSE:002091,0.3556,7.8205,6.4505,7.8205,7.5795,5489.9987,7.641,4.3315,28.2529,23.4639,41.3183,0.9778,50.5538,48.3003,48.3007,0.0,0.0,0.0,5008.5574,18.2675,16.5874,0.0,0.0,0.8845,0.8041,12.5462,1.95,40662.0,1.2,0.0,0.0,0.0,6.302444920401509,6.4505,6.251718528227095,24.46509,0.0
5681,2013-10-09,SZSE:002091,0.3556,7.8,6.4336,7.8256,7.7026,5475.6,7.7487,4.3202,28.1788,23.4023,41.2099,0.9753,50.5601,47.8762,47.8766,0.0,0.0,0.0,4994.1587,18.215,16.5397,0.0,0.0,0.882,0.8018,12.5139,1.95,40662.0,1.2,0.0,0.0,0.0,6.391286707692308,6.454715405128205,6.353262482051283,24.402105,0.0
5682,2013-10-10,SZSE:002091,0.3556,7.4769,6.1671,7.8308,7.4769,5248.7992,7.8154,4.1412,27.0116,22.433,39.503,0.9349,50.3577,41.6698,41.6701,0.0,0.0,0.0,4767.3579,17.3878,15.7886,0.0,0.0,0.8419,0.7654,17.6246,1.95,40662.0,1.2,0.0,0.0,0.0,6.44630172130161,6.45900395618505,6.1671,34.36797,0.0
5683,2013-10-11,SZSE:002091,0.3389,7.5077,6.1925,7.6154,7.4051,5270.3991,7.4923,4.1583,27.1228,22.5253,39.6655,0.9387,50.1095,42.4352,42.4355,0.0,0.0,0.0,4788.9578,17.4666,15.8601,0.0,0.0,0.8457,0.7689,13.9804,1.95,40662.0,1.2,0.0,0.0,0.0,6.179797774285067,6.281333098019368,6.10787348322389,27.261779999999998,0.0
5684,2013-10-14,SZSE:002091,0.3389,7.6256,6.2898,7.6923,7.5128,5353.1993,7.5128,4.2236,27.5489,22.8792,40.2887,0.9535,49.8581,45.3931,45.3934,0.0,0.0,0.0,4871.758,17.7686,16.1343,0.0,0.0,0.8604,0.7822,11.0545,1.95,40662.0,1.2,0.0,0.0,0.0,6.196759525807805,6.344815954154427,6.196759525807805,21.556275000000003,0.0
5685,2013-10-15,SZSE:002091,0.3389,7.3641,6.074,7.6769,7.3333,5169.5996,7.6359,4.0787,26.604,22.0945,38.9069,0.9208,48.3117,40.432,40.4322,0.0,0.0,0.0,4688.1583,17.0989,15.5263,0.0,0.0,0.8279,0.7527,17.0071,1.95,40662.0,1.2,0.0,0.0,0.0,6.298183973601662,6.33200127646284,6.048595782240872,33.163845,0.0
5686,2013-10-16,SZSE:002091,0.3389,6.9539,5.7357,7.3539,6.9128,4881.5999,7.3231,3.8515,25.1219,20.8636,36.7394,0.8695,49.575,34.1305,34.1308,0.0,0.0,0.0,4400.1586,16.0485,14.5725,0.0,0.0,0.7771,0.7065,16.6215,1.95,40662.0,1.2,0.0,0.0,0.0,6.040222705244539,6.065627091272524,5.701799991371748,32.411925000000004,0.0
5687,2013-10-17,SZSE:002091,0.3389,6.9846,5.761,7.1231,6.9385,4903.199,7.0513,3.8685,25.2331,20.9559,36.9019,0.8733,47.2508,34.9494,34.9496,0.0,0.0,0.0,4421.7577,16.1273,14.644,0.0,0.0,0.7809,0.7099,7.4131,1.95,40662.0,1.2,0.0,0.0,0.0,5.816015133293246,5.875236821006213,5.722976047304069,14.455544999999999,0.0
5688,2013-10-18,SZSE:002091,0.2767,7.1231,5.8752,7.1641,6.9846,5000.3987,7.0051,3.9452,25.7333,21.3714,37.6335,0.8906,47.4468,38.6457,38.6459,0.0,0.0,0.0,4518.9573,16.4818,14.9659,0.0,0.0,0.7981,0.7255,6.9113,1.95,40662.0,1.2,0.0,0.0,0.0,5.777872488102091,5.90901718633741,5.760963894933386,13.477034999999999,0.0
5689,2013-10-21,SZSE:002091,0.2767,7.2462,5.9768,7.2667,7.0154,5086.7994,7.1641,4.0134,26.1779,21.7406,38.2837,0.906,44.6782,41.8109,41.811,0.0,0.0,0.0,4605.3581,16.7969,15.2521,0.0,0.0,0.8133,0.7394,10.616,1.95,40662.0,1.2,0.0,0.0,0.0,5.909082399050537,5.993708779774226,5.7864318842979765,20.7012,0.0
5690,2013-10-22,SZSE:002091,0.2767,7.3795,6.0867,7.3949,7.1897,5180.3992,7.2308,4.0872,26.6596,22.1407,38.9882,0.9227,44.479,45.1142,45.1144,0.0,0.0,0.0,4698.9578,17.1383,15.562,0.0,0.0,0.8298,0.7544,13.869,1.95,40662.0,1.2,0.0,0.0,0.0,5.964050458703165,6.0994021044786235,5.930150686360865,27.044549999999997,0.0
5691,2013-10-23,SZSE:002091,0.2767,7.041,5.8076,7.4821,6.9949,4942.7996,7.4769,3.8998,25.4369,21.1252,37.2,0.8804,45.0213,39.0534,39.0536,0.0,0.0,0.0,4461.3582,16.2717,14.7752,0.0,0.0,0.7879,0.7163,13.4869,1.95,40662.0,1.2,0.0,0.0,0.0,6.167141661695781,6.171430756994744,5.769575520522653,26.299455000000002,0.0
5692,2013-10-24,SZSE:002091,0.2767,6.918,5.706,7.0974,6.9077,4856.3988,7.0359,3.8316,24.9922,20.7559,36.5497,0.865,45.083,37.1015,37.1017,0.0,0.0,0.0,4374.9575,15.9566,14.489,0.0,0.0,0.7726,0.7024,6.7025,1.95,40662.0,1.2,0.0,0.0,0.0,5.803244492627927,5.853969991326974,5.697504509973982,13.069875,0.0
5693,2013-10-25,SZSE:002091,0.2428,7.0,5.7737,7.0769,6.8974,4914.0,6.9744,3.7762,25.2997,21.0021,37.3668,0.8271,44.577,39.2804,39.2805,0.0,0.0,0.0,4374.8285,16.5256,14.9392,0.0,0.0,0.7408,0.7024,7.644,1.95,40662.0,1.2,0.0,0.0,0.0,5.7525847542857145,5.837128218571429,5.689074054285714,14.9058,0.0
5694,2013-10-28,SZSE:002091,0.2428,6.6923,5.5199,7.0154,6.6462,4697.9995,7.0154,3.6102,24.1876,20.0789,35.7243,0.7908,45.4293,34.4597,34.4598,0.0,0.0,0.0,4158.828,15.7096,14.2016,0.0,0.0,0.7042,0.6677,9.4516,1.95,40662.0,1.2,0.0,0.0,0.0,5.786397271491116,5.786397271491116,5.481876093420797,18.430619999999998,0.0
5695,2013-10-29,SZSE:002091,0.2428,6.3744,5.2577,6.7641,6.118,4474.7993,6.7026,3.4387,23.0385,19.125,34.0271,0.7532,45.4498,30.319,30.3191,0.0,0.0,0.0,3935.6279,14.8665,13.4394,0.0,0.0,0.6664,0.6319,11.0389,1.95,40662.0,1.2,0.0,0.0,0.0,5.528404245105422,5.579130360504518,5.046217463604418,21.525855,0.0
5696,2013-10-30,SZSE:002091,0.2428,6.5333,5.3888,6.5487,6.2667,4586.3991,6.359,3.5245,23.6131,19.602,34.8757,0.772,45.7107,34.5535,34.5536,0.0,0.0,0.0,4047.2276,15.2881,13.8205,0.0,0.0,0.6853,0.6498,6.2037,1.95,40662.0,1.2,0.0,0.0,0.0,5.2450337807845955,5.401502236235899,5.168902845422681,12.097215,0.0
5697,2013-10-31,SZSE:002091,0.2428,6.7128,5.5369,6.8051,6.4615,4712.3989,6.4667,3.6213,24.2618,20.1405,35.8338,0.7932,46.057,39.0565,39.0566,0.0,0.0,0.0,4173.2275,15.764,14.2508,0.0,0.0,0.7066,0.67,11.6192,1.95,40662.0,1.2,0.0,0.0,0.0,5.333910027112383,5.6130315501728045,5.329620925694197,22.657439999999998,0.0
5698,2013-11-01,SZSE:002091,0.2131,6.6103,5.4523,6.8051,6.5897,4640.399,6.641,3.566,23.8911,19.8328,35.2863,0.7811,45.3265,37.47,37.4701,0.0,0.0,0.0,4101.2275,15.4921,14.0049,0.0,0.0,0.6944,0.6585,7.8498,1.95,40662.0,1.2,0.0,0.0,0.0,5.477621938489933,5.612974710678791,5.435308731827603,15.30711,0.0
5699,2013-11-04,SZSE:002091,0.2131,6.6051,5.448,6.7077,6.5641,4636.7992,6.6205,3.5632,23.8725,19.8174,35.2589,0.7805,45.1969,37.3882,37.3883,0.0,0.0,0.0,4097.6277,15.4785,13.9926,0.0,0.0,0.6938,0.6579,4.2002,1.95,40662.0,1.2,0.0,0.0,0.0,5.460702184675478,5.532626243357406,5.414182495344506,8.190389999999999,0.0
5700,2013-11-05,SZSE:002091,0.2131,6.7744,5.5876,6.7949,6.4821,4755.5986,6.5897,3.6545,24.4842,20.3251,36.1623,0.8004,45.3154,41.8951,41.8952,0.0,0.0,0.0,4216.4271,15.9272,14.3983,0.0,0.0,0.7139,0.677,6.3666,1.95,40662.0,1.2,0.0,0.0,0.0,5.43525739844119,5.604508626594238,5.34650772909778,12.41487,0.0
5701,2013-11-06,SZSE:002091,0.2131,6.7641,5.5792,6.9333,6.7231,4748.3989,6.7692,3.6489,24.4471,20.1373,36.1076,0.7992,45.2111,41.6992,41.6993,0.0,0.0,0.0,4209.2274,15.9,14.3737,0.0,0.0,0.7127,0.6758,8.95,1.95,40662.0,1.2,0.0,0.0,9.2308,5.583406608417971,5.718760420455049,5.545382167620231,17.452499999999997,0.0
5702,2013-11-07,SZSE:002091,0.2131,6.5744,5.4226,6.7641,6.5231,4615.1986,6.7641,3.5466,23.7613,19.5724,35.0947,0.7768,45.0688,38.1454,38.1455,0.0,0.0,0.0,4076.0271,15.3969,13.9188,0.0,0.0,0.6902,0.6544,5.4072,1.95,40662.0,1.2,0.0,0.0,9.2308,5.579065566439524,5.579065566439524,5.380287487831589,10.544039999999999,0.0
5703,2013-11-08,SZSE:002091,0.248,6.3282,5.2196,6.5744,6.3077,4442.3992,6.5744,3.4138,22.8717,18.8396,33.7807,0.7477,45.2237,34.0869,34.087,0.0,0.0,0.0,3903.2277,14.7441,13.3288,0.0,0.0,0.6609,0.6267,4.8065,1.95,40662.0,1.2,0.0,0.0,9.2308,5.422669675421131,5.422669675421131,5.202691273979963,9.372675,0.0
5704,2013-11-11,SZSE:002091,0.248,6.4256,5.3,6.5026,6.3333,4510.7993,6.3333,3.4664,23.2238,19.1296,34.3008,0.7592,45.3344,36.9467,36.9468,0.0,0.0,0.0,3971.6278,15.0025,13.5623,0.0,0.0,0.6725,0.6171,3.7289,1.95,40662.0,1.2,0.0,0.0,9.2308,5.22386858814741,5.363511578685258,5.22386858814741,7.271355,0.0
5705,2013-11-12,SZSE:002091,0.248,6.4359,5.3084,6.4872,6.3539,4517.999,6.4308,3.4719,23.2609,19.1602,34.3556,0.7605,45.2269,37.2553,37.2554,0.0,0.0,0.0,3978.8275,15.0297,13.5869,0.0,0.0,0.6737,0.6182,4.4591,1.95,40662.0,1.2,0.0,0.0,9.2308,5.30419346478348,5.350712795413228,5.240765512204975,8.695245,0.0
5706,2013-11-13,SZSE:002091,0.248,6.4564,5.3254,6.6564,6.4462,4532.3991,6.4615,3.483,23.335,19.2212,34.4651,0.7629,44.6798,37.9098,37.9099,0.0,0.0,0.0,3993.2277,15.0841,13.6361,0.0,0.0,0.6762,0.6205,7.803,1.95,40662.0,1.2,0.0,0.0,9.2308,5.329606607397311,5.490364995972987,5.316986785205378,15.21585,0.0
5707,2013-11-14,SZSE:002091,0.248,6.4513,5.3211,6.4718,6.2051,4528.7993,6.3897,3.4802,23.3165,19.206,34.4377,0.7623,44.1486,37.8037,37.8037,0.0,0.0,0.0,3989.6278,15.0705,13.6238,0.0,0.0,0.6755,0.6199,6.2846,1.95,40662.0,1.2,0.0,0.0,9.2308,5.270291672996141,5.338008615317844,5.1180316540852235,12.25497,0.0
5708,2013-11-15,SZSE:002091,0.2231,6.6103,5.4523,6.6513,6.4103,4640.399,6.4513,3.566,23.8911,19.6792,35.2863,0.7811,44.0063,43.1217,43.1217,0.0,0.0,0.0,4101.2275,15.4921,14.0049,0.0,0.0,0.6944,0.6372,9.275,1.95,40662.0,1.2,0.0,0.0,9.2308,5.321153803912077,5.4861175725761315,5.287336231335947,18.08625,0.0
5709,2013-11-18,SZSE:002091,0.2231,6.7641,5.5792,6.7692,6.6154,4748.3989,6.6667,3.6489,24.4471,20.1373,36.1076,0.7992,43.3406,47.7754,47.7755,0.0,0.0,0.0,4209.2274,15.9,14.3737,0.0,0.0,0.7127,0.654,8.5053,1.95,40662.0,1.2,0.0,0.0,9.2308,5.498862027468547,5.583406608417971,5.456548495734836,16.585335,0.0
5710,2013-11-19,SZSE:002091,0.2231,6.7385,5.558,6.8872,6.6718,4730.3989,6.7641,3.6351,24.3544,20.0609,35.9707,0.7962,43.0939,47.084,47.084,0.0,0.0,0.0,4191.2275,15.832,14.3122,0.0,0.0,0.7097,0.6512,9.4502,1.95,40662.0,1.2,0.0,0.0,9.2308,5.579115203680344,5.680649640127624,5.502984996660977,18.42789,0.0
5711,2013-11-20,SZSE:002091,0.2231,6.7949,5.6045,6.8103,6.6974,4769.9994,6.7744,3.6655,24.5583,20.2289,36.2718,0.8029,43.0291,48.8383,48.8383,0.0,0.0,0.0,4230.828,15.9816,14.4475,0.0,0.0,0.7164,0.6574,8.2456,1.95,40662.0,1.2,0.0,0.0,9.2308,5.587591399431926,5.6172020706706505,5.524081046078677,16.07892,0.0
5712,2013-11-21,SZSE:002091,0.2231,6.718,5.5411,6.7436,6.6462,4715.9995,6.718,3.624,24.2803,19.9999,35.8612,0.7938,42.9611,46.5709,46.571,0.0,0.0,0.0,4176.828,15.7776,14.2631,0.0,0.0,0.7072,0.649,7.1559,1.95,40662.0,1.2,0.0,0.0,9.2308,5.5411,5.562215236677582,5.481878359630843,13.954004999999999,0.0
5713,2013-11-22,SZSE:002091,0.2299,6.7333,5.5538,6.8359,6.6769,4726.7991,6.718,3.6323,24.3359,20.0456,35.9433,0.7956,42.0678,47.0999,47.0999,0.0,0.0,0.0,4187.6276,15.8184,14.2999,0.0,0.0,0.7091,0.6507,5.8222,1.95,40662.0,1.2,0.0,0.0,9.2308,5.541180164258239,5.638427133797691,5.507279821187233,11.35329,0.0
5714,2013-11-25,SZSE:002091,0.2299,6.3128,5.2069,6.5641,6.1026,4431.5989,6.5641,3.4055,22.8161,18.7938,33.6986,0.7459,41.5602,36.4712,36.4712,0.0,0.0,0.0,3892.4275,14.7033,13.2919,0.0,0.0,0.6591,0.6048,24.1704,1.95,40662.0,1.2,0.0,0.0,9.2308,5.414176322709415,5.414176322709415,5.033523625015841,47.13228,0.0
5715,2013-11-26,SZSE:002091,0.2299,6.3282,5.2196,6.3539,6.2256,4442.3992,6.3077,3.4138,22.8717,18.8396,33.7807,0.7477,41.5381,37.031,37.0311,0.0,0.0,0.0,3903.2277,14.7441,13.3288,0.0,0.0,0.6609,0.6065,6.9388,1.95,40662.0,1.2,0.0,0.0,9.2308,5.202691273979963,5.240797768717803,5.134973888309472,13.53066,0.0
5716,2013-11-27,SZSE:002091,0.2299,6.3744,5.2577,6.441,6.2872,4474.7993,6.3128,3.4387,23.0385,18.977,34.0271,0.7532,41.4021,38.7742,38.7743,0.0,0.0,0.0,3935.6279,14.8665,13.4394,0.0,0.0,0.6664,0.6115,8.0728,1.95,40662.0,1.2,0.0,0.0,9.2308,5.20689140311245,5.312632671310241,5.185776142068273,15.74196,0.0
5717,2013-11-28,SZSE:002091,0.2299,6.441,5.3127,6.441,6.2974,4521.5996,6.3744,3.4747,23.2794,18.2672,34.3829,0.7611,41.0337,41.302,41.302,0.0,0.0,0.0,3982.4281,15.0433,13.5992,0.0,0.0,0.6743,0.6011,11.3808,1.95,40662.0,1.2,0.0,0.0,9.2308,5.25776663251048,5.3127,5.194255081509082,22.19256,0.0
5718,2013-11-29,SZSE:002091,0.2698,6.5744,5.4226,6.5897,6.4154,4615.1986,6.4513,3.5466,23.7613,18.6454,35.0947,0.7768,41.3025,46.0953,46.0953,0.0,0.0,0.0,4076.0271,15.3969,13.9188,0.0,0.0,0.6902,0.6152,12.9982,1.95,40662.0,1.2,0.0,0.0,9.2308,5.3210664669019225,5.4352195211730345,5.2914559564370895,25.34649,0.0
5719,2013-12-02,SZSE:002091,0.2698,6.2462,5.1519,6.4923,6.2359,4384.7994,6.4103,3.3695,22.5751,17.7146,33.3427,0.738,42.7998,37.8925,37.8926,0.0,0.0,0.0,3845.6279,14.5266,13.1321,0.0,0.0,0.6512,0.5805,10.6996,1.95,40662.0,1.2,0.0,0.0,9.2308,5.287250579552369,5.354884629054466,5.143404503538151,20.86422,0.0
5720,2013-12-03,SZSE:002091,0.2698,6.3744,5.2577,6.4308,6.1846,4474.7993,6.2308,3.4387,23.0385,18.0782,34.0271,0.7532,41.8401,42.2181,42.2181,0.0,0.0,0.0,3935.6279,14.8665,13.4394,0.0,0.0,0.6664,0.594,5.8076,1.95,40662.0,1.2,0.0,0.0,9.2308,5.139256582580321,5.304219559487952,5.101150134914659,11.324819999999999,0.0
5721,2013-12-04,SZSE:002091,0.2698,6.5487,5.4015,6.6154,6.3385,4597.1993,6.3744,3.5328,23.6687,18.5727,34.9578,0.7738,42.2891,47.5666,47.5666,0.0,0.0,0.0,4058.0279,15.3289,13.8574,0.0,0.0,0.6871,0.6125,10.8044,1.95,40662.0,1.2,0.0,0.0,9.2308,5.257733840304183,5.456515506894498,5.228122795363966,21.068579999999997,0.0
5722,2013-12-05,SZSE:002091,0.2698,6.6667,5.4988,6.7436,6.5897,4679.9988,6.6205,3.5964,24.095,18.9072,35.5874,0.7877,42.4631,50.8789,50.8789,0.0,0.0,0.0,4140.8274,15.6416,14.1401,0.0,0.0,0.7011,0.625,12.985,1.95,40662.0,1.2,0.0,0.0,9.2308,5.4606935065324675,5.562228340858296,5.435289177554113,25.320749999999997,0.0
5723,2013-12-06,SZSE:002091,0.2487,6.6103,5.4523,6.7282,6.5641,4640.399,6.6718,3.566,23.8911,18.7472,35.2863,0.7811,40.6305,49.2756,49.2756,0.0,0.0,0.0,4101.2275,15.4921,14.0049,0.0,0.0,0.6944,0.619,8.6569,1.95,40662.0,1.2,0.0,0.0,9.2308,5.503026358864197,5.549546141627461,5.414193369438603,16.880955,0.0
5724,2013-12-09,SZSE:002091,0.2487,6.6205,5.4607,6.6667,6.5897,4647.5987,6.6205,3.5715,23.9282,18.7763,35.3411,0.7823,40.6448,49.5867,49.5867,0.0,0.0,0.0,4108.4273,15.5193,14.0295,0.0,0.0,0.6957,0.6201,5.7175,1.95,40662.0,1.2,0.0,0.0,9.2308,5.4607,5.498806538781059,5.435295640812627,11.149125,0.0
5725,2013-12-10,SZSE:002091,0.2487,6.6821,5.5115,6.7026,6.6205,4690.7991,6.6564,3.6047,24.1506,18.9508,35.6696,0.7895,40.7127,51.5081,51.5082,0.0,0.0,0.0,4151.6276,15.6824,14.177,0.0,0.0,0.703,0.6266,6.9729,1.95,40662.0,1.2,0.0,0.0,9.2308,5.490302240313674,5.528408718815942,5.460691361996976,13.597155,0.0
5726,2013-12-11,SZSE:002091,0.2487,6.518,5.3761,6.6615,6.4872,4575.5995,6.6615,3.5162,23.5575,18.4854,34.7936,0.7702,40.5657,46.4265,46.4265,0.0,0.0,0.0,4036.428,15.2473,13.7836,0.0,0.0,0.6835,0.6093,5.8481,1.95,40662.0,1.2,0.0,0.0,9.2308,5.494459980055232,5.494459980055232,5.350695906719853,11.403794999999999,0.0
5727,2013-12-12,SZSE:002091,0.2487,6.4974,5.3592,6.5539,6.4872,4561.1987,6.518,3.5051,23.4833,18.4272,34.6841,0.7677,40.1846,45.818,45.818,0.0,0.0,0.0,4022.0272,15.1929,13.7344,0.0,0.0,0.681,0.6071,4.2578,1.95,40662.0,1.2,0.0,0.0,9.2308,5.376191338073692,5.405802456367162,5.350786813186813,8.30271,0.0
5728,2013-12-13,SZSE:002091,0.2323,6.4,5.2788,6.5128,6.3846,4492.7993,6.4667,3.4525,23.1312,18.1509,34.1639,0.7562,40.0676,42.9391,42.9391,0.0,0.0,0.0,3953.6278,14.9345,13.5009,0.0,0.0,0.6695,0.5968,5.5313,1.95,40662.0,1.2,0.0,0.0,9.2308,5.333814993750001,5.3718388500000005,5.2660978875,10.786035,0.0
5729,2013-12-16,SZSE:002091,0.2323,6.2974,5.1942,6.4,6.2615,4420.7994,6.4,3.3972,22.7605,17.9619,33.6164,0.7441,39.6882,40.084,40.0841,0.0,0.0,0.0,3881.6279,14.6625,13.255,0.0,0.0,0.6573,0.5859,4.4438,1.95,40662.0,1.2,0.0,0.0,9.2308,5.278826182233939,5.278826182233939,5.164589084384032,8.665410000000001,0.0
5730,2013-12-17,SZSE:002091,0.2323,6.3231,5.2154,6.3641,6.2769,4438.7994,6.2923,3.411,22.8531,18.035,33.7533,0.7471,38.458,41.1378,41.1378,0.0,0.0,0.0,3899.6279,14.7305,13.3165,0.0,0.0,0.6603,0.5886,2.3496,1.95,40662.0,1.2,0.0,0.0,9.2308,5.189995638215431,5.249217494583353,5.177293457323149,4.58172,0.0
5731,2013-12-18,SZSE:002091,0.2323,6.3436,5.2323,6.3744,6.2615,4453.1988,6.3282,3.4221,22.9273,18.0935,33.8628,0.7495,38.3821,42.0163,42.0163,0.0,0.0,0.0,3914.0273,14.7849,13.3657,0.0,0.0,0.6627,0.5908,2.3401,1.95,40662.0,1.2,0.0,0.0,9.2308,5.219597840343023,5.257704319313953,5.1645826423481935,4.563195,0.0
5732,2013-12-19,SZSE:002091,0.2323,6.2974,5.1942,6.3795,6.2974,4420.7994,6.3385,3.3972,22.7605,17.9619,33.6164,0.7441,38.058,40.5498,40.5498,0.0,0.0,0.0,3881.6279,14.6625,13.255,0.0,0.0,0.6573,0.5859,2.905,1.95,40662.0,1.2,0.0,0.0,9.2308,5.2280999618890345,5.261917442118971,5.1942,5.66475,0.0
5733,2013-12-20,SZSE:002091,0.2348,6.1692,5.0885,6.3231,6.1282,4330.7995,6.3128,3.328,22.2971,17.5962,32.9321,0.7289,37.8936,36.7162,36.7162,0.0,0.0,0.0,3791.628,14.3226,12.9477,0.0,0.0,0.642,0.5723,4.4481,1.95,40662.0,1.2,0.0,0.0,9.2308,5.206944628152759,5.215440308305777,5.054682244051092,8.673795,0.0
5734,2013-12-23,SZSE:002091,0.2348,6.1539,5.0758,6.2051,6.0615,4319.9999,6.1949,3.3197,22.2415,17.5523,32.85,0.7271,37.4888,36.273,36.273,0.0,0.0,0.0,3780.8284,14.2818,12.9108,0.0,0.0,0.6402,0.5707,3.0615,1.95,40662.0,1.2,0.0,0.0,9.2308,5.1096172215993105,5.118030286484993,4.999587529859113,5.969925,0.0
5735,2013-12-24,SZSE:002091,0.2348,6.1795,5.097,6.2513,6.1282,4337.9999,6.159,3.3336,22.3342,17.6255,32.9868,0.7302,37.3086,37.6244,37.6244,0.0,0.0,0.0,3798.8284,14.3498,12.9723,0.0,0.0,0.6432,0.5734,2.7244,1.95,40662.0,1.2,0.0,0.0,9.2308,5.080091107694797,5.156222364268954,5.054686528036249,5.3125800000000005,0.0
5736,2013-12-25,SZSE:002091,0.2348,6.2256,5.135,6.2462,6.1641,4370.3993,6.1846,3.3585,22.501,17.7571,33.2332,0.7356,36.8643,40.087,40.0871,0.0,0.0,0.0,3831.2278,14.4722,13.0829,0.0,0.0,0.6487,0.5783,3.105,1.95,40662.0,1.2,0.0,0.0,9.2308,5.101182375995887,5.151991294011822,5.084273563993832,6.054749999999999,0.0
5737,2013-12-26,SZSE:002091,0.2348,5.9282,4.8897,6.2359,5.8974,4161.5992,6.2359,3.198,21.426,16.9087,31.6454,0.7005,37.7718,31.4652,31.4652,0.0,0.0,0.0,3622.4277,13.6834,12.3699,0.0,0.0,0.6134,0.5468,6.799,1.95,40662.0,1.2,0.0,0.0,9.2308,5.143497221753652,5.143497221753652,4.864295533214129,13.25805,0.0
5738,2013-12-27,SZSE:002091,0.2139,5.9744,4.9278,6.0205,5.8564,4193.9986,5.9231,3.2229,21.5928,17.0404,31.8918,0.7059,37.8493,33.8429,33.8429,0.0,0.0,0.0,3654.8271,13.8058,12.4805,0.0,0.0,0.6189,0.5517,7.3756,1.95,40662.0,1.2,0.0,0.0,9.2308,4.88548677356722,4.965824166443493,4.830471331012319,14.38242,0.0
5739,2013-12-30,SZSE:002091,0.2139,5.9539,4.9108,6.0513,5.9385,4179.5999,5.9897,3.2118,21.5187,16.9819,31.7823,0.7035,37.8335,33.2902,33.2901,0.0,0.0,0.0,3640.4284,13.7514,12.4314,0.0,0.0,0.6164,0.5495,5.8875,1.95,40662.0,1.2,0.0,0.0,9.2308,4.94032797997951,4.991135900838106,4.898098019785351,11.480625,0.0
5740,2013-12-31,SZSE:002091,0.2139,5.959,4.9151,5.9846,5.9077,4183.1983,5.9539,3.2146,21.5372,16.9965,31.8097,0.7041,37.5299,33.5821,33.5822,0.0,0.0,0.0,3644.0269,13.765,12.4437,0.0,0.0,0.617,0.55,3.8759,1.95,40662.0,1.2,0.0,0.0,9.2308,4.910893420036919,4.936215381775466,4.872786754489009,7.558005,0.0
5741,2014-01-01,SZSE:002091,0.2139,0.0,4.9151,0.0,0.0,4183.1983,0.0,3.2146,21.5372,16.9965,31.8097,0.7041,37.5299,33.5821,33.5822,0.0,0.0,0.0,3644.0269,13.765,12.4437,0.0,0.0,0.617,0.55,0.0,1.95,40662.0,1.2,0.0,0.0,9.2308,0.0,0.0,0.0,0.0,0.0
5742,2014-01-02,SZSE:002091,0.2139,6.0513,4.9912,6.0513,5.8974,4247.9993,5.9077,3.2644,21.8708,17.2598,32.3024,0.715,37.424,38.7785,38.7785,0.0,0.0,0.0,3708.8278,14.0098,12.6649,0.0,0.0,0.628,0.5598,4.6703,1.95,40662.0,1.2,0.0,0.0,9.2308,4.872756637416753,4.9912,4.864261048039264,9.107085,0.0
5743,2014-01-03,SZSE:002091,0.2038,6.1333,5.0589,6.1744,6.0051,4305.5998,6.0256,3.3087,22.1674,17.4938,32.7404,0.7247,37.2769,43.0441,43.0441,0.0,0.0,0.0,3766.4283,14.2274,12.8616,0.0,0.0,0.6378,0.5685,7.3515,1.95,40662.0,1.2,0.0,0.0,9.2308,4.970066332969201,5.09280031304518,4.953157417703357,14.335424999999999,0.0
5744,2014-01-06,SZSE:002091,0.2038,5.8872,4.8559,6.1128,5.8462,4132.799,6.1128,3.1759,21.2777,16.7917,31.4264,0.6956,37.7181,35.1351,35.1351,0.0,0.0,0.0,3593.6275,13.5746,12.2715,0.0,0.0,0.6085,0.5424,6.2826,1.95,40662.0,1.2,0.0,0.0,9.2308,5.041980146759071,5.041980146759071,4.822082242831907,12.25107,0.0
5745,2014-01-07,SZSE:002091,0.2038,5.8154,4.7966,5.9282,5.7897,4082.3989,5.8821,3.1372,21.0182,16.587,31.0432,0.6871,37.4572,33.2179,33.2179,0.0,0.0,0.0,3543.2274,13.3843,12.0994,0.0,0.0,0.6,0.5348,4.5389,1.95,40662.0,1.2,0.0,0.0,9.2308,4.851614826151254,4.8896385665646385,4.775402383327028,8.850855,0.0
5746,2014-01-08,SZSE:002091,0.2038,5.9897,4.9404,6.0256,5.7949,4204.7996,5.8205,3.2312,21.6484,17.0843,31.9739,0.7077,37.4429,41.5581,41.5581,0.0,0.0,0.0,3665.6281,13.8466,12.5174,0.0,0.0,0.6207,0.5533,6.8812,1.95,40662.0,1.2,0.0,0.0,9.2308,4.800841143963805,4.970010892031321,4.779725856052891,13.418339999999999,0.0
5747,2014-01-09,SZSE:002091,0.2038,5.8615,4.8347,6.0,5.8462,4114.799,5.9487,3.1621,21.185,16.7186,31.2896,0.6926,37.5995,37.8182,37.8182,0.0,0.0,0.0,3575.6275,13.5066,12.2101,0.0,0.0,0.6054,0.5397,5.0001,1.95,40662.0,1.2,0.0,0.0,9.2308,4.906624565384286,4.948937985157383,4.822080208137848,9.750195,0.0
5748,2014-01-10,SZSE:002091,0.2441,5.5692,4.5936,5.8923,5.4769,3909.5995,5.8667,3.0044,20.1286,15.8849,29.7292,0.6581,37.9853,30.974,30.974,0.0,0.0,0.0,3370.428,12.7315,11.5094,0.0,0.0,0.5707,0.5087,6.1074,1.95,40662.0,1.2,0.0,0.0,9.2308,4.838984615384615,4.860100064641241,4.517468907563025,11.90943,0.0
5749,2014-01-13,SZSE:002091,0.2441,5.4256,4.4752,5.6308,5.3846,3808.7993,5.5282,2.9269,19.6096,14.8852,28.9627,0.6411,38.1798,28.2677,28.2677,0.0,0.0,0.0,3269.6278,12.3508,11.1652,0.0,0.0,0.5536,0.4935,4.5647,1.95,40662.0,1.2,0.0,0.0,9.2308,4.559827602477145,4.644455204954291,4.4413819522264815,8.901165,0.0
5750,2014-01-14,SZSE:002091,0.2441,5.5282,4.5598,5.5282,5.359,3880.7992,5.4667,2.9822,19.9803,15.1665,29.5102,0.6532,38.2509,32.7853,32.7853,0.0,0.0,0.0,3341.6277,12.6227,11.411,0.0,0.0,0.5658,0.5044,3.3312,1.95,40662.0,1.2,0.0,0.0,9.2308,4.509073235411165,4.5598,4.420239535472668,6.495839999999999,0.0
5751,2014-01-15,SZSE:002091,0.2441,6.0821,5.0166,6.0821,5.5436,4269.5991,5.5436,3.281,21.982,16.686,32.4667,0.7186,42.5658,50.8031,50.8031,0.0,0.0,0.0,3730.4276,14.0914,12.7387,0.0,0.0,0.6317,0.5631,26.627,1.95,40662.0,1.2,0.0,0.0,9.2308,4.57243776984923,5.0166,4.57243776984923,51.92265,0.0
5752,2014-01-16,SZSE:002091,0.2441,6.4872,5.3507,6.641,6.1641,4553.9997,6.2872,3.4996,23.4463,17.7975,34.6293,0.7665,43.1856,59.3806,59.3806,0.0,0.0,0.0,4014.8282,15.1657,13.7099,0.0,0.0,0.6798,0.606,48.8574,1.95,40662.0,1.2,0.0,0.0,9.2308,5.1857382291281295,5.47755560180047,5.084204259156493,95.27193,0.0
5753,2014-01-17,SZSE:002091,0.2411,6.4513,5.3211,6.4872,6.3436,4528.7993,6.3846,3.4802,23.3165,17.699,34.4377,0.7623,43.1809,58.4088,58.4088,0.0,0.0,0.0,3989.6278,15.0705,13.6238,0.0,0.0,0.6755,0.6022,24.0329,1.95,40662.0,1.2,0.0,0.0,9.2308,5.266085139429262,5.350710697068808,5.2322679087935775,46.864155000000004,0.0
5754,2014-01-20,SZSE:002091,0.2411,6.2564,5.1604,6.4718,6.1539,4391.9998,6.4,3.3751,22.6122,17.1644,33.3974,0.7392,43.358,53.3087,53.3087,0.0,0.0,0.0,3852.8284,14.5537,13.1567,0.0,0.0,0.6524,0.5815,19.7131,1.95,40662.0,1.2,0.0,0.0,9.2308,5.278844063678793,5.338066095518189,5.075856013042644,38.440545,0.0
5755,2014-01-21,SZSE:002091,0.2411,6.3795,5.2619,6.4256,6.2256,4478.3992,6.2308,3.4415,23.057,17.502,34.0544,0.7538,43.4007,55.9262,55.9262,0.0,0.0,0.0,3939.2277,14.8801,13.4517,0.0,0.0,0.667,0.5946,16.7041,1.95,40662.0,1.2,0.0,0.0,9.2308,5.1392501794811505,5.299923918802413,5.134961147425346,32.572995,0.0
5756,2014-01-22,SZSE:002091,0.2411,6.5641,5.4142,6.6615,6.2564,4607.9996,6.3795,3.5411,23.7243,18.0085,35.0399,0.7756,43.6347,59.5861,59.5861,0.0,0.0,0.0,4068.8281,15.3697,13.8943,0.0,0.0,0.689,0.6141,27.7698,1.95,40662.0,1.2,0.0,0.0,9.2308,5.261938255054006,5.4945374537255685,5.160402931094895,54.151109999999996,0.0
5757,2014-01-23,SZSE:002091,0.2411,6.641,5.4776,6.6872,6.4821,4661.9996,6.5077,3.5826,24.0023,18.2196,35.4506,0.7847,42.7714,61.0379,61.0379,0.0,0.0,0.0,4122.8281,15.5737,14.0787,0.0,0.0,0.6981,0.6223,22.9532,1.95,40662.0,1.2,0.0,0.0,9.2308,5.367652088540882,5.515706477940069,5.346536810721276,44.758739999999996,0.0
5758,2014-01-24,SZSE:002091,0.1277,7.0256,5.7949,7.2923,6.7231,4932.0,6.7231,3.79,25.3924,19.2747,37.5037,0.8301,44.079,67.3529,67.3528,0.0,0.0,0.0,4392.8285,16.5936,15.0007,0.0,0.0,0.7438,0.663,42.3324,1.95,40662.0,1.2,0.0,0.0,9.2308,5.545390029321339,6.0148811873718975,5.545390029321339,82.54818,0.0
5759,2014-01-27,SZSE:002091,0.1277,7.1641,5.9091,7.2667,6.9897,5029.1996,7.041,3.8647,25.8928,19.6546,38.2428,0.8465,44.1833,69.283,69.283,0.0,0.0,0.0,4490.0281,16.9607,15.3326,0.0,0.0,0.7603,0.6777,34.7039,1.95,40662.0,1.2,0.0,0.0,9.2308,5.807564537066763,5.993726632794069,5.765251220669728,67.67260499999999,0.0
5760,2014-01-28,SZSE:002091,0.1277,7.041,5.8076,7.2154,6.9026,4942.7996,7.118,3.7983,25.448,19.3169,37.5858,0.832,43.4023,65.5719,65.5719,0.0,0.0,0.0,4403.6281,16.6344,15.0375,0.0,0.0,0.7456,0.6647,17.7226,1.95,40662.0,1.2,0.0,0.0,9.2308,5.871111603465417,5.951449657719073,5.693444078966055,34.55907,0.0
5761,2014-01-29,SZSE:002091,0.1277,7.3333,6.0487,7.3846,6.9333,5147.9998,7.0308,3.956,26.5045,20.1189,39.1462,0.8665,42.9595,69.7203,69.7203,0.0,0.0,0.0,4608.8283,17.4095,15.7383,0.0,0.0,0.7804,0.6957,24.0242,1.95,40662.0,1.2,0.0,0.0,9.2308,5.799189990863595,6.091013598243628,5.7187694094064065,46.84719,0.0
5762,2014-01-30,SZSE:002091,0.1277,7.159,5.9048,7.3231,7.1077,5025.5991,7.3231,3.862,25.8743,19.6405,38.2154,0.8459,43.0259,64.7115,64.7115,0.0,0.0,0.0,4486.4276,16.9471,15.3203,0.0,0.0,0.7597,0.6772,11.6811,1.95,40662.0,1.2,0.0,0.0,9.2308,6.040150981980724,6.040150981980724,5.862487352982261,22.778145000000002,0.0
5763,2014-01-31,SZSE:002091,0.1052,0.0,5.9048,0.0,0.0,5025.5991,0.0,3.862,25.8743,19.6405,38.2154,0.8459,43.0259,64.7115,64.7115,0.0,0.0,0.0,4486.4276,16.9471,15.3203,0.0,0.0,0.7597,0.6772,0.0,1.95,40662.0,1.2,0.0,0.0,9.2308,0.0,0.0,0.0,0.0,0.0
5764,2014-02-03,SZSE:002091,0.1052,0.0,5.9048,0.0,0.0,5025.5991,0.0,3.862,25.8743,19.6405,38.2154,0.8459,43.0259,64.7115,64.7115,0.0,0.0,0.0,4486.4276,16.9471,15.3203,0.0,0.0,0.7597,0.6772,0.0,1.95,40662.0,1.2,0.0,0.0,9.2308,0.0,0.0,0.0,0.0,0.0
5765,2014-02-04,SZSE:002091,0.1052,0.0,5.9048,0.0,0.0,5025.5991,0.0,3.862,25.8743,19.6405,38.2154,0.8459,43.0259,64.7115,64.7115,0.0,0.0,0.0,4486.4276,16.9471,15.3203,0.0,0.0,0.7597,0.6772,0.0,1.95,40662.0,1.2,0.0,0.0,9.2308,0.0,0.0,0.0,0.0,0.0
5766,2014-02-05,SZSE:002091,0.1052,0.0,5.9048,0.0,0.0,5025.5991,0.0,3.862,25.8743,19.6405,38.2154,0.8459,43.0259,64.7115,64.7115,0.0,0.0,0.0,4486.4276,16.9471,15.3203,0.0,0.0,0.7597,0.6772,0.0,1.95,40662.0,1.2,0.0,0.0,9.2308,0.0,0.0,0.0,0.0,0.0
5767,2014-02-06,SZSE:002091,0.1052,0.0,5.9048,0.0,0.0,5025.5991,0.0,3.862,25.8743,19.6405,38.2154,0.8459,43.0259,64.7115,64.7115,0.0,0.0,0.0,4486.4276,16.9471,15.3203,0.0,0.0,0.7597,0.6772,0.0,1.95,40662.0,1.2,0.0,0.0,9.2308,0.0,0.0,0.0,0.0,0.0
5768,2014-02-07,SZSE:002091,0.1222,7.8769,6.497,7.8769,7.0923,5529.6,7.0923,4.2493,28.4691,21.6102,42.0479,0.9307,47.6951,73.2373,73.2373,0.0,0.0,0.0,4990.4285,18.8509,17.0414,0.0,0.0,0.845,0.7532,33.5787,1.95,40662.0,1.2,0.0,0.0,9.2308,5.849848684127004,6.497,5.849848684127004,65.478465,0.0
5769,2014-02-10,SZSE:002091,0.1222,8.5795,7.0765,8.6667,8.118,6022.7992,8.118,4.6283,31.0084,23.5377,45.7983,1.0137,49.8011,78.6685,78.6685,0.0,0.0,0.0,5483.6277,20.714,18.7255,0.0,0.0,0.9285,0.8277,49.5712,1.95,40662.0,1.2,0.0,0.0,9.2308,6.695847893233872,7.1484238650271,6.695847893233872,96.66384,0.0
5770,2014-02-11,SZSE:002091,0.1222,8.3539,6.8904,8.7077,8.2103,5864.3992,8.6154,4.5065,30.1928,22.9186,44.5938,0.9871,50.1711,73.5088,73.5088,0.0,0.0,0.0,5325.2277,20.1156,18.1846,0.0,0.0,0.9017,0.8038,30.403,1.95,40662.0,1.2,0.0,0.0,9.2308,7.106088432947485,7.1822186140605,6.7719569446605785,59.285849999999996,0.0
5771,2014-02-12,SZSE:002091,0.1222,8.2872,6.8354,8.3744,8.0308,5817.5997,8.3487,4.4706,29.9519,22.7357,44.2379,0.9792,50.2312,72.0061,72.0061,0.0,0.0,0.0,5278.4282,19.9388,18.0248,0.0,0.0,0.8938,0.7967,41.6742,1.95,40662.0,1.2,0.0,0.0,9.2308,6.886126071532,6.907323795733178,6.623917646490973,81.26469,0.0
5772,2014-02-13,SZSE:002091,0.1222,7.8821,6.5013,8.559,7.8718,5533.1984,8.1487,4.252,28.4877,21.6243,42.0753,0.9313,51.4424,63.5096,63.5096,0.0,0.0,0.0,4994.0269,18.8645,17.0536,0.0,0.0,0.8456,0.7538,42.4446,1.95,40662.0,1.2,0.0,0.0,9.2308,6.721196547874297,7.059619479580314,6.492804371931338,82.76697,0.0
5773,2014-02-14,SZSE:002091,0.1321,8.0308,6.6239,8.0821,7.7692,5637.5998,7.8923,4.3323,29.0252,22.0323,42.8692,0.9489,51.5293,65.136,65.136,0.0,0.0,0.0,5098.4284,19.2589,17.4102,0.0,0.0,0.8633,0.7696,28.1199,1.95,40662.0,1.2,0.0,0.0,9.2308,6.509663541614784,6.666212854261096,6.408129187627633,54.833805,0.0
5774,2014-02-17,SZSE:002091,0.1321,8.3282,6.8692,8.3949,7.9026,5846.3992,8.0872,4.4927,30.1002,22.8483,44.4569,0.984,51.7918,68.1895,68.1895,0.0,0.0,0.0,5307.2277,20.0476,18.1232,0.0,0.0,0.8986,0.8011,32.4792,1.95,40662.0,1.2,0.0,0.0,9.2308,6.670420287697221,6.9242149660190675,6.518159976945798,63.334439999999994,0.0
5775,2014-02-18,SZSE:002091,0.1321,8.1897,6.755,8.2872,8.0308,5749.1989,8.2872,4.418,29.5997,22.4684,43.7178,0.9677,51.8044,65.3213,65.3214,0.0,0.0,0.0,5210.0274,19.6805,17.7912,0.0,0.0,0.8822,0.7864,21.1941,1.95,40662.0,1.2,0.0,0.0,9.2308,6.835419612440015,6.835419612440015,6.623936652136219,41.328495,0.0
5776,2014-02-19,SZSE:002091,0.1321,7.8462,6.4716,8.1539,7.7692,5507.9994,8.1539,4.2327,28.3579,21.5258,41.8837,0.9271,52.6345,58.7209,58.7209,0.0,0.0,0.0,4968.8279,18.7693,16.9676,0.0,0.0,0.8413,0.75,33.0456,1.95,40662.0,1.2,0.0,0.0,9.2308,6.725393087099488,6.725393087099488,6.408089867706661,64.43892,0.0
5777,2014-02-20,SZSE:002091,0.1321,7.7077,6.3574,7.9077,7.6154,5410.7991,7.8359,4.158,27.8575,21.1459,41.1446,0.9107,52.7832,56.254,56.254,0.0,0.0,0.0,4871.6276,18.4022,16.6357,0.0,0.0,0.8249,0.7353,18.3515,1.95,40662.0,1.2,0.0,0.0,9.2308,6.463140840977204,6.522362310416856,6.281269893742621,35.785425000000004,0.0
5778,2014-02-21,SZSE:002091,0.0953,7.8564,6.4801,7.9077,7.5897,5515.1991,7.7282,4.2382,28.395,21.5539,41.9384,0.9283,52.8195,58.2812,58.2812,0.0,0.0,0.0,4976.0277,18.7965,16.9922,0.0,0.0,0.8426,0.7511,17.6206,1.95,40662.0,1.2,0.0,0.0,9.2308,6.374358334606181,6.522413162517183,6.2601210439896136,34.36017,0.0
5779,2014-02-24,SZSE:002091,0.0953,7.9539,6.5605,8.0,7.6923,5583.5999,7.7436,4.2908,28.7471,21.8213,42.4586,0.9398,52.8575,59.6021,59.6021,0.0,0.0,0.0,5044.4284,19.0549,17.2258,0.0,0.0,0.8542,0.7614,18.9554,1.95,40662.0,1.2,0.0,0.0,9.2308,6.387041300494097,6.598523994518413,6.344728265379248,36.96303,0.0
5780,2014-02-25,SZSE:002091,0.0953,7.3333,6.0487,8.1487,7.159,5147.9998,7.9077,3.956,26.5045,20.1189,39.1462,0.8665,53.8599,48.9688,48.9688,0.0,0.0,0.0,4608.8283,17.4095,15.7383,0.0,0.0,0.7804,0.6957,34.5993,1.95,40662.0,1.2,0.0,0.0,9.2308,6.522480328092401,6.72126350892504,5.904932745148841,67.46863499999999,0.0
5781,2014-02-26,SZSE:002091,0.0953,8.0667,6.6535,8.0667,7.3333,5662.7995,7.4872,4.3516,29.1549,22.1308,43.0608,0.9531,57.0949,58.4118,58.4118,0.0,0.0,0.0,5123.6281,19.3541,17.4962,0.0,0.0,0.8676,0.7734,43.1875,1.95,40662.0,1.2,0.0,0.0,9.2308,6.1755222333792,6.6535,6.0485838756864645,84.215625,0.0
5782,2014-02-27,SZSE:002091,0.0953,8.559,7.0596,8.8718,8.2051,6008.3991,8.4,4.6172,30.9342,23.4814,45.6888,1.0113,58.1938,63.3191,63.3191,0.0,0.0,0.0,5469.2276,20.6596,18.6764,0.0,0.0,0.9261,0.8255,91.4367,1.95,40662.0,1.2,0.0,0.0,9.2308,6.92845425867508,7.31760243953733,6.767697623554153,178.301565,0.0
5783,2014-02-28,SZSE:002091,0.1769,9.4154,7.766,9.4154,8.1436,6609.5996,8.359,5.0792,38.2428,24.7,42.848,1.1518,61.0478,69.9596,69.9596,0.0,0.0,0.0,6070.4281,26.2754,23.4821,0.0,0.0,1.0607,0.8908,81.0419,1.95,40662.0,1.2,3.7934,0.0,9.2308,6.89466129957304,7.766,6.716995305563226,158.031705,0.0
5784,2014-03-03,SZSE:002091,0.1769,9.1897,7.5799,9.7282,8.9436,6451.1989,9.2308,4.9575,37.3263,24.108,41.8212,1.1242,61.1237,66.5416,66.5416,0.0,0.0,0.0,5912.0274,25.5898,22.8694,0.0,0.0,1.033,0.8676,71.1516,1.95,40662.0,1.2,3.7025,0.0,9.2308,7.613800332981491,8.02406859636332,7.376910414921053,138.74562,0.0
5785,2014-03-04,SZSE:002091,0.1769,9.2154,7.601,9.7949,8.9795,6469.1996,9.0359,4.9713,37.4305,24.1753,41.9379,1.1274,60.9703,66.7404,66.7404,0.0,0.0,0.0,5930.0281,25.6677,22.939,0.0,0.0,1.0362,0.8702,59.5553,1.95,40662.0,1.2,3.7128,0.0,9.2308,7.452945710441218,8.078980283004535,7.406426145365366,116.132835,0.0
5786,2014-03-05,SZSE:002091,0.1769,9.1385,7.5376,9.1641,8.7333,6415.1996,9.0256,4.9298,37.118,23.9735,41.5878,1.1179,60.9893,65.483,65.483,0.0,0.0,0.0,5876.0282,25.434,22.7302,0.0,0.0,1.0268,0.8623,36.9531,1.95,40662.0,1.2,3.6818,0.0,9.2308,7.444478039065492,7.558715342780543,7.203383715051705,72.058545,0.0
5787,2014-03-06,SZSE:002091,0.1769,8.7077,7.1823,9.0051,8.5744,6112.7991,8.9539,4.6974,35.3684,22.8434,39.6274,1.0652,61.9395,58.8019,58.8019,0.0,0.0,0.0,5573.6276,24.125,21.5604,0.0,0.0,0.9739,0.8179,31.1985,1.95,40662.0,1.2,3.5083,0.0,9.2308,7.385371104884183,7.4276019764116805,7.07235126612079,60.837075,0.0
5788,2014-03-07,SZSE:002091,0.1517,8.6513,7.1357,8.9744,8.4359,6073.1986,8.7077,4.667,35.1392,22.6955,39.3707,1.0583,61.4462,57.9678,57.9678,0.0,0.0,0.0,5534.0271,23.9536,21.4072,0.0,0.0,0.967,0.8121,31.2159,1.95,40662.0,1.2,3.4855,0.0,9.2308,7.182219422514535,7.4021969045114595,6.958035396992359,60.871005000000004,0.0
5789,2014-03-10,SZSE:002091,0.1517,7.8,6.4336,8.4359,7.7846,5475.6,8.4359,4.2078,31.6816,20.4622,35.4967,0.9542,65.9114,47.1082,47.1082,0.0,0.0,0.0,4936.4285,21.367,19.0955,0.0,0.0,0.8626,0.7244,41.5024,1.95,40662.0,1.2,3.1426,0.0,9.2308,6.9581033641025645,6.9581033641025645,6.420897764102564,80.92968,0.0
5790,2014-03-11,SZSE:002091,0.1517,7.6513,6.3109,7.9539,7.441,5371.1986,7.8564,4.1275,31.0775,20.0721,34.8199,0.936,65.8196,45.5044,45.5044,0.0,0.0,0.0,4832.0271,20.9151,18.6917,0.0,0.0,0.8443,0.7091,28.7125,1.95,40662.0,1.2,3.0827,0.0,9.2308,6.480069368604028,6.560488741782443,6.13744159815979,55.989374999999995,0.0
5791,2014-03-12,SZSE:002091,0.1517,7.8154,6.4463,7.9744,7.4,5486.3989,7.5846,4.2161,32.429,20.5026,36.5839,0.9784,65.9177,47.6234,47.6234,0.0,0.0,0.0,4947.2274,22.4307,19.9455,0.0,0.0,0.8823,0.726,29.4151,1.95,40662.0,1.2,3.1488,0.0,9.2308,6.2559314916702915,6.577446416050362,6.103669677815595,57.359444999999994,0.0
5792,2014-03-13,SZSE:002091,0.1517,7.8462,6.4716,7.9744,7.5539,5507.9994,7.6923,4.2327,32.5567,20.5833,36.7279,0.9823,65.8038,48.0314,48.0314,0.0,0.0,0.0,4968.8279,22.5287,20.0326,0.0,0.0,0.8861,0.7292,20.9557,1.95,40662.0,1.2,3.1612,0.0,9.2308,6.344662216104611,6.577340246233846,6.230508939359179,40.863615,0.0
5793,2014-03-14,SZSE:002091,0.4537,7.5897,6.2602,7.8308,7.5128,5327.9989,7.7436,4.0943,31.4927,19.9107,35.5277,0.9502,65.671,44.8928,44.8928,0.0,0.0,0.0,4788.8274,21.7125,19.3069,0.0,0.0,0.854,0.7027,15.8005,1.95,40662.0,1.2,3.0579,0.0,9.2308,6.387141088580577,6.459066123825711,6.196770697129004,30.810975,0.0
5794,2014-03-17,SZSE:002091,0.4537,8.041,6.6324,8.1744,7.5282,5644.7996,7.6,4.3378,33.3653,21.0945,37.6401,1.0067,67.0861,50.9659,50.9659,0.0,0.0,0.0,5105.6281,23.1489,20.5841,0.0,0.0,0.9105,0.7492,33.0622,1.95,40662.0,1.2,3.2397,0.0,9.2308,6.26865315259296,6.742431359283671,6.209430876756622,64.47129,0.0
5795,2014-03-18,SZSE:002091,0.4537,8.0,6.5985,8.2564,7.9487,5616.0,8.0256,4.1379,33.195,20.9869,48.8848,1.0015,67.113,50.4219,50.4219,0.0,0.0,0.0,5187.9162,22.6368,20.1016,0.0,0.0,0.9252,0.7613,28.3159,1.95,40662.0,1.2,3.2231,0.0,9.2308,6.6196152,6.809981924999999,6.55618711875,55.216004999999996,0.0
5796,2014-03-19,SZSE:002091,0.4537,8.0564,6.6451,8.2,7.7949,5655.5998,7.9282,4.1671,33.4291,27.0858,49.2295,1.0086,67.0735,51.1933,51.1933,0.0,0.0,0.0,5227.516,22.8096,20.255,0.0,0.0,0.9322,0.821,19.8178,1.95,40662.0,1.2,3.2459,0.0,9.2308,6.53935775532496,6.763544511196066,6.429408915892955,38.644709999999996,0.0
5797,2014-03-20,SZSE:002091,0.4537,7.6154,6.2813,8.0718,7.5385,5345.9996,7.9539,3.939,31.5991,24.546,46.5346,0.9534,68.0554,45.2634,45.2634,0.0,0.0,0.0,4917.9158,21.4587,19.0554,0.0,0.0,0.877,0.7401,19.0259,1.95,40662.0,1.2,3.2004,0.0,9.7436,6.5605000485857605,6.657745796675157,6.217871687632955,37.100505,0.0
5798,2014-03-21,SZSE:002091,0.437,7.8462,6.4716,7.8923,7.4513,5507.9994,7.5539,4.0583,32.5567,25.2898,47.9447,0.9823,67.6822,48.6173,48.6173,0.0,0.0,0.0,5079.9156,22.1656,19.6831,0.0,0.0,0.9059,0.7645,14.0114,1.95,40662.0,1.2,3.2974,0.0,9.7436,6.230508939359179,6.509623598684714,6.145883750095587,27.32223,0.0
5799,2014-03-24,SZSE:002091,0.437,7.6359,6.2982,7.8462,7.5539,5360.399,7.8359,3.9496,31.6842,24.6121,46.6599,0.9559,68.5692,45.8601,45.8601,0.0,0.0,0.0,4932.3152,21.5216,19.1112,0.0,0.0,0.8796,0.7423,20.4858,1.95,40662.0,1.2,3.2091,0.0,9.7436,6.463162872745844,6.471658460692256,6.230565222174202,39.94731,0.0
5800,2014-03-25,SZSE:002091,0.437,7.6513,6.3109,7.7385,7.4359,5371.1986,7.5333,3.9575,31.7481,24.6617,46.7539,0.9579,68.5645,46.101,46.101,0.0,0.0,0.0,4943.1148,21.5687,19.153,0.0,0.0,0.8815,0.7439,11.5178,1.95,40662.0,1.2,3.2155,0.0,9.7436,6.213571938102022,6.382823788114438,6.133235046331996,22.459709999999998,0.0
5801,2014-03-26,SZSE:002091,0.437,7.7333,6.3786,7.8359,7.6308,5428.7991,7.6359,4.0,32.0885,24.9261,47.2553,0.9681,67.6743,47.444,47.444,0.0,0.0,0.0,5000.7153,21.82,19.3762,0.0,0.0,0.8918,0.7526,16.4998,1.95,40662.0,1.2,3.25,0.0,9.7436,6.298262286475373,6.463226790632718,6.29405569161936,32.17461,0.0
5802,2014-03-27,SZSE:002091,0.437,7.4359,6.1333,7.6564,7.4308,5219.999,7.6513,3.8461,30.8543,23.9674,45.4378,0.9309,68.2767,43.2382,43.2382,0.0,0.0,0.0,4791.9152,20.9089,18.5672,0.0,0.0,0.8546,0.7211,13.3337,1.95,40662.0,1.2,3.125,0.0,9.7436,6.310966835218333,6.315173431595368,6.129093403622964,26.000715,0.0
5803,2014-03-28,SZSE:002091,0.1929,6.9487,5.7314,7.5128,6.9026,4877.9993,7.4513,3.5941,28.8329,22.3972,42.4608,0.8699,69.2697,37.3915,37.3915,0.0,0.0,0.0,4449.9155,19.4167,17.242,0.0,0.0,0.7936,0.6697,17.9294,1.95,40662.0,1.2,2.9203,0.0,9.7436,6.145952598327745,6.196678791716437,5.693375975362298,34.96233,0.0
5804,2014-03-31,SZSE:002091,0.1929,7.0205,5.7906,7.1077,6.9231,4928.3987,6.9539,3.6313,29.1308,22.6286,42.8996,0.8789,69.88,38.7068,38.7068,0.0,0.0,0.0,4500.3149,19.6366,17.4373,0.0,0.0,0.8026,0.6773,7.4096,1.95,40662.0,1.2,2.9504,0.0,9.7436,5.735667451036251,5.8625236977423265,5.710263209173136,14.44872,0.0
5805,2014-04-01,SZSE:002091,0.1929,7.1436,5.8922,7.1949,7.0256,5014.7995,7.0513,3.6949,29.6415,23.0253,43.6516,0.8943,69.3393,40.9954,40.9954,0.0,0.0,0.0,4586.7157,20.0136,17.7721,0.0,0.0,0.818,0.6903,6.6629,1.95,40662.0,1.2,3.0022,0.0,9.7436,5.81606890923344,5.9345133798085,5.794870978218265,12.992655,0.0
5806,2014-04-02,SZSE:002091,0.1929,7.0718,5.8329,7.2256,7.0564,4964.3987,7.2205,3.6578,29.3435,22.7939,43.2129,0.8853,69.3424,40.0559,40.0559,0.0,0.0,0.0,4536.3149,19.7937,17.5768,0.0,0.0,0.809,0.6827,6.9577,1.95,40662.0,1.2,2.972,0.0,9.7436,5.955549428716877,5.959755965949264,5.820197907180633,13.567515,0.0
5807,2014-04-03,SZSE:002091,0.1929,7.1333,5.8837,7.2256,7.0308,5007.5998,7.1026,3.6896,29.5989,22.9922,43.589,0.893,69.3171,41.2978,41.2978,0.0,0.0,0.0,4579.516,19.9822,17.7442,0.0,0.0,0.8167,0.6892,9.4714,1.95,40662.0,1.2,2.9979,0.0,9.7436,5.8583779765326005,5.959831034724461,5.799155784840116,18.46923,0.0
5808,2014-04-04,SZSE:002091,0.2128,7.3539,6.0656,7.4,7.1436,5162.3992,7.1846,3.8037,30.5139,23.703,44.9364,0.9206,68.963,45.6434,45.6434,0.0,0.0,0.0,4734.3154,20.6576,18.344,0.0,0.0,0.8443,0.7125,14.2114,1.95,40662.0,1.2,3.0905,0.0,9.7436,5.925958982308706,6.1036239274398625,5.892141606494513,27.712229999999998,0.0
5809,2014-04-07,SZSE:002091,0.2128,0.0,6.0656,0.0,0.0,5162.3992,0.0,3.8037,30.5139,23.703,44.9364,0.9206,68.963,45.6434,45.6434,0.0,0.0,0.0,4734.3154,20.6576,18.344,0.0,0.0,0.8443,0.7125,0.0,1.95,40662.0,1.2,3.0905,0.0,9.7436,0.0,0.0,0.0,0.0,0.0
5810,2014-04-08,SZSE:002091,0.2128,7.3795,6.0867,7.3897,7.2615,5180.3992,7.3333,3.817,30.6203,23.7856,45.0931,0.9238,69.2523,46.1427,46.1427,0.0,0.0,0.0,4752.3154,20.7362,18.4137,0.0,0.0,0.8475,0.7152,10.5994,1.95,40662.0,1.2,3.1013,0.0,9.7436,6.048593686564131,6.09511308218714,5.989372186462497,20.66883,0.0
5811,2014-04-09,SZSE:002091,0.2128,7.4462,6.1417,7.4769,7.3385,5227.1994,7.3795,3.8514,30.8969,24.0005,45.5005,0.9322,69.0547,47.4931,47.4931,0.0,0.0,0.0,4799.1156,20.9404,18.5951,0.0,0.0,0.8558,0.7222,10.6783,1.95,40662.0,1.2,3.1293,0.0,9.7436,6.086685174988585,6.167021666084715,6.052867966210953,20.822685,0.0
5812,2014-04-10,SZSE:002091,0.2128,7.6154,6.2813,7.7949,7.4,5345.9996,7.4205,3.939,31.5991,24.546,46.5346,0.9534,68.1566,50.8613,50.8612,0.0,0.0,0.0,4917.9158,21.4587,19.0554,0.0,0.0,0.877,0.7401,22.189,1.95,40662.0,1.2,3.2004,0.0,9.7436,6.120543457993014,6.429354383223468,6.103634740131838,43.26855,0.0
5813,2014-04-11,SZSE:002091,0.1747,7.4974,6.184,7.5795,7.4051,5263.1987,7.4872,3.878,31.1097,24.1658,45.8138,0.9386,67.7044,48.5249,48.5249,0.0,0.0,0.0,4835.1149,21.0974,18.7346,0.0,0.0,0.8623,0.7276,9.6507,1.95,40662.0,1.2,3.1509,0.0,9.7436,6.175586843439059,6.2517176621228705,6.10786918131619,18.818865,0.0
5814,2014-04-14,SZSE:002091,0.1747,7.6462,6.3067,7.7385,7.5077,5367.5994,7.5128,3.9549,31.7268,24.6451,46.7226,0.9572,67.9858,51.5471,51.5471,0.0,0.0,0.0,4939.5156,21.553,19.1391,0.0,0.0,0.8809,0.7433,15.5529,1.95,40662.0,1.2,3.2134,0.0,9.7436,6.196669686903299,6.382830419031675,6.192463130705448,30.328155,0.0
5815,2014-04-15,SZSE:002091,0.1747,7.4872,6.1756,7.7026,7.4718,5255.9997,7.6923,3.8727,31.0671,24.1327,45.7512,0.9373,65.486,48.2837,48.2837,0.0,0.0,0.0,4827.9159,21.066,18.7067,0.0,0.0,0.861,0.7266,7.9111,1.95,40662.0,1.2,3.1466,0.0,9.7436,6.344770792819746,6.353266449406989,6.162897756170532,15.426645,0.0
5816,2014-04-16,SZSE:002091,0.1747,7.4769,6.1671,7.6154,7.4103,5248.7992,7.4718,3.8674,31.0246,24.0997,45.6885,0.936,64.2148,48.0722,48.0722,0.0,0.0,0.0,4820.7154,21.0346,18.6788,0.0,0.0,0.8597,0.7255,6.8501,1.95,40662.0,1.2,3.1423,0.0,9.7436,6.1628934157204185,6.281337631906272,6.112166958231353,13.357695,0.0
5817,2014-04-17,SZSE:002091,0.1747,7.6,6.2686,7.6615,7.4718,5335.1993,7.4718,3.931,31.5353,24.4964,46.4406,0.9514,64.2559,50.8537,50.8537,0.0,0.0,0.0,4907.1155,21.4116,19.0135,0.0,0.0,0.8751,0.7385,9.6692,1.95,40662.0,1.2,3.194,0.0,9.7436,6.1628586157894745,6.319326171052632,6.1628586157894745,18.85494,0.0
5818,2014-04-18,SZSE:002091,0.1728,7.6205,6.2855,7.6615,7.5128,5349.5987,7.5897,3.7905,32.3241,24.5625,48.1096,0.9846,63.6993,51.3217,51.3217,0.0,0.0,0.0,4987.8721,22.753,20.0737,0.0,0.0,0.912,0.7506,8.4312,1.95,40662.0,1.2,3.2026,0.0,9.7436,6.260095708942982,6.319317400433042,6.1966674627649105,16.44084,0.0
5819,2014-04-21,SZSE:002091,0.1728,7.0974,5.8541,7.6103,7.0667,4982.3987,7.5436,3.5303,30.1054,22.8765,44.8073,0.9171,65.6109,40.6829,40.6829,0.0,0.0,0.0,4620.672,21.078,18.5959,0.0,0.0,0.8449,0.6954,21.5278,1.95,40662.0,1.2,2.9828,0.0,9.7436,6.22213610054386,6.2771518062952625,5.82877792853721,41.979209999999995,0.0
5820,2014-04-22,SZSE:002091,0.1728,6.7641,5.5792,7.1487,6.5385,4748.3989,7.0872,3.3645,28.6915,21.8021,42.7029,0.874,66.1707,35.6161,35.6161,0.0,0.0,0.0,4386.6723,20.0106,17.6542,0.0,0.0,0.8021,0.6602,22.0941,1.95,40662.0,1.2,2.8427,0.0,9.7436,5.845701015656186,5.896427764225839,5.393119439393268,43.083495,0.0
5821,2014-04-23,SZSE:002091,0.1728,6.6256,5.4649,6.8,6.5385,4651.1993,6.7641,3.2957,28.1042,21.3558,41.8288,0.8561,66.2719,33.7365,33.7365,0.0,0.0,0.0,4289.4727,19.5672,17.263,0.0,0.0,0.7843,0.6455,12.9985,1.95,40662.0,1.2,2.7845,0.0,9.7436,5.579136997404008,5.608747886983821,5.393058538094663,25.347075,0.0
5822,2014-04-24,SZSE:002091,0.1728,6.5539,5.4057,6.6615,6.4615,4600.7992,6.6256,3.2599,27.7996,21.1244,41.3756,0.8468,65.2267,32.7708,32.7708,0.0,0.0,0.0,4239.0726,19.3373,17.0602,0.0,0.0,0.7751,0.6379,10.5304,1.95,40662.0,1.2,2.7543,0.0,9.7436,5.464838633485407,5.494449190558294,5.329487869817972,20.53428,0.0
5823,2014-04-25,SZSE:002091,0.2741,6.4,5.2788,6.6051,6.3949,4492.7993,6.5282,3.1834,27.1471,20.6285,40.4043,0.8269,64.8283,30.7402,30.7402,0.0,0.0,0.0,4131.0727,18.8446,16.6255,0.0,0.0,0.7553,0.6217,6.5015,1.95,40662.0,1.2,2.6897,0.0,9.7436,5.3845409625,5.447969043750001,5.27459345625,12.677925,0.0
5824,2014-04-28,SZSE:002091,0.2741,6.3487,5.2365,6.4359,6.2821,4456.7993,6.3949,3.1579,26.9295,20.4632,40.0805,0.8203,65.1745,30.0713,30.0713,0.0,0.0,0.0,4095.0727,18.6804,16.4807,0.0,0.0,0.7488,0.6163,9.2548,1.95,40662.0,1.2,2.6681,0.0,9.7436,5.274606431237891,5.308423826925198,5.181567352371352,18.04686,0.0
5825,2014-04-29,SZSE:002091,0.2741,6.4615,5.3296,6.4872,6.3231,4535.9997,6.3333,3.214,27.4081,20.8269,40.7928,0.8349,64.6891,33.4997,33.4996,0.0,0.0,0.0,4174.2731,19.0417,16.7994,0.0,0.0,0.7632,0.6282,7.8827,1.95,40662.0,1.2,2.7155,0.0,9.7436,5.223857568676005,5.3507979757022355,5.215444364311693,15.371265,0.0
5826,2014-04-30,SZSE:002091,0.2741,6.4667,5.3338,6.5128,6.4154,4539.5988,6.441,3.2166,27.4298,20.8434,40.8252,0.8356,64.5263,33.6588,33.6588,0.0,0.0,0.0,4177.8722,19.0581,16.8139,0.0,0.0,0.7639,0.6287,5.4593,1.95,40662.0,1.2,2.7177,0.0,9.7436,5.312602378338256,5.371823749362117,5.291487237694651,10.645634999999999,0.0
5827,2014-05-01,SZSE:002091,0.2741,0.0,5.3338,0.0,0.0,4539.5988,0.0,3.2166,27.4298,20.8434,40.8252,0.8356,64.5263,33.6588,33.6588,0.0,0.0,0.0,4177.8722,19.0581,16.8139,0.0,0.0,0.7639,0.6287,0.0,1.95,40662.0,1.2,2.7177,0.0,9.7436,0.0,0.0,0.0,0.0,0.0
5828,2014-05-02,SZSE:002091,0.099,0.0,5.3338,0.0,0.0,4539.5988,0.0,3.2166,27.4298,20.8434,40.8252,0.8356,64.5263,33.6588,33.6588,0.0,0.0,0.0,4177.8722,19.0581,16.8139,0.0,0.0,0.7639,0.6287,0.0,1.95,40662.0,1.2,2.7177,0.0,9.7436,0.0,0.0,0.0,0.0,0.0
5829,2014-05-05,SZSE:002091,0.099,6.5487,5.4015,6.5487,6.4308,4597.1993,6.4872,3.2574,27.7779,21.4024,41.3432,0.8462,64.0361,36.2872,36.2872,0.0,0.0,0.0,4235.4727,19.3208,17.0457,0.0,0.0,0.7744,0.6374,6.2598,1.95,40662.0,1.2,2.7522,0.0,9.7436,5.35077355811077,5.4015,5.304253699207476,12.20661,0.0
5830,2014-05-06,SZSE:002091,0.099,6.5949,5.4396,6.6923,6.5436,4629.5994,6.5487,3.2804,27.9737,21.5533,41.6346,0.8521,63.5159,37.7805,37.7805,0.0,0.0,0.0,4267.8728,19.4686,17.1761,0.0,0.0,0.7803,0.6423,10.5645,1.95,40662.0,1.2,2.7716,0.0,9.7436,5.401493353955329,5.5199373879816225,5.397286776145203,20.600775000000002,0.0
5831,2014-05-07,SZSE:002091,0.099,6.4,5.2788,6.5641,6.3744,4492.7993,6.5641,3.1834,27.1471,20.9164,40.4043,0.8269,60.4944,34.142,34.142,0.0,0.0,0.0,4131.0727,18.8446,16.6255,0.0,0.0,0.7553,0.6217,7.7037,1.95,40662.0,1.2,2.6897,0.0,9.7436,5.41415173125,5.41415173125,5.2576848,15.022215000000001,0.0
5832,2014-05-08,SZSE:002091,0.099,6.4513,5.3211,6.5385,6.2872,4528.7993,6.3282,3.2089,27.3646,21.084,40.728,0.8336,60.0327,35.8917,35.8917,0.0,0.0,0.0,4167.0726,19.0088,16.7704,0.0,0.0,0.7619,0.6271,8.4607,1.95,40662.0,1.2,2.7112,0.0,9.7436,5.219565827042612,5.393023475888581,5.185748596406927,16.498365,0.0
5833,2014-05-09,SZSE:002091,-0.0325,6.4769,5.3423,6.5641,6.3077,4546.7992,6.4205,3.2217,27.4733,21.1678,40.8899,0.8369,59.5568,36.7959,36.7959,0.0,0.0,0.0,4185.0726,19.0909,16.8429,0.0,0.0,0.7652,0.6298,8.1213,1.95,40662.0,1.2,2.722,0.0,9.7436,5.295779948740909,5.414224618258735,5.2027398462227294,15.836535,0.0
5834,2014-05-12,SZSE:002091,-0.0325,6.8103,5.6172,6.841,6.4872,4780.799,6.5539,3.3875,28.8873,22.2572,42.9943,0.88,58.5733,47.2181,47.2181,0.0,0.0,0.0,4419.0724,20.1584,17.7846,0.0,0.0,0.808,0.665,16.1743,1.95,40662.0,1.2,2.8621,0.0,9.7436,5.405718849389895,5.64252165102859,5.350704057089996,31.539884999999998,0.0
5835,2014-05-13,SZSE:002091,-0.0325,6.6718,5.503,6.7949,6.6051,4683.5994,6.7487,3.3186,28.2999,21.8047,42.1202,0.8621,57.8776,43.9743,43.9743,0.0,0.0,0.0,4321.8728,19.715,17.3934,0.0,0.0,0.7902,0.6504,11.0306,1.95,40662.0,1.2,2.8039,0.0,9.7436,5.566428265235769,5.604534713270781,5.447984846668066,21.50967,0.0
5836,2014-05-14,SZSE:002091,-0.0325,6.6513,5.4861,6.6923,6.6051,4669.1986,6.6051,3.3084,28.2129,21.7376,41.9907,0.8594,57.7052,43.4975,43.4976,0.0,0.0,0.0,4307.4719,19.6493,17.3355,0.0,0.0,0.7876,0.6482,4.4973,1.95,40662.0,1.2,2.7953,0.0,9.7436,5.447993491497903,5.5199174642551085,5.447993491497903,8.769735,0.0
5837,2014-05-15,SZSE:002091,-0.0325,6.2256,5.183,6.6103,6.1026,4370.3993,6.5897,3.0967,26.4075,20.3466,39.3035,0.8044,58.627,35.0147,35.973,0.0,0.0,0.0,4008.6727,18.2863,16.1329,0.0,0.0,0.733,0.6033,11.2873,1.95,40662.0,1.2,2.6164,0.0,9.7436,5.486124245052685,5.503274367129272,5.080598785659213,22.010234999999998,0.062
5838,2014-05-16,SZSE:002091,-0.0862,6.2205,5.1787,6.241,6.1026,4366.7994,6.1641,3.0941,26.3857,20.3298,39.2712,0.8038,58.148,34.9264,35.8788,0.0,0.0,0.0,4005.0728,18.2698,16.1185,0.0,0.0,0.7323,0.6027,5.6049,1.95,40662.0,1.2,2.6142,0.0,9.7436,5.131745787316133,5.195766690780483,5.08054571497468,10.929554999999999,0.0
5839,2014-05-19,SZSE:002091,-0.0862,6.1282,5.1019,6.2051,6.0513,4301.9992,6.2051,3.0482,25.9942,20.0281,38.6884,0.7918,57.974,33.2973,34.1466,0.0,0.0,0.0,3940.2726,17.9742,15.8577,0.0,0.0,0.7204,0.593,4.91,1.95,40662.0,1.2,2.5754,0.0,9.7436,5.165921427172742,5.165921427172742,5.037878572827258,9.5745,0.0
5840,2014-05-20,SZSE:002091,-0.0862,6.1487,5.1189,6.2718,6.118,4316.3986,6.1744,3.0584,26.0812,20.0952,38.8179,0.7945,57.9234,34.0336,34.8988,0.0,0.0,0.0,3954.672,18.0399,15.9156,0.0,0.0,0.7231,0.5951,4.7591,1.95,40662.0,1.2,2.5841,0.0,9.7436,5.140295698277685,5.221382897197782,5.0933417145087585,9.280245,0.0
5841,2014-05-21,SZSE:002091,-0.0862,6.2513,5.2043,6.2513,6.0308,4388.3993,6.1282,3.1094,26.5162,20.4304,39.4654,0.8077,57.8823,37.7349,38.6708,0.0,0.0,0.0,4026.6726,18.3684,16.2054,0.0,0.0,0.7362,0.606,4.9739,1.95,40662.0,1.2,2.6272,0.0,9.7436,5.101817423575897,5.2043,5.0207304784604805,9.699105000000001,0.0
5842,2014-05-22,SZSE:002091,-0.0862,6.2103,5.1702,6.3487,6.2103,4359.5997,6.2513,3.089,26.3422,20.2963,39.2064,0.8024,57.4001,36.8444,37.7292,0.0,0.0,0.0,3997.8731,18.237,16.0895,0.0,0.0,0.731,0.6016,6.4778,1.95,40662.0,1.2,2.6099,0.0,9.7436,5.204333326892421,5.285420791266123,5.1702,12.63171,0.0
5843,2014-05-23,SZSE:002091,-0.1199,6.3539,5.2897,6.359,6.1897,4460.3992,6.1949,3.1605,26.9513,20.7656,40.1129,0.821,57.1803,42.0032,42.9642,0.0,0.0,0.0,4098.6726,18.6968,16.4951,0.0,0.0,0.7494,0.6168,9.1316,1.95,40662.0,1.2,2.6703,0.0,9.7436,5.15733054187192,5.293945812807881,5.153001477832512,17.806620000000002,0.0
5844,2014-05-26,SZSE:002091,-0.1199,6.5231,5.4306,6.7641,6.5077,4579.1994,6.5897,3.2446,27.6691,21.3186,41.1813,0.8428,52.323,47.4513,48.4634,0.0,0.0,0.0,4217.4727,19.2387,16.9733,0.0,0.0,0.7711,0.6347,16.636,1.95,40662.0,1.2,2.7414,0.0,9.7436,5.486045717526942,5.631236905765663,5.417779218469746,32.4402,0.0
5845,2014-05-27,SZSE:002091,-0.1199,6.5077,5.4178,6.5949,6.4615,4568.3991,6.5026,3.237,27.6039,21.2684,41.0842,0.8409,50.6755,47.0189,48.0102,0.0,0.0,0.0,4206.6725,19.1895,16.9298,0.0,0.0,0.7692,0.6331,7.782,1.95,40662.0,1.2,2.7349,0.0,9.7436,5.413554140479739,5.49039587258171,5.379337507875286,15.1749,0.0
5846,2014-05-28,SZSE:002091,-0.1199,6.6,5.4946,6.641,6.4872,4633.1993,6.4923,3.2829,27.9954,20.4715,41.6669,0.8528,46.4222,49.9651,50.9726,0.0,0.0,0.0,4271.4727,19.4851,17.1906,0.0,0.0,0.781,0.6201,12.1464,1.95,40662.0,1.2,0.0,0.0,9.7436,5.404938118181819,5.528733121212122,5.400692290909091,23.68548,0.0
5847,2014-05-29,SZSE:002091,-0.1199,6.4308,5.3537,6.7436,6.4103,4514.3991,6.6154,3.1987,27.2776,19.9466,40.5985,0.8309,46.2119,45.0221,45.8181,0.0,0.0,0.0,4152.6725,18.9431,16.7125,0.0,0.0,0.7593,0.6029,12.7766,1.95,40662.0,1.2,0.0,0.0,9.7436,5.5073811936306525,5.61410886981402,5.336633561920757,24.914369999999998,0.0
5848,2014-05-30,SZSE:002091,-0.1645,6.4513,5.3708,6.5846,6.2923,4528.7993,6.359,3.2089,27.3646,20.0102,40.728,0.8336,45.8704,45.723,46.524,0.0,0.0,0.0,4167.0726,19.0088,16.7704,0.0,0.0,0.7619,0.605,9.9464,1.95,40662.0,1.2,0.0,0.0,9.7436,5.293958923007766,5.481774166447073,5.2384302140653825,19.39548,0.0
5849,2014-06-02,SZSE:002091,-0.1645,0.0,5.3708,0.0,0.0,4528.7993,0.0,3.2089,27.3646,20.0102,40.728,0.8336,45.8704,45.723,46.524,0.0,0.0,0.0,4167.0726,19.0088,16.7704,0.0,0.0,0.7619,0.605,0.0,1.95,40662.0,1.2,0.0,0.0,9.7436,0.0,0.0,0.0,0.0,0.0
5850,2014-06-03,SZSE:002091,-0.1645,6.4974,5.4092,6.6103,6.4462,4561.1987,6.4667,3.2319,27.5603,20.1533,41.0194,0.8395,45.7945,47.3495,48.1605,0.0,0.0,0.0,4199.472,19.1566,16.9008,0.0,0.0,0.7678,0.6097,8.5691,1.95,40662.0,1.2,0.0,0.0,9.7436,5.38364170899129,5.503191239572752,5.366575097731401,16.709745,0.0
5851,2014-06-04,SZSE:002091,-0.1645,6.3385,5.2769,6.518,6.2872,4449.5996,6.5026,3.1528,26.886,19.6602,40.0158,0.819,45.9226,42.6127,43.2509,0.0,0.0,0.0,4087.873,18.6475,16.4517,0.0,0.0,0.7474,0.5935,6.8526,1.95,40662.0,1.2,0.0,0.0,9.7436,5.413515806578844,5.426336546501538,5.2341919507769985,13.36257,0.0
5852,2014-06-05,SZSE:002091,-0.1645,6.4564,5.3751,6.4667,6.3077,4532.3991,6.3333,3.2115,27.3863,20.0261,40.7604,0.8342,46.1819,46.8603,47.5251,0.0,0.0,0.0,4170.6725,19.0252,16.7849,0.0,0.0,0.7626,0.6055,6.1594,1.95,40662.0,1.2,0.0,0.0,9.7436,5.272616447246143,5.383674984511492,5.251303864382627,12.010829999999999,0.0
5853,2014-06-06,SZSE:002091,-0.3183,6.359,5.294,6.5385,6.3231,4463.9991,6.4718,3.163,26.973,19.7239,40.1453,0.8216,45.3992,43.9653,44.5406,0.0,0.0,0.0,4102.2724,18.7132,16.5096,0.0,0.0,0.7501,0.5956,5.9976,1.95,40662.0,1.2,0.0,0.0,9.7436,5.387908350369554,5.44343749017141,5.264112501965718,11.69532,0.0
5854,2014-06-09,SZSE:002091,-0.3183,6.359,5.294,6.4769,6.3539,4463.9991,6.3846,3.163,26.973,19.7239,40.1453,0.8216,45.4103,43.9653,44.5406,0.0,0.0,0.0,4102.2724,18.7132,16.5096,0.0,0.0,0.7501,0.5956,5.2637,1.95,40662.0,1.2,0.0,0.0,9.7436,5.315312533417203,5.392154206636263,5.289754143733291,10.264215,0.0
5855,2014-06-10,SZSE:002091,-0.3183,6.4462,5.3666,6.4615,6.2308,4525.1994,6.3744,3.2064,27.3428,19.9943,40.6957,0.8329,40.8471,47.3411,47.9335,0.0,0.0,0.0,4163.4728,18.9924,16.7559,0.0,0.0,0.7613,0.6045,7.8692,1.95,40662.0,1.2,0.0,0.0,9.7436,5.306824957339207,5.379337578728553,5.187274872017623,15.34494,0.0
5856,2014-06-11,SZSE:002091,-0.3183,6.5744,5.4733,6.5949,6.4103,4615.1986,6.441,3.2702,27.8866,20.3919,41.505,0.8495,40.9641,51.9276,52.5325,0.0,0.0,0.0,4253.472,19.4029,17.1181,0.0,0.0,0.7777,0.6175,11.7353,1.95,40662.0,1.2,0.0,0.0,9.7436,5.362242227427598,5.49036659923339,5.336683954429302,22.883835,0.0
5857,2014-06-12,SZSE:002091,-0.3183,6.5436,5.4477,6.5846,6.4667,4593.5988,6.5539,3.2548,27.7561,20.2965,41.3108,0.8455,40.6795,50.7844,51.36,0.0,0.0,0.0,4231.8722,19.3044,17.0312,0.0,0.0,0.7738,0.6144,8.411,1.95,40662.0,1.2,0.0,0.0,9.7436,5.456274990830735,5.4818334586466175,5.383678951953054,16.40145,0.0
5858,2014-06-13,SZSE:002091,-0.2986,7.2,5.9941,7.2,6.5539,5054.3986,6.5539,3.5814,30.5404,22.3325,45.4548,0.9303,45.219,67.3162,67.8476,0.0,0.0,0.0,4692.672,21.4064,18.8857,0.0,0.0,0.858,0.6813,38.1,1.95,40662.0,1.2,0.0,0.0,9.7436,5.456212776388888,5.9941,5.456212776388888,74.295,0.0
5859,2014-06-16,SZSE:002091,-0.2986,7.2205,6.0112,7.4821,7.1795,5068.7994,7.2821,3.5916,30.6274,22.3961,45.5843,0.933,44.7557,67.6816,68.2102,0.0,0.0,0.0,4707.0728,21.4721,18.9437,0.0,0.0,0.8607,0.6834,54.5792,1.95,40662.0,1.2,0.0,0.0,9.7436,6.062483141056712,6.228986845786302,5.977066740530433,106.42944,0.0
5860,2014-06-17,SZSE:002091,-0.2986,7.0923,5.9045,7.2923,7.0462,4978.7995,7.2051,3.5278,30.0836,21.9985,44.775,0.9164,43.2521,62.9457,63.3974,0.0,0.0,0.0,4617.0729,21.0616,18.5815,0.0,0.0,0.8442,0.6703,23.4567,1.95,40662.0,1.2,0.0,0.0,9.7436,5.998408548707753,6.0710045189853785,5.86612070837387,45.740565000000004,0.0
5861,2014-06-18,SZSE:002091,-0.2986,7.3333,6.1051,7.3846,7.0513,5147.9998,7.1282,3.6477,31.106,22.7461,46.2966,0.9475,43.8276,67.5438,67.9727,0.0,0.0,0.0,4786.2731,21.8334,19.2624,0.0,0.0,0.8751,0.6949,28.2508,1.95,40662.0,1.2,0.0,0.0,9.7436,5.934350677048531,6.14780814367338,5.870330087409489,55.08906,0.0
5862,2014-06-19,SZSE:002091,-0.2986,7.0,5.8276,7.3846,6.9744,4914.0,7.2564,3.4819,29.6921,21.7122,44.1922,0.9045,44.7146,57.0079,57.3043,0.0,0.0,0.0,4552.2734,20.766,18.3207,0.0,0.0,0.8323,0.6609,17.5648,1.95,40662.0,1.2,0.0,0.0,9.7436,6.041056662857144,6.147784994285715,5.806287634285715,34.251360000000005,0.0
5863,2014-06-20,SZSE:002091,-0.6121,7.2974,6.0753,7.4359,6.9282,5122.7994,7.0256,3.6298,30.9537,22.6347,46.07,0.9429,44.1849,62.6121,62.8998,0.0,0.0,0.0,4761.0727,21.7185,19.161,0.0,0.0,0.8705,0.6912,25.9302,1.95,40662.0,1.2,0.0,0.0,9.7436,5.849018510702442,6.190605321073259,5.767930147723848,50.56389,0.0
5864,2014-06-23,SZSE:002091,-0.6121,7.3846,6.1478,7.6154,7.2974,5183.9997,7.3795,3.6732,31.3235,22.9051,46.6203,0.9542,43.8228,64.0897,64.3736,0.0,0.0,0.0,4822.2731,21.9976,19.4073,0.0,0.0,0.8817,0.7001,26.07,1.95,40662.0,1.2,0.0,0.0,9.7436,6.143554166779515,6.33994476613493,6.075204577092869,50.8365,0.0
5865,2014-06-24,SZSE:002091,-0.6121,7.6513,6.3698,7.6923,7.3539,5371.1986,7.4205,3.8058,32.4547,23.7323,48.3038,0.9886,44.0916,68.2261,68.4961,0.0,0.0,0.0,5009.4719,22.8516,20.1607,0.0,0.0,0.9159,0.7273,33.1672,1.95,40662.0,1.2,0.0,0.0,9.7436,6.177656202214003,6.403932997007045,6.122210894880609,64.67604,0.0
5866,2014-06-25,SZSE:002091,-0.6121,7.4974,6.2418,7.5897,7.4154,5263.1987,7.5897,3.7293,31.8021,23.2551,47.3326,0.9687,44.2782,63.6695,63.9019,0.0,0.0,0.0,4901.472,22.3589,19.726,0.0,0.0,0.8962,0.7116,17.4893,1.95,40662.0,1.2,0.0,0.0,9.7436,6.31864239069544,6.31864239069544,6.173532653986715,34.104135,0.0
5867,2014-06-26,SZSE:002091,-0.6121,7.6821,6.3955,7.7692,7.4103,5392.7991,7.5077,3.8211,32.5852,23.8277,48.4981,0.9926,44.5027,66.5561,66.7813,0.0,0.0,0.0,5031.0725,22.9501,20.2476,0.0,0.0,0.9199,0.7304,23.9186,1.95,40662.0,1.2,0.0,0.0,9.7436,6.250308554952421,6.468012470548418,6.169221130940759,46.64127,0.0
5868,2014-06-27,SZSE:002091,-0.4622,7.8051,6.4979,8.1436,7.6154,5479.1985,7.6462,3.8823,33.1072,24.2095,49.2751,1.0085,43.8893,68.3608,68.5805,0.0,0.0,0.0,5117.4718,23.3442,20.5953,0.0,0.0,0.9357,0.743,34.4074,1.95,40662.0,1.2,0.0,0.0,9.7436,6.365612609703911,6.779707939680464,6.339971001012159,67.09443,0.0
5869,2014-06-30,SZSE:002091,-0.4622,7.8513,6.5364,7.9897,7.5949,5511.5993,7.8718,3.9053,33.303,24.3526,49.5665,1.0145,41.6077,69.0357,69.2531,0.0,0.0,0.0,5149.8726,23.492,20.7257,0.0,0.0,0.9416,0.7477,23.4079,1.95,40662.0,1.2,0.0,0.0,9.7436,6.553466753276528,6.651621397730312,6.322940705360896,45.645405000000004,0.0
5870,2014-07-01,SZSE:002091,-0.4622,7.7692,6.468,8.0051,7.6769,5453.9995,7.7846,3.8645,32.955,24.0981,49.0485,1.0039,41.867,66.3273,66.5267,0.0,0.0,0.0,5092.2728,23.2293,20.4939,0.0,0.0,0.9311,0.7393,23.3167,1.95,40662.0,1.2,0.0,0.0,9.7436,6.480820779488236,6.6643910312516095,6.391158574885445,45.467565,0.0
5871,2014-07-02,SZSE:002091,-0.4622,7.7128,6.4211,7.8103,7.518,5414.3989,7.7539,3.8364,32.7157,23.9231,48.6924,0.9966,41.8385,64.455,64.6425,0.0,0.0,0.0,5052.6723,23.0486,20.3345,0.0,0.0,0.9238,0.7336,26.9318,1.95,40662.0,1.2,0.0,0.0,9.7436,6.455316783787989,6.502271202416762,6.258924100197075,52.51701,0.0
5872,2014-07-03,SZSE:002091,-0.4622,7.9231,6.5961,8.1128,7.6051,5561.9994,7.6564,3.941,33.6075,24.5753,50.0197,1.0237,42.1326,68.0725,68.2518,0.0,0.0,0.0,5200.2727,23.7219,20.9285,0.0,0.0,0.9508,0.755,37.8104,1.95,40662.0,1.2,0.0,0.0,9.7436,6.374068235917759,6.754028105160859,6.331360213805203,73.73028000000001,0.0
5873,2014-07-04,SZSE:002091,-0.1258,7.6821,6.3955,7.8872,7.6359,5392.7991,7.8872,3.8211,32.5852,23.8277,48.4981,0.9926,42.2196,60.4745,60.6133,0.0,0.0,0.0,5031.0725,22.9501,20.2476,0.0,0.0,0.9199,0.7304,23.1746,1.95,40662.0,1.2,0.0,0.0,9.7436,6.566249801486573,6.566249801486573,6.357037587378452,45.190470000000005,0.0
5874,2014-07-07,SZSE:002091,-0.1258,7.4718,6.2204,7.6872,7.4718,5245.1994,7.6154,3.7165,31.6933,23.1755,47.1707,0.9654,42.2607,54.7352,54.8467,0.0,0.0,0.0,4883.4728,22.2768,19.6536,0.0,0.0,0.8929,0.709,15.8688,1.95,40662.0,1.2,0.0,0.0,9.7436,6.339949431194626,6.399724146791937,6.2204,30.94416,0.0
5875,2014-07-08,SZSE:002091,-0.1258,7.8308,6.5193,7.8872,7.4462,5497.1991,7.4462,3.8951,33.216,24.289,49.437,1.0118,43.2837,61.4603,61.5692,0.0,0.0,0.0,5135.4725,23.4263,20.6678,0.0,0.0,0.939,0.7456,26.977,1.95,40662.0,1.2,0.0,0.0,9.7436,6.199112690912806,6.566254145170354,6.199112690912806,52.60515,0.0
5876,2014-07-09,SZSE:002091,-0.1258,7.5692,6.3015,7.9744,7.4923,5313.5995,7.759,3.765,32.1066,23.4778,47.7858,0.978,43.8134,55.0437,55.1293,0.0,0.0,0.0,4951.8728,22.5888,19.9289,0.0,0.0,0.9054,0.7189,27.2609,1.95,40662.0,1.2,0.0,0.0,9.7436,6.459512035618031,6.638836548116049,6.237479317497225,53.158755,0.0
5877,2014-07-10,SZSE:002091,-0.1258,7.6051,6.3314,7.8051,7.5487,5338.7992,7.7897,3.7829,32.2589,23.5891,48.0125,0.9827,43.5888,55.727,55.8125,0.0,0.0,0.0,4977.0725,22.7038,20.0303,0.0,0.0,0.91,0.7226,18.7604,1.95,40662.0,1.2,0.0,0.0,9.7436,6.485083244138801,6.49790405648841,6.284445856070269,36.58278,0.0
5878,2014-07-11,SZSE:002091,-0.0237,7.7539,6.4552,7.959,7.3333,5443.1992,7.518,3.8568,32.8897,24.0504,48.9514,1.0019,43.6426,58.5382,58.6231,0.0,0.0,0.0,5081.4726,23.18,20.4504,0.0,0.0,0.9291,0.7377,23.3995,1.95,40662.0,1.2,0.0,0.0,9.7436,6.258810869368963,6.6259478198068065,6.10504625543275,45.629025,0.0
5879,2014-07-14,SZSE:002091,-0.0237,8.2667,6.8822,8.441,7.7744,5803.1988,7.7744,4.1119,35.0649,25.641,52.1889,1.0681,45.317,66.4495,66.5292,0.0,0.0,0.0,5441.4722,24.8222,21.8993,0.0,0.0,0.9949,0.79,40.2983,1.95,40662.0,1.2,0.0,0.0,9.7436,6.472349992137128,7.027308381821042,6.472349992137128,78.581685,0.0
5880,2014-07-15,SZSE:002091,-0.0237,8.1333,6.7712,8.2667,7.9231,5709.5998,8.2667,4.0456,34.4994,25.2275,51.3471,1.0509,45.2316,63.0794,63.1506,0.0,0.0,0.0,5347.8731,24.3952,21.5226,0.0,0.0,0.9778,0.7764,25.6809,1.95,40662.0,1.2,0.0,0.0,9.7436,6.88225923548867,6.88225923548867,6.596202613945139,50.077755,0.0
5881,2014-07-16,SZSE:002091,-0.0237,8.1077,6.7498,8.2872,7.959,5691.5998,8.118,4.0328,34.3906,25.1479,51.1853,1.0476,45.238,62.4237,62.4933,0.0,0.0,0.0,5329.8732,24.3131,21.4501,0.0,0.0,0.9745,0.7738,18.2013,1.95,40662.0,1.2,0.0,0.0,9.7436,6.75837492753802,6.899236843987815,6.626004686902574,35.492535,0.0
5882,2014-07-17,SZSE:002091,-0.0237,7.8872,6.5662,8.1231,7.8051,5536.799,8.1231,3.9232,33.4553,24.464,49.7931,1.0191,45.4989,56.942,56.999,0.0,0.0,0.0,5175.0723,23.607,20.8271,0.0,0.0,0.9462,0.7513,14.3974,1.95,40662.0,1.2,0.0,0.0,9.7436,6.762589920377321,6.762589920377321,6.497850646617305,28.07493,0.0
5883,2014-07-18,SZSE:002091,0.0012,8.1128,6.7541,8.1949,7.7846,5695.1982,7.8513,4.0354,34.4124,25.1638,51.2176,1.0483,45.8341,60.741,60.7971,0.0,0.0,0.0,5333.4716,24.3296,21.4646,0.0,0.0,0.9752,0.7743,26.4147,1.95,40662.0,1.2,0.0,0.0,9.7436,6.536394996795188,6.82245021324327,6.480865651809487,51.508665,0.0
5884,2014-07-21,SZSE:002091,0.0012,8.0513,6.7029,8.1846,7.9333,5651.9993,8.0821,4.0048,34.1513,25.0195,50.8291,1.0403,43.4513,59.2068,59.2598,0.0,0.0,0.0,5290.2726,24.1325,21.2907,0.0,0.0,0.9673,0.7681,12.1298,1.95,40662.0,1.2,0.0,0.0,9.7436,6.728541737359185,6.813875441233092,6.604662175052476,23.653109999999998,0.0
5885,2014-07-22,SZSE:002091,0.0012,8.441,7.0273,8.8051,8.0615,5925.5996,8.118,4.1986,35.8045,26.2307,53.2896,1.0907,43.1603,65.2019,65.2525,0.0,0.0,0.0,5563.8729,25.3806,22.3919,0.0,0.0,1.0173,0.8078,44.8713,1.95,40662.0,1.2,0.0,0.0,9.7436,6.758396090510603,7.330420475062195,6.711358719346049,87.49903499999999,0.0
5886,2014-07-23,SZSE:002091,0.0012,8.1846,6.8139,8.4103,8.1282,5745.5997,8.4,4.0711,34.7169,25.4339,51.6709,1.0575,43.4418,59.0531,59.0939,0.0,0.0,0.0,5383.8731,24.5595,21.6674,0.0,0.0,0.9844,0.7817,22.6599,1.95,40662.0,1.2,0.0,0.0,9.7436,6.993226303056963,7.0018013305476146,6.766945480536618,44.186805,0.0
5887,2014-07-24,SZSE:002091,0.0012,8.0,6.6602,8.2718,7.7949,5616.0,8.1436,3.9793,33.9338,24.8602,50.5054,1.0337,43.6679,55.0293,55.0642,0.0,0.0,0.0,5254.2734,23.9683,21.1459,0.0,0.0,0.9607,0.7628,17.4961,1.95,40662.0,1.2,0.0,0.0,9.7436,6.779750589999999,6.886480295,6.4894491225,34.117394999999995,0.0
5888,2014-07-25,SZSE:002091,-0.0721,8.0615,6.7114,8.1128,7.8923,5659.199,8.0308,4.0099,34.1948,25.0514,50.8939,1.0416,43.3264,56.103,56.1379,0.0,0.0,0.0,5297.4723,24.1653,21.3197,0.0,0.0,0.9686,0.7691,9.9467,1.95,40662.0,1.2,0.0,0.0,9.7436,6.685841483594864,6.754108530670471,6.570536776034237,19.396065,0.0
5889,2014-07-28,SZSE:002091,-0.0721,8.1539,6.7882,8.2051,7.9231,5723.9999,8.0667,4.0558,34.5864,25.3382,51.4766,1.0536,43.2868,57.7332,57.768,0.0,0.0,0.0,5362.2733,24.4609,21.5805,0.0,0.0,0.9804,0.7785,14.9469,1.95,40662.0,1.2,0.0,0.0,9.7436,6.715605163173451,6.830824491347697,6.596056785096702,29.146455,0.0
5890,2014-07-29,SZSE:002091,-0.0721,8.2872,6.8992,8.5231,8.118,5817.5997,8.1539,4.1221,35.152,25.7526,52.3184,1.0708,43.2694,60.0415,60.076,0.0,0.0,0.0,5455.873,24.8879,21.9572,0.0,0.0,0.9976,0.7921,27.3527,1.95,40662.0,1.2,0.0,0.0,9.7436,6.788226044985037,7.0955897673520605,6.758338835794961,53.337765,0.0
5891,2014-07-30,SZSE:002091,-0.0721,8.5077,7.0828,8.641,8.2051,5972.3991,8.2359,4.2318,36.0873,26.4378,53.7105,1.0993,43.4924,63.5837,63.6173,0.0,0.0,0.0,5610.6725,25.5941,22.5802,0.0,0.0,1.0259,0.8146,27.7685,1.95,40662.0,1.2,0.0,0.0,9.7436,6.856522035332699,7.193774439625281,6.8308805294027755,54.148575,0.0
5892,2014-07-31,SZSE:002091,-0.0721,8.4718,7.0529,8.6256,8.4,5947.1994,8.5077,4.214,35.935,26.3263,53.4839,1.0946,43.1746,62.6107,62.6432,0.0,0.0,0.0,5585.4728,25.4791,22.4788,0.0,0.0,1.0213,0.8109,16.9903,1.95,40662.0,1.2,0.0,0.0,9.7436,7.082787286054912,7.180940796524942,6.9931254278901775,33.131085,0.0
5893,2014-08-01,SZSE:002091,-0.1066,8.2154,6.8395,8.5539,8.2051,5767.1996,8.4154,4.0864,34.8474,25.5295,51.8651,1.0615,43.3864,56.0166,56.0421,0.0,0.0,0.0,5405.4729,24.658,21.7544,0.0,0.0,0.9883,0.7848,16.7282,1.95,40662.0,1.2,0.0,0.0,9.7436,7.006004369842004,7.121308645957591,6.830925024953136,32.61999,0.0
5894,2014-08-04,SZSE:002091,-0.1066,8.2974,6.9078,8.3539,8.1436,5824.7994,8.2051,4.1272,35.1955,25.7845,52.3831,1.0721,43.0639,57.557,57.5824,0.0,0.0,0.0,5463.0727,24.9208,21.9862,0.0,0.0,0.9989,0.7931,11.2939,1.95,40662.0,1.2,0.0,0.0,9.7436,6.830957863909176,6.954837710608142,6.779757524043676,22.023105,0.0
5895,2014-08-05,SZSE:002091,-0.1066,8.2821,6.895,8.3077,8.1385,5813.9991,8.2974,4.1196,35.1302,25.7366,52.286,1.0701,43.0418,57.1528,57.1779,0.0,0.0,0.0,5452.2725,24.8715,21.9427,0.0,0.0,0.9969,0.7916,10.7178,1.95,40662.0,1.2,0.0,0.0,9.7436,6.907737530336508,6.916312469059781,6.7754503688678,20.89971,0.0
5896,2014-08-06,SZSE:002091,-0.1066,8.4923,7.07,8.5692,8.2103,5961.5995,8.2564,4.2242,36.0221,26.39,53.6134,1.0973,43.2426,61.1665,61.1911,0.0,0.0,0.0,5599.8729,25.5448,22.5367,0.0,0.0,1.0239,0.813,22.2572,1.95,40662.0,1.2,0.0,0.0,9.7436,6.873608798558694,7.134020701105707,6.835229678650071,43.401540000000004,0.0
5897,2014-08-07,SZSE:002091,-0.1066,8.2821,6.895,8.6,8.2667,5813.9991,8.5385,4.1196,35.1302,25.7366,52.286,1.0701,43.1034,55.5615,55.5814,0.0,0.0,0.0,5452.2725,24.8715,21.9427,0.0,0.0,0.9969,0.7916,13.2681,1.95,40662.0,1.2,0.0,0.0,9.7436,7.1084576979268554,7.159657574769683,6.882179217831227,25.872795,0.0
5898,2014-08-08,SZSE:002091,-0.0854,8.2103,6.8352,8.3385,8.1077,5763.5997,8.2667,4.0839,34.8257,25.5135,51.8328,1.0608,43.1667,53.7503,53.7688,0.0,0.0,0.0,5401.8731,24.6416,21.7399,0.0,0.0,0.9877,0.7843,11.9689,1.95,40662.0,1.2,0.0,0.0,9.7436,6.88215386039487,6.941928455720253,6.749783934813587,23.339354999999998,0.0
5899,2014-08-11,SZSE:002091,-0.0854,8.3436,6.9462,8.4256,8.1385,5857.1988,8.2103,4.1502,35.3912,25.9279,52.6745,1.0781,43.2347,56.581,56.5995,0.0,0.0,0.0,5495.4722,25.0685,22.1166,0.0,0.0,1.0048,0.7979,13.0359,1.95,40662.0,1.2,0.0,0.0,9.7436,6.835225305623472,7.014466503667481,6.7754504889975555,25.420005,0.0
5900,2014-08-12,SZSE:002091,-0.0854,8.441,7.0273,8.4974,8.2462,5925.5996,8.3231,4.1986,35.8045,26.2307,53.2896,1.0907,42.2733,58.5764,58.5948,0.0,0.0,0.0,5563.8729,25.3806,22.3919,0.0,0.0,1.0173,0.8078,16.7756,1.95,40662.0,1.2,0.0,0.0,9.7436,6.9291459104371524,7.074254119180193,6.865125134462741,32.71242,0.0
5901,2014-08-13,SZSE:002091,-0.0854,8.2821,6.895,8.4462,8.2051,5813.9991,8.4103,4.1196,35.1302,25.7366,52.286,1.0701,42.2401,54.1999,54.2154,0.0,0.0,0.0,5452.2725,24.8715,21.9427,0.0,0.0,0.9969,0.7916,9.8572,1.95,40662.0,1.2,0.0,0.0,9.7436,7.001728848963426,7.031616256746476,6.8308960891561314,19.22154,0.0
5902,2014-08-14,SZSE:002091,-0.0854,8.2718,6.8864,8.4564,8.2359,5806.7994,8.2821,4.1145,35.0867,25.7048,52.2213,1.0688,42.2306,53.92,53.9353,0.0,0.0,0.0,5445.0728,24.8386,21.9137,0.0,0.0,0.9956,0.7905,11.0467,1.95,40662.0,1.2,0.0,0.0,9.7436,6.894974907517105,7.040082323073575,6.856512700984067,21.541065,0.0
5903,2014-08-15,SZSE:002091,-0.0228,8.3897,6.9846,8.4308,8.2615,5889.5989,8.3077,4.1731,35.587,26.0713,52.9659,1.084,39.9443,56.69,56.7053,0.0,0.0,0.0,5527.8723,25.2163,22.247,0.0,0.0,1.0107,0.8026,10.6252,1.95,40662.0,1.2,0.0,0.0,9.7436,6.916333292012827,7.0188166060764985,6.877870829707857,20.71914,0.0
5904,2014-08-18,SZSE:002091,-0.0228,8.5487,7.117,8.5949,8.3897,6001.1993,8.4,4.2522,36.2613,26.5653,53.9695,1.1046,40.0249,60.1657,60.1807,0.0,0.0,0.0,5639.4727,25.7254,22.6961,0.0,0.0,1.0311,0.8188,16.0814,1.95,40662.0,1.2,0.0,0.0,9.7436,6.993203644998655,7.155462620047494,6.984628645291096,31.358729999999998,0.0
5905,2014-08-19,SZSE:002091,-0.0228,8.8,7.3262,8.8564,8.4205,6177.6,8.4872,4.3772,37.3272,27.3462,55.5559,1.137,40.1008,64.9533,64.9678,0.0,0.0,0.0,5815.8734,26.5301,23.406,0.0,0.0,1.0634,0.8444,33.1246,1.95,40662.0,1.2,0.0,0.0,9.7436,7.06578689090909,7.373154281818181,7.010257625,64.59297,0.0
5906,2014-08-20,SZSE:002091,-0.0228,8.8051,7.3304,8.8051,8.5282,6181.1985,8.7949,4.3798,37.349,27.2015,55.5883,1.1377,40.1103,65.0456,65.0601,0.0,0.0,0.0,5819.4718,26.5465,23.4205,0.0,0.0,1.064,0.8123,17.4468,1.95,40662.0,1.2,0.0,0.0,9.7436,7.321908321313784,7.3304,7.099875899194785,34.02126,0.0
5907,2014-08-21,SZSE:002091,-0.0228,8.5641,7.1298,8.718,8.4154,6011.9996,8.6667,4.2599,36.3266,26.4569,54.0666,1.1066,40.5736,57.3925,57.4035,0.0,0.0,0.0,5650.273,25.7747,22.7396,0.0,0.0,1.0331,0.7887,14.606,1.95,40662.0,1.2,0.0,0.0,9.7436,7.215216737310401,7.257925105965602,7.00600400742635,28.4817,0.0
5908,2014-08-22,SZSE:002091,0.2647,8.518,7.0914,8.6256,8.4359,5979.5995,8.5539,4.2369,36.1308,26.3143,53.7753,1.1006,40.561,56.0329,56.0434,0.0,0.0,0.0,5617.8729,25.6269,22.6092,0.0,0.0,1.0272,0.7841,11.2294,1.95,40662.0,1.2,0.0,0.0,9.7436,7.121287445409721,7.180979084292087,7.023050159661892,21.89733,0.0
5909,2014-08-25,SZSE:002091,0.2647,8.5744,7.1383,8.7077,8.4769,6019.1986,8.5077,4.265,36.3701,26.4886,54.1314,1.1079,40.4044,57.3623,57.3728,0.0,0.0,0.0,5657.472,25.8075,22.7685,0.0,0.0,1.0344,0.7897,14.4684,1.95,40662.0,1.2,0.0,0.0,9.7436,7.082771378755364,7.249273991183056,7.057129976441501,28.21338,0.0
5910,2014-08-26,SZSE:002091,0.2647,8.0308,6.6858,8.5641,7.9744,5637.5998,8.5641,3.9945,34.0066,24.8093,48.8939,1.0006,42.4393,43.6617,43.6674,0.0,0.0,0.0,5278.6941,22.8424,20.2356,0.0,0.0,0.9369,0.7368,20.1811,1.95,40662.0,1.2,0.0,0.0,9.7436,7.129782808686558,7.129782808686558,6.638845883349107,39.353145,0.0
5911,2014-08-27,SZSE:002091,0.2647,8.1026,6.7455,8.1846,7.9282,5687.9999,8.0308,4.0302,34.3107,25.0311,49.331,1.0096,42.4393,45.5128,45.5186,0.0,0.0,0.0,5329.0942,23.0605,20.4288,16.161,16.6015,0.9459,0.7438,11.9258,1.95,40662.0,1.2,0.0,0.0,9.7436,6.685725742354305,6.813765865277811,6.600310159701824,23.25531,0.0
5912,2014-08-28,SZSE:002091,0.2647,7.9744,6.6388,8.1026,7.7949,5597.9986,8.0513,3.9665,33.7678,23.6488,48.5504,0.9936,42.5516,42.808,42.813,0.0,0.0,0.0,5239.0928,22.671,20.0838,15.3865,15.8281,0.9299,0.7074,12.8875,1.95,40662.0,1.2,0.0,0.0,9.7436,6.70282033005618,6.745528300561798,6.489363728932584,25.130625,0.0
5913,2014-08-29,SZSE:002091,0.2442,8.0154,6.673,8.0308,7.8359,5626.7996,7.9487,3.9869,33.9415,23.7704,48.8002,0.9987,42.1626,43.9558,43.9609,0.0,0.0,0.0,5267.8938,22.7956,20.1942,15.4711,15.9151,0.935,0.7113,10.9058,1.95,40662.0,1.2,0.0,0.0,9.7436,6.617470756294134,6.685820844873619,6.523562230206852,21.266309999999997,0.0
5914,2014-09-01,SZSE:002091,0.2442,8.1692,6.801,8.1795,8.0103,5734.7995,8.0103,4.0634,34.593,24.2267,49.7369,1.0179,42.2733,48.1575,48.1628,0.0,0.0,0.0,5375.8937,23.263,20.6082,15.7882,16.2414,0.9542,0.7259,8.9993,1.95,40662.0,1.2,0.0,0.0,9.7436,6.668713007393626,6.809574927777506,6.668713007393626,17.548635,0.0
5915,2014-09-02,SZSE:002091,0.2442,8.2872,6.8992,8.2923,8.0974,5817.5997,8.1692,4.1221,35.0924,24.5765,50.455,1.0326,41.9982,51.1795,51.1849,0.0,0.0,0.0,5458.6939,23.6213,20.9257,16.0314,16.4915,0.9689,0.7371,14.4476,1.95,40662.0,1.2,0.0,0.0,9.7436,6.800963490684429,6.9034458152331295,6.741189072304277,28.172819999999998,0.0
5916,2014-09-03,SZSE:002091,0.2442,8.3436,6.9462,8.3744,8.2,5857.1988,8.2974,4.1501,35.3313,24.7437,50.7984,1.0396,41.9982,52.6025,52.6079,0.0,0.0,0.0,5498.293,23.7926,21.0775,16.1477,16.6112,0.9759,0.7424,11.6919,1.95,40662.0,1.2,0.0,0.0,9.7436,6.907737652811735,6.971841564792175,6.826650366748165,22.799205,0.0
5917,2014-09-04,SZSE:002091,0.2442,8.3641,6.9633,8.3846,8.2615,5871.5996,8.3077,4.1603,35.4182,24.8046,50.9233,1.0422,41.6187,53.1375,53.1429,0.0,0.0,0.0,5512.6938,23.855,21.1327,16.19,16.6547,0.9785,0.7444,10.826,1.95,40662.0,1.2,0.0,0.0,9.7436,6.916345740725243,6.980366707715117,6.877883209191665,21.1107,0.0
5918,2014-09-05,SZSE:002091,0.1048,8.3385,6.9419,8.4359,8.2359,5853.5996,8.3744,4.1476,35.3096,24.7285,50.7672,1.039,41.546,52.3423,52.3475,0.0,0.0,0.0,5494.6939,23.7771,21.0637,16.1371,16.6003,0.9753,0.7419,10.5244,1.95,40662.0,1.2,0.0,0.0,9.7436,6.971787175151407,7.022986653474847,6.8564842849433365,20.522579999999998,0.0
5919,2014-09-08,SZSE:002091,0.1048,0.0,6.9419,0.0,0.0,5853.5996,0.0,4.1476,35.3096,24.7285,50.7672,1.039,41.546,52.3423,52.3475,0.0,0.0,0.0,5494.6939,23.7771,21.0637,16.1371,16.6003,0.9753,0.7419,0.0,1.95,40662.0,1.2,0.0,0.0,9.7436,0.0,0.0,0.0,0.0,0.0
5920,2014-09-09,SZSE:002091,0.1048,8.441,7.0273,8.4923,8.2923,5925.5996,8.3692,4.1986,35.7439,25.0327,51.3916,1.0517,41.7168,55.2285,55.2337,0.0,0.0,0.0,5566.6938,24.0886,21.3397,16.3486,16.8178,0.988,0.7517,19.2382,1.95,40662.0,1.2,0.0,0.0,9.7436,6.967525075228052,7.070008267977728,6.903504299253642,37.514489999999995,0.0
5921,2014-09-10,SZSE:002091,0.1048,8.5949,7.1554,8.6564,8.2718,6033.5994,8.4513,4.2751,36.3954,25.4889,52.3283,1.0709,41.7642,59.2181,59.2233,0.0,0.0,0.0,5674.6937,24.556,21.7537,16.6658,17.1441,1.0072,0.7662,25.3262,1.95,40662.0,1.2,0.0,0.0,9.7436,7.035850564869865,7.20659979290044,6.886413770957196,49.386089999999996,0.0
5922,2014-09-11,SZSE:002091,0.1048,8.4615,7.0444,8.8154,8.441,5939.9997,8.718,4.2088,35.8308,25.0935,51.5165,1.0543,41.8354,54.6711,54.6755,0.0,0.0,0.0,5581.0939,24.151,21.3949,16.3909,16.8613,0.9906,0.7536,28.8178,1.95,40662.0,1.2,0.0,0.0,9.7436,7.257942350647049,7.339030167228035,7.027333262423922,56.19470999999999,0.0
5923,2014-09-12,SZSE:002091,0.1977,8.5026,7.0786,8.5641,8.3949,5968.7992,8.5641,4.2292,36.0045,25.2152,51.7663,1.0594,41.8006,55.7958,55.8001,0.0,0.0,0.0,5609.8935,24.2756,21.5053,16.4755,16.9483,0.9957,0.7575,12.5419,1.95,40662.0,1.2,0.0,0.0,9.7436,7.129800091736645,7.129800091736645,6.988937400324607,24.456705,0.0
5924,2014-09-15,SZSE:002091,0.1977,8.5128,7.0871,8.5436,8.4,5975.9989,8.5026,4.2343,36.0479,25.2456,51.8287,1.0607,37.6121,56.0891,56.0935,0.0,0.0,0.0,5617.0932,24.3067,21.5329,16.4966,16.9701,0.997,0.7585,15.3347,1.95,40662.0,1.2,0.0,0.0,9.7436,7.078608267550042,7.112741701907715,6.993191429376938,29.902665,0.0
5925,2014-09-16,SZSE:002091,0.1977,8.0051,6.6644,8.4769,7.9949,5619.5992,8.4769,3.9818,33.8981,23.74,48.7378,0.9974,39.655,41.4327,41.4349,0.0,0.0,0.0,5260.6934,22.7645,20.1666,15.4499,15.8933,0.9337,0.7103,20.2313,1.95,40662.0,1.2,0.0,0.0,9.7436,7.057182591098175,7.057182591098175,6.655908303456546,39.451035,0.0
5926,2014-09-17,SZSE:002091,0.1977,7.8769,6.5577,8.0564,7.6513,5529.6,8.0,3.918,33.3552,23.3598,47.9572,0.9815,39.6233,38.6837,38.6856,0.0,0.0,0.0,5170.6942,22.375,19.8216,15.1856,15.6214,0.9178,0.6982,18.8123,1.95,40662.0,1.2,0.0,0.0,9.7436,6.660183574756566,6.7071378689586,6.3698828231918645,36.683985,0.0
5927,2014-09-18,SZSE:002091,0.1977,7.8923,6.5705,7.918,7.7077,5540.3988,7.8359,3.9257,33.4203,23.4054,48.0509,0.9834,39.1142,39.2049,39.2068,0.0,0.0,0.0,5181.493,22.4218,19.863,15.2173,15.6541,0.9197,0.6996,10.8401,1.95,40662.0,1.2,0.0,0.0,9.7436,6.523545854820521,6.591895771828239,6.416816751770713,21.138195,0.0
5928,2014-09-19,SZSE:002091,0.3376,8.1026,6.7455,8.1026,7.8462,5687.9999,7.8923,4.0302,34.3107,24.029,49.331,1.0096,38.2462,45.9658,45.9679,0.0,0.0,0.0,5329.0942,23.0605,20.4288,15.6508,16.1,0.9459,0.7196,9.064,1.95,40662.0,1.2,0.0,0.0,9.7436,6.570423030878977,6.7455,6.5320442944240105,17.6748,0.0
5929,2014-09-22,SZSE:002091,0.3376,7.9026,6.579,8.0513,7.8615,5547.5999,8.0513,3.9308,33.4638,23.4358,48.1133,0.9847,37.7955,41.2649,41.2666,0.0,0.0,0.0,5188.6942,22.4529,19.8906,15.2385,15.6758,0.9209,0.7006,6.9536,1.95,40662.0,1.2,0.0,0.0,9.7436,6.7027943588186165,6.7027943588186165,6.5447838053298915,13.55952,0.0
5930,2014-09-23,SZSE:002091,0.3376,7.9333,6.6047,7.9897,7.8615,5569.1991,7.9026,3.9461,33.594,23.5271,48.3006,0.9885,37.7402,42.2435,42.2452,0.0,0.0,0.0,5210.2933,22.5464,19.9734,15.3019,15.7411,0.9248,0.7035,8.0057,1.95,40662.0,1.2,0.0,0.0,9.7436,6.579141368661213,6.651654619137056,6.544924438758146,15.611114999999998,0.0
5931,2014-09-24,SZSE:002091,0.3376,8.0667,6.7157,8.0974,7.8974,5662.7995,7.9385,4.0124,34.1586,23.9225,49.1124,1.0051,37.2485,46.4104,46.4121,0.0,0.0,0.0,5303.8938,22.9514,20.3322,15.5768,16.0239,0.9414,0.7162,17.2102,1.95,40662.0,1.2,0.0,0.0,9.7436,6.60897076251751,6.741258405543777,6.574754134900268,33.55989,0.0
5932,2014-09-25,SZSE:002091,0.3376,7.9897,6.6516,8.1077,7.9333,5608.7996,8.0564,3.9741,33.8329,23.6944,48.6441,0.9955,37.0698,44.4193,44.4209,0.0,0.0,0.0,5249.8938,22.7178,20.1252,15.4182,15.8607,0.9318,0.7089,13.4124,1.95,40662.0,1.2,0.0,0.0,9.7436,6.7071292088564025,6.74983758088539,6.604645766424272,26.15418,0.0
5933,2014-09-26,SZSE:002091,0.3768,7.8205,6.5107,8.0154,7.7897,5489.9987,7.9487,3.8899,33.1163,23.1925,47.6138,0.9744,37.0303,40.321,40.3223,0.0,0.0,0.0,5131.093,22.2037,19.6698,15.0693,15.5018,0.9107,0.6928,14.2862,1.95,40662.0,1.2,0.0,0.0,9.7436,6.61742869253884,6.672957583274726,6.485058473243399,27.858089999999997,0.0
5934,2014-09-29,SZSE:002091,0.3768,7.9641,6.6303,7.9949,7.8513,5590.7996,7.8821,3.9614,33.7243,17.4498,48.488,0.9923,37.0698,44.9612,44.9625,0.0,0.0,0.0,5231.8938,22.6399,20.0562,15.3653,15.8063,0.9286,0.7064,9.5301,1.95,40662.0,1.2,0.0,0.0,9.7436,6.562033077183862,6.655941722228501,6.536391354955362,18.583695,0.0
5935,2014-09-30,SZSE:002091,0.3768,8.0462,6.6986,8.0615,7.9487,5648.3987,7.959,4.0022,34.0718,17.6296,48.9875,1.0025,37.1062,47.4743,47.4757,0.0,0.0,0.0,5289.4929,22.8891,20.277,15.5345,15.9803,0.9388,0.7142,10.8117,1.95,40662.0,1.2,0.0,0.0,9.7436,6.626004499018169,6.711337513360344,6.617429571723297,21.082815,0.0
5936,2014-10-01,SZSE:002091,0.3768,0.0,6.6986,0.0,0.0,5648.3987,0.0,4.0022,34.0718,17.6296,48.9875,1.0025,37.1062,47.4743,47.4757,0.0,0.0,0.0,5289.4929,22.8891,20.277,15.5345,15.9803,0.9388,0.7142,0.0,1.95,40662.0,1.2,0.0,0.0,9.7436,0.0,0.0,0.0,0.0,0.0
5937,2014-10-02,SZSE:002091,0.3768,0.0,6.6986,0.0,0.0,5648.3987,0.0,4.0022,34.0718,17.6296,48.9875,1.0025,37.1062,47.4743,47.4757,0.0,0.0,0.0,5289.4929,22.8891,20.277,15.5345,15.9803,0.9388,0.7142,0.0,1.95,40662.0,1.2,0.0,0.0,9.7436,0.0,0.0,0.0,0.0,0.0
5938,2014-10-03,SZSE:002091,0.3098,0.0,6.6986,0.0,0.0,5648.3987,0.0,4.0022,34.0718,17.6296,48.9875,1.0025,37.1062,47.4743,47.4757,0.0,0.0,0.0,5289.4929,22.8891,20.277,15.5345,15.9803,0.9388,0.7142,0.0,1.95,40662.0,1.2,0.0,0.0,9.7436,0.0,0.0,0.0,0.0,0.0
5939,2014-10-06,SZSE:002091,0.3098,0.0,6.6986,0.0,0.0,5648.3987,0.0,4.0022,34.0718,17.6296,48.9875,1.0025,37.1062,47.4743,47.4757,0.0,0.0,0.0,5289.4929,22.8891,20.277,15.5345,15.9803,0.9388,0.7142,0.0,1.95,40662.0,1.2,0.0,0.0,9.7436,0.0,0.0,0.0,0.0,0.0
5940,2014-10-07,SZSE:002091,0.3098,0.0,6.6986,0.0,0.0,5648.3987,0.0,4.0022,34.0718,17.6296,48.9875,1.0025,37.1062,47.4743,47.4757,0.0,0.0,0.0,5289.4929,22.8891,20.277,15.5345,15.9803,0.9388,0.7142,0.0,1.95,40662.0,1.2,0.0,0.0,9.7436,0.0,0.0,0.0,0.0,0.0
5941,2014-10-08,SZSE:002091,0.3098,8.359,6.959,8.359,8.0462,5867.9991,8.1026,4.1578,35.3964,18.315,50.8921,1.0415,36.7235,55.7671,55.7685,0.0,0.0,0.0,5509.0933,23.8394,21.1189,16.1794,16.6438,0.9778,0.7439,24.7935,1.95,40662.0,1.2,0.0,0.0,9.7436,6.745542935757866,6.959,6.698589041751406,48.347325000000005,0.0
5942,2014-10-09,SZSE:002091,0.3098,8.4974,7.0743,8.5385,8.2718,5965.1987,8.2974,4.2267,35.9828,18.6184,51.7351,1.0588,36.1211,58.8629,58.8643,0.0,0.0,0.0,5606.2929,24.26,21.4915,16.4649,16.9374,0.9951,0.757,32.2534,1.95,40662.0,1.2,0.0,0.0,9.7436,6.907794951396897,7.108516787487937,6.886482305175701,62.89413,0.0
5943,2014-10-10,SZSE:002091,0.313,8.3436,6.9462,8.4564,8.2872,5857.1988,8.4359,4.1501,35.3313,18.2813,50.7984,1.0396,36.3488,54.3142,54.3153,0.0,0.0,0.0,5498.293,23.7926,21.0775,16.1477,16.6112,0.9759,0.7424,16.5256,1.95,40662.0,1.2,0.0,0.0,9.7436,7.0230414425427865,7.0401080684596575,6.899245965770171,32.22492,0.0
5944,2014-10-13,SZSE:002091,0.313,8.5641,7.1298,8.6821,8.3333,6011.9996,8.3846,4.2598,36.2651,18.7645,52.141,1.0671,36.5148,59.183,59.1841,0.0,0.0,0.0,5653.0938,24.4625,21.6709,16.6023,17.0788,1.0034,0.7633,30.1415,1.95,40662.0,1.2,0.0,0.0,9.7436,6.980362335797108,7.228037573125023,6.937653967141906,58.775925,0.0
5945,2014-10-14,SZSE:002091,0.313,8.4051,6.9974,8.6256,8.3128,5900.3992,8.4923,4.1807,35.5919,18.4161,51.1731,1.0473,34.3676,54.6604,54.6613,0.0,0.0,0.0,5541.4934,23.9796,21.2431,16.2746,16.7417,0.9836,0.7482,19.9536,1.95,40662.0,1.2,0.0,0.0,9.7436,7.069995600290301,7.180970296605634,6.92055855611474,38.90952,0.0
5946,2014-10-15,SZSE:002091,0.313,8.5487,7.117,8.5487,8.3333,6001.1993,8.3897,4.2522,36.1999,18.7308,52.0473,1.0652,34.3597,57.7974,57.7983,0.0,0.0,0.0,5642.2936,24.4158,21.6295,16.5706,17.0462,1.0015,0.7619,20.7962,1.95,40662.0,1.2,0.0,0.0,9.7436,6.984628645291096,7.117,6.937674277960391,40.552589999999995,0.0
5947,2014-10-16,SZSE:002091,0.313,8.1846,6.8139,8.5436,8.1846,5745.5997,8.4872,4.0711,34.6581,17.933,49.8305,1.0198,35.5266,48.6126,48.6132,0.0,0.0,0.0,5386.694,23.3097,20.6496,15.82,16.274,0.9561,0.7273,16.8334,1.95,40662.0,1.2,0.0,0.0,9.7436,7.065822652298219,7.112777171761602,6.8139,32.82513,0.0
5948,2014-10-17,SZSE:002091,0.4142,8.2513,6.8694,8.3026,7.9692,5792.3993,8.1641,4.1042,34.9404,18.0791,50.2364,1.0281,35.0902,50.1739,50.1745,0.0,0.0,0.0,5433.4935,23.5122,20.8291,15.9574,16.4154,0.9644,0.7337,17.8095,1.95,40662.0,1.2,0.0,0.0,9.7436,6.796803963011888,6.912108448365711,6.634545160156581,34.728525,0.0
5949,2014-10-20,SZSE:002091,0.4142,8.6154,7.1725,8.8,8.2513,6047.9996,8.2513,4.2853,36.4822,18.8768,52.4532,1.0735,35.7148,57.728,57.7287,0.0,0.0,0.0,5689.0938,24.6183,21.8089,16.7081,17.1876,1.0098,0.7682,24.9526,1.95,40662.0,1.2,0.0,0.0,9.7436,6.869379164055066,7.326183346101169,6.869379164055066,48.65757,0.0
5950,2014-10-21,SZSE:002091,0.4142,8.6564,7.2066,8.759,8.4974,6076.7991,8.6154,4.2124,34.3642,18.9667,51.1258,1.093,35.6768,58.4916,58.4923,0.0,0.0,0.0,5563.0049,23.5543,20.902,16.3378,16.8067,0.9896,0.7512,20.8371,1.95,40662.0,1.2,0.0,0.0,10.7692,7.172466803752137,7.292016242317823,7.074229799916825,40.632345,0.0
5951,2014-10-22,SZSE:002091,0.4142,8.4564,7.0401,8.759,8.4256,5936.3991,8.6821,4.1151,33.5702,18.5285,49.9445,1.0678,34.7123,53.4249,53.4254,0.0,0.0,0.0,5422.6049,22.9599,20.3745,15.9254,16.3825,0.9646,0.7322,16.117,1.95,40662.0,1.2,0.0,0.0,10.7692,7.227999173407124,7.2920197601816374,7.014458464594862,31.428150000000002,0.0
5952,2014-10-23,SZSE:002091,0.4142,8.8821,7.3945,9.1282,8.4,6235.1984,8.4154,4.3222,35.2599,21.5218,52.4584,1.1215,35.5266,61.1399,61.1404,0.0,0.0,0.0,5721.4042,24.225,21.4972,16.803,17.2852,1.0178,0.7725,45.3631,1.95,40662.0,1.2,0.0,0.0,10.7692,7.005964276466151,7.5993824545996995,6.993143513358328,88.458045,0.0
5953,2014-10-24,SZSE:002091,0.4489,8.9795,7.4756,9.3231,8.8359,6303.5999,8.8359,4.3696,35.6468,21.7579,53.0339,1.1338,35.2199,62.6645,62.6651,0.0,0.0,0.0,5789.8056,24.5146,21.7542,17.0038,17.4919,1.03,0.7818,45.7953,1.95,40662.0,1.2,0.0,0.0,10.7692,7.356050341333037,7.761653361545744,7.356050341333037,89.30083499999999,0.0
5954,2014-10-27,SZSE:002091,0.4489,9.0256,7.514,9.0769,8.6154,6336.0,8.8974,4.3921,35.83,21.8697,53.3065,1.1397,35.2056,63.3971,63.3976,0.0,0.0,0.0,5822.2057,24.6518,21.8759,17.099,17.5898,1.0357,0.7862,28.209,1.95,40662.0,1.2,0.0,0.0,10.7692,7.407270829640134,7.556708318560538,7.172499955681616,55.007549999999995,0.0
5955,2014-10-28,SZSE:002091,0.4489,9.3846,7.8129,9.5897,8.959,6587.9997,9.0615,4.5668,37.255,22.7893,55.4266,1.185,35.9646,68.5636,68.5641,0.0,0.0,0.0,6074.2055,25.7188,22.8228,17.8391,18.3511,1.0806,0.8202,49.4435,1.95,40662.0,1.2,0.0,0.0,10.7692,7.543911658461735,7.9836505690173265,7.458578000127868,96.414825,0.0
5956,2014-10-29,SZSE:002091,0.4489,9.9333,8.2697,9.9795,9.2923,6973.1991,9.4,4.8338,39.4333,24.1217,58.6674,1.2543,37.5489,74.4909,74.4913,0.0,0.0,0.0,6459.4048,27.3498,24.2701,18.9704,19.5148,1.1491,0.8722,61.1646,1.95,40662.0,1.2,0.0,0.0,10.7692,7.825715522535312,8.308162559270334,7.736052803197326,119.27096999999999,0.0
5957,2014-10-30,SZSE:002091,0.4489,9.3692,7.8001,9.8051,9.3692,6577.1995,9.7436,4.5593,37.194,22.7519,55.3358,1.183,39.2707,61.6267,61.627,0.0,0.0,0.0,6063.4052,25.6731,22.7822,17.8074,18.3184,1.0786,0.8187,67.392,1.95,40662.0,1.2,0.0,0.0,10.7692,8.111797630534092,8.162997962472783,7.8001,131.4144,0.0
5958,2014-10-31,SZSE:002091,0.4704,9.2462,7.6976,9.4513,9.0872,6490.7994,9.2923,4.4994,36.7054,22.453,54.6089,1.1675,39.3704,59.2236,59.2239,0.0,0.0,0.0,5977.0052,25.3072,22.4576,17.5536,18.0574,1.0633,0.8071,35.3344,1.95,40662.0,1.2,0.0,0.0,10.7692,7.735978940537734,7.868348822218858,7.565230118318876,68.90208,0.0
5959,2014-11-03,SZSE:002091,0.4704,9.318,7.7574,9.3231,9.1026,6541.1995,9.2359,4.5343,36.9904,22.6274,55.0329,1.1766,38.817,60.1986,60.1989,0.0,0.0,0.0,6027.4053,25.5206,22.6469,17.7016,18.2097,1.0722,0.8139,27.4556,1.95,40662.0,1.2,0.0,0.0,10.7692,7.689050296200903,7.76164584030908,7.578075685769479,53.53842,0.0
5960,2014-11-04,SZSE:002091,0.4704,9.0,7.4927,9.2872,8.9128,6318.0,9.2564,4.3796,35.7282,21.8553,53.1551,1.1364,39.4984,54.0364,54.0366,0.0,0.0,0.0,5804.2058,24.5756,21.8083,17.0461,17.5354,1.0325,0.7837,31.9776,1.95,40662.0,1.2,0.0,0.0,10.7692,7.706158697777777,7.731800382222223,7.420104062222222,62.35632,0.0
5961,2014-11-05,SZSE:002091,0.4704,9.1026,7.5781,9.1231,8.9026,6389.9999,8.9949,4.4295,36.1353,22.1043,53.7608,1.1494,39.5443,55.6148,55.615,0.0,0.0,0.0,5876.2057,24.8804,22.0788,17.2576,17.7529,1.0453,0.7934,17.1198,1.95,40662.0,1.2,0.0,0.0,10.7692,7.488437555204007,7.595166667765254,7.411595924241424,33.383610000000004,0.0
5962,2014-11-06,SZSE:002091,0.4704,9.1282,7.5994,9.1795,8.8872,6407.9992,9.0821,4.442,36.2371,22.1666,53.9122,1.1526,39.2439,56.0214,56.0216,0.0,0.0,0.0,5894.205,24.9567,22.1465,17.3104,17.8073,1.0485,0.7959,17.2168,1.95,40662.0,1.2,0.0,0.0,10.7692,7.561020873775773,7.642108225060802,7.398762919305011,33.572759999999995,0.0
5963,2014-11-07,SZSE:002091,0.4073,9.1128,7.5866,9.1385,8.8103,6397.1982,9.0923,4.4345,36.176,22.1292,53.8214,1.1507,38.8691,55.6917,55.6919,0.0,0.0,0.0,5883.404,24.9109,22.1059,17.2787,17.7746,1.0466,0.7944,25.1782,1.95,40662.0,1.2,0.0,0.0,10.7692,7.569533313580897,7.607995797120534,7.334762310157141,49.09749,0.0
5964,2014-11-10,SZSE:002091,0.4073,8.9949,7.4884,9.0769,8.8769,6314.3987,9.0256,4.3771,35.7078,21.8428,53.1248,1.1358,38.9276,53.1114,53.1116,0.0,0.0,0.0,5800.6045,24.5603,21.7948,17.0356,17.5245,1.0319,0.7832,17.2788,1.95,40662.0,1.2,0.0,0.0,10.7692,7.513958247451335,7.556666328697373,7.3901630879720726,33.69366,0.0
5965,2014-11-11,SZSE:002091,0.4073,8.4205,7.0102,9.0462,8.3897,5911.1987,9.0256,4.0976,33.4277,20.4481,49.7325,1.0633,41.1665,42.7293,42.7294,0.0,0.0,0.0,5397.4045,22.8532,20.2798,15.8514,16.3064,0.9602,0.7288,29.7042,1.95,40662.0,1.2,0.0,0.0,10.7692,7.513955361320587,7.531105188527997,6.984558510777269,57.92319,0.0
5966,2014-11-12,SZSE:002091,0.4073,8.4564,7.0401,8.4821,8.2872,5936.3991,8.4,4.1151,33.5702,20.5352,49.9445,1.0678,41.1064,43.4731,43.4732,0.0,0.0,0.0,5422.6049,22.9599,20.3745,15.9254,16.3825,0.9646,0.7322,13.6268,1.95,40662.0,1.2,0.0,0.0,10.7692,6.9931460195828015,7.061495696750391,6.899238058748403,26.572259999999996,0.0
5967,2014-11-13,SZSE:002091,0.4073,8.2308,6.8523,8.4821,8.0923,5777.9998,8.4821,4.0053,32.6745,19.9873,48.6119,1.0393,41.2978,39.9603,39.9604,0.0,0.0,0.0,5264.2056,22.2892,19.7793,15.4602,15.9039,0.9365,0.7108,23.3284,1.95,40662.0,1.2,0.0,0.0,10.7692,7.061512104534188,7.061512104534188,6.736996074500655,45.490379999999995,0.0
5968,2014-11-14,SZSE:002091,0.3604,8.3077,6.9163,8.4051,8.1539,5831.9998,8.1897,4.0427,32.9799,20.1741,49.0662,1.049,41.3405,41.6901,41.6902,0.0,0.0,0.0,5318.2055,22.5178,19.9822,15.6188,16.0671,0.9461,0.7181,14.4918,1.95,40662.0,1.2,0.0,0.0,10.7692,6.8180630150342445,6.997387138437833,6.78825891281582,28.25901,0.0
5969,2014-11-17,SZSE:002091,0.3604,8.4615,7.0444,8.5385,8.2051,5939.9997,8.3077,4.1176,33.5906,20.5477,49.9748,1.0684,41.41,45.0971,45.0972,0.0,0.0,0.0,5426.2054,22.9751,20.388,15.936,16.3934,0.9653,0.7327,13.7423,1.95,40662.0,1.2,0.0,0.0,10.7692,6.916357841990192,7.108504331383327,6.830940901731372,26.797484999999998,0.0
5970,2014-11-18,SZSE:002091,0.3604,8.4359,7.0231,8.5385,8.3641,5921.999,8.4359,4.1051,33.4888,20.4854,49.8234,1.0652,41.2329,44.629,44.6291,0.0,0.0,0.0,5408.2048,22.8989,20.3204,15.8831,16.339,0.9621,0.7303,9.6414,1.95,40662.0,1.2,0.0,0.0,10.7692,7.0231,7.108517093611827,6.963324684977301,18.80073,0.0
5971,2014-11-19,SZSE:002091,0.3604,8.3692,6.9676,8.4513,8.3026,5875.1995,8.4359,4.0727,33.2242,20.3235,49.4297,1.0568,40.8124,43.3688,43.3689,0.0,0.0,0.0,5361.4052,22.7007,20.1446,15.7457,16.1976,0.9538,0.7239,8.9707,1.95,40662.0,1.2,0.0,0.0,10.7692,7.02312967069732,7.03595061415667,6.912153582182288,17.492865000000002,0.0
5972,2014-11-20,SZSE:002091,0.3604,8.3846,6.9804,8.4821,8.3692,5885.9997,8.4154,4.0801,33.2852,20.3609,49.5205,1.0587,40.8155,43.7634,43.7635,0.0,0.0,0.0,5372.2055,22.7465,20.1851,15.7774,16.2302,0.9557,0.7254,8.3426,1.95,40662.0,1.2,0.0,0.0,10.7692,7.006041809984972,7.061571314075807,6.967579095007513,16.268069999999998,0.0
5973,2014-11-21,SZSE:002091,0.3589,8.4154,7.006,8.4462,8.2051,5907.5996,8.3846,4.0951,33.4074,20.4356,49.7022,1.0626,40.4376,44.5951,44.5952,0.0,0.0,0.0,5393.8053,22.8379,20.2663,15.8408,16.2955,0.9595,0.7283,16.3343,1.95,40662.0,1.2,0.0,0.0,10.7692,6.980358343037765,7.031641656962235,6.830920764313045,31.851884999999996,0.0
5974,2014-11-24,SZSE:002091,0.3589,8.4359,7.0231,8.4821,8.2974,5921.999,8.4513,4.1051,33.4888,20.4854,49.8234,1.0652,40.4281,45.1771,45.1772,0.0,0.0,0.0,5408.2048,22.8989,20.3204,15.8831,16.339,0.9621,0.7303,18.7209,1.95,40662.0,1.2,0.0,0.0,10.7692,7.035920889294562,7.061562667883689,6.907795248876824,36.505755,0.0
5975,2014-11-25,SZSE:002091,0.3589,8.7128,7.2536,8.7539,8.4359,6116.3989,8.4359,4.2399,34.5881,21.1579,51.4589,1.1002,40.9468,52.4411,52.4412,0.0,0.0,0.0,5602.6047,23.722,21.0508,16.4541,16.9263,0.9967,0.7565,26.5289,1.95,40662.0,1.2,0.0,0.0,10.7692,7.023074584519327,7.287816665136351,7.023074584519327,51.731355,0.0
5976,2014-11-26,SZSE:002091,0.3589,8.7436,7.2792,8.7949,8.6103,6137.9988,8.7385,4.2548,34.7103,21.2326,51.6407,1.104,38.6067,53.1833,53.1834,0.0,0.0,0.0,5624.2045,23.8134,21.132,16.5175,16.9916,1.0005,0.7594,19.3588,1.95,40662.0,1.2,0.0,0.0,10.7692,7.2749541607575825,7.321908147673727,7.16822541744819,37.74966,0.0
5977,2014-11-27,SZSE:002091,0.3589,8.9026,7.4116,8.9744,8.7333,6249.5999,8.7846,4.3322,35.3414,21.6187,52.5796,1.1241,38.7268,56.9241,56.9242,0.0,0.0,0.0,5735.8057,24.286,21.5513,16.8452,17.3287,1.0204,0.7745,25.9791,1.95,40662.0,1.2,0.0,0.0,10.7692,7.313362541280075,7.471374996068564,7.270654222362007,50.659245,0.0
5978,2014-11-28,SZSE:002091,0.3818,8.7026,7.2451,8.8564,8.5487,6109.1992,8.8564,4.2349,34.5474,22.6452,51.3984,1.0989,38.8802,51.3638,51.3638,0.0,0.0,0.0,5595.405,23.6915,21.0238,15.93,16.4088,0.9954,0.7317,23.6494,1.95,40662.0,1.2,0.0,0.0,10.7692,7.373141778319123,7.373141778319123,7.11697496954933,46.11633,0.0
5979,2014-12-01,SZSE:002091,0.3818,8.4359,7.0231,8.7641,8.359,5921.999,8.7077,4.1051,33.4888,21.9513,49.8234,1.0652,39.5917,45.0458,45.0458,0.0,0.0,0.0,5408.2048,22.8989,20.3204,15.397,15.8598,0.9621,0.7072,19.6258,1.95,40662.0,1.2,0.0,0.0,10.7692,7.249380370796241,7.296334796524377,6.959078806055074,38.27031,0.0
5980,2014-12-02,SZSE:002091,0.3818,8.4821,7.0615,8.5282,8.3744,5954.3991,8.4051,4.1276,33.672,22.0714,50.096,1.071,39.5016,46.2775,46.2775,0.0,0.0,0.0,5440.6049,23.0361,20.4421,15.4893,15.9549,0.9678,0.7114,15.6143,1.95,40662.0,1.2,0.0,0.0,10.7692,6.997396122422511,7.099879074757428,6.971837823180579,30.447885,0.0
5981,2014-12-03,SZSE:002091,0.3818,8.7333,7.2707,8.7641,8.3077,6130.7991,8.4615,4.2498,34.6696,22.7253,51.5801,1.1028,39.9238,52.5173,52.5174,0.0,0.0,0.0,5617.0048,23.783,21.1049,15.9915,16.4722,0.9992,0.7345,29.5283,1.95,40662.0,1.2,0.0,0.0,10.7692,7.044419411906151,7.296341803212989,6.916376901056874,57.580185,0.0
5982,2014-12-04,SZSE:002091,0.3818,8.718,7.2579,8.7539,8.6256,6119.9995,8.7333,4.2423,34.6085,22.6853,51.4892,1.1008,39.9253,52.1182,52.1183,0.0,0.0,0.0,5606.2053,23.7372,21.0643,15.9607,16.4405,0.9973,0.7331,25.1772,1.95,40662.0,1.2,0.0,0.0,10.7692,7.270637539573296,7.287787429456297,7.180975251204405,49.09554,0.0
5983,2014-12-05,SZSE:002091,0.4404,8.3539,6.9547,8.718,8.2974,5864.3992,8.6923,4.0652,33.1631,21.7378,49.3388,1.0548,40.9072,43.6609,43.661,0.0,0.0,0.0,5350.605,22.655,20.104,15.233,15.6909,0.9518,0.6997,20.895,1.95,40662.0,1.2,0.0,0.0,10.7692,7.23642116975305,7.2578166604819305,6.907663220771138,40.74525,0.0
5984,2014-12-08,SZSE:002091,0.4404,8.2974,6.9078,8.4564,8.1436,5824.7994,8.2462,4.0377,32.9391,21.591,49.0056,1.0477,40.5831,42.51,42.51,0.0,0.0,0.0,5311.0051,22.4873,19.9552,15.1203,15.5748,0.9448,0.6945,21.544,1.95,40662.0,1.2,0.0,0.0,10.7692,6.865174676404656,7.040171610383977,6.779757524043676,42.0108,0.0
5985,2014-12-09,SZSE:002091,0.4404,8.0513,6.7029,8.2769,7.7231,5651.9993,8.2564,3.9179,31.962,20.9505,47.5518,1.0166,40.9578,37.8244,37.8245,0.0,0.0,0.0,5138.205,21.7557,19.3059,14.6283,15.0681,0.914,0.6719,32.8269,1.95,40662.0,1.2,0.0,0.0,10.7692,6.8736506601418395,6.890717400916622,6.429665642815446,64.012455,0.0
5986,2014-12-10,SZSE:002091,0.4404,8.1795,6.8096,8.241,7.8359,5741.9999,7.959,3.9803,32.4709,21.2841,48.309,1.0328,40.9151,41.4446,41.4446,0.0,0.0,0.0,5228.2056,22.1367,19.6441,14.8846,15.332,0.9301,0.6837,16.9247,1.95,40662.0,1.2,0.0,0.0,10.7692,6.626029268292681,6.8607999999999985,6.523546016260161,33.003165,0.0
5987,2014-12-11,SZSE:002091,0.4404,8.2103,6.8352,8.2769,8.0513,5763.5997,8.1333,3.9953,32.5931,21.3642,48.4907,1.0367,40.8092,42.3127,42.3127,0.0,0.0,0.0,5249.8055,22.2282,19.7252,14.9461,15.3953,0.9339,0.6865,18.5562,1.95,40662.0,1.2,0.0,0.0,10.7692,6.77109632534743,6.890645515998196,6.702830074418718,36.18459,0.0
5988,2014-12-12,SZSE:002091,0.3597,8.4,6.9932,8.4051,8.118,5896.7993,8.2051,4.0876,33.3463,21.8579,49.6114,1.0607,41.0748,47.4833,47.4833,0.0,0.0,0.0,5383.0051,22.7922,20.2257,15.3253,15.7859,0.9576,0.7039,25.169,1.95,40662.0,1.2,0.0,0.0,10.7692,6.830941109523809,6.997445871428571,6.758428285714285,49.07955,0.0
5989,2014-12-15,SZSE:002091,0.3597,8.4205,7.0102,8.4513,8.2667,5911.1987,8.318,4.0976,33.4277,21.9113,49.7325,1.0633,41.0764,48.0257,48.0257,0.0,0.0,0.0,5397.4045,22.8532,20.2798,15.3663,15.8282,0.9602,0.7058,19.5441,1.95,40662.0,1.2,0.0,0.0,10.7692,6.9248671219048745,7.0358414892227295,6.882159057063119,38.110995,0.0
5990,2014-12-16,SZSE:002091,0.3597,8.2974,6.9078,8.4205,8.2462,5824.7994,8.4051,4.0377,32.9391,21.591,49.0056,1.0477,39.1854,45.0213,45.0213,0.0,0.0,0.0,5311.0051,22.4873,19.9552,15.1203,15.5748,0.9448,0.6945,14.2399,1.95,40662.0,1.2,0.0,0.0,10.7692,6.997463034203486,7.010283932316148,6.865174676404656,27.767805,0.0
5991,2014-12-17,SZSE:002091,0.3597,8.0513,6.7029,8.2359,7.9231,5651.9993,8.2359,3.9179,31.962,20.9505,47.5518,1.0166,39.5395,39.6755,39.6755,0.0,0.0,0.0,5138.205,21.7557,19.3059,14.6283,15.0681,0.914,0.6719,20.6017,1.95,40662.0,1.2,0.0,0.0,10.7692,6.85658391936706,6.85658391936706,6.596170430862096,40.173315,0.0
5992,2014-12-18,SZSE:002091,0.3597,7.9641,6.6303,8.1385,7.9231,5590.7996,8.0513,3.8755,31.6159,20.7237,47.0369,1.0056,39.6044,37.9565,37.9565,0.0,0.0,0.0,5077.0054,21.4966,19.076,14.4541,14.8886,0.9032,0.6639,11.0894,1.95,40662.0,1.2,0.0,0.0,10.7692,6.702896044750819,6.77549208950164,6.596166538591931,21.624329999999997,0.0
5993,2014-12-19,SZSE:002091,0.3182,7.7897,6.4851,7.9282,7.6974,5468.3989,7.9282,3.7907,30.9237,20.27,46.0071,0.9836,39.4842,34.7167,34.7168,0.0,0.0,0.0,4954.6046,20.9783,18.6161,14.1056,14.5296,0.8814,0.6479,14.1062,1.95,40662.0,1.2,0.0,0.0,10.7692,6.600404357035574,6.600404357035574,6.408258179390734,27.507089999999998,0.0
5994,2014-12-22,SZSE:002091,0.3182,7.4615,6.2119,7.8154,7.2205,5237.9997,7.7128,3.631,29.6208,19.4159,44.0687,0.9422,40.1214,29.5959,29.596,0.0,0.0,0.0,4724.2054,20.0028,17.7504,13.4497,13.854,0.8404,0.6178,20.1138,1.95,40662.0,1.2,0.0,0.0,10.7692,6.421114028010454,6.506531295315955,6.011260999798968,39.22191,0.0
5995,2014-12-23,SZSE:002091,0.3182,7.4667,6.2162,7.6359,7.3846,5241.5988,7.4308,3.6334,29.6412,19.4293,44.099,0.9428,40.1103,29.7702,29.7702,0.0,0.0,0.0,4727.8046,20.018,17.7639,13.4599,13.8645,0.841,0.6182,8.7507,1.95,40662.0,1.2,0.0,0.0,10.7692,6.186312421819545,6.35706290329061,6.1478498560274275,17.063865,0.0
5996,2014-12-24,SZSE:002091,0.3182,7.641,6.3613,7.6513,7.4923,5363.9996,7.4923,3.7183,30.3333,19.883,45.1288,0.9648,40.2526,35.6077,35.6077,0.0,0.0,0.0,4850.2053,20.5363,18.2238,13.8084,14.2235,0.8628,0.6342,7.3774,1.95,40662.0,1.2,0.0,0.0,10.7692,6.237503990315404,6.36987497578851,6.237503990315404,14.385929999999998,0.0
5997,2014-12-25,SZSE:002091,0.3182,7.641,6.3613,7.7231,7.5897,5363.9996,7.641,3.7183,30.3333,19.883,45.1288,0.9648,40.2115,35.6077,35.6077,0.0,0.0,0.0,4850.2053,20.5363,18.2238,13.8084,14.2235,0.8628,0.6342,6.701,1.95,40662.0,1.2,0.0,0.0,10.7692,6.3613,6.42965004973171,6.318591625441695,13.066949999999999,0.0
5998,2014-12-26,SZSE:002091,0.3285,7.6462,6.3656,7.6769,7.5692,5367.5994,7.641,3.7208,30.3537,19.8963,45.1591,0.9655,39.9823,35.7898,35.7898,0.0,0.0,0.0,4853.8052,20.5515,18.2373,13.8187,14.234,0.8635,0.6347,6.8669,1.95,40662.0,1.2,0.0,0.0,10.7692,6.361270905809421,6.391158306086683,6.3014961052548975,13.390455,0.0
5999,2014-12-29,SZSE:002091,0.3285,7.3744,6.1393,7.641,7.1897,5176.7993,7.641,3.5885,29.2747,19.1891,43.5538,0.9312,40.4519,30.8168,30.8168,0.0,0.0,0.0,4663.0051,19.7436,17.5204,13.2755,13.6745,0.8295,0.6097,8.7745,1.95,40662.0,1.2,0.0,0.0,10.7692,6.361248549034498,6.361248549034498,5.9855344448361905,17.110274999999998,0.0
6000,2014-12-30,SZSE:002091,0.3285,7.4103,6.1692,7.6051,7.3436,5201.9997,7.3436,3.606,29.4172,19.2825,43.7658,0.9357,40.4013,32.1576,32.1576,0.0,0.0,0.0,4688.2055,19.8503,17.6151,13.3472,13.7484,0.834,0.613,7.3714,1.95,40662.0,1.2,0.0,0.0,10.7692,6.113671122626615,6.331374292538764,6.113671122626615,14.37423,0.0
6001,2014-12-31,SZSE:002091,0.3285,7.4205,6.1777,7.4769,7.3333,5209.1987,7.3795,3.611,29.4579,19.3092,43.8264,0.937,40.0661,32.5598,32.5597,0.0,0.0,0.0,4695.4045,19.8808,17.6422,13.3677,13.7695,0.8353,0.614,5.4789,1.95,40662.0,1.2,0.0,0.0,10.7692,6.143566760999932,6.224654016575702,6.105104428273028,10.683855000000001,0.0
6002,2015-01-01,SZSE:002091,0.3285,0.0,6.1777,0.0,0.0,5209.1987,0.0,3.611,29.4579,19.3092,43.8264,0.937,40.0661,32.5598,32.5597,0.0,0.0,0.0,4695.4045,19.8808,17.6422,13.3677,13.7695,0.8353,0.614,0.0,1.95,40662.0,1.2,0.0,0.0,10.7692,0.0,0.0,0.0,0.0,0.0
6003,2015-01-02,SZSE:002091,0.3533,0.0,6.1777,0.0,0.0,5209.1987,0.0,3.611,29.4579,19.3092,43.8264,0.937,40.0661,32.5598,32.5597,0.0,0.0,0.0,4695.4045,19.8808,17.6422,13.3677,13.7695,0.8353,0.614,0.0,1.95,40662.0,1.2,0.0,0.0,10.7692,0.0,0.0,0.0,0.0,0.0
6004,2015-01-05,SZSE:002091,0.3533,7.6308,6.3528,7.641,7.3846,5356.7991,7.4256,3.7133,30.2926,19.8563,45.0682,0.9635,40.1688,40.3642,40.3642,0.0,0.0,0.0,4843.0049,20.5058,18.1968,13.7879,14.2024,0.8615,0.6333,9.8409,1.95,40662.0,1.2,0.0,0.0,10.7692,6.181966724327725,6.361291712533418,6.147833370026734,19.189754999999998,0.0
6005,2015-01-06,SZSE:002091,0.3533,7.8205,6.5107,7.8872,7.5128,5489.9987,7.6256,3.8056,31.0459,20.35,46.1889,0.9875,40.1641,46.3932,46.3932,0.0,0.0,0.0,4976.2045,21.0698,18.6972,14.1671,14.593,0.8852,0.6507,14.9888,1.95,40662.0,1.2,0.0,0.0,10.7692,6.348442416725273,6.566228890735886,6.254534487564734,29.22816,0.0
6006,2015-01-07,SZSE:002091,0.3533,7.718,6.4253,7.8205,7.641,5417.9995,7.7744,3.7557,30.6387,20.0831,45.5831,0.9745,39.9238,43.8147,43.8147,0.0,0.0,0.0,4904.2053,20.7649,18.4267,13.9622,14.3818,0.8724,0.6413,9.2122,1.95,40662.0,1.2,0.0,0.0,10.7692,6.472253474993522,6.510632113241773,6.361196851515937,17.96379,0.0
6007,2015-01-08,SZSE:002091,0.3533,7.7692,6.468,7.9436,7.6462,5453.9995,7.6923,3.7807,30.8423,20.2166,45.886,0.981,39.1885,45.4474,45.4473,0.0,0.0,0.0,4940.2052,20.9173,18.562,14.0646,14.4874,0.8788,0.646,12.3872,1.95,40662.0,1.2,0.0,0.0,10.7692,6.403979354373681,6.613191165113526,6.365600267723833,24.15504,0.0
6008,2015-01-09,SZSE:002091,0.3106,7.6923,6.404,7.8769,7.6923,5399.9995,7.7692,3.7432,30.5369,20.0164,45.4317,0.9713,39.0652,43.4097,43.4097,0.0,0.0,0.0,4886.2053,20.6887,18.3591,13.9109,14.3291,0.8692,0.6389,7.6218,1.95,40662.0,1.2,0.0,0.0,10.7692,6.468020852020851,6.557683345683346,6.404,14.86251,0.0
6009,2015-01-12,SZSE:002091,0.3106,7.8359,6.5235,7.8974,7.4769,5500.799,7.6872,3.8131,31.1069,20.3901,46.2797,0.9894,39.1174,48.0885,48.0885,0.0,0.0,0.0,4987.0048,21.1155,18.7378,14.1979,14.6247,0.8872,0.6521,16.8267,1.95,40662.0,1.2,0.0,0.0,10.7692,6.39970510088184,6.574699638841742,6.224627311476666,32.812065,0.0
6010,2015-01-13,SZSE:002091,0.3106,7.9846,6.6474,8.0051,7.7897,5605.199,7.8359,3.8855,31.6973,20.777,47.1581,1.0082,38.9434,52.4715,52.4715,0.0,0.0,0.0,5091.4048,21.5575,19.1301,14.4951,14.9308,0.9057,0.6658,15.6566,1.95,40662.0,1.2,0.0,0.0,10.7692,6.523603143551336,6.664466816121034,6.485140367707838,30.530369999999998,0.0
6011,2015-01-14,SZSE:002091,0.3106,7.8256,6.515,8.0103,7.7744,5493.6,7.9231,3.8081,31.0662,20.3634,46.2192,0.9881,38.9687,47.8232,47.8232,0.0,0.0,0.0,4979.8057,21.085,18.7108,14.1774,14.6035,0.8859,0.6512,9.4646,1.95,40662.0,1.2,0.0,0.0,10.7692,6.596171092312411,6.668767187180537,6.472374769985688,18.45597,0.0
6012,2015-01-15,SZSE:002091,0.3106,7.841,6.5278,7.9385,7.7795,5504.3989,7.8,3.8156,31.1273,20.4034,46.31,0.9901,38.8059,48.3005,48.3005,0.0,0.0,0.0,4990.6046,21.1307,18.7513,14.2081,14.6352,0.8878,0.6526,6.9672,1.95,40662.0,1.2,0.0,0.0,10.7692,6.493666624155082,6.608970832801939,6.476599936232623,13.58604,0.0
6013,2015-01-16,SZSE:002091,0.2817,7.9846,6.6474,8.0103,7.7846,5605.199,7.841,3.8855,31.6973,20.777,47.1581,1.0082,38.0517,52.6539,52.6539,0.0,0.0,0.0,5091.4048,21.5575,19.1301,14.4951,14.9308,0.9057,0.6658,13.0769,1.95,40662.0,1.2,0.0,0.0,10.7692,6.5278490343912035,6.668795959722466,6.480894476867971,25.499955,0.0
6014,2015-01-19,SZSE:002091,0.2817,7.8103,6.5022,8.0821,7.6051,5482.799,7.7949,3.8006,31.0051,20.3233,46.1283,0.9862,38.2525,47.431,47.431,0.0,0.0,0.0,4969.0048,21.0393,18.6702,14.1466,14.5719,0.8839,0.6498,14.5324,1.95,40662.0,1.2,0.0,0.0,10.7692,6.489379253037655,6.728477858725019,6.331367709306941,28.33818,0.0
6015,2015-01-20,SZSE:002091,0.2817,8.0974,6.7413,8.118,7.8462,5684.3987,7.8462,3.9404,32.1452,21.0706,47.8244,1.0225,37.9537,55.2964,55.2963,0.0,0.0,0.0,5170.6044,21.8929,19.4277,14.7206,15.1631,0.9198,0.6761,15.405,1.95,40662.0,1.2,0.0,0.0,10.7692,6.532169345715908,6.75845004569368,6.532169345715908,30.039749999999998,0.0
6016,2015-01-21,SZSE:002091,0.2817,8.1744,6.8053,8.2359,8.0513,5738.3986,8.1231,3.9778,32.4505,21.2708,48.2787,1.0322,37.9932,57.1459,57.1459,0.0,0.0,0.0,5224.6044,22.1215,19.6305,14.8743,15.3214,0.9294,0.6832,18.3832,1.95,40662.0,1.2,0.0,0.0,10.7692,6.762592047122725,6.8564995926306525,6.702817563368565,35.84724,0.0
6017,2015-01-22,SZSE:002091,0.2817,8.2308,6.8523,8.241,8.1026,5777.9998,8.1846,4.0053,32.6745,21.4176,48.6119,1.0393,37.7529,58.5019,58.5019,0.0,0.0,0.0,5264.2056,22.2892,19.7793,14.9871,15.4376,0.9365,0.6884,15.2551,1.95,40662.0,1.2,0.0,0.0,10.7692,6.813837607522962,6.860791697040384,6.7455710234728095,29.747445,0.0
6018,2015-01-23,SZSE:002091,0.4111,8.1077,6.7498,8.2513,8.0615,5691.5998,8.2513,3.9454,32.1859,21.0973,47.885,1.0238,36.5211,54.4535,54.4535,0.0,0.0,0.0,5177.8055,21.9233,19.4547,14.7411,15.1842,0.9211,0.6771,11.5766,1.95,40662.0,1.2,0.0,0.0,10.7692,6.869349475190251,6.869349475190251,6.711337703664419,22.57437,0.0
6019,2015-01-26,SZSE:002091,0.4111,8.1795,6.8096,8.2,8.0821,5741.9999,8.0872,3.9803,32.4709,21.2841,48.309,1.0328,36.4958,56.3511,56.3511,0.0,0.0,0.0,5228.2056,22.1367,19.6441,14.8846,15.332,0.9301,0.6837,10.021,1.95,40662.0,1.2,0.0,0.0,10.7692,6.732758373983739,6.826666666666664,6.728512520325203,19.540950000000002,0.0
6020,2015-01-27,SZSE:002091,0.4111,8.2256,6.848,8.2564,8.0462,5774.3993,8.2051,4.0028,32.6541,21.4042,48.5816,1.0386,36.499,57.5747,57.5747,0.0,0.0,0.0,5260.605,22.2739,19.7658,14.9768,15.427,0.9358,0.6879,12.3947,1.95,40662.0,1.2,0.0,0.0,10.7692,6.83093328146275,6.873641703948648,6.69864539972768,24.169665,0.0
6021,2015-01-28,SZSE:002091,0.4111,8.3949,6.9889,8.4513,8.2718,5893.1994,8.2718,4.0851,33.3259,21.8446,49.5811,1.06,35.8602,61.803,61.803,0.0,0.0,0.0,5379.4052,22.7769,20.2122,15.315,15.7754,0.957,0.7034,23.1767,1.95,40662.0,1.2,0.0,0.0,10.7692,6.88641711277085,7.035853979201658,6.88641711277085,45.194565,0.0
6022,2015-01-29,SZSE:002091,0.4111,8.2359,6.8566,8.359,8.1846,5781.599,8.2923,4.0078,32.6948,21.4309,48.6422,1.0399,34.034,56.1423,56.1423,0.0,0.0,0.0,5267.8048,22.3044,19.7929,14.9973,15.4481,0.9371,0.6888,10.7732,1.95,40662.0,1.2,0.0,0.0,10.7692,6.903554460350415,6.959083937396033,6.813891421702546,21.00774,0.0
6023,2015-01-30,SZSE:002091,0.4247,8.0615,6.7114,8.3128,8.0564,5659.199,8.241,3.9229,32.0027,20.9772,47.6124,1.0179,32.3817,50.6617,50.6617,0.0,0.0,0.0,5145.4047,21.7862,19.333,14.6488,15.0892,0.9153,0.6728,9.1561,1.95,40662.0,1.2,0.0,0.0,10.7692,6.86083823109843,6.920613523537803,6.707154122681883,17.854395,0.0
6024,2015-02-02,SZSE:002091,0.4247,8.0821,6.7285,8.1539,7.9539,5673.5991,8.0051,3.9329,32.0841,21.0306,47.7335,1.0205,32.3216,51.2644,51.2644,0.0,0.0,0.0,5159.8049,21.8471,19.3871,14.6898,15.1314,0.9179,0.6747,5.5609,1.95,40662.0,1.2,0.0,0.0,10.7692,6.664396054243328,6.788274848121156,6.621771092909021,10.843755,0.0
6025,2015-02-03,SZSE:002091,0.4247,8.2462,6.8651,8.2872,8.0923,5788.7994,8.0923,4.0128,32.7356,21.4576,48.7027,1.0412,32.562,55.9056,55.9056,0.0,0.0,0.0,5275.0052,22.3349,19.8199,15.0178,15.4692,0.9384,0.6898,8.6181,1.95,40662.0,1.2,0.0,0.0,10.7692,6.736975665154859,6.899233188620213,6.736975665154859,16.805295,0.0
6026,2015-02-04,SZSE:002091,0.4247,8.3692,6.9676,8.5231,8.2667,5875.1995,8.2667,4.0727,33.2242,21.7779,49.4297,1.0568,32.0497,59.0551,59.055,0.0,0.0,0.0,5361.4052,22.7007,20.1446,15.2638,15.7226,0.9538,0.7011,23.4076,1.95,40662.0,1.2,0.0,0.0,10.7692,6.8822657984036715,7.0957261817139035,6.8822657984036715,45.644819999999996,0.0
6027,2015-02-05,SZSE:002091,0.4247,8.3077,6.9163,8.4564,8.2462,5831.9998,8.3692,4.0427,32.9799,21.6177,49.0662,1.049,31.9738,56.868,56.8679,0.0,0.0,0.0,5318.2055,22.5178,19.9822,15.1408,15.5959,0.9461,0.6954,15.9687,1.95,40662.0,1.2,0.0,0.0,10.7692,6.967499784537235,7.040095251393285,6.865100215462763,31.138965,0.0
6028,2015-02-06,SZSE:002091,0.4525,8.3795,6.9761,8.4,8.2103,5882.3992,8.2667,4.0776,33.2649,21.8045,49.4902,1.0581,32.0244,58.7857,58.7857,0.0,0.0,0.0,5368.6049,22.7312,20.1716,15.2843,15.7437,0.955,0.702,12.1786,1.95,40662.0,1.2,0.0,0.0,10.7692,6.882191762038308,6.993166656721761,6.835237643057461,23.748269999999998,0.0
6029,2015-02-09,SZSE:002091,0.4525,8.4154,7.006,8.4513,8.2513,5907.5996,8.3487,4.0951,33.4074,21.898,49.7022,1.0626,32.0434,59.7494,59.7493,0.0,0.0,0.0,5393.8053,22.8379,20.2663,15.356,15.8176,0.9595,0.7053,13.759,1.95,40662.0,1.2,0.0,0.0,10.7692,6.95047082729282,7.035887515744943,6.8693832497564,26.83005,0.0
6030,2015-02-10,SZSE:002091,0.4525,8.4,6.9932,8.4615,8.2513,5896.7993,8.4205,4.0876,33.3463,21.8579,49.6114,1.0607,31.9564,59.1114,59.1114,0.0,0.0,0.0,5383.0051,22.7922,20.2257,15.3253,15.7859,0.9576,0.7039,13.2143,1.95,40662.0,1.2,0.0,0.0,10.7692,7.010266738095238,7.044400214285713,6.86940370952381,25.767885,0.0
6031,2015-02-11,SZSE:002091,0.4525,8.3795,6.9761,8.4359,8.3128,5882.3992,8.4,4.0776,33.2649,21.8045,49.4902,1.0581,29.1815,58.2189,58.2189,0.0,0.0,0.0,5368.6049,22.7312,20.1716,15.2843,15.7437,0.955,0.702,11.6825,1.95,40662.0,1.2,0.0,0.0,10.7692,6.993166656721761,7.023054118980846,6.920570926666268,22.780874999999998,0.0
6032,2015-02-12,SZSE:002091,0.4525,8.5795,7.1426,8.6974,8.3846,6022.7992,8.3897,4.175,34.0588,22.325,50.6714,1.0833,29.5436,63.9363,63.9362,0.0,0.0,0.0,5509.0049,23.3257,20.6991,15.684,16.1554,0.98,0.7204,22.6399,1.95,40662.0,1.2,0.0,0.0,10.7692,6.984587822134157,7.240754034617403,6.980341973308469,44.147805,0.0
6033,2015-02-13,SZSE:002091,0.4513,8.5795,7.1426,8.7077,8.5077,6022.7992,8.6103,4.175,34.0588,22.325,50.6714,1.0833,29.0313,63.9363,63.9362,0.0,0.0,0.0,5509.0049,23.3257,20.6991,15.684,16.1554,0.98,0.7204,21.4806,1.95,40662.0,1.2,0.0,0.0,10.7692,7.168241596829653,7.2493289842065405,7.082825108689318,41.88717,0.0
6034,2015-02-16,SZSE:002091,0.4513,8.9487,7.45,9.0564,8.6,6281.9993,8.6,4.3546,35.5246,23.2858,52.8522,1.1299,30.1254,72.1082,72.1082,0.0,0.0,0.0,5768.2051,24.4232,21.673,16.4219,16.9156,1.0261,0.7543,37.9438,1.95,40662.0,1.2,0.0,0.0,10.7692,7.159699174181724,7.539662744309229,7.159699174181724,73.99041000000001,0.0
6035,2015-02-17,SZSE:002091,0.4513,9.1692,7.6336,9.3128,8.9231,6436.7995,8.9487,4.462,36.4,23.8596,54.1545,1.1578,30.2836,75.6561,75.6561,0.0,0.0,0.0,5923.0052,25.0786,22.2547,16.8627,17.3695,1.0537,0.7745,36.4836,1.95,40662.0,1.2,0.0,0.0,10.7692,7.450027954456224,7.753150774331457,7.428715281594905,71.14302,0.0
6036,2015-02-18,SZSE:002091,0.4513,0.0,7.6336,0.0,0.0,6436.7995,0.0,4.462,36.4,23.8596,54.1545,1.1578,30.2836,75.6561,75.6561,0.0,0.0,0.0,5923.0052,25.0786,22.2547,16.8627,17.3695,1.0537,0.7745,0.0,1.95,40662.0,1.2,0.0,0.0,10.7692,0.0,0.0,0.0,0.0,0.0
6037,2015-02-19,SZSE:002091,0.4513,0.0,7.6336,0.0,0.0,6436.7995,0.0,4.462,36.4,23.8596,54.1545,1.1578,30.2836,75.6561,75.6561,0.0,0.0,0.0,5923.0052,25.0786,22.2547,16.8627,17.3695,1.0537,0.7745,0.0,1.95,40662.0,1.2,0.0,0.0,10.7692,0.0,0.0,0.0,0.0,0.0
6038,2015-02-20,SZSE:002091,0.4419,0.0,7.6336,0.0,0.0,6436.7995,0.0,4.462,36.4,23.8596,54.1545,1.1578,30.2836,75.6561,75.6561,0.0,0.0,0.0,5923.0052,25.0786,22.2547,16.8627,17.3695,1.0537,0.7745,0.0,1.95,40662.0,1.2,0.0,0.0,10.7692,0.0,0.0,0.0,0.0,0.0
6039,2015-02-23,SZSE:002091,0.4419,0.0,7.6336,0.0,0.0,6436.7995,0.0,4.462,36.4,23.8596,54.1545,1.1578,30.2836,75.6561,75.6561,0.0,0.0,0.0,5923.0052,25.0786,22.2547,16.8627,17.3695,1.0537,0.7745,0.0,1.95,40662.0,1.2,0.0,0.0,10.7692,0.0,0.0,0.0,0.0,0.0
6040,2015-02-24,SZSE:002091,0.4419,0.0,7.6336,0.0,0.0,6436.7995,0.0,4.462,36.4,23.8596,54.1545,1.1578,30.2836,75.6561,75.6561,0.0,0.0,0.0,5923.0052,25.0786,22.2547,16.8627,17.3695,1.0537,0.7745,0.0,1.95,40662.0,1.2,0.0,0.0,10.7692,0.0,0.0,0.0,0.0,0.0
6041,2015-02-25,SZSE:002091,0.4419,8.959,7.4585,9.1795,8.8718,6289.1983,9.1282,4.3596,35.5653,23.3124,52.9127,1.1312,31.2101,66.9159,66.9159,0.0,0.0,0.0,5775.4041,24.4536,21.7001,16.4424,16.9367,1.0274,0.7552,22.3268,1.95,40662.0,1.2,0.0,0.0,10.7692,7.599361502399821,7.6420695111061505,7.385904710347138,43.537259999999996,0.0
6042,2015-02-26,SZSE:002091,0.4419,8.959,7.4585,9.0462,8.7436,6289.1983,8.9487,4.3596,35.5653,23.3124,52.9127,1.1312,31.2038,66.9159,66.9159,0.0,0.0,0.0,5775.4041,24.4536,21.7001,16.4424,16.9367,1.0274,0.7552,30.5463,1.95,40662.0,1.2,0.0,0.0,10.7692,7.449925097667151,7.531095289652864,7.279176314320796,59.565284999999996,0.0
6043,2015-02-27,SZSE:002091,0.3567,8.9744,7.4713,9.0308,8.8205,6299.9986,8.8462,4.3671,35.6264,23.3525,53.0036,1.1332,30.9872,67.2371,67.237,0.0,0.0,0.0,5786.2044,24.4994,21.7407,16.4732,16.9683,1.0293,0.7566,20.0524,1.95,40662.0,1.2,0.0,0.0,10.7692,7.364571900071314,7.518253703868782,7.343176329336781,39.10218,0.0
6044,2015-03-02,SZSE:002091,0.3567,9.1077,7.5823,9.241,9.041,6393.5998,9.0462,4.432,31.1587,25.5175,35.2461,1.049,30.5397,69.9591,69.9591,0.0,0.0,0.0,5879.8055,20.7911,18.8632,16.2426,16.7516,0.9677,0.7453,25.3244,1.95,40662.0,1.2,3.351,0.0,10.7692,7.531100306334201,7.6932742953764395,7.5267712265445725,49.38258,0.0
6045,2015-03-03,SZSE:002091,0.3567,8.9385,7.4414,9.2,8.8974,6274.7996,9.0769,4.3497,30.5798,24.8996,34.5912,1.0296,30.2298,62.8246,62.8246,0.0,0.0,0.0,5761.0054,20.3711,18.482,15.9144,16.4131,0.9481,0.7303,22.8704,1.95,40662.0,1.2,3.2887,0.0,10.7692,7.556619529003749,7.659101638977456,7.407183795938916,44.59728,0.0
6046,2015-03-04,SZSE:002091,0.3567,9.1231,7.5951,9.159,8.9333,6404.3987,8.9385,4.4395,31.2113,25.4139,35.3056,1.0508,30.516,66.802,66.802,0.0,0.0,0.0,5890.6044,20.8293,18.8978,16.2724,16.7824,0.9694,0.7467,19.6426,1.95,40662.0,1.2,3.3566,0.0,10.7692,7.441418087053742,7.624987219256613,7.437089019083425,38.303070000000005,0.0
6047,2015-03-05,SZSE:002091,0.3567,9.4154,7.8385,9.4308,9.0974,6609.5996,9.1333,4.5817,32.2114,26.2282,36.4368,1.0845,29.7444,71.9241,71.9241,0.0,0.0,0.0,6095.8053,21.5549,19.5561,16.8392,17.367,1.0032,0.7727,35.8309,1.95,40662.0,1.2,3.4642,0.0,10.7692,7.603646371901353,7.851320793593473,7.573758937485397,69.870255,0.0
6048,2015-03-06,SZSE:002091,0.3432,9.0256,7.514,9.4615,8.9436,6336.0,9.4256,4.3921,30.878,25.1425,34.9286,1.0396,30.8891,58.8798,58.8798,0.0,0.0,0.0,5822.2057,20.5875,18.6784,16.0834,16.5875,0.9582,0.738,27.1484,1.95,40662.0,1.2,3.3208,0.0,10.7692,7.8470083318560535,7.876895829640135,7.445733291969509,52.93938,0.0
6049,2015-03-09,SZSE:002091,0.3432,9.0718,7.5525,9.1436,8.8769,6368.3987,8.9795,4.4145,31.0359,25.271,35.1072,1.0449,30.3847,59.8093,59.8093,0.0,0.0,0.0,5854.6045,20.702,18.7823,16.1729,16.6798,0.9635,0.7421,14.294,1.95,40662.0,1.2,3.3378,0.0,10.7692,7.475657945501444,7.612275292665182,7.390240883837827,27.8733,0.0
6050,2015-03-10,SZSE:002091,0.3432,9.1692,7.6336,9.3692,9.0308,6436.7995,9.0667,4.462,31.3692,25.5425,35.4842,1.0561,30.2994,61.774,61.774,0.0,0.0,0.0,5923.0052,20.9439,19.0017,16.3619,16.8747,0.9748,0.7508,17.4475,1.95,40662.0,1.2,3.3736,0.0,10.7692,7.548266055926363,7.80010525672905,7.518378362343498,34.022625000000005,0.0
6051,2015-03-11,SZSE:002091,0.3432,9.3026,7.7446,9.3026,8.9846,6530.3992,9.1795,4.5268,31.8254,25.9139,36.0002,1.0715,30.41,64.3427,64.3427,0.0,0.0,0.0,6016.605,21.2749,19.302,16.6205,17.1413,0.9902,0.7627,17.907,1.95,40662.0,1.2,3.4227,0.0,10.7692,7.642116795304539,7.7446,7.4798586588695635,34.91865,0.0
6052,2015-03-12,SZSE:002091,0.3432,9.1795,7.6421,9.3333,9.0513,6443.9999,9.2718,4.4669,31.4043,25.571,35.5239,1.0573,30.2567,60.3138,60.3138,0.0,0.0,0.0,5930.2056,20.9694,19.0248,16.3818,16.8952,0.9759,0.7517,16.3129,1.95,40662.0,1.2,3.3774,0.0,10.7692,7.718941421646059,7.7701412854730645,7.535371178168744,31.810154999999998,0.0
6053,2015-03-13,SZSE:002091,0.0887,9.2256,7.6805,9.3026,9.1128,6476.3993,9.2051,4.4894,31.5622,25.6996,35.7025,1.0626,29.9989,61.2926,61.2926,0.0,0.0,0.0,5962.605,21.0839,19.1288,16.4713,16.9875,0.9813,0.7558,14.5675,1.95,40662.0,1.2,3.3944,0.0,10.7692,7.663433332249394,7.744604069112037,7.586591701352758,28.406625000000002,0.0
6054,2015-03-16,SZSE:002091,0.0887,9.441,7.8598,9.5282,9.241,6627.5996,9.241,4.5942,32.2991,26.2996,36.5361,1.0874,30.3895,65.5613,65.5613,0.0,0.0,0.0,6113.8053,21.6186,19.6139,16.889,17.4183,1.0062,0.775,23.2865,1.95,40662.0,1.2,3.4736,0.0,10.7692,7.69329645164707,7.932395547081875,7.69329645164707,45.408675,0.0
6055,2015-03-17,SZSE:002091,0.0887,9.6051,7.9965,9.7333,9.3949,6742.7992,9.4564,4.6741,32.8605,26.7567,37.1711,1.1063,29.7475,68.419,68.419,0.0,0.0,0.0,6229.0049,22.0259,19.9834,17.2072,17.7465,1.0251,0.7896,30.2009,1.95,40662.0,1.2,3.534,0.0,10.7692,7.87270331386451,8.103229893494081,7.8215029359402815,58.891755,0.0
6056,2015-03-18,SZSE:002091,0.0887,9.6564,8.0392,9.7282,9.5128,6778.7991,9.6308,4.699,33.036,26.8996,37.3696,1.1122,29.6005,69.277,69.277,0.0,0.0,0.0,6265.0049,22.1532,20.0989,17.3066,17.849,1.031,0.7941,19.5748,1.95,40662.0,1.2,3.5528,0.0,10.7692,8.017887345180398,8.098975336564349,7.919649326871298,38.17086,0.0
6057,2015-03-19,SZSE:002091,0.0887,9.7692,8.1331,9.8308,9.559,6857.9995,9.641,4.7539,33.4219,27.2139,37.8062,1.1252,29.142,71.1349,71.1349,0.0,0.0,0.0,6344.2052,22.4333,20.353,17.5254,18.0747,1.0441,0.8042,24.5872,1.95,40662.0,1.2,3.5944,0.0,10.7692,8.02637033738689,8.184383519633133,7.958103314498629,47.94504,0.0
6058,2015-03-20,SZSE:002091,0.164,9.7692,8.1331,9.8923,9.641,6857.9995,9.8103,4.4886,34.0154,27.2139,44.6357,1.1272,28.8969,71.1349,71.1349,0.0,0.0,0.0,6514.1034,22.4374,20.3097,17.9948,18.5587,1.0747,0.8257,20.8429,1.95,40662.0,1.2,3.5944,0.0,10.7692,8.167316763911069,8.23558378679933,8.02637033738689,40.643655,0.0
6059,2015-03-23,SZSE:002091,0.164,9.841,8.1929,9.8974,9.6667,6908.3989,9.8667,4.5215,34.2654,27.0284,44.9637,1.1355,27.3743,72.3681,72.3681,0.0,0.0,0.0,6564.5027,22.611,20.4668,19.7132,19.5372,1.083,1.014,30.2807,1.95,40662.0,1.2,3.6904,0.0,11.2821,8.21429594858246,8.239854533075906,8.047790512143076,59.047365,0.0
6060,2015-03-24,SZSE:002091,0.164,9.6974,8.0733,10.0,9.5385,6807.5987,9.8205,4.4556,33.7654,26.634,44.3076,1.1189,27.3948,66.2699,66.2699,0.0,0.0,0.0,6463.7026,22.2638,20.1525,19.4105,19.2372,1.0664,0.9984,33.6144,1.95,40662.0,1.2,3.6365,0.0,11.2821,8.17578347288964,8.325221193309547,7.941012235238312,65.54808,0.0
6061,2015-03-25,SZSE:002091,0.164,10.3231,8.5942,10.5539,9.641,7246.7994,9.6821,4.743,35.9439,28.3523,47.1662,1.1911,29.9768,75.8278,75.8278,0.0,0.0,0.0,6902.9032,23.7766,21.5219,20.7294,20.5444,1.1388,1.0663,49.8987,1.95,40662.0,1.2,3.8712,0.0,11.2821,8.060553885945115,8.78634590190931,8.026337263031454,97.302465,0.0
6062,2015-03-26,SZSE:002091,0.164,10.1333,8.4362,10.4103,10.0051,7113.5998,10.2564,4.6558,35.2832,27.8312,46.2993,1.1692,30.3753,69.4045,69.4045,0.0,0.0,0.0,6769.7037,23.3178,21.1066,20.3294,20.1479,1.1169,1.0457,27.9521,1.95,40662.0,1.2,3.8,0.0,11.2821,8.538683516722093,8.666808725686595,8.32947061865335,54.506595000000004,0.0
6063,2015-03-27,SZSE:002091,0.4409,10.4103,8.6667,10.6256,10.1026,7307.9997,10.1487,4.7831,36.2474,28.5918,47.5645,1.2011,30.4527,72.9993,72.9993,0.0,0.0,0.0,6964.1036,23.9874,21.7127,20.9132,20.7265,1.1489,1.0757,29.6309,1.95,40662.0,1.2,3.9038,0.0,11.2821,8.448914852597909,8.845939840350423,8.41053604795251,57.780255,0.0
6064,2015-03-30,SZSE:002091,0.4409,10.4256,8.6796,10.6564,10.2667,7318.7993,10.4103,4.7901,36.301,28.634,47.6348,1.2029,29.4361,73.1878,73.1878,0.0,0.0,0.0,6974.9032,24.0246,21.7464,20.9457,20.7586,1.1507,1.0774,30.0019,1.95,40662.0,1.2,3.9096,0.0,11.2821,8.666862327348067,8.871747375690608,8.54731136049724,58.503705,0.0
6065,2015-03-31,SZSE:002091,0.4409,10.3487,8.6155,10.6154,10.2359,7264.7993,10.4564,4.7548,36.0331,28.4227,47.2834,1.194,29.5562,70.5365,70.5365,0.0,0.0,0.0,6920.9032,23.8386,21.578,20.7835,20.5979,1.1418,1.069,29.5275,1.95,40662.0,1.2,3.8808,0.0,11.2821,8.705162406872363,8.837533091112896,8.521591740991624,57.578624999999995,0.0
6066,2015-04-01,SZSE:002091,0.4409,10.759,8.9571,11.1795,10.2923,7552.7991,10.3692,4.9433,37.4616,29.5495,49.1578,1.2414,30.0875,75.6111,75.6111,0.0,0.0,0.0,7208.9029,24.8306,22.4759,21.6484,21.4551,1.1893,1.1135,38.071,1.95,40662.0,1.2,4.0346,0.0,11.2821,8.632583076494099,9.307175336927225,8.56856216469932,74.23845,0.0
6067,2015-04-02,SZSE:002091,0.4409,10.8513,9.0339,10.9385,10.5949,7617.5993,10.9231,4.9857,37.783,29.803,49.5796,1.252,29.8298,76.5881,76.5881,0.0,0.0,0.0,7273.7032,25.0538,22.678,21.843,21.6479,1.2,1.1235,26.9708,1.95,40662.0,1.2,4.0692,0.0,11.2821,9.093674775372534,9.106495548920405,8.820442445605595,52.59306,0.0
6068,2015-04-03,SZSE:002091,0.4944,11.1436,9.2773,11.2718,10.6923,7822.7995,10.7282,5.12,38.8008,30.6059,50.9151,1.2858,29.8614,79.4022,79.4022,0.0,0.0,0.0,7478.9034,25.7606,23.3177,22.4592,22.2586,1.2339,1.1552,30.6303,1.95,40662.0,1.2,4.1788,0.0,11.2821,8.931470068918482,9.384029410603398,8.901582503858718,59.729085,0.0
6069,2015-04-06,SZSE:002091,0.4944,0.0,9.2773,0.0,0.0,7822.7995,0.0,5.12,38.8008,30.6059,50.9151,1.2858,29.8614,79.4022,79.4022,0.0,0.0,0.0,7478.9034,25.7606,23.3177,22.4592,22.2586,1.2339,1.1552,0.0,1.95,40662.0,1.2,4.1788,0.0,11.2821,0.0,0.0,0.0,0.0,0.0
6070,2015-04-07,SZSE:002091,0.4944,11.3026,9.4096,11.3846,11.0308,7934.3992,11.1128,5.1931,39.3543,31.0425,51.6415,1.3041,29.5673,80.7569,80.7569,0.0,0.0,0.0,7590.5031,26.145,23.6657,22.7943,22.5908,1.2523,1.1725,24.104,1.95,40662.0,1.2,4.2385,0.0,11.2821,9.251588384973369,9.477866345796542,9.183322039176826,47.0028,0.0
6071,2015-04-08,SZSE:002091,0.4944,11.359,9.4566,11.6205,11.0615,7973.9991,11.3077,5.219,39.5507,31.1974,51.8992,1.3106,29.5689,81.2286,81.2287,0.0,0.0,0.0,7630.1029,26.2814,23.7892,22.9132,22.7086,1.2588,1.1786,28.6921,1.95,40662.0,1.2,4.2596,0.0,11.2821,9.41389169997359,9.674304102473808,9.208925160665551,55.949594999999995,0.0
6072,2015-04-09,SZSE:002091,0.4944,10.5795,8.8076,11.3077,10.2256,7426.7992,11.2051,4.8608,36.8367,29.0565,48.3377,1.2207,33.5249,59.5155,59.5155,0.0,0.0,0.0,7082.9031,24.3966,22.0831,21.27,21.0801,1.1685,1.0941,39.3428,1.95,40662.0,1.2,3.9673,0.0,11.2821,9.328421830899382,9.413837943192023,8.512972688690393,76.71846,0.0
6073,2015-04-10,SZSE:002091,0.3908,10.918,9.0894,11.0,10.4769,7664.3988,10.5641,5.0163,38.0151,29.9861,49.8842,1.2597,33.6624,64.0136,64.0136,0.0,0.0,0.0,7320.5027,25.215,22.8239,21.9835,21.7872,1.2077,1.1308,26.67,1.95,40662.0,1.2,4.0942,0.0,11.2821,8.794772901630335,9.157666239237955,8.722177583806559,52.0065,0.0
6074,2015-04-13,SZSE:002091,0.3908,10.9282,9.0979,11.1795,10.6974,7671.5992,10.918,5.0211,38.0509,30.0143,49.931,1.2609,33.7542,64.1437,64.1437,0.0,0.0,0.0,7327.7031,25.2398,22.8463,22.0051,21.8086,1.2089,1.1319,24.2033,1.95,40662.0,1.2,4.0981,0.0,11.2821,9.089408338061162,9.307111239728409,8.9057553357369,47.196434999999994,0.0
6075,2015-04-14,SZSE:002091,0.3908,10.9231,9.0937,11.2615,10.759,7667.9994,11.0718,5.0187,38.033,30.0002,49.9076,1.2603,33.3462,64.0191,64.0191,0.0,0.0,0.0,7324.1032,25.2274,22.8351,21.9943,21.7979,1.2083,1.1313,22.9935,1.95,40662.0,1.2,4.0962,0.0,11.2821,9.21749573472732,9.375424792412412,8.957083456161714,44.837325,0.0
6076,2015-04-15,SZSE:002091,0.3908,10.2051,8.496,10.8872,10.1385,7163.9992,10.8821,4.6888,35.5332,28.0284,46.6273,1.1775,36.6887,49.5223,49.5223,0.0,0.0,0.0,6820.103,23.4914,21.2637,20.4808,20.2979,1.1252,1.0535,25.3975,1.95,40662.0,1.2,3.8269,0.0,11.2821,9.059619366787196,9.063865243848666,8.440553840726697,49.525125,0.0
6077,2015-04-16,SZSE:002091,0.3908,10.2051,8.496,10.4615,10.0462,7163.9992,10.159,4.6888,35.5332,28.0284,46.6273,1.1775,36.5876,49.5223,49.5223,0.0,0.0,0.0,6820.103,23.4914,21.2637,20.4808,20.2979,1.1252,1.0535,19.7439,1.95,40662.0,1.2,3.8269,0.0,11.2821,8.457620601463976,8.709459387953082,8.363711791163244,38.500605,0.0
6078,2015-04-17,SZSE:002091,0.3682,10.2923,8.5686,10.4615,10.2154,7225.1995,10.3436,4.7289,35.8367,28.2678,47.0256,1.1875,36.2808,51.0823,51.0823,0.0,0.0,0.0,6881.3034,23.7022,21.4545,20.6646,20.4801,1.1353,1.0629,22.2521,1.95,40662.0,1.2,3.8596,0.0,11.2821,8.61130854716633,8.709463278373153,8.504578805514804,43.391594999999995,0.0
6079,2015-04-20,SZSE:002091,0.3682,10.2923,8.5686,10.4,10.0564,7225.1995,10.1897,4.7289,35.8367,28.2678,47.0256,1.1875,35.5709,51.0823,51.0823,0.0,0.0,0.0,6881.3034,23.7022,21.4545,20.6646,20.4801,1.1353,1.0629,25.6616,1.95,40662.0,1.2,3.8596,0.0,11.2821,8.483182905667345,8.658262973290713,8.372207285057762,50.04012,0.0
6080,2015-04-21,SZSE:002091,0.3682,10.6564,8.8717,10.6821,10.2103,7480.7991,10.2718,4.8962,37.1045,29.2678,48.6892,1.2295,36.1211,57.4515,57.4515,0.0,0.0,0.0,7136.903,24.5826,22.2515,21.4321,21.2408,1.1775,1.1024,25.4101,1.95,40662.0,1.2,3.9962,0.0,11.2821,8.55151158552607,8.893095845688977,8.500311410044668,49.549695,0.0
6081,2015-04-22,SZSE:002091,0.3682,10.8,8.9912,11.1692,10.7487,7581.6,10.7487,4.9622,37.6045,29.6622,49.3453,1.2461,36.1638,59.681,59.681,0.0,0.0,0.0,7237.7039,24.9298,22.5657,21.7349,21.5408,1.1941,1.118,27.2565,1.95,40662.0,1.2,4.05,0.0,11.2821,8.948491799999998,9.298565837037035,8.948491799999998,53.150175,0.0
6082,2015-04-23,SZSE:002091,0.3682,11.2154,9.337,11.4103,10.8667,7873.1996,10.8667,5.153,39.0508,30.803,51.2432,1.294,36.5591,65.3392,65.3392,0.0,0.0,0.0,7529.3035,25.9342,23.4749,22.6105,22.4086,1.2422,1.163,38.8281,1.95,40662.0,1.2,4.2058,0.0,11.2821,9.046701669133512,9.499257369331454,9.046701669133512,75.714795,0.0
6083,2015-04-24,SZSE:002091,0.2588,11.1077,9.2474,11.1795,10.8513,7797.5998,11.0256,5.1035,38.6758,30.5073,50.7511,1.2816,36.3773,62.8756,62.8756,0.0,0.0,0.0,7453.7037,25.6738,23.2392,22.3835,22.1836,1.2297,1.1513,25.6603,1.95,40662.0,1.2,4.1654,0.0,11.2821,9.17904997794323,9.307175049740271,9.033941465830011,50.037585,0.0
6084,2015-04-27,SZSE:002091,0.2588,10.8974,9.1356,11.2718,10.8256,7649.9987,11.1282,4.9403,36.7257,29.9298,48.7834,1.2531,37.035,58.2572,59.846,0.0,0.0,0.0,7328.6835,24.729,22.3903,22.0081,21.8116,1.1978,1.132,24.5545,1.95,40662.0,1.2,4.0865,0.0,11.2821,9.329086196707472,9.449470156184045,9.075408020261714,47.881275,0.077
6085,2015-04-28,SZSE:002091,0.2588,10.3795,8.7014,11.0205,10.2051,7286.3992,11.0051,4.7055,34.9802,28.5072,46.4648,1.1936,38.5134,48.7563,49.8063,0.0,0.0,0.0,6965.084,23.5021,21.2794,20.9162,20.7294,1.1384,1.0759,23.7732,1.95,40662.0,1.2,3.8923,0.0,11.2821,9.225856461293896,9.238766674695313,8.555196024856688,46.35774,0.0
6086,2015-04-29,SZSE:002091,0.2588,10.6,8.8863,10.6667,10.3077,7441.1993,10.3539,4.8055,35.7233,29.1129,47.4519,1.2189,38.3727,52.3214,53.3913,0.0,0.0,0.0,7119.8841,24.0245,21.7524,21.381,21.1901,1.1637,1.0998,14.5197,1.95,40662.0,1.2,3.975,0.0,11.7536,8.679986940566037,8.942216623584908,8.641256085849058,28.313415,0.0
6087,2015-04-30,SZSE:002091,0.2588,10.6154,8.8991,10.9231,10.4872,7451.9996,10.6308,4.8124,35.7752,29.1551,47.5208,1.2207,37.9916,52.5693,53.64,0.0,0.0,0.0,7130.6844,24.0609,21.7854,21.4135,21.2223,1.1654,1.1014,16.4672,1.95,40662.0,1.2,3.9808,0.0,11.7536,8.912010124912864,9.157051002317388,8.791627401699419,32.111039999999996,0.0
6088,2015-05-01,SZSE:002091,0.2993,0.0,8.8991,0.0,0.0,7451.9996,0.0,4.8124,35.7752,29.1551,47.5208,1.2207,37.9916,52.5693,53.64,0.0,0.0,0.0,7130.6844,24.0609,21.7854,21.4135,21.2223,1.1654,1.1014,0.0,1.95,40662.0,1.2,3.9808,0.0,11.7536,0.0,0.0,0.0,0.0,0.0
6089,2015-05-04,SZSE:002091,0.2993,10.7641,9.0238,10.8462,10.4718,7556.3989,10.6718,4.8799,36.2764,29.5636,48.1865,1.2378,38.5229,55.005,56.0805,0.0,0.0,0.0,7235.0837,24.4132,22.1043,21.727,21.533,1.1825,1.1176,16.7349,1.95,40662.0,1.2,4.0365,0.0,11.7536,8.946422723683355,9.092626374708523,8.778757986269174,32.633055,0.0
6090,2015-05-05,SZSE:002091,0.2993,10.3846,8.7057,10.8462,10.3128,7289.9997,10.8462,4.7078,34.9974,28.5213,46.4877,1.1942,39.383,48.2027,48.9932,0.0,0.0,0.0,6968.6845,23.5143,21.2904,20.927,20.7401,1.1389,1.0764,17.5031,1.95,40662.0,1.2,3.8942,0.0,11.7536,9.092672162625425,9.092672162625425,8.645508056160082,34.131045,0.0
6091,2015-05-06,SZSE:002091,0.2993,10.1026,8.4692,10.559,10.0051,7091.9999,10.3846,4.58,34.0469,27.7467,45.2251,1.1617,39.9269,43.8611,44.4926,0.0,0.0,0.0,6770.6847,22.8462,20.6855,20.3324,20.1509,1.1066,1.0458,16.9168,1.95,40662.0,1.2,3.7885,0.0,11.7536,8.705605915308931,8.851808722507077,8.38746391226021,32.987759999999994,0.0
6092,2015-05-07,SZSE:002091,0.2993,10.0,8.3833,10.1846,9.9487,7020.0,10.1282,4.5335,33.7012,27.465,44.766,1.1499,39.6708,42.3667,42.9476,0.0,0.0,0.0,6698.6848,22.6032,20.4656,20.1162,19.9366,1.0948,1.0347,14.3619,1.95,40662.0,1.2,3.75,0.0,11.7536,8.490773906000001,8.538055717999999,8.340293671000001,28.005705,0.0
6093,2015-05-08,SZSE:002091,0.3199,10.3333,8.6627,10.3333,10.0308,7253.9998,10.0718,4.6846,34.8246,28.3805,46.2582,1.1883,39.8004,48.5071,49.1302,0.0,0.0,0.0,6932.6846,23.3928,21.1805,20.8189,20.633,1.1331,1.0709,17.4582,1.95,40662.0,1.2,3.875,0.0,11.7536,8.443477094442239,8.6627,8.409105625502017,34.043490000000006,0.0
6094,2015-05-11,SZSE:002091,0.3199,10.8,9.0539,10.8462,10.3128,7581.6,10.4103,4.8961,36.3973,29.6622,48.3472,1.2419,41.3689,55.6337,56.2742,0.0,0.0,0.0,7260.2848,24.4982,22.1813,21.8027,21.608,1.1866,1.1215,25.6666,1.95,40662.0,1.2,4.05,0.0,11.7536,8.727205108333333,9.092630572222221,8.64546851111111,50.04987,0.0
6095,2015-05-12,SZSE:002091,0.3199,11.4,9.5569,11.4821,10.6923,8002.7993,10.8718,5.1681,38.4194,31.3101,51.0332,1.3109,42.4931,62.7685,63.3926,0.0,0.0,0.0,7681.4841,25.9195,23.4682,23.0675,22.8616,1.2554,1.1865,46.5685,1.95,40662.0,1.2,4.275,0.0,11.7536,9.114096966666667,9.62572644649123,8.963617707894736,90.808575,0.0
6096,2015-05-13,SZSE:002091,0.3199,11.4769,9.6214,11.6821,11.241,8056.7992,11.5282,5.203,38.6787,31.5214,51.3776,1.3198,42.4789,63.5772,64.1973,0.0,0.0,0.0,7735.484,26.1017,23.6331,23.2297,23.0223,1.2643,1.1949,38.3243,1.95,40662.0,1.2,4.3038,0.0,11.7536,9.664406196795301,9.793424787181207,9.423638560935444,74.732385,0.0
6097,2015-05-14,SZSE:002091,0.3199,11.5641,9.6945,11.759,11.3385,8117.9996,11.4821,5.2425,38.9725,31.7608,51.7678,1.3298,42.101,64.5178,65.1328,0.0,0.0,0.0,7796.6844,26.3082,23.8201,23.4135,23.2044,1.2743,1.2043,27.6812,1.95,40662.0,1.2,4.3365,0.0,11.7536,9.62575716657587,9.857889978467844,9.50537337535995,53.97834,0.0
6098,2015-05-15,SZSE:002091,0.4208,11.1692,9.3635,11.5282,11.1026,7840.7995,11.5282,5.0635,37.6417,30.6763,50.0001,1.2844,42.5484,57.2995,57.7698,0.0,0.0,0.0,7519.4842,25.3728,22.9732,22.581,22.3794,1.229,1.1615,23.6026,1.95,40662.0,1.2,4.1885,0.0,11.7536,9.66446125953515,9.66446125953515,9.307667075529135,46.02507,0.0
6099,2015-05-18,SZSE:002091,0.4208,11.6615,9.7762,12.0,11.1539,8186.399,11.2,5.2867,39.3008,32.0284,52.204,1.341,42.7587,62.8762,63.3349,0.0,0.0,0.0,7865.0838,26.539,24.0291,23.6189,23.408,1.2855,1.2149,38.4061,1.95,40662.0,1.2,4.3731,0.0,11.7536,9.389310123054495,10.059975131844102,9.350663051922993,74.891895,0.0
6100,2015-05-19,SZSE:002091,0.4208,11.8769,9.9567,11.8974,11.5026,8337.6,11.6513,5.3844,40.0267,32.62,53.1682,1.3658,42.482,65.0281,65.4783,0.0,0.0,0.0,8016.2847,27.0492,24.491,24.0729,23.858,1.3102,1.2382,32.0237,1.95,40662.0,1.2,4.4538,0.0,11.7536,9.767573921646221,9.973885658715657,9.642915021596544,62.446214999999995,0.0
6101,2015-05-20,SZSE:002091,0.4208,11.8462,9.9309,12.1539,11.6923,8315.9994,12.041,5.3704,39.923,32.5354,53.0305,1.3622,42.1389,64.4533,64.8947,0.0,0.0,0.0,7994.6842,26.9763,24.425,24.0081,23.7937,1.3066,1.2349,40.5205,1.95,40662.0,1.2,4.4423,0.0,11.7536,10.094204631020917,10.188850898178318,9.801882634937785,79.01497499999999,0.0
6102,2015-05-21,SZSE:002091,0.4208,12.0051,10.0642,12.0821,11.6923,8427.5992,11.8359,5.4425,40.4588,32.9721,53.7421,1.3805,41.8211,66.1195,66.5534,0.0,0.0,0.0,8106.2839,27.3528,24.766,24.3432,24.1259,1.3249,1.2521,33.6615,1.95,40662.0,1.2,4.5019,0.0,11.7536,9.922355064097758,10.12875118241414,9.801971300530607,65.63992499999999,0.0
6103,2015-05-22,SZSE:002091,0.4037,11.8256,9.9137,12.2,11.7436,8301.6,12.1026,5.3611,39.8539,32.8965,52.9386,1.3599,41.6598,62.5543,62.9375,0.0,0.0,0.0,7980.2848,26.9277,24.3811,23.9648,23.7509,1.3043,1.1872,35.055,1.95,40662.0,1.2,4.4346,0.0,11.7536,10.145916115884184,10.227569002841292,9.844957323095658,68.35725,0.0
6104,2015-05-25,SZSE:002091,0.4037,12.2513,10.2706,12.4256,11.6923,8600.3993,11.7692,5.5541,41.2883,34.0806,54.844,1.4088,41.7436,67.0867,67.4535,0.0,0.0,0.0,8279.084,27.9359,25.2939,24.8621,24.6401,1.3531,1.2316,47.6292,1.95,40662.0,1.2,4.5942,0.0,11.7536,9.866442379176087,10.416720459053325,9.801975005101498,92.87693999999999,0.0
6105,2015-05-26,SZSE:002091,0.4037,12.7949,10.7263,12.9128,12.1949,8981.9994,12.318,5.8005,43.1203,35.5927,57.2775,1.4713,42.4409,71.7839,72.1249,0.0,0.0,0.0,8660.6842,29.2235,26.4598,26.0081,25.7759,1.4155,1.2884,47.7229,1.95,40662.0,1.2,4.7981,0.0,11.7536,10.326502231357805,10.825138659934819,10.223304275140876,93.059655,0.0
6106,2015-05-27,SZSE:002091,0.4037,12.6154,10.5758,12.7692,12.3949,8855.9996,12.7692,5.7191,42.5154,35.0934,56.474,1.4507,42.6259,68.317,68.6226,0.0,0.0,0.0,8534.6844,28.7984,26.0748,25.6297,25.4009,1.3949,1.2697,32.6006,1.95,40662.0,1.2,4.7308,0.0,11.7536,10.70473432154351,10.70473432154351,10.390949428476306,63.571169999999995,0.0
6107,2015-05-28,SZSE:002091,0.4037,12.2256,10.2491,13.8564,11.9641,8582.3993,12.7949,5.5424,41.2019,34.0092,54.7293,1.4059,42.9216,61.3843,61.6249,0.0,0.0,0.0,8261.0841,27.8752,25.2389,24.8081,24.5866,1.3502,1.229,52.2331,1.95,40662.0,1.2,4.5846,0.0,11.7536,10.72636186281246,11.616250265017669,10.029876432240545,101.854545,0.0
6108,2015-05-29,SZSE:002091,0.1897,13.4462,11.2723,13.4462,11.9744,9439.1994,12.4615,6.0958,45.3152,37.4045,60.193,1.5462,46.2088,71.2302,71.445,0.0,0.0,0.0,9117.8842,30.7663,27.8566,27.381,27.1366,1.4902,1.3564,67.4584,1.95,40662.0,1.2,5.0423,0.0,11.7536,10.446800319049247,11.2723,10.038451690440422,131.54388,0.0
6109,2015-06-01,SZSE:002091,0.1897,0.0,11.2723,0.0,0.0,9439.1994,0.0,6.0958,45.3152,37.4045,60.193,1.5462,46.2088,71.2302,71.445,0.0,0.0,0.0,9117.8842,30.7663,27.8566,27.381,27.1366,1.4902,1.3564,0.0,1.95,40662.0,1.2,5.0423,0.0,11.7536,0.0,0.0,0.0,0.0,0.0
6110,2015-06-02,SZSE:002091,0.1897,0.0,11.2723,0.0,0.0,9439.1994,0.0,6.0958,45.3152,37.4045,60.193,1.5462,46.2088,71.2302,71.445,0.0,0.0,0.0,9117.8842,30.7663,27.8566,27.381,27.1366,1.4902,1.3564,0.0,1.95,40662.0,1.2,5.0423,0.0,11.7536,0.0,0.0,0.0,0.0,0.0
6111,2015-06-03,SZSE:002091,0.1897,0.0,11.2723,0.0,0.0,9439.1994,0.0,6.0958,45.3152,37.4045,60.193,1.5462,46.2088,71.2302,71.445,0.0,0.0,0.0,9117.8842,30.7663,27.8566,27.381,27.1366,1.4902,1.3564,0.0,1.95,40662.0,1.2,5.0423,0.0,11.7536,0.0,0.0,0.0,0.0,0.0
6112,2015-06-04,SZSE:002091,0.1897,0.0,11.2723,0.0,0.0,9439.1994,0.0,6.0958,45.3152,37.4045,60.193,1.5462,46.2088,71.2302,71.445,0.0,0.0,0.0,9117.8842,30.7663,27.8566,27.381,27.1366,1.4902,1.3564,0.0,1.95,40662.0,1.2,5.0423,0.0,11.7536,0.0,0.0,0.0,0.0,0.0
6113,2015-06-05,SZSE:002091,0.2305,0.0,11.2723,0.0,0.0,9439.1994,0.0,6.0958,45.3152,37.4045,60.193,1.5462,46.2088,71.2302,71.445,0.0,0.0,0.0,9117.8842,30.7663,27.8566,27.381,27.1366,1.4902,1.3564,0.0,1.95,40662.0,1.2,5.0423,0.0,11.7536,0.0,0.0,0.0,0.0,0.0
6114,2015-06-08,SZSE:002091,0.2305,0.0,11.2723,0.0,0.0,9439.1994,0.0,6.0958,45.3152,37.4045,60.193,1.5462,46.2088,71.2302,71.445,0.0,0.0,0.0,9117.8842,30.7663,27.8566,27.381,27.1366,1.4902,1.3564,0.0,1.95,40662.0,1.2,5.0423,0.0,11.7536,0.0,0.0,0.0,0.0,0.0
6115,2015-06-09,SZSE:002091,0.2305,0.0,11.2723,0.0,0.0,9439.1994,0.0,6.0958,45.3152,37.4045,60.193,1.5462,46.2088,71.2302,71.445,0.0,0.0,0.0,9117.8842,30.7663,27.8566,27.381,27.1366,1.4902,1.3564,0.0,1.95,40662.0,1.2,5.0423,0.0,11.7536,0.0,0.0,0.0,0.0,0.0
6116,2015-06-10,SZSE:002091,0.2305,0.0,11.2723,0.0,0.0,9439.1994,0.0,6.0958,45.3152,37.4045,60.193,1.5462,46.2088,71.2302,71.445,0.0,0.0,0.0,9117.8842,30.7663,27.8566,27.381,27.1366,1.4902,1.3564,0.0,1.95,40662.0,1.2,5.0423,0.0,11.7536,0.0,0.0,0.0,0.0,0.0
6117,2015-06-11,SZSE:002091,0.2305,0.0,11.2723,0.0,0.0,9439.1994,0.0,6.0958,45.3152,37.4045,60.193,1.5462,46.2088,71.2302,71.445,0.0,0.0,0.0,9117.8842,30.7663,27.8566,27.381,27.1366,1.4902,1.3564,0.0,1.95,40662.0,1.2,5.0423,0.0,11.7536,0.0,0.0,0.0,0.0,0.0
6118,2015-06-12,SZSE:002091,0.202,0.0,11.2723,0.0,0.0,9439.1994,0.0,6.0958,45.3152,37.4045,60.193,1.5462,46.2088,71.2302,71.445,0.0,0.0,0.0,9117.8842,30.7663,27.8566,27.381,27.1366,1.4902,1.3564,0.0,1.95,40662.0,1.2,5.0423,0.0,11.7536,0.0,0.0,0.0,0.0,0.0
6119,2015-06-15,SZSE:002091,0.202,0.0,11.2723,0.0,0.0,9439.1994,0.0,6.0958,45.3152,35.866,60.193,1.5462,46.2088,71.2302,71.445,0.0,0.0,0.0,9117.8842,30.7663,27.8566,26.5441,26.3713,1.4902,1.316,0.0,1.95,40662.0,1.2,0.0,0.0,11.7536,0.0,0.0,0.0,0.0,0.0
6120,2015-06-16,SZSE:002091,0.202,0.0,11.2723,0.0,0.0,9439.1994,0.0,6.0958,45.3152,35.866,60.193,1.5462,46.2088,71.2302,71.445,0.0,0.0,0.0,9117.8842,30.7663,27.8566,26.5441,26.3713,1.4902,1.316,0.0,1.95,40662.0,1.2,0.0,0.0,11.7536,0.0,0.0,0.0,0.0,0.0
6121,2015-06-17,SZSE:002091,0.202,0.0,11.2723,0.0,0.0,9439.1994,0.0,6.0958,45.3152,35.866,60.193,1.5462,46.2088,71.2302,71.445,0.0,0.0,0.0,9117.8842,30.7663,27.8566,26.5441,26.3713,1.4902,1.316,0.0,1.95,40662.0,1.2,0.0,0.0,11.7536,0.0,0.0,0.0,0.0,0.0
6122,2015-06-18,SZSE:002091,0.202,0.0,11.2723,0.0,0.0,9439.1994,0.0,6.0958,45.3152,35.866,60.193,1.5462,46.2088,71.2302,71.445,0.0,0.0,0.0,9117.8842,30.7663,27.8566,26.5441,26.3713,1.4902,1.316,0.0,1.95,40662.0,1.2,0.0,0.0,11.7536,0.0,0.0,0.0,0.0,0.0
6123,2015-06-19,SZSE:002091,0.2047,0.0,11.2723,0.0,0.0,9439.1994,0.0,6.0958,45.3152,35.866,60.193,1.5462,46.2088,71.2302,71.445,0.0,0.0,0.0,9117.8842,30.7663,27.8566,26.5441,26.3713,1.4902,1.316,0.0,1.95,40662.0,1.2,0.0,0.0,11.7536,0.0,0.0,0.0,0.0,0.0
6124,2015-06-22,SZSE:002091,0.2047,0.0,11.2723,0.0,0.0,9439.1994,0.0,6.0958,45.3152,35.866,60.193,1.5462,46.2088,71.2302,71.445,0.0,0.0,0.0,9117.8842,30.7663,27.8566,26.5441,26.3713,1.4902,1.316,0.0,1.95,40662.0,1.2,0.0,0.0,11.7536,0.0,0.0,0.0,0.0,0.0
6125,2015-06-23,SZSE:002091,0.2047,0.0,11.2723,0.0,0.0,9439.1994,0.0,6.0958,45.3152,35.866,60.193,1.5462,46.2088,71.2302,71.445,0.0,0.0,0.0,9117.8842,30.7663,27.8566,26.5441,26.3713,1.4902,1.316,0.0,1.95,40662.0,1.2,0.0,0.0,11.7536,0.0,0.0,0.0,0.0,0.0
6126,2015-06-24,SZSE:002091,0.2047,0.0,11.2723,0.0,0.0,9439.1994,0.0,6.0958,45.3152,35.866,60.193,1.5462,46.2088,71.2302,71.445,0.0,0.0,0.0,9117.8842,30.7663,27.8566,26.5441,26.3713,1.4902,1.316,0.0,1.95,40662.0,1.2,0.0,0.0,11.7536,0.0,0.0,0.0,0.0,0.0
6127,2015-06-25,SZSE:002091,0.2047,0.0,11.2723,0.0,0.0,9439.1994,0.0,6.0958,45.3152,35.866,60.193,1.5462,46.2088,71.2302,71.445,0.0,0.0,0.0,9117.8842,30.7663,27.8566,26.5441,26.3713,1.4902,1.316,0.0,1.95,40662.0,1.2,0.0,0.0,11.7536,0.0,0.0,0.0,0.0,0.0
6128,2015-06-26,SZSE:002091,0.1903,0.0,11.2723,0.0,0.0,9439.1994,0.0,6.0958,45.3152,35.866,60.193,1.5462,46.2088,71.2302,71.445,0.0,0.0,0.0,9117.8842,30.7663,27.8566,26.5441,26.3713,1.4902,1.316,0.0,1.95,40662.0,1.2,0.0,0.0,11.7536,0.0,0.0,0.0,0.0,0.0
6129,2015-06-29,SZSE:002091,0.1903,0.0,11.2723,0.0,0.0,9439.1994,0.0,6.0958,45.3152,35.866,60.193,1.5462,46.2088,71.2302,71.445,0.0,0.0,0.0,9117.8842,30.7663,27.8566,26.5441,26.3713,1.4902,1.316,0.0,1.95,40662.0,1.2,0.0,0.0,11.7536,0.0,0.0,0.0,0.0,0.0
6130,2015-06-30,SZSE:002091,0.1903,0.0,11.2723,0.0,0.0,9439.1994,0.0,6.0958,45.3152,35.866,60.193,1.5462,46.2088,71.2302,71.445,0.0,0.0,0.0,9117.8842,30.7663,27.8566,26.5441,26.3713,1.4902,1.316,0.0,1.95,40662.0,1.2,0.0,0.0,11.7536,0.0,0.0,0.0,0.0,0.0
6131,2015-07-01,SZSE:002091,0.1903,0.0,11.2723,0.0,0.0,9439.1994,0.0,6.0958,45.3152,35.866,60.193,1.5462,46.2088,71.2302,71.445,0.0,0.0,0.0,9117.8842,30.7663,27.8566,26.5441,26.3713,1.4902,1.316,0.0,1.95,40662.0,1.2,0.0,0.0,11.7536,0.0,0.0,0.0,0.0,0.0
6132,2015-07-02,SZSE:002091,0.1903,0.0,11.2723,0.0,0.0,9439.1994,0.0,6.0958,45.3152,35.866,60.193,1.5462,46.2088,71.2302,71.445,0.0,0.0,0.0,9117.8842,30.7663,27.8566,26.5441,26.3713,1.4902,1.316,0.0,1.95,40662.0,1.2,0.0,0.0,11.7536,0.0,0.0,0.0,0.0,0.0
6133,2015-07-03,SZSE:002091,0.2227,0.0,11.2723,0.0,0.0,9439.1994,0.0,6.0958,45.3152,35.866,60.193,1.5462,46.2088,71.2302,71.445,0.0,0.0,0.0,9117.8842,30.7663,27.8566,26.5441,26.3713,1.4902,1.316,0.0,1.95,40662.0,1.2,0.0,0.0,11.7536,0.0,0.0,0.0,0.0,0.0
6134,2015-07-06,SZSE:002091,0.2227,0.0,11.2723,0.0,0.0,9439.1994,0.0,6.0958,45.3152,35.866,60.193,1.5462,46.2088,71.2302,71.445,0.0,0.0,0.0,9117.8842,30.7663,27.8566,26.5441,26.3713,1.4902,1.316,0.0,1.95,40662.0,1.2,0.0,0.0,11.7536,0.0,0.0,0.0,0.0,0.0
6135,2015-07-07,SZSE:002091,0.2227,0.0,11.2723,0.0,0.0,9439.1994,0.0,6.0958,45.3152,35.866,60.193,1.5462,46.2088,71.2302,71.445,0.0,0.0,0.0,9117.8842,30.7663,27.8566,26.5441,26.3713,1.4902,1.316,0.0,1.95,40662.0,1.2,0.0,0.0,11.7536,0.0,0.0,0.0,0.0,0.0
6136,2015-07-08,SZSE:002091,0.2227,0.0,11.2723,0.0,0.0,9439.1994,0.0,6.0958,45.3152,35.866,60.193,1.5462,46.2088,71.2302,71.445,0.0,0.0,0.0,9117.8842,30.7663,27.8566,26.5441,26.3713,1.4902,1.316,0.0,1.95,40662.0,1.2,0.0,0.0,11.7536,0.0,0.0,0.0,0.0,0.0
6137,2015-07-09,SZSE:002091,0.2227,0.0,11.2723,0.0,0.0,9439.1994,0.0,6.0958,45.3152,35.866,60.193,1.5462,46.2088,71.2302,71.445,0.0,0.0,0.0,9117.8842,30.7663,27.8566,26.5441,26.3713,1.4902,1.316,0.0,1.95,40662.0,1.2,0.0,0.0,11.7536,0.0,0.0,0.0,0.0,0.0
6138,2015-07-10,SZSE:002091,0.2296,0.0,11.2723,0.0,0.0,9439.1994,0.0,6.0958,45.3152,35.866,60.193,1.5462,46.2088,71.2302,71.445,0.0,0.0,0.0,9117.8842,30.7663,27.8566,26.5441,26.3713,1.4902,1.316,0.0,1.95,40662.0,1.2,0.0,0.0,11.7536,0.0,0.0,0.0,0.0,0.0
6139,2015-07-13,SZSE:002091,0.2296,0.0,11.2723,0.0,0.0,9439.1994,0.0,6.0958,45.3152,35.866,60.193,1.5462,46.2088,71.2302,71.445,0.0,0.0,0.0,9117.8842,30.7663,27.8566,26.5441,26.3713,1.4902,1.316,0.0,1.95,40662.0,1.2,0.0,0.0,11.7536,0.0,0.0,0.0,0.0,0.0
6140,2015-07-14,SZSE:002091,0.2296,0.0,11.2723,0.0,0.0,9439.1994,0.0,6.0958,45.3152,35.866,60.193,1.5462,46.2088,71.2302,71.445,0.0,0.0,0.0,9117.8842,30.7663,27.8566,26.5441,26.3713,1.4902,1.316,0.0,1.95,40662.0,1.2,0.0,0.0,11.7536,0.0,0.0,0.0,0.0,0.0
6141,2015-07-15,SZSE:002091,0.2296,0.0,11.2723,0.0,0.0,9439.1994,0.0,6.0958,45.3152,35.866,60.193,1.5462,46.2088,71.2302,71.445,0.0,0.0,0.0,9117.8842,30.7663,27.8566,26.5441,26.3713,1.4902,1.316,0.0,1.95,40662.0,1.2,0.0,0.0,11.7536,0.0,0.0,0.0,0.0,0.0
6142,2015-07-16,SZSE:002091,0.2296,0.0,11.2723,0.0,0.0,9439.1994,0.0,6.0958,45.3152,35.866,60.193,1.5462,46.2088,71.2302,71.445,0.0,0.0,0.0,9117.8842,30.7663,27.8566,26.5441,26.3713,1.4902,1.316,0.0,1.95,40662.0,1.2,0.0,0.0,11.7536,0.0,0.0,0.0,0.0,0.0
6143,2015-07-17,SZSE:002091,0.2116,0.0,11.2723,0.0,0.0,9439.1994,0.0,6.0958,45.3152,35.866,60.193,1.5462,46.2088,71.2302,71.445,0.0,0.0,0.0,9117.8842,30.7663,27.8566,26.5441,26.3713,1.4902,1.316,0.0,1.95,40662.0,1.2,0.0,0.0,11.7536,0.0,0.0,0.0,0.0,0.0
6144,2015-07-20,SZSE:002091,0.2116,0.0,11.2723,0.0,0.0,9439.1994,0.0,6.0958,45.3152,35.866,60.193,1.5462,46.2088,71.2302,71.445,0.0,0.0,0.0,9117.8842,30.7663,27.8566,26.5441,26.3713,1.4902,1.316,0.0,1.95,40662.0,1.2,0.0,0.0,11.7536,0.0,0.0,0.0,0.0,0.0
6145,2015-07-21,SZSE:002091,0.2116,0.0,11.2723,0.0,0.0,9439.1994,0.0,6.0958,45.3152,35.866,60.193,1.5462,46.2088,71.2302,71.445,0.0,0.0,0.0,9117.8842,30.7663,27.8566,26.5441,26.3713,1.4902,1.316,0.0,1.95,40662.0,1.2,0.0,0.0,11.7536,0.0,0.0,0.0,0.0,0.0
6146,2015-07-22,SZSE:002091,0.2116,0.0,11.2723,0.0,0.0,9439.1994,0.0,6.0958,45.3152,35.866,60.193,1.5462,46.2088,71.2302,71.445,0.0,0.0,0.0,9117.8842,30.7663,27.8566,26.5441,26.3713,1.4902,1.316,0.0,1.95,40662.0,1.2,0.0,0.0,11.7536,0.0,0.0,0.0,0.0,0.0
6147,2015-07-23,SZSE:002091,0.2116,0.0,11.2723,0.0,0.0,9439.1994,0.0,6.0958,45.3152,35.866,60.193,1.5462,46.2088,71.2302,71.445,0.0,0.0,0.0,9117.8842,30.7663,27.8566,26.5441,26.3713,1.4902,1.316,0.0,1.95,40662.0,1.2,0.0,0.0,11.7536,0.0,0.0,0.0,0.0,0.0
6148,2015-07-24,SZSE:002091,0.2339,0.0,11.2723,0.0,0.0,9439.1994,0.0,6.0958,45.3152,35.866,60.193,1.5462,46.2088,71.2302,71.445,0.0,0.0,0.0,9117.8842,30.7663,27.8566,26.5441,26.3713,1.4902,1.316,0.0,1.95,40662.0,1.2,0.0,0.0,11.7536,0.0,0.0,0.0,0.0,0.0
6149,2015-07-27,SZSE:002091,0.2339,0.0,11.2723,0.0,0.0,9439.1994,0.0,6.0958,45.3152,35.866,60.193,1.5462,46.2088,71.2302,71.445,0.0,0.0,0.0,9117.8842,30.7663,27.8566,26.5441,26.3713,1.4902,1.316,0.0,1.95,40662.0,1.2,0.0,0.0,11.7536,0.0,0.0,0.0,0.0,0.0
6150,2015-07-28,SZSE:002091,0.2339,0.0,11.2723,0.0,0.0,9439.1994,0.0,6.0958,45.3152,35.866,60.193,1.5462,46.2088,71.2302,71.445,0.0,0.0,0.0,9117.8842,30.7663,27.8566,26.5441,26.3713,1.4902,1.316,0.0,1.95,40662.0,1.2,0.0,0.0,11.7536,0.0,0.0,0.0,0.0,0.0
6151,2015-07-29,SZSE:002091,0.2339,0.0,11.2723,0.0,0.0,9439.1994,0.0,6.0958,45.3152,35.866,60.193,1.5462,46.2088,71.2302,71.445,0.0,0.0,0.0,9117.8842,30.7663,27.8566,26.5441,26.3713,1.4902,1.316,0.0,1.95,40662.0,1.2,0.0,0.0,11.7536,0.0,0.0,0.0,0.0,0.0
6152,2015-07-30,SZSE:002091,0.2339,0.0,11.2723,0.0,0.0,9439.1994,0.0,6.0958,45.3152,35.866,60.193,1.5462,46.2088,71.2302,71.445,0.0,0.0,0.0,9117.8842,30.7663,27.8566,26.5441,26.3713,1.4902,1.316,0.0,1.95,40662.0,1.2,0.0,0.0,11.7536,0.0,0.0,0.0,0.0,0.0
6153,2015-07-31,SZSE:002091,0.2445,0.0,11.2723,0.0,0.0,9439.1994,0.0,6.0958,45.3152,35.866,60.193,1.5462,46.2088,71.2302,71.445,0.0,0.0,0.0,9117.8842,30.7663,27.8566,26.5441,26.3713,1.4902,1.316,0.0,1.95,40662.0,1.2,0.0,0.0,11.7536,0.0,0.0,0.0,0.0,0.0
6154,2015-08-03,SZSE:002091,0.2445,0.0,11.2723,0.0,0.0,9439.1994,0.0,6.0958,45.3152,35.866,60.193,1.5462,46.2088,71.2302,71.445,0.0,0.0,0.0,9117.8842,30.7663,27.8566,26.5441,26.3713,1.4902,1.316,0.0,1.95,40662.0,1.2,0.0,0.0,11.7536,0.0,0.0,0.0,0.0,0.0
6155,2015-08-04,SZSE:002091,0.2445,0.0,11.2723,0.0,0.0,9439.1994,0.0,5.8474,41.7146,35.866,54.4842,1.5418,46.2088,71.2302,71.445,0.0,0.0,0.0,9474.7732,30.044,27.3686,27.563,27.3245,1.5309,1.3677,0.0,1.95,40662.0,1.2,0.0,0.0,13.9331,0.0,0.0,0.0,0.0,0.0
6156,2015-08-05,SZSE:002091,0.2445,0.0,11.2723,0.0,0.0,9439.1994,0.0,5.8474,41.7146,35.866,54.4842,1.5418,46.2088,71.2302,71.445,0.0,0.0,0.0,9474.7732,30.044,27.3686,27.563,27.3245,1.5309,1.3677,0.0,1.95,40662.0,1.2,0.0,0.0,13.9331,0.0,0.0,0.0,0.0,0.0
6157,2015-08-06,SZSE:002091,0.2445,0.0,11.2723,0.0,0.0,9439.1994,0.0,5.8474,41.7146,35.866,54.4842,1.5418,46.2088,71.2302,71.445,0.0,0.0,0.0,9474.7732,30.044,27.3686,27.563,27.3245,1.5309,1.3677,0.0,1.95,40662.0,1.2,0.0,0.0,13.9331,0.0,0.0,0.0,0.0,0.0
6158,2015-08-07,SZSE:002091,0.245,0.0,11.2723,0.0,0.0,9439.1994,0.0,5.8474,41.7146,35.866,54.4842,1.5418,46.2088,71.2302,71.445,0.0,0.0,0.0,9474.7732,30.044,27.3686,27.563,27.3245,1.5309,1.3677,0.0,1.95,40662.0,1.2,0.0,0.0,13.9331,0.0,0.0,0.0,0.0,0.0
6159,2015-08-10,SZSE:002091,0.245,0.0,11.2723,0.0,0.0,9439.1994,0.0,5.8474,41.7146,35.866,54.4842,1.5418,46.2088,71.2302,71.445,0.0,0.0,0.0,9474.7732,30.044,27.3686,27.563,27.3245,1.5309,1.3677,0.0,1.95,40662.0,1.2,0.0,0.0,13.9331,0.0,0.0,0.0,0.0,0.0
6160,2015-08-11,SZSE:002091,0.245,0.0,11.2723,0.0,0.0,9439.1994,0.0,5.8474,41.7146,35.866,54.4842,1.5418,46.2088,71.2302,71.445,0.0,0.0,0.0,9474.7732,30.044,27.3686,27.563,27.3245,1.5309,1.3677,0.0,1.95,40662.0,1.2,0.0,0.0,11.7536,0.0,0.0,0.0,0.0,0.0
6161,2015-08-12,SZSE:002091,0.245,0.0,11.2723,0.0,0.0,9439.1994,0.0,5.8474,41.7146,35.866,54.4842,1.5418,46.2088,71.2302,71.445,0.0,0.0,0.0,9474.7732,30.044,27.3686,27.563,27.3245,1.5309,1.3677,0.0,1.95,40662.0,1.2,0.0,0.0,11.7536,0.0,0.0,0.0,0.0,0.0
6162,2015-08-13,SZSE:002091,0.245,0.0,11.2723,0.0,0.0,9439.1994,0.0,5.8474,41.7146,35.866,54.4842,1.5418,46.2088,71.2302,71.445,0.0,0.0,0.0,9474.7732,30.044,27.3686,27.563,27.3245,1.5309,1.3677,0.0,1.95,40662.0,1.2,0.0,0.0,11.7536,0.0,0.0,0.0,0.0,0.0
6163,2015-08-14,SZSE:002091,0.2442,0.0,11.2723,0.0,0.0,9439.1994,0.0,5.8474,41.7146,35.866,54.4842,1.5418,46.2088,71.2302,71.445,0.0,0.0,0.0,9474.7732,30.044,27.3686,27.563,27.3245,1.5309,1.3677,0.0,1.95,40662.0,1.2,0.0,0.0,11.7536,0.0,0.0,0.0,0.0,0.0
6164,2015-08-17,SZSE:002091,0.2442,0.0,11.2723,0.0,0.0,9439.1994,0.0,5.8474,41.7146,35.866,54.4842,1.5418,46.2088,71.2302,71.445,0.0,0.0,0.0,9474.7732,30.044,27.3686,27.563,27.3245,1.5309,1.3677,0.0,1.95,40662.0,1.2,0.0,0.0,11.7536,0.0,0.0,0.0,0.0,0.0
6165,2015-08-18,SZSE:002091,0.2442,0.0,11.2723,0.0,0.0,9439.1994,0.0,5.8474,41.7146,35.866,54.4842,1.5418,46.2088,71.2302,71.445,0.0,0.0,0.0,9474.7732,30.044,27.3686,27.563,27.3245,1.5309,1.3677,0.0,1.95,40662.0,1.2,0.0,0.0,11.7536,0.0,0.0,0.0,0.0,0.0
6166,2015-08-19,SZSE:002091,0.2442,0.0,11.2723,0.0,0.0,9439.1994,0.0,5.8474,41.7146,35.866,54.4842,1.5418,46.2088,71.2302,71.445,0.0,0.0,0.0,9474.7732,30.044,27.3686,27.563,27.3245,1.5309,1.3677,0.0,1.95,40662.0,1.2,0.0,0.0,11.7536,0.0,0.0,0.0,0.0,0.0
6167,2015-08-20,SZSE:002091,0.2442,0.0,11.2723,0.0,0.0,9439.1994,0.0,5.8474,41.7146,35.866,54.4842,1.5418,46.2088,71.2302,71.445,0.0,0.0,0.0,9474.7732,30.044,27.3686,27.563,27.3245,1.5309,1.3677,0.0,1.95,40662.0,1.2,0.0,0.0,11.7536,0.0,0.0,0.0,0.0,0.0
6168,2015-08-21,SZSE:002091,0.235,0.0,11.2723,0.0,0.0,9439.1994,0.0,5.8474,41.7146,35.866,54.4842,1.5418,46.2088,71.2302,71.445,0.0,0.0,0.0,9474.7732,30.044,27.3686,27.563,27.3245,1.5309,1.3677,0.0,1.95,40662.0,1.2,0.0,0.0,11.7536,0.0,0.0,0.0,0.0,0.0
6169,2015-08-24,SZSE:002091,0.235,0.0,11.2723,0.0,0.0,9439.1994,0.0,5.8474,41.7146,35.866,54.4842,1.5418,46.2088,71.2302,71.445,0.0,0.0,0.0,9474.7732,30.044,27.3686,27.563,27.3245,1.5309,1.3677,0.0,1.95,40662.0,1.2,0.0,0.0,11.7536,0.0,0.0,0.0,0.0,0.0
6170,2015-08-25,SZSE:002091,0.235,0.0,11.2723,0.0,0.0,9439.1994,0.0,5.8474,41.7146,35.866,54.4842,1.5418,46.2088,71.2302,71.445,0.0,0.0,0.0,9474.7732,30.044,27.3686,27.563,27.3245,1.5309,1.3677,0.0,1.95,40662.0,1.2,0.0,0.0,11.7536,0.0,0.0,0.0,0.0,0.0
6171,2015-08-26,SZSE:002091,0.235,0.0,11.2723,0.0,0.0,9439.1994,0.0,5.8474,41.7146,35.866,54.4842,1.5418,46.2088,71.2302,71.445,0.0,0.0,0.0,9474.7732,30.044,27.3686,27.563,27.3245,1.5309,1.3677,0.0,1.95,40662.0,1.2,0.0,0.0,11.7536,0.0,0.0,0.0,0.0,0.0
6172,2015-08-27,SZSE:002091,0.235,0.0,11.2723,0.0,0.0,9439.1994,0.0,5.8474,41.7146,35.866,54.4842,1.5418,46.2088,71.2302,71.445,0.0,0.0,0.0,9474.7732,30.044,27.3686,27.563,27.3245,1.5309,1.3677,0.0,1.95,40662.0,1.2,0.0,0.0,11.7536,0.0,0.0,0.0,0.0,0.0
6173,2015-08-28,SZSE:002091,0.2551,0.0,11.2723,0.0,0.0,9439.1994,0.0,5.8474,41.7146,35.866,54.4842,1.5418,46.2088,71.2302,71.445,0.0,0.0,0.0,9474.7732,30.044,27.3686,27.563,27.3245,1.5309,1.3677,0.0,1.95,40662.0,1.2,0.0,0.0,11.7536,0.0,0.0,0.0,0.0,0.0
6174,2015-08-31,SZSE:002091,0.2551,0.0,11.2723,0.0,0.0,9439.1994,0.0,5.8474,41.7146,35.866,54.4842,1.5418,46.2088,71.2302,71.445,0.0,0.0,0.0,9474.7732,30.044,27.3686,27.563,27.3245,1.5309,1.3677,0.0,1.95,40662.0,1.2,0.0,0.0,11.7536,0.0,0.0,0.0,0.0,0.0
6175,2015-09-01,SZSE:002091,0.2551,0.0,11.2723,0.0,0.0,9439.1994,0.0,5.8474,41.7146,35.866,54.4842,1.5418,46.2088,71.2302,71.445,0.0,0.0,0.0,9474.7732,30.044,27.3686,27.563,27.3245,1.5309,1.3677,0.0,1.95,40662.0,1.2,0.0,0.0,11.7536,0.0,0.0,0.0,0.0,0.0
6176,2015-09-02,SZSE:002091,0.2551,0.0,11.2723,0.0,0.0,9439.1994,0.0,5.8474,41.7146,35.866,54.4842,1.5418,46.2088,71.2302,71.445,0.0,0.0,0.0,9474.7732,30.044,27.3686,27.563,27.3245,1.5309,1.3677,0.0,1.95,40662.0,1.2,0.0,0.0,11.7536,0.0,0.0,0.0,0.0,0.0
6177,2015-09-03,SZSE:002091,0.2551,0.0,11.2723,0.0,0.0,9439.1994,0.0,5.8474,41.7146,35.866,54.4842,1.5418,46.2088,71.2302,71.445,0.0,0.0,0.0,9474.7732,30.044,27.3686,27.563,27.3245,1.5309,1.3677,0.0,1.95,40662.0,1.2,0.0,0.0,11.7536,0.0,0.0,0.0,0.0,0.0
6178,2015-09-04,SZSE:002091,0.2433,0.0,11.2723,0.0,0.0,9439.1994,0.0,5.8474,41.7146,35.866,54.4842,1.5418,46.2088,71.2302,71.445,0.0,0.0,0.0,9474.7732,30.044,27.3686,27.563,27.3245,1.5309,1.3677,0.0,1.95,40662.0,1.2,0.0,0.0,11.7536,0.0,0.0,0.0,0.0,0.0
6179,2015-09-07,SZSE:002091,0.2433,0.0,11.2723,0.0,0.0,9439.1994,0.0,5.8474,41.7146,35.866,54.4842,1.5418,46.2088,71.2302,71.445,0.0,0.0,0.0,9474.7732,30.044,27.3686,27.563,27.3245,1.5309,1.3677,0.0,1.95,40662.0,1.2,0.0,0.0,11.7536,0.0,0.0,0.0,0.0,0.0
6180,2015-09-08,SZSE:002091,0.2433,0.0,11.2723,0.0,0.0,9439.1994,0.0,5.8474,41.7146,35.866,54.4842,1.5418,46.2088,71.2302,71.445,0.0,0.0,0.0,9474.7732,30.044,27.3686,27.563,27.3245,1.5309,1.3677,0.0,1.95,40662.0,1.2,0.0,0.0,11.7536,0.0,0.0,0.0,0.0,0.0
6181,2015-09-09,SZSE:002091,0.2433,0.0,11.2723,0.0,0.0,9439.1994,0.0,5.8474,41.7146,35.866,54.4842,1.5418,46.2088,71.2302,71.445,0.0,0.0,0.0,9474.7732,30.044,27.3686,27.563,27.3245,1.5309,1.3677,0.0,1.95,40662.0,1.2,0.0,0.0,11.7536,0.0,0.0,0.0,0.0,0.0
6182,2015-09-10,SZSE:002091,0.2433,0.0,11.2723,0.0,0.0,9439.1994,0.0,5.8474,41.7146,35.866,54.4842,1.5418,46.2088,71.2302,71.445,0.0,0.0,0.0,9474.7732,30.044,27.3686,27.563,27.3245,1.5309,1.3677,0.0,1.95,40662.0,1.2,0.0,0.0,11.7536,0.0,0.0,0.0,0.0,0.0
6183,2015-09-11,SZSE:002091,0.2461,0.0,11.2723,0.0,0.0,9439.1994,0.0,5.8474,41.7146,35.866,54.4842,1.5418,46.2088,71.2302,71.445,0.0,0.0,0.0,9474.7732,30.044,27.3686,27.563,27.3245,1.5309,1.3677,0.0,1.95,40662.0,1.2,0.0,0.0,11.7536,0.0,0.0,0.0,0.0,0.0
6184,2015-09-14,SZSE:002091,0.2461,0.0,11.2723,0.0,0.0,9439.1994,0.0,5.8474,41.7146,34.4508,54.4842,1.5418,46.2088,71.2302,71.445,0.0,0.0,0.0,9474.7732,30.044,27.3686,26.7272,26.5772,1.5309,1.3282,0.0,1.95,40662.0,1.2,0.0,0.0,11.7536,0.0,0.0,0.0,0.0,0.0
6185,2015-09-15,SZSE:002091,0.2461,0.0,11.2723,0.0,0.0,9439.1994,0.0,5.8474,41.7146,34.4508,54.4842,1.5418,46.2088,71.2302,71.445,0.0,0.0,0.0,9474.7732,30.044,27.3686,26.7272,26.5772,1.5309,1.3282,0.0,1.95,40662.0,1.2,0.0,0.0,11.7536,0.0,0.0,0.0,0.0,0.0
6186,2015-09-16,SZSE:002091,0.2461,0.0,11.2723,0.0,0.0,9439.1994,0.0,5.8474,41.7146,34.4508,54.4842,1.5418,46.2088,71.2302,71.445,0.0,0.0,0.0,9474.7732,30.044,27.3686,26.7272,26.5772,1.5309,1.3282,0.0,1.95,40662.0,1.2,0.0,0.0,11.7536,0.0,0.0,0.0,0.0,0.0
6187,2015-09-17,SZSE:002091,0.2461,0.0,11.2723,0.0,0.0,9439.1994,0.0,5.8474,41.7146,34.4508,54.4842,1.5418,46.2088,71.2302,71.445,0.0,0.0,0.0,9474.7732,30.044,27.3686,26.7272,26.5772,1.5309,1.3282,0.0,1.95,40662.0,1.2,0.0,0.0,11.7536,0.0,0.0,0.0,0.0,0.0
6188,2015-09-18,SZSE:002091,0.2118,0.0,11.2723,0.0,0.0,9439.1994,0.0,5.8474,41.7146,34.4508,54.4842,1.5418,46.2088,71.2302,71.445,0.0,0.0,0.0,9474.7732,30.044,27.3686,26.7272,26.5772,1.5309,1.3282,0.0,1.95,40662.0,1.2,0.0,0.0,11.7536,0.0,0.0,0.0,0.0,0.0
6189,2015-09-21,SZSE:002091,0.2118,0.0,11.2723,0.0,0.0,9439.1994,0.0,5.8474,41.7146,34.4508,54.4842,1.5418,46.2088,71.2302,71.445,0.0,0.0,0.0,9474.7732,30.044,27.3686,26.7272,26.5772,1.5309,1.3282,0.0,1.95,40662.0,1.2,0.0,0.0,11.7536,0.0,0.0,0.0,0.0,0.0
6190,2015-09-22,SZSE:002091,0.2118,0.0,11.2723,0.0,0.0,9439.1994,0.0,5.8474,41.7146,34.4508,54.4842,1.5418,46.2088,71.2302,71.445,0.0,0.0,0.0,9474.7732,30.044,27.3686,26.7272,26.5772,1.5309,1.3282,0.0,1.95,40662.0,1.2,0.0,0.0,11.7536,0.0,0.0,0.0,0.0,0.0
6191,2015-09-23,SZSE:002091,0.2118,0.0,11.2723,0.0,0.0,9439.1994,0.0,5.8474,41.7146,34.4508,54.4842,1.5418,46.2088,71.2302,71.445,0.0,0.0,0.0,9474.7732,30.044,27.3686,26.7272,26.5772,1.5309,1.3282,0.0,1.95,40662.0,1.2,0.0,0.0,11.7536,0.0,0.0,0.0,0.0,0.0
6192,2015-09-24,SZSE:002091,0.2118,0.0,11.2723,0.0,0.0,9439.1994,0.0,5.8474,41.7146,34.4508,54.4842,1.5418,46.2088,71.2302,71.445,0.0,0.0,0.0,9474.7732,30.044,27.3686,26.7272,26.5772,1.5309,1.3282,0.0,1.95,40662.0,1.2,0.0,0.0,11.7536,0.0,0.0,0.0,0.0,0.0
6193,2015-09-25,SZSE:002091,0.1791,0.0,11.2723,0.0,0.0,9439.1994,0.0,5.8474,41.7146,34.7266,54.4842,1.5418,46.2088,71.2302,71.445,0.0,0.0,0.0,9474.7732,30.044,27.3686,26.7272,26.5772,1.5309,1.4279,0.0,1.95,40662.0,1.2,0.0,0.0,11.7536,0.0,0.0,0.0,0.0,0.0
6194,2015-09-28,SZSE:002091,0.1791,0.0,11.2723,0.0,0.0,9439.1994,0.0,5.8474,41.7146,34.7266,54.4842,1.5418,46.2088,71.2302,71.445,0.0,0.0,0.0,9474.7732,30.044,27.3686,26.7272,26.5772,1.5309,1.4279,0.0,1.95,40662.0,1.2,0.0,0.0,11.7536,0.0,0.0,0.0,0.0,0.0
6195,2015-09-29,SZSE:002091,0.1791,0.0,11.2723,0.0,0.0,9439.1994,0.0,5.8474,41.7146,34.7266,54.4842,1.5418,46.2088,71.2302,71.445,0.0,0.0,0.0,9474.7732,30.044,27.3686,26.7272,26.5772,1.5309,1.4279,0.0,1.95,40662.0,1.2,0.0,0.0,11.7536,0.0,0.0,0.0,0.0,0.0
6196,2015-09-30,SZSE:002091,0.1791,0.0,11.2723,0.0,0.0,9439.1994,0.0,5.8474,41.7146,34.7266,54.4842,1.5418,46.2088,71.2302,71.445,0.0,0.0,0.0,9474.7732,30.044,27.3686,26.7272,26.5772,1.5309,1.4279,0.0,1.95,40662.0,1.2,0.0,0.0,11.7536,0.0,0.0,0.0,0.0,0.0
6197,2015-10-01,SZSE:002091,0.1791,0.0,11.2723,0.0,0.0,9439.1994,0.0,5.8474,41.7146,34.7266,54.4842,1.5418,46.2088,71.2302,71.445,0.0,0.0,0.0,9474.7732,30.044,27.3686,26.7272,26.5772,1.5309,1.4279,0.0,1.95,40662.0,1.2,0.0,0.0,11.7536,0.0,0.0,0.0,0.0,0.0
6198,2015-10-02,SZSE:002091,0.1834,0.0,11.2723,0.0,0.0,9439.1994,0.0,5.8474,41.7146,34.7266,54.4842,1.5418,46.2088,71.2302,71.445,0.0,0.0,0.0,9474.7732,30.044,27.3686,26.7272,26.5772,1.5309,1.4279,0.0,1.95,40662.0,1.2,0.0,0.0,11.7536,0.0,0.0,0.0,0.0,0.0
6199,2015-10-05,SZSE:002091,0.1834,0.0,11.2723,0.0,0.0,9439.1994,0.0,5.8474,41.7146,34.7266,54.4842,1.5418,46.2088,71.2302,71.445,0.0,0.0,0.0,9474.7732,30.044,27.3686,26.7272,26.5772,1.5309,1.4279,0.0,1.95,40662.0,1.2,0.0,0.0,11.7536,0.0,0.0,0.0,0.0,0.0
6200,2015-10-06,SZSE:002091,0.1834,0.0,11.2723,0.0,0.0,9439.1994,0.0,5.8474,41.7146,34.7266,54.4842,1.5418,46.2088,71.2302,71.445,0.0,0.0,0.0,9474.7732,30.044,27.3686,26.7272,26.5772,1.5309,1.4279,0.0,1.95,40662.0,1.2,0.0,0.0,11.7536,0.0,0.0,0.0,0.0,0.0
6201,2015-10-07,SZSE:002091,0.1834,0.0,11.2723,0.0,0.0,9439.1994,0.0,5.8474,41.7146,34.7266,54.4842,1.5418,46.2088,71.2302,71.445,0.0,0.0,0.0,9474.7732,30.044,27.3686,26.7272,26.5772,1.5309,1.4279,0.0,1.95,40662.0,1.2,0.0,0.0,11.7536,0.0,0.0,0.0,0.0,0.0
6202,2015-10-08,SZSE:002091,0.1834,0.0,11.2723,0.0,0.0,9439.1994,0.0,5.8474,41.7146,34.7266,54.4842,1.5418,46.2088,71.2302,71.445,0.0,0.0,0.0,9474.7732,30.044,27.3686,26.7272,26.5772,1.5309,1.4279,0.0,1.95,40662.0,1.2,0.0,0.0,11.7536,0.0,0.0,0.0,0.0,0.0
6203,2015-10-09,SZSE:002091,0.1356,0.0,11.2723,0.0,0.0,9439.1994,0.0,5.8474,41.7146,34.7266,54.4842,1.5418,46.2088,71.2302,71.445,0.0,0.0,0.0,9474.7732,30.044,27.3686,26.7272,26.5772,1.5309,1.4279,0.0,1.95,40662.0,1.2,0.0,0.0,11.7536,0.0,0.0,0.0,0.0,0.0
6204,2015-10-12,SZSE:002091,0.1356,0.0,11.2723,0.0,0.0,9439.1994,0.0,5.8474,41.7146,34.7266,54.4842,1.5418,46.2088,71.2302,71.445,0.0,0.0,0.0,9474.7732,30.044,27.3686,26.7272,26.5772,1.5309,1.4279,0.0,1.95,40662.0,1.2,0.0,0.0,11.7536,0.0,0.0,0.0,0.0,0.0
6205,2015-10-13,SZSE:002091,0.1356,0.0,11.2723,0.0,0.0,9439.1994,0.0,5.8474,41.7146,34.7266,54.4842,1.5418,46.2088,71.2302,71.445,0.0,0.0,0.0,9474.7732,30.044,27.3686,26.7272,26.5772,1.5309,1.4279,0.0,1.95,40662.0,1.2,0.0,0.0,11.7536,0.0,0.0,0.0,0.0,0.0
6206,2015-10-14,SZSE:002091,0.1356,0.0,11.2723,0.0,0.0,9439.1994,0.0,5.8474,41.7146,34.7266,54.4842,1.5418,46.2088,71.2302,71.445,0.0,0.0,0.0,9474.7732,30.044,27.3686,26.7272,26.5772,1.5309,1.4279,0.0,1.95,40662.0,1.2,0.0,0.0,11.7536,0.0,0.0,0.0,0.0,0.0
6207,2015-10-15,SZSE:002091,0.1356,0.0,11.2723,0.0,0.0,9439.1994,0.0,5.8474,41.7146,34.7266,54.4842,1.5418,46.2088,71.2302,71.445,0.0,0.0,0.0,9474.7732,30.044,27.3686,26.7272,26.5772,1.5309,1.4279,0.0,1.95,40662.0,1.2,0.0,0.0,11.7536,0.0,0.0,0.0,0.0,0.0
6208,2015-10-16,SZSE:002091,0.1258,0.0,11.2723,0.0,0.0,9439.1994,0.0,5.8474,41.7146,34.7266,54.4842,1.5418,46.2088,71.2302,71.445,0.0,0.0,0.0,9474.7732,30.044,27.3686,26.7272,26.5772,1.5309,1.4279,0.0,1.95,40662.0,1.2,0.0,0.0,11.7536,0.0,0.0,0.0,0.0,0.0
6209,2015-10-19,SZSE:002091,0.1258,0.0,11.2723,0.0,0.0,9439.1994,0.0,5.8474,41.7146,34.7266,54.4842,1.5418,46.2088,71.2302,71.445,0.0,0.0,0.0,9474.7732,30.044,27.3686,26.7272,26.5772,1.5309,1.4279,0.0,1.95,40662.0,1.2,0.0,0.0,11.7536,0.0,0.0,0.0,0.0,0.0
6210,2015-10-20,SZSE:002091,0.1258,0.0,11.2723,0.0,0.0,9439.1994,0.0,5.8474,41.7146,34.7266,54.4842,1.5418,46.2088,71.2302,71.445,0.0,0.0,0.0,9474.7732,30.044,27.3686,26.7272,26.5772,1.5309,1.4279,0.0,1.95,40662.0,1.2,0.0,0.0,11.7536,0.0,0.0,0.0,0.0,0.0
6211,2015-10-21,SZSE:002091,0.1258,0.0,11.2723,0.0,0.0,9439.1994,0.0,5.8474,41.7146,34.7266,54.4842,1.5418,46.2088,71.2302,71.445,0.0,0.0,0.0,9474.7732,30.044,27.3686,26.7272,26.5772,1.5309,1.4279,0.0,1.95,40662.0,1.2,0.0,0.0,11.7536,0.0,0.0,0.0,0.0,0.0
6212,2015-10-22,SZSE:002091,0.1258,0.0,11.2723,0.0,0.0,9439.1994,0.0,5.8474,41.7146,34.7266,54.4842,1.5418,46.2088,71.2302,71.445,0.0,0.0,0.0,9474.7732,30.044,27.3686,26.7272,26.5772,1.5309,1.4279,0.0,1.95,40662.0,1.2,0.0,0.0,11.7536,0.0,0.0,0.0,0.0,0.0
6213,2015-10-23,SZSE:002091,0.1008,0.0,11.2723,0.0,0.0,9439.1994,0.0,5.8474,41.7146,34.7266,54.4842,1.5418,46.2088,71.2302,71.445,0.0,0.0,0.0,9474.7732,30.044,27.3686,26.7272,26.5772,1.5309,1.4279,0.0,1.95,40662.0,1.2,0.0,0.0,11.7536,0.0,0.0,0.0,0.0,0.0
6214,2015-10-26,SZSE:002091,0.1008,0.0,11.2723,0.0,0.0,9439.1994,0.0,5.8474,41.7146,34.7266,54.4842,1.5418,46.2088,71.2302,71.445,0.0,0.0,0.0,9474.7732,30.044,27.3686,26.7272,26.5772,1.5309,1.4279,0.0,1.95,40662.0,1.2,0.0,0.0,11.7536,0.0,0.0,0.0,0.0,0.0
6215,2015-10-27,SZSE:002091,0.1008,0.0,11.2723,0.0,0.0,9439.1994,0.0,5.8474,41.7146,34.7266,54.4842,1.5418,46.2088,71.2302,71.445,0.0,0.0,0.0,9474.7732,30.044,27.3686,26.7272,26.5772,1.5309,1.4279,0.0,1.95,40662.0,1.2,0.0,0.0,11.7536,0.0,0.0,0.0,0.0,0.0
6216,2015-10-28,SZSE:002091,0.1008,0.0,11.2723,0.0,0.0,9439.1994,0.0,5.532,43.0204,34.7266,54.0786,1.4463,46.2088,71.2302,71.445,0.0,0.0,0.0,9731.2041,30.5256,27.7382,27.4505,27.2965,1.4983,1.4665,0.0,1.95,40662.0,1.2,0.0,0.0,11.7536,0.0,0.0,0.0,0.0,0.0
6217,2015-10-29,SZSE:002091,0.1008,0.0,11.2723,0.0,0.0,9439.1994,0.0,5.532,43.0204,34.7266,54.0786,1.4463,46.2088,71.2302,71.445,0.0,0.0,0.0,9731.2041,30.5256,27.7382,27.4505,27.2965,1.4983,1.4665,0.0,1.95,40662.0,1.2,0.0,0.0,11.7536,0.0,0.0,0.0,0.0,0.0
6218,2015-10-30,SZSE:002091,0.0853,0.0,11.2723,0.0,0.0,9439.1994,0.0,5.532,43.0204,34.7266,54.0786,1.4463,46.2088,71.2302,71.445,0.0,0.0,0.0,9731.2041,30.5256,27.7382,27.4505,27.2965,1.4983,1.4665,0.0,1.95,40662.0,1.2,0.0,0.0,11.7536,0.0,0.0,0.0,0.0,0.0
6219,2015-11-02,SZSE:002091,0.0853,0.0,11.2723,0.0,0.0,9439.1994,0.0,5.532,43.0204,34.7266,54.0786,1.4463,46.2088,71.2302,71.445,0.0,0.0,0.0,9731.2041,30.5256,27.7382,27.4505,27.2965,1.4983,1.4665,0.0,1.95,40662.0,1.2,0.0,0.0,11.7536,0.0,0.0,0.0,0.0,0.0
6220,2015-11-03,SZSE:002091,0.0853,0.0,11.2723,0.0,0.0,9439.1994,0.0,5.532,43.0204,34.7266,54.0786,1.4463,46.2088,71.2302,71.445,0.0,0.0,0.0,9731.2041,30.5256,27.7382,27.4505,27.2965,1.4983,1.4665,0.0,1.95,40662.0,1.2,0.0,0.0,11.7536,0.0,0.0,0.0,0.0,0.0
6221,2015-11-04,SZSE:002091,0.0853,0.0,11.2723,0.0,0.0,9439.1994,0.0,5.532,43.0204,34.7266,54.0786,1.4463,46.2088,71.2302,71.445,0.0,0.0,0.0,9731.2041,30.5256,27.7382,27.4505,27.2965,1.4983,1.4665,0.0,1.95,40662.0,1.2,0.0,0.0,11.7536,0.0,0.0,0.0,0.0,0.0
6222,2015-11-05,SZSE:002091,0.0853,0.0,11.2723,0.0,0.0,9439.1994,0.0,5.532,43.0204,34.7266,54.0786,1.4463,46.2088,71.2302,71.445,0.0,0.0,0.0,9731.2041,30.5256,27.7382,27.4505,27.2965,1.4983,1.4665,0.0,1.95,40662.0,1.2,0.0,0.0,11.7536,0.0,0.0,0.0,0.0,0.0
6223,2015-11-06,SZSE:002091,0.0668,0.0,11.2723,0.0,0.0,9439.1994,0.0,5.532,43.0204,34.7266,54.0786,1.4463,46.2088,71.2302,71.445,0.0,0.0,0.0,9731.2041,30.5256,27.7382,27.4505,27.2965,1.4983,1.4665,0.0,1.95,40662.0,1.2,0.0,0.0,11.7536,0.0,0.0,0.0,0.0,0.0
6224,2015-11-09,SZSE:002091,0.0668,0.0,11.2723,0.0,0.0,9439.1994,0.0,5.532,43.0204,34.7266,54.0786,1.4463,46.2088,71.2302,71.445,0.0,0.0,0.0,9731.2041,30.5256,27.7382,27.4505,27.2965,1.4983,1.4665,0.0,1.95,40662.0,1.2,0.0,0.0,11.7536,0.0,0.0,0.0,0.0,0.0
6225,2015-11-10,SZSE:002091,0.0668,0.0,11.2723,0.0,0.0,9439.1994,0.0,5.532,43.0204,34.7266,54.0786,1.4463,46.2088,71.2302,71.445,0.0,0.0,0.0,9731.2041,30.5256,27.7382,27.4505,27.2965,1.4983,1.4665,0.0,1.95,40662.0,1.2,0.0,0.0,11.7536,0.0,0.0,0.0,0.0,0.0
6226,2015-11-11,SZSE:002091,0.0668,0.0,11.2723,0.0,0.0,9439.1994,0.0,5.532,43.0204,34.7266,54.0786,1.4463,46.2088,71.2302,71.445,0.0,0.0,0.0,9731.2041,30.5256,27.7382,27.4505,27.2965,1.4983,1.4665,0.0,1.95,40662.0,1.2,0.0,0.0,11.7536,0.0,0.0,0.0,0.0,0.0
6227,2015-11-12,SZSE:002091,0.0668,0.0,11.2723,0.0,0.0,9439.1994,0.0,5.532,43.0204,34.7266,54.0786,1.4463,46.2088,71.2302,71.445,0.0,0.0,0.0,9731.2041,30.5256,27.7382,27.4505,27.2965,1.4983,1.4665,0.0,1.95,40662.0,1.2,0.0,0.0,11.7536,0.0,0.0,0.0,0.0,0.0
6228,2015-11-13,SZSE:002091,0.0922,0.0,11.2723,0.0,0.0,9439.1994,0.0,5.532,43.0204,34.7266,54.0786,1.4463,46.2088,71.2302,71.445,0.0,0.0,0.0,9731.2041,30.5256,27.7382,27.4505,27.2965,1.4983,1.4665,0.0,1.95,40662.0,1.2,0.0,0.0,11.7536,0.0,0.0,0.0,0.0,0.0
6229,2015-11-16,SZSE:002091,0.0922,0.0,11.2723,0.0,0.0,9439.1994,0.0,5.532,43.0204,34.7266,54.0786,1.4463,46.2088,71.2302,71.445,0.0,0.0,0.0,9731.2041,30.5256,27.7382,27.4505,27.2965,1.4983,1.4665,0.0,1.95,40662.0,1.2,0.0,0.0,11.7536,0.0,0.0,0.0,0.0,0.0
6230,2015-11-17,SZSE:002091,0.0922,0.0,11.2723,0.0,0.0,9439.1994,0.0,5.532,43.0204,34.7266,54.0786,1.4463,46.2088,71.2302,71.445,0.0,0.0,0.0,9731.2041,30.5256,27.7382,27.4505,27.2965,1.4983,1.4665,0.0,1.95,40662.0,1.2,0.0,0.0,11.7536,0.0,0.0,0.0,0.0,0.0
6231,2015-11-18,SZSE:002091,0.0922,0.0,11.2723,0.0,0.0,9439.1994,0.0,5.532,43.0204,34.7266,54.0786,1.4463,46.2088,71.2302,71.445,0.0,0.0,0.0,9731.2041,30.5256,27.7382,27.4505,27.2965,1.4983,1.4665,0.0,1.95,40662.0,1.2,0.0,0.0,11.7536,0.0,0.0,0.0,0.0,0.0
6232,2015-11-19,SZSE:002091,0.0922,0.0,11.2723,0.0,0.0,9439.1994,0.0,5.532,43.0204,34.7266,54.0786,1.4463,46.2088,71.2302,71.445,0.0,0.0,0.0,9731.2041,30.5256,27.7382,27.4505,27.2965,1.4983,1.4665,0.0,1.95,40662.0,1.2,0.0,0.0,11.7536,0.0,0.0,0.0,0.0,0.0
6233,2015-11-20,SZSE:002091,0.0798,0.0,11.2723,0.0,0.0,9439.1994,0.0,5.532,43.0204,34.7266,54.0786,1.4463,46.2088,71.2302,71.445,0.0,0.0,0.0,9731.2041,30.5256,27.7382,27.4505,27.2965,1.4983,1.4665,0.0,1.95,40662.0,1.2,0.0,0.0,11.7536,0.0,0.0,0.0,0.0,0.0
6234,2015-11-23,SZSE:002091,0.0798,0.0,11.2723,0.0,0.0,9439.1994,0.0,5.532,43.0204,34.7266,54.0786,1.4463,46.2088,71.2302,71.445,0.0,0.0,0.0,9731.2041,30.5256,27.7382,27.4505,27.2965,1.4983,1.4665,0.0,1.95,40662.0,1.2,0.0,0.0,11.7536,0.0,0.0,0.0,0.0,0.0
6235,2015-11-24,SZSE:002091,0.0798,0.0,11.2723,0.0,0.0,9439.1994,0.0,5.532,43.0204,34.7266,54.0786,1.4463,46.2088,71.2302,71.445,0.0,0.0,0.0,9731.2041,30.5256,27.7382,27.4505,27.2965,1.4983,1.4665,0.0,1.95,40662.0,1.2,0.0,0.0,11.7536,0.0,0.0,0.0,0.0,0.0
6236,2015-11-25,SZSE:002091,0.0798,0.0,11.2723,0.0,0.0,9439.1994,0.0,5.532,43.0204,34.7266,54.0786,1.4463,46.2088,71.2302,71.445,0.0,0.0,0.0,9731.2041,30.5256,27.7382,27.4505,27.2965,1.4983,1.4665,0.0,1.95,40662.0,1.2,0.0,0.0,11.7536,0.0,0.0,0.0,0.0,0.0
6237,2015-11-26,SZSE:002091,0.0798,0.0,11.2723,0.0,0.0,9439.1994,0.0,5.532,43.0204,34.7266,54.0786,1.4463,46.2088,71.2302,71.445,0.0,0.0,0.0,9731.2041,30.5256,27.7382,27.4505,27.2965,1.4983,1.4665,0.0,1.95,40662.0,1.2,0.0,0.0,11.7536,0.0,0.0,0.0,0.0,0.0
6238,2015-11-27,SZSE:002091,0.0813,0.0,11.2723,0.0,0.0,9439.1994,0.0,5.532,43.0204,34.7266,54.0786,1.4463,46.2088,71.2302,71.445,0.0,0.0,0.0,9731.2041,30.5256,27.7382,27.4505,27.2965,1.4983,1.4665,0.0,1.95,40662.0,1.2,0.0,0.0,11.7536,0.0,0.0,0.0,0.0,0.0
6239,2015-11-30,SZSE:002091,0.0813,0.0,11.2723,0.0,0.0,9439.1994,0.0,5.532,43.0204,34.7266,54.0786,1.4463,46.2088,71.2302,71.445,0.0,0.0,0.0,9731.2041,30.5256,27.7382,27.4505,27.2965,1.4983,1.4665,0.0,1.95,40662.0,1.2,0.0,0.0,11.7536,0.0,0.0,0.0,0.0,0.0
6240,2015-12-01,SZSE:002091,0.0813,0.0,11.2723,0.0,0.0,9439.1994,0.0,5.532,43.0204,34.7266,54.0786,1.4463,46.2088,71.2302,71.445,0.0,0.0,0.0,9731.2041,30.5256,27.7382,27.4505,27.2965,1.4983,1.4665,0.0,1.95,40662.0,1.2,0.0,0.0,11.7536,0.0,0.0,0.0,0.0,0.0
6241,2015-12-02,SZSE:002091,0.0813,0.0,11.2723,0.0,0.0,9439.1994,0.0,5.532,43.0204,34.7266,54.0786,1.4463,46.2088,71.2302,71.445,0.0,0.0,0.0,9731.2041,30.5256,27.7382,27.4505,27.2965,1.4983,1.4665,0.0,1.95,40662.0,1.2,0.0,0.0,11.7536,0.0,0.0,0.0,0.0,0.0
6242,2015-12-03,SZSE:002091,0.0813,0.0,11.2723,0.0,0.0,9439.1994,0.0,5.532,43.0204,34.7266,54.0786,1.4463,46.2088,71.2302,71.445,0.0,0.0,0.0,9731.2041,30.5256,27.7382,27.4505,27.2965,1.4983,1.4665,0.0,1.95,40662.0,1.2,0.0,0.0,11.7536,0.0,0.0,0.0,0.0,0.0
6243,2015-12-04,SZSE:002091,0.0623,0.0,11.2723,0.0,0.0,9439.1994,0.0,5.532,43.0204,34.7266,54.0786,1.4463,46.2088,71.2302,71.445,0.0,0.0,0.0,9731.2041,30.5256,27.7382,27.4505,27.2965,1.4983,1.4665,0.0,1.95,40662.0,1.2,0.0,0.0,11.7536,0.0,0.0,0.0,0.0,0.0
6244,2015-12-07,SZSE:002091,0.0623,0.0,11.2723,0.0,0.0,9439.1994,0.0,5.532,43.0204,34.7266,54.0786,1.4463,46.2088,71.2302,71.445,0.0,0.0,0.0,9731.2041,30.5256,27.7382,27.4505,27.2965,1.4983,1.4665,0.0,1.95,40662.0,1.2,0.0,0.0,11.7536,0.0,0.0,0.0,0.0,0.0
6245,2015-12-08,SZSE:002091,0.0623,0.0,11.2723,0.0,0.0,9439.1994,0.0,5.532,43.0204,34.7266,54.0786,1.4463,46.2088,71.2302,71.445,0.0,0.0,0.0,9731.2041,30.5256,27.7382,27.4505,27.2965,1.4983,1.4665,0.0,1.95,40662.0,1.2,0.0,0.0,11.7949,0.0,0.0,0.0,0.0,0.0
6246,2015-12-09,SZSE:002091,0.0623,0.0,11.2723,0.0,0.0,9439.1994,0.0,5.532,43.0204,34.7266,54.0786,1.4463,46.2088,71.2302,71.445,0.0,0.0,0.0,9731.2041,30.5256,27.7382,27.4505,27.2965,1.4983,1.4665,0.0,1.95,40662.0,1.2,0.0,0.0,11.7949,0.0,0.0,0.0,0.0,0.0
6247,2015-12-10,SZSE:002091,0.0623,0.0,11.2723,0.0,0.0,9439.1994,0.0,5.532,43.0204,34.7266,54.0786,1.4463,46.2088,71.2302,71.445,0.0,0.0,0.0,9731.2041,30.5256,27.7382,0.0,0.0,1.4983,0.0,0.0,1.95,40662.0,1.2,0.0,0.0,0.0,0.0,0.0,0.0,0.0,0.0
6248,2015-12-11,SZSE:002091,0.0696,0.0,11.2723,0.0,0.0,9439.1994,0.0,5.532,43.0204,34.7266,54.0786,1.4463,46.2088,71.2302,71.445,0.0,0.0,0.0,9731.2041,30.5256,27.7382,0.0,0.0,1.4983,0.0,0.0,1.95,40662.0,1.2,0.0,0.0,0.0,0.0,0.0,0.0,0.0,0.0
6249,2015-12-14,SZSE:002091,0.0696,0.0,11.2723,0.0,0.0,9439.1994,0.0,5.532,43.0204,33.725,54.0786,1.4463,46.2088,71.2302,71.445,0.0,0.0,0.0,9731.2041,30.5256,27.7382,0.0,0.0,1.4983,0.0,0.0,1.95,40662.0,1.2,0.0,0.0,0.0,0.0,0.0,0.0,0.0,0.0
6250,2015-12-15,SZSE:002091,0.0696,0.0,11.2723,0.0,0.0,9439.1994,0.0,5.532,43.0204,33.725,54.0786,1.4463,46.2088,71.2302,71.445,0.0,0.0,0.0,9731.2041,30.5256,27.7382,0.0,0.0,1.4983,0.0,0.0,1.95,40662.0,1.2,0.0,0.0,0.0,0.0,0.0,0.0,0.0,0.0
6251,2015-12-16,SZSE:002091,0.0696,0.0,11.2723,0.0,0.0,9439.1994,0.0,5.532,43.0204,33.725,54.0786,1.4463,46.2088,71.2302,71.445,0.0,0.0,0.0,9731.2041,30.5256,27.7382,0.0,0.0,1.4983,0.0,0.0,1.95,40662.0,1.2,0.0,0.0,0.0,0.0,0.0,0.0,0.0,0.0
6252,2015-12-17,SZSE:002091,0.0696,0.0,11.2723,0.0,0.0,9439.1994,0.0,5.532,43.0204,33.725,54.0786,1.4463,46.2088,71.2302,71.445,0.0,0.0,0.0,9731.2041,30.5256,27.7382,0.0,0.0,1.4983,0.0,0.0,1.95,40662.0,1.2,0.0,0.0,0.0,0.0,0.0,0.0,0.0,0.0
6253,2015-12-18,SZSE:002091,0.0853,0.0,11.2723,0.0,0.0,9439.1994,0.0,5.532,43.0204,33.725,54.0786,1.4463,46.2088,71.2302,71.445,0.0,0.0,0.0,9731.2041,30.5256,27.7382,0.0,0.0,1.4983,0.0,0.0,1.95,40662.0,1.2,0.0,0.0,0.0,0.0,0.0,0.0,0.0,0.0
6254,2015-12-21,SZSE:002091,0.0853,0.0,11.2723,0.0,0.0,9439.1994,0.0,5.532,43.0204,33.725,54.0786,1.4463,46.2088,71.2302,71.445,0.0,0.0,0.0,9731.2041,30.5256,27.7382,0.0,0.0,1.4983,0.0,0.0,1.95,40662.0,1.2,0.0,0.0,0.0,0.0,0.0,0.0,0.0,0.0
6255,2015-12-22,SZSE:002091,0.0853,0.0,11.2723,0.0,0.0,9439.1994,0.0,5.532,43.0204,33.725,54.0786,1.4463,46.2088,71.2302,71.445,0.0,0.0,0.0,9731.2041,30.5256,27.7382,0.0,0.0,1.4983,0.0,0.0,1.95,40662.0,1.2,0.0,0.0,0.0,0.0,0.0,0.0,0.0,0.0
6256,2015-12-23,SZSE:002091,0.0853,0.0,11.2723,0.0,0.0,9439.1994,0.0,5.532,43.0204,33.725,54.0786,1.4463,46.2088,71.2302,71.445,0.0,0.0,0.0,9731.2041,30.5256,27.7382,0.0,0.0,1.4983,0.0,0.0,1.95,40662.0,1.2,0.0,0.0,0.0,0.0,0.0,0.0,0.0,0.0
6257,2015-12-24,SZSE:002091,0.0853,0.0,11.2723,0.0,0.0,9439.1994,0.0,5.532,43.0204,33.725,54.0786,1.4463,46.2088,71.2302,71.445,0.0,0.0,0.0,9731.2041,30.5256,27.7382,0.0,0.0,1.4983,0.0,0.0,1.95,40662.0,1.2,0.0,0.0,0.0,0.0,0.0,0.0,0.0,0.0
6258,2015-12-25,SZSE:002091,0.0845,13.3846,11.2207,14.7692,12.8205,9395.9997,13.8974,5.5067,42.8235,33.5706,53.8311,1.4397,46.2088,70.2575,70.4659,0.0,0.0,0.0,9688.0044,30.3901,27.615,0.0,0.0,1.4916,0.0,130.394,1.95,40662.0,1.2,0.0,0.0,0.0,11.650595175051926,12.38145050580518,10.74779854086039,254.2683,0.0
6259,2015-12-28,SZSE:002091,0.0845,14.1436,11.8569,14.7231,13.0923,9928.7995,13.3333,5.8189,45.2518,35.4743,56.8836,1.5213,66.7936,74.8239,75.014,0.0,0.0,0.0,10220.8041,32.0614,29.1337,0.0,0.0,1.5737,0.0,119.0655,1.95,40662.0,1.2,0.0,0.0,0.0,11.177607170027432,12.342707966147234,10.9755714153398,232.17772499999998,0.0
6260,2015-12-29,SZSE:002091,0.0845,15.559,13.0435,15.559,13.8256,10922.3991,14.2615,6.4012,49.7803,39.0243,62.5761,1.6735,79.5281,80.7571,80.916,0.0,0.0,0.0,11214.4037,35.1782,31.9659,0.0,0.0,1.7267,0.0,127.1768,1.95,40662.0,1.2,0.0,0.0,0.0,11.95577320200527,13.0435,11.59034729738415,247.99475999999999,0.0
6261,2015-12-30,SZSE:002091,0.0845,14.5641,12.2095,15.8462,14.3846,10223.9996,15.7949,5.9919,46.5972,36.529,58.5748,1.5665,111.5478,68.5315,68.6423,0.0,0.0,0.0,10516.0042,32.9874,29.9752,0.0,0.0,1.6191,0.0,114.1474,1.95,40662.0,1.2,0.0,0.0,0.0,13.241314708770197,13.284320960443832,12.059020035566908,222.58743,0.0
6262,2015-12-31,SZSE:002091,0.0845,13.6256,11.4227,14.6872,13.4359,9565.1993,14.3539,5.6058,43.5947,34.1752,54.8005,1.4656,114.3654,59.3969,59.4774,0.0,0.0,0.0,9857.2039,30.9208,28.0973,0.0,0.0,1.5177,0.0,83.1785,1.95,40662.0,1.2,0.0,0.0,0.0,12.033253106652184,12.31266729098168,11.263669484646549,162.198075,0.0
6263,2016-01-01,SZSE:002091,0.0878,0.0,11.4227,0.0,0.0,9565.1993,0.0,5.6058,43.5947,34.1752,54.8005,1.4656,114.3654,59.3969,59.4774,0.0,0.0,0.0,9857.2039,30.9208,28.0973,0.0,0.0,1.5177,0.0,0.0,1.95,40662.0,1.2,0.0,0.0,0.0,0.0,0.0,0.0,0.0,0.0
6264,2016-01-04,SZSE:002091,0.0878,12.2615,10.2792,13.5744,12.2615,8607.5997,13.5744,5.0446,39.2303,30.7538,49.3142,1.3189,123.8395,49.1433,49.1955,0.0,0.0,0.0,8899.6043,27.917,25.3677,0.0,0.0,1.3703,0.0,48.3932,1.95,40662.0,1.2,0.0,0.0,0.0,11.379845245687722,11.379845245687722,10.2792,94.36674,0.0
6265,2016-01-05,SZSE:002091,0.0878,11.518,9.6558,11.9487,11.041,8085.5995,11.4872,4.7387,36.8512,28.8888,46.3236,1.2389,116.5141,44.6214,44.6629,0.0,0.0,0.0,8377.6041,26.2795,23.8798,0.0,0.0,1.2899,0.0,63.4343,1.95,40662.0,1.2,0.0,0.0,0.0,9.629979663135959,10.016865554783816,9.255920107657579,123.696885,0.0
6266,2016-01-06,SZSE:002091,0.0878,11.7846,9.8793,11.8872,11.1846,8272.799,11.641,4.8484,37.7044,29.5576,47.3961,1.2676,110.7651,46.5218,46.5643,0.0,0.0,0.0,8564.8037,26.8667,24.4134,0.0,0.0,1.3187,0.0,51.2571,1.95,40662.0,1.2,0.0,0.0,0.0,9.758916832136858,9.965311929127846,9.376306262410266,99.951345,0.0
6267,2016-01-07,SZSE:002091,0.0878,10.6051,8.8906,11.4872,10.6051,7444.7992,11.4872,4.3631,33.9307,26.5993,42.6524,1.1407,113.7282,39.9856,40.0151,0.0,0.0,0.0,7736.8038,24.2694,22.0532,0.0,0.0,1.1912,0.0,12.3254,1.95,40662.0,1.2,0.0,0.0,0.0,9.630093098603501,9.630093098603501,8.8906,24.03453,0.0
6268,2016-01-08,SZSE:002091,0.4757,10.4615,8.7702,10.9641,9.8769,7343.9997,10.7641,4.3041,33.4712,26.2391,42.0749,1.1253,107.4131,39.2624,39.2906,0.0,0.0,0.0,7636.0043,23.9532,21.7659,0.0,0.0,1.1757,0.0,46.1737,1.95,40662.0,1.2,0.0,0.0,0.0,9.023878967643265,9.19154517229843,8.280111683792956,90.038715,0.0
6269,2016-01-11,SZSE:002091,0.4757,9.4154,7.8932,10.3333,9.4154,6609.5996,10.1949,3.8737,30.1241,23.6152,37.8674,1.0127,108.8472,34.383,34.4033,0.0,0.0,0.0,6901.6042,21.6495,19.6726,0.0,0.0,1.0626,0.0,50.5107,1.95,40662.0,1.2,0.0,0.0,0.0,8.54667721817448,8.662701909637404,7.8932,98.495865,0.0
6270,2016-01-12,SZSE:002091,0.4757,9.6769,8.1124,10.0,9.4359,6793.1992,9.5385,3.9813,30.9609,24.2712,38.9193,1.0409,107.3103,36.5074,36.5289,0.0,0.0,0.0,7085.2039,22.2254,20.1959,0.0,0.0,1.0909,0.0,46.7552,1.95,40662.0,1.2,0.0,0.0,0.0,7.996375636825843,8.38326323512695,7.910363356033439,91.17264,0.0
6271,2016-01-13,SZSE:002091,0.4757,9.2051,7.7169,9.8359,9.1128,6461.9992,9.718,3.7871,29.4514,23.0879,37.0218,0.9901,103.2183,34.3471,34.3656,0.0,0.0,0.0,6754.0038,21.1865,19.2518,0.0,0.0,1.0399,0.0,48.3165,1.95,40662.0,1.2,0.0,0.0,0.0,8.146878817177434,8.245717777101824,7.6395222561406175,94.217175,0.0
6272,2016-01-14,SZSE:002091,0.4757,9.8462,8.2543,10.0,8.8103,6911.9994,8.8205,4.0509,31.5024,24.6956,39.5999,1.0591,107.2202,39.5786,39.5996,0.0,0.0,0.0,7204.0041,22.5981,20.5345,0.0,0.0,1.1092,0.0,55.4302,1.95,40662.0,1.2,0.0,0.0,0.0,7.394431674148403,8.383234141089964,7.385880775324492,108.08888999999999,0.0
6273,2016-01-15,SZSE:002091,0.5728,9.2308,7.7384,9.7949,9.1487,6479.9998,9.5897,3.7977,29.5335,23.1522,37.1249,0.9929,104.752,36.5663,36.5835,0.0,0.0,0.0,6772.0045,21.2429,19.3032,0.0,0.0,1.0427,0.0,55.8338,1.95,40662.0,1.2,0.0,0.0,0.0,8.039274437751875,8.211298496338346,7.669573610087967,108.87590999999999,0.0
6274,2016-01-18,SZSE:002091,0.5728,9.5026,7.9662,9.8359,8.8974,6670.7992,8.9231,3.9095,30.4031,23.8339,38.218,1.0221,103.4349,38.7824,38.8006,0.0,0.0,0.0,6962.8039,21.8415,19.847,0.0,0.0,1.0721,0.0,46.4099,1.95,40662.0,1.2,0.0,0.0,16.1539,7.480394757224339,8.245611367415234,7.458849986319533,90.49930499999999,0.0
6275,2016-01-19,SZSE:002091,0.5728,9.841,8.25,9.9385,9.3539,6908.3989,9.4256,4.0488,31.4859,24.6828,39.5793,1.0585,102.4831,41.5223,41.5414,0.0,0.0,0.0,7200.4035,22.5868,20.5243,0.0,0.0,1.1086,0.0,51.2781,1.95,40662.0,1.2,0.0,0.0,16.1539,7.9017579514277,8.331737120211361,7.841649730718423,99.992295,0.0
6276,2016-01-20,SZSE:002091,0.5728,9.841,8.25,10.2308,9.641,6908.3989,9.6667,4.0488,31.4859,24.6828,39.5793,1.0585,99.6576,41.5223,41.5414,0.0,0.0,0.0,7200.4035,22.5868,20.5243,0.0,0.0,1.1086,0.0,58.9416,1.95,40662.0,1.2,0.0,0.0,16.1539,8.103879178945231,8.57678081495783,8.082334112386953,114.93612,0.0
6277,2016-01-21,SZSE:002091,0.5728,8.9744,7.5234,9.8667,8.9692,6299.9986,9.5846,3.6922,28.7131,22.5091,36.0936,0.9653,100.5841,36.6509,36.665,0.0,0.0,0.0,6592.0033,20.6783,18.7901,0.0,0.0,1.015,0.0,50.0005,1.95,40662.0,1.2,0.0,0.0,16.1539,8.034941571581387,8.271431046086647,7.519040747013729,97.500975,0.0
6278,2016-01-22,SZSE:002091,0.5761,8.9026,7.4632,9.1692,8.6051,6249.5999,9.1539,3.6627,28.4834,22.329,35.8049,0.9576,98.0132,36.2713,36.285,0.0,0.0,0.0,6541.6046,20.5202,18.6464,0.0,0.0,1.0072,0.0,41.6716,1.95,40662.0,1.2,0.0,0.0,16.1539,7.6738690360119515,7.686695284523622,7.21380072338418,81.25962,0.0
6279,2016-01-25,SZSE:002091,0.5761,8.9487,7.5019,9.2103,8.7539,6281.9993,9.0256,3.6817,28.631,22.4447,35.9905,0.9625,95.9451,36.725,36.7389,0.0,0.0,0.0,6574.004,20.6218,18.7388,0.0,0.0,1.0122,0.0,33.5766,1.95,40662.0,1.2,0.0,0.0,16.1539,7.566367029847911,7.721205266686781,7.338594702023757,65.47437,0.0
6280,2016-01-26,SZSE:002091,0.5761,8.0564,6.7539,8.8051,8.0564,5655.5998,8.7641,3.3145,25.7761,20.2067,32.4018,0.8666,97.9832,31.9838,31.9936,0.0,0.0,0.0,5947.6045,18.6569,16.9533,0.0,0.0,0.9157,0.0,46.3046,1.95,40662.0,1.2,0.0,0.0,16.1539,7.347184224964003,7.3815556439600805,6.7539,90.29397,0.0
6281,2016-01-27,SZSE:002091,0.5761,7.9385,6.655,8.0769,7.5026,5572.7996,7.9744,3.266,25.3988,19.9109,31.9274,0.8539,95.7727,31.4067,31.416,0.0,0.0,0.0,5864.8043,18.3972,16.7172,0.0,0.0,0.903,0.0,42.5659,1.95,40662.0,1.2,0.0,0.0,16.1539,6.68509567298608,6.7710234301190395,6.289576494299931,83.00350499999999,0.0
6282,2016-01-28,SZSE:002091,0.5761,7.5385,6.3197,8.0,7.5385,5291.9996,7.7949,3.1015,24.119,18.9076,30.3187,0.8108,94.1268,29.4647,29.4726,0.0,0.0,0.0,5584.0043,17.5163,15.9168,0.0,0.0,0.8598,0.0,30.6576,1.95,40662.0,1.2,0.0,0.0,16.1539,6.534646087417922,6.706586190886781,6.3197,59.78232,0.0
6283,2016-01-29,SZSE:002091,0.4551,8.2923,6.9517,8.2923,7.4359,5821.1995,7.5897,3.4116,26.5309,20.7984,33.3505,0.8919,99.5833,37.3295,37.3396,0.0,0.0,0.0,6113.2042,19.1764,17.4253,0.0,0.0,0.9412,0.0,35.704,1.95,40662.0,1.2,0.0,0.0,16.1539,6.362687974385876,6.9517,6.2337525210134705,69.6228,0.0
6284,2016-02-01,SZSE:002091,0.4551,8.0513,6.7496,8.359,7.8154,5651.9993,8.2821,3.3124,25.7597,20.1938,32.3812,0.866,97.6227,35.9493,35.9585,0.0,0.0,0.0,5944.0039,18.6456,16.943,0.0,0.0,0.9152,0.0,38.5136,1.95,40662.0,1.2,0.0,0.0,16.1539,6.943085235924634,7.007552370424652,6.55183931042192,75.10152,0.0
6285,2016-02-02,SZSE:002091,0.4551,8.2974,6.956,8.5026,8.0359,5824.7994,8.041,3.4137,26.5473,20.8112,33.3712,0.8925,96.9206,38.4521,38.4619,0.0,0.0,0.0,6116.804,19.1877,17.4355,0.0,0.0,0.9418,0.0,41.8116,1.95,40662.0,1.2,0.0,0.0,16.1539,6.741050931617134,7.1280263214983,6.736775423626679,81.53262,0.0
6286,2016-02-03,SZSE:002091,0.4551,8.3385,6.9903,8.4103,8.0256,5853.5996,8.1077,3.4306,26.6786,20.9141,33.5362,0.8969,95.3522,38.8807,38.8906,0.0,0.0,0.0,6145.6043,19.278,17.5176,0.0,0.0,0.9462,0.0,33.775,1.95,40662.0,1.2,0.0,0.0,16.1539,6.796816610901241,7.050491106314085,6.7279908472746905,65.86125,0.0
6287,2016-02-04,SZSE:002091,0.4551,8.518,7.1408,8.6615,8.2974,5979.5995,8.4,3.5044,27.2528,21.3643,34.258,0.9162,94.3086,40.8226,40.8328,0.0,0.0,0.0,6271.6041,19.6732,17.8768,0.0,0.0,0.9656,0.0,40.3694,1.95,40662.0,1.2,0.0,0.0,16.1539,7.041878375205446,7.261098755576426,6.955866860765437,78.72032999999999,0.0
6288,2016-02-05,SZSE:002091,0.4387,8.1385,6.8227,8.5539,8.1385,5713.1996,8.5539,3.3483,26.0387,20.4125,32.7318,0.8754,93.069,38.0686,38.0773,0.0,0.0,0.0,6005.2043,18.8376,17.1174,0.0,0.0,0.9246,0.0,30.4939,1.95,40662.0,1.2,0.0,0.0,16.1539,7.17093979603121,7.17093979603121,6.8227,59.463105,0.0
6289,2016-02-08,SZSE:002091,0.4387,0.0,6.8227,0.0,0.0,5713.1996,0.0,3.3483,26.0387,20.4125,32.7318,0.8754,93.069,38.0686,38.0773,0.0,0.0,0.0,6005.2043,18.8376,17.1174,0.0,0.0,0.9246,0.0,0.0,1.95,40662.0,1.2,0.0,0.0,16.1539,0.0,0.0,0.0,0.0,0.0
6290,2016-02-09,SZSE:002091,0.4387,0.0,6.8227,0.0,0.0,5713.1996,0.0,3.3483,26.0387,20.4125,32.7318,0.8754,93.069,38.0686,38.0773,0.0,0.0,0.0,6005.2043,18.8376,17.1174,0.0,0.0,0.9246,0.0,0.0,1.95,40662.0,1.2,0.0,0.0,16.1539,0.0,0.0,0.0,0.0,0.0
6291,2016-02-10,SZSE:002091,0.4387,0.0,6.8227,0.0,0.0,5713.1996,0.0,3.3483,26.0387,20.4125,32.7318,0.8754,93.069,38.0686,38.0773,0.0,0.0,0.0,6005.2043,18.8376,17.1174,0.0,0.0,0.9246,0.0,0.0,1.95,40662.0,1.2,0.0,0.0,16.1539,0.0,0.0,0.0,0.0,0.0
6292,2016-02-11,SZSE:002091,0.4387,0.0,6.8227,0.0,0.0,5713.1996,0.0,3.3483,26.0387,20.4125,32.7318,0.8754,93.069,38.0686,38.0773,0.0,0.0,0.0,6005.2043,18.8376,17.1174,0.0,0.0,0.9246,0.0,0.0,1.95,40662.0,1.2,0.0,0.0,16.1539,0.0,0.0,0.0,0.0,0.0
6293,2016-02-12,SZSE:002091,0.4215,0.0,6.8227,0.0,0.0,5713.1996,0.0,3.3483,26.0387,20.4125,32.7318,0.8754,93.069,38.0686,38.0773,0.0,0.0,0.0,6005.2043,18.8376,17.1174,0.0,0.0,0.9246,0.0,0.0,1.95,40662.0,1.2,0.0,0.0,16.1539,0.0,0.0,0.0,0.0,0.0
6294,2016-02-15,SZSE:002091,0.4215,8.0308,6.7324,8.1333,7.7692,5637.5998,7.8205,3.304,25.6941,20.1424,32.2987,0.8638,91.5084,37.2996,37.3079,0.0,0.0,0.0,5929.6045,18.6004,16.9019,0.0,0.0,0.913,0.0,21.6674,1.95,40662.0,1.2,0.0,0.0,16.1539,6.556100786970165,6.818328051999801,6.513094844847338,42.25143,0.0
6295,2016-02-16,SZSE:002091,0.4215,8.4872,7.115,8.641,8.0974,5957.9997,8.118,3.4918,27.1544,21.2871,34.1343,0.9129,92.2373,42.5925,42.6016,0.0,0.0,0.0,6250.0043,19.6055,17.8152,0.0,0.0,0.9623,0.0,35.6482,1.95,40662.0,1.2,0.0,0.0,16.1539,6.8054917994155915,7.243933806202282,6.788222381939863,69.51399,0.0
6296,2016-02-17,SZSE:002091,0.4215,8.6462,7.2483,8.6974,8.4359,6069.5994,8.4872,3.5572,27.663,21.6859,34.7736,0.93,91.2365,44.3544,44.3638,0.0,0.0,0.0,6361.6041,19.9556,18.1333,0.0,0.0,0.9795,0.0,39.7916,1.95,40662.0,1.2,0.0,0.0,16.1539,7.115006796049132,7.291222088316254,7.072000875529135,77.59362,0.0
6297,2016-02-18,SZSE:002091,0.4215,8.7795,7.3601,9.0923,8.6256,6163.1992,8.718,3.612,28.0896,22.0203,35.3099,0.9443,90.1787,45.8555,45.865,0.0,0.0,0.0,6455.2038,20.2492,18.4001,0.0,0.0,0.9939,0.0,51.3151,1.95,40662.0,1.2,0.0,0.0,16.1539,7.308542832735349,7.622328974315166,7.231081332649923,100.064445,0.0
6298,2016-02-19,SZSE:002091,0.4743,8.7282,7.3171,8.841,8.6256,6127.1985,8.6769,3.5909,27.9255,21.8917,35.1036,0.9388,88.8616,45.3488,45.358,0.0,0.0,0.0,6419.2032,20.1362,18.2975,0.0,0.0,0.9884,0.0,29.6242,1.95,40662.0,1.2,0.0,0.0,16.1539,7.274093740977522,7.411663470131298,7.231087481955043,57.76718999999999,0.0
6299,2016-02-22,SZSE:002091,0.4743,9.0872,7.618,9.1539,8.7692,6379.199,8.8513,3.7386,29.074,22.792,36.5474,0.9774,88.675,49.551,49.5606,0.0,0.0,0.0,6671.2036,20.9267,19.0158,0.0,0.0,1.0272,0.0,42.3853,1.95,40662.0,1.2,0.0,0.0,16.1539,7.420239831851396,7.673916079760543,7.351413592745841,82.651335,0.0
6300,2016-02-23,SZSE:002091,0.4743,8.8615,7.4289,9.0667,8.6615,6220.799,9.0667,3.6458,28.3521,22.2261,35.6399,0.9532,87.5129,47.0995,47.108,0.0,0.0,0.0,6512.8036,20.4299,18.5643,0.0,0.0,1.0028,0.0,34.4516,1.95,40662.0,1.2,0.0,0.0,16.1539,7.600926212266547,7.600926212266547,7.261233126445862,67.18061999999999,0.0
6301,2016-02-24,SZSE:002091,0.4743,9.1385,7.661,9.1436,8.7231,6415.1996,8.7692,3.7597,29.2381,22.9206,36.7536,0.9829,86.9927,50.3463,50.3551,0.0,0.0,0.0,6707.2043,21.0397,19.1184,0.0,0.0,1.0327,0.0,38.8065,1.95,40662.0,1.2,0.0,0.0,16.1539,7.351407911582863,7.665275439076433,7.312761295617442,75.672675,0.0
6302,2016-02-25,SZSE:002091,0.4743,8.2256,6.8958,9.318,8.2256,5774.3993,9.2308,3.3842,26.3176,20.6312,33.0824,0.8848,89.1525,41.3394,41.345,0.0,0.0,0.0,6066.4039,19.0296,17.2919,0.0,0.0,0.934,0.0,54.5743,1.95,40662.0,1.2,0.0,0.0,16.1539,7.738493318420541,7.811596041626143,6.8958,106.419885,0.0
6303,2016-02-26,SZSE:002091,0.4739,8.0308,6.7324,8.3744,7.8154,5637.5998,8.3385,3.304,23.7246,20.1424,28.0457,0.7954,88.0473,39.7064,39.7114,0.0,0.0,0.0,5929.6045,18.7165,17.077,0.0,0.0,0.8314,0.0,31.1403,1.95,40662.0,1.2,0.0,0.0,16.1539,6.990351820491109,7.020447596752502,6.5518253424316395,60.723585,0.0
6304,2016-02-29,SZSE:002091,0.4739,7.241,6.0703,8.041,7.2256,5083.1996,8.0308,2.9791,21.3915,18.1616,25.2877,0.7172,89.7739,33.8672,33.8706,0.0,0.0,0.0,5375.2042,16.9666,15.4804,0.0,0.0,0.7537,0.0,35.6613,1.95,40662.0,1.2,0.0,0.0,16.1539,6.732407849744509,6.740958748791603,6.057389819085762,69.53953499999999,0.0
6305,2016-03-01,SZSE:002091,0.4739,7.4103,6.2122,7.5897,7.0872,5201.9997,7.2821,3.0487,21.8915,18.586,25.8787,0.734,89.1604,36.0379,36.0414,0.0,0.0,0.0,5494.0044,17.3415,15.8225,0.0,0.0,0.7703,0.0,27.7497,1.95,40662.0,1.2,0.0,0.0,16.1539,6.104727422641458,6.362594542731062,5.941338925549573,54.111915,0.0
6306,2016-03-02,SZSE:002091,0.4739,7.8923,6.6163,8.0359,7.3897,5540.3988,7.4462,3.247,23.3155,19.7951,27.5621,0.7817,90.0395,41.8889,41.8929,0.0,0.0,0.0,5832.4035,18.4097,16.7971,0.0,0.0,0.8178,0.0,33.03,1.95,40662.0,1.2,0.0,0.0,16.1539,6.242323918249434,6.7366832444281135,6.194958644501604,64.4085,0.0
6307,2016-03-03,SZSE:002091,0.4739,7.9744,6.6851,8.0923,7.7846,5597.9986,7.8205,3.2808,23.5579,20.0009,27.8487,0.7899,89.1509,42.8472,42.8513,0.0,0.0,0.0,5890.0033,18.5915,16.963,0.0,0.0,0.8259,0.0,32.3893,1.95,40662.0,1.2,0.0,0.0,16.1539,6.556082532855137,6.783937942666532,6.525986840389246,63.159135,0.0
6308,2016-03-04,SZSE:002091,0.3233,7.4872,6.2767,7.9897,7.4103,5255.9997,7.8769,3.0804,22.1187,18.779,26.1473,0.7416,88.9533,38.7599,38.7632,0.0,0.0,0.0,5548.0043,17.512,15.978,0.0,0.0,0.7779,0.0,27.6179,1.95,40662.0,1.2,0.0,0.0,16.1539,6.603394891281121,6.697957846725078,6.212232878779785,53.854904999999995,0.0
6309,2016-03-07,SZSE:002091,0.3233,7.6821,6.4401,7.8872,7.5846,5392.7991,7.6,3.1605,22.6944,19.2678,26.8279,0.7609,88.4204,41.1771,41.1805,0.0,0.0,0.0,5684.8037,17.9438,16.372,0.0,0.0,0.7971,0.0,17.3689,1.95,40662.0,1.2,0.0,0.0,16.1539,6.371273479907837,6.612040551411724,6.358363267856446,33.869355,0.0
6310,2016-03-08,SZSE:002091,0.3233,8.0154,6.7195,8.0359,7.2513,5626.7996,7.6667,3.2977,23.6791,20.1038,27.992,0.7939,88.3572,45.1641,45.1677,0.0,0.0,0.0,5918.8042,18.6824,17.0459,0.0,0.0,0.8299,0.0,32.0104,1.95,40662.0,1.2,0.0,0.0,16.1539,6.427176516455822,6.73668563639993,6.07893684033236,62.42027999999999,0.0
6311,2016-03-09,SZSE:002091,0.3233,7.6821,6.4401,7.8667,7.6103,5392.7991,7.6923,3.1605,22.6944,19.2678,26.8279,0.7609,87.7074,42.0917,42.0947,0.0,0.0,0.0,5684.8037,17.9438,16.372,0.0,0.0,0.7971,0.0,20.7272,1.95,40662.0,1.2,0.0,0.0,16.1539,6.448650919670403,6.59485487952513,6.379908232124029,40.41804,0.0
6312,2016-03-10,SZSE:002091,0.3233,7.4872,6.2767,7.7539,7.4667,5255.9997,7.6821,3.0804,22.1187,18.779,26.1473,0.7416,86.8472,40.3629,40.3657,0.0,0.0,0.0,5548.0043,17.512,15.978,0.0,0.0,0.7779,0.0,18.2735,1.95,40662.0,1.2,0.0,0.0,16.1539,6.4400893618442145,6.500281030291697,6.2595143565017635,35.633325,0.0
6313,2016-03-11,SZSE:002091,0.3446,7.5077,6.2939,7.5949,7.3333,5270.3991,7.4051,3.0888,22.1793,18.8304,26.219,0.7436,86.0187,40.6393,40.642,0.0,0.0,0.0,5562.4037,17.5574,16.0195,0.0,0.0,0.7799,0.0,14.0734,1.95,40662.0,1.2,0.0,0.0,16.1539,6.20788775390599,6.367002025920056,6.14769594815989,27.44313,0.0
6314,2016-03-14,SZSE:002091,0.3446,7.8462,6.5776,7.9897,7.6103,5507.9994,7.641,3.1719,23.1792,19.1253,29.764,0.7515,86.044,45.1555,45.1585,0.0,0.0,0.0,5571.441,17.5866,15.8403,11.9048,15.0174,0.7639,0.6676,25.4262,1.95,40662.0,1.2,2.8439,0.0,9.7436,6.4055774260151415,6.697898437460172,6.379841105248401,49.58109,0.0
6315,2016-03-15,SZSE:002091,0.3446,8.0974,6.7883,8.6103,8.0,5684.3987,8.0513,3.2735,23.9215,19.7378,30.7172,0.7756,85.6946,48.3004,48.3034,0.0,0.0,0.0,5747.8402,18.1434,16.3418,12.2817,15.4928,0.7881,0.6887,51.4178,1.95,40662.0,1.2,2.935,0.0,9.7436,6.74965294909477,7.218279878726504,6.706646577913897,100.26471,0.0
6316,2016-03-16,SZSE:002091,0.3446,8.3436,6.9946,8.441,8.118,5857.1988,8.1949,3.373,24.6487,20.3378,31.651,0.7992,85.304,51.2494,51.2525,0.0,0.0,0.0,5920.6404,18.6889,16.8331,12.6509,15.9586,0.8118,0.7094,43.9013,1.95,40662.0,1.2,3.0242,0.0,9.9634,6.8699419363344365,7.07625228917973,6.8054751905652235,85.607535,0.0
6317,2016-03-17,SZSE:002091,0.3446,9.1795,7.6954,9.1795,8.2974,6443.9999,8.359,3.711,27.1181,22.3754,34.822,0.8793,87.4338,59.6637,59.6668,0.0,0.0,0.0,6507.4414,20.5411,18.5015,13.9048,17.5403,0.8923,0.7797,67.5048,1.95,40662.0,1.2,3.3271,0.0,9.9634,7.007554725202898,7.6954,6.955913934310147,131.63436000000002,0.0
6318,2016-03-18,SZSE:002091,0.5129,9.6513,8.0909,9.8359,9.2051,6775.1986,9.441,3.9017,28.5119,23.5254,36.6117,0.9245,87.4749,63.4936,63.4967,0.0,0.0,0.0,6838.6401,21.5866,19.4431,14.6125,18.433,0.9377,0.8194,90.4661,1.95,40662.0,1.2,3.4982,0.0,9.9634,7.914600820614839,8.245654296312413,7.716840590386786,176.408895,0.0
6319,2016-03-21,SZSE:002091,0.5129,9.7692,8.1898,9.8359,9.5128,6857.9995,9.6564,3.9494,28.8604,23.8129,37.0591,0.9357,86.7618,64.4036,64.4066,0.0,0.0,0.0,6921.441,21.8479,19.6785,14.7894,18.6562,0.9491,0.8293,71.8974,1.95,40662.0,1.2,3.5409,0.0,9.9634,8.09523653113868,8.24571651926463,7.974852540637923,140.19993,0.0
6320,2016-03-22,SZSE:002091,0.5129,9.6615,8.0995,9.9795,9.5385,6782.399,9.5897,3.9058,28.5422,23.5504,36.6506,0.9254,85.9902,62.8629,62.8657,0.0,0.0,0.0,6845.8405,21.6093,19.4636,14.6279,18.4524,0.9387,0.8203,55.5775,1.95,40662.0,1.2,3.5019,0.0,9.9634,8.039308093981267,8.366088107436735,7.996385732029189,108.376125,0.0
6321,2016-03-23,SZSE:002091,0.5129,9.7744,8.1941,9.7949,9.4359,6861.5986,9.5949,3.9514,28.8755,23.8254,37.0786,0.9362,85.3088,63.8388,63.8417,0.0,0.0,0.0,6925.0402,21.8593,19.6888,14.7971,18.6659,0.9496,0.8297,44.0587,1.95,40662.0,1.2,3.5428,0.0,9.9634,8.043621101039452,8.211285612416107,7.910327814495008,85.914465,0.0
6322,2016-03-24,SZSE:002091,0.5129,9.8872,8.2887,10.4,9.4872,6940.799,9.6154,3.997,29.2088,24.1004,37.5066,0.947,84.6431,64.8341,64.8369,0.0,0.0,0.0,7004.2405,22.1093,19.9139,14.9663,18.8794,0.9604,0.8392,69.9571,1.95,40662.0,1.2,3.5837,0.0,9.9634,8.060842905979447,8.718593737357391,7.953369471640101,136.41634499999998,0.0
6323,2016-03-25,SZSE:002091,0.504,10.2769,8.6154,10.3949,9.518,7214.3992,9.7949,4.1546,30.3602,25.0504,38.985,0.9844,85.1238,68.1005,68.1032,0.0,0.0,0.0,7277.8408,22.9729,20.6918,15.5509,19.6168,0.9979,0.872,63.5399,1.95,40662.0,1.2,3.7249,0.0,9.9634,8.211326514805048,8.714322554466813,7.979193842501144,123.902805,0.0
6324,2016-03-28,SZSE:002091,0.504,11.3026,9.4752,11.3026,10.3436,7934.3992,10.4564,4.5692,33.3901,27.5504,42.8758,1.0826,86.7128,74.7477,74.7501,0.0,0.0,0.0,7997.8408,25.2457,22.7389,17.0894,21.5575,1.0967,0.9583,75.5109,1.95,40662.0,1.2,4.0967,0.0,9.9634,8.765813288977757,9.4752,8.671250749385097,147.24625500000002,0.0
6325,2016-03-29,SZSE:002091,0.504,10.1744,8.5294,11.0667,10.1744,7142.3986,10.9436,4.1131,30.0572,24.8004,38.596,0.9746,86.6527,59.9492,59.9507,0.0,0.0,0.0,7205.8402,22.7457,20.4871,15.3971,19.4228,0.9881,0.8634,105.5316,1.95,40662.0,1.2,3.6877,0.0,9.9634,9.174235516590658,9.277432672196888,8.5294,205.78662,0.0
6326,2016-03-30,SZSE:002091,0.504,10.9231,9.1571,11.0256,10.0103,7667.9994,10.1539,4.4158,32.2691,26.6254,41.4362,1.0463,87.2298,64.9137,64.9151,0.0,0.0,0.0,7731.4409,24.4048,21.9815,16.5202,20.8395,1.0601,0.9264,84.712,1.95,40662.0,1.2,3.9591,0.0,9.9634,8.51226095980079,9.243028239236114,8.391877592441707,165.1884,0.0
6327,2016-03-31,SZSE:002091,0.504,10.8564,9.1012,11.3026,10.6821,7621.1991,10.7692,4.3889,32.0721,26.4629,41.1833,1.0399,86.2685,64.1512,64.1526,0.0,0.0,0.0,7684.6407,24.257,21.8484,16.4202,20.7133,1.0537,0.9208,80.7517,1.95,40662.0,1.2,3.935,0.0,9.9634,9.02809799196787,9.47526096311853,8.955079816513761,157.465815,0.0
6328,2016-04-01,SZSE:002091,0.4669,10.5333,8.8304,10.7231,10.3641,7394.3991,10.7231,4.2583,31.1177,25.6754,39.9577,1.0089,85.704,60.4456,60.4468,0.0,0.0,0.0,7457.8406,23.5411,21.2036,15.9356,20.102,1.0226,0.8936,48.2133,1.95,40662.0,1.2,3.8179,0.0,9.9634,8.989515369352434,8.989515369352434,8.688554265045141,94.01593499999998,0.0
6329,2016-04-04,SZSE:002091,0.4669,0.0,8.8304,0.0,0.0,7394.3991,0.0,4.2583,31.1177,25.6754,39.9577,1.0089,85.704,60.4456,60.4468,0.0,0.0,0.0,7457.8406,23.5411,21.2036,15.9356,20.102,1.0226,0.8936,0.0,1.95,40662.0,1.2,3.8179,0.0,9.9634,0.0,0.0,0.0,0.0,0.0
6330,2016-04-05,SZSE:002091,0.4669,11.1333,9.3334,11.4359,10.7077,7815.5998,10.7949,4.5008,32.8902,27.1379,42.2338,1.0664,83.6802,64.5419,64.5431,0.0,0.0,0.0,7879.0413,24.8707,22.4011,16.8356,21.2373,1.0804,0.9441,70.516,1.95,40662.0,1.2,4.0353,0.0,9.9634,9.04970850152246,9.587079218201252,8.976605964089712,137.5062,0.0
6331,2016-04-06,SZSE:002091,0.4669,11.3692,9.5311,11.5128,10.8718,7981.1995,11.0103,4.5962,33.5871,27.7129,43.1287,1.089,83.6581,66.0314,66.0326,0.0,0.0,0.0,8044.641,25.3934,22.8719,17.1894,21.6837,1.1031,0.9639,69.823,1.95,40662.0,1.2,4.1208,0.0,9.9634,9.23022467104106,9.651483664637794,9.11411647081589,136.15484999999998,0.0
6332,2016-04-07,SZSE:002091,0.4669,11.3846,9.544,11.8872,11.2359,7991.9997,11.4667,4.6024,33.6325,27.7504,43.187,1.0905,80.7266,66.1313,66.1325,0.0,0.0,0.0,8055.4413,25.4275,22.9026,17.2125,21.7128,1.1045,0.9652,74.5562,1.95,40662.0,1.2,4.1264,0.0,9.9634,9.612826520035837,9.965342374786992,9.419341004514871,145.38459,0.0
6333,2016-04-08,SZSE:002091,0.5046,10.7897,9.0453,11.4872,10.5231,7574.3989,11.1385,4.3619,31.8752,26.3004,40.9304,1.0335,81.4603,58.9147,58.9156,0.0,0.0,0.0,7637.8405,24.1093,21.7154,16.3202,20.5872,1.0473,0.9152,62.3518,1.95,40662.0,1.2,3.9108,0.0,9.9634,9.33770856001557,9.630033287301776,8.821801943520208,121.58600999999999,0.0
6334,2016-04-11,SZSE:002091,0.5046,10.8308,9.0797,11.1641,10.7641,7603.1991,10.9231,4.3785,31.9964,26.4004,41.086,1.0374,78.3865,59.245,59.2459,0.0,0.0,0.0,7666.6407,24.2002,21.7972,16.3817,20.6648,1.0512,0.9186,47.0094,1.95,40662.0,1.2,3.9257,0.0,9.9634,9.157077138346198,9.359112786682424,9.023783909775824,91.66833,0.0
6335,2016-04-12,SZSE:002091,0.5046,10.7949,9.0496,10.8103,10.4205,7577.9994,10.718,4.364,31.8903,26.3129,40.9499,1.034,78.2174,58.7996,58.8005,0.0,0.0,0.0,7641.441,24.1207,21.7256,16.3279,20.5969,1.0478,0.9156,38.2263,1.95,40662.0,1.2,3.9127,0.0,9.9634,8.985133053571593,9.062510155721684,8.735732318039075,74.541285,0.0
6336,2016-04-13,SZSE:002091,0.5046,10.7436,9.0066,11.0615,10.718,7541.9988,10.8154,4.3433,31.7388,26.1879,40.7553,1.0291,77.4758,58.1272,58.1281,0.0,0.0,0.0,7605.4404,24.007,21.6232,16.2509,20.4998,1.0428,0.9113,46.1164,1.95,40662.0,1.2,3.8941,0.0,9.9634,9.06679154473361,9.27310267508098,8.985138947838713,89.92698,0.0
6337,2016-04-14,SZSE:002091,0.5046,10.9231,9.1571,10.9641,10.7641,7667.9994,10.7949,4.4158,32.2691,26.6254,41.4362,1.0463,76.3453,59.8574,59.8583,0.0,0.0,0.0,7731.4409,24.4048,21.9815,16.5202,20.8395,1.0601,0.9264,30.9779,1.95,40662.0,1.2,3.9591,0.0,9.9634,9.049626826633466,9.191471295694447,9.023806438648368,60.406905,0.0
6338,2016-04-15,SZSE:002091,0.5204,11.0256,9.2431,11.2513,10.8821,7740.0,11.0513,4.4573,32.5721,26.8754,41.8253,1.0561,75.0851,60.8529,60.8537,0.0,0.0,0.0,7803.4416,24.632,22.1862,16.674,21.0335,1.07,0.935,38.0049,1.95,40662.0,1.2,3.9963,0.0,9.9634,9.264645101400376,9.432311260158176,9.122799531091278,74.109555,0.0
6339,2016-04-18,SZSE:002091,0.5204,11.4821,9.6257,11.7333,10.7026,8060.3991,10.9744,4.6418,33.9204,27.9879,43.5566,1.0998,75.2938,65.0109,65.0117,0.0,0.0,0.0,8123.8407,25.6434,23.0971,17.3586,21.8971,1.1139,0.9734,63.1578,1.95,40662.0,1.2,4.1617,0.0,9.9634,9.20008378955069,9.836286551240626,8.972227799792721,123.15771,0.0
6340,2016-04-19,SZSE:002091,0.5204,11.3333,9.501,11.5897,11.2615,7955.9998,11.4872,4.5817,33.481,27.6254,42.9925,1.0856,75.0693,62.6749,62.6757,0.0,0.0,0.0,8019.4413,25.3139,22.8003,17.1356,21.6157,1.0996,0.9609,39.094,1.95,40662.0,1.2,4.1078,0.0,9.9634,9.630018370642267,9.715946785137604,9.44080819355351,76.2333,0.0
6341,2016-04-20,SZSE:002091,0.5204,10.5744,8.8648,11.6256,10.2718,7423.1986,11.3795,4.2749,31.2389,25.7754,40.1133,1.0129,76.5066,52.3387,52.3392,0.0,0.0,0.0,7486.6402,23.632,21.2855,15.9971,20.1796,1.0266,0.897,56.7739,1.95,40662.0,1.2,3.8327,0.0,9.9634,9.539736684823724,9.746048842487516,8.611122393705553,110.709105,0.0
6342,2016-04-21,SZSE:002091,0.5204,10.2564,8.5982,10.6513,10.0256,7199.9998,10.4615,4.1463,30.2996,25.0004,38.9072,0.9824,74.2819,48.7143,48.7148,0.0,0.0,0.0,7263.4414,22.9275,20.6509,15.5202,19.578,0.996,0.8703,36.7472,1.95,40662.0,1.2,3.7175,0.0,9.9634,8.770140526890527,8.929254676104678,8.404714511914513,71.65704,0.0
6343,2016-04-22,SZSE:002091,0.4857,10.0769,8.6644,10.2,9.4077,7074.0,9.7923,4.0738,29.7693,24.5629,38.2263,0.9652,74.3657,46.7464,49.6466,0.0,0.0,0.0,7137.4415,22.5298,20.2927,15.2509,19.2384,0.9787,0.8552,33.3852,1.3,42482.0,1.5,3.6524,0.0,9.9634,8.419692973037343,8.770244817354543,8.089003153747681,43.40076,0.385
6344,2016-04-25,SZSE:002091,0.4857,9.5615,8.2212,9.9231,9.4077,6712.199,9.9231,3.8654,28.2468,23.3066,36.2713,0.9159,75.2069,41.5551,43.8924,0.0,0.0,0.0,6993.3921,22.0751,19.8831,14.9432,18.8501,0.9589,0.8379,27.2131,1.3,42482.0,1.5,3.4656,0.0,9.9634,8.532112087015635,8.532112087015635,8.088959184228415,35.377030000000005,0.0
6345,2016-04-26,SZSE:002091,0.4857,9.7462,8.3799,9.7539,9.3846,6841.7994,9.5539,3.94,28.7922,23.7566,36.9716,0.9335,71.9228,43.956,46.2937,0.0,0.0,0.0,7122.9925,22.4842,20.2516,15.2201,19.1994,0.9767,0.8535,24.4974,1.3,42482.0,1.5,3.5325,0.0,9.9634,8.214558146764892,8.386520552625639,8.068991970203772,31.84662,0.0
6346,2016-04-27,SZSE:002091,0.4857,10.2,8.7702,10.5692,9.6692,7160.3993,9.7462,4.1235,30.1329,24.8629,38.6932,0.977,72.3418,49.4533,51.7595,0.0,0.0,0.0,7441.5924,23.4898,21.1574,15.9008,20.0582,1.0204,0.8916,55.6508,1.3,42482.0,1.5,3.697,0.0,9.9634,8.380012082352943,9.087646847058824,8.313805670588236,72.34604,0.0
6347,2016-04-28,SZSE:002091,0.4857,10.4539,8.9884,10.5539,9.9692,7393.9964,10.1385,4.0909,29.1082,25.4817,37.5798,0.9353,71.4975,52.2731,54.5459,0.0,0.0,0.0,7675.1896,21.9456,19.8948,16.4,20.6878,0.9845,0.9196,42.1126,1.3,42482.0,1.5,3.789,0.0,9.9634,8.717214953271029,9.074381308411215,8.57164859813084,54.74638,0.0
6348,2016-04-29,SZSE:002091,0.4743,10.6385,9.1472,10.8692,10.2769,7524.5745,10.4462,4.1632,29.6223,26.0945,38.2435,0.9518,69.0388,54.2712,56.5133,0.0,0.0,0.0,7805.7676,22.319,20.2333,16.8591,22.1755,1.0013,0.9353,56.5638,1.3,42482.0,1.5,4.0797,0.0,11.63,8.981856524886027,9.34556058090896,8.83628892043051,73.53294,0.0
6349,2016-05-02,SZSE:002091,0.4743,0.0,9.1472,0.0,0.0,7524.5745,0.0,4.1632,29.6223,26.0945,38.2435,0.9518,69.0388,54.2712,56.5133,0.0,0.0,0.0,7805.7676,22.319,20.2333,16.8591,22.1755,1.0013,0.9353,0.0,1.3,42482.0,1.5,4.0797,0.0,11.63,0.0,0.0,0.0,0.0,0.0
6350,2016-05-03,SZSE:002091,0.4743,11.7,10.0599,11.7,10.4308,8275.4009,10.5846,4.5786,32.5781,28.6983,42.0596,1.0468,72.2296,63.6853,65.7048,0.0,0.0,0.0,8556.594,24.4658,22.1795,18.4808,24.3085,1.0976,1.0252,84.8608,1.3,42482.0,1.5,4.4867,0.0,11.63,9.1008562,10.0599,8.968615805128206,110.31904,0.0
6351,2016-05-04,SZSE:002091,0.4743,11.5385,9.921,11.9692,11.3846,8161.1445,11.5385,4.5154,32.1283,28.3021,41.4789,1.0323,72.2723,61.6068,63.5051,0.0,0.0,0.0,8442.3376,24.1391,21.8833,18.234,23.9839,1.0829,1.0115,98.2716,1.3,42482.0,1.5,4.4248,0.0,11.63,9.921,10.2913232395892,9.78867414308619,127.75308000000001,0.0
6352,2016-05-05,SZSE:002091,0.4743,11.6923,10.0533,11.7692,11.4,8269.9596,11.4923,4.5756,32.5567,28.6794,42.0319,1.0461,71.4691,62.8503,64.7166,0.0,0.0,0.0,8551.1528,24.4503,22.1654,18.469,24.2931,1.0969,1.0246,56.366,1.3,42482.0,1.5,4.4838,0.0,11.63,9.881335544760228,10.119420333039693,9.801973948667072,73.2758,0.0
6353,2016-05-06,SZSE:002091,0.4409,10.8692,9.3456,11.8846,10.8539,7687.7979,11.6385,4.2535,30.2649,26.6605,39.0731,0.9725,72.7292,52.9662,54.3259,0.0,0.0,0.0,7968.9911,22.7857,20.6564,17.2116,22.6392,1.0222,0.9548,71.771,1.3,42482.0,1.5,4.1681,0.0,11.63,10.007062672505798,10.218665381076804,9.332444691421632,93.3023,0.0
6354,2016-05-09,SZSE:002091,0.4409,10.8539,9.3324,11.2231,10.6308,7676.9168,10.7923,4.2475,30.222,26.6228,39.0178,0.9711,72.111,52.7991,54.1509,0.0,0.0,0.0,7958.11,22.7546,20.6282,17.1881,22.6083,1.0208,0.9535,54.2418,1.3,42482.0,1.5,4.1623,0.0,11.63,9.279435089691264,9.649845533863404,9.140574164125338,70.51434,0.0
6355,2016-05-10,SZSE:002091,0.4409,10.1615,8.7371,10.7462,10.0154,7187.2479,10.6308,3.9765,28.2943,24.9247,36.529,0.9092,72.9427,45.7957,46.8385,0.0,0.0,0.0,7468.4411,21.3545,19.3589,16.1305,21.2172,0.958,0.8949,45.6876,1.3,42482.0,1.5,3.8968,0.0,11.63,9.140615330413818,9.23983900211583,8.61147973625941,59.39388,0.0
6356,2016-05-11,SZSE:002091,0.4409,10.0769,8.6644,10.4231,10.0769,7127.3998,10.3462,3.9434,28.0587,24.7171,36.2249,0.9016,72.3735,45.0099,46.0205,0.0,0.0,0.0,7408.5929,21.1834,19.2038,16.0013,21.0471,0.9503,0.8877,34.4125,1.3,42482.0,1.5,3.8643,0.0,11.63,8.895951659736625,8.962072427036091,8.6644,44.736250000000005,0.0
6357,2016-05-12,SZSE:002091,0.4409,10.5308,9.0546,10.6539,9.5769,7448.404,9.7615,4.121,29.3224,25.8303,37.8564,0.9422,72.2391,49.9688,50.9667,0.0,0.0,0.0,7729.5971,22.1012,20.0358,16.6946,21.9591,0.9915,0.9261,57.0738,1.3,42482.0,1.5,4.0384,0.0,11.63,8.39313992289285,9.160443930185743,8.234417018650056,74.19594000000001,0.0
6358,2016-05-13,SZSE:002091,0.4231,10.6846,9.1869,10.9846,10.2308,7557.2192,10.3846,4.1812,29.7508,26.2077,38.4094,0.956,71.6841,51.5633,52.5538,0.0,0.0,0.0,7838.4123,22.4123,20.3179,16.9296,22.2682,1.0055,0.9392,55.3526,1.3,42482.0,1.5,4.0974,0.0,11.63,8.928952112386051,9.44484788761395,8.7967108286693,71.95838,0.0
6359,2016-05-16,SZSE:002091,0.4231,11.4231,9.8218,11.4923,10.4692,8079.5328,10.5,4.4702,31.807,28.019,41.0641,1.022,72.5474,58.4145,59.3546,0.0,0.0,0.0,8360.7259,23.9058,21.6718,18.0577,23.7521,1.0725,1.0018,72.255,1.3,42482.0,1.5,4.3805,0.0,11.63,9.028100953331407,9.881299484378147,9.001618523868302,93.9315,0.0
6360,2016-05-17,SZSE:002091,0.4231,10.9154,9.3853,11.5923,10.9077,7720.4419,11.4615,4.2716,30.3934,26.7737,39.239,0.9766,73.1862,52.877,53.66,0.0,0.0,0.0,8001.635,22.879,20.741,17.2822,22.7319,1.0264,0.9587,81.1927,1.3,42482.0,1.5,4.1858,0.0,11.63,9.85484874122799,9.967313446140317,9.378679371346905,105.55051,0.0
6361,2016-05-18,SZSE:002091,0.4231,10.3846,8.9289,10.7385,10.0077,7345.0301,10.6692,4.0638,28.9155,25.4718,37.331,0.9291,73.9309,47.7777,48.4288,0.0,0.0,0.0,7626.2232,21.8056,19.7679,16.4713,21.6654,0.9783,0.9138,49.3561,1.3,42482.0,1.5,3.9823,0.0,11.63,9.173605134526126,9.233190748801109,8.604833361901276,64.16293,0.0
6362,2016-05-19,SZSE:002091,0.4231,10.6769,9.1802,10.9923,10.3154,7551.7786,10.3154,4.1782,29.7294,26.1888,38.3818,0.9553,74.0795,50.603,51.2476,0.0,0.0,0.0,7832.9718,22.3968,20.3038,16.9179,22.2528,1.0048,0.9385,50.9479,1.3,42482.0,1.5,4.0944,0.0,11.63,8.869375481647294,9.451386868847699,8.869375481647294,66.23227,0.0
6363,2016-05-20,SZSE:002091,0.4249,10.6,9.1141,10.8231,10.2308,7497.3711,10.4462,4.1481,29.5152,26.0001,38.1052,0.9484,73.5087,49.8388,50.4658,0.0,0.0,0.0,7778.5642,22.2412,20.1628,16.8004,22.0982,0.9978,0.932,41.8315,1.3,42482.0,1.5,4.0649,0.0,11.63,8.981859567924529,9.305926010377359,8.79665417735849,54.38095,0.0
6364,2016-05-23,SZSE:002091,0.4249,11.4769,9.8681,11.6539,10.6308,8117.618,10.6308,4.4913,31.957,28.1511,41.2576,1.0268,75.093,57.6839,58.279,0.0,0.0,0.0,8398.8111,24.0147,21.7705,18.14,23.8603,1.0774,1.0063,86.0306,1.3,42482.0,1.5,4.4012,0.0,11.63,9.140603950544136,10.020288631076335,9.140603950544136,111.83978000000002,0.0
6365,2016-05-24,SZSE:002091,0.4249,11.5923,9.9673,11.6154,11.0077,8199.2297,11.2923,4.5365,32.2782,28.4341,41.6724,1.0372,74.9065,58.6013,59.1912,0.0,0.0,0.0,8480.4229,24.248,21.982,18.3163,24.0921,1.0878,1.0161,72.7297,1.3,42482.0,1.5,4.4454,0.0,11.63,9.709353777076162,9.987161859165136,9.46464879359575,94.54861,0.0
6366,2016-05-25,SZSE:002091,0.4249,11.2923,9.7094,11.8385,11.1923,7987.0393,11.7308,4.4191,31.4429,27.6983,40.594,1.0103,71.8074,55.2474,55.7768,0.0,0.0,0.0,8268.2324,23.6413,21.432,17.858,23.4893,1.0606,0.9907,65.4128,1.3,42482.0,1.5,4.3304,0.0,11.63,10.086433190758306,10.179036325637824,9.623417516360707,85.03664,0.0
6367,2016-05-26,SZSE:002091,0.4249,11.9615,10.2848,12.1385,10.7539,8460.3858,11.1615,4.6809,33.3063,29.3398,42.9997,1.0702,72.3197,60.6568,61.1592,0.0,0.0,0.0,8741.5789,24.9948,22.659,18.8803,24.834,1.1213,1.0474,88.1955,1.3,42482.0,1.5,4.587,0.0,11.63,9.596939781799943,10.436989073276767,9.246475000627013,114.65415,0.0
6368,2016-05-27,SZSE:002091,0.5794,11.7077,10.0665,12.1385,11.6692,8280.8407,11.7615,4.5816,32.5995,28.3136,42.0872,1.0475,71.9481,57.8028,58.2626,0.0,0.0,0.0,8562.0339,24.4814,22.1936,18.0159,23.9163,1.0983,1.0008,77.5234,1.3,42482.0,1.5,0.0,0.0,11.63,10.112758248844775,10.436909918258923,10.033396978057175,100.78041999999999,0.0
6369,2016-05-30,SZSE:002091,0.5794,11.5462,9.9276,11.8846,11.2615,8166.585,11.5385,4.5184,32.1497,27.923,41.5065,1.033,68.5851,55.9971,56.4309,0.0,0.0,0.0,8447.7782,24.1547,21.8974,17.7754,23.5972,1.0836,0.9874,46.1827,1.3,42482.0,1.5,0.0,0.0,11.63,9.920979421801112,10.218561514610867,9.682810569711245,60.03751,0.0
6370,2016-05-31,SZSE:002091,0.5794,12.2692,10.5493,12.4231,11.6231,8678.0168,11.6308,4.8014,34.1631,29.6717,44.1058,1.0977,68.8491,61.7561,62.1647,0.0,0.0,0.0,8959.21,25.617,23.2231,18.8516,25.0257,1.1492,1.0472,77.9342,1.3,42482.0,1.5,0.0,0.0,11.63,10.000391096404005,10.681626253545463,9.993770484628177,101.31446000000001,0.0
6371,2016-06-01,SZSE:002091,0.5794,12.4462,10.7015,13.0308,12.1615,8803.1543,12.3077,4.8706,34.6557,30.0995,44.7419,1.1136,68.7969,63.031,63.4328,0.0,0.0,0.0,9084.3475,25.9748,23.5475,19.1149,25.3753,1.1653,1.0618,88.2327,1.3,42482.0,1.5,0.0,0.0,11.63,10.58241483746043,11.204151162603845,10.45670905577606,114.70250999999999,0.0
6372,2016-06-02,SZSE:002091,0.5794,12.5154,10.761,12.6539,12.1846,8852.1214,12.3154,4.8977,34.8485,30.267,44.9907,1.1198,67.9083,63.5432,63.942,0.0,0.0,0.0,9133.3145,26.1148,23.6744,19.2179,25.5121,1.1716,1.0676,59.4973,1.3,42482.0,1.5,0.0,0.0,11.63,10.5890358598207,10.880085167074164,10.47657131214344,77.34649,0.0
6373,2016-06-03,SZSE:002091,0.5986,12.4077,10.6684,12.8846,12.3385,8775.9502,12.5615,4.8555,34.5486,30.0065,44.6036,1.1101,67.9763,62.1019,62.4843,0.0,0.0,0.0,9057.1433,25.897,23.4769,19.0576,25.2993,1.1618,1.0587,61.5004,1.3,42482.0,1.5,0.0,0.0,11.63,10.800640457135488,11.078448595630134,10.608900392498207,79.95052,0.0
6374,2016-06-06,SZSE:002091,0.5986,12.6462,10.8734,12.6846,12.2154,8944.6142,12.4539,4.9489,35.2126,30.5832,45.4608,1.1315,66.5454,64.0465,64.4187,0.0,0.0,0.0,9225.8073,26.3793,23.9141,19.4125,25.7704,1.1834,1.0784,49.8445,1.3,42482.0,1.5,0.0,0.0,11.63,10.708057460739195,10.906416918916353,10.50299144090715,64.79785,0.0
6375,2016-06-07,SZSE:002091,0.5986,12.6154,10.847,12.8615,12.3846,8922.8513,12.5385,4.9368,35.1269,30.5088,45.3502,1.1287,66.4837,63.5931,63.9604,0.0,0.0,0.0,9204.0444,26.3171,23.8577,19.3667,25.7096,1.1806,1.0758,52.8001,1.3,42482.0,1.5,0.0,0.0,11.63,10.78087967880527,11.05860222426558,10.648553054203592,68.64013,0.0
6376,2016-06-08,SZSE:002091,0.5986,12.6308,10.8602,12.9462,12.2692,8933.7324,12.5,4.9428,35.1698,30.546,45.4055,1.1301,66.128,63.7313,64.0979,0.0,0.0,0.0,9214.9255,26.3482,23.8859,19.3896,25.74,1.182,1.0771,55.3077,1.3,42482.0,1.5,0.0,0.0,11.63,10.747735693701111,11.131386867023467,10.549289501852614,71.90001,0.0
6377,2016-06-09,SZSE:002091,0.5986,0.0,10.8602,0.0,0.0,8933.7324,0.0,4.9428,35.1698,30.546,45.4055,1.1301,66.128,63.7313,64.0979,0.0,0.0,0.0,9214.9255,26.3482,23.8859,19.3896,25.74,1.182,1.0771,0.0,1.3,42482.0,1.5,0.0,0.0,11.63,0.0,0.0,0.0,0.0,0.0
6378,2016-06-10,SZSE:002091,0.6013,0.0,10.8602,0.0,0.0,8933.7324,0.0,4.9428,35.1698,30.546,45.4055,1.1301,66.128,63.7313,64.0979,0.0,0.0,0.0,9214.9255,26.3482,23.8859,19.3896,25.74,1.182,1.0771,0.0,1.3,42482.0,1.5,0.0,0.0,11.63,0.0,0.0,0.0,0.0,0.0
6379,2016-06-13,SZSE:002091,0.6013,11.3692,9.7755,12.4385,11.3692,8041.4475,12.3692,4.4492,31.6571,27.4951,40.8705,1.0172,69.9101,47.726,47.9422,0.0,0.0,0.0,8322.6407,23.7969,21.5731,17.5121,23.2476,1.0676,0.9728,60.9837,1.3,42482.0,1.5,0.0,0.0,11.63,10.635323030644196,10.694908766667838,9.7755,79.27881000000001,0.0
6380,2016-06-14,SZSE:002091,0.6013,11.3769,9.7821,11.5846,11.0615,8046.8881,11.3692,4.4522,31.6785,27.5137,40.8981,1.0179,69.5005,47.8121,48.0282,0.0,0.0,0.0,8328.0812,23.8124,21.5872,17.5236,23.2628,1.0683,0.9735,29.2035,1.3,42482.0,1.5,0.0,0.0,11.63,9.775479376631596,9.960684866703584,9.510912388260422,37.964549999999996,0.0
6381,2016-06-15,SZSE:002091,0.6013,12.3077,10.5824,12.4154,11.1231,8705.221,11.2,4.8164,34.2702,29.7647,44.2441,1.1012,70.8413,57.0307,57.236,0.0,0.0,0.0,8986.4141,25.6948,23.2936,18.9088,25.1017,1.1527,1.0504,58.4803,1.3,42482.0,1.5,0.0,0.0,11.63,9.62997798126376,10.6750025561234,9.563857864588835,76.02439,0.0
6382,2016-06-16,SZSE:002091,0.6013,12.3846,10.6486,12.8385,12.1615,8759.6286,12.2154,4.8465,34.4844,29.9507,44.5206,1.1081,70.6816,57.6958,57.8998,0.0,0.0,0.0,9040.8217,25.8504,23.4346,19.0233,25.2537,1.1597,1.0568,69.561,1.3,42482.0,1.5,0.0,0.0,11.63,10.503117455549635,11.038874981832274,10.456772838848247,90.42930000000001,0.0
6383,2016-06-17,SZSE:002091,0.5977,12.6154,10.847,12.6154,12.0846,8922.8513,12.4231,4.9368,35.1269,30.5088,45.3502,1.1287,68.3574,59.7105,59.9104,0.0,0.0,0.0,9204.0444,26.3171,23.8577,19.3667,25.7096,1.1806,1.0758,54.0482,1.3,42482.0,1.5,0.0,0.0,11.63,10.681656205907066,10.847,10.39060641755315,70.26266000000001,0.0
6384,2016-06-20,SZSE:002091,0.5977,12.8539,11.052,13.3846,12.5923,9091.5153,13.0846,5.0301,35.7909,31.0855,46.2074,1.15,67.7977,61.7383,61.9335,0.0,0.0,0.0,9372.7084,26.7993,24.2949,19.7216,26.1808,1.2023,1.0956,73.036,1.3,42482.0,1.5,0.0,0.0,11.63,11.25035975073713,11.508304810213243,10.82707190813683,94.94680000000001,0.0
6385,2016-06-21,SZSE:002091,0.5977,12.4692,10.7213,13.0308,12.3077,8819.4767,12.8692,4.8796,34.72,30.1553,44.8248,1.1156,68.1423,56.7749,56.9423,0.0,0.0,0.0,9100.6698,26.0215,23.5898,19.1492,25.4209,1.1674,1.0638,58.717,1.3,42482.0,1.5,0.0,0.0,11.63,11.06522904115741,11.204176373785005,10.582438649632694,76.3321,0.0
6386,2016-06-22,SZSE:002091,0.5977,12.6077,10.8404,12.6077,12.1769,8917.41,12.2846,4.9338,35.1055,30.4902,45.3226,1.128,68.087,58.0814,58.2468,0.0,0.0,0.0,9198.6032,26.3015,23.8436,19.3553,25.6944,1.18,1.0752,35.412,1.3,42482.0,1.5,0.0,0.0,11.63,10.562590943629688,10.8404,10.469987924839582,46.0356,0.0
6387,2016-06-23,SZSE:002091,0.5977,12.1692,10.4634,12.5769,12.1539,8607.2869,12.5308,4.7622,33.8847,29.4298,43.7464,1.0888,68.5329,52.6539,52.7922,0.0,0.0,0.0,8888.48,25.4148,23.0398,18.7028,24.8282,1.1402,1.039,35.7385,1.3,42482.0,1.5,0.0,0.0,11.63,10.774313243269894,10.813951242481018,10.450244655359432,46.46005,0.0
6388,2016-06-24,SZSE:002091,0.5961,12.0462,10.3575,12.4,11.5308,8520.2347,12.1231,4.7141,33.5419,29.1322,43.3039,1.0778,68.5677,51.2074,51.3389,0.0,0.0,0.0,8801.4278,25.1659,22.8141,18.5196,24.585,1.129,1.0288,40.5123,1.3,42482.0,1.5,0.0,0.0,11.63,10.42361975145689,10.661702445584499,9.91435149673756,52.66599000000001,0.0
6389,2016-06-27,SZSE:002091,0.5961,12.3846,10.6486,12.3846,11.9462,8759.6286,12.0,4.8465,34.4844,29.9507,44.5206,1.1081,68.37,54.8785,55.0071,0.0,0.0,0.0,9040.8217,25.8504,23.4346,19.0233,25.2537,1.1597,1.0568,33.5291,1.3,42482.0,1.5,0.0,0.0,11.63,10.317910953926651,10.6486,10.271652319816546,43.587830000000004,0.0
6390,2016-06-28,SZSE:002091,0.5961,12.3308,10.6023,12.3539,12.0769,8721.5426,12.2923,4.8254,34.3344,28.2881,44.3271,1.1032,65.7453,54.1801,54.3057,0.0,0.0,0.0,9002.7357,25.7415,23.3359,18.9432,23.3686,1.1548,1.0228,30.305,1.3,42482.0,1.5,0.0,0.0,11.63,10.569196831511336,10.622161901093197,10.383991052486456,39.3965,0.0
6391,2016-06-29,SZSE:002091,0.5961,12.4231,10.6816,12.6769,12.3077,8786.832,12.3769,4.8616,34.5915,28.4998,44.6589,1.1115,62.0486,55.2319,55.3566,0.0,0.0,0.0,9068.0251,25.9282,23.5052,19.0805,23.538,1.1632,1.0302,42.3064,1.3,42482.0,1.5,0.0,0.0,11.63,10.641876426978772,10.899821706337386,10.58237704920672,54.99832,0.0
6392,2016-06-30,SZSE:002091,0.5961,12.1923,10.4832,12.4539,12.1,8623.6086,12.3692,4.7713,33.9489,27.9704,43.8293,1.0908,60.6319,52.017,52.1289,0.0,0.0,0.0,8904.8017,25.4615,23.0821,18.7371,23.1144,1.1423,1.0117,25.1085,1.3,42482.0,1.5,0.0,0.0,11.63,10.635302399055142,10.708129268472725,10.403838488226176,32.64105,0.0
6393,2016-07-01,SZSE:002091,0.569,11.9692,10.2914,12.2846,11.9615,8465.8271,12.2,4.684,33.3278,27.4587,43.0274,1.0709,60.9023,49.0452,49.1457,0.0,0.0,0.0,8747.0202,25.0103,22.6731,18.4051,22.7048,1.122,0.9937,21.7965,1.3,42482.0,1.5,0.0,0.0,11.63,10.489847274671654,10.562588346756673,10.284779358687295,28.33545,0.0
6394,2016-07-04,SZSE:002091,0.569,12.1154,10.4171,12.1692,11.8,8569.201,11.8923,4.7412,33.7347,27.794,43.5528,1.084,60.4343,51.0196,51.1194,0.0,0.0,0.0,8850.3941,25.3059,22.941,18.6226,22.9731,1.1353,1.0055,20.7715,1.3,42482.0,1.5,0.0,0.0,11.63,10.225273480859073,10.463358479290822,10.145911814715157,27.002950000000002,0.0
6395,2016-07-05,SZSE:002091,0.569,12.2077,10.4964,12.3923,11.8846,8634.4911,12.1846,4.7773,33.9917,28.0057,43.8846,1.0922,59.4666,52.2774,52.3765,0.0,0.0,0.0,8915.6842,25.4926,23.1103,18.76,23.1426,1.1437,1.0129,33.3697,1.3,42482.0,1.5,0.0,0.0,11.63,10.4765382045758,10.655122399796848,10.218592809456327,43.380610000000004,0.0
6396,2016-07-06,SZSE:002091,0.569,12.0231,10.3377,12.2769,11.9846,8503.9123,12.1308,4.705,33.4777,27.5822,43.221,1.0757,59.4255,49.5375,49.6275,0.0,0.0,0.0,8785.1054,25.1192,22.7718,18.4852,22.8037,1.1269,0.9981,24.0265,1.3,42482.0,1.5,0.0,0.0,11.63,10.430302597499814,10.555922277116549,10.304596935898397,31.23445,0.0
6397,2016-07-07,SZSE:002091,0.569,12.4385,10.6949,12.4385,11.9385,8797.7138,12.0692,4.8676,34.6343,28.5351,44.7142,1.1129,59.7955,55.2238,55.3109,0.0,0.0,0.0,9078.9069,25.9593,23.5334,19.1034,23.5663,1.1646,1.0314,46.8876,1.3,42482.0,1.5,0.0,0.0,11.63,10.377367615066126,10.6949,10.264988837078427,60.95388,0.0
6398,2016-07-08,SZSE:002091,0.5753,12.1692,10.4634,12.4615,12.1615,8607.2869,12.4385,4.7622,33.8847,27.9175,43.7464,1.0888,58.929,51.197,51.2729,0.0,0.0,0.0,8888.48,25.4148,23.0398,18.7028,23.072,1.1402,1.0098,29.0216,1.3,42482.0,1.5,0.0,0.0,11.63,10.69495126220294,10.714727270486145,10.45677933635736,37.72808,0.0
6399,2016-07-11,SZSE:002091,0.5753,11.9154,10.2451,12.2462,11.8846,8427.7411,12.1462,4.6629,33.1778,27.3351,42.8338,1.0661,59.1077,47.6677,47.7344,0.0,0.0,0.0,8708.9343,24.9014,22.5744,18.325,22.6059,1.1171,0.9894,25.733,1.3,42482.0,1.5,0.0,0.0,11.63,10.443546470953558,10.529528477432567,10.218617542004466,33.4529,0.0
6400,2016-07-12,SZSE:002091,0.5753,11.8462,10.1856,11.9769,11.5385,8378.7748,11.8769,4.6358,32.9851,27.1763,42.585,1.0599,59.1188,46.7217,46.7861,0.0,0.0,0.0,8659.9679,24.7614,22.4474,18.2219,22.4788,1.1109,0.9839,27.8363,1.3,42482.0,1.5,0.0,0.0,11.63,10.21199647481893,10.297978477486453,9.921033377792037,36.18719,0.0
6401,2016-07-13,SZSE:002091,0.5753,11.9231,10.2517,12.0,11.7923,8433.1824,11.8846,4.6659,33.1992,27.3528,42.8615,1.0668,59.1125,47.9575,48.0217,0.0,0.0,0.0,8714.3755,24.917,22.5885,18.3364,22.6201,1.1178,0.99,18.3887,1.3,42482.0,1.5,0.0,0.0,11.63,10.218596994070335,10.317820030025747,10.139235761672719,23.90531,0.0
6402,2016-07-14,SZSE:002091,0.5753,11.8846,10.2186,11.9769,11.7923,8405.9782,11.8769,4.6508,33.0922,28.3372,42.7232,1.0633,59.0429,47.3659,47.4287,0.0,0.0,0.0,8687.1714,24.8392,22.5179,18.2792,22.786,1.1143,0.9653,18.2488,1.3,42482.0,1.5,0.0,0.0,11.63,10.211979396866532,10.297961255742726,10.139238744257273,23.72344,0.0
6403,2016-07-15,SZSE:002091,0.521,11.8077,10.1525,11.9615,11.6462,8351.5707,11.9231,4.6207,32.878,28.1538,42.4467,1.0564,59.0397,46.14,46.1999,0.0,0.0,0.0,8632.7638,24.6836,22.3769,18.1647,22.6433,1.1074,0.9592,22.0351,1.3,42482.0,1.5,0.0,0.0,11.63,10.251723261092337,10.284740360104,10.013639023687933,28.64563,0.0
6404,2016-07-18,SZSE:002091,0.521,11.5923,9.9673,11.8,11.5462,8199.2297,11.7615,4.5365,32.2782,27.6402,41.6724,1.0372,58.6112,42.7998,42.8522,0.0,0.0,0.0,8480.4229,24.248,21.982,17.8441,22.2437,1.0878,0.9423,16.3361,1.3,42482.0,1.5,0.0,0.0,11.63,10.112781669729046,10.145884768337604,9.927662263744038,21.236929999999997,0.0
6405,2016-07-19,SZSE:002091,0.521,11.7462,10.0996,11.7539,11.5769,8308.0449,11.6077,4.5967,32.7066,28.007,42.2255,1.0509,58.6065,45.8171,45.8694,0.0,0.0,0.0,8589.238,24.5592,22.2641,18.0731,22.5292,1.1018,0.9544,12.8841,1.3,42482.0,1.5,0.0,0.0,11.63,9.98051513851288,10.106220602407587,9.954032728882533,16.74933,0.0
6406,2016-07-20,SZSE:002091,0.521,11.7923,10.1393,11.8462,11.6539,8340.6889,11.7308,4.6147,32.8351,28.1171,42.3914,1.0551,56.8451,46.725,46.7773,0.0,0.0,0.0,8621.882,24.6525,22.3487,18.1418,22.6148,1.106,0.958,15.1865,1.3,42482.0,1.5,0.0,0.0,11.63,10.086420837326052,10.185644501920745,10.020300388389034,19.74245,0.0
6407,2016-07-21,SZSE:002091,0.521,11.7308,10.0864,11.8385,11.6846,8297.1631,11.7923,4.5906,32.6638,27.9704,42.1702,1.0496,56.4814,45.6272,45.6773,0.0,0.0,0.0,8578.3562,24.5281,22.2359,18.0502,22.5006,1.1004,0.9532,12.7698,1.3,42482.0,1.5,0.0,0.0,11.63,10.13927905343199,10.17900283015651,10.04667622327548,16.600740000000002,0.0
6408,2016-07-22,SZSE:002091,0.5313,11.4692,9.8615,11.7462,11.4692,8112.1775,11.6923,4.4883,31.9355,27.3468,41.23,1.0262,56.5605,41.197,41.2387,0.0,0.0,0.0,8393.3706,23.9991,21.7564,17.661,22.0154,1.0767,0.9326,19.1124,1.3,42482.0,1.5,0.0,0.0,11.63,10.05332686237924,10.099671406898475,9.8615,24.846120000000003,0.0
6409,2016-07-25,SZSE:002091,0.5313,11.2,9.63,11.4846,11.1846,7921.7506,11.4385,4.3829,31.1859,26.7048,40.2621,1.0021,55.7114,37.1935,37.2283,0.0,0.0,0.0,8202.9437,23.4546,21.2628,17.2603,21.5159,1.0522,0.9115,16.2335,1.3,42482.0,1.5,0.0,0.0,11.63,9.835067410714286,9.87470517857143,9.61675875,21.10355,0.0
6410,2016-07-26,SZSE:002091,0.5313,11.4462,9.8416,11.5077,11.2692,8095.8551,11.3,4.4793,31.8713,27.2917,41.147,1.0241,55.7462,42.6783,42.7136,0.0,0.0,0.0,8377.0482,23.9525,21.7141,17.6266,21.9726,1.0746,0.9308,16.4544,1.3,42482.0,1.5,0.0,0.0,11.63,9.71589523160525,9.894478544844578,9.689412968496095,21.39072,0.0
6411,2016-07-27,SZSE:002091,0.5313,10.6923,9.1935,11.5077,10.5923,7562.6604,11.4615,4.1843,29.7722,25.4943,38.4371,0.9566,56.8214,33.1349,33.1575,0.0,0.0,0.0,7843.8536,22.4279,20.332,16.5047,20.574,1.0062,0.8716,26.8556,1.3,42482.0,1.5,0.0,0.0,11.63,9.854876897393451,9.894600782806318,9.107517564041412,34.91228,0.0
6412,2016-07-28,SZSE:002091,0.5313,10.7539,9.2464,10.8385,10.4846,7606.1862,10.7,4.2083,29.9436,25.641,38.6583,0.9621,56.6222,34.424,34.4468,0.0,0.0,0.0,7887.3793,22.5523,20.4448,16.5963,20.6882,1.0118,0.8764,15.0798,1.3,42482.0,1.5,0.0,0.0,11.63,9.200055793712048,9.319140628051219,9.01485093221994,19.603740000000002,0.0
6413,2016-07-29,SZSE:002091,0.5249,10.6308,9.1406,10.8385,10.5615,7519.1339,10.7615,4.1602,29.6009,25.3476,38.2158,0.9511,56.5637,33.0515,33.0728,0.0,0.0,0.0,7800.3271,22.3034,20.2192,16.4131,20.4599,1.0006,0.8667,9.4742,1.3,42482.0,1.5,0.0,0.0,11.63,9.252978788049816,9.319185113067688,9.081014307483914,12.31646,0.0
6414,2016-08-01,SZSE:002091,0.5249,10.3539,8.9025,10.6154,10.1539,7323.2665,10.6154,4.0518,28.8298,24.6873,37.2204,0.9264,56.3518,30.1398,30.158,0.0,0.0,0.0,7604.4596,21.7434,19.7115,16.001,19.9461,0.9755,0.845,13.0114,1.3,42482.0,1.5,0.0,0.0,11.63,9.127343175035493,9.127343175035493,8.730535812592358,16.914820000000002,0.0
6415,2016-08-02,SZSE:002091,0.5249,10.4769,9.0083,10.4769,10.3308,7410.3188,10.3539,4.1,29.1725,24.9807,37.6628,0.9374,55.9549,32.9663,32.9849,0.0,0.0,0.0,7691.5119,21.9923,19.9371,16.1841,20.1745,0.9866,0.8546,8.0176,1.3,42482.0,1.5,0.0,0.0,11.63,8.90254153136901,9.0083,8.882679575065142,10.422880000000001,0.0
6416,2016-08-03,SZSE:002091,0.5249,10.5923,9.1075,10.7308,10.4769,7491.9305,10.5154,4.1451,29.4938,25.2559,38.0776,0.9477,52.6377,35.5971,35.616,0.0,0.0,0.0,7773.1236,22.2257,20.1487,16.3559,20.3885,0.9971,0.8637,11.9061,1.3,42482.0,1.5,0.0,0.0,11.63,9.041379634262624,9.226585444143389,9.008276460258868,15.47793,0.0
6417,2016-08-04,SZSE:002091,0.5249,10.7692,9.2596,10.8385,10.5539,7617.068,10.6154,4.2144,29.9864,25.6777,38.7136,0.9635,52.6994,39.5167,39.5359,0.0,0.0,0.0,7898.2611,22.5835,20.473,16.6192,20.7168,1.0132,0.8776,16.6101,1.3,42482.0,1.5,0.0,0.0,11.63,9.127359306169447,9.319185696244848,9.074480225086358,21.59313,0.0
6418,2016-08-05,SZSE:002091,0.5281,10.6231,9.1339,10.7615,10.5923,7513.6934,10.7539,4.1572,29.5795,25.3292,38.1882,0.9504,52.6772,37.487,37.5045,0.0,0.0,0.0,7794.8865,22.2879,20.2051,16.4017,20.4456,0.9999,0.8661,11.0424,1.3,42482.0,1.5,0.0,0.0,11.63,9.246363793054758,9.252898386535003,9.107417700106371,14.355120000000001,0.0
6419,2016-08-08,SZSE:002091,0.5281,10.7077,9.2067,10.7231,10.5385,7573.5415,10.5846,4.1903,29.8151,25.531,38.4924,0.958,50.7103,39.4268,39.4444,0.0,0.0,0.0,7854.7346,22.459,20.3602,16.5276,20.6026,1.0076,0.8728,8.0325,1.3,42482.0,1.5,0.0,0.0,11.63,9.10085609608039,9.219941235746237,9.061218370891975,10.442250000000001,0.0
6420,2016-08-09,SZSE:002091,0.5281,10.8462,9.3258,10.8846,10.7077,7671.4756,10.7077,4.2445,30.2006,25.8611,38.9901,0.9704,50.7751,42.5673,42.5851,0.0,0.0,0.0,7952.6687,22.739,20.614,16.7337,20.8595,1.0201,0.8836,10.9137,1.3,42482.0,1.5,0.0,0.0,11.63,9.20671467057587,9.35881715992698,9.20671467057587,14.18781,0.0
6421,2016-08-10,SZSE:002091,0.5281,10.8,9.2861,10.9231,10.7308,7638.8316,10.8615,4.4023,27.4871,25.7511,36.2506,0.9641,49.0311,41.7896,41.8067,0.0,0.0,0.0,7918.1707,21.0059,19.0326,16.6611,20.769,1.0073,0.8798,10.9908,1.3,42482.0,1.5,0.0,0.0,11.63,9.338979180555553,9.391944343518517,9.226600174074074,14.28804,0.0
6422,2016-08-11,SZSE:002091,0.5281,10.6308,9.1406,10.8308,10.6308,7547.0552,10.7692,4.3333,27.0564,24.3881,35.6826,0.949,49.1102,38.9773,38.9925,0.0,0.0,0.0,7826.3943,20.7624,18.812,16.468,20.3151,0.9956,0.8892,11.5881,1.3,42482.0,1.5,0.0,0.0,11.63,9.259599420551604,9.3125644805659,9.1406,15.064530000000001,0.0
6423,2016-08-12,SZSE:002091,0.5363,10.7539,9.2464,10.8231,10.6154,7634.4308,10.6154,4.3835,27.3696,24.6704,36.0957,0.96,48.3892,42.0326,42.0479,0.0,0.0,0.0,7913.7699,20.9942,19.022,16.6518,20.5419,1.0067,0.8991,8.5831,1.3,42482.0,1.5,0.0,0.0,11.63,9.127315165660828,9.30589942625466,9.127315165660828,11.15803,0.0
6424,2016-08-15,SZSE:002091,0.5363,11.0769,9.5242,11.1769,10.7077,7863.7921,10.7692,4.5152,28.1919,25.4116,37.1801,0.9888,48.6564,49.2199,49.235,0.0,0.0,0.0,8143.1312,21.6027,19.5733,17.1344,21.1373,1.0359,0.9251,21.6536,1.3,42482.0,1.5,0.0,0.0,11.63,9.259631723677202,9.610182540241404,9.20675246142874,28.149680000000004,0.0
6425,2016-08-16,SZSE:002091,0.5363,11.4077,9.8086,11.6154,11.1615,8098.6128,11.1615,4.65,29.0337,26.1704,38.2904,1.0183,47.1733,55.3269,55.3415,0.0,0.0,0.0,8377.9519,22.2257,20.1377,17.6285,21.7468,1.0657,0.9518,32.7761,1.3,42482.0,1.5,0.0,0.0,11.63,9.596911638630049,9.98718518544492,9.596911638630049,42.60893,0.0
6426,2016-08-17,SZSE:002091,0.5363,11.3923,9.7953,11.5,11.2385,8087.6913,11.3846,4.6437,28.9946,26.1351,38.2387,1.017,46.2847,54.9956,55.0101,0.0,0.0,0.0,8367.0304,22.1967,20.1115,17.6055,21.7184,1.0643,0.9506,17.198,1.3,42482.0,1.5,0.0,0.0,11.63,9.788679404510063,9.887902355099497,9.663060053720494,22.357400000000002,0.0
6427,2016-08-18,SZSE:002091,0.5363,11.4077,9.8086,11.5846,11.3231,8098.6128,11.3462,4.65,29.0337,26.1704,38.2904,1.0183,45.1589,55.2839,55.2984,0.0,0.0,0.0,8377.9519,22.2257,20.1377,17.6285,21.7468,1.0657,0.9518,16.5662,1.3,42482.0,1.5,0.0,0.0,11.63,9.755720900795078,9.960702644704892,9.735858995240058,21.53606,0.0
6428,2016-08-19,SZSE:002091,0.5808,11.5,9.8879,11.5615,11.2462,8164.1447,11.3846,4.6876,29.2686,26.3822,38.6002,1.0266,44.8711,57.0616,57.0759,0.0,0.0,0.0,8443.4838,22.3995,20.2953,17.7664,21.9169,1.0741,0.9593,19.7945,1.3,42482.0,1.5,0.0,0.0,11.63,9.788677073043479,9.940778769565219,9.669678346086956,25.73285,0.0
6429,2016-08-22,SZSE:002091,0.5808,11.5769,9.9541,11.6846,11.4231,8218.7543,11.4692,4.719,29.4644,26.5587,38.8584,1.0334,44.8522,58.5407,58.5548,0.0,0.0,0.0,8498.0934,22.5444,20.4265,17.8813,22.0587,1.081,0.9655,27.6039,1.3,42482.0,1.5,0.0,0.0,11.63,9.861496922319446,10.046703077680554,9.821859021845226,35.88507,0.0
6430,2016-08-23,SZSE:002091,0.5808,11.5,9.8879,11.7462,11.4077,8164.1447,11.6539,4.6876,29.2686,26.3822,38.6002,1.0266,42.0425,56.4467,56.4599,0.0,0.0,0.0,8443.4838,22.3995,20.2953,17.7664,21.9169,1.0741,0.9593,20.9554,1.3,42482.0,1.5,0.0,0.0,11.63,10.020225896521739,10.099587041739131,9.80853885478261,27.242020000000004,0.0
6431,2016-08-24,SZSE:002091,0.5808,11.9308,10.2583,12.3077,11.3539,8469.9593,11.4615,4.8632,30.365,27.3704,40.0461,1.065,42.6243,64.1751,64.1871,0.0,0.0,0.0,8749.2984,23.2108,21.0303,18.4099,22.7107,1.113,0.994,44.8709,1.3,42482.0,1.5,0.0,0.0,11.63,9.854788065343481,10.582364879974522,9.76227179820297,58.33217,0.0
6432,2016-08-25,SZSE:002091,0.5808,11.7308,10.0864,11.8231,11.5385,8327.9735,11.6769,4.7817,29.856,26.9116,39.3748,1.0472,42.4314,58.9452,58.9555,0.0,0.0,0.0,8607.3126,22.8341,20.689,18.1111,22.3422,1.0949,0.9779,30.103,1.3,42482.0,1.5,0.0,0.0,11.63,10.040055593821393,10.165761571248336,9.921056228049238,39.133900000000004,0.0
6433,2016-08-26,SZSE:002091,0.5786,11.5231,9.9078,11.8,11.4615,8180.5276,11.7385,4.697,29.3274,26.4351,38.6776,1.0286,41.0068,54.0219,54.0307,0.0,0.0,0.0,8459.8667,22.443,20.3346,17.8009,21.9594,1.0762,0.9611,22.8935,1.3,42482.0,1.5,0.0,0.0,11.63,10.093005380496567,10.145884354036674,9.854835044389096,29.76155,0.0
6434,2016-08-29,SZSE:002091,0.5786,11.3385,9.749,11.5385,11.3077,8049.4647,11.5385,4.6218,28.8575,25.2921,38.058,1.0121,40.9135,50.0223,50.03,0.0,0.0,0.0,8328.8038,22.0953,20.0196,17.0847,20.9794,1.0595,0.9149,14.7486,1.3,42482.0,1.5,0.0,0.0,11.63,9.920962781673062,9.920962781673062,9.72251773162235,19.17318,0.0
6435,2016-08-30,SZSE:002091,0.5786,11.3846,9.7887,11.4923,11.1539,8082.2306,11.3462,4.6406,28.975,25.3951,38.2129,1.0163,40.8345,50.9991,51.0067,0.0,0.0,0.0,8361.5697,22.1822,20.0984,17.1519,21.0619,1.0637,0.9185,11.6373,1.3,42482.0,1.5,0.0,0.0,11.63,9.755682934841804,9.881302549935878,9.590339663229274,15.12849,0.0
6436,2016-08-31,SZSE:002091,0.5786,11.3539,9.7623,11.4769,11.3077,8060.3862,11.4154,4.6281,28.8967,25.3264,38.1096,1.0135,38.9577,50.2934,50.3008,0.0,0.0,0.0,8339.7253,22.1242,20.0459,17.1071,21.0069,1.0609,0.9161,9.9353,1.3,42482.0,1.5,0.0,0.0,11.63,9.81517887421943,9.868057748438863,9.722576357903453,12.915890000000001,0.0
6437,2016-09-01,SZSE:002091,0.5786,11.1154,9.5572,11.3846,11.1154,7891.0959,11.3462,4.5309,28.2898,24.7945,37.3092,0.9922,39.0288,45.0866,45.0927,0.0,0.0,0.0,8170.435,21.6751,19.6389,16.7599,20.5804,1.0393,0.8975,14.4062,1.3,42482.0,1.5,0.0,0.0,11.63,9.755645558414452,9.78866249707613,9.5572,18.72806,0.0
6438,2016-09-02,SZSE:002091,0.6075,10.9231,9.3919,11.1923,10.9077,7754.5722,11.1154,4.4525,27.8003,24.3656,36.6637,0.9751,39.1221,41.3672,41.3724,0.0,0.0,0.0,8033.9113,21.313,19.3108,16.4798,20.2366,1.022,0.8825,11.7785,1.3,42482.0,1.5,0.0,0.0,11.63,9.557243388781572,9.623363547893913,9.378658771777243,15.31205,0.0
6439,2016-09-05,SZSE:002091,0.6075,10.9615,9.425,11.1308,10.9385,7781.8767,10.9615,4.4681,27.8982,24.4513,36.7928,0.9785,39.1158,42.3908,42.396,0.0,0.0,0.0,8061.2157,21.3854,19.3764,16.5358,20.3053,1.0254,0.8855,8.7247,1.3,42482.0,1.5,0.0,0.0,11.63,9.425,9.570568809013368,9.405223965698127,11.342110000000002,0.0
6440,2016-09-06,SZSE:002091,0.6075,11.3846,9.7887,11.4231,10.8846,8082.2306,11.0,4.6406,28.975,25.3951,38.2129,1.0163,39.6897,52.2633,52.2684,0.0,0.0,0.0,8361.5697,22.1822,20.0984,17.1519,21.0619,1.0637,0.9185,20.6397,1.3,42482.0,1.5,0.0,0.0,11.63,9.45801345677494,9.821803047098712,9.35879029741932,26.83161,0.0
6441,2016-09-07,SZSE:002091,0.6075,11.2,9.63,11.3846,11.1923,7951.167,11.3539,4.5654,28.5051,24.9833,37.5932,0.9998,39.7957,48.3681,48.3725,0.0,0.0,0.0,8230.506,21.8345,19.7833,16.8831,20.7318,1.047,0.9041,15.8631,1.3,42482.0,1.5,0.0,0.0,11.63,9.762326517857144,9.788723035714288,9.623379375,20.62203,0.0
6442,2016-09-08,SZSE:002091,0.6075,11.2923,9.7094,11.3462,11.1692,8016.6981,11.2308,4.603,28.74,25.1892,37.9031,1.008,39.8415,50.3602,50.3646,0.0,0.0,0.0,8296.0372,22.0083,19.9408,17.0175,20.8968,1.0553,0.9113,11.5812,1.3,42482.0,1.5,0.0,0.0,11.63,9.656520772561835,9.75574455868158,9.60355556264003,15.055560000000002,0.0
6443,2016-09-09,SZSE:002091,0.6129,11.1308,9.5705,11.4308,11.1308,7902.0188,11.2846,4.5371,28.3289,24.8288,37.3609,0.9936,39.6059,46.9465,46.9504,0.0,0.0,0.0,8181.3579,21.7041,19.6652,16.7823,20.608,1.0407,0.8987,12.6883,1.3,42482.0,1.5,0.0,0.0,11.63,9.702740530779458,9.828446418945628,9.5705,16.494790000000002,0.0
6444,2016-09-12,SZSE:002091,0.6129,10.6692,9.1736,10.9385,10.6539,7574.3604,10.8308,4.349,27.1543,23.7993,35.8117,0.9524,40.0803,38.8447,38.8475,0.0,0.0,0.0,7853.6995,20.8349,18.8776,16.1102,19.7826,0.999,0.8627,15.1464,1.3,42482.0,1.5,0.0,0.0,11.63,9.312547040077982,9.405149739436883,9.160444741873805,19.69032,0.0
6445,2016-09-13,SZSE:002091,0.6129,10.7923,9.2795,10.8308,10.7077,7661.7352,10.7692,4.3992,27.4675,24.0739,36.2248,0.9634,34.6491,41.7324,41.7352,0.0,0.0,0.0,7941.0743,21.0667,19.0876,16.2894,20.0027,1.0102,0.8723,7.9402,1.3,42482.0,1.5,0.0,0.0,11.63,9.259638019699231,9.312603300501285,9.206758721495884,10.32226,0.0
6446,2016-09-14,SZSE:002091,0.6129,10.6385,9.1472,10.7692,10.5923,7552.516,10.7615,4.3365,27.0759,23.7307,35.7084,0.9497,34.7487,39.2382,39.2407,0.0,0.0,0.0,7831.8551,20.7769,18.8251,16.0653,19.7276,0.9963,0.8603,8.3511,1.3,42482.0,1.5,0.0,0.0,11.63,9.252957916999577,9.259578534567842,9.107476294590402,10.856430000000001,0.0
6447,2016-09-15,SZSE:002091,0.6129,0.0,9.1472,0.0,0.0,7552.516,0.0,4.3365,27.0759,23.7307,35.7084,0.9497,34.7487,39.2382,39.2407,0.0,0.0,0.0,7831.8551,20.7769,18.8251,16.0653,19.7276,0.9963,0.8603,0.0,1.3,42482.0,1.5,0.0,0.0,11.63,0.0,0.0,0.0,0.0,0.0
6448,2016-09-16,SZSE:002091,0.6422,0.0,9.1472,0.0,0.0,7552.516,0.0,4.3365,27.0759,23.7307,35.7084,0.9497,34.7487,39.2382,39.2407,0.0,0.0,0.0,7831.8551,20.7769,18.8251,16.0653,19.7276,0.9963,0.8603,0.0,1.3,42482.0,1.5,0.0,0.0,11.63,0.0,0.0,0.0,0.0,0.0
6449,2016-09-19,SZSE:002091,0.6422,10.7385,9.2332,10.8154,10.6769,7623.5086,10.6769,4.3772,27.3305,23.9537,36.0441,0.9586,31.2322,41.6782,41.6807,0.0,0.0,0.0,7902.8477,20.9653,18.9958,16.211,19.9064,1.0053,0.8681,6.4157,1.3,42482.0,1.5,0.0,0.0,11.63,9.180234956465055,9.29932032220515,9.180234956465055,8.34041,0.0
6450,2016-09-20,SZSE:002091,0.6422,10.8462,9.3258,10.8462,10.6923,7699.9626,10.7385,4.4211,27.6045,24.194,36.4055,0.9682,31.0425,44.2735,44.2761,0.0,0.0,0.0,7979.3017,21.1681,19.1795,16.3678,20.099,1.015,0.8765,7.3161,1.3,42482.0,1.5,0.0,0.0,11.63,9.2331971842673,9.3258,9.193473413730153,9.51093,0.0
6451,2016-09-21,SZSE:002091,0.6422,10.9,9.3721,10.9539,10.8154,7738.19,10.8462,4.4431,27.7416,24.3141,36.5863,0.973,30.5729,45.5776,45.5801,0.0,0.0,0.0,8017.5291,21.2695,19.2714,16.4462,20.1953,1.0199,0.8807,8.6964,1.3,42482.0,1.5,0.0,0.0,11.63,9.32584137798165,9.418444604587155,9.29935874678899,11.305320000000002,0.0
6452,2016-09-22,SZSE:002091,0.6422,0.0,9.3721,0.0,0.0,7738.19,0.0,4.4431,27.7416,24.3141,36.5863,0.973,30.5729,45.5776,45.5801,0.0,0.0,0.0,8017.5291,21.2695,19.2714,16.4462,20.1953,1.0199,0.8807,0.0,1.3,42482.0,1.5,0.0,0.0,11.63,0.0,0.0,0.0,0.0,0.0
6453,2016-09-23,SZSE:002091,0.6899,0.0,9.3721,0.0,0.0,7738.19,0.0,4.4431,27.7416,24.3141,36.5863,0.973,30.5729,45.5776,45.5801,0.0,0.0,0.0,8017.5291,21.2695,19.2714,16.4462,20.1953,1.0199,0.8807,0.0,1.3,42482.0,1.5,0.0,0.0,11.63,0.0,0.0,0.0,0.0,0.0
6454,2016-09-26,SZSE:002091,0.6899,0.0,9.3721,0.0,0.0,7738.19,0.0,4.4431,27.7416,24.3141,36.5863,0.973,30.5729,45.5776,45.5801,0.0,0.0,0.0,8017.5291,21.2695,19.2714,16.4462,20.1953,1.0199,0.8807,0.0,1.3,42482.0,1.5,0.0,0.0,11.63,0.0,0.0,0.0,0.0,0.0
6455,2016-09-27,SZSE:002091,0.6899,0.0,9.3721,0.0,0.0,7738.19,0.0,4.4431,27.7416,24.3141,36.5863,0.973,30.5729,45.5776,45.5801,0.0,0.0,0.0,8017.5291,21.2695,19.2714,16.4462,20.1953,1.0199,0.8807,0.0,1.3,42482.0,1.5,0.0,0.0,11.63,0.0,0.0,0.0,0.0,0.0
6456,2016-09-28,SZSE:002091,0.6899,0.0,9.3721,0.0,0.0,7738.19,0.0,4.4431,27.7416,24.3141,36.5863,0.973,30.5729,45.5776,45.5801,0.0,0.0,0.0,8017.5291,21.2695,19.2714,16.4462,20.1953,1.0199,0.8807,0.0,1.3,42482.0,1.5,0.0,0.0,11.63,0.0,0.0,0.0,0.0,0.0
6457,2016-09-29,SZSE:002091,0.6899,0.0,9.3721,0.0,0.0,7738.19,0.0,4.4431,27.7416,24.3141,36.5863,0.973,30.5729,45.5776,45.5801,0.0,0.0,0.0,8017.5291,21.2695,19.2714,16.4462,20.1953,1.0199,0.8807,0.0,1.3,42482.0,1.5,0.0,0.0,11.63,0.0,0.0,0.0,0.0,0.0
6458,2016-09-30,SZSE:002091,0.681,11.0539,9.5043,11.2692,11.0462,7847.4092,11.0462,4.5058,28.1331,24.6573,37.1027,0.9867,30.4891,49.2329,49.2354,0.0,0.0,0.0,8126.7483,21.5592,19.5339,16.6703,20.4704,1.0338,0.8927,16.5449,1.3,42482.0,1.5,0.0,0.0,11.63,9.497679430789134,9.689417993649299,9.497679430789134,21.50837,0.0
6459,2016-10-03,SZSE:002091,0.681,0.0,9.5043,0.0,0.0,7847.4092,0.0,4.5058,28.1331,24.6573,37.1027,0.9867,30.4891,49.2329,49.2354,0.0,0.0,0.0,8126.7483,21.5592,19.5339,16.6703,20.4704,1.0338,0.8927,0.0,1.3,42482.0,1.5,0.0,0.0,11.63,0.0,0.0,0.0,0.0,0.0
6460,2016-10-04,SZSE:002091,0.681,0.0,9.5043,0.0,0.0,7847.4092,0.0,4.5058,28.1331,24.6573,37.1027,0.9867,30.4891,49.2329,49.2354,0.0,0.0,0.0,8126.7483,21.5592,19.5339,16.6703,20.4704,1.0338,0.8927,0.0,1.3,42482.0,1.5,0.0,0.0,11.63,0.0,0.0,0.0,0.0,0.0
6461,2016-10-05,SZSE:002091,0.681,0.0,9.5043,0.0,0.0,7847.4092,0.0,4.5058,28.1331,24.6573,37.1027,0.9867,30.4891,49.2329,49.2354,0.0,0.0,0.0,8126.7483,21.5592,19.5339,16.6703,20.4704,1.0338,0.8927,0.0,1.3,42482.0,1.5,0.0,0.0,11.63,0.0,0.0,0.0,0.0,0.0
6462,2016-10-06,SZSE:002091,0.681,0.0,9.5043,0.0,0.0,7847.4092,0.0,4.5058,28.1331,24.6573,37.1027,0.9867,30.4891,49.2329,49.2354,0.0,0.0,0.0,8126.7483,21.5592,19.5339,16.6703,20.4704,1.0338,0.8927,0.0,1.3,42482.0,1.5,0.0,0.0,11.63,0.0,0.0,0.0,0.0,0.0
6463,2016-10-07,SZSE:002091,0.7572,0.0,9.5043,0.0,0.0,7847.4092,0.0,4.5058,28.1331,24.6573,37.1027,0.9867,30.4891,49.2329,49.2354,0.0,0.0,0.0,8126.7483,21.5592,19.5339,16.6703,20.4704,1.0338,0.8927,0.0,1.3,42482.0,1.5,0.0,0.0,11.63,0.0,0.0,0.0,0.0,0.0
6464,2016-10-10,SZSE:002091,0.7572,11.2615,9.6829,11.2692,10.9846,7994.8551,11.0308,4.5904,28.6617,25.1205,37.7998,1.0053,30.3689,53.7492,53.7517,0.0,0.0,0.0,8274.1942,21.9504,19.8883,16.9727,20.8418,1.0525,0.9089,13.3718,1.3,42482.0,1.5,0.0,0.0,11.63,9.484538766594147,9.689520639346446,9.444814930515474,17.38334,0.0
6465,2016-10-11,SZSE:002091,0.7572,11.2462,9.6697,11.3154,11.1539,7983.9329,11.2846,4.5842,28.6226,25.0862,37.7481,1.0039,30.0574,53.3704,53.3729,0.0,0.0,0.0,8263.272,21.9214,19.8621,16.9503,20.8143,1.0512,0.9077,11.6341,1.3,42482.0,1.5,0.0,0.0,11.63,9.702717061763085,9.729199496718893,9.590338677064253,15.12433,0.0
6466,2016-10-12,SZSE:002091,0.7572,11.1154,9.5572,11.2231,11.0615,7891.0959,11.1692,4.5309,28.2898,24.7945,37.3092,0.9922,30.1286,50.1364,50.1386,0.0,0.0,0.0,8170.435,21.6751,19.6389,16.7599,20.5804,1.0393,0.8975,7.8185,1.3,42482.0,1.5,0.0,0.0,13.0769,9.603458106770788,9.649802195152672,9.510855911618115,10.164050000000001,0.0
6467,2016-10-13,SZSE:002091,0.7572,11.1231,9.5639,11.2231,11.0923,7896.5573,11.1077,4.534,28.3093,24.8117,37.335,0.9929,30.0843,50.3271,50.3293,0.0,0.0,0.0,8175.8964,21.6896,19.6521,16.7711,20.5942,1.04,0.8981,7.6844,1.3,42482.0,1.5,0.0,0.0,13.0769,9.550658721939028,9.649882325071248,9.537417443878056,9.98972,0.0
6468,2016-10-14,SZSE:002091,0.7455,11.1077,9.5506,11.1769,11.0,7885.6358,11.1231,4.5277,28.2702,24.7774,37.2834,0.9915,30.0812,49.916,49.9181,0.0,0.0,0.0,8164.9749,21.6607,19.6258,16.7487,20.5667,1.0386,0.8969,7.7612,1.3,42482.0,1.5,0.0,0.0,13.0769,9.563841196647372,9.610099403116756,9.457997605264817,10.08956,0.0
6469,2016-10-17,SZSE:002091,0.7455,11.2,9.63,11.3846,11.0308,7951.167,11.1077,4.5654,28.5051,24.9833,37.5932,0.9998,30.1286,52.4271,52.4292,0.0,0.0,0.0,8230.506,21.8345,19.7833,16.8831,20.7318,1.047,0.9041,17.3097,1.3,42482.0,1.5,0.0,0.0,13.0769,9.550638482142858,9.788723035714288,9.484518214285714,22.50261,0.0
6470,2016-10-18,SZSE:002091,0.7455,11.5308,9.9144,11.5923,11.1539,8185.9884,11.2,4.7002,29.347,25.7211,38.7035,1.0293,30.5729,60.1392,60.1412,0.0,0.0,0.0,8465.3275,22.4575,20.3478,17.3648,21.3232,1.0769,0.9299,30.1498,1.3,42482.0,1.5,0.0,0.0,13.0769,9.629971901342492,9.96727886356541,9.590334249141431,39.19474,0.0
6471,2016-10-19,SZSE:002091,0.7455,11.3615,9.7689,11.5154,11.2846,8065.8476,11.4615,4.6312,28.9162,25.3436,38.1354,1.0142,30.5919,55.208,55.2097,0.0,0.0,0.0,8345.1867,22.1387,20.059,17.1183,21.0206,1.0616,0.9167,16.9562,1.3,42482.0,1.5,0.0,0.0,13.0769,9.854882484707124,9.901227043964266,9.702779469260221,22.04306,0.0
6472,2016-10-20,SZSE:002091,0.7455,11.3615,9.7689,11.4846,11.3231,8065.8476,11.3615,4.6312,28.9162,25.3436,38.1354,1.0142,30.5761,55.208,55.2097,0.0,0.0,0.0,8345.1867,22.1387,20.059,17.1183,21.0206,1.0616,0.9167,10.233,1.3,42482.0,1.5,0.0,0.0,13.0769,9.7689,9.87474443867447,9.735882725872465,13.302900000000001,0.0
6473,2016-10-21,SZSE:002091,0.7408,11.0769,9.5242,11.3539,10.9077,7863.7921,11.3462,4.5152,28.1919,24.7087,37.1801,0.9888,31.0283,47.5957,47.597,0.0,0.0,0.0,8143.1312,21.6027,19.5733,16.7039,20.5117,1.0359,0.8945,14.6236,1.3,42482.0,1.5,0.0,0.0,13.0769,9.755750980870099,9.762371636468687,9.378717541911547,19.01068,0.0
6474,2016-10-24,SZSE:002091,0.7408,11.1539,9.5903,11.2,11.0462,7918.4018,11.1385,4.5465,28.3876,24.8803,37.4383,0.9957,30.7073,49.6177,49.619,0.0,0.0,0.0,8197.7408,21.7476,19.7046,16.8159,20.6492,1.0428,0.9005,8.5031,1.3,42482.0,1.5,0.0,0.0,13.0769,9.57705883592286,9.6299375106465,9.497697833044944,11.054030000000001,0.0
6475,2016-10-25,SZSE:002091,0.7408,11.1692,9.6035,11.2462,11.1231,7929.3233,11.1615,4.3326,26.8839,24.9146,38.3246,0.9606,30.2756,50.0329,50.0342,0.0,0.0,0.0,8182.2559,21.589,19.6072,16.7841,20.6102,0.9959,0.8988,7.1305,1.3,42482.0,1.5,0.0,0.0,13.0769,9.596879387064428,9.66970612935573,9.56386230437274,9.26965,0.0
6476,2016-10-26,SZSE:002091,0.7408,11.3308,9.7424,11.4385,11.1923,8044.0032,11.1923,4.3952,27.2727,25.275,38.8788,0.9745,30.0606,54.2927,54.294,0.0,0.0,0.0,8296.9358,21.8915,19.882,17.0194,20.8991,1.0098,0.9114,17.4284,1.3,42482.0,1.5,0.0,0.0,13.0769,9.623315522293218,9.83500215342253,9.623315522293218,22.65692,0.0
6477,2016-10-27,SZSE:002091,0.7408,11.2385,9.6631,11.4154,11.2154,7978.4721,11.3462,4.3594,27.0505,25.0691,38.5621,0.9665,26.1078,51.5864,51.5875,0.0,0.0,0.0,8231.4047,21.7186,19.725,16.8849,20.734,1.0018,0.9042,10.8716,1.3,42482.0,1.5,0.0,0.0,13.0769,9.755702737909864,9.815202361525115,9.643238131423233,14.133080000000001,0.0
6478,2016-10-28,SZSE:002091,0.757,10.8769,9.3522,11.3,10.8462,7721.807,11.2385,4.2192,26.1803,24.2626,37.3216,0.9354,27.0833,42.6244,42.6252,0.0,0.0,0.0,7974.7396,21.0414,19.1099,16.3584,20.0875,0.9706,0.876,16.7927,1.3,42482.0,1.5,0.0,0.0,13.0769,9.663111704621722,9.71599076942879,9.325803458706066,21.83051,0.0
6479,2016-10-31,SZSE:002091,0.757,10.9231,9.3919,10.9615,10.7923,7754.5722,10.8923,4.2371,26.2914,24.3656,37.4799,0.9394,26.9711,43.9627,43.9636,0.0,0.0,0.0,8007.5048,21.1279,19.1884,16.4257,20.17,0.9746,0.8796,7.885,1.3,42482.0,1.5,0.0,0.0,13.0769,9.365417543554486,9.424917088555446,9.27943554210801,10.2505,0.0
6480,2016-11-01,SZSE:002091,0.757,10.8308,9.3125,10.8692,10.6846,7689.0404,10.8462,4.2013,26.0692,24.1596,37.1632,0.9315,26.3876,41.8596,41.8604,0.0,0.0,0.0,7941.973,20.955,19.0314,16.2912,20.005,0.9666,0.8724,27.8006,1.3,42482.0,1.5,0.0,0.0,13.0769,9.32574117332053,9.345516951656387,9.1867948350999,36.14078,0.0
6481,2016-11-02,SZSE:002091,0.757,10.7231,9.2199,10.8154,10.7077,7612.5871,10.7462,4.1595,25.81,23.9194,36.7937,0.9222,26.3766,39.4863,39.487,0.0,0.0,0.0,7865.5197,20.7533,18.8482,16.1344,19.8124,0.9573,0.864,10.0012,1.3,42482.0,1.5,0.0,0.0,13.0769,9.239761764788168,9.299261077486921,9.206658823474557,13.001560000000001,0.0
6482,2016-11-03,SZSE:002091,0.757,10.7539,9.2464,10.8308,10.6769,7634.4308,10.6923,4.1714,25.8841,23.9881,36.8993,0.9248,26.2801,40.5239,40.5245,0.0,0.0,0.0,7887.3634,20.8109,18.9005,16.1792,19.8674,0.96,0.8664,10.4046,1.3,42482.0,1.5,0.0,0.0,13.0769,9.19343519281377,9.312520027152939,9.180193991017212,13.52598,0.0
6483,2016-11-04,SZSE:002091,0.7486,10.7615,9.253,10.8462,10.7077,7639.8915,10.7231,4.1744,25.9026,24.0052,36.9257,0.9255,26.0319,40.7971,40.7978,0.0,0.0,0.0,7892.8241,20.8253,18.9136,16.1904,19.8812,0.9606,0.867,8.2226,1.3,42482.0,1.5,0.0,0.0,13.0769,9.219982744041259,9.325827124471497,9.206741448682806,10.68938,0.0
6484,2016-11-07,SZSE:002091,0.7486,10.8231,9.3059,10.8846,10.7539,7683.5796,10.8,4.1983,26.0507,24.1425,37.1368,0.9308,25.8832,43.0517,43.0524,0.0,0.0,0.0,7936.5123,20.9406,19.0183,16.28,19.9912,0.9659,0.8718,9.9012,1.3,42482.0,1.5,0.0,0.0,13.0769,9.286038196080606,9.35877882861657,9.246400570076963,12.871559999999999,0.0
6485,2016-11-08,SZSE:002091,0.7486,10.8231,9.3059,10.8923,10.7615,7683.5796,10.8615,4.1983,26.0507,24.1425,37.1368,0.9308,25.8279,43.0517,43.0524,0.0,0.0,0.0,7936.5123,20.9406,19.0183,16.28,19.9912,0.9659,0.8718,8.4188,1.3,42482.0,1.5,0.0,0.0,13.0769,9.338917024697174,9.365399429923036,9.25293518954828,10.94444,0.0
6486,2016-11-09,SZSE:002091,0.7486,10.5923,9.1075,10.8462,10.5308,7519.7508,10.8231,4.1088,25.4953,23.6277,36.345,0.911,26.0983,36.9346,36.9352,0.0,0.0,0.0,7772.6834,20.5083,18.6257,15.944,19.5786,0.946,0.8538,12.4897,1.3,42482.0,1.5,0.0,0.0,13.0769,9.305947079482266,9.325808983884519,9.054620903864128,16.23661,0.0
6487,2016-11-10,SZSE:002091,0.7486,10.7923,9.2795,10.9077,10.6923,7661.7352,10.6923,4.1863,25.9766,24.0739,37.0312,0.9282,26.4113,44.3187,44.3192,0.0,0.0,0.0,7914.6678,20.8829,18.966,16.2352,19.9362,0.9633,0.8694,14.2292,1.3,42482.0,1.5,0.0,0.0,13.0769,9.193517401295368,9.378723918905147,9.193517401295368,18.497960000000003,0.0
6488,2016-11-11,SZSE:002091,0.7462,10.8154,9.2993,10.8385,10.6692,7678.1182,10.7846,4.1953,26.0322,24.1253,37.1104,0.9301,26.1821,45.1172,45.1177,0.0,0.0,0.0,7931.0508,20.9262,19.0052,16.2688,19.9775,0.9653,0.8712,12.7681,1.3,42482.0,1.5,0.0,0.0,13.0769,9.272817536105922,9.319161847920558,9.173594278528764,16.59853,0.0
6489,2016-11-14,SZSE:002091,0.7462,10.8462,9.3258,10.8462,10.7385,7699.9626,10.8,4.2072,26.1063,24.194,37.216,0.9328,26.0714,46.2246,46.2251,0.0,0.0,0.0,7952.8952,20.9838,19.0576,16.3136,20.0325,0.9679,0.8736,10.5866,1.3,42482.0,1.5,0.0,0.0,13.0769,9.286076229462854,9.3258,9.2331971842673,13.762580000000002,0.0
6490,2016-11-15,SZSE:002091,0.7462,10.8923,9.3654,10.9,10.8,7732.7278,10.8462,4.2251,26.2173,24.2969,37.3744,0.9368,25.265,47.9219,47.9224,0.0,0.0,0.0,7985.6604,21.0702,19.1361,16.3808,20.115,0.9719,0.8772,10.1776,1.3,42482.0,1.5,0.0,0.0,13.0769,9.325762371583593,9.372020601709465,9.286038761326807,13.23088,0.0
6491,2016-11-16,SZSE:002091,0.7462,10.9692,9.4316,11.0769,10.9,7787.3381,10.9077,4.255,26.4025,24.4685,37.6383,0.9434,24.4523,50.7141,50.7146,0.0,0.0,0.0,8040.2707,21.2143,19.267,16.4929,20.2526,0.9786,0.8832,15.7963,1.3,42482.0,1.5,0.0,0.0,13.0769,9.378720719833716,9.524203227218027,9.372100061991757,20.53519,0.0
6492,2016-11-17,SZSE:002091,0.7462,10.9231,9.3919,11.0462,10.8539,7754.5722,11.0,4.2371,26.2914,24.3656,37.4799,0.9394,24.4634,49.016,49.0165,0.0,0.0,0.0,8007.5048,21.1279,19.1884,16.4257,20.17,0.9746,0.8796,12.1039,1.3,42482.0,1.5,0.0,0.0,13.0769,9.45802015911234,9.497743843780611,9.33240045499904,15.73507,0.0
6493,2016-11-18,SZSE:002091,0.7575,10.8308,9.3125,10.9615,10.8077,7689.0404,10.9615,4.2013,26.0692,24.1596,37.1632,0.9315,24.5156,45.7188,45.7192,0.0,0.0,0.0,7941.973,20.955,19.0314,16.2912,20.005,0.9666,0.8724,8.851,1.3,42482.0,1.5,0.0,0.0,13.0769,9.42487800993463,9.42487800993463,9.292638240019205,11.506300000000001,0.0
6494,2016-11-21,SZSE:002091,0.7575,10.8231,9.3059,10.8692,10.7692,7683.5796,10.8615,4.1983,26.0507,24.1425,37.1368,0.9308,24.4333,45.4445,45.4449,0.0,0.0,0.0,7936.5123,20.9406,19.0183,16.28,19.9912,0.9659,0.8718,7.5642,1.3,42482.0,1.5,0.0,0.0,13.0769,9.338917024697174,9.345537626003638,9.259555790854746,9.83346,0.0
6495,2016-11-22,SZSE:002091,0.7575,10.9231,9.3919,10.9308,10.8154,7754.5722,10.8462,4.2371,26.2914,24.3656,37.4799,0.9394,24.4792,49.6724,49.6728,0.0,0.0,0.0,8007.5048,21.1279,19.1884,16.4257,20.17,0.9746,0.8796,8.3654,1.3,42482.0,1.5,0.0,0.0,13.0769,9.325779840887659,9.398520614111378,9.299297384442147,10.87502,0.0
6496,2016-11-23,SZSE:002091,0.7575,10.8692,9.3456,11.0385,10.8385,7716.3455,11.0,4.2162,26.1618,24.2454,37.2952,0.9348,24.4634,47.5361,47.5365,0.0,0.0,0.0,7969.2782,21.027,19.0968,16.3472,20.0738,0.9699,0.8754,12.2566,1.3,42482.0,1.5,0.0,0.0,13.0769,9.458064990983697,9.49116821845214,9.319203400434255,15.933580000000001,0.0
6497,2016-11-24,SZSE:002091,0.7575,10.7769,9.2662,10.9077,10.7615,7650.8144,10.8769,4.1804,25.9396,24.0395,36.9784,0.9268,23.0309,44.0396,44.0399,0.0,0.0,0.0,7903.7471,20.8541,18.9398,16.2128,19.9087,0.962,0.8682,10.2111,1.3,42482.0,1.5,0.0,0.0,13.0769,9.352182054208537,9.378664526904767,9.252958763651884,13.27443,0.0
6498,2016-11-25,SZSE:002091,0.7655,10.8462,9.3258,10.8539,10.6385,7699.9626,10.8,4.2072,26.1063,24.194,37.216,0.9328,22.8569,47.1778,47.1781,0.0,0.0,0.0,7952.8952,20.9838,19.0576,16.3136,20.0325,0.9679,0.8736,9.9129,1.3,42482.0,1.5,0.0,0.0,13.0769,9.286076229462854,9.332420628422858,9.14721499695746,12.88677,0.0
6499,2016-11-28,SZSE:002091,0.7655,10.9,9.3721,10.9231,10.8231,7738.19,10.8692,4.2281,26.2359,23.6597,37.4008,0.9374,22.6071,49.5477,49.548,0.0,0.0,0.0,7991.1226,21.0847,19.1492,15.9902,19.5502,0.9726,0.8496,8.5565,1.3,42482.0,1.5,0.0,0.0,13.0769,9.34561736880734,9.391961973394494,9.305979404587156,11.12345,0.0
6500,2016-11-29,SZSE:002091,0.7655,10.8077,9.2927,10.9692,10.8077,7672.6574,10.8846,4.1923,26.0137,23.4593,37.084,0.9295,22.4221,45.7576,45.7579,0.0,0.0,0.0,7925.5901,20.9117,18.9921,15.8591,19.3898,0.9646,0.8427,10.6797,1.3,42482.0,1.5,0.0,0.0,13.0769,9.358820324398346,9.431561279458164,9.2927,13.883610000000001,0.0
6501,2016-11-30,SZSE:002091,0.7655,10.8154,9.2993,10.9,10.7615,7678.1182,10.8077,4.1953,26.0322,23.476,37.1104,0.9301,22.3984,46.1274,46.1277,0.0,0.0,0.0,7931.0508,20.9262,19.0052,15.87,19.4032,0.9653,0.8433,7.4086,1.3,42482.0,1.5,0.0,0.0,13.0769,9.292679384026481,9.372040793683082,9.252955688185367,9.63118,0.0
6502,2016-12-01,SZSE:002091,0.7655,10.8615,9.339,10.8846,10.8077,7710.8841,10.8692,4.2132,26.1433,23.5762,37.2688,0.9341,22.1786,48.4006,48.4009,0.0,0.0,0.0,7963.8167,21.0126,19.0837,15.9356,19.4833,0.9693,0.8467,6.2487,1.3,42482.0,1.5,0.0,0.0,13.0769,9.345620660129818,9.35886198038945,9.292741361690375,8.12331,0.0
6503,2016-12-02,SZSE:002091,0.7749,10.6615,9.167,10.8692,10.6539,7568.899,10.8462,4.1356,25.6619,23.142,36.5825,0.9169,22.2213,40.4379,40.4381,0.0,0.0,0.0,7821.8316,20.638,18.7435,15.6515,19.136,0.952,0.8316,9.3792,1.3,42482.0,1.5,0.0,0.0,13.0769,9.325809257609153,9.345585180321716,9.160465347277588,12.192960000000001,0.0
6504,2016-12-05,SZSE:002091,0.7749,10.7231,9.2199,10.8154,10.6308,7612.5871,10.6385,4.1595,25.81,23.2756,36.7937,0.9222,22.2466,43.5171,43.5173,0.0,0.0,0.0,7865.5197,20.7533,18.8482,15.7389,19.2429,0.9573,0.8363,9.2785,1.3,42482.0,1.5,0.0,0.0,13.0769,9.147159510775802,9.299261077486921,9.14053892251308,12.06205,0.0
6505,2016-12-06,SZSE:002091,0.7749,10.9154,9.3853,10.9231,10.7154,7749.1107,10.7462,4.2341,26.2729,23.693,37.4535,0.9387,20.9501,51.8875,51.8877,0.0,0.0,0.0,8002.0434,21.1135,19.1753,16.0121,19.5769,0.9739,0.8508,12.4523,1.3,42482.0,1.5,0.0,0.0,13.0769,9.239818134012497,9.391920628653097,9.213335619400116,16.18799,0.0
6506,2016-12-07,SZSE:002091,0.7749,10.8923,9.3654,10.9539,10.8077,7732.7278,10.9231,4.2251,26.2173,23.643,37.3744,0.9368,20.6623,50.9125,50.9127,0.0,0.0,0.0,7985.6604,21.0702,19.1361,15.9793,19.5368,0.9719,0.8491,12.4211,1.3,42482.0,1.5,0.0,0.0,13.0769,9.391882406837857,9.418364813675716,9.292659363036272,16.14743,0.0
6507,2016-12-08,SZSE:002091,0.7749,10.8077,9.2927,10.9769,10.7923,7672.6574,10.9615,4.1923,26.0137,23.4593,37.084,0.9295,20.6291,47.3956,47.3958,0.0,0.0,0.0,7925.5901,20.9117,18.9921,15.8591,19.3898,0.9646,0.8427,8.2344,1.3,42482.0,1.5,0.0,0.0,13.0769,9.424940648796689,9.438181910119637,9.279458738677054,10.704720000000002,0.0
6508,2016-12-09,SZSE:002091,0.8275,10.7923,9.2795,10.9231,10.7769,7661.7352,10.8615,4.1863,25.9766,23.4259,37.0312,0.9282,20.4062,46.7631,46.7633,0.0,0.0,0.0,7914.6678,20.8829,18.966,15.8373,19.3631,0.9633,0.8415,7.0357,1.3,42482.0,1.5,0.0,0.0,13.0769,9.338999958303607,9.39196523910566,9.266258679799488,9.146410000000001,0.0
6509,2016-12-12,SZSE:002091,0.8275,10.0,8.5982,10.8077,9.9846,7099.2568,10.7692,3.879,24.0696,21.7061,34.3126,0.86,24.7069,26.8734,26.8734,0.0,0.0,0.0,7352.1895,19.3988,17.6181,14.7117,17.987,0.8948,0.7817,14.1798,1.3,42482.0,1.5,0.0,0.0,13.0769,9.259573543999998,9.292676614000001,8.584958772,18.43374,0.0
6510,2016-12-13,SZSE:002091,0.8275,10.1385,8.7173,10.1923,9.9231,7197.5532,10.0615,3.9327,24.4029,22.0066,34.7877,0.8719,24.7685,32.2931,32.2931,0.0,0.0,0.0,7450.4858,19.6582,17.8536,14.9084,18.2275,0.9068,0.7922,6.6517,1.3,42482.0,1.5,0.0,0.0,13.0769,8.651093746609458,8.763558395226116,8.532094454801005,8.64721,0.0
6511,2016-12-14,SZSE:002091,0.8275,9.9692,8.5718,10.1385,9.9308,7077.4124,10.1385,3.8671,23.9955,21.6393,34.207,0.8574,24.8397,29.4228,29.4229,0.0,0.0,0.0,7330.3451,19.3412,17.5658,14.668,17.9336,0.8922,0.7794,6.7072,1.3,42482.0,1.5,0.0,0.0,13.0769,8.71736892629298,8.71736892629298,8.538782594390723,8.71936,0.0
6512,2016-12-15,SZSE:002091,0.8275,10.0923,8.6776,10.1308,9.9385,7164.7872,9.9615,3.9148,24.2918,21.9065,34.6293,0.868,24.7733,34.0162,34.0162,0.0,0.0,0.0,7417.7199,19.5717,17.7751,14.8429,18.1473,0.9028,0.7887,6.118,1.3,42482.0,1.5,0.0,0.0,13.0769,8.565135043548052,8.710703217304282,8.545359095548092,7.953400000000001,0.0
6513,2016-12-16,SZSE:002091,0.8564,10.2077,8.7768,10.2308,10.0769,7246.7027,10.0846,3.9596,24.5695,22.1569,35.0253,0.8779,24.6832,38.0846,38.0847,0.0,0.0,0.0,7499.6354,19.7879,17.9714,15.0068,18.3477,0.9128,0.7974,6.1973,1.3,42482.0,1.5,0.0,0.0,13.0769,8.670955972452168,8.79666187681848,8.664335346846007,8.05649,0.0
6514,2016-12-19,SZSE:002091,0.8564,10.1692,8.7437,10.2462,10.1385,7219.3976,10.2308,3.9447,24.4769,22.0734,34.8933,0.8746,24.5899,37.2599,37.26,0.0,0.0,0.0,7472.3302,19.7158,17.906,14.9521,18.2809,0.9095,0.7945,3.6229,1.3,42482.0,1.5,0.0,0.0,13.0769,8.79666502379735,8.809906279746686,8.717303470282816,4.70977,0.0
6515,2016-12-20,SZSE:002091,0.8564,10.2923,8.8495,10.3846,10.1385,7306.7724,10.2154,3.9924,24.7732,22.3406,35.3156,0.8852,24.6373,41.6167,41.6167,0.0,0.0,0.0,7559.705,19.9464,18.1154,15.127,18.4947,0.9201,0.8038,7.4399,1.3,42482.0,1.5,0.0,0.0,13.0769,8.783380031674167,8.928861158341675,8.71726006334833,9.67187,0.0
6516,2016-12-21,SZSE:002091,0.8564,10.4846,9.0149,10.5308,10.3077,7443.2968,10.3539,4.067,25.236,22.758,35.9755,0.9017,24.9614,47.725,47.725,0.0,0.0,0.0,7696.2294,20.3066,18.4425,15.4002,18.8287,0.9367,0.8183,7.2288,1.3,42482.0,1.5,0.0,0.0,13.0769,8.9025211367148,9.05462382160502,8.86279731510978,9.39744,0.0
6517,2016-12-22,SZSE:002091,0.8564,10.3615,8.9091,10.5231,10.3615,7355.922,10.5154,4.0193,24.9398,22.4909,35.5532,0.8911,24.8429,44.515,44.5151,0.0,0.0,0.0,7608.8546,20.076,18.2331,15.2253,18.6149,0.9261,0.809,5.0306,1.3,42482.0,1.5,0.0,0.0,13.0769,9.04142741301935,9.048048082806545,8.9091,6.5397799999999995,0.0
6518,2016-12-23,SZSE:002091,0.8463,10.3539,8.9025,10.4769,10.2539,7350.4605,10.3615,4.0163,24.9213,22.4742,35.5268,0.8904,24.6152,44.3144,44.3144,0.0,0.0,0.0,7603.3931,20.0616,18.2201,15.2144,18.6016,0.9254,0.8084,3.7181,1.3,42482.0,1.5,0.0,0.0,13.0769,8.909034639121492,9.0082579752557,8.816517906296179,4.8335300000000005,0.0
6519,2016-12-26,SZSE:002091,0.8463,10.4385,8.9752,10.4462,10.1692,7410.5316,10.3385,4.0491,25.125,22.6578,35.8171,0.8977,24.4681,47.1366,47.1367,0.0,0.0,0.0,7663.4642,20.2201,18.364,15.3346,18.7485,0.9327,0.8148,4.8062,1.3,42482.0,1.5,0.0,0.0,13.0769,8.88921829764813,8.981820591081092,8.743651275566412,6.24806,0.0
6520,2016-12-27,SZSE:002091,0.8463,10.3462,8.8958,10.4539,10.3462,7344.9998,10.4308,4.0133,24.9028,22.4575,35.5004,0.8898,24.3116,44.4877,44.4878,0.0,0.0,0.0,7597.9324,20.0472,18.207,15.2035,18.5882,0.9247,0.8078,3.0122,1.3,42482.0,1.5,0.0,0.0,13.0769,8.96854020219984,8.98840188861611,8.8958,3.9158600000000003,0.0
6521,2016-12-28,SZSE:002091,0.8463,10.3077,8.8628,10.4077,10.2692,7317.6953,10.2692,3.9984,24.8102,22.374,35.3684,0.8865,24.1076,43.3935,43.3936,0.0,0.0,0.0,7570.6279,19.9752,18.1415,15.1488,18.5214,0.9214,0.8049,3.3989,1.3,42482.0,1.5,0.0,0.0,13.0769,8.829696805300891,8.948782323893788,8.829696805300891,4.41857,0.0
6522,2016-12-29,SZSE:002091,0.8463,10.2462,8.8099,10.3769,10.2308,7274.0072,10.2923,3.9745,24.6621,22.2404,35.1572,0.8812,23.9242,41.6292,41.6293,0.0,0.0,0.0,7526.9398,19.8599,18.0369,15.0614,18.4145,0.9161,0.8003,3.0238,1.3,42482.0,1.5,0.0,0.0,13.0769,8.849537757412504,8.922278631102262,8.7966587534891,3.93094,0.0
6523,2016-12-30,SZSE:002091,0.8393,10.2,8.7702,10.3231,10.1539,7241.2413,10.2154,3.9566,24.551,22.1402,34.9989,0.8772,23.7297,40.3057,40.3057,0.0,0.0,0.0,7494.1739,19.7735,17.9583,14.9959,18.3344,0.9121,0.7968,3.9618,1.3,42482.0,1.5,0.0,0.0,13.0769,8.783441282352944,8.87604427647059,8.730562135294118,5.150340000000001,0.0
6524,2017-01-02,SZSE:002091,0.8393,0.0,8.7702,0.0,0.0,7241.2413,0.0,3.9566,24.551,22.1402,34.9989,0.8772,23.7297,40.3057,40.3057,0.0,0.0,0.0,7494.1739,19.7735,17.9583,14.9959,18.3344,0.9121,0.7968,0.0,1.3,42482.0,1.5,0.0,0.0,13.0769,0.0,0.0,0.0,0.0,0.0
6525,2017-01-03,SZSE:002091,0.8393,10.3308,8.8826,10.3539,10.1615,7334.0775,10.2385,4.0073,24.8657,22.4241,35.4476,0.8885,23.7029,45.5847,45.5848,0.0,0.0,0.0,7587.0102,20.0184,18.1808,15.1816,18.5615,0.9234,0.8067,6.709,1.3,42482.0,1.5,0.0,0.0,13.0769,8.803238868238665,8.902461778371471,8.737032940333759,8.7217,0.0
6526,2017-01-04,SZSE:002091,0.8393,10.5692,9.0876,10.6154,10.2692,7503.3678,10.3385,4.0998,25.4397,22.9417,36.2658,0.909,23.9938,53.6366,53.6366,0.0,0.0,0.0,7756.3005,20.4651,18.5865,15.5204,18.9757,0.944,0.8247,12.944,1.3,42482.0,1.5,0.0,0.0,13.0769,8.88923973432237,9.127323642281343,8.82965427090035,16.8272,0.0
6527,2017-01-05,SZSE:002091,0.8393,10.5769,9.0943,10.7154,10.4615,7508.8286,10.5,4.1028,25.4582,22.9584,36.2922,0.9096,23.8009,53.8737,53.8737,0.0,0.0,0.0,7761.7612,20.4795,18.5996,15.5313,18.989,0.9447,0.8253,12.0262,1.3,42482.0,1.5,0.0,0.0,13.0769,9.028179334209458,9.21338598455124,8.995076009984022,15.63406,0.0
6528,2017-01-06,SZSE:002091,0.4628,10.6,9.1141,10.6846,10.5,7525.2115,10.5769,4.1118,25.5138,23.0085,36.3714,0.9116,23.6191,54.6234,54.6234,0.0,0.0,0.0,7778.1442,20.5227,18.6388,15.5641,19.0291,0.9467,0.827,6.2604,1.3,42482.0,1.5,0.0,0.0,13.0769,9.09423814056604,9.186840835849058,9.028117924528303,8.13852,0.0
6529,2017-01-09,SZSE:002091,0.4628,10.7154,9.2133,10.7385,10.5154,7607.1256,10.5385,4.1565,25.7915,23.2589,36.7673,0.9215,23.5416,58.2752,58.2753,0.0,0.0,0.0,7860.0582,20.7388,18.8351,15.728,19.2295,0.9566,0.8357,9.4802,1.3,42482.0,1.5,0.0,0.0,13.0769,9.061198093398287,9.233161809171847,9.041336284226439,12.32426,0.0
6530,2017-01-10,SZSE:002091,0.4628,10.6308,9.1406,10.7846,10.6231,7547.0552,10.6923,4.1237,25.5878,23.0753,36.477,0.9143,23.2744,54.7928,54.7928,0.0,0.0,0.0,7799.9879,20.5803,18.6912,15.6078,19.0825,0.9493,0.8293,7.1004,1.3,42482.0,1.5,0.0,0.0,13.0769,9.193479077774013,9.272840685555177,9.133979367498211,9.23052,0.0
6531,2017-01-11,SZSE:002091,0.4628,10.6846,9.1869,10.7462,10.5769,7585.2819,10.6154,4.1446,25.7174,23.1921,36.6617,0.9189,23.3028,56.5713,56.5714,0.0,0.0,0.0,7838.2145,20.6812,18.7828,15.6843,19.1761,0.954,0.8334,7.7701,1.3,42482.0,1.5,0.0,0.0,13.0769,9.127400020590382,9.239865299590065,9.094296708346592,10.101130000000001,0.0
6532,2017-01-12,SZSE:002091,0.4628,10.7308,9.2265,10.8154,10.6231,13963.1526,10.6846,4.1625,25.8285,23.2923,36.8201,0.9229,23.2222,58.0932,58.0932,0.0,0.0,0.0,14216.0852,37.5093,34.0661,28.4464,34.7794,1.7302,1.5115,8.9619,1.3,42482.0,1.5,0.0,0.0,13.0769,9.18677655906363,9.299240326909457,9.133897952622359,11.65047,0.0
6533,2017-01-13,SZSE:002091,0.3022,10.5846,9.1009,10.7923,10.5539,13772.9732,10.7308,4.1058,25.4767,22.9751,36.3186,0.9103,23.3629,51.8918,51.8918,0.0,0.0,0.0,14025.9058,37.0075,33.6104,28.0658,34.3141,1.7071,1.4913,9.6612,1.3,42482.0,1.5,0.0,0.0,13.0769,9.226606363962738,9.279485579993572,9.074503383217127,12.55956,0.0
6534,2017-01-16,SZSE:002091,0.3022,10.4539,8.9884,10.6539,9.9231,13602.8132,10.5692,4.0551,25.162,22.6912,35.8699,0.899,23.4752,47.052,47.052,0.0,0.0,0.0,13855.7458,36.5585,33.2026,27.7254,33.8979,1.6864,1.4732,16.7334,1.3,42482.0,1.5,0.0,0.0,13.0769,9.087536448598131,9.160362616822429,8.53201121495327,21.753420000000002,0.0
6535,2017-01-17,SZSE:002091,0.3022,10.3692,8.9157,10.5615,10.2539,13492.71,10.3462,4.0222,24.9583,22.5076,35.5795,0.8918,23.4435,44.1807,44.1807,0.0,0.0,0.0,13745.6426,36.268,32.9388,27.505,33.6285,1.673,1.4615,7.7925,1.3,42482.0,1.5,0.0,0.0,13.0769,8.895924019210739,9.081044395903254,8.816562148478186,10.13025,0.0
6536,2017-01-18,SZSE:002091,0.3022,10.1769,8.7503,10.4462,10.1769,13242.4738,10.3692,3.9476,24.4954,22.0901,34.9197,0.8752,22.8996,38.4393,38.4393,0.0,0.0,0.0,13495.4065,35.6078,32.3391,27.0043,33.0163,1.6425,1.4349,5.6465,1.3,42482.0,1.5,0.0,0.0,13.0769,8.915643345223003,8.981849468895241,8.7503,7.34045,0.0
6537,2017-01-19,SZSE:002091,0.3022,10.1769,8.7503,10.4308,10.0923,13242.4738,10.1923,3.9476,24.4954,22.0901,34.9197,0.8752,22.7589,38.4393,38.4393,0.0,0.0,0.0,13495.4065,35.6078,32.3391,27.0043,33.0163,1.6425,1.4349,3.8157,1.3,42482.0,1.5,0.0,0.0,13.0769,8.763541224734446,8.968608244160794,8.677559245939332,4.96041,0.0
6538,2017-01-20,SZSE:002091,0.3068,10.2769,8.8363,10.3077,10.1385,13372.5964,10.1692,3.9864,24.7361,22.3072,35.2628,0.8838,22.868,42.9132,42.9133,0.0,0.0,0.0,13625.529,35.9511,32.6509,27.2647,33.3346,1.6584,1.4487,4.1026,1.3,42482.0,1.5,0.0,0.0,13.0769,8.743697219978788,8.862782503478677,8.717300698654265,5.33338,0.0
6539,2017-01-23,SZSE:002091,0.3068,10.3,8.8562,10.3462,10.2308,13402.6248,10.2539,3.9954,24.7917,22.3573,35.342,0.8858,22.3794,43.926,43.926,0.0,0.0,0.0,13655.5574,36.0303,32.7229,27.3248,33.4081,1.662,1.4519,3.9056,1.3,42482.0,1.5,0.0,0.0,13.0769,8.816562056310678,8.89592392621359,8.796700093203883,5.07728,0.0
6540,2017-01-24,SZSE:002091,0.3068,10.1539,8.7305,10.3154,10.1154,13212.4467,10.3077,3.9387,24.4399,22.04,34.8405,0.8732,22.468,39.1846,39.1846,0.0,0.0,0.0,13465.3794,35.5285,32.2672,26.9442,32.9428,1.6389,1.4317,5.1885,1.3,42482.0,1.5,0.0,0.0,13.0769,8.862739917667103,8.869360511724558,8.69739702971272,6.745050000000001,0.0
6541,2017-01-25,SZSE:002091,0.3068,10.1539,8.7305,10.2154,10.0846,13212.4467,10.1539,3.9387,24.4399,22.04,34.8405,0.8732,22.4632,39.1846,39.1846,0.0,0.0,0.0,13465.3794,35.5285,32.2672,26.9442,32.9428,1.6389,1.4317,6.0054,1.3,42482.0,1.5,0.0,0.0,13.0769,8.7305,8.78337877071864,8.670914653482898,7.8070200000000005,0.0
6542,2017-01-26,SZSE:002091,0.3068,10.2077,8.7768,10.3385,10.1769,13282.5126,10.3,3.9596,24.5695,22.1569,35.0253,0.8779,22.283,41.8658,41.8659,0.0,0.0,0.0,13535.4452,35.7134,32.4351,27.0844,33.1142,1.6474,1.4391,6.8367,1.3,42482.0,1.5,0.0,0.0,13.0769,8.856161525123191,8.889264653153992,8.75031749757536,8.88771,0.0
6543,2017-01-27,SZSE:002091,0.4157,0.0,8.7768,0.0,0.0,13282.5126,0.0,3.9596,24.5695,22.1569,35.0253,0.8779,22.283,41.8658,41.8659,0.0,0.0,0.0,13535.4452,35.7134,32.4351,27.0844,33.1142,1.6474,1.4391,0.0,1.3,42482.0,1.5,0.0,0.0,13.0769,0.0,0.0,0.0,0.0,0.0
6544,2017-01-30,SZSE:002091,0.4157,0.0,8.7768,0.0,0.0,13282.5126,0.0,3.9596,24.5695,22.1569,35.0253,0.8779,22.283,41.8658,41.8659,0.0,0.0,0.0,13535.4452,35.7134,32.4351,27.0844,33.1142,1.6474,1.4391,0.0,1.3,42482.0,1.5,0.0,0.0,13.0769,0.0,0.0,0.0,0.0,0.0
6545,2017-01-31,SZSE:002091,0.4157,0.0,8.7768,0.0,0.0,13282.5126,0.0,3.9596,24.5695,22.1569,35.0253,0.8779,22.283,41.8658,41.8659,0.0,0.0,0.0,13535.4452,35.7134,32.4351,27.0844,33.1142,1.6474,1.4391,0.0,1.3,42482.0,1.5,0.0,0.0,13.0769,0.0,0.0,0.0,0.0,0.0
6546,2017-02-01,SZSE:002091,0.4157,0.0,8.7768,0.0,0.0,13282.5126,0.0,3.9596,24.5695,22.1569,35.0253,0.8779,22.283,41.8658,41.8659,0.0,0.0,0.0,13535.4452,35.7134,32.4351,27.0844,33.1142,1.6474,1.4391,0.0,1.3,42482.0,1.5,0.0,0.0,13.0769,0.0,0.0,0.0,0.0,0.0
6547,2017-02-02,SZSE:002091,0.4157,0.0,8.7834,0.0,0.0,13292.5203,0.0,3.9626,24.588,22.1736,35.0517,0.8785,21.9051,0.0,0.0,0.0,0.0,0.0,13545.4529,35.7398,32.4591,27.1045,33.1387,1.6486,1.4402,0.0,1.3,42482.0,1.5,0.0,0.0,13.0769,0.0,0.0,0.0,0.0,0.0
6548,2017-02-03,SZSE:002091,0.4099,10.2154,8.7834,10.2615,10.1769,13292.5203,10.2385,3.9626,24.588,22.1736,35.0517,0.8785,22.0759,42.2574,42.2574,0.0,0.0,0.0,13545.4529,35.7398,32.4591,27.1045,33.1387,1.6486,1.4402,3.2989,1.3,42482.0,1.5,0.0,0.0,13.0769,8.803261830177966,8.82303767840711,8.750296949703388,4.28857,0.0
6549,2017-02-06,SZSE:002091,0.4099,10.3,8.8562,10.3154,10.1923,13402.6248,10.2154,3.9954,24.7917,22.3573,35.342,0.8858,22.1533,46.5252,46.5252,0.0,0.0,0.0,13655.5574,36.0303,32.7229,27.3248,33.4081,1.662,1.4519,4.639,1.3,42482.0,1.5,0.0,0.0,13.0769,8.783458784466019,8.869441308737862,8.763596821359222,6.0307,0.0
6550,2017-02-07,SZSE:002091,0.4099,10.2923,8.8495,10.3231,10.2308,13392.6145,10.3,3.9924,24.7732,22.3406,35.3156,0.8852,22.1122,46.1909,46.191,0.0,0.0,0.0,13645.5471,36.0039,32.6989,27.3048,33.3836,1.6608,1.4508,4.5752,1.3,42482.0,1.5,0.0,0.0,13.0769,8.856120595007921,8.875982380031676,8.796621221690003,5.94776,0.0
6551,2017-02-08,SZSE:002091,0.4099,10.3308,8.8826,10.3308,10.2308,13442.6622,10.2846,4.0073,24.8657,22.4241,35.4476,0.8885,22.1312,48.1949,48.1949,0.0,0.0,0.0,13695.5948,36.136,32.8188,27.4049,33.506,1.6669,1.4562,4.6389,1.3,42482.0,1.5,0.0,0.0,13.0769,8.842876443257056,8.8826,8.796618275448175,6.03057,0.0
6552,2017-02-09,SZSE:002091,0.4099,10.4539,8.9884,10.4846,10.3,13602.8132,10.3,4.0551,25.162,15.9163,35.8699,0.899,21.8513,54.0874,54.0874,0.0,0.0,0.0,13855.7458,36.5585,33.2026,10.9629,11.5706,1.6864,0.4648,8.7458,1.3,42482.0,1.5,0.0,0.0,15.4192,8.85607476635514,9.014796261682243,8.85607476635514,11.369539999999999,0.0
6553,2017-02-10,SZSE:002091,0.434,10.4769,9.0083,10.4923,10.3615,13632.8416,10.4385,4.064,25.2175,15.9515,35.9491,0.901,21.5019,55.1182,55.1182,0.0,0.0,0.0,13885.7742,36.6377,33.2746,10.9867,11.5956,1.69,0.4659,5.9164,1.3,42482.0,1.5,0.0,0.0,15.4192,8.975282721988375,9.021541304202579,8.909076200975479,7.691320000000001,0.0
6554,2017-02-13,SZSE:002091,0.434,10.4615,8.9951,10.5231,10.4231,13612.8235,10.4769,4.058,25.1805,15.928,35.8963,0.8997,21.4956,54.2439,54.2439,0.0,0.0,0.0,13865.7561,36.5849,33.2266,10.9708,11.5789,1.6876,0.4652,3.8118,1.3,42482.0,1.5,0.0,0.0,15.4192,9.00834136500502,9.048065460020077,8.962082570377099,4.95534,0.0
6555,2017-02-14,SZSE:002091,0.434,10.4231,8.962,10.5077,10.3615,13562.7758,10.4692,4.0431,25.0879,15.8695,35.7643,0.8964,21.494,52.022,52.022,0.0,0.0,0.0,13815.7084,36.4529,33.1067,10.9312,11.5371,1.6815,0.4635,5.4555,1.3,42482.0,1.5,0.0,0.0,15.4192,9.001637746927498,9.034740854448291,8.909035027966727,7.09215,0.0
6556,2017-02-15,SZSE:002091,0.434,10.2231,8.79,10.4462,10.1923,13302.5306,10.4154,3.9655,24.6065,15.565,35.0781,0.8792,21.8039,42.3158,42.3158,0.0,0.0,0.0,13555.4632,35.7662,32.483,10.7253,11.3198,1.6498,0.4548,7.0549,1.3,42482.0,1.5,0.0,0.0,15.4192,8.95534289990316,8.981825278046774,8.763517621856383,9.17137,0.0
6557,2017-02-16,SZSE:002091,0.434,10.2385,8.8032,10.3154,10.2077,13322.55,10.2308,3.9715,24.6436,15.5884,35.1308,0.8805,21.7454,43.1938,43.1938,0.0,0.0,0.0,13575.4826,35.819,32.531,10.7412,11.3365,1.6523,0.4554,3.6402,1.3,42482.0,1.5,0.0,0.0,15.4192,8.796579436440886,8.86931965424623,8.776717745763541,4.73226,0.0
6558,2017-02-17,SZSE:002091,0.353,10.2308,8.7966,10.3462,10.2077,13312.5409,10.2385,3.9685,24.625,15.5767,35.1044,0.8799,21.7375,42.8427,42.8427,0.0,0.0,0.0,13565.4736,35.7926,32.507,10.7332,11.3282,1.651,0.4551,4.3694,1.3,42482.0,1.5,0.0,0.0,15.4192,8.803220579035852,8.895822703991866,8.776738262892442,5.68022,0.0
6559,2017-02-20,SZSE:002091,0.353,10.3385,8.8892,10.3385,10.2385,13452.6726,10.2692,4.0103,24.8843,15.7407,35.474,0.8891,21.8071,49.0833,49.0833,0.0,0.0,0.0,13705.6052,36.1624,32.8428,10.8441,11.4452,1.6681,0.4598,3.4395,1.3,42482.0,1.5,0.0,0.0,15.4192,8.829614802921121,8.8892,8.803218474633653,4.47135,0.0
6560,2017-02-21,SZSE:002091,0.353,10.3615,8.9091,10.3846,10.3,13482.7009,10.3539,4.0193,24.9398,15.7758,35.5532,0.8911,21.8166,50.3347,50.3347,0.0,0.0,0.0,13735.6336,36.2416,32.9148,10.8679,11.4703,1.6718,0.4608,4.7598,1.3,42482.0,1.5,0.0,0.0,15.4192,8.902565312937316,8.92896200936158,8.856220624426967,6.187740000000001,0.0
6561,2017-02-22,SZSE:002091,0.353,10.4154,8.9554,10.4615,10.3231,13552.7667,10.3615,4.0401,25.0694,15.8578,35.7379,0.8957,21.7549,53.2235,53.2235,0.0,0.0,0.0,13805.6994,36.4265,33.0827,10.9233,11.5288,1.6803,0.4632,5.6142,1.3,42482.0,1.5,0.0,0.0,15.4192,8.909055542753997,8.995037838201123,8.876038341302301,7.29846,0.0
6562,2017-02-23,SZSE:002091,0.353,10.5692,9.0876,10.6,10.3769,13752.9551,10.3846,4.0998,25.4397,16.092,36.2658,0.909,21.9636,60.3242,60.3242,0.0,0.0,0.0,14005.8878,36.9547,33.5624,11.0817,11.6959,1.7046,0.4699,12.724,1.3,42482.0,1.5,0.0,0.0,15.4192,8.928877394694016,9.114082428187563,8.922256787647125,16.5412,0.0
6563,2017-02-24,SZSE:002091,0.3323,10.5539,9.0744,10.5692,10.4769,13732.9358,10.5,4.0938,25.4027,16.0686,36.213,0.9076,21.9004,59.3539,59.3539,0.0,0.0,0.0,13985.8684,36.9018,33.5144,11.0659,11.6792,1.7022,0.4692,5.8144,1.3,42482.0,1.5,0.0,0.0,15.4192,9.02805597930623,9.087555167284131,9.008194256151755,7.55872,0.0
6564,2017-02-27,SZSE:002091,0.3323,10.4615,8.9951,10.5923,10.4308,16432.4321,10.5539,4.058,26.1539,14.6238,16.3197,0.4287,21.9209,53.7659,53.7659,0.0,0.0,0.0,16685.3647,12.9729,12.63,10.8699,11.3506,0.5262,0.4526,5.4402,1.3,42482.0,1.5,1.5247,0.0,15.4192,9.074548190030113,9.107565619653014,8.968703252879607,7.07226,0.0
6565,2017-02-28,SZSE:002091,0.3323,10.4231,8.962,10.5077,10.3692,16372.018,10.4615,4.0431,26.0577,14.57,16.2597,0.4271,21.8988,51.5865,51.5865,0.0,0.0,0.0,16624.9506,12.926,12.5843,10.8306,11.3095,0.5243,0.451,5.0708,1.3,42482.0,1.5,1.5191,0.0,15.4192,8.995017125423336,9.034740854448291,8.915655649470885,6.592040000000001,0.0
6566,2017-03-01,SZSE:002091,0.3323,10.4308,8.9686,10.4539,10.3769,16384.1002,10.4231,4.0461,26.0769,14.5807,16.2717,0.4274,22.196,52.0055,52.0055,0.0,0.0,0.0,16637.0328,12.9354,12.5934,10.8385,11.3177,0.5246,0.4513,4.724,1.3,42482.0,1.5,1.5202,0.0,15.4192,8.961979393718602,8.988461818844193,8.922255756030218,6.1412,0.0
6567,2017-03-02,SZSE:002091,0.3323,10.4231,8.962,10.5308,10.4077,16372.018,10.4539,4.0431,26.0577,14.57,16.2597,0.4271,21.8719,51.5253,51.5252,0.0,0.0,0.0,16624.9506,12.926,12.5843,10.8306,11.3095,0.5243,0.451,5.6998,1.3,42482.0,1.5,1.5191,0.0,15.4192,8.988482486016638,9.05460271896077,8.948758756991682,7.40974,0.0
6568,2017-03-03,SZSE:002091,0.6286,10.5846,9.1009,10.6692,10.2615,16625.7534,10.3846,4.1058,26.4615,14.7958,16.5117,0.4337,21.9241,59.8998,59.8998,0.0,0.0,0.0,16878.686,13.1232,12.7763,10.9959,11.4821,0.5323,0.4579,12.1212,1.3,42482.0,1.5,1.5426,0.0,15.4192,8.928935069818415,9.17364116546681,8.823090655291649,15.75756,0.0
6569,2017-03-06,SZSE:002091,0.6286,10.6385,9.1472,10.7077,10.5231,16710.3318,10.5846,4.1267,26.5962,14.8711,16.5957,0.4359,21.7833,62.2415,62.2414,0.0,0.0,0.0,16963.2645,13.189,12.8403,11.051,11.5396,0.5349,0.4602,9.2101,1.3,42482.0,1.5,1.5505,0.0,15.4192,9.100855677022135,9.206699576068056,9.047976718522346,11.973130000000001,0.0
6570,2017-03-07,SZSE:002091,0.6286,10.5846,9.1009,10.7154,10.5462,16625.7534,10.6385,4.1058,26.4615,14.7958,16.5117,0.4337,21.8007,58.5589,58.5588,0.0,0.0,0.0,16878.686,13.1232,12.7763,10.9959,11.4821,0.5323,0.4579,6.7538,1.3,42482.0,1.5,1.5426,0.0,15.4192,9.147244548683936,9.213365064338756,9.067882733405137,8.77994,0.0
6571,2017-03-08,SZSE:002091,0.6286,10.5539,9.0744,10.6462,10.5308,16577.4231,10.6,4.0938,26.3846,14.7528,16.4637,0.4325,21.7533,56.5016,56.5016,0.0,0.0,0.0,16830.3557,13.0857,12.7397,10.9644,11.4492,0.5307,0.4566,4.7973,1.3,42482.0,1.5,1.5381,0.0,15.4192,9.114037464823431,9.153760911132379,9.054538276845527,6.23649,0.0
6572,2017-03-09,SZSE:002091,0.6286,10.4539,8.9884,10.5769,10.3769,16420.3483,10.5462,4.0551,26.1346,14.613,16.3077,0.4284,21.8339,50.315,50.315,0.0,0.0,0.0,16673.281,12.9635,12.6208,10.8621,11.3424,0.5258,0.4523,4.7526,1.3,42482.0,1.5,1.5235,0.0,15.4192,9.067760747663552,9.094157009345794,8.922194392523362,6.178380000000001,0.0
6573,2017-03-10,SZSE:002091,0.6355,10.5615,9.081,10.6462,10.4539,16589.5052,10.4539,4.0968,26.4038,14.7635,16.4757,0.4328,21.7596,55.9135,55.9134,0.0,0.0,0.0,16842.4379,13.0951,12.7489,10.9723,11.4574,0.5311,0.4569,5.9561,1.3,42482.0,1.5,1.5392,0.0,15.4192,8.98848325521943,9.153826842778013,8.98848325521943,7.74293,0.0
6574,2017-03-13,SZSE:002091,0.6355,10.7385,9.2332,10.8077,10.4385,16867.4066,10.5769,4.1655,26.8462,15.0109,16.7517,0.44,15.1141,63.2415,63.2415,0.0,0.0,0.0,17120.3392,13.3111,12.9592,11.1533,11.6465,0.5399,0.4644,14.9201,1.3,42482.0,1.5,1.565,0.0,15.4192,9.094252742934302,9.292699691763282,8.975253359407738,19.39613,0.0
6575,2017-03-14,SZSE:002091,0.6355,10.6154,9.1273,10.7615,10.5615,16674.0853,10.7077,4.1177,26.5385,14.8388,16.5597,0.435,14.8785,56.2384,56.2384,0.0,0.0,0.0,16927.0179,13.1608,12.8129,11.0274,11.515,0.5338,0.4592,7.6217,1.3,42482.0,1.5,1.5471,0.0,15.4192,9.206661097085368,9.252919244682255,9.080955870716132,9.90821,0.0
6576,2017-03-15,SZSE:002091,0.6355,10.5923,9.1075,10.6615,10.4923,16637.8371,10.5923,4.1088,26.4808,14.8066,16.5237,0.434,14.703,55.0084,55.0084,0.0,0.0,0.0,16890.7698,13.1326,12.7855,11.0038,11.4903,0.5326,0.4582,5.3356,1.3,42482.0,1.5,1.5437,0.0,15.4192,9.1075,9.166999730936624,9.02151772986037,6.936280000000001,0.0
6577,2017-03-16,SZSE:002091,0.6355,10.7,9.2001,10.7231,10.5692,16806.9956,10.5923,4.1505,26.75,14.9571,16.6917,0.4385,14.6651,59.464,59.464,0.0,0.0,0.0,17059.9282,13.2642,12.9135,11.114,11.6054,0.538,0.4628,8.9717,1.3,42482.0,1.5,1.5594,0.0,15.4192,9.107497124299066,9.219961898130844,9.087635226168226,11.663210000000001,0.0
6578,2017-03-17,SZSE:002091,0.2278,10.5615,9.081,10.7385,10.5,16589.5052,10.6692,4.0968,26.4038,14.7635,16.4757,0.4328,14.8153,52.2935,52.2935,0.0,0.0,0.0,16842.4379,13.0951,12.7489,10.9723,11.4574,0.5311,0.4569,7.523,1.3,42482.0,1.5,1.5392,0.0,15.4192,9.173602726885385,9.233188325521942,9.028121005538985,9.7799,0.0
6579,2017-03-20,SZSE:002091,0.2278,10.5385,9.0612,10.5615,10.4385,16553.2587,10.5154,4.0879,26.3462,14.7313,16.4397,0.4318,14.7315,51.1857,51.1857,0.0,0.0,0.0,16806.1913,13.0669,12.7214,10.9487,11.4328,0.53,0.4559,5.6905,1.3,42482.0,1.5,1.5359,0.0,15.4192,9.041338186648952,9.080975831475067,8.975218124021444,7.3976500000000005,0.0
6580,2017-03-21,SZSE:002091,0.2278,10.4692,9.0017,10.5462,10.4154,16444.5143,10.5077,4.061,26.1731,14.6345,16.3317,0.429,14.2935,47.9067,47.9068,0.0,0.0,0.0,16697.4469,12.9823,12.6391,10.8778,11.3588,0.5265,0.453,5.9907,1.3,42482.0,1.5,1.5258,0.0,15.4192,9.034803336453596,9.067906672907194,8.95544131165705,7.787910000000001,0.0
6581,2017-03-22,SZSE:002091,0.2278,10.2923,8.8495,10.4615,10.2692,16166.6114,10.4,3.9924,25.7308,14.3872,16.0557,0.4218,14.5228,40.7266,40.7266,0.0,0.0,0.0,16419.544,12.7663,12.4288,10.6968,11.1698,0.5178,0.4454,8.8079,1.3,42482.0,1.5,1.5,0.0,15.4192,8.94210234835751,8.99498112666751,8.829638214976246,11.45027,0.0
6582,2017-03-23,SZSE:002091,0.2278,10.3077,8.8628,10.3615,10.1615,16190.7789,10.3,3.9984,25.7692,14.4087,16.0797,0.4224,14.5259,41.5471,41.5471,0.0,0.0,0.0,16443.7115,12.7851,12.4471,10.7125,11.1862,0.5185,0.4461,7.4799,1.3,42482.0,1.5,1.5022,0.0,15.4192,8.856179361060178,8.909058490254859,8.737093842467281,9.72387,0.0
6583,2017-03-24,SZSE:002091,0.2944,10.2846,8.8429,10.3077,10.2154,16154.5308,10.3077,3.9894,25.7115,14.3764,16.0437,0.4214,14.4073,40.6384,40.6384,0.0,0.0,0.0,16407.4634,12.7569,12.4196,10.6889,11.1615,0.5174,0.4451,4.5556,1.3,42482.0,1.5,1.4989,0.0,15.4192,8.862761831281723,8.862761831281723,8.783400488108436,5.922280000000001,0.0
6584,2017-03-27,SZSE:002091,0.2944,10.2846,8.8429,10.3231,10.2385,16154.5308,10.2923,3.9894,25.7115,14.3764,16.0437,0.4214,14.3125,40.6384,40.6384,0.0,0.0,0.0,16407.4634,12.7569,12.4196,10.6889,11.1615,0.5174,0.4451,4.4698,1.3,42482.0,1.5,1.4989,0.0,15.4192,8.849520610427241,8.876003052136204,8.803262319390157,5.810740000000001,0.0
6585,2017-03-28,SZSE:002091,0.2944,10.3385,8.8892,10.4,10.2769,16239.1092,10.3077,4.0103,25.8462,14.4517,16.1277,0.4236,14.333,43.9552,43.9553,0.0,0.0,0.0,16492.0419,12.8226,12.4836,10.744,11.2191,0.5201,0.4474,5.2005,1.3,42482.0,1.5,1.5067,0.0,15.4192,8.862717690187166,8.942078638100305,8.83623538037433,6.76065,0.0
6586,2017-03-29,SZSE:002091,0.2944,10.2077,8.7768,10.3615,10.2,16033.7042,10.3462,3.9596,25.5192,14.2689,15.9237,0.4183,14.5243,38.3509,38.3509,0.0,0.0,0.0,16286.6368,12.6629,12.3282,10.6102,11.0793,0.5136,0.4418,5.6613,1.3,42482.0,1.5,1.4877,0.0,15.4192,8.89588527876015,8.909040547821741,8.770179374393837,7.35969,0.0
6587,2017-03-30,SZSE:002091,0.2944,10.0462,8.6379,10.2385,10.0231,15779.9672,10.1769,3.8969,25.1154,14.0431,15.6717,0.4117,14.869,32.7892,32.7892,0.0,0.0,0.0,16032.8999,12.4656,12.1361,10.4449,10.9067,0.5056,0.4349,6.2088,1.3,42482.0,1.5,1.4641,0.0,15.4192,8.750278165873663,8.803242932651152,8.61803821245844,8.07144,0.0
6588,2017-03-31,SZSE:002091,0.2914,10.0846,8.671,10.2,10.0692,15840.3813,10.1539,3.9118,25.2115,14.0969,15.7317,0.4132,14.7631,35.1989,35.1989,0.0,0.0,0.0,16093.3139,12.5126,12.1818,10.4842,10.9478,0.5075,0.4366,3.648,1.3,42482.0,1.5,1.4697,0.0,15.4192,8.730585933006761,8.770223905757291,8.657758681554052,4.7424,0.0
6589,2017-04-03,SZSE:002091,0.2914,0.0,8.671,0.0,0.0,15840.3813,0.0,3.9118,25.2115,14.0969,15.7317,0.4132,14.7631,35.1989,35.1989,0.0,0.0,0.0,16093.3139,12.5126,12.1818,10.4842,10.9478,0.5075,0.4366,0.0,1.3,42482.0,1.5,1.4697,0.0,15.4192,0.0,0.0,0.0,0.0,0.0
6590,2017-04-04,SZSE:002091,0.2914,0.0,8.671,0.0,0.0,15840.3813,0.0,3.9118,25.2115,14.0969,15.7317,0.4132,14.7631,35.1989,35.1989,0.0,0.0,0.0,16093.3139,12.5126,12.1818,10.4842,10.9478,0.5075,0.4366,0.0,1.3,42482.0,1.5,1.4697,0.0,15.4192,0.0,0.0,0.0,0.0,0.0
6591,2017-04-05,SZSE:002091,0.2914,10.3154,8.8694,10.3462,10.0846,16202.8611,10.0846,4.0013,25.7885,14.4195,16.0917,0.4227,14.7552,47.3869,47.387,0.0,0.0,0.0,16455.7937,12.7944,12.4562,10.7204,11.1944,0.5189,0.4464,6.6416,1.3,42482.0,1.5,1.5034,0.0,15.4192,8.67095325823526,8.895882494134984,8.67095325823526,8.63408,0.0
6592,2017-04-06,SZSE:002091,0.2914,10.2308,8.7966,10.3539,10.2154,16069.9523,10.3308,3.9685,25.5769,14.3012,15.9597,0.4192,14.8327,44.1109,44.1109,0.0,0.0,0.0,16322.8849,12.6911,12.3556,10.6338,11.104,0.5147,0.4428,5.1602,1.3,42482.0,1.5,1.491,0.0,15.4192,8.882581545920162,8.90244328302772,8.783358841928296,6.70826,0.0
6593,2017-04-07,SZSE:002091,0.3115,10.1539,8.7305,10.2769,10.1,15949.1257,10.2,3.9387,25.3846,14.1936,15.8397,0.4161,14.7726,41.3145,41.3145,0.0,0.0,0.0,16202.0583,12.5972,12.2641,10.5551,11.0218,0.5109,0.4395,6.2051,1.3,42482.0,1.5,1.4798,0.0,15.4192,8.770137582603727,8.836257541437279,8.684155841597809,8.06663,0.0
6594,2017-04-10,SZSE:002091,0.3115,10.1385,8.7173,10.2231,10.0923,15924.9582,10.0923,3.9327,25.3462,14.1721,15.8157,0.4154,14.624,40.758,40.758,0.0,0.0,0.0,16177.8908,12.5784,12.2459,10.5393,11.0054,0.5102,0.4389,5.5168,1.3,42482.0,1.5,1.4776,0.0,15.4192,8.677576247965675,8.790040896582335,8.677576247965675,7.17184,0.0
6595,2017-04-11,SZSE:002091,0.3115,10.2077,8.7768,10.2846,10.1154,16033.7042,10.1385,3.9596,25.5192,14.2689,15.9237,0.4183,14.6603,44.3883,44.3883,0.0,0.0,0.0,16286.6368,12.6629,12.3282,10.6102,11.0793,0.5136,0.4418,6.1649,1.3,42482.0,1.5,1.4877,0.0,15.4192,8.717300351695288,8.84292027391087,8.697438474876806,8.014370000000001,0.0
6596,2017-04-12,SZSE:002091,0.3115,10.0923,8.6776,10.1923,10.0231,15852.4619,10.1923,3.9148,25.2308,14.1076,15.7437,0.4136,14.7836,39.9899,39.9899,0.0,0.0,0.0,16105.3946,12.522,12.191,10.4921,10.9561,0.5079,0.4369,6.4754,1.3,42482.0,1.5,1.4709,0.0,15.4192,8.763582382608524,8.763582382608524,8.618100191234902,8.41802,0.0
6597,2017-04-13,SZSE:002091,0.3115,10.1,8.6842,10.1692,10.0539,15864.5457,10.0846,3.9178,25.25,14.1184,15.7557,0.4139,14.5386,40.4138,40.4138,0.0,0.0,0.0,16117.4783,12.5314,12.2001,10.5,10.9643,0.5083,0.4372,4.2095,1.3,42482.0,1.5,1.472,0.0,15.4192,8.670958744554456,8.743699667326734,8.644562215841585,5.4723500000000005,0.0
6598,2017-04-14,SZSE:002091,0.2939,9.9692,8.5718,10.1077,9.9615,15659.1407,10.0769,3.8671,24.9231,13.9356,15.5517,0.4085,14.6319,35.786,35.786,0.0,0.0,0.0,15912.0733,12.3717,12.0446,10.3662,10.8245,0.5018,0.4316,5.6063,1.3,42482.0,1.5,1.4529,0.0,15.4192,8.664403504794768,8.690886215543873,8.565179322312721,7.28819,0.0
6599,2017-04-17,SZSE:002091,0.2939,9.9154,8.5255,10.0308,9.9077,15574.5606,9.9692,3.8462,24.7885,13.8603,15.4677,0.4063,14.5117,34.0566,34.0566,0.0,0.0,0.0,15827.4932,12.3059,11.9806,10.3111,10.767,0.4991,0.4294,3.7138,1.3,42482.0,1.5,1.4451,0.0,15.4192,8.571758537224921,8.624723702523346,8.518879354337695,4.82794,0.0
6600,2017-04-18,SZSE:002091,0.2939,9.9,8.5122,10.0154,9.8923,15550.3978,10.0,3.8402,24.75,13.8388,15.4437,0.4057,14.001,33.5577,33.5577,0.0,0.0,0.0,15803.3304,12.2872,11.9623,10.2953,10.7506,0.4983,0.4287,3.1407,1.3,42482.0,1.5,1.4428,0.0,15.4192,8.59818181818182,8.611423018181817,8.5055794,4.08291,0.0
6601,2017-04-19,SZSE:002091,0.2939,9.7,8.3403,9.9154,9.5846,15236.2484,9.9,3.7626,24.25,13.5592,15.1317,0.3975,14.6081,27.8459,27.8459,0.0,0.0,0.0,15489.181,12.0429,11.7245,10.0907,10.5369,0.4884,0.4202,6.3523,1.3,42482.0,1.5,1.4137,0.0,15.4192,8.512264948453609,8.525506249484536,8.241076224742269,8.25799,0.0
6602,2017-04-20,SZSE:002091,0.2939,9.6154,8.2675,9.7308,9.5923,15103.338,9.6769,3.7298,24.0385,13.441,14.9997,0.394,14.5228,25.8419,25.8419,0.0,0.0,0.0,15356.2706,11.9396,11.6239,10.0041,10.4464,0.4842,0.4166,2.9941,1.3,42482.0,1.5,1.4013,0.0,15.4192,8.320378845393849,8.366723069243092,8.247638189778897,3.8923300000000003,0.0
6603,2017-04-21,SZSE:002091,0.2775,9.6154,8.2675,9.6539,9.5846,15103.338,9.6539,3.7298,24.0385,13.441,14.9997,0.394,14.3963,25.8419,25.8419,0.0,0.0,0.0,15356.2706,11.9396,11.6239,10.0041,10.4464,0.4842,0.4166,2.205,1.3,42482.0,1.5,1.4013,0.0,15.4192,8.300603017035172,8.300603017035172,8.241017586371862,2.8665000000000003,0.0
6604,2017-04-24,SZSE:002091,0.2775,9.3308,8.0228,9.6,9.3154,14656.2782,9.6,3.6194,23.3269,13.0431,14.5557,0.3824,15.4841,20.1771,20.1771,0.0,0.0,0.0,14909.2108,11.592,11.2855,9.7128,10.1423,0.4701,0.4044,5.1393,1.3,42482.0,1.5,1.3599,0.0,15.4192,8.254263300038582,8.254263300038582,8.00955878595619,6.681090000000001,0.0
6605,2017-04-25,SZSE:002091,0.2775,9.3923,8.0757,9.5539,9.3462,14752.9404,9.3615,3.6433,23.4808,13.1291,14.6517,0.3849,15.5726,24.0536,24.0537,0.0,0.0,0.0,11003.5364,8.5553,8.3291,7.1684,7.4854,0.347,0.2985,3.7713,1.3,42482.0,1.5,1.3688,0.0,15.4192,8.049217502635136,8.214647129031228,8.036062236087005,4.902690000000001,0.0
6606,2017-04-26,SZSE:002091,0.2775,9.8308,8.4527,10.0769,9.6231,15441.6518,9.7077,2.0708,17.7231,13.742,26.9214,0.3397,18.3807,44.6709,44.6709,0.0,0.0,0.0,11692.2478,9.4371,8.3813,7.6171,7.9539,0.371,0.3172,10.8401,1.3,42482.0,1.5,1.4327,0.0,15.4192,8.346856389103634,8.66430123998047,8.274115775928715,14.09213,0.0
6607,2017-04-27,SZSE:002091,0.2775,9.8692,8.4858,9.9308,9.6846,15502.0659,9.7308,2.0789,17.7925,17.2214,27.0268,0.341,18.2432,46.0544,46.0544,0.0,0.0,0.0,11752.6619,9.4858,8.4246,8.5974,8.535,0.3729,0.3616,6.3996,1.3,42482.0,1.5,2.2236,0.0,15.4192,8.366800008106027,8.53876531431119,8.327076022372633,8.31948,0.0
6608,2017-04-28,SZSE:002091,0.3322,10.0462,8.6379,10.1385,9.8,15779.9672,9.8,2.1161,18.1114,17.5301,27.5113,0.3472,18.4756,51.9999,51.9999,0.0,0.0,0.0,12030.5632,9.7101,8.6238,8.8007,8.7368,0.3817,0.3701,7.3154,1.3,42482.0,1.5,2.2634,0.0,15.4192,8.426212896418546,8.717261168401983,8.426212896418546,9.51002,0.0
6609,2017-05-01,SZSE:002091,0.3322,0.0,8.6379,0.0,0.0,15779.9672,0.0,2.1161,18.1114,23.3214,27.5113,0.3472,18.4756,51.9999,51.9999,0.0,0.0,0.0,12030.5632,9.7101,8.6238,8.8007,8.7368,0.3817,0.3701,0.0,1.3,42482.0,1.5,2.2634,0.0,13.0769,0.0,0.0,0.0,0.0,0.0
6610,2017-05-02,SZSE:002091,0.3322,10.0385,8.6313,10.1077,9.9308,15767.8835,10.0,2.1145,18.0976,23.3035,27.4902,0.3469,18.3191,51.7329,51.733,0.0,0.0,0.0,12018.4795,9.7004,8.6152,8.7919,8.728,0.3814,0.3697,4.8857,1.3,42482.0,1.5,2.2617,0.0,13.0769,8.598196941774168,8.690799522837075,8.53869741893709,6.3514100000000004,0.0
6611,2017-05-03,SZSE:002091,0.3322,10.0077,8.6048,10.1,9.9692,15719.5547,10.0615,2.108,18.0421,23.2321,27.406,0.3458,18.3254,50.6136,50.6136,0.0,0.0,0.0,11970.1507,9.6614,8.5805,8.7565,8.6929,0.3798,0.3682,4.05,1.3,42482.0,1.5,2.2548,0.0,13.0769,8.651058205182009,8.684161195879172,8.571697009302838,5.265,0.0
6612,2017-05-04,SZSE:002091,0.3322,9.9615,8.5651,10.0769,9.9231,15647.0569,10.0385,2.0983,17.9589,23.125,27.2796,0.3442,18.1926,48.9043,48.9043,0.0,0.0,0.0,11897.6529,9.6029,8.5285,8.7035,8.6403,0.3775,0.366,4.2894,1.3,42482.0,1.5,2.2444,0.0,13.0769,8.631306163730363,8.664323263564725,8.532082900165637,5.57622,0.0
6613,2017-05-05,SZSE:002091,0.4256,10.0462,8.6379,10.0923,9.9385,15779.9672,9.9769,2.1161,18.1114,23.3214,27.5113,0.3472,18.1309,52.0983,52.0983,0.0,0.0,0.0,12030.5632,9.7101,8.6238,8.8007,8.7368,0.3817,0.3701,4.8405,1.3,42482.0,1.5,2.2634,0.0,13.0769,8.578314637375327,8.677537593318867,8.545297639903644,6.29265,0.0
6614,2017-05-08,SZSE:002091,0.4256,9.9077,8.5188,10.2,9.8923,15562.4784,10.0385,2.087,17.8618,23.0,27.1321,0.3424,18.5341,46.9287,46.9287,0.0,0.0,0.0,11813.0744,9.5346,8.4679,8.6416,8.5789,0.3748,0.3634,6.8661,1.3,42482.0,1.5,2.2322,0.0,13.0769,8.631263946223646,8.770124246797945,8.50555883201954,8.925930000000001,0.0
6615,2017-05-09,SZSE:002091,0.4256,9.8615,8.4792,10.0385,9.7154,15489.9822,9.9769,2.0772,17.7786,22.8928,27.0057,0.3408,18.3665,45.3146,45.3146,0.0,0.0,0.0,11740.5782,9.4761,8.4159,8.5886,8.5262,0.3725,0.3612,5.3027,1.3,42482.0,1.5,2.2218,0.0,13.0769,8.578424223495412,8.631389666886378,8.353579037671755,6.89351,0.0
6616,2017-05-10,SZSE:002091,0.4256,9.8231,8.4461,9.9923,9.7846,15429.5697,9.8615,2.0691,17.7093,22.8035,26.9004,0.3395,18.3633,43.9578,43.9578,0.0,0.0,0.0,11680.1657,9.4273,8.3726,8.5444,8.4823,0.3706,0.3593,4.618,1.3,42482.0,1.5,2.2132,0.0,13.0769,8.479117096435951,8.591581581170914,8.412996921542078,6.003400000000001,0.0
6617,2017-05-11,SZSE:002091,0.4256,9.6846,8.327,9.8231,9.4231,15212.0809,9.8231,2.04,17.4596,22.4821,26.5212,0.3347,18.4029,39.3856,39.3856,0.0,0.0,0.0,11462.6769,9.2518,8.2167,8.3853,8.3244,0.3637,0.3526,5.2957,1.3,42482.0,1.5,2.182,0.0,13.0769,8.446084887346922,8.446084887346922,8.102157414864838,6.88441,0.0
6618,2017-05-12,SZSE:002091,0.3572,9.5769,8.2344,9.7154,9.5539,15042.9239,9.6923,2.0173,17.2655,22.2321,26.2263,0.3309,18.3586,36.2293,36.2293,0.0,0.0,0.0,11293.5199,9.1152,8.0955,8.2615,8.2015,0.3584,0.3474,3.5093,1.3,42482.0,1.5,2.1577,0.0,13.0769,8.333623105597844,8.353484923096202,8.214624164395579,4.56209,0.0
6619,2017-05-15,SZSE:002091,0.3572,9.6077,8.2609,9.7154,9.5846,15091.2543,9.6539,2.0238,17.321,22.3035,26.3106,0.332,18.3064,37.7639,37.7639,0.0,0.0,0.0,11341.8503,9.1543,8.1301,8.2969,8.2366,0.3599,0.3489,2.2754,1.3,42482.0,1.5,2.1647,0.0,13.0769,8.300623719516636,8.35350269679528,8.241038140241681,2.95802,0.0
6620,2017-05-16,SZSE:002091,0.3572,9.9923,8.5916,10.0231,9.5692,15695.3872,9.5692,2.1048,18.0144,23.1964,27.3638,0.3453,20.0662,52.9921,52.9921,0.0,0.0,0.0,11945.9832,9.6419,8.5632,8.7388,8.6754,0.3791,0.3675,6.8326,1.3,42482.0,1.5,2.2513,0.0,13.0769,8.227809285149565,8.618082519540044,8.227809285149565,8.882380000000001,0.0
6621,2017-05-17,SZSE:002091,0.3572,9.9077,8.5188,10.0539,9.8923,15562.4784,9.9923,2.087,17.8618,23.0,27.1321,0.3424,20.1342,50.0884,50.0884,0.0,0.0,0.0,11813.0744,9.5346,8.4679,8.6416,8.5789,0.3748,0.3634,5.1193,1.3,42482.0,1.5,2.2322,0.0,13.0769,8.591540442282266,8.644505114204106,8.50555883201954,6.65509,0.0
6622,2017-05-18,SZSE:002091,0.3572,9.9154,8.5255,10.1231,9.8154,15574.5606,9.8462,2.0886,17.8757,23.0178,27.1532,0.3426,19.9666,50.3547,50.3547,0.0,0.0,0.0,11825.1566,9.5443,8.4766,8.6504,8.5876,0.3752,0.3638,4.771,1.3,42482.0,1.5,2.234,0.0,13.0769,8.466000171450471,8.704085468059786,8.439517588801259,6.2023,0.0
6623,2017-05-19,SZSE:002091,0.3247,10.0154,8.6114,10.0769,9.9,15731.6354,10.0385,2.1096,18.056,23.25,27.427,0.3461,19.916,53.8056,53.8056,0.0,0.0,0.0,11982.2314,9.6711,8.5892,8.7654,8.7017,0.3802,0.3686,4.0691,1.3,42482.0,1.5,2.2565,0.0,13.0769,8.63126174690976,8.66427867683767,8.51217724703956,5.28983,0.0
6624,2017-05-22,SZSE:002091,0.3247,9.8385,8.4593,10.0385,9.7769,15453.734,10.0,2.0724,17.737,22.8392,26.9425,0.34,20.3856,47.513,47.513,0.0,0.0,0.0,11704.33,9.4468,8.39,8.5621,8.4999,0.3714,0.3601,3.9195,1.3,42482.0,1.5,2.2166,0.0,13.0769,8.59816028866189,8.631263205773239,8.406335332621843,5.095350000000001,0.0
6625,2017-05-23,SZSE:002091,0.3247,9.5539,8.2146,9.9,9.4923,15006.6758,9.8846,2.0124,17.2239,22.1785,26.1631,0.3302,20.9295,39.5082,39.5082,0.0,0.0,0.0,11257.2718,9.086,8.0695,8.235,8.1752,0.3572,0.3463,4.3154,1.3,42482.0,1.5,2.1525,0.0,13.0769,8.498941286804342,8.512182459519149,8.16163530914077,5.6100200000000005,0.0
6626,2017-05-24,SZSE:002091,0.3247,9.6231,8.2741,9.6462,9.3923,15115.4202,9.5769,2.027,17.3487,22.3392,26.3527,0.3325,21.0086,42.0651,42.0651,0.0,0.0,0.0,11366.0162,9.1738,8.1474,8.3146,8.2542,0.3607,0.3497,4.1541,1.3,42482.0,1.5,2.1681,0.0,13.0769,8.234376478473672,8.293961760763164,8.075654355665014,5.400329999999999,0.0
6627,2017-05-25,SZSE:002091,0.3247,9.6462,8.294,9.7615,9.4769,15151.6683,9.7615,2.0319,17.3903,22.3928,26.4159,0.3333,20.8473,42.931,42.931,0.0,0.0,0.0,11402.2643,9.203,8.1734,8.3411,8.2805,0.3618,0.3508,4.1727,1.3,42482.0,1.5,2.1733,0.0,13.0769,8.393137297588687,8.393137297588687,8.148432398250089,5.42451,0.0
6628,2017-05-26,SZSE:002091,0.1263,9.41,8.2221,9.53,9.39,14780.7317,9.5,1.9821,16.9646,21.8446,25.7692,0.3252,21.1999,36.8597,40.5645,0.0,0.0,0.0,11031.3277,8.9036,7.9075,8.0697,8.0111,0.35,0.3394,2.5263,1.0,42881.0,1.3,2.1201,0.0,13.0769,8.300738575982995,8.326951434643995,8.204624760892667,2.5263,0.200
6629,2017-05-29,SZSE:002091,0.1263,0.0,8.2221,0.0,0.0,14780.7317,0.0,1.9821,16.9646,20.8232,25.7692,0.3252,21.1999,36.8597,40.5645,0.0,0.0,0.0,11031.3277,8.9036,7.9075,7.7426,7.4801,0.35,0.3214,0.0,1.0,42881.0,1.3,0.0,0.0,13.0769,0.0,0.0,0.0,0.0,0.0
6630,2017-05-30,SZSE:002091,0.1263,0.0,8.2221,0.0,0.0,14780.7317,0.0,1.9821,16.9646,20.8232,25.7692,0.3252,21.1999,36.8597,40.5645,0.0,0.0,0.0,11031.3277,8.9036,7.9075,7.7426,7.4801,0.35,0.3214,0.0,1.0,42881.0,1.3,0.0,0.0,13.0769,0.0,0.0,0.0,0.0,0.0
6631,2017-05-31,SZSE:002091,0.1263,9.42,8.2308,9.6,9.41,14796.4391,9.52,1.9842,16.9826,20.8453,25.7966,0.3255,21.3311,37.2643,40.9901,0.0,0.0,0.0,11047.0351,8.9163,7.9188,7.7537,7.4908,0.3505,0.3218,2.6016,1.0,42881.0,1.3,0.0,0.0,13.0769,8.318175796178345,8.38807643312102,8.222062420382166,2.6016,0.0
6632,2017-06-01,SZSE:002091,0.1263,9.11,7.9599,9.46,9.09,14309.5075,9.41,1.9189,16.4237,20.1593,24.9476,0.3148,22.2735,30.6974,33.0816,0.0,0.0,0.0,10560.1035,8.5233,7.5697,7.4119,7.1606,0.3351,0.3077,4.1194,1.0,42881.0,1.3,0.0,0.0,13.0769,8.222026234906696,8.26571394072448,7.942424917672888,4.1194,0.0
6633,2017-06-02,SZSE:002091,0.1176,9.09,7.9424,9.15,8.8,14278.0925,9.11,1.9147,16.3877,20.1151,24.8929,0.3141,22.2719,30.3261,32.644,0.0,0.0,0.0,10528.6885,8.4979,7.5472,7.3899,7.1393,0.3341,0.3067,3.5398,1.0,42881.0,1.3,0.0,0.0,13.0769,7.95987502750275,7.994825082508251,7.689012101210122,3.5398,0.0
6634,2017-06-05,SZSE:002091,0.1176,9.24,8.0735,9.33,9.08,14513.7046,9.08,1.9463,16.6581,20.447,25.3036,0.3193,22.3051,36.5272,39.1456,0.0,0.0,0.0,10764.3006,8.6881,7.7161,7.5552,7.2991,0.3416,0.3136,3.2654,1.0,42881.0,1.3,0.0,0.0,13.0769,7.933699134199133,8.152137987012987,7.933699134199133,3.2654,0.0
6635,2017-06-06,SZSE:002091,0.1176,9.28,8.1085,9.34,9.23,14576.5345,9.26,1.9547,16.7302,20.5355,25.4132,0.3207,22.2956,38.1091,40.787,0.0,0.0,0.0,10827.1305,8.7388,7.7612,7.5993,7.3417,0.3436,0.3154,2.5446,1.0,42881.0,1.3,0.0,0.0,13.0769,8.091024784482759,8.160925646551725,8.064811961206896,2.5446,0.0
6636,2017-06-07,SZSE:002091,0.1176,9.51,8.3094,9.53,9.28,14937.8064,9.29,2.0032,17.1448,21.0445,26.043,0.3286,22.9328,46.3835,49.2615,0.0,0.0,0.0,11188.4024,9.0304,8.0201,7.8529,7.5866,0.355,0.326,5.2035,1.0,42881.0,1.3,0.0,0.0,13.0769,8.117174132492114,8.326875078864353,8.108436593059936,5.2035,0.0
6637,2017-06-08,SZSE:002091,0.1176,9.44,8.2483,9.61,9.39,14827.8541,9.5,1.9884,17.0186,20.8896,25.8513,0.3262,22.9597,44.4364,47.0543,0.0,0.0,0.0,11078.4501,8.9417,7.9413,7.7757,7.5121,0.3515,0.3228,5.1383,1.0,42881.0,1.3,0.0,0.0,13.0769,8.300725635593222,8.396839300847459,8.204611970338984,5.1383,0.0
6638,2017-06-09,SZSE:002091,0.108,9.43,8.2395,9.55,9.38,14812.1466,9.44,1.9863,17.0006,20.8675,25.8239,0.3259,22.906,44.1512,46.7322,0.0,0.0,0.0,11062.7426,8.929,7.9301,7.7647,7.5014,0.351,0.3223,2.7955,1.0,42881.0,1.3,0.0,0.0,13.0769,8.248237539766702,8.344350477200424,8.195812301166491,2.7955,0.0
6639,2017-06-12,SZSE:002091,0.108,9.32,8.1434,9.43,9.31,14639.3644,9.42,1.9632,16.8023,20.624,25.5227,0.3221,22.8601,41.0321,43.2265,0.0,0.0,0.0,10889.9604,8.7895,7.8062,7.6434,7.3843,0.3455,0.3173,2.7545,1.0,42881.0,1.3,0.0,0.0,13.0769,8.230775536480685,8.239513090128755,8.134662446351932,2.7545,0.0
6640,2017-06-13,SZSE:002091,0.108,9.59,8.3793,9.71,9.32,15063.4662,9.32,2.02,17.2891,21.2215,26.2621,0.3314,23.3882,50.3112,52.6214,0.0,0.0,0.0,11314.0622,9.1318,8.1102,7.9411,7.6719,0.359,0.3296,7.7914,1.0,42881.0,1.3,0.0,0.0,13.0769,8.143386444212723,8.484150469238793,8.143386444212723,7.7914,0.0
6641,2017-06-14,SZSE:002091,0.108,9.72,8.4929,9.96,9.63,15267.6633,9.63,2.0474,17.5234,21.5092,26.6181,0.3359,23.5052,54.0596,56.3655,0.0,0.0,0.0,11518.2593,9.2966,8.2566,8.0844,7.8103,0.3655,0.3356,12.7747,1.0,42881.0,1.3,0.0,0.0,13.0769,8.414262037037037,8.702601234567902,8.414262037037037,12.7747,0.0
6642,2017-06-15,SZSE:002091,0.108,9.77,8.5366,9.9,9.65,15346.2007,9.7,2.058,17.6136,21.6198,26.755,0.3376,23.5416,55.4516,57.7485,0.0,0.0,0.0,11596.7967,9.36,8.3129,8.1395,7.8636,0.368,0.3379,7.1706,1.0,42881.0,1.3,0.0,0.0,13.0769,8.475437052200613,8.650188331627431,8.431749232343911,7.1706,0.0
6643,2017-06-16,SZSE:002091,0.0713,9.76,8.5279,10.03,9.76,15330.4932,9.82,2.0559,17.5955,21.5977,26.7276,0.3373,23.4246,55.0921,57.3569,0.0,0.0,0.0,11581.0892,9.3473,8.3016,8.1285,7.8529,0.3675,0.3374,8.9413,1.0,42881.0,1.3,0.0,0.0,13.0769,8.5803256147541,8.763815266393443,8.5279,8.9413,0.0
6644,2017-06-19,SZSE:002091,0.0713,9.64,8.423,9.87,9.64,15142.0035,9.8,2.0306,17.3792,21.3322,26.399,0.3331,23.4119,50.8328,52.7361,0.0,0.0,0.0,11392.5995,9.1952,8.1665,7.9962,7.7251,0.3615,0.3319,5.9506,1.0,42881.0,1.3,0.0,0.0,13.0769,8.562800829875519,8.623963692946058,8.423,5.9506,0.0
6645,2017-06-20,SZSE:002091,0.0713,9.91,8.6589,10.03,9.68,15566.1053,9.71,2.0874,17.866,21.9296,27.1384,0.3425,24.1408,58.5902,60.4556,0.0,0.0,0.0,11816.7013,9.5375,8.4705,8.2939,8.0127,0.375,0.3443,13.1508,1.0,42881.0,1.3,0.0,0.0,13.0769,8.484149243188698,8.76375045408678,8.457936629667003,13.1508,0.0
6646,2017-06-21,SZSE:002091,0.0713,9.84,8.5978,9.93,9.73,15456.153,9.93,2.0727,17.7398,21.7747,26.9467,0.34,24.1456,56.1181,57.8189,0.0,0.0,0.0,11706.749,9.4488,8.3917,8.2167,7.9381,0.3715,0.3411,7.3279,1.0,42881.0,1.3,0.0,0.0,13.0769,8.676438414634145,8.676438414634145,8.50168638211382,7.3279,0.0
6647,2017-06-22,SZSE:002091,0.0713,9.68,8.458,9.93,9.67,15204.8334,9.93,2.039,17.4513,21.4207,26.5086,0.3345,24.1282,50.8381,52.2136,0.0,0.0,0.0,11455.4294,9.2459,8.2115,8.0403,7.7677,0.3635,0.3337,6.9053,1.0,42881.0,1.3,0.0,0.0,13.0769,8.676440082644628,8.676440082644628,8.449262396694216,6.9053,0.0
6648,2017-06-23,SZSE:002091,0.059,9.69,8.4667,9.75,9.49,15220.5409,9.67,2.0411,17.4693,21.4428,26.536,0.3349,24.1266,51.1475,52.5234,0.0,0.0,0.0,11471.1369,9.2586,8.2228,8.0513,7.7784,0.364,0.3342,5.3523,1.0,42881.0,1.3,0.0,0.0,13.0769,8.449224871001032,8.519125386996905,8.29194871001032,5.3523,0.0
6649,2017-06-26,SZSE:002091,0.059,9.73,8.5017,9.76,9.58,15283.3708,9.7,2.0495,17.5415,21.5313,26.6455,0.3362,24.1472,52.4368,53.8133,0.0,0.0,0.0,11533.9668,9.3093,8.2678,8.0954,7.821,0.366,0.336,9.1987,1.0,42881.0,1.3,0.0,0.0,13.0769,8.475487153134633,8.527912846865364,8.370635765673175,9.1987,0.0
6650,2017-06-27,SZSE:002091,0.059,9.59,8.3793,9.72,9.54,15063.4662,9.71,2.02,17.2891,21.2215,26.2621,0.3314,24.3021,47.6924,48.8146,0.0,0.0,0.0,11314.0622,9.1318,8.1102,7.9411,7.6719,0.359,0.3296,7.6625,1.0,42881.0,1.3,0.0,0.0,13.0769,8.484150469238793,8.492888008342025,8.335612304483837,7.6625,0.0
6651,2017-06-28,SZSE:002091,0.059,9.58,8.3706,9.65,9.5,15047.7587,9.59,2.0179,17.271,21.1994,26.2347,0.3311,24.2673,47.3627,48.4682,0.0,0.0,0.0,11298.3547,9.1191,8.0989,7.9301,7.6612,0.3585,0.3292,5.0908,1.0,42881.0,1.3,0.0,0.0,13.0769,8.3793375782881,8.4317630480167,8.300699373695197,5.0908,0.0
6652,2017-06-29,SZSE:002091,0.059,9.58,8.3706,9.62,9.42,15047.7587,9.62,2.0179,17.271,21.1994,26.2347,0.3311,24.1535,47.3627,48.4682,0.0,0.0,0.0,11298.3547,9.1191,8.0989,7.9301,7.6612,0.3585,0.3292,5.461,1.0,42881.0,1.3,0.0,0.0,13.0769,8.4055503131524,8.4055503131524,8.230798747390397,5.461,0.0
6653,2017-06-30,SZSE:002091,0.0733,9.55,8.3444,9.61,9.49,15000.6363,9.58,2.0116,17.217,21.133,26.1526,0.33,23.9622,46.2505,47.3007,0.0,0.0,0.0,11251.2323,9.0811,8.0652,7.897,7.6293,0.357,0.3278,4.9939,1.0,42881.0,1.3,0.0,0.0,13.0769,8.37061277486911,8.39682554973822,8.29197445026178,4.9939,0.0
6654,2017-07-03,SZSE:002091,0.0733,9.76,8.5279,9.76,9.49,15330.4932,9.55,2.0559,17.5955,21.5977,26.7276,0.3373,24.378,54.3346,55.4,0.0,0.0,0.0,11581.0892,9.3473,8.3016,8.1285,7.8529,0.3675,0.3374,10.3766,1.0,42881.0,1.3,0.0,0.0,13.0769,8.344410348360658,8.5279,8.291984733606558,10.3766,0.0
6655,2017-07-04,SZSE:002091,0.0733,9.76,8.5279,9.89,9.71,15330.4932,9.73,2.0559,17.5955,21.5977,26.7276,0.3373,24.1772,54.3346,55.4,0.0,0.0,0.0,11581.0892,9.3473,8.3016,8.1285,7.8529,0.3675,0.3374,10.9471,1.0,42881.0,1.3,0.0,0.0,13.0769,8.501687192622953,8.641488831967216,8.484211987704919,10.9471,0.0
6656,2017-07-05,SZSE:002091,0.0733,9.87,8.624,9.91,9.67,15503.2754,9.71,2.079,17.7939,21.8411,27.0289,0.3411,23.8357,58.1577,59.2085,0.0,0.0,0.0,11753.8714,9.4868,8.4255,8.2498,7.9701,0.373,0.3424,11.5666,1.0,42881.0,1.3,0.0,0.0,13.0769,8.484198581560285,8.65895035460993,8.449248226950356,11.5666,0.0
6657,2017-07-06,SZSE:002091,0.0733,10.11,8.8337,10.35,9.82,15880.2547,9.85,2.1296,18.2265,22.3722,27.6861,0.3494,24.2942,65.0357,66.0253,0.0,0.0,0.0,12130.8507,9.7911,8.6957,8.5144,8.2257,0.3849,0.3534,31.8101,1.0,42881.0,1.3,0.0,0.0,13.0769,8.60652274975272,9.043402077151335,8.580309990108804,31.8101,0.0
6658,2017-07-07,SZSE:002091,0.0466,10.12,8.8424,10.16,9.99,15895.9622,10.07,2.1317,18.2446,22.3943,27.7135,0.3497,24.2483,65.2917,66.2782,0.0,0.0,0.0,12146.5582,9.8037,8.707,8.5254,8.2364,0.3854,0.3539,13.3847,1.0,42881.0,1.3,0.0,0.0,13.0769,8.798712252964428,8.87735019762846,8.72881185770751,13.3847,0.0
6659,2017-07-10,SZSE:002091,0.0466,10.12,8.8424,10.2,10.02,15895.9622,10.16,2.1317,18.2446,22.3943,27.7135,0.3497,24.2468,65.2917,66.2782,0.0,0.0,0.0,12146.5582,9.8037,8.707,8.5254,8.2364,0.3854,0.3539,10.9206,1.0,42881.0,1.3,0.0,0.0,13.0769,8.87735019762846,8.912300395256915,8.755024505928853,10.9206,0.0
6660,2017-07-11,SZSE:002091,0.0466,9.74,8.5104,10.14,9.71,15299.0783,10.14,2.0516,17.5595,21.5534,26.6729,0.3366,25.3883,49.363,49.9077,0.0,0.0,0.0,11549.6743,9.322,8.2791,8.1065,7.8316,0.3665,0.3365,13.4659,1.0,42881.0,1.3,0.0,0.0,13.0769,8.859903080082136,8.859903080082136,8.484187268993841,13.4659,0.0
6661,2017-07-12,SZSE:002091,0.0466,9.99,8.7288,9.99,9.66,15691.7651,9.73,2.1043,18.0102,22.1067,27.3575,0.3452,25.8263,56.8256,57.3682,0.0,0.0,0.0,11942.3611,9.6389,8.5606,8.3821,8.0979,0.3789,0.3479,10.0349,1.0,42881.0,1.3,0.0,0.0,13.0769,8.501624024024023,8.7288,8.44046126126126,10.0349,0.0
6662,2017-07-13,SZSE:002091,0.0466,9.75,8.5191,10.04,9.72,15314.7857,10.0,2.0537,17.5775,21.5756,26.7003,0.3369,26.2769,49.3123,49.7136,0.0,0.0,0.0,11565.3817,9.3347,8.2904,8.1175,7.8423,0.367,0.3369,12.1205,1.0,42881.0,1.3,0.0,0.0,13.0769,8.737538461538461,8.772488615384614,8.492887384615385,12.1205,0.0
6663,2017-07-14,SZSE:002091,0.0493,9.81,8.5716,9.9,9.66,15409.0306,9.73,2.0664,17.6857,21.7083,26.8646,0.339,26.1852,51.0546,51.4574,0.0,0.0,0.0,11659.6266,9.4107,8.3579,8.1836,7.9062,0.37,0.3397,7.9093,1.0,42881.0,1.3,0.0,0.0,13.0769,8.501699082568807,8.650238532110091,8.440535779816514,7.9093,0.0
6664,2017-07-17,SZSE:002091,0.0493,9.36,8.1784,9.85,9.2,14702.1943,9.79,1.9716,16.8744,20.7126,25.6323,0.3235,27.7996,39.9603,40.1983,0.0,0.0,0.0,10952.7903,8.8402,7.8512,7.6875,7.4269,0.3475,0.3191,13.4842,1.0,42881.0,1.3,0.0,0.0,13.0769,8.554117094017094,8.606542735042735,8.03859829059829,13.4842,0.0
6665,2017-07-18,SZSE:002091,0.0493,9.46,8.2657,9.54,9.33,14859.269,9.33,1.9927,17.0547,20.9338,25.9061,0.3269,27.896,42.9283,43.1739,0.0,0.0,0.0,11109.865,8.967,7.9638,7.7978,7.5334,0.3525,0.3237,4.8844,1.0,42881.0,1.3,0.0,0.0,13.0769,8.152112156448203,8.33560021141649,8.152112156448203,4.8844,0.0
6666,2017-07-19,SZSE:002091,0.0493,9.64,8.423,9.73,9.4,15142.0035,9.42,2.0306,17.3792,21.3322,26.399,0.3331,27.8755,47.9189,48.1728,0.0,0.0,0.0,11392.5995,9.1952,8.1665,7.9962,7.7251,0.3615,0.3319,8.2861,1.0,42881.0,1.3,0.0,0.0,13.0769,8.230773858921161,8.50163796680498,8.213298755186722,8.2861,0.0
6667,2017-07-20,SZSE:002091,0.0493,10.59,9.2531,10.6,9.64,16634.2134,9.64,2.2307,19.0919,23.4344,29.0006,0.366,33.6118,65.2101,65.4484,0.0,0.0,0.0,12884.8094,10.3996,9.2362,9.0436,8.7369,0.4088,0.3754,79.5245,1.0,42881.0,1.3,0.0,0.0,13.0769,8.423029650613787,9.261837582625118,8.423029650613787,79.5245,0.0
6668,2017-07-21,SZSE:002091,0.086,10.51,9.1832,10.62,10.36,16508.5536,10.56,2.2138,18.9477,23.2574,28.7815,0.3632,33.6609,63.304,63.528,0.0,0.0,0.0,12759.1496,10.2982,9.1461,8.9554,8.6517,0.4049,0.3717,37.7596,1.0,42881.0,1.3,0.0,0.0,13.0769,9.226887916270218,9.27931341579448,9.052136251189342,37.7596,0.0
6669,2017-07-24,SZSE:002091,0.086,10.53,9.2007,10.66,10.42,16539.9686,10.47,2.218,18.9837,23.3016,28.8363,0.3639,33.0426,63.5906,63.8139,0.0,0.0,0.0,12790.5646,10.3235,9.1686,8.9774,8.673,0.4059,0.3726,29.8738,1.0,42881.0,1.3,0.0,0.0,13.0769,9.148274358974358,9.314288888888889,9.104586324786325,29.8738,0.0
6670,2017-07-25,SZSE:002091,0.086,10.35,9.0434,10.53,10.15,16257.2341,10.52,2.1801,18.6592,22.9033,28.3434,0.3577,33.2513,59.1168,59.3084,0.0,0.0,0.0,12507.8301,10.0953,8.9659,8.779,8.4813,0.3969,0.3644,20.0238,1.0,42881.0,1.3,0.0,0.0,13.0769,9.191938937198069,9.20067652173913,8.868648309178745,20.0238,0.0
6671,2017-07-26,SZSE:002091,0.086,10.34,9.0346,10.52,10.21,16241.5266,10.31,2.178,18.6412,22.8812,28.316,0.3573,32.0149,58.869,59.0589,0.0,0.0,0.0,12492.1226,10.0827,8.9547,8.7679,8.4707,0.3964,0.3639,14.3452,1.0,42881.0,1.3,0.0,0.0,13.0769,9.00838742746615,9.191875435203094,8.921012185686655,14.3452,0.0
6672,2017-07-27,SZSE:002091,0.086,10.4,9.0871,10.5,10.22,16335.7714,10.3,2.1907,18.7494,23.0139,28.4803,0.3594,32.0244,59.9536,60.1422,0.0,0.0,0.0,12586.3674,10.1587,9.0222,8.8341,8.5346,0.3994,0.3667,14.576,1.0,42881.0,1.3,0.0,0.0,13.0769,8.999724038461538,9.17447596153846,8.92982326923077,14.576,0.0
6673,2017-07-28,SZSE:002091,0.0886,10.66,9.3142,10.75,10.36,16744.1657,10.4,2.2454,19.2181,23.5893,29.1923,0.3684,32.2031,64.3416,64.523,0.0,0.0,0.0,12994.7617,10.4884,9.315,9.1207,8.8115,0.4123,0.3786,26.4982,1.0,42881.0,1.3,0.0,0.0,13.0769,9.087024390243903,9.392837711069417,9.052074296435272,26.4982,0.0
6674,2017-07-31,SZSE:002091,0.0886,10.68,9.3317,10.77,10.5,16775.5807,10.66,2.2496,19.2541,23.6336,29.2471,0.3691,31.9437,64.6624,64.8431,0.0,0.0,0.0,13026.1767,10.5137,9.3375,9.1428,8.8328,0.4133,0.3795,18.8028,1.0,42881.0,1.3,0.0,0.0,13.0769,9.314224906367041,9.410337921348313,9.17442415730337,18.8028,0.0
6675,2017-08-01,SZSE:002091,0.0886,10.68,9.3317,10.89,10.57,16775.5807,10.7,2.2496,19.2541,23.6336,29.2471,0.3691,31.6892,64.6624,64.8431,0.0,0.0,0.0,13026.1767,10.5137,9.3375,9.1428,8.8328,0.4133,0.3795,30.2203,1.0,42881.0,1.3,0.0,0.0,13.0769,9.349175093632958,9.515188483146067,9.235586985018726,30.2203,0.0
6676,2017-08-02,SZSE:002091,0.0886,10.31,9.0084,10.68,10.27,16194.4042,10.6,2.1717,18.5871,22.8148,28.2338,0.3563,32.4877,54.2014,54.3261,0.0,0.0,0.0,12445.0002,10.0446,8.9209,8.7349,8.4387,0.3949,0.3626,22.3186,1.0,42881.0,1.3,0.0,0.0,13.0769,9.261788554801164,9.331688845780794,8.973449854510184,22.3186,0.0
6677,2017-08-03,SZSE:002091,0.0886,10.35,9.0434,10.41,10.17,16257.2341,10.32,2.1801,18.6592,22.9033,28.3434,0.3577,32.4861,55.0481,55.1726,0.0,0.0,0.0,12507.8301,10.0953,8.9659,8.779,8.4813,0.3969,0.3644,17.6212,1.0,42881.0,1.3,0.0,0.0,13.0769,9.017187246376812,9.095825507246378,8.88612347826087,17.6212,0.0
6678,2017-08-04,SZSE:002091,0.089,10.09,8.8162,10.36,10.08,15848.8398,10.35,2.1254,18.1905,22.328,27.6313,0.3487,32.875,48.7407,48.8369,0.0,0.0,0.0,12099.4358,9.7657,8.6732,8.4923,8.2044,0.3839,0.3525,16.3904,1.0,42881.0,1.3,0.0,0.0,13.0769,9.043376610505451,9.052114172447968,8.807462438057483,16.3904,0.0
6679,2017-08-07,SZSE:002091,0.089,10.23,8.9385,10.25,10.07,16068.7444,10.11,2.1549,18.4429,22.6378,28.0147,0.3535,32.9462,51.9343,52.0311,0.0,0.0,0.0,12319.3404,9.9432,8.8308,8.6467,8.3535,0.3909,0.3589,8.5189,1.0,42881.0,1.3,0.0,0.0,13.0769,8.833649560117301,8.955975073313782,8.798699413489736,8.5189,0.0
6680,2017-08-08,SZSE:002091,0.089,10.14,8.8599,10.23,9.99,15927.3772,10.18,2.1359,18.2806,22.4386,27.7683,0.3504,32.875,49.7869,49.8754,0.0,0.0,0.0,12177.9732,9.8291,8.7295,8.5475,8.2577,0.3864,0.3548,8.2227,1.0,42881.0,1.3,0.0,0.0,13.0769,8.894850295857989,8.938538165680473,8.728836390532543,8.2227,0.0
6681,2017-08-09,SZSE:002091,0.089,10.17,8.8861,10.32,10.1,15974.4996,10.14,2.1422,18.3347,22.505,27.8504,0.3514,32.8624,50.5213,50.6099,0.0,0.0,0.0,12225.0956,9.8671,8.7633,8.5805,8.2896,0.3879,0.3562,9.1708,1.0,42881.0,1.3,0.0,0.0,13.0769,8.85988731563422,9.01716342182891,8.824937069813176,9.1708,0.0
6682,2017-08-10,SZSE:002091,0.089,10.05,8.7813,10.25,10.01,15786.0099,10.17,2.1169,18.1184,22.2394,27.5218,0.3473,32.943,47.5269,47.6047,0.0,0.0,0.0,12036.6059,9.715,8.6281,8.4482,8.1618,0.3819,0.3507,9.6028,1.0,42881.0,1.3,0.0,0.0,13.0769,8.886151343283581,8.956052238805968,8.746349552238804,9.6028,0.0
6683,2017-08-11,SZSE:002091,0.1078,9.84,8.5978,10.09,9.84,15456.153,9.96,2.0727,17.7398,21.7747,26.9467,0.34,33.0917,42.7514,42.8134,0.0,0.0,0.0,11706.749,9.4488,8.3917,8.2167,7.9381,0.3715,0.3411,10.5886,1.0,42881.0,1.3,0.0,0.0,13.0769,8.702651219512195,8.816240040650406,8.5978,10.5886,0.0
6684,2017-08-14,SZSE:002091,0.1078,10.14,8.8599,10.15,9.81,15927.3772,9.81,2.1359,18.2806,22.4386,27.7683,0.3504,33.5265,50.4162,50.481,0.0,0.0,0.0,12177.9732,9.8291,8.7295,8.5475,8.2577,0.3864,0.3548,7.8227,1.0,42881.0,1.3,0.0,0.0,13.0769,8.571560059171597,8.868637573964495,8.571560059171597,7.8227,0.0
6685,2017-08-15,SZSE:002091,0.1078,10.07,8.7987,10.15,10.01,15817.4249,10.09,2.1212,18.1544,22.2837,27.5766,0.348,33.5581,48.7753,48.8356,0.0,0.0,0.0,12068.0209,9.7404,8.6507,8.4703,8.1831,0.3829,0.3516,6.2087,1.0,42881.0,1.3,0.0,0.0,13.0769,8.81617507447865,8.868600297914599,8.746274776564052,6.2087,0.0
6686,2017-08-16,SZSE:002091,0.1078,9.99,8.7288,10.1,9.97,15691.7651,10.1,2.1043,18.0102,22.1067,27.3575,0.3452,32.6948,46.8966,46.9521,0.0,0.0,0.0,11942.3611,9.6389,8.5606,8.3821,8.0979,0.3789,0.3479,5.9199,1.0,42881.0,1.3,0.0,0.0,13.0769,8.824912912912911,8.824912912912911,8.711324924924925,5.9199,0.0
6687,2017-08-17,SZSE:002091,0.1078,10.14,8.8599,10.15,10.02,15927.3772,10.05,2.1359,18.2806,22.4386,27.7683,0.3504,32.7802,50.7286,50.7849,0.0,0.0,0.0,12177.9732,9.8291,8.7295,8.5475,8.2577,0.3864,0.3548,6.9531,1.0,42881.0,1.3,0.0,0.0,13.0769,8.781261834319526,8.868637573964495,8.755049112426034,6.9531,0.0
6688,2017-08-18,SZSE:002091,0.1335,10.0,8.7376,10.09,9.97,15707.4725,10.08,2.1064,18.0282,22.1288,27.3849,0.3456,32.9003,47.298,47.3465,0.0,0.0,0.0,11958.0685,9.6516,8.5718,8.3931,8.1085,0.3794,0.3484,6.1042,1.0,42881.0,1.3,0.0,0.0,13.0769,8.8075008,8.8162384,8.7113872,6.1042,0.0
6689,2017-08-21,SZSE:002091,0.1335,10.14,8.8599,10.16,9.99,15927.3772,9.99,2.1359,18.2806,22.4386,27.7683,0.3504,32.9557,50.8757,50.9248,0.0,0.0,0.0,12177.9732,9.8291,8.7295,8.5475,8.2577,0.3864,0.3548,7.6023,1.0,42881.0,1.3,0.0,0.0,13.0769,8.728836390532543,8.877375147928994,8.728836390532543,7.6023,0.0
6690,2017-08-22,SZSE:002091,0.1335,10.16,8.8774,10.23,10.1,15958.7921,10.15,2.1401,18.3167,22.4829,27.823,0.3511,32.758,51.3834,51.4325,0.0,0.0,0.0,12209.3881,9.8545,8.752,8.5695,8.279,0.3874,0.3557,7.6436,1.0,42881.0,1.3,0.0,0.0,13.0769,8.868662401574802,8.938563188976378,8.824974409448817,7.6436,0.0
6691,2017-08-23,SZSE:002091,0.1335,10.26,8.9647,10.29,10.12,16115.8668,10.14,2.1612,18.497,22.7041,28.0969,0.3546,32.2521,53.9465,53.9956,0.0,0.0,0.0,12366.4628,9.9812,8.8646,8.6797,8.3855,0.3924,0.3603,9.6756,1.0,42881.0,1.3,0.0,0.0,13.0769,8.85984970760234,8.990912573099415,8.842374658869396,9.6756,0.0
6692,2017-08-24,SZSE:002091,0.1335,10.06,8.79,10.29,10.02,15801.7174,10.23,2.119,18.1364,22.2616,27.5492,0.3476,32.4877,48.4455,48.4845,0.0,0.0,0.0,12052.3134,9.7277,8.6394,8.4593,8.1725,0.3824,0.3511,7.5451,1.0,42881.0,1.3,0.0,0.0,13.0769,8.938538767395626,8.990964214711727,8.755049701789263,7.5451,0.0
6693,2017-08-25,SZSE:002091,0.1621,10.19,8.9036,10.19,10.04,16005.9145,10.06,2.4249,17.2873,22.6444,27.3854,0.3601,32.5746,51.8803,51.9197,0.0,0.0,0.0,13983.7722,10.8639,9.7578,10.5042,9.6241,0.4291,0.4074,7.1511,1.0,42881.0,1.3,0.0,0.0,13.08,8.79001138370952,8.9036,8.772536211972524,7.1511,0.0
6694,2017-08-28,SZSE:002091,0.1621,10.24,8.9473,10.42,10.21,16092.5751,10.26,2.4368,17.3721,21.0051,27.5198,0.3618,32.173,53.1725,53.2119,0.0,0.0,0.0,14070.4328,10.9312,9.8183,10.2293,9.1426,0.4317,0.3878,12.9408,1.0,42881.0,1.3,0.0,0.0,13.08,8.9647751953125,9.1045767578125,8.92108720703125,12.9408,0.0
6695,2017-08-29,SZSE:002091,0.1621,10.24,8.9473,10.31,10.19,16092.5751,10.25,2.4368,17.3721,21.0051,27.5198,0.3618,31.9216,53.1725,53.2119,0.0,0.0,0.0,14070.4328,10.9312,9.8183,10.2293,9.1426,0.4317,0.3878,5.9896,1.0,42881.0,1.3,0.0,0.0,13.08,8.95603759765625,9.00846318359375,8.90361201171875,5.9896,0.0
6696,2017-08-30,SZSE:002091,0.1621,10.24,8.9473,10.3,10.18,16092.5751,10.21,2.4368,17.3721,21.0051,27.5198,0.3618,31.6765,53.1725,53.2119,0.0,0.0,0.0,14070.4328,10.9312,9.8183,10.2293,9.1426,0.4317,0.3878,6.4751,1.0,42881.0,1.3,0.0,0.0,13.08,8.92108720703125,8.999725585937501,8.8948744140625,6.4751,0.0
6697,2017-08-31,SZSE:002091,0.1621,10.23,8.9385,10.29,10.15,16076.8597,10.23,2.4344,17.3552,20.9846,27.4929,0.3615,31.6797,52.8182,52.8571,0.0,0.0,0.0,14054.7174,10.919,9.8073,10.2179,9.1324,0.4312,0.3874,6.0707,1.0,42881.0,1.3,0.0,0.0,13.08,8.9385,8.990925219941346,8.868599706744867,6.0707,0.0
6698,2017-09-01,SZSE:002091,0.1464,10.39,9.0783,10.44,10.18,16328.3062,10.25,2.4725,17.6266,21.3128,27.9229,0.3671,31.0441,57.6776,57.716,0.0,0.0,0.0,14306.1639,11.1144,9.9828,10.4007,9.2958,0.439,0.3943,12.8476,1.0,42881.0,1.3,0.0,0.0,13.08,8.955974494706448,9.121987680461983,8.894811742059673,12.8476,0.0
6699,2017-09-04,SZSE:002091,0.1464,10.3,8.9997,10.39,10.27,16186.8676,10.39,2.4511,17.4739,21.1282,27.681,0.364,31.1026,54.2904,54.3243,0.0,0.0,0.0,14164.7252,11.0045,9.8841,10.2979,9.2039,0.4346,0.3904,9.299,1.0,42881.0,1.3,0.0,0.0,13.08,9.078338155339805,9.078338155339805,8.973487281553398,9.299,0.0
6700,2017-09-05,SZSE:002091,0.1464,10.55,9.2181,10.62,10.2,16579.7527,10.28,2.5106,17.898,21.641,28.3529,0.3728,31.2733,61.1206,61.1534,0.0,0.0,0.0,14557.6104,11.3097,10.1582,10.5835,9.4591,0.4467,0.4012,18.3662,1.0,42881.0,1.3,0.0,0.0,13.08,8.982186540284358,9.279262748815166,8.912286255924169,18.3662,0.0
6701,2017-09-06,SZSE:002091,0.1464,10.76,9.4016,10.89,10.52,16909.7762,10.55,2.5606,18.2543,22.0718,28.9173,0.3802,31.4599,65.7502,65.7815,0.0,0.0,0.0,14887.6339,11.5661,10.3885,10.8234,9.6736,0.4568,0.4103,34.3905,1.0,42881.0,1.3,0.0,0.0,13.08,9.21811152416357,9.515188104089221,9.191898884758364,34.3905,0.0
6702,2017-09-07,SZSE:002091,0.1464,10.61,9.2706,10.74,10.55,16674.0451,10.71,2.5249,17.9998,21.7641,28.5142,0.3749,31.3065,60.233,60.2591,0.0,0.0,0.0,14651.9028,11.383,10.224,10.6521,9.5204,0.4496,0.4038,16.9919,1.0,42881.0,1.3,0.0,0.0,13.08,9.357976060320453,9.38418887841659,9.21817436380773,16.9919,0.0
6703,2017-09-08,SZSE:002091,0.136,10.47,9.1482,10.74,10.33,16454.0295,10.55,2.4916,17.7623,21.4769,28.1379,0.37,31.3919,55.548,55.57,0.0,0.0,0.0,14431.8871,11.2121,10.0705,10.4921,9.3774,0.4428,0.3978,16.2467,1.0,42881.0,1.3,0.0,0.0,13.08,9.218100286532952,9.38411346704871,9.025874498567335,16.2467,0.0
6704,2017-09-11,SZSE:002091,0.136,11.36,9.9259,11.44,10.6,17852.7005,10.6,2.7033,19.2722,23.3026,30.5298,0.4014,35.0349,70.9939,71.0126,0.0,0.0,0.0,15830.5582,12.2987,11.0465,11.509,10.2863,0.4857,0.4363,61.5409,1.0,42881.0,1.3,0.0,0.0,13.08,9.261843309859156,9.995800704225353,9.261843309859156,61.5409,0.0
6705,2017-09-12,SZSE:002091,0.136,11.14,9.7336,11.81,11.09,17506.9616,11.34,2.651,18.899,22.8513,29.9385,0.3936,35.193,64.983,64.9986,0.0,0.0,0.0,15484.8193,12.0301,10.8052,11.2576,10.0616,0.4751,0.4268,77.2561,1.0,42881.0,1.3,0.0,0.0,13.08,9.908350448833032,10.319014003590663,9.68991238779174,77.2561,0.0
6706,2017-09-13,SZSE:002091,0.136,11.5,10.0482,11.5,11.01,18072.7162,11.12,2.7367,19.5097,23.5897,30.906,0.4064,35.291,69.5294,69.544,0.0,0.0,0.0,16050.5739,12.4696,11.2,11.6689,10.4292,0.4925,0.4424,43.5302,1.0,42881.0,1.3,0.0,0.0,13.08,9.71617252173913,10.0482,9.620059304347825,43.5302,0.0
6707,2017-09-14,SZSE:002091,0.136,11.24,9.821,11.6,11.13,17664.1157,11.45,2.6748,19.0686,23.0564,30.2073,0.3972,35.574,63.1522,63.1641,0.0,0.0,0.0,15641.9733,12.1522,10.9149,11.3719,10.1637,0.4799,0.4311,30.6373,1.0,42881.0,1.3,0.0,0.0,13.08,10.0044884341637,10.135551601423487,9.724887010676158,30.6373,0.0
6708,2017-09-15,SZSE:002091,0.0931,11.49,10.0395,11.6,10.92,18057.0008,11.17,2.7343,19.4928,23.5692,30.8791,0.406,35.778,66.3483,66.3598,0.0,0.0,0.0,16034.8585,12.4574,11.1891,11.6575,10.419,0.492,0.4419,32.5866,1.0,42881.0,1.3,0.0,0.0,13.08,9.75989686684073,10.135613577023497,9.541456919060053,32.5866,0.0
6709,2017-09-18,SZSE:002091,0.0931,11.97,10.4589,12.1,11.2,18811.3403,11.39,2.8485,20.3071,24.5539,32.1691,0.423,36.5449,71.4658,71.4764,0.0,0.0,0.0,16789.1979,13.0434,11.7154,12.2059,10.9092,0.5151,0.4627,59.291,1.0,42881.0,1.3,0.0,0.0,13.08,9.952119548872181,10.57248872180451,9.786105263157893,59.291,0.0
6710,2017-09-19,SZSE:002091,0.0931,11.74,10.2579,11.95,11.58,18449.8859,11.8,2.7938,19.9169,24.0821,31.551,0.4148,36.684,66.2657,66.2747,0.0,0.0,0.0,16427.7436,12.7626,11.4632,11.9431,10.6743,0.504,0.4528,38.1887,1.0,42881.0,1.3,0.0,0.0,13.08,10.31032538330494,10.44138884156729,10.118098977853492,38.1887,0.0
6711,2017-09-20,SZSE:002091,0.0931,11.65,10.1793,11.82,11.45,18308.4473,11.65,2.7724,19.7642,23.8974,31.3091,0.4117,36.4152,64.2942,64.3027,0.0,0.0,0.0,16286.305,12.6527,11.3645,11.8403,10.5824,0.4997,0.4489,28.3855,1.0,42881.0,1.3,0.0,0.0,13.08,10.1793,10.3278391416309,10.004548068669527,28.3855,0.0
6712,2017-09-21,SZSE:002091,0.0931,11.2,9.7861,11.84,11.18,17601.2541,11.63,2.6653,19.0008,22.9744,30.0998,0.3958,37.2738,55.4167,55.4229,0.0,0.0,0.0,15579.1117,12.1033,10.871,11.3261,10.1229,0.478,0.4294,33.4849,1.0,42881.0,1.3,0.0,0.0,13.08,10.161816339285716,10.345305714285713,9.76862482142857,33.4849,0.0
6713,2017-09-22,SZSE:002091,0.0563,11.13,9.7249,11.29,11.06,17491.2462,11.25,2.6486,18.882,22.8308,29.9116,0.3933,37.133,54.1639,54.1698,0.0,0.0,0.0,15469.1039,12.0179,10.7943,11.2462,10.0514,0.4746,0.4264,19.7397,1.0,42881.0,1.3,0.0,0.0,13.08,9.829750673854447,9.864700898472595,9.663737106918239,19.7397,0.0
6714,2017-09-25,SZSE:002091,0.0563,10.84,9.4715,11.17,10.77,17035.4995,11.05,2.5796,18.39,22.2359,29.1323,0.383,37.5457,49.2012,49.206,0.0,0.0,0.0,15013.3571,11.6638,10.4763,10.9148,9.7553,0.4606,0.4138,17.3325,1.0,42881.0,1.3,0.0,0.0,13.08,9.654988468634688,9.759839022140222,9.410337177121772,17.3325,0.0
6715,2017-09-26,SZSE:002091,0.0563,11.06,9.6637,11.1,10.8,17381.2384,10.88,2.632,18.7633,22.6872,29.7235,0.3908,37.7133,52.7389,52.7437,0.0,0.0,0.0,15359.096,11.9324,10.7175,11.1662,9.9799,0.4713,0.4233,14.2462,1.0,42881.0,1.3,0.0,0.0,13.08,9.506424593128392,9.698650090415912,9.436524412296565,14.2462,0.0
6716,2017-09-27,SZSE:002091,0.0563,11.07,9.6725,11.27,11.0,17396.9538,11.08,2.6343,18.7802,22.7077,29.7504,0.3912,37.5742,52.8994,52.9043,0.0,0.0,0.0,15374.8114,11.9446,10.7285,11.1776,9.9901,0.4717,0.4238,19.7142,1.0,42881.0,1.3,0.0,0.0,13.08,9.681237579042456,9.847251580849141,9.6113369467028,19.7142,0.0
6717,2017-09-28,SZSE:002091,0.0563,10.87,9.4977,11.1,10.83,17082.6457,11.03,2.5867,18.4409,22.2974,29.2129,0.3841,37.7797,49.2924,49.2966,0.0,0.0,0.0,15060.5033,11.7004,10.5092,10.9491,9.7859,0.4621,0.4151,16.9364,1.0,42881.0,1.3,0.0,0.0,13.08,9.637500551977922,9.698663293468261,9.46274986200552,16.9364,0.0
6718,2017-09-29,SZSE:002091,0.1194,10.81,9.4453,11.01,10.77,16988.3532,10.91,2.5725,18.3391,22.1744,29.0516,0.382,37.805,48.23,48.2339,0.0,0.0,0.0,14966.2109,11.6272,10.4434,10.8806,9.7246,0.4592,0.4125,13.5603,1.0,42881.0,1.3,0.0,0.0,13.08,9.532675578168362,9.620051156336725,9.410349768732654,13.5603,0.0
6719,2017-10-02,SZSE:002091,0.1194,0.0,9.4453,0.0,0.0,16988.3532,0.0,2.5725,18.3391,22.1744,29.0516,0.382,37.805,48.23,48.2339,0.0,0.0,0.0,14966.2109,11.6272,10.4434,10.8806,9.7246,0.4592,0.4125,0.0,1.0,42881.0,1.3,0.0,0.0,13.08,0.0,0.0,0.0,0.0,0.0
6720,2017-10-03,SZSE:002091,0.1194,0.0,9.4453,0.0,0.0,16988.3532,0.0,2.5725,18.3391,22.1744,29.0516,0.382,37.805,48.23,48.2339,0.0,0.0,0.0,14966.2109,11.6272,10.4434,10.8806,9.7246,0.4592,0.4125,0.0,1.0,42881.0,1.3,0.0,0.0,13.08,0.0,0.0,0.0,0.0,0.0
6721,2017-10-04,SZSE:002091,0.1194,0.0,9.4453,0.0,0.0,16988.3532,0.0,2.5725,18.3391,22.1744,29.0516,0.382,37.805,48.23,48.2339,0.0,0.0,0.0,14966.2109,11.6272,10.4434,10.8806,9.7246,0.4592,0.4125,0.0,1.0,42881.0,1.3,0.0,0.0,13.08,0.0,0.0,0.0,0.0,0.0
6722,2017-10-05,SZSE:002091,0.1194,0.0,9.4453,0.0,0.0,16988.3532,0.0,2.5725,18.3391,22.1744,29.0516,0.382,37.805,48.23,48.2339,0.0,0.0,0.0,14966.2109,11.6272,10.4434,10.8806,9.7246,0.4592,0.4125,0.0,1.0,42881.0,1.3,0.0,0.0,13.08,0.0,0.0,0.0,0.0,0.0
6723,2017-10-06,SZSE:002091,0.1179,0.0,9.4453,0.0,0.0,16988.3532,0.0,2.5725,18.3391,22.1744,29.0516,0.382,37.805,48.23,48.2339,0.0,0.0,0.0,14966.2109,11.6272,10.4434,10.8806,9.7246,0.4592,0.4125,0.0,1.0,42881.0,1.3,0.0,0.0,13.08,0.0,0.0,0.0,0.0,0.0
6724,2017-10-09,SZSE:002091,0.1179,11.13,9.7249,11.16,10.9,17491.2462,10.97,2.6486,18.882,22.8308,29.9116,0.3933,39.2091,53.9331,53.9371,0.0,0.0,0.0,15469.1039,12.0179,10.7943,11.2462,10.0514,0.4746,0.4264,18.2344,1.0,42881.0,1.3,0.0,0.0,13.08,9.585099101527403,9.75111266846361,9.523936208445642,18.2344,0.0
6725,2017-10-10,SZSE:002091,0.1179,11.1,9.6987,11.18,10.99,17444.1,11.14,2.6415,18.8311,22.7692,29.831,0.3922,39.217,53.3398,53.3437,0.0,0.0,0.0,15421.9577,11.9812,10.7614,11.2119,10.0208,0.4732,0.4251,11.6175,1.0,42881.0,1.3,0.0,0.0,13.08,9.733650270270273,9.76860054054054,9.602586756756759,11.6175,0.0
6726,2017-10-11,SZSE:002091,0.1179,11.05,9.655,11.19,11.0,17365.523,11.12,2.6296,18.7463,22.6667,29.6966,0.3905,38.3774,52.3071,52.3109,0.0,0.0,0.0,15343.3806,11.9202,10.7066,11.1548,9.9697,0.4708,0.4229,13.5924,1.0,42881.0,1.3,0.0,0.0,13.08,9.7161628959276,9.777325791855203,9.611312217194568,13.5924,0.0
6727,2017-10-12,SZSE:002091,0.1179,10.63,9.288,11.11,10.6,16705.4759,11.07,2.5296,18.0338,21.8051,28.5679,0.3756,38.9466,44.5113,44.5139,0.0,0.0,0.0,14683.3336,11.4074,10.246,10.6749,9.5408,0.4505,0.4047,22.5063,1.0,42881.0,1.3,0.0,0.0,13.08,9.672451552210724,9.70740169332079,9.26178739416745,22.5063,0.0
6728,2017-10-13,SZSE:002091,0.1167,10.7,9.3492,10.76,10.6,16815.4838,10.65,2.5463,18.1525,21.9487,28.756,0.3781,38.6098,45.957,45.9597,0.0,0.0,0.0,14793.3414,11.4929,10.3227,10.7549,9.6123,0.4539,0.4077,9.3105,1.0,42881.0,1.3,0.0,0.0,13.08,9.30551214953271,9.401625420560748,9.26182429906542,9.3105,0.0
6729,2017-10-16,SZSE:002091,0.1167,10.33,9.0259,10.8,10.29,16234.0138,10.7,2.4582,17.5248,21.1897,27.7617,0.365,39.3039,40.0215,40.0235,0.0,0.0,0.0,14211.8714,11.0411,9.917,10.3322,9.2345,0.4361,0.3917,14.0839,1.0,42881.0,1.3,0.0,0.0,13.08,9.349189738625363,9.436565343659247,8.990949757986446,14.0839,0.0
6730,2017-10-17,SZSE:002091,0.1167,10.35,9.0434,10.4,10.25,16265.4446,10.36,2.463,17.5587,21.2308,27.8154,0.3657,38.0533,40.4691,40.4711,0.0,0.0,0.0,14243.3023,11.0655,9.9389,10.355,9.2549,0.437,0.3926,8.1637,1.0,42881.0,1.3,0.0,0.0,13.08,9.052137584541061,9.087087922705315,8.956024154589374,8.1637,0.0
6731,2017-10-18,SZSE:002091,0.1167,10.3,8.9997,10.51,10.27,16186.8676,10.33,2.4511,17.4739,21.1282,27.681,0.364,38.0296,39.6721,39.674,0.0,0.0,0.0,14164.7252,11.0045,9.8841,10.2979,9.2039,0.4346,0.3904,8.3475,1.0,42881.0,1.3,0.0,0.0,13.08,9.025912718446602,9.183189029126213,8.973487281553398,8.3475,0.0
6732,2017-10-19,SZSE:002091,0.1167,10.23,8.9385,10.37,10.13,16076.8597,10.3,2.4344,17.3552,20.9846,27.4929,0.3615,37.8936,38.5281,38.5299,0.0,0.0,0.0,14054.7174,10.919,9.8073,10.2179,9.1324,0.4312,0.3874,8.2059,1.0,42881.0,1.3,0.0,0.0,13.08,8.999662756598239,9.06082551319648,8.851124633431084,8.2059,0.0
6733,2017-10-20,SZSE:002091,0.1386,10.39,9.0783,10.4,10.18,16328.3062,10.25,2.4725,17.6266,21.3128,27.9229,0.3671,32.864,42.6023,42.6043,0.0,0.0,0.0,14306.1639,11.1144,9.9828,10.4007,9.2958,0.439,0.3943,7.7899,1.0,42881.0,1.3,0.0,0.0,13.08,8.955974494706448,9.087037536092396,8.894811742059673,7.7899,0.0
6734,2017-10-23,SZSE:002091,0.1386,10.39,9.0783,10.45,10.33,16328.3062,10.35,2.4725,17.6266,21.3128,27.9229,0.3671,32.8308,42.6023,42.6043,0.0,0.0,0.0,14306.1639,11.1144,9.9828,10.4007,9.2958,0.439,0.3943,7.5112,1.0,42881.0,1.3,0.0,0.0,13.08,9.043349855630414,9.13072521655438,9.025874783445621,7.5112,0.0
6735,2017-10-24,SZSE:002091,0.1386,10.37,9.0609,10.4,10.26,16296.8754,10.39,2.4678,17.5927,21.2718,27.8692,0.3664,32.8292,42.1969,42.1988,0.0,0.0,0.0,14274.7331,11.09,9.9609,10.3779,9.2753,0.438,0.3934,5.696,1.0,42881.0,1.3,0.0,0.0,13.08,9.078375216972036,9.087112825458053,8.96478630665381,5.696,0.0
6736,2017-10-25,SZSE:002091,0.1386,10.41,9.0958,10.44,10.33,16359.737,10.33,2.4773,17.6605,21.3539,27.9767,0.3678,32.6521,43.358,43.3598,0.0,0.0,0.0,14337.5947,11.1388,10.0047,10.4236,9.3162,0.4399,0.3952,5.889,1.0,42881.0,1.3,0.0,0.0,13.08,9.025899519692604,9.122012680115272,9.025899519692604,5.889,0.0
6737,2017-10-26,SZSE:002091,0.1386,10.48,9.157,10.55,10.34,16469.7449,10.4,2.4939,17.7793,21.4974,28.1648,0.3703,32.6774,45.424,45.4259,0.0,0.0,0.0,14447.6025,11.2243,10.0815,10.5035,9.3877,0.4433,0.3982,9.0929,1.0,42881.0,1.3,0.0,0.0,13.08,9.08709923664122,9.21816316793893,9.034673664122137,9.0929,0.0
6738,2017-10-27,SZSE:002091,0.1294,10.31,9.0084,10.54,10.31,16202.583,10.47,2.4535,17.4909,21.1487,27.7079,0.3643,32.8276,41.4681,41.4697,0.0,0.0,0.0,14180.4406,11.0167,9.8951,10.3093,9.2141,0.4351,0.3908,6.9629,1.0,42881.0,1.3,0.0,0.0,13.08,9.148200581959264,9.20936333656644,9.0084,6.9629,0.0
6739,2017-10-30,SZSE:002091,0.1294,9.99,8.7288,10.35,9.94,15723.3438,10.29,2.2794,16.127,20.4923,23.1979,0.3603,33.0284,35.2458,35.2469,0.0,0.0,0.0,14664.7387,11.2936,9.9789,10.6614,9.5288,0.441,0.4042,11.3666,1.0,42881.0,1.3,0.0,0.0,13.08,8.990926126126126,9.04335135135135,8.685112312312311,11.3666,0.0
6740,2017-10-31,SZSE:002091,0.1294,10.15,8.8686,10.21,10.01,15975.1691,10.08,2.3159,16.3853,19.061,23.5694,0.3661,33.2023,40.0866,40.0878,0.0,0.0,0.0,14916.564,11.4876,10.1502,9.565,8.6548,0.4485,0.3878,6.4628,1.0,42881.0,1.3,0.0,0.0,13.08,8.807437241379311,8.921025221674878,8.74627448275862,6.4628,0.0
6741,2017-11-01,SZSE:002091,0.1294,10.02,8.755,10.21,10.01,15770.5611,10.15,2.2862,16.1755,18.8169,23.2675,0.3614,33.2909,37.6255,37.6265,0.0,0.0,0.0,14711.956,11.33,10.011,9.4338,8.5361,0.4424,0.3825,6.7637,1.0,42881.0,1.3,0.0,0.0,13.08,8.868587824351298,8.921012974051898,8.746262475049901,6.7637,0.0
6742,2017-11-02,SZSE:002091,0.1294,10.04,8.7725,10.1,9.95,15802.0392,10.01,2.2908,16.2077,18.8545,23.314,0.3622,32.5414,38.2535,38.2546,0.0,0.0,0.0,14743.4341,11.3542,10.0324,9.454,8.5544,0.4433,0.3833,5.1216,1.0,42881.0,1.3,0.0,0.0,13.08,8.746287350597612,8.824925298804782,8.693862051792829,5.1216,0.0
6743,2017-11-03,SZSE:002091,0.0766,9.76,8.5279,10.09,9.68,15361.3449,10.0,2.2269,15.7557,18.3286,22.6638,0.3521,33.011,33.2114,33.2122,0.0,0.0,0.0,14302.7398,11.0148,9.7325,9.1714,8.2987,0.4301,0.3718,11.2639,1.0,42881.0,1.3,0.0,0.0,13.08,8.737602459016394,8.816240881147541,8.45799918032787,11.2639,0.0
6744,2017-11-06,SZSE:002091,0.0766,9.7,8.4754,9.84,9.62,15266.9104,9.78,2.2132,15.6589,18.216,22.5245,0.3499,32.6442,32.2311,32.2318,0.0,0.0,0.0,14208.3053,10.9421,9.6683,9.1108,8.2439,0.4273,0.3694,9.3561,1.0,42881.0,1.3,0.0,0.0,13.08,8.545300206185567,8.597725360824743,8.405499793814434,9.3561,0.0
6745,2017-11-07,SZSE:002091,0.0766,9.97,8.7114,9.97,9.68,15691.8656,9.74,2.2748,16.0947,18.723,23.1514,0.3596,33.0126,40.7124,40.7133,0.0,0.0,0.0,14633.2606,11.2694,9.9575,9.3833,8.4904,0.44,0.3804,9.678,1.0,42881.0,1.3,0.0,0.0,13.08,8.510434904714142,8.7114,8.458009227683048,9.678,0.0
6746,2017-11-08,SZSE:002091,0.0766,10.0,8.7376,10.18,9.9,15739.0829,9.94,2.2816,16.1432,18.7793,23.2211,0.3607,32.9731,41.5872,41.588,0.0,0.0,0.0,14680.4778,11.3057,9.9896,9.4136,8.5178,0.4414,0.3817,9.6077,1.0,42881.0,1.3,0.0,0.0,13.08,8.685174400000001,8.8948768,8.650224,9.6077,0.0
6747,2017-11-09,SZSE:002091,0.0766,10.05,8.7813,10.09,9.92,15817.7783,9.92,2.293,16.2239,18.8732,23.3372,0.3625,32.9841,43.0942,43.0951,0.0,0.0,0.0,14759.1732,11.3663,10.0431,9.464,8.5635,0.4438,0.3837,5.6473,1.0,42881.0,1.3,0.0,0.0,13.08,8.667711044776118,8.816250447761194,8.667711044776118,5.6473,0.0
6748,2017-11-10,SZSE:002091,0.0994,10.07,8.7987,10.15,9.98,15849.2565,10.0,2.2976,16.2562,18.9108,23.3836,0.3632,32.8988,43.7197,43.7205,0.0,0.0,0.0,14790.6514,11.3906,10.0645,9.4842,8.5818,0.4448,0.3845,10.3687,1.0,42881.0,1.3,0.0,0.0,13.08,8.737537239324727,8.868600297914599,8.720062164846079,10.3687,0.0
6749,2017-11-13,SZSE:002091,0.0994,10.26,8.9647,10.55,10.25,16148.2991,10.3,2.341,16.5629,19.2676,23.8248,0.3701,32.8197,49.4086,49.4095,0.0,0.0,0.0,15089.694,11.6209,10.268,9.676,8.7553,0.4538,0.3923,18.2997,1.0,42881.0,1.3,0.0,0.0,13.08,8.999650097465889,9.218088206627682,8.955962475633529,18.2997,0.0
6750,2017-11-14,SZSE:002091,0.0994,10.3,8.9997,10.42,10.15,16211.2554,10.19,2.3501,16.6275,19.3427,23.9177,0.3715,32.2679,50.5421,50.543,0.0,0.0,0.0,15152.6503,11.6694,10.3109,9.7164,8.7918,0.4556,0.3939,12.7054,1.0,42881.0,1.3,0.0,0.0,13.08,8.903586699029125,9.104550873786406,8.86863640776699,12.7054,0.0
6751,2017-11-15,SZSE:002091,0.0994,10.41,9.0958,10.62,10.3,16384.3853,10.31,2.3752,16.805,19.5493,24.1732,0.3755,32.2995,53.6195,53.6203,0.0,0.0,0.0,15325.7802,11.8027,10.4287,9.8274,8.8922,0.4609,0.3984,18.3976,1.0,42881.0,1.3,0.0,0.0,13.08,9.008424399615755,9.279288760806915,8.99968683957733,18.3976,0.0
6752,2017-11-16,SZSE:002091,0.0994,10.11,8.8337,10.36,10.06,15912.2128,10.31,2.3067,16.3208,18.9859,23.4765,0.3647,32.8165,45.3346,45.3352,0.0,0.0,0.0,14853.6077,11.4391,10.1074,9.5246,8.6183,0.4467,0.3862,13.9333,1.0,42881.0,1.3,0.0,0.0,13.08,9.008451730959449,9.052139663699307,8.79001206726014,13.9333,0.0
6753,2017-11-17,SZSE:002091,0.0981,9.63,8.4143,10.17,9.61,15156.7368,10.11,2.1972,15.5459,18.0845,22.3619,0.3474,34.1257,35.8026,35.8029,0.0,0.0,0.0,14098.1317,10.8573,9.5933,9.0402,8.1799,0.4239,0.3665,18.1717,1.0,42881.0,1.3,0.0,0.0,13.08,8.833704361370716,8.886129906542058,8.396824818276219,18.1717,0.0
6754,2017-11-20,SZSE:002091,0.0981,9.72,8.4929,9.74,9.37,15298.3886,9.6,2.2177,15.6912,18.2535,22.5709,0.3506,34.0783,38.4171,38.4175,0.0,0.0,0.0,14239.7835,10.9664,9.6897,9.131,8.2621,0.4282,0.3702,8.7939,1.0,42881.0,1.3,0.0,0.0,13.08,8.38804938271605,8.510375102880658,8.187085699588476,8.7939,0.0
6755,2017-11-21,SZSE:002091,0.0981,9.56,8.3531,9.74,9.44,15046.5632,9.71,2.1812,15.4329,17.9531,22.1994,0.3448,34.102,35.6383,35.6386,0.0,0.0,0.0,13987.9582,10.7724,9.5183,8.9695,8.116,0.4206,0.3636,10.3365,1.0,42881.0,1.3,0.0,0.0,13.08,8.484163284518829,8.510375941422593,8.248249372384937,10.3365,0.0
6756,2017-11-22,SZSE:002091,0.0981,9.66,8.4405,9.8,9.53,15203.9541,9.55,2.2041,15.5943,18.1409,22.4316,0.3484,34.1747,38.6263,38.6267,0.0,0.0,0.0,14145.349,10.8936,9.6254,9.0704,8.2073,0.4254,0.3677,9.685,1.0,42881.0,1.3,0.0,0.0,13.08,8.344386645962734,8.562826086956523,8.32691149068323,9.685,0.0
6757,2017-11-23,SZSE:002091,0.0981,9.4,8.2133,9.74,9.38,14794.7379,9.7,2.1447,15.1746,17.6526,21.8278,0.3391,34.5178,34.1829,34.1831,0.0,0.0,0.0,13736.1328,10.5785,9.347,8.808,7.9699,0.4131,0.3571,9.4186,1.0,42881.0,1.3,0.0,0.0,13.08,8.47542659574468,8.510376808510637,8.195824893617022,9.4186,0.0
6758,2017-11-24,SZSE:002091,0.0762,9.39,8.2046,9.45,9.29,14778.9988,9.38,2.1425,15.1584,17.6338,21.8046,0.3387,34.3123,34.0207,34.021,0.0,0.0,0.0,13720.3937,10.5664,9.3363,8.7979,7.9608,0.4126,0.3567,7.0096,1.0,42881.0,1.3,0.0,0.0,13.08,8.195862406815762,8.25702555910543,8.117224068157613,7.0096,0.0
6759,2017-11-27,SZSE:002091,0.0762,9.38,8.1958,9.58,9.32,14763.2598,9.41,2.1402,15.1423,16.786,21.7814,0.3383,34.1921,33.8479,33.8482,0.0,0.0,0.0,13704.6547,10.5542,9.3256,8.5082,7.5435,0.4121,0.3423,4.9083,1.0,42881.0,1.3,0.0,0.0,13.08,8.222012579957356,8.37055053304904,8.143374840085288,4.9083,0.0
6760,2017-11-28,SZSE:002091,0.0762,9.42,8.2308,9.44,9.28,14826.2161,9.38,2.1493,15.2069,16.8576,21.8743,0.3398,34.1874,35.2648,35.2651,0.0,0.0,0.0,13767.611,10.6027,9.3684,8.5473,7.5782,0.414,0.3439,7.6447,1.0,42881.0,1.3,0.0,0.0,13.08,8.195849681528664,8.24827515923567,8.108473885350318,7.6447,0.0
6761,2017-11-29,SZSE:002091,0.0762,9.3,8.1259,9.43,9.18,14637.3471,9.42,2.1219,15.0132,16.6428,21.5956,0.3355,34.2649,32.9824,32.9827,0.0,0.0,0.0,13578.742,10.4573,9.2399,8.4301,7.4742,0.4083,0.3391,9.4705,1.0,42881.0,1.3,0.0,0.0,13.08,8.230750322580644,8.239487849462364,8.021049677419354,9.4705,0.0
6762,2017-11-30,SZSE:002091,0.0762,9.11,7.9599,9.32,9.11,14338.3045,9.29,2.0786,14.7064,16.3028,21.1544,0.3286,34.4783,29.7043,29.7045,0.0,0.0,0.0,13279.6994,10.227,9.0364,8.2444,7.3096,0.3993,0.3317,7.5495,1.0,42881.0,1.3,0.0,0.0,13.08,8.117175740944017,8.143388364434688,7.9599,7.5495,0.0
6763,2017-12-01,SZSE:002091,0.1429,9.1,7.9512,9.23,9.08,14322.5654,9.12,2.0763,14.6903,16.2849,21.1312,0.3282,34.5811,29.5379,29.5381,0.0,0.0,0.0,13263.9603,10.2149,9.0257,8.2347,7.3009,0.3989,0.3313,10.2883,1.0,42881.0,1.3,0.0,0.0,13.08,7.968675164835165,8.064788571428572,7.933724835164835,10.2883,0.0
6764,2017-12-04,SZSE:002091,0.1429,8.9,7.7764,9.15,8.86,14007.7838,9.08,2.0307,14.3674,15.927,20.6668,0.321,34.7977,26.3577,26.3579,0.0,0.0,0.0,12949.1787,9.9724,8.8115,8.0392,7.1277,0.3894,0.3234,11.3638,1.0,42881.0,1.3,0.0,0.0,13.08,7.933675505617977,7.99483820224719,7.7414498876404485,11.3638,0.0
6765,2017-12-05,SZSE:002091,0.1429,8.57,7.4881,8.97,8.53,13488.394,8.9,1.9554,13.8347,15.3364,19.9005,0.3091,35.0934,22.1249,22.125,0.0,0.0,0.0,12429.789,9.5724,8.4581,7.7168,6.8418,0.3738,0.3105,11.0335,1.0,42881.0,1.3,0.0,0.0,13.08,7.77643990665111,7.83760291715286,7.453149708284714,11.0335,0.0
6766,2017-12-06,SZSE:002091,0.1429,8.72,7.6192,8.73,8.5,13724.4803,8.58,1.9896,14.0768,15.6049,20.2488,0.3145,35.0317,27.8006,27.8007,0.0,0.0,0.0,12665.8752,9.7543,8.6187,7.8633,6.9717,0.3809,0.3163,8.9039,1.0,42881.0,1.3,0.0,0.0,13.08,7.496873394495412,7.627937614678899,7.426972477064219,8.9039,0.0
6767,2017-12-07,SZSE:002091,0.1429,8.62,7.5318,8.7,8.6,13567.0895,8.7,1.9668,13.9154,15.4259,20.0166,0.3109,35.0033,26.4182,26.4183,0.0,0.0,0.0,12508.4844,9.633,8.5116,7.7656,6.8851,0.3761,0.3124,5.5244,1.0,42881.0,1.3,0.0,0.0,13.08,7.601700696055684,7.601700696055684,7.514324825986079,5.5244,0.0
6768,2017-12-08,SZSE:002091,0.1496,8.71,7.6104,8.77,8.61,13708.7412,8.61,1.9873,14.0607,15.587,20.2256,0.3142,35.0554,29.8013,29.8014,0.0,0.0,0.0,12650.1361,9.7421,8.608,7.8536,6.9631,0.3804,0.316,6.9066,1.0,42881.0,1.3,0.0,0.0,13.08,7.523024569460389,7.662825258323765,7.523024569460389,6.9066,0.0
6769,2017-12-11,SZSE:002091,0.1496,8.87,7.7502,8.87,8.7,13960.5665,8.78,2.0238,14.319,15.8733,20.5971,0.32,30.6852,35.4807,35.4808,0.0,0.0,0.0,12901.9614,9.9361,8.7794,8.0099,7.1017,0.388,0.3222,7.0251,1.0,42881.0,1.3,0.0,0.0,13.08,7.671562119503947,7.7502,7.601661781285231,7.0251,0.0
6770,2017-12-12,SZSE:002091,0.1496,8.83,7.7153,9.02,8.81,13897.6102,8.88,2.0147,14.2544,15.8017,20.5042,0.3185,30.5176,34.7243,34.7244,0.0,0.0,0.0,12839.0051,9.8876,8.7365,7.9708,7.067,0.3861,0.3207,8.4354,1.0,42881.0,1.3,0.0,0.0,13.08,7.7589879954699885,7.881314382785957,7.697824801812005,8.4354,0.0
6771,2017-12-13,SZSE:002091,0.1496,8.82,7.7065,8.85,8.75,13881.8711,8.78,2.0124,14.2383,15.7838,20.481,0.3181,29.6131,34.5261,34.5263,0.0,0.0,0.0,12823.266,9.8755,8.7258,7.9611,7.0584,0.3856,0.3203,5.0527,1.0,42881.0,1.3,0.0,0.0,13.08,7.671549886621315,7.732712585034013,7.645337301587301,5.0527,0.0
6772,2017-12-14,SZSE:002091,0.1496,8.86,7.7415,8.89,8.78,13944.8274,8.8,2.0215,14.3029,15.8554,20.5739,0.3196,29.4171,36.097,36.0971,0.0,0.0,0.0,12886.2224,9.9239,8.7686,8.0001,7.093,0.3875,0.3219,3.7442,1.0,42881.0,1.3,0.0,0.0,13.08,7.689074492099324,7.767712753950339,7.671599322799097,3.7442,0.0
6773,2017-12-15,SZSE:002091,0.036,8.91,7.7852,8.98,8.85,14023.5229,8.85,2.0329,14.3836,15.9449,20.69,0.3214,28.9918,38.0963,38.0965,0.0,0.0,0.0,12964.9178,9.9846,8.8222,8.049,7.1363,0.3899,0.3238,5.8131,1.0,42881.0,1.3,0.0,0.0,13.08,7.73277441077441,7.846363187429854,7.73277441077441,5.8131,0.0
6774,2017-12-18,SZSE:002091,0.036,8.75,7.6454,8.96,8.68,13771.6975,8.84,1.9964,14.1253,15.6586,20.3185,0.3156,27.564,34.3886,34.3887,0.0,0.0,0.0,12713.0924,9.7906,8.6508,7.8927,6.9977,0.3823,0.3175,6.4455,1.0,42881.0,1.3,0.0,0.0,13.08,7.7240384,7.828889600000001,7.5842368,6.4455,0.0
6775,2017-12-19,SZSE:002091,0.036,8.89,7.7677,8.92,8.74,13992.0447,8.74,2.0284,14.3513,15.9091,20.6436,0.3207,27.7348,39.9004,39.9005,0.0,0.0,0.0,12933.4396,9.9603,8.8008,8.0295,7.119,0.3889,0.323,5.1558,1.0,42881.0,1.3,0.0,0.0,13.08,7.636636445444319,7.793912710911135,7.636636445444319,5.1558,0.0
6776,2017-12-20,SZSE:002091,0.036,8.63,7.5405,8.89,8.62,13582.8285,8.88,1.9691,13.9316,15.4438,20.0398,0.3113,28.1964,34.1609,34.161,0.0,0.0,0.0,12524.2234,9.6452,8.5223,7.7754,6.8938,0.3766,0.3128,6.954,1.0,42881.0,1.3,0.0,0.0,13.08,7.758938586326766,7.7676761297798365,7.531762456546928,6.954,0.0
6777,2017-12-21,SZSE:002091,0.036,8.83,7.7153,8.92,8.64,13897.6102,8.67,2.0147,14.2544,15.8017,20.5042,0.3185,27.8423,41.171,41.1711,0.0,0.0,0.0,12839.0051,9.8876,8.7365,7.9708,7.067,0.3861,0.3207,6.6042,1.0,42881.0,1.3,0.0,0.0,13.08,7.575498414496036,7.79393839184598,7.549285617214044,6.6042,0.0
6778,2017-12-22,SZSE:002091,0.052,8.76,7.6541,8.9,8.73,13787.4366,8.9,1.9987,14.1414,15.6765,20.3417,0.316,27.8518,39.5825,39.5826,0.0,0.0,0.0,12728.8315,9.8027,8.6616,7.9024,7.0064,0.3828,0.3179,5.1486,1.0,42881.0,1.3,0.0,0.0,13.08,7.776425799086759,7.776425799086759,7.627887328767124,5.1486,0.0
6779,2017-12-25,SZSE:002091,0.052,8.7,7.6017,8.79,8.57,13693.0021,8.71,1.985,14.0446,15.5691,20.2024,0.3138,27.4675,38.2212,38.2213,0.0,0.0,0.0,12634.397,9.73,8.5973,7.8438,6.9544,0.3799,0.3156,4.9824,1.0,42881.0,1.3,0.0,0.0,13.08,7.610437586206898,7.680338275862068,7.488111379310346,4.9824,0.0
6780,2017-12-26,SZSE:002091,0.052,8.78,7.6716,8.79,8.61,13818.9148,8.73,2.0033,14.1737,15.7122,20.3881,0.3167,27.1561,41.1284,41.1285,0.0,0.0,0.0,12760.3097,9.827,8.683,7.922,7.0237,0.3837,0.3187,4.7543,1.0,42881.0,1.3,0.0,0.0,13.08,7.62791207289294,7.6803375854214115,7.5230610478359905,4.7543,0.0
6781,2017-12-27,SZSE:002091,0.052,8.96,7.8289,9.09,8.84,14102.2183,8.85,2.0443,14.4643,16.0344,20.8061,0.3232,27.5845,47.1542,47.1543,0.0,0.0,0.0,13043.6132,10.0452,8.8757,8.0979,7.1796,0.3922,0.3258,13.0908,1.0,42881.0,1.3,0.0,0.0,13.08,7.732786272321428,7.942488950892856,7.724048660714285,13.0908,0.0
6782,2017-12-28,SZSE:002091,0.052,8.96,7.8289,9.06,8.9,14102.2183,8.96,2.0443,14.4643,16.0344,20.8061,0.3232,27.4233,47.1542,47.1543,0.0,0.0,0.0,13043.6132,10.0452,8.8757,8.0979,7.1796,0.3922,0.3258,7.1223,1.0,42881.0,1.3,0.0,0.0,13.08,7.8289,7.916276116071428,7.776474330357143,7.1223,0.0
6783,2017-12-29,SZSE:002091,0.0963,8.97,7.8376,9.01,8.91,14117.9574,8.95,2.0466,14.4804,16.0523,20.8293,0.3236,27.4328,47.5004,47.5005,0.0,0.0,0.0,13059.3523,10.0573,8.8865,8.1076,7.1883,0.3927,0.3262,5.0068,1.0,42881.0,1.3,0.0,0.0,13.08,7.820124860646599,7.872550278706799,7.785174581939799,5.0068,0.0
6784,2018-01-01,SZSE:002091,0.0963,0.0,7.8376,0.0,0.0,14117.9574,0.0,2.0466,14.4804,16.0523,20.8293,0.3236,27.4328,47.5004,47.5005,0.0,0.0,0.0,13059.3523,10.0573,8.8865,8.1076,7.1883,0.3927,0.3262,0.0,1.0,42881.0,1.3,0.0,0.0,13.08,0.0,0.0,0.0,0.0,0.0
6785,2018-01-02,SZSE:002091,0.0963,9.02,7.8813,9.07,8.94,14196.6528,8.97,2.058,14.5611,16.1417,20.9454,0.3254,27.2604,49.2894,49.2895,0.0,0.0,0.0,13138.0477,10.1179,8.94,8.1565,7.2316,0.3951,0.3281,6.9524,1.0,42881.0,1.3,0.0,0.0,13.08,7.8376120842572075,7.924987915742795,7.81139933481153,6.9524,0.0
6786,2018-01-03,SZSE:002091,0.0963,9.13,7.9774,9.23,9.0,14369.7827,9.0,2.0831,14.7387,16.3386,21.2009,0.3293,27.2051,53.0776,53.0777,0.0,0.0,0.0,13311.1776,10.2512,9.0578,8.264,7.3269,0.4003,0.3325,10.4165,1.0,42881.0,1.3,0.0,0.0,13.08,7.863811610076669,8.064775684556407,7.863811610076669,10.4165,0.0
6787,2018-01-04,SZSE:002091,0.0963,9.2,8.0386,9.29,9.07,14479.9563,9.1,2.0991,14.8517,16.4639,21.3634,0.3319,27.0644,55.3628,55.3629,0.0,0.0,0.0,13421.3512,10.3361,9.1328,8.3324,7.3876,0.4036,0.3352,9.3683,1.0,42881.0,1.3,0.0,0.0,13.08,7.95122391304348,8.11723847826087,7.925011086956523,9.3683,0.0
6788,2018-01-05,SZSE:002091,0.0928,9.15,7.9949,9.28,9.15,14401.2608,9.18,2.0877,14.771,16.3744,21.2473,0.3301,26.8541,53.3637,53.3637,0.0,0.0,0.0,13342.6558,10.2755,9.0792,8.2835,7.3442,0.4012,0.3333,7.0888,1.0,42881.0,1.3,0.0,0.0,13.08,8.021112786885245,8.1084887431694,7.9949,7.0888,0.0
6789,2018-01-08,SZSE:002091,0.0928,9.31,8.1347,9.35,9.16,14653.0862,9.2,2.1242,15.0293,16.6607,21.6188,0.3358,26.9284,58.5249,58.5249,0.0,0.0,0.0,13594.4811,10.4694,9.2506,8.4399,7.4829,0.4088,0.3395,11.5106,1.0,42881.0,1.3,0.0,0.0,13.08,8.038586466165413,8.169650375939849,8.003636090225564,11.5106,0.0
6790,2018-01-09,SZSE:002091,0.0928,9.2,8.0386,9.38,9.17,14479.9563,9.27,2.0991,14.8517,16.4639,21.3634,0.3319,26.2501,54.0926,54.0927,0.0,0.0,0.0,13421.3512,10.3361,9.1328,8.3324,7.3876,0.4036,0.3352,7.4394,1.0,42881.0,1.3,0.0,0.0,13.08,8.099763260869565,8.195876956521742,8.012387173913044,7.4394,0.0
6791,2018-01-10,SZSE:002091,0.0928,9.04,7.8988,9.24,8.97,14228.1309,9.2,2.0626,14.5934,16.1775,20.9919,0.3261,26.4066,48.3562,48.3562,0.0,0.0,0.0,13169.5258,10.1421,8.9614,8.176,7.249,0.396,0.3289,9.3202,1.0,42881.0,1.3,0.0,0.0,13.08,8.038601769911505,8.073552212389382,7.837636725663717,9.3202,0.0
6792,2018-01-11,SZSE:002091,0.0928,9.1,7.9512,9.13,9.0,14322.5654,9.03,2.0763,14.6903,16.2849,21.1312,0.3282,26.473,50.4771,50.4772,0.0,0.0,0.0,13263.9603,10.2149,9.0257,8.2347,7.3009,0.3989,0.3313,5.1715,1.0,42881.0,1.3,0.0,0.0,13.08,7.890036923076923,7.977412747252749,7.863824175824176,5.1715,0.0
6793,2018-01-12,SZSE:002091,0.0929,8.99,7.8551,9.12,8.94,14149.4355,9.11,2.0512,14.5127,16.0881,20.8758,0.3243,25.5686,46.6912,46.6912,0.0,0.0,0.0,13090.8304,10.0815,8.9079,8.1272,7.2056,0.3936,0.327,4.8739,1.0,42881.0,1.3,0.0,0.0,13.08,7.959951167964404,7.968688765294771,7.811412013348164,4.8739,0.0
6794,2018-01-15,SZSE:002091,0.0929,8.66,7.5667,8.99,8.58,13630.0458,8.99,1.9759,13.98,15.4975,20.1095,0.3124,26.3955,37.584,37.584,0.0,0.0,0.0,12571.4407,9.6815,8.5545,7.8047,6.9197,0.378,0.314,8.4646,1.0,42881.0,1.3,0.0,0.0,13.08,7.85503845265589,7.85503845265589,7.496799769053118,8.4646,0.0
6795,2018-01-16,SZSE:002091,0.0929,8.68,7.5842,8.74,8.61,13661.524,8.69,1.9805,14.0123,15.5333,20.1559,0.3131,25.6366,38.3686,38.3686,0.0,0.0,0.0,12602.9189,9.7058,8.5759,7.8243,6.9371,0.379,0.3148,5.7745,1.0,42881.0,1.3,0.0,0.0,13.08,7.592937557603687,7.63662534562212,7.5230370967741935,5.7745,0.0
6796,2018-01-17,SZSE:002091,0.0929,8.71,7.6104,8.74,8.52,13708.7412,8.68,1.9873,14.0607,15.587,20.2256,0.3142,25.6492,39.5952,39.5952,0.0,0.0,0.0,12650.1361,9.7421,8.608,7.8536,6.9631,0.3804,0.316,6.832,1.0,42881.0,1.3,0.0,0.0,13.08,7.584187370838116,7.636612629161882,7.444386681974741,6.832,0.0
6797,2018-01-18,SZSE:002091,0.0929,8.71,7.6104,8.73,8.65,13708.7412,8.69,1.9873,14.0607,15.587,20.2256,0.3142,25.6492,39.5952,39.5952,0.0,0.0,0.0,12650.1361,9.7421,8.608,7.8536,6.9631,0.3804,0.316,3.8762,1.0,42881.0,1.3,0.0,0.0,13.08,7.592924913892077,7.627875086107922,7.557974741676234,3.8762,0.0
6798,2018-01-19,SZSE:002091,0.0309,8.66,7.5667,8.77,8.64,13630.0458,8.67,1.9759,13.98,15.4975,20.1095,0.3124,25.6445,38.1284,38.1284,0.0,0.0,0.0,12571.4407,9.6815,8.5545,7.8047,6.9197,0.378,0.314,4.7005,1.0,42881.0,1.3,0.0,0.0,13.08,7.57543752886836,7.662812817551962,7.54922494226328,4.7005,0.0
6799,2018-01-22,SZSE:002091,0.0309,8.79,7.6803,8.85,8.6,13834.6539,8.68,2.0056,14.1899,15.7301,20.4113,0.3171,25.6271,43.9429,43.943,0.0,0.0,0.0,12776.0488,9.8391,8.6937,7.9317,7.0324,0.3842,0.3191,5.4194,1.0,42881.0,1.3,0.0,0.0,13.08,7.584187030716724,7.732725255972697,7.514286689419796,5.4194,0.0
6800,2018-01-23,SZSE:002091,0.0309,8.84,7.724,8.85,8.73,13913.3493,8.79,2.017,14.2706,15.8196,20.5274,0.3189,25.673,46.0432,46.0433,0.0,0.0,0.0,12854.7442,9.8997,8.7472,7.9806,7.0757,0.3865,0.3211,4.4256,1.0,42881.0,1.3,0.0,0.0,13.08,7.68031221719457,7.732737556561086,7.627886877828055,4.4256,0.0
6801,2018-01-24,SZSE:002091,0.0309,8.8,7.6891,8.85,8.66,13850.3929,8.84,2.0078,14.206,15.748,20.4346,0.3174,25.6761,44.6035,44.6035,0.0,0.0,0.0,12791.7879,9.8512,8.7044,7.9415,7.041,0.3847,0.3195,5.0026,1.0,42881.0,1.3,0.0,0.0,13.08,7.724050454545453,7.732788068181818,7.566773409090908,5.0026,0.0
6802,2018-01-25,SZSE:002091,0.0309,8.84,7.724,8.92,8.76,13913.3493,8.82,2.017,14.2706,15.8196,20.5274,0.3189,25.684,46.4082,46.4082,0.0,0.0,0.0,12854.7442,9.8997,8.7472,7.9806,7.0757,0.3865,0.3211,5.203,1.0,42881.0,1.3,0.0,0.0,13.08,7.706524886877828,7.793900452488688,7.654099547511312,5.203,0.0
6803,2018-01-26,SZSE:002091,0.0798,8.81,7.6978,8.93,8.8,13866.132,8.81,2.0101,14.2221,15.7659,20.4578,0.3178,25.6176,45.2184,45.2184,0.0,0.0,0.0,12807.5269,9.8633,8.7151,7.9513,7.0497,0.3851,0.3199,7.0029,1.0,42881.0,1.3,0.0,0.0,13.08,7.6978,7.802650851305334,7.689062429057889,7.0029,0.0
6804,2018-01-29,SZSE:002091,0.0798,9.01,7.8725,9.06,8.7,14180.9137,8.81,2.0558,14.545,16.1238,20.9222,0.325,25.937,53.7345,53.7346,0.0,0.0,0.0,13122.3086,10.1058,8.9293,8.1467,7.223,0.3946,0.3277,11.4304,1.0,42881.0,1.3,0.0,0.0,13.08,7.697749722530522,7.91618756936737,7.601637069922307,11.4304,0.0
6805,2018-01-30,SZSE:002091,0.0798,8.92,7.7939,9.25,8.9,14039.2619,9.03,2.0352,14.3997,15.9628,20.7132,0.3218,25.3188,49.97,49.97,0.0,0.0,0.0,12980.6569,9.9967,8.8329,8.0588,7.145,0.3903,0.3242,11.5773,1.0,42881.0,1.3,0.0,0.0,13.08,7.890013116591928,8.082239349775785,7.776424887892376,11.5773,0.0
6806,2018-01-31,SZSE:002091,0.0798,8.75,7.6454,8.9,8.67,13771.6975,8.8,1.9964,14.1253,15.6586,20.3185,0.3156,25.2998,43.7369,43.7369,0.0,0.0,0.0,12713.0924,9.7906,8.6508,7.8927,6.9977,0.3823,0.3175,7.0503,1.0,42881.0,1.3,0.0,0.0,13.08,7.689088000000001,7.776464000000001,7.5754992,7.0503,0.0
6807,2018-02-01,SZSE:002091,0.0798,8.43,7.3658,8.85,8.4,13268.0469,8.74,1.9234,13.6087,15.0859,19.5754,0.3041,26.1362,34.9097,34.9097,0.0,0.0,0.0,12209.4418,9.4027,8.3081,7.58,6.7205,0.3671,0.3049,7.1829,1.0,42881.0,1.3,0.0,0.0,13.08,7.636665717674971,7.732779359430605,7.339587188612101,7.1829,0.0
6808,2018-02-02,SZSE:002091,0.2199,8.33,7.2784,8.49,8.0,13110.6561,8.43,1.9006,13.4473,14.9069,19.3432,0.3005,26.1821,32.6893,32.6893,0.0,0.0,0.0,12052.051,9.2815,8.201,7.4823,6.6339,0.3624,0.301,6.1142,1.0,42881.0,1.3,0.0,0.0,13.08,7.365775750300121,7.418201200480192,6.990060024009604,6.1142,0.0
6809,2018-02-05,SZSE:002091,0.2199,8.08,7.06,8.27,7.91,12717.179,8.25,1.8436,13.0437,14.4596,18.7626,0.2915,26.269,27.9101,27.9101,0.0,0.0,0.0,11658.5739,8.9785,7.9333,7.238,6.4173,0.3506,0.2912,8.2759,1.0,42881.0,1.3,0.0,0.0,13.08,7.208539603960395,7.226014851485147,6.911460396039604,8.2759,0.0
6810,2018-02-06,SZSE:002091,0.2199,7.54,6.5881,7.98,7.52,11867.2685,7.95,1.7204,12.172,13.4932,17.5087,0.272,29.3048,20.8271,20.8271,0.0,0.0,0.0,10808.6634,8.324,7.3549,6.7103,5.9495,0.325,0.27,9.1112,1.0,42881.0,1.3,0.0,0.0,13.08,6.946338859416445,6.972551458885941,6.570624933687002,9.1112,0.0
6811,2018-02-07,SZSE:002091,0.2199,7.84,6.8503,7.95,7.58,12339.441,7.66,1.7888,12.6563,14.0301,18.2053,0.2828,29.8693,31.2636,31.2636,0.0,0.0,0.0,11280.8359,8.6876,7.6762,7.0035,6.2094,0.3392,0.2818,9.2838,1.0,42881.0,1.3,0.0,0.0,13.08,6.693022704081632,6.9464139030612255,6.623121683673469,9.2838,0.0
6812,2018-02-08,SZSE:002091,0.2199,8.0,6.9901,8.03,7.81,12591.2663,7.81,1.8253,12.9145,14.3164,18.5769,0.2886,30.2092,36.1015,36.1015,0.0,0.0,0.0,11532.6612,8.8815,7.8476,7.1598,6.348,0.3468,0.288,4.1914,1.0,42881.0,1.3,0.0,0.0,13.08,6.824085125,7.016312875,6.824085125,4.1914,0.0
6813,2018-02-09,SZSE:002091,0.3253,7.91,6.9114,8.14,7.77,12449.6146,7.84,1.8048,12.7693,14.1553,18.3679,0.2853,30.2013,34.6252,34.6252,0.0,0.0,0.0,11391.0095,8.7725,7.7512,7.0719,6.27,0.3425,0.2845,7.2464,1.0,42881.0,1.3,0.0,0.0,13.08,6.850237168141593,7.112363590391911,6.7890743362831865,7.2464,0.0
6814,2018-02-12,SZSE:002091,0.3253,8.07,7.0512,8.17,7.92,12701.4399,8.0,1.8413,13.0275,14.4417,18.7394,0.2911,30.5381,39.3718,39.3718,0.0,0.0,0.0,11642.8348,8.9664,7.9226,7.2282,6.4086,0.3501,0.2908,5.5002,1.0,42881.0,1.3,0.0,0.0,13.08,6.990037174721189,7.138575464684014,6.920136802973977,5.5002,0.0
6815,2018-02-13,SZSE:002091,0.3253,8.05,7.0337,8.23,8.02,12669.9617,8.08,1.8367,12.9953,14.4059,18.693,0.2904,30.2203,38.9907,38.9907,0.0,0.0,0.0,11611.3566,8.9421,7.9011,7.2087,6.3913,0.3492,0.29,4.4527,1.0,42881.0,1.3,0.0,0.0,13.08,7.05991254658385,7.190975279503105,7.0074874534161475,4.4527,0.0
6816,2018-02-14,SZSE:002091,0.3253,8.09,7.0687,8.13,8.02,12732.9181,8.11,1.8458,13.0598,14.4775,18.7859,0.2918,30.2314,40.2366,40.2366,0.0,0.0,0.0,11674.313,8.9906,7.944,7.2478,6.4259,0.3511,0.2916,2.9685,1.0,42881.0,1.3,0.0,0.0,13.08,7.086175154511742,7.103650309023487,7.0075369592089,2.9685,0.0
6817,2018-02-15,SZSE:002091,0.3253,0.0,7.0687,0.0,0.0,12732.9181,0.0,1.8458,13.0598,14.4775,18.7859,0.2918,30.2314,40.2366,40.2366,0.0,0.0,0.0,11674.313,8.9906,7.944,7.2478,6.4259,0.3511,0.2916,0.0,1.0,42881.0,1.3,0.0,0.0,13.08,0.0,0.0,0.0,0.0,0.0
6818,2018-02-16,SZSE:002091,0.3562,0.0,7.0687,0.0,0.0,12732.9181,0.0,1.8458,13.0598,14.4775,18.7859,0.2918,30.2314,40.2366,40.2366,0.0,0.0,0.0,11674.313,8.9906,7.944,7.2478,6.4259,0.3511,0.2916,0.0,1.0,42881.0,1.3,0.0,0.0,13.08,0.0,0.0,0.0,0.0,0.0
6819,2018-02-19,SZSE:002091,0.3562,0.0,7.0687,0.0,0.0,12732.9181,0.0,1.8458,13.0598,14.4775,18.7859,0.2918,30.2314,40.2366,40.2366,0.0,0.0,0.0,11674.313,8.9906,7.944,7.2478,6.4259,0.3511,0.2916,0.0,1.0,42881.0,1.3,0.0,0.0,13.08,0.0,0.0,0.0,0.0,0.0
6820,2018-02-20,SZSE:002091,0.3562,0.0,7.0687,0.0,0.0,12732.9181,0.0,1.8458,13.0598,14.4775,18.7859,0.2918,30.2314,40.2366,40.2366,0.0,0.0,0.0,11674.313,8.9906,7.944,7.2478,6.4259,0.3511,0.2916,0.0,1.0,42881.0,1.3,0.0,0.0,13.08,0.0,0.0,0.0,0.0,0.0
6821,2018-02-21,SZSE:002091,0.3562,0.0,7.0687,0.0,0.0,12732.9181,0.0,1.8458,13.0598,14.4775,18.7859,0.2918,30.2314,40.2366,40.2366,0.0,0.0,0.0,11674.313,8.9906,7.944,7.2478,6.4259,0.3511,0.2916,0.0,1.0,42881.0,1.3,0.0,0.0,13.08,0.0,0.0,0.0,0.0,0.0
6822,2018-02-22,SZSE:002091,0.3562,8.17,7.1386,8.25,8.1,12858.8307,8.12,1.8641,13.189,14.6206,18.9716,0.2947,29.1973,42.7546,42.7546,0.0,0.0,0.0,11800.2256,9.0876,8.0297,7.3259,6.4952,0.3548,0.2947,3.64,1.0,42881.0,1.3,0.0,0.0,13.08,7.09491211750306,7.208500611995104,7.077436964504284,3.64,0.0
6823,2018-02-23,SZSE:002091,0.3586,8.12,7.0949,8.23,8.04,12798.6398,8.23,1.8527,13.1083,14.5311,18.8555,0.2929,28.7625,41.5755,41.5755,0.0,0.0,0.0,11740.0347,9.0412,7.9887,7.2886,6.4621,0.353,0.2932,4.0228,1.0,42881.0,1.3,0.0,0.0,13.08,7.191013177339902,7.191013177339902,7.024999507389163,4.0228,0.0
6824,2018-02-26,SZSE:002091,0.3586,8.25,7.2085,8.28,8.09,13003.5441,8.18,1.8823,13.3181,14.7638,19.1574,0.2976,29.0028,45.7633,45.7634,0.0,0.0,0.0,11944.9391,9.199,8.1281,7.4158,6.5749,0.3592,0.2983,5.0069,1.0,42881.0,1.3,0.0,0.0,13.08,7.147336969696969,7.234712727272727,7.0686987878787875,5.0069,0.0
6825,2018-02-27,SZSE:002091,0.3586,8.22,7.1823,8.3,8.13,12956.2585,8.26,1.8755,16.1177,14.0513,13.9289,0.3667,29.0044,44.9624,44.9624,0.0,0.0,0.0,11897.6534,8.2741,7.4993,7.1586,6.2291,0.3412,0.2859,5.2886,1.0,42881.0,1.3,1.3464,0.0,13.08,7.217250364963503,7.252200729927007,7.103661678832117,5.2886,0.0
6826,2018-02-28,SZSE:002091,0.3586,8.39,7.3308,8.41,8.14,13224.2104,8.15,1.9143,16.451,14.3419,14.217,0.3743,29.3444,50.2735,50.2735,0.0,0.0,0.0,12165.6053,8.4604,7.6682,7.3199,6.3694,0.3489,0.2924,6.347,1.0,42881.0,1.3,1.3743,0.0,13.08,7.1210989272943985,7.348275089392134,7.112361382598332,6.347,0.0
6827,2018-03-01,SZSE:002091,0.3586,8.49,7.4182,8.51,8.31,13381.8291,8.36,1.9371,16.6471,14.5128,14.3864,0.3788,29.6258,53.1382,53.1382,0.0,0.0,0.0,12323.224,8.5701,7.7675,7.4147,6.452,0.3534,0.2962,6.747,1.0,42881.0,1.3,1.3907,0.0,13.08,7.304611542991754,7.435675147232038,7.260923674911661,6.747,0.0
6828,2018-03-02,SZSE:002091,0.2963,8.39,7.3308,8.55,8.33,13224.2104,8.4,1.9143,16.451,14.3419,14.217,0.3743,29.4503,50.034,50.034,0.0,0.0,0.0,12165.6053,8.4604,7.6682,7.3199,6.3694,0.3489,0.2924,5.619,1.0,42881.0,1.3,1.3743,0.0,13.08,7.339537544696066,7.470600715137068,7.2783747318235985,5.619,0.0
6829,2018-03-05,SZSE:002091,0.2963,8.42,7.357,8.49,8.36,13271.496,8.49,1.9211,16.5098,14.3932,14.2678,0.3756,28.3467,50.9596,50.9596,0.0,0.0,0.0,12212.8909,8.4933,7.698,7.3483,6.3942,0.3502,0.2935,4.1712,1.0,42881.0,1.3,1.3792,0.0,13.08,7.418162707838481,7.418162707838481,7.304574821852731,4.1712,0.0
6830,2018-03-06,SZSE:002091,0.2963,8.46,7.392,8.48,8.4,13334.5435,8.44,1.9303,16.5882,14.4615,14.3356,0.3774,28.1221,52.2302,52.2301,0.0,0.0,0.0,12275.9384,8.5372,7.7377,7.3862,6.4272,0.3521,0.295,4.7602,1.0,42881.0,1.3,1.3858,0.0,13.08,7.374524822695035,7.409475177304964,7.3395744680851065,4.7602,0.0
6831,2018-03-07,SZSE:002091,0.2963,8.28,7.2347,8.45,8.2,13050.8298,8.43,1.8892,16.2353,14.1539,14.0306,0.3694,28.3672,46.4038,46.4038,0.0,0.0,0.0,11992.2247,8.3399,7.5589,7.2155,6.2787,0.3439,0.2882,6.7195,1.0,42881.0,1.3,1.3563,0.0,13.08,7.365763405797102,7.383238526570049,7.164799516908213,6.7195,0.0
6832,2018-03-08,SZSE:002091,0.2963,8.29,7.2434,8.34,8.23,13066.5916,8.25,1.8915,16.2549,14.1709,14.0475,0.3698,28.2739,46.7592,46.7592,0.0,0.0,0.0,12007.9865,8.3508,7.5688,7.225,6.2869,0.3444,0.2886,4.6088,1.0,42881.0,1.3,1.3579,0.0,13.08,7.20844993968637,7.287087575392039,7.1909749095295545,4.6088,0.0
6833,2018-03-09,SZSE:002091,0.3113,8.55,7.4706,8.55,8.29,13476.4003,8.34,1.9508,16.7647,14.6154,14.4881,0.3814,28.7815,55.095,55.095,0.0,0.0,0.0,12417.7952,8.6358,7.8272,7.4716,6.5015,0.3561,0.2984,8.8459,1.0,42881.0,1.3,1.4005,0.0,13.08,7.287111578947368,7.4706,7.243423859649122,8.8459,0.0
6834,2018-03-12,SZSE:002091,0.3113,8.76,7.6541,8.9,8.59,13807.3996,8.59,1.9987,17.1765,14.9744,14.8439,0.3908,29.2147,60.4775,60.4775,0.0,0.0,0.0,12748.7945,8.866,8.0358,7.6708,6.6748,0.3656,0.3064,12.9459,1.0,42881.0,1.3,1.4349,0.0,13.08,7.505561529680365,7.776425799086759,7.505561529680365,12.9459,0.0
6835,2018-03-13,SZSE:002091,0.3113,8.73,7.6279,8.9,8.71,13760.114,8.79,1.9919,17.1177,14.9231,14.7931,0.3895,29.221,59.3824,59.3824,0.0,0.0,0.0,12701.5089,8.8331,8.006,7.6423,6.65,0.3643,0.3053,10.3747,1.0,42881.0,1.3,1.43,0.0,13.08,7.680325429553263,7.776438717067583,7.610424856815579,10.3747,0.0
6836,2018-03-14,SZSE:002091,0.3113,8.8,7.6891,9.12,8.79,13870.4471,8.79,2.0078,17.2549,15.0427,14.9117,0.3926,29.2542,61.15,61.15,0.0,0.0,0.0,12811.842,8.9099,8.0755,7.7087,6.7078,0.3674,0.3079,15.1416,1.0,42881.0,1.3,1.4414,0.0,13.08,7.680362386363635,7.968703636363634,7.680362386363635,15.1416,0.0
6837,2018-03-15,SZSE:002091,0.3113,8.8,7.6891,8.83,8.56,13870.4471,8.75,2.0078,17.2549,15.0427,14.9117,0.3926,29.2289,61.15,61.15,0.0,0.0,0.0,12811.842,8.9099,8.0755,7.7087,6.7078,0.3674,0.3079,10.5315,1.0,42881.0,1.3,1.4414,0.0,13.08,7.645411931818181,7.715312840909091,7.479397272727272,10.5315,0.0
6838,2018-03-16,SZSE:002091,0.3263,8.71,7.6104,8.86,8.67,13728.5902,8.75,1.9873,17.0784,14.8889,14.7592,0.3886,29.0503,57.4237,57.4237,0.0,0.0,0.0,12669.9852,8.8112,7.9861,7.6233,6.6335,0.3634,0.3045,8.9013,1.0,42881.0,1.3,1.4267,0.0,13.08,7.645350172215844,7.741463145809413,7.575449827784156,8.9013,0.0
6839,2018-03-19,SZSE:002091,0.3263,8.8,7.6891,8.86,8.61,13870.4471,8.73,2.0078,17.2549,15.0427,14.9117,0.3926,28.9522,60.0457,60.0457,0.0,0.0,0.0,12811.842,8.9099,8.0755,7.7087,6.7078,0.3674,0.3079,8.9608,1.0,42881.0,1.3,1.4414,0.0,13.08,7.627936704545455,7.74152568181818,7.523085340909089,8.9608,0.0
6840,2018-03-20,SZSE:002091,0.3263,8.69,7.5929,8.74,8.56,13697.0665,8.71,1.9827,17.0392,14.8547,14.7253,0.3877,28.4004,55.5434,55.5434,0.0,0.0,0.0,12638.4614,8.7893,7.9662,7.6044,6.617,0.3625,0.3037,7.4448,1.0,42881.0,1.3,1.4234,0.0,13.08,7.610375028768701,7.63658757192175,7.479312313003454,7.4448,0.0
6841,2018-03-21,SZSE:002091,0.3263,8.5,7.4269,8.8,8.45,13397.5909,8.68,1.9394,16.6667,14.5299,14.4034,0.3792,28.353,48.7448,48.7448,0.0,0.0,0.0,12338.9859,8.581,7.7775,7.4242,6.4602,0.3539,0.2965,7.9474,1.0,42881.0,1.3,1.3923,0.0,13.08,7.584175529411765,7.689025882352942,7.383212352941175,7.9474,0.0
6842,2018-03-22,SZSE:002091,0.3263,8.46,7.392,8.62,8.45,13334.5435,8.49,1.9303,16.5882,14.4615,14.3356,0.3774,28.3245,47.4286,47.4286,0.0,0.0,0.0,12275.9384,8.5372,7.7377,7.3862,6.4272,0.3521,0.295,6.9384,1.0,42881.0,1.3,1.3858,0.0,13.08,7.418212765957446,7.5318014184397155,7.383262411347517,6.9384,0.0
6843,2018-03-23,SZSE:002091,0.4632,7.86,6.8677,8.25,7.61,12388.8312,8.1,1.7934,15.4118,13.4359,13.3189,0.3507,31.8441,33.0241,33.0241,0.0,0.0,0.0,11330.2261,7.8795,7.1416,6.8172,5.9321,0.3249,0.2723,14.6247,1.0,42881.0,1.3,1.2875,0.0,13.08,7.077400763358778,7.208463740458016,6.649261704834606,14.6247,0.0
6844,2018-03-26,SZSE:002091,0.4632,7.83,6.8415,7.86,7.42,12341.5455,7.59,1.7865,15.3529,12.8361,13.268,0.3493,32.0244,32.4927,32.4927,0.0,0.0,0.0,11282.9404,7.8466,7.1118,6.7888,5.9073,0.3236,0.2531,7.7326,1.0,42881.0,1.3,0.9457,0.0,13.08,6.631798850574713,6.8677126436781615,6.4832605363984666,7.7326,0.0
6845,2018-03-27,SZSE:002091,0.4632,7.96,6.9551,8.05,7.87,12546.4499,8.0,1.8162,15.6078,13.0492,13.4883,0.3551,31.9169,37.2077,37.2077,0.0,0.0,0.0,11487.8448,7.9891,7.241,6.9121,6.0146,0.3295,0.2577,9.2094,1.0,42881.0,1.3,0.9614,0.0,13.08,6.990050251256281,7.0337380653266335,6.876461934673366,9.2094,0.0
6846,2018-03-28,SZSE:002091,0.4632,7.7,6.7279,7.92,7.68,12136.6412,7.86,1.7569,15.098,12.623,13.0478,0.3435,32.562,32.3423,32.3423,0.0,0.0,0.0,11078.0361,7.7041,6.9827,6.6655,5.8,0.3177,0.2485,10.17,1.0,42881.0,1.3,0.93,0.0,13.08,6.867700519480519,6.920125714285714,6.7104249350649345,10.17,0.0
6847,2018-03-29,SZSE:002091,0.4632,7.81,6.824,7.81,7.67,12310.0218,7.71,1.782,15.3137,12.8033,13.2342,0.3484,32.7406,36.1466,36.1466,0.0,0.0,0.0,11251.4167,7.8247,7.092,6.7698,5.8908,0.3227,0.2524,5.4968,1.0,42881.0,1.3,0.9432,0.0,13.08,6.736624839948783,6.824,6.701674775928297,5.4968,0.0
6848,2018-03-30,SZSE:002091,0.4562,7.86,6.8677,7.9,7.81,12388.8312,7.81,1.7934,15.4118,12.8853,13.3189,0.3507,32.5066,37.857,37.857,0.0,0.0,0.0,11330.2261,7.8795,7.1416,6.8172,5.9321,0.3249,0.2542,6.0662,1.0,42881.0,1.3,0.9493,0.0,13.08,6.82401234096692,6.902650127226463,6.82401234096692,6.0662,0.0
6849,2018-04-02,SZSE:002091,0.4562,8.05,7.0337,8.23,8.0,12688.3067,8.0,1.8367,15.7843,13.1967,13.6408,0.3591,32.913,43.9962,43.9962,0.0,0.0,0.0,11629.7016,8.0878,7.3304,6.9974,6.0889,0.3335,0.2609,11.1728,1.0,42881.0,1.3,0.9722,0.0,13.08,6.990012422360247,7.190975279503105,6.990012422360247,11.1728,0.0
6850,2018-04-03,SZSE:002091,0.4562,7.94,6.9376,7.98,7.85,12514.9261,7.91,1.8116,15.5686,13.0164,13.4544,0.3542,32.8671,41.4435,41.4435,0.0,0.0,0.0,11456.321,7.9672,7.2211,6.8931,5.9981,0.3285,0.257,6.2621,1.0,42881.0,1.3,0.9589,0.0,13.08,6.911387405541562,6.972550125944584,6.858962216624684,6.2621,0.0
6851,2018-04-04,SZSE:002091,0.4562,7.84,6.8503,8.04,7.83,12357.3074,7.99,1.7888,15.3726,12.8525,13.285,0.3498,32.8671,39.2159,39.2159,0.0,0.0,0.0,11298.7023,7.8576,7.1218,6.7983,5.9156,0.324,0.2535,5.4303,1.0,42881.0,1.3,0.9469,0.0,13.08,6.9813644132653065,7.025052551020408,6.84156237244898,5.4303,0.0
6852,2018-04-05,SZSE:002091,0.4562,0.0,6.8503,0.0,0.0,12357.3074,0.0,1.7888,15.3726,12.8525,13.285,0.3498,32.8671,39.2159,39.2159,0.0,0.0,0.0,11298.7023,7.8576,7.1218,6.7983,5.9156,0.324,0.2535,0.0,1.0,42881.0,1.3,0.9469,0.0,13.08,0.0,0.0,0.0,0.0,0.0
6853,2018-04-06,SZSE:002091,0.4529,0.0,6.8503,0.0,0.0,12357.3074,0.0,1.7888,15.3726,12.8525,13.285,0.3498,32.8671,39.2159,39.2159,0.0,0.0,0.0,11298.7023,7.8576,7.1218,6.7983,5.9156,0.324,0.2535,0.0,1.0,42881.0,1.3,0.9469,0.0,13.08,0.0,0.0,0.0,0.0,0.0
6854,2018-04-09,SZSE:002091,0.4529,7.71,6.7367,7.8,7.62,12152.4031,7.79,1.7591,15.1177,12.6393,13.0647,0.344,33.2434,36.4714,36.4714,0.0,0.0,0.0,11093.798,7.7151,6.9926,6.675,5.8083,0.3182,0.2489,5.1275,1.0,42881.0,1.3,0.9312,0.0,13.08,6.806600907911802,6.815338521400778,6.658061478599222,5.1275,0.0
6855,2018-04-10,SZSE:002091,0.4529,7.83,6.8415,7.84,7.67,12341.5455,7.71,1.7865,15.3529,12.8361,13.268,0.3493,33.3225,40.6036,40.6036,0.0,0.0,0.0,11282.9404,7.8466,7.1118,6.7888,5.9073,0.3236,0.2531,4.1775,1.0,42881.0,1.3,0.9457,0.0,13.08,6.736649425287356,6.8502375478927195,6.701699233716475,4.1775,0.0
6856,2018-04-11,SZSE:002091,0.4529,7.88,6.8852,7.95,7.84,12420.3549,7.85,1.7979,15.451,12.918,13.3528,0.3515,33.3193,42.2881,42.2881,0.0,0.0,0.0,11361.7498,7.9014,7.1615,6.8362,5.9486,0.3258,0.2549,4.2458,1.0,42881.0,1.3,0.9517,0.0,13.08,6.858987309644671,6.946362944162437,6.850249746192893,4.2458,0.0
6857,2018-04-12,SZSE:002091,0.4529,7.72,6.7454,7.88,7.71,12168.165,7.86,1.7614,15.1373,12.6557,13.0816,0.3444,33.4727,38.5232,38.5232,0.0,0.0,0.0,11109.5599,7.726,7.0025,6.6845,5.8165,0.3186,0.2492,3.9269,1.0,42881.0,1.3,0.9324,0.0,13.08,6.8677259067357515,6.8852010362694305,6.7366624352331606,3.9269,0.0
6858,2018-04-13,SZSE:002091,0.4494,7.77,6.7891,7.86,7.74,12246.9743,7.74,1.7728,15.2353,12.7377,13.1664,0.3466,33.2308,40.3116,40.3116,0.0,0.0,0.0,11188.3692,7.7808,7.0522,6.7319,5.8578,0.3209,0.251,3.476,1.0,42881.0,1.3,0.9384,0.0,13.08,6.76288725868726,6.867738223938225,6.76288725868726,3.476,0.0
6859,2018-04-16,SZSE:002091,0.4494,7.67,6.7017,7.81,7.61,12089.3556,7.71,1.75,15.0392,12.5738,12.9969,0.3422,32.7612,37.9347,37.9347,0.0,0.0,0.0,11030.7505,7.6712,6.9529,6.637,5.7753,0.3163,0.2475,4.6303,1.0,42881.0,1.3,0.9263,0.0,13.08,6.736650195567146,6.824025684485006,6.649274706649283,4.6303,0.0
6860,2018-04-17,SZSE:002091,0.4494,7.48,6.5357,7.7,7.47,11789.88,7.64,1.7067,14.6667,12.2623,12.675,0.3337,33.0853,33.8508,33.8508,0.0,0.0,0.0,10731.2749,7.463,6.7641,6.4568,5.6185,0.3078,0.2407,4.2043,1.0,42881.0,1.3,0.9034,0.0,13.08,6.675501069518716,6.727926470588235,6.52696243315508,4.2043,0.0
6861,2018-04-18,SZSE:002091,0.4494,7.58,6.6231,7.62,7.39,11947.4987,7.52,1.7295,14.8628,12.4262,12.8444,0.3382,33.2498,37.6551,37.6551,0.0,0.0,0.0,10888.8937,7.5726,6.8635,6.5517,5.701,0.3123,0.2443,3.5708,1.0,42881.0,1.3,0.9155,0.0,13.08,6.570674406332453,6.658050395778365,6.45708562005277,3.5708,0.0
6862,2018-04-19,SZSE:002091,0.4494,7.57,6.6143,7.63,7.53,11931.7369,7.6,1.7272,14.8431,12.4098,12.8275,0.3377,33.2434,37.4233,37.4233,0.0,0.0,0.0,10873.1318,7.5616,6.8535,6.5422,5.6927,0.3118,0.2439,4.3409,1.0,42881.0,1.3,0.9143,0.0,13.08,6.640512549537648,6.666725099075298,6.5793499339498025,4.3409,0.0
6863,2018-04-20,SZSE:002091,0.4646,7.13,6.2299,7.56,7.08,11238.2145,7.54,1.6268,13.9804,11.6885,12.0819,0.3181,35.0475,28.9729,28.9729,0.0,0.0,0.0,10179.6094,7.0793,6.4164,6.1249,5.3296,0.2919,0.2284,9.6668,1.0,42881.0,1.3,0.8611,0.0,13.08,6.588141093969145,6.605616269284711,6.186212061711079,9.6668,0.0
6864,2018-04-23,SZSE:002091,0.4646,7.16,6.2561,7.25,7.08,11285.5001,7.14,1.6337,14.0392,11.7377,12.1327,0.3194,35.1282,30.1313,30.1313,0.0,0.0,0.0,10226.895,7.1122,6.4462,6.1534,5.3544,0.2933,0.2294,3.9583,1.0,42881.0,1.3,0.8647,0.0,13.08,6.238624860335196,6.33473812849162,6.186199441340782,3.9583,0.0
6865,2018-04-24,SZSE:002091,0.4646,7.28,6.361,7.31,7.16,11474.6426,7.18,1.661,14.2745,11.9344,12.3361,0.3248,35.3843,34.7179,34.7179,0.0,0.0,0.0,10416.0375,7.2437,6.5654,6.2672,5.4534,0.2987,0.2337,5.0894,1.0,42881.0,1.3,0.8792,0.0,13.08,6.273623626373626,6.387212912087912,6.256148351648351,5.0894,0.0
6866,2018-04-25,SZSE:002091,0.4646,7.33,6.4046,7.35,7.2,11553.452,7.28,1.6312,13.897,11.498,20.9342,0.3378,35.4112,36.5858,36.5858,0.0,0.0,0.0,10859.8496,9.3872,8.2729,0.0,0.0,0.3112,0.0,4.3632,1.0,42881.0,1.3,0.0,0.0,13.08,6.360912414733971,6.4220750341064115,6.291012278308322,4.3632,0.0
6867,2018-04-26,SZSE:002091,0.4646,7.08,6.1862,7.39,7.07,11159.4052,7.39,1.5756,13.423,11.0625,20.2203,0.3262,36.0168,31.7015,31.7015,0.0,0.0,0.0,10465.8028,9.0466,7.9727,6.16,6.3343,0.2999,0.242,7.3205,1.0,42881.0,1.3,0.0,0.0,13.08,6.457064689265537,6.457064689265537,6.177462429378532,7.3205,0.0
6868,2018-04-27,SZSE:002091,0.429,7.16,6.2561,7.18,7.06,11285.5001,7.13,1.5934,13.5747,11.1875,20.4487,0.3299,35.8365,34.7055,34.7055,0.0,0.0,0.0,10591.8978,9.1556,8.0687,6.2342,6.4106,0.3035,0.2449,3.7843,1.0,42881.0,1.3,0.0,0.0,13.08,6.229887290502793,6.273575139664804,6.168724301675977,3.7843,0.0
6869,2018-04-30,SZSE:002091,0.429,0.0,6.2561,0.0,0.0,11285.5001,0.0,1.5934,13.5747,11.1875,20.4487,0.3299,35.8365,34.7055,34.7055,0.0,0.0,0.0,10591.8978,9.1556,8.0687,6.2342,6.4106,0.3035,0.2449,0.0,1.0,42881.0,1.3,0.0,0.0,13.08,0.0,0.0,0.0,0.0,0.0
6870,2018-05-01,SZSE:002091,0.429,0.0,6.2561,0.0,0.0,11285.5001,0.0,1.5934,13.5747,11.1875,20.4487,0.3299,35.8365,34.7055,34.7055,0.0,0.0,0.0,10591.8978,9.1556,8.0687,6.2342,6.4106,0.3035,0.2449,0.0,1.0,42881.0,1.3,0.0,0.0,13.08,0.0,0.0,0.0,0.0,0.0
6871,2018-05-02,SZSE:002091,0.429,7.09,6.1949,7.26,7.01,11175.167,7.17,1.5778,13.442,11.0781,20.2488,0.3267,35.7748,33.3244,33.3243,0.0,0.0,0.0,10481.5647,9.0602,7.9847,6.1693,6.3438,0.3003,0.2424,5.5523,1.0,42881.0,1.3,0.0,0.0,13.08,6.2648001410437235,6.343437799717912,6.124999858956276,5.5523,0.0
6872,2018-05-03,SZSE:002091,0.429,7.55,6.5969,7.76,7.14,11900.2131,7.14,1.6802,14.3141,11.7969,21.5626,0.3479,38.1213,47.9762,47.9762,0.0,0.0,0.0,11206.6108,9.6869,8.537,6.596,6.7826,0.3211,0.2591,13.4527,1.0,42881.0,1.3,0.0,0.0,13.08,6.23865774834437,6.780389933774834,6.23865774834437,13.4527,0.0
6873,2018-05-04,SZSE:002091,0.3867,7.4,6.4658,7.56,7.36,11663.7851,7.55,1.6468,14.0297,11.5625,21.1342,0.341,37.9695,44.5392,44.5392,0.0,0.0,0.0,10970.1827,9.4825,8.3569,6.4569,6.6395,0.3143,0.2537,9.4231,1.0,42881.0,1.3,0.0,0.0,13.08,6.5968635135135125,6.605601081081081,6.430849729729729,9.4231,0.0
6874,2018-05-07,SZSE:002091,0.3867,7.91,6.9114,8.07,7.35,12467.6405,7.42,1.7603,14.9966,12.3594,22.5907,0.3645,37.0951,56.0642,56.0642,0.0,0.0,0.0,11774.0382,10.1774,8.9693,6.93,7.1261,0.3373,0.2723,19.1448,1.0,42881.0,1.3,0.0,0.0,13.08,6.483260176991151,7.051200758533503,6.422097345132743,19.1448,0.0
6875,2018-05-08,SZSE:002091,0.3867,7.81,6.824,7.92,7.76,12310.0218,7.84,1.7381,14.807,12.2031,22.3051,0.3599,36.9322,53.7075,53.7075,0.0,0.0,0.0,11616.4195,10.0411,8.8492,6.8372,7.0307,0.3328,0.2686,12.0529,1.0,42881.0,1.3,0.0,0.0,13.08,6.850212548015365,6.920112676056338,6.780312419974392,12.0529,0.0
6876,2018-05-09,SZSE:002091,0.3867,7.84,6.8503,7.93,7.76,12357.3074,7.83,1.7447,14.8639,12.25,22.3908,0.3613,36.8658,54.3278,54.3278,0.0,0.0,0.0,11663.7051,10.082,8.8852,6.865,7.0593,0.3342,0.2697,8.5973,1.0,42881.0,1.3,0.0,0.0,13.08,6.84156237244898,6.928938647959184,6.780398979591837,8.5973,0.0
6877,2018-05-10,SZSE:002091,0.3867,7.87,6.8765,7.9,7.77,12404.593,7.85,1.7514,14.9208,12.2969,22.4765,0.3626,36.5322,54.9774,54.9774,0.0,0.0,0.0,11710.9907,10.1229,8.9212,6.8929,7.0879,0.3355,0.2708,7.0738,1.0,42881.0,1.3,0.0,0.0,13.08,6.859024777636594,6.902712833545109,6.789123888182973,7.0738,0.0
6878,2018-05-11,SZSE:002091,0.4998,7.94,6.9376,8.06,7.8,12514.9261,7.88,1.767,15.0535,12.4063,22.6764,0.3659,36.2492,56.5311,56.5312,0.0,0.0,0.0,11821.3238,10.2183,9.0053,6.9578,7.1547,0.3387,0.2733,12.1784,1.0,42881.0,1.3,0.0,0.0,13.08,6.8851748110831235,7.042450377833753,6.815274559193954,12.1784,0.0
6879,2018-05-14,SZSE:002091,0.4998,7.74,6.7629,7.92,7.68,12199.6887,7.91,1.7225,14.6743,12.0938,22.1052,0.3567,37.0429,51.1047,51.1047,0.0,0.0,0.0,11506.0864,9.9458,8.7651,6.7723,6.9639,0.3297,0.2661,12.3045,1.0,42881.0,1.3,0.0,0.0,13.08,6.9114391472868215,6.920176744186047,6.710474418604651,12.3045,0.0
6880,2018-05-15,SZSE:002091,0.4998,7.78,6.7978,7.78,7.62,12262.7362,7.77,1.7314,14.7502,12.1563,22.2194,0.3585,36.7204,52.0951,52.0951,0.0,0.0,0.0,11569.1338,10.0003,8.8132,6.8094,7.0021,0.3315,0.2675,7.6647,1.0,42881.0,1.3,0.0,0.0,13.08,6.789062467866323,6.7978,6.657999485861183,7.6647,0.0
6881,2018-05-16,SZSE:002091,0.4998,7.7,6.7279,7.74,7.62,12136.6412,7.71,1.7136,14.5985,12.0313,21.991,0.3548,36.4421,49.9173,49.9173,0.0,0.0,0.0,11443.0389,9.8913,8.7171,6.7352,6.9257,0.3279,0.2646,5.6722,1.0,42881.0,1.3,0.0,0.0,13.08,6.736637532467533,6.76285012987013,6.65799974025974,5.6722,0.0
6882,2018-05-17,SZSE:002091,0.4998,7.68,6.7105,7.78,7.63,12105.1175,7.71,1.7091,14.5606,12.0,21.9338,0.3539,36.1164,49.3617,49.3617,0.0,0.0,0.0,11411.5151,9.864,8.6931,6.7166,6.9067,0.327,0.2639,5.259,1.0,42881.0,1.3,0.0,0.0,13.08,6.736712890624999,6.797876302083334,6.666811848958333,5.259,0.0
6883,2018-05-18,SZSE:002091,0.5371,7.7,6.7279,7.73,7.57,12136.6412,7.72,1.7136,14.5985,12.0313,21.991,0.3548,35.8065,49.9615,49.9615,0.0,0.0,0.0,11443.0389,9.8913,8.7171,6.7352,6.9257,0.3279,0.2646,5.2541,1.0,42881.0,1.3,0.0,0.0,13.08,6.745375064935065,6.754112597402597,6.6143120779220785,5.2541,0.0
6884,2018-05-21,SZSE:002091,0.5371,7.88,6.8852,8.16,7.85,12420.3549,7.96,1.7536,14.9398,12.3125,22.505,0.3631,35.8365,55.1142,55.1142,0.0,0.0,0.0,11726.7526,10.1365,8.9332,6.9022,7.0974,0.336,0.2712,21.8516,1.0,42881.0,1.3,0.0,0.0,13.08,6.955100507614214,7.129851776649747,6.858987309644671,21.8516,0.0
6885,2018-05-22,SZSE:002091,0.5371,8.02,7.0075,8.05,7.83,12641.0211,7.86,1.7848,15.2052,12.5313,22.9049,0.3696,35.9693,58.6783,58.6783,0.0,0.0,0.0,11947.4188,10.3273,9.1013,7.032,7.231,0.3423,0.2763,13.9882,1.0,42881.0,1.3,0.0,0.0,13.08,6.867699501246884,7.033712593516211,6.841486907730674,13.9882,0.0
6886,2018-05-23,SZSE:002091,0.5371,7.95,6.9464,8.11,7.93,12530.688,7.95,1.7692,15.0725,12.4219,22.7049,0.3663,35.9915,56.2723,56.2723,0.0,0.0,0.0,11837.0857,10.2319,9.0173,6.9671,7.1642,0.3391,0.2737,10.6156,1.0,42881.0,1.3,0.0,0.0,13.08,6.9464,7.086201761006289,6.928924779874213,10.6156,0.0
6887,2018-05-24,SZSE:002091,0.5371,8.09,7.0687,8.18,8.0,12751.3542,8.0,1.8004,15.3379,12.6406,23.1048,0.3728,35.8697,59.8207,59.8207,0.0,0.0,0.0,12057.7519,10.4226,9.1854,7.097,7.2978,0.3455,0.2788,13.7986,1.0,42881.0,1.3,0.0,0.0,13.08,6.990061804697157,7.147338195302843,6.990061804697157,13.7986,0.0
6888,2018-05-25,SZSE:002091,0.5876,7.86,6.8677,8.2,7.84,12388.8312,8.16,1.7492,14.9018,12.2813,22.4479,0.3622,36.0436,52.3106,52.3106,0.0,0.0,0.0,11695.2288,10.1093,8.9092,6.8836,7.0784,0.3351,0.2704,9.5956,1.0,42881.0,1.3,0.0,0.0,13.08,7.129825954198473,7.164776081424936,6.850224936386768,9.5956,0.0
6889,2018-05-28,SZSE:002091,0.5876,7.87,6.8765,7.99,7.82,12404.593,7.86,1.7514,14.9208,12.2969,22.4765,0.3626,36.2255,52.5893,52.5893,0.0,0.0,0.0,11710.9907,10.1229,8.9212,6.8929,7.0879,0.3355,0.2708,6.2912,1.0,42881.0,1.3,0.0,0.0,13.08,6.8677623888182975,6.981351334180432,6.832811944091487,6.2912,0.0
6890,2018-05-29,SZSE:002091,0.5876,7.84,6.8503,7.98,7.81,12357.3074,7.93,1.7447,14.8639,12.25,22.3908,0.3613,35.9203,51.6148,51.6148,0.0,0.0,0.0,11663.7051,10.082,8.8852,6.865,7.0593,0.3342,0.2697,6.6308,1.0,42881.0,1.3,0.0,0.0,13.08,6.928938647959184,6.9726267857142865,6.824087117346939,6.6308,0.0
6891,2018-05-30,SZSE:002091,0.5876,7.22,6.3085,7.67,7.2,11380.0714,7.67,1.6068,13.6885,11.2813,20.6201,0.3327,39.2344,36.5434,36.5434,0.0,0.0,0.0,10686.469,9.2373,8.1408,6.2899,6.4678,0.3062,0.2471,13.6181,1.0,42881.0,1.3,0.0,0.0,13.08,6.701689058171746,6.701689058171746,6.291024930747923,13.6181,0.0
6892,2018-05-31,SZSE:002091,0.5876,7.42,6.4833,7.45,7.25,11695.3088,7.31,1.6513,14.0676,11.5938,21.1913,0.3419,39.3688,42.3875,42.3875,0.0,0.0,0.0,11001.7065,9.5098,8.3809,6.4754,6.6586,0.3152,0.2544,7.163,1.0,42881.0,1.3,0.0,0.0,13.08,6.387186388140161,6.509512803234501,6.334760781671159,7.163,0.0
6893,2018-06-01,SZSE:002091,0.602,7.35,6.4221,7.53,7.29,11584.9757,7.33,1.6357,13.9349,11.4844,20.9914,0.3387,39.2945,40.9654,40.9654,0.0,0.0,0.0,10891.3734,9.4144,8.2969,6.4105,6.5918,0.3121,0.2518,5.5656,1.0,42881.0,1.3,0.0,0.0,13.08,6.404624897959184,6.579375918367348,6.369674693877552,5.5656,0.0
6894,2018-06-04,SZSE:002091,0.602,7.34,6.4134,7.45,7.31,11569.2138,7.37,1.6335,13.916,11.4688,20.9628,0.3382,39.247,40.7551,40.7551,0.0,0.0,0.0,10875.6115,9.4008,8.2849,6.4012,6.5823,0.3116,0.2515,3.9404,1.0,42881.0,1.3,0.0,0.0,13.08,6.43961280653951,6.509513623978202,6.38718719346049,3.9404,0.0
6895,2018-06-05,SZSE:002091,0.602,7.48,6.5357,7.48,7.32,11789.88,7.34,1.6646,14.1814,11.6875,21.3626,0.3447,39.4589,45.0121,45.0121,0.0,0.0,0.0,11096.2777,9.5915,8.453,6.5311,6.7159,0.3179,0.2566,6.0359,1.0,42881.0,1.3,0.0,0.0,13.08,6.413374064171123,6.5357,6.395898930481284,6.0359,0.0
6896,2018-06-06,SZSE:002091,0.602,7.38,6.4483,7.49,7.35,11632.2613,7.48,1.6424,13.9918,11.5313,21.077,0.3401,39.5032,42.6545,42.6545,0.0,0.0,0.0,10938.659,9.4553,8.3329,6.4383,6.6205,0.3134,0.2529,6.1666,1.0,42881.0,1.3,0.0,0.0,13.08,6.535675338753387,6.544412872628727,6.422087398373983,6.1666,0.0
6897,2018-06-07,SZSE:002091,0.602,7.32,6.3959,7.45,7.31,11537.6901,7.44,1.629,13.878,11.4375,20.9057,0.3373,39.3261,41.2581,41.2581,0.0,0.0,0.0,10844.0877,9.3735,8.2608,6.3826,6.5632,0.3107,0.2507,5.8901,1.0,42881.0,1.3,0.0,0.0,13.08,6.500750819672131,6.509488387978143,6.387162431693989,5.8901,0.0
6898,2018-06-08,SZSE:002091,0.5988,7.19,6.2823,7.36,7.12,11332.7858,7.36,1.6001,13.6316,11.2344,20.5344,0.3313,39.4494,38.3303,38.3303,0.0,0.0,0.0,10639.1834,9.1964,8.1048,6.262,6.4392,0.3048,0.246,5.9161,1.0,42881.0,1.3,0.0,0.0,13.08,6.430838386648123,6.430838386648123,6.221137134909597,5.9161,0.0
6899,2018-06-11,SZSE:002091,0.5988,7.12,6.2211,7.28,7.09,11222.4526,7.21,1.5845,13.4989,11.125,20.3345,0.3281,38.8881,36.8153,36.8153,0.0,0.0,0.0,10528.8503,9.1011,8.0207,6.1971,6.3724,0.3017,0.2435,4.34,1.0,42881.0,1.3,0.0,0.0,13.08,6.299737499999999,6.3609,6.1948875,4.34,0.0
6900,2018-06-12,SZSE:002091,0.5988,7.27,6.3522,7.29,7.04,11458.8807,7.16,1.6179,13.7832,11.3594,20.7629,0.335,38.7964,42.0967,42.0967,0.0,0.0,0.0,10765.2784,9.3054,8.2008,6.3362,6.5155,0.3084,0.2489,5.2873,1.0,42881.0,1.3,0.0,0.0,13.08,6.256086932599725,6.369675103163687,6.1512363136176065,5.2873,0.0
6901,2018-06-13,SZSE:002091,0.5988,7.07,6.1775,7.28,7.05,11143.6433,7.28,1.5734,13.4041,11.0469,20.1917,0.3258,39.1174,37.5856,37.5856,0.0,0.0,0.0,10450.0409,9.0329,7.9607,6.1507,6.3247,0.2994,0.2416,5.613,1.0,42881.0,1.3,0.0,0.0,13.08,6.360990099009902,6.360990099009902,6.160024752475247,5.613,0.0
6902,2018-06-14,SZSE:002091,0.5988,7.08,6.1862,7.14,7.02,11159.4052,7.06,1.5756,13.423,11.0625,20.2203,0.3262,39.062,37.9437,37.9437,0.0,0.0,0.0,10465.8028,9.0466,7.9727,6.16,6.3343,0.2999,0.242,4.4942,1.0,42881.0,1.3,0.0,0.0,13.08,6.168724858757062,6.238625423728814,6.133774576271186,4.4942,0.0
6903,2018-06-15,SZSE:002091,0.6636,6.84,5.9765,7.12,6.81,10781.1202,7.07,1.5222,12.968,10.6875,19.5348,0.3152,39.5459,33.0439,33.044,0.0,0.0,0.0,10087.5179,8.7196,7.6845,5.9373,6.1053,0.289,0.2333,6.2971,1.0,42881.0,1.3,0.0,0.0,13.08,6.17746418128655,6.221152046783626,5.950287280701754,6.2971,0.0
6904,2018-06-18,SZSE:002091,0.6636,0.0,5.9765,0.0,0.0,10781.1202,0.0,1.5222,12.968,10.6875,19.5348,0.3152,39.5459,33.0439,33.044,0.0,0.0,0.0,10087.5179,8.7196,7.6845,5.9373,6.1053,0.289,0.2333,0.0,1.0,42881.0,1.3,0.0,0.0,13.08,0.0,0.0,0.0,0.0,0.0
6905,2018-06-19,SZSE:002091,0.6636,6.17,5.3911,6.75,6.16,9725.0748,6.65,1.3731,11.6978,9.6406,17.6213,0.2843,44.5027,23.803,23.8031,0.0,0.0,0.0,9031.4725,7.8067,6.88,5.3158,5.4662,0.2588,0.2088,11.0794,1.0,42881.0,1.3,0.0,0.0,13.08,5.810504862236629,5.897880875202593,5.382362398703403,11.0794,0.0
6906,2018-06-20,SZSE:002091,0.6636,6.19,5.4086,6.28,6.08,9756.5986,6.1,1.3775,11.7357,9.6719,17.6784,0.2852,44.517,24.482,24.482,0.0,0.0,0.0,9062.9962,7.834,6.904,5.3343,5.4853,0.2597,0.2096,6.4297,1.0,42881.0,1.3,0.0,0.0,13.08,5.329961227786752,5.487238772213247,5.312485945072698,6.4297,0.0
6907,2018-06-21,SZSE:002091,0.6636,5.95,5.1989,6.26,5.92,9346.1056,6.19,1.3241,11.2807,9.2969,16.993,0.2742,44.9249,21.9541,21.9541,0.0,0.0,0.0,8652.5032,7.4792,6.5913,5.0927,5.2368,0.2479,0.2001,8.6851,1.0,42881.0,1.3,0.0,0.0,13.08,5.408603529411765,5.46976705882353,5.172687058823529,8.6851,0.0
6908,2018-06-22,SZSE:002091,0.7532,6.1,5.3299,6.19,5.82,9581.7217,5.88,1.3575,11.565,9.5313,17.4214,0.2811,45.355,27.0257,27.0257,0.0,0.0,0.0,8888.1193,7.6828,6.7708,5.2314,5.3794,0.2547,0.2055,7.0459,1.0,42881.0,1.3,0.0,0.0,13.08,5.137674098360656,5.408537868852459,5.085248852459017,7.0459,0.0
6909,2018-06-25,SZSE:002091,0.7532,6.16,5.3823,6.25,6.1,9675.9681,6.19,1.3709,11.6788,9.625,17.5928,0.2838,43.2204,29.0128,29.0128,0.0,0.0,0.0,8982.3658,7.7643,6.8426,5.2869,5.4364,0.2574,0.2077,5.6542,1.0,42881.0,1.3,0.0,0.0,13.08,5.4085125000000005,5.460937499999999,5.3298749999999995,5.6542,0.0
6910,2018-06-26,SZSE:002091,0.7532,6.33,5.5309,6.38,6.03,9942.9997,6.04,1.4087,12.0011,9.8906,18.0783,0.2917,43.6805,34.4584,34.4584,0.0,0.0,0.0,9249.3974,7.9951,7.046,5.444,5.5981,0.265,0.2139,6.1299,1.0,42881.0,1.3,0.0,0.0,13.08,5.277509636650869,5.574587993680884,5.268772037914692,6.1299,0.0
6911,2018-06-27,SZSE:002091,0.7532,6.42,5.6095,6.53,6.3,10084.3694,6.33,1.4287,12.1717,10.0313,18.3353,0.2958,43.6379,37.2049,37.2049,0.0,0.0,0.0,9390.767,8.1173,7.1537,5.5272,5.6836,0.2691,0.2171,7.2253,1.0,42881.0,1.3,0.0,0.0,13.08,5.530862149532711,5.70561292834891,5.50464953271028,7.2253,0.0
6912,2018-06-28,SZSE:002091,0.7532,6.37,5.5658,6.5,6.31,10005.8307,6.42,1.4176,12.0769,9.9531,18.1925,0.2935,43.2188,36.2949,36.2949,0.0,0.0,0.0,9312.2283,8.0494,7.0939,5.481,5.6361,0.2668,0.2153,4.9319,1.0,42881.0,1.3,0.0,0.0,13.08,5.60948759811617,5.6793877551020415,5.513374882260597,4.9319,0.0
6913,2018-06-29,SZSE:002091,0.7053,6.35,5.7282,6.38,6.16,9974.4152,6.19,1.4132,12.039,9.9219,18.1354,0.2926,43.0734,35.9165,41.9752,0.0,0.0,0.0,9280.8129,8.0223,7.07,5.4625,5.6171,0.2659,0.2146,6.576,1.0,42881.0,1.3,0.0,0.0,13.08,5.583867401574804,5.755262362204725,5.556805039370079,6.576,0.200
6914,2018-07-02,SZSE:002091,0.7053,6.23,5.62,6.38,6.16,9785.9223,6.31,1.3864,11.8115,9.7344,17.7927,0.2871,43.1224,33.6497,39.4498,0.0,0.0,0.0,9092.32,7.8593,6.9264,5.3516,5.503,0.2605,0.2102,4.8101,1.0,42881.0,1.3,0.0,0.0,13.08,5.692166934189406,5.755313001605137,5.55685393258427,4.8101,0.0
6915,2018-07-03,SZSE:002091,0.7053,6.37,5.7462,6.4,6.2,10005.8307,6.23,1.4176,12.0769,9.9531,18.1925,0.2935,43.4117,38.5246,43.7052,0.0,0.0,0.0,9312.2283,8.0494,7.0939,5.481,5.6361,0.2668,0.2153,7.7543,1.0,42881.0,1.3,0.0,0.0,13.08,5.6199098901098905,5.773262166405025,5.592847723704867,7.7543,0.0
6916,2018-07-04,SZSE:002091,0.7053,6.25,5.638,6.38,6.23,9817.3378,6.38,1.3909,11.8494,9.7656,17.8498,0.288,43.4876,36.0778,41.0426,0.0,0.0,0.0,9123.7354,7.8865,6.9503,5.3701,5.522,0.2614,0.211,5.111,1.0,42881.0,1.3,0.0,0.0,13.08,5.7552704,5.7552704,5.6199584,5.111,0.0
6917,2018-07-05,SZSE:002091,0.7053,5.98,5.3944,6.27,5.97,9393.2288,6.27,1.3308,11.3375,9.3438,17.0787,0.2756,43.8908,31.266,35.7634,0.0,0.0,0.0,8699.6265,7.5199,6.6272,5.1204,5.2653,0.2493,0.2012,6.2698,1.0,42881.0,1.3,0.0,0.0,13.08,5.656001337792642,5.656001337792642,5.385379264214047,6.2698,0.0
6918,2018-07-06,SZSE:002091,0.7361,6.23,5.62,6.33,6.02,9785.9223,6.11,1.3864,11.8115,9.7344,17.7927,0.2871,44.4743,39.3341,43.0659,0.0,0.0,0.0,9092.32,7.8593,6.9264,5.3516,5.503,0.2605,0.2102,7.7623,1.0,42881.0,1.3,0.0,0.0,13.08,5.511749598715891,5.710208667736757,5.430561797752809,7.7623,0.0
6919,2018-07-09,SZSE:002091,0.7361,6.35,5.7282,6.37,6.25,9974.4152,6.3,1.4132,12.039,9.8833,18.1354,0.2926,44.6261,42.8045,46.2259,0.0,0.0,0.0,9280.8129,8.0223,7.07,5.4625,5.6171,0.2659,0.2146,4.6163,1.0,42881.0,1.3,0.0,0.0,13.08,5.683096062992126,5.74624157480315,5.637992125984252,4.6163,0.0
6920,2018-07-10,SZSE:002091,0.7361,6.47,5.8365,6.47,6.3,10162.9081,6.33,1.4399,12.2665,10.07,18.4781,0.2981,44.6861,46.1236,49.2588,0.0,0.0,0.0,9469.3057,8.1852,7.2136,5.5735,5.7312,0.2713,0.219,5.651,1.0,42881.0,1.3,0.0,0.0,13.08,5.710207882534776,5.8365,5.683145285935085,5.651,0.0
6921,2018-07-11,SZSE:002091,0.7361,6.28,5.6651,6.42,6.15,9864.461,6.3,1.3976,11.9063,9.7743,17.9355,0.2894,44.9628,41.9706,44.9372,0.0,0.0,0.0,9170.8587,7.9272,6.9862,5.3978,5.5505,0.2628,0.2121,7.6672,1.0,42881.0,1.3,0.0,0.0,13.08,5.6831417197452225,5.79139203821656,5.547828821656051,7.6672,0.0
6922,2018-07-12,SZSE:002091,0.7361,6.44,5.8094,6.47,6.2,10115.7849,6.25,1.4332,12.2096,10.0234,18.3924,0.2967,45.1953,46.3513,48.9953,0.0,0.0,0.0,9422.1825,8.1445,7.1777,5.5457,5.7026,0.27,0.2179,8.1491,1.0,42881.0,1.3,0.0,0.0,13.08,5.638004658385093,5.836462422360248,5.592900621118012,8.1491,0.0
6923,2018-07-13,SZSE:002091,0.8534,6.37,5.7462,6.45,6.33,10005.8307,6.43,1.4176,12.0769,9.9144,18.1925,0.2935,45.1826,44.7593,47.3511,0.0,0.0,0.0,9312.2283,8.0494,7.0939,5.481,5.6361,0.2668,0.2153,5.8221,1.0,42881.0,1.3,0.0,0.0,13.08,5.800324332810046,5.818365777080063,5.710117111459969,5.8221,0.0
6924,2018-07-16,SZSE:002091,0.8534,6.36,5.7372,6.43,6.31,9990.1229,6.36,1.4154,12.058,9.8988,18.164,0.2931,45.1399,44.5241,47.1078,0.0,0.0,0.0,9296.5206,8.0358,7.0819,5.4718,5.6266,0.2664,0.215,4.0636,1.0,42881.0,1.3,0.0,0.0,13.08,5.7372,5.800345283018866,5.692096226415093,4.0636,0.0
6925,2018-07-17,SZSE:002091,0.8534,6.38,5.7553,6.39,6.26,10021.5384,6.39,1.4198,12.0959,9.93,18.2211,0.294,44.9296,45.1451,47.6866,0.0,0.0,0.0,9327.9361,8.063,7.1059,5.4903,5.6456,0.2673,0.2157,3.8866,1.0,42881.0,1.3,0.0,0.0,13.08,5.764320846394984,5.764320846394984,5.647049843260188,3.8866,0.0
6926,2018-07-18,SZSE:002091,0.8534,6.27,5.656,6.42,6.27,9848.7533,6.39,1.3953,11.8873,9.7588,17.9069,0.2889,44.9091,42.3378,44.7841,0.0,0.0,0.0,9155.1509,7.9136,6.9742,5.3886,5.541,0.2623,0.2117,5.4893,1.0,42881.0,1.3,0.0,0.0,13.08,5.764248803827751,5.7913110047846885,5.656,5.4893,0.0
6927,2018-07-19,SZSE:002091,0.8534,6.2,5.5929,6.32,6.17,9738.7991,6.28,1.3798,11.7546,9.6498,17.707,0.2857,44.936,40.6073,42.9909,0.0,0.0,0.0,9045.1967,7.8186,6.8905,5.3238,5.4745,0.2592,0.2092,3.8875,1.0,42881.0,1.3,0.0,0.0,13.08,5.665066451612904,5.701149677419354,5.565837580645161,3.8875,0.0
6928,2018-07-20,SZSE:002091,0.8171,6.27,5.656,6.29,6.18,9848.7533,6.21,1.3953,11.8873,9.7588,17.9069,0.2889,43.5082,43.1114,45.3476,0.0,0.0,0.0,9155.1509,7.9136,6.9742,5.3886,5.541,0.2623,0.2117,4.3022,1.0,42881.0,1.3,0.0,0.0,13.08,5.601875598086124,5.674041467304625,5.574813397129186,4.3022,0.0
6929,2018-07-23,SZSE:002091,0.8171,6.38,5.7553,6.42,6.2,10021.5384,6.28,1.4198,12.0959,9.93,18.2211,0.294,43.6663,46.9001,48.921,0.0,0.0,0.0,9327.9361,8.063,7.1059,5.4903,5.6456,0.2673,0.2157,7.4388,1.0,42881.0,1.3,0.0,0.0,13.08,5.665091536050157,5.7913833855799375,5.592924764890283,7.4388,0.0
6930,2018-07-24,SZSE:002091,0.8171,6.54,5.8996,6.57,6.35,10272.8623,6.36,1.4554,12.3992,10.179,18.678,0.3014,43.8387,51.9163,53.6665,0.0,0.0,0.0,9579.2599,8.2802,7.2973,5.6382,5.7977,0.2745,0.2215,9.7882,1.0,42881.0,1.3,0.0,0.0,13.08,5.737225688073395,5.926662385321102,5.728204892966361,9.7882,0.0
6931,2018-07-25,SZSE:002091,0.8171,6.51,5.8725,6.58,6.48,10225.739,6.51,1.4488,12.3424,10.1323,18.5924,0.3,43.807,50.9445,52.6783,0.0,0.0,0.0,9532.1367,8.2395,7.2614,5.6104,5.7692,0.2731,0.2204,5.9567,1.0,42881.0,1.3,0.0,0.0,13.08,5.8725,5.9356451612903225,5.845437788018433,5.9567,0.0
6932,2018-07-26,SZSE:002091,0.8171,6.49,5.8545,6.52,6.41,10194.3236,6.48,1.4443,12.3044,10.1012,18.5352,0.2991,43.2932,50.269,51.9909,0.0,0.0,0.0,9500.7212,8.2123,7.2375,5.592,5.7502,0.2722,0.2197,5.7047,1.0,42881.0,1.3,0.0,0.0,13.08,5.845479198767334,5.881562403697996,5.782333590138675,5.7047,0.0
6933,2018-07-27,SZSE:002091,0.8241,6.38,5.7553,6.49,6.35,10021.5384,6.48,1.4198,12.0959,9.93,18.2211,0.294,43.3279,46.6083,48.2611,0.0,0.0,0.0,9327.9361,8.063,7.1059,5.4903,5.6456,0.2673,0.2157,5.7567,1.0,42881.0,1.3,0.0,0.0,13.08,5.8455084639498445,5.854529310344828,5.728237460815047,5.7567,0.0
6934,2018-07-30,SZSE:002091,0.8241,6.33,5.7102,6.41,6.27,9942.9997,6.4,1.4087,12.0011,9.8521,18.0783,0.2917,42.9943,45.004,46.6238,0.0,0.0,0.0,9249.3974,7.9951,7.046,5.444,5.5981,0.265,0.2139,4.0848,1.0,42881.0,1.3,0.0,0.0,13.08,5.773345971563982,5.78236682464455,5.656074881516587,4.0848,0.0
6935,2018-07-31,SZSE:002091,0.8241,6.34,5.7192,6.36,6.25,9958.7075,6.29,1.4109,12.0201,9.8677,18.1068,0.2921,42.6575,45.4087,47.011,0.0,0.0,0.0,9265.1051,8.0087,7.058,5.4533,5.6076,0.2655,0.2142,3.0333,1.0,42881.0,1.3,0.0,0.0,13.08,5.674095899053628,5.7372416403785484,5.638012618296529,3.0333,0.0
6936,2018-08-01,SZSE:002091,0.8241,6.27,5.656,6.37,6.22,9848.7533,6.35,1.3953,11.8873,9.7588,17.9069,0.2889,42.3619,43.022,44.5735,0.0,0.0,0.0,9155.1509,7.9136,6.9742,5.3886,5.541,0.2623,0.2117,5.2773,1.0,42881.0,1.3,0.0,0.0,13.08,5.7281658692185005,5.746207336523126,5.610896331738437,5.2773,0.0
6937,2018-08-02,SZSE:002091,0.8241,6.03,5.4395,6.25,5.86,9471.7675,6.23,1.3419,11.4323,9.3852,17.2215,0.2779,42.9532,36.0298,37.4113,0.0,0.0,0.0,8778.1652,7.5878,6.6871,5.1667,5.3129,0.2515,0.203,7.6035,1.0,42881.0,1.3,0.0,0.0,13.08,5.619914593698176,5.6379560530679935,5.28614759535655,7.6035,0.0
6938,2018-08-03,SZSE:002091,0.8779,5.84,5.2681,6.07,5.82,9173.3204,6.07,1.2997,11.0721,9.0895,16.6789,0.2691,41.3136,31.6449,32.9038,0.0,0.0,0.0,8479.7181,7.3298,6.4597,4.991,5.1322,0.243,0.1961,6.0235,1.0,42881.0,1.3,0.0,0.0,13.08,5.47557654109589,5.47557654109589,5.2500585616438356,6.0235,0.0
6939,2018-08-06,SZSE:002091,0.8779,5.76,5.196,5.95,5.7,9047.6585,5.84,1.2819,10.9204,8.965,16.4504,0.2654,41.2361,29.9899,31.1993,0.0,0.0,0.0,8354.0562,7.2212,6.364,4.917,5.0562,0.2394,0.1932,4.703,1.0,42881.0,1.3,0.0,0.0,13.08,5.268166666666666,5.367395833333333,5.141875,4.703,0.0
6940,2018-08-07,SZSE:002091,0.8779,5.9,5.3223,5.91,5.72,9267.5669,5.76,1.313,11.1859,9.1829,16.8502,0.2719,39.1854,36.2712,37.3188,0.0,0.0,0.0,8573.9645,7.4113,6.5315,5.0465,5.1893,0.2457,0.1983,4.0029,1.0,42881.0,1.3,0.0,0.0,13.08,5.19600813559322,5.331320847457627,5.159924745762711,4.0029,0.0
6941,2018-08-08,SZSE:002091,0.8779,5.83,5.2591,5.94,5.79,9157.6127,5.9,1.2974,11.0531,9.0739,16.6503,0.2686,39.179,34.5997,35.6131,0.0,0.0,0.0,8464.0103,7.3162,6.4477,4.9818,5.1227,0.2425,0.1957,3.6042,1.0,42881.0,1.3,0.0,0.0,13.08,5.3222452830188685,5.358328301886792,5.2230169811320755,3.6042,0.0
6942,2018-08-09,SZSE:002091,0.8779,5.94,5.3584,5.97,5.77,9330.3978,5.81,1.3219,11.2617,9.2451,16.9645,0.2737,39.4115,39.3311,40.2357,0.0,0.0,0.0,8636.7955,7.4656,6.5794,5.0835,5.2273,0.2475,0.1997,4.5157,1.0,42881.0,1.3,0.0,0.0,13.08,5.241128619528618,5.385462626262625,5.205045117845117,4.5157,0.0
6943,2018-08-10,SZSE:002091,0.8679,5.92,5.3403,5.97,5.86,9298.9824,5.97,1.3175,11.2238,9.214,16.9073,0.2728,39.3783,38.7818,39.6779,0.0,0.0,0.0,8605.38,7.4384,6.5554,5.065,5.2083,0.2466,0.199,3.5643,1.0,42881.0,1.3,0.0,0.0,13.08,5.385403885135134,5.385403885135134,5.286175337837838,3.5643,0.0
6944,2018-08-13,SZSE:002091,0.8679,5.9,5.3223,5.91,5.77,9267.5669,5.87,1.313,11.1859,9.1829,16.8502,0.2719,39.2913,38.207,39.0943,0.0,0.0,0.0,8573.9645,7.4113,6.5315,5.0465,5.1893,0.2457,0.1983,3.7808,1.0,42881.0,1.3,0.0,0.0,13.08,5.295237457627119,5.331320847457627,5.205028983050847,3.7808,0.0
6945,2018-08-14,SZSE:002091,0.8679,5.88,5.3042,5.93,5.85,9236.1514,5.91,1.3086,11.1479,9.1518,16.7931,0.2709,39.0684,37.6069,38.4847,0.0,0.0,0.0,8542.549,7.3841,6.5076,5.028,5.1703,0.2448,0.1975,2.4434,1.0,42881.0,1.3,0.0,0.0,13.08,5.3312622448979585,5.349303741496599,5.27713775510204,2.4434,0.0
6946,2018-08-15,SZSE:002091,0.8679,5.78,5.214,5.89,5.77,9079.074,5.88,1.2863,10.9583,8.9961,16.5075,0.2663,39.1047,34.674,35.5035,0.0,0.0,0.0,8385.4716,7.2483,6.3879,4.9355,5.0752,0.2403,0.1939,3.2114,1.0,42881.0,1.3,0.0,0.0,13.08,5.304207612456748,5.313228373702422,5.2049792387543246,3.2114,0.0
6947,2018-08-16,SZSE:002091,0.8679,5.77,5.205,5.81,5.68,9063.3662,5.76,1.2841,10.9394,8.9805,16.4789,0.2659,39.0921,34.3852,35.2098,0.0,0.0,0.0,8369.7639,7.2348,6.3759,4.9263,5.0657,0.2398,0.1935,2.4696,1.0,42881.0,1.3,0.0,0.0,13.08,5.195979202772964,5.241083188908146,5.123812824956673,2.4696,0.0
6948,2018-08-17,SZSE:002091,0.8685,5.64,5.0877,5.84,5.62,8859.1656,5.81,1.2551,10.6929,8.7782,16.1077,0.2599,39.2549,30.7945,31.555,0.0,0.0,0.0,8165.5633,7.0582,6.2204,4.8061,4.9421,0.234,0.1888,3.8314,1.0,42881.0,1.3,0.0,0.0,13.08,5.241052659574468,5.268114893617021,5.069658510638298,3.8314,0.0
6949,2018-08-20,SZSE:002091,0.8685,5.63,5.0787,5.7,5.55,8843.4579,5.65,1.2529,10.674,8.7627,16.0791,0.2594,39.2312,30.5303,31.286,0.0,0.0,0.0,8149.8555,7.0447,6.2084,4.7969,4.9326,0.2335,0.1885,2.8725,1.0,42881.0,1.3,0.0,0.0,13.08,5.096741563055064,5.141845470692718,5.006533747779751,2.8725,0.0
6950,2018-08-21,SZSE:002091,0.8685,5.7,5.1419,5.73,5.63,8953.4121,5.63,1.2685,10.8067,8.8716,16.279,0.2627,38.9893,34.7491,35.4355,0.0,0.0,0.0,8259.8097,7.1397,6.2922,4.8616,4.9991,0.2367,0.191,3.8256,1.0,42881.0,1.3,0.0,0.0,13.08,5.078753859649122,5.168962631578947,5.078753859649122,3.8256,0.0
6951,2018-08-22,SZSE:002091,0.8685,5.64,5.0877,5.69,5.62,8859.1656,5.69,1.2551,10.6929,8.7782,16.1077,0.2599,38.7426,32.9046,33.5645,0.0,0.0,0.0,8165.5633,7.0582,6.2204,4.8061,4.9421,0.234,0.1888,2.1751,1.0,42881.0,1.3,0.0,0.0,13.08,5.132803723404256,5.132803723404256,5.069658510638298,2.1751,0.0
6952,2018-08-23,SZSE:002091,0.8685,5.71,5.1509,5.72,5.62,8969.1198,5.64,1.24,10.5465,11.1961,15.248,0.2529,38.8913,37.0995,37.6976,0.0,0.0,0.0,6396.8308,6.1444,5.286,4.4192,5.6236,0.183,0.1598,2.6658,1.0,42881.0,1.3,0.0,0.0,8.0,5.08775411558669,5.159920840630472,5.069712434325745,2.6658,0.0
6953,2018-08-24,SZSE:002091,0.8895,5.86,5.2862,5.94,5.62,9204.7359,5.72,1.2726,10.8236,11.4902,15.6485,0.2595,39.119,45.0305,45.5191,0.0,0.0,0.0,6632.4469,6.3708,5.4807,4.582,5.8307,0.1898,0.1657,8.3467,1.0,42881.0,1.3,0.0,0.0,8.0,5.1599085324232075,5.358366552901024,5.069700341296928,8.3467,0.0
6954,2018-08-27,SZSE:002091,0.8895,5.89,5.3133,5.9,5.82,9251.8591,5.86,1.2791,10.879,11.549,15.7286,0.2608,38.8739,46.4839,46.9535,0.0,0.0,0.0,6679.5701,6.416,5.5197,4.6146,5.8722,0.1911,0.1669,4.4463,1.0,42881.0,1.3,0.0,0.0,8.0,5.286237351443124,5.322320882852293,5.250153820033956,4.4463,0.0
6955,2018-08-28,SZSE:002091,0.8895,5.86,5.2862,5.91,5.81,9204.7359,5.89,1.2726,10.8236,11.4902,15.6485,0.2595,38.8581,45.1969,45.6589,0.0,0.0,0.0,6632.4469,6.3708,5.4807,4.582,5.8307,0.1898,0.1657,3.5026,1.0,42881.0,1.3,0.0,0.0,8.0,5.313262457337884,5.33130409556314,5.241095904436859,3.5026,0.0
6956,2018-08-29,SZSE:002091,0.8895,5.79,5.223,5.85,5.77,9094.7817,5.84,1.2574,10.6943,11.3529,15.4616,0.2564,38.8849,42.2572,42.7006,0.0,0.0,0.0,6522.4927,6.2652,5.3899,4.506,5.7341,0.1866,0.1629,2.4457,1.0,42881.0,1.3,0.0,0.0,8.0,5.268103626943005,5.277124352331606,5.204958549222797,2.4457,0.0
6957,2018-08-30,SZSE:002091,0.8895,5.7,5.1419,5.86,5.69,8953.4121,5.77,1.2379,10.528,11.1765,15.2213,0.2524,35.7511,38.766,39.1852,0.0,0.0,0.0,6381.123,6.1294,5.2731,4.4084,5.6098,0.1826,0.1594,3.354,1.0,42881.0,1.3,0.0,0.0,8.0,5.205046140350876,5.28623403508772,5.132879122807017,3.354,0.0
6958,2018-08-31,SZSE:002091,0.8755,5.64,5.0877,5.7,5.63,8859.1656,5.7,1.2248,10.4172,11.0588,15.0611,0.2498,35.2388,36.5953,36.9983,0.0,0.0,0.0,6286.8766,6.0388,5.1952,4.3433,5.5269,0.1799,0.157,3.3041,1.0,42881.0,1.3,0.0,0.0,8.0,5.141824468085106,5.141824468085106,5.078679255319149,3.3041,0.0
6959,2018-09-03,SZSE:002091,0.8755,5.63,5.0787,5.68,5.55,8843.4579,5.63,1.2227,10.3987,11.0392,15.0343,0.2493,35.2262,36.2312,36.6314,0.0,0.0,0.0,6271.1688,6.0237,5.1822,4.3324,5.5131,0.1794,0.1567,3.5237,1.0,42881.0,1.3,0.0,0.0,8.0,5.0787,5.123803907637656,5.006533747779751,3.5237,0.0
6960,2018-09-04,SZSE:002091,0.8755,5.63,5.0787,5.72,5.56,8843.4579,5.62,1.2227,10.3987,11.0392,15.0343,0.2493,35.2309,36.2312,36.6314,0.0,0.0,0.0,6271.1688,6.0237,5.1822,4.3324,5.5131,0.1794,0.1567,11.1565,1.0,42881.0,1.3,0.0,0.0,8.0,5.069679218472469,5.15988703374778,5.015554529307282,11.1565,0.0
6961,2018-09-05,SZSE:002091,0.8755,6.19,5.5839,6.19,5.95,9723.0913,5.95,1.3443,11.4331,12.1373,16.5298,0.2741,39.9902,61.2639,61.4572,0.0,0.0,0.0,7150.8023,6.8687,5.9091,4.9401,6.2864,0.2046,0.1786,40.9521,1.0,42881.0,1.3,0.0,0.0,8.0,5.367399838449112,5.5839,5.367399838449112,40.9521,0.0
6962,2018-09-06,SZSE:002091,0.8755,5.99,5.4035,6.07,5.86,9408.9365,6.0,1.3009,11.0637,11.7451,15.9957,0.2653,40.3696,53.2275,53.4094,0.0,0.0,0.0,6836.6475,6.5669,5.6495,4.7231,6.0102,0.1956,0.1708,33.3073,1.0,42881.0,1.3,0.0,0.0,8.0,5.412520868113523,5.4756669449081805,5.286228714524207,33.3073,0.0
6963,2018-09-07,SZSE:002091,0.7883,5.83,5.2591,6.02,5.74,9157.6127,5.91,1.2661,10.7681,11.4314,15.5684,0.2582,40.6289,47.8228,47.9948,0.0,0.0,0.0,6585.3237,6.3255,5.4418,4.5495,5.7893,0.1884,0.1645,23.1276,1.0,42881.0,1.3,0.0,0.0,8.0,5.331266037735849,5.4304943396226415,5.17791320754717,23.1276,0.0
6964,2018-09-10,SZSE:002091,0.7883,5.64,5.0877,5.85,5.61,8859.1656,5.81,1.2248,10.4172,11.0588,15.0611,0.2498,40.9483,42.3266,42.4865,0.0,0.0,0.0,6286.8766,6.0388,5.1952,4.3433,5.5269,0.1799,0.157,11.9937,1.0,42881.0,1.3,0.0,0.0,8.0,5.241052659574468,5.277135638297872,5.0606377659574475,11.9937,0.0
6965,2018-09-11,SZSE:002091,0.7883,5.7,5.1419,5.76,5.6,8953.4121,5.64,1.2379,10.528,11.1765,15.2213,0.2524,41.0258,44.496,44.6469,0.0,0.0,0.0,6381.123,6.1294,5.2731,4.4084,5.6098,0.1826,0.1594,8.8027,1.0,42881.0,1.3,0.0,0.0,8.0,5.087774736842105,5.196025263157894,5.051691228070175,8.8027,0.0
6966,2018-09-12,SZSE:002091,0.7883,5.76,5.196,5.77,5.62,9047.6585,5.71,1.2509,10.6389,11.2941,15.3815,0.2551,40.8361,46.6569,46.7992,0.0,0.0,0.0,6475.3695,6.2199,5.3509,4.4735,5.6926,0.1853,0.1618,8.8115,1.0,42881.0,1.3,0.0,0.0,8.0,5.150895833333333,5.205020833333333,5.069708333333334,8.8115,0.0
6967,2018-09-13,SZSE:002091,0.7883,5.78,5.214,5.84,5.67,9079.074,5.8,1.2552,10.6758,11.3333,15.4349,0.256,40.5689,47.3921,47.5315,0.0,0.0,0.0,6506.785,6.2501,5.3769,4.4952,5.7203,0.1862,0.1625,9.6063,1.0,42881.0,1.3,0.0,0.0,8.0,5.232041522491349,5.2681245674740484,5.1147716262975775,9.6063,0.0
6968,2018-09-14,SZSE:002091,0.743,5.78,5.214,5.93,5.76,9079.074,5.78,1.2552,10.6758,11.3333,15.4349,0.256,40.5641,47.3921,47.5315,0.0,0.0,0.0,6506.785,6.2501,5.3769,4.4952,5.7203,0.1862,0.1625,12.464,1.0,42881.0,1.3,0.0,0.0,8.0,5.214,5.3493114186851205,5.1959584775086505,12.464,0.0
6969,2018-09-17,SZSE:002091,0.743,5.63,5.0787,5.72,5.61,8843.4579,5.72,1.2227,10.3987,11.0392,15.0343,0.2493,40.3475,42.3187,42.4489,0.0,0.0,0.0,6271.1688,6.0237,5.1822,4.3324,5.5131,0.1794,0.1567,6.9248,1.0,42881.0,1.3,0.0,0.0,8.0,5.15988703374778,5.15988703374778,5.060658436944939,6.9248,0.0
6970,2018-09-18,SZSE:002091,0.743,5.74,5.1779,5.76,5.57,9016.243,5.63,1.2466,10.6019,11.2549,15.3281,0.2542,40.2716,46.8151,46.9305,0.0,0.0,0.0,6443.954,6.1897,5.325,4.4518,5.665,0.1844,0.161,8.2554,1.0,42881.0,1.3,0.0,0.0,8.0,5.078671951219512,5.195941463414634,5.02454756097561,8.2554,0.0
6971,2018-09-19,SZSE:002091,0.743,5.77,5.205,5.84,5.66,9063.3662,5.7,1.2531,10.6573,11.3137,15.4082,0.2555,35.0633,48.0055,48.1171,0.0,0.0,0.0,6491.0772,6.235,5.3639,4.4843,5.7064,0.1857,0.1621,9.4035,1.0,42881.0,1.3,0.0,0.0,8.0,5.141854419410746,5.268145580589255,5.1057712305026,9.4035,0.0
6972,2018-09-20,SZSE:002091,0.743,5.93,5.3493,6.15,5.86,9314.6901,5.89,1.2878,10.9528,11.6275,15.8355,0.2626,35.4871,53.9284,54.0219,0.0,0.0,0.0,6742.4011,6.4764,5.5716,4.658,5.9274,0.1929,0.1684,23.5544,1.0,42881.0,1.3,0.0,0.0,8.0,5.313217032040472,5.547756323777404,5.286154806070827,23.5544,0.0
6973,2018-09-21,SZSE:002091,0.7734,6.0,5.4125,6.08,5.83,9424.6443,5.86,1.303,11.0821,11.7647,16.0224,0.2657,34.7202,56.2751,56.3619,0.0,0.0,0.0,6852.3552,6.582,5.6625,4.7339,6.0241,0.1961,0.1712,17.8675,1.0,42881.0,1.3,0.0,0.0,8.0,5.286208333333333,5.484666666666667,5.259145833333333,17.8675,0.0
6974,2018-09-24,SZSE:002091,0.7734,0.0,5.4125,0.0,0.0,9424.6443,0.0,1.303,11.0821,11.7647,16.0224,0.2657,34.7202,56.2751,56.3619,0.0,0.0,0.0,6852.3552,6.582,5.6625,4.7339,6.0241,0.1961,0.1712,0.0,1.0,42881.0,1.3,0.0,0.0,8.0,0.0,0.0,0.0,0.0,0.0
6975,2018-09-25,SZSE:002091,0.7734,5.94,5.3584,5.95,5.89,9330.3978,5.93,1.29,10.9713,11.6471,15.8622,0.2631,34.6348,53.748,53.8329,0.0,0.0,0.0,6758.1088,6.4915,5.5846,4.6688,5.9412,0.1934,0.1688,7.625,1.0,42881.0,1.3,0.0,0.0,8.0,5.349379124579123,5.367420875420875,5.313295622895621,7.625,0.0
6976,2018-09-26,SZSE:002091,0.7734,5.92,5.3403,5.94,5.83,9298.9824,5.89,1.2856,10.9344,11.6078,15.8088,0.2622,34.1937,52.8953,52.9796,0.0,0.0,0.0,6726.6933,6.4613,5.5586,4.6471,5.9136,0.1925,0.168,10.3849,1.0,42881.0,1.3,0.0,0.0,8.0,5.3132376689189185,5.358341554054054,5.259113006756757,10.3849,0.0
6977,2018-09-27,SZSE:002091,0.7734,5.82,5.2501,5.91,5.81,9141.9049,5.88,1.2639,10.7497,11.4118,15.5417,0.2577,34.2,48.7323,48.813,0.0,0.0,0.0,6569.6159,6.3104,5.4288,4.5386,5.7755,0.188,0.1641,5.9156,1.0,42881.0,1.3,0.0,0.0,8.0,5.30422474226804,5.331287113402062,5.241079209621993,5.9156,0.0
6978,2018-09-28,SZSE:002091,0.7711,5.9,5.3223,5.92,5.82,9267.5669,5.82,1.2813,10.8974,11.5686,15.7554,0.2613,34.3044,51.9878,52.0611,0.0,0.0,0.0,6695.2778,6.4311,5.5327,4.6254,5.886,0.1916,0.1672,8.1151,1.0,42881.0,1.3,0.0,0.0,8.0,5.250133220338983,5.340341694915254,5.250133220338983,8.1151,0.0
6979,2018-10-01,SZSE:002091,0.7711,0.0,5.3223,0.0,0.0,9267.5669,0.0,1.2813,10.8974,11.5686,15.7554,0.2613,34.3044,51.9878,52.0611,0.0,0.0,0.0,6695.2778,6.4311,5.5327,4.6254,5.886,0.1916,0.1672,0.0,1.0,42881.0,1.3,0.0,0.0,8.0,0.0,0.0,0.0,0.0,0.0
6980,2018-10-02,SZSE:002091,0.7711,0.0,5.3223,0.0,0.0,9267.5669,0.0,1.2813,10.8974,11.5686,15.7554,0.2613,34.3044,51.9878,52.0611,0.0,0.0,0.0,6695.2778,6.4311,5.5327,4.6254,5.886,0.1916,0.1672,0.0,1.0,42881.0,1.3,0.0,0.0,8.0,0.0,0.0,0.0,0.0,0.0
6981,2018-10-03,SZSE:002091,0.7711,0.0,5.3223,0.0,0.0,9267.5669,0.0,1.2813,10.8974,11.5686,15.7554,0.2613,34.3044,51.9878,52.0611,0.0,0.0,0.0,6695.2778,6.4311,5.5327,4.6254,5.886,0.1916,0.1672,0.0,1.0,42881.0,1.3,0.0,0.0,8.0,0.0,0.0,0.0,0.0,0.0
6982,2018-10-04,SZSE:002091,0.7711,0.0,5.3223,0.0,0.0,9267.5669,0.0,1.2813,10.8974,11.5686,15.7554,0.2613,34.3044,51.9878,52.0611,0.0,0.0,0.0,6695.2778,6.4311,5.5327,4.6254,5.886,0.1916,0.1672,0.0,1.0,42881.0,1.3,0.0,0.0,8.0,0.0,0.0,0.0,0.0,0.0
6983,2018-10-05,SZSE:002091,0.7011,0.0,5.3223,0.0,0.0,9267.5669,0.0,1.2813,10.8974,11.5686,15.7554,0.2613,34.3044,51.9878,52.0611,0.0,0.0,0.0,6695.2778,6.4311,5.5327,4.6254,5.886,0.1916,0.1672,0.0,1.0,42881.0,1.3,0.0,0.0,8.0,0.0,0.0,0.0,0.0,0.0
6984,2018-10-08,SZSE:002091,0.7011,5.69,5.1328,5.88,5.67,8937.7043,5.81,1.2357,10.5096,11.1569,15.1946,0.252,33.5312,44.0758,44.1427,0.0,0.0,0.0,6365.4153,6.1143,5.2601,4.3975,5.596,0.1821,0.159,7.5553,1.0,42881.0,1.3,0.0,0.0,8.0,5.24104885764499,5.304194024604568,5.1147585237258335,7.5553,0.0
6985,2018-10-09,SZSE:002091,0.7011,5.76,5.196,5.78,5.68,9047.6585,5.7,1.2509,10.6389,11.2941,15.3815,0.2551,33.3826,46.9728,47.0346,0.0,0.0,0.0,6475.3695,6.2199,5.3509,4.4735,5.6926,0.1853,0.1618,3.1969,1.0,42881.0,1.3,0.0,0.0,8.0,5.141875,5.214041666666667,5.123833333333333,3.1969,0.0
6986,2018-10-10,SZSE:002091,0.7011,5.69,5.1328,5.79,5.62,8937.7043,5.73,1.2357,10.5096,11.1569,15.1946,0.252,33.1802,44.4908,44.5506,0.0,0.0,0.0,6365.4153,6.1143,5.2601,4.3975,5.596,0.1821,0.159,4.8586,1.0,42881.0,1.3,0.0,0.0,8.0,5.16888295254833,5.223007381370825,5.069654833040421,4.8586,0.0
6987,2018-10-11,SZSE:002091,0.7011,5.13,4.6277,5.55,5.12,8058.0709,5.51,1.1141,9.4752,10.0588,13.6991,0.2272,38.7411,30.5731,30.6193,0.0,0.0,0.0,5485.7818,5.2693,4.5332,3.7898,4.8227,0.157,0.137,12.581,1.0,42881.0,1.3,0.0,0.0,8.0,4.970492592592592,5.006576023391812,4.618679142300195,12.581,0.0
6988,2018-10-12,SZSE:002091,0.8039,4.99,4.5014,5.16,4.77,7838.1625,5.1,1.0837,9.2166,9.7843,13.3253,0.221,38.5924,28.1982,28.2416,0.0,0.0,0.0,5265.8735,5.0581,4.3515,3.6379,4.6293,0.1507,0.1315,11.592,1.0,42881.0,1.3,0.0,0.0,8.0,4.600629258517034,4.6547543086172345,4.302941482965932,11.592,0.0
6989,2018-10-15,SZSE:002091,0.8039,4.72,4.2578,5.05,4.68,7414.0535,5.0,1.025,8.7179,9.2549,12.6043,0.209,39.9744,24.2809,24.3194,0.0,0.0,0.0,4841.7645,4.6507,4.001,3.3449,4.2565,0.1385,0.1209,15.8891,1.0,42881.0,1.3,0.0,0.0,8.0,4.5103813559322035,4.555485169491525,4.221716949152542,15.8891,0.0
6990,2018-10-16,SZSE:002091,0.8039,4.69,4.2308,4.75,4.62,7366.9303,4.7,1.0185,8.6625,9.1961,12.5242,0.2077,39.9696,23.8838,23.9219,0.0,0.0,0.0,4794.6412,4.6055,3.9621,3.3124,4.2151,0.1372,0.1198,8.6763,1.0,42881.0,1.3,0.0,0.0,8.0,4.239820895522388,4.284925373134328,4.167653731343283,8.6763,0.0
6991,2018-10-17,SZSE:002091,0.8039,4.69,4.2308,4.8,4.54,7366.9303,4.76,1.0185,8.6625,9.1961,12.5242,0.2077,39.9475,23.8838,23.9219,0.0,0.0,0.0,4794.6412,4.6055,3.9621,3.3124,4.2151,0.1372,0.1198,8.5665,1.0,42881.0,1.3,0.0,0.0,8.0,4.293946268656716,4.330029850746268,4.095486567164179,8.5665,0.0
6992,2018-10-18,SZSE:002091,0.8039,4.56,4.1135,4.65,4.53,7162.7297,4.64,0.9903,8.4224,8.9412,12.177,0.2019,40.1467,22.0702,22.1058,0.0,0.0,0.0,4590.4406,4.4093,3.7933,3.1713,4.0356,0.1313,0.1147,5.6963,1.0,42881.0,1.3,0.0,0.0,8.0,4.185666666666667,4.194687500000001,4.086437500000001,5.6963,0.0
6993,2018-10-19,SZSE:002091,0.8123,4.69,4.2308,4.7,4.48,7366.9303,4.51,1.0185,8.6625,9.1961,12.5242,0.2077,40.7001,27.9613,27.9928,0.0,0.0,0.0,4794.6412,4.6055,3.9621,3.3124,4.2151,0.1372,0.1198,6.6439,1.0,42881.0,1.3,0.0,0.0,8.0,4.068423880597015,4.239820895522388,4.041361194029851,6.6439,0.0
6994,2018-10-22,SZSE:002091,0.8123,4.89,4.4112,4.98,4.7,7681.0851,4.71,1.062,9.0319,9.5882,13.0583,0.2166,41.6693,35.9796,36.0058,0.0,0.0,0.0,5108.7961,4.9072,4.2217,3.5294,4.4913,0.1462,0.1276,13.6168,1.0,42881.0,1.3,0.0,0.0,8.0,4.248824539877301,4.49238773006135,4.239803680981596,13.6168,0.0
6995,2018-10-23,SZSE:002091,0.8123,4.79,4.321,4.91,4.76,7524.0077,4.88,1.0402,8.8472,9.3922,12.7912,0.2121,41.5602,33.9451,33.9703,0.0,0.0,0.0,4951.7187,4.7564,4.0919,3.4209,4.3532,0.1417,0.1237,7.3629,1.0,42881.0,1.3,0.0,0.0,8.0,4.4021878914405015,4.429250521920668,4.293937369519832,7.3629,0.0
6996,2018-10-24,SZSE:002091,0.8123,4.79,4.321,4.87,4.74,7524.0077,4.74,1.0402,8.8472,9.3922,12.7912,0.2121,41.1191,33.9451,33.9703,0.0,0.0,0.0,4951.7187,4.7564,4.0919,3.4209,4.3532,0.1417,0.1237,6.0968,1.0,42881.0,1.3,0.0,0.0,8.0,4.275895615866388,4.393167014613779,4.275895615866388,6.0968,0.0
6997,2018-10-25,SZSE:002091,0.8123,4.79,4.321,4.81,4.62,7524.0077,4.64,1.0402,8.8472,9.3922,12.7912,0.2121,41.1333,33.9451,33.9703,0.0,0.0,0.0,4951.7187,4.7564,4.0919,3.4209,4.3532,0.1417,0.1237,6.7153,1.0,42881.0,1.3,0.0,0.0,8.0,4.185686847599165,4.3390417536534445,4.16764509394572,6.7153,0.0
6998,2018-10-26,SZSE:002091,0.6835,5.07,4.5735,5.27,4.82,7963.8244,4.82,1.0573,8.7423,9.9412,13.1214,0.2081,43.0307,44.8506,44.8697,0.0,0.0,0.0,8284.8468,5.9169,5.3155,5.7236,7.2834,0.216,0.207,13.1544,1.0,42881.0,1.3,0.0,0.0,8.0,4.34798224852071,4.753914201183431,4.34798224852071,13.1544,0.0
6999,2018-10-29,SZSE:002091,0.6835,5.0,4.5104,5.06,4.93,7853.8702,5.0,1.0427,8.6216,9.434,12.9403,0.2052,42.9959,42.9419,42.9605,0.0,0.0,0.0,8174.8926,5.8384,5.2449,5.4336,4.8272,0.2132,0.2039,9.8009,1.0,42881.0,1.3,0.0,0.0,8.0,4.5104,4.5645248,4.447254399999999,9.8009,0.0
7000,2018-10-30,SZSE:002091,0.6835,5.1,4.6006,5.19,5.0,8010.9476,5.01,1.0635,8.794,9.6226,13.1991,0.2093,43.2615,46.4481,46.465,0.0,0.0,0.0,8331.97,5.9506,5.3457,5.538,4.92,0.2173,0.2078,10.4751,1.0,42881.0,1.3,0.0,0.0,8.0,4.519412941176471,4.68178705882353,4.510392156862745,10.4751,0.0
7001,2018-10-31,SZSE:002091,0.6835,5.23,4.7179,5.27,5.1,8215.1483,5.12,1.0906,9.0182,9.8679,13.5355,0.2146,43.6473,50.6902,50.7052,0.0,0.0,0.0,8536.1707,6.0964,5.4767,5.6738,5.0406,0.2226,0.2129,10.2964,1.0,42881.0,1.3,0.0,0.0,8.0,4.618670745697897,4.753983365200765,4.600629063097514,10.2964,0.0
7002,2018-11-01,SZSE:002091,0.6835,5.14,4.6367,5.27,5.13,8073.7786,5.25,1.0719,8.863,9.6981,13.3026,0.2109,43.7137,47.8634,47.878,0.0,0.0,0.0,8394.801,5.9955,5.386,5.5798,4.9571,0.2189,0.2093,8.5939,1.0,42881.0,1.3,0.0,0.0,8.0,4.735928988326849,4.753970622568093,4.627679182879378,8.5939,0.0
7003,2018-11-02,SZSE:002091,0.7282,5.27,4.754,5.31,5.15,8277.9792,5.2,1.099,9.0872,9.9434,13.639,0.2163,43.4497,52.0251,52.038,0.0,0.0,0.0,8599.0016,6.1413,5.517,5.7155,5.0777,0.2242,0.2144,9.4337,1.0,42881.0,1.3,0.0,0.0,8.0,4.690853889943074,4.7900834914611,4.645749525616699,9.4337,0.0
7004,2018-11-05,SZSE:002091,0.7282,5.36,4.8351,5.46,5.25,8419.3489,5.27,1.1177,9.2424,10.1132,13.872,0.22,43.1762,54.7198,54.7317,0.0,0.0,0.0,8740.3713,6.2423,5.6077,5.8095,5.1611,0.2279,0.218,9.6889,1.0,42881.0,1.3,0.0,0.0,8.0,4.753913619402984,4.925307089552238,4.735872201492537,9.6889,0.0
7005,2018-11-06,SZSE:002091,0.7282,5.41,4.8803,5.43,5.3,8497.8876,5.36,1.1282,9.3286,10.2076,14.0014,0.222,43.154,56.192,56.2034,0.0,0.0,0.0,8818.91,6.2984,5.6581,5.8617,5.2075,0.23,0.2199,8.0993,1.0,42881.0,1.3,0.0,0.0,8.0,4.835195563770795,4.898341774491682,4.781070240295748,8.0993,0.0
7006,2018-11-07,SZSE:002091,0.7282,5.43,4.8983,5.53,5.35,8529.3031,5.4,1.1323,9.3631,10.2453,14.0531,0.2228,42.852,56.7971,56.8082,0.0,0.0,0.0,8850.3255,6.3208,5.6783,5.8826,5.2261,0.2308,0.2207,9.033,1.0,42881.0,1.3,0.0,0.0,8.0,4.871237569060774,4.988508103130756,4.826133517495396,9.033,0.0
7007,2018-11-08,SZSE:002091,0.7282,5.41,4.8803,5.52,5.4,8497.8876,5.5,1.1282,9.3286,10.2076,14.0014,0.222,42.7983,55.9647,55.9757,0.0,0.0,0.0,8818.91,6.2984,5.6581,5.8617,5.2075,0.23,0.2199,6.5481,1.0,42881.0,1.3,0.0,0.0,8.0,4.961487985212569,4.979529759704251,4.871279112754159,6.5481,0.0
7008,2018-11-09,SZSE:002091,0.6965,5.38,4.8532,5.43,5.31,8450.7644,5.43,1.1219,9.2768,10.1509,13.9237,0.2208,42.6069,54.6703,54.6812,0.0,0.0,0.0,8771.7868,6.2647,5.6279,5.8304,5.1797,0.2287,0.2187,6.189,1.0,42881.0,1.3,0.0,0.0,8.0,4.898304089219331,4.898304089219331,4.7900542750929365,6.189,0.0
7009,2018-11-12,SZSE:002091,0.6965,5.53,4.9885,5.53,5.38,8686.3805,5.38,1.1532,9.5355,10.434,14.3119,0.2269,43.018,59.6904,59.6996,0.0,0.0,0.0,9007.4029,6.433,5.7791,5.987,5.3188,0.2349,0.2246,6.7581,1.0,42881.0,1.3,0.0,0.0,8.0,4.853188065099458,4.9885,4.853188065099458,6.7581,0.0
7010,2018-11-13,SZSE:002091,0.6965,5.59,5.0426,5.69,5.46,8780.6269,5.48,1.1657,9.6389,10.5472,14.4672,0.2294,43.0829,61.5259,61.5345,0.0,0.0,0.0,9101.6493,6.5003,5.8395,6.0496,5.3745,0.2373,0.227,9.6484,1.0,42881.0,1.3,0.0,0.0,8.0,4.943371735241503,5.132807513416816,4.9253302325581405,9.6484,0.0
7011,2018-11-14,SZSE:002091,0.6965,5.6,5.0516,5.72,5.57,8796.3347,5.57,1.1678,9.6562,10.566,14.4931,0.2298,43.0829,61.8378,61.8463,0.0,0.0,0.0,9117.357,6.5115,5.8496,6.0601,5.3837,0.2377,0.2274,6.6808,1.0,42881.0,1.3,0.0,0.0,8.0,5.024537857142858,5.1598485714285705,5.024537857142858,6.6808,0.0
7012,2018-11-15,SZSE:002091,0.6965,5.73,5.1689,5.74,5.62,9000.5353,5.62,1.1949,9.8804,10.8113,14.8295,0.2352,43.2157,65.7274,65.7348,0.0,0.0,0.0,9321.5577,6.6574,5.9806,6.1958,5.5043,0.2431,0.2325,7.0105,1.0,42881.0,1.3,0.0,0.0,8.0,5.069671553228621,5.177920767888307,5.069671553228621,7.0105,0.0
7013,2018-11-16,SZSE:002091,0.7295,5.65,5.0968,5.85,5.58,8874.8734,5.74,1.1782,9.7424,10.6604,14.6225,0.2319,43.309,61.5686,61.5758,0.0,0.0,0.0,9195.8957,6.5676,5.9,6.1123,5.4301,0.2398,0.2293,21.9979,1.0,42881.0,1.3,0.0,0.0,8.0,5.17798796460177,5.2772176991150435,5.033653805309735,21.9979,0.0
7014,2018-11-19,SZSE:002091,0.7295,5.68,5.1238,5.69,5.54,8921.9966,5.63,1.1845,9.7941,10.717,14.7001,0.2331,43.0718,62.5262,62.5331,0.0,0.0,0.0,9243.019,6.6013,5.9302,6.1436,5.4579,0.241,0.2305,15.0828,1.0,42881.0,1.3,0.0,0.0,8.0,5.078696126760564,5.132820774647888,4.997509154929578,15.0828,0.0
7015,2018-11-20,SZSE:002091,0.7295,5.44,4.9073,5.69,5.42,8545.0108,5.64,1.1344,9.3803,10.2642,14.079,0.2233,43.9683,51.4762,51.4826,0.0,0.0,0.0,8866.0332,6.332,5.6884,5.893,5.2353,0.2312,0.2211,11.3214,1.0,42881.0,1.3,0.0,0.0,8.0,5.08771544117647,5.1328193014705885,4.889258455882353,11.3214,0.0
7016,2018-11-21,SZSE:002091,0.7295,5.58,5.0336,5.6,5.35,8764.9192,5.35,1.1636,9.6217,10.5283,14.4413,0.229,44.2102,56.325,56.3305,0.0,0.0,0.0,9085.9416,6.4891,5.8295,6.0392,5.3652,0.2369,0.2266,9.0712,1.0,42881.0,1.3,0.0,0.0,8.0,4.826121863799282,5.0516415770609315,4.826121863799282,9.0712,0.0
7017,2018-11-22,SZSE:002091,0.7295,5.6,5.0516,5.68,5.59,8796.3347,5.59,1.1678,9.6562,10.566,14.4931,0.2298,44.166,56.9863,56.9916,0.0,0.0,0.0,9117.357,6.5115,5.8496,6.0601,5.3837,0.2377,0.2274,7.0534,1.0,42881.0,1.3,0.0,0.0,8.0,5.042579285714285,5.123765714285714,5.042579285714285,7.0534,0.0
7018,2018-11-23,SZSE:002091,0.766,5.3,4.781,5.65,5.3,8325.1024,5.63,1.1052,9.1389,10.0,13.7167,0.2175,45.483,45.7877,45.7925,0.0,0.0,0.0,8646.1248,6.175,5.5473,5.7468,5.1055,0.2255,0.2156,8.9235,1.0,42881.0,1.3,0.0,0.0,8.0,5.078684905660378,5.09672641509434,4.781,8.9235,0.0
7019,2018-11-26,SZSE:002091,0.766,5.33,4.8081,5.41,5.29,8372.2257,5.31,1.1115,9.1906,10.0566,13.7943,0.2187,45.1573,46.9112,46.9159,0.0,0.0,0.0,8693.2481,6.2086,5.5775,5.7782,5.1333,0.2267,0.2168,5.3916,1.0,42881.0,1.3,0.0,0.0,8.0,4.790058348968104,4.880266604127579,4.77201669793621,5.3916,0.0
7020,2018-11-27,SZSE:002091,0.766,5.42,4.8893,5.49,5.33,8513.5953,5.36,1.1302,9.3458,11.0612,14.0272,0.2224,45.2933,50.2427,50.247,0.0,0.0,0.0,8834.6177,6.3096,5.6682,6.177,5.3829,0.2304,0.213,5.9754,1.0,42881.0,1.3,0.0,0.0,8.0,4.835174907749078,4.952445940959411,4.808112361623617,5.9754,0.0
7021,2018-11-28,SZSE:002091,0.766,5.52,4.9795,5.53,5.33,8670.6727,5.42,1.1511,9.5182,11.2653,14.2861,0.2265,45.4625,53.7181,53.7219,0.0,0.0,0.0,8991.6951,6.4218,5.769,6.2868,5.4786,0.2345,0.2168,8.0063,1.0,42881.0,1.3,0.0,0.0,8.0,4.889291666666667,4.988520833333334,4.808104166666666,8.0063,0.0
7022,2018-11-29,SZSE:002091,0.766,5.4,4.8712,5.61,5.38,8482.1798,5.54,1.1261,9.3113,11.0204,13.9755,0.2216,45.6095,49.2708,49.2744,0.0,0.0,0.0,8803.2022,6.2872,5.648,6.155,5.3637,0.2295,0.2123,9.5454,1.0,42881.0,1.3,0.0,0.0,8.0,4.99749037037037,5.060635555555556,4.853158518518518,9.5454,0.0
7023,2018-11-30,SZSE:002091,0.7992,5.55,5.0065,5.65,5.34,8717.796,5.35,1.1573,9.57,11.3265,14.3637,0.2278,45.8767,54.3575,54.3606,0.0,0.0,0.0,9038.8183,6.4554,5.7992,6.3198,5.5073,0.2357,0.218,13.9096,1.0,42881.0,1.3,0.0,0.0,8.0,4.826085585585585,5.096707207207207,4.817064864864865,13.9096,0.0
7024,2018-12-03,SZSE:002091,0.7992,5.73,5.1689,5.84,5.65,9000.5353,5.75,1.1949,9.8804,11.6939,14.8295,0.2352,46.6926,59.5935,59.5961,0.0,0.0,0.0,9321.5577,6.6574,5.9806,6.5174,5.6796,0.2431,0.2248,20.8705,1.0,42881.0,1.3,0.0,0.0,8.0,5.186941535776614,5.268128446771377,5.096733856893542,20.8705,0.0
7025,2018-12-04,SZSE:002091,0.7992,5.66,5.1058,5.73,5.57,8890.5811,5.69,1.1803,9.7597,11.551,14.6484,0.2323,46.7638,56.8616,56.8642,0.0,0.0,0.0,9211.6035,6.5788,5.9101,6.4406,5.6126,0.2402,0.2221,17.4539,1.0,42881.0,1.3,0.0,0.0,8.0,5.132862544169612,5.168945936395761,5.024612367491167,17.4539,0.0
7026,2018-12-05,SZSE:002091,0.7992,5.54,4.9975,5.6,5.5,8702.0882,5.55,1.1553,9.5527,11.3061,14.3378,0.2274,42.5453,52.4249,52.4274,0.0,0.0,0.0,9023.1106,6.4442,5.7891,6.3088,5.4977,0.2353,0.2176,13.8437,1.0,42881.0,1.3,0.0,0.0,8.0,5.006520758122743,5.051624548736461,4.961416967509025,13.8437,0.0
7027,2018-12-06,SZSE:002091,0.7992,5.32,4.7991,5.52,5.31,8356.5179,5.51,1.1094,9.1734,10.8571,13.7684,0.2183,42.8141,45.4267,45.429,0.0,0.0,0.0,8677.5403,6.1974,5.5674,6.0672,5.2872,0.2263,0.2092,15.1857,1.0,42881.0,1.3,0.0,0.0,8.0,4.970496428571428,4.979517293233082,4.790079135338345,15.1857,0.0
7028,2018-12-07,SZSE:002091,0.7955,5.47,4.9344,5.5,5.32,8592.134,5.32,1.1407,9.432,11.1633,14.1566,0.2245,42.92,50.2983,50.3003,0.0,0.0,0.0,8913.1564,6.3657,5.7186,6.2319,5.4307,0.2324,0.2149,10.9747,1.0,42881.0,1.3,0.0,0.0,8.0,4.799087385740402,4.96146252285192,4.799087385740402,10.9747,0.0
7029,2018-12-10,SZSE:002091,0.7955,5.37,4.8442,5.46,5.33,8435.0566,5.41,1.1198,9.2596,10.9592,13.8978,0.2204,42.5532,47.2689,47.2708,0.0,0.0,0.0,8756.079,6.2535,5.6178,6.1221,5.335,0.2283,0.2111,6.7441,1.0,42881.0,1.3,0.0,0.0,8.0,4.880283426443203,4.9253877094972065,4.808116573556797,6.7441,0.0
7030,2018-12-11,SZSE:002091,0.7955,5.41,4.8803,5.45,5.38,8497.8876,5.39,1.1282,9.3286,11.0408,14.0014,0.222,42.5216,48.6024,48.6043,0.0,0.0,0.0,8818.91,6.2984,5.6581,6.166,5.3733,0.23,0.2127,4.1248,1.0,42881.0,1.3,0.0,0.0,8.0,4.8622582255083175,4.916383548983364,4.853237338262477,4.1248,0.0
7031,2018-12-12,SZSE:002091,0.7955,5.68,5.1238,5.77,5.4,8921.9966,5.41,1.1845,9.7941,11.5918,14.7001,0.2331,43.6742,56.5836,56.5851,0.0,0.0,0.0,9243.019,6.6013,5.9302,6.4625,5.6317,0.241,0.2229,18.9318,1.0,42881.0,1.3,0.0,0.0,8.0,4.880239084507043,5.204986971830986,4.871218309859155,18.9318,0.0
7032,2018-12-13,SZSE:002091,0.7955,5.64,5.0877,5.69,5.52,8859.1656,5.63,1.1761,9.7252,11.5102,14.5966,0.2315,43.6884,55.2157,55.2171,0.0,0.0,0.0,9180.188,6.5564,5.8899,6.4186,5.5934,0.2394,0.2214,20.0704,1.0,42881.0,1.3,0.0,0.0,8.0,5.078679255319149,5.132803723404256,4.979451063829787,20.0704,0.0
7033,2018-12-14,SZSE:002091,0.7878,5.41,4.8803,5.61,5.35,8497.8876,5.6,1.1282,9.3286,11.0408,14.0014,0.222,44.5043,48.026,48.0274,0.0,0.0,0.0,8818.91,6.2984,5.6581,6.166,5.3733,0.23,0.2127,11.8993,1.0,42881.0,1.3,0.0,0.0,8.0,5.051696857670979,5.060717744916821,4.826174676524953,11.8993,0.0
7034,2018-12-17,SZSE:002091,0.7878,5.32,4.7991,5.4,5.23,8356.5179,5.38,1.1094,9.1734,10.8571,13.7684,0.2183,44.3162,45.5279,45.5292,0.0,0.0,0.0,8677.5403,6.1974,5.5674,6.0672,5.2872,0.2263,0.2092,8.888,1.0,42881.0,1.3,0.0,0.0,8.0,4.853225187969925,4.871266917293234,4.717912218045113,8.888,0.0
7035,2018-12-18,SZSE:002091,0.7878,5.34,4.8171,5.36,5.21,8387.9334,5.25,1.1136,9.2079,10.898,13.8202,0.2191,44.1233,46.1976,46.1989,0.0,0.0,0.0,8708.9558,6.2198,5.5876,6.0891,5.3063,0.2271,0.21,7.9033,1.0,42881.0,1.3,0.0,0.0,8.0,4.735912921348315,4.835141573033708,4.699829775280899,7.9033,0.0
7036,2018-12-19,SZSE:002091,0.7878,5.3,4.781,5.39,5.28,8325.1024,5.32,1.1052,9.1389,10.8163,13.7167,0.2175,44.1217,45.0058,45.007,0.0,0.0,0.0,8646.1248,6.175,5.5473,6.0452,5.268,0.2255,0.2085,7.3387,1.0,42881.0,1.3,0.0,0.0,8.0,4.799041509433962,4.862186792452829,4.762958490566038,7.3387,0.0
7037,2018-12-20,SZSE:002091,0.7878,5.45,4.9163,5.47,5.29,8560.7186,5.31,1.1365,9.3975,11.1225,14.1049,0.2237,44.1375,50.1949,50.196,0.0,0.0,0.0,8881.7409,6.3432,5.6984,6.2099,5.4116,0.2316,0.2142,11.331,1.0,42881.0,1.3,0.0,0.0,8.0,4.790009724770641,4.934341467889907,4.771968256880734,11.331,0.0
7038,2018-12-21,SZSE:002091,0.7976,5.45,4.9163,5.48,5.39,8560.7186,5.41,1.1365,9.3975,11.1225,14.1049,0.2237,44.0521,50.1949,50.196,0.0,0.0,0.0,8881.7409,6.3432,5.6984,6.2099,5.4116,0.2316,0.2142,8.2283,1.0,42881.0,1.3,0.0,0.0,8.0,4.880217064220183,4.943362201834862,4.862175596330275,8.2283,0.0
7039,2018-12-24,SZSE:002091,0.7976,5.59,5.0426,5.63,5.42,8780.6269,5.45,1.1657,9.6389,11.4082,14.4672,0.2294,44.0236,54.8105,54.8114,0.0,0.0,0.0,9101.6493,6.5003,5.8395,6.3637,5.5456,0.2373,0.2195,8.6999,1.0,42881.0,1.3,0.0,0.0,8.0,4.916309481216459,5.0786830053667265,4.889247227191413,8.6999,0.0
7040,2018-12-25,SZSE:002091,0.7976,5.65,5.0968,5.68,5.5,8874.8734,5.54,1.1782,9.7424,11.5306,14.6225,0.2319,44.0489,56.664,56.6649,0.0,0.0,0.0,9195.8957,6.5676,5.9,6.4296,5.603,0.2398,0.2217,12.9242,1.0,42881.0,1.3,0.0,0.0,8.0,4.997570265486726,5.123862654867256,4.9614867256637165,12.9242,0.0
7041,2018-12-26,SZSE:002091,0.7976,5.62,5.0697,5.79,5.59,8827.7501,5.63,1.1719,9.6907,11.4694,14.5449,0.2306,44.0569,55.4396,55.4405,0.0,0.0,0.0,9148.7725,6.534,5.8698,6.3966,5.5743,0.2386,0.2206,14.4811,1.0,42881.0,1.3,0.0,0.0,8.0,5.078720818505339,5.223053914590747,5.042637544483986,14.4811,0.0
7042,2018-12-27,SZSE:002091,0.7976,5.57,5.0246,5.75,5.57,8749.2114,5.72,1.1615,9.6045,11.3674,14.4155,0.2286,43.9604,53.3696,53.3705,0.0,0.0,0.0,9070.2338,6.4779,5.8194,6.3417,5.5264,0.2365,0.2187,10.4655,1.0,42881.0,1.3,0.0,0.0,8.0,5.159912387791742,5.18697486535009,5.0246,10.4655,0.0
7043,2018-12-28,SZSE:002091,0.7954,5.6,5.0516,5.67,5.51,8796.3347,5.58,1.1678,9.6562,11.4286,14.4931,0.2298,43.8782,54.4681,54.4689,0.0,0.0,0.0,9117.357,6.5115,5.8496,6.3747,5.5551,0.2377,0.2199,7.8108,1.0,42881.0,1.3,0.0,0.0,8.0,5.033558571428571,5.114744999999999,4.970413571428572,7.8108,0.0
7044,2018-12-31,SZSE:002091,0.7954,0.0,5.0516,0.0,0.0,8796.3347,0.0,1.1678,9.6562,11.4286,14.4931,0.2298,43.8782,54.4681,54.4689,0.0,0.0,0.0,9117.357,6.5115,5.8496,6.3747,5.5551,0.2377,0.2199,0.0,1.0,42881.0,1.3,0.0,0.0,8.0,0.0,0.0,0.0,0.0,0.0
7045,2019-01-01,SZSE:002091,0.7954,0.0,5.0516,0.0,0.0,8796.3347,0.0,1.1678,9.6562,11.4286,14.4931,0.2298,43.8782,54.4681,54.4689,0.0,0.0,0.0,9117.357,6.5115,5.8496,6.3747,5.5551,0.2377,0.2199,0.0,1.0,42881.0,1.3,0.0,0.0,8.0,0.0,0.0,0.0,0.0,0.0
7046,2019-01-02,SZSE:002091,0.7954,5.52,4.9795,5.68,5.5,8670.6727,5.6,1.1511,9.5182,11.2653,14.2861,0.2265,43.5983,51.0167,51.0175,0.0,0.0,0.0,8991.6951,6.4218,5.769,6.2868,5.4786,0.2345,0.2168,6.8061,1.0,42881.0,1.3,0.0,0.0,8.0,5.051666666666667,5.123833333333334,4.961458333333334,6.8061,0.0
7047,2019-01-03,SZSE:002091,0.7954,5.59,5.0426,5.7,5.54,8780.6269,5.55,1.1657,9.6389,11.4082,14.4672,0.2294,43.3264,53.7767,53.7774,0.0,0.0,0.0,9101.6493,6.5003,5.8395,6.3637,5.5456,0.2373,0.2195,7.5848,1.0,42881.0,1.3,0.0,0.0,8.0,5.006516994633274,5.141828264758497,4.997496243291592,7.5848,0.0
7048,2019-01-04,SZSE:002091,0.8085,5.78,5.214,5.81,5.46,9079.074,5.5,1.2053,9.9666,11.7959,14.9589,0.2372,43.5145,60.3131,60.3137,0.0,0.0,0.0,9400.0964,6.7134,6.031,6.5723,5.7274,0.2451,0.2267,15.2632,1.0,42881.0,1.3,0.0,0.0,8.0,4.9614186851211075,5.241062283737024,4.9253356401384085,15.2632,0.0
7049,2019-01-07,SZSE:002091,0.8085,5.85,5.2772,5.87,5.7,9189.0282,5.79,1.2199,10.0873,11.9388,15.1401,0.2401,43.2378,62.4215,62.4221,0.0,0.0,0.0,9510.0506,6.792,6.1016,6.6492,5.7944,0.248,0.2293,16.241,1.0,42881.0,1.3,0.0,0.0,8.0,5.223074871794871,5.295241709401709,5.141887179487179,16.241,0.0
7050,2019-01-08,SZSE:002091,0.8085,5.73,5.1689,5.82,5.71,9000.5353,5.81,1.1949,9.8804,11.6939,14.8295,0.2352,42.8299,56.8462,56.8467,0.0,0.0,0.0,9321.5577,6.6574,5.9806,6.5174,5.6796,0.2431,0.2248,9.793,1.0,42881.0,1.3,0.0,0.0,8.0,5.2410661431064565,5.2500869109947645,5.1508584642233854,9.793,0.0
7051,2019-01-09,SZSE:002091,0.8085,5.7,5.1419,5.82,5.68,8953.4121,5.74,1.1886,9.8286,11.6327,14.7519,0.2339,42.773,55.5113,55.5118,0.0,0.0,0.0,9274.4345,6.6237,5.9504,6.4845,5.6508,0.2418,0.2236,11.1959,1.0,42881.0,1.3,0.0,0.0,8.0,5.17798350877193,5.25015052631579,5.123858245614034,11.1959,0.0
7052,2019-01-10,SZSE:002091,0.8085,5.64,5.0877,5.74,5.63,8859.1656,5.67,1.1761,9.7252,11.5102,14.5966,0.2315,42.7556,52.8388,52.8393,0.0,0.0,0.0,9180.188,6.5564,5.8899,6.4186,5.5934,0.2394,0.2214,7.6243,1.0,42881.0,1.3,0.0,0.0,8.0,5.114762234042554,5.177907446808511,5.078679255319149,7.6243,0.0
7053,2019-01-11,SZSE:002091,0.7727,5.75,5.187,5.76,5.59,9031.9508,5.65,1.1991,9.9148,11.7347,14.8813,0.236,37.5347,56.9324,56.9329,0.0,0.0,0.0,9352.9732,6.6798,6.0008,6.5394,5.6987,0.2439,0.2255,9.1085,1.0,42881.0,1.3,0.0,0.0,8.0,5.096791304347827,5.196020869565217,5.042666086956522,9.1085,0.0
7054,2019-01-14,SZSE:002091,0.7727,5.77,5.205,5.81,5.71,9063.3662,5.75,1.2032,9.9493,11.7755,14.9331,0.2368,37.0666,57.6522,57.6526,0.0,0.0,0.0,9384.3886,6.7022,6.0209,6.5614,5.7178,0.2447,0.2263,7.0765,1.0,42881.0,1.3,0.0,0.0,8.0,5.186958405545927,5.241083188908146,5.1508752166377825,7.0765,0.0
7055,2019-01-15,SZSE:002091,0.7727,5.98,5.3944,6.14,5.72,9393.2288,5.76,1.247,10.3114,12.2041,15.4766,0.2454,35.7812,64.3828,64.3832,0.0,0.0,0.0,9714.2512,6.9378,6.2326,6.792,5.9188,0.2533,0.2342,18.9562,1.0,42881.0,1.3,0.0,0.0,8.0,5.19594381270903,5.538731772575251,5.159860869565217,18.9562,0.0
7056,2019-01-16,SZSE:002091,0.7727,5.88,5.3042,5.97,5.83,9236.1514,5.97,1.2262,10.139,12.0,15.2178,0.2413,35.9567,59.5307,59.531,0.0,0.0,0.0,9557.1738,6.8256,6.1318,6.6822,5.8231,0.2492,0.2305,13.0294,1.0,42881.0,1.3,0.0,0.0,8.0,5.385386734693878,5.385386734693878,5.259096258503401,13.0294,0.0
7057,2019-01-17,SZSE:002091,0.7727,5.73,5.1689,5.87,5.72,9000.5353,5.86,1.1949,9.8804,11.6939,14.8295,0.2352,36.4184,53.0699,53.0702,0.0,0.0,0.0,9321.5577,6.6574,5.9806,6.5174,5.6796,0.2431,0.2248,7.5765,1.0,42881.0,1.3,0.0,0.0,8.0,5.286169982547993,5.2951907504363,5.159879232111692,7.5765,0.0
7058,2019-01-18,SZSE:002091,0.8051,5.76,5.196,5.8,5.66,9047.6585,5.72,1.2011,9.9321,11.7551,14.9072,0.2364,35.8745,54.1419,54.1422,0.0,0.0,0.0,9368.6809,6.691,6.0109,6.5504,5.7083,0.2443,0.2259,6.5978,1.0,42881.0,1.3,0.0,0.0,8.0,5.159916666666667,5.232083333333333,5.105791666666667,6.5978,0.0
7059,2019-01-21,SZSE:002091,0.8051,5.77,5.205,5.81,5.73,9063.3662,5.76,1.2032,9.9493,11.7755,14.9331,0.2368,35.5393,54.5148,54.5151,0.0,0.0,0.0,9384.3886,6.7022,6.0209,6.5614,5.7178,0.2447,0.2263,4.9923,1.0,42881.0,1.3,0.0,0.0,8.0,5.195979202772964,5.241083188908146,5.168916811091855,4.9923,0.0
7060,2019-01-22,SZSE:002091,0.8051,5.66,5.1058,5.88,5.63,8890.5811,5.77,1.1803,9.7597,11.551,14.6484,0.2323,34.9558,49.7242,49.7245,0.0,0.0,0.0,9211.6035,6.5788,5.9101,6.4406,5.6126,0.2402,0.2221,9.8942,1.0,42881.0,1.3,0.0,0.0,8.0,5.205029328621908,5.304258657243817,5.078737455830389,9.8942,0.0
7061,2019-01-23,SZSE:002091,0.8051,5.7,5.1419,5.72,5.64,8953.4121,5.66,1.1886,9.8286,11.6327,14.7519,0.2339,34.6617,51.3968,51.3971,0.0,0.0,0.0,9274.4345,6.6237,5.9504,6.4845,5.6508,0.2418,0.2236,3.9777,1.0,42881.0,1.3,0.0,0.0,8.0,5.10581649122807,5.159941754385964,5.087774736842105,3.9777,0.0
7062,2019-01-24,SZSE:002091,0.8051,5.82,5.2501,5.82,5.61,9141.9049,5.68,1.2137,10.0355,11.8776,15.0625,0.2388,34.8404,56.1138,56.114,0.0,0.0,0.0,9462.9273,6.7583,6.0713,6.6163,5.7657,0.2468,0.2282,9.1304,1.0,42881.0,1.3,0.0,0.0,8.0,5.1238089347079026,5.2501,5.060663402061856,9.1304,0.0
7063,2019-01-25,SZSE:002091,0.8196,5.88,5.3042,6.0,5.76,9236.1514,5.8,1.2262,10.139,12.0,15.2178,0.2413,34.8641,58.2933,58.2936,0.0,0.0,0.0,9557.1738,6.8256,6.1318,6.6822,5.8231,0.2492,0.2305,15.8007,1.0,42881.0,1.3,0.0,0.0,8.0,5.232034013605442,5.4124489795918365,5.195951020408163,15.8007,0.0
7064,2019-01-28,SZSE:002091,0.8196,5.8,5.2321,5.93,5.78,9110.4895,5.88,1.2095,10.0011,11.8367,15.0107,0.238,33.313,54.4131,54.4133,0.0,0.0,0.0,9431.5119,6.7359,6.0512,6.5943,5.7465,0.2459,0.2274,7.8246,1.0,42881.0,1.3,0.0,0.0,8.0,5.304266896551725,5.349371206896552,5.21405827586207,7.8246,0.0
7065,2019-01-29,SZSE:002091,0.8196,5.62,5.0697,5.79,5.58,8827.7501,5.78,1.1719,9.6907,11.4694,14.5449,0.2306,33.8269,46.8557,46.8559,0.0,0.0,0.0,9148.7725,6.534,5.8698,6.3966,5.5743,0.2386,0.2206,8.3653,1.0,42881.0,1.3,0.0,0.0,8.0,5.21403309608541,5.223053914590747,5.033616725978648,8.3653,0.0
7066,2019-01-30,SZSE:002091,0.8196,5.5,4.9614,5.66,5.48,8639.2573,5.6,1.1469,9.4838,11.2245,14.2343,0.2257,33.9423,42.6072,42.6073,0.0,0.0,0.0,8960.2796,6.3993,5.7488,6.2648,5.4594,0.2336,0.2161,6.247,1.0,42881.0,1.3,0.0,0.0,8.0,5.0516072727272725,5.105731636363636,4.943358545454546,6.247,0.0
7067,2019-01-31,SZSE:002091,0.8196,5.54,4.9975,5.63,5.51,8702.0882,5.51,1.1553,9.5527,11.3061,14.3378,0.2274,33.6229,44.4164,44.4165,0.0,0.0,0.0,9023.1106,6.4442,5.7891,6.3088,5.4977,0.2353,0.2176,6.0449,1.0,42881.0,1.3,0.0,0.0,8.0,4.9704377256317684,5.078686823104693,4.9704377256317684,6.0449,0.0
7068,2019-02-01,SZSE:002091,0.7581,5.63,5.0787,5.66,5.52,8843.4579,5.52,1.174,9.7079,11.4898,14.5707,0.231,33.5533,48.3608,48.3609,0.0,0.0,0.0,9164.4803,6.5452,5.8798,6.4076,5.5838,0.239,0.221,5.5811,1.0,42881.0,1.3,0.0,0.0,8.0,4.9794714031971585,5.105762344582594,4.9794714031971585,5.5811,0.0
7069,2019-02-04,SZSE:002091,0.7581,0.0,5.0787,0.0,0.0,8843.4579,0.0,1.174,9.7079,11.4898,14.5707,0.231,33.5533,48.3608,48.3609,0.0,0.0,0.0,9164.4803,6.5452,5.8798,6.4076,5.5838,0.239,0.221,0.0,1.0,42881.0,1.3,0.0,0.0,8.0,0.0,0.0,0.0,0.0,0.0
7070,2019-02-05,SZSE:002091,0.7581,0.0,5.0787,0.0,0.0,8843.4579,0.0,1.174,9.7079,11.4898,14.5707,0.231,33.5533,48.3608,48.3609,0.0,0.0,0.0,9164.4803,6.5452,5.8798,6.4076,5.5838,0.239,0.221,0.0,1.0,42881.0,1.3,0.0,0.0,8.0,0.0,0.0,0.0,0.0,0.0
7071,2019-02-06,SZSE:002091,0.7581,0.0,5.0787,0.0,0.0,8843.4579,0.0,1.174,9.7079,11.4898,14.5707,0.231,33.5533,48.3608,48.3609,0.0,0.0,0.0,9164.4803,6.5452,5.8798,6.4076,5.5838,0.239,0.221,0.0,1.0,42881.0,1.3,0.0,0.0,8.0,0.0,0.0,0.0,0.0,0.0
7072,2019-02-07,SZSE:002091,0.7581,0.0,5.0787,0.0,0.0,8843.4579,0.0,1.174,9.7079,11.4898,14.5707,0.231,33.5533,48.3608,48.3609,0.0,0.0,0.0,9164.4803,6.5452,5.8798,6.4076,5.5838,0.239,0.221,0.0,1.0,42881.0,1.3,0.0,0.0,8.0,0.0,0.0,0.0,0.0,0.0
7073,2019-02-08,SZSE:002091,0.7741,0.0,5.0787,0.0,0.0,8843.4579,0.0,1.174,9.7079,11.4898,14.5707,0.231,33.5533,48.3608,48.3609,0.0,0.0,0.0,9164.4803,6.5452,5.8798,6.4076,5.5838,0.239,0.221,0.0,1.0,42881.0,1.3,0.0,0.0,8.0,0.0,0.0,0.0,0.0,0.0
7074,2019-02-11,SZSE:002091,0.7741,5.82,5.2501,5.87,5.64,9141.9049,5.65,1.2137,10.0355,11.8776,15.0625,0.2388,35.0127,55.5346,55.5347,0.0,0.0,0.0,9462.9273,6.7583,6.0713,6.6163,5.7657,0.2468,0.2282,9.5835,1.0,42881.0,1.3,0.0,0.0,8.0,5.096746563573883,5.295203951890034,5.087725773195875,9.5835,0.0
7075,2019-02-12,SZSE:002091,0.7741,5.86,5.2862,5.9,5.77,9204.7359,5.8,1.222,10.1045,11.9592,15.166,0.2405,34.6032,56.8923,56.8924,0.0,0.0,0.0,9525.7583,6.8032,6.1116,6.6602,5.804,0.2484,0.2297,11.0093,1.0,42881.0,1.3,0.0,0.0,8.0,5.232075085324232,5.322283276450513,5.205012627986347,11.0093,0.0
7076,2019-02-13,SZSE:002091,0.7741,6.0,5.4125,6.04,5.82,9424.6443,5.84,1.2512,10.3459,12.2449,15.5283,0.2462,34.8594,61.3416,61.3417,0.0,0.0,0.0,9745.6667,6.9602,6.2527,6.814,5.938,0.2541,0.235,23.3595,1.0,42881.0,1.3,0.0,0.0,8.0,5.268166666666666,5.448583333333333,5.250125,23.3595,0.0
7077,2019-02-14,SZSE:002091,0.7741,6.0,5.4125,6.15,5.91,9424.6443,5.99,1.2512,10.3459,12.2449,15.5283,0.2462,34.8609,61.3416,61.3417,0.0,0.0,0.0,9745.6667,6.9602,6.2527,6.814,5.938,0.2541,0.235,19.7697,1.0,42881.0,1.3,0.0,0.0,8.0,5.403479166666667,5.5478125,5.331312499999999,19.7697,0.0
7078,2019-02-15,SZSE:002091,0.7897,6.2,5.5929,6.6,6.17,9738.7991,6.22,1.2929,10.6908,12.6531,16.0459,0.2544,35.1819,66.987,66.9871,0.0,0.0,0.0,10059.8215,7.1846,6.4543,7.0336,6.1294,0.2623,0.2426,40.873,1.0,42881.0,1.3,0.0,0.0,8.0,5.6109416129032255,5.953732258064516,5.565837580645161,40.873,0.0
7079,2019-02-18,SZSE:002091,0.7897,6.48,5.8455,6.53,6.15,10178.6158,6.29,1.3513,11.1736,13.2245,16.7706,0.2659,36.1132,72.944,72.944,0.0,0.0,0.0,10499.6382,7.4987,6.7365,7.3411,6.3973,0.2738,0.2532,35.7266,1.0,42881.0,1.3,0.0,0.0,8.0,5.674104166666667,5.890604166666667,5.5478125,35.7266,0.0
7080,2019-02-19,SZSE:002091,0.7897,6.38,5.7553,6.48,6.26,10021.5384,6.42,1.3304,11.0012,13.0204,16.5118,0.2618,36.295,68.2101,68.2102,0.0,0.0,0.0,10342.5608,7.3865,6.6357,7.2313,6.3016,0.2697,0.2494,22.077,1.0,42881.0,1.3,0.0,0.0,8.0,5.7913833855799375,5.8455084639498445,5.647049843260188,22.077,0.0
7081,2019-02-20,SZSE:002091,0.7897,6.36,5.7372,6.47,6.28,9990.1229,6.33,1.3263,10.9667,12.9796,16.46,0.261,35.0633,67.2698,67.2699,0.0,0.0,0.0,10311.1453,7.3641,6.6155,7.2093,6.2825,0.2689,0.2486,14.1236,1.0,42881.0,1.3,0.0,0.0,8.0,5.710137735849056,5.836428301886791,5.66503396226415,14.1236,0.0
7082,2019-02-21,SZSE:002091,0.7897,6.25,5.638,6.41,6.19,9817.3378,6.36,1.3033,10.777,12.7551,16.1753,0.2565,34.9732,62.1918,62.1919,0.0,0.0,0.0,10138.3602,7.2407,6.5047,7.0885,6.1772,0.2644,0.2445,19.375,1.0,42881.0,1.3,0.0,0.0,8.0,5.7372288000000005,5.782332800000001,5.5838752000000005,19.375,0.0
7083,2019-02-22,SZSE:002091,0.804,6.37,5.7462,6.39,6.15,10005.8307,6.29,1.3283,10.9839,13.0,16.4859,0.2614,35.1487,65.2717,65.2717,0.0,0.0,0.0,10326.8531,7.3753,6.6256,7.2203,6.2921,0.2693,0.249,16.7014,1.0,42881.0,1.3,0.0,0.0,8.0,5.674034222919937,5.764241444270016,5.547744113029827,16.7014,0.0
7084,2019-02-25,SZSE:002091,0.804,6.64,5.9898,6.65,6.39,10429.9397,6.43,1.3846,11.4495,13.551,17.1847,0.2725,33.9708,70.9965,70.9965,0.0,0.0,0.0,10750.9621,7.6782,6.8977,7.5168,6.5505,0.2803,0.2592,28.4551,1.0,42881.0,1.3,0.0,0.0,8.0,5.800363554216868,5.99882078313253,5.764280421686746,28.4551,0.0
7085,2019-02-26,SZSE:002091,0.804,6.56,5.9176,6.7,6.46,10304.2777,6.67,1.368,11.3115,13.3878,16.9776,0.2692,34.1273,67.4487,67.4487,0.0,0.0,0.0,10625.3001,7.5885,6.8171,7.429,6.4739,0.2771,0.2562,28.7481,1.0,42881.0,1.3,0.0,0.0,8.0,6.016828048780488,6.04389024390244,5.82739268292683,28.7481,0.0
7086,2019-02-27,SZSE:002091,0.804,6.46,5.8274,6.64,6.39,10147.2003,6.51,1.3471,10.254,14.3556,7.6938,0.2682,34.2301,63.1974,63.1974,0.0,0.0,0.0,10468.2227,4.7624,4.4496,7.7199,6.5879,0.2748,0.2444,19.3433,1.0,42881.0,1.3,1.2423,0.0,8.0,5.872503715170278,5.989773374613002,5.76425479876161,19.3433,0.0
7087,2019-02-28,SZSE:002091,0.804,6.58,5.9357,6.65,6.47,10335.6932,6.47,1.3721,10.4444,14.6222,7.8368,0.2732,34.2332,65.9693,65.9694,0.0,0.0,0.0,10656.7156,4.8482,4.5298,7.8589,6.7066,0.2798,0.2488,17.1023,1.0,42881.0,1.3,1.2654,0.0,8.0,5.836470972644377,5.998845744680851,5.836470972644377,17.1023,0.0
7088,2019-03-01,SZSE:002091,0.8659,6.55,5.9086,6.62,6.45,10288.57,6.61,1.3659,10.3968,14.5556,7.801,0.2719,33.7842,64.6582,64.6582,0.0,0.0,0.0,10609.5924,4.8268,4.5097,7.8242,6.6769,0.2786,0.2477,11.9997,1.0,42881.0,1.3,1.2596,0.0,8.0,5.962724580152671,5.971745343511451,5.818392366412214,11.9997,0.0
7089,2019-03-04,SZSE:002091,0.8659,6.63,5.9808,6.92,6.56,10414.2319,6.56,1.3826,10.5238,14.7333,7.8963,0.2752,33.4316,66.5665,66.5665,0.0,0.0,0.0,10735.2543,4.8839,4.5631,7.9169,6.756,0.2819,0.2506,25.7724,1.0,42881.0,1.3,1.275,0.0,8.0,5.917654298642534,6.242403619909503,5.917654298642534,25.7724,0.0
7090,2019-03-05,SZSE:002091,0.8659,6.79,6.1251,6.82,6.57,10665.5558,6.6,1.4159,10.7778,15.0889,8.0869,0.2819,33.313,70.0496,70.0497,0.0,0.0,0.0,10986.5782,4.9983,4.67,8.1022,6.9142,0.2885,0.2565,22.7517,1.0,42881.0,1.3,1.3058,0.0,8.0,5.953705449189985,6.152162297496318,5.926643151693667,22.7517,0.0
7091,2019-03-06,SZSE:002091,0.8659,6.9,6.2244,6.93,6.69,10838.3409,6.82,1.4389,10.9524,15.3333,8.2179,0.2864,32.0528,72.1944,72.1945,0.0,0.0,0.0,11159.3633,5.0769,4.7434,8.2296,7.0229,0.293,0.2605,25.8801,1.0,42881.0,1.3,1.3269,0.0,8.0,6.152233043478261,6.251462608695652,6.034961739130434,25.8801,0.0
7092,2019-03-07,SZSE:002091,0.8659,6.84,6.1702,6.92,6.77,10744.0945,6.85,1.4264,10.8571,15.2,8.1464,0.2839,31.7825,69.2801,69.2802,0.0,0.0,0.0,11065.1169,5.034,4.7034,8.1601,6.9636,0.2905,0.2583,26.0382,1.0,42881.0,1.3,1.3154,0.0,8.0,6.179220760233918,6.242366081871346,6.107054678362573,26.0382,0.0
7093,2019-03-08,SZSE:002091,0.8673,6.39,5.7643,6.79,6.38,10037.2462,6.65,1.3325,10.1429,14.2,7.6105,0.2653,34.8673,52.2458,52.2458,0.0,0.0,0.0,10358.2685,4.7124,4.4029,7.6388,6.5187,0.272,0.2418,30.7054,1.0,42881.0,1.3,1.2289,0.0,8.0,5.998841158059469,6.12513255086072,5.755279186228483,30.7054,0.0
7094,2019-03-11,SZSE:002091,0.8673,6.61,5.9627,6.62,6.41,10382.8164,6.41,1.3784,10.4921,14.6889,7.8725,0.2744,35.4697,57.7192,57.7192,0.0,0.0,0.0,10703.8388,4.8696,4.5498,7.8937,6.7362,0.281,0.2499,20.8081,1.0,42881.0,1.3,1.2712,0.0,8.0,5.782285476550681,5.971720726172466,5.782285476550681,20.8081,0.0
7095,2019-03-12,SZSE:002091,0.8673,6.68,6.0259,6.81,6.62,10492.7706,6.65,1.393,10.6032,14.8444,7.9559,0.2773,34.1763,59.317,59.317,0.0,0.0,0.0,10813.793,4.9197,4.5965,7.9748,6.8054,0.2839,0.2524,29.3207,1.0,42881.0,1.3,1.2846,0.0,8.0,5.9988375748503,6.143170508982036,5.9717751497005995,29.3207,0.0
7096,2019-03-13,SZSE:002091,0.8673,6.67,6.0169,6.87,6.62,10477.0629,6.67,1.3909,10.5873,14.8222,7.9439,0.2769,34.1241,58.9741,58.9741,0.0,0.0,0.0,10798.0853,4.9125,4.5898,7.9632,6.7955,0.2835,0.2521,28.4901,1.0,42881.0,1.3,1.2827,0.0,8.0,6.0169,6.197316791604198,5.971795802098951,28.4901,0.0
7097,2019-03-14,SZSE:002091,0.8673,6.55,5.9086,6.77,6.48,10288.57,6.6,1.3659,10.3968,14.5556,7.801,0.2719,33.0932,54.875,54.8751,0.0,0.0,0.0,10609.5924,4.8268,4.5097,7.8242,6.6769,0.2786,0.2477,16.9854,1.0,42881.0,1.3,1.2596,0.0,8.0,5.953703816793892,6.107056793893129,5.84545465648855,16.9854,0.0
7098,2019-03-15,SZSE:002091,0.9159,6.79,6.1251,6.81,6.56,10665.5558,6.56,1.4159,10.7778,15.0889,8.0869,0.2819,33.4933,60.7508,60.7509,0.0,0.0,0.0,10986.5782,4.9983,4.67,8.1022,6.9142,0.2885,0.2565,21.136,1.0,42881.0,1.3,1.3058,0.0,8.0,5.91762238586156,6.143141531664212,5.91762238586156,21.136,0.0
7099,2019-03-18,SZSE:002091,0.9159,7.07,6.3777,7.17,6.72,11105.3725,6.82,1.4743,11.2222,15.7111,8.4203,0.2935,34.3455,66.2692,66.2692,0.0,0.0,0.0,11426.3949,5.1984,4.8569,8.4265,7.1909,0.3,0.2667,35.4477,1.0,42881.0,1.3,1.3596,0.0,8.0,6.152180198019802,6.467907920792079,6.0619722772277225,35.4477,0.0
7100,2019-03-19,SZSE:002091,0.9159,6.95,6.2695,7.05,6.89,10916.8796,7.02,1.4493,11.0318,15.4444,8.2774,0.2885,34.559,62.2309,62.2309,0.0,0.0,0.0,11237.902,5.1126,4.7768,8.2875,7.0723,0.2951,0.2623,22.7009,1.0,42881.0,1.3,1.3365,0.0,8.0,6.332646043165467,6.359708633093525,6.215374820143884,22.7009,0.0
7101,2019-03-20,SZSE:002091,0.9159,6.9,6.2244,6.97,6.77,10838.3409,6.92,1.4389,10.9524,15.3333,8.2179,0.2864,34.2902,60.5746,60.5746,0.0,0.0,0.0,11159.3633,5.0769,4.7434,8.2296,7.0229,0.293,0.2605,18.4148,1.0,42881.0,1.3,1.3269,0.0,8.0,6.242441739130434,6.287546086956521,6.1071286956521735,18.4148,0.0
7102,2019-03-21,SZSE:002091,0.9159,6.9,6.2244,6.96,6.83,10838.3409,6.89,1.4389,10.9524,15.3333,8.2179,0.2864,34.2902,60.5746,60.5746,0.0,0.0,0.0,11159.3633,5.0769,4.7434,8.2296,7.0229,0.293,0.2605,17.6191,1.0,42881.0,1.3,1.3269,0.0,8.0,6.215379130434782,6.278525217391304,6.161253913043478,17.6191,0.0
7103,2019-03-22,SZSE:002091,0.8224,6.99,6.3055,7.02,6.82,10979.7106,6.89,1.4576,11.0952,15.5333,8.3251,0.2902,34.0372,62.6499,62.6499,0.0,0.0,0.0,11300.733,5.1412,4.8035,8.3339,7.1119,0.2967,0.2638,23.7116,1.0,42881.0,1.3,1.3442,0.0,8.0,6.215292560801144,6.332562231759656,6.152147353361946,23.7116,0.0
7104,2019-03-25,SZSE:002091,0.8224,6.79,6.1251,6.94,6.78,10665.5558,6.86,1.4159,10.7778,15.0889,8.0869,0.2819,34.7028,55.6408,55.6408,0.0,0.0,0.0,10986.5782,4.9983,4.67,8.1022,6.9142,0.2885,0.2565,18.0354,1.0,42881.0,1.3,1.3058,0.0,8.0,6.188245360824742,6.2604114874815915,6.116079234167894,18.0354,0.0
7105,2019-03-26,SZSE:002091,0.8224,6.56,5.9176,6.85,6.56,10304.2777,6.81,1.368,10.4127,14.5778,7.8129,0.2723,35.5487,48.8696,48.8696,0.0,0.0,0.0,10625.3001,4.8339,4.5164,7.8358,6.6868,0.279,0.248,17.4755,1.0,42881.0,1.3,1.2615,0.0,8.0,6.143118292682927,6.179201219512195,5.9176,17.4755,0.0
7106,2019-03-27,SZSE:002091,0.8224,6.63,5.9808,6.65,6.47,10414.2319,6.61,1.3826,10.5238,14.7333,7.8963,0.2752,35.4997,50.8308,50.8308,0.0,0.0,0.0,10735.2543,4.8839,4.5631,7.9169,6.756,0.2819,0.2506,11.1725,1.0,42881.0,1.3,1.275,0.0,8.0,5.962758371040724,5.998841628959276,5.836466968325792,11.1725,0.0
7107,2019-03-28,SZSE:002091,0.8224,6.53,5.8906,6.66,6.51,10257.1545,6.61,1.3617,10.3651,14.5111,7.7772,0.2711,35.7005,47.9984,47.9984,0.0,0.0,0.0,10578.1769,4.8125,4.4964,7.801,6.6571,0.2777,0.2469,9.5509,1.0,42881.0,1.3,1.2558,0.0,8.0,5.962766615620215,6.007870750382849,5.872558346094946,9.5509,0.0
7108,2019-03-29,SZSE:002091,0.8218,6.71,6.053,6.71,6.43,10539.8938,6.51,1.3992,10.6508,14.9111,7.9916,0.2785,35.7495,53.0678,53.0678,0.0,0.0,0.0,10860.9162,4.9411,4.6166,8.0095,6.8351,0.2852,0.2535,16.2993,1.0,42881.0,1.3,1.2904,0.0,8.0,5.8725827123695975,6.053,5.800415797317436,16.2993,0.0
7109,2019-04-01,SZSE:002091,0.8218,6.95,6.2695,6.98,6.72,10916.8796,6.75,1.4493,11.0318,15.4444,8.2774,0.2885,36.0468,58.8306,58.8306,0.0,0.0,0.0,11237.902,5.1126,4.7768,8.2875,7.0723,0.2951,0.2623,29.5972,1.0,42881.0,1.3,1.3365,0.0,8.0,6.089082733812949,6.296562589928057,6.062020143884891,29.5972,0.0
7110,2019-04-02,SZSE:002091,0.8218,6.95,6.2695,7.02,6.88,10916.8796,7.0,1.4493,11.0318,15.4444,8.2774,0.2885,35.8586,58.8306,58.8306,0.0,0.0,0.0,11237.902,5.1126,4.7768,8.2875,7.0723,0.2951,0.2623,22.349,1.0,42881.0,1.3,1.3365,0.0,8.0,6.314604316546762,6.332646043165467,6.206353956834532,22.349,0.0
7111,2019-04-03,SZSE:002091,0.8218,7.02,6.3326,7.07,6.91,11026.8338,6.95,1.4639,11.1429,15.6,8.3608,0.2914,35.8349,60.4724,60.4724,0.0,0.0,0.0,11347.8562,5.1626,4.8235,8.3686,7.1415,0.2979,0.2649,17.9948,1.0,42881.0,1.3,1.35,0.0,8.0,6.269454415954417,6.377703988603989,6.233371225071226,17.9948,0.0
7112,2019-04-04,SZSE:002091,0.8218,7.09,6.3957,7.28,7.02,11136.788,7.06,1.4785,11.254,15.7556,8.4442,0.2943,35.3226,62.1001,62.1001,0.0,0.0,0.0,11457.8104,5.2126,4.8703,8.4497,7.2107,0.3008,0.2675,28.4086,1.0,42881.0,1.3,1.3635,0.0,8.0,6.368637799717912,6.567093935119886,6.332554866008461,28.4086,0.0
7113,2019-04-05,SZSE:002091,0.8669,0.0,6.3957,0.0,0.0,11136.788,0.0,1.4785,11.254,15.7556,8.4442,0.2943,35.3226,62.1001,62.1001,0.0,0.0,0.0,11457.8104,5.2126,4.8703,8.4497,7.2107,0.3008,0.2675,0.0,1.0,42881.0,1.3,1.3635,0.0,8.0,0.0,0.0,0.0,0.0,0.0
7114,2019-04-08,SZSE:002091,0.8669,7.6,6.8558,7.75,6.91,11937.8827,7.25,1.5848,12.0635,16.8889,9.0516,0.3155,37.7718,71.355,71.355,0.0,0.0,0.0,12258.9051,5.5771,5.2108,9.0405,7.7149,0.3219,0.2862,55.213,1.0,42881.0,1.3,1.4615,0.0,8.0,6.540072368421053,6.991111842105265,6.23336552631579,55.213,0.0
7115,2019-04-09,SZSE:002091,0.8669,7.37,6.6483,7.49,7.29,11576.6047,7.46,1.5369,11.6984,16.3778,8.7776,0.3059,38.4359,63.7897,63.7897,0.0,0.0,0.0,11897.6271,5.4127,5.0572,8.7741,7.4875,0.3124,0.2777,36.6399,1.0,42881.0,1.3,1.4173,0.0,8.0,6.7294868385346,6.756549118046133,6.576133921302578,36.6399,0.0
7116,2019-04-10,SZSE:002091,0.8669,7.7,6.946,7.87,7.25,12094.9602,7.25,1.6057,12.2222,17.1111,9.1707,0.3196,39.1553,68.8868,68.8868,0.0,0.0,0.0,12415.9825,5.6486,5.2776,9.1563,7.8137,0.326,0.2898,51.4991,1.0,42881.0,1.3,1.4808,0.0,8.0,6.540064935064934,7.099353246753247,6.540064935064934,51.4991,0.0
7117,2019-04-11,SZSE:002091,0.8669,7.77,7.0092,8.43,7.66,12204.9143,8.0,1.6203,12.3333,17.2667,9.254,0.3226,39.0525,69.8561,69.8561,0.0,0.0,0.0,12525.9367,5.6986,5.3243,9.2374,7.8829,0.3289,0.2924,61.0134,1.0,42881.0,1.3,1.4942,0.0,8.0,7.216679536679536,7.604576061776062,6.909970656370657,61.0134,0.0
7118,2019-04-12,SZSE:002091,0.887,7.58,6.8378,7.89,7.53,11906.4673,7.56,1.5807,12.0318,16.8444,9.0277,0.3147,39.2028,64.0256,64.0256,0.0,0.0,0.0,12227.4897,5.5628,5.1974,9.0173,7.6951,0.321,0.2854,26.8262,1.0,42881.0,1.3,1.4577,0.0,8.0,6.8197583113456455,7.117446174142479,6.792695778364116,26.8262,0.0
7119,2019-04-15,SZSE:002091,0.887,7.33,6.6122,7.73,7.32,11513.7738,7.68,1.5285,11.6349,16.2889,8.73,0.3043,39.7735,57.2542,57.2541,0.0,0.0,0.0,11834.7961,5.3842,5.0305,8.7277,7.448,0.3107,0.2763,26.0849,1.0,42881.0,1.3,1.4096,0.0,8.0,6.927925784447475,6.973029467939973,6.6031792633015005,26.0849,0.0
7120,2019-04-16,SZSE:002091,0.887,7.44,6.7115,7.47,7.25,11686.5589,7.31,1.5515,11.8095,16.5333,8.861,0.3089,39.6075,59.2941,59.2941,0.0,0.0,0.0,12007.5813,5.4628,5.104,8.8552,7.5567,0.3153,0.2803,17.0577,1.0,42881.0,1.3,1.4308,0.0,8.0,6.594229166666666,6.7385625,6.540104166666666,17.0577,0.0
7121,2019-04-17,SZSE:002091,0.887,7.52,6.7836,7.65,7.4,11812.2208,7.44,1.5682,11.9365,16.7111,8.9563,0.3122,39.1205,60.7608,60.7608,0.0,0.0,0.0,12133.2432,5.5199,5.1574,8.9478,7.6358,0.3186,0.2832,22.341,1.0,42881.0,1.3,1.4462,0.0,8.0,6.711434042553193,6.9008696808510654,6.675351063829788,22.341,0.0
7122,2019-04-18,SZSE:002091,0.887,7.31,6.5942,7.53,7.28,11482.3583,7.48,1.5244,11.6032,16.2444,8.7062,0.3035,39.715,55.144,55.144,0.0,0.0,0.0,11803.3807,5.3699,5.0172,8.7046,7.4282,0.3099,0.2755,21.4831,1.0,42881.0,1.3,1.4058,0.0,8.0,6.747553488372093,6.792657455540356,6.567137619699043,21.4831,0.0
7123,2019-04-19,SZSE:002091,0.8815,7.47,6.7385,7.6,7.26,11733.6821,7.34,1.5577,11.8571,16.6,8.8967,0.3101,39.538,58.3064,58.3064,0.0,0.0,0.0,12054.7045,5.4842,5.124,8.8899,7.5864,0.3165,0.2814,21.8897,1.0,42881.0,1.3,1.4365,0.0,8.0,6.621230254350737,6.855769745649264,6.549064257028112,21.8897,0.0
7124,2019-04-22,SZSE:002091,0.8815,7.47,6.7385,7.67,7.44,11733.6821,7.54,1.5577,11.8571,16.6,8.8967,0.3101,39.5759,58.3064,58.3064,0.0,0.0,0.0,12054.7045,5.4842,5.124,8.8899,7.5864,0.3165,0.2814,25.0447,1.0,42881.0,1.3,1.4365,0.0,8.0,6.801645247657297,6.918914993306561,6.711437751004016,25.0447,0.0
7125,2019-04-23,SZSE:002091,0.8815,7.57,6.8287,7.7,7.34,11890.7595,7.46,1.5786,12.0159,16.8222,9.0158,0.3143,39.6123,60.3335,60.3335,0.0,0.0,0.0,12211.7819,5.5557,5.1908,9.0057,7.6852,0.3206,0.2851,23.5402,1.0,42881.0,1.3,1.4558,0.0,8.0,6.729471862615588,6.945969616908852,6.621222985468957,23.5402,0.0
7126,2019-04-24,SZSE:002091,0.8815,7.48,6.7476,7.63,7.32,11749.3899,7.62,1.5598,11.873,16.6222,8.9086,0.3105,39.6186,57.6184,57.6184,0.0,0.0,0.0,12070.4123,5.4913,5.1307,8.9015,7.5962,0.3169,0.2818,17.2771,1.0,42881.0,1.3,1.4385,0.0,8.0,6.873891978609625,6.882912834224599,6.6032663101604285,17.2771,0.0
7127,2019-04-25,SZSE:002091,0.8815,7.26,6.5491,7.63,7.23,11403.8196,7.41,1.463,11.1692,16.1333,15.2629,0.3083,40.2258,51.5155,51.5155,0.0,0.0,0.0,8598.6552,5.1021,4.5907,6.3412,5.4114,0.2337,0.2007,21.8512,1.0,42881.0,1.3,1.3962,0.0,8.0,6.684411983471075,6.88286955922865,6.522037603305786,21.8512,0.0
7128,2019-04-26,SZSE:002091,0.9097,7.08,6.3867,7.36,7.01,11121.0802,7.24,1.4267,10.8923,15.7333,14.8845,0.3007,40.3143,47.1182,47.1182,0.0,0.0,0.0,8315.9158,4.9343,4.4397,6.1327,5.2334,0.226,0.1941,17.334,1.0,42881.0,1.3,1.3615,0.0,8.0,6.531032203389831,6.639281355932203,6.323554661016949,17.334,0.0
7129,2019-04-29,SZSE:002091,0.9097,6.86,6.1883,7.13,6.76,10775.51,7.08,1.3436,10.5379,15.2444,15.2633,0.2828,40.5119,42.3589,42.3589,0.0,0.0,0.0,11264.042,5.8494,5.3093,8.3068,7.0888,0.3004,0.2629,15.2767,1.0,42881.0,1.3,1.3192,0.0,8.0,6.38675860058309,6.431862827988338,6.098091545189504,15.2767,0.0
7130,2019-04-30,SZSE:002091,0.9097,6.91,6.2334,7.05,6.84,10854.0487,6.87,1.3534,10.6147,15.3556,15.3746,0.2848,40.172,43.7496,43.7495,0.0,0.0,0.0,11342.5807,5.8902,5.3463,8.3647,7.1382,0.3025,0.2648,8.8515,1.0,42881.0,1.3,1.3289,0.0,8.0,6.197316642547033,6.359691751085383,6.1702541244573075,8.8515,0.0
7131,2019-05-01,SZSE:002091,0.9097,0.0,6.2334,0.0,0.0,10854.0487,0.0,1.3534,10.6147,15.3556,15.3746,0.2848,40.172,43.7496,43.7495,0.0,0.0,0.0,11342.5807,5.8902,5.3463,8.3647,7.1382,0.3025,0.2648,0.0,1.0,42881.0,1.3,1.3289,0.0,8.0,0.0,0.0,0.0,0.0,0.0
7132,2019-05-02,SZSE:002091,0.9097,0.0,6.2334,0.0,0.0,10854.0487,0.0,1.3534,10.6147,15.3556,15.3746,0.2848,40.172,43.7496,43.7495,0.0,0.0,0.0,11342.5807,5.8902,5.3463,8.3647,7.1382,0.3025,0.2648,0.0,1.0,42881.0,1.3,1.3289,0.0,8.0,0.0,0.0,0.0,0.0,0.0
7133,2019-05-03,SZSE:002091,0.9391,0.0,6.2334,0.0,0.0,10854.0487,0.0,1.3534,10.6147,15.3556,15.3746,0.2848,40.172,43.7496,43.7495,0.0,0.0,0.0,11342.5807,5.8902,5.3463,8.3647,7.1382,0.3025,0.2648,0.0,1.0,42881.0,1.3,1.3289,0.0,8.0,0.0,0.0,0.0,0.0,0.0
7134,2019-05-06,SZSE:002091,0.9391,6.31,5.6921,6.69,6.24,9911.5842,6.69,1.2358,9.693,14.0222,14.0396,0.2601,45.0213,33.3515,33.3514,0.0,0.0,0.0,10400.1163,5.4008,4.9021,7.6697,6.5451,0.2773,0.2428,20.4532,1.0,42881.0,1.3,1.2135,0.0,8.0,6.034888906497623,6.034888906497623,5.62895467511886,20.4532,0.0
7135,2019-05-07,SZSE:002091,0.9391,6.31,5.6921,6.45,6.13,9911.5842,6.39,1.2358,9.693,14.0222,14.0396,0.2601,44.6261,33.3515,33.3514,0.0,0.0,0.0,10400.1163,5.4008,4.9021,7.6697,6.5451,0.2773,0.2428,13.8091,1.0,42881.0,1.3,1.2135,0.0,8.0,5.7642660855784476,5.818390649762282,5.529726307448494,13.8091,0.0
7136,2019-05-08,SZSE:002091,0.9391,6.11,5.5117,6.27,6.05,9597.4294,6.15,1.1967,9.3858,13.5778,13.5946,0.2518,44.7952,30.5449,30.5449,0.0,0.0,0.0,10085.9615,5.2376,4.754,7.438,6.3474,0.2689,0.2354,10.6906,1.0,42881.0,1.3,1.175,0.0,8.0,5.547783142389526,5.656032569558102,5.457575286415712,10.6906,0.0
7137,2019-05-09,SZSE:002091,0.9391,5.95,5.3674,6.14,5.94,9346.1056,6.02,1.1653,9.14,13.2222,13.2386,0.2453,44.7794,28.4802,28.4802,0.0,0.0,0.0,9834.6377,5.1071,4.6356,7.2527,6.1892,0.2622,0.2296,10.4531,1.0,42881.0,1.3,1.1442,0.0,8.0,5.430545882352941,5.538795966386554,5.3583791596638655,10.4531,0.0
7138,2019-05-10,SZSE:002091,1.0236,6.1,5.5027,6.14,5.86,9581.7217,6.04,1.1947,9.3704,13.5556,13.5723,0.2514,44.6688,33.0494,33.0494,0.0,0.0,0.0,10070.2538,5.2295,4.7466,7.4264,6.3375,0.2685,0.2351,12.8752,1.0,42881.0,1.3,1.1731,0.0,8.0,5.448575081967213,5.538783278688524,5.286200327868853,12.8752,0.0
7139,2019-05-13,SZSE:002091,1.0236,6.16,5.5568,6.24,5.96,9675.9681,6.02,1.2065,9.4626,13.6889,13.7058,0.2539,44.7067,34.8426,34.8426,0.0,0.0,0.0,10164.5002,5.2784,4.7911,7.4959,6.3968,0.271,0.2373,10.5578,1.0,42881.0,1.3,1.1846,0.0,8.0,5.430509090909091,5.628966233766234,5.376384415584416,10.5578,0.0
7140,2019-05-14,SZSE:002091,1.0236,6.01,5.4215,6.13,5.98,9440.352,6.07,1.1771,9.2322,13.3556,13.3721,0.2477,45.004,32.4991,32.4991,0.0,0.0,0.0,9928.8841,5.1561,4.68,7.3222,6.2485,0.2648,0.2318,9.6793,1.0,42881.0,1.3,1.1558,0.0,8.0,5.475624792013311,5.529749584026622,5.394437603993345,9.6793,0.0
7141,2019-05-15,SZSE:002091,1.0236,6.13,5.5297,6.16,6.03,9628.8449,6.03,1.2006,9.4165,13.6222,13.6391,0.2527,44.6751,36.1963,36.1963,0.0,0.0,0.0,10117.377,5.254,4.7688,7.4612,6.3671,0.2698,0.2362,8.6626,1.0,42881.0,1.3,1.1789,0.0,8.0,5.439492822185971,5.556762153344208,5.439492822185971,8.6626,0.0
7142,2019-05-16,SZSE:002091,1.0236,6.17,5.5658,6.17,6.08,9691.6759,6.13,1.2084,9.478,13.7111,13.7281,0.2543,44.3162,37.4266,37.4266,0.0,0.0,0.0,10180.2079,5.2866,4.7985,7.5075,6.4067,0.2715,0.2376,8.2617,1.0,42881.0,1.3,1.1865,0.0,8.0,5.529717017828202,5.5658,5.484613290113453,8.2617,0.0
7143,2019-05-17,SZSE:002091,1.0252,5.84,5.2681,6.23,5.8,9173.3204,6.18,1.1438,8.971,12.9778,12.9938,0.2407,45.3281,31.9525,31.9525,0.0,0.0,0.0,9661.8525,5.0174,4.5541,7.1253,6.0805,0.2576,0.2255,12.866,1.0,42881.0,1.3,1.1231,0.0,8.0,5.574804452054794,5.619908047945206,5.232017123287671,12.866,0.0
7144,2019-05-20,SZSE:002091,1.0252,5.82,5.2501,5.86,5.61,9141.9049,5.86,1.1399,8.9403,12.9333,12.9493,0.2399,45.0308,31.6503,31.6503,0.0,0.0,0.0,9630.437,5.0011,4.5393,7.1021,6.0607,0.2568,0.2248,7.9988,1.0,42881.0,1.3,1.1192,0.0,8.0,5.286183161512027,5.286183161512027,5.060663402061856,7.9988,0.0
7145,2019-05-21,SZSE:002091,1.0252,5.91,5.3313,5.93,5.79,9283.2746,5.79,1.1575,9.0786,13.1333,13.1496,0.2436,45.0372,34.6452,34.6452,0.0,0.0,0.0,9771.8067,5.0745,4.606,7.2064,6.1497,0.2606,0.2281,6.5344,1.0,42881.0,1.3,1.1365,0.0,8.0,5.223050253807106,5.349341624365482,5.223050253807106,6.5344,0.0
7146,2019-05-22,SZSE:002091,1.0252,5.83,5.2591,5.95,5.8,9157.6127,5.89,1.1418,8.9557,12.9556,12.9716,0.2403,44.9138,33.2505,33.2505,0.0,0.0,0.0,9646.1448,5.0092,4.5467,7.1137,6.0706,0.2572,0.2252,6.5578,1.0,42881.0,1.3,1.1212,0.0,8.0,5.313224528301887,5.367349056603773,5.232037735849056,6.5578,0.0
7147,2019-05-23,SZSE:002091,1.0252,5.72,5.1599,5.82,5.7,8984.8275,5.82,1.1203,8.7867,12.7111,12.7268,0.2358,44.6751,31.38,31.38,0.0,0.0,0.0,9473.3596,4.9195,4.4653,6.9863,5.9618,0.2526,0.2211,6.137,1.0,42881.0,1.3,1.1,0.0,8.0,5.250108041958042,5.250108041958042,5.141858391608392,6.137,0.0
7148,2019-05-24,SZSE:002091,1.0301,5.65,5.0968,5.77,5.63,8874.8734,5.76,1.1066,8.6792,12.5556,12.5711,0.2329,44.3525,30.2151,30.2151,0.0,0.0,0.0,9363.4054,4.8624,4.4135,6.9052,5.8926,0.2497,0.2186,5.133,1.0,42881.0,1.3,1.0865,0.0,8.0,5.196029734513274,5.205050619469026,5.0787582300884955,5.133,0.0
7149,2019-05-27,SZSE:002091,1.0301,5.83,5.2591,5.86,5.61,9157.6127,5.65,1.1418,8.9557,12.9556,12.9716,0.2403,44.5992,36.7203,36.7203,0.0,0.0,0.0,9646.1448,5.0092,4.5467,7.1137,6.0706,0.2572,0.2252,6.7039,1.0,42881.0,1.3,1.1212,0.0,8.0,5.09672641509434,5.286162264150944,5.060643396226415,6.7039,0.0
7150,2019-05-28,SZSE:002091,1.0301,5.84,5.2681,5.89,5.81,9173.3204,5.84,1.1438,8.971,12.6957,12.9938,0.2407,44.4063,37.0712,37.0712,0.0,0.0,0.0,9661.8525,5.0174,4.5541,0.0,0.0,0.2576,0.0,7.1071,1.0,42881.0,1.3,0.0,0.0,8.0,5.2681,5.3132035958904105,5.241037842465753,7.1071,0.0
7151,2019-05-29,SZSE:002091,1.0301,5.86,5.2862,5.9,5.78,9204.7359,5.8,1.1477,9.0018,12.7391,13.0383,0.2415,44.0426,37.8141,37.8141,0.0,0.0,0.0,9693.268,5.0337,4.5689,0.0,0.0,0.2585,0.0,5.2573,1.0,42881.0,1.3,0.0,0.0,8.0,5.232075085324232,5.322283276450513,5.214033447098976,5.2573,0.0
7152,2019-05-30,SZSE:002091,1.0301,5.8,5.2321,5.84,5.71,9110.4895,5.83,1.136,8.9096,12.6087,12.9048,0.2391,43.7058,36.4249,36.4249,0.0,0.0,0.0,9599.0215,4.9848,4.5245,0.0,0.0,0.256,0.0,4.9045,1.0,42881.0,1.3,0.0,0.0,8.0,5.259162586206897,5.268183448275862,5.15091224137931,4.9045,0.0
7153,2019-05-31,SZSE:002091,1.0236,5.72,5.1599,5.85,5.69,8943.4293,5.78,1.1203,8.7867,12.4348,12.7268,0.2358,43.4117,34.5998,34.5997,0.0,0.0,0.0,9431.9614,4.898,4.4458,0.0,0.0,0.2515,0.0,4.4392,1.0,42881.0,1.3,0.0,0.0,8.0,5.2140248251748265,5.2771704545454545,5.132837587412588,4.4392,0.0
7154,2019-06-03,SZSE:002091,1.0236,5.67,5.1148,5.78,5.64,8865.2525,5.73,1.1105,8.7099,12.3261,12.6156,0.2337,43.4291,33.4709,33.4709,0.0,0.0,0.0,9353.7846,4.8574,4.4089,0.0,0.0,0.2494,0.0,4.5099,1.0,42881.0,1.3,0.0,0.0,8.0,5.1689248677248685,5.214028924162258,5.087737566137566,4.5099,0.0
7155,2019-06-04,SZSE:002091,1.0236,5.54,4.9975,5.69,5.52,8661.9928,5.69,1.085,8.5102,12.0435,12.3263,0.2284,43.5256,30.6692,30.6692,0.0,0.0,0.0,9150.5248,4.7519,4.3131,0.0,0.0,0.244,0.0,5.2268,1.0,42881.0,1.3,0.0,0.0,8.0,5.132811371841155,5.132811371841155,4.979458483754512,5.2268,0.0
7156,2019-06-05,SZSE:002091,1.0236,5.62,5.0697,5.68,5.49,8787.0757,5.59,1.1007,8.6331,12.2174,12.5043,0.2317,43.3279,34.3131,34.3131,0.0,0.0,0.0,9275.6078,4.8168,4.3721,0.0,0.0,0.2473,0.0,9.7712,1.0,42881.0,1.3,0.0,0.0,8.0,5.042637544483986,5.1238249110320275,4.952429359430605,9.7712,0.0
7157,2019-06-06,SZSE:002091,1.0236,5.51,4.9705,5.63,5.47,8615.0867,5.6,1.0792,8.4641,11.9783,12.2596,0.2271,43.2774,31.8355,31.8355,0.0,0.0,0.0,9103.6187,4.7275,4.291,0.0,0.0,0.2428,0.0,4.3647,1.0,42881.0,1.3,0.0,0.0,8.0,5.0516878402903815,5.0787504537205095,4.934416515426498,4.3647,0.0
7158,2019-06-07,SZSE:002091,1.009,0.0,4.9705,0.0,0.0,8615.0867,0.0,1.0792,8.4641,11.9783,12.2596,0.2271,43.2774,31.8355,31.8355,0.0,0.0,0.0,9103.6187,4.7275,4.291,0.0,0.0,0.2428,0.0,0.0,1.0,42881.0,1.3,0.0,0.0,8.0,0.0,0.0,0.0,0.0,0.0
7159,2019-06-10,SZSE:002091,1.009,5.58,5.0336,5.62,5.5,8724.5342,5.57,1.0929,8.5716,12.1304,12.4153,0.23,41.6662,35.0495,35.0495,0.0,0.0,0.0,9213.0663,4.7843,4.3426,0.0,0.0,0.2457,0.0,3.0724,1.0,42881.0,1.3,0.0,0.0,8.0,5.0245792114695345,5.069683154121864,4.961433691756272,3.0724,0.0
7160,2019-06-11,SZSE:002091,1.009,5.78,5.214,5.78,5.56,9037.2415,5.58,1.132,8.8789,12.5652,12.8603,0.2382,41.7168,43.2786,43.2786,0.0,0.0,0.0,9525.7736,4.9467,4.49,0.0,0.0,0.254,0.0,6.2555,1.0,42881.0,1.3,0.0,0.0,8.0,5.0335847750865055,5.214,5.0155432525951555,6.2555,0.0
7161,2019-06-12,SZSE:002091,1.009,5.7,5.1419,5.79,5.69,8912.1586,5.77,1.1164,8.756,12.3913,12.6823,0.2349,41.6994,41.0388,41.0388,0.0,0.0,0.0,9400.6907,4.8818,4.431,0.0,0.0,0.2507,0.0,4.998,1.0,42881.0,1.3,0.0,0.0,8.0,5.205046140350876,5.223087894736842,5.132879122807017,4.998,0.0
7162,2019-06-13,SZSE:002091,1.009,5.71,5.1509,5.75,5.66,8927.794,5.67,1.1183,8.7713,12.413,12.7046,0.2354,41.7089,41.4467,41.4468,0.0,0.0,0.0,9416.3261,4.8899,4.4384,0.0,0.0,0.2511,0.0,4.2395,1.0,42881.0,1.3,0.0,0.0,8.0,5.114816637478109,5.186983362521891,5.1057957968476355,4.2395,0.0
7163,2019-06-14,SZSE:002091,0.9898,5.56,5.0156,5.76,5.56,8693.2635,5.74,1.089,8.5409,12.087,12.3708,0.2292,41.8749,37.2802,37.2802,0.0,0.0,0.0,9181.7956,4.7681,4.3279,0.0,0.0,0.2448,0.0,4.144,1.0,42881.0,1.3,0.0,0.0,8.0,5.1779755395683456,5.1960172661870505,5.0156,4.144,0.0
7164,2019-06-17,SZSE:002091,0.9898,5.67,5.1148,5.75,5.58,8865.2525,5.61,1.1105,8.7099,12.3261,12.6156,0.2337,41.3737,41.8934,41.8933,0.0,0.0,0.0,9353.7846,4.8574,4.4089,0.0,0.0,0.2494,0.0,4.5095,1.0,42881.0,1.3,0.0,0.0,8.0,5.060675132275133,5.186966490299824,5.033612698412698,4.5095,0.0
7165,2019-06-18,SZSE:002091,0.9898,5.71,5.1509,5.75,5.67,8927.794,5.69,1.1183,8.7713,12.413,12.7046,0.2354,40.4566,43.5202,43.5202,0.0,0.0,0.0,9416.3261,4.8899,4.4384,0.0,0.0,0.2511,0.0,3.8673,1.0,42881.0,1.3,0.0,0.0,8.0,5.132858318739054,5.186983362521891,5.114816637478109,3.8673,0.0
7166,2019-06-19,SZSE:002091,0.9898,5.76,5.196,5.89,5.75,9005.9708,5.86,1.1281,8.8481,12.5217,12.8158,0.2374,40.4329,45.5715,45.5715,0.0,0.0,0.0,9494.5029,4.9305,4.4752,0.0,0.0,0.2532,0.0,6.6176,1.0,42881.0,1.3,0.0,0.0,8.0,5.286208333333334,5.313270833333333,5.186979166666667,6.6176,0.0
7167,2019-06-20,SZSE:002091,0.9898,5.86,5.2862,5.89,5.71,9162.3245,5.79,1.1477,9.0018,12.7391,13.0383,0.2415,40.6305,49.5203,49.5203,0.0,0.0,0.0,9650.8565,5.0117,4.5489,0.0,0.0,0.2573,0.0,6.9876,1.0,42881.0,1.3,0.0,0.0,8.0,5.223054266211604,5.313262457337884,5.15088771331058,6.9876,0.0
7168,2019-06-21,SZSE:002091,0.9677,5.96,5.3764,6.01,5.89,9318.6781,5.92,1.1673,9.1554,12.9565,13.2608,0.2457,40.8203,53.1785,53.1785,0.0,0.0,0.0,9807.2102,5.0929,4.6226,0.0,0.0,0.2615,0.0,7.7972,1.0,42881.0,1.3,0.0,0.0,8.0,5.340316778523491,5.421504026845637,5.3132543624161075,7.7972,0.0
7169,2019-06-24,SZSE:002091,0.9677,5.98,5.3944,6.06,5.94,9349.9489,5.96,1.1712,9.1861,13.0,13.3053,0.2465,40.7159,53.8981,53.8981,0.0,0.0,0.0,9838.4809,5.1091,4.6374,0.0,0.0,0.2623,0.0,4.8869,1.0,42881.0,1.3,0.0,0.0,8.0,5.376358528428093,5.466565886287624,5.358317056856188,4.8869,0.0
7170,2019-06-25,SZSE:002091,0.9677,5.96,5.3764,6.04,5.87,9318.6781,6.0,1.1673,9.1554,12.9565,13.2608,0.2457,40.3507,53.0206,53.0206,0.0,0.0,0.0,9807.2102,5.0929,4.6226,0.0,0.0,0.2615,0.0,5.602,1.0,42881.0,1.3,0.0,0.0,8.0,5.412483221476511,5.4485664429530205,5.295212751677853,5.602,0.0
7171,2019-06-26,SZSE:002091,0.9677,5.98,5.3944,5.99,5.9,9349.9489,5.96,1.1712,9.1861,13.0,13.3053,0.2465,39.8115,53.8301,53.8301,0.0,0.0,0.0,9838.4809,5.1091,4.6374,0.0,0.0,0.2623,0.0,3.5768,1.0,42881.0,1.3,0.0,0.0,8.0,5.376358528428093,5.403420735785953,5.3222341137123745,3.5768,0.0
7172,2019-06-27,SZSE:002091,0.9677,6.02,5.4305,6.06,5.96,9412.4903,5.99,1.179,9.2475,13.087,13.3943,0.2481,39.7688,55.4824,55.4824,0.0,0.0,0.0,9901.0224,5.1416,4.6669,0.0,0.0,0.264,0.0,5.9477,1.0,42881.0,1.3,0.0,0.0,8.0,5.4034377076411975,5.466583056478406,5.376375415282393,5.9477,0.0
7173,2019-06-28,SZSE:002091,1.0038,5.71,5.3279,5.83,5.67,8927.794,5.77,1.1183,8.7713,12.413,12.7046,0.2354,41.0179,42.7221,50.001,0.0,0.0,0.0,9416.3261,4.8899,4.4384,0.0,0.0,0.2511,0.0,5.5397,1.0,42881.0,1.3,0.0,0.0,8.0,5.383884938704027,5.439869877408055,5.290576707530647,5.5397,0.200
7174,2019-07-01,SZSE:002091,1.0038,5.87,5.4772,5.9,5.81,9177.9598,5.89,1.1497,9.0171,12.7609,13.0606,0.242,40.6463,49.2143,56.7017,0.0,0.0,0.0,9666.4919,5.0198,4.5563,0.0,0.0,0.2578,0.0,8.136,1.0,42881.0,1.3,0.0,0.0,8.0,5.495861669505962,5.505192504258944,5.4212149914821115,8.136,0.0
7175,2019-07-02,SZSE:002091,1.0038,5.83,5.4399,5.89,5.82,9115.4184,5.88,1.1418,8.9557,12.6739,12.9716,0.2403,40.6495,47.7569,54.7271,0.0,0.0,0.0,9603.9505,4.9873,4.5268,0.0,0.0,0.2561,0.0,5.6965,1.0,42881.0,1.3,0.0,0.0,8.0,5.486554373927959,5.49588524871355,5.430569125214409,5.6965,0.0
7176,2019-07-03,SZSE:002091,1.0038,5.75,5.3652,5.83,5.73,8990.3354,5.82,1.1262,8.8328,12.5,12.7936,0.237,40.6195,44.8936,50.9086,0.0,0.0,0.0,9478.8675,4.9224,4.4679,0.0,0.0,0.2528,0.0,4.6883,1.0,42881.0,1.3,0.0,0.0,8.0,5.43051547826087,5.439846260869564,5.346538434782609,4.6883,0.0
7177,2019-07-04,SZSE:002091,1.0038,5.71,5.3279,5.79,5.69,8927.794,5.75,1.1183,8.7713,12.413,12.7046,0.2354,40.5325,43.4896,49.0651,0.0,0.0,0.0,9416.3261,4.8899,4.4384,0.0,0.0,0.2511,0.0,3.7287,1.0,42881.0,1.3,0.0,0.0,8.0,5.365223292469351,5.402546584938704,5.309238353765324,3.7287,0.0
7178,2019-07-05,SZSE:002091,1.0012,5.76,5.3745,5.77,5.71,9005.9708,5.74,1.1281,8.8481,12.5217,12.8158,0.2374,40.27,45.7726,51.4325,0.0,0.0,0.0,9494.5029,4.9305,4.4752,0.0,0.0,0.2532,0.0,3.039,1.0,42881.0,1.3,0.0,0.0,8.0,5.355838541666667,5.383830729166667,5.327846354166667,3.039,0.0
7179,2019-07-08,SZSE:002091,1.0012,5.52,5.1506,5.73,5.47,8630.722,5.73,1.0811,8.4795,12.0,12.2818,0.2275,38.1545,37.865,41.4692,0.0,0.0,0.0,9119.2541,4.7356,4.2984,0.0,0.0,0.2432,0.0,5.7288,1.0,42881.0,1.3,0.0,0.0,8.0,5.346546739130435,5.346546739130435,5.103946014492754,5.7288,0.0
7180,2019-07-09,SZSE:002091,1.0012,5.5,5.1319,5.55,5.45,8599.4513,5.52,1.0772,8.4488,11.9565,12.2373,0.2267,37.7924,37.2869,40.7606,0.0,0.0,0.0,9087.9834,4.7194,4.2836,0.0,0.0,0.2423,0.0,3.3568,1.0,42881.0,1.3,0.0,0.0,8.0,5.150561454545454,5.178553636363636,5.085246363636363,3.3568,0.0
7181,2019-07-10,SZSE:002091,1.0012,5.47,5.1039,5.52,5.44,8552.5452,5.48,1.0713,8.4027,11.8913,12.1706,0.2255,36.4453,36.3895,39.6657,0.0,0.0,0.0,9041.0773,4.695,4.2615,0.0,0.0,0.2411,0.0,3.3672,1.0,42881.0,1.3,0.0,0.0,8.0,5.113230712979892,5.150553564899452,5.0759078610603305,3.3672,0.0
7182,2019-07-11,SZSE:002091,1.0012,5.48,5.1133,5.55,5.46,8568.1806,5.5,1.0733,8.418,11.913,12.1928,0.2259,36.3535,36.9344,40.2419,0.0,0.0,0.0,9056.7126,4.7032,4.2689,0.0,0.0,0.2415,0.0,2.7804,1.0,42881.0,1.3,0.0,0.0,8.0,5.131961678832116,5.178615875912408,5.094638321167882,2.7804,0.0
7183,2019-07-12,SZSE:002091,1.0055,5.55,5.1786,5.57,5.46,8677.6281,5.52,1.087,8.5256,12.0652,12.3486,0.2288,36.3267,40.7598,44.2553,0.0,0.0,0.0,9166.1602,4.76,4.3205,0.0,0.0,0.2444,0.0,3.1985,1.0,42881.0,1.3,0.0,0.0,8.0,5.150607567567568,5.197261621621623,5.094622702702703,3.1985,0.0
7184,2019-07-15,SZSE:002091,1.0055,5.59,5.2159,5.62,5.44,8740.1696,5.52,1.0948,8.587,12.1522,12.4376,0.2304,35.933,42.8915,46.4678,0.0,0.0,0.0,9228.7017,4.7925,4.35,0.0,0.0,0.2461,0.0,3.641,1.0,42881.0,1.3,0.0,0.0,8.0,5.1505846153846155,5.243892307692309,5.075938461538462,3.641,0.0
7185,2019-07-16,SZSE:002091,1.0055,5.59,5.2159,5.63,5.56,8740.1696,5.59,1.0948,8.587,12.1522,12.4376,0.2304,35.7243,42.8915,46.4678,0.0,0.0,0.0,9228.7017,4.7925,4.35,0.0,0.0,0.2461,0.0,2.848,1.0,42881.0,1.3,0.0,0.0,8.0,5.2159,5.253223076923078,5.187907692307692,2.848,0.0
7186,2019-07-17,SZSE:002091,1.0055,5.54,5.1693,5.59,5.52,8661.9928,5.59,1.085,8.5102,12.0435,12.3263,0.2284,35.593,40.7649,43.9396,0.0,0.0,0.0,9150.5248,4.7519,4.3131,0.0,0.0,0.244,0.0,3.6252,1.0,42881.0,1.3,0.0,0.0,8.0,5.2159543321299635,5.2159543321299635,5.150638267148014,3.6252,0.0
7187,2019-07-18,SZSE:002091,1.0055,5.4,5.0386,5.52,5.38,8443.0976,5.52,1.0576,8.2951,11.7391,12.0149,0.2226,35.5234,35.4631,37.7468,0.0,0.0,0.0,8931.6297,4.6382,4.2099,0.0,0.0,0.2382,0.0,5.0524,1.0,42881.0,1.3,0.0,0.0,8.0,5.1505688888888885,5.1505688888888885,5.019938518518518,5.0524,0.0
7188,2019-07-19,SZSE:002091,0.9953,5.4,5.0386,5.48,5.39,8443.0976,5.4,1.0576,8.2951,11.7391,12.0149,0.2226,35.1155,35.4631,37.7468,0.0,0.0,0.0,8931.6297,4.6382,4.2099,0.0,0.0,0.2382,0.0,3.6004,1.0,42881.0,1.3,0.0,0.0,8.0,5.0386,5.113245925925926,5.029269259259259,3.6004,0.0
7189,2019-07-22,SZSE:002091,0.9953,5.28,4.9267,5.44,5.27,8255.4732,5.43,1.0341,8.1108,11.4783,11.7479,0.2176,35.2673,31.403,33.1082,0.0,0.0,0.0,8744.0053,4.5408,4.1215,0.0,0.0,0.2332,0.0,4.6256,1.0,42881.0,1.3,0.0,0.0,8.0,5.066663068181818,5.07599393939394,4.917369128787878,4.6256,0.0
7190,2019-07-23,SZSE:002091,0.9953,5.33,4.9733,5.34,5.27,8333.6501,5.34,1.0439,8.1876,11.587,11.8591,0.2197,35.1898,34.7548,36.604,0.0,0.0,0.0,8822.1822,4.5814,4.1584,0.0,0.0,0.2352,0.0,3.333,1.0,42881.0,1.3,0.0,0.0,8.0,4.982630769230769,4.982630769230769,4.917315384615384,3.333,0.0
7191,2019-07-24,SZSE:002091,0.9953,5.39,5.0293,5.42,5.33,8427.4623,5.34,1.0557,8.2798,11.7174,11.9926,0.2222,35.3305,38.63,40.6146,0.0,0.0,0.0,8915.9943,4.6301,4.2026,0.0,0.0,0.2378,0.0,3.7457,1.0,42881.0,1.3,0.0,0.0,8.0,4.982646011131726,5.057292393320965,4.973315213358071,3.7457,0.0
7192,2019-07-25,SZSE:002091,0.9953,5.38,5.02,5.41,5.33,8411.8269,5.37,1.0537,8.2644,11.6957,11.9704,0.2218,34.9748,38.2226,40.1587,0.0,0.0,0.0,8900.359,4.622,4.1952,0.0,0.0,0.2373,0.0,2.8829,1.0,42881.0,1.3,0.0,0.0,8.0,5.010669144981413,5.047992565055762,4.9733457249070625,2.8829,0.0
7193,2019-07-26,SZSE:002091,0.9946,5.38,5.02,5.4,5.33,8411.8269,5.38,1.0537,8.2644,11.6957,11.9704,0.2218,34.7408,38.2226,40.1587,0.0,0.0,0.0,8900.359,4.622,4.1952,0.0,0.0,0.2373,0.0,2.4484,1.0,42881.0,1.3,0.0,0.0,8.0,5.02,5.038661710037175,4.9733457249070625,2.4484,0.0
7194,2019-07-29,SZSE:002091,0.9946,5.33,4.9733,5.38,5.31,8333.6501,5.36,1.0439,8.1876,11.587,11.8591,0.2197,34.3076,36.0194,37.7039,0.0,0.0,0.0,8822.1822,4.5814,4.1584,0.0,0.0,0.2352,0.0,3.2696,1.0,42881.0,1.3,0.0,0.0,8.0,5.0012923076923075,5.019953846153847,4.954638461538461,3.2696,0.0
7195,2019-07-30,SZSE:002091,0.9946,5.39,5.0293,5.42,5.32,8427.4623,5.33,1.0557,8.2798,11.7174,11.9926,0.2222,34.3708,40.4549,42.2646,0.0,0.0,0.0,8915.9943,4.6301,4.2026,0.0,0.0,0.2378,0.0,4.0231,1.0,42881.0,1.3,0.0,0.0,8.0,4.973315213358071,5.057292393320965,4.963984415584417,4.0231,0.0
7196,2019-07-31,SZSE:002091,0.9946,5.46,5.0946,5.51,5.39,8536.9098,5.39,1.0694,8.3873,11.8696,12.1483,0.2251,34.2585,45.2258,47.128,0.0,0.0,0.0,9025.4419,4.6869,4.2542,0.0,0.0,0.2407,0.0,7.6205,1.0,42881.0,1.3,0.0,0.0,8.0,5.029284615384615,5.1412538461538455,5.029284615384615,7.6205,0.0
7197,2019-08-01,SZSE:002091,0.9946,5.52,5.1506,5.57,5.42,8630.722,5.42,1.0811,8.4795,12.0,12.2818,0.2275,34.1067,48.998,50.9425,0.0,0.0,0.0,9119.2541,4.7356,4.2984,0.0,0.0,0.2432,0.0,6.7997,1.0,42881.0,1.3,0.0,0.0,8.0,5.057292028985508,5.197253985507247,5.057292028985508,6.7997,0.0
7198,2019-08-02,SZSE:002091,0.8429,5.5,5.1319,5.53,5.38,8599.4513,5.43,1.0772,8.4488,11.9565,12.2373,0.2267,33.8348,47.8159,49.6564,0.0,0.0,0.0,9087.9834,4.7194,4.2836,0.0,0.0,0.2423,0.0,6.1797,1.0,42881.0,1.3,0.0,0.0,8.0,5.066584909090909,5.159892181818183,5.0199312727272725,6.1797,0.0
7199,2019-08-05,SZSE:002091,0.8429,5.54,5.1693,5.62,5.42,8661.9928,5.46,1.085,8.5102,12.0435,12.3263,0.2284,33.6371,50.3935,52.2526,0.0,0.0,0.0,9150.5248,4.7519,4.3131,0.0,0.0,0.244,0.0,6.4557,1.0,42881.0,1.3,0.0,0.0,8.0,5.0946530685920575,5.243946931407942,5.057329602888086,6.4557,0.0
7200,2019-08-06,SZSE:002091,0.8429,5.48,5.1133,5.51,5.36,8568.1806,5.49,1.0733,8.418,11.913,12.1928,0.2259,28.8305,46.6697,48.2345,0.0,0.0,0.0,9056.7126,4.7032,4.2689,0.0,0.0,0.2415,0.0,7.2959,1.0,42881.0,1.3,0.0,0.0,8.0,5.122630839416058,5.141292518248174,5.0013299270072995,7.2959,0.0
7201,2019-08-07,SZSE:002091,0.8429,5.59,5.2159,5.64,5.49,8740.1696,5.53,1.0948,8.587,12.1522,12.4376,0.2304,29.1499,53.4597,55.0578,0.0,0.0,0.0,9228.7017,4.7925,4.35,0.0,0.0,0.2461,0.0,8.9063,1.0,42881.0,1.3,0.0,0.0,8.0,5.159915384615386,5.262553846153846,5.122592307692309,8.9063,0.0
7202,2019-08-08,SZSE:002091,0.8429,5.55,5.1786,5.65,5.53,8677.6281,5.59,1.087,8.5256,12.0652,12.3486,0.2288,28.5396,50.9208,52.3553,0.0,0.0,0.0,9166.1602,4.76,4.3205,0.0,0.0,0.2444,0.0,5.8007,1.0,42881.0,1.3,0.0,0.0,8.0,5.215923243243243,5.271908108108109,5.159938378378379,5.8007,0.0
7203,2019-08-09,SZSE:002091,0.84,5.47,5.1039,5.64,5.47,8552.5452,5.55,1.0713,8.4027,11.8913,12.1706,0.2255,28.2217,46.1955,47.3495,0.0,0.0,0.0,9041.0773,4.695,4.2615,0.0,0.0,0.2411,0.0,6.089,1.0,42881.0,1.3,0.0,0.0,8.0,5.178545703839123,5.262522120658136,5.1039,6.089,0.0
7204,2019-08-12,SZSE:002091,0.84,5.47,5.1039,5.5,5.39,8552.5452,5.46,1.0713,8.4027,11.8913,12.1706,0.2255,27.7379,46.1955,47.3495,0.0,0.0,0.0,9041.0773,4.695,4.2615,0.0,0.0,0.2411,0.0,4.1363,1.0,42881.0,1.3,0.0,0.0,8.0,5.094569287020111,5.131892138939672,5.029254296160878,4.1363,0.0
7205,2019-08-13,SZSE:002091,0.84,5.41,5.048,5.44,5.36,8458.733,5.42,1.0596,8.3105,11.7609,12.0371,0.223,27.7031,42.7452,43.7139,0.0,0.0,0.0,8947.2651,4.6463,4.2173,0.0,0.0,0.2386,0.0,3.8296,1.0,42881.0,1.3,0.0,0.0,8.0,5.057330868761553,5.075992606284658,5.001345656192236,3.8296,0.0
7206,2019-08-14,SZSE:002091,0.84,5.38,5.02,5.58,5.37,8411.8269,5.52,1.0537,8.2644,11.6957,11.9704,0.2218,27.3426,41.0926,41.9784,0.0,0.0,0.0,8900.359,4.622,4.1952,0.0,0.0,0.2373,0.0,4.4037,1.0,42881.0,1.3,0.0,0.0,8.0,5.150631970260222,5.206617100371747,5.010669144981413,4.4037,0.0
7207,2019-08-15,SZSE:002091,0.84,5.33,4.9733,5.36,5.2,8333.6501,5.22,1.0439,8.1876,11.587,11.8591,0.2197,27.0438,38.426,39.186,0.0,0.0,0.0,8822.1822,4.5814,4.1584,0.0,0.0,0.2352,0.0,3.8137,1.0,42881.0,1.3,0.0,0.0,8.0,4.870661538461539,5.0012923076923075,4.852,3.8137,0.0
7208,2019-08-16,SZSE:002091,0.8246,5.3,4.9453,5.35,5.26,8286.744,5.33,1.038,8.1415,11.5217,11.7924,0.2185,26.9979,36.8797,37.571,0.0,0.0,0.0,8775.2761,4.557,4.1362,0.0,0.0,0.234,0.0,4.4418,1.0,42881.0,1.3,0.0,0.0,8.0,4.973292264150944,4.991953773584905,4.907976981132075,4.4418,0.0
7209,2019-08-19,SZSE:002091,0.8246,5.45,5.0853,5.47,5.3,8521.2745,5.31,1.0674,8.3719,11.8478,12.1261,0.2246,25.5401,48.1212,48.9085,0.0,0.0,0.0,9009.8065,4.6788,4.2468,0.0,0.0,0.2403,0.0,6.0462,1.0,42881.0,1.3,0.0,0.0,8.0,4.954668440366972,5.103961651376147,4.945337614678899,6.0462,0.0
7210,2019-08-20,SZSE:002091,0.8246,5.49,5.1226,5.54,5.43,8583.8159,5.45,1.0752,8.4334,11.9348,12.2151,0.2263,25.5876,50.6455,51.441,0.0,0.0,0.0,9072.348,4.7113,4.2763,0.0,0.0,0.2419,0.0,5.0423,1.0,42881.0,1.3,0.0,0.0,8.0,5.085276867030966,5.169253916211293,5.066615300546448,5.0423,0.0
7211,2019-08-21,SZSE:002091,0.8246,5.5,5.1319,5.52,5.45,8599.4513,5.47,1.0772,8.4488,11.9565,12.2373,0.2267,25.3883,51.2837,52.0805,0.0,0.0,0.0,9087.9834,4.7194,4.2836,0.0,0.0,0.2423,0.0,3.0909,1.0,42881.0,1.3,0.0,0.0,8.0,5.103907818181818,5.150561454545454,5.085246363636363,3.0909,0.0
7212,2019-08-22,SZSE:002091,0.8246,5.54,5.1693,5.56,5.44,8661.9928,5.48,1.085,8.5102,12.0435,12.3263,0.2284,25.3172,53.854,54.6531,0.0,0.0,0.0,9150.5248,4.7519,4.3131,0.0,0.0,0.244,0.0,4.8212,1.0,42881.0,1.3,0.0,0.0,8.0,5.1133148014440435,5.187961732851984,5.075991335740072,4.8212,0.0
7213,2019-08-23,SZSE:002091,0.8129,5.52,5.1506,5.6,5.48,8630.722,5.54,1.0811,8.4795,12.0,12.2818,0.2275,25.0611,52.3663,53.1176,0.0,0.0,0.0,9119.2541,4.7356,4.2984,0.0,0.0,0.2432,0.0,4.2934,1.0,42881.0,1.3,0.0,0.0,8.0,5.169261594202898,5.225246376811595,5.113276811594203,4.2934,0.0
7214,2019-08-26,SZSE:002091,0.8129,5.49,5.1226,5.52,5.35,8583.8159,5.35,1.077,8.1825,11.9348,11.5881,0.2245,24.9709,50.1292,50.8115,0.0,0.0,0.0,5951.3431,2.8163,2.5714,0.0,0.0,0.1565,0.0,4.7218,1.0,42881.0,1.3,0.0,0.0,8.0,4.9919690346083785,5.150592349726775,4.9919690346083785,4.7218,0.0
7215,2019-08-27,SZSE:002091,0.8129,5.55,5.1786,5.58,5.48,8677.6281,5.5,1.0888,8.2719,9.0244,11.7147,0.2269,24.2657,54.3313,55.0177,0.0,0.0,0.0,6045.1553,2.8607,2.612,3.3183,2.7607,0.1589,0.1492,12.3773,1.0,42881.0,1.3,0.0,0.0,8.0,5.131945945945946,5.206592432432433,5.113284324324325,12.3773,0.0
7216,2019-08-28,SZSE:002091,0.8129,5.46,5.0946,5.57,5.45,8536.9098,5.57,1.0711,8.1378,8.5313,11.5247,0.2232,24.4523,47.8222,48.3403,0.0,0.0,0.0,5904.437,2.7941,2.5512,3.1117,2.5711,0.1552,0.1429,6.6906,1.0,42881.0,1.3,0.0,0.0,8.0,5.197238461538462,5.197238461538462,5.085269230769231,6.6906,0.0
7217,2019-08-29,SZSE:002091,0.8129,5.57,5.1973,5.58,5.46,8708.8989,5.47,1.0927,8.3017,8.7031,11.7569,0.2277,24.7812,54.9294,55.4562,0.0,0.0,0.0,6076.426,2.8755,2.6255,3.2023,2.646,0.1598,0.147,9.9052,1.0,42881.0,1.3,0.0,0.0,8.0,5.103991202872531,5.206630879712747,5.0946603231597845,9.9052,0.0
7218,2019-08-30,SZSE:002091,0.8124,5.44,5.076,5.61,5.42,8505.6391,5.59,1.0672,8.108,8.5,11.4825,0.2224,25.1164,46.8138,47.1842,0.0,0.0,0.0,5873.1662,2.7793,2.5377,3.0952,2.5574,0.1544,0.1421,8.4637,1.0,42881.0,1.3,0.0,0.0,8.0,5.215963235294116,5.234624999999999,5.057338235294117,8.4637,0.0
7219,2019-09-02,SZSE:002091,0.8124,5.63,5.2532,5.65,5.42,8802.7111,5.42,1.1045,8.3912,8.7969,11.8836,0.2302,25.9164,56.8485,57.2264,0.0,0.0,0.0,6170.2382,2.9198,2.666,3.2518,2.6868,0.1622,0.1493,10.9743,1.0,42881.0,1.3,0.0,0.0,8.0,5.057254706927175,5.271861456483126,5.057254706927175,10.9743,0.0
7220,2019-09-03,SZSE:002091,0.8124,5.61,5.2346,5.65,5.56,8771.4403,5.61,1.1005,8.3614,8.7656,11.8413,0.2294,25.8706,55.6581,56.019,0.0,0.0,0.0,6138.9675,2.905,2.6525,3.2353,2.6732,0.1614,0.1486,6.9191,1.0,42881.0,1.3,0.0,0.0,8.0,5.2346,5.271923351158645,5.187945811051693,6.9191,0.0
7221,2019-09-04,SZSE:002091,0.8124,5.69,5.3092,5.7,5.58,8896.5232,5.59,1.1162,8.4806,8.8906,12.0102,0.2326,25.6065,59.327,59.6833,0.0,0.0,0.0,6264.0504,2.9642,2.7065,3.3012,2.7277,0.1647,0.1516,7.1189,1.0,42881.0,1.3,0.0,0.0,8.0,5.215892442882248,5.318530755711774,5.206561687170474,7.1189,0.0
7222,2019-09-05,SZSE:002091,0.8124,5.67,5.2906,5.78,5.66,8865.2525,5.72,1.1123,8.4508,8.8594,11.968,0.2318,25.4658,58.0342,58.3739,0.0,0.0,0.0,6232.7797,2.9494,2.693,3.2847,2.714,0.1639,0.1508,8.7356,1.0,42881.0,1.3,0.0,0.0,8.0,5.337254320987655,5.39323950617284,5.28126913580247,8.7356,0.0
7223,2019-09-06,SZSE:002091,0.9293,5.77,5.3839,5.8,5.68,9021.6062,5.69,1.1319,8.5998,9.0156,12.1791,0.2359,25.3773,62.4411,62.7718,0.0,0.0,0.0,6389.1333,3.0234,2.7606,3.3671,2.7821,0.168,0.1546,9.3177,1.0,42881.0,1.3,0.0,0.0,8.0,5.309253206239169,5.411892547660312,5.299922357019064,9.3177,0.0
7224,2019-09-09,SZSE:002091,0.9293,5.83,5.4399,5.85,5.75,9115.4184,5.8,1.1437,8.6893,9.1094,12.3057,0.2384,25.2508,64.8277,65.1509,0.0,0.0,0.0,6482.9455,3.0678,2.8011,3.4166,2.823,0.1704,0.1569,7.6224,1.0,42881.0,1.3,0.0,0.0,8.0,5.411907375643224,5.4585617495711825,5.365253001715265,7.6224,0.0
7225,2019-09-10,SZSE:002091,0.9293,5.79,5.4025,5.84,5.75,9052.8769,5.83,1.1359,8.6296,9.0469,12.2213,0.2367,25.186,61.9993,62.2929,0.0,0.0,0.0,6420.4041,3.0382,2.7741,3.3836,2.7957,0.1688,0.1554,6.8122,1.0,42881.0,1.3,0.0,0.0,8.0,5.4398229706390335,5.449153713298791,5.365177029360967,6.8122,0.0
7226,2019-09-11,SZSE:002091,0.9293,5.78,5.3932,5.82,5.72,9037.2415,5.79,1.1339,8.6147,9.0313,12.2002,0.2363,24.2404,61.2795,61.5657,0.0,0.0,0.0,6404.7687,3.0308,2.7673,3.3754,2.7889,0.1684,0.155,6.6946,1.0,42881.0,1.3,0.0,0.0,8.0,5.402530795847751,5.430523183391005,5.3372152249134945,6.6946,0.0
7227,2019-09-12,SZSE:002091,0.9293,5.82,5.4305,5.83,5.75,9099.783,5.76,1.1417,8.6744,9.0938,12.2846,0.238,24.1187,63.1238,63.4058,0.0,0.0,0.0,6467.3102,3.0604,2.7944,3.4083,2.8162,0.17,0.1565,4.8317,1.0,42881.0,1.3,0.0,0.0,8.0,5.374515463917525,5.439830756013746,5.36518470790378,4.8317,0.0
7228,2019-09-13,SZSE:002091,0.9252,0.0,5.4305,0.0,0.0,9099.783,0.0,1.1417,8.6744,9.0938,12.2846,0.238,24.1187,63.1238,63.4058,0.0,0.0,0.0,6467.3102,3.0604,2.7944,3.4083,2.8162,0.17,0.1565,0.0,1.0,42881.0,1.3,0.0,0.0,8.0,0.0,0.0,0.0,0.0,0.0
7229,2019-09-16,SZSE:002091,0.9252,5.77,5.3839,5.86,5.75,9021.6062,5.84,1.1319,8.5998,9.0156,12.1791,0.2359,23.7756,59.3202,59.5668,0.0,0.0,0.0,6389.1333,3.0234,2.7606,3.3671,2.7821,0.168,0.1546,6.1053,1.0,42881.0,1.3,0.0,0.0,8.0,5.449215944540728,5.467877642980936,5.365238301559792,6.1053,0.0
7230,2019-09-17,SZSE:002091,0.9252,5.6,5.2252,5.78,5.6,8755.805,5.77,1.0986,8.3465,8.75,11.8202,0.229,24.2072,48.5982,48.7578,0.0,0.0,0.0,6123.3321,2.8976,2.6457,3.2271,2.6664,0.161,0.1482,6.6369,1.0,42881.0,1.3,0.0,0.0,8.0,5.3838221428571424,5.393152857142858,5.2252,6.6369,0.0
7231,2019-09-18,SZSE:002091,0.9252,5.59,5.2159,5.63,5.57,8740.1696,5.62,1.0966,8.3315,8.7344,11.7991,0.2285,24.1661,48.048,48.2036,0.0,0.0,0.0,6107.6967,2.8902,2.639,3.2188,2.6596,0.1606,0.1478,4.572,1.0,42881.0,1.3,0.0,0.0,8.0,5.243892307692309,5.253223076923078,5.197238461538462,4.572,0.0
7232,2019-09-19,SZSE:002091,0.9252,5.64,5.2626,5.64,5.54,8818.3464,5.61,1.1064,8.4061,8.8125,11.9047,0.2306,24.1693,51.0329,51.1905,0.0,0.0,0.0,6185.8736,2.9272,2.6728,3.26,2.6936,0.1626,0.1497,4.7063,1.0,42881.0,1.3,0.0,0.0,8.0,5.234607446808511,5.2626,5.169291489361703,4.7063,0.0
7233,2019-09-20,SZSE:002091,0.9151,5.64,5.2626,5.65,5.59,8818.3464,5.62,1.1064,8.4061,8.8125,11.9047,0.2306,23.9147,51.0329,51.1905,0.0,0.0,0.0,6185.8736,2.9272,2.6728,3.26,2.6936,0.1626,0.1497,5.6059,1.0,42881.0,1.3,0.0,0.0,8.0,5.243938297872341,5.271930851063831,5.215945744680851,5.6059,0.0
7234,2019-09-23,SZSE:002091,0.9151,5.5,5.1319,5.6,5.46,8599.4513,5.59,1.079,8.1974,8.5938,11.6092,0.2249,24.1345,43.0086,43.1165,0.0,0.0,0.0,5966.9784,2.8237,2.5782,3.1447,2.5983,0.1569,0.1444,6.1195,1.0,42881.0,1.3,0.0,0.0,8.0,5.215876545454545,5.225207272727272,5.09457709090909,6.1195,0.0
7235,2019-09-24,SZSE:002091,0.9151,5.52,5.1506,5.58,5.49,8630.722,5.5,1.0829,8.2272,8.625,11.6514,0.2257,24.1361,44.3547,44.4642,0.0,0.0,0.0,5998.2492,2.8385,2.5917,3.1611,2.6119,0.1577,0.1452,3.3615,1.0,42881.0,1.3,0.0,0.0,8.0,5.131938405797102,5.2065847826086955,5.1226076086956525,3.3615,0.0
7236,2019-09-25,SZSE:002091,0.9151,5.42,5.0573,5.53,5.41,8474.3684,5.53,1.0633,8.0782,8.4688,11.4403,0.2216,24.3638,39.3502,39.4338,0.0,0.0,0.0,5841.8955,2.7645,2.5241,3.0787,2.5438,0.1536,0.1414,4.9682,1.0,42881.0,1.3,0.0,0.0,8.0,5.159938929889299,5.159938929889299,5.047969188191882,4.9682,0.0
7237,2019-09-26,SZSE:002091,0.9151,5.35,4.992,5.47,5.34,8364.9208,5.43,1.0495,7.9738,8.3594,11.2925,0.2187,24.4491,36.2656,36.335,0.0,0.0,0.0,5732.448,2.7127,2.4769,3.0211,2.4962,0.1507,0.1387,5.093,1.0,42881.0,1.3,0.0,0.0,8.0,5.066646728971962,5.103970093457944,4.9826691588785055,5.093,0.0
7238,2019-09-27,SZSE:002091,0.936,5.38,5.02,5.41,5.34,8411.8269,5.38,1.0554,8.0186,8.4063,11.3559,0.22,24.4349,38.4909,38.5633,0.0,0.0,0.0,5779.3541,2.7349,2.4971,3.0458,2.5166,0.1519,0.1399,2.8215,1.0,42881.0,1.3,0.0,0.0,8.0,5.02,5.047992565055762,4.98267657992565,2.8215,0.0
7239,2019-09-30,SZSE:002091,0.936,5.36,5.0013,5.4,5.35,8380.5562,5.38,1.0515,7.9887,8.375,11.3137,0.2191,22.2182,37.5496,37.618,0.0,0.0,0.0,5748.0833,2.7201,2.4836,3.0293,2.503,0.1511,0.1391,2.7983,1.0,42881.0,1.3,0.0,0.0,8.0,5.019961567164178,5.038623134328358,4.9919692164179095,2.7983,0.0
7240,2019-10-01,SZSE:002091,0.936,0.0,5.0013,0.0,0.0,8380.5562,0.0,1.0515,7.9887,8.375,11.3137,0.2191,22.2182,37.5496,37.618,0.0,0.0,0.0,5748.0833,2.7201,2.4836,3.0293,2.503,0.1511,0.1391,0.0,1.0,42881.0,1.3,0.0,0.0,8.0,0.0,0.0,0.0,0.0,0.0
7241,2019-10-02,SZSE:002091,0.936,0.0,5.0013,0.0,0.0,8380.5562,0.0,1.0515,7.9887,8.375,11.3137,0.2191,22.2182,37.5496,37.618,0.0,0.0,0.0,5748.0833,2.7201,2.4836,3.0293,2.503,0.1511,0.1391,0.0,1.0,42881.0,1.3,0.0,0.0,8.0,0.0,0.0,0.0,0.0,0.0
7242,2019-10-03,SZSE:002091,0.936,0.0,5.0013,0.0,0.0,8380.5562,0.0,1.0515,7.9887,8.375,11.3137,0.2191,22.2182,37.5496,37.618,0.0,0.0,0.0,5748.0833,2.7201,2.4836,3.0293,2.503,0.1511,0.1391,0.0,1.0,42881.0,1.3,0.0,0.0,8.0,0.0,0.0,0.0,0.0,0.0
7243,2019-10-04,SZSE:002091,1.023,0.0,5.0013,0.0,0.0,8380.5562,0.0,1.0515,7.9887,8.375,11.3137,0.2191,22.2182,37.5496,37.618,0.0,0.0,0.0,5748.0833,2.7201,2.4836,3.0293,2.503,0.1511,0.1391,0.0,1.0,42881.0,1.3,0.0,0.0,8.0,0.0,0.0,0.0,0.0,0.0
7244,2019-10-07,SZSE:002091,1.023,0.0,5.0013,0.0,0.0,8380.5562,0.0,1.0515,7.9887,8.375,11.3137,0.2191,22.2182,37.5496,37.618,0.0,0.0,0.0,5748.0833,2.7201,2.4836,3.0293,2.503,0.1511,0.1391,0.0,1.0,42881.0,1.3,0.0,0.0,8.0,0.0,0.0,0.0,0.0,0.0
7245,2019-10-08,SZSE:002091,1.023,5.4,5.0386,5.42,5.36,8443.0976,5.36,1.0594,8.0484,8.4375,11.3981,0.2208,20.3856,40.6745,40.7463,0.0,0.0,0.0,5810.6248,2.7497,2.5106,3.0623,2.5302,0.1528,0.1406,4.0296,1.0,42881.0,1.3,0.0,0.0,8.0,5.0012770370370365,5.05726148148148,5.0012770370370365,4.0296,0.0
7246,2019-10-09,SZSE:002091,1.023,5.46,5.0946,5.46,5.34,8536.9098,5.38,1.0711,8.1378,8.5313,11.5247,0.2232,20.5058,45.1111,45.1866,0.0,0.0,0.0,5904.437,2.7941,2.5512,3.1117,2.5711,0.1552,0.1429,3.3893,1.0,42881.0,1.3,0.0,0.0,8.0,5.019953846153846,5.0946,4.982630769230769,3.3893,0.0
7247,2019-10-10,SZSE:002091,1.023,5.5,5.1319,5.53,5.45,8599.4513,5.49,1.079,8.1974,8.5938,11.6092,0.2249,20.5311,47.9079,47.985,0.0,0.0,0.0,5966.9784,2.8237,2.5782,3.1447,2.5983,0.1569,0.1444,4.4156,1.0,42881.0,1.3,0.0,0.0,8.0,5.122569272727272,5.159892181818183,5.085246363636363,4.4156,0.0
7248,2019-10-11,SZSE:002091,0.9003,5.51,5.1413,5.51,5.44,8615.0867,5.51,1.0809,8.2123,8.6094,11.6303,0.2253,20.5311,48.6129,48.6903,0.0,0.0,0.0,5982.6138,2.8311,2.5849,3.1529,2.6051,0.1573,0.1448,3.4553,1.0,42881.0,1.3,0.0,0.0,8.0,5.1413,5.1413,5.075984029038113,3.4553,0.0
7249,2019-10-14,SZSE:002091,0.9003,5.59,5.2159,5.63,5.52,8740.1696,5.55,1.0966,8.3315,8.7344,11.7991,0.2285,20.5785,53.9786,54.0571,0.0,0.0,0.0,6107.6967,2.8902,2.639,3.2188,2.6596,0.1606,0.1478,7.7522,1.0,42881.0,1.3,0.0,0.0,8.0,5.178576923076923,5.253223076923078,5.1505846153846155,7.7522,0.0
7250,2019-10-15,SZSE:002091,0.9003,5.5,5.1319,5.61,5.47,8599.4513,5.6,1.079,8.1974,8.5938,11.6092,0.2249,20.792,47.9168,47.9773,0.0,0.0,0.0,5966.9784,2.8237,2.5782,3.1447,2.5983,0.1569,0.1444,6.5488,1.0,42881.0,1.3,0.0,0.0,8.0,5.225207272727272,5.234538,5.103907818181818,6.5488,0.0
7251,2019-10-16,SZSE:002091,0.9003,5.48,5.1133,5.56,5.45,8568.1806,5.52,1.075,8.1676,8.5625,11.5669,0.224,20.803,46.6628,46.7198,0.0,0.0,0.0,5935.7077,2.8089,2.5647,3.1282,2.5847,0.1561,0.1436,3.5909,1.0,42881.0,1.3,0.0,0.0,8.0,5.150623357664233,5.187946715328466,5.0853074817518245,3.5909,0.0
7252,2019-10-17,SZSE:002091,0.9003,5.43,5.0666,5.51,5.39,8490.0037,5.48,1.0652,8.0931,8.4844,11.4614,0.222,20.8062,43.5912,43.6402,0.0,0.0,0.0,5857.5309,2.7719,2.5309,3.087,2.5506,0.154,0.1418,4.7883,1.0,42881.0,1.3,0.0,0.0,8.0,5.113253775322284,5.141246040515654,5.029276979742173,4.7883,0.0
7253,2019-10-18,SZSE:002091,0.8534,5.35,4.992,5.45,5.34,8364.9208,5.41,1.0495,7.9738,8.3594,11.2925,0.2187,20.3635,39.1507,39.1892,0.0,0.0,0.0,5732.448,2.7127,2.4769,3.0211,2.4962,0.1507,0.1387,4.2081,1.0,42881.0,1.3,0.0,0.0,8.0,5.047985046728972,5.085308411214953,4.9826691588785055,4.2081,0.0
7254,2019-10-21,SZSE:002091,0.8534,5.31,4.9547,5.35,5.26,8302.3793,5.35,1.0417,7.9142,8.2969,11.2081,0.2171,20.4188,37.1149,37.149,0.0,0.0,0.0,5669.9065,2.6831,2.4498,2.9881,2.4689,0.1491,0.1372,4.0185,1.0,42881.0,1.3,0.0,0.0,8.0,4.992023540489642,4.992023540489642,4.908045574387947,4.0185,0.0
7255,2019-10-22,SZSE:002091,0.8534,5.36,5.0013,5.37,5.31,8380.5562,5.31,1.0515,7.9887,8.375,11.3137,0.2191,19.9824,41.2288,41.2652,0.0,0.0,0.0,5748.0833,2.7201,2.4836,3.0293,2.503,0.1511,0.1391,2.4254,1.0,42881.0,1.3,0.0,0.0,8.0,4.9546460820895515,5.010630783582089,4.9546460820895515,2.4254,0.0
7256,2019-10-23,SZSE:002091,0.8534,5.35,4.992,5.38,5.32,8364.9208,5.36,1.0495,7.9738,8.3594,11.2925,0.2187,19.8955,40.656,40.6912,0.0,0.0,0.0,5732.448,2.7127,2.4769,3.0211,2.4962,0.1507,0.1387,2.3462,1.0,42881.0,1.3,0.0,0.0,8.0,5.001330841121495,5.019992523364486,4.964007476635515,2.3462,0.0
7257,2019-10-24,SZSE:002091,0.8534,5.38,5.02,5.38,5.33,8411.8269,5.35,1.0554,8.0186,8.4063,11.3559,0.22,19.7959,43.2055,43.2419,0.0,0.0,0.0,5779.3541,2.7349,2.4971,3.0458,2.5166,0.1519,0.1399,2.5612,1.0,42881.0,1.3,0.0,0.0,8.0,4.992007434944237,5.02,4.9733457249070625,2.5612,0.0
7258,2019-10-25,SZSE:002091,1.0329,5.39,5.0293,5.41,5.32,8427.4623,5.37,1.0574,8.0335,8.4219,11.377,0.2204,19.7959,44.0681,44.1048,0.0,0.0,0.0,5794.9894,2.7423,2.5039,3.054,2.5234,0.1524,0.1402,2.8076,1.0,42881.0,1.3,0.0,0.0,8.0,5.01063840445269,5.04796159554731,4.963984415584417,2.8076,0.0
7259,2019-10-28,SZSE:002091,1.0329,5.47,5.1039,5.48,5.37,8552.5452,5.39,1.0731,8.1527,8.5469,11.5458,0.2236,20.022,50.5399,50.5782,0.0,0.0,0.0,5920.0723,2.8015,2.5579,3.1199,2.5779,0.1556,0.1433,5.3165,1.0,42881.0,1.3,0.0,0.0,8.0,5.029254296160878,5.113230712979892,5.010592870201098,5.3165,0.0
7260,2019-10-29,SZSE:002091,1.0329,5.41,5.048,5.48,5.41,8458.733,5.48,1.0613,8.0633,8.4531,11.4192,0.2212,20.0599,46.2203,46.2518,0.0,0.0,0.0,5826.2602,2.7571,2.5174,3.0705,2.537,0.1532,0.141,3.124,1.0,42881.0,1.3,0.0,0.0,8.0,5.1133160813308685,5.1133160813308685,5.048,3.124,0.0
7261,2019-10-30,SZSE:002091,1.0329,5.32,4.964,5.42,5.32,8318.0147,5.4,1.0042,7.9398,8.3125,11.2224,0.2242,20.2243,40.613,40.6366,0.0,0.0,0.0,8407.1927,4.5483,4.08,4.4307,3.6609,0.2267,0.2035,3.1931,1.0,42881.0,1.3,0.0,0.0,8.0,5.038646616541354,5.0573082706766925,4.964,3.1931,0.0
7262,2019-10-31,SZSE:002091,1.0329,5.33,4.9733,5.42,5.33,8333.6501,5.35,1.0061,7.9547,8.3281,11.2435,0.2246,20.0457,41.4628,41.4866,0.0,0.0,0.0,8422.8281,4.5568,4.0876,4.4389,3.6677,0.2271,0.2038,3.5075,1.0,42881.0,1.3,0.0,0.0,8.0,4.991961538461538,5.057276923076923,4.9733,3.5075,0.0
7263,2019-11-01,SZSE:002091,1.1112,5.44,5.076,5.45,5.29,8505.6391,5.37,1.0269,8.1189,8.5,11.4756,0.2292,20.3651,49.947,49.9725,0.0,0.0,0.0,8594.8171,4.6498,4.1711,4.5296,3.7426,0.2317,0.208,4.2289,1.0,42881.0,1.3,0.0,0.0,8.0,5.010683823529411,5.08533088235294,4.936036764705882,4.2289,0.0
7264,2019-11-04,SZSE:002091,1.1112,5.43,5.0666,5.5,5.43,8490.0037,5.45,1.025,8.104,8.4844,11.4545,0.2288,20.3556,49.2481,49.273,0.0,0.0,0.0,8579.1818,4.6414,4.1635,4.5213,3.7358,0.2313,0.2076,4.4017,1.0,42881.0,1.3,0.0,0.0,8.0,5.085261510128913,5.131915285451198,5.0666,4.4017,0.0
7265,2019-11-05,SZSE:002091,1.1112,5.48,5.1133,5.51,5.41,8568.1806,5.43,1.0344,8.1786,8.5625,11.56,0.2309,20.3888,52.8038,52.8288,0.0,0.0,0.0,8657.3586,4.6837,4.2014,4.5625,3.7698,0.2334,0.2095,4.7534,1.0,42881.0,1.3,0.0,0.0,8.0,5.066645802919707,5.141292518248174,5.047984124087591,4.7534,0.0
7266,2019-11-06,SZSE:002091,1.1112,5.52,5.1506,5.66,5.44,8630.722,5.48,1.042,8.2383,8.625,11.6443,0.2326,20.3208,55.4903,55.5153,0.0,0.0,0.0,8719.9,4.7175,4.2318,4.5955,3.797,0.2351,0.211,10.1663,1.0,42881.0,1.3,0.0,0.0,8.0,5.113276811594203,5.28123115942029,5.075953623188407,10.1663,0.0
7267,2019-11-07,SZSE:002091,1.1112,5.54,5.1693,5.54,5.44,8661.9928,5.47,1.0457,8.2681,8.6563,11.6865,0.2334,19.9192,56.814,56.8389,0.0,0.0,0.0,8751.1708,4.7344,4.2469,4.612,3.8107,0.2359,0.2118,6.3053,1.0,42881.0,1.3,0.0,0.0,8.0,5.10398393501805,5.1693,5.075991335740072,6.3053,0.0
7268,2019-11-08,SZSE:002091,1.1678,5.52,5.1506,5.65,5.51,8630.722,5.6,1.042,8.2383,8.625,11.6443,0.2326,19.8781,55.0509,55.0742,0.0,0.0,0.0,8719.9,4.7175,4.2318,4.5955,3.797,0.2351,0.211,5.1254,1.0,42881.0,1.3,0.0,0.0,8.0,5.225246376811595,5.271900362318841,5.141269202898551,5.1254,0.0
7269,2019-11-11,SZSE:002091,1.1678,5.34,4.9826,5.51,5.33,8349.2854,5.51,1.008,7.9696,8.3438,11.2646,0.225,20.7951,42.3215,42.3345,0.0,0.0,0.0,8438.4635,4.5653,4.0952,4.4472,3.6745,0.2275,0.2042,5.1032,1.0,42881.0,1.3,0.0,0.0,8.0,5.141222097378277,5.141222097378277,4.973269288389512,5.1032,0.0
7270,2019-11-12,SZSE:002091,1.1678,5.4,5.0386,5.41,5.31,8443.0976,5.39,1.0193,8.0592,8.4375,11.3912,0.2275,20.928,46.7422,46.7557,0.0,0.0,0.0,8532.2757,4.616,4.1407,4.4966,3.7153,0.23,0.2065,3.2999,1.0,42881.0,1.3,0.0,0.0,8.0,5.029269259259259,5.04793074074074,4.954623333333332,3.2999,0.0
7271,2019-11-13,SZSE:002091,1.1678,5.4,5.0386,5.43,5.35,8443.0976,5.4,1.0193,8.0592,8.4375,11.3912,0.2275,20.8078,46.7422,46.7557,0.0,0.0,0.0,8532.2757,4.616,4.1407,4.4966,3.7153,0.23,0.2065,2.8668,1.0,42881.0,1.3,0.0,0.0,8.0,5.0386,5.066592222222222,4.9919462962962955,2.8668,0.0
7272,2019-11-14,SZSE:002091,1.1678,5.43,5.0666,5.43,5.36,8490.0037,5.37,1.025,8.104,8.4844,11.4545,0.2288,20.8062,49.0084,49.0223,0.0,0.0,0.0,8579.1818,4.6414,4.1635,4.5213,3.7358,0.2313,0.2076,2.4545,1.0,42881.0,1.3,0.0,0.0,8.0,5.01061546961326,5.0666,5.001284714548804,2.4545,0.0
7273,2019-11-15,SZSE:002091,1.1574,5.36,5.0013,5.44,5.36,8380.5562,5.43,1.0118,7.9995,8.375,11.3068,0.2259,20.89,44.2743,44.2853,0.0,0.0,0.0,8469.7342,4.5822,4.1104,4.4636,3.6881,0.2284,0.205,2.4897,1.0,42881.0,1.3,0.0,0.0,8.0,5.0666154850746254,5.0759462686567165,5.0013,2.4897,0.0
7274,2019-11-18,SZSE:002091,1.1574,5.4,5.0386,5.4,5.34,8443.0976,5.36,1.0193,8.0592,8.4375,11.3912,0.2275,20.9074,47.401,47.4123,0.0,0.0,0.0,8532.2757,4.616,4.1407,4.4966,3.7153,0.23,0.2065,2.1846,1.0,42881.0,1.3,0.0,0.0,8.0,5.0012770370370365,5.0386,4.982615555555555,2.1846,0.0
7275,2019-11-19,SZSE:002091,1.1574,5.49,5.1226,5.49,5.37,8583.8159,5.37,1.0363,8.1935,8.5781,11.5811,0.2313,20.3935,53.6964,53.708,0.0,0.0,0.0,8672.9939,4.6921,4.209,4.5708,3.7766,0.2338,0.2099,4.1466,1.0,42881.0,1.3,0.0,0.0,8.0,5.010630601092896,5.1226,5.010630601092896,4.1466,0.0
7276,2019-11-20,SZSE:002091,1.1574,5.44,5.076,5.54,5.41,8505.6391,5.49,1.0269,8.1189,8.5,11.4756,0.2292,20.4252,50.1083,50.1182,0.0,0.0,0.0,8594.8171,4.6498,4.1711,4.5296,3.7426,0.2317,0.208,3.7798,1.0,42881.0,1.3,0.0,0.0,8.0,5.122654411764705,5.169308823529411,5.048007352941176,3.7798,0.0
7277,2019-11-21,SZSE:002091,1.1574,5.41,5.048,5.44,5.38,8458.733,5.44,1.0212,8.0741,8.4531,11.4123,0.228,20.4504,48.0343,48.0434,0.0,0.0,0.0,8547.911,4.6245,4.1483,4.5048,3.7222,0.2305,0.2069,2.3592,1.0,42881.0,1.3,0.0,0.0,8.0,5.075992606284658,5.075992606284658,5.020007393715342,2.3592,0.0
7278,2019-11-22,SZSE:002091,1.1086,5.49,5.1226,5.53,5.41,8583.8159,5.42,1.0363,8.1935,8.5781,11.5811,0.2313,20.6212,53.555,53.5642,0.0,0.0,0.0,8672.9939,4.6921,4.209,4.5708,3.7766,0.2338,0.2099,5.8646,1.0,42881.0,1.3,0.0,0.0,8.0,5.05728451730419,5.159923132969035,5.047953734061931,5.8646,0.0
7279,2019-11-25,SZSE:002091,1.1086,5.58,5.2066,5.58,5.48,8724.5342,5.48,1.0533,8.3278,8.7188,11.7709,0.2351,20.8774,58.8512,58.8603,0.0,0.0,0.0,8813.7122,4.7683,4.2773,4.6449,3.8379,0.2376,0.2133,7.0288,1.0,42881.0,1.3,0.0,0.0,8.0,5.113291756272401,5.2066,5.113291756272401,7.0288,0.0
7280,2019-11-26,SZSE:002091,1.1086,5.56,5.1879,5.6,5.51,8693.2635,5.59,1.0495,8.298,8.6875,11.7287,0.2343,20.86,57.2879,57.2965,0.0,0.0,0.0,8782.4415,4.7513,4.2621,4.6284,3.8243,0.2368,0.2125,4.8225,1.0,42881.0,1.3,0.0,0.0,8.0,5.21589226618705,5.2252230215827336,5.141246223021583,4.8225,0.0
7281,2019-11-27,SZSE:002091,1.1086,5.6,5.2252,5.64,5.53,8755.805,5.58,1.0571,8.3577,8.75,11.8131,0.236,20.7936,59.5995,59.608,0.0,0.0,0.0,8844.983,4.7852,4.2925,4.6614,3.8515,0.2385,0.214,8.1077,1.0,42881.0,1.3,0.0,0.0,8.0,5.206538571428572,5.262522857142857,5.159885000000001,8.1077,0.0
7282,2019-11-28,SZSE:002091,1.1086,5.5,5.1319,5.62,5.49,8599.4513,5.59,1.0382,8.2084,8.2707,11.6022,0.2318,20.8521,52.0197,52.0261,0.0,0.0,0.0,8688.6293,4.7006,4.2166,4.4032,3.6154,0.2343,0.2063,5.4996,1.0,42881.0,1.3,0.0,0.0,8.0,5.215876545454545,5.2438687272727265,5.122569272727272,5.4996,0.0
7283,2019-11-29,SZSE:002091,1.0167,6.05,5.6451,6.05,5.48,9459.3964,5.52,1.142,9.0293,9.0977,12.7624,0.2549,28.2502,72.634,72.6394,0.0,0.0,0.0,9548.5744,5.1658,4.6339,4.839,3.9732,0.2574,0.2267,36.309,1.0,42881.0,1.3,0.0,0.0,8.0,5.150570578512397,5.6451,5.113247603305786,36.309,0.0
7284,2019-12-02,SZSE:002091,1.0167,6.66,6.2143,6.66,6.27,10413.1537,6.36,1.2571,9.9397,10.015,14.0492,0.2806,33.4522,81.9148,81.9188,0.0,0.0,0.0,10502.3318,5.6818,5.0968,5.3224,4.3701,0.2832,0.2494,85.6048,1.0,42881.0,1.3,0.0,0.0,8.0,5.934376576576576,6.2143,5.850399549549548,85.6048,0.0
7285,2019-12-03,SZSE:002091,1.0167,6.3,5.8784,6.57,6.27,9850.2806,6.48,1.1892,9.4024,9.4737,13.2897,0.2655,35.5298,67.3896,67.3923,0.0,0.0,0.0,9939.4586,5.3773,4.8236,5.0371,4.1358,0.268,0.236,67.3184,1.0,42881.0,1.3,0.0,0.0,8.0,6.046354285714287,6.130331428571429,5.850407619047618,67.3184,0.0
7286,2019-12-04,SZSE:002091,1.0167,6.36,5.9344,6.38,6.17,9944.0928,6.25,1.2005,9.4919,9.5639,13.4163,0.268,35.4728,68.3955,68.3981,0.0,0.0,0.0,10033.2708,5.4281,4.8692,5.0846,4.1749,0.2705,0.2382,48.3333,1.0,42881.0,1.3,0.0,0.0,8.0,5.831761006289308,5.953061635220125,5.7571144654088044,48.3333,0.0
7287,2019-12-05,SZSE:002091,1.0167,6.31,5.8877,6.42,6.23,9865.9159,6.29,1.1911,9.4173,9.4887,13.3108,0.2659,35.514,66.5532,66.5556,0.0,0.0,0.0,9955.094,5.3858,4.8312,5.045,4.1424,0.2684,0.2364,41.906,1.0,42881.0,1.3,0.0,0.0,8.0,5.86903851030111,5.990338193343898,5.813054041204438,41.906,0.0
7288,2019-12-06,SZSE:002091,1.0359,6.4,5.9717,6.47,6.23,10006.6342,6.29,1.2081,9.5516,9.6241,13.5007,0.2697,35.457,68.2129,68.2153,0.0,0.0,0.0,10095.8123,5.4619,4.8995,5.1163,4.2009,0.2722,0.2397,36.7969,1.0,42881.0,1.3,0.0,0.0,8.0,5.86906140625,6.037015468749999,5.8130767187500005,36.7969,0.0
7289,2019-12-09,SZSE:002091,1.0359,6.82,6.3636,7.04,6.22,10663.3196,6.41,1.2873,10.1784,10.2556,14.3867,0.2874,37.6374,74.5579,74.56,0.0,0.0,0.0,10752.4976,5.8172,5.2182,5.4491,4.4742,0.2899,0.2553,77.9596,1.0,42881.0,1.3,0.0,0.0,8.0,5.981037536656891,6.5688774193548385,5.803752492668622,77.9596,0.0
7290,2019-12-10,SZSE:002091,1.0359,6.75,6.2983,6.81,6.59,10553.872,6.7,1.2741,10.074,10.1504,14.239,0.2844,37.6817,71.9791,71.9811,0.0,0.0,0.0,10643.0501,5.7579,5.1651,5.3937,4.4286,0.2869,0.2527,36.977,1.0,42881.0,1.3,0.0,0.0,8.0,6.251645925925926,6.354284888888888,6.149006962962964,36.977,0.0
7291,2019-12-11,SZSE:002091,1.0359,6.55,6.1117,6.88,6.54,10241.1647,6.68,1.2364,9.7755,9.8496,13.8171,0.276,38.2699,65.0556,65.0572,0.0,0.0,0.0,10330.3427,5.5888,5.0133,5.2352,4.2985,0.2785,0.2453,29.2366,1.0,42881.0,1.3,0.0,0.0,8.0,6.233000916030535,6.419617709923664,6.102369160305344,29.2366,0.0
7292,2019-12-12,SZSE:002091,1.0359,6.66,6.2143,6.73,6.49,10413.1537,6.51,1.2571,9.9397,10.015,14.0492,0.2806,38.3742,66.9391,66.9407,0.0,0.0,0.0,10502.3318,5.6818,5.0968,5.3224,4.3701,0.2832,0.2494,27.4994,1.0,42881.0,1.3,0.0,0.0,8.0,6.0743382882882875,6.279615465465465,6.055676726726726,27.4994,0.0
7293,2019-12-13,SZSE:002091,1.0258,6.63,6.1863,6.74,6.57,10366.2477,6.74,1.2515,9.8949,9.9699,13.9859,0.2794,38.0738,65.8959,65.8974,0.0,0.0,0.0,10455.4257,5.6564,5.074,5.2986,4.3505,0.2819,0.2483,17.8375,1.0,42881.0,1.3,0.0,0.0,8.0,6.288938461538462,6.288938461538462,6.130315384615385,17.8375,0.0
7294,2019-12-16,SZSE:002091,1.0258,6.65,6.205,6.67,6.38,10397.5184,6.66,1.2553,9.9247,10.0,14.0281,0.2802,38.0074,66.2733,66.2748,0.0,0.0,0.0,10486.6964,5.6734,5.0892,5.3144,4.3636,0.2827,0.249,26.59,1.0,42881.0,1.3,0.0,0.0,8.0,6.214330827067669,6.223661654135339,5.953067669172932,26.59,0.0
7295,2019-12-17,SZSE:002091,1.0258,6.69,6.2423,6.92,6.58,10460.0598,6.6,1.2628,9.9844,10.0602,14.1124,0.2819,37.4177,67.0584,67.0598,0.0,0.0,0.0,10549.2379,5.7072,5.1195,5.3461,4.3896,0.2844,0.2505,37.1828,1.0,42881.0,1.3,0.0,0.0,8.0,6.158322869955156,6.45690822122571,6.139661285500747,37.1828,0.0
7296,2019-12-18,SZSE:002091,1.0258,6.59,6.149,6.71,6.55,10303.7062,6.7,1.2439,9.8352,9.9098,13.9015,0.2777,37.5868,63.1036,63.1049,0.0,0.0,0.0,10392.8842,5.6226,5.0437,5.2669,4.3245,0.2802,0.2468,22.6279,1.0,42881.0,1.3,0.0,0.0,8.0,6.251638846737481,6.260969650986343,6.111676783004552,22.6279,0.0
7297,2019-12-19,SZSE:002091,1.0258,6.6,6.1583,6.67,6.49,10319.3416,6.56,1.2458,9.8501,9.9248,13.9226,0.2781,37.5663,63.3365,63.3378,0.0,0.0,0.0,10408.5196,5.6311,5.0513,5.2748,4.331,0.2806,0.2471,15.8258,1.0,42881.0,1.3,0.0,0.0,8.0,6.120976969696969,6.223615303030304,6.0556616666666665,15.8258,0.0
7298,2019-12-20,SZSE:002091,0.9936,6.4,5.9717,6.7,6.38,10006.6342,6.59,1.2081,9.5516,9.6241,13.5007,0.2697,38.1766,55.7573,55.7583,0.0,0.0,0.0,10095.8123,5.4619,4.8995,5.1163,4.2009,0.2722,0.2397,20.1002,1.0,42881.0,1.3,0.0,0.0,8.0,6.148984843749999,6.2516234375,5.9530384375,20.1002,0.0
7299,2019-12-23,SZSE:002091,0.9936,6.28,5.8597,6.48,6.25,9819.0098,6.44,1.1854,9.3725,9.4436,13.2476,0.2646,38.0106,51.7555,51.7564,0.0,0.0,0.0,9908.1879,5.3604,4.8084,5.0213,4.1228,0.2671,0.2353,14.2209,1.0,42881.0,1.3,0.0,0.0,8.0,6.008991719745223,6.046314649681529,5.83170780254777,14.2209,0.0
7300,2019-12-24,SZSE:002091,0.9936,6.58,6.1397,6.64,6.29,10288.0708,6.29,1.242,9.8203,9.8947,13.8804,0.2773,39.0778,59.5683,59.5691,0.0,0.0,0.0,10377.2488,5.6141,5.0361,5.259,4.318,0.2798,0.2464,21.931,1.0,42881.0,1.3,0.0,0.0,8.0,5.869105319148937,6.195685106382979,5.869105319148937,21.931,0.0
7301,2019-12-25,SZSE:002091,0.9936,6.59,6.149,6.77,6.54,10303.7062,6.57,1.2439,9.8352,9.9098,13.9015,0.2777,38.8312,59.8019,59.8028,0.0,0.0,0.0,10392.8842,5.6226,5.0437,5.2669,4.3245,0.2802,0.2468,23.0757,1.0,42881.0,1.3,0.0,0.0,8.0,6.130338391502277,6.3169544764795145,6.10234597875569,23.0757,0.0
7302,2019-12-26,SZSE:002091,0.9936,6.7,6.2516,6.75,6.59,10475.6952,6.59,1.2647,9.9993,10.0752,14.1335,0.2823,38.7758,62.3778,62.3786,0.0,0.0,0.0,10564.8732,5.7157,5.1271,5.3541,4.3961,0.2848,0.2509,22.1622,1.0,42881.0,1.3,0.0,0.0,8.0,6.148961791044776,6.298253731343283,6.148961791044776,22.1622,0.0
7303,2019-12-27,SZSE:002091,1.0081,6.75,6.2983,6.9,6.63,10553.872,6.7,1.2741,10.074,10.1504,14.239,0.2844,38.7806,63.522,63.5228,0.0,0.0,0.0,10643.0501,5.7579,5.1651,5.3937,4.4286,0.2869,0.2527,31.7274,1.0,42881.0,1.3,0.0,0.0,8.0,6.251645925925926,6.438262222222224,6.186330222222223,31.7274,0.0
7304,2019-12-30,SZSE:002091,1.0081,6.81,6.3543,6.87,6.52,10647.6842,6.7,1.2855,10.1635,10.2406,14.3656,0.287,38.7632,64.9015,64.9023,0.0,0.0,0.0,10736.8623,5.8087,5.2106,5.4412,4.4676,0.2895,0.2549,28.4275,1.0,42881.0,1.3,0.0,0.0,8.0,6.251660792951543,6.410285022026432,6.083705726872247,28.4275,0.0
7305,2019-12-31,SZSE:002091,1.0081,6.87,6.4103,7.05,6.78,10741.4964,6.78,1.2968,10.2531,10.3308,14.4921,0.2895,38.4501,66.275,66.2758,0.0,0.0,0.0,10830.6745,5.8595,5.2561,5.4888,4.5067,0.292,0.2572,31.0606,1.0,42881.0,1.3,0.0,0.0,8.0,6.3263222707423585,6.578255458515285,6.3263222707423585,31.0606,0.0
7306,2020-01-01,SZSE:002091,1.0081,0.0,6.4103,0.0,0.0,10741.4964,0.0,1.2968,10.2531,10.3308,14.4921,0.2895,38.4501,66.275,66.2758,0.0,0.0,0.0,10830.6745,5.8595,5.2561,5.4888,4.5067,0.292,0.2572,0.0,1.0,42881.0,1.3,0.0,0.0,8.0,0.0,0.0,0.0,0.0,0.0
7307,2020-01-02,SZSE:002091,1.0081,6.87,6.4103,7.01,6.79,10741.4964,6.89,1.2968,10.2531,10.3308,14.4921,0.2895,38.1434,66.275,66.2758,0.0,0.0,0.0,10830.6745,5.8595,5.2561,5.4888,4.5067,0.292,0.2572,29.4102,1.0,42881.0,1.3,0.0,0.0,8.0,6.428961717612808,6.540932023289665,6.3356531295487635,29.4102,0.0
7308,2020-01-03,SZSE:002091,1.0088,6.76,6.3076,6.86,6.72,10569.5074,6.8,1.276,10.0889,10.1654,14.2601,0.2849,38.0454,61.1842,61.1849,0.0,0.0,0.0,10658.6854,5.7664,5.1727,5.4016,4.4351,0.2874,0.2531,18.3414,1.0,42881.0,1.3,0.0,0.0,8.0,6.344923076923077,6.400907692307693,6.270276923076922,18.3414,0.0
7309,2020-01-06,SZSE:002091,1.0088,7.16,6.6808,7.37,6.65,11194.922,6.77,1.3515,10.6859,10.7669,15.1039,0.3017,39.2122,70.1602,70.1609,0.0,0.0,0.0,11284.1001,6.1048,5.4762,5.7185,4.6954,0.3042,0.2679,45.8507,1.0,42881.0,1.3,0.0,0.0,8.0,6.316901675977653,6.876745251396648,6.204932960893855,45.8507,0.0
7310,2020-01-07,SZSE:002091,1.0088,7.08,6.6062,7.2,7.05,11069.8391,7.14,1.3364,10.5665,10.6466,14.9351,0.2983,39.0272,66.8316,66.8321,0.0,0.0,0.0,11159.0171,6.0371,5.4155,5.6552,4.6433,0.3009,0.265,24.3602,1.0,42881.0,1.3,0.0,0.0,8.0,6.662184745762712,6.7181694915254235,6.578207627118644,24.3602,0.0
7311,2020-01-08,SZSE:002091,1.0088,7.13,6.6529,7.36,7.05,11148.0159,7.07,1.3459,10.6411,10.7218,15.0406,0.3004,39.0257,67.858,67.8585,0.0,0.0,0.0,11237.194,6.0794,5.4534,5.6948,4.6758,0.303,0.2668,35.7553,1.0,42881.0,1.3,0.0,0.0,8.0,6.5969148667601685,6.8675096774193545,6.578253155680224,35.7553,0.0
7312,2020-01-09,SZSE:002091,1.0088,7.11,6.6342,7.23,7.08,11116.7452,7.22,1.3421,10.6112,10.6917,14.9984,0.2996,39.0272,66.9653,66.9658,0.0,0.0,0.0,11205.9232,6.0625,5.4382,5.6789,4.6628,0.3021,0.2661,21.2611,1.0,42881.0,1.3,0.0,0.0,8.0,6.7368388185654,6.7461696202531645,6.606207594936708,21.2611,0.0
7313,2020-01-10,SZSE:002091,1.1301,7.26,6.7742,7.41,7.03,11351.2757,7.11,1.3704,10.8351,10.9173,15.3148,0.3059,39.1616,70.1382,70.1387,0.0,0.0,0.0,11440.4537,6.1893,5.5521,5.7978,4.7604,0.3084,0.2716,31.7719,1.0,42881.0,1.3,0.0,0.0,8.0,6.634237190082645,6.914162809917356,6.559590358126723,31.7719,0.0
7314,2020-01-13,SZSE:002091,1.1301,7.76,7.2407,7.88,7.29,12133.044,7.36,1.4648,11.5813,11.6692,16.3696,0.327,41.0195,77.7943,77.7947,0.0,0.0,0.0,12222.222,6.6123,5.9314,6.194,5.0857,0.3295,0.2902,45.9148,1.0,42881.0,1.3,0.0,0.0,8.0,6.867468041237114,7.352669587628866,6.802152448453609,45.9148,0.0
7315,2020-01-14,SZSE:002091,1.1301,7.8,7.278,8.04,7.66,12195.5855,7.8,1.4723,11.641,11.7293,16.454,0.3287,40.98,78.2742,78.2746,0.0,0.0,0.0,12284.7635,6.6461,5.9618,6.2257,5.1117,0.3312,0.2917,33.9278,1.0,42881.0,1.3,0.0,0.0,8.0,7.278,7.50193846153846,7.147369230769231,33.9278,0.0
7316,2020-01-15,SZSE:002091,1.1301,7.7,7.1847,7.9,7.58,12039.2318,7.77,1.4535,11.4918,11.579,16.243,0.3245,40.9167,73.9703,73.9706,0.0,0.0,0.0,12128.4098,6.5615,5.8859,6.1464,5.0467,0.327,0.288,20.3891,1.0,42881.0,1.3,0.0,0.0,8.0,7.250015454545454,7.371315584415584,7.07273064935065,20.3891,0.0
7317,2020-01-16,SZSE:002091,1.1301,7.83,7.306,7.83,7.6,12242.4916,7.71,1.478,11.6858,11.7744,16.5173,0.3299,40.9404,75.8308,75.8311,0.0,0.0,0.0,12331.6696,6.6715,5.9846,6.2494,5.1313,0.3325,0.2928,18.9761,1.0,42881.0,1.3,0.0,0.0,8.0,7.194030651340996,7.306,7.091392081736909,18.9761,0.0
7318,2020-01-17,SZSE:002091,1.1818,7.79,7.2687,7.92,7.55,12179.9501,7.8,1.4704,11.6261,11.7143,16.4329,0.3283,40.8914,74.0763,74.0767,0.0,0.0,0.0,12269.1281,6.6377,5.9542,6.2177,5.1052,0.3308,0.2913,23.1652,1.0,42881.0,1.3,0.0,0.0,8.0,7.27803080872914,7.390000513478819,7.044760590500641,23.1652,0.0
7319,2020-01-20,SZSE:002091,1.1818,7.72,7.2034,7.74,7.59,12070.5025,7.71,1.4572,11.5216,11.609,16.2852,0.3253,40.7934,70.9813,70.9816,0.0,0.0,0.0,12159.6806,6.5784,5.9011,6.1623,5.0597,0.3278,0.2887,13.2504,1.0,42881.0,1.3,0.0,0.0,8.0,7.194069170984456,7.222061658031088,7.082099222797928,13.2504,0.0
7320,2020-01-21,SZSE:002091,1.1818,7.44,6.9421,7.67,7.4,11632.7123,7.62,1.4044,11.1038,11.188,15.6946,0.3135,41.5666,60.1546,60.1548,0.0,0.0,0.0,11721.8903,6.3416,5.6886,5.9404,4.8775,0.316,0.2783,18.8558,1.0,42881.0,1.3,0.0,0.0,8.0,7.1100540322580645,7.156707930107526,6.90477688172043,18.8558,0.0
7321,2020-01-22,SZSE:002091,1.1818,7.8,7.278,7.85,7.32,12195.5855,7.46,1.4723,11.641,11.7293,16.454,0.3287,42.3714,67.1024,67.1026,0.0,0.0,0.0,12284.7635,6.6461,5.9618,6.2257,5.1117,0.3312,0.2917,24.3009,1.0,42881.0,1.3,0.0,0.0,8.0,6.960753846153846,7.324653846153845,6.830123076923077,24.3009,0.0
7322,2020-01-23,SZSE:002091,1.1818,7.53,7.0261,7.81,7.36,11773.4306,7.7,1.4214,11.2381,11.3233,15.8844,0.3173,43.105,58.8186,58.8187,0.0,0.0,0.0,11862.6086,6.4177,5.7569,6.0117,4.9361,0.3198,0.2817,18.4245,1.0,42881.0,1.3,0.0,0.0,8.0,7.1847237715803445,7.287362682602921,6.867476228419655,18.4245,0.0
7323,2020-01-24,SZSE:002091,1.1958,0.0,7.0261,0.0,0.0,11773.4306,0.0,1.4214,11.2381,11.3233,15.8844,0.3173,43.105,58.8186,58.8187,0.0,0.0,0.0,11862.6086,6.4177,5.7569,6.0117,4.9361,0.3198,0.2817,0.0,1.0,42881.0,1.3,0.0,0.0,8.0,0.0,0.0,0.0,0.0,0.0
7324,2020-01-27,SZSE:002091,1.1958,0.0,7.0261,0.0,0.0,11773.4306,0.0,1.4214,11.2381,11.3233,15.8844,0.3173,43.105,58.8186,58.8187,0.0,0.0,0.0,11862.6086,6.4177,5.7569,6.0117,4.9361,0.3198,0.2817,0.0,1.0,42881.0,1.3,0.0,0.0,8.0,0.0,0.0,0.0,0.0,0.0
7325,2020-01-28,SZSE:002091,1.1958,0.0,7.0261,0.0,0.0,11773.4306,0.0,1.4214,11.2381,11.3233,15.8844,0.3173,43.105,58.8186,58.8187,0.0,0.0,0.0,11862.6086,6.4177,5.7569,6.0117,4.9361,0.3198,0.2817,0.0,1.0,42881.0,1.3,0.0,0.0,8.0,0.0,0.0,0.0,0.0,0.0
7326,2020-01-29,SZSE:002091,1.1958,0.0,7.0261,0.0,0.0,11773.4306,0.0,1.4214,11.2381,11.3233,15.8844,0.3173,43.105,58.8186,58.8187,0.0,0.0,0.0,11862.6086,6.4177,5.7569,6.0117,4.9361,0.3198,0.2817,0.0,1.0,42881.0,1.3,0.0,0.0,8.0,0.0,0.0,0.0,0.0,0.0
7327,2020-01-30,SZSE:002091,1.1958,0.0,7.0261,0.0,0.0,11773.4306,0.0,1.4214,11.2381,11.3233,15.8844,0.3173,43.105,58.8186,58.8187,0.0,0.0,0.0,11862.6086,6.4177,5.7569,6.0117,4.9361,0.3198,0.2817,0.0,1.0,42881.0,1.3,0.0,0.0,8.0,0.0,0.0,0.0,0.0,0.0
7328,2020-01-31,SZSE:002091,1.099,0.0,7.0261,0.0,0.0,11773.4306,0.0,1.4214,11.2381,11.3233,15.8844,0.3173,43.105,58.8186,58.8187,0.0,0.0,0.0,11862.6086,6.4177,5.7569,6.0117,4.9361,0.3198,0.2817,0.0,1.0,42881.0,1.3,0.0,0.0,8.0,0.0,0.0,0.0,0.0,0.0
7329,2020-02-03,SZSE:002091,1.099,6.78,6.3263,6.78,6.78,10600.7781,6.78,1.2798,10.1187,10.1955,14.3023,0.2857,50.2027,42.9553,42.9554,0.0,0.0,0.0,10689.9562,5.7833,5.1878,5.4174,4.4481,0.2882,0.2538,1.967,1.0,42881.0,1.3,0.0,0.0,8.0,6.3263,6.3263,6.3263,1.967,0.0
7330,2020-02-04,SZSE:002091,1.099,6.85,6.3916,7.08,6.15,10710.2257,6.15,1.293,10.2232,10.3008,14.45,0.2886,50.2075,44.4609,44.461,0.0,0.0,0.0,10799.4037,5.8425,5.241,5.4729,4.4937,0.2912,0.2564,26.4531,1.0,42881.0,1.3,0.0,0.0,8.0,5.738443795620439,6.606208467153285,5.738443795620439,26.4531,0.0
7331,2020-02-05,SZSE:002091,1.099,7.49,6.9888,7.54,6.87,11710.8891,7.0,1.4138,11.1784,11.2632,15.8,0.3156,53.1895,55.9167,55.9167,0.0,0.0,0.0,11800.0671,6.3839,5.7266,5.98,4.9101,0.3181,0.2802,39.3328,1.0,42881.0,1.3,0.0,0.0,8.0,6.531588785046729,7.035454205607477,6.41028785046729,39.3328,0.0
7332,2020-02-06,SZSE:002091,1.099,7.44,6.9421,7.49,7.2,11632.7123,7.25,1.4044,11.1038,11.188,15.6946,0.3135,53.2449,54.9628,54.9629,0.0,0.0,0.0,11721.8903,6.3416,5.6886,5.9404,4.8775,0.316,0.2783,26.0794,1.0,42881.0,1.3,0.0,0.0,8.0,6.764815188172042,6.988753897849461,6.71816129032258,26.0794,0.0
7333,2020-02-07,SZSE:002091,1.0046,7.25,6.7648,7.38,7.1,11335.6403,7.37,1.3685,10.8202,10.9023,15.2938,0.3055,53.6243,51.3764,51.3765,0.0,0.0,0.0,11424.8184,6.1809,5.5445,5.7899,4.7539,0.308,0.2713,20.9922,1.0,42881.0,1.3,0.0,0.0,8.0,6.876769103448277,6.886099862068965,6.624838620689655,20.9922,0.0
7334,2020-02-10,SZSE:002091,1.0046,7.7,7.1847,7.8,7.16,12039.2318,7.18,1.4535,11.4918,11.579,16.243,0.3245,54.8007,58.3142,58.3143,0.0,0.0,0.0,12128.4098,6.5615,5.8859,6.1464,5.0467,0.327,0.288,28.1805,1.0,42881.0,1.3,0.0,0.0,8.0,6.6994994805194805,7.2780077922077915,6.680837922077922,28.1805,0.0
7335,2020-02-11,SZSE:002091,1.0046,7.51,7.0074,7.72,7.41,11742.1599,7.7,1.4176,11.2082,11.2932,15.8422,0.3165,54.5778,54.7614,54.7614,0.0,0.0,0.0,11831.3379,6.4008,5.7418,5.9959,4.9231,0.319,0.2809,19.1446,1.0,42881.0,1.3,0.0,0.0,8.0,7.184684420772303,7.203345938748335,6.91409241011984,19.1446,0.0
7336,2020-02-12,SZSE:002091,1.0046,7.9,7.3713,8.04,7.38,12351.9391,7.4,1.4912,11.7903,11.8797,16.6649,0.3329,55.3446,60.1309,60.1309,0.0,0.0,0.0,12441.1171,6.7307,6.0377,6.3049,5.1768,0.3354,0.2954,31.9955,1.0,42881.0,1.3,0.0,0.0,8.0,6.904762025316455,7.5019306329113915,6.886100506329114,31.9955,0.0
7337,2020-02-13,SZSE:002091,1.0046,7.74,7.222,7.99,7.67,12101.7733,7.89,1.461,11.5515,11.6391,16.3274,0.3262,55.6071,57.1347,57.1348,0.0,0.0,0.0,12190.9513,6.5954,5.9163,6.1781,5.0727,0.3287,0.2895,24.5683,1.0,42881.0,1.3,0.0,0.0,8.0,7.3619612403100785,7.455268733850129,7.156684754521964,24.5683,0.0
7338,2020-02-14,SZSE:002091,1.0596,7.61,7.1007,7.83,7.57,11898.5135,7.77,1.4365,11.3575,11.4436,16.0532,0.3207,55.8095,54.7478,54.7478,0.0,0.0,0.0,11987.6915,6.4854,5.8176,6.0751,4.9881,0.3232,0.2846,16.552,1.0,42881.0,1.3,0.0,0.0,8.0,7.249991984231274,7.3059764783180015,7.063377003942181,16.552,0.0
7339,2020-02-17,SZSE:002091,1.0596,7.77,7.25,7.81,7.58,12148.6794,7.61,1.4667,11.5963,11.6842,16.3907,0.3274,55.7541,57.1221,57.1221,0.0,0.0,0.0,12237.8574,6.6207,5.939,6.2019,5.0922,0.3299,0.2906,22.2174,1.0,42881.0,1.3,0.0,0.0,8.0,7.100707850707852,7.287323037323037,7.072715572715572,22.2174,0.0
7340,2020-02-18,SZSE:002091,1.0596,8.03,7.4926,8.04,7.68,12555.1989,7.72,1.5157,11.9843,12.0752,16.9391,0.3384,56.0229,60.728,60.7281,0.0,0.0,0.0,12644.3769,6.8407,6.1363,6.4079,5.2614,0.3409,0.3002,30.3255,1.0,42881.0,1.3,0.0,0.0,8.0,7.203346450809465,7.501930759651308,7.166023412204235,30.3255,0.0
7341,2020-02-19,SZSE:002091,1.0596,8.13,7.5859,8.82,8.05,12711.5525,8.82,1.5346,12.1335,12.2256,17.1501,0.3426,55.9976,62.0499,62.05,0.0,0.0,0.0,12800.7306,6.9253,6.2122,6.4871,5.3264,0.3451,0.3039,52.422,1.0,42881.0,1.3,0.0,0.0,8.0,8.229721771217712,8.229721771217712,7.511253997539975,52.422,0.0
7342,2020-02-20,SZSE:002091,1.0596,8.19,7.6419,8.39,8.02,12805.3647,8.02,1.546,12.2231,12.3158,17.2767,0.3451,55.8996,62.8578,62.8578,0.0,0.0,0.0,12894.5428,6.976,6.2577,6.5347,5.3655,0.3476,0.3062,36.8793,1.0,42881.0,1.3,0.0,0.0,8.0,7.4832769230769225,7.828515384615385,7.4832769230769225,36.8793,0.0
7343,2020-02-21,SZSE:002091,0.9785,8.09,7.5486,8.28,8.06,12649.0111,8.18,1.5271,12.0738,12.1654,17.0657,0.3409,55.9818,60.5445,60.5446,0.0,0.0,0.0,12738.1891,6.8914,6.1818,6.4554,5.3004,0.3434,0.3025,28.2219,1.0,42881.0,1.3,0.0,0.0,8.0,7.632577008652658,7.7258847960445,7.520607663782449,28.2219,0.0
7344,2020-02-24,SZSE:002091,0.9785,8.53,7.9592,8.64,8.2,13336.9672,8.32,1.6101,12.7305,12.8271,17.9939,0.3594,56.7629,66.4032,66.4033,0.0,0.0,0.0,13426.1452,7.2636,6.5157,6.8041,5.5867,0.362,0.3188,40.0655,1.0,42881.0,1.3,0.0,0.0,8.0,7.763252520515827,8.061839155920282,7.651282532239156,40.0655,0.0
7345,2020-02-25,SZSE:002091,0.9785,8.88,8.2857,8.98,7.91,13884.205,8.2,1.6762,13.2529,13.3534,18.7322,0.3742,57.136,70.1945,70.1946,0.0,0.0,0.0,13973.383,7.5597,6.7813,7.0814,5.8144,0.3767,0.3318,51.0441,1.0,42881.0,1.3,0.0,0.0,8.0,7.651209459459459,8.379007432432433,7.380617905405405,51.0441,0.0
7346,2020-02-26,SZSE:002091,0.9785,8.39,7.8285,8.83,8.31,13118.0721,8.59,1.5837,12.5216,12.6165,17.6986,0.3535,58.6255,59.9882,59.9882,0.0,0.0,0.0,13207.2501,7.1452,6.4095,6.6932,5.4956,0.3561,0.3136,34.5558,1.0,42881.0,1.3,0.0,0.0,8.0,8.015115017878427,8.23905303933254,7.753853992848629,34.5558,0.0
7347,2020-02-27,SZSE:002091,0.9785,8.4,7.8379,8.55,8.23,13133.7074,8.38,1.5856,12.5365,12.6316,17.7197,0.354,58.6365,60.1156,60.1157,0.0,0.0,0.0,13222.8854,7.1536,6.4171,6.7011,5.5021,0.3565,0.314,22.242,1.0,42881.0,1.3,0.0,0.0,8.0,7.819238333333334,7.9778625,7.6792758333333335,22.242,0.0
7348,2020-02-28,SZSE:002091,0.9769,7.58,7.0727,8.19,7.56,11851.6074,8.05,1.4308,12.6333,10.9855,9.7703,0.2994,62.6416,46.9177,46.9178,0.0,0.0,0.0,11940.7854,6.06,5.5328,5.8276,4.7573,0.2997,0.2783,29.9624,1.0,42881.0,1.3,1.2891,0.0,8.0,7.511244722955146,7.6418750659630605,7.05403852242744,29.9624,0.0
7349,2020-03-02,SZSE:002091,0.9769,7.8,7.278,7.88,7.61,12195.5855,7.65,1.4723,13.0,11.3044,10.0538,0.3081,57.2989,50.084,50.084,0.0,0.0,0.0,12284.7635,6.2346,5.6922,5.9955,4.8943,0.3083,0.2863,16.8926,1.0,42881.0,1.3,1.3265,0.0,8.0,7.1380384615384616,7.352646153846153,7.100715384615385,16.8926,0.0
7350,2020-03-03,SZSE:002091,0.9769,7.85,7.3247,8.08,7.82,12273.7623,7.94,1.4818,13.0833,11.3768,10.1183,0.3101,55.9628,50.8023,50.8023,0.0,0.0,0.0,12362.9403,6.2742,5.7284,6.0337,4.9255,0.3103,0.2881,18.1208,1.0,42881.0,1.3,1.335,0.0,8.0,7.408677452229299,7.539309044585988,7.2967075159235675,18.1208,0.0
7351,2020-03-04,SZSE:002091,0.9769,7.79,7.2687,7.91,7.66,12179.9501,7.76,1.4704,12.9833,11.2899,10.0409,0.3077,55.9992,49.8748,49.8749,0.0,0.0,0.0,12269.1281,6.2266,5.6849,5.9879,4.8881,0.3079,0.2859,13.5449,1.0,42881.0,1.3,1.3248,0.0,8.0,7.24070757381258,7.380669704749679,7.147399486521181,13.5449,0.0
7352,2020-03-05,SZSE:002091,0.9769,7.73,7.2127,7.92,7.63,12086.1379,7.89,1.4591,12.8833,11.2029,9.9636,0.3053,55.9992,48.9132,48.9132,0.0,0.0,0.0,12175.3159,6.179,5.6415,5.9421,4.8507,0.3056,0.2837,21.0878,1.0,42881.0,1.3,1.3146,0.0,8.0,7.361992626131952,7.3899849935316935,7.119392108667529,21.0878,0.0
7353,2020-03-06,SZSE:002091,0.9638,7.51,7.0074,7.69,7.5,11742.1599,7.69,1.4176,12.5167,10.8841,9.68,0.2966,56.3502,45.4526,45.4526,0.0,0.0,0.0,11831.3379,6.0044,5.4821,5.7742,4.7137,0.2969,0.2757,17.0584,1.0,42881.0,1.3,1.2772,0.0,8.0,7.175353661784288,7.175353661784288,6.998069241011984,17.0584,0.0
7354,2020-03-09,SZSE:002091,0.9638,7.03,6.5595,7.42,7.03,10991.6623,7.4,1.327,11.7167,10.1884,9.0613,0.2777,56.6411,38.9738,38.9738,0.0,0.0,0.0,11080.8403,5.6236,5.1343,5.4079,4.4147,0.2781,0.2582,21.2752,1.0,42881.0,1.3,1.1956,0.0,8.0,6.904736842105263,6.923398293029871,6.5595,21.2752,0.0
7355,2020-03-10,SZSE:002091,0.9638,7.22,6.7368,7.25,6.81,11288.7342,6.91,1.3629,12.0333,10.4638,9.3062,0.2852,56.8498,42.4695,42.4695,0.0,0.0,0.0,11377.9123,5.7743,5.272,5.5529,4.533,0.2856,0.2652,18.1116,1.0,42881.0,1.3,1.2279,0.0,8.0,6.447546814404433,6.764792243767313,6.354239335180055,18.1116,0.0
7356,2020-03-11,SZSE:002091,0.9638,7.1,6.6249,7.28,7.09,11101.1099,7.24,1.3402,11.8333,10.2899,9.1516,0.2804,56.5969,40.8769,40.8769,0.0,0.0,0.0,11190.2879,5.6791,5.1851,5.4613,4.4583,0.2809,0.2608,13.4336,1.0,42881.0,1.3,1.2075,0.0,8.0,6.755531830985915,6.792855211267607,6.615569154929577,13.4336,0.0
7357,2020-03-12,SZSE:002091,0.9638,6.89,6.4289,7.04,6.79,10772.7672,6.96,1.3006,11.4833,9.9855,8.8809,0.2722,56.8736,38.1787,38.1787,0.0,0.0,0.0,10861.9452,5.5125,5.0329,5.3011,4.3275,0.2726,0.2531,11.6599,1.0,42881.0,1.3,1.1718,0.0,8.0,6.4942153846153845,6.568861538461539,6.335592307692307,11.6599,0.0
7358,2020-03-13,SZSE:002091,0.9071,6.75,6.2983,6.83,6.41,10553.872,6.6,1.2741,11.25,9.7826,8.7004,0.2666,57.0333,36.4513,36.4513,0.0,0.0,0.0,10643.0501,5.4014,4.9315,5.1943,4.2403,0.2671,0.248,11.7588,1.0,42881.0,1.3,1.148,0.0,8.0,6.158337777777778,6.372946518518519,5.981052296296296,11.7588,0.0
7359,2020-03-16,SZSE:002091,0.9071,6.32,5.8971,6.86,6.32,9881.5513,6.83,1.193,10.5333,9.1594,8.1462,0.2496,58.6571,31.7061,31.7061,0.0,0.0,0.0,9970.7293,5.0602,4.62,4.8661,3.9724,0.2502,0.2324,15.3627,1.0,42881.0,1.3,1.0748,0.0,8.0,6.372973575949367,6.400966139240507,5.8971,15.3627,0.0
7360,2020-03-17,SZSE:002091,0.9071,6.4,5.9717,6.47,6.16,10006.6342,6.32,1.2081,10.6667,9.2754,8.2493,0.2528,58.7077,33.4421,33.4421,0.0,0.0,0.0,10095.8123,5.1237,4.6779,4.9272,4.0222,0.2534,0.2353,10.7648,1.0,42881.0,1.3,1.0884,0.0,8.0,5.89705375,6.037015468749999,5.74776125,10.7648,0.0
7361,2020-03-18,SZSE:002091,0.9071,6.17,5.7571,6.51,6.16,9647.0208,6.45,1.1647,10.2833,8.942,7.9528,0.2437,59.1061,31.0022,31.0022,0.0,0.0,0.0,9736.1988,4.9412,4.5113,4.7517,3.879,0.2444,0.2269,13.4631,1.0,42881.0,1.3,1.0493,0.0,8.0,6.01836223662885,6.074347001620746,5.747769205834684,13.4631,0.0
7362,2020-03-19,SZSE:002091,0.9071,6.25,5.8317,6.3,6.08,9772.1037,6.14,1.1798,10.4167,9.058,8.056,0.2469,59.1757,32.8377,32.8377,0.0,0.0,0.0,9861.2818,5.0046,4.5693,4.8127,3.9288,0.2475,0.2298,9.7499,1.0,42881.0,1.3,1.0629,0.0,8.0,5.729062079999999,5.8783536,5.67307776,9.7499,0.0
7363,2020-03-20,SZSE:002091,0.84,6.38,5.953,6.42,6.23,9975.3635,6.36,1.2043,10.6333,9.2464,8.2235,0.252,59.0002,35.8253,35.8253,0.0,0.0,0.0,10064.5415,5.1078,4.6634,4.9119,4.0098,0.2526,0.2346,9.5906,1.0,42881.0,1.3,1.085,0.0,8.0,5.9343385579937316,5.9903228840125395,5.813039184952979,9.5906,0.0
7364,2020-03-23,SZSE:002091,0.84,6.03,5.6265,6.22,6.0,9428.1257,6.22,1.1382,10.05,8.7391,7.7724,0.2382,60.0311,31.7326,31.7326,0.0,0.0,0.0,9517.3037,4.8301,4.4099,4.6449,3.7918,0.2389,0.2218,11.4431,1.0,42881.0,1.3,1.0255,0.0,8.0,5.803786069651741,5.803786069651741,5.598507462686567,11.4431,0.0
7365,2020-03-24,SZSE:002091,0.84,6.11,5.7011,6.16,5.93,9553.2086,6.13,1.1533,10.1833,8.8551,7.8755,0.2413,59.269,33.5998,33.5998,0.0,0.0,0.0,9642.3866,4.8935,4.4678,4.7059,3.8416,0.242,0.2247,8.5795,1.0,42881.0,1.3,1.0391,0.0,8.0,5.719761538461539,5.747753846153846,5.533146153846154,8.5795,0.0
7366,2020-03-25,SZSE:002091,0.84,6.26,5.8411,6.37,6.2,9787.7391,6.23,1.1816,10.4333,9.0725,8.0688,0.2473,59.5046,37.0751,37.0751,0.0,0.0,0.0,9876.9171,5.0126,4.5765,4.8204,3.935,0.2479,0.2302,13.188,1.0,42881.0,1.3,1.0646,0.0,8.0,5.813107507987221,5.943739137380192,5.7851150159744416,13.188,0.0
7367,2020-03-26,SZSE:002091,0.84,6.09,5.6825,6.24,6.06,9521.9379,6.22,1.1496,10.15,8.8261,7.8497,0.2406,59.6421,34.8489,34.8489,0.0,0.0,0.0,9611.1159,4.8777,4.4533,4.6906,3.8291,0.2412,0.224,10.7929,1.0,42881.0,1.3,1.0357,0.0,8.0,5.803801313628901,5.8224630541871925,5.6545073891625615,10.7929,0.0
7368,2020-03-27,SZSE:002091,0.7466,6.1,5.6918,6.21,6.1,9537.5733,6.18,1.1514,10.1667,8.8406,7.8626,0.2409,59.6153,35.0958,35.0958,0.0,0.0,0.0,9626.7513,4.8856,4.4606,4.6983,3.8354,0.2416,0.2244,6.3756,1.0,42881.0,1.3,1.0374,0.0,8.0,5.76644655737705,5.794439016393443,5.6918,6.3756,0.0
7369,2020-03-30,SZSE:002091,0.7466,5.87,5.4772,6.02,5.72,9177.9598,6.01,1.108,9.7833,0.0,7.5662,0.2319,60.0532,32.0844,32.0844,0.0,0.0,0.0,9267.1379,4.7031,4.294,0.0,0.0,0.2326,0.0,11.3797,1.0,42881.0,1.3,0.0,0.0,0.0,5.607831686541737,5.617162521294718,5.337237478705281,11.3797,0.0
7370,2020-03-31,SZSE:002091,0.7466,5.78,5.3932,5.96,5.73,9037.2415,5.93,1.091,9.6333,0.0,7.4501,0.2283,60.0627,30.9648,30.9648,0.0,0.0,0.0,9126.4196,4.6317,4.2288,0.0,0.0,0.2291,0.0,7.7499,1.0,42881.0,1.3,0.0,0.0,0.0,5.533161937716263,5.561154325259516,5.346546020761246,7.7499,0.0
7371,2020-04-01,SZSE:002091,0.7466,5.88,5.4865,5.99,5.77,9193.5952,5.83,1.1099,9.8,0.0,7.579,0.2323,59.6864,33.7319,33.7319,0.0,0.0,0.0,9282.7732,4.711,4.3012,0.0,0.0,0.233,0.0,10.4857,1.0,42881.0,1.3,0.0,0.0,0.0,5.439846088435375,5.589138605442177,5.383861394557823,10.4857,0.0
7372,2020-04-02,SZSE:002091,0.7466,5.99,5.5891,6.0,5.8,9365.5842,5.86,1.1307,9.9833,0.0,7.7208,0.2366,59.8445,36.7359,36.7359,0.0,0.0,0.0,9454.7622,4.7983,4.3809,0.0,0.0,0.2373,0.0,7.7451,1.0,42881.0,1.3,0.0,0.0,0.0,5.467800667779633,5.598430717863105,5.4118163606010015,7.7451,0.0
7373,2020-04-03,SZSE:002091,0.7287,5.9,5.5052,6.02,5.85,9224.8659,5.98,1.1137,9.8333,0.0,7.6048,0.233,59.835,35.325,35.325,0.0,0.0,0.0,9314.044,4.7269,4.3157,0.0,0.0,0.2338,0.0,6.7407,1.0,42881.0,1.3,0.0,0.0,0.0,5.579846779661017,5.6171701694915255,5.458545762711864,6.7407,0.0
7374,2020-04-06,SZSE:002091,0.7287,0.0,5.5052,0.0,0.0,9224.8659,0.0,1.1137,9.8333,0.0,7.6048,0.233,59.835,35.325,35.325,0.0,0.0,0.0,9314.044,4.7269,4.3157,0.0,0.0,0.2338,0.0,0.0,1.0,42881.0,1.3,0.0,0.0,0.0,0.0,0.0,0.0,0.0,0.0
7375,2020-04-07,SZSE:002091,0.7287,6.1,5.6918,6.11,5.95,9537.5733,5.98,1.1514,10.1667,0.0,7.8626,0.2409,59.4824,40.7692,40.7692,0.0,0.0,0.0,9626.7513,4.8856,4.4606,0.0,0.0,0.2416,0.0,11.3919,1.0,42881.0,1.3,0.0,0.0,0.0,5.579830163934426,5.701130819672132,5.551837704918033,11.3919,0.0
7376,2020-04-08,SZSE:002091,0.7287,6.14,5.7291,6.17,6.08,9600.1147,6.1,1.159,10.2333,0.0,7.9142,0.2425,59.4793,41.8239,41.8239,0.0,0.0,0.0,9689.2927,4.9174,4.4896,0.0,0.0,0.2432,0.0,8.8729,1.0,42881.0,1.3,0.0,0.0,0.0,5.691776872964169,5.757092345276873,5.6731153094462545,8.8729,0.0
7377,2020-04-09,SZSE:002091,0.7287,6.14,5.7291,6.17,6.11,9600.1147,6.17,1.159,10.2333,0.0,7.9142,0.2425,59.4824,41.8239,41.8239,0.0,0.0,0.0,9689.2927,4.9174,4.4896,0.0,0.0,0.2432,0.0,5.9038,1.0,42881.0,1.3,0.0,0.0,0.0,5.757092345276873,5.757092345276873,5.701107654723128,5.9038,0.0
7378,2020-04-10,SZSE:002091,0.7116,6.16,5.7478,6.46,6.09,9631.3854,6.23,1.1628,10.2667,0.0,7.94,0.2433,59.2895,42.4186,42.4186,0.0,0.0,0.0,9720.5635,4.9332,4.5041,0.0,0.0,0.244,0.0,28.0694,1.0,42881.0,1.3,0.0,0.0,0.0,5.813115909090909,6.027725324675324,5.682484090909091,28.0694,0.0
7379,2020-04-13,SZSE:002091,0.7116,5.91,5.5145,6.08,5.89,9240.5013,6.03,1.1156,9.85,0.0,7.6177,0.2334,57.9677,37.2881,37.2881,0.0,0.0,0.0,9329.6793,4.7348,4.3229,0.0,0.0,0.2342,0.0,12.0923,1.0,42881.0,1.3,0.0,0.0,0.0,5.626469543147208,5.673123519458544,5.495838409475465,12.0923,0.0
7380,2020-04-14,SZSE:002091,0.7116,6.03,5.6265,6.07,5.92,9428.1257,5.93,1.1382,10.05,0.0,7.7724,0.2382,58.1622,40.9782,40.9782,0.0,0.0,0.0,9517.3037,4.8301,4.4099,0.0,0.0,0.2389,0.0,13.2425,1.0,42881.0,1.3,0.0,0.0,0.0,5.533191542288557,5.663823383084577,5.523860696517413,13.2425,0.0
7381,2020-04-15,SZSE:002091,0.7116,6.0,5.5985,6.13,5.98,9381.2196,6.08,1.1326,10.0,0.0,7.7337,0.237,58.1353,40.3392,40.3392,0.0,0.0,0.0,9470.3976,4.8063,4.3881,0.0,0.0,0.2377,0.0,11.2889,1.0,42881.0,1.3,0.0,0.0,0.0,5.673146666666667,5.719800833333333,5.579838333333333,11.2889,0.0
7382,2020-04-16,SZSE:002091,0.7116,5.92,5.5238,5.95,5.87,9256.1367,5.92,1.1175,9.8667,0.0,7.6306,0.2338,57.993,38.61,38.61,0.0,0.0,0.0,9345.3147,4.7428,4.3302,0.0,0.0,0.2346,0.0,11.0936,1.0,42881.0,1.3,0.0,0.0,0.0,5.5238,5.551792229729729,5.477146283783783,11.0936,0.0
7383,2020-04-17,SZSE:002091,0.6966,5.91,5.5145,5.99,5.89,9240.5013,5.96,1.1156,9.85,0.0,7.6177,0.2334,57.9978,38.3885,38.3885,0.0,0.0,0.0,9329.6793,4.7348,4.3229,0.0,0.0,0.2342,0.0,11.1273,1.0,42881.0,1.3,0.0,0.0,0.0,5.561153976311337,5.5891463620981385,5.495838409475465,11.1273,0.0
7384,2020-04-20,SZSE:002091,0.6966,5.87,5.4772,5.92,5.8,9177.9598,5.91,1.108,9.7833,0.0,7.5662,0.2319,57.9914,37.4626,37.4626,0.0,0.0,0.0,9267.1379,4.7031,4.294,0.0,0.0,0.2326,0.0,11.2596,1.0,42881.0,1.3,0.0,0.0,0.0,5.514523339011925,5.523854173764906,5.411884156729131,11.2596,0.0
7385,2020-04-21,SZSE:002091,0.6966,5.73,5.3465,5.88,5.67,8959.0647,5.87,1.0816,9.55,0.0,7.3857,0.2263,57.74,34.3408,34.3408,0.0,0.0,0.0,9048.2427,4.592,4.1925,0.0,0.0,0.2271,0.0,12.041,1.0,42881.0,1.3,0.0,0.0,0.0,5.477130017452007,5.486460732984293,5.290515706806282,12.041,0.0
7386,2020-04-22,SZSE:002091,0.6966,5.74,5.3559,5.77,5.68,8974.7001,5.69,1.0835,9.5667,0.0,7.3986,0.2267,56.7154,34.759,34.759,0.0,0.0,0.0,9063.8781,4.6,4.1998,0.0,0.0,0.2275,0.0,11.6454,1.0,42881.0,1.3,0.0,0.0,0.0,5.309245818815332,5.383892508710801,5.299914982578397,11.6454,0.0
7387,2020-04-23,SZSE:002091,0.6966,5.61,5.2346,5.76,5.6,8771.4403,5.74,1.0589,9.35,0.0,7.231,0.2216,56.4862,31.9132,31.9133,0.0,0.0,0.0,8860.6183,4.4968,4.1056,0.0,0.0,0.2224,0.0,12.1915,1.0,42881.0,1.3,0.0,0.0,0.0,5.355900891265597,5.3745625668449195,5.225269162210338,12.1915,0.0
7388,2020-04-24,SZSE:002091,0.7049,5.56,5.1879,5.71,5.52,8693.2635,5.62,1.0495,9.2667,0.0,7.1666,0.2196,56.0039,30.8665,30.8666,0.0,0.0,0.0,8782.4415,4.4571,4.0694,0.0,0.0,0.2204,0.0,9.545,1.0,42881.0,1.3,0.0,0.0,0.0,5.243884532374102,5.327861330935252,5.150576978417266,9.545,0.0
7389,2020-04-27,SZSE:002091,0.7049,5.53,5.1599,5.61,5.5,8646.3574,5.55,1.0438,9.2167,0.0,7.1279,0.2184,55.5264,30.226,30.226,0.0,0.0,0.0,8735.5354,4.4333,4.0476,0.0,0.0,0.2192,0.0,5.948,1.0,42881.0,1.3,0.0,0.0,0.0,5.178561482820976,5.234545931283907,5.131907775768536,5.948,0.0
7390,2020-04-28,SZSE:002091,0.7049,5.37,5.0106,5.56,5.22,8396.1915,5.53,0.9732,9.6189,0.0,13.2868,0.2301,55.2798,27.0068,27.0068,0.0,0.0,0.0,4080.017,2.5999,2.2829,0.0,0.0,0.1103,0.0,9.6066,1.0,42881.0,1.3,0.0,0.0,0.0,5.159891620111732,5.187883798882681,4.870639106145251,9.6066,0.0
7391,2020-04-29,SZSE:002091,0.7049,5.91,5.5145,5.91,5.91,9240.5013,5.91,1.071,10.5861,9.6885,14.6229,0.2532,58.4816,47.377,47.377,0.0,0.0,0.0,4924.3268,3.1379,2.7553,2.5515,2.1808,0.1331,0.1159,20.6063,1.0,42881.0,1.3,0.9983,0.0,8.0,5.5145,5.5145,5.5145,20.6063,0.0
7392,2020-04-30,SZSE:002091,0.7049,6.1,5.6918,6.34,5.95,9537.5733,6.0,1.1055,10.9265,10.0,15.093,0.2613,58.4389,52.4094,52.4094,0.0,0.0,0.0,5221.3987,3.3272,2.9216,2.7054,2.3124,0.1411,0.1229,61.175,1.0,42881.0,1.3,1.0304,0.0,8.0,5.598491803278689,5.915739672131147,5.551837704918033,61.175,0.0
7393,2020-05-01,SZSE:002091,0.7634,0.0,5.6918,0.0,0.0,9537.5733,0.0,1.1055,10.9265,10.0,15.093,0.2613,58.4389,52.4094,52.4094,0.0,0.0,0.0,5221.3987,3.3272,2.9216,2.7054,2.3124,0.1411,0.1229,0.0,1.0,42881.0,1.3,1.0304,0.0,8.0,0.0,0.0,0.0,0.0,0.0
7394,2020-05-04,SZSE:002091,0.7634,0.0,5.6918,0.0,0.0,9537.5733,0.0,1.1055,10.9265,10.0,15.093,0.2613,58.4389,52.4094,52.4094,0.0,0.0,0.0,5221.3987,3.3272,2.9216,2.7054,2.3124,0.1411,0.1229,0.0,1.0,42881.0,1.3,1.0304,0.0,8.0,0.0,0.0,0.0,0.0,0.0
7395,2020-05-05,SZSE:002091,0.7634,0.0,5.6918,0.0,0.0,9537.5733,0.0,1.1055,10.9265,10.0,15.093,0.2613,58.4389,52.4094,52.4094,0.0,0.0,0.0,5221.3987,3.3272,2.9216,2.7054,2.3124,0.1411,0.1229,0.0,1.0,42881.0,1.3,1.0304,0.0,8.0,0.0,0.0,0.0,0.0,0.0
7396,2020-05-06,SZSE:002091,0.7634,6.15,5.7384,6.18,5.79,9615.7501,5.94,1.1145,11.016,10.082,15.2167,0.2635,52.7721,53.6652,53.6652,0.0,0.0,0.0,5299.5756,3.377,2.9653,2.7459,2.347,0.1432,0.1247,40.9384,1.0,42881.0,1.3,1.0389,0.0,8.0,5.542454634146342,5.766392195121951,5.402493658536585,40.9384,0.0
7397,2020-05-07,SZSE:002091,0.7634,6.08,5.6731,6.26,6.06,9506.3025,6.22,1.1018,10.8906,9.9672,15.0435,0.2605,52.5903,51.6119,51.6119,0.0,0.0,0.0,5190.128,3.3072,2.9041,2.6892,2.2986,0.1403,0.1222,26.3601,1.0,42881.0,1.3,1.027,0.0,8.0,5.803730592105263,5.841053618421052,5.654438486842104,26.3601,0.0
7398,2020-05-08,SZSE:002091,0.6928,6.37,5.9437,6.4,6.07,9959.7281,6.08,1.1544,11.4101,10.4426,15.7611,0.2729,53.1057,58.6675,58.6675,0.0,0.0,0.0,5643.5536,3.5962,3.1578,2.9241,2.4994,0.1525,0.1328,45.349,1.0,42881.0,1.3,1.076,0.0,8.0,5.673107692307692,5.971692307692308,5.663776923076923,45.349,0.0
7399,2020-05-11,SZSE:002091,0.6928,6.26,5.8411,6.39,6.21,9787.7391,6.38,1.1345,11.2131,10.2623,15.4889,0.2682,51.855,55.3695,55.3695,0.0,0.0,0.0,5471.5646,3.4866,3.0615,2.835,2.4232,0.1479,0.1288,21.6957,1.0,42881.0,1.3,1.0574,0.0,8.0,5.9530699680511185,5.962400798722045,5.794445846645368,21.6957,0.0
7400,2020-05-12,SZSE:002091,0.6928,6.37,5.9437,6.49,6.22,9959.7281,6.26,1.1544,11.4101,10.4426,15.7611,0.2729,50.832,57.9172,57.9172,0.0,0.0,0.0,5643.5536,3.5962,3.1578,2.9241,2.4994,0.1525,0.1328,23.0121,1.0,42881.0,1.3,1.076,0.0,8.0,5.841061538461538,6.055669230769231,5.803738461538461,23.0121,0.0
7401,2020-05-13,SZSE:002091,0.6928,6.25,5.8317,6.33,6.2,9772.1037,6.3,1.1327,11.1951,10.2459,15.4641,0.2678,50.8131,54.2772,54.2772,0.0,0.0,0.0,5455.9292,3.4766,3.0528,2.8269,2.4163,0.1475,0.1284,15.0947,1.0,42881.0,1.3,1.0557,0.0,8.0,5.8783536,5.906345759999999,5.7850464,15.0947,0.0
7402,2020-05-14,SZSE:002091,0.6928,6.11,5.7011,6.24,6.11,9553.2086,6.21,1.1073,10.9444,10.0164,15.1177,0.2618,50.8905,50.305,50.305,0.0,0.0,0.0,5237.0341,3.3371,2.9303,2.7135,2.3193,0.1415,0.1233,13.7653,1.0,42881.0,1.3,1.0321,0.0,8.0,5.794407692307692,5.8224,5.7011,13.7653,0.0
7403,2020-05-15,SZSE:002091,0.686,6.11,5.7011,6.18,6.04,9553.2086,6.14,1.1073,10.9444,10.0164,15.1177,0.2618,50.47,50.305,50.305,0.0,0.0,0.0,5237.0341,3.3371,2.9303,2.7135,2.3193,0.1415,0.1233,11.6825,1.0,42881.0,1.3,1.0321,0.0,8.0,5.729092307692307,5.766415384615384,5.635784615384615,11.6825,0.0
7404,2020-05-18,SZSE:002091,0.686,5.96,5.5612,6.1,5.95,9318.6781,6.1,1.0801,10.6757,9.7705,14.7466,0.2553,50.2296,46.1117,46.1116,0.0,0.0,0.0,5002.5036,3.1877,2.7991,2.592,2.2155,0.1352,0.1177,13.8594,1.0,42881.0,1.3,1.0068,0.0,8.0,5.691832214765101,5.691832214765101,5.551869127516779,13.8594,0.0
7405,2020-05-19,SZSE:002091,0.686,6.02,5.6171,6.04,5.97,9412.4903,6.02,1.091,10.7832,9.8689,14.8951,0.2579,50.198,47.9796,47.9796,0.0,0.0,0.0,5096.3158,3.2475,2.8516,2.6406,2.257,0.1377,0.1199,8.6615,1.0,42881.0,1.3,1.0169,0.0,8.0,5.6171,5.63576146179402,5.5704463455149495,8.6615,0.0
7406,2020-05-20,SZSE:002091,0.686,6.12,5.7104,6.26,6.04,9568.844,6.08,1.1091,10.9623,10.0328,15.1425,0.2622,50.3276,51.0266,51.0266,0.0,0.0,0.0,5252.6695,3.3471,2.9391,2.7216,2.3263,0.142,0.1236,16.9524,1.0,42881.0,1.3,1.0338,0.0,8.0,5.673077124183006,5.841030065359477,5.635754248366013,16.9524,0.0
7407,2020-05-21,SZSE:002091,0.686,5.87,5.4772,6.13,5.85,9177.9598,6.1,1.0638,10.5145,9.623,14.5239,0.2515,50.8668,44.076,44.076,0.0,0.0,0.0,4861.7853,3.098,2.7203,2.5191,2.1531,0.1314,0.1144,15.3759,1.0,42881.0,1.3,0.9916,0.0,8.0,5.691809199318568,5.719801703577513,5.4585383304940365,15.3759,0.0
7408,2020-05-22,SZSE:002091,0.6728,5.66,5.2812,5.87,5.6,8849.6172,5.86,1.0257,10.1383,9.2787,14.0043,0.2425,50.832,39.2407,39.2407,0.0,0.0,0.0,4533.4426,2.8888,2.5366,2.3489,2.0077,0.1225,0.1067,12.374,1.0,42881.0,1.3,0.9561,0.0,8.0,5.4678148409894,5.47714558303887,5.22521554770318,12.374,0.0
7409,2020-05-25,SZSE:002091,0.6728,5.62,5.2439,5.72,5.57,8787.0757,5.66,1.0185,10.0667,9.2131,13.9054,0.2408,48.8192,38.3771,38.3771,0.0,0.0,0.0,4470.9012,2.8489,2.5016,2.3165,1.98,0.1208,0.1052,8.8629,1.0,42881.0,1.3,0.9493,0.0,8.0,5.281223131672598,5.3372078291814935,5.197246085409253,8.8629,0.0
7410,2020-05-26,SZSE:002091,0.6728,5.73,5.3465,5.73,5.64,8959.0647,5.64,1.0384,10.2637,9.3171,14.1775,0.2455,48.0397,42.1478,42.1478,0.0,0.0,0.0,4642.8902,2.9585,2.5979,2.3589,1.9818,0.1255,0.1041,8.0602,1.0,42881.0,1.3,0.0,0.0,8.0,5.262523560209423,5.3465,5.262523560209423,8.0602,0.0
7411,2020-05-27,SZSE:002091,0.6728,5.79,5.4025,5.89,5.68,9052.8769,5.73,1.0493,10.3712,9.4146,14.326,0.248,48.1378,44.155,44.1551,0.0,0.0,0.0,4736.7024,3.0183,2.6504,2.4066,2.0219,0.128,0.1062,9.982,1.0,42881.0,1.3,0.0,0.0,8.0,5.346515544041451,5.495807426597581,5.2998618307426595,9.982,0.0
7412,2020-05-28,SZSE:002091,0.6728,5.81,5.4212,5.84,5.66,9084.1476,5.79,1.0529,10.407,9.4472,14.3755,0.2489,43.8007,44.842,44.842,0.0,0.0,0.0,4767.9731,3.0382,2.6679,2.4224,2.0352,0.1289,0.1069,7.7932,1.0,42881.0,1.3,0.0,0.0,8.0,5.402538382099828,5.449192426850258,5.281237865748709,7.7932,0.0
7413,2020-05-29,SZSE:002091,0.6706,5.76,5.3745,5.87,5.72,9005.9708,5.79,1.0439,10.3174,9.3659,14.2518,0.2468,43.4418,43.4045,43.4045,0.0,0.0,0.0,4689.7963,2.9884,2.6241,2.3827,2.0018,0.1268,0.1051,10.7753,1.0,42881.0,1.3,0.0,0.0,8.0,5.402492187500001,5.477138020833334,5.337177083333334,10.7753,0.0
7414,2020-06-01,SZSE:002091,0.6706,5.97,5.5705,5.97,5.72,9334.3135,5.77,1.0819,10.6936,9.7073,14.7713,0.2558,43.8387,50.5718,50.5718,0.0,0.0,0.0,5018.139,3.1977,2.8078,2.5495,2.142,0.1356,0.1125,16.5326,1.0,42881.0,1.3,0.0,0.0,8.0,5.383883584589615,5.5705,5.337229480737019,16.5326,0.0
7415,2020-06-02,SZSE:002091,0.6706,6.07,5.6638,6.09,5.95,9490.6672,5.98,1.1,10.8727,9.8699,15.0188,0.26,43.5398,53.5861,53.5861,0.0,0.0,0.0,5174.4926,3.2973,2.8953,2.629,2.2087,0.1398,0.116,16.3288,1.0,42881.0,1.3,0.0,0.0,8.0,5.5798227347611205,5.682461614497528,5.551830313014827,16.3288,0.0
7416,2020-06-03,SZSE:002091,0.6706,6.02,5.6171,6.18,6.02,9412.4903,6.08,1.091,10.7832,9.7886,14.8951,0.2579,43.4955,51.8824,51.8824,0.0,0.0,0.0,5096.3158,3.2475,2.8516,2.5893,2.1754,0.1377,0.1142,11.6499,1.0,42881.0,1.3,0.0,0.0,8.0,5.673084385382061,5.766391694352159,5.6171,11.6499,0.0
7417,2020-06-04,SZSE:002091,0.6706,6.11,5.7011,6.23,6.03,9553.2086,6.03,1.1073,10.9444,9.935,15.1177,0.2618,43.6584,54.6757,54.6757,0.0,0.0,0.0,5237.0341,3.3371,2.9303,2.6608,2.2354,0.1415,0.1174,13.1233,1.0,42881.0,1.3,0.0,0.0,8.0,5.626453846153846,5.813069230769232,5.626453846153846,13.1233,0.0
7418,2020-06-05,SZSE:002091,0.6886,6.12,5.7104,6.16,6.07,9568.844,6.12,1.1091,10.9623,9.9512,15.1425,0.2622,43.6647,54.9884,54.9884,0.0,0.0,0.0,5252.6695,3.3471,2.9391,2.6687,2.2421,0.142,0.1177,9.6267,1.0,42881.0,1.3,0.0,0.0,8.0,5.7104,5.747722875816994,5.663746405228758,9.6267,0.0
7419,2020-06-08,SZSE:002091,0.6886,6.08,5.6731,6.22,6.07,9506.3025,6.21,1.1018,10.8906,9.8862,15.0435,0.2605,43.3675,53.4015,53.4014,0.0,0.0,0.0,5190.128,3.3072,2.9041,2.6369,2.2154,0.1403,0.1163,8.9831,1.0,42881.0,1.3,0.0,0.0,8.0,5.794399835526315,5.803730592105263,5.6637692434210525,8.9831,0.0
7420,2020-06-09,SZSE:002091,0.6886,6.1,5.6918,6.16,6.05,9537.5733,6.12,1.1055,10.9265,9.9187,15.093,0.2613,41.4559,54.1145,54.1145,0.0,0.0,0.0,5221.3987,3.3272,2.9216,2.6528,2.2288,0.1411,0.117,7.3117,1.0,42881.0,1.3,0.0,0.0,8.0,5.710461639344263,5.747784918032787,5.645145901639344,7.3117,0.0
7421,2020-06-10,SZSE:002091,0.6886,6.11,5.7011,6.18,6.07,9553.2086,6.1,1.1073,10.9444,9.935,15.1177,0.2618,41.0416,54.4895,54.4895,0.0,0.0,0.0,5237.0341,3.3371,2.9303,2.6608,2.2354,0.1415,0.1174,8.939,1.0,42881.0,1.3,0.0,0.0,8.0,5.69176923076923,5.766415384615384,5.663776923076924,8.939,0.0
7422,2020-06-11,SZSE:002091,0.6886,6.25,5.8317,6.42,6.13,9772.1037,6.13,1.1327,11.1951,10.1626,15.4641,0.2678,41.2519,59.4817,59.4817,0.0,0.0,0.0,5455.9292,3.4766,3.0528,2.772,2.3289,0.1475,0.1223,29.6549,1.0,42881.0,1.3,0.0,0.0,8.0,5.71973136,5.990322239999999,5.71973136,29.6549,0.0
7423,2020-06-12,SZSE:002091,0.6842,6.17,5.7571,6.22,6.08,9647.0208,6.09,1.1182,11.0518,10.0325,15.2662,0.2643,40.9167,55.7204,55.7203,0.0,0.0,0.0,5330.8463,3.3969,2.9828,2.7084,2.2755,0.1441,0.1195,13.5178,1.0,42881.0,1.3,0.0,0.0,8.0,5.682453646677471,5.8037539708265795,5.673122852512156,13.5178,0.0
7424,2020-06-15,SZSE:002091,0.6842,6.17,5.7571,6.37,6.12,9647.0208,6.18,1.1182,11.0518,10.0325,15.2662,0.2643,40.7396,55.7204,55.7203,0.0,0.0,0.0,5330.8463,3.3969,2.9828,2.7084,2.2755,0.1441,0.1195,18.2255,1.0,42881.0,1.3,0.0,0.0,8.0,5.766430794165316,5.943715883306321,5.71044602917342,18.2255,0.0
7425,2020-06-16,SZSE:002091,0.6842,6.3,5.8784,6.33,6.17,9850.2806,6.23,1.1417,11.2847,10.2439,15.5879,0.2699,38.798,60.4354,60.4354,0.0,0.0,0.0,5534.106,3.5264,3.0965,2.8117,2.3622,0.1496,0.124,16.5158,1.0,42881.0,1.3,0.0,0.0,8.0,5.813084444444446,5.906392380952381,5.757099682539683,16.5158,0.0
7426,2020-06-17,SZSE:002091,0.6842,6.18,5.7664,6.35,6.13,9662.6562,6.35,1.12,11.0698,10.0488,15.2909,0.2648,38.8992,54.6505,54.6504,0.0,0.0,0.0,5346.4817,3.4069,2.9916,2.7164,2.2821,0.1445,0.1198,17.2378,1.0,42881.0,1.3,0.0,0.0,8.0,5.925022653721683,5.925022653721683,5.719746278317152,17.2378,0.0
7427,2020-06-18,SZSE:002091,0.6842,6.16,5.7478,6.22,6.13,9631.3854,6.17,1.1163,11.0339,10.0163,15.2415,0.2639,38.2019,53.7274,53.7274,0.0,0.0,0.0,5315.2109,3.387,2.9741,2.7005,2.2688,0.1437,0.1191,9.7248,1.0,42881.0,1.3,0.0,0.0,8.0,5.757130844155844,5.803785064935064,5.719807467532467,9.7248,0.0
7428,2020-06-19,SZSE:002091,0.6549,6.22,5.8038,6.28,6.15,9725.1976,6.15,1.1272,11.1414,10.1138,15.3899,0.2665,38.1639,56.1218,56.1218,0.0,0.0,0.0,5409.0231,3.4467,3.0265,2.7481,2.3088,0.1462,0.1212,15.4697,1.0,42881.0,1.3,0.0,0.0,8.0,5.738483922829582,5.859785209003216,5.738483922829582,15.4697,0.0
7429,2020-06-22,SZSE:002091,0.6549,6.36,5.9344,6.46,6.24,9944.0928,6.24,1.1526,11.3922,10.3415,15.7363,0.2725,38.2019,61.1707,61.1707,0.0,0.0,0.0,5627.9182,3.5862,3.149,2.8594,2.4023,0.1521,0.1261,25.0694,1.0,42881.0,1.3,0.0,0.0,8.0,5.822430188679245,6.027708176100629,5.822430188679245,25.0694,0.0
7430,2020-06-23,SZSE:002091,0.6549,6.32,5.8971,6.34,6.25,9881.5513,6.33,1.1453,11.3205,10.2764,15.6373,0.2707,36.4579,59.079,59.079,0.0,0.0,0.0,5565.3768,3.5464,3.114,2.8276,2.3756,0.1504,0.1247,12.9976,1.0,42881.0,1.3,0.0,0.0,8.0,5.90643085443038,5.915761708860759,5.831784018987341,12.9976,0.0
7431,2020-06-24,SZSE:002091,0.6549,6.27,5.8504,6.32,6.21,9803.3745,6.31,1.1363,11.231,10.1951,15.5136,0.2686,36.4089,56.4792,56.4792,0.0,0.0,0.0,5487.1999,3.4965,3.0703,2.7879,2.3422,0.1483,0.123,10.7716,1.0,42881.0,1.3,0.0,0.0,8.0,5.88772312599681,5.897053907496012,5.7944153110047845,10.7716,0.0
7432,2020-06-25,SZSE:002091,0.6549,0.0,5.8504,0.0,0.0,9803.3745,0.0,1.1363,11.231,10.1951,15.5136,0.2686,36.4089,56.4792,56.4792,0.0,0.0,0.0,5487.1999,3.4965,3.0703,2.7879,2.3422,0.1483,0.123,0.0,1.0,42881.0,1.3,0.0,0.0,8.0,0.0,0.0,0.0,0.0,0.0
7433,2020-06-26,SZSE:002091,0.6562,0.0,5.8504,0.0,0.0,9803.3745,0.0,1.1363,11.231,10.1951,15.5136,0.2686,36.4089,56.4792,56.4792,0.0,0.0,0.0,5487.1999,3.4965,3.0703,2.7879,2.3422,0.1483,0.123,0.0,1.0,42881.0,1.3,0.0,0.0,8.0,0.0,0.0,0.0,0.0,0.0
7434,2020-06-29,SZSE:002091,0.6562,6.12,5.7104,6.26,6.1,9568.844,6.23,1.1091,10.9623,9.9512,15.1425,0.2622,36.5876,49.449,49.4491,0.0,0.0,0.0,5252.6695,3.3471,2.9391,2.6687,2.2421,0.142,0.1177,9.6411,1.0,42881.0,1.3,0.0,0.0,8.0,5.8130379084967325,5.841030065359477,5.691738562091502,9.6411,0.0
7435,2020-06-30,SZSE:002091,0.6562,6.05,5.7389,6.15,6.03,9459.3964,6.07,1.0964,10.8369,9.8374,14.9693,0.2592,35.7922,46.5378,50.7903,0.0,0.0,0.0,5143.2219,3.2774,2.8778,2.6131,2.1954,0.139,0.1153,10.5221,1.0,42881.0,1.3,0.0,0.0,8.0,5.757871570247935,5.83375785123967,5.719928429752067,10.5221,0.100
7436,2020-07-01,SZSE:002091,0.6562,6.11,5.7958,6.23,6.05,9553.2086,6.08,1.1073,10.9444,9.935,15.1177,0.2618,35.8318,49.2934,53.4504,0.0,0.0,0.0,5237.0341,3.3371,2.9303,2.6608,2.2354,0.1415,0.1174,12.1589,1.0,42881.0,1.3,0.0,0.0,8.0,5.76734271685761,5.909629132569559,5.738885433715221,12.1589,0.0
7437,2020-07-02,SZSE:002091,0.6562,6.28,5.9571,6.31,6.09,9819.0098,6.13,1.1381,11.2489,10.2114,15.5384,0.269,36.0705,56.1845,60.0413,0.0,0.0,0.0,5502.8353,3.5065,3.079,2.7958,2.3489,0.1487,0.1233,20.2055,1.0,42881.0,1.3,0.0,0.0,8.0,5.814812579617834,5.985557484076432,5.776869267515923,20.2055,0.0
7438,2020-07-03,SZSE:002091,0.6633,6.51,6.1752,6.65,6.29,10178.6233,6.43,1.1798,11.6609,10.5854,16.1074,0.2789,36.6271,63.4264,66.8749,0.0,0.0,0.0,5862.4487,3.7357,3.2803,2.9785,2.5024,0.1584,0.1314,31.8031,1.0,42881.0,1.3,0.0,0.0,8.0,6.099314285714286,6.308,5.966514285714286,31.8031,0.0
7439,2020-07-06,SZSE:002091,0.6633,6.79,6.4408,6.83,6.56,10616.4135,6.57,1.2305,12.1624,11.0407,16.8002,0.2909,37.2421,69.94,72.9416,0.0,0.0,0.0,6300.239,4.0146,3.5252,3.2009,2.6893,0.1703,0.1412,29.7937,1.0,42881.0,1.3,0.0,0.0,8.0,6.232114285714286,6.478742857142858,6.222628571428571,29.7937,0.0
7440,2020-07-07,SZSE:002091,0.6633,6.91,6.5547,7.13,6.83,10804.0379,6.9,1.2523,12.3774,11.2358,17.0972,0.296,36.8216,72.2233,75.0505,0.0,0.0,0.0,6487.8634,4.1342,3.6302,3.2963,2.7693,0.1753,0.1454,35.3405,1.0,42881.0,1.3,0.0,0.0,8.0,6.545214182344429,6.763387988422576,6.478813458755427,35.3405,0.0
7441,2020-07-08,SZSE:002091,0.6633,7.0,6.6401,7.14,6.78,10944.7562,6.87,1.2686,12.5386,11.3821,17.3198,0.2999,36.8769,73.8288,76.5281,0.0,0.0,0.0,6628.5817,4.2239,3.7089,3.3678,2.8294,0.1791,0.1486,28.9043,1.0,42881.0,1.3,0.0,0.0,8.0,6.516783857142857,6.772902,6.431411142857144,28.9043,0.0
7442,2020-07-09,SZSE:002091,0.6633,7.04,6.678,7.07,6.91,11007.2977,6.97,1.2758,12.6102,11.4472,17.4188,0.3016,36.8816,74.5334,77.1751,0.0,0.0,0.0,6691.1231,4.2637,3.7439,3.3995,2.8561,0.1808,0.15,25.8491,1.0,42881.0,1.3,0.0,0.0,8.0,6.611599431818181,6.706457386363637,6.554684659090909,25.8491,0.0
7443,2020-07-10,SZSE:002091,0.6931,7.09,6.7254,7.32,6.9,11085.4745,6.98,1.2849,12.6998,11.5285,17.5425,0.3037,36.8943,75.424,77.9918,0.0,0.0,0.0,6769.3,4.3135,3.7877,3.4393,2.8895,0.183,0.1517,35.615,1.0,42881.0,1.3,0.0,0.0,8.0,6.62105669957687,6.9435723554301845,6.545170662905501,35.615,0.0
7444,2020-07-13,SZSE:002091,0.6931,7.32,6.9436,7.39,7.06,11445.0879,7.08,1.3266,13.1118,11.9024,18.1116,0.3136,36.2381,79.0531,81.3053,0.0,0.0,0.0,7128.9134,4.5427,3.9889,3.622,3.043,0.1927,0.1598,35.1116,1.0,42881.0,1.3,0.0,0.0,8.0,6.715940983606557,7.0100005464480875,6.696969398907104,35.1116,0.0
7445,2020-07-14,SZSE:002091,0.6931,7.11,6.7444,7.32,7.04,11116.7452,7.25,1.2885,12.7356,11.561,17.592,0.3046,36.6761,69.0301,70.8209,0.0,0.0,0.0,6800.5707,4.3335,3.8052,3.4551,2.9028,0.1838,0.1524,30.3038,1.0,42881.0,1.3,0.0,0.0,8.0,6.877201125175808,6.943601687763714,6.677999437412095,30.3038,0.0
7446,2020-07-15,SZSE:002091,0.6931,6.97,6.6116,7.2,6.97,10897.8501,7.16,1.2631,12.4848,11.3333,17.2456,0.2986,36.9354,63.2707,64.8199,0.0,0.0,0.0,6581.6756,4.194,3.6827,3.3439,2.8094,0.1779,0.1475,27.3327,1.0,42881.0,1.3,0.0,0.0,8.0,6.791830129124821,6.82977331420373,6.6116,27.3327,0.0
7447,2020-07-16,SZSE:002091,0.6931,6.67,6.327,7.06,6.62,10428.7891,7.05,1.2088,11.9475,10.8455,16.5033,0.2857,38.0058,53.0555,54.2179,0.0,0.0,0.0,6112.6146,3.8951,3.4202,3.1056,2.6092,0.1652,0.137,20.6105,1.0,42881.0,1.3,0.0,0.0,8.0,6.687458770614693,6.696944527736132,6.279571214392804,20.6105,0.0
7448,2020-07-17,SZSE:002091,0.7129,6.55,6.2132,6.75,6.46,10241.1647,6.67,1.187,11.7325,10.6504,16.2064,0.2806,38.2209,49.6056,50.6494,0.0,0.0,0.0,5924.9902,3.7755,3.3152,3.0103,2.5291,0.1601,0.1328,16.0973,1.0,42881.0,1.3,0.0,0.0,8.0,6.32702961832061,6.402916030534351,6.127827786259542,16.0973,0.0
7449,2020-07-20,SZSE:002091,0.7129,7.03,6.6685,7.04,6.63,10991.6623,6.68,1.274,12.5923,11.4309,17.3941,0.3012,40.6859,60.6328,61.5508,0.0,0.0,0.0,6675.4878,4.2537,3.7352,3.3916,2.8494,0.1804,0.1496,24.4942,1.0,42881.0,1.3,0.0,0.0,8.0,6.336497866287339,6.677985775248933,6.289068990042674,24.4942,0.0
7450,2020-07-21,SZSE:002091,0.7129,6.99,6.6306,7.14,6.92,10929.1208,7.05,1.2668,12.5206,11.3659,17.2951,0.2995,40.3364,59.465,60.3543,0.0,0.0,0.0,6612.9463,4.2139,3.7002,3.3598,2.8227,0.1787,0.1482,12.9994,1.0,42881.0,1.3,0.0,0.0,8.0,6.687515021459228,6.772887553648069,6.564199141630901,12.9994,0.0
7451,2020-07-22,SZSE:002091,0.7129,6.92,6.5642,7.05,6.88,10819.6733,6.97,1.2541,12.3953,11.252,17.1219,0.2965,40.4281,57.3823,58.2214,0.0,0.0,0.0,6503.4987,4.1442,3.6389,3.3042,2.776,0.1758,0.1458,13.3736,1.0,42881.0,1.3,0.0,0.0,8.0,6.611629190751445,6.687515895953756,6.526256647398843,13.3736,0.0
7452,2020-07-23,SZSE:002091,0.7129,6.85,6.4978,6.91,6.63,10710.2257,6.88,1.2414,12.2699,11.1382,16.9487,0.2935,40.1641,55.2965,56.0868,0.0,0.0,0.0,6394.0512,4.0744,3.5777,3.2486,2.7293,0.1728,0.1433,15.8353,1.0,42881.0,1.3,0.0,0.0,8.0,6.526257518248175,6.554715036496351,6.289111532846715,15.8353,0.0
7453,2020-07-24,SZSE:002091,0.7118,6.53,6.1942,6.93,6.47,10209.894,6.78,1.1834,11.6967,10.6179,16.1569,0.2797,41.4322,46.9034,47.5113,0.0,0.0,0.0,5893.7195,3.7556,3.2977,2.9944,2.5157,0.1593,0.1321,19.3943,1.0,42881.0,1.3,0.0,0.0,8.0,6.431343950995407,6.573630321592649,6.137285451761103,19.3943,0.0
7454,2020-07-27,SZSE:002091,0.7118,6.42,6.0899,6.64,6.35,10037.905,6.61,1.1635,11.4997,10.439,15.8848,0.275,41.595,44.4081,44.9661,0.0,0.0,0.0,5721.7304,3.646,3.2015,2.907,2.4423,0.1546,0.1283,11.103,1.0,42881.0,1.3,0.0,0.0,8.0,6.2701306853582555,6.298588161993769,6.0234992211838,11.103,0.0
7455,2020-07-28,SZSE:002091,0.7118,6.49,6.1563,6.58,6.44,10147.3525,6.49,1.1762,11.625,10.5529,16.058,0.278,41.097,46.3636,46.915,0.0,0.0,0.0,5831.178,3.7157,3.2628,2.9626,2.489,0.1576,0.1307,9.916,1.0,42881.0,1.3,0.0,0.0,8.0,6.1563,6.241672419106316,6.108870878274268,9.916,0.0
7456,2020-07-29,SZSE:002091,0.7118,6.68,6.3365,6.68,6.39,10444.4245,6.5,1.2106,11.9654,10.8618,16.5281,0.2862,36.7409,51.3645,51.8945,0.0,0.0,0.0,6128.2499,3.905,3.429,3.1136,2.6158,0.1656,0.1374,10.1833,1.0,42881.0,1.3,0.0,0.0,8.0,6.165755988023952,6.3365,6.061412425149701,10.1833,0.0
7457,2020-07-30,SZSE:002091,0.7118,6.64,6.2986,6.74,6.6,10381.883,6.69,1.2033,11.8937,10.7968,16.4291,0.2845,36.2571,50.3012,50.8138,0.0,0.0,0.0,6065.7085,3.8652,3.394,3.0818,2.5891,0.1639,0.136,9.3114,1.0,42881.0,1.3,0.0,0.0,8.0,6.346029216867471,6.393458433734941,6.260656626506025,9.3114,0.0
7458,2020-07-31,SZSE:002091,0.7502,6.68,6.3365,6.79,6.59,10444.4245,6.62,1.2106,11.9654,10.8618,16.5281,0.2862,35.9662,51.385,51.8927,0.0,0.0,0.0,6128.2499,3.905,3.429,3.1136,2.6158,0.1656,0.1374,11.0147,1.0,42881.0,1.3,0.0,0.0,8.0,6.279585329341318,6.440843562874252,6.251127994011976,11.0147,0.0
7459,2020-08-03,SZSE:002091,0.7502,6.9,6.5452,6.94,6.73,10788.4025,6.74,1.2505,12.3594,11.2195,17.0724,0.2956,36.2049,56.9461,57.424,0.0,0.0,0.0,6472.228,4.1242,3.6214,3.2883,2.7627,0.1749,0.1451,16.6927,1.0,42881.0,1.3,0.0,0.0,8.0,6.393427246376812,6.583143188405798,6.383941449275363,16.6927,0.0
7460,2020-08-04,SZSE:002091,0.7502,6.9,6.5452,7.05,6.86,10788.4025,6.95,1.2505,12.3594,11.2195,17.0724,0.2956,35.914,56.9461,57.424,0.0,0.0,0.0,6472.228,4.1242,3.6214,3.2883,2.7627,0.1749,0.1451,17.7115,1.0,42881.0,1.3,0.0,0.0,8.0,6.592628985507247,6.687486956521739,6.507256811594203,17.7115,0.0
7461,2020-08-05,SZSE:002091,0.7502,6.88,6.5262,6.9,6.75,10757.1318,6.9,1.2468,12.3236,11.187,17.0229,0.2947,35.642,56.2675,56.7362,0.0,0.0,0.0,6440.9573,4.1043,3.6039,3.2724,2.7493,0.1741,0.1444,12.4971,1.0,42881.0,1.3,0.0,0.0,8.0,6.545171511627907,6.545171511627907,6.402885174418604,12.4971,0.0
7462,2020-08-06,SZSE:002091,0.7502,6.9,6.5452,6.97,6.72,10788.4025,6.87,1.2505,12.3594,11.2195,17.0724,0.2956,35.6199,56.8216,57.2872,0.0,0.0,0.0,6472.228,4.1242,3.6214,3.2883,2.7627,0.1749,0.1451,14.0618,1.0,42881.0,1.3,0.0,0.0,8.0,6.516742608695652,6.611600579710144,6.374455652173913,14.0618,0.0
7463,2020-08-07,SZSE:002091,0.7532,6.73,6.3839,6.9,6.67,10522.6013,6.87,1.2196,12.0549,10.9431,16.6518,0.2883,35.9171,50.916,51.3064,0.0,0.0,0.0,6206.4268,3.9549,3.4727,3.1533,2.6492,0.1677,0.1391,10.9875,1.0,42881.0,1.3,0.0,0.0,8.0,6.516700297176819,6.54515750371471,6.326985586924219,10.9875,0.0
7464,2020-08-10,SZSE:002091,0.7532,6.72,6.3744,6.78,6.64,10506.9659,6.71,1.2178,12.037,10.9268,16.627,0.2879,34.7661,50.5829,50.9693,0.0,0.0,0.0,6190.7914,3.9449,3.464,3.1453,2.6425,0.1673,0.1388,10.1907,1.0,42881.0,1.3,0.0,0.0,8.0,6.364914285714286,6.4313142857142855,6.298514285714286,10.1907,0.0
7465,2020-08-11,SZSE:002091,0.7532,6.51,6.1752,6.75,6.48,10178.6233,6.72,1.1798,11.6609,10.5854,16.1074,0.2789,35.1772,44.0647,44.3757,0.0,0.0,0.0,5862.4487,3.7357,3.2803,2.9785,2.5024,0.1584,0.1314,12.2977,1.0,42881.0,1.3,0.0,0.0,8.0,6.3744000000000005,6.402857142857144,6.146742857142859,12.2977,0.0
7466,2020-08-12,SZSE:002091,0.7532,6.45,6.1183,6.56,6.28,10084.8111,6.49,1.1689,11.5534,10.4878,15.959,0.2763,35.0665,42.3841,42.677,0.0,0.0,0.0,5768.6365,3.6759,3.2278,2.9309,2.4623,0.1559,0.1293,13.6755,1.0,42881.0,1.3,0.0,0.0,8.0,6.156242945736434,6.222643100775193,5.957042480620155,13.6755,0.0
7467,2020-08-13,SZSE:002091,0.7532,6.55,6.2132,6.77,6.5,10241.1647,6.5,1.187,11.7325,10.6504,16.2064,0.2806,34.978,46.0754,46.3624,0.0,0.0,0.0,5924.9902,3.7755,3.3152,3.0103,2.5291,0.1601,0.1328,14.8572,1.0,42881.0,1.3,0.0,0.0,8.0,6.1657709923664115,6.421887633587786,6.1657709923664115,14.8572,0.0
7468,2020-08-14,SZSE:002091,0.7468,6.61,6.2701,6.64,6.43,10334.9769,6.52,1.1979,11.84,10.748,16.3549,0.2832,34.6965,48.219,48.5017,0.0,0.0,0.0,6018.8024,3.8353,3.3677,3.058,2.5691,0.1627,0.1349,10.3475,1.0,42881.0,1.3,0.0,0.0,8.0,6.184727987897125,6.298557337367624,6.099355975794251,10.3475,0.0
7469,2020-08-17,SZSE:002091,0.7468,6.74,6.3934,6.75,6.57,10538.2367,6.61,1.2215,12.0728,10.9594,16.6765,0.2887,34.8831,52.6142,52.8864,0.0,0.0,0.0,6222.0621,3.9648,3.4815,3.1612,2.6559,0.1682,0.1395,14.4459,1.0,42881.0,1.3,0.0,0.0,8.0,6.270085163204748,6.4028857566765565,6.232142136498516,14.4459,0.0
7470,2020-08-18,SZSE:002091,0.7468,6.71,6.365,6.8,6.69,10491.3306,6.79,1.216,12.0191,10.9106,16.6023,0.2875,34.5004,51.5273,51.7905,0.0,0.0,0.0,6175.156,3.9349,3.4552,3.1374,2.6359,0.1669,0.1384,11.1262,1.0,42881.0,1.3,0.0,0.0,8.0,6.440886736214606,6.450372578241431,6.3460283159463495,11.1262,0.0
7471,2020-08-19,SZSE:002091,0.7468,6.54,6.2037,6.74,6.54,10225.5294,6.7,1.1852,11.7146,10.6342,16.1817,0.2802,34.8847,45.7584,45.9767,0.0,0.0,0.0,5909.3548,3.7656,3.3065,3.0023,2.5224,0.1597,0.1325,9.5522,1.0,42881.0,1.3,0.0,0.0,8.0,6.35547247706422,6.393415596330276,6.2037,9.5522,0.0
7472,2020-08-20,SZSE:002091,0.7468,6.5,6.1658,6.6,6.47,10162.9879,6.51,1.178,11.6429,10.5691,16.0827,0.2785,34.7803,44.4961,44.7051,0.0,0.0,0.0,5846.8134,3.7257,3.2715,2.9706,2.4957,0.158,0.1311,8.4192,1.0,42881.0,1.3,0.0,0.0,8.0,6.175285846153846,6.260658461538461,6.137342461538461,8.4192,0.0
7473,2020-08-21,SZSE:002091,0.7471,6.55,6.2132,6.63,6.51,10241.1647,6.54,1.187,11.7325,10.6504,16.2064,0.2806,33.7304,46.4835,46.6899,0.0,0.0,0.0,5924.9902,3.7755,3.3152,3.0103,2.5291,0.1601,0.1328,8.1218,1.0,42881.0,1.3,0.0,0.0,8.0,6.203714198473282,6.289086412213741,6.175256793893129,8.1218,0.0
7474,2020-08-24,SZSE:002091,0.7471,6.8,6.4503,6.86,6.51,10632.0489,6.55,1.2323,12.1803,11.0569,16.825,0.2913,33.5755,55.1338,55.3249,0.0,0.0,0.0,6315.8743,4.0246,3.534,3.2089,2.6959,0.1707,0.1416,17.7109,1.0,42881.0,1.3,0.0,0.0,8.0,6.213156617647059,6.507214411764706,6.175213676470589,17.7109,0.0
7475,2020-08-25,SZSE:002091,0.7471,6.75,6.4029,6.86,6.73,10553.872,6.77,1.2136,12.988,12.4424,19.0266,0.3089,33.5786,53.2789,53.4599,0.0,0.0,0.0,6325.49,4.6143,3.9365,4.0264,5.1291,0.1861,0.172,12.9615,1.0,42881.0,1.3,0.0,0.0,8.0,6.421871555555555,6.507243555555555,6.383928444444444,12.9615,0.0
7476,2020-08-26,SZSE:002091,0.7471,6.5,6.1658,6.82,6.47,10162.9879,6.73,1.1686,12.507,11.5044,18.3219,0.2974,34.3534,45.1075,45.2466,0.0,0.0,0.0,5934.6059,4.3292,3.6932,3.6521,4.6166,0.1746,0.1507,18.3945,1.0,42881.0,1.3,0.0,0.0,8.0,6.383974461538461,6.469347076923077,6.137342461538461,18.3945,0.0
7477,2020-08-27,SZSE:002091,0.7471,6.53,6.1942,6.55,6.4,10209.894,6.49,1.174,12.5647,11.5575,18.4065,0.2988,34.3155,46.1743,46.3125,0.0,0.0,0.0,5981.512,4.3634,3.7224,3.6809,4.6531,0.176,0.1519,13.0559,1.0,42881.0,1.3,0.0,0.0,8.0,6.1562569678407355,6.213171516079633,6.070885145482389,13.0559,0.0
7478,2020-08-28,SZSE:002091,0.7387,6.51,6.1752,6.53,6.38,10178.6233,6.52,1.1704,12.5262,11.5221,18.3501,0.2979,34.3281,45.5389,45.6741,0.0,0.0,0.0,5950.2412,4.3406,3.703,3.6617,4.6287,0.1751,0.1511,11.24,1.0,42881.0,1.3,0.0,0.0,8.0,6.184685714285715,6.194171428571429,6.0518857142857145,11.24,0.0
7479,2020-08-31,SZSE:002091,0.7387,6.49,6.1563,6.6,6.48,10147.3525,6.5,1.1668,12.4878,11.4867,18.2938,0.297,34.2791,44.8739,45.006,0.0,0.0,0.0,5918.9705,4.3178,3.6835,3.6424,4.6044,0.1742,0.1503,9.9125,1.0,42881.0,1.3,0.0,0.0,8.0,6.165785824345146,6.26064406779661,6.146814175654854,9.9125,0.0
7480,2020-09-01,SZSE:002091,0.7387,6.49,6.1563,6.51,6.41,10147.3525,6.48,1.1668,12.4878,11.4867,18.2938,0.297,33.5945,44.8739,45.006,0.0,0.0,0.0,5918.9705,4.3178,3.6835,3.6424,4.6044,0.1742,0.1503,7.5906,1.0,42881.0,1.3,0.0,0.0,8.0,6.146814175654854,6.175271648690292,6.080413405238829,7.5906,0.0
7481,2020-09-02,SZSE:002091,0.7387,6.44,6.1088,6.49,6.38,10069.1757,6.49,1.1578,12.3916,11.3982,18.1528,0.2947,33.4996,43.051,43.1749,0.0,0.0,0.0,5840.7937,4.2607,3.6349,3.5943,4.5436,0.1719,0.1483,8.4374,1.0,42881.0,1.3,0.0,0.0,8.0,6.15622857142857,6.15622857142857,6.051885714285714,8.4374,0.0
7482,2020-09-03,SZSE:002091,0.7387,6.38,6.0519,6.47,6.37,9975.3635,6.44,1.1471,12.2761,11.292,17.9837,0.292,33.5122,40.9038,41.0183,0.0,0.0,0.0,5746.9815,4.1923,3.5765,3.5366,4.4706,0.1691,0.1459,8.1201,1.0,42881.0,1.3,0.0,0.0,8.0,6.108814420062696,6.137271630094044,6.042414263322884,8.1201,0.0
7483,2020-09-04,SZSE:002091,0.7242,6.42,6.0899,6.43,6.25,10037.905,6.31,1.1543,12.3531,11.3628,18.0964,0.2938,33.4126,42.9468,43.0603,0.0,0.0,0.0,5809.523,4.2379,3.6154,3.5751,4.5193,0.171,0.1475,8.1593,1.0,42881.0,1.3,0.0,0.0,8.0,5.985555919003115,6.099385825545171,5.928640965732088,8.1593,0.0
7484,2020-09-07,SZSE:002091,0.7242,6.28,5.9571,6.47,6.26,9819.0098,6.38,1.1291,12.0837,11.115,17.7018,0.2874,33.7146,37.9957,38.0898,0.0,0.0,0.0,5590.6278,4.0783,3.4792,3.4404,4.349,0.1645,0.142,9.6704,1.0,42881.0,1.3,0.0,0.0,8.0,6.051958280254776,6.137330732484076,5.938128343949043,9.6704,0.0
7485,2020-09-08,SZSE:002091,0.7242,6.33,6.0045,6.38,6.22,9897.1867,6.26,1.1381,12.1799,11.2035,17.8428,0.2897,33.7178,40.6282,40.7216,0.0,0.0,0.0,5668.8047,4.1353,3.5278,3.4885,4.4098,0.1668,0.1439,6.7324,1.0,42881.0,1.3,0.0,0.0,8.0,5.938099526066351,6.051928909952607,5.900156398104265,6.7324,0.0
7486,2020-09-09,SZSE:002091,0.7242,6.21,5.8907,6.33,6.19,9709.5623,6.26,1.1165,11.949,10.9912,17.5045,0.2842,33.9391,36.6107,36.6904,0.0,0.0,0.0,5481.1803,3.9984,3.4111,3.373,4.2639,0.1613,0.1392,8.8284,1.0,42881.0,1.3,0.0,0.0,8.0,5.938129146537842,6.004529951690822,5.8717283413848635,8.8284,0.0
7487,2020-09-10,SZSE:002091,0.7242,5.95,5.644,6.29,5.95,9303.0428,6.26,1.0697,11.4487,10.531,16.7716,0.2723,34.9874,29.7471,29.8057,0.0,0.0,0.0,5074.6608,3.7019,3.1581,3.1229,3.9476,0.1493,0.1289,12.6109,1.0,42881.0,1.3,0.0,0.0,8.0,5.938057142857144,5.966514285714286,5.644,12.6109,0.0
7488,2020-09-11,SZSE:002091,0.735,6.01,5.701,6.02,5.84,9396.855,5.98,1.0805,11.5642,10.6372,16.9407,0.275,34.7439,32.8746,32.9332,0.0,0.0,0.0,5168.4729,3.7703,3.2165,3.1806,4.0206,0.1521,0.1312,6.941,1.0,42881.0,1.3,0.0,0.0,8.0,5.672542429284526,5.710485856905158,5.539740432612312,6.941,0.0
7489,2020-09-14,SZSE:002091,0.735,6.04,5.7294,6.18,5.99,9443.7611,6.02,1.0859,11.6219,10.6903,17.0253,0.2764,34.6728,34.446,34.5045,0.0,0.0,0.0,5215.379,3.8045,3.2456,3.2095,4.0571,0.1535,0.1324,6.4251,1.0,42881.0,1.3,0.0,0.0,8.0,5.710428476821192,5.862200662251656,5.6819711920529805,6.4251,0.0
7490,2020-09-15,SZSE:002091,0.735,6.09,5.7768,6.15,6.01,9521.9379,6.03,1.0949,11.7181,10.7788,17.1662,0.2787,34.7155,37.0893,37.1476,0.0,0.0,0.0,5293.5559,3.8615,3.2943,3.2576,4.1179,0.1558,0.1344,6.6912,1.0,42881.0,1.3,0.0,0.0,8.0,5.719885714285714,5.833714285714286,5.700914285714285,6.6912,0.0
7491,2020-09-16,SZSE:002091,0.735,6.1,5.7863,6.13,6.05,9537.5733,6.09,1.0967,11.7373,10.7965,17.1944,0.2791,34.4593,37.631,37.6893,0.0,0.0,0.0,5309.1912,3.873,3.304,3.2672,4.1301,0.1562,0.1348,5.5265,1.0,42881.0,1.3,0.0,0.0,8.0,5.7768142622950815,5.814757213114754,5.7388713114754095,5.5265,0.0
7492,2020-09-17,SZSE:002091,0.735,6.1,5.7863,6.13,6.04,9537.5733,6.1,1.0967,11.7373,10.7965,17.1944,0.2791,34.2538,37.631,37.6893,0.0,0.0,0.0,5309.1912,3.873,3.304,3.2672,4.1301,0.1562,0.1348,5.5757,1.0,42881.0,1.3,0.0,0.0,8.0,5.7863,5.814757213114754,5.729385573770491,5.5757,0.0
7493,2020-09-18,SZSE:002091,0.7364,6.21,5.8907,6.21,6.07,9709.5623,6.11,1.1165,11.949,10.9912,17.5045,0.2842,34.4325,43.8038,43.8607,0.0,0.0,0.0,5481.1803,3.9984,3.4111,3.373,4.2639,0.1613,0.1392,10.3915,1.0,42881.0,1.3,0.0,0.0,8.0,5.795841706924316,5.8907,5.757898389694041,10.3915,0.0
7494,2020-09-21,SZSE:002091,0.7364,6.1,5.7863,6.22,6.07,9537.5733,6.2,1.0967,11.7373,10.7965,17.1944,0.2791,34.5605,39.5846,39.6333,0.0,0.0,0.0,5309.1912,3.873,3.304,3.2672,4.1301,0.1562,0.1348,9.463,1.0,42881.0,1.3,0.0,0.0,8.0,5.88115737704918,5.900128852459016,5.757842786885246,9.463,0.0
7495,2020-09-22,SZSE:002091,0.7364,5.92,5.7092,6.03,5.9,9256.1367,6.0,1.0644,11.391,10.4779,16.6871,0.2709,34.7471,33.8406,36.8084,0.0,0.0,0.0,5027.7547,3.6677,3.1289,3.094,3.9111,0.148,0.1277,6.0851,1.0,42881.0,1.3,0.0,0.0,8.0,5.786351351351352,5.815283108108108,5.6899121621621624,6.0851,0.100
7496,2020-09-23,SZSE:002091,0.7364,5.92,5.7092,5.98,5.88,9256.1367,5.96,1.0644,11.391,10.4779,16.6871,0.2709,34.7329,33.8406,36.8084,0.0,0.0,0.0,5027.7547,3.6677,3.1289,3.094,3.9111,0.148,0.1277,4.2635,1.0,42881.0,1.3,0.0,0.0,8.0,5.747775675675676,5.767063513513515,5.670624324324324,4.2635,0.0
7497,2020-09-24,SZSE:002091,0.7364,5.73,5.5259,5.91,5.73,8959.0647,5.87,1.0302,11.0254,10.1416,16.1515,0.2622,35.2657,28.7359,30.7679,0.0,0.0,0.0,4730.6827,3.4509,2.944,2.9112,3.68,0.1392,0.1201,6.7804,1.0,42881.0,1.3,0.0,0.0,8.0,5.660913263525305,5.699488481675393,5.5259,6.7804,0.0
7498,2020-09-25,SZSE:002091,0.7611,5.72,5.5163,5.78,5.63,8943.4293,5.74,1.0284,11.0062,10.1239,16.1233,0.2618,34.989,28.4923,30.4844,0.0,0.0,0.0,4715.0473,3.4395,2.9343,2.9016,3.6679,0.1388,0.1197,5.5293,1.0,42881.0,1.3,0.0,0.0,8.0,5.535587762237762,5.574163286713287,5.42950506993007,5.5293,0.0
7499,2020-09-28,SZSE:002091,0.7611,5.69,5.4874,5.74,5.67,8896.5232,5.71,1.023,10.9484,10.0708,16.0387,0.2604,34.7266,27.7328,29.603,0.0,0.0,0.0,4668.1412,3.4053,2.9051,2.8727,3.6314,0.1374,0.1185,2.8373,1.0,42881.0,1.3,0.0,0.0,8.0,5.506687873462214,5.535619683655536,5.468112126537785,2.8373,0.0
7500,2020-09-29,SZSE:002091,0.7611,5.73,5.5259,5.81,5.71,8959.0647,5.76,1.0302,11.0254,10.1416,16.1515,0.2622,34.472,30.3971,32.4091,0.0,0.0,0.0,4730.6827,3.4509,2.944,2.9112,3.68,0.1392,0.1201,3.8206,1.0,42881.0,1.3,0.0,0.0,8.0,5.554831413612566,5.603050436300173,5.506612390924956,3.8206,0.0
7501,2020-09-30,SZSE:002091,0.7611,5.7,5.497,5.81,5.67,8912.1586,5.72,1.0248,10.9677,10.0885,16.0669,0.2608,34.4198,29.5181,31.3982,0.0,0.0,0.0,4683.7766,3.4167,2.9148,2.8823,3.6435,0.1378,0.1189,6.4089,1.0,42881.0,1.3,0.0,0.0,8.0,5.516287719298245,5.60308245614035,5.468068421052632,6.4089,0.0
7502,2020-10-01,SZSE:002091,0.7611,0.0,5.497,0.0,0.0,8912.1586,0.0,1.0248,10.9677,10.0885,16.0669,0.2608,34.4198,29.5181,31.3982,0.0,0.0,0.0,4683.7766,3.4167,2.9148,2.8823,3.6435,0.1378,0.1189,0.0,1.0,42881.0,1.3,0.0,0.0,8.0,0.0,0.0,0.0,0.0,0.0
7503,2020-10-02,SZSE:002091,0.7544,0.0,5.497,0.0,0.0,8912.1586,0.0,1.0248,10.9677,10.0885,16.0669,0.2608,34.4198,29.5181,31.3982,0.0,0.0,0.0,4683.7766,3.4167,2.9148,2.8823,3.6435,0.1378,0.1189,0.0,1.0,42881.0,1.3,0.0,0.0,8.0,0.0,0.0,0.0,0.0,0.0
7504,2020-10-05,SZSE:002091,0.7544,0.0,5.497,0.0,0.0,8912.1586,0.0,1.0248,10.9677,10.0885,16.0669,0.2608,34.4198,29.5181,31.3982,0.0,0.0,0.0,4683.7766,3.4167,2.9148,2.8823,3.6435,0.1378,0.1189,0.0,1.0,42881.0,1.3,0.0,0.0,8.0,0.0,0.0,0.0,0.0,0.0
7505,2020-10-06,SZSE:002091,0.7544,0.0,5.497,0.0,0.0,8912.1586,0.0,1.0248,10.9677,10.0885,16.0669,0.2608,34.4198,29.5181,31.3982,0.0,0.0,0.0,4683.7766,3.4167,2.9148,2.8823,3.6435,0.1378,0.1189,0.0,1.0,42881.0,1.3,0.0,0.0,8.0,0.0,0.0,0.0,0.0,0.0
7506,2020-10-07,SZSE:002091,0.7544,0.0,5.497,0.0,0.0,8912.1586,0.0,1.0248,10.9677,10.0885,16.0669,0.2608,34.4198,29.5181,31.3982,0.0,0.0,0.0,4683.7766,3.4167,2.9148,2.8823,3.6435,0.1378,0.1189,0.0,1.0,42881.0,1.3,0.0,0.0,8.0,0.0,0.0,0.0,0.0,0.0
7507,2020-10-08,SZSE:002091,0.7544,0.0,5.497,0.0,0.0,8912.1586,0.0,1.0248,10.9677,10.0885,16.0669,0.2608,34.4198,29.5181,31.3982,0.0,0.0,0.0,4683.7766,3.4167,2.9148,2.8823,3.6435,0.1378,0.1189,0.0,1.0,42881.0,1.3,0.0,0.0,8.0,0.0,0.0,0.0,0.0,0.0
7508,2020-10-09,SZSE:002091,0.7635,5.99,5.7767,6.07,5.82,9365.5842,5.88,1.0769,11.5257,10.6018,16.8844,0.2741,34.7266,45.826,48.2139,0.0,0.0,0.0,5137.2022,3.7475,3.197,3.1614,3.9963,0.1512,0.1304,13.6505,1.0,42881.0,1.3,0.0,0.0,8.0,5.670617028380634,5.853851252086811,5.612753589315526,13.6505,0.0
7509,2020-10-12,SZSE:002091,0.7635,6.19,5.9696,6.19,6.03,9678.2915,6.05,1.1129,11.9105,10.9558,17.4481,0.2833,35.4238,53.7703,56.1897,0.0,0.0,0.0,5449.9095,3.9756,3.3916,3.3538,4.2395,0.1604,0.1384,14.1238,1.0,42881.0,1.3,0.0,0.0,8.0,5.834584814216477,5.9696,5.815296930533117,14.1238,0.0
7510,2020-10-13,SZSE:002091,0.7635,6.13,5.9117,6.17,6.07,9584.4794,6.17,1.1021,11.7951,10.8496,17.279,0.2805,34.7345,51.3381,53.5263,0.0,0.0,0.0,5356.0973,3.9072,3.3332,3.2961,4.1666,0.1576,0.136,9.3675,1.0,42881.0,1.3,0.0,0.0,8.0,5.950275530179446,5.950275530179446,5.853836704730832,9.3675,0.0
7511,2020-10-14,SZSE:002091,0.7635,6.15,5.931,6.23,6.09,9615.7501,6.1,1.1057,11.8336,10.885,17.3354,0.2814,34.3281,52.1156,54.3039,0.0,0.0,0.0,5387.3681,3.93,3.3527,3.3153,4.1909,0.1585,0.1368,8.7612,1.0,42881.0,1.3,0.0,0.0,8.0,5.882780487804877,6.008151219512195,5.873136585365853,8.7612,0.0
7512,2020-10-15,SZSE:002091,0.7635,6.2,5.9792,6.43,6.2,9693.9269,6.23,1.1147,11.9298,10.9735,17.4763,0.2837,34.2,54.0906,56.2735,0.0,0.0,0.0,5465.5449,3.987,3.4013,3.3634,4.2517,0.1608,0.1388,16.3803,1.0,42881.0,1.3,0.0,0.0,8.0,6.008131612903226,6.201009032258064,5.9792,16.3803,0.0
7513,2020-10-16,SZSE:002091,0.7695,6.13,5.9117,6.25,6.09,9584.4794,6.2,1.1021,11.7951,10.8496,17.279,0.2805,33.1312,50.9239,52.8397,0.0,0.0,0.0,5356.0973,3.9072,3.3332,3.2961,4.1666,0.1576,0.136,10.0077,1.0,42881.0,1.3,0.0,0.0,8.0,5.979207177814029,6.027426590538336,5.873124469820555,10.0077,0.0
7514,2020-10-19,SZSE:002091,0.7695,6.21,5.9889,6.37,6.12,9709.5623,6.12,1.1165,11.949,10.9912,17.5045,0.2842,33.0743,54.2224,56.1341,0.0,0.0,0.0,5481.1803,3.9984,3.4111,3.373,4.2639,0.1613,0.1392,12.5722,1.0,42881.0,1.3,0.0,0.0,8.0,5.9021043478260875,6.143203381642513,5.9021043478260875,12.5722,0.0
7515,2020-10-20,SZSE:002091,0.7695,6.32,6.0949,6.32,6.11,9881.5513,6.2,1.1363,12.1607,11.1858,17.8146,0.2892,29.8171,58.366,60.2462,0.0,0.0,0.0,5653.1693,4.1239,3.5181,3.4789,4.3976,0.1664,0.1435,9.957,1.0,42881.0,1.3,0.0,0.0,8.0,5.979174050632912,6.0949,5.892379588607596,9.957,0.0
7516,2020-10-21,SZSE:002091,0.7695,6.35,6.1239,6.42,6.26,9928.4574,6.35,1.1417,12.2184,11.2389,17.8991,0.2906,29.8345,59.4442,61.3114,0.0,0.0,0.0,5700.0754,4.1581,3.5473,3.5077,4.4341,0.1677,0.1447,12.0362,1.0,42881.0,1.3,0.0,0.0,8.0,6.1239,6.1914075590551185,6.037104566929134,12.0362,0.0
7517,2020-10-22,SZSE:002091,0.7695,6.49,6.2589,6.55,6.3,10147.3525,6.33,1.1668,12.4878,11.4867,18.2938,0.297,30.1586,64.1146,65.903,0.0,0.0,0.0,5918.9705,4.3178,3.6835,3.6424,4.6044,0.1742,0.1503,18.0874,1.0,42881.0,1.3,0.0,0.0,8.0,6.104597380585516,6.3167634822804315,6.0756656394453,18.0874,0.0
7518,2020-10-23,SZSE:002091,0.7728,6.32,6.0949,6.49,6.28,9881.5513,6.46,1.1363,12.1607,11.1858,17.8146,0.2892,30.5508,55.7231,57.0491,0.0,0.0,0.0,5653.1693,4.1239,3.5181,3.4789,4.3976,0.1664,0.1435,11.8574,1.0,42881.0,1.3,0.0,0.0,8.0,6.229913607594936,6.258845094936708,6.056324683544304,11.8574,0.0
7519,2020-10-26,SZSE:002091,0.7728,6.17,5.9503,6.33,6.1,9647.0208,6.32,1.1093,11.872,10.9204,17.3918,0.2823,29.3791,49.5594,50.5907,0.0,0.0,0.0,5418.6388,3.9528,3.3721,3.3346,4.2152,0.1595,0.1376,11.3488,1.0,42881.0,1.3,0.0,0.0,8.0,6.09495883306321,6.104602755267424,5.882792544570503,11.3488,0.0
7520,2020-10-27,SZSE:002091,0.7728,6.15,5.931,6.23,6.09,9615.7501,6.17,1.1057,11.8336,10.885,17.3354,0.2814,29.1941,48.7846,49.7814,0.0,0.0,0.0,5387.3681,3.93,3.3527,3.3153,4.1909,0.1585,0.1368,8.9493,1.0,42881.0,1.3,0.0,0.0,8.0,5.950287804878048,6.008151219512195,5.873136585365853,8.9493,0.0
7521,2020-10-28,SZSE:002091,0.7728,6.39,6.1624,6.47,6.04,9990.9989,6.16,1.1489,12.2953,11.3097,18.0119,0.2924,30.176,57.3931,58.384,0.0,0.0,0.0,5762.6169,4.2037,3.5862,3.5462,4.4828,0.1696,0.1463,20.6982,1.0,42881.0,1.3,0.0,0.0,8.0,5.940592175273865,6.239550547730829,5.8248663536776215,20.6982,0.0
7522,2020-10-29,SZSE:002091,0.7728,6.4,6.1721,6.51,6.29,10006.6342,6.31,1.1278,13.0627,11.3274,19.3702,0.326,29.5689,57.712,58.7014,0.0,0.0,0.0,4491.2389,2.9942,2.5969,2.7394,3.5462,0.1464,0.114,18.436,1.0,42881.0,1.3,0.0,0.0,8.0,6.0853048437499995,6.2781829687499995,6.06601703125,18.436,0.0
7523,2020-10-30,SZSE:002091,0.7744,6.18,5.9599,6.43,6.17,9662.6562,6.42,1.089,12.6137,10.9381,18.7043,0.3148,30.3689,49.0184,49.7165,0.0,0.0,0.0,4147.2608,2.7649,2.398,2.5296,3.2746,0.1352,0.1053,12.6842,1.0,42881.0,1.3,0.0,0.0,8.0,6.191352427184466,6.2009962783171515,5.9502561488673145,12.6842,0.0
7524,2020-11-02,SZSE:002091,0.7744,6.42,6.1914,6.48,6.09,10037.905,6.15,1.1313,13.1035,11.3628,19.4307,0.327,31.3809,56.6842,57.3804,0.0,0.0,0.0,4522.5096,3.0151,2.615,2.7585,3.5709,0.1475,0.1148,17.323,1.0,42881.0,1.3,0.0,0.0,8.0,5.931014018691589,6.24926355140187,5.873150467289719,17.323,0.0
7525,2020-11-03,SZSE:002091,0.7744,6.45,6.2203,6.57,6.37,10084.8111,6.42,1.1366,13.1647,11.4159,19.5215,0.3286,30.6441,57.5435,58.2372,0.0,0.0,0.0,4569.4157,3.0463,2.6421,2.7871,3.6079,0.149,0.116,15.4572,1.0,42881.0,1.3,0.0,0.0,8.0,6.191368372093024,6.336026511627907,6.1431489922480615,15.4572,0.0
7526,2020-11-04,SZSE:002091,0.7744,6.54,6.3071,6.63,6.39,10225.5294,6.41,1.1524,13.3484,11.5752,19.7939,0.3332,30.7958,60.101,60.7844,0.0,0.0,0.0,4710.134,3.1401,2.7235,2.8729,3.719,0.1536,0.1196,18.7705,1.0,42881.0,1.3,0.0,0.0,8.0,6.181729510703365,6.393894954128441,6.162441743119266,18.7705,0.0
7527,2020-11-05,SZSE:002091,0.7744,6.8,6.5578,6.86,6.52,10632.0489,6.63,1.1982,13.8791,12.0354,20.5808,0.3464,31.8489,66.398,67.0389,0.0,0.0,0.0,5116.6535,3.4112,2.9585,3.1209,4.04,0.1668,0.1299,35.8871,1.0,42881.0,1.3,0.0,0.0,8.0,6.393855,6.6156629411764705,6.2877729411764705,35.8871,0.0
7528,2020-11-06,SZSE:002091,0.8111,6.75,6.5096,6.95,6.66,10553.872,6.78,1.1894,13.7771,11.9469,20.4295,0.3439,31.8758,64.2965,64.8954,0.0,0.0,0.0,5038.4767,3.359,2.9133,3.0732,3.9783,0.1643,0.1279,27.1854,1.0,42881.0,1.3,0.0,0.0,8.0,6.538531555555555,6.7024770370370375,6.422805333333334,27.1854,0.0
7529,2020-11-09,SZSE:002091,0.8111,6.77,6.5289,6.83,6.67,10585.1428,6.78,1.193,13.8179,11.9823,20.49,0.3449,31.471,64.7767,65.3723,0.0,0.0,0.0,5069.7474,3.3799,2.9314,3.0923,4.003,0.1653,0.1287,27.538,1.0,42881.0,1.3,0.0,0.0,8.0,6.538543870014772,6.586763220088628,6.4324612998522905,27.538,0.0
7530,2020-11-10,SZSE:002091,0.8111,6.66,6.4228,6.77,6.57,10413.1537,6.72,1.1736,13.5934,11.7876,20.1571,0.3393,31.6497,59.9967,60.5034,0.0,0.0,0.0,4897.7584,3.2652,2.8319,2.9874,3.8672,0.1597,0.1244,18.1642,1.0,42881.0,1.3,0.0,0.0,8.0,6.480663063063062,6.528882282282281,6.336005405405405,18.1642,0.0
7531,2020-11-11,SZSE:002091,0.8111,6.7,6.4614,6.76,6.6,10475.6952,6.62,1.1806,13.675,11.8584,20.2781,0.3413,30.9824,61.1202,61.6228,0.0,0.0,0.0,4960.2999,3.3069,2.8681,3.0255,3.9165,0.1617,0.126,15.206,1.0,42881.0,1.3,0.0,0.0,8.0,6.384248955223881,6.51926328358209,6.364961194029851,15.206,0.0
7532,2020-11-12,SZSE:002091,0.8111,6.59,6.3553,6.71,6.48,10303.7062,6.65,1.1612,13.4505,11.6637,19.9452,0.3357,31.1152,56.4268,56.8512,0.0,0.0,0.0,4788.3108,3.1923,2.7687,2.9206,3.7807,0.1561,0.1216,15.9298,1.0,42881.0,1.3,0.0,0.0,8.0,6.413163125948406,6.471026251896813,6.249217602427922,15.9298,0.0
7533,2020-11-13,SZSE:002091,0.8052,6.8,6.5578,6.91,6.5,10632.0489,6.5,1.1982,13.8791,12.0354,20.5808,0.3464,31.6101,62.368,62.7769,0.0,0.0,0.0,5116.6535,3.4112,2.9585,3.1209,4.04,0.1668,0.1299,23.7025,1.0,42881.0,1.3,0.0,0.0,8.0,6.268485294117648,6.663882058823529,6.268485294117648,23.7025,0.0
7534,2020-11-16,SZSE:002091,0.8052,7.02,6.77,7.15,6.8,10976.0269,6.91,1.237,14.3281,12.4248,21.2467,0.3576,32.2031,67.3852,67.7706,0.0,0.0,0.0,5460.6316,3.6405,3.1574,3.3307,4.3116,0.178,0.1387,32.8687,1.0,42881.0,1.3,0.0,0.0,8.0,6.663917378917379,6.895370370370371,6.557834757834758,32.8687,0.0
7535,2020-11-17,SZSE:002091,0.8052,6.85,6.6061,7.09,6.82,10710.2257,6.98,1.207,13.9812,12.1239,20.7321,0.3489,32.3849,60.6557,60.9646,0.0,0.0,0.0,5194.8304,3.4633,3.0037,3.1686,4.1017,0.1694,0.1319,19.1956,1.0,42881.0,1.3,0.0,0.0,8.0,6.731471240875914,6.837554598540146,6.577168175182482,19.1956,0.0
7536,2020-11-18,SZSE:002091,0.8052,6.78,6.5386,6.95,6.66,10600.7781,6.9,1.1947,13.8383,12.0,20.5203,0.3454,32.4434,58.0835,58.3654,0.0,0.0,0.0,5085.3828,3.3903,2.9404,3.1018,4.0153,0.1658,0.1291,18.4984,1.0,42881.0,1.3,0.0,0.0,8.0,6.6543274336283185,6.7025471976401185,6.422872566371681,18.4984,0.0
7537,2020-11-19,SZSE:002091,0.8052,6.76,6.5193,6.84,6.69,10569.5074,6.75,1.1912,13.7975,11.9646,20.4597,0.3444,32.0054,57.3353,57.6096,0.0,0.0,0.0,5054.1121,3.3695,2.9223,3.0827,3.9906,0.1648,0.1283,11.4142,1.0,42881.0,1.3,0.0,0.0,8.0,6.509656065088758,6.596451479289941,6.451792455621303,11.4142,0.0
7538,2020-11-20,SZSE:002091,0.8083,6.98,6.7314,7.02,6.72,10913.4855,6.76,1.23,14.2465,12.354,21.1256,0.3556,32.6094,62.9833,63.2471,0.0,0.0,0.0,5398.0901,3.5988,3.1212,3.2925,4.2622,0.176,0.1371,18.8369,1.0,42881.0,1.3,0.0,0.0,8.0,6.519235530085959,6.769975358166187,6.480660171919769,18.8369,0.0
7539,2020-11-23,SZSE:002091,0.8083,7.07,6.8182,7.13,6.95,11054.2038,7.01,1.2458,14.4302,12.5133,21.398,0.3602,32.6695,65.0233,65.2813,0.0,0.0,0.0,5538.8084,3.6926,3.2026,3.3784,4.3733,0.1806,0.1406,25.0534,1.0,42881.0,1.3,0.0,0.0,8.0,6.760336916548797,6.876063083451201,6.702473833097596,25.0534,0.0
7540,2020-11-24,SZSE:002091,0.8083,7.11,6.8568,7.19,6.99,11116.7452,7.07,1.2529,14.5118,12.5841,21.519,0.3622,31.8109,65.9221,66.1773,0.0,0.0,0.0,5601.3499,3.7343,3.2388,3.4165,4.4227,0.1826,0.1422,21.133,1.0,42881.0,1.3,0.0,0.0,8.0,6.8182244725738395,6.93395105485232,6.741073417721519,21.133,0.0
7541,2020-11-25,SZSE:002091,0.8083,6.99,6.7411,7.2,6.99,10929.1208,7.15,1.2317,14.2669,12.3717,21.1559,0.3561,31.9754,60.8684,61.0842,0.0,0.0,0.0,5413.7255,3.6092,3.1303,3.3021,4.2746,0.1765,0.1375,18.6583,1.0,42881.0,1.3,0.0,0.0,8.0,6.895402718168812,6.943622317596566,6.7411,18.6583,0.0
7542,2020-11-26,SZSE:002091,0.8083,6.87,6.6253,7.05,6.82,10741.4964,6.99,1.2106,14.022,11.6936,20.7927,0.35,31.2006,56.2265,56.409,0.0,0.0,0.0,5226.1011,3.4841,3.0218,3.0819,3.9614,0.1704,0.1245,12.5332,1.0,42881.0,1.3,0.0,0.0,8.0,6.74102576419214,6.79888864628821,6.577080931586608,12.5332,0.0
7543,2020-11-27,SZSE:002091,0.8192,6.83,6.5868,7.03,6.73,10678.955,6.93,1.2035,13.9403,11.6255,20.6716,0.3479,31.2212,54.7282,54.9006,0.0,0.0,0.0,5163.5596,3.4424,2.9856,3.045,3.914,0.1684,0.123,17.4473,1.0,42881.0,1.3,0.0,0.0,8.0,6.683239238653002,6.779678477306004,6.490360761346999,17.4473,0.0
7544,2020-11-30,SZSE:002091,0.8192,6.7,6.4614,6.94,6.69,10475.6952,6.81,1.1806,13.675,11.4043,20.2781,0.3413,31.4773,50.0595,50.2022,0.0,0.0,0.0,4960.2999,3.3069,2.8681,2.9251,3.7599,0.1617,0.1181,14.7121,1.0,42881.0,1.3,0.0,0.0,8.0,6.567482686567164,6.692853134328358,6.451756119402986,14.7121,0.0
7545,2020-12-01,SZSE:002091,0.8192,6.86,6.6157,6.89,6.63,10725.8611,6.73,1.2088,14.0016,11.6766,20.7624,0.3495,32.0924,55.1327,55.2754,0.0,0.0,0.0,5210.4657,3.4737,3.0127,3.0727,3.9496,0.1699,0.1241,17.7866,1.0,42881.0,1.3,0.0,0.0,8.0,6.490329591836735,6.644631632653061,6.393890816326531,17.7866,0.0
7546,2020-12-02,SZSE:002091,0.8192,6.74,6.5,6.89,6.71,10538.2367,6.86,1.1877,13.7567,11.4723,20.3992,0.3433,32.271,50.9521,51.0729,0.0,0.0,0.0,5022.8413,3.3486,2.9043,2.962,3.8074,0.1638,0.1196,10.4956,1.0,42881.0,1.3,0.0,0.0,8.0,6.6157270029673585,6.644658753709198,6.471068249258161,10.4956,0.0
7547,2020-12-03,SZSE:002091,0.8192,6.67,6.4325,6.77,6.65,10428.7891,6.74,1.1753,13.6138,11.3532,20.1874,0.3398,32.2869,48.6354,48.7447,0.0,0.0,0.0,4913.3938,3.2757,2.841,2.8975,3.7244,0.1602,0.117,10.0468,1.0,42881.0,1.3,0.0,0.0,8.0,6.500007496251875,6.528939280359819,6.413212143928036,10.0468,0.0
7548,2020-12-04,SZSE:002091,0.808,6.64,6.4035,6.67,6.52,10381.883,6.63,1.17,13.5525,11.3021,20.0966,0.3383,32.2837,47.6357,47.7403,0.0,0.0,0.0,4866.4877,3.2444,2.8139,2.8698,3.6888,0.1587,0.1159,11.9954,1.0,42881.0,1.3,0.0,0.0,8.0,6.393856174698795,6.432431475903615,6.287774096385542,11.9954,0.0
7549,2020-12-07,SZSE:002091,0.808,6.56,6.3264,6.67,6.54,10256.8001,6.62,1.1559,13.3893,11.166,19.8544,0.3342,32.0481,44.9806,45.0731,0.0,0.0,0.0,4741.4047,3.161,2.7415,2.7961,3.594,0.1546,0.1129,7.553,1.0,42881.0,1.3,0.0,0.0,8.0,6.384263414634146,6.432482926829269,6.3071121951219515,7.553,0.0
7550,2020-12-08,SZSE:002091,0.808,7.0,6.7507,7.22,6.57,10944.7562,6.6,1.2335,14.2873,11.9149,21.1861,0.3566,34.6412,58.6364,58.73,0.0,0.0,0.0,5429.3609,3.6196,3.1393,3.2018,4.1155,0.177,0.1293,51.6936,1.0,42881.0,1.3,0.0,0.0,8.0,6.364945714285715,6.962864857142857,6.3360141428571435,51.6936,0.0
7551,2020-12-09,SZSE:002091,0.808,6.87,6.6253,7.1,6.85,10741.4964,6.97,1.2106,14.022,11.6936,20.7927,0.35,34.6317,54.3446,54.4244,0.0,0.0,0.0,5226.1011,3.4841,3.0218,3.0819,3.9614,0.1704,0.1245,32.5657,1.0,42881.0,1.3,0.0,0.0,8.0,6.721738136826783,6.847107714701601,6.606012372634643,32.5657,0.0
7552,2020-12-10,SZSE:002091,0.808,6.68,6.4421,6.85,6.6,10444.4245,6.82,1.1771,13.6342,11.3702,20.2176,0.3403,33.9423,48.7307,48.794,0.0,0.0,0.0,4929.0291,3.2861,2.85,2.9067,3.7362,0.1607,0.1174,18.6144,1.0,42881.0,1.3,0.0,0.0,8.0,6.577114071856287,6.606045658682635,6.364949101796407,18.6144,0.0
7553,2020-12-11,SZSE:002091,0.8048,6.86,6.6157,7.25,6.67,10725.8611,6.77,1.2088,14.0016,11.6766,20.7624,0.3495,34.2807,53.619,53.6827,0.0,0.0,0.0,5210.4657,3.4737,3.0127,3.0727,3.9496,0.1699,0.1241,36.2959,1.0,42881.0,1.3,0.0,0.0,8.0,6.528905102040816,6.991811224489796,6.432466326530612,36.2959,0.0
7554,2020-12-14,SZSE:002091,0.8048,7.22,6.9629,7.25,6.83,11288.7342,6.9,1.2722,14.7364,12.2894,21.852,0.3678,35.7274,61.5209,61.5824,0.0,0.0,0.0,5773.3389,3.849,3.3382,3.4046,4.3762,0.1882,0.1375,56.0244,1.0,42881.0,1.3,0.0,0.0,8.0,6.654295013850416,6.991831717451524,6.586787673130194,56.0244,0.0
7555,2020-12-15,SZSE:002091,0.8048,7.08,6.8279,7.2,7.02,11069.8391,7.15,1.2476,14.4506,12.0511,21.4283,0.3607,36.0089,57.4236,57.4769,0.0,0.0,0.0,5554.4438,3.703,3.2116,3.2755,4.2103,0.1811,0.1323,31.6229,1.0,42881.0,1.3,0.0,0.0,8.0,6.895407485875706,6.943627118644067,6.770036440677965,31.6229,0.0
7556,2020-12-16,SZSE:002091,0.8048,7.29,7.0304,7.29,7.04,11398.1818,7.15,1.2846,14.8792,12.4085,22.0638,0.3714,36.4247,61.5592,61.6112,0.0,0.0,0.0,5882.7865,3.9219,3.4015,3.4691,4.4592,0.1918,0.1401,40.9167,1.0,42881.0,1.3,0.0,0.0,8.0,6.895385459533609,7.0304,6.789302606310014,40.9167,0.0
7557,2020-12-17,SZSE:002091,0.8048,7.29,7.0304,7.31,7.03,11398.1818,7.26,1.2846,14.8792,12.4085,22.0638,0.3714,36.4247,61.5592,61.6112,0.0,0.0,0.0,5882.7865,3.9219,3.4015,3.4691,4.4592,0.1918,0.1401,37.7563,1.0,42881.0,1.3,0.0,0.0,8.0,7.001468312757202,7.049687791495199,6.779658710562415,37.7563,0.0
7558,2020-12-18,SZSE:002091,0.8231,7.45,7.1847,7.8,7.31,11648.3477,7.5,1.3128,15.2058,12.6809,22.5481,0.3795,36.5006,64.5978,64.6482,0.0,0.0,0.0,6132.9523,4.0887,3.5461,3.6167,4.6488,0.2,0.1461,47.975,1.0,42881.0,1.3,0.0,0.0,8.0,7.2329194630872475,7.522236241610739,7.049685503355704,47.975,0.0
7559,2020-12-21,SZSE:002091,0.8231,7.71,7.4354,7.8,7.35,12054.8672,7.5,1.3586,15.7365,13.1234,23.335,0.3928,36.7884,68.8999,68.9474,0.0,0.0,0.0,6539.4718,4.3597,3.7812,3.8564,4.957,0.2132,0.1557,54.0413,1.0,42881.0,1.3,0.0,0.0,8.0,7.232879377431906,7.522194552529182,7.088221789883268,54.0413,0.0
7560,2020-12-22,SZSE:002091,0.8231,7.36,7.0979,7.81,7.25,11507.6294,7.55,1.2969,15.0221,12.5277,22.2757,0.3749,37.5932,58.58,58.6138,0.0,0.0,0.0,5992.234,3.9949,3.4648,3.5337,4.5422,0.1954,0.1427,53.1752,1.0,42881.0,1.3,0.0,0.0,8.0,7.281133831521738,7.531874864130434,6.991817255434783,53.1752,0.0
7561,2020-12-23,SZSE:002091,0.8231,7.89,7.609,8.1,7.35,12336.3038,7.37,1.3903,16.1039,13.4298,23.8798,0.4019,39.9491,66.7111,66.7424,0.0,0.0,0.0,6820.9084,4.5474,3.9439,4.0224,5.1703,0.2224,0.1624,96.4716,1.0,42881.0,1.3,0.0,0.0,8.0,7.107519645120406,7.811520912547528,7.088231939163498,96.4716,0.0
7562,2020-12-24,SZSE:002091,0.8231,7.68,7.4065,7.89,7.54,12007.9611,7.83,1.3533,15.6752,13.0723,23.2442,0.3912,39.7372,61.5549,61.5814,0.0,0.0,0.0,6492.5657,4.3285,3.7541,3.8287,4.9214,0.2117,0.1546,51.5215,1.0,42881.0,1.3,0.0,0.0,8.0,7.551158203125,7.609021484375,7.271485677083334,51.5215,0.0
7563,2020-12-25,SZSE:002091,0.8022,7.99,7.7055,8.04,7.55,12492.6574,7.65,1.4079,16.308,13.6,24.1824,0.407,40.3428,65.7619,65.7872,0.0,0.0,0.0,6977.2621,4.6516,4.0343,4.1146,5.2888,0.2275,0.1662,49.2564,1.0,42881.0,1.3,0.0,0.0,8.0,7.3776063829787235,7.75371964956195,7.281167083854817,49.2564,0.0
7564,2020-12-28,SZSE:002091,0.8022,7.8,7.5222,7.96,7.62,12195.5855,7.92,1.3744,15.9202,13.2766,23.6074,0.3973,40.7459,61.332,61.3539,0.0,0.0,0.0,6680.1901,4.4535,3.8626,3.9394,5.0636,0.2178,0.1591,43.7077,1.0,42881.0,1.3,0.0,0.0,8.0,7.637926153846153,7.676501538461538,7.34861076923077,43.7077,0.0
7565,2020-12-29,SZSE:002091,0.8022,7.02,6.77,7.77,7.02,10976.0269,7.7,1.237,14.3281,11.9489,21.2467,0.3576,46.6815,47.2579,47.2705,0.0,0.0,0.0,5460.6316,3.6405,3.1574,3.2202,4.1392,0.178,0.13,53.4522,1.0,42881.0,1.3,0.0,0.0,8.0,7.425783475783477,7.493290598290598,6.77,53.4522,0.0
7566,2020-12-30,SZSE:002091,0.8022,7.2,6.9436,7.43,6.97,11257.4635,7.03,1.2687,14.6955,12.2553,21.7914,0.3668,46.8602,50.1035,50.1162,0.0,0.0,0.0,5742.0682,3.8281,3.3201,3.3862,4.3525,0.1872,0.1367,43.6644,1.0,42881.0,1.3,0.0,0.0,8.0,6.779653888888888,7.165409444444443,6.721790555555555,43.6644,0.0
7567,2020-12-31,SZSE:002091,0.8022,7.23,6.9725,7.42,7.15,11304.3696,7.26,1.274,14.7568,12.3064,21.8822,0.3683,46.4602,50.582,50.5948,0.0,0.0,0.0,5788.9743,3.8594,3.3472,3.4138,4.3881,0.1887,0.1379,27.3845,1.0,42881.0,1.3,0.0,0.0,8.0,7.00143153526971,7.15573305670816,6.895349239280775,27.3845,0.0
7568,2021-01-01,SZSE:002091,0.7554,0.0,6.9725,0.0,0.0,11304.3696,0.0,1.274,14.7568,12.3064,21.8822,0.3683,46.4602,50.582,50.5948,0.0,0.0,0.0,5788.9743,3.8594,3.3472,3.4138,4.3881,0.1887,0.1379,0.0,1.0,42881.0,1.3,0.0,0.0,8.0,0.0,0.0,0.0,0.0,0.0
7569,2021-01-04,SZSE:002091,0.7554,7.86,7.5801,7.94,7.32,12289.3977,7.34,1.385,16.0426,13.3787,23.789,0.4004,48.8082,59.3903,59.4028,0.0,0.0,0.0,6774.0023,4.5161,3.9168,3.9947,5.1347,0.2209,0.1613,51.4845,1.0,42881.0,1.3,0.0,0.0,8.0,7.078617557251908,7.657251145038169,7.059329770992366,51.4845,0.0
7570,2021-01-05,SZSE:002091,0.7554,8.0,7.7151,8.15,7.83,12508.2928,7.9,1.4097,16.3284,13.617,24.2127,0.4075,48.4698,61.0516,61.064,0.0,0.0,0.0,6992.8974,4.662,4.0434,4.1238,5.3007,0.228,0.1665,52.9375,1.0,42881.0,1.3,0.0,0.0,8.0,7.61866125,7.859758125,7.551154125,52.9375,0.0
7571,2021-01-06,SZSE:002091,0.7554,7.72,7.4451,8.05,7.6,12070.5025,8.0,1.3604,15.7569,13.1404,23.3653,0.3933,48.7702,56.1077,56.1181,0.0,0.0,0.0,6555.1072,4.3701,3.7902,3.8656,4.9688,0.2137,0.1561,39.9702,1.0,42881.0,1.3,0.0,0.0,8.0,7.715129533678757,7.7633490932642495,7.329373056994818,39.9702,0.0
7572,2021-01-07,SZSE:002091,0.7554,7.57,7.3004,7.81,7.45,11835.9721,7.7,1.3339,15.4507,12.8851,22.9113,0.3856,48.6216,53.6034,53.6128,0.0,0.0,0.0,6320.5767,4.2138,3.6546,3.7273,4.791,0.2061,0.1505,40.5433,1.0,42881.0,1.3,0.0,0.0,8.0,7.425770145310436,7.5318525759577275,7.1846737120211355,40.5433,0.0
7573,2021-01-08,SZSE:002091,0.7552,7.54,7.2715,7.64,7.24,11789.066,7.62,1.3286,15.3895,12.834,22.8205,0.3841,48.269,53.093,53.1022,0.0,0.0,0.0,6273.6706,4.1825,3.6275,3.6996,4.7555,0.2045,0.1494,36.1637,1.0,42881.0,1.3,0.0,0.0,8.0,7.348651193633952,7.367938992042439,6.982183023872679,36.1637,0.0
7574,2021-01-11,SZSE:002091,0.7552,6.97,6.7218,7.53,6.95,10897.8501,7.46,1.2282,14.2261,11.8638,21.0953,0.3551,50.0826,44.4355,44.4418,0.0,0.0,0.0,5382.4548,3.5884,3.1122,3.1741,4.0799,0.1755,0.1282,45.2933,1.0,42881.0,1.3,0.0,0.0,8.0,7.194351219512195,7.261858536585366,6.702512195121952,45.2933,0.0
7575,2021-01-12,SZSE:002091,0.7552,7.34,7.0786,7.42,6.96,11476.3586,7.0,1.2934,14.9813,12.4936,22.2152,0.3739,50.6644,50.1212,50.1277,0.0,0.0,0.0,5960.9633,3.974,3.4467,3.5152,4.5185,0.1944,0.142,39.955,1.0,42881.0,1.3,0.0,0.0,8.0,6.750708446866485,7.155750953678473,6.712132970027247,39.955,0.0
7576,2021-01-13,SZSE:002091,0.7552,6.76,6.5193,7.32,6.61,10569.5074,7.26,1.1912,13.7975,11.5064,20.4597,0.3444,53.2875,42.7385,42.7431,0.0,0.0,0.0,5054.1121,3.3695,2.9223,2.9805,3.8311,0.1648,0.1204,50.3874,1.0,42881.0,1.3,0.0,0.0,8.0,7.001496745562131,7.059360355029586,6.374640976331362,50.3874,0.0
7577,2021-01-14,SZSE:002091,0.7552,6.45,6.2203,6.72,6.44,10084.8111,6.72,1.1366,13.1647,10.9787,19.5215,0.3286,54.1271,39.3982,39.4021,0.0,0.0,0.0,4569.4157,3.0463,2.6421,2.6946,3.4637,0.149,0.1088,25.5505,1.0,42881.0,1.3,0.0,0.0,8.0,6.4806846511627905,6.4806846511627905,6.210656124031008,25.5505,0.0
7578,2021-01-15,SZSE:002091,0.749,6.48,6.2492,6.55,6.32,10131.7172,6.45,1.1419,13.226,11.0298,19.6123,0.3301,54.1129,39.8878,39.8917,0.0,0.0,0.0,4616.3218,3.0776,2.6692,2.7223,3.4992,0.1505,0.1099,18.8298,1.0,42881.0,1.3,0.0,0.0,8.0,6.220268518518519,6.316706790123456,6.094898765432099,18.8298,0.0
7579,2021-01-18,SZSE:002091,0.749,6.42,6.1914,6.52,6.34,10037.905,6.45,1.1313,13.1035,10.9277,19.4307,0.327,54.0955,39.2056,39.2093,0.0,0.0,0.0,4522.5096,3.0151,2.615,2.667,3.4281,0.1475,0.1077,18.0565,1.0,42881.0,1.3,0.0,0.0,8.0,6.220331775700934,6.287839252336448,6.114248598130841,18.0565,0.0
7580,2021-01-19,SZSE:002091,0.749,6.39,6.1624,6.49,6.34,9990.9989,6.43,1.126,13.0423,10.8766,19.3399,0.3255,54.0512,38.8478,38.8514,0.0,0.0,0.0,4475.6035,2.9838,2.5878,2.6393,3.3925,0.1459,0.1066,14.4514,1.0,42881.0,1.3,0.0,0.0,8.0,6.200975273865415,6.258838184663537,6.114180907668231,14.4514,0.0
7581,2021-01-20,SZSE:002091,0.749,6.56,6.3264,6.62,6.37,10256.8001,6.37,1.1559,13.3893,11.166,19.8544,0.3342,54.1856,42.0738,42.0777,0.0,0.0,0.0,4741.4047,3.161,2.7415,2.7961,3.594,0.1546,0.1129,19.4429,1.0,42881.0,1.3,0.0,0.0,8.0,6.1431658536585365,6.384263414634146,6.1431658536585365,19.4429,0.0
7582,2021-01-21,SZSE:002091,0.749,6.6,6.365,6.69,6.47,10319.3416,6.53,1.163,13.4709,11.234,19.9755,0.3362,54.1888,42.8379,42.8418,0.0,0.0,0.0,4803.9462,3.2027,2.7777,2.8329,3.6414,0.1566,0.1144,16.6463,1.0,42881.0,1.3,0.0,0.0,8.0,6.297492424242425,6.451795454545455,6.239628787878789,16.6463,0.0
7583,2021-01-22,SZSE:002091,0.7398,6.47,6.2396,6.62,6.38,10116.0818,6.61,1.1401,13.2056,11.0128,19.582,0.3296,54.1682,40.9474,40.9509,0.0,0.0,0.0,4600.6865,3.0672,2.6602,2.7131,3.4874,0.15,0.1096,17.6891,1.0,42881.0,1.3,0.0,0.0,8.0,6.374614528593509,6.384258423493045,6.152804945904173,17.6891,0.0
7584,2021-01-25,SZSE:002091,0.7398,6.39,6.1624,6.55,6.19,9990.9989,6.43,1.126,13.0423,10.8766,19.3399,0.3255,53.969,39.7838,39.7871,0.0,0.0,0.0,4475.6035,2.9838,2.5878,2.6393,3.3925,0.1459,0.1066,19.1498,1.0,42881.0,1.3,0.0,0.0,8.0,6.200975273865415,6.316701095461658,5.969523630672927,19.1498,0.0
7585,2021-01-26,SZSE:002091,0.7398,6.21,5.9889,6.45,6.2,9709.5623,6.45,1.0943,12.6749,10.5702,18.7951,0.3163,54.0576,37.221,37.2238,0.0,0.0,0.0,4194.1669,2.7962,2.4251,2.4733,3.1792,0.1367,0.0999,13.186,1.0,42881.0,1.3,0.0,0.0,8.0,6.220355072463768,6.220355072463768,5.9792560386473435,13.186,0.0
7586,2021-01-27,SZSE:002091,0.7398,6.29,6.066,6.4,6.25,9834.6452,6.27,1.1084,12.8382,10.7064,19.0372,0.3204,54.1097,39.0988,39.1017,0.0,0.0,0.0,4319.2499,2.8796,2.4974,2.5471,3.274,0.1408,0.1029,10.4814,1.0,42881.0,1.3,0.0,0.0,8.0,6.046712241653418,6.172082670906201,6.027424483306836,10.4814,0.0
7587,2021-01-28,SZSE:002091,0.7398,6.09,5.8731,6.29,6.08,9521.9379,6.24,1.0731,12.43,10.366,18.4319,0.3102,53.9469,36.1848,36.1873,0.0,0.0,0.0,4006.5425,2.6711,2.3166,2.3627,3.037,0.1306,0.0954,11.6155,1.0,42881.0,1.3,0.0,0.0,8.0,6.017757635467981,6.06597684729064,5.863456157635468,11.6155,0.0
7588,2021-01-29,SZSE:002091,0.7939,6.06,5.8442,6.19,5.97,9475.0318,6.11,1.0678,12.3687,10.3149,18.3411,0.3087,53.9516,35.7544,35.7568,0.0,0.0,0.0,3959.6364,2.6398,2.2895,2.335,3.0014,0.1291,0.0943,9.7529,1.0,42881.0,1.3,0.0,0.0,8.0,5.892419471947195,5.969570627062707,5.757404950495049,9.7529,0.0
7589,2021-02-01,SZSE:002091,0.7939,6.15,5.931,6.16,6.03,9615.7501,6.08,1.0837,12.5524,10.4681,18.6135,0.3133,53.6022,38.1321,38.1346,0.0,0.0,0.0,4100.3547,2.7336,2.3709,2.418,3.1081,0.1337,0.0976,6.3635,1.0,42881.0,1.3,0.0,0.0,8.0,5.863492682926829,5.9406439024390245,5.815273170731707,6.3635,0.0
7590,2021-02-02,SZSE:002091,0.7939,6.26,6.0371,6.3,6.06,9787.7391,6.14,1.1031,12.7769,10.6553,18.9464,0.3189,53.1832,41.006,41.0086,0.0,0.0,0.0,4272.3438,2.8483,2.4703,2.5194,3.2385,0.1393,0.1017,10.061,1.0,42881.0,1.3,0.0,0.0,8.0,5.921372843450479,6.0756757188498405,5.8442214057507975,10.061,0.0
7591,2021-02-03,SZSE:002091,0.7939,6.3,6.0756,6.48,6.29,9850.2806,6.35,1.1101,12.8586,10.7234,19.0675,0.3209,53.1911,42.06,42.0626,0.0,0.0,0.0,4334.8852,2.89,2.5065,2.5563,3.2859,0.1413,0.1032,12.0679,1.0,42881.0,1.3,0.0,0.0,8.0,6.1238190476190475,6.249188571428572,6.06595619047619,12.0679,0.0
7592,2021-02-04,SZSE:002091,0.7939,6.18,5.9599,6.28,6.08,9662.6562,6.21,1.089,12.6137,10.5192,18.7043,0.3148,53.2401,39.7647,39.7671,0.0,0.0,0.0,4147.2608,2.7649,2.398,2.4457,3.1437,0.1352,0.0988,10.4686,1.0,42881.0,1.3,0.0,0.0,8.0,5.988831553398058,6.056338511326862,5.86346148867314,10.4686,0.0
7593,2021-02-05,SZSE:002091,0.792,6.08,5.8635,6.22,6.04,9506.3025,6.17,1.0714,12.4096,10.3489,18.4017,0.3097,52.7262,37.9082,37.9103,0.0,0.0,0.0,3990.9072,2.6607,2.3076,2.3535,3.0251,0.1301,0.095,8.0331,1.0,42881.0,1.3,0.0,0.0,8.0,5.9502952302631575,5.998514802631579,5.824924342105263,8.0331,0.0
7594,2021-02-08,SZSE:002091,0.792,6.26,6.0371,6.26,6.04,9787.7391,6.09,1.1031,12.7769,10.6553,18.9464,0.3189,53.0583,43.0613,43.0635,0.0,0.0,0.0,4272.3438,2.8483,2.4703,2.5194,3.2385,0.1393,0.1017,7.9463,1.0,42881.0,1.3,0.0,0.0,8.0,5.873153194888179,6.0371,5.8249335463258785,7.9463,0.0
7595,2021-02-09,SZSE:002091,0.792,6.34,6.1142,6.39,6.18,9912.822,6.27,1.1172,12.9402,10.7915,19.1886,0.323,53.1231,45.2366,45.2389,0.0,0.0,0.0,4397.4267,2.9317,2.5426,2.5932,3.3333,0.1434,0.1047,9.1256,1.0,42881.0,1.3,0.0,0.0,8.0,6.046693059936908,6.162419242902208,5.959898422712934,9.1256,0.0
7596,2021-02-10,SZSE:002091,0.792,6.4,6.1721,6.44,6.24,10006.6342,6.31,1.1278,13.0627,10.8936,19.3702,0.326,53.0725,46.8759,46.8781,0.0,0.0,0.0,4491.2389,2.9942,2.5969,2.6485,3.4044,0.1464,0.107,9.5043,1.0,42881.0,1.3,0.0,0.0,8.0,6.0853048437499995,6.210675625000001,6.0177975,9.5043,0.0
7597,2021-02-11,SZSE:002091,0.792,0.0,6.1721,0.0,0.0,10006.6342,0.0,1.1278,13.0627,10.8936,19.3702,0.326,53.0725,46.8759,46.8781,0.0,0.0,0.0,4491.2389,2.9942,2.5969,2.6485,3.4044,0.1464,0.107,0.0,1.0,42881.0,1.3,0.0,0.0,8.0,0.0,0.0,0.0,0.0,0.0
7598,2021-02-12,SZSE:002091,0.7975,0.0,6.1721,0.0,0.0,10006.6342,0.0,1.1278,13.0627,10.8936,19.3702,0.326,53.0725,46.8759,46.8781,0.0,0.0,0.0,4491.2389,2.9942,2.5969,2.6485,3.4044,0.1464,0.107,0.0,1.0,42881.0,1.3,0.0,0.0,8.0,0.0,0.0,0.0,0.0,0.0
7599,2021-02-15,SZSE:002091,0.7975,0.0,6.1721,0.0,0.0,10006.6342,0.0,1.1278,13.0627,10.8936,19.3702,0.326,53.0725,46.8759,46.8781,0.0,0.0,0.0,4491.2389,2.9942,2.5969,2.6485,3.4044,0.1464,0.107,0.0,1.0,42881.0,1.3,0.0,0.0,8.0,0.0,0.0,0.0,0.0,0.0
7600,2021-02-16,SZSE:002091,0.7975,0.0,6.1721,0.0,0.0,10006.6342,0.0,1.1278,13.0627,10.8936,19.3702,0.326,53.0725,46.8759,46.8781,0.0,0.0,0.0,4491.2389,2.9942,2.5969,2.6485,3.4044,0.1464,0.107,0.0,1.0,42881.0,1.3,0.0,0.0,8.0,0.0,0.0,0.0,0.0,0.0
7601,2021-02-17,SZSE:002091,0.7975,0.0,6.1721,0.0,0.0,10006.6342,0.0,1.1278,13.0627,10.8936,19.3702,0.326,53.0725,46.8759,46.8781,0.0,0.0,0.0,4491.2389,2.9942,2.5969,2.6485,3.4044,0.1464,0.107,0.0,1.0,42881.0,1.3,0.0,0.0,8.0,0.0,0.0,0.0,0.0,0.0
7602,2021-02-18,SZSE:002091,0.7975,6.47,6.2396,6.51,6.4,10116.0818,6.49,1.1401,13.2056,11.0128,19.582,0.3296,54.1493,48.8014,48.8037,0.0,0.0,0.0,4600.6865,3.0672,2.6602,2.7131,3.4874,0.15,0.1096,10.5361,1.0,42881.0,1.3,0.0,0.0,8.0,6.258887789799074,6.278175579598146,6.172092735703247,10.5361,0.0
7603,2021-02-19,SZSE:002091,0.8276,6.56,6.3264,6.62,6.41,10256.8001,6.45,1.1559,13.3893,11.166,19.8544,0.3342,54.2283,51.2481,51.2504,0.0,0.0,0.0,4741.4047,3.161,2.7415,2.7961,3.594,0.1546,0.1129,11.5236,1.0,42881.0,1.3,0.0,0.0,8.0,6.220317073170731,6.384263414634146,6.181741463414634,11.5236,0.0
7604,2021-02-22,SZSE:002091,0.8276,6.52,6.2878,6.69,6.52,10194.2586,6.6,1.1489,13.3076,11.0979,19.7334,0.3321,53.8172,50.1021,50.1043,0.0,0.0,0.0,4678.8633,3.1193,2.7054,2.7592,3.5466,0.1526,0.1114,18.4943,1.0,42881.0,1.3,0.0,0.0,8.0,6.364950920245398,6.451745705521473,6.2878,18.4943,0.0
7605,2021-02-23,SZSE:002091,0.8276,6.54,6.3071,6.64,6.45,10225.5294,6.47,1.1524,13.3484,11.1319,19.7939,0.3332,53.7461,50.6958,50.698,0.0,0.0,0.0,4710.134,3.1401,2.7235,2.7776,3.5703,0.1536,0.1122,10.8485,1.0,42881.0,1.3,0.0,0.0,8.0,6.2395928134556575,6.40353883792049,6.22030504587156,10.8485,0.0
7606,2021-02-24,SZSE:002091,0.8276,6.44,6.2107,6.6,6.4,10069.1757,6.52,1.1348,13.1443,10.9617,19.4912,0.3281,53.803,47.6435,47.6455,0.0,0.0,0.0,4553.7804,3.0359,2.633,2.6854,3.4518,0.1485,0.1084,9.0175,1.0,42881.0,1.3,0.0,0.0,8.0,6.28785155279503,6.365003105590061,6.172124223602484,9.0175,0.0
7607,2021-02-25,SZSE:002091,0.8276,6.48,6.2492,6.54,6.4,10131.7172,6.5,1.1419,13.226,11.0298,19.6123,0.3301,53.7303,48.9671,48.969,0.0,0.0,0.0,4616.3218,3.0776,2.6692,2.7223,3.4992,0.1505,0.1099,7.3869,1.0,42881.0,1.3,0.0,0.0,8.0,6.268487654320988,6.307062962962963,6.172049382716049,7.3869,0.0
7608,2021-02-26,SZSE:002091,0.8038,6.35,6.1239,6.45,6.34,9928.4574,6.37,1.1189,9.9219,10.4098,7.949,0.3216,53.7714,44.9867,44.9883,0.0,0.0,0.0,4413.0621,2.2085,1.9966,2.5189,3.2165,0.1428,0.099,8.4835,1.0,42881.0,1.3,1.0063,0.0,8.0,6.143187874015749,6.220339370078741,6.114256062992126,8.4835,0.0
7609,2021-03-01,SZSE:002091,0.8038,6.68,6.4421,6.73,6.51,10444.4245,6.51,1.1771,10.4375,10.9508,8.3621,0.3383,55.3825,54.9889,54.9905,0.0,0.0,0.0,4929.0291,2.4667,2.2301,2.8134,3.5926,0.1595,0.1105,16.3119,1.0,42881.0,1.3,1.0586,0.0,8.0,6.278154341317365,6.490319311377246,6.278154341317365,16.3119,0.0
7610,2021-03-02,SZSE:002091,0.8038,6.58,6.3457,6.71,6.53,10288.0708,6.68,1.1595,10.2813,10.7869,8.237,0.3333,55.3509,51.909,51.9104,0.0,0.0,0.0,4772.6755,2.3885,2.1593,2.7241,3.4786,0.1544,0.107,11.5164,1.0,42881.0,1.3,1.0428,0.0,8.0,6.442139209726443,6.471070972644376,6.297480395136778,11.5164,0.0
7611,2021-03-03,SZSE:002091,0.8038,6.67,6.4325,6.67,6.57,10428.7891,6.58,1.1753,10.4219,10.9344,8.3496,0.3378,55.3841,54.3852,54.3867,0.0,0.0,0.0,4913.3938,2.4589,2.223,2.8045,3.5812,0.159,0.1102,9.6996,1.0,42881.0,1.3,1.0571,0.0,8.0,6.345704647676162,6.4325,6.33606071964018,9.6996,0.0
7612,2021-03-04,SZSE:002091,0.8038,6.66,6.4228,6.71,6.59,10413.1537,6.61,1.1736,10.4063,10.918,8.3371,0.3373,55.3762,54.0522,54.0537,0.0,0.0,0.0,4897.7584,2.4511,2.2159,2.7955,3.5698,0.1585,0.1098,10.7154,1.0,42881.0,1.3,1.0555,0.0,8.0,6.37458078078078,6.471019219219219,6.355293093093093,10.7154,0.0
7613,2021-03-05,SZSE:002091,0.7978,6.73,6.4903,6.78,6.61,10522.6013,6.62,1.1859,10.5156,11.0328,8.4247,0.3409,54.9398,56.0797,56.0811,0.0,0.0,0.0,5007.206,2.5059,2.2654,2.858,3.6496,0.162,0.1123,10.8085,1.0,42881.0,1.3,1.0666,0.0,8.0,6.384217830609212,6.538519167904903,6.374573997028232,10.8085,0.0
7614,2021-03-08,SZSE:002091,0.7978,6.67,6.4325,6.79,6.63,10428.7891,6.79,1.1753,10.4219,10.9344,8.3496,0.3378,53.6828,53.8849,53.8862,0.0,0.0,0.0,4913.3938,2.4589,2.223,2.8045,3.5812,0.159,0.1102,11.1109,1.0,42881.0,1.3,1.0571,0.0,8.0,6.548227136431785,6.548227136431785,6.393924287856072,11.1109,0.0
7615,2021-03-09,SZSE:002091,0.7978,6.54,6.3071,6.71,6.42,10225.5294,6.66,1.1524,10.2188,10.7213,8.1869,0.3313,53.6971,49.3758,49.377,0.0,0.0,0.0,4710.134,2.3572,2.131,2.6884,3.433,0.1524,0.1056,14.3679,1.0,42881.0,1.3,1.0365,0.0,8.0,6.422826605504588,6.471046024464831,6.191373394495413,14.3679,0.0
7616,2021-03-10,SZSE:002091,0.7978,6.5,6.2685,6.65,6.47,10162.9879,6.61,1.1454,10.1563,10.6557,8.1368,0.3292,53.4014,48.0437,48.0448,0.0,0.0,0.0,4647.5926,2.3259,2.1027,2.6527,3.3875,0.1504,0.1042,8.9223,1.0,42881.0,1.3,1.0301,0.0,8.0,6.374582307692309,6.413157692307694,6.239568461538462,8.9223,0.0
7617,2021-03-11,SZSE:002091,0.7978,6.59,6.3553,6.64,6.45,10303.7062,6.46,1.1612,10.2969,10.8033,8.2495,0.3338,53.1832,51.2319,51.2329,0.0,0.0,0.0,4788.3108,2.3963,2.1664,2.7331,3.49,0.1549,0.1074,8.2807,1.0,42881.0,1.3,1.0444,0.0,8.0,6.229929893778452,6.403519271623672,6.220286039453717,8.2807,0.0
7618,2021-03-12,SZSE:002091,0.7973,6.65,6.4132,6.66,6.52,10397.5184,6.6,1.1718,10.3906,10.9016,8.3246,0.3368,52.761,53.2897,53.2908,0.0,0.0,0.0,4882.123,2.4433,2.2089,2.7866,3.5584,0.158,0.1095,8.6848,1.0,42881.0,1.3,1.0539,0.0,8.0,6.364980451127819,6.422843909774435,6.28782917293233,8.6848,0.0
7619,2021-03-15,SZSE:002091,0.7973,6.7,6.4614,6.73,6.59,10475.6952,6.65,1.1806,10.4688,10.9836,8.3872,0.3394,51.9799,54.994,54.9951,0.0,0.0,0.0,4960.2999,2.4824,2.2442,2.8312,3.6154,0.1605,0.1112,11.2844,1.0,42881.0,1.3,1.0618,0.0,8.0,6.413180597014925,6.490331641791045,6.3553173134328365,11.2844,0.0
7620,2021-03-16,SZSE:002091,0.7973,6.72,6.4807,6.73,6.66,10506.9659,6.67,1.1841,10.5,11.0164,8.4122,0.3404,51.5957,55.6904,55.6915,0.0,0.0,0.0,4991.5706,2.498,2.2584,2.8491,3.6382,0.1615,0.1119,8.8803,1.0,42881.0,1.3,1.065,0.0,8.0,6.43248050595238,6.490343898809524,6.422836607142857,8.8803,0.0
7621,2021-03-17,SZSE:002091,0.7973,6.76,6.5193,6.77,6.65,10569.5074,6.72,1.1912,10.5625,11.082,8.4623,0.3424,51.6163,57.1196,57.1206,0.0,0.0,0.0,5054.1121,2.5293,2.2867,2.8848,3.6838,0.1635,0.1133,9.4141,1.0,42881.0,1.3,1.0713,0.0,8.0,6.4807242603550295,6.5289439349112435,6.413216715976332,9.4141,0.0
7622,2021-03-18,SZSE:002091,0.7973,7.01,6.7604,7.07,6.8,10960.3916,6.8,1.2352,10.9531,11.4918,8.7752,0.3551,51.9894,64.7682,64.7692,0.0,0.0,0.0,5444.9962,2.725,2.4635,3.1079,3.9687,0.1762,0.1221,23.5361,1.0,42881.0,1.3,1.1109,0.0,8.0,6.557877318116975,6.818263623395151,6.557877318116975,23.5361,0.0
7623,2021-03-19,SZSE:002091,0.8622,6.8,6.5578,6.94,6.78,10632.0489,6.93,1.1982,10.625,11.1475,8.5124,0.3444,51.893,55.7694,55.7702,0.0,0.0,0.0,5116.6535,2.5606,2.315,2.9205,3.7293,0.1655,0.1147,14.7463,1.0,42881.0,1.3,1.0777,0.0,8.0,6.683169705882353,6.692813529411766,6.538512352941177,14.7463,0.0
7624,2021-03-22,SZSE:002091,0.8622,6.91,6.6639,6.98,6.75,10804.0379,6.76,1.2176,10.7969,11.3279,8.6501,0.35,51.0724,58.9841,58.9848,0.0,0.0,0.0,5288.6426,2.6467,2.3928,3.0186,3.8547,0.1711,0.1186,12.8799,1.0,42881.0,1.3,1.0951,0.0,8.0,6.519242257597685,6.731406946454414,6.509598408104196,12.8799,0.0
7625,2021-03-23,SZSE:002091,0.8622,6.96,6.7121,7.03,6.85,10882.2147,6.96,1.2264,10.875,11.4098,8.7126,0.3525,48.8841,60.3932,60.3939,0.0,0.0,0.0,5366.8194,2.6858,2.4281,3.0633,3.9117,0.1736,0.1203,12.1948,1.0,42881.0,1.3,1.103,0.0,8.0,6.7121,6.779606752873565,6.6060179597701145,12.1948,0.0
7626,2021-03-24,SZSE:002091,0.8622,6.84,6.5964,7.0,6.82,10694.5903,6.9,1.2053,10.6875,11.2131,8.5624,0.3464,48.7117,55.4679,55.4685,0.0,0.0,0.0,5179.195,2.5919,2.3433,2.9562,3.7749,0.1676,0.1161,8.5614,1.0,42881.0,1.3,1.084,0.0,8.0,6.654263157894737,6.750701754385965,6.577112280701755,8.5614,0.0
7627,2021-03-25,SZSE:002091,0.8622,6.85,6.6061,6.95,6.78,10710.2257,6.8,1.207,10.7031,11.2295,8.5749,0.347,47.9212,55.7915,55.7921,0.0,0.0,0.0,5194.8304,2.5998,2.3503,2.9651,3.7863,0.1681,0.1165,7.3551,1.0,42881.0,1.3,1.0856,0.0,8.0,6.557880291970803,6.702539416058394,6.538592408759124,7.3551,0.0
7628,2021-03-26,SZSE:002091,0.9102,6.92,6.6736,6.97,6.83,10819.6733,6.87,1.2194,10.8125,11.3443,8.6626,0.3505,47.5796,58.0871,58.0877,0.0,0.0,0.0,5304.2779,2.6545,2.3999,3.0276,3.8661,0.1716,0.1189,9.1833,1.0,42881.0,1.3,1.0967,0.0,8.0,6.625380346820809,6.721819653179192,6.586804624277457,9.1833,0.0
7629,2021-03-29,SZSE:002091,0.9102,6.78,6.5386,6.95,6.74,10600.7781,6.91,1.1947,10.5938,11.1148,8.4873,0.3434,42.7081,52.2439,52.2444,0.0,0.0,0.0,5085.3828,2.545,2.3008,2.9026,3.7066,0.1645,0.114,9.3007,1.0,42881.0,1.3,1.0745,0.0,8.0,6.663971386430678,6.7025471976401185,6.500024188790561,9.3007,0.0
7630,2021-03-30,SZSE:002091,0.9102,6.6,6.365,6.8,6.52,10319.3416,6.78,1.163,10.3125,10.8197,8.262,0.3343,42.6939,45.8568,45.8572,0.0,0.0,0.0,4803.9462,2.4041,2.1735,2.742,3.5014,0.1554,0.1077,12.5682,1.0,42881.0,1.3,1.046,0.0,8.0,6.538590909090909,6.557878787878788,6.287848484848485,12.5682,0.0
7631,2021-03-31,SZSE:002091,0.9102,6.65,6.4132,6.65,6.56,10397.5184,6.63,1.1718,10.3906,10.9016,8.3246,0.3368,42.7192,47.7671,47.7675,0.0,0.0,0.0,4882.123,2.4433,2.2089,2.7866,3.5584,0.158,0.1095,6.8242,1.0,42881.0,1.3,1.0539,0.0,8.0,6.393912180451127,6.4132,6.326404812030074,6.8242,0.0
7632,2021-04-01,SZSE:002091,0.9102,6.6,6.365,6.66,6.56,10319.3416,6.64,1.163,10.3125,10.8197,8.262,0.3343,42.3682,46.0186,46.0189,0.0,0.0,0.0,4803.9462,2.4041,2.1735,2.742,3.5014,0.1554,0.1077,5.8092,1.0,42881.0,1.3,1.046,0.0,8.0,6.403575757575758,6.422863636363638,6.326424242424243,5.8092,0.0
7633,2021-04-02,SZSE:002091,0.8746,6.54,6.3071,6.62,6.51,10225.5294,6.61,1.1524,10.2188,10.7213,8.1869,0.3313,42.0362,43.94,43.9403,0.0,0.0,0.0,4710.134,2.3572,2.131,2.6884,3.433,0.1524,0.1056,6.0636,1.0,42881.0,1.3,1.0365,0.0,8.0,6.374607186544344,6.384251070336392,6.278168348623852,6.0636,0.0
7634,2021-04-05,SZSE:002091,0.8746,0.0,6.3071,0.0,0.0,10225.5294,0.0,1.1524,10.2188,10.7213,8.1869,0.3313,42.0362,43.94,43.9403,0.0,0.0,0.0,4710.134,2.3572,2.131,2.6884,3.433,0.1524,0.1056,0.0,1.0,42881.0,1.3,1.0365,0.0,8.0,0.0,0.0,0.0,0.0,0.0
7635,2021-04-06,SZSE:002091,0.8746,6.6,6.365,6.62,6.5,10319.3416,6.52,1.163,10.3125,10.8197,8.262,0.3343,38.0264,46.5404,46.5407,0.0,0.0,0.0,4803.9462,2.4041,2.1735,2.742,3.5014,0.1554,0.1077,5.5675,1.0,42881.0,1.3,1.046,0.0,8.0,6.287848484848485,6.384287878787879,6.268560606060606,5.5675,0.0
7636,2021-04-07,SZSE:002091,0.8746,6.63,6.3939,6.66,6.57,10366.2477,6.6,1.1683,10.3594,10.8689,8.2995,0.3358,37.8857,47.8432,47.8435,0.0,0.0,0.0,4850.8523,2.4276,2.1947,2.7688,3.5356,0.1569,0.1088,6.6332,1.0,42881.0,1.3,1.0507,0.0,8.0,6.364968325791856,6.422831674208145,6.3360366515837105,6.6332,0.0
7637,2021-04-08,SZSE:002091,0.8746,6.6,6.365,6.63,6.55,10319.3416,6.62,1.163,10.3125,10.8197,8.262,0.3343,37.8872,46.6197,46.62,0.0,0.0,0.0,4803.9462,2.4041,2.1735,2.742,3.5014,0.1554,0.1077,5.0582,1.0,42881.0,1.3,1.046,0.0,8.0,6.384287878787879,6.3939318181818185,6.316780303030304,5.0582,0.0
7638,2021-04-09,SZSE:002091,0.8841,6.6,6.365,6.64,6.57,10319.3416,6.6,1.163,10.3125,10.8197,8.262,0.3343,37.5615,46.6197,46.62,0.0,0.0,0.0,4803.9462,2.4041,2.1735,2.742,3.5014,0.1554,0.1077,4.7729,1.0,42881.0,1.3,1.046,0.0,8.0,6.365,6.403575757575758,6.336068181818183,4.7729,0.0
7639,2021-04-12,SZSE:002091,0.8841,6.67,6.4325,6.73,6.6,10428.7891,6.6,1.1753,10.4219,10.9344,8.3496,0.3378,32.5335,50.0746,50.0749,0.0,0.0,0.0,4913.3938,2.4589,2.223,2.8045,3.5812,0.159,0.1102,10.3894,1.0,42881.0,1.3,1.0571,0.0,8.0,6.364992503748126,6.490363568215893,6.364992503748126,10.3894,0.0
7640,2021-04-13,SZSE:002091,0.8841,6.55,6.3167,6.67,6.53,10241.1647,6.64,1.1542,10.2344,10.7377,8.1994,0.3318,27.9624,44.73,44.7302,0.0,0.0,0.0,4725.7694,2.365,2.1381,2.6974,3.4444,0.1529,0.106,5.7214,1.0,42881.0,1.3,1.038,0.0,8.0,6.403494351145038,6.432425801526717,6.297412366412214,5.7214,0.0
7641,2021-04-14,SZSE:002091,0.8841,6.63,6.3939,6.65,6.54,10366.2477,6.55,1.1683,10.3594,10.8689,8.2995,0.3358,26.3038,48.6638,48.6641,0.0,0.0,0.0,4850.8523,2.4276,2.1947,2.7688,3.5356,0.1569,0.1088,5.7236,1.0,42881.0,1.3,1.0507,0.0,8.0,6.316748868778281,6.41318778280543,6.307104977375566,5.7236,0.0
7642,2021-04-15,SZSE:002091,0.8841,6.66,6.4228,6.68,6.57,10413.1537,6.64,1.1736,10.4063,10.918,8.3371,0.3373,26.3022,50.0982,50.0984,0.0,0.0,0.0,4897.7584,2.4511,2.2159,2.7955,3.5698,0.1585,0.1098,5.9532,1.0,42881.0,1.3,1.0555,0.0,8.0,6.403512312312311,6.442087687687688,6.336005405405405,5.9532,0.0
7643,2021-04-16,SZSE:002091,0.8967,6.79,6.5482,6.82,6.62,10616.4135,6.66,1.1965,10.6094,11.1312,8.4998,0.3439,26.3623,55.8543,55.8546,0.0,0.0,0.0,5101.0182,2.5528,2.3079,2.9115,3.7179,0.165,0.1144,10.6671,1.0,42881.0,1.3,1.0761,0.0,8.0,6.4228294550810014,6.577131664212076,6.384253902798232,10.6671,0.0
7644,2021-04-19,SZSE:002091,0.8967,6.98,6.7314,7.01,6.81,10913.4855,6.85,1.23,10.9063,11.4426,8.7377,0.3535,27.047,62.6377,62.6379,0.0,0.0,0.0,5398.0901,2.7015,2.4423,3.0811,3.9345,0.1747,0.121,17.5015,1.0,42881.0,1.3,1.1062,0.0,8.0,6.606030085959885,6.760331518624641,6.567454727793696,17.5015,0.0
7645,2021-04-20,SZSE:002091,0.8967,6.88,6.635,6.99,6.85,10757.1318,6.98,1.2123,10.75,11.2787,8.6125,0.3485,26.7323,57.6194,57.6196,0.0,0.0,0.0,5241.7365,2.6232,2.3716,2.9919,3.8205,0.1696,0.1175,11.3835,1.0,42881.0,1.3,1.0903,0.0,8.0,6.731438953488372,6.74108284883721,6.606068313953488,11.3835,0.0
7646,2021-04-21,SZSE:002091,0.8967,6.79,6.5482,6.87,6.77,10616.4135,6.83,1.1965,10.6094,11.1312,8.4998,0.3439,26.8651,53.4676,53.4677,0.0,0.0,0.0,5101.0182,2.5528,2.3079,2.9115,3.7179,0.165,0.1144,7.0888,1.0,42881.0,1.3,1.0761,0.0,8.0,6.586775552282768,6.625351104565537,6.528912223858614,7.0888,0.0
7647,2021-04-22,SZSE:002091,0.8967,6.79,6.5482,6.85,6.74,10616.4135,6.83,1.1965,10.6094,11.1312,8.4998,0.3439,26.5173,53.4676,53.4677,0.0,0.0,0.0,5101.0182,2.5528,2.3079,2.9115,3.7179,0.165,0.1144,6.1289,1.0,42881.0,1.3,1.0761,0.0,8.0,6.586775552282768,6.606063328424153,6.499980559646539,6.1289,0.0
7648,2021-04-23,SZSE:002091,0.8625,6.86,6.6157,6.9,6.72,10725.8611,6.77,1.1614,10.8889,11.2459,16.4049,0.3537,26.3592,56.3075,56.3076,0.0,0.0,0.0,3229.4151,1.7884,1.5772,1.8433,2.3538,0.1073,0.0724,8.4978,1.0,42881.0,1.3,1.0872,0.0,8.0,6.528905102040816,6.654275510204082,6.4806857142857135,8.4978,0.0
7649,2021-04-26,SZSE:002091,0.8625,6.95,6.7025,7.05,6.86,10866.5794,6.87,1.1766,11.0318,10.6923,16.6202,0.3583,25.7852,59.7119,59.7121,0.0,0.0,0.0,3370.1334,1.8663,1.6459,1.7599,1.6717,0.112,0.0936,16.0612,1.0,42881.0,1.3,1.1014,0.0,8.0,6.625348920863309,6.798938848920862,6.615705035971223,16.0612,0.0
7650,2021-04-27,SZSE:002091,0.8625,7.08,6.8279,7.13,6.95,11069.8391,6.96,1.1782,10.9827,10.8923,16.7148,0.3547,25.918,64.0673,64.0674,0.0,0.0,0.0,5427.3887,3.0246,2.6562,2.8342,2.6922,0.1788,0.1508,15.4327,1.0,42881.0,1.3,1.122,0.0,8.0,6.712172881355931,6.8761196327683605,6.7025289548022595,15.4327,0.0
7651,2021-04-28,SZSE:002091,0.8625,6.57,6.336,6.92,6.5,10272.4355,6.92,1.0933,10.1916,10.1077,15.5108,0.3291,29.6195,43.9803,43.9804,0.0,0.0,0.0,4629.985,2.5802,2.266,2.4178,2.2966,0.1525,0.1286,31.2688,1.0,42881.0,1.3,1.0412,0.0,8.0,6.673534246575342,6.673534246575342,6.2684931506849315,31.2688,0.0
7652,2021-04-29,SZSE:002091,0.8625,6.47,6.2396,6.55,6.42,10116.0818,6.55,1.0767,10.0365,9.9539,15.2747,0.3241,29.7934,41.2494,41.2495,0.0,0.0,0.0,4473.6314,2.4931,2.1894,2.3361,2.2191,0.1474,0.1243,13.016,1.0,42881.0,1.3,1.0254,0.0,8.0,6.316751159196291,6.316751159196291,6.191380525502319,13.016,0.0
7653,2021-04-30,SZSE:002091,0.8129,6.52,6.2878,6.59,6.45,10194.2586,6.49,1.085,10.1141,10.0308,15.3928,0.3266,29.5657,43.1502,43.1503,0.0,0.0,0.0,4551.8082,2.5366,2.2277,2.3769,2.2578,0.15,0.1265,9.7683,1.0,42881.0,1.3,1.0333,0.0,8.0,6.258868404907976,6.355307055214724,6.220292944785276,9.7683,0.0
7654,2021-05-03,SZSE:002091,0.8129,0.0,6.2878,0.0,0.0,10194.2586,0.0,1.085,10.1141,10.0308,15.3928,0.3266,29.5657,43.1502,43.1503,0.0,0.0,0.0,4551.8082,2.5366,2.2277,2.3769,2.2578,0.15,0.1265,0.0,1.0,42881.0,1.3,1.0333,0.0,8.0,0.0,0.0,0.0,0.0,0.0
7655,2021-05-04,SZSE:002091,0.8129,0.0,6.2878,0.0,0.0,10194.2586,0.0,1.085,10.1141,10.0308,15.3928,0.3266,29.5657,43.1502,43.1503,0.0,0.0,0.0,4551.8082,2.5366,2.2277,2.3769,2.2578,0.15,0.1265,0.0,1.0,42881.0,1.3,1.0333,0.0,8.0,0.0,0.0,0.0,0.0,0.0
7656,2021-05-05,SZSE:002091,0.8129,0.0,6.2878,0.0,0.0,10194.2586,0.0,1.085,10.1141,10.0308,15.3928,0.3266,29.5657,43.1502,43.1503,0.0,0.0,0.0,4551.8082,2.5366,2.2277,2.3769,2.2578,0.15,0.1265,0.0,1.0,42881.0,1.3,1.0333,0.0,8.0,0.0,0.0,0.0,0.0,0.0
7657,2021-05-06,SZSE:002091,0.8129,6.69,6.4518,6.78,6.48,10460.0598,6.53,1.1133,10.3778,10.2923,15.7941,0.3352,30.1697,49.1715,49.1716,0.0,0.0,0.0,4817.6094,2.6848,2.3578,2.5157,2.3897,0.1587,0.1338,14.4982,1.0,42881.0,1.3,1.0602,0.0,8.0,6.297496860986548,6.538595515695068,6.2492771300448435,14.4982,0.0
7658,2021-05-07,SZSE:002091,0.8269,6.72,6.4807,6.82,6.66,10506.9659,6.68,1.1183,10.4243,10.3385,15.8649,0.3367,29.8993,50.1745,50.1746,0.0,0.0,0.0,4864.5155,2.7109,2.3807,2.5402,2.413,0.1603,0.1351,10.3597,1.0,42881.0,1.3,1.065,0.0,8.0,6.442124404761905,6.577138988095239,6.422836607142857,10.3597,0.0
7659,2021-05-10,SZSE:002091,0.8269,6.7,6.4614,6.77,6.63,10475.6952,6.72,1.115,10.3933,10.3077,15.8177,0.3357,29.7112,49.4736,49.4737,0.0,0.0,0.0,4833.2448,2.6935,2.3654,2.5239,2.3974,0.1592,0.1343,9.5056,1.0,42881.0,1.3,1.0618,0.0,8.0,6.480687761194029,6.528907164179103,6.393892835820895,9.5056,0.0
7660,2021-05-11,SZSE:002091,0.8269,6.67,6.4325,6.69,6.57,10428.7891,6.66,1.11,10.3467,10.2615,15.7469,0.3342,29.4566,48.3819,48.3819,0.0,0.0,0.0,4786.3387,2.6673,2.3425,2.4994,2.3742,0.1577,0.133,6.5931,1.0,42881.0,1.3,1.0571,0.0,8.0,6.422856071964018,6.451787856071964,6.33606071964018,6.5931,0.0
7661,2021-05-12,SZSE:002091,0.8269,6.7,6.4614,6.75,6.62,10475.6952,6.66,1.115,10.3933,10.3077,15.8177,0.3357,29.1989,49.5801,49.5801,0.0,0.0,0.0,4833.2448,2.6935,2.3654,2.5239,2.3974,0.1592,0.1343,6.0723,1.0,42881.0,1.3,1.0618,0.0,8.0,6.4228244776119405,6.5096194029850745,6.384248955223881,6.0723,0.0
7662,2021-05-13,SZSE:002091,0.8269,6.64,6.4035,6.71,6.62,10381.883,6.65,1.105,10.3002,10.2154,15.6761,0.3327,29.0092,47.2193,47.2194,0.0,0.0,0.0,4739.4326,2.6412,2.3195,2.4749,2.3509,0.1561,0.1317,6.3012,1.0,42881.0,1.3,1.0523,0.0,8.0,6.413143825301205,6.4710067771084345,6.384212349397591,6.3012,0.0
7663,2021-05-14,SZSE:002091,0.7696,6.78,6.5386,6.79,6.65,10600.7781,6.65,1.1283,10.5174,10.4308,16.0066,0.3397,29.0582,52.8596,52.8597,0.0,0.0,0.0,4958.3277,2.7632,2.4266,2.5892,2.4595,0.1634,0.1377,9.221,1.0,42881.0,1.3,1.0745,0.0,8.0,6.413228613569322,6.548243952802359,6.413228613569322,9.221,0.0
7664,2021-05-17,SZSE:002091,0.7696,6.81,6.5675,6.9,6.72,10647.6842,6.78,1.1333,10.5639,10.4769,16.0774,0.3412,28.8163,53.9941,53.9942,0.0,0.0,0.0,5005.2338,2.7893,2.4496,2.6137,2.4828,0.1649,0.139,8.7194,1.0,42881.0,1.3,1.0792,0.0,8.0,6.538568281938327,6.654295154185022,6.480704845814978,8.7194,0.0
7665,2021-05-18,SZSE:002091,0.7696,6.91,6.6639,6.92,6.77,10804.0379,6.86,1.1499,10.719,10.6308,16.3135,0.3462,28.8795,57.6527,57.6528,0.0,0.0,0.0,5161.5875,2.8765,2.5261,2.6954,2.5603,0.1701,0.1434,9.1584,1.0,42881.0,1.3,1.0951,0.0,8.0,6.615680752532562,6.673543849493488,6.5288861070911715,9.1584,0.0
7666,2021-05-19,SZSE:002091,0.7696,6.96,6.7121,7.09,6.88,10882.2147,6.92,1.1582,10.7966,10.7077,16.4315,0.3487,28.7862,59.3916,59.3917,0.0,0.0,0.0,5239.7643,2.92,2.5644,2.7362,2.5991,0.1726,0.1456,15.6692,1.0,42881.0,1.3,1.103,0.0,8.0,6.673524712643678,6.837469683908045,6.634949425287357,15.6692,0.0
7667,2021-05-20,SZSE:002091,0.7696,7.12,6.8664,7.22,6.97,11132.3806,7.01,1.1849,11.0448,10.9539,16.8093,0.3567,28.8842,64.4257,64.4257,0.0,0.0,0.0,5489.9301,3.0594,2.6868,2.8668,2.7232,0.1809,0.1525,23.6269,1.0,42881.0,1.3,1.1284,0.0,8.0,6.760317977528089,6.962838202247189,6.721742696629213,23.6269,0.0
7668,2021-05-21,SZSE:002091,0.7715,7.07,6.8182,7.15,7.04,11054.2038,7.15,1.1765,10.9672,10.8769,16.6912,0.3542,28.6929,61.8455,61.8455,0.0,0.0,0.0,5411.7533,3.0159,2.6486,2.826,2.6844,0.1783,0.1503,15.4464,1.0,42881.0,1.3,1.1204,0.0,8.0,6.895350777934936,6.895350777934936,6.789268458274399,15.4464,0.0
7669,2021-05-24,SZSE:002091,0.7715,7.08,6.8279,7.16,7.01,11069.8391,7.11,1.1782,10.9827,10.8923,16.7148,0.3547,28.9301,62.1718,62.1718,0.0,0.0,0.0,5427.3887,3.0246,2.6562,2.8342,2.6922,0.1788,0.1508,13.9395,1.0,42881.0,1.3,1.122,0.0,8.0,6.856831779661016,6.905051412429379,6.760392514124293,13.9395,0.0
7670,2021-05-25,SZSE:002091,0.7715,7.05,6.7989,7.12,6.94,11022.933,7.11,1.1732,10.9362,10.8462,16.644,0.3532,28.938,60.5002,60.5003,0.0,0.0,0.0,5380.4826,2.9985,2.6333,2.8097,2.6689,0.1773,0.1495,14.4811,1.0,42881.0,1.3,1.1173,0.0,8.0,6.856762978723404,6.8664068085106384,6.6928178723404255,14.4811,0.0
7671,2021-05-26,SZSE:002091,0.7715,7.02,6.77,7.07,6.97,10976.0269,7.0,1.1682,10.8897,10.8,16.5732,0.3517,28.606,58.7977,58.7978,0.0,0.0,0.0,5333.5765,2.9723,2.6103,2.7852,2.6456,0.1757,0.1482,10.2049,1.0,42881.0,1.3,1.1125,0.0,8.0,6.750712250712251,6.818219373219373,6.721780626780626,10.2049,0.0
7672,2021-05-27,SZSE:002091,0.7715,6.85,6.85,6.95,6.73,10710.2257,6.75,1.1399,10.626,10.5385,16.1718,0.3432,28.8637,50.1804,61.9834,0.0,0.0,0.0,5067.7753,2.8242,2.4802,2.6464,2.5138,0.167,0.1408,16.3328,1.0,42881.0,1.3,1.0856,0.0,8.0,6.75,6.949999999999999,6.73,16.3328,0.250
7673,2021-05-28,SZSE:002091,0.7618,7.01,7.01,7.16,6.84,10960.3916,6.93,1.1666,10.8742,10.7846,16.5496,0.3512,28.9617,56.6238,67.4106,0.0,0.0,0.0,5317.9411,2.9636,2.6026,2.777,2.6379,0.1752,0.1477,25.556,1.0,42881.0,1.3,1.1109,0.0,8.0,6.93,7.16,6.84,25.556,0.0
7674,2021-05-31,SZSE:002091,0.7618,7.71,7.71,7.71,7.05,12054.8672,7.06,1.283,11.96,11.8615,18.2022,0.3863,34.3218,73.0478,80.5158,0.0,0.0,0.0,6412.4167,3.5735,3.1383,3.3485,3.1808,0.2113,0.1781,26.4736,1.0,42881.0,1.3,1.2219,0.0,8.0,7.06,7.71,7.05,26.4736,0.0
7675,2021-06-01,SZSE:002091,0.7618,7.91,7.91,8.24,7.81,12367.5745,8.03,1.3163,12.2703,12.1692,18.6743,0.3963,33.2513,75.8602,82.6612,0.0,0.0,0.0,6725.1241,3.7478,3.2913,3.5118,3.3359,0.2216,0.1868,104.3235,1.0,42881.0,1.3,1.2536,0.0,8.0,8.03,8.24,7.81,104.3235,0.0
7676,2021-06-02,SZSE:002091,0.7618,8.01,8.01,8.25,7.93,12523.9282,8.05,1.333,12.4254,12.3231,18.9104,0.4013,33.1075,77.1444,83.6317,0.0,0.0,0.0,6881.4777,3.8349,3.3679,3.5935,3.4134,0.2267,0.1912,68.5168,1.0,42881.0,1.3,1.2694,0.0,8.0,8.05,8.25,7.93,68.5168,0.0
7677,2021-06-03,SZSE:002091,0.7618,8.45,8.45,8.81,7.83,13211.8843,7.9,1.4062,13.1079,13.0,19.9492,0.4233,34.559,81.7458,87.0628,0.0,0.0,0.0,7569.4338,4.2183,3.7045,3.9527,3.7547,0.2494,0.2103,110.0121,1.0,42881.0,1.3,1.3391,0.0,8.0,7.9,8.81,7.83,110.0121,0.0
7678,2021-06-04,SZSE:002091,0.846,9.3,9.3,9.3,8.46,14540.8904,8.5,1.5476,14.4265,14.3077,21.9559,0.4659,39.1664,87.1345,90.9914,0.0,0.0,0.0,8898.4399,4.9589,4.355,4.6467,4.4139,0.2932,0.2472,82.2954,1.0,42881.0,1.3,1.4739,0.0,8.0,8.5,9.3,8.46,82.2954,0.0
7679,2021-06-07,SZSE:002091,0.846,9.52,9.52,10.14,9.1,14884.8684,10.14,1.5842,14.7678,14.6462,22.4753,0.4769,39.3213,88.1126,91.6944,0.0,0.0,0.0,9242.418,5.1506,4.5233,4.8263,4.5845,0.3045,0.2568,156.4036,1.0,42881.0,1.3,1.5087,0.0,8.0,10.140000000000002,10.140000000000002,9.1,156.4036,0.0
7680,2021-06-08,SZSE:002091,0.846,9.45,9.45,9.86,9.2,14775.4209,9.3,1.5726,14.6592,14.5385,22.3101,0.4734,39.2976,85.8755,89.3064,0.0,0.0,0.0,9132.9704,5.0896,4.4697,4.7692,4.5302,0.3009,0.2537,86.984,1.0,42881.0,1.3,1.4976,0.0,8.0,9.3,9.859999999999998,9.2,86.984,0.0
7681,2021-06-09,SZSE:002091,0.846,8.93,8.93,9.54,8.82,13962.3818,9.45,1.4861,13.8525,13.7385,21.0824,0.4474,40.9373,71.3775,73.9078,0.0,0.0,0.0,8319.9314,4.6366,4.0718,4.3446,4.127,0.2741,0.2311,90.815,1.0,42881.0,1.3,1.4152,0.0,8.0,9.449999999999998,9.54,8.82,90.815,0.0
7682,2021-06-10,SZSE:002091,0.846,8.83,8.83,9.18,8.74,13806.0282,8.8,1.4694,13.6974,13.5846,20.8463,0.4424,41.0068,68.9661,71.3596,0.0,0.0,0.0,8163.5777,4.5494,3.9953,4.263,4.0494,0.2689,0.2268,79.6318,1.0,42881.0,1.3,1.3994,0.0,8.0,8.8,9.18,8.74,79.6318,0.0
7683,2021-06-11,SZSE:002091,0.8804,8.45,8.45,9.02,8.37,13211.8843,8.87,1.4062,13.1079,13.0,19.9492,0.4233,42.1231,60.5896,62.536,0.0,0.0,0.0,7569.4338,4.2183,3.7045,3.9527,3.7547,0.2494,0.2103,68.1365,1.0,42881.0,1.3,1.3391,0.0,8.0,8.87,9.02,8.37,68.1365,0.0
7684,2021-06-14,SZSE:002091,0.8804,0.0,8.45,0.0,0.0,13211.8843,0.0,1.4062,13.1079,13.0,19.9492,0.4233,42.1231,60.5896,62.536,0.0,0.0,0.0,7569.4338,4.2183,3.7045,3.9527,3.7547,0.2494,0.2103,0.0,1.0,42881.0,1.3,1.3391,0.0,8.0,0.0,0.0,0.0,0.0,0.0
7685,2021-06-15,SZSE:002091,0.8804,8.62,8.62,8.78,8.37,13477.6855,8.37,1.4345,13.3716,13.2615,20.3505,0.4318,42.5785,62.7683,64.6423,0.0,0.0,0.0,7835.235,4.3664,3.8346,4.0915,3.8865,0.2581,0.2177,54.1745,1.0,42881.0,1.3,1.3661,0.0,8.0,8.37,8.78,8.37,54.1745,0.0
7686,2021-06-16,SZSE:002091,0.8804,8.19,8.19,8.69,8.09,12805.3647,8.51,1.3629,12.7046,12.6,19.3354,0.4103,44.0252,54.5534,56.0573,0.0,0.0,0.0,7162.9143,3.9918,3.5056,3.7404,3.553,0.236,0.199,49.8018,1.0,42881.0,1.3,1.2979,0.0,8.0,8.51,8.69,8.09,49.8018,0.0
7687,2021-06-17,SZSE:002091,0.8804,8.13,8.13,8.37,8.05,12711.5525,8.17,1.3529,12.6115,12.5077,19.1937,0.4073,44.0742,53.5012,54.9604,0.0,0.0,0.0,7069.1021,3.9395,3.4597,3.6914,3.5065,0.2329,0.1964,42.1683,1.0,42881.0,1.3,1.2884,0.0,8.0,8.17,8.37,8.05,42.1683,0.0
7688,2021-06-18,SZSE:002091,0.8829,8.35,8.35,8.39,8.08,13055.5306,8.11,1.3895,12.9528,12.8462,19.7131,0.4183,43.8134,56.7919,58.1907,0.0,0.0,0.0,7413.0802,4.1312,3.628,3.8711,3.6771,0.2442,0.2059,46.0581,1.0,42881.0,1.3,1.3233,0.0,8.0,8.11,8.39,8.08,46.0581,0.0
7689,2021-06-21,SZSE:002091,0.8829,8.39,8.39,8.52,8.22,13118.0721,8.35,1.3962,13.0149,12.9077,19.8075,0.4203,43.2758,57.3825,58.7697,0.0,0.0,0.0,7475.6216,4.166,3.6586,3.9037,3.7082,0.2463,0.2077,38.0676,1.0,42881.0,1.3,1.3296,0.0,8.0,8.35,8.52,8.22,38.0676,0.0
7690,2021-06-22,SZSE:002091,0.8829,8.26,8.26,8.52,8.14,12914.8123,8.45,1.3746,12.8132,12.7077,19.5006,0.4138,43.3659,54.7628,56.0528,0.0,0.0,0.0,7272.3619,4.0528,3.5592,3.7976,3.6073,0.2396,0.202,34.1797,1.0,42881.0,1.3,1.309,0.0,8.0,8.45,8.52,8.14,34.1797,0.0
7691,2021-06-23,SZSE:002091,0.8829,8.59,8.59,8.75,8.15,13430.7794,8.26,1.4295,13.3251,13.2154,20.2797,0.4303,43.9762,59.7821,60.9837,0.0,0.0,0.0,7788.3289,4.3403,3.8117,4.067,3.8633,0.2566,0.2164,62.1867,1.0,42881.0,1.3,1.3613,0.0,8.0,8.26,8.75,8.15,62.1867,0.0
7692,2021-06-24,SZSE:002091,0.8829,8.28,8.28,8.5,8.25,12946.083,8.45,1.3779,12.8442,12.7385,19.5479,0.4148,44.5296,53.7489,54.7672,0.0,0.0,0.0,7303.6326,4.0702,3.5745,3.8139,3.6228,0.2406,0.2029,36.1958,1.0,42881.0,1.3,1.3122,0.0,8.0,8.45,8.5,8.25,36.1958,0.0
7693,2021-06-25,SZSE:002091,0.8783,8.22,8.22,8.31,7.93,12852.2708,8.2,1.3679,12.7511,12.6462,19.4062,0.4118,44.5786,52.6415,53.6277,0.0,0.0,0.0,7209.8204,4.0179,3.5285,3.7649,3.5763,0.2375,0.2003,41.9901,1.0,42881.0,1.3,1.3027,0.0,8.0,8.2,8.31,7.93,41.9901,0.0
7694,2021-06-28,SZSE:002091,0.8783,8.45,8.45,8.61,8.16,13211.8843,8.19,1.4062,13.1079,13.0,19.9492,0.4233,44.8348,56.3536,57.2956,0.0,0.0,0.0,7569.4338,4.2183,3.7045,3.9527,3.7547,0.2494,0.2103,39.7957,1.0,42881.0,1.3,1.3391,0.0,8.0,8.19,8.61,8.16,39.7957,0.0
7695,2021-06-29,SZSE:002091,0.8783,8.46,8.46,8.75,8.37,13227.5196,8.4,1.4078,13.1234,13.0154,19.9728,0.4238,44.5707,56.5132,57.4531,0.0,0.0,0.0,7585.0692,4.227,3.7122,3.9609,3.7624,0.2499,0.2107,42.6986,1.0,42881.0,1.3,1.3407,0.0,8.0,8.4,8.75,8.37,42.6986,0.0
7696,2021-06-30,SZSE:002091,0.8783,9.1,9.1,9.31,8.34,14228.183,8.34,1.5144,14.1162,14.0,21.4838,0.4559,46.2704,65.2671,66.0796,0.0,0.0,0.0,8585.7326,4.7847,4.2019,4.4834,4.2588,0.2829,0.2385,84.0363,1.0,42881.0,1.3,1.4422,0.0,8.0,8.34,9.31,8.34,84.0363,0.0
7697,2021-07-01,SZSE:002091,0.8783,8.89,8.89,9.24,8.75,13899.8404,9.0,1.4794,13.7905,13.6769,20.988,0.4454,46.9519,60.9328,61.6618,0.0,0.0,0.0,8257.3899,4.6017,4.0412,4.312,4.0959,0.272,0.2294,53.7343,1.0,42881.0,1.3,1.4089,0.0,8.0,9.0,9.24,8.75,53.7343,0.0
7698,2021-07-02,SZSE:002091,0.7922,8.93,8.93,9.2,8.82,13962.3818,8.82,1.4861,13.8525,13.7385,21.0824,0.4474,46.8618,61.4578,62.1804,0.0,0.0,0.0,8319.9314,4.6366,4.0718,4.3446,4.127,0.2741,0.2311,43.2439,1.0,42881.0,1.3,1.4152,0.0,8.0,8.82,9.2,8.82,43.2439,0.0
7699,2021-07-05,SZSE:002091,0.7922,9.21,9.21,9.45,9.01,14400.1721,9.3,1.5327,14.2869,14.1692,21.7434,0.4614,46.759,65.0033,65.6805,0.0,0.0,0.0,8757.7216,4.8805,4.2861,4.5732,4.3441,0.2885,0.2433,55.512,1.0,42881.0,1.3,1.4596,0.0,8.0,9.3,9.45,9.01,55.512,0.0
7700,2021-07-06,SZSE:002091,0.7922,9.83,9.83,10.13,9.22,15369.5648,9.33,1.6358,15.2486,15.1231,23.2072,0.4925,48.2848,71.2992,71.885,0.0,0.0,0.0,9727.1143,5.4207,4.7605,5.0794,4.825,0.3205,0.2702,106.8108,1.0,42881.0,1.3,1.5578,0.0,8.0,9.33,10.129999999999999,9.22,106.8108,0.0
7701,2021-07-07,SZSE:002091,0.7922,9.69,9.69,9.78,8.94,15150.6696,9.35,1.6125,15.0315,14.9077,22.8767,0.4854,48.4682,68.3108,68.8578,0.0,0.0,0.0,9508.2192,5.2988,4.6534,4.9651,4.7164,0.3132,0.2641,80.4412,1.0,42881.0,1.3,1.5357,0.0,8.0,9.35,9.779999999999998,8.94,80.4412,0.0
7702,2021-07-08,SZSE:002091,0.7922,10.36,10.36,10.52,9.48,16198.2392,9.7,1.724,16.0708,15.9385,24.4584,0.519,49.9403,73.9402,74.4115,0.0,0.0,0.0,10555.7887,5.8826,5.1661,5.5122,5.236,0.3478,0.2932,82.0612,1.0,42881.0,1.3,1.6418,0.0,8.0,9.7,10.52,9.48,82.0612,0.0
7703,2021-07-09,SZSE:002091,0.4118,11.4,11.4,11.4,10.16,17824.3172,10.21,1.8971,17.6841,17.5385,26.9137,0.5711,53.0108,79.9069,80.2879,0.0,0.0,0.0,12181.8668,6.7887,5.9619,6.3613,6.0426,0.4013,0.3384,66.053,1.0,42881.0,1.3,1.8067,0.0,8.0,10.21,11.4,10.16,66.053,0.0
7704,2021-07-12,SZSE:002091,0.4118,12.54,12.54,12.54,12.54,19606.7489,12.54,2.0868,19.4525,19.2923,29.6051,0.6282,55.8205,84.1822,84.492,0.0,0.0,0.0,13964.2985,7.7821,6.8342,7.2921,6.9267,0.4601,0.3879,13.5902,1.0,42881.0,1.3,1.9873,0.0,8.0,12.54,12.54,12.54,13.5902,0.0
7705,2021-07-13,SZSE:002091,0.4118,13.28,13.28,13.79,12.8,20763.766,13.79,2.21,20.6004,20.4308,31.3521,0.6653,56.3044,86.2303,86.5041,0.0,0.0,0.0,15121.3156,8.4268,7.4005,7.8963,7.5007,0.4982,0.4201,230.0669,1.0,42881.0,1.3,2.1046,0.0,8.0,13.79,13.79,12.8,230.0669,0.0
7706,2021-07-14,SZSE:002091,0.4118,13.05,13.05,14.61,12.8,20404.1526,13.25,2.1717,20.2436,20.0769,30.8091,0.6538,56.6095,82.6483,82.9037,0.0,0.0,0.0,14761.7022,8.2264,7.2245,7.7085,7.3223,0.4863,0.4101,230.8506,1.0,42881.0,1.3,2.0682,0.0,8.0,13.25,14.61,12.8,230.8506,0.0
7707,2021-07-15,SZSE:002091,0.4118,14.35,14.35,14.36,12.63,22436.7502,13.5,2.388,22.2602,22.0769,33.8782,0.7189,59.0793,86.1503,86.3595,0.0,0.0,0.0,16794.2997,9.3592,8.2193,8.7699,8.3305,0.5533,0.4665,205.9233,1.0,42881.0,1.3,2.2742,0.0,8.0,13.5,14.359999999999998,12.63,205.9233,0.0
7708,2021-07-16,SZSE:002091,0.4431,13.9,13.9,14.59,13.53,21733.1587,13.95,2.3131,21.5622,21.3846,32.8158,0.6964,59.7402,80.1223,80.308,0.0,0.0,0.0,16090.7083,8.9671,7.8749,8.4025,7.9815,0.5301,0.447,160.5885,1.0,42881.0,1.3,2.2029,0.0,8.0,13.95,14.59,13.53,160.5885,0.0
7709,2021-07-19,SZSE:002091,0.4431,13.72,13.72,14.79,13.38,21451.7221,13.42,2.2832,21.2829,21.1077,32.3909,0.6873,59.8572,77.778,77.955,0.0,0.0,0.0,15809.2717,8.8102,7.7372,8.2555,7.8419,0.5208,0.4392,111.3277,1.0,42881.0,1.3,2.1743,0.0,8.0,13.42,14.790000000000001,13.38,111.3277,0.0
7710,2021-07-20,SZSE:002091,0.4431,14.3,14.3,14.58,13.6,22358.5734,13.73,2.3797,22.1827,22.0,33.7602,0.7164,59.9331,79.8262,79.9895,0.0,0.0,0.0,16716.1229,9.3156,8.181,8.7291,8.2917,0.5507,0.4644,85.4044,1.0,42881.0,1.3,2.2662,0.0,8.0,13.73,14.579999999999998,13.6,85.4044,0.0
7711,2021-07-21,SZSE:002091,0.4431,15.3,15.3,15.73,14.31,23922.11,14.33,2.5461,23.7339,23.5385,36.121,0.7665,60.7458,82.7743,82.917,0.0,0.0,0.0,18279.6595,10.1869,8.9462,9.5455,9.0673,0.6022,0.5078,109.4772,1.0,42881.0,1.3,2.4247,0.0,8.0,14.33,15.729999999999999,14.31,109.4772,0.0
7712,2021-07-22,SZSE:002091,0.4431,15.2,15.2,15.46,14.75,23765.7563,15.23,2.5295,23.5788,23.3846,35.8849,0.7615,60.8201,81.4918,81.6309,0.0,0.0,0.0,18123.3059,10.0998,8.8697,9.4639,8.9897,0.5971,0.5035,68.2472,1.0,42881.0,1.3,2.4089,0.0,8.0,15.230000000000002,15.459999999999999,14.75,68.2472,0.0
7713,2021-07-23,SZSE:002091,0.4417,14.01,14.01,15.64,13.8,21905.1477,15.52,2.3314,21.7328,21.5539,33.0755,0.7019,63.7721,67.9916,68.0954,0.0,0.0,0.0,16262.6973,9.0629,7.9591,8.4923,8.0668,0.5358,0.4518,99.5016,1.0,42881.0,1.3,2.2203,0.0,8.0,15.520000000000001,15.640000000000002,13.8,99.5016,0.0
7714,2021-07-26,SZSE:002091,0.4417,14.14,14.14,14.45,13.02,22108.4075,13.8,2.3531,21.9345,21.7539,33.3824,0.7084,63.7737,68.6035,68.7059,0.0,0.0,0.0,16465.9571,9.1762,8.0586,8.5984,8.1676,0.5425,0.4574,77.5526,1.0,42881.0,1.3,2.2409,0.0,8.0,13.8,14.45,13.02,77.5526,0.0
7715,2021-07-27,SZSE:002091,0.4417,12.73,12.73,13.89,12.73,19903.8209,13.52,2.1184,19.7472,19.5846,30.0536,0.6377,67.9842,56.0807,56.1553,0.0,0.0,0.0,14261.3705,7.9476,6.9796,7.4472,7.0741,0.4698,0.3962,100.3107,1.0,42881.0,1.3,2.0174,0.0,8.0,13.520000000000001,13.890000000000002,12.73,100.3107,0.0
7716,2021-07-28,SZSE:002091,0.4417,11.9,11.9,12.67,11.67,18606.0855,12.16,1.9803,18.4597,18.3077,28.0941,0.5962,67.6206,50.2643,50.3274,0.0,0.0,0.0,12963.6351,7.2244,6.3445,6.7695,6.4304,0.4271,0.3601,79.2864,1.0,42881.0,1.3,1.8859,0.0,8.0,12.16,12.67,11.67,79.2864,0.0
7717,2021-07-29,SZSE:002091,0.4417,12.51,12.51,12.85,12.11,19559.8428,12.26,2.0818,19.4059,19.2462,29.5343,0.6267,67.9036,54.0373,54.0979,0.0,0.0,0.0,13917.3924,7.7559,6.8113,7.2676,6.9035,0.4585,0.3866,75.4625,1.0,42881.0,1.3,1.9826,0.0,8.0,12.26,12.849999999999998,12.11,75.4625,0.0
7718,2021-07-30,SZSE:002091,0.5826,12.01,12.01,12.63,11.91,18778.0745,12.39,1.9986,18.6303,18.4769,28.3538,0.6017,68.7021,50.6458,50.7007,0.0,0.0,0.0,13135.6241,7.3202,6.4287,6.8593,6.5157,0.4328,0.3649,55.4101,1.0,42881.0,1.3,1.9033,0.0,8.0,12.390000000000002,12.63,11.91,55.4101,0.0
7719,2021-08-02,SZSE:002091,0.5826,12.38,12.38,12.7,11.92,19356.5831,12.26,2.0602,19.2043,19.0462,29.2273,0.6202,68.2578,52.9967,53.0503,0.0,0.0,0.0,13714.1326,7.6426,6.7118,7.1614,6.8027,0.4518,0.381,53.4245,1.0,42881.0,1.3,1.962,0.0,8.0,12.26,12.7,11.92,53.4245,0.0
7720,2021-08-03,SZSE:002091,0.5826,11.92,11.92,12.52,11.89,18637.3563,12.26,1.9836,18.4907,18.3385,28.1414,0.5972,68.3827,49.8195,49.8682,0.0,0.0,0.0,12994.9058,7.2418,6.3598,6.7859,6.4459,0.4281,0.361,37.7618,1.0,42881.0,1.3,1.8891,0.0,8.0,12.26,12.519999999999998,11.89,37.7618,0.0
7721,2021-08-04,SZSE:002091,0.5826,12.6,12.6,12.95,11.92,19700.5611,11.92,2.0968,19.5456,19.3846,29.7467,0.6312,68.4428,54.1915,54.238,0.0,0.0,0.0,14058.1107,7.8343,6.8801,7.3411,6.9733,0.4631,0.3905,56.925,1.0,42881.0,1.3,1.9968,0.0,8.0,11.92,12.949999999999998,11.92,56.925,0.0
7722,2021-08-05,SZSE:002091,0.5826,12.7,12.7,12.81,12.03,19856.9148,12.58,2.1134,19.7007,19.5385,29.9828,0.6362,67.9068,54.815,54.8611,0.0,0.0,0.0,14214.4644,7.9215,6.9567,7.4227,7.0508,0.4683,0.3949,61.3807,1.0,42881.0,1.3,2.0127,0.0,8.0,12.58,12.81,12.03,61.3807,0.0
7723,2021-08-06,SZSE:002091,0.6222,13.97,13.97,13.97,13.43,21842.6063,13.43,2.3248,21.6707,21.4923,32.9811,0.6999,69.8689,61.9062,61.9477,0.0,0.0,0.0,16200.1558,9.0281,7.9285,8.4596,8.0358,0.5337,0.45,22.7307,1.0,42881.0,1.3,2.214,0.0,8.0,13.43,13.97,13.43,22.7307,0.0
7724,2021-08-09,SZSE:002091,0.6222,14.07,14.07,14.76,13.02,21998.9599,14.46,2.3414,21.8259,21.6462,33.2172,0.7049,69.861,62.4064,62.4477,0.0,0.0,0.0,16356.5095,9.1152,8.005,8.5413,8.1134,0.5389,0.4544,97.8013,1.0,42881.0,1.3,2.2298,0.0,8.0,14.460000000000003,14.76,13.02,97.8013,0.0
7725,2021-08-10,SZSE:002091,0.6222,13.25,13.25,14.07,12.89,20716.8599,13.69,2.205,20.5539,20.3846,31.2813,0.6638,71.2018,55.921,55.9558,0.0,0.0,0.0,15074.4095,8.4007,7.3775,7.8718,7.4774,0.4966,0.4188,78.2105,1.0,42881.0,1.3,2.0998,0.0,8.0,13.69,14.069999999999999,12.89,78.2105,0.0
7726,2021-08-11,SZSE:002091,0.6222,13.25,13.25,13.45,12.85,20716.8599,13.21,2.205,20.5539,20.3846,31.2813,0.6638,71.1702,55.921,55.9558,0.0,0.0,0.0,15074.4095,8.4007,7.3775,7.8718,7.4774,0.4966,0.4188,57.962,1.0,42881.0,1.3,2.0998,0.0,8.0,13.21,13.45,12.85,57.962,0.0
7727,2021-08-12,SZSE:002091,0.6222,13.13,13.13,13.29,12.72,20529.2355,13.25,2.185,20.3677,20.2,30.998,0.6578,71.2651,54.9518,54.9857,0.0,0.0,0.0,14886.7851,8.2961,7.2857,7.7738,7.3843,0.4904,0.4135,50.1336,1.0,42881.0,1.3,2.0808,0.0,8.0,13.250000000000002,13.29,12.72,50.1336,0.0
7728,2021-08-13,SZSE:002091,0.6456,13.3,13.3,13.77,12.88,20795.0368,13.08,2.2133,20.6314,20.4615,31.3993,0.6663,71.1623,56.1123,56.1457,0.0,0.0,0.0,15152.5863,8.4443,7.4158,7.9126,7.5162,0.4992,0.4209,60.8137,1.0,42881.0,1.3,2.1078,0.0,8.0,13.08,13.770000000000001,12.88,60.8137,0.0
7729,2021-08-16,SZSE:002091,0.6456,12.1,12.1,13.2,11.97,18918.7928,13.2,2.0136,18.7699,18.6154,28.5663,0.6062,74.059,46.9232,46.9486,0.0,0.0,0.0,13276.3424,7.3987,6.4975,6.9328,6.5855,0.4374,0.3688,76.5908,1.0,42881.0,1.3,1.9176,0.0,8.0,13.2,13.2,11.97,76.5908,0.0
7730,2021-08-17,SZSE:002091,0.6456,11.7,11.7,12.25,11.57,18293.3782,12.0,1.947,18.1494,18.0,27.622,0.5861,74.5238,44.3179,44.3412,0.0,0.0,0.0,12650.9278,7.0501,6.1915,6.6062,6.2753,0.4168,0.3514,41.4619,1.0,42881.0,1.3,1.8542,0.0,8.0,12.0,12.25,11.57,41.4619,0.0
7731,2021-08-18,SZSE:002091,0.6456,11.77,11.77,12.1,11.46,18402.8258,11.64,1.9587,18.258,18.1077,27.7872,0.5897,74.5143,44.8945,44.9178,0.0,0.0,0.0,12760.3753,7.1111,6.245,6.6634,6.3296,0.4204,0.3545,37.3335,1.0,42881.0,1.3,1.8653,0.0,8.0,11.64,12.100000000000001,11.46,37.3335,0.0
7732,2021-08-19,SZSE:002091,0.6456,12.14,12.14,12.55,11.57,18981.3343,11.74,2.0202,18.832,18.6769,28.6607,0.6082,74.6471,47.962,47.9847,0.0,0.0,0.0,13338.8839,7.4335,6.5282,6.9655,6.6165,0.4394,0.3706,54.1338,1.0,42881.0,1.3,1.9239,0.0,8.0,11.74,12.55,11.57,54.1338,0.0
7733,2021-08-20,SZSE:002091,0.7376,12.25,12.25,12.39,11.89,19153.3233,12.03,2.0385,19.0026,18.8462,28.9204,0.6137,74.595,48.8732,48.8957,0.0,0.0,0.0,13510.8729,7.5294,6.6123,7.0553,6.7018,0.4451,0.3753,37.1547,1.0,42881.0,1.3,1.9414,0.0,8.0,12.03,12.390000000000002,11.89,37.1547,0.0
7734,2021-08-23,SZSE:002091,0.7376,13.16,13.16,13.38,12.26,20576.1416,12.57,2.19,20.4142,20.2462,31.0688,0.6593,75.55,55.7726,55.7935,0.0,0.0,0.0,14933.6912,8.3223,7.3087,7.7983,7.4076,0.492,0.4149,70.2247,1.0,42881.0,1.3,2.0856,0.0,8.0,12.57,13.38,12.26,70.2247,0.0
7735,2021-08-24,SZSE:002091,0.7376,13.82,13.82,14.08,13.18,21608.0758,13.25,2.2998,21.4381,21.2615,32.627,0.6924,75.9247,59.9898,60.0095,0.0,0.0,0.0,15965.6253,8.8974,7.8137,8.3371,7.9195,0.526,0.4435,82.7633,1.0,42881.0,1.3,2.1902,0.0,8.0,13.25,14.079999999999998,13.18,82.7633,0.0
7736,2021-08-25,SZSE:002091,0.7376,13.41,13.41,13.56,12.9,20967.0258,13.38,2.2759,20.2767,20.6308,30.1316,0.6434,76.2868,56.3925,56.4104,0.0,0.0,0.0,16718.7301,8.6201,7.5439,8.7304,8.293,0.5201,0.4644,70.5973,1.0,42881.0,1.3,2.1252,0.0,8.0,13.38,13.559999999999999,12.9,70.5973,0.0
7737,2021-08-26,SZSE:002091,0.7376,13.32,13.32,13.79,13.18,20826.3075,13.28,2.2607,20.1407,20.4923,29.9294,0.639,76.3058,55.6043,55.6217,0.0,0.0,0.0,16578.0118,8.5475,7.4805,8.6524,8.2273,0.5157,0.4439,44.5621,1.0,42881.0,1.3,2.1109,0.0,15.2,13.28,13.79,13.18,44.5621,0.0
7738,2021-08-27,SZSE:002091,0.8947,14.15,14.15,14.38,12.9,22124.0429,13.14,2.4015,21.3957,21.7692,31.7943,0.6789,76.6299,61.016,61.0322,0.0,0.0,0.0,17875.7472,9.2166,8.066,9.3297,8.8713,0.5561,0.4787,74.3213,1.0,42881.0,1.3,2.2425,0.0,15.2,13.14,14.38,12.9,74.3213,0.0
7739,2021-08-30,SZSE:002091,0.8947,14.62,14.62,14.91,13.88,22858.9051,14.0,2.4813,22.1063,22.4923,32.8504,0.7014,76.7105,63.7134,63.7288,0.0,0.0,0.0,18610.6094,9.5955,8.3976,9.7133,9.236,0.5789,0.4983,76.3837,1.0,42881.0,1.3,2.317,0.0,15.2,14.0,14.91,13.88,76.3837,0.0
7740,2021-08-31,SZSE:002091,0.8947,14.64,14.64,14.79,14.11,22890.1758,14.49,2.4847,22.1366,22.5231,32.8953,0.7024,74.8891,63.8281,63.8435,0.0,0.0,0.0,18641.8801,9.6116,8.4117,9.7296,9.2516,0.5799,0.4992,42.5047,1.0,42881.0,1.3,2.3201,0.0,15.2,14.49,14.79,14.11,42.5047,0.0
7741,2021-09-01,SZSE:002091,0.8947,13.34,13.34,14.68,13.18,20857.5782,14.37,2.2641,20.1709,20.5231,29.9743,0.64,77.4821,52.2642,52.2755,0.0,0.0,0.0,16609.2825,8.5636,7.4946,8.6687,8.2428,0.5167,0.4447,58.5782,1.0,42881.0,1.3,2.1141,0.0,15.2,14.37,14.68,13.18,58.5782,0.0
7742,2021-09-02,SZSE:002091,0.8947,13.35,13.35,13.57,13.1,20873.2136,13.19,2.2658,20.186,20.5385,29.9968,0.6405,77.49,52.3358,52.347,0.0,0.0,0.0,16624.9179,8.5717,7.5016,8.6769,8.2506,0.5172,0.4452,34.6681,1.0,42881.0,1.3,2.1157,0.0,15.2,13.19,13.569999999999999,13.1,34.6681,0.0
7743,2021-09-03,SZSE:002091,0.7608,12.78,12.78,13.5,12.48,19981.9977,13.22,2.169,19.3241,19.6615,28.716,0.6131,77.5976,47.9269,47.9368,0.0,0.0,0.0,15733.702,8.1122,7.0995,8.2117,7.8083,0.4894,0.4213,38.4706,1.0,42881.0,1.3,2.0254,0.0,15.2,13.22,13.500000000000002,12.48,38.4706,0.0
7744,2021-09-06,SZSE:002091,0.7608,12.7,12.7,12.85,12.23,19856.9148,12.78,2.1554,19.2032,19.5385,28.5363,0.6093,75.5547,47.3244,47.334,0.0,0.0,0.0,15608.6191,8.0477,7.043,8.1465,7.7462,0.4855,0.418,28.0288,1.0,42881.0,1.3,2.0127,0.0,15.2,12.78,12.85,12.23,28.0288,0.0
7745,2021-09-07,SZSE:002091,0.7608,13.97,13.97,13.97,12.71,21842.6063,12.73,2.371,21.1235,21.4923,31.3899,0.6702,77.5375,56.6436,56.6523,0.0,0.0,0.0,17594.3106,9.0715,7.939,9.1828,8.7317,0.5473,0.4711,29.9256,1.0,42881.0,1.3,2.214,0.0,15.2,12.73,13.97,12.71,29.9256,0.0
7746,2021-09-08,SZSE:002091,0.7608,14.95,14.95,15.33,14.15,23374.8721,14.49,2.5373,22.6053,23.0,33.5919,0.7172,78.4308,62.2008,62.2089,0.0,0.0,0.0,19126.5764,9.8615,8.6304,9.9826,9.4921,0.595,0.5122,83.2319,1.0,42881.0,1.3,2.3693,0.0,15.2,14.49,15.330000000000002,14.15,83.2319,0.0
7747,2021-09-09,SZSE:002091,0.7608,14.66,14.66,15.19,14.19,22921.4465,14.95,2.4881,22.1668,22.5539,32.9403,0.7033,77.5881,59.7598,59.7674,0.0,0.0,0.0,18673.1508,9.6277,8.4258,9.7459,9.2671,0.5809,0.5,56.6172,1.0,42881.0,1.3,2.3233,0.0,15.2,14.95,15.19,14.19,56.6172,0.0
7748,2021-09-10,SZSE:002091,0.6938,15.04,15.04,15.22,14.26,23515.5904,14.73,2.5526,22.7414,23.1385,33.7941,0.7216,77.5738,61.8714,61.8786,0.0,0.0,0.0,19267.2947,9.9341,8.6939,10.056,9.5619,0.5994,0.5159,63.0128,1.0,42881.0,1.3,2.3835,0.0,15.2,14.73,15.22,14.26,63.0128,0.0
7749,2021-09-13,SZSE:002091,0.6938,15.0,15.0,15.64,14.68,23453.049,15.28,2.5458,22.6809,23.0769,33.7042,0.7196,76.9098,61.5055,61.5127,0.0,0.0,0.0,19204.7533,9.9018,8.6657,10.0234,9.5309,0.5974,0.5142,71.6957,1.0,42881.0,1.3,2.3772,0.0,15.2,15.28,15.639999999999999,14.68,71.6957,0.0
7750,2021-09-14,SZSE:002091,0.6938,15.43,15.43,16.15,15.12,24125.3697,15.2,2.6188,23.3311,23.7385,34.6704,0.7403,76.4085,63.9719,63.9788,0.0,0.0,0.0,19877.074,10.2485,8.9691,10.3743,9.8646,0.6183,0.5322,100.0081,1.0,42881.0,1.3,2.4453,0.0,15.2,15.2,16.15,15.12,100.0081,0.0
7751,2021-09-15,SZSE:002091,0.6938,16.97,16.97,16.97,15.03,26533.2161,15.16,2.8801,25.6597,26.1077,38.1307,0.8141,78.1984,71.1108,71.1167,0.0,0.0,0.0,22284.9204,11.49,10.0556,11.631,11.0595,0.6932,0.5967,96.7546,1.0,42881.0,1.3,2.6894,0.0,15.2,15.16,16.97,15.03,96.7546,0.0
7752,2021-09-16,SZSE:002091,0.6938,15.27,15.27,17.4,15.27,23875.2039,17.25,2.5916,23.0892,23.4923,34.3109,0.7326,80.5242,57.5534,57.5577,0.0,0.0,0.0,19626.9081,10.1195,8.8562,10.2437,9.7404,0.6105,0.5255,118.4153,1.0,42881.0,1.3,2.42,0.0,15.2,17.25,17.4,15.27,118.4153,0.0
7753,2021-09-17,SZSE:002091,0.6744,15.46,15.46,15.66,14.55,24172.2758,15.01,2.6239,23.3765,23.7846,34.7378,0.7417,80.4578,58.5056,58.5098,0.0,0.0,0.0,19923.9801,10.2727,8.9902,10.3987,9.8878,0.6198,0.5335,70.4845,1.0,42881.0,1.3,2.4501,0.0,15.2,15.01,15.66,14.55,70.4845,0.0
7754,2021-09-20,SZSE:002091,0.6744,0.0,15.46,0.0,0.0,24172.2758,0.0,2.6239,23.3765,23.7846,34.7378,0.7417,80.4578,58.5056,58.5098,0.0,0.0,0.0,19923.9801,10.2727,8.9902,10.3987,9.8878,0.6198,0.5335,0.0,1.0,42881.0,1.3,2.4501,0.0,15.2,0.0,0.0,0.0,0.0,0.0
7755,2021-09-21,SZSE:002091,0.6744,0.0,15.46,0.0,0.0,24172.2758,0.0,2.6239,23.3765,23.7846,34.7378,0.7417,80.4578,58.5056,58.5098,0.0,0.0,0.0,19923.9801,10.2727,8.9902,10.3987,9.8878,0.6198,0.5335,0.0,1.0,42881.0,1.3,2.4501,0.0,15.2,0.0,0.0,0.0,0.0,0.0
7756,2021-09-22,SZSE:002091,0.6744,14.9,14.9,15.45,14.7,23296.6953,14.85,2.5288,22.5297,22.9231,33.4795,0.7148,82.0153,54.6168,54.6205,0.0,0.0,0.0,19048.3996,9.8212,8.5952,9.9418,9.4533,0.5926,0.5101,44.7658,1.0,42881.0,1.3,2.3613,0.0,15.2,14.85,15.45,14.7,44.7658,0.0
7757,2021-09-23,SZSE:002091,0.6744,14.5,14.5,15.2,14.42,22671.2807,15.16,2.4609,21.9249,22.3077,32.5808,0.6956,82.1038,51.96,51.9635,0.0,0.0,0.0,18422.985,9.4988,8.313,9.6153,9.1429,0.5731,0.4933,41.7386,1.0,42881.0,1.3,2.2979,0.0,15.2,15.16,15.199999999999998,14.42,41.7386,0.0
7758,2021-09-24,SZSE:002091,0.6164,14.2,14.2,14.86,14.05,22202.2197,14.27,2.41,21.4713,21.8462,31.9067,0.6813,81.8176,49.9958,49.999,0.0,0.0,0.0,17953.924,9.2569,8.1013,9.3705,8.9101,0.5585,0.4808,39.993,1.0,42881.0,1.3,2.2504,0.0,15.2,14.270000000000001,14.859999999999998,14.05,39.993,0.0
7759,2021-09-27,SZSE:002091,0.6164,13.32,13.32,14.25,12.78,20826.3075,14.08,2.2607,20.1407,20.4923,29.9294,0.639,83.0082,44.6622,44.665,0.0,0.0,0.0,16578.0118,8.5475,7.4805,8.6524,8.2273,0.5157,0.4439,52.051,1.0,42881.0,1.3,2.1109,0.0,15.2,14.08,14.250000000000002,12.78,52.051,0.0
7760,2021-09-28,SZSE:002091,0.6164,13.04,13.04,13.63,12.98,20388.5172,13.27,2.2131,19.7173,20.0615,29.3002,0.6256,83.1015,43.0871,43.0898,0.0,0.0,0.0,16140.2215,8.3218,7.2829,8.4239,8.01,0.5021,0.4322,25.5559,1.0,42881.0,1.3,2.0666,0.0,15.2,13.269999999999998,13.630000000000003,12.98,25.5559,0.0
7761,2021-09-29,SZSE:002091,0.6164,12.23,12.23,13.09,12.17,19122.0526,13.0,2.0757,18.4925,18.8154,27.4802,0.5867,84.27,38.8219,38.8242,0.0,0.0,0.0,14873.7569,7.6688,6.7114,7.7629,7.3815,0.4627,0.3983,37.6825,1.0,42881.0,1.3,1.9382,0.0,15.2,12.999999999999998,13.089999999999998,12.17,37.6825,0.0
7762,2021-09-30,SZSE:002091,0.6164,12.77,12.77,13.06,12.4,19966.3624,12.44,2.1673,19.309,19.6462,28.6935,0.6127,83.5316,42.8814,42.8836,0.0,0.0,0.0,15718.0667,8.1041,7.0924,8.2036,7.8005,0.489,0.4209,25.3948,1.0,42881.0,1.3,2.0238,0.0,15.2,12.44,13.060000000000002,12.4,25.3948,0.0
7763,2021-10-01,SZSE:002091,0.6958,0.0,12.77,0.0,0.0,19966.3624,0.0,2.1673,19.309,19.6462,28.6935,0.6127,83.5316,42.8814,42.8836,0.0,0.0,0.0,15718.0667,8.1041,7.0924,8.2036,7.8005,0.489,0.4209,0.0,1.0,42881.0,1.3,2.0238,0.0,15.2,0.0,0.0,0.0,0.0,0.0
7764,2021-10-04,SZSE:002091,0.6958,0.0,12.77,0.0,0.0,19966.3624,0.0,2.1673,19.309,19.6462,28.6935,0.6127,83.5316,42.8814,42.8836,0.0,0.0,0.0,15718.0667,8.1041,7.0924,8.2036,7.8005,0.489,0.4209,0.0,1.0,42881.0,1.3,2.0238,0.0,15.2,0.0,0.0,0.0,0.0,0.0
7765,2021-10-05,SZSE:002091,0.6958,0.0,12.77,0.0,0.0,19966.3624,0.0,2.1673,19.309,19.6462,28.6935,0.6127,83.5316,42.8814,42.8836,0.0,0.0,0.0,15718.0667,8.1041,7.0924,8.2036,7.8005,0.489,0.4209,0.0,1.0,42881.0,1.3,2.0238,0.0,15.2,0.0,0.0,0.0,0.0,0.0
7766,2021-10-06,SZSE:002091,0.6958,0.0,12.77,0.0,0.0,19966.3624,0.0,2.1673,19.309,19.6462,28.6935,0.6127,83.5316,42.8814,42.8836,0.0,0.0,0.0,15718.0667,8.1041,7.0924,8.2036,7.8005,0.489,0.4209,0.0,1.0,42881.0,1.3,2.0238,0.0,15.2,0.0,0.0,0.0,0.0,0.0
7767,2021-10-07,SZSE:002091,0.6958,0.0,12.77,0.0,0.0,19966.3624,0.0,2.1673,19.309,19.6462,28.6935,0.6127,83.5316,42.8814,42.8836,0.0,0.0,0.0,15718.0667,8.1041,7.0924,8.2036,7.8005,0.489,0.4209,0.0,1.0,42881.0,1.3,2.0238,0.0,15.2,0.0,0.0,0.0,0.0,0.0
7768,2021-10-08,SZSE:002091,0.6788,12.44,12.44,13.19,12.17,19450.3953,13.09,2.1113,18.81,19.1385,27.952,0.5968,84.9214,41.0871,41.0892,0.0,0.0,0.0,15202.0996,7.8381,6.8596,7.9343,7.5445,0.4729,0.4071,25.7605,1.0,42881.0,1.3,1.9715,0.0,15.2,13.09,13.189999999999998,12.17,25.7605,0.0
7769,2021-10-11,SZSE:002091,0.6788,12.34,12.34,12.69,12.0,19294.0416,12.47,2.0943,18.6588,18.9846,27.7274,0.592,82.703,40.5336,40.5357,0.0,0.0,0.0,15045.7459,7.7575,6.7891,7.8527,7.4669,0.468,0.4029,21.4778,1.0,42881.0,1.3,1.9556,0.0,15.2,12.47,12.69,12.0,21.4778,0.0
7770,2021-10-12,SZSE:002091,0.6788,11.83,11.83,12.4,11.62,18496.638,12.34,2.0078,17.8877,18.2,26.5814,0.5676,80.7915,37.7413,37.7432,0.0,0.0,0.0,14248.3422,7.3463,6.4292,7.4365,7.0711,0.4432,0.3815,22.6596,1.0,42881.0,1.3,1.8748,0.0,15.2,12.34,12.400000000000002,11.62,22.6596,0.0
7771,2021-10-13,SZSE:002091,0.6788,11.96,11.96,12.07,11.62,18699.8977,11.84,2.0298,18.0843,18.4,26.8735,0.5738,79.9076,38.8968,38.8986,0.0,0.0,0.0,14451.602,7.4511,6.521,7.5426,7.172,0.4496,0.387,20.4225,1.0,42881.0,1.3,1.8954,0.0,15.2,11.84,12.07,11.62,20.4225,0.0
7772,2021-10-14,SZSE:002091,0.6788,12.1,12.1,12.22,11.68,18918.7928,11.9,2.0536,18.2959,18.6154,27.1881,0.5805,79.8855,40.1844,40.1862,0.0,0.0,0.0,14670.4971,7.564,6.6197,7.6568,7.2806,0.4564,0.3928,18.8763,1.0,42881.0,1.3,1.9176,0.0,15.2,11.9,12.22,11.68,18.8763,0.0
7773,2021-10-15,SZSE:002091,0.6467,12.12,12.12,12.31,11.75,18950.0636,12.0,2.057,18.3262,18.6462,27.233,0.5815,77.3066,40.3776,40.3794,0.0,0.0,0.0,14701.7679,7.5801,6.6338,7.6732,7.2962,0.4573,0.3937,21.0055,1.0,42881.0,1.3,1.9208,0.0,15.2,12.0,12.31,11.75,21.0055,0.0
7774,2021-10-18,SZSE:002091,0.6467,12.48,12.48,12.5,11.85,19512.9367,12.0,2.1181,18.8705,19.2,28.0419,0.5987,77.343,43.892,43.8938,0.0,0.0,0.0,15264.641,7.8703,6.8878,7.9669,7.5755,0.4748,0.4087,22.3398,1.0,42881.0,1.3,1.9778,0.0,15.2,12.0,12.5,11.85,22.3398,0.0
7775,2021-10-19,SZSE:002091,0.6467,12.33,12.33,12.55,12.26,19278.4063,12.31,2.0926,18.6437,18.9692,27.7049,0.5915,77.3367,42.761,42.7627,0.0,0.0,0.0,15030.1105,7.7494,6.782,7.8445,7.4591,0.4676,0.4025,18.8262,1.0,42881.0,1.3,1.954,0.0,15.2,12.31,12.550000000000002,12.26,18.8262,0.0
7776,2021-10-20,SZSE:002091,0.6467,12.7,12.7,13.14,12.16,19856.9148,12.28,2.1554,19.2032,19.5385,28.5363,0.6093,77.09,46.4281,46.4297,0.0,0.0,0.0,15608.6191,8.0477,7.043,8.1465,7.7462,0.4855,0.418,38.9236,1.0,42881.0,1.3,2.0127,0.0,15.2,12.28,13.139999999999999,12.16,38.9236,0.0
7777,2021-10-21,SZSE:002091,0.6467,12.61,12.61,12.91,12.48,19716.1965,12.72,2.1402,19.0671,19.4,28.334,0.605,75.7033,45.6618,45.6634,0.0,0.0,0.0,15467.9008,7.9751,6.9795,8.073,7.6764,0.4812,0.4142,23.6982,1.0,42881.0,1.3,1.9984,0.0,15.2,12.720000000000002,12.910000000000002,12.48,23.6982,0.0
7778,2021-10-22,SZSE:002091,0.6394,11.93,11.93,12.57,11.91,18652.9916,12.48,2.0248,18.0389,18.3539,26.8061,0.5724,76.4607,40.2555,40.2569,0.0,0.0,0.0,14404.6959,7.427,6.4998,7.5181,7.1487,0.4481,0.3857,37.7485,1.0,42881.0,1.3,1.8907,0.0,15.2,12.48,12.57,11.91,37.7485,0.0
7779,2021-10-25,SZSE:002091,0.6394,12.52,12.52,12.55,11.75,19575.4782,11.85,2.1249,18.931,19.2615,28.1318,0.6007,75.4567,46.2066,46.2079,0.0,0.0,0.0,15327.1825,7.9026,6.916,7.9996,7.6065,0.4768,0.4104,46.4211,1.0,42881.0,1.3,1.9842,0.0,15.2,11.85,12.55,11.75,46.4211,0.0
7780,2021-10-26,SZSE:002091,0.6394,12.45,12.45,12.88,12.23,19466.0307,12.58,2.113,18.8252,19.1539,27.9745,0.5973,75.4235,45.626,45.6272,0.0,0.0,0.0,15217.7349,7.8462,6.8667,7.9425,7.5522,0.4734,0.4075,42.8029,1.0,42881.0,1.3,1.9731,0.0,15.2,12.580000000000002,12.879999999999999,12.23,42.8029,0.0
7781,2021-10-27,SZSE:002091,0.6394,12.88,12.88,13.22,12.35,20138.3514,12.65,2.186,19.4754,19.8154,28.9407,0.6179,72.6264,49.7995,49.8007,0.0,0.0,0.0,15890.0557,8.1928,7.17,8.2934,7.8859,0.4943,0.4255,63.8726,1.0,42881.0,1.3,2.0412,0.0,15.2,12.65,13.22,12.35,63.8726,0.0
7782,2021-10-28,SZSE:002091,0.6394,11.97,11.97,12.97,11.78,18715.5331,12.66,2.0315,18.0994,18.4154,26.896,0.5743,72.8715,42.385,42.386,0.0,0.0,0.0,14182.1404,7.3122,6.3994,7.402,7.0383,0.4412,0.3798,50.51,1.0,42881.0,1.3,1.897,0.0,15.2,12.660000000000002,12.97,11.78,50.51,0.0
7783,2021-10-29,SZSE:002091,0.5397,13.17,13.17,13.17,12.27,20591.777,12.3,2.0992,18.9468,20.2615,28.6137,0.5861,74.7926,52.4408,52.4416,0.0,0.0,0.0,16058.3843,8.4068,7.3892,8.1062,7.8679,0.4581,0.4127,44.0544,1.0,42881.0,1.3,2.0872,0.0,15.2,12.3,13.17,12.27,44.0544,0.0
7784,2021-11-01,SZSE:002091,0.5397,13.65,13.65,13.77,12.87,21342.2746,13.41,2.1757,19.6374,21.0,29.6566,0.6075,74.6155,55.7664,55.7673,0.0,0.0,0.0,16808.8818,8.7997,7.7345,8.4851,8.2356,0.4795,0.432,100.2084,1.0,42881.0,1.3,2.1632,0.0,15.2,13.41,13.77,12.87,100.2084,0.0
7785,2021-11-02,SZSE:002091,0.5397,13.14,13.14,13.63,12.87,20544.8709,13.54,2.0944,18.9037,20.2154,28.5485,0.5848,74.8306,51.635,51.6357,0.0,0.0,0.0,16011.4782,8.3822,7.3676,8.0825,7.8449,0.4568,0.4115,55.6577,1.0,42881.0,1.3,2.0824,0.0,15.2,13.540000000000001,13.63,12.87,55.6577,0.0
7786,2021-11-03,SZSE:002091,0.5397,12.65,12.65,13.1,12.42,19778.738,13.02,2.0163,18.1987,19.4615,27.4839,0.563,74.8337,47.9587,47.9594,0.0,0.0,0.0,15245.3452,7.9811,7.0151,7.6958,7.4696,0.4349,0.3918,41.4007,1.0,42881.0,1.3,2.0048,0.0,15.2,13.019999999999998,13.100000000000001,12.42,41.4007,0.0
7787,2021-11-04,SZSE:002091,0.5397,12.64,12.64,13.07,12.58,19763.1026,12.67,2.0147,18.1843,19.4462,27.4622,0.5625,73.9593,47.8838,47.8845,0.0,0.0,0.0,15229.7099,7.9729,7.0079,7.6879,7.4619,0.4345,0.3914,33.1137,1.0,42881.0,1.3,2.0032,0.0,15.2,12.67,13.070000000000002,12.58,33.1137,0.0
7788,2021-11-05,SZSE:002091,0.4549,12.17,12.17,12.83,12.14,19028.2404,12.55,1.9398,17.5082,18.7231,26.4411,0.5416,74.3499,44.3748,44.3754,0.0,0.0,0.0,14494.8477,7.5882,6.6697,7.3169,7.1018,0.4135,0.3725,36.7233,1.0,42881.0,1.3,1.9287,0.0,15.2,12.55,12.830000000000002,12.14,36.7233,0.0
7789,2021-11-08,SZSE:002091,0.4549,12.65,12.65,12.83,11.91,19778.738,12.12,2.0163,18.1987,19.4615,27.4839,0.563,72.0762,48.5237,48.5243,0.0,0.0,0.0,15245.3452,7.9811,7.0151,7.6958,7.4696,0.4349,0.3918,39.4383,1.0,42881.0,1.3,2.0048,0.0,15.2,12.12,12.83,11.91,39.4383,0.0
7790,2021-11-09,SZSE:002091,0.4549,12.71,12.71,12.94,12.41,19872.5502,12.56,2.0259,18.285,19.5539,27.6143,0.5656,72.0651,49.0354,49.036,0.0,0.0,0.0,15339.1574,8.0302,7.0583,7.7431,7.5155,0.4376,0.3942,30.8756,1.0,42881.0,1.3,2.0143,0.0,15.2,12.56,12.940000000000001,12.41,30.8756,0.0
7791,2021-11-10,SZSE:002091,0.4549,12.25,12.25,12.66,12.0,19153.3233,12.57,1.9526,17.6233,18.8462,26.6149,0.5452,71.4121,45.3161,45.3166,0.0,0.0,0.0,14619.9306,7.6537,6.7273,7.3801,7.1631,0.4171,0.3758,38.1537,1.0,42881.0,1.3,1.9414,0.0,15.2,12.57,12.66,12.0,38.1537,0.0
7792,2021-11-11,SZSE:002091,0.4549,12.13,12.13,12.39,12.05,18965.6989,12.26,1.9334,17.4506,18.6615,26.3542,0.5398,71.4327,44.3706,44.3711,0.0,0.0,0.0,14432.3062,7.5555,6.641,7.2854,7.0712,0.4117,0.3709,24.4493,1.0,42881.0,1.3,1.9224,0.0,15.2,12.26,12.39,12.05,24.4493,0.0
7793,2021-11-12,SZSE:002091,0.4395,12.02,12.02,12.26,11.92,18793.7099,12.25,1.9159,17.2924,18.4923,26.1152,0.5349,71.4327,43.4752,43.4756,0.0,0.0,0.0,14260.3172,7.4655,6.5618,7.1985,6.9869,0.4068,0.3665,27.952,1.0,42881.0,1.3,1.9049,0.0,15.2,12.25,12.26,11.92,27.952,0.0
7794,2021-11-15,SZSE:002091,0.4395,11.31,11.31,11.96,11.2,17683.5989,11.92,1.8027,16.271,17.4,24.5726,0.5033,72.4003,38.1267,38.1271,0.0,0.0,0.0,13150.2062,6.8843,6.051,6.6382,6.443,0.3751,0.338,45.5871,1.0,42881.0,1.3,1.7924,0.0,15.2,11.92,11.96,11.2,45.5871,0.0
7795,2021-11-16,SZSE:002091,0.4395,11.14,11.14,11.38,11.05,17417.7977,11.32,1.7756,16.0264,17.1385,24.2032,0.4958,69.8595,36.9545,36.9548,0.0,0.0,0.0,12884.405,6.7451,5.9287,6.504,6.3128,0.3675,0.3312,25.6878,1.0,42881.0,1.3,1.7655,0.0,15.2,11.320000000000002,11.38,11.05,25.6878,0.0
7796,2021-11-17,SZSE:002091,0.4395,11.37,11.37,11.45,11.18,17777.4111,11.22,1.8123,16.3573,17.4923,24.703,0.506,69.6713,39.6577,39.6581,0.0,0.0,0.0,13244.0184,6.9334,6.0942,6.6855,6.489,0.3778,0.3404,20.3099,1.0,42881.0,1.3,1.8019,0.0,15.2,11.22,11.450000000000001,11.18,20.3099,0.0
7797,2021-11-18,SZSE:002091,0.4395,11.5,11.5,11.71,11.16,17980.6709,11.35,1.833,16.5443,17.6923,24.9854,0.5118,69.7013,41.1925,41.1929,0.0,0.0,0.0,13447.2782,7.0398,6.1877,6.7881,6.5886,0.3836,0.3456,27.4767,1.0,42881.0,1.3,1.8225,0.0,15.2,11.35,11.710000000000003,11.16,27.4767,0.0
7798,2021-11-19,SZSE:002091,0.4575,11.63,11.63,11.9,11.49,18183.9306,11.68,1.8537,16.7313,17.8923,25.2678,0.5176,69.4373,42.7604,42.7608,0.0,0.0,0.0,13650.5379,7.1462,6.2812,6.8907,6.6882,0.3894,0.3508,24.0277,1.0,42881.0,1.3,1.8431,0.0,15.2,11.68,11.900000000000002,11.49,24.0277,0.0
7799,2021-11-22,SZSE:002091,0.4575,12.31,12.31,12.36,11.71,19247.1355,11.8,1.9621,17.7096,18.9385,26.7452,0.5478,70.4176,50.2346,50.235,0.0,0.0,0.0,14713.7428,7.7028,6.7705,7.4274,7.2091,0.4197,0.3782,47.4669,1.0,42881.0,1.3,1.9509,0.0,15.2,11.8,12.36,11.71,47.4669,0.0
7800,2021-11-23,SZSE:002091,0.4575,12.4,12.4,12.62,12.19,19387.8538,12.31,1.9765,17.8391,19.0769,26.9408,0.5518,68.8254,51.1439,51.1443,0.0,0.0,0.0,14854.4611,7.7765,6.8352,7.4985,7.278,0.4237,0.3818,34.0099,1.0,42881.0,1.3,1.9651,0.0,15.2,12.31,12.62,12.19,34.0099,0.0
7801,2021-11-24,SZSE:002091,0.4575,13.1,13.1,13.32,12.31,20482.3294,12.39,2.0881,18.8461,20.1539,28.4616,0.583,69.023,57.6287,57.629,0.0,0.0,0.0,15948.9367,8.3495,7.3388,8.051,7.8143,0.455,0.4099,57.9054,1.0,42881.0,1.3,2.0761,0.0,15.2,12.39,13.32,12.31,57.9054,0.0
7802,2021-11-25,SZSE:002091,0.4575,13.42,13.42,13.8,13.2,20982.6612,13.25,2.1391,19.3065,20.6462,29.1569,0.5972,68.9377,60.2276,60.2279,0.0,0.0,0.0,16449.2684,8.6114,7.5691,8.3035,8.0594,0.4692,0.4228,67.6419,1.0,42881.0,1.3,2.1268,0.0,15.2,13.25,13.8,13.2,67.6419,0.0
7803,2021-11-26,SZSE:002091,0.3402,12.91,12.91,13.43,12.78,20185.2575,13.42,2.0578,18.5728,19.8615,28.0488,0.5745,69.3851,54.491,54.4913,0.0,0.0,0.0,15651.8648,8.1939,7.2021,7.901,7.6687,0.4465,0.4023,58.5166,1.0,42881.0,1.3,2.046,0.0,15.2,13.42,13.43,12.78,58.5166,0.0
7804,2021-11-29,SZSE:002091,0.3402,12.92,12.92,13.1,12.52,20200.8929,12.64,2.0594,18.5872,19.8769,28.0705,0.575,68.2024,54.5824,54.5827,0.0,0.0,0.0,15667.5001,8.2021,7.2093,7.9089,7.6764,0.4469,0.4027,40.48,1.0,42881.0,1.3,2.0475,0.0,15.2,12.64,13.1,12.52,40.48,0.0
7805,2021-11-30,SZSE:002091,0.3402,13.06,13.06,13.42,12.85,20419.788,12.95,2.0817,18.7886,20.0923,28.3747,0.5812,67.8767,55.9165,55.9167,0.0,0.0,0.0,15886.3952,8.3167,7.3101,8.0194,7.7836,0.4532,0.4083,33.4693,1.0,42881.0,1.3,2.0697,0.0,15.2,12.95,13.42,12.85,33.4693,0.0
7806,2021-12-01,SZSE:002091,0.3402,13.0,13.0,13.13,12.76,20325.9758,12.88,2.0721,18.7022,20.0,28.2444,0.5785,65.7169,55.1686,55.1688,0.0,0.0,0.0,15792.583,8.2676,7.2669,7.972,7.7377,0.4505,0.4059,25.378,1.0,42881.0,1.3,2.0602,0.0,15.2,12.88,13.13,12.76,25.378,0.0
7807,2021-12-02,SZSE:002091,0.3402,12.77,12.77,13.09,12.61,19966.3624,12.99,2.0355,18.3714,19.6462,27.7446,0.5683,65.8149,52.2817,52.2819,0.0,0.0,0.0,15432.9696,8.0793,7.1014,7.7905,7.5615,0.4403,0.3967,27.3802,1.0,42881.0,1.3,2.0238,0.0,15.2,12.99,13.09,12.61,27.3802,0.0
7808,2021-12-03,SZSE:002091,0.3681,12.79,12.79,12.96,12.52,19997.6331,12.7,2.0386,18.4001,19.6769,27.7881,0.5692,65.1904,52.5144,52.5146,0.0,0.0,0.0,15464.2404,8.0957,7.1158,7.8063,7.5768,0.4411,0.3975,20.3472,1.0,42881.0,1.3,2.0269,0.0,15.2,12.7,12.96,12.52,20.3472,0.0
7809,2021-12-06,SZSE:002091,0.3681,12.25,12.25,12.84,12.2,19153.3233,12.71,1.9526,17.6233,18.8462,26.6149,0.5452,65.7928,45.9929,45.9931,0.0,0.0,0.0,14619.9306,7.6537,6.7273,7.3801,7.1631,0.4171,0.3758,29.6248,1.0,42881.0,1.3,1.9414,0.0,15.2,12.71,12.839999999999998,12.2,29.6248,0.0
7810,2021-12-07,SZSE:002091,0.3681,11.78,11.78,12.46,11.66,18418.4611,12.38,1.8777,16.9471,18.1231,25.5937,0.5242,63.0574,41.1975,41.1977,0.0,0.0,0.0,13885.0684,7.269,6.3892,7.0091,6.8031,0.3961,0.3569,30.2103,1.0,42881.0,1.3,1.8669,0.0,15.2,12.379999999999999,12.46,11.66,30.2103,0.0
7811,2021-12-08,SZSE:002091,0.3681,12.18,12.18,12.21,11.85,19043.8758,11.96,1.9414,17.5226,18.7385,26.4628,0.542,61.7561,46.3266,46.3268,0.0,0.0,0.0,14510.483,7.5964,6.6769,7.3248,7.1095,0.4139,0.3729,23.6105,1.0,42881.0,1.3,1.9303,0.0,15.2,11.96,12.21,11.85,23.6105,0.0
7812,2021-12-09,SZSE:002091,0.3681,12.0,12.0,12.13,11.93,18762.4392,12.05,1.9127,17.2636,18.4615,26.0717,0.534,61.7103,44.4478,44.4479,0.0,0.0,0.0,14229.0465,7.4491,6.5474,7.1828,6.9716,0.4059,0.3657,17.0535,1.0,42881.0,1.3,1.9017,0.0,15.2,12.05,12.130000000000003,11.93,17.0535,0.0
7813,2021-12-10,SZSE:002091,0.3343,12.06,12.06,12.19,11.9,18856.2514,12.04,1.9223,17.3499,18.5539,26.2021,0.5367,61.4336,45.2449,45.2451,0.0,0.0,0.0,14322.8586,7.4982,6.5906,7.2301,7.0176,0.4086,0.3681,21.2012,1.0,42881.0,1.3,1.9113,0.0,15.2,12.04,12.19,11.9,21.2012,0.0
7814,2021-12-13,SZSE:002091,0.3343,12.09,12.09,12.13,11.9,18903.1575,12.06,1.9271,17.3931,18.6,26.2673,0.538,61.4462,45.6648,45.6649,0.0,0.0,0.0,14369.7647,7.5227,6.6122,7.2538,7.0406,0.4099,0.3693,22.3506,1.0,42881.0,1.3,1.916,0.0,15.2,12.06,12.13,11.9,22.3506,0.0
7815,2021-12-14,SZSE:002091,0.3343,12.83,12.83,13.12,12.18,20060.1746,12.41,2.045,18.4577,17.5753,27.875,0.571,62.4882,54.8592,54.8593,0.0,0.0,0.0,15526.7818,8.1285,7.1446,7.2827,7.0834,0.4429,0.3991,59.556,1.0,42881.0,1.3,2.011,0.0,15.2,12.41,13.12,12.18,59.556,0.0
7816,2021-12-15,SZSE:002091,0.3343,12.83,12.83,13.2,12.8,20060.1746,12.87,2.045,18.4577,17.5753,27.875,0.571,58.9449,54.8592,54.8593,0.0,0.0,0.0,15526.7818,8.1285,7.1446,7.2827,7.0834,0.4429,0.3991,38.9433,1.0,42881.0,1.3,2.011,0.0,15.2,12.87,13.2,12.8,38.9433,0.0
7817,2021-12-16,SZSE:002091,0.3343,12.73,12.73,12.87,12.51,19903.8209,12.7,2.0291,18.3138,17.4384,27.6577,0.5665,54.9778,53.4419,53.442,0.0,0.0,0.0,15370.4282,8.0466,7.0726,7.2094,7.0121,0.4385,0.3951,25.1248,1.0,42881.0,1.3,1.9953,0.0,15.2,12.7,12.87,12.51,25.1248,0.0
7818,2021-12-17,SZSE:002091,0.306,12.31,12.31,12.79,12.26,19247.1355,12.72,1.9621,17.7096,16.863,26.7452,0.5478,55.2355,47.8503,47.8504,0.0,0.0,0.0,14713.7428,7.7028,6.7705,6.9014,6.7125,0.4197,0.3782,24.7972,1.0,42881.0,1.3,1.9295,0.0,15.2,12.72,12.789999999999997,12.26,24.7972,0.0
7819,2021-12-20,SZSE:002091,0.306,11.9,11.9,12.41,11.87,18606.0855,12.31,1.8968,17.1197,16.3014,25.8545,0.5296,55.1043,43.1087,43.1087,0.0,0.0,0.0,14072.6928,7.3672,6.4755,6.6007,6.42,0.4014,0.3617,21.08,1.0,42881.0,1.3,1.8652,0.0,15.2,12.310000000000002,12.410000000000002,11.87,21.08,0.0
7820,2021-12-21,SZSE:002091,0.306,12.18,12.18,12.19,11.8,19043.8758,11.84,1.9414,17.5226,16.6849,26.4628,0.542,54.9272,46.9732,46.9733,0.0,0.0,0.0,14510.483,7.5964,6.6769,6.806,6.6198,0.4139,0.3729,20.5555,1.0,42881.0,1.3,1.9091,0.0,15.2,11.84,12.19,11.8,20.5555,0.0
7821,2021-12-22,SZSE:002091,0.306,13.01,13.01,13.18,12.06,20341.6111,12.06,2.0737,18.7166,17.8219,28.2661,0.579,56.3075,56.4229,56.423,0.0,0.0,0.0,15808.2184,8.2758,7.2741,7.4147,7.2118,0.451,0.4063,54.5432,1.0,42881.0,1.3,2.0392,0.0,15.2,12.06,13.180000000000001,12.06,54.5432,0.0
7822,2021-12-23,SZSE:002091,0.306,13.66,13.66,14.19,12.88,21357.9099,12.95,2.1773,19.6517,18.7123,29.6783,0.6079,57.0127,62.1166,62.1167,0.0,0.0,0.0,16824.5172,8.8078,7.7417,7.8914,7.6754,0.4799,0.4324,69.108,1.0,42881.0,1.3,2.1411,0.0,15.2,12.95,14.19,12.88,69.108,0.0
7823,2021-12-24,SZSE:002091,0.336,13.28,13.28,13.85,13.0,20763.766,13.7,2.1167,19.1051,18.1918,28.8527,0.591,57.1392,57.3953,57.3953,0.0,0.0,0.0,16230.3733,8.4968,7.4683,7.6128,7.4044,0.463,0.4172,50.5337,1.0,42881.0,1.3,2.0815,0.0,15.2,13.7,13.85,13.0,50.5337,0.0
7824,2021-12-27,SZSE:002091,0.336,12.73,12.73,13.26,12.62,19903.8209,13.2,2.0291,18.3138,17.4384,27.6577,0.5665,56.2933,51.3157,51.3158,0.0,0.0,0.0,15370.4282,8.0466,7.0726,7.2094,7.0121,0.4385,0.3951,35.5805,1.0,42881.0,1.3,1.9953,0.0,15.2,13.2,13.260000000000002,12.62,35.5805,0.0
7825,2021-12-28,SZSE:002091,0.336,14.0,14.0,14.0,12.66,21889.5124,12.77,2.2315,20.1409,19.1781,30.417,0.623,59.4224,61.4658,61.4658,0.0,0.0,0.0,17356.1196,9.0861,7.9864,8.1408,7.9179,0.4951,0.4461,63.4249,1.0,42881.0,1.3,2.1944,0.0,15.2,12.77,14.0,12.66,63.4249,0.0
7826,2021-12-29,SZSE:002091,0.336,14.01,14.01,14.32,13.78,21905.1477,13.86,2.2331,20.1553,19.1918,30.4387,0.6235,57.8555,61.5338,61.5338,0.0,0.0,0.0,17371.755,9.0943,7.9935,8.1481,7.9251,0.4956,0.4465,61.8299,1.0,42881.0,1.3,2.1959,0.0,15.2,13.86,14.32,13.78,61.8299,0.0
7827,2021-12-30,SZSE:002091,0.336,14.21,14.21,14.3,13.57,22217.8551,14.01,2.265,20.443,19.4658,30.8733,0.6324,57.2862,62.9424,62.9424,0.0,0.0,0.0,17684.4623,9.258,8.1374,8.2948,8.0677,0.5045,0.4545,49.7502,1.0,42881.0,1.3,2.2273,0.0,15.2,14.01,14.3,13.57,49.7502,0.0
7828,2021-12-31,SZSE:002091,0.4688,13.73,13.73,14.15,13.63,21467.3575,14.06,2.1885,19.7524,18.8082,29.8304,0.611,57.2752,57.5002,57.5002,0.0,0.0,0.0,16933.9648,8.8651,7.7921,7.9428,7.7254,0.4831,0.4352,36.6791,1.0,42881.0,1.3,2.152,0.0,15.2,14.059999999999999,14.15,13.63,36.6791,0.0
