,date,ticker,BETA_1YR,close,adj_close,high,low,MARKETCAP,open,PBV,PE_EXCL,PE_EXCL_FWD,PE_NORMALIZED,PRICE_SALES,PRICE_VOL_HIST_3MTH,RSI,RSI_ADJ,SHORT_INTEREST,SHORT_INTEREST_OVER_FLOAT,SHORT_INTEREST_PERCENT,TEV,TEV_EBIT,TEV_EBITDA,TEV_EBITDA_FWD,TEV_EBIT_FWD,TEV_TOTAL_REV,TEV_TOTAL_REV_FWD,volume,CUMULATIVE_SPLIT_FACTOR,LAST_SPLIT_DATE,split_ratio,PBV_FWD,PEG_FWD,PRICE_TARGET,adj_open,adj_high,adj_low,adj_volume,ex-dividend
0,1991-12-31,SZSE:000768,0.0,0.0,0.0,0.0,0.0,0.0,0.0,0.0,0.0,0.0,0.0,0.0,0.0,0.0,0.0,0.0,0.0,0,0.0,0.0,0.0,0.0,0.0,0.0,0.0,0.0,1,39951.0,2.2,0.0,0.0,0.0,0.0,0.0,0.0,0.0,0.0
1,1992-01-01,SZSE:000768,0.0,0.0,0.0,0.0,0.0,0.0,0.0,0.0,0.0,0.0,0.0,0.0,0.0,0.0,0.0,0.0,0.0,0,0.0,0.0,0.0,0.0,0.0,0.0,0.0,0.0,1,39951.0,2.2,0.0,0.0,0.0,0.0,0.0,0.0,0.0,0.0
2,1992-01-02,SZSE:000768,0.0,0.0,0.0,0.0,0.0,0.0,0.0,0.0,0.0,0.0,0.0,0.0,0.0,0.0,0.0,0.0,0.0,0,0.0,0.0,0.0,0.0,0.0,0.0,0.0,0.0,1,39951.0,2.2,0.0,0.0,0.0,0.0,0.0,0.0,0.0,0.0
3,1992-01-03,SZSE:000768,0.0,0.0,0.0,0.0,0.0,0.0,0.0,0.0,0.0,0.0,0.0,0.0,0.0,0.0,0.0,0.0,0.0,0,0.0,0.0,0.0,0.0,0.0,0.0,0.0,0.0,1,39951.0,2.2,0.0,0.0,0.0,0.0,0.0,0.0,0.0,0.0
4,1992-01-06,SZSE:000768,0.0,0.0,0.0,0.0,0.0,0.0,0.0,0.0,0.0,0.0,0.0,0.0,0.0,0.0,0.0,0.0,0.0,0,0.0,0.0,0.0,0.0,0.0,0.0,0.0,0.0,1,39951.0,2.2,0.0,0.0,0.0,0.0,0.0,0.0,0.0,0.0
5,1992-01-07,SZSE:000768,0.0,0.0,0.0,0.0,0.0,0.0,0.0,0.0,0.0,0.0,0.0,0.0,0.0,0.0,0.0,0.0,0.0,0,0.0,0.0,0.0,0.0,0.0,0.0,0.0,0.0,1,39951.0,2.2,0.0,0.0,0.0,0.0,0.0,0.0,0.0,0.0
6,1992-01-08,SZSE:000768,0.0,0.0,0.0,0.0,0.0,0.0,0.0,0.0,0.0,0.0,0.0,0.0,0.0,0.0,0.0,0.0,0.0,0,0.0,0.0,0.0,0.0,0.0,0.0,0.0,0.0,1,39951.0,2.2,0.0,0.0,0.0,0.0,0.0,0.0,0.0,0.0
7,1992-01-09,SZSE:000768,0.0,0.0,0.0,0.0,0.0,0.0,0.0,0.0,0.0,0.0,0.0,0.0,0.0,0.0,0.0,0.0,0.0,0,0.0,0.0,0.0,0.0,0.0,0.0,0.0,0.0,1,39951.0,2.2,0.0,0.0,0.0,0.0,0.0,0.0,0.0,0.0
8,1992-01-10,SZSE:000768,0.0,0.0,0.0,0.0,0.0,0.0,0.0,0.0,0.0,0.0,0.0,0.0,0.0,0.0,0.0,0.0,0.0,0,0.0,0.0,0.0,0.0,0.0,0.0,0.0,0.0,1,39951.0,2.2,0.0,0.0,0.0,0.0,0.0,0.0,0.0,0.0
9,1992-01-13,SZSE:000768,0.0,0.0,0.0,0.0,0.0,0.0,0.0,0.0,0.0,0.0,0.0,0.0,0.0,0.0,0.0,0.0,0.0,0,0.0,0.0,0.0,0.0,0.0,0.0,0.0,0.0,1,39951.0,2.2,0.0,0.0,0.0,0.0,0.0,0.0,0.0,0.0
10,1992-01-14,SZSE:000768,0.0,0.0,0.0,0.0,0.0,0.0,0.0,0.0,0.0,0.0,0.0,0.0,0.0,0.0,0.0,0.0,0.0,0,0.0,0.0,0.0,0.0,0.0,0.0,0.0,0.0,1,39951.0,2.2,0.0,0.0,0.0,0.0,0.0,0.0,0.0,0.0
11,1992-01-15,SZSE:000768,0.0,0.0,0.0,0.0,0.0,0.0,0.0,0.0,0.0,0.0,0.0,0.0,0.0,0.0,0.0,0.0,0.0,0,0.0,0.0,0.0,0.0,0.0,0.0,0.0,0.0,1,39951.0,2.2,0.0,0.0,0.0,0.0,0.0,0.0,0.0,0.0
12,1992-01-16,SZSE:000768,0.0,0.0,0.0,0.0,0.0,0.0,0.0,0.0,0.0,0.0,0.0,0.0,0.0,0.0,0.0,0.0,0.0,0,0.0,0.0,0.0,0.0,0.0,0.0,0.0,0.0,1,39951.0,2.2,0.0,0.0,0.0,0.0,0.0,0.0,0.0,0.0
13,1992-01-17,SZSE:000768,0.0,0.0,0.0,0.0,0.0,0.0,0.0,0.0,0.0,0.0,0.0,0.0,0.0,0.0,0.0,0.0,0.0,0,0.0,0.0,0.0,0.0,0.0,0.0,0.0,0.0,1,39951.0,2.2,0.0,0.0,0.0,0.0,0.0,0.0,0.0,0.0
14,1992-01-20,SZSE:000768,0.0,0.0,0.0,0.0,0.0,0.0,0.0,0.0,0.0,0.0,0.0,0.0,0.0,0.0,0.0,0.0,0.0,0,0.0,0.0,0.0,0.0,0.0,0.0,0.0,0.0,1,39951.0,2.2,0.0,0.0,0.0,0.0,0.0,0.0,0.0,0.0
15,1992-01-21,SZSE:000768,0.0,0.0,0.0,0.0,0.0,0.0,0.0,0.0,0.0,0.0,0.0,0.0,0.0,0.0,0.0,0.0,0.0,0,0.0,0.0,0.0,0.0,0.0,0.0,0.0,0.0,1,39951.0,2.2,0.0,0.0,0.0,0.0,0.0,0.0,0.0,0.0
16,1992-01-22,SZSE:000768,0.0,0.0,0.0,0.0,0.0,0.0,0.0,0.0,0.0,0.0,0.0,0.0,0.0,0.0,0.0,0.0,0.0,0,0.0,0.0,0.0,0.0,0.0,0.0,0.0,0.0,1,39951.0,2.2,0.0,0.0,0.0,0.0,0.0,0.0,0.0,0.0
17,1992-01-23,SZSE:000768,0.0,0.0,0.0,0.0,0.0,0.0,0.0,0.0,0.0,0.0,0.0,0.0,0.0,0.0,0.0,0.0,0.0,0,0.0,0.0,0.0,0.0,0.0,0.0,0.0,0.0,1,39951.0,2.2,0.0,0.0,0.0,0.0,0.0,0.0,0.0,0.0
18,1992-01-24,SZSE:000768,0.0,0.0,0.0,0.0,0.0,0.0,0.0,0.0,0.0,0.0,0.0,0.0,0.0,0.0,0.0,0.0,0.0,0,0.0,0.0,0.0,0.0,0.0,0.0,0.0,0.0,1,39951.0,2.2,0.0,0.0,0.0,0.0,0.0,0.0,0.0,0.0
19,1992-01-27,SZSE:000768,0.0,0.0,0.0,0.0,0.0,0.0,0.0,0.0,0.0,0.0,0.0,0.0,0.0,0.0,0.0,0.0,0.0,0,0.0,0.0,0.0,0.0,0.0,0.0,0.0,0.0,1,39951.0,2.2,0.0,0.0,0.0,0.0,0.0,0.0,0.0,0.0
20,1992-01-28,SZSE:000768,0.0,0.0,0.0,0.0,0.0,0.0,0.0,0.0,0.0,0.0,0.0,0.0,0.0,0.0,0.0,0.0,0.0,0,0.0,0.0,0.0,0.0,0.0,0.0,0.0,0.0,1,39951.0,2.2,0.0,0.0,0.0,0.0,0.0,0.0,0.0,0.0
21,1992-01-29,SZSE:000768,0.0,0.0,0.0,0.0,0.0,0.0,0.0,0.0,0.0,0.0,0.0,0.0,0.0,0.0,0.0,0.0,0.0,0,0.0,0.0,0.0,0.0,0.0,0.0,0.0,0.0,1,39951.0,2.2,0.0,0.0,0.0,0.0,0.0,0.0,0.0,0.0
22,1992-01-30,SZSE:000768,0.0,0.0,0.0,0.0,0.0,0.0,0.0,0.0,0.0,0.0,0.0,0.0,0.0,0.0,0.0,0.0,0.0,0,0.0,0.0,0.0,0.0,0.0,0.0,0.0,0.0,1,39951.0,2.2,0.0,0.0,0.0,0.0,0.0,0.0,0.0,0.0
23,1992-01-31,SZSE:000768,0.0,0.0,0.0,0.0,0.0,0.0,0.0,0.0,0.0,0.0,0.0,0.0,0.0,0.0,0.0,0.0,0.0,0,0.0,0.0,0.0,0.0,0.0,0.0,0.0,0.0,1,39951.0,2.2,0.0,0.0,0.0,0.0,0.0,0.0,0.0,0.0
24,1992-02-03,SZSE:000768,0.0,0.0,0.0,0.0,0.0,0.0,0.0,0.0,0.0,0.0,0.0,0.0,0.0,0.0,0.0,0.0,0.0,0,0.0,0.0,0.0,0.0,0.0,0.0,0.0,0.0,1,39951.0,2.2,0.0,0.0,0.0,0.0,0.0,0.0,0.0,0.0
25,1992-02-04,SZSE:000768,0.0,0.0,0.0,0.0,0.0,0.0,0.0,0.0,0.0,0.0,0.0,0.0,0.0,0.0,0.0,0.0,0.0,0,0.0,0.0,0.0,0.0,0.0,0.0,0.0,0.0,1,39951.0,2.2,0.0,0.0,0.0,0.0,0.0,0.0,0.0,0.0
26,1992-02-05,SZSE:000768,0.0,0.0,0.0,0.0,0.0,0.0,0.0,0.0,0.0,0.0,0.0,0.0,0.0,0.0,0.0,0.0,0.0,0,0.0,0.0,0.0,0.0,0.0,0.0,0.0,0.0,1,39951.0,2.2,0.0,0.0,0.0,0.0,0.0,0.0,0.0,0.0
27,1992-02-06,SZSE:000768,0.0,0.0,0.0,0.0,0.0,0.0,0.0,0.0,0.0,0.0,0.0,0.0,0.0,0.0,0.0,0.0,0.0,0,0.0,0.0,0.0,0.0,0.0,0.0,0.0,0.0,1,39951.0,2.2,0.0,0.0,0.0,0.0,0.0,0.0,0.0,0.0
28,1992-02-07,SZSE:000768,0.0,0.0,0.0,0.0,0.0,0.0,0.0,0.0,0.0,0.0,0.0,0.0,0.0,0.0,0.0,0.0,0.0,0,0.0,0.0,0.0,0.0,0.0,0.0,0.0,0.0,1,39951.0,2.2,0.0,0.0,0.0,0.0,0.0,0.0,0.0,0.0
29,1992-02-10,SZSE:000768,0.0,0.0,0.0,0.0,0.0,0.0,0.0,0.0,0.0,0.0,0.0,0.0,0.0,0.0,0.0,0.0,0.0,0,0.0,0.0,0.0,0.0,0.0,0.0,0.0,0.0,1,39951.0,2.2,0.0,0.0,0.0,0.0,0.0,0.0,0.0,0.0
30,1992-02-11,SZSE:000768,0.0,0.0,0.0,0.0,0.0,0.0,0.0,0.0,0.0,0.0,0.0,0.0,0.0,0.0,0.0,0.0,0.0,0,0.0,0.0,0.0,0.0,0.0,0.0,0.0,0.0,1,39951.0,2.2,0.0,0.0,0.0,0.0,0.0,0.0,0.0,0.0
31,1992-02-12,SZSE:000768,0.0,0.0,0.0,0.0,0.0,0.0,0.0,0.0,0.0,0.0,0.0,0.0,0.0,0.0,0.0,0.0,0.0,0,0.0,0.0,0.0,0.0,0.0,0.0,0.0,0.0,1,39951.0,2.2,0.0,0.0,0.0,0.0,0.0,0.0,0.0,0.0
32,1992-02-13,SZSE:000768,0.0,0.0,0.0,0.0,0.0,0.0,0.0,0.0,0.0,0.0,0.0,0.0,0.0,0.0,0.0,0.0,0.0,0,0.0,0.0,0.0,0.0,0.0,0.0,0.0,0.0,1,39951.0,2.2,0.0,0.0,0.0,0.0,0.0,0.0,0.0,0.0
33,1992-02-14,SZSE:000768,0.0,0.0,0.0,0.0,0.0,0.0,0.0,0.0,0.0,0.0,0.0,0.0,0.0,0.0,0.0,0.0,0.0,0,0.0,0.0,0.0,0.0,0.0,0.0,0.0,0.0,1,39951.0,2.2,0.0,0.0,0.0,0.0,0.0,0.0,0.0,0.0
34,1992-02-17,SZSE:000768,0.0,0.0,0.0,0.0,0.0,0.0,0.0,0.0,0.0,0.0,0.0,0.0,0.0,0.0,0.0,0.0,0.0,0,0.0,0.0,0.0,0.0,0.0,0.0,0.0,0.0,1,39951.0,2.2,0.0,0.0,0.0,0.0,0.0,0.0,0.0,0.0
35,1992-02-18,SZSE:000768,0.0,0.0,0.0,0.0,0.0,0.0,0.0,0.0,0.0,0.0,0.0,0.0,0.0,0.0,0.0,0.0,0.0,0,0.0,0.0,0.0,0.0,0.0,0.0,0.0,0.0,1,39951.0,2.2,0.0,0.0,0.0,0.0,0.0,0.0,0.0,0.0
36,1992-02-19,SZSE:000768,0.0,0.0,0.0,0.0,0.0,0.0,0.0,0.0,0.0,0.0,0.0,0.0,0.0,0.0,0.0,0.0,0.0,0,0.0,0.0,0.0,0.0,0.0,0.0,0.0,0.0,1,39951.0,2.2,0.0,0.0,0.0,0.0,0.0,0.0,0.0,0.0
37,1992-02-20,SZSE:000768,0.0,0.0,0.0,0.0,0.0,0.0,0.0,0.0,0.0,0.0,0.0,0.0,0.0,0.0,0.0,0.0,0.0,0,0.0,0.0,0.0,0.0,0.0,0.0,0.0,0.0,1,39951.0,2.2,0.0,0.0,0.0,0.0,0.0,0.0,0.0,0.0
38,1992-02-21,SZSE:000768,0.0,0.0,0.0,0.0,0.0,0.0,0.0,0.0,0.0,0.0,0.0,0.0,0.0,0.0,0.0,0.0,0.0,0,0.0,0.0,0.0,0.0,0.0,0.0,0.0,0.0,1,39951.0,2.2,0.0,0.0,0.0,0.0,0.0,0.0,0.0,0.0
39,1992-02-24,SZSE:000768,0.0,0.0,0.0,0.0,0.0,0.0,0.0,0.0,0.0,0.0,0.0,0.0,0.0,0.0,0.0,0.0,0.0,0,0.0,0.0,0.0,0.0,0.0,0.0,0.0,0.0,1,39951.0,2.2,0.0,0.0,0.0,0.0,0.0,0.0,0.0,0.0
40,1992-02-25,SZSE:000768,0.0,0.0,0.0,0.0,0.0,0.0,0.0,0.0,0.0,0.0,0.0,0.0,0.0,0.0,0.0,0.0,0.0,0,0.0,0.0,0.0,0.0,0.0,0.0,0.0,0.0,1,39951.0,2.2,0.0,0.0,0.0,0.0,0.0,0.0,0.0,0.0
41,1992-02-26,SZSE:000768,0.0,0.0,0.0,0.0,0.0,0.0,0.0,0.0,0.0,0.0,0.0,0.0,0.0,0.0,0.0,0.0,0.0,0,0.0,0.0,0.0,0.0,0.0,0.0,0.0,0.0,1,39951.0,2.2,0.0,0.0,0.0,0.0,0.0,0.0,0.0,0.0
42,1992-02-27,SZSE:000768,0.0,0.0,0.0,0.0,0.0,0.0,0.0,0.0,0.0,0.0,0.0,0.0,0.0,0.0,0.0,0.0,0.0,0,0.0,0.0,0.0,0.0,0.0,0.0,0.0,0.0,1,39951.0,2.2,0.0,0.0,0.0,0.0,0.0,0.0,0.0,0.0
43,1992-02-28,SZSE:000768,0.0,0.0,0.0,0.0,0.0,0.0,0.0,0.0,0.0,0.0,0.0,0.0,0.0,0.0,0.0,0.0,0.0,0,0.0,0.0,0.0,0.0,0.0,0.0,0.0,0.0,1,39951.0,2.2,0.0,0.0,0.0,0.0,0.0,0.0,0.0,0.0
44,1992-03-02,SZSE:000768,0.0,0.0,0.0,0.0,0.0,0.0,0.0,0.0,0.0,0.0,0.0,0.0,0.0,0.0,0.0,0.0,0.0,0,0.0,0.0,0.0,0.0,0.0,0.0,0.0,0.0,1,39951.0,2.2,0.0,0.0,0.0,0.0,0.0,0.0,0.0,0.0
45,1992-03-03,SZSE:000768,0.0,0.0,0.0,0.0,0.0,0.0,0.0,0.0,0.0,0.0,0.0,0.0,0.0,0.0,0.0,0.0,0.0,0,0.0,0.0,0.0,0.0,0.0,0.0,0.0,0.0,1,39951.0,2.2,0.0,0.0,0.0,0.0,0.0,0.0,0.0,0.0
46,1992-03-04,SZSE:000768,0.0,0.0,0.0,0.0,0.0,0.0,0.0,0.0,0.0,0.0,0.0,0.0,0.0,0.0,0.0,0.0,0.0,0,0.0,0.0,0.0,0.0,0.0,0.0,0.0,0.0,1,39951.0,2.2,0.0,0.0,0.0,0.0,0.0,0.0,0.0,0.0
47,1992-03-05,SZSE:000768,0.0,0.0,0.0,0.0,0.0,0.0,0.0,0.0,0.0,0.0,0.0,0.0,0.0,0.0,0.0,0.0,0.0,0,0.0,0.0,0.0,0.0,0.0,0.0,0.0,0.0,1,39951.0,2.2,0.0,0.0,0.0,0.0,0.0,0.0,0.0,0.0
48,1992-03-06,SZSE:000768,0.0,0.0,0.0,0.0,0.0,0.0,0.0,0.0,0.0,0.0,0.0,0.0,0.0,0.0,0.0,0.0,0.0,0,0.0,0.0,0.0,0.0,0.0,0.0,0.0,0.0,1,39951.0,2.2,0.0,0.0,0.0,0.0,0.0,0.0,0.0,0.0
49,1992-03-09,SZSE:000768,0.0,0.0,0.0,0.0,0.0,0.0,0.0,0.0,0.0,0.0,0.0,0.0,0.0,0.0,0.0,0.0,0.0,0,0.0,0.0,0.0,0.0,0.0,0.0,0.0,0.0,1,39951.0,2.2,0.0,0.0,0.0,0.0,0.0,0.0,0.0,0.0
50,1992-03-10,SZSE:000768,0.0,0.0,0.0,0.0,0.0,0.0,0.0,0.0,0.0,0.0,0.0,0.0,0.0,0.0,0.0,0.0,0.0,0,0.0,0.0,0.0,0.0,0.0,0.0,0.0,0.0,1,39951.0,2.2,0.0,0.0,0.0,0.0,0.0,0.0,0.0,0.0
51,1992-03-11,SZSE:000768,0.0,0.0,0.0,0.0,0.0,0.0,0.0,0.0,0.0,0.0,0.0,0.0,0.0,0.0,0.0,0.0,0.0,0,0.0,0.0,0.0,0.0,0.0,0.0,0.0,0.0,1,39951.0,2.2,0.0,0.0,0.0,0.0,0.0,0.0,0.0,0.0
52,1992-03-12,SZSE:000768,0.0,0.0,0.0,0.0,0.0,0.0,0.0,0.0,0.0,0.0,0.0,0.0,0.0,0.0,0.0,0.0,0.0,0,0.0,0.0,0.0,0.0,0.0,0.0,0.0,0.0,1,39951.0,2.2,0.0,0.0,0.0,0.0,0.0,0.0,0.0,0.0
53,1992-03-13,SZSE:000768,0.0,0.0,0.0,0.0,0.0,0.0,0.0,0.0,0.0,0.0,0.0,0.0,0.0,0.0,0.0,0.0,0.0,0,0.0,0.0,0.0,0.0,0.0,0.0,0.0,0.0,1,39951.0,2.2,0.0,0.0,0.0,0.0,0.0,0.0,0.0,0.0
54,1992-03-16,SZSE:000768,0.0,0.0,0.0,0.0,0.0,0.0,0.0,0.0,0.0,0.0,0.0,0.0,0.0,0.0,0.0,0.0,0.0,0,0.0,0.0,0.0,0.0,0.0,0.0,0.0,0.0,1,39951.0,2.2,0.0,0.0,0.0,0.0,0.0,0.0,0.0,0.0
55,1992-03-17,SZSE:000768,0.0,0.0,0.0,0.0,0.0,0.0,0.0,0.0,0.0,0.0,0.0,0.0,0.0,0.0,0.0,0.0,0.0,0,0.0,0.0,0.0,0.0,0.0,0.0,0.0,0.0,1,39951.0,2.2,0.0,0.0,0.0,0.0,0.0,0.0,0.0,0.0
56,1992-03-18,SZSE:000768,0.0,0.0,0.0,0.0,0.0,0.0,0.0,0.0,0.0,0.0,0.0,0.0,0.0,0.0,0.0,0.0,0.0,0,0.0,0.0,0.0,0.0,0.0,0.0,0.0,0.0,1,39951.0,2.2,0.0,0.0,0.0,0.0,0.0,0.0,0.0,0.0
57,1992-03-19,SZSE:000768,0.0,0.0,0.0,0.0,0.0,0.0,0.0,0.0,0.0,0.0,0.0,0.0,0.0,0.0,0.0,0.0,0.0,0,0.0,0.0,0.0,0.0,0.0,0.0,0.0,0.0,1,39951.0,2.2,0.0,0.0,0.0,0.0,0.0,0.0,0.0,0.0
58,1992-03-20,SZSE:000768,0.0,0.0,0.0,0.0,0.0,0.0,0.0,0.0,0.0,0.0,0.0,0.0,0.0,0.0,0.0,0.0,0.0,0,0.0,0.0,0.0,0.0,0.0,0.0,0.0,0.0,1,39951.0,2.2,0.0,0.0,0.0,0.0,0.0,0.0,0.0,0.0
59,1992-03-23,SZSE:000768,0.0,0.0,0.0,0.0,0.0,0.0,0.0,0.0,0.0,0.0,0.0,0.0,0.0,0.0,0.0,0.0,0.0,0,0.0,0.0,0.0,0.0,0.0,0.0,0.0,0.0,1,39951.0,2.2,0.0,0.0,0.0,0.0,0.0,0.0,0.0,0.0
60,1992-03-24,SZSE:000768,0.0,0.0,0.0,0.0,0.0,0.0,0.0,0.0,0.0,0.0,0.0,0.0,0.0,0.0,0.0,0.0,0.0,0,0.0,0.0,0.0,0.0,0.0,0.0,0.0,0.0,1,39951.0,2.2,0.0,0.0,0.0,0.0,0.0,0.0,0.0,0.0
61,1992-03-25,SZSE:000768,0.0,0.0,0.0,0.0,0.0,0.0,0.0,0.0,0.0,0.0,0.0,0.0,0.0,0.0,0.0,0.0,0.0,0,0.0,0.0,0.0,0.0,0.0,0.0,0.0,0.0,1,39951.0,2.2,0.0,0.0,0.0,0.0,0.0,0.0,0.0,0.0
62,1992-03-26,SZSE:000768,0.0,0.0,0.0,0.0,0.0,0.0,0.0,0.0,0.0,0.0,0.0,0.0,0.0,0.0,0.0,0.0,0.0,0,0.0,0.0,0.0,0.0,0.0,0.0,0.0,0.0,1,39951.0,2.2,0.0,0.0,0.0,0.0,0.0,0.0,0.0,0.0
63,1992-03-27,SZSE:000768,0.0,0.0,0.0,0.0,0.0,0.0,0.0,0.0,0.0,0.0,0.0,0.0,0.0,0.0,0.0,0.0,0.0,0,0.0,0.0,0.0,0.0,0.0,0.0,0.0,0.0,1,39951.0,2.2,0.0,0.0,0.0,0.0,0.0,0.0,0.0,0.0
64,1992-03-30,SZSE:000768,0.0,0.0,0.0,0.0,0.0,0.0,0.0,0.0,0.0,0.0,0.0,0.0,0.0,0.0,0.0,0.0,0.0,0,0.0,0.0,0.0,0.0,0.0,0.0,0.0,0.0,1,39951.0,2.2,0.0,0.0,0.0,0.0,0.0,0.0,0.0,0.0
65,1992-03-31,SZSE:000768,0.0,0.0,0.0,0.0,0.0,0.0,0.0,0.0,0.0,0.0,0.0,0.0,0.0,0.0,0.0,0.0,0.0,0,0.0,0.0,0.0,0.0,0.0,0.0,0.0,0.0,1,39951.0,2.2,0.0,0.0,0.0,0.0,0.0,0.0,0.0,0.0
66,1992-04-01,SZSE:000768,0.0,0.0,0.0,0.0,0.0,0.0,0.0,0.0,0.0,0.0,0.0,0.0,0.0,0.0,0.0,0.0,0.0,0,0.0,0.0,0.0,0.0,0.0,0.0,0.0,0.0,1,39951.0,2.2,0.0,0.0,0.0,0.0,0.0,0.0,0.0,0.0
67,1992-04-02,SZSE:000768,0.0,0.0,0.0,0.0,0.0,0.0,0.0,0.0,0.0,0.0,0.0,0.0,0.0,0.0,0.0,0.0,0.0,0,0.0,0.0,0.0,0.0,0.0,0.0,0.0,0.0,1,39951.0,2.2,0.0,0.0,0.0,0.0,0.0,0.0,0.0,0.0
68,1992-04-03,SZSE:000768,0.0,0.0,0.0,0.0,0.0,0.0,0.0,0.0,0.0,0.0,0.0,0.0,0.0,0.0,0.0,0.0,0.0,0,0.0,0.0,0.0,0.0,0.0,0.0,0.0,0.0,1,39951.0,2.2,0.0,0.0,0.0,0.0,0.0,0.0,0.0,0.0
69,1992-04-06,SZSE:000768,0.0,0.0,0.0,0.0,0.0,0.0,0.0,0.0,0.0,0.0,0.0,0.0,0.0,0.0,0.0,0.0,0.0,0,0.0,0.0,0.0,0.0,0.0,0.0,0.0,0.0,1,39951.0,2.2,0.0,0.0,0.0,0.0,0.0,0.0,0.0,0.0
70,1992-04-07,SZSE:000768,0.0,0.0,0.0,0.0,0.0,0.0,0.0,0.0,0.0,0.0,0.0,0.0,0.0,0.0,0.0,0.0,0.0,0,0.0,0.0,0.0,0.0,0.0,0.0,0.0,0.0,1,39951.0,2.2,0.0,0.0,0.0,0.0,0.0,0.0,0.0,0.0
71,1992-04-08,SZSE:000768,0.0,0.0,0.0,0.0,0.0,0.0,0.0,0.0,0.0,0.0,0.0,0.0,0.0,0.0,0.0,0.0,0.0,0,0.0,0.0,0.0,0.0,0.0,0.0,0.0,0.0,1,39951.0,2.2,0.0,0.0,0.0,0.0,0.0,0.0,0.0,0.0
72,1992-04-09,SZSE:000768,0.0,0.0,0.0,0.0,0.0,0.0,0.0,0.0,0.0,0.0,0.0,0.0,0.0,0.0,0.0,0.0,0.0,0,0.0,0.0,0.0,0.0,0.0,0.0,0.0,0.0,1,39951.0,2.2,0.0,0.0,0.0,0.0,0.0,0.0,0.0,0.0
73,1992-04-10,SZSE:000768,0.0,0.0,0.0,0.0,0.0,0.0,0.0,0.0,0.0,0.0,0.0,0.0,0.0,0.0,0.0,0.0,0.0,0,0.0,0.0,0.0,0.0,0.0,0.0,0.0,0.0,1,39951.0,2.2,0.0,0.0,0.0,0.0,0.0,0.0,0.0,0.0
74,1992-04-13,SZSE:000768,0.0,0.0,0.0,0.0,0.0,0.0,0.0,0.0,0.0,0.0,0.0,0.0,0.0,0.0,0.0,0.0,0.0,0,0.0,0.0,0.0,0.0,0.0,0.0,0.0,0.0,1,39951.0,2.2,0.0,0.0,0.0,0.0,0.0,0.0,0.0,0.0
75,1992-04-14,SZSE:000768,0.0,0.0,0.0,0.0,0.0,0.0,0.0,0.0,0.0,0.0,0.0,0.0,0.0,0.0,0.0,0.0,0.0,0,0.0,0.0,0.0,0.0,0.0,0.0,0.0,0.0,1,39951.0,2.2,0.0,0.0,0.0,0.0,0.0,0.0,0.0,0.0
76,1992-04-15,SZSE:000768,0.0,0.0,0.0,0.0,0.0,0.0,0.0,0.0,0.0,0.0,0.0,0.0,0.0,0.0,0.0,0.0,0.0,0,0.0,0.0,0.0,0.0,0.0,0.0,0.0,0.0,1,39951.0,2.2,0.0,0.0,0.0,0.0,0.0,0.0,0.0,0.0
77,1992-04-16,SZSE:000768,0.0,0.0,0.0,0.0,0.0,0.0,0.0,0.0,0.0,0.0,0.0,0.0,0.0,0.0,0.0,0.0,0.0,0,0.0,0.0,0.0,0.0,0.0,0.0,0.0,0.0,1,39951.0,2.2,0.0,0.0,0.0,0.0,0.0,0.0,0.0,0.0
78,1992-04-17,SZSE:000768,0.0,0.0,0.0,0.0,0.0,0.0,0.0,0.0,0.0,0.0,0.0,0.0,0.0,0.0,0.0,0.0,0.0,0,0.0,0.0,0.0,0.0,0.0,0.0,0.0,0.0,1,39951.0,2.2,0.0,0.0,0.0,0.0,0.0,0.0,0.0,0.0
79,1992-04-20,SZSE:000768,0.0,0.0,0.0,0.0,0.0,0.0,0.0,0.0,0.0,0.0,0.0,0.0,0.0,0.0,0.0,0.0,0.0,0,0.0,0.0,0.0,0.0,0.0,0.0,0.0,0.0,1,39951.0,2.2,0.0,0.0,0.0,0.0,0.0,0.0,0.0,0.0
80,1992-04-21,SZSE:000768,0.0,0.0,0.0,0.0,0.0,0.0,0.0,0.0,0.0,0.0,0.0,0.0,0.0,0.0,0.0,0.0,0.0,0,0.0,0.0,0.0,0.0,0.0,0.0,0.0,0.0,1,39951.0,2.2,0.0,0.0,0.0,0.0,0.0,0.0,0.0,0.0
81,1992-04-22,SZSE:000768,0.0,0.0,0.0,0.0,0.0,0.0,0.0,0.0,0.0,0.0,0.0,0.0,0.0,0.0,0.0,0.0,0.0,0,0.0,0.0,0.0,0.0,0.0,0.0,0.0,0.0,1,39951.0,2.2,0.0,0.0,0.0,0.0,0.0,0.0,0.0,0.0
82,1992-04-23,SZSE:000768,0.0,0.0,0.0,0.0,0.0,0.0,0.0,0.0,0.0,0.0,0.0,0.0,0.0,0.0,0.0,0.0,0.0,0,0.0,0.0,0.0,0.0,0.0,0.0,0.0,0.0,1,39951.0,2.2,0.0,0.0,0.0,0.0,0.0,0.0,0.0,0.0
83,1992-04-24,SZSE:000768,0.0,0.0,0.0,0.0,0.0,0.0,0.0,0.0,0.0,0.0,0.0,0.0,0.0,0.0,0.0,0.0,0.0,0,0.0,0.0,0.0,0.0,0.0,0.0,0.0,0.0,1,39951.0,2.2,0.0,0.0,0.0,0.0,0.0,0.0,0.0,0.0
84,1992-04-27,SZSE:000768,0.0,0.0,0.0,0.0,0.0,0.0,0.0,0.0,0.0,0.0,0.0,0.0,0.0,0.0,0.0,0.0,0.0,0,0.0,0.0,0.0,0.0,0.0,0.0,0.0,0.0,1,39951.0,2.2,0.0,0.0,0.0,0.0,0.0,0.0,0.0,0.0
85,1992-04-28,SZSE:000768,0.0,0.0,0.0,0.0,0.0,0.0,0.0,0.0,0.0,0.0,0.0,0.0,0.0,0.0,0.0,0.0,0.0,0,0.0,0.0,0.0,0.0,0.0,0.0,0.0,0.0,1,39951.0,2.2,0.0,0.0,0.0,0.0,0.0,0.0,0.0,0.0
86,1992-04-29,SZSE:000768,0.0,0.0,0.0,0.0,0.0,0.0,0.0,0.0,0.0,0.0,0.0,0.0,0.0,0.0,0.0,0.0,0.0,0,0.0,0.0,0.0,0.0,0.0,0.0,0.0,0.0,1,39951.0,2.2,0.0,0.0,0.0,0.0,0.0,0.0,0.0,0.0
87,1992-04-30,SZSE:000768,0.0,0.0,0.0,0.0,0.0,0.0,0.0,0.0,0.0,0.0,0.0,0.0,0.0,0.0,0.0,0.0,0.0,0,0.0,0.0,0.0,0.0,0.0,0.0,0.0,0.0,1,39951.0,2.2,0.0,0.0,0.0,0.0,0.0,0.0,0.0,0.0
88,1992-05-01,SZSE:000768,0.0,0.0,0.0,0.0,0.0,0.0,0.0,0.0,0.0,0.0,0.0,0.0,0.0,0.0,0.0,0.0,0.0,0,0.0,0.0,0.0,0.0,0.0,0.0,0.0,0.0,1,39951.0,2.2,0.0,0.0,0.0,0.0,0.0,0.0,0.0,0.0
89,1992-05-04,SZSE:000768,0.0,0.0,0.0,0.0,0.0,0.0,0.0,0.0,0.0,0.0,0.0,0.0,0.0,0.0,0.0,0.0,0.0,0,0.0,0.0,0.0,0.0,0.0,0.0,0.0,0.0,1,39951.0,2.2,0.0,0.0,0.0,0.0,0.0,0.0,0.0,0.0
90,1992-05-05,SZSE:000768,0.0,0.0,0.0,0.0,0.0,0.0,0.0,0.0,0.0,0.0,0.0,0.0,0.0,0.0,0.0,0.0,0.0,0,0.0,0.0,0.0,0.0,0.0,0.0,0.0,0.0,1,39951.0,2.2,0.0,0.0,0.0,0.0,0.0,0.0,0.0,0.0
91,1992-05-06,SZSE:000768,0.0,0.0,0.0,0.0,0.0,0.0,0.0,0.0,0.0,0.0,0.0,0.0,0.0,0.0,0.0,0.0,0.0,0,0.0,0.0,0.0,0.0,0.0,0.0,0.0,0.0,1,39951.0,2.2,0.0,0.0,0.0,0.0,0.0,0.0,0.0,0.0
92,1992-05-07,SZSE:000768,0.0,0.0,0.0,0.0,0.0,0.0,0.0,0.0,0.0,0.0,0.0,0.0,0.0,0.0,0.0,0.0,0.0,0,0.0,0.0,0.0,0.0,0.0,0.0,0.0,0.0,1,39951.0,2.2,0.0,0.0,0.0,0.0,0.0,0.0,0.0,0.0
93,1992-05-08,SZSE:000768,0.0,0.0,0.0,0.0,0.0,0.0,0.0,0.0,0.0,0.0,0.0,0.0,0.0,0.0,0.0,0.0,0.0,0,0.0,0.0,0.0,0.0,0.0,0.0,0.0,0.0,1,39951.0,2.2,0.0,0.0,0.0,0.0,0.0,0.0,0.0,0.0
94,1992-05-11,SZSE:000768,0.0,0.0,0.0,0.0,0.0,0.0,0.0,0.0,0.0,0.0,0.0,0.0,0.0,0.0,0.0,0.0,0.0,0,0.0,0.0,0.0,0.0,0.0,0.0,0.0,0.0,1,39951.0,2.2,0.0,0.0,0.0,0.0,0.0,0.0,0.0,0.0
95,1992-05-12,SZSE:000768,0.0,0.0,0.0,0.0,0.0,0.0,0.0,0.0,0.0,0.0,0.0,0.0,0.0,0.0,0.0,0.0,0.0,0,0.0,0.0,0.0,0.0,0.0,0.0,0.0,0.0,1,39951.0,2.2,0.0,0.0,0.0,0.0,0.0,0.0,0.0,0.0
96,1992-05-13,SZSE:000768,0.0,0.0,0.0,0.0,0.0,0.0,0.0,0.0,0.0,0.0,0.0,0.0,0.0,0.0,0.0,0.0,0.0,0,0.0,0.0,0.0,0.0,0.0,0.0,0.0,0.0,1,39951.0,2.2,0.0,0.0,0.0,0.0,0.0,0.0,0.0,0.0
97,1992-05-14,SZSE:000768,0.0,0.0,0.0,0.0,0.0,0.0,0.0,0.0,0.0,0.0,0.0,0.0,0.0,0.0,0.0,0.0,0.0,0,0.0,0.0,0.0,0.0,0.0,0.0,0.0,0.0,1,39951.0,2.2,0.0,0.0,0.0,0.0,0.0,0.0,0.0,0.0
98,1992-05-15,SZSE:000768,0.0,0.0,0.0,0.0,0.0,0.0,0.0,0.0,0.0,0.0,0.0,0.0,0.0,0.0,0.0,0.0,0.0,0,0.0,0.0,0.0,0.0,0.0,0.0,0.0,0.0,1,39951.0,2.2,0.0,0.0,0.0,0.0,0.0,0.0,0.0,0.0
99,1992-05-18,SZSE:000768,0.0,0.0,0.0,0.0,0.0,0.0,0.0,0.0,0.0,0.0,0.0,0.0,0.0,0.0,0.0,0.0,0.0,0,0.0,0.0,0.0,0.0,0.0,0.0,0.0,0.0,1,39951.0,2.2,0.0,0.0,0.0,0.0,0.0,0.0,0.0,0.0
100,1992-05-19,SZSE:000768,0.0,0.0,0.0,0.0,0.0,0.0,0.0,0.0,0.0,0.0,0.0,0.0,0.0,0.0,0.0,0.0,0.0,0,0.0,0.0,0.0,0.0,0.0,0.0,0.0,0.0,1,39951.0,2.2,0.0,0.0,0.0,0.0,0.0,0.0,0.0,0.0
101,1992-05-20,SZSE:000768,0.0,0.0,0.0,0.0,0.0,0.0,0.0,0.0,0.0,0.0,0.0,0.0,0.0,0.0,0.0,0.0,0.0,0,0.0,0.0,0.0,0.0,0.0,0.0,0.0,0.0,1,39951.0,2.2,0.0,0.0,0.0,0.0,0.0,0.0,0.0,0.0
102,1992-05-21,SZSE:000768,0.0,0.0,0.0,0.0,0.0,0.0,0.0,0.0,0.0,0.0,0.0,0.0,0.0,0.0,0.0,0.0,0.0,0,0.0,0.0,0.0,0.0,0.0,0.0,0.0,0.0,1,39951.0,2.2,0.0,0.0,0.0,0.0,0.0,0.0,0.0,0.0
103,1992-05-22,SZSE:000768,0.0,0.0,0.0,0.0,0.0,0.0,0.0,0.0,0.0,0.0,0.0,0.0,0.0,0.0,0.0,0.0,0.0,0,0.0,0.0,0.0,0.0,0.0,0.0,0.0,0.0,1,39951.0,2.2,0.0,0.0,0.0,0.0,0.0,0.0,0.0,0.0
104,1992-05-25,SZSE:000768,0.0,0.0,0.0,0.0,0.0,0.0,0.0,0.0,0.0,0.0,0.0,0.0,0.0,0.0,0.0,0.0,0.0,0,0.0,0.0,0.0,0.0,0.0,0.0,0.0,0.0,1,39951.0,2.2,0.0,0.0,0.0,0.0,0.0,0.0,0.0,0.0
105,1992-05-26,SZSE:000768,0.0,0.0,0.0,0.0,0.0,0.0,0.0,0.0,0.0,0.0,0.0,0.0,0.0,0.0,0.0,0.0,0.0,0,0.0,0.0,0.0,0.0,0.0,0.0,0.0,0.0,1,39951.0,2.2,0.0,0.0,0.0,0.0,0.0,0.0,0.0,0.0
106,1992-05-27,SZSE:000768,0.0,0.0,0.0,0.0,0.0,0.0,0.0,0.0,0.0,0.0,0.0,0.0,0.0,0.0,0.0,0.0,0.0,0,0.0,0.0,0.0,0.0,0.0,0.0,0.0,0.0,1,39951.0,2.2,0.0,0.0,0.0,0.0,0.0,0.0,0.0,0.0
107,1992-05-28,SZSE:000768,0.0,0.0,0.0,0.0,0.0,0.0,0.0,0.0,0.0,0.0,0.0,0.0,0.0,0.0,0.0,0.0,0.0,0,0.0,0.0,0.0,0.0,0.0,0.0,0.0,0.0,1,39951.0,2.2,0.0,0.0,0.0,0.0,0.0,0.0,0.0,0.0
108,1992-05-29,SZSE:000768,0.0,0.0,0.0,0.0,0.0,0.0,0.0,0.0,0.0,0.0,0.0,0.0,0.0,0.0,0.0,0.0,0.0,0,0.0,0.0,0.0,0.0,0.0,0.0,0.0,0.0,1,39951.0,2.2,0.0,0.0,0.0,0.0,0.0,0.0,0.0,0.0
109,1992-06-01,SZSE:000768,0.0,0.0,0.0,0.0,0.0,0.0,0.0,0.0,0.0,0.0,0.0,0.0,0.0,0.0,0.0,0.0,0.0,0,0.0,0.0,0.0,0.0,0.0,0.0,0.0,0.0,1,39951.0,2.2,0.0,0.0,0.0,0.0,0.0,0.0,0.0,0.0
110,1992-06-02,SZSE:000768,0.0,0.0,0.0,0.0,0.0,0.0,0.0,0.0,0.0,0.0,0.0,0.0,0.0,0.0,0.0,0.0,0.0,0,0.0,0.0,0.0,0.0,0.0,0.0,0.0,0.0,1,39951.0,2.2,0.0,0.0,0.0,0.0,0.0,0.0,0.0,0.0
111,1992-06-03,SZSE:000768,0.0,0.0,0.0,0.0,0.0,0.0,0.0,0.0,0.0,0.0,0.0,0.0,0.0,0.0,0.0,0.0,0.0,0,0.0,0.0,0.0,0.0,0.0,0.0,0.0,0.0,1,39951.0,2.2,0.0,0.0,0.0,0.0,0.0,0.0,0.0,0.0
112,1992-06-04,SZSE:000768,0.0,0.0,0.0,0.0,0.0,0.0,0.0,0.0,0.0,0.0,0.0,0.0,0.0,0.0,0.0,0.0,0.0,0,0.0,0.0,0.0,0.0,0.0,0.0,0.0,0.0,1,39951.0,2.2,0.0,0.0,0.0,0.0,0.0,0.0,0.0,0.0
113,1992-06-05,SZSE:000768,0.0,0.0,0.0,0.0,0.0,0.0,0.0,0.0,0.0,0.0,0.0,0.0,0.0,0.0,0.0,0.0,0.0,0,0.0,0.0,0.0,0.0,0.0,0.0,0.0,0.0,1,39951.0,2.2,0.0,0.0,0.0,0.0,0.0,0.0,0.0,0.0
114,1992-06-08,SZSE:000768,0.0,0.0,0.0,0.0,0.0,0.0,0.0,0.0,0.0,0.0,0.0,0.0,0.0,0.0,0.0,0.0,0.0,0,0.0,0.0,0.0,0.0,0.0,0.0,0.0,0.0,1,39951.0,2.2,0.0,0.0,0.0,0.0,0.0,0.0,0.0,0.0
115,1992-06-09,SZSE:000768,0.0,0.0,0.0,0.0,0.0,0.0,0.0,0.0,0.0,0.0,0.0,0.0,0.0,0.0,0.0,0.0,0.0,0,0.0,0.0,0.0,0.0,0.0,0.0,0.0,0.0,1,39951.0,2.2,0.0,0.0,0.0,0.0,0.0,0.0,0.0,0.0
116,1992-06-10,SZSE:000768,0.0,0.0,0.0,0.0,0.0,0.0,0.0,0.0,0.0,0.0,0.0,0.0,0.0,0.0,0.0,0.0,0.0,0,0.0,0.0,0.0,0.0,0.0,0.0,0.0,0.0,1,39951.0,2.2,0.0,0.0,0.0,0.0,0.0,0.0,0.0,0.0
117,1992-06-11,SZSE:000768,0.0,0.0,0.0,0.0,0.0,0.0,0.0,0.0,0.0,0.0,0.0,0.0,0.0,0.0,0.0,0.0,0.0,0,0.0,0.0,0.0,0.0,0.0,0.0,0.0,0.0,1,39951.0,2.2,0.0,0.0,0.0,0.0,0.0,0.0,0.0,0.0
118,1992-06-12,SZSE:000768,0.0,0.0,0.0,0.0,0.0,0.0,0.0,0.0,0.0,0.0,0.0,0.0,0.0,0.0,0.0,0.0,0.0,0,0.0,0.0,0.0,0.0,0.0,0.0,0.0,0.0,1,39951.0,2.2,0.0,0.0,0.0,0.0,0.0,0.0,0.0,0.0
119,1992-06-15,SZSE:000768,0.0,0.0,0.0,0.0,0.0,0.0,0.0,0.0,0.0,0.0,0.0,0.0,0.0,0.0,0.0,0.0,0.0,0,0.0,0.0,0.0,0.0,0.0,0.0,0.0,0.0,1,39951.0,2.2,0.0,0.0,0.0,0.0,0.0,0.0,0.0,0.0
120,1992-06-16,SZSE:000768,0.0,0.0,0.0,0.0,0.0,0.0,0.0,0.0,0.0,0.0,0.0,0.0,0.0,0.0,0.0,0.0,0.0,0,0.0,0.0,0.0,0.0,0.0,0.0,0.0,0.0,1,39951.0,2.2,0.0,0.0,0.0,0.0,0.0,0.0,0.0,0.0
121,1992-06-17,SZSE:000768,0.0,0.0,0.0,0.0,0.0,0.0,0.0,0.0,0.0,0.0,0.0,0.0,0.0,0.0,0.0,0.0,0.0,0,0.0,0.0,0.0,0.0,0.0,0.0,0.0,0.0,1,39951.0,2.2,0.0,0.0,0.0,0.0,0.0,0.0,0.0,0.0
122,1992-06-18,SZSE:000768,0.0,0.0,0.0,0.0,0.0,0.0,0.0,0.0,0.0,0.0,0.0,0.0,0.0,0.0,0.0,0.0,0.0,0,0.0,0.0,0.0,0.0,0.0,0.0,0.0,0.0,1,39951.0,2.2,0.0,0.0,0.0,0.0,0.0,0.0,0.0,0.0
123,1992-06-19,SZSE:000768,0.0,0.0,0.0,0.0,0.0,0.0,0.0,0.0,0.0,0.0,0.0,0.0,0.0,0.0,0.0,0.0,0.0,0,0.0,0.0,0.0,0.0,0.0,0.0,0.0,0.0,1,39951.0,2.2,0.0,0.0,0.0,0.0,0.0,0.0,0.0,0.0
124,1992-06-22,SZSE:000768,0.0,0.0,0.0,0.0,0.0,0.0,0.0,0.0,0.0,0.0,0.0,0.0,0.0,0.0,0.0,0.0,0.0,0,0.0,0.0,0.0,0.0,0.0,0.0,0.0,0.0,1,39951.0,2.2,0.0,0.0,0.0,0.0,0.0,0.0,0.0,0.0
125,1992-06-23,SZSE:000768,0.0,0.0,0.0,0.0,0.0,0.0,0.0,0.0,0.0,0.0,0.0,0.0,0.0,0.0,0.0,0.0,0.0,0,0.0,0.0,0.0,0.0,0.0,0.0,0.0,0.0,1,39951.0,2.2,0.0,0.0,0.0,0.0,0.0,0.0,0.0,0.0
126,1992-06-24,SZSE:000768,0.0,0.0,0.0,0.0,0.0,0.0,0.0,0.0,0.0,0.0,0.0,0.0,0.0,0.0,0.0,0.0,0.0,0,0.0,0.0,0.0,0.0,0.0,0.0,0.0,0.0,1,39951.0,2.2,0.0,0.0,0.0,0.0,0.0,0.0,0.0,0.0
127,1992-06-25,SZSE:000768,0.0,0.0,0.0,0.0,0.0,0.0,0.0,0.0,0.0,0.0,0.0,0.0,0.0,0.0,0.0,0.0,0.0,0,0.0,0.0,0.0,0.0,0.0,0.0,0.0,0.0,1,39951.0,2.2,0.0,0.0,0.0,0.0,0.0,0.0,0.0,0.0
128,1992-06-26,SZSE:000768,0.0,0.0,0.0,0.0,0.0,0.0,0.0,0.0,0.0,0.0,0.0,0.0,0.0,0.0,0.0,0.0,0.0,0,0.0,0.0,0.0,0.0,0.0,0.0,0.0,0.0,1,39951.0,2.2,0.0,0.0,0.0,0.0,0.0,0.0,0.0,0.0
129,1992-06-29,SZSE:000768,0.0,0.0,0.0,0.0,0.0,0.0,0.0,0.0,0.0,0.0,0.0,0.0,0.0,0.0,0.0,0.0,0.0,0,0.0,0.0,0.0,0.0,0.0,0.0,0.0,0.0,1,39951.0,2.2,0.0,0.0,0.0,0.0,0.0,0.0,0.0,0.0
130,1992-06-30,SZSE:000768,0.0,0.0,0.0,0.0,0.0,0.0,0.0,0.0,0.0,0.0,0.0,0.0,0.0,0.0,0.0,0.0,0.0,0,0.0,0.0,0.0,0.0,0.0,0.0,0.0,0.0,1,39951.0,2.2,0.0,0.0,0.0,0.0,0.0,0.0,0.0,0.0
131,1992-07-01,SZSE:000768,0.0,0.0,0.0,0.0,0.0,0.0,0.0,0.0,0.0,0.0,0.0,0.0,0.0,0.0,0.0,0.0,0.0,0,0.0,0.0,0.0,0.0,0.0,0.0,0.0,0.0,1,39951.0,2.2,0.0,0.0,0.0,0.0,0.0,0.0,0.0,0.0
132,1992-07-02,SZSE:000768,0.0,0.0,0.0,0.0,0.0,0.0,0.0,0.0,0.0,0.0,0.0,0.0,0.0,0.0,0.0,0.0,0.0,0,0.0,0.0,0.0,0.0,0.0,0.0,0.0,0.0,1,39951.0,2.2,0.0,0.0,0.0,0.0,0.0,0.0,0.0,0.0
133,1992-07-03,SZSE:000768,0.0,0.0,0.0,0.0,0.0,0.0,0.0,0.0,0.0,0.0,0.0,0.0,0.0,0.0,0.0,0.0,0.0,0,0.0,0.0,0.0,0.0,0.0,0.0,0.0,0.0,1,39951.0,2.2,0.0,0.0,0.0,0.0,0.0,0.0,0.0,0.0
134,1992-07-06,SZSE:000768,0.0,0.0,0.0,0.0,0.0,0.0,0.0,0.0,0.0,0.0,0.0,0.0,0.0,0.0,0.0,0.0,0.0,0,0.0,0.0,0.0,0.0,0.0,0.0,0.0,0.0,1,39951.0,2.2,0.0,0.0,0.0,0.0,0.0,0.0,0.0,0.0
135,1992-07-07,SZSE:000768,0.0,0.0,0.0,0.0,0.0,0.0,0.0,0.0,0.0,0.0,0.0,0.0,0.0,0.0,0.0,0.0,0.0,0,0.0,0.0,0.0,0.0,0.0,0.0,0.0,0.0,1,39951.0,2.2,0.0,0.0,0.0,0.0,0.0,0.0,0.0,0.0
136,1992-07-08,SZSE:000768,0.0,0.0,0.0,0.0,0.0,0.0,0.0,0.0,0.0,0.0,0.0,0.0,0.0,0.0,0.0,0.0,0.0,0,0.0,0.0,0.0,0.0,0.0,0.0,0.0,0.0,1,39951.0,2.2,0.0,0.0,0.0,0.0,0.0,0.0,0.0,0.0
137,1992-07-09,SZSE:000768,0.0,0.0,0.0,0.0,0.0,0.0,0.0,0.0,0.0,0.0,0.0,0.0,0.0,0.0,0.0,0.0,0.0,0,0.0,0.0,0.0,0.0,0.0,0.0,0.0,0.0,1,39951.0,2.2,0.0,0.0,0.0,0.0,0.0,0.0,0.0,0.0
138,1992-07-10,SZSE:000768,0.0,0.0,0.0,0.0,0.0,0.0,0.0,0.0,0.0,0.0,0.0,0.0,0.0,0.0,0.0,0.0,0.0,0,0.0,0.0,0.0,0.0,0.0,0.0,0.0,0.0,1,39951.0,2.2,0.0,0.0,0.0,0.0,0.0,0.0,0.0,0.0
139,1992-07-13,SZSE:000768,0.0,0.0,0.0,0.0,0.0,0.0,0.0,0.0,0.0,0.0,0.0,0.0,0.0,0.0,0.0,0.0,0.0,0,0.0,0.0,0.0,0.0,0.0,0.0,0.0,0.0,1,39951.0,2.2,0.0,0.0,0.0,0.0,0.0,0.0,0.0,0.0
140,1992-07-14,SZSE:000768,0.0,0.0,0.0,0.0,0.0,0.0,0.0,0.0,0.0,0.0,0.0,0.0,0.0,0.0,0.0,0.0,0.0,0,0.0,0.0,0.0,0.0,0.0,0.0,0.0,0.0,1,39951.0,2.2,0.0,0.0,0.0,0.0,0.0,0.0,0.0,0.0
141,1992-07-15,SZSE:000768,0.0,0.0,0.0,0.0,0.0,0.0,0.0,0.0,0.0,0.0,0.0,0.0,0.0,0.0,0.0,0.0,0.0,0,0.0,0.0,0.0,0.0,0.0,0.0,0.0,0.0,1,39951.0,2.2,0.0,0.0,0.0,0.0,0.0,0.0,0.0,0.0
142,1992-07-16,SZSE:000768,0.0,0.0,0.0,0.0,0.0,0.0,0.0,0.0,0.0,0.0,0.0,0.0,0.0,0.0,0.0,0.0,0.0,0,0.0,0.0,0.0,0.0,0.0,0.0,0.0,0.0,1,39951.0,2.2,0.0,0.0,0.0,0.0,0.0,0.0,0.0,0.0
143,1992-07-17,SZSE:000768,0.0,0.0,0.0,0.0,0.0,0.0,0.0,0.0,0.0,0.0,0.0,0.0,0.0,0.0,0.0,0.0,0.0,0,0.0,0.0,0.0,0.0,0.0,0.0,0.0,0.0,1,39951.0,2.2,0.0,0.0,0.0,0.0,0.0,0.0,0.0,0.0
144,1992-07-20,SZSE:000768,0.0,0.0,0.0,0.0,0.0,0.0,0.0,0.0,0.0,0.0,0.0,0.0,0.0,0.0,0.0,0.0,0.0,0,0.0,0.0,0.0,0.0,0.0,0.0,0.0,0.0,1,39951.0,2.2,0.0,0.0,0.0,0.0,0.0,0.0,0.0,0.0
145,1992-07-21,SZSE:000768,0.0,0.0,0.0,0.0,0.0,0.0,0.0,0.0,0.0,0.0,0.0,0.0,0.0,0.0,0.0,0.0,0.0,0,0.0,0.0,0.0,0.0,0.0,0.0,0.0,0.0,1,39951.0,2.2,0.0,0.0,0.0,0.0,0.0,0.0,0.0,0.0
146,1992-07-22,SZSE:000768,0.0,0.0,0.0,0.0,0.0,0.0,0.0,0.0,0.0,0.0,0.0,0.0,0.0,0.0,0.0,0.0,0.0,0,0.0,0.0,0.0,0.0,0.0,0.0,0.0,0.0,1,39951.0,2.2,0.0,0.0,0.0,0.0,0.0,0.0,0.0,0.0
147,1992-07-23,SZSE:000768,0.0,0.0,0.0,0.0,0.0,0.0,0.0,0.0,0.0,0.0,0.0,0.0,0.0,0.0,0.0,0.0,0.0,0,0.0,0.0,0.0,0.0,0.0,0.0,0.0,0.0,1,39951.0,2.2,0.0,0.0,0.0,0.0,0.0,0.0,0.0,0.0
148,1992-07-24,SZSE:000768,0.0,0.0,0.0,0.0,0.0,0.0,0.0,0.0,0.0,0.0,0.0,0.0,0.0,0.0,0.0,0.0,0.0,0,0.0,0.0,0.0,0.0,0.0,0.0,0.0,0.0,1,39951.0,2.2,0.0,0.0,0.0,0.0,0.0,0.0,0.0,0.0
149,1992-07-27,SZSE:000768,0.0,0.0,0.0,0.0,0.0,0.0,0.0,0.0,0.0,0.0,0.0,0.0,0.0,0.0,0.0,0.0,0.0,0,0.0,0.0,0.0,0.0,0.0,0.0,0.0,0.0,1,39951.0,2.2,0.0,0.0,0.0,0.0,0.0,0.0,0.0,0.0
150,1992-07-28,SZSE:000768,0.0,0.0,0.0,0.0,0.0,0.0,0.0,0.0,0.0,0.0,0.0,0.0,0.0,0.0,0.0,0.0,0.0,0,0.0,0.0,0.0,0.0,0.0,0.0,0.0,0.0,1,39951.0,2.2,0.0,0.0,0.0,0.0,0.0,0.0,0.0,0.0
151,1992-07-29,SZSE:000768,0.0,0.0,0.0,0.0,0.0,0.0,0.0,0.0,0.0,0.0,0.0,0.0,0.0,0.0,0.0,0.0,0.0,0,0.0,0.0,0.0,0.0,0.0,0.0,0.0,0.0,1,39951.0,2.2,0.0,0.0,0.0,0.0,0.0,0.0,0.0,0.0
152,1992-07-30,SZSE:000768,0.0,0.0,0.0,0.0,0.0,0.0,0.0,0.0,0.0,0.0,0.0,0.0,0.0,0.0,0.0,0.0,0.0,0,0.0,0.0,0.0,0.0,0.0,0.0,0.0,0.0,1,39951.0,2.2,0.0,0.0,0.0,0.0,0.0,0.0,0.0,0.0
153,1992-07-31,SZSE:000768,0.0,0.0,0.0,0.0,0.0,0.0,0.0,0.0,0.0,0.0,0.0,0.0,0.0,0.0,0.0,0.0,0.0,0,0.0,0.0,0.0,0.0,0.0,0.0,0.0,0.0,1,39951.0,2.2,0.0,0.0,0.0,0.0,0.0,0.0,0.0,0.0
154,1992-08-03,SZSE:000768,0.0,0.0,0.0,0.0,0.0,0.0,0.0,0.0,0.0,0.0,0.0,0.0,0.0,0.0,0.0,0.0,0.0,0,0.0,0.0,0.0,0.0,0.0,0.0,0.0,0.0,1,39951.0,2.2,0.0,0.0,0.0,0.0,0.0,0.0,0.0,0.0
155,1992-08-04,SZSE:000768,0.0,0.0,0.0,0.0,0.0,0.0,0.0,0.0,0.0,0.0,0.0,0.0,0.0,0.0,0.0,0.0,0.0,0,0.0,0.0,0.0,0.0,0.0,0.0,0.0,0.0,1,39951.0,2.2,0.0,0.0,0.0,0.0,0.0,0.0,0.0,0.0
156,1992-08-05,SZSE:000768,0.0,0.0,0.0,0.0,0.0,0.0,0.0,0.0,0.0,0.0,0.0,0.0,0.0,0.0,0.0,0.0,0.0,0,0.0,0.0,0.0,0.0,0.0,0.0,0.0,0.0,1,39951.0,2.2,0.0,0.0,0.0,0.0,0.0,0.0,0.0,0.0
157,1992-08-06,SZSE:000768,0.0,0.0,0.0,0.0,0.0,0.0,0.0,0.0,0.0,0.0,0.0,0.0,0.0,0.0,0.0,0.0,0.0,0,0.0,0.0,0.0,0.0,0.0,0.0,0.0,0.0,1,39951.0,2.2,0.0,0.0,0.0,0.0,0.0,0.0,0.0,0.0
158,1992-08-07,SZSE:000768,0.0,0.0,0.0,0.0,0.0,0.0,0.0,0.0,0.0,0.0,0.0,0.0,0.0,0.0,0.0,0.0,0.0,0,0.0,0.0,0.0,0.0,0.0,0.0,0.0,0.0,1,39951.0,2.2,0.0,0.0,0.0,0.0,0.0,0.0,0.0,0.0
159,1992-08-10,SZSE:000768,0.0,0.0,0.0,0.0,0.0,0.0,0.0,0.0,0.0,0.0,0.0,0.0,0.0,0.0,0.0,0.0,0.0,0,0.0,0.0,0.0,0.0,0.0,0.0,0.0,0.0,1,39951.0,2.2,0.0,0.0,0.0,0.0,0.0,0.0,0.0,0.0
160,1992-08-11,SZSE:000768,0.0,0.0,0.0,0.0,0.0,0.0,0.0,0.0,0.0,0.0,0.0,0.0,0.0,0.0,0.0,0.0,0.0,0,0.0,0.0,0.0,0.0,0.0,0.0,0.0,0.0,1,39951.0,2.2,0.0,0.0,0.0,0.0,0.0,0.0,0.0,0.0
161,1992-08-12,SZSE:000768,0.0,0.0,0.0,0.0,0.0,0.0,0.0,0.0,0.0,0.0,0.0,0.0,0.0,0.0,0.0,0.0,0.0,0,0.0,0.0,0.0,0.0,0.0,0.0,0.0,0.0,1,39951.0,2.2,0.0,0.0,0.0,0.0,0.0,0.0,0.0,0.0
162,1992-08-13,SZSE:000768,0.0,0.0,0.0,0.0,0.0,0.0,0.0,0.0,0.0,0.0,0.0,0.0,0.0,0.0,0.0,0.0,0.0,0,0.0,0.0,0.0,0.0,0.0,0.0,0.0,0.0,1,39951.0,2.2,0.0,0.0,0.0,0.0,0.0,0.0,0.0,0.0
163,1992-08-14,SZSE:000768,0.0,0.0,0.0,0.0,0.0,0.0,0.0,0.0,0.0,0.0,0.0,0.0,0.0,0.0,0.0,0.0,0.0,0,0.0,0.0,0.0,0.0,0.0,0.0,0.0,0.0,1,39951.0,2.2,0.0,0.0,0.0,0.0,0.0,0.0,0.0,0.0
164,1992-08-17,SZSE:000768,0.0,0.0,0.0,0.0,0.0,0.0,0.0,0.0,0.0,0.0,0.0,0.0,0.0,0.0,0.0,0.0,0.0,0,0.0,0.0,0.0,0.0,0.0,0.0,0.0,0.0,1,39951.0,2.2,0.0,0.0,0.0,0.0,0.0,0.0,0.0,0.0
165,1992-08-18,SZSE:000768,0.0,0.0,0.0,0.0,0.0,0.0,0.0,0.0,0.0,0.0,0.0,0.0,0.0,0.0,0.0,0.0,0.0,0,0.0,0.0,0.0,0.0,0.0,0.0,0.0,0.0,1,39951.0,2.2,0.0,0.0,0.0,0.0,0.0,0.0,0.0,0.0
166,1992-08-19,SZSE:000768,0.0,0.0,0.0,0.0,0.0,0.0,0.0,0.0,0.0,0.0,0.0,0.0,0.0,0.0,0.0,0.0,0.0,0,0.0,0.0,0.0,0.0,0.0,0.0,0.0,0.0,1,39951.0,2.2,0.0,0.0,0.0,0.0,0.0,0.0,0.0,0.0
167,1992-08-20,SZSE:000768,0.0,0.0,0.0,0.0,0.0,0.0,0.0,0.0,0.0,0.0,0.0,0.0,0.0,0.0,0.0,0.0,0.0,0,0.0,0.0,0.0,0.0,0.0,0.0,0.0,0.0,1,39951.0,2.2,0.0,0.0,0.0,0.0,0.0,0.0,0.0,0.0
168,1992-08-21,SZSE:000768,0.0,0.0,0.0,0.0,0.0,0.0,0.0,0.0,0.0,0.0,0.0,0.0,0.0,0.0,0.0,0.0,0.0,0,0.0,0.0,0.0,0.0,0.0,0.0,0.0,0.0,1,39951.0,2.2,0.0,0.0,0.0,0.0,0.0,0.0,0.0,0.0
169,1992-08-24,SZSE:000768,0.0,0.0,0.0,0.0,0.0,0.0,0.0,0.0,0.0,0.0,0.0,0.0,0.0,0.0,0.0,0.0,0.0,0,0.0,0.0,0.0,0.0,0.0,0.0,0.0,0.0,1,39951.0,2.2,0.0,0.0,0.0,0.0,0.0,0.0,0.0,0.0
170,1992-08-25,SZSE:000768,0.0,0.0,0.0,0.0,0.0,0.0,0.0,0.0,0.0,0.0,0.0,0.0,0.0,0.0,0.0,0.0,0.0,0,0.0,0.0,0.0,0.0,0.0,0.0,0.0,0.0,1,39951.0,2.2,0.0,0.0,0.0,0.0,0.0,0.0,0.0,0.0
171,1992-08-26,SZSE:000768,0.0,0.0,0.0,0.0,0.0,0.0,0.0,0.0,0.0,0.0,0.0,0.0,0.0,0.0,0.0,0.0,0.0,0,0.0,0.0,0.0,0.0,0.0,0.0,0.0,0.0,1,39951.0,2.2,0.0,0.0,0.0,0.0,0.0,0.0,0.0,0.0
172,1992-08-27,SZSE:000768,0.0,0.0,0.0,0.0,0.0,0.0,0.0,0.0,0.0,0.0,0.0,0.0,0.0,0.0,0.0,0.0,0.0,0,0.0,0.0,0.0,0.0,0.0,0.0,0.0,0.0,1,39951.0,2.2,0.0,0.0,0.0,0.0,0.0,0.0,0.0,0.0
173,1992-08-28,SZSE:000768,0.0,0.0,0.0,0.0,0.0,0.0,0.0,0.0,0.0,0.0,0.0,0.0,0.0,0.0,0.0,0.0,0.0,0,0.0,0.0,0.0,0.0,0.0,0.0,0.0,0.0,1,39951.0,2.2,0.0,0.0,0.0,0.0,0.0,0.0,0.0,0.0
174,1992-08-31,SZSE:000768,0.0,0.0,0.0,0.0,0.0,0.0,0.0,0.0,0.0,0.0,0.0,0.0,0.0,0.0,0.0,0.0,0.0,0,0.0,0.0,0.0,0.0,0.0,0.0,0.0,0.0,1,39951.0,2.2,0.0,0.0,0.0,0.0,0.0,0.0,0.0,0.0
175,1992-09-01,SZSE:000768,0.0,0.0,0.0,0.0,0.0,0.0,0.0,0.0,0.0,0.0,0.0,0.0,0.0,0.0,0.0,0.0,0.0,0,0.0,0.0,0.0,0.0,0.0,0.0,0.0,0.0,1,39951.0,2.2,0.0,0.0,0.0,0.0,0.0,0.0,0.0,0.0
176,1992-09-02,SZSE:000768,0.0,0.0,0.0,0.0,0.0,0.0,0.0,0.0,0.0,0.0,0.0,0.0,0.0,0.0,0.0,0.0,0.0,0,0.0,0.0,0.0,0.0,0.0,0.0,0.0,0.0,1,39951.0,2.2,0.0,0.0,0.0,0.0,0.0,0.0,0.0,0.0
177,1992-09-03,SZSE:000768,0.0,0.0,0.0,0.0,0.0,0.0,0.0,0.0,0.0,0.0,0.0,0.0,0.0,0.0,0.0,0.0,0.0,0,0.0,0.0,0.0,0.0,0.0,0.0,0.0,0.0,1,39951.0,2.2,0.0,0.0,0.0,0.0,0.0,0.0,0.0,0.0
178,1992-09-04,SZSE:000768,0.0,0.0,0.0,0.0,0.0,0.0,0.0,0.0,0.0,0.0,0.0,0.0,0.0,0.0,0.0,0.0,0.0,0,0.0,0.0,0.0,0.0,0.0,0.0,0.0,0.0,1,39951.0,2.2,0.0,0.0,0.0,0.0,0.0,0.0,0.0,0.0
179,1992-09-07,SZSE:000768,0.0,0.0,0.0,0.0,0.0,0.0,0.0,0.0,0.0,0.0,0.0,0.0,0.0,0.0,0.0,0.0,0.0,0,0.0,0.0,0.0,0.0,0.0,0.0,0.0,0.0,1,39951.0,2.2,0.0,0.0,0.0,0.0,0.0,0.0,0.0,0.0
180,1992-09-08,SZSE:000768,0.0,0.0,0.0,0.0,0.0,0.0,0.0,0.0,0.0,0.0,0.0,0.0,0.0,0.0,0.0,0.0,0.0,0,0.0,0.0,0.0,0.0,0.0,0.0,0.0,0.0,1,39951.0,2.2,0.0,0.0,0.0,0.0,0.0,0.0,0.0,0.0
181,1992-09-09,SZSE:000768,0.0,0.0,0.0,0.0,0.0,0.0,0.0,0.0,0.0,0.0,0.0,0.0,0.0,0.0,0.0,0.0,0.0,0,0.0,0.0,0.0,0.0,0.0,0.0,0.0,0.0,1,39951.0,2.2,0.0,0.0,0.0,0.0,0.0,0.0,0.0,0.0
182,1992-09-10,SZSE:000768,0.0,0.0,0.0,0.0,0.0,0.0,0.0,0.0,0.0,0.0,0.0,0.0,0.0,0.0,0.0,0.0,0.0,0,0.0,0.0,0.0,0.0,0.0,0.0,0.0,0.0,1,39951.0,2.2,0.0,0.0,0.0,0.0,0.0,0.0,0.0,0.0
183,1992-09-11,SZSE:000768,0.0,0.0,0.0,0.0,0.0,0.0,0.0,0.0,0.0,0.0,0.0,0.0,0.0,0.0,0.0,0.0,0.0,0,0.0,0.0,0.0,0.0,0.0,0.0,0.0,0.0,1,39951.0,2.2,0.0,0.0,0.0,0.0,0.0,0.0,0.0,0.0
184,1992-09-14,SZSE:000768,0.0,0.0,0.0,0.0,0.0,0.0,0.0,0.0,0.0,0.0,0.0,0.0,0.0,0.0,0.0,0.0,0.0,0,0.0,0.0,0.0,0.0,0.0,0.0,0.0,0.0,1,39951.0,2.2,0.0,0.0,0.0,0.0,0.0,0.0,0.0,0.0
185,1992-09-15,SZSE:000768,0.0,0.0,0.0,0.0,0.0,0.0,0.0,0.0,0.0,0.0,0.0,0.0,0.0,0.0,0.0,0.0,0.0,0,0.0,0.0,0.0,0.0,0.0,0.0,0.0,0.0,1,39951.0,2.2,0.0,0.0,0.0,0.0,0.0,0.0,0.0,0.0
186,1992-09-16,SZSE:000768,0.0,0.0,0.0,0.0,0.0,0.0,0.0,0.0,0.0,0.0,0.0,0.0,0.0,0.0,0.0,0.0,0.0,0,0.0,0.0,0.0,0.0,0.0,0.0,0.0,0.0,1,39951.0,2.2,0.0,0.0,0.0,0.0,0.0,0.0,0.0,0.0
187,1992-09-17,SZSE:000768,0.0,0.0,0.0,0.0,0.0,0.0,0.0,0.0,0.0,0.0,0.0,0.0,0.0,0.0,0.0,0.0,0.0,0,0.0,0.0,0.0,0.0,0.0,0.0,0.0,0.0,1,39951.0,2.2,0.0,0.0,0.0,0.0,0.0,0.0,0.0,0.0
188,1992-09-18,SZSE:000768,0.0,0.0,0.0,0.0,0.0,0.0,0.0,0.0,0.0,0.0,0.0,0.0,0.0,0.0,0.0,0.0,0.0,0,0.0,0.0,0.0,0.0,0.0,0.0,0.0,0.0,1,39951.0,2.2,0.0,0.0,0.0,0.0,0.0,0.0,0.0,0.0
189,1992-09-21,SZSE:000768,0.0,0.0,0.0,0.0,0.0,0.0,0.0,0.0,0.0,0.0,0.0,0.0,0.0,0.0,0.0,0.0,0.0,0,0.0,0.0,0.0,0.0,0.0,0.0,0.0,0.0,1,39951.0,2.2,0.0,0.0,0.0,0.0,0.0,0.0,0.0,0.0
190,1992-09-22,SZSE:000768,0.0,0.0,0.0,0.0,0.0,0.0,0.0,0.0,0.0,0.0,0.0,0.0,0.0,0.0,0.0,0.0,0.0,0,0.0,0.0,0.0,0.0,0.0,0.0,0.0,0.0,1,39951.0,2.2,0.0,0.0,0.0,0.0,0.0,0.0,0.0,0.0
191,1992-09-23,SZSE:000768,0.0,0.0,0.0,0.0,0.0,0.0,0.0,0.0,0.0,0.0,0.0,0.0,0.0,0.0,0.0,0.0,0.0,0,0.0,0.0,0.0,0.0,0.0,0.0,0.0,0.0,1,39951.0,2.2,0.0,0.0,0.0,0.0,0.0,0.0,0.0,0.0
192,1992-09-24,SZSE:000768,0.0,0.0,0.0,0.0,0.0,0.0,0.0,0.0,0.0,0.0,0.0,0.0,0.0,0.0,0.0,0.0,0.0,0,0.0,0.0,0.0,0.0,0.0,0.0,0.0,0.0,1,39951.0,2.2,0.0,0.0,0.0,0.0,0.0,0.0,0.0,0.0
193,1992-09-25,SZSE:000768,0.0,0.0,0.0,0.0,0.0,0.0,0.0,0.0,0.0,0.0,0.0,0.0,0.0,0.0,0.0,0.0,0.0,0,0.0,0.0,0.0,0.0,0.0,0.0,0.0,0.0,1,39951.0,2.2,0.0,0.0,0.0,0.0,0.0,0.0,0.0,0.0
194,1992-09-28,SZSE:000768,0.0,0.0,0.0,0.0,0.0,0.0,0.0,0.0,0.0,0.0,0.0,0.0,0.0,0.0,0.0,0.0,0.0,0,0.0,0.0,0.0,0.0,0.0,0.0,0.0,0.0,1,39951.0,2.2,0.0,0.0,0.0,0.0,0.0,0.0,0.0,0.0
195,1992-09-29,SZSE:000768,0.0,0.0,0.0,0.0,0.0,0.0,0.0,0.0,0.0,0.0,0.0,0.0,0.0,0.0,0.0,0.0,0.0,0,0.0,0.0,0.0,0.0,0.0,0.0,0.0,0.0,1,39951.0,2.2,0.0,0.0,0.0,0.0,0.0,0.0,0.0,0.0
196,1992-09-30,SZSE:000768,0.0,0.0,0.0,0.0,0.0,0.0,0.0,0.0,0.0,0.0,0.0,0.0,0.0,0.0,0.0,0.0,0.0,0,0.0,0.0,0.0,0.0,0.0,0.0,0.0,0.0,1,39951.0,2.2,0.0,0.0,0.0,0.0,0.0,0.0,0.0,0.0
197,1992-10-01,SZSE:000768,0.0,0.0,0.0,0.0,0.0,0.0,0.0,0.0,0.0,0.0,0.0,0.0,0.0,0.0,0.0,0.0,0.0,0,0.0,0.0,0.0,0.0,0.0,0.0,0.0,0.0,1,39951.0,2.2,0.0,0.0,0.0,0.0,0.0,0.0,0.0,0.0
198,1992-10-02,SZSE:000768,0.0,0.0,0.0,0.0,0.0,0.0,0.0,0.0,0.0,0.0,0.0,0.0,0.0,0.0,0.0,0.0,0.0,0,0.0,0.0,0.0,0.0,0.0,0.0,0.0,0.0,1,39951.0,2.2,0.0,0.0,0.0,0.0,0.0,0.0,0.0,0.0
199,1992-10-05,SZSE:000768,0.0,0.0,0.0,0.0,0.0,0.0,0.0,0.0,0.0,0.0,0.0,0.0,0.0,0.0,0.0,0.0,0.0,0,0.0,0.0,0.0,0.0,0.0,0.0,0.0,0.0,1,39951.0,2.2,0.0,0.0,0.0,0.0,0.0,0.0,0.0,0.0
200,1992-10-06,SZSE:000768,0.0,0.0,0.0,0.0,0.0,0.0,0.0,0.0,0.0,0.0,0.0,0.0,0.0,0.0,0.0,0.0,0.0,0,0.0,0.0,0.0,0.0,0.0,0.0,0.0,0.0,1,39951.0,2.2,0.0,0.0,0.0,0.0,0.0,0.0,0.0,0.0
201,1992-10-07,SZSE:000768,0.0,0.0,0.0,0.0,0.0,0.0,0.0,0.0,0.0,0.0,0.0,0.0,0.0,0.0,0.0,0.0,0.0,0,0.0,0.0,0.0,0.0,0.0,0.0,0.0,0.0,1,39951.0,2.2,0.0,0.0,0.0,0.0,0.0,0.0,0.0,0.0
202,1992-10-08,SZSE:000768,0.0,0.0,0.0,0.0,0.0,0.0,0.0,0.0,0.0,0.0,0.0,0.0,0.0,0.0,0.0,0.0,0.0,0,0.0,0.0,0.0,0.0,0.0,0.0,0.0,0.0,1,39951.0,2.2,0.0,0.0,0.0,0.0,0.0,0.0,0.0,0.0
203,1992-10-09,SZSE:000768,0.0,0.0,0.0,0.0,0.0,0.0,0.0,0.0,0.0,0.0,0.0,0.0,0.0,0.0,0.0,0.0,0.0,0,0.0,0.0,0.0,0.0,0.0,0.0,0.0,0.0,1,39951.0,2.2,0.0,0.0,0.0,0.0,0.0,0.0,0.0,0.0
204,1992-10-12,SZSE:000768,0.0,0.0,0.0,0.0,0.0,0.0,0.0,0.0,0.0,0.0,0.0,0.0,0.0,0.0,0.0,0.0,0.0,0,0.0,0.0,0.0,0.0,0.0,0.0,0.0,0.0,1,39951.0,2.2,0.0,0.0,0.0,0.0,0.0,0.0,0.0,0.0
205,1992-10-13,SZSE:000768,0.0,0.0,0.0,0.0,0.0,0.0,0.0,0.0,0.0,0.0,0.0,0.0,0.0,0.0,0.0,0.0,0.0,0,0.0,0.0,0.0,0.0,0.0,0.0,0.0,0.0,1,39951.0,2.2,0.0,0.0,0.0,0.0,0.0,0.0,0.0,0.0
206,1992-10-14,SZSE:000768,0.0,0.0,0.0,0.0,0.0,0.0,0.0,0.0,0.0,0.0,0.0,0.0,0.0,0.0,0.0,0.0,0.0,0,0.0,0.0,0.0,0.0,0.0,0.0,0.0,0.0,1,39951.0,2.2,0.0,0.0,0.0,0.0,0.0,0.0,0.0,0.0
207,1992-10-15,SZSE:000768,0.0,0.0,0.0,0.0,0.0,0.0,0.0,0.0,0.0,0.0,0.0,0.0,0.0,0.0,0.0,0.0,0.0,0,0.0,0.0,0.0,0.0,0.0,0.0,0.0,0.0,1,39951.0,2.2,0.0,0.0,0.0,0.0,0.0,0.0,0.0,0.0
208,1992-10-16,SZSE:000768,0.0,0.0,0.0,0.0,0.0,0.0,0.0,0.0,0.0,0.0,0.0,0.0,0.0,0.0,0.0,0.0,0.0,0,0.0,0.0,0.0,0.0,0.0,0.0,0.0,0.0,1,39951.0,2.2,0.0,0.0,0.0,0.0,0.0,0.0,0.0,0.0
209,1992-10-19,SZSE:000768,0.0,0.0,0.0,0.0,0.0,0.0,0.0,0.0,0.0,0.0,0.0,0.0,0.0,0.0,0.0,0.0,0.0,0,0.0,0.0,0.0,0.0,0.0,0.0,0.0,0.0,1,39951.0,2.2,0.0,0.0,0.0,0.0,0.0,0.0,0.0,0.0
210,1992-10-20,SZSE:000768,0.0,0.0,0.0,0.0,0.0,0.0,0.0,0.0,0.0,0.0,0.0,0.0,0.0,0.0,0.0,0.0,0.0,0,0.0,0.0,0.0,0.0,0.0,0.0,0.0,0.0,1,39951.0,2.2,0.0,0.0,0.0,0.0,0.0,0.0,0.0,0.0
211,1992-10-21,SZSE:000768,0.0,0.0,0.0,0.0,0.0,0.0,0.0,0.0,0.0,0.0,0.0,0.0,0.0,0.0,0.0,0.0,0.0,0,0.0,0.0,0.0,0.0,0.0,0.0,0.0,0.0,1,39951.0,2.2,0.0,0.0,0.0,0.0,0.0,0.0,0.0,0.0
212,1992-10-22,SZSE:000768,0.0,0.0,0.0,0.0,0.0,0.0,0.0,0.0,0.0,0.0,0.0,0.0,0.0,0.0,0.0,0.0,0.0,0,0.0,0.0,0.0,0.0,0.0,0.0,0.0,0.0,1,39951.0,2.2,0.0,0.0,0.0,0.0,0.0,0.0,0.0,0.0
213,1992-10-23,SZSE:000768,0.0,0.0,0.0,0.0,0.0,0.0,0.0,0.0,0.0,0.0,0.0,0.0,0.0,0.0,0.0,0.0,0.0,0,0.0,0.0,0.0,0.0,0.0,0.0,0.0,0.0,1,39951.0,2.2,0.0,0.0,0.0,0.0,0.0,0.0,0.0,0.0
214,1992-10-26,SZSE:000768,0.0,0.0,0.0,0.0,0.0,0.0,0.0,0.0,0.0,0.0,0.0,0.0,0.0,0.0,0.0,0.0,0.0,0,0.0,0.0,0.0,0.0,0.0,0.0,0.0,0.0,1,39951.0,2.2,0.0,0.0,0.0,0.0,0.0,0.0,0.0,0.0
215,1992-10-27,SZSE:000768,0.0,0.0,0.0,0.0,0.0,0.0,0.0,0.0,0.0,0.0,0.0,0.0,0.0,0.0,0.0,0.0,0.0,0,0.0,0.0,0.0,0.0,0.0,0.0,0.0,0.0,1,39951.0,2.2,0.0,0.0,0.0,0.0,0.0,0.0,0.0,0.0
216,1992-10-28,SZSE:000768,0.0,0.0,0.0,0.0,0.0,0.0,0.0,0.0,0.0,0.0,0.0,0.0,0.0,0.0,0.0,0.0,0.0,0,0.0,0.0,0.0,0.0,0.0,0.0,0.0,0.0,1,39951.0,2.2,0.0,0.0,0.0,0.0,0.0,0.0,0.0,0.0
217,1992-10-29,SZSE:000768,0.0,0.0,0.0,0.0,0.0,0.0,0.0,0.0,0.0,0.0,0.0,0.0,0.0,0.0,0.0,0.0,0.0,0,0.0,0.0,0.0,0.0,0.0,0.0,0.0,0.0,1,39951.0,2.2,0.0,0.0,0.0,0.0,0.0,0.0,0.0,0.0
218,1992-10-30,SZSE:000768,0.0,0.0,0.0,0.0,0.0,0.0,0.0,0.0,0.0,0.0,0.0,0.0,0.0,0.0,0.0,0.0,0.0,0,0.0,0.0,0.0,0.0,0.0,0.0,0.0,0.0,1,39951.0,2.2,0.0,0.0,0.0,0.0,0.0,0.0,0.0,0.0
219,1992-11-02,SZSE:000768,0.0,0.0,0.0,0.0,0.0,0.0,0.0,0.0,0.0,0.0,0.0,0.0,0.0,0.0,0.0,0.0,0.0,0,0.0,0.0,0.0,0.0,0.0,0.0,0.0,0.0,1,39951.0,2.2,0.0,0.0,0.0,0.0,0.0,0.0,0.0,0.0
220,1992-11-03,SZSE:000768,0.0,0.0,0.0,0.0,0.0,0.0,0.0,0.0,0.0,0.0,0.0,0.0,0.0,0.0,0.0,0.0,0.0,0,0.0,0.0,0.0,0.0,0.0,0.0,0.0,0.0,1,39951.0,2.2,0.0,0.0,0.0,0.0,0.0,0.0,0.0,0.0
221,1992-11-04,SZSE:000768,0.0,0.0,0.0,0.0,0.0,0.0,0.0,0.0,0.0,0.0,0.0,0.0,0.0,0.0,0.0,0.0,0.0,0,0.0,0.0,0.0,0.0,0.0,0.0,0.0,0.0,1,39951.0,2.2,0.0,0.0,0.0,0.0,0.0,0.0,0.0,0.0
222,1992-11-05,SZSE:000768,0.0,0.0,0.0,0.0,0.0,0.0,0.0,0.0,0.0,0.0,0.0,0.0,0.0,0.0,0.0,0.0,0.0,0,0.0,0.0,0.0,0.0,0.0,0.0,0.0,0.0,1,39951.0,2.2,0.0,0.0,0.0,0.0,0.0,0.0,0.0,0.0
223,1992-11-06,SZSE:000768,0.0,0.0,0.0,0.0,0.0,0.0,0.0,0.0,0.0,0.0,0.0,0.0,0.0,0.0,0.0,0.0,0.0,0,0.0,0.0,0.0,0.0,0.0,0.0,0.0,0.0,1,39951.0,2.2,0.0,0.0,0.0,0.0,0.0,0.0,0.0,0.0
224,1992-11-09,SZSE:000768,0.0,0.0,0.0,0.0,0.0,0.0,0.0,0.0,0.0,0.0,0.0,0.0,0.0,0.0,0.0,0.0,0.0,0,0.0,0.0,0.0,0.0,0.0,0.0,0.0,0.0,1,39951.0,2.2,0.0,0.0,0.0,0.0,0.0,0.0,0.0,0.0
225,1992-11-10,SZSE:000768,0.0,0.0,0.0,0.0,0.0,0.0,0.0,0.0,0.0,0.0,0.0,0.0,0.0,0.0,0.0,0.0,0.0,0,0.0,0.0,0.0,0.0,0.0,0.0,0.0,0.0,1,39951.0,2.2,0.0,0.0,0.0,0.0,0.0,0.0,0.0,0.0
226,1992-11-11,SZSE:000768,0.0,0.0,0.0,0.0,0.0,0.0,0.0,0.0,0.0,0.0,0.0,0.0,0.0,0.0,0.0,0.0,0.0,0,0.0,0.0,0.0,0.0,0.0,0.0,0.0,0.0,1,39951.0,2.2,0.0,0.0,0.0,0.0,0.0,0.0,0.0,0.0
227,1992-11-12,SZSE:000768,0.0,0.0,0.0,0.0,0.0,0.0,0.0,0.0,0.0,0.0,0.0,0.0,0.0,0.0,0.0,0.0,0.0,0,0.0,0.0,0.0,0.0,0.0,0.0,0.0,0.0,1,39951.0,2.2,0.0,0.0,0.0,0.0,0.0,0.0,0.0,0.0
228,1992-11-13,SZSE:000768,0.0,0.0,0.0,0.0,0.0,0.0,0.0,0.0,0.0,0.0,0.0,0.0,0.0,0.0,0.0,0.0,0.0,0,0.0,0.0,0.0,0.0,0.0,0.0,0.0,0.0,1,39951.0,2.2,0.0,0.0,0.0,0.0,0.0,0.0,0.0,0.0
229,1992-11-16,SZSE:000768,0.0,0.0,0.0,0.0,0.0,0.0,0.0,0.0,0.0,0.0,0.0,0.0,0.0,0.0,0.0,0.0,0.0,0,0.0,0.0,0.0,0.0,0.0,0.0,0.0,0.0,1,39951.0,2.2,0.0,0.0,0.0,0.0,0.0,0.0,0.0,0.0
230,1992-11-17,SZSE:000768,0.0,0.0,0.0,0.0,0.0,0.0,0.0,0.0,0.0,0.0,0.0,0.0,0.0,0.0,0.0,0.0,0.0,0,0.0,0.0,0.0,0.0,0.0,0.0,0.0,0.0,1,39951.0,2.2,0.0,0.0,0.0,0.0,0.0,0.0,0.0,0.0
231,1992-11-18,SZSE:000768,0.0,0.0,0.0,0.0,0.0,0.0,0.0,0.0,0.0,0.0,0.0,0.0,0.0,0.0,0.0,0.0,0.0,0,0.0,0.0,0.0,0.0,0.0,0.0,0.0,0.0,1,39951.0,2.2,0.0,0.0,0.0,0.0,0.0,0.0,0.0,0.0
232,1992-11-19,SZSE:000768,0.0,0.0,0.0,0.0,0.0,0.0,0.0,0.0,0.0,0.0,0.0,0.0,0.0,0.0,0.0,0.0,0.0,0,0.0,0.0,0.0,0.0,0.0,0.0,0.0,0.0,1,39951.0,2.2,0.0,0.0,0.0,0.0,0.0,0.0,0.0,0.0
233,1992-11-20,SZSE:000768,0.0,0.0,0.0,0.0,0.0,0.0,0.0,0.0,0.0,0.0,0.0,0.0,0.0,0.0,0.0,0.0,0.0,0,0.0,0.0,0.0,0.0,0.0,0.0,0.0,0.0,1,39951.0,2.2,0.0,0.0,0.0,0.0,0.0,0.0,0.0,0.0
234,1992-11-23,SZSE:000768,0.0,0.0,0.0,0.0,0.0,0.0,0.0,0.0,0.0,0.0,0.0,0.0,0.0,0.0,0.0,0.0,0.0,0,0.0,0.0,0.0,0.0,0.0,0.0,0.0,0.0,1,39951.0,2.2,0.0,0.0,0.0,0.0,0.0,0.0,0.0,0.0
235,1992-11-24,SZSE:000768,0.0,0.0,0.0,0.0,0.0,0.0,0.0,0.0,0.0,0.0,0.0,0.0,0.0,0.0,0.0,0.0,0.0,0,0.0,0.0,0.0,0.0,0.0,0.0,0.0,0.0,1,39951.0,2.2,0.0,0.0,0.0,0.0,0.0,0.0,0.0,0.0
236,1992-11-25,SZSE:000768,0.0,0.0,0.0,0.0,0.0,0.0,0.0,0.0,0.0,0.0,0.0,0.0,0.0,0.0,0.0,0.0,0.0,0,0.0,0.0,0.0,0.0,0.0,0.0,0.0,0.0,1,39951.0,2.2,0.0,0.0,0.0,0.0,0.0,0.0,0.0,0.0
237,1992-11-26,SZSE:000768,0.0,0.0,0.0,0.0,0.0,0.0,0.0,0.0,0.0,0.0,0.0,0.0,0.0,0.0,0.0,0.0,0.0,0,0.0,0.0,0.0,0.0,0.0,0.0,0.0,0.0,1,39951.0,2.2,0.0,0.0,0.0,0.0,0.0,0.0,0.0,0.0
238,1992-11-27,SZSE:000768,0.0,0.0,0.0,0.0,0.0,0.0,0.0,0.0,0.0,0.0,0.0,0.0,0.0,0.0,0.0,0.0,0.0,0,0.0,0.0,0.0,0.0,0.0,0.0,0.0,0.0,1,39951.0,2.2,0.0,0.0,0.0,0.0,0.0,0.0,0.0,0.0
239,1992-11-30,SZSE:000768,0.0,0.0,0.0,0.0,0.0,0.0,0.0,0.0,0.0,0.0,0.0,0.0,0.0,0.0,0.0,0.0,0.0,0,0.0,0.0,0.0,0.0,0.0,0.0,0.0,0.0,1,39951.0,2.2,0.0,0.0,0.0,0.0,0.0,0.0,0.0,0.0
240,1992-12-01,SZSE:000768,0.0,0.0,0.0,0.0,0.0,0.0,0.0,0.0,0.0,0.0,0.0,0.0,0.0,0.0,0.0,0.0,0.0,0,0.0,0.0,0.0,0.0,0.0,0.0,0.0,0.0,1,39951.0,2.2,0.0,0.0,0.0,0.0,0.0,0.0,0.0,0.0
241,1992-12-02,SZSE:000768,0.0,0.0,0.0,0.0,0.0,0.0,0.0,0.0,0.0,0.0,0.0,0.0,0.0,0.0,0.0,0.0,0.0,0,0.0,0.0,0.0,0.0,0.0,0.0,0.0,0.0,1,39951.0,2.2,0.0,0.0,0.0,0.0,0.0,0.0,0.0,0.0
242,1992-12-03,SZSE:000768,0.0,0.0,0.0,0.0,0.0,0.0,0.0,0.0,0.0,0.0,0.0,0.0,0.0,0.0,0.0,0.0,0.0,0,0.0,0.0,0.0,0.0,0.0,0.0,0.0,0.0,1,39951.0,2.2,0.0,0.0,0.0,0.0,0.0,0.0,0.0,0.0
243,1992-12-04,SZSE:000768,0.0,0.0,0.0,0.0,0.0,0.0,0.0,0.0,0.0,0.0,0.0,0.0,0.0,0.0,0.0,0.0,0.0,0,0.0,0.0,0.0,0.0,0.0,0.0,0.0,0.0,1,39951.0,2.2,0.0,0.0,0.0,0.0,0.0,0.0,0.0,0.0
244,1992-12-07,SZSE:000768,0.0,0.0,0.0,0.0,0.0,0.0,0.0,0.0,0.0,0.0,0.0,0.0,0.0,0.0,0.0,0.0,0.0,0,0.0,0.0,0.0,0.0,0.0,0.0,0.0,0.0,1,39951.0,2.2,0.0,0.0,0.0,0.0,0.0,0.0,0.0,0.0
245,1992-12-08,SZSE:000768,0.0,0.0,0.0,0.0,0.0,0.0,0.0,0.0,0.0,0.0,0.0,0.0,0.0,0.0,0.0,0.0,0.0,0,0.0,0.0,0.0,0.0,0.0,0.0,0.0,0.0,1,39951.0,2.2,0.0,0.0,0.0,0.0,0.0,0.0,0.0,0.0
246,1992-12-09,SZSE:000768,0.0,0.0,0.0,0.0,0.0,0.0,0.0,0.0,0.0,0.0,0.0,0.0,0.0,0.0,0.0,0.0,0.0,0,0.0,0.0,0.0,0.0,0.0,0.0,0.0,0.0,1,39951.0,2.2,0.0,0.0,0.0,0.0,0.0,0.0,0.0,0.0
247,1992-12-10,SZSE:000768,0.0,0.0,0.0,0.0,0.0,0.0,0.0,0.0,0.0,0.0,0.0,0.0,0.0,0.0,0.0,0.0,0.0,0,0.0,0.0,0.0,0.0,0.0,0.0,0.0,0.0,1,39951.0,2.2,0.0,0.0,0.0,0.0,0.0,0.0,0.0,0.0
248,1992-12-11,SZSE:000768,0.0,0.0,0.0,0.0,0.0,0.0,0.0,0.0,0.0,0.0,0.0,0.0,0.0,0.0,0.0,0.0,0.0,0,0.0,0.0,0.0,0.0,0.0,0.0,0.0,0.0,1,39951.0,2.2,0.0,0.0,0.0,0.0,0.0,0.0,0.0,0.0
249,1992-12-14,SZSE:000768,0.0,0.0,0.0,0.0,0.0,0.0,0.0,0.0,0.0,0.0,0.0,0.0,0.0,0.0,0.0,0.0,0.0,0,0.0,0.0,0.0,0.0,0.0,0.0,0.0,0.0,1,39951.0,2.2,0.0,0.0,0.0,0.0,0.0,0.0,0.0,0.0
250,1992-12-15,SZSE:000768,0.0,0.0,0.0,0.0,0.0,0.0,0.0,0.0,0.0,0.0,0.0,0.0,0.0,0.0,0.0,0.0,0.0,0,0.0,0.0,0.0,0.0,0.0,0.0,0.0,0.0,1,39951.0,2.2,0.0,0.0,0.0,0.0,0.0,0.0,0.0,0.0
251,1992-12-16,SZSE:000768,0.0,0.0,0.0,0.0,0.0,0.0,0.0,0.0,0.0,0.0,0.0,0.0,0.0,0.0,0.0,0.0,0.0,0,0.0,0.0,0.0,0.0,0.0,0.0,0.0,0.0,1,39951.0,2.2,0.0,0.0,0.0,0.0,0.0,0.0,0.0,0.0
252,1992-12-17,SZSE:000768,0.0,0.0,0.0,0.0,0.0,0.0,0.0,0.0,0.0,0.0,0.0,0.0,0.0,0.0,0.0,0.0,0.0,0,0.0,0.0,0.0,0.0,0.0,0.0,0.0,0.0,1,39951.0,2.2,0.0,0.0,0.0,0.0,0.0,0.0,0.0,0.0
253,1992-12-18,SZSE:000768,0.0,0.0,0.0,0.0,0.0,0.0,0.0,0.0,0.0,0.0,0.0,0.0,0.0,0.0,0.0,0.0,0.0,0,0.0,0.0,0.0,0.0,0.0,0.0,0.0,0.0,1,39951.0,2.2,0.0,0.0,0.0,0.0,0.0,0.0,0.0,0.0
254,1992-12-21,SZSE:000768,0.0,0.0,0.0,0.0,0.0,0.0,0.0,0.0,0.0,0.0,0.0,0.0,0.0,0.0,0.0,0.0,0.0,0,0.0,0.0,0.0,0.0,0.0,0.0,0.0,0.0,1,39951.0,2.2,0.0,0.0,0.0,0.0,0.0,0.0,0.0,0.0
255,1992-12-22,SZSE:000768,0.0,0.0,0.0,0.0,0.0,0.0,0.0,0.0,0.0,0.0,0.0,0.0,0.0,0.0,0.0,0.0,0.0,0,0.0,0.0,0.0,0.0,0.0,0.0,0.0,0.0,1,39951.0,2.2,0.0,0.0,0.0,0.0,0.0,0.0,0.0,0.0
256,1992-12-23,SZSE:000768,0.0,0.0,0.0,0.0,0.0,0.0,0.0,0.0,0.0,0.0,0.0,0.0,0.0,0.0,0.0,0.0,0.0,0,0.0,0.0,0.0,0.0,0.0,0.0,0.0,0.0,1,39951.0,2.2,0.0,0.0,0.0,0.0,0.0,0.0,0.0,0.0
257,1992-12-24,SZSE:000768,0.0,0.0,0.0,0.0,0.0,0.0,0.0,0.0,0.0,0.0,0.0,0.0,0.0,0.0,0.0,0.0,0.0,0,0.0,0.0,0.0,0.0,0.0,0.0,0.0,0.0,1,39951.0,2.2,0.0,0.0,0.0,0.0,0.0,0.0,0.0,0.0
258,1992-12-25,SZSE:000768,0.0,0.0,0.0,0.0,0.0,0.0,0.0,0.0,0.0,0.0,0.0,0.0,0.0,0.0,0.0,0.0,0.0,0,0.0,0.0,0.0,0.0,0.0,0.0,0.0,0.0,1,39951.0,2.2,0.0,0.0,0.0,0.0,0.0,0.0,0.0,0.0
259,1992-12-28,SZSE:000768,0.0,0.0,0.0,0.0,0.0,0.0,0.0,0.0,0.0,0.0,0.0,0.0,0.0,0.0,0.0,0.0,0.0,0,0.0,0.0,0.0,0.0,0.0,0.0,0.0,0.0,1,39951.0,2.2,0.0,0.0,0.0,0.0,0.0,0.0,0.0,0.0
260,1992-12-29,SZSE:000768,0.0,0.0,0.0,0.0,0.0,0.0,0.0,0.0,0.0,0.0,0.0,0.0,0.0,0.0,0.0,0.0,0.0,0,0.0,0.0,0.0,0.0,0.0,0.0,0.0,0.0,1,39951.0,2.2,0.0,0.0,0.0,0.0,0.0,0.0,0.0,0.0
261,1992-12-30,SZSE:000768,0.0,0.0,0.0,0.0,0.0,0.0,0.0,0.0,0.0,0.0,0.0,0.0,0.0,0.0,0.0,0.0,0.0,0,0.0,0.0,0.0,0.0,0.0,0.0,0.0,0.0,1,39951.0,2.2,0.0,0.0,0.0,0.0,0.0,0.0,0.0,0.0
262,1992-12-31,SZSE:000768,0.0,0.0,0.0,0.0,0.0,0.0,0.0,0.0,0.0,0.0,0.0,0.0,0.0,0.0,0.0,0.0,0.0,0,0.0,0.0,0.0,0.0,0.0,0.0,0.0,0.0,1,39951.0,2.2,0.0,0.0,0.0,0.0,0.0,0.0,0.0,0.0
263,1993-01-01,SZSE:000768,0.0,0.0,0.0,0.0,0.0,0.0,0.0,0.0,0.0,0.0,0.0,0.0,0.0,0.0,0.0,0.0,0.0,0,0.0,0.0,0.0,0.0,0.0,0.0,0.0,0.0,1,39951.0,2.2,0.0,0.0,0.0,0.0,0.0,0.0,0.0,0.0
264,1993-01-04,SZSE:000768,0.0,0.0,0.0,0.0,0.0,0.0,0.0,0.0,0.0,0.0,0.0,0.0,0.0,0.0,0.0,0.0,0.0,0,0.0,0.0,0.0,0.0,0.0,0.0,0.0,0.0,1,39951.0,2.2,0.0,0.0,0.0,0.0,0.0,0.0,0.0,0.0
265,1993-01-05,SZSE:000768,0.0,0.0,0.0,0.0,0.0,0.0,0.0,0.0,0.0,0.0,0.0,0.0,0.0,0.0,0.0,0.0,0.0,0,0.0,0.0,0.0,0.0,0.0,0.0,0.0,0.0,1,39951.0,2.2,0.0,0.0,0.0,0.0,0.0,0.0,0.0,0.0
266,1993-01-06,SZSE:000768,0.0,0.0,0.0,0.0,0.0,0.0,0.0,0.0,0.0,0.0,0.0,0.0,0.0,0.0,0.0,0.0,0.0,0,0.0,0.0,0.0,0.0,0.0,0.0,0.0,0.0,1,39951.0,2.2,0.0,0.0,0.0,0.0,0.0,0.0,0.0,0.0
267,1993-01-07,SZSE:000768,0.0,0.0,0.0,0.0,0.0,0.0,0.0,0.0,0.0,0.0,0.0,0.0,0.0,0.0,0.0,0.0,0.0,0,0.0,0.0,0.0,0.0,0.0,0.0,0.0,0.0,1,39951.0,2.2,0.0,0.0,0.0,0.0,0.0,0.0,0.0,0.0
268,1993-01-08,SZSE:000768,0.0,0.0,0.0,0.0,0.0,0.0,0.0,0.0,0.0,0.0,0.0,0.0,0.0,0.0,0.0,0.0,0.0,0,0.0,0.0,0.0,0.0,0.0,0.0,0.0,0.0,1,39951.0,2.2,0.0,0.0,0.0,0.0,0.0,0.0,0.0,0.0
269,1993-01-11,SZSE:000768,0.0,0.0,0.0,0.0,0.0,0.0,0.0,0.0,0.0,0.0,0.0,0.0,0.0,0.0,0.0,0.0,0.0,0,0.0,0.0,0.0,0.0,0.0,0.0,0.0,0.0,1,39951.0,2.2,0.0,0.0,0.0,0.0,0.0,0.0,0.0,0.0
270,1993-01-12,SZSE:000768,0.0,0.0,0.0,0.0,0.0,0.0,0.0,0.0,0.0,0.0,0.0,0.0,0.0,0.0,0.0,0.0,0.0,0,0.0,0.0,0.0,0.0,0.0,0.0,0.0,0.0,1,39951.0,2.2,0.0,0.0,0.0,0.0,0.0,0.0,0.0,0.0
271,1993-01-13,SZSE:000768,0.0,0.0,0.0,0.0,0.0,0.0,0.0,0.0,0.0,0.0,0.0,0.0,0.0,0.0,0.0,0.0,0.0,0,0.0,0.0,0.0,0.0,0.0,0.0,0.0,0.0,1,39951.0,2.2,0.0,0.0,0.0,0.0,0.0,0.0,0.0,0.0
272,1993-01-14,SZSE:000768,0.0,0.0,0.0,0.0,0.0,0.0,0.0,0.0,0.0,0.0,0.0,0.0,0.0,0.0,0.0,0.0,0.0,0,0.0,0.0,0.0,0.0,0.0,0.0,0.0,0.0,1,39951.0,2.2,0.0,0.0,0.0,0.0,0.0,0.0,0.0,0.0
273,1993-01-15,SZSE:000768,0.0,0.0,0.0,0.0,0.0,0.0,0.0,0.0,0.0,0.0,0.0,0.0,0.0,0.0,0.0,0.0,0.0,0,0.0,0.0,0.0,0.0,0.0,0.0,0.0,0.0,1,39951.0,2.2,0.0,0.0,0.0,0.0,0.0,0.0,0.0,0.0
274,1993-01-18,SZSE:000768,0.0,0.0,0.0,0.0,0.0,0.0,0.0,0.0,0.0,0.0,0.0,0.0,0.0,0.0,0.0,0.0,0.0,0,0.0,0.0,0.0,0.0,0.0,0.0,0.0,0.0,1,39951.0,2.2,0.0,0.0,0.0,0.0,0.0,0.0,0.0,0.0
275,1993-01-19,SZSE:000768,0.0,0.0,0.0,0.0,0.0,0.0,0.0,0.0,0.0,0.0,0.0,0.0,0.0,0.0,0.0,0.0,0.0,0,0.0,0.0,0.0,0.0,0.0,0.0,0.0,0.0,1,39951.0,2.2,0.0,0.0,0.0,0.0,0.0,0.0,0.0,0.0
276,1993-01-20,SZSE:000768,0.0,0.0,0.0,0.0,0.0,0.0,0.0,0.0,0.0,0.0,0.0,0.0,0.0,0.0,0.0,0.0,0.0,0,0.0,0.0,0.0,0.0,0.0,0.0,0.0,0.0,1,39951.0,2.2,0.0,0.0,0.0,0.0,0.0,0.0,0.0,0.0
277,1993-01-21,SZSE:000768,0.0,0.0,0.0,0.0,0.0,0.0,0.0,0.0,0.0,0.0,0.0,0.0,0.0,0.0,0.0,0.0,0.0,0,0.0,0.0,0.0,0.0,0.0,0.0,0.0,0.0,1,39951.0,2.2,0.0,0.0,0.0,0.0,0.0,0.0,0.0,0.0
278,1993-01-22,SZSE:000768,0.0,0.0,0.0,0.0,0.0,0.0,0.0,0.0,0.0,0.0,0.0,0.0,0.0,0.0,0.0,0.0,0.0,0,0.0,0.0,0.0,0.0,0.0,0.0,0.0,0.0,1,39951.0,2.2,0.0,0.0,0.0,0.0,0.0,0.0,0.0,0.0
279,1993-01-25,SZSE:000768,0.0,0.0,0.0,0.0,0.0,0.0,0.0,0.0,0.0,0.0,0.0,0.0,0.0,0.0,0.0,0.0,0.0,0,0.0,0.0,0.0,0.0,0.0,0.0,0.0,0.0,1,39951.0,2.2,0.0,0.0,0.0,0.0,0.0,0.0,0.0,0.0
280,1993-01-26,SZSE:000768,0.0,0.0,0.0,0.0,0.0,0.0,0.0,0.0,0.0,0.0,0.0,0.0,0.0,0.0,0.0,0.0,0.0,0,0.0,0.0,0.0,0.0,0.0,0.0,0.0,0.0,1,39951.0,2.2,0.0,0.0,0.0,0.0,0.0,0.0,0.0,0.0
281,1993-01-27,SZSE:000768,0.0,0.0,0.0,0.0,0.0,0.0,0.0,0.0,0.0,0.0,0.0,0.0,0.0,0.0,0.0,0.0,0.0,0,0.0,0.0,0.0,0.0,0.0,0.0,0.0,0.0,1,39951.0,2.2,0.0,0.0,0.0,0.0,0.0,0.0,0.0,0.0
282,1993-01-28,SZSE:000768,0.0,0.0,0.0,0.0,0.0,0.0,0.0,0.0,0.0,0.0,0.0,0.0,0.0,0.0,0.0,0.0,0.0,0,0.0,0.0,0.0,0.0,0.0,0.0,0.0,0.0,1,39951.0,2.2,0.0,0.0,0.0,0.0,0.0,0.0,0.0,0.0
283,1993-01-29,SZSE:000768,0.0,0.0,0.0,0.0,0.0,0.0,0.0,0.0,0.0,0.0,0.0,0.0,0.0,0.0,0.0,0.0,0.0,0,0.0,0.0,0.0,0.0,0.0,0.0,0.0,0.0,1,39951.0,2.2,0.0,0.0,0.0,0.0,0.0,0.0,0.0,0.0
284,1993-02-01,SZSE:000768,0.0,0.0,0.0,0.0,0.0,0.0,0.0,0.0,0.0,0.0,0.0,0.0,0.0,0.0,0.0,0.0,0.0,0,0.0,0.0,0.0,0.0,0.0,0.0,0.0,0.0,1,39951.0,2.2,0.0,0.0,0.0,0.0,0.0,0.0,0.0,0.0
285,1993-02-02,SZSE:000768,0.0,0.0,0.0,0.0,0.0,0.0,0.0,0.0,0.0,0.0,0.0,0.0,0.0,0.0,0.0,0.0,0.0,0,0.0,0.0,0.0,0.0,0.0,0.0,0.0,0.0,1,39951.0,2.2,0.0,0.0,0.0,0.0,0.0,0.0,0.0,0.0
286,1993-02-03,SZSE:000768,0.0,0.0,0.0,0.0,0.0,0.0,0.0,0.0,0.0,0.0,0.0,0.0,0.0,0.0,0.0,0.0,0.0,0,0.0,0.0,0.0,0.0,0.0,0.0,0.0,0.0,1,39951.0,2.2,0.0,0.0,0.0,0.0,0.0,0.0,0.0,0.0
287,1993-02-04,SZSE:000768,0.0,0.0,0.0,0.0,0.0,0.0,0.0,0.0,0.0,0.0,0.0,0.0,0.0,0.0,0.0,0.0,0.0,0,0.0,0.0,0.0,0.0,0.0,0.0,0.0,0.0,1,39951.0,2.2,0.0,0.0,0.0,0.0,0.0,0.0,0.0,0.0
288,1993-02-05,SZSE:000768,0.0,0.0,0.0,0.0,0.0,0.0,0.0,0.0,0.0,0.0,0.0,0.0,0.0,0.0,0.0,0.0,0.0,0,0.0,0.0,0.0,0.0,0.0,0.0,0.0,0.0,1,39951.0,2.2,0.0,0.0,0.0,0.0,0.0,0.0,0.0,0.0
289,1993-02-08,SZSE:000768,0.0,0.0,0.0,0.0,0.0,0.0,0.0,0.0,0.0,0.0,0.0,0.0,0.0,0.0,0.0,0.0,0.0,0,0.0,0.0,0.0,0.0,0.0,0.0,0.0,0.0,1,39951.0,2.2,0.0,0.0,0.0,0.0,0.0,0.0,0.0,0.0
290,1993-02-09,SZSE:000768,0.0,0.0,0.0,0.0,0.0,0.0,0.0,0.0,0.0,0.0,0.0,0.0,0.0,0.0,0.0,0.0,0.0,0,0.0,0.0,0.0,0.0,0.0,0.0,0.0,0.0,1,39951.0,2.2,0.0,0.0,0.0,0.0,0.0,0.0,0.0,0.0
291,1993-02-10,SZSE:000768,0.0,0.0,0.0,0.0,0.0,0.0,0.0,0.0,0.0,0.0,0.0,0.0,0.0,0.0,0.0,0.0,0.0,0,0.0,0.0,0.0,0.0,0.0,0.0,0.0,0.0,1,39951.0,2.2,0.0,0.0,0.0,0.0,0.0,0.0,0.0,0.0
292,1993-02-11,SZSE:000768,0.0,0.0,0.0,0.0,0.0,0.0,0.0,0.0,0.0,0.0,0.0,0.0,0.0,0.0,0.0,0.0,0.0,0,0.0,0.0,0.0,0.0,0.0,0.0,0.0,0.0,1,39951.0,2.2,0.0,0.0,0.0,0.0,0.0,0.0,0.0,0.0
293,1993-02-12,SZSE:000768,0.0,0.0,0.0,0.0,0.0,0.0,0.0,0.0,0.0,0.0,0.0,0.0,0.0,0.0,0.0,0.0,0.0,0,0.0,0.0,0.0,0.0,0.0,0.0,0.0,0.0,1,39951.0,2.2,0.0,0.0,0.0,0.0,0.0,0.0,0.0,0.0
294,1993-02-15,SZSE:000768,0.0,0.0,0.0,0.0,0.0,0.0,0.0,0.0,0.0,0.0,0.0,0.0,0.0,0.0,0.0,0.0,0.0,0,0.0,0.0,0.0,0.0,0.0,0.0,0.0,0.0,1,39951.0,2.2,0.0,0.0,0.0,0.0,0.0,0.0,0.0,0.0
295,1993-02-16,SZSE:000768,0.0,0.0,0.0,0.0,0.0,0.0,0.0,0.0,0.0,0.0,0.0,0.0,0.0,0.0,0.0,0.0,0.0,0,0.0,0.0,0.0,0.0,0.0,0.0,0.0,0.0,1,39951.0,2.2,0.0,0.0,0.0,0.0,0.0,0.0,0.0,0.0
296,1993-02-17,SZSE:000768,0.0,0.0,0.0,0.0,0.0,0.0,0.0,0.0,0.0,0.0,0.0,0.0,0.0,0.0,0.0,0.0,0.0,0,0.0,0.0,0.0,0.0,0.0,0.0,0.0,0.0,1,39951.0,2.2,0.0,0.0,0.0,0.0,0.0,0.0,0.0,0.0
297,1993-02-18,SZSE:000768,0.0,0.0,0.0,0.0,0.0,0.0,0.0,0.0,0.0,0.0,0.0,0.0,0.0,0.0,0.0,0.0,0.0,0,0.0,0.0,0.0,0.0,0.0,0.0,0.0,0.0,1,39951.0,2.2,0.0,0.0,0.0,0.0,0.0,0.0,0.0,0.0
298,1993-02-19,SZSE:000768,0.0,0.0,0.0,0.0,0.0,0.0,0.0,0.0,0.0,0.0,0.0,0.0,0.0,0.0,0.0,0.0,0.0,0,0.0,0.0,0.0,0.0,0.0,0.0,0.0,0.0,1,39951.0,2.2,0.0,0.0,0.0,0.0,0.0,0.0,0.0,0.0
299,1993-02-22,SZSE:000768,0.0,0.0,0.0,0.0,0.0,0.0,0.0,0.0,0.0,0.0,0.0,0.0,0.0,0.0,0.0,0.0,0.0,0,0.0,0.0,0.0,0.0,0.0,0.0,0.0,0.0,1,39951.0,2.2,0.0,0.0,0.0,0.0,0.0,0.0,0.0,0.0
300,1993-02-23,SZSE:000768,0.0,0.0,0.0,0.0,0.0,0.0,0.0,0.0,0.0,0.0,0.0,0.0,0.0,0.0,0.0,0.0,0.0,0,0.0,0.0,0.0,0.0,0.0,0.0,0.0,0.0,1,39951.0,2.2,0.0,0.0,0.0,0.0,0.0,0.0,0.0,0.0
301,1993-02-24,SZSE:000768,0.0,0.0,0.0,0.0,0.0,0.0,0.0,0.0,0.0,0.0,0.0,0.0,0.0,0.0,0.0,0.0,0.0,0,0.0,0.0,0.0,0.0,0.0,0.0,0.0,0.0,1,39951.0,2.2,0.0,0.0,0.0,0.0,0.0,0.0,0.0,0.0
302,1993-02-25,SZSE:000768,0.0,0.0,0.0,0.0,0.0,0.0,0.0,0.0,0.0,0.0,0.0,0.0,0.0,0.0,0.0,0.0,0.0,0,0.0,0.0,0.0,0.0,0.0,0.0,0.0,0.0,1,39951.0,2.2,0.0,0.0,0.0,0.0,0.0,0.0,0.0,0.0
303,1993-02-26,SZSE:000768,0.0,0.0,0.0,0.0,0.0,0.0,0.0,0.0,0.0,0.0,0.0,0.0,0.0,0.0,0.0,0.0,0.0,0,0.0,0.0,0.0,0.0,0.0,0.0,0.0,0.0,1,39951.0,2.2,0.0,0.0,0.0,0.0,0.0,0.0,0.0,0.0
304,1993-03-01,SZSE:000768,0.0,0.0,0.0,0.0,0.0,0.0,0.0,0.0,0.0,0.0,0.0,0.0,0.0,0.0,0.0,0.0,0.0,0,0.0,0.0,0.0,0.0,0.0,0.0,0.0,0.0,1,39951.0,2.2,0.0,0.0,0.0,0.0,0.0,0.0,0.0,0.0
305,1993-03-02,SZSE:000768,0.0,0.0,0.0,0.0,0.0,0.0,0.0,0.0,0.0,0.0,0.0,0.0,0.0,0.0,0.0,0.0,0.0,0,0.0,0.0,0.0,0.0,0.0,0.0,0.0,0.0,1,39951.0,2.2,0.0,0.0,0.0,0.0,0.0,0.0,0.0,0.0
306,1993-03-03,SZSE:000768,0.0,0.0,0.0,0.0,0.0,0.0,0.0,0.0,0.0,0.0,0.0,0.0,0.0,0.0,0.0,0.0,0.0,0,0.0,0.0,0.0,0.0,0.0,0.0,0.0,0.0,1,39951.0,2.2,0.0,0.0,0.0,0.0,0.0,0.0,0.0,0.0
307,1993-03-04,SZSE:000768,0.0,0.0,0.0,0.0,0.0,0.0,0.0,0.0,0.0,0.0,0.0,0.0,0.0,0.0,0.0,0.0,0.0,0,0.0,0.0,0.0,0.0,0.0,0.0,0.0,0.0,1,39951.0,2.2,0.0,0.0,0.0,0.0,0.0,0.0,0.0,0.0
308,1993-03-05,SZSE:000768,0.0,0.0,0.0,0.0,0.0,0.0,0.0,0.0,0.0,0.0,0.0,0.0,0.0,0.0,0.0,0.0,0.0,0,0.0,0.0,0.0,0.0,0.0,0.0,0.0,0.0,1,39951.0,2.2,0.0,0.0,0.0,0.0,0.0,0.0,0.0,0.0
309,1993-03-08,SZSE:000768,0.0,0.0,0.0,0.0,0.0,0.0,0.0,0.0,0.0,0.0,0.0,0.0,0.0,0.0,0.0,0.0,0.0,0,0.0,0.0,0.0,0.0,0.0,0.0,0.0,0.0,1,39951.0,2.2,0.0,0.0,0.0,0.0,0.0,0.0,0.0,0.0
310,1993-03-09,SZSE:000768,0.0,0.0,0.0,0.0,0.0,0.0,0.0,0.0,0.0,0.0,0.0,0.0,0.0,0.0,0.0,0.0,0.0,0,0.0,0.0,0.0,0.0,0.0,0.0,0.0,0.0,1,39951.0,2.2,0.0,0.0,0.0,0.0,0.0,0.0,0.0,0.0
311,1993-03-10,SZSE:000768,0.0,0.0,0.0,0.0,0.0,0.0,0.0,0.0,0.0,0.0,0.0,0.0,0.0,0.0,0.0,0.0,0.0,0,0.0,0.0,0.0,0.0,0.0,0.0,0.0,0.0,1,39951.0,2.2,0.0,0.0,0.0,0.0,0.0,0.0,0.0,0.0
312,1993-03-11,SZSE:000768,0.0,0.0,0.0,0.0,0.0,0.0,0.0,0.0,0.0,0.0,0.0,0.0,0.0,0.0,0.0,0.0,0.0,0,0.0,0.0,0.0,0.0,0.0,0.0,0.0,0.0,1,39951.0,2.2,0.0,0.0,0.0,0.0,0.0,0.0,0.0,0.0
313,1993-03-12,SZSE:000768,0.0,0.0,0.0,0.0,0.0,0.0,0.0,0.0,0.0,0.0,0.0,0.0,0.0,0.0,0.0,0.0,0.0,0,0.0,0.0,0.0,0.0,0.0,0.0,0.0,0.0,1,39951.0,2.2,0.0,0.0,0.0,0.0,0.0,0.0,0.0,0.0
314,1993-03-15,SZSE:000768,0.0,0.0,0.0,0.0,0.0,0.0,0.0,0.0,0.0,0.0,0.0,0.0,0.0,0.0,0.0,0.0,0.0,0,0.0,0.0,0.0,0.0,0.0,0.0,0.0,0.0,1,39951.0,2.2,0.0,0.0,0.0,0.0,0.0,0.0,0.0,0.0
315,1993-03-16,SZSE:000768,0.0,0.0,0.0,0.0,0.0,0.0,0.0,0.0,0.0,0.0,0.0,0.0,0.0,0.0,0.0,0.0,0.0,0,0.0,0.0,0.0,0.0,0.0,0.0,0.0,0.0,1,39951.0,2.2,0.0,0.0,0.0,0.0,0.0,0.0,0.0,0.0
316,1993-03-17,SZSE:000768,0.0,0.0,0.0,0.0,0.0,0.0,0.0,0.0,0.0,0.0,0.0,0.0,0.0,0.0,0.0,0.0,0.0,0,0.0,0.0,0.0,0.0,0.0,0.0,0.0,0.0,1,39951.0,2.2,0.0,0.0,0.0,0.0,0.0,0.0,0.0,0.0
317,1993-03-18,SZSE:000768,0.0,0.0,0.0,0.0,0.0,0.0,0.0,0.0,0.0,0.0,0.0,0.0,0.0,0.0,0.0,0.0,0.0,0,0.0,0.0,0.0,0.0,0.0,0.0,0.0,0.0,1,39951.0,2.2,0.0,0.0,0.0,0.0,0.0,0.0,0.0,0.0
318,1993-03-19,SZSE:000768,0.0,0.0,0.0,0.0,0.0,0.0,0.0,0.0,0.0,0.0,0.0,0.0,0.0,0.0,0.0,0.0,0.0,0,0.0,0.0,0.0,0.0,0.0,0.0,0.0,0.0,1,39951.0,2.2,0.0,0.0,0.0,0.0,0.0,0.0,0.0,0.0
319,1993-03-22,SZSE:000768,0.0,0.0,0.0,0.0,0.0,0.0,0.0,0.0,0.0,0.0,0.0,0.0,0.0,0.0,0.0,0.0,0.0,0,0.0,0.0,0.0,0.0,0.0,0.0,0.0,0.0,1,39951.0,2.2,0.0,0.0,0.0,0.0,0.0,0.0,0.0,0.0
320,1993-03-23,SZSE:000768,0.0,0.0,0.0,0.0,0.0,0.0,0.0,0.0,0.0,0.0,0.0,0.0,0.0,0.0,0.0,0.0,0.0,0,0.0,0.0,0.0,0.0,0.0,0.0,0.0,0.0,1,39951.0,2.2,0.0,0.0,0.0,0.0,0.0,0.0,0.0,0.0
321,1993-03-24,SZSE:000768,0.0,0.0,0.0,0.0,0.0,0.0,0.0,0.0,0.0,0.0,0.0,0.0,0.0,0.0,0.0,0.0,0.0,0,0.0,0.0,0.0,0.0,0.0,0.0,0.0,0.0,1,39951.0,2.2,0.0,0.0,0.0,0.0,0.0,0.0,0.0,0.0
322,1993-03-25,SZSE:000768,0.0,0.0,0.0,0.0,0.0,0.0,0.0,0.0,0.0,0.0,0.0,0.0,0.0,0.0,0.0,0.0,0.0,0,0.0,0.0,0.0,0.0,0.0,0.0,0.0,0.0,1,39951.0,2.2,0.0,0.0,0.0,0.0,0.0,0.0,0.0,0.0
323,1993-03-26,SZSE:000768,0.0,0.0,0.0,0.0,0.0,0.0,0.0,0.0,0.0,0.0,0.0,0.0,0.0,0.0,0.0,0.0,0.0,0,0.0,0.0,0.0,0.0,0.0,0.0,0.0,0.0,1,39951.0,2.2,0.0,0.0,0.0,0.0,0.0,0.0,0.0,0.0
324,1993-03-29,SZSE:000768,0.0,0.0,0.0,0.0,0.0,0.0,0.0,0.0,0.0,0.0,0.0,0.0,0.0,0.0,0.0,0.0,0.0,0,0.0,0.0,0.0,0.0,0.0,0.0,0.0,0.0,1,39951.0,2.2,0.0,0.0,0.0,0.0,0.0,0.0,0.0,0.0
325,1993-03-30,SZSE:000768,0.0,0.0,0.0,0.0,0.0,0.0,0.0,0.0,0.0,0.0,0.0,0.0,0.0,0.0,0.0,0.0,0.0,0,0.0,0.0,0.0,0.0,0.0,0.0,0.0,0.0,1,39951.0,2.2,0.0,0.0,0.0,0.0,0.0,0.0,0.0,0.0
326,1993-03-31,SZSE:000768,0.0,0.0,0.0,0.0,0.0,0.0,0.0,0.0,0.0,0.0,0.0,0.0,0.0,0.0,0.0,0.0,0.0,0,0.0,0.0,0.0,0.0,0.0,0.0,0.0,0.0,1,39951.0,2.2,0.0,0.0,0.0,0.0,0.0,0.0,0.0,0.0
327,1993-04-01,SZSE:000768,0.0,0.0,0.0,0.0,0.0,0.0,0.0,0.0,0.0,0.0,0.0,0.0,0.0,0.0,0.0,0.0,0.0,0,0.0,0.0,0.0,0.0,0.0,0.0,0.0,0.0,1,39951.0,2.2,0.0,0.0,0.0,0.0,0.0,0.0,0.0,0.0
328,1993-04-02,SZSE:000768,0.0,0.0,0.0,0.0,0.0,0.0,0.0,0.0,0.0,0.0,0.0,0.0,0.0,0.0,0.0,0.0,0.0,0,0.0,0.0,0.0,0.0,0.0,0.0,0.0,0.0,1,39951.0,2.2,0.0,0.0,0.0,0.0,0.0,0.0,0.0,0.0
329,1993-04-05,SZSE:000768,0.0,0.0,0.0,0.0,0.0,0.0,0.0,0.0,0.0,0.0,0.0,0.0,0.0,0.0,0.0,0.0,0.0,0,0.0,0.0,0.0,0.0,0.0,0.0,0.0,0.0,1,39951.0,2.2,0.0,0.0,0.0,0.0,0.0,0.0,0.0,0.0
330,1993-04-06,SZSE:000768,0.0,0.0,0.0,0.0,0.0,0.0,0.0,0.0,0.0,0.0,0.0,0.0,0.0,0.0,0.0,0.0,0.0,0,0.0,0.0,0.0,0.0,0.0,0.0,0.0,0.0,1,39951.0,2.2,0.0,0.0,0.0,0.0,0.0,0.0,0.0,0.0
331,1993-04-07,SZSE:000768,0.0,0.0,0.0,0.0,0.0,0.0,0.0,0.0,0.0,0.0,0.0,0.0,0.0,0.0,0.0,0.0,0.0,0,0.0,0.0,0.0,0.0,0.0,0.0,0.0,0.0,1,39951.0,2.2,0.0,0.0,0.0,0.0,0.0,0.0,0.0,0.0
332,1993-04-08,SZSE:000768,0.0,0.0,0.0,0.0,0.0,0.0,0.0,0.0,0.0,0.0,0.0,0.0,0.0,0.0,0.0,0.0,0.0,0,0.0,0.0,0.0,0.0,0.0,0.0,0.0,0.0,1,39951.0,2.2,0.0,0.0,0.0,0.0,0.0,0.0,0.0,0.0
333,1993-04-09,SZSE:000768,0.0,0.0,0.0,0.0,0.0,0.0,0.0,0.0,0.0,0.0,0.0,0.0,0.0,0.0,0.0,0.0,0.0,0,0.0,0.0,0.0,0.0,0.0,0.0,0.0,0.0,1,39951.0,2.2,0.0,0.0,0.0,0.0,0.0,0.0,0.0,0.0
334,1993-04-12,SZSE:000768,0.0,0.0,0.0,0.0,0.0,0.0,0.0,0.0,0.0,0.0,0.0,0.0,0.0,0.0,0.0,0.0,0.0,0,0.0,0.0,0.0,0.0,0.0,0.0,0.0,0.0,1,39951.0,2.2,0.0,0.0,0.0,0.0,0.0,0.0,0.0,0.0
335,1993-04-13,SZSE:000768,0.0,0.0,0.0,0.0,0.0,0.0,0.0,0.0,0.0,0.0,0.0,0.0,0.0,0.0,0.0,0.0,0.0,0,0.0,0.0,0.0,0.0,0.0,0.0,0.0,0.0,1,39951.0,2.2,0.0,0.0,0.0,0.0,0.0,0.0,0.0,0.0
336,1993-04-14,SZSE:000768,0.0,0.0,0.0,0.0,0.0,0.0,0.0,0.0,0.0,0.0,0.0,0.0,0.0,0.0,0.0,0.0,0.0,0,0.0,0.0,0.0,0.0,0.0,0.0,0.0,0.0,1,39951.0,2.2,0.0,0.0,0.0,0.0,0.0,0.0,0.0,0.0
337,1993-04-15,SZSE:000768,0.0,0.0,0.0,0.0,0.0,0.0,0.0,0.0,0.0,0.0,0.0,0.0,0.0,0.0,0.0,0.0,0.0,0,0.0,0.0,0.0,0.0,0.0,0.0,0.0,0.0,1,39951.0,2.2,0.0,0.0,0.0,0.0,0.0,0.0,0.0,0.0
338,1993-04-16,SZSE:000768,0.0,0.0,0.0,0.0,0.0,0.0,0.0,0.0,0.0,0.0,0.0,0.0,0.0,0.0,0.0,0.0,0.0,0,0.0,0.0,0.0,0.0,0.0,0.0,0.0,0.0,1,39951.0,2.2,0.0,0.0,0.0,0.0,0.0,0.0,0.0,0.0
339,1993-04-19,SZSE:000768,0.0,0.0,0.0,0.0,0.0,0.0,0.0,0.0,0.0,0.0,0.0,0.0,0.0,0.0,0.0,0.0,0.0,0,0.0,0.0,0.0,0.0,0.0,0.0,0.0,0.0,1,39951.0,2.2,0.0,0.0,0.0,0.0,0.0,0.0,0.0,0.0
340,1993-04-20,SZSE:000768,0.0,0.0,0.0,0.0,0.0,0.0,0.0,0.0,0.0,0.0,0.0,0.0,0.0,0.0,0.0,0.0,0.0,0,0.0,0.0,0.0,0.0,0.0,0.0,0.0,0.0,1,39951.0,2.2,0.0,0.0,0.0,0.0,0.0,0.0,0.0,0.0
341,1993-04-21,SZSE:000768,0.0,0.0,0.0,0.0,0.0,0.0,0.0,0.0,0.0,0.0,0.0,0.0,0.0,0.0,0.0,0.0,0.0,0,0.0,0.0,0.0,0.0,0.0,0.0,0.0,0.0,1,39951.0,2.2,0.0,0.0,0.0,0.0,0.0,0.0,0.0,0.0
342,1993-04-22,SZSE:000768,0.0,0.0,0.0,0.0,0.0,0.0,0.0,0.0,0.0,0.0,0.0,0.0,0.0,0.0,0.0,0.0,0.0,0,0.0,0.0,0.0,0.0,0.0,0.0,0.0,0.0,1,39951.0,2.2,0.0,0.0,0.0,0.0,0.0,0.0,0.0,0.0
343,1993-04-23,SZSE:000768,0.0,0.0,0.0,0.0,0.0,0.0,0.0,0.0,0.0,0.0,0.0,0.0,0.0,0.0,0.0,0.0,0.0,0,0.0,0.0,0.0,0.0,0.0,0.0,0.0,0.0,1,39951.0,2.2,0.0,0.0,0.0,0.0,0.0,0.0,0.0,0.0
344,1993-04-26,SZSE:000768,0.0,0.0,0.0,0.0,0.0,0.0,0.0,0.0,0.0,0.0,0.0,0.0,0.0,0.0,0.0,0.0,0.0,0,0.0,0.0,0.0,0.0,0.0,0.0,0.0,0.0,1,39951.0,2.2,0.0,0.0,0.0,0.0,0.0,0.0,0.0,0.0
345,1993-04-27,SZSE:000768,0.0,0.0,0.0,0.0,0.0,0.0,0.0,0.0,0.0,0.0,0.0,0.0,0.0,0.0,0.0,0.0,0.0,0,0.0,0.0,0.0,0.0,0.0,0.0,0.0,0.0,1,39951.0,2.2,0.0,0.0,0.0,0.0,0.0,0.0,0.0,0.0
346,1993-04-28,SZSE:000768,0.0,0.0,0.0,0.0,0.0,0.0,0.0,0.0,0.0,0.0,0.0,0.0,0.0,0.0,0.0,0.0,0.0,0,0.0,0.0,0.0,0.0,0.0,0.0,0.0,0.0,1,39951.0,2.2,0.0,0.0,0.0,0.0,0.0,0.0,0.0,0.0
347,1993-04-29,SZSE:000768,0.0,0.0,0.0,0.0,0.0,0.0,0.0,0.0,0.0,0.0,0.0,0.0,0.0,0.0,0.0,0.0,0.0,0,0.0,0.0,0.0,0.0,0.0,0.0,0.0,0.0,1,39951.0,2.2,0.0,0.0,0.0,0.0,0.0,0.0,0.0,0.0
348,1993-04-30,SZSE:000768,0.0,0.0,0.0,0.0,0.0,0.0,0.0,0.0,0.0,0.0,0.0,0.0,0.0,0.0,0.0,0.0,0.0,0,0.0,0.0,0.0,0.0,0.0,0.0,0.0,0.0,1,39951.0,2.2,0.0,0.0,0.0,0.0,0.0,0.0,0.0,0.0
349,1993-05-03,SZSE:000768,0.0,0.0,0.0,0.0,0.0,0.0,0.0,0.0,0.0,0.0,0.0,0.0,0.0,0.0,0.0,0.0,0.0,0,0.0,0.0,0.0,0.0,0.0,0.0,0.0,0.0,1,39951.0,2.2,0.0,0.0,0.0,0.0,0.0,0.0,0.0,0.0
350,1993-05-04,SZSE:000768,0.0,0.0,0.0,0.0,0.0,0.0,0.0,0.0,0.0,0.0,0.0,0.0,0.0,0.0,0.0,0.0,0.0,0,0.0,0.0,0.0,0.0,0.0,0.0,0.0,0.0,1,39951.0,2.2,0.0,0.0,0.0,0.0,0.0,0.0,0.0,0.0
351,1993-05-05,SZSE:000768,0.0,0.0,0.0,0.0,0.0,0.0,0.0,0.0,0.0,0.0,0.0,0.0,0.0,0.0,0.0,0.0,0.0,0,0.0,0.0,0.0,0.0,0.0,0.0,0.0,0.0,1,39951.0,2.2,0.0,0.0,0.0,0.0,0.0,0.0,0.0,0.0
352,1993-05-06,SZSE:000768,0.0,0.0,0.0,0.0,0.0,0.0,0.0,0.0,0.0,0.0,0.0,0.0,0.0,0.0,0.0,0.0,0.0,0,0.0,0.0,0.0,0.0,0.0,0.0,0.0,0.0,1,39951.0,2.2,0.0,0.0,0.0,0.0,0.0,0.0,0.0,0.0
353,1993-05-07,SZSE:000768,0.0,0.0,0.0,0.0,0.0,0.0,0.0,0.0,0.0,0.0,0.0,0.0,0.0,0.0,0.0,0.0,0.0,0,0.0,0.0,0.0,0.0,0.0,0.0,0.0,0.0,1,39951.0,2.2,0.0,0.0,0.0,0.0,0.0,0.0,0.0,0.0
354,1993-05-10,SZSE:000768,0.0,0.0,0.0,0.0,0.0,0.0,0.0,0.0,0.0,0.0,0.0,0.0,0.0,0.0,0.0,0.0,0.0,0,0.0,0.0,0.0,0.0,0.0,0.0,0.0,0.0,1,39951.0,2.2,0.0,0.0,0.0,0.0,0.0,0.0,0.0,0.0
355,1993-05-11,SZSE:000768,0.0,0.0,0.0,0.0,0.0,0.0,0.0,0.0,0.0,0.0,0.0,0.0,0.0,0.0,0.0,0.0,0.0,0,0.0,0.0,0.0,0.0,0.0,0.0,0.0,0.0,1,39951.0,2.2,0.0,0.0,0.0,0.0,0.0,0.0,0.0,0.0
356,1993-05-12,SZSE:000768,0.0,0.0,0.0,0.0,0.0,0.0,0.0,0.0,0.0,0.0,0.0,0.0,0.0,0.0,0.0,0.0,0.0,0,0.0,0.0,0.0,0.0,0.0,0.0,0.0,0.0,1,39951.0,2.2,0.0,0.0,0.0,0.0,0.0,0.0,0.0,0.0
357,1993-05-13,SZSE:000768,0.0,0.0,0.0,0.0,0.0,0.0,0.0,0.0,0.0,0.0,0.0,0.0,0.0,0.0,0.0,0.0,0.0,0,0.0,0.0,0.0,0.0,0.0,0.0,0.0,0.0,1,39951.0,2.2,0.0,0.0,0.0,0.0,0.0,0.0,0.0,0.0
358,1993-05-14,SZSE:000768,0.0,0.0,0.0,0.0,0.0,0.0,0.0,0.0,0.0,0.0,0.0,0.0,0.0,0.0,0.0,0.0,0.0,0,0.0,0.0,0.0,0.0,0.0,0.0,0.0,0.0,1,39951.0,2.2,0.0,0.0,0.0,0.0,0.0,0.0,0.0,0.0
359,1993-05-17,SZSE:000768,0.0,0.0,0.0,0.0,0.0,0.0,0.0,0.0,0.0,0.0,0.0,0.0,0.0,0.0,0.0,0.0,0.0,0,0.0,0.0,0.0,0.0,0.0,0.0,0.0,0.0,1,39951.0,2.2,0.0,0.0,0.0,0.0,0.0,0.0,0.0,0.0
360,1993-05-18,SZSE:000768,0.0,0.0,0.0,0.0,0.0,0.0,0.0,0.0,0.0,0.0,0.0,0.0,0.0,0.0,0.0,0.0,0.0,0,0.0,0.0,0.0,0.0,0.0,0.0,0.0,0.0,1,39951.0,2.2,0.0,0.0,0.0,0.0,0.0,0.0,0.0,0.0
361,1993-05-19,SZSE:000768,0.0,0.0,0.0,0.0,0.0,0.0,0.0,0.0,0.0,0.0,0.0,0.0,0.0,0.0,0.0,0.0,0.0,0,0.0,0.0,0.0,0.0,0.0,0.0,0.0,0.0,1,39951.0,2.2,0.0,0.0,0.0,0.0,0.0,0.0,0.0,0.0
362,1993-05-20,SZSE:000768,0.0,0.0,0.0,0.0,0.0,0.0,0.0,0.0,0.0,0.0,0.0,0.0,0.0,0.0,0.0,0.0,0.0,0,0.0,0.0,0.0,0.0,0.0,0.0,0.0,0.0,1,39951.0,2.2,0.0,0.0,0.0,0.0,0.0,0.0,0.0,0.0
363,1993-05-21,SZSE:000768,0.0,0.0,0.0,0.0,0.0,0.0,0.0,0.0,0.0,0.0,0.0,0.0,0.0,0.0,0.0,0.0,0.0,0,0.0,0.0,0.0,0.0,0.0,0.0,0.0,0.0,1,39951.0,2.2,0.0,0.0,0.0,0.0,0.0,0.0,0.0,0.0
364,1993-05-24,SZSE:000768,0.0,0.0,0.0,0.0,0.0,0.0,0.0,0.0,0.0,0.0,0.0,0.0,0.0,0.0,0.0,0.0,0.0,0,0.0,0.0,0.0,0.0,0.0,0.0,0.0,0.0,1,39951.0,2.2,0.0,0.0,0.0,0.0,0.0,0.0,0.0,0.0
365,1993-05-25,SZSE:000768,0.0,0.0,0.0,0.0,0.0,0.0,0.0,0.0,0.0,0.0,0.0,0.0,0.0,0.0,0.0,0.0,0.0,0,0.0,0.0,0.0,0.0,0.0,0.0,0.0,0.0,1,39951.0,2.2,0.0,0.0,0.0,0.0,0.0,0.0,0.0,0.0
366,1993-05-26,SZSE:000768,0.0,0.0,0.0,0.0,0.0,0.0,0.0,0.0,0.0,0.0,0.0,0.0,0.0,0.0,0.0,0.0,0.0,0,0.0,0.0,0.0,0.0,0.0,0.0,0.0,0.0,1,39951.0,2.2,0.0,0.0,0.0,0.0,0.0,0.0,0.0,0.0
367,1993-05-27,SZSE:000768,0.0,0.0,0.0,0.0,0.0,0.0,0.0,0.0,0.0,0.0,0.0,0.0,0.0,0.0,0.0,0.0,0.0,0,0.0,0.0,0.0,0.0,0.0,0.0,0.0,0.0,1,39951.0,2.2,0.0,0.0,0.0,0.0,0.0,0.0,0.0,0.0
368,1993-05-28,SZSE:000768,0.0,0.0,0.0,0.0,0.0,0.0,0.0,0.0,0.0,0.0,0.0,0.0,0.0,0.0,0.0,0.0,0.0,0,0.0,0.0,0.0,0.0,0.0,0.0,0.0,0.0,1,39951.0,2.2,0.0,0.0,0.0,0.0,0.0,0.0,0.0,0.0
369,1993-05-31,SZSE:000768,0.0,0.0,0.0,0.0,0.0,0.0,0.0,0.0,0.0,0.0,0.0,0.0,0.0,0.0,0.0,0.0,0.0,0,0.0,0.0,0.0,0.0,0.0,0.0,0.0,0.0,1,39951.0,2.2,0.0,0.0,0.0,0.0,0.0,0.0,0.0,0.0
370,1993-06-01,SZSE:000768,0.0,0.0,0.0,0.0,0.0,0.0,0.0,0.0,0.0,0.0,0.0,0.0,0.0,0.0,0.0,0.0,0.0,0,0.0,0.0,0.0,0.0,0.0,0.0,0.0,0.0,1,39951.0,2.2,0.0,0.0,0.0,0.0,0.0,0.0,0.0,0.0
371,1993-06-02,SZSE:000768,0.0,0.0,0.0,0.0,0.0,0.0,0.0,0.0,0.0,0.0,0.0,0.0,0.0,0.0,0.0,0.0,0.0,0,0.0,0.0,0.0,0.0,0.0,0.0,0.0,0.0,1,39951.0,2.2,0.0,0.0,0.0,0.0,0.0,0.0,0.0,0.0
372,1993-06-03,SZSE:000768,0.0,0.0,0.0,0.0,0.0,0.0,0.0,0.0,0.0,0.0,0.0,0.0,0.0,0.0,0.0,0.0,0.0,0,0.0,0.0,0.0,0.0,0.0,0.0,0.0,0.0,1,39951.0,2.2,0.0,0.0,0.0,0.0,0.0,0.0,0.0,0.0
373,1993-06-04,SZSE:000768,0.0,0.0,0.0,0.0,0.0,0.0,0.0,0.0,0.0,0.0,0.0,0.0,0.0,0.0,0.0,0.0,0.0,0,0.0,0.0,0.0,0.0,0.0,0.0,0.0,0.0,1,39951.0,2.2,0.0,0.0,0.0,0.0,0.0,0.0,0.0,0.0
374,1993-06-07,SZSE:000768,0.0,0.0,0.0,0.0,0.0,0.0,0.0,0.0,0.0,0.0,0.0,0.0,0.0,0.0,0.0,0.0,0.0,0,0.0,0.0,0.0,0.0,0.0,0.0,0.0,0.0,1,39951.0,2.2,0.0,0.0,0.0,0.0,0.0,0.0,0.0,0.0
375,1993-06-08,SZSE:000768,0.0,0.0,0.0,0.0,0.0,0.0,0.0,0.0,0.0,0.0,0.0,0.0,0.0,0.0,0.0,0.0,0.0,0,0.0,0.0,0.0,0.0,0.0,0.0,0.0,0.0,1,39951.0,2.2,0.0,0.0,0.0,0.0,0.0,0.0,0.0,0.0
376,1993-06-09,SZSE:000768,0.0,0.0,0.0,0.0,0.0,0.0,0.0,0.0,0.0,0.0,0.0,0.0,0.0,0.0,0.0,0.0,0.0,0,0.0,0.0,0.0,0.0,0.0,0.0,0.0,0.0,1,39951.0,2.2,0.0,0.0,0.0,0.0,0.0,0.0,0.0,0.0
377,1993-06-10,SZSE:000768,0.0,0.0,0.0,0.0,0.0,0.0,0.0,0.0,0.0,0.0,0.0,0.0,0.0,0.0,0.0,0.0,0.0,0,0.0,0.0,0.0,0.0,0.0,0.0,0.0,0.0,1,39951.0,2.2,0.0,0.0,0.0,0.0,0.0,0.0,0.0,0.0
378,1993-06-11,SZSE:000768,0.0,0.0,0.0,0.0,0.0,0.0,0.0,0.0,0.0,0.0,0.0,0.0,0.0,0.0,0.0,0.0,0.0,0,0.0,0.0,0.0,0.0,0.0,0.0,0.0,0.0,1,39951.0,2.2,0.0,0.0,0.0,0.0,0.0,0.0,0.0,0.0
379,1993-06-14,SZSE:000768,0.0,0.0,0.0,0.0,0.0,0.0,0.0,0.0,0.0,0.0,0.0,0.0,0.0,0.0,0.0,0.0,0.0,0,0.0,0.0,0.0,0.0,0.0,0.0,0.0,0.0,1,39951.0,2.2,0.0,0.0,0.0,0.0,0.0,0.0,0.0,0.0
380,1993-06-15,SZSE:000768,0.0,0.0,0.0,0.0,0.0,0.0,0.0,0.0,0.0,0.0,0.0,0.0,0.0,0.0,0.0,0.0,0.0,0,0.0,0.0,0.0,0.0,0.0,0.0,0.0,0.0,1,39951.0,2.2,0.0,0.0,0.0,0.0,0.0,0.0,0.0,0.0
381,1993-06-16,SZSE:000768,0.0,0.0,0.0,0.0,0.0,0.0,0.0,0.0,0.0,0.0,0.0,0.0,0.0,0.0,0.0,0.0,0.0,0,0.0,0.0,0.0,0.0,0.0,0.0,0.0,0.0,1,39951.0,2.2,0.0,0.0,0.0,0.0,0.0,0.0,0.0,0.0
382,1993-06-17,SZSE:000768,0.0,0.0,0.0,0.0,0.0,0.0,0.0,0.0,0.0,0.0,0.0,0.0,0.0,0.0,0.0,0.0,0.0,0,0.0,0.0,0.0,0.0,0.0,0.0,0.0,0.0,1,39951.0,2.2,0.0,0.0,0.0,0.0,0.0,0.0,0.0,0.0
383,1993-06-18,SZSE:000768,0.0,0.0,0.0,0.0,0.0,0.0,0.0,0.0,0.0,0.0,0.0,0.0,0.0,0.0,0.0,0.0,0.0,0,0.0,0.0,0.0,0.0,0.0,0.0,0.0,0.0,1,39951.0,2.2,0.0,0.0,0.0,0.0,0.0,0.0,0.0,0.0
384,1993-06-21,SZSE:000768,0.0,0.0,0.0,0.0,0.0,0.0,0.0,0.0,0.0,0.0,0.0,0.0,0.0,0.0,0.0,0.0,0.0,0,0.0,0.0,0.0,0.0,0.0,0.0,0.0,0.0,1,39951.0,2.2,0.0,0.0,0.0,0.0,0.0,0.0,0.0,0.0
385,1993-06-22,SZSE:000768,0.0,0.0,0.0,0.0,0.0,0.0,0.0,0.0,0.0,0.0,0.0,0.0,0.0,0.0,0.0,0.0,0.0,0,0.0,0.0,0.0,0.0,0.0,0.0,0.0,0.0,1,39951.0,2.2,0.0,0.0,0.0,0.0,0.0,0.0,0.0,0.0
386,1993-06-23,SZSE:000768,0.0,0.0,0.0,0.0,0.0,0.0,0.0,0.0,0.0,0.0,0.0,0.0,0.0,0.0,0.0,0.0,0.0,0,0.0,0.0,0.0,0.0,0.0,0.0,0.0,0.0,1,39951.0,2.2,0.0,0.0,0.0,0.0,0.0,0.0,0.0,0.0
387,1993-06-24,SZSE:000768,0.0,0.0,0.0,0.0,0.0,0.0,0.0,0.0,0.0,0.0,0.0,0.0,0.0,0.0,0.0,0.0,0.0,0,0.0,0.0,0.0,0.0,0.0,0.0,0.0,0.0,1,39951.0,2.2,0.0,0.0,0.0,0.0,0.0,0.0,0.0,0.0
388,1993-06-25,SZSE:000768,0.0,0.0,0.0,0.0,0.0,0.0,0.0,0.0,0.0,0.0,0.0,0.0,0.0,0.0,0.0,0.0,0.0,0,0.0,0.0,0.0,0.0,0.0,0.0,0.0,0.0,1,39951.0,2.2,0.0,0.0,0.0,0.0,0.0,0.0,0.0,0.0
389,1993-06-28,SZSE:000768,0.0,0.0,0.0,0.0,0.0,0.0,0.0,0.0,0.0,0.0,0.0,0.0,0.0,0.0,0.0,0.0,0.0,0,0.0,0.0,0.0,0.0,0.0,0.0,0.0,0.0,1,39951.0,2.2,0.0,0.0,0.0,0.0,0.0,0.0,0.0,0.0
390,1993-06-29,SZSE:000768,0.0,0.0,0.0,0.0,0.0,0.0,0.0,0.0,0.0,0.0,0.0,0.0,0.0,0.0,0.0,0.0,0.0,0,0.0,0.0,0.0,0.0,0.0,0.0,0.0,0.0,1,39951.0,2.2,0.0,0.0,0.0,0.0,0.0,0.0,0.0,0.0
391,1993-06-30,SZSE:000768,0.0,0.0,0.0,0.0,0.0,0.0,0.0,0.0,0.0,0.0,0.0,0.0,0.0,0.0,0.0,0.0,0.0,0,0.0,0.0,0.0,0.0,0.0,0.0,0.0,0.0,1,39951.0,2.2,0.0,0.0,0.0,0.0,0.0,0.0,0.0,0.0
392,1993-07-01,SZSE:000768,0.0,0.0,0.0,0.0,0.0,0.0,0.0,0.0,0.0,0.0,0.0,0.0,0.0,0.0,0.0,0.0,0.0,0,0.0,0.0,0.0,0.0,0.0,0.0,0.0,0.0,1,39951.0,2.2,0.0,0.0,0.0,0.0,0.0,0.0,0.0,0.0
393,1993-07-02,SZSE:000768,0.0,0.0,0.0,0.0,0.0,0.0,0.0,0.0,0.0,0.0,0.0,0.0,0.0,0.0,0.0,0.0,0.0,0,0.0,0.0,0.0,0.0,0.0,0.0,0.0,0.0,1,39951.0,2.2,0.0,0.0,0.0,0.0,0.0,0.0,0.0,0.0
394,1993-07-05,SZSE:000768,0.0,0.0,0.0,0.0,0.0,0.0,0.0,0.0,0.0,0.0,0.0,0.0,0.0,0.0,0.0,0.0,0.0,0,0.0,0.0,0.0,0.0,0.0,0.0,0.0,0.0,1,39951.0,2.2,0.0,0.0,0.0,0.0,0.0,0.0,0.0,0.0
395,1993-07-06,SZSE:000768,0.0,0.0,0.0,0.0,0.0,0.0,0.0,0.0,0.0,0.0,0.0,0.0,0.0,0.0,0.0,0.0,0.0,0,0.0,0.0,0.0,0.0,0.0,0.0,0.0,0.0,1,39951.0,2.2,0.0,0.0,0.0,0.0,0.0,0.0,0.0,0.0
396,1993-07-07,SZSE:000768,0.0,0.0,0.0,0.0,0.0,0.0,0.0,0.0,0.0,0.0,0.0,0.0,0.0,0.0,0.0,0.0,0.0,0,0.0,0.0,0.0,0.0,0.0,0.0,0.0,0.0,1,39951.0,2.2,0.0,0.0,0.0,0.0,0.0,0.0,0.0,0.0
397,1993-07-08,SZSE:000768,0.0,0.0,0.0,0.0,0.0,0.0,0.0,0.0,0.0,0.0,0.0,0.0,0.0,0.0,0.0,0.0,0.0,0,0.0,0.0,0.0,0.0,0.0,0.0,0.0,0.0,1,39951.0,2.2,0.0,0.0,0.0,0.0,0.0,0.0,0.0,0.0
398,1993-07-09,SZSE:000768,0.0,0.0,0.0,0.0,0.0,0.0,0.0,0.0,0.0,0.0,0.0,0.0,0.0,0.0,0.0,0.0,0.0,0,0.0,0.0,0.0,0.0,0.0,0.0,0.0,0.0,1,39951.0,2.2,0.0,0.0,0.0,0.0,0.0,0.0,0.0,0.0
399,1993-07-12,SZSE:000768,0.0,0.0,0.0,0.0,0.0,0.0,0.0,0.0,0.0,0.0,0.0,0.0,0.0,0.0,0.0,0.0,0.0,0,0.0,0.0,0.0,0.0,0.0,0.0,0.0,0.0,1,39951.0,2.2,0.0,0.0,0.0,0.0,0.0,0.0,0.0,0.0
400,1993-07-13,SZSE:000768,0.0,0.0,0.0,0.0,0.0,0.0,0.0,0.0,0.0,0.0,0.0,0.0,0.0,0.0,0.0,0.0,0.0,0,0.0,0.0,0.0,0.0,0.0,0.0,0.0,0.0,1,39951.0,2.2,0.0,0.0,0.0,0.0,0.0,0.0,0.0,0.0
401,1993-07-14,SZSE:000768,0.0,0.0,0.0,0.0,0.0,0.0,0.0,0.0,0.0,0.0,0.0,0.0,0.0,0.0,0.0,0.0,0.0,0,0.0,0.0,0.0,0.0,0.0,0.0,0.0,0.0,1,39951.0,2.2,0.0,0.0,0.0,0.0,0.0,0.0,0.0,0.0
402,1993-07-15,SZSE:000768,0.0,0.0,0.0,0.0,0.0,0.0,0.0,0.0,0.0,0.0,0.0,0.0,0.0,0.0,0.0,0.0,0.0,0,0.0,0.0,0.0,0.0,0.0,0.0,0.0,0.0,1,39951.0,2.2,0.0,0.0,0.0,0.0,0.0,0.0,0.0,0.0
403,1993-07-16,SZSE:000768,0.0,0.0,0.0,0.0,0.0,0.0,0.0,0.0,0.0,0.0,0.0,0.0,0.0,0.0,0.0,0.0,0.0,0,0.0,0.0,0.0,0.0,0.0,0.0,0.0,0.0,1,39951.0,2.2,0.0,0.0,0.0,0.0,0.0,0.0,0.0,0.0
404,1993-07-19,SZSE:000768,0.0,0.0,0.0,0.0,0.0,0.0,0.0,0.0,0.0,0.0,0.0,0.0,0.0,0.0,0.0,0.0,0.0,0,0.0,0.0,0.0,0.0,0.0,0.0,0.0,0.0,1,39951.0,2.2,0.0,0.0,0.0,0.0,0.0,0.0,0.0,0.0
405,1993-07-20,SZSE:000768,0.0,0.0,0.0,0.0,0.0,0.0,0.0,0.0,0.0,0.0,0.0,0.0,0.0,0.0,0.0,0.0,0.0,0,0.0,0.0,0.0,0.0,0.0,0.0,0.0,0.0,1,39951.0,2.2,0.0,0.0,0.0,0.0,0.0,0.0,0.0,0.0
406,1993-07-21,SZSE:000768,0.0,0.0,0.0,0.0,0.0,0.0,0.0,0.0,0.0,0.0,0.0,0.0,0.0,0.0,0.0,0.0,0.0,0,0.0,0.0,0.0,0.0,0.0,0.0,0.0,0.0,1,39951.0,2.2,0.0,0.0,0.0,0.0,0.0,0.0,0.0,0.0
407,1993-07-22,SZSE:000768,0.0,0.0,0.0,0.0,0.0,0.0,0.0,0.0,0.0,0.0,0.0,0.0,0.0,0.0,0.0,0.0,0.0,0,0.0,0.0,0.0,0.0,0.0,0.0,0.0,0.0,1,39951.0,2.2,0.0,0.0,0.0,0.0,0.0,0.0,0.0,0.0
408,1993-07-23,SZSE:000768,0.0,0.0,0.0,0.0,0.0,0.0,0.0,0.0,0.0,0.0,0.0,0.0,0.0,0.0,0.0,0.0,0.0,0,0.0,0.0,0.0,0.0,0.0,0.0,0.0,0.0,1,39951.0,2.2,0.0,0.0,0.0,0.0,0.0,0.0,0.0,0.0
409,1993-07-26,SZSE:000768,0.0,0.0,0.0,0.0,0.0,0.0,0.0,0.0,0.0,0.0,0.0,0.0,0.0,0.0,0.0,0.0,0.0,0,0.0,0.0,0.0,0.0,0.0,0.0,0.0,0.0,1,39951.0,2.2,0.0,0.0,0.0,0.0,0.0,0.0,0.0,0.0
410,1993-07-27,SZSE:000768,0.0,0.0,0.0,0.0,0.0,0.0,0.0,0.0,0.0,0.0,0.0,0.0,0.0,0.0,0.0,0.0,0.0,0,0.0,0.0,0.0,0.0,0.0,0.0,0.0,0.0,1,39951.0,2.2,0.0,0.0,0.0,0.0,0.0,0.0,0.0,0.0
411,1993-07-28,SZSE:000768,0.0,0.0,0.0,0.0,0.0,0.0,0.0,0.0,0.0,0.0,0.0,0.0,0.0,0.0,0.0,0.0,0.0,0,0.0,0.0,0.0,0.0,0.0,0.0,0.0,0.0,1,39951.0,2.2,0.0,0.0,0.0,0.0,0.0,0.0,0.0,0.0
412,1993-07-29,SZSE:000768,0.0,0.0,0.0,0.0,0.0,0.0,0.0,0.0,0.0,0.0,0.0,0.0,0.0,0.0,0.0,0.0,0.0,0,0.0,0.0,0.0,0.0,0.0,0.0,0.0,0.0,1,39951.0,2.2,0.0,0.0,0.0,0.0,0.0,0.0,0.0,0.0
413,1993-07-30,SZSE:000768,0.0,0.0,0.0,0.0,0.0,0.0,0.0,0.0,0.0,0.0,0.0,0.0,0.0,0.0,0.0,0.0,0.0,0,0.0,0.0,0.0,0.0,0.0,0.0,0.0,0.0,1,39951.0,2.2,0.0,0.0,0.0,0.0,0.0,0.0,0.0,0.0
414,1993-08-02,SZSE:000768,0.0,0.0,0.0,0.0,0.0,0.0,0.0,0.0,0.0,0.0,0.0,0.0,0.0,0.0,0.0,0.0,0.0,0,0.0,0.0,0.0,0.0,0.0,0.0,0.0,0.0,1,39951.0,2.2,0.0,0.0,0.0,0.0,0.0,0.0,0.0,0.0
415,1993-08-03,SZSE:000768,0.0,0.0,0.0,0.0,0.0,0.0,0.0,0.0,0.0,0.0,0.0,0.0,0.0,0.0,0.0,0.0,0.0,0,0.0,0.0,0.0,0.0,0.0,0.0,0.0,0.0,1,39951.0,2.2,0.0,0.0,0.0,0.0,0.0,0.0,0.0,0.0
416,1993-08-04,SZSE:000768,0.0,0.0,0.0,0.0,0.0,0.0,0.0,0.0,0.0,0.0,0.0,0.0,0.0,0.0,0.0,0.0,0.0,0,0.0,0.0,0.0,0.0,0.0,0.0,0.0,0.0,1,39951.0,2.2,0.0,0.0,0.0,0.0,0.0,0.0,0.0,0.0
417,1993-08-05,SZSE:000768,0.0,0.0,0.0,0.0,0.0,0.0,0.0,0.0,0.0,0.0,0.0,0.0,0.0,0.0,0.0,0.0,0.0,0,0.0,0.0,0.0,0.0,0.0,0.0,0.0,0.0,1,39951.0,2.2,0.0,0.0,0.0,0.0,0.0,0.0,0.0,0.0
418,1993-08-06,SZSE:000768,0.0,0.0,0.0,0.0,0.0,0.0,0.0,0.0,0.0,0.0,0.0,0.0,0.0,0.0,0.0,0.0,0.0,0,0.0,0.0,0.0,0.0,0.0,0.0,0.0,0.0,1,39951.0,2.2,0.0,0.0,0.0,0.0,0.0,0.0,0.0,0.0
419,1993-08-09,SZSE:000768,0.0,0.0,0.0,0.0,0.0,0.0,0.0,0.0,0.0,0.0,0.0,0.0,0.0,0.0,0.0,0.0,0.0,0,0.0,0.0,0.0,0.0,0.0,0.0,0.0,0.0,1,39951.0,2.2,0.0,0.0,0.0,0.0,0.0,0.0,0.0,0.0
420,1993-08-10,SZSE:000768,0.0,0.0,0.0,0.0,0.0,0.0,0.0,0.0,0.0,0.0,0.0,0.0,0.0,0.0,0.0,0.0,0.0,0,0.0,0.0,0.0,0.0,0.0,0.0,0.0,0.0,1,39951.0,2.2,0.0,0.0,0.0,0.0,0.0,0.0,0.0,0.0
421,1993-08-11,SZSE:000768,0.0,0.0,0.0,0.0,0.0,0.0,0.0,0.0,0.0,0.0,0.0,0.0,0.0,0.0,0.0,0.0,0.0,0,0.0,0.0,0.0,0.0,0.0,0.0,0.0,0.0,1,39951.0,2.2,0.0,0.0,0.0,0.0,0.0,0.0,0.0,0.0
422,1993-08-12,SZSE:000768,0.0,0.0,0.0,0.0,0.0,0.0,0.0,0.0,0.0,0.0,0.0,0.0,0.0,0.0,0.0,0.0,0.0,0,0.0,0.0,0.0,0.0,0.0,0.0,0.0,0.0,1,39951.0,2.2,0.0,0.0,0.0,0.0,0.0,0.0,0.0,0.0
423,1993-08-13,SZSE:000768,0.0,0.0,0.0,0.0,0.0,0.0,0.0,0.0,0.0,0.0,0.0,0.0,0.0,0.0,0.0,0.0,0.0,0,0.0,0.0,0.0,0.0,0.0,0.0,0.0,0.0,1,39951.0,2.2,0.0,0.0,0.0,0.0,0.0,0.0,0.0,0.0
424,1993-08-16,SZSE:000768,0.0,0.0,0.0,0.0,0.0,0.0,0.0,0.0,0.0,0.0,0.0,0.0,0.0,0.0,0.0,0.0,0.0,0,0.0,0.0,0.0,0.0,0.0,0.0,0.0,0.0,1,39951.0,2.2,0.0,0.0,0.0,0.0,0.0,0.0,0.0,0.0
425,1993-08-17,SZSE:000768,0.0,0.0,0.0,0.0,0.0,0.0,0.0,0.0,0.0,0.0,0.0,0.0,0.0,0.0,0.0,0.0,0.0,0,0.0,0.0,0.0,0.0,0.0,0.0,0.0,0.0,1,39951.0,2.2,0.0,0.0,0.0,0.0,0.0,0.0,0.0,0.0
426,1993-08-18,SZSE:000768,0.0,0.0,0.0,0.0,0.0,0.0,0.0,0.0,0.0,0.0,0.0,0.0,0.0,0.0,0.0,0.0,0.0,0,0.0,0.0,0.0,0.0,0.0,0.0,0.0,0.0,1,39951.0,2.2,0.0,0.0,0.0,0.0,0.0,0.0,0.0,0.0
427,1993-08-19,SZSE:000768,0.0,0.0,0.0,0.0,0.0,0.0,0.0,0.0,0.0,0.0,0.0,0.0,0.0,0.0,0.0,0.0,0.0,0,0.0,0.0,0.0,0.0,0.0,0.0,0.0,0.0,1,39951.0,2.2,0.0,0.0,0.0,0.0,0.0,0.0,0.0,0.0
428,1993-08-20,SZSE:000768,0.0,0.0,0.0,0.0,0.0,0.0,0.0,0.0,0.0,0.0,0.0,0.0,0.0,0.0,0.0,0.0,0.0,0,0.0,0.0,0.0,0.0,0.0,0.0,0.0,0.0,1,39951.0,2.2,0.0,0.0,0.0,0.0,0.0,0.0,0.0,0.0
429,1993-08-23,SZSE:000768,0.0,0.0,0.0,0.0,0.0,0.0,0.0,0.0,0.0,0.0,0.0,0.0,0.0,0.0,0.0,0.0,0.0,0,0.0,0.0,0.0,0.0,0.0,0.0,0.0,0.0,1,39951.0,2.2,0.0,0.0,0.0,0.0,0.0,0.0,0.0,0.0
430,1993-08-24,SZSE:000768,0.0,0.0,0.0,0.0,0.0,0.0,0.0,0.0,0.0,0.0,0.0,0.0,0.0,0.0,0.0,0.0,0.0,0,0.0,0.0,0.0,0.0,0.0,0.0,0.0,0.0,1,39951.0,2.2,0.0,0.0,0.0,0.0,0.0,0.0,0.0,0.0
431,1993-08-25,SZSE:000768,0.0,0.0,0.0,0.0,0.0,0.0,0.0,0.0,0.0,0.0,0.0,0.0,0.0,0.0,0.0,0.0,0.0,0,0.0,0.0,0.0,0.0,0.0,0.0,0.0,0.0,1,39951.0,2.2,0.0,0.0,0.0,0.0,0.0,0.0,0.0,0.0
432,1993-08-26,SZSE:000768,0.0,0.0,0.0,0.0,0.0,0.0,0.0,0.0,0.0,0.0,0.0,0.0,0.0,0.0,0.0,0.0,0.0,0,0.0,0.0,0.0,0.0,0.0,0.0,0.0,0.0,1,39951.0,2.2,0.0,0.0,0.0,0.0,0.0,0.0,0.0,0.0
433,1993-08-27,SZSE:000768,0.0,0.0,0.0,0.0,0.0,0.0,0.0,0.0,0.0,0.0,0.0,0.0,0.0,0.0,0.0,0.0,0.0,0,0.0,0.0,0.0,0.0,0.0,0.0,0.0,0.0,1,39951.0,2.2,0.0,0.0,0.0,0.0,0.0,0.0,0.0,0.0
434,1993-08-30,SZSE:000768,0.0,0.0,0.0,0.0,0.0,0.0,0.0,0.0,0.0,0.0,0.0,0.0,0.0,0.0,0.0,0.0,0.0,0,0.0,0.0,0.0,0.0,0.0,0.0,0.0,0.0,1,39951.0,2.2,0.0,0.0,0.0,0.0,0.0,0.0,0.0,0.0
435,1993-08-31,SZSE:000768,0.0,0.0,0.0,0.0,0.0,0.0,0.0,0.0,0.0,0.0,0.0,0.0,0.0,0.0,0.0,0.0,0.0,0,0.0,0.0,0.0,0.0,0.0,0.0,0.0,0.0,1,39951.0,2.2,0.0,0.0,0.0,0.0,0.0,0.0,0.0,0.0
436,1993-09-01,SZSE:000768,0.0,0.0,0.0,0.0,0.0,0.0,0.0,0.0,0.0,0.0,0.0,0.0,0.0,0.0,0.0,0.0,0.0,0,0.0,0.0,0.0,0.0,0.0,0.0,0.0,0.0,1,39951.0,2.2,0.0,0.0,0.0,0.0,0.0,0.0,0.0,0.0
437,1993-09-02,SZSE:000768,0.0,0.0,0.0,0.0,0.0,0.0,0.0,0.0,0.0,0.0,0.0,0.0,0.0,0.0,0.0,0.0,0.0,0,0.0,0.0,0.0,0.0,0.0,0.0,0.0,0.0,1,39951.0,2.2,0.0,0.0,0.0,0.0,0.0,0.0,0.0,0.0
438,1993-09-03,SZSE:000768,0.0,0.0,0.0,0.0,0.0,0.0,0.0,0.0,0.0,0.0,0.0,0.0,0.0,0.0,0.0,0.0,0.0,0,0.0,0.0,0.0,0.0,0.0,0.0,0.0,0.0,1,39951.0,2.2,0.0,0.0,0.0,0.0,0.0,0.0,0.0,0.0
439,1993-09-06,SZSE:000768,0.0,0.0,0.0,0.0,0.0,0.0,0.0,0.0,0.0,0.0,0.0,0.0,0.0,0.0,0.0,0.0,0.0,0,0.0,0.0,0.0,0.0,0.0,0.0,0.0,0.0,1,39951.0,2.2,0.0,0.0,0.0,0.0,0.0,0.0,0.0,0.0
440,1993-09-07,SZSE:000768,0.0,0.0,0.0,0.0,0.0,0.0,0.0,0.0,0.0,0.0,0.0,0.0,0.0,0.0,0.0,0.0,0.0,0,0.0,0.0,0.0,0.0,0.0,0.0,0.0,0.0,1,39951.0,2.2,0.0,0.0,0.0,0.0,0.0,0.0,0.0,0.0
441,1993-09-08,SZSE:000768,0.0,0.0,0.0,0.0,0.0,0.0,0.0,0.0,0.0,0.0,0.0,0.0,0.0,0.0,0.0,0.0,0.0,0,0.0,0.0,0.0,0.0,0.0,0.0,0.0,0.0,1,39951.0,2.2,0.0,0.0,0.0,0.0,0.0,0.0,0.0,0.0
442,1993-09-09,SZSE:000768,0.0,0.0,0.0,0.0,0.0,0.0,0.0,0.0,0.0,0.0,0.0,0.0,0.0,0.0,0.0,0.0,0.0,0,0.0,0.0,0.0,0.0,0.0,0.0,0.0,0.0,1,39951.0,2.2,0.0,0.0,0.0,0.0,0.0,0.0,0.0,0.0
443,1993-09-10,SZSE:000768,0.0,0.0,0.0,0.0,0.0,0.0,0.0,0.0,0.0,0.0,0.0,0.0,0.0,0.0,0.0,0.0,0.0,0,0.0,0.0,0.0,0.0,0.0,0.0,0.0,0.0,1,39951.0,2.2,0.0,0.0,0.0,0.0,0.0,0.0,0.0,0.0
444,1993-09-13,SZSE:000768,0.0,0.0,0.0,0.0,0.0,0.0,0.0,0.0,0.0,0.0,0.0,0.0,0.0,0.0,0.0,0.0,0.0,0,0.0,0.0,0.0,0.0,0.0,0.0,0.0,0.0,1,39951.0,2.2,0.0,0.0,0.0,0.0,0.0,0.0,0.0,0.0
445,1993-09-14,SZSE:000768,0.0,0.0,0.0,0.0,0.0,0.0,0.0,0.0,0.0,0.0,0.0,0.0,0.0,0.0,0.0,0.0,0.0,0,0.0,0.0,0.0,0.0,0.0,0.0,0.0,0.0,1,39951.0,2.2,0.0,0.0,0.0,0.0,0.0,0.0,0.0,0.0
446,1993-09-15,SZSE:000768,0.0,0.0,0.0,0.0,0.0,0.0,0.0,0.0,0.0,0.0,0.0,0.0,0.0,0.0,0.0,0.0,0.0,0,0.0,0.0,0.0,0.0,0.0,0.0,0.0,0.0,1,39951.0,2.2,0.0,0.0,0.0,0.0,0.0,0.0,0.0,0.0
447,1993-09-16,SZSE:000768,0.0,0.0,0.0,0.0,0.0,0.0,0.0,0.0,0.0,0.0,0.0,0.0,0.0,0.0,0.0,0.0,0.0,0,0.0,0.0,0.0,0.0,0.0,0.0,0.0,0.0,1,39951.0,2.2,0.0,0.0,0.0,0.0,0.0,0.0,0.0,0.0
448,1993-09-17,SZSE:000768,0.0,0.0,0.0,0.0,0.0,0.0,0.0,0.0,0.0,0.0,0.0,0.0,0.0,0.0,0.0,0.0,0.0,0,0.0,0.0,0.0,0.0,0.0,0.0,0.0,0.0,1,39951.0,2.2,0.0,0.0,0.0,0.0,0.0,0.0,0.0,0.0
449,1993-09-20,SZSE:000768,0.0,0.0,0.0,0.0,0.0,0.0,0.0,0.0,0.0,0.0,0.0,0.0,0.0,0.0,0.0,0.0,0.0,0,0.0,0.0,0.0,0.0,0.0,0.0,0.0,0.0,1,39951.0,2.2,0.0,0.0,0.0,0.0,0.0,0.0,0.0,0.0
450,1993-09-21,SZSE:000768,0.0,0.0,0.0,0.0,0.0,0.0,0.0,0.0,0.0,0.0,0.0,0.0,0.0,0.0,0.0,0.0,0.0,0,0.0,0.0,0.0,0.0,0.0,0.0,0.0,0.0,1,39951.0,2.2,0.0,0.0,0.0,0.0,0.0,0.0,0.0,0.0
451,1993-09-22,SZSE:000768,0.0,0.0,0.0,0.0,0.0,0.0,0.0,0.0,0.0,0.0,0.0,0.0,0.0,0.0,0.0,0.0,0.0,0,0.0,0.0,0.0,0.0,0.0,0.0,0.0,0.0,1,39951.0,2.2,0.0,0.0,0.0,0.0,0.0,0.0,0.0,0.0
452,1993-09-23,SZSE:000768,0.0,0.0,0.0,0.0,0.0,0.0,0.0,0.0,0.0,0.0,0.0,0.0,0.0,0.0,0.0,0.0,0.0,0,0.0,0.0,0.0,0.0,0.0,0.0,0.0,0.0,1,39951.0,2.2,0.0,0.0,0.0,0.0,0.0,0.0,0.0,0.0
453,1993-09-24,SZSE:000768,0.0,0.0,0.0,0.0,0.0,0.0,0.0,0.0,0.0,0.0,0.0,0.0,0.0,0.0,0.0,0.0,0.0,0,0.0,0.0,0.0,0.0,0.0,0.0,0.0,0.0,1,39951.0,2.2,0.0,0.0,0.0,0.0,0.0,0.0,0.0,0.0
454,1993-09-27,SZSE:000768,0.0,0.0,0.0,0.0,0.0,0.0,0.0,0.0,0.0,0.0,0.0,0.0,0.0,0.0,0.0,0.0,0.0,0,0.0,0.0,0.0,0.0,0.0,0.0,0.0,0.0,1,39951.0,2.2,0.0,0.0,0.0,0.0,0.0,0.0,0.0,0.0
455,1993-09-28,SZSE:000768,0.0,0.0,0.0,0.0,0.0,0.0,0.0,0.0,0.0,0.0,0.0,0.0,0.0,0.0,0.0,0.0,0.0,0,0.0,0.0,0.0,0.0,0.0,0.0,0.0,0.0,1,39951.0,2.2,0.0,0.0,0.0,0.0,0.0,0.0,0.0,0.0
456,1993-09-29,SZSE:000768,0.0,0.0,0.0,0.0,0.0,0.0,0.0,0.0,0.0,0.0,0.0,0.0,0.0,0.0,0.0,0.0,0.0,0,0.0,0.0,0.0,0.0,0.0,0.0,0.0,0.0,1,39951.0,2.2,0.0,0.0,0.0,0.0,0.0,0.0,0.0,0.0
457,1993-09-30,SZSE:000768,0.0,0.0,0.0,0.0,0.0,0.0,0.0,0.0,0.0,0.0,0.0,0.0,0.0,0.0,0.0,0.0,0.0,0,0.0,0.0,0.0,0.0,0.0,0.0,0.0,0.0,1,39951.0,2.2,0.0,0.0,0.0,0.0,0.0,0.0,0.0,0.0
458,1993-10-01,SZSE:000768,0.0,0.0,0.0,0.0,0.0,0.0,0.0,0.0,0.0,0.0,0.0,0.0,0.0,0.0,0.0,0.0,0.0,0,0.0,0.0,0.0,0.0,0.0,0.0,0.0,0.0,1,39951.0,2.2,0.0,0.0,0.0,0.0,0.0,0.0,0.0,0.0
459,1993-10-04,SZSE:000768,0.0,0.0,0.0,0.0,0.0,0.0,0.0,0.0,0.0,0.0,0.0,0.0,0.0,0.0,0.0,0.0,0.0,0,0.0,0.0,0.0,0.0,0.0,0.0,0.0,0.0,1,39951.0,2.2,0.0,0.0,0.0,0.0,0.0,0.0,0.0,0.0
460,1993-10-05,SZSE:000768,0.0,0.0,0.0,0.0,0.0,0.0,0.0,0.0,0.0,0.0,0.0,0.0,0.0,0.0,0.0,0.0,0.0,0,0.0,0.0,0.0,0.0,0.0,0.0,0.0,0.0,1,39951.0,2.2,0.0,0.0,0.0,0.0,0.0,0.0,0.0,0.0
461,1993-10-06,SZSE:000768,0.0,0.0,0.0,0.0,0.0,0.0,0.0,0.0,0.0,0.0,0.0,0.0,0.0,0.0,0.0,0.0,0.0,0,0.0,0.0,0.0,0.0,0.0,0.0,0.0,0.0,1,39951.0,2.2,0.0,0.0,0.0,0.0,0.0,0.0,0.0,0.0
462,1993-10-07,SZSE:000768,0.0,0.0,0.0,0.0,0.0,0.0,0.0,0.0,0.0,0.0,0.0,0.0,0.0,0.0,0.0,0.0,0.0,0,0.0,0.0,0.0,0.0,0.0,0.0,0.0,0.0,1,39951.0,2.2,0.0,0.0,0.0,0.0,0.0,0.0,0.0,0.0
463,1993-10-08,SZSE:000768,0.0,0.0,0.0,0.0,0.0,0.0,0.0,0.0,0.0,0.0,0.0,0.0,0.0,0.0,0.0,0.0,0.0,0,0.0,0.0,0.0,0.0,0.0,0.0,0.0,0.0,1,39951.0,2.2,0.0,0.0,0.0,0.0,0.0,0.0,0.0,0.0
464,1993-10-11,SZSE:000768,0.0,0.0,0.0,0.0,0.0,0.0,0.0,0.0,0.0,0.0,0.0,0.0,0.0,0.0,0.0,0.0,0.0,0,0.0,0.0,0.0,0.0,0.0,0.0,0.0,0.0,1,39951.0,2.2,0.0,0.0,0.0,0.0,0.0,0.0,0.0,0.0
465,1993-10-12,SZSE:000768,0.0,0.0,0.0,0.0,0.0,0.0,0.0,0.0,0.0,0.0,0.0,0.0,0.0,0.0,0.0,0.0,0.0,0,0.0,0.0,0.0,0.0,0.0,0.0,0.0,0.0,1,39951.0,2.2,0.0,0.0,0.0,0.0,0.0,0.0,0.0,0.0
466,1993-10-13,SZSE:000768,0.0,0.0,0.0,0.0,0.0,0.0,0.0,0.0,0.0,0.0,0.0,0.0,0.0,0.0,0.0,0.0,0.0,0,0.0,0.0,0.0,0.0,0.0,0.0,0.0,0.0,1,39951.0,2.2,0.0,0.0,0.0,0.0,0.0,0.0,0.0,0.0
467,1993-10-14,SZSE:000768,0.0,0.0,0.0,0.0,0.0,0.0,0.0,0.0,0.0,0.0,0.0,0.0,0.0,0.0,0.0,0.0,0.0,0,0.0,0.0,0.0,0.0,0.0,0.0,0.0,0.0,1,39951.0,2.2,0.0,0.0,0.0,0.0,0.0,0.0,0.0,0.0
468,1993-10-15,SZSE:000768,0.0,0.0,0.0,0.0,0.0,0.0,0.0,0.0,0.0,0.0,0.0,0.0,0.0,0.0,0.0,0.0,0.0,0,0.0,0.0,0.0,0.0,0.0,0.0,0.0,0.0,1,39951.0,2.2,0.0,0.0,0.0,0.0,0.0,0.0,0.0,0.0
469,1993-10-18,SZSE:000768,0.0,0.0,0.0,0.0,0.0,0.0,0.0,0.0,0.0,0.0,0.0,0.0,0.0,0.0,0.0,0.0,0.0,0,0.0,0.0,0.0,0.0,0.0,0.0,0.0,0.0,1,39951.0,2.2,0.0,0.0,0.0,0.0,0.0,0.0,0.0,0.0
470,1993-10-19,SZSE:000768,0.0,0.0,0.0,0.0,0.0,0.0,0.0,0.0,0.0,0.0,0.0,0.0,0.0,0.0,0.0,0.0,0.0,0,0.0,0.0,0.0,0.0,0.0,0.0,0.0,0.0,1,39951.0,2.2,0.0,0.0,0.0,0.0,0.0,0.0,0.0,0.0
471,1993-10-20,SZSE:000768,0.0,0.0,0.0,0.0,0.0,0.0,0.0,0.0,0.0,0.0,0.0,0.0,0.0,0.0,0.0,0.0,0.0,0,0.0,0.0,0.0,0.0,0.0,0.0,0.0,0.0,1,39951.0,2.2,0.0,0.0,0.0,0.0,0.0,0.0,0.0,0.0
472,1993-10-21,SZSE:000768,0.0,0.0,0.0,0.0,0.0,0.0,0.0,0.0,0.0,0.0,0.0,0.0,0.0,0.0,0.0,0.0,0.0,0,0.0,0.0,0.0,0.0,0.0,0.0,0.0,0.0,1,39951.0,2.2,0.0,0.0,0.0,0.0,0.0,0.0,0.0,0.0
473,1993-10-22,SZSE:000768,0.0,0.0,0.0,0.0,0.0,0.0,0.0,0.0,0.0,0.0,0.0,0.0,0.0,0.0,0.0,0.0,0.0,0,0.0,0.0,0.0,0.0,0.0,0.0,0.0,0.0,1,39951.0,2.2,0.0,0.0,0.0,0.0,0.0,0.0,0.0,0.0
474,1993-10-25,SZSE:000768,0.0,0.0,0.0,0.0,0.0,0.0,0.0,0.0,0.0,0.0,0.0,0.0,0.0,0.0,0.0,0.0,0.0,0,0.0,0.0,0.0,0.0,0.0,0.0,0.0,0.0,1,39951.0,2.2,0.0,0.0,0.0,0.0,0.0,0.0,0.0,0.0
475,1993-10-26,SZSE:000768,0.0,0.0,0.0,0.0,0.0,0.0,0.0,0.0,0.0,0.0,0.0,0.0,0.0,0.0,0.0,0.0,0.0,0,0.0,0.0,0.0,0.0,0.0,0.0,0.0,0.0,1,39951.0,2.2,0.0,0.0,0.0,0.0,0.0,0.0,0.0,0.0
476,1993-10-27,SZSE:000768,0.0,0.0,0.0,0.0,0.0,0.0,0.0,0.0,0.0,0.0,0.0,0.0,0.0,0.0,0.0,0.0,0.0,0,0.0,0.0,0.0,0.0,0.0,0.0,0.0,0.0,1,39951.0,2.2,0.0,0.0,0.0,0.0,0.0,0.0,0.0,0.0
477,1993-10-28,SZSE:000768,0.0,0.0,0.0,0.0,0.0,0.0,0.0,0.0,0.0,0.0,0.0,0.0,0.0,0.0,0.0,0.0,0.0,0,0.0,0.0,0.0,0.0,0.0,0.0,0.0,0.0,1,39951.0,2.2,0.0,0.0,0.0,0.0,0.0,0.0,0.0,0.0
478,1993-10-29,SZSE:000768,0.0,0.0,0.0,0.0,0.0,0.0,0.0,0.0,0.0,0.0,0.0,0.0,0.0,0.0,0.0,0.0,0.0,0,0.0,0.0,0.0,0.0,0.0,0.0,0.0,0.0,1,39951.0,2.2,0.0,0.0,0.0,0.0,0.0,0.0,0.0,0.0
479,1993-11-01,SZSE:000768,0.0,0.0,0.0,0.0,0.0,0.0,0.0,0.0,0.0,0.0,0.0,0.0,0.0,0.0,0.0,0.0,0.0,0,0.0,0.0,0.0,0.0,0.0,0.0,0.0,0.0,1,39951.0,2.2,0.0,0.0,0.0,0.0,0.0,0.0,0.0,0.0
480,1993-11-02,SZSE:000768,0.0,0.0,0.0,0.0,0.0,0.0,0.0,0.0,0.0,0.0,0.0,0.0,0.0,0.0,0.0,0.0,0.0,0,0.0,0.0,0.0,0.0,0.0,0.0,0.0,0.0,1,39951.0,2.2,0.0,0.0,0.0,0.0,0.0,0.0,0.0,0.0
481,1993-11-03,SZSE:000768,0.0,0.0,0.0,0.0,0.0,0.0,0.0,0.0,0.0,0.0,0.0,0.0,0.0,0.0,0.0,0.0,0.0,0,0.0,0.0,0.0,0.0,0.0,0.0,0.0,0.0,1,39951.0,2.2,0.0,0.0,0.0,0.0,0.0,0.0,0.0,0.0
482,1993-11-04,SZSE:000768,0.0,0.0,0.0,0.0,0.0,0.0,0.0,0.0,0.0,0.0,0.0,0.0,0.0,0.0,0.0,0.0,0.0,0,0.0,0.0,0.0,0.0,0.0,0.0,0.0,0.0,1,39951.0,2.2,0.0,0.0,0.0,0.0,0.0,0.0,0.0,0.0
483,1993-11-05,SZSE:000768,0.0,0.0,0.0,0.0,0.0,0.0,0.0,0.0,0.0,0.0,0.0,0.0,0.0,0.0,0.0,0.0,0.0,0,0.0,0.0,0.0,0.0,0.0,0.0,0.0,0.0,1,39951.0,2.2,0.0,0.0,0.0,0.0,0.0,0.0,0.0,0.0
484,1993-11-08,SZSE:000768,0.0,0.0,0.0,0.0,0.0,0.0,0.0,0.0,0.0,0.0,0.0,0.0,0.0,0.0,0.0,0.0,0.0,0,0.0,0.0,0.0,0.0,0.0,0.0,0.0,0.0,1,39951.0,2.2,0.0,0.0,0.0,0.0,0.0,0.0,0.0,0.0
485,1993-11-09,SZSE:000768,0.0,0.0,0.0,0.0,0.0,0.0,0.0,0.0,0.0,0.0,0.0,0.0,0.0,0.0,0.0,0.0,0.0,0,0.0,0.0,0.0,0.0,0.0,0.0,0.0,0.0,1,39951.0,2.2,0.0,0.0,0.0,0.0,0.0,0.0,0.0,0.0
486,1993-11-10,SZSE:000768,0.0,0.0,0.0,0.0,0.0,0.0,0.0,0.0,0.0,0.0,0.0,0.0,0.0,0.0,0.0,0.0,0.0,0,0.0,0.0,0.0,0.0,0.0,0.0,0.0,0.0,1,39951.0,2.2,0.0,0.0,0.0,0.0,0.0,0.0,0.0,0.0
487,1993-11-11,SZSE:000768,0.0,0.0,0.0,0.0,0.0,0.0,0.0,0.0,0.0,0.0,0.0,0.0,0.0,0.0,0.0,0.0,0.0,0,0.0,0.0,0.0,0.0,0.0,0.0,0.0,0.0,1,39951.0,2.2,0.0,0.0,0.0,0.0,0.0,0.0,0.0,0.0
488,1993-11-12,SZSE:000768,0.0,0.0,0.0,0.0,0.0,0.0,0.0,0.0,0.0,0.0,0.0,0.0,0.0,0.0,0.0,0.0,0.0,0,0.0,0.0,0.0,0.0,0.0,0.0,0.0,0.0,1,39951.0,2.2,0.0,0.0,0.0,0.0,0.0,0.0,0.0,0.0
489,1993-11-15,SZSE:000768,0.0,0.0,0.0,0.0,0.0,0.0,0.0,0.0,0.0,0.0,0.0,0.0,0.0,0.0,0.0,0.0,0.0,0,0.0,0.0,0.0,0.0,0.0,0.0,0.0,0.0,1,39951.0,2.2,0.0,0.0,0.0,0.0,0.0,0.0,0.0,0.0
490,1993-11-16,SZSE:000768,0.0,0.0,0.0,0.0,0.0,0.0,0.0,0.0,0.0,0.0,0.0,0.0,0.0,0.0,0.0,0.0,0.0,0,0.0,0.0,0.0,0.0,0.0,0.0,0.0,0.0,1,39951.0,2.2,0.0,0.0,0.0,0.0,0.0,0.0,0.0,0.0
491,1993-11-17,SZSE:000768,0.0,0.0,0.0,0.0,0.0,0.0,0.0,0.0,0.0,0.0,0.0,0.0,0.0,0.0,0.0,0.0,0.0,0,0.0,0.0,0.0,0.0,0.0,0.0,0.0,0.0,1,39951.0,2.2,0.0,0.0,0.0,0.0,0.0,0.0,0.0,0.0
492,1993-11-18,SZSE:000768,0.0,0.0,0.0,0.0,0.0,0.0,0.0,0.0,0.0,0.0,0.0,0.0,0.0,0.0,0.0,0.0,0.0,0,0.0,0.0,0.0,0.0,0.0,0.0,0.0,0.0,1,39951.0,2.2,0.0,0.0,0.0,0.0,0.0,0.0,0.0,0.0
493,1993-11-19,SZSE:000768,0.0,0.0,0.0,0.0,0.0,0.0,0.0,0.0,0.0,0.0,0.0,0.0,0.0,0.0,0.0,0.0,0.0,0,0.0,0.0,0.0,0.0,0.0,0.0,0.0,0.0,1,39951.0,2.2,0.0,0.0,0.0,0.0,0.0,0.0,0.0,0.0
494,1993-11-22,SZSE:000768,0.0,0.0,0.0,0.0,0.0,0.0,0.0,0.0,0.0,0.0,0.0,0.0,0.0,0.0,0.0,0.0,0.0,0,0.0,0.0,0.0,0.0,0.0,0.0,0.0,0.0,1,39951.0,2.2,0.0,0.0,0.0,0.0,0.0,0.0,0.0,0.0
495,1993-11-23,SZSE:000768,0.0,0.0,0.0,0.0,0.0,0.0,0.0,0.0,0.0,0.0,0.0,0.0,0.0,0.0,0.0,0.0,0.0,0,0.0,0.0,0.0,0.0,0.0,0.0,0.0,0.0,1,39951.0,2.2,0.0,0.0,0.0,0.0,0.0,0.0,0.0,0.0
496,1993-11-24,SZSE:000768,0.0,0.0,0.0,0.0,0.0,0.0,0.0,0.0,0.0,0.0,0.0,0.0,0.0,0.0,0.0,0.0,0.0,0,0.0,0.0,0.0,0.0,0.0,0.0,0.0,0.0,1,39951.0,2.2,0.0,0.0,0.0,0.0,0.0,0.0,0.0,0.0
497,1993-11-25,SZSE:000768,0.0,0.0,0.0,0.0,0.0,0.0,0.0,0.0,0.0,0.0,0.0,0.0,0.0,0.0,0.0,0.0,0.0,0,0.0,0.0,0.0,0.0,0.0,0.0,0.0,0.0,1,39951.0,2.2,0.0,0.0,0.0,0.0,0.0,0.0,0.0,0.0
498,1993-11-26,SZSE:000768,0.0,0.0,0.0,0.0,0.0,0.0,0.0,0.0,0.0,0.0,0.0,0.0,0.0,0.0,0.0,0.0,0.0,0,0.0,0.0,0.0,0.0,0.0,0.0,0.0,0.0,1,39951.0,2.2,0.0,0.0,0.0,0.0,0.0,0.0,0.0,0.0
499,1993-11-29,SZSE:000768,0.0,0.0,0.0,0.0,0.0,0.0,0.0,0.0,0.0,0.0,0.0,0.0,0.0,0.0,0.0,0.0,0.0,0,0.0,0.0,0.0,0.0,0.0,0.0,0.0,0.0,1,39951.0,2.2,0.0,0.0,0.0,0.0,0.0,0.0,0.0,0.0
500,1993-11-30,SZSE:000768,0.0,0.0,0.0,0.0,0.0,0.0,0.0,0.0,0.0,0.0,0.0,0.0,0.0,0.0,0.0,0.0,0.0,0,0.0,0.0,0.0,0.0,0.0,0.0,0.0,0.0,1,39951.0,2.2,0.0,0.0,0.0,0.0,0.0,0.0,0.0,0.0
501,1993-12-01,SZSE:000768,0.0,0.0,0.0,0.0,0.0,0.0,0.0,0.0,0.0,0.0,0.0,0.0,0.0,0.0,0.0,0.0,0.0,0,0.0,0.0,0.0,0.0,0.0,0.0,0.0,0.0,1,39951.0,2.2,0.0,0.0,0.0,0.0,0.0,0.0,0.0,0.0
502,1993-12-02,SZSE:000768,0.0,0.0,0.0,0.0,0.0,0.0,0.0,0.0,0.0,0.0,0.0,0.0,0.0,0.0,0.0,0.0,0.0,0,0.0,0.0,0.0,0.0,0.0,0.0,0.0,0.0,1,39951.0,2.2,0.0,0.0,0.0,0.0,0.0,0.0,0.0,0.0
503,1993-12-03,SZSE:000768,0.0,0.0,0.0,0.0,0.0,0.0,0.0,0.0,0.0,0.0,0.0,0.0,0.0,0.0,0.0,0.0,0.0,0,0.0,0.0,0.0,0.0,0.0,0.0,0.0,0.0,1,39951.0,2.2,0.0,0.0,0.0,0.0,0.0,0.0,0.0,0.0
504,1993-12-06,SZSE:000768,0.0,0.0,0.0,0.0,0.0,0.0,0.0,0.0,0.0,0.0,0.0,0.0,0.0,0.0,0.0,0.0,0.0,0,0.0,0.0,0.0,0.0,0.0,0.0,0.0,0.0,1,39951.0,2.2,0.0,0.0,0.0,0.0,0.0,0.0,0.0,0.0
505,1993-12-07,SZSE:000768,0.0,0.0,0.0,0.0,0.0,0.0,0.0,0.0,0.0,0.0,0.0,0.0,0.0,0.0,0.0,0.0,0.0,0,0.0,0.0,0.0,0.0,0.0,0.0,0.0,0.0,1,39951.0,2.2,0.0,0.0,0.0,0.0,0.0,0.0,0.0,0.0
506,1993-12-08,SZSE:000768,0.0,0.0,0.0,0.0,0.0,0.0,0.0,0.0,0.0,0.0,0.0,0.0,0.0,0.0,0.0,0.0,0.0,0,0.0,0.0,0.0,0.0,0.0,0.0,0.0,0.0,1,39951.0,2.2,0.0,0.0,0.0,0.0,0.0,0.0,0.0,0.0
507,1993-12-09,SZSE:000768,0.0,0.0,0.0,0.0,0.0,0.0,0.0,0.0,0.0,0.0,0.0,0.0,0.0,0.0,0.0,0.0,0.0,0,0.0,0.0,0.0,0.0,0.0,0.0,0.0,0.0,1,39951.0,2.2,0.0,0.0,0.0,0.0,0.0,0.0,0.0,0.0
508,1993-12-10,SZSE:000768,0.0,0.0,0.0,0.0,0.0,0.0,0.0,0.0,0.0,0.0,0.0,0.0,0.0,0.0,0.0,0.0,0.0,0,0.0,0.0,0.0,0.0,0.0,0.0,0.0,0.0,1,39951.0,2.2,0.0,0.0,0.0,0.0,0.0,0.0,0.0,0.0
509,1993-12-13,SZSE:000768,0.0,0.0,0.0,0.0,0.0,0.0,0.0,0.0,0.0,0.0,0.0,0.0,0.0,0.0,0.0,0.0,0.0,0,0.0,0.0,0.0,0.0,0.0,0.0,0.0,0.0,1,39951.0,2.2,0.0,0.0,0.0,0.0,0.0,0.0,0.0,0.0
510,1993-12-14,SZSE:000768,0.0,0.0,0.0,0.0,0.0,0.0,0.0,0.0,0.0,0.0,0.0,0.0,0.0,0.0,0.0,0.0,0.0,0,0.0,0.0,0.0,0.0,0.0,0.0,0.0,0.0,1,39951.0,2.2,0.0,0.0,0.0,0.0,0.0,0.0,0.0,0.0
511,1993-12-15,SZSE:000768,0.0,0.0,0.0,0.0,0.0,0.0,0.0,0.0,0.0,0.0,0.0,0.0,0.0,0.0,0.0,0.0,0.0,0,0.0,0.0,0.0,0.0,0.0,0.0,0.0,0.0,1,39951.0,2.2,0.0,0.0,0.0,0.0,0.0,0.0,0.0,0.0
512,1993-12-16,SZSE:000768,0.0,0.0,0.0,0.0,0.0,0.0,0.0,0.0,0.0,0.0,0.0,0.0,0.0,0.0,0.0,0.0,0.0,0,0.0,0.0,0.0,0.0,0.0,0.0,0.0,0.0,1,39951.0,2.2,0.0,0.0,0.0,0.0,0.0,0.0,0.0,0.0
513,1993-12-17,SZSE:000768,0.0,0.0,0.0,0.0,0.0,0.0,0.0,0.0,0.0,0.0,0.0,0.0,0.0,0.0,0.0,0.0,0.0,0,0.0,0.0,0.0,0.0,0.0,0.0,0.0,0.0,1,39951.0,2.2,0.0,0.0,0.0,0.0,0.0,0.0,0.0,0.0
514,1993-12-20,SZSE:000768,0.0,0.0,0.0,0.0,0.0,0.0,0.0,0.0,0.0,0.0,0.0,0.0,0.0,0.0,0.0,0.0,0.0,0,0.0,0.0,0.0,0.0,0.0,0.0,0.0,0.0,1,39951.0,2.2,0.0,0.0,0.0,0.0,0.0,0.0,0.0,0.0
515,1993-12-21,SZSE:000768,0.0,0.0,0.0,0.0,0.0,0.0,0.0,0.0,0.0,0.0,0.0,0.0,0.0,0.0,0.0,0.0,0.0,0,0.0,0.0,0.0,0.0,0.0,0.0,0.0,0.0,1,39951.0,2.2,0.0,0.0,0.0,0.0,0.0,0.0,0.0,0.0
516,1993-12-22,SZSE:000768,0.0,0.0,0.0,0.0,0.0,0.0,0.0,0.0,0.0,0.0,0.0,0.0,0.0,0.0,0.0,0.0,0.0,0,0.0,0.0,0.0,0.0,0.0,0.0,0.0,0.0,1,39951.0,2.2,0.0,0.0,0.0,0.0,0.0,0.0,0.0,0.0
517,1993-12-23,SZSE:000768,0.0,0.0,0.0,0.0,0.0,0.0,0.0,0.0,0.0,0.0,0.0,0.0,0.0,0.0,0.0,0.0,0.0,0,0.0,0.0,0.0,0.0,0.0,0.0,0.0,0.0,1,39951.0,2.2,0.0,0.0,0.0,0.0,0.0,0.0,0.0,0.0
518,1993-12-24,SZSE:000768,0.0,0.0,0.0,0.0,0.0,0.0,0.0,0.0,0.0,0.0,0.0,0.0,0.0,0.0,0.0,0.0,0.0,0,0.0,0.0,0.0,0.0,0.0,0.0,0.0,0.0,1,39951.0,2.2,0.0,0.0,0.0,0.0,0.0,0.0,0.0,0.0
519,1993-12-27,SZSE:000768,0.0,0.0,0.0,0.0,0.0,0.0,0.0,0.0,0.0,0.0,0.0,0.0,0.0,0.0,0.0,0.0,0.0,0,0.0,0.0,0.0,0.0,0.0,0.0,0.0,0.0,1,39951.0,2.2,0.0,0.0,0.0,0.0,0.0,0.0,0.0,0.0
520,1993-12-28,SZSE:000768,0.0,0.0,0.0,0.0,0.0,0.0,0.0,0.0,0.0,0.0,0.0,0.0,0.0,0.0,0.0,0.0,0.0,0,0.0,0.0,0.0,0.0,0.0,0.0,0.0,0.0,1,39951.0,2.2,0.0,0.0,0.0,0.0,0.0,0.0,0.0,0.0
521,1993-12-29,SZSE:000768,0.0,0.0,0.0,0.0,0.0,0.0,0.0,0.0,0.0,0.0,0.0,0.0,0.0,0.0,0.0,0.0,0.0,0,0.0,0.0,0.0,0.0,0.0,0.0,0.0,0.0,1,39951.0,2.2,0.0,0.0,0.0,0.0,0.0,0.0,0.0,0.0
522,1993-12-30,SZSE:000768,0.0,0.0,0.0,0.0,0.0,0.0,0.0,0.0,0.0,0.0,0.0,0.0,0.0,0.0,0.0,0.0,0.0,0,0.0,0.0,0.0,0.0,0.0,0.0,0.0,0.0,1,39951.0,2.2,0.0,0.0,0.0,0.0,0.0,0.0,0.0,0.0
523,1993-12-31,SZSE:000768,0.0,0.0,0.0,0.0,0.0,0.0,0.0,0.0,0.0,0.0,0.0,0.0,0.0,0.0,0.0,0.0,0.0,0,0.0,0.0,0.0,0.0,0.0,0.0,0.0,0.0,1,39951.0,2.2,0.0,0.0,0.0,0.0,0.0,0.0,0.0,0.0
524,1994-01-03,SZSE:000768,0.0,0.0,0.0,0.0,0.0,0.0,0.0,0.0,0.0,0.0,0.0,0.0,0.0,0.0,0.0,0.0,0.0,0,0.0,0.0,0.0,0.0,0.0,0.0,0.0,0.0,1,39951.0,2.2,0.0,0.0,0.0,0.0,0.0,0.0,0.0,0.0
525,1994-01-04,SZSE:000768,0.0,0.0,0.0,0.0,0.0,0.0,0.0,0.0,0.0,0.0,0.0,0.0,0.0,0.0,0.0,0.0,0.0,0,0.0,0.0,0.0,0.0,0.0,0.0,0.0,0.0,1,39951.0,2.2,0.0,0.0,0.0,0.0,0.0,0.0,0.0,0.0
526,1994-01-05,SZSE:000768,0.0,0.0,0.0,0.0,0.0,0.0,0.0,0.0,0.0,0.0,0.0,0.0,0.0,0.0,0.0,0.0,0.0,0,0.0,0.0,0.0,0.0,0.0,0.0,0.0,0.0,1,39951.0,2.2,0.0,0.0,0.0,0.0,0.0,0.0,0.0,0.0
527,1994-01-06,SZSE:000768,0.0,0.0,0.0,0.0,0.0,0.0,0.0,0.0,0.0,0.0,0.0,0.0,0.0,0.0,0.0,0.0,0.0,0,0.0,0.0,0.0,0.0,0.0,0.0,0.0,0.0,1,39951.0,2.2,0.0,0.0,0.0,0.0,0.0,0.0,0.0,0.0
528,1994-01-07,SZSE:000768,0.0,0.0,0.0,0.0,0.0,0.0,0.0,0.0,0.0,0.0,0.0,0.0,0.0,0.0,0.0,0.0,0.0,0,0.0,0.0,0.0,0.0,0.0,0.0,0.0,0.0,1,39951.0,2.2,0.0,0.0,0.0,0.0,0.0,0.0,0.0,0.0
529,1994-01-10,SZSE:000768,0.0,0.0,0.0,0.0,0.0,0.0,0.0,0.0,0.0,0.0,0.0,0.0,0.0,0.0,0.0,0.0,0.0,0,0.0,0.0,0.0,0.0,0.0,0.0,0.0,0.0,1,39951.0,2.2,0.0,0.0,0.0,0.0,0.0,0.0,0.0,0.0
530,1994-01-11,SZSE:000768,0.0,0.0,0.0,0.0,0.0,0.0,0.0,0.0,0.0,0.0,0.0,0.0,0.0,0.0,0.0,0.0,0.0,0,0.0,0.0,0.0,0.0,0.0,0.0,0.0,0.0,1,39951.0,2.2,0.0,0.0,0.0,0.0,0.0,0.0,0.0,0.0
531,1994-01-12,SZSE:000768,0.0,0.0,0.0,0.0,0.0,0.0,0.0,0.0,0.0,0.0,0.0,0.0,0.0,0.0,0.0,0.0,0.0,0,0.0,0.0,0.0,0.0,0.0,0.0,0.0,0.0,1,39951.0,2.2,0.0,0.0,0.0,0.0,0.0,0.0,0.0,0.0
532,1994-01-13,SZSE:000768,0.0,0.0,0.0,0.0,0.0,0.0,0.0,0.0,0.0,0.0,0.0,0.0,0.0,0.0,0.0,0.0,0.0,0,0.0,0.0,0.0,0.0,0.0,0.0,0.0,0.0,1,39951.0,2.2,0.0,0.0,0.0,0.0,0.0,0.0,0.0,0.0
533,1994-01-14,SZSE:000768,0.0,0.0,0.0,0.0,0.0,0.0,0.0,0.0,0.0,0.0,0.0,0.0,0.0,0.0,0.0,0.0,0.0,0,0.0,0.0,0.0,0.0,0.0,0.0,0.0,0.0,1,39951.0,2.2,0.0,0.0,0.0,0.0,0.0,0.0,0.0,0.0
534,1994-01-17,SZSE:000768,0.0,0.0,0.0,0.0,0.0,0.0,0.0,0.0,0.0,0.0,0.0,0.0,0.0,0.0,0.0,0.0,0.0,0,0.0,0.0,0.0,0.0,0.0,0.0,0.0,0.0,1,39951.0,2.2,0.0,0.0,0.0,0.0,0.0,0.0,0.0,0.0
535,1994-01-18,SZSE:000768,0.0,0.0,0.0,0.0,0.0,0.0,0.0,0.0,0.0,0.0,0.0,0.0,0.0,0.0,0.0,0.0,0.0,0,0.0,0.0,0.0,0.0,0.0,0.0,0.0,0.0,1,39951.0,2.2,0.0,0.0,0.0,0.0,0.0,0.0,0.0,0.0
536,1994-01-19,SZSE:000768,0.0,0.0,0.0,0.0,0.0,0.0,0.0,0.0,0.0,0.0,0.0,0.0,0.0,0.0,0.0,0.0,0.0,0,0.0,0.0,0.0,0.0,0.0,0.0,0.0,0.0,1,39951.0,2.2,0.0,0.0,0.0,0.0,0.0,0.0,0.0,0.0
537,1994-01-20,SZSE:000768,0.0,0.0,0.0,0.0,0.0,0.0,0.0,0.0,0.0,0.0,0.0,0.0,0.0,0.0,0.0,0.0,0.0,0,0.0,0.0,0.0,0.0,0.0,0.0,0.0,0.0,1,39951.0,2.2,0.0,0.0,0.0,0.0,0.0,0.0,0.0,0.0
538,1994-01-21,SZSE:000768,0.0,0.0,0.0,0.0,0.0,0.0,0.0,0.0,0.0,0.0,0.0,0.0,0.0,0.0,0.0,0.0,0.0,0,0.0,0.0,0.0,0.0,0.0,0.0,0.0,0.0,1,39951.0,2.2,0.0,0.0,0.0,0.0,0.0,0.0,0.0,0.0
539,1994-01-24,SZSE:000768,0.0,0.0,0.0,0.0,0.0,0.0,0.0,0.0,0.0,0.0,0.0,0.0,0.0,0.0,0.0,0.0,0.0,0,0.0,0.0,0.0,0.0,0.0,0.0,0.0,0.0,1,39951.0,2.2,0.0,0.0,0.0,0.0,0.0,0.0,0.0,0.0
540,1994-01-25,SZSE:000768,0.0,0.0,0.0,0.0,0.0,0.0,0.0,0.0,0.0,0.0,0.0,0.0,0.0,0.0,0.0,0.0,0.0,0,0.0,0.0,0.0,0.0,0.0,0.0,0.0,0.0,1,39951.0,2.2,0.0,0.0,0.0,0.0,0.0,0.0,0.0,0.0
541,1994-01-26,SZSE:000768,0.0,0.0,0.0,0.0,0.0,0.0,0.0,0.0,0.0,0.0,0.0,0.0,0.0,0.0,0.0,0.0,0.0,0,0.0,0.0,0.0,0.0,0.0,0.0,0.0,0.0,1,39951.0,2.2,0.0,0.0,0.0,0.0,0.0,0.0,0.0,0.0
542,1994-01-27,SZSE:000768,0.0,0.0,0.0,0.0,0.0,0.0,0.0,0.0,0.0,0.0,0.0,0.0,0.0,0.0,0.0,0.0,0.0,0,0.0,0.0,0.0,0.0,0.0,0.0,0.0,0.0,1,39951.0,2.2,0.0,0.0,0.0,0.0,0.0,0.0,0.0,0.0
543,1994-01-28,SZSE:000768,0.0,0.0,0.0,0.0,0.0,0.0,0.0,0.0,0.0,0.0,0.0,0.0,0.0,0.0,0.0,0.0,0.0,0,0.0,0.0,0.0,0.0,0.0,0.0,0.0,0.0,1,39951.0,2.2,0.0,0.0,0.0,0.0,0.0,0.0,0.0,0.0
544,1994-01-31,SZSE:000768,0.0,0.0,0.0,0.0,0.0,0.0,0.0,0.0,0.0,0.0,0.0,0.0,0.0,0.0,0.0,0.0,0.0,0,0.0,0.0,0.0,0.0,0.0,0.0,0.0,0.0,1,39951.0,2.2,0.0,0.0,0.0,0.0,0.0,0.0,0.0,0.0
545,1994-02-01,SZSE:000768,0.0,0.0,0.0,0.0,0.0,0.0,0.0,0.0,0.0,0.0,0.0,0.0,0.0,0.0,0.0,0.0,0.0,0,0.0,0.0,0.0,0.0,0.0,0.0,0.0,0.0,1,39951.0,2.2,0.0,0.0,0.0,0.0,0.0,0.0,0.0,0.0
546,1994-02-02,SZSE:000768,0.0,0.0,0.0,0.0,0.0,0.0,0.0,0.0,0.0,0.0,0.0,0.0,0.0,0.0,0.0,0.0,0.0,0,0.0,0.0,0.0,0.0,0.0,0.0,0.0,0.0,1,39951.0,2.2,0.0,0.0,0.0,0.0,0.0,0.0,0.0,0.0
547,1994-02-03,SZSE:000768,0.0,0.0,0.0,0.0,0.0,0.0,0.0,0.0,0.0,0.0,0.0,0.0,0.0,0.0,0.0,0.0,0.0,0,0.0,0.0,0.0,0.0,0.0,0.0,0.0,0.0,1,39951.0,2.2,0.0,0.0,0.0,0.0,0.0,0.0,0.0,0.0
548,1994-02-04,SZSE:000768,0.0,0.0,0.0,0.0,0.0,0.0,0.0,0.0,0.0,0.0,0.0,0.0,0.0,0.0,0.0,0.0,0.0,0,0.0,0.0,0.0,0.0,0.0,0.0,0.0,0.0,1,39951.0,2.2,0.0,0.0,0.0,0.0,0.0,0.0,0.0,0.0
549,1994-02-07,SZSE:000768,0.0,0.0,0.0,0.0,0.0,0.0,0.0,0.0,0.0,0.0,0.0,0.0,0.0,0.0,0.0,0.0,0.0,0,0.0,0.0,0.0,0.0,0.0,0.0,0.0,0.0,1,39951.0,2.2,0.0,0.0,0.0,0.0,0.0,0.0,0.0,0.0
550,1994-02-08,SZSE:000768,0.0,0.0,0.0,0.0,0.0,0.0,0.0,0.0,0.0,0.0,0.0,0.0,0.0,0.0,0.0,0.0,0.0,0,0.0,0.0,0.0,0.0,0.0,0.0,0.0,0.0,1,39951.0,2.2,0.0,0.0,0.0,0.0,0.0,0.0,0.0,0.0
551,1994-02-09,SZSE:000768,0.0,0.0,0.0,0.0,0.0,0.0,0.0,0.0,0.0,0.0,0.0,0.0,0.0,0.0,0.0,0.0,0.0,0,0.0,0.0,0.0,0.0,0.0,0.0,0.0,0.0,1,39951.0,2.2,0.0,0.0,0.0,0.0,0.0,0.0,0.0,0.0
552,1994-02-10,SZSE:000768,0.0,0.0,0.0,0.0,0.0,0.0,0.0,0.0,0.0,0.0,0.0,0.0,0.0,0.0,0.0,0.0,0.0,0,0.0,0.0,0.0,0.0,0.0,0.0,0.0,0.0,1,39951.0,2.2,0.0,0.0,0.0,0.0,0.0,0.0,0.0,0.0
553,1994-02-11,SZSE:000768,0.0,0.0,0.0,0.0,0.0,0.0,0.0,0.0,0.0,0.0,0.0,0.0,0.0,0.0,0.0,0.0,0.0,0,0.0,0.0,0.0,0.0,0.0,0.0,0.0,0.0,1,39951.0,2.2,0.0,0.0,0.0,0.0,0.0,0.0,0.0,0.0
554,1994-02-14,SZSE:000768,0.0,0.0,0.0,0.0,0.0,0.0,0.0,0.0,0.0,0.0,0.0,0.0,0.0,0.0,0.0,0.0,0.0,0,0.0,0.0,0.0,0.0,0.0,0.0,0.0,0.0,1,39951.0,2.2,0.0,0.0,0.0,0.0,0.0,0.0,0.0,0.0
555,1994-02-15,SZSE:000768,0.0,0.0,0.0,0.0,0.0,0.0,0.0,0.0,0.0,0.0,0.0,0.0,0.0,0.0,0.0,0.0,0.0,0,0.0,0.0,0.0,0.0,0.0,0.0,0.0,0.0,1,39951.0,2.2,0.0,0.0,0.0,0.0,0.0,0.0,0.0,0.0
556,1994-02-16,SZSE:000768,0.0,0.0,0.0,0.0,0.0,0.0,0.0,0.0,0.0,0.0,0.0,0.0,0.0,0.0,0.0,0.0,0.0,0,0.0,0.0,0.0,0.0,0.0,0.0,0.0,0.0,1,39951.0,2.2,0.0,0.0,0.0,0.0,0.0,0.0,0.0,0.0
557,1994-02-17,SZSE:000768,0.0,0.0,0.0,0.0,0.0,0.0,0.0,0.0,0.0,0.0,0.0,0.0,0.0,0.0,0.0,0.0,0.0,0,0.0,0.0,0.0,0.0,0.0,0.0,0.0,0.0,1,39951.0,2.2,0.0,0.0,0.0,0.0,0.0,0.0,0.0,0.0
558,1994-02-18,SZSE:000768,0.0,0.0,0.0,0.0,0.0,0.0,0.0,0.0,0.0,0.0,0.0,0.0,0.0,0.0,0.0,0.0,0.0,0,0.0,0.0,0.0,0.0,0.0,0.0,0.0,0.0,1,39951.0,2.2,0.0,0.0,0.0,0.0,0.0,0.0,0.0,0.0
559,1994-02-21,SZSE:000768,0.0,0.0,0.0,0.0,0.0,0.0,0.0,0.0,0.0,0.0,0.0,0.0,0.0,0.0,0.0,0.0,0.0,0,0.0,0.0,0.0,0.0,0.0,0.0,0.0,0.0,1,39951.0,2.2,0.0,0.0,0.0,0.0,0.0,0.0,0.0,0.0
560,1994-02-22,SZSE:000768,0.0,0.0,0.0,0.0,0.0,0.0,0.0,0.0,0.0,0.0,0.0,0.0,0.0,0.0,0.0,0.0,0.0,0,0.0,0.0,0.0,0.0,0.0,0.0,0.0,0.0,1,39951.0,2.2,0.0,0.0,0.0,0.0,0.0,0.0,0.0,0.0
561,1994-02-23,SZSE:000768,0.0,0.0,0.0,0.0,0.0,0.0,0.0,0.0,0.0,0.0,0.0,0.0,0.0,0.0,0.0,0.0,0.0,0,0.0,0.0,0.0,0.0,0.0,0.0,0.0,0.0,1,39951.0,2.2,0.0,0.0,0.0,0.0,0.0,0.0,0.0,0.0
562,1994-02-24,SZSE:000768,0.0,0.0,0.0,0.0,0.0,0.0,0.0,0.0,0.0,0.0,0.0,0.0,0.0,0.0,0.0,0.0,0.0,0,0.0,0.0,0.0,0.0,0.0,0.0,0.0,0.0,1,39951.0,2.2,0.0,0.0,0.0,0.0,0.0,0.0,0.0,0.0
563,1994-02-25,SZSE:000768,0.0,0.0,0.0,0.0,0.0,0.0,0.0,0.0,0.0,0.0,0.0,0.0,0.0,0.0,0.0,0.0,0.0,0,0.0,0.0,0.0,0.0,0.0,0.0,0.0,0.0,1,39951.0,2.2,0.0,0.0,0.0,0.0,0.0,0.0,0.0,0.0
564,1994-02-28,SZSE:000768,0.0,0.0,0.0,0.0,0.0,0.0,0.0,0.0,0.0,0.0,0.0,0.0,0.0,0.0,0.0,0.0,0.0,0,0.0,0.0,0.0,0.0,0.0,0.0,0.0,0.0,1,39951.0,2.2,0.0,0.0,0.0,0.0,0.0,0.0,0.0,0.0
565,1994-03-01,SZSE:000768,0.0,0.0,0.0,0.0,0.0,0.0,0.0,0.0,0.0,0.0,0.0,0.0,0.0,0.0,0.0,0.0,0.0,0,0.0,0.0,0.0,0.0,0.0,0.0,0.0,0.0,1,39951.0,2.2,0.0,0.0,0.0,0.0,0.0,0.0,0.0,0.0
566,1994-03-02,SZSE:000768,0.0,0.0,0.0,0.0,0.0,0.0,0.0,0.0,0.0,0.0,0.0,0.0,0.0,0.0,0.0,0.0,0.0,0,0.0,0.0,0.0,0.0,0.0,0.0,0.0,0.0,1,39951.0,2.2,0.0,0.0,0.0,0.0,0.0,0.0,0.0,0.0
567,1994-03-03,SZSE:000768,0.0,0.0,0.0,0.0,0.0,0.0,0.0,0.0,0.0,0.0,0.0,0.0,0.0,0.0,0.0,0.0,0.0,0,0.0,0.0,0.0,0.0,0.0,0.0,0.0,0.0,1,39951.0,2.2,0.0,0.0,0.0,0.0,0.0,0.0,0.0,0.0
568,1994-03-04,SZSE:000768,0.0,0.0,0.0,0.0,0.0,0.0,0.0,0.0,0.0,0.0,0.0,0.0,0.0,0.0,0.0,0.0,0.0,0,0.0,0.0,0.0,0.0,0.0,0.0,0.0,0.0,1,39951.0,2.2,0.0,0.0,0.0,0.0,0.0,0.0,0.0,0.0
569,1994-03-07,SZSE:000768,0.0,0.0,0.0,0.0,0.0,0.0,0.0,0.0,0.0,0.0,0.0,0.0,0.0,0.0,0.0,0.0,0.0,0,0.0,0.0,0.0,0.0,0.0,0.0,0.0,0.0,1,39951.0,2.2,0.0,0.0,0.0,0.0,0.0,0.0,0.0,0.0
570,1994-03-08,SZSE:000768,0.0,0.0,0.0,0.0,0.0,0.0,0.0,0.0,0.0,0.0,0.0,0.0,0.0,0.0,0.0,0.0,0.0,0,0.0,0.0,0.0,0.0,0.0,0.0,0.0,0.0,1,39951.0,2.2,0.0,0.0,0.0,0.0,0.0,0.0,0.0,0.0
571,1994-03-09,SZSE:000768,0.0,0.0,0.0,0.0,0.0,0.0,0.0,0.0,0.0,0.0,0.0,0.0,0.0,0.0,0.0,0.0,0.0,0,0.0,0.0,0.0,0.0,0.0,0.0,0.0,0.0,1,39951.0,2.2,0.0,0.0,0.0,0.0,0.0,0.0,0.0,0.0
572,1994-03-10,SZSE:000768,0.0,0.0,0.0,0.0,0.0,0.0,0.0,0.0,0.0,0.0,0.0,0.0,0.0,0.0,0.0,0.0,0.0,0,0.0,0.0,0.0,0.0,0.0,0.0,0.0,0.0,1,39951.0,2.2,0.0,0.0,0.0,0.0,0.0,0.0,0.0,0.0
573,1994-03-11,SZSE:000768,0.0,0.0,0.0,0.0,0.0,0.0,0.0,0.0,0.0,0.0,0.0,0.0,0.0,0.0,0.0,0.0,0.0,0,0.0,0.0,0.0,0.0,0.0,0.0,0.0,0.0,1,39951.0,2.2,0.0,0.0,0.0,0.0,0.0,0.0,0.0,0.0
574,1994-03-14,SZSE:000768,0.0,0.0,0.0,0.0,0.0,0.0,0.0,0.0,0.0,0.0,0.0,0.0,0.0,0.0,0.0,0.0,0.0,0,0.0,0.0,0.0,0.0,0.0,0.0,0.0,0.0,1,39951.0,2.2,0.0,0.0,0.0,0.0,0.0,0.0,0.0,0.0
575,1994-03-15,SZSE:000768,0.0,0.0,0.0,0.0,0.0,0.0,0.0,0.0,0.0,0.0,0.0,0.0,0.0,0.0,0.0,0.0,0.0,0,0.0,0.0,0.0,0.0,0.0,0.0,0.0,0.0,1,39951.0,2.2,0.0,0.0,0.0,0.0,0.0,0.0,0.0,0.0
576,1994-03-16,SZSE:000768,0.0,0.0,0.0,0.0,0.0,0.0,0.0,0.0,0.0,0.0,0.0,0.0,0.0,0.0,0.0,0.0,0.0,0,0.0,0.0,0.0,0.0,0.0,0.0,0.0,0.0,1,39951.0,2.2,0.0,0.0,0.0,0.0,0.0,0.0,0.0,0.0
577,1994-03-17,SZSE:000768,0.0,0.0,0.0,0.0,0.0,0.0,0.0,0.0,0.0,0.0,0.0,0.0,0.0,0.0,0.0,0.0,0.0,0,0.0,0.0,0.0,0.0,0.0,0.0,0.0,0.0,1,39951.0,2.2,0.0,0.0,0.0,0.0,0.0,0.0,0.0,0.0
578,1994-03-18,SZSE:000768,0.0,0.0,0.0,0.0,0.0,0.0,0.0,0.0,0.0,0.0,0.0,0.0,0.0,0.0,0.0,0.0,0.0,0,0.0,0.0,0.0,0.0,0.0,0.0,0.0,0.0,1,39951.0,2.2,0.0,0.0,0.0,0.0,0.0,0.0,0.0,0.0
579,1994-03-21,SZSE:000768,0.0,0.0,0.0,0.0,0.0,0.0,0.0,0.0,0.0,0.0,0.0,0.0,0.0,0.0,0.0,0.0,0.0,0,0.0,0.0,0.0,0.0,0.0,0.0,0.0,0.0,1,39951.0,2.2,0.0,0.0,0.0,0.0,0.0,0.0,0.0,0.0
580,1994-03-22,SZSE:000768,0.0,0.0,0.0,0.0,0.0,0.0,0.0,0.0,0.0,0.0,0.0,0.0,0.0,0.0,0.0,0.0,0.0,0,0.0,0.0,0.0,0.0,0.0,0.0,0.0,0.0,1,39951.0,2.2,0.0,0.0,0.0,0.0,0.0,0.0,0.0,0.0
581,1994-03-23,SZSE:000768,0.0,0.0,0.0,0.0,0.0,0.0,0.0,0.0,0.0,0.0,0.0,0.0,0.0,0.0,0.0,0.0,0.0,0,0.0,0.0,0.0,0.0,0.0,0.0,0.0,0.0,1,39951.0,2.2,0.0,0.0,0.0,0.0,0.0,0.0,0.0,0.0
582,1994-03-24,SZSE:000768,0.0,0.0,0.0,0.0,0.0,0.0,0.0,0.0,0.0,0.0,0.0,0.0,0.0,0.0,0.0,0.0,0.0,0,0.0,0.0,0.0,0.0,0.0,0.0,0.0,0.0,1,39951.0,2.2,0.0,0.0,0.0,0.0,0.0,0.0,0.0,0.0
583,1994-03-25,SZSE:000768,0.0,0.0,0.0,0.0,0.0,0.0,0.0,0.0,0.0,0.0,0.0,0.0,0.0,0.0,0.0,0.0,0.0,0,0.0,0.0,0.0,0.0,0.0,0.0,0.0,0.0,1,39951.0,2.2,0.0,0.0,0.0,0.0,0.0,0.0,0.0,0.0
584,1994-03-28,SZSE:000768,0.0,0.0,0.0,0.0,0.0,0.0,0.0,0.0,0.0,0.0,0.0,0.0,0.0,0.0,0.0,0.0,0.0,0,0.0,0.0,0.0,0.0,0.0,0.0,0.0,0.0,1,39951.0,2.2,0.0,0.0,0.0,0.0,0.0,0.0,0.0,0.0
585,1994-03-29,SZSE:000768,0.0,0.0,0.0,0.0,0.0,0.0,0.0,0.0,0.0,0.0,0.0,0.0,0.0,0.0,0.0,0.0,0.0,0,0.0,0.0,0.0,0.0,0.0,0.0,0.0,0.0,1,39951.0,2.2,0.0,0.0,0.0,0.0,0.0,0.0,0.0,0.0
586,1994-03-30,SZSE:000768,0.0,0.0,0.0,0.0,0.0,0.0,0.0,0.0,0.0,0.0,0.0,0.0,0.0,0.0,0.0,0.0,0.0,0,0.0,0.0,0.0,0.0,0.0,0.0,0.0,0.0,1,39951.0,2.2,0.0,0.0,0.0,0.0,0.0,0.0,0.0,0.0
587,1994-03-31,SZSE:000768,0.0,0.0,0.0,0.0,0.0,0.0,0.0,0.0,0.0,0.0,0.0,0.0,0.0,0.0,0.0,0.0,0.0,0,0.0,0.0,0.0,0.0,0.0,0.0,0.0,0.0,1,39951.0,2.2,0.0,0.0,0.0,0.0,0.0,0.0,0.0,0.0
588,1994-04-01,SZSE:000768,0.0,0.0,0.0,0.0,0.0,0.0,0.0,0.0,0.0,0.0,0.0,0.0,0.0,0.0,0.0,0.0,0.0,0,0.0,0.0,0.0,0.0,0.0,0.0,0.0,0.0,1,39951.0,2.2,0.0,0.0,0.0,0.0,0.0,0.0,0.0,0.0
589,1994-04-04,SZSE:000768,0.0,0.0,0.0,0.0,0.0,0.0,0.0,0.0,0.0,0.0,0.0,0.0,0.0,0.0,0.0,0.0,0.0,0,0.0,0.0,0.0,0.0,0.0,0.0,0.0,0.0,1,39951.0,2.2,0.0,0.0,0.0,0.0,0.0,0.0,0.0,0.0
590,1994-04-05,SZSE:000768,0.0,0.0,0.0,0.0,0.0,0.0,0.0,0.0,0.0,0.0,0.0,0.0,0.0,0.0,0.0,0.0,0.0,0,0.0,0.0,0.0,0.0,0.0,0.0,0.0,0.0,1,39951.0,2.2,0.0,0.0,0.0,0.0,0.0,0.0,0.0,0.0
591,1994-04-06,SZSE:000768,0.0,0.0,0.0,0.0,0.0,0.0,0.0,0.0,0.0,0.0,0.0,0.0,0.0,0.0,0.0,0.0,0.0,0,0.0,0.0,0.0,0.0,0.0,0.0,0.0,0.0,1,39951.0,2.2,0.0,0.0,0.0,0.0,0.0,0.0,0.0,0.0
592,1994-04-07,SZSE:000768,0.0,0.0,0.0,0.0,0.0,0.0,0.0,0.0,0.0,0.0,0.0,0.0,0.0,0.0,0.0,0.0,0.0,0,0.0,0.0,0.0,0.0,0.0,0.0,0.0,0.0,1,39951.0,2.2,0.0,0.0,0.0,0.0,0.0,0.0,0.0,0.0
593,1994-04-08,SZSE:000768,0.0,0.0,0.0,0.0,0.0,0.0,0.0,0.0,0.0,0.0,0.0,0.0,0.0,0.0,0.0,0.0,0.0,0,0.0,0.0,0.0,0.0,0.0,0.0,0.0,0.0,1,39951.0,2.2,0.0,0.0,0.0,0.0,0.0,0.0,0.0,0.0
594,1994-04-11,SZSE:000768,0.0,0.0,0.0,0.0,0.0,0.0,0.0,0.0,0.0,0.0,0.0,0.0,0.0,0.0,0.0,0.0,0.0,0,0.0,0.0,0.0,0.0,0.0,0.0,0.0,0.0,1,39951.0,2.2,0.0,0.0,0.0,0.0,0.0,0.0,0.0,0.0
595,1994-04-12,SZSE:000768,0.0,0.0,0.0,0.0,0.0,0.0,0.0,0.0,0.0,0.0,0.0,0.0,0.0,0.0,0.0,0.0,0.0,0,0.0,0.0,0.0,0.0,0.0,0.0,0.0,0.0,1,39951.0,2.2,0.0,0.0,0.0,0.0,0.0,0.0,0.0,0.0
596,1994-04-13,SZSE:000768,0.0,0.0,0.0,0.0,0.0,0.0,0.0,0.0,0.0,0.0,0.0,0.0,0.0,0.0,0.0,0.0,0.0,0,0.0,0.0,0.0,0.0,0.0,0.0,0.0,0.0,1,39951.0,2.2,0.0,0.0,0.0,0.0,0.0,0.0,0.0,0.0
597,1994-04-14,SZSE:000768,0.0,0.0,0.0,0.0,0.0,0.0,0.0,0.0,0.0,0.0,0.0,0.0,0.0,0.0,0.0,0.0,0.0,0,0.0,0.0,0.0,0.0,0.0,0.0,0.0,0.0,1,39951.0,2.2,0.0,0.0,0.0,0.0,0.0,0.0,0.0,0.0
598,1994-04-15,SZSE:000768,0.0,0.0,0.0,0.0,0.0,0.0,0.0,0.0,0.0,0.0,0.0,0.0,0.0,0.0,0.0,0.0,0.0,0,0.0,0.0,0.0,0.0,0.0,0.0,0.0,0.0,1,39951.0,2.2,0.0,0.0,0.0,0.0,0.0,0.0,0.0,0.0
599,1994-04-18,SZSE:000768,0.0,0.0,0.0,0.0,0.0,0.0,0.0,0.0,0.0,0.0,0.0,0.0,0.0,0.0,0.0,0.0,0.0,0,0.0,0.0,0.0,0.0,0.0,0.0,0.0,0.0,1,39951.0,2.2,0.0,0.0,0.0,0.0,0.0,0.0,0.0,0.0
600,1994-04-19,SZSE:000768,0.0,0.0,0.0,0.0,0.0,0.0,0.0,0.0,0.0,0.0,0.0,0.0,0.0,0.0,0.0,0.0,0.0,0,0.0,0.0,0.0,0.0,0.0,0.0,0.0,0.0,1,39951.0,2.2,0.0,0.0,0.0,0.0,0.0,0.0,0.0,0.0
601,1994-04-20,SZSE:000768,0.0,0.0,0.0,0.0,0.0,0.0,0.0,0.0,0.0,0.0,0.0,0.0,0.0,0.0,0.0,0.0,0.0,0,0.0,0.0,0.0,0.0,0.0,0.0,0.0,0.0,1,39951.0,2.2,0.0,0.0,0.0,0.0,0.0,0.0,0.0,0.0
602,1994-04-21,SZSE:000768,0.0,0.0,0.0,0.0,0.0,0.0,0.0,0.0,0.0,0.0,0.0,0.0,0.0,0.0,0.0,0.0,0.0,0,0.0,0.0,0.0,0.0,0.0,0.0,0.0,0.0,1,39951.0,2.2,0.0,0.0,0.0,0.0,0.0,0.0,0.0,0.0
603,1994-04-22,SZSE:000768,0.0,0.0,0.0,0.0,0.0,0.0,0.0,0.0,0.0,0.0,0.0,0.0,0.0,0.0,0.0,0.0,0.0,0,0.0,0.0,0.0,0.0,0.0,0.0,0.0,0.0,1,39951.0,2.2,0.0,0.0,0.0,0.0,0.0,0.0,0.0,0.0
604,1994-04-25,SZSE:000768,0.0,0.0,0.0,0.0,0.0,0.0,0.0,0.0,0.0,0.0,0.0,0.0,0.0,0.0,0.0,0.0,0.0,0,0.0,0.0,0.0,0.0,0.0,0.0,0.0,0.0,1,39951.0,2.2,0.0,0.0,0.0,0.0,0.0,0.0,0.0,0.0
605,1994-04-26,SZSE:000768,0.0,0.0,0.0,0.0,0.0,0.0,0.0,0.0,0.0,0.0,0.0,0.0,0.0,0.0,0.0,0.0,0.0,0,0.0,0.0,0.0,0.0,0.0,0.0,0.0,0.0,1,39951.0,2.2,0.0,0.0,0.0,0.0,0.0,0.0,0.0,0.0
606,1994-04-27,SZSE:000768,0.0,0.0,0.0,0.0,0.0,0.0,0.0,0.0,0.0,0.0,0.0,0.0,0.0,0.0,0.0,0.0,0.0,0,0.0,0.0,0.0,0.0,0.0,0.0,0.0,0.0,1,39951.0,2.2,0.0,0.0,0.0,0.0,0.0,0.0,0.0,0.0
607,1994-04-28,SZSE:000768,0.0,0.0,0.0,0.0,0.0,0.0,0.0,0.0,0.0,0.0,0.0,0.0,0.0,0.0,0.0,0.0,0.0,0,0.0,0.0,0.0,0.0,0.0,0.0,0.0,0.0,1,39951.0,2.2,0.0,0.0,0.0,0.0,0.0,0.0,0.0,0.0
608,1994-04-29,SZSE:000768,0.0,0.0,0.0,0.0,0.0,0.0,0.0,0.0,0.0,0.0,0.0,0.0,0.0,0.0,0.0,0.0,0.0,0,0.0,0.0,0.0,0.0,0.0,0.0,0.0,0.0,1,39951.0,2.2,0.0,0.0,0.0,0.0,0.0,0.0,0.0,0.0
609,1994-05-02,SZSE:000768,0.0,0.0,0.0,0.0,0.0,0.0,0.0,0.0,0.0,0.0,0.0,0.0,0.0,0.0,0.0,0.0,0.0,0,0.0,0.0,0.0,0.0,0.0,0.0,0.0,0.0,1,39951.0,2.2,0.0,0.0,0.0,0.0,0.0,0.0,0.0,0.0
610,1994-05-03,SZSE:000768,0.0,0.0,0.0,0.0,0.0,0.0,0.0,0.0,0.0,0.0,0.0,0.0,0.0,0.0,0.0,0.0,0.0,0,0.0,0.0,0.0,0.0,0.0,0.0,0.0,0.0,1,39951.0,2.2,0.0,0.0,0.0,0.0,0.0,0.0,0.0,0.0
611,1994-05-04,SZSE:000768,0.0,0.0,0.0,0.0,0.0,0.0,0.0,0.0,0.0,0.0,0.0,0.0,0.0,0.0,0.0,0.0,0.0,0,0.0,0.0,0.0,0.0,0.0,0.0,0.0,0.0,1,39951.0,2.2,0.0,0.0,0.0,0.0,0.0,0.0,0.0,0.0
612,1994-05-05,SZSE:000768,0.0,0.0,0.0,0.0,0.0,0.0,0.0,0.0,0.0,0.0,0.0,0.0,0.0,0.0,0.0,0.0,0.0,0,0.0,0.0,0.0,0.0,0.0,0.0,0.0,0.0,1,39951.0,2.2,0.0,0.0,0.0,0.0,0.0,0.0,0.0,0.0
613,1994-05-06,SZSE:000768,0.0,0.0,0.0,0.0,0.0,0.0,0.0,0.0,0.0,0.0,0.0,0.0,0.0,0.0,0.0,0.0,0.0,0,0.0,0.0,0.0,0.0,0.0,0.0,0.0,0.0,1,39951.0,2.2,0.0,0.0,0.0,0.0,0.0,0.0,0.0,0.0
614,1994-05-09,SZSE:000768,0.0,0.0,0.0,0.0,0.0,0.0,0.0,0.0,0.0,0.0,0.0,0.0,0.0,0.0,0.0,0.0,0.0,0,0.0,0.0,0.0,0.0,0.0,0.0,0.0,0.0,1,39951.0,2.2,0.0,0.0,0.0,0.0,0.0,0.0,0.0,0.0
615,1994-05-10,SZSE:000768,0.0,0.0,0.0,0.0,0.0,0.0,0.0,0.0,0.0,0.0,0.0,0.0,0.0,0.0,0.0,0.0,0.0,0,0.0,0.0,0.0,0.0,0.0,0.0,0.0,0.0,1,39951.0,2.2,0.0,0.0,0.0,0.0,0.0,0.0,0.0,0.0
616,1994-05-11,SZSE:000768,0.0,0.0,0.0,0.0,0.0,0.0,0.0,0.0,0.0,0.0,0.0,0.0,0.0,0.0,0.0,0.0,0.0,0,0.0,0.0,0.0,0.0,0.0,0.0,0.0,0.0,1,39951.0,2.2,0.0,0.0,0.0,0.0,0.0,0.0,0.0,0.0
617,1994-05-12,SZSE:000768,0.0,0.0,0.0,0.0,0.0,0.0,0.0,0.0,0.0,0.0,0.0,0.0,0.0,0.0,0.0,0.0,0.0,0,0.0,0.0,0.0,0.0,0.0,0.0,0.0,0.0,1,39951.0,2.2,0.0,0.0,0.0,0.0,0.0,0.0,0.0,0.0
618,1994-05-13,SZSE:000768,0.0,0.0,0.0,0.0,0.0,0.0,0.0,0.0,0.0,0.0,0.0,0.0,0.0,0.0,0.0,0.0,0.0,0,0.0,0.0,0.0,0.0,0.0,0.0,0.0,0.0,1,39951.0,2.2,0.0,0.0,0.0,0.0,0.0,0.0,0.0,0.0
619,1994-05-16,SZSE:000768,0.0,0.0,0.0,0.0,0.0,0.0,0.0,0.0,0.0,0.0,0.0,0.0,0.0,0.0,0.0,0.0,0.0,0,0.0,0.0,0.0,0.0,0.0,0.0,0.0,0.0,1,39951.0,2.2,0.0,0.0,0.0,0.0,0.0,0.0,0.0,0.0
620,1994-05-17,SZSE:000768,0.0,0.0,0.0,0.0,0.0,0.0,0.0,0.0,0.0,0.0,0.0,0.0,0.0,0.0,0.0,0.0,0.0,0,0.0,0.0,0.0,0.0,0.0,0.0,0.0,0.0,1,39951.0,2.2,0.0,0.0,0.0,0.0,0.0,0.0,0.0,0.0
621,1994-05-18,SZSE:000768,0.0,0.0,0.0,0.0,0.0,0.0,0.0,0.0,0.0,0.0,0.0,0.0,0.0,0.0,0.0,0.0,0.0,0,0.0,0.0,0.0,0.0,0.0,0.0,0.0,0.0,1,39951.0,2.2,0.0,0.0,0.0,0.0,0.0,0.0,0.0,0.0
622,1994-05-19,SZSE:000768,0.0,0.0,0.0,0.0,0.0,0.0,0.0,0.0,0.0,0.0,0.0,0.0,0.0,0.0,0.0,0.0,0.0,0,0.0,0.0,0.0,0.0,0.0,0.0,0.0,0.0,1,39951.0,2.2,0.0,0.0,0.0,0.0,0.0,0.0,0.0,0.0
623,1994-05-20,SZSE:000768,0.0,0.0,0.0,0.0,0.0,0.0,0.0,0.0,0.0,0.0,0.0,0.0,0.0,0.0,0.0,0.0,0.0,0,0.0,0.0,0.0,0.0,0.0,0.0,0.0,0.0,1,39951.0,2.2,0.0,0.0,0.0,0.0,0.0,0.0,0.0,0.0
624,1994-05-23,SZSE:000768,0.0,0.0,0.0,0.0,0.0,0.0,0.0,0.0,0.0,0.0,0.0,0.0,0.0,0.0,0.0,0.0,0.0,0,0.0,0.0,0.0,0.0,0.0,0.0,0.0,0.0,1,39951.0,2.2,0.0,0.0,0.0,0.0,0.0,0.0,0.0,0.0
625,1994-05-24,SZSE:000768,0.0,0.0,0.0,0.0,0.0,0.0,0.0,0.0,0.0,0.0,0.0,0.0,0.0,0.0,0.0,0.0,0.0,0,0.0,0.0,0.0,0.0,0.0,0.0,0.0,0.0,1,39951.0,2.2,0.0,0.0,0.0,0.0,0.0,0.0,0.0,0.0
626,1994-05-25,SZSE:000768,0.0,0.0,0.0,0.0,0.0,0.0,0.0,0.0,0.0,0.0,0.0,0.0,0.0,0.0,0.0,0.0,0.0,0,0.0,0.0,0.0,0.0,0.0,0.0,0.0,0.0,1,39951.0,2.2,0.0,0.0,0.0,0.0,0.0,0.0,0.0,0.0
627,1994-05-26,SZSE:000768,0.0,0.0,0.0,0.0,0.0,0.0,0.0,0.0,0.0,0.0,0.0,0.0,0.0,0.0,0.0,0.0,0.0,0,0.0,0.0,0.0,0.0,0.0,0.0,0.0,0.0,1,39951.0,2.2,0.0,0.0,0.0,0.0,0.0,0.0,0.0,0.0
628,1994-05-27,SZSE:000768,0.0,0.0,0.0,0.0,0.0,0.0,0.0,0.0,0.0,0.0,0.0,0.0,0.0,0.0,0.0,0.0,0.0,0,0.0,0.0,0.0,0.0,0.0,0.0,0.0,0.0,1,39951.0,2.2,0.0,0.0,0.0,0.0,0.0,0.0,0.0,0.0
629,1994-05-30,SZSE:000768,0.0,0.0,0.0,0.0,0.0,0.0,0.0,0.0,0.0,0.0,0.0,0.0,0.0,0.0,0.0,0.0,0.0,0,0.0,0.0,0.0,0.0,0.0,0.0,0.0,0.0,1,39951.0,2.2,0.0,0.0,0.0,0.0,0.0,0.0,0.0,0.0
630,1994-05-31,SZSE:000768,0.0,0.0,0.0,0.0,0.0,0.0,0.0,0.0,0.0,0.0,0.0,0.0,0.0,0.0,0.0,0.0,0.0,0,0.0,0.0,0.0,0.0,0.0,0.0,0.0,0.0,1,39951.0,2.2,0.0,0.0,0.0,0.0,0.0,0.0,0.0,0.0
631,1994-06-01,SZSE:000768,0.0,0.0,0.0,0.0,0.0,0.0,0.0,0.0,0.0,0.0,0.0,0.0,0.0,0.0,0.0,0.0,0.0,0,0.0,0.0,0.0,0.0,0.0,0.0,0.0,0.0,1,39951.0,2.2,0.0,0.0,0.0,0.0,0.0,0.0,0.0,0.0
632,1994-06-02,SZSE:000768,0.0,0.0,0.0,0.0,0.0,0.0,0.0,0.0,0.0,0.0,0.0,0.0,0.0,0.0,0.0,0.0,0.0,0,0.0,0.0,0.0,0.0,0.0,0.0,0.0,0.0,1,39951.0,2.2,0.0,0.0,0.0,0.0,0.0,0.0,0.0,0.0
633,1994-06-03,SZSE:000768,0.0,0.0,0.0,0.0,0.0,0.0,0.0,0.0,0.0,0.0,0.0,0.0,0.0,0.0,0.0,0.0,0.0,0,0.0,0.0,0.0,0.0,0.0,0.0,0.0,0.0,1,39951.0,2.2,0.0,0.0,0.0,0.0,0.0,0.0,0.0,0.0
634,1994-06-06,SZSE:000768,0.0,0.0,0.0,0.0,0.0,0.0,0.0,0.0,0.0,0.0,0.0,0.0,0.0,0.0,0.0,0.0,0.0,0,0.0,0.0,0.0,0.0,0.0,0.0,0.0,0.0,1,39951.0,2.2,0.0,0.0,0.0,0.0,0.0,0.0,0.0,0.0
635,1994-06-07,SZSE:000768,0.0,0.0,0.0,0.0,0.0,0.0,0.0,0.0,0.0,0.0,0.0,0.0,0.0,0.0,0.0,0.0,0.0,0,0.0,0.0,0.0,0.0,0.0,0.0,0.0,0.0,1,39951.0,2.2,0.0,0.0,0.0,0.0,0.0,0.0,0.0,0.0
636,1994-06-08,SZSE:000768,0.0,0.0,0.0,0.0,0.0,0.0,0.0,0.0,0.0,0.0,0.0,0.0,0.0,0.0,0.0,0.0,0.0,0,0.0,0.0,0.0,0.0,0.0,0.0,0.0,0.0,1,39951.0,2.2,0.0,0.0,0.0,0.0,0.0,0.0,0.0,0.0
637,1994-06-09,SZSE:000768,0.0,0.0,0.0,0.0,0.0,0.0,0.0,0.0,0.0,0.0,0.0,0.0,0.0,0.0,0.0,0.0,0.0,0,0.0,0.0,0.0,0.0,0.0,0.0,0.0,0.0,1,39951.0,2.2,0.0,0.0,0.0,0.0,0.0,0.0,0.0,0.0
638,1994-06-10,SZSE:000768,0.0,0.0,0.0,0.0,0.0,0.0,0.0,0.0,0.0,0.0,0.0,0.0,0.0,0.0,0.0,0.0,0.0,0,0.0,0.0,0.0,0.0,0.0,0.0,0.0,0.0,1,39951.0,2.2,0.0,0.0,0.0,0.0,0.0,0.0,0.0,0.0
639,1994-06-13,SZSE:000768,0.0,0.0,0.0,0.0,0.0,0.0,0.0,0.0,0.0,0.0,0.0,0.0,0.0,0.0,0.0,0.0,0.0,0,0.0,0.0,0.0,0.0,0.0,0.0,0.0,0.0,1,39951.0,2.2,0.0,0.0,0.0,0.0,0.0,0.0,0.0,0.0
640,1994-06-14,SZSE:000768,0.0,0.0,0.0,0.0,0.0,0.0,0.0,0.0,0.0,0.0,0.0,0.0,0.0,0.0,0.0,0.0,0.0,0,0.0,0.0,0.0,0.0,0.0,0.0,0.0,0.0,1,39951.0,2.2,0.0,0.0,0.0,0.0,0.0,0.0,0.0,0.0
641,1994-06-15,SZSE:000768,0.0,0.0,0.0,0.0,0.0,0.0,0.0,0.0,0.0,0.0,0.0,0.0,0.0,0.0,0.0,0.0,0.0,0,0.0,0.0,0.0,0.0,0.0,0.0,0.0,0.0,1,39951.0,2.2,0.0,0.0,0.0,0.0,0.0,0.0,0.0,0.0
642,1994-06-16,SZSE:000768,0.0,0.0,0.0,0.0,0.0,0.0,0.0,0.0,0.0,0.0,0.0,0.0,0.0,0.0,0.0,0.0,0.0,0,0.0,0.0,0.0,0.0,0.0,0.0,0.0,0.0,1,39951.0,2.2,0.0,0.0,0.0,0.0,0.0,0.0,0.0,0.0
643,1994-06-17,SZSE:000768,0.0,0.0,0.0,0.0,0.0,0.0,0.0,0.0,0.0,0.0,0.0,0.0,0.0,0.0,0.0,0.0,0.0,0,0.0,0.0,0.0,0.0,0.0,0.0,0.0,0.0,1,39951.0,2.2,0.0,0.0,0.0,0.0,0.0,0.0,0.0,0.0
644,1994-06-20,SZSE:000768,0.0,0.0,0.0,0.0,0.0,0.0,0.0,0.0,0.0,0.0,0.0,0.0,0.0,0.0,0.0,0.0,0.0,0,0.0,0.0,0.0,0.0,0.0,0.0,0.0,0.0,1,39951.0,2.2,0.0,0.0,0.0,0.0,0.0,0.0,0.0,0.0
645,1994-06-21,SZSE:000768,0.0,0.0,0.0,0.0,0.0,0.0,0.0,0.0,0.0,0.0,0.0,0.0,0.0,0.0,0.0,0.0,0.0,0,0.0,0.0,0.0,0.0,0.0,0.0,0.0,0.0,1,39951.0,2.2,0.0,0.0,0.0,0.0,0.0,0.0,0.0,0.0
646,1994-06-22,SZSE:000768,0.0,0.0,0.0,0.0,0.0,0.0,0.0,0.0,0.0,0.0,0.0,0.0,0.0,0.0,0.0,0.0,0.0,0,0.0,0.0,0.0,0.0,0.0,0.0,0.0,0.0,1,39951.0,2.2,0.0,0.0,0.0,0.0,0.0,0.0,0.0,0.0
647,1994-06-23,SZSE:000768,0.0,0.0,0.0,0.0,0.0,0.0,0.0,0.0,0.0,0.0,0.0,0.0,0.0,0.0,0.0,0.0,0.0,0,0.0,0.0,0.0,0.0,0.0,0.0,0.0,0.0,1,39951.0,2.2,0.0,0.0,0.0,0.0,0.0,0.0,0.0,0.0
648,1994-06-24,SZSE:000768,0.0,0.0,0.0,0.0,0.0,0.0,0.0,0.0,0.0,0.0,0.0,0.0,0.0,0.0,0.0,0.0,0.0,0,0.0,0.0,0.0,0.0,0.0,0.0,0.0,0.0,1,39951.0,2.2,0.0,0.0,0.0,0.0,0.0,0.0,0.0,0.0
649,1994-06-27,SZSE:000768,0.0,0.0,0.0,0.0,0.0,0.0,0.0,0.0,0.0,0.0,0.0,0.0,0.0,0.0,0.0,0.0,0.0,0,0.0,0.0,0.0,0.0,0.0,0.0,0.0,0.0,1,39951.0,2.2,0.0,0.0,0.0,0.0,0.0,0.0,0.0,0.0
650,1994-06-28,SZSE:000768,0.0,0.0,0.0,0.0,0.0,0.0,0.0,0.0,0.0,0.0,0.0,0.0,0.0,0.0,0.0,0.0,0.0,0,0.0,0.0,0.0,0.0,0.0,0.0,0.0,0.0,1,39951.0,2.2,0.0,0.0,0.0,0.0,0.0,0.0,0.0,0.0
651,1994-06-29,SZSE:000768,0.0,0.0,0.0,0.0,0.0,0.0,0.0,0.0,0.0,0.0,0.0,0.0,0.0,0.0,0.0,0.0,0.0,0,0.0,0.0,0.0,0.0,0.0,0.0,0.0,0.0,1,39951.0,2.2,0.0,0.0,0.0,0.0,0.0,0.0,0.0,0.0
652,1994-06-30,SZSE:000768,0.0,0.0,0.0,0.0,0.0,0.0,0.0,0.0,0.0,0.0,0.0,0.0,0.0,0.0,0.0,0.0,0.0,0,0.0,0.0,0.0,0.0,0.0,0.0,0.0,0.0,1,39951.0,2.2,0.0,0.0,0.0,0.0,0.0,0.0,0.0,0.0
653,1994-07-01,SZSE:000768,0.0,0.0,0.0,0.0,0.0,0.0,0.0,0.0,0.0,0.0,0.0,0.0,0.0,0.0,0.0,0.0,0.0,0,0.0,0.0,0.0,0.0,0.0,0.0,0.0,0.0,1,39951.0,2.2,0.0,0.0,0.0,0.0,0.0,0.0,0.0,0.0
654,1994-07-04,SZSE:000768,0.0,0.0,0.0,0.0,0.0,0.0,0.0,0.0,0.0,0.0,0.0,0.0,0.0,0.0,0.0,0.0,0.0,0,0.0,0.0,0.0,0.0,0.0,0.0,0.0,0.0,1,39951.0,2.2,0.0,0.0,0.0,0.0,0.0,0.0,0.0,0.0
655,1994-07-05,SZSE:000768,0.0,0.0,0.0,0.0,0.0,0.0,0.0,0.0,0.0,0.0,0.0,0.0,0.0,0.0,0.0,0.0,0.0,0,0.0,0.0,0.0,0.0,0.0,0.0,0.0,0.0,1,39951.0,2.2,0.0,0.0,0.0,0.0,0.0,0.0,0.0,0.0
656,1994-07-06,SZSE:000768,0.0,0.0,0.0,0.0,0.0,0.0,0.0,0.0,0.0,0.0,0.0,0.0,0.0,0.0,0.0,0.0,0.0,0,0.0,0.0,0.0,0.0,0.0,0.0,0.0,0.0,1,39951.0,2.2,0.0,0.0,0.0,0.0,0.0,0.0,0.0,0.0
657,1994-07-07,SZSE:000768,0.0,0.0,0.0,0.0,0.0,0.0,0.0,0.0,0.0,0.0,0.0,0.0,0.0,0.0,0.0,0.0,0.0,0,0.0,0.0,0.0,0.0,0.0,0.0,0.0,0.0,1,39951.0,2.2,0.0,0.0,0.0,0.0,0.0,0.0,0.0,0.0
658,1994-07-08,SZSE:000768,0.0,0.0,0.0,0.0,0.0,0.0,0.0,0.0,0.0,0.0,0.0,0.0,0.0,0.0,0.0,0.0,0.0,0,0.0,0.0,0.0,0.0,0.0,0.0,0.0,0.0,1,39951.0,2.2,0.0,0.0,0.0,0.0,0.0,0.0,0.0,0.0
659,1994-07-11,SZSE:000768,0.0,0.0,0.0,0.0,0.0,0.0,0.0,0.0,0.0,0.0,0.0,0.0,0.0,0.0,0.0,0.0,0.0,0,0.0,0.0,0.0,0.0,0.0,0.0,0.0,0.0,1,39951.0,2.2,0.0,0.0,0.0,0.0,0.0,0.0,0.0,0.0
660,1994-07-12,SZSE:000768,0.0,0.0,0.0,0.0,0.0,0.0,0.0,0.0,0.0,0.0,0.0,0.0,0.0,0.0,0.0,0.0,0.0,0,0.0,0.0,0.0,0.0,0.0,0.0,0.0,0.0,1,39951.0,2.2,0.0,0.0,0.0,0.0,0.0,0.0,0.0,0.0
661,1994-07-13,SZSE:000768,0.0,0.0,0.0,0.0,0.0,0.0,0.0,0.0,0.0,0.0,0.0,0.0,0.0,0.0,0.0,0.0,0.0,0,0.0,0.0,0.0,0.0,0.0,0.0,0.0,0.0,1,39951.0,2.2,0.0,0.0,0.0,0.0,0.0,0.0,0.0,0.0
662,1994-07-14,SZSE:000768,0.0,0.0,0.0,0.0,0.0,0.0,0.0,0.0,0.0,0.0,0.0,0.0,0.0,0.0,0.0,0.0,0.0,0,0.0,0.0,0.0,0.0,0.0,0.0,0.0,0.0,1,39951.0,2.2,0.0,0.0,0.0,0.0,0.0,0.0,0.0,0.0
663,1994-07-15,SZSE:000768,0.0,0.0,0.0,0.0,0.0,0.0,0.0,0.0,0.0,0.0,0.0,0.0,0.0,0.0,0.0,0.0,0.0,0,0.0,0.0,0.0,0.0,0.0,0.0,0.0,0.0,1,39951.0,2.2,0.0,0.0,0.0,0.0,0.0,0.0,0.0,0.0
664,1994-07-18,SZSE:000768,0.0,0.0,0.0,0.0,0.0,0.0,0.0,0.0,0.0,0.0,0.0,0.0,0.0,0.0,0.0,0.0,0.0,0,0.0,0.0,0.0,0.0,0.0,0.0,0.0,0.0,1,39951.0,2.2,0.0,0.0,0.0,0.0,0.0,0.0,0.0,0.0
665,1994-07-19,SZSE:000768,0.0,0.0,0.0,0.0,0.0,0.0,0.0,0.0,0.0,0.0,0.0,0.0,0.0,0.0,0.0,0.0,0.0,0,0.0,0.0,0.0,0.0,0.0,0.0,0.0,0.0,1,39951.0,2.2,0.0,0.0,0.0,0.0,0.0,0.0,0.0,0.0
666,1994-07-20,SZSE:000768,0.0,0.0,0.0,0.0,0.0,0.0,0.0,0.0,0.0,0.0,0.0,0.0,0.0,0.0,0.0,0.0,0.0,0,0.0,0.0,0.0,0.0,0.0,0.0,0.0,0.0,1,39951.0,2.2,0.0,0.0,0.0,0.0,0.0,0.0,0.0,0.0
667,1994-07-21,SZSE:000768,0.0,0.0,0.0,0.0,0.0,0.0,0.0,0.0,0.0,0.0,0.0,0.0,0.0,0.0,0.0,0.0,0.0,0,0.0,0.0,0.0,0.0,0.0,0.0,0.0,0.0,1,39951.0,2.2,0.0,0.0,0.0,0.0,0.0,0.0,0.0,0.0
668,1994-07-22,SZSE:000768,0.0,0.0,0.0,0.0,0.0,0.0,0.0,0.0,0.0,0.0,0.0,0.0,0.0,0.0,0.0,0.0,0.0,0,0.0,0.0,0.0,0.0,0.0,0.0,0.0,0.0,1,39951.0,2.2,0.0,0.0,0.0,0.0,0.0,0.0,0.0,0.0
669,1994-07-25,SZSE:000768,0.0,0.0,0.0,0.0,0.0,0.0,0.0,0.0,0.0,0.0,0.0,0.0,0.0,0.0,0.0,0.0,0.0,0,0.0,0.0,0.0,0.0,0.0,0.0,0.0,0.0,1,39951.0,2.2,0.0,0.0,0.0,0.0,0.0,0.0,0.0,0.0
670,1994-07-26,SZSE:000768,0.0,0.0,0.0,0.0,0.0,0.0,0.0,0.0,0.0,0.0,0.0,0.0,0.0,0.0,0.0,0.0,0.0,0,0.0,0.0,0.0,0.0,0.0,0.0,0.0,0.0,1,39951.0,2.2,0.0,0.0,0.0,0.0,0.0,0.0,0.0,0.0
671,1994-07-27,SZSE:000768,0.0,0.0,0.0,0.0,0.0,0.0,0.0,0.0,0.0,0.0,0.0,0.0,0.0,0.0,0.0,0.0,0.0,0,0.0,0.0,0.0,0.0,0.0,0.0,0.0,0.0,1,39951.0,2.2,0.0,0.0,0.0,0.0,0.0,0.0,0.0,0.0
672,1994-07-28,SZSE:000768,0.0,0.0,0.0,0.0,0.0,0.0,0.0,0.0,0.0,0.0,0.0,0.0,0.0,0.0,0.0,0.0,0.0,0,0.0,0.0,0.0,0.0,0.0,0.0,0.0,0.0,1,39951.0,2.2,0.0,0.0,0.0,0.0,0.0,0.0,0.0,0.0
673,1994-07-29,SZSE:000768,0.0,0.0,0.0,0.0,0.0,0.0,0.0,0.0,0.0,0.0,0.0,0.0,0.0,0.0,0.0,0.0,0.0,0,0.0,0.0,0.0,0.0,0.0,0.0,0.0,0.0,1,39951.0,2.2,0.0,0.0,0.0,0.0,0.0,0.0,0.0,0.0
674,1994-08-01,SZSE:000768,0.0,0.0,0.0,0.0,0.0,0.0,0.0,0.0,0.0,0.0,0.0,0.0,0.0,0.0,0.0,0.0,0.0,0,0.0,0.0,0.0,0.0,0.0,0.0,0.0,0.0,1,39951.0,2.2,0.0,0.0,0.0,0.0,0.0,0.0,0.0,0.0
675,1994-08-02,SZSE:000768,0.0,0.0,0.0,0.0,0.0,0.0,0.0,0.0,0.0,0.0,0.0,0.0,0.0,0.0,0.0,0.0,0.0,0,0.0,0.0,0.0,0.0,0.0,0.0,0.0,0.0,1,39951.0,2.2,0.0,0.0,0.0,0.0,0.0,0.0,0.0,0.0
676,1994-08-03,SZSE:000768,0.0,0.0,0.0,0.0,0.0,0.0,0.0,0.0,0.0,0.0,0.0,0.0,0.0,0.0,0.0,0.0,0.0,0,0.0,0.0,0.0,0.0,0.0,0.0,0.0,0.0,1,39951.0,2.2,0.0,0.0,0.0,0.0,0.0,0.0,0.0,0.0
677,1994-08-04,SZSE:000768,0.0,0.0,0.0,0.0,0.0,0.0,0.0,0.0,0.0,0.0,0.0,0.0,0.0,0.0,0.0,0.0,0.0,0,0.0,0.0,0.0,0.0,0.0,0.0,0.0,0.0,1,39951.0,2.2,0.0,0.0,0.0,0.0,0.0,0.0,0.0,0.0
678,1994-08-05,SZSE:000768,0.0,0.0,0.0,0.0,0.0,0.0,0.0,0.0,0.0,0.0,0.0,0.0,0.0,0.0,0.0,0.0,0.0,0,0.0,0.0,0.0,0.0,0.0,0.0,0.0,0.0,1,39951.0,2.2,0.0,0.0,0.0,0.0,0.0,0.0,0.0,0.0
679,1994-08-08,SZSE:000768,0.0,0.0,0.0,0.0,0.0,0.0,0.0,0.0,0.0,0.0,0.0,0.0,0.0,0.0,0.0,0.0,0.0,0,0.0,0.0,0.0,0.0,0.0,0.0,0.0,0.0,1,39951.0,2.2,0.0,0.0,0.0,0.0,0.0,0.0,0.0,0.0
680,1994-08-09,SZSE:000768,0.0,0.0,0.0,0.0,0.0,0.0,0.0,0.0,0.0,0.0,0.0,0.0,0.0,0.0,0.0,0.0,0.0,0,0.0,0.0,0.0,0.0,0.0,0.0,0.0,0.0,1,39951.0,2.2,0.0,0.0,0.0,0.0,0.0,0.0,0.0,0.0
681,1994-08-10,SZSE:000768,0.0,0.0,0.0,0.0,0.0,0.0,0.0,0.0,0.0,0.0,0.0,0.0,0.0,0.0,0.0,0.0,0.0,0,0.0,0.0,0.0,0.0,0.0,0.0,0.0,0.0,1,39951.0,2.2,0.0,0.0,0.0,0.0,0.0,0.0,0.0,0.0
682,1994-08-11,SZSE:000768,0.0,0.0,0.0,0.0,0.0,0.0,0.0,0.0,0.0,0.0,0.0,0.0,0.0,0.0,0.0,0.0,0.0,0,0.0,0.0,0.0,0.0,0.0,0.0,0.0,0.0,1,39951.0,2.2,0.0,0.0,0.0,0.0,0.0,0.0,0.0,0.0
683,1994-08-12,SZSE:000768,0.0,0.0,0.0,0.0,0.0,0.0,0.0,0.0,0.0,0.0,0.0,0.0,0.0,0.0,0.0,0.0,0.0,0,0.0,0.0,0.0,0.0,0.0,0.0,0.0,0.0,1,39951.0,2.2,0.0,0.0,0.0,0.0,0.0,0.0,0.0,0.0
684,1994-08-15,SZSE:000768,0.0,0.0,0.0,0.0,0.0,0.0,0.0,0.0,0.0,0.0,0.0,0.0,0.0,0.0,0.0,0.0,0.0,0,0.0,0.0,0.0,0.0,0.0,0.0,0.0,0.0,1,39951.0,2.2,0.0,0.0,0.0,0.0,0.0,0.0,0.0,0.0
685,1994-08-16,SZSE:000768,0.0,0.0,0.0,0.0,0.0,0.0,0.0,0.0,0.0,0.0,0.0,0.0,0.0,0.0,0.0,0.0,0.0,0,0.0,0.0,0.0,0.0,0.0,0.0,0.0,0.0,1,39951.0,2.2,0.0,0.0,0.0,0.0,0.0,0.0,0.0,0.0
686,1994-08-17,SZSE:000768,0.0,0.0,0.0,0.0,0.0,0.0,0.0,0.0,0.0,0.0,0.0,0.0,0.0,0.0,0.0,0.0,0.0,0,0.0,0.0,0.0,0.0,0.0,0.0,0.0,0.0,1,39951.0,2.2,0.0,0.0,0.0,0.0,0.0,0.0,0.0,0.0
687,1994-08-18,SZSE:000768,0.0,0.0,0.0,0.0,0.0,0.0,0.0,0.0,0.0,0.0,0.0,0.0,0.0,0.0,0.0,0.0,0.0,0,0.0,0.0,0.0,0.0,0.0,0.0,0.0,0.0,1,39951.0,2.2,0.0,0.0,0.0,0.0,0.0,0.0,0.0,0.0
688,1994-08-19,SZSE:000768,0.0,0.0,0.0,0.0,0.0,0.0,0.0,0.0,0.0,0.0,0.0,0.0,0.0,0.0,0.0,0.0,0.0,0,0.0,0.0,0.0,0.0,0.0,0.0,0.0,0.0,1,39951.0,2.2,0.0,0.0,0.0,0.0,0.0,0.0,0.0,0.0
689,1994-08-22,SZSE:000768,0.0,0.0,0.0,0.0,0.0,0.0,0.0,0.0,0.0,0.0,0.0,0.0,0.0,0.0,0.0,0.0,0.0,0,0.0,0.0,0.0,0.0,0.0,0.0,0.0,0.0,1,39951.0,2.2,0.0,0.0,0.0,0.0,0.0,0.0,0.0,0.0
690,1994-08-23,SZSE:000768,0.0,0.0,0.0,0.0,0.0,0.0,0.0,0.0,0.0,0.0,0.0,0.0,0.0,0.0,0.0,0.0,0.0,0,0.0,0.0,0.0,0.0,0.0,0.0,0.0,0.0,1,39951.0,2.2,0.0,0.0,0.0,0.0,0.0,0.0,0.0,0.0
691,1994-08-24,SZSE:000768,0.0,0.0,0.0,0.0,0.0,0.0,0.0,0.0,0.0,0.0,0.0,0.0,0.0,0.0,0.0,0.0,0.0,0,0.0,0.0,0.0,0.0,0.0,0.0,0.0,0.0,1,39951.0,2.2,0.0,0.0,0.0,0.0,0.0,0.0,0.0,0.0
692,1994-08-25,SZSE:000768,0.0,0.0,0.0,0.0,0.0,0.0,0.0,0.0,0.0,0.0,0.0,0.0,0.0,0.0,0.0,0.0,0.0,0,0.0,0.0,0.0,0.0,0.0,0.0,0.0,0.0,1,39951.0,2.2,0.0,0.0,0.0,0.0,0.0,0.0,0.0,0.0
693,1994-08-26,SZSE:000768,0.0,0.0,0.0,0.0,0.0,0.0,0.0,0.0,0.0,0.0,0.0,0.0,0.0,0.0,0.0,0.0,0.0,0,0.0,0.0,0.0,0.0,0.0,0.0,0.0,0.0,1,39951.0,2.2,0.0,0.0,0.0,0.0,0.0,0.0,0.0,0.0
694,1994-08-29,SZSE:000768,0.0,0.0,0.0,0.0,0.0,0.0,0.0,0.0,0.0,0.0,0.0,0.0,0.0,0.0,0.0,0.0,0.0,0,0.0,0.0,0.0,0.0,0.0,0.0,0.0,0.0,1,39951.0,2.2,0.0,0.0,0.0,0.0,0.0,0.0,0.0,0.0
695,1994-08-30,SZSE:000768,0.0,0.0,0.0,0.0,0.0,0.0,0.0,0.0,0.0,0.0,0.0,0.0,0.0,0.0,0.0,0.0,0.0,0,0.0,0.0,0.0,0.0,0.0,0.0,0.0,0.0,1,39951.0,2.2,0.0,0.0,0.0,0.0,0.0,0.0,0.0,0.0
696,1994-08-31,SZSE:000768,0.0,0.0,0.0,0.0,0.0,0.0,0.0,0.0,0.0,0.0,0.0,0.0,0.0,0.0,0.0,0.0,0.0,0,0.0,0.0,0.0,0.0,0.0,0.0,0.0,0.0,1,39951.0,2.2,0.0,0.0,0.0,0.0,0.0,0.0,0.0,0.0
697,1994-09-01,SZSE:000768,0.0,0.0,0.0,0.0,0.0,0.0,0.0,0.0,0.0,0.0,0.0,0.0,0.0,0.0,0.0,0.0,0.0,0,0.0,0.0,0.0,0.0,0.0,0.0,0.0,0.0,1,39951.0,2.2,0.0,0.0,0.0,0.0,0.0,0.0,0.0,0.0
698,1994-09-02,SZSE:000768,0.0,0.0,0.0,0.0,0.0,0.0,0.0,0.0,0.0,0.0,0.0,0.0,0.0,0.0,0.0,0.0,0.0,0,0.0,0.0,0.0,0.0,0.0,0.0,0.0,0.0,1,39951.0,2.2,0.0,0.0,0.0,0.0,0.0,0.0,0.0,0.0
699,1994-09-05,SZSE:000768,0.0,0.0,0.0,0.0,0.0,0.0,0.0,0.0,0.0,0.0,0.0,0.0,0.0,0.0,0.0,0.0,0.0,0,0.0,0.0,0.0,0.0,0.0,0.0,0.0,0.0,1,39951.0,2.2,0.0,0.0,0.0,0.0,0.0,0.0,0.0,0.0
700,1994-09-06,SZSE:000768,0.0,0.0,0.0,0.0,0.0,0.0,0.0,0.0,0.0,0.0,0.0,0.0,0.0,0.0,0.0,0.0,0.0,0,0.0,0.0,0.0,0.0,0.0,0.0,0.0,0.0,1,39951.0,2.2,0.0,0.0,0.0,0.0,0.0,0.0,0.0,0.0
701,1994-09-07,SZSE:000768,0.0,0.0,0.0,0.0,0.0,0.0,0.0,0.0,0.0,0.0,0.0,0.0,0.0,0.0,0.0,0.0,0.0,0,0.0,0.0,0.0,0.0,0.0,0.0,0.0,0.0,1,39951.0,2.2,0.0,0.0,0.0,0.0,0.0,0.0,0.0,0.0
702,1994-09-08,SZSE:000768,0.0,0.0,0.0,0.0,0.0,0.0,0.0,0.0,0.0,0.0,0.0,0.0,0.0,0.0,0.0,0.0,0.0,0,0.0,0.0,0.0,0.0,0.0,0.0,0.0,0.0,1,39951.0,2.2,0.0,0.0,0.0,0.0,0.0,0.0,0.0,0.0
703,1994-09-09,SZSE:000768,0.0,0.0,0.0,0.0,0.0,0.0,0.0,0.0,0.0,0.0,0.0,0.0,0.0,0.0,0.0,0.0,0.0,0,0.0,0.0,0.0,0.0,0.0,0.0,0.0,0.0,1,39951.0,2.2,0.0,0.0,0.0,0.0,0.0,0.0,0.0,0.0
704,1994-09-12,SZSE:000768,0.0,0.0,0.0,0.0,0.0,0.0,0.0,0.0,0.0,0.0,0.0,0.0,0.0,0.0,0.0,0.0,0.0,0,0.0,0.0,0.0,0.0,0.0,0.0,0.0,0.0,1,39951.0,2.2,0.0,0.0,0.0,0.0,0.0,0.0,0.0,0.0
705,1994-09-13,SZSE:000768,0.0,0.0,0.0,0.0,0.0,0.0,0.0,0.0,0.0,0.0,0.0,0.0,0.0,0.0,0.0,0.0,0.0,0,0.0,0.0,0.0,0.0,0.0,0.0,0.0,0.0,1,39951.0,2.2,0.0,0.0,0.0,0.0,0.0,0.0,0.0,0.0
706,1994-09-14,SZSE:000768,0.0,0.0,0.0,0.0,0.0,0.0,0.0,0.0,0.0,0.0,0.0,0.0,0.0,0.0,0.0,0.0,0.0,0,0.0,0.0,0.0,0.0,0.0,0.0,0.0,0.0,1,39951.0,2.2,0.0,0.0,0.0,0.0,0.0,0.0,0.0,0.0
707,1994-09-15,SZSE:000768,0.0,0.0,0.0,0.0,0.0,0.0,0.0,0.0,0.0,0.0,0.0,0.0,0.0,0.0,0.0,0.0,0.0,0,0.0,0.0,0.0,0.0,0.0,0.0,0.0,0.0,1,39951.0,2.2,0.0,0.0,0.0,0.0,0.0,0.0,0.0,0.0
708,1994-09-16,SZSE:000768,0.0,0.0,0.0,0.0,0.0,0.0,0.0,0.0,0.0,0.0,0.0,0.0,0.0,0.0,0.0,0.0,0.0,0,0.0,0.0,0.0,0.0,0.0,0.0,0.0,0.0,1,39951.0,2.2,0.0,0.0,0.0,0.0,0.0,0.0,0.0,0.0
709,1994-09-19,SZSE:000768,0.0,0.0,0.0,0.0,0.0,0.0,0.0,0.0,0.0,0.0,0.0,0.0,0.0,0.0,0.0,0.0,0.0,0,0.0,0.0,0.0,0.0,0.0,0.0,0.0,0.0,1,39951.0,2.2,0.0,0.0,0.0,0.0,0.0,0.0,0.0,0.0
710,1994-09-20,SZSE:000768,0.0,0.0,0.0,0.0,0.0,0.0,0.0,0.0,0.0,0.0,0.0,0.0,0.0,0.0,0.0,0.0,0.0,0,0.0,0.0,0.0,0.0,0.0,0.0,0.0,0.0,1,39951.0,2.2,0.0,0.0,0.0,0.0,0.0,0.0,0.0,0.0
711,1994-09-21,SZSE:000768,0.0,0.0,0.0,0.0,0.0,0.0,0.0,0.0,0.0,0.0,0.0,0.0,0.0,0.0,0.0,0.0,0.0,0,0.0,0.0,0.0,0.0,0.0,0.0,0.0,0.0,1,39951.0,2.2,0.0,0.0,0.0,0.0,0.0,0.0,0.0,0.0
712,1994-09-22,SZSE:000768,0.0,0.0,0.0,0.0,0.0,0.0,0.0,0.0,0.0,0.0,0.0,0.0,0.0,0.0,0.0,0.0,0.0,0,0.0,0.0,0.0,0.0,0.0,0.0,0.0,0.0,1,39951.0,2.2,0.0,0.0,0.0,0.0,0.0,0.0,0.0,0.0
713,1994-09-23,SZSE:000768,0.0,0.0,0.0,0.0,0.0,0.0,0.0,0.0,0.0,0.0,0.0,0.0,0.0,0.0,0.0,0.0,0.0,0,0.0,0.0,0.0,0.0,0.0,0.0,0.0,0.0,1,39951.0,2.2,0.0,0.0,0.0,0.0,0.0,0.0,0.0,0.0
714,1994-09-26,SZSE:000768,0.0,0.0,0.0,0.0,0.0,0.0,0.0,0.0,0.0,0.0,0.0,0.0,0.0,0.0,0.0,0.0,0.0,0,0.0,0.0,0.0,0.0,0.0,0.0,0.0,0.0,1,39951.0,2.2,0.0,0.0,0.0,0.0,0.0,0.0,0.0,0.0
715,1994-09-27,SZSE:000768,0.0,0.0,0.0,0.0,0.0,0.0,0.0,0.0,0.0,0.0,0.0,0.0,0.0,0.0,0.0,0.0,0.0,0,0.0,0.0,0.0,0.0,0.0,0.0,0.0,0.0,1,39951.0,2.2,0.0,0.0,0.0,0.0,0.0,0.0,0.0,0.0
716,1994-09-28,SZSE:000768,0.0,0.0,0.0,0.0,0.0,0.0,0.0,0.0,0.0,0.0,0.0,0.0,0.0,0.0,0.0,0.0,0.0,0,0.0,0.0,0.0,0.0,0.0,0.0,0.0,0.0,1,39951.0,2.2,0.0,0.0,0.0,0.0,0.0,0.0,0.0,0.0
717,1994-09-29,SZSE:000768,0.0,0.0,0.0,0.0,0.0,0.0,0.0,0.0,0.0,0.0,0.0,0.0,0.0,0.0,0.0,0.0,0.0,0,0.0,0.0,0.0,0.0,0.0,0.0,0.0,0.0,1,39951.0,2.2,0.0,0.0,0.0,0.0,0.0,0.0,0.0,0.0
718,1994-09-30,SZSE:000768,0.0,0.0,0.0,0.0,0.0,0.0,0.0,0.0,0.0,0.0,0.0,0.0,0.0,0.0,0.0,0.0,0.0,0,0.0,0.0,0.0,0.0,0.0,0.0,0.0,0.0,1,39951.0,2.2,0.0,0.0,0.0,0.0,0.0,0.0,0.0,0.0
719,1994-10-03,SZSE:000768,0.0,0.0,0.0,0.0,0.0,0.0,0.0,0.0,0.0,0.0,0.0,0.0,0.0,0.0,0.0,0.0,0.0,0,0.0,0.0,0.0,0.0,0.0,0.0,0.0,0.0,1,39951.0,2.2,0.0,0.0,0.0,0.0,0.0,0.0,0.0,0.0
720,1994-10-04,SZSE:000768,0.0,0.0,0.0,0.0,0.0,0.0,0.0,0.0,0.0,0.0,0.0,0.0,0.0,0.0,0.0,0.0,0.0,0,0.0,0.0,0.0,0.0,0.0,0.0,0.0,0.0,1,39951.0,2.2,0.0,0.0,0.0,0.0,0.0,0.0,0.0,0.0
721,1994-10-05,SZSE:000768,0.0,0.0,0.0,0.0,0.0,0.0,0.0,0.0,0.0,0.0,0.0,0.0,0.0,0.0,0.0,0.0,0.0,0,0.0,0.0,0.0,0.0,0.0,0.0,0.0,0.0,1,39951.0,2.2,0.0,0.0,0.0,0.0,0.0,0.0,0.0,0.0
722,1994-10-06,SZSE:000768,0.0,0.0,0.0,0.0,0.0,0.0,0.0,0.0,0.0,0.0,0.0,0.0,0.0,0.0,0.0,0.0,0.0,0,0.0,0.0,0.0,0.0,0.0,0.0,0.0,0.0,1,39951.0,2.2,0.0,0.0,0.0,0.0,0.0,0.0,0.0,0.0
723,1994-10-07,SZSE:000768,0.0,0.0,0.0,0.0,0.0,0.0,0.0,0.0,0.0,0.0,0.0,0.0,0.0,0.0,0.0,0.0,0.0,0,0.0,0.0,0.0,0.0,0.0,0.0,0.0,0.0,1,39951.0,2.2,0.0,0.0,0.0,0.0,0.0,0.0,0.0,0.0
724,1994-10-10,SZSE:000768,0.0,0.0,0.0,0.0,0.0,0.0,0.0,0.0,0.0,0.0,0.0,0.0,0.0,0.0,0.0,0.0,0.0,0,0.0,0.0,0.0,0.0,0.0,0.0,0.0,0.0,1,39951.0,2.2,0.0,0.0,0.0,0.0,0.0,0.0,0.0,0.0
725,1994-10-11,SZSE:000768,0.0,0.0,0.0,0.0,0.0,0.0,0.0,0.0,0.0,0.0,0.0,0.0,0.0,0.0,0.0,0.0,0.0,0,0.0,0.0,0.0,0.0,0.0,0.0,0.0,0.0,1,39951.0,2.2,0.0,0.0,0.0,0.0,0.0,0.0,0.0,0.0
726,1994-10-12,SZSE:000768,0.0,0.0,0.0,0.0,0.0,0.0,0.0,0.0,0.0,0.0,0.0,0.0,0.0,0.0,0.0,0.0,0.0,0,0.0,0.0,0.0,0.0,0.0,0.0,0.0,0.0,1,39951.0,2.2,0.0,0.0,0.0,0.0,0.0,0.0,0.0,0.0
727,1994-10-13,SZSE:000768,0.0,0.0,0.0,0.0,0.0,0.0,0.0,0.0,0.0,0.0,0.0,0.0,0.0,0.0,0.0,0.0,0.0,0,0.0,0.0,0.0,0.0,0.0,0.0,0.0,0.0,1,39951.0,2.2,0.0,0.0,0.0,0.0,0.0,0.0,0.0,0.0
728,1994-10-14,SZSE:000768,0.0,0.0,0.0,0.0,0.0,0.0,0.0,0.0,0.0,0.0,0.0,0.0,0.0,0.0,0.0,0.0,0.0,0,0.0,0.0,0.0,0.0,0.0,0.0,0.0,0.0,1,39951.0,2.2,0.0,0.0,0.0,0.0,0.0,0.0,0.0,0.0
729,1994-10-17,SZSE:000768,0.0,0.0,0.0,0.0,0.0,0.0,0.0,0.0,0.0,0.0,0.0,0.0,0.0,0.0,0.0,0.0,0.0,0,0.0,0.0,0.0,0.0,0.0,0.0,0.0,0.0,1,39951.0,2.2,0.0,0.0,0.0,0.0,0.0,0.0,0.0,0.0
730,1994-10-18,SZSE:000768,0.0,0.0,0.0,0.0,0.0,0.0,0.0,0.0,0.0,0.0,0.0,0.0,0.0,0.0,0.0,0.0,0.0,0,0.0,0.0,0.0,0.0,0.0,0.0,0.0,0.0,1,39951.0,2.2,0.0,0.0,0.0,0.0,0.0,0.0,0.0,0.0
731,1994-10-19,SZSE:000768,0.0,0.0,0.0,0.0,0.0,0.0,0.0,0.0,0.0,0.0,0.0,0.0,0.0,0.0,0.0,0.0,0.0,0,0.0,0.0,0.0,0.0,0.0,0.0,0.0,0.0,1,39951.0,2.2,0.0,0.0,0.0,0.0,0.0,0.0,0.0,0.0
732,1994-10-20,SZSE:000768,0.0,0.0,0.0,0.0,0.0,0.0,0.0,0.0,0.0,0.0,0.0,0.0,0.0,0.0,0.0,0.0,0.0,0,0.0,0.0,0.0,0.0,0.0,0.0,0.0,0.0,1,39951.0,2.2,0.0,0.0,0.0,0.0,0.0,0.0,0.0,0.0
733,1994-10-21,SZSE:000768,0.0,0.0,0.0,0.0,0.0,0.0,0.0,0.0,0.0,0.0,0.0,0.0,0.0,0.0,0.0,0.0,0.0,0,0.0,0.0,0.0,0.0,0.0,0.0,0.0,0.0,1,39951.0,2.2,0.0,0.0,0.0,0.0,0.0,0.0,0.0,0.0
734,1994-10-24,SZSE:000768,0.0,0.0,0.0,0.0,0.0,0.0,0.0,0.0,0.0,0.0,0.0,0.0,0.0,0.0,0.0,0.0,0.0,0,0.0,0.0,0.0,0.0,0.0,0.0,0.0,0.0,1,39951.0,2.2,0.0,0.0,0.0,0.0,0.0,0.0,0.0,0.0
735,1994-10-25,SZSE:000768,0.0,0.0,0.0,0.0,0.0,0.0,0.0,0.0,0.0,0.0,0.0,0.0,0.0,0.0,0.0,0.0,0.0,0,0.0,0.0,0.0,0.0,0.0,0.0,0.0,0.0,1,39951.0,2.2,0.0,0.0,0.0,0.0,0.0,0.0,0.0,0.0
736,1994-10-26,SZSE:000768,0.0,0.0,0.0,0.0,0.0,0.0,0.0,0.0,0.0,0.0,0.0,0.0,0.0,0.0,0.0,0.0,0.0,0,0.0,0.0,0.0,0.0,0.0,0.0,0.0,0.0,1,39951.0,2.2,0.0,0.0,0.0,0.0,0.0,0.0,0.0,0.0
737,1994-10-27,SZSE:000768,0.0,0.0,0.0,0.0,0.0,0.0,0.0,0.0,0.0,0.0,0.0,0.0,0.0,0.0,0.0,0.0,0.0,0,0.0,0.0,0.0,0.0,0.0,0.0,0.0,0.0,1,39951.0,2.2,0.0,0.0,0.0,0.0,0.0,0.0,0.0,0.0
738,1994-10-28,SZSE:000768,0.0,0.0,0.0,0.0,0.0,0.0,0.0,0.0,0.0,0.0,0.0,0.0,0.0,0.0,0.0,0.0,0.0,0,0.0,0.0,0.0,0.0,0.0,0.0,0.0,0.0,1,39951.0,2.2,0.0,0.0,0.0,0.0,0.0,0.0,0.0,0.0
739,1994-10-31,SZSE:000768,0.0,0.0,0.0,0.0,0.0,0.0,0.0,0.0,0.0,0.0,0.0,0.0,0.0,0.0,0.0,0.0,0.0,0,0.0,0.0,0.0,0.0,0.0,0.0,0.0,0.0,1,39951.0,2.2,0.0,0.0,0.0,0.0,0.0,0.0,0.0,0.0
740,1994-11-01,SZSE:000768,0.0,0.0,0.0,0.0,0.0,0.0,0.0,0.0,0.0,0.0,0.0,0.0,0.0,0.0,0.0,0.0,0.0,0,0.0,0.0,0.0,0.0,0.0,0.0,0.0,0.0,1,39951.0,2.2,0.0,0.0,0.0,0.0,0.0,0.0,0.0,0.0
741,1994-11-02,SZSE:000768,0.0,0.0,0.0,0.0,0.0,0.0,0.0,0.0,0.0,0.0,0.0,0.0,0.0,0.0,0.0,0.0,0.0,0,0.0,0.0,0.0,0.0,0.0,0.0,0.0,0.0,1,39951.0,2.2,0.0,0.0,0.0,0.0,0.0,0.0,0.0,0.0
742,1994-11-03,SZSE:000768,0.0,0.0,0.0,0.0,0.0,0.0,0.0,0.0,0.0,0.0,0.0,0.0,0.0,0.0,0.0,0.0,0.0,0,0.0,0.0,0.0,0.0,0.0,0.0,0.0,0.0,1,39951.0,2.2,0.0,0.0,0.0,0.0,0.0,0.0,0.0,0.0
743,1994-11-04,SZSE:000768,0.0,0.0,0.0,0.0,0.0,0.0,0.0,0.0,0.0,0.0,0.0,0.0,0.0,0.0,0.0,0.0,0.0,0,0.0,0.0,0.0,0.0,0.0,0.0,0.0,0.0,1,39951.0,2.2,0.0,0.0,0.0,0.0,0.0,0.0,0.0,0.0
744,1994-11-07,SZSE:000768,0.0,0.0,0.0,0.0,0.0,0.0,0.0,0.0,0.0,0.0,0.0,0.0,0.0,0.0,0.0,0.0,0.0,0,0.0,0.0,0.0,0.0,0.0,0.0,0.0,0.0,1,39951.0,2.2,0.0,0.0,0.0,0.0,0.0,0.0,0.0,0.0
745,1994-11-08,SZSE:000768,0.0,0.0,0.0,0.0,0.0,0.0,0.0,0.0,0.0,0.0,0.0,0.0,0.0,0.0,0.0,0.0,0.0,0,0.0,0.0,0.0,0.0,0.0,0.0,0.0,0.0,1,39951.0,2.2,0.0,0.0,0.0,0.0,0.0,0.0,0.0,0.0
746,1994-11-09,SZSE:000768,0.0,0.0,0.0,0.0,0.0,0.0,0.0,0.0,0.0,0.0,0.0,0.0,0.0,0.0,0.0,0.0,0.0,0,0.0,0.0,0.0,0.0,0.0,0.0,0.0,0.0,1,39951.0,2.2,0.0,0.0,0.0,0.0,0.0,0.0,0.0,0.0
747,1994-11-10,SZSE:000768,0.0,0.0,0.0,0.0,0.0,0.0,0.0,0.0,0.0,0.0,0.0,0.0,0.0,0.0,0.0,0.0,0.0,0,0.0,0.0,0.0,0.0,0.0,0.0,0.0,0.0,1,39951.0,2.2,0.0,0.0,0.0,0.0,0.0,0.0,0.0,0.0
748,1994-11-11,SZSE:000768,0.0,0.0,0.0,0.0,0.0,0.0,0.0,0.0,0.0,0.0,0.0,0.0,0.0,0.0,0.0,0.0,0.0,0,0.0,0.0,0.0,0.0,0.0,0.0,0.0,0.0,1,39951.0,2.2,0.0,0.0,0.0,0.0,0.0,0.0,0.0,0.0
749,1994-11-14,SZSE:000768,0.0,0.0,0.0,0.0,0.0,0.0,0.0,0.0,0.0,0.0,0.0,0.0,0.0,0.0,0.0,0.0,0.0,0,0.0,0.0,0.0,0.0,0.0,0.0,0.0,0.0,1,39951.0,2.2,0.0,0.0,0.0,0.0,0.0,0.0,0.0,0.0
750,1994-11-15,SZSE:000768,0.0,0.0,0.0,0.0,0.0,0.0,0.0,0.0,0.0,0.0,0.0,0.0,0.0,0.0,0.0,0.0,0.0,0,0.0,0.0,0.0,0.0,0.0,0.0,0.0,0.0,1,39951.0,2.2,0.0,0.0,0.0,0.0,0.0,0.0,0.0,0.0
751,1994-11-16,SZSE:000768,0.0,0.0,0.0,0.0,0.0,0.0,0.0,0.0,0.0,0.0,0.0,0.0,0.0,0.0,0.0,0.0,0.0,0,0.0,0.0,0.0,0.0,0.0,0.0,0.0,0.0,1,39951.0,2.2,0.0,0.0,0.0,0.0,0.0,0.0,0.0,0.0
752,1994-11-17,SZSE:000768,0.0,0.0,0.0,0.0,0.0,0.0,0.0,0.0,0.0,0.0,0.0,0.0,0.0,0.0,0.0,0.0,0.0,0,0.0,0.0,0.0,0.0,0.0,0.0,0.0,0.0,1,39951.0,2.2,0.0,0.0,0.0,0.0,0.0,0.0,0.0,0.0
753,1994-11-18,SZSE:000768,0.0,0.0,0.0,0.0,0.0,0.0,0.0,0.0,0.0,0.0,0.0,0.0,0.0,0.0,0.0,0.0,0.0,0,0.0,0.0,0.0,0.0,0.0,0.0,0.0,0.0,1,39951.0,2.2,0.0,0.0,0.0,0.0,0.0,0.0,0.0,0.0
754,1994-11-21,SZSE:000768,0.0,0.0,0.0,0.0,0.0,0.0,0.0,0.0,0.0,0.0,0.0,0.0,0.0,0.0,0.0,0.0,0.0,0,0.0,0.0,0.0,0.0,0.0,0.0,0.0,0.0,1,39951.0,2.2,0.0,0.0,0.0,0.0,0.0,0.0,0.0,0.0
755,1994-11-22,SZSE:000768,0.0,0.0,0.0,0.0,0.0,0.0,0.0,0.0,0.0,0.0,0.0,0.0,0.0,0.0,0.0,0.0,0.0,0,0.0,0.0,0.0,0.0,0.0,0.0,0.0,0.0,1,39951.0,2.2,0.0,0.0,0.0,0.0,0.0,0.0,0.0,0.0
756,1994-11-23,SZSE:000768,0.0,0.0,0.0,0.0,0.0,0.0,0.0,0.0,0.0,0.0,0.0,0.0,0.0,0.0,0.0,0.0,0.0,0,0.0,0.0,0.0,0.0,0.0,0.0,0.0,0.0,1,39951.0,2.2,0.0,0.0,0.0,0.0,0.0,0.0,0.0,0.0
757,1994-11-24,SZSE:000768,0.0,0.0,0.0,0.0,0.0,0.0,0.0,0.0,0.0,0.0,0.0,0.0,0.0,0.0,0.0,0.0,0.0,0,0.0,0.0,0.0,0.0,0.0,0.0,0.0,0.0,1,39951.0,2.2,0.0,0.0,0.0,0.0,0.0,0.0,0.0,0.0
758,1994-11-25,SZSE:000768,0.0,0.0,0.0,0.0,0.0,0.0,0.0,0.0,0.0,0.0,0.0,0.0,0.0,0.0,0.0,0.0,0.0,0,0.0,0.0,0.0,0.0,0.0,0.0,0.0,0.0,1,39951.0,2.2,0.0,0.0,0.0,0.0,0.0,0.0,0.0,0.0
759,1994-11-28,SZSE:000768,0.0,0.0,0.0,0.0,0.0,0.0,0.0,0.0,0.0,0.0,0.0,0.0,0.0,0.0,0.0,0.0,0.0,0,0.0,0.0,0.0,0.0,0.0,0.0,0.0,0.0,1,39951.0,2.2,0.0,0.0,0.0,0.0,0.0,0.0,0.0,0.0
760,1994-11-29,SZSE:000768,0.0,0.0,0.0,0.0,0.0,0.0,0.0,0.0,0.0,0.0,0.0,0.0,0.0,0.0,0.0,0.0,0.0,0,0.0,0.0,0.0,0.0,0.0,0.0,0.0,0.0,1,39951.0,2.2,0.0,0.0,0.0,0.0,0.0,0.0,0.0,0.0
761,1994-11-30,SZSE:000768,0.0,0.0,0.0,0.0,0.0,0.0,0.0,0.0,0.0,0.0,0.0,0.0,0.0,0.0,0.0,0.0,0.0,0,0.0,0.0,0.0,0.0,0.0,0.0,0.0,0.0,1,39951.0,2.2,0.0,0.0,0.0,0.0,0.0,0.0,0.0,0.0
762,1994-12-01,SZSE:000768,0.0,0.0,0.0,0.0,0.0,0.0,0.0,0.0,0.0,0.0,0.0,0.0,0.0,0.0,0.0,0.0,0.0,0,0.0,0.0,0.0,0.0,0.0,0.0,0.0,0.0,1,39951.0,2.2,0.0,0.0,0.0,0.0,0.0,0.0,0.0,0.0
763,1994-12-02,SZSE:000768,0.0,0.0,0.0,0.0,0.0,0.0,0.0,0.0,0.0,0.0,0.0,0.0,0.0,0.0,0.0,0.0,0.0,0,0.0,0.0,0.0,0.0,0.0,0.0,0.0,0.0,1,39951.0,2.2,0.0,0.0,0.0,0.0,0.0,0.0,0.0,0.0
764,1994-12-05,SZSE:000768,0.0,0.0,0.0,0.0,0.0,0.0,0.0,0.0,0.0,0.0,0.0,0.0,0.0,0.0,0.0,0.0,0.0,0,0.0,0.0,0.0,0.0,0.0,0.0,0.0,0.0,1,39951.0,2.2,0.0,0.0,0.0,0.0,0.0,0.0,0.0,0.0
765,1994-12-06,SZSE:000768,0.0,0.0,0.0,0.0,0.0,0.0,0.0,0.0,0.0,0.0,0.0,0.0,0.0,0.0,0.0,0.0,0.0,0,0.0,0.0,0.0,0.0,0.0,0.0,0.0,0.0,1,39951.0,2.2,0.0,0.0,0.0,0.0,0.0,0.0,0.0,0.0
766,1994-12-07,SZSE:000768,0.0,0.0,0.0,0.0,0.0,0.0,0.0,0.0,0.0,0.0,0.0,0.0,0.0,0.0,0.0,0.0,0.0,0,0.0,0.0,0.0,0.0,0.0,0.0,0.0,0.0,1,39951.0,2.2,0.0,0.0,0.0,0.0,0.0,0.0,0.0,0.0
767,1994-12-08,SZSE:000768,0.0,0.0,0.0,0.0,0.0,0.0,0.0,0.0,0.0,0.0,0.0,0.0,0.0,0.0,0.0,0.0,0.0,0,0.0,0.0,0.0,0.0,0.0,0.0,0.0,0.0,1,39951.0,2.2,0.0,0.0,0.0,0.0,0.0,0.0,0.0,0.0
768,1994-12-09,SZSE:000768,0.0,0.0,0.0,0.0,0.0,0.0,0.0,0.0,0.0,0.0,0.0,0.0,0.0,0.0,0.0,0.0,0.0,0,0.0,0.0,0.0,0.0,0.0,0.0,0.0,0.0,1,39951.0,2.2,0.0,0.0,0.0,0.0,0.0,0.0,0.0,0.0
769,1994-12-12,SZSE:000768,0.0,0.0,0.0,0.0,0.0,0.0,0.0,0.0,0.0,0.0,0.0,0.0,0.0,0.0,0.0,0.0,0.0,0,0.0,0.0,0.0,0.0,0.0,0.0,0.0,0.0,1,39951.0,2.2,0.0,0.0,0.0,0.0,0.0,0.0,0.0,0.0
770,1994-12-13,SZSE:000768,0.0,0.0,0.0,0.0,0.0,0.0,0.0,0.0,0.0,0.0,0.0,0.0,0.0,0.0,0.0,0.0,0.0,0,0.0,0.0,0.0,0.0,0.0,0.0,0.0,0.0,1,39951.0,2.2,0.0,0.0,0.0,0.0,0.0,0.0,0.0,0.0
771,1994-12-14,SZSE:000768,0.0,0.0,0.0,0.0,0.0,0.0,0.0,0.0,0.0,0.0,0.0,0.0,0.0,0.0,0.0,0.0,0.0,0,0.0,0.0,0.0,0.0,0.0,0.0,0.0,0.0,1,39951.0,2.2,0.0,0.0,0.0,0.0,0.0,0.0,0.0,0.0
772,1994-12-15,SZSE:000768,0.0,0.0,0.0,0.0,0.0,0.0,0.0,0.0,0.0,0.0,0.0,0.0,0.0,0.0,0.0,0.0,0.0,0,0.0,0.0,0.0,0.0,0.0,0.0,0.0,0.0,1,39951.0,2.2,0.0,0.0,0.0,0.0,0.0,0.0,0.0,0.0
773,1994-12-16,SZSE:000768,0.0,0.0,0.0,0.0,0.0,0.0,0.0,0.0,0.0,0.0,0.0,0.0,0.0,0.0,0.0,0.0,0.0,0,0.0,0.0,0.0,0.0,0.0,0.0,0.0,0.0,1,39951.0,2.2,0.0,0.0,0.0,0.0,0.0,0.0,0.0,0.0
774,1994-12-19,SZSE:000768,0.0,0.0,0.0,0.0,0.0,0.0,0.0,0.0,0.0,0.0,0.0,0.0,0.0,0.0,0.0,0.0,0.0,0,0.0,0.0,0.0,0.0,0.0,0.0,0.0,0.0,1,39951.0,2.2,0.0,0.0,0.0,0.0,0.0,0.0,0.0,0.0
775,1994-12-20,SZSE:000768,0.0,0.0,0.0,0.0,0.0,0.0,0.0,0.0,0.0,0.0,0.0,0.0,0.0,0.0,0.0,0.0,0.0,0,0.0,0.0,0.0,0.0,0.0,0.0,0.0,0.0,1,39951.0,2.2,0.0,0.0,0.0,0.0,0.0,0.0,0.0,0.0
776,1994-12-21,SZSE:000768,0.0,0.0,0.0,0.0,0.0,0.0,0.0,0.0,0.0,0.0,0.0,0.0,0.0,0.0,0.0,0.0,0.0,0,0.0,0.0,0.0,0.0,0.0,0.0,0.0,0.0,1,39951.0,2.2,0.0,0.0,0.0,0.0,0.0,0.0,0.0,0.0
777,1994-12-22,SZSE:000768,0.0,0.0,0.0,0.0,0.0,0.0,0.0,0.0,0.0,0.0,0.0,0.0,0.0,0.0,0.0,0.0,0.0,0,0.0,0.0,0.0,0.0,0.0,0.0,0.0,0.0,1,39951.0,2.2,0.0,0.0,0.0,0.0,0.0,0.0,0.0,0.0
778,1994-12-23,SZSE:000768,0.0,0.0,0.0,0.0,0.0,0.0,0.0,0.0,0.0,0.0,0.0,0.0,0.0,0.0,0.0,0.0,0.0,0,0.0,0.0,0.0,0.0,0.0,0.0,0.0,0.0,1,39951.0,2.2,0.0,0.0,0.0,0.0,0.0,0.0,0.0,0.0
779,1994-12-26,SZSE:000768,0.0,0.0,0.0,0.0,0.0,0.0,0.0,0.0,0.0,0.0,0.0,0.0,0.0,0.0,0.0,0.0,0.0,0,0.0,0.0,0.0,0.0,0.0,0.0,0.0,0.0,1,39951.0,2.2,0.0,0.0,0.0,0.0,0.0,0.0,0.0,0.0
780,1994-12-27,SZSE:000768,0.0,0.0,0.0,0.0,0.0,0.0,0.0,0.0,0.0,0.0,0.0,0.0,0.0,0.0,0.0,0.0,0.0,0,0.0,0.0,0.0,0.0,0.0,0.0,0.0,0.0,1,39951.0,2.2,0.0,0.0,0.0,0.0,0.0,0.0,0.0,0.0
781,1994-12-28,SZSE:000768,0.0,0.0,0.0,0.0,0.0,0.0,0.0,0.0,0.0,0.0,0.0,0.0,0.0,0.0,0.0,0.0,0.0,0,0.0,0.0,0.0,0.0,0.0,0.0,0.0,0.0,1,39951.0,2.2,0.0,0.0,0.0,0.0,0.0,0.0,0.0,0.0
782,1994-12-29,SZSE:000768,0.0,0.0,0.0,0.0,0.0,0.0,0.0,0.0,0.0,0.0,0.0,0.0,0.0,0.0,0.0,0.0,0.0,0,0.0,0.0,0.0,0.0,0.0,0.0,0.0,0.0,1,39951.0,2.2,0.0,0.0,0.0,0.0,0.0,0.0,0.0,0.0
783,1994-12-30,SZSE:000768,0.0,0.0,0.0,0.0,0.0,0.0,0.0,0.0,0.0,0.0,0.0,0.0,0.0,0.0,0.0,0.0,0.0,0,0.0,0.0,0.0,0.0,0.0,0.0,0.0,0.0,1,39951.0,2.2,0.0,0.0,0.0,0.0,0.0,0.0,0.0,0.0
784,1995-01-02,SZSE:000768,0.0,0.0,0.0,0.0,0.0,0.0,0.0,0.0,0.0,0.0,0.0,0.0,0.0,0.0,0.0,0.0,0.0,0,0.0,0.0,0.0,0.0,0.0,0.0,0.0,0.0,1,39951.0,2.2,0.0,0.0,0.0,0.0,0.0,0.0,0.0,0.0
785,1995-01-03,SZSE:000768,0.0,0.0,0.0,0.0,0.0,0.0,0.0,0.0,0.0,0.0,0.0,0.0,0.0,0.0,0.0,0.0,0.0,0,0.0,0.0,0.0,0.0,0.0,0.0,0.0,0.0,1,39951.0,2.2,0.0,0.0,0.0,0.0,0.0,0.0,0.0,0.0
786,1995-01-04,SZSE:000768,0.0,0.0,0.0,0.0,0.0,0.0,0.0,0.0,0.0,0.0,0.0,0.0,0.0,0.0,0.0,0.0,0.0,0,0.0,0.0,0.0,0.0,0.0,0.0,0.0,0.0,1,39951.0,2.2,0.0,0.0,0.0,0.0,0.0,0.0,0.0,0.0
787,1995-01-05,SZSE:000768,0.0,0.0,0.0,0.0,0.0,0.0,0.0,0.0,0.0,0.0,0.0,0.0,0.0,0.0,0.0,0.0,0.0,0,0.0,0.0,0.0,0.0,0.0,0.0,0.0,0.0,1,39951.0,2.2,0.0,0.0,0.0,0.0,0.0,0.0,0.0,0.0
788,1995-01-06,SZSE:000768,0.0,0.0,0.0,0.0,0.0,0.0,0.0,0.0,0.0,0.0,0.0,0.0,0.0,0.0,0.0,0.0,0.0,0,0.0,0.0,0.0,0.0,0.0,0.0,0.0,0.0,1,39951.0,2.2,0.0,0.0,0.0,0.0,0.0,0.0,0.0,0.0
789,1995-01-09,SZSE:000768,0.0,0.0,0.0,0.0,0.0,0.0,0.0,0.0,0.0,0.0,0.0,0.0,0.0,0.0,0.0,0.0,0.0,0,0.0,0.0,0.0,0.0,0.0,0.0,0.0,0.0,1,39951.0,2.2,0.0,0.0,0.0,0.0,0.0,0.0,0.0,0.0
790,1995-01-10,SZSE:000768,0.0,0.0,0.0,0.0,0.0,0.0,0.0,0.0,0.0,0.0,0.0,0.0,0.0,0.0,0.0,0.0,0.0,0,0.0,0.0,0.0,0.0,0.0,0.0,0.0,0.0,1,39951.0,2.2,0.0,0.0,0.0,0.0,0.0,0.0,0.0,0.0
791,1995-01-11,SZSE:000768,0.0,0.0,0.0,0.0,0.0,0.0,0.0,0.0,0.0,0.0,0.0,0.0,0.0,0.0,0.0,0.0,0.0,0,0.0,0.0,0.0,0.0,0.0,0.0,0.0,0.0,1,39951.0,2.2,0.0,0.0,0.0,0.0,0.0,0.0,0.0,0.0
792,1995-01-12,SZSE:000768,0.0,0.0,0.0,0.0,0.0,0.0,0.0,0.0,0.0,0.0,0.0,0.0,0.0,0.0,0.0,0.0,0.0,0,0.0,0.0,0.0,0.0,0.0,0.0,0.0,0.0,1,39951.0,2.2,0.0,0.0,0.0,0.0,0.0,0.0,0.0,0.0
793,1995-01-13,SZSE:000768,0.0,0.0,0.0,0.0,0.0,0.0,0.0,0.0,0.0,0.0,0.0,0.0,0.0,0.0,0.0,0.0,0.0,0,0.0,0.0,0.0,0.0,0.0,0.0,0.0,0.0,1,39951.0,2.2,0.0,0.0,0.0,0.0,0.0,0.0,0.0,0.0
794,1995-01-16,SZSE:000768,0.0,0.0,0.0,0.0,0.0,0.0,0.0,0.0,0.0,0.0,0.0,0.0,0.0,0.0,0.0,0.0,0.0,0,0.0,0.0,0.0,0.0,0.0,0.0,0.0,0.0,1,39951.0,2.2,0.0,0.0,0.0,0.0,0.0,0.0,0.0,0.0
795,1995-01-17,SZSE:000768,0.0,0.0,0.0,0.0,0.0,0.0,0.0,0.0,0.0,0.0,0.0,0.0,0.0,0.0,0.0,0.0,0.0,0,0.0,0.0,0.0,0.0,0.0,0.0,0.0,0.0,1,39951.0,2.2,0.0,0.0,0.0,0.0,0.0,0.0,0.0,0.0
796,1995-01-18,SZSE:000768,0.0,0.0,0.0,0.0,0.0,0.0,0.0,0.0,0.0,0.0,0.0,0.0,0.0,0.0,0.0,0.0,0.0,0,0.0,0.0,0.0,0.0,0.0,0.0,0.0,0.0,1,39951.0,2.2,0.0,0.0,0.0,0.0,0.0,0.0,0.0,0.0
797,1995-01-19,SZSE:000768,0.0,0.0,0.0,0.0,0.0,0.0,0.0,0.0,0.0,0.0,0.0,0.0,0.0,0.0,0.0,0.0,0.0,0,0.0,0.0,0.0,0.0,0.0,0.0,0.0,0.0,1,39951.0,2.2,0.0,0.0,0.0,0.0,0.0,0.0,0.0,0.0
798,1995-01-20,SZSE:000768,0.0,0.0,0.0,0.0,0.0,0.0,0.0,0.0,0.0,0.0,0.0,0.0,0.0,0.0,0.0,0.0,0.0,0,0.0,0.0,0.0,0.0,0.0,0.0,0.0,0.0,1,39951.0,2.2,0.0,0.0,0.0,0.0,0.0,0.0,0.0,0.0
799,1995-01-23,SZSE:000768,0.0,0.0,0.0,0.0,0.0,0.0,0.0,0.0,0.0,0.0,0.0,0.0,0.0,0.0,0.0,0.0,0.0,0,0.0,0.0,0.0,0.0,0.0,0.0,0.0,0.0,1,39951.0,2.2,0.0,0.0,0.0,0.0,0.0,0.0,0.0,0.0
800,1995-01-24,SZSE:000768,0.0,0.0,0.0,0.0,0.0,0.0,0.0,0.0,0.0,0.0,0.0,0.0,0.0,0.0,0.0,0.0,0.0,0,0.0,0.0,0.0,0.0,0.0,0.0,0.0,0.0,1,39951.0,2.2,0.0,0.0,0.0,0.0,0.0,0.0,0.0,0.0
801,1995-01-25,SZSE:000768,0.0,0.0,0.0,0.0,0.0,0.0,0.0,0.0,0.0,0.0,0.0,0.0,0.0,0.0,0.0,0.0,0.0,0,0.0,0.0,0.0,0.0,0.0,0.0,0.0,0.0,1,39951.0,2.2,0.0,0.0,0.0,0.0,0.0,0.0,0.0,0.0
802,1995-01-26,SZSE:000768,0.0,0.0,0.0,0.0,0.0,0.0,0.0,0.0,0.0,0.0,0.0,0.0,0.0,0.0,0.0,0.0,0.0,0,0.0,0.0,0.0,0.0,0.0,0.0,0.0,0.0,1,39951.0,2.2,0.0,0.0,0.0,0.0,0.0,0.0,0.0,0.0
803,1995-01-27,SZSE:000768,0.0,0.0,0.0,0.0,0.0,0.0,0.0,0.0,0.0,0.0,0.0,0.0,0.0,0.0,0.0,0.0,0.0,0,0.0,0.0,0.0,0.0,0.0,0.0,0.0,0.0,1,39951.0,2.2,0.0,0.0,0.0,0.0,0.0,0.0,0.0,0.0
804,1995-01-30,SZSE:000768,0.0,0.0,0.0,0.0,0.0,0.0,0.0,0.0,0.0,0.0,0.0,0.0,0.0,0.0,0.0,0.0,0.0,0,0.0,0.0,0.0,0.0,0.0,0.0,0.0,0.0,1,39951.0,2.2,0.0,0.0,0.0,0.0,0.0,0.0,0.0,0.0
805,1995-01-31,SZSE:000768,0.0,0.0,0.0,0.0,0.0,0.0,0.0,0.0,0.0,0.0,0.0,0.0,0.0,0.0,0.0,0.0,0.0,0,0.0,0.0,0.0,0.0,0.0,0.0,0.0,0.0,1,39951.0,2.2,0.0,0.0,0.0,0.0,0.0,0.0,0.0,0.0
806,1995-02-01,SZSE:000768,0.0,0.0,0.0,0.0,0.0,0.0,0.0,0.0,0.0,0.0,0.0,0.0,0.0,0.0,0.0,0.0,0.0,0,0.0,0.0,0.0,0.0,0.0,0.0,0.0,0.0,1,39951.0,2.2,0.0,0.0,0.0,0.0,0.0,0.0,0.0,0.0
807,1995-02-02,SZSE:000768,0.0,0.0,0.0,0.0,0.0,0.0,0.0,0.0,0.0,0.0,0.0,0.0,0.0,0.0,0.0,0.0,0.0,0,0.0,0.0,0.0,0.0,0.0,0.0,0.0,0.0,1,39951.0,2.2,0.0,0.0,0.0,0.0,0.0,0.0,0.0,0.0
808,1995-02-03,SZSE:000768,0.0,0.0,0.0,0.0,0.0,0.0,0.0,0.0,0.0,0.0,0.0,0.0,0.0,0.0,0.0,0.0,0.0,0,0.0,0.0,0.0,0.0,0.0,0.0,0.0,0.0,1,39951.0,2.2,0.0,0.0,0.0,0.0,0.0,0.0,0.0,0.0
809,1995-02-06,SZSE:000768,0.0,0.0,0.0,0.0,0.0,0.0,0.0,0.0,0.0,0.0,0.0,0.0,0.0,0.0,0.0,0.0,0.0,0,0.0,0.0,0.0,0.0,0.0,0.0,0.0,0.0,1,39951.0,2.2,0.0,0.0,0.0,0.0,0.0,0.0,0.0,0.0
810,1995-02-07,SZSE:000768,0.0,0.0,0.0,0.0,0.0,0.0,0.0,0.0,0.0,0.0,0.0,0.0,0.0,0.0,0.0,0.0,0.0,0,0.0,0.0,0.0,0.0,0.0,0.0,0.0,0.0,1,39951.0,2.2,0.0,0.0,0.0,0.0,0.0,0.0,0.0,0.0
811,1995-02-08,SZSE:000768,0.0,0.0,0.0,0.0,0.0,0.0,0.0,0.0,0.0,0.0,0.0,0.0,0.0,0.0,0.0,0.0,0.0,0,0.0,0.0,0.0,0.0,0.0,0.0,0.0,0.0,1,39951.0,2.2,0.0,0.0,0.0,0.0,0.0,0.0,0.0,0.0
812,1995-02-09,SZSE:000768,0.0,0.0,0.0,0.0,0.0,0.0,0.0,0.0,0.0,0.0,0.0,0.0,0.0,0.0,0.0,0.0,0.0,0,0.0,0.0,0.0,0.0,0.0,0.0,0.0,0.0,1,39951.0,2.2,0.0,0.0,0.0,0.0,0.0,0.0,0.0,0.0
813,1995-02-10,SZSE:000768,0.0,0.0,0.0,0.0,0.0,0.0,0.0,0.0,0.0,0.0,0.0,0.0,0.0,0.0,0.0,0.0,0.0,0,0.0,0.0,0.0,0.0,0.0,0.0,0.0,0.0,1,39951.0,2.2,0.0,0.0,0.0,0.0,0.0,0.0,0.0,0.0
814,1995-02-13,SZSE:000768,0.0,0.0,0.0,0.0,0.0,0.0,0.0,0.0,0.0,0.0,0.0,0.0,0.0,0.0,0.0,0.0,0.0,0,0.0,0.0,0.0,0.0,0.0,0.0,0.0,0.0,1,39951.0,2.2,0.0,0.0,0.0,0.0,0.0,0.0,0.0,0.0
815,1995-02-14,SZSE:000768,0.0,0.0,0.0,0.0,0.0,0.0,0.0,0.0,0.0,0.0,0.0,0.0,0.0,0.0,0.0,0.0,0.0,0,0.0,0.0,0.0,0.0,0.0,0.0,0.0,0.0,1,39951.0,2.2,0.0,0.0,0.0,0.0,0.0,0.0,0.0,0.0
816,1995-02-15,SZSE:000768,0.0,0.0,0.0,0.0,0.0,0.0,0.0,0.0,0.0,0.0,0.0,0.0,0.0,0.0,0.0,0.0,0.0,0,0.0,0.0,0.0,0.0,0.0,0.0,0.0,0.0,1,39951.0,2.2,0.0,0.0,0.0,0.0,0.0,0.0,0.0,0.0
817,1995-02-16,SZSE:000768,0.0,0.0,0.0,0.0,0.0,0.0,0.0,0.0,0.0,0.0,0.0,0.0,0.0,0.0,0.0,0.0,0.0,0,0.0,0.0,0.0,0.0,0.0,0.0,0.0,0.0,1,39951.0,2.2,0.0,0.0,0.0,0.0,0.0,0.0,0.0,0.0
818,1995-02-17,SZSE:000768,0.0,0.0,0.0,0.0,0.0,0.0,0.0,0.0,0.0,0.0,0.0,0.0,0.0,0.0,0.0,0.0,0.0,0,0.0,0.0,0.0,0.0,0.0,0.0,0.0,0.0,1,39951.0,2.2,0.0,0.0,0.0,0.0,0.0,0.0,0.0,0.0
819,1995-02-20,SZSE:000768,0.0,0.0,0.0,0.0,0.0,0.0,0.0,0.0,0.0,0.0,0.0,0.0,0.0,0.0,0.0,0.0,0.0,0,0.0,0.0,0.0,0.0,0.0,0.0,0.0,0.0,1,39951.0,2.2,0.0,0.0,0.0,0.0,0.0,0.0,0.0,0.0
820,1995-02-21,SZSE:000768,0.0,0.0,0.0,0.0,0.0,0.0,0.0,0.0,0.0,0.0,0.0,0.0,0.0,0.0,0.0,0.0,0.0,0,0.0,0.0,0.0,0.0,0.0,0.0,0.0,0.0,1,39951.0,2.2,0.0,0.0,0.0,0.0,0.0,0.0,0.0,0.0
821,1995-02-22,SZSE:000768,0.0,0.0,0.0,0.0,0.0,0.0,0.0,0.0,0.0,0.0,0.0,0.0,0.0,0.0,0.0,0.0,0.0,0,0.0,0.0,0.0,0.0,0.0,0.0,0.0,0.0,1,39951.0,2.2,0.0,0.0,0.0,0.0,0.0,0.0,0.0,0.0
822,1995-02-23,SZSE:000768,0.0,0.0,0.0,0.0,0.0,0.0,0.0,0.0,0.0,0.0,0.0,0.0,0.0,0.0,0.0,0.0,0.0,0,0.0,0.0,0.0,0.0,0.0,0.0,0.0,0.0,1,39951.0,2.2,0.0,0.0,0.0,0.0,0.0,0.0,0.0,0.0
823,1995-02-24,SZSE:000768,0.0,0.0,0.0,0.0,0.0,0.0,0.0,0.0,0.0,0.0,0.0,0.0,0.0,0.0,0.0,0.0,0.0,0,0.0,0.0,0.0,0.0,0.0,0.0,0.0,0.0,1,39951.0,2.2,0.0,0.0,0.0,0.0,0.0,0.0,0.0,0.0
824,1995-02-27,SZSE:000768,0.0,0.0,0.0,0.0,0.0,0.0,0.0,0.0,0.0,0.0,0.0,0.0,0.0,0.0,0.0,0.0,0.0,0,0.0,0.0,0.0,0.0,0.0,0.0,0.0,0.0,1,39951.0,2.2,0.0,0.0,0.0,0.0,0.0,0.0,0.0,0.0
825,1995-02-28,SZSE:000768,0.0,0.0,0.0,0.0,0.0,0.0,0.0,0.0,0.0,0.0,0.0,0.0,0.0,0.0,0.0,0.0,0.0,0,0.0,0.0,0.0,0.0,0.0,0.0,0.0,0.0,1,39951.0,2.2,0.0,0.0,0.0,0.0,0.0,0.0,0.0,0.0
826,1995-03-01,SZSE:000768,0.0,0.0,0.0,0.0,0.0,0.0,0.0,0.0,0.0,0.0,0.0,0.0,0.0,0.0,0.0,0.0,0.0,0,0.0,0.0,0.0,0.0,0.0,0.0,0.0,0.0,1,39951.0,2.2,0.0,0.0,0.0,0.0,0.0,0.0,0.0,0.0
827,1995-03-02,SZSE:000768,0.0,0.0,0.0,0.0,0.0,0.0,0.0,0.0,0.0,0.0,0.0,0.0,0.0,0.0,0.0,0.0,0.0,0,0.0,0.0,0.0,0.0,0.0,0.0,0.0,0.0,1,39951.0,2.2,0.0,0.0,0.0,0.0,0.0,0.0,0.0,0.0
828,1995-03-03,SZSE:000768,0.0,0.0,0.0,0.0,0.0,0.0,0.0,0.0,0.0,0.0,0.0,0.0,0.0,0.0,0.0,0.0,0.0,0,0.0,0.0,0.0,0.0,0.0,0.0,0.0,0.0,1,39951.0,2.2,0.0,0.0,0.0,0.0,0.0,0.0,0.0,0.0
829,1995-03-06,SZSE:000768,0.0,0.0,0.0,0.0,0.0,0.0,0.0,0.0,0.0,0.0,0.0,0.0,0.0,0.0,0.0,0.0,0.0,0,0.0,0.0,0.0,0.0,0.0,0.0,0.0,0.0,1,39951.0,2.2,0.0,0.0,0.0,0.0,0.0,0.0,0.0,0.0
830,1995-03-07,SZSE:000768,0.0,0.0,0.0,0.0,0.0,0.0,0.0,0.0,0.0,0.0,0.0,0.0,0.0,0.0,0.0,0.0,0.0,0,0.0,0.0,0.0,0.0,0.0,0.0,0.0,0.0,1,39951.0,2.2,0.0,0.0,0.0,0.0,0.0,0.0,0.0,0.0
831,1995-03-08,SZSE:000768,0.0,0.0,0.0,0.0,0.0,0.0,0.0,0.0,0.0,0.0,0.0,0.0,0.0,0.0,0.0,0.0,0.0,0,0.0,0.0,0.0,0.0,0.0,0.0,0.0,0.0,1,39951.0,2.2,0.0,0.0,0.0,0.0,0.0,0.0,0.0,0.0
832,1995-03-09,SZSE:000768,0.0,0.0,0.0,0.0,0.0,0.0,0.0,0.0,0.0,0.0,0.0,0.0,0.0,0.0,0.0,0.0,0.0,0,0.0,0.0,0.0,0.0,0.0,0.0,0.0,0.0,1,39951.0,2.2,0.0,0.0,0.0,0.0,0.0,0.0,0.0,0.0
833,1995-03-10,SZSE:000768,0.0,0.0,0.0,0.0,0.0,0.0,0.0,0.0,0.0,0.0,0.0,0.0,0.0,0.0,0.0,0.0,0.0,0,0.0,0.0,0.0,0.0,0.0,0.0,0.0,0.0,1,39951.0,2.2,0.0,0.0,0.0,0.0,0.0,0.0,0.0,0.0
834,1995-03-13,SZSE:000768,0.0,0.0,0.0,0.0,0.0,0.0,0.0,0.0,0.0,0.0,0.0,0.0,0.0,0.0,0.0,0.0,0.0,0,0.0,0.0,0.0,0.0,0.0,0.0,0.0,0.0,1,39951.0,2.2,0.0,0.0,0.0,0.0,0.0,0.0,0.0,0.0
835,1995-03-14,SZSE:000768,0.0,0.0,0.0,0.0,0.0,0.0,0.0,0.0,0.0,0.0,0.0,0.0,0.0,0.0,0.0,0.0,0.0,0,0.0,0.0,0.0,0.0,0.0,0.0,0.0,0.0,1,39951.0,2.2,0.0,0.0,0.0,0.0,0.0,0.0,0.0,0.0
836,1995-03-15,SZSE:000768,0.0,0.0,0.0,0.0,0.0,0.0,0.0,0.0,0.0,0.0,0.0,0.0,0.0,0.0,0.0,0.0,0.0,0,0.0,0.0,0.0,0.0,0.0,0.0,0.0,0.0,1,39951.0,2.2,0.0,0.0,0.0,0.0,0.0,0.0,0.0,0.0
837,1995-03-16,SZSE:000768,0.0,0.0,0.0,0.0,0.0,0.0,0.0,0.0,0.0,0.0,0.0,0.0,0.0,0.0,0.0,0.0,0.0,0,0.0,0.0,0.0,0.0,0.0,0.0,0.0,0.0,1,39951.0,2.2,0.0,0.0,0.0,0.0,0.0,0.0,0.0,0.0
838,1995-03-17,SZSE:000768,0.0,0.0,0.0,0.0,0.0,0.0,0.0,0.0,0.0,0.0,0.0,0.0,0.0,0.0,0.0,0.0,0.0,0,0.0,0.0,0.0,0.0,0.0,0.0,0.0,0.0,1,39951.0,2.2,0.0,0.0,0.0,0.0,0.0,0.0,0.0,0.0
839,1995-03-20,SZSE:000768,0.0,0.0,0.0,0.0,0.0,0.0,0.0,0.0,0.0,0.0,0.0,0.0,0.0,0.0,0.0,0.0,0.0,0,0.0,0.0,0.0,0.0,0.0,0.0,0.0,0.0,1,39951.0,2.2,0.0,0.0,0.0,0.0,0.0,0.0,0.0,0.0
840,1995-03-21,SZSE:000768,0.0,0.0,0.0,0.0,0.0,0.0,0.0,0.0,0.0,0.0,0.0,0.0,0.0,0.0,0.0,0.0,0.0,0,0.0,0.0,0.0,0.0,0.0,0.0,0.0,0.0,1,39951.0,2.2,0.0,0.0,0.0,0.0,0.0,0.0,0.0,0.0
841,1995-03-22,SZSE:000768,0.0,0.0,0.0,0.0,0.0,0.0,0.0,0.0,0.0,0.0,0.0,0.0,0.0,0.0,0.0,0.0,0.0,0,0.0,0.0,0.0,0.0,0.0,0.0,0.0,0.0,1,39951.0,2.2,0.0,0.0,0.0,0.0,0.0,0.0,0.0,0.0
842,1995-03-23,SZSE:000768,0.0,0.0,0.0,0.0,0.0,0.0,0.0,0.0,0.0,0.0,0.0,0.0,0.0,0.0,0.0,0.0,0.0,0,0.0,0.0,0.0,0.0,0.0,0.0,0.0,0.0,1,39951.0,2.2,0.0,0.0,0.0,0.0,0.0,0.0,0.0,0.0
843,1995-03-24,SZSE:000768,0.0,0.0,0.0,0.0,0.0,0.0,0.0,0.0,0.0,0.0,0.0,0.0,0.0,0.0,0.0,0.0,0.0,0,0.0,0.0,0.0,0.0,0.0,0.0,0.0,0.0,1,39951.0,2.2,0.0,0.0,0.0,0.0,0.0,0.0,0.0,0.0
844,1995-03-27,SZSE:000768,0.0,0.0,0.0,0.0,0.0,0.0,0.0,0.0,0.0,0.0,0.0,0.0,0.0,0.0,0.0,0.0,0.0,0,0.0,0.0,0.0,0.0,0.0,0.0,0.0,0.0,1,39951.0,2.2,0.0,0.0,0.0,0.0,0.0,0.0,0.0,0.0
845,1995-03-28,SZSE:000768,0.0,0.0,0.0,0.0,0.0,0.0,0.0,0.0,0.0,0.0,0.0,0.0,0.0,0.0,0.0,0.0,0.0,0,0.0,0.0,0.0,0.0,0.0,0.0,0.0,0.0,1,39951.0,2.2,0.0,0.0,0.0,0.0,0.0,0.0,0.0,0.0
846,1995-03-29,SZSE:000768,0.0,0.0,0.0,0.0,0.0,0.0,0.0,0.0,0.0,0.0,0.0,0.0,0.0,0.0,0.0,0.0,0.0,0,0.0,0.0,0.0,0.0,0.0,0.0,0.0,0.0,1,39951.0,2.2,0.0,0.0,0.0,0.0,0.0,0.0,0.0,0.0
847,1995-03-30,SZSE:000768,0.0,0.0,0.0,0.0,0.0,0.0,0.0,0.0,0.0,0.0,0.0,0.0,0.0,0.0,0.0,0.0,0.0,0,0.0,0.0,0.0,0.0,0.0,0.0,0.0,0.0,1,39951.0,2.2,0.0,0.0,0.0,0.0,0.0,0.0,0.0,0.0
848,1995-03-31,SZSE:000768,0.0,0.0,0.0,0.0,0.0,0.0,0.0,0.0,0.0,0.0,0.0,0.0,0.0,0.0,0.0,0.0,0.0,0,0.0,0.0,0.0,0.0,0.0,0.0,0.0,0.0,1,39951.0,2.2,0.0,0.0,0.0,0.0,0.0,0.0,0.0,0.0
849,1995-04-03,SZSE:000768,0.0,0.0,0.0,0.0,0.0,0.0,0.0,0.0,0.0,0.0,0.0,0.0,0.0,0.0,0.0,0.0,0.0,0,0.0,0.0,0.0,0.0,0.0,0.0,0.0,0.0,1,39951.0,2.2,0.0,0.0,0.0,0.0,0.0,0.0,0.0,0.0
850,1995-04-04,SZSE:000768,0.0,0.0,0.0,0.0,0.0,0.0,0.0,0.0,0.0,0.0,0.0,0.0,0.0,0.0,0.0,0.0,0.0,0,0.0,0.0,0.0,0.0,0.0,0.0,0.0,0.0,1,39951.0,2.2,0.0,0.0,0.0,0.0,0.0,0.0,0.0,0.0
851,1995-04-05,SZSE:000768,0.0,0.0,0.0,0.0,0.0,0.0,0.0,0.0,0.0,0.0,0.0,0.0,0.0,0.0,0.0,0.0,0.0,0,0.0,0.0,0.0,0.0,0.0,0.0,0.0,0.0,1,39951.0,2.2,0.0,0.0,0.0,0.0,0.0,0.0,0.0,0.0
852,1995-04-06,SZSE:000768,0.0,0.0,0.0,0.0,0.0,0.0,0.0,0.0,0.0,0.0,0.0,0.0,0.0,0.0,0.0,0.0,0.0,0,0.0,0.0,0.0,0.0,0.0,0.0,0.0,0.0,1,39951.0,2.2,0.0,0.0,0.0,0.0,0.0,0.0,0.0,0.0
853,1995-04-07,SZSE:000768,0.0,0.0,0.0,0.0,0.0,0.0,0.0,0.0,0.0,0.0,0.0,0.0,0.0,0.0,0.0,0.0,0.0,0,0.0,0.0,0.0,0.0,0.0,0.0,0.0,0.0,1,39951.0,2.2,0.0,0.0,0.0,0.0,0.0,0.0,0.0,0.0
854,1995-04-10,SZSE:000768,0.0,0.0,0.0,0.0,0.0,0.0,0.0,0.0,0.0,0.0,0.0,0.0,0.0,0.0,0.0,0.0,0.0,0,0.0,0.0,0.0,0.0,0.0,0.0,0.0,0.0,1,39951.0,2.2,0.0,0.0,0.0,0.0,0.0,0.0,0.0,0.0
855,1995-04-11,SZSE:000768,0.0,0.0,0.0,0.0,0.0,0.0,0.0,0.0,0.0,0.0,0.0,0.0,0.0,0.0,0.0,0.0,0.0,0,0.0,0.0,0.0,0.0,0.0,0.0,0.0,0.0,1,39951.0,2.2,0.0,0.0,0.0,0.0,0.0,0.0,0.0,0.0
856,1995-04-12,SZSE:000768,0.0,0.0,0.0,0.0,0.0,0.0,0.0,0.0,0.0,0.0,0.0,0.0,0.0,0.0,0.0,0.0,0.0,0,0.0,0.0,0.0,0.0,0.0,0.0,0.0,0.0,1,39951.0,2.2,0.0,0.0,0.0,0.0,0.0,0.0,0.0,0.0
857,1995-04-13,SZSE:000768,0.0,0.0,0.0,0.0,0.0,0.0,0.0,0.0,0.0,0.0,0.0,0.0,0.0,0.0,0.0,0.0,0.0,0,0.0,0.0,0.0,0.0,0.0,0.0,0.0,0.0,1,39951.0,2.2,0.0,0.0,0.0,0.0,0.0,0.0,0.0,0.0
858,1995-04-14,SZSE:000768,0.0,0.0,0.0,0.0,0.0,0.0,0.0,0.0,0.0,0.0,0.0,0.0,0.0,0.0,0.0,0.0,0.0,0,0.0,0.0,0.0,0.0,0.0,0.0,0.0,0.0,1,39951.0,2.2,0.0,0.0,0.0,0.0,0.0,0.0,0.0,0.0
859,1995-04-17,SZSE:000768,0.0,0.0,0.0,0.0,0.0,0.0,0.0,0.0,0.0,0.0,0.0,0.0,0.0,0.0,0.0,0.0,0.0,0,0.0,0.0,0.0,0.0,0.0,0.0,0.0,0.0,1,39951.0,2.2,0.0,0.0,0.0,0.0,0.0,0.0,0.0,0.0
860,1995-04-18,SZSE:000768,0.0,0.0,0.0,0.0,0.0,0.0,0.0,0.0,0.0,0.0,0.0,0.0,0.0,0.0,0.0,0.0,0.0,0,0.0,0.0,0.0,0.0,0.0,0.0,0.0,0.0,1,39951.0,2.2,0.0,0.0,0.0,0.0,0.0,0.0,0.0,0.0
861,1995-04-19,SZSE:000768,0.0,0.0,0.0,0.0,0.0,0.0,0.0,0.0,0.0,0.0,0.0,0.0,0.0,0.0,0.0,0.0,0.0,0,0.0,0.0,0.0,0.0,0.0,0.0,0.0,0.0,1,39951.0,2.2,0.0,0.0,0.0,0.0,0.0,0.0,0.0,0.0
862,1995-04-20,SZSE:000768,0.0,0.0,0.0,0.0,0.0,0.0,0.0,0.0,0.0,0.0,0.0,0.0,0.0,0.0,0.0,0.0,0.0,0,0.0,0.0,0.0,0.0,0.0,0.0,0.0,0.0,1,39951.0,2.2,0.0,0.0,0.0,0.0,0.0,0.0,0.0,0.0
863,1995-04-21,SZSE:000768,0.0,0.0,0.0,0.0,0.0,0.0,0.0,0.0,0.0,0.0,0.0,0.0,0.0,0.0,0.0,0.0,0.0,0,0.0,0.0,0.0,0.0,0.0,0.0,0.0,0.0,1,39951.0,2.2,0.0,0.0,0.0,0.0,0.0,0.0,0.0,0.0
864,1995-04-24,SZSE:000768,0.0,0.0,0.0,0.0,0.0,0.0,0.0,0.0,0.0,0.0,0.0,0.0,0.0,0.0,0.0,0.0,0.0,0,0.0,0.0,0.0,0.0,0.0,0.0,0.0,0.0,1,39951.0,2.2,0.0,0.0,0.0,0.0,0.0,0.0,0.0,0.0
865,1995-04-25,SZSE:000768,0.0,0.0,0.0,0.0,0.0,0.0,0.0,0.0,0.0,0.0,0.0,0.0,0.0,0.0,0.0,0.0,0.0,0,0.0,0.0,0.0,0.0,0.0,0.0,0.0,0.0,1,39951.0,2.2,0.0,0.0,0.0,0.0,0.0,0.0,0.0,0.0
866,1995-04-26,SZSE:000768,0.0,0.0,0.0,0.0,0.0,0.0,0.0,0.0,0.0,0.0,0.0,0.0,0.0,0.0,0.0,0.0,0.0,0,0.0,0.0,0.0,0.0,0.0,0.0,0.0,0.0,1,39951.0,2.2,0.0,0.0,0.0,0.0,0.0,0.0,0.0,0.0
867,1995-04-27,SZSE:000768,0.0,0.0,0.0,0.0,0.0,0.0,0.0,0.0,0.0,0.0,0.0,0.0,0.0,0.0,0.0,0.0,0.0,0,0.0,0.0,0.0,0.0,0.0,0.0,0.0,0.0,1,39951.0,2.2,0.0,0.0,0.0,0.0,0.0,0.0,0.0,0.0
868,1995-04-28,SZSE:000768,0.0,0.0,0.0,0.0,0.0,0.0,0.0,0.0,0.0,0.0,0.0,0.0,0.0,0.0,0.0,0.0,0.0,0,0.0,0.0,0.0,0.0,0.0,0.0,0.0,0.0,1,39951.0,2.2,0.0,0.0,0.0,0.0,0.0,0.0,0.0,0.0
869,1995-05-01,SZSE:000768,0.0,0.0,0.0,0.0,0.0,0.0,0.0,0.0,0.0,0.0,0.0,0.0,0.0,0.0,0.0,0.0,0.0,0,0.0,0.0,0.0,0.0,0.0,0.0,0.0,0.0,1,39951.0,2.2,0.0,0.0,0.0,0.0,0.0,0.0,0.0,0.0
870,1995-05-02,SZSE:000768,0.0,0.0,0.0,0.0,0.0,0.0,0.0,0.0,0.0,0.0,0.0,0.0,0.0,0.0,0.0,0.0,0.0,0,0.0,0.0,0.0,0.0,0.0,0.0,0.0,0.0,1,39951.0,2.2,0.0,0.0,0.0,0.0,0.0,0.0,0.0,0.0
871,1995-05-03,SZSE:000768,0.0,0.0,0.0,0.0,0.0,0.0,0.0,0.0,0.0,0.0,0.0,0.0,0.0,0.0,0.0,0.0,0.0,0,0.0,0.0,0.0,0.0,0.0,0.0,0.0,0.0,1,39951.0,2.2,0.0,0.0,0.0,0.0,0.0,0.0,0.0,0.0
872,1995-05-04,SZSE:000768,0.0,0.0,0.0,0.0,0.0,0.0,0.0,0.0,0.0,0.0,0.0,0.0,0.0,0.0,0.0,0.0,0.0,0,0.0,0.0,0.0,0.0,0.0,0.0,0.0,0.0,1,39951.0,2.2,0.0,0.0,0.0,0.0,0.0,0.0,0.0,0.0
873,1995-05-05,SZSE:000768,0.0,0.0,0.0,0.0,0.0,0.0,0.0,0.0,0.0,0.0,0.0,0.0,0.0,0.0,0.0,0.0,0.0,0,0.0,0.0,0.0,0.0,0.0,0.0,0.0,0.0,1,39951.0,2.2,0.0,0.0,0.0,0.0,0.0,0.0,0.0,0.0
874,1995-05-08,SZSE:000768,0.0,0.0,0.0,0.0,0.0,0.0,0.0,0.0,0.0,0.0,0.0,0.0,0.0,0.0,0.0,0.0,0.0,0,0.0,0.0,0.0,0.0,0.0,0.0,0.0,0.0,1,39951.0,2.2,0.0,0.0,0.0,0.0,0.0,0.0,0.0,0.0
875,1995-05-09,SZSE:000768,0.0,0.0,0.0,0.0,0.0,0.0,0.0,0.0,0.0,0.0,0.0,0.0,0.0,0.0,0.0,0.0,0.0,0,0.0,0.0,0.0,0.0,0.0,0.0,0.0,0.0,1,39951.0,2.2,0.0,0.0,0.0,0.0,0.0,0.0,0.0,0.0
876,1995-05-10,SZSE:000768,0.0,0.0,0.0,0.0,0.0,0.0,0.0,0.0,0.0,0.0,0.0,0.0,0.0,0.0,0.0,0.0,0.0,0,0.0,0.0,0.0,0.0,0.0,0.0,0.0,0.0,1,39951.0,2.2,0.0,0.0,0.0,0.0,0.0,0.0,0.0,0.0
877,1995-05-11,SZSE:000768,0.0,0.0,0.0,0.0,0.0,0.0,0.0,0.0,0.0,0.0,0.0,0.0,0.0,0.0,0.0,0.0,0.0,0,0.0,0.0,0.0,0.0,0.0,0.0,0.0,0.0,1,39951.0,2.2,0.0,0.0,0.0,0.0,0.0,0.0,0.0,0.0
878,1995-05-12,SZSE:000768,0.0,0.0,0.0,0.0,0.0,0.0,0.0,0.0,0.0,0.0,0.0,0.0,0.0,0.0,0.0,0.0,0.0,0,0.0,0.0,0.0,0.0,0.0,0.0,0.0,0.0,1,39951.0,2.2,0.0,0.0,0.0,0.0,0.0,0.0,0.0,0.0
879,1995-05-15,SZSE:000768,0.0,0.0,0.0,0.0,0.0,0.0,0.0,0.0,0.0,0.0,0.0,0.0,0.0,0.0,0.0,0.0,0.0,0,0.0,0.0,0.0,0.0,0.0,0.0,0.0,0.0,1,39951.0,2.2,0.0,0.0,0.0,0.0,0.0,0.0,0.0,0.0
880,1995-05-16,SZSE:000768,0.0,0.0,0.0,0.0,0.0,0.0,0.0,0.0,0.0,0.0,0.0,0.0,0.0,0.0,0.0,0.0,0.0,0,0.0,0.0,0.0,0.0,0.0,0.0,0.0,0.0,1,39951.0,2.2,0.0,0.0,0.0,0.0,0.0,0.0,0.0,0.0
881,1995-05-17,SZSE:000768,0.0,0.0,0.0,0.0,0.0,0.0,0.0,0.0,0.0,0.0,0.0,0.0,0.0,0.0,0.0,0.0,0.0,0,0.0,0.0,0.0,0.0,0.0,0.0,0.0,0.0,1,39951.0,2.2,0.0,0.0,0.0,0.0,0.0,0.0,0.0,0.0
882,1995-05-18,SZSE:000768,0.0,0.0,0.0,0.0,0.0,0.0,0.0,0.0,0.0,0.0,0.0,0.0,0.0,0.0,0.0,0.0,0.0,0,0.0,0.0,0.0,0.0,0.0,0.0,0.0,0.0,1,39951.0,2.2,0.0,0.0,0.0,0.0,0.0,0.0,0.0,0.0
883,1995-05-19,SZSE:000768,0.0,0.0,0.0,0.0,0.0,0.0,0.0,0.0,0.0,0.0,0.0,0.0,0.0,0.0,0.0,0.0,0.0,0,0.0,0.0,0.0,0.0,0.0,0.0,0.0,0.0,1,39951.0,2.2,0.0,0.0,0.0,0.0,0.0,0.0,0.0,0.0
884,1995-05-22,SZSE:000768,0.0,0.0,0.0,0.0,0.0,0.0,0.0,0.0,0.0,0.0,0.0,0.0,0.0,0.0,0.0,0.0,0.0,0,0.0,0.0,0.0,0.0,0.0,0.0,0.0,0.0,1,39951.0,2.2,0.0,0.0,0.0,0.0,0.0,0.0,0.0,0.0
885,1995-05-23,SZSE:000768,0.0,0.0,0.0,0.0,0.0,0.0,0.0,0.0,0.0,0.0,0.0,0.0,0.0,0.0,0.0,0.0,0.0,0,0.0,0.0,0.0,0.0,0.0,0.0,0.0,0.0,1,39951.0,2.2,0.0,0.0,0.0,0.0,0.0,0.0,0.0,0.0
886,1995-05-24,SZSE:000768,0.0,0.0,0.0,0.0,0.0,0.0,0.0,0.0,0.0,0.0,0.0,0.0,0.0,0.0,0.0,0.0,0.0,0,0.0,0.0,0.0,0.0,0.0,0.0,0.0,0.0,1,39951.0,2.2,0.0,0.0,0.0,0.0,0.0,0.0,0.0,0.0
887,1995-05-25,SZSE:000768,0.0,0.0,0.0,0.0,0.0,0.0,0.0,0.0,0.0,0.0,0.0,0.0,0.0,0.0,0.0,0.0,0.0,0,0.0,0.0,0.0,0.0,0.0,0.0,0.0,0.0,1,39951.0,2.2,0.0,0.0,0.0,0.0,0.0,0.0,0.0,0.0
888,1995-05-26,SZSE:000768,0.0,0.0,0.0,0.0,0.0,0.0,0.0,0.0,0.0,0.0,0.0,0.0,0.0,0.0,0.0,0.0,0.0,0,0.0,0.0,0.0,0.0,0.0,0.0,0.0,0.0,1,39951.0,2.2,0.0,0.0,0.0,0.0,0.0,0.0,0.0,0.0
889,1995-05-29,SZSE:000768,0.0,0.0,0.0,0.0,0.0,0.0,0.0,0.0,0.0,0.0,0.0,0.0,0.0,0.0,0.0,0.0,0.0,0,0.0,0.0,0.0,0.0,0.0,0.0,0.0,0.0,1,39951.0,2.2,0.0,0.0,0.0,0.0,0.0,0.0,0.0,0.0
890,1995-05-30,SZSE:000768,0.0,0.0,0.0,0.0,0.0,0.0,0.0,0.0,0.0,0.0,0.0,0.0,0.0,0.0,0.0,0.0,0.0,0,0.0,0.0,0.0,0.0,0.0,0.0,0.0,0.0,1,39951.0,2.2,0.0,0.0,0.0,0.0,0.0,0.0,0.0,0.0
891,1995-05-31,SZSE:000768,0.0,0.0,0.0,0.0,0.0,0.0,0.0,0.0,0.0,0.0,0.0,0.0,0.0,0.0,0.0,0.0,0.0,0,0.0,0.0,0.0,0.0,0.0,0.0,0.0,0.0,1,39951.0,2.2,0.0,0.0,0.0,0.0,0.0,0.0,0.0,0.0
892,1995-06-01,SZSE:000768,0.0,0.0,0.0,0.0,0.0,0.0,0.0,0.0,0.0,0.0,0.0,0.0,0.0,0.0,0.0,0.0,0.0,0,0.0,0.0,0.0,0.0,0.0,0.0,0.0,0.0,1,39951.0,2.2,0.0,0.0,0.0,0.0,0.0,0.0,0.0,0.0
893,1995-06-02,SZSE:000768,0.0,0.0,0.0,0.0,0.0,0.0,0.0,0.0,0.0,0.0,0.0,0.0,0.0,0.0,0.0,0.0,0.0,0,0.0,0.0,0.0,0.0,0.0,0.0,0.0,0.0,1,39951.0,2.2,0.0,0.0,0.0,0.0,0.0,0.0,0.0,0.0
894,1995-06-05,SZSE:000768,0.0,0.0,0.0,0.0,0.0,0.0,0.0,0.0,0.0,0.0,0.0,0.0,0.0,0.0,0.0,0.0,0.0,0,0.0,0.0,0.0,0.0,0.0,0.0,0.0,0.0,1,39951.0,2.2,0.0,0.0,0.0,0.0,0.0,0.0,0.0,0.0
895,1995-06-06,SZSE:000768,0.0,0.0,0.0,0.0,0.0,0.0,0.0,0.0,0.0,0.0,0.0,0.0,0.0,0.0,0.0,0.0,0.0,0,0.0,0.0,0.0,0.0,0.0,0.0,0.0,0.0,1,39951.0,2.2,0.0,0.0,0.0,0.0,0.0,0.0,0.0,0.0
896,1995-06-07,SZSE:000768,0.0,0.0,0.0,0.0,0.0,0.0,0.0,0.0,0.0,0.0,0.0,0.0,0.0,0.0,0.0,0.0,0.0,0,0.0,0.0,0.0,0.0,0.0,0.0,0.0,0.0,1,39951.0,2.2,0.0,0.0,0.0,0.0,0.0,0.0,0.0,0.0
897,1995-06-08,SZSE:000768,0.0,0.0,0.0,0.0,0.0,0.0,0.0,0.0,0.0,0.0,0.0,0.0,0.0,0.0,0.0,0.0,0.0,0,0.0,0.0,0.0,0.0,0.0,0.0,0.0,0.0,1,39951.0,2.2,0.0,0.0,0.0,0.0,0.0,0.0,0.0,0.0
898,1995-06-09,SZSE:000768,0.0,0.0,0.0,0.0,0.0,0.0,0.0,0.0,0.0,0.0,0.0,0.0,0.0,0.0,0.0,0.0,0.0,0,0.0,0.0,0.0,0.0,0.0,0.0,0.0,0.0,1,39951.0,2.2,0.0,0.0,0.0,0.0,0.0,0.0,0.0,0.0
899,1995-06-12,SZSE:000768,0.0,0.0,0.0,0.0,0.0,0.0,0.0,0.0,0.0,0.0,0.0,0.0,0.0,0.0,0.0,0.0,0.0,0,0.0,0.0,0.0,0.0,0.0,0.0,0.0,0.0,1,39951.0,2.2,0.0,0.0,0.0,0.0,0.0,0.0,0.0,0.0
900,1995-06-13,SZSE:000768,0.0,0.0,0.0,0.0,0.0,0.0,0.0,0.0,0.0,0.0,0.0,0.0,0.0,0.0,0.0,0.0,0.0,0,0.0,0.0,0.0,0.0,0.0,0.0,0.0,0.0,1,39951.0,2.2,0.0,0.0,0.0,0.0,0.0,0.0,0.0,0.0
901,1995-06-14,SZSE:000768,0.0,0.0,0.0,0.0,0.0,0.0,0.0,0.0,0.0,0.0,0.0,0.0,0.0,0.0,0.0,0.0,0.0,0,0.0,0.0,0.0,0.0,0.0,0.0,0.0,0.0,1,39951.0,2.2,0.0,0.0,0.0,0.0,0.0,0.0,0.0,0.0
902,1995-06-15,SZSE:000768,0.0,0.0,0.0,0.0,0.0,0.0,0.0,0.0,0.0,0.0,0.0,0.0,0.0,0.0,0.0,0.0,0.0,0,0.0,0.0,0.0,0.0,0.0,0.0,0.0,0.0,1,39951.0,2.2,0.0,0.0,0.0,0.0,0.0,0.0,0.0,0.0
903,1995-06-16,SZSE:000768,0.0,0.0,0.0,0.0,0.0,0.0,0.0,0.0,0.0,0.0,0.0,0.0,0.0,0.0,0.0,0.0,0.0,0,0.0,0.0,0.0,0.0,0.0,0.0,0.0,0.0,1,39951.0,2.2,0.0,0.0,0.0,0.0,0.0,0.0,0.0,0.0
904,1995-06-19,SZSE:000768,0.0,0.0,0.0,0.0,0.0,0.0,0.0,0.0,0.0,0.0,0.0,0.0,0.0,0.0,0.0,0.0,0.0,0,0.0,0.0,0.0,0.0,0.0,0.0,0.0,0.0,1,39951.0,2.2,0.0,0.0,0.0,0.0,0.0,0.0,0.0,0.0
905,1995-06-20,SZSE:000768,0.0,0.0,0.0,0.0,0.0,0.0,0.0,0.0,0.0,0.0,0.0,0.0,0.0,0.0,0.0,0.0,0.0,0,0.0,0.0,0.0,0.0,0.0,0.0,0.0,0.0,1,39951.0,2.2,0.0,0.0,0.0,0.0,0.0,0.0,0.0,0.0
906,1995-06-21,SZSE:000768,0.0,0.0,0.0,0.0,0.0,0.0,0.0,0.0,0.0,0.0,0.0,0.0,0.0,0.0,0.0,0.0,0.0,0,0.0,0.0,0.0,0.0,0.0,0.0,0.0,0.0,1,39951.0,2.2,0.0,0.0,0.0,0.0,0.0,0.0,0.0,0.0
907,1995-06-22,SZSE:000768,0.0,0.0,0.0,0.0,0.0,0.0,0.0,0.0,0.0,0.0,0.0,0.0,0.0,0.0,0.0,0.0,0.0,0,0.0,0.0,0.0,0.0,0.0,0.0,0.0,0.0,1,39951.0,2.2,0.0,0.0,0.0,0.0,0.0,0.0,0.0,0.0
908,1995-06-23,SZSE:000768,0.0,0.0,0.0,0.0,0.0,0.0,0.0,0.0,0.0,0.0,0.0,0.0,0.0,0.0,0.0,0.0,0.0,0,0.0,0.0,0.0,0.0,0.0,0.0,0.0,0.0,1,39951.0,2.2,0.0,0.0,0.0,0.0,0.0,0.0,0.0,0.0
909,1995-06-26,SZSE:000768,0.0,0.0,0.0,0.0,0.0,0.0,0.0,0.0,0.0,0.0,0.0,0.0,0.0,0.0,0.0,0.0,0.0,0,0.0,0.0,0.0,0.0,0.0,0.0,0.0,0.0,1,39951.0,2.2,0.0,0.0,0.0,0.0,0.0,0.0,0.0,0.0
910,1995-06-27,SZSE:000768,0.0,0.0,0.0,0.0,0.0,0.0,0.0,0.0,0.0,0.0,0.0,0.0,0.0,0.0,0.0,0.0,0.0,0,0.0,0.0,0.0,0.0,0.0,0.0,0.0,0.0,1,39951.0,2.2,0.0,0.0,0.0,0.0,0.0,0.0,0.0,0.0
911,1995-06-28,SZSE:000768,0.0,0.0,0.0,0.0,0.0,0.0,0.0,0.0,0.0,0.0,0.0,0.0,0.0,0.0,0.0,0.0,0.0,0,0.0,0.0,0.0,0.0,0.0,0.0,0.0,0.0,1,39951.0,2.2,0.0,0.0,0.0,0.0,0.0,0.0,0.0,0.0
912,1995-06-29,SZSE:000768,0.0,0.0,0.0,0.0,0.0,0.0,0.0,0.0,0.0,0.0,0.0,0.0,0.0,0.0,0.0,0.0,0.0,0,0.0,0.0,0.0,0.0,0.0,0.0,0.0,0.0,1,39951.0,2.2,0.0,0.0,0.0,0.0,0.0,0.0,0.0,0.0
913,1995-06-30,SZSE:000768,0.0,0.0,0.0,0.0,0.0,0.0,0.0,0.0,0.0,0.0,0.0,0.0,0.0,0.0,0.0,0.0,0.0,0,0.0,0.0,0.0,0.0,0.0,0.0,0.0,0.0,1,39951.0,2.2,0.0,0.0,0.0,0.0,0.0,0.0,0.0,0.0
914,1995-07-03,SZSE:000768,0.0,0.0,0.0,0.0,0.0,0.0,0.0,0.0,0.0,0.0,0.0,0.0,0.0,0.0,0.0,0.0,0.0,0,0.0,0.0,0.0,0.0,0.0,0.0,0.0,0.0,1,39951.0,2.2,0.0,0.0,0.0,0.0,0.0,0.0,0.0,0.0
915,1995-07-04,SZSE:000768,0.0,0.0,0.0,0.0,0.0,0.0,0.0,0.0,0.0,0.0,0.0,0.0,0.0,0.0,0.0,0.0,0.0,0,0.0,0.0,0.0,0.0,0.0,0.0,0.0,0.0,1,39951.0,2.2,0.0,0.0,0.0,0.0,0.0,0.0,0.0,0.0
916,1995-07-05,SZSE:000768,0.0,0.0,0.0,0.0,0.0,0.0,0.0,0.0,0.0,0.0,0.0,0.0,0.0,0.0,0.0,0.0,0.0,0,0.0,0.0,0.0,0.0,0.0,0.0,0.0,0.0,1,39951.0,2.2,0.0,0.0,0.0,0.0,0.0,0.0,0.0,0.0
917,1995-07-06,SZSE:000768,0.0,0.0,0.0,0.0,0.0,0.0,0.0,0.0,0.0,0.0,0.0,0.0,0.0,0.0,0.0,0.0,0.0,0,0.0,0.0,0.0,0.0,0.0,0.0,0.0,0.0,1,39951.0,2.2,0.0,0.0,0.0,0.0,0.0,0.0,0.0,0.0
918,1995-07-07,SZSE:000768,0.0,0.0,0.0,0.0,0.0,0.0,0.0,0.0,0.0,0.0,0.0,0.0,0.0,0.0,0.0,0.0,0.0,0,0.0,0.0,0.0,0.0,0.0,0.0,0.0,0.0,1,39951.0,2.2,0.0,0.0,0.0,0.0,0.0,0.0,0.0,0.0
919,1995-07-10,SZSE:000768,0.0,0.0,0.0,0.0,0.0,0.0,0.0,0.0,0.0,0.0,0.0,0.0,0.0,0.0,0.0,0.0,0.0,0,0.0,0.0,0.0,0.0,0.0,0.0,0.0,0.0,1,39951.0,2.2,0.0,0.0,0.0,0.0,0.0,0.0,0.0,0.0
920,1995-07-11,SZSE:000768,0.0,0.0,0.0,0.0,0.0,0.0,0.0,0.0,0.0,0.0,0.0,0.0,0.0,0.0,0.0,0.0,0.0,0,0.0,0.0,0.0,0.0,0.0,0.0,0.0,0.0,1,39951.0,2.2,0.0,0.0,0.0,0.0,0.0,0.0,0.0,0.0
921,1995-07-12,SZSE:000768,0.0,0.0,0.0,0.0,0.0,0.0,0.0,0.0,0.0,0.0,0.0,0.0,0.0,0.0,0.0,0.0,0.0,0,0.0,0.0,0.0,0.0,0.0,0.0,0.0,0.0,1,39951.0,2.2,0.0,0.0,0.0,0.0,0.0,0.0,0.0,0.0
922,1995-07-13,SZSE:000768,0.0,0.0,0.0,0.0,0.0,0.0,0.0,0.0,0.0,0.0,0.0,0.0,0.0,0.0,0.0,0.0,0.0,0,0.0,0.0,0.0,0.0,0.0,0.0,0.0,0.0,1,39951.0,2.2,0.0,0.0,0.0,0.0,0.0,0.0,0.0,0.0
923,1995-07-14,SZSE:000768,0.0,0.0,0.0,0.0,0.0,0.0,0.0,0.0,0.0,0.0,0.0,0.0,0.0,0.0,0.0,0.0,0.0,0,0.0,0.0,0.0,0.0,0.0,0.0,0.0,0.0,1,39951.0,2.2,0.0,0.0,0.0,0.0,0.0,0.0,0.0,0.0
924,1995-07-17,SZSE:000768,0.0,0.0,0.0,0.0,0.0,0.0,0.0,0.0,0.0,0.0,0.0,0.0,0.0,0.0,0.0,0.0,0.0,0,0.0,0.0,0.0,0.0,0.0,0.0,0.0,0.0,1,39951.0,2.2,0.0,0.0,0.0,0.0,0.0,0.0,0.0,0.0
925,1995-07-18,SZSE:000768,0.0,0.0,0.0,0.0,0.0,0.0,0.0,0.0,0.0,0.0,0.0,0.0,0.0,0.0,0.0,0.0,0.0,0,0.0,0.0,0.0,0.0,0.0,0.0,0.0,0.0,1,39951.0,2.2,0.0,0.0,0.0,0.0,0.0,0.0,0.0,0.0
926,1995-07-19,SZSE:000768,0.0,0.0,0.0,0.0,0.0,0.0,0.0,0.0,0.0,0.0,0.0,0.0,0.0,0.0,0.0,0.0,0.0,0,0.0,0.0,0.0,0.0,0.0,0.0,0.0,0.0,1,39951.0,2.2,0.0,0.0,0.0,0.0,0.0,0.0,0.0,0.0
927,1995-07-20,SZSE:000768,0.0,0.0,0.0,0.0,0.0,0.0,0.0,0.0,0.0,0.0,0.0,0.0,0.0,0.0,0.0,0.0,0.0,0,0.0,0.0,0.0,0.0,0.0,0.0,0.0,0.0,1,39951.0,2.2,0.0,0.0,0.0,0.0,0.0,0.0,0.0,0.0
928,1995-07-21,SZSE:000768,0.0,0.0,0.0,0.0,0.0,0.0,0.0,0.0,0.0,0.0,0.0,0.0,0.0,0.0,0.0,0.0,0.0,0,0.0,0.0,0.0,0.0,0.0,0.0,0.0,0.0,1,39951.0,2.2,0.0,0.0,0.0,0.0,0.0,0.0,0.0,0.0
929,1995-07-24,SZSE:000768,0.0,0.0,0.0,0.0,0.0,0.0,0.0,0.0,0.0,0.0,0.0,0.0,0.0,0.0,0.0,0.0,0.0,0,0.0,0.0,0.0,0.0,0.0,0.0,0.0,0.0,1,39951.0,2.2,0.0,0.0,0.0,0.0,0.0,0.0,0.0,0.0
930,1995-07-25,SZSE:000768,0.0,0.0,0.0,0.0,0.0,0.0,0.0,0.0,0.0,0.0,0.0,0.0,0.0,0.0,0.0,0.0,0.0,0,0.0,0.0,0.0,0.0,0.0,0.0,0.0,0.0,1,39951.0,2.2,0.0,0.0,0.0,0.0,0.0,0.0,0.0,0.0
931,1995-07-26,SZSE:000768,0.0,0.0,0.0,0.0,0.0,0.0,0.0,0.0,0.0,0.0,0.0,0.0,0.0,0.0,0.0,0.0,0.0,0,0.0,0.0,0.0,0.0,0.0,0.0,0.0,0.0,1,39951.0,2.2,0.0,0.0,0.0,0.0,0.0,0.0,0.0,0.0
932,1995-07-27,SZSE:000768,0.0,0.0,0.0,0.0,0.0,0.0,0.0,0.0,0.0,0.0,0.0,0.0,0.0,0.0,0.0,0.0,0.0,0,0.0,0.0,0.0,0.0,0.0,0.0,0.0,0.0,1,39951.0,2.2,0.0,0.0,0.0,0.0,0.0,0.0,0.0,0.0
933,1995-07-28,SZSE:000768,0.0,0.0,0.0,0.0,0.0,0.0,0.0,0.0,0.0,0.0,0.0,0.0,0.0,0.0,0.0,0.0,0.0,0,0.0,0.0,0.0,0.0,0.0,0.0,0.0,0.0,1,39951.0,2.2,0.0,0.0,0.0,0.0,0.0,0.0,0.0,0.0
934,1995-07-31,SZSE:000768,0.0,0.0,0.0,0.0,0.0,0.0,0.0,0.0,0.0,0.0,0.0,0.0,0.0,0.0,0.0,0.0,0.0,0,0.0,0.0,0.0,0.0,0.0,0.0,0.0,0.0,1,39951.0,2.2,0.0,0.0,0.0,0.0,0.0,0.0,0.0,0.0
935,1995-08-01,SZSE:000768,0.0,0.0,0.0,0.0,0.0,0.0,0.0,0.0,0.0,0.0,0.0,0.0,0.0,0.0,0.0,0.0,0.0,0,0.0,0.0,0.0,0.0,0.0,0.0,0.0,0.0,1,39951.0,2.2,0.0,0.0,0.0,0.0,0.0,0.0,0.0,0.0
936,1995-08-02,SZSE:000768,0.0,0.0,0.0,0.0,0.0,0.0,0.0,0.0,0.0,0.0,0.0,0.0,0.0,0.0,0.0,0.0,0.0,0,0.0,0.0,0.0,0.0,0.0,0.0,0.0,0.0,1,39951.0,2.2,0.0,0.0,0.0,0.0,0.0,0.0,0.0,0.0
937,1995-08-03,SZSE:000768,0.0,0.0,0.0,0.0,0.0,0.0,0.0,0.0,0.0,0.0,0.0,0.0,0.0,0.0,0.0,0.0,0.0,0,0.0,0.0,0.0,0.0,0.0,0.0,0.0,0.0,1,39951.0,2.2,0.0,0.0,0.0,0.0,0.0,0.0,0.0,0.0
938,1995-08-04,SZSE:000768,0.0,0.0,0.0,0.0,0.0,0.0,0.0,0.0,0.0,0.0,0.0,0.0,0.0,0.0,0.0,0.0,0.0,0,0.0,0.0,0.0,0.0,0.0,0.0,0.0,0.0,1,39951.0,2.2,0.0,0.0,0.0,0.0,0.0,0.0,0.0,0.0
939,1995-08-07,SZSE:000768,0.0,0.0,0.0,0.0,0.0,0.0,0.0,0.0,0.0,0.0,0.0,0.0,0.0,0.0,0.0,0.0,0.0,0,0.0,0.0,0.0,0.0,0.0,0.0,0.0,0.0,1,39951.0,2.2,0.0,0.0,0.0,0.0,0.0,0.0,0.0,0.0
940,1995-08-08,SZSE:000768,0.0,0.0,0.0,0.0,0.0,0.0,0.0,0.0,0.0,0.0,0.0,0.0,0.0,0.0,0.0,0.0,0.0,0,0.0,0.0,0.0,0.0,0.0,0.0,0.0,0.0,1,39951.0,2.2,0.0,0.0,0.0,0.0,0.0,0.0,0.0,0.0
941,1995-08-09,SZSE:000768,0.0,0.0,0.0,0.0,0.0,0.0,0.0,0.0,0.0,0.0,0.0,0.0,0.0,0.0,0.0,0.0,0.0,0,0.0,0.0,0.0,0.0,0.0,0.0,0.0,0.0,1,39951.0,2.2,0.0,0.0,0.0,0.0,0.0,0.0,0.0,0.0
942,1995-08-10,SZSE:000768,0.0,0.0,0.0,0.0,0.0,0.0,0.0,0.0,0.0,0.0,0.0,0.0,0.0,0.0,0.0,0.0,0.0,0,0.0,0.0,0.0,0.0,0.0,0.0,0.0,0.0,1,39951.0,2.2,0.0,0.0,0.0,0.0,0.0,0.0,0.0,0.0
943,1995-08-11,SZSE:000768,0.0,0.0,0.0,0.0,0.0,0.0,0.0,0.0,0.0,0.0,0.0,0.0,0.0,0.0,0.0,0.0,0.0,0,0.0,0.0,0.0,0.0,0.0,0.0,0.0,0.0,1,39951.0,2.2,0.0,0.0,0.0,0.0,0.0,0.0,0.0,0.0
944,1995-08-14,SZSE:000768,0.0,0.0,0.0,0.0,0.0,0.0,0.0,0.0,0.0,0.0,0.0,0.0,0.0,0.0,0.0,0.0,0.0,0,0.0,0.0,0.0,0.0,0.0,0.0,0.0,0.0,1,39951.0,2.2,0.0,0.0,0.0,0.0,0.0,0.0,0.0,0.0
945,1995-08-15,SZSE:000768,0.0,0.0,0.0,0.0,0.0,0.0,0.0,0.0,0.0,0.0,0.0,0.0,0.0,0.0,0.0,0.0,0.0,0,0.0,0.0,0.0,0.0,0.0,0.0,0.0,0.0,1,39951.0,2.2,0.0,0.0,0.0,0.0,0.0,0.0,0.0,0.0
946,1995-08-16,SZSE:000768,0.0,0.0,0.0,0.0,0.0,0.0,0.0,0.0,0.0,0.0,0.0,0.0,0.0,0.0,0.0,0.0,0.0,0,0.0,0.0,0.0,0.0,0.0,0.0,0.0,0.0,1,39951.0,2.2,0.0,0.0,0.0,0.0,0.0,0.0,0.0,0.0
947,1995-08-17,SZSE:000768,0.0,0.0,0.0,0.0,0.0,0.0,0.0,0.0,0.0,0.0,0.0,0.0,0.0,0.0,0.0,0.0,0.0,0,0.0,0.0,0.0,0.0,0.0,0.0,0.0,0.0,1,39951.0,2.2,0.0,0.0,0.0,0.0,0.0,0.0,0.0,0.0
948,1995-08-18,SZSE:000768,0.0,0.0,0.0,0.0,0.0,0.0,0.0,0.0,0.0,0.0,0.0,0.0,0.0,0.0,0.0,0.0,0.0,0,0.0,0.0,0.0,0.0,0.0,0.0,0.0,0.0,1,39951.0,2.2,0.0,0.0,0.0,0.0,0.0,0.0,0.0,0.0
949,1995-08-21,SZSE:000768,0.0,0.0,0.0,0.0,0.0,0.0,0.0,0.0,0.0,0.0,0.0,0.0,0.0,0.0,0.0,0.0,0.0,0,0.0,0.0,0.0,0.0,0.0,0.0,0.0,0.0,1,39951.0,2.2,0.0,0.0,0.0,0.0,0.0,0.0,0.0,0.0
950,1995-08-22,SZSE:000768,0.0,0.0,0.0,0.0,0.0,0.0,0.0,0.0,0.0,0.0,0.0,0.0,0.0,0.0,0.0,0.0,0.0,0,0.0,0.0,0.0,0.0,0.0,0.0,0.0,0.0,1,39951.0,2.2,0.0,0.0,0.0,0.0,0.0,0.0,0.0,0.0
951,1995-08-23,SZSE:000768,0.0,0.0,0.0,0.0,0.0,0.0,0.0,0.0,0.0,0.0,0.0,0.0,0.0,0.0,0.0,0.0,0.0,0,0.0,0.0,0.0,0.0,0.0,0.0,0.0,0.0,1,39951.0,2.2,0.0,0.0,0.0,0.0,0.0,0.0,0.0,0.0
952,1995-08-24,SZSE:000768,0.0,0.0,0.0,0.0,0.0,0.0,0.0,0.0,0.0,0.0,0.0,0.0,0.0,0.0,0.0,0.0,0.0,0,0.0,0.0,0.0,0.0,0.0,0.0,0.0,0.0,1,39951.0,2.2,0.0,0.0,0.0,0.0,0.0,0.0,0.0,0.0
953,1995-08-25,SZSE:000768,0.0,0.0,0.0,0.0,0.0,0.0,0.0,0.0,0.0,0.0,0.0,0.0,0.0,0.0,0.0,0.0,0.0,0,0.0,0.0,0.0,0.0,0.0,0.0,0.0,0.0,1,39951.0,2.2,0.0,0.0,0.0,0.0,0.0,0.0,0.0,0.0
954,1995-08-28,SZSE:000768,0.0,0.0,0.0,0.0,0.0,0.0,0.0,0.0,0.0,0.0,0.0,0.0,0.0,0.0,0.0,0.0,0.0,0,0.0,0.0,0.0,0.0,0.0,0.0,0.0,0.0,1,39951.0,2.2,0.0,0.0,0.0,0.0,0.0,0.0,0.0,0.0
955,1995-08-29,SZSE:000768,0.0,0.0,0.0,0.0,0.0,0.0,0.0,0.0,0.0,0.0,0.0,0.0,0.0,0.0,0.0,0.0,0.0,0,0.0,0.0,0.0,0.0,0.0,0.0,0.0,0.0,1,39951.0,2.2,0.0,0.0,0.0,0.0,0.0,0.0,0.0,0.0
956,1995-08-30,SZSE:000768,0.0,0.0,0.0,0.0,0.0,0.0,0.0,0.0,0.0,0.0,0.0,0.0,0.0,0.0,0.0,0.0,0.0,0,0.0,0.0,0.0,0.0,0.0,0.0,0.0,0.0,1,39951.0,2.2,0.0,0.0,0.0,0.0,0.0,0.0,0.0,0.0
957,1995-08-31,SZSE:000768,0.0,0.0,0.0,0.0,0.0,0.0,0.0,0.0,0.0,0.0,0.0,0.0,0.0,0.0,0.0,0.0,0.0,0,0.0,0.0,0.0,0.0,0.0,0.0,0.0,0.0,1,39951.0,2.2,0.0,0.0,0.0,0.0,0.0,0.0,0.0,0.0
958,1995-09-01,SZSE:000768,0.0,0.0,0.0,0.0,0.0,0.0,0.0,0.0,0.0,0.0,0.0,0.0,0.0,0.0,0.0,0.0,0.0,0,0.0,0.0,0.0,0.0,0.0,0.0,0.0,0.0,1,39951.0,2.2,0.0,0.0,0.0,0.0,0.0,0.0,0.0,0.0
959,1995-09-04,SZSE:000768,0.0,0.0,0.0,0.0,0.0,0.0,0.0,0.0,0.0,0.0,0.0,0.0,0.0,0.0,0.0,0.0,0.0,0,0.0,0.0,0.0,0.0,0.0,0.0,0.0,0.0,1,39951.0,2.2,0.0,0.0,0.0,0.0,0.0,0.0,0.0,0.0
960,1995-09-05,SZSE:000768,0.0,0.0,0.0,0.0,0.0,0.0,0.0,0.0,0.0,0.0,0.0,0.0,0.0,0.0,0.0,0.0,0.0,0,0.0,0.0,0.0,0.0,0.0,0.0,0.0,0.0,1,39951.0,2.2,0.0,0.0,0.0,0.0,0.0,0.0,0.0,0.0
961,1995-09-06,SZSE:000768,0.0,0.0,0.0,0.0,0.0,0.0,0.0,0.0,0.0,0.0,0.0,0.0,0.0,0.0,0.0,0.0,0.0,0,0.0,0.0,0.0,0.0,0.0,0.0,0.0,0.0,1,39951.0,2.2,0.0,0.0,0.0,0.0,0.0,0.0,0.0,0.0
962,1995-09-07,SZSE:000768,0.0,0.0,0.0,0.0,0.0,0.0,0.0,0.0,0.0,0.0,0.0,0.0,0.0,0.0,0.0,0.0,0.0,0,0.0,0.0,0.0,0.0,0.0,0.0,0.0,0.0,1,39951.0,2.2,0.0,0.0,0.0,0.0,0.0,0.0,0.0,0.0
963,1995-09-08,SZSE:000768,0.0,0.0,0.0,0.0,0.0,0.0,0.0,0.0,0.0,0.0,0.0,0.0,0.0,0.0,0.0,0.0,0.0,0,0.0,0.0,0.0,0.0,0.0,0.0,0.0,0.0,1,39951.0,2.2,0.0,0.0,0.0,0.0,0.0,0.0,0.0,0.0
964,1995-09-11,SZSE:000768,0.0,0.0,0.0,0.0,0.0,0.0,0.0,0.0,0.0,0.0,0.0,0.0,0.0,0.0,0.0,0.0,0.0,0,0.0,0.0,0.0,0.0,0.0,0.0,0.0,0.0,1,39951.0,2.2,0.0,0.0,0.0,0.0,0.0,0.0,0.0,0.0
965,1995-09-12,SZSE:000768,0.0,0.0,0.0,0.0,0.0,0.0,0.0,0.0,0.0,0.0,0.0,0.0,0.0,0.0,0.0,0.0,0.0,0,0.0,0.0,0.0,0.0,0.0,0.0,0.0,0.0,1,39951.0,2.2,0.0,0.0,0.0,0.0,0.0,0.0,0.0,0.0
966,1995-09-13,SZSE:000768,0.0,0.0,0.0,0.0,0.0,0.0,0.0,0.0,0.0,0.0,0.0,0.0,0.0,0.0,0.0,0.0,0.0,0,0.0,0.0,0.0,0.0,0.0,0.0,0.0,0.0,1,39951.0,2.2,0.0,0.0,0.0,0.0,0.0,0.0,0.0,0.0
967,1995-09-14,SZSE:000768,0.0,0.0,0.0,0.0,0.0,0.0,0.0,0.0,0.0,0.0,0.0,0.0,0.0,0.0,0.0,0.0,0.0,0,0.0,0.0,0.0,0.0,0.0,0.0,0.0,0.0,1,39951.0,2.2,0.0,0.0,0.0,0.0,0.0,0.0,0.0,0.0
968,1995-09-15,SZSE:000768,0.0,0.0,0.0,0.0,0.0,0.0,0.0,0.0,0.0,0.0,0.0,0.0,0.0,0.0,0.0,0.0,0.0,0,0.0,0.0,0.0,0.0,0.0,0.0,0.0,0.0,1,39951.0,2.2,0.0,0.0,0.0,0.0,0.0,0.0,0.0,0.0
969,1995-09-18,SZSE:000768,0.0,0.0,0.0,0.0,0.0,0.0,0.0,0.0,0.0,0.0,0.0,0.0,0.0,0.0,0.0,0.0,0.0,0,0.0,0.0,0.0,0.0,0.0,0.0,0.0,0.0,1,39951.0,2.2,0.0,0.0,0.0,0.0,0.0,0.0,0.0,0.0
970,1995-09-19,SZSE:000768,0.0,0.0,0.0,0.0,0.0,0.0,0.0,0.0,0.0,0.0,0.0,0.0,0.0,0.0,0.0,0.0,0.0,0,0.0,0.0,0.0,0.0,0.0,0.0,0.0,0.0,1,39951.0,2.2,0.0,0.0,0.0,0.0,0.0,0.0,0.0,0.0
971,1995-09-20,SZSE:000768,0.0,0.0,0.0,0.0,0.0,0.0,0.0,0.0,0.0,0.0,0.0,0.0,0.0,0.0,0.0,0.0,0.0,0,0.0,0.0,0.0,0.0,0.0,0.0,0.0,0.0,1,39951.0,2.2,0.0,0.0,0.0,0.0,0.0,0.0,0.0,0.0
972,1995-09-21,SZSE:000768,0.0,0.0,0.0,0.0,0.0,0.0,0.0,0.0,0.0,0.0,0.0,0.0,0.0,0.0,0.0,0.0,0.0,0,0.0,0.0,0.0,0.0,0.0,0.0,0.0,0.0,1,39951.0,2.2,0.0,0.0,0.0,0.0,0.0,0.0,0.0,0.0
973,1995-09-22,SZSE:000768,0.0,0.0,0.0,0.0,0.0,0.0,0.0,0.0,0.0,0.0,0.0,0.0,0.0,0.0,0.0,0.0,0.0,0,0.0,0.0,0.0,0.0,0.0,0.0,0.0,0.0,1,39951.0,2.2,0.0,0.0,0.0,0.0,0.0,0.0,0.0,0.0
974,1995-09-25,SZSE:000768,0.0,0.0,0.0,0.0,0.0,0.0,0.0,0.0,0.0,0.0,0.0,0.0,0.0,0.0,0.0,0.0,0.0,0,0.0,0.0,0.0,0.0,0.0,0.0,0.0,0.0,1,39951.0,2.2,0.0,0.0,0.0,0.0,0.0,0.0,0.0,0.0
975,1995-09-26,SZSE:000768,0.0,0.0,0.0,0.0,0.0,0.0,0.0,0.0,0.0,0.0,0.0,0.0,0.0,0.0,0.0,0.0,0.0,0,0.0,0.0,0.0,0.0,0.0,0.0,0.0,0.0,1,39951.0,2.2,0.0,0.0,0.0,0.0,0.0,0.0,0.0,0.0
976,1995-09-27,SZSE:000768,0.0,0.0,0.0,0.0,0.0,0.0,0.0,0.0,0.0,0.0,0.0,0.0,0.0,0.0,0.0,0.0,0.0,0,0.0,0.0,0.0,0.0,0.0,0.0,0.0,0.0,1,39951.0,2.2,0.0,0.0,0.0,0.0,0.0,0.0,0.0,0.0
977,1995-09-28,SZSE:000768,0.0,0.0,0.0,0.0,0.0,0.0,0.0,0.0,0.0,0.0,0.0,0.0,0.0,0.0,0.0,0.0,0.0,0,0.0,0.0,0.0,0.0,0.0,0.0,0.0,0.0,1,39951.0,2.2,0.0,0.0,0.0,0.0,0.0,0.0,0.0,0.0
978,1995-09-29,SZSE:000768,0.0,0.0,0.0,0.0,0.0,0.0,0.0,0.0,0.0,0.0,0.0,0.0,0.0,0.0,0.0,0.0,0.0,0,0.0,0.0,0.0,0.0,0.0,0.0,0.0,0.0,1,39951.0,2.2,0.0,0.0,0.0,0.0,0.0,0.0,0.0,0.0
979,1995-10-02,SZSE:000768,0.0,0.0,0.0,0.0,0.0,0.0,0.0,0.0,0.0,0.0,0.0,0.0,0.0,0.0,0.0,0.0,0.0,0,0.0,0.0,0.0,0.0,0.0,0.0,0.0,0.0,1,39951.0,2.2,0.0,0.0,0.0,0.0,0.0,0.0,0.0,0.0
980,1995-10-03,SZSE:000768,0.0,0.0,0.0,0.0,0.0,0.0,0.0,0.0,0.0,0.0,0.0,0.0,0.0,0.0,0.0,0.0,0.0,0,0.0,0.0,0.0,0.0,0.0,0.0,0.0,0.0,1,39951.0,2.2,0.0,0.0,0.0,0.0,0.0,0.0,0.0,0.0
981,1995-10-04,SZSE:000768,0.0,0.0,0.0,0.0,0.0,0.0,0.0,0.0,0.0,0.0,0.0,0.0,0.0,0.0,0.0,0.0,0.0,0,0.0,0.0,0.0,0.0,0.0,0.0,0.0,0.0,1,39951.0,2.2,0.0,0.0,0.0,0.0,0.0,0.0,0.0,0.0
982,1995-10-05,SZSE:000768,0.0,0.0,0.0,0.0,0.0,0.0,0.0,0.0,0.0,0.0,0.0,0.0,0.0,0.0,0.0,0.0,0.0,0,0.0,0.0,0.0,0.0,0.0,0.0,0.0,0.0,1,39951.0,2.2,0.0,0.0,0.0,0.0,0.0,0.0,0.0,0.0
983,1995-10-06,SZSE:000768,0.0,0.0,0.0,0.0,0.0,0.0,0.0,0.0,0.0,0.0,0.0,0.0,0.0,0.0,0.0,0.0,0.0,0,0.0,0.0,0.0,0.0,0.0,0.0,0.0,0.0,1,39951.0,2.2,0.0,0.0,0.0,0.0,0.0,0.0,0.0,0.0
984,1995-10-09,SZSE:000768,0.0,0.0,0.0,0.0,0.0,0.0,0.0,0.0,0.0,0.0,0.0,0.0,0.0,0.0,0.0,0.0,0.0,0,0.0,0.0,0.0,0.0,0.0,0.0,0.0,0.0,1,39951.0,2.2,0.0,0.0,0.0,0.0,0.0,0.0,0.0,0.0
985,1995-10-10,SZSE:000768,0.0,0.0,0.0,0.0,0.0,0.0,0.0,0.0,0.0,0.0,0.0,0.0,0.0,0.0,0.0,0.0,0.0,0,0.0,0.0,0.0,0.0,0.0,0.0,0.0,0.0,1,39951.0,2.2,0.0,0.0,0.0,0.0,0.0,0.0,0.0,0.0
986,1995-10-11,SZSE:000768,0.0,0.0,0.0,0.0,0.0,0.0,0.0,0.0,0.0,0.0,0.0,0.0,0.0,0.0,0.0,0.0,0.0,0,0.0,0.0,0.0,0.0,0.0,0.0,0.0,0.0,1,39951.0,2.2,0.0,0.0,0.0,0.0,0.0,0.0,0.0,0.0
987,1995-10-12,SZSE:000768,0.0,0.0,0.0,0.0,0.0,0.0,0.0,0.0,0.0,0.0,0.0,0.0,0.0,0.0,0.0,0.0,0.0,0,0.0,0.0,0.0,0.0,0.0,0.0,0.0,0.0,1,39951.0,2.2,0.0,0.0,0.0,0.0,0.0,0.0,0.0,0.0
988,1995-10-13,SZSE:000768,0.0,0.0,0.0,0.0,0.0,0.0,0.0,0.0,0.0,0.0,0.0,0.0,0.0,0.0,0.0,0.0,0.0,0,0.0,0.0,0.0,0.0,0.0,0.0,0.0,0.0,1,39951.0,2.2,0.0,0.0,0.0,0.0,0.0,0.0,0.0,0.0
989,1995-10-16,SZSE:000768,0.0,0.0,0.0,0.0,0.0,0.0,0.0,0.0,0.0,0.0,0.0,0.0,0.0,0.0,0.0,0.0,0.0,0,0.0,0.0,0.0,0.0,0.0,0.0,0.0,0.0,1,39951.0,2.2,0.0,0.0,0.0,0.0,0.0,0.0,0.0,0.0
990,1995-10-17,SZSE:000768,0.0,0.0,0.0,0.0,0.0,0.0,0.0,0.0,0.0,0.0,0.0,0.0,0.0,0.0,0.0,0.0,0.0,0,0.0,0.0,0.0,0.0,0.0,0.0,0.0,0.0,1,39951.0,2.2,0.0,0.0,0.0,0.0,0.0,0.0,0.0,0.0
991,1995-10-18,SZSE:000768,0.0,0.0,0.0,0.0,0.0,0.0,0.0,0.0,0.0,0.0,0.0,0.0,0.0,0.0,0.0,0.0,0.0,0,0.0,0.0,0.0,0.0,0.0,0.0,0.0,0.0,1,39951.0,2.2,0.0,0.0,0.0,0.0,0.0,0.0,0.0,0.0
992,1995-10-19,SZSE:000768,0.0,0.0,0.0,0.0,0.0,0.0,0.0,0.0,0.0,0.0,0.0,0.0,0.0,0.0,0.0,0.0,0.0,0,0.0,0.0,0.0,0.0,0.0,0.0,0.0,0.0,1,39951.0,2.2,0.0,0.0,0.0,0.0,0.0,0.0,0.0,0.0
993,1995-10-20,SZSE:000768,0.0,0.0,0.0,0.0,0.0,0.0,0.0,0.0,0.0,0.0,0.0,0.0,0.0,0.0,0.0,0.0,0.0,0,0.0,0.0,0.0,0.0,0.0,0.0,0.0,0.0,1,39951.0,2.2,0.0,0.0,0.0,0.0,0.0,0.0,0.0,0.0
994,1995-10-23,SZSE:000768,0.0,0.0,0.0,0.0,0.0,0.0,0.0,0.0,0.0,0.0,0.0,0.0,0.0,0.0,0.0,0.0,0.0,0,0.0,0.0,0.0,0.0,0.0,0.0,0.0,0.0,1,39951.0,2.2,0.0,0.0,0.0,0.0,0.0,0.0,0.0,0.0
995,1995-10-24,SZSE:000768,0.0,0.0,0.0,0.0,0.0,0.0,0.0,0.0,0.0,0.0,0.0,0.0,0.0,0.0,0.0,0.0,0.0,0,0.0,0.0,0.0,0.0,0.0,0.0,0.0,0.0,1,39951.0,2.2,0.0,0.0,0.0,0.0,0.0,0.0,0.0,0.0
996,1995-10-25,SZSE:000768,0.0,0.0,0.0,0.0,0.0,0.0,0.0,0.0,0.0,0.0,0.0,0.0,0.0,0.0,0.0,0.0,0.0,0,0.0,0.0,0.0,0.0,0.0,0.0,0.0,0.0,1,39951.0,2.2,0.0,0.0,0.0,0.0,0.0,0.0,0.0,0.0
997,1995-10-26,SZSE:000768,0.0,0.0,0.0,0.0,0.0,0.0,0.0,0.0,0.0,0.0,0.0,0.0,0.0,0.0,0.0,0.0,0.0,0,0.0,0.0,0.0,0.0,0.0,0.0,0.0,0.0,1,39951.0,2.2,0.0,0.0,0.0,0.0,0.0,0.0,0.0,0.0
998,1995-10-27,SZSE:000768,0.0,0.0,0.0,0.0,0.0,0.0,0.0,0.0,0.0,0.0,0.0,0.0,0.0,0.0,0.0,0.0,0.0,0,0.0,0.0,0.0,0.0,0.0,0.0,0.0,0.0,1,39951.0,2.2,0.0,0.0,0.0,0.0,0.0,0.0,0.0,0.0
999,1995-10-30,SZSE:000768,0.0,0.0,0.0,0.0,0.0,0.0,0.0,0.0,0.0,0.0,0.0,0.0,0.0,0.0,0.0,0.0,0.0,0,0.0,0.0,0.0,0.0,0.0,0.0,0.0,0.0,1,39951.0,2.2,0.0,0.0,0.0,0.0,0.0,0.0,0.0,0.0
1000,1995-10-31,SZSE:000768,0.0,0.0,0.0,0.0,0.0,0.0,0.0,0.0,0.0,0.0,0.0,0.0,0.0,0.0,0.0,0.0,0.0,0,0.0,0.0,0.0,0.0,0.0,0.0,0.0,0.0,1,39951.0,2.2,0.0,0.0,0.0,0.0,0.0,0.0,0.0,0.0
1001,1995-11-01,SZSE:000768,0.0,0.0,0.0,0.0,0.0,0.0,0.0,0.0,0.0,0.0,0.0,0.0,0.0,0.0,0.0,0.0,0.0,0,0.0,0.0,0.0,0.0,0.0,0.0,0.0,0.0,1,39951.0,2.2,0.0,0.0,0.0,0.0,0.0,0.0,0.0,0.0
1002,1995-11-02,SZSE:000768,0.0,0.0,0.0,0.0,0.0,0.0,0.0,0.0,0.0,0.0,0.0,0.0,0.0,0.0,0.0,0.0,0.0,0,0.0,0.0,0.0,0.0,0.0,0.0,0.0,0.0,1,39951.0,2.2,0.0,0.0,0.0,0.0,0.0,0.0,0.0,0.0
1003,1995-11-03,SZSE:000768,0.0,0.0,0.0,0.0,0.0,0.0,0.0,0.0,0.0,0.0,0.0,0.0,0.0,0.0,0.0,0.0,0.0,0,0.0,0.0,0.0,0.0,0.0,0.0,0.0,0.0,1,39951.0,2.2,0.0,0.0,0.0,0.0,0.0,0.0,0.0,0.0
1004,1995-11-06,SZSE:000768,0.0,0.0,0.0,0.0,0.0,0.0,0.0,0.0,0.0,0.0,0.0,0.0,0.0,0.0,0.0,0.0,0.0,0,0.0,0.0,0.0,0.0,0.0,0.0,0.0,0.0,1,39951.0,2.2,0.0,0.0,0.0,0.0,0.0,0.0,0.0,0.0
1005,1995-11-07,SZSE:000768,0.0,0.0,0.0,0.0,0.0,0.0,0.0,0.0,0.0,0.0,0.0,0.0,0.0,0.0,0.0,0.0,0.0,0,0.0,0.0,0.0,0.0,0.0,0.0,0.0,0.0,1,39951.0,2.2,0.0,0.0,0.0,0.0,0.0,0.0,0.0,0.0
1006,1995-11-08,SZSE:000768,0.0,0.0,0.0,0.0,0.0,0.0,0.0,0.0,0.0,0.0,0.0,0.0,0.0,0.0,0.0,0.0,0.0,0,0.0,0.0,0.0,0.0,0.0,0.0,0.0,0.0,1,39951.0,2.2,0.0,0.0,0.0,0.0,0.0,0.0,0.0,0.0
1007,1995-11-09,SZSE:000768,0.0,0.0,0.0,0.0,0.0,0.0,0.0,0.0,0.0,0.0,0.0,0.0,0.0,0.0,0.0,0.0,0.0,0,0.0,0.0,0.0,0.0,0.0,0.0,0.0,0.0,1,39951.0,2.2,0.0,0.0,0.0,0.0,0.0,0.0,0.0,0.0
1008,1995-11-10,SZSE:000768,0.0,0.0,0.0,0.0,0.0,0.0,0.0,0.0,0.0,0.0,0.0,0.0,0.0,0.0,0.0,0.0,0.0,0,0.0,0.0,0.0,0.0,0.0,0.0,0.0,0.0,1,39951.0,2.2,0.0,0.0,0.0,0.0,0.0,0.0,0.0,0.0
1009,1995-11-13,SZSE:000768,0.0,0.0,0.0,0.0,0.0,0.0,0.0,0.0,0.0,0.0,0.0,0.0,0.0,0.0,0.0,0.0,0.0,0,0.0,0.0,0.0,0.0,0.0,0.0,0.0,0.0,1,39951.0,2.2,0.0,0.0,0.0,0.0,0.0,0.0,0.0,0.0
1010,1995-11-14,SZSE:000768,0.0,0.0,0.0,0.0,0.0,0.0,0.0,0.0,0.0,0.0,0.0,0.0,0.0,0.0,0.0,0.0,0.0,0,0.0,0.0,0.0,0.0,0.0,0.0,0.0,0.0,1,39951.0,2.2,0.0,0.0,0.0,0.0,0.0,0.0,0.0,0.0
1011,1995-11-15,SZSE:000768,0.0,0.0,0.0,0.0,0.0,0.0,0.0,0.0,0.0,0.0,0.0,0.0,0.0,0.0,0.0,0.0,0.0,0,0.0,0.0,0.0,0.0,0.0,0.0,0.0,0.0,1,39951.0,2.2,0.0,0.0,0.0,0.0,0.0,0.0,0.0,0.0
1012,1995-11-16,SZSE:000768,0.0,0.0,0.0,0.0,0.0,0.0,0.0,0.0,0.0,0.0,0.0,0.0,0.0,0.0,0.0,0.0,0.0,0,0.0,0.0,0.0,0.0,0.0,0.0,0.0,0.0,1,39951.0,2.2,0.0,0.0,0.0,0.0,0.0,0.0,0.0,0.0
1013,1995-11-17,SZSE:000768,0.0,0.0,0.0,0.0,0.0,0.0,0.0,0.0,0.0,0.0,0.0,0.0,0.0,0.0,0.0,0.0,0.0,0,0.0,0.0,0.0,0.0,0.0,0.0,0.0,0.0,1,39951.0,2.2,0.0,0.0,0.0,0.0,0.0,0.0,0.0,0.0
1014,1995-11-20,SZSE:000768,0.0,0.0,0.0,0.0,0.0,0.0,0.0,0.0,0.0,0.0,0.0,0.0,0.0,0.0,0.0,0.0,0.0,0,0.0,0.0,0.0,0.0,0.0,0.0,0.0,0.0,1,39951.0,2.2,0.0,0.0,0.0,0.0,0.0,0.0,0.0,0.0
1015,1995-11-21,SZSE:000768,0.0,0.0,0.0,0.0,0.0,0.0,0.0,0.0,0.0,0.0,0.0,0.0,0.0,0.0,0.0,0.0,0.0,0,0.0,0.0,0.0,0.0,0.0,0.0,0.0,0.0,1,39951.0,2.2,0.0,0.0,0.0,0.0,0.0,0.0,0.0,0.0
1016,1995-11-22,SZSE:000768,0.0,0.0,0.0,0.0,0.0,0.0,0.0,0.0,0.0,0.0,0.0,0.0,0.0,0.0,0.0,0.0,0.0,0,0.0,0.0,0.0,0.0,0.0,0.0,0.0,0.0,1,39951.0,2.2,0.0,0.0,0.0,0.0,0.0,0.0,0.0,0.0
1017,1995-11-23,SZSE:000768,0.0,0.0,0.0,0.0,0.0,0.0,0.0,0.0,0.0,0.0,0.0,0.0,0.0,0.0,0.0,0.0,0.0,0,0.0,0.0,0.0,0.0,0.0,0.0,0.0,0.0,1,39951.0,2.2,0.0,0.0,0.0,0.0,0.0,0.0,0.0,0.0
1018,1995-11-24,SZSE:000768,0.0,0.0,0.0,0.0,0.0,0.0,0.0,0.0,0.0,0.0,0.0,0.0,0.0,0.0,0.0,0.0,0.0,0,0.0,0.0,0.0,0.0,0.0,0.0,0.0,0.0,1,39951.0,2.2,0.0,0.0,0.0,0.0,0.0,0.0,0.0,0.0
1019,1995-11-27,SZSE:000768,0.0,0.0,0.0,0.0,0.0,0.0,0.0,0.0,0.0,0.0,0.0,0.0,0.0,0.0,0.0,0.0,0.0,0,0.0,0.0,0.0,0.0,0.0,0.0,0.0,0.0,1,39951.0,2.2,0.0,0.0,0.0,0.0,0.0,0.0,0.0,0.0
1020,1995-11-28,SZSE:000768,0.0,0.0,0.0,0.0,0.0,0.0,0.0,0.0,0.0,0.0,0.0,0.0,0.0,0.0,0.0,0.0,0.0,0,0.0,0.0,0.0,0.0,0.0,0.0,0.0,0.0,1,39951.0,2.2,0.0,0.0,0.0,0.0,0.0,0.0,0.0,0.0
1021,1995-11-29,SZSE:000768,0.0,0.0,0.0,0.0,0.0,0.0,0.0,0.0,0.0,0.0,0.0,0.0,0.0,0.0,0.0,0.0,0.0,0,0.0,0.0,0.0,0.0,0.0,0.0,0.0,0.0,1,39951.0,2.2,0.0,0.0,0.0,0.0,0.0,0.0,0.0,0.0
1022,1995-11-30,SZSE:000768,0.0,0.0,0.0,0.0,0.0,0.0,0.0,0.0,0.0,0.0,0.0,0.0,0.0,0.0,0.0,0.0,0.0,0,0.0,0.0,0.0,0.0,0.0,0.0,0.0,0.0,1,39951.0,2.2,0.0,0.0,0.0,0.0,0.0,0.0,0.0,0.0
1023,1995-12-01,SZSE:000768,0.0,0.0,0.0,0.0,0.0,0.0,0.0,0.0,0.0,0.0,0.0,0.0,0.0,0.0,0.0,0.0,0.0,0,0.0,0.0,0.0,0.0,0.0,0.0,0.0,0.0,1,39951.0,2.2,0.0,0.0,0.0,0.0,0.0,0.0,0.0,0.0
1024,1995-12-04,SZSE:000768,0.0,0.0,0.0,0.0,0.0,0.0,0.0,0.0,0.0,0.0,0.0,0.0,0.0,0.0,0.0,0.0,0.0,0,0.0,0.0,0.0,0.0,0.0,0.0,0.0,0.0,1,39951.0,2.2,0.0,0.0,0.0,0.0,0.0,0.0,0.0,0.0
1025,1995-12-05,SZSE:000768,0.0,0.0,0.0,0.0,0.0,0.0,0.0,0.0,0.0,0.0,0.0,0.0,0.0,0.0,0.0,0.0,0.0,0,0.0,0.0,0.0,0.0,0.0,0.0,0.0,0.0,1,39951.0,2.2,0.0,0.0,0.0,0.0,0.0,0.0,0.0,0.0
1026,1995-12-06,SZSE:000768,0.0,0.0,0.0,0.0,0.0,0.0,0.0,0.0,0.0,0.0,0.0,0.0,0.0,0.0,0.0,0.0,0.0,0,0.0,0.0,0.0,0.0,0.0,0.0,0.0,0.0,1,39951.0,2.2,0.0,0.0,0.0,0.0,0.0,0.0,0.0,0.0
1027,1995-12-07,SZSE:000768,0.0,0.0,0.0,0.0,0.0,0.0,0.0,0.0,0.0,0.0,0.0,0.0,0.0,0.0,0.0,0.0,0.0,0,0.0,0.0,0.0,0.0,0.0,0.0,0.0,0.0,1,39951.0,2.2,0.0,0.0,0.0,0.0,0.0,0.0,0.0,0.0
1028,1995-12-08,SZSE:000768,0.0,0.0,0.0,0.0,0.0,0.0,0.0,0.0,0.0,0.0,0.0,0.0,0.0,0.0,0.0,0.0,0.0,0,0.0,0.0,0.0,0.0,0.0,0.0,0.0,0.0,1,39951.0,2.2,0.0,0.0,0.0,0.0,0.0,0.0,0.0,0.0
1029,1995-12-11,SZSE:000768,0.0,0.0,0.0,0.0,0.0,0.0,0.0,0.0,0.0,0.0,0.0,0.0,0.0,0.0,0.0,0.0,0.0,0,0.0,0.0,0.0,0.0,0.0,0.0,0.0,0.0,1,39951.0,2.2,0.0,0.0,0.0,0.0,0.0,0.0,0.0,0.0
1030,1995-12-12,SZSE:000768,0.0,0.0,0.0,0.0,0.0,0.0,0.0,0.0,0.0,0.0,0.0,0.0,0.0,0.0,0.0,0.0,0.0,0,0.0,0.0,0.0,0.0,0.0,0.0,0.0,0.0,1,39951.0,2.2,0.0,0.0,0.0,0.0,0.0,0.0,0.0,0.0
1031,1995-12-13,SZSE:000768,0.0,0.0,0.0,0.0,0.0,0.0,0.0,0.0,0.0,0.0,0.0,0.0,0.0,0.0,0.0,0.0,0.0,0,0.0,0.0,0.0,0.0,0.0,0.0,0.0,0.0,1,39951.0,2.2,0.0,0.0,0.0,0.0,0.0,0.0,0.0,0.0
1032,1995-12-14,SZSE:000768,0.0,0.0,0.0,0.0,0.0,0.0,0.0,0.0,0.0,0.0,0.0,0.0,0.0,0.0,0.0,0.0,0.0,0,0.0,0.0,0.0,0.0,0.0,0.0,0.0,0.0,1,39951.0,2.2,0.0,0.0,0.0,0.0,0.0,0.0,0.0,0.0
1033,1995-12-15,SZSE:000768,0.0,0.0,0.0,0.0,0.0,0.0,0.0,0.0,0.0,0.0,0.0,0.0,0.0,0.0,0.0,0.0,0.0,0,0.0,0.0,0.0,0.0,0.0,0.0,0.0,0.0,1,39951.0,2.2,0.0,0.0,0.0,0.0,0.0,0.0,0.0,0.0
1034,1995-12-18,SZSE:000768,0.0,0.0,0.0,0.0,0.0,0.0,0.0,0.0,0.0,0.0,0.0,0.0,0.0,0.0,0.0,0.0,0.0,0,0.0,0.0,0.0,0.0,0.0,0.0,0.0,0.0,1,39951.0,2.2,0.0,0.0,0.0,0.0,0.0,0.0,0.0,0.0
1035,1995-12-19,SZSE:000768,0.0,0.0,0.0,0.0,0.0,0.0,0.0,0.0,0.0,0.0,0.0,0.0,0.0,0.0,0.0,0.0,0.0,0,0.0,0.0,0.0,0.0,0.0,0.0,0.0,0.0,1,39951.0,2.2,0.0,0.0,0.0,0.0,0.0,0.0,0.0,0.0
1036,1995-12-20,SZSE:000768,0.0,0.0,0.0,0.0,0.0,0.0,0.0,0.0,0.0,0.0,0.0,0.0,0.0,0.0,0.0,0.0,0.0,0,0.0,0.0,0.0,0.0,0.0,0.0,0.0,0.0,1,39951.0,2.2,0.0,0.0,0.0,0.0,0.0,0.0,0.0,0.0
1037,1995-12-21,SZSE:000768,0.0,0.0,0.0,0.0,0.0,0.0,0.0,0.0,0.0,0.0,0.0,0.0,0.0,0.0,0.0,0.0,0.0,0,0.0,0.0,0.0,0.0,0.0,0.0,0.0,0.0,1,39951.0,2.2,0.0,0.0,0.0,0.0,0.0,0.0,0.0,0.0
1038,1995-12-22,SZSE:000768,0.0,0.0,0.0,0.0,0.0,0.0,0.0,0.0,0.0,0.0,0.0,0.0,0.0,0.0,0.0,0.0,0.0,0,0.0,0.0,0.0,0.0,0.0,0.0,0.0,0.0,1,39951.0,2.2,0.0,0.0,0.0,0.0,0.0,0.0,0.0,0.0
1039,1995-12-25,SZSE:000768,0.0,0.0,0.0,0.0,0.0,0.0,0.0,0.0,0.0,0.0,0.0,0.0,0.0,0.0,0.0,0.0,0.0,0,0.0,0.0,0.0,0.0,0.0,0.0,0.0,0.0,1,39951.0,2.2,0.0,0.0,0.0,0.0,0.0,0.0,0.0,0.0
1040,1995-12-26,SZSE:000768,0.0,0.0,0.0,0.0,0.0,0.0,0.0,0.0,0.0,0.0,0.0,0.0,0.0,0.0,0.0,0.0,0.0,0,0.0,0.0,0.0,0.0,0.0,0.0,0.0,0.0,1,39951.0,2.2,0.0,0.0,0.0,0.0,0.0,0.0,0.0,0.0
1041,1995-12-27,SZSE:000768,0.0,0.0,0.0,0.0,0.0,0.0,0.0,0.0,0.0,0.0,0.0,0.0,0.0,0.0,0.0,0.0,0.0,0,0.0,0.0,0.0,0.0,0.0,0.0,0.0,0.0,1,39951.0,2.2,0.0,0.0,0.0,0.0,0.0,0.0,0.0,0.0
1042,1995-12-28,SZSE:000768,0.0,0.0,0.0,0.0,0.0,0.0,0.0,0.0,0.0,0.0,0.0,0.0,0.0,0.0,0.0,0.0,0.0,0,0.0,0.0,0.0,0.0,0.0,0.0,0.0,0.0,1,39951.0,2.2,0.0,0.0,0.0,0.0,0.0,0.0,0.0,0.0
1043,1995-12-29,SZSE:000768,0.0,0.0,0.0,0.0,0.0,0.0,0.0,0.0,0.0,0.0,0.0,0.0,0.0,0.0,0.0,0.0,0.0,0,0.0,0.0,0.0,0.0,0.0,0.0,0.0,0.0,1,39951.0,2.2,0.0,0.0,0.0,0.0,0.0,0.0,0.0,0.0
1044,1996-01-01,SZSE:000768,0.0,0.0,0.0,0.0,0.0,0.0,0.0,0.0,0.0,0.0,0.0,0.0,0.0,0.0,0.0,0.0,0.0,0,0.0,0.0,0.0,0.0,0.0,0.0,0.0,0.0,1,39951.0,2.2,0.0,0.0,0.0,0.0,0.0,0.0,0.0,0.0
1045,1996-01-02,SZSE:000768,0.0,0.0,0.0,0.0,0.0,0.0,0.0,0.0,0.0,0.0,0.0,0.0,0.0,0.0,0.0,0.0,0.0,0,0.0,0.0,0.0,0.0,0.0,0.0,0.0,0.0,1,39951.0,2.2,0.0,0.0,0.0,0.0,0.0,0.0,0.0,0.0
1046,1996-01-03,SZSE:000768,0.0,0.0,0.0,0.0,0.0,0.0,0.0,0.0,0.0,0.0,0.0,0.0,0.0,0.0,0.0,0.0,0.0,0,0.0,0.0,0.0,0.0,0.0,0.0,0.0,0.0,1,39951.0,2.2,0.0,0.0,0.0,0.0,0.0,0.0,0.0,0.0
1047,1996-01-04,SZSE:000768,0.0,0.0,0.0,0.0,0.0,0.0,0.0,0.0,0.0,0.0,0.0,0.0,0.0,0.0,0.0,0.0,0.0,0,0.0,0.0,0.0,0.0,0.0,0.0,0.0,0.0,1,39951.0,2.2,0.0,0.0,0.0,0.0,0.0,0.0,0.0,0.0
1048,1996-01-05,SZSE:000768,0.0,0.0,0.0,0.0,0.0,0.0,0.0,0.0,0.0,0.0,0.0,0.0,0.0,0.0,0.0,0.0,0.0,0,0.0,0.0,0.0,0.0,0.0,0.0,0.0,0.0,1,39951.0,2.2,0.0,0.0,0.0,0.0,0.0,0.0,0.0,0.0
1049,1996-01-08,SZSE:000768,0.0,0.0,0.0,0.0,0.0,0.0,0.0,0.0,0.0,0.0,0.0,0.0,0.0,0.0,0.0,0.0,0.0,0,0.0,0.0,0.0,0.0,0.0,0.0,0.0,0.0,1,39951.0,2.2,0.0,0.0,0.0,0.0,0.0,0.0,0.0,0.0
1050,1996-01-09,SZSE:000768,0.0,0.0,0.0,0.0,0.0,0.0,0.0,0.0,0.0,0.0,0.0,0.0,0.0,0.0,0.0,0.0,0.0,0,0.0,0.0,0.0,0.0,0.0,0.0,0.0,0.0,1,39951.0,2.2,0.0,0.0,0.0,0.0,0.0,0.0,0.0,0.0
1051,1996-01-10,SZSE:000768,0.0,0.0,0.0,0.0,0.0,0.0,0.0,0.0,0.0,0.0,0.0,0.0,0.0,0.0,0.0,0.0,0.0,0,0.0,0.0,0.0,0.0,0.0,0.0,0.0,0.0,1,39951.0,2.2,0.0,0.0,0.0,0.0,0.0,0.0,0.0,0.0
1052,1996-01-11,SZSE:000768,0.0,0.0,0.0,0.0,0.0,0.0,0.0,0.0,0.0,0.0,0.0,0.0,0.0,0.0,0.0,0.0,0.0,0,0.0,0.0,0.0,0.0,0.0,0.0,0.0,0.0,1,39951.0,2.2,0.0,0.0,0.0,0.0,0.0,0.0,0.0,0.0
1053,1996-01-12,SZSE:000768,0.0,0.0,0.0,0.0,0.0,0.0,0.0,0.0,0.0,0.0,0.0,0.0,0.0,0.0,0.0,0.0,0.0,0,0.0,0.0,0.0,0.0,0.0,0.0,0.0,0.0,1,39951.0,2.2,0.0,0.0,0.0,0.0,0.0,0.0,0.0,0.0
1054,1996-01-15,SZSE:000768,0.0,0.0,0.0,0.0,0.0,0.0,0.0,0.0,0.0,0.0,0.0,0.0,0.0,0.0,0.0,0.0,0.0,0,0.0,0.0,0.0,0.0,0.0,0.0,0.0,0.0,1,39951.0,2.2,0.0,0.0,0.0,0.0,0.0,0.0,0.0,0.0
1055,1996-01-16,SZSE:000768,0.0,0.0,0.0,0.0,0.0,0.0,0.0,0.0,0.0,0.0,0.0,0.0,0.0,0.0,0.0,0.0,0.0,0,0.0,0.0,0.0,0.0,0.0,0.0,0.0,0.0,1,39951.0,2.2,0.0,0.0,0.0,0.0,0.0,0.0,0.0,0.0
1056,1996-01-17,SZSE:000768,0.0,0.0,0.0,0.0,0.0,0.0,0.0,0.0,0.0,0.0,0.0,0.0,0.0,0.0,0.0,0.0,0.0,0,0.0,0.0,0.0,0.0,0.0,0.0,0.0,0.0,1,39951.0,2.2,0.0,0.0,0.0,0.0,0.0,0.0,0.0,0.0
1057,1996-01-18,SZSE:000768,0.0,0.0,0.0,0.0,0.0,0.0,0.0,0.0,0.0,0.0,0.0,0.0,0.0,0.0,0.0,0.0,0.0,0,0.0,0.0,0.0,0.0,0.0,0.0,0.0,0.0,1,39951.0,2.2,0.0,0.0,0.0,0.0,0.0,0.0,0.0,0.0
1058,1996-01-19,SZSE:000768,0.0,0.0,0.0,0.0,0.0,0.0,0.0,0.0,0.0,0.0,0.0,0.0,0.0,0.0,0.0,0.0,0.0,0,0.0,0.0,0.0,0.0,0.0,0.0,0.0,0.0,1,39951.0,2.2,0.0,0.0,0.0,0.0,0.0,0.0,0.0,0.0
1059,1996-01-22,SZSE:000768,0.0,0.0,0.0,0.0,0.0,0.0,0.0,0.0,0.0,0.0,0.0,0.0,0.0,0.0,0.0,0.0,0.0,0,0.0,0.0,0.0,0.0,0.0,0.0,0.0,0.0,1,39951.0,2.2,0.0,0.0,0.0,0.0,0.0,0.0,0.0,0.0
1060,1996-01-23,SZSE:000768,0.0,0.0,0.0,0.0,0.0,0.0,0.0,0.0,0.0,0.0,0.0,0.0,0.0,0.0,0.0,0.0,0.0,0,0.0,0.0,0.0,0.0,0.0,0.0,0.0,0.0,1,39951.0,2.2,0.0,0.0,0.0,0.0,0.0,0.0,0.0,0.0
1061,1996-01-24,SZSE:000768,0.0,0.0,0.0,0.0,0.0,0.0,0.0,0.0,0.0,0.0,0.0,0.0,0.0,0.0,0.0,0.0,0.0,0,0.0,0.0,0.0,0.0,0.0,0.0,0.0,0.0,1,39951.0,2.2,0.0,0.0,0.0,0.0,0.0,0.0,0.0,0.0
1062,1996-01-25,SZSE:000768,0.0,0.0,0.0,0.0,0.0,0.0,0.0,0.0,0.0,0.0,0.0,0.0,0.0,0.0,0.0,0.0,0.0,0,0.0,0.0,0.0,0.0,0.0,0.0,0.0,0.0,1,39951.0,2.2,0.0,0.0,0.0,0.0,0.0,0.0,0.0,0.0
1063,1996-01-26,SZSE:000768,0.0,0.0,0.0,0.0,0.0,0.0,0.0,0.0,0.0,0.0,0.0,0.0,0.0,0.0,0.0,0.0,0.0,0,0.0,0.0,0.0,0.0,0.0,0.0,0.0,0.0,1,39951.0,2.2,0.0,0.0,0.0,0.0,0.0,0.0,0.0,0.0
1064,1996-01-29,SZSE:000768,0.0,0.0,0.0,0.0,0.0,0.0,0.0,0.0,0.0,0.0,0.0,0.0,0.0,0.0,0.0,0.0,0.0,0,0.0,0.0,0.0,0.0,0.0,0.0,0.0,0.0,1,39951.0,2.2,0.0,0.0,0.0,0.0,0.0,0.0,0.0,0.0
1065,1996-01-30,SZSE:000768,0.0,0.0,0.0,0.0,0.0,0.0,0.0,0.0,0.0,0.0,0.0,0.0,0.0,0.0,0.0,0.0,0.0,0,0.0,0.0,0.0,0.0,0.0,0.0,0.0,0.0,1,39951.0,2.2,0.0,0.0,0.0,0.0,0.0,0.0,0.0,0.0
1066,1996-01-31,SZSE:000768,0.0,0.0,0.0,0.0,0.0,0.0,0.0,0.0,0.0,0.0,0.0,0.0,0.0,0.0,0.0,0.0,0.0,0,0.0,0.0,0.0,0.0,0.0,0.0,0.0,0.0,1,39951.0,2.2,0.0,0.0,0.0,0.0,0.0,0.0,0.0,0.0
1067,1996-02-01,SZSE:000768,0.0,0.0,0.0,0.0,0.0,0.0,0.0,0.0,0.0,0.0,0.0,0.0,0.0,0.0,0.0,0.0,0.0,0,0.0,0.0,0.0,0.0,0.0,0.0,0.0,0.0,1,39951.0,2.2,0.0,0.0,0.0,0.0,0.0,0.0,0.0,0.0
1068,1996-02-02,SZSE:000768,0.0,0.0,0.0,0.0,0.0,0.0,0.0,0.0,0.0,0.0,0.0,0.0,0.0,0.0,0.0,0.0,0.0,0,0.0,0.0,0.0,0.0,0.0,0.0,0.0,0.0,1,39951.0,2.2,0.0,0.0,0.0,0.0,0.0,0.0,0.0,0.0
1069,1996-02-05,SZSE:000768,0.0,0.0,0.0,0.0,0.0,0.0,0.0,0.0,0.0,0.0,0.0,0.0,0.0,0.0,0.0,0.0,0.0,0,0.0,0.0,0.0,0.0,0.0,0.0,0.0,0.0,1,39951.0,2.2,0.0,0.0,0.0,0.0,0.0,0.0,0.0,0.0
1070,1996-02-06,SZSE:000768,0.0,0.0,0.0,0.0,0.0,0.0,0.0,0.0,0.0,0.0,0.0,0.0,0.0,0.0,0.0,0.0,0.0,0,0.0,0.0,0.0,0.0,0.0,0.0,0.0,0.0,1,39951.0,2.2,0.0,0.0,0.0,0.0,0.0,0.0,0.0,0.0
1071,1996-02-07,SZSE:000768,0.0,0.0,0.0,0.0,0.0,0.0,0.0,0.0,0.0,0.0,0.0,0.0,0.0,0.0,0.0,0.0,0.0,0,0.0,0.0,0.0,0.0,0.0,0.0,0.0,0.0,1,39951.0,2.2,0.0,0.0,0.0,0.0,0.0,0.0,0.0,0.0
1072,1996-02-08,SZSE:000768,0.0,0.0,0.0,0.0,0.0,0.0,0.0,0.0,0.0,0.0,0.0,0.0,0.0,0.0,0.0,0.0,0.0,0,0.0,0.0,0.0,0.0,0.0,0.0,0.0,0.0,1,39951.0,2.2,0.0,0.0,0.0,0.0,0.0,0.0,0.0,0.0
1073,1996-02-09,SZSE:000768,0.0,0.0,0.0,0.0,0.0,0.0,0.0,0.0,0.0,0.0,0.0,0.0,0.0,0.0,0.0,0.0,0.0,0,0.0,0.0,0.0,0.0,0.0,0.0,0.0,0.0,1,39951.0,2.2,0.0,0.0,0.0,0.0,0.0,0.0,0.0,0.0
1074,1996-02-12,SZSE:000768,0.0,0.0,0.0,0.0,0.0,0.0,0.0,0.0,0.0,0.0,0.0,0.0,0.0,0.0,0.0,0.0,0.0,0,0.0,0.0,0.0,0.0,0.0,0.0,0.0,0.0,1,39951.0,2.2,0.0,0.0,0.0,0.0,0.0,0.0,0.0,0.0
1075,1996-02-13,SZSE:000768,0.0,0.0,0.0,0.0,0.0,0.0,0.0,0.0,0.0,0.0,0.0,0.0,0.0,0.0,0.0,0.0,0.0,0,0.0,0.0,0.0,0.0,0.0,0.0,0.0,0.0,1,39951.0,2.2,0.0,0.0,0.0,0.0,0.0,0.0,0.0,0.0
1076,1996-02-14,SZSE:000768,0.0,0.0,0.0,0.0,0.0,0.0,0.0,0.0,0.0,0.0,0.0,0.0,0.0,0.0,0.0,0.0,0.0,0,0.0,0.0,0.0,0.0,0.0,0.0,0.0,0.0,1,39951.0,2.2,0.0,0.0,0.0,0.0,0.0,0.0,0.0,0.0
1077,1996-02-15,SZSE:000768,0.0,0.0,0.0,0.0,0.0,0.0,0.0,0.0,0.0,0.0,0.0,0.0,0.0,0.0,0.0,0.0,0.0,0,0.0,0.0,0.0,0.0,0.0,0.0,0.0,0.0,1,39951.0,2.2,0.0,0.0,0.0,0.0,0.0,0.0,0.0,0.0
1078,1996-02-16,SZSE:000768,0.0,0.0,0.0,0.0,0.0,0.0,0.0,0.0,0.0,0.0,0.0,0.0,0.0,0.0,0.0,0.0,0.0,0,0.0,0.0,0.0,0.0,0.0,0.0,0.0,0.0,1,39951.0,2.2,0.0,0.0,0.0,0.0,0.0,0.0,0.0,0.0
1079,1996-02-19,SZSE:000768,0.0,0.0,0.0,0.0,0.0,0.0,0.0,0.0,0.0,0.0,0.0,0.0,0.0,0.0,0.0,0.0,0.0,0,0.0,0.0,0.0,0.0,0.0,0.0,0.0,0.0,1,39951.0,2.2,0.0,0.0,0.0,0.0,0.0,0.0,0.0,0.0
1080,1996-02-20,SZSE:000768,0.0,0.0,0.0,0.0,0.0,0.0,0.0,0.0,0.0,0.0,0.0,0.0,0.0,0.0,0.0,0.0,0.0,0,0.0,0.0,0.0,0.0,0.0,0.0,0.0,0.0,1,39951.0,2.2,0.0,0.0,0.0,0.0,0.0,0.0,0.0,0.0
1081,1996-02-21,SZSE:000768,0.0,0.0,0.0,0.0,0.0,0.0,0.0,0.0,0.0,0.0,0.0,0.0,0.0,0.0,0.0,0.0,0.0,0,0.0,0.0,0.0,0.0,0.0,0.0,0.0,0.0,1,39951.0,2.2,0.0,0.0,0.0,0.0,0.0,0.0,0.0,0.0
1082,1996-02-22,SZSE:000768,0.0,0.0,0.0,0.0,0.0,0.0,0.0,0.0,0.0,0.0,0.0,0.0,0.0,0.0,0.0,0.0,0.0,0,0.0,0.0,0.0,0.0,0.0,0.0,0.0,0.0,1,39951.0,2.2,0.0,0.0,0.0,0.0,0.0,0.0,0.0,0.0
1083,1996-02-23,SZSE:000768,0.0,0.0,0.0,0.0,0.0,0.0,0.0,0.0,0.0,0.0,0.0,0.0,0.0,0.0,0.0,0.0,0.0,0,0.0,0.0,0.0,0.0,0.0,0.0,0.0,0.0,1,39951.0,2.2,0.0,0.0,0.0,0.0,0.0,0.0,0.0,0.0
1084,1996-02-26,SZSE:000768,0.0,0.0,0.0,0.0,0.0,0.0,0.0,0.0,0.0,0.0,0.0,0.0,0.0,0.0,0.0,0.0,0.0,0,0.0,0.0,0.0,0.0,0.0,0.0,0.0,0.0,1,39951.0,2.2,0.0,0.0,0.0,0.0,0.0,0.0,0.0,0.0
1085,1996-02-27,SZSE:000768,0.0,0.0,0.0,0.0,0.0,0.0,0.0,0.0,0.0,0.0,0.0,0.0,0.0,0.0,0.0,0.0,0.0,0,0.0,0.0,0.0,0.0,0.0,0.0,0.0,0.0,1,39951.0,2.2,0.0,0.0,0.0,0.0,0.0,0.0,0.0,0.0
1086,1996-02-28,SZSE:000768,0.0,0.0,0.0,0.0,0.0,0.0,0.0,0.0,0.0,0.0,0.0,0.0,0.0,0.0,0.0,0.0,0.0,0,0.0,0.0,0.0,0.0,0.0,0.0,0.0,0.0,1,39951.0,2.2,0.0,0.0,0.0,0.0,0.0,0.0,0.0,0.0
1087,1996-02-29,SZSE:000768,0.0,0.0,0.0,0.0,0.0,0.0,0.0,0.0,0.0,0.0,0.0,0.0,0.0,0.0,0.0,0.0,0.0,0,0.0,0.0,0.0,0.0,0.0,0.0,0.0,0.0,1,39951.0,2.2,0.0,0.0,0.0,0.0,0.0,0.0,0.0,0.0
1088,1996-03-01,SZSE:000768,0.0,0.0,0.0,0.0,0.0,0.0,0.0,0.0,0.0,0.0,0.0,0.0,0.0,0.0,0.0,0.0,0.0,0,0.0,0.0,0.0,0.0,0.0,0.0,0.0,0.0,1,39951.0,2.2,0.0,0.0,0.0,0.0,0.0,0.0,0.0,0.0
1089,1996-03-04,SZSE:000768,0.0,0.0,0.0,0.0,0.0,0.0,0.0,0.0,0.0,0.0,0.0,0.0,0.0,0.0,0.0,0.0,0.0,0,0.0,0.0,0.0,0.0,0.0,0.0,0.0,0.0,1,39951.0,2.2,0.0,0.0,0.0,0.0,0.0,0.0,0.0,0.0
1090,1996-03-05,SZSE:000768,0.0,0.0,0.0,0.0,0.0,0.0,0.0,0.0,0.0,0.0,0.0,0.0,0.0,0.0,0.0,0.0,0.0,0,0.0,0.0,0.0,0.0,0.0,0.0,0.0,0.0,1,39951.0,2.2,0.0,0.0,0.0,0.0,0.0,0.0,0.0,0.0
1091,1996-03-06,SZSE:000768,0.0,0.0,0.0,0.0,0.0,0.0,0.0,0.0,0.0,0.0,0.0,0.0,0.0,0.0,0.0,0.0,0.0,0,0.0,0.0,0.0,0.0,0.0,0.0,0.0,0.0,1,39951.0,2.2,0.0,0.0,0.0,0.0,0.0,0.0,0.0,0.0
1092,1996-03-07,SZSE:000768,0.0,0.0,0.0,0.0,0.0,0.0,0.0,0.0,0.0,0.0,0.0,0.0,0.0,0.0,0.0,0.0,0.0,0,0.0,0.0,0.0,0.0,0.0,0.0,0.0,0.0,1,39951.0,2.2,0.0,0.0,0.0,0.0,0.0,0.0,0.0,0.0
1093,1996-03-08,SZSE:000768,0.0,0.0,0.0,0.0,0.0,0.0,0.0,0.0,0.0,0.0,0.0,0.0,0.0,0.0,0.0,0.0,0.0,0,0.0,0.0,0.0,0.0,0.0,0.0,0.0,0.0,1,39951.0,2.2,0.0,0.0,0.0,0.0,0.0,0.0,0.0,0.0
1094,1996-03-11,SZSE:000768,0.0,0.0,0.0,0.0,0.0,0.0,0.0,0.0,0.0,0.0,0.0,0.0,0.0,0.0,0.0,0.0,0.0,0,0.0,0.0,0.0,0.0,0.0,0.0,0.0,0.0,1,39951.0,2.2,0.0,0.0,0.0,0.0,0.0,0.0,0.0,0.0
1095,1996-03-12,SZSE:000768,0.0,0.0,0.0,0.0,0.0,0.0,0.0,0.0,0.0,0.0,0.0,0.0,0.0,0.0,0.0,0.0,0.0,0,0.0,0.0,0.0,0.0,0.0,0.0,0.0,0.0,1,39951.0,2.2,0.0,0.0,0.0,0.0,0.0,0.0,0.0,0.0
1096,1996-03-13,SZSE:000768,0.0,0.0,0.0,0.0,0.0,0.0,0.0,0.0,0.0,0.0,0.0,0.0,0.0,0.0,0.0,0.0,0.0,0,0.0,0.0,0.0,0.0,0.0,0.0,0.0,0.0,1,39951.0,2.2,0.0,0.0,0.0,0.0,0.0,0.0,0.0,0.0
1097,1996-03-14,SZSE:000768,0.0,0.0,0.0,0.0,0.0,0.0,0.0,0.0,0.0,0.0,0.0,0.0,0.0,0.0,0.0,0.0,0.0,0,0.0,0.0,0.0,0.0,0.0,0.0,0.0,0.0,1,39951.0,2.2,0.0,0.0,0.0,0.0,0.0,0.0,0.0,0.0
1098,1996-03-15,SZSE:000768,0.0,0.0,0.0,0.0,0.0,0.0,0.0,0.0,0.0,0.0,0.0,0.0,0.0,0.0,0.0,0.0,0.0,0,0.0,0.0,0.0,0.0,0.0,0.0,0.0,0.0,1,39951.0,2.2,0.0,0.0,0.0,0.0,0.0,0.0,0.0,0.0
1099,1996-03-18,SZSE:000768,0.0,0.0,0.0,0.0,0.0,0.0,0.0,0.0,0.0,0.0,0.0,0.0,0.0,0.0,0.0,0.0,0.0,0,0.0,0.0,0.0,0.0,0.0,0.0,0.0,0.0,1,39951.0,2.2,0.0,0.0,0.0,0.0,0.0,0.0,0.0,0.0
1100,1996-03-19,SZSE:000768,0.0,0.0,0.0,0.0,0.0,0.0,0.0,0.0,0.0,0.0,0.0,0.0,0.0,0.0,0.0,0.0,0.0,0,0.0,0.0,0.0,0.0,0.0,0.0,0.0,0.0,1,39951.0,2.2,0.0,0.0,0.0,0.0,0.0,0.0,0.0,0.0
1101,1996-03-20,SZSE:000768,0.0,0.0,0.0,0.0,0.0,0.0,0.0,0.0,0.0,0.0,0.0,0.0,0.0,0.0,0.0,0.0,0.0,0,0.0,0.0,0.0,0.0,0.0,0.0,0.0,0.0,1,39951.0,2.2,0.0,0.0,0.0,0.0,0.0,0.0,0.0,0.0
1102,1996-03-21,SZSE:000768,0.0,0.0,0.0,0.0,0.0,0.0,0.0,0.0,0.0,0.0,0.0,0.0,0.0,0.0,0.0,0.0,0.0,0,0.0,0.0,0.0,0.0,0.0,0.0,0.0,0.0,1,39951.0,2.2,0.0,0.0,0.0,0.0,0.0,0.0,0.0,0.0
1103,1996-03-22,SZSE:000768,0.0,0.0,0.0,0.0,0.0,0.0,0.0,0.0,0.0,0.0,0.0,0.0,0.0,0.0,0.0,0.0,0.0,0,0.0,0.0,0.0,0.0,0.0,0.0,0.0,0.0,1,39951.0,2.2,0.0,0.0,0.0,0.0,0.0,0.0,0.0,0.0
1104,1996-03-25,SZSE:000768,0.0,0.0,0.0,0.0,0.0,0.0,0.0,0.0,0.0,0.0,0.0,0.0,0.0,0.0,0.0,0.0,0.0,0,0.0,0.0,0.0,0.0,0.0,0.0,0.0,0.0,1,39951.0,2.2,0.0,0.0,0.0,0.0,0.0,0.0,0.0,0.0
1105,1996-03-26,SZSE:000768,0.0,0.0,0.0,0.0,0.0,0.0,0.0,0.0,0.0,0.0,0.0,0.0,0.0,0.0,0.0,0.0,0.0,0,0.0,0.0,0.0,0.0,0.0,0.0,0.0,0.0,1,39951.0,2.2,0.0,0.0,0.0,0.0,0.0,0.0,0.0,0.0
1106,1996-03-27,SZSE:000768,0.0,0.0,0.0,0.0,0.0,0.0,0.0,0.0,0.0,0.0,0.0,0.0,0.0,0.0,0.0,0.0,0.0,0,0.0,0.0,0.0,0.0,0.0,0.0,0.0,0.0,1,39951.0,2.2,0.0,0.0,0.0,0.0,0.0,0.0,0.0,0.0
1107,1996-03-28,SZSE:000768,0.0,0.0,0.0,0.0,0.0,0.0,0.0,0.0,0.0,0.0,0.0,0.0,0.0,0.0,0.0,0.0,0.0,0,0.0,0.0,0.0,0.0,0.0,0.0,0.0,0.0,1,39951.0,2.2,0.0,0.0,0.0,0.0,0.0,0.0,0.0,0.0
1108,1996-03-29,SZSE:000768,0.0,0.0,0.0,0.0,0.0,0.0,0.0,0.0,0.0,0.0,0.0,0.0,0.0,0.0,0.0,0.0,0.0,0,0.0,0.0,0.0,0.0,0.0,0.0,0.0,0.0,1,39951.0,2.2,0.0,0.0,0.0,0.0,0.0,0.0,0.0,0.0
1109,1996-04-01,SZSE:000768,0.0,0.0,0.0,0.0,0.0,0.0,0.0,0.0,0.0,0.0,0.0,0.0,0.0,0.0,0.0,0.0,0.0,0,0.0,0.0,0.0,0.0,0.0,0.0,0.0,0.0,1,39951.0,2.2,0.0,0.0,0.0,0.0,0.0,0.0,0.0,0.0
1110,1996-04-02,SZSE:000768,0.0,0.0,0.0,0.0,0.0,0.0,0.0,0.0,0.0,0.0,0.0,0.0,0.0,0.0,0.0,0.0,0.0,0,0.0,0.0,0.0,0.0,0.0,0.0,0.0,0.0,1,39951.0,2.2,0.0,0.0,0.0,0.0,0.0,0.0,0.0,0.0
1111,1996-04-03,SZSE:000768,0.0,0.0,0.0,0.0,0.0,0.0,0.0,0.0,0.0,0.0,0.0,0.0,0.0,0.0,0.0,0.0,0.0,0,0.0,0.0,0.0,0.0,0.0,0.0,0.0,0.0,1,39951.0,2.2,0.0,0.0,0.0,0.0,0.0,0.0,0.0,0.0
1112,1996-04-04,SZSE:000768,0.0,0.0,0.0,0.0,0.0,0.0,0.0,0.0,0.0,0.0,0.0,0.0,0.0,0.0,0.0,0.0,0.0,0,0.0,0.0,0.0,0.0,0.0,0.0,0.0,0.0,1,39951.0,2.2,0.0,0.0,0.0,0.0,0.0,0.0,0.0,0.0
1113,1996-04-05,SZSE:000768,0.0,0.0,0.0,0.0,0.0,0.0,0.0,0.0,0.0,0.0,0.0,0.0,0.0,0.0,0.0,0.0,0.0,0,0.0,0.0,0.0,0.0,0.0,0.0,0.0,0.0,1,39951.0,2.2,0.0,0.0,0.0,0.0,0.0,0.0,0.0,0.0
1114,1996-04-08,SZSE:000768,0.0,0.0,0.0,0.0,0.0,0.0,0.0,0.0,0.0,0.0,0.0,0.0,0.0,0.0,0.0,0.0,0.0,0,0.0,0.0,0.0,0.0,0.0,0.0,0.0,0.0,1,39951.0,2.2,0.0,0.0,0.0,0.0,0.0,0.0,0.0,0.0
1115,1996-04-09,SZSE:000768,0.0,0.0,0.0,0.0,0.0,0.0,0.0,0.0,0.0,0.0,0.0,0.0,0.0,0.0,0.0,0.0,0.0,0,0.0,0.0,0.0,0.0,0.0,0.0,0.0,0.0,1,39951.0,2.2,0.0,0.0,0.0,0.0,0.0,0.0,0.0,0.0
1116,1996-04-10,SZSE:000768,0.0,0.0,0.0,0.0,0.0,0.0,0.0,0.0,0.0,0.0,0.0,0.0,0.0,0.0,0.0,0.0,0.0,0,0.0,0.0,0.0,0.0,0.0,0.0,0.0,0.0,1,39951.0,2.2,0.0,0.0,0.0,0.0,0.0,0.0,0.0,0.0
1117,1996-04-11,SZSE:000768,0.0,0.0,0.0,0.0,0.0,0.0,0.0,0.0,0.0,0.0,0.0,0.0,0.0,0.0,0.0,0.0,0.0,0,0.0,0.0,0.0,0.0,0.0,0.0,0.0,0.0,1,39951.0,2.2,0.0,0.0,0.0,0.0,0.0,0.0,0.0,0.0
1118,1996-04-12,SZSE:000768,0.0,0.0,0.0,0.0,0.0,0.0,0.0,0.0,0.0,0.0,0.0,0.0,0.0,0.0,0.0,0.0,0.0,0,0.0,0.0,0.0,0.0,0.0,0.0,0.0,0.0,1,39951.0,2.2,0.0,0.0,0.0,0.0,0.0,0.0,0.0,0.0
1119,1996-04-15,SZSE:000768,0.0,0.0,0.0,0.0,0.0,0.0,0.0,0.0,0.0,0.0,0.0,0.0,0.0,0.0,0.0,0.0,0.0,0,0.0,0.0,0.0,0.0,0.0,0.0,0.0,0.0,1,39951.0,2.2,0.0,0.0,0.0,0.0,0.0,0.0,0.0,0.0
1120,1996-04-16,SZSE:000768,0.0,0.0,0.0,0.0,0.0,0.0,0.0,0.0,0.0,0.0,0.0,0.0,0.0,0.0,0.0,0.0,0.0,0,0.0,0.0,0.0,0.0,0.0,0.0,0.0,0.0,1,39951.0,2.2,0.0,0.0,0.0,0.0,0.0,0.0,0.0,0.0
1121,1996-04-17,SZSE:000768,0.0,0.0,0.0,0.0,0.0,0.0,0.0,0.0,0.0,0.0,0.0,0.0,0.0,0.0,0.0,0.0,0.0,0,0.0,0.0,0.0,0.0,0.0,0.0,0.0,0.0,1,39951.0,2.2,0.0,0.0,0.0,0.0,0.0,0.0,0.0,0.0
1122,1996-04-18,SZSE:000768,0.0,0.0,0.0,0.0,0.0,0.0,0.0,0.0,0.0,0.0,0.0,0.0,0.0,0.0,0.0,0.0,0.0,0,0.0,0.0,0.0,0.0,0.0,0.0,0.0,0.0,1,39951.0,2.2,0.0,0.0,0.0,0.0,0.0,0.0,0.0,0.0
1123,1996-04-19,SZSE:000768,0.0,0.0,0.0,0.0,0.0,0.0,0.0,0.0,0.0,0.0,0.0,0.0,0.0,0.0,0.0,0.0,0.0,0,0.0,0.0,0.0,0.0,0.0,0.0,0.0,0.0,1,39951.0,2.2,0.0,0.0,0.0,0.0,0.0,0.0,0.0,0.0
1124,1996-04-22,SZSE:000768,0.0,0.0,0.0,0.0,0.0,0.0,0.0,0.0,0.0,0.0,0.0,0.0,0.0,0.0,0.0,0.0,0.0,0,0.0,0.0,0.0,0.0,0.0,0.0,0.0,0.0,1,39951.0,2.2,0.0,0.0,0.0,0.0,0.0,0.0,0.0,0.0
1125,1996-04-23,SZSE:000768,0.0,0.0,0.0,0.0,0.0,0.0,0.0,0.0,0.0,0.0,0.0,0.0,0.0,0.0,0.0,0.0,0.0,0,0.0,0.0,0.0,0.0,0.0,0.0,0.0,0.0,1,39951.0,2.2,0.0,0.0,0.0,0.0,0.0,0.0,0.0,0.0
1126,1996-04-24,SZSE:000768,0.0,0.0,0.0,0.0,0.0,0.0,0.0,0.0,0.0,0.0,0.0,0.0,0.0,0.0,0.0,0.0,0.0,0,0.0,0.0,0.0,0.0,0.0,0.0,0.0,0.0,1,39951.0,2.2,0.0,0.0,0.0,0.0,0.0,0.0,0.0,0.0
1127,1996-04-25,SZSE:000768,0.0,0.0,0.0,0.0,0.0,0.0,0.0,0.0,0.0,0.0,0.0,0.0,0.0,0.0,0.0,0.0,0.0,0,0.0,0.0,0.0,0.0,0.0,0.0,0.0,0.0,1,39951.0,2.2,0.0,0.0,0.0,0.0,0.0,0.0,0.0,0.0
1128,1996-04-26,SZSE:000768,0.0,0.0,0.0,0.0,0.0,0.0,0.0,0.0,0.0,0.0,0.0,0.0,0.0,0.0,0.0,0.0,0.0,0,0.0,0.0,0.0,0.0,0.0,0.0,0.0,0.0,1,39951.0,2.2,0.0,0.0,0.0,0.0,0.0,0.0,0.0,0.0
1129,1996-04-29,SZSE:000768,0.0,0.0,0.0,0.0,0.0,0.0,0.0,0.0,0.0,0.0,0.0,0.0,0.0,0.0,0.0,0.0,0.0,0,0.0,0.0,0.0,0.0,0.0,0.0,0.0,0.0,1,39951.0,2.2,0.0,0.0,0.0,0.0,0.0,0.0,0.0,0.0
1130,1996-04-30,SZSE:000768,0.0,0.0,0.0,0.0,0.0,0.0,0.0,0.0,0.0,0.0,0.0,0.0,0.0,0.0,0.0,0.0,0.0,0,0.0,0.0,0.0,0.0,0.0,0.0,0.0,0.0,1,39951.0,2.2,0.0,0.0,0.0,0.0,0.0,0.0,0.0,0.0
1131,1996-05-01,SZSE:000768,0.0,0.0,0.0,0.0,0.0,0.0,0.0,0.0,0.0,0.0,0.0,0.0,0.0,0.0,0.0,0.0,0.0,0,0.0,0.0,0.0,0.0,0.0,0.0,0.0,0.0,1,39951.0,2.2,0.0,0.0,0.0,0.0,0.0,0.0,0.0,0.0
1132,1996-05-02,SZSE:000768,0.0,0.0,0.0,0.0,0.0,0.0,0.0,0.0,0.0,0.0,0.0,0.0,0.0,0.0,0.0,0.0,0.0,0,0.0,0.0,0.0,0.0,0.0,0.0,0.0,0.0,1,39951.0,2.2,0.0,0.0,0.0,0.0,0.0,0.0,0.0,0.0
1133,1996-05-03,SZSE:000768,0.0,0.0,0.0,0.0,0.0,0.0,0.0,0.0,0.0,0.0,0.0,0.0,0.0,0.0,0.0,0.0,0.0,0,0.0,0.0,0.0,0.0,0.0,0.0,0.0,0.0,1,39951.0,2.2,0.0,0.0,0.0,0.0,0.0,0.0,0.0,0.0
1134,1996-05-06,SZSE:000768,0.0,0.0,0.0,0.0,0.0,0.0,0.0,0.0,0.0,0.0,0.0,0.0,0.0,0.0,0.0,0.0,0.0,0,0.0,0.0,0.0,0.0,0.0,0.0,0.0,0.0,1,39951.0,2.2,0.0,0.0,0.0,0.0,0.0,0.0,0.0,0.0
1135,1996-05-07,SZSE:000768,0.0,0.0,0.0,0.0,0.0,0.0,0.0,0.0,0.0,0.0,0.0,0.0,0.0,0.0,0.0,0.0,0.0,0,0.0,0.0,0.0,0.0,0.0,0.0,0.0,0.0,1,39951.0,2.2,0.0,0.0,0.0,0.0,0.0,0.0,0.0,0.0
1136,1996-05-08,SZSE:000768,0.0,0.0,0.0,0.0,0.0,0.0,0.0,0.0,0.0,0.0,0.0,0.0,0.0,0.0,0.0,0.0,0.0,0,0.0,0.0,0.0,0.0,0.0,0.0,0.0,0.0,1,39951.0,2.2,0.0,0.0,0.0,0.0,0.0,0.0,0.0,0.0
1137,1996-05-09,SZSE:000768,0.0,0.0,0.0,0.0,0.0,0.0,0.0,0.0,0.0,0.0,0.0,0.0,0.0,0.0,0.0,0.0,0.0,0,0.0,0.0,0.0,0.0,0.0,0.0,0.0,0.0,1,39951.0,2.2,0.0,0.0,0.0,0.0,0.0,0.0,0.0,0.0
1138,1996-05-10,SZSE:000768,0.0,0.0,0.0,0.0,0.0,0.0,0.0,0.0,0.0,0.0,0.0,0.0,0.0,0.0,0.0,0.0,0.0,0,0.0,0.0,0.0,0.0,0.0,0.0,0.0,0.0,1,39951.0,2.2,0.0,0.0,0.0,0.0,0.0,0.0,0.0,0.0
1139,1996-05-13,SZSE:000768,0.0,0.0,0.0,0.0,0.0,0.0,0.0,0.0,0.0,0.0,0.0,0.0,0.0,0.0,0.0,0.0,0.0,0,0.0,0.0,0.0,0.0,0.0,0.0,0.0,0.0,1,39951.0,2.2,0.0,0.0,0.0,0.0,0.0,0.0,0.0,0.0
1140,1996-05-14,SZSE:000768,0.0,0.0,0.0,0.0,0.0,0.0,0.0,0.0,0.0,0.0,0.0,0.0,0.0,0.0,0.0,0.0,0.0,0,0.0,0.0,0.0,0.0,0.0,0.0,0.0,0.0,1,39951.0,2.2,0.0,0.0,0.0,0.0,0.0,0.0,0.0,0.0
1141,1996-05-15,SZSE:000768,0.0,0.0,0.0,0.0,0.0,0.0,0.0,0.0,0.0,0.0,0.0,0.0,0.0,0.0,0.0,0.0,0.0,0,0.0,0.0,0.0,0.0,0.0,0.0,0.0,0.0,1,39951.0,2.2,0.0,0.0,0.0,0.0,0.0,0.0,0.0,0.0
1142,1996-05-16,SZSE:000768,0.0,0.0,0.0,0.0,0.0,0.0,0.0,0.0,0.0,0.0,0.0,0.0,0.0,0.0,0.0,0.0,0.0,0,0.0,0.0,0.0,0.0,0.0,0.0,0.0,0.0,1,39951.0,2.2,0.0,0.0,0.0,0.0,0.0,0.0,0.0,0.0
1143,1996-05-17,SZSE:000768,0.0,0.0,0.0,0.0,0.0,0.0,0.0,0.0,0.0,0.0,0.0,0.0,0.0,0.0,0.0,0.0,0.0,0,0.0,0.0,0.0,0.0,0.0,0.0,0.0,0.0,1,39951.0,2.2,0.0,0.0,0.0,0.0,0.0,0.0,0.0,0.0
1144,1996-05-20,SZSE:000768,0.0,0.0,0.0,0.0,0.0,0.0,0.0,0.0,0.0,0.0,0.0,0.0,0.0,0.0,0.0,0.0,0.0,0,0.0,0.0,0.0,0.0,0.0,0.0,0.0,0.0,1,39951.0,2.2,0.0,0.0,0.0,0.0,0.0,0.0,0.0,0.0
1145,1996-05-21,SZSE:000768,0.0,0.0,0.0,0.0,0.0,0.0,0.0,0.0,0.0,0.0,0.0,0.0,0.0,0.0,0.0,0.0,0.0,0,0.0,0.0,0.0,0.0,0.0,0.0,0.0,0.0,1,39951.0,2.2,0.0,0.0,0.0,0.0,0.0,0.0,0.0,0.0
1146,1996-05-22,SZSE:000768,0.0,0.0,0.0,0.0,0.0,0.0,0.0,0.0,0.0,0.0,0.0,0.0,0.0,0.0,0.0,0.0,0.0,0,0.0,0.0,0.0,0.0,0.0,0.0,0.0,0.0,1,39951.0,2.2,0.0,0.0,0.0,0.0,0.0,0.0,0.0,0.0
1147,1996-05-23,SZSE:000768,0.0,0.0,0.0,0.0,0.0,0.0,0.0,0.0,0.0,0.0,0.0,0.0,0.0,0.0,0.0,0.0,0.0,0,0.0,0.0,0.0,0.0,0.0,0.0,0.0,0.0,1,39951.0,2.2,0.0,0.0,0.0,0.0,0.0,0.0,0.0,0.0
1148,1996-05-24,SZSE:000768,0.0,0.0,0.0,0.0,0.0,0.0,0.0,0.0,0.0,0.0,0.0,0.0,0.0,0.0,0.0,0.0,0.0,0,0.0,0.0,0.0,0.0,0.0,0.0,0.0,0.0,1,39951.0,2.2,0.0,0.0,0.0,0.0,0.0,0.0,0.0,0.0
1149,1996-05-27,SZSE:000768,0.0,0.0,0.0,0.0,0.0,0.0,0.0,0.0,0.0,0.0,0.0,0.0,0.0,0.0,0.0,0.0,0.0,0,0.0,0.0,0.0,0.0,0.0,0.0,0.0,0.0,1,39951.0,2.2,0.0,0.0,0.0,0.0,0.0,0.0,0.0,0.0
1150,1996-05-28,SZSE:000768,0.0,0.0,0.0,0.0,0.0,0.0,0.0,0.0,0.0,0.0,0.0,0.0,0.0,0.0,0.0,0.0,0.0,0,0.0,0.0,0.0,0.0,0.0,0.0,0.0,0.0,1,39951.0,2.2,0.0,0.0,0.0,0.0,0.0,0.0,0.0,0.0
1151,1996-05-29,SZSE:000768,0.0,0.0,0.0,0.0,0.0,0.0,0.0,0.0,0.0,0.0,0.0,0.0,0.0,0.0,0.0,0.0,0.0,0,0.0,0.0,0.0,0.0,0.0,0.0,0.0,0.0,1,39951.0,2.2,0.0,0.0,0.0,0.0,0.0,0.0,0.0,0.0
1152,1996-05-30,SZSE:000768,0.0,0.0,0.0,0.0,0.0,0.0,0.0,0.0,0.0,0.0,0.0,0.0,0.0,0.0,0.0,0.0,0.0,0,0.0,0.0,0.0,0.0,0.0,0.0,0.0,0.0,1,39951.0,2.2,0.0,0.0,0.0,0.0,0.0,0.0,0.0,0.0
1153,1996-05-31,SZSE:000768,0.0,0.0,0.0,0.0,0.0,0.0,0.0,0.0,0.0,0.0,0.0,0.0,0.0,0.0,0.0,0.0,0.0,0,0.0,0.0,0.0,0.0,0.0,0.0,0.0,0.0,1,39951.0,2.2,0.0,0.0,0.0,0.0,0.0,0.0,0.0,0.0
1154,1996-06-03,SZSE:000768,0.0,0.0,0.0,0.0,0.0,0.0,0.0,0.0,0.0,0.0,0.0,0.0,0.0,0.0,0.0,0.0,0.0,0,0.0,0.0,0.0,0.0,0.0,0.0,0.0,0.0,1,39951.0,2.2,0.0,0.0,0.0,0.0,0.0,0.0,0.0,0.0
1155,1996-06-04,SZSE:000768,0.0,0.0,0.0,0.0,0.0,0.0,0.0,0.0,0.0,0.0,0.0,0.0,0.0,0.0,0.0,0.0,0.0,0,0.0,0.0,0.0,0.0,0.0,0.0,0.0,0.0,1,39951.0,2.2,0.0,0.0,0.0,0.0,0.0,0.0,0.0,0.0
1156,1996-06-05,SZSE:000768,0.0,0.0,0.0,0.0,0.0,0.0,0.0,0.0,0.0,0.0,0.0,0.0,0.0,0.0,0.0,0.0,0.0,0,0.0,0.0,0.0,0.0,0.0,0.0,0.0,0.0,1,39951.0,2.2,0.0,0.0,0.0,0.0,0.0,0.0,0.0,0.0
1157,1996-06-06,SZSE:000768,0.0,0.0,0.0,0.0,0.0,0.0,0.0,0.0,0.0,0.0,0.0,0.0,0.0,0.0,0.0,0.0,0.0,0,0.0,0.0,0.0,0.0,0.0,0.0,0.0,0.0,1,39951.0,2.2,0.0,0.0,0.0,0.0,0.0,0.0,0.0,0.0
1158,1996-06-07,SZSE:000768,0.0,0.0,0.0,0.0,0.0,0.0,0.0,0.0,0.0,0.0,0.0,0.0,0.0,0.0,0.0,0.0,0.0,0,0.0,0.0,0.0,0.0,0.0,0.0,0.0,0.0,1,39951.0,2.2,0.0,0.0,0.0,0.0,0.0,0.0,0.0,0.0
1159,1996-06-10,SZSE:000768,0.0,0.0,0.0,0.0,0.0,0.0,0.0,0.0,0.0,0.0,0.0,0.0,0.0,0.0,0.0,0.0,0.0,0,0.0,0.0,0.0,0.0,0.0,0.0,0.0,0.0,1,39951.0,2.2,0.0,0.0,0.0,0.0,0.0,0.0,0.0,0.0
1160,1996-06-11,SZSE:000768,0.0,0.0,0.0,0.0,0.0,0.0,0.0,0.0,0.0,0.0,0.0,0.0,0.0,0.0,0.0,0.0,0.0,0,0.0,0.0,0.0,0.0,0.0,0.0,0.0,0.0,1,39951.0,2.2,0.0,0.0,0.0,0.0,0.0,0.0,0.0,0.0
1161,1996-06-12,SZSE:000768,0.0,0.0,0.0,0.0,0.0,0.0,0.0,0.0,0.0,0.0,0.0,0.0,0.0,0.0,0.0,0.0,0.0,0,0.0,0.0,0.0,0.0,0.0,0.0,0.0,0.0,1,39951.0,2.2,0.0,0.0,0.0,0.0,0.0,0.0,0.0,0.0
1162,1996-06-13,SZSE:000768,0.0,0.0,0.0,0.0,0.0,0.0,0.0,0.0,0.0,0.0,0.0,0.0,0.0,0.0,0.0,0.0,0.0,0,0.0,0.0,0.0,0.0,0.0,0.0,0.0,0.0,1,39951.0,2.2,0.0,0.0,0.0,0.0,0.0,0.0,0.0,0.0
1163,1996-06-14,SZSE:000768,0.0,0.0,0.0,0.0,0.0,0.0,0.0,0.0,0.0,0.0,0.0,0.0,0.0,0.0,0.0,0.0,0.0,0,0.0,0.0,0.0,0.0,0.0,0.0,0.0,0.0,1,39951.0,2.2,0.0,0.0,0.0,0.0,0.0,0.0,0.0,0.0
1164,1996-06-17,SZSE:000768,0.0,0.0,0.0,0.0,0.0,0.0,0.0,0.0,0.0,0.0,0.0,0.0,0.0,0.0,0.0,0.0,0.0,0,0.0,0.0,0.0,0.0,0.0,0.0,0.0,0.0,1,39951.0,2.2,0.0,0.0,0.0,0.0,0.0,0.0,0.0,0.0
1165,1996-06-18,SZSE:000768,0.0,0.0,0.0,0.0,0.0,0.0,0.0,0.0,0.0,0.0,0.0,0.0,0.0,0.0,0.0,0.0,0.0,0,0.0,0.0,0.0,0.0,0.0,0.0,0.0,0.0,1,39951.0,2.2,0.0,0.0,0.0,0.0,0.0,0.0,0.0,0.0
1166,1996-06-19,SZSE:000768,0.0,0.0,0.0,0.0,0.0,0.0,0.0,0.0,0.0,0.0,0.0,0.0,0.0,0.0,0.0,0.0,0.0,0,0.0,0.0,0.0,0.0,0.0,0.0,0.0,0.0,1,39951.0,2.2,0.0,0.0,0.0,0.0,0.0,0.0,0.0,0.0
1167,1996-06-20,SZSE:000768,0.0,0.0,0.0,0.0,0.0,0.0,0.0,0.0,0.0,0.0,0.0,0.0,0.0,0.0,0.0,0.0,0.0,0,0.0,0.0,0.0,0.0,0.0,0.0,0.0,0.0,1,39951.0,2.2,0.0,0.0,0.0,0.0,0.0,0.0,0.0,0.0
1168,1996-06-21,SZSE:000768,0.0,0.0,0.0,0.0,0.0,0.0,0.0,0.0,0.0,0.0,0.0,0.0,0.0,0.0,0.0,0.0,0.0,0,0.0,0.0,0.0,0.0,0.0,0.0,0.0,0.0,1,39951.0,2.2,0.0,0.0,0.0,0.0,0.0,0.0,0.0,0.0
1169,1996-06-24,SZSE:000768,0.0,0.0,0.0,0.0,0.0,0.0,0.0,0.0,0.0,0.0,0.0,0.0,0.0,0.0,0.0,0.0,0.0,0,0.0,0.0,0.0,0.0,0.0,0.0,0.0,0.0,1,39951.0,2.2,0.0,0.0,0.0,0.0,0.0,0.0,0.0,0.0
1170,1996-06-25,SZSE:000768,0.0,0.0,0.0,0.0,0.0,0.0,0.0,0.0,0.0,0.0,0.0,0.0,0.0,0.0,0.0,0.0,0.0,0,0.0,0.0,0.0,0.0,0.0,0.0,0.0,0.0,1,39951.0,2.2,0.0,0.0,0.0,0.0,0.0,0.0,0.0,0.0
1171,1996-06-26,SZSE:000768,0.0,0.0,0.0,0.0,0.0,0.0,0.0,0.0,0.0,0.0,0.0,0.0,0.0,0.0,0.0,0.0,0.0,0,0.0,0.0,0.0,0.0,0.0,0.0,0.0,0.0,1,39951.0,2.2,0.0,0.0,0.0,0.0,0.0,0.0,0.0,0.0
1172,1996-06-27,SZSE:000768,0.0,0.0,0.0,0.0,0.0,0.0,0.0,0.0,0.0,0.0,0.0,0.0,0.0,0.0,0.0,0.0,0.0,0,0.0,0.0,0.0,0.0,0.0,0.0,0.0,0.0,1,39951.0,2.2,0.0,0.0,0.0,0.0,0.0,0.0,0.0,0.0
1173,1996-06-28,SZSE:000768,0.0,0.0,0.0,0.0,0.0,0.0,0.0,0.0,0.0,0.0,0.0,0.0,0.0,0.0,0.0,0.0,0.0,0,0.0,0.0,0.0,0.0,0.0,0.0,0.0,0.0,1,39951.0,2.2,0.0,0.0,0.0,0.0,0.0,0.0,0.0,0.0
1174,1996-07-01,SZSE:000768,0.0,0.0,0.0,0.0,0.0,0.0,0.0,0.0,0.0,0.0,0.0,0.0,0.0,0.0,0.0,0.0,0.0,0,0.0,0.0,0.0,0.0,0.0,0.0,0.0,0.0,1,39951.0,2.2,0.0,0.0,0.0,0.0,0.0,0.0,0.0,0.0
1175,1996-07-02,SZSE:000768,0.0,0.0,0.0,0.0,0.0,0.0,0.0,0.0,0.0,0.0,0.0,0.0,0.0,0.0,0.0,0.0,0.0,0,0.0,0.0,0.0,0.0,0.0,0.0,0.0,0.0,1,39951.0,2.2,0.0,0.0,0.0,0.0,0.0,0.0,0.0,0.0
1176,1996-07-03,SZSE:000768,0.0,0.0,0.0,0.0,0.0,0.0,0.0,0.0,0.0,0.0,0.0,0.0,0.0,0.0,0.0,0.0,0.0,0,0.0,0.0,0.0,0.0,0.0,0.0,0.0,0.0,1,39951.0,2.2,0.0,0.0,0.0,0.0,0.0,0.0,0.0,0.0
1177,1996-07-04,SZSE:000768,0.0,0.0,0.0,0.0,0.0,0.0,0.0,0.0,0.0,0.0,0.0,0.0,0.0,0.0,0.0,0.0,0.0,0,0.0,0.0,0.0,0.0,0.0,0.0,0.0,0.0,1,39951.0,2.2,0.0,0.0,0.0,0.0,0.0,0.0,0.0,0.0
1178,1996-07-05,SZSE:000768,0.0,0.0,0.0,0.0,0.0,0.0,0.0,0.0,0.0,0.0,0.0,0.0,0.0,0.0,0.0,0.0,0.0,0,0.0,0.0,0.0,0.0,0.0,0.0,0.0,0.0,1,39951.0,2.2,0.0,0.0,0.0,0.0,0.0,0.0,0.0,0.0
1179,1996-07-08,SZSE:000768,0.0,0.0,0.0,0.0,0.0,0.0,0.0,0.0,0.0,0.0,0.0,0.0,0.0,0.0,0.0,0.0,0.0,0,0.0,0.0,0.0,0.0,0.0,0.0,0.0,0.0,1,39951.0,2.2,0.0,0.0,0.0,0.0,0.0,0.0,0.0,0.0
1180,1996-07-09,SZSE:000768,0.0,0.0,0.0,0.0,0.0,0.0,0.0,0.0,0.0,0.0,0.0,0.0,0.0,0.0,0.0,0.0,0.0,0,0.0,0.0,0.0,0.0,0.0,0.0,0.0,0.0,1,39951.0,2.2,0.0,0.0,0.0,0.0,0.0,0.0,0.0,0.0
1181,1996-07-10,SZSE:000768,0.0,0.0,0.0,0.0,0.0,0.0,0.0,0.0,0.0,0.0,0.0,0.0,0.0,0.0,0.0,0.0,0.0,0,0.0,0.0,0.0,0.0,0.0,0.0,0.0,0.0,1,39951.0,2.2,0.0,0.0,0.0,0.0,0.0,0.0,0.0,0.0
1182,1996-07-11,SZSE:000768,0.0,0.0,0.0,0.0,0.0,0.0,0.0,0.0,0.0,0.0,0.0,0.0,0.0,0.0,0.0,0.0,0.0,0,0.0,0.0,0.0,0.0,0.0,0.0,0.0,0.0,1,39951.0,2.2,0.0,0.0,0.0,0.0,0.0,0.0,0.0,0.0
1183,1996-07-12,SZSE:000768,0.0,0.0,0.0,0.0,0.0,0.0,0.0,0.0,0.0,0.0,0.0,0.0,0.0,0.0,0.0,0.0,0.0,0,0.0,0.0,0.0,0.0,0.0,0.0,0.0,0.0,1,39951.0,2.2,0.0,0.0,0.0,0.0,0.0,0.0,0.0,0.0
1184,1996-07-15,SZSE:000768,0.0,0.0,0.0,0.0,0.0,0.0,0.0,0.0,0.0,0.0,0.0,0.0,0.0,0.0,0.0,0.0,0.0,0,0.0,0.0,0.0,0.0,0.0,0.0,0.0,0.0,1,39951.0,2.2,0.0,0.0,0.0,0.0,0.0,0.0,0.0,0.0
1185,1996-07-16,SZSE:000768,0.0,0.0,0.0,0.0,0.0,0.0,0.0,0.0,0.0,0.0,0.0,0.0,0.0,0.0,0.0,0.0,0.0,0,0.0,0.0,0.0,0.0,0.0,0.0,0.0,0.0,1,39951.0,2.2,0.0,0.0,0.0,0.0,0.0,0.0,0.0,0.0
1186,1996-07-17,SZSE:000768,0.0,0.0,0.0,0.0,0.0,0.0,0.0,0.0,0.0,0.0,0.0,0.0,0.0,0.0,0.0,0.0,0.0,0,0.0,0.0,0.0,0.0,0.0,0.0,0.0,0.0,1,39951.0,2.2,0.0,0.0,0.0,0.0,0.0,0.0,0.0,0.0
1187,1996-07-18,SZSE:000768,0.0,0.0,0.0,0.0,0.0,0.0,0.0,0.0,0.0,0.0,0.0,0.0,0.0,0.0,0.0,0.0,0.0,0,0.0,0.0,0.0,0.0,0.0,0.0,0.0,0.0,1,39951.0,2.2,0.0,0.0,0.0,0.0,0.0,0.0,0.0,0.0
1188,1996-07-19,SZSE:000768,0.0,0.0,0.0,0.0,0.0,0.0,0.0,0.0,0.0,0.0,0.0,0.0,0.0,0.0,0.0,0.0,0.0,0,0.0,0.0,0.0,0.0,0.0,0.0,0.0,0.0,1,39951.0,2.2,0.0,0.0,0.0,0.0,0.0,0.0,0.0,0.0
1189,1996-07-22,SZSE:000768,0.0,0.0,0.0,0.0,0.0,0.0,0.0,0.0,0.0,0.0,0.0,0.0,0.0,0.0,0.0,0.0,0.0,0,0.0,0.0,0.0,0.0,0.0,0.0,0.0,0.0,1,39951.0,2.2,0.0,0.0,0.0,0.0,0.0,0.0,0.0,0.0
1190,1996-07-23,SZSE:000768,0.0,0.0,0.0,0.0,0.0,0.0,0.0,0.0,0.0,0.0,0.0,0.0,0.0,0.0,0.0,0.0,0.0,0,0.0,0.0,0.0,0.0,0.0,0.0,0.0,0.0,1,39951.0,2.2,0.0,0.0,0.0,0.0,0.0,0.0,0.0,0.0
1191,1996-07-24,SZSE:000768,0.0,0.0,0.0,0.0,0.0,0.0,0.0,0.0,0.0,0.0,0.0,0.0,0.0,0.0,0.0,0.0,0.0,0,0.0,0.0,0.0,0.0,0.0,0.0,0.0,0.0,1,39951.0,2.2,0.0,0.0,0.0,0.0,0.0,0.0,0.0,0.0
1192,1996-07-25,SZSE:000768,0.0,0.0,0.0,0.0,0.0,0.0,0.0,0.0,0.0,0.0,0.0,0.0,0.0,0.0,0.0,0.0,0.0,0,0.0,0.0,0.0,0.0,0.0,0.0,0.0,0.0,1,39951.0,2.2,0.0,0.0,0.0,0.0,0.0,0.0,0.0,0.0
1193,1996-07-26,SZSE:000768,0.0,0.0,0.0,0.0,0.0,0.0,0.0,0.0,0.0,0.0,0.0,0.0,0.0,0.0,0.0,0.0,0.0,0,0.0,0.0,0.0,0.0,0.0,0.0,0.0,0.0,1,39951.0,2.2,0.0,0.0,0.0,0.0,0.0,0.0,0.0,0.0
1194,1996-07-29,SZSE:000768,0.0,0.0,0.0,0.0,0.0,0.0,0.0,0.0,0.0,0.0,0.0,0.0,0.0,0.0,0.0,0.0,0.0,0,0.0,0.0,0.0,0.0,0.0,0.0,0.0,0.0,1,39951.0,2.2,0.0,0.0,0.0,0.0,0.0,0.0,0.0,0.0
1195,1996-07-30,SZSE:000768,0.0,0.0,0.0,0.0,0.0,0.0,0.0,0.0,0.0,0.0,0.0,0.0,0.0,0.0,0.0,0.0,0.0,0,0.0,0.0,0.0,0.0,0.0,0.0,0.0,0.0,1,39951.0,2.2,0.0,0.0,0.0,0.0,0.0,0.0,0.0,0.0
1196,1996-07-31,SZSE:000768,0.0,0.0,0.0,0.0,0.0,0.0,0.0,0.0,0.0,0.0,0.0,0.0,0.0,0.0,0.0,0.0,0.0,0,0.0,0.0,0.0,0.0,0.0,0.0,0.0,0.0,1,39951.0,2.2,0.0,0.0,0.0,0.0,0.0,0.0,0.0,0.0
1197,1996-08-01,SZSE:000768,0.0,0.0,0.0,0.0,0.0,0.0,0.0,0.0,0.0,0.0,0.0,0.0,0.0,0.0,0.0,0.0,0.0,0,0.0,0.0,0.0,0.0,0.0,0.0,0.0,0.0,1,39951.0,2.2,0.0,0.0,0.0,0.0,0.0,0.0,0.0,0.0
1198,1996-08-02,SZSE:000768,0.0,0.0,0.0,0.0,0.0,0.0,0.0,0.0,0.0,0.0,0.0,0.0,0.0,0.0,0.0,0.0,0.0,0,0.0,0.0,0.0,0.0,0.0,0.0,0.0,0.0,1,39951.0,2.2,0.0,0.0,0.0,0.0,0.0,0.0,0.0,0.0
1199,1996-08-05,SZSE:000768,0.0,0.0,0.0,0.0,0.0,0.0,0.0,0.0,0.0,0.0,0.0,0.0,0.0,0.0,0.0,0.0,0.0,0,0.0,0.0,0.0,0.0,0.0,0.0,0.0,0.0,1,39951.0,2.2,0.0,0.0,0.0,0.0,0.0,0.0,0.0,0.0
1200,1996-08-06,SZSE:000768,0.0,0.0,0.0,0.0,0.0,0.0,0.0,0.0,0.0,0.0,0.0,0.0,0.0,0.0,0.0,0.0,0.0,0,0.0,0.0,0.0,0.0,0.0,0.0,0.0,0.0,1,39951.0,2.2,0.0,0.0,0.0,0.0,0.0,0.0,0.0,0.0
1201,1996-08-07,SZSE:000768,0.0,0.0,0.0,0.0,0.0,0.0,0.0,0.0,0.0,0.0,0.0,0.0,0.0,0.0,0.0,0.0,0.0,0,0.0,0.0,0.0,0.0,0.0,0.0,0.0,0.0,1,39951.0,2.2,0.0,0.0,0.0,0.0,0.0,0.0,0.0,0.0
1202,1996-08-08,SZSE:000768,0.0,0.0,0.0,0.0,0.0,0.0,0.0,0.0,0.0,0.0,0.0,0.0,0.0,0.0,0.0,0.0,0.0,0,0.0,0.0,0.0,0.0,0.0,0.0,0.0,0.0,1,39951.0,2.2,0.0,0.0,0.0,0.0,0.0,0.0,0.0,0.0
1203,1996-08-09,SZSE:000768,0.0,0.0,0.0,0.0,0.0,0.0,0.0,0.0,0.0,0.0,0.0,0.0,0.0,0.0,0.0,0.0,0.0,0,0.0,0.0,0.0,0.0,0.0,0.0,0.0,0.0,1,39951.0,2.2,0.0,0.0,0.0,0.0,0.0,0.0,0.0,0.0
1204,1996-08-12,SZSE:000768,0.0,0.0,0.0,0.0,0.0,0.0,0.0,0.0,0.0,0.0,0.0,0.0,0.0,0.0,0.0,0.0,0.0,0,0.0,0.0,0.0,0.0,0.0,0.0,0.0,0.0,1,39951.0,2.2,0.0,0.0,0.0,0.0,0.0,0.0,0.0,0.0
1205,1996-08-13,SZSE:000768,0.0,0.0,0.0,0.0,0.0,0.0,0.0,0.0,0.0,0.0,0.0,0.0,0.0,0.0,0.0,0.0,0.0,0,0.0,0.0,0.0,0.0,0.0,0.0,0.0,0.0,1,39951.0,2.2,0.0,0.0,0.0,0.0,0.0,0.0,0.0,0.0
1206,1996-08-14,SZSE:000768,0.0,0.0,0.0,0.0,0.0,0.0,0.0,0.0,0.0,0.0,0.0,0.0,0.0,0.0,0.0,0.0,0.0,0,0.0,0.0,0.0,0.0,0.0,0.0,0.0,0.0,1,39951.0,2.2,0.0,0.0,0.0,0.0,0.0,0.0,0.0,0.0
1207,1996-08-15,SZSE:000768,0.0,0.0,0.0,0.0,0.0,0.0,0.0,0.0,0.0,0.0,0.0,0.0,0.0,0.0,0.0,0.0,0.0,0,0.0,0.0,0.0,0.0,0.0,0.0,0.0,0.0,1,39951.0,2.2,0.0,0.0,0.0,0.0,0.0,0.0,0.0,0.0
1208,1996-08-16,SZSE:000768,0.0,0.0,0.0,0.0,0.0,0.0,0.0,0.0,0.0,0.0,0.0,0.0,0.0,0.0,0.0,0.0,0.0,0,0.0,0.0,0.0,0.0,0.0,0.0,0.0,0.0,1,39951.0,2.2,0.0,0.0,0.0,0.0,0.0,0.0,0.0,0.0
1209,1996-08-19,SZSE:000768,0.0,0.0,0.0,0.0,0.0,0.0,0.0,0.0,0.0,0.0,0.0,0.0,0.0,0.0,0.0,0.0,0.0,0,0.0,0.0,0.0,0.0,0.0,0.0,0.0,0.0,1,39951.0,2.2,0.0,0.0,0.0,0.0,0.0,0.0,0.0,0.0
1210,1996-08-20,SZSE:000768,0.0,0.0,0.0,0.0,0.0,0.0,0.0,0.0,0.0,0.0,0.0,0.0,0.0,0.0,0.0,0.0,0.0,0,0.0,0.0,0.0,0.0,0.0,0.0,0.0,0.0,1,39951.0,2.2,0.0,0.0,0.0,0.0,0.0,0.0,0.0,0.0
1211,1996-08-21,SZSE:000768,0.0,0.0,0.0,0.0,0.0,0.0,0.0,0.0,0.0,0.0,0.0,0.0,0.0,0.0,0.0,0.0,0.0,0,0.0,0.0,0.0,0.0,0.0,0.0,0.0,0.0,1,39951.0,2.2,0.0,0.0,0.0,0.0,0.0,0.0,0.0,0.0
1212,1996-08-22,SZSE:000768,0.0,0.0,0.0,0.0,0.0,0.0,0.0,0.0,0.0,0.0,0.0,0.0,0.0,0.0,0.0,0.0,0.0,0,0.0,0.0,0.0,0.0,0.0,0.0,0.0,0.0,1,39951.0,2.2,0.0,0.0,0.0,0.0,0.0,0.0,0.0,0.0
1213,1996-08-23,SZSE:000768,0.0,0.0,0.0,0.0,0.0,0.0,0.0,0.0,0.0,0.0,0.0,0.0,0.0,0.0,0.0,0.0,0.0,0,0.0,0.0,0.0,0.0,0.0,0.0,0.0,0.0,1,39951.0,2.2,0.0,0.0,0.0,0.0,0.0,0.0,0.0,0.0
1214,1996-08-26,SZSE:000768,0.0,0.0,0.0,0.0,0.0,0.0,0.0,0.0,0.0,0.0,0.0,0.0,0.0,0.0,0.0,0.0,0.0,0,0.0,0.0,0.0,0.0,0.0,0.0,0.0,0.0,1,39951.0,2.2,0.0,0.0,0.0,0.0,0.0,0.0,0.0,0.0
1215,1996-08-27,SZSE:000768,0.0,0.0,0.0,0.0,0.0,0.0,0.0,0.0,0.0,0.0,0.0,0.0,0.0,0.0,0.0,0.0,0.0,0,0.0,0.0,0.0,0.0,0.0,0.0,0.0,0.0,1,39951.0,2.2,0.0,0.0,0.0,0.0,0.0,0.0,0.0,0.0
1216,1996-08-28,SZSE:000768,0.0,0.0,0.0,0.0,0.0,0.0,0.0,0.0,0.0,0.0,0.0,0.0,0.0,0.0,0.0,0.0,0.0,0,0.0,0.0,0.0,0.0,0.0,0.0,0.0,0.0,1,39951.0,2.2,0.0,0.0,0.0,0.0,0.0,0.0,0.0,0.0
1217,1996-08-29,SZSE:000768,0.0,0.0,0.0,0.0,0.0,0.0,0.0,0.0,0.0,0.0,0.0,0.0,0.0,0.0,0.0,0.0,0.0,0,0.0,0.0,0.0,0.0,0.0,0.0,0.0,0.0,1,39951.0,2.2,0.0,0.0,0.0,0.0,0.0,0.0,0.0,0.0
1218,1996-08-30,SZSE:000768,0.0,0.0,0.0,0.0,0.0,0.0,0.0,0.0,0.0,0.0,0.0,0.0,0.0,0.0,0.0,0.0,0.0,0,0.0,0.0,0.0,0.0,0.0,0.0,0.0,0.0,1,39951.0,2.2,0.0,0.0,0.0,0.0,0.0,0.0,0.0,0.0
1219,1996-09-02,SZSE:000768,0.0,0.0,0.0,0.0,0.0,0.0,0.0,0.0,0.0,0.0,0.0,0.0,0.0,0.0,0.0,0.0,0.0,0,0.0,0.0,0.0,0.0,0.0,0.0,0.0,0.0,1,39951.0,2.2,0.0,0.0,0.0,0.0,0.0,0.0,0.0,0.0
1220,1996-09-03,SZSE:000768,0.0,0.0,0.0,0.0,0.0,0.0,0.0,0.0,0.0,0.0,0.0,0.0,0.0,0.0,0.0,0.0,0.0,0,0.0,0.0,0.0,0.0,0.0,0.0,0.0,0.0,1,39951.0,2.2,0.0,0.0,0.0,0.0,0.0,0.0,0.0,0.0
1221,1996-09-04,SZSE:000768,0.0,0.0,0.0,0.0,0.0,0.0,0.0,0.0,0.0,0.0,0.0,0.0,0.0,0.0,0.0,0.0,0.0,0,0.0,0.0,0.0,0.0,0.0,0.0,0.0,0.0,1,39951.0,2.2,0.0,0.0,0.0,0.0,0.0,0.0,0.0,0.0
1222,1996-09-05,SZSE:000768,0.0,0.0,0.0,0.0,0.0,0.0,0.0,0.0,0.0,0.0,0.0,0.0,0.0,0.0,0.0,0.0,0.0,0,0.0,0.0,0.0,0.0,0.0,0.0,0.0,0.0,1,39951.0,2.2,0.0,0.0,0.0,0.0,0.0,0.0,0.0,0.0
1223,1996-09-06,SZSE:000768,0.0,0.0,0.0,0.0,0.0,0.0,0.0,0.0,0.0,0.0,0.0,0.0,0.0,0.0,0.0,0.0,0.0,0,0.0,0.0,0.0,0.0,0.0,0.0,0.0,0.0,1,39951.0,2.2,0.0,0.0,0.0,0.0,0.0,0.0,0.0,0.0
1224,1996-09-09,SZSE:000768,0.0,0.0,0.0,0.0,0.0,0.0,0.0,0.0,0.0,0.0,0.0,0.0,0.0,0.0,0.0,0.0,0.0,0,0.0,0.0,0.0,0.0,0.0,0.0,0.0,0.0,1,39951.0,2.2,0.0,0.0,0.0,0.0,0.0,0.0,0.0,0.0
1225,1996-09-10,SZSE:000768,0.0,0.0,0.0,0.0,0.0,0.0,0.0,0.0,0.0,0.0,0.0,0.0,0.0,0.0,0.0,0.0,0.0,0,0.0,0.0,0.0,0.0,0.0,0.0,0.0,0.0,1,39951.0,2.2,0.0,0.0,0.0,0.0,0.0,0.0,0.0,0.0
1226,1996-09-11,SZSE:000768,0.0,0.0,0.0,0.0,0.0,0.0,0.0,0.0,0.0,0.0,0.0,0.0,0.0,0.0,0.0,0.0,0.0,0,0.0,0.0,0.0,0.0,0.0,0.0,0.0,0.0,1,39951.0,2.2,0.0,0.0,0.0,0.0,0.0,0.0,0.0,0.0
1227,1996-09-12,SZSE:000768,0.0,0.0,0.0,0.0,0.0,0.0,0.0,0.0,0.0,0.0,0.0,0.0,0.0,0.0,0.0,0.0,0.0,0,0.0,0.0,0.0,0.0,0.0,0.0,0.0,0.0,1,39951.0,2.2,0.0,0.0,0.0,0.0,0.0,0.0,0.0,0.0
1228,1996-09-13,SZSE:000768,0.0,0.0,0.0,0.0,0.0,0.0,0.0,0.0,0.0,0.0,0.0,0.0,0.0,0.0,0.0,0.0,0.0,0,0.0,0.0,0.0,0.0,0.0,0.0,0.0,0.0,1,39951.0,2.2,0.0,0.0,0.0,0.0,0.0,0.0,0.0,0.0
1229,1996-09-16,SZSE:000768,0.0,0.0,0.0,0.0,0.0,0.0,0.0,0.0,0.0,0.0,0.0,0.0,0.0,0.0,0.0,0.0,0.0,0,0.0,0.0,0.0,0.0,0.0,0.0,0.0,0.0,1,39951.0,2.2,0.0,0.0,0.0,0.0,0.0,0.0,0.0,0.0
1230,1996-09-17,SZSE:000768,0.0,0.0,0.0,0.0,0.0,0.0,0.0,0.0,0.0,0.0,0.0,0.0,0.0,0.0,0.0,0.0,0.0,0,0.0,0.0,0.0,0.0,0.0,0.0,0.0,0.0,1,39951.0,2.2,0.0,0.0,0.0,0.0,0.0,0.0,0.0,0.0
1231,1996-09-18,SZSE:000768,0.0,0.0,0.0,0.0,0.0,0.0,0.0,0.0,0.0,0.0,0.0,0.0,0.0,0.0,0.0,0.0,0.0,0,0.0,0.0,0.0,0.0,0.0,0.0,0.0,0.0,1,39951.0,2.2,0.0,0.0,0.0,0.0,0.0,0.0,0.0,0.0
1232,1996-09-19,SZSE:000768,0.0,0.0,0.0,0.0,0.0,0.0,0.0,0.0,0.0,0.0,0.0,0.0,0.0,0.0,0.0,0.0,0.0,0,0.0,0.0,0.0,0.0,0.0,0.0,0.0,0.0,1,39951.0,2.2,0.0,0.0,0.0,0.0,0.0,0.0,0.0,0.0
1233,1996-09-20,SZSE:000768,0.0,0.0,0.0,0.0,0.0,0.0,0.0,0.0,0.0,0.0,0.0,0.0,0.0,0.0,0.0,0.0,0.0,0,0.0,0.0,0.0,0.0,0.0,0.0,0.0,0.0,1,39951.0,2.2,0.0,0.0,0.0,0.0,0.0,0.0,0.0,0.0
1234,1996-09-23,SZSE:000768,0.0,0.0,0.0,0.0,0.0,0.0,0.0,0.0,0.0,0.0,0.0,0.0,0.0,0.0,0.0,0.0,0.0,0,0.0,0.0,0.0,0.0,0.0,0.0,0.0,0.0,1,39951.0,2.2,0.0,0.0,0.0,0.0,0.0,0.0,0.0,0.0
1235,1996-09-24,SZSE:000768,0.0,0.0,0.0,0.0,0.0,0.0,0.0,0.0,0.0,0.0,0.0,0.0,0.0,0.0,0.0,0.0,0.0,0,0.0,0.0,0.0,0.0,0.0,0.0,0.0,0.0,1,39951.0,2.2,0.0,0.0,0.0,0.0,0.0,0.0,0.0,0.0
1236,1996-09-25,SZSE:000768,0.0,0.0,0.0,0.0,0.0,0.0,0.0,0.0,0.0,0.0,0.0,0.0,0.0,0.0,0.0,0.0,0.0,0,0.0,0.0,0.0,0.0,0.0,0.0,0.0,0.0,1,39951.0,2.2,0.0,0.0,0.0,0.0,0.0,0.0,0.0,0.0
1237,1996-09-26,SZSE:000768,0.0,0.0,0.0,0.0,0.0,0.0,0.0,0.0,0.0,0.0,0.0,0.0,0.0,0.0,0.0,0.0,0.0,0,0.0,0.0,0.0,0.0,0.0,0.0,0.0,0.0,1,39951.0,2.2,0.0,0.0,0.0,0.0,0.0,0.0,0.0,0.0
1238,1996-09-27,SZSE:000768,0.0,0.0,0.0,0.0,0.0,0.0,0.0,0.0,0.0,0.0,0.0,0.0,0.0,0.0,0.0,0.0,0.0,0,0.0,0.0,0.0,0.0,0.0,0.0,0.0,0.0,1,39951.0,2.2,0.0,0.0,0.0,0.0,0.0,0.0,0.0,0.0
1239,1996-09-30,SZSE:000768,0.0,0.0,0.0,0.0,0.0,0.0,0.0,0.0,0.0,0.0,0.0,0.0,0.0,0.0,0.0,0.0,0.0,0,0.0,0.0,0.0,0.0,0.0,0.0,0.0,0.0,1,39951.0,2.2,0.0,0.0,0.0,0.0,0.0,0.0,0.0,0.0
1240,1996-10-01,SZSE:000768,0.0,0.0,0.0,0.0,0.0,0.0,0.0,0.0,0.0,0.0,0.0,0.0,0.0,0.0,0.0,0.0,0.0,0,0.0,0.0,0.0,0.0,0.0,0.0,0.0,0.0,1,39951.0,2.2,0.0,0.0,0.0,0.0,0.0,0.0,0.0,0.0
1241,1996-10-02,SZSE:000768,0.0,0.0,0.0,0.0,0.0,0.0,0.0,0.0,0.0,0.0,0.0,0.0,0.0,0.0,0.0,0.0,0.0,0,0.0,0.0,0.0,0.0,0.0,0.0,0.0,0.0,1,39951.0,2.2,0.0,0.0,0.0,0.0,0.0,0.0,0.0,0.0
1242,1996-10-03,SZSE:000768,0.0,0.0,0.0,0.0,0.0,0.0,0.0,0.0,0.0,0.0,0.0,0.0,0.0,0.0,0.0,0.0,0.0,0,0.0,0.0,0.0,0.0,0.0,0.0,0.0,0.0,1,39951.0,2.2,0.0,0.0,0.0,0.0,0.0,0.0,0.0,0.0
1243,1996-10-04,SZSE:000768,0.0,0.0,0.0,0.0,0.0,0.0,0.0,0.0,0.0,0.0,0.0,0.0,0.0,0.0,0.0,0.0,0.0,0,0.0,0.0,0.0,0.0,0.0,0.0,0.0,0.0,1,39951.0,2.2,0.0,0.0,0.0,0.0,0.0,0.0,0.0,0.0
1244,1996-10-07,SZSE:000768,0.0,0.0,0.0,0.0,0.0,0.0,0.0,0.0,0.0,0.0,0.0,0.0,0.0,0.0,0.0,0.0,0.0,0,0.0,0.0,0.0,0.0,0.0,0.0,0.0,0.0,1,39951.0,2.2,0.0,0.0,0.0,0.0,0.0,0.0,0.0,0.0
1245,1996-10-08,SZSE:000768,0.0,0.0,0.0,0.0,0.0,0.0,0.0,0.0,0.0,0.0,0.0,0.0,0.0,0.0,0.0,0.0,0.0,0,0.0,0.0,0.0,0.0,0.0,0.0,0.0,0.0,1,39951.0,2.2,0.0,0.0,0.0,0.0,0.0,0.0,0.0,0.0
1246,1996-10-09,SZSE:000768,0.0,0.0,0.0,0.0,0.0,0.0,0.0,0.0,0.0,0.0,0.0,0.0,0.0,0.0,0.0,0.0,0.0,0,0.0,0.0,0.0,0.0,0.0,0.0,0.0,0.0,1,39951.0,2.2,0.0,0.0,0.0,0.0,0.0,0.0,0.0,0.0
1247,1996-10-10,SZSE:000768,0.0,0.0,0.0,0.0,0.0,0.0,0.0,0.0,0.0,0.0,0.0,0.0,0.0,0.0,0.0,0.0,0.0,0,0.0,0.0,0.0,0.0,0.0,0.0,0.0,0.0,1,39951.0,2.2,0.0,0.0,0.0,0.0,0.0,0.0,0.0,0.0
1248,1996-10-11,SZSE:000768,0.0,0.0,0.0,0.0,0.0,0.0,0.0,0.0,0.0,0.0,0.0,0.0,0.0,0.0,0.0,0.0,0.0,0,0.0,0.0,0.0,0.0,0.0,0.0,0.0,0.0,1,39951.0,2.2,0.0,0.0,0.0,0.0,0.0,0.0,0.0,0.0
1249,1996-10-14,SZSE:000768,0.0,0.0,0.0,0.0,0.0,0.0,0.0,0.0,0.0,0.0,0.0,0.0,0.0,0.0,0.0,0.0,0.0,0,0.0,0.0,0.0,0.0,0.0,0.0,0.0,0.0,1,39951.0,2.2,0.0,0.0,0.0,0.0,0.0,0.0,0.0,0.0
1250,1996-10-15,SZSE:000768,0.0,0.0,0.0,0.0,0.0,0.0,0.0,0.0,0.0,0.0,0.0,0.0,0.0,0.0,0.0,0.0,0.0,0,0.0,0.0,0.0,0.0,0.0,0.0,0.0,0.0,1,39951.0,2.2,0.0,0.0,0.0,0.0,0.0,0.0,0.0,0.0
1251,1996-10-16,SZSE:000768,0.0,0.0,0.0,0.0,0.0,0.0,0.0,0.0,0.0,0.0,0.0,0.0,0.0,0.0,0.0,0.0,0.0,0,0.0,0.0,0.0,0.0,0.0,0.0,0.0,0.0,1,39951.0,2.2,0.0,0.0,0.0,0.0,0.0,0.0,0.0,0.0
1252,1996-10-17,SZSE:000768,0.0,0.0,0.0,0.0,0.0,0.0,0.0,0.0,0.0,0.0,0.0,0.0,0.0,0.0,0.0,0.0,0.0,0,0.0,0.0,0.0,0.0,0.0,0.0,0.0,0.0,1,39951.0,2.2,0.0,0.0,0.0,0.0,0.0,0.0,0.0,0.0
1253,1996-10-18,SZSE:000768,0.0,0.0,0.0,0.0,0.0,0.0,0.0,0.0,0.0,0.0,0.0,0.0,0.0,0.0,0.0,0.0,0.0,0,0.0,0.0,0.0,0.0,0.0,0.0,0.0,0.0,1,39951.0,2.2,0.0,0.0,0.0,0.0,0.0,0.0,0.0,0.0
1254,1996-10-21,SZSE:000768,0.0,0.0,0.0,0.0,0.0,0.0,0.0,0.0,0.0,0.0,0.0,0.0,0.0,0.0,0.0,0.0,0.0,0,0.0,0.0,0.0,0.0,0.0,0.0,0.0,0.0,1,39951.0,2.2,0.0,0.0,0.0,0.0,0.0,0.0,0.0,0.0
1255,1996-10-22,SZSE:000768,0.0,0.0,0.0,0.0,0.0,0.0,0.0,0.0,0.0,0.0,0.0,0.0,0.0,0.0,0.0,0.0,0.0,0,0.0,0.0,0.0,0.0,0.0,0.0,0.0,0.0,1,39951.0,2.2,0.0,0.0,0.0,0.0,0.0,0.0,0.0,0.0
1256,1996-10-23,SZSE:000768,0.0,0.0,0.0,0.0,0.0,0.0,0.0,0.0,0.0,0.0,0.0,0.0,0.0,0.0,0.0,0.0,0.0,0,0.0,0.0,0.0,0.0,0.0,0.0,0.0,0.0,1,39951.0,2.2,0.0,0.0,0.0,0.0,0.0,0.0,0.0,0.0
1257,1996-10-24,SZSE:000768,0.0,0.0,0.0,0.0,0.0,0.0,0.0,0.0,0.0,0.0,0.0,0.0,0.0,0.0,0.0,0.0,0.0,0,0.0,0.0,0.0,0.0,0.0,0.0,0.0,0.0,1,39951.0,2.2,0.0,0.0,0.0,0.0,0.0,0.0,0.0,0.0
1258,1996-10-25,SZSE:000768,0.0,0.0,0.0,0.0,0.0,0.0,0.0,0.0,0.0,0.0,0.0,0.0,0.0,0.0,0.0,0.0,0.0,0,0.0,0.0,0.0,0.0,0.0,0.0,0.0,0.0,1,39951.0,2.2,0.0,0.0,0.0,0.0,0.0,0.0,0.0,0.0
1259,1996-10-28,SZSE:000768,0.0,0.0,0.0,0.0,0.0,0.0,0.0,0.0,0.0,0.0,0.0,0.0,0.0,0.0,0.0,0.0,0.0,0,0.0,0.0,0.0,0.0,0.0,0.0,0.0,0.0,1,39951.0,2.2,0.0,0.0,0.0,0.0,0.0,0.0,0.0,0.0
1260,1996-10-29,SZSE:000768,0.0,0.0,0.0,0.0,0.0,0.0,0.0,0.0,0.0,0.0,0.0,0.0,0.0,0.0,0.0,0.0,0.0,0,0.0,0.0,0.0,0.0,0.0,0.0,0.0,0.0,1,39951.0,2.2,0.0,0.0,0.0,0.0,0.0,0.0,0.0,0.0
1261,1996-10-30,SZSE:000768,0.0,0.0,0.0,0.0,0.0,0.0,0.0,0.0,0.0,0.0,0.0,0.0,0.0,0.0,0.0,0.0,0.0,0,0.0,0.0,0.0,0.0,0.0,0.0,0.0,0.0,1,39951.0,2.2,0.0,0.0,0.0,0.0,0.0,0.0,0.0,0.0
1262,1996-10-31,SZSE:000768,0.0,0.0,0.0,0.0,0.0,0.0,0.0,0.0,0.0,0.0,0.0,0.0,0.0,0.0,0.0,0.0,0.0,0,0.0,0.0,0.0,0.0,0.0,0.0,0.0,0.0,1,39951.0,2.2,0.0,0.0,0.0,0.0,0.0,0.0,0.0,0.0
1263,1996-11-01,SZSE:000768,0.0,0.0,0.0,0.0,0.0,0.0,0.0,0.0,0.0,0.0,0.0,0.0,0.0,0.0,0.0,0.0,0.0,0,0.0,0.0,0.0,0.0,0.0,0.0,0.0,0.0,1,39951.0,2.2,0.0,0.0,0.0,0.0,0.0,0.0,0.0,0.0
1264,1996-11-04,SZSE:000768,0.0,0.0,0.0,0.0,0.0,0.0,0.0,0.0,0.0,0.0,0.0,0.0,0.0,0.0,0.0,0.0,0.0,0,0.0,0.0,0.0,0.0,0.0,0.0,0.0,0.0,1,39951.0,2.2,0.0,0.0,0.0,0.0,0.0,0.0,0.0,0.0
1265,1996-11-05,SZSE:000768,0.0,0.0,0.0,0.0,0.0,0.0,0.0,0.0,0.0,0.0,0.0,0.0,0.0,0.0,0.0,0.0,0.0,0,0.0,0.0,0.0,0.0,0.0,0.0,0.0,0.0,1,39951.0,2.2,0.0,0.0,0.0,0.0,0.0,0.0,0.0,0.0
1266,1996-11-06,SZSE:000768,0.0,0.0,0.0,0.0,0.0,0.0,0.0,0.0,0.0,0.0,0.0,0.0,0.0,0.0,0.0,0.0,0.0,0,0.0,0.0,0.0,0.0,0.0,0.0,0.0,0.0,1,39951.0,2.2,0.0,0.0,0.0,0.0,0.0,0.0,0.0,0.0
1267,1996-11-07,SZSE:000768,0.0,0.0,0.0,0.0,0.0,0.0,0.0,0.0,0.0,0.0,0.0,0.0,0.0,0.0,0.0,0.0,0.0,0,0.0,0.0,0.0,0.0,0.0,0.0,0.0,0.0,1,39951.0,2.2,0.0,0.0,0.0,0.0,0.0,0.0,0.0,0.0
1268,1996-11-08,SZSE:000768,0.0,0.0,0.0,0.0,0.0,0.0,0.0,0.0,0.0,0.0,0.0,0.0,0.0,0.0,0.0,0.0,0.0,0,0.0,0.0,0.0,0.0,0.0,0.0,0.0,0.0,1,39951.0,2.2,0.0,0.0,0.0,0.0,0.0,0.0,0.0,0.0
1269,1996-11-11,SZSE:000768,0.0,0.0,0.0,0.0,0.0,0.0,0.0,0.0,0.0,0.0,0.0,0.0,0.0,0.0,0.0,0.0,0.0,0,0.0,0.0,0.0,0.0,0.0,0.0,0.0,0.0,1,39951.0,2.2,0.0,0.0,0.0,0.0,0.0,0.0,0.0,0.0
1270,1996-11-12,SZSE:000768,0.0,0.0,0.0,0.0,0.0,0.0,0.0,0.0,0.0,0.0,0.0,0.0,0.0,0.0,0.0,0.0,0.0,0,0.0,0.0,0.0,0.0,0.0,0.0,0.0,0.0,1,39951.0,2.2,0.0,0.0,0.0,0.0,0.0,0.0,0.0,0.0
1271,1996-11-13,SZSE:000768,0.0,0.0,0.0,0.0,0.0,0.0,0.0,0.0,0.0,0.0,0.0,0.0,0.0,0.0,0.0,0.0,0.0,0,0.0,0.0,0.0,0.0,0.0,0.0,0.0,0.0,1,39951.0,2.2,0.0,0.0,0.0,0.0,0.0,0.0,0.0,0.0
1272,1996-11-14,SZSE:000768,0.0,0.0,0.0,0.0,0.0,0.0,0.0,0.0,0.0,0.0,0.0,0.0,0.0,0.0,0.0,0.0,0.0,0,0.0,0.0,0.0,0.0,0.0,0.0,0.0,0.0,1,39951.0,2.2,0.0,0.0,0.0,0.0,0.0,0.0,0.0,0.0
1273,1996-11-15,SZSE:000768,0.0,0.0,0.0,0.0,0.0,0.0,0.0,0.0,0.0,0.0,0.0,0.0,0.0,0.0,0.0,0.0,0.0,0,0.0,0.0,0.0,0.0,0.0,0.0,0.0,0.0,1,39951.0,2.2,0.0,0.0,0.0,0.0,0.0,0.0,0.0,0.0
1274,1996-11-18,SZSE:000768,0.0,0.0,0.0,0.0,0.0,0.0,0.0,0.0,0.0,0.0,0.0,0.0,0.0,0.0,0.0,0.0,0.0,0,0.0,0.0,0.0,0.0,0.0,0.0,0.0,0.0,1,39951.0,2.2,0.0,0.0,0.0,0.0,0.0,0.0,0.0,0.0
1275,1996-11-19,SZSE:000768,0.0,0.0,0.0,0.0,0.0,0.0,0.0,0.0,0.0,0.0,0.0,0.0,0.0,0.0,0.0,0.0,0.0,0,0.0,0.0,0.0,0.0,0.0,0.0,0.0,0.0,1,39951.0,2.2,0.0,0.0,0.0,0.0,0.0,0.0,0.0,0.0
1276,1996-11-20,SZSE:000768,0.0,0.0,0.0,0.0,0.0,0.0,0.0,0.0,0.0,0.0,0.0,0.0,0.0,0.0,0.0,0.0,0.0,0,0.0,0.0,0.0,0.0,0.0,0.0,0.0,0.0,1,39951.0,2.2,0.0,0.0,0.0,0.0,0.0,0.0,0.0,0.0
1277,1996-11-21,SZSE:000768,0.0,0.0,0.0,0.0,0.0,0.0,0.0,0.0,0.0,0.0,0.0,0.0,0.0,0.0,0.0,0.0,0.0,0,0.0,0.0,0.0,0.0,0.0,0.0,0.0,0.0,1,39951.0,2.2,0.0,0.0,0.0,0.0,0.0,0.0,0.0,0.0
1278,1996-11-22,SZSE:000768,0.0,0.0,0.0,0.0,0.0,0.0,0.0,0.0,0.0,0.0,0.0,0.0,0.0,0.0,0.0,0.0,0.0,0,0.0,0.0,0.0,0.0,0.0,0.0,0.0,0.0,1,39951.0,2.2,0.0,0.0,0.0,0.0,0.0,0.0,0.0,0.0
1279,1996-11-25,SZSE:000768,0.0,0.0,0.0,0.0,0.0,0.0,0.0,0.0,0.0,0.0,0.0,0.0,0.0,0.0,0.0,0.0,0.0,0,0.0,0.0,0.0,0.0,0.0,0.0,0.0,0.0,1,39951.0,2.2,0.0,0.0,0.0,0.0,0.0,0.0,0.0,0.0
1280,1996-11-26,SZSE:000768,0.0,0.0,0.0,0.0,0.0,0.0,0.0,0.0,0.0,0.0,0.0,0.0,0.0,0.0,0.0,0.0,0.0,0,0.0,0.0,0.0,0.0,0.0,0.0,0.0,0.0,1,39951.0,2.2,0.0,0.0,0.0,0.0,0.0,0.0,0.0,0.0
1281,1996-11-27,SZSE:000768,0.0,0.0,0.0,0.0,0.0,0.0,0.0,0.0,0.0,0.0,0.0,0.0,0.0,0.0,0.0,0.0,0.0,0,0.0,0.0,0.0,0.0,0.0,0.0,0.0,0.0,1,39951.0,2.2,0.0,0.0,0.0,0.0,0.0,0.0,0.0,0.0
1282,1996-11-28,SZSE:000768,0.0,0.0,0.0,0.0,0.0,0.0,0.0,0.0,0.0,0.0,0.0,0.0,0.0,0.0,0.0,0.0,0.0,0,0.0,0.0,0.0,0.0,0.0,0.0,0.0,0.0,1,39951.0,2.2,0.0,0.0,0.0,0.0,0.0,0.0,0.0,0.0
1283,1996-11-29,SZSE:000768,0.0,0.0,0.0,0.0,0.0,0.0,0.0,0.0,0.0,0.0,0.0,0.0,0.0,0.0,0.0,0.0,0.0,0,0.0,0.0,0.0,0.0,0.0,0.0,0.0,0.0,1,39951.0,2.2,0.0,0.0,0.0,0.0,0.0,0.0,0.0,0.0
1284,1996-12-02,SZSE:000768,0.0,0.0,0.0,0.0,0.0,0.0,0.0,0.0,0.0,0.0,0.0,0.0,0.0,0.0,0.0,0.0,0.0,0,0.0,0.0,0.0,0.0,0.0,0.0,0.0,0.0,1,39951.0,2.2,0.0,0.0,0.0,0.0,0.0,0.0,0.0,0.0
1285,1996-12-03,SZSE:000768,0.0,0.0,0.0,0.0,0.0,0.0,0.0,0.0,0.0,0.0,0.0,0.0,0.0,0.0,0.0,0.0,0.0,0,0.0,0.0,0.0,0.0,0.0,0.0,0.0,0.0,1,39951.0,2.2,0.0,0.0,0.0,0.0,0.0,0.0,0.0,0.0
1286,1996-12-04,SZSE:000768,0.0,0.0,0.0,0.0,0.0,0.0,0.0,0.0,0.0,0.0,0.0,0.0,0.0,0.0,0.0,0.0,0.0,0,0.0,0.0,0.0,0.0,0.0,0.0,0.0,0.0,1,39951.0,2.2,0.0,0.0,0.0,0.0,0.0,0.0,0.0,0.0
1287,1996-12-05,SZSE:000768,0.0,0.0,0.0,0.0,0.0,0.0,0.0,0.0,0.0,0.0,0.0,0.0,0.0,0.0,0.0,0.0,0.0,0,0.0,0.0,0.0,0.0,0.0,0.0,0.0,0.0,1,39951.0,2.2,0.0,0.0,0.0,0.0,0.0,0.0,0.0,0.0
1288,1996-12-06,SZSE:000768,0.0,0.0,0.0,0.0,0.0,0.0,0.0,0.0,0.0,0.0,0.0,0.0,0.0,0.0,0.0,0.0,0.0,0,0.0,0.0,0.0,0.0,0.0,0.0,0.0,0.0,1,39951.0,2.2,0.0,0.0,0.0,0.0,0.0,0.0,0.0,0.0
1289,1996-12-09,SZSE:000768,0.0,0.0,0.0,0.0,0.0,0.0,0.0,0.0,0.0,0.0,0.0,0.0,0.0,0.0,0.0,0.0,0.0,0,0.0,0.0,0.0,0.0,0.0,0.0,0.0,0.0,1,39951.0,2.2,0.0,0.0,0.0,0.0,0.0,0.0,0.0,0.0
1290,1996-12-10,SZSE:000768,0.0,0.0,0.0,0.0,0.0,0.0,0.0,0.0,0.0,0.0,0.0,0.0,0.0,0.0,0.0,0.0,0.0,0,0.0,0.0,0.0,0.0,0.0,0.0,0.0,0.0,1,39951.0,2.2,0.0,0.0,0.0,0.0,0.0,0.0,0.0,0.0
1291,1996-12-11,SZSE:000768,0.0,0.0,0.0,0.0,0.0,0.0,0.0,0.0,0.0,0.0,0.0,0.0,0.0,0.0,0.0,0.0,0.0,0,0.0,0.0,0.0,0.0,0.0,0.0,0.0,0.0,1,39951.0,2.2,0.0,0.0,0.0,0.0,0.0,0.0,0.0,0.0
1292,1996-12-12,SZSE:000768,0.0,0.0,0.0,0.0,0.0,0.0,0.0,0.0,0.0,0.0,0.0,0.0,0.0,0.0,0.0,0.0,0.0,0,0.0,0.0,0.0,0.0,0.0,0.0,0.0,0.0,1,39951.0,2.2,0.0,0.0,0.0,0.0,0.0,0.0,0.0,0.0
1293,1996-12-13,SZSE:000768,0.0,0.0,0.0,0.0,0.0,0.0,0.0,0.0,0.0,0.0,0.0,0.0,0.0,0.0,0.0,0.0,0.0,0,0.0,0.0,0.0,0.0,0.0,0.0,0.0,0.0,1,39951.0,2.2,0.0,0.0,0.0,0.0,0.0,0.0,0.0,0.0
1294,1996-12-16,SZSE:000768,0.0,0.0,0.0,0.0,0.0,0.0,0.0,0.0,0.0,0.0,0.0,0.0,0.0,0.0,0.0,0.0,0.0,0,0.0,0.0,0.0,0.0,0.0,0.0,0.0,0.0,1,39951.0,2.2,0.0,0.0,0.0,0.0,0.0,0.0,0.0,0.0
1295,1996-12-17,SZSE:000768,0.0,0.0,0.0,0.0,0.0,0.0,0.0,0.0,0.0,0.0,0.0,0.0,0.0,0.0,0.0,0.0,0.0,0,0.0,0.0,0.0,0.0,0.0,0.0,0.0,0.0,1,39951.0,2.2,0.0,0.0,0.0,0.0,0.0,0.0,0.0,0.0
1296,1996-12-18,SZSE:000768,0.0,0.0,0.0,0.0,0.0,0.0,0.0,0.0,0.0,0.0,0.0,0.0,0.0,0.0,0.0,0.0,0.0,0,0.0,0.0,0.0,0.0,0.0,0.0,0.0,0.0,1,39951.0,2.2,0.0,0.0,0.0,0.0,0.0,0.0,0.0,0.0
1297,1996-12-19,SZSE:000768,0.0,0.0,0.0,0.0,0.0,0.0,0.0,0.0,0.0,0.0,0.0,0.0,0.0,0.0,0.0,0.0,0.0,0,0.0,0.0,0.0,0.0,0.0,0.0,0.0,0.0,1,39951.0,2.2,0.0,0.0,0.0,0.0,0.0,0.0,0.0,0.0
1298,1996-12-20,SZSE:000768,0.0,0.0,0.0,0.0,0.0,0.0,0.0,0.0,0.0,0.0,0.0,0.0,0.0,0.0,0.0,0.0,0.0,0,0.0,0.0,0.0,0.0,0.0,0.0,0.0,0.0,1,39951.0,2.2,0.0,0.0,0.0,0.0,0.0,0.0,0.0,0.0
1299,1996-12-23,SZSE:000768,0.0,0.0,0.0,0.0,0.0,0.0,0.0,0.0,0.0,0.0,0.0,0.0,0.0,0.0,0.0,0.0,0.0,0,0.0,0.0,0.0,0.0,0.0,0.0,0.0,0.0,1,39951.0,2.2,0.0,0.0,0.0,0.0,0.0,0.0,0.0,0.0
1300,1996-12-24,SZSE:000768,0.0,0.0,0.0,0.0,0.0,0.0,0.0,0.0,0.0,0.0,0.0,0.0,0.0,0.0,0.0,0.0,0.0,0,0.0,0.0,0.0,0.0,0.0,0.0,0.0,0.0,1,39951.0,2.2,0.0,0.0,0.0,0.0,0.0,0.0,0.0,0.0
1301,1996-12-25,SZSE:000768,0.0,0.0,0.0,0.0,0.0,0.0,0.0,0.0,0.0,0.0,0.0,0.0,0.0,0.0,0.0,0.0,0.0,0,0.0,0.0,0.0,0.0,0.0,0.0,0.0,0.0,1,39951.0,2.2,0.0,0.0,0.0,0.0,0.0,0.0,0.0,0.0
1302,1996-12-26,SZSE:000768,0.0,0.0,0.0,0.0,0.0,0.0,0.0,0.0,0.0,0.0,0.0,0.0,0.0,0.0,0.0,0.0,0.0,0,0.0,0.0,0.0,0.0,0.0,0.0,0.0,0.0,1,39951.0,2.2,0.0,0.0,0.0,0.0,0.0,0.0,0.0,0.0
1303,1996-12-27,SZSE:000768,0.0,0.0,0.0,0.0,0.0,0.0,0.0,0.0,0.0,0.0,0.0,0.0,0.0,0.0,0.0,0.0,0.0,0,0.0,0.0,0.0,0.0,0.0,0.0,0.0,0.0,1,39951.0,2.2,0.0,0.0,0.0,0.0,0.0,0.0,0.0,0.0
1304,1996-12-30,SZSE:000768,0.0,0.0,0.0,0.0,0.0,0.0,0.0,0.0,0.0,0.0,0.0,0.0,0.0,0.0,0.0,0.0,0.0,0,0.0,0.0,0.0,0.0,0.0,0.0,0.0,0.0,1,39951.0,2.2,0.0,0.0,0.0,0.0,0.0,0.0,0.0,0.0
1305,1996-12-31,SZSE:000768,0.0,0.0,0.0,0.0,0.0,0.0,0.0,0.0,0.0,0.0,0.0,0.0,0.0,0.0,0.0,0.0,0.0,0,0.0,0.0,0.0,0.0,0.0,0.0,0.0,0.0,1,39951.0,2.2,0.0,0.0,0.0,0.0,0.0,0.0,0.0,0.0
1306,1997-01-01,SZSE:000768,0.0,0.0,0.0,0.0,0.0,0.0,0.0,0.0,0.0,0.0,0.0,0.0,0.0,0.0,0.0,0.0,0.0,0,0.0,0.0,0.0,0.0,0.0,0.0,0.0,0.0,1,39951.0,2.2,0.0,0.0,0.0,0.0,0.0,0.0,0.0,0.0
1307,1997-01-02,SZSE:000768,0.0,0.0,0.0,0.0,0.0,0.0,0.0,0.0,0.0,0.0,0.0,0.0,0.0,0.0,0.0,0.0,0.0,0,0.0,0.0,0.0,0.0,0.0,0.0,0.0,0.0,1,39951.0,2.2,0.0,0.0,0.0,0.0,0.0,0.0,0.0,0.0
1308,1997-01-03,SZSE:000768,0.0,0.0,0.0,0.0,0.0,0.0,0.0,0.0,0.0,0.0,0.0,0.0,0.0,0.0,0.0,0.0,0.0,0,0.0,0.0,0.0,0.0,0.0,0.0,0.0,0.0,1,39951.0,2.2,0.0,0.0,0.0,0.0,0.0,0.0,0.0,0.0
1309,1997-01-06,SZSE:000768,0.0,0.0,0.0,0.0,0.0,0.0,0.0,0.0,0.0,0.0,0.0,0.0,0.0,0.0,0.0,0.0,0.0,0,0.0,0.0,0.0,0.0,0.0,0.0,0.0,0.0,1,39951.0,2.2,0.0,0.0,0.0,0.0,0.0,0.0,0.0,0.0
1310,1997-01-07,SZSE:000768,0.0,0.0,0.0,0.0,0.0,0.0,0.0,0.0,0.0,0.0,0.0,0.0,0.0,0.0,0.0,0.0,0.0,0,0.0,0.0,0.0,0.0,0.0,0.0,0.0,0.0,1,39951.0,2.2,0.0,0.0,0.0,0.0,0.0,0.0,0.0,0.0
1311,1997-01-08,SZSE:000768,0.0,0.0,0.0,0.0,0.0,0.0,0.0,0.0,0.0,0.0,0.0,0.0,0.0,0.0,0.0,0.0,0.0,0,0.0,0.0,0.0,0.0,0.0,0.0,0.0,0.0,1,39951.0,2.2,0.0,0.0,0.0,0.0,0.0,0.0,0.0,0.0
1312,1997-01-09,SZSE:000768,0.0,0.0,0.0,0.0,0.0,0.0,0.0,0.0,0.0,0.0,0.0,0.0,0.0,0.0,0.0,0.0,0.0,0,0.0,0.0,0.0,0.0,0.0,0.0,0.0,0.0,1,39951.0,2.2,0.0,0.0,0.0,0.0,0.0,0.0,0.0,0.0
1313,1997-01-10,SZSE:000768,0.0,0.0,0.0,0.0,0.0,0.0,0.0,0.0,0.0,0.0,0.0,0.0,0.0,0.0,0.0,0.0,0.0,0,0.0,0.0,0.0,0.0,0.0,0.0,0.0,0.0,1,39951.0,2.2,0.0,0.0,0.0,0.0,0.0,0.0,0.0,0.0
1314,1997-01-13,SZSE:000768,0.0,0.0,0.0,0.0,0.0,0.0,0.0,0.0,0.0,0.0,0.0,0.0,0.0,0.0,0.0,0.0,0.0,0,0.0,0.0,0.0,0.0,0.0,0.0,0.0,0.0,1,39951.0,2.2,0.0,0.0,0.0,0.0,0.0,0.0,0.0,0.0
1315,1997-01-14,SZSE:000768,0.0,0.0,0.0,0.0,0.0,0.0,0.0,0.0,0.0,0.0,0.0,0.0,0.0,0.0,0.0,0.0,0.0,0,0.0,0.0,0.0,0.0,0.0,0.0,0.0,0.0,1,39951.0,2.2,0.0,0.0,0.0,0.0,0.0,0.0,0.0,0.0
1316,1997-01-15,SZSE:000768,0.0,0.0,0.0,0.0,0.0,0.0,0.0,0.0,0.0,0.0,0.0,0.0,0.0,0.0,0.0,0.0,0.0,0,0.0,0.0,0.0,0.0,0.0,0.0,0.0,0.0,1,39951.0,2.2,0.0,0.0,0.0,0.0,0.0,0.0,0.0,0.0
1317,1997-01-16,SZSE:000768,0.0,0.0,0.0,0.0,0.0,0.0,0.0,0.0,0.0,0.0,0.0,0.0,0.0,0.0,0.0,0.0,0.0,0,0.0,0.0,0.0,0.0,0.0,0.0,0.0,0.0,1,39951.0,2.2,0.0,0.0,0.0,0.0,0.0,0.0,0.0,0.0
1318,1997-01-17,SZSE:000768,0.0,0.0,0.0,0.0,0.0,0.0,0.0,0.0,0.0,0.0,0.0,0.0,0.0,0.0,0.0,0.0,0.0,0,0.0,0.0,0.0,0.0,0.0,0.0,0.0,0.0,1,39951.0,2.2,0.0,0.0,0.0,0.0,0.0,0.0,0.0,0.0
1319,1997-01-20,SZSE:000768,0.0,0.0,0.0,0.0,0.0,0.0,0.0,0.0,0.0,0.0,0.0,0.0,0.0,0.0,0.0,0.0,0.0,0,0.0,0.0,0.0,0.0,0.0,0.0,0.0,0.0,1,39951.0,2.2,0.0,0.0,0.0,0.0,0.0,0.0,0.0,0.0
1320,1997-01-21,SZSE:000768,0.0,0.0,0.0,0.0,0.0,0.0,0.0,0.0,0.0,0.0,0.0,0.0,0.0,0.0,0.0,0.0,0.0,0,0.0,0.0,0.0,0.0,0.0,0.0,0.0,0.0,1,39951.0,2.2,0.0,0.0,0.0,0.0,0.0,0.0,0.0,0.0
1321,1997-01-22,SZSE:000768,0.0,0.0,0.0,0.0,0.0,0.0,0.0,0.0,0.0,0.0,0.0,0.0,0.0,0.0,0.0,0.0,0.0,0,0.0,0.0,0.0,0.0,0.0,0.0,0.0,0.0,1,39951.0,2.2,0.0,0.0,0.0,0.0,0.0,0.0,0.0,0.0
1322,1997-01-23,SZSE:000768,0.0,0.0,0.0,0.0,0.0,0.0,0.0,0.0,0.0,0.0,0.0,0.0,0.0,0.0,0.0,0.0,0.0,0,0.0,0.0,0.0,0.0,0.0,0.0,0.0,0.0,1,39951.0,2.2,0.0,0.0,0.0,0.0,0.0,0.0,0.0,0.0
1323,1997-01-24,SZSE:000768,0.0,0.0,0.0,0.0,0.0,0.0,0.0,0.0,0.0,0.0,0.0,0.0,0.0,0.0,0.0,0.0,0.0,0,0.0,0.0,0.0,0.0,0.0,0.0,0.0,0.0,1,39951.0,2.2,0.0,0.0,0.0,0.0,0.0,0.0,0.0,0.0
1324,1997-01-27,SZSE:000768,0.0,0.0,0.0,0.0,0.0,0.0,0.0,0.0,0.0,0.0,0.0,0.0,0.0,0.0,0.0,0.0,0.0,0,0.0,0.0,0.0,0.0,0.0,0.0,0.0,0.0,1,39951.0,2.2,0.0,0.0,0.0,0.0,0.0,0.0,0.0,0.0
1325,1997-01-28,SZSE:000768,0.0,0.0,0.0,0.0,0.0,0.0,0.0,0.0,0.0,0.0,0.0,0.0,0.0,0.0,0.0,0.0,0.0,0,0.0,0.0,0.0,0.0,0.0,0.0,0.0,0.0,1,39951.0,2.2,0.0,0.0,0.0,0.0,0.0,0.0,0.0,0.0
1326,1997-01-29,SZSE:000768,0.0,0.0,0.0,0.0,0.0,0.0,0.0,0.0,0.0,0.0,0.0,0.0,0.0,0.0,0.0,0.0,0.0,0,0.0,0.0,0.0,0.0,0.0,0.0,0.0,0.0,1,39951.0,2.2,0.0,0.0,0.0,0.0,0.0,0.0,0.0,0.0
1327,1997-01-30,SZSE:000768,0.0,0.0,0.0,0.0,0.0,0.0,0.0,0.0,0.0,0.0,0.0,0.0,0.0,0.0,0.0,0.0,0.0,0,0.0,0.0,0.0,0.0,0.0,0.0,0.0,0.0,1,39951.0,2.2,0.0,0.0,0.0,0.0,0.0,0.0,0.0,0.0
1328,1997-01-31,SZSE:000768,0.0,0.0,0.0,0.0,0.0,0.0,0.0,0.0,0.0,0.0,0.0,0.0,0.0,0.0,0.0,0.0,0.0,0,0.0,0.0,0.0,0.0,0.0,0.0,0.0,0.0,1,39951.0,2.2,0.0,0.0,0.0,0.0,0.0,0.0,0.0,0.0
1329,1997-02-03,SZSE:000768,0.0,0.0,0.0,0.0,0.0,0.0,0.0,0.0,0.0,0.0,0.0,0.0,0.0,0.0,0.0,0.0,0.0,0,0.0,0.0,0.0,0.0,0.0,0.0,0.0,0.0,1,39951.0,2.2,0.0,0.0,0.0,0.0,0.0,0.0,0.0,0.0
1330,1997-02-04,SZSE:000768,0.0,0.0,0.0,0.0,0.0,0.0,0.0,0.0,0.0,0.0,0.0,0.0,0.0,0.0,0.0,0.0,0.0,0,0.0,0.0,0.0,0.0,0.0,0.0,0.0,0.0,1,39951.0,2.2,0.0,0.0,0.0,0.0,0.0,0.0,0.0,0.0
1331,1997-02-05,SZSE:000768,0.0,0.0,0.0,0.0,0.0,0.0,0.0,0.0,0.0,0.0,0.0,0.0,0.0,0.0,0.0,0.0,0.0,0,0.0,0.0,0.0,0.0,0.0,0.0,0.0,0.0,1,39951.0,2.2,0.0,0.0,0.0,0.0,0.0,0.0,0.0,0.0
1332,1997-02-06,SZSE:000768,0.0,0.0,0.0,0.0,0.0,0.0,0.0,0.0,0.0,0.0,0.0,0.0,0.0,0.0,0.0,0.0,0.0,0,0.0,0.0,0.0,0.0,0.0,0.0,0.0,0.0,1,39951.0,2.2,0.0,0.0,0.0,0.0,0.0,0.0,0.0,0.0
1333,1997-02-07,SZSE:000768,0.0,0.0,0.0,0.0,0.0,0.0,0.0,0.0,0.0,0.0,0.0,0.0,0.0,0.0,0.0,0.0,0.0,0,0.0,0.0,0.0,0.0,0.0,0.0,0.0,0.0,1,39951.0,2.2,0.0,0.0,0.0,0.0,0.0,0.0,0.0,0.0
1334,1997-02-10,SZSE:000768,0.0,0.0,0.0,0.0,0.0,0.0,0.0,0.0,0.0,0.0,0.0,0.0,0.0,0.0,0.0,0.0,0.0,0,0.0,0.0,0.0,0.0,0.0,0.0,0.0,0.0,1,39951.0,2.2,0.0,0.0,0.0,0.0,0.0,0.0,0.0,0.0
1335,1997-02-11,SZSE:000768,0.0,0.0,0.0,0.0,0.0,0.0,0.0,0.0,0.0,0.0,0.0,0.0,0.0,0.0,0.0,0.0,0.0,0,0.0,0.0,0.0,0.0,0.0,0.0,0.0,0.0,1,39951.0,2.2,0.0,0.0,0.0,0.0,0.0,0.0,0.0,0.0
1336,1997-02-12,SZSE:000768,0.0,0.0,0.0,0.0,0.0,0.0,0.0,0.0,0.0,0.0,0.0,0.0,0.0,0.0,0.0,0.0,0.0,0,0.0,0.0,0.0,0.0,0.0,0.0,0.0,0.0,1,39951.0,2.2,0.0,0.0,0.0,0.0,0.0,0.0,0.0,0.0
1337,1997-02-13,SZSE:000768,0.0,0.0,0.0,0.0,0.0,0.0,0.0,0.0,0.0,0.0,0.0,0.0,0.0,0.0,0.0,0.0,0.0,0,0.0,0.0,0.0,0.0,0.0,0.0,0.0,0.0,1,39951.0,2.2,0.0,0.0,0.0,0.0,0.0,0.0,0.0,0.0
1338,1997-02-14,SZSE:000768,0.0,0.0,0.0,0.0,0.0,0.0,0.0,0.0,0.0,0.0,0.0,0.0,0.0,0.0,0.0,0.0,0.0,0,0.0,0.0,0.0,0.0,0.0,0.0,0.0,0.0,1,39951.0,2.2,0.0,0.0,0.0,0.0,0.0,0.0,0.0,0.0
1339,1997-02-17,SZSE:000768,0.0,0.0,0.0,0.0,0.0,0.0,0.0,0.0,0.0,0.0,0.0,0.0,0.0,0.0,0.0,0.0,0.0,0,0.0,0.0,0.0,0.0,0.0,0.0,0.0,0.0,1,39951.0,2.2,0.0,0.0,0.0,0.0,0.0,0.0,0.0,0.0
1340,1997-02-18,SZSE:000768,0.0,0.0,0.0,0.0,0.0,0.0,0.0,0.0,0.0,0.0,0.0,0.0,0.0,0.0,0.0,0.0,0.0,0,0.0,0.0,0.0,0.0,0.0,0.0,0.0,0.0,1,39951.0,2.2,0.0,0.0,0.0,0.0,0.0,0.0,0.0,0.0
1341,1997-02-19,SZSE:000768,0.0,0.0,0.0,0.0,0.0,0.0,0.0,0.0,0.0,0.0,0.0,0.0,0.0,0.0,0.0,0.0,0.0,0,0.0,0.0,0.0,0.0,0.0,0.0,0.0,0.0,1,39951.0,2.2,0.0,0.0,0.0,0.0,0.0,0.0,0.0,0.0
1342,1997-02-20,SZSE:000768,0.0,0.0,0.0,0.0,0.0,0.0,0.0,0.0,0.0,0.0,0.0,0.0,0.0,0.0,0.0,0.0,0.0,0,0.0,0.0,0.0,0.0,0.0,0.0,0.0,0.0,1,39951.0,2.2,0.0,0.0,0.0,0.0,0.0,0.0,0.0,0.0
1343,1997-02-21,SZSE:000768,0.0,0.0,0.0,0.0,0.0,0.0,0.0,0.0,0.0,0.0,0.0,0.0,0.0,0.0,0.0,0.0,0.0,0,0.0,0.0,0.0,0.0,0.0,0.0,0.0,0.0,1,39951.0,2.2,0.0,0.0,0.0,0.0,0.0,0.0,0.0,0.0
1344,1997-02-24,SZSE:000768,0.0,0.0,0.0,0.0,0.0,0.0,0.0,0.0,0.0,0.0,0.0,0.0,0.0,0.0,0.0,0.0,0.0,0,0.0,0.0,0.0,0.0,0.0,0.0,0.0,0.0,1,39951.0,2.2,0.0,0.0,0.0,0.0,0.0,0.0,0.0,0.0
1345,1997-02-25,SZSE:000768,0.0,0.0,0.0,0.0,0.0,0.0,0.0,0.0,0.0,0.0,0.0,0.0,0.0,0.0,0.0,0.0,0.0,0,0.0,0.0,0.0,0.0,0.0,0.0,0.0,0.0,1,39951.0,2.2,0.0,0.0,0.0,0.0,0.0,0.0,0.0,0.0
1346,1997-02-26,SZSE:000768,0.0,0.0,0.0,0.0,0.0,0.0,0.0,0.0,0.0,0.0,0.0,0.0,0.0,0.0,0.0,0.0,0.0,0,0.0,0.0,0.0,0.0,0.0,0.0,0.0,0.0,1,39951.0,2.2,0.0,0.0,0.0,0.0,0.0,0.0,0.0,0.0
1347,1997-02-27,SZSE:000768,0.0,0.0,0.0,0.0,0.0,0.0,0.0,0.0,0.0,0.0,0.0,0.0,0.0,0.0,0.0,0.0,0.0,0,0.0,0.0,0.0,0.0,0.0,0.0,0.0,0.0,1,39951.0,2.2,0.0,0.0,0.0,0.0,0.0,0.0,0.0,0.0
1348,1997-02-28,SZSE:000768,0.0,0.0,0.0,0.0,0.0,0.0,0.0,0.0,0.0,0.0,0.0,0.0,0.0,0.0,0.0,0.0,0.0,0,0.0,0.0,0.0,0.0,0.0,0.0,0.0,0.0,1,39951.0,2.2,0.0,0.0,0.0,0.0,0.0,0.0,0.0,0.0
1349,1997-03-03,SZSE:000768,0.0,0.0,0.0,0.0,0.0,0.0,0.0,0.0,0.0,0.0,0.0,0.0,0.0,0.0,0.0,0.0,0.0,0,0.0,0.0,0.0,0.0,0.0,0.0,0.0,0.0,1,39951.0,2.2,0.0,0.0,0.0,0.0,0.0,0.0,0.0,0.0
1350,1997-03-04,SZSE:000768,0.0,0.0,0.0,0.0,0.0,0.0,0.0,0.0,0.0,0.0,0.0,0.0,0.0,0.0,0.0,0.0,0.0,0,0.0,0.0,0.0,0.0,0.0,0.0,0.0,0.0,1,39951.0,2.2,0.0,0.0,0.0,0.0,0.0,0.0,0.0,0.0
1351,1997-03-05,SZSE:000768,0.0,0.0,0.0,0.0,0.0,0.0,0.0,0.0,0.0,0.0,0.0,0.0,0.0,0.0,0.0,0.0,0.0,0,0.0,0.0,0.0,0.0,0.0,0.0,0.0,0.0,1,39951.0,2.2,0.0,0.0,0.0,0.0,0.0,0.0,0.0,0.0
1352,1997-03-06,SZSE:000768,0.0,0.0,0.0,0.0,0.0,0.0,0.0,0.0,0.0,0.0,0.0,0.0,0.0,0.0,0.0,0.0,0.0,0,0.0,0.0,0.0,0.0,0.0,0.0,0.0,0.0,1,39951.0,2.2,0.0,0.0,0.0,0.0,0.0,0.0,0.0,0.0
1353,1997-03-07,SZSE:000768,0.0,0.0,0.0,0.0,0.0,0.0,0.0,0.0,0.0,0.0,0.0,0.0,0.0,0.0,0.0,0.0,0.0,0,0.0,0.0,0.0,0.0,0.0,0.0,0.0,0.0,1,39951.0,2.2,0.0,0.0,0.0,0.0,0.0,0.0,0.0,0.0
1354,1997-03-10,SZSE:000768,0.0,0.0,0.0,0.0,0.0,0.0,0.0,0.0,0.0,0.0,0.0,0.0,0.0,0.0,0.0,0.0,0.0,0,0.0,0.0,0.0,0.0,0.0,0.0,0.0,0.0,1,39951.0,2.2,0.0,0.0,0.0,0.0,0.0,0.0,0.0,0.0
1355,1997-03-11,SZSE:000768,0.0,0.0,0.0,0.0,0.0,0.0,0.0,0.0,0.0,0.0,0.0,0.0,0.0,0.0,0.0,0.0,0.0,0,0.0,0.0,0.0,0.0,0.0,0.0,0.0,0.0,1,39951.0,2.2,0.0,0.0,0.0,0.0,0.0,0.0,0.0,0.0
1356,1997-03-12,SZSE:000768,0.0,0.0,0.0,0.0,0.0,0.0,0.0,0.0,0.0,0.0,0.0,0.0,0.0,0.0,0.0,0.0,0.0,0,0.0,0.0,0.0,0.0,0.0,0.0,0.0,0.0,1,39951.0,2.2,0.0,0.0,0.0,0.0,0.0,0.0,0.0,0.0
1357,1997-03-13,SZSE:000768,0.0,0.0,0.0,0.0,0.0,0.0,0.0,0.0,0.0,0.0,0.0,0.0,0.0,0.0,0.0,0.0,0.0,0,0.0,0.0,0.0,0.0,0.0,0.0,0.0,0.0,1,39951.0,2.2,0.0,0.0,0.0,0.0,0.0,0.0,0.0,0.0
1358,1997-03-14,SZSE:000768,0.0,0.0,0.0,0.0,0.0,0.0,0.0,0.0,0.0,0.0,0.0,0.0,0.0,0.0,0.0,0.0,0.0,0,0.0,0.0,0.0,0.0,0.0,0.0,0.0,0.0,1,39951.0,2.2,0.0,0.0,0.0,0.0,0.0,0.0,0.0,0.0
1359,1997-03-17,SZSE:000768,0.0,0.0,0.0,0.0,0.0,0.0,0.0,0.0,0.0,0.0,0.0,0.0,0.0,0.0,0.0,0.0,0.0,0,0.0,0.0,0.0,0.0,0.0,0.0,0.0,0.0,1,39951.0,2.2,0.0,0.0,0.0,0.0,0.0,0.0,0.0,0.0
1360,1997-03-18,SZSE:000768,0.0,0.0,0.0,0.0,0.0,0.0,0.0,0.0,0.0,0.0,0.0,0.0,0.0,0.0,0.0,0.0,0.0,0,0.0,0.0,0.0,0.0,0.0,0.0,0.0,0.0,1,39951.0,2.2,0.0,0.0,0.0,0.0,0.0,0.0,0.0,0.0
1361,1997-03-19,SZSE:000768,0.0,0.0,0.0,0.0,0.0,0.0,0.0,0.0,0.0,0.0,0.0,0.0,0.0,0.0,0.0,0.0,0.0,0,0.0,0.0,0.0,0.0,0.0,0.0,0.0,0.0,1,39951.0,2.2,0.0,0.0,0.0,0.0,0.0,0.0,0.0,0.0
1362,1997-03-20,SZSE:000768,0.0,0.0,0.0,0.0,0.0,0.0,0.0,0.0,0.0,0.0,0.0,0.0,0.0,0.0,0.0,0.0,0.0,0,0.0,0.0,0.0,0.0,0.0,0.0,0.0,0.0,1,39951.0,2.2,0.0,0.0,0.0,0.0,0.0,0.0,0.0,0.0
1363,1997-03-21,SZSE:000768,0.0,0.0,0.0,0.0,0.0,0.0,0.0,0.0,0.0,0.0,0.0,0.0,0.0,0.0,0.0,0.0,0.0,0,0.0,0.0,0.0,0.0,0.0,0.0,0.0,0.0,1,39951.0,2.2,0.0,0.0,0.0,0.0,0.0,0.0,0.0,0.0
1364,1997-03-24,SZSE:000768,0.0,0.0,0.0,0.0,0.0,0.0,0.0,0.0,0.0,0.0,0.0,0.0,0.0,0.0,0.0,0.0,0.0,0,0.0,0.0,0.0,0.0,0.0,0.0,0.0,0.0,1,39951.0,2.2,0.0,0.0,0.0,0.0,0.0,0.0,0.0,0.0
1365,1997-03-25,SZSE:000768,0.0,0.0,0.0,0.0,0.0,0.0,0.0,0.0,0.0,0.0,0.0,0.0,0.0,0.0,0.0,0.0,0.0,0,0.0,0.0,0.0,0.0,0.0,0.0,0.0,0.0,1,39951.0,2.2,0.0,0.0,0.0,0.0,0.0,0.0,0.0,0.0
1366,1997-03-26,SZSE:000768,0.0,0.0,0.0,0.0,0.0,0.0,0.0,0.0,0.0,0.0,0.0,0.0,0.0,0.0,0.0,0.0,0.0,0,0.0,0.0,0.0,0.0,0.0,0.0,0.0,0.0,1,39951.0,2.2,0.0,0.0,0.0,0.0,0.0,0.0,0.0,0.0
1367,1997-03-27,SZSE:000768,0.0,0.0,0.0,0.0,0.0,0.0,0.0,0.0,0.0,0.0,0.0,0.0,0.0,0.0,0.0,0.0,0.0,0,0.0,0.0,0.0,0.0,0.0,0.0,0.0,0.0,1,39951.0,2.2,0.0,0.0,0.0,0.0,0.0,0.0,0.0,0.0
1368,1997-03-28,SZSE:000768,0.0,0.0,0.0,0.0,0.0,0.0,0.0,0.0,0.0,0.0,0.0,0.0,0.0,0.0,0.0,0.0,0.0,0,0.0,0.0,0.0,0.0,0.0,0.0,0.0,0.0,1,39951.0,2.2,0.0,0.0,0.0,0.0,0.0,0.0,0.0,0.0
1369,1997-03-31,SZSE:000768,0.0,0.0,0.0,0.0,0.0,0.0,0.0,0.0,0.0,0.0,0.0,0.0,0.0,0.0,0.0,0.0,0.0,0,0.0,0.0,0.0,0.0,0.0,0.0,0.0,0.0,1,39951.0,2.2,0.0,0.0,0.0,0.0,0.0,0.0,0.0,0.0
1370,1997-04-01,SZSE:000768,0.0,0.0,0.0,0.0,0.0,0.0,0.0,0.0,0.0,0.0,0.0,0.0,0.0,0.0,0.0,0.0,0.0,0,0.0,0.0,0.0,0.0,0.0,0.0,0.0,0.0,1,39951.0,2.2,0.0,0.0,0.0,0.0,0.0,0.0,0.0,0.0
1371,1997-04-02,SZSE:000768,0.0,0.0,0.0,0.0,0.0,0.0,0.0,0.0,0.0,0.0,0.0,0.0,0.0,0.0,0.0,0.0,0.0,0,0.0,0.0,0.0,0.0,0.0,0.0,0.0,0.0,1,39951.0,2.2,0.0,0.0,0.0,0.0,0.0,0.0,0.0,0.0
1372,1997-04-03,SZSE:000768,0.0,0.0,0.0,0.0,0.0,0.0,0.0,0.0,0.0,0.0,0.0,0.0,0.0,0.0,0.0,0.0,0.0,0,0.0,0.0,0.0,0.0,0.0,0.0,0.0,0.0,1,39951.0,2.2,0.0,0.0,0.0,0.0,0.0,0.0,0.0,0.0
1373,1997-04-04,SZSE:000768,0.0,0.0,0.0,0.0,0.0,0.0,0.0,0.0,0.0,0.0,0.0,0.0,0.0,0.0,0.0,0.0,0.0,0,0.0,0.0,0.0,0.0,0.0,0.0,0.0,0.0,1,39951.0,2.2,0.0,0.0,0.0,0.0,0.0,0.0,0.0,0.0
1374,1997-04-07,SZSE:000768,0.0,0.0,0.0,0.0,0.0,0.0,0.0,0.0,0.0,0.0,0.0,0.0,0.0,0.0,0.0,0.0,0.0,0,0.0,0.0,0.0,0.0,0.0,0.0,0.0,0.0,1,39951.0,2.2,0.0,0.0,0.0,0.0,0.0,0.0,0.0,0.0
1375,1997-04-08,SZSE:000768,0.0,0.0,0.0,0.0,0.0,0.0,0.0,0.0,0.0,0.0,0.0,0.0,0.0,0.0,0.0,0.0,0.0,0,0.0,0.0,0.0,0.0,0.0,0.0,0.0,0.0,1,39951.0,2.2,0.0,0.0,0.0,0.0,0.0,0.0,0.0,0.0
1376,1997-04-09,SZSE:000768,0.0,0.0,0.0,0.0,0.0,0.0,0.0,0.0,0.0,0.0,0.0,0.0,0.0,0.0,0.0,0.0,0.0,0,0.0,0.0,0.0,0.0,0.0,0.0,0.0,0.0,1,39951.0,2.2,0.0,0.0,0.0,0.0,0.0,0.0,0.0,0.0
1377,1997-04-10,SZSE:000768,0.0,0.0,0.0,0.0,0.0,0.0,0.0,0.0,0.0,0.0,0.0,0.0,0.0,0.0,0.0,0.0,0.0,0,0.0,0.0,0.0,0.0,0.0,0.0,0.0,0.0,1,39951.0,2.2,0.0,0.0,0.0,0.0,0.0,0.0,0.0,0.0
1378,1997-04-11,SZSE:000768,0.0,0.0,0.0,0.0,0.0,0.0,0.0,0.0,0.0,0.0,0.0,0.0,0.0,0.0,0.0,0.0,0.0,0,0.0,0.0,0.0,0.0,0.0,0.0,0.0,0.0,1,39951.0,2.2,0.0,0.0,0.0,0.0,0.0,0.0,0.0,0.0
1379,1997-04-14,SZSE:000768,0.0,0.0,0.0,0.0,0.0,0.0,0.0,0.0,0.0,0.0,0.0,0.0,0.0,0.0,0.0,0.0,0.0,0,0.0,0.0,0.0,0.0,0.0,0.0,0.0,0.0,1,39951.0,2.2,0.0,0.0,0.0,0.0,0.0,0.0,0.0,0.0
1380,1997-04-15,SZSE:000768,0.0,0.0,0.0,0.0,0.0,0.0,0.0,0.0,0.0,0.0,0.0,0.0,0.0,0.0,0.0,0.0,0.0,0,0.0,0.0,0.0,0.0,0.0,0.0,0.0,0.0,1,39951.0,2.2,0.0,0.0,0.0,0.0,0.0,0.0,0.0,0.0
1381,1997-04-16,SZSE:000768,0.0,0.0,0.0,0.0,0.0,0.0,0.0,0.0,0.0,0.0,0.0,0.0,0.0,0.0,0.0,0.0,0.0,0,0.0,0.0,0.0,0.0,0.0,0.0,0.0,0.0,1,39951.0,2.2,0.0,0.0,0.0,0.0,0.0,0.0,0.0,0.0
1382,1997-04-17,SZSE:000768,0.0,0.0,0.0,0.0,0.0,0.0,0.0,0.0,0.0,0.0,0.0,0.0,0.0,0.0,0.0,0.0,0.0,0,0.0,0.0,0.0,0.0,0.0,0.0,0.0,0.0,1,39951.0,2.2,0.0,0.0,0.0,0.0,0.0,0.0,0.0,0.0
1383,1997-04-18,SZSE:000768,0.0,0.0,0.0,0.0,0.0,0.0,0.0,0.0,0.0,0.0,0.0,0.0,0.0,0.0,0.0,0.0,0.0,0,0.0,0.0,0.0,0.0,0.0,0.0,0.0,0.0,1,39951.0,2.2,0.0,0.0,0.0,0.0,0.0,0.0,0.0,0.0
1384,1997-04-21,SZSE:000768,0.0,0.0,0.0,0.0,0.0,0.0,0.0,0.0,0.0,0.0,0.0,0.0,0.0,0.0,0.0,0.0,0.0,0,0.0,0.0,0.0,0.0,0.0,0.0,0.0,0.0,1,39951.0,2.2,0.0,0.0,0.0,0.0,0.0,0.0,0.0,0.0
1385,1997-04-22,SZSE:000768,0.0,0.0,0.0,0.0,0.0,0.0,0.0,0.0,0.0,0.0,0.0,0.0,0.0,0.0,0.0,0.0,0.0,0,0.0,0.0,0.0,0.0,0.0,0.0,0.0,0.0,1,39951.0,2.2,0.0,0.0,0.0,0.0,0.0,0.0,0.0,0.0
1386,1997-04-23,SZSE:000768,0.0,0.0,0.0,0.0,0.0,0.0,0.0,0.0,0.0,0.0,0.0,0.0,0.0,0.0,0.0,0.0,0.0,0,0.0,0.0,0.0,0.0,0.0,0.0,0.0,0.0,1,39951.0,2.2,0.0,0.0,0.0,0.0,0.0,0.0,0.0,0.0
1387,1997-04-24,SZSE:000768,0.0,0.0,0.0,0.0,0.0,0.0,0.0,0.0,0.0,0.0,0.0,0.0,0.0,0.0,0.0,0.0,0.0,0,0.0,0.0,0.0,0.0,0.0,0.0,0.0,0.0,1,39951.0,2.2,0.0,0.0,0.0,0.0,0.0,0.0,0.0,0.0
1388,1997-04-25,SZSE:000768,0.0,0.0,0.0,0.0,0.0,0.0,0.0,0.0,0.0,0.0,0.0,0.0,0.0,0.0,0.0,0.0,0.0,0,0.0,0.0,0.0,0.0,0.0,0.0,0.0,0.0,1,39951.0,2.2,0.0,0.0,0.0,0.0,0.0,0.0,0.0,0.0
1389,1997-04-28,SZSE:000768,0.0,0.0,0.0,0.0,0.0,0.0,0.0,0.0,0.0,0.0,0.0,0.0,0.0,0.0,0.0,0.0,0.0,0,0.0,0.0,0.0,0.0,0.0,0.0,0.0,0.0,1,39951.0,2.2,0.0,0.0,0.0,0.0,0.0,0.0,0.0,0.0
1390,1997-04-29,SZSE:000768,0.0,0.0,0.0,0.0,0.0,0.0,0.0,0.0,0.0,0.0,0.0,0.0,0.0,0.0,0.0,0.0,0.0,0,0.0,0.0,0.0,0.0,0.0,0.0,0.0,0.0,1,39951.0,2.2,0.0,0.0,0.0,0.0,0.0,0.0,0.0,0.0
1391,1997-04-30,SZSE:000768,0.0,0.0,0.0,0.0,0.0,0.0,0.0,0.0,0.0,0.0,0.0,0.0,0.0,0.0,0.0,0.0,0.0,0,0.0,0.0,0.0,0.0,0.0,0.0,0.0,0.0,1,39951.0,2.2,0.0,0.0,0.0,0.0,0.0,0.0,0.0,0.0
1392,1997-05-01,SZSE:000768,0.0,0.0,0.0,0.0,0.0,0.0,0.0,0.0,0.0,0.0,0.0,0.0,0.0,0.0,0.0,0.0,0.0,0,0.0,0.0,0.0,0.0,0.0,0.0,0.0,0.0,1,39951.0,2.2,0.0,0.0,0.0,0.0,0.0,0.0,0.0,0.0
1393,1997-05-02,SZSE:000768,0.0,0.0,0.0,0.0,0.0,0.0,0.0,0.0,0.0,0.0,0.0,0.0,0.0,0.0,0.0,0.0,0.0,0,0.0,0.0,0.0,0.0,0.0,0.0,0.0,0.0,1,39951.0,2.2,0.0,0.0,0.0,0.0,0.0,0.0,0.0,0.0
1394,1997-05-05,SZSE:000768,0.0,0.0,0.0,0.0,0.0,0.0,0.0,0.0,0.0,0.0,0.0,0.0,0.0,0.0,0.0,0.0,0.0,0,0.0,0.0,0.0,0.0,0.0,0.0,0.0,0.0,1,39951.0,2.2,0.0,0.0,0.0,0.0,0.0,0.0,0.0,0.0
1395,1997-05-06,SZSE:000768,0.0,0.0,0.0,0.0,0.0,0.0,0.0,0.0,0.0,0.0,0.0,0.0,0.0,0.0,0.0,0.0,0.0,0,0.0,0.0,0.0,0.0,0.0,0.0,0.0,0.0,1,39951.0,2.2,0.0,0.0,0.0,0.0,0.0,0.0,0.0,0.0
1396,1997-05-07,SZSE:000768,0.0,0.0,0.0,0.0,0.0,0.0,0.0,0.0,0.0,0.0,0.0,0.0,0.0,0.0,0.0,0.0,0.0,0,0.0,0.0,0.0,0.0,0.0,0.0,0.0,0.0,1,39951.0,2.2,0.0,0.0,0.0,0.0,0.0,0.0,0.0,0.0
1397,1997-05-08,SZSE:000768,0.0,0.0,0.0,0.0,0.0,0.0,0.0,0.0,0.0,0.0,0.0,0.0,0.0,0.0,0.0,0.0,0.0,0,0.0,0.0,0.0,0.0,0.0,0.0,0.0,0.0,1,39951.0,2.2,0.0,0.0,0.0,0.0,0.0,0.0,0.0,0.0
1398,1997-05-09,SZSE:000768,0.0,0.0,0.0,0.0,0.0,0.0,0.0,0.0,0.0,0.0,0.0,0.0,0.0,0.0,0.0,0.0,0.0,0,0.0,0.0,0.0,0.0,0.0,0.0,0.0,0.0,1,39951.0,2.2,0.0,0.0,0.0,0.0,0.0,0.0,0.0,0.0
1399,1997-05-12,SZSE:000768,0.0,0.0,0.0,0.0,0.0,0.0,0.0,0.0,0.0,0.0,0.0,0.0,0.0,0.0,0.0,0.0,0.0,0,0.0,0.0,0.0,0.0,0.0,0.0,0.0,0.0,1,39951.0,2.2,0.0,0.0,0.0,0.0,0.0,0.0,0.0,0.0
1400,1997-05-13,SZSE:000768,0.0,0.0,0.0,0.0,0.0,0.0,0.0,0.0,0.0,0.0,0.0,0.0,0.0,0.0,0.0,0.0,0.0,0,0.0,0.0,0.0,0.0,0.0,0.0,0.0,0.0,1,39951.0,2.2,0.0,0.0,0.0,0.0,0.0,0.0,0.0,0.0
1401,1997-05-14,SZSE:000768,0.0,0.0,0.0,0.0,0.0,0.0,0.0,0.0,0.0,0.0,0.0,0.0,0.0,0.0,0.0,0.0,0.0,0,0.0,0.0,0.0,0.0,0.0,0.0,0.0,0.0,1,39951.0,2.2,0.0,0.0,0.0,0.0,0.0,0.0,0.0,0.0
1402,1997-05-15,SZSE:000768,0.0,0.0,0.0,0.0,0.0,0.0,0.0,0.0,0.0,0.0,0.0,0.0,0.0,0.0,0.0,0.0,0.0,0,0.0,0.0,0.0,0.0,0.0,0.0,0.0,0.0,1,39951.0,2.2,0.0,0.0,0.0,0.0,0.0,0.0,0.0,0.0
1403,1997-05-16,SZSE:000768,0.0,0.0,0.0,0.0,0.0,0.0,0.0,0.0,0.0,0.0,0.0,0.0,0.0,0.0,0.0,0.0,0.0,0,0.0,0.0,0.0,0.0,0.0,0.0,0.0,0.0,1,39951.0,2.2,0.0,0.0,0.0,0.0,0.0,0.0,0.0,0.0
1404,1997-05-19,SZSE:000768,0.0,0.0,0.0,0.0,0.0,0.0,0.0,0.0,0.0,0.0,0.0,0.0,0.0,0.0,0.0,0.0,0.0,0,0.0,0.0,0.0,0.0,0.0,0.0,0.0,0.0,1,39951.0,2.2,0.0,0.0,0.0,0.0,0.0,0.0,0.0,0.0
1405,1997-05-20,SZSE:000768,0.0,0.0,0.0,0.0,0.0,0.0,0.0,0.0,0.0,0.0,0.0,0.0,0.0,0.0,0.0,0.0,0.0,0,0.0,0.0,0.0,0.0,0.0,0.0,0.0,0.0,1,39951.0,2.2,0.0,0.0,0.0,0.0,0.0,0.0,0.0,0.0
1406,1997-05-21,SZSE:000768,0.0,0.0,0.0,0.0,0.0,0.0,0.0,0.0,0.0,0.0,0.0,0.0,0.0,0.0,0.0,0.0,0.0,0,0.0,0.0,0.0,0.0,0.0,0.0,0.0,0.0,1,39951.0,2.2,0.0,0.0,0.0,0.0,0.0,0.0,0.0,0.0
1407,1997-05-22,SZSE:000768,0.0,0.0,0.0,0.0,0.0,0.0,0.0,0.0,0.0,0.0,0.0,0.0,0.0,0.0,0.0,0.0,0.0,0,0.0,0.0,0.0,0.0,0.0,0.0,0.0,0.0,1,39951.0,2.2,0.0,0.0,0.0,0.0,0.0,0.0,0.0,0.0
1408,1997-05-23,SZSE:000768,0.0,0.0,0.0,0.0,0.0,0.0,0.0,0.0,0.0,0.0,0.0,0.0,0.0,0.0,0.0,0.0,0.0,0,0.0,0.0,0.0,0.0,0.0,0.0,0.0,0.0,1,39951.0,2.2,0.0,0.0,0.0,0.0,0.0,0.0,0.0,0.0
1409,1997-05-26,SZSE:000768,0.0,0.0,0.0,0.0,0.0,0.0,0.0,0.0,0.0,0.0,0.0,0.0,0.0,0.0,0.0,0.0,0.0,0,0.0,0.0,0.0,0.0,0.0,0.0,0.0,0.0,1,39951.0,2.2,0.0,0.0,0.0,0.0,0.0,0.0,0.0,0.0
1410,1997-05-27,SZSE:000768,0.0,0.0,0.0,0.0,0.0,0.0,0.0,0.0,0.0,0.0,0.0,0.0,0.0,0.0,0.0,0.0,0.0,0,0.0,0.0,0.0,0.0,0.0,0.0,0.0,0.0,1,39951.0,2.2,0.0,0.0,0.0,0.0,0.0,0.0,0.0,0.0
1411,1997-05-28,SZSE:000768,0.0,0.0,0.0,0.0,0.0,0.0,0.0,0.0,0.0,0.0,0.0,0.0,0.0,0.0,0.0,0.0,0.0,0,0.0,0.0,0.0,0.0,0.0,0.0,0.0,0.0,1,39951.0,2.2,0.0,0.0,0.0,0.0,0.0,0.0,0.0,0.0
1412,1997-05-29,SZSE:000768,0.0,0.0,0.0,0.0,0.0,0.0,0.0,0.0,0.0,0.0,0.0,0.0,0.0,0.0,0.0,0.0,0.0,0,0.0,0.0,0.0,0.0,0.0,0.0,0.0,0.0,1,39951.0,2.2,0.0,0.0,0.0,0.0,0.0,0.0,0.0,0.0
1413,1997-05-30,SZSE:000768,0.0,0.0,0.0,0.0,0.0,0.0,0.0,0.0,0.0,0.0,0.0,0.0,0.0,0.0,0.0,0.0,0.0,0,0.0,0.0,0.0,0.0,0.0,0.0,0.0,0.0,1,39951.0,2.2,0.0,0.0,0.0,0.0,0.0,0.0,0.0,0.0
1414,1997-06-02,SZSE:000768,0.0,0.0,0.0,0.0,0.0,0.0,0.0,0.0,0.0,0.0,0.0,0.0,0.0,0.0,0.0,0.0,0.0,0,0.0,0.0,0.0,0.0,0.0,0.0,0.0,0.0,1,39951.0,2.2,0.0,0.0,0.0,0.0,0.0,0.0,0.0,0.0
1415,1997-06-03,SZSE:000768,0.0,0.0,0.0,0.0,0.0,0.0,0.0,0.0,0.0,0.0,0.0,0.0,0.0,0.0,0.0,0.0,0.0,0,0.0,0.0,0.0,0.0,0.0,0.0,0.0,0.0,1,39951.0,2.2,0.0,0.0,0.0,0.0,0.0,0.0,0.0,0.0
1416,1997-06-04,SZSE:000768,0.0,0.0,0.0,0.0,0.0,0.0,0.0,0.0,0.0,0.0,0.0,0.0,0.0,0.0,0.0,0.0,0.0,0,0.0,0.0,0.0,0.0,0.0,0.0,0.0,0.0,1,39951.0,2.2,0.0,0.0,0.0,0.0,0.0,0.0,0.0,0.0
1417,1997-06-05,SZSE:000768,0.0,0.0,0.0,0.0,0.0,0.0,0.0,0.0,0.0,0.0,0.0,0.0,0.0,0.0,0.0,0.0,0.0,0,0.0,0.0,0.0,0.0,0.0,0.0,0.0,0.0,1,39951.0,2.2,0.0,0.0,0.0,0.0,0.0,0.0,0.0,0.0
1418,1997-06-06,SZSE:000768,0.0,0.0,0.0,0.0,0.0,0.0,0.0,0.0,0.0,0.0,0.0,0.0,0.0,0.0,0.0,0.0,0.0,0,0.0,0.0,0.0,0.0,0.0,0.0,0.0,0.0,1,39951.0,2.2,0.0,0.0,0.0,0.0,0.0,0.0,0.0,0.0
1419,1997-06-09,SZSE:000768,0.0,0.0,0.0,0.0,0.0,0.0,0.0,0.0,0.0,0.0,0.0,0.0,0.0,0.0,0.0,0.0,0.0,0,0.0,0.0,0.0,0.0,0.0,0.0,0.0,0.0,1,39951.0,2.2,0.0,0.0,0.0,0.0,0.0,0.0,0.0,0.0
1420,1997-06-10,SZSE:000768,0.0,0.0,0.0,0.0,0.0,0.0,0.0,0.0,0.0,0.0,0.0,0.0,0.0,0.0,0.0,0.0,0.0,0,0.0,0.0,0.0,0.0,0.0,0.0,0.0,0.0,1,39951.0,2.2,0.0,0.0,0.0,0.0,0.0,0.0,0.0,0.0
1421,1997-06-11,SZSE:000768,0.0,0.0,0.0,0.0,0.0,0.0,0.0,0.0,0.0,0.0,0.0,0.0,0.0,0.0,0.0,0.0,0.0,0,0.0,0.0,0.0,0.0,0.0,0.0,0.0,0.0,1,39951.0,2.2,0.0,0.0,0.0,0.0,0.0,0.0,0.0,0.0
1422,1997-06-12,SZSE:000768,0.0,0.0,0.0,0.0,0.0,0.0,0.0,0.0,0.0,0.0,0.0,0.0,0.0,0.0,0.0,0.0,0.0,0,0.0,0.0,0.0,0.0,0.0,0.0,0.0,0.0,1,39951.0,2.2,0.0,0.0,0.0,0.0,0.0,0.0,0.0,0.0
1423,1997-06-13,SZSE:000768,0.0,0.0,0.0,0.0,0.0,0.0,0.0,0.0,0.0,0.0,0.0,0.0,0.0,0.0,0.0,0.0,0.0,0,0.0,0.0,0.0,0.0,0.0,0.0,0.0,0.0,1,39951.0,2.2,0.0,0.0,0.0,0.0,0.0,0.0,0.0,0.0
1424,1997-06-16,SZSE:000768,0.0,0.0,0.0,0.0,0.0,0.0,0.0,0.0,0.0,0.0,0.0,0.0,0.0,0.0,0.0,0.0,0.0,0,0.0,0.0,0.0,0.0,0.0,0.0,0.0,0.0,1,39951.0,2.2,0.0,0.0,0.0,0.0,0.0,0.0,0.0,0.0
1425,1997-06-17,SZSE:000768,0.0,0.0,0.0,0.0,0.0,0.0,0.0,0.0,0.0,0.0,0.0,0.0,0.0,0.0,0.0,0.0,0.0,0,0.0,0.0,0.0,0.0,0.0,0.0,0.0,0.0,1,39951.0,2.2,0.0,0.0,0.0,0.0,0.0,0.0,0.0,0.0
1426,1997-06-18,SZSE:000768,0.0,0.0,0.0,0.0,0.0,0.0,0.0,0.0,0.0,0.0,0.0,0.0,0.0,0.0,0.0,0.0,0.0,0,0.0,0.0,0.0,0.0,0.0,0.0,0.0,0.0,1,39951.0,2.2,0.0,0.0,0.0,0.0,0.0,0.0,0.0,0.0
1427,1997-06-19,SZSE:000768,0.0,0.0,0.0,0.0,0.0,0.0,0.0,0.0,0.0,0.0,0.0,0.0,0.0,0.0,0.0,0.0,0.0,0,0.0,0.0,0.0,0.0,0.0,0.0,0.0,0.0,1,39951.0,2.2,0.0,0.0,0.0,0.0,0.0,0.0,0.0,0.0
1428,1997-06-20,SZSE:000768,0.0,0.0,0.0,0.0,0.0,0.0,0.0,0.0,0.0,0.0,0.0,0.0,0.0,0.0,0.0,0.0,0.0,0,0.0,0.0,0.0,0.0,0.0,0.0,0.0,0.0,1,39951.0,2.2,0.0,0.0,0.0,0.0,0.0,0.0,0.0,0.0
1429,1997-06-23,SZSE:000768,0.0,0.0,0.0,0.0,0.0,0.0,0.0,0.0,0.0,0.0,0.0,0.0,0.0,0.0,0.0,0.0,0.0,0,0.0,0.0,0.0,0.0,0.0,0.0,0.0,0.0,1,39951.0,2.2,0.0,0.0,0.0,0.0,0.0,0.0,0.0,0.0
1430,1997-06-24,SZSE:000768,0.0,0.0,0.0,0.0,0.0,0.0,0.0,0.0,0.0,0.0,0.0,0.0,0.0,0.0,0.0,0.0,0.0,0,0.0,0.0,0.0,0.0,0.0,0.0,0.0,0.0,1,39951.0,2.2,0.0,0.0,0.0,0.0,0.0,0.0,0.0,0.0
1431,1997-06-25,SZSE:000768,0.0,0.0,0.0,0.0,0.0,0.0,0.0,0.0,0.0,0.0,0.0,0.0,0.0,0.0,0.0,0.0,0.0,0,0.0,0.0,0.0,0.0,0.0,0.0,0.0,0.0,1,39951.0,2.2,0.0,0.0,0.0,0.0,0.0,0.0,0.0,0.0
1432,1997-06-26,SZSE:000768,0.0,0.0,0.0,0.0,0.0,0.0,0.0,0.0,0.0,0.0,0.0,0.0,0.0,0.0,0.0,0.0,0.0,0,0.0,0.0,0.0,0.0,0.0,0.0,0.0,0.0,1,39951.0,2.2,0.0,0.0,0.0,0.0,0.0,0.0,0.0,0.0
1433,1997-06-27,SZSE:000768,0.0,0.0,0.0,0.0,0.0,0.0,0.0,0.0,0.0,0.0,0.0,0.0,0.0,0.0,0.0,0.0,0.0,0,0.0,0.0,0.0,0.0,0.0,0.0,0.0,0.0,1,39951.0,2.2,0.0,0.0,0.0,0.0,0.0,0.0,0.0,0.0
1434,1997-06-30,SZSE:000768,0.0,0.0,0.0,0.0,0.0,0.0,0.0,0.0,0.0,0.0,0.0,0.0,0.0,0.0,0.0,0.0,0.0,0,0.0,0.0,0.0,0.0,0.0,0.0,0.0,0.0,1,39951.0,2.2,0.0,0.0,0.0,0.0,0.0,0.0,0.0,0.0
1435,1997-07-01,SZSE:000768,0.0,0.0,0.0,0.0,0.0,0.0,0.0,0.0,0.0,0.0,0.0,0.0,0.0,0.0,0.0,0.0,0.0,0,0.0,0.0,0.0,0.0,0.0,0.0,0.0,0.0,1,39951.0,2.2,0.0,0.0,0.0,0.0,0.0,0.0,0.0,0.0
1436,1997-07-02,SZSE:000768,0.0,0.0,0.0,0.0,0.0,0.0,0.0,0.0,0.0,0.0,0.0,0.0,0.0,0.0,0.0,0.0,0.0,0,0.0,0.0,0.0,0.0,0.0,0.0,0.0,0.0,1,39951.0,2.2,0.0,0.0,0.0,0.0,0.0,0.0,0.0,0.0
1437,1997-07-03,SZSE:000768,0.0,0.0,0.0,0.0,0.0,0.0,0.0,0.0,0.0,0.0,0.0,0.0,0.0,0.0,0.0,0.0,0.0,0,0.0,0.0,0.0,0.0,0.0,0.0,0.0,0.0,1,39951.0,2.2,0.0,0.0,0.0,0.0,0.0,0.0,0.0,0.0
1438,1997-07-04,SZSE:000768,0.0,0.0,0.0,0.0,0.0,0.0,0.0,0.0,0.0,0.0,0.0,0.0,0.0,0.0,0.0,0.0,0.0,0,0.0,0.0,0.0,0.0,0.0,0.0,0.0,0.0,1,39951.0,2.2,0.0,0.0,0.0,0.0,0.0,0.0,0.0,0.0
1439,1997-07-07,SZSE:000768,0.0,0.0,0.0,0.0,0.0,0.0,0.0,0.0,0.0,0.0,0.0,0.0,0.0,0.0,0.0,0.0,0.0,0,0.0,0.0,0.0,0.0,0.0,0.0,0.0,0.0,1,39951.0,2.2,0.0,0.0,0.0,0.0,0.0,0.0,0.0,0.0
1440,1997-07-08,SZSE:000768,0.0,0.0,0.0,0.0,0.0,0.0,0.0,0.0,0.0,0.0,0.0,0.0,0.0,0.0,0.0,0.0,0.0,0,0.0,0.0,0.0,0.0,0.0,0.0,0.0,0.0,1,39951.0,2.2,0.0,0.0,0.0,0.0,0.0,0.0,0.0,0.0
1441,1997-07-09,SZSE:000768,0.0,0.0,0.0,0.0,0.0,0.0,0.0,0.0,0.0,0.0,0.0,0.0,0.0,0.0,0.0,0.0,0.0,0,0.0,0.0,0.0,0.0,0.0,0.0,0.0,0.0,1,39951.0,2.2,0.0,0.0,0.0,0.0,0.0,0.0,0.0,0.0
1442,1997-07-10,SZSE:000768,0.0,0.0,0.0,0.0,0.0,0.0,0.0,0.0,0.0,0.0,0.0,0.0,0.0,0.0,0.0,0.0,0.0,0,0.0,0.0,0.0,0.0,0.0,0.0,0.0,0.0,1,39951.0,2.2,0.0,0.0,0.0,0.0,0.0,0.0,0.0,0.0
1443,1997-07-11,SZSE:000768,0.0,0.0,0.0,0.0,0.0,0.0,0.0,0.0,0.0,0.0,0.0,0.0,0.0,0.0,0.0,0.0,0.0,0,0.0,0.0,0.0,0.0,0.0,0.0,0.0,0.0,1,39951.0,2.2,0.0,0.0,0.0,0.0,0.0,0.0,0.0,0.0
1444,1997-07-14,SZSE:000768,0.0,0.0,0.0,0.0,0.0,0.0,0.0,0.0,0.0,0.0,0.0,0.0,0.0,0.0,0.0,0.0,0.0,0,0.0,0.0,0.0,0.0,0.0,0.0,0.0,0.0,1,39951.0,2.2,0.0,0.0,0.0,0.0,0.0,0.0,0.0,0.0
1445,1997-07-15,SZSE:000768,0.0,0.0,0.0,0.0,0.0,0.0,0.0,0.0,0.0,0.0,0.0,0.0,0.0,0.0,0.0,0.0,0.0,0,0.0,0.0,0.0,0.0,0.0,0.0,0.0,0.0,1,39951.0,2.2,0.0,0.0,0.0,0.0,0.0,0.0,0.0,0.0
1446,1997-07-16,SZSE:000768,0.0,0.0,0.0,0.0,0.0,0.0,0.0,0.0,0.0,0.0,0.0,0.0,0.0,0.0,0.0,0.0,0.0,0,0.0,0.0,0.0,0.0,0.0,0.0,0.0,0.0,1,39951.0,2.2,0.0,0.0,0.0,0.0,0.0,0.0,0.0,0.0
1447,1997-07-17,SZSE:000768,0.0,0.0,0.0,0.0,0.0,0.0,0.0,0.0,0.0,0.0,0.0,0.0,0.0,0.0,0.0,0.0,0.0,0,0.0,0.0,0.0,0.0,0.0,0.0,0.0,0.0,1,39951.0,2.2,0.0,0.0,0.0,0.0,0.0,0.0,0.0,0.0
1448,1997-07-18,SZSE:000768,0.0,0.0,0.0,0.0,0.0,0.0,0.0,0.0,0.0,0.0,0.0,0.0,0.0,0.0,0.0,0.0,0.0,0,0.0,0.0,0.0,0.0,0.0,0.0,0.0,0.0,1,39951.0,2.2,0.0,0.0,0.0,0.0,0.0,0.0,0.0,0.0
1449,1997-07-21,SZSE:000768,0.0,0.0,0.0,0.0,0.0,0.0,0.0,0.0,0.0,0.0,0.0,0.0,0.0,0.0,0.0,0.0,0.0,0,0.0,0.0,0.0,0.0,0.0,0.0,0.0,0.0,1,39951.0,2.2,0.0,0.0,0.0,0.0,0.0,0.0,0.0,0.0
1450,1997-07-22,SZSE:000768,0.0,0.0,0.0,0.0,0.0,0.0,0.0,0.0,0.0,0.0,0.0,0.0,0.0,0.0,0.0,0.0,0.0,0,0.0,0.0,0.0,0.0,0.0,0.0,0.0,0.0,1,39951.0,2.2,0.0,0.0,0.0,0.0,0.0,0.0,0.0,0.0
1451,1997-07-23,SZSE:000768,0.0,0.0,0.0,0.0,0.0,0.0,0.0,0.0,0.0,0.0,0.0,0.0,0.0,0.0,0.0,0.0,0.0,0,0.0,0.0,0.0,0.0,0.0,0.0,0.0,0.0,1,39951.0,2.2,0.0,0.0,0.0,0.0,0.0,0.0,0.0,0.0
1452,1997-07-24,SZSE:000768,0.0,0.0,0.0,0.0,0.0,0.0,0.0,0.0,0.0,0.0,0.0,0.0,0.0,0.0,0.0,0.0,0.0,0,0.0,0.0,0.0,0.0,0.0,0.0,0.0,0.0,1,39951.0,2.2,0.0,0.0,0.0,0.0,0.0,0.0,0.0,0.0
1453,1997-07-25,SZSE:000768,0.0,0.0,0.0,0.0,0.0,0.0,0.0,0.0,0.0,0.0,0.0,0.0,0.0,0.0,0.0,0.0,0.0,0,0.0,0.0,0.0,0.0,0.0,0.0,0.0,0.0,1,39951.0,2.2,0.0,0.0,0.0,0.0,0.0,0.0,0.0,0.0
1454,1997-07-28,SZSE:000768,0.0,0.0,0.0,0.0,0.0,0.0,0.0,0.0,0.0,0.0,0.0,0.0,0.0,0.0,0.0,0.0,0.0,0,0.0,0.0,0.0,0.0,0.0,0.0,0.0,0.0,1,39951.0,2.2,0.0,0.0,0.0,0.0,0.0,0.0,0.0,0.0
1455,1997-07-29,SZSE:000768,0.0,0.0,0.0,0.0,0.0,0.0,0.0,0.0,0.0,0.0,0.0,0.0,0.0,0.0,0.0,0.0,0.0,0,0.0,0.0,0.0,0.0,0.0,0.0,0.0,0.0,1,39951.0,2.2,0.0,0.0,0.0,0.0,0.0,0.0,0.0,0.0
1456,1997-07-30,SZSE:000768,0.0,0.0,0.0,0.0,0.0,0.0,0.0,0.0,0.0,0.0,0.0,0.0,0.0,0.0,0.0,0.0,0.0,0,0.0,0.0,0.0,0.0,0.0,0.0,0.0,0.0,1,39951.0,2.2,0.0,0.0,0.0,0.0,0.0,0.0,0.0,0.0
1457,1997-07-31,SZSE:000768,0.0,0.0,0.0,0.0,0.0,0.0,0.0,0.0,0.0,0.0,0.0,0.0,0.0,0.0,0.0,0.0,0.0,0,0.0,0.0,0.0,0.0,0.0,0.0,0.0,0.0,1,39951.0,2.2,0.0,0.0,0.0,0.0,0.0,0.0,0.0,0.0
1458,1997-08-01,SZSE:000768,0.0,0.0,0.0,0.0,0.0,0.0,0.0,0.0,0.0,0.0,0.0,0.0,0.0,0.0,0.0,0.0,0.0,0,0.0,0.0,0.0,0.0,0.0,0.0,0.0,0.0,1,39951.0,2.2,0.0,0.0,0.0,0.0,0.0,0.0,0.0,0.0
1459,1997-08-04,SZSE:000768,0.0,0.0,0.0,0.0,0.0,0.0,0.0,0.0,0.0,0.0,0.0,0.0,0.0,0.0,0.0,0.0,0.0,0,0.0,0.0,0.0,0.0,0.0,0.0,0.0,0.0,1,39951.0,2.2,0.0,0.0,0.0,0.0,0.0,0.0,0.0,0.0
1460,1997-08-05,SZSE:000768,0.0,0.0,0.0,0.0,0.0,0.0,0.0,0.0,0.0,0.0,0.0,0.0,0.0,0.0,0.0,0.0,0.0,0,0.0,0.0,0.0,0.0,0.0,0.0,0.0,0.0,1,39951.0,2.2,0.0,0.0,0.0,0.0,0.0,0.0,0.0,0.0
1461,1997-08-06,SZSE:000768,0.0,0.0,0.0,0.0,0.0,0.0,0.0,0.0,0.0,0.0,0.0,0.0,0.0,0.0,0.0,0.0,0.0,0,0.0,0.0,0.0,0.0,0.0,0.0,0.0,0.0,1,39951.0,2.2,0.0,0.0,0.0,0.0,0.0,0.0,0.0,0.0
1462,1997-08-07,SZSE:000768,0.0,0.0,0.0,0.0,0.0,0.0,0.0,0.0,0.0,0.0,0.0,0.0,0.0,0.0,0.0,0.0,0.0,0,0.0,0.0,0.0,0.0,0.0,0.0,0.0,0.0,1,39951.0,2.2,0.0,0.0,0.0,0.0,0.0,0.0,0.0,0.0
1463,1997-08-08,SZSE:000768,0.0,0.0,0.0,0.0,0.0,0.0,0.0,0.0,0.0,0.0,0.0,0.0,0.0,0.0,0.0,0.0,0.0,0,0.0,0.0,0.0,0.0,0.0,0.0,0.0,0.0,1,39951.0,2.2,0.0,0.0,0.0,0.0,0.0,0.0,0.0,0.0
1464,1997-08-11,SZSE:000768,0.0,0.0,0.0,0.0,0.0,0.0,0.0,0.0,0.0,0.0,0.0,0.0,0.0,0.0,0.0,0.0,0.0,0,0.0,0.0,0.0,0.0,0.0,0.0,0.0,0.0,1,39951.0,2.2,0.0,0.0,0.0,0.0,0.0,0.0,0.0,0.0
1465,1997-08-12,SZSE:000768,0.0,0.0,0.0,0.0,0.0,0.0,0.0,0.0,0.0,0.0,0.0,0.0,0.0,0.0,0.0,0.0,0.0,0,0.0,0.0,0.0,0.0,0.0,0.0,0.0,0.0,1,39951.0,2.2,0.0,0.0,0.0,0.0,0.0,0.0,0.0,0.0
1466,1997-08-13,SZSE:000768,0.0,0.0,0.0,0.0,0.0,0.0,0.0,0.0,0.0,0.0,0.0,0.0,0.0,0.0,0.0,0.0,0.0,0,0.0,0.0,0.0,0.0,0.0,0.0,0.0,0.0,1,39951.0,2.2,0.0,0.0,0.0,0.0,0.0,0.0,0.0,0.0
1467,1997-08-14,SZSE:000768,0.0,0.0,0.0,0.0,0.0,0.0,0.0,0.0,0.0,0.0,0.0,0.0,0.0,0.0,0.0,0.0,0.0,0,0.0,0.0,0.0,0.0,0.0,0.0,0.0,0.0,1,39951.0,2.2,0.0,0.0,0.0,0.0,0.0,0.0,0.0,0.0
1468,1997-08-15,SZSE:000768,0.0,0.0,0.0,0.0,0.0,0.0,0.0,0.0,0.0,0.0,0.0,0.0,0.0,0.0,0.0,0.0,0.0,0,0.0,0.0,0.0,0.0,0.0,0.0,0.0,0.0,1,39951.0,2.2,0.0,0.0,0.0,0.0,0.0,0.0,0.0,0.0
1469,1997-08-18,SZSE:000768,0.0,0.0,0.0,0.0,0.0,0.0,0.0,0.0,0.0,0.0,0.0,0.0,0.0,0.0,0.0,0.0,0.0,0,0.0,0.0,0.0,0.0,0.0,0.0,0.0,0.0,1,39951.0,2.2,0.0,0.0,0.0,0.0,0.0,0.0,0.0,0.0
1470,1997-08-19,SZSE:000768,0.0,0.0,0.0,0.0,0.0,0.0,0.0,0.0,0.0,0.0,0.0,0.0,0.0,0.0,0.0,0.0,0.0,0,0.0,0.0,0.0,0.0,0.0,0.0,0.0,0.0,1,39951.0,2.2,0.0,0.0,0.0,0.0,0.0,0.0,0.0,0.0
1471,1997-08-20,SZSE:000768,0.0,0.0,0.0,0.0,0.0,0.0,0.0,0.0,0.0,0.0,0.0,0.0,0.0,0.0,0.0,0.0,0.0,0,0.0,0.0,0.0,0.0,0.0,0.0,0.0,0.0,1,39951.0,2.2,0.0,0.0,0.0,0.0,0.0,0.0,0.0,0.0
1472,1997-08-21,SZSE:000768,0.0,0.0,0.0,0.0,0.0,0.0,0.0,0.0,0.0,0.0,0.0,0.0,0.0,0.0,0.0,0.0,0.0,0,0.0,0.0,0.0,0.0,0.0,0.0,0.0,0.0,1,39951.0,2.2,0.0,0.0,0.0,0.0,0.0,0.0,0.0,0.0
1473,1997-08-22,SZSE:000768,0.0,0.0,0.0,0.0,0.0,0.0,0.0,0.0,0.0,0.0,0.0,0.0,0.0,0.0,0.0,0.0,0.0,0,0.0,0.0,0.0,0.0,0.0,0.0,0.0,0.0,1,39951.0,2.2,0.0,0.0,0.0,0.0,0.0,0.0,0.0,0.0
1474,1997-08-25,SZSE:000768,0.0,0.0,0.0,0.0,0.0,0.0,0.0,0.0,0.0,0.0,0.0,0.0,0.0,0.0,0.0,0.0,0.0,0,0.0,0.0,0.0,0.0,0.0,0.0,0.0,0.0,1,39951.0,2.2,0.0,0.0,0.0,0.0,0.0,0.0,0.0,0.0
1475,1997-08-26,SZSE:000768,0.0,0.0,0.0,0.0,0.0,0.0,0.0,0.0,0.0,0.0,0.0,0.0,0.0,0.0,0.0,0.0,0.0,0,0.0,0.0,0.0,0.0,0.0,0.0,0.0,0.0,1,39951.0,2.2,0.0,0.0,0.0,0.0,0.0,0.0,0.0,0.0
1476,1997-08-27,SZSE:000768,0.0,0.0,0.0,0.0,0.0,0.0,0.0,0.0,0.0,0.0,0.0,0.0,0.0,0.0,0.0,0.0,0.0,0,0.0,0.0,0.0,0.0,0.0,0.0,0.0,0.0,1,39951.0,2.2,0.0,0.0,0.0,0.0,0.0,0.0,0.0,0.0
1477,1997-08-28,SZSE:000768,0.0,0.0,0.0,0.0,0.0,0.0,0.0,0.0,0.0,0.0,0.0,0.0,0.0,0.0,0.0,0.0,0.0,0,0.0,0.0,0.0,0.0,0.0,0.0,0.0,0.0,1,39951.0,2.2,0.0,0.0,0.0,0.0,0.0,0.0,0.0,0.0
1478,1997-08-29,SZSE:000768,0.0,0.0,0.0,0.0,0.0,0.0,0.0,0.0,0.0,0.0,0.0,0.0,0.0,0.0,0.0,0.0,0.0,0,0.0,0.0,0.0,0.0,0.0,0.0,0.0,0.0,1,39951.0,2.2,0.0,0.0,0.0,0.0,0.0,0.0,0.0,0.0
1479,1997-09-01,SZSE:000768,0.0,0.0,0.0,0.0,0.0,0.0,0.0,0.0,0.0,0.0,0.0,0.0,0.0,0.0,0.0,0.0,0.0,0,0.0,0.0,0.0,0.0,0.0,0.0,0.0,0.0,1,39951.0,2.2,0.0,0.0,0.0,0.0,0.0,0.0,0.0,0.0
1480,1997-09-02,SZSE:000768,0.0,0.0,0.0,0.0,0.0,0.0,0.0,0.0,0.0,0.0,0.0,0.0,0.0,0.0,0.0,0.0,0.0,0,0.0,0.0,0.0,0.0,0.0,0.0,0.0,0.0,1,39951.0,2.2,0.0,0.0,0.0,0.0,0.0,0.0,0.0,0.0
1481,1997-09-03,SZSE:000768,0.0,0.0,0.0,0.0,0.0,0.0,0.0,0.0,0.0,0.0,0.0,0.0,0.0,0.0,0.0,0.0,0.0,0,0.0,0.0,0.0,0.0,0.0,0.0,0.0,0.0,1,39951.0,2.2,0.0,0.0,0.0,0.0,0.0,0.0,0.0,0.0
1482,1997-09-04,SZSE:000768,0.0,0.0,0.0,0.0,0.0,0.0,0.0,0.0,0.0,0.0,0.0,0.0,0.0,0.0,0.0,0.0,0.0,0,0.0,0.0,0.0,0.0,0.0,0.0,0.0,0.0,1,39951.0,2.2,0.0,0.0,0.0,0.0,0.0,0.0,0.0,0.0
1483,1997-09-05,SZSE:000768,0.0,0.0,0.0,0.0,0.0,0.0,0.0,0.0,0.0,0.0,0.0,0.0,0.0,0.0,0.0,0.0,0.0,0,0.0,0.0,0.0,0.0,0.0,0.0,0.0,0.0,1,39951.0,2.2,0.0,0.0,0.0,0.0,0.0,0.0,0.0,0.0
1484,1997-09-08,SZSE:000768,0.0,0.0,0.0,0.0,0.0,0.0,0.0,0.0,0.0,0.0,0.0,0.0,0.0,0.0,0.0,0.0,0.0,0,0.0,0.0,0.0,0.0,0.0,0.0,0.0,0.0,1,39951.0,2.2,0.0,0.0,0.0,0.0,0.0,0.0,0.0,0.0
1485,1997-09-09,SZSE:000768,0.0,0.0,0.0,0.0,0.0,0.0,0.0,0.0,0.0,0.0,0.0,0.0,0.0,0.0,0.0,0.0,0.0,0,0.0,0.0,0.0,0.0,0.0,0.0,0.0,0.0,1,39951.0,2.2,0.0,0.0,0.0,0.0,0.0,0.0,0.0,0.0
1486,1997-09-10,SZSE:000768,0.0,0.0,0.0,0.0,0.0,0.0,0.0,0.0,0.0,0.0,0.0,0.0,0.0,0.0,0.0,0.0,0.0,0,0.0,0.0,0.0,0.0,0.0,0.0,0.0,0.0,1,39951.0,2.2,0.0,0.0,0.0,0.0,0.0,0.0,0.0,0.0
1487,1997-09-11,SZSE:000768,0.0,0.0,0.0,0.0,0.0,0.0,0.0,0.0,0.0,0.0,0.0,0.0,0.0,0.0,0.0,0.0,0.0,0,0.0,0.0,0.0,0.0,0.0,0.0,0.0,0.0,1,39951.0,2.2,0.0,0.0,0.0,0.0,0.0,0.0,0.0,0.0
1488,1997-09-12,SZSE:000768,0.0,0.0,0.0,0.0,0.0,0.0,0.0,0.0,0.0,0.0,0.0,0.0,0.0,0.0,0.0,0.0,0.0,0,0.0,0.0,0.0,0.0,0.0,0.0,0.0,0.0,1,39951.0,2.2,0.0,0.0,0.0,0.0,0.0,0.0,0.0,0.0
1489,1997-09-15,SZSE:000768,0.0,0.0,0.0,0.0,0.0,0.0,0.0,0.0,0.0,0.0,0.0,0.0,0.0,0.0,0.0,0.0,0.0,0,0.0,0.0,0.0,0.0,0.0,0.0,0.0,0.0,1,39951.0,2.2,0.0,0.0,0.0,0.0,0.0,0.0,0.0,0.0
1490,1997-09-16,SZSE:000768,0.0,0.0,0.0,0.0,0.0,0.0,0.0,0.0,0.0,0.0,0.0,0.0,0.0,0.0,0.0,0.0,0.0,0,0.0,0.0,0.0,0.0,0.0,0.0,0.0,0.0,1,39951.0,2.2,0.0,0.0,0.0,0.0,0.0,0.0,0.0,0.0
1491,1997-09-17,SZSE:000768,0.0,0.0,0.0,0.0,0.0,0.0,0.0,0.0,0.0,0.0,0.0,0.0,0.0,0.0,0.0,0.0,0.0,0,0.0,0.0,0.0,0.0,0.0,0.0,0.0,0.0,1,39951.0,2.2,0.0,0.0,0.0,0.0,0.0,0.0,0.0,0.0
1492,1997-09-18,SZSE:000768,0.0,0.0,0.0,0.0,0.0,0.0,0.0,0.0,0.0,0.0,0.0,0.0,0.0,0.0,0.0,0.0,0.0,0,0.0,0.0,0.0,0.0,0.0,0.0,0.0,0.0,1,39951.0,2.2,0.0,0.0,0.0,0.0,0.0,0.0,0.0,0.0
1493,1997-09-19,SZSE:000768,0.0,0.0,0.0,0.0,0.0,0.0,0.0,0.0,0.0,0.0,0.0,0.0,0.0,0.0,0.0,0.0,0.0,0,0.0,0.0,0.0,0.0,0.0,0.0,0.0,0.0,1,39951.0,2.2,0.0,0.0,0.0,0.0,0.0,0.0,0.0,0.0
1494,1997-09-22,SZSE:000768,0.0,0.0,0.0,0.0,0.0,0.0,0.0,0.0,0.0,0.0,0.0,0.0,0.0,0.0,0.0,0.0,0.0,0,0.0,0.0,0.0,0.0,0.0,0.0,0.0,0.0,1,39951.0,2.2,0.0,0.0,0.0,0.0,0.0,0.0,0.0,0.0
1495,1997-09-23,SZSE:000768,0.0,0.0,0.0,0.0,0.0,0.0,0.0,0.0,0.0,0.0,0.0,0.0,0.0,0.0,0.0,0.0,0.0,0,0.0,0.0,0.0,0.0,0.0,0.0,0.0,0.0,1,39951.0,2.2,0.0,0.0,0.0,0.0,0.0,0.0,0.0,0.0
1496,1997-09-24,SZSE:000768,0.0,0.0,0.0,0.0,0.0,0.0,0.0,0.0,0.0,0.0,0.0,0.0,0.0,0.0,0.0,0.0,0.0,0,0.0,0.0,0.0,0.0,0.0,0.0,0.0,0.0,1,39951.0,2.2,0.0,0.0,0.0,0.0,0.0,0.0,0.0,0.0
1497,1997-09-25,SZSE:000768,0.0,0.0,0.0,0.0,0.0,0.0,0.0,0.0,0.0,0.0,0.0,0.0,0.0,0.0,0.0,0.0,0.0,0,0.0,0.0,0.0,0.0,0.0,0.0,0.0,0.0,1,39951.0,2.2,0.0,0.0,0.0,0.0,0.0,0.0,0.0,0.0
1498,1997-09-26,SZSE:000768,0.0,0.0,0.0,0.0,0.0,0.0,0.0,0.0,0.0,0.0,0.0,0.0,0.0,0.0,0.0,0.0,0.0,0,0.0,0.0,0.0,0.0,0.0,0.0,0.0,0.0,1,39951.0,2.2,0.0,0.0,0.0,0.0,0.0,0.0,0.0,0.0
1499,1997-09-29,SZSE:000768,0.0,0.0,0.0,0.0,0.0,0.0,0.0,0.0,0.0,0.0,0.0,0.0,0.0,0.0,0.0,0.0,0.0,0,0.0,0.0,0.0,0.0,0.0,0.0,0.0,0.0,1,39951.0,2.2,0.0,0.0,0.0,0.0,0.0,0.0,0.0,0.0
1500,1997-09-30,SZSE:000768,0.0,0.0,0.0,0.0,0.0,0.0,0.0,0.0,0.0,0.0,0.0,0.0,0.0,0.0,0.0,0.0,0.0,0,0.0,0.0,0.0,0.0,0.0,0.0,0.0,0.0,1,39951.0,2.2,0.0,0.0,0.0,0.0,0.0,0.0,0.0,0.0
1501,1997-10-01,SZSE:000768,0.0,0.0,0.0,0.0,0.0,0.0,0.0,0.0,0.0,0.0,0.0,0.0,0.0,0.0,0.0,0.0,0.0,0,0.0,0.0,0.0,0.0,0.0,0.0,0.0,0.0,1,39951.0,2.2,0.0,0.0,0.0,0.0,0.0,0.0,0.0,0.0
1502,1997-10-02,SZSE:000768,0.0,0.0,0.0,0.0,0.0,0.0,0.0,0.0,0.0,0.0,0.0,0.0,0.0,0.0,0.0,0.0,0.0,0,0.0,0.0,0.0,0.0,0.0,0.0,0.0,0.0,1,39951.0,2.2,0.0,0.0,0.0,0.0,0.0,0.0,0.0,0.0
1503,1997-10-03,SZSE:000768,0.0,0.0,0.0,0.0,0.0,0.0,0.0,0.0,0.0,0.0,0.0,0.0,0.0,0.0,0.0,0.0,0.0,0,0.0,0.0,0.0,0.0,0.0,0.0,0.0,0.0,1,39951.0,2.2,0.0,0.0,0.0,0.0,0.0,0.0,0.0,0.0
1504,1997-10-06,SZSE:000768,0.0,0.0,0.0,0.0,0.0,0.0,0.0,0.0,0.0,0.0,0.0,0.0,0.0,0.0,0.0,0.0,0.0,0,0.0,0.0,0.0,0.0,0.0,0.0,0.0,0.0,1,39951.0,2.2,0.0,0.0,0.0,0.0,0.0,0.0,0.0,0.0
1505,1997-10-07,SZSE:000768,0.0,0.0,0.0,0.0,0.0,0.0,0.0,0.0,0.0,0.0,0.0,0.0,0.0,0.0,0.0,0.0,0.0,0,0.0,0.0,0.0,0.0,0.0,0.0,0.0,0.0,1,39951.0,2.2,0.0,0.0,0.0,0.0,0.0,0.0,0.0,0.0
1506,1997-10-08,SZSE:000768,0.0,0.0,0.0,0.0,0.0,0.0,0.0,0.0,0.0,0.0,0.0,0.0,0.0,0.0,0.0,0.0,0.0,0,0.0,0.0,0.0,0.0,0.0,0.0,0.0,0.0,1,39951.0,2.2,0.0,0.0,0.0,0.0,0.0,0.0,0.0,0.0
1507,1997-10-09,SZSE:000768,0.0,0.0,0.0,0.0,0.0,0.0,0.0,0.0,0.0,0.0,0.0,0.0,0.0,0.0,0.0,0.0,0.0,0,0.0,0.0,0.0,0.0,0.0,0.0,0.0,0.0,1,39951.0,2.2,0.0,0.0,0.0,0.0,0.0,0.0,0.0,0.0
1508,1997-10-10,SZSE:000768,0.0,0.0,0.0,0.0,0.0,0.0,0.0,0.0,0.0,0.0,0.0,0.0,0.0,0.0,0.0,0.0,0.0,0,0.0,0.0,0.0,0.0,0.0,0.0,0.0,0.0,1,39951.0,2.2,0.0,0.0,0.0,0.0,0.0,0.0,0.0,0.0
1509,1997-10-13,SZSE:000768,0.0,0.0,0.0,0.0,0.0,0.0,0.0,0.0,0.0,0.0,0.0,0.0,0.0,0.0,0.0,0.0,0.0,0,0.0,0.0,0.0,0.0,0.0,0.0,0.0,0.0,1,39951.0,2.2,0.0,0.0,0.0,0.0,0.0,0.0,0.0,0.0
1510,1997-10-14,SZSE:000768,0.0,0.0,0.0,0.0,0.0,0.0,0.0,0.0,0.0,0.0,0.0,0.0,0.0,0.0,0.0,0.0,0.0,0,0.0,0.0,0.0,0.0,0.0,0.0,0.0,0.0,1,39951.0,2.2,0.0,0.0,0.0,0.0,0.0,0.0,0.0,0.0
1511,1997-10-15,SZSE:000768,0.0,0.0,0.0,0.0,0.0,0.0,0.0,0.0,0.0,0.0,0.0,0.0,0.0,0.0,0.0,0.0,0.0,0,0.0,0.0,0.0,0.0,0.0,0.0,0.0,0.0,1,39951.0,2.2,0.0,0.0,0.0,0.0,0.0,0.0,0.0,0.0
1512,1997-10-16,SZSE:000768,0.0,0.0,0.0,0.0,0.0,0.0,0.0,0.0,0.0,0.0,0.0,0.0,0.0,0.0,0.0,0.0,0.0,0,0.0,0.0,0.0,0.0,0.0,0.0,0.0,0.0,1,39951.0,2.2,0.0,0.0,0.0,0.0,0.0,0.0,0.0,0.0
1513,1997-10-17,SZSE:000768,0.0,0.0,0.0,0.0,0.0,0.0,0.0,0.0,0.0,0.0,0.0,0.0,0.0,0.0,0.0,0.0,0.0,0,0.0,0.0,0.0,0.0,0.0,0.0,0.0,0.0,1,39951.0,2.2,0.0,0.0,0.0,0.0,0.0,0.0,0.0,0.0
1514,1997-10-20,SZSE:000768,0.0,0.0,0.0,0.0,0.0,0.0,0.0,0.0,0.0,0.0,0.0,0.0,0.0,0.0,0.0,0.0,0.0,0,0.0,0.0,0.0,0.0,0.0,0.0,0.0,0.0,1,39951.0,2.2,0.0,0.0,0.0,0.0,0.0,0.0,0.0,0.0
1515,1997-10-21,SZSE:000768,0.0,0.0,0.0,0.0,0.0,0.0,0.0,0.0,0.0,0.0,0.0,0.0,0.0,0.0,0.0,0.0,0.0,0,0.0,0.0,0.0,0.0,0.0,0.0,0.0,0.0,1,39951.0,2.2,0.0,0.0,0.0,0.0,0.0,0.0,0.0,0.0
1516,1997-10-22,SZSE:000768,0.0,0.0,0.0,0.0,0.0,0.0,0.0,0.0,0.0,0.0,0.0,0.0,0.0,0.0,0.0,0.0,0.0,0,0.0,0.0,0.0,0.0,0.0,0.0,0.0,0.0,1,39951.0,2.2,0.0,0.0,0.0,0.0,0.0,0.0,0.0,0.0
1517,1997-10-23,SZSE:000768,0.0,0.0,0.0,0.0,0.0,0.0,0.0,0.0,0.0,0.0,0.0,0.0,0.0,0.0,0.0,0.0,0.0,0,0.0,0.0,0.0,0.0,0.0,0.0,0.0,0.0,1,39951.0,2.2,0.0,0.0,0.0,0.0,0.0,0.0,0.0,0.0
1518,1997-10-24,SZSE:000768,0.0,0.0,0.0,0.0,0.0,0.0,0.0,0.0,0.0,0.0,0.0,0.0,0.0,0.0,0.0,0.0,0.0,0,0.0,0.0,0.0,0.0,0.0,0.0,0.0,0.0,1,39951.0,2.2,0.0,0.0,0.0,0.0,0.0,0.0,0.0,0.0
1519,1997-10-27,SZSE:000768,0.0,0.0,0.0,0.0,0.0,0.0,0.0,0.0,0.0,0.0,0.0,0.0,0.0,0.0,0.0,0.0,0.0,0,0.0,0.0,0.0,0.0,0.0,0.0,0.0,0.0,1,39951.0,2.2,0.0,0.0,0.0,0.0,0.0,0.0,0.0,0.0
1520,1997-10-28,SZSE:000768,0.0,0.0,0.0,0.0,0.0,0.0,0.0,0.0,0.0,0.0,0.0,0.0,0.0,0.0,0.0,0.0,0.0,0,0.0,0.0,0.0,0.0,0.0,0.0,0.0,0.0,1,39951.0,2.2,0.0,0.0,0.0,0.0,0.0,0.0,0.0,0.0
1521,1997-10-29,SZSE:000768,0.0,0.0,0.0,0.0,0.0,0.0,0.0,0.0,0.0,0.0,0.0,0.0,0.0,0.0,0.0,0.0,0.0,0,0.0,0.0,0.0,0.0,0.0,0.0,0.0,0.0,1,39951.0,2.2,0.0,0.0,0.0,0.0,0.0,0.0,0.0,0.0
1522,1997-10-30,SZSE:000768,0.0,0.0,0.0,0.0,0.0,0.0,0.0,0.0,0.0,0.0,0.0,0.0,0.0,0.0,0.0,0.0,0.0,0,0.0,0.0,0.0,0.0,0.0,0.0,0.0,0.0,1,39951.0,2.2,0.0,0.0,0.0,0.0,0.0,0.0,0.0,0.0
1523,1997-10-31,SZSE:000768,0.0,0.0,0.0,0.0,0.0,0.0,0.0,0.0,0.0,0.0,0.0,0.0,0.0,0.0,0.0,0.0,0.0,0,0.0,0.0,0.0,0.0,0.0,0.0,0.0,0.0,1,39951.0,2.2,0.0,0.0,0.0,0.0,0.0,0.0,0.0,0.0
1524,1997-11-03,SZSE:000768,0.0,0.0,0.0,0.0,0.0,0.0,0.0,0.0,0.0,0.0,0.0,0.0,0.0,0.0,0.0,0.0,0.0,0,0.0,0.0,0.0,0.0,0.0,0.0,0.0,0.0,1,39951.0,2.2,0.0,0.0,0.0,0.0,0.0,0.0,0.0,0.0
1525,1997-11-04,SZSE:000768,0.0,0.0,0.0,0.0,0.0,0.0,0.0,0.0,0.0,0.0,0.0,0.0,0.0,0.0,0.0,0.0,0.0,0,0.0,0.0,0.0,0.0,0.0,0.0,0.0,0.0,1,39951.0,2.2,0.0,0.0,0.0,0.0,0.0,0.0,0.0,0.0
1526,1997-11-05,SZSE:000768,0.0,0.0,0.0,0.0,0.0,0.0,0.0,0.0,0.0,0.0,0.0,0.0,0.0,0.0,0.0,0.0,0.0,0,0.0,0.0,0.0,0.0,0.0,0.0,0.0,0.0,1,39951.0,2.2,0.0,0.0,0.0,0.0,0.0,0.0,0.0,0.0
1527,1997-11-06,SZSE:000768,0.0,0.0,0.0,0.0,0.0,0.0,0.0,0.0,0.0,0.0,0.0,0.0,0.0,0.0,0.0,0.0,0.0,0,0.0,0.0,0.0,0.0,0.0,0.0,0.0,0.0,1,39951.0,2.2,0.0,0.0,0.0,0.0,0.0,0.0,0.0,0.0
1528,1997-11-07,SZSE:000768,0.0,0.0,0.0,0.0,0.0,0.0,0.0,0.0,0.0,0.0,0.0,0.0,0.0,0.0,0.0,0.0,0.0,0,0.0,0.0,0.0,0.0,0.0,0.0,0.0,0.0,1,39951.0,2.2,0.0,0.0,0.0,0.0,0.0,0.0,0.0,0.0
1529,1997-11-10,SZSE:000768,0.0,0.0,0.0,0.0,0.0,0.0,0.0,0.0,0.0,0.0,0.0,0.0,0.0,0.0,0.0,0.0,0.0,0,0.0,0.0,0.0,0.0,0.0,0.0,0.0,0.0,1,39951.0,2.2,0.0,0.0,0.0,0.0,0.0,0.0,0.0,0.0
1530,1997-11-11,SZSE:000768,0.0,0.0,0.0,0.0,0.0,0.0,0.0,0.0,0.0,0.0,0.0,0.0,0.0,0.0,0.0,0.0,0.0,0,0.0,0.0,0.0,0.0,0.0,0.0,0.0,0.0,1,39951.0,2.2,0.0,0.0,0.0,0.0,0.0,0.0,0.0,0.0
1531,1997-11-12,SZSE:000768,0.0,0.0,0.0,0.0,0.0,0.0,0.0,0.0,0.0,0.0,0.0,0.0,0.0,0.0,0.0,0.0,0.0,0,0.0,0.0,0.0,0.0,0.0,0.0,0.0,0.0,1,39951.0,2.2,0.0,0.0,0.0,0.0,0.0,0.0,0.0,0.0
1532,1997-11-13,SZSE:000768,0.0,0.0,0.0,0.0,0.0,0.0,0.0,0.0,0.0,0.0,0.0,0.0,0.0,0.0,0.0,0.0,0.0,0,0.0,0.0,0.0,0.0,0.0,0.0,0.0,0.0,1,39951.0,2.2,0.0,0.0,0.0,0.0,0.0,0.0,0.0,0.0
1533,1997-11-14,SZSE:000768,0.0,0.0,0.0,0.0,0.0,0.0,0.0,0.0,0.0,0.0,0.0,0.0,0.0,0.0,0.0,0.0,0.0,0,0.0,0.0,0.0,0.0,0.0,0.0,0.0,0.0,1,39951.0,2.2,0.0,0.0,0.0,0.0,0.0,0.0,0.0,0.0
1534,1997-11-17,SZSE:000768,0.0,0.0,0.0,0.0,0.0,0.0,0.0,0.0,0.0,0.0,0.0,0.0,0.0,0.0,0.0,0.0,0.0,0,0.0,0.0,0.0,0.0,0.0,0.0,0.0,0.0,1,39951.0,2.2,0.0,0.0,0.0,0.0,0.0,0.0,0.0,0.0
1535,1997-11-18,SZSE:000768,0.0,0.0,0.0,0.0,0.0,0.0,0.0,0.0,0.0,0.0,0.0,0.0,0.0,0.0,0.0,0.0,0.0,0,0.0,0.0,0.0,0.0,0.0,0.0,0.0,0.0,1,39951.0,2.2,0.0,0.0,0.0,0.0,0.0,0.0,0.0,0.0
1536,1997-11-19,SZSE:000768,0.0,0.0,0.0,0.0,0.0,0.0,0.0,0.0,0.0,0.0,0.0,0.0,0.0,0.0,0.0,0.0,0.0,0,0.0,0.0,0.0,0.0,0.0,0.0,0.0,0.0,1,39951.0,2.2,0.0,0.0,0.0,0.0,0.0,0.0,0.0,0.0
1537,1997-11-20,SZSE:000768,0.0,0.0,0.0,0.0,0.0,0.0,0.0,0.0,0.0,0.0,0.0,0.0,0.0,0.0,0.0,0.0,0.0,0,0.0,0.0,0.0,0.0,0.0,0.0,0.0,0.0,1,39951.0,2.2,0.0,0.0,0.0,0.0,0.0,0.0,0.0,0.0
1538,1997-11-21,SZSE:000768,0.0,0.0,0.0,0.0,0.0,0.0,0.0,0.0,0.0,0.0,0.0,0.0,0.0,0.0,0.0,0.0,0.0,0,0.0,0.0,0.0,0.0,0.0,0.0,0.0,0.0,1,39951.0,2.2,0.0,0.0,0.0,0.0,0.0,0.0,0.0,0.0
1539,1997-11-24,SZSE:000768,0.0,0.0,0.0,0.0,0.0,0.0,0.0,0.0,0.0,0.0,0.0,0.0,0.0,0.0,0.0,0.0,0.0,0,0.0,0.0,0.0,0.0,0.0,0.0,0.0,0.0,1,39951.0,2.2,0.0,0.0,0.0,0.0,0.0,0.0,0.0,0.0
1540,1997-11-25,SZSE:000768,0.0,0.0,0.0,0.0,0.0,0.0,0.0,0.0,0.0,0.0,0.0,0.0,0.0,0.0,0.0,0.0,0.0,0,0.0,0.0,0.0,0.0,0.0,0.0,0.0,0.0,1,39951.0,2.2,0.0,0.0,0.0,0.0,0.0,0.0,0.0,0.0
1541,1997-11-26,SZSE:000768,0.0,0.0,0.0,0.0,0.0,0.0,0.0,0.0,0.0,0.0,0.0,0.0,0.0,0.0,0.0,0.0,0.0,0,0.0,0.0,0.0,0.0,0.0,0.0,0.0,0.0,1,39951.0,2.2,0.0,0.0,0.0,0.0,0.0,0.0,0.0,0.0
1542,1997-11-27,SZSE:000768,0.0,0.0,0.0,0.0,0.0,0.0,0.0,0.0,0.0,0.0,0.0,0.0,0.0,0.0,0.0,0.0,0.0,0,0.0,0.0,0.0,0.0,0.0,0.0,0.0,0.0,1,39951.0,2.2,0.0,0.0,0.0,0.0,0.0,0.0,0.0,0.0
1543,1997-11-28,SZSE:000768,0.0,0.0,0.0,0.0,0.0,0.0,0.0,0.0,0.0,0.0,0.0,0.0,0.0,0.0,0.0,0.0,0.0,0,0.0,0.0,0.0,0.0,0.0,0.0,0.0,0.0,1,39951.0,2.2,0.0,0.0,0.0,0.0,0.0,0.0,0.0,0.0
1544,1997-12-01,SZSE:000768,0.0,0.0,0.0,0.0,0.0,0.0,0.0,0.0,0.0,0.0,0.0,0.0,0.0,0.0,0.0,0.0,0.0,0,0.0,0.0,0.0,0.0,0.0,0.0,0.0,0.0,1,39951.0,2.2,0.0,0.0,0.0,0.0,0.0,0.0,0.0,0.0
1545,1997-12-02,SZSE:000768,0.0,0.0,0.0,0.0,0.0,0.0,0.0,0.0,0.0,0.0,0.0,0.0,0.0,0.0,0.0,0.0,0.0,0,0.0,0.0,0.0,0.0,0.0,0.0,0.0,0.0,1,39951.0,2.2,0.0,0.0,0.0,0.0,0.0,0.0,0.0,0.0
1546,1997-12-03,SZSE:000768,0.0,0.0,0.0,0.0,0.0,0.0,0.0,0.0,0.0,0.0,0.0,0.0,0.0,0.0,0.0,0.0,0.0,0,0.0,0.0,0.0,0.0,0.0,0.0,0.0,0.0,1,39951.0,2.2,0.0,0.0,0.0,0.0,0.0,0.0,0.0,0.0
1547,1997-12-04,SZSE:000768,0.0,0.0,0.0,0.0,0.0,0.0,0.0,0.0,0.0,0.0,0.0,0.0,0.0,0.0,0.0,0.0,0.0,0,0.0,0.0,0.0,0.0,0.0,0.0,0.0,0.0,1,39951.0,2.2,0.0,0.0,0.0,0.0,0.0,0.0,0.0,0.0
1548,1997-12-05,SZSE:000768,0.0,0.0,0.0,0.0,0.0,0.0,0.0,0.0,0.0,0.0,0.0,0.0,0.0,0.0,0.0,0.0,0.0,0,0.0,0.0,0.0,0.0,0.0,0.0,0.0,0.0,1,39951.0,2.2,0.0,0.0,0.0,0.0,0.0,0.0,0.0,0.0
1549,1997-12-08,SZSE:000768,0.0,0.0,0.0,0.0,0.0,0.0,0.0,0.0,0.0,0.0,0.0,0.0,0.0,0.0,0.0,0.0,0.0,0,0.0,0.0,0.0,0.0,0.0,0.0,0.0,0.0,1,39951.0,2.2,0.0,0.0,0.0,0.0,0.0,0.0,0.0,0.0
1550,1997-12-09,SZSE:000768,0.0,0.0,0.0,0.0,0.0,0.0,0.0,0.0,0.0,0.0,0.0,0.0,0.0,0.0,0.0,0.0,0.0,0,0.0,0.0,0.0,0.0,0.0,0.0,0.0,0.0,1,39951.0,2.2,0.0,0.0,0.0,0.0,0.0,0.0,0.0,0.0
1551,1997-12-10,SZSE:000768,0.0,0.0,0.0,0.0,0.0,0.0,0.0,0.0,0.0,0.0,0.0,0.0,0.0,0.0,0.0,0.0,0.0,0,0.0,0.0,0.0,0.0,0.0,0.0,0.0,0.0,1,39951.0,2.2,0.0,0.0,0.0,0.0,0.0,0.0,0.0,0.0
1552,1997-12-11,SZSE:000768,0.0,0.0,0.0,0.0,0.0,0.0,0.0,0.0,0.0,0.0,0.0,0.0,0.0,0.0,0.0,0.0,0.0,0,0.0,0.0,0.0,0.0,0.0,0.0,0.0,0.0,1,39951.0,2.2,0.0,0.0,0.0,0.0,0.0,0.0,0.0,0.0
1553,1997-12-12,SZSE:000768,0.0,0.0,0.0,0.0,0.0,0.0,0.0,0.0,0.0,0.0,0.0,0.0,0.0,0.0,0.0,0.0,0.0,0,0.0,0.0,0.0,0.0,0.0,0.0,0.0,0.0,1,39951.0,2.2,0.0,0.0,0.0,0.0,0.0,0.0,0.0,0.0
1554,1997-12-15,SZSE:000768,0.0,0.0,0.0,0.0,0.0,0.0,0.0,0.0,0.0,0.0,0.0,0.0,0.0,0.0,0.0,0.0,0.0,0,0.0,0.0,0.0,0.0,0.0,0.0,0.0,0.0,1,39951.0,2.2,0.0,0.0,0.0,0.0,0.0,0.0,0.0,0.0
1555,1997-12-16,SZSE:000768,0.0,0.0,0.0,0.0,0.0,0.0,0.0,0.0,0.0,0.0,0.0,0.0,0.0,0.0,0.0,0.0,0.0,0,0.0,0.0,0.0,0.0,0.0,0.0,0.0,0.0,1,39951.0,2.2,0.0,0.0,0.0,0.0,0.0,0.0,0.0,0.0
1556,1997-12-17,SZSE:000768,0.0,0.0,0.0,0.0,0.0,0.0,0.0,0.0,0.0,0.0,0.0,0.0,0.0,0.0,0.0,0.0,0.0,0,0.0,0.0,0.0,0.0,0.0,0.0,0.0,0.0,1,39951.0,2.2,0.0,0.0,0.0,0.0,0.0,0.0,0.0,0.0
1557,1997-12-18,SZSE:000768,0.0,0.0,0.0,0.0,0.0,0.0,0.0,0.0,0.0,0.0,0.0,0.0,0.0,0.0,0.0,0.0,0.0,0,0.0,0.0,0.0,0.0,0.0,0.0,0.0,0.0,1,39951.0,2.2,0.0,0.0,0.0,0.0,0.0,0.0,0.0,0.0
1558,1997-12-19,SZSE:000768,0.0,0.0,0.0,0.0,0.0,0.0,0.0,0.0,0.0,0.0,0.0,0.0,0.0,0.0,0.0,0.0,0.0,0,0.0,0.0,0.0,0.0,0.0,0.0,0.0,0.0,1,39951.0,2.2,0.0,0.0,0.0,0.0,0.0,0.0,0.0,0.0
1559,1997-12-22,SZSE:000768,0.0,0.0,0.0,0.0,0.0,0.0,0.0,0.0,0.0,0.0,0.0,0.0,0.0,0.0,0.0,0.0,0.0,0,0.0,0.0,0.0,0.0,0.0,0.0,0.0,0.0,1,39951.0,2.2,0.0,0.0,0.0,0.0,0.0,0.0,0.0,0.0
1560,1997-12-23,SZSE:000768,0.0,0.0,0.0,0.0,0.0,0.0,0.0,0.0,0.0,0.0,0.0,0.0,0.0,0.0,0.0,0.0,0.0,0,0.0,0.0,0.0,0.0,0.0,0.0,0.0,0.0,1,39951.0,2.2,0.0,0.0,0.0,0.0,0.0,0.0,0.0,0.0
1561,1997-12-24,SZSE:000768,0.0,0.0,0.0,0.0,0.0,0.0,0.0,0.0,0.0,0.0,0.0,0.0,0.0,0.0,0.0,0.0,0.0,0,0.0,0.0,0.0,0.0,0.0,0.0,0.0,0.0,1,39951.0,2.2,0.0,0.0,0.0,0.0,0.0,0.0,0.0,0.0
1562,1997-12-25,SZSE:000768,0.0,0.0,0.0,0.0,0.0,0.0,0.0,0.0,0.0,0.0,0.0,0.0,0.0,0.0,0.0,0.0,0.0,0,0.0,0.0,0.0,0.0,0.0,0.0,0.0,0.0,1,39951.0,2.2,0.0,0.0,0.0,0.0,0.0,0.0,0.0,0.0
1563,1997-12-26,SZSE:000768,0.0,0.0,0.0,0.0,0.0,0.0,0.0,0.0,0.0,0.0,0.0,0.0,0.0,0.0,0.0,0.0,0.0,0,0.0,0.0,0.0,0.0,0.0,0.0,0.0,0.0,1,39951.0,2.2,0.0,0.0,0.0,0.0,0.0,0.0,0.0,0.0
1564,1997-12-29,SZSE:000768,0.0,0.0,0.0,0.0,0.0,0.0,0.0,0.0,0.0,0.0,0.0,0.0,0.0,0.0,0.0,0.0,0.0,0,0.0,0.0,0.0,0.0,0.0,0.0,0.0,0.0,1,39951.0,2.2,0.0,0.0,0.0,0.0,0.0,0.0,0.0,0.0
1565,1997-12-30,SZSE:000768,0.0,0.0,0.0,0.0,0.0,0.0,0.0,0.0,0.0,0.0,0.0,0.0,0.0,0.0,0.0,0.0,0.0,0,0.0,0.0,0.0,0.0,0.0,0.0,0.0,0.0,1,39951.0,2.2,0.0,0.0,0.0,0.0,0.0,0.0,0.0,0.0
1566,1997-12-31,SZSE:000768,0.0,0.0,0.0,0.0,0.0,0.0,0.0,0.0,0.0,0.0,0.0,0.0,0.0,0.0,0.0,0.0,0.0,0,0.0,0.0,0.0,0.0,0.0,0.0,0.0,0.0,1,39951.0,2.2,0.0,0.0,0.0,0.0,0.0,0.0,0.0,0.0
1567,1998-01-01,SZSE:000768,0.0,0.0,0.0,0.0,0.0,0.0,0.0,0.0,0.0,0.0,0.0,0.0,0.0,0.0,0.0,0.0,0.0,0,0.0,0.0,0.0,0.0,0.0,0.0,0.0,0.0,1,39951.0,2.2,0.0,0.0,0.0,0.0,0.0,0.0,0.0,0.0
1568,1998-01-02,SZSE:000768,0.0,0.0,0.0,0.0,0.0,0.0,0.0,0.0,0.0,0.0,0.0,0.0,0.0,0.0,0.0,0.0,0.0,0,0.0,0.0,0.0,0.0,0.0,0.0,0.0,0.0,1,39951.0,2.2,0.0,0.0,0.0,0.0,0.0,0.0,0.0,0.0
1569,1998-01-05,SZSE:000768,0.0,0.0,0.0,0.0,0.0,0.0,0.0,0.0,0.0,0.0,0.0,0.0,0.0,0.0,0.0,0.0,0.0,0,0.0,0.0,0.0,0.0,0.0,0.0,0.0,0.0,1,39951.0,2.2,0.0,0.0,0.0,0.0,0.0,0.0,0.0,0.0
1570,1998-01-06,SZSE:000768,0.0,0.0,0.0,0.0,0.0,0.0,0.0,0.0,0.0,0.0,0.0,0.0,0.0,0.0,0.0,0.0,0.0,0,0.0,0.0,0.0,0.0,0.0,0.0,0.0,0.0,1,39951.0,2.2,0.0,0.0,0.0,0.0,0.0,0.0,0.0,0.0
1571,1998-01-07,SZSE:000768,0.0,0.0,0.0,0.0,0.0,0.0,0.0,0.0,0.0,0.0,0.0,0.0,0.0,0.0,0.0,0.0,0.0,0,0.0,0.0,0.0,0.0,0.0,0.0,0.0,0.0,1,39951.0,2.2,0.0,0.0,0.0,0.0,0.0,0.0,0.0,0.0
1572,1998-01-08,SZSE:000768,0.0,0.0,0.0,0.0,0.0,0.0,0.0,0.0,0.0,0.0,0.0,0.0,0.0,0.0,0.0,0.0,0.0,0,0.0,0.0,0.0,0.0,0.0,0.0,0.0,0.0,1,39951.0,2.2,0.0,0.0,0.0,0.0,0.0,0.0,0.0,0.0
1573,1998-01-09,SZSE:000768,0.0,0.0,0.0,0.0,0.0,0.0,0.0,0.0,0.0,0.0,0.0,0.0,0.0,0.0,0.0,0.0,0.0,0,0.0,0.0,0.0,0.0,0.0,0.0,0.0,0.0,1,39951.0,2.2,0.0,0.0,0.0,0.0,0.0,0.0,0.0,0.0
1574,1998-01-12,SZSE:000768,0.0,0.0,0.0,0.0,0.0,0.0,0.0,0.0,0.0,0.0,0.0,0.0,0.0,0.0,0.0,0.0,0.0,0,0.0,0.0,0.0,0.0,0.0,0.0,0.0,0.0,1,39951.0,2.2,0.0,0.0,0.0,0.0,0.0,0.0,0.0,0.0
1575,1998-01-13,SZSE:000768,0.0,0.0,0.0,0.0,0.0,0.0,0.0,0.0,0.0,0.0,0.0,0.0,0.0,0.0,0.0,0.0,0.0,0,0.0,0.0,0.0,0.0,0.0,0.0,0.0,0.0,1,39951.0,2.2,0.0,0.0,0.0,0.0,0.0,0.0,0.0,0.0
1576,1998-01-14,SZSE:000768,0.0,0.0,0.0,0.0,0.0,0.0,0.0,0.0,0.0,0.0,0.0,0.0,0.0,0.0,0.0,0.0,0.0,0,0.0,0.0,0.0,0.0,0.0,0.0,0.0,0.0,1,39951.0,2.2,0.0,0.0,0.0,0.0,0.0,0.0,0.0,0.0
1577,1998-01-15,SZSE:000768,0.0,0.0,0.0,0.0,0.0,0.0,0.0,0.0,0.0,0.0,0.0,0.0,0.0,0.0,0.0,0.0,0.0,0,0.0,0.0,0.0,0.0,0.0,0.0,0.0,0.0,1,39951.0,2.2,0.0,0.0,0.0,0.0,0.0,0.0,0.0,0.0
1578,1998-01-16,SZSE:000768,0.0,0.0,0.0,0.0,0.0,0.0,0.0,0.0,0.0,0.0,0.0,0.0,0.0,0.0,0.0,0.0,0.0,0,0.0,0.0,0.0,0.0,0.0,0.0,0.0,0.0,1,39951.0,2.2,0.0,0.0,0.0,0.0,0.0,0.0,0.0,0.0
1579,1998-01-19,SZSE:000768,0.0,0.0,0.0,0.0,0.0,0.0,0.0,0.0,0.0,0.0,0.0,0.0,0.0,0.0,0.0,0.0,0.0,0,0.0,0.0,0.0,0.0,0.0,0.0,0.0,0.0,1,39951.0,2.2,0.0,0.0,0.0,0.0,0.0,0.0,0.0,0.0
1580,1998-01-20,SZSE:000768,0.0,0.0,0.0,0.0,0.0,0.0,0.0,0.0,0.0,0.0,0.0,0.0,0.0,0.0,0.0,0.0,0.0,0,0.0,0.0,0.0,0.0,0.0,0.0,0.0,0.0,1,39951.0,2.2,0.0,0.0,0.0,0.0,0.0,0.0,0.0,0.0
1581,1998-01-21,SZSE:000768,0.0,0.0,0.0,0.0,0.0,0.0,0.0,0.0,0.0,0.0,0.0,0.0,0.0,0.0,0.0,0.0,0.0,0,0.0,0.0,0.0,0.0,0.0,0.0,0.0,0.0,1,39951.0,2.2,0.0,0.0,0.0,0.0,0.0,0.0,0.0,0.0
1582,1998-01-22,SZSE:000768,0.0,0.0,0.0,0.0,0.0,0.0,0.0,0.0,0.0,0.0,0.0,0.0,0.0,0.0,0.0,0.0,0.0,0,0.0,0.0,0.0,0.0,0.0,0.0,0.0,0.0,1,39951.0,2.2,0.0,0.0,0.0,0.0,0.0,0.0,0.0,0.0
1583,1998-01-23,SZSE:000768,0.0,0.0,0.0,0.0,0.0,0.0,0.0,0.0,0.0,0.0,0.0,0.0,0.0,0.0,0.0,0.0,0.0,0,0.0,0.0,0.0,0.0,0.0,0.0,0.0,0.0,1,39951.0,2.2,0.0,0.0,0.0,0.0,0.0,0.0,0.0,0.0
1584,1998-01-26,SZSE:000768,0.0,0.0,0.0,0.0,0.0,0.0,0.0,0.0,0.0,0.0,0.0,0.0,0.0,0.0,0.0,0.0,0.0,0,0.0,0.0,0.0,0.0,0.0,0.0,0.0,0.0,1,39951.0,2.2,0.0,0.0,0.0,0.0,0.0,0.0,0.0,0.0
1585,1998-01-27,SZSE:000768,0.0,0.0,0.0,0.0,0.0,0.0,0.0,0.0,0.0,0.0,0.0,0.0,0.0,0.0,0.0,0.0,0.0,0,0.0,0.0,0.0,0.0,0.0,0.0,0.0,0.0,1,39951.0,2.2,0.0,0.0,0.0,0.0,0.0,0.0,0.0,0.0
1586,1998-01-28,SZSE:000768,0.0,0.0,0.0,0.0,0.0,0.0,0.0,0.0,0.0,0.0,0.0,0.0,0.0,0.0,0.0,0.0,0.0,0,0.0,0.0,0.0,0.0,0.0,0.0,0.0,0.0,1,39951.0,2.2,0.0,0.0,0.0,0.0,0.0,0.0,0.0,0.0
1587,1998-01-29,SZSE:000768,0.0,0.0,0.0,0.0,0.0,0.0,0.0,0.0,0.0,0.0,0.0,0.0,0.0,0.0,0.0,0.0,0.0,0,0.0,0.0,0.0,0.0,0.0,0.0,0.0,0.0,1,39951.0,2.2,0.0,0.0,0.0,0.0,0.0,0.0,0.0,0.0
1588,1998-01-30,SZSE:000768,0.0,0.0,0.0,0.0,0.0,0.0,0.0,0.0,0.0,0.0,0.0,0.0,0.0,0.0,0.0,0.0,0.0,0,0.0,0.0,0.0,0.0,0.0,0.0,0.0,0.0,1,39951.0,2.2,0.0,0.0,0.0,0.0,0.0,0.0,0.0,0.0
1589,1998-02-02,SZSE:000768,0.0,0.0,0.0,0.0,0.0,0.0,0.0,0.0,0.0,0.0,0.0,0.0,0.0,0.0,0.0,0.0,0.0,0,0.0,0.0,0.0,0.0,0.0,0.0,0.0,0.0,1,39951.0,2.2,0.0,0.0,0.0,0.0,0.0,0.0,0.0,0.0
1590,1998-02-03,SZSE:000768,0.0,0.0,0.0,0.0,0.0,0.0,0.0,0.0,0.0,0.0,0.0,0.0,0.0,0.0,0.0,0.0,0.0,0,0.0,0.0,0.0,0.0,0.0,0.0,0.0,0.0,1,39951.0,2.2,0.0,0.0,0.0,0.0,0.0,0.0,0.0,0.0
1591,1998-02-04,SZSE:000768,0.0,0.0,0.0,0.0,0.0,0.0,0.0,0.0,0.0,0.0,0.0,0.0,0.0,0.0,0.0,0.0,0.0,0,0.0,0.0,0.0,0.0,0.0,0.0,0.0,0.0,1,39951.0,2.2,0.0,0.0,0.0,0.0,0.0,0.0,0.0,0.0
1592,1998-02-05,SZSE:000768,0.0,0.0,0.0,0.0,0.0,0.0,0.0,0.0,0.0,0.0,0.0,0.0,0.0,0.0,0.0,0.0,0.0,0,0.0,0.0,0.0,0.0,0.0,0.0,0.0,0.0,1,39951.0,2.2,0.0,0.0,0.0,0.0,0.0,0.0,0.0,0.0
1593,1998-02-06,SZSE:000768,0.0,0.0,0.0,0.0,0.0,0.0,0.0,0.0,0.0,0.0,0.0,0.0,0.0,0.0,0.0,0.0,0.0,0,0.0,0.0,0.0,0.0,0.0,0.0,0.0,0.0,1,39951.0,2.2,0.0,0.0,0.0,0.0,0.0,0.0,0.0,0.0
1594,1998-02-09,SZSE:000768,0.0,0.0,0.0,0.0,0.0,0.0,0.0,0.0,0.0,0.0,0.0,0.0,0.0,0.0,0.0,0.0,0.0,0,0.0,0.0,0.0,0.0,0.0,0.0,0.0,0.0,1,39951.0,2.2,0.0,0.0,0.0,0.0,0.0,0.0,0.0,0.0
1595,1998-02-10,SZSE:000768,0.0,0.0,0.0,0.0,0.0,0.0,0.0,0.0,0.0,0.0,0.0,0.0,0.0,0.0,0.0,0.0,0.0,0,0.0,0.0,0.0,0.0,0.0,0.0,0.0,0.0,1,39951.0,2.2,0.0,0.0,0.0,0.0,0.0,0.0,0.0,0.0
1596,1998-02-11,SZSE:000768,0.0,0.0,0.0,0.0,0.0,0.0,0.0,0.0,0.0,0.0,0.0,0.0,0.0,0.0,0.0,0.0,0.0,0,0.0,0.0,0.0,0.0,0.0,0.0,0.0,0.0,1,39951.0,2.2,0.0,0.0,0.0,0.0,0.0,0.0,0.0,0.0
1597,1998-02-12,SZSE:000768,0.0,0.0,0.0,0.0,0.0,0.0,0.0,0.0,0.0,0.0,0.0,0.0,0.0,0.0,0.0,0.0,0.0,0,0.0,0.0,0.0,0.0,0.0,0.0,0.0,0.0,1,39951.0,2.2,0.0,0.0,0.0,0.0,0.0,0.0,0.0,0.0
1598,1998-02-13,SZSE:000768,0.0,0.0,0.0,0.0,0.0,0.0,0.0,0.0,0.0,0.0,0.0,0.0,0.0,0.0,0.0,0.0,0.0,0,0.0,0.0,0.0,0.0,0.0,0.0,0.0,0.0,1,39951.0,2.2,0.0,0.0,0.0,0.0,0.0,0.0,0.0,0.0
1599,1998-02-16,SZSE:000768,0.0,0.0,0.0,0.0,0.0,0.0,0.0,0.0,0.0,0.0,0.0,0.0,0.0,0.0,0.0,0.0,0.0,0,0.0,0.0,0.0,0.0,0.0,0.0,0.0,0.0,1,39951.0,2.2,0.0,0.0,0.0,0.0,0.0,0.0,0.0,0.0
1600,1998-02-17,SZSE:000768,0.0,0.0,0.0,0.0,0.0,0.0,0.0,0.0,0.0,0.0,0.0,0.0,0.0,0.0,0.0,0.0,0.0,0,0.0,0.0,0.0,0.0,0.0,0.0,0.0,0.0,1,39951.0,2.2,0.0,0.0,0.0,0.0,0.0,0.0,0.0,0.0
1601,1998-02-18,SZSE:000768,0.0,0.0,0.0,0.0,0.0,0.0,0.0,0.0,0.0,0.0,0.0,0.0,0.0,0.0,0.0,0.0,0.0,0,0.0,0.0,0.0,0.0,0.0,0.0,0.0,0.0,1,39951.0,2.2,0.0,0.0,0.0,0.0,0.0,0.0,0.0,0.0
1602,1998-02-19,SZSE:000768,0.0,0.0,0.0,0.0,0.0,0.0,0.0,0.0,0.0,0.0,0.0,0.0,0.0,0.0,0.0,0.0,0.0,0,0.0,0.0,0.0,0.0,0.0,0.0,0.0,0.0,1,39951.0,2.2,0.0,0.0,0.0,0.0,0.0,0.0,0.0,0.0
1603,1998-02-20,SZSE:000768,0.0,0.0,0.0,0.0,0.0,0.0,0.0,0.0,0.0,0.0,0.0,0.0,0.0,0.0,0.0,0.0,0.0,0,0.0,0.0,0.0,0.0,0.0,0.0,0.0,0.0,1,39951.0,2.2,0.0,0.0,0.0,0.0,0.0,0.0,0.0,0.0
1604,1998-02-23,SZSE:000768,0.0,0.0,0.0,0.0,0.0,0.0,0.0,0.0,0.0,0.0,0.0,0.0,0.0,0.0,0.0,0.0,0.0,0,0.0,0.0,0.0,0.0,0.0,0.0,0.0,0.0,1,39951.0,2.2,0.0,0.0,0.0,0.0,0.0,0.0,0.0,0.0
1605,1998-02-24,SZSE:000768,0.0,0.0,0.0,0.0,0.0,0.0,0.0,0.0,0.0,0.0,0.0,0.0,0.0,0.0,0.0,0.0,0.0,0,0.0,0.0,0.0,0.0,0.0,0.0,0.0,0.0,1,39951.0,2.2,0.0,0.0,0.0,0.0,0.0,0.0,0.0,0.0
1606,1998-02-25,SZSE:000768,0.0,0.0,0.0,0.0,0.0,0.0,0.0,0.0,0.0,0.0,0.0,0.0,0.0,0.0,0.0,0.0,0.0,0,0.0,0.0,0.0,0.0,0.0,0.0,0.0,0.0,1,39951.0,2.2,0.0,0.0,0.0,0.0,0.0,0.0,0.0,0.0
1607,1998-02-26,SZSE:000768,0.0,0.0,0.0,0.0,0.0,0.0,0.0,0.0,0.0,0.0,0.0,0.0,0.0,0.0,0.0,0.0,0.0,0,0.0,0.0,0.0,0.0,0.0,0.0,0.0,0.0,1,39951.0,2.2,0.0,0.0,0.0,0.0,0.0,0.0,0.0,0.0
1608,1998-02-27,SZSE:000768,0.0,0.0,0.0,0.0,0.0,0.0,0.0,0.0,0.0,0.0,0.0,0.0,0.0,0.0,0.0,0.0,0.0,0,0.0,0.0,0.0,0.0,0.0,0.0,0.0,0.0,1,39951.0,2.2,0.0,0.0,0.0,0.0,0.0,0.0,0.0,0.0
1609,1998-03-02,SZSE:000768,0.0,0.0,0.0,0.0,0.0,0.0,0.0,0.0,0.0,0.0,0.0,0.0,0.0,0.0,0.0,0.0,0.0,0,0.0,0.0,0.0,0.0,0.0,0.0,0.0,0.0,1,39951.0,2.2,0.0,0.0,0.0,0.0,0.0,0.0,0.0,0.0
1610,1998-03-03,SZSE:000768,0.0,0.0,0.0,0.0,0.0,0.0,0.0,0.0,0.0,0.0,0.0,0.0,0.0,0.0,0.0,0.0,0.0,0,0.0,0.0,0.0,0.0,0.0,0.0,0.0,0.0,1,39951.0,2.2,0.0,0.0,0.0,0.0,0.0,0.0,0.0,0.0
1611,1998-03-04,SZSE:000768,0.0,0.0,0.0,0.0,0.0,0.0,0.0,0.0,0.0,0.0,0.0,0.0,0.0,0.0,0.0,0.0,0.0,0,0.0,0.0,0.0,0.0,0.0,0.0,0.0,0.0,1,39951.0,2.2,0.0,0.0,0.0,0.0,0.0,0.0,0.0,0.0
1612,1998-03-05,SZSE:000768,0.0,0.0,0.0,0.0,0.0,0.0,0.0,0.0,0.0,0.0,0.0,0.0,0.0,0.0,0.0,0.0,0.0,0,0.0,0.0,0.0,0.0,0.0,0.0,0.0,0.0,1,39951.0,2.2,0.0,0.0,0.0,0.0,0.0,0.0,0.0,0.0
1613,1998-03-06,SZSE:000768,0.0,0.0,0.0,0.0,0.0,0.0,0.0,0.0,0.0,0.0,0.0,0.0,0.0,0.0,0.0,0.0,0.0,0,0.0,0.0,0.0,0.0,0.0,0.0,0.0,0.0,1,39951.0,2.2,0.0,0.0,0.0,0.0,0.0,0.0,0.0,0.0
1614,1998-03-09,SZSE:000768,0.0,0.0,0.0,0.0,0.0,0.0,0.0,0.0,0.0,0.0,0.0,0.0,0.0,0.0,0.0,0.0,0.0,0,0.0,0.0,0.0,0.0,0.0,0.0,0.0,0.0,1,39951.0,2.2,0.0,0.0,0.0,0.0,0.0,0.0,0.0,0.0
1615,1998-03-10,SZSE:000768,0.0,0.0,0.0,0.0,0.0,0.0,0.0,0.0,0.0,0.0,0.0,0.0,0.0,0.0,0.0,0.0,0.0,0,0.0,0.0,0.0,0.0,0.0,0.0,0.0,0.0,1,39951.0,2.2,0.0,0.0,0.0,0.0,0.0,0.0,0.0,0.0
1616,1998-03-11,SZSE:000768,0.0,0.0,0.0,0.0,0.0,0.0,0.0,0.0,0.0,0.0,0.0,0.0,0.0,0.0,0.0,0.0,0.0,0,0.0,0.0,0.0,0.0,0.0,0.0,0.0,0.0,1,39951.0,2.2,0.0,0.0,0.0,0.0,0.0,0.0,0.0,0.0
1617,1998-03-12,SZSE:000768,0.0,0.0,0.0,0.0,0.0,0.0,0.0,0.0,0.0,0.0,0.0,0.0,0.0,0.0,0.0,0.0,0.0,0,0.0,0.0,0.0,0.0,0.0,0.0,0.0,0.0,1,39951.0,2.2,0.0,0.0,0.0,0.0,0.0,0.0,0.0,0.0
1618,1998-03-13,SZSE:000768,0.0,0.0,0.0,0.0,0.0,0.0,0.0,0.0,0.0,0.0,0.0,0.0,0.0,0.0,0.0,0.0,0.0,0,0.0,0.0,0.0,0.0,0.0,0.0,0.0,0.0,1,39951.0,2.2,0.0,0.0,0.0,0.0,0.0,0.0,0.0,0.0
1619,1998-03-16,SZSE:000768,0.0,0.0,0.0,0.0,0.0,0.0,0.0,0.0,0.0,0.0,0.0,0.0,0.0,0.0,0.0,0.0,0.0,0,0.0,0.0,0.0,0.0,0.0,0.0,0.0,0.0,1,39951.0,2.2,0.0,0.0,0.0,0.0,0.0,0.0,0.0,0.0
1620,1998-03-17,SZSE:000768,0.0,0.0,0.0,0.0,0.0,0.0,0.0,0.0,0.0,0.0,0.0,0.0,0.0,0.0,0.0,0.0,0.0,0,0.0,0.0,0.0,0.0,0.0,0.0,0.0,0.0,1,39951.0,2.2,0.0,0.0,0.0,0.0,0.0,0.0,0.0,0.0
1621,1998-03-18,SZSE:000768,0.0,0.0,0.0,0.0,0.0,0.0,0.0,0.0,0.0,0.0,0.0,0.0,0.0,0.0,0.0,0.0,0.0,0,0.0,0.0,0.0,0.0,0.0,0.0,0.0,0.0,1,39951.0,2.2,0.0,0.0,0.0,0.0,0.0,0.0,0.0,0.0
1622,1998-03-19,SZSE:000768,0.0,0.0,0.0,0.0,0.0,0.0,0.0,0.0,0.0,0.0,0.0,0.0,0.0,0.0,0.0,0.0,0.0,0,0.0,0.0,0.0,0.0,0.0,0.0,0.0,0.0,1,39951.0,2.2,0.0,0.0,0.0,0.0,0.0,0.0,0.0,0.0
1623,1998-03-20,SZSE:000768,0.0,0.0,0.0,0.0,0.0,0.0,0.0,0.0,0.0,0.0,0.0,0.0,0.0,0.0,0.0,0.0,0.0,0,0.0,0.0,0.0,0.0,0.0,0.0,0.0,0.0,1,39951.0,2.2,0.0,0.0,0.0,0.0,0.0,0.0,0.0,0.0
1624,1998-03-23,SZSE:000768,0.0,0.0,0.0,0.0,0.0,0.0,0.0,0.0,0.0,0.0,0.0,0.0,0.0,0.0,0.0,0.0,0.0,0,0.0,0.0,0.0,0.0,0.0,0.0,0.0,0.0,1,39951.0,2.2,0.0,0.0,0.0,0.0,0.0,0.0,0.0,0.0
1625,1998-03-24,SZSE:000768,0.0,0.0,0.0,0.0,0.0,0.0,0.0,0.0,0.0,0.0,0.0,0.0,0.0,0.0,0.0,0.0,0.0,0,0.0,0.0,0.0,0.0,0.0,0.0,0.0,0.0,1,39951.0,2.2,0.0,0.0,0.0,0.0,0.0,0.0,0.0,0.0
1626,1998-03-25,SZSE:000768,0.0,0.0,0.0,0.0,0.0,0.0,0.0,0.0,0.0,0.0,0.0,0.0,0.0,0.0,0.0,0.0,0.0,0,0.0,0.0,0.0,0.0,0.0,0.0,0.0,0.0,1,39951.0,2.2,0.0,0.0,0.0,0.0,0.0,0.0,0.0,0.0
1627,1998-03-26,SZSE:000768,0.0,0.0,0.0,0.0,0.0,0.0,0.0,0.0,0.0,0.0,0.0,0.0,0.0,0.0,0.0,0.0,0.0,0,0.0,0.0,0.0,0.0,0.0,0.0,0.0,0.0,1,39951.0,2.2,0.0,0.0,0.0,0.0,0.0,0.0,0.0,0.0
1628,1998-03-27,SZSE:000768,0.0,0.0,0.0,0.0,0.0,0.0,0.0,0.0,0.0,0.0,0.0,0.0,0.0,0.0,0.0,0.0,0.0,0,0.0,0.0,0.0,0.0,0.0,0.0,0.0,0.0,1,39951.0,2.2,0.0,0.0,0.0,0.0,0.0,0.0,0.0,0.0
1629,1998-03-30,SZSE:000768,0.0,0.0,0.0,0.0,0.0,0.0,0.0,0.0,0.0,0.0,0.0,0.0,0.0,0.0,0.0,0.0,0.0,0,0.0,0.0,0.0,0.0,0.0,0.0,0.0,0.0,1,39951.0,2.2,0.0,0.0,0.0,0.0,0.0,0.0,0.0,0.0
1630,1998-03-31,SZSE:000768,0.0,0.0,0.0,0.0,0.0,0.0,0.0,0.0,0.0,0.0,0.0,0.0,0.0,0.0,0.0,0.0,0.0,0,0.0,0.0,0.0,0.0,0.0,0.0,0.0,0.0,1,39951.0,2.2,0.0,0.0,0.0,0.0,0.0,0.0,0.0,0.0
1631,1998-04-01,SZSE:000768,0.0,0.0,0.0,0.0,0.0,0.0,0.0,0.0,0.0,0.0,0.0,0.0,0.0,0.0,0.0,0.0,0.0,0,0.0,0.0,0.0,0.0,0.0,0.0,0.0,0.0,1,39951.0,2.2,0.0,0.0,0.0,0.0,0.0,0.0,0.0,0.0
1632,1998-04-02,SZSE:000768,0.0,0.0,0.0,0.0,0.0,0.0,0.0,0.0,0.0,0.0,0.0,0.0,0.0,0.0,0.0,0.0,0.0,0,0.0,0.0,0.0,0.0,0.0,0.0,0.0,0.0,1,39951.0,2.2,0.0,0.0,0.0,0.0,0.0,0.0,0.0,0.0
1633,1998-04-03,SZSE:000768,0.0,0.0,0.0,0.0,0.0,0.0,0.0,0.0,0.0,0.0,0.0,0.0,0.0,0.0,0.0,0.0,0.0,0,0.0,0.0,0.0,0.0,0.0,0.0,0.0,0.0,1,39951.0,2.2,0.0,0.0,0.0,0.0,0.0,0.0,0.0,0.0
1634,1998-04-06,SZSE:000768,0.0,0.0,0.0,0.0,0.0,0.0,0.0,0.0,0.0,0.0,0.0,0.0,0.0,0.0,0.0,0.0,0.0,0,0.0,0.0,0.0,0.0,0.0,0.0,0.0,0.0,1,39951.0,2.2,0.0,0.0,0.0,0.0,0.0,0.0,0.0,0.0
1635,1998-04-07,SZSE:000768,0.0,0.0,0.0,0.0,0.0,0.0,0.0,0.0,0.0,0.0,0.0,0.0,0.0,0.0,0.0,0.0,0.0,0,0.0,0.0,0.0,0.0,0.0,0.0,0.0,0.0,1,39951.0,2.2,0.0,0.0,0.0,0.0,0.0,0.0,0.0,0.0
1636,1998-04-08,SZSE:000768,0.0,0.0,0.0,0.0,0.0,0.0,0.0,0.0,0.0,0.0,0.0,0.0,0.0,0.0,0.0,0.0,0.0,0,0.0,0.0,0.0,0.0,0.0,0.0,0.0,0.0,1,39951.0,2.2,0.0,0.0,0.0,0.0,0.0,0.0,0.0,0.0
1637,1998-04-09,SZSE:000768,0.0,0.0,0.0,0.0,0.0,0.0,0.0,0.0,0.0,0.0,0.0,0.0,0.0,0.0,0.0,0.0,0.0,0,0.0,0.0,0.0,0.0,0.0,0.0,0.0,0.0,1,39951.0,2.2,0.0,0.0,0.0,0.0,0.0,0.0,0.0,0.0
1638,1998-04-10,SZSE:000768,0.0,0.0,0.0,0.0,0.0,0.0,0.0,0.0,0.0,0.0,0.0,0.0,0.0,0.0,0.0,0.0,0.0,0,0.0,0.0,0.0,0.0,0.0,0.0,0.0,0.0,1,39951.0,2.2,0.0,0.0,0.0,0.0,0.0,0.0,0.0,0.0
1639,1998-04-13,SZSE:000768,0.0,0.0,0.0,0.0,0.0,0.0,0.0,0.0,0.0,0.0,0.0,0.0,0.0,0.0,0.0,0.0,0.0,0,0.0,0.0,0.0,0.0,0.0,0.0,0.0,0.0,1,39951.0,2.2,0.0,0.0,0.0,0.0,0.0,0.0,0.0,0.0
1640,1998-04-14,SZSE:000768,0.0,0.0,0.0,0.0,0.0,0.0,0.0,0.0,0.0,0.0,0.0,0.0,0.0,0.0,0.0,0.0,0.0,0,0.0,0.0,0.0,0.0,0.0,0.0,0.0,0.0,1,39951.0,2.2,0.0,0.0,0.0,0.0,0.0,0.0,0.0,0.0
1641,1998-04-15,SZSE:000768,0.0,0.0,0.0,0.0,0.0,0.0,0.0,0.0,0.0,0.0,0.0,0.0,0.0,0.0,0.0,0.0,0.0,0,0.0,0.0,0.0,0.0,0.0,0.0,0.0,0.0,1,39951.0,2.2,0.0,0.0,0.0,0.0,0.0,0.0,0.0,0.0
1642,1998-04-16,SZSE:000768,0.0,0.0,0.0,0.0,0.0,0.0,0.0,0.0,0.0,0.0,0.0,0.0,0.0,0.0,0.0,0.0,0.0,0,0.0,0.0,0.0,0.0,0.0,0.0,0.0,0.0,1,39951.0,2.2,0.0,0.0,0.0,0.0,0.0,0.0,0.0,0.0
1643,1998-04-17,SZSE:000768,0.0,0.0,0.0,0.0,0.0,0.0,0.0,0.0,0.0,0.0,0.0,0.0,0.0,0.0,0.0,0.0,0.0,0,0.0,0.0,0.0,0.0,0.0,0.0,0.0,0.0,1,39951.0,2.2,0.0,0.0,0.0,0.0,0.0,0.0,0.0,0.0
1644,1998-04-20,SZSE:000768,0.0,0.0,0.0,0.0,0.0,0.0,0.0,0.0,0.0,0.0,0.0,0.0,0.0,0.0,0.0,0.0,0.0,0,0.0,0.0,0.0,0.0,0.0,0.0,0.0,0.0,1,39951.0,2.2,0.0,0.0,0.0,0.0,0.0,0.0,0.0,0.0
1645,1998-04-21,SZSE:000768,0.0,0.0,0.0,0.0,0.0,0.0,0.0,0.0,0.0,0.0,0.0,0.0,0.0,0.0,0.0,0.0,0.0,0,0.0,0.0,0.0,0.0,0.0,0.0,0.0,0.0,1,39951.0,2.2,0.0,0.0,0.0,0.0,0.0,0.0,0.0,0.0
1646,1998-04-22,SZSE:000768,0.0,0.0,0.0,0.0,0.0,0.0,0.0,0.0,0.0,0.0,0.0,0.0,0.0,0.0,0.0,0.0,0.0,0,0.0,0.0,0.0,0.0,0.0,0.0,0.0,0.0,1,39951.0,2.2,0.0,0.0,0.0,0.0,0.0,0.0,0.0,0.0
1647,1998-04-23,SZSE:000768,0.0,0.0,0.0,0.0,0.0,0.0,0.0,0.0,0.0,0.0,0.0,0.0,0.0,0.0,0.0,0.0,0.0,0,0.0,0.0,0.0,0.0,0.0,0.0,0.0,0.0,1,39951.0,2.2,0.0,0.0,0.0,0.0,0.0,0.0,0.0,0.0
1648,1998-04-24,SZSE:000768,0.0,0.0,0.0,0.0,0.0,0.0,0.0,0.0,0.0,0.0,0.0,0.0,0.0,0.0,0.0,0.0,0.0,0,0.0,0.0,0.0,0.0,0.0,0.0,0.0,0.0,1,39951.0,2.2,0.0,0.0,0.0,0.0,0.0,0.0,0.0,0.0
1649,1998-04-27,SZSE:000768,0.0,0.0,0.0,0.0,0.0,0.0,0.0,0.0,0.0,0.0,0.0,0.0,0.0,0.0,0.0,0.0,0.0,0,0.0,0.0,0.0,0.0,0.0,0.0,0.0,0.0,1,39951.0,2.2,0.0,0.0,0.0,0.0,0.0,0.0,0.0,0.0
1650,1998-04-28,SZSE:000768,0.0,0.0,0.0,0.0,0.0,0.0,0.0,0.0,0.0,0.0,0.0,0.0,0.0,0.0,0.0,0.0,0.0,0,0.0,0.0,0.0,0.0,0.0,0.0,0.0,0.0,1,39951.0,2.2,0.0,0.0,0.0,0.0,0.0,0.0,0.0,0.0
1651,1998-04-29,SZSE:000768,0.0,0.0,0.0,0.0,0.0,0.0,0.0,0.0,0.0,0.0,0.0,0.0,0.0,0.0,0.0,0.0,0.0,0,0.0,0.0,0.0,0.0,0.0,0.0,0.0,0.0,1,39951.0,2.2,0.0,0.0,0.0,0.0,0.0,0.0,0.0,0.0
1652,1998-04-30,SZSE:000768,0.0,0.0,0.0,0.0,0.0,0.0,0.0,0.0,0.0,0.0,0.0,0.0,0.0,0.0,0.0,0.0,0.0,0,0.0,0.0,0.0,0.0,0.0,0.0,0.0,0.0,1,39951.0,2.2,0.0,0.0,0.0,0.0,0.0,0.0,0.0,0.0
1653,1998-05-01,SZSE:000768,0.0,0.0,0.0,0.0,0.0,0.0,0.0,0.0,0.0,0.0,0.0,0.0,0.0,0.0,0.0,0.0,0.0,0,0.0,0.0,0.0,0.0,0.0,0.0,0.0,0.0,1,39951.0,2.2,0.0,0.0,0.0,0.0,0.0,0.0,0.0,0.0
1654,1998-05-04,SZSE:000768,0.0,0.0,0.0,0.0,0.0,0.0,0.0,0.0,0.0,0.0,0.0,0.0,0.0,0.0,0.0,0.0,0.0,0,0.0,0.0,0.0,0.0,0.0,0.0,0.0,0.0,1,39951.0,2.2,0.0,0.0,0.0,0.0,0.0,0.0,0.0,0.0
1655,1998-05-05,SZSE:000768,0.0,0.0,0.0,0.0,0.0,0.0,0.0,0.0,0.0,0.0,0.0,0.0,0.0,0.0,0.0,0.0,0.0,0,0.0,0.0,0.0,0.0,0.0,0.0,0.0,0.0,1,39951.0,2.2,0.0,0.0,0.0,0.0,0.0,0.0,0.0,0.0
1656,1998-05-06,SZSE:000768,0.0,0.0,0.0,0.0,0.0,0.0,0.0,0.0,0.0,0.0,0.0,0.0,0.0,0.0,0.0,0.0,0.0,0,0.0,0.0,0.0,0.0,0.0,0.0,0.0,0.0,1,39951.0,2.2,0.0,0.0,0.0,0.0,0.0,0.0,0.0,0.0
1657,1998-05-07,SZSE:000768,0.0,0.0,0.0,0.0,0.0,0.0,0.0,0.0,0.0,0.0,0.0,0.0,0.0,0.0,0.0,0.0,0.0,0,0.0,0.0,0.0,0.0,0.0,0.0,0.0,0.0,1,39951.0,2.2,0.0,0.0,0.0,0.0,0.0,0.0,0.0,0.0
1658,1998-05-08,SZSE:000768,0.0,0.0,0.0,0.0,0.0,0.0,0.0,0.0,0.0,0.0,0.0,0.0,0.0,0.0,0.0,0.0,0.0,0,0.0,0.0,0.0,0.0,0.0,0.0,0.0,0.0,1,39951.0,2.2,0.0,0.0,0.0,0.0,0.0,0.0,0.0,0.0
1659,1998-05-11,SZSE:000768,0.0,0.0,0.0,0.0,0.0,0.0,0.0,0.0,0.0,0.0,0.0,0.0,0.0,0.0,0.0,0.0,0.0,0,0.0,0.0,0.0,0.0,0.0,0.0,0.0,0.0,1,39951.0,2.2,0.0,0.0,0.0,0.0,0.0,0.0,0.0,0.0
1660,1998-05-12,SZSE:000768,0.0,0.0,0.0,0.0,0.0,0.0,0.0,0.0,0.0,0.0,0.0,0.0,0.0,0.0,0.0,0.0,0.0,0,0.0,0.0,0.0,0.0,0.0,0.0,0.0,0.0,1,39951.0,2.2,0.0,0.0,0.0,0.0,0.0,0.0,0.0,0.0
1661,1998-05-13,SZSE:000768,0.0,0.0,0.0,0.0,0.0,0.0,0.0,0.0,0.0,0.0,0.0,0.0,0.0,0.0,0.0,0.0,0.0,0,0.0,0.0,0.0,0.0,0.0,0.0,0.0,0.0,1,39951.0,2.2,0.0,0.0,0.0,0.0,0.0,0.0,0.0,0.0
1662,1998-05-14,SZSE:000768,0.0,0.0,0.0,0.0,0.0,0.0,0.0,0.0,0.0,0.0,0.0,0.0,0.0,0.0,0.0,0.0,0.0,0,0.0,0.0,0.0,0.0,0.0,0.0,0.0,0.0,1,39951.0,2.2,0.0,0.0,0.0,0.0,0.0,0.0,0.0,0.0
1663,1998-05-15,SZSE:000768,0.0,0.0,0.0,0.0,0.0,0.0,0.0,0.0,0.0,0.0,0.0,0.0,0.0,0.0,0.0,0.0,0.0,0,0.0,0.0,0.0,0.0,0.0,0.0,0.0,0.0,1,39951.0,2.2,0.0,0.0,0.0,0.0,0.0,0.0,0.0,0.0
1664,1998-05-18,SZSE:000768,0.0,0.0,0.0,0.0,0.0,0.0,0.0,0.0,0.0,0.0,0.0,0.0,0.0,0.0,0.0,0.0,0.0,0,0.0,0.0,0.0,0.0,0.0,0.0,0.0,0.0,1,39951.0,2.2,0.0,0.0,0.0,0.0,0.0,0.0,0.0,0.0
1665,1998-05-19,SZSE:000768,0.0,0.0,0.0,0.0,0.0,0.0,0.0,0.0,0.0,0.0,0.0,0.0,0.0,0.0,0.0,0.0,0.0,0,0.0,0.0,0.0,0.0,0.0,0.0,0.0,0.0,1,39951.0,2.2,0.0,0.0,0.0,0.0,0.0,0.0,0.0,0.0
1666,1998-05-20,SZSE:000768,0.0,0.0,0.0,0.0,0.0,0.0,0.0,0.0,0.0,0.0,0.0,0.0,0.0,0.0,0.0,0.0,0.0,0,0.0,0.0,0.0,0.0,0.0,0.0,0.0,0.0,1,39951.0,2.2,0.0,0.0,0.0,0.0,0.0,0.0,0.0,0.0
1667,1998-05-21,SZSE:000768,0.0,0.0,0.0,0.0,0.0,0.0,0.0,0.0,0.0,0.0,0.0,0.0,0.0,0.0,0.0,0.0,0.0,0,0.0,0.0,0.0,0.0,0.0,0.0,0.0,0.0,1,39951.0,2.2,0.0,0.0,0.0,0.0,0.0,0.0,0.0,0.0
1668,1998-05-22,SZSE:000768,0.0,0.0,0.0,0.0,0.0,0.0,0.0,0.0,0.0,0.0,0.0,0.0,0.0,0.0,0.0,0.0,0.0,0,0.0,0.0,0.0,0.0,0.0,0.0,0.0,0.0,1,39951.0,2.2,0.0,0.0,0.0,0.0,0.0,0.0,0.0,0.0
1669,1998-05-25,SZSE:000768,0.0,0.0,0.0,0.0,0.0,0.0,0.0,0.0,0.0,0.0,0.0,0.0,0.0,0.0,0.0,0.0,0.0,0,0.0,0.0,0.0,0.0,0.0,0.0,0.0,0.0,1,39951.0,2.2,0.0,0.0,0.0,0.0,0.0,0.0,0.0,0.0
1670,1998-05-26,SZSE:000768,0.0,0.0,0.0,0.0,0.0,0.0,0.0,0.0,0.0,0.0,0.0,0.0,0.0,0.0,0.0,0.0,0.0,0,0.0,0.0,0.0,0.0,0.0,0.0,0.0,0.0,1,39951.0,2.2,0.0,0.0,0.0,0.0,0.0,0.0,0.0,0.0
1671,1998-05-27,SZSE:000768,0.0,0.0,0.0,0.0,0.0,0.0,0.0,0.0,0.0,0.0,0.0,0.0,0.0,0.0,0.0,0.0,0.0,0,0.0,0.0,0.0,0.0,0.0,0.0,0.0,0.0,1,39951.0,2.2,0.0,0.0,0.0,0.0,0.0,0.0,0.0,0.0
1672,1998-05-28,SZSE:000768,0.0,0.0,0.0,0.0,0.0,0.0,0.0,0.0,0.0,0.0,0.0,0.0,0.0,0.0,0.0,0.0,0.0,0,0.0,0.0,0.0,0.0,0.0,0.0,0.0,0.0,1,39951.0,2.2,0.0,0.0,0.0,0.0,0.0,0.0,0.0,0.0
1673,1998-05-29,SZSE:000768,0.0,0.0,0.0,0.0,0.0,0.0,0.0,0.0,0.0,0.0,0.0,0.0,0.0,0.0,0.0,0.0,0.0,0,0.0,0.0,0.0,0.0,0.0,0.0,0.0,0.0,1,39951.0,2.2,0.0,0.0,0.0,0.0,0.0,0.0,0.0,0.0
1674,1998-06-01,SZSE:000768,0.0,0.0,0.0,0.0,0.0,0.0,0.0,0.0,0.0,0.0,0.0,0.0,0.0,0.0,0.0,0.0,0.0,0,0.0,0.0,0.0,0.0,0.0,0.0,0.0,0.0,1,39951.0,2.2,0.0,0.0,0.0,0.0,0.0,0.0,0.0,0.0
1675,1998-06-02,SZSE:000768,0.0,0.0,0.0,0.0,0.0,0.0,0.0,0.0,0.0,0.0,0.0,0.0,0.0,0.0,0.0,0.0,0.0,0,0.0,0.0,0.0,0.0,0.0,0.0,0.0,0.0,1,39951.0,2.2,0.0,0.0,0.0,0.0,0.0,0.0,0.0,0.0
1676,1998-06-03,SZSE:000768,0.0,0.0,0.0,0.0,0.0,0.0,0.0,0.0,0.0,0.0,0.0,0.0,0.0,0.0,0.0,0.0,0.0,0,0.0,0.0,0.0,0.0,0.0,0.0,0.0,0.0,1,39951.0,2.2,0.0,0.0,0.0,0.0,0.0,0.0,0.0,0.0
1677,1998-06-04,SZSE:000768,0.0,0.0,0.0,0.0,0.0,0.0,0.0,0.0,0.0,0.0,0.0,0.0,0.0,0.0,0.0,0.0,0.0,0,0.0,0.0,0.0,0.0,0.0,0.0,0.0,0.0,1,39951.0,2.2,0.0,0.0,0.0,0.0,0.0,0.0,0.0,0.0
1678,1998-06-05,SZSE:000768,0.0,0.0,0.0,0.0,0.0,0.0,0.0,0.0,0.0,0.0,0.0,0.0,0.0,0.0,0.0,0.0,0.0,0,0.0,0.0,0.0,0.0,0.0,0.0,0.0,0.0,1,39951.0,2.2,0.0,0.0,0.0,0.0,0.0,0.0,0.0,0.0
1679,1998-06-08,SZSE:000768,0.0,0.0,0.0,0.0,0.0,0.0,0.0,0.0,0.0,0.0,0.0,0.0,0.0,0.0,0.0,0.0,0.0,0,0.0,0.0,0.0,0.0,0.0,0.0,0.0,0.0,1,39951.0,2.2,0.0,0.0,0.0,0.0,0.0,0.0,0.0,0.0
1680,1998-06-09,SZSE:000768,0.0,0.0,0.0,0.0,0.0,0.0,0.0,0.0,0.0,0.0,0.0,0.0,0.0,0.0,0.0,0.0,0.0,0,0.0,0.0,0.0,0.0,0.0,0.0,0.0,0.0,1,39951.0,2.2,0.0,0.0,0.0,0.0,0.0,0.0,0.0,0.0
1681,1998-06-10,SZSE:000768,0.0,0.0,0.0,0.0,0.0,0.0,0.0,0.0,0.0,0.0,0.0,0.0,0.0,0.0,0.0,0.0,0.0,0,0.0,0.0,0.0,0.0,0.0,0.0,0.0,0.0,1,39951.0,2.2,0.0,0.0,0.0,0.0,0.0,0.0,0.0,0.0
1682,1998-06-11,SZSE:000768,0.0,0.0,0.0,0.0,0.0,0.0,0.0,0.0,0.0,0.0,0.0,0.0,0.0,0.0,0.0,0.0,0.0,0,0.0,0.0,0.0,0.0,0.0,0.0,0.0,0.0,1,39951.0,2.2,0.0,0.0,0.0,0.0,0.0,0.0,0.0,0.0
1683,1998-06-12,SZSE:000768,0.0,0.0,0.0,0.0,0.0,0.0,0.0,0.0,0.0,0.0,0.0,0.0,0.0,0.0,0.0,0.0,0.0,0,0.0,0.0,0.0,0.0,0.0,0.0,0.0,0.0,1,39951.0,2.2,0.0,0.0,0.0,0.0,0.0,0.0,0.0,0.0
1684,1998-06-15,SZSE:000768,0.0,0.0,0.0,0.0,0.0,0.0,0.0,0.0,0.0,0.0,0.0,0.0,0.0,0.0,0.0,0.0,0.0,0,0.0,0.0,0.0,0.0,0.0,0.0,0.0,0.0,1,39951.0,2.2,0.0,0.0,0.0,0.0,0.0,0.0,0.0,0.0
1685,1998-06-16,SZSE:000768,0.0,0.0,0.0,0.0,0.0,0.0,0.0,0.0,0.0,0.0,0.0,0.0,0.0,0.0,0.0,0.0,0.0,0,0.0,0.0,0.0,0.0,0.0,0.0,0.0,0.0,1,39951.0,2.2,0.0,0.0,0.0,0.0,0.0,0.0,0.0,0.0
1686,1998-06-17,SZSE:000768,0.0,0.0,0.0,0.0,0.0,0.0,0.0,0.0,0.0,0.0,0.0,0.0,0.0,0.0,0.0,0.0,0.0,0,0.0,0.0,0.0,0.0,0.0,0.0,0.0,0.0,1,39951.0,2.2,0.0,0.0,0.0,0.0,0.0,0.0,0.0,0.0
1687,1998-06-18,SZSE:000768,0.0,0.0,0.0,0.0,0.0,0.0,0.0,0.0,0.0,0.0,0.0,0.0,0.0,0.0,0.0,0.0,0.0,0,0.0,0.0,0.0,0.0,0.0,0.0,0.0,0.0,1,39951.0,2.2,0.0,0.0,0.0,0.0,0.0,0.0,0.0,0.0
1688,1998-06-19,SZSE:000768,0.0,0.0,0.0,0.0,0.0,0.0,0.0,0.0,0.0,0.0,0.0,0.0,0.0,0.0,0.0,0.0,0.0,0,0.0,0.0,0.0,0.0,0.0,0.0,0.0,0.0,1,39951.0,2.2,0.0,0.0,0.0,0.0,0.0,0.0,0.0,0.0
1689,1998-06-22,SZSE:000768,0.0,0.0,0.0,0.0,0.0,0.0,0.0,0.0,0.0,0.0,0.0,0.0,0.0,0.0,0.0,0.0,0.0,0,0.0,0.0,0.0,0.0,0.0,0.0,0.0,0.0,1,39951.0,2.2,0.0,0.0,0.0,0.0,0.0,0.0,0.0,0.0
1690,1998-06-23,SZSE:000768,0.0,0.0,0.0,0.0,0.0,0.0,0.0,0.0,0.0,0.0,0.0,0.0,0.0,0.0,0.0,0.0,0.0,0,0.0,0.0,0.0,0.0,0.0,0.0,0.0,0.0,1,39951.0,2.2,0.0,0.0,0.0,0.0,0.0,0.0,0.0,0.0
1691,1998-06-24,SZSE:000768,0.0,0.0,0.0,0.0,0.0,0.0,0.0,0.0,0.0,0.0,0.0,0.0,0.0,0.0,0.0,0.0,0.0,0,0.0,0.0,0.0,0.0,0.0,0.0,0.0,0.0,1,39951.0,2.2,0.0,0.0,0.0,0.0,0.0,0.0,0.0,0.0
1692,1998-06-25,SZSE:000768,0.0,0.0,0.0,0.0,0.0,0.0,0.0,0.0,0.0,0.0,0.0,0.0,0.0,0.0,0.0,0.0,0.0,0,0.0,0.0,0.0,0.0,0.0,0.0,0.0,0.0,1,39951.0,2.2,0.0,0.0,0.0,0.0,0.0,0.0,0.0,0.0
1693,1998-06-26,SZSE:000768,0.0,0.0,0.0,0.0,0.0,0.0,0.0,0.0,0.0,0.0,0.0,0.0,0.0,0.0,0.0,0.0,0.0,0,0.0,0.0,0.0,0.0,0.0,0.0,0.0,0.0,1,39951.0,2.2,0.0,0.0,0.0,0.0,0.0,0.0,0.0,0.0
1694,1998-06-29,SZSE:000768,0.0,0.0,0.0,0.0,0.0,0.0,0.0,0.0,0.0,0.0,0.0,0.0,0.0,0.0,0.0,0.0,0.0,0,0.0,0.0,0.0,0.0,0.0,0.0,0.0,0.0,1,39951.0,2.2,0.0,0.0,0.0,0.0,0.0,0.0,0.0,0.0
1695,1998-06-30,SZSE:000768,0.0,0.0,0.0,0.0,0.0,0.0,0.0,0.0,0.0,0.0,0.0,0.0,0.0,0.0,0.0,0.0,0.0,0,0.0,0.0,0.0,0.0,0.0,0.0,0.0,0.0,1,39951.0,2.2,0.0,0.0,0.0,0.0,0.0,0.0,0.0,0.0
1696,1998-07-01,SZSE:000768,0.0,0.0,0.0,0.0,0.0,0.0,0.0,0.0,0.0,0.0,0.0,0.0,0.0,0.0,0.0,0.0,0.0,0,0.0,0.0,0.0,0.0,0.0,0.0,0.0,0.0,1,39951.0,2.2,0.0,0.0,0.0,0.0,0.0,0.0,0.0,0.0
1697,1998-07-02,SZSE:000768,0.0,0.0,0.0,0.0,0.0,0.0,0.0,0.0,0.0,0.0,0.0,0.0,0.0,0.0,0.0,0.0,0.0,0,0.0,0.0,0.0,0.0,0.0,0.0,0.0,0.0,1,39951.0,2.2,0.0,0.0,0.0,0.0,0.0,0.0,0.0,0.0
1698,1998-07-03,SZSE:000768,0.0,0.0,0.0,0.0,0.0,0.0,0.0,0.0,0.0,0.0,0.0,0.0,0.0,0.0,0.0,0.0,0.0,0,0.0,0.0,0.0,0.0,0.0,0.0,0.0,0.0,1,39951.0,2.2,0.0,0.0,0.0,0.0,0.0,0.0,0.0,0.0
1699,1998-07-06,SZSE:000768,0.0,0.0,0.0,0.0,0.0,0.0,0.0,0.0,0.0,0.0,0.0,0.0,0.0,0.0,0.0,0.0,0.0,0,0.0,0.0,0.0,0.0,0.0,0.0,0.0,0.0,1,39951.0,2.2,0.0,0.0,0.0,0.0,0.0,0.0,0.0,0.0
1700,1998-07-07,SZSE:000768,0.0,0.0,0.0,0.0,0.0,0.0,0.0,0.0,0.0,0.0,0.0,0.0,0.0,0.0,0.0,0.0,0.0,0,0.0,0.0,0.0,0.0,0.0,0.0,0.0,0.0,1,39951.0,2.2,0.0,0.0,0.0,0.0,0.0,0.0,0.0,0.0
1701,1998-07-08,SZSE:000768,0.0,0.0,0.0,0.0,0.0,0.0,0.0,0.0,0.0,0.0,0.0,0.0,0.0,0.0,0.0,0.0,0.0,0,0.0,0.0,0.0,0.0,0.0,0.0,0.0,0.0,1,39951.0,2.2,0.0,0.0,0.0,0.0,0.0,0.0,0.0,0.0
1702,1998-07-09,SZSE:000768,0.0,0.0,0.0,0.0,0.0,0.0,0.0,0.0,0.0,0.0,0.0,0.0,0.0,0.0,0.0,0.0,0.0,0,0.0,0.0,0.0,0.0,0.0,0.0,0.0,0.0,1,39951.0,2.2,0.0,0.0,0.0,0.0,0.0,0.0,0.0,0.0
1703,1998-07-10,SZSE:000768,0.0,0.0,0.0,0.0,0.0,0.0,0.0,0.0,0.0,0.0,0.0,0.0,0.0,0.0,0.0,0.0,0.0,0,0.0,0.0,0.0,0.0,0.0,0.0,0.0,0.0,1,39951.0,2.2,0.0,0.0,0.0,0.0,0.0,0.0,0.0,0.0
1704,1998-07-13,SZSE:000768,0.0,0.0,0.0,0.0,0.0,0.0,0.0,0.0,0.0,0.0,0.0,0.0,0.0,0.0,0.0,0.0,0.0,0,0.0,0.0,0.0,0.0,0.0,0.0,0.0,0.0,1,39951.0,2.2,0.0,0.0,0.0,0.0,0.0,0.0,0.0,0.0
1705,1998-07-14,SZSE:000768,0.0,0.0,0.0,0.0,0.0,0.0,0.0,0.0,0.0,0.0,0.0,0.0,0.0,0.0,0.0,0.0,0.0,0,0.0,0.0,0.0,0.0,0.0,0.0,0.0,0.0,1,39951.0,2.2,0.0,0.0,0.0,0.0,0.0,0.0,0.0,0.0
1706,1998-07-15,SZSE:000768,0.0,0.0,0.0,0.0,0.0,0.0,0.0,0.0,0.0,0.0,0.0,0.0,0.0,0.0,0.0,0.0,0.0,0,0.0,0.0,0.0,0.0,0.0,0.0,0.0,0.0,1,39951.0,2.2,0.0,0.0,0.0,0.0,0.0,0.0,0.0,0.0
1707,1998-07-16,SZSE:000768,0.0,0.0,0.0,0.0,0.0,0.0,0.0,0.0,0.0,0.0,0.0,0.0,0.0,0.0,0.0,0.0,0.0,0,0.0,0.0,0.0,0.0,0.0,0.0,0.0,0.0,1,39951.0,2.2,0.0,0.0,0.0,0.0,0.0,0.0,0.0,0.0
1708,1998-07-17,SZSE:000768,0.0,0.0,0.0,0.0,0.0,0.0,0.0,0.0,0.0,0.0,0.0,0.0,0.0,0.0,0.0,0.0,0.0,0,0.0,0.0,0.0,0.0,0.0,0.0,0.0,0.0,1,39951.0,2.2,0.0,0.0,0.0,0.0,0.0,0.0,0.0,0.0
1709,1998-07-20,SZSE:000768,0.0,0.0,0.0,0.0,0.0,0.0,0.0,0.0,0.0,0.0,0.0,0.0,0.0,0.0,0.0,0.0,0.0,0,0.0,0.0,0.0,0.0,0.0,0.0,0.0,0.0,1,39951.0,2.2,0.0,0.0,0.0,0.0,0.0,0.0,0.0,0.0
1710,1998-07-21,SZSE:000768,0.0,0.0,0.0,0.0,0.0,0.0,0.0,0.0,0.0,0.0,0.0,0.0,0.0,0.0,0.0,0.0,0.0,0,0.0,0.0,0.0,0.0,0.0,0.0,0.0,0.0,1,39951.0,2.2,0.0,0.0,0.0,0.0,0.0,0.0,0.0,0.0
1711,1998-07-22,SZSE:000768,0.0,0.0,0.0,0.0,0.0,0.0,0.0,0.0,0.0,0.0,0.0,0.0,0.0,0.0,0.0,0.0,0.0,0,0.0,0.0,0.0,0.0,0.0,0.0,0.0,0.0,1,39951.0,2.2,0.0,0.0,0.0,0.0,0.0,0.0,0.0,0.0
1712,1998-07-23,SZSE:000768,0.0,0.0,0.0,0.0,0.0,0.0,0.0,0.0,0.0,0.0,0.0,0.0,0.0,0.0,0.0,0.0,0.0,0,0.0,0.0,0.0,0.0,0.0,0.0,0.0,0.0,1,39951.0,2.2,0.0,0.0,0.0,0.0,0.0,0.0,0.0,0.0
1713,1998-07-24,SZSE:000768,0.0,0.0,0.0,0.0,0.0,0.0,0.0,0.0,0.0,0.0,0.0,0.0,0.0,0.0,0.0,0.0,0.0,0,0.0,0.0,0.0,0.0,0.0,0.0,0.0,0.0,1,39951.0,2.2,0.0,0.0,0.0,0.0,0.0,0.0,0.0,0.0
1714,1998-07-27,SZSE:000768,0.0,0.0,0.0,0.0,0.0,0.0,0.0,0.0,0.0,0.0,0.0,0.0,0.0,0.0,0.0,0.0,0.0,0,0.0,0.0,0.0,0.0,0.0,0.0,0.0,0.0,1,39951.0,2.2,0.0,0.0,0.0,0.0,0.0,0.0,0.0,0.0
1715,1998-07-28,SZSE:000768,0.0,0.0,0.0,0.0,0.0,0.0,0.0,0.0,0.0,0.0,0.0,0.0,0.0,0.0,0.0,0.0,0.0,0,0.0,0.0,0.0,0.0,0.0,0.0,0.0,0.0,1,39951.0,2.2,0.0,0.0,0.0,0.0,0.0,0.0,0.0,0.0
1716,1998-07-29,SZSE:000768,0.0,0.0,0.0,0.0,0.0,0.0,0.0,0.0,0.0,0.0,0.0,0.0,0.0,0.0,0.0,0.0,0.0,0,0.0,0.0,0.0,0.0,0.0,0.0,0.0,0.0,1,39951.0,2.2,0.0,0.0,0.0,0.0,0.0,0.0,0.0,0.0
1717,1998-07-30,SZSE:000768,0.0,0.0,0.0,0.0,0.0,0.0,0.0,0.0,0.0,0.0,0.0,0.0,0.0,0.0,0.0,0.0,0.0,0,0.0,0.0,0.0,0.0,0.0,0.0,0.0,0.0,1,39951.0,2.2,0.0,0.0,0.0,0.0,0.0,0.0,0.0,0.0
1718,1998-07-31,SZSE:000768,0.0,0.0,0.0,0.0,0.0,0.0,0.0,0.0,0.0,0.0,0.0,0.0,0.0,0.0,0.0,0.0,0.0,0,0.0,0.0,0.0,0.0,0.0,0.0,0.0,0.0,1,39951.0,2.2,0.0,0.0,0.0,0.0,0.0,0.0,0.0,0.0
1719,1998-08-03,SZSE:000768,0.0,0.0,0.0,0.0,0.0,0.0,0.0,0.0,0.0,0.0,0.0,0.0,0.0,0.0,0.0,0.0,0.0,0,0.0,0.0,0.0,0.0,0.0,0.0,0.0,0.0,1,39951.0,2.2,0.0,0.0,0.0,0.0,0.0,0.0,0.0,0.0
1720,1998-08-04,SZSE:000768,0.0,0.0,0.0,0.0,0.0,0.0,0.0,0.0,0.0,0.0,0.0,0.0,0.0,0.0,0.0,0.0,0.0,0,0.0,0.0,0.0,0.0,0.0,0.0,0.0,0.0,1,39951.0,2.2,0.0,0.0,0.0,0.0,0.0,0.0,0.0,0.0
1721,1998-08-05,SZSE:000768,0.0,0.0,0.0,0.0,0.0,0.0,0.0,0.0,0.0,0.0,0.0,0.0,0.0,0.0,0.0,0.0,0.0,0,0.0,0.0,0.0,0.0,0.0,0.0,0.0,0.0,1,39951.0,2.2,0.0,0.0,0.0,0.0,0.0,0.0,0.0,0.0
1722,1998-08-06,SZSE:000768,0.0,0.0,0.0,0.0,0.0,0.0,0.0,0.0,0.0,0.0,0.0,0.0,0.0,0.0,0.0,0.0,0.0,0,0.0,0.0,0.0,0.0,0.0,0.0,0.0,0.0,1,39951.0,2.2,0.0,0.0,0.0,0.0,0.0,0.0,0.0,0.0
1723,1998-08-07,SZSE:000768,0.0,0.0,0.0,0.0,0.0,0.0,0.0,0.0,0.0,0.0,0.0,0.0,0.0,0.0,0.0,0.0,0.0,0,0.0,0.0,0.0,0.0,0.0,0.0,0.0,0.0,1,39951.0,2.2,0.0,0.0,0.0,0.0,0.0,0.0,0.0,0.0
1724,1998-08-10,SZSE:000768,0.0,0.0,0.0,0.0,0.0,0.0,0.0,0.0,0.0,0.0,0.0,0.0,0.0,0.0,0.0,0.0,0.0,0,0.0,0.0,0.0,0.0,0.0,0.0,0.0,0.0,1,39951.0,2.2,0.0,0.0,0.0,0.0,0.0,0.0,0.0,0.0
1725,1998-08-11,SZSE:000768,0.0,0.0,0.0,0.0,0.0,0.0,0.0,0.0,0.0,0.0,0.0,0.0,0.0,0.0,0.0,0.0,0.0,0,0.0,0.0,0.0,0.0,0.0,0.0,0.0,0.0,1,39951.0,2.2,0.0,0.0,0.0,0.0,0.0,0.0,0.0,0.0
1726,1998-08-12,SZSE:000768,0.0,0.0,0.0,0.0,0.0,0.0,0.0,0.0,0.0,0.0,0.0,0.0,0.0,0.0,0.0,0.0,0.0,0,0.0,0.0,0.0,0.0,0.0,0.0,0.0,0.0,1,39951.0,2.2,0.0,0.0,0.0,0.0,0.0,0.0,0.0,0.0
1727,1998-08-13,SZSE:000768,0.0,0.0,0.0,0.0,0.0,0.0,0.0,0.0,0.0,0.0,0.0,0.0,0.0,0.0,0.0,0.0,0.0,0,0.0,0.0,0.0,0.0,0.0,0.0,0.0,0.0,1,39951.0,2.2,0.0,0.0,0.0,0.0,0.0,0.0,0.0,0.0
1728,1998-08-14,SZSE:000768,0.0,0.0,0.0,0.0,0.0,0.0,0.0,0.0,0.0,0.0,0.0,0.0,0.0,0.0,0.0,0.0,0.0,0,0.0,0.0,0.0,0.0,0.0,0.0,0.0,0.0,1,39951.0,2.2,0.0,0.0,0.0,0.0,0.0,0.0,0.0,0.0
1729,1998-08-17,SZSE:000768,0.0,0.0,0.0,0.0,0.0,0.0,0.0,0.0,0.0,0.0,0.0,0.0,0.0,0.0,0.0,0.0,0.0,0,0.0,0.0,0.0,0.0,0.0,0.0,0.0,0.0,1,39951.0,2.2,0.0,0.0,0.0,0.0,0.0,0.0,0.0,0.0
1730,1998-08-18,SZSE:000768,0.0,0.0,0.0,0.0,0.0,0.0,0.0,0.0,0.0,0.0,0.0,0.0,0.0,0.0,0.0,0.0,0.0,0,0.0,0.0,0.0,0.0,0.0,0.0,0.0,0.0,1,39951.0,2.2,0.0,0.0,0.0,0.0,0.0,0.0,0.0,0.0
1731,1998-08-19,SZSE:000768,0.0,0.0,0.0,0.0,0.0,0.0,0.0,0.0,0.0,0.0,0.0,0.0,0.0,0.0,0.0,0.0,0.0,0,0.0,0.0,0.0,0.0,0.0,0.0,0.0,0.0,1,39951.0,2.2,0.0,0.0,0.0,0.0,0.0,0.0,0.0,0.0
1732,1998-08-20,SZSE:000768,0.0,0.0,0.0,0.0,0.0,0.0,0.0,0.0,0.0,0.0,0.0,0.0,0.0,0.0,0.0,0.0,0.0,0,0.0,0.0,0.0,0.0,0.0,0.0,0.0,0.0,1,39951.0,2.2,0.0,0.0,0.0,0.0,0.0,0.0,0.0,0.0
1733,1998-08-21,SZSE:000768,0.0,0.0,0.0,0.0,0.0,0.0,0.0,0.0,0.0,0.0,0.0,0.0,0.0,0.0,0.0,0.0,0.0,0,0.0,0.0,0.0,0.0,0.0,0.0,0.0,0.0,1,39951.0,2.2,0.0,0.0,0.0,0.0,0.0,0.0,0.0,0.0
1734,1998-08-24,SZSE:000768,0.0,0.0,0.0,0.0,0.0,0.0,0.0,0.0,0.0,0.0,0.0,0.0,0.0,0.0,0.0,0.0,0.0,0,0.0,0.0,0.0,0.0,0.0,0.0,0.0,0.0,1,39951.0,2.2,0.0,0.0,0.0,0.0,0.0,0.0,0.0,0.0
1735,1998-08-25,SZSE:000768,0.0,0.0,0.0,0.0,0.0,0.0,0.0,0.0,0.0,0.0,0.0,0.0,0.0,0.0,0.0,0.0,0.0,0,0.0,0.0,0.0,0.0,0.0,0.0,0.0,0.0,1,39951.0,2.2,0.0,0.0,0.0,0.0,0.0,0.0,0.0,0.0
1736,1998-08-26,SZSE:000768,0.0,0.0,0.0,0.0,0.0,0.0,0.0,0.0,0.0,0.0,0.0,0.0,0.0,0.0,0.0,0.0,0.0,0,0.0,0.0,0.0,0.0,0.0,0.0,0.0,0.0,1,39951.0,2.2,0.0,0.0,0.0,0.0,0.0,0.0,0.0,0.0
1737,1998-08-27,SZSE:000768,0.0,0.0,0.0,0.0,0.0,0.0,0.0,0.0,0.0,0.0,0.0,0.0,0.0,0.0,0.0,0.0,0.0,0,0.0,0.0,0.0,0.0,0.0,0.0,0.0,0.0,1,39951.0,2.2,0.0,0.0,0.0,0.0,0.0,0.0,0.0,0.0
1738,1998-08-28,SZSE:000768,0.0,0.0,0.0,0.0,0.0,0.0,0.0,0.0,0.0,0.0,0.0,0.0,0.0,0.0,0.0,0.0,0.0,0,0.0,0.0,0.0,0.0,0.0,0.0,0.0,0.0,1,39951.0,2.2,0.0,0.0,0.0,0.0,0.0,0.0,0.0,0.0
1739,1998-08-31,SZSE:000768,0.0,0.0,0.0,0.0,0.0,0.0,0.0,0.0,0.0,0.0,0.0,0.0,0.0,0.0,0.0,0.0,0.0,0,0.0,0.0,0.0,0.0,0.0,0.0,0.0,0.0,1,39951.0,2.2,0.0,0.0,0.0,0.0,0.0,0.0,0.0,0.0
1740,1998-09-01,SZSE:000768,0.0,0.0,0.0,0.0,0.0,0.0,0.0,0.0,0.0,0.0,0.0,0.0,0.0,0.0,0.0,0.0,0.0,0,0.0,0.0,0.0,0.0,0.0,0.0,0.0,0.0,1,39951.0,2.2,0.0,0.0,0.0,0.0,0.0,0.0,0.0,0.0
1741,1998-09-02,SZSE:000768,0.0,0.0,0.0,0.0,0.0,0.0,0.0,0.0,0.0,0.0,0.0,0.0,0.0,0.0,0.0,0.0,0.0,0,0.0,0.0,0.0,0.0,0.0,0.0,0.0,0.0,1,39951.0,2.2,0.0,0.0,0.0,0.0,0.0,0.0,0.0,0.0
1742,1998-09-03,SZSE:000768,0.0,0.0,0.0,0.0,0.0,0.0,0.0,0.0,0.0,0.0,0.0,0.0,0.0,0.0,0.0,0.0,0.0,0,0.0,0.0,0.0,0.0,0.0,0.0,0.0,0.0,1,39951.0,2.2,0.0,0.0,0.0,0.0,0.0,0.0,0.0,0.0
1743,1998-09-04,SZSE:000768,0.0,0.0,0.0,0.0,0.0,0.0,0.0,0.0,0.0,0.0,0.0,0.0,0.0,0.0,0.0,0.0,0.0,0,0.0,0.0,0.0,0.0,0.0,0.0,0.0,0.0,1,39951.0,2.2,0.0,0.0,0.0,0.0,0.0,0.0,0.0,0.0
1744,1998-09-07,SZSE:000768,0.0,0.0,0.0,0.0,0.0,0.0,0.0,0.0,0.0,0.0,0.0,0.0,0.0,0.0,0.0,0.0,0.0,0,0.0,0.0,0.0,0.0,0.0,0.0,0.0,0.0,1,39951.0,2.2,0.0,0.0,0.0,0.0,0.0,0.0,0.0,0.0
1745,1998-09-08,SZSE:000768,0.0,0.0,0.0,0.0,0.0,0.0,0.0,0.0,0.0,0.0,0.0,0.0,0.0,0.0,0.0,0.0,0.0,0,0.0,0.0,0.0,0.0,0.0,0.0,0.0,0.0,1,39951.0,2.2,0.0,0.0,0.0,0.0,0.0,0.0,0.0,0.0
1746,1998-09-09,SZSE:000768,0.0,0.0,0.0,0.0,0.0,0.0,0.0,0.0,0.0,0.0,0.0,0.0,0.0,0.0,0.0,0.0,0.0,0,0.0,0.0,0.0,0.0,0.0,0.0,0.0,0.0,1,39951.0,2.2,0.0,0.0,0.0,0.0,0.0,0.0,0.0,0.0
1747,1998-09-10,SZSE:000768,0.0,0.0,0.0,0.0,0.0,0.0,0.0,0.0,0.0,0.0,0.0,0.0,0.0,0.0,0.0,0.0,0.0,0,0.0,0.0,0.0,0.0,0.0,0.0,0.0,0.0,1,39951.0,2.2,0.0,0.0,0.0,0.0,0.0,0.0,0.0,0.0
1748,1998-09-11,SZSE:000768,0.0,0.0,0.0,0.0,0.0,0.0,0.0,0.0,0.0,0.0,0.0,0.0,0.0,0.0,0.0,0.0,0.0,0,0.0,0.0,0.0,0.0,0.0,0.0,0.0,0.0,1,39951.0,2.2,0.0,0.0,0.0,0.0,0.0,0.0,0.0,0.0
1749,1998-09-14,SZSE:000768,0.0,0.0,0.0,0.0,0.0,0.0,0.0,0.0,0.0,0.0,0.0,0.0,0.0,0.0,0.0,0.0,0.0,0,0.0,0.0,0.0,0.0,0.0,0.0,0.0,0.0,1,39951.0,2.2,0.0,0.0,0.0,0.0,0.0,0.0,0.0,0.0
1750,1998-09-15,SZSE:000768,0.0,0.0,0.0,0.0,0.0,0.0,0.0,0.0,0.0,0.0,0.0,0.0,0.0,0.0,0.0,0.0,0.0,0,0.0,0.0,0.0,0.0,0.0,0.0,0.0,0.0,1,39951.0,2.2,0.0,0.0,0.0,0.0,0.0,0.0,0.0,0.0
1751,1998-09-16,SZSE:000768,0.0,0.0,0.0,0.0,0.0,0.0,0.0,0.0,0.0,0.0,0.0,0.0,0.0,0.0,0.0,0.0,0.0,0,0.0,0.0,0.0,0.0,0.0,0.0,0.0,0.0,1,39951.0,2.2,0.0,0.0,0.0,0.0,0.0,0.0,0.0,0.0
1752,1998-09-17,SZSE:000768,0.0,0.0,0.0,0.0,0.0,0.0,0.0,0.0,0.0,0.0,0.0,0.0,0.0,0.0,0.0,0.0,0.0,0,0.0,0.0,0.0,0.0,0.0,0.0,0.0,0.0,1,39951.0,2.2,0.0,0.0,0.0,0.0,0.0,0.0,0.0,0.0
1753,1998-09-18,SZSE:000768,0.0,0.0,0.0,0.0,0.0,0.0,0.0,0.0,0.0,0.0,0.0,0.0,0.0,0.0,0.0,0.0,0.0,0,0.0,0.0,0.0,0.0,0.0,0.0,0.0,0.0,1,39951.0,2.2,0.0,0.0,0.0,0.0,0.0,0.0,0.0,0.0
1754,1998-09-21,SZSE:000768,0.0,0.0,0.0,0.0,0.0,0.0,0.0,0.0,0.0,0.0,0.0,0.0,0.0,0.0,0.0,0.0,0.0,0,0.0,0.0,0.0,0.0,0.0,0.0,0.0,0.0,1,39951.0,2.2,0.0,0.0,0.0,0.0,0.0,0.0,0.0,0.0
1755,1998-09-22,SZSE:000768,0.0,0.0,0.0,0.0,0.0,0.0,0.0,0.0,0.0,0.0,0.0,0.0,0.0,0.0,0.0,0.0,0.0,0,0.0,0.0,0.0,0.0,0.0,0.0,0.0,0.0,1,39951.0,2.2,0.0,0.0,0.0,0.0,0.0,0.0,0.0,0.0
1756,1998-09-23,SZSE:000768,0.0,0.0,0.0,0.0,0.0,0.0,0.0,0.0,0.0,0.0,0.0,0.0,0.0,0.0,0.0,0.0,0.0,0,0.0,0.0,0.0,0.0,0.0,0.0,0.0,0.0,1,39951.0,2.2,0.0,0.0,0.0,0.0,0.0,0.0,0.0,0.0
1757,1998-09-24,SZSE:000768,0.0,0.0,0.0,0.0,0.0,0.0,0.0,0.0,0.0,0.0,0.0,0.0,0.0,0.0,0.0,0.0,0.0,0,0.0,0.0,0.0,0.0,0.0,0.0,0.0,0.0,1,39951.0,2.2,0.0,0.0,0.0,0.0,0.0,0.0,0.0,0.0
1758,1998-09-25,SZSE:000768,0.0,0.0,0.0,0.0,0.0,0.0,0.0,0.0,0.0,0.0,0.0,0.0,0.0,0.0,0.0,0.0,0.0,0,0.0,0.0,0.0,0.0,0.0,0.0,0.0,0.0,1,39951.0,2.2,0.0,0.0,0.0,0.0,0.0,0.0,0.0,0.0
1759,1998-09-28,SZSE:000768,0.0,0.0,0.0,0.0,0.0,0.0,0.0,0.0,0.0,0.0,0.0,0.0,0.0,0.0,0.0,0.0,0.0,0,0.0,0.0,0.0,0.0,0.0,0.0,0.0,0.0,1,39951.0,2.2,0.0,0.0,0.0,0.0,0.0,0.0,0.0,0.0
1760,1998-09-29,SZSE:000768,0.0,0.0,0.0,0.0,0.0,0.0,0.0,0.0,0.0,0.0,0.0,0.0,0.0,0.0,0.0,0.0,0.0,0,0.0,0.0,0.0,0.0,0.0,0.0,0.0,0.0,1,39951.0,2.2,0.0,0.0,0.0,0.0,0.0,0.0,0.0,0.0
1761,1998-09-30,SZSE:000768,0.0,0.0,0.0,0.0,0.0,0.0,0.0,0.0,0.0,0.0,0.0,0.0,0.0,0.0,0.0,0.0,0.0,0,0.0,0.0,0.0,0.0,0.0,0.0,0.0,0.0,1,39951.0,2.2,0.0,0.0,0.0,0.0,0.0,0.0,0.0,0.0
1762,1998-10-01,SZSE:000768,0.0,0.0,0.0,0.0,0.0,0.0,0.0,0.0,0.0,0.0,0.0,0.0,0.0,0.0,0.0,0.0,0.0,0,0.0,0.0,0.0,0.0,0.0,0.0,0.0,0.0,1,39951.0,2.2,0.0,0.0,0.0,0.0,0.0,0.0,0.0,0.0
1763,1998-10-02,SZSE:000768,0.0,0.0,0.0,0.0,0.0,0.0,0.0,0.0,0.0,0.0,0.0,0.0,0.0,0.0,0.0,0.0,0.0,0,0.0,0.0,0.0,0.0,0.0,0.0,0.0,0.0,1,39951.0,2.2,0.0,0.0,0.0,0.0,0.0,0.0,0.0,0.0
1764,1998-10-05,SZSE:000768,0.0,0.0,0.0,0.0,0.0,0.0,0.0,0.0,0.0,0.0,0.0,0.0,0.0,0.0,0.0,0.0,0.0,0,0.0,0.0,0.0,0.0,0.0,0.0,0.0,0.0,1,39951.0,2.2,0.0,0.0,0.0,0.0,0.0,0.0,0.0,0.0
1765,1998-10-06,SZSE:000768,0.0,0.0,0.0,0.0,0.0,0.0,0.0,0.0,0.0,0.0,0.0,0.0,0.0,0.0,0.0,0.0,0.0,0,0.0,0.0,0.0,0.0,0.0,0.0,0.0,0.0,1,39951.0,2.2,0.0,0.0,0.0,0.0,0.0,0.0,0.0,0.0
1766,1998-10-07,SZSE:000768,0.0,0.0,0.0,0.0,0.0,0.0,0.0,0.0,0.0,0.0,0.0,0.0,0.0,0.0,0.0,0.0,0.0,0,0.0,0.0,0.0,0.0,0.0,0.0,0.0,0.0,1,39951.0,2.2,0.0,0.0,0.0,0.0,0.0,0.0,0.0,0.0
1767,1998-10-08,SZSE:000768,0.0,0.0,0.0,0.0,0.0,0.0,0.0,0.0,0.0,0.0,0.0,0.0,0.0,0.0,0.0,0.0,0.0,0,0.0,0.0,0.0,0.0,0.0,0.0,0.0,0.0,1,39951.0,2.2,0.0,0.0,0.0,0.0,0.0,0.0,0.0,0.0
1768,1998-10-09,SZSE:000768,0.0,0.0,0.0,0.0,0.0,0.0,0.0,0.0,0.0,0.0,0.0,0.0,0.0,0.0,0.0,0.0,0.0,0,0.0,0.0,0.0,0.0,0.0,0.0,0.0,0.0,1,39951.0,2.2,0.0,0.0,0.0,0.0,0.0,0.0,0.0,0.0
1769,1998-10-12,SZSE:000768,0.0,0.0,0.0,0.0,0.0,0.0,0.0,0.0,0.0,0.0,0.0,0.0,0.0,0.0,0.0,0.0,0.0,0,0.0,0.0,0.0,0.0,0.0,0.0,0.0,0.0,1,39951.0,2.2,0.0,0.0,0.0,0.0,0.0,0.0,0.0,0.0
1770,1998-10-13,SZSE:000768,0.0,0.0,0.0,0.0,0.0,0.0,0.0,0.0,0.0,0.0,0.0,0.0,0.0,0.0,0.0,0.0,0.0,0,0.0,0.0,0.0,0.0,0.0,0.0,0.0,0.0,1,39951.0,2.2,0.0,0.0,0.0,0.0,0.0,0.0,0.0,0.0
1771,1998-10-14,SZSE:000768,0.0,0.0,0.0,0.0,0.0,0.0,0.0,0.0,0.0,0.0,0.0,0.0,0.0,0.0,0.0,0.0,0.0,0,0.0,0.0,0.0,0.0,0.0,0.0,0.0,0.0,1,39951.0,2.2,0.0,0.0,0.0,0.0,0.0,0.0,0.0,0.0
1772,1998-10-15,SZSE:000768,0.0,0.0,0.0,0.0,0.0,0.0,0.0,0.0,0.0,0.0,0.0,0.0,0.0,0.0,0.0,0.0,0.0,0,0.0,0.0,0.0,0.0,0.0,0.0,0.0,0.0,1,39951.0,2.2,0.0,0.0,0.0,0.0,0.0,0.0,0.0,0.0
1773,1998-10-16,SZSE:000768,0.0,0.0,0.0,0.0,0.0,0.0,0.0,0.0,0.0,0.0,0.0,0.0,0.0,0.0,0.0,0.0,0.0,0,0.0,0.0,0.0,0.0,0.0,0.0,0.0,0.0,1,39951.0,2.2,0.0,0.0,0.0,0.0,0.0,0.0,0.0,0.0
1774,1998-10-19,SZSE:000768,0.0,0.0,0.0,0.0,0.0,0.0,0.0,0.0,0.0,0.0,0.0,0.0,0.0,0.0,0.0,0.0,0.0,0,0.0,0.0,0.0,0.0,0.0,0.0,0.0,0.0,1,39951.0,2.2,0.0,0.0,0.0,0.0,0.0,0.0,0.0,0.0
1775,1998-10-20,SZSE:000768,0.0,0.0,0.0,0.0,0.0,0.0,0.0,0.0,0.0,0.0,0.0,0.0,0.0,0.0,0.0,0.0,0.0,0,0.0,0.0,0.0,0.0,0.0,0.0,0.0,0.0,1,39951.0,2.2,0.0,0.0,0.0,0.0,0.0,0.0,0.0,0.0
1776,1998-10-21,SZSE:000768,0.0,0.0,0.0,0.0,0.0,0.0,0.0,0.0,0.0,0.0,0.0,0.0,0.0,0.0,0.0,0.0,0.0,0,0.0,0.0,0.0,0.0,0.0,0.0,0.0,0.0,1,39951.0,2.2,0.0,0.0,0.0,0.0,0.0,0.0,0.0,0.0
1777,1998-10-22,SZSE:000768,0.0,0.0,0.0,0.0,0.0,0.0,0.0,0.0,0.0,0.0,0.0,0.0,0.0,0.0,0.0,0.0,0.0,0,0.0,0.0,0.0,0.0,0.0,0.0,0.0,0.0,1,39951.0,2.2,0.0,0.0,0.0,0.0,0.0,0.0,0.0,0.0
1778,1998-10-23,SZSE:000768,0.0,0.0,0.0,0.0,0.0,0.0,0.0,0.0,0.0,0.0,0.0,0.0,0.0,0.0,0.0,0.0,0.0,0,0.0,0.0,0.0,0.0,0.0,0.0,0.0,0.0,1,39951.0,2.2,0.0,0.0,0.0,0.0,0.0,0.0,0.0,0.0
1779,1998-10-26,SZSE:000768,0.0,0.0,0.0,0.0,0.0,0.0,0.0,0.0,0.0,0.0,0.0,0.0,0.0,0.0,0.0,0.0,0.0,0,0.0,0.0,0.0,0.0,0.0,0.0,0.0,0.0,1,39951.0,2.2,0.0,0.0,0.0,0.0,0.0,0.0,0.0,0.0
1780,1998-10-27,SZSE:000768,0.0,0.0,0.0,0.0,0.0,0.0,0.0,0.0,0.0,0.0,0.0,0.0,0.0,0.0,0.0,0.0,0.0,0,0.0,0.0,0.0,0.0,0.0,0.0,0.0,0.0,1,39951.0,2.2,0.0,0.0,0.0,0.0,0.0,0.0,0.0,0.0
1781,1998-10-28,SZSE:000768,0.0,0.0,0.0,0.0,0.0,0.0,0.0,0.0,0.0,0.0,0.0,0.0,0.0,0.0,0.0,0.0,0.0,0,0.0,0.0,0.0,0.0,0.0,0.0,0.0,0.0,1,39951.0,2.2,0.0,0.0,0.0,0.0,0.0,0.0,0.0,0.0
1782,1998-10-29,SZSE:000768,0.0,0.0,0.0,0.0,0.0,0.0,0.0,0.0,0.0,0.0,0.0,0.0,0.0,0.0,0.0,0.0,0.0,0,0.0,0.0,0.0,0.0,0.0,0.0,0.0,0.0,1,39951.0,2.2,0.0,0.0,0.0,0.0,0.0,0.0,0.0,0.0
1783,1998-10-30,SZSE:000768,0.0,0.0,0.0,0.0,0.0,0.0,0.0,0.0,0.0,0.0,0.0,0.0,0.0,0.0,0.0,0.0,0.0,0,0.0,0.0,0.0,0.0,0.0,0.0,0.0,0.0,1,39951.0,2.2,0.0,0.0,0.0,0.0,0.0,0.0,0.0,0.0
1784,1998-11-02,SZSE:000768,0.0,0.0,0.0,0.0,0.0,0.0,0.0,0.0,0.0,0.0,0.0,0.0,0.0,0.0,0.0,0.0,0.0,0,0.0,0.0,0.0,0.0,0.0,0.0,0.0,0.0,1,39951.0,2.2,0.0,0.0,0.0,0.0,0.0,0.0,0.0,0.0
1785,1998-11-03,SZSE:000768,0.0,0.0,0.0,0.0,0.0,0.0,0.0,0.0,0.0,0.0,0.0,0.0,0.0,0.0,0.0,0.0,0.0,0,0.0,0.0,0.0,0.0,0.0,0.0,0.0,0.0,1,39951.0,2.2,0.0,0.0,0.0,0.0,0.0,0.0,0.0,0.0
1786,1998-11-04,SZSE:000768,0.0,0.0,0.0,0.0,0.0,0.0,0.0,0.0,0.0,0.0,0.0,0.0,0.0,0.0,0.0,0.0,0.0,0,0.0,0.0,0.0,0.0,0.0,0.0,0.0,0.0,1,39951.0,2.2,0.0,0.0,0.0,0.0,0.0,0.0,0.0,0.0
1787,1998-11-05,SZSE:000768,0.0,0.0,0.0,0.0,0.0,0.0,0.0,0.0,0.0,0.0,0.0,0.0,0.0,0.0,0.0,0.0,0.0,0,0.0,0.0,0.0,0.0,0.0,0.0,0.0,0.0,1,39951.0,2.2,0.0,0.0,0.0,0.0,0.0,0.0,0.0,0.0
1788,1998-11-06,SZSE:000768,0.0,0.0,0.0,0.0,0.0,0.0,0.0,0.0,0.0,0.0,0.0,0.0,0.0,0.0,0.0,0.0,0.0,0,0.0,0.0,0.0,0.0,0.0,0.0,0.0,0.0,1,39951.0,2.2,0.0,0.0,0.0,0.0,0.0,0.0,0.0,0.0
1789,1998-11-09,SZSE:000768,0.0,0.0,0.0,0.0,0.0,0.0,0.0,0.0,0.0,0.0,0.0,0.0,0.0,0.0,0.0,0.0,0.0,0,0.0,0.0,0.0,0.0,0.0,0.0,0.0,0.0,1,39951.0,2.2,0.0,0.0,0.0,0.0,0.0,0.0,0.0,0.0
1790,1998-11-10,SZSE:000768,0.0,0.0,0.0,0.0,0.0,0.0,0.0,0.0,0.0,0.0,0.0,0.0,0.0,0.0,0.0,0.0,0.0,0,0.0,0.0,0.0,0.0,0.0,0.0,0.0,0.0,1,39951.0,2.2,0.0,0.0,0.0,0.0,0.0,0.0,0.0,0.0
1791,1998-11-11,SZSE:000768,0.0,0.0,0.0,0.0,0.0,0.0,0.0,0.0,0.0,0.0,0.0,0.0,0.0,0.0,0.0,0.0,0.0,0,0.0,0.0,0.0,0.0,0.0,0.0,0.0,0.0,1,39951.0,2.2,0.0,0.0,0.0,0.0,0.0,0.0,0.0,0.0
1792,1998-11-12,SZSE:000768,0.0,0.0,0.0,0.0,0.0,0.0,0.0,0.0,0.0,0.0,0.0,0.0,0.0,0.0,0.0,0.0,0.0,0,0.0,0.0,0.0,0.0,0.0,0.0,0.0,0.0,1,39951.0,2.2,0.0,0.0,0.0,0.0,0.0,0.0,0.0,0.0
1793,1998-11-13,SZSE:000768,0.0,0.0,0.0,0.0,0.0,0.0,0.0,0.0,0.0,0.0,0.0,0.0,0.0,0.0,0.0,0.0,0.0,0,0.0,0.0,0.0,0.0,0.0,0.0,0.0,0.0,1,39951.0,2.2,0.0,0.0,0.0,0.0,0.0,0.0,0.0,0.0
1794,1998-11-16,SZSE:000768,0.0,0.0,0.0,0.0,0.0,0.0,0.0,0.0,0.0,0.0,0.0,0.0,0.0,0.0,0.0,0.0,0.0,0,0.0,0.0,0.0,0.0,0.0,0.0,0.0,0.0,1,39951.0,2.2,0.0,0.0,0.0,0.0,0.0,0.0,0.0,0.0
1795,1998-11-17,SZSE:000768,0.0,0.0,0.0,0.0,0.0,0.0,0.0,0.0,0.0,0.0,0.0,0.0,0.0,0.0,0.0,0.0,0.0,0,0.0,0.0,0.0,0.0,0.0,0.0,0.0,0.0,1,39951.0,2.2,0.0,0.0,0.0,0.0,0.0,0.0,0.0,0.0
1796,1998-11-18,SZSE:000768,0.0,0.0,0.0,0.0,0.0,0.0,0.0,0.0,0.0,0.0,0.0,0.0,0.0,0.0,0.0,0.0,0.0,0,0.0,0.0,0.0,0.0,0.0,0.0,0.0,0.0,1,39951.0,2.2,0.0,0.0,0.0,0.0,0.0,0.0,0.0,0.0
1797,1998-11-19,SZSE:000768,0.0,0.0,0.0,0.0,0.0,0.0,0.0,0.0,0.0,0.0,0.0,0.0,0.0,0.0,0.0,0.0,0.0,0,0.0,0.0,0.0,0.0,0.0,0.0,0.0,0.0,1,39951.0,2.2,0.0,0.0,0.0,0.0,0.0,0.0,0.0,0.0
1798,1998-11-20,SZSE:000768,0.0,0.0,0.0,0.0,0.0,0.0,0.0,0.0,0.0,0.0,0.0,0.0,0.0,0.0,0.0,0.0,0.0,0,0.0,0.0,0.0,0.0,0.0,0.0,0.0,0.0,1,39951.0,2.2,0.0,0.0,0.0,0.0,0.0,0.0,0.0,0.0
1799,1998-11-23,SZSE:000768,0.0,0.0,0.0,0.0,0.0,0.0,0.0,0.0,0.0,0.0,0.0,0.0,0.0,0.0,0.0,0.0,0.0,0,0.0,0.0,0.0,0.0,0.0,0.0,0.0,0.0,1,39951.0,2.2,0.0,0.0,0.0,0.0,0.0,0.0,0.0,0.0
1800,1998-11-24,SZSE:000768,0.0,0.0,0.0,0.0,0.0,0.0,0.0,0.0,0.0,0.0,0.0,0.0,0.0,0.0,0.0,0.0,0.0,0,0.0,0.0,0.0,0.0,0.0,0.0,0.0,0.0,1,39951.0,2.2,0.0,0.0,0.0,0.0,0.0,0.0,0.0,0.0
1801,1998-11-25,SZSE:000768,0.0,0.0,0.0,0.0,0.0,0.0,0.0,0.0,0.0,0.0,0.0,0.0,0.0,0.0,0.0,0.0,0.0,0,0.0,0.0,0.0,0.0,0.0,0.0,0.0,0.0,1,39951.0,2.2,0.0,0.0,0.0,0.0,0.0,0.0,0.0,0.0
1802,1998-11-26,SZSE:000768,0.0,0.0,0.0,0.0,0.0,0.0,0.0,0.0,0.0,0.0,0.0,0.0,0.0,0.0,0.0,0.0,0.0,0,0.0,0.0,0.0,0.0,0.0,0.0,0.0,0.0,1,39951.0,2.2,0.0,0.0,0.0,0.0,0.0,0.0,0.0,0.0
1803,1998-11-27,SZSE:000768,0.0,0.0,0.0,0.0,0.0,0.0,0.0,0.0,0.0,0.0,0.0,0.0,0.0,0.0,0.0,0.0,0.0,0,0.0,0.0,0.0,0.0,0.0,0.0,0.0,0.0,1,39951.0,2.2,0.0,0.0,0.0,0.0,0.0,0.0,0.0,0.0
1804,1998-11-30,SZSE:000768,0.0,0.0,0.0,0.0,0.0,0.0,0.0,0.0,0.0,0.0,0.0,0.0,0.0,0.0,0.0,0.0,0.0,0,0.0,0.0,0.0,0.0,0.0,0.0,0.0,0.0,1,39951.0,2.2,0.0,0.0,0.0,0.0,0.0,0.0,0.0,0.0
1805,1998-12-01,SZSE:000768,0.0,0.0,0.0,0.0,0.0,0.0,0.0,0.0,0.0,0.0,0.0,0.0,0.0,0.0,0.0,0.0,0.0,0,0.0,0.0,0.0,0.0,0.0,0.0,0.0,0.0,1,39951.0,2.2,0.0,0.0,0.0,0.0,0.0,0.0,0.0,0.0
1806,1998-12-02,SZSE:000768,0.0,0.0,0.0,0.0,0.0,0.0,0.0,0.0,0.0,0.0,0.0,0.0,0.0,0.0,0.0,0.0,0.0,0,0.0,0.0,0.0,0.0,0.0,0.0,0.0,0.0,1,39951.0,2.2,0.0,0.0,0.0,0.0,0.0,0.0,0.0,0.0
1807,1998-12-03,SZSE:000768,0.0,0.0,0.0,0.0,0.0,0.0,0.0,0.0,0.0,0.0,0.0,0.0,0.0,0.0,0.0,0.0,0.0,0,0.0,0.0,0.0,0.0,0.0,0.0,0.0,0.0,1,39951.0,2.2,0.0,0.0,0.0,0.0,0.0,0.0,0.0,0.0
1808,1998-12-04,SZSE:000768,0.0,0.0,0.0,0.0,0.0,0.0,0.0,0.0,0.0,0.0,0.0,0.0,0.0,0.0,0.0,0.0,0.0,0,0.0,0.0,0.0,0.0,0.0,0.0,0.0,0.0,1,39951.0,2.2,0.0,0.0,0.0,0.0,0.0,0.0,0.0,0.0
1809,1998-12-07,SZSE:000768,0.0,0.0,0.0,0.0,0.0,0.0,0.0,0.0,0.0,0.0,0.0,0.0,0.0,0.0,0.0,0.0,0.0,0,0.0,0.0,0.0,0.0,0.0,0.0,0.0,0.0,1,39951.0,2.2,0.0,0.0,0.0,0.0,0.0,0.0,0.0,0.0
1810,1998-12-08,SZSE:000768,0.0,0.0,0.0,0.0,0.0,0.0,0.0,0.0,0.0,0.0,0.0,0.0,0.0,0.0,0.0,0.0,0.0,0,0.0,0.0,0.0,0.0,0.0,0.0,0.0,0.0,1,39951.0,2.2,0.0,0.0,0.0,0.0,0.0,0.0,0.0,0.0
1811,1998-12-09,SZSE:000768,0.0,0.0,0.0,0.0,0.0,0.0,0.0,0.0,0.0,0.0,0.0,0.0,0.0,0.0,0.0,0.0,0.0,0,0.0,0.0,0.0,0.0,0.0,0.0,0.0,0.0,1,39951.0,2.2,0.0,0.0,0.0,0.0,0.0,0.0,0.0,0.0
1812,1998-12-10,SZSE:000768,0.0,0.0,0.0,0.0,0.0,0.0,0.0,0.0,0.0,0.0,0.0,0.0,0.0,0.0,0.0,0.0,0.0,0,0.0,0.0,0.0,0.0,0.0,0.0,0.0,0.0,1,39951.0,2.2,0.0,0.0,0.0,0.0,0.0,0.0,0.0,0.0
1813,1998-12-11,SZSE:000768,0.0,0.0,0.0,0.0,0.0,0.0,0.0,0.0,0.0,0.0,0.0,0.0,0.0,0.0,0.0,0.0,0.0,0,0.0,0.0,0.0,0.0,0.0,0.0,0.0,0.0,1,39951.0,2.2,0.0,0.0,0.0,0.0,0.0,0.0,0.0,0.0
1814,1998-12-14,SZSE:000768,0.0,0.0,0.0,0.0,0.0,0.0,0.0,0.0,0.0,0.0,0.0,0.0,0.0,0.0,0.0,0.0,0.0,0,0.0,0.0,0.0,0.0,0.0,0.0,0.0,0.0,1,39951.0,2.2,0.0,0.0,0.0,0.0,0.0,0.0,0.0,0.0
1815,1998-12-15,SZSE:000768,0.0,0.0,0.0,0.0,0.0,0.0,0.0,0.0,0.0,0.0,0.0,0.0,0.0,0.0,0.0,0.0,0.0,0,0.0,0.0,0.0,0.0,0.0,0.0,0.0,0.0,1,39951.0,2.2,0.0,0.0,0.0,0.0,0.0,0.0,0.0,0.0
1816,1998-12-16,SZSE:000768,0.0,0.0,0.0,0.0,0.0,0.0,0.0,0.0,0.0,0.0,0.0,0.0,0.0,0.0,0.0,0.0,0.0,0,0.0,0.0,0.0,0.0,0.0,0.0,0.0,0.0,1,39951.0,2.2,0.0,0.0,0.0,0.0,0.0,0.0,0.0,0.0
1817,1998-12-17,SZSE:000768,0.0,0.0,0.0,0.0,0.0,0.0,0.0,0.0,0.0,0.0,0.0,0.0,0.0,0.0,0.0,0.0,0.0,0,0.0,0.0,0.0,0.0,0.0,0.0,0.0,0.0,1,39951.0,2.2,0.0,0.0,0.0,0.0,0.0,0.0,0.0,0.0
1818,1998-12-18,SZSE:000768,0.0,0.0,0.0,0.0,0.0,0.0,0.0,0.0,0.0,0.0,0.0,0.0,0.0,0.0,0.0,0.0,0.0,0,0.0,0.0,0.0,0.0,0.0,0.0,0.0,0.0,1,39951.0,2.2,0.0,0.0,0.0,0.0,0.0,0.0,0.0,0.0
1819,1998-12-21,SZSE:000768,0.0,0.0,0.0,0.0,0.0,0.0,0.0,0.0,0.0,0.0,0.0,0.0,0.0,0.0,0.0,0.0,0.0,0,0.0,0.0,0.0,0.0,0.0,0.0,0.0,0.0,1,39951.0,2.2,0.0,0.0,0.0,0.0,0.0,0.0,0.0,0.0
1820,1998-12-22,SZSE:000768,0.0,0.0,0.0,0.0,0.0,0.0,0.0,0.0,0.0,0.0,0.0,0.0,0.0,0.0,0.0,0.0,0.0,0,0.0,0.0,0.0,0.0,0.0,0.0,0.0,0.0,1,39951.0,2.2,0.0,0.0,0.0,0.0,0.0,0.0,0.0,0.0
1821,1998-12-23,SZSE:000768,0.0,0.0,0.0,0.0,0.0,0.0,0.0,0.0,0.0,0.0,0.0,0.0,0.0,0.0,0.0,0.0,0.0,0,0.0,0.0,0.0,0.0,0.0,0.0,0.0,0.0,1,39951.0,2.2,0.0,0.0,0.0,0.0,0.0,0.0,0.0,0.0
1822,1998-12-24,SZSE:000768,0.0,0.0,0.0,0.0,0.0,0.0,0.0,0.0,0.0,0.0,0.0,0.0,0.0,0.0,0.0,0.0,0.0,0,0.0,0.0,0.0,0.0,0.0,0.0,0.0,0.0,1,39951.0,2.2,0.0,0.0,0.0,0.0,0.0,0.0,0.0,0.0
1823,1998-12-25,SZSE:000768,0.0,0.0,0.0,0.0,0.0,0.0,0.0,0.0,0.0,0.0,0.0,0.0,0.0,0.0,0.0,0.0,0.0,0,0.0,0.0,0.0,0.0,0.0,0.0,0.0,0.0,1,39951.0,2.2,0.0,0.0,0.0,0.0,0.0,0.0,0.0,0.0
1824,1998-12-28,SZSE:000768,0.0,0.0,0.0,0.0,0.0,0.0,0.0,0.0,0.0,0.0,0.0,0.0,0.0,0.0,0.0,0.0,0.0,0,0.0,0.0,0.0,0.0,0.0,0.0,0.0,0.0,1,39951.0,2.2,0.0,0.0,0.0,0.0,0.0,0.0,0.0,0.0
1825,1998-12-29,SZSE:000768,0.0,0.0,0.0,0.0,0.0,0.0,0.0,0.0,0.0,0.0,0.0,0.0,0.0,0.0,0.0,0.0,0.0,0,0.0,0.0,0.0,0.0,0.0,0.0,0.0,0.0,1,39951.0,2.2,0.0,0.0,0.0,0.0,0.0,0.0,0.0,0.0
1826,1998-12-30,SZSE:000768,0.0,0.0,0.0,0.0,0.0,0.0,0.0,0.0,0.0,0.0,0.0,0.0,0.0,0.0,0.0,0.0,0.0,0,0.0,0.0,0.0,0.0,0.0,0.0,0.0,0.0,1,39951.0,2.2,0.0,0.0,0.0,0.0,0.0,0.0,0.0,0.0
1827,1998-12-31,SZSE:000768,0.0,0.0,0.0,0.0,0.0,0.0,0.0,0.0,0.0,0.0,0.0,0.0,0.0,0.0,0.0,0.0,0.0,0,0.0,0.0,0.0,0.0,0.0,0.0,0.0,0.0,1,39951.0,2.2,0.0,0.0,0.0,0.0,0.0,0.0,0.0,0.0
1828,1999-01-01,SZSE:000768,0.0,0.0,0.0,0.0,0.0,0.0,0.0,0.0,0.0,0.0,0.0,0.0,0.0,0.0,0.0,0.0,0.0,0,0.0,0.0,0.0,0.0,0.0,0.0,0.0,0.0,1,39951.0,2.2,0.0,0.0,0.0,0.0,0.0,0.0,0.0,0.0
1829,1999-01-04,SZSE:000768,0.0,0.0,0.0,0.0,0.0,0.0,0.0,0.0,0.0,0.0,0.0,0.0,0.0,0.0,0.0,0.0,0.0,0,0.0,0.0,0.0,0.0,0.0,0.0,0.0,0.0,1,39951.0,2.2,0.0,0.0,0.0,0.0,0.0,0.0,0.0,0.0
1830,1999-01-05,SZSE:000768,0.0,0.0,0.0,0.0,0.0,0.0,0.0,0.0,0.0,0.0,0.0,0.0,0.0,0.0,0.0,0.0,0.0,0,0.0,0.0,0.0,0.0,0.0,0.0,0.0,0.0,1,39951.0,2.2,0.0,0.0,0.0,0.0,0.0,0.0,0.0,0.0
1831,1999-01-06,SZSE:000768,0.0,0.0,0.0,0.0,0.0,0.0,0.0,0.0,0.0,0.0,0.0,0.0,0.0,0.0,0.0,0.0,0.0,0,0.0,0.0,0.0,0.0,0.0,0.0,0.0,0.0,1,39951.0,2.2,0.0,0.0,0.0,0.0,0.0,0.0,0.0,0.0
1832,1999-01-07,SZSE:000768,0.0,0.0,0.0,0.0,0.0,0.0,0.0,0.0,0.0,0.0,0.0,0.0,0.0,0.0,0.0,0.0,0.0,0,0.0,0.0,0.0,0.0,0.0,0.0,0.0,0.0,1,39951.0,2.2,0.0,0.0,0.0,0.0,0.0,0.0,0.0,0.0
1833,1999-01-08,SZSE:000768,0.0,0.0,0.0,0.0,0.0,0.0,0.0,0.0,0.0,0.0,0.0,0.0,0.0,0.0,0.0,0.0,0.0,0,0.0,0.0,0.0,0.0,0.0,0.0,0.0,0.0,1,39951.0,2.2,0.0,0.0,0.0,0.0,0.0,0.0,0.0,0.0
1834,1999-01-11,SZSE:000768,0.0,0.0,0.0,0.0,0.0,0.0,0.0,0.0,0.0,0.0,0.0,0.0,0.0,0.0,0.0,0.0,0.0,0,0.0,0.0,0.0,0.0,0.0,0.0,0.0,0.0,1,39951.0,2.2,0.0,0.0,0.0,0.0,0.0,0.0,0.0,0.0
1835,1999-01-12,SZSE:000768,0.0,0.0,0.0,0.0,0.0,0.0,0.0,0.0,0.0,0.0,0.0,0.0,0.0,0.0,0.0,0.0,0.0,0,0.0,0.0,0.0,0.0,0.0,0.0,0.0,0.0,1,39951.0,2.2,0.0,0.0,0.0,0.0,0.0,0.0,0.0,0.0
1836,1999-01-13,SZSE:000768,0.0,0.0,0.0,0.0,0.0,0.0,0.0,0.0,0.0,0.0,0.0,0.0,0.0,0.0,0.0,0.0,0.0,0,0.0,0.0,0.0,0.0,0.0,0.0,0.0,0.0,1,39951.0,2.2,0.0,0.0,0.0,0.0,0.0,0.0,0.0,0.0
1837,1999-01-14,SZSE:000768,0.0,0.0,0.0,0.0,0.0,0.0,0.0,0.0,0.0,0.0,0.0,0.0,0.0,0.0,0.0,0.0,0.0,0,0.0,0.0,0.0,0.0,0.0,0.0,0.0,0.0,1,39951.0,2.2,0.0,0.0,0.0,0.0,0.0,0.0,0.0,0.0
1838,1999-01-15,SZSE:000768,0.0,0.0,0.0,0.0,0.0,0.0,0.0,0.0,0.0,0.0,0.0,0.0,0.0,0.0,0.0,0.0,0.0,0,0.0,0.0,0.0,0.0,0.0,0.0,0.0,0.0,1,39951.0,2.2,0.0,0.0,0.0,0.0,0.0,0.0,0.0,0.0
1839,1999-01-18,SZSE:000768,0.0,0.0,0.0,0.0,0.0,0.0,0.0,0.0,0.0,0.0,0.0,0.0,0.0,0.0,0.0,0.0,0.0,0,0.0,0.0,0.0,0.0,0.0,0.0,0.0,0.0,1,39951.0,2.2,0.0,0.0,0.0,0.0,0.0,0.0,0.0,0.0
1840,1999-01-19,SZSE:000768,0.0,0.0,0.0,0.0,0.0,0.0,0.0,0.0,0.0,0.0,0.0,0.0,0.0,0.0,0.0,0.0,0.0,0,0.0,0.0,0.0,0.0,0.0,0.0,0.0,0.0,1,39951.0,2.2,0.0,0.0,0.0,0.0,0.0,0.0,0.0,0.0
1841,1999-01-20,SZSE:000768,0.0,0.0,0.0,0.0,0.0,0.0,0.0,0.0,0.0,0.0,0.0,0.0,0.0,0.0,0.0,0.0,0.0,0,0.0,0.0,0.0,0.0,0.0,0.0,0.0,0.0,1,39951.0,2.2,0.0,0.0,0.0,0.0,0.0,0.0,0.0,0.0
1842,1999-01-21,SZSE:000768,0.0,0.0,0.0,0.0,0.0,0.0,0.0,0.0,0.0,0.0,0.0,0.0,0.0,0.0,0.0,0.0,0.0,0,0.0,0.0,0.0,0.0,0.0,0.0,0.0,0.0,1,39951.0,2.2,0.0,0.0,0.0,0.0,0.0,0.0,0.0,0.0
1843,1999-01-22,SZSE:000768,0.0,0.0,0.0,0.0,0.0,0.0,0.0,0.0,0.0,0.0,0.0,0.0,0.0,0.0,0.0,0.0,0.0,0,0.0,0.0,0.0,0.0,0.0,0.0,0.0,0.0,1,39951.0,2.2,0.0,0.0,0.0,0.0,0.0,0.0,0.0,0.0
1844,1999-01-25,SZSE:000768,0.0,0.0,0.0,0.0,0.0,0.0,0.0,0.0,0.0,0.0,0.0,0.0,0.0,0.0,0.0,0.0,0.0,0,0.0,0.0,0.0,0.0,0.0,0.0,0.0,0.0,1,39951.0,2.2,0.0,0.0,0.0,0.0,0.0,0.0,0.0,0.0
1845,1999-01-26,SZSE:000768,0.0,0.0,0.0,0.0,0.0,0.0,0.0,0.0,0.0,0.0,0.0,0.0,0.0,0.0,0.0,0.0,0.0,0,0.0,0.0,0.0,0.0,0.0,0.0,0.0,0.0,1,39951.0,2.2,0.0,0.0,0.0,0.0,0.0,0.0,0.0,0.0
1846,1999-01-27,SZSE:000768,0.0,0.0,0.0,0.0,0.0,0.0,0.0,0.0,0.0,0.0,0.0,0.0,0.0,0.0,0.0,0.0,0.0,0,0.0,0.0,0.0,0.0,0.0,0.0,0.0,0.0,1,39951.0,2.2,0.0,0.0,0.0,0.0,0.0,0.0,0.0,0.0
1847,1999-01-28,SZSE:000768,0.0,0.0,0.0,0.0,0.0,0.0,0.0,0.0,0.0,0.0,0.0,0.0,0.0,0.0,0.0,0.0,0.0,0,0.0,0.0,0.0,0.0,0.0,0.0,0.0,0.0,1,39951.0,2.2,0.0,0.0,0.0,0.0,0.0,0.0,0.0,0.0
1848,1999-01-29,SZSE:000768,0.0,0.0,0.0,0.0,0.0,0.0,0.0,0.0,0.0,0.0,0.0,0.0,0.0,0.0,0.0,0.0,0.0,0,0.0,0.0,0.0,0.0,0.0,0.0,0.0,0.0,1,39951.0,2.2,0.0,0.0,0.0,0.0,0.0,0.0,0.0,0.0
1849,1999-02-01,SZSE:000768,0.0,0.0,0.0,0.0,0.0,0.0,0.0,0.0,0.0,0.0,0.0,0.0,0.0,0.0,0.0,0.0,0.0,0,0.0,0.0,0.0,0.0,0.0,0.0,0.0,0.0,1,39951.0,2.2,0.0,0.0,0.0,0.0,0.0,0.0,0.0,0.0
1850,1999-02-02,SZSE:000768,0.0,0.0,0.0,0.0,0.0,0.0,0.0,0.0,0.0,0.0,0.0,0.0,0.0,0.0,0.0,0.0,0.0,0,0.0,0.0,0.0,0.0,0.0,0.0,0.0,0.0,1,39951.0,2.2,0.0,0.0,0.0,0.0,0.0,0.0,0.0,0.0
1851,1999-02-03,SZSE:000768,0.0,0.0,0.0,0.0,0.0,0.0,0.0,0.0,0.0,0.0,0.0,0.0,0.0,0.0,0.0,0.0,0.0,0,0.0,0.0,0.0,0.0,0.0,0.0,0.0,0.0,1,39951.0,2.2,0.0,0.0,0.0,0.0,0.0,0.0,0.0,0.0
1852,1999-02-04,SZSE:000768,0.0,0.0,0.0,0.0,0.0,0.0,0.0,0.0,0.0,0.0,0.0,0.0,0.0,0.0,0.0,0.0,0.0,0,0.0,0.0,0.0,0.0,0.0,0.0,0.0,0.0,1,39951.0,2.2,0.0,0.0,0.0,0.0,0.0,0.0,0.0,0.0
1853,1999-02-05,SZSE:000768,0.0,0.0,0.0,0.0,0.0,0.0,0.0,0.0,0.0,0.0,0.0,0.0,0.0,0.0,0.0,0.0,0.0,0,0.0,0.0,0.0,0.0,0.0,0.0,0.0,0.0,1,39951.0,2.2,0.0,0.0,0.0,0.0,0.0,0.0,0.0,0.0
1854,1999-02-08,SZSE:000768,0.0,0.0,0.0,0.0,0.0,0.0,0.0,0.0,0.0,0.0,0.0,0.0,0.0,0.0,0.0,0.0,0.0,0,0.0,0.0,0.0,0.0,0.0,0.0,0.0,0.0,1,39951.0,2.2,0.0,0.0,0.0,0.0,0.0,0.0,0.0,0.0
1855,1999-02-09,SZSE:000768,0.0,0.0,0.0,0.0,0.0,0.0,0.0,0.0,0.0,0.0,0.0,0.0,0.0,0.0,0.0,0.0,0.0,0,0.0,0.0,0.0,0.0,0.0,0.0,0.0,0.0,1,39951.0,2.2,0.0,0.0,0.0,0.0,0.0,0.0,0.0,0.0
1856,1999-02-10,SZSE:000768,0.0,0.0,0.0,0.0,0.0,0.0,0.0,0.0,0.0,0.0,0.0,0.0,0.0,0.0,0.0,0.0,0.0,0,0.0,0.0,0.0,0.0,0.0,0.0,0.0,0.0,1,39951.0,2.2,0.0,0.0,0.0,0.0,0.0,0.0,0.0,0.0
1857,1999-02-11,SZSE:000768,0.0,0.0,0.0,0.0,0.0,0.0,0.0,0.0,0.0,0.0,0.0,0.0,0.0,0.0,0.0,0.0,0.0,0,0.0,0.0,0.0,0.0,0.0,0.0,0.0,0.0,1,39951.0,2.2,0.0,0.0,0.0,0.0,0.0,0.0,0.0,0.0
1858,1999-02-12,SZSE:000768,0.0,0.0,0.0,0.0,0.0,0.0,0.0,0.0,0.0,0.0,0.0,0.0,0.0,0.0,0.0,0.0,0.0,0,0.0,0.0,0.0,0.0,0.0,0.0,0.0,0.0,1,39951.0,2.2,0.0,0.0,0.0,0.0,0.0,0.0,0.0,0.0
1859,1999-02-15,SZSE:000768,0.0,0.0,0.0,0.0,0.0,0.0,0.0,0.0,0.0,0.0,0.0,0.0,0.0,0.0,0.0,0.0,0.0,0,0.0,0.0,0.0,0.0,0.0,0.0,0.0,0.0,1,39951.0,2.2,0.0,0.0,0.0,0.0,0.0,0.0,0.0,0.0
1860,1999-02-16,SZSE:000768,0.0,0.0,0.0,0.0,0.0,0.0,0.0,0.0,0.0,0.0,0.0,0.0,0.0,0.0,0.0,0.0,0.0,0,0.0,0.0,0.0,0.0,0.0,0.0,0.0,0.0,1,39951.0,2.2,0.0,0.0,0.0,0.0,0.0,0.0,0.0,0.0
1861,1999-02-17,SZSE:000768,0.0,0.0,0.0,0.0,0.0,0.0,0.0,0.0,0.0,0.0,0.0,0.0,0.0,0.0,0.0,0.0,0.0,0,0.0,0.0,0.0,0.0,0.0,0.0,0.0,0.0,1,39951.0,2.2,0.0,0.0,0.0,0.0,0.0,0.0,0.0,0.0
1862,1999-02-18,SZSE:000768,0.0,0.0,0.0,0.0,0.0,0.0,0.0,0.0,0.0,0.0,0.0,0.0,0.0,0.0,0.0,0.0,0.0,0,0.0,0.0,0.0,0.0,0.0,0.0,0.0,0.0,1,39951.0,2.2,0.0,0.0,0.0,0.0,0.0,0.0,0.0,0.0
1863,1999-02-19,SZSE:000768,0.0,0.0,0.0,0.0,0.0,0.0,0.0,0.0,0.0,0.0,0.0,0.0,0.0,0.0,0.0,0.0,0.0,0,0.0,0.0,0.0,0.0,0.0,0.0,0.0,0.0,1,39951.0,2.2,0.0,0.0,0.0,0.0,0.0,0.0,0.0,0.0
1864,1999-02-22,SZSE:000768,0.0,0.0,0.0,0.0,0.0,0.0,0.0,0.0,0.0,0.0,0.0,0.0,0.0,0.0,0.0,0.0,0.0,0,0.0,0.0,0.0,0.0,0.0,0.0,0.0,0.0,1,39951.0,2.2,0.0,0.0,0.0,0.0,0.0,0.0,0.0,0.0
1865,1999-02-23,SZSE:000768,0.0,0.0,0.0,0.0,0.0,0.0,0.0,0.0,0.0,0.0,0.0,0.0,0.0,0.0,0.0,0.0,0.0,0,0.0,0.0,0.0,0.0,0.0,0.0,0.0,0.0,1,39951.0,2.2,0.0,0.0,0.0,0.0,0.0,0.0,0.0,0.0
1866,1999-02-24,SZSE:000768,0.0,0.0,0.0,0.0,0.0,0.0,0.0,0.0,0.0,0.0,0.0,0.0,0.0,0.0,0.0,0.0,0.0,0,0.0,0.0,0.0,0.0,0.0,0.0,0.0,0.0,1,39951.0,2.2,0.0,0.0,0.0,0.0,0.0,0.0,0.0,0.0
1867,1999-02-25,SZSE:000768,0.0,0.0,0.0,0.0,0.0,0.0,0.0,0.0,0.0,0.0,0.0,0.0,0.0,0.0,0.0,0.0,0.0,0,0.0,0.0,0.0,0.0,0.0,0.0,0.0,0.0,1,39951.0,2.2,0.0,0.0,0.0,0.0,0.0,0.0,0.0,0.0
1868,1999-02-26,SZSE:000768,0.0,0.0,0.0,0.0,0.0,0.0,0.0,0.0,0.0,0.0,0.0,0.0,0.0,0.0,0.0,0.0,0.0,0,0.0,0.0,0.0,0.0,0.0,0.0,0.0,0.0,1,39951.0,2.2,0.0,0.0,0.0,0.0,0.0,0.0,0.0,0.0
1869,1999-03-01,SZSE:000768,0.0,0.0,0.0,0.0,0.0,0.0,0.0,0.0,0.0,0.0,0.0,0.0,0.0,0.0,0.0,0.0,0.0,0,0.0,0.0,0.0,0.0,0.0,0.0,0.0,0.0,1,39951.0,2.2,0.0,0.0,0.0,0.0,0.0,0.0,0.0,0.0
1870,1999-03-02,SZSE:000768,0.0,0.0,0.0,0.0,0.0,0.0,0.0,0.0,0.0,0.0,0.0,0.0,0.0,0.0,0.0,0.0,0.0,0,0.0,0.0,0.0,0.0,0.0,0.0,0.0,0.0,1,39951.0,2.2,0.0,0.0,0.0,0.0,0.0,0.0,0.0,0.0
1871,1999-03-03,SZSE:000768,0.0,0.0,0.0,0.0,0.0,0.0,0.0,0.0,0.0,0.0,0.0,0.0,0.0,0.0,0.0,0.0,0.0,0,0.0,0.0,0.0,0.0,0.0,0.0,0.0,0.0,1,39951.0,2.2,0.0,0.0,0.0,0.0,0.0,0.0,0.0,0.0
1872,1999-03-04,SZSE:000768,0.0,0.0,0.0,0.0,0.0,0.0,0.0,0.0,0.0,0.0,0.0,0.0,0.0,0.0,0.0,0.0,0.0,0,0.0,0.0,0.0,0.0,0.0,0.0,0.0,0.0,1,39951.0,2.2,0.0,0.0,0.0,0.0,0.0,0.0,0.0,0.0
1873,1999-03-05,SZSE:000768,0.0,0.0,0.0,0.0,0.0,0.0,0.0,0.0,0.0,0.0,0.0,0.0,0.0,0.0,0.0,0.0,0.0,0,0.0,0.0,0.0,0.0,0.0,0.0,0.0,0.0,1,39951.0,2.2,0.0,0.0,0.0,0.0,0.0,0.0,0.0,0.0
1874,1999-03-08,SZSE:000768,0.0,0.0,0.0,0.0,0.0,0.0,0.0,0.0,0.0,0.0,0.0,0.0,0.0,0.0,0.0,0.0,0.0,0,0.0,0.0,0.0,0.0,0.0,0.0,0.0,0.0,1,39951.0,2.2,0.0,0.0,0.0,0.0,0.0,0.0,0.0,0.0
1875,1999-03-09,SZSE:000768,0.0,0.0,0.0,0.0,0.0,0.0,0.0,0.0,0.0,0.0,0.0,0.0,0.0,0.0,0.0,0.0,0.0,0,0.0,0.0,0.0,0.0,0.0,0.0,0.0,0.0,1,39951.0,2.2,0.0,0.0,0.0,0.0,0.0,0.0,0.0,0.0
1876,1999-03-10,SZSE:000768,0.0,0.0,0.0,0.0,0.0,0.0,0.0,0.0,0.0,0.0,0.0,0.0,0.0,0.0,0.0,0.0,0.0,0,0.0,0.0,0.0,0.0,0.0,0.0,0.0,0.0,1,39951.0,2.2,0.0,0.0,0.0,0.0,0.0,0.0,0.0,0.0
1877,1999-03-11,SZSE:000768,0.0,0.0,0.0,0.0,0.0,0.0,0.0,0.0,0.0,0.0,0.0,0.0,0.0,0.0,0.0,0.0,0.0,0,0.0,0.0,0.0,0.0,0.0,0.0,0.0,0.0,1,39951.0,2.2,0.0,0.0,0.0,0.0,0.0,0.0,0.0,0.0
1878,1999-03-12,SZSE:000768,0.0,0.0,0.0,0.0,0.0,0.0,0.0,0.0,0.0,0.0,0.0,0.0,0.0,0.0,0.0,0.0,0.0,0,0.0,0.0,0.0,0.0,0.0,0.0,0.0,0.0,1,39951.0,2.2,0.0,0.0,0.0,0.0,0.0,0.0,0.0,0.0
1879,1999-03-15,SZSE:000768,0.0,0.0,0.0,0.0,0.0,0.0,0.0,0.0,0.0,0.0,0.0,0.0,0.0,0.0,0.0,0.0,0.0,0,0.0,0.0,0.0,0.0,0.0,0.0,0.0,0.0,1,39951.0,2.2,0.0,0.0,0.0,0.0,0.0,0.0,0.0,0.0
1880,1999-03-16,SZSE:000768,0.0,0.0,0.0,0.0,0.0,0.0,0.0,0.0,0.0,0.0,0.0,0.0,0.0,0.0,0.0,0.0,0.0,0,0.0,0.0,0.0,0.0,0.0,0.0,0.0,0.0,1,39951.0,2.2,0.0,0.0,0.0,0.0,0.0,0.0,0.0,0.0
1881,1999-03-17,SZSE:000768,0.0,0.0,0.0,0.0,0.0,0.0,0.0,0.0,0.0,0.0,0.0,0.0,0.0,0.0,0.0,0.0,0.0,0,0.0,0.0,0.0,0.0,0.0,0.0,0.0,0.0,1,39951.0,2.2,0.0,0.0,0.0,0.0,0.0,0.0,0.0,0.0
1882,1999-03-18,SZSE:000768,0.0,0.0,0.0,0.0,0.0,0.0,0.0,0.0,0.0,0.0,0.0,0.0,0.0,0.0,0.0,0.0,0.0,0,0.0,0.0,0.0,0.0,0.0,0.0,0.0,0.0,1,39951.0,2.2,0.0,0.0,0.0,0.0,0.0,0.0,0.0,0.0
1883,1999-03-19,SZSE:000768,0.0,0.0,0.0,0.0,0.0,0.0,0.0,0.0,0.0,0.0,0.0,0.0,0.0,0.0,0.0,0.0,0.0,0,0.0,0.0,0.0,0.0,0.0,0.0,0.0,0.0,1,39951.0,2.2,0.0,0.0,0.0,0.0,0.0,0.0,0.0,0.0
1884,1999-03-22,SZSE:000768,0.0,0.0,0.0,0.0,0.0,0.0,0.0,0.0,0.0,0.0,0.0,0.0,0.0,0.0,0.0,0.0,0.0,0,0.0,0.0,0.0,0.0,0.0,0.0,0.0,0.0,1,39951.0,2.2,0.0,0.0,0.0,0.0,0.0,0.0,0.0,0.0
1885,1999-03-23,SZSE:000768,0.0,0.0,0.0,0.0,0.0,0.0,0.0,0.0,0.0,0.0,0.0,0.0,0.0,0.0,0.0,0.0,0.0,0,0.0,0.0,0.0,0.0,0.0,0.0,0.0,0.0,1,39951.0,2.2,0.0,0.0,0.0,0.0,0.0,0.0,0.0,0.0
1886,1999-03-24,SZSE:000768,0.0,0.0,0.0,0.0,0.0,0.0,0.0,0.0,0.0,0.0,0.0,0.0,0.0,0.0,0.0,0.0,0.0,0,0.0,0.0,0.0,0.0,0.0,0.0,0.0,0.0,1,39951.0,2.2,0.0,0.0,0.0,0.0,0.0,0.0,0.0,0.0
1887,1999-03-25,SZSE:000768,0.0,0.0,0.0,0.0,0.0,0.0,0.0,0.0,0.0,0.0,0.0,0.0,0.0,0.0,0.0,0.0,0.0,0,0.0,0.0,0.0,0.0,0.0,0.0,0.0,0.0,1,39951.0,2.2,0.0,0.0,0.0,0.0,0.0,0.0,0.0,0.0
1888,1999-03-26,SZSE:000768,0.0,0.0,0.0,0.0,0.0,0.0,0.0,0.0,0.0,0.0,0.0,0.0,0.0,0.0,0.0,0.0,0.0,0,0.0,0.0,0.0,0.0,0.0,0.0,0.0,0.0,1,39951.0,2.2,0.0,0.0,0.0,0.0,0.0,0.0,0.0,0.0
1889,1999-03-29,SZSE:000768,0.0,0.0,0.0,0.0,0.0,0.0,0.0,0.0,0.0,0.0,0.0,0.0,0.0,0.0,0.0,0.0,0.0,0,0.0,0.0,0.0,0.0,0.0,0.0,0.0,0.0,1,39951.0,2.2,0.0,0.0,0.0,0.0,0.0,0.0,0.0,0.0
1890,1999-03-30,SZSE:000768,0.0,0.0,0.0,0.0,0.0,0.0,0.0,0.0,0.0,0.0,0.0,0.0,0.0,0.0,0.0,0.0,0.0,0,0.0,0.0,0.0,0.0,0.0,0.0,0.0,0.0,1,39951.0,2.2,0.0,0.0,0.0,0.0,0.0,0.0,0.0,0.0
1891,1999-03-31,SZSE:000768,0.0,0.0,0.0,0.0,0.0,0.0,0.0,0.0,0.0,0.0,0.0,0.0,0.0,0.0,0.0,0.0,0.0,0,0.0,0.0,0.0,0.0,0.0,0.0,0.0,0.0,1,39951.0,2.2,0.0,0.0,0.0,0.0,0.0,0.0,0.0,0.0
1892,1999-04-01,SZSE:000768,0.0,0.0,0.0,0.0,0.0,0.0,0.0,0.0,0.0,0.0,0.0,0.0,0.0,0.0,0.0,0.0,0.0,0,0.0,0.0,0.0,0.0,0.0,0.0,0.0,0.0,1,39951.0,2.2,0.0,0.0,0.0,0.0,0.0,0.0,0.0,0.0
1893,1999-04-02,SZSE:000768,0.0,0.0,0.0,0.0,0.0,0.0,0.0,0.0,0.0,0.0,0.0,0.0,0.0,0.0,0.0,0.0,0.0,0,0.0,0.0,0.0,0.0,0.0,0.0,0.0,0.0,1,39951.0,2.2,0.0,0.0,0.0,0.0,0.0,0.0,0.0,0.0
1894,1999-04-05,SZSE:000768,0.0,0.0,0.0,0.0,0.0,0.0,0.0,0.0,0.0,0.0,0.0,0.0,0.0,0.0,0.0,0.0,0.0,0,0.0,0.0,0.0,0.0,0.0,0.0,0.0,0.0,1,39951.0,2.2,0.0,0.0,0.0,0.0,0.0,0.0,0.0,0.0
1895,1999-04-06,SZSE:000768,0.0,0.0,0.0,0.0,0.0,0.0,0.0,0.0,0.0,0.0,0.0,0.0,0.0,0.0,0.0,0.0,0.0,0,0.0,0.0,0.0,0.0,0.0,0.0,0.0,0.0,1,39951.0,2.2,0.0,0.0,0.0,0.0,0.0,0.0,0.0,0.0
1896,1999-04-07,SZSE:000768,0.0,0.0,0.0,0.0,0.0,0.0,0.0,0.0,0.0,0.0,0.0,0.0,0.0,0.0,0.0,0.0,0.0,0,0.0,0.0,0.0,0.0,0.0,0.0,0.0,0.0,1,39951.0,2.2,0.0,0.0,0.0,0.0,0.0,0.0,0.0,0.0
1897,1999-04-08,SZSE:000768,0.0,0.0,0.0,0.0,0.0,0.0,0.0,0.0,0.0,0.0,0.0,0.0,0.0,0.0,0.0,0.0,0.0,0,0.0,0.0,0.0,0.0,0.0,0.0,0.0,0.0,1,39951.0,2.2,0.0,0.0,0.0,0.0,0.0,0.0,0.0,0.0
1898,1999-04-09,SZSE:000768,0.0,0.0,0.0,0.0,0.0,0.0,0.0,0.0,0.0,0.0,0.0,0.0,0.0,0.0,0.0,0.0,0.0,0,0.0,0.0,0.0,0.0,0.0,0.0,0.0,0.0,1,39951.0,2.2,0.0,0.0,0.0,0.0,0.0,0.0,0.0,0.0
1899,1999-04-12,SZSE:000768,0.0,0.0,0.0,0.0,0.0,0.0,0.0,0.0,0.0,0.0,0.0,0.0,0.0,0.0,0.0,0.0,0.0,0,0.0,0.0,0.0,0.0,0.0,0.0,0.0,0.0,1,39951.0,2.2,0.0,0.0,0.0,0.0,0.0,0.0,0.0,0.0
1900,1999-04-13,SZSE:000768,0.0,0.0,0.0,0.0,0.0,0.0,0.0,0.0,0.0,0.0,0.0,0.0,0.0,0.0,0.0,0.0,0.0,0,0.0,0.0,0.0,0.0,0.0,0.0,0.0,0.0,1,39951.0,2.2,0.0,0.0,0.0,0.0,0.0,0.0,0.0,0.0
1901,1999-04-14,SZSE:000768,0.0,0.0,0.0,0.0,0.0,0.0,0.0,0.0,0.0,0.0,0.0,0.0,0.0,0.0,0.0,0.0,0.0,0,0.0,0.0,0.0,0.0,0.0,0.0,0.0,0.0,1,39951.0,2.2,0.0,0.0,0.0,0.0,0.0,0.0,0.0,0.0
1902,1999-04-15,SZSE:000768,0.0,0.0,0.0,0.0,0.0,0.0,0.0,0.0,0.0,0.0,0.0,0.0,0.0,0.0,0.0,0.0,0.0,0,0.0,0.0,0.0,0.0,0.0,0.0,0.0,0.0,1,39951.0,2.2,0.0,0.0,0.0,0.0,0.0,0.0,0.0,0.0
1903,1999-04-16,SZSE:000768,0.0,0.0,0.0,0.0,0.0,0.0,0.0,0.0,0.0,0.0,0.0,0.0,0.0,0.0,0.0,0.0,0.0,0,0.0,0.0,0.0,0.0,0.0,0.0,0.0,0.0,1,39951.0,2.2,0.0,0.0,0.0,0.0,0.0,0.0,0.0,0.0
1904,1999-04-19,SZSE:000768,0.0,0.0,0.0,0.0,0.0,0.0,0.0,0.0,0.0,0.0,0.0,0.0,0.0,0.0,0.0,0.0,0.0,0,0.0,0.0,0.0,0.0,0.0,0.0,0.0,0.0,1,39951.0,2.2,0.0,0.0,0.0,0.0,0.0,0.0,0.0,0.0
1905,1999-04-20,SZSE:000768,0.0,0.0,0.0,0.0,0.0,0.0,0.0,0.0,0.0,0.0,0.0,0.0,0.0,0.0,0.0,0.0,0.0,0,0.0,0.0,0.0,0.0,0.0,0.0,0.0,0.0,1,39951.0,2.2,0.0,0.0,0.0,0.0,0.0,0.0,0.0,0.0
1906,1999-04-21,SZSE:000768,0.0,0.0,0.0,0.0,0.0,0.0,0.0,0.0,0.0,0.0,0.0,0.0,0.0,0.0,0.0,0.0,0.0,0,0.0,0.0,0.0,0.0,0.0,0.0,0.0,0.0,1,39951.0,2.2,0.0,0.0,0.0,0.0,0.0,0.0,0.0,0.0
1907,1999-04-22,SZSE:000768,0.0,0.0,0.0,0.0,0.0,0.0,0.0,0.0,0.0,0.0,0.0,0.0,0.0,0.0,0.0,0.0,0.0,0,0.0,0.0,0.0,0.0,0.0,0.0,0.0,0.0,1,39951.0,2.2,0.0,0.0,0.0,0.0,0.0,0.0,0.0,0.0
1908,1999-04-23,SZSE:000768,0.0,0.0,0.0,0.0,0.0,0.0,0.0,0.0,0.0,0.0,0.0,0.0,0.0,0.0,0.0,0.0,0.0,0,0.0,0.0,0.0,0.0,0.0,0.0,0.0,0.0,1,39951.0,2.2,0.0,0.0,0.0,0.0,0.0,0.0,0.0,0.0
1909,1999-04-26,SZSE:000768,0.0,0.0,0.0,0.0,0.0,0.0,0.0,0.0,0.0,0.0,0.0,0.0,0.0,0.0,0.0,0.0,0.0,0,0.0,0.0,0.0,0.0,0.0,0.0,0.0,0.0,1,39951.0,2.2,0.0,0.0,0.0,0.0,0.0,0.0,0.0,0.0
1910,1999-04-27,SZSE:000768,0.0,0.0,0.0,0.0,0.0,0.0,0.0,0.0,0.0,0.0,0.0,0.0,0.0,0.0,0.0,0.0,0.0,0,0.0,0.0,0.0,0.0,0.0,0.0,0.0,0.0,1,39951.0,2.2,0.0,0.0,0.0,0.0,0.0,0.0,0.0,0.0
1911,1999-04-28,SZSE:000768,0.0,0.0,0.0,0.0,0.0,0.0,0.0,0.0,0.0,0.0,0.0,0.0,0.0,0.0,0.0,0.0,0.0,0,0.0,0.0,0.0,0.0,0.0,0.0,0.0,0.0,1,39951.0,2.2,0.0,0.0,0.0,0.0,0.0,0.0,0.0,0.0
1912,1999-04-29,SZSE:000768,0.0,0.0,0.0,0.0,0.0,0.0,0.0,0.0,0.0,0.0,0.0,0.0,0.0,0.0,0.0,0.0,0.0,0,0.0,0.0,0.0,0.0,0.0,0.0,0.0,0.0,1,39951.0,2.2,0.0,0.0,0.0,0.0,0.0,0.0,0.0,0.0
1913,1999-04-30,SZSE:000768,0.0,0.0,0.0,0.0,0.0,0.0,0.0,0.0,0.0,0.0,0.0,0.0,0.0,0.0,0.0,0.0,0.0,0,0.0,0.0,0.0,0.0,0.0,0.0,0.0,0.0,1,39951.0,2.2,0.0,0.0,0.0,0.0,0.0,0.0,0.0,0.0
1914,1999-05-03,SZSE:000768,0.0,0.0,0.0,0.0,0.0,0.0,0.0,0.0,0.0,0.0,0.0,0.0,0.0,0.0,0.0,0.0,0.0,0,0.0,0.0,0.0,0.0,0.0,0.0,0.0,0.0,1,39951.0,2.2,0.0,0.0,0.0,0.0,0.0,0.0,0.0,0.0
1915,1999-05-04,SZSE:000768,0.0,0.0,0.0,0.0,0.0,0.0,0.0,0.0,0.0,0.0,0.0,0.0,0.0,0.0,0.0,0.0,0.0,0,0.0,0.0,0.0,0.0,0.0,0.0,0.0,0.0,1,39951.0,2.2,0.0,0.0,0.0,0.0,0.0,0.0,0.0,0.0
1916,1999-05-05,SZSE:000768,0.0,0.0,0.0,0.0,0.0,0.0,0.0,0.0,0.0,0.0,0.0,0.0,0.0,0.0,0.0,0.0,0.0,0,0.0,0.0,0.0,0.0,0.0,0.0,0.0,0.0,1,39951.0,2.2,0.0,0.0,0.0,0.0,0.0,0.0,0.0,0.0
1917,1999-05-06,SZSE:000768,0.0,0.0,0.0,0.0,0.0,0.0,0.0,0.0,0.0,0.0,0.0,0.0,0.0,0.0,0.0,0.0,0.0,0,0.0,0.0,0.0,0.0,0.0,0.0,0.0,0.0,1,39951.0,2.2,0.0,0.0,0.0,0.0,0.0,0.0,0.0,0.0
1918,1999-05-07,SZSE:000768,0.0,0.0,0.0,0.0,0.0,0.0,0.0,0.0,0.0,0.0,0.0,0.0,0.0,0.0,0.0,0.0,0.0,0,0.0,0.0,0.0,0.0,0.0,0.0,0.0,0.0,1,39951.0,2.2,0.0,0.0,0.0,0.0,0.0,0.0,0.0,0.0
1919,1999-05-10,SZSE:000768,0.0,0.0,0.0,0.0,0.0,0.0,0.0,0.0,0.0,0.0,0.0,0.0,0.0,0.0,0.0,0.0,0.0,0,0.0,0.0,0.0,0.0,0.0,0.0,0.0,0.0,1,39951.0,2.2,0.0,0.0,0.0,0.0,0.0,0.0,0.0,0.0
1920,1999-05-11,SZSE:000768,0.0,0.0,0.0,0.0,0.0,0.0,0.0,0.0,0.0,0.0,0.0,0.0,0.0,0.0,0.0,0.0,0.0,0,0.0,0.0,0.0,0.0,0.0,0.0,0.0,0.0,1,39951.0,2.2,0.0,0.0,0.0,0.0,0.0,0.0,0.0,0.0
1921,1999-05-12,SZSE:000768,0.0,0.0,0.0,0.0,0.0,0.0,0.0,0.0,0.0,0.0,0.0,0.0,0.0,0.0,0.0,0.0,0.0,0,0.0,0.0,0.0,0.0,0.0,0.0,0.0,0.0,1,39951.0,2.2,0.0,0.0,0.0,0.0,0.0,0.0,0.0,0.0
1922,1999-05-13,SZSE:000768,0.0,0.0,0.0,0.0,0.0,0.0,0.0,0.0,0.0,0.0,0.0,0.0,0.0,0.0,0.0,0.0,0.0,0,0.0,0.0,0.0,0.0,0.0,0.0,0.0,0.0,1,39951.0,2.2,0.0,0.0,0.0,0.0,0.0,0.0,0.0,0.0
1923,1999-05-14,SZSE:000768,0.0,0.0,0.0,0.0,0.0,0.0,0.0,0.0,0.0,0.0,0.0,0.0,0.0,0.0,0.0,0.0,0.0,0,0.0,0.0,0.0,0.0,0.0,0.0,0.0,0.0,1,39951.0,2.2,0.0,0.0,0.0,0.0,0.0,0.0,0.0,0.0
1924,1999-05-17,SZSE:000768,0.0,0.0,0.0,0.0,0.0,0.0,0.0,0.0,0.0,0.0,0.0,0.0,0.0,0.0,0.0,0.0,0.0,0,0.0,0.0,0.0,0.0,0.0,0.0,0.0,0.0,1,39951.0,2.2,0.0,0.0,0.0,0.0,0.0,0.0,0.0,0.0
1925,1999-05-18,SZSE:000768,0.0,0.0,0.0,0.0,0.0,0.0,0.0,0.0,0.0,0.0,0.0,0.0,0.0,0.0,0.0,0.0,0.0,0,0.0,0.0,0.0,0.0,0.0,0.0,0.0,0.0,1,39951.0,2.2,0.0,0.0,0.0,0.0,0.0,0.0,0.0,0.0
1926,1999-05-19,SZSE:000768,0.0,0.0,0.0,0.0,0.0,0.0,0.0,0.0,0.0,0.0,0.0,0.0,0.0,0.0,0.0,0.0,0.0,0,0.0,0.0,0.0,0.0,0.0,0.0,0.0,0.0,1,39951.0,2.2,0.0,0.0,0.0,0.0,0.0,0.0,0.0,0.0
1927,1999-05-20,SZSE:000768,0.0,0.0,0.0,0.0,0.0,0.0,0.0,0.0,0.0,0.0,0.0,0.0,0.0,0.0,0.0,0.0,0.0,0,0.0,0.0,0.0,0.0,0.0,0.0,0.0,0.0,1,39951.0,2.2,0.0,0.0,0.0,0.0,0.0,0.0,0.0,0.0
1928,1999-05-21,SZSE:000768,0.0,0.0,0.0,0.0,0.0,0.0,0.0,0.0,0.0,0.0,0.0,0.0,0.0,0.0,0.0,0.0,0.0,0,0.0,0.0,0.0,0.0,0.0,0.0,0.0,0.0,1,39951.0,2.2,0.0,0.0,0.0,0.0,0.0,0.0,0.0,0.0
1929,1999-05-24,SZSE:000768,0.0,0.0,0.0,0.0,0.0,0.0,0.0,0.0,0.0,0.0,0.0,0.0,0.0,0.0,0.0,0.0,0.0,0,0.0,0.0,0.0,0.0,0.0,0.0,0.0,0.0,1,39951.0,2.2,0.0,0.0,0.0,0.0,0.0,0.0,0.0,0.0
1930,1999-05-25,SZSE:000768,0.0,0.0,0.0,0.0,0.0,0.0,0.0,0.0,0.0,0.0,0.0,0.0,0.0,0.0,0.0,0.0,0.0,0,0.0,0.0,0.0,0.0,0.0,0.0,0.0,0.0,1,39951.0,2.2,0.0,0.0,0.0,0.0,0.0,0.0,0.0,0.0
1931,1999-05-26,SZSE:000768,0.0,0.0,0.0,0.0,0.0,0.0,0.0,0.0,0.0,0.0,0.0,0.0,0.0,0.0,0.0,0.0,0.0,0,0.0,0.0,0.0,0.0,0.0,0.0,0.0,0.0,1,39951.0,2.2,0.0,0.0,0.0,0.0,0.0,0.0,0.0,0.0
1932,1999-05-27,SZSE:000768,0.0,0.0,0.0,0.0,0.0,0.0,0.0,0.0,0.0,0.0,0.0,0.0,0.0,0.0,0.0,0.0,0.0,0,0.0,0.0,0.0,0.0,0.0,0.0,0.0,0.0,1,39951.0,2.2,0.0,0.0,0.0,0.0,0.0,0.0,0.0,0.0
1933,1999-05-28,SZSE:000768,0.0,0.0,0.0,0.0,0.0,0.0,0.0,0.0,0.0,0.0,0.0,0.0,0.0,0.0,0.0,0.0,0.0,0,0.0,0.0,0.0,0.0,0.0,0.0,0.0,0.0,1,39951.0,2.2,0.0,0.0,0.0,0.0,0.0,0.0,0.0,0.0
1934,1999-05-31,SZSE:000768,0.0,0.0,0.0,0.0,0.0,0.0,0.0,0.0,0.0,0.0,0.0,0.0,0.0,0.0,0.0,0.0,0.0,0,0.0,0.0,0.0,0.0,0.0,0.0,0.0,0.0,1,39951.0,2.2,0.0,0.0,0.0,0.0,0.0,0.0,0.0,0.0
1935,1999-06-01,SZSE:000768,0.0,0.0,0.0,0.0,0.0,0.0,0.0,0.0,0.0,0.0,0.0,0.0,0.0,0.0,0.0,0.0,0.0,0,0.0,0.0,0.0,0.0,0.0,0.0,0.0,0.0,1,39951.0,2.2,0.0,0.0,0.0,0.0,0.0,0.0,0.0,0.0
1936,1999-06-02,SZSE:000768,0.0,0.0,0.0,0.0,0.0,0.0,0.0,0.0,0.0,0.0,0.0,0.0,0.0,0.0,0.0,0.0,0.0,0,0.0,0.0,0.0,0.0,0.0,0.0,0.0,0.0,1,39951.0,2.2,0.0,0.0,0.0,0.0,0.0,0.0,0.0,0.0
1937,1999-06-03,SZSE:000768,0.0,0.0,0.0,0.0,0.0,0.0,0.0,0.0,0.0,0.0,0.0,0.0,0.0,0.0,0.0,0.0,0.0,0,0.0,0.0,0.0,0.0,0.0,0.0,0.0,0.0,1,39951.0,2.2,0.0,0.0,0.0,0.0,0.0,0.0,0.0,0.0
1938,1999-06-04,SZSE:000768,0.0,0.0,0.0,0.0,0.0,0.0,0.0,0.0,0.0,0.0,0.0,0.0,0.0,0.0,0.0,0.0,0.0,0,0.0,0.0,0.0,0.0,0.0,0.0,0.0,0.0,1,39951.0,2.2,0.0,0.0,0.0,0.0,0.0,0.0,0.0,0.0
1939,1999-06-07,SZSE:000768,0.0,0.0,0.0,0.0,0.0,0.0,0.0,0.0,0.0,0.0,0.0,0.0,0.0,0.0,0.0,0.0,0.0,0,0.0,0.0,0.0,0.0,0.0,0.0,0.0,0.0,1,39951.0,2.2,0.0,0.0,0.0,0.0,0.0,0.0,0.0,0.0
1940,1999-06-08,SZSE:000768,0.0,0.0,0.0,0.0,0.0,0.0,0.0,0.0,0.0,0.0,0.0,0.0,0.0,0.0,0.0,0.0,0.0,0,0.0,0.0,0.0,0.0,0.0,0.0,0.0,0.0,1,39951.0,2.2,0.0,0.0,0.0,0.0,0.0,0.0,0.0,0.0
1941,1999-06-09,SZSE:000768,0.0,0.0,0.0,0.0,0.0,0.0,0.0,0.0,0.0,0.0,0.0,0.0,0.0,0.0,0.0,0.0,0.0,0,0.0,0.0,0.0,0.0,0.0,0.0,0.0,0.0,1,39951.0,2.2,0.0,0.0,0.0,0.0,0.0,0.0,0.0,0.0
1942,1999-06-10,SZSE:000768,0.0,0.0,0.0,0.0,0.0,0.0,0.0,0.0,0.0,0.0,0.0,0.0,0.0,0.0,0.0,0.0,0.0,0,0.0,0.0,0.0,0.0,0.0,0.0,0.0,0.0,1,39951.0,2.2,0.0,0.0,0.0,0.0,0.0,0.0,0.0,0.0
1943,1999-06-11,SZSE:000768,0.0,0.0,0.0,0.0,0.0,0.0,0.0,0.0,0.0,0.0,0.0,0.0,0.0,0.0,0.0,0.0,0.0,0,0.0,0.0,0.0,0.0,0.0,0.0,0.0,0.0,1,39951.0,2.2,0.0,0.0,0.0,0.0,0.0,0.0,0.0,0.0
1944,1999-06-14,SZSE:000768,0.0,0.0,0.0,0.0,0.0,0.0,0.0,0.0,0.0,0.0,0.0,0.0,0.0,0.0,0.0,0.0,0.0,0,0.0,0.0,0.0,0.0,0.0,0.0,0.0,0.0,1,39951.0,2.2,0.0,0.0,0.0,0.0,0.0,0.0,0.0,0.0
1945,1999-06-15,SZSE:000768,0.0,0.0,0.0,0.0,0.0,0.0,0.0,0.0,0.0,0.0,0.0,0.0,0.0,0.0,0.0,0.0,0.0,0,0.0,0.0,0.0,0.0,0.0,0.0,0.0,0.0,1,39951.0,2.2,0.0,0.0,0.0,0.0,0.0,0.0,0.0,0.0
1946,1999-06-16,SZSE:000768,0.0,0.0,0.0,0.0,0.0,0.0,0.0,0.0,0.0,0.0,0.0,0.0,0.0,0.0,0.0,0.0,0.0,0,0.0,0.0,0.0,0.0,0.0,0.0,0.0,0.0,1,39951.0,2.2,0.0,0.0,0.0,0.0,0.0,0.0,0.0,0.0
1947,1999-06-17,SZSE:000768,0.0,0.0,0.0,0.0,0.0,0.0,0.0,0.0,0.0,0.0,0.0,0.0,0.0,0.0,0.0,0.0,0.0,0,0.0,0.0,0.0,0.0,0.0,0.0,0.0,0.0,1,39951.0,2.2,0.0,0.0,0.0,0.0,0.0,0.0,0.0,0.0
1948,1999-06-18,SZSE:000768,0.0,0.0,0.0,0.0,0.0,0.0,0.0,0.0,0.0,0.0,0.0,0.0,0.0,0.0,0.0,0.0,0.0,0,0.0,0.0,0.0,0.0,0.0,0.0,0.0,0.0,1,39951.0,2.2,0.0,0.0,0.0,0.0,0.0,0.0,0.0,0.0
1949,1999-06-21,SZSE:000768,0.0,0.0,0.0,0.0,0.0,0.0,0.0,0.0,0.0,0.0,0.0,0.0,0.0,0.0,0.0,0.0,0.0,0,0.0,0.0,0.0,0.0,0.0,0.0,0.0,0.0,1,39951.0,2.2,0.0,0.0,0.0,0.0,0.0,0.0,0.0,0.0
1950,1999-06-22,SZSE:000768,0.0,0.0,0.0,0.0,0.0,0.0,0.0,0.0,0.0,0.0,0.0,0.0,0.0,0.0,0.0,0.0,0.0,0,0.0,0.0,0.0,0.0,0.0,0.0,0.0,0.0,1,39951.0,2.2,0.0,0.0,0.0,0.0,0.0,0.0,0.0,0.0
1951,1999-06-23,SZSE:000768,0.0,0.0,0.0,0.0,0.0,0.0,0.0,0.0,0.0,0.0,0.0,0.0,0.0,0.0,0.0,0.0,0.0,0,0.0,0.0,0.0,0.0,0.0,0.0,0.0,0.0,1,39951.0,2.2,0.0,0.0,0.0,0.0,0.0,0.0,0.0,0.0
1952,1999-06-24,SZSE:000768,0.0,0.0,0.0,0.0,0.0,0.0,0.0,0.0,0.0,0.0,0.0,0.0,0.0,0.0,0.0,0.0,0.0,0,0.0,0.0,0.0,0.0,0.0,0.0,0.0,0.0,1,39951.0,2.2,0.0,0.0,0.0,0.0,0.0,0.0,0.0,0.0
1953,1999-06-25,SZSE:000768,0.0,0.0,0.0,0.0,0.0,0.0,0.0,0.0,0.0,0.0,0.0,0.0,0.0,0.0,0.0,0.0,0.0,0,0.0,0.0,0.0,0.0,0.0,0.0,0.0,0.0,1,39951.0,2.2,0.0,0.0,0.0,0.0,0.0,0.0,0.0,0.0
1954,1999-06-28,SZSE:000768,0.0,0.0,0.0,0.0,0.0,0.0,0.0,0.0,0.0,0.0,0.0,0.0,0.0,0.0,0.0,0.0,0.0,0,0.0,0.0,0.0,0.0,0.0,0.0,0.0,0.0,1,39951.0,2.2,0.0,0.0,0.0,0.0,0.0,0.0,0.0,0.0
1955,1999-06-29,SZSE:000768,0.0,0.0,0.0,0.0,0.0,0.0,0.0,0.0,0.0,0.0,0.0,0.0,0.0,0.0,0.0,0.0,0.0,0,0.0,0.0,0.0,0.0,0.0,0.0,0.0,0.0,1,39951.0,2.2,0.0,0.0,0.0,0.0,0.0,0.0,0.0,0.0
1956,1999-06-30,SZSE:000768,0.0,0.0,0.0,0.0,0.0,0.0,0.0,0.0,0.0,0.0,0.0,0.0,0.0,0.0,0.0,0.0,0.0,0,0.0,0.0,0.0,0.0,0.0,0.0,0.0,0.0,1,39951.0,2.2,0.0,0.0,0.0,0.0,0.0,0.0,0.0,0.0
1957,1999-07-01,SZSE:000768,0.0,0.0,0.0,0.0,0.0,0.0,0.0,0.0,0.0,0.0,0.0,0.0,0.0,0.0,0.0,0.0,0.0,0,0.0,0.0,0.0,0.0,0.0,0.0,0.0,0.0,1,39951.0,2.2,0.0,0.0,0.0,0.0,0.0,0.0,0.0,0.0
1958,1999-07-02,SZSE:000768,0.0,0.0,0.0,0.0,0.0,0.0,0.0,0.0,0.0,0.0,0.0,0.0,0.0,0.0,0.0,0.0,0.0,0,0.0,0.0,0.0,0.0,0.0,0.0,0.0,0.0,1,39951.0,2.2,0.0,0.0,0.0,0.0,0.0,0.0,0.0,0.0
1959,1999-07-05,SZSE:000768,0.0,0.0,0.0,0.0,0.0,0.0,0.0,0.0,0.0,0.0,0.0,0.0,0.0,0.0,0.0,0.0,0.0,0,0.0,0.0,0.0,0.0,0.0,0.0,0.0,0.0,1,39951.0,2.2,0.0,0.0,0.0,0.0,0.0,0.0,0.0,0.0
1960,1999-07-06,SZSE:000768,0.0,0.0,0.0,0.0,0.0,0.0,0.0,0.0,0.0,0.0,0.0,0.0,0.0,0.0,0.0,0.0,0.0,0,0.0,0.0,0.0,0.0,0.0,0.0,0.0,0.0,1,39951.0,2.2,0.0,0.0,0.0,0.0,0.0,0.0,0.0,0.0
1961,1999-07-07,SZSE:000768,0.0,0.0,0.0,0.0,0.0,0.0,0.0,0.0,0.0,0.0,0.0,0.0,0.0,0.0,0.0,0.0,0.0,0,0.0,0.0,0.0,0.0,0.0,0.0,0.0,0.0,1,39951.0,2.2,0.0,0.0,0.0,0.0,0.0,0.0,0.0,0.0
1962,1999-07-08,SZSE:000768,0.0,0.0,0.0,0.0,0.0,0.0,0.0,0.0,0.0,0.0,0.0,0.0,0.0,0.0,0.0,0.0,0.0,0,0.0,0.0,0.0,0.0,0.0,0.0,0.0,0.0,1,39951.0,2.2,0.0,0.0,0.0,0.0,0.0,0.0,0.0,0.0
1963,1999-07-09,SZSE:000768,0.0,0.0,0.0,0.0,0.0,0.0,0.0,0.0,0.0,0.0,0.0,0.0,0.0,0.0,0.0,0.0,0.0,0,0.0,0.0,0.0,0.0,0.0,0.0,0.0,0.0,1,39951.0,2.2,0.0,0.0,0.0,0.0,0.0,0.0,0.0,0.0
1964,1999-07-12,SZSE:000768,0.0,0.0,0.0,0.0,0.0,0.0,0.0,0.0,0.0,0.0,0.0,0.0,0.0,0.0,0.0,0.0,0.0,0,0.0,0.0,0.0,0.0,0.0,0.0,0.0,0.0,1,39951.0,2.2,0.0,0.0,0.0,0.0,0.0,0.0,0.0,0.0
1965,1999-07-13,SZSE:000768,0.0,0.0,0.0,0.0,0.0,0.0,0.0,0.0,0.0,0.0,0.0,0.0,0.0,0.0,0.0,0.0,0.0,0,0.0,0.0,0.0,0.0,0.0,0.0,0.0,0.0,1,39951.0,2.2,0.0,0.0,0.0,0.0,0.0,0.0,0.0,0.0
1966,1999-07-14,SZSE:000768,0.0,0.0,0.0,0.0,0.0,0.0,0.0,0.0,0.0,0.0,0.0,0.0,0.0,0.0,0.0,0.0,0.0,0,0.0,0.0,0.0,0.0,0.0,0.0,0.0,0.0,1,39951.0,2.2,0.0,0.0,0.0,0.0,0.0,0.0,0.0,0.0
1967,1999-07-15,SZSE:000768,0.0,0.0,0.0,0.0,0.0,0.0,0.0,0.0,0.0,0.0,0.0,0.0,0.0,0.0,0.0,0.0,0.0,0,0.0,0.0,0.0,0.0,0.0,0.0,0.0,0.0,1,39951.0,2.2,0.0,0.0,0.0,0.0,0.0,0.0,0.0,0.0
1968,1999-07-16,SZSE:000768,0.0,0.0,0.0,0.0,0.0,0.0,0.0,0.0,0.0,0.0,0.0,0.0,0.0,0.0,0.0,0.0,0.0,0,0.0,0.0,0.0,0.0,0.0,0.0,0.0,0.0,1,39951.0,2.2,0.0,0.0,0.0,0.0,0.0,0.0,0.0,0.0
1969,1999-07-19,SZSE:000768,0.0,0.0,0.0,0.0,0.0,0.0,0.0,0.0,0.0,0.0,0.0,0.0,0.0,0.0,0.0,0.0,0.0,0,0.0,0.0,0.0,0.0,0.0,0.0,0.0,0.0,1,39951.0,2.2,0.0,0.0,0.0,0.0,0.0,0.0,0.0,0.0
1970,1999-07-20,SZSE:000768,0.0,0.0,0.0,0.0,0.0,0.0,0.0,0.0,0.0,0.0,0.0,0.0,0.0,0.0,0.0,0.0,0.0,0,0.0,0.0,0.0,0.0,0.0,0.0,0.0,0.0,1,39951.0,2.2,0.0,0.0,0.0,0.0,0.0,0.0,0.0,0.0
1971,1999-07-21,SZSE:000768,0.0,0.0,0.0,0.0,0.0,0.0,0.0,0.0,0.0,0.0,0.0,0.0,0.0,0.0,0.0,0.0,0.0,0,0.0,0.0,0.0,0.0,0.0,0.0,0.0,0.0,1,39951.0,2.2,0.0,0.0,0.0,0.0,0.0,0.0,0.0,0.0
1972,1999-07-22,SZSE:000768,0.0,0.0,0.0,0.0,0.0,0.0,0.0,0.0,0.0,0.0,0.0,0.0,0.0,0.0,0.0,0.0,0.0,0,0.0,0.0,0.0,0.0,0.0,0.0,0.0,0.0,1,39951.0,2.2,0.0,0.0,0.0,0.0,0.0,0.0,0.0,0.0
1973,1999-07-23,SZSE:000768,0.0,0.0,0.0,0.0,0.0,0.0,0.0,0.0,0.0,0.0,0.0,0.0,0.0,0.0,0.0,0.0,0.0,0,0.0,0.0,0.0,0.0,0.0,0.0,0.0,0.0,1,39951.0,2.2,0.0,0.0,0.0,0.0,0.0,0.0,0.0,0.0
1974,1999-07-26,SZSE:000768,0.0,0.0,0.0,0.0,0.0,0.0,0.0,0.0,0.0,0.0,0.0,0.0,0.0,0.0,0.0,0.0,0.0,0,0.0,0.0,0.0,0.0,0.0,0.0,0.0,0.0,1,39951.0,2.2,0.0,0.0,0.0,0.0,0.0,0.0,0.0,0.0
1975,1999-07-27,SZSE:000768,0.0,0.0,0.0,0.0,0.0,0.0,0.0,0.0,0.0,0.0,0.0,0.0,0.0,0.0,0.0,0.0,0.0,0,0.0,0.0,0.0,0.0,0.0,0.0,0.0,0.0,1,39951.0,2.2,0.0,0.0,0.0,0.0,0.0,0.0,0.0,0.0
1976,1999-07-28,SZSE:000768,0.0,0.0,0.0,0.0,0.0,0.0,0.0,0.0,0.0,0.0,0.0,0.0,0.0,0.0,0.0,0.0,0.0,0,0.0,0.0,0.0,0.0,0.0,0.0,0.0,0.0,1,39951.0,2.2,0.0,0.0,0.0,0.0,0.0,0.0,0.0,0.0
1977,1999-07-29,SZSE:000768,0.0,0.0,0.0,0.0,0.0,0.0,0.0,0.0,0.0,0.0,0.0,0.0,0.0,0.0,0.0,0.0,0.0,0,0.0,0.0,0.0,0.0,0.0,0.0,0.0,0.0,1,39951.0,2.2,0.0,0.0,0.0,0.0,0.0,0.0,0.0,0.0
1978,1999-07-30,SZSE:000768,0.0,0.0,0.0,0.0,0.0,0.0,0.0,0.0,0.0,0.0,0.0,0.0,0.0,0.0,0.0,0.0,0.0,0,0.0,0.0,0.0,0.0,0.0,0.0,0.0,0.0,1,39951.0,2.2,0.0,0.0,0.0,0.0,0.0,0.0,0.0,0.0
1979,1999-08-02,SZSE:000768,0.0,0.0,0.0,0.0,0.0,0.0,0.0,0.0,0.0,0.0,0.0,0.0,0.0,0.0,0.0,0.0,0.0,0,0.0,0.0,0.0,0.0,0.0,0.0,0.0,0.0,1,39951.0,2.2,0.0,0.0,0.0,0.0,0.0,0.0,0.0,0.0
1980,1999-08-03,SZSE:000768,0.0,0.0,0.0,0.0,0.0,0.0,0.0,0.0,0.0,0.0,0.0,0.0,0.0,0.0,0.0,0.0,0.0,0,0.0,0.0,0.0,0.0,0.0,0.0,0.0,0.0,1,39951.0,2.2,0.0,0.0,0.0,0.0,0.0,0.0,0.0,0.0
1981,1999-08-04,SZSE:000768,0.0,0.0,0.0,0.0,0.0,0.0,0.0,0.0,0.0,0.0,0.0,0.0,0.0,0.0,0.0,0.0,0.0,0,0.0,0.0,0.0,0.0,0.0,0.0,0.0,0.0,1,39951.0,2.2,0.0,0.0,0.0,0.0,0.0,0.0,0.0,0.0
1982,1999-08-05,SZSE:000768,0.0,0.0,0.0,0.0,0.0,0.0,0.0,0.0,0.0,0.0,0.0,0.0,0.0,0.0,0.0,0.0,0.0,0,0.0,0.0,0.0,0.0,0.0,0.0,0.0,0.0,1,39951.0,2.2,0.0,0.0,0.0,0.0,0.0,0.0,0.0,0.0
1983,1999-08-06,SZSE:000768,0.0,0.0,0.0,0.0,0.0,0.0,0.0,0.0,0.0,0.0,0.0,0.0,0.0,0.0,0.0,0.0,0.0,0,0.0,0.0,0.0,0.0,0.0,0.0,0.0,0.0,1,39951.0,2.2,0.0,0.0,0.0,0.0,0.0,0.0,0.0,0.0
1984,1999-08-09,SZSE:000768,0.0,0.0,0.0,0.0,0.0,0.0,0.0,0.0,0.0,0.0,0.0,0.0,0.0,0.0,0.0,0.0,0.0,0,0.0,0.0,0.0,0.0,0.0,0.0,0.0,0.0,1,39951.0,2.2,0.0,0.0,0.0,0.0,0.0,0.0,0.0,0.0
1985,1999-08-10,SZSE:000768,0.0,0.0,0.0,0.0,0.0,0.0,0.0,0.0,0.0,0.0,0.0,0.0,0.0,0.0,0.0,0.0,0.0,0,0.0,0.0,0.0,0.0,0.0,0.0,0.0,0.0,1,39951.0,2.2,0.0,0.0,0.0,0.0,0.0,0.0,0.0,0.0
1986,1999-08-11,SZSE:000768,0.0,0.0,0.0,0.0,0.0,0.0,0.0,0.0,0.0,0.0,0.0,0.0,0.0,0.0,0.0,0.0,0.0,0,0.0,0.0,0.0,0.0,0.0,0.0,0.0,0.0,1,39951.0,2.2,0.0,0.0,0.0,0.0,0.0,0.0,0.0,0.0
1987,1999-08-12,SZSE:000768,0.0,0.0,0.0,0.0,0.0,0.0,0.0,0.0,0.0,0.0,0.0,0.0,0.0,0.0,0.0,0.0,0.0,0,0.0,0.0,0.0,0.0,0.0,0.0,0.0,0.0,1,39951.0,2.2,0.0,0.0,0.0,0.0,0.0,0.0,0.0,0.0
1988,1999-08-13,SZSE:000768,0.0,0.0,0.0,0.0,0.0,0.0,0.0,0.0,0.0,0.0,0.0,0.0,0.0,0.0,0.0,0.0,0.0,0,0.0,0.0,0.0,0.0,0.0,0.0,0.0,0.0,1,39951.0,2.2,0.0,0.0,0.0,0.0,0.0,0.0,0.0,0.0
1989,1999-08-16,SZSE:000768,0.0,0.0,0.0,0.0,0.0,0.0,0.0,0.0,0.0,0.0,0.0,0.0,0.0,0.0,0.0,0.0,0.0,0,0.0,0.0,0.0,0.0,0.0,0.0,0.0,0.0,1,39951.0,2.2,0.0,0.0,0.0,0.0,0.0,0.0,0.0,0.0
1990,1999-08-17,SZSE:000768,0.0,0.0,0.0,0.0,0.0,0.0,0.0,0.0,0.0,0.0,0.0,0.0,0.0,0.0,0.0,0.0,0.0,0,0.0,0.0,0.0,0.0,0.0,0.0,0.0,0.0,1,39951.0,2.2,0.0,0.0,0.0,0.0,0.0,0.0,0.0,0.0
1991,1999-08-18,SZSE:000768,0.0,0.0,0.0,0.0,0.0,0.0,0.0,0.0,0.0,0.0,0.0,0.0,0.0,0.0,0.0,0.0,0.0,0,0.0,0.0,0.0,0.0,0.0,0.0,0.0,0.0,1,39951.0,2.2,0.0,0.0,0.0,0.0,0.0,0.0,0.0,0.0
1992,1999-08-19,SZSE:000768,0.0,0.0,0.0,0.0,0.0,0.0,0.0,0.0,0.0,0.0,0.0,0.0,0.0,0.0,0.0,0.0,0.0,0,0.0,0.0,0.0,0.0,0.0,0.0,0.0,0.0,1,39951.0,2.2,0.0,0.0,0.0,0.0,0.0,0.0,0.0,0.0
1993,1999-08-20,SZSE:000768,0.0,0.0,0.0,0.0,0.0,0.0,0.0,0.0,0.0,0.0,0.0,0.0,0.0,0.0,0.0,0.0,0.0,0,0.0,0.0,0.0,0.0,0.0,0.0,0.0,0.0,1,39951.0,2.2,0.0,0.0,0.0,0.0,0.0,0.0,0.0,0.0
1994,1999-08-23,SZSE:000768,0.0,0.0,0.0,0.0,0.0,0.0,0.0,0.0,0.0,0.0,0.0,0.0,0.0,0.0,0.0,0.0,0.0,0,0.0,0.0,0.0,0.0,0.0,0.0,0.0,0.0,1,39951.0,2.2,0.0,0.0,0.0,0.0,0.0,0.0,0.0,0.0
1995,1999-08-24,SZSE:000768,0.0,0.0,0.0,0.0,0.0,0.0,0.0,0.0,0.0,0.0,0.0,0.0,0.0,0.0,0.0,0.0,0.0,0,0.0,0.0,0.0,0.0,0.0,0.0,0.0,0.0,1,39951.0,2.2,0.0,0.0,0.0,0.0,0.0,0.0,0.0,0.0
1996,1999-08-25,SZSE:000768,0.0,0.0,0.0,0.0,0.0,0.0,0.0,0.0,0.0,0.0,0.0,0.0,0.0,0.0,0.0,0.0,0.0,0,0.0,0.0,0.0,0.0,0.0,0.0,0.0,0.0,1,39951.0,2.2,0.0,0.0,0.0,0.0,0.0,0.0,0.0,0.0
1997,1999-08-26,SZSE:000768,0.0,0.0,0.0,0.0,0.0,0.0,0.0,0.0,0.0,0.0,0.0,0.0,0.0,0.0,0.0,0.0,0.0,0,0.0,0.0,0.0,0.0,0.0,0.0,0.0,0.0,1,39951.0,2.2,0.0,0.0,0.0,0.0,0.0,0.0,0.0,0.0
1998,1999-08-27,SZSE:000768,0.0,0.0,0.0,0.0,0.0,0.0,0.0,0.0,0.0,0.0,0.0,0.0,0.0,0.0,0.0,0.0,0.0,0,0.0,0.0,0.0,0.0,0.0,0.0,0.0,0.0,1,39951.0,2.2,0.0,0.0,0.0,0.0,0.0,0.0,0.0,0.0
1999,1999-08-30,SZSE:000768,0.0,0.0,0.0,0.0,0.0,0.0,0.0,0.0,0.0,0.0,0.0,0.0,0.0,0.0,0.0,0.0,0.0,0,0.0,0.0,0.0,0.0,0.0,0.0,0.0,0.0,1,39951.0,2.2,0.0,0.0,0.0,0.0,0.0,0.0,0.0,0.0
2000,1999-08-31,SZSE:000768,0.0,0.0,0.0,0.0,0.0,0.0,0.0,0.0,0.0,0.0,0.0,0.0,0.0,0.0,0.0,0.0,0.0,0,0.0,0.0,0.0,0.0,0.0,0.0,0.0,0.0,1,39951.0,2.2,0.0,0.0,0.0,0.0,0.0,0.0,0.0,0.0
2001,1999-09-01,SZSE:000768,0.0,0.0,0.0,0.0,0.0,0.0,0.0,0.0,0.0,0.0,0.0,0.0,0.0,0.0,0.0,0.0,0.0,0,0.0,0.0,0.0,0.0,0.0,0.0,0.0,0.0,1,39951.0,2.2,0.0,0.0,0.0,0.0,0.0,0.0,0.0,0.0
2002,1999-09-02,SZSE:000768,0.0,0.0,0.0,0.0,0.0,0.0,0.0,0.0,0.0,0.0,0.0,0.0,0.0,0.0,0.0,0.0,0.0,0,0.0,0.0,0.0,0.0,0.0,0.0,0.0,0.0,1,39951.0,2.2,0.0,0.0,0.0,0.0,0.0,0.0,0.0,0.0
2003,1999-09-03,SZSE:000768,0.0,0.0,0.0,0.0,0.0,0.0,0.0,0.0,0.0,0.0,0.0,0.0,0.0,0.0,0.0,0.0,0.0,0,0.0,0.0,0.0,0.0,0.0,0.0,0.0,0.0,1,39951.0,2.2,0.0,0.0,0.0,0.0,0.0,0.0,0.0,0.0
2004,1999-09-06,SZSE:000768,0.0,0.0,0.0,0.0,0.0,0.0,0.0,0.0,0.0,0.0,0.0,0.0,0.0,0.0,0.0,0.0,0.0,0,0.0,0.0,0.0,0.0,0.0,0.0,0.0,0.0,1,39951.0,2.2,0.0,0.0,0.0,0.0,0.0,0.0,0.0,0.0
2005,1999-09-07,SZSE:000768,0.0,0.0,0.0,0.0,0.0,0.0,0.0,0.0,0.0,0.0,0.0,0.0,0.0,0.0,0.0,0.0,0.0,0,0.0,0.0,0.0,0.0,0.0,0.0,0.0,0.0,1,39951.0,2.2,0.0,0.0,0.0,0.0,0.0,0.0,0.0,0.0
2006,1999-09-08,SZSE:000768,0.0,0.0,0.0,0.0,0.0,0.0,0.0,0.0,0.0,0.0,0.0,0.0,0.0,0.0,0.0,0.0,0.0,0,0.0,0.0,0.0,0.0,0.0,0.0,0.0,0.0,1,39951.0,2.2,0.0,0.0,0.0,0.0,0.0,0.0,0.0,0.0
2007,1999-09-09,SZSE:000768,0.0,0.0,0.0,0.0,0.0,0.0,0.0,0.0,0.0,0.0,0.0,0.0,0.0,0.0,0.0,0.0,0.0,0,0.0,0.0,0.0,0.0,0.0,0.0,0.0,0.0,1,39951.0,2.2,0.0,0.0,0.0,0.0,0.0,0.0,0.0,0.0
2008,1999-09-10,SZSE:000768,0.0,0.0,0.0,0.0,0.0,0.0,0.0,0.0,0.0,0.0,0.0,0.0,0.0,0.0,0.0,0.0,0.0,0,0.0,0.0,0.0,0.0,0.0,0.0,0.0,0.0,1,39951.0,2.2,0.0,0.0,0.0,0.0,0.0,0.0,0.0,0.0
2009,1999-09-13,SZSE:000768,0.0,0.0,0.0,0.0,0.0,0.0,0.0,0.0,0.0,0.0,0.0,0.0,0.0,0.0,0.0,0.0,0.0,0,0.0,0.0,0.0,0.0,0.0,0.0,0.0,0.0,1,39951.0,2.2,0.0,0.0,0.0,0.0,0.0,0.0,0.0,0.0
2010,1999-09-14,SZSE:000768,0.0,0.0,0.0,0.0,0.0,0.0,0.0,0.0,0.0,0.0,0.0,0.0,0.0,0.0,0.0,0.0,0.0,0,0.0,0.0,0.0,0.0,0.0,0.0,0.0,0.0,1,39951.0,2.2,0.0,0.0,0.0,0.0,0.0,0.0,0.0,0.0
2011,1999-09-15,SZSE:000768,0.0,0.0,0.0,0.0,0.0,0.0,0.0,0.0,0.0,0.0,0.0,0.0,0.0,0.0,0.0,0.0,0.0,0,0.0,0.0,0.0,0.0,0.0,0.0,0.0,0.0,1,39951.0,2.2,0.0,0.0,0.0,0.0,0.0,0.0,0.0,0.0
2012,1999-09-16,SZSE:000768,0.0,0.0,0.0,0.0,0.0,0.0,0.0,0.0,0.0,0.0,0.0,0.0,0.0,0.0,0.0,0.0,0.0,0,0.0,0.0,0.0,0.0,0.0,0.0,0.0,0.0,1,39951.0,2.2,0.0,0.0,0.0,0.0,0.0,0.0,0.0,0.0
2013,1999-09-17,SZSE:000768,0.0,0.0,0.0,0.0,0.0,0.0,0.0,0.0,0.0,0.0,0.0,0.0,0.0,0.0,0.0,0.0,0.0,0,0.0,0.0,0.0,0.0,0.0,0.0,0.0,0.0,1,39951.0,2.2,0.0,0.0,0.0,0.0,0.0,0.0,0.0,0.0
2014,1999-09-20,SZSE:000768,0.0,0.0,0.0,0.0,0.0,0.0,0.0,0.0,0.0,0.0,0.0,0.0,0.0,0.0,0.0,0.0,0.0,0,0.0,0.0,0.0,0.0,0.0,0.0,0.0,0.0,1,39951.0,2.2,0.0,0.0,0.0,0.0,0.0,0.0,0.0,0.0
2015,1999-09-21,SZSE:000768,0.0,0.0,0.0,0.0,0.0,0.0,0.0,0.0,0.0,0.0,0.0,0.0,0.0,0.0,0.0,0.0,0.0,0,0.0,0.0,0.0,0.0,0.0,0.0,0.0,0.0,1,39951.0,2.2,0.0,0.0,0.0,0.0,0.0,0.0,0.0,0.0
2016,1999-09-22,SZSE:000768,0.0,0.0,0.0,0.0,0.0,0.0,0.0,0.0,0.0,0.0,0.0,0.0,0.0,0.0,0.0,0.0,0.0,0,0.0,0.0,0.0,0.0,0.0,0.0,0.0,0.0,1,39951.0,2.2,0.0,0.0,0.0,0.0,0.0,0.0,0.0,0.0
2017,1999-09-23,SZSE:000768,0.0,0.0,0.0,0.0,0.0,0.0,0.0,0.0,0.0,0.0,0.0,0.0,0.0,0.0,0.0,0.0,0.0,0,0.0,0.0,0.0,0.0,0.0,0.0,0.0,0.0,1,39951.0,2.2,0.0,0.0,0.0,0.0,0.0,0.0,0.0,0.0
2018,1999-09-24,SZSE:000768,0.0,0.0,0.0,0.0,0.0,0.0,0.0,0.0,0.0,0.0,0.0,0.0,0.0,0.0,0.0,0.0,0.0,0,0.0,0.0,0.0,0.0,0.0,0.0,0.0,0.0,1,39951.0,2.2,0.0,0.0,0.0,0.0,0.0,0.0,0.0,0.0
2019,1999-09-27,SZSE:000768,0.0,0.0,0.0,0.0,0.0,0.0,0.0,0.0,0.0,0.0,0.0,0.0,0.0,0.0,0.0,0.0,0.0,0,0.0,0.0,0.0,0.0,0.0,0.0,0.0,0.0,1,39951.0,2.2,0.0,0.0,0.0,0.0,0.0,0.0,0.0,0.0
2020,1999-09-28,SZSE:000768,0.0,0.0,0.0,0.0,0.0,0.0,0.0,0.0,0.0,0.0,0.0,0.0,0.0,0.0,0.0,0.0,0.0,0,0.0,0.0,0.0,0.0,0.0,0.0,0.0,0.0,1,39951.0,2.2,0.0,0.0,0.0,0.0,0.0,0.0,0.0,0.0
2021,1999-09-29,SZSE:000768,0.0,0.0,0.0,0.0,0.0,0.0,0.0,0.0,0.0,0.0,0.0,0.0,0.0,0.0,0.0,0.0,0.0,0,0.0,0.0,0.0,0.0,0.0,0.0,0.0,0.0,1,39951.0,2.2,0.0,0.0,0.0,0.0,0.0,0.0,0.0,0.0
2022,1999-09-30,SZSE:000768,0.0,0.0,0.0,0.0,0.0,0.0,0.0,0.0,0.0,0.0,0.0,0.0,0.0,0.0,0.0,0.0,0.0,0,0.0,0.0,0.0,0.0,0.0,0.0,0.0,0.0,1,39951.0,2.2,0.0,0.0,0.0,0.0,0.0,0.0,0.0,0.0
2023,1999-10-01,SZSE:000768,0.0,0.0,0.0,0.0,0.0,0.0,0.0,0.0,0.0,0.0,0.0,0.0,0.0,0.0,0.0,0.0,0.0,0,0.0,0.0,0.0,0.0,0.0,0.0,0.0,0.0,1,39951.0,2.2,0.0,0.0,0.0,0.0,0.0,0.0,0.0,0.0
2024,1999-10-04,SZSE:000768,0.0,0.0,0.0,0.0,0.0,0.0,0.0,0.0,0.0,0.0,0.0,0.0,0.0,0.0,0.0,0.0,0.0,0,0.0,0.0,0.0,0.0,0.0,0.0,0.0,0.0,1,39951.0,2.2,0.0,0.0,0.0,0.0,0.0,0.0,0.0,0.0
2025,1999-10-05,SZSE:000768,0.0,0.0,0.0,0.0,0.0,0.0,0.0,0.0,0.0,0.0,0.0,0.0,0.0,0.0,0.0,0.0,0.0,0,0.0,0.0,0.0,0.0,0.0,0.0,0.0,0.0,1,39951.0,2.2,0.0,0.0,0.0,0.0,0.0,0.0,0.0,0.0
2026,1999-10-06,SZSE:000768,0.0,0.0,0.0,0.0,0.0,0.0,0.0,0.0,0.0,0.0,0.0,0.0,0.0,0.0,0.0,0.0,0.0,0,0.0,0.0,0.0,0.0,0.0,0.0,0.0,0.0,1,39951.0,2.2,0.0,0.0,0.0,0.0,0.0,0.0,0.0,0.0
2027,1999-10-07,SZSE:000768,0.0,0.0,0.0,0.0,0.0,0.0,0.0,0.0,0.0,0.0,0.0,0.0,0.0,0.0,0.0,0.0,0.0,0,0.0,0.0,0.0,0.0,0.0,0.0,0.0,0.0,1,39951.0,2.2,0.0,0.0,0.0,0.0,0.0,0.0,0.0,0.0
2028,1999-10-08,SZSE:000768,0.0,0.0,0.0,0.0,0.0,0.0,0.0,0.0,0.0,0.0,0.0,0.0,0.0,0.0,0.0,0.0,0.0,0,0.0,0.0,0.0,0.0,0.0,0.0,0.0,0.0,1,39951.0,2.2,0.0,0.0,0.0,0.0,0.0,0.0,0.0,0.0
2029,1999-10-11,SZSE:000768,0.0,0.0,0.0,0.0,0.0,0.0,0.0,0.0,0.0,0.0,0.0,0.0,0.0,0.0,0.0,0.0,0.0,0,0.0,0.0,0.0,0.0,0.0,0.0,0.0,0.0,1,39951.0,2.2,0.0,0.0,0.0,0.0,0.0,0.0,0.0,0.0
2030,1999-10-12,SZSE:000768,0.0,0.0,0.0,0.0,0.0,0.0,0.0,0.0,0.0,0.0,0.0,0.0,0.0,0.0,0.0,0.0,0.0,0,0.0,0.0,0.0,0.0,0.0,0.0,0.0,0.0,1,39951.0,2.2,0.0,0.0,0.0,0.0,0.0,0.0,0.0,0.0
2031,1999-10-13,SZSE:000768,0.0,0.0,0.0,0.0,0.0,0.0,0.0,0.0,0.0,0.0,0.0,0.0,0.0,0.0,0.0,0.0,0.0,0,0.0,0.0,0.0,0.0,0.0,0.0,0.0,0.0,1,39951.0,2.2,0.0,0.0,0.0,0.0,0.0,0.0,0.0,0.0
2032,1999-10-14,SZSE:000768,0.0,0.0,0.0,0.0,0.0,0.0,0.0,0.0,0.0,0.0,0.0,0.0,0.0,0.0,0.0,0.0,0.0,0,0.0,0.0,0.0,0.0,0.0,0.0,0.0,0.0,1,39951.0,2.2,0.0,0.0,0.0,0.0,0.0,0.0,0.0,0.0
2033,1999-10-15,SZSE:000768,0.0,0.0,0.0,0.0,0.0,0.0,0.0,0.0,0.0,0.0,0.0,0.0,0.0,0.0,0.0,0.0,0.0,0,0.0,0.0,0.0,0.0,0.0,0.0,0.0,0.0,1,39951.0,2.2,0.0,0.0,0.0,0.0,0.0,0.0,0.0,0.0
2034,1999-10-18,SZSE:000768,0.0,0.0,0.0,0.0,0.0,0.0,0.0,0.0,0.0,0.0,0.0,0.0,0.0,0.0,0.0,0.0,0.0,0,0.0,0.0,0.0,0.0,0.0,0.0,0.0,0.0,1,39951.0,2.2,0.0,0.0,0.0,0.0,0.0,0.0,0.0,0.0
2035,1999-10-19,SZSE:000768,0.0,0.0,0.0,0.0,0.0,0.0,0.0,0.0,0.0,0.0,0.0,0.0,0.0,0.0,0.0,0.0,0.0,0,0.0,0.0,0.0,0.0,0.0,0.0,0.0,0.0,1,39951.0,2.2,0.0,0.0,0.0,0.0,0.0,0.0,0.0,0.0
2036,1999-10-20,SZSE:000768,0.0,0.0,0.0,0.0,0.0,0.0,0.0,0.0,0.0,0.0,0.0,0.0,0.0,0.0,0.0,0.0,0.0,0,0.0,0.0,0.0,0.0,0.0,0.0,0.0,0.0,1,39951.0,2.2,0.0,0.0,0.0,0.0,0.0,0.0,0.0,0.0
2037,1999-10-21,SZSE:000768,0.0,0.0,0.0,0.0,0.0,0.0,0.0,0.0,0.0,0.0,0.0,0.0,0.0,0.0,0.0,0.0,0.0,0,0.0,0.0,0.0,0.0,0.0,0.0,0.0,0.0,1,39951.0,2.2,0.0,0.0,0.0,0.0,0.0,0.0,0.0,0.0
2038,1999-10-22,SZSE:000768,0.0,0.0,0.0,0.0,0.0,0.0,0.0,0.0,0.0,0.0,0.0,0.0,0.0,0.0,0.0,0.0,0.0,0,0.0,0.0,0.0,0.0,0.0,0.0,0.0,0.0,1,39951.0,2.2,0.0,0.0,0.0,0.0,0.0,0.0,0.0,0.0
2039,1999-10-25,SZSE:000768,0.0,0.0,0.0,0.0,0.0,0.0,0.0,0.0,0.0,0.0,0.0,0.0,0.0,0.0,0.0,0.0,0.0,0,0.0,0.0,0.0,0.0,0.0,0.0,0.0,0.0,1,39951.0,2.2,0.0,0.0,0.0,0.0,0.0,0.0,0.0,0.0
2040,1999-10-26,SZSE:000768,0.0,0.0,0.0,0.0,0.0,0.0,0.0,0.0,0.0,0.0,0.0,0.0,0.0,0.0,0.0,0.0,0.0,0,0.0,0.0,0.0,0.0,0.0,0.0,0.0,0.0,1,39951.0,2.2,0.0,0.0,0.0,0.0,0.0,0.0,0.0,0.0
2041,1999-10-27,SZSE:000768,0.0,3.1591,2.8771,0.0,0.0,0.0,0.0,0.0,0.0,0.0,0.0,0.0,0.0,0.0,0.0,0.0,0.0,0,0.0,0.0,0.0,0.0,0.0,0.0,0.0,0.0,1,39951.0,2.2,0.0,0.0,0.0,0.0,0.0,0.0,0.0,0.068
2042,1999-10-28,SZSE:000768,0.0,3.0727,2.7985,0.0,0.0,0.0,0.0,0.0,0.0,0.0,0.0,0.0,0.0,0.0,0.0,0.0,0.0,0,0.0,0.0,0.0,0.0,0.0,0.0,0.0,1.6515,1,39951.0,2.2,0.0,0.0,0.0,0.0,0.0,0.0,1.6515,0.0
2043,1999-10-29,SZSE:000768,0.0,3.0432,2.7715,0.0,0.0,0.0,0.0,0.0,0.0,0.0,0.0,0.0,0.0,0.0,0.0,0.0,0.0,0,0.0,0.0,0.0,0.0,0.0,0.0,0.0,1.5889,1,39951.0,2.2,0.0,0.0,0.0,0.0,0.0,0.0,1.5889,0.0
2044,1999-11-01,SZSE:000768,0.0,3.0659,2.7922,0.0,0.0,0.0,0.0,0.0,0.0,0.0,0.0,0.0,0.0,0.0,0.0,0.0,0.0,0,0.0,0.0,0.0,0.0,0.0,0.0,0.0,2.2627,1,39951.0,2.2,0.0,0.0,0.0,0.0,0.0,0.0,2.2627,0.0
2045,1999-11-02,SZSE:000768,0.0,3.0682,2.7943,0.0,0.0,0.0,0.0,0.0,0.0,0.0,0.0,0.0,0.0,0.0,0.0,0.0,0.0,0,0.0,0.0,0.0,0.0,0.0,0.0,0.0,1.5064,1,39951.0,2.2,0.0,0.0,0.0,0.0,0.0,0.0,1.5064,0.0
2046,1999-11-03,SZSE:000768,0.0,3.0227,2.7529,0.0,0.0,0.0,0.0,0.0,0.0,0.0,0.0,0.0,0.0,0.0,0.0,0.0,0.0,0,0.0,0.0,0.0,0.0,0.0,0.0,0.0,2.5285,1,39951.0,2.2,0.0,0.0,0.0,0.0,0.0,0.0,2.5285,0.0
2047,1999-11-04,SZSE:000768,0.0,3.0455,2.7736,0.0,0.0,0.0,0.0,0.0,0.0,0.0,0.0,0.0,0.0,0.0,0.0,0.0,0.0,0,0.0,0.0,0.0,0.0,0.0,0.0,0.0,1.1192,1,39951.0,2.2,0.0,0.0,0.0,0.0,0.0,0.0,1.1192,0.0
2048,1999-11-05,SZSE:000768,0.0,3.0636,2.7902,0.0,0.0,0.0,0.0,0.0,0.0,0.0,0.0,0.0,0.0,0.0,0.0,0.0,0.0,0,0.0,0.0,0.0,0.0,0.0,0.0,0.0,2.9059,1,39951.0,2.2,0.0,0.0,0.0,0.0,0.0,0.0,2.9059,0.0
2049,1999-11-08,SZSE:000768,0.0,3.0682,2.7943,0.0,0.0,0.0,0.0,0.0,0.0,0.0,0.0,0.0,0.0,0.0,0.0,0.0,0.0,0,0.0,0.0,0.0,0.0,0.0,0.0,0.0,3.9487,1,39951.0,2.2,0.0,0.0,0.0,0.0,0.0,0.0,3.9487,0.0
2050,1999-11-09,SZSE:000768,0.0,3.0409,2.7695,0.0,0.0,0.0,0.0,0.0,0.0,0.0,0.0,0.0,0.0,0.0,0.0,0.0,0.0,0,0.0,0.0,0.0,0.0,0.0,0.0,0.0,0.8564,1,39951.0,2.2,0.0,0.0,0.0,0.0,0.0,0.0,0.8564,0.0
2051,1999-11-10,SZSE:000768,0.0,2.9727,2.7074,0.0,0.0,0.0,0.0,0.0,0.0,0.0,0.0,0.0,0.0,0.0,0.0,0.0,0.0,0,0.0,0.0,0.0,0.0,0.0,0.0,0.0,1.1326,1,39951.0,2.2,0.0,0.0,0.0,0.0,0.0,0.0,1.1326,0.0
2052,1999-11-11,SZSE:000768,0.0,2.8705,2.6142,0.0,0.0,0.0,0.0,0.0,0.0,0.0,0.0,0.0,0.0,0.0,0.0,0.0,0.0,0,0.0,0.0,0.0,0.0,0.0,0.0,0.0,3.8413,1,39951.0,2.2,0.0,0.0,0.0,0.0,0.0,0.0,3.8413,0.0
2053,1999-11-12,SZSE:000768,2.5623,2.8386,2.5853,0.0,0.0,0.0,0.0,0.0,0.0,0.0,0.0,0.0,0.0,0.0,0.0,0.0,0.0,0,0.0,0.0,0.0,0.0,0.0,0.0,0.0,1.5366,1,39951.0,2.2,0.0,0.0,0.0,0.0,0.0,0.0,1.5366,0.0
2054,1999-11-15,SZSE:000768,2.5623,2.8409,2.5873,0.0,0.0,0.0,0.0,0.0,0.0,0.0,0.0,0.0,0.0,0.0,0.0,0.0,0.0,0,0.0,0.0,0.0,0.0,0.0,0.0,0.0,1.5568,1,39951.0,2.2,0.0,0.0,0.0,0.0,0.0,0.0,1.5568,0.0
2055,1999-11-16,SZSE:000768,2.5623,2.85,2.5956,0.0,0.0,0.0,0.0,0.0,0.0,0.0,0.0,0.0,0.0,17.3074,17.3072,0.0,0.0,0,0.0,0.0,0.0,0.0,0.0,0.0,0.0,1.3532,1,39951.0,2.2,0.0,0.0,0.0,0.0,0.0,0.0,1.3532,0.0
2056,1999-11-17,SZSE:000768,2.5623,2.8705,2.6142,0.0,0.0,0.0,0.0,0.0,0.0,0.0,0.0,0.0,0.0,20.9892,20.989,0.0,0.0,0,0.0,0.0,0.0,0.0,0.0,0.0,0.0,2.5842,1,39951.0,2.2,0.0,0.0,0.0,0.0,0.0,0.0,2.5842,0.0
2057,1999-11-18,SZSE:000768,2.5623,2.9341,2.6722,0.0,0.0,0.0,0.0,0.0,0.0,0.0,0.0,0.0,0.0,31.2454,31.2453,0.0,0.0,0,0.0,0.0,0.0,0.0,0.0,0.0,0.0,3.4518,1,39951.0,2.2,0.0,0.0,0.0,0.0,0.0,0.0,3.4518,0.0
2058,1999-11-19,SZSE:000768,0.2779,2.9477,2.6846,0.0,0.0,0.0,0.0,0.0,0.0,0.0,0.0,0.0,0.0,33.245,33.245,0.0,0.0,0,0.0,0.0,0.0,0.0,0.0,0.0,0.0,1.9362,1,39951.0,2.2,0.0,0.0,0.0,0.0,0.0,0.0,1.9362,0.0
2059,1999-11-22,SZSE:000768,0.2779,2.8977,2.6391,0.0,0.0,0.0,0.0,0.0,0.0,0.0,0.0,0.0,0.0,29.8204,29.8204,0.0,0.0,0,0.0,0.0,0.0,0.0,0.0,0.0,0.0,1.3132,1,39951.0,2.2,0.0,0.0,0.0,0.0,0.0,0.0,1.3132,0.0
2060,1999-11-23,SZSE:000768,0.2779,2.8841,2.6267,0.0,0.0,0.0,0.0,0.0,0.0,0.0,0.0,0.0,0.0,28.9445,28.9445,0.0,0.0,0,0.0,0.0,0.0,0.0,0.0,0.0,0.0,0.8794,1,39951.0,2.2,0.0,0.0,0.0,0.0,0.0,0.0,0.8794,0.0
2061,1999-11-24,SZSE:000768,0.2779,2.8545,2.5997,0.0,0.0,0.0,0.0,0.0,0.0,0.0,0.0,0.0,0.0,27.0883,27.0883,0.0,0.0,0,0.0,0.0,0.0,0.0,0.0,0.0,0.0,0.2303,1,39951.0,2.2,0.0,0.0,0.0,0.0,0.0,0.0,0.2303,0.0
2062,1999-11-25,SZSE:000768,0.2779,2.8614,2.606,0.0,0.0,0.0,0.0,0.0,0.0,0.0,0.0,0.0,0.0,28.2322,28.2322,0.0,0.0,0,0.0,0.0,0.0,0.0,0.0,0.0,0.0,1.0014,1,39951.0,2.2,0.0,0.0,0.0,0.0,0.0,0.0,1.0014,0.0
2063,1999-11-26,SZSE:000768,0.3605,2.8773,2.6204,0.0,0.0,0.0,0.0,0.0,0.0,0.0,0.0,0.0,0.0,30.9542,30.9542,0.0,0.0,0,0.0,0.0,0.0,0.0,0.0,0.0,0.0,1.351,1,39951.0,2.2,0.0,0.0,0.0,0.0,0.0,0.0,1.351,0.0
2064,1999-11-29,SZSE:000768,0.3605,2.8364,2.5832,0.0,0.0,0.0,0.0,0.0,0.0,0.0,0.0,0.0,0.0,28.0122,28.0122,0.0,0.0,0,0.0,0.0,0.0,0.0,0.0,0.0,0.0,0.979,1,39951.0,2.2,0.0,0.0,0.0,0.0,0.0,0.0,0.979,0.0
2065,1999-11-30,SZSE:000768,0.3605,2.8591,2.6039,0.0,0.0,0.0,0.0,0.0,0.0,0.0,0.0,0.0,0.0,31.8852,31.8853,0.0,0.0,0,0.0,0.0,0.0,0.0,0.0,0.0,0.0,2.1779,1,39951.0,2.2,0.0,0.0,0.0,0.0,0.0,0.0,2.1779,0.0
2066,1999-12-01,SZSE:000768,0.3605,2.8614,2.606,0.0,0.0,0.0,0.0,0.0,0.0,0.0,0.0,0.0,0.0,32.2777,32.2777,0.0,0.0,0,0.0,0.0,0.0,0.0,0.0,0.0,0.0,1.9515,1,39951.0,2.2,0.0,0.0,0.0,0.0,0.0,0.0,1.9515,0.0
2067,1999-12-02,SZSE:000768,0.3605,2.8818,2.6246,0.0,0.0,0.0,0.0,0.0,0.0,0.0,0.0,0.0,0.0,35.8591,35.8591,0.0,0.0,0,0.0,0.0,0.0,0.0,0.0,0.0,0.0,2.6848,1,39951.0,2.2,0.0,0.0,0.0,0.0,0.0,0.0,2.6848,0.0
2068,1999-12-03,SZSE:000768,0.4295,2.9023,2.6432,0.0,0.0,0.0,0.0,0.0,0.0,0.0,0.0,0.0,0.0,39.3152,39.3152,0.0,0.0,0,0.0,0.0,0.0,0.0,0.0,0.0,0.0,2.6798,1,39951.0,2.2,0.0,0.0,0.0,0.0,0.0,0.0,2.6798,0.0
2069,1999-12-06,SZSE:000768,0.4295,2.9773,2.7115,0.0,0.0,0.0,0.0,0.0,0.0,0.0,0.0,0.0,0.0,49.9616,49.9617,0.0,0.0,0,0.0,0.0,0.0,0.0,0.0,0.0,0.0,4.7968,1,39951.0,2.2,0.0,0.0,0.0,0.0,0.0,0.0,4.7968,0.0
2070,1999-12-07,SZSE:000768,0.4295,3.0818,2.8067,0.0,0.0,0.0,0.0,0.0,0.0,0.0,0.0,0.0,0.0,60.3927,60.3928,0.0,0.0,0,0.0,0.0,0.0,0.0,0.0,0.0,0.0,6.0002,1,39951.0,2.2,0.0,0.0,0.0,0.0,0.0,0.0,6.0002,0.0
2071,1999-12-08,SZSE:000768,0.4295,3.05,2.7778,0.0,0.0,0.0,0.0,0.0,0.0,0.0,0.0,0.0,0.0,56.5302,56.5302,0.0,0.0,0,0.0,0.0,0.0,0.0,0.0,0.0,0.0,4.0006,1,39951.0,2.2,0.0,0.0,0.0,0.0,0.0,0.0,4.0006,0.0
2072,1999-12-09,SZSE:000768,0.4295,3.0523,2.7798,0.0,0.0,0.0,0.0,0.0,0.0,0.0,0.0,0.0,0.0,56.743,56.743,0.0,0.0,0,0.0,0.0,0.0,0.0,0.0,0.0,0.0,5.1314,1,39951.0,2.2,0.0,0.0,0.0,0.0,0.0,0.0,5.1314,0.0
2073,1999-12-10,SZSE:000768,0.5542,3.0477,2.7757,0.0,0.0,0.0,0.0,0.0,0.0,0.0,0.0,0.0,0.0,56.151,56.1511,0.0,0.0,0,0.0,0.0,0.0,0.0,0.0,0.0,0.0,3.7939,1,39951.0,2.2,0.0,0.0,0.0,0.0,0.0,0.0,3.7939,0.0
2074,1999-12-13,SZSE:000768,0.5542,3.0568,2.784,0.0,0.0,0.0,0.0,0.0,0.0,0.0,0.0,0.0,0.0,57.1148,57.1148,0.0,0.0,0,0.0,0.0,0.0,0.0,0.0,0.0,0.0,3.6179,1,39951.0,2.2,0.0,0.0,0.0,0.0,0.0,0.0,3.6179,0.0
2075,1999-12-14,SZSE:000768,0.5542,3.0545,2.7819,0.0,0.0,0.0,0.0,0.0,0.0,0.0,0.0,0.0,0.0,56.7786,56.7786,0.0,0.0,0,0.0,0.0,0.0,0.0,0.0,0.0,0.0,3.9382,1,39951.0,2.2,0.0,0.0,0.0,0.0,0.0,0.0,3.9382,0.0
2076,1999-12-15,SZSE:000768,0.5542,3.1159,2.8378,0.0,0.0,0.0,0.0,0.0,0.0,0.0,0.0,0.0,0.0,63.0919,63.092,0.0,0.0,0,0.0,0.0,0.0,0.0,0.0,0.0,0.0,22.216,1,39951.0,2.2,0.0,0.0,0.0,0.0,0.0,0.0,22.216,0.0
2077,1999-12-16,SZSE:000768,0.5542,3.0841,2.8088,0.0,0.0,0.0,0.0,0.0,0.0,0.0,0.0,0.0,0.0,58.3338,58.3338,0.0,0.0,0,0.0,0.0,0.0,0.0,0.0,0.0,0.0,2.2669,1,39951.0,2.2,0.0,0.0,0.0,0.0,0.0,0.0,2.2669,0.0
2078,1999-12-17,SZSE:000768,0.177,3.1341,2.8543,0.0,0.0,0.0,0.0,0.0,0.0,0.0,0.0,0.0,0.0,63.0495,63.0495,0.0,0.0,0,0.0,0.0,0.0,0.0,0.0,0.0,0.0,6.5267,1,39951.0,2.2,0.0,0.0,0.0,0.0,0.0,0.0,6.5267,0.0
2079,1999-12-20,SZSE:000768,0.177,0.0,2.8543,0.0,0.0,0.0,0.0,0.0,0.0,0.0,0.0,0.0,0.0,0.0,0.0,0.0,0.0,0,0.0,0.0,0.0,0.0,0.0,0.0,0.0,0.0,1,39951.0,2.2,0.0,0.0,0.0,0.0,0.0,0.0,0.0,0.0
2080,1999-12-21,SZSE:000768,0.177,3.0659,2.7922,0.0,0.0,0.0,0.0,0.0,0.0,0.0,0.0,0.0,0.0,54.0639,54.0639,0.0,0.0,0,0.0,0.0,0.0,0.0,0.0,0.0,0.0,2.2074,1,39951.0,2.2,0.0,0.0,0.0,0.0,0.0,0.0,2.2074,0.0
2081,1999-12-22,SZSE:000768,0.177,3.0568,2.784,0.0,0.0,0.0,0.0,0.0,0.0,0.0,0.0,0.0,0.0,52.9798,52.9798,0.0,0.0,0,0.0,0.0,0.0,0.0,0.0,0.0,0.0,2.6298,1,39951.0,2.2,0.0,0.0,0.0,0.0,0.0,0.0,2.6298,0.0
2082,1999-12-23,SZSE:000768,0.177,3.0136,2.7446,0.0,0.0,0.0,0.0,0.0,0.0,0.0,0.0,0.0,0.0,48.0504,48.0504,0.0,0.0,0,0.0,0.0,0.0,0.0,0.0,0.0,0.0,1.69,1,39951.0,2.2,0.0,0.0,0.0,0.0,0.0,0.0,1.69,0.0
2083,1999-12-24,SZSE:000768,-0.0202,2.9977,2.7302,0.0,0.0,0.0,0.0,0.0,0.0,0.0,0.0,0.0,0.0,46.34,46.34,0.0,0.0,0,0.0,0.0,0.0,0.0,0.0,0.0,0.0,4.8487,1,39951.0,2.2,0.0,0.0,0.0,0.0,0.0,0.0,4.8487,0.0
2084,1999-12-27,SZSE:000768,-0.0202,3.0432,2.7715,0.0,0.0,0.0,0.0,0.0,0.0,0.0,0.0,0.0,0.0,51.6374,51.6375,0.0,0.0,0,0.0,0.0,0.0,0.0,0.0,0.0,0.0,5.0105,1,39951.0,2.2,0.0,0.0,0.0,0.0,0.0,0.0,5.0105,0.0
2085,1999-12-28,SZSE:000768,-0.0202,3.0682,2.7943,0.0,0.0,0.0,0.0,0.0,0.0,0.0,0.0,0.0,0.0,54.3091,54.3091,0.0,0.0,0,0.0,0.0,0.0,0.0,0.0,0.0,0.0,7.1429,1,39951.0,2.2,0.0,0.0,0.0,0.0,0.0,0.0,7.1429,0.0
2086,1999-12-29,SZSE:000768,-0.0202,3.1932,2.9082,0.0,0.0,0.0,0.0,0.0,0.0,0.0,0.0,0.0,0.0,64.7849,64.7849,0.0,0.0,0,0.0,0.0,0.0,0.0,0.0,0.0,0.0,12.979,1,39951.0,2.2,0.0,0.0,0.0,0.0,0.0,0.0,12.979,0.0
2087,1999-12-30,SZSE:000768,-0.0202,3.1386,2.8585,0.0,0.0,0.0,0.0,0.0,0.0,0.0,0.0,0.0,0.0,58.4838,58.4838,0.0,0.0,0,0.0,0.0,0.0,0.0,0.0,0.0,0.0,12.1187,1,39951.0,2.2,0.0,0.0,0.0,0.0,0.0,0.0,12.1187,0.0
2088,1999-12-31,SZSE:000768,0.3066,0.0,2.8585,0.0,0.0,0.0,0.0,0.0,0.0,0.0,0.0,0.0,0.0,0.0,0.0,0.0,0.0,0,0.0,0.0,0.0,0.0,0.0,0.0,0.0,0.0,1,39951.0,2.2,0.0,0.0,0.0,0.0,0.0,0.0,0.0,0.0
2089,2000-01-03,SZSE:000768,0.3066,0.0,2.8585,0.0,0.0,0.0,0.0,0.0,0.0,0.0,0.0,0.0,0.0,0.0,0.0,0.0,0.0,0,0.0,0.0,0.0,0.0,0.0,0.0,0.0,0.0,1,39951.0,2.2,0.0,0.0,0.0,0.0,0.0,0.0,0.0,0.0
2090,2000-01-04,SZSE:000768,0.3066,3.0909,2.815,0.0,0.0,0.0,0.0,0.0,0.0,0.0,0.0,0.0,0.0,53.5737,53.5737,0.0,0.0,0,0.0,0.0,0.0,0.0,0.0,0.0,0.0,6.8936,1,39951.0,2.2,0.0,0.0,0.0,0.0,0.0,0.0,6.8936,0.0
2091,2000-01-05,SZSE:000768,0.3066,3.075,2.8005,0.0,0.0,0.0,0.0,0.0,0.0,0.0,0.0,0.0,0.0,52.0062,52.0063,0.0,0.0,0,0.0,0.0,0.0,0.0,0.0,0.0,0.0,5.2333,1,39951.0,2.2,0.0,0.0,0.0,0.0,0.0,0.0,5.2333,0.0
2092,2000-01-06,SZSE:000768,0.3066,3.1023,2.8254,0.0,0.0,0.0,0.0,0.0,0.0,0.0,0.0,0.0,0.0,54.4657,54.4657,0.0,0.0,0,0.0,0.0,0.0,0.0,0.0,0.0,0.0,4.897,1,39951.0,2.2,0.0,0.0,0.0,0.0,0.0,0.0,4.897,0.0
2093,2000-01-07,SZSE:000768,0.1048,3.2477,2.9578,0.0,0.0,0.0,0.0,0.0,0.0,0.0,0.0,0.0,0.0,64.82,64.8201,0.0,0.0,0,0.0,0.0,0.0,0.0,0.0,0.0,0.0,16.7844,1,39951.0,2.2,0.0,0.0,0.0,0.0,0.0,0.0,16.7844,0.0
2094,2000-01-10,SZSE:000768,0.1048,3.3477,3.0489,0.0,0.0,0.0,0.0,0.0,0.0,0.0,0.0,0.0,0.0,69.8895,69.8896,0.0,0.0,0,0.0,0.0,0.0,0.0,0.0,0.0,0.0,17.2629,1,39951.0,2.2,0.0,0.0,0.0,0.0,0.0,0.0,17.2629,0.0
2095,2000-01-11,SZSE:000768,0.1048,3.4273,3.1214,0.0,0.0,0.0,0.0,0.0,0.0,0.0,0.0,0.0,0.0,73.198,73.1981,0.0,0.0,0,0.0,0.0,0.0,0.0,0.0,0.0,0.0,25.4693,1,39951.0,2.2,0.0,0.0,0.0,0.0,0.0,0.0,25.4693,0.0
2096,2000-01-12,SZSE:000768,0.1048,3.2841,2.991,0.0,0.0,0.0,0.0,0.0,0.0,0.0,0.0,0.0,0.0,60.3447,60.3447,0.0,0.0,0,0.0,0.0,0.0,0.0,0.0,0.0,0.0,7.5381,1,39951.0,2.2,0.0,0.0,0.0,0.0,0.0,0.0,7.5381,0.0
2097,2000-01-13,SZSE:000768,0.1048,3.2045,2.9185,0.0,0.0,0.0,0.0,0.0,0.0,0.0,0.0,0.0,0.0,54.6079,54.6079,0.0,0.0,0,0.0,0.0,0.0,0.0,0.0,0.0,0.0,6.9392,1,39951.0,2.2,0.0,0.0,0.0,0.0,0.0,0.0,6.9392,0.0
2098,2000-01-14,SZSE:000768,-0.3606,3.0636,2.7902,0.0,0.0,0.0,0.0,0.0,0.0,0.0,0.0,0.0,0.0,46.2245,46.2245,0.0,0.0,0,0.0,0.0,0.0,0.0,0.0,0.0,0.0,5.912,1,39951.0,2.2,0.0,0.0,0.0,0.0,0.0,0.0,5.912,0.0
2099,2000-01-17,SZSE:000768,-0.3606,3.0364,2.7653,0.0,0.0,0.0,0.0,0.0,0.0,0.0,0.0,0.0,0.0,44.7912,44.7912,0.0,0.0,0,0.0,0.0,0.0,0.0,0.0,0.0,0.0,5.8247,1,39951.0,2.2,0.0,0.0,0.0,0.0,0.0,0.0,5.8247,0.0
2100,2000-01-18,SZSE:000768,-0.3606,3.0159,2.7467,0.0,0.0,0.0,0.0,0.0,0.0,0.0,0.0,0.0,0.0,43.6969,43.6969,0.0,0.0,0,0.0,0.0,0.0,0.0,0.0,0.0,0.0,6.2714,1,39951.0,2.2,0.0,0.0,0.0,0.0,0.0,0.0,6.2714,0.0
2101,2000-01-19,SZSE:000768,-0.3606,3.2227,2.9351,0.0,0.0,0.0,0.0,0.0,0.0,0.0,0.0,0.0,0.0,55.5282,55.5282,0.0,0.0,0,0.0,0.0,0.0,0.0,0.0,0.0,0.0,27.5177,1,39951.0,2.2,0.0,0.0,0.0,0.0,0.0,0.0,27.5177,0.0
2102,2000-01-20,SZSE:000768,-0.3606,3.1864,2.9019,0.0,0.0,0.0,0.0,0.0,0.0,0.0,0.0,0.0,0.0,53.4033,53.4033,0.0,0.0,0,0.0,0.0,0.0,0.0,0.0,0.0,0.0,12.2598,1,39951.0,2.2,0.0,0.0,0.0,0.0,0.0,0.0,12.2598,0.0
2103,2000-01-21,SZSE:000768,-0.7385,3.2682,2.9765,0.0,0.0,0.0,0.0,0.0,0.0,0.0,0.0,0.0,0.0,57.3572,57.3572,0.0,0.0,0,0.0,0.0,0.0,0.0,0.0,0.0,0.0,21.4071,1,39951.0,2.2,0.0,0.0,0.0,0.0,0.0,0.0,21.4071,0.0
2104,2000-01-24,SZSE:000768,-0.7385,3.4068,3.1027,0.0,0.0,0.0,0.0,0.0,0.0,0.0,0.0,0.0,0.0,63.0748,63.0748,0.0,0.0,0,0.0,0.0,0.0,0.0,0.0,0.0,0.0,27.0237,1,39951.0,2.2,0.0,0.0,0.0,0.0,0.0,0.0,27.0237,0.0
2105,2000-01-25,SZSE:000768,-0.7385,3.3091,3.0137,0.0,0.0,0.0,0.0,0.0,0.0,0.0,0.0,0.0,0.0,57.2478,57.2478,0.0,0.0,0,0.0,0.0,0.0,0.0,0.0,0.0,0.0,18.2545,1,39951.0,2.2,0.0,0.0,0.0,0.0,0.0,0.0,18.2545,0.0
2106,2000-01-26,SZSE:000768,-0.7385,3.2818,2.9889,0.0,0.0,0.0,0.0,0.0,0.0,0.0,0.0,0.0,0.0,55.7012,55.7013,0.0,0.0,0,0.0,0.0,0.0,0.0,0.0,0.0,0.0,6.5908,1,39951.0,2.2,0.0,0.0,0.0,0.0,0.0,0.0,6.5908,0.0
2107,2000-01-27,SZSE:000768,-0.7385,3.3591,3.0593,0.0,0.0,0.0,0.0,0.0,0.0,0.0,0.0,0.0,32.211,59.0746,59.0746,0.0,0.0,0,0.0,0.0,0.0,0.0,0.0,0.0,0.0,16.7762,1,39951.0,2.2,0.0,0.0,0.0,0.0,0.0,0.0,16.7762,0.0
2108,2000-01-28,SZSE:000768,-1.0116,3.5409,3.2248,0.0,0.0,0.0,0.0,0.0,0.0,0.0,0.0,0.0,33.2466,65.6943,65.6944,0.0,0.0,0,0.0,0.0,0.0,0.0,0.0,0.0,0.0,76.0064,1,39951.0,2.2,0.0,0.0,0.0,0.0,0.0,0.0,76.0064,0.0
2109,2000-01-31,SZSE:000768,-1.0116,0.0,3.2248,0.0,0.0,0.0,0.0,0.0,0.0,0.0,0.0,0.0,33.1675,0.0,0.0,0.0,0.0,0,0.0,0.0,0.0,0.0,0.0,0.0,0.0,0.0,1,39951.0,2.2,0.0,0.0,0.0,0.0,0.0,0.0,0.0,0.0
2110,2000-02-01,SZSE:000768,-1.0116,0.0,3.2248,0.0,0.0,0.0,0.0,0.0,0.0,0.0,0.0,0.0,33.1549,0.0,0.0,0.0,0.0,0,0.0,0.0,0.0,0.0,0.0,0.0,0.0,0.0,1,39951.0,2.2,0.0,0.0,0.0,0.0,0.0,0.0,0.0,0.0
2111,2000-02-02,SZSE:000768,-1.0116,0.0,3.2248,0.0,0.0,0.0,0.0,0.0,0.0,0.0,0.0,0.0,33.1565,0.0,0.0,0.0,0.0,0,0.0,0.0,0.0,0.0,0.0,0.0,0.0,0.0,1,39951.0,2.2,0.0,0.0,0.0,0.0,0.0,0.0,0.0,0.0
2112,2000-02-03,SZSE:000768,-1.0116,0.0,3.2248,0.0,0.0,0.0,0.0,0.0,0.0,0.0,0.0,0.0,32.9873,0.0,0.0,0.0,0.0,0,0.0,0.0,0.0,0.0,0.0,0.0,0.0,0.0,1,39951.0,2.2,0.0,0.0,0.0,0.0,0.0,0.0,0.0,0.0
2113,2000-02-04,SZSE:000768,-1.0058,0.0,3.2248,0.0,0.0,0.0,0.0,0.0,0.0,0.0,0.0,0.0,32.9747,0.0,0.0,0.0,0.0,0,0.0,0.0,0.0,0.0,0.0,0.0,0.0,0.0,1,39951.0,2.2,0.0,0.0,0.0,0.0,0.0,0.0,0.0,0.0
2114,2000-02-07,SZSE:000768,-1.0058,0.0,3.2248,0.0,0.0,0.0,0.0,0.0,0.0,0.0,0.0,0.0,32.9699,0.0,0.0,0.0,0.0,0,0.0,0.0,0.0,0.0,0.0,0.0,0.0,0.0,1,39951.0,2.2,0.0,0.0,0.0,0.0,0.0,0.0,0.0,0.0
2115,2000-02-08,SZSE:000768,-1.0058,0.0,3.2248,0.0,0.0,0.0,0.0,0.0,0.0,0.0,0.0,0.0,32.9731,0.0,0.0,0.0,0.0,0,0.0,0.0,0.0,0.0,0.0,0.0,0.0,0.0,1,39951.0,2.2,0.0,0.0,0.0,0.0,0.0,0.0,0.0,0.0
2116,2000-02-09,SZSE:000768,-1.0058,0.0,3.2248,0.0,0.0,0.0,0.0,0.0,0.0,0.0,0.0,0.0,32.9019,0.0,0.0,0.0,0.0,0,0.0,0.0,0.0,0.0,0.0,0.0,0.0,0.0,1,39951.0,2.2,0.0,0.0,0.0,0.0,0.0,0.0,0.0,0.0
2117,2000-02-10,SZSE:000768,-1.0058,0.0,3.2248,0.0,0.0,0.0,0.0,0.0,0.0,0.0,0.0,0.0,32.5351,0.0,0.0,0.0,0.0,0,0.0,0.0,0.0,0.0,0.0,0.0,0.0,0.0,1,39951.0,2.2,0.0,0.0,0.0,0.0,0.0,0.0,0.0,0.0
2118,2000-02-11,SZSE:000768,-1.0099,0.0,3.2248,0.0,0.0,0.0,0.0,0.0,0.0,0.0,0.0,0.0,31.6781,0.0,0.0,0.0,0.0,0,0.0,0.0,0.0,0.0,0.0,0.0,0.0,0.0,1,39951.0,2.2,0.0,0.0,0.0,0.0,0.0,0.0,0.0,0.0
2119,2000-02-14,SZSE:000768,-1.0099,3.8727,3.527,0.0,0.0,0.0,0.0,0.0,0.0,0.0,0.0,0.0,35.7322,73.9695,73.9695,0.0,0.0,0,0.0,0.0,0.0,0.0,0.0,0.0,0.0,53.9715,1,39951.0,2.2,0.0,0.0,0.0,0.0,0.0,0.0,53.9715,0.0
2120,2000-02-15,SZSE:000768,-1.0099,3.7136,3.3822,0.0,0.0,0.0,0.0,0.0,0.0,0.0,0.0,0.0,36.8627,65.777,65.777,0.0,0.0,0,0.0,0.0,0.0,0.0,0.0,0.0,0.0,56.8968,1,39951.0,2.2,0.0,0.0,0.0,0.0,0.0,0.0,56.8968,0.0
2121,2000-02-16,SZSE:000768,-1.0099,3.4568,3.1483,0.0,0.0,0.0,0.0,0.0,0.0,0.0,0.0,0.0,39.6992,55.157,55.157,0.0,0.0,0,0.0,0.0,0.0,0.0,0.0,0.0,0.0,48.8763,1,39951.0,2.2,0.0,0.0,0.0,0.0,0.0,0.0,48.8763,0.0
2122,2000-02-17,SZSE:000768,-1.0099,3.175,2.8916,0.0,0.0,0.0,0.0,0.0,0.0,0.0,0.0,0.0,43.2204,46.3192,46.3192,0.0,0.0,0,0.0,0.0,0.0,0.0,0.0,0.0,0.0,50.8667,1,39951.0,2.2,0.0,0.0,0.0,0.0,0.0,0.0,50.8667,0.0
2123,2000-02-18,SZSE:000768,-0.28,3.1727,2.8895,0.0,0.0,0.0,0.0,0.0,0.0,0.0,0.0,0.0,43.0339,46.2548,46.2548,0.0,0.0,0,0.0,0.0,0.0,0.0,0.0,0.0,0.0,24.7981,1,39951.0,2.2,0.0,0.0,0.0,0.0,0.0,0.0,24.7981,0.0
2124,2000-02-21,SZSE:000768,-0.28,3.2818,2.9889,0.0,0.0,0.0,0.0,0.0,0.0,0.0,0.0,0.0,43.4955,49.8568,49.8568,0.0,0.0,0,0.0,0.0,0.0,0.0,0.0,0.0,0.0,46.1748,1,39951.0,2.2,0.0,0.0,0.0,0.0,0.0,0.0,46.1748,0.0
2125,2000-02-22,SZSE:000768,-0.28,3.1364,2.8564,0.0,0.0,0.0,0.0,0.0,0.0,0.0,0.0,0.0,44.3035,45.4802,45.4802,0.0,0.0,0,0.0,0.0,0.0,0.0,0.0,0.0,0.0,26.4609,1,39951.0,2.2,0.0,0.0,0.0,0.0,0.0,0.0,26.4609,0.0
2126,2000-02-23,SZSE:000768,-0.28,2.9841,2.7177,0.0,0.0,0.0,0.0,0.0,0.0,0.0,0.0,0.0,45.3882,41.3843,41.3843,0.0,0.0,0,0.0,0.0,0.0,0.0,0.0,0.0,0.0,12.8267,1,39951.0,2.2,0.0,0.0,0.0,0.0,0.0,0.0,12.8267,0.0
2127,2000-02-24,SZSE:000768,-0.28,3.075,2.8005,0.0,0.0,0.0,0.0,0.0,0.0,0.0,0.0,0.0,45.6965,44.5925,44.5925,0.0,0.0,0,0.0,0.0,0.0,0.0,0.0,0.0,0.0,9.3868,1,39951.0,2.2,0.0,0.0,0.0,0.0,0.0,0.0,9.3868,0.0
2128,2000-02-25,SZSE:000768,-0.0085,3.0136,2.7446,0.0,0.0,0.0,0.0,0.0,0.0,0.0,0.0,0.0,45.8831,42.8862,42.8862,0.0,0.0,0,0.0,0.0,0.0,0.0,0.0,0.0,0.0,14.1334,1,39951.0,2.2,0.0,0.0,0.0,0.0,0.0,0.0,14.1334,0.0
2129,2000-02-28,SZSE:000768,-0.0085,3.1227,2.844,0.0,0.0,0.0,0.0,0.0,0.0,0.0,0.0,0.0,46.3716,46.7847,46.7847,0.0,0.0,0,0.0,0.0,0.0,0.0,0.0,0.0,0.0,26.4449,1,39951.0,2.2,0.0,0.0,0.0,0.0,0.0,0.0,26.4449,0.0
2130,2000-02-29,SZSE:000768,-0.0085,3.0682,2.7943,0.0,0.0,0.0,0.0,0.0,0.0,0.0,0.0,0.0,46.4191,45.1261,45.126,0.0,0.0,0,0.0,0.0,0.0,0.0,0.0,0.0,0.0,22.8316,1,39951.0,2.2,0.0,0.0,0.0,0.0,0.0,0.0,22.8316,0.0
2131,2000-03-01,SZSE:000768,-0.0085,3.0841,2.8088,0.0,0.0,0.0,0.0,0.0,0.0,0.0,0.0,0.0,46.7669,45.7304,45.7304,0.0,0.0,0,0.0,0.0,0.0,0.0,0.0,0.0,0.0,25.4563,1,39951.0,2.2,0.0,0.0,0.0,0.0,0.0,0.0,25.4563,0.0
2132,2000-03-02,SZSE:000768,-0.0085,3.3932,3.0903,0.0,0.0,0.0,0.0,0.0,0.0,0.0,0.0,0.0,50.2881,55.8932,55.8932,0.0,0.0,0,0.0,0.0,0.0,0.0,0.0,0.0,0.0,116.7075,1,39951.0,2.2,0.0,0.0,0.0,0.0,0.0,0.0,116.7075,0.0
2133,2000-03-03,SZSE:000768,0.0903,3.4455,3.1379,0.0,0.0,0.0,0.0,0.0,0.0,0.0,0.0,0.0,50.3435,57.3478,57.3478,0.0,0.0,0,0.0,0.0,0.0,0.0,0.0,0.0,0.0,123.5405,1,39951.0,2.2,0.0,0.0,0.0,0.0,0.0,0.0,123.5405,0.0
2134,2000-03-06,SZSE:000768,0.0903,3.1886,2.904,0.0,0.0,0.0,0.0,0.0,0.0,0.0,0.0,0.0,52.5191,48.8274,48.8274,0.0,0.0,0,0.0,0.0,0.0,0.0,0.0,0.0,0.0,55.3722,1,39951.0,2.2,0.0,0.0,0.0,0.0,0.0,0.0,55.3722,0.0
2135,2000-03-07,SZSE:000768,0.0903,3.4068,3.1027,0.0,0.0,0.0,0.0,0.0,0.0,0.0,0.0,0.0,53.6623,54.951,54.951,0.0,0.0,0,0.0,0.0,0.0,0.0,0.0,0.0,0.0,32.7592,1,39951.0,2.2,0.0,0.0,0.0,0.0,0.0,0.0,32.7592,0.0
2136,2000-03-08,SZSE:000768,0.0903,3.4,3.0965,0.0,0.0,0.0,0.0,0.0,0.0,0.0,0.0,0.0,53.6148,54.7306,54.7306,0.0,0.0,0,0.0,0.0,0.0,0.0,0.0,0.0,0.0,25.5717,1,39951.0,2.2,0.0,0.0,0.0,0.0,0.0,0.0,25.5717,0.0
2137,2000-03-09,SZSE:000768,0.0903,3.3614,3.0613,0.0,0.0,0.0,0.0,0.0,0.0,0.0,0.0,0.0,53.6749,53.423,53.423,0.0,0.0,0,0.0,0.0,0.0,0.0,0.0,0.0,0.0,14.7406,1,39951.0,2.2,0.0,0.0,0.0,0.0,0.0,0.0,14.7406,0.0
2138,2000-03-10,SZSE:000768,0.1549,3.2477,2.9578,0.0,0.0,0.0,0.0,0.0,0.0,0.0,0.0,0.0,54.1335,49.6644,49.6644,0.0,0.0,0,0.0,0.0,0.0,0.0,0.0,0.0,0.0,15.8798,1,39951.0,2.2,0.0,0.0,0.0,0.0,0.0,0.0,15.8798,0.0
2139,2000-03-13,SZSE:000768,0.1549,3.3227,3.0261,0.0,0.0,0.0,0.0,0.0,0.0,0.0,0.0,0.0,54.3011,52.0616,52.0616,0.0,0.0,0,0.0,0.0,0.0,0.0,0.0,0.0,0.0,9.6408,1,39951.0,2.2,0.0,0.0,0.0,0.0,0.0,0.0,9.6408,0.0
2140,2000-03-14,SZSE:000768,0.1549,3.2205,2.933,0.0,0.0,0.0,0.0,0.0,0.0,0.0,0.0,0.0,54.6742,48.6585,48.6585,0.0,0.0,0,0.0,0.0,0.0,0.0,0.0,0.0,0.0,18.234,1,39951.0,2.2,0.0,0.0,0.0,0.0,0.0,0.0,18.234,0.0
2141,2000-03-15,SZSE:000768,0.1549,3.1795,2.8957,0.0,0.0,0.0,0.0,0.0,0.0,0.0,0.0,0.0,54.6046,47.3259,47.3259,0.0,0.0,0,0.0,0.0,0.0,0.0,0.0,0.0,0.0,17.9052,1,39951.0,2.2,0.0,0.0,0.0,0.0,0.0,0.0,17.9052,0.0
2142,2000-03-16,SZSE:000768,0.1549,3.0136,2.7446,0.0,0.0,0.0,0.0,0.0,0.0,0.0,0.0,0.0,55.5849,42.2699,42.2699,0.0,0.0,0,0.0,0.0,0.0,0.0,0.0,0.0,0.0,14.9818,1,39951.0,2.2,0.0,0.0,0.0,0.0,0.0,0.0,14.9818,0.0
2143,2000-03-17,SZSE:000768,0.2742,3.1409,2.8606,0.0,0.0,0.0,0.0,0.0,0.0,0.0,0.0,0.0,56.0956,46.9519,46.9519,0.0,0.0,0,0.0,0.0,0.0,0.0,0.0,0.0,0.0,12.2194,1,39951.0,2.2,0.0,0.0,0.0,0.0,0.0,0.0,12.2194,0.0
2144,2000-03-20,SZSE:000768,0.2742,3.4545,3.1462,0.0,0.0,0.0,0.0,0.0,0.0,0.0,0.0,0.0,59.1172,56.3472,56.3472,0.0,0.0,0,0.0,0.0,0.0,0.0,0.0,0.0,0.0,34.9396,1,39951.0,2.2,0.0,0.0,0.0,0.0,0.0,0.0,34.9396,0.0
2145,2000-03-21,SZSE:000768,0.2742,3.3795,3.0779,0.0,0.0,0.0,0.0,0.0,0.0,0.0,0.0,0.0,59.1172,53.8893,53.8893,0.0,0.0,0,0.0,0.0,0.0,0.0,0.0,0.0,0.0,39.8872,1,39951.0,2.2,0.0,0.0,0.0,0.0,0.0,0.0,39.8872,0.0
2146,2000-03-22,SZSE:000768,0.2742,3.4045,3.1007,0.0,0.0,0.0,0.0,0.0,0.0,0.0,0.0,0.0,59.1204,54.6002,54.6002,0.0,0.0,0,0.0,0.0,0.0,0.0,0.0,0.0,0.0,16.8017,1,39951.0,2.2,0.0,0.0,0.0,0.0,0.0,0.0,16.8017,0.0
2147,2000-03-23,SZSE:000768,0.2742,3.4477,3.14,0.0,0.0,0.0,0.0,0.0,0.0,0.0,0.0,0.0,59.0729,55.8659,55.8659,0.0,0.0,0,0.0,0.0,0.0,0.0,0.0,0.0,0.0,19.9762,1,39951.0,2.2,0.0,0.0,0.0,0.0,0.0,0.0,19.9762,0.0
2148,2000-03-24,SZSE:000768,0.3462,3.3409,3.0427,0.0,0.0,0.0,0.0,0.0,0.0,0.0,0.0,0.0,59.4224,52.0037,52.0037,0.0,0.0,0,0.0,0.0,0.0,0.0,0.0,0.0,0.0,17.4649,1,39951.0,2.2,0.0,0.0,0.0,0.0,0.0,0.0,17.4649,0.0
2149,2000-03-27,SZSE:000768,0.3462,3.3614,3.0613,0.0,0.0,0.0,0.0,0.0,0.0,0.0,0.0,0.0,59.3702,52.6784,52.6784,0.0,0.0,0,0.0,0.0,0.0,0.0,0.0,0.0,0.0,30.2347,1,39951.0,2.2,0.0,0.0,0.0,0.0,0.0,0.0,30.2347,0.0
2150,2000-03-28,SZSE:000768,0.3462,3.2886,2.9951,0.0,0.0,0.0,0.0,0.0,0.0,0.0,0.0,0.0,59.5315,49.9879,49.9879,0.0,0.0,0,0.0,0.0,0.0,0.0,0.0,0.0,0.0,16.4606,1,39951.0,2.2,0.0,0.0,0.0,0.0,0.0,0.0,16.4606,0.0
2151,2000-03-29,SZSE:000768,0.3462,3.3023,3.0075,0.0,0.0,0.0,0.0,0.0,0.0,0.0,0.0,0.0,59.0302,50.4983,50.4983,0.0,0.0,0,0.0,0.0,0.0,0.0,0.0,0.0,0.0,12.1876,1,39951.0,2.2,0.0,0.0,0.0,0.0,0.0,0.0,12.1876,0.0
2152,2000-03-30,SZSE:000768,0.3462,3.3182,3.022,0.0,0.0,0.0,0.0,0.0,0.0,0.0,0.0,0.0,58.929,51.1252,51.1252,0.0,0.0,0,0.0,0.0,0.0,0.0,0.0,0.0,0.0,10.4085,1,39951.0,2.2,0.0,0.0,0.0,0.0,0.0,0.0,10.4085,0.0
2153,2000-03-31,SZSE:000768,0.3922,3.2591,2.9682,0.0,0.0,0.0,0.0,0.0,0.0,0.0,0.0,0.0,59.0445,48.6605,48.6605,0.0,0.0,0,0.0,0.0,0.0,0.0,0.0,0.0,0.0,11.1244,1,39951.0,2.2,0.0,0.0,0.0,0.0,0.0,0.0,11.1244,0.0
2154,2000-04-03,SZSE:000768,0.3922,3.2227,2.9351,0.0,0.0,0.0,0.0,0.0,0.0,0.0,0.0,0.0,59.0903,47.1541,47.1541,0.0,0.0,0,0.0,0.0,0.0,0.0,0.0,0.0,0.0,10.1906,1,39951.0,2.2,0.0,0.0,0.0,0.0,0.0,0.0,10.1906,0.0
2155,2000-04-04,SZSE:000768,0.3922,3.3091,3.0137,0.0,0.0,0.0,0.0,0.0,0.0,0.0,0.0,0.0,59.2231,51.0316,51.0316,0.0,0.0,0,0.0,0.0,0.0,0.0,0.0,0.0,0.0,25.6492,1,39951.0,2.2,0.0,0.0,0.0,0.0,0.0,0.0,25.6492,0.0
2156,2000-04-05,SZSE:000768,0.3922,3.2727,2.9806,0.0,0.0,0.0,0.0,0.0,0.0,0.0,0.0,0.0,59.2595,49.3884,49.3884,0.0,0.0,0,0.0,0.0,0.0,0.0,0.0,0.0,0.0,14.551,1,39951.0,2.2,0.0,0.0,0.0,0.0,0.0,0.0,14.551,0.0
2157,2000-04-06,SZSE:000768,0.3922,3.3386,3.0406,0.0,0.0,0.0,0.0,0.0,0.0,0.0,0.0,0.0,59.356,52.3813,52.3813,0.0,0.0,0,0.0,0.0,0.0,0.0,0.0,0.0,0.0,10.0585,1,39951.0,2.2,0.0,0.0,0.0,0.0,0.0,0.0,10.0585,0.0
2158,2000-04-07,SZSE:000768,0.3656,3.4091,3.1048,0.0,0.0,0.0,0.0,0.0,0.0,0.0,0.0,0.0,58.8215,55.4164,55.4164,0.0,0.0,0,0.0,0.0,0.0,0.0,0.0,0.0,0.0,22.9422,1,39951.0,2.2,0.0,0.0,0.0,0.0,0.0,0.0,22.9422,0.0
2159,2000-04-10,SZSE:000768,0.3656,3.4023,3.0986,0.0,0.0,0.0,0.0,0.0,0.0,0.0,0.0,0.0,58.5274,55.0508,55.0508,0.0,0.0,0,0.0,0.0,0.0,0.0,0.0,0.0,0.0,20.9323,1,39951.0,2.2,0.0,0.0,0.0,0.0,0.0,0.0,20.9323,0.0
2160,2000-04-11,SZSE:000768,0.3656,3.3477,3.0489,0.0,0.0,0.0,0.0,0.0,0.0,0.0,0.0,0.0,58.4294,52.0894,52.0894,0.0,0.0,0,0.0,0.0,0.0,0.0,0.0,0.0,0.0,9.652,1,39951.0,2.2,0.0,0.0,0.0,0.0,0.0,0.0,9.652,0.0
2161,2000-04-12,SZSE:000768,0.3656,3.4523,3.1441,0.0,0.0,0.0,0.0,0.0,0.0,0.0,0.0,0.0,58.1258,56.8774,56.8774,0.0,0.0,0,0.0,0.0,0.0,0.0,0.0,0.0,0.0,22.7211,1,39951.0,2.2,0.0,0.0,0.0,0.0,0.0,0.0,22.7211,0.0
2162,2000-04-13,SZSE:000768,0.3656,3.4205,3.1151,0.0,0.0,0.0,0.0,0.0,0.0,0.0,0.0,0.0,57.944,55.0735,55.0735,0.0,0.0,0,0.0,0.0,0.0,0.0,0.0,0.0,0.0,15.5192,1,39951.0,2.2,0.0,0.0,0.0,0.0,0.0,0.0,15.5192,0.0
2163,2000-04-14,SZSE:000768,0.2755,3.4091,3.1048,0.0,0.0,0.0,0.0,0.0,0.0,0.0,0.0,0.0,57.2246,54.4098,54.4097,0.0,0.0,0,0.0,0.0,0.0,0.0,0.0,0.0,0.0,10.6592,1,39951.0,2.2,0.0,0.0,0.0,0.0,0.0,0.0,10.6592,0.0
2164,2000-04-17,SZSE:000768,0.2755,3.2841,2.991,0.0,0.0,0.0,0.0,0.0,0.0,0.0,0.0,0.0,57.6989,47.6123,47.6123,0.0,0.0,0,0.0,0.0,0.0,0.0,0.0,0.0,0.0,10.4492,1,39951.0,2.2,0.0,0.0,0.0,0.0,0.0,0.0,10.4492,0.0
2165,2000-04-18,SZSE:000768,0.2755,3.2818,2.9889,0.0,0.0,0.0,0.0,0.0,0.0,0.0,0.0,0.0,57.6784,47.4962,47.4962,0.0,0.0,0,0.0,0.0,0.0,0.0,0.0,0.0,0.0,9.63,1,39951.0,2.2,0.0,0.0,0.0,0.0,0.0,0.0,9.63,0.0
2166,2000-04-19,SZSE:000768,0.2755,3.2886,2.9951,0.0,0.0,0.0,0.0,0.0,0.0,0.0,0.0,0.0,56.2063,47.9069,47.9069,0.0,0.0,0,0.0,0.0,0.0,0.0,0.0,0.0,0.0,6.1066,1,39951.0,2.2,0.0,0.0,0.0,0.0,0.0,0.0,6.1066,0.0
2167,2000-04-20,SZSE:000768,0.2755,3.275,2.9827,0.0,0.0,0.0,0.0,0.0,0.0,0.0,0.0,0.0,56.1652,47.1131,47.1131,0.0,0.0,0,0.0,0.0,0.0,0.0,0.0,0.0,0.0,9.5316,1,39951.0,2.2,0.0,0.0,0.0,0.0,0.0,0.0,9.5316,0.0
2168,2000-04-21,SZSE:000768,0.3409,3.2568,2.9661,0.0,0.0,0.0,0.0,0.0,0.0,0.0,0.0,0.0,55.9565,46.0183,46.0183,0.0,0.0,0,0.0,0.0,0.0,0.0,0.0,0.0,0.0,12.0534,1,39951.0,2.2,0.0,0.0,0.0,0.0,0.0,0.0,12.0534,0.0
2169,2000-04-24,SZSE:000768,0.3409,3.225,2.9371,0.0,0.0,0.0,0.0,0.0,0.0,0.0,0.0,0.0,55.3683,44.0875,44.0875,0.0,0.0,0,0.0,0.0,0.0,0.0,0.0,0.0,0.0,8.3211,1,39951.0,2.2,0.0,0.0,0.0,0.0,0.0,0.0,8.3211,0.0
2170,2000-04-25,SZSE:000768,0.3409,3.2545,2.964,0.0,0.0,0.0,0.0,0.0,0.0,0.0,0.0,0.0,55.1138,46.339,46.339,0.0,0.0,0,0.0,0.0,0.0,0.0,0.0,0.0,0.0,4.1723,1,39951.0,2.2,0.0,0.0,0.0,0.0,0.0,0.0,4.1723,0.0
2171,2000-04-26,SZSE:000768,0.3409,3.2545,2.964,0.0,0.0,0.0,0.0,0.0,0.0,0.0,0.0,0.0,55.09,46.339,46.339,0.0,0.0,0,0.0,0.0,0.0,0.0,0.0,0.0,0.0,0.0,1,39951.0,2.2,0.0,0.0,0.0,0.0,0.0,0.0,0.0,0.0
2172,2000-04-27,SZSE:000768,0.3409,3.1318,2.8523,0.0,0.0,0.0,0.0,0.0,0.0,0.0,0.0,0.0,55.3952,38.8104,38.8104,0.0,0.0,0,0.0,0.0,0.0,0.0,0.0,0.0,0.0,8.1625,1,39951.0,2.2,0.0,0.0,0.0,0.0,0.0,0.0,8.1625,0.0
2173,2000-04-28,SZSE:000768,0.3439,3.2045,2.9185,0.0,0.0,0.0,0.0,0.0,0.0,0.0,0.0,0.0,54.5667,44.5587,44.5587,0.0,0.0,0,0.0,0.0,0.0,0.0,0.0,0.0,0.0,6.8119,1,39951.0,2.2,0.0,0.0,0.0,0.0,0.0,0.0,6.8119,0.0
2174,2000-05-01,SZSE:000768,0.3439,0.0,2.9185,0.0,0.0,0.0,0.0,0.0,0.0,0.0,0.0,0.0,54.9983,0.0,0.0,0.0,0.0,0,0.0,0.0,0.0,0.0,0.0,0.0,0.0,0.0,1,39951.0,2.2,0.0,0.0,0.0,0.0,0.0,0.0,0.0,0.0
2175,2000-05-02,SZSE:000768,0.3439,0.0,2.9185,0.0,0.0,0.0,0.0,0.0,0.0,0.0,0.0,0.0,54.9983,0.0,0.0,0.0,0.0,0,0.0,0.0,0.0,0.0,0.0,0.0,0.0,0.0,1,39951.0,2.2,0.0,0.0,0.0,0.0,0.0,0.0,0.0,0.0
2176,2000-05-03,SZSE:000768,0.3439,0.0,2.9185,0.0,0.0,0.0,0.0,0.0,0.0,0.0,0.0,0.0,54.9983,0.0,0.0,0.0,0.0,0,0.0,0.0,0.0,0.0,0.0,0.0,0.0,0.0,1,39951.0,2.2,0.0,0.0,0.0,0.0,0.0,0.0,0.0,0.0
2177,2000-05-04,SZSE:000768,0.3439,0.0,2.9185,0.0,0.0,0.0,0.0,0.0,0.0,0.0,0.0,0.0,54.9983,0.0,0.0,0.0,0.0,0,0.0,0.0,0.0,0.0,0.0,0.0,0.0,0.0,1,39951.0,2.2,0.0,0.0,0.0,0.0,0.0,0.0,0.0,0.0
2178,2000-05-05,SZSE:000768,0.3423,0.0,2.9185,0.0,0.0,0.0,0.0,0.0,0.0,0.0,0.0,0.0,54.5667,0.0,0.0,0.0,0.0,0,0.0,0.0,0.0,0.0,0.0,0.0,0.0,0.0,1,39951.0,2.2,0.0,0.0,0.0,0.0,0.0,0.0,0.0,0.0
2179,2000-05-08,SZSE:000768,0.3423,3.1568,2.875,0.0,0.0,0.0,0.0,0.0,0.0,0.0,0.0,0.0,55.06,41.7845,41.7845,0.0,0.0,0,0.0,0.0,0.0,0.0,0.0,0.0,0.0,8.557,1,39951.0,2.2,0.0,0.0,0.0,0.0,0.0,0.0,8.557,0.0
2180,2000-05-09,SZSE:000768,0.3423,3.1364,2.8564,0.0,0.0,0.0,0.0,0.0,0.0,0.0,0.0,0.0,55.0679,40.6174,40.6174,0.0,0.0,0,0.0,0.0,0.0,0.0,0.0,0.0,0.0,6.5604,1,39951.0,2.2,0.0,0.0,0.0,0.0,0.0,0.0,6.5604,0.0
2181,2000-05-10,SZSE:000768,0.3423,3.0886,2.8129,0.0,0.0,0.0,0.0,0.0,0.0,0.0,0.0,0.0,55.1296,37.9533,37.9533,0.0,0.0,0,0.0,0.0,0.0,0.0,0.0,0.0,0.0,6.2002,1,39951.0,2.2,0.0,0.0,0.0,0.0,0.0,0.0,6.2002,0.0
2182,2000-05-11,SZSE:000768,0.3423,3.0227,2.7529,0.0,0.0,0.0,0.0,0.0,0.0,0.0,0.0,0.0,55.2608,34.5804,34.5804,0.0,0.0,0,0.0,0.0,0.0,0.0,0.0,0.0,0.0,6.1445,1,39951.0,2.2,0.0,0.0,0.0,0.0,0.0,0.0,6.1445,0.0
2183,2000-05-12,SZSE:000768,0.4453,2.9568,2.6929,0.0,0.0,0.0,0.0,0.0,0.0,0.0,0.0,0.0,54.962,31.56,31.56,0.0,0.0,0,0.0,0.0,0.0,0.0,0.0,0.0,0.0,7.6063,1,39951.0,2.2,0.0,0.0,0.0,0.0,0.0,0.0,7.6063,0.0
2184,2000-05-15,SZSE:000768,0.4453,2.8523,2.5977,0.0,0.0,0.0,0.0,0.0,0.0,0.0,0.0,0.0,52.0448,27.4623,27.4623,0.0,0.0,0,0.0,0.0,0.0,0.0,0.0,0.0,0.0,9.1577,1,39951.0,2.2,0.0,0.0,0.0,0.0,0.0,0.0,9.1577,0.0
2185,2000-05-16,SZSE:000768,0.4453,2.8727,2.6163,0.0,0.0,0.0,0.0,0.0,0.0,0.0,0.0,0.0,50.2865,29.3939,29.394,0.0,0.0,0,0.0,0.0,0.0,0.0,0.0,0.0,0.0,3.0506,1,39951.0,2.2,0.0,0.0,0.0,0.0,0.0,0.0,3.0506,0.0
2186,2000-05-17,SZSE:000768,0.4453,2.925,2.6639,0.0,0.0,0.0,0.0,0.0,0.0,0.0,0.0,0.0,47.6634,34.2149,34.215,0.0,0.0,0,0.0,0.0,0.0,0.0,0.0,0.0,0.0,3.7805,1,39951.0,2.2,0.0,0.0,0.0,0.0,0.0,0.0,3.7805,0.0
2187,2000-05-18,SZSE:000768,0.4453,2.9773,2.7115,0.0,0.0,0.0,0.0,0.0,0.0,0.0,0.0,0.0,47.8105,38.721,38.7211,0.0,0.0,0,0.0,0.0,0.0,0.0,0.0,0.0,0.0,4.0403,1,39951.0,2.2,0.0,0.0,0.0,0.0,0.0,0.0,4.0403,0.0
2188,2000-05-19,SZSE:000768,0.429,2.9977,2.7302,0.0,0.0,0.0,0.0,0.0,0.0,0.0,0.0,0.0,47.461,40.4402,40.4403,0.0,0.0,0,0.0,0.0,0.0,0.0,0.0,0.0,0.0,4.0993,1,39951.0,2.2,0.0,0.0,0.0,0.0,0.0,0.0,4.0993,0.0
2189,2000-05-22,SZSE:000768,0.429,3.0455,2.7736,0.0,0.0,0.0,0.0,0.0,0.0,0.0,0.0,0.0,46.612,44.3624,44.3624,0.0,0.0,0,0.0,0.0,0.0,0.0,0.0,0.0,0.0,6.724,1,39951.0,2.2,0.0,0.0,0.0,0.0,0.0,0.0,6.724,0.0
2190,2000-05-23,SZSE:000768,0.429,2.9727,2.7074,0.0,0.0,0.0,0.0,0.0,0.0,0.0,0.0,0.0,45.8056,40.0359,40.0359,0.0,0.0,0,0.0,0.0,0.0,0.0,0.0,0.0,0.0,6.8063,1,39951.0,2.2,0.0,0.0,0.0,0.0,0.0,0.0,6.8063,0.0
2191,2000-05-24,SZSE:000768,0.429,3.0182,2.7488,0.0,0.0,0.0,0.0,0.0,0.0,0.0,0.0,0.0,45.5115,43.7296,43.7296,0.0,0.0,0,0.0,0.0,0.0,0.0,0.0,0.0,0.0,4.8948,1,39951.0,2.2,0.0,0.0,0.0,0.0,0.0,0.0,4.8948,0.0
2192,2000-05-25,SZSE:000768,0.429,3.1841,2.8999,0.0,0.0,0.0,0.0,0.0,0.0,0.0,0.0,0.0,46.5535,54.6987,54.6987,0.0,0.0,0,0.0,0.0,0.0,0.0,0.0,0.0,0.0,20.4589,1,39951.0,2.2,0.0,0.0,0.0,0.0,0.0,0.0,20.4589,0.0
2193,2000-05-26,SZSE:000768,0.3518,3.1091,2.8316,0.0,0.0,0.0,0.0,0.0,0.0,0.0,0.0,0.0,46.4412,49.9577,49.9577,0.0,0.0,0,0.0,0.0,0.0,0.0,0.0,0.0,0.0,9.0954,1,39951.0,2.2,0.0,0.0,0.0,0.0,0.0,0.0,9.0954,0.0
2194,2000-05-29,SZSE:000768,0.3518,3.1273,2.8481,0.0,0.0,0.0,0.0,0.0,0.0,0.0,0.0,0.0,46.1534,51.0651,51.0651,0.0,0.0,0,0.0,0.0,0.0,0.0,0.0,0.0,0.0,6.3026,1,39951.0,2.2,0.0,0.0,0.0,0.0,0.0,0.0,6.3026,0.0
2195,2000-05-30,SZSE:000768,0.3518,3.0341,2.7633,0.0,0.0,0.0,0.0,0.0,0.0,0.0,0.0,0.0,46.1819,45.5073,45.5073,0.0,0.0,0,0.0,0.0,0.0,0.0,0.0,0.0,0.0,6.7461,1,39951.0,2.2,0.0,0.0,0.0,0.0,0.0,0.0,6.7461,0.0
2196,2000-05-31,SZSE:000768,0.3518,3.0227,2.7529,0.0,0.0,0.0,0.0,0.0,0.0,0.0,0.0,0.0,45.8309,44.866,44.866,0.0,0.0,0,0.0,0.0,0.0,0.0,0.0,0.0,0.0,6.1588,1,39951.0,2.2,0.0,0.0,0.0,0.0,0.0,0.0,6.1588,0.0
2197,2000-06-01,SZSE:000768,0.3518,3.0045,2.7364,0.0,0.0,0.0,0.0,0.0,0.0,0.0,0.0,0.0,45.8325,43.8024,43.8024,0.0,0.0,0,0.0,0.0,0.0,0.0,0.0,0.0,0.0,6.5761,1,39951.0,2.2,0.0,0.0,0.0,0.0,0.0,0.0,6.5761,0.0
2198,2000-06-02,SZSE:000768,0.1904,3.0295,2.7591,0.0,0.0,0.0,0.0,0.0,0.0,0.0,0.0,0.0,41.7769,45.7083,45.7083,0.0,0.0,0,0.0,0.0,0.0,0.0,0.0,0.0,0.0,4.7935,1,39951.0,2.2,0.0,0.0,0.0,0.0,0.0,0.0,4.7935,0.0
2199,2000-06-05,SZSE:000768,0.1904,2.9955,2.7281,0.0,0.0,0.0,0.0,0.0,0.0,0.0,0.0,0.0,41.6804,43.54,43.54,0.0,0.0,0,0.0,0.0,0.0,0.0,0.0,0.0,0.0,13.6889,1,39951.0,2.2,0.0,0.0,0.0,0.0,0.0,0.0,13.6889,0.0
2200,2000-06-06,SZSE:000768,0.1904,3.0568,2.784,0.0,0.0,0.0,0.0,0.0,0.0,0.0,0.0,0.0,39.149,48.2948,48.2948,0.0,0.0,0,0.0,0.0,0.0,0.0,0.0,0.0,0.0,6.4827,1,39951.0,2.2,0.0,0.0,0.0,0.0,0.0,0.0,6.4827,0.0
2201,2000-06-07,SZSE:000768,0.1904,3.0977,2.8212,0.0,0.0,0.0,0.0,0.0,0.0,0.0,0.0,0.0,36.9702,51.2426,51.2427,0.0,0.0,0,0.0,0.0,0.0,0.0,0.0,0.0,0.0,6.9856,1,39951.0,2.2,0.0,0.0,0.0,0.0,0.0,0.0,6.9856,0.0
2202,2000-06-08,SZSE:000768,0.1904,3.0705,2.7964,0.0,0.0,0.0,0.0,0.0,0.0,0.0,0.0,0.0,36.9986,49.2277,49.2277,0.0,0.0,0,0.0,0.0,0.0,0.0,0.0,0.0,0.0,4.3149,1,39951.0,2.2,0.0,0.0,0.0,0.0,0.0,0.0,4.3149,0.0
2203,2000-06-09,SZSE:000768,0.1883,2.9977,2.7302,0.0,0.0,0.0,0.0,0.0,0.0,0.0,0.0,0.0,37.2074,44.2324,44.2325,0.0,0.0,0,0.0,0.0,0.0,0.0,0.0,0.0,0.0,3.6179,1,39951.0,2.2,0.0,0.0,0.0,0.0,0.0,0.0,3.6179,0.0
2204,2000-06-12,SZSE:000768,0.1883,2.9864,2.7198,0.0,0.0,0.0,0.0,0.0,0.0,0.0,0.0,0.0,36.6461,43.4898,43.4898,0.0,0.0,0,0.0,0.0,0.0,0.0,0.0,0.0,0.0,5.3135,1,39951.0,2.2,0.0,0.0,0.0,0.0,0.0,0.0,5.3135,0.0
2205,2000-06-13,SZSE:000768,0.1883,3.0432,2.7715,0.0,0.0,0.0,0.0,0.0,0.0,0.0,0.0,0.0,36.5543,48.1746,48.1746,0.0,0.0,0,0.0,0.0,0.0,0.0,0.0,0.0,0.0,4.6815,1,39951.0,2.2,0.0,0.0,0.0,0.0,0.0,0.0,4.6815,0.0
2206,2000-06-14,SZSE:000768,0.1883,3.0227,2.7529,0.0,0.0,0.0,0.0,0.0,0.0,0.0,0.0,0.0,36.0895,46.6744,46.6744,0.0,0.0,0,0.0,0.0,0.0,0.0,0.0,0.0,0.0,5.2288,1,39951.0,2.2,0.0,0.0,0.0,0.0,0.0,0.0,5.2288,0.0
2207,2000-06-15,SZSE:000768,0.1883,3.0341,2.7633,0.0,0.0,0.0,0.0,0.0,0.0,0.0,0.0,0.0,36.0247,47.6498,47.6498,0.0,0.0,0,0.0,0.0,0.0,0.0,0.0,0.0,0.0,3.5862,1,39951.0,2.2,0.0,0.0,0.0,0.0,0.0,0.0,3.5862,0.0
2208,2000-06-16,SZSE:000768,0.1851,3.0,2.7322,0.0,0.0,0.0,0.0,0.0,0.0,0.0,0.0,0.0,34.5479,44.9912,44.9912,0.0,0.0,0,0.0,0.0,0.0,0.0,0.0,0.0,0.0,6.3134,1,39951.0,2.2,0.0,0.0,0.0,0.0,0.0,0.0,6.3134,0.0
2209,2000-06-19,SZSE:000768,0.1851,2.9705,2.7053,0.0,0.0,0.0,0.0,0.0,0.0,0.0,0.0,0.0,33.6103,42.7643,42.7643,0.0,0.0,0,0.0,0.0,0.0,0.0,0.0,0.0,0.0,4.1903,1,39951.0,2.2,0.0,0.0,0.0,0.0,0.0,0.0,4.1903,0.0
2210,2000-06-20,SZSE:000768,0.1851,2.9841,2.7177,0.0,0.0,0.0,0.0,0.0,0.0,0.0,0.0,0.0,27.7743,44.1385,44.1385,0.0,0.0,0,0.0,0.0,0.0,0.0,0.0,0.0,0.0,2.2183,1,39951.0,2.2,0.0,0.0,0.0,0.0,0.0,0.0,2.2183,0.0
2211,2000-06-21,SZSE:000768,0.1851,2.9705,2.7053,0.0,0.0,0.0,0.0,0.0,0.0,0.0,0.0,0.0,27.5039,43.026,43.026,0.0,0.0,0,0.0,0.0,0.0,0.0,0.0,0.0,0.0,2.7876,1,39951.0,2.2,0.0,0.0,0.0,0.0,0.0,0.0,2.7876,0.0
2212,2000-06-22,SZSE:000768,0.1851,2.9818,2.7157,0.0,0.0,0.0,0.0,0.0,0.0,0.0,0.0,0.0,27.466,44.2865,44.2865,0.0,0.0,0,0.0,0.0,0.0,0.0,0.0,0.0,0.0,3.3999,1,39951.0,2.2,0.0,0.0,0.0,0.0,0.0,0.0,3.3999,0.0
2213,2000-06-23,SZSE:000768,0.1881,2.9727,2.7074,0.0,0.0,0.0,0.0,0.0,0.0,0.0,0.0,0.0,27.3142,43.4582,43.4583,0.0,0.0,0,0.0,0.0,0.0,0.0,0.0,0.0,0.0,4.2459,1,39951.0,2.2,0.0,0.0,0.0,0.0,0.0,0.0,4.2459,0.0
2214,2000-06-26,SZSE:000768,0.1881,3.0091,2.7405,0.0,0.0,0.0,0.0,0.0,0.0,0.0,0.0,0.0,26.8335,47.6735,47.6736,0.0,0.0,0,0.0,0.0,0.0,0.0,0.0,0.0,0.0,7.8854,1,39951.0,2.2,0.0,0.0,0.0,0.0,0.0,0.0,7.8854,0.0
2215,2000-06-27,SZSE:000768,0.1881,2.9659,2.7012,0.0,0.0,0.0,0.0,0.0,0.0,0.0,0.0,0.0,26.9062,43.5239,43.5239,0.0,0.0,0,0.0,0.0,0.0,0.0,0.0,0.0,0.0,4.0432,1,39951.0,2.2,0.0,0.0,0.0,0.0,0.0,0.0,4.0432,0.0
2216,2000-06-28,SZSE:000768,0.1881,2.9523,2.6888,0.0,0.0,0.0,0.0,0.0,0.0,0.0,0.0,0.0,26.6216,42.2725,42.2726,0.0,0.0,0,0.0,0.0,0.0,0.0,0.0,0.0,0.0,5.994,1,39951.0,2.2,0.0,0.0,0.0,0.0,0.0,0.0,5.994,0.0
2217,2000-06-29,SZSE:000768,0.1881,2.9318,2.6701,0.0,0.0,0.0,0.0,0.0,0.0,0.0,0.0,0.0,26.6169,40.3964,40.3965,0.0,0.0,0,0.0,0.0,0.0,0.0,0.0,0.0,0.0,5.939,1,39951.0,2.2,0.0,0.0,0.0,0.0,0.0,0.0,5.939,0.0
2218,2000-06-30,SZSE:000768,0.1816,2.9205,2.6598,0.0,0.0,0.0,0.0,0.0,0.0,0.0,0.0,0.0,26.5868,39.3514,39.3515,0.0,0.0,0,0.0,0.0,0.0,0.0,0.0,0.0,0.0,3.8445,1,39951.0,2.2,0.0,0.0,0.0,0.0,0.0,0.0,3.8445,0.0
2219,2000-07-03,SZSE:000768,0.1816,2.8386,2.5853,0.0,0.0,0.0,0.0,0.0,0.0,0.0,0.0,0.0,27.0533,32.7773,32.7774,0.0,0.0,0,0.0,0.0,0.0,0.0,0.0,0.0,0.0,4.9953,1,39951.0,2.2,0.0,0.0,0.0,0.0,0.0,0.0,4.9953,0.0
2220,2000-07-04,SZSE:000768,0.1816,2.8932,2.6349,0.0,0.0,0.0,0.0,0.0,0.0,0.0,0.0,0.0,26.7877,39.9765,39.9766,0.0,0.0,0,0.0,0.0,0.0,0.0,0.0,0.0,0.0,2.1888,1,39951.0,2.2,0.0,0.0,0.0,0.0,0.0,0.0,2.1888,0.0
2221,2000-07-05,SZSE:000768,0.1816,2.9477,2.6846,0.0,0.0,0.0,0.0,0.0,0.0,0.0,0.0,0.0,27.0311,46.1834,46.1834,0.0,0.0,0,0.0,0.0,0.0,0.0,0.0,0.0,0.0,3.447,1,39951.0,2.2,0.0,0.0,0.0,0.0,0.0,0.0,3.447,0.0
2222,2000-07-06,SZSE:000768,0.1816,2.9136,2.6536,0.0,0.0,0.0,0.0,0.0,0.0,0.0,0.0,0.0,26.756,43.1782,43.1782,0.0,0.0,0,0.0,0.0,0.0,0.0,0.0,0.0,0.0,1.7586,1,39951.0,2.2,0.0,0.0,0.0,0.0,0.0,0.0,1.7586,0.0
2223,2000-07-07,SZSE:000768,0.1795,2.9045,2.6453,0.0,0.0,0.0,0.0,0.0,0.0,0.0,0.0,0.0,26.3623,42.3861,42.3861,0.0,0.0,0,0.0,0.0,0.0,0.0,0.0,0.0,0.0,2.5665,1,39951.0,2.2,0.0,0.0,0.0,0.0,0.0,0.0,2.5665,0.0
2224,2000-07-10,SZSE:000768,0.1795,2.8614,2.606,0.0,0.0,0.0,0.0,0.0,0.0,0.0,0.0,0.0,26.4762,38.7498,38.7498,0.0,0.0,0,0.0,0.0,0.0,0.0,0.0,0.0,0.0,4.5856,1,39951.0,2.2,0.0,0.0,0.0,0.0,0.0,0.0,4.5856,0.0
2225,2000-07-11,SZSE:000768,0.1795,2.8864,2.6287,0.0,0.0,0.0,0.0,0.0,0.0,0.0,0.0,0.0,26.4287,41.8597,41.8597,0.0,0.0,0,0.0,0.0,0.0,0.0,0.0,0.0,0.0,3.2134,1,39951.0,2.2,0.0,0.0,0.0,0.0,0.0,0.0,3.2134,0.0
2226,2000-07-12,SZSE:000768,0.1795,2.9023,2.6432,0.0,0.0,0.0,0.0,0.0,0.0,0.0,0.0,0.0,25.6492,43.8147,43.8147,0.0,0.0,0,0.0,0.0,0.0,0.0,0.0,0.0,0.0,4.2473,1,39951.0,2.2,0.0,0.0,0.0,0.0,0.0,0.0,4.2473,0.0
2227,2000-07-13,SZSE:000768,0.1795,2.8864,2.6287,0.0,0.0,0.0,0.0,0.0,0.0,0.0,0.0,0.0,25.6224,42.2835,42.2835,0.0,0.0,0,0.0,0.0,0.0,0.0,0.0,0.0,0.0,4.5176,1,39951.0,2.2,0.0,0.0,0.0,0.0,0.0,0.0,4.5176,0.0
2228,2000-07-14,SZSE:000768,0.178,2.8591,2.6039,0.0,0.0,0.0,0.0,0.0,0.0,0.0,0.0,0.0,25.6571,39.7208,39.7208,0.0,0.0,0,0.0,0.0,0.0,0.0,0.0,0.0,0.0,5.2424,1,39951.0,2.2,0.0,0.0,0.0,0.0,0.0,0.0,5.2424,0.0
2229,2000-07-17,SZSE:000768,0.178,2.9227,2.6618,0.0,0.0,0.0,0.0,0.0,0.0,0.0,0.0,0.0,25.1622,47.6877,47.6877,0.0,0.0,0,0.0,0.0,0.0,0.0,0.0,0.0,0.0,3.704,1,39951.0,2.2,0.0,0.0,0.0,0.0,0.0,0.0,3.704,0.0
2230,2000-07-18,SZSE:000768,0.178,3.0591,2.786,0.0,0.0,0.0,0.0,0.0,0.0,0.0,0.0,0.0,26.824,59.9136,59.9136,0.0,0.0,0,0.0,0.0,0.0,0.0,0.0,0.0,0.0,9.4641,1,39951.0,2.2,0.0,0.0,0.0,0.0,0.0,0.0,9.4641,0.0
2231,2000-07-19,SZSE:000768,0.178,3.0091,2.7405,0.0,0.0,0.0,0.0,0.0,0.0,0.0,0.0,0.0,26.9853,54.8516,54.8516,0.0,0.0,0,0.0,0.0,0.0,0.0,0.0,0.0,0.0,5.7215,1,39951.0,2.2,0.0,0.0,0.0,0.0,0.0,0.0,5.7215,0.0
2232,2000-07-20,SZSE:000768,0.178,2.975,2.7095,0.0,0.0,0.0,0.0,0.0,0.0,0.0,0.0,0.0,27.0517,51.6476,51.6476,0.0,0.0,0,0.0,0.0,0.0,0.0,0.0,0.0,0.0,2.6215,1,39951.0,2.2,0.0,0.0,0.0,0.0,0.0,0.0,2.6215,0.0
2233,2000-07-21,SZSE:000768,0.1314,2.9955,2.7281,0.0,0.0,0.0,0.0,0.0,0.0,0.0,0.0,0.0,27.0881,53.4063,53.4063,0.0,0.0,0,0.0,0.0,0.0,0.0,0.0,0.0,0.0,2.1821,1,39951.0,2.2,0.0,0.0,0.0,0.0,0.0,0.0,2.1821,0.0
2234,2000-07-24,SZSE:000768,0.1314,2.9318,2.6701,0.0,0.0,0.0,0.0,0.0,0.0,0.0,0.0,0.0,27.3268,47.6051,47.6051,0.0,0.0,0,0.0,0.0,0.0,0.0,0.0,0.0,0.0,2.7121,1,39951.0,2.2,0.0,0.0,0.0,0.0,0.0,0.0,2.7121,0.0
2235,2000-07-25,SZSE:000768,0.1314,2.9455,2.6825,0.0,0.0,0.0,0.0,0.0,0.0,0.0,0.0,0.0,27.2731,48.8863,48.8863,0.0,0.0,0,0.0,0.0,0.0,0.0,0.0,0.0,0.0,1.5973,1,39951.0,2.2,0.0,0.0,0.0,0.0,0.0,0.0,1.5973,0.0
2236,2000-07-26,SZSE:000768,0.1314,2.9341,2.6722,0.0,0.0,0.0,0.0,0.0,0.0,0.0,0.0,0.0,27.2746,47.8364,47.8364,0.0,0.0,0,0.0,0.0,0.0,0.0,0.0,0.0,0.0,2.1615,1,39951.0,2.2,0.0,0.0,0.0,0.0,0.0,0.0,2.1615,0.0
2237,2000-07-27,SZSE:000768,0.1314,2.9886,2.7219,0.0,0.0,0.0,0.0,0.0,0.0,0.0,0.0,0.0,26.5442,53.0484,53.0484,0.0,0.0,0,0.0,0.0,0.0,0.0,0.0,0.0,0.0,3.4228,1,39951.0,2.2,0.0,0.0,0.0,0.0,0.0,0.0,3.4228,0.0
2238,2000-07-28,SZSE:000768,0.1425,2.9523,2.6888,0.0,0.0,0.0,0.0,0.0,0.0,0.0,0.0,0.0,26.2137,49.4978,49.4978,0.0,0.0,0,0.0,0.0,0.0,0.0,0.0,0.0,0.0,2.1268,1,39951.0,2.2,0.0,0.0,0.0,0.0,0.0,0.0,2.1268,0.0
2239,2000-07-31,SZSE:000768,0.1425,2.9614,2.697,0.0,0.0,0.0,0.0,0.0,0.0,0.0,0.0,0.0,26.0255,50.3918,50.3918,0.0,0.0,0,0.0,0.0,0.0,0.0,0.0,0.0,0.0,2.441,1,39951.0,2.2,0.0,0.0,0.0,0.0,0.0,0.0,2.441,0.0
2240,2000-08-01,SZSE:000768,0.1425,3.0409,2.7695,0.0,0.0,0.0,0.0,0.0,0.0,0.0,0.0,0.0,26.5774,57.4836,57.4835,0.0,0.0,0,0.0,0.0,0.0,0.0,0.0,0.0,0.0,6.6082,1,39951.0,2.2,0.0,0.0,0.0,0.0,0.0,0.0,6.6082,0.0
2241,2000-08-02,SZSE:000768,0.1425,3.0273,2.7571,0.0,0.0,0.0,0.0,0.0,0.0,0.0,0.0,0.0,26.5868,56.0055,56.0056,0.0,0.0,0,0.0,0.0,0.0,0.0,0.0,0.0,0.0,4.0232,1,39951.0,2.2,0.0,0.0,0.0,0.0,0.0,0.0,4.0232,0.0
2242,2000-08-03,SZSE:000768,0.1425,3.0,2.7322,0.0,0.0,0.0,0.0,0.0,0.0,0.0,0.0,0.0,26.6327,53.0664,53.0664,0.0,0.0,0,0.0,0.0,0.0,0.0,0.0,0.0,0.0,3.185,1,39951.0,2.2,0.0,0.0,0.0,0.0,0.0,0.0,3.185,0.0
2243,2000-08-04,SZSE:000768,0.1429,2.9682,2.7032,0.0,0.0,0.0,0.0,0.0,0.0,0.0,0.0,0.0,26.6991,49.7841,49.784,0.0,0.0,0,0.0,0.0,0.0,0.0,0.0,0.0,0.0,3.8081,1,39951.0,2.2,0.0,0.0,0.0,0.0,0.0,0.0,3.8081,0.0
2244,2000-08-07,SZSE:000768,0.1429,2.9705,2.7053,0.0,0.0,0.0,0.0,0.0,0.0,0.0,0.0,0.0,26.7007,50.0219,50.0219,0.0,0.0,0,0.0,0.0,0.0,0.0,0.0,0.0,0.0,2.3705,1,39951.0,2.2,0.0,0.0,0.0,0.0,0.0,0.0,2.3705,0.0
2245,2000-08-08,SZSE:000768,0.1429,3.0114,2.7426,0.0,0.0,0.0,0.0,0.0,0.0,0.0,0.0,0.0,26.7118,54.2239,54.2239,0.0,0.0,0,0.0,0.0,0.0,0.0,0.0,0.0,0.0,2.1349,1,39951.0,2.2,0.0,0.0,0.0,0.0,0.0,0.0,2.1349,0.0
2246,2000-08-09,SZSE:000768,0.1429,2.9795,2.7136,0.0,0.0,0.0,0.0,0.0,0.0,0.0,0.0,0.0,26.7576,50.6565,50.6565,0.0,0.0,0,0.0,0.0,0.0,0.0,0.0,0.0,0.0,3.0152,1,39951.0,2.2,0.0,0.0,0.0,0.0,0.0,0.0,3.0152,0.0
2247,2000-08-10,SZSE:000768,0.1429,3.0227,2.7529,0.0,0.0,0.0,0.0,0.0,0.0,0.0,0.0,0.0,26.7608,54.9849,54.9848,0.0,0.0,0,0.0,0.0,0.0,0.0,0.0,0.0,0.0,5.647,1,39951.0,2.2,0.0,0.0,0.0,0.0,0.0,0.0,5.647,0.0
2248,2000-08-11,SZSE:000768,0.1438,3.0023,2.7343,0.0,0.0,0.0,0.0,0.0,0.0,0.0,0.0,0.0,26.4635,52.6297,52.6297,0.0,0.0,0,0.0,0.0,0.0,0.0,0.0,0.0,0.0,3.4715,1,39951.0,2.2,0.0,0.0,0.0,0.0,0.0,0.0,3.4715,0.0
2249,2000-08-14,SZSE:000768,0.1438,3.1045,2.8274,0.0,0.0,0.0,0.0,0.0,0.0,0.0,0.0,0.0,26.8968,61.5074,61.5074,0.0,0.0,0,0.0,0.0,0.0,0.0,0.0,0.0,0.0,10.2649,1,39951.0,2.2,0.0,0.0,0.0,0.0,0.0,0.0,10.2649,0.0
2250,2000-08-15,SZSE:000768,0.1438,3.1341,2.8543,0.0,0.0,0.0,0.0,0.0,0.0,0.0,0.0,0.0,25.9465,63.628,63.628,0.0,0.0,0,0.0,0.0,0.0,0.0,0.0,0.0,0.0,14.9562,1,39951.0,2.2,0.0,0.0,0.0,0.0,0.0,0.0,14.9562,0.0
2251,2000-08-16,SZSE:000768,0.1438,3.0909,2.815,0.0,0.0,0.0,0.0,0.0,0.0,0.0,0.0,0.0,26.0904,58.551,58.551,0.0,0.0,0,0.0,0.0,0.0,0.0,0.0,0.0,0.0,6.1461,1,39951.0,2.2,0.0,0.0,0.0,0.0,0.0,0.0,6.1461,0.0
2252,2000-08-17,SZSE:000768,0.1438,3.0932,2.8171,0.0,0.0,0.0,0.0,0.0,0.0,0.0,0.0,0.0,25.8753,58.7376,58.7376,0.0,0.0,0,0.0,0.0,0.0,0.0,0.0,0.0,0.0,3.1501,1,39951.0,2.2,0.0,0.0,0.0,0.0,0.0,0.0,3.1501,0.0
2253,2000-08-18,SZSE:000768,0.1476,3.0659,2.7922,0.0,0.0,0.0,0.0,0.0,0.0,0.0,0.0,0.0,25.7251,55.5079,55.5079,0.0,0.0,0,0.0,0.0,0.0,0.0,0.0,0.0,0.0,3.3155,1,39951.0,2.2,0.0,0.0,0.0,0.0,0.0,0.0,3.3155,0.0
2254,2000-08-21,SZSE:000768,0.1476,3.0773,2.8026,0.0,0.0,0.0,0.0,0.0,0.0,0.0,0.0,0.0,25.703,56.5791,56.5791,0.0,0.0,0,0.0,0.0,0.0,0.0,0.0,0.0,0.0,3.4206,1,39951.0,2.2,0.0,0.0,0.0,0.0,0.0,0.0,3.4206,0.0
2255,2000-08-22,SZSE:000768,0.1476,3.0182,2.7488,0.0,0.0,0.0,0.0,0.0,0.0,0.0,0.0,0.0,25.8042,49.8564,49.8564,0.0,0.0,0,0.0,0.0,0.0,0.0,0.0,0.0,0.0,3.4343,1,39951.0,2.2,0.0,0.0,0.0,0.0,0.0,0.0,3.4343,0.0
2256,2000-08-23,SZSE:000768,0.1476,2.975,2.7095,0.0,0.0,0.0,0.0,0.0,0.0,0.0,0.0,0.0,25.5227,45.593,45.5931,0.0,0.0,0,0.0,0.0,0.0,0.0,0.0,0.0,0.0,5.295,1,39951.0,2.2,0.0,0.0,0.0,0.0,0.0,0.0,5.295,0.0
2257,2000-08-24,SZSE:000768,0.1476,2.9841,2.7177,0.0,0.0,0.0,0.0,0.0,0.0,0.0,0.0,0.0,25.3536,46.6276,46.6276,0.0,0.0,0,0.0,0.0,0.0,0.0,0.0,0.0,0.0,3.5777,1,39951.0,2.2,0.0,0.0,0.0,0.0,0.0,0.0,3.5777,0.0
2258,2000-08-25,SZSE:000768,0.1505,3.0273,2.7571,0.0,0.0,0.0,0.0,0.0,0.0,0.0,0.0,0.0,23.2206,51.36,51.3601,0.0,0.0,0,0.0,0.0,0.0,0.0,0.0,0.0,0.0,3.8434,1,39951.0,2.2,0.0,0.0,0.0,0.0,0.0,0.0,3.8434,0.0
2259,2000-08-28,SZSE:000768,0.1505,3.0682,2.7943,0.0,0.0,0.0,0.0,0.0,0.0,0.0,0.0,0.0,22.9281,55.3947,55.3947,0.0,0.0,0,0.0,0.0,0.0,0.0,0.0,0.0,0.0,3.1532,1,39951.0,2.2,0.0,0.0,0.0,0.0,0.0,0.0,3.1532,0.0
2260,2000-08-29,SZSE:000768,0.1505,3.0636,2.7902,0.0,0.0,0.0,0.0,0.0,0.0,0.0,0.0,0.0,22.8981,54.8505,54.8505,0.0,0.0,0,0.0,0.0,0.0,0.0,0.0,0.0,0.0,3.4201,1,39951.0,2.2,0.0,0.0,0.0,0.0,0.0,0.0,3.4201,0.0
2261,2000-08-30,SZSE:000768,0.1505,2.9955,2.7281,0.0,0.0,0.0,0.0,0.0,0.0,0.0,0.0,0.0,22.5549,47.3351,47.3351,0.0,0.0,0,0.0,0.0,0.0,0.0,0.0,0.0,0.0,2.7201,1,39951.0,2.2,0.0,0.0,0.0,0.0,0.0,0.0,2.7201,0.0
2262,2000-08-31,SZSE:000768,0.1505,2.9091,2.6494,0.0,0.0,0.0,0.0,0.0,0.0,0.0,0.0,0.0,23.2459,39.8809,39.8809,0.0,0.0,0,0.0,0.0,0.0,0.0,0.0,0.0,0.0,4.4967,1,39951.0,2.2,0.0,0.0,0.0,0.0,0.0,0.0,4.4967,0.0
2263,2000-09-01,SZSE:000768,0.1598,2.9068,2.6474,0.0,0.0,0.0,0.0,0.0,0.0,0.0,0.0,0.0,23.2206,39.704,39.7039,0.0,0.0,0,0.0,0.0,0.0,0.0,0.0,0.0,0.0,3.2715,1,39951.0,2.2,0.0,0.0,0.0,0.0,0.0,0.0,3.2715,0.0
2264,2000-09-04,SZSE:000768,0.1598,2.9455,2.6825,0.0,0.0,0.0,0.0,0.0,0.0,0.0,0.0,0.0,23.3123,44.2394,44.2394,0.0,0.0,0,0.0,0.0,0.0,0.0,0.0,0.0,0.0,1.7592,1,39951.0,2.2,0.0,0.0,0.0,0.0,0.0,0.0,1.7592,0.0
2265,2000-09-05,SZSE:000768,0.1598,2.8818,2.6246,0.0,0.0,0.0,0.0,0.0,0.0,0.0,0.0,0.0,23.589,39.0316,39.0316,0.0,0.0,0,0.0,0.0,0.0,0.0,0.0,0.0,0.0,1.8143,1,39951.0,2.2,0.0,0.0,0.0,0.0,0.0,0.0,1.8143,0.0
2266,2000-09-06,SZSE:000768,0.1598,2.7977,2.548,0.0,0.0,0.0,0.0,0.0,0.0,0.0,0.0,0.0,23.8894,33.4311,33.4311,0.0,0.0,0,0.0,0.0,0.0,0.0,0.0,0.0,0.0,2.7672,1,39951.0,2.2,0.0,0.0,0.0,0.0,0.0,0.0,2.7672,0.0
2267,2000-09-07,SZSE:000768,0.1598,2.8318,2.5791,0.0,0.0,0.0,0.0,0.0,0.0,0.0,0.0,0.0,23.8625,37.3556,37.3556,0.0,0.0,0,0.0,0.0,0.0,0.0,0.0,0.0,0.0,1.5026,1,39951.0,2.2,0.0,0.0,0.0,0.0,0.0,0.0,1.5026,0.0
2268,2000-09-08,SZSE:000768,0.167,2.8341,2.5811,0.0,0.0,0.0,0.0,0.0,0.0,0.0,0.0,0.0,23.8199,37.6193,37.6193,0.0,0.0,0,0.0,0.0,0.0,0.0,0.0,0.0,0.0,1.085,1,39951.0,2.2,0.0,0.0,0.0,0.0,0.0,0.0,1.085,0.0
2269,2000-09-11,SZSE:000768,0.167,2.8682,2.6122,0.0,0.0,0.0,0.0,0.0,0.0,0.0,0.0,0.0,23.5242,41.5957,41.5957,0.0,0.0,0,0.0,0.0,0.0,0.0,0.0,0.0,0.0,1.0153,1,39951.0,2.2,0.0,0.0,0.0,0.0,0.0,0.0,1.0153,0.0
2270,2000-09-12,SZSE:000768,0.167,2.8591,2.6039,0.0,0.0,0.0,0.0,0.0,0.0,0.0,0.0,0.0,23.521,40.848,40.848,0.0,0.0,0,0.0,0.0,0.0,0.0,0.0,0.0,0.0,1.384,1,39951.0,2.2,0.0,0.0,0.0,0.0,0.0,0.0,1.384,0.0
2271,2000-09-13,SZSE:000768,0.167,2.875,2.6184,0.0,0.0,0.0,0.0,0.0,0.0,0.0,0.0,0.0,23.238,42.7863,42.7863,0.0,0.0,0,0.0,0.0,0.0,0.0,0.0,0.0,0.0,1.611,1,39951.0,2.2,0.0,0.0,0.0,0.0,0.0,0.0,1.611,0.0
2272,2000-09-14,SZSE:000768,0.167,2.8795,2.6225,0.0,0.0,0.0,0.0,0.0,0.0,0.0,0.0,0.0,23.2127,43.3574,43.3575,0.0,0.0,0,0.0,0.0,0.0,0.0,0.0,0.0,0.0,1.3206,1,39951.0,2.2,0.0,0.0,0.0,0.0,0.0,0.0,1.3206,0.0
2273,2000-09-15,SZSE:000768,0.1432,2.8977,2.6391,0.0,0.0,0.0,0.0,0.0,0.0,0.0,0.0,0.0,23.2364,45.6928,45.6928,0.0,0.0,0,0.0,0.0,0.0,0.0,0.0,0.0,0.0,1.1335,1,39951.0,2.2,0.0,0.0,0.0,0.0,0.0,0.0,1.1335,0.0
2274,2000-09-18,SZSE:000768,0.1432,2.875,2.6184,0.0,0.0,0.0,0.0,0.0,0.0,0.0,0.0,0.0,23.1858,43.2901,43.2901,0.0,0.0,0,0.0,0.0,0.0,0.0,0.0,0.0,0.0,1.4165,1,39951.0,2.2,0.0,0.0,0.0,0.0,0.0,0.0,1.4165,0.0
2275,2000-09-19,SZSE:000768,0.1432,2.7864,2.5377,0.0,0.0,0.0,0.0,0.0,0.0,0.0,0.0,0.0,23.8799,35.4596,35.4596,0.0,0.0,0,0.0,0.0,0.0,0.0,0.0,0.0,0.0,1.6523,1,39951.0,2.2,0.0,0.0,0.0,0.0,0.0,0.0,1.6523,0.0
2276,2000-09-20,SZSE:000768,0.1432,2.8114,2.5604,0.0,0.0,0.0,0.0,0.0,0.0,0.0,0.0,0.0,23.9337,38.8211,38.8212,0.0,0.0,0,0.0,0.0,0.0,0.0,0.0,0.0,0.0,1.1637,1,39951.0,2.2,0.0,0.0,0.0,0.0,0.0,0.0,1.1637,0.0
2277,2000-09-21,SZSE:000768,0.1432,2.7886,2.5397,0.0,0.0,0.0,0.0,0.0,0.0,0.0,0.0,0.0,23.9637,36.9376,36.9376,0.0,0.0,0,0.0,0.0,0.0,0.0,0.0,0.0,0.0,0.8749,1,39951.0,2.2,0.0,0.0,0.0,0.0,0.0,0.0,0.8749,0.0
2278,2000-09-22,SZSE:000768,0.2017,2.7591,2.5128,0.0,0.0,0.0,0.0,0.0,0.0,0.0,0.0,0.0,24.0191,34.5882,34.5883,0.0,0.0,0,0.0,0.0,0.0,0.0,0.0,0.0,0.0,1.1157,1,39951.0,2.2,0.0,0.0,0.0,0.0,0.0,0.0,1.1157,0.0
2279,2000-09-25,SZSE:000768,0.2017,2.7364,2.4921,0.0,0.0,0.0,0.0,0.0,0.0,0.0,0.0,0.0,24.0554,32.8572,32.8572,0.0,0.0,0,0.0,0.0,0.0,0.0,0.0,0.0,0.0,1.165,1,39951.0,2.2,0.0,0.0,0.0,0.0,0.0,0.0,1.165,0.0
2280,2000-09-26,SZSE:000768,0.2017,2.7864,2.5377,0.0,0.0,0.0,0.0,0.0,0.0,0.0,0.0,0.0,24.2104,39.975,39.9749,0.0,0.0,0,0.0,0.0,0.0,0.0,0.0,0.0,0.0,0.6461,1,39951.0,2.2,0.0,0.0,0.0,0.0,0.0,0.0,0.6461,0.0
2281,2000-09-27,SZSE:000768,0.2017,2.7864,2.5377,0.0,0.0,0.0,0.0,0.0,0.0,0.0,0.0,0.0,24.0681,39.975,39.9749,0.0,0.0,0,0.0,0.0,0.0,0.0,0.0,0.0,0.0,0.0,1,39951.0,2.2,0.0,0.0,0.0,0.0,0.0,0.0,0.0,0.0
2282,2000-09-28,SZSE:000768,0.2017,2.7659,2.519,0.0,0.0,0.0,0.0,0.0,0.0,0.0,0.0,0.0,24.0902,38.0607,38.0607,0.0,0.0,0,0.0,0.0,0.0,0.0,0.0,0.0,0.0,0.5412,1,39951.0,2.2,0.0,0.0,0.0,0.0,0.0,0.0,0.5412,0.0
2283,2000-09-29,SZSE:000768,0.2086,2.8068,2.5563,0.0,0.0,0.0,0.0,0.0,0.0,0.0,0.0,0.0,24.2515,43.852,43.8521,0.0,0.0,0,0.0,0.0,0.0,0.0,0.0,0.0,0.0,1.139,1,39951.0,2.2,0.0,0.0,0.0,0.0,0.0,0.0,1.139,0.0
2284,2000-10-02,SZSE:000768,0.2086,0.0,2.5563,0.0,0.0,0.0,0.0,0.0,0.0,0.0,0.0,0.0,24.2436,0.0,0.0,0.0,0.0,0,0.0,0.0,0.0,0.0,0.0,0.0,0.0,0.0,1,39951.0,2.2,0.0,0.0,0.0,0.0,0.0,0.0,0.0,0.0
2285,2000-10-03,SZSE:000768,0.2086,0.0,2.5563,0.0,0.0,0.0,0.0,0.0,0.0,0.0,0.0,0.0,23.6127,0.0,0.0,0.0,0.0,0,0.0,0.0,0.0,0.0,0.0,0.0,0.0,0.0,1,39951.0,2.2,0.0,0.0,0.0,0.0,0.0,0.0,0.0,0.0
2286,2000-10-04,SZSE:000768,0.2086,0.0,2.5563,0.0,0.0,0.0,0.0,0.0,0.0,0.0,0.0,0.0,23.306,0.0,0.0,0.0,0.0,0,0.0,0.0,0.0,0.0,0.0,0.0,0.0,0.0,1,39951.0,2.2,0.0,0.0,0.0,0.0,0.0,0.0,0.0,0.0
2287,2000-10-05,SZSE:000768,0.2086,0.0,2.5563,0.0,0.0,0.0,0.0,0.0,0.0,0.0,0.0,0.0,22.9977,0.0,0.0,0.0,0.0,0,0.0,0.0,0.0,0.0,0.0,0.0,0.0,0.0,1,39951.0,2.2,0.0,0.0,0.0,0.0,0.0,0.0,0.0,0.0
2288,2000-10-06,SZSE:000768,0.2083,0.0,2.5563,0.0,0.0,0.0,0.0,0.0,0.0,0.0,0.0,0.0,22.8965,0.0,0.0,0.0,0.0,0,0.0,0.0,0.0,0.0,0.0,0.0,0.0,0.0,1,39951.0,2.2,0.0,0.0,0.0,0.0,0.0,0.0,0.0,0.0
2289,2000-10-09,SZSE:000768,0.2083,2.7818,2.5335,0.0,0.0,0.0,0.0,0.0,0.0,0.0,0.0,0.0,22.9502,41.3101,41.3102,0.0,0.0,0,0.0,0.0,0.0,0.0,0.0,0.0,0.0,0.7845,1,39951.0,2.2,0.0,0.0,0.0,0.0,0.0,0.0,0.7845,0.0
2290,2000-10-10,SZSE:000768,0.2083,2.7977,2.548,0.0,0.0,0.0,0.0,0.0,0.0,0.0,0.0,0.0,22.8063,43.5523,43.5523,0.0,0.0,0,0.0,0.0,0.0,0.0,0.0,0.0,0.0,1.5455,1,39951.0,2.2,0.0,0.0,0.0,0.0,0.0,0.0,1.5455,0.0
2291,2000-10-11,SZSE:000768,0.2083,2.7977,2.548,0.0,0.0,0.0,0.0,0.0,0.0,0.0,0.0,0.0,22.7368,43.5523,43.5523,0.0,0.0,0,0.0,0.0,0.0,0.0,0.0,0.0,0.0,0.7555,1,39951.0,2.2,0.0,0.0,0.0,0.0,0.0,0.0,0.7555,0.0
2292,2000-10-12,SZSE:000768,0.2083,2.7682,2.5211,0.0,0.0,0.0,0.0,0.0,0.0,0.0,0.0,0.0,22.789,40.2406,40.2406,0.0,0.0,0,0.0,0.0,0.0,0.0,0.0,0.0,0.0,1.8043,1,39951.0,2.2,0.0,0.0,0.0,0.0,0.0,0.0,1.8043,0.0
2293,2000-10-13,SZSE:000768,0.2099,2.7591,2.5128,0.0,0.0,0.0,0.0,0.0,0.0,0.0,0.0,0.0,22.7763,39.2516,39.2517,0.0,0.0,0,0.0,0.0,0.0,0.0,0.0,0.0,0.0,1.6931,1,39951.0,2.2,0.0,0.0,0.0,0.0,0.0,0.0,1.6931,0.0
2294,2000-10-16,SZSE:000768,0.2099,2.6886,2.4486,0.0,0.0,0.0,0.0,0.0,0.0,0.0,0.0,0.0,23.238,32.5709,32.571,0.0,0.0,0,0.0,0.0,0.0,0.0,0.0,0.0,0.0,2.0679,1,39951.0,2.2,0.0,0.0,0.0,0.0,0.0,0.0,2.0679,0.0
2295,2000-10-17,SZSE:000768,0.2099,2.7045,2.4631,0.0,0.0,0.0,0.0,0.0,0.0,0.0,0.0,0.0,22.8332,35.2507,35.2508,0.0,0.0,0,0.0,0.0,0.0,0.0,0.0,0.0,0.0,1.0276,1,39951.0,2.2,0.0,0.0,0.0,0.0,0.0,0.0,1.0276,0.0
2296,2000-10-18,SZSE:000768,0.2099,2.7273,2.4838,0.0,0.0,0.0,0.0,0.0,0.0,0.0,0.0,0.0,20.9738,38.982,38.982,0.0,0.0,0,0.0,0.0,0.0,0.0,0.0,0.0,0.0,1.4451,1,39951.0,2.2,0.0,0.0,0.0,0.0,0.0,0.0,1.4451,0.0
2297,2000-10-19,SZSE:000768,0.2099,2.6955,2.4549,0.0,0.0,0.0,0.0,0.0,0.0,0.0,0.0,0.0,20.8663,35.8661,35.8661,0.0,0.0,0,0.0,0.0,0.0,0.0,0.0,0.0,0.0,1.4114,1,39951.0,2.2,0.0,0.0,0.0,0.0,0.0,0.0,1.4114,0.0
2298,2000-10-20,SZSE:000768,0.2094,2.7568,2.5107,0.0,0.0,0.0,0.0,0.0,0.0,0.0,0.0,0.0,21.2979,44.9974,44.9975,0.0,0.0,0,0.0,0.0,0.0,0.0,0.0,0.0,0.0,1.9756,1,39951.0,2.2,0.0,0.0,0.0,0.0,0.0,0.0,1.9756,0.0
2299,2000-10-23,SZSE:000768,0.2094,2.75,2.5045,0.0,0.0,0.0,0.0,0.0,0.0,0.0,0.0,0.0,21.2394,44.2435,44.2435,0.0,0.0,0,0.0,0.0,0.0,0.0,0.0,0.0,0.0,1.6263,1,39951.0,2.2,0.0,0.0,0.0,0.0,0.0,0.0,1.6263,0.0
2300,2000-10-24,SZSE:000768,0.2094,2.7341,2.49,0.0,0.0,0.0,0.0,0.0,0.0,0.0,0.0,0.0,20.8837,42.4563,42.4563,0.0,0.0,0,0.0,0.0,0.0,0.0,0.0,0.0,0.0,1.2663,1,39951.0,2.2,0.0,0.0,0.0,0.0,0.0,0.0,1.2663,0.0
2301,2000-10-25,SZSE:000768,0.2094,2.7955,2.5459,0.0,0.0,0.0,0.0,0.0,0.0,0.0,0.0,0.0,21.3422,50.7241,50.7241,0.0,0.0,0,0.0,0.0,0.0,0.0,0.0,0.0,0.0,2.3701,1,39951.0,2.2,0.0,0.0,0.0,0.0,0.0,0.0,2.3701,0.0
2302,2000-10-26,SZSE:000768,0.2094,2.7614,2.5149,0.0,0.0,0.0,0.0,0.0,0.0,0.0,0.0,0.0,21.4513,46.7091,46.7091,0.0,0.0,0,0.0,0.0,0.0,0.0,0.0,0.0,0.0,1.3682,1,39951.0,2.2,0.0,0.0,0.0,0.0,0.0,0.0,1.3682,0.0
2303,2000-10-27,SZSE:000768,0.2097,2.7386,2.4942,0.0,0.0,0.0,0.0,0.0,0.0,0.0,0.0,0.0,21.1525,44.1972,44.1973,0.0,0.0,0,0.0,0.0,0.0,0.0,0.0,0.0,0.0,1.4049,1,39951.0,2.2,0.0,0.0,0.0,0.0,0.0,0.0,1.4049,0.0
2304,2000-10-30,SZSE:000768,0.2097,2.7341,2.49,0.0,0.0,0.0,0.0,0.0,0.0,0.0,0.0,0.0,21.0418,43.6911,43.6911,0.0,0.0,0,0.0,0.0,0.0,0.0,0.0,0.0,0.0,1.4571,1,39951.0,2.2,0.0,0.0,0.0,0.0,0.0,0.0,1.4571,0.0
2305,2000-10-31,SZSE:000768,0.2097,2.8955,2.637,0.0,0.0,0.0,0.0,0.0,0.0,0.0,0.0,0.0,23.9163,60.8348,60.8348,0.0,0.0,0,0.0,0.0,0.0,0.0,0.0,0.0,0.0,9.9632,1,39951.0,2.2,0.0,0.0,0.0,0.0,0.0,0.0,9.9632,0.0
2306,2000-11-01,SZSE:000768,0.2097,2.8591,2.6039,0.0,0.0,0.0,0.0,0.0,0.0,0.0,0.0,0.0,23.4356,56.6491,56.6491,0.0,0.0,0,0.0,0.0,0.0,0.0,0.0,0.0,0.0,4.2925,1,39951.0,2.2,0.0,0.0,0.0,0.0,0.0,0.0,4.2925,0.0
2307,2000-11-02,SZSE:000768,0.2097,2.85,2.5956,0.0,0.0,0.0,0.0,0.0,0.0,0.0,0.0,0.0,23.4293,55.6188,55.6187,0.0,0.0,0,0.0,0.0,0.0,0.0,0.0,0.0,0.0,1.9033,1,39951.0,2.2,0.0,0.0,0.0,0.0,0.0,0.0,1.9033,0.0
2308,2000-11-03,SZSE:000768,0.2391,2.85,2.5956,0.0,0.0,0.0,0.0,0.0,0.0,0.0,0.0,0.0,23.374,55.6188,55.6187,0.0,0.0,0,0.0,0.0,0.0,0.0,0.0,0.0,0.0,1.3481,1,39951.0,2.2,0.0,0.0,0.0,0.0,0.0,0.0,1.3481,0.0
2309,2000-11-06,SZSE:000768,0.2391,2.8727,2.6163,0.0,0.0,0.0,0.0,0.0,0.0,0.0,0.0,0.0,23.3518,57.8418,57.8418,0.0,0.0,0,0.0,0.0,0.0,0.0,0.0,0.0,0.0,1.4132,1,39951.0,2.2,0.0,0.0,0.0,0.0,0.0,0.0,1.4132,0.0
2310,2000-11-07,SZSE:000768,0.2391,2.8523,2.5977,0.0,0.0,0.0,0.0,0.0,0.0,0.0,0.0,0.0,23.3866,55.1636,55.1635,0.0,0.0,0,0.0,0.0,0.0,0.0,0.0,0.0,0.0,1.094,1,39951.0,2.2,0.0,0.0,0.0,0.0,0.0,0.0,1.094,0.0
2311,2000-11-08,SZSE:000768,0.2391,2.8523,2.5977,0.0,0.0,0.0,0.0,0.0,0.0,0.0,0.0,0.0,23.2159,55.1636,55.1635,0.0,0.0,0,0.0,0.0,0.0,0.0,0.0,0.0,0.0,0.0,1,39951.0,2.2,0.0,0.0,0.0,0.0,0.0,0.0,0.0,0.0
2312,2000-11-09,SZSE:000768,0.2391,2.9545,2.6908,0.0,0.0,0.0,0.0,0.0,0.0,0.0,0.0,0.0,24.1677,64.6539,64.6538,0.0,0.0,0,0.0,0.0,0.0,0.0,0.0,0.0,0.0,10.6665,1,39951.0,2.2,0.0,0.0,0.0,0.0,0.0,0.0,10.6665,0.0
2313,2000-11-10,SZSE:000768,0.2699,2.9455,2.6825,0.0,0.0,0.0,0.0,0.0,0.0,0.0,0.0,0.0,24.0017,63.3699,63.3699,0.0,0.0,0,0.0,0.0,0.0,0.0,0.0,0.0,0.0,5.5425,1,39951.0,2.2,0.0,0.0,0.0,0.0,0.0,0.0,5.5425,0.0
2314,2000-11-13,SZSE:000768,0.2699,3.0409,2.7695,0.0,0.0,0.0,0.0,0.0,0.0,0.0,0.0,0.0,24.7733,70.0873,70.0872,0.0,0.0,0,0.0,0.0,0.0,0.0,0.0,0.0,0.0,14.8202,1,39951.0,2.2,0.0,0.0,0.0,0.0,0.0,0.0,14.8202,0.0
2315,2000-11-14,SZSE:000768,0.2699,3.0341,2.7633,0.0,0.0,0.0,0.0,0.0,0.0,0.0,0.0,0.0,23.8863,69.1123,69.1122,0.0,0.0,0,0.0,0.0,0.0,0.0,0.0,0.0,0.0,3.1865,1,39951.0,2.2,0.0,0.0,0.0,0.0,0.0,0.0,3.1865,0.0
2316,2000-11-15,SZSE:000768,0.2699,3.0182,2.7488,0.0,0.0,0.0,0.0,0.0,0.0,0.0,0.0,0.0,23.8262,66.7781,66.7781,0.0,0.0,0,0.0,0.0,0.0,0.0,0.0,0.0,0.0,3.6871,1,39951.0,2.2,0.0,0.0,0.0,0.0,0.0,0.0,3.6871,0.0
2317,2000-11-16,SZSE:000768,0.2699,3.0341,2.7633,0.0,0.0,0.0,0.0,0.0,0.0,0.0,0.0,0.0,23.706,67.944,67.944,0.0,0.0,0,0.0,0.0,0.0,0.0,0.0,0.0,0.0,2.7763,1,39951.0,2.2,0.0,0.0,0.0,0.0,0.0,0.0,2.7763,0.0
2318,2000-11-17,SZSE:000768,0.2447,2.9977,2.7302,0.0,0.0,0.0,0.0,0.0,0.0,0.0,0.0,0.0,23.8151,62.5415,62.5415,0.0,0.0,0,0.0,0.0,0.0,0.0,0.0,0.0,0.0,2.8776,1,39951.0,2.2,0.0,0.0,0.0,0.0,0.0,0.0,2.8776,0.0
2319,2000-11-20,SZSE:000768,0.2447,2.9682,2.7032,0.0,0.0,0.0,0.0,0.0,0.0,0.0,0.0,0.0,23.8293,58.4729,58.4728,0.0,0.0,0,0.0,0.0,0.0,0.0,0.0,0.0,0.0,3.6896,1,39951.0,2.2,0.0,0.0,0.0,0.0,0.0,0.0,3.6896,0.0
2320,2000-11-21,SZSE:000768,0.2447,2.9955,2.7281,0.0,0.0,0.0,0.0,0.0,0.0,0.0,0.0,0.0,23.891,60.9953,60.9953,0.0,0.0,0,0.0,0.0,0.0,0.0,0.0,0.0,0.0,2.9258,1,39951.0,2.2,0.0,0.0,0.0,0.0,0.0,0.0,2.9258,0.0
2321,2000-11-22,SZSE:000768,0.2447,3.0136,2.7446,0.0,0.0,0.0,0.0,0.0,0.0,0.0,0.0,0.0,23.6238,62.625,62.6249,0.0,0.0,0,0.0,0.0,0.0,0.0,0.0,0.0,0.0,5.1268,1,39951.0,2.2,0.0,0.0,0.0,0.0,0.0,0.0,5.1268,0.0
2322,2000-11-23,SZSE:000768,0.2447,3.0318,2.7612,0.0,0.0,0.0,0.0,0.0,0.0,0.0,0.0,0.0,23.4799,64.2345,64.2345,0.0,0.0,0,0.0,0.0,0.0,0.0,0.0,0.0,0.0,11.7806,1,39951.0,2.2,0.0,0.0,0.0,0.0,0.0,0.0,11.7806,0.0
2323,2000-11-24,SZSE:000768,0.2299,3.0318,2.7612,0.0,0.0,0.0,0.0,0.0,0.0,0.0,0.0,0.0,23.4736,64.2345,64.2345,0.0,0.0,0,0.0,0.0,0.0,0.0,0.0,0.0,0.0,0.0,1,39951.0,2.2,0.0,0.0,0.0,0.0,0.0,0.0,0.0,0.0
2324,2000-11-27,SZSE:000768,0.2299,3.0318,2.7612,0.0,0.0,0.0,0.0,0.0,0.0,0.0,0.0,0.0,23.3076,64.2345,64.2345,0.0,0.0,0,0.0,0.0,0.0,0.0,0.0,0.0,0.0,0.0,1,39951.0,2.2,0.0,0.0,0.0,0.0,0.0,0.0,0.0,0.0
2325,2000-11-28,SZSE:000768,0.2299,3.0318,2.7612,0.0,0.0,0.0,0.0,0.0,0.0,0.0,0.0,0.0,23.1558,64.2345,64.2345,0.0,0.0,0,0.0,0.0,0.0,0.0,0.0,0.0,0.0,0.0,1,39951.0,2.2,0.0,0.0,0.0,0.0,0.0,0.0,0.0,0.0
2326,2000-11-29,SZSE:000768,0.2299,3.0318,2.7612,0.0,0.0,0.0,0.0,0.0,0.0,0.0,0.0,0.0,23.1542,64.2345,64.2345,0.0,0.0,0,0.0,0.0,0.0,0.0,0.0,0.0,0.0,0.0,1,39951.0,2.2,0.0,0.0,0.0,0.0,0.0,0.0,0.0,0.0
2327,2000-11-30,SZSE:000768,0.2299,2.9568,2.6929,0.0,0.0,0.0,0.0,0.0,0.0,0.0,0.0,0.0,23.2538,51.0893,51.0892,0.0,0.0,0,0.0,0.0,0.0,0.0,0.0,0.0,0.0,3.7528,1,39951.0,2.2,0.0,0.0,0.0,0.0,0.0,0.0,3.7528,0.0
2328,2000-12-01,SZSE:000768,0.2366,2.9795,2.7136,0.0,0.0,0.0,0.0,0.0,0.0,0.0,0.0,0.0,22.7542,54.1512,54.1512,0.0,0.0,0,0.0,0.0,0.0,0.0,0.0,0.0,0.0,2.9863,1,39951.0,2.2,0.0,0.0,0.0,0.0,0.0,0.0,2.9863,0.0
2329,2000-12-04,SZSE:000768,0.2366,2.9682,2.7032,0.0,0.0,0.0,0.0,0.0,0.0,0.0,0.0,0.0,22.6245,52.3853,52.3852,0.0,0.0,0,0.0,0.0,0.0,0.0,0.0,0.0,0.0,2.5362,1,39951.0,2.2,0.0,0.0,0.0,0.0,0.0,0.0,2.5362,0.0
2330,2000-12-05,SZSE:000768,0.2366,2.9682,2.7032,0.0,0.0,0.0,0.0,0.0,0.0,0.0,0.0,0.0,22.1976,52.3853,52.3852,0.0,0.0,0,0.0,0.0,0.0,0.0,0.0,0.0,0.0,2.2537,1,39951.0,2.2,0.0,0.0,0.0,0.0,0.0,0.0,2.2537,0.0
2331,2000-12-06,SZSE:000768,0.2366,2.9318,2.6701,0.0,0.0,0.0,0.0,0.0,0.0,0.0,0.0,0.0,21.5319,46.7301,46.7301,0.0,0.0,0,0.0,0.0,0.0,0.0,0.0,0.0,0.0,3.7474,1,39951.0,2.2,0.0,0.0,0.0,0.0,0.0,0.0,3.7474,0.0
2332,2000-12-07,SZSE:000768,0.2366,2.9364,2.6743,0.0,0.0,0.0,0.0,0.0,0.0,0.0,0.0,0.0,21.4134,47.4929,47.4929,0.0,0.0,0,0.0,0.0,0.0,0.0,0.0,0.0,0.0,1.9785,1,39951.0,2.2,0.0,0.0,0.0,0.0,0.0,0.0,1.9785,0.0
2333,2000-12-08,SZSE:000768,0.182,2.9523,2.6888,0.0,0.0,0.0,0.0,0.0,0.0,0.0,0.0,0.0,21.4339,50.1829,50.1828,0.0,0.0,0,0.0,0.0,0.0,0.0,0.0,0.0,0.0,2.2978,1,39951.0,2.2,0.0,0.0,0.0,0.0,0.0,0.0,2.2978,0.0
2334,2000-12-11,SZSE:000768,0.182,2.9295,2.6681,0.0,0.0,0.0,0.0,0.0,0.0,0.0,0.0,0.0,21.3754,46.5166,46.5166,0.0,0.0,0,0.0,0.0,0.0,0.0,0.0,0.0,0.0,1.5171,1,39951.0,2.2,0.0,0.0,0.0,0.0,0.0,0.0,1.5171,0.0
2335,2000-12-12,SZSE:000768,0.182,2.9977,2.7302,0.0,0.0,0.0,0.0,0.0,0.0,0.0,0.0,0.0,21.8197,56.7295,56.7295,0.0,0.0,0,0.0,0.0,0.0,0.0,0.0,0.0,0.0,3.4698,1,39951.0,2.2,0.0,0.0,0.0,0.0,0.0,0.0,3.4698,0.0
2336,2000-12-13,SZSE:000768,0.182,2.9273,2.666,0.0,0.0,0.0,0.0,0.0,0.0,0.0,0.0,0.0,22.3194,46.7872,46.7873,0.0,0.0,0,0.0,0.0,0.0,0.0,0.0,0.0,0.0,44.0362,1,39951.0,2.2,0.0,0.0,0.0,0.0,0.0,0.0,44.0362,0.0
2337,2000-12-14,SZSE:000768,0.182,2.9045,2.6453,0.0,0.0,0.0,0.0,0.0,0.0,0.0,0.0,0.0,22.3731,44.1024,44.1023,0.0,0.0,0,0.0,0.0,0.0,0.0,0.0,0.0,0.0,6.7359,1,39951.0,2.2,0.0,0.0,0.0,0.0,0.0,0.0,6.7359,0.0
2338,2000-12-15,SZSE:000768,0.1854,2.8864,2.6287,0.0,0.0,0.0,0.0,0.0,0.0,0.0,0.0,0.0,22.3747,42.0247,42.0247,0.0,0.0,0,0.0,0.0,0.0,0.0,0.0,0.0,0.0,5.3297,1,39951.0,2.2,0.0,0.0,0.0,0.0,0.0,0.0,5.3297,0.0
2339,2000-12-18,SZSE:000768,0.1854,2.8432,2.5894,0.0,0.0,0.0,0.0,0.0,0.0,0.0,0.0,0.0,22.517,37.5051,37.5052,0.0,0.0,0,0.0,0.0,0.0,0.0,0.0,0.0,0.0,5.0561,1,39951.0,2.2,0.0,0.0,0.0,0.0,0.0,0.0,5.0561,0.0
2340,2000-12-19,SZSE:000768,0.1854,2.8023,2.5521,0.0,0.0,0.0,0.0,0.0,0.0,0.0,0.0,0.0,21.8387,33.7972,33.7972,0.0,0.0,0,0.0,0.0,0.0,0.0,0.0,0.0,0.0,8.0805,1,39951.0,2.2,0.0,0.0,0.0,0.0,0.0,0.0,8.0805,0.0
2341,2000-12-20,SZSE:000768,0.1854,2.8614,2.606,0.0,0.0,0.0,0.0,0.0,0.0,0.0,0.0,0.0,22.1518,42.6217,42.6217,0.0,0.0,0,0.0,0.0,0.0,0.0,0.0,0.0,0.0,4.1217,1,39951.0,2.2,0.0,0.0,0.0,0.0,0.0,0.0,4.1217,0.0
2342,2000-12-21,SZSE:000768,0.1854,2.8432,2.5894,0.0,0.0,0.0,0.0,0.0,0.0,0.0,0.0,0.0,22.128,40.8186,40.8187,0.0,0.0,0,0.0,0.0,0.0,0.0,0.0,0.0,0.0,3.7151,1,39951.0,2.2,0.0,0.0,0.0,0.0,0.0,0.0,3.7151,0.0
2343,2000-12-22,SZSE:000768,0.2296,2.8045,2.5542,0.0,0.0,0.0,0.0,0.0,0.0,0.0,0.0,0.0,22.1944,37.2161,37.2162,0.0,0.0,0,0.0,0.0,0.0,0.0,0.0,0.0,0.0,5.8193,1,39951.0,2.2,0.0,0.0,0.0,0.0,0.0,0.0,5.8193,0.0
2344,2000-12-25,SZSE:000768,0.2296,2.7659,2.519,0.0,0.0,0.0,0.0,0.0,0.0,0.0,0.0,0.0,22.3051,33.9858,33.9858,0.0,0.0,0,0.0,0.0,0.0,0.0,0.0,0.0,0.0,7.6438,1,39951.0,2.2,0.0,0.0,0.0,0.0,0.0,0.0,7.6438,0.0
2345,2000-12-26,SZSE:000768,0.2296,2.8045,2.5542,0.0,0.0,0.0,0.0,0.0,0.0,0.0,0.0,0.0,22.1881,39.629,39.6291,0.0,0.0,0,0.0,0.0,0.0,0.0,0.0,0.0,0.0,3.2362,1,39951.0,2.2,0.0,0.0,0.0,0.0,0.0,0.0,3.2362,0.0
2346,2000-12-27,SZSE:000768,0.2296,2.7659,2.519,0.0,0.0,0.0,0.0,0.0,0.0,0.0,0.0,0.0,22.3557,36.2883,36.2883,0.0,0.0,0,0.0,0.0,0.0,0.0,0.0,0.0,0.0,3.4267,1,39951.0,2.2,0.0,0.0,0.0,0.0,0.0,0.0,3.4267,0.0
2347,2000-12-28,SZSE:000768,0.2296,2.7886,2.5397,0.0,0.0,0.0,0.0,0.0,0.0,0.0,0.0,0.0,22.3668,39.518,39.5181,0.0,0.0,0,0.0,0.0,0.0,0.0,0.0,0.0,0.0,3.4386,1,39951.0,2.2,0.0,0.0,0.0,0.0,0.0,0.0,3.4386,0.0
2348,2000-12-29,SZSE:000768,0.197,2.8295,2.577,0.0,0.0,0.0,0.0,0.0,0.0,0.0,0.0,0.0,22.3636,44.93,44.93,0.0,0.0,0,0.0,0.0,0.0,0.0,0.0,0.0,0.0,3.0029,1,39951.0,2.2,0.0,0.0,0.0,0.0,0.0,0.0,3.0029,0.0
2349,2001-01-01,SZSE:000768,0.197,0.0,2.577,0.0,0.0,0.0,0.0,0.0,0.0,0.0,0.0,0.0,22.1913,0.0,0.0,0.0,0.0,0,0.0,0.0,0.0,0.0,0.0,0.0,0.0,0.0,1,39951.0,2.2,0.0,0.0,0.0,0.0,0.0,0.0,0.0,0.0
2350,2001-01-02,SZSE:000768,0.197,2.8523,2.5977,0.0,0.0,4913.3186,0.0,0.0,0.0,0.0,0.0,0.0,22.2435,47.7282,47.7281,0.0,0.0,0,5416.9114,69.5363,35.129,0.0,0.0,7.6113,0.0,3.3779,1,39951.0,2.2,0.0,0.0,0.0,0.0,0.0,0.0,3.3779,0.0
2351,2001-01-03,SZSE:000768,0.197,2.8682,2.6122,0.0,0.0,4940.7252,0.0,0.0,0.0,0.0,0.0,0.0,22.2688,49.6567,49.6567,0.0,0.0,0,5444.3179,69.8881,35.3067,0.0,0.0,7.6498,0.0,4.1516,1,39951.0,2.2,0.0,0.0,0.0,0.0,0.0,0.0,4.1516,0.0
2352,2001-01-04,SZSE:000768,0.197,2.8727,2.6163,0.0,0.0,4948.5544,0.0,0.0,0.0,0.0,0.0,0.0,22.2688,50.2217,50.2218,0.0,0.0,0,5452.1471,69.9886,35.3575,0.0,0.0,7.6608,0.0,3.6286,1,39951.0,2.2,0.0,0.0,0.0,0.0,0.0,0.0,3.6286,0.0
2353,2001-01-05,SZSE:000768,0.188,2.85,2.5956,0.0,0.0,4909.4048,0.0,0.0,0.0,0.0,0.0,0.0,22.3273,47.3595,47.3594,0.0,0.0,0,5412.9976,69.4861,35.1036,0.0,0.0,7.6058,0.0,3.9012,1,39951.0,2.2,0.0,0.0,0.0,0.0,0.0,0.0,3.9012,0.0
2354,2001-01-08,SZSE:000768,0.188,2.8023,2.5521,0.0,0.0,4827.192,0.0,0.0,0.0,0.0,0.0,0.0,22.5755,41.9523,41.9523,0.0,0.0,0,5330.7848,68.4307,34.5704,0.0,0.0,7.4903,0.0,5.0891,1,39951.0,2.2,0.0,0.0,0.0,0.0,0.0,0.0,5.0891,0.0
2355,2001-01-09,SZSE:000768,0.188,2.8159,2.5646,0.0,0.0,4850.6814,0.0,0.0,0.0,0.0,0.0,0.0,22.5249,43.9223,43.9223,0.0,0.0,0,5354.2742,68.7322,34.7228,0.0,0.0,7.5233,0.0,2.3069,1,39951.0,2.2,0.0,0.0,0.0,0.0,0.0,0.0,2.3069,0.0
2356,2001-01-10,SZSE:000768,0.188,2.8636,2.608,0.0,0.0,4932.8942,0.0,0.0,0.0,0.0,0.0,0.0,22.732,50.2822,50.2822,0.0,0.0,0,5436.487,69.7876,35.2559,0.0,0.0,7.6388,0.0,4.1573,1,39951.0,2.2,0.0,0.0,0.0,0.0,0.0,0.0,4.1573,0.0
2357,2001-01-11,SZSE:000768,0.188,2.8341,2.5811,0.0,0.0,4881.9983,0.0,0.0,0.0,0.0,0.0,0.0,22.8285,46.7475,46.7475,0.0,0.0,0,5385.5911,69.1343,34.9259,0.0,0.0,7.5673,0.0,3.1577,1,39951.0,2.2,0.0,0.0,0.0,0.0,0.0,0.0,3.1577,0.0
2358,2001-01-12,SZSE:000768,0.2518,2.8045,2.5542,0.0,0.0,4831.1058,0.0,0.0,0.0,0.0,0.0,0.0,22.8253,43.4578,43.4579,0.0,0.0,0,5334.6986,68.481,34.5958,0.0,0.0,7.4958,0.0,4.4499,1,39951.0,2.2,0.0,0.0,0.0,0.0,0.0,0.0,4.4499,0.0
2359,2001-01-15,SZSE:000768,0.2518,2.7477,2.5025,0.0,0.0,4733.2328,0.0,0.0,0.0,0.0,0.0,0.0,23.1684,37.9298,37.9298,0.0,0.0,0,5236.8256,67.2246,33.9611,0.0,0.0,7.3583,0.0,4.985,1,39951.0,2.2,0.0,0.0,0.0,0.0,0.0,0.0,4.985,0.0
2360,2001-01-16,SZSE:000768,0.2518,2.7909,2.5418,0.0,0.0,4807.6164,0.0,0.0,0.0,0.0,0.0,0.0,22.7953,43.7827,43.7828,0.0,0.0,0,5311.2092,68.1794,34.4435,0.0,0.0,7.4628,0.0,3.5806,1,39951.0,2.2,0.0,0.0,0.0,0.0,0.0,0.0,3.5806,0.0
2361,2001-01-17,SZSE:000768,0.2518,2.7727,2.5252,0.0,0.0,4776.2978,0.0,0.0,0.0,0.0,0.0,0.0,22.8111,41.9875,41.9876,0.0,0.0,0,5279.8906,67.7774,34.2404,0.0,0.0,7.4188,0.0,1.5681,1,39951.0,2.2,0.0,0.0,0.0,0.0,0.0,0.0,1.5681,0.0
2362,2001-01-18,SZSE:000768,0.2518,2.7864,2.5377,0.0,0.0,4799.7855,0.0,0.0,0.0,0.0,0.0,0.0,22.7747,43.847,43.847,0.0,0.0,0,5303.3782,68.0789,34.3927,0.0,0.0,7.4518,0.0,1.8353,1,39951.0,2.2,0.0,0.0,0.0,0.0,0.0,0.0,1.8353,0.0
2363,2001-01-19,SZSE:000768,0.2552,2.8136,2.5625,0.0,0.0,4846.7659,0.0,0.0,0.0,0.0,0.0,0.0,22.721,47.4739,47.4739,0.0,0.0,0,5350.3587,68.682,34.6974,0.0,0.0,7.5178,0.0,2.0183,1,39951.0,2.2,0.0,0.0,0.0,0.0,0.0,0.0,2.0183,0.0
2364,2001-01-22,SZSE:000768,0.2552,0.0,2.5625,0.0,0.0,4846.7659,0.0,0.0,0.0,0.0,0.0,0.0,22.3067,0.0,0.0,0.0,0.0,0,5350.3587,68.682,34.6974,0.0,0.0,7.5178,0.0,0.0,1,39951.0,2.2,0.0,0.0,0.0,0.0,0.0,0.0,0.0,0.0
2365,2001-01-23,SZSE:000768,0.2552,0.0,2.5625,0.0,0.0,4846.7659,0.0,0.0,0.0,0.0,0.0,0.0,22.3004,0.0,0.0,0.0,0.0,0,5350.3587,68.682,34.6974,0.0,0.0,7.5178,0.0,0.0,1,39951.0,2.2,0.0,0.0,0.0,0.0,0.0,0.0,0.0,0.0
2366,2001-01-24,SZSE:000768,0.2552,0.0,2.5625,0.0,0.0,4846.7659,0.0,0.0,0.0,0.0,0.0,0.0,22.2672,0.0,0.0,0.0,0.0,0,5350.3587,68.682,34.6974,0.0,0.0,7.5178,0.0,0.0,1,39951.0,2.2,0.0,0.0,0.0,0.0,0.0,0.0,0.0,0.0
2367,2001-01-25,SZSE:000768,0.2552,0.0,2.5625,0.0,0.0,4846.7659,0.0,0.0,0.0,0.0,0.0,0.0,21.8482,0.0,0.0,0.0,0.0,0,5350.3587,68.682,34.6974,0.0,0.0,7.5178,0.0,0.0,1,39951.0,2.2,0.0,0.0,0.0,0.0,0.0,0.0,0.0,0.0
2368,2001-01-26,SZSE:000768,0.2744,0.0,2.5625,0.0,0.0,4846.7659,0.0,0.0,0.0,0.0,0.0,0.0,21.7106,0.0,0.0,0.0,0.0,0,5350.3587,68.682,34.6974,0.0,0.0,7.5178,0.0,0.0,1,39951.0,2.2,0.0,0.0,0.0,0.0,0.0,0.0,0.0,0.0
2369,2001-01-29,SZSE:000768,0.2744,0.0,2.5625,0.0,0.0,4846.7659,0.0,0.0,0.0,0.0,0.0,0.0,21.6442,0.0,0.0,0.0,0.0,0,5350.3587,68.682,34.6974,0.0,0.0,7.5178,0.0,0.0,1,39951.0,2.2,0.0,0.0,0.0,0.0,0.0,0.0,0.0,0.0
2370,2001-01-30,SZSE:000768,0.2744,0.0,2.5625,0.0,0.0,4846.7659,0.0,0.0,0.0,0.0,0.0,0.0,21.641,0.0,0.0,0.0,0.0,0,5350.3587,68.682,34.6974,0.0,0.0,7.5178,0.0,0.0,1,39951.0,2.2,0.0,0.0,0.0,0.0,0.0,0.0,0.0,0.0
2371,2001-01-31,SZSE:000768,0.2744,0.0,2.5625,0.0,0.0,4846.7659,0.0,0.0,0.0,0.0,0.0,0.0,18.4898,0.0,0.0,0.0,0.0,0,5350.3587,68.682,34.6974,0.0,0.0,7.5178,0.0,0.0,1,39951.0,2.2,0.0,0.0,0.0,0.0,0.0,0.0,0.0,0.0
2372,2001-02-01,SZSE:000768,0.2744,0.0,2.5625,0.0,0.0,4846.7659,0.0,0.0,0.0,0.0,0.0,0.0,18.3317,0.0,0.0,0.0,0.0,0,5350.3587,68.682,34.6974,0.0,0.0,7.5178,0.0,0.0,1,39951.0,2.2,0.0,0.0,0.0,0.0,0.0,0.0,0.0,0.0
2373,2001-02-02,SZSE:000768,0.2785,0.0,2.5625,0.0,0.0,4846.7659,0.0,0.0,0.0,0.0,0.0,0.0,18.3222,0.0,0.0,0.0,0.0,0,5350.3587,68.682,34.6974,0.0,0.0,7.5178,0.0,0.0,1,39951.0,2.2,0.0,0.0,0.0,0.0,0.0,0.0,0.0,0.0
2374,2001-02-05,SZSE:000768,0.2785,2.7636,2.517,0.0,0.0,4760.6359,0.0,0.0,0.0,0.0,0.0,0.0,18.6448,42.1047,42.1047,0.0,0.0,0,5264.2287,67.5763,34.1388,0.0,0.0,7.3968,0.0,2.0209,1,39951.0,2.2,0.0,0.0,0.0,0.0,0.0,0.0,2.0209,0.0
2375,2001-02-06,SZSE:000768,0.2785,2.75,2.5045,0.0,0.0,4737.1466,0.0,0.0,0.0,0.0,0.0,0.0,18.5894,40.7511,40.7511,0.0,0.0,0,5240.7393,67.2748,33.9865,0.0,0.0,7.3638,0.0,2.6445,1,39951.0,2.2,0.0,0.0,0.0,0.0,0.0,0.0,2.6445,0.0
2376,2001-02-07,SZSE:000768,0.2785,2.7159,2.4735,0.0,0.0,4678.4214,0.0,0.0,0.0,0.0,0.0,0.0,18.6906,37.5048,37.5048,0.0,0.0,0,5182.0142,66.521,33.6057,0.0,0.0,7.2813,0.0,2.0463,1,39951.0,2.2,0.0,0.0,0.0,0.0,0.0,0.0,2.0463,0.0
2377,2001-02-08,SZSE:000768,0.2785,2.5432,2.3162,0.0,0.0,4380.8784,0.0,0.0,0.0,0.0,0.0,0.0,22.5644,26.1418,26.1418,0.0,0.0,0,4884.4712,62.7014,31.6761,0.0,0.0,6.8632,0.0,3.6097,1,39951.0,2.2,0.0,0.0,0.0,0.0,0.0,0.0,3.6097,0.0
2378,2001-02-09,SZSE:000768,0.2972,2.6545,2.4176,0.0,0.0,4572.7158,0.0,0.0,0.0,0.0,0.0,0.0,23.0878,38.9786,38.9787,0.0,0.0,0,5076.3086,65.164,32.9202,0.0,0.0,7.1327,0.0,3.8484,1,39951.0,2.2,0.0,0.0,0.0,0.0,0.0,0.0,3.8484,0.0
2379,2001-02-12,SZSE:000768,0.2972,2.6659,2.428,0.0,0.0,4592.2914,0.0,0.0,0.0,0.0,0.0,0.0,23.1131,40.1222,40.1222,0.0,0.0,0,5095.8842,65.4153,33.0471,0.0,0.0,7.1602,0.0,1.5683,1,39951.0,2.2,0.0,0.0,0.0,0.0,0.0,0.0,1.5683,0.0
2380,2001-02-13,SZSE:000768,0.2972,2.6682,2.43,0.0,0.0,4596.2052,0.0,0.0,0.0,0.0,0.0,0.0,22.1581,40.3629,40.363,0.0,0.0,0,5099.7979,65.4656,33.0725,0.0,0.0,7.1657,0.0,1.2295,1,39951.0,2.2,0.0,0.0,0.0,0.0,0.0,0.0,1.2295,0.0
2381,2001-02-14,SZSE:000768,0.2972,2.6432,2.4073,0.0,0.0,4553.1402,0.0,0.0,0.0,0.0,0.0,0.0,22.2055,38.528,38.528,0.0,0.0,0,5056.7329,64.9127,32.7932,0.0,0.0,7.1052,0.0,1.3585,1,39951.0,2.2,0.0,0.0,0.0,0.0,0.0,0.0,1.3585,0.0
2382,2001-02-15,SZSE:000768,0.2972,2.6045,2.3721,0.0,0.0,4486.5858,0.0,0.0,0.0,0.0,0.0,0.0,22.3336,35.818,35.8181,0.0,0.0,0,4990.1786,64.0584,32.3616,0.0,0.0,7.0117,0.0,1.6777,1,39951.0,2.2,0.0,0.0,0.0,0.0,0.0,0.0,1.6777,0.0
2383,2001-02-16,SZSE:000768,0.2665,2.5909,2.3596,0.0,0.0,4463.0964,0.0,0.0,0.0,0.0,0.0,0.0,22.2909,34.8853,34.8854,0.0,0.0,0,4966.6892,63.7569,32.2093,0.0,0.0,6.9787,0.0,1.8827,1,39951.0,2.2,0.0,0.0,0.0,0.0,0.0,0.0,1.8827,0.0
2384,2001-02-19,SZSE:000768,0.2665,2.6386,2.4031,0.0,0.0,4545.3092,0.0,0.0,0.0,0.0,0.0,0.0,22.5644,40.7049,40.7049,0.0,0.0,0,5048.902,64.8122,32.7424,0.0,0.0,7.0942,0.0,0.9235,1,39951.0,2.2,0.0,0.0,0.0,0.0,0.0,0.0,0.9235,0.0
2385,2001-02-20,SZSE:000768,0.2665,2.6205,2.3866,0.0,0.0,4513.9923,0.0,0.0,0.0,0.0,0.0,0.0,22.5312,39.2653,39.2653,0.0,0.0,0,5017.5851,64.4102,32.5393,0.0,0.0,7.0502,0.0,1.3161,1,39951.0,2.2,0.0,0.0,0.0,0.0,0.0,0.0,1.3161,0.0
2386,2001-02-21,SZSE:000768,0.2665,2.5682,2.3389,0.0,0.0,4423.9452,0.0,0.0,0.0,0.0,0.0,0.0,22.7004,35.3896,35.3897,0.0,0.0,0,4927.5379,63.2543,31.9554,0.0,0.0,6.9237,0.0,1.8946,1,39951.0,2.2,0.0,0.0,0.0,0.0,0.0,0.0,1.8946,0.0
2387,2001-02-22,SZSE:000768,0.2665,2.5659,2.3369,0.0,0.0,4420.0314,0.0,0.0,0.0,0.0,0.0,0.0,22.6419,35.2268,35.2269,0.0,0.0,0,4923.6242,63.204,31.93,0.0,0.0,6.9182,0.0,2.1785,1,39951.0,2.2,0.0,0.0,0.0,0.0,0.0,0.0,2.1785,0.0
2388,2001-02-23,SZSE:000768,0.2375,2.5864,2.3555,0.0,0.0,4455.2672,0.0,0.0,0.0,0.0,0.0,0.0,22.6735,37.9917,37.9918,0.0,0.0,0,4958.86,63.6564,32.1585,0.0,0.0,6.9677,0.0,1.0572,1,39951.0,2.2,0.0,0.0,0.0,0.0,0.0,0.0,1.0572,0.0
2389,2001-02-26,SZSE:000768,0.2375,2.6614,2.4238,0.0,0.0,4584.4622,0.0,0.0,0.0,0.0,0.0,0.0,23.4578,46.9355,46.9355,0.0,0.0,0,4294.0545,45.1617,26.6479,0.0,0.0,5.3867,0.0,2.0609,1,39951.0,2.2,0.0,0.0,0.0,0.0,0.0,0.0,2.0609,0.0
2390,2001-02-27,SZSE:000768,0.2375,2.6659,2.428,0.0,0.0,4592.2914,0.0,0.0,0.0,0.0,0.0,0.0,23.4657,47.4304,47.4303,0.0,0.0,0,4301.8837,45.244,26.6965,0.0,0.0,5.3965,0.0,1.162,1,39951.0,2.2,0.0,0.0,0.0,0.0,0.0,0.0,1.162,0.0
2391,2001-02-28,SZSE:000768,0.2375,2.6477,2.4114,0.0,0.0,4560.9694,0.0,0.0,0.0,0.0,0.0,0.0,23.4831,45.5984,45.5983,0.0,0.0,0,4270.5617,44.9146,26.5021,0.0,0.0,5.3572,0.0,0.9924,1,39951.0,2.2,0.0,0.0,0.0,0.0,0.0,0.0,0.9924,0.0
2392,2001-03-01,SZSE:000768,0.2375,2.6409,2.4052,0.0,0.0,4549.2264,0.0,0.0,0.0,0.0,0.0,0.0,23.3234,44.8982,44.8982,0.0,0.0,0,4258.8187,44.7911,26.4292,0.0,0.0,5.3425,0.0,0.8675,1,39951.0,2.2,0.0,0.0,0.0,0.0,0.0,0.0,0.8675,0.0
2393,2001-03-02,SZSE:000768,0.1585,2.6727,2.4342,0.0,0.0,4604.0378,0.0,0.0,0.0,0.0,0.0,0.0,23.2997,48.8465,48.8466,0.0,0.0,0,4313.6301,45.3676,26.7694,0.0,0.0,5.4113,0.0,1.5821,1,39951.0,2.2,0.0,0.0,0.0,0.0,0.0,0.0,1.5821,0.0
2394,2001-03-05,SZSE:000768,0.1585,2.6455,2.4093,0.0,0.0,4557.0556,0.0,0.0,0.0,0.0,0.0,0.0,23.5384,45.816,45.816,0.0,0.0,0,4266.648,44.8734,26.4778,0.0,0.0,5.3523,0.0,1.6927,1,39951.0,2.2,0.0,0.0,0.0,0.0,0.0,0.0,1.6927,0.0
2395,2001-03-06,SZSE:000768,0.1585,2.6318,2.3969,0.0,0.0,4533.568,0.0,0.0,0.0,0.0,0.0,0.0,23.4546,44.3351,44.3351,0.0,0.0,0,4243.1603,44.6264,26.332,0.0,0.0,5.3229,0.0,1.6568,1,39951.0,2.2,0.0,0.0,0.0,0.0,0.0,0.0,1.6568,0.0
2396,2001-03-07,SZSE:000768,0.1585,2.6614,2.4238,0.0,0.0,4584.4622,0.0,0.0,0.0,0.0,0.0,0.0,23.5827,48.2392,48.2392,0.0,0.0,0,4294.0545,45.1617,26.6479,0.0,0.0,5.3867,0.0,1.6875,1,39951.0,2.2,0.0,0.0,0.0,0.0,0.0,0.0,1.6875,0.0
2397,2001-03-08,SZSE:000768,0.1585,2.6886,2.4486,0.0,0.0,4631.4409,0.0,0.0,0.0,0.0,0.0,0.0,23.6586,51.6127,51.6128,0.0,0.0,0,4341.0333,45.6558,26.9394,0.0,0.0,5.4456,0.0,1.7174,1,39951.0,2.2,0.0,0.0,0.0,0.0,0.0,0.0,1.7174,0.0
2398,2001-03-09,SZSE:000768,0.1746,2.7045,2.4631,0.0,0.0,4658.8441,0.0,0.0,0.0,0.0,0.0,0.0,23.5163,53.5159,53.5159,0.0,0.0,0,4368.4364,45.944,27.1095,0.0,0.0,5.48,0.0,2.0044,1,39951.0,2.2,0.0,0.0,0.0,0.0,0.0,0.0,2.0044,0.0
2399,2001-03-12,SZSE:000768,0.1746,2.7159,2.4735,0.0,0.0,4678.4214,0.0,0.0,0.0,0.0,0.0,0.0,23.1906,54.8812,54.8812,0.0,0.0,0,4388.0137,46.1499,27.231,0.0,0.0,5.5046,0.0,1.9341,1,39951.0,2.2,0.0,0.0,0.0,0.0,0.0,0.0,1.9341,0.0
2400,2001-03-13,SZSE:000768,0.1746,2.6886,2.4486,0.0,0.0,4631.4409,0.0,0.0,0.0,0.0,0.0,0.0,22.8237,51.0093,51.0093,0.0,0.0,0,4341.0333,45.6558,26.9394,0.0,0.0,5.4456,0.0,1.6445,1,39951.0,2.2,0.0,0.0,0.0,0.0,0.0,0.0,1.6445,0.0
2401,2001-03-14,SZSE:000768,0.1746,2.6955,2.4549,0.0,0.0,4643.1873,0.0,0.0,0.0,0.0,0.0,0.0,22.8,51.9226,51.9226,0.0,0.0,0,4352.7797,45.7793,27.0123,0.0,0.0,5.4604,0.0,1.2269,1,39951.0,2.2,0.0,0.0,0.0,0.0,0.0,0.0,1.2269,0.0
2402,2001-03-15,SZSE:000768,0.1746,2.6932,2.4528,0.0,0.0,4639.2684,0.0,0.0,0.0,0.0,0.0,0.0,22.7763,51.5771,51.5771,0.0,0.0,0,4348.8608,45.7381,26.988,0.0,0.0,5.4555,0.0,1.7379,1,39951.0,2.2,0.0,0.0,0.0,0.0,0.0,0.0,1.7379,0.0
2403,2001-03-16,SZSE:000768,0.125,2.7795,2.5314,0.0,0.0,4788.0391,0.0,0.0,0.0,0.0,0.0,0.0,23.4878,61.932,61.932,0.0,0.0,0,4497.6314,47.3027,27.9112,0.0,0.0,5.6421,0.0,3.8637,1,39951.0,2.2,0.0,0.0,0.0,0.0,0.0,0.0,3.8637,0.0
2404,2001-03-19,SZSE:000768,0.125,2.7795,2.5314,0.0,0.0,4788.0391,0.0,0.0,0.0,0.0,0.0,0.0,23.3218,61.932,61.932,0.0,0.0,0,4497.6314,47.3027,27.9112,0.0,0.0,5.6421,0.0,2.6593,1,39951.0,2.2,0.0,0.0,0.0,0.0,0.0,0.0,2.6593,0.0
2405,2001-03-20,SZSE:000768,0.125,2.7705,2.5232,0.0,0.0,4772.3823,0.0,0.0,0.0,0.0,0.0,0.0,22.9439,60.3567,60.3566,0.0,0.0,0,4481.9747,47.1381,27.8141,0.0,0.0,5.6224,0.0,2.2897,1,39951.0,2.2,0.0,0.0,0.0,0.0,0.0,0.0,2.2897,0.0
2406,2001-03-21,SZSE:000768,0.125,2.7727,2.5252,0.0,0.0,4776.2978,0.0,0.0,0.0,0.0,0.0,0.0,22.9154,60.6264,60.6265,0.0,0.0,0,4485.8901,47.1793,27.8384,0.0,0.0,5.6273,0.0,2.7443,1,39951.0,2.2,0.0,0.0,0.0,0.0,0.0,0.0,2.7443,0.0
2407,2001-03-22,SZSE:000768,0.125,2.775,2.5273,0.0,0.0,4780.2098,0.0,0.0,0.0,0.0,0.0,0.0,22.7605,60.9126,60.9126,0.0,0.0,0,4489.8022,47.2204,27.8626,0.0,0.0,5.6323,0.0,4.4046,1,39951.0,2.2,0.0,0.0,0.0,0.0,0.0,0.0,4.4046,0.0
2408,2001-03-23,SZSE:000768,0.0816,2.7727,2.5252,0.0,0.0,4776.2978,0.0,0.0,0.0,0.0,0.0,0.0,22.5818,60.4395,60.4396,0.0,0.0,0,4485.8901,47.1793,27.8384,0.0,0.0,5.6273,0.0,4.9865,1,39951.0,2.2,0.0,0.0,0.0,0.0,0.0,0.0,4.9865,0.0
2409,2001-03-26,SZSE:000768,0.0816,2.7977,2.548,0.0,0.0,4819.3594,0.0,0.0,0.0,0.0,0.0,0.0,22.4949,63.7745,63.7744,0.0,0.0,0,4528.9517,47.6322,28.1056,0.0,0.0,5.6814,0.0,2.0767,1,39951.0,2.2,0.0,0.0,0.0,0.0,0.0,0.0,2.0767,0.0
2410,2001-03-27,SZSE:000768,0.0816,2.8068,2.5563,0.0,0.0,4835.0212,0.0,0.0,0.0,0.0,0.0,0.0,22.3304,64.9323,64.9324,0.0,0.0,0,4544.6136,47.7969,28.2028,0.0,0.0,5.701,0.0,2.6211,1,39951.0,2.2,0.0,0.0,0.0,0.0,0.0,0.0,2.6211,0.0
2411,2001-03-28,SZSE:000768,0.0816,2.7955,2.5459,0.0,0.0,4815.4456,0.0,0.0,0.0,0.0,0.0,0.0,22.2893,62.2539,62.2539,0.0,0.0,0,4525.038,47.591,28.0813,0.0,0.0,5.6765,0.0,2.1109,1,39951.0,2.2,0.0,0.0,0.0,0.0,0.0,0.0,2.1109,0.0
2412,2001-03-29,SZSE:000768,0.0816,2.7591,2.5128,0.0,0.0,4752.8033,0.0,0.0,0.0,0.0,0.0,0.0,22.2435,54.5058,54.5058,0.0,0.0,0,4462.3956,46.9322,27.6926,0.0,0.0,5.5979,0.0,3.5599,1,39951.0,2.2,0.0,0.0,0.0,0.0,0.0,0.0,3.5599,0.0
2413,2001-03-30,SZSE:000768,0.0738,2.7727,2.5252,0.0,0.0,4776.2978,0.0,0.0,0.0,0.0,0.0,0.0,22.0948,56.6834,56.6834,0.0,0.0,0,4485.8901,47.1793,27.8384,0.0,0.0,5.6273,0.0,2.3051,1,39951.0,2.2,0.0,0.0,0.0,0.0,0.0,0.0,2.3051,0.0
2414,2001-04-02,SZSE:000768,0.0738,2.7886,2.5397,0.0,0.0,4803.6992,0.0,0.0,0.0,0.0,0.0,0.0,22.2403,59.1398,59.1398,0.0,0.0,0,4513.2915,47.4674,28.0084,0.0,0.0,5.6617,0.0,2.7174,1,39951.0,2.2,0.0,0.0,0.0,0.0,0.0,0.0,2.7174,0.0
2415,2001-04-03,SZSE:000768,0.0738,2.7727,2.5252,0.0,0.0,4776.2978,0.0,0.0,0.0,0.0,0.0,0.0,22.2324,55.736,55.736,0.0,0.0,0,4485.8901,47.1793,27.8384,0.0,0.0,5.6273,0.0,1.8118,1,39951.0,2.2,0.0,0.0,0.0,0.0,0.0,0.0,1.8118,0.0
2416,2001-04-04,SZSE:000768,0.0738,2.7386,2.4942,0.0,0.0,4717.5709,0.0,0.0,0.0,0.0,0.0,0.0,22.351,49.2001,49.2002,0.0,0.0,0,4427.1633,46.5616,27.4739,0.0,0.0,5.5537,0.0,3.0385,1,39951.0,2.2,0.0,0.0,0.0,0.0,0.0,0.0,3.0385,0.0
2417,2001-04-05,SZSE:000768,0.0738,2.7477,2.5025,0.0,0.0,4733.2328,0.0,0.0,0.0,0.0,0.0,0.0,22.3178,50.8553,50.8552,0.0,0.0,0,4442.8251,46.7263,27.5711,0.0,0.0,5.5733,0.0,2.4096,1,39951.0,2.2,0.0,0.0,0.0,0.0,0.0,0.0,2.4096,0.0
2418,2001-04-06,SZSE:000768,0.0656,2.7477,2.5025,0.0,0.0,4733.2328,0.0,0.0,0.0,0.0,0.0,0.0,22.1423,50.8553,50.8552,0.0,0.0,0,4442.8251,46.7263,27.5711,0.0,0.0,5.5733,0.0,2.5951,1,39951.0,2.2,0.0,0.0,0.0,0.0,0.0,0.0,2.5951,0.0
2419,2001-04-09,SZSE:000768,0.0656,2.8227,2.5708,0.0,0.0,4862.4278,0.0,0.0,0.0,0.0,0.0,0.0,22.7036,62.5337,62.5336,0.0,0.0,0,4572.0201,48.0851,28.3729,0.0,0.0,5.7354,0.0,5.952,1,39951.0,2.2,0.0,0.0,0.0,0.0,0.0,0.0,5.952,0.0
2420,2001-04-10,SZSE:000768,0.0656,2.8182,2.5666,0.0,0.0,4854.5952,0.0,0.0,0.0,0.0,0.0,0.0,22.4538,61.5783,61.5782,0.0,0.0,0,4564.1875,48.0027,28.3243,0.0,0.0,5.7256,0.0,2.0878,1,39951.0,2.2,0.0,0.0,0.0,0.0,0.0,0.0,2.0878,0.0
2421,2001-04-11,SZSE:000768,0.0656,2.8182,2.5666,0.0,0.0,4854.5952,0.0,0.0,0.0,0.0,0.0,0.0,22.362,61.5783,61.5782,0.0,0.0,0,4564.1875,48.0027,28.3243,0.0,0.0,5.7256,0.0,2.7128,1,39951.0,2.2,0.0,0.0,0.0,0.0,0.0,0.0,2.7128,0.0
2422,2001-04-12,SZSE:000768,0.0656,2.825,2.5728,0.0,0.0,4866.3416,0.0,0.0,0.0,0.0,0.0,0.0,22.2688,62.5728,62.5729,0.0,0.0,0,4575.9339,48.1263,28.3972,0.0,0.0,5.7403,0.0,4.9178,1,39951.0,2.2,0.0,0.0,0.0,0.0,0.0,0.0,4.9178,0.0
2423,2001-04-13,SZSE:000768,0.1062,2.8705,2.6142,0.0,0.0,4944.6406,0.0,0.0,0.0,0.0,0.0,0.0,22.3115,68.4376,68.4376,0.0,0.0,0,4654.233,48.9498,28.8831,0.0,0.0,5.8385,0.0,8.9969,1,39951.0,2.2,0.0,0.0,0.0,0.0,0.0,0.0,8.9969,0.0
2424,2001-04-16,SZSE:000768,0.1062,2.8864,2.6287,0.0,0.0,4972.0472,0.0,0.0,0.0,0.0,0.0,0.0,21.9146,70.1979,70.1979,0.0,0.0,0,4681.6395,49.238,29.0531,0.0,0.0,5.8729,0.0,6.2117,1,39951.0,2.2,0.0,0.0,0.0,0.0,0.0,0.0,6.2117,0.0
2425,2001-04-17,SZSE:000768,0.1062,2.8568,2.6018,0.0,0.0,4921.153,0.0,0.0,0.0,0.0,0.0,0.0,21.9762,63.1539,63.1538,0.0,0.0,0,4630.7453,48.7027,28.7373,0.0,0.0,5.8091,0.0,3.7743,1,39951.0,2.2,0.0,0.0,0.0,0.0,0.0,0.0,3.7743,0.0
2426,2001-04-18,SZSE:000768,0.1062,2.8386,2.5853,0.0,0.0,4889.8309,0.0,0.0,0.0,0.0,0.0,0.0,21.9984,59.2157,59.2158,0.0,0.0,0,4599.4233,48.3733,28.5429,0.0,0.0,5.7698,0.0,3.5712,1,39951.0,2.2,0.0,0.0,0.0,0.0,0.0,0.0,3.5712,0.0
2427,2001-04-19,SZSE:000768,0.1062,2.8477,2.5935,0.0,0.0,4905.4928,0.0,0.0,0.0,0.0,0.0,0.0,21.9241,60.5407,60.5408,0.0,0.0,0,4615.0851,48.538,28.6401,0.0,0.0,5.7894,0.0,3.3866,1,39951.0,2.2,0.0,0.0,0.0,0.0,0.0,0.0,3.3866,0.0
2428,2001-04-20,SZSE:000768,0.0781,2.8159,2.5646,0.0,0.0,4850.6814,0.0,0.0,0.0,0.0,0.0,0.0,21.8672,53.9364,53.9364,0.0,0.0,0,4560.2737,47.9616,28.3,0.0,0.0,5.7207,0.0,3.6163,1,39951.0,2.2,0.0,0.0,0.0,0.0,0.0,0.0,3.6163,0.0
2429,2001-04-23,SZSE:000768,0.0781,2.8023,2.5521,0.0,0.0,4827.192,0.0,0.0,0.0,0.0,0.0,0.0,22.0616,51.3511,51.351,0.0,0.0,0,4536.7844,47.7145,28.1542,0.0,0.0,5.6912,0.0,2.4089,1,39951.0,2.2,0.0,0.0,0.0,0.0,0.0,0.0,2.4089,0.0
2430,2001-04-24,SZSE:000768,0.0781,2.8023,2.5521,0.0,0.0,4827.192,0.0,0.0,0.0,0.0,0.0,0.0,22.0616,51.3511,51.351,0.0,0.0,0,4536.7844,47.7145,28.1542,0.0,0.0,5.6912,0.0,1.2328,1,39951.0,2.2,0.0,0.0,0.0,0.0,0.0,0.0,1.2328,0.0
2431,2001-04-25,SZSE:000768,0.0781,2.7568,2.5107,0.0,0.0,4748.893,0.0,0.0,0.0,0.0,0.0,0.0,22.2956,43.3231,43.3231,0.0,0.0,0,4458.4853,46.891,27.6683,0.0,0.0,5.593,0.0,2.8782,1,39951.0,2.2,0.0,0.0,0.0,0.0,0.0,0.0,2.8782,0.0
2432,2001-04-26,SZSE:000768,0.0781,2.7,2.459,0.0,0.0,4651.0148,0.0,0.0,0.0,0.0,0.0,0.0,22.6609,35.7905,35.7905,0.0,0.0,0,4360.6072,45.8616,27.0609,0.0,0.0,5.4702,0.0,5.7661,1,39951.0,2.2,0.0,0.0,0.0,0.0,0.0,0.0,5.7661,0.0
2433,2001-04-27,SZSE:000768,0.0667,2.7182,2.4756,0.0,0.0,4682.3352,0.0,0.0,0.0,0.0,0.0,0.0,22.5296,39.4203,39.4202,0.0,0.0,0,4391.9275,46.191,27.2553,0.0,0.0,5.5095,0.0,1.8507,1,39951.0,2.2,0.0,0.0,0.0,0.0,0.0,0.0,1.8507,0.0
2434,2001-04-30,SZSE:000768,0.0667,2.725,2.4818,0.0,0.0,4694.0798,0.0,0.0,0.0,0.0,0.0,0.0,22.7146,40.7723,40.7724,0.0,0.0,0,4403.6722,46.3146,27.3281,0.0,0.0,5.5242,0.0,2.0321,1,39951.0,2.2,0.0,0.0,0.0,0.0,0.0,0.0,2.0321,0.0
2435,2001-05-01,SZSE:000768,0.0667,0.0,2.4818,0.0,0.0,4694.0798,0.0,0.0,0.0,0.0,0.0,0.0,22.8965,0.0,0.0,0.0,0.0,0,4403.6722,46.3146,27.3281,0.0,0.0,5.5242,0.0,0.0,1,39951.0,2.2,0.0,0.0,0.0,0.0,0.0,0.0,0.0,0.0
2436,2001-05-02,SZSE:000768,0.0667,0.0,2.4818,0.0,0.0,4694.0798,0.0,0.0,0.0,0.0,0.0,0.0,22.8965,0.0,0.0,0.0,0.0,0,4403.6722,46.3146,27.3281,0.0,0.0,5.5242,0.0,0.0,1,39951.0,2.2,0.0,0.0,0.0,0.0,0.0,0.0,0.0,0.0
2437,2001-05-03,SZSE:000768,0.0667,0.0,2.4818,0.0,0.0,4694.0798,0.0,0.0,0.0,0.0,0.0,0.0,22.7146,0.0,0.0,0.0,0.0,0,4403.6722,46.3146,27.3281,0.0,0.0,5.5242,0.0,0.0,1,39951.0,2.2,0.0,0.0,0.0,0.0,0.0,0.0,0.0,0.0
2438,2001-05-04,SZSE:000768,0.0688,0.0,2.4818,0.0,0.0,4694.0798,0.0,0.0,0.0,0.0,0.0,0.0,22.536,0.0,0.0,0.0,0.0,0,4403.6722,46.3146,27.3281,0.0,0.0,5.5242,0.0,0.0,1,39951.0,2.2,0.0,0.0,0.0,0.0,0.0,0.0,0.0,0.0
2439,2001-05-07,SZSE:000768,0.0688,0.0,2.4818,0.0,0.0,4694.0798,0.0,0.0,0.0,0.0,0.0,0.0,22.4648,0.0,0.0,0.0,0.0,0,4403.6722,46.3146,27.3281,0.0,0.0,5.5242,0.0,0.0,1,39951.0,2.2,0.0,0.0,0.0,0.0,0.0,0.0,0.0,0.0
2440,2001-05-08,SZSE:000768,0.0688,2.7386,2.4942,0.0,0.0,4717.5709,0.0,0.0,0.0,0.0,0.0,0.0,18.1135,43.4891,43.4892,0.0,0.0,0,4427.1633,46.5616,27.4739,0.0,0.0,5.5537,0.0,0.836,1,39951.0,2.2,0.0,0.0,0.0,0.0,0.0,0.0,0.836,0.0
2441,2001-05-09,SZSE:000768,0.0688,2.7386,2.4942,0.0,0.0,4717.5709,0.0,0.0,0.0,0.0,0.0,0.0,16.028,43.4891,43.4892,0.0,0.0,0,4427.1633,46.5616,27.4739,0.0,0.0,5.5537,0.0,0.0,1,39951.0,2.2,0.0,0.0,0.0,0.0,0.0,0.0,0.0,0.0
2442,2001-05-10,SZSE:000768,0.0688,2.7659,2.519,0.0,0.0,4764.5514,0.0,0.0,0.0,0.0,0.0,0.0,16.009,48.9233,48.9232,0.0,0.0,0,4474.1437,47.0557,27.7655,0.0,0.0,5.6126,0.0,0.9605,1,39951.0,2.2,0.0,0.0,0.0,0.0,0.0,0.0,0.9605,0.0
2443,2001-05-11,SZSE:000768,0.0286,2.7591,2.5128,0.0,0.0,4752.8033,0.0,0.0,0.0,0.0,0.0,0.0,15.8952,47.6883,47.6883,0.0,0.0,0,4462.3956,46.9322,27.6926,0.0,0.0,5.5979,0.0,1.1542,1,39951.0,2.2,0.0,0.0,0.0,0.0,0.0,0.0,1.1542,0.0
2444,2001-05-14,SZSE:000768,0.0286,2.7841,2.5356,0.0,0.0,4795.87,0.0,0.0,0.0,0.0,0.0,0.0,16.0912,52.4289,52.4289,0.0,0.0,0,4505.4623,47.3851,27.9598,0.0,0.0,5.6519,0.0,2.1894,1,39951.0,2.2,0.0,0.0,0.0,0.0,0.0,0.0,2.1894,0.0
2445,2001-05-15,SZSE:000768,0.0286,2.8159,2.5646,0.0,0.0,4850.6814,0.0,0.0,0.0,0.0,0.0,0.0,15.9126,57.6848,57.6848,0.0,0.0,0,4560.2737,47.9616,28.3,0.0,0.0,5.7207,0.0,2.8633,1,39951.0,2.2,0.0,0.0,0.0,0.0,0.0,0.0,2.8633,0.0
2446,2001-05-16,SZSE:000768,0.0286,2.7955,2.5459,0.0,0.0,4815.4456,0.0,0.0,0.0,0.0,0.0,0.0,15.9521,53.586,53.5861,0.0,0.0,0,4525.038,47.591,28.0813,0.0,0.0,5.6765,0.0,2.0098,1,39951.0,2.2,0.0,0.0,0.0,0.0,0.0,0.0,2.0098,0.0
2447,2001-05-17,SZSE:000768,0.0286,2.7727,2.5252,0.0,0.0,4776.2978,0.0,0.0,0.0,0.0,0.0,0.0,15.9331,49.3873,49.3874,0.0,0.0,0,4485.8901,47.1793,27.8384,0.0,0.0,5.6273,0.0,2.4902,1,39951.0,2.2,0.0,0.0,0.0,0.0,0.0,0.0,2.4902,0.0
2448,2001-05-18,SZSE:000768,0.0383,2.7955,2.5459,0.0,0.0,4815.4456,0.0,0.0,0.0,0.0,0.0,0.0,15.8699,53.3258,53.3258,0.0,0.0,0,4525.038,47.591,28.0813,0.0,0.0,5.6765,0.0,2.3075,1,39951.0,2.2,0.0,0.0,0.0,0.0,0.0,0.0,2.3075,0.0
2449,2001-05-21,SZSE:000768,0.0383,2.8091,2.5584,0.0,0.0,4838.935,0.0,0.0,0.0,0.0,0.0,0.0,15.0872,55.5603,55.5604,0.0,0.0,0,4548.5273,47.838,28.2271,0.0,0.0,5.7059,0.0,3.3267,1,39951.0,2.2,0.0,0.0,0.0,0.0,0.0,0.0,3.3267,0.0
2450,2001-05-22,SZSE:000768,0.0383,2.7909,2.5418,0.0,0.0,4807.6164,0.0,0.0,0.0,0.0,0.0,0.0,15.1631,51.9866,51.9867,0.0,0.0,0,4517.2087,47.5086,28.0327,0.0,0.0,5.6666,0.0,2.0876,1,39951.0,2.2,0.0,0.0,0.0,0.0,0.0,0.0,2.0876,0.0
2451,2001-05-23,SZSE:000768,0.0383,2.7614,2.5149,0.0,0.0,4756.7222,0.0,0.0,0.0,0.0,0.0,0.0,15.288,46.7269,46.7269,0.0,0.0,0,4466.3145,46.9734,27.7169,0.0,0.0,5.6028,0.0,2.4698,1,39951.0,2.2,0.0,0.0,0.0,0.0,0.0,0.0,2.4698,0.0
2452,2001-05-24,SZSE:000768,0.0383,2.7477,2.5025,0.0,0.0,4733.2328,0.0,0.0,0.0,0.0,0.0,0.0,15.2121,44.4896,44.4895,0.0,0.0,0,4442.8251,46.7263,27.5711,0.0,0.0,5.5733,0.0,2.2276,1,39951.0,2.2,0.0,0.0,0.0,0.0,0.0,0.0,2.2276,0.0
2453,2001-05-25,SZSE:000768,0.0616,2.7636,2.517,0.0,0.0,4760.6359,0.0,0.0,0.0,0.0,0.0,0.0,15.122,47.6393,47.6393,0.0,0.0,0,4470.2283,47.0145,27.7412,0.0,0.0,5.6077,0.0,1.9938,1,39951.0,2.2,0.0,0.0,0.0,0.0,0.0,0.0,1.9938,0.0
2454,2001-05-28,SZSE:000768,0.0616,2.6727,2.4749,0.0,0.0,4604.0378,0.0,0.0,0.0,0.0,0.0,0.0,15.7766,35.3094,40.4575,0.0,0.0,0,4313.6301,45.3676,26.7694,0.0,0.0,5.4113,0.0,3.4568,1,39951.0,2.2,0.0,0.0,0.0,0.0,0.0,0.0,3.4568,0.045
2455,2001-05-29,SZSE:000768,0.0616,2.7023,2.5022,0.0,0.0,4654.9286,0.0,0.0,0.0,0.0,0.0,0.0,15.7972,40.6824,46.1409,0.0,0.0,0,4364.5209,45.9028,27.0852,0.0,0.0,5.4751,0.0,1.2434,1,39951.0,2.2,0.0,0.0,0.0,0.0,0.0,0.0,1.2434,0.0
2456,2001-05-30,SZSE:000768,0.0616,2.7159,2.5149,0.0,0.0,4678.4214,0.0,0.0,0.0,0.0,0.0,0.0,15.6991,43.0345,48.5808,0.0,0.0,0,4388.0137,46.1499,27.231,0.0,0.0,5.5046,0.0,1.5075,1,39951.0,2.2,0.0,0.0,0.0,0.0,0.0,0.0,1.5075,0.0
2457,2001-05-31,SZSE:000768,0.0616,2.7023,2.5022,0.0,0.0,4654.9286,0.0,0.0,0.0,0.0,0.0,0.0,15.6137,41.272,46.3209,0.0,0.0,0,4364.5209,45.9028,27.0852,0.0,0.0,5.4751,0.0,2.0143,1,39951.0,2.2,0.0,0.0,0.0,0.0,0.0,0.0,2.0143,0.0
2458,2001-06-01,SZSE:000768,0.1374,2.725,2.5233,0.0,0.0,4694.0798,0.0,0.0,0.0,0.0,0.0,0.0,15.6817,45.2931,50.457,0.0,0.0,0,4403.6722,46.3146,27.3281,0.0,0.0,5.5242,0.0,3.2547,1,39951.0,2.2,0.0,0.0,0.0,0.0,0.0,0.0,3.2547,0.0
2459,2001-06-04,SZSE:000768,0.1374,2.7045,2.5043,0.0,0.0,4658.8441,0.0,0.0,0.0,0.0,0.0,0.0,15.5916,42.4744,46.9506,0.0,0.0,0,4368.4364,45.944,27.1095,0.0,0.0,5.48,0.0,3.2149,1,39951.0,2.2,0.0,0.0,0.0,0.0,0.0,0.0,3.2149,0.0
2460,2001-06-05,SZSE:000768,0.1374,2.7318,2.5296,0.0,0.0,4705.8262,0.0,0.0,0.0,0.0,0.0,0.0,15.5679,47.1933,51.7639,0.0,0.0,0,4415.4186,46.4381,27.401,0.0,0.0,5.5389,0.0,2.1958,1,39951.0,2.2,0.0,0.0,0.0,0.0,0.0,0.0,2.1958,0.0
2461,2001-06-06,SZSE:000768,0.1374,2.7318,2.5296,0.0,0.0,4705.8262,0.0,0.0,0.0,0.0,0.0,0.0,15.5284,47.1933,51.7639,0.0,0.0,0,4415.4186,46.4381,27.401,0.0,0.0,5.5389,0.0,1.7929,1,39951.0,2.2,0.0,0.0,0.0,0.0,0.0,0.0,1.7929,0.0
2462,2001-06-07,SZSE:000768,0.1374,2.7409,2.538,0.0,0.0,4721.4864,0.0,0.0,0.0,0.0,0.0,0.0,15.3971,48.8164,53.3985,0.0,0.0,0,4431.0787,46.6028,27.4982,0.0,0.0,5.5586,0.0,2.1013,1,39951.0,2.2,0.0,0.0,0.0,0.0,0.0,0.0,2.1013,0.0
2463,2001-06-08,SZSE:000768,0.1405,2.7227,2.5212,0.0,0.0,4690.1644,0.0,0.0,0.0,0.0,0.0,0.0,15.3355,45.7852,49.766,0.0,0.0,0,4399.7567,46.2734,27.3038,0.0,0.0,5.5193,0.0,1.575,1,39951.0,2.2,0.0,0.0,0.0,0.0,0.0,0.0,1.575,0.0
2464,2001-06-11,SZSE:000768,0.1405,2.6955,2.4959,0.0,0.0,4643.1873,0.0,0.0,0.0,0.0,0.0,0.0,15.4224,41.6118,44.8395,0.0,0.0,0,4352.7797,45.7793,27.0123,0.0,0.0,5.4604,0.0,2.0877,1,39951.0,2.2,0.0,0.0,0.0,0.0,0.0,0.0,2.0877,0.0
2465,2001-06-12,SZSE:000768,0.1405,2.7023,2.5022,0.0,0.0,4654.9286,0.0,0.0,0.0,0.0,0.0,0.0,15.4082,43.01,46.2712,0.0,0.0,0,4364.5209,45.9028,27.0852,0.0,0.0,5.4751,0.0,1.7085,1,39951.0,2.2,0.0,0.0,0.0,0.0,0.0,0.0,1.7085,0.0
2466,2001-06-13,SZSE:000768,0.1405,2.7318,2.5296,0.0,0.0,4705.8262,0.0,0.0,0.0,0.0,0.0,0.0,15.424,48.7405,52.0776,0.0,0.0,0,4415.4186,46.4381,27.401,0.0,0.0,5.5389,0.0,3.3883,1,39951.0,2.2,0.0,0.0,0.0,0.0,0.0,0.0,3.3883,0.0
2467,2001-06-14,SZSE:000768,0.1405,2.6841,2.4854,0.0,0.0,4623.6083,0.0,0.0,0.0,0.0,0.0,0.0,15.8035,41.484,43.8364,0.0,0.0,0,4333.2006,45.5734,26.8908,0.0,0.0,5.4358,0.0,2.5805,1,39951.0,2.2,0.0,0.0,0.0,0.0,0.0,0.0,2.5805,0.0
2468,2001-06-15,SZSE:000768,0.146,2.6864,2.4875,0.0,0.0,4627.5272,0.0,0.0,0.0,0.0,0.0,0.0,15.8035,41.9278,44.2888,0.0,0.0,0,4337.1195,45.6146,26.9151,0.0,0.0,5.4407,0.0,1.9951,1,39951.0,2.2,0.0,0.0,0.0,0.0,0.0,0.0,1.9951,0.0
2469,2001-06-18,SZSE:000768,0.146,2.6364,2.4412,0.0,0.0,4541.3955,0.0,0.0,0.0,0.0,0.0,0.0,14.9465,35.5467,37.1951,0.0,0.0,0,4250.9878,44.7087,26.3806,0.0,0.0,5.3327,0.0,5.2503,1,39951.0,2.2,0.0,0.0,0.0,0.0,0.0,0.0,5.2503,0.0
2470,2001-06-19,SZSE:000768,0.146,2.6273,2.4328,0.0,0.0,4525.7336,0.0,0.0,0.0,0.0,0.0,0.0,14.9544,34.518,36.0639,0.0,0.0,0,4235.3259,44.544,26.2834,0.0,0.0,5.313,0.0,1.6713,1,39951.0,2.2,0.0,0.0,0.0,0.0,0.0,0.0,1.6713,0.0
2471,2001-06-20,SZSE:000768,0.146,2.6273,2.4328,0.0,0.0,4525.7336,0.0,0.0,0.0,0.0,0.0,0.0,14.9465,34.518,36.0639,0.0,0.0,0,4235.3259,44.544,26.2834,0.0,0.0,5.313,0.0,1.1949,1,39951.0,2.2,0.0,0.0,0.0,0.0,0.0,0.0,1.1949,0.0
2472,2001-06-21,SZSE:000768,0.146,2.6364,2.4412,0.0,0.0,4541.3955,0.0,0.0,0.0,0.0,0.0,0.0,14.9671,36.6444,38.2421,0.0,0.0,0,4250.9878,44.7087,26.3806,0.0,0.0,5.3327,0.0,1.6074,1,39951.0,2.2,0.0,0.0,0.0,0.0,0.0,0.0,1.6074,0.0
2473,2001-06-22,SZSE:000768,0.1472,2.65,2.4538,0.0,0.0,4564.8848,0.0,0.0,0.0,0.0,0.0,0.0,15.0082,39.8019,41.4631,0.0,0.0,0,4274.4772,44.9558,26.5264,0.0,0.0,5.3621,0.0,1.8225,1,39951.0,2.2,0.0,0.0,0.0,0.0,0.0,0.0,1.8225,0.0
2474,2001-06-25,SZSE:000768,0.1472,2.6682,2.4707,0.0,0.0,4596.2052,0.0,0.0,0.0,0.0,0.0,0.0,15.0793,43.8221,45.5416,0.0,0.0,0,4305.7975,45.2852,26.7208,0.0,0.0,5.4014,0.0,1.942,1,39951.0,2.2,0.0,0.0,0.0,0.0,0.0,0.0,1.942,0.0
2475,2001-06-26,SZSE:000768,0.1472,2.7591,2.5548,0.0,0.0,4752.8033,0.0,0.0,0.0,0.0,0.0,0.0,16.3774,58.6805,60.3987,0.0,0.0,0,4462.3956,46.9322,27.6926,0.0,0.0,5.5979,0.0,7.0304,1,39951.0,2.2,0.0,0.0,0.0,0.0,0.0,0.0,7.0304,0.0
2476,2001-06-27,SZSE:000768,0.1472,2.7159,2.5149,0.0,0.0,4678.4214,0.0,0.0,0.0,0.0,0.0,0.0,16.6399,51.6876,53.0023,0.0,0.0,0,4388.0137,46.1499,27.231,0.0,0.0,5.5046,0.0,2.4908,1,39951.0,2.2,0.0,0.0,0.0,0.0,0.0,0.0,2.4908,0.0
2477,2001-06-28,SZSE:000768,0.1472,2.6886,2.4896,0.0,0.0,4631.4409,0.0,0.0,0.0,0.0,0.0,0.0,16.73,47.812,48.9267,0.0,0.0,0,4341.0333,45.6558,26.9394,0.0,0.0,5.4456,0.0,2.0284,1,39951.0,2.2,0.0,0.0,0.0,0.0,0.0,0.0,2.0284,0.0
2478,2001-06-29,SZSE:000768,0.1593,2.6932,2.4938,0.0,0.0,4639.2684,0.0,0.0,0.0,0.0,0.0,0.0,16.5514,48.5048,49.6219,0.0,0.0,0,4348.8608,45.7381,26.988,0.0,0.0,5.4555,0.0,1.1324,1,39951.0,2.2,0.0,0.0,0.0,0.0,0.0,0.0,1.1324,0.0
2479,2001-07-02,SZSE:000768,0.1593,2.6818,2.4833,0.0,0.0,4619.698,0.0,0.0,0.0,0.0,0.0,0.0,16.6178,46.8309,47.8678,0.0,0.0,0,4329.2903,45.5323,26.8665,0.0,0.0,5.4309,0.0,1.1799,1,39951.0,2.2,0.0,0.0,0.0,0.0,0.0,0.0,1.1799,0.0
2480,2001-07-03,SZSE:000768,0.1593,2.6955,2.4959,0.0,0.0,4643.1873,0.0,0.0,0.0,0.0,0.0,0.0,16.6225,49.1013,50.1456,0.0,0.0,0,4352.7797,45.7793,27.0123,0.0,0.0,5.4604,0.0,1.3961,1,39951.0,2.2,0.0,0.0,0.0,0.0,0.0,0.0,1.3961,0.0
2481,2001-07-04,SZSE:000768,0.1593,2.6932,2.4938,0.0,0.0,4639.2684,0.0,0.0,0.0,0.0,0.0,0.0,16.4517,48.7275,49.7551,0.0,0.0,0,4348.8608,45.7381,26.988,0.0,0.0,5.4555,0.0,1.0088,1,39951.0,2.2,0.0,0.0,0.0,0.0,0.0,0.0,1.0088,0.0
2482,2001-07-05,SZSE:000768,0.1593,2.7023,2.5022,0.0,0.0,4654.9286,0.0,0.0,0.0,0.0,0.0,0.0,16.4517,50.3542,51.3847,0.0,0.0,0,4364.5209,45.9028,27.0852,0.0,0.0,5.4751,0.0,0.9851,1,39951.0,2.2,0.0,0.0,0.0,0.0,0.0,0.0,0.9851,0.0
2483,2001-07-06,SZSE:000768,0.1617,2.6818,2.4833,0.0,0.0,4619.698,0.0,0.0,0.0,0.0,0.0,0.0,16.515,46.76,47.6411,0.0,0.0,0,4329.2903,45.5323,26.8665,0.0,0.0,5.4309,0.0,0.7676,1,39951.0,2.2,0.0,0.0,0.0,0.0,0.0,0.0,0.7676,0.0
2484,2001-07-09,SZSE:000768,0.1617,2.6886,2.4896,0.0,0.0,4631.4409,0.0,0.0,0.0,0.0,0.0,0.0,15.6074,48.09,48.9754,0.0,0.0,0,4341.0333,45.6558,26.9394,0.0,0.0,5.4456,0.0,0.9225,1,39951.0,2.2,0.0,0.0,0.0,0.0,0.0,0.0,0.9225,0.0
2485,2001-07-10,SZSE:000768,0.1617,2.7227,2.5212,0.0,0.0,4690.1644,0.0,0.0,0.0,0.0,0.0,0.0,15.824,54.2456,55.1331,0.0,0.0,0,4399.7567,46.2734,27.3038,0.0,0.0,5.5193,0.0,1.9219,1,39951.0,2.2,0.0,0.0,0.0,0.0,0.0,0.0,1.9219,0.0
2486,2001-07-11,SZSE:000768,0.1617,2.6977,2.498,0.0,0.0,4647.1028,0.0,0.0,0.0,0.0,0.0,0.0,15.9157,49.6008,50.336,0.0,0.0,0,4356.6951,45.8205,27.0366,0.0,0.0,5.4653,0.0,0.9689,1,39951.0,2.2,0.0,0.0,0.0,0.0,0.0,0.0,0.9689,0.0
2487,2001-07-12,SZSE:000768,0.1617,2.7068,2.5064,0.0,0.0,4662.763,0.0,0.0,0.0,0.0,0.0,0.0,15.9236,51.2361,51.9727,0.0,0.0,0,4372.3553,45.9852,27.1338,0.0,0.0,5.4849,0.0,0.9959,1,39951.0,2.2,0.0,0.0,0.0,0.0,0.0,0.0,0.9959,0.0
2488,2001-07-13,SZSE:000768,0.1566,2.7205,2.5191,0.0,0.0,4686.2506,0.0,0.0,0.0,0.0,0.0,0.0,15.6201,53.6645,54.3998,0.0,0.0,0,4395.843,46.2322,27.2796,0.0,0.0,5.5144,0.0,2.6905,1,39951.0,2.2,0.0,0.0,0.0,0.0,0.0,0.0,2.6905,0.0
2489,2001-07-16,SZSE:000768,0.1566,2.6727,2.4749,0.0,0.0,4604.0378,0.0,0.0,0.0,0.0,0.0,0.0,15.9126,45.1829,45.6949,0.0,0.0,0,4313.6301,45.3676,26.7694,0.0,0.0,5.4113,0.0,2.6525,1,39951.0,2.2,0.0,0.0,0.0,0.0,0.0,0.0,2.6525,0.0
2490,2001-07-17,SZSE:000768,0.1566,2.6568,2.4601,0.0,0.0,4576.6312,0.0,0.0,0.0,0.0,0.0,0.0,15.8383,42.7568,43.2123,0.0,0.0,0,4286.2236,45.0793,26.5993,0.0,0.0,5.3769,0.0,1.6107,1,39951.0,2.2,0.0,0.0,0.0,0.0,0.0,0.0,1.6107,0.0
2491,2001-07-18,SZSE:000768,0.1566,2.6568,2.4601,0.0,0.0,4576.6312,0.0,0.0,0.0,0.0,0.0,0.0,15.8035,42.7568,43.2123,0.0,0.0,0,4286.2236,45.0793,26.5993,0.0,0.0,5.3769,0.0,1.6322,1,39951.0,2.2,0.0,0.0,0.0,0.0,0.0,0.0,1.6322,0.0
2492,2001-07-19,SZSE:000768,0.1566,2.6545,2.458,0.0,0.0,4572.7158,0.0,0.0,0.0,0.0,0.0,0.0,15.7813,42.3798,42.8269,0.0,0.0,0,4282.3081,45.0381,26.575,0.0,0.0,5.372,0.0,0.5904,1,39951.0,2.2,0.0,0.0,0.0,0.0,0.0,0.0,0.5904,0.0
2493,2001-07-20,SZSE:000768,0.1838,2.6864,2.4875,0.0,0.0,4627.5272,0.0,0.0,0.0,0.0,0.0,0.0,15.8525,49.1409,49.6046,0.0,0.0,0,4337.1195,45.6146,26.9151,0.0,0.0,5.4407,0.0,0.9027,1,39951.0,2.2,0.0,0.0,0.0,0.0,0.0,0.0,0.9027,0.0
2494,2001-07-23,SZSE:000768,0.1838,2.6932,2.4938,0.0,0.0,4639.2684,0.0,0.0,0.0,0.0,0.0,0.0,15.8446,50.4813,50.9462,0.0,0.0,0,4348.8608,45.7381,26.988,0.0,0.0,5.4555,0.0,1.1744,1,39951.0,2.2,0.0,0.0,0.0,0.0,0.0,0.0,1.1744,0.0
2495,2001-07-24,SZSE:000768,0.1838,2.6477,2.4517,0.0,0.0,4560.9694,0.0,0.0,0.0,0.0,0.0,0.0,16.1671,42.4471,42.7697,0.0,0.0,0,4270.5617,44.9146,26.5021,0.0,0.0,5.3572,0.0,1.3482,1,39951.0,2.2,0.0,0.0,0.0,0.0,0.0,0.0,1.3482,0.0
2496,2001-07-25,SZSE:000768,0.1838,2.6364,2.4412,0.0,0.0,4541.3955,0.0,0.0,0.0,0.0,0.0,0.0,15.8857,40.7031,40.9982,0.0,0.0,0,4250.9878,44.7087,26.3806,0.0,0.0,5.3327,0.0,1.3576,1,39951.0,2.2,0.0,0.0,0.0,0.0,0.0,0.0,1.3576,0.0
2497,2001-07-26,SZSE:000768,0.1838,2.5909,2.3991,0.0,0.0,4463.0964,0.0,0.0,0.0,0.0,0.0,0.0,15.7292,34.5822,34.7907,0.0,0.0,0,4172.6887,43.8852,25.8947,0.0,0.0,5.2345,0.0,1.703,1,39951.0,2.2,0.0,0.0,0.0,0.0,0.0,0.0,1.703,0.0
2498,2001-07-27,SZSE:000768,0.1355,2.3568,2.1823,0.0,0.0,4059.8512,0.0,0.0,0.0,0.0,0.0,0.0,24.1819,18.8558,18.9106,0.0,0.0,0,3769.4436,39.6442,23.3923,0.0,0.0,4.7286,0.0,5.9149,1,39951.0,2.2,0.0,0.0,0.0,0.0,0.0,0.0,5.9149,0.0
2499,2001-07-30,SZSE:000768,0.1355,2.2659,2.0982,0.0,0.0,3903.2514,0.0,0.0,0.0,0.0,0.0,0.0,25.2334,15.8427,15.8793,0.0,0.0,0,3612.8437,37.9972,22.4204,0.0,0.0,4.5322,0.0,4.9523,1,39951.0,2.2,0.0,0.0,0.0,0.0,0.0,0.0,4.9523,0.0
2500,2001-07-31,SZSE:000768,0.1355,2.1318,1.974,0.0,0.0,3672.2662,0.0,0.0,0.0,0.0,0.0,0.0,27.4786,12.6354,12.6566,0.0,0.0,0,3381.8586,35.5679,20.987,0.0,0.0,4.2424,0.0,4.5026,1,39951.0,2.2,0.0,0.0,0.0,0.0,0.0,0.0,4.5026,0.0
2501,2001-08-01,SZSE:000768,0.1355,2.2386,2.0729,0.0,0.0,3856.2709,0.0,0.0,0.0,0.0,0.0,0.0,29.3191,25.5632,25.6087,0.0,0.0,0,3565.8633,37.5031,22.1289,0.0,0.0,4.4732,0.0,4.189,1,39951.0,2.2,0.0,0.0,0.0,0.0,0.0,0.0,4.189,0.0
2502,2001-08-02,SZSE:000768,0.1355,2.1841,2.0224,0.0,0.0,3762.31,0.0,0.0,0.0,0.0,0.0,0.0,29.6147,23.6395,23.6778,0.0,0.0,0,3471.9023,36.5149,21.5458,0.0,0.0,4.3553,0.0,2.4876,1,39951.0,2.2,0.0,0.0,0.0,0.0,0.0,0.0,2.4876,0.0
2503,2001-08-03,SZSE:000768,0.0771,2.1727,2.0119,0.0,0.0,3742.7344,0.0,0.0,0.0,0.0,0.0,0.0,29.6084,23.247,23.2839,0.0,0.0,0,3452.3267,36.309,21.4243,0.0,0.0,4.3308,0.0,2.1125,1,39951.0,2.2,0.0,0.0,0.0,0.0,0.0,0.0,2.1125,0.0
2504,2001-08-06,SZSE:000768,0.0771,2.0909,1.9361,0.0,0.0,3601.7947,0.0,0.0,0.0,0.0,0.0,0.0,30.3705,20.5956,20.6238,0.0,0.0,0,3637.3396,57.9502,30.4289,0.0,0.0,4.3317,0.0,2.0707,1,39951.0,2.2,0.0,0.0,0.0,0.0,0.0,0.0,2.0707,0.0
2505,2001-08-07,SZSE:000768,0.0771,2.1136,1.9572,0.0,0.0,3640.9442,0.0,0.0,0.0,0.0,0.0,0.0,30.4986,23.2154,23.2469,0.0,0.0,0,3676.4891,58.5739,30.7564,0.0,0.0,4.3783,0.0,2.0359,1,39951.0,2.2,0.0,0.0,0.0,0.0,0.0,0.0,2.0359,0.0
2506,2001-08-08,SZSE:000768,0.0771,2.1068,1.9509,0.0,0.0,3629.2012,0.0,0.0,0.0,0.0,0.0,0.0,30.448,22.9706,23.0013,0.0,0.0,0,3664.7461,58.3868,30.6581,0.0,0.0,4.3643,0.0,1.0059,1,39951.0,2.2,0.0,0.0,0.0,0.0,0.0,0.0,1.0059,0.0
2507,2001-08-09,SZSE:000768,0.0771,2.1455,1.9866,0.0,0.0,3695.7556,0.0,0.0,0.0,0.0,0.0,0.0,30.7437,27.6286,27.6645,0.0,0.0,0,3731.3005,59.4472,31.2149,0.0,0.0,4.4436,0.0,1.2947,1,39951.0,2.2,0.0,0.0,0.0,0.0,0.0,0.0,1.2947,0.0
2508,2001-08-10,SZSE:000768,0.0682,2.1932,2.0308,0.0,0.0,3777.9702,0.0,0.0,0.0,0.0,0.0,0.0,31.0378,33.017,33.058,0.0,0.0,0,3813.515,60.757,31.9027,0.0,0.0,4.5415,0.0,2.3404,1,39951.0,2.2,0.0,0.0,0.0,0.0,0.0,0.0,2.3404,0.0
2509,2001-08-13,SZSE:000768,0.0682,2.1932,2.0308,0.0,0.0,3777.9702,0.0,0.0,0.0,0.0,0.0,0.0,31.0441,33.017,33.058,0.0,0.0,0,3813.515,60.757,31.9027,0.0,0.0,4.5415,0.0,1.6974,1,39951.0,2.2,0.0,0.0,0.0,0.0,0.0,0.0,1.6974,0.0
2510,2001-08-14,SZSE:000768,0.0682,2.1659,2.0056,0.0,0.0,3730.9897,0.0,0.0,0.0,0.0,0.0,0.0,30.9935,31.4644,31.5014,0.0,0.0,0,3766.5346,60.0085,31.5097,0.0,0.0,4.4855,0.0,1.5116,1,39951.0,2.2,0.0,0.0,0.0,0.0,0.0,0.0,1.5116,0.0
2511,2001-08-15,SZSE:000768,0.0682,2.1773,2.0161,0.0,0.0,3750.5636,0.0,0.0,0.0,0.0,0.0,0.0,30.9018,32.8806,32.9187,0.0,0.0,0,3786.1085,60.3204,31.6734,0.0,0.0,4.5089,0.0,0.8059,1,39951.0,2.2,0.0,0.0,0.0,0.0,0.0,0.0,0.8059,0.0
2512,2001-08-16,SZSE:000768,0.0682,2.1477,1.9887,0.0,0.0,3699.6728,0.0,0.0,0.0,0.0,0.0,0.0,30.954,31.0823,31.1161,0.0,0.0,0,3735.2177,59.5096,31.2477,0.0,0.0,4.4483,0.0,1.0366,1,39951.0,2.2,0.0,0.0,0.0,0.0,0.0,0.0,1.0366,0.0
2513,2001-08-17,SZSE:000768,0.0569,2.1432,1.9845,0.0,0.0,3691.8402,0.0,0.0,0.0,0.0,0.0,0.0,30.9445,30.8031,30.8362,0.0,0.0,0,3727.385,59.3848,31.1821,0.0,0.0,4.4389,0.0,0.9218,1,39951.0,2.2,0.0,0.0,0.0,0.0,0.0,0.0,0.9218,0.0
2514,2001-08-20,SZSE:000768,0.0569,2.1386,1.9803,0.0,0.0,3684.0109,0.0,0.0,0.0,0.0,0.0,0.0,30.8543,30.508,30.5405,0.0,0.0,0,3719.5558,59.26,31.1166,0.0,0.0,4.4296,0.0,0.5801,1,39951.0,2.2,0.0,0.0,0.0,0.0,0.0,0.0,0.5801,0.0
2515,2001-08-21,SZSE:000768,0.0569,2.1568,1.9972,0.0,0.0,3715.333,0.0,0.0,0.0,0.0,0.0,0.0,30.9034,33.262,33.2964,0.0,0.0,0,3750.8779,59.7591,31.3787,0.0,0.0,4.4669,0.0,0.4907,1,39951.0,2.2,0.0,0.0,0.0,0.0,0.0,0.0,0.4907,0.0
2516,2001-08-22,SZSE:000768,0.0569,2.1091,1.953,0.0,0.0,3633.115,0.0,0.0,0.0,0.0,0.0,0.0,31.1057,29.9111,29.9385,0.0,0.0,0,3668.6599,58.4492,30.6909,0.0,0.0,4.369,0.0,1.3779,1,39951.0,2.2,0.0,0.0,0.0,0.0,0.0,0.0,1.3779,0.0
2517,2001-08-23,SZSE:000768,0.0569,2.1205,1.9635,0.0,0.0,3652.6906,0.0,0.0,0.0,0.0,0.0,0.0,31.1358,31.676,31.7045,0.0,0.0,0,3688.2355,58.7611,30.8546,0.0,0.0,4.3923,0.0,0.8449,1,39951.0,2.2,0.0,0.0,0.0,0.0,0.0,0.0,0.8449,0.0
2518,2001-08-24,SZSE:000768,0.0566,2.1068,1.9509,0.0,0.0,3629.2012,0.0,0.0,0.0,0.0,0.0,0.0,31.1389,30.6778,30.7045,0.0,0.0,0,3664.7461,58.3868,30.6581,0.0,0.0,4.3643,0.0,0.5461,1,39951.0,2.2,0.0,0.0,0.0,0.0,0.0,0.0,0.5461,0.0
2519,2001-08-27,SZSE:000768,0.0566,2.0341,1.8835,0.0,0.0,3503.92,0.0,0.0,0.0,0.0,0.0,0.0,31.6576,25.976,25.9945,0.0,0.0,0,3539.4649,56.3908,29.6101,0.0,0.0,4.2151,0.0,1.8625,1,39951.0,2.2,0.0,0.0,0.0,0.0,0.0,0.0,1.8625,0.0
2520,2001-08-28,SZSE:000768,0.0566,2.0386,1.8877,0.0,0.0,3511.7492,0.0,0.0,0.0,0.0,0.0,0.0,31.1658,26.7317,26.7506,0.0,0.0,0,3547.2941,56.5156,29.6756,0.0,0.0,4.2245,0.0,1.4461,1,39951.0,2.2,0.0,0.0,0.0,0.0,0.0,0.0,1.4461,0.0
2521,2001-08-29,SZSE:000768,0.0566,2.0455,1.894,0.0,0.0,3523.4956,0.0,0.0,0.0,0.0,0.0,0.0,31.0583,27.9207,27.9405,0.0,0.0,0,3559.0405,56.7027,29.7738,0.0,0.0,4.2384,0.0,1.3469,1,39951.0,2.2,0.0,0.0,0.0,0.0,0.0,0.0,1.3469,0.0
2522,2001-08-30,SZSE:000768,0.0566,2.0341,1.8835,0.0,0.0,3503.92,0.0,0.0,0.0,0.0,0.0,0.0,31.0061,27.1305,27.1491,0.0,0.0,0,3539.4649,56.3908,29.6101,0.0,0.0,4.2151,0.0,0.5293,1,39951.0,2.2,0.0,0.0,0.0,0.0,0.0,0.0,0.5293,0.0
2523,2001-08-31,SZSE:000768,0.052,2.0205,1.8709,0.0,0.0,3480.4323,0.0,0.0,0.0,0.0,0.0,0.0,31.0093,26.1734,26.1905,0.0,0.0,0,3515.9772,56.0166,29.4136,0.0,0.0,4.1872,0.0,0.7436,1,39951.0,2.2,0.0,0.0,0.0,0.0,0.0,0.0,0.7436,0.0
2524,2001-09-03,SZSE:000768,0.052,2.0023,1.854,0.0,0.0,3449.112,0.0,0.0,0.0,0.0,0.0,0.0,30.9176,24.9114,24.9267,0.0,0.0,0,3484.6569,55.5176,29.1516,0.0,0.0,4.1499,0.0,0.6984,1,39951.0,2.2,0.0,0.0,0.0,0.0,0.0,0.0,0.6984,0.0
2525,2001-09-04,SZSE:000768,0.052,2.0477,1.8961,0.0,0.0,3527.4094,0.0,0.0,0.0,0.0,0.0,0.0,31.3587,33.5389,33.5581,0.0,0.0,0,3562.9543,56.7651,29.8066,0.0,0.0,4.2431,0.0,0.9592,1,39951.0,2.2,0.0,0.0,0.0,0.0,0.0,0.0,0.9592,0.0
2526,2001-09-05,SZSE:000768,0.052,2.0659,1.913,0.0,0.0,3558.7314,0.0,0.0,0.0,0.0,0.0,0.0,31.3382,36.6736,36.6938,0.0,0.0,0,3594.2763,57.2641,30.0686,0.0,0.0,4.2804,0.0,0.9592,1,39951.0,2.2,0.0,0.0,0.0,0.0,0.0,0.0,0.9592,0.0
2527,2001-09-06,SZSE:000768,0.052,2.0705,1.9172,0.0,0.0,3566.5606,0.0,0.0,0.0,0.0,0.0,0.0,31.3524,37.4675,37.4881,0.0,0.0,0,3602.1055,57.3888,30.1341,0.0,0.0,4.2897,0.0,0.6556,1,39951.0,2.2,0.0,0.0,0.0,0.0,0.0,0.0,0.6556,0.0
2528,2001-09-07,SZSE:000768,0.0465,2.0205,1.8709,0.0,0.0,3480.4323,0.0,0.0,0.0,0.0,0.0,0.0,31.5611,32.6222,32.6375,0.0,0.0,0,3515.9772,56.0166,29.4136,0.0,0.0,4.1872,0.0,1.0074,1,39951.0,2.2,0.0,0.0,0.0,0.0,0.0,0.0,1.0074,0.0
2529,2001-09-10,SZSE:000768,0.0465,2.05,1.8982,0.0,0.0,3531.3248,0.0,0.0,0.0,0.0,0.0,0.0,31.7777,37.7453,37.7619,0.0,0.0,0,3566.8697,56.8275,29.8393,0.0,0.0,4.2478,0.0,0.8304,1,39951.0,2.2,0.0,0.0,0.0,0.0,0.0,0.0,0.8304,0.0
2530,2001-09-11,SZSE:000768,0.0465,2.0727,1.9193,0.0,0.0,3570.4778,0.0,0.0,0.0,0.0,0.0,0.0,31.8947,41.4346,41.4519,0.0,0.0,0,3606.0227,57.4512,30.1669,0.0,0.0,4.2944,0.0,1.5888,1,39951.0,2.2,0.0,0.0,0.0,0.0,0.0,0.0,1.5888,0.0
2531,2001-09-12,SZSE:000768,0.0465,2.1227,1.9656,0.0,0.0,3656.6044,0.0,0.0,0.0,0.0,0.0,0.0,32.3295,48.6444,48.6625,0.0,0.0,0,3692.1493,58.8234,30.8874,0.0,0.0,4.397,0.0,6.1555,1,39951.0,2.2,0.0,0.0,0.0,0.0,0.0,0.0,6.1555,0.0
2532,2001-09-13,SZSE:000768,0.0465,2.0841,1.9298,0.0,0.0,3590.0483,0.0,0.0,0.0,0.0,0.0,0.0,32.3248,44.1239,44.1386,0.0,0.0,0,3625.5932,57.763,30.3306,0.0,0.0,4.3177,0.0,1.7304,1,39951.0,2.2,0.0,0.0,0.0,0.0,0.0,0.0,1.7304,0.0
2533,2001-09-14,SZSE:000768,-0.0278,2.0932,1.9382,0.0,0.0,3605.7084,0.0,0.0,0.0,0.0,0.0,0.0,32.2537,45.4093,45.4242,0.0,0.0,0,3641.2533,58.0125,30.4616,0.0,0.0,4.3364,0.0,1.8336,1,39951.0,2.2,0.0,0.0,0.0,0.0,0.0,0.0,1.8336,0.0
2534,2001-09-17,SZSE:000768,-0.0278,2.0477,1.8961,0.0,0.0,3527.4094,0.0,0.0,0.0,0.0,0.0,0.0,32.4339,40.4042,40.4159,0.0,0.0,0,3562.9543,56.7651,29.8066,0.0,0.0,4.2431,0.0,1.8706,1,39951.0,2.2,0.0,0.0,0.0,0.0,0.0,0.0,1.8706,0.0
2535,2001-09-18,SZSE:000768,-0.0278,2.0682,1.9151,0.0,0.0,3562.6452,0.0,0.0,0.0,0.0,0.0,0.0,32.4149,43.4262,43.4383,0.0,0.0,0,3598.19,57.3264,30.1013,0.0,0.0,4.2851,0.0,0.919,1,39951.0,2.2,0.0,0.0,0.0,0.0,0.0,0.0,0.919,0.0
2536,2001-09-19,SZSE:000768,-0.0278,2.1182,1.9614,0.0,0.0,3648.7752,0.0,0.0,0.0,0.0,0.0,0.0,32.8561,50.0887,50.101,0.0,0.0,0,3684.32,58.6987,30.8219,0.0,0.0,4.3876,0.0,1.6581,1,39951.0,2.2,0.0,0.0,0.0,0.0,0.0,0.0,1.6581,0.0
2537,2001-09-20,SZSE:000768,-0.0278,2.1659,2.0056,0.0,0.0,3730.9897,0.0,0.0,0.0,0.0,0.0,0.0,33.2261,55.4784,55.4907,0.0,0.0,0,3766.5346,60.0085,31.5097,0.0,0.0,4.4855,0.0,9.6434,1,39951.0,2.2,0.0,0.0,0.0,0.0,0.0,0.0,9.6434,0.0
2538,2001-09-21,SZSE:000768,-0.1351,2.1818,2.0203,0.0,0.0,3758.398,0.0,0.0,0.0,0.0,0.0,0.0,33.2624,57.1401,57.1523,0.0,0.0,0,3793.9429,60.4452,31.7389,0.0,0.0,4.5182,0.0,2.4444,1,39951.0,2.2,0.0,0.0,0.0,0.0,0.0,0.0,2.4444,0.0
2539,2001-09-24,SZSE:000768,-0.1351,2.1568,1.9972,0.0,0.0,3715.333,0.0,0.0,0.0,0.0,0.0,0.0,33.2656,53.7459,53.7567,0.0,0.0,0,3750.8779,59.7591,31.3787,0.0,0.0,4.4669,0.0,1.628,1,39951.0,2.2,0.0,0.0,0.0,0.0,0.0,0.0,1.628,0.0
2540,2001-09-25,SZSE:000768,-0.1351,2.1455,1.9866,0.0,0.0,3695.7556,0.0,0.0,0.0,0.0,0.0,0.0,33.2102,52.227,52.2372,0.0,0.0,0,3731.3005,59.4472,31.2149,0.0,0.0,4.4436,0.0,1.5163,1,39951.0,2.2,0.0,0.0,0.0,0.0,0.0,0.0,1.5163,0.0
2541,2001-09-26,SZSE:000768,-0.1351,2.1068,1.9509,0.0,0.0,3629.2012,0.0,0.0,0.0,0.0,0.0,0.0,32.5224,47.3303,47.3386,0.0,0.0,0,3664.7461,58.3868,30.6581,0.0,0.0,4.3643,0.0,1.1165,1,39951.0,2.2,0.0,0.0,0.0,0.0,0.0,0.0,1.1165,0.0
2542,2001-09-27,SZSE:000768,-0.1351,2.1227,1.9656,0.0,0.0,3656.6044,0.0,0.0,0.0,0.0,0.0,0.0,32.5177,49.4326,49.4409,0.0,0.0,0,3692.1493,58.8234,30.8874,0.0,0.0,4.397,0.0,1.2351,1,39951.0,2.2,0.0,0.0,0.0,0.0,0.0,0.0,1.2351,0.0
2543,2001-09-28,SZSE:000768,-0.167,2.1114,1.9551,0.0,0.0,3637.0305,0.0,0.0,0.0,0.0,0.0,0.0,32.494,47.96,47.9678,0.0,0.0,0,3672.5754,58.5116,30.7236,0.0,0.0,4.3737,0.0,0.7668,1,39951.0,2.2,0.0,0.0,0.0,0.0,0.0,0.0,0.7668,0.0
2544,2001-10-01,SZSE:000768,-0.167,0.0,1.9551,0.0,0.0,3637.0305,0.0,0.0,0.0,0.0,0.0,0.0,32.4861,0.0,0.0,0.0,0.0,0,3672.5754,58.5116,30.7236,0.0,0.0,4.3737,0.0,0.0,1,39951.0,2.2,0.0,0.0,0.0,0.0,0.0,0.0,0.0,0.0
2545,2001-10-02,SZSE:000768,-0.167,0.0,1.9551,0.0,0.0,3637.0305,0.0,0.0,0.0,0.0,0.0,0.0,32.494,0.0,0.0,0.0,0.0,0,3672.5754,58.5116,30.7236,0.0,0.0,4.3737,0.0,0.0,1,39951.0,2.2,0.0,0.0,0.0,0.0,0.0,0.0,0.0,0.0
2546,2001-10-03,SZSE:000768,-0.167,0.0,1.9551,0.0,0.0,3637.0305,0.0,0.0,0.0,0.0,0.0,0.0,32.456,0.0,0.0,0.0,0.0,0,3672.5754,58.5116,30.7236,0.0,0.0,4.3737,0.0,0.0,1,39951.0,2.2,0.0,0.0,0.0,0.0,0.0,0.0,0.0,0.0
2547,2001-10-04,SZSE:000768,-0.167,0.0,1.9551,0.0,0.0,3637.0305,0.0,0.0,0.0,0.0,0.0,0.0,32.4592,0.0,0.0,0.0,0.0,0,3672.5754,58.5116,30.7236,0.0,0.0,4.3737,0.0,0.0,1,39951.0,2.2,0.0,0.0,0.0,0.0,0.0,0.0,0.0,0.0
2548,2001-10-05,SZSE:000768,-0.1651,0.0,1.9551,0.0,0.0,3637.0305,0.0,0.0,0.0,0.0,0.0,0.0,32.4386,0.0,0.0,0.0,0.0,0,3672.5754,58.5116,30.7236,0.0,0.0,4.3737,0.0,0.0,1,39951.0,2.2,0.0,0.0,0.0,0.0,0.0,0.0,0.0,0.0
2549,2001-10-08,SZSE:000768,-0.1651,2.0591,1.9067,0.0,0.0,3546.985,0.0,0.0,0.0,0.0,0.0,0.0,32.6948,41.7923,41.7981,0.0,0.0,0,3582.5299,57.0769,29.9703,0.0,0.0,4.2664,0.0,0.9833,1,39951.0,2.2,0.0,0.0,0.0,0.0,0.0,0.0,0.9833,0.0
2550,2001-10-09,SZSE:000768,-0.1651,2.0773,1.9235,0.0,0.0,3578.307,0.0,0.0,0.0,0.0,0.0,0.0,32.7659,44.4675,44.4735,0.0,0.0,0,3613.8519,57.576,30.2324,0.0,0.0,4.3037,0.0,0.6048,1,39951.0,2.2,0.0,0.0,0.0,0.0,0.0,0.0,0.6048,0.0
2551,2001-10-10,SZSE:000768,-0.1651,1.9727,1.8267,0.0,0.0,3398.2144,0.0,0.0,0.0,0.0,0.0,0.0,33.887,34.6162,34.6197,0.0,0.0,0,3433.7593,54.7067,28.7258,0.0,0.0,4.0892,0.0,2.0284,1,39951.0,2.2,0.0,0.0,0.0,0.0,0.0,0.0,2.0284,0.0
2552,2001-10-11,SZSE:000768,-0.1651,1.9591,1.8141,0.0,0.0,3374.725,0.0,0.0,0.0,0.0,0.0,0.0,33.8791,33.5715,33.5748,0.0,0.0,0,3410.2699,54.3325,28.5293,0.0,0.0,4.0613,0.0,1.8009,1,39951.0,2.2,0.0,0.0,0.0,0.0,0.0,0.0,1.8009,0.0
2553,2001-10-12,SZSE:000768,-0.2178,2.0455,1.894,0.0,0.0,3523.4956,0.0,0.0,0.0,0.0,0.0,0.0,35.1108,44.9111,44.915,0.0,0.0,0,3559.0405,56.7027,29.7738,0.0,0.0,4.2384,0.0,2.1391,1,39951.0,2.2,0.0,0.0,0.0,0.0,0.0,0.0,2.1391,0.0
2554,2001-10-15,SZSE:000768,-0.2178,2.025,1.8751,0.0,0.0,3488.2598,0.0,0.0,0.0,0.0,0.0,0.0,35.0807,43.0372,43.0407,0.0,0.0,0,3523.8047,56.1413,29.4791,0.0,0.0,4.1965,0.0,0.7465,1,39951.0,2.2,0.0,0.0,0.0,0.0,0.0,0.0,0.7465,0.0
2555,2001-10-16,SZSE:000768,-0.2178,1.9818,1.8351,0.0,0.0,3413.8762,0.0,0.0,0.0,0.0,0.0,0.0,35.1456,39.3086,39.3115,0.0,0.0,0,3449.4211,54.9563,28.8568,0.0,0.0,4.1079,0.0,0.701,1,39951.0,2.2,0.0,0.0,0.0,0.0,0.0,0.0,0.701,0.0
2556,2001-10-17,SZSE:000768,-0.2178,1.9591,1.8141,0.0,0.0,3374.725,0.0,0.0,0.0,0.0,0.0,0.0,35.1709,37.4686,37.4712,0.0,0.0,0,3410.2699,54.3325,28.5293,0.0,0.0,4.0613,0.0,0.5031,1,39951.0,2.2,0.0,0.0,0.0,0.0,0.0,0.0,0.5031,0.0
2557,2001-10-18,SZSE:000768,-0.2178,1.95,1.8056,0.0,0.0,3359.0648,0.0,0.0,0.0,0.0,0.0,0.0,35.1582,36.728,36.7305,0.0,0.0,0,3394.6097,54.083,28.3983,0.0,0.0,4.0426,0.0,0.619,1,39951.0,2.2,0.0,0.0,0.0,0.0,0.0,0.0,0.619,0.0
2558,2001-10-19,SZSE:000768,-0.2381,1.8636,1.7257,0.0,0.0,3210.2959,0.0,0.0,0.0,0.0,0.0,0.0,36.0262,30.5503,30.5521,0.0,0.0,0,3245.8408,51.7128,27.1537,0.0,0.0,3.8655,0.0,1.6973,1,39951.0,2.2,0.0,0.0,0.0,0.0,0.0,0.0,1.6973,0.0
2559,2001-10-22,SZSE:000768,-0.2381,1.7909,1.6583,0.0,0.0,3085.0147,0.0,0.0,0.0,0.0,0.0,0.0,36.4753,26.507,26.5083,0.0,0.0,0,3120.5596,49.7168,26.1056,0.0,0.0,3.7163,0.0,1.5574,1,39951.0,2.2,0.0,0.0,0.0,0.0,0.0,0.0,1.5574,0.0
2560,2001-10-23,SZSE:000768,-0.2381,1.9705,1.8246,0.0,0.0,3394.3006,0.0,0.0,0.0,0.0,0.0,0.0,41.4749,45.6362,45.6379,0.0,0.0,0,3429.8455,54.6444,28.693,0.0,0.0,4.0846,0.0,5.1261,1,39951.0,2.2,0.0,0.0,0.0,0.0,0.0,0.0,5.1261,0.0
2561,2001-10-24,SZSE:000768,-0.2381,1.9932,1.8456,0.0,0.0,3433.4502,0.0,0.0,0.0,0.0,0.0,0.0,41.5207,47.499,47.5006,0.0,0.0,0,3468.995,55.2681,29.0205,0.0,0.0,4.1312,0.0,7.0771,1,39951.0,2.2,0.0,0.0,0.0,0.0,0.0,0.0,7.0771,0.0
2562,2001-10-25,SZSE:000768,-0.2381,1.9205,1.7783,0.0,0.0,3308.1706,0.0,0.0,0.0,0.0,0.0,0.0,42.0109,42.4824,42.4837,0.0,0.0,0,3343.7155,53.2722,27.9725,0.0,0.0,3.982,0.0,2.3635,1,39951.0,2.2,0.0,0.0,0.0,0.0,0.0,0.0,2.3635,0.0
2563,2001-10-26,SZSE:000768,-0.2193,1.8841,1.7446,0.0,0.0,3245.53,0.0,0.0,0.0,0.0,0.0,0.0,42.033,40.1964,40.1977,0.0,0.0,0,3281.0749,52.2742,27.4485,0.0,0.0,3.9074,0.0,1.7381,1,39951.0,2.2,0.0,0.0,0.0,0.0,0.0,0.0,1.7381,0.0
2564,2001-10-29,SZSE:000768,-0.2193,1.9205,1.7783,0.0,0.0,3308.1706,0.0,0.0,0.0,0.0,0.0,0.0,38.3474,43.4722,43.4734,0.0,0.0,0,3343.7155,53.2722,27.9725,0.0,0.0,3.982,0.0,1.1569,1,39951.0,2.2,0.0,0.0,0.0,0.0,0.0,0.0,1.1569,0.0
2565,2001-10-30,SZSE:000768,-0.2193,1.875,1.7362,0.0,0.0,3229.8698,0.0,0.0,0.0,0.0,0.0,0.0,37.9031,40.4869,40.4879,0.0,0.0,0,3265.4147,52.0247,27.3174,0.0,0.0,3.8888,0.0,0.928,1,39951.0,2.2,0.0,0.0,0.0,0.0,0.0,0.0,0.928,0.0
2566,2001-10-31,SZSE:000768,-0.2193,1.9091,1.7678,0.0,0.0,3288.595,0.0,0.0,0.0,0.0,0.0,0.0,36.3298,43.6143,43.6154,0.0,0.0,0,3324.1399,52.9603,27.8087,0.0,0.0,3.9587,0.0,1.0077,1,39951.0,2.2,0.0,0.0,0.0,0.0,0.0,0.0,1.0077,0.0
2567,2001-11-01,SZSE:000768,-0.2193,1.9545,1.8099,0.0,0.0,3366.8941,0.0,0.0,0.0,0.0,0.0,0.0,35.2926,47.5704,47.5716,0.0,0.0,0,3402.4389,54.2077,28.4637,0.0,0.0,4.0519,0.0,2.0428,1,39951.0,2.2,0.0,0.0,0.0,0.0,0.0,0.0,2.0428,0.0
2568,2001-11-02,SZSE:000768,-0.27,1.9386,1.7951,0.0,0.0,3339.4909,0.0,0.0,0.0,0.0,0.0,0.0,35.0301,46.3449,46.3459,0.0,0.0,0,3375.0358,53.7711,28.2345,0.0,0.0,4.0193,0.0,1.3192,1,39951.0,2.2,0.0,0.0,0.0,0.0,0.0,0.0,1.3192,0.0
2569,2001-11-05,SZSE:000768,-0.27,1.9545,1.8099,0.0,0.0,3366.8941,0.0,0.0,0.0,0.0,0.0,0.0,35.0776,47.7933,47.7944,0.0,0.0,0,3402.4389,54.2077,28.4637,0.0,0.0,4.0519,0.0,1.2397,1,39951.0,2.2,0.0,0.0,0.0,0.0,0.0,0.0,1.2397,0.0
2570,2001-11-06,SZSE:000768,-0.27,1.9409,1.7972,0.0,0.0,3343.4047,0.0,0.0,0.0,0.0,0.0,0.0,34.336,46.6313,46.6323,0.0,0.0,0,3378.9496,53.8335,28.2672,0.0,0.0,4.024,0.0,0.6015,1,39951.0,2.2,0.0,0.0,0.0,0.0,0.0,0.0,0.6015,0.0
2571,2001-11-07,SZSE:000768,-0.27,1.8523,1.7152,0.0,0.0,3190.722,0.0,0.0,0.0,0.0,0.0,0.0,35.378,39.8489,39.8497,0.0,0.0,0,3226.2669,51.401,26.9899,0.0,0.0,3.8421,0.0,1.1816,1,39951.0,2.2,0.0,0.0,0.0,0.0,0.0,0.0,1.1816,0.0
2572,2001-11-08,SZSE:000768,-0.27,1.8682,1.7299,0.0,0.0,3218.1234,0.0,0.0,0.0,0.0,0.0,0.0,35.4365,41.4936,41.4943,0.0,0.0,0,3253.6683,51.8375,27.2192,0.0,0.0,3.8748,0.0,1.1157,1,39951.0,2.2,0.0,0.0,0.0,0.0,0.0,0.0,1.1157,0.0
2573,2001-11-09,SZSE:000768,-0.2751,1.8795,1.7404,0.0,0.0,3237.6991,0.0,0.0,0.0,0.0,0.0,0.0,35.2515,42.699,42.6997,0.0,0.0,0,3273.2439,52.1494,27.3829,0.0,0.0,3.8981,0.0,0.7275,1,39951.0,2.2,0.0,0.0,0.0,0.0,0.0,0.0,0.7275,0.0
2574,2001-11-12,SZSE:000768,-0.2751,1.875,1.7362,0.0,0.0,3229.8698,0.0,0.0,0.0,0.0,0.0,0.0,34.9305,42.3234,42.3242,0.0,0.0,0,3265.4147,52.0247,27.3174,0.0,0.0,3.8888,0.0,0.5272,1,39951.0,2.2,0.0,0.0,0.0,0.0,0.0,0.0,0.5272,0.0
2575,2001-11-13,SZSE:000768,-0.2751,1.85,1.713,0.0,0.0,3186.8066,0.0,0.0,0.0,0.0,0.0,0.0,34.9938,40.2275,40.2282,0.0,0.0,0,3222.3514,51.3386,26.9572,0.0,0.0,3.8375,0.0,0.5722,1,39951.0,2.2,0.0,0.0,0.0,0.0,0.0,0.0,0.5722,0.0
2576,2001-11-14,SZSE:000768,-0.2751,1.8386,1.7025,0.0,0.0,3167.2309,0.0,0.0,0.0,0.0,0.0,0.0,34.9447,39.2754,39.2761,0.0,0.0,0,3202.7758,51.0267,26.7934,0.0,0.0,3.8142,0.0,0.429,1,39951.0,2.2,0.0,0.0,0.0,0.0,0.0,0.0,0.429,0.0
2577,2001-11-15,SZSE:000768,-0.2751,1.85,1.713,0.0,0.0,3186.8066,0.0,0.0,0.0,0.0,0.0,0.0,34.9542,40.7848,40.7853,0.0,0.0,0,3222.3514,51.3386,26.9572,0.0,0.0,3.8375,0.0,0.4265,1,39951.0,2.2,0.0,0.0,0.0,0.0,0.0,0.0,0.4265,0.0
2578,2001-11-16,SZSE:000768,-0.2459,1.8773,1.7383,0.0,0.0,3233.7836,0.0,0.0,0.0,0.0,0.0,0.0,35.0396,44.3589,44.3595,0.0,0.0,0,3269.3285,52.087,27.3502,0.0,0.0,3.8934,0.0,1.8917,1,39951.0,2.2,0.0,0.0,0.0,0.0,0.0,0.0,1.8917,0.0
2579,2001-11-19,SZSE:000768,-0.2459,1.8864,1.7467,0.0,0.0,3249.4455,0.0,0.0,0.0,0.0,0.0,0.0,35.0649,45.5392,45.5398,0.0,0.0,0,3284.9904,52.3365,27.4812,0.0,0.0,3.9121,0.0,0.8156,1,39951.0,2.2,0.0,0.0,0.0,0.0,0.0,0.0,0.8156,0.0
2580,2001-11-20,SZSE:000768,-0.2459,1.9068,1.7657,0.0,0.0,3284.6812,0.0,0.0,0.0,0.0,0.0,0.0,35.1519,48.2013,48.2019,0.0,0.0,0,3320.2261,52.8979,27.776,0.0,0.0,3.954,0.0,2.0693,1,39951.0,2.2,0.0,0.0,0.0,0.0,0.0,0.0,2.0693,0.0
2581,2001-11-21,SZSE:000768,-0.2459,1.95,1.8056,0.0,0.0,3359.0648,0.0,0.0,0.0,0.0,0.0,0.0,35.4112,53.3817,53.3824,0.0,0.0,0,3394.6097,54.083,28.3983,0.0,0.0,4.0426,0.0,2.3928,1,39951.0,2.2,0.0,0.0,0.0,0.0,0.0,0.0,2.3928,0.0
2582,2001-11-22,SZSE:000768,-0.2459,1.9523,1.8077,0.0,0.0,3362.9786,0.0,0.0,0.0,0.0,0.0,0.0,35.1724,53.6444,53.6451,0.0,0.0,0,3398.5235,54.1454,28.431,0.0,0.0,4.0473,0.0,1.798,1,39951.0,2.2,0.0,0.0,0.0,0.0,0.0,0.0,1.798,0.0
2583,2001-11-23,SZSE:000768,-0.2103,1.9523,1.8077,0.0,0.0,3362.9786,0.0,0.0,0.0,0.0,0.0,0.0,35.1503,53.6444,53.6451,0.0,0.0,0,3398.5235,54.1454,28.431,0.0,0.0,4.0473,0.0,2.0911,1,39951.0,2.2,0.0,0.0,0.0,0.0,0.0,0.0,2.0911,0.0
2584,2001-11-26,SZSE:000768,-0.2103,1.9318,1.7888,0.0,0.0,3327.748,0.0,0.0,0.0,0.0,0.0,0.0,35.1819,50.6639,50.6645,0.0,0.0,0,3363.2929,53.5841,28.1363,0.0,0.0,4.0053,0.0,0.8862,1,39951.0,2.2,0.0,0.0,0.0,0.0,0.0,0.0,0.8862,0.0
2585,2001-11-27,SZSE:000768,-0.2103,1.9455,1.8014,0.0,0.0,3351.2373,0.0,0.0,0.0,0.0,0.0,0.0,34.5748,52.5566,52.5573,0.0,0.0,0,3386.7822,53.9583,28.3328,0.0,0.0,4.0333,0.0,1.5942,1,39951.0,2.2,0.0,0.0,0.0,0.0,0.0,0.0,1.5942,0.0
2586,2001-11-28,SZSE:000768,-0.2103,1.975,1.8288,0.0,0.0,3402.1298,0.0,0.0,0.0,0.0,0.0,0.0,34.7076,56.4545,56.455,0.0,0.0,0,3437.6747,54.7691,28.7585,0.0,0.0,4.0939,0.0,2.4231,1,39951.0,2.2,0.0,0.0,0.0,0.0,0.0,0.0,2.4231,0.0
2587,2001-11-29,SZSE:000768,-0.2103,2.0,1.8519,0.0,0.0,3445.1966,0.0,0.0,0.0,0.0,0.0,0.0,34.793,59.4877,59.4884,0.0,0.0,0,3480.7414,55.4553,29.1188,0.0,0.0,4.1452,0.0,4.5591,1,39951.0,2.2,0.0,0.0,0.0,0.0,0.0,0.0,4.5591,0.0
2588,2001-11-30,SZSE:000768,-0.2251,2.0,1.8519,0.0,0.0,3445.1966,0.0,0.0,0.0,0.0,0.0,0.0,34.7771,59.4877,59.4884,0.0,0.0,0,3480.7414,55.4553,29.1188,0.0,0.0,4.1452,0.0,2.3295,1,39951.0,2.2,0.0,0.0,0.0,0.0,0.0,0.0,2.3295,0.0
2589,2001-12-03,SZSE:000768,-0.2251,2.0091,1.8604,0.0,0.0,3460.8533,0.0,0.0,0.0,0.0,0.0,0.0,34.9906,60.6436,60.6442,0.0,0.0,0,3496.3982,55.7047,29.2498,0.0,0.0,4.1638,0.0,3.272,1,39951.0,2.2,0.0,0.0,0.0,0.0,0.0,0.0,3.272,0.0
2590,2001-12-04,SZSE:000768,-0.2251,2.0091,1.8604,0.0,0.0,3460.8533,0.0,0.0,0.0,0.0,0.0,0.0,34.706,60.6436,60.6442,0.0,0.0,0,3496.3982,55.7047,29.2498,0.0,0.0,4.1638,0.0,1.9227,1,39951.0,2.2,0.0,0.0,0.0,0.0,0.0,0.0,1.9227,0.0
2591,2001-12-05,SZSE:000768,-0.2251,1.9591,1.8141,0.0,0.0,3374.725,0.0,0.0,0.0,0.0,0.0,0.0,34.9969,51.3047,51.3051,0.0,0.0,0,3410.2699,54.3325,28.5293,0.0,0.0,4.0613,0.0,3.3984,1,39951.0,2.2,0.0,0.0,0.0,0.0,0.0,0.0,3.3984,0.0
2592,2001-12-06,SZSE:000768,-0.2251,2.0068,1.8583,0.0,0.0,3456.943,0.0,0.0,0.0,0.0,0.0,0.0,35.3321,57.9601,57.9606,0.0,0.0,0,3492.4879,55.6424,29.2171,0.0,0.0,4.1592,0.0,2.4076,1,39951.0,2.2,0.0,0.0,0.0,0.0,0.0,0.0,2.4076,0.0
2593,2001-12-07,SZSE:000768,-0.173,2.0318,1.8814,0.0,0.0,3500.0062,0.0,0.0,0.0,0.0,0.0,0.0,35.0934,60.9691,60.9695,0.0,0.0,0,3535.5511,56.3285,29.5773,0.0,0.0,4.2105,0.0,6.1657,1,39951.0,2.2,0.0,0.0,0.0,0.0,0.0,0.0,6.1657,0.0
2594,2001-12-10,SZSE:000768,-0.173,2.0318,1.8814,0.0,0.0,3500.0062,0.0,0.0,0.0,0.0,0.0,0.0,34.9748,60.9691,60.9695,0.0,0.0,0,3535.5511,56.3285,29.5773,0.0,0.0,4.2105,0.0,1.6372,1,39951.0,2.2,0.0,0.0,0.0,0.0,0.0,0.0,1.6372,0.0
2595,2001-12-11,SZSE:000768,-0.173,1.9977,1.8498,0.0,0.0,3441.2828,0.0,0.0,0.0,0.0,0.0,0.0,35.0554,54.7694,54.7698,0.0,0.0,0,3476.8277,55.3929,29.0861,0.0,0.0,4.1405,0.0,1.3724,1,39951.0,2.2,0.0,0.0,0.0,0.0,0.0,0.0,1.3724,0.0
2596,2001-12-12,SZSE:000768,-0.173,1.9932,1.8456,0.0,0.0,3433.4502,0.0,0.0,0.0,0.0,0.0,0.0,34.7186,53.9809,53.9812,0.0,0.0,0,3468.995,55.2681,29.0205,0.0,0.0,4.1312,0.0,1.375,1,39951.0,2.2,0.0,0.0,0.0,0.0,0.0,0.0,1.375,0.0
2597,2001-12-13,SZSE:000768,-0.173,1.9409,1.7972,0.0,0.0,3343.4047,0.0,0.0,0.0,0.0,0.0,0.0,34.9163,45.8152,45.8154,0.0,0.0,0,3378.9496,53.8335,28.2672,0.0,0.0,4.024,0.0,1.691,1,39951.0,2.2,0.0,0.0,0.0,0.0,0.0,0.0,1.691,0.0
2598,2001-12-14,SZSE:000768,-0.1525,1.9114,1.7699,0.0,0.0,3292.5122,0.0,0.0,0.0,0.0,0.0,0.0,35.0096,41.9525,41.9527,0.0,0.0,0,3328.0571,53.0227,27.8415,0.0,0.0,3.9634,0.0,1.1299,1,39951.0,2.2,0.0,0.0,0.0,0.0,0.0,0.0,1.1299,0.0
2599,2001-12-17,SZSE:000768,-0.1525,1.8886,1.7488,0.0,0.0,3253.3592,0.0,0.0,0.0,0.0,0.0,0.0,34.8341,39.2134,39.2136,0.0,0.0,0,3288.9041,52.3989,27.514,0.0,0.0,3.9167,0.0,0.9409,1,39951.0,2.2,0.0,0.0,0.0,0.0,0.0,0.0,0.9409,0.0
2600,2001-12-18,SZSE:000768,-0.1525,1.9136,1.772,0.0,0.0,3296.4259,0.0,0.0,0.0,0.0,0.0,0.0,34.8799,43.5773,43.5774,0.0,0.0,0,3331.9708,53.085,27.8742,0.0,0.0,3.968,0.0,0.9414,1,39951.0,2.2,0.0,0.0,0.0,0.0,0.0,0.0,0.9414,0.0
2601,2001-12-19,SZSE:000768,-0.1525,1.9045,1.7636,0.0,0.0,3280.7658,0.0,0.0,0.0,0.0,0.0,0.0,34.5257,42.3857,42.3858,0.0,0.0,0,3316.3107,52.8355,27.7432,0.0,0.0,3.9494,0.0,0.6146,1,39951.0,2.2,0.0,0.0,0.0,0.0,0.0,0.0,0.6146,0.0
2602,2001-12-20,SZSE:000768,-0.1525,1.8591,1.7215,0.0,0.0,3202.4633,0.0,0.0,0.0,0.0,0.0,0.0,34.4704,36.9458,36.9459,0.0,0.0,0,3238.0082,51.588,27.0882,0.0,0.0,3.8561,0.0,1.6541,1,39951.0,2.2,0.0,0.0,0.0,0.0,0.0,0.0,1.6541,0.0
2603,2001-12-21,SZSE:000768,-0.1624,1.8568,1.7194,0.0,0.0,3198.553,0.0,0.0,0.0,0.0,0.0,0.0,34.4182,36.6926,36.6926,0.0,0.0,0,3234.0979,51.5257,27.0555,0.0,0.0,3.8515,0.0,0.8421,1,39951.0,2.2,0.0,0.0,0.0,0.0,0.0,0.0,0.8421,0.0
2604,2001-12-24,SZSE:000768,-0.1624,1.8091,1.6752,0.0,0.0,3116.335,0.0,0.0,0.0,0.0,0.0,0.0,34.6839,31.7625,31.7626,0.0,0.0,0,3151.8799,50.2158,26.3676,0.0,0.0,3.7536,0.0,2.1601,1,39951.0,2.2,0.0,0.0,0.0,0.0,0.0,0.0,2.1601,0.0
2605,2001-12-25,SZSE:000768,-0.1624,1.8205,1.6857,0.0,0.0,3135.9106,0.0,0.0,0.0,0.0,0.0,0.0,34.7234,34.0351,34.0352,0.0,0.0,0,3171.4555,50.5277,26.5314,0.0,0.0,3.7769,0.0,1.3379,1,39951.0,2.2,0.0,0.0,0.0,0.0,0.0,0.0,1.3379,0.0
2606,2001-12-26,SZSE:000768,-0.1624,1.8386,1.7025,0.0,0.0,3167.2309,0.0,0.0,0.0,0.0,0.0,0.0,34.6665,37.615,37.6152,0.0,0.0,0,3202.7758,51.0267,26.7934,0.0,0.0,3.8142,0.0,1.13,1,39951.0,2.2,0.0,0.0,0.0,0.0,0.0,0.0,1.13,0.0
2607,2001-12-27,SZSE:000768,-0.1624,1.8182,1.6836,0.0,0.0,3131.9952,0.0,0.0,0.0,0.0,0.0,0.0,34.6586,35.2944,35.2945,0.0,0.0,0,3167.54,50.4653,26.4987,0.0,0.0,3.7722,0.0,0.9447,1,39951.0,2.2,0.0,0.0,0.0,0.0,0.0,0.0,0.9447,0.0
2608,2001-12-28,SZSE:000768,-0.1648,1.8364,1.7004,0.0,0.0,3163.3172,0.0,0.0,0.0,0.0,0.0,0.0,34.7376,38.9028,38.903,0.0,0.0,0,3198.8621,50.9643,26.7607,0.0,0.0,3.8095,0.0,1.3668,1,39951.0,2.2,0.0,0.0,0.0,0.0,0.0,0.0,1.3668,0.0
2609,2001-12-31,SZSE:000768,-0.1648,1.8045,1.671,0.0,0.0,3108.5041,0.0,0.0,0.0,0.0,0.0,0.0,34.5969,35.203,35.2031,0.0,0.0,0,3144.0489,50.0911,26.3021,0.0,0.0,3.7442,0.0,1.0204,1,39951.0,2.2,0.0,0.0,0.0,0.0,0.0,0.0,1.0204,0.0
2610,2002-01-01,SZSE:000768,-0.1648,0.0,1.671,0.0,0.0,3108.5041,0.0,0.0,0.0,0.0,0.0,0.0,34.5969,0.0,0.0,0.0,0.0,0,3144.0489,50.0911,26.3021,0.0,0.0,3.7442,0.0,0.0,1,39951.0,2.2,0.0,0.0,0.0,0.0,0.0,0.0,0.0,0.0
2611,2002-01-02,SZSE:000768,-0.1648,0.0,1.671,0.0,0.0,3108.5041,0.0,0.0,0.0,0.0,0.0,0.0,34.5969,0.0,0.0,0.0,0.0,0,3144.0489,50.0911,26.3021,0.0,0.0,3.7442,0.0,0.0,1,39951.0,2.2,0.0,0.0,0.0,0.0,0.0,0.0,0.0,0.0
2612,2002-01-03,SZSE:000768,-0.1648,0.0,1.671,0.0,0.0,3108.5041,0.0,0.0,0.0,0.0,0.0,0.0,34.5969,0.0,0.0,0.0,0.0,0,3144.0489,50.0911,26.3021,0.0,0.0,3.7442,0.0,0.0,1,39951.0,2.2,0.0,0.0,0.0,0.0,0.0,0.0,0.0,0.0
2613,2002-01-04,SZSE:000768,-0.1919,1.7932,1.6604,0.0,0.0,3088.9284,0.0,0.0,0.0,0.0,0.0,0.0,34.6032,33.9608,33.9609,0.0,0.0,0,3124.4733,49.7792,26.1384,0.0,0.0,3.7209,0.0,0.7339,1,39951.0,2.2,0.0,0.0,0.0,0.0,0.0,0.0,0.7339,0.0
2614,2002-01-07,SZSE:000768,-0.1919,1.7614,1.631,0.0,0.0,3034.1222,0.0,0.0,0.0,0.0,0.0,0.0,34.7281,30.6951,30.6952,0.0,0.0,0,3069.6671,48.906,25.6799,0.0,0.0,3.6557,0.0,1.1356,1,39951.0,2.2,0.0,0.0,0.0,0.0,0.0,0.0,1.1356,0.0
2615,2002-01-08,SZSE:000768,-0.1919,1.7364,1.6078,0.0,0.0,2991.0555,0.0,0.0,0.0,0.0,0.0,0.0,34.5257,28.3852,28.3853,0.0,0.0,0,3026.6004,48.2199,25.3196,0.0,0.0,3.6044,0.0,0.4356,1,39951.0,2.2,0.0,0.0,0.0,0.0,0.0,0.0,0.4356,0.0
2616,2002-01-09,SZSE:000768,-0.1919,1.6955,1.5699,0.0,0.0,2920.5856,0.0,0.0,0.0,0.0,0.0,0.0,34.6949,25.0618,25.0619,0.0,0.0,0,2956.1305,47.0971,24.7301,0.0,0.0,3.5204,0.0,1.6392,1,39951.0,2.2,0.0,0.0,0.0,0.0,0.0,0.0,1.6392,0.0
2617,2002-01-10,SZSE:000768,-0.1919,1.7,1.5742,0.0,0.0,2928.4166,0.0,0.0,0.0,0.0,0.0,0.0,33.3557,26.0973,26.0975,0.0,0.0,0,2963.9614,47.2219,24.7956,0.0,0.0,3.5298,0.0,1.7873,1,39951.0,2.2,0.0,0.0,0.0,0.0,0.0,0.0,1.7873,0.0
2618,2002-01-11,SZSE:000768,-0.1601,1.6409,1.5194,0.0,0.0,2826.6247,0.0,0.0,0.0,0.0,0.0,0.0,33.9629,21.8675,21.8677,0.0,0.0,0,2862.1696,45.6002,23.944,0.0,0.0,3.4085,0.0,1.3514,1,39951.0,2.2,0.0,0.0,0.0,0.0,0.0,0.0,1.3514,0.0
2619,2002-01-14,SZSE:000768,-0.1601,1.5523,1.4374,0.0,0.0,2673.942,0.0,0.0,0.0,0.0,0.0,0.0,34.2712,17.3302,17.3303,0.0,0.0,0,2709.4869,43.1676,22.6667,0.0,0.0,3.2267,0.0,2.0801,1,39951.0,2.2,0.0,0.0,0.0,0.0,0.0,0.0,2.0801,0.0
2620,2002-01-15,SZSE:000768,-0.1601,1.5,1.389,0.0,0.0,2583.8948,0.0,0.0,0.0,0.0,0.0,0.0,34.7503,15.3123,15.3124,0.0,0.0,0,2619.4397,41.733,21.9134,0.0,0.0,3.1195,0.0,1.628,1,39951.0,2.2,0.0,0.0,0.0,0.0,0.0,0.0,1.628,0.0
2621,2002-01-16,SZSE:000768,-0.1601,1.4841,1.3742,0.0,0.0,2556.4917,0.0,0.0,0.0,0.0,0.0,0.0,34.6095,14.7495,14.7496,0.0,0.0,0,2592.0366,41.2964,21.6842,0.0,0.0,3.0868,0.0,4.9171,1,39951.0,2.2,0.0,0.0,0.0,0.0,0.0,0.0,4.9171,0.0
2622,2002-01-17,SZSE:000768,-0.1601,1.3909,1.2879,0.0,0.0,2395.9764,0.0,0.0,0.0,0.0,0.0,0.0,36.5354,11.9732,11.9733,0.0,0.0,0,2431.5213,38.7391,20.3414,0.0,0.0,2.8957,0.0,2.9055,1,39951.0,2.2,0.0,0.0,0.0,0.0,0.0,0.0,2.9055,0.0
2623,2002-01-18,SZSE:000768,-0.1405,1.3886,1.2858,0.0,0.0,2392.0609,0.0,0.0,0.0,0.0,0.0,0.0,36.5417,11.9143,11.9144,0.0,0.0,0,2427.6058,38.6767,20.3086,0.0,0.0,2.891,0.0,2.8915,1,39951.0,2.2,0.0,0.0,0.0,0.0,0.0,0.0,2.8915,0.0
2624,2002-01-21,SZSE:000768,-0.1405,1.3636,1.2627,0.0,0.0,2348.9942,0.0,0.0,0.0,0.0,0.0,0.0,35.7685,11.2582,11.2583,0.0,0.0,0,2384.5391,37.9905,19.9483,0.0,0.0,2.8397,0.0,1.9336,1,39951.0,2.2,0.0,0.0,0.0,0.0,0.0,0.0,1.9336,0.0
2625,2002-01-22,SZSE:000768,-0.1405,1.3636,1.2627,0.0,0.0,2348.9942,0.0,0.0,0.0,0.0,0.0,0.0,35.0997,11.2582,11.2583,0.0,0.0,0,2384.5391,37.9905,19.9483,0.0,0.0,2.8397,0.0,2.4873,1,39951.0,2.2,0.0,0.0,0.0,0.0,0.0,0.0,2.4873,0.0
2626,2002-01-23,SZSE:000768,-0.1405,1.4614,1.3532,0.0,0.0,2517.3422,0.0,0.0,0.0,0.0,0.0,0.0,32.5019,28.9879,28.9879,0.0,0.0,0,2552.8871,40.6727,21.3567,0.0,0.0,3.0402,0.0,2.6063,1,39951.0,2.2,0.0,0.0,0.0,0.0,0.0,0.0,2.6063,0.0
2627,2002-01-24,SZSE:000768,-0.1405,1.4682,1.3595,0.0,0.0,2529.0852,0.0,0.0,0.0,0.0,0.0,0.0,32.4007,30.0379,30.038,0.0,0.0,0,2564.63,40.8597,21.4549,0.0,0.0,3.0542,0.0,5.0728,1,39951.0,2.2,0.0,0.0,0.0,0.0,0.0,0.0,5.0728,0.0
2628,2002-01-25,SZSE:000768,-0.0971,1.4795,1.37,0.0,0.0,2548.6591,0.0,0.0,0.0,0.0,0.0,0.0,31.8394,31.8468,31.847,0.0,0.0,0,2584.2039,41.1716,21.6186,0.0,0.0,3.0775,0.0,2.5781,1,39951.0,2.2,0.0,0.0,0.0,0.0,0.0,0.0,2.5781,0.0
2629,2002-01-28,SZSE:000768,-0.0971,1.3636,1.2627,0.0,0.0,2348.9942,0.0,0.0,0.0,0.0,0.0,0.0,35.1345,24.8021,24.8022,0.0,0.0,0,2384.5391,37.9905,19.9483,0.0,0.0,2.8397,0.0,4.1278,1,39951.0,2.2,0.0,0.0,0.0,0.0,0.0,0.0,4.1278,0.0
2630,2002-01-29,SZSE:000768,-0.0971,1.3932,1.29,0.0,0.0,2399.8902,0.0,0.0,0.0,0.0,0.0,0.0,35.1977,29.107,29.1072,0.0,0.0,0,2435.435,38.8014,20.3741,0.0,0.0,2.9003,0.0,2.3966,1,39951.0,2.2,0.0,0.0,0.0,0.0,0.0,0.0,2.3966,0.0
2631,2002-01-30,SZSE:000768,-0.0971,1.4273,1.3216,0.0,0.0,2458.6136,0.0,0.0,0.0,0.0,0.0,0.0,35.4396,33.815,33.8151,0.0,0.0,0,2494.1585,39.737,20.8654,0.0,0.0,2.9703,0.0,1.7891,1,39951.0,2.2,0.0,0.0,0.0,0.0,0.0,0.0,1.7891,0.0
2632,2002-01-31,SZSE:000768,-0.0971,1.5523,1.4374,0.0,0.0,2673.942,0.0,0.0,0.0,0.0,0.0,0.0,39.1537,47.5656,47.5656,0.0,0.0,0,2709.4869,43.1676,22.6667,0.0,0.0,3.2267,0.0,10.8247,1,39951.0,2.2,0.0,0.0,0.0,0.0,0.0,0.0,10.8247,0.0
2633,2002-02-01,SZSE:000768,-0.1038,1.5227,1.41,0.0,0.0,2623.0444,0.0,0.0,0.0,0.0,0.0,0.0,38.9166,45.1764,45.1764,0.0,0.0,0,2658.5893,42.3567,22.2409,0.0,0.0,3.1661,0.0,4.8676,1,39951.0,2.2,0.0,0.0,0.0,0.0,0.0,0.0,4.8676,0.0
2634,2002-02-04,SZSE:000768,-0.1038,1.5614,1.4458,0.0,0.0,2689.6022,0.0,0.0,0.0,0.0,0.0,0.0,39.3087,48.7982,48.7982,0.0,0.0,0,2725.1471,43.4171,22.7977,0.0,0.0,3.2454,0.0,4.8263,1,39951.0,2.2,0.0,0.0,0.0,0.0,0.0,0.0,4.8263,0.0
2635,2002-02-05,SZSE:000768,-0.1038,1.5955,1.4773,0.0,0.0,2748.3256,0.0,0.0,0.0,0.0,0.0,0.0,39.5443,51.8224,51.8225,0.0,0.0,0,2783.8705,44.3527,23.289,0.0,0.0,3.3153,0.0,5.4282,1,39951.0,2.2,0.0,0.0,0.0,0.0,0.0,0.0,5.4282,0.0
2636,2002-02-06,SZSE:000768,-0.1038,1.5364,1.4226,0.0,0.0,2646.5372,0.0,0.0,0.0,0.0,0.0,0.0,40.1103,46.6762,46.6762,0.0,0.0,0,2682.0821,42.731,22.4375,0.0,0.0,3.1941,0.0,4.2386,1,39951.0,2.2,0.0,0.0,0.0,0.0,0.0,0.0,4.2386,0.0
2637,2002-02-07,SZSE:000768,-0.1038,1.5886,1.471,0.0,0.0,2736.5792,0.0,0.0,0.0,0.0,0.0,0.0,39.8241,51.2848,51.2847,0.0,0.0,0,2772.1241,44.1655,23.1907,0.0,0.0,3.3013,0.0,4.8674,1,39951.0,2.2,0.0,0.0,0.0,0.0,0.0,0.0,4.8674,0.0
2638,2002-02-08,SZSE:000768,-0.1284,1.5682,1.4521,0.0,0.0,2701.3434,0.0,0.0,0.0,0.0,0.0,0.0,39.8178,49.4825,49.4825,0.0,0.0,0,2736.8883,43.6042,22.896,0.0,0.0,3.2593,0.0,3.8566,1,39951.0,2.2,0.0,0.0,0.0,0.0,0.0,0.0,3.8566,0.0
2639,2002-02-11,SZSE:000768,-0.1284,0.0,1.4521,0.0,0.0,2701.3434,0.0,0.0,0.0,0.0,0.0,0.0,39.7846,0.0,0.0,0.0,0.0,0,2736.8883,43.6042,22.896,0.0,0.0,3.2593,0.0,0.0,1,39951.0,2.2,0.0,0.0,0.0,0.0,0.0,0.0,0.0,0.0
2640,2002-02-12,SZSE:000768,-0.1284,0.0,1.4521,0.0,0.0,2701.3434,0.0,0.0,0.0,0.0,0.0,0.0,39.7878,0.0,0.0,0.0,0.0,0,2736.8883,43.6042,22.896,0.0,0.0,3.2593,0.0,0.0,1,39951.0,2.2,0.0,0.0,0.0,0.0,0.0,0.0,0.0,0.0
2641,2002-02-13,SZSE:000768,-0.1284,0.0,1.4521,0.0,0.0,2701.3434,0.0,0.0,0.0,0.0,0.0,0.0,39.7356,0.0,0.0,0.0,0.0,0,2736.8883,43.6042,22.896,0.0,0.0,3.2593,0.0,0.0,1,39951.0,2.2,0.0,0.0,0.0,0.0,0.0,0.0,0.0,0.0
2642,2002-02-14,SZSE:000768,-0.1284,0.0,1.4521,0.0,0.0,2701.3434,0.0,0.0,0.0,0.0,0.0,0.0,39.7309,0.0,0.0,0.0,0.0,0,2736.8883,43.6042,22.896,0.0,0.0,3.2593,0.0,0.0,1,39951.0,2.2,0.0,0.0,0.0,0.0,0.0,0.0,0.0,0.0
2643,2002-02-15,SZSE:000768,-0.1188,0.0,1.4521,0.0,0.0,2701.3434,0.0,0.0,0.0,0.0,0.0,0.0,39.6977,0.0,0.0,0.0,0.0,0,2736.8883,43.6042,22.896,0.0,0.0,3.2593,0.0,0.0,1,39951.0,2.2,0.0,0.0,0.0,0.0,0.0,0.0,0.0,0.0
2644,2002-02-18,SZSE:000768,-0.1188,0.0,1.4521,0.0,0.0,2701.3434,0.0,0.0,0.0,0.0,0.0,0.0,39.5569,0.0,0.0,0.0,0.0,0,2736.8883,43.6042,22.896,0.0,0.0,3.2593,0.0,0.0,1,39951.0,2.2,0.0,0.0,0.0,0.0,0.0,0.0,0.0,0.0
2645,2002-02-19,SZSE:000768,-0.1188,0.0,1.4521,0.0,0.0,2701.3434,0.0,0.0,0.0,0.0,0.0,0.0,39.5332,0.0,0.0,0.0,0.0,0,2736.8883,43.6042,22.896,0.0,0.0,3.2593,0.0,0.0,1,39951.0,2.2,0.0,0.0,0.0,0.0,0.0,0.0,0.0,0.0
2646,2002-02-20,SZSE:000768,-0.1188,0.0,1.4521,0.0,0.0,2701.3434,0.0,0.0,0.0,0.0,0.0,0.0,39.4463,0.0,0.0,0.0,0.0,0,2736.8883,43.6042,22.896,0.0,0.0,3.2593,0.0,0.0,1,39951.0,2.2,0.0,0.0,0.0,0.0,0.0,0.0,0.0,0.0
2647,2002-02-21,SZSE:000768,-0.1188,0.0,1.4521,0.0,0.0,2701.3434,0.0,0.0,0.0,0.0,0.0,0.0,39.1316,0.0,0.0,0.0,0.0,0,2736.8883,43.6042,22.896,0.0,0.0,3.2593,0.0,0.0,1,39951.0,2.2,0.0,0.0,0.0,0.0,0.0,0.0,0.0,0.0
2648,2002-02-22,SZSE:000768,-0.1213,0.0,1.4521,0.0,0.0,2701.3434,0.0,0.0,0.0,0.0,0.0,0.0,39.1269,0.0,0.0,0.0,0.0,0,2736.8883,43.6042,22.896,0.0,0.0,3.2593,0.0,0.0,1,39951.0,2.2,0.0,0.0,0.0,0.0,0.0,0.0,0.0,0.0
2649,2002-02-25,SZSE:000768,-0.1213,1.5955,1.4773,0.0,0.0,2748.3256,0.0,0.0,0.0,0.0,0.0,0.0,39.3277,51.9093,51.9093,0.0,0.0,0,2783.8705,44.3527,23.289,0.0,0.0,3.3153,0.0,2.7521,1,39951.0,2.2,0.0,0.0,0.0,0.0,0.0,0.0,2.7521,0.0
2650,2002-02-26,SZSE:000768,-0.1213,1.6273,1.5068,0.0,0.0,2803.137,0.0,0.0,0.0,0.0,0.0,0.0,39.5474,54.6465,54.6466,0.0,0.0,0,2838.6819,45.2259,23.7475,0.0,0.0,3.3806,0.0,3.9035,1,39951.0,2.2,0.0,0.0,0.0,0.0,0.0,0.0,3.9035,0.0
2651,2002-02-27,SZSE:000768,-0.1213,1.6295,1.5089,0.0,0.0,2807.0491,0.0,0.0,0.0,0.0,0.0,0.0,39.5095,54.8441,54.8441,0.0,0.0,0,2842.5939,45.2883,23.7803,0.0,0.0,3.3852,0.0,1.9991,1,39951.0,2.2,0.0,0.0,0.0,0.0,0.0,0.0,1.9991,0.0
2652,2002-02-28,SZSE:000768,-0.1213,1.6,1.4816,0.0,0.0,2756.1566,0.0,0.0,0.0,0.0,0.0,0.0,39.4668,51.6897,51.6897,0.0,0.0,0,2791.7014,44.4775,23.3545,0.0,0.0,3.3246,0.0,2.3724,1,39951.0,2.2,0.0,0.0,0.0,0.0,0.0,0.0,2.3724,0.0
2653,2002-03-01,SZSE:000768,-0.1125,1.5455,1.431,0.0,0.0,2662.1973,0.0,0.0,0.0,0.0,0.0,0.0,40.1119,46.3853,46.3853,0.0,0.0,0,2697.7422,42.9805,22.5685,0.0,0.0,3.2127,0.0,2.8177,1,39951.0,2.2,0.0,0.0,0.0,0.0,0.0,0.0,2.8177,0.0
2654,2002-03-04,SZSE:000768,-0.1125,1.5773,1.4605,0.0,0.0,2717.0036,0.0,0.0,0.0,0.0,0.0,0.0,40.6748,49.6321,49.6322,0.0,0.0,0,2752.5485,43.8537,23.027,0.0,0.0,3.278,0.0,1.3559,1,39951.0,2.2,0.0,0.0,0.0,0.0,0.0,0.0,1.3559,0.0
2655,2002-03-05,SZSE:000768,-0.1125,1.6159,1.4963,0.0,0.0,2783.5614,0.0,0.0,0.0,0.0,0.0,0.0,40.8139,53.3286,53.3285,0.0,0.0,0,2819.1063,44.9141,23.5838,0.0,0.0,3.3573,0.0,3.8136,1,39951.0,2.2,0.0,0.0,0.0,0.0,0.0,0.0,3.8136,0.0
2656,2002-03-06,SZSE:000768,-0.1125,1.6318,1.511,0.0,0.0,2810.968,0.0,0.0,0.0,0.0,0.0,0.0,40.5357,54.7996,54.7995,0.0,0.0,0,2846.5129,45.3507,23.813,0.0,0.0,3.3899,0.0,6.8872,1,39951.0,2.2,0.0,0.0,0.0,0.0,0.0,0.0,6.8872,0.0
2657,2002-03-07,SZSE:000768,-0.1125,1.6977,1.572,0.0,0.0,2924.5028,0.0,0.0,0.0,0.0,0.0,0.0,41.3009,60.3718,60.3718,0.0,0.0,0,2960.0477,47.1595,24.7628,0.0,0.0,3.5251,0.0,6.7625,1,39951.0,2.2,0.0,0.0,0.0,0.0,0.0,0.0,6.7625,0.0
2658,2002-03-08,SZSE:000768,-0.0181,1.7727,1.6415,0.0,0.0,3053.6978,0.0,0.0,0.0,0.0,0.0,0.0,41.9603,65.5728,65.5728,0.0,0.0,0,3043.0987,52.1189,25.5951,0.0,0.0,3.3093,0.0,10.7544,1,39951.0,2.2,0.0,0.0,0.0,0.0,0.0,0.0,10.7544,0.0
2659,2002-03-11,SZSE:000768,-0.0181,1.825,1.6899,0.0,0.0,3143.7398,0.0,0.0,0.0,0.0,0.0,0.0,42.6259,68.66,68.66,0.0,0.0,0,3133.1407,53.6611,26.3525,0.0,0.0,3.4073,0.0,12.0505,1,39951.0,2.2,0.0,0.0,0.0,0.0,0.0,0.0,12.0505,0.0
2660,2002-03-12,SZSE:000768,-0.0181,1.7682,1.6373,0.0,0.0,3045.8652,0.0,0.0,0.0,0.0,0.0,0.0,43.0433,62.1373,62.1373,0.0,0.0,0,3035.2661,51.9848,25.5293,0.0,0.0,3.3008,0.0,7.72,1,39951.0,2.2,0.0,0.0,0.0,0.0,0.0,0.0,7.72,0.0
2661,2002-03-13,SZSE:000768,-0.0181,1.7477,1.6183,0.0,0.0,3010.6294,0.0,0.0,0.0,0.0,0.0,0.0,42.803,59.93,59.93,0.0,0.0,0,3000.0303,51.3813,25.2329,0.0,0.0,3.2625,0.0,6.5297,1,39951.0,2.2,0.0,0.0,0.0,0.0,0.0,0.0,6.5297,0.0
2662,2002-03-14,SZSE:000768,-0.0181,1.8136,1.6794,0.0,0.0,3124.1642,0.0,0.0,0.0,0.0,0.0,0.0,43.3849,64.3272,64.3272,0.0,0.0,0,3113.5651,53.3258,26.1878,0.0,0.0,3.386,0.0,4.0876,1,39951.0,2.2,0.0,0.0,0.0,0.0,0.0,0.0,4.0876,0.0
2663,2002-03-15,SZSE:000768,0.0265,1.775,1.6436,0.0,0.0,3057.6116,0.0,0.0,0.0,0.0,0.0,0.0,43.2362,60.1596,60.1597,0.0,0.0,0,3047.0125,52.186,25.6281,0.0,0.0,3.3136,0.0,8.0155,1,39951.0,2.2,0.0,0.0,0.0,0.0,0.0,0.0,8.0155,0.0
2664,2002-03-18,SZSE:000768,0.0265,1.7636,1.6331,0.0,0.0,3038.0359,0.0,0.0,0.0,0.0,0.0,0.0,43.4434,58.9498,58.9499,0.0,0.0,0,3027.4368,51.8507,25.4634,0.0,0.0,3.2923,0.0,3.5478,1,39951.0,2.2,0.0,0.0,0.0,0.0,0.0,0.0,3.5478,0.0
2665,2002-03-19,SZSE:000768,0.0265,1.7818,1.6499,0.0,0.0,3069.358,0.0,0.0,0.0,0.0,0.0,0.0,43.4971,60.3246,60.3247,0.0,0.0,0,3058.7589,52.3871,25.7268,0.0,0.0,3.3264,0.0,3.3948,1,39951.0,2.2,0.0,0.0,0.0,0.0,0.0,0.0,3.3948,0.0
2666,2002-03-20,SZSE:000768,0.0265,1.8182,1.6836,0.0,0.0,3131.9952,0.0,0.0,0.0,0.0,0.0,0.0,43.445,62.9938,62.9938,0.0,0.0,0,3121.3961,53.4599,26.2537,0.0,0.0,3.3945,0.0,4.6372,1,39951.0,2.2,0.0,0.0,0.0,0.0,0.0,0.0,4.6372,0.0
2667,2002-03-21,SZSE:000768,0.0265,1.8614,1.7236,0.0,0.0,3206.3822,0.0,0.0,0.0,0.0,0.0,0.0,43.6979,65.9255,65.9256,0.0,0.0,0,3195.7831,54.7339,26.8793,0.0,0.0,3.4754,0.0,8.3602,1,39951.0,2.2,0.0,0.0,0.0,0.0,0.0,0.0,8.3602,0.0
2668,2002-03-22,SZSE:000768,0.0397,1.8273,1.692,0.0,0.0,3147.657,0.0,0.0,0.0,0.0,0.0,0.0,43.5082,61.7654,61.7654,0.0,0.0,0,3137.0579,53.7282,26.3854,0.0,0.0,3.4115,0.0,4.6211,1,39951.0,2.2,0.0,0.0,0.0,0.0,0.0,0.0,4.6211,0.0
2669,2002-03-25,SZSE:000768,0.0397,1.8205,1.6857,0.0,0.0,3135.9106,0.0,0.0,0.0,0.0,0.0,0.0,43.5335,60.937,60.9371,0.0,0.0,0,3125.3115,53.527,26.2866,0.0,0.0,3.3987,0.0,2.3407,1,39951.0,2.2,0.0,0.0,0.0,0.0,0.0,0.0,2.3407,0.0
2670,2002-03-26,SZSE:000768,0.0397,1.7841,1.652,0.0,0.0,3073.2683,0.0,0.0,0.0,0.0,0.0,0.0,43.6679,56.5793,56.5793,0.0,0.0,0,3062.6692,52.4541,25.7597,0.0,0.0,3.3306,0.0,3.1618,1,39951.0,2.2,0.0,0.0,0.0,0.0,0.0,0.0,3.1618,0.0
2671,2002-03-27,SZSE:000768,0.0397,1.7841,1.652,0.0,0.0,3073.2683,0.0,0.0,0.0,0.0,0.0,0.0,43.6157,56.5793,56.5793,0.0,0.0,0,3062.6692,52.4541,25.7597,0.0,0.0,3.3306,0.0,2.3466,1,39951.0,2.2,0.0,0.0,0.0,0.0,0.0,0.0,2.3466,0.0
2672,2002-03-28,SZSE:000768,0.0397,1.7841,1.652,0.0,0.0,3073.2683,0.0,0.0,0.0,0.0,0.0,0.0,43.5667,56.5793,56.5793,0.0,0.0,0,3062.6692,52.4541,25.7597,0.0,0.0,3.3306,0.0,1.469,1,39951.0,2.2,0.0,0.0,0.0,0.0,0.0,0.0,1.469,0.0
2673,2002-03-29,SZSE:000768,0.045,1.7227,1.5952,0.0,0.0,2967.5644,0.0,0.0,0.0,0.0,0.0,0.0,43.7533,49.1688,49.1688,0.0,0.0,0,2956.9653,50.6437,24.8707,0.0,0.0,3.2157,0.0,2.891,1,39951.0,2.2,0.0,0.0,0.0,0.0,0.0,0.0,2.891,0.0
2674,2002-04-01,SZSE:000768,0.045,1.7386,1.6099,0.0,0.0,2994.9692,0.0,0.0,0.0,0.0,0.0,0.0,44.0173,50.962,50.9621,0.0,0.0,0,2984.3701,51.1131,25.1012,0.0,0.0,3.2455,0.0,1.7078,1,39951.0,2.2,0.0,0.0,0.0,0.0,0.0,0.0,1.7078,0.0
2675,2002-04-02,SZSE:000768,0.045,1.6773,1.5531,0.0,0.0,2889.267,0.0,0.0,0.0,0.0,0.0,0.0,44.5676,44.4486,44.4485,0.0,0.0,0,2878.6679,49.3027,24.2121,0.0,0.0,3.1305,0.0,2.2126,1,39951.0,2.2,0.0,0.0,0.0,0.0,0.0,0.0,2.2126,0.0
2676,2002-04-03,SZSE:000768,0.045,1.6864,1.5615,0.0,0.0,2904.9272,0.0,0.0,0.0,0.0,0.0,0.0,44.5865,45.5587,45.5587,0.0,0.0,0,2894.3281,49.5709,24.3438,0.0,0.0,3.1475,0.0,1.6062,1,39951.0,2.2,0.0,0.0,0.0,0.0,0.0,0.0,1.6062,0.0
2677,2002-04-04,SZSE:000768,0.045,1.75,1.6204,0.0,0.0,3014.5448,0.0,0.0,0.0,0.0,0.0,0.0,45.2032,52.6865,52.6864,0.0,0.0,0,3003.9457,51.4484,25.2658,0.0,0.0,3.2668,0.0,1.5686,1,39951.0,2.2,0.0,0.0,0.0,0.0,0.0,0.0,1.5686,0.0
2678,2002-04-05,SZSE:000768,0.0484,1.75,1.6204,0.0,0.0,3014.5448,0.0,0.0,0.0,0.0,0.0,0.0,44.849,52.6865,52.6864,0.0,0.0,0,3003.9457,51.4484,25.2658,0.0,0.0,3.2668,0.0,3.4129,1,39951.0,2.2,0.0,0.0,0.0,0.0,0.0,0.0,3.4129,0.0
2679,2002-04-08,SZSE:000768,0.0484,1.7727,1.6415,0.0,0.0,3053.6978,0.0,0.0,0.0,0.0,0.0,0.0,45.0466,55.1205,55.1205,0.0,0.0,0,3043.0987,52.1189,25.5951,0.0,0.0,3.3093,0.0,2.1619,1,39951.0,2.2,0.0,0.0,0.0,0.0,0.0,0.0,2.1619,0.0
2680,2002-04-09,SZSE:000768,0.0484,1.8205,1.6857,0.0,0.0,3135.9106,0.0,0.0,0.0,0.0,0.0,0.0,45.0751,59.7973,59.7974,0.0,0.0,0,3125.3115,53.527,26.2866,0.0,0.0,3.3987,0.0,6.6151,1,39951.0,2.2,0.0,0.0,0.0,0.0,0.0,0.0,6.6151,0.0
2681,2002-04-10,SZSE:000768,0.0484,1.8909,1.7509,0.0,0.0,3257.2764,0.0,0.0,0.0,0.0,0.0,0.0,45.6601,65.5111,65.5111,0.0,0.0,0,3246.6773,55.6056,27.3074,0.0,0.0,3.5307,0.0,16.7016,1,39951.0,2.2,0.0,0.0,0.0,0.0,0.0,0.0,16.7016,0.0
2682,2002-04-11,SZSE:000768,0.0484,1.85,1.713,0.0,0.0,3186.8066,0.0,0.0,0.0,0.0,0.0,0.0,45.3012,60.1642,60.1642,0.0,0.0,0,3176.2075,54.3987,26.7147,0.0,0.0,3.4541,0.0,6.8057,1,39951.0,2.2,0.0,0.0,0.0,0.0,0.0,0.0,6.8057,0.0
2683,2002-04-12,SZSE:000768,0.0056,1.8568,1.7194,0.0,0.0,3198.553,0.0,0.0,0.0,0.0,0.0,0.0,44.947,60.7395,60.7394,0.0,0.0,0,3187.9539,54.5998,26.8135,0.0,0.0,3.4669,0.0,3.0259,1,39951.0,2.2,0.0,0.0,0.0,0.0,0.0,0.0,3.0259,0.0
2684,2002-04-15,SZSE:000768,0.0056,1.8568,1.7194,0.0,0.0,3198.553,0.0,0.0,0.0,0.0,0.0,0.0,43.1793,60.7395,60.7394,0.0,0.0,0,3187.9539,54.5998,26.8135,0.0,0.0,3.4669,0.0,2.0526,1,39951.0,2.2,0.0,0.0,0.0,0.0,0.0,0.0,2.0526,0.0
2685,2002-04-16,SZSE:000768,0.0056,1.8295,1.6941,0.0,0.0,3151.5708,0.0,0.0,0.0,0.0,0.0,0.0,43.241,56.9265,56.9265,0.0,0.0,0,3140.9717,53.7952,26.4183,0.0,0.0,3.4158,0.0,2.307,1,39951.0,2.2,0.0,0.0,0.0,0.0,0.0,0.0,2.307,0.0
2686,2002-04-17,SZSE:000768,0.0056,1.8409,1.7046,0.0,0.0,3171.1464,0.0,0.0,0.0,0.0,0.0,0.0,41.0226,58.1065,58.1065,0.0,0.0,0,3160.5473,54.1305,26.583,0.0,0.0,3.4371,0.0,1.461,1,39951.0,2.2,0.0,0.0,0.0,0.0,0.0,0.0,1.461,0.0
2687,2002-04-18,SZSE:000768,0.0056,1.8136,1.6794,0.0,0.0,3124.1642,0.0,0.0,0.0,0.0,0.0,0.0,41.1839,54.264,54.264,0.0,0.0,0,3113.5651,53.3258,26.1878,0.0,0.0,3.386,0.0,1.9193,1,39951.0,2.2,0.0,0.0,0.0,0.0,0.0,0.0,1.9193,0.0
2688,2002-04-19,SZSE:000768,0.0004,1.8159,1.6815,0.0,0.0,3128.0814,0.0,0.0,0.0,0.0,0.0,0.0,40.8645,54.534,54.534,0.0,0.0,0,3117.4823,53.3929,26.2208,0.0,0.0,3.3902,0.0,2.1428,1,39951.0,2.2,0.0,0.0,0.0,0.0,0.0,0.0,2.1428,0.0
2689,2002-04-22,SZSE:000768,0.0004,1.8182,1.6836,0.0,0.0,3131.9952,0.0,0.0,0.0,0.0,0.0,0.0,40.9388,54.8209,54.821,0.0,0.0,0,3121.3961,53.4599,26.2537,0.0,0.0,3.3945,0.0,1.1764,1,39951.0,2.2,0.0,0.0,0.0,0.0,0.0,0.0,1.1764,0.0
2690,2002-04-23,SZSE:000768,0.0004,1.8159,1.6815,0.0,0.0,3128.0814,0.0,0.0,0.0,0.0,0.0,0.0,38.8328,54.4509,54.4509,0.0,0.0,0,3117.4823,53.3929,26.2208,0.0,0.0,3.3902,0.0,2.1135,1,39951.0,2.2,0.0,0.0,0.0,0.0,0.0,0.0,2.1135,0.0
2691,2002-04-24,SZSE:000768,0.0004,1.8068,1.6731,0.0,0.0,3112.4212,0.0,0.0,0.0,0.0,0.0,0.0,38.8676,52.9117,52.9117,0.0,0.0,0,3101.8222,53.1247,26.089,0.0,0.0,3.3732,0.0,1.1001,1,39951.0,2.2,0.0,0.0,0.0,0.0,0.0,0.0,1.1001,0.0
2692,2002-04-25,SZSE:000768,0.0004,1.8045,1.671,0.0,0.0,3108.5041,0.0,0.0,0.0,0.0,0.0,0.0,38.8676,52.5119,52.5118,0.0,0.0,0,3179.4994,50.7672,25.6597,0.0,0.0,3.4378,0.0,0.7855,1,39951.0,2.2,0.0,0.0,0.0,0.0,0.0,0.0,0.7855,0.0
2693,2002-04-26,SZSE:000768,0.0018,1.8318,1.6962,0.0,0.0,3155.4862,0.0,0.0,0.0,0.0,0.0,0.0,38.6335,56.7349,56.7349,0.0,0.0,0,3226.4816,51.5174,26.0388,0.0,0.0,3.4886,0.0,2.0388,1,39951.0,2.2,0.0,0.0,0.0,0.0,0.0,0.0,2.0388,0.0
2694,2002-04-29,SZSE:000768,0.0018,1.8523,1.7152,0.0,0.0,3190.722,0.0,0.0,0.0,0.0,0.0,0.0,34.8752,59.6342,59.6342,0.0,0.0,0,3261.7173,52.08,26.3232,0.0,0.0,3.5267,0.0,3.5001,1,39951.0,2.2,0.0,0.0,0.0,0.0,0.0,0.0,3.5001,0.0
2695,2002-04-30,SZSE:000768,0.0018,1.8591,1.7215,0.0,0.0,3202.4633,0.0,0.0,0.0,0.0,0.0,0.0,34.6507,60.5821,60.582,0.0,0.0,0,3273.4586,52.2675,26.4179,0.0,0.0,3.5394,0.0,3.2685,1,39951.0,2.2,0.0,0.0,0.0,0.0,0.0,0.0,3.2685,0.0
2696,2002-05-01,SZSE:000768,0.0018,0.0,1.7215,0.0,0.0,3202.4633,0.0,0.0,0.0,0.0,0.0,0.0,30.6504,0.0,0.0,0.0,0.0,0,3273.4586,52.2675,26.4179,0.0,0.0,3.5394,0.0,0.0,1,39951.0,2.2,0.0,0.0,0.0,0.0,0.0,0.0,0.0,0.0
2697,2002-05-02,SZSE:000768,0.0018,0.0,1.7215,0.0,0.0,3202.4633,0.0,0.0,0.0,0.0,0.0,0.0,30.4116,0.0,0.0,0.0,0.0,0,3273.4586,52.2675,26.4179,0.0,0.0,3.5394,0.0,0.0,1,39951.0,2.2,0.0,0.0,0.0,0.0,0.0,0.0,0.0,0.0
2698,2002-05-03,SZSE:000768,-0.0082,0.0,1.7215,0.0,0.0,3202.4633,0.0,0.0,0.0,0.0,0.0,0.0,30.1808,0.0,0.0,0.0,0.0,0,3273.4586,52.2675,26.4179,0.0,0.0,3.5394,0.0,0.0,1,39951.0,2.2,0.0,0.0,0.0,0.0,0.0,0.0,0.0,0.0
2699,2002-05-06,SZSE:000768,-0.0082,0.0,1.7215,0.0,0.0,3202.4633,0.0,0.0,0.0,0.0,0.0,0.0,28.9839,0.0,0.0,0.0,0.0,0,3273.4586,52.2675,26.4179,0.0,0.0,3.5394,0.0,0.0,1,39951.0,2.2,0.0,0.0,0.0,0.0,0.0,0.0,0.0,0.0
2700,2002-05-07,SZSE:000768,-0.0082,0.0,1.7215,0.0,0.0,3202.4633,0.0,0.0,0.0,0.0,0.0,0.0,28.3277,0.0,0.0,0.0,0.0,0,3273.4586,52.2675,26.4179,0.0,0.0,3.5394,0.0,0.0,1,39951.0,2.2,0.0,0.0,0.0,0.0,0.0,0.0,0.0,0.0
2701,2002-05-08,SZSE:000768,-0.0082,1.8409,1.7046,0.0,0.0,3171.1464,0.0,0.0,0.0,0.0,0.0,0.0,28.2644,56.7539,56.7539,0.0,0.0,0,3242.1417,51.7674,26.1652,0.0,0.0,3.5056,0.0,1.0666,1,39951.0,2.2,0.0,0.0,0.0,0.0,0.0,0.0,1.0666,0.0
2702,2002-05-09,SZSE:000768,-0.0082,1.8318,1.6962,0.0,0.0,3155.4862,0.0,0.0,0.0,0.0,0.0,0.0,28.0794,54.8862,54.8861,0.0,0.0,0,3226.4816,51.5174,26.0388,0.0,0.0,3.4886,0.0,0.9048,1,39951.0,2.2,0.0,0.0,0.0,0.0,0.0,0.0,0.9048,0.0
2703,2002-05-10,SZSE:000768,0.0033,1.8091,1.6752,0.0,0.0,3116.335,0.0,0.0,0.0,0.0,0.0,0.0,28.0115,50.4189,50.4189,0.0,0.0,0,3187.3303,50.8922,25.7229,0.0,0.0,3.4463,0.0,1.387,1,39951.0,2.2,0.0,0.0,0.0,0.0,0.0,0.0,1.387,0.0
2704,2002-05-13,SZSE:000768,0.0033,1.7932,1.6604,0.0,0.0,3088.9284,0.0,0.0,0.0,0.0,0.0,0.0,28.5348,47.5041,47.5042,0.0,0.0,0,3159.9237,50.4546,25.5017,0.0,0.0,3.4167,0.0,1.01,1,39951.0,2.2,0.0,0.0,0.0,0.0,0.0,0.0,1.01,0.0
2705,2002-05-14,SZSE:000768,0.0033,1.7864,1.6541,0.0,0.0,3077.1872,0.0,0.0,0.0,0.0,0.0,0.0,28.5569,46.27,46.27,0.0,0.0,0,3148.1825,50.2672,25.4069,0.0,0.0,3.404,0.0,1.0199,1,39951.0,2.2,0.0,0.0,0.0,0.0,0.0,0.0,1.0199,0.0
2706,2002-05-15,SZSE:000768,0.0033,1.8023,1.6689,0.0,0.0,3104.5886,0.0,0.0,0.0,0.0,0.0,0.0,28.5854,49.5632,49.5633,0.0,0.0,0,3175.5839,50.7047,25.6281,0.0,0.0,3.4336,0.0,2.3593,1,39951.0,2.2,0.0,0.0,0.0,0.0,0.0,0.0,2.3593,0.0
2707,2002-05-16,SZSE:000768,0.0033,1.8045,1.671,0.0,0.0,3108.5041,0.0,0.0,0.0,0.0,0.0,0.0,28.3577,50.0345,50.0344,0.0,0.0,0,3179.4994,50.7672,25.6597,0.0,0.0,3.4378,0.0,9.0487,1,39951.0,2.2,0.0,0.0,0.0,0.0,0.0,0.0,9.0487,0.0
2708,2002-05-17,SZSE:000768,0.0319,1.8909,1.7509,0.0,0.0,3257.2764,0.0,0.0,0.0,0.0,0.0,0.0,29.4614,63.8542,63.8542,0.0,0.0,0,3328.2717,53.1427,26.8603,0.0,0.0,3.5987,0.0,14.7179,1,39951.0,2.2,0.0,0.0,0.0,0.0,0.0,0.0,14.7179,0.0
2709,2002-05-20,SZSE:000768,0.0319,1.8705,1.732,0.0,0.0,3222.0423,0.0,0.0,0.0,0.0,0.0,0.0,30.0432,59.6465,59.6465,0.0,0.0,0,3293.0377,52.5801,26.5759,0.0,0.0,3.5606,0.0,9.1728,1,39951.0,2.2,0.0,0.0,0.0,0.0,0.0,0.0,9.1728,0.0
2710,2002-05-21,SZSE:000768,0.0319,1.9182,1.7762,0.0,0.0,3304.2552,0.0,0.0,0.0,0.0,0.0,0.0,30.3658,65.3791,65.3791,0.0,0.0,0,3375.2505,53.8928,27.2394,0.0,0.0,3.6495,0.0,20.0541,1,39951.0,2.2,0.0,0.0,0.0,0.0,0.0,0.0,20.0541,0.0
2711,2002-05-22,SZSE:000768,0.0319,1.8727,1.7341,0.0,0.0,3225.9544,0.0,0.0,0.0,0.0,0.0,0.0,30.8401,57.0644,57.0644,0.0,0.0,0,3296.9497,52.6425,26.6075,0.0,0.0,3.5648,0.0,9.4268,1,39951.0,2.2,0.0,0.0,0.0,0.0,0.0,0.0,9.4268,0.0
2712,2002-05-23,SZSE:000768,0.0319,1.8795,1.7404,0.0,0.0,3237.6991,0.0,0.0,0.0,0.0,0.0,0.0,30.595,57.9287,57.9287,0.0,0.0,0,3308.6944,52.8301,26.7023,0.0,0.0,3.5775,0.0,4.4587,1,39951.0,2.2,0.0,0.0,0.0,0.0,0.0,0.0,4.4587,0.0
2713,2002-05-24,SZSE:000768,0.0399,1.8318,1.6962,0.0,0.0,3155.4862,0.0,0.0,0.0,0.0,0.0,0.0,30.867,50.2964,50.2964,0.0,0.0,0,3226.4816,51.5174,26.0388,0.0,0.0,3.4886,0.0,4.4805,1,39951.0,2.2,0.0,0.0,0.0,0.0,0.0,0.0,4.4805,0.0
2714,2002-05-27,SZSE:000768,0.0399,1.8455,1.7088,0.0,0.0,3178.9756,0.0,0.0,0.0,0.0,0.0,0.0,31.033,52.2329,52.2329,0.0,0.0,0,3249.9709,51.8924,26.2284,0.0,0.0,3.514,0.0,1.8275,1,39951.0,2.2,0.0,0.0,0.0,0.0,0.0,0.0,1.8275,0.0
2715,2002-05-28,SZSE:000768,0.0399,1.8545,1.7173,0.0,0.0,3194.6358,0.0,0.0,0.0,0.0,0.0,0.0,30.7642,53.5327,53.5327,0.0,0.0,0,3265.6311,52.1425,26.3548,0.0,0.0,3.531,0.0,2.1408,1,39951.0,2.2,0.0,0.0,0.0,0.0,0.0,0.0,2.1408,0.0
2716,2002-05-29,SZSE:000768,0.0399,1.7682,1.6373,0.0,0.0,3045.8652,0.0,0.0,0.0,0.0,0.0,0.0,32.0813,41.8751,41.8751,0.0,0.0,0,3116.8605,49.7671,25.1541,0.0,0.0,3.3701,0.0,5.7763,1,39951.0,2.2,0.0,0.0,0.0,0.0,0.0,0.0,5.7763,0.0
2717,2002-05-30,SZSE:000768,0.0399,1.7727,1.6415,0.0,0.0,3053.6978,0.0,0.0,0.0,0.0,0.0,0.0,31.8299,42.584,42.5841,0.0,0.0,0,3124.6931,49.8921,25.2174,0.0,0.0,3.3786,0.0,3.5765,1,39951.0,2.2,0.0,0.0,0.0,0.0,0.0,0.0,3.5765,0.0
2718,2002-05-31,SZSE:000768,0.0611,1.7523,1.6226,0.0,0.0,3018.462,0.0,0.0,0.0,0.0,0.0,0.0,31.6876,40.2082,40.2083,0.0,0.0,0,3089.4573,49.3295,24.933,0.0,0.0,3.3405,0.0,1.4725,1,39951.0,2.2,0.0,0.0,0.0,0.0,0.0,0.0,1.4725,0.0
2719,2002-06-03,SZSE:000768,0.0611,1.6841,1.5594,0.0,0.0,2901.01,0.0,0.0,0.0,0.0,0.0,0.0,31.9216,33.4992,33.4993,0.0,0.0,0,2972.0053,47.4541,23.9851,0.0,0.0,3.2135,0.0,2.9363,1,39951.0,2.2,0.0,0.0,0.0,0.0,0.0,0.0,2.9363,0.0
2720,2002-06-04,SZSE:000768,0.0611,1.7045,1.5784,0.0,0.0,2936.2441,0.0,0.0,0.0,0.0,0.0,0.0,31.7714,36.9006,36.9007,0.0,0.0,0,3007.2394,48.0167,24.2695,0.0,0.0,3.2516,0.0,3.0278,1,39951.0,2.2,0.0,0.0,0.0,0.0,0.0,0.0,3.0278,0.0
2721,2002-06-05,SZSE:000768,0.0611,1.6455,1.5236,0.0,0.0,2834.4573,0.0,0.0,0.0,0.0,0.0,0.0,32.2189,31.8348,31.8349,0.0,0.0,0,2905.4527,46.3915,23.448,0.0,0.0,3.1415,0.0,2.2426,1,39951.0,2.2,0.0,0.0,0.0,0.0,0.0,0.0,2.2426,0.0
2722,2002-06-06,SZSE:000768,0.0611,1.6455,1.5236,0.0,0.0,2834.4573,0.0,0.0,0.0,0.0,0.0,0.0,32.1635,31.8348,31.8349,0.0,0.0,0,2905.4527,46.3915,23.448,0.0,0.0,3.1415,0.0,0.0,1,39951.0,2.2,0.0,0.0,0.0,0.0,0.0,0.0,0.0,0.0
2723,2002-06-07,SZSE:000768,0.0516,1.7705,1.6394,0.0,0.0,3049.7806,0.0,0.0,0.0,0.0,0.0,0.0,34.3423,49.009,49.0089,0.0,0.0,0,3120.7759,49.8296,25.1857,0.0,0.0,3.3743,0.0,14.6242,1,39951.0,2.2,0.0,0.0,0.0,0.0,0.0,0.0,14.6242,0.0
2724,2002-06-10,SZSE:000768,0.0516,1.7182,1.591,0.0,0.0,2959.7334,0.0,0.0,0.0,0.0,0.0,0.0,33.8016,44.0147,44.0147,0.0,0.0,0,3030.7287,48.3918,24.459,0.0,0.0,3.277,0.0,5.9118,1,39951.0,2.2,0.0,0.0,0.0,0.0,0.0,0.0,5.9118,0.0
2725,2002-06-11,SZSE:000768,0.0516,1.7341,1.6057,0.0,0.0,2987.14,0.0,0.0,0.0,0.0,0.0,0.0,33.3525,45.8242,45.8242,0.0,0.0,0,3058.1353,48.8294,24.6802,0.0,0.0,3.3066,0.0,1.9233,1,39951.0,2.2,0.0,0.0,0.0,0.0,0.0,0.0,1.9233,0.0
2726,2002-06-12,SZSE:000768,0.0516,1.7477,1.6183,0.0,0.0,3010.6294,0.0,0.0,0.0,0.0,0.0,0.0,32.8292,47.3936,47.3937,0.0,0.0,0,3081.6247,49.2044,24.8698,0.0,0.0,3.332,0.0,1.3281,1,39951.0,2.2,0.0,0.0,0.0,0.0,0.0,0.0,1.3281,0.0
2727,2002-06-13,SZSE:000768,0.0516,1.7273,1.5994,0.0,0.0,2975.3936,0.0,0.0,0.0,0.0,0.0,0.0,32.8308,45.2749,45.2749,0.0,0.0,0,3046.3889,48.6418,24.5854,0.0,0.0,3.2939,0.0,1.3606,1,39951.0,2.2,0.0,0.0,0.0,0.0,0.0,0.0,1.3606,0.0
2728,2002-06-14,SZSE:000768,0.0609,1.6841,1.5594,0.0,0.0,2901.01,0.0,0.0,0.0,0.0,0.0,0.0,32.3517,41.0979,41.0979,0.0,0.0,0,2972.0053,47.4541,23.9851,0.0,0.0,3.2135,0.0,2.2588,1,39951.0,2.2,0.0,0.0,0.0,0.0,0.0,0.0,2.2588,0.0
2729,2002-06-17,SZSE:000768,0.0609,1.6932,1.5678,0.0,0.0,2916.6702,0.0,0.0,0.0,0.0,0.0,0.0,32.1224,42.3047,42.3048,0.0,0.0,0,2987.6655,47.7042,24.1115,0.0,0.0,3.2304,0.0,1.0166,1,39951.0,2.2,0.0,0.0,0.0,0.0,0.0,0.0,1.0166,0.0
2730,2002-06-18,SZSE:000768,0.0609,1.7432,1.6141,0.0,0.0,3002.8002,0.0,0.0,0.0,0.0,0.0,0.0,32.6205,48.5487,48.5486,0.0,0.0,0,3073.7955,49.0794,24.8066,0.0,0.0,3.3235,0.0,1.9326,1,39951.0,2.2,0.0,0.0,0.0,0.0,0.0,0.0,1.9326,0.0
2731,2002-06-19,SZSE:000768,0.0609,1.7136,1.5868,0.0,0.0,2951.9059,0.0,0.0,0.0,0.0,0.0,0.0,32.7185,45.4206,45.4206,0.0,0.0,0,3022.9012,48.2668,24.3959,0.0,0.0,3.2685,0.0,0.85,1,39951.0,2.2,0.0,0.0,0.0,0.0,0.0,0.0,0.85,0.0
2732,2002-06-20,SZSE:000768,0.0609,1.7364,1.6078,0.0,0.0,2991.0555,0.0,0.0,0.0,0.0,0.0,0.0,32.5746,48.1862,48.1862,0.0,0.0,0,3062.0508,48.8919,24.7118,0.0,0.0,3.3108,0.0,1.1148,1,39951.0,2.2,0.0,0.0,0.0,0.0,0.0,0.0,1.1148,0.0
2733,2002-06-21,SZSE:000768,0.0,1.7909,1.6583,0.0,0.0,3085.0147,0.0,0.0,0.0,0.0,0.0,0.0,32.8181,54.1861,54.1861,0.0,0.0,0,3156.01,50.3922,25.4701,0.0,0.0,3.4124,0.0,6.3203,1,39951.0,2.2,0.0,0.0,0.0,0.0,0.0,0.0,6.3203,0.0
2734,2002-06-24,SZSE:000768,0.0,1.9705,1.8246,0.0,0.0,3394.3006,0.0,0.0,0.0,0.0,0.0,0.0,37.5837,67.5193,67.5193,0.0,0.0,0,3465.2959,55.3305,27.9661,0.0,0.0,3.7469,0.0,30.5623,1,39951.0,2.2,0.0,0.0,0.0,0.0,0.0,0.0,30.5623,0.0
2735,2002-06-25,SZSE:000768,0.0,1.9091,1.7678,0.0,0.0,3288.595,0.0,0.0,0.0,0.0,0.0,0.0,38.1118,60.9866,60.9866,0.0,0.0,0,3359.5903,53.6427,27.1131,0.0,0.0,3.6326,0.0,17.3401,1,39951.0,2.2,0.0,0.0,0.0,0.0,0.0,0.0,17.3401,0.0
2736,2002-06-26,SZSE:000768,0.0,1.9409,1.7972,0.0,0.0,3343.4047,0.0,0.0,0.0,0.0,0.0,0.0,38.0074,62.9863,62.9863,0.0,0.0,0,3414.4,54.5179,27.5554,0.0,0.0,3.6918,0.0,8.9946,1,39951.0,2.2,0.0,0.0,0.0,0.0,0.0,0.0,8.9946,0.0
2737,2002-06-27,SZSE:000768,0.0,1.9523,1.8077,0.0,0.0,3362.9786,0.0,0.0,0.0,0.0,0.0,0.0,38.0169,63.7019,63.7019,0.0,0.0,0,3433.9739,54.8304,27.7134,0.0,0.0,3.713,0.0,6.1232,1,39951.0,2.2,0.0,0.0,0.0,0.0,0.0,0.0,6.1232,0.0
2738,2002-06-28,SZSE:000768,-0.0297,1.9545,1.8099,0.0,0.0,3366.8941,0.0,0.0,0.0,0.0,0.0,0.0,38.0153,63.8524,63.8524,0.0,0.0,0,3437.8894,54.8929,27.745,0.0,0.0,3.7172,0.0,7.8397,1,39951.0,2.2,0.0,0.0,0.0,0.0,0.0,0.0,7.8397,0.0
2739,2002-07-01,SZSE:000768,-0.0297,1.9318,1.7888,0.0,0.0,3327.748,0.0,0.0,0.0,0.0,0.0,0.0,37.6864,61.1231,61.123,0.0,0.0,0,3398.7433,54.2679,27.429,0.0,0.0,3.6749,0.0,4.6962,1,39951.0,2.2,0.0,0.0,0.0,0.0,0.0,0.0,4.6962,0.0
2740,2002-07-02,SZSE:000768,-0.0297,1.975,1.8288,0.0,0.0,3402.1298,0.0,0.0,0.0,0.0,0.0,0.0,37.141,64.25,64.25,0.0,0.0,0,3473.1251,55.4555,28.0293,0.0,0.0,3.7553,0.0,5.6802,1,39951.0,2.2,0.0,0.0,0.0,0.0,0.0,0.0,5.6802,0.0
2741,2002-07-03,SZSE:000768,-0.0297,2.0023,1.854,0.0,0.0,3449.112,0.0,0.0,0.0,0.0,0.0,0.0,37.2026,66.1045,66.1045,0.0,0.0,0,3520.1073,56.2057,28.4085,0.0,0.0,3.8061,0.0,13.4636,1,39951.0,2.2,0.0,0.0,0.0,0.0,0.0,0.0,13.4636,0.0
2742,2002-07-04,SZSE:000768,-0.0297,1.9841,1.8372,0.0,0.0,3417.79,0.0,0.0,0.0,0.0,0.0,0.0,36.6318,63.731,63.7309,0.0,0.0,0,3488.7853,55.7056,28.1557,0.0,0.0,3.7723,0.0,10.3324,1,39951.0,2.2,0.0,0.0,0.0,0.0,0.0,0.0,10.3324,0.0
2743,2002-07-05,SZSE:000768,-0.0174,2.0023,1.854,0.0,0.0,3449.112,0.0,0.0,0.0,0.0,0.0,0.0,36.6571,65.0812,65.0812,0.0,0.0,0,3520.1073,56.2057,28.4085,0.0,0.0,3.8061,0.0,3.1874,1,39951.0,2.2,0.0,0.0,0.0,0.0,0.0,0.0,3.1874,0.0
2744,2002-07-08,SZSE:000768,-0.0174,2.0568,1.9046,0.0,0.0,3543.0712,0.0,0.0,0.0,0.0,0.0,0.0,36.9196,68.83,68.8299,0.0,0.0,0,3614.0666,57.706,29.1668,0.0,0.0,3.9077,0.0,13.0752,1,39951.0,2.2,0.0,0.0,0.0,0.0,0.0,0.0,13.0752,0.0
2745,2002-07-09,SZSE:000768,-0.0174,2.0432,1.8919,0.0,0.0,3519.5802,0.0,0.0,0.0,0.0,0.0,0.0,36.6397,66.8963,66.8963,0.0,0.0,0,3590.5755,57.3309,28.9772,0.0,0.0,3.8823,0.0,6.8547,1,39951.0,2.2,0.0,0.0,0.0,0.0,0.0,0.0,6.8547,0.0
2746,2002-07-10,SZSE:000768,-0.0174,2.0568,1.9046,0.0,0.0,3543.0712,0.0,0.0,0.0,0.0,0.0,0.0,35.9393,67.8685,67.8684,0.0,0.0,0,3614.0666,57.706,29.1668,0.0,0.0,3.9077,0.0,28.0026,1,39951.0,2.2,0.0,0.0,0.0,0.0,0.0,0.0,28.0026,0.0
2747,2002-07-11,SZSE:000768,-0.0174,2.025,1.8751,0.0,0.0,3488.2598,0.0,0.0,0.0,0.0,0.0,0.0,35.8033,63.2046,63.2046,0.0,0.0,0,3559.2551,56.8308,28.7244,0.0,0.0,3.8484,0.0,10.4882,1,39951.0,2.2,0.0,0.0,0.0,0.0,0.0,0.0,10.4882,0.0
2748,2002-07-12,SZSE:000768,-0.0032,2.0068,1.8583,0.0,0.0,3456.943,0.0,0.0,0.0,0.0,0.0,0.0,35.8571,60.6405,60.6406,0.0,0.0,0,3527.9383,56.3308,28.4717,0.0,0.0,3.8146,0.0,6.0748,1,39951.0,2.2,0.0,0.0,0.0,0.0,0.0,0.0,6.0748,0.0
2749,2002-07-15,SZSE:000768,-0.0032,1.9727,1.8267,0.0,0.0,3398.2144,0.0,0.0,0.0,0.0,0.0,0.0,36.0373,56.0485,56.0485,0.0,0.0,0,3469.2097,55.393,27.9977,0.0,0.0,3.7511,0.0,4.7032,1,39951.0,2.2,0.0,0.0,0.0,0.0,0.0,0.0,4.7032,0.0
2750,2002-07-16,SZSE:000768,-0.0032,1.9955,1.8477,0.0,0.0,3437.3656,0.0,0.0,0.0,0.0,0.0,0.0,35.9567,58.3147,58.3147,0.0,0.0,0,3508.3609,56.0182,28.3137,0.0,0.0,3.7934,0.0,3.2262,1,39951.0,2.2,0.0,0.0,0.0,0.0,0.0,0.0,3.2262,0.0
2751,2002-07-17,SZSE:000768,-0.0032,2.0114,1.8625,0.0,0.0,3464.7722,0.0,0.0,0.0,0.0,0.0,0.0,35.9677,59.8744,59.8744,0.0,0.0,0,3535.7675,56.4558,28.5349,0.0,0.0,3.8231,0.0,1.8805,1,39951.0,2.2,0.0,0.0,0.0,0.0,0.0,0.0,1.8805,0.0
2752,2002-07-18,SZSE:000768,-0.0032,2.0205,1.8709,0.0,0.0,3480.4323,0.0,0.0,0.0,0.0,0.0,0.0,35.8254,60.7775,60.7775,0.0,0.0,0,3551.4277,56.7058,28.6612,0.0,0.0,3.84,0.0,2.6476,1,39951.0,2.2,0.0,0.0,0.0,0.0,0.0,0.0,2.6476,0.0
2753,2002-07-19,SZSE:000768,-0.0131,2.025,1.8751,0.0,0.0,3488.2598,0.0,0.0,0.0,0.0,0.0,0.0,35.8254,61.247,61.247,0.0,0.0,0,3559.2551,56.8308,28.7244,0.0,0.0,3.8484,0.0,1.7537,1,39951.0,2.2,0.0,0.0,0.0,0.0,0.0,0.0,1.7537,0.0
2754,2002-07-22,SZSE:000768,-0.0131,1.975,1.8288,0.0,0.0,3402.1298,0.0,0.0,0.0,0.0,0.0,0.0,36.2065,53.6388,53.6388,0.0,0.0,0,3473.1251,55.4555,28.0293,0.0,0.0,3.7553,0.0,4.958,1,39951.0,2.2,0.0,0.0,0.0,0.0,0.0,0.0,4.958,0.0
2755,2002-07-23,SZSE:000768,-0.0131,1.9523,1.8077,0.0,0.0,3362.9786,0.0,0.0,0.0,0.0,0.0,0.0,36.2903,50.5641,50.5641,0.0,0.0,0,3433.9739,54.8304,27.7134,0.0,0.0,3.713,0.0,3.8644,1,39951.0,2.2,0.0,0.0,0.0,0.0,0.0,0.0,3.8644,0.0
2756,2002-07-24,SZSE:000768,-0.0131,1.9568,1.812,0.0,0.0,3370.8112,0.0,0.0,0.0,0.0,0.0,0.0,36.2713,51.1672,51.1671,0.0,0.0,0,3441.8066,54.9555,27.7766,0.0,0.0,3.7215,0.0,1.6214,1,39951.0,2.2,0.0,0.0,0.0,0.0,0.0,0.0,1.6214,0.0
2757,2002-07-25,SZSE:000768,-0.0131,1.95,1.8056,0.0,0.0,3359.0648,0.0,0.0,0.0,0.0,0.0,0.0,36.2792,50.1785,50.1785,0.0,0.0,0,3430.0601,54.7679,27.6818,0.0,0.0,3.7088,0.0,1.4718,1,39951.0,2.2,0.0,0.0,0.0,0.0,0.0,0.0,1.4718,0.0
2758,2002-07-26,SZSE:000768,0.0653,1.9477,1.8035,0.0,0.0,3355.1494,0.0,0.0,0.0,0.0,0.0,0.0,36.178,49.8328,49.8328,0.0,0.0,0,3426.1447,54.7054,27.6502,0.0,0.0,3.7045,0.0,1.7883,1,39951.0,2.2,0.0,0.0,0.0,0.0,0.0,0.0,1.7883,0.0
2759,2002-07-29,SZSE:000768,0.0653,1.9795,1.833,0.0,0.0,3409.9608,0.0,0.0,0.0,0.0,0.0,0.0,36.2476,54.5524,54.5525,0.0,0.0,0,3480.9561,55.5806,28.0925,0.0,0.0,3.7638,0.0,1.1216,1,39951.0,2.2,0.0,0.0,0.0,0.0,0.0,0.0,1.1216,0.0
2760,2002-07-30,SZSE:000768,0.0653,2.0,1.8519,0.0,0.0,3445.1966,0.0,0.0,0.0,0.0,0.0,0.0,36.2887,57.3314,57.3315,0.0,0.0,0,3516.1919,56.1432,28.3769,0.0,0.0,3.8019,0.0,2.319,1,39951.0,2.2,0.0,0.0,0.0,0.0,0.0,0.0,2.319,0.0
2761,2002-07-31,SZSE:000768,0.0653,1.9455,1.8014,0.0,0.0,3351.2373,0.0,0.0,0.0,0.0,0.0,0.0,36.4421,48.7679,48.768,0.0,0.0,0,3422.2327,54.6429,27.6186,0.0,0.0,3.7003,0.0,3.3615,1,39951.0,2.2,0.0,0.0,0.0,0.0,0.0,0.0,3.3615,0.0
2762,2002-08-01,SZSE:000768,0.0653,1.9477,1.8035,0.0,0.0,3355.1494,0.0,0.0,0.0,0.0,0.0,0.0,36.4421,49.1087,49.1087,0.0,0.0,0,3426.1447,54.7054,27.6502,0.0,0.0,3.7045,0.0,1.3989,1,39951.0,2.2,0.0,0.0,0.0,0.0,0.0,0.0,1.3989,0.0
2763,2002-08-02,SZSE:000768,0.101,1.9568,1.812,0.0,0.0,3370.8112,0.0,0.0,0.0,0.0,0.0,0.0,36.45,50.5278,50.5277,0.0,0.0,0,3441.8066,54.9555,27.7766,0.0,0.0,3.7215,0.0,1.3609,1,39951.0,2.2,0.0,0.0,0.0,0.0,0.0,0.0,1.3609,0.0
2764,2002-08-05,SZSE:000768,0.101,1.95,1.8056,0.0,0.0,3359.0648,0.0,0.0,0.0,0.0,0.0,0.0,36.4579,49.4149,49.4149,0.0,0.0,0,3430.0601,54.7679,27.6818,0.0,0.0,3.7088,0.0,0.7777,1,39951.0,2.2,0.0,0.0,0.0,0.0,0.0,0.0,0.7777,0.0
2765,2002-08-06,SZSE:000768,0.101,1.9705,1.8246,0.0,0.0,3394.3006,0.0,0.0,0.0,0.0,0.0,0.0,36.5069,52.7751,52.7751,0.0,0.0,0,3465.2959,55.3305,27.9661,0.0,0.0,3.7469,0.0,1.7494,1,39951.0,2.2,0.0,0.0,0.0,0.0,0.0,0.0,1.7494,0.0
2766,2002-08-07,SZSE:000768,0.101,1.9591,1.8141,0.0,0.0,3374.725,0.0,0.0,0.0,0.0,0.0,0.0,36.5291,50.7578,50.7578,0.0,0.0,0,3445.7203,55.018,27.8082,0.0,0.0,3.7257,0.0,2.0186,1,39951.0,2.2,0.0,0.0,0.0,0.0,0.0,0.0,2.0186,0.0
2767,2002-08-08,SZSE:000768,0.101,1.9636,1.8183,0.0,0.0,3382.5542,0.0,0.0,0.0,0.0,0.0,0.0,36.4705,51.5554,51.5554,0.0,0.0,0,3453.5495,55.143,27.8713,0.0,0.0,3.7342,0.0,1.6928,1,39951.0,2.2,0.0,0.0,0.0,0.0,0.0,0.0,1.6928,0.0
2768,2002-08-09,SZSE:000768,0.1052,1.9409,1.7972,0.0,0.0,3343.4047,0.0,0.0,0.0,0.0,0.0,0.0,36.5354,47.4194,47.4194,0.0,0.0,0,3462.8503,46.0892,23.0034,0.0,0.0,3.4914,0.0,1.0937,1,39951.0,2.2,0.0,0.0,0.0,0.0,0.0,0.0,1.0937,0.0
2769,2002-08-12,SZSE:000768,0.1052,1.8841,1.7446,0.0,0.0,3245.53,0.0,0.0,0.0,0.0,0.0,0.0,36.9291,38.9967,38.9968,0.0,0.0,0,3364.9756,44.7865,22.3532,0.0,0.0,3.3927,0.0,2.4623,1,39951.0,2.2,0.0,0.0,0.0,0.0,0.0,0.0,2.4623,0.0
2770,2002-08-13,SZSE:000768,0.1052,1.8841,1.7446,0.0,0.0,3245.53,0.0,0.0,0.0,0.0,0.0,0.0,36.8832,38.9967,38.9968,0.0,0.0,0,3364.9756,44.7865,22.3532,0.0,0.0,3.3927,0.0,1.2333,1,39951.0,2.2,0.0,0.0,0.0,0.0,0.0,0.0,1.2333,0.0
2771,2002-08-14,SZSE:000768,0.1052,1.8977,1.7572,0.0,0.0,3269.0194,0.0,0.0,0.0,0.0,0.0,0.0,36.8927,41.8705,41.8705,0.0,0.0,0,3388.465,45.0992,22.5092,0.0,0.0,3.4164,0.0,0.8628,1,39951.0,2.2,0.0,0.0,0.0,0.0,0.0,0.0,0.8628,0.0
2772,2002-08-15,SZSE:000768,0.1052,1.8909,1.7509,0.0,0.0,3257.2764,0.0,0.0,0.0,0.0,0.0,0.0,36.869,40.8348,40.8349,0.0,0.0,0,3376.722,44.9429,22.4312,0.0,0.0,3.4045,0.0,0.6642,1,39951.0,2.2,0.0,0.0,0.0,0.0,0.0,0.0,0.6642,0.0
2773,2002-08-16,SZSE:000768,0.0953,1.8977,1.7572,0.0,0.0,3269.0194,0.0,0.0,0.0,0.0,0.0,0.0,36.8737,42.37,42.37,0.0,0.0,0,3388.465,45.0992,22.5092,0.0,0.0,3.4164,0.0,1.1588,1,39951.0,2.2,0.0,0.0,0.0,0.0,0.0,0.0,1.1588,0.0
2774,2002-08-19,SZSE:000768,0.0953,1.8818,1.7425,0.0,0.0,3241.6162,0.0,0.0,0.0,0.0,0.0,0.0,35.7733,39.7763,39.7763,0.0,0.0,0,3361.0619,44.7344,22.3272,0.0,0.0,3.3887,0.0,0.8318,1,39951.0,2.2,0.0,0.0,0.0,0.0,0.0,0.0,0.8318,0.0
2775,2002-08-20,SZSE:000768,0.0953,1.9182,1.7762,0.0,0.0,3304.2552,0.0,0.0,0.0,0.0,0.0,0.0,35.9013,47.6631,47.6631,0.0,0.0,0,3423.7008,45.5681,22.7433,0.0,0.0,3.4519,0.0,1.2153,1,39951.0,2.2,0.0,0.0,0.0,0.0,0.0,0.0,1.2153,0.0
2776,2002-08-21,SZSE:000768,0.0953,1.9364,1.793,0.0,0.0,3335.5772,0.0,0.0,0.0,0.0,0.0,0.0,35.612,51.1109,51.1109,0.0,0.0,0,3455.0228,45.985,22.9514,0.0,0.0,3.4835,0.0,1.9179,1,39951.0,2.2,0.0,0.0,0.0,0.0,0.0,0.0,1.9179,0.0
2777,2002-08-22,SZSE:000768,0.0953,1.9432,1.7993,0.0,0.0,3347.3184,0.0,0.0,0.0,0.0,0.0,0.0,35.2973,52.3773,52.3773,0.0,0.0,0,3466.764,46.1413,23.0294,0.0,0.0,3.4953,0.0,1.4707,1,39951.0,2.2,0.0,0.0,0.0,0.0,0.0,0.0,1.4707,0.0
2778,2002-08-23,SZSE:000768,0.0974,1.9341,1.7909,0.0,0.0,3331.6583,0.0,0.0,0.0,0.0,0.0,0.0,35.3068,50.4983,50.4983,0.0,0.0,0,3451.1039,45.9329,22.9253,0.0,0.0,3.4795,0.0,0.9418,1,39951.0,2.2,0.0,0.0,0.0,0.0,0.0,0.0,0.9418,0.0
2779,2002-08-26,SZSE:000768,0.0974,1.9045,1.7636,0.0,0.0,3280.7658,0.0,0.0,0.0,0.0,0.0,0.0,35.0681,44.8654,44.8653,0.0,0.0,0,3400.2114,45.2555,22.5873,0.0,0.0,3.4282,0.0,1.2643,1,39951.0,2.2,0.0,0.0,0.0,0.0,0.0,0.0,1.2643,0.0
2780,2002-08-27,SZSE:000768,0.0974,1.9114,1.7699,0.0,0.0,3292.5122,0.0,0.0,0.0,0.0,0.0,0.0,35.0475,46.3529,46.3527,0.0,0.0,0,3411.9578,45.4118,22.6653,0.0,0.0,3.44,0.0,1.2866,1,39951.0,2.2,0.0,0.0,0.0,0.0,0.0,0.0,1.2866,0.0
2781,2002-08-28,SZSE:000768,0.0974,1.9023,1.7614,0.0,0.0,3276.852,0.0,0.0,0.0,0.0,0.0,0.0,35.0523,44.6244,44.6243,0.0,0.0,0,3396.2976,45.2034,22.5613,0.0,0.0,3.4243,0.0,1.3562,1,39951.0,2.2,0.0,0.0,0.0,0.0,0.0,0.0,1.3562,0.0
2782,2002-08-29,SZSE:000768,0.0974,1.9091,1.7678,0.0,0.0,3288.595,0.0,0.0,0.0,0.0,0.0,0.0,33.7431,46.2432,46.2432,0.0,0.0,0,3408.0406,45.3597,22.6393,0.0,0.0,3.4361,0.0,0.8933,1,39951.0,2.2,0.0,0.0,0.0,0.0,0.0,0.0,0.8933,0.0
2783,2002-08-30,SZSE:000768,0.0954,1.9318,1.7888,0.0,0.0,3327.748,0.0,0.0,0.0,0.0,0.0,0.0,33.8063,51.3497,51.3497,0.0,0.0,0,3447.1936,45.8808,22.8994,0.0,0.0,3.4756,0.0,1.8377,1,39951.0,2.2,0.0,0.0,0.0,0.0,0.0,0.0,1.8377,0.0
2784,2002-09-02,SZSE:000768,0.0954,1.925,1.7825,0.0,0.0,3316.0016,0.0,0.0,0.0,0.0,0.0,0.0,33.7241,49.8206,49.8206,0.0,0.0,0,3435.4472,45.7245,22.8213,0.0,0.0,3.4637,0.0,0.7304,1,39951.0,2.2,0.0,0.0,0.0,0.0,0.0,0.0,0.7304,0.0
2785,2002-09-03,SZSE:000768,0.0954,1.9273,1.7846,0.0,0.0,3319.917,0.0,0.0,0.0,0.0,0.0,0.0,32.7312,50.3513,50.3514,0.0,0.0,0,3439.3626,45.7766,22.8473,0.0,0.0,3.4677,0.0,0.7835,1,39951.0,2.2,0.0,0.0,0.0,0.0,0.0,0.0,0.7835,0.0
2786,2002-09-04,SZSE:000768,0.0954,1.9318,1.7888,0.0,0.0,3327.748,0.0,0.0,0.0,0.0,0.0,0.0,32.6711,51.4571,51.4571,0.0,0.0,0,3447.1936,45.8808,22.8994,0.0,0.0,3.4756,0.0,1.1836,1,39951.0,2.2,0.0,0.0,0.0,0.0,0.0,0.0,1.1836,0.0
2787,2002-09-05,SZSE:000768,0.0954,1.8886,1.7488,0.0,0.0,3253.3592,0.0,0.0,0.0,0.0,0.0,0.0,32.2062,41.9084,41.9083,0.0,0.0,0,3372.8048,44.8907,22.4052,0.0,0.0,3.4006,0.0,1.5451,1,39951.0,2.2,0.0,0.0,0.0,0.0,0.0,0.0,1.5451,0.0
2788,2002-09-06,SZSE:000768,0.1098,1.8864,1.7467,0.0,0.0,3249.4455,0.0,0.0,0.0,0.0,0.0,0.0,32.2094,41.4723,41.4723,0.0,0.0,0,3368.8911,44.8386,22.3792,0.0,0.0,3.3966,0.0,1.1213,1,39951.0,2.2,0.0,0.0,0.0,0.0,0.0,0.0,1.1213,0.0
2789,2002-09-09,SZSE:000768,0.1098,1.8545,1.7173,0.0,0.0,3194.6358,0.0,0.0,0.0,0.0,0.0,0.0,29.1894,35.8472,35.8472,0.0,0.0,0,3314.0814,44.1091,22.0151,0.0,0.0,3.3414,0.0,1.2612,1,39951.0,2.2,0.0,0.0,0.0,0.0,0.0,0.0,1.2612,0.0
2790,2002-09-10,SZSE:000768,0.1098,1.8568,1.7194,0.0,0.0,3198.553,0.0,0.0,0.0,0.0,0.0,0.0,28.5538,36.51,36.5098,0.0,0.0,0,3317.9986,44.1613,22.0411,0.0,0.0,3.3453,0.0,1.0226,1,39951.0,2.2,0.0,0.0,0.0,0.0,0.0,0.0,1.0226,0.0
2791,2002-09-11,SZSE:000768,0.1098,1.8455,1.7088,0.0,0.0,3178.9756,0.0,0.0,0.0,0.0,0.0,0.0,28.5443,34.5867,34.5867,0.0,0.0,0,3298.4212,43.9007,21.9111,0.0,0.0,3.3256,0.0,1.5598,1,39951.0,2.2,0.0,0.0,0.0,0.0,0.0,0.0,1.5598,0.0
2792,2002-09-12,SZSE:000768,0.1098,1.8591,1.7215,0.0,0.0,3202.4633,0.0,0.0,0.0,0.0,0.0,0.0,28.5396,38.7551,38.7549,0.0,0.0,0,3321.9089,44.2133,22.0671,0.0,0.0,3.3493,0.0,0.6263,1,39951.0,2.2,0.0,0.0,0.0,0.0,0.0,0.0,0.6263,0.0
2793,2002-09-13,SZSE:000768,0.2231,1.85,1.713,0.0,0.0,3186.8066,0.0,0.0,0.0,0.0,0.0,0.0,28.4526,37.0598,37.0596,0.0,0.0,0,3306.2522,44.0049,21.9631,0.0,0.0,3.3335,0.0,0.5705,1,39951.0,2.2,0.0,0.0,0.0,0.0,0.0,0.0,0.5705,0.0
2794,2002-09-16,SZSE:000768,0.2231,1.8205,1.6857,0.0,0.0,3135.9106,0.0,0.0,0.0,0.0,0.0,0.0,28.1791,32.1382,32.138,0.0,0.0,0,3255.3562,43.3275,21.625,0.0,0.0,3.2822,0.0,1.1827,1,39951.0,2.2,0.0,0.0,0.0,0.0,0.0,0.0,1.1827,0.0
2795,2002-09-17,SZSE:000768,0.2231,1.8318,1.6962,0.0,0.0,3155.4862,0.0,0.0,0.0,0.0,0.0,0.0,28.1854,35.6765,35.6762,0.0,0.0,0,3274.9319,43.5881,21.755,0.0,0.0,3.3019,0.0,0.9439,1,39951.0,2.2,0.0,0.0,0.0,0.0,0.0,0.0,0.9439,0.0
2796,2002-09-18,SZSE:000768,0.2231,1.8227,1.6878,0.0,0.0,3139.8244,0.0,0.0,0.0,0.0,0.0,0.0,27.662,34.1426,34.1423,0.0,0.0,0,3259.27,43.3796,21.651,0.0,0.0,3.2861,0.0,0.5105,1,39951.0,2.2,0.0,0.0,0.0,0.0,0.0,0.0,0.5105,0.0
2797,2002-09-19,SZSE:000768,0.2231,1.8409,1.7046,0.0,0.0,3171.1464,0.0,0.0,0.0,0.0,0.0,0.0,27.4944,39.7239,39.7237,0.0,0.0,0,3290.592,43.7965,21.8591,0.0,0.0,3.3177,0.0,1.2889,1,39951.0,2.2,0.0,0.0,0.0,0.0,0.0,0.0,1.2889,0.0
2798,2002-09-20,SZSE:000768,0.3112,1.8318,1.6962,0.0,0.0,3155.4862,0.0,0.0,0.0,0.0,0.0,0.0,27.4138,37.9904,37.9902,0.0,0.0,0,3274.9319,43.5881,21.755,0.0,0.0,3.3019,0.0,0.5161,1,39951.0,2.2,0.0,0.0,0.0,0.0,0.0,0.0,0.5161,0.0
2799,2002-09-23,SZSE:000768,0.3112,1.8182,1.6836,0.0,0.0,3131.9952,0.0,0.0,0.0,0.0,0.0,0.0,26.8035,35.4885,35.4884,0.0,0.0,0,3251.4408,43.2754,21.599,0.0,0.0,3.2782,0.0,0.4864,1,39951.0,2.2,0.0,0.0,0.0,0.0,0.0,0.0,0.4864,0.0
2800,2002-09-24,SZSE:000768,0.3112,1.8068,1.6731,0.0,0.0,3112.4212,0.0,0.0,0.0,0.0,0.0,0.0,19.0938,33.5084,33.5082,0.0,0.0,0,3231.8669,43.0149,21.469,0.0,0.0,3.2585,0.0,0.9616,1,39951.0,2.2,0.0,0.0,0.0,0.0,0.0,0.0,0.9616,0.0
2801,2002-09-25,SZSE:000768,0.3112,1.8068,1.6731,0.0,0.0,3112.4212,0.0,0.0,0.0,0.0,0.0,0.0,18.1309,33.5084,33.5082,0.0,0.0,0,3231.8669,43.0149,21.469,0.0,0.0,3.2585,0.0,0.5981,1,39951.0,2.2,0.0,0.0,0.0,0.0,0.0,0.0,0.5981,0.0
2802,2002-09-26,SZSE:000768,0.3112,1.7955,1.6625,0.0,0.0,3092.8473,0.0,0.0,0.0,0.0,0.0,0.0,17.8321,31.4718,31.4715,0.0,0.0,0,3212.293,42.7544,21.3389,0.0,0.0,3.2387,0.0,0.5927,1,39951.0,2.2,0.0,0.0,0.0,0.0,0.0,0.0,0.5927,0.0
2803,2002-09-27,SZSE:000768,0.3473,1.7727,1.6415,0.0,0.0,3053.6978,0.0,0.0,0.0,0.0,0.0,0.0,17.9175,27.8287,27.8285,0.0,0.0,0,3173.1434,42.2333,21.0789,0.0,0.0,3.1993,0.0,0.9918,1,39951.0,2.2,0.0,0.0,0.0,0.0,0.0,0.0,0.9918,0.0
2804,2002-09-30,SZSE:000768,0.3473,0.0,1.6415,0.0,0.0,3053.6978,0.0,0.0,0.0,0.0,0.0,0.0,17.9111,0.0,0.0,0.0,0.0,0,3173.1434,42.2333,21.0789,0.0,0.0,3.1993,0.0,0.0,1,39951.0,2.2,0.0,0.0,0.0,0.0,0.0,0.0,0.0,0.0
2805,2002-10-01,SZSE:000768,0.3473,0.0,1.6415,0.0,0.0,3053.6978,0.0,0.0,0.0,0.0,0.0,0.0,17.7989,0.0,0.0,0.0,0.0,0,3173.1434,42.2333,21.0789,0.0,0.0,3.1993,0.0,0.0,1,39951.0,2.2,0.0,0.0,0.0,0.0,0.0,0.0,0.0,0.0
2806,2002-10-02,SZSE:000768,0.3473,0.0,1.6415,0.0,0.0,3053.6978,0.0,0.0,0.0,0.0,0.0,0.0,17.1901,0.0,0.0,0.0,0.0,0,3173.1434,42.2333,21.0789,0.0,0.0,3.1993,0.0,0.0,1,39951.0,2.2,0.0,0.0,0.0,0.0,0.0,0.0,0.0,0.0
2807,2002-10-03,SZSE:000768,0.3473,0.0,1.6415,0.0,0.0,3053.6978,0.0,0.0,0.0,0.0,0.0,0.0,16.9245,0.0,0.0,0.0,0.0,0,3173.1434,42.2333,21.0789,0.0,0.0,3.1993,0.0,0.0,1,39951.0,2.2,0.0,0.0,0.0,0.0,0.0,0.0,0.0,0.0
2808,2002-10-04,SZSE:000768,0.3466,0.0,1.6415,0.0,0.0,3053.6978,0.0,0.0,0.0,0.0,0.0,0.0,16.8676,0.0,0.0,0.0,0.0,0,3173.1434,42.2333,21.0789,0.0,0.0,3.1993,0.0,0.0,1,39951.0,2.2,0.0,0.0,0.0,0.0,0.0,0.0,0.0,0.0
2809,2002-10-07,SZSE:000768,0.3466,0.0,1.6415,0.0,0.0,3053.6978,0.0,0.0,0.0,0.0,0.0,0.0,16.7348,0.0,0.0,0.0,0.0,0,3173.1434,42.2333,21.0789,0.0,0.0,3.1993,0.0,0.0,1,39951.0,2.2,0.0,0.0,0.0,0.0,0.0,0.0,0.0,0.0
2810,2002-10-08,SZSE:000768,0.3466,1.7659,1.6352,0.0,0.0,3041.9514,0.0,0.0,0.0,0.0,0.0,0.0,15.7466,26.8253,26.8251,0.0,0.0,0,3161.397,42.077,21.0008,0.0,0.0,3.1874,0.0,0.4678,1,39951.0,2.2,0.0,0.0,0.0,0.0,0.0,0.0,0.4678,0.0
2811,2002-10-09,SZSE:000768,0.3466,1.7591,1.6289,0.0,0.0,3030.205,0.0,0.0,0.0,0.0,0.0,0.0,15.726,25.8226,25.8223,0.0,0.0,0,3149.6506,41.9206,20.9228,0.0,0.0,3.1756,0.0,0.6315,1,39951.0,2.2,0.0,0.0,0.0,0.0,0.0,0.0,0.6315,0.0
2812,2002-10-10,SZSE:000768,0.3466,1.7614,1.631,0.0,0.0,3034.1222,0.0,0.0,0.0,0.0,0.0,0.0,15.6438,26.8052,26.805,0.0,0.0,0,3153.5678,41.9728,20.9488,0.0,0.0,3.1795,0.0,0.6239,1,39951.0,2.2,0.0,0.0,0.0,0.0,0.0,0.0,0.6239,0.0
2813,2002-10-11,SZSE:000768,0.3777,1.75,1.6204,0.0,0.0,3014.5448,0.0,0.0,0.0,0.0,0.0,0.0,15.4461,25.0214,25.0212,0.0,0.0,0,3133.9905,41.7122,20.8188,0.0,0.0,3.1598,0.0,0.4892,1,39951.0,2.2,0.0,0.0,0.0,0.0,0.0,0.0,0.4892,0.0
2814,2002-10-14,SZSE:000768,0.3777,1.7727,1.6415,0.0,0.0,3053.6978,0.0,0.0,0.0,0.0,0.0,0.0,15.6612,34.4206,34.4207,0.0,0.0,0,3173.1434,42.2333,21.0789,0.0,0.0,3.1993,0.0,1.5042,1,39951.0,2.2,0.0,0.0,0.0,0.0,0.0,0.0,1.5042,0.0
2815,2002-10-15,SZSE:000768,0.3777,1.75,1.6204,0.0,0.0,3014.5448,0.0,0.0,0.0,0.0,0.0,0.0,15.5236,30.3265,30.3265,0.0,0.0,0,3133.9905,41.7122,20.8188,0.0,0.0,3.1598,0.0,0.9697,1,39951.0,2.2,0.0,0.0,0.0,0.0,0.0,0.0,0.9697,0.0
2816,2002-10-16,SZSE:000768,0.3777,1.7682,1.6373,0.0,0.0,3045.8652,0.0,0.0,0.0,0.0,0.0,0.0,15.4888,36.8022,36.8022,0.0,0.0,0,3165.3108,42.1291,21.0268,0.0,0.0,3.1914,0.0,0.7547,1,39951.0,2.2,0.0,0.0,0.0,0.0,0.0,0.0,0.7547,0.0
2817,2002-10-17,SZSE:000768,0.3777,1.7455,1.6162,0.0,0.0,3006.7156,0.0,0.0,0.0,0.0,0.0,0.0,15.5157,32.7097,32.7098,0.0,0.0,0,3126.1612,41.608,20.7668,0.0,0.0,3.1519,0.0,0.9617,1,39951.0,2.2,0.0,0.0,0.0,0.0,0.0,0.0,0.9617,0.0
2818,2002-10-18,SZSE:000768,0.3181,1.7318,1.6036,0.0,0.0,2983.2262,0.0,0.0,0.0,0.0,0.0,0.0,15.4983,30.517,30.517,0.0,0.0,0,3102.6719,41.2954,20.6107,0.0,0.0,3.1282,0.0,0.5947,1,39951.0,2.2,0.0,0.0,0.0,0.0,0.0,0.0,0.5947,0.0
2819,2002-10-21,SZSE:000768,0.3181,1.7477,1.6183,0.0,0.0,3010.6294,0.0,0.0,0.0,0.0,0.0,0.0,15.6343,35.9144,35.9146,0.0,0.0,0,3130.075,41.6601,20.7928,0.0,0.0,3.1558,0.0,0.5063,1,39951.0,2.2,0.0,0.0,0.0,0.0,0.0,0.0,0.5063,0.0
2820,2002-10-22,SZSE:000768,0.3181,1.7727,1.6415,0.0,0.0,3053.6978,0.0,0.0,0.0,0.0,0.0,0.0,15.2959,43.361,43.3611,0.0,0.0,0,3173.1434,42.2333,21.0789,0.0,0.0,3.1993,0.0,0.8583,1,39951.0,2.2,0.0,0.0,0.0,0.0,0.0,0.0,0.8583,0.0
2821,2002-10-23,SZSE:000768,0.3181,1.7818,1.6499,0.0,0.0,3069.358,0.0,0.0,0.0,0.0,0.0,0.0,15.2232,45.826,45.8261,0.0,0.0,0,3188.8036,42.4417,21.1829,0.0,0.0,3.2151,0.0,0.6185,1,39951.0,2.2,0.0,0.0,0.0,0.0,0.0,0.0,0.6185,0.0
2822,2002-10-24,SZSE:000768,0.3181,1.7614,1.631,0.0,0.0,3034.1222,0.0,0.0,0.0,0.0,0.0,0.0,15.3323,41.4544,41.4544,0.0,0.0,0,3153.5678,41.9728,20.9488,0.0,0.0,3.1795,0.0,0.6333,1,39951.0,2.2,0.0,0.0,0.0,0.0,0.0,0.0,0.6333,0.0
2823,2002-10-25,SZSE:000768,0.3181,1.75,1.6204,0.0,0.0,3014.5448,0.0,0.0,0.0,0.0,0.0,0.0,15.3576,39.216,39.2159,0.0,0.0,0,3142.7456,39.3757,22.2739,0.0,0.0,3.1211,0.0,0.7413,1,39951.0,2.2,0.0,0.0,0.0,0.0,0.0,0.0,0.7413,0.0
2824,2002-10-28,SZSE:000768,0.3181,1.7273,1.5994,0.0,0.0,2975.3936,0.0,0.0,0.0,0.0,0.0,0.0,15.5173,35.1305,35.1306,0.0,0.0,0,3103.5943,38.8852,21.9964,0.0,0.0,3.0822,0.0,0.6908,1,39951.0,2.2,0.0,0.0,0.0,0.0,0.0,0.0,0.6908,0.0
2825,2002-10-29,SZSE:000768,0.3181,1.7341,1.6057,0.0,0.0,2987.14,0.0,0.0,0.0,0.0,0.0,0.0,15.1489,37.243,37.243,0.0,0.0,0,3115.3407,39.0324,22.0796,0.0,0.0,3.0939,0.0,1.0725,1,39951.0,2.2,0.0,0.0,0.0,0.0,0.0,0.0,1.0725,0.0
2826,2002-10-30,SZSE:000768,0.3181,1.7409,1.612,0.0,0.0,2998.8864,0.0,0.0,0.0,0.0,0.0,0.0,15.0003,39.3692,39.3692,0.0,0.0,0,3127.0871,39.1795,22.1629,0.0,0.0,3.1055,0.0,0.7645,1,39951.0,2.2,0.0,0.0,0.0,0.0,0.0,0.0,0.7645,0.0
2827,2002-10-31,SZSE:000768,0.3181,1.7409,1.612,0.0,0.0,2998.8864,0.0,0.0,0.0,0.0,0.0,0.0,14.1291,39.3692,39.3692,0.0,0.0,0,3127.0871,39.1795,22.1629,0.0,0.0,3.1055,0.0,0.672,1,39951.0,2.2,0.0,0.0,0.0,0.0,0.0,0.0,0.672,0.0
2828,2002-11-01,SZSE:000768,0.3228,1.7523,1.6226,0.0,0.0,3018.462,0.0,0.0,0.0,0.0,0.0,0.0,14.2081,43.0956,43.0956,0.0,0.0,0,3146.6628,39.4248,22.3016,0.0,0.0,3.125,0.0,1.0904,1,39951.0,2.2,0.0,0.0,0.0,0.0,0.0,0.0,1.0904,0.0
2829,2002-11-04,SZSE:000768,0.3228,1.7705,1.6394,0.0,0.0,3049.7806,0.0,0.0,0.0,0.0,0.0,0.0,14.3473,48.5443,48.5443,0.0,0.0,0,3177.9814,39.8172,22.5236,0.0,0.0,3.1561,0.0,0.6631,1,39951.0,2.2,0.0,0.0,0.0,0.0,0.0,0.0,0.6631,0.0
2830,2002-11-05,SZSE:000768,0.3228,1.8045,1.671,0.0,0.0,3108.5041,0.0,0.0,0.0,0.0,0.0,0.0,14.8896,56.8812,56.8811,0.0,0.0,0,3236.7048,40.5529,22.9398,0.0,0.0,3.2144,0.0,2.1511,1,39951.0,2.2,0.0,0.0,0.0,0.0,0.0,0.0,2.1511,0.0
2831,2002-11-06,SZSE:000768,0.3228,1.7909,1.6583,0.0,0.0,3085.0147,0.0,0.0,0.0,0.0,0.0,0.0,14.7615,53.1702,53.1703,0.0,0.0,0,3213.2154,40.2586,22.7733,0.0,0.0,3.1911,0.0,0.5959,1,39951.0,2.2,0.0,0.0,0.0,0.0,0.0,0.0,0.5959,0.0
2832,2002-11-07,SZSE:000768,0.3228,1.7886,1.6562,0.0,0.0,3081.1009,0.0,0.0,0.0,0.0,0.0,0.0,14.7362,52.555,52.555,0.0,0.0,0,3209.3017,40.2096,22.7456,0.0,0.0,3.1872,0.0,0.6378,1,39951.0,2.2,0.0,0.0,0.0,0.0,0.0,0.0,0.6378,0.0
2833,2002-11-08,SZSE:000768,0.3315,1.7205,1.5931,0.0,0.0,2963.6523,0.0,0.0,0.0,0.0,0.0,0.0,16.4217,38.2511,38.2512,0.0,0.0,0,3091.8531,38.7381,21.9132,0.0,0.0,3.0706,0.0,1.0644,1,39951.0,2.2,0.0,0.0,0.0,0.0,0.0,0.0,1.0644,0.0
2834,2002-11-11,SZSE:000768,0.3315,1.7159,1.5889,0.0,0.0,2955.8197,0.0,0.0,0.0,0.0,0.0,0.0,16.3126,37.5178,37.5178,0.0,0.0,0,3084.0204,38.64,21.8576,0.0,0.0,3.0628,0.0,0.7889,1,39951.0,2.2,0.0,0.0,0.0,0.0,0.0,0.0,0.7889,0.0
2835,2002-11-12,SZSE:000768,0.3315,1.7045,1.5784,0.0,0.0,2936.2441,0.0,0.0,0.0,0.0,0.0,0.0,15.3892,35.6768,35.6769,0.0,0.0,0,3064.4448,38.3947,21.7189,0.0,0.0,3.0433,0.0,2.5312,1,39951.0,2.2,0.0,0.0,0.0,0.0,0.0,0.0,2.5312,0.0
2836,2002-11-13,SZSE:000768,0.3315,1.8023,1.6689,0.0,0.0,3104.5886,0.0,0.0,0.0,0.0,0.0,0.0,19.0021,55.7749,55.7749,0.0,0.0,0,3232.7893,40.5039,22.912,0.0,0.0,3.2105,0.0,11.2709,1,39951.0,2.2,0.0,0.0,0.0,0.0,0.0,0.0,11.2709,0.0
2837,2002-11-14,SZSE:000768,0.3315,1.7273,1.5994,0.0,0.0,2975.3936,0.0,0.0,0.0,0.0,0.0,0.0,20.6038,44.3278,44.3278,0.0,0.0,0,3103.5943,38.8852,21.9964,0.0,0.0,3.0822,0.0,5.838,1,39951.0,2.2,0.0,0.0,0.0,0.0,0.0,0.0,5.838,0.0
2838,2002-11-15,SZSE:000768,0.3432,1.7477,1.6183,0.0,0.0,3010.6294,0.0,0.0,0.0,0.0,0.0,0.0,20.7588,47.493,47.493,0.0,0.0,0,3138.8301,39.3267,22.2461,0.0,0.0,3.1172,0.0,4.7157,1,39951.0,2.2,0.0,0.0,0.0,0.0,0.0,0.0,4.7157,0.0
2839,2002-11-18,SZSE:000768,0.3432,1.675,1.551,0.0,0.0,2885.3498,0.0,0.0,0.0,0.0,0.0,0.0,22.2356,39.0025,39.0025,0.0,0.0,0,3013.5506,37.757,21.3582,0.0,0.0,2.9928,0.0,3.8962,1,39951.0,2.2,0.0,0.0,0.0,0.0,0.0,0.0,3.8962,0.0
2840,2002-11-19,SZSE:000768,0.3432,1.6818,1.5573,0.0,0.0,2897.0962,0.0,0.0,0.0,0.0,0.0,0.0,22.2276,40.0841,40.0841,0.0,0.0,0,3025.297,37.9042,21.4414,0.0,0.0,3.0045,0.0,1.8345,1,39951.0,2.2,0.0,0.0,0.0,0.0,0.0,0.0,1.8345,0.0
2841,2002-11-20,SZSE:000768,0.3432,1.5955,1.4773,0.0,0.0,2748.3256,0.0,0.0,0.0,0.0,0.0,0.0,23.9669,32.2778,32.2778,0.0,0.0,0,2876.5264,36.0402,20.3871,0.0,0.0,2.8567,0.0,2.6712,1,39951.0,2.2,0.0,0.0,0.0,0.0,0.0,0.0,2.6712,0.0
2842,2002-11-21,SZSE:000768,0.3432,1.5591,1.4437,0.0,0.0,2685.6867,0.0,0.0,0.0,0.0,0.0,0.0,24.163,29.6588,29.6588,0.0,0.0,0,2813.8874,35.2554,19.9431,0.0,0.0,2.7945,0.0,2.1441,1,39951.0,2.2,0.0,0.0,0.0,0.0,0.0,0.0,2.1441,0.0
2843,2002-11-22,SZSE:000768,0.2906,1.5705,1.4542,0.0,0.0,2705.2623,0.0,0.0,0.0,0.0,0.0,0.0,24.2151,31.5286,31.5285,0.0,0.0,0,2833.4631,35.5007,20.0818,0.0,0.0,2.8139,0.0,1.843,1,39951.0,2.2,0.0,0.0,0.0,0.0,0.0,0.0,1.843,0.0
2844,2002-11-25,SZSE:000768,0.2906,1.5932,1.4752,0.0,0.0,2744.4102,0.0,0.0,0.0,0.0,0.0,0.0,24.4539,35.2362,35.2362,0.0,0.0,0,2872.6109,35.9912,20.3593,0.0,0.0,2.8528,0.0,0.6777,1,39951.0,2.2,0.0,0.0,0.0,0.0,0.0,0.0,0.6777,0.0
2845,2002-11-26,SZSE:000768,0.2906,1.55,1.4353,0.0,0.0,2670.0266,0.0,0.0,0.0,0.0,0.0,0.0,24.8017,31.7215,31.7215,0.0,0.0,0,2798.2273,35.0592,19.8321,0.0,0.0,2.779,0.0,1.9103,1,39951.0,2.2,0.0,0.0,0.0,0.0,0.0,0.0,1.9103,0.0
2846,2002-11-27,SZSE:000768,0.2906,1.5682,1.4521,0.0,0.0,2701.3434,0.0,0.0,0.0,0.0,0.0,0.0,24.9346,34.6759,34.6759,0.0,0.0,0,2829.5442,35.4516,20.0541,0.0,0.0,2.8101,0.0,1.752,1,39951.0,2.2,0.0,0.0,0.0,0.0,0.0,0.0,1.752,0.0
2847,2002-11-28,SZSE:000768,0.2906,1.6091,1.49,0.0,0.0,2771.815,0.0,0.0,0.0,0.0,0.0,0.0,25.5512,40.8755,40.8755,0.0,0.0,0,2900.0157,36.3345,20.5535,0.0,0.0,2.88,0.0,1.914,1,39951.0,2.2,0.0,0.0,0.0,0.0,0.0,0.0,1.914,0.0
2848,2002-11-29,SZSE:000768,0.3106,1.6273,1.5068,0.0,0.0,2803.137,0.0,0.0,0.0,0.0,0.0,0.0,25.665,43.4447,43.4447,0.0,0.0,0,2931.3378,36.727,20.7755,0.0,0.0,2.9111,0.0,3.3579,1,39951.0,2.2,0.0,0.0,0.0,0.0,0.0,0.0,3.3579,0.0
2849,2002-12-02,SZSE:000768,0.3106,1.5659,1.45,0.0,0.0,2697.4331,0.0,0.0,0.0,0.0,0.0,0.0,26.6501,37.5195,37.5195,0.0,0.0,0,2825.6339,35.4026,20.0264,0.0,0.0,2.8062,0.0,1.3455,1,39951.0,2.2,0.0,0.0,0.0,0.0,0.0,0.0,1.3455,0.0
2850,2002-12-03,SZSE:000768,0.3106,1.5818,1.4647,0.0,0.0,2724.8362,0.0,0.0,0.0,0.0,0.0,0.0,26.7639,39.8113,39.8112,0.0,0.0,0,2853.037,35.7459,20.2206,0.0,0.0,2.8334,0.0,0.8195,1,39951.0,2.2,0.0,0.0,0.0,0.0,0.0,0.0,0.8195,0.0
2851,2002-12-04,SZSE:000768,0.3106,1.5886,1.471,0.0,0.0,2736.5792,0.0,0.0,0.0,0.0,0.0,0.0,26.7829,40.8132,40.8131,0.0,0.0,0,2864.7799,35.8931,20.3038,0.0,0.0,2.845,0.0,1.0073,1,39951.0,2.2,0.0,0.0,0.0,0.0,0.0,0.0,1.0073,0.0
2852,2002-12-05,SZSE:000768,0.3106,1.5818,1.4647,0.0,0.0,2724.8362,0.0,0.0,0.0,0.0,0.0,0.0,26.4983,40.0944,40.0943,0.0,0.0,0,2853.037,35.7459,20.2206,0.0,0.0,2.8334,0.0,0.6529,1,39951.0,2.2,0.0,0.0,0.0,0.0,0.0,0.0,0.6529,0.0
2853,2002-12-06,SZSE:000768,0.3261,1.575,1.4584,0.0,0.0,2713.0898,0.0,0.0,0.0,0.0,0.0,0.0,26.4983,39.348,39.3479,0.0,0.0,0,2841.2906,35.5988,20.1373,0.0,0.0,2.8217,0.0,0.4559,1,39951.0,2.2,0.0,0.0,0.0,0.0,0.0,0.0,0.4559,0.0
2854,2002-12-09,SZSE:000768,0.3261,1.5909,1.4731,0.0,0.0,2740.4964,0.0,0.0,0.0,0.0,0.0,0.0,26.4619,42.0584,42.0584,0.0,0.0,0,2868.6971,35.9422,20.3316,0.0,0.0,2.8489,0.0,1.0622,1,39951.0,2.2,0.0,0.0,0.0,0.0,0.0,0.0,1.0622,0.0
2855,2002-12-10,SZSE:000768,0.3261,1.5614,1.4458,0.0,0.0,2689.6022,0.0,0.0,0.0,0.0,0.0,0.0,26.6454,38.608,38.6079,0.0,0.0,0,2817.8029,35.3045,19.9709,0.0,0.0,2.7984,0.0,0.6308,1,39951.0,2.2,0.0,0.0,0.0,0.0,0.0,0.0,0.6308,0.0
2856,2002-12-11,SZSE:000768,0.3261,1.5455,1.431,0.0,0.0,2662.1973,0.0,0.0,0.0,0.0,0.0,0.0,26.6786,36.8547,36.8546,0.0,0.0,0,2790.3981,34.9611,19.7766,0.0,0.0,2.7712,0.0,0.8748,1,39951.0,2.2,0.0,0.0,0.0,0.0,0.0,0.0,0.8748,0.0
2857,2002-12-12,SZSE:000768,0.3261,1.55,1.4353,0.0,0.0,2670.0266,0.0,0.0,0.0,0.0,0.0,0.0,26.6264,37.7248,37.7248,0.0,0.0,0,2798.2273,35.0592,19.8321,0.0,0.0,2.779,0.0,0.612,1,39951.0,2.2,0.0,0.0,0.0,0.0,0.0,0.0,0.612,0.0
2858,2002-12-13,SZSE:000768,0.2959,1.5636,1.4479,0.0,0.0,2693.5159,0.0,0.0,0.0,0.0,0.0,0.0,26.7197,40.3792,40.3791,0.0,0.0,0,2821.7167,35.3535,19.9986,0.0,0.0,2.8023,0.0,1.5836,1,39951.0,2.2,0.0,0.0,0.0,0.0,0.0,0.0,1.5836,0.0
2859,2002-12-16,SZSE:000768,0.2959,1.5727,1.4563,0.0,0.0,2709.1744,0.0,0.0,0.0,0.0,0.0,0.0,26.6311,42.1494,42.1493,0.0,0.0,0,2837.3751,35.5497,20.1096,0.0,0.0,2.8178,0.0,1.3869,1,39951.0,2.2,0.0,0.0,0.0,0.0,0.0,0.0,1.3869,0.0
2860,2002-12-17,SZSE:000768,0.2959,1.5909,1.4731,0.0,0.0,2740.4964,0.0,0.0,0.0,0.0,0.0,0.0,26.7165,45.6271,45.6271,0.0,0.0,0,2868.6971,35.9422,20.3316,0.0,0.0,2.8489,0.0,1.3965,1,39951.0,2.2,0.0,0.0,0.0,0.0,0.0,0.0,1.3965,0.0
2861,2002-12-18,SZSE:000768,0.2959,1.5773,1.4605,0.0,0.0,2717.0036,0.0,0.0,0.0,0.0,0.0,0.0,26.7418,43.5142,43.5142,0.0,0.0,0,2845.2043,35.6478,20.1651,0.0,0.0,2.8256,0.0,1.1202,1,39951.0,2.2,0.0,0.0,0.0,0.0,0.0,0.0,1.1202,0.0
2862,2002-12-19,SZSE:000768,0.2959,1.5818,1.4647,0.0,0.0,2724.8362,0.0,0.0,0.0,0.0,0.0,0.0,26.6517,44.438,44.438,0.0,0.0,0,2853.037,35.7459,20.2206,0.0,0.0,2.8334,0.0,0.9147,1,39951.0,2.2,0.0,0.0,0.0,0.0,0.0,0.0,0.9147,0.0
2863,2002-12-20,SZSE:000768,0.2954,1.6,1.4816,0.0,0.0,2756.1566,0.0,0.0,0.0,0.0,0.0,0.0,26.7829,48.0938,48.0938,0.0,0.0,0,2884.3573,36.1384,20.4426,0.0,0.0,2.8645,0.0,1.4218,1,39951.0,2.2,0.0,0.0,0.0,0.0,0.0,0.0,1.4218,0.0
2864,2002-12-23,SZSE:000768,0.2954,1.6023,1.4837,0.0,0.0,2760.072,0.0,0.0,0.0,0.0,0.0,0.0,26.7687,48.5496,48.5496,0.0,0.0,0,2888.2728,36.1874,20.4703,0.0,0.0,2.8684,0.0,1.4597,1,39951.0,2.2,0.0,0.0,0.0,0.0,0.0,0.0,1.4597,0.0
2865,2002-12-24,SZSE:000768,0.2954,1.5955,1.4773,0.0,0.0,2748.3256,0.0,0.0,0.0,0.0,0.0,0.0,26.7592,47.2103,47.2104,0.0,0.0,0,2876.5264,36.0402,20.3871,0.0,0.0,2.8567,0.0,0.9346,1,39951.0,2.2,0.0,0.0,0.0,0.0,0.0,0.0,0.9346,0.0
2866,2002-12-25,SZSE:000768,0.2954,1.5773,1.4605,0.0,0.0,2717.0036,0.0,0.0,0.0,0.0,0.0,0.0,26.8224,43.7451,43.7451,0.0,0.0,0,2845.2043,35.6478,20.1651,0.0,0.0,2.8256,0.0,0.8203,1,39951.0,2.2,0.0,0.0,0.0,0.0,0.0,0.0,0.8203,0.0
2867,2002-12-26,SZSE:000768,0.2954,1.5227,1.41,0.0,0.0,2623.0444,0.0,0.0,0.0,0.0,0.0,0.0,27.5861,35.3604,35.3604,0.0,0.0,0,2751.2451,34.4706,19.4991,0.0,0.0,2.7323,0.0,1.2691,1,39951.0,2.2,0.0,0.0,0.0,0.0,0.0,0.0,1.2691,0.0
2868,2002-12-27,SZSE:000768,0.3268,1.5364,1.4226,0.0,0.0,2646.5372,0.0,0.0,0.0,0.0,0.0,0.0,27.6004,38.5328,38.5327,0.0,0.0,0,2774.7379,34.7649,19.6656,0.0,0.0,2.7556,0.0,1.1934,1,39951.0,2.2,0.0,0.0,0.0,0.0,0.0,0.0,1.1934,0.0
2869,2002-12-30,SZSE:000768,0.3268,1.5,1.389,0.0,0.0,2583.8948,0.0,0.0,0.0,0.0,0.0,0.0,27.9245,33.7731,33.773,0.0,0.0,0,2712.0956,33.9801,19.2217,0.0,0.0,2.6934,0.0,1.2902,1,39951.0,2.2,0.0,0.0,0.0,0.0,0.0,0.0,1.2902,0.0
2870,2002-12-31,SZSE:000768,0.3268,1.4659,1.3574,0.0,0.0,2525.1714,0.0,0.0,0.0,0.0,0.0,0.0,27.9925,30.0286,30.0285,0.0,0.0,0,2653.3721,33.2443,18.8055,0.0,0.0,2.6351,0.0,0.9794,1,39951.0,2.2,0.0,0.0,0.0,0.0,0.0,0.0,0.9794,0.0
2871,2003-01-01,SZSE:000768,0.3268,0.0,1.3574,0.0,0.0,2525.1714,0.0,0.0,0.0,0.0,0.0,0.0,27.9925,0.0,0.0,0.0,0.0,0,2653.3721,33.2443,18.8055,0.0,0.0,2.6351,0.0,0.0,1,39951.0,2.2,0.0,0.0,0.0,0.0,0.0,0.0,0.0,0.0
2872,2003-01-02,SZSE:000768,0.3268,1.4432,1.3363,0.0,0.0,2486.0202,0.0,0.0,0.0,0.0,0.0,0.0,28.0953,27.8143,27.8143,0.0,0.0,0,2614.2209,32.7538,18.528,0.0,0.0,2.5962,0.0,1.1132,1,39951.0,2.2,0.0,0.0,0.0,0.0,0.0,0.0,1.1132,0.0
2873,2003-01-03,SZSE:000768,0.364,1.45,1.3427,0.0,0.0,2497.7666,0.0,0.0,0.0,0.0,0.0,0.0,28.13,29.4941,29.494,0.0,0.0,0,2625.9673,32.901,18.6112,0.0,0.0,2.6079,0.0,1.1436,1,39951.0,2.2,0.0,0.0,0.0,0.0,0.0,0.0,1.1436,0.0
2874,2003-01-06,SZSE:000768,0.364,1.4705,1.3616,0.0,0.0,2533.0023,0.0,0.0,0.0,0.0,0.0,0.0,28.3198,34.4238,34.4235,0.0,0.0,0,2661.2031,33.3424,18.861,0.0,0.0,2.6429,0.0,0.7331,1,39951.0,2.2,0.0,0.0,0.0,0.0,0.0,0.0,0.7331,0.0
2875,2003-01-07,SZSE:000768,0.364,1.4727,1.3637,0.0,0.0,2536.9178,0.0,0.0,0.0,0.0,0.0,0.0,28.3277,34.9679,34.9677,0.0,0.0,0,2665.1185,33.3915,18.8887,0.0,0.0,2.6468,0.0,0.8748,1,39951.0,2.2,0.0,0.0,0.0,0.0,0.0,0.0,0.8748,0.0
2876,2003-01-08,SZSE:000768,0.364,1.5114,1.3995,0.0,0.0,2603.4705,0.0,0.0,0.0,0.0,0.0,0.0,28.8716,43.543,43.543,0.0,0.0,0,2731.6712,34.2253,19.3604,0.0,0.0,2.7129,0.0,1.3004,1,39951.0,2.2,0.0,0.0,0.0,0.0,0.0,0.0,1.3004,0.0
2877,2003-01-09,SZSE:000768,0.364,1.5341,1.4205,0.0,0.0,2642.62,0.0,0.0,0.0,0.0,0.0,0.0,29.0645,47.8954,47.8953,0.0,0.0,0,2770.8207,34.7158,19.6379,0.0,0.0,2.7517,0.0,2.4796,1,39951.0,2.2,0.0,0.0,0.0,0.0,0.0,0.0,2.4796,0.0
2878,2003-01-10,SZSE:000768,0.3376,1.5182,1.4058,0.0,0.0,2615.2152,0.0,0.0,0.0,0.0,0.0,0.0,29.1024,45.2648,45.2647,0.0,0.0,0,2743.4159,34.3725,19.4436,0.0,0.0,2.7245,0.0,1.9856,1,39951.0,2.2,0.0,0.0,0.0,0.0,0.0,0.0,1.9856,0.0
2879,2003-01-13,SZSE:000768,0.3376,1.5159,1.4037,0.0,0.0,2611.3014,0.0,0.0,0.0,0.0,0.0,0.0,29.0914,44.8856,44.8855,0.0,0.0,0,2739.5021,34.3235,19.4159,0.0,0.0,2.7206,0.0,1.0619,1,39951.0,2.2,0.0,0.0,0.0,0.0,0.0,0.0,1.0619,0.0
2880,2003-01-14,SZSE:000768,0.3376,1.5932,1.4752,0.0,0.0,2744.4102,0.0,0.0,0.0,0.0,0.0,0.0,30.6646,57.8251,57.8252,0.0,0.0,0,2872.6109,35.9912,20.3593,0.0,0.0,2.8528,0.0,5.4049,1,39951.0,2.2,0.0,0.0,0.0,0.0,0.0,0.0,5.4049,0.0
2881,2003-01-15,SZSE:000768,0.3376,1.5795,1.4626,0.0,0.0,2720.9225,0.0,0.0,0.0,0.0,0.0,0.0,30.614,55.3555,55.3555,0.0,0.0,0,2849.1232,35.6969,20.1928,0.0,0.0,2.8295,0.0,3.1591,1,39951.0,2.2,0.0,0.0,0.0,0.0,0.0,0.0,3.1591,0.0
2882,2003-01-16,SZSE:000768,0.3376,1.6068,1.4879,0.0,0.0,2767.9012,0.0,0.0,0.0,0.0,0.0,0.0,30.7437,59.1165,59.1165,0.0,0.0,0,2896.102,36.2855,20.5258,0.0,0.0,2.8762,0.0,2.2507,1,39951.0,2.2,0.0,0.0,0.0,0.0,0.0,0.0,2.2507,0.0
2883,2003-01-17,SZSE:000768,0.271,1.5909,1.4731,0.0,0.0,2740.4964,0.0,0.0,0.0,0.0,0.0,0.0,30.7073,56.1451,56.1451,0.0,0.0,0,2868.6971,35.9422,20.3316,0.0,0.0,2.8489,0.0,3.1603,1,39951.0,2.2,0.0,0.0,0.0,0.0,0.0,0.0,3.1603,0.0
2884,2003-01-20,SZSE:000768,0.271,1.5909,1.4731,0.0,0.0,2740.4964,0.0,0.0,0.0,0.0,0.0,0.0,30.682,56.1451,56.1451,0.0,0.0,0,2868.6971,35.9422,20.3316,0.0,0.0,2.8489,0.0,1.4693,1,39951.0,2.2,0.0,0.0,0.0,0.0,0.0,0.0,1.4693,0.0
2885,2003-01-21,SZSE:000768,0.271,1.6273,1.5068,0.0,0.0,2803.137,0.0,0.0,0.0,0.0,0.0,0.0,30.9682,61.3015,61.3015,0.0,0.0,0,2931.3378,36.727,20.7755,0.0,0.0,2.9111,0.0,6.1043,1,39951.0,2.2,0.0,0.0,0.0,0.0,0.0,0.0,6.1043,0.0
2886,2003-01-22,SZSE:000768,0.271,1.6295,1.5089,0.0,0.0,2807.0491,0.0,0.0,0.0,0.0,0.0,0.0,30.8243,61.6051,61.6052,0.0,0.0,0,2935.2498,36.776,20.8032,0.0,0.0,2.915,0.0,4.033,1,39951.0,2.2,0.0,0.0,0.0,0.0,0.0,0.0,4.033,0.0
2887,2003-01-23,SZSE:000768,0.271,1.6159,1.4963,0.0,0.0,2783.5614,0.0,0.0,0.0,0.0,0.0,0.0,30.829,58.6308,58.6308,0.0,0.0,0,2911.7621,36.4817,20.6368,0.0,0.0,2.8917,0.0,2.9071,1,39951.0,2.2,0.0,0.0,0.0,0.0,0.0,0.0,2.9071,0.0
2888,2003-01-24,SZSE:000768,0.2097,1.6318,1.511,0.0,0.0,2810.968,0.0,0.0,0.0,0.0,0.0,0.0,30.8417,60.9971,60.997,0.0,0.0,0,2939.1687,36.8251,20.831,0.0,0.0,2.9189,0.0,3.0791,1,39951.0,2.2,0.0,0.0,0.0,0.0,0.0,0.0,3.0791,0.0
2889,2003-01-27,SZSE:000768,0.2097,1.65,1.5279,0.0,0.0,2842.2848,0.0,0.0,0.0,0.0,0.0,0.0,30.9144,63.5619,63.562,0.0,0.0,0,2970.4856,37.2175,21.053,0.0,0.0,2.95,0.0,2.7644,1,39951.0,2.2,0.0,0.0,0.0,0.0,0.0,0.0,2.7644,0.0
2890,2003-01-28,SZSE:000768,0.2097,1.6455,1.5236,0.0,0.0,2834.4573,0.0,0.0,0.0,0.0,0.0,0.0,30.8227,62.4564,62.4563,0.0,0.0,0,2962.6581,37.1194,20.9975,0.0,0.0,2.9422,0.0,1.5127,1,39951.0,2.2,0.0,0.0,0.0,0.0,0.0,0.0,1.5127,0.0
2891,2003-01-29,SZSE:000768,0.2097,1.6477,1.5257,0.0,0.0,2838.3694,0.0,0.0,0.0,0.0,0.0,0.0,30.8117,62.8046,62.8046,0.0,0.0,0,2966.5701,37.1684,21.0252,0.0,0.0,2.9461,0.0,2.0813,1,39951.0,2.2,0.0,0.0,0.0,0.0,0.0,0.0,2.0813,0.0
2892,2003-01-30,SZSE:000768,0.2097,0.0,1.5257,0.0,0.0,2838.3694,0.0,0.0,0.0,0.0,0.0,0.0,30.7974,0.0,0.0,0.0,0.0,0,2966.5701,37.1684,21.0252,0.0,0.0,2.9461,0.0,0.0,1,39951.0,2.2,0.0,0.0,0.0,0.0,0.0,0.0,0.0,0.0
2893,2003-01-31,SZSE:000768,0.209,0.0,1.5257,0.0,0.0,2838.3694,0.0,0.0,0.0,0.0,0.0,0.0,30.7974,0.0,0.0,0.0,0.0,0,2966.5701,37.1684,21.0252,0.0,0.0,2.9461,0.0,0.0,1,39951.0,2.2,0.0,0.0,0.0,0.0,0.0,0.0,0.0,0.0
2894,2003-02-03,SZSE:000768,0.209,0.0,1.5257,0.0,0.0,2838.3694,0.0,0.0,0.0,0.0,0.0,0.0,30.7642,0.0,0.0,0.0,0.0,0,2966.5701,37.1684,21.0252,0.0,0.0,2.9461,0.0,0.0,1,39951.0,2.2,0.0,0.0,0.0,0.0,0.0,0.0,0.0,0.0
2895,2003-02-04,SZSE:000768,0.209,0.0,1.5257,0.0,0.0,2838.3694,0.0,0.0,0.0,0.0,0.0,0.0,30.6852,0.0,0.0,0.0,0.0,0,2966.5701,37.1684,21.0252,0.0,0.0,2.9461,0.0,0.0,1,39951.0,2.2,0.0,0.0,0.0,0.0,0.0,0.0,0.0,0.0
2896,2003-02-05,SZSE:000768,0.209,0.0,1.5257,0.0,0.0,2838.3694,0.0,0.0,0.0,0.0,0.0,0.0,30.4259,0.0,0.0,0.0,0.0,0,2966.5701,37.1684,21.0252,0.0,0.0,2.9461,0.0,0.0,1,39951.0,2.2,0.0,0.0,0.0,0.0,0.0,0.0,0.0,0.0
2897,2003-02-06,SZSE:000768,0.209,0.0,1.5257,0.0,0.0,2838.3694,0.0,0.0,0.0,0.0,0.0,0.0,30.4021,0.0,0.0,0.0,0.0,0,2966.5701,37.1684,21.0252,0.0,0.0,2.9461,0.0,0.0,1,39951.0,2.2,0.0,0.0,0.0,0.0,0.0,0.0,0.0,0.0
2898,2003-02-07,SZSE:000768,0.2118,0.0,1.5257,0.0,0.0,2838.3694,0.0,0.0,0.0,0.0,0.0,0.0,30.4037,0.0,0.0,0.0,0.0,0,2966.5701,37.1684,21.0252,0.0,0.0,2.9461,0.0,0.0,1,39951.0,2.2,0.0,0.0,0.0,0.0,0.0,0.0,0.0,0.0
2899,2003-02-10,SZSE:000768,0.2118,1.6045,1.4858,1.6409,1.6,2763.9858,1.6182,0.0,0.0,0.0,0.0,0.0,29.9072,52.7811,52.7811,0.0,0.0,0,2892.1865,36.2365,20.498,0.0,0.0,2.8723,0.0,0.8905,1,39951.0,2.2,0.0,0.0,0.0,1.4984864817700219,1.5195071486444374,1.4816329074478032,0.8905,0.0
2900,2003-02-11,SZSE:000768,0.2118,1.6523,1.53,1.6546,1.6023,2846.1986,1.6023,0.0,0.0,0.0,0.0,0.0,30.4844,60.3191,60.319,0.0,0.0,0,2974.3993,37.2665,21.0807,0.0,0.0,2.9539,0.0,1.851,1,39951.0,2.2,0.0,0.0,0.0,1.4837009017732856,1.532129758518429,1.4837009017732856,1.851,0.0
2901,2003-02-12,SZSE:000768,0.2118,1.675,1.551,1.7,1.6386,2885.3498,1.6409,0.0,0.0,0.0,0.0,0.0,30.584,63.322,63.322,0.0,0.0,0,3013.5506,37.757,21.3582,0.0,0.0,2.9928,0.0,2.9462,1,39951.0,2.2,0.0,0.0,0.0,1.5194244179104477,1.5741492537313433,1.5172946865671642,2.9462,0.0
2902,2003-02-13,SZSE:000768,0.2118,1.6682,1.5447,1.6909,1.6409,2873.6052,1.675,0.0,0.0,0.0,0.0,0.0,28.5158,61.8108,61.8109,0.0,0.0,0,3001.8059,37.6099,21.275,0.0,0.0,2.9811,0.0,2.2544,1,39951.0,2.2,0.0,0.0,0.0,1.550996583143508,1.5657194760820046,1.5194210706150342,2.2544,0.0
2903,2003-02-14,SZSE:000768,0.2071,1.6909,1.5657,1.7296,1.6773,2912.7564,1.6818,0.0,0.0,0.0,0.0,0.0,27.4581,64.8244,64.8244,0.0,0.0,0,3040.9571,38.1004,21.5524,0.0,0.0,3.02,0.0,4.6665,1,39951.0,2.2,0.0,0.0,0.0,1.5572737950204034,1.6015345200780648,1.5531069903601633,4.6665,0.0
2904,2003-02-17,SZSE:000768,0.2071,1.7045,1.5784,1.7136,1.675,2936.2441,1.6909,0.0,0.0,0.0,0.0,0.0,27.4043,66.5307,66.5308,0.0,0.0,0,3064.4448,38.3947,21.7189,0.0,0.0,3.0433,0.0,2.9367,1,39951.0,2.2,0.0,0.0,0.0,1.5658061366969789,1.5868267761806982,1.55108242886477,2.9367,0.0
2905,2003-02-18,SZSE:000768,0.2071,1.7,1.5742,1.7091,1.6864,2928.4166,1.7046,0.0,0.0,0.0,0.0,0.0,26.1157,65.3923,65.3922,0.0,0.0,0,3056.6173,38.2966,21.6634,0.0,0.0,3.0356,0.0,1.2972,1,39951.0,2.2,0.0,0.0,0.0,1.5784596,1.5826266,1.5616064,1.2972,0.0
2906,2003-02-19,SZSE:000768,0.2071,1.7182,1.591,1.7205,1.6932,2959.7334,1.7,0.0,0.0,0.0,0.0,0.0,26.1837,67.7686,67.7686,0.0,0.0,0,3087.9342,38.689,21.8854,0.0,0.0,3.0667,0.0,2.3505,1,39951.0,2.2,0.0,0.0,0.0,1.5741473635199628,1.593129728785939,1.567850774065883,2.3505,0.0
2907,2003-02-20,SZSE:000768,0.2071,1.7273,1.5994,1.7523,1.7227,2975.3936,1.7227,0.0,0.0,0.0,0.0,0.0,24.008,68.918,68.9179,0.0,0.0,0,3103.5943,38.8852,21.9964,0.0,0.0,3.0822,0.0,3.7004,1,39951.0,2.2,0.0,0.0,0.0,1.5951406125166443,1.6225488450182366,1.5951406125166443,3.7004,0.0
2908,2003-02-21,SZSE:000768,0.2101,1.7091,1.5826,1.7273,1.6818,2944.0733,1.7273,0.0,0.0,0.0,0.0,0.0,23.6444,64.0023,64.0023,0.0,0.0,0,3072.274,38.4928,21.7744,0.0,0.0,3.0511,0.0,4.1409,1,39951.0,2.2,0.0,0.0,0.0,1.5994529167398046,1.5994529167398046,1.557320624890293,4.1409,0.0
2909,2003-02-24,SZSE:000768,0.2101,1.6932,1.5678,1.7091,1.6796,2916.6702,1.7091,0.0,0.0,0.0,0.0,0.0,23.706,59.9718,59.9719,0.0,0.0,0,3044.8709,38.1494,21.5802,0.0,0.0,3.0239,0.0,2.882,1,39951.0,2.2,0.0,0.0,0.0,1.5825224309000707,1.5825224309000707,1.5552072289156627,2.882,0.0
2910,2003-02-25,SZSE:000768,0.2101,1.7136,1.5868,1.7205,1.6886,2951.9059,1.6886,0.0,0.0,0.0,0.0,0.0,23.6602,63.1824,63.1823,0.0,0.0,0,3080.1067,38.5909,21.8299,0.0,0.0,3.0589,0.0,2.1767,1,39951.0,2.2,0.0,0.0,0.0,1.5636499066293186,1.593189425770308,1.5636499066293186,2.1767,0.0
2911,2003-02-26,SZSE:000768,0.2101,1.6977,1.572,1.7273,1.6886,2924.5028,1.7136,0.0,0.0,0.0,0.0,0.0,23.0736,59.2052,59.2052,0.0,0.0,0,3052.7035,38.2476,21.6357,0.0,0.0,3.0317,0.0,1.8874,1,39951.0,2.2,0.0,0.0,0.0,1.5867227425340165,1.5994083760381692,1.563573776285563,1.8874,0.0
2912,2003-02-27,SZSE:000768,0.2101,1.7068,1.5805,1.7136,1.6909,2940.163,1.7136,0.0,0.0,0.0,0.0,0.0,22.9977,60.7267,60.7267,0.0,0.0,0,3068.3637,38.4438,21.7467,0.0,0.0,3.0472,0.0,3.2689,1,39951.0,2.2,0.0,0.0,0.0,1.586796812749004,1.586796812749004,1.565776570189829,3.2689,0.0
2913,2003-02-28,SZSE:000768,0.2335,1.7045,1.5784,1.7273,1.6818,2936.2441,1.6932,0.0,0.0,0.0,0.0,0.0,22.487,60.1224,60.1225,0.0,0.0,0,3064.4448,38.3947,21.7189,0.0,0.0,3.0433,0.0,1.1653,1,39951.0,2.2,0.0,0.0,0.0,1.5679359812261662,1.5995132414197715,1.5573793605162805,1.1653,0.0
2914,2003-03-03,SZSE:000768,0.2335,1.7227,1.5952,1.7227,1.6932,2967.5644,1.7046,0.0,0.0,0.0,0.0,0.0,21.3533,63.2683,63.2685,0.0,0.0,0,3095.7651,38.7871,21.9409,0.0,0.0,3.0744,0.0,2.4727,1,39951.0,2.2,0.0,0.0,0.0,1.5784396122366053,1.5952,1.5678833459104895,2.4727,0.0
2915,2003-03-04,SZSE:000768,0.2335,1.7182,1.591,1.7318,1.7136,2959.7334,1.7227,0.0,0.0,0.0,0.0,0.0,21.3596,61.9523,61.9523,0.0,0.0,0,3087.9342,38.689,21.8854,0.0,0.0,3.0667,0.0,1.4445,1,39951.0,2.2,0.0,0.0,0.0,1.595166860668141,1.6035931789081599,1.5867405424281225,1.4445,0.0
2916,2003-03-05,SZSE:000768,0.2335,1.7091,1.5826,1.7159,1.6932,2944.0733,1.7068,0.0,0.0,0.0,0.0,0.0,21.3707,59.2961,59.2961,0.0,0.0,0,3072.274,38.4928,21.7744,0.0,0.0,3.0511,0.0,1.6595,1,39951.0,2.2,0.0,0.0,0.0,1.580470235796618,1.5888966941665204,1.5678768474635774,1.6595,0.0
2917,2003-03-06,SZSE:000768,0.2335,1.7045,1.5784,1.7068,1.6909,2936.2441,1.7046,0.0,0.0,0.0,0.0,0.0,21.3564,57.9582,57.9584,0.0,0.0,0,3064.4448,38.3947,21.7189,0.0,0.0,3.0433,0.0,2.3068,1,39951.0,2.2,0.0,0.0,0.0,1.5784926019360515,1.5805298445291875,1.5658061366969789,2.3068,0.0
2918,2003-03-07,SZSE:000768,0.0996,1.6955,1.5699,1.7114,1.6955,2920.5856,1.7046,0.0,0.0,0.0,0.0,0.0,21.2284,55.2721,55.272,0.0,0.0,0,3048.7864,38.1985,21.6079,0.0,0.0,3.0278,0.0,1.6635,1,39951.0,2.2,0.0,0.0,0.0,1.5783258861692715,1.584622152757299,1.5699,1.6635,0.0
2919,2003-03-10,SZSE:000768,0.0996,1.6727,1.5489,1.7023,1.6636,2881.4344,1.6909,0.0,0.0,0.0,0.0,0.0,21.1525,49.1399,49.1399,0.0,0.0,0,3009.6351,37.708,21.3304,0.0,0.0,2.9889,0.0,3.0445,1,39951.0,2.2,0.0,0.0,0.0,1.5657529802116337,1.5763092425419976,1.5404735098941829,3.0445,0.0
2920,2003-03-11,SZSE:000768,0.0996,1.6636,1.5405,1.6864,1.6386,2865.7742,1.6705,0.0,0.0,0.0,0.0,0.0,21.0718,46.8985,46.8985,0.0,0.0,0,2993.9749,37.5118,21.2195,0.0,0.0,2.9734,0.0,1.0109,1,39951.0,2.2,0.0,0.0,0.0,1.5468894265448425,1.5616128877133926,1.5173499038230345,1.0109,0.0
2921,2003-03-12,SZSE:000768,0.0996,1.6727,1.5489,1.675,1.6386,2881.4344,1.65,0.0,0.0,0.0,0.0,0.0,21.0861,49.3848,49.3847,0.0,0.0,0,3009.6351,37.708,21.3304,0.0,0.0,2.9889,0.0,0.9893,1,39951.0,2.2,0.0,0.0,0.0,1.5278800741316432,1.5510297722245472,1.5173238118012793,0.9893,0.0
2922,2003-03-13,SZSE:000768,0.0996,1.6409,1.5194,1.6727,1.6386,2826.6247,1.6727,0.0,0.0,0.0,0.0,0.0,21.4102,41.9769,41.977,0.0,0.0,0,2954.8254,37.0213,20.942,0.0,0.0,2.9345,0.0,0.6838,1,39951.0,2.2,0.0,0.0,0.0,1.5488453775367177,1.5488453775367177,1.5172703028825647,0.6838,0.0
2923,2003-03-14,SZSE:000768,0.0949,1.6591,1.5363,1.6614,1.6364,2857.945,1.6364,0.0,0.0,0.0,0.0,0.0,21.3375,46.8804,46.8805,0.0,0.0,0,2986.1457,37.4137,21.164,0.0,0.0,2.9656,0.0,1.0494,1,39951.0,2.2,0.0,0.0,0.0,1.5152801639443072,1.5384297631245856,1.5152801639443072,1.0494,0.0
2924,2003-03-17,SZSE:000768,0.0949,1.6386,1.5173,1.6477,1.6318,2822.7109,1.6432,0.0,0.0,0.0,0.0,0.0,21.5319,42.5265,42.5265,0.0,0.0,0,2950.9117,36.9722,20.9143,0.0,0.0,2.9306,0.0,0.6983,1,39951.0,2.2,0.0,0.0,0.0,1.5215594776028318,1.5257263578664713,1.5110033809349444,0.6983,0.0
2925,2003-03-18,SZSE:000768,0.0949,1.6568,1.5342,1.6682,1.6364,2854.0312,1.6364,0.0,0.0,0.0,0.0,0.0,21.5541,47.2191,47.2192,0.0,0.0,0,2982.232,37.3646,21.1362,0.0,0.0,2.9617,0.0,1.3137,1,39951.0,2.2,0.0,0.0,0.0,1.5153095605987446,1.5447564220183487,1.5153095605987446,1.3137,0.0
2926,2003-03-19,SZSE:000768,0.0949,1.6614,1.5384,1.6636,1.6091,2861.8605,1.65,0.0,0.0,0.0,0.0,0.0,21.5525,48.3543,48.3542,0.0,0.0,0,2990.0612,37.4627,21.1917,0.0,0.0,2.9695,0.0,1.297,1,39951.0,2.2,0.0,0.0,0.0,1.5278439869989164,1.5404371253159987,1.489971975442398,1.297,0.0
2927,2003-03-20,SZSE:000768,0.0949,1.6795,1.5552,1.6841,1.6432,2893.1808,1.6591,0.0,0.0,0.0,0.0,0.0,21.543,52.7338,52.7338,0.0,0.0,0,3021.3815,37.8551,21.4137,0.0,0.0,3.0006,0.0,1.3298,1,39951.0,2.2,0.0,0.0,0.0,1.5363098064900267,1.5594595534385234,1.521586567430783,1.3298,0.0
2928,2003-03-21,SZSE:000768,0.0882,1.6773,1.5531,1.6909,1.6546,2889.267,1.6546,0.0,0.0,0.0,0.0,0.0,21.377,52.1388,52.1387,0.0,0.0,0,3017.4678,37.8061,21.386,0.0,0.0,2.9967,0.0,1.8831,1,39951.0,2.2,0.0,0.0,0.0,1.5320808799856913,1.5656929529601142,1.5320808799856913,1.8831,0.0
2929,2003-03-24,SZSE:000768,0.0882,1.6591,1.5363,1.6773,1.6455,2857.945,1.6727,0.0,0.0,0.0,0.0,0.0,21.6474,47.518,47.5181,0.0,0.0,0,2986.1457,37.4137,21.164,0.0,0.0,2.9656,0.0,0.3023,1,39951.0,2.2,0.0,0.0,0.0,1.5488933819540716,1.5531529082032425,1.5237066180459284,0.3023,0.0
2930,2003-03-25,SZSE:000768,0.0882,1.6432,1.5215,1.6546,1.6341,2830.5384,1.65,0.0,0.0,0.0,0.0,0.0,21.6094,43.8556,43.8555,0.0,0.0,0,2958.7392,37.0703,20.9697,0.0,0.0,2.9384,0.0,1.3088,1,39951.0,2.2,0.0,0.0,0.0,1.5277963729308668,1.5320556840311588,1.5130739715189876,1.3088,0.0
2931,2003-03-26,SZSE:000768,0.0882,1.6114,1.4921,1.6386,1.6091,2775.7322,1.6386,0.0,0.0,0.0,0.0,0.0,20.7857,37.6124,37.6124,0.0,0.0,0,2770.6663,33.4689,15.3453,0.0,0.0,2.7244,0.0,0.9269,1,39951.0,2.2,0.0,0.0,0.0,1.5172862479831204,1.5172862479831204,1.4899702805014274,0.9269,0.0
2932,2003-03-27,SZSE:000768,0.0882,1.6705,1.5468,1.6818,1.5977,2877.5206,1.6205,0.0,0.0,0.0,0.0,0.0,21.8624,51.4391,51.4391,0.0,0.0,0,2872.4548,34.6985,15.909,0.0,0.0,2.8245,0.0,2.4308,1,39951.0,2.2,0.0,0.0,0.0,1.5005024842861419,1.5572632385513319,1.4793908171206225,2.4308,0.0
2933,2003-03-28,SZSE:000768,0.0953,1.675,1.551,1.6932,1.6546,2885.3498,1.6636,0.0,0.0,0.0,0.0,0.0,21.6932,52.3145,52.3146,0.0,0.0,0,2880.284,34.7931,15.9524,0.0,0.0,2.8322,0.0,2.4229,1,39951.0,2.2,0.0,0.0,0.0,1.5404439402985073,1.5678526567164177,1.5321102089552239,2.4229,0.0
2934,2003-03-31,SZSE:000768,0.0953,1.7,1.5742,1.7273,1.6591,2928.4166,1.6591,0.0,0.0,0.0,0.0,0.0,20.8331,56.9156,56.9156,0.0,0.0,0,2923.3507,35.3133,16.1909,0.0,0.0,2.8745,0.0,2.3651,1,39951.0,2.2,0.0,0.0,0.0,1.5363266000000002,1.5994798000000003,1.5363266000000002,2.3651,0.0
2935,2003-04-01,SZSE:000768,0.0953,1.7023,1.5763,1.7159,1.6864,2932.332,1.7,0.0,0.0,0.0,0.0,0.0,20.8283,57.3188,57.3189,0.0,0.0,0,2927.2662,35.3606,16.2126,0.0,0.0,2.8784,0.0,0.7153,1,39951.0,2.2,0.0,0.0,0.0,1.5741702402631734,1.5888933619221053,1.561576878341068,0.7153,0.0
2936,2003-04-02,SZSE:000768,0.0953,1.7045,1.5784,1.7114,1.7,2936.2441,1.7023,0.0,0.0,0.0,0.0,0.0,20.5153,57.7443,57.7444,0.0,0.0,0,2931.1782,35.4079,16.2343,0.0,0.0,2.8822,0.0,2.781,1,39951.0,2.2,0.0,0.0,0.0,1.5763627574068644,1.5847895335875624,1.5742329128776769,2.781,0.0
2937,2003-04-03,SZSE:000768,0.0953,1.725,1.5973,1.7523,1.5341,2971.4798,1.5341,0.0,0.0,0.0,0.0,0.0,20.5943,61.4701,61.4701,0.0,0.0,0,2966.414,35.8335,16.4294,0.0,0.0,2.9169,0.0,2.3558,1,39951.0,2.2,0.0,0.0,0.0,1.4205321333333332,1.622579008695652,1.4205321333333332,2.3558,0.0
2938,2003-04-04,SZSE:000768,0.0998,1.7114,1.5847,1.7227,1.6864,2947.9922,1.7182,0.0,0.0,0.0,0.0,0.0,20.539,57.8109,57.811,0.0,0.0,0,2942.9263,35.5498,16.2993,0.0,0.0,2.8938,0.0,1.3988,1,39951.0,2.2,0.0,0.0,0.0,1.5909965759027693,1.5951634276031317,1.561550823886876,1.3988,0.0
2939,2003-04-07,SZSE:000768,0.0998,1.6636,1.5405,1.7273,1.6636,2865.7742,1.7273,0.0,0.0,0.0,0.0,0.0,21.4466,47.2154,47.2153,0.0,0.0,0,2860.7084,34.5566,15.844,0.0,0.0,2.813,0.0,1.367,1,39951.0,2.2,0.0,0.0,0.0,1.5994864450589086,1.5994864450589086,1.5405,1.367,0.0
2940,2003-04-08,SZSE:000768,0.0998,1.6455,1.5236,1.6886,1.6318,2834.4573,1.6591,0.0,0.0,0.0,0.0,0.0,21.045,43.9139,43.9139,0.0,0.0,0,2829.3915,34.1783,15.6705,0.0,0.0,2.7822,0.0,2.03,1,39951.0,2.2,0.0,0.0,0.0,1.5361925007596475,1.5635071163780008,1.5109149073230022,2.03,0.0
2941,2003-04-09,SZSE:000768,0.0998,1.6409,1.5194,1.6477,1.6091,2826.6247,1.6409,0.0,0.0,0.0,0.0,0.0,20.8805,43.1021,43.1021,0.0,0.0,0,2821.5588,34.0837,15.6271,0.0,0.0,2.7745,0.0,2.7158,1,39951.0,2.2,0.0,0.0,0.0,1.5194,1.5256964958254617,1.4899546224632823,2.7158,0.0
2942,2003-04-10,SZSE:000768,0.0998,1.6545,1.5321,1.675,1.625,2850.1141,1.6409,0.0,0.0,0.0,0.0,0.0,20.7999,46.3076,46.3076,0.0,0.0,0,2845.0482,34.3674,15.7572,0.0,0.0,2.7976,0.0,3.1649,1,39951.0,2.2,0.0,0.0,0.0,1.5195061287398006,1.5510834088848593,1.5047824116047144,3.1649,0.0
2943,2003-04-11,SZSE:000768,0.103,1.7091,1.5826,1.7159,1.6364,2944.0733,1.6546,0.0,0.0,0.0,0.0,0.0,21.5193,56.7935,56.7935,0.0,0.0,0,2939.0074,35.5024,16.2776,0.0,0.0,2.8899,0.0,4.9159,1,39951.0,2.2,0.0,0.0,0.0,1.5321338482242115,1.5888966941665204,1.515280931484407,4.9159,0.0
2944,2003-04-14,SZSE:000768,0.103,1.7545,1.6247,1.7682,1.6591,3022.3758,1.7227,0.0,0.0,0.0,0.0,0.0,20.0599,63.237,63.2371,0.0,0.0,0,3017.3099,36.4483,16.7113,0.0,0.0,2.9669,0.0,11.6797,1,39951.0,2.2,0.0,0.0,0.0,1.5952526018808777,1.6373864576802508,1.5363578056426335,11.6797,0.0
2945,2003-04-15,SZSE:000768,0.103,1.7341,1.6057,1.7727,1.7046,2987.14,1.7614,0.0,0.0,0.0,0.0,0.0,20.1311,58.9748,58.9748,0.0,0.0,0,2982.0742,36.0227,16.5161,0.0,0.0,2.9323,0.0,5.1514,1,39951.0,2.2,0.0,0.0,0.0,1.6309785940833863,1.6414418949310878,1.578384303096707,5.1514,0.0
2946,2003-04-16,SZSE:000768,0.103,1.7227,1.5952,1.7455,1.7046,2967.5644,1.7273,0.0,0.0,0.0,0.0,0.0,19.9429,56.6888,56.6889,0.0,0.0,0,2962.4985,35.7862,16.4077,0.0,0.0,2.913,0.0,6.2108,1,39951.0,2.2,0.0,0.0,0.0,1.5994595460614152,1.6163125326522318,1.5784396122366053,6.2108,0.0
2947,2003-04-17,SZSE:000768,0.103,1.7409,1.612,1.7409,1.6955,2998.8864,1.7227,0.0,0.0,0.0,0.0,0.0,19.9034,59.4006,59.4006,0.0,0.0,0,2993.8206,36.1646,16.5812,0.0,0.0,2.9438,0.0,3.029,1,39951.0,2.2,0.0,0.0,0.0,1.5951475673502213,1.612,1.569961514159343,3.029,0.0
2948,2003-04-18,SZSE:000768,0.1339,1.725,1.5973,1.7455,1.7091,2971.4798,1.7227,0.0,0.0,0.0,0.0,0.0,19.8559,56.0913,56.0913,0.0,0.0,0,2966.414,35.8335,16.4294,0.0,0.0,2.9169,0.0,3.3909,1,39951.0,2.2,0.0,0.0,0.0,1.5951702666666665,1.6162824057971013,1.582577060869565,3.3909,0.0
2949,2003-04-21,SZSE:000768,0.1339,1.6614,1.5384,1.7023,1.6477,2861.8605,1.7023,0.0,0.0,0.0,0.0,0.0,20.9785,45.2359,45.2359,0.0,0.0,0,2894.8128,39.0918,16.5981,0.0,0.0,2.9105,0.0,1.9464,1,39951.0,2.2,0.0,0.0,0.0,1.5762720115565187,1.5762720115565187,1.5257142650776454,1.9464,0.0
2950,2003-04-22,SZSE:000768,0.1339,1.65,1.5279,1.6727,1.6477,2842.2848,1.6614,0.0,0.0,0.0,0.0,0.0,21.0244,43.6127,43.6127,0.0,0.0,0,2875.2372,38.8274,16.4859,0.0,0.0,2.8908,0.0,1.0792,1,39951.0,2.2,0.0,0.0,0.0,1.5384564,1.5489202000000002,1.5257702,1.0792,0.0
2951,2003-04-23,SZSE:000768,0.1339,1.6,1.4816,1.6591,1.5977,2756.1566,1.6546,0.0,0.0,0.0,0.0,0.0,21.8371,37.2751,37.275,0.0,0.0,0,2789.1089,37.6644,15.992,0.0,0.0,2.8043,0.0,3.298,1,39951.0,2.2,0.0,0.0,0.0,1.5321596,1.5363265999999998,1.4794702,3.298,0.0
2952,2003-04-24,SZSE:000768,0.1339,1.55,1.4353,1.6091,1.5341,2670.0266,1.5932,0.0,0.0,0.0,0.0,0.0,22.615,32.2311,32.231,0.0,0.0,0,2702.9789,36.5012,15.4982,0.0,0.0,2.7177,0.0,4.1893,1,39951.0,2.2,0.0,0.0,0.0,1.4753031999999997,1.4900266,1.4205766,4.1893,0.0
2953,2003-04-25,SZSE:000768,0.2409,1.5227,1.41,1.5659,1.5182,2623.0444,1.55,0.0,0.0,0.0,0.0,0.0,22.683,29.8576,29.8575,0.0,0.0,0,2655.9967,35.8668,15.2288,0.0,0.0,2.6704,0.0,2.5094,1,39951.0,2.2,0.0,0.0,0.0,1.4352794378406777,1.4500026269127209,1.4058330596965916,2.5094,0.0
2954,2003-04-28,SZSE:000768,0.2409,1.5636,1.4479,1.5659,1.5091,2693.5159,1.5182,0.0,0.0,0.0,0.0,0.0,23.3819,37.3142,37.3141,0.0,0.0,0,2726.4683,36.8184,15.6329,0.0,0.0,2.7413,0.0,2.4116,1,39951.0,2.2,0.0,0.0,0.0,1.4058594141724226,1.4500298094141724,1.3974327769250448,2.4116,0.0
2955,2003-04-29,SZSE:000768,0.2409,1.5205,1.4079,1.5546,1.5182,2619.1306,1.5546,0.0,0.0,0.0,0.0,0.0,23.9875,33.2912,33.2911,0.0,0.0,0,2652.0829,35.8139,15.2064,0.0,0.0,2.6665,0.0,1.7707,1,39951.0,2.2,0.0,0.0,0.0,1.439474738572838,1.439474738572838,1.4057703255508056,1.7707,0.0
2956,2003-04-30,SZSE:000768,0.2409,1.5591,1.4437,1.5659,1.5182,2685.6867,1.5182,0.0,0.0,0.0,0.0,0.0,24.5456,39.5692,39.5692,0.0,0.0,0,2718.639,36.7127,15.588,0.0,0.0,2.7334,0.0,3.4777,1,39951.0,2.2,0.0,0.0,0.0,1.4058272978000128,1.44999668398435,1.4058272978000128,3.4777,0.0
2957,2003-05-01,SZSE:000768,0.2409,0.0,1.4437,0.0,0.0,2685.6867,0.0,0.0,0.0,0.0,0.0,0.0,24.5456,0.0,0.0,0.0,0.0,0,2718.639,36.7127,15.588,0.0,0.0,2.7334,0.0,0.0,1,39951.0,2.2,0.0,0.0,0.0,0.0,0.0,0.0,0.0,0.0
2958,2003-05-02,SZSE:000768,0.2627,0.0,1.4437,0.0,0.0,2685.6867,0.0,0.0,0.0,0.0,0.0,0.0,24.3527,0.0,0.0,0.0,0.0,0,2718.639,36.7127,15.588,0.0,0.0,2.7334,0.0,0.0,1,39951.0,2.2,0.0,0.0,0.0,0.0,0.0,0.0,0.0,0.0
2959,2003-05-05,SZSE:000768,0.2627,0.0,1.4437,0.0,0.0,2685.6867,0.0,0.0,0.0,0.0,0.0,0.0,24.7417,0.0,0.0,0.0,0.0,0,2718.639,36.7127,15.588,0.0,0.0,2.7334,0.0,0.0,1,39951.0,2.2,0.0,0.0,0.0,0.0,0.0,0.0,0.0,0.0
2960,2003-05-06,SZSE:000768,0.2627,0.0,1.4437,0.0,0.0,2685.6867,0.0,0.0,0.0,0.0,0.0,0.0,24.7417,0.0,0.0,0.0,0.0,0,2718.639,36.7127,15.588,0.0,0.0,2.7334,0.0,0.0,1,39951.0,2.2,0.0,0.0,0.0,0.0,0.0,0.0,0.0,0.0
2961,2003-05-07,SZSE:000768,0.2627,0.0,1.4437,0.0,0.0,2685.6867,0.0,0.0,0.0,0.0,0.0,0.0,24.7417,0.0,0.0,0.0,0.0,0,2718.639,36.7127,15.588,0.0,0.0,2.7334,0.0,0.0,1,39951.0,2.2,0.0,0.0,0.0,0.0,0.0,0.0,0.0,0.0
2962,2003-05-08,SZSE:000768,0.2627,0.0,1.4437,0.0,0.0,2685.6867,0.0,0.0,0.0,0.0,0.0,0.0,24.5456,0.0,0.0,0.0,0.0,0,2718.639,36.7127,15.588,0.0,0.0,2.7334,0.0,0.0,1,39951.0,2.2,0.0,0.0,0.0,0.0,0.0,0.0,0.0,0.0
2963,2003-05-09,SZSE:000768,0.2548,0.0,1.4437,0.0,0.0,2685.6867,0.0,0.0,0.0,0.0,0.0,0.0,24.3527,0.0,0.0,0.0,0.0,0,2718.639,36.7127,15.588,0.0,0.0,2.7334,0.0,0.0,1,39951.0,2.2,0.0,0.0,0.0,0.0,0.0,0.0,0.0,0.0
2964,2003-05-12,SZSE:000768,0.2548,1.5455,1.431,1.5682,1.525,2662.1973,1.5636,0.0,0.0,0.0,0.0,0.0,23.2902,38.2027,38.2026,0.0,0.0,0,2695.1497,36.3955,15.4533,0.0,0.0,2.7098,0.0,1.3769,1,39951.0,2.2,0.0,0.0,0.0,1.4477590423811066,1.4520182465221612,1.4120187641539954,1.3769,0.0
2965,2003-05-13,SZSE:000768,0.2548,1.5159,1.4037,1.5455,1.4568,2611.3014,1.5455,0.0,0.0,0.0,0.0,0.0,23.5605,35.3538,35.3537,0.0,0.0,0,2644.2537,35.7082,15.1615,0.0,0.0,2.6586,0.0,2.6637,1,39951.0,2.2,0.0,0.0,0.0,1.431109143083317,1.431109143083317,1.3489743122897289,2.6637,0.0
2966,2003-05-14,SZSE:000768,0.2548,1.5318,1.4184,1.5409,1.4773,2638.7062,1.4909,0.0,0.0,0.0,0.0,0.0,23.4894,38.0334,38.0335,0.0,0.0,0,2671.6586,36.0783,15.3186,0.0,0.0,2.6862,0.0,2.8976,1,39951.0,2.2,0.0,0.0,0.0,1.3805278495887192,1.4268263219741482,1.3679346650998825,2.8976,0.0
2967,2003-05-15,SZSE:000768,0.2548,1.5727,1.4563,1.6091,1.5046,2709.1744,1.5409,0.0,0.0,0.0,0.0,0.0,23.9463,44.4137,44.4136,0.0,0.0,0,2742.1267,37.0299,15.7227,0.0,0.0,2.757,0.0,7.5521,1,39951.0,2.2,0.0,0.0,0.0,1.4268536084440768,1.4900059324728174,1.3932402746868442,7.5521,0.0
2968,2003-05-16,SZSE:000768,0.2211,1.5864,1.4689,1.6,1.5568,2732.6655,1.5727,0.0,0.0,0.0,0.0,0.0,23.8357,46.3951,46.3952,0.0,0.0,0,2765.6178,37.3471,15.8573,0.0,0.0,2.7806,0.0,5.1399,1,39951.0,2.2,0.0,0.0,0.0,1.4562147188603127,1.4814926878466972,1.441492385274836,5.1399,0.0
2969,2003-05-19,SZSE:000768,0.2211,1.5977,1.4794,1.6136,1.5682,2752.2394,1.5682,0.0,0.0,0.0,0.0,0.0,24.0871,48.0566,48.0566,0.0,0.0,0,2785.1917,37.6115,15.9696,0.0,0.0,2.8003,0.0,5.5861,1,39951.0,2.2,0.0,0.0,0.0,1.4520842961757527,1.4941227013832383,1.4520842961757527,5.5861,0.0
2970,2003-05-20,SZSE:000768,0.2211,1.5386,1.4247,1.5909,1.5227,2650.4509,1.5796,0.0,0.0,0.0,0.0,0.0,25.1227,40.9487,40.9487,0.0,0.0,0,2683.4033,36.2369,15.3859,0.0,0.0,2.698,0.0,3.1778,1,39951.0,2.2,0.0,0.0,0.0,1.462664838164565,1.4731283179513843,1.4099770505654492,3.1778,0.0
2971,2003-05-21,SZSE:000768,0.2211,1.5477,1.4332,1.5546,1.5227,2666.1128,1.5318,0.0,0.0,0.0,0.0,0.0,25.1069,42.3613,42.3613,0.0,0.0,0,2699.0651,36.4484,15.4757,0.0,0.0,2.7137,0.0,2.3611,1,39951.0,2.2,0.0,0.0,0.0,1.4184762938553983,1.4395895328552044,1.4100495186405633,2.3611,0.0
2972,2003-05-22,SZSE:000768,0.2211,1.5545,1.4395,1.5636,1.5227,2677.8541,1.5477,0.0,0.0,0.0,0.0,0.0,24.9346,43.4535,43.4534,0.0,0.0,0,2710.8064,36.6069,15.5431,0.0,0.0,2.7255,0.0,1.3024,1,39951.0,2.2,0.0,0.0,0.0,1.433203055644902,1.4479267931810873,1.4100525249276294,1.3024,0.0
2973,2003-05-23,SZSE:000768,0.2097,1.5682,1.4521,1.5955,1.5341,2701.3434,1.5455,0.0,0.0,0.0,0.0,0.0,24.8191,45.6713,45.6713,0.0,0.0,0,2734.2957,36.9242,15.6777,0.0,0.0,2.7491,0.0,3.9872,1,39951.0,2.2,0.0,0.0,0.0,1.4310805700803468,1.477378873868129,1.4205245568167324,3.9872,0.0
2974,2003-05-26,SZSE:000768,0.2097,1.6045,1.4858,1.6136,1.5523,2763.9858,1.5682,0.0,0.0,0.0,0.0,0.0,25.431,51.1714,51.1715,0.0,0.0,0,2796.9381,37.7701,16.0369,0.0,0.0,2.8121,0.0,6.5974,1,39951.0,2.2,0.0,0.0,0.0,1.452185453412278,1.4942267871611092,1.4374617263945153,6.5974,0.0
2975,2003-05-27,SZSE:000768,0.2097,1.6045,1.4858,1.6227,1.6,2763.9858,1.6136,0.0,0.0,0.0,0.0,0.0,25.401,51.1714,51.1715,0.0,0.0,0,2796.9381,37.7701,16.0369,0.0,0.0,2.8121,0.0,3.8843,1,39951.0,2.2,0.0,0.0,0.0,1.4942267871611092,1.5026535743222187,1.4816329074478032,3.8843,0.0
2976,2003-05-28,SZSE:000768,0.2097,1.6295,1.5089,1.6341,1.5932,2807.0491,1.6227,0.0,0.0,0.0,0.0,0.0,25.6113,54.8182,54.8182,0.0,0.0,0,2840.0014,38.3516,16.2838,0.0,0.0,2.8554,0.0,5.9706,1,39951.0,2.2,0.0,0.0,0.0,1.5026032709420067,1.5131595520098189,1.4752865787051241,5.9706,0.0
2977,2003-05-29,SZSE:000768,0.2097,1.6273,1.5068,1.6546,1.6068,2803.137,1.6318,0.0,0.0,0.0,0.0,0.0,25.4073,54.4206,54.4206,0.0,0.0,0,2836.0893,38.2988,16.2614,0.0,0.0,2.8515,0.0,2.3998,1,39951.0,2.2,0.0,0.0,0.0,1.5109667793277206,1.5320784612548393,1.4878180052848275,2.3998,0.0
2978,2003-05-30,SZSE:000768,0.2021,1.6114,1.4921,1.6409,1.6068,2775.7322,1.6318,0.0,0.0,0.0,0.0,0.0,25.2713,51.5971,51.5971,0.0,0.0,0,2808.6845,37.9287,16.1043,0.0,0.0,2.8239,0.0,2.4824,1,39951.0,2.2,0.0,0.0,0.0,1.5109896859873402,1.519415967481693,1.4878405610028547,2.4824,0.0
2979,2003-06-02,SZSE:000768,0.2021,1.6205,1.5005,1.6205,1.6023,2791.3923,1.6159,0.0,0.0,0.0,0.0,0.0,25.1085,53.0947,53.0947,0.0,0.0,0,2824.3447,38.1402,16.1941,0.0,0.0,2.8397,0.0,2.0029,1,39951.0,2.2,0.0,0.0,0.0,1.4962406356062943,1.5005,1.4836477321814254,2.0029,0.0
2980,2003-06-03,SZSE:000768,0.2021,1.6182,1.4984,1.6273,1.5682,2787.4752,1.6205,0.0,0.0,0.0,0.0,0.0,25.0073,52.6558,52.6558,0.0,0.0,0,2820.4275,38.0873,16.1716,0.0,0.0,2.8357,0.0,5.7857,1,39951.0,2.2,0.0,0.0,0.0,1.5005297243851192,1.5068263008280804,1.4521016438017549,5.7857,0.0
2981,2003-06-04,SZSE:000768,0.2021,1.6318,1.511,1.6386,1.6114,2810.968,1.6136,0.0,0.0,0.0,0.0,0.0,25.0705,55.0553,55.0552,0.0,0.0,0,2843.9203,38.4045,16.3063,0.0,0.0,2.8594,0.0,6.7121,1,39951.0,2.2,0.0,0.0,0.0,1.4941473219757322,1.5172966049760999,1.4921101850716998,6.7121,0.0
2982,2003-06-05,SZSE:000768,0.2021,1.6432,1.5215,1.65,1.625,2830.5384,1.6364,0.0,0.0,0.0,0.0,0.0,25.099,57.0099,57.0099,0.0,0.0,0,2863.4907,38.6688,16.4185,0.0,0.0,2.879,0.0,6.3574,1,39951.0,2.2,0.0,0.0,0.0,1.5152036270691334,1.5277963729308668,1.5046479430379749,6.3574,0.0
2983,2003-06-06,SZSE:000768,0.214,1.6318,1.511,1.6591,1.6159,2810.968,1.6591,0.0,0.0,0.0,0.0,0.0,25.1259,54.4593,54.4592,0.0,0.0,0,2843.9203,38.4045,16.3063,0.0,0.0,2.8594,0.0,5.4284,1,39951.0,2.2,0.0,0.0,0.0,1.5362790170364014,1.5362790170364014,1.496277056011766,5.4284,0.0
2984,2003-06-09,SZSE:000768,0.214,1.6318,1.511,0.0,0.0,2810.968,0.0,0.0,0.0,0.0,0.0,0.0,25.1101,54.4593,54.4592,0.0,0.0,0,2843.9203,38.4045,16.3063,0.0,0.0,2.8594,0.0,0.0,1,39951.0,2.2,0.0,0.0,0.0,0.0,0.0,0.0,0.0,0.0
2985,2003-06-10,SZSE:000768,0.214,1.6227,1.5026,1.6296,1.5455,2795.3078,1.6136,0.0,0.0,0.0,0.0,0.0,24.9994,52.2883,52.2882,0.0,0.0,0,2828.2601,38.1931,16.2165,0.0,0.0,2.8436,0.0,4.1139,1,39951.0,2.2,0.0,0.0,0.0,1.494173513280335,1.508989314106119,1.4311137610155913,4.1139,0.0
2986,2003-06-11,SZSE:000768,0.214,1.6136,1.4942,1.6591,1.6046,2779.6459,1.6591,0.0,0.0,0.0,0.0,0.0,25.001,50.1356,50.1358,0.0,0.0,0,2812.5983,37.9816,16.1267,0.0,0.0,2.8279,0.0,8.9209,1,39951.0,2.2,0.0,0.0,0.0,1.5363331804660387,1.5363331804660387,1.4858659643034209,8.9209,0.0
2987,2003-06-12,SZSE:000768,0.214,1.6068,1.4879,1.6182,1.5932,2767.9012,1.6159,0.0,0.0,0.0,0.0,0.0,24.9836,48.5224,48.5224,0.0,0.0,0,2800.8536,37.823,16.0594,0.0,0.0,2.8161,0.0,3.5451,1,39951.0,2.2,0.0,0.0,0.0,1.4963266181229773,1.4984564227035102,1.4753063729151106,3.5451,0.0
2988,2003-06-13,SZSE:000768,0.1927,1.6091,1.49,1.6182,1.5909,2771.815,1.6023,0.0,0.0,0.0,0.0,0.0,24.7148,49.1101,49.1101,0.0,0.0,0,2804.7673,37.8758,16.0818,0.0,0.0,2.82,0.0,1.7621,1,39951.0,2.2,0.0,0.0,0.0,1.4837033124106644,1.4984264495680817,1.4731471008638368,1.7621,0.0
2989,2003-06-16,SZSE:000768,0.1927,1.5818,1.4647,1.5977,1.5796,2724.8362,1.5909,0.0,0.0,0.0,0.0,0.0,24.8255,42.795,42.7949,0.0,0.0,0,2757.7886,37.2414,15.8125,0.0,0.0,2.7728,0.0,1.2232,1,39951.0,2.2,0.0,0.0,0.0,1.4731263307624225,1.479422929573903,1.462662865090403,1.2232,0.0
2990,2003-06-17,SZSE:000768,0.1927,1.5909,1.4731,1.5955,1.575,2740.4964,1.5864,0.0,0.0,0.0,0.0,0.0,24.748,45.3192,45.3192,0.0,0.0,0,2773.4487,37.4529,15.9022,0.0,0.0,2.7885,0.0,0.9847,1,39951.0,2.2,0.0,0.0,0.0,1.4689332076183295,1.47735938776793,1.4583773335847634,0.9847,0.0
2991,2003-06-18,SZSE:000768,0.1927,1.5682,1.4521,1.5977,1.5636,2701.3434,1.5818,0.0,0.0,0.0,0.0,0.0,24.7891,40.5067,40.5067,0.0,0.0,0,2734.2957,36.9242,15.6777,0.0,0.0,2.7491,0.0,1.7605,1,39951.0,2.2,0.0,0.0,0.0,1.4646931386302766,1.479415999234791,1.4478405560515242,1.7605,0.0
2992,2003-06-19,SZSE:000768,0.1927,1.5636,1.4479,1.5796,1.5568,2693.5159,1.5796,0.0,0.0,0.0,0.0,0.0,24.7812,39.6013,39.6012,0.0,0.0,0,2726.4683,36.8184,15.6329,0.0,0.0,2.7413,0.0,1.6414,1,39951.0,2.2,0.0,0.0,0.0,1.462716065489895,1.462716065489895,1.4416031721667946,1.6414,0.0
2993,2003-06-20,SZSE:000768,0.2455,1.5591,1.4437,1.5796,1.5568,2685.6867,1.5636,0.0,0.0,0.0,0.0,0.0,24.6737,38.6702,38.6703,0.0,0.0,0,2718.639,36.7127,15.588,0.0,0.0,2.7334,0.0,0.6842,1,39951.0,2.2,0.0,0.0,0.0,1.4478669232249377,1.4626826502469372,1.4415702392405876,0.6842,0.0
2994,2003-06-23,SZSE:000768,0.2455,1.5341,1.4205,1.5636,1.5296,2642.62,1.5636,0.0,0.0,0.0,0.0,0.0,24.8476,33.9429,33.9428,0.0,0.0,0,2675.5723,36.1311,15.341,0.0,0.0,2.6901,0.0,0.9038,1,39951.0,2.2,0.0,0.0,0.0,1.4478155270190993,1.4478155270190993,1.416333224692002,0.9038,0.0
2995,2003-06-24,SZSE:000768,0.2455,1.5386,1.4247,1.5455,1.5296,2650.4509,1.5455,0.0,0.0,0.0,0.0,0.0,24.7891,35.4872,35.4873,0.0,0.0,0,2683.4033,36.2369,15.3859,0.0,0.0,2.698,0.0,0.757,1,39951.0,2.2,0.0,0.0,0.0,1.431089204471598,1.431089204471598,1.4163662550370468,0.757,0.0
2996,2003-06-25,SZSE:000768,0.2455,1.5364,1.4226,1.5455,1.5341,2646.5372,1.5341,0.0,0.0,0.0,0.0,0.0,24.7322,35.0462,35.0463,0.0,0.0,0,2679.4895,36.184,15.3635,0.0,0.0,2.694,0.0,0.7044,1,39951.0,2.2,0.0,0.0,0.0,1.4204703592814372,1.4310259697995318,1.4204703592814372,0.7044,0.0
2997,2003-06-26,SZSE:000768,0.2455,1.5386,1.4247,1.5455,1.5205,2650.4509,1.5364,0.0,0.0,0.0,0.0,0.0,24.4634,35.904,35.9041,0.0,0.0,0,2683.4033,36.2369,15.3859,0.0,0.0,2.698,0.0,0.8046,1,39951.0,2.2,0.0,0.0,0.0,1.4226628623423894,1.431089204471598,1.4079399129078385,0.8046,0.0
2998,2003-06-27,SZSE:000768,0.2901,1.5045,1.3932,1.5432,1.5,2591.7275,1.5386,0.0,0.0,0.0,0.0,0.0,23.7218,29.5898,29.59,0.0,0.0,0,2624.6798,35.4439,15.0492,0.0,0.0,2.6389,0.0,1.0261,1,39951.0,2.2,0.0,0.0,0.0,1.4247773479561316,1.4290370488534399,1.3890329012961118,1.0261,0.0
2999,2003-06-30,SZSE:000768,0.2901,1.4682,1.3595,1.5455,1.4591,2529.0852,1.5455,0.0,0.0,0.0,0.0,0.0,24.1187,24.6166,24.6167,0.0,0.0,0,2562.0375,34.598,14.6901,0.0,0.0,2.5759,0.0,1.7885,1,39951.0,2.2,0.0,0.0,0.0,1.4310769990464514,1.4310769990464514,1.351073729737093,1.7885,0.0
3000,2003-07-01,SZSE:000768,0.2901,1.4864,1.3763,1.5023,1.4682,2560.4072,1.4909,0.0,0.0,0.0,0.0,0.0,24.2341,30.8728,30.873,0.0,0.0,0,2593.3595,35.0209,14.8697,0.0,0.0,2.6074,0.0,2.4154,1,39951.0,2.2,0.0,0.0,0.0,1.3804666778794403,1.391022261840689,1.3594481027987084,2.4154,0.0
3001,2003-07-02,SZSE:000768,0.2901,1.5068,1.3953,1.5091,1.4796,2595.6412,1.4886,0.0,0.0,0.0,0.0,0.0,24.4223,37.1879,37.1878,0.0,0.0,0,2628.5936,35.4967,15.0717,0.0,0.0,2.6429,0.0,1.5441,1,39951.0,2.2,0.0,0.0,0.0,1.3784467613485532,1.3974298048845237,1.3701127422352006,1.5441,0.0
3002,2003-07-03,SZSE:000768,0.2901,1.5068,1.3953,1.5114,1.4932,2595.6412,1.5023,0.0,0.0,0.0,0.0,0.0,24.2705,37.1879,37.1878,0.0,0.0,0,2628.5936,35.4967,15.0717,0.0,0.0,2.6429,0.0,1.4942,1,39951.0,2.2,0.0,0.0,0.0,1.3911329904433236,1.399559609769047,1.3827063711176004,1.4942,0.0
3003,2003-07-04,SZSE:000768,0.2848,1.5227,1.41,1.5341,1.4909,2623.0444,1.5068,0.0,0.0,0.0,0.0,0.0,24.3653,41.9697,41.9698,0.0,0.0,0,2655.9967,35.8668,15.2288,0.0,0.0,2.6704,0.0,2.9425,1,39951.0,2.2,0.0,0.0,0.0,1.3952768109279567,1.4205562487686347,1.3805536218559138,2.9425,0.0
3004,2003-07-07,SZSE:000768,0.2848,1.5023,1.3911,1.5364,1.4955,2587.8086,1.5227,0.0,0.0,0.0,0.0,0.0,23.9068,37.9673,37.9673,0.0,0.0,0,2620.7609,35.391,15.0268,0.0,0.0,2.635,0.0,1.0443,1,39951.0,2.2,0.0,0.0,0.0,1.409989995340478,1.4226759235838382,1.3848033348865074,1.0443,0.0
3005,2003-07-08,SZSE:000768,0.2848,1.5227,1.41,1.5341,1.5,2623.0444,1.5227,0.0,0.0,0.0,0.0,0.0,24.0128,43.7447,43.7448,0.0,0.0,0,2655.9967,35.8668,15.2288,0.0,0.0,2.6704,0.0,3.7968,1,39951.0,2.2,0.0,0.0,0.0,1.41,1.4205562487686347,1.3889801011361398,3.7968,0.0
3006,2003-07-09,SZSE:000768,0.2848,1.5091,1.3974,1.5182,1.5023,2599.555,1.5046,0.0,0.0,0.0,0.0,0.0,24.0586,41.0031,41.0031,0.0,0.0,0,2632.5073,35.5496,15.0941,0.0,0.0,2.6468,0.0,0.4963,1,39951.0,2.2,0.0,0.0,0.0,1.393233079318799,1.4058264395997613,1.3911033198595188,0.4963,0.0
3007,2003-07-10,SZSE:000768,0.2848,1.5341,1.4205,1.5455,1.5023,2642.62,1.5023,0.0,0.0,0.0,0.0,0.0,24.2389,47.4996,47.4995,0.0,0.0,0,2675.5723,36.1311,15.341,0.0,0.0,2.6901,0.0,3.7345,1,39951.0,2.2,0.0,0.0,0.0,1.3910547878234796,1.431055830780262,1.3910547878234796,3.7345,0.0
3008,2003-07-11,SZSE:000768,0.2842,1.5182,1.4058,1.5296,1.5114,2615.2152,1.5296,0.0,0.0,0.0,0.0,0.0,23.3597,44.1666,44.1666,0.0,0.0,0,2648.1675,35.7611,15.1839,0.0,0.0,2.6625,0.0,1.0797,1,39951.0,2.2,0.0,0.0,0.0,1.41635600052694,1.41635600052694,1.3995034382821763,1.0797,0.0
3009,2003-07-14,SZSE:000768,0.2842,1.5068,1.3953,1.5159,1.4955,2595.6412,1.5136,0.0,0.0,0.0,0.0,0.0,22.7036,41.9049,41.9049,0.0,0.0,0,2628.5936,35.4967,15.0717,0.0,0.0,2.6429,0.0,1.1416,1,39951.0,2.2,0.0,0.0,0.0,1.4015968144412,1.4037266193257236,1.3848361760021237,1.1416,0.0
3010,2003-07-15,SZSE:000768,0.2842,1.5159,1.4037,1.5182,1.4977,2611.3014,1.5,0.0,0.0,0.0,0.0,0.0,22.683,44.3598,44.3598,0.0,0.0,0,2644.2537,35.7082,15.1615,0.0,0.0,2.6586,0.0,0.8269,1,39951.0,2.2,0.0,0.0,0.0,1.3889768454383533,1.4058297644963387,1.3868470809420146,0.8269,0.0
3011,2003-07-16,SZSE:000768,0.2842,1.4909,1.4016,1.5068,1.4773,2568.2381,1.5068,0.0,0.0,0.0,0.0,0.0,22.8475,39.4261,43.8536,0.0,0.0,0,2601.1904,35.1267,14.9146,0.0,0.0,2.6153,0.0,1.3445,1,39951.0,2.2,0.0,0.0,0.0,1.416547642363673,1.416547642363673,1.3888145952109465,1.3445,0.023
3012,2003-07-17,SZSE:000768,0.2842,1.5023,1.4122,1.5205,1.4727,2587.8086,1.4886,0.0,0.0,0.0,0.0,0.0,22.7905,42.5531,47.105,0.0,0.0,0,2620.7609,35.391,15.0268,0.0,0.0,2.635,0.0,3.2129,1,39951.0,2.2,0.0,0.0,0.0,1.3993216534646873,1.42930846036078,1.3843752512813683,3.2129,0.0
3013,2003-07-18,SZSE:000768,0.2985,1.4886,1.3994,1.5023,1.4727,2564.3209,1.4909,0.0,0.0,0.0,0.0,0.0,22.7905,39.8915,43.8248,0.0,0.0,0,2597.2733,35.0738,14.8921,0.0,0.0,2.6114,0.0,1.8597,1,39951.0,2.2,0.0,0.0,0.0,1.4015621792288058,1.4122790675802768,1.3844527609834745,1.8597,0.0
3014,2003-07-21,SZSE:000768,0.2985,1.4614,1.3738,1.4727,1.4227,2517.3422,1.4727,0.0,0.0,0.0,0.0,0.0,21.9257,35.155,38.1089,0.0,0.0,0,2550.2945,34.4394,14.6227,0.0,0.0,2.5641,0.0,1.9855,1,39951.0,2.2,0.0,0.0,0.0,1.3844226495141643,1.3844226495141643,1.3374197755576844,1.9855,0.0
3015,2003-07-22,SZSE:000768,0.2985,1.4523,1.3652,1.4705,1.4318,2501.682,1.4546,0.0,0.0,0.0,0.0,0.0,21.9193,33.7178,36.4044,0.0,0.0,0,2534.6343,34.2279,14.5329,0.0,0.0,2.5484,0.0,1.9315,1,39951.0,2.2,0.0,0.0,0.0,1.3673620601804035,1.3823084762101494,1.3459294636094472,1.9315,0.0
3016,2003-07-23,SZSE:000768,0.2985,1.4523,1.3652,1.4591,1.4091,2501.682,1.4409,0.0,0.0,0.0,0.0,0.0,21.1572,33.7178,36.4044,0.0,0.0,0,2534.6343,34.2279,14.5329,0.0,0.0,2.5484,0.0,5.0567,1,39951.0,2.2,0.0,0.0,0.0,1.354483701714522,1.3715921779246714,1.32459086965503,5.0567,0.0
3017,2003-07-24,SZSE:000768,0.2985,1.4386,1.3524,1.4591,1.4318,2478.1892,1.4318,0.0,0.0,0.0,0.0,0.0,20.3477,31.4788,33.7759,0.0,0.0,0,2511.1415,33.9107,14.3982,0.0,0.0,2.5248,0.0,2.114,1,39951.0,2.2,0.0,0.0,0.0,1.346007451689142,1.3716716529959683,1.346007451689142,2.114,0.0
3018,2003-07-25,SZSE:000768,0.2532,1.3909,1.3075,1.4477,1.3864,2395.9764,1.4364,0.0,0.0,0.0,0.0,0.0,21.0861,25.1779,26.5513,0.0,0.0,0,2428.9287,32.8005,13.9269,0.0,0.0,2.4421,0.0,2.7259,1,39951.0,2.2,0.0,0.0,0.0,1.350271766482134,1.3608942051908834,1.303269825292976,2.7259,0.0
3019,2003-07-28,SZSE:000768,0.2532,1.3773,1.2947,1.3932,1.3727,2372.487,1.3864,0.0,0.0,0.0,0.0,0.0,20.4014,23.7172,24.9117,0.0,0.0,0,2405.4393,32.4832,13.7922,0.0,0.0,2.4185,0.0,1.4003,1,39951.0,2.2,0.0,0.0,0.0,1.303254251070936,1.3096464386843822,1.2903758730850214,1.4003,0.0
3020,2003-07-29,SZSE:000768,0.2532,1.375,1.2926,1.4046,1.3636,2368.5716,1.375,0.0,0.0,0.0,0.0,0.0,19.7295,23.4728,24.6386,0.0,0.0,0,2401.5239,32.4304,13.7697,0.0,0.0,2.4146,0.0,1.682,1,39951.0,2.2,0.0,0.0,0.0,1.2926,1.320426152727273,1.2818831709090908,1.682,0.0
3021,2003-07-30,SZSE:000768,0.2532,1.3636,1.2819,1.3864,1.3591,2348.9942,1.375,0.0,0.0,0.0,0.0,0.0,19.0432,22.2385,23.2651,0.0,0.0,0,2381.9465,32.166,13.6575,0.0,0.0,2.3949,0.0,3.9285,1,39951.0,2.2,0.0,0.0,0.0,1.2926169697858612,1.303333939571722,1.2776696171897919,3.9285,0.0
3022,2003-07-31,SZSE:000768,0.2532,1.3636,1.2819,1.3705,1.3614,2348.9942,1.3705,0.0,0.0,0.0,0.0,0.0,18.9009,22.2385,23.2651,0.0,0.0,0,2381.9465,32.166,13.6575,0.0,0.0,2.3949,0.0,2.144,1,39951.0,2.2,0.0,0.0,0.0,1.2883865869756528,1.2883865869756528,1.2798318128483428,2.144,0.0
3023,2003-08-01,SZSE:000768,0.2518,1.3682,1.2862,1.375,1.3591,2356.8252,1.3659,0.0,0.0,0.0,0.0,0.0,18.9262,24.0902,25.1997,0.0,0.0,0,2389.7775,32.2717,13.7024,0.0,0.0,2.4028,0.0,2.6841,1,39951.0,2.2,0.0,0.0,0.0,1.2840378453442478,1.2925924572430931,1.2776453881011547,2.6841,0.0
3024,2003-08-04,SZSE:000768,0.2518,1.3864,1.3033,1.3909,1.3614,2388.1472,1.375,0.0,0.0,0.0,0.0,0.0,19.1523,31.1519,32.526,0.0,0.0,0,2421.0995,32.6947,13.882,0.0,0.0,2.4342,0.0,7.5215,1,39951.0,2.2,0.0,0.0,0.0,1.292583309290248,1.3075302726485862,1.2797984852856317,7.5215,0.0
3025,2003-08-05,SZSE:000768,0.2518,1.3886,1.3054,1.3955,1.3773,2392.0609,1.3864,0.0,0.0,0.0,0.0,0.0,19.1602,32.0031,33.4038,0.0,0.0,0,2425.0133,32.7476,13.9044,0.0,0.0,2.4382,0.0,3.37,1,39951.0,2.2,0.0,0.0,0.0,1.3033318162177732,1.3118865764078926,1.2947770560276535,3.37,0.0
3026,2003-08-06,SZSE:000768,0.2518,1.4,1.3161,1.4046,1.3864,2411.6366,1.3886,0.0,0.0,0.0,0.0,0.0,19.2551,36.2487,37.7648,0.0,0.0,0,2444.5889,33.0119,14.0166,0.0,0.0,2.4579,0.0,3.2851,1,39951.0,2.2,0.0,0.0,0.0,1.305383185714286,1.3204243285714288,1.3033150285714288,3.2851,0.0
3027,2003-08-07,SZSE:000768,0.2518,1.3977,1.314,1.4273,1.3909,2407.7228,1.4,0.0,0.0,0.0,0.0,0.0,19.2519,35.7679,37.2397,0.0,0.0,0,2440.6751,32.9591,13.9942,0.0,0.0,2.4539,0.0,2.209,1,39951.0,2.2,0.0,0.0,0.0,1.3161622665808113,1.3418274307791374,1.3076072118480362,2.209,0.0
3028,2003-08-08,SZSE:000768,0.2449,1.375,1.2926,1.3977,1.3727,2368.5716,1.3977,0.0,0.0,0.0,0.0,0.0,19.4607,31.2956,32.3886,0.0,0.0,0,2401.5239,32.4304,13.7697,0.0,0.0,2.4146,0.0,1.6981,1,39951.0,2.2,0.0,0.0,0.0,1.3139396509090908,1.3139396509090908,1.2904378327272727,1.6981,0.0
3029,2003-08-11,SZSE:000768,0.2449,1.3841,1.3011,1.3864,1.3614,2384.23,1.3636,0.0,0.0,0.0,0.0,0.0,19.5271,34.8066,35.9805,0.0,0.0,0,2417.1823,32.6418,13.8595,0.0,0.0,2.4303,0.0,0.6651,1,39951.0,2.2,0.0,0.0,0.0,1.2818293186908458,1.3032620764395637,1.2797612455747416,0.6651,0.0
3030,2003-08-12,SZSE:000768,0.2449,1.3909,1.3075,1.3977,1.3818,2395.9764,1.3841,0.0,0.0,0.0,0.0,0.0,19.5207,37.3913,38.6153,0.0,0.0,0,2428.9287,32.8005,13.9269,0.0,0.0,2.4421,0.0,0.7689,1,39951.0,2.2,0.0,0.0,0.0,1.3011077359982748,1.3138922640017257,1.2989456467035734,0.7689,0.0
3031,2003-08-13,SZSE:000768,0.2449,1.375,1.2926,1.3909,1.3727,2368.5716,1.3909,0.0,0.0,0.0,0.0,0.0,19.3073,34.004,34.9967,0.0,0.0,0,2401.5239,32.4304,13.7697,0.0,0.0,2.4146,0.0,0.6754,1,39951.0,2.2,0.0,0.0,0.0,1.3075471563636365,1.3075471563636365,1.2904378327272727,0.6754,0.0
3032,2003-08-14,SZSE:000768,0.2449,1.3818,1.299,1.3955,1.3682,2380.3162,1.375,0.0,0.0,0.0,0.0,0.0,19.2061,36.6526,37.6917,0.0,0.0,0,2433.4788,37.2767,15.5384,0.0,0.0,2.459,0.0,0.9948,1,39951.0,2.2,0.0,0.0,0.0,1.2926074685193227,1.311879070777247,1.2862149370386453,0.9948,0.0
3033,2003-08-15,SZSE:000768,0.2539,1.3773,1.2947,1.3909,1.3682,2372.487,1.3909,0.0,0.0,0.0,0.0,0.0,18.3981,35.6262,36.6023,0.0,0.0,0,2425.6496,37.1567,15.4884,0.0,0.0,2.4511,0.0,0.8039,1,39951.0,2.2,0.0,0.0,0.0,1.3074843752268932,1.3074843752268932,1.2861457489290642,0.8039,0.0
3034,2003-08-18,SZSE:000768,0.2539,1.3614,1.2798,1.3818,1.3591,2345.0805,1.3773,0.0,0.0,0.0,0.0,0.0,18.3697,32.2243,33.0063,0.0,0.0,0,2398.243,36.7369,15.3134,0.0,0.0,2.4234,0.0,1.3466,1,39951.0,2.2,0.0,0.0,0.0,1.2947469810489203,1.2989772587042752,1.2776378580872632,1.3466,0.0
3035,2003-08-19,SZSE:000768,0.2539,1.3705,1.2883,1.375,1.3591,2360.7406,1.3636,0.0,0.0,0.0,0.0,0.0,18.3602,35.9857,36.8256,0.0,0.0,0,2413.9032,36.9768,15.4134,0.0,0.0,2.4392,0.0,0.773,1,39951.0,2.2,0.0,0.0,0.0,1.2818138489602333,1.2925300985041954,1.277583750456038,0.773,0.0
3036,2003-08-20,SZSE:000768,0.2539,1.3614,1.2798,1.3682,1.3546,2345.0805,1.3682,0.0,0.0,0.0,0.0,0.0,17.0051,33.9562,34.6955,0.0,0.0,0,2398.243,36.7369,15.3134,0.0,0.0,2.4234,0.0,0.6849,1,39951.0,2.2,0.0,0.0,0.0,1.2861924195680918,1.2861924195680918,1.2734075804319085,0.6849,0.0
3037,2003-08-21,SZSE:000768,0.2539,1.3614,1.2798,1.3636,1.3432,2345.0805,1.3636,0.0,0.0,0.0,0.0,0.0,16.9403,33.9562,34.6955,0.0,0.0,0,2398.243,36.7369,15.3134,0.0,0.0,2.4234,0.0,0.9534,1,39951.0,2.2,0.0,0.0,0.0,1.281868135742618,1.281868135742618,1.262690877038343,0.9534,0.0
3038,2003-08-22,SZSE:000768,0.2339,1.3523,1.2712,1.3636,1.35,2329.4186,1.3546,0.0,0.0,0.0,0.0,0.0,16.9182,31.8714,32.514,0.0,0.0,0,2382.5811,36.497,15.2134,0.0,0.0,2.4076,0.0,0.7061,1,39951.0,2.2,0.0,0.0,0.0,1.2733620646306292,1.2818223175330918,1.2690379353693708,0.7061,0.0
3039,2003-08-25,SZSE:000768,0.2339,1.3455,1.2648,1.3477,1.3205,2317.6756,1.3455,0.0,0.0,0.0,0.0,0.0,16.7917,30.366,30.943,0.0,0.0,0,2370.8382,36.3171,15.1384,0.0,0.0,2.3957,0.0,3.1056,1,39951.0,2.2,0.0,0.0,0.0,1.2648,1.266868049052397,1.241299442586399,3.1056,0.0
3040,2003-08-26,SZSE:000768,0.2339,1.3727,1.2905,1.3864,1.3409,2364.6544,1.3409,0.0,0.0,0.0,0.0,0.0,16.6336,42.1405,42.8412,0.0,0.0,0,2417.8169,37.0368,15.4384,0.0,0.0,2.4432,0.0,4.9294,1,39951.0,2.2,0.0,0.0,0.0,1.260604247104247,1.303379616813579,1.260604247104247,4.9294,0.0
3041,2003-08-27,SZSE:000768,0.2339,1.3705,1.2883,1.3818,1.3614,2360.7406,1.3727,0.0,0.0,0.0,0.0,0.0,16.6288,41.5107,42.189,0.0,0.0,0,2413.9032,36.9768,15.4134,0.0,0.0,2.4392,0.0,1.0557,1,39951.0,2.2,0.0,0.0,0.0,1.2903680481576065,1.2989222473549797,1.2797458008026266,1.0557,0.0
3042,2003-08-28,SZSE:000768,0.2339,1.3523,1.2712,1.3705,1.3409,2329.4186,1.3636,0.0,0.0,0.0,0.0,0.0,16.3822,36.7744,37.296,0.0,0.0,0,2382.5811,36.497,15.2134,0.0,0.0,2.4076,0.0,0.7523,1,39951.0,2.2,0.0,0.0,0.0,1.2818223175330918,1.2883085114249797,1.2604836796568808,0.7523,0.0
3043,2003-08-29,SZSE:000768,0.2384,1.3614,1.2798,1.3614,1.3296,2345.0805,1.3364,0.0,0.0,0.0,0.0,0.0,16.485,40.4342,40.9819,0.0,0.0,0,2398.243,36.7369,15.3134,0.0,0.0,2.4234,0.0,0.8251,1,39951.0,2.2,0.0,0.0,0.0,1.2562984574702514,1.2798,1.2499060379021596,0.8251,0.0
3044,2003-09-01,SZSE:000768,0.2384,1.3932,1.3097,1.3977,1.3591,2399.8902,1.3796,0.0,0.0,0.0,0.0,0.0,17.1696,51.1016,51.6852,0.0,0.0,0,2453.0527,37.5765,15.6633,0.0,0.0,2.4788,0.0,3.1165,1,39951.0,2.2,0.0,0.0,0.0,1.2969151019236291,1.3139302971576228,1.27764374820557,3.1165,0.0
3045,2003-09-02,SZSE:000768,0.2384,1.3864,1.3033,1.3977,1.3682,2388.1472,1.3909,0.0,0.0,0.0,0.0,0.0,17.1063,49.0739,49.6094,0.0,0.0,0,2441.3097,37.3966,15.5884,0.0,0.0,2.4669,0.0,2.5109,1,39951.0,2.2,0.0,0.0,0.0,1.3075302726485862,1.3139226846508942,1.28619089728794,2.5109,0.0
3046,2003-09-03,SZSE:000768,0.2384,1.4068,1.3225,1.4205,1.3796,2423.383,1.3932,0.0,0.0,0.0,0.0,0.0,17.4241,54.8617,55.3982,0.0,0.0,0,2476.5455,37.9364,15.8134,0.0,0.0,2.5025,0.0,7.2014,1,39951.0,2.2,0.0,0.0,0.0,1.3097149559283479,1.3353790517486495,1.296929911856696,7.2014,0.0
3047,2003-09-04,SZSE:000768,0.2384,1.3932,1.3097,1.4091,1.3886,2399.8902,1.4068,0.0,0.0,0.0,0.0,0.0,17.3609,50.7225,51.1767,0.0,0.0,0,2453.0527,37.5765,15.6633,0.0,0.0,2.4788,0.0,2.2765,1,39951.0,2.2,0.0,0.0,0.0,1.322484898076371,1.3246470499569336,1.3053756962388747,2.2765,0.0
3048,2003-09-05,SZSE:000768,0.2286,1.3614,1.2798,1.3864,1.3546,2345.0805,1.3841,0.0,0.0,0.0,0.0,0.0,17.7198,42.6397,42.9535,0.0,0.0,0,2398.243,36.7369,15.3134,0.0,0.0,2.4234,0.0,1.7151,1,39951.0,2.2,0.0,0.0,0.0,1.301139400617012,1.303301542529749,1.2734075804319085,1.7151,0.0
3049,2003-09-08,SZSE:000768,0.2286,1.3727,1.2905,1.375,1.35,2364.6544,1.3614,0.0,0.0,0.0,0.0,0.0,17.8337,45.9521,46.2738,0.0,0.0,0,2417.8169,37.0368,15.4384,0.0,0.0,2.4432,0.0,2.5787,1,39951.0,2.2,0.0,0.0,0.0,1.2798766664238361,1.2926622714358562,1.2691593210461134,2.5787,0.0
3050,2003-09-09,SZSE:000768,0.2286,1.3864,1.3033,1.3932,1.3636,2388.1472,1.3705,0.0,0.0,0.0,0.0,0.0,17.9918,49.7061,50.0327,0.0,0.0,0,2441.3097,37.3966,15.5884,0.0,0.0,2.4669,0.0,3.6724,1,39951.0,2.2,0.0,0.0,0.0,1.2883530366416618,1.309692412002308,1.281866618580496,3.6724,0.0
3051,2003-09-10,SZSE:000768,0.2286,1.3818,1.299,1.3886,1.3636,2380.3162,1.3818,0.0,0.0,0.0,0.0,0.0,17.9823,48.4969,48.807,0.0,0.0,0,2433.4788,37.2767,15.5384,0.0,0.0,2.459,0.0,0.6649,1,39951.0,2.2,0.0,0.0,0.0,1.299,1.3053925314806776,1.2818905775075988,0.6649,0.0
3052,2003-09-11,SZSE:000768,0.2286,1.3886,1.3054,1.3932,1.3659,2392.0609,1.3659,0.0,0.0,0.0,0.0,0.0,18.0266,50.444,50.7556,0.0,0.0,0,2445.2235,37.4566,15.6134,0.0,0.0,2.4709,0.0,0.9024,1,39951.0,2.2,0.0,0.0,0.0,1.2840601037015695,1.3097243842719282,1.2840601037015695,0.9024,0.0
3053,2003-09-12,SZSE:000768,0.2286,1.3682,1.2862,1.3841,1.3682,2356.8252,1.3796,0.0,0.0,0.0,0.0,0.0,18.1894,44.9531,45.1968,0.0,0.0,0,2409.9877,36.9168,15.3884,0.0,0.0,2.4353,0.0,0.9297,1,39951.0,2.2,0.0,0.0,0.0,1.296916766554597,1.3011470691419382,1.2862,0.9297,0.0
3054,2003-09-15,SZSE:000768,0.2286,1.3523,1.2712,1.3796,1.3386,2329.4186,1.3636,0.0,0.0,0.0,0.0,0.0,18.2606,41.1969,41.3991,0.0,0.0,0,2382.5811,36.497,15.2134,0.0,0.0,2.4076,0.0,1.3825,1,39951.0,2.2,0.0,0.0,0.0,1.2818223175330918,1.2968627671374695,1.2583216150262517,1.3825,0.0
3055,2003-09-16,SZSE:000768,0.2286,1.3682,1.2862,1.3705,1.3364,2356.8252,1.3364,0.0,0.0,0.0,0.0,0.0,18.2448,46.0515,46.2619,0.0,0.0,0,2409.9877,36.9168,15.3884,0.0,0.0,2.4353,0.0,0.9076,1,39951.0,2.2,0.0,0.0,0.0,1.2563058617161234,1.288362154655752,1.2563058617161234,0.9076,0.0
3056,2003-09-17,SZSE:000768,0.2286,1.3523,1.2712,1.3659,1.3409,2329.4186,1.3659,0.0,0.0,0.0,0.0,0.0,18.2685,42.2915,42.4668,0.0,0.0,0,2382.5811,36.497,15.2134,0.0,0.0,2.4076,0.0,0.6707,1,39951.0,2.2,0.0,0.0,0.0,1.283984382163721,1.283984382163721,1.2604836796568808,0.6707,0.0
3057,2003-09-18,SZSE:000768,0.2286,1.3568,1.2755,1.3614,1.3409,2337.2512,1.3409,0.0,0.0,0.0,0.0,0.0,18.1483,43.7061,43.8836,0.0,0.0,0,2390.4138,36.617,15.2634,0.0,0.0,2.4155,0.0,0.4248,1,39951.0,2.2,0.0,0.0,0.0,1.260552734375,1.2798243661556605,1.260552734375,0.4248,0.0
3058,2003-09-19,SZSE:000768,0.2371,1.3591,1.2776,1.3636,1.3455,2341.165,1.3455,0.0,0.0,0.0,0.0,0.0,18.1641,44.439,44.6176,0.0,0.0,0,2394.3276,36.6769,15.2884,0.0,0.0,2.4195,0.0,0.5025,1,39951.0,2.2,0.0,0.0,0.0,1.2648155396953866,1.2818301523066735,1.2648155396953866,0.5025,0.0
3059,2003-09-22,SZSE:000768,0.2371,1.3886,1.3054,1.3909,1.3591,2392.0609,1.3636,0.0,0.0,0.0,0.0,0.0,18.7349,53.0073,53.1912,0.0,0.0,0,2445.2235,37.4566,15.6134,0.0,0.0,2.4709,0.0,3.3296,1,39951.0,2.2,0.0,0.0,0.0,1.2818979115656055,1.3075621921359641,1.2776675356474145,3.3296,0.0
3060,2003-09-23,SZSE:000768,0.2371,1.4,1.3161,1.4023,1.3818,2411.6366,1.3886,0.0,0.0,0.0,0.0,0.0,18.6132,55.8288,56.0119,0.0,0.0,0,2464.7991,37.7564,15.7384,0.0,0.0,2.4907,0.0,2.9952,1,39951.0,2.2,0.0,0.0,0.0,1.305383185714286,1.3182621642857144,1.2989907,2.9952,0.0
3061,2003-09-24,SZSE:000768,0.2371,1.4114,1.3268,1.4159,1.3886,2431.2122,1.4091,0.0,0.0,0.0,0.0,0.0,18.6859,58.5115,58.6926,0.0,0.0,0,2484.3747,38.0563,15.8633,0.0,0.0,2.5105,0.0,3.6773,1,39951.0,2.2,0.0,0.0,0.0,1.324637863114638,1.3310302678191865,1.3053666430494544,3.6773,0.0
3062,2003-09-25,SZSE:000768,0.2371,1.3818,1.299,1.4159,1.3773,2380.3162,1.4136,0.0,0.0,0.0,0.0,0.0,19.0812,50.0077,50.1377,0.0,0.0,0,2433.4788,37.2767,15.5384,0.0,0.0,2.459,0.0,2.0014,1,39951.0,2.2,0.0,0.0,0.0,1.3288944854537559,1.3310566652192792,1.2947696482848459,2.0014,0.0
3063,2003-09-26,SZSE:000768,0.1814,1.3909,1.3075,1.3932,1.3659,2395.9764,1.3932,0.0,0.0,0.0,0.0,0.0,19.1381,52.3046,52.4349,0.0,0.0,0,2449.139,37.5166,15.6384,0.0,0.0,2.4748,0.0,1.0077,1,39951.0,2.2,0.0,0.0,0.0,1.3096620892947013,1.3096620892947013,1.2839990294054209,1.0077,0.0
3064,2003-09-29,SZSE:000768,0.1814,1.3591,1.2776,1.3818,1.3523,2341.165,1.3727,0.0,0.0,0.0,0.0,0.0,19.1697,44.5835,44.6763,0.0,0.0,0,2394.3276,36.6769,15.2884,0.0,0.0,2.4195,0.0,1.257,1,39951.0,2.2,0.0,0.0,0.0,1.2903844603046133,1.298938768302553,1.2712077698476933,1.257,0.0
3065,2003-09-30,SZSE:000768,0.1814,1.3659,1.284,1.3773,1.3432,2352.9114,1.3659,0.0,0.0,0.0,0.0,0.0,18.6653,46.4093,46.5031,0.0,0.0,0,2406.074,36.8569,15.3634,0.0,0.0,2.4313,0.0,0.877,1,39951.0,2.2,0.0,0.0,0.0,1.284,1.2947164506918518,1.2626611025697343,0.877,0.0
3066,2003-10-01,SZSE:000768,0.1814,0.0,1.284,0.0,0.0,2352.9114,0.0,0.0,0.0,0.0,0.0,0.0,18.4788,0.0,0.0,0.0,0.0,0,2406.074,36.8569,15.3634,0.0,0.0,2.4313,0.0,0.0,1,39951.0,2.2,0.0,0.0,0.0,0.0,0.0,0.0,0.0,0.0
3067,2003-10-02,SZSE:000768,0.1814,0.0,1.284,0.0,0.0,2352.9114,0.0,0.0,0.0,0.0,0.0,0.0,18.2432,0.0,0.0,0.0,0.0,0,2406.074,36.8569,15.3634,0.0,0.0,2.4313,0.0,0.0,1,39951.0,2.2,0.0,0.0,0.0,0.0,0.0,0.0,0.0,0.0
3068,2003-10-03,SZSE:000768,0.164,0.0,1.284,0.0,0.0,2352.9114,0.0,0.0,0.0,0.0,0.0,0.0,18.2432,0.0,0.0,0.0,0.0,0,2406.074,36.8569,15.3634,0.0,0.0,2.4313,0.0,0.0,1,39951.0,2.2,0.0,0.0,0.0,0.0,0.0,0.0,0.0,0.0
3069,2003-10-06,SZSE:000768,0.164,0.0,1.284,0.0,0.0,2352.9114,0.0,0.0,0.0,0.0,0.0,0.0,18.0914,0.0,0.0,0.0,0.0,0,2406.074,36.8569,15.3634,0.0,0.0,2.4313,0.0,0.0,1,39951.0,2.2,0.0,0.0,0.0,0.0,0.0,0.0,0.0,0.0
3070,2003-10-07,SZSE:000768,0.164,0.0,1.284,0.0,0.0,2352.9114,0.0,0.0,0.0,0.0,0.0,0.0,17.9412,0.0,0.0,0.0,0.0,0,2406.074,36.8569,15.3634,0.0,0.0,2.4313,0.0,0.0,1,39951.0,2.2,0.0,0.0,0.0,0.0,0.0,0.0,0.0,0.0
3071,2003-10-08,SZSE:000768,0.164,1.3977,1.314,1.3977,1.3591,2407.7228,1.3614,0.0,0.0,0.0,0.0,0.0,18.3365,54.0215,54.1169,0.0,0.0,0,2460.8854,37.6965,15.7134,0.0,0.0,2.4867,0.0,1.2248,1,39951.0,2.2,0.0,0.0,0.0,1.279873792659369,1.314,1.2777115260785576,1.2248,0.0
3072,2003-10-09,SZSE:000768,0.164,1.4023,1.3182,1.4068,1.3818,2415.552,1.3977,0.0,0.0,0.0,0.0,0.0,18.2938,55.0047,55.1,0.0,0.0,0,2468.7146,37.8164,15.7634,0.0,0.0,2.4946,0.0,2.4818,1,39951.0,2.2,0.0,0.0,0.0,1.313875875347643,1.322430121942523,1.2989294444840618,2.4818,0.0
3073,2003-10-10,SZSE:000768,0.2385,1.4386,1.3524,1.4455,1.4023,2478.1892,1.4136,0.0,0.0,0.0,0.0,0.0,18.7144,62.0047,62.0964,0.0,0.0,0,2531.3518,38.7759,16.1633,0.0,0.0,2.5579,0.0,9.6742,1,39951.0,2.2,0.0,0.0,0.0,1.328897984151258,1.3588865563742527,1.318275072987627,9.6742,0.0
3074,2003-10-13,SZSE:000768,0.2385,1.4523,1.3652,1.4727,1.4318,2501.682,1.4386,0.0,0.0,0.0,0.0,0.0,18.727,64.251,64.3408,0.0,0.0,0,2554.8446,39.1358,16.3133,0.0,0.0,2.5817,0.0,8.6417,1,39951.0,2.2,0.0,0.0,0.0,1.3523216415341186,1.3843765337740137,1.3459294636094472,8.6417,0.0
3075,2003-10-14,SZSE:000768,0.2385,1.45,1.3631,1.4546,1.425,2497.7666,1.4477,0.0,0.0,0.0,0.0,0.0,18.6796,63.5764,63.6641,0.0,0.0,0,2550.9291,39.0758,16.2883,0.0,0.0,2.5777,0.0,3.8837,1,39951.0,2.2,0.0,0.0,0.0,1.3609378413793103,1.3674243172413794,1.339598275862069,3.8837,0.0
3076,2003-10-15,SZSE:000768,0.2385,1.4159,1.331,1.4523,1.4114,2439.0431,1.4523,0.0,0.0,0.0,0.0,0.0,19.1697,54.3576,54.4207,0.0,0.0,0,2492.2057,38.1763,15.9134,0.0,0.0,2.5184,0.0,4.5988,1,39951.0,2.2,0.0,0.0,0.0,1.3652173882336323,1.3652173882336323,1.3267698283777103,4.5988,0.0
3077,2003-10-16,SZSE:000768,0.2385,1.4045,1.3204,1.4205,1.3955,2419.4641,1.4159,0.0,0.0,0.0,0.0,0.0,18.9721,51.6676,51.7242,0.0,0.0,0,2472.6266,37.8763,15.7883,0.0,0.0,2.4986,0.0,1.7531,1,39951.0,2.2,0.0,0.0,0.0,1.3311173798504803,1.3354419366322536,1.3119389106443573,1.7531,0.0
3078,2003-10-17,SZSE:000768,0.3291,1.4136,1.3289,1.4273,1.3955,2435.1242,1.3955,0.0,0.0,0.0,0.0,0.0,18.9547,53.6436,53.7004,0.0,0.0,0,2488.2868,38.1162,15.8883,0.0,0.0,2.5144,0.0,2.3335,1,39951.0,2.2,0.0,0.0,0.0,1.3118845147142049,1.3417791242218449,1.3118845147142049,2.3335,0.0
3079,2003-10-20,SZSE:000768,0.3291,1.4159,1.331,1.4205,1.3977,2439.0431,1.4136,0.0,0.0,0.0,0.0,0.0,18.8914,54.1488,54.2054,0.0,0.0,0,2492.2057,38.1763,15.9134,0.0,0.0,2.5184,0.0,1.8832,1,39951.0,2.2,0.0,0.0,0.0,1.3288379122819407,1.3353241754361187,1.3138913058831838,1.8832,0.0
3080,2003-10-21,SZSE:000768,0.3291,1.425,1.3396,1.4273,1.4,2454.6998,1.4046,0.0,0.0,0.0,0.0,0.0,18.6116,56.2025,56.2588,0.0,0.0,0,2507.8624,38.4161,16.0133,0.0,0.0,2.5342,0.0,2.778,1,39951.0,2.2,0.0,0.0,0.0,1.3204225684210527,1.3417621614035085,1.3160982456140349,2.778,0.0
3081,2003-10-22,SZSE:000768,0.3291,1.4386,1.3524,1.4523,1.4227,2478.1892,1.425,0.0,0.0,0.0,0.0,0.0,18.6732,59.158,59.2136,0.0,0.0,0,2531.3518,38.7759,16.1633,0.0,0.0,2.5579,0.0,4.4361,1,39951.0,2.2,0.0,0.0,0.0,1.3396149033782845,1.3652791046851103,1.3374527179202003,4.4361,0.0
3082,2003-10-23,SZSE:000768,0.3291,1.4205,1.3353,1.4455,1.4091,2446.8706,1.4455,0.0,0.0,0.0,0.0,0.0,18.8329,53.9322,53.9781,0.0,0.0,0,2500.0332,38.2962,15.9633,0.0,0.0,2.5263,0.0,2.1151,1,39951.0,2.2,0.0,0.0,0.0,1.3588005279831044,1.3588005279831044,1.324583759239704,2.1151,0.0
3083,2003-10-24,SZSE:000768,0.3504,1.3705,1.2883,1.4114,1.3636,2360.7406,1.4114,0.0,0.0,0.0,0.0,0.0,19.9888,42.7484,42.7764,0.0,0.0,0,2432.9514,45.3551,14.7052,0.0,0.0,2.5935,0.0,3.5411,1,39951.0,2.2,0.0,0.0,0.0,1.3267468952936885,1.3267468952936885,1.2818138489602333,3.5411,0.0
3084,2003-10-27,SZSE:000768,0.3504,1.3523,1.2712,1.3727,1.3386,2329.4186,1.3682,0.0,0.0,0.0,0.0,0.0,19.067,39.5374,39.5612,0.0,0.0,0,2401.6294,44.7712,14.5159,0.0,0.0,2.5602,0.0,2.7157,1,39951.0,2.2,0.0,0.0,0.0,1.2861464467943504,1.2903765732455819,1.2583216150262517,2.7157,0.0
3085,2003-10-28,SZSE:000768,0.3504,1.3614,1.2798,1.3636,1.3364,2345.0805,1.3432,0.0,0.0,0.0,0.0,0.0,19.0243,41.8879,41.9123,0.0,0.0,0,2417.2913,45.0632,14.6105,0.0,0.0,2.5769,0.0,2.2723,1,39951.0,2.2,0.0,0.0,0.0,1.262690877038343,1.281868135742618,1.2562984574702514,2.2723,0.0
3086,2003-10-29,SZSE:000768,0.3504,1.3159,1.237,1.375,1.2909,2266.7814,1.3568,0.0,0.0,0.0,0.0,0.0,20.1279,34.6382,34.6543,0.0,0.0,0,2338.9922,43.6035,14.1373,0.0,0.0,2.4934,0.0,4.4978,1,39951.0,2.2,0.0,0.0,0.0,1.2754476783950148,1.2925564252602781,1.2134989740861768,4.4978,0.0
3087,2003-10-30,SZSE:000768,0.3504,1.2773,1.2007,1.325,1.2682,2200.2236,1.3091,0.0,0.0,0.0,0.0,0.0,20.8631,29.9007,29.9124,0.0,0.0,0,2272.4344,42.3627,13.735,0.0,0.0,2.4224,0.0,2.3704,1,39951.0,2.2,0.0,0.0,0.0,1.2305929460580913,1.245539419087137,1.1921457292726847,2.3704,0.0
3088,2003-10-31,SZSE:000768,0.3086,1.2818,1.205,1.3182,1.25,2208.0562,1.2955,0.0,0.0,0.0,0.0,0.0,20.8805,31.0951,31.107,0.0,0.0,0,2280.267,42.5087,13.7823,0.0,0.0,2.4308,0.0,1.5893,1,39951.0,2.2,0.0,0.0,0.0,1.2178791543142458,1.23921906693712,1.1751053206428461,1.5893,0.0
3089,2003-11-03,SZSE:000768,0.3086,1.2886,1.2114,1.2932,1.2614,2219.7992,1.2727,0.0,0.0,0.0,0.0,0.0,20.8995,32.9398,32.9524,0.0,0.0,0,2292.01,42.7277,13.8533,0.0,0.0,2.4433,0.0,1.1653,1,39951.0,2.2,0.0,0.0,0.0,1.1964525686791867,1.2157244140928138,1.1858295514511874,1.1653,0.0
3090,2003-11-04,SZSE:000768,0.3086,1.3386,1.2584,1.3523,1.2818,2305.9292,1.2886,0.0,0.0,0.0,0.0,0.0,22.0727,44.6456,44.6604,0.0,0.0,0,2378.14,44.3333,14.3739,0.0,0.0,2.5351,0.0,11.0045,1,39951.0,2.2,0.0,0.0,0.0,1.2113956671148962,1.2712791872105185,1.205003077842522,11.0045,0.0
3091,2003-11-05,SZSE:000768,0.3086,1.3318,1.252,1.3523,1.3068,2294.188,1.3386,0.0,0.0,0.0,0.0,0.0,22.0869,43.5301,43.544,0.0,0.0,0,2366.3988,44.1144,14.3029,0.0,0.0,2.5226,0.0,3.7182,1,39951.0,2.2,0.0,0.0,0.0,1.2583925514341494,1.2712716624117735,1.2284979726685687,3.7182,0.0
3092,2003-11-06,SZSE:000768,0.3086,1.2886,1.2114,1.3386,1.2727,2219.7992,1.3318,0.0,0.0,0.0,0.0,0.0,22.8917,37.19,37.2,0.0,0.0,0,2292.01,42.7277,13.8533,0.0,0.0,2.4433,0.0,1.9424,1,39951.0,2.2,0.0,0.0,0.0,1.2520118888716438,1.258404501008847,1.1964525686791867,1.9424,0.0
3093,2003-11-07,SZSE:000768,0.3409,1.2773,1.2007,1.3,1.2546,2200.2236,1.2841,0.0,0.0,0.0,0.0,0.0,22.9407,35.7158,35.7249,0.0,0.0,0,2272.4344,42.3627,13.735,0.0,0.0,2.4224,0.0,1.327,1,39951.0,2.2,0.0,0.0,0.0,1.2070922023017303,1.2220386753307757,1.179361324669224,1.327,0.0
3094,2003-11-10,SZSE:000768,0.3409,1.2909,1.2135,1.2977,1.2523,2223.7164,1.2727,0.0,0.0,0.0,0.0,0.0,22.8617,38.8487,38.8581,0.0,0.0,0,2295.9272,42.8007,13.877,0.0,0.0,2.4475,0.0,0.93,1,39951.0,2.2,0.0,0.0,0.0,1.196391238670695,1.2198922844527076,1.1772143853125727,0.93,0.0
3095,2003-11-11,SZSE:000768,0.3409,1.2773,1.2007,1.2909,1.2614,2200.2236,1.2841,0.0,0.0,0.0,0.0,0.0,22.8886,36.9114,36.92,0.0,0.0,0,2272.4344,42.3627,13.735,0.0,0.0,2.4224,0.0,1.3694,1,39951.0,2.2,0.0,0.0,0.0,1.2070922023017303,1.2134844046034603,1.1857535269709545,1.3694,0.0
3096,2003-11-12,SZSE:000768,0.3409,1.2568,1.1815,1.2727,1.2568,2164.993,1.2636,0.0,0.0,0.0,0.0,0.0,23.0388,34.1604,34.1676,0.0,0.0,0,2237.2038,41.706,13.522,0.0,0.0,2.3849,0.0,1.2412,1,39951.0,2.2,0.0,0.0,0.0,1.187892584341184,1.1964473663271802,1.1815,1.2412,0.0
3097,2003-11-13,SZSE:000768,0.3409,1.2682,1.1922,1.2727,1.25,2184.5634,1.25,0.0,0.0,0.0,0.0,0.0,23.0419,36.9707,36.9782,0.0,0.0,0,2256.7742,42.0708,13.6403,0.0,0.0,2.4057,0.0,1.0569,1,39951.0,2.2,0.0,0.0,0.0,1.1750906797035168,1.1964303264469327,1.1750906797035168,1.0569,0.0
3098,2003-11-14,SZSE:000768,0.3479,1.2841,1.2071,1.2909,1.2591,2211.97,1.2614,0.0,0.0,0.0,0.0,0.0,23.1668,40.7826,40.7905,0.0,0.0,0,2284.1808,42.5817,13.806,0.0,0.0,2.435,0.0,0.8816,1,39951.0,2.2,0.0,0.0,0.0,1.1857611868234563,1.2134922435947355,1.1835991044311192,0.8816,0.0
3099,2003-11-17,SZSE:000768,0.3479,1.2477,1.1729,1.2886,1.2455,2149.3328,1.2886,0.0,0.0,0.0,0.0,0.0,23.7787,35.4984,35.5043,0.0,0.0,0,2221.5436,41.414,13.4274,0.0,0.0,2.3682,0.0,2.5819,1,39951.0,2.2,0.0,0.0,0.0,1.2113480323795784,1.2113480323795784,1.170831890678849,2.5819,0.0
3100,2003-11-18,SZSE:000768,0.3479,1.2227,1.1494,1.2682,1.2182,2106.2644,1.2477,0.0,0.0,0.0,0.0,0.0,23.978,32.3908,32.3955,0.0,0.0,0,2178.4752,40.6111,13.1671,0.0,0.0,2.3223,0.0,4.0889,1,39951.0,2.2,0.0,0.0,0.0,1.1729012676862682,1.192172307189008,1.1451697718164717,4.0889,0.0
3101,2003-11-19,SZSE:000768,0.3479,1.2523,1.1772,1.2614,1.2227,2157.162,1.2227,0.0,0.0,0.0,0.0,0.0,24.4381,39.1684,39.1738,0.0,0.0,0,2229.3728,41.56,13.4747,0.0,0.0,2.3765,0.0,4.5524,1,39951.0,2.2,0.0,0.0,0.0,1.1493751018126646,1.1857542761319173,1.1493751018126646,4.5524,0.0
3102,2003-11-20,SZSE:000768,0.3479,1.3,1.2221,1.3068,1.2409,2239.3766,1.2546,0.0,0.0,0.0,0.0,0.0,25.5496,48.2013,48.2072,0.0,0.0,0,2311.5873,43.0926,13.9716,0.0,0.0,2.4642,0.0,7.91,1,39951.0,2.2,0.0,0.0,0.0,1.1794205076923074,1.228492523076923,1.1665414538461536,7.91,0.0
3103,2003-11-21,SZSE:000768,0.38,1.2705,1.1943,1.3046,1.2614,2188.4806,1.2977,0.0,0.0,0.0,0.0,0.0,25.9149,43.8594,43.8641,0.0,0.0,0,2260.6914,42.1438,13.664,0.0,0.0,2.4099,0.0,3.9339,1,39951.0,2.2,0.0,0.0,0.0,1.2198686422668241,1.2263548051948052,1.185745785123967,3.9339,0.0
3104,2003-11-24,SZSE:000768,0.38,1.3023,1.2242,1.3046,1.2636,2243.292,1.2705,0.0,0.0,0.0,0.0,0.0,26.3687,49.1697,49.1746,0.0,0.0,0,2315.5028,43.1656,13.9953,0.0,0.0,2.4683,0.0,4.4316,1,39951.0,2.2,0.0,0.0,0.0,1.1943070721032019,1.2263620671120326,1.1878208707671043,4.4316,0.0
3105,2003-11-25,SZSE:000768,0.38,1.325,1.2456,1.3386,1.2955,2282.4416,1.3023,0.0,0.0,0.0,0.0,0.0,26.5805,52.6171,52.6221,0.0,0.0,0,2354.6523,43.8954,14.2319,0.0,0.0,2.5101,0.0,7.7248,1,39951.0,2.2,0.0,0.0,0.0,1.224260286792453,1.2583850264150944,1.217867773584906,7.7248,0.0
3106,2003-11-26,SZSE:000768,0.38,1.3386,1.2584,1.3568,1.325,2305.9292,1.3364,0.0,0.0,0.0,0.0,0.0,26.3607,54.6063,54.6113,0.0,0.0,0,2378.14,44.3333,14.3739,0.0,0.0,2.5351,0.0,10.0773,1,39951.0,2.2,0.0,0.0,0.0,1.2563318093530556,1.2755095771701779,1.2456148214552518,10.0773,0.0
3107,2003-11-27,SZSE:000768,0.38,1.3886,1.3054,1.3909,1.3273,2392.0609,1.3409,0.0,0.0,0.0,0.0,0.0,27.3268,61.0619,61.0667,0.0,0.0,0,2464.2717,45.939,14.8945,0.0,0.0,2.6269,0.0,23.1385,1,39951.0,2.2,0.0,0.0,0.0,1.2605580152671754,1.3075621921359641,1.247772879158865,23.1385,0.0
3108,2003-11-28,SZSE:000768,0.4212,1.3682,1.2862,1.375,1.3455,2356.8252,1.3636,0.0,0.0,0.0,0.0,0.0,27.3569,57.4617,57.4659,0.0,0.0,0,2429.0359,45.2821,14.6815,0.0,0.0,2.5894,0.0,8.3812,1,39951.0,2.2,0.0,0.0,0.0,1.2818756906884958,1.2925924572430931,1.2648604736149685,8.3812,0.0
3109,2003-12-01,SZSE:000768,0.4212,1.375,1.2926,1.3796,1.3523,2368.5716,1.3636,0.0,0.0,0.0,0.0,0.0,27.1735,58.3434,58.3476,0.0,0.0,0,2440.7823,45.5011,14.7525,0.0,0.0,2.6019,0.0,5.7624,1,39951.0,2.2,0.0,0.0,0.0,1.2818831709090908,1.2969243345454544,1.2712603490909091,5.7624,0.0
3110,2003-12-02,SZSE:000768,0.4212,1.3523,1.2712,1.3773,1.3409,2329.4186,1.3773,0.0,0.0,0.0,0.0,0.0,27.3505,54.303,54.3067,0.0,0.0,0,2401.6294,44.7712,14.5159,0.0,0.0,2.5602,0.0,6.7311,1,39951.0,2.2,0.0,0.0,0.0,1.2947007025068404,1.2947007025068404,1.2604836796568808,6.7311,0.0
3111,2003-12-03,SZSE:000768,0.4212,1.3455,1.2648,1.3659,1.3386,2317.6756,1.3455,0.0,0.0,0.0,0.0,0.0,27.2003,53.1149,53.1183,0.0,0.0,0,2389.8864,44.5523,14.4449,0.0,0.0,2.5476,0.0,4.2419,1,39951.0,2.2,0.0,0.0,0.0,1.2648,1.2839764548494983,1.2583138461538461,4.2419,0.0
3112,2003-12-04,SZSE:000768,0.4212,1.3409,1.2605,1.3523,1.3364,2309.8481,1.3455,0.0,0.0,0.0,0.0,0.0,27.1466,52.2936,52.2968,0.0,0.0,0,2382.0589,44.4063,14.3976,0.0,0.0,2.5393,0.0,4.4442,1,39951.0,2.2,0.0,0.0,0.0,1.2648241852487137,1.2712164590946378,1.2562698187784325,4.4442,0.0
3113,2003-12-05,SZSE:000768,0.3971,1.3455,1.2648,1.3591,1.3386,2317.6756,1.3546,0.0,0.0,0.0,0.0,0.0,26.7829,53.075,53.0783,0.0,0.0,0,2389.8864,44.5523,14.4449,0.0,0.0,2.5476,0.0,3.2617,1,39951.0,2.2,0.0,0.0,0.0,1.2733542028985507,1.2775843032329988,1.2583138461538461,3.2617,0.0
3114,2003-12-08,SZSE:000768,0.3971,1.3227,1.2435,1.3591,1.3205,2278.5278,1.3477,0.0,0.0,0.0,0.0,0.0,26.93,48.7723,48.775,0.0,0.0,0,2350.7386,43.8225,14.2083,0.0,0.0,2.5059,0.0,2.3697,1,39951.0,2.2,0.0,0.0,0.0,1.2670030619188024,1.2777204581537764,1.2414317305511455,2.3697,0.0
3115,2003-12-09,SZSE:000768,0.3971,1.3318,1.252,1.3386,1.3182,2294.188,1.3227,0.0,0.0,0.0,0.0,0.0,26.8904,50.501,50.5037,0.0,0.0,0,2366.3988,44.1144,14.3029,0.0,0.0,2.5226,0.0,2.0799,1,39951.0,2.2,0.0,0.0,0.0,1.243445262051359,1.2583925514341494,1.2392148971317014,2.0799,0.0
3116,2003-12-10,SZSE:000768,0.3971,1.3409,1.2605,1.3432,1.3205,2309.8481,1.3205,0.0,0.0,0.0,0.0,0.0,26.9236,52.2368,52.2395,0.0,0.0,0,2382.0589,44.4063,14.3976,0.0,0.0,2.5393,0.0,2.1466,1,39951.0,2.2,0.0,0.0,0.0,1.2413231784622267,1.2626620926243566,1.2413231784622267,2.1466,0.0
3117,2003-12-11,SZSE:000768,0.3971,1.3523,1.2712,1.3523,1.3364,2329.4186,1.3455,0.0,0.0,0.0,0.0,0.0,26.96,54.3893,54.3922,0.0,0.0,0,2401.6294,44.7712,14.5159,0.0,0.0,2.5602,0.0,3.5862,1,39951.0,2.2,0.0,0.0,0.0,1.2648078089181394,1.2712,1.2562535532056498,3.5862,0.0
3118,2003-12-12,SZSE:000768,0.3955,1.3432,1.2627,1.3568,1.3364,2313.7584,1.3546,0.0,0.0,0.0,0.0,0.0,26.8367,52.356,52.3585,0.0,0.0,0,2385.9692,44.4792,14.4212,0.0,0.0,2.5435,0.0,1.821,1,39951.0,2.2,0.0,0.0,0.0,1.2734167808219177,1.2754849315068493,1.2563075342465755,1.821,0.0
3119,2003-12-15,SZSE:000768,0.3955,1.3295,1.2499,1.3409,1.325,2290.2691,1.3364,0.0,0.0,0.0,0.0,0.0,26.8145,49.3744,49.3767,0.0,0.0,0,2362.4798,44.0414,14.2792,0.0,0.0,2.5184,0.0,2.223,1,39951.0,2.2,0.0,0.0,0.0,1.2563868822865742,1.2606174576908613,1.2456694245957127,2.223,0.0
3120,2003-12-16,SZSE:000768,0.3955,1.3091,1.2306,1.3296,1.3023,2255.035,1.325,0.0,0.0,0.0,0.0,0.0,26.8715,45.2148,45.2168,0.0,0.0,0,2327.2458,43.3845,14.0663,0.0,0.0,2.4809,0.0,2.5968,1,39951.0,2.2,0.0,0.0,0.0,1.2455465587044534,1.2498707203422197,1.2242077610572148,2.5968,0.0
3121,2003-12-17,SZSE:000768,0.3955,1.3023,1.2242,1.3205,1.3023,2243.292,1.3091,0.0,0.0,0.0,0.0,0.0,26.7971,43.8878,43.8895,0.0,0.0,0,2315.5028,43.1656,13.9953,0.0,0.0,2.4683,0.0,2.5735,1,39951.0,2.2,0.0,0.0,0.0,1.2305921984181831,1.2413085310604317,1.2242,2.5735,0.0
3122,2003-12-18,SZSE:000768,0.3955,1.2727,1.1964,1.3182,1.2727,2192.3944,1.3023,0.0,0.0,0.0,0.0,0.0,27.1402,38.5997,38.6011,0.0,0.0,0,2264.6052,42.2168,13.6877,0.0,0.0,2.4141,0.0,2.7998,1,39951.0,2.2,0.0,0.0,0.0,1.2242254419737566,1.2391722165474974,1.1964,2.7998,0.0
3123,2003-12-19,SZSE:000768,0.4013,1.2545,1.1794,1.2796,1.2318,2161.0741,1.275,0.0,0.0,0.0,0.0,0.0,27.262,35.7455,35.7467,0.0,0.0,0,2233.2848,41.6329,13.4984,0.0,0.0,2.3807,0.0,4.2061,1,39951.0,2.2,0.0,0.0,0.0,1.1986727779992028,1.2029974013551217,1.1580589238740535,4.2061,0.0
3124,2003-12-22,SZSE:000768,0.4013,1.2932,1.2157,1.2955,1.2341,2227.6302,1.2546,0.0,0.0,0.0,0.0,0.0,27.6019,45.0449,45.0462,0.0,0.0,0,2299.8409,42.8736,13.9006,0.0,0.0,2.4517,0.0,4.0537,1,39951.0,2.2,0.0,0.0,0.0,1.1794132539437057,1.2178621636251161,1.1601417955459326,4.0537,0.0
3125,2003-12-23,SZSE:000768,0.4013,1.2932,1.2157,1.3046,1.2773,2227.6302,1.2977,0.0,0.0,0.0,0.0,0.0,27.5419,45.0449,45.0462,0.0,0.0,0,2299.8409,42.8736,13.9006,0.0,0.0,2.4517,0.0,3.9622,1,39951.0,2.2,0.0,0.0,0.0,1.2199303201360965,1.2264168110114444,1.2007528688524591,3.9622,0.0
3126,2003-12-24,SZSE:000768,0.4013,1.3227,1.2435,1.3341,1.2796,2278.5278,1.2955,0.0,0.0,0.0,0.0,0.0,27.8786,51.2966,51.2978,0.0,0.0,0,2350.7386,43.8225,14.2083,0.0,0.0,2.5059,0.0,4.4525,1,39951.0,2.2,0.0,0.0,0.0,1.2179286686323432,1.254217396234974,1.2029807212519847,4.4525,0.0
3127,2003-12-25,SZSE:000768,0.4013,1.3227,1.2435,0.0,0.0,2278.5278,0.0,0.0,0.0,0.0,0.0,0.0,27.5877,51.2966,51.2978,0.0,0.0,0,2350.7386,43.8225,14.2083,0.0,0.0,2.5059,0.0,0.0,1,39951.0,2.2,0.0,0.0,0.0,0.0,0.0,0.0,0.0,0.0
3128,2003-12-26,SZSE:000768,0.3873,1.3386,1.2584,1.35,1.2932,2305.9292,1.3091,0.0,0.0,0.0,0.0,0.0,27.6636,54.5264,54.5278,0.0,0.0,0,2378.14,44.3333,14.3739,0.0,0.0,2.5351,0.0,4.9582,1,39951.0,2.2,0.0,0.0,0.0,1.2306674435977887,1.2691169878978037,1.2157200657403255,4.9582,0.0
3129,2003-12-29,SZSE:000768,0.3873,1.3227,1.2435,1.3341,1.3182,2278.5278,1.3205,0.0,0.0,0.0,0.0,0.0,27.3916,50.8918,50.8929,0.0,0.0,0,2350.7386,43.8225,14.2083,0.0,0.0,2.5059,0.0,1.6287,1,39951.0,2.2,0.0,0.0,0.0,1.2414317305511455,1.254217396234974,1.2392694488546157,1.6287,0.0
3130,2003-12-30,SZSE:000768,0.3873,1.3205,1.2413,1.3386,1.3068,2274.6123,1.3364,0.0,0.0,0.0,0.0,0.0,27.3727,50.3751,50.3761,0.0,0.0,0,2346.8231,43.7495,14.1846,0.0,0.0,2.5017,0.0,1.6884,1,39951.0,2.2,0.0,0.0,0.0,1.2562463612268082,1.258314411207876,1.2284216887542596,1.6884,0.0
3131,2003-12-31,SZSE:000768,0.3873,1.3045,1.2264,1.3341,1.275,2247.2058,1.3341,0.0,0.0,0.0,0.0,0.0,27.2541,46.7936,46.7946,0.0,0.0,0,2319.4166,43.2386,14.0189,0.0,0.0,2.4725,0.0,4.1769,1,39951.0,2.2,0.0,0.0,0.0,1.2542278574166348,1.2542278574166348,1.198666155615178,4.1769,0.0
3132,2004-01-01,SZSE:000768,0.3873,0.0,1.2264,0.0,0.0,2247.2058,0.0,0.0,0.0,0.0,0.0,0.0,27.2541,0.0,0.0,0.0,0.0,0,2319.4166,43.2386,14.0189,0.0,0.0,2.4725,0.0,0.0,1,39951.0,2.2,0.0,0.0,0.0,0.0,0.0,0.0,0.0,0.0
3133,2004-01-02,SZSE:000768,0.3301,1.2864,1.2093,1.3091,1.2841,2215.8855,1.3023,0.0,0.0,0.0,0.0,0.0,27.3774,43.0287,43.0296,0.0,0.0,0,2288.0963,42.6547,13.8296,0.0,0.0,2.4391,0.0,2.0002,1,39951.0,2.2,0.0,0.0,0.0,1.2242470382462687,1.2306394822761193,1.2071378498134329,2.0002,0.0
3134,2004-01-05,SZSE:000768,0.3301,1.2727,1.1964,1.2864,1.25,2192.3944,1.2864,0.0,0.0,0.0,0.0,0.0,27.4422,40.403,40.4037,0.0,0.0,0,2264.6052,42.2168,13.6877,0.0,0.0,2.4141,0.0,6.8459,1,39951.0,2.2,0.0,0.0,0.0,1.2092786674000156,1.2092786674000156,1.1750608941620178,6.8459,0.0
3135,2004-01-06,SZSE:000768,0.3301,1.2864,1.2093,1.2909,1.2636,2215.8855,1.2727,0.0,0.0,0.0,0.0,0.0,27.5371,44.078,44.0788,0.0,0.0,0,2288.0963,42.6547,13.8296,0.0,0.0,2.4391,0.0,5.1829,1,39951.0,2.2,0.0,0.0,0.0,1.1964211054104479,1.2135302938432837,1.1878665111940299,5.1829,0.0
3136,2004-01-07,SZSE:000768,0.3301,1.2705,1.1943,1.2909,1.25,2188.4806,1.2864,0.0,0.0,0.0,0.0,0.0,27.6272,40.9087,40.9093,0.0,0.0,0,2260.6914,42.1438,13.664,0.0,0.0,2.4099,0.0,6.6751,1,39951.0,2.2,0.0,0.0,0.0,1.209246375442739,1.213476481700118,1.1750295159386068,6.6751,0.0
3137,2004-01-08,SZSE:000768,0.3301,1.2977,1.2199,1.3159,1.2705,2235.4594,1.2705,0.0,0.0,0.0,0.0,0.0,27.5687,47.8332,47.8339,0.0,0.0,0,2307.6702,43.0196,13.948,0.0,0.0,2.46,0.0,5.7487,1,39951.0,2.2,0.0,0.0,0.0,1.1943307004700623,1.237008869538414,1.1943307004700623,5.7487,0.0
3138,2004-01-09,SZSE:000768,0.322,1.2909,1.2135,1.3136,1.2841,2223.7164,1.2977,0.0,0.0,0.0,0.0,0.0,27.5672,46.3705,46.371,0.0,0.0,0,2295.9272,42.8007,13.877,0.0,0.0,2.4475,0.0,5.4096,1,39951.0,2.2,0.0,0.0,0.0,1.2198922844527076,1.2348389495700676,1.2071077155472927,5.4096,0.0
3139,2004-01-12,SZSE:000768,0.322,1.3136,1.2349,1.3227,1.2864,2262.8659,1.2909,0.0,0.0,0.0,0.0,0.0,27.3063,51.6761,51.6766,0.0,0.0,0,2335.0767,43.5305,14.1136,0.0,0.0,2.4892,0.0,2.9982,1,39951.0,2.2,0.0,0.0,0.0,1.2135599954323995,1.2434548035931792,1.2093295980511571,2.9982,0.0
3140,2004-01-13,SZSE:000768,0.322,1.3295,1.2499,1.3364,1.2955,2290.2691,1.3182,0.0,0.0,0.0,0.0,0.0,27.3505,55.0297,55.0303,0.0,0.0,0,2362.4798,44.0414,14.2792,0.0,0.0,2.5184,0.0,5.2964,1,39951.0,2.2,0.0,0.0,0.0,1.2392765550959008,1.2563868822865742,1.2179356525009404,5.2964,0.0
3141,2004-01-14,SZSE:000768,0.322,1.3136,1.2349,1.3296,1.3068,2262.8659,1.3296,0.0,0.0,0.0,0.0,0.0,27.4296,51.2029,51.2034,0.0,0.0,0,2335.0767,43.5305,14.1136,0.0,0.0,2.4892,0.0,2.4808,1,39951.0,2.2,0.0,0.0,0.0,1.249941412911084,1.249941412911084,1.2285073995127893,2.4808,0.0
3142,2004-01-15,SZSE:000768,0.322,1.3068,1.2285,1.325,1.3023,2251.1212,1.3136,0.0,0.0,0.0,0.0,0.0,27.0849,49.6106,49.6111,0.0,0.0,0,2323.332,43.3116,14.0426,0.0,0.0,2.4767,0.0,3.2953,1,39951.0,2.2,0.0,0.0,0.0,1.2348925619834712,1.2456095041322315,1.2242696280991734,3.2953,0.0
3143,2004-01-16,SZSE:000768,0.3101,1.3182,1.2392,0.0,0.0,2270.6952,0.0,0.0,0.0,0.0,0.0,0.0,27.1181,52.2744,52.275,0.0,0.0,0,2342.9059,43.6765,14.1609,0.0,0.0,2.4976,0.0,0.0,1,39951.0,2.2,0.0,0.0,0.0,0.0,0.0,0.0,0.0,0.0
3144,2004-01-19,SZSE:000768,0.3101,0.0,1.2392,0.0,0.0,2270.6952,0.0,0.0,0.0,0.0,0.0,0.0,27.0786,0.0,0.0,0.0,0.0,0,2342.9059,43.6765,14.1609,0.0,0.0,2.4976,0.0,0.0,1,39951.0,2.2,0.0,0.0,0.0,0.0,0.0,0.0,0.0,0.0
3145,2004-01-20,SZSE:000768,0.3101,0.0,1.2392,0.0,0.0,2270.6952,0.0,0.0,0.0,0.0,0.0,0.0,27.0738,0.0,0.0,0.0,0.0,0,2342.9059,43.6765,14.1609,0.0,0.0,2.4976,0.0,0.0,1,39951.0,2.2,0.0,0.0,0.0,0.0,0.0,0.0,0.0,0.0
3146,2004-01-21,SZSE:000768,0.3101,0.0,1.2392,0.0,0.0,2270.6952,0.0,0.0,0.0,0.0,0.0,0.0,27.0359,0.0,0.0,0.0,0.0,0,2342.9059,43.6765,14.1609,0.0,0.0,2.4976,0.0,0.0,1,39951.0,2.2,0.0,0.0,0.0,0.0,0.0,0.0,0.0,0.0
3147,2004-01-22,SZSE:000768,0.3101,0.0,1.2392,0.0,0.0,2270.6952,0.0,0.0,0.0,0.0,0.0,0.0,26.9537,0.0,0.0,0.0,0.0,0,2342.9059,43.6765,14.1609,0.0,0.0,2.4976,0.0,0.0,1,39951.0,2.2,0.0,0.0,0.0,0.0,0.0,0.0,0.0,0.0
3148,2004-01-23,SZSE:000768,0.3726,0.0,1.2392,0.0,0.0,2270.6952,0.0,0.0,0.0,0.0,0.0,0.0,26.8604,0.0,0.0,0.0,0.0,0,2342.9059,43.6765,14.1609,0.0,0.0,2.4976,0.0,0.0,1,39951.0,2.2,0.0,0.0,0.0,0.0,0.0,0.0,0.0,0.0
3149,2004-01-26,SZSE:000768,0.3726,0.0,1.2392,0.0,0.0,2270.6952,0.0,0.0,0.0,0.0,0.0,0.0,25.9702,0.0,0.0,0.0,0.0,0,2342.9059,43.6765,14.1609,0.0,0.0,2.4976,0.0,0.0,1,39951.0,2.2,0.0,0.0,0.0,0.0,0.0,0.0,0.0,0.0
3150,2004-01-27,SZSE:000768,0.3726,0.0,1.2392,0.0,0.0,2270.6952,0.0,0.0,0.0,0.0,0.0,0.0,25.8469,0.0,0.0,0.0,0.0,0,2342.9059,43.6765,14.1609,0.0,0.0,2.4976,0.0,0.0,1,39951.0,2.2,0.0,0.0,0.0,0.0,0.0,0.0,0.0,0.0
3151,2004-01-28,SZSE:000768,0.3726,0.0,1.2392,0.0,0.0,2270.6952,0.0,0.0,0.0,0.0,0.0,0.0,25.8105,0.0,0.0,0.0,0.0,0,2342.9059,43.6765,14.1609,0.0,0.0,2.4976,0.0,0.0,1,39951.0,2.2,0.0,0.0,0.0,0.0,0.0,0.0,0.0,0.0
3152,2004-01-29,SZSE:000768,0.3726,1.3795,1.2969,1.3909,1.3136,2376.4008,1.3182,0.0,0.0,0.0,0.0,0.0,26.4714,63.4973,63.4977,0.0,0.0,0,2448.6116,45.647,14.7998,0.0,0.0,2.6102,0.0,13.7982,1,39951.0,2.2,0.0,0.0,0.0,1.2392704458137007,1.307617404856832,1.2349458789416456,13.7982,0.0
3153,2004-01-30,SZSE:000768,0.2995,1.3864,1.3033,1.3977,1.3636,2388.1472,1.3796,0.0,0.0,0.0,0.0,0.0,25.7852,64.4964,64.4967,0.0,0.0,0,2460.358,45.866,14.8708,0.0,0.0,2.6228,0.0,10.0766,1,39951.0,2.2,0.0,0.0,0.0,1.2969075879976917,1.3139226846508942,1.281866618580496,10.0766,0.0
3154,2004-02-02,SZSE:000768,0.2995,1.4136,1.3289,1.4273,1.3636,2435.1242,1.3977,0.0,0.0,0.0,0.0,0.0,26.0255,68.2403,68.2407,0.0,0.0,0,2507.335,46.7417,15.1548,0.0,0.0,2.6728,0.0,9.5738,1,39951.0,2.2,0.0,0.0,0.0,1.31395269524618,1.3417791242218449,1.2818958970005658,9.5738,0.0
3155,2004-02-03,SZSE:000768,0.2995,1.4364,1.3503,1.4409,1.3818,2474.2755,1.4159,0.0,0.0,0.0,0.0,0.0,26.1678,70.9864,70.9866,0.0,0.0,0,2546.4863,47.4716,15.3914,0.0,0.0,2.7146,0.0,10.4605,1,39951.0,2.2,0.0,0.0,0.0,1.3310288011695908,1.354530263157895,1.298972807017544,10.4605,0.0
3156,2004-02-04,SZSE:000768,0.2995,1.4364,1.3503,1.4432,1.4182,2474.2755,1.4318,0.0,0.0,0.0,0.0,0.0,25.1591,70.9864,70.9866,0.0,0.0,0,2546.4863,47.4716,15.3914,0.0,0.0,2.7146,0.0,8.384,1,39951.0,2.2,0.0,0.0,0.0,1.3459757309941522,1.356692397660819,1.3331909356725147,8.384,0.0
3157,2004-02-05,SZSE:000768,0.2995,1.4318,1.346,1.4432,1.4091,2466.4462,1.4364,0.0,0.0,0.0,0.0,0.0,25.1433,69.5909,69.5913,0.0,0.0,0,2538.657,47.3257,15.3441,0.0,0.0,2.7062,0.0,7.8322,1,39951.0,2.2,0.0,0.0,0.0,1.3503243469758348,1.3567168598966337,1.3246602877496858,7.8322,0.0
3158,2004-02-06,SZSE:000768,0.3109,1.4159,1.331,1.4455,1.4136,2439.0431,1.4318,0.0,0.0,0.0,0.0,0.0,24.3543,64.79,64.7902,0.0,0.0,0,2511.2539,46.8148,15.1784,0.0,0.0,2.677,0.0,6.9684,1,39951.0,2.2,0.0,0.0,0.0,1.3459466063987569,1.3588251288932836,1.3288379122819407,6.9684,0.0
3159,2004-02-09,SZSE:000768,0.3109,1.4432,1.3567,1.4432,1.4091,2486.0202,1.4159,0.0,0.0,0.0,0.0,0.0,24.5061,68.7678,68.7681,0.0,0.0,0,2558.2309,47.6905,15.4624,0.0,0.0,2.7271,0.0,6.4618,1,39951.0,2.2,0.0,0.0,0.0,1.331036259700665,1.3567,1.3246438262195122,6.4618,0.0
3160,2004-02-10,SZSE:000768,0.3109,1.4591,1.3716,1.4818,1.4432,2513.425,1.4546,0.0,0.0,0.0,0.0,0.0,24.5108,70.8376,70.8378,0.0,0.0,0,2585.6358,48.2014,15.628,0.0,0.0,2.7563,0.0,10.2853,1,39951.0,2.2,0.0,0.0,0.0,1.3673698581317246,1.3929387156466313,1.356653498732095,10.2853,0.0
3161,2004-02-11,SZSE:000768,0.3109,1.4477,1.361,1.4659,1.4386,2493.8494,1.4546,0.0,0.0,0.0,0.0,0.0,24.4618,67.4015,67.4016,0.0,0.0,0,2566.0602,47.8365,15.5097,0.0,0.0,2.7354,0.0,4.832,1,39951.0,2.2,0.0,0.0,0.0,1.3674867721212958,1.3781100366097947,1.3524449816951027,4.832,0.0
3162,2004-02-12,SZSE:000768,0.3109,1.4591,1.3716,1.4955,1.45,2513.425,1.45,0.0,0.0,0.0,0.0,0.0,24.2262,69.0198,69.02,0.0,0.0,0,2585.6358,48.2014,15.628,0.0,0.0,2.7563,0.0,8.5322,1,39951.0,2.2,0.0,0.0,0.0,1.3630457131108216,1.4058171475567132,1.3630457131108216,8.5322,0.0
3163,2004-02-13,SZSE:000768,0.3729,1.4409,1.3545,1.4909,1.4386,2482.1064,1.4591,0.0,0.0,0.0,0.0,0.0,24.3574,63.5814,63.5816,0.0,0.0,0,2554.3172,47.6176,15.4387,0.0,0.0,2.7229,0.0,5.2946,1,39951.0,2.2,0.0,0.0,0.0,1.371608682073704,1.4015018738288567,1.3523379138038727,5.2946,0.0
3164,2004-02-16,SZSE:000768,0.3729,1.4705,1.3823,1.4705,1.4409,2533.0023,1.4455,0.0,0.0,0.0,0.0,0.0,24.5345,67.9949,67.9951,0.0,0.0,0,2605.2131,48.5664,15.7464,0.0,0.0,2.7772,0.0,6.2718,1,39951.0,2.2,0.0,0.0,0.0,1.3587994899693983,1.3823,1.3544753961237677,6.2718,0.0
3165,2004-02-17,SZSE:000768,0.3729,1.4886,1.3994,1.5,1.4659,2564.3209,1.4727,0.0,0.0,0.0,0.0,0.0,23.8452,70.3741,70.3743,0.0,0.0,0,2636.5317,49.1502,15.9356,0.0,0.0,2.8106,0.0,8.8478,1,39951.0,2.2,0.0,0.0,0.0,1.3844527609834745,1.4101168883514714,1.3780602310896144,8.8478,0.0
3166,2004-02-18,SZSE:000768,0.3729,1.4955,1.4058,1.4977,1.4659,2576.0656,1.4864,0.0,0.0,0.0,0.0,0.0,23.4135,71.2376,71.2379,0.0,0.0,0,2648.2764,49.3692,16.0066,0.0,0.0,2.8231,0.0,6.8763,1,39951.0,2.2,0.0,0.0,0.0,1.397245817452357,1.407868044132397,1.377975406218656,6.8763,0.0
3167,2004-02-19,SZSE:000768,0.3729,1.4886,1.3994,1.5114,1.4727,2564.3209,1.4886,0.0,0.0,0.0,0.0,0.0,23.0925,69.0696,69.0696,0.0,0.0,0,2636.5317,49.1502,15.9356,0.0,0.0,2.8106,0.0,6.863,1,39951.0,2.2,0.0,0.0,0.0,1.3994,1.4208337767029424,1.3844527609834745,6.863,0.0
3168,2004-02-20,SZSE:000768,0.328,1.4932,1.4037,1.4955,1.4727,2572.1484,1.4886,0.0,0.0,0.0,0.0,0.0,22.0458,69.7308,69.7309,0.0,0.0,0,2644.3592,49.2962,15.983,0.0,0.0,2.8189,0.0,4.8999,1,39951.0,2.2,0.0,0.0,0.0,1.3993757165818375,1.405862141709081,1.384428736940798,4.8999,0.0
3169,2004-02-23,SZSE:000768,0.328,1.475,1.3866,1.5227,1.4727,2540.8316,1.4955,0.0,0.0,0.0,0.0,0.0,21.6727,63.8499,63.8498,0.0,0.0,0,2613.0423,48.7123,15.7937,0.0,0.0,2.7855,0.0,8.4071,1,39951.0,2.2,0.0,0.0,0.0,1.4058713898305084,1.431441233898305,1.3844378440677965,8.4071,0.0
3170,2004-02-24,SZSE:000768,0.328,1.4545,1.3674,1.4796,1.4273,2505.5958,1.4523,0.0,0.0,0.0,0.0,0.0,21.4355,57.9301,57.93,0.0,0.0,0,2577.8066,48.0555,15.5807,0.0,0.0,2.748,0.0,7.7244,1,39951.0,2.2,0.0,0.0,0.0,1.3653317428669647,1.3909969336541768,1.3418288209006533,7.7244,0.0
3171,2004-02-25,SZSE:000768,0.328,1.4182,1.3332,1.4773,1.4091,2442.9534,1.4659,0.0,0.0,0.0,0.0,0.0,21.8419,49.1972,49.1973,0.0,0.0,0,2515.1642,46.8877,15.2021,0.0,0.0,2.6812,0.0,7.1066,1,39951.0,2.2,0.0,0.0,0.0,1.3780410943449442,1.3887578338739246,1.324645409674235,7.1066,0.0
3172,2004-02-26,SZSE:000768,0.328,1.3955,1.3118,1.4273,1.3841,2403.8073,1.4114,0.0,0.0,0.0,0.0,0.0,22.0174,44.6658,44.6659,0.0,0.0,0,2476.0181,46.1579,14.9655,0.0,0.0,2.6395,0.0,5.4609,1,39951.0,2.2,0.0,0.0,0.0,1.3267463418129701,1.3416926836259406,1.3010837549265497,5.4609,0.0
3173,2004-02-27,SZSE:000768,0.3524,1.4159,1.331,1.4205,1.3955,2439.0431,1.3955,0.0,0.0,0.0,0.0,0.0,21.0228,49.2013,49.2014,0.0,0.0,0,2511.2539,46.8148,15.1784,0.0,0.0,2.677,0.0,4.4794,1,39951.0,2.2,0.0,0.0,0.0,1.3118232219789534,1.3353241754361187,1.3118232219789534,4.4794,0.0
3174,2004-03-01,SZSE:000768,0.3524,1.4523,1.3652,1.4546,1.4046,2501.682,1.4273,0.0,0.0,0.0,0.0,0.0,21.5146,56.0914,56.0915,0.0,0.0,0,2573.8928,47.9825,15.557,0.0,0.0,2.7438,0.0,4.4794,1,39951.0,2.2,0.0,0.0,0.0,1.3416993458651794,1.3673620601804035,1.3203607519107623,4.4794,0.0
3175,2004-03-02,SZSE:000768,0.3524,1.4705,1.3823,1.4909,1.4386,2533.0023,1.4523,0.0,0.0,0.0,0.0,0.0,21.3454,59.0801,59.0801,0.0,0.0,0,2605.2131,48.5664,15.7464,0.0,0.0,2.7772,0.0,6.748,1,39951.0,2.2,0.0,0.0,0.0,1.365191628697722,1.401476416184971,1.3523133492009523,6.748,0.0
3176,2004-03-03,SZSE:000768,0.3524,1.4341,1.3481,1.4773,1.4227,2470.36,1.4659,0.0,0.0,0.0,0.0,0.0,21.9288,51.526,51.5262,0.0,0.0,0,2542.5708,47.3986,15.3677,0.0,0.0,2.7104,0.0,4.147,1,39951.0,2.2,0.0,0.0,0.0,1.3779930200125516,1.3887093856774284,1.3373836343351233,4.147,0.0
3177,2004-03-04,SZSE:000768,0.3524,1.4614,1.3738,1.4659,1.425,2517.3422,1.4341,0.0,0.0,0.0,0.0,0.0,22.1881,56.0635,56.0636,0.0,0.0,0,2589.553,48.2745,15.6517,0.0,0.0,2.7605,0.0,3.3645,1,39951.0,2.2,0.0,0.0,0.0,1.3481364308197616,1.378030258656083,1.3395819077596824,3.3645,0.0
3178,2004-03-05,SZSE:000768,0.3828,1.4545,1.3674,1.4886,1.4546,2505.5958,1.4614,0.0,0.0,0.0,0.0,0.0,22.215,54.6852,54.6852,0.0,0.0,0,2577.8066,48.0555,15.5807,0.0,0.0,2.748,0.0,4.396,1,39951.0,2.2,0.0,0.0,0.0,1.373886806462702,1.3994579855620488,1.367494011687865,4.396,0.0
3179,2004-03-08,SZSE:000768,0.3828,1.4159,1.331,1.4682,1.4091,2439.0431,1.4568,0.0,0.0,0.0,0.0,0.0,22.6134,47.5523,47.5523,0.0,0.0,0,2511.2539,46.8148,15.1784,0.0,0.0,2.677,0.0,3.9642,1,39951.0,2.2,0.0,0.0,0.0,1.3694475598559221,1.3801639946323891,1.324607740659651,3.9642,0.0
3180,2004-03-09,SZSE:000768,0.3828,1.4045,1.3204,1.4455,1.4,2419.4641,1.4159,0.0,0.0,0.0,0.0,0.0,22.653,45.6652,45.6652,0.0,0.0,0,2491.6748,46.4498,15.0601,0.0,0.0,2.6561,0.0,2.9668,1,39951.0,2.2,0.0,0.0,0.0,1.3311173798504803,1.3589449626201493,1.3161694553221785,2.9668,0.0
3181,2004-03-10,SZSE:000768,0.3828,1.4318,1.346,1.4364,1.3977,2466.4462,1.3977,0.0,0.0,0.0,0.0,0.0,22.9107,50.7191,50.7192,0.0,0.0,0,2538.657,47.3257,15.3441,0.0,0.0,2.7062,0.0,3.1417,1,39951.0,2.2,0.0,0.0,0.0,1.3139434278530522,1.3503243469758348,1.3139434278530522,3.1417,0.0
3182,2004-03-11,SZSE:000768,0.3828,1.475,1.3866,1.4909,1.4205,2540.8316,1.4364,0.0,0.0,0.0,0.0,0.0,23.5511,57.465,57.4649,0.0,0.0,0,2613.0423,48.7123,15.7937,0.0,0.0,2.7855,0.0,11.0565,1,39951.0,2.2,0.0,0.0,0.0,1.3503133830508474,1.4015470779661017,1.335366305084746,11.0565,0.0
3183,2004-03-12,SZSE:000768,0.2457,1.5045,1.4144,1.5273,1.4546,2591.7275,1.4727,0.0,0.0,0.0,0.0,0.0,23.7708,61.3621,61.3622,0.0,0.0,0,2663.9383,49.6611,16.1013,0.0,0.0,2.8398,0.0,16.6522,1,39951.0,2.2,0.0,0.0,0.0,1.384504406779661,1.4358345762711868,1.3674883615819209,16.6522,0.0
3184,2004-03-15,SZSE:000768,0.2457,1.5159,1.4251,1.5273,1.4932,2611.3014,1.5068,0.0,0.0,0.0,0.0,0.0,23.676,62.7747,62.7747,0.0,0.0,0,2683.5122,50.026,16.2196,0.0,0.0,2.8606,0.0,11.9849,1,39951.0,2.2,0.0,0.0,0.0,1.4165450755326867,1.435817158123887,1.403759693911208,11.9849,0.0
3185,2004-03-16,SZSE:000768,0.2457,1.5136,1.4229,1.5227,1.4955,2607.3842,1.5159,0.0,0.0,0.0,0.0,0.0,23.4293,62.284,62.2841,0.0,0.0,0,2679.595,49.953,16.1959,0.0,0.0,2.8565,0.0,7.7528,1,39951.0,2.2,0.0,0.0,0.0,1.425062176268499,1.431454697410148,1.4058846128435518,7.7528,0.0
3186,2004-03-17,SZSE:000768,0.2457,1.5545,1.4614,1.5659,1.5,2677.8541,1.5136,0.0,0.0,0.0,0.0,0.0,23.8641,67.245,67.2451,0.0,0.0,0,2750.0648,51.2667,16.6219,0.0,0.0,2.9316,0.0,19.1011,1,39951.0,2.2,0.0,0.0,0.0,1.4229495271791575,1.4721172467031203,1.4101640398842072,19.1011,0.0
3187,2004-03-18,SZSE:000768,0.2457,1.475,1.3866,1.5455,1.4591,2540.8316,1.5455,0.0,0.0,0.0,0.0,0.0,25.7378,52.7232,52.7232,0.0,0.0,0,2572.2424,64.5499,21.4176,0.0,0.0,2.84,0.0,21.4652,1,39951.0,2.2,0.0,0.0,0.0,1.452874779661017,1.452874779661017,1.3716529220338984,21.4652,0.0
3188,2004-03-19,SZSE:000768,0.2348,1.4886,1.3994,1.4955,1.4591,2564.3209,1.4796,0.0,0.0,0.0,0.0,0.0,25.5575,54.5358,54.5358,0.0,0.0,0,2595.7318,65.1394,21.6132,0.0,0.0,2.8659,0.0,9.3056,1,39951.0,2.2,0.0,0.0,0.0,1.3909392986698912,1.4058865376864167,1.3716677011957545,9.3056,0.0
3189,2004-03-22,SZSE:000768,0.2348,1.4977,1.408,1.5205,1.4818,2579.9794,1.5114,0.0,0.0,0.0,0.0,0.0,24.9662,55.7536,55.7536,0.0,0.0,0,2611.3902,65.5323,21.7436,0.0,0.0,2.8832,0.0,8.5962,1,39951.0,2.2,0.0,0.0,0.0,1.4208794818722041,1.4294344661814782,1.3930522801629164,8.5962,0.0
3190,2004-03-23,SZSE:000768,0.2348,1.4864,1.3973,1.4977,1.4659,2560.4072,1.4977,0.0,0.0,0.0,0.0,0.0,25.0373,53.8132,53.8132,0.0,0.0,0,2591.818,65.0411,21.5806,0.0,0.0,2.8616,0.0,6.8341,1,39951.0,2.2,0.0,0.0,0.0,1.4079226385898818,1.4079226385898818,1.3780288414962325,6.8341,0.0
3191,2004-03-24,SZSE:000768,0.2348,1.4841,1.3951,1.5091,1.4727,2556.4917,1.4773,0.0,0.0,0.0,0.0,0.0,24.7132,53.4128,53.4129,0.0,0.0,0,2587.9025,64.9429,21.548,0.0,0.0,2.8573,0.0,5.6744,1,39951.0,2.2,0.0,0.0,0.0,1.3887077892325315,1.418600774880399,1.384383646654538,5.6744,0.0
3192,2004-03-25,SZSE:000768,0.2348,1.4659,1.378,1.4909,1.4546,2525.1714,1.4818,0.0,0.0,0.0,0.0,0.0,24.865,50.1948,50.1948,0.0,0.0,0,2556.5822,64.1569,21.2872,0.0,0.0,2.8227,0.0,7.8496,1,39951.0,2.2,0.0,0.0,0.0,1.3929465857152603,1.4015009209359435,1.3673775837369533,7.8496,0.0
3193,2004-03-26,SZSE:000768,0.2567,1.4591,1.3716,1.475,1.4477,2513.425,1.4636,0.0,0.0,0.0,0.0,0.0,24.8081,49.0024,49.0025,0.0,0.0,0,2544.8358,63.8621,21.1894,0.0,0.0,2.8097,0.0,6.166,1,39951.0,2.2,0.0,0.0,0.0,1.3758301418682748,1.386546501267905,1.36088364060037,6.166,0.0
3194,2004-03-29,SZSE:000768,0.2567,1.4818,1.393,1.5068,1.4659,2552.578,1.4773,0.0,0.0,0.0,0.0,0.0,24.8176,53.0094,53.0094,0.0,0.0,0,2583.9888,64.8447,21.5154,0.0,0.0,2.853,0.0,12.608,1,39951.0,2.2,0.0,0.0,0.0,1.3887696720205156,1.4165018221082466,1.378052841139155,12.608,0.0
3195,2004-03-30,SZSE:000768,0.2567,1.5068,1.4165,1.5159,1.475,2595.6412,1.475,0.0,0.0,0.0,0.0,0.0,24.9788,57.0102,57.0102,0.0,0.0,0,2627.0521,65.9253,21.874,0.0,0.0,2.9005,0.0,9.6397,1,39951.0,2.2,0.0,0.0,0.0,1.3866057207326787,1.4250546522431646,1.3866057207326787,9.6397,0.0
3196,2004-03-31,SZSE:000768,0.2567,1.5182,1.4272,1.5205,1.4977,2615.2152,1.5068,0.0,0.0,0.0,0.0,0.0,24.8413,58.7303,58.7302,0.0,0.0,0,2646.626,66.4165,22.037,0.0,0.0,2.9221,0.0,7.3823,1,39951.0,2.2,0.0,0.0,0.0,1.416483309181926,1.4293621393755762,1.4079287577394282,7.3823,0.0
3197,2004-04-01,SZSE:000768,0.2567,1.5159,1.4251,1.5432,1.5091,2611.3014,1.5341,0.0,0.0,0.0,0.0,0.0,24.8492,58.2286,58.2285,0.0,0.0,0,2642.7122,66.3183,22.0044,0.0,0.0,2.9178,0.0,7.4807,1,39951.0,2.2,0.0,0.0,0.0,1.4422098489346262,1.4507647734019393,1.4187073091892606,7.4807,0.0
3198,2004-04-02,SZSE:000768,0.3212,1.5432,1.4507,1.5773,1.5318,2658.2802,1.5455,0.0,0.0,0.0,0.0,0.0,24.816,62.3822,62.3822,0.0,0.0,0,2689.691,67.4973,22.3955,0.0,0.0,2.9697,0.0,21.6325,1,39951.0,2.2,0.0,0.0,0.0,1.452862137117678,1.4827560329186107,1.4399833203732506,21.6325,0.0
3199,2004-04-05,SZSE:000768,0.3212,1.5341,1.4421,1.5659,1.5205,2642.62,1.5568,0.0,0.0,0.0,0.0,0.0,24.7322,60.2321,60.2322,0.0,0.0,0,2674.0308,67.1043,22.2651,0.0,0.0,2.9524,0.0,7.9747,1,39951.0,2.2,0.0,0.0,0.0,1.4634386806596702,1.4719929535232383,1.429315592203898,7.9747,0.0
3200,2004-04-06,SZSE:000768,0.3212,1.5568,1.4635,1.5568,1.5136,2681.773,1.5227,0.0,0.0,0.0,0.0,0.0,24.7954,63.6092,63.6091,0.0,0.0,0,2713.1838,68.0868,22.5911,0.0,0.0,2.9956,0.0,9.783,1,39951.0,2.2,0.0,0.0,0.0,1.4314436343782118,1.4635,1.4228890030832477,9.783,0.0
3201,2004-04-07,SZSE:000768,0.3212,1.5273,1.4357,1.5682,1.5227,2630.877,1.5568,0.0,0.0,0.0,0.0,0.0,24.9915,56.8508,56.8507,0.0,0.0,0,2662.2878,66.8096,22.1674,0.0,0.0,2.9394,0.0,6.3898,1,39951.0,2.2,0.0,0.0,0.0,1.4634307339749884,1.4741470176127807,1.4313758855496626,6.3898,0.0
3202,2004-04-08,SZSE:000768,0.3212,1.5114,1.4208,1.5341,1.5068,2603.4705,1.5341,0.0,0.0,0.0,0.0,0.0,24.8523,53.5512,53.5513,0.0,0.0,0,2634.8813,66.1218,21.9392,0.0,0.0,2.9092,0.0,6.0924,1,39951.0,2.2,0.0,0.0,0.0,1.4421392616117505,1.4421392616117505,1.4164757443429932,6.0924,0.0
3203,2004-04-09,SZSE:000768,0.3162,1.4818,1.393,1.5341,1.4727,2552.578,1.5114,0.0,0.0,0.0,0.0,0.0,25.186,47.9822,47.9823,0.0,0.0,0,2583.9888,64.8447,21.5154,0.0,0.0,2.853,0.0,6.1388,1,39951.0,2.2,0.0,0.0,0.0,1.4208261573761642,1.4421658118504521,1.3844453367525982,6.1388,0.0
3204,2004-04-12,SZSE:000768,0.3162,1.4841,1.3951,1.4886,1.4546,2556.4917,1.4682,0.0,0.0,0.0,0.0,0.0,25.001,48.4264,48.4265,0.0,0.0,0,2587.9025,64.9429,21.548,0.0,0.0,2.8573,0.0,3.8116,1,39951.0,2.2,0.0,0.0,0.0,1.3801535071760664,1.3993301394784718,1.3673690856411294,3.8116,0.0
3205,2004-04-13,SZSE:000768,0.3162,1.4841,1.3951,1.5046,1.475,2556.4917,1.4886,0.0,0.0,0.0,0.0,0.0,24.9203,48.4264,48.4265,0.0,0.0,0,2587.9025,64.9429,21.548,0.0,0.0,2.8573,0.0,3.5794,1,39951.0,2.2,0.0,0.0,0.0,1.3993301394784718,1.414370635401927,1.3865457179435348,3.5794,0.0
3206,2004-04-14,SZSE:000768,0.3162,1.4545,1.3674,1.4909,1.4455,2505.5958,1.4841,0.0,0.0,0.0,0.0,0.0,25.1433,42.9013,42.9012,0.0,0.0,0,2537.0066,63.6657,21.1242,0.0,0.0,2.8011,0.0,5.4196,1,39951.0,2.2,0.0,0.0,0.0,1.395227459608113,1.4016202543829492,1.358938948092128,5.4196,0.0
3207,2004-04-15,SZSE:000768,0.3162,1.425,1.3396,1.4727,1.4205,2454.6998,1.45,0.0,0.0,0.0,0.0,0.0,25.4816,38.2069,38.2068,0.0,0.0,0,2486.1107,62.3884,20.7004,0.0,0.0,2.7449,0.0,4.5923,1,39951.0,2.2,0.0,0.0,0.0,1.3631017543859645,1.384441347368421,1.3353696842105263,4.5923,0.0
3208,2004-04-16,SZSE:000768,0.3422,1.4318,1.346,1.4523,1.3977,2466.4462,1.4318,0.0,0.0,0.0,0.0,0.0,25.45,39.8429,39.8431,0.0,0.0,0,2497.8571,62.6832,20.7982,0.0,0.0,2.7579,0.0,3.3771,1,39951.0,2.2,0.0,0.0,0.0,1.346,1.36527154630535,1.3139434278530522,3.3771,0.0
3209,2004-04-19,SZSE:000768,0.3422,1.4205,1.3353,1.4432,1.4159,2446.8706,1.4318,0.0,0.0,0.0,0.0,0.0,25.5133,38.0356,38.0357,0.0,0.0,0,2478.2814,62.192,20.6352,0.0,0.0,2.7363,0.0,3.2147,1,39951.0,2.2,0.0,0.0,0.0,1.3459222386483631,1.3566384794086588,1.3309759028511086,3.2147,0.0
3210,2004-04-20,SZSE:000768,0.3422,1.4318,1.346,1.4477,1.4023,2466.4462,1.4114,0.0,0.0,0.0,0.0,0.0,25.5465,40.9217,40.9218,0.0,0.0,0,2497.8571,62.6832,20.7982,0.0,0.0,2.7579,0.0,2.5109,1,39951.0,2.2,0.0,0.0,0.0,1.3268224612376032,1.3609471993295155,1.318267774828887,2.5109,0.0
3211,2004-04-21,SZSE:000768,0.3422,1.4295,1.3439,1.4477,1.4205,2462.5325,1.4318,0.0,0.0,0.0,0.0,0.0,25.5512,40.5154,40.5155,0.0,0.0,0,2493.9433,62.585,20.7657,0.0,0.0,2.7535,0.0,1.5108,1,39951.0,2.2,0.0,0.0,0.0,1.3460622735222105,1.3610101643931447,1.335438929695698,1.5108,0.0
3212,2004-04-22,SZSE:000768,0.3422,1.3955,1.3118,1.425,1.3841,2403.8073,1.4091,0.0,0.0,0.0,0.0,0.0,26.0319,34.9138,34.9138,0.0,0.0,0,2697.2855,65.4123,21.7651,0.0,0.0,2.9359,0.0,3.2277,1,39951.0,2.2,0.0,0.0,0.0,1.3245842923683269,1.3395306341812971,1.3010837549265497,3.2277,0.0
3213,2004-04-23,SZSE:000768,0.1509,1.3909,1.3075,1.4159,1.3818,2395.9764,1.4,0.0,0.0,0.0,0.0,0.0,26.0445,34.2341,34.2342,0.0,0.0,0,2689.4546,65.2224,21.702,0.0,0.0,2.9274,0.0,2.3637,1,39951.0,2.2,0.0,0.0,0.0,1.3160543532964266,1.3310009705945791,1.2989456467035734,2.3637,0.0
3214,2004-04-26,SZSE:000768,0.1509,1.3977,1.314,1.4273,1.3818,2407.7228,1.3909,0.0,0.0,0.0,0.0,0.0,26.0556,36.2393,36.2393,0.0,0.0,0,2701.201,65.5072,21.7967,0.0,0.0,2.9401,0.0,1.3045,1,39951.0,2.2,0.0,0.0,0.0,1.3076072118480362,1.3418274307791374,1.299052157115261,1.3045,0.0
3215,2004-04-27,SZSE:000768,0.1509,1.3841,1.3011,1.4091,1.3841,2384.23,1.4,0.0,0.0,0.0,0.0,0.0,26.1394,34.0061,34.006,0.0,0.0,0,2677.7082,64.9375,21.6072,0.0,0.0,2.9146,0.0,2.2299,1,39951.0,2.2,0.0,0.0,0.0,1.3160465284300265,1.3246008308648218,1.3011,2.2299,0.0
3216,2004-04-28,SZSE:000768,0.1509,1.3841,1.3011,1.3977,1.3591,2384.23,1.3841,0.0,0.0,0.0,0.0,0.0,26.1394,34.0061,34.006,0.0,0.0,0,2677.7082,64.9375,21.6072,0.0,0.0,2.9146,0.0,2.3235,1,39951.0,2.2,0.0,0.0,0.0,1.3011,1.3138844519904629,1.277599169135178,2.3235,0.0
3217,2004-04-29,SZSE:000768,0.1509,1.3364,1.2563,1.3955,1.3364,2302.0172,1.3841,0.0,0.0,0.0,0.0,0.0,25.5212,27.2026,27.2026,0.0,0.0,0,2595.4954,62.9437,20.9438,0.0,0.0,2.8251,0.0,4.4384,1,39951.0,2.2,0.0,0.0,0.0,1.3011409982041306,1.3118577147560608,1.2563,4.4384,0.0
3218,2004-04-30,SZSE:000768,0.1867,1.3432,1.2627,1.3682,1.3341,2313.7584,1.3409,0.0,0.0,0.0,0.0,0.0,25.5227,29.3757,29.3756,0.0,0.0,0,2607.2366,63.2285,21.0385,0.0,0.0,2.8379,0.0,2.9148,1,39951.0,2.2,0.0,0.0,0.0,1.2605378424657534,1.286201712328767,1.2541453767123287,2.9148,0.0
3219,2004-05-03,SZSE:000768,0.1867,0.0,1.2627,0.0,0.0,2313.7584,0.0,0.0,0.0,0.0,0.0,0.0,25.1875,0.0,0.0,0.0,0.0,0,2607.2366,63.2285,21.0385,0.0,0.0,2.8379,0.0,0.0,1,39951.0,2.2,0.0,0.0,0.0,0.0,0.0,0.0,0.0,0.0
3220,2004-05-04,SZSE:000768,0.1867,0.0,1.2627,0.0,0.0,2313.7584,0.0,0.0,0.0,0.0,0.0,0.0,25.1875,0.0,0.0,0.0,0.0,0,2607.2366,63.2285,21.0385,0.0,0.0,2.8379,0.0,0.0,1,39951.0,2.2,0.0,0.0,0.0,0.0,0.0,0.0,0.0,0.0
3221,2004-05-05,SZSE:000768,0.1867,0.0,1.2627,0.0,0.0,2313.7584,0.0,0.0,0.0,0.0,0.0,0.0,25.1844,0.0,0.0,0.0,0.0,0,2607.2366,63.2285,21.0385,0.0,0.0,2.8379,0.0,0.0,1,39951.0,2.2,0.0,0.0,0.0,0.0,0.0,0.0,0.0,0.0
3222,2004-05-06,SZSE:000768,0.1867,0.0,1.2627,0.0,0.0,2313.7584,0.0,0.0,0.0,0.0,0.0,0.0,25.1022,0.0,0.0,0.0,0.0,0,2607.2366,63.2285,21.0385,0.0,0.0,2.8379,0.0,0.0,1,39951.0,2.2,0.0,0.0,0.0,0.0,0.0,0.0,0.0,0.0
3223,2004-05-07,SZSE:000768,0.1807,0.0,1.2627,0.0,0.0,2313.7584,0.0,0.0,0.0,0.0,0.0,0.0,24.9061,0.0,0.0,0.0,0.0,0,2607.2366,63.2285,21.0385,0.0,0.0,2.8379,0.0,0.0,1,39951.0,2.2,0.0,0.0,0.0,0.0,0.0,0.0,0.0,0.0
3224,2004-05-10,SZSE:000768,0.1807,1.3045,1.2264,1.3636,1.3,2247.2058,1.35,0.0,0.0,0.0,0.0,0.0,25.2713,24.8478,24.8478,0.0,0.0,0,2540.684,61.6145,20.5015,0.0,0.0,2.7654,0.0,1.6174,1,39951.0,2.2,0.0,0.0,0.0,1.2691759294748945,1.2819617018014564,1.222169413568417,1.6174,0.0
3225,2004-05-11,SZSE:000768,0.1807,1.3091,1.2306,1.3182,1.2955,2255.035,1.3068,0.0,0.0,0.0,0.0,0.0,25.2634,26.2872,26.2873,0.0,0.0,0,2548.5132,61.8044,20.5647,0.0,0.0,2.774,0.0,0.8635,1,39951.0,2.2,0.0,0.0,0.0,1.2284379191811168,1.2391543197616683,1.2178155221144298,0.8635,0.0
3226,2004-05-12,SZSE:000768,0.1807,1.3364,1.2563,1.3364,1.2955,2302.0172,1.3114,0.0,0.0,0.0,0.0,0.0,25.5765,34.4064,34.4064,0.0,0.0,0,2595.4954,62.9437,20.9438,0.0,0.0,2.8251,0.0,2.3738,1,39951.0,2.2,0.0,0.0,0.0,1.2327984286141873,1.2563,1.2178514292128104,2.3738,0.0
3227,2004-05-13,SZSE:000768,0.1807,1.3432,1.2627,1.3523,1.3273,2313.7584,1.3364,0.0,0.0,0.0,0.0,0.0,25.5085,36.2948,36.2947,0.0,0.0,0,2607.2366,63.2285,21.0385,0.0,0.0,2.8379,0.0,1.9984,1,39951.0,2.2,0.0,0.0,0.0,1.2563075342465755,1.2712546232876714,1.247752910958904,1.9984,0.0
3228,2004-05-14,SZSE:000768,0.2014,1.3114,1.2328,1.3409,1.2955,2258.9522,1.3409,0.0,0.0,0.0,0.0,0.0,25.703,31.7061,31.706,0.0,0.0,0,2552.4304,61.8994,20.5963,0.0,0.0,2.7782,0.0,1.4937,1,39951.0,2.2,0.0,0.0,0.0,1.260531889583651,1.260531889583651,1.217852981546439,1.4937,0.0
3229,2004-05-17,SZSE:000768,0.2014,1.3159,1.237,1.3227,1.2955,2266.7814,1.3068,0.0,0.0,0.0,0.0,0.0,25.401,33.0091,33.0091,0.0,0.0,0,2560.2596,62.0892,20.6594,0.0,0.0,2.7867,0.0,1.044,1,39951.0,2.2,0.0,0.0,0.0,1.2284456265673682,1.24339227904856,1.2178231628543204,1.044,0.0
3230,2004-05-18,SZSE:000768,0.2014,1.3386,1.2584,1.3455,1.3068,2305.9292,1.3159,0.0,0.0,0.0,0.0,0.0,25.6492,39.2503,39.2503,0.0,0.0,0,2599.4074,63.0386,20.9753,0.0,0.0,2.8294,0.0,1.21,1,39951.0,2.2,0.0,0.0,0.0,1.2370600328701629,1.2648865979381443,1.228505244285074,1.21,0.0
3231,2004-05-19,SZSE:000768,0.2014,1.3682,1.2862,1.3727,1.3341,2356.8252,1.35,0.0,0.0,0.0,0.0,0.0,26.0603,46.2602,46.2602,0.0,0.0,0,2650.3034,64.2729,21.386,0.0,0.0,2.8847,0.0,3.1862,1,39951.0,2.2,0.0,0.0,0.0,1.2690907762023096,1.2904303025873411,1.2541437070603714,3.1862,0.0
3232,2004-05-20,SZSE:000768,0.2014,1.3409,1.2605,1.3705,1.3409,2309.8481,1.3614,0.0,0.0,0.0,0.0,0.0,26.3086,41.5002,41.5001,0.0,0.0,0,2603.3263,63.1337,21.007,0.0,0.0,2.8336,0.0,2.1087,1,39951.0,2.2,0.0,0.0,0.0,1.279770825564919,1.2883251920352001,1.2605,2.1087,0.0
3233,2004-05-21,SZSE:000768,0.2191,1.35,1.2691,1.3523,1.3296,2325.5048,1.3455,0.0,0.0,0.0,0.0,0.0,26.1536,43.5837,43.5838,0.0,0.0,0,2618.983,63.5133,21.1333,0.0,0.0,2.8507,0.0,1.1016,1,39951.0,2.2,0.0,0.0,0.0,1.2648696666666666,1.2712621703703704,1.2499224888888885,1.1016,0.0
3234,2004-05-24,SZSE:000768,0.2191,1.3318,1.252,1.3591,1.3296,2294.188,1.3523,0.0,0.0,0.0,0.0,0.0,26.2659,40.4783,40.4783,0.0,0.0,0,2587.6662,62.7539,20.8806,0.0,0.0,2.8166,0.0,1.0135,1,39951.0,2.2,0.0,0.0,0.0,1.2712716624117735,1.2776642138459227,1.2499318215948338,1.0135,0.0
3235,2004-05-25,SZSE:000768,0.2191,1.3114,1.2328,1.3341,1.2977,2258.9522,1.3227,0.0,0.0,0.0,0.0,0.0,25.9797,37.2612,37.2613,0.0,0.0,0,2552.4304,61.8994,20.5963,0.0,0.0,2.7782,0.0,2.1188,1,39951.0,2.2,0.0,0.0,0.0,1.243422723806619,1.2541394540186062,1.2199211224645419,2.1188,0.0
3236,2004-05-26,SZSE:000768,0.2191,1.3114,1.2328,1.3182,1.2909,2258.9522,1.3114,0.0,0.0,0.0,0.0,0.0,25.8073,37.2612,37.2613,0.0,0.0,0,2552.4304,61.8994,20.5963,0.0,0.0,2.7782,0.0,0.8882,1,39951.0,2.2,0.0,0.0,0.0,1.2328,1.2391924355650452,1.2135286868994966,0.8882,0.0
3237,2004-05-27,SZSE:000768,0.2191,1.3455,1.2648,1.3591,1.2955,2317.6756,1.2955,0.0,0.0,0.0,0.0,0.0,26.1631,45.6154,45.6154,0.0,0.0,0,2611.1538,63.3235,21.0701,0.0,0.0,2.8421,0.0,2.7002,1,39951.0,2.2,0.0,0.0,0.0,1.2177988851727983,1.2775843032329988,1.2177988851727983,2.7002,0.0
3238,2004-05-28,SZSE:000768,0.2035,1.3545,1.2734,1.3591,1.3273,2333.3375,1.3477,0.0,0.0,0.0,0.0,0.0,26.0002,47.6188,47.6188,0.0,0.0,0,2626.8157,63.7033,21.1965,0.0,0.0,2.8592,0.0,3.1835,1,39951.0,2.2,0.0,0.0,0.0,1.2670071465485417,1.27772457733481,1.2478285861941676,3.1835,0.0
3239,2004-05-31,SZSE:000768,0.2035,1.3591,1.2776,1.3636,1.3409,2341.165,1.3546,0.0,0.0,0.0,0.0,0.0,25.8105,48.6371,48.6372,0.0,0.0,0,2634.6432,63.8931,21.2597,0.0,0.0,2.8677,0.0,1.07,1,39951.0,2.2,0.0,0.0,0.0,1.2733698476933266,1.2818301523066735,1.2604913840041205,1.07,0.0
3240,2004-06-01,SZSE:000768,0.2035,1.3682,1.2862,1.3773,1.3477,2356.8252,1.3591,0.0,0.0,0.0,0.0,0.0,25.3393,50.7021,50.7021,0.0,0.0,0,2650.3034,64.2729,21.386,0.0,0.0,2.8847,0.0,1.9809,1,39951.0,2.2,0.0,0.0,0.0,1.2776453881011547,1.2947546118988449,1.2669286215465574,1.9809,0.0
3241,2004-06-02,SZSE:000768,0.2035,1.3523,1.2712,1.3682,1.3455,2329.4186,1.3659,0.0,0.0,0.0,0.0,0.0,25.2856,47.1309,47.1311,0.0,0.0,0,2622.8968,63.6083,21.1649,0.0,0.0,2.8549,0.0,1.515,1,39951.0,2.2,0.0,0.0,0.0,1.283984382163721,1.2861464467943504,1.2648078089181394,1.515,0.0
3242,2004-06-03,SZSE:000768,0.2035,1.3295,1.2499,1.3773,1.3296,2290.2691,1.3523,0.0,0.0,0.0,0.0,0.0,25.0421,42.5234,42.5235,0.0,0.0,0,2583.7473,62.6588,20.849,0.0,0.0,2.8123,0.0,1.3334,1,39951.0,2.2,0.0,0.0,0.0,1.2713349153817224,1.2948381120722077,1.249994012786762,1.3334,0.0
3243,2004-06-04,SZSE:000768,0.1998,1.3364,1.2563,1.3705,1.3068,2302.0172,1.3205,0.0,0.0,0.0,0.0,0.0,24.7606,44.2836,44.2837,0.0,0.0,0,2595.4954,62.9437,20.9438,0.0,0.0,2.8251,0.0,1.0459,1,39951.0,2.2,0.0,0.0,0.0,1.241353000598623,1.2883561433702484,1.2284741394791978,1.0459,0.0
3244,2004-06-07,SZSE:000768,0.1998,1.3682,1.2862,1.3977,1.3318,2356.8252,1.3318,0.0,0.0,0.0,0.0,0.0,25.2192,51.7133,51.7133,0.0,0.0,0,2650.3034,64.2729,21.386,0.0,0.0,2.8847,0.0,13.1617,1,39951.0,2.2,0.0,0.0,0.0,1.2519815524046192,1.3139319836281242,1.2519815524046192,13.1617,0.0
3245,2004-06-08,SZSE:000768,0.1998,1.3591,1.2776,1.3818,1.3432,2341.165,1.3818,0.0,0.0,0.0,0.0,0.0,24.7195,49.675,49.6751,0.0,0.0,0,2634.6432,63.8931,21.2597,0.0,0.0,2.8677,0.0,2.1095,1,39951.0,2.2,0.0,0.0,0.0,1.298938768302553,1.298938768302553,1.2626534618497536,2.1095,0.0
3246,2004-06-09,SZSE:000768,0.1998,1.3068,1.2285,1.375,1.2977,2251.1212,1.3591,0.0,0.0,0.0,0.0,0.0,25.801,39.9297,39.9298,0.0,0.0,0,2544.5994,61.7095,20.5331,0.0,0.0,2.7697,0.0,3.025,1,39951.0,2.2,0.0,0.0,0.0,1.2776663223140494,1.2926136363636362,1.2199452479338844,3.025,0.0
3247,2004-06-10,SZSE:000768,0.1998,1.2727,1.1964,1.3182,1.2682,2192.3944,1.3068,0.0,0.0,0.0,0.0,0.0,25.9481,35.094,35.094,0.0,0.0,0,2485.8726,60.2853,20.0592,0.0,0.0,2.7058,0.0,2.509,1,39951.0,2.2,0.0,0.0,0.0,1.2284556611927397,1.2391722165474974,1.1921697807810168,2.509,0.0
3248,2004-06-11,SZSE:000768,0.2165,1.2818,1.205,1.3136,1.2705,2208.0562,1.2932,0.0,0.0,0.0,0.0,0.0,25.2571,37.2757,37.2757,0.0,0.0,0,2501.5344,60.6651,20.1856,0.0,0.0,2.7228,0.0,1.9608,1,39951.0,2.2,0.0,0.0,0.0,1.2157169605242628,1.234894679357154,1.1943770479013887,1.9608,0.0
3249,2004-06-14,SZSE:000768,0.2165,1.2455,1.1708,1.2841,1.2386,2145.4173,1.2841,0.0,0.0,0.0,0.0,0.0,25.4026,32.5616,32.5617,0.0,0.0,0,2438.8955,59.146,19.6801,0.0,0.0,2.6546,0.0,1.6404,1,39951.0,2.2,0.0,0.0,0.0,1.2070849297470894,1.2070849297470894,1.164313833801686,1.6404,0.0
3250,2004-06-15,SZSE:000768,0.2165,1.2795,1.2029,1.2909,1.2341,2204.1425,1.25,0.0,0.0,0.0,0.0,0.0,25.9844,40.1974,40.1973,0.0,0.0,0,2497.6207,60.5702,20.154,0.0,0.0,2.7186,0.0,1.8799,1,39951.0,2.2,0.0,0.0,0.0,1.1751660805001953,1.2136175146541617,1.160217967956233,1.8799,0.0
3251,2004-06-16,SZSE:000768,0.2165,1.275,1.1986,1.3046,1.2636,2196.3098,1.2841,0.0,0.0,0.0,0.0,0.0,25.9844,39.5541,39.5541,0.0,0.0,0,2489.788,60.3802,20.0908,0.0,0.0,2.71,0.0,1.631,1,39951.0,2.2,0.0,0.0,0.0,1.2071547137254903,1.2264263215686277,1.1878831058823531,1.631,0.0
3252,2004-06-17,SZSE:000768,0.2165,1.2477,1.1729,1.2773,1.2432,2149.3328,1.2727,0.0,0.0,0.0,0.0,0.0,25.5892,35.8486,35.8487,0.0,0.0,0,2442.811,59.241,19.7117,0.0,0.0,2.6589,0.0,1.169,1,39951.0,2.2,0.0,0.0,0.0,1.196401242285806,1.2007254708663944,1.168669776388555,1.169,0.0
3253,2004-06-18,SZSE:000768,0.236,1.2386,1.1644,1.25,1.2227,2133.6709,1.2477,0.0,0.0,0.0,0.0,0.0,23.6886,34.6821,34.6821,0.0,0.0,0,2427.1491,58.8612,19.5853,0.0,0.0,2.6419,0.0,1.2267,1,39951.0,2.2,0.0,0.0,0.0,1.1729548522525435,1.1751170676570322,1.1494525108994027,1.2267,0.0
3254,2004-06-21,SZSE:000768,0.236,1.25,1.1751,1.2568,1.2296,2153.2466,1.2386,0.0,0.0,0.0,0.0,0.0,23.687,37.423,37.4229,0.0,0.0,0,2446.7248,59.3359,19.7433,0.0,0.0,2.6632,0.0,0.8775,1,39951.0,2.2,0.0,0.0,0.0,1.1643830880000001,1.181492544,1.155922368,0.8775,0.0
3255,2004-06-22,SZSE:000768,0.236,1.2545,1.1794,1.2659,1.25,2161.0741,1.25,0.0,0.0,0.0,0.0,0.0,23.657,38.5337,38.5337,0.0,0.0,0,2454.5523,59.5257,19.8065,0.0,0.0,2.6717,0.0,1.1464,1,39951.0,2.2,0.0,0.0,0.0,1.175169390195297,1.1901175448385812,1.175169390195297,1.1464,0.0
3256,2004-06-23,SZSE:000768,0.236,1.2523,1.1772,1.2546,1.2341,2157.162,1.2546,0.0,0.0,0.0,0.0,0.0,23.638,38.1691,38.169,0.0,0.0,0,2450.6402,59.4308,19.7749,0.0,0.0,2.6674,0.0,0.7555,1,39951.0,2.2,0.0,0.0,0.0,1.1793620697915834,1.1793620697915834,1.1600914477361655,0.7555,0.0
3257,2004-06-24,SZSE:000768,0.236,1.2523,1.1772,0.0,0.0,2157.162,0.0,0.0,0.0,0.0,0.0,0.0,23.6428,38.1691,38.169,0.0,0.0,0,2450.6402,59.4308,19.7749,0.0,0.0,2.6674,0.0,0.0,1,39951.0,2.2,0.0,0.0,0.0,0.0,0.0,0.0,0.0,0.0
3258,2004-06-25,SZSE:000768,0.213,1.2227,1.1494,1.2591,1.2227,2106.2644,1.2296,0.0,0.0,0.0,0.0,0.0,23.9305,33.4001,33.4,0.0,0.0,0,2399.7426,58.1965,19.3642,0.0,0.0,2.612,0.0,1.1724,1,39951.0,2.2,0.0,0.0,0.0,1.15588634988141,1.1836178457512065,1.1494,1.1724,0.0
3259,2004-06-28,SZSE:000768,0.213,1.1909,1.1195,1.225,1.1886,2051.4581,1.2227,0.0,0.0,0.0,0.0,0.0,24.3669,29.1732,29.1731,0.0,0.0,0,2344.9363,56.8674,18.9219,0.0,0.0,2.5524,0.0,1.6232,1,39951.0,2.2,0.0,0.0,0.0,1.1493934419346712,1.1515555462255436,1.1173378957091276,1.6232,0.0
3260,2004-06-29,SZSE:000768,0.213,1.2,1.1281,1.2046,1.1727,2067.1148,1.1932,0.0,0.0,0.0,0.0,0.0,24.1835,31.8274,31.8273,0.0,0.0,0,2360.593,57.2471,19.0483,0.0,0.0,2.5694,0.0,1.3136,1,39951.0,2.2,0.0,0.0,0.0,1.1217074333333334,1.1324243833333334,1.102435725,1.3136,0.0
3261,2004-06-30,SZSE:000768,0.213,1.1864,1.1153,1.2,1.1818,2043.6272,1.2,0.0,0.0,0.0,0.0,0.0,23.9116,30.0105,30.0105,0.0,0.0,0,2337.1054,56.6775,18.8588,0.0,0.0,2.5438,0.0,1.0739,1,39951.0,2.2,0.0,0.0,0.0,1.128084962913014,1.128084962913014,1.1109756743088335,1.0739,0.0
3262,2004-07-01,SZSE:000768,0.213,1.2159,1.143,1.2205,1.1864,2094.5214,1.1864,0.0,0.0,0.0,0.0,0.0,24.6294,38.238,38.238,0.0,0.0,0,2387.9996,57.9117,19.2694,0.0,0.0,2.5992,0.0,1.2699,1,39951.0,2.2,0.0,0.0,0.0,1.1152686898593633,1.1473242042931162,1.1152686898593633,1.2699,0.0
3263,2004-07-02,SZSE:000768,0.2072,1.2045,1.1324,1.2205,1.1977,2074.9458,1.2205,0.0,0.0,0.0,0.0,0.0,24.2895,36.4626,36.4625,0.0,0.0,0,2368.424,57.437,19.1115,0.0,0.0,2.5779,0.0,1.2975,1,39951.0,2.2,0.0,0.0,0.0,1.1474422581984227,1.1474422581984227,1.1260070402656706,1.2975,0.0
3264,2004-07-05,SZSE:000768,0.2072,1.2068,1.1345,1.2182,1.1841,2078.8612,1.1932,0.0,0.0,0.0,0.0,0.0,24.3116,37.0917,37.0918,0.0,0.0,0,2372.3394,57.532,19.1431,0.0,0.0,2.5822,0.0,1.5746,1,39951.0,2.2,0.0,0.0,0.0,1.1217147828969176,1.1452170202187602,1.1131599685117666,1.5746,0.0
3265,2004-07-06,SZSE:000768,0.2072,1.2114,1.1388,1.2159,1.2046,2086.6905,1.2046,0.0,0.0,0.0,0.0,0.0,24.0807,38.4052,38.405,0.0,0.0,0,2380.1687,57.7218,19.2062,0.0,0.0,2.5907,0.0,1.6715,1,39951.0,2.2,0.0,0.0,0.0,1.1324075284794453,1.1430303120356613,1.1324075284794453,1.6715,0.0
3266,2004-07-07,SZSE:000768,0.2072,1.1932,1.1217,1.2114,1.1886,2055.3684,1.2114,0.0,0.0,0.0,0.0,0.0,23.9938,35.2356,35.2355,0.0,0.0,0,2348.8466,56.9622,18.9535,0.0,0.0,2.5566,0.0,1.167,1,39951.0,2.2,0.0,0.0,0.0,1.1388094032852831,1.1388094032852831,1.1173756453234998,1.167,0.0
3267,2004-07-08,SZSE:000768,0.2072,1.1977,1.1259,1.2023,1.1841,2063.1994,1.1909,0.0,0.0,0.0,0.0,0.0,24.0017,36.6434,36.6435,0.0,0.0,0,2356.6776,57.1521,19.0167,0.0,0.0,2.5651,0.0,0.8857,1,39951.0,2.2,0.0,0.0,0.0,1.1195076479919845,1.130224238123069,1.1131152959839692,0.8857,0.0
3268,2004-07-09,SZSE:000768,0.2073,1.1977,1.1259,1.2159,1.1909,2063.1994,1.1909,0.0,0.0,0.0,0.0,0.0,23.7946,36.6434,36.6435,0.0,0.0,0,2356.6776,57.1521,19.0167,0.0,0.0,2.5651,0.0,0.9932,1,39951.0,2.2,0.0,0.0,0.0,1.1195076479919845,1.1430089421390996,1.1195076479919845,0.9932,0.0
3269,2004-07-12,SZSE:000768,0.2073,1.1659,1.096,1.1909,1.1636,2008.3914,1.1909,0.0,0.0,0.0,0.0,0.0,24.2199,31.1475,31.1475,0.0,0.0,0,2301.8696,55.823,18.5744,0.0,0.0,2.5055,0.0,1.5432,1,39951.0,2.2,0.0,0.0,0.0,1.1195011579037655,1.1195011579037655,1.0938378934728537,1.5432,0.0
3270,2004-07-13,SZSE:000768,0.2073,1.1682,1.0982,1.1727,1.1591,2012.3052,1.1659,0.0,0.0,0.0,0.0,0.0,24.2357,31.9326,31.9323,0.0,0.0,0,2305.7834,55.9179,18.606,0.0,0.0,2.5098,0.0,1.1683,1,39951.0,2.2,0.0,0.0,0.0,1.0960378188666324,1.1024303543913716,1.0896452833418937,1.1683,0.0
3271,2004-07-14,SZSE:000768,0.2073,1.1705,1.1003,1.1773,1.1477,2016.2223,1.1614,0.0,0.0,0.0,0.0,0.0,24.0365,32.759,32.7588,0.0,0.0,0,2309.7005,56.0129,18.6376,0.0,0.0,2.514,0.0,1.9605,1,39951.0,2.2,0.0,0.0,0.0,1.091745766766339,1.1066921742844937,1.0788674156343443,1.9605,0.0
3272,2004-07-15,SZSE:000768,0.2073,1.1659,1.096,1.1727,1.1523,2008.3914,1.1705,0.0,0.0,0.0,0.0,0.0,23.7914,31.9246,31.9245,0.0,0.0,0,2301.8696,55.823,18.5744,0.0,0.0,2.5055,0.0,1.6717,1,39951.0,2.2,0.0,0.0,0.0,1.1003242130542932,1.1023923149498245,1.083215370100352,1.6717,0.0
3273,2004-07-16,SZSE:000768,0.2019,1.2023,1.1302,1.2068,1.1682,2071.0286,1.1705,0.0,0.0,0.0,0.0,0.0,24.6547,44.174,44.1739,0.0,0.0,0,2364.5068,57.342,19.0799,0.0,0.0,2.5737,0.0,3.4008,1,39951.0,2.2,0.0,0.0,0.0,1.1003069949263913,1.1344301422273977,1.098144922232388,3.4008,0.0
3274,2004-07-19,SZSE:000768,0.2019,1.2159,1.143,1.225,1.2046,2094.5214,1.2046,0.0,0.0,0.0,0.0,0.0,24.7828,47.9565,47.9565,0.0,0.0,0,2387.9996,57.9117,19.2694,0.0,0.0,2.5992,0.0,4.9291,1,39951.0,2.2,0.0,0.0,0.0,1.1323774981495187,1.1515544041450778,1.1323774981495187,4.9291,0.0
3275,2004-07-20,SZSE:000768,0.2019,1.2114,1.1388,1.2205,1.1977,2086.6905,1.2159,0.0,0.0,0.0,0.0,0.0,24.6974,46.8178,46.8177,0.0,0.0,0,2380.1687,57.7218,19.2062,0.0,0.0,2.5907,0.0,2.0038,1,39951.0,2.2,0.0,0.0,0.0,1.1430303120356613,1.1473546310054483,1.1259210500247647,2.0038,0.0
3276,2004-07-21,SZSE:000768,0.2019,1.2023,1.1302,1.2136,1.1909,2071.0286,1.2046,0.0,0.0,0.0,0.0,0.0,24.7164,44.5399,44.5398,0.0,0.0,0,2364.5068,57.342,19.0799,0.0,0.0,2.5737,0.0,1.5634,1,39951.0,2.2,0.0,0.0,0.0,1.1323620726940034,1.1408223571487983,1.1194836396905934,1.5634,0.0
3277,2004-07-22,SZSE:000768,0.2019,1.1682,1.0982,1.2114,1.1614,2012.3052,1.2114,0.0,0.0,0.0,0.0,0.0,24.8887,37.2264,37.2262,0.0,0.0,0,2305.7834,55.9179,18.606,0.0,0.0,2.5098,0.0,2.1417,1,39951.0,2.2,0.0,0.0,0.0,1.1388114021571651,1.1388114021571651,1.0918074644752611,2.1417,0.0
3278,2004-07-23,SZSE:000768,0.2334,1.1773,1.1067,1.1864,1.1636,2027.967,1.1659,0.0,0.0,0.0,0.0,0.0,24.9741,40.0536,40.0534,0.0,0.0,0,2321.4452,56.2977,18.7324,0.0,0.0,2.5268,0.0,1.4898,1,39951.0,2.2,0.0,0.0,0.0,1.095983632039412,1.1152542937229253,1.0938215578017496,1.4898,0.0
3279,2004-07-26,SZSE:000768,0.2334,1.175,1.1046,1.1773,1.1546,2024.0516,1.1591,0.0,0.0,0.0,0.0,0.0,24.9298,39.5737,39.5737,0.0,0.0,0,2317.5298,56.2028,18.7008,0.0,0.0,2.5225,0.0,1.9837,1,39951.0,2.2,0.0,0.0,0.0,1.0896526468085106,1.106762195744681,1.0854222638297872,1.9837,0.0
3280,2004-07-27,SZSE:000768,0.2334,1.1727,1.1024,1.1773,1.1591,2020.1378,1.1659,0.0,0.0,0.0,0.0,0.0,24.8903,39.0699,39.0698,0.0,0.0,0,2313.616,56.1078,18.6692,0.0,0.0,2.5183,0.0,1.0433,1,39951.0,2.2,0.0,0.0,0.0,1.0960076404877632,1.1067242431994542,1.0896152809755266,1.0433,0.0
3281,2004-07-28,SZSE:000768,0.2334,1.1864,1.1153,1.1864,1.1636,2043.6272,1.175,0.0,0.0,0.0,0.0,0.0,25.0389,43.7027,43.7028,0.0,0.0,0,2337.1054,56.6775,18.8588,0.0,0.0,2.5438,0.0,0.667,1,39951.0,2.2,0.0,0.0,0.0,1.1045831928523264,1.1153,1.0938663857046529,0.667,0.0
3282,2004-07-29,SZSE:000768,0.2334,1.1864,1.1153,1.1909,1.1705,2043.6272,1.1864,0.0,0.0,0.0,0.0,0.0,24.1788,43.7027,43.7028,0.0,0.0,0,2337.1054,56.6775,18.8588,0.0,0.0,2.5438,0.0,1.2748,1,39951.0,2.2,0.0,0.0,0.0,1.1153,1.119530318610924,1.1003528742414026,1.2748,0.0
3283,2004-07-30,SZSE:000768,0.2351,1.1727,1.1024,1.1818,1.1636,2020.1378,1.1818,0.0,0.0,0.0,0.0,0.0,24.212,40.1612,40.1612,0.0,0.0,0,2291.591,54.6133,18.1792,0.0,0.0,2.5564,0.0,0.9458,1,39951.0,2.2,0.0,0.0,0.0,1.1109544811119638,1.1109544811119638,1.093845518888036,0.9458,0.0
3284,2004-08-02,SZSE:000768,0.2351,1.1614,1.0918,1.175,1.1546,2000.5622,1.1591,0.0,0.0,0.0,0.0,0.0,24.0713,37.4383,37.4383,0.0,0.0,0,2272.0153,54.1467,18.0239,0.0,0.0,2.5345,0.0,0.6089,1,39951.0,2.2,0.0,0.0,0.0,1.0896378336490444,1.104584983640434,1.0854075081797832,0.6089,0.0
3285,2004-08-03,SZSE:000768,0.2351,1.1523,1.0832,1.1659,1.1409,1984.902,1.1614,0.0,0.0,0.0,0.0,0.0,24.0934,35.3722,35.3722,0.0,0.0,0,2256.3552,53.7735,17.8997,0.0,0.0,2.5171,0.0,1.0688,1,39951.0,2.2,0.0,0.0,0.0,1.091754300095461,1.0959844484943153,1.0724836240562352,1.0688,0.0
3286,2004-08-04,SZSE:000768,0.2351,1.1727,1.1024,1.1886,1.1523,2020.1378,1.1523,0.0,0.0,0.0,0.0,0.0,24.4001,42.9951,42.9951,0.0,0.0,0,2291.591,54.6133,18.1792,0.0,0.0,2.5564,0.0,1.4459,1,39951.0,2.2,0.0,0.0,0.0,1.08322292146329,1.1173468406242006,1.08322292146329,1.4459,0.0
3287,2004-08-05,SZSE:000768,0.2351,1.1682,1.0982,1.1818,1.1659,2012.3052,1.1818,0.0,0.0,0.0,0.0,0.0,24.3986,41.8144,41.8143,0.0,0.0,0,2283.7583,54.4266,18.117,0.0,0.0,2.5476,0.0,0.8975,1,39951.0,2.2,0.0,0.0,0.0,1.110985071049478,1.110985071049478,1.0960378188666324,0.8975,0.0
3288,2004-08-06,SZSE:000768,0.237,1.1795,1.1088,1.1818,1.1591,2031.8791,1.1682,0.0,0.0,0.0,0.0,0.0,24.5029,45.8186,45.8185,0.0,0.0,0,2303.3322,54.8931,18.2723,0.0,0.0,2.5695,0.0,0.9146,1,39951.0,2.2,0.0,0.0,0.0,1.0981773293768544,1.1109621364985163,1.0896227893175074,0.9146,0.0
3289,2004-08-09,SZSE:000768,0.237,1.1773,1.1067,1.1864,1.1636,2027.967,1.1864,0.0,0.0,0.0,0.0,0.0,24.4997,45.1499,45.1497,0.0,0.0,0,2299.4202,54.7999,18.2413,0.0,0.0,2.5651,0.0,0.5691,1,39951.0,2.2,0.0,0.0,0.0,1.1152542937229253,1.1152542937229253,1.0938215578017496,0.5691,0.0
3290,2004-08-10,SZSE:000768,0.237,1.1727,1.1024,1.1773,1.1614,2020.1378,1.1705,0.0,0.0,0.0,0.0,0.0,23.9084,43.7729,43.7729,0.0,0.0,0,2291.591,54.6133,18.1792,0.0,0.0,2.5564,0.0,0.4469,1,39951.0,2.2,0.0,0.0,0.0,1.1003318836872176,1.1067242431994542,1.0917774025752538,0.4469,0.0
3291,2004-08-11,SZSE:000768,0.237,1.1591,1.0896,1.175,1.1568,1996.645,1.1705,0.0,0.0,0.0,0.0,0.0,23.9653,39.8459,39.8458,0.0,0.0,0,2268.0981,54.0534,17.9928,0.0,0.0,2.5302,0.0,0.5184,1,39951.0,2.2,0.0,0.0,0.0,1.1003164524199809,1.1045466310068155,1.0874379087222845,0.5184,0.0
3292,2004-08-12,SZSE:000768,0.237,1.1568,1.0875,1.1614,1.1432,1992.7312,1.1591,0.0,0.0,0.0,0.0,0.0,23.5511,39.2147,39.2146,0.0,0.0,0,2264.1844,53.9601,17.9618,0.0,0.0,2.5258,0.0,1.2359,1,39951.0,2.2,0.0,0.0,0.0,1.0896622147302903,1.0918244294605808,1.0747147302904563,1.2359,0.0
3293,2004-08-13,SZSE:000768,0.2421,1.1409,1.0725,1.1614,1.1386,1965.3264,1.1614,0.0,0.0,0.0,0.0,0.0,23.6143,35.0303,35.0303,0.0,0.0,0,2236.7796,53.307,17.7444,0.0,0.0,2.4952,0.0,1.0526,1,39951.0,2.2,0.0,0.0,0.0,1.0917709702866156,1.0917709702866156,1.0703378911385748,1.0526,0.0
3294,2004-08-16,SZSE:000768,0.2421,1.175,1.1046,1.2046,1.1318,2024.0516,1.1432,0.0,0.0,0.0,0.0,0.0,24.0286,47.8675,47.8676,0.0,0.0,0,2295.5047,54.7065,18.2102,0.0,0.0,2.5607,0.0,32.4019,1,39951.0,2.2,0.0,0.0,0.0,1.0747052936170212,1.132426519148936,1.063988323404255,32.4019,0.0
3295,2004-08-17,SZSE:000768,0.2421,1.1705,1.1003,1.1796,1.1386,2016.2223,1.175,0.0,0.0,0.0,0.0,0.0,24.0112,46.547,46.547,0.0,0.0,0,2287.6755,54.52,18.1481,0.0,0.0,2.552,0.0,2.0507,1,39951.0,2.2,0.0,0.0,0.0,1.1045301153353269,1.1088542332336606,1.0703131824006835,2.0507,0.0
3296,2004-08-18,SZSE:000768,0.2421,1.1568,1.0875,1.1705,1.1523,1992.7312,1.1705,0.0,0.0,0.0,0.0,0.0,23.793,42.7375,42.7374,0.0,0.0,0,2264.1844,53.9601,17.9618,0.0,0.0,2.5258,0.0,0.9956,1,39951.0,2.2,0.0,0.0,0.0,1.100379279045643,1.100379279045643,1.0832695798755185,0.9956,0.0
3297,2004-08-19,SZSE:000768,0.2421,1.1364,1.0683,1.1568,1.1341,1957.4955,1.1546,0.0,0.0,0.0,0.0,0.0,23.502,37.7472,37.7472,0.0,0.0,0,2228.9486,53.1204,17.6822,0.0,0.0,2.4865,0.0,1.7908,1,39951.0,2.2,0.0,0.0,0.0,1.0854093453009503,1.0874775079197465,1.0661378299894404,1.7908,0.0
3298,2004-08-20,SZSE:000768,0.2397,1.1091,1.0426,1.1455,1.0909,1910.5167,1.1364,0.0,0.0,0.0,0.0,0.0,23.6333,32.3274,32.3274,0.0,0.0,0,2181.9699,52.0008,17.3096,0.0,0.0,2.4341,0.0,3.0519,1,39951.0,2.2,0.0,0.0,0.0,1.0682631322694076,1.0768175096925434,1.0254912451537284,3.0519,0.0
3299,2004-08-23,SZSE:000768,0.2397,1.0977,1.0319,1.1136,1.0909,1890.9428,1.0955,0.0,0.0,0.0,0.0,0.0,23.6001,30.3707,30.3707,0.0,0.0,0,2162.396,51.5343,17.1543,0.0,0.0,2.4123,0.0,1.73,1,39951.0,2.2,0.0,0.0,0.0,1.029831875740184,1.0468468980595793,1.0255076159242054,1.73,0.0
3300,2004-08-24,SZSE:000768,0.2397,1.1182,1.0512,1.1273,1.0932,1926.1734,1.0955,0.0,0.0,0.0,0.0,0.0,23.8768,37.6819,37.6819,0.0,0.0,0,2197.6266,52.3739,17.4338,0.0,0.0,2.4516,0.0,1.9699,1,39951.0,2.2,0.0,0.0,0.0,1.0298601323555712,1.0597547487032728,1.0276979431228759,1.9699,0.0
3301,2004-08-25,SZSE:000768,0.2397,1.1182,1.0512,1.1273,1.1023,1926.1734,1.1182,0.0,0.0,0.0,0.0,0.0,23.7471,37.6819,37.6819,0.0,0.0,0,2197.6266,52.3739,17.4338,0.0,0.0,2.4516,0.0,0.9311,1,39951.0,2.2,0.0,0.0,0.0,1.0512,1.0597547487032728,1.036252691826149,0.9311,0.0
3302,2004-08-26,SZSE:000768,0.2397,1.1068,1.0405,1.1227,1.1023,1906.603,1.1182,0.0,0.0,0.0,0.0,0.0,23.7898,35.2944,35.2943,0.0,0.0,0,2178.0561,51.9075,17.2785,0.0,0.0,2.4297,0.0,0.5408,1,39951.0,2.2,0.0,0.0,0.0,1.051217112396097,1.0554475514998192,1.0362695608962775,0.5408,0.0
3303,2004-08-27,SZSE:000768,0.2358,1.0977,1.0319,1.1136,1.0909,1890.9428,1.1068,0.0,0.0,0.0,0.0,0.0,23.1495,33.467,33.467,0.0,0.0,0,2162.396,51.5343,17.1543,0.0,0.0,2.4123,0.0,1.0071,1,39951.0,2.2,0.0,0.0,0.0,1.0404545139837844,1.0468468980595793,1.0255076159242054,1.0071,0.0
3304,2004-08-30,SZSE:000768,0.2358,1.0955,1.0298,1.1068,1.0909,1887.0273,1.0932,0.0,0.0,0.0,0.0,0.0,23.0688,33.0069,33.0068,0.0,0.0,0,2158.4805,51.441,17.1232,0.0,0.0,2.4079,0.0,0.8023,1,39951.0,2.2,0.0,0.0,0.0,1.0276379370150617,1.040422309447741,1.0254758740301233,0.8023,0.0
3305,2004-08-31,SZSE:000768,0.2358,1.1205,1.0533,1.1296,1.1023,1930.0906,1.1023,0.0,0.0,0.0,0.0,0.0,23.5764,42.3887,42.3888,0.0,0.0,0,2201.5438,52.4673,17.4648,0.0,0.0,2.4559,0.0,1.6035,1,39951.0,2.2,0.0,0.0,0.0,1.0361915127175367,1.0618542436412315,1.0361915127175367,1.6035,0.0
3306,2004-09-01,SZSE:000768,0.2358,1.1091,1.0426,1.1159,1.1046,1910.5167,1.1136,0.0,0.0,0.0,0.0,0.0,23.5416,39.6694,39.6694,0.0,0.0,0,2181.9699,52.0008,17.3096,0.0,0.0,2.4341,0.0,0.5969,1,39951.0,2.2,0.0,0.0,0.0,1.0468301866378145,1.0489922820304751,1.0383698133621855,0.5969,0.0
3307,2004-09-02,SZSE:000768,0.2358,1.1159,1.049,1.1205,1.0909,1922.2631,1.1136,0.0,0.0,0.0,0.0,0.0,23.5479,42.0711,42.071,0.0,0.0,0,2193.7163,52.2807,17.4027,0.0,0.0,2.4472,0.0,0.5998,1,39951.0,2.2,0.0,0.0,0.0,1.0468378886997043,1.0533242226005917,1.025498790214177,0.5998,0.0
3308,2004-09-03,SZSE:000768,0.2426,1.1273,1.0597,1.1296,1.1046,1941.8336,1.1159,0.0,0.0,0.0,0.0,0.0,23.5179,45.933,45.9329,0.0,0.0,0,2213.2867,52.7471,17.558,0.0,0.0,2.469,0.0,1.546,1,39951.0,2.2,0.0,0.0,0.0,1.0489836157189745,1.0618620775303822,1.0383612348088354,1.546,0.0
3309,2004-09-06,SZSE:000768,0.2426,1.1318,1.064,1.1341,1.1136,1949.6662,1.1341,0.0,0.0,0.0,0.0,0.0,23.5052,47.4432,47.4433,0.0,0.0,0,2221.1194,52.9338,17.6201,0.0,0.0,2.4778,0.0,0.7074,1,39951.0,2.2,0.0,0.0,0.0,1.0661622194734055,1.0661622194734055,1.0468902632974024,0.7074,0.0
3310,2004-09-07,SZSE:000768,0.2426,1.1318,1.064,1.1477,1.1227,1949.6662,1.1341,0.0,0.0,0.0,0.0,0.0,22.9407,47.4432,47.4433,0.0,0.0,0,2221.1194,52.9338,17.6201,0.0,0.0,2.4778,0.0,1.2774,1,39951.0,2.2,0.0,0.0,0.0,1.0661622194734055,1.0789475172291927,1.0554451316487012,1.2774,0.0
3311,2004-09-08,SZSE:000768,0.2426,1.1227,1.0554,1.1386,1.1182,1934.0044,1.1386,0.0,0.0,0.0,0.0,0.0,22.9518,44.557,44.5572,0.0,0.0,0,2205.4575,52.5605,17.4959,0.0,0.0,2.4603,0.0,0.4633,1,39951.0,2.2,0.0,0.0,0.0,1.0703468780618153,1.0703468780618153,1.0511697514919391,0.4633,0.0
3312,2004-09-09,SZSE:000768,0.2426,1.1,1.0341,1.1296,1.0955,1894.8566,1.1296,0.0,0.0,0.0,0.0,0.0,22.0838,38.2874,38.2875,0.0,0.0,0,2166.3097,51.6276,17.1853,0.0,0.0,2.4166,0.0,0.914,1,39951.0,2.2,0.0,0.0,0.0,1.0619266909090908,1.0619266909090908,1.0298695909090907,0.914,0.0
3313,2004-09-10,SZSE:000768,0.2367,1.1091,1.0426,1.1091,1.0932,1910.5167,1.1,0.0,0.0,0.0,0.0,0.0,21.6711,41.8145,41.8145,0.0,0.0,0,2181.9699,52.0008,17.3096,0.0,0.0,2.4341,0.0,0.7489,1,39951.0,2.2,0.0,0.0,0.0,1.0340456225768642,1.0426,1.027653340546389,0.7489,0.0
3314,2004-09-13,SZSE:000768,0.2367,1.075,1.0106,1.1091,1.0727,1851.7916,1.0909,0.0,0.0,0.0,0.0,0.0,22.3209,33.9731,33.9731,0.0,0.0,0,2123.2447,50.6012,16.8437,0.0,0.0,2.3686,0.0,1.0492,1,39951.0,2.2,0.0,0.0,0.0,1.0255474790697674,1.042657172093023,1.0084377860465117,1.0492,0.0
3315,2004-09-14,SZSE:000768,0.2367,1.1091,1.0426,1.1159,1.0796,1910.5167,1.0909,0.0,0.0,0.0,0.0,0.0,22.6719,45.067,45.067,0.0,0.0,0,2181.9699,52.0008,17.3096,0.0,0.0,2.4341,0.0,1.2834,1,39951.0,2.2,0.0,0.0,0.0,1.0254912451537284,1.0489922820304751,1.0148687764854385,1.2834,0.0
3316,2004-09-15,SZSE:000768,0.2367,1.1545,1.0853,1.1864,1.0932,1988.8158,1.1091,0.0,0.0,0.0,0.0,0.0,23.4467,55.744,55.7441,0.0,0.0,0,2260.2689,53.8668,17.9307,0.0,0.0,2.5214,0.0,4.8932,1,39951.0,2.2,0.0,0.0,0.0,1.0426212472932004,1.1152879341706365,1.0276742832394974,4.8932,0.0
3317,2004-09-16,SZSE:000768,0.2367,1.1568,1.0875,1.1636,1.1386,1992.7312,1.1591,0.0,0.0,0.0,0.0,0.0,23.453,56.2025,56.2023,0.0,0.0,0,2264.1844,53.9601,17.9618,0.0,0.0,2.5258,0.0,2.6437,1,39951.0,2.2,0.0,0.0,0.0,1.0896622147302903,1.0938926348547717,1.0703903008298754,2.6437,0.0
3318,2004-09-17,SZSE:000768,0.2759,1.1909,1.1195,1.2,1.1455,2051.4581,1.1591,0.0,0.0,0.0,0.0,0.0,23.8483,62.4802,62.4802,0.0,0.0,0,2322.9113,55.3597,18.4276,0.0,0.0,2.5913,0.0,6.4848,1,39951.0,2.2,0.0,0.0,0.0,1.0896065580653287,1.1280544126291039,1.0768219413888653,6.4848,0.0
3319,2004-09-20,SZSE:000768,0.2759,1.2205,1.1473,1.2205,1.1818,2102.3506,1.1909,0.0,0.0,0.0,0.0,0.0,24.3084,66.9071,66.907,0.0,0.0,0,2373.8038,56.5726,18.8314,0.0,0.0,2.6481,0.0,7.2324,1,39951.0,2.2,0.0,0.0,0.0,1.1194752724293324,1.1473,1.1109210487505121,7.2324,0.0
3320,2004-09-21,SZSE:000768,0.2759,1.2068,1.1345,1.2364,1.1932,2078.8612,1.2205,0.0,0.0,0.0,0.0,0.0,24.3306,63.2006,63.2007,0.0,0.0,0,2350.3144,56.0128,18.645,0.0,0.0,2.6219,0.0,6.0711,1,39951.0,2.2,0.0,0.0,0.0,1.1473792260523696,1.1623266489890618,1.1217147828969176,6.0711,0.0
3321,2004-09-22,SZSE:000768,0.2759,1.1795,1.1088,1.2227,1.1727,2031.8791,1.2,0.0,0.0,0.0,0.0,0.0,24.699,56.4632,56.4631,0.0,0.0,0,2303.3322,54.8931,18.2723,0.0,0.0,2.5695,0.0,4.5819,1,39951.0,2.2,0.0,0.0,0.0,1.1280712166172107,1.1494105637982195,1.1024075964391693,4.5819,0.0
3322,2004-09-23,SZSE:000768,0.2759,1.2091,1.1366,1.2114,1.1773,2082.775,1.1796,0.0,0.0,0.0,0.0,0.0,25.1986,61.2788,61.2788,0.0,0.0,0,2354.2281,56.106,18.6761,0.0,0.0,2.6263,0.0,3.5876,1,39951.0,2.2,0.0,0.0,0.0,1.1088688776776114,1.1387620875031015,1.10670679017451,3.5876,0.0
3323,2004-09-24,SZSE:000768,0.2946,1.1864,1.1153,1.2182,1.1614,2043.6272,1.2159,0.0,0.0,0.0,0.0,0.0,25.4532,56.1355,56.1356,0.0,0.0,0,2315.0803,55.1731,18.3655,0.0,0.0,2.5826,0.0,8.059,1,39951.0,2.2,0.0,0.0,0.0,1.1430320886716117,1.145194251517195,1.0917982299393123,8.059,0.0
3324,2004-09-27,SZSE:000768,0.2946,1.1727,1.1024,1.2,1.1682,2020.1378,1.1773,0.0,0.0,0.0,0.0,0.0,25.1338,53.2476,53.2476,0.0,0.0,0,2291.591,54.6133,18.1792,0.0,0.0,2.5564,0.0,3.3386,1,39951.0,2.2,0.0,0.0,0.0,1.1067242431994542,1.1280634433358914,1.0981697620874904,3.3386,0.0
3325,2004-09-28,SZSE:000768,0.2946,1.1818,1.111,1.1955,1.1682,2035.798,1.1818,0.0,0.0,0.0,0.0,0.0,24.6626,54.9129,54.913,0.0,0.0,0,2307.2511,54.9865,18.3034,0.0,0.0,2.5739,0.0,2.2339,1,39951.0,2.2,0.0,0.0,0.0,1.111,1.1238792519884921,1.09821475715011,2.2339,0.0
3326,2004-09-29,SZSE:000768,0.2946,1.1386,1.0704,1.1841,1.1364,1961.4092,1.1841,0.0,0.0,0.0,0.0,0.0,25.6477,46.4489,46.4489,0.0,0.0,0,2232.8624,53.2137,17.7133,0.0,0.0,2.4909,0.0,3.6976,1,39951.0,2.2,0.0,0.0,0.0,1.113174635517302,1.113174635517302,1.0683317758650974,3.6976,0.0
3327,2004-09-30,SZSE:000768,0.2946,1.1432,1.0747,1.1591,1.1386,1969.2402,1.1523,0.0,0.0,0.0,0.0,0.0,25.5765,47.3686,47.3687,0.0,0.0,0,2240.6933,53.4003,17.7754,0.0,0.0,2.4996,0.0,3.4286,1,39951.0,2.2,0.0,0.0,0.0,1.083254732330301,1.0896472795661303,1.0703756298110567,3.4286,0.0
3328,2004-10-01,SZSE:000768,0.3002,0.0,1.0747,0.0,0.0,1969.2402,0.0,0.0,0.0,0.0,0.0,0.0,25.0895,0.0,0.0,0.0,0.0,0,2240.6933,53.4003,17.7754,0.0,0.0,2.4996,0.0,0.0,1,39951.0,2.2,0.0,0.0,0.0,0.0,0.0,0.0,0.0,0.0
3329,2004-10-04,SZSE:000768,0.3002,0.0,1.0747,0.0,0.0,1969.2402,0.0,0.0,0.0,0.0,0.0,0.0,25.0342,0.0,0.0,0.0,0.0,0,2240.6933,53.4003,17.7754,0.0,0.0,2.4996,0.0,0.0,1,39951.0,2.2,0.0,0.0,0.0,0.0,0.0,0.0,0.0,0.0
3330,2004-10-05,SZSE:000768,0.3002,0.0,1.0747,0.0,0.0,1969.2402,0.0,0.0,0.0,0.0,0.0,0.0,25.0294,0.0,0.0,0.0,0.0,0,2240.6933,53.4003,17.7754,0.0,0.0,2.4996,0.0,0.0,1,39951.0,2.2,0.0,0.0,0.0,0.0,0.0,0.0,0.0,0.0
3331,2004-10-06,SZSE:000768,0.3002,0.0,1.0747,0.0,0.0,1969.2402,0.0,0.0,0.0,0.0,0.0,0.0,25.0136,0.0,0.0,0.0,0.0,0,2240.6933,53.4003,17.7754,0.0,0.0,2.4996,0.0,0.0,1,39951.0,2.2,0.0,0.0,0.0,0.0,0.0,0.0,0.0,0.0
3332,2004-10-07,SZSE:000768,0.3002,0.0,1.0747,0.0,0.0,1969.2402,0.0,0.0,0.0,0.0,0.0,0.0,24.8555,0.0,0.0,0.0,0.0,0,2240.6933,53.4003,17.7754,0.0,0.0,2.4996,0.0,0.0,1,39951.0,2.2,0.0,0.0,0.0,0.0,0.0,0.0,0.0,0.0
3333,2004-10-08,SZSE:000768,0.2486,1.1568,1.0875,1.1591,1.1318,1992.7312,1.1364,0.0,0.0,0.0,0.0,0.0,24.9599,50.1352,50.1351,0.0,0.0,0,2264.1844,53.9601,17.9618,0.0,0.0,2.5258,0.0,1.3857,1,39951.0,2.2,0.0,0.0,0.0,1.0683220954356847,1.0896622147302903,1.0639976659751036,1.3857,0.0
3334,2004-10-11,SZSE:000768,0.2486,1.1545,1.0853,1.1773,1.1523,1988.8158,1.1614,0.0,0.0,0.0,0.0,0.0,24.9614,49.6665,49.6666,0.0,0.0,0,2260.2689,53.8668,17.9307,0.0,0.0,2.5214,0.0,3.3845,1,39951.0,2.2,0.0,0.0,0.0,1.0917864183629273,1.1067333824166303,1.0832318666089216,3.3845,0.0
3335,2004-10-12,SZSE:000768,0.2486,1.1523,1.0832,1.1636,1.1432,1984.902,1.1591,0.0,0.0,0.0,0.0,0.0,24.4128,49.1718,49.1718,0.0,0.0,0,2256.3552,53.7735,17.8997,0.0,0.0,2.5171,0.0,2.5395,1,39951.0,2.2,0.0,0.0,0.0,1.0895922242471576,1.0938223726460121,1.0746456999045386,2.5395,0.0
3336,2004-10-13,SZSE:000768,0.2486,1.1682,1.0982,1.1705,1.1523,2012.3052,1.1546,0.0,0.0,0.0,0.0,0.0,24.5598,52.7229,52.7229,0.0,0.0,0,2283.7583,54.4266,18.117,0.0,0.0,2.5476,0.0,2.816,1,39951.0,2.2,0.0,0.0,0.0,1.0854149289505224,1.1003621811333677,1.0832527478171547,2.816,0.0
3337,2004-10-14,SZSE:000768,0.2486,1.1614,1.0918,1.2046,1.1546,2000.5622,1.1818,0.0,0.0,0.0,0.0,0.0,24.5835,51.0761,51.0761,0.0,0.0,0,2272.0153,54.1467,18.0239,0.0,0.0,2.5345,0.0,24.4866,1,39951.0,2.2,0.0,0.0,0.0,1.1109774754606512,1.1324111245049078,1.0854075081797832,24.4866,0.0
3338,2004-10-15,SZSE:000768,0.2609,1.1295,1.0618,1.1591,1.0818,1945.7508,1.1523,0.0,0.0,0.0,0.0,0.0,25.1575,44.145,44.1449,0.0,0.0,0,2217.2039,52.8405,17.5891,0.0,0.0,2.4734,0.0,5.4123,1,39951.0,2.2,0.0,0.0,0.0,1.0832334130146084,1.089625834440018,1.0169590438247014,5.4123,0.0
3339,2004-10-18,SZSE:000768,0.2609,1.1045,1.0383,1.1364,1.0955,1902.6841,1.125,0.0,0.0,0.0,0.0,0.0,24.7432,39.5981,39.5981,0.0,0.0,0,2174.1372,51.8141,17.2474,0.0,0.0,2.4254,0.0,3.0,1,39951.0,2.2,0.0,0.0,0.0,1.0575712992304211,1.0682880217292894,1.0298394296061566,3.0,0.0
3340,2004-10-19,SZSE:000768,0.2609,1.0818,1.017,1.1159,1.0818,1863.5362,1.1046,0.0,0.0,0.0,0.0,0.0,24.9045,35.9712,35.9711,0.0,0.0,0,2137.2293,58.036,17.9305,0.0,0.0,2.401,0.0,3.6893,1,39951.0,2.2,0.0,0.0,0.0,1.0384342762063228,1.049057404326123,1.017,3.6893,0.0
3341,2004-10-20,SZSE:000768,0.2609,1.0795,1.0148,1.0818,1.0455,1859.6208,1.0773,0.0,0.0,0.0,0.0,0.0,24.9014,35.6198,35.6197,0.0,0.0,0,2133.3138,57.9297,17.8977,0.0,0.0,2.3966,0.0,3.3366,1,39951.0,2.2,0.0,0.0,0.0,1.0127318573413617,1.0169621491431218,0.9828377952755907,3.3366,0.0
3342,2004-10-21,SZSE:000768,0.2609,1.0545,0.9913,1.075,1.0455,1816.5558,1.075,0.0,0.0,0.0,0.0,0.0,25.2334,31.9255,31.9254,0.0,0.0,0,2090.2488,56.7603,17.5364,0.0,0.0,2.3483,0.0,3.4699,1,39951.0,2.2,0.0,0.0,0.0,1.0105713608345186,1.0105713608345186,0.9828394025604552,3.4699,0.0
3343,2004-10-22,SZSE:000768,0.2441,1.0227,0.9614,1.0682,1.0023,1761.7478,1.05,0.0,0.0,0.0,0.0,0.0,25.3125,27.9522,27.9521,0.0,0.0,0,2035.4409,55.272,17.0766,0.0,0.0,2.2867,0.0,3.365,1,39951.0,2.2,0.0,0.0,0.0,0.987063655030801,1.0041727583846682,0.9422227632736873,3.365,0.0
3344,2004-10-25,SZSE:000768,0.2441,1.0068,0.9465,1.0432,1.0023,1734.3412,1.0432,0.0,0.0,0.0,0.0,0.0,25.3757,26.1965,26.1964,0.0,0.0,0,2008.0343,54.5277,16.8466,0.0,0.0,2.2559,0.0,3.5483,1,39951.0,2.2,0.0,0.0,0.0,0.980719904648391,0.980719904648391,0.9422695172824792,3.5483,0.0
3345,2004-10-26,SZSE:000768,0.2441,1.0091,0.9486,1.0182,0.9773,1738.255,1.0023,0.0,0.0,0.0,0.0,0.0,25.3915,26.9026,26.9026,0.0,0.0,0,2011.9481,54.634,16.8795,0.0,0.0,2.2603,0.0,2.7565,1,39951.0,2.2,0.0,0.0,0.0,0.9422076900208105,0.9571544148250916,0.9187065503914377,2.7565,0.0
3346,2004-10-27,SZSE:000768,0.2441,1.0318,0.97,1.0341,0.9955,1777.408,1.0136,0.0,0.0,0.0,0.0,0.0,25.8374,33.7329,33.733,0.0,0.0,0,2051.101,55.6972,17.2079,0.0,0.0,2.3043,0.0,2.3237,1,39951.0,2.2,0.0,0.0,0.0,0.9528900949796472,0.9721622407443302,0.9358742004264392,2.3237,0.0
3347,2004-10-28,SZSE:000768,0.2441,1.0182,0.9572,1.0455,1.0114,1753.9152,1.0318,0.0,0.0,0.0,0.0,0.0,25.7915,31.8121,31.8121,0.0,0.0,0,2027.6082,55.0593,17.0109,0.0,0.0,2.2779,0.0,2.3841,1,39951.0,2.2,0.0,0.0,0.0,0.9699852288351996,0.9828644667059517,0.9508073855824004,2.3841,0.0
3348,2004-10-29,SZSE:000768,0.2744,1.0023,0.9422,1.0068,0.9818,1726.512,1.0023,0.0,0.0,0.0,0.0,0.0,25.918,29.6885,29.6885,0.0,0.0,0,2000.2051,54.3151,16.781,0.0,0.0,2.2471,0.0,2.3433,1,39951.0,2.2,0.0,0.0,0.0,0.9422,0.9464301706076025,0.9229292227875886,2.3433,0.0
3349,2004-11-01,SZSE:000768,0.2744,1.0159,0.955,1.0296,1.0023,1750.0014,1.0023,0.0,0.0,0.0,0.0,0.0,26.0429,33.7697,33.7698,0.0,0.0,0,2023.6945,54.953,16.978,0.0,0.0,2.2735,0.0,1.5682,1,39951.0,2.2,0.0,0.0,0.0,0.942215277094202,0.9678787282212817,0.942215277094202,1.5682,0.0
3350,2004-11-02,SZSE:000768,0.2744,1.025,0.9636,1.0273,1.0023,1765.6616,1.0159,0.0,0.0,0.0,0.0,0.0,26.0872,36.4194,36.4194,0.0,0.0,0,2039.3546,55.3782,17.1094,0.0,0.0,2.2911,0.0,1.3513,1,39951.0,2.2,0.0,0.0,0.0,0.9550451121951221,0.9657622243902442,0.9422597853658538,1.3513,0.0
3351,2004-11-03,SZSE:000768,0.2744,1.0364,0.9743,1.05,1.025,1785.2372,1.0341,0.0,0.0,0.0,0.0,0.0,26.1805,39.6687,39.6687,0.0,0.0,0,2058.9303,55.9098,17.2736,0.0,0.0,2.3131,0.0,2.2928,1,39951.0,2.2,0.0,0.0,0.0,0.9721378135854883,0.9870851022771132,0.9635830760324199,2.2928,0.0
3352,2004-11-04,SZSE:000768,0.2744,1.0114,0.9507,1.0386,1.0068,1742.1722,1.0386,0.0,0.0,0.0,0.0,0.0,26.2722,35.3845,35.3846,0.0,0.0,0,2015.8653,54.7404,16.9123,0.0,0.0,2.2647,0.0,1.4227,1,39951.0,2.2,0.0,0.0,0.0,0.9762675697053587,0.9762675697053587,0.9463760727704171,1.4227,0.0
3353,2004-11-05,SZSE:000768,0.2783,1.0091,0.9486,1.025,1.0023,1738.255,1.025,0.0,0.0,0.0,0.0,0.0,26.269,35.0141,35.0142,0.0,0.0,0,2011.9481,54.634,16.8795,0.0,0.0,2.2603,0.0,1.13,1,39951.0,2.2,0.0,0.0,0.0,0.9635467248042809,0.9635467248042809,0.9422076900208105,1.13,0.0
3354,2004-11-08,SZSE:000768,0.2783,1.0045,0.9443,1.0114,0.9909,1730.4258,1.0023,0.0,0.0,0.0,0.0,0.0,26.1678,34.2425,34.2425,0.0,0.0,0,2004.1188,54.4214,16.8138,0.0,0.0,2.2515,0.0,1.157,1,39951.0,2.2,0.0,0.0,0.0,0.9422318466898955,0.9507864808362371,0.9315150522648085,1.157,0.0
3355,2004-11-09,SZSE:000768,0.2783,1.0045,0.9443,1.0091,0.9909,1730.4258,1.0023,0.0,0.0,0.0,0.0,0.0,26.171,34.2425,34.2425,0.0,0.0,0,2004.1188,54.4214,16.8138,0.0,0.0,2.2515,0.0,0.9303,1,39951.0,2.2,0.0,0.0,0.0,0.9422318466898955,0.9486243205574914,0.9315150522648085,0.9303,0.0
3356,2004-11-10,SZSE:000768,0.2783,1.0432,0.9807,1.0455,1.0046,1796.9784,1.0068,0.0,0.0,0.0,0.0,0.0,27.3094,45.9785,45.9787,0.0,0.0,0,2070.6715,56.2286,17.3721,0.0,0.0,2.3263,0.0,3.955,1,39951.0,2.2,0.0,0.0,0.0,0.9464807898773007,0.9828622028374235,0.9444125958588957,3.955,0.0
3357,2004-11-11,SZSE:000768,0.2783,1.0409,0.9785,1.0568,1.0341,1793.0681,1.0568,0.0,0.0,0.0,0.0,0.0,27.2399,45.4651,45.4652,0.0,0.0,0,2066.7612,56.1225,17.3393,0.0,0.0,2.3219,0.0,4.0082,1,39951.0,2.2,0.0,0.0,0.0,0.9934468248630993,0.9934468248630993,0.9721076472283602,4.0082,0.0
3358,2004-11-12,SZSE:000768,0.2881,1.0364,0.9743,1.0432,1.0227,1785.2372,1.0273,0.0,0.0,0.0,0.0,0.0,27.2446,44.3959,44.3959,0.0,0.0,0,2058.9303,55.9098,17.2736,0.0,0.0,2.3131,0.0,2.7322,1,39951.0,2.2,0.0,0.0,0.0,0.9657452624469318,0.9806925511385565,0.9614208896179082,2.7322,0.0
3359,2004-11-15,SZSE:000768,0.2881,1.0523,0.9892,1.0591,1.0409,1812.6386,1.0568,0.0,0.0,0.0,0.0,0.0,27.3331,48.9223,48.9224,0.0,0.0,0,2086.3317,56.6539,17.5035,0.0,0.0,2.3439,0.0,4.5624,1,39951.0,2.2,0.0,0.0,0.0,0.9934301625011879,0.9955922455573504,0.978483588330324,4.5624,0.0
3360,2004-11-16,SZSE:000768,0.2881,1.0432,0.9807,1.0568,1.0318,1796.9784,1.0568,0.0,0.0,0.0,0.0,0.0,26.6865,46.5882,46.5883,0.0,0.0,0,2070.6715,56.2286,17.3721,0.0,0.0,2.3263,0.0,2.7951,1,39951.0,2.2,0.0,0.0,0.0,0.9934851993865031,0.9934851993865031,0.9699829946319021,2.7951,0.0
3361,2004-11-17,SZSE:000768,0.2881,1.0273,0.9657,1.0455,1.0227,1769.577,1.0432,0.0,0.0,0.0,0.0,0.0,26.8145,42.7451,42.7452,0.0,0.0,0,2043.2701,55.4846,17.1423,0.0,0.0,2.2955,0.0,1.59,1,39951.0,2.2,0.0,0.0,0.0,0.9806465881436773,0.9828086732210649,0.9613758298452252,1.59,0.0
3362,2004-11-18,SZSE:000768,0.2881,1.0295,0.9678,1.0386,1.0227,1773.4891,1.0227,0.0,0.0,0.0,0.0,0.0,26.7576,43.4622,43.4623,0.0,0.0,0,2047.1821,55.5908,17.1751,0.0,0.0,2.2999,0.0,1.8199,1,39951.0,2.2,0.0,0.0,0.0,0.9614075376396307,0.9763546187469645,0.9614075376396307,1.8199,0.0
3363,2004-11-19,SZSE:000768,0.2988,1.0545,0.9913,1.0568,1.0318,1816.5558,1.0386,0.0,0.0,0.0,0.0,0.0,27.028,50.7715,50.7714,0.0,0.0,0,2090.2488,56.7603,17.5364,0.0,0.0,2.3483,0.0,2.925,1,39951.0,2.2,0.0,0.0,0.0,0.9763529445234708,0.9934621526789947,0.9699604931247037,2.925,0.0
3364,2004-11-22,SZSE:000768,0.2988,1.0659,1.002,1.0818,1.0409,1836.1314,1.0546,0.0,0.0,0.0,0.0,0.0,26.7307,53.7015,53.7014,0.0,0.0,0,2109.8245,57.2918,17.7006,0.0,0.0,2.3703,0.0,6.816,1,39951.0,2.2,0.0,0.0,0.0,0.9913774275260342,1.016946805516465,0.9784987334646776,6.816,0.0
3365,2004-11-23,SZSE:000768,0.2988,1.0682,1.0042,1.0727,1.0568,1840.0452,1.0568,0.0,0.0,0.0,0.0,0.0,26.6675,54.2873,54.2873,0.0,0.0,0,2113.7382,57.3981,17.7335,0.0,0.0,2.3747,0.0,2.5667,1,39951.0,2.2,0.0,0.0,0.0,0.993483018161393,1.008430387567871,0.993483018161393,2.5667,0.0
3366,2004-11-24,SZSE:000768,0.2988,1.0318,0.97,1.0659,1.0318,1777.408,1.0636,0.0,0.0,0.0,0.0,0.0,27.2177,44.5681,44.5683,0.0,0.0,0,2051.101,55.6972,17.2079,0.0,0.0,2.3043,0.0,3.1403,1,39951.0,2.2,0.0,0.0,0.0,0.9998953285520449,1.0020575692963754,0.97,3.1403,0.0
3367,2004-11-25,SZSE:000768,0.2988,1.0205,0.9593,1.0432,1.0114,1757.8323,1.0432,0.0,0.0,0.0,0.0,0.0,27.2841,42.0353,42.0354,0.0,0.0,0,2031.5254,55.1656,17.0437,0.0,0.0,2.2823,0.0,2.0505,1,39951.0,2.2,0.0,0.0,0.0,0.9806386673199412,0.9806386673199412,0.9507457324840766,2.0505,0.0
3368,2004-11-26,SZSE:000768,0.2502,1.0409,0.9785,1.0636,1.0136,1793.0681,1.0182,0.0,0.0,0.0,0.0,0.0,27.5371,47.7873,47.7874,0.0,0.0,0,2066.7612,56.1225,17.3393,0.0,0.0,2.3219,0.0,1.3567,1,39951.0,2.2,0.0,0.0,0.0,0.9571608223652609,0.9998391776347393,0.9528365837256222,1.3567,0.0
3369,2004-11-29,SZSE:000768,0.2502,1.05,0.9871,1.0591,1.0386,1808.7248,1.0409,0.0,0.0,0.0,0.0,0.0,27.5608,50.1542,50.1542,0.0,0.0,0,2082.4179,56.5476,17.4707,0.0,0.0,2.3395,0.0,4.2553,1,39951.0,2.2,0.0,0.0,0.0,0.9785451333333332,0.9956548666666666,0.9763829142857142,4.2553,0.0
3370,2004-11-30,SZSE:000768,0.2502,1.0364,0.9743,1.0523,1.025,1785.2372,1.0523,0.0,0.0,0.0,0.0,0.0,27.6652,46.7317,46.7317,0.0,0.0,0,2058.9303,55.9098,17.2736,0.0,0.0,2.3131,0.0,1.2298,1,39951.0,2.2,0.0,0.0,0.0,0.9892472886916249,0.9892472886916249,0.9635830760324199,1.2298,0.0
3371,2004-12-01,SZSE:000768,0.2502,1.025,0.9636,1.0432,1.0227,1765.6616,1.0409,0.0,0.0,0.0,0.0,0.0,27.4992,44.0346,44.0346,0.0,0.0,0,2039.3546,55.3782,17.1094,0.0,0.0,2.2911,0.0,1.2698,1,39951.0,2.2,0.0,0.0,0.0,0.9785475512195122,0.9807097756097561,0.9614377756097561,1.2698,0.0
3372,2004-12-02,SZSE:000768,0.2502,1.0318,0.97,1.0341,1.0159,1777.408,1.025,0.0,0.0,0.0,0.0,0.0,27.5039,46.0468,46.047,0.0,0.0,0,2051.101,55.6972,17.2079,0.0,0.0,2.3043,0.0,2.4505,1,39951.0,2.2,0.0,0.0,0.0,0.9636072882341538,0.9721622407443302,0.9550523357239775,2.4505,0.0
3373,2004-12-03,SZSE:000768,0.2596,1.05,0.9871,1.0568,1.0318,1808.7248,1.0409,0.0,0.0,0.0,0.0,0.0,27.6604,51.0953,51.0953,0.0,0.0,0,2082.4179,56.5476,17.4707,0.0,0.0,2.3395,0.0,2.8169,1,39951.0,2.2,0.0,0.0,0.0,0.9785451333333332,0.9934926476190474,0.9699902666666667,2.8169,0.0
3374,2004-12-06,SZSE:000768,0.2596,1.0568,0.9935,1.0568,1.0364,1820.4712,1.05,0.0,0.0,0.0,0.0,0.0,27.681,52.8764,52.8763,0.0,0.0,0,2094.1643,56.8666,17.5692,0.0,0.0,2.3527,0.0,1.8124,1,39951.0,2.2,0.0,0.0,0.0,0.9871073050719154,0.9935,0.9743219152157457,1.8124,0.0
3375,2004-12-07,SZSE:000768,0.2596,1.0432,0.9807,1.0636,1.0386,1796.9784,1.0568,0.0,0.0,0.0,0.0,0.0,27.779,49.0303,49.0304,0.0,0.0,0,2070.6715,56.2286,17.3721,0.0,0.0,2.3263,0.0,1.6346,1,39951.0,2.2,0.0,0.0,0.0,0.9934851993865031,0.9998777990797548,0.9763755943251534,1.6346,0.0
3376,2004-12-08,SZSE:000768,0.2596,1.05,0.9871,1.0568,1.0409,1808.7248,1.0546,0.0,0.0,0.0,0.0,0.0,27.7869,50.9514,50.9514,0.0,0.0,0,2082.4179,56.5476,17.4707,0.0,0.0,2.3395,0.0,1.6708,1,39951.0,2.2,0.0,0.0,0.0,0.9914244380952381,0.9934926476190474,0.9785451333333332,1.6708,0.0
3377,2004-12-09,SZSE:000768,0.2596,1.05,0.9871,1.0614,1.0364,1808.7248,1.0409,0.0,0.0,0.0,0.0,0.0,27.5166,50.9514,50.9514,0.0,0.0,0,2082.4179,56.5476,17.4707,0.0,0.0,2.3395,0.0,2.0708,1,39951.0,2.2,0.0,0.0,0.0,0.9785451333333332,0.9978170857142855,0.9743147047619046,2.0708,0.0
3378,2004-12-10,SZSE:000768,0.278,1.0182,0.9572,1.0568,1.0182,1753.9152,1.0477,0.0,0.0,0.0,0.0,0.0,28.0794,42.3197,42.3197,0.0,0.0,0,2027.6082,55.0593,17.0109,0.0,0.0,2.2779,0.0,1.8747,1,39951.0,2.2,0.0,0.0,0.0,0.9849326654881164,0.9934874877234335,0.9572,1.8747,0.0
3379,2004-12-13,SZSE:000768,0.278,1.0114,0.9507,1.0273,1.0,1742.1722,1.0182,0.0,0.0,0.0,0.0,0.0,27.4644,40.7278,40.7278,0.0,0.0,0,2015.8653,54.7404,16.9123,0.0,0.0,2.2647,0.0,0.9156,1,39951.0,2.2,0.0,0.0,0.0,0.9570918924263396,0.9656457484674709,0.9399841803440775,0.9156,0.0
3380,2004-12-14,SZSE:000768,0.278,1.0091,0.9486,1.0205,1.0023,1738.255,1.0114,0.0,0.0,0.0,0.0,0.0,26.707,40.1847,40.1847,0.0,0.0,0,2011.9481,54.634,16.8795,0.0,0.0,2.2603,0.0,1.3176,1,39951.0,2.2,0.0,0.0,0.0,0.9507621048459022,0.959316519670994,0.9422076900208105,1.3176,0.0
3381,2004-12-15,SZSE:000768,0.278,1.0114,0.9507,1.0182,1.0,1742.1722,1.0182,0.0,0.0,0.0,0.0,0.0,25.4026,41.0315,41.0316,0.0,0.0,0,2015.8653,54.7404,16.9123,0.0,0.0,2.2647,0.0,1.4737,1,39951.0,2.2,0.0,0.0,0.0,0.9570918924263396,0.9570918924263396,0.9399841803440775,1.4737,0.0
3382,2004-12-16,SZSE:000768,0.278,1.0091,0.9486,1.0296,0.9864,1738.255,1.0114,0.0,0.0,0.0,0.0,0.0,25.3899,40.4153,40.4154,0.0,0.0,0,2011.9481,54.634,16.8795,0.0,0.0,2.2603,0.0,1.8024,1,39951.0,2.2,0.0,0.0,0.0,0.9507621048459022,0.9678709344960856,0.9272609652165296,1.8024,0.0
3383,2004-12-17,SZSE:000768,0.2555,0.9977,0.9379,1.0091,0.9886,1718.6794,1.0,0.0,0.0,0.0,0.0,0.0,24.68,37.3935,37.3935,0.0,0.0,0,1992.3724,54.1024,16.7152,0.0,0.0,2.2383,0.0,1.4324,1,39951.0,2.2,0.0,0.0,0.0,0.940062142928736,0.9486167084293876,0.9293454344993485,1.4324,0.0
3384,2004-12-20,SZSE:000768,0.2555,1.0568,0.9935,1.0977,0.9864,1456.377,0.9909,0.0,0.0,0.0,0.0,0.0,26.8572,55.8706,55.8705,0.0,0.0,0,1730.0701,46.9797,14.5146,0.0,0.0,1.9436,0.0,21.0145,1,39951.0,2.2,0.0,0.0,0.0,0.9315472653292961,1.0319501797880395,0.9273168054504165,21.0145,0.0
3385,2004-12-21,SZSE:000768,0.2555,1.0273,0.9657,1.0545,1.0227,1415.6616,1.0432,0.0,0.0,0.0,0.0,0.0,27.2889,48.2096,48.2096,0.0,0.0,0,1689.3547,45.8741,14.173,0.0,0.0,1.8979,0.0,8.3014,1,39951.0,2.2,0.0,0.0,0.0,0.9806465881436773,0.9912690061325805,0.9613758298452252,8.3014,0.0
3386,2004-12-22,SZSE:000768,0.2555,1.0614,0.9978,1.0636,1.0159,1462.6404,1.0295,0.0,0.0,0.0,0.0,0.0,27.8344,55.7493,55.7493,0.0,0.0,0,1736.3334,47.1498,14.5672,0.0,0.0,1.9507,0.0,6.9249,1,39951.0,2.2,0.0,0.0,0.0,0.9678114754098363,0.9998681741096667,0.9550263990955343,6.9249,0.0
3387,2004-12-23,SZSE:000768,0.2555,1.0295,0.9678,1.0591,1.025,1418.7912,1.0591,0.0,0.0,0.0,0.0,0.0,27.896,48.6326,48.6326,0.0,0.0,0,1692.4843,45.959,14.1993,0.0,0.0,1.9014,0.0,3.1538,1,39951.0,2.2,0.0,0.0,0.0,0.995626012627489,0.995626012627489,0.9635696940262262,3.1538,0.0
3388,2004-12-24,SZSE:000768,0.2461,1.0159,0.955,1.0455,1.0,1400.0011,1.0273,0.0,0.0,0.0,0.0,0.0,27.7885,45.9271,45.927,0.0,0.0,0,1673.6942,45.4488,14.0417,0.0,0.0,1.8803,0.0,3.5176,1,39951.0,2.2,0.0,0.0,0.0,0.965716605965154,0.9828255733832071,0.9400531548380746,3.5176,0.0
3389,2004-12-27,SZSE:000768,0.2461,0.9977,0.9379,1.0205,0.9909,1374.9435,1.0068,0.0,0.0,0.0,0.0,0.0,27.9008,42.5291,42.5291,0.0,0.0,0,1648.6366,44.7684,13.8314,0.0,0.0,1.8521,0.0,2.5125,1,39951.0,2.2,0.0,0.0,0.0,0.9464545655006513,0.9593334168587749,0.9315075774280845,2.5125,0.0
3390,2004-12-28,SZSE:000768,0.2461,1.0,0.9401,1.0159,0.9955,1378.0772,0.9955,0.0,0.0,0.0,0.0,0.0,27.8439,43.0962,43.0962,0.0,0.0,0,1651.7703,44.8535,13.8577,0.0,0.0,1.8557,0.0,1.8269,1,39951.0,2.2,0.0,0.0,0.0,0.93586955,0.9550475900000001,0.93586955,1.8269,0.0
3391,2004-12-29,SZSE:000768,0.2461,1.0023,0.9422,1.0136,0.9909,1381.2096,1.0068,0.0,0.0,0.0,0.0,0.0,26.9869,43.6941,43.694,0.0,0.0,0,1654.9027,44.9385,13.884,0.0,0.0,1.8592,0.0,1.8282,1,39951.0,2.2,0.0,0.0,0.0,0.9464301706076025,0.9528224284146465,0.9314835677940737,1.8282,0.0
3392,2004-12-30,SZSE:000768,0.2461,0.9955,0.9358,1.0091,0.9909,1371.8125,1.0,0.0,0.0,0.0,0.0,0.0,26.9774,42.2594,42.2593,0.0,0.0,0,1645.5056,44.6833,13.8052,0.0,0.0,1.8486,0.0,1.5999,1,39951.0,2.2,0.0,0.0,0.0,0.9400301356102461,0.9485844098442994,0.9314758613761929,1.5999,0.0
3393,2004-12-31,SZSE:000768,0.2843,0.9955,0.9358,1.0068,0.9886,1371.8125,1.0045,0.0,0.0,0.0,0.0,0.0,26.7718,42.2594,42.2593,0.0,0.0,0,1645.5056,44.6833,13.8052,0.0,0.0,1.8486,0.0,1.4066,1,39951.0,2.2,0.0,0.0,0.0,0.944260271220492,0.9464223405323956,0.9293137920642892,1.4066,0.0
3394,2005-01-03,SZSE:000768,0.2843,0.0,0.9358,0.0,0.0,1371.8125,0.0,0.0,0.0,0.0,0.0,0.0,26.7718,42.2594,42.2593,0.0,0.0,0,1645.5056,44.6833,13.8052,0.0,0.0,1.8486,0.0,0.0,1,39951.0,2.2,0.0,0.0,0.0,0.0,0.0,0.0,0.0,0.0
3395,2005-01-04,SZSE:000768,0.2843,0.9614,0.9037,0.9886,0.9545,1324.8338,0.9886,0.0,0.0,0.0,0.0,0.0,27.7253,35.5006,35.5005,0.0,0.0,0,1598.5268,43.4077,13.411,0.0,0.0,1.7958,0.0,3.3,1,39951.0,2.2,0.0,0.0,0.0,0.929267547326815,0.929267547326815,0.8972141148325359,3.3,0.0
3396,2005-01-05,SZSE:000768,0.2843,0.975,0.9166,0.9818,0.95,1343.6239,0.9659,0.0,0.0,0.0,0.0,0.0,27.915,39.6576,39.6576,0.0,0.0,0,1617.3169,43.9179,13.5687,0.0,0.0,1.817,0.0,1.5796,1,39951.0,2.2,0.0,0.0,0.0,0.9080450666666666,0.9229926974358974,0.8930974358974358,1.5796,0.0
3397,2005-01-06,SZSE:000768,0.2843,0.9705,0.9123,0.9795,0.9568,1337.3605,0.9727,0.0,0.0,0.0,0.0,0.0,27.915,38.7608,38.7609,0.0,0.0,0,1611.0536,43.7478,13.5161,0.0,0.0,1.8099,0.0,1.2419,1,39951.0,2.2,0.0,0.0,0.0,0.9143680680061823,0.9207602782071097,0.8994215765069551,1.2419,0.0
3398,2005-01-07,SZSE:000768,0.2809,0.9818,0.923,0.9841,0.9659,1353.021,0.9705,0.0,0.0,0.0,0.0,0.0,28.0478,42.2756,42.2757,0.0,0.0,0,1626.7141,44.1731,13.6475,0.0,0.0,1.8275,0.0,1.2374,1,39951.0,2.2,0.0,0.0,0.0,0.9123767569769811,0.9251622530046854,0.9080522509676106,1.2374,0.0
3399,2005-01-10,SZSE:000768,0.2809,0.9886,0.9294,0.9886,0.9727,1362.4154,0.9818,0.0,0.0,0.0,0.0,0.0,27.9672,44.3394,44.3394,0.0,0.0,0,1636.1084,44.4282,13.7263,0.0,0.0,1.8381,0.0,0.6324,1,39951.0,2.2,0.0,0.0,0.0,0.9230072021039853,0.9294,0.9144521343313777,0.6324,0.0
3400,2005-01-11,SZSE:000768,0.2809,0.9886,0.9294,0.9909,0.975,1362.4154,0.9886,0.0,0.0,0.0,0.0,0.0,27.9719,44.3394,44.3394,0.0,0.0,0,1636.1084,44.4282,13.7263,0.0,0.0,1.8381,0.0,1.2074,1,39951.0,2.2,0.0,0.0,0.0,0.9294,0.9315622698765932,0.9166144042079708,1.2074,0.0
3401,2005-01-12,SZSE:000768,0.2809,0.9864,0.9272,0.9932,0.9727,1359.2844,0.9818,0.0,0.0,0.0,0.0,0.0,27.9703,43.735,43.7349,0.0,0.0,0,1632.9774,44.3431,13.7001,0.0,0.0,1.8346,0.0,0.7951,1,39951.0,2.2,0.0,0.0,0.0,0.9228760746147607,0.9335918896999188,0.9143222222222221,0.7951,0.0
3402,2005-01-13,SZSE:000768,0.2809,0.9841,0.9251,0.9909,0.9727,1356.152,0.9773,0.0,0.0,0.0,0.0,0.0,27.7869,43.102,43.1019,0.0,0.0,0,1629.8451,44.2581,13.6738,0.0,0.0,1.831,0.0,1.2677,1,39951.0,2.2,0.0,0.0,0.0,0.9187076821461233,0.9314923178538768,0.9143834671273245,1.2677,0.0
3403,2005-01-14,SZSE:000768,0.3003,0.9773,0.9187,0.9955,0.9727,1346.7549,0.9818,0.0,0.0,0.0,0.0,0.0,27.7933,41.1766,41.1765,0.0,0.0,0,1620.4479,44.0029,13.5949,0.0,0.0,1.8205,0.0,0.9573,1,39951.0,2.2,0.0,0.0,0.0,0.9229301749718611,0.9358087076639722,0.9143758211398751,0.9573,0.0
3404,2005-01-17,SZSE:000768,0.3003,0.9455,0.8888,0.9818,0.9455,1302.9099,0.9705,0.0,0.0,0.0,0.0,0.0,27.9988,33.6283,33.6283,0.0,0.0,0,1576.6029,42.8123,13.2271,0.0,0.0,1.7712,0.0,1.6905,1,39951.0,2.2,0.0,0.0,0.0,0.9123007932310946,0.9229231517715495,0.8888,1.6905,0.0
3405,2005-01-18,SZSE:000768,0.3003,0.9682,0.9102,0.9682,0.9432,1334.2267,0.9455,0.0,0.0,0.0,0.0,0.0,28.1964,41.8306,41.8306,0.0,0.0,0,1607.9198,43.6627,13.4898,0.0,0.0,1.8064,0.0,1.464,1,39951.0,2.2,0.0,0.0,0.0,0.8888598430076431,0.9102,0.8866976244577567,1.464,0.0
3406,2005-01-19,SZSE:000768,0.3003,0.9659,0.908,0.9705,0.9455,1331.0985,0.9614,0.0,0.0,0.0,0.0,0.0,27.9466,41.2818,41.2818,0.0,0.0,0,1604.7916,43.5778,13.4636,0.0,0.0,1.8029,0.0,0.8644,1,39951.0,2.2,0.0,0.0,0.0,0.9037697484211616,0.9123242571694793,0.8888228595092661,0.8644,0.0
3407,2005-01-20,SZSE:000768,0.3003,0.9455,0.8888,0.9591,0.9432,1302.9099,0.9545,0.0,0.0,0.0,0.0,0.0,28.2123,36.6196,36.6195,0.0,0.0,0,1576.6029,42.8123,13.2271,0.0,0.0,1.7712,0.0,0.9992,1,39951.0,2.2,0.0,0.0,0.0,0.8972602855631941,0.9015844315177155,0.8866379270227394,0.9992,0.0
3408,2005-01-21,SZSE:000768,0.301,0.9659,0.908,0.9682,0.9318,1331.0985,0.9318,0.0,0.0,0.0,0.0,0.0,28.255,43.4923,43.4923,0.0,0.0,0,1604.7916,43.5778,13.4636,0.0,0.0,1.8029,0.0,1.8672,1,39951.0,2.2,0.0,0.0,0.0,0.8759440935914692,0.9101621285847397,0.8759440935914692,1.8672,0.0
3409,2005-01-24,SZSE:000768,0.301,0.9727,0.9144,0.9909,0.9682,1340.4915,0.9795,0.0,0.0,0.0,0.0,0.0,27.6889,45.6087,45.6086,0.0,0.0,0,1614.1846,43.8328,13.5424,0.0,0.0,1.8134,0.0,2.3733,1,39951.0,2.2,0.0,0.0,0.0,0.9207924334327131,0.9315091600699085,0.9101697131695281,2.3733,0.0
3410,2005-01-25,SZSE:000768,0.301,0.9614,0.9037,0.9727,0.9523,1324.8338,0.9727,0.0,0.0,0.0,0.0,0.0,27.6178,42.7353,42.7351,0.0,0.0,0,1598.5268,43.4077,13.411,0.0,0.0,1.7958,0.0,1.1824,1,39951.0,2.2,0.0,0.0,0.0,0.9143218119409194,0.9143218119409194,0.8951461514458081,1.1824,0.0
3411,2005-01-26,SZSE:000768,0.301,0.9545,0.8973,0.9682,0.9432,1315.4352,0.9591,0.0,0.0,0.0,0.0,0.0,27.6399,41.063,41.0629,0.0,0.0,0,1589.1283,43.1524,13.3322,0.0,0.0,1.7853,0.0,1.4034,1,39951.0,2.2,0.0,0.0,0.0,0.9016243373493975,0.9101790047145102,0.8866771712938711,1.4034,0.0
3412,2005-01-27,SZSE:000768,0.301,0.9295,0.8738,0.9545,0.9273,1280.9846,0.9545,0.0,0.0,0.0,0.0,0.0,27.7016,35.5685,35.5686,0.0,0.0,0,1554.6777,42.2169,13.0431,0.0,0.0,1.7466,0.0,2.0079,1,39951.0,2.2,0.0,0.0,0.0,0.8973018827326521,0.8973018827326521,0.8717318343195267,2.0079,0.0
3413,2005-01-28,SZSE:000768,0.3163,0.8932,0.8396,0.9364,0.8886,1230.8707,0.9295,0.0,0.0,0.0,0.0,0.0,28.617,29.4049,29.4048,0.0,0.0,0,1504.5638,40.8561,12.6227,0.0,0.0,1.6903,0.0,3.4082,1,39951.0,2.2,0.0,0.0,0.0,0.8737216748768473,0.8802076130765787,0.8352760412001792,3.4082,0.0
3414,2005-01-31,SZSE:000768,0.3163,0.8614,0.8097,0.8886,0.8477,1187.0258,0.8886,0.0,0.0,0.0,0.0,0.0,29.2764,25.2777,25.2776,0.0,0.0,0,1460.7188,39.6655,12.2549,0.0,0.0,1.641,0.0,4.1147,1,39951.0,2.2,0.0,0.0,0.0,0.8352674947759461,0.8352674947759461,0.7968222544694682,4.1147,0.0
3415,2005-02-01,SZSE:000768,0.3163,0.8591,0.8076,0.8773,0.85,1183.892,0.85,0.0,0.0,0.0,0.0,0.0,29.1056,25.0075,25.0075,0.0,0.0,0,1457.5851,39.5804,12.2286,0.0,0.0,1.6375,0.0,1.3282,1,39951.0,2.2,0.0,0.0,0.0,0.7990455127458969,0.8247089745082061,0.7990455127458969,1.3282,0.0
3416,2005-02-02,SZSE:000768,0.3163,0.8955,0.8418,0.9068,0.8614,1234.0045,0.8636,0.0,0.0,0.0,0.0,0.0,30.2836,36.6651,36.665,0.0,0.0,0,1507.6976,40.9412,12.649,0.0,0.0,1.6938,0.0,2.6573,1,39951.0,2.2,0.0,0.0,0.0,0.8118129313232831,0.8524223785594641,0.8097448576214407,2.6573,0.0
3417,2005-02-03,SZSE:000768,0.3163,0.8773,0.8247,0.9114,0.8705,1208.9496,0.9091,0.0,0.0,0.0,0.0,0.0,30.3832,33.8333,33.8332,0.0,0.0,0,1482.6427,40.2608,12.4388,0.0,0.0,1.6657,0.0,1.6386,1,39951.0,2.2,0.0,0.0,0.0,0.8545933774079562,0.8567554770318021,0.8183077054599339,1.6386,0.0
3418,2005-02-04,SZSE:000768,0.3132,0.8909,0.8375,0.8955,0.8727,1227.7425,0.8727,0.0,0.0,0.0,0.0,0.0,30.2677,37.7188,37.7186,0.0,0.0,0,1501.4356,40.7712,12.5965,0.0,0.0,1.6868,0.0,0.0,1,39951.0,2.2,0.0,0.0,0.0,0.8203908968458862,0.8418242788191715,0.8203908968458862,0.0,0.0
3419,2005-02-07,SZSE:000768,0.3132,0.0,0.8375,0.0,0.0,1227.7425,0.0,0.0,0.0,0.0,0.0,0.0,30.2677,37.7188,37.7186,0.0,0.0,0,1501.4356,40.7712,12.5965,0.0,0.0,1.6868,0.0,0.0,1,39951.0,2.2,0.0,0.0,0.0,0.0,0.0,0.0,0.0,0.0
3420,2005-02-08,SZSE:000768,0.3132,0.0,0.8375,0.0,0.0,1227.7425,0.0,0.0,0.0,0.0,0.0,0.0,30.2677,37.7188,37.7186,0.0,0.0,0,1501.4356,40.7712,12.5965,0.0,0.0,1.6868,0.0,0.0,1,39951.0,2.2,0.0,0.0,0.0,0.0,0.0,0.0,0.0,0.0
3421,2005-02-09,SZSE:000768,0.3132,0.0,0.8375,0.0,0.0,1227.7425,0.0,0.0,0.0,0.0,0.0,0.0,30.2677,37.7188,37.7186,0.0,0.0,0,1501.4356,40.7712,12.5965,0.0,0.0,1.6868,0.0,0.0,1,39951.0,2.2,0.0,0.0,0.0,0.0,0.0,0.0,0.0,0.0
3422,2005-02-10,SZSE:000768,0.3132,0.0,0.8375,0.0,0.0,1227.7425,0.0,0.0,0.0,0.0,0.0,0.0,30.2677,37.7188,37.7186,0.0,0.0,0,1501.4356,40.7712,12.5965,0.0,0.0,1.6868,0.0,0.0,1,39951.0,2.2,0.0,0.0,0.0,0.0,0.0,0.0,0.0,0.0
3423,2005-02-11,SZSE:000768,0.2969,0.0,0.8375,0.0,0.0,1227.7425,0.0,0.0,0.0,0.0,0.0,0.0,30.2677,37.7188,37.7186,0.0,0.0,0,1501.4356,40.7712,12.5965,0.0,0.0,1.6868,0.0,0.0,1,39951.0,2.2,0.0,0.0,0.0,0.0,0.0,0.0,0.0,0.0
3424,2005-02-14,SZSE:000768,0.2969,0.0,0.8375,0.0,0.0,1227.7425,0.0,0.0,0.0,0.0,0.0,0.0,30.2677,37.7188,37.7186,0.0,0.0,0,1501.4356,40.7712,12.5965,0.0,0.0,1.6868,0.0,0.0,1,39951.0,2.2,0.0,0.0,0.0,0.0,0.0,0.0,0.0,0.0
3425,2005-02-15,SZSE:000768,0.2969,0.0,0.8375,0.0,0.0,1227.7425,0.0,0.0,0.0,0.0,0.0,0.0,30.2677,37.7188,37.7186,0.0,0.0,0,1501.4356,40.7712,12.5965,0.0,0.0,1.6868,0.0,0.0,1,39951.0,2.2,0.0,0.0,0.0,0.0,0.0,0.0,0.0,0.0
3426,2005-02-16,SZSE:000768,0.2969,0.9045,0.8503,0.9114,0.8977,1246.5326,0.9,0.0,0.0,0.0,0.0,0.0,30.9208,41.4228,41.4227,0.0,0.0,0,1520.2257,41.2814,12.7541,0.0,0.0,1.7079,0.0,1.5583,1,39951.0,2.2,0.0,0.0,0.0,0.8460696517412934,0.8567865339966831,0.8439074737423992,1.5583,0.0
3427,2005-02-17,SZSE:000768,0.2969,0.9091,0.8546,0.9159,0.8977,1252.796,0.9045,0.0,0.0,0.0,0.0,0.0,30.837,42.6472,42.6472,0.0,0.0,0,1526.4891,41.4515,12.8067,0.0,0.0,1.7149,0.0,1.4285,1,39951.0,2.2,0.0,0.0,0.0,0.8502757672423276,0.8609923440765593,0.8438834231657684,1.4285,0.0
3428,2005-02-18,SZSE:000768,0.3313,0.9091,0.8546,0.9205,0.9068,1252.796,0.9159,0.0,0.0,0.0,0.0,0.0,30.8275,42.6472,42.6472,0.0,0.0,0,1526.4891,41.4515,12.8067,0.0,0.0,1.7149,0.0,1.27,1,39951.0,2.2,0.0,0.0,0.0,0.8609923440765593,0.8653165768342317,0.8524378836211638,1.27,0.0
3429,2005-02-21,SZSE:000768,0.3313,0.9182,0.8632,0.9205,0.9045,1265.3241,0.9045,0.0,0.0,0.0,0.0,0.0,30.4401,45.2996,45.2996,0.0,0.0,0,1539.0172,41.7917,12.9118,0.0,0.0,1.729,0.0,1.663,1,39951.0,2.2,0.0,0.0,0.0,0.8503206273143105,0.8653622304508821,0.8503206273143105,1.663,0.0
3430,2005-02-22,SZSE:000768,0.3313,0.9341,0.8781,0.9341,0.9091,1287.248,0.9182,0.0,0.0,0.0,0.0,0.0,30.5919,49.6848,49.6848,0.0,0.0,0,1560.9411,42.387,13.0957,0.0,0.0,1.7536,0.0,3.188,1,39951.0,2.2,0.0,0.0,0.0,0.8631532170003211,0.8781,0.8545987688684294,3.188,0.0
3431,2005-02-23,SZSE:000768,0.3313,0.9455,0.8888,0.9477,0.9273,1302.9099,0.9341,0.0,0.0,0.0,0.0,0.0,30.7247,52.6078,52.6078,0.0,0.0,0,1576.6029,42.8123,13.2271,0.0,0.0,1.7712,0.0,3.2327,1,39951.0,2.2,0.0,0.0,0.0,0.878083638286621,0.8908680698043364,0.8716914225277631,3.2327,0.0
3432,2005-02-24,SZSE:000768,0.3313,0.9409,0.8845,0.9477,0.9205,1296.6451,0.9409,0.0,0.0,0.0,0.0,0.0,29.9531,51.3234,51.3233,0.0,0.0,0,1570.3382,42.6422,13.1745,0.0,0.0,1.7642,0.0,2.893,1,39951.0,2.2,0.0,0.0,0.0,0.8845,0.8908923902646403,0.8653228292060793,2.893,0.0
3433,2005-02-25,SZSE:000768,0.3559,0.9386,0.8824,0.9545,0.9318,1293.5127,0.9409,0.0,0.0,0.0,0.0,0.0,29.8867,50.6575,50.6576,0.0,0.0,0,1567.2058,42.5571,13.1483,0.0,0.0,1.7607,0.0,3.4838,1,39951.0,2.2,0.0,0.0,0.0,0.884562284253143,0.8973479650543362,0.8760071595994033,3.4838,0.0
3434,2005-02-28,SZSE:000768,0.3559,0.9523,0.8952,0.9682,0.9295,1312.3056,0.9386,0.0,0.0,0.0,0.0,0.0,29.7381,54.4741,54.4741,0.0,0.0,0,1585.9987,43.0675,13.3059,0.0,0.0,1.7818,0.0,4.3869,1,39951.0,2.2,0.0,0.0,0.0,0.8823214533235324,0.9101466344639294,0.8737670902026672,4.3869,0.0
3435,2005-03-01,SZSE:000768,0.3559,0.95,0.8931,0.9545,0.9341,1309.1732,0.9432,0.0,0.0,0.0,0.0,0.0,30.0258,53.7282,53.7284,0.0,0.0,0,1582.8663,42.9824,13.2796,0.0,0.0,1.7783,0.0,2.6881,1,39951.0,2.2,0.0,0.0,0.0,0.8867072842105264,0.8973304736842105,0.8781523263157895,2.6881,0.0
3436,2005-03-02,SZSE:000768,0.3559,0.9523,0.8952,0.9909,0.9409,1312.3056,0.9568,0.0,0.0,0.0,0.0,0.0,29.9879,54.4006,54.4006,0.0,0.0,0,1585.9987,43.0675,13.3059,0.0,0.0,1.7818,0.0,8.4516,1,39951.0,2.2,0.0,0.0,0.0,0.8994301795652629,0.931485540270923,0.8844835451013335,8.4516,0.0
3437,2005-03-03,SZSE:000768,0.3559,0.95,0.8931,0.9545,0.9386,1309.1732,0.95,0.0,0.0,0.0,0.0,0.0,29.7112,53.5623,53.5626,0.0,0.0,0,1582.8663,42.9824,13.2796,0.0,0.0,1.7783,0.0,1.9182,1,39951.0,2.2,0.0,0.0,0.0,0.8931,0.8973304736842105,0.8823828,1.9182,0.0
3438,2005-03-04,SZSE:000768,0.3395,0.9295,0.8738,0.95,0.9273,1280.9846,0.95,0.0,0.0,0.0,0.0,0.0,29.7412,46.6025,46.6026,0.0,0.0,0,1554.6777,42.2169,13.0431,0.0,0.0,1.7466,0.0,2.7296,1,39951.0,2.2,0.0,0.0,0.0,0.8930715438407746,0.8930715438407746,0.8717318343195267,2.7296,0.0
3439,2005-03-07,SZSE:000768,0.3395,0.95,0.8931,0.9636,0.9273,1309.1732,0.9273,0.0,0.0,0.0,0.0,0.0,30.2867,53.1574,53.1576,0.0,0.0,0,1582.8663,42.9824,13.2796,0.0,0.0,1.7783,0.0,3.8572,1,39951.0,2.2,0.0,0.0,0.0,0.8717596105263159,0.9058854315789474,0.8717596105263159,3.8572,0.0
3440,2005-03-08,SZSE:000768,0.3395,0.9636,0.9059,0.9636,0.9432,1327.9634,0.9545,0.0,0.0,0.0,0.0,0.0,30.4259,56.9509,56.951,0.0,0.0,0,1601.6564,43.4926,13.4373,0.0,0.0,1.7994,0.0,2.149,1,39951.0,2.2,0.0,0.0,0.0,0.8973449045246991,0.9059,0.8867215442092155,2.149,0.0
3441,2005-03-09,SZSE:000768,0.3395,0.9659,0.908,0.9682,0.9341,1331.0985,0.9545,0.0,0.0,0.0,0.0,0.0,30.4353,57.5684,57.5685,0.0,0.0,0,1604.7916,43.5778,13.4636,0.0,0.0,1.8029,0.0,9.0063,1,39951.0,2.2,0.0,0.0,0.0,0.8972833626669429,0.9101621285847397,0.8781062221762088,9.0063,0.0
3442,2005-03-10,SZSE:000768,0.3395,0.9364,0.8802,0.9636,0.9295,1290.3818,0.9636,0.0,0.0,0.0,0.0,0.0,30.448,47.9494,47.9494,0.0,0.0,0,1564.0748,42.4721,13.122,0.0,0.0,1.7571,0.0,4.5016,1,39951.0,2.2,0.0,0.0,0.0,0.9057675352413499,0.9057675352413499,0.873714117898334,4.5016,0.0
3443,2005-03-11,SZSE:000768,0.434,0.9318,0.876,0.9386,0.9091,1284.117,0.9364,0.0,0.0,0.0,0.0,0.0,30.1839,46.6577,46.6575,0.0,0.0,0,1557.8101,42.302,13.0694,0.0,0.0,1.7501,0.0,2.09,1,39951.0,2.2,0.0,0.0,0.0,0.8803245331616226,0.8823927881519639,0.8546593689632969,2.09,0.0
3444,2005-03-14,SZSE:000768,0.434,0.9523,0.8952,0.9614,0.9227,1312.3056,0.9295,0.0,0.0,0.0,0.0,0.0,30.8275,52.8171,52.817,0.0,0.0,0,1585.9987,43.0675,13.3059,0.0,0.0,1.7818,0.0,5.6847,1,39951.0,2.2,0.0,0.0,0.0,0.8737670902026672,0.9037543631208652,0.867374818859603,5.6847,0.0
3445,2005-03-15,SZSE:000768,0.434,0.9864,0.9272,1.0,0.9409,1359.2844,0.9523,0.0,0.0,0.0,0.0,0.0,31.7572,60.9168,60.9169,0.0,0.0,0,1632.9774,44.3431,13.7001,0.0,0.0,1.8346,0.0,14.3464,1,39951.0,2.2,0.0,0.0,0.0,0.8951465531224656,0.9399837793998378,0.8844307380373073,14.3464,0.0
3446,2005-03-16,SZSE:000768,0.434,1.0523,0.9892,1.0841,1.0227,1450.1109,1.0227,0.0,0.0,0.0,0.0,0.0,34.6064,71.2077,71.2079,0.0,0.0,0,1627.3422,22.0726,8.8344,0.0,0.0,1.6167,0.0,45.7395,1,39951.0,2.2,0.0,0.0,0.0,0.9613749311032975,1.0190931483417278,0.9613749311032975,45.7395,0.0
3447,2005-03-17,SZSE:000768,0.434,1.0205,0.9593,1.05,1.0045,1406.2659,1.025,0.0,0.0,0.0,0.0,0.0,35.1503,62.634,62.6342,0.0,0.0,0,1583.4972,21.4779,8.5964,0.0,0.0,1.5731,0.0,19.5672,1,39951.0,2.2,0.0,0.0,0.0,0.963530132288094,0.98703086722195,0.9442595296423322,19.5672,0.0
3448,2005-03-18,SZSE:000768,0.2594,1.0386,0.9764,1.0682,1.0114,1431.3194,1.0205,0.0,0.0,0.0,0.0,0.0,35.0222,65.2116,65.2117,0.0,0.0,0,1608.5507,21.8177,8.7324,0.0,0.0,1.598,0.0,17.7055,1,39951.0,2.2,0.0,0.0,0.0,0.9593839784325053,1.0042273059888314,0.9508289620643176,17.7055,0.0
3449,2005-03-21,SZSE:000768,0.2594,1.0773,1.0127,1.0795,1.025,1484.5656,1.0455,0.0,0.0,0.0,0.0,0.0,33.4948,69.9552,69.9553,0.0,0.0,0,1661.797,22.5399,9.0214,0.0,0.0,1.6509,0.0,15.1245,1,39951.0,2.2,0.0,0.0,0.0,0.9828068783068784,1.0147680776014107,0.9635361552028218,15.1245,0.0
3450,2005-03-22,SZSE:000768,0.2594,1.0409,0.9785,1.0864,1.0341,1434.4545,1.0841,0.0,0.0,0.0,0.0,0.0,33.5945,61.4613,61.4615,0.0,0.0,0,1611.6859,21.8602,8.7494,0.0,0.0,1.6011,0.0,10.9887,1,39951.0,2.2,0.0,0.0,0.0,1.0191102411374773,1.0212723604572966,0.9721076472283602,10.9887,0.0
3451,2005-03-23,SZSE:000768,0.2594,1.0273,0.9657,1.0477,1.0,1415.6616,1.0341,0.0,0.0,0.0,0.0,0.0,33.0869,58.5883,58.5883,0.0,0.0,0,1592.893,21.6053,8.6474,0.0,0.0,1.5824,0.0,9.655,1,39951.0,2.2,0.0,0.0,0.0,0.9720922515331452,0.9848767545994354,0.9400369901684025,9.655,0.0
3452,2005-03-24,SZSE:000768,0.2594,1.0455,0.9828,1.0523,1.0136,1440.7165,1.0136,0.0,0.0,0.0,0.0,0.0,33.166,61.1929,61.1929,0.0,0.0,0,1617.9478,21.9452,8.7834,0.0,0.0,1.6073,0.0,6.2655,1,39951.0,2.2,0.0,0.0,0.0,0.9528130846484936,0.9891921951219511,0.9528130846484936,6.2655,0.0
3453,2005-03-25,SZSE:000768,0.2113,1.0682,1.0042,1.1136,1.0636,1472.0361,1.0727,0.0,0.0,0.0,0.0,0.0,33.1612,64.2221,64.2221,0.0,0.0,0,1649.2675,22.37,8.9534,0.0,0.0,1.6384,0.0,24.0282,1,39951.0,2.2,0.0,0.0,0.0,1.008430387567871,1.046879910129189,0.9998756038195096,24.0282,0.0
3454,2005-03-28,SZSE:000768,0.2113,1.0795,1.0148,1.0841,1.0273,1487.6966,1.0636,0.0,0.0,0.0,0.0,0.0,33.2703,65.6653,65.6654,0.0,0.0,0,1664.928,22.5824,9.0384,0.0,0.0,1.654,0.0,8.3277,1,39951.0,2.2,0.0,0.0,0.0,0.9998529689671145,1.0191242982862436,0.9657286150995832,8.3277,0.0
3455,2005-03-29,SZSE:000768,0.2113,1.0614,0.9978,1.0841,1.0591,1462.6404,1.0636,0.0,0.0,0.0,0.0,0.0,33.4948,61.3979,61.398,0.0,0.0,0,1639.8717,22.2425,8.9024,0.0,0.0,1.6291,0.0,6.9037,1,39951.0,2.2,0.0,0.0,0.0,0.9998681741096667,1.0191397964951954,0.9956378179762578,6.9037,0.0
3456,2005-03-30,SZSE:000768,0.2113,1.0364,0.9743,1.0614,1.0205,1428.1898,1.0614,0.0,0.0,0.0,0.0,0.0,33.8664,56.0085,56.0084,0.0,0.0,0,1605.4211,21.7752,8.7154,0.0,0.0,1.5949,0.0,8.7951,1,39951.0,2.2,0.0,0.0,0.0,0.997802026244693,0.997802026244693,0.9593527113083752,8.7951,0.0
3457,2005-03-31,SZSE:000768,0.2113,1.05,0.9871,1.0523,1.0227,1446.9799,1.0227,0.0,0.0,0.0,0.0,0.0,33.966,58.1654,58.1655,0.0,0.0,0,1624.2112,22.0301,8.8174,0.0,0.0,1.6135,0.0,5.7076,1,39951.0,2.2,0.0,0.0,0.0,0.9614353999999998,0.9892622190476189,0.9614353999999998,5.7076,0.0
3458,2005-04-01,SZSE:000768,0.1391,1.0727,1.0084,1.0864,1.0273,1478.2995,1.0477,0.0,0.0,0.0,0.0,0.0,33.9328,61.5496,61.5496,0.0,0.0,0,1655.5308,22.4549,8.9874,0.0,0.0,1.6447,0.0,10.8489,1,39951.0,2.2,0.0,0.0,0.0,0.9848985550480097,1.0212787918336907,0.9657213759671857,10.8489,0.0
3459,2005-04-04,SZSE:000768,0.1391,1.0523,0.9892,1.0705,1.0455,1450.1109,1.0636,0.0,0.0,0.0,0.0,0.0,33.3431,57.0745,57.0746,0.0,0.0,0,1627.3422,22.0726,8.8344,0.0,0.0,1.6167,0.0,5.9739,1,39951.0,2.2,0.0,0.0,0.0,0.9998224080585385,1.0063086572270266,0.9828077544426495,5.9739,0.0
3460,2005-04-05,SZSE:000768,0.1391,1.0273,0.9657,1.0636,1.025,1415.6616,1.0523,0.0,0.0,0.0,0.0,0.0,33.6609,52.0901,52.0901,0.0,0.0,0,1592.893,21.6053,8.6474,0.0,0.0,1.5824,0.0,5.4929,1,39951.0,2.2,0.0,0.0,0.0,0.98920092475421,0.9998233427431129,0.9635379149226125,5.4929,0.0
3461,2005-04-06,SZSE:000768,0.1391,1.05,0.9871,1.0545,1.0227,1446.9799,1.0227,0.0,0.0,0.0,0.0,0.0,33.9218,55.8638,55.8638,0.0,0.0,0,1624.2112,22.0301,8.8174,0.0,0.0,1.6135,0.0,5.0205,1,39951.0,2.2,0.0,0.0,0.0,0.9614353999999998,0.9913304285714285,0.9614353999999998,5.0205,0.0
3462,2005-04-07,SZSE:000768,0.1391,1.0659,1.002,1.0955,1.0455,1468.9051,1.05,0.0,0.0,0.0,0.0,0.0,33.9755,58.3379,58.3379,0.0,0.0,0,1646.1365,22.3275,8.9364,0.0,0.0,1.6353,0.0,10.9019,1,39951.0,2.2,0.0,0.0,0.0,0.987053194483535,1.0298254995778213,0.982822966507177,10.9019,0.0
3463,2005-04-08,SZSE:000768,0.1498,1.0932,1.0277,1.0955,1.0568,1506.4881,1.0682,0.0,0.0,0.0,0.0,0.0,34.0372,62.2448,62.2449,0.0,0.0,0,1683.7195,22.8373,9.1404,0.0,0.0,1.6727,0.0,9.1608,1,39951.0,2.2,0.0,0.0,0.0,1.0041978960848885,1.0298621935601902,0.9934809366995976,9.1608,0.0
3464,2005-04-11,SZSE:000768,0.1498,1.0773,1.0127,1.1023,1.0705,1484.5656,1.0886,0.0,0.0,0.0,0.0,0.0,34.4925,58.7821,58.782,0.0,0.0,0,1661.797,22.5399,9.0214,0.0,0.0,1.6509,0.0,7.5152,1,39951.0,2.2,0.0,0.0,0.0,1.0233223985890652,1.0362008818342152,1.0063077601410935,7.5152,0.0
3465,2005-04-12,SZSE:000768,0.1498,1.0636,0.9999,1.0841,1.0614,1465.7714,1.0682,0.0,0.0,0.0,0.0,0.0,34.6143,55.9105,55.9105,0.0,0.0,0,1643.0027,22.285,8.9194,0.0,0.0,1.6322,0.0,3.4705,1,39951.0,2.2,0.0,0.0,0.0,1.0042245016923654,1.0191722358029334,0.9978317600601728,3.4705,0.0
3466,2005-04-13,SZSE:000768,0.1498,1.0909,1.0255,1.1068,1.0682,1503.3571,1.0682,0.0,0.0,0.0,0.0,0.0,34.9653,60.1076,60.1076,0.0,0.0,0,1680.5885,22.7948,9.1234,0.0,0.0,1.6696,0.0,7.7659,1,39951.0,2.2,0.0,0.0,0.0,1.0041608763406362,1.0404467870565588,1.0041608763406362,7.7659,0.0
3467,2005-04-14,SZSE:000768,0.1498,1.0659,1.002,1.0909,1.0636,1468.9051,1.0864,0.0,0.0,0.0,0.0,0.0,35.3116,54.9444,54.9443,0.0,0.0,0,1646.1365,22.3275,8.9364,0.0,0.0,1.6353,0.0,4.7648,1,39951.0,2.2,0.0,0.0,0.0,1.0212710385589643,1.0255012665353223,0.9998378834787505,4.7648,0.0
3468,2005-04-15,SZSE:000768,0.159,1.0545,0.9913,1.0841,1.05,1453.2446,1.05,0.0,0.0,0.0,0.0,0.0,35.0918,52.7272,52.7271,0.0,0.0,0,1630.476,22.1151,8.8514,0.0,0.0,1.6198,0.0,5.1335,1,39951.0,2.2,0.0,0.0,0.0,0.9870697012802276,1.0191259649122808,0.9870697012802276,5.1335,0.0
3469,2005-04-18,SZSE:000768,0.159,0.0,0.9913,0.0,0.0,1453.2446,0.0,0.0,0.0,0.0,0.0,0.0,35.0918,52.7272,52.7271,0.0,0.0,0,1630.476,22.1151,8.8514,0.0,0.0,1.6198,0.0,0.0,1,39951.0,2.2,0.0,0.0,0.0,0.0,0.0,0.0,0.0,0.0
3470,2005-04-19,SZSE:000768,0.159,1.0273,0.9657,1.0523,1.0227,1415.6616,1.0341,0.0,0.0,0.0,0.0,0.0,35.1171,47.7476,47.7475,0.0,0.0,0,1592.893,21.6053,8.6474,0.0,0.0,1.5824,0.0,5.1283,1,39951.0,2.2,0.0,0.0,0.0,0.9720922515331452,0.98920092475421,0.9613758298452252,5.1283,0.0
3471,2005-04-20,SZSE:000768,0.159,1.0091,0.9486,1.0364,1.0068,1390.604,1.025,0.0,0.0,0.0,0.0,0.0,35.0222,44.7154,44.7154,0.0,0.0,0,1567.8353,21.2655,8.5113,0.0,0.0,1.5575,0.0,3.1209,1,39951.0,2.2,0.0,0.0,0.0,0.9635467248042809,0.9742632444752748,0.9464378951540975,3.1209,0.0
3472,2005-04-21,SZSE:000768,0.159,1.0136,0.9529,1.0227,0.9955,1396.8687,1.0045,0.0,0.0,0.0,0.0,0.0,34.7582,45.6448,45.6447,0.0,0.0,0,1574.1001,21.3504,8.5453,0.0,0.0,1.5638,0.0,3.4321,1,39951.0,2.2,0.0,0.0,0.0,0.9443449585635358,0.961455041436464,0.9358839285714285,3.4321,0.0
3473,2005-04-22,SZSE:000768,0.1509,1.0318,0.97,1.0568,1.025,1421.9264,1.0273,0.0,0.0,0.0,0.0,0.0,34.6285,49.315,49.3151,0.0,0.0,0,1653.7411,19.6854,8.2302,0.0,0.0,1.5897,0.0,4.4525,1,39951.0,2.2,0.0,0.0,0.0,0.9657695289784842,0.9935026167861988,0.9636072882341538,4.4525,0.0
3474,2005-04-25,SZSE:000768,0.1509,1.0591,0.9956,1.0591,1.0159,1459.508,1.0273,0.0,0.0,0.0,0.0,0.0,35.2025,54.2991,54.2991,0.0,0.0,0,1691.3227,20.1328,8.4172,0.0,0.0,1.6258,0.0,4.3706,1,39951.0,2.2,0.0,0.0,0.0,0.9657066188273064,0.9956,0.9549901236899255,4.3706,0.0
3475,2005-04-26,SZSE:000768,0.1509,1.0727,1.0084,1.0773,1.0477,1478.2995,1.0568,0.0,0.0,0.0,0.0,0.0,35.2262,56.5974,56.5975,0.0,0.0,0,1710.1142,20.3565,8.5107,0.0,0.0,1.6439,0.0,3.6704,1,39951.0,2.2,0.0,0.0,0.0,0.9934530810105342,1.0127242658711662,0.9848985550480097,3.6704,0.0
3476,2005-04-27,SZSE:000768,0.1509,1.0727,1.0084,1.0864,1.0568,1478.2995,1.0795,0.0,0.0,0.0,0.0,0.0,34.6886,56.5974,56.5975,0.0,0.0,0,1710.1142,20.3565,8.5107,0.0,0.0,1.6439,0.0,4.978,1,39951.0,2.2,0.0,0.0,0.0,1.0147923930269411,1.0212787918336907,0.9934530810105342,4.978,0.0
3477,2005-04-28,SZSE:000768,0.1509,1.1091,1.0426,1.1114,1.0568,1528.4134,1.0682,0.0,0.0,0.0,0.0,0.0,34.0593,62.4396,62.4395,0.0,0.0,0,1760.2281,20.953,8.7601,0.0,0.0,1.6921,0.0,10.6529,1,39951.0,2.2,0.0,0.0,0.0,1.004152303669642,1.0447620953926606,0.9934358308538453,10.6529,0.0
3478,2005-04-29,SZSE:000768,0.0613,1.0795,1.0148,1.1114,1.0773,1487.6966,1.1091,0.0,0.0,0.0,0.0,0.0,34.3676,55.8605,55.8605,0.0,0.0,0,1719.5114,20.4683,8.5575,0.0,0.0,1.6529,0.0,0.0,1,39951.0,2.2,0.0,0.0,0.0,1.042625919407133,1.0447880685502546,1.0127318573413617,0.0,0.0
3479,2005-05-02,SZSE:000768,0.0613,0.0,1.0148,0.0,0.0,1487.6966,0.0,0.0,0.0,0.0,0.0,0.0,34.3676,55.8605,55.8605,0.0,0.0,0,1719.5114,20.4683,8.5575,0.0,0.0,1.6529,0.0,0.0,1,39951.0,2.2,0.0,0.0,0.0,0.0,0.0,0.0,0.0,0.0
3480,2005-05-03,SZSE:000768,0.0613,0.0,1.0148,0.0,0.0,1487.6966,0.0,0.0,0.0,0.0,0.0,0.0,34.3676,55.8605,55.8605,0.0,0.0,0,1719.5114,20.4683,8.5575,0.0,0.0,1.6529,0.0,0.0,1,39951.0,2.2,0.0,0.0,0.0,0.0,0.0,0.0,0.0,0.0
3481,2005-05-04,SZSE:000768,0.0613,0.0,1.0148,0.0,0.0,1487.6966,0.0,0.0,0.0,0.0,0.0,0.0,34.3676,55.8605,55.8605,0.0,0.0,0,1719.5114,20.4683,8.5575,0.0,0.0,1.6529,0.0,0.0,1,39951.0,2.2,0.0,0.0,0.0,0.0,0.0,0.0,0.0,0.0
3482,2005-05-05,SZSE:000768,0.0613,0.0,1.0148,0.0,0.0,1487.6966,0.0,0.0,0.0,0.0,0.0,0.0,34.3676,55.8605,55.8605,0.0,0.0,0,1719.5114,20.4683,8.5575,0.0,0.0,1.6529,0.0,0.0,1,39951.0,2.2,0.0,0.0,0.0,0.0,0.0,0.0,0.0,0.0
3483,2005-05-06,SZSE:000768,0.0681,0.0,1.0148,0.0,0.0,1487.6966,0.0,0.0,0.0,0.0,0.0,0.0,34.3676,55.8605,55.8605,0.0,0.0,0,1719.5114,20.4683,8.5575,0.0,0.0,1.6529,0.0,0.0,1,39951.0,2.2,0.0,0.0,0.0,0.0,0.0,0.0,0.0,0.0
3484,2005-05-09,SZSE:000768,0.0681,1.025,0.9636,1.0773,1.0227,1412.5292,1.075,0.0,0.0,0.0,0.0,0.0,35.1535,46.1856,46.1855,0.0,0.0,0,1644.344,19.5736,8.1834,0.0,0.0,1.5807,0.0,4.7199,1,39951.0,2.2,0.0,0.0,0.0,1.0106048780487806,1.0127671024390243,0.9614377756097561,4.7199,0.0
3485,2005-05-10,SZSE:000768,0.0681,1.0477,0.9849,1.0545,1.0182,1443.8475,1.0182,0.0,0.0,0.0,0.0,0.0,35.0665,50.0661,50.0661,0.0,0.0,0,1675.6622,19.9464,8.3393,0.0,0.0,1.6108,0.0,3.2858,1,39951.0,2.2,0.0,0.0,0.0,0.9571682542712607,0.9912924024052687,0.9571682542712607,3.2858,0.0
3486,2005-05-11,SZSE:000768,0.0681,1.0636,0.9999,1.0818,1.0477,1465.7714,1.05,0.0,0.0,0.0,0.0,0.0,34.8357,52.6407,52.6407,0.0,0.0,0,1697.5861,20.2073,8.4484,0.0,0.0,1.6319,0.0,3.9293,1,39951.0,2.2,0.0,0.0,0.0,0.9871145167356148,1.0170099849567507,0.9849522658894321,3.9293,0.0
3487,2005-05-12,SZSE:000768,0.0681,1.0409,0.9785,1.0636,1.0227,1434.4545,1.0636,0.0,0.0,0.0,0.0,0.0,34.9131,48.7723,48.7724,0.0,0.0,0,1666.2692,19.8346,8.2925,0.0,0.0,1.6017,0.0,3.6384,1,39951.0,2.2,0.0,0.0,0.0,0.9998391776347393,0.9998391776347393,0.9613910558170814,3.6384,0.0
3488,2005-05-13,SZSE:000768,0.047,1.0545,0.9913,1.0591,1.0318,1453.2446,1.0341,0.0,0.0,0.0,0.0,0.0,34.6665,51.0945,51.0944,0.0,0.0,0,1685.0594,20.0582,8.386,0.0,0.0,1.6198,0.0,3.2395,1,39951.0,2.2,0.0,0.0,0.0,0.9721226458036984,0.9956243053579895,0.9699604931247037,3.2395,0.0
3489,2005-05-16,SZSE:000768,0.047,1.0318,0.97,1.075,1.0205,1421.9264,1.0636,0.0,0.0,0.0,0.0,0.0,34.9479,47.2499,47.25,0.0,0.0,0,1653.7411,19.6854,8.2302,0.0,0.0,1.5897,0.0,5.6238,1,39951.0,2.2,0.0,0.0,0.0,0.9998953285520449,1.0106125218065516,0.959376817212638,5.6238,0.0
3490,2005-05-17,SZSE:000768,0.047,1.0327,0.9708,1.0582,1.0218,1423.1791,1.0218,0.0,0.0,0.0,0.0,0.0,104.722,47.4204,47.4203,0.0,0.0,0,1654.9938,19.7003,8.2364,0.0,0.0,1.5909,0.0,2.7952,1,39951.0,2.2,0.0,0.0,0.0,0.9605533455989156,0.9947715309383172,0.9605533455989156,2.7952,0.0
3491,2005-05-18,SZSE:000768,0.047,1.0327,0.9708,1.04,1.0036,1423.1791,1.0182,0.0,0.0,0.0,0.0,0.0,104.722,47.4204,47.4203,0.0,0.0,0,1654.9938,19.7003,8.2364,0.0,0.0,1.5909,0.0,2.5519,1,39951.0,2.2,0.0,0.0,0.0,0.9571691294664473,0.9776624382686163,0.9434442529292147,2.5519,0.0
3492,2005-05-19,SZSE:000768,0.047,1.0473,0.9845,1.0509,1.0109,1443.2191,1.0327,0.0,0.0,0.0,0.0,0.0,103.8824,50.3938,50.3937,0.0,0.0,0,1675.0338,19.9389,8.3361,0.0,0.0,1.6102,0.0,3.1498,1,39951.0,2.2,0.0,0.0,0.0,0.9707754702568511,0.9878841306215984,0.9502826792705051,3.1498,0.0
3493,2005-05-20,SZSE:000768,0.0117,1.0364,0.9743,1.0582,1.0291,1428.1898,1.0473,0.0,0.0,0.0,0.0,0.0,102.9875,48.1927,48.1926,0.0,0.0,0,1660.0045,19.76,8.2613,0.0,0.0,1.5957,0.0,2.8533,1,39951.0,2.2,0.0,0.0,0.0,0.984546883442686,0.9947937668853726,0.9674374083365496,2.8533,0.0
3494,2005-05-23,SZSE:000768,0.0117,1.0145,0.9537,1.0364,1.0109,1398.1187,1.0364,0.0,0.0,0.0,0.0,0.0,104.6113,44.0471,44.047,0.0,0.0,0,1629.9334,19.402,8.1117,0.0,0.0,1.5668,0.0,1.8186,1,39951.0,2.2,0.0,0.0,0.0,0.9742875110892065,0.9742875110892065,0.9503157516017742,1.8186,0.0
3495,2005-05-24,SZSE:000768,0.0117,1.0255,0.964,1.04,1.0109,1413.1535,1.0145,0.0,0.0,0.0,0.0,0.0,104.6761,46.5239,46.5239,0.0,0.0,0,1644.9682,19.581,8.1865,0.0,0.0,1.5813,0.0,1.7325,1,39951.0,2.2,0.0,0.0,0.0,0.9536596782057531,0.9776304241833251,0.9502755728912724,1.7325,0.0
3496,2005-05-25,SZSE:000768,0.0117,1.0291,0.9674,1.04,1.0182,1418.1642,1.0218,0.0,0.0,0.0,0.0,0.0,104.6935,47.3602,47.3602,0.0,0.0,0,1649.9789,19.6406,8.2114,0.0,0.0,1.5861,0.0,1.3894,1,39951.0,2.2,0.0,0.0,0.0,0.9605376736954622,0.9776464872218446,0.9571535127781557,1.3894,0.0
3497,2005-05-26,SZSE:000768,0.0117,1.0145,0.9537,1.04,1.0073,1398.1187,1.0291,0.0,0.0,0.0,0.0,0.0,103.7844,44.3707,44.3706,0.0,0.0,0,1629.9334,19.402,8.1117,0.0,0.0,1.5668,0.0,1.7289,1,39951.0,2.2,0.0,0.0,0.0,0.9674250073928043,0.9776717594874322,0.9469315032035487,1.7289,0.0
3498,2005-05-27,SZSE:000768,-0.006,1.0109,0.9503,1.0291,1.0036,1393.1093,1.0145,0.0,0.0,0.0,0.0,0.0,102.8879,43.6295,43.6294,0.0,0.0,0,1624.9241,19.3424,8.0868,0.0,0.0,1.562,0.0,1.7488,1,39951.0,2.2,0.0,0.0,0.0,0.9536841923038877,0.9674089722029875,0.9434376100504502,1.7488,0.0
3499,2005-05-30,SZSE:000768,-0.006,1.0182,0.9572,1.0255,1.0036,1403.1335,1.0109,0.0,0.0,0.0,0.0,0.0,102.8341,45.5882,45.5882,0.0,0.0,0,1634.9482,19.4617,8.1366,0.0,0.0,1.5716,0.0,1.227,1,39951.0,2.2,0.0,0.0,0.0,0.9503373404046356,0.9640626595953644,0.9434746808092713,1.227,0.0
3500,2005-05-31,SZSE:000768,-0.006,1.0327,0.9708,1.0364,1.0182,1423.1791,1.0218,0.0,0.0,0.0,0.0,0.0,102.0483,49.3764,49.3764,0.0,0.0,0,1654.9938,19.7003,8.2364,0.0,0.0,1.5909,0.0,2.4967,1,39951.0,2.2,0.0,0.0,0.0,0.9605533455989156,0.974278222136148,0.9571691294664473,2.4967,0.0
3501,2005-06-01,SZSE:000768,-0.006,1.0036,0.9435,1.0364,1.0036,1383.0866,1.0327,0.0,0.0,0.0,0.0,0.0,102.1447,42.9376,42.9376,0.0,0.0,0,1614.9013,19.2231,8.0369,0.0,0.0,1.5524,0.0,1.6867,1,39951.0,2.2,0.0,0.0,0.0,0.9708573634914308,0.9743357911518532,0.9435,1.6867,0.0
3502,2005-06-02,SZSE:000768,-0.006,0.9673,0.9093,1.0109,0.9527,1332.9768,1.0,0.0,0.0,0.0,0.0,0.0,102.3076,36.5264,36.5263,0.0,0.0,0,1564.7916,18.6266,7.7875,0.0,0.0,1.5042,0.0,3.9377,1,39951.0,2.2,0.0,0.0,0.0,0.940039284606637,0.9502857128088492,0.8955754264447431,3.9377,0.0
3503,2005-06-03,SZSE:000768,-0.0361,0.9309,0.8751,0.9818,0.9018,1282.8643,0.9673,0.0,0.0,0.0,0.0,0.0,102.4926,31.4664,31.4663,0.0,0.0,0,1514.6791,18.0301,7.5381,0.0,0.0,1.456,0.0,6.6506,1,39951.0,2.2,0.0,0.0,0.0,0.9093181115049952,0.9229489526264905,0.8477443119561715,6.6506,0.0
3504,2005-06-06,SZSE:000768,-0.0361,0.9418,0.8854,0.9491,0.9164,1297.895,0.9236,0.0,0.0,0.0,0.0,0.0,102.5321,34.4017,34.4016,0.0,0.0,0,1529.7098,18.209,7.6129,0.0,0.0,1.4705,0.0,2.4405,1,39951.0,2.2,0.0,0.0,0.0,0.8682899129326821,0.8922628371204078,0.8615210872796772,2.4405,0.0
3505,2005-06-07,SZSE:000768,-0.0361,0.9491,0.8922,0.9709,0.9418,1307.9164,0.9455,0.0,0.0,0.0,0.0,0.0,102.4009,36.3589,36.3587,0.0,0.0,0,1539.7312,18.3283,7.6628,0.0,0.0,1.4801,0.0,3.8634,1,39951.0,2.2,0.0,0.0,0.0,0.8888158255189126,0.9126930565799178,0.8853376461911284,3.8634,0.0
3506,2005-06-08,SZSE:000768,-0.0361,1.0327,0.9708,1.04,0.9564,1423.1791,0.9636,0.0,0.0,0.0,0.0,0.0,104.0326,53.5315,53.5315,0.0,0.0,0,1654.9938,19.7003,8.2364,0.0,0.0,1.5909,0.0,9.813,1,39951.0,2.2,0.0,0.0,0.0,0.9058418514573449,0.9776624382686163,0.8990734191924082,9.813,0.0
3507,2005-06-09,SZSE:000768,-0.0361,1.0509,0.9879,1.0691,1.0073,1448.2339,1.0327,0.0,0.0,0.0,0.0,0.0,104.1338,56.2924,56.2923,0.0,0.0,0,1680.0487,19.9986,8.3611,0.0,0.0,1.615,0.0,13.5392,1,39951.0,2.2,0.0,0.0,0.0,0.9707910648015987,1.0050089351984013,0.9469137596345991,13.5392,0.0
3508,2005-06-10,SZSE:000768,-0.0977,1.0618,0.9982,1.1164,1.0582,1463.2646,1.0582,0.0,0.0,0.0,0.0,0.0,104.0627,57.908,57.9081,0.0,0.0,0,1695.0794,20.1775,8.4359,0.0,0.0,1.6294,0.0,16.5645,1,39951.0,2.2,0.0,0.0,0.0,0.9948156338293463,1.0495295535882465,0.9948156338293463,16.5645,0.0
3509,2005-06-13,SZSE:000768,-0.0977,1.0655,1.0016,1.08,1.0436,1468.2795,1.0655,0.0,0.0,0.0,0.0,0.0,104.0785,58.4598,58.4599,0.0,0.0,0,1700.0942,20.2372,8.4609,0.0,0.0,1.6343,0.0,5.5048,1,39951.0,2.2,0.0,0.0,0.0,1.0016,1.0152304082590335,0.981013383388081,5.5048,0.0
3510,2005-06-14,SZSE:000768,-0.0977,1.0582,0.9948,1.1127,1.0582,1458.2567,1.0836,0.0,0.0,0.0,0.0,0.0,103.9235,56.8557,56.8556,0.0,0.0,0,1690.0714,20.1179,8.411,0.0,0.0,1.6246,0.0,8.9416,1,39951.0,2.2,0.0,0.0,0.0,1.018678208278208,1.0460347382347384,0.9948,8.9416,0.0
3511,2005-06-15,SZSE:000768,-0.0977,1.0327,0.9708,1.0582,1.0218,1423.1791,1.0545,0.0,0.0,0.0,0.0,0.0,103.6326,51.527,51.527,0.0,0.0,0,1654.9938,19.7003,8.2364,0.0,0.0,1.5909,0.0,4.8108,1,39951.0,2.2,0.0,0.0,0.0,0.991293308802169,0.9947715309383172,0.9605533455989156,4.8108,0.0
3512,2005-06-16,SZSE:000768,-0.0977,1.0873,1.0221,1.0982,1.0255,1498.3464,1.0291,0.0,0.0,0.0,0.0,0.0,103.28,60.1468,60.1468,0.0,0.0,0,1730.1612,20.5951,8.6105,0.0,0.0,1.6632,0.0,6.5415,1,39951.0,2.2,0.0,0.0,0.0,0.9673899659707532,1.032346380943622,0.9640058401545113,6.5415,0.0
3513,2005-06-17,SZSE:000768,-0.0919,1.0836,1.0187,1.1055,1.0764,1493.3316,1.0945,0.0,0.0,0.0,0.0,0.0,103.1677,59.388,59.388,0.0,0.0,0,1725.1463,20.5354,8.5855,0.0,0.0,1.6583,0.0,8.2791,1,39951.0,2.2,0.0,0.0,0.0,1.0289471668512367,1.0392883444075305,1.0119312292358804,8.2791,0.0
3514,2005-06-20,SZSE:000768,-0.0919,1.1164,1.0495,1.1164,1.0618,1538.4334,1.0618,0.0,0.0,0.0,0.0,0.0,103.3195,63.8099,63.8099,0.0,0.0,0,1770.2481,21.0723,8.81,0.0,0.0,1.7017,0.0,9.9846,1,39951.0,2.2,0.0,0.0,0.0,0.9981718917950556,1.0495,0.9981718917950556,9.9846,0.0
3515,2005-06-21,SZSE:000768,-0.0919,1.0945,1.0289,1.1164,1.0909,1508.3664,1.1164,0.0,0.0,0.0,0.0,0.0,102.9606,59.1836,59.1836,0.0,0.0,0,1740.1812,20.7144,8.6604,0.0,0.0,1.6728,0.0,5.7478,1,39951.0,2.2,0.0,0.0,0.0,1.0494874006395614,1.0494874006395614,1.0255157697578803,5.7478,0.0
3516,2005-06-22,SZSE:000768,-0.0919,1.0873,1.0221,1.1091,1.0727,1498.3464,1.0909,0.0,0.0,0.0,0.0,0.0,102.8104,57.6827,57.6827,0.0,0.0,0,1730.1612,20.5951,8.6105,0.0,0.0,1.6632,0.0,4.111,1,39951.0,2.2,0.0,0.0,0.0,1.0254841258162422,1.0425927618872437,1.0083754897452406,4.111,0.0
3517,2005-06-23,SZSE:000768,-0.0919,1.0836,1.0187,1.0909,1.0618,1493.3316,1.0909,0.0,0.0,0.0,0.0,0.0,102.8056,56.9049,56.9049,0.0,0.0,0,1725.1463,20.5354,8.5855,0.0,0.0,1.6583,0.0,5.9638,1,39951.0,2.2,0.0,0.0,0.0,1.0255627814691768,1.0255627814691768,0.9982056662975268,5.9638,0.0
3518,2005-06-24,SZSE:000768,-0.0832,1.0909,1.0255,1.0909,1.0727,1503.3557,1.0836,0.0,0.0,0.0,0.0,0.0,102.7203,58.1205,58.1205,0.0,0.0,0,1735.1705,20.6547,8.6354,0.0,0.0,1.668,0.0,4.7183,1,39951.0,2.2,0.0,0.0,0.0,1.0186376386469886,1.0255,1.0083910990924925,4.7183,0.0
3519,2005-06-27,SZSE:000768,-0.0832,1.1309,1.0631,1.1382,1.1018,1558.4789,1.12,0.0,0.0,0.0,0.0,0.0,102.9337,64.1152,64.1151,0.0,0.0,0,1790.2937,21.3109,8.9097,0.0,0.0,1.721,0.0,15.1523,1,39951.0,2.2,0.0,0.0,0.0,1.0528534795295783,1.0699623485719338,1.0357446104872223,15.1523,0.0
3520,2005-06-28,SZSE:000768,-0.0832,1.1127,1.046,1.1309,1.1018,1533.4213,1.1309,0.0,0.0,0.0,0.0,0.0,102.8863,59.9166,59.9166,0.0,0.0,0,1765.236,21.0126,8.785,0.0,0.0,1.6969,0.0,5.913,1,39951.0,2.2,0.0,0.0,0.0,1.063109014109823,1.063109014109823,1.0357533926485125,5.913,0.0
3521,2005-06-29,SZSE:000768,-0.0832,1.1127,1.046,1.1236,1.1018,1533.4213,1.1127,0.0,0.0,0.0,0.0,0.0,102.8768,59.9166,59.9166,0.0,0.0,0,1765.236,21.0126,8.785,0.0,0.0,1.6969,0.0,4.0149,1,39951.0,2.2,0.0,0.0,0.0,1.046,1.0562466073514873,1.0357533926485125,4.0149,0.0
3522,2005-06-30,SZSE:000768,-0.0832,1.0655,1.0016,1.1127,1.0618,1468.2795,1.1127,0.0,0.0,0.0,0.0,0.0,103.0903,50.0374,50.0375,0.0,0.0,0,1700.0942,20.2372,8.4609,0.0,0.0,1.6343,0.0,7.8104,1,39951.0,2.2,0.0,0.0,0.0,1.045969328953543,1.045969328953543,0.9981218958235573,7.8104,0.0
3523,2005-07-01,SZSE:000768,-0.0863,1.0727,1.0084,1.0836,1.0545,1478.3009,1.0618,0.0,0.0,0.0,0.0,0.0,103.7543,51.3659,51.366,0.0,0.0,0,1710.1156,20.3565,8.5107,0.0,0.0,1.6439,0.0,6.2094,1,39951.0,2.2,0.0,0.0,0.0,0.9981533700009323,1.0186466299990677,0.9912909480749511,6.2094,0.0
3524,2005-07-04,SZSE:000768,-0.0863,1.0509,0.9879,1.0691,1.0182,1448.2339,1.0691,0.0,0.0,0.0,0.0,0.0,103.7607,47.302,47.3019,0.0,0.0,0,1680.0487,19.9986,8.3611,0.0,0.0,1.615,0.0,4.7399,1,39951.0,2.2,0.0,0.0,0.0,1.0050089351984013,1.0050089351984013,0.9571603197259493,4.7399,0.0
3525,2005-07-05,SZSE:000768,-0.0863,1.0582,0.9948,1.0582,1.0218,1458.2567,1.0291,0.0,0.0,0.0,0.0,0.0,103.7496,48.7574,48.7573,0.0,0.0,0,1690.0714,20.1179,8.411,0.0,0.0,1.6246,0.0,2.3044,1,39951.0,2.2,0.0,0.0,0.0,0.9674434700434699,0.9948,0.9605808353808355,2.3044,0.0
3526,2005-07-06,SZSE:000768,-0.0863,1.08,1.0153,1.0836,1.04,1488.3209,1.04,0.0,0.0,0.0,0.0,0.0,103.7322,52.9546,52.9546,0.0,0.0,0,1720.1356,20.4758,8.5606,0.0,0.0,1.6535,0.0,4.601,1,39951.0,2.2,0.0,0.0,0.0,0.9776962962962963,1.0186843333333333,0.9776962962962963,4.601,0.0
3527,2005-07-07,SZSE:000768,-0.0863,1.08,1.0153,1.0982,1.0655,1488.3209,1.0727,0.0,0.0,0.0,0.0,0.0,103.6373,52.9546,52.9546,0.0,0.0,0,1720.1356,20.4758,8.5606,0.0,0.0,1.6535,0.0,4.951,1,39951.0,2.2,0.0,0.0,0.0,1.008437324074074,1.0324096851851854,1.0016686574074074,4.951,0.0
3528,2005-07-08,SZSE:000768,-0.0815,1.0618,0.9982,1.0764,1.04,1463.2646,1.0764,0.0,0.0,0.0,0.0,0.0,103.4223,49.0697,49.0698,0.0,0.0,0,1695.0794,20.1775,8.4359,0.0,0.0,1.6294,0.0,3.9894,1,39951.0,2.2,0.0,0.0,0.0,1.0119254850254285,1.0119254850254285,0.9777057826332642,3.9894,0.0
3529,2005-07-11,SZSE:000768,-0.0815,1.0618,0.9982,1.1127,1.0545,1463.2646,1.1127,0.0,0.0,0.0,0.0,0.0,103.4286,49.0697,49.0698,0.0,0.0,0,1695.0794,20.1775,8.4359,0.0,0.0,1.6294,0.0,2.419,1,39951.0,2.2,0.0,0.0,0.0,1.0460511772461856,1.0460511772461856,0.9913372574872856,2.419,0.0
3530,2005-07-12,SZSE:000768,-0.0815,1.0909,1.0255,1.0982,1.0473,1503.3557,1.0473,0.0,0.0,0.0,0.0,0.0,103.6769,55.1724,55.1724,0.0,0.0,0,1735.1705,20.6547,8.6354,0.0,0.0,1.668,0.0,4.5745,1,39951.0,2.2,0.0,0.0,0.0,0.984513841782015,1.0323623613530115,0.984513841782015,4.5745,0.0
3531,2005-07-13,SZSE:000768,-0.0815,1.0945,1.0289,1.1091,1.0727,1508.3664,1.1018,0.0,0.0,0.0,0.0,0.0,103.4745,55.8839,55.8839,0.0,0.0,0,1740.1812,20.7144,8.6604,0.0,0.0,1.6728,0.0,6.2014,1,39951.0,2.2,0.0,0.0,0.0,1.0357624668798535,1.0426249337597076,1.0084066057560528,6.2014,0.0
3532,2005-07-14,SZSE:000768,-0.0815,1.1127,1.046,1.1236,1.0836,1533.4213,1.0909,0.0,0.0,0.0,0.0,0.0,103.544,59.3575,59.3575,0.0,0.0,0,1765.236,21.0126,8.785,0.0,0.0,1.6969,0.0,10.5106,1,39951.0,2.2,0.0,0.0,0.0,1.0255067852970252,1.0562466073514873,1.0186443785386896,10.5106,0.0
3533,2005-07-15,SZSE:000768,0.0018,1.12,1.0529,1.1418,1.1055,1543.4468,1.1055,0.0,0.0,0.0,0.0,0.0,103.5804,60.6913,60.6913,0.0,0.0,0,1775.2616,21.132,8.8349,0.0,0.0,1.7065,0.0,20.0845,1,39951.0,2.2,0.0,0.0,0.0,1.0392687053571428,1.073393946428571,1.0392687053571428,20.0845,0.0
3534,2005-07-18,SZSE:000768,0.0018,1.1127,1.046,1.1382,1.0982,1533.4213,1.1055,0.0,0.0,0.0,0.0,0.0,102.6981,58.6196,58.6196,0.0,0.0,0,1765.236,21.0126,8.785,0.0,0.0,1.6969,0.0,5.2074,1,39951.0,2.2,0.0,0.0,0.0,1.0392315988136964,1.0699714208681588,1.032369192055361,5.2074,0.0
3535,2005-07-19,SZSE:000768,0.0018,1.1164,1.0495,1.12,1.0945,1538.4334,1.1091,0.0,0.0,0.0,0.0,0.0,102.6412,59.3664,59.3663,0.0,0.0,0,1770.2481,21.0723,8.81,0.0,0.0,1.7017,0.0,4.844,1,39951.0,2.2,0.0,0.0,0.0,1.0426374507345038,1.0528842708706558,1.0289123522035115,4.844,0.0
3536,2005-07-20,SZSE:000768,0.0018,1.1055,1.0392,1.1236,1.0982,1523.4013,1.1055,0.0,0.0,0.0,0.0,0.0,102.6159,56.0966,56.0967,0.0,0.0,0,1755.216,20.8933,8.7352,0.0,0.0,1.6872,0.0,3.3749,1,39951.0,2.2,0.0,0.0,0.0,1.0392,1.0562144911804612,1.032337801899593,3.3749,0.0
3537,2005-07-21,SZSE:000768,0.0018,1.0909,1.0255,1.1127,1.0836,1503.3557,1.1018,0.0,0.0,0.0,0.0,0.0,102.6001,51.9849,51.9849,0.0,0.0,0,1735.1705,20.6547,8.6354,0.0,0.0,1.668,0.0,4.1228,1,39951.0,2.2,0.0,0.0,0.0,1.0357465395544962,1.0459930791089926,1.0186376386469886,4.1228,0.0
3538,2005-07-22,SZSE:000768,-0.0036,1.1455,1.0768,1.1745,1.0909,1578.5231,1.1091,0.0,0.0,0.0,0.0,0.0,103.1076,62.9512,62.9513,0.0,0.0,0,1810.3378,21.5495,9.0095,0.0,0.0,1.7402,0.0,18.6787,1,39951.0,2.2,0.0,0.0,0.0,1.0425830467044959,1.104060759493671,1.0254745700567438,18.6787,0.0
3539,2005-07-25,SZSE:000768,-0.0036,1.1564,1.0871,1.1782,1.1309,1593.5594,1.1564,0.0,0.0,0.0,0.0,0.0,102.9432,64.6886,64.6887,0.0,0.0,0,1825.3741,21.7285,9.0843,0.0,0.0,1.7547,0.0,12.9827,1,39951.0,2.2,0.0,0.0,0.0,1.0871,1.1075935835351087,1.0631281476997578,12.9827,0.0
3540,2005-07-26,SZSE:000768,-0.0036,1.1927,1.1212,1.2145,1.1491,1643.6705,1.1564,0.0,0.0,0.0,0.0,0.0,103.1535,69.7756,69.7756,0.0,0.0,0,1875.4852,22.325,9.3337,0.0,0.0,1.8029,0.0,18.1453,1,39951.0,2.2,0.0,0.0,0.0,1.087076113020877,1.1416931332271314,1.0802137335457365,18.1453,0.0
3541,2005-07-27,SZSE:000768,-0.0036,1.2145,1.1418,1.2145,1.1709,1673.736,1.2,0.0,0.0,0.0,0.0,0.0,103.2642,72.3493,72.3495,0.0,0.0,0,1905.5508,22.6829,9.4833,0.0,0.0,1.8318,0.0,10.8802,1,39951.0,2.2,0.0,0.0,0.0,1.128167970358172,1.1418,1.1008098970769864,10.8802,0.0
3542,2005-07-28,SZSE:000768,-0.0036,1.1964,1.1247,1.2436,1.1927,1648.6812,1.2036,0.0,0.0,0.0,0.0,0.0,102.9606,67.2128,67.2127,0.0,0.0,0,1880.4959,22.3846,9.3587,0.0,0.0,1.8077,0.0,14.6844,1,39951.0,2.2,0.0,0.0,0.0,1.1314685055165496,1.1690713139418256,1.1212217402206621,14.6844,0.0
3543,2005-07-29,SZSE:000768,0.0032,1.1891,1.1178,1.2109,1.1745,1638.6556,1.1927,0.0,0.0,0.0,0.0,0.0,102.8721,65.2175,65.2174,0.0,0.0,0,1870.4704,22.2653,9.3088,0.0,0.0,1.798,0.0,6.3755,1,39951.0,2.2,0.0,0.0,0.0,1.1211841392649904,1.1382928433268857,1.1040754352030948,6.3755,0.0
3544,2005-08-01,SZSE:000768,0.0032,1.2145,1.1418,1.2218,1.1927,1673.736,1.2,0.0,0.0,0.0,0.0,0.0,102.1621,68.717,68.717,0.0,0.0,0,1938.2904,21.3342,8.6113,0.0,0.0,1.7146,0.0,8.2505,1,39951.0,2.2,0.0,0.0,0.0,1.128167970358172,1.148663021819679,1.1213049485384932,8.2505,0.0
3545,2005-08-02,SZSE:000768,0.0032,1.2109,1.1383,1.2145,1.1891,1668.7253,1.2109,0.0,0.0,0.0,0.0,0.0,101.3225,67.6697,67.6695,0.0,0.0,0,1933.2797,21.2791,8.5891,0.0,0.0,1.7102,0.0,6.0539,1,39951.0,2.2,0.0,0.0,0.0,1.1383,1.1416841605417458,1.1178070278305392,6.0539,0.0
3546,2005-08-03,SZSE:000768,0.0032,1.2109,1.1383,1.2291,1.2,1668.7253,1.2109,0.0,0.0,0.0,0.0,0.0,100.5098,67.6697,67.6695,0.0,0.0,0,1933.2797,21.2791,8.5891,0.0,0.0,1.7102,0.0,9.1721,1,39951.0,2.2,0.0,0.0,0.0,1.1383,1.155408811627715,1.1280535139152696,9.1721,0.0
3547,2005-08-04,SZSE:000768,0.0032,1.1636,1.0939,1.2036,1.1564,1603.5794,1.2,0.0,0.0,0.0,0.0,0.0,99.9375,55.0251,55.0251,0.0,0.0,0,1868.1337,20.562,8.2996,0.0,0.0,1.6525,0.0,7.8882,1,39951.0,2.2,0.0,0.0,0.0,1.1281196287383983,1.1315039876246136,1.0871312822275698,7.8882,0.0
3548,2005-08-05,SZSE:000768,0.0122,1.2,1.1281,1.2,1.1527,1653.6905,1.1636,0.0,0.0,0.0,0.0,0.0,99.4173,61.0536,61.0535,0.0,0.0,0,1918.2449,21.1136,8.5223,0.0,0.0,1.6969,0.0,8.9446,1,39951.0,2.2,0.0,0.0,0.0,1.0938809666666667,1.1281,1.0836340583333335,8.9446,0.0
3549,2005-08-08,SZSE:000768,0.0122,1.2073,1.1349,1.2255,1.1782,1663.716,1.1964,0.0,0.0,0.0,0.0,0.0,98.6757,62.1468,62.1467,0.0,0.0,0,1928.2704,21.2239,8.5668,0.0,0.0,1.7057,0.0,11.4194,1,39951.0,2.2,0.0,0.0,0.0,1.1246536569204009,1.1520085728485048,1.107545084071896,11.4194,0.0
3550,2005-08-09,SZSE:000768,0.0122,1.2073,1.1349,1.2109,1.1855,1663.716,1.2073,0.0,0.0,0.0,0.0,0.0,98.252,62.1468,62.1467,0.0,0.0,0,1928.2704,21.2239,8.5668,0.0,0.0,1.7057,0.0,4.9732,1,39951.0,2.2,0.0,0.0,0.0,1.1349,1.1382841133106933,1.1144073138408017,4.9732,0.0
3551,2005-08-10,SZSE:000768,0.0122,1.2327,1.1588,1.2364,1.2073,1698.7909,1.2073,0.0,0.0,0.0,0.0,0.0,98.2425,66.0172,66.0172,0.0,0.0,0,1963.3453,21.61,8.7226,0.0,0.0,1.7367,0.0,10.1789,1,39951.0,2.2,0.0,0.0,0.0,1.1349227224791112,1.1622781860955627,1.1349227224791112,10.1789,0.0
3552,2005-08-11,SZSE:000768,0.0122,1.2255,1.152,1.2436,1.2109,1688.7709,1.24,0.0,0.0,0.0,0.0,0.0,98.165,64.0039,64.0039,0.0,0.0,0,1953.3253,21.4997,8.6781,0.0,0.0,1.7279,0.0,10.1688,1,39951.0,2.2,0.0,0.0,0.0,1.1656303549571603,1.1690144430844553,1.1382756425948592,10.1688,0.0
3553,2005-08-12,SZSE:000768,-0.0005,1.1782,1.1076,1.2255,1.1782,1623.6263,1.2255,0.0,0.0,0.0,0.0,0.0,98.3405,52.7421,52.7421,0.0,0.0,0,1888.1807,20.7827,8.3887,0.0,0.0,1.6703,0.0,10.6214,1,39951.0,2.2,0.0,0.0,0.0,1.1520656934306568,1.1520656934306568,1.1076,10.6214,0.0
3554,2005-08-15,SZSE:000768,-0.0005,1.2145,1.1418,1.2145,1.1636,1673.736,1.1745,0.0,0.0,0.0,0.0,0.0,98.5223,58.754,58.754,0.0,0.0,0,1938.2904,21.3342,8.6113,0.0,0.0,1.7146,0.0,5.07,1,39951.0,2.2,0.0,0.0,0.0,1.104194400988061,1.1418,1.0939468752573076,5.07,0.0
3555,2005-08-16,SZSE:000768,-0.0005,1.1782,1.1076,1.2218,1.16,1623.6263,1.2145,0.0,0.0,0.0,0.0,0.0,98.5935,51.6746,51.6745,0.0,0.0,0,1888.1807,20.7827,8.3887,0.0,0.0,1.6703,0.0,10.3856,1,39951.0,2.2,0.0,0.0,0.0,1.1417248344932946,1.1485874045153626,1.0904905788490917,10.3856,0.0
3556,2005-08-17,SZSE:000768,-0.0005,1.1964,1.1247,1.2,1.16,1648.6812,1.1709,0.0,0.0,0.0,0.0,0.0,36.3172,54.6189,54.6188,0.0,0.0,0,1913.2356,21.0585,8.5,0.0,0.0,1.6924,0.0,7.4835,1,39951.0,2.2,0.0,0.0,0.0,1.1007282096288868,1.1280842527582748,1.090481444332999,7.4835,0.0
3557,2005-08-18,SZSE:000768,-0.0005,1.1891,1.1178,1.2509,1.1855,1638.6556,1.2,0.0,0.0,0.0,0.0,0.0,36.352,53.2216,53.2215,0.0,0.0,0,1903.21,20.9481,8.4555,0.0,0.0,1.6836,0.0,19.8092,1,39951.0,2.2,0.0,0.0,0.0,1.1280464216634427,1.175894390715667,1.1144158607350094,19.8092,0.0
3558,2005-08-19,SZSE:000768,0.0018,1.1964,1.1247,1.2473,1.1636,1648.6812,1.1964,0.0,0.0,0.0,0.0,0.0,36.284,54.4758,54.4758,0.0,0.0,0,1913.2356,21.0585,8.5,0.0,0.0,1.6924,0.0,13.8187,1,39951.0,2.2,0.0,0.0,0.0,1.1247,1.1725495737211638,1.093865697091274,13.8187,0.0
3559,2005-08-22,SZSE:000768,0.0018,1.1964,1.1247,1.2073,1.1745,1648.6812,1.1964,0.0,0.0,0.0,0.0,0.0,36.2033,54.4758,54.4758,0.0,0.0,0,1913.2356,21.0585,8.5,0.0,0.0,1.6924,0.0,2.9487,1,39951.0,2.2,0.0,0.0,0.0,1.1247,1.1349467652958878,1.1041124623871617,2.9487,0.0
3560,2005-08-23,SZSE:000768,0.0018,1.2218,1.1486,1.2364,1.1745,1683.7561,1.1964,0.0,0.0,0.0,0.0,0.0,36.0863,58.9426,58.9426,0.0,0.0,0,1948.3104,21.4445,8.6558,0.0,0.0,1.7234,0.0,6.8047,1,39951.0,2.2,0.0,0.0,0.0,1.1247217547880177,1.162325290554919,1.1041338189556393,6.8047,0.0
3561,2005-08-24,SZSE:000768,0.0018,1.2327,1.1588,1.24,1.2145,1698.7909,1.2327,0.0,0.0,0.0,0.0,0.0,36.0721,60.7216,60.7216,0.0,0.0,0,1963.3453,21.61,8.7226,0.0,0.0,1.7367,0.0,9.6909,1,39951.0,2.2,0.0,0.0,0.0,1.1588,1.1656623671615156,1.1416910846110164,9.6909,0.0
3562,2005-08-25,SZSE:000768,0.0018,1.2764,1.1999,1.2764,1.2255,1758.929,1.24,0.0,0.0,0.0,0.0,0.0,36.6065,66.8998,66.8997,0.0,0.0,0,2023.4833,22.2719,8.9898,0.0,0.0,1.7899,0.0,13.8429,1,39951.0,2.2,0.0,0.0,0.0,1.1656816045126919,1.1999,1.152050650266374,13.8429,0.0
3563,2005-08-26,SZSE:000768,-0.0062,1.2545,1.1794,1.2909,1.24,1728.8579,1.2909,0.0,0.0,0.0,0.0,0.0,36.6666,61.6758,61.6757,0.0,0.0,0,1993.4122,21.9409,8.8562,0.0,0.0,1.7633,0.0,11.5728,1,39951.0,2.2,0.0,0.0,0.0,1.2136209326424872,1.2136209326424872,1.1657680350737345,11.5728,0.0
3564,2005-08-29,SZSE:000768,-0.0062,1.2255,1.152,1.2582,1.2218,1688.7709,1.2545,0.0,0.0,0.0,0.0,0.0,37.0097,55.4586,55.4587,0.0,0.0,0,1953.3253,21.4997,8.6781,0.0,0.0,1.7279,0.0,5.4834,1,39951.0,2.2,0.0,0.0,0.0,1.1792607099143204,1.1827388004895958,1.1485219094247245,5.4834,0.0
3565,2005-08-30,SZSE:000768,-0.0062,1.2182,1.1452,1.2509,1.2109,1678.7467,1.2218,0.0,0.0,0.0,0.0,0.0,37.0398,53.9929,53.993,0.0,0.0,0,1943.3011,21.3894,8.6336,0.0,0.0,1.719,0.0,4.2641,1,39951.0,2.2,0.0,0.0,0.0,1.148584271876539,1.1759404695452305,1.1383374486947957,4.2641,0.0
3566,2005-08-31,SZSE:000768,-0.0062,1.2436,1.1691,1.2545,1.2182,1713.8258,1.2182,0.0,0.0,0.0,0.0,0.0,37.1394,58.1602,58.1602,0.0,0.0,0,1978.3801,21.7755,8.7894,0.0,0.0,1.75,0.0,4.4021,1,39951.0,2.2,0.0,0.0,0.0,1.1452216307494372,1.1793470167256352,1.1452216307494372,4.4021,0.0
3567,2005-09-01,SZSE:000768,-0.0062,1.3091,1.2306,1.3273,1.2291,1804.0252,1.24,0.0,0.0,0.0,0.0,0.0,37.7892,66.5501,66.5501,0.0,0.0,0,2068.5796,22.7683,9.1902,0.0,0.0,1.8298,0.0,21.4662,1,39951.0,2.2,0.0,0.0,0.0,1.1656435719196394,1.2477086395233365,1.1553971889084105,21.4662,0.0
3568,2005-09-02,SZSE:000768,0.0352,1.3055,1.2272,1.32,1.2873,1799.0187,1.3127,0.0,0.0,0.0,0.0,0.0,36.9417,65.7619,65.7619,0.0,0.0,0,2063.5731,22.7132,9.1679,0.0,0.0,1.8254,0.0,9.8866,1,39951.0,2.2,0.0,0.0,0.0,1.233968165453849,1.2408303332056685,1.210091581769437,9.8866,0.0
3569,2005-09-05,SZSE:000768,0.0352,1.3273,1.2477,1.3636,1.3055,1829.0856,1.3055,0.0,0.0,0.0,0.0,0.0,36.0262,68.198,68.1981,0.0,0.0,0,2093.64,23.0441,9.3015,0.0,0.0,1.852,0.0,10.9485,1,39951.0,2.2,0.0,0.0,0.0,1.2272073758758384,1.2818230392526182,1.2272073758758384,10.9485,0.0
3570,2005-09-06,SZSE:000768,0.0352,1.3091,1.2306,1.3564,1.2836,1804.0252,1.3273,0.0,0.0,0.0,0.0,0.0,36.1954,64.1039,64.1039,0.0,0.0,0,2068.5796,22.7683,9.1902,0.0,0.0,1.8298,0.0,9.6676,1,39951.0,2.2,0.0,0.0,0.0,1.2477086395233365,1.2750636620579023,1.2066291039645558,9.6676,0.0
3571,2005-09-07,SZSE:000768,0.0352,1.36,1.2785,1.36,1.3091,1874.186,1.3091,0.0,0.0,0.0,0.0,0.0,36.7646,69.6053,69.6053,0.0,0.0,0,2138.7404,23.5405,9.5019,0.0,0.0,1.8919,0.0,8.8819,1,39951.0,2.2,0.0,0.0,0.0,1.230650257352941,1.2785,1.230650257352941,8.8819,0.0
3572,2005-09-08,SZSE:000768,0.0352,1.3491,1.2682,1.3709,1.3309,1859.1512,1.3673,0.0,0.0,0.0,0.0,0.0,33.3699,67.2276,67.2276,0.0,0.0,0,2123.7056,23.375,9.4351,0.0,0.0,1.8786,0.0,7.0179,1,39951.0,2.2,0.0,0.0,0.0,1.285308620561856,1.288692743310355,1.251091379438144,7.0179,0.0
3573,2005-09-09,SZSE:000768,0.0505,1.3236,1.2443,1.3527,1.3127,1824.0708,1.3382,0.0,0.0,0.0,0.0,0.0,33.5613,61.9131,61.9132,0.0,0.0,0,2088.6252,22.9889,9.2792,0.0,0.0,1.8476,0.0,4.3149,1,39951.0,2.2,0.0,0.0,0.0,1.2580252795406466,1.2716565503173163,1.2340530447265032,4.3149,0.0
3574,2005-09-12,SZSE:000768,0.0505,1.3491,1.2682,1.3527,1.3127,1859.1512,1.3236,0.0,0.0,0.0,0.0,0.0,33.6735,64.9012,64.9012,0.0,0.0,0,2123.7056,23.375,9.4351,0.0,0.0,1.8786,0.0,4.4298,1,39951.0,2.2,0.0,0.0,0.0,1.2442291305314654,1.271584122748499,1.233982758876288,4.4298,0.0
3575,2005-09-13,SZSE:000768,0.0505,1.3636,1.2819,1.3673,1.3309,1879.1954,1.3455,0.0,0.0,0.0,0.0,0.0,33.702,66.5176,66.5176,0.0,0.0,0,2143.7497,23.5957,9.5241,0.0,0.0,1.8963,0.0,5.5014,1,39951.0,2.2,0.0,0.0,0.0,1.2648844602522733,1.2853783147550601,1.25115921824582,5.5014,0.0
3576,2005-09-14,SZSE:000768,0.0505,1.3673,1.2853,1.3855,1.3491,1884.2074,1.3673,0.0,0.0,0.0,0.0,0.0,33.6371,66.9277,66.9277,0.0,0.0,0,2148.7618,23.6508,9.5464,0.0,0.0,1.9008,0.0,6.651,1,39951.0,2.2,0.0,0.0,0.0,1.2853,1.3024085058143788,1.2681914941856214,6.651,0.0
3577,2005-09-15,SZSE:000768,0.0505,1.4036,1.3195,1.4545,1.3527,1934.3186,1.3673,0.0,0.0,0.0,0.0,0.0,33.4442,70.7813,70.7814,0.0,0.0,0,2198.8729,24.2024,9.769,0.0,0.0,1.9451,0.0,16.8586,1,39951.0,2.2,0.0,0.0,0.0,1.285375,1.3673502066115701,1.2716497933884297,16.8586,0.0
3578,2005-09-16,SZSE:000768,0.0052,1.3855,1.3024,1.4182,1.3636,1909.2623,1.4036,0.0,0.0,0.0,0.0,0.0,32.309,66.6024,66.6025,0.0,0.0,0,2173.8167,23.9266,9.6577,0.0,0.0,1.9229,0.0,9.7066,1,39951.0,2.2,0.0,0.0,0.0,1.3194143919162757,1.3331387080476362,1.281813525802959,9.7066,0.0
3579,2005-09-19,SZSE:000768,0.0052,1.3964,1.3127,1.4036,1.3709,1924.2986,1.3782,0.0,0.0,0.0,0.0,0.0,32.2884,67.8299,67.83,0.0,0.0,0,2188.8529,24.0921,9.7245,0.0,0.0,1.9362,0.0,4.5509,1,39951.0,2.2,0.0,0.0,0.0,1.2955909051847607,1.3194684331137208,1.2887284660555713,4.5509,0.0
3580,2005-09-20,SZSE:000768,0.0052,1.3564,1.2751,1.4036,1.3382,1869.1726,1.4,0.0,0.0,0.0,0.0,0.0,32.5019,59.2345,59.2344,0.0,0.0,0,2133.727,23.4854,9.4796,0.0,0.0,1.8875,0.0,11.1641,1,39951.0,2.2,0.0,0.0,0.0,1.3160867000884693,1.319470923031554,1.2579908728988498,11.1641,0.0
3581,2005-09-21,SZSE:000768,0.0052,1.3382,1.258,1.3673,1.3273,1844.1163,1.3673,0.0,0.0,0.0,0.0,0.0,32.3564,55.7749,55.7749,0.0,0.0,0,2108.6707,23.2096,9.3683,0.0,0.0,1.8653,0.0,6.7024,1,39951.0,2.2,0.0,0.0,0.0,1.285356000597818,1.285356000597818,1.2477532506351814,6.7024,0.0
3582,2005-09-22,SZSE:000768,0.0052,1.3236,1.2443,1.3636,1.2836,1824.0708,1.3309,0.0,0.0,0.0,0.0,0.0,32.4165,53.1028,53.1028,0.0,0.0,0,2088.6252,22.9889,9.2792,0.0,0.0,1.8476,0.0,9.9413,1,39951.0,2.2,0.0,0.0,0.0,1.251162639770323,1.2819035055908128,1.206696494409187,9.9413,0.0
3583,2005-09-23,SZSE:000768,0.0168,1.3236,1.2443,1.3491,1.3164,1824.0708,1.3236,0.0,0.0,0.0,0.0,0.0,32.3975,53.1028,53.1028,0.0,0.0,0,2088.6252,22.9889,9.2792,0.0,0.0,1.8476,0.0,5.4319,1,39951.0,2.2,0.0,0.0,0.0,1.2443,1.2682722348141429,1.2375313689936536,5.4319,0.0
3584,2005-09-26,SZSE:000768,0.0168,1.3709,1.2887,1.3709,1.3164,1889.2181,1.3309,0.0,0.0,0.0,0.0,0.0,32.9873,60.2761,60.276,0.0,0.0,0,2153.7725,23.706,9.5687,0.0,0.0,1.9052,0.0,7.3973,1,39951.0,2.2,0.0,0.0,0.0,1.2510984243927346,1.2887,1.2374678532351011,7.3973,0.0
3585,2005-09-27,SZSE:000768,0.0168,1.3673,1.2853,1.3927,1.3455,1884.2074,1.3709,0.0,0.0,0.0,0.0,0.0,32.3722,59.5219,59.5219,0.0,0.0,0,2148.7618,23.6508,9.5464,0.0,0.0,1.9008,0.0,10.4315,1,39951.0,2.2,0.0,0.0,0.0,1.288684100051196,1.3091767059167705,1.2648073941344256,10.4315,0.0
3586,2005-09-28,SZSE:000768,0.0168,1.3782,1.2956,1.3891,1.3491,1899.2423,1.3564,0.0,0.0,0.0,0.0,0.0,32.1651,61.0948,61.0947,0.0,0.0,0,2163.7967,23.8163,9.6132,0.0,0.0,1.9141,0.0,8.97,1,39951.0,2.2,0.0,0.0,0.0,1.2751065447685386,1.3058467276157306,1.2682440574662603,8.97,0.0
3587,2005-09-29,SZSE:000768,0.0168,1.3818,1.299,1.3964,1.3636,1904.253,1.3709,0.0,0.0,0.0,0.0,0.0,32.1588,61.6299,61.63,0.0,0.0,0,2168.8074,23.8715,9.6355,0.0,0.0,1.9185,0.0,7.5363,1,39951.0,2.2,0.0,0.0,0.0,1.2887531480677377,1.312725141120278,1.2818905775075988,7.5363,0.0
3588,2005-09-30,SZSE:000768,0.0843,1.3745,1.2922,1.3927,1.3673,1894.2275,1.3927,0.0,0.0,0.0,0.0,0.0,30.8607,59.856,59.8561,0.0,0.0,0,2158.7818,23.7611,9.5909,0.0,0.0,1.9096,0.0,4.33,1,39951.0,2.2,0.0,0.0,0.0,1.3093102510003638,1.3093102510003638,1.2854311094943616,4.33,0.0
3589,2005-10-03,SZSE:000768,0.0843,0.0,1.2922,0.0,0.0,1894.2275,0.0,0.0,0.0,0.0,0.0,0.0,30.8607,59.856,59.8561,0.0,0.0,0,2158.7818,23.7611,9.5909,0.0,0.0,1.9096,0.0,0.0,1,39951.0,2.2,0.0,0.0,0.0,0.0,0.0,0.0,0.0,0.0
3590,2005-10-04,SZSE:000768,0.0843,0.0,1.2922,0.0,0.0,1894.2275,0.0,0.0,0.0,0.0,0.0,0.0,30.8607,59.856,59.8561,0.0,0.0,0,2158.7818,23.7611,9.5909,0.0,0.0,1.9096,0.0,0.0,1,39951.0,2.2,0.0,0.0,0.0,0.0,0.0,0.0,0.0,0.0
3591,2005-10-05,SZSE:000768,0.0843,0.0,1.2922,0.0,0.0,1894.2275,0.0,0.0,0.0,0.0,0.0,0.0,30.8607,59.856,59.8561,0.0,0.0,0,2158.7818,23.7611,9.5909,0.0,0.0,1.9096,0.0,0.0,1,39951.0,2.2,0.0,0.0,0.0,0.0,0.0,0.0,0.0,0.0
3592,2005-10-06,SZSE:000768,0.0843,0.0,1.2922,0.0,0.0,1894.2275,0.0,0.0,0.0,0.0,0.0,0.0,30.8607,59.856,59.8561,0.0,0.0,0,2158.7818,23.7611,9.5909,0.0,0.0,1.9096,0.0,0.0,1,39951.0,2.2,0.0,0.0,0.0,0.0,0.0,0.0,0.0,0.0
3593,2005-10-07,SZSE:000768,0.0807,0.0,1.2922,0.0,0.0,1894.2275,0.0,0.0,0.0,0.0,0.0,0.0,30.8607,59.856,59.8561,0.0,0.0,0,2158.7818,23.7611,9.5909,0.0,0.0,1.9096,0.0,0.0,1,39951.0,2.2,0.0,0.0,0.0,0.0,0.0,0.0,0.0,0.0
3594,2005-10-10,SZSE:000768,0.0807,1.3273,1.2477,1.3745,1.32,1829.0856,1.3636,0.0,0.0,0.0,0.0,0.0,32.2299,49.8215,49.8215,0.0,0.0,0,2093.64,23.0441,9.3015,0.0,0.0,1.852,0.0,4.083,1,39951.0,2.2,0.0,0.0,0.0,1.2818230392526182,1.2920693513146992,1.2408377910042945,4.083,0.0
3595,2005-10-11,SZSE:000768,0.0807,1.3527,1.2716,1.36,1.3273,1864.1605,1.3273,0.0,0.0,0.0,0.0,0.0,32.3691,54.2671,54.2671,0.0,0.0,0,2128.7149,23.4302,9.4573,0.0,0.0,1.883,0.0,3.2547,1,39951.0,2.2,0.0,0.0,0.0,1.2477228358098618,1.2784623345900792,1.2477228358098618,3.2547,0.0
3596,2005-10-12,SZSE:000768,0.0807,1.3127,1.234,1.36,1.2945,1809.0401,1.36,0.0,0.0,0.0,0.0,0.0,32.7343,47.1912,47.1913,0.0,0.0,0,2073.5945,22.8235,9.2124,0.0,0.0,1.8343,0.0,7.0948,1,39951.0,2.2,0.0,0.0,0.0,1.2784642340214825,1.2784642340214825,1.2168911403976537,7.0948,0.0
3597,2005-10-13,SZSE:000768,0.0807,1.2727,1.1964,1.3127,1.2691,1753.9183,1.3127,0.0,0.0,0.0,0.0,0.0,33.449,41.3804,41.3804,0.0,0.0,0,2018.4726,22.2168,8.9676,0.0,0.0,1.7855,0.0,9.0723,1,39951.0,2.2,0.0,0.0,0.0,1.2340019486131844,1.2340019486131844,1.1930158246248133,9.0723,0.0
3598,2005-10-14,SZSE:000768,0.05,1.3673,1.2853,1.4,1.2727,1884.2074,1.2727,0.0,0.0,0.0,0.0,0.0,36.167,55.3692,55.3691,0.0,0.0,0,2148.7618,23.6508,9.5464,0.0,0.0,1.9008,0.0,33.2488,1,39951.0,2.2,0.0,0.0,0.0,1.1963733708769109,1.3160389087983617,1.1963733708769109,33.2488,0.0
3599,2005-10-17,SZSE:000768,0.05,1.4182,1.3332,1.44,1.36,1954.3655,1.3636,0.0,0.0,0.0,0.0,0.0,36.782,60.7946,60.7946,0.0,0.0,0,2218.9199,24.423,9.8581,0.0,0.0,1.9628,0.0,28.5011,1,39951.0,2.2,0.0,0.0,0.0,1.2818724580454097,1.3536934141869974,1.2784882245099423,28.5011,0.0
3600,2005-10-18,SZSE:000768,0.05,1.4109,1.3263,1.44,1.3891,1944.3427,1.4182,0.0,0.0,0.0,0.0,0.0,36.7662,59.6785,59.6785,0.0,0.0,0,2208.8971,24.3127,9.8136,0.0,0.0,1.954,0.0,13.876,1,39951.0,2.2,0.0,0.0,0.0,1.33316227939613,1.3536551137571762,1.3058071656389538,13.876,0.0
3601,2005-10-19,SZSE:000768,0.05,1.4473,1.3605,1.5273,1.4036,1994.4552,1.4109,0.0,0.0,0.0,0.0,0.0,37.0239,63.3058,63.3058,0.0,0.0,0,2259.0096,24.8643,10.0362,0.0,0.0,1.9983,0.0,22.5568,1,39951.0,2.2,0.0,0.0,0.0,1.3262830442893665,1.4357021004629311,1.3194208526221238,22.5568,0.0
3602,2005-10-20,SZSE:000768,0.05,1.4691,1.381,1.4873,1.4218,2024.5208,1.44,0.0,0.0,0.0,0.0,0.0,36.9718,65.3215,65.3216,0.0,0.0,0,2289.0752,25.1952,10.1698,0.0,0.0,2.0249,0.0,13.4498,1,39951.0,2.2,0.0,0.0,0.0,1.3536450888298956,1.3981085698727111,1.3365365189571847,13.4498,0.0
3603,2005-10-21,SZSE:000768,-0.0108,1.4473,1.3605,1.4909,1.4255,1994.4552,1.4691,0.0,0.0,0.0,0.0,0.0,37.0081,61.6731,61.673,0.0,0.0,0,2259.0096,24.8643,10.0362,0.0,0.0,1.9983,0.0,8.6119,1,39951.0,2.2,0.0,0.0,0.0,1.3809925723761487,1.4014851447522971,1.3400074276238514,8.6119,0.0
3604,2005-10-24,SZSE:000768,-0.0108,1.4873,1.3981,1.4982,1.4255,2049.577,1.4473,0.0,0.0,0.0,0.0,0.0,36.1844,65.4799,65.4799,0.0,0.0,0,2326.7062,27.4748,10.5267,0.0,0.0,2.01,0.0,12.5997,1,39951.0,2.2,0.0,0.0,0.0,1.3604989780138503,1.4083462784912255,1.340006421031399,12.5997,0.0
3605,2005-10-25,SZSE:000768,-0.0108,1.4764,1.3879,1.4909,1.4509,2034.5422,1.4909,0.0,0.0,0.0,0.0,0.0,36.2444,63.6237,63.6236,0.0,0.0,0,2311.6714,27.2972,10.4587,0.0,0.0,1.9971,0.0,9.2759,1,39951.0,2.2,0.0,0.0,0.0,1.4015308249796803,1.4015308249796803,1.3639285491736657,9.2759,0.0
3606,2005-10-26,SZSE:000768,-0.0108,1.4182,1.3332,1.4764,1.4109,1954.3655,1.4764,0.0,0.0,0.0,0.0,0.0,36.8959,54.7158,54.7158,0.0,0.0,0,2231.4947,26.3505,10.096,0.0,0.0,1.9278,0.0,13.3354,1,39951.0,2.2,0.0,0.0,0.0,1.3879117754900578,1.3879117754900578,1.3263375264419688,13.3354,0.0
3607,2005-10-27,SZSE:000768,-0.0108,1.4327,1.3469,1.4436,1.3818,1974.4097,1.3964,0.0,0.0,0.0,0.0,0.0,36.7947,56.3608,56.3607,0.0,0.0,0,2251.5388,26.5871,10.1866,0.0,0.0,1.9451,0.0,12.1484,1,39951.0,2.2,0.0,0.0,0.0,1.3127738954421722,1.3571472324980804,1.2990482445731832,12.1484,0.0
3608,2005-10-28,SZSE:000768,0.0092,1.4182,1.3332,1.4327,1.3964,1954.3655,1.4182,0.0,0.0,0.0,0.0,0.0,36.7093,54.239,54.239,0.0,0.0,0,2231.4947,26.3505,10.096,0.0,0.0,1.9278,0.0,7.331,1,39951.0,2.2,0.0,0.0,0.0,1.3332,1.3468309406289665,1.3127065858130025,7.331,0.0
3609,2005-10-31,SZSE:000768,0.0092,0.0,1.3332,0.0,0.0,1954.3655,0.0,0.0,0.0,0.0,0.0,0.0,36.7093,54.239,54.239,0.0,0.0,0,2231.4947,26.3505,10.096,0.0,0.0,1.9278,0.0,0.0,1,39951.0,2.2,0.0,0.0,0.0,0.0,0.0,0.0,0.0,0.0
3610,2005-11-01,SZSE:000768,0.0092,1.4255,1.34,1.4473,1.4,1964.3883,1.4364,0.0,0.0,0.0,0.0,0.0,36.782,55.1483,55.1482,0.0,0.0,0,2241.5174,26.4688,10.1413,0.0,0.0,1.9364,0.0,8.6306,1,39951.0,2.2,0.0,0.0,0.0,1.3502462293931954,1.3604924587863907,1.3160294633461944,8.6306,0.0
3611,2005-11-02,SZSE:000768,0.0092,1.4727,1.3845,1.4836,1.4291,2029.5301,1.44,0.0,0.0,0.0,0.0,0.0,37.2659,60.6245,60.6245,0.0,0.0,0,2306.6593,27.238,10.436,0.0,0.0,1.9927,0.0,20.5167,1,39951.0,2.2,0.0,0.0,0.0,1.3537584029333878,1.3947471990222042,1.3435112039111838,20.5167,0.0
3612,2005-11-03,SZSE:000768,0.0092,1.4509,1.3639,1.4873,1.4436,1999.4659,1.4727,0.0,0.0,0.0,0.0,0.0,37.4445,57.156,57.1559,0.0,0.0,0,2276.5951,26.883,10.3,0.0,0.0,1.9668,0.0,6.7691,1,39951.0,2.2,0.0,0.0,0.0,1.3843928113584667,1.3981173547453305,1.3570377283065682,6.7691,0.0
3613,2005-11-04,SZSE:000768,0.0149,1.4327,1.3469,1.4509,1.4218,1974.4097,1.4473,0.0,0.0,0.0,0.0,0.0,36.5259,54.3644,54.3644,0.0,0.0,0,2251.5388,26.5871,10.1866,0.0,0.0,1.9451,0.0,4.6379,1,39951.0,2.2,0.0,0.0,0.0,1.3606256508689887,1.364010057932575,1.3366527675019193,4.6379,0.0
3614,2005-11-07,SZSE:000768,0.0149,1.4691,1.381,1.4764,1.4145,2024.5208,1.4327,0.0,0.0,0.0,0.0,0.0,36.3646,58.7081,58.7081,0.0,0.0,0,2301.65,27.1789,10.4134,0.0,0.0,1.9884,0.0,6.9427,1,39951.0,2.2,0.0,0.0,0.0,1.3467828602545775,1.3878622285753182,1.3296742903818664,6.9427,0.0
3615,2005-11-08,SZSE:000768,0.0149,1.48,1.3913,1.4909,1.4473,2039.5556,1.4655,0.0,0.0,0.0,0.0,0.0,36.3694,59.9401,59.9401,0.0,0.0,0,2316.6848,27.3564,10.4814,0.0,0.0,2.0014,0.0,9.0473,1,39951.0,2.2,0.0,0.0,0.0,1.3776690202702704,1.4015467364864864,1.3605597905405407,9.0473,0.0
3616,2005-11-09,SZSE:000768,0.0149,1.4836,1.3947,1.5091,1.4727,2044.565,1.4945,0.0,0.0,0.0,0.0,0.0,36.363,60.3644,60.3644,0.0,0.0,0,2321.6941,27.4156,10.504,0.0,0.0,2.0057,0.0,10.9518,1,39951.0,2.2,0.0,0.0,0.0,1.4049468522512805,1.4186719937988679,1.3844531477487192,10.9518,0.0
3617,2005-11-10,SZSE:000768,0.0149,1.4582,1.3708,1.4873,1.4545,2009.4859,1.4836,0.0,0.0,0.0,0.0,0.0,36.4231,55.8992,55.8992,0.0,0.0,0,2286.6151,27.0013,10.3453,0.0,0.0,1.9754,0.0,4.7861,1,39951.0,2.2,0.0,0.0,0.0,1.3946776025236594,1.3981558359621453,1.3673217665615143,4.7861,0.0
3618,2005-11-11,SZSE:000768,0.0118,1.4618,1.3742,1.4764,1.4364,2014.4953,1.4364,0.0,0.0,0.0,0.0,0.0,36.3773,56.3952,56.3952,0.0,0.0,0,2291.6244,27.0605,10.368,0.0,0.0,1.9797,0.0,5.9935,1,39951.0,2.2,0.0,0.0,0.0,1.350322123409495,1.3879250786701327,1.350322123409495,5.9935,0.0
3619,2005-11-14,SZSE:000768,0.0118,1.4982,1.4084,1.4982,1.4473,2064.6119,1.4618,0.0,0.0,0.0,0.0,0.0,35.5598,61.1084,61.1084,0.0,0.0,0,2341.7411,27.6523,10.5947,0.0,0.0,2.023,0.0,5.61,1,39951.0,2.2,0.0,0.0,0.0,1.3741817647844081,1.4084,1.3605508743825925,5.61,0.0
3620,2005-11-15,SZSE:000768,0.0118,1.4473,1.3605,1.5127,1.4145,1994.4552,1.4945,0.0,0.0,0.0,0.0,0.0,35.9867,52.546,52.546,0.0,0.0,0,2271.5844,26.8239,10.2773,0.0,0.0,1.9624,0.0,16.3009,1,39951.0,2.2,0.0,0.0,0.0,1.4048692392731292,1.421977717128446,1.3296671388101984,16.3009,0.0
3621,2005-11-16,SZSE:000768,0.0118,1.4509,1.3639,1.4618,1.3818,1999.4659,1.4364,0.0,0.0,0.0,0.0,0.0,35.3163,53.052,53.0519,0.0,0.0,0,2276.5951,26.883,10.3,0.0,0.0,1.9668,0.0,8.4318,1,39951.0,2.2,0.0,0.0,0.0,1.3502694603349643,1.3741464056792334,1.2989434282169685,8.4318,0.0
3622,2005-11-17,SZSE:000768,0.0118,1.4291,1.3434,1.4545,1.4,1969.3948,1.4509,0.0,0.0,0.0,0.0,0.0,35.4317,49.6319,49.6318,0.0,0.0,0,2246.524,26.5279,10.1639,0.0,0.0,1.9408,0.0,5.5296,1,39951.0,2.2,0.0,0.0,0.0,1.3638927017003708,1.3672768175774963,1.316045063326569,5.5296,0.0
3623,2005-11-18,SZSE:000768,-0.0061,1.4327,1.3469,1.4545,1.4036,1974.4097,1.4109,0.0,0.0,0.0,0.0,0.0,35.3811,50.2084,50.2083,0.0,0.0,0,2251.5388,26.5871,10.1866,0.0,0.0,1.9451,0.0,5.0133,1,39951.0,2.2,0.0,0.0,0.0,1.3264055350038388,1.367394464996161,1.3195427095693444,5.0133,0.0
3624,2005-11-21,SZSE:000768,-0.0061,1.4436,1.3571,1.4582,1.4255,1989.4404,1.4327,0.0,0.0,0.0,0.0,0.0,35.3875,51.9823,51.9822,0.0,0.0,0,2266.5696,26.7646,10.2546,0.0,0.0,1.9581,0.0,2.9714,1,39951.0,2.2,0.0,0.0,0.0,1.346853124134109,1.3708251731781658,1.340084545580493,2.9714,0.0
3625,2005-11-22,SZSE:000768,-0.0061,1.4291,1.3434,1.4509,1.4255,1969.3948,1.4473,0.0,0.0,0.0,0.0,0.0,35.4871,49.4519,49.4518,0.0,0.0,0,2246.524,26.5279,10.1639,0.0,0.0,1.9408,0.0,3.1644,1,39951.0,2.2,0.0,0.0,0.0,1.3605085858232455,1.3638927017003708,1.3400158841228744,3.1644,0.0
3626,2005-11-23,SZSE:000768,-0.0061,1.44,1.3537,1.4473,1.4218,1984.4297,1.4291,0.0,0.0,0.0,0.0,0.0,35.3021,51.3642,51.3642,0.0,0.0,0,2261.5589,26.7055,10.232,0.0,0.0,1.9538,0.0,3.2008,1,39951.0,2.2,0.0,0.0,0.0,1.3434532430555555,1.3605625069444445,1.3365907361111111,3.2008,0.0
3627,2005-11-24,SZSE:000768,-0.0061,1.4691,1.381,1.4909,1.4255,2024.5208,1.4364,0.0,0.0,0.0,0.0,0.0,35.4555,56.1302,56.1303,0.0,0.0,0,2301.65,27.1789,10.4134,0.0,0.0,1.9884,0.0,9.1921,1,39951.0,2.2,0.0,0.0,0.0,1.3502609761078208,1.4014926825947858,1.340014634810428,9.1921,0.0
3628,2005-11-25,SZSE:000768,0.0163,1.5091,1.4186,1.5345,1.4582,2079.6426,1.4655,0.0,0.0,0.0,0.0,0.0,35.1898,61.689,61.689,0.0,0.0,0,2356.7718,27.8298,10.6627,0.0,0.0,2.036,0.0,18.6405,1,39951.0,2.2,0.0,0.0,0.0,1.3776146709959578,1.4424767742362998,1.370752448479226,18.6405,0.0
3629,2005-11-28,SZSE:000768,0.0163,1.4727,1.3845,1.5127,1.4618,2029.5301,1.5018,0.0,0.0,0.0,0.0,0.0,35.3922,54.8807,54.8807,0.0,0.0,0,2306.6593,27.238,10.436,0.0,0.0,1.9927,0.0,14.4177,1,39951.0,2.2,0.0,0.0,0.0,1.4118572010592791,1.422104400081483,1.374252800977796,14.4177,0.0
3630,2005-11-29,SZSE:000768,0.0163,1.4582,1.3708,1.4836,1.4582,2009.4859,1.4727,0.0,0.0,0.0,0.0,0.0,35.076,52.39,52.3901,0.0,0.0,0,2286.6151,27.0013,10.3453,0.0,0.0,1.9754,0.0,4.0363,1,39951.0,2.2,0.0,0.0,0.0,1.3844309148264984,1.3946776025236594,1.3708,4.0363,0.0
3631,2005-11-30,SZSE:000768,0.0163,1.5091,1.4186,1.5091,1.4473,2079.6426,1.4582,0.0,0.0,0.0,0.0,0.0,35.6041,59.3447,59.3447,0.0,0.0,0,2356.7718,27.8298,10.6627,0.0,0.0,2.036,0.0,5.9034,1,39951.0,2.2,0.0,0.0,0.0,1.370752448479226,1.4186,1.3605061162282155,5.9034,0.0
3632,2005-12-01,SZSE:000768,0.0163,1.4836,1.3947,1.5091,1.48,2044.565,1.5091,0.0,0.0,0.0,0.0,0.0,34.521,55.0173,55.0174,0.0,0.0,0,2321.6941,27.4156,10.504,0.0,0.0,2.0057,0.0,2.1118,1,39951.0,2.2,0.0,0.0,0.0,1.4186719937988679,1.4186719937988679,1.391315718522513,2.1118,0.0
3633,2005-12-02,SZSE:000768,0.0068,1.4945,1.405,1.52,1.4727,2059.5971,1.4764,0.0,0.0,0.0,0.0,0.0,34.521,56.4818,56.4818,0.0,0.0,0,2336.7262,27.5931,10.5721,0.0,0.0,2.0187,0.0,5.9899,1,39951.0,2.2,0.0,0.0,0.0,1.3879839411174306,1.4289729006356642,1.3845055202408831,5.9899,0.0
3634,2005-12-05,SZSE:000768,0.0068,1.4982,1.4084,1.5164,1.4764,2064.6119,1.5018,0.0,0.0,0.0,0.0,0.0,34.3914,56.9849,56.985,0.0,0.0,0,2341.7411,27.6523,10.5947,0.0,0.0,2.023,0.0,3.9229,1,39951.0,2.2,0.0,0.0,0.0,1.4117842210652785,1.425509117607796,1.3879066613269258,3.9229,0.0
3635,2005-12-06,SZSE:000768,0.0068,1.4945,1.405,1.5091,1.48,2059.5971,1.4909,0.0,0.0,0.0,0.0,0.0,34.2443,56.2842,56.2842,0.0,0.0,0,2336.7262,27.5931,10.5721,0.0,0.0,2.0187,0.0,3.9269,1,39951.0,2.2,0.0,0.0,0.0,1.4016155904984944,1.4187256607561058,1.391368350618936,3.9269,0.0
3636,2005-12-07,SZSE:000768,0.0068,1.5455,1.4528,1.5564,1.4909,2129.7579,1.5018,0.0,0.0,0.0,0.0,0.0,34.0467,63.1179,63.118,0.0,0.0,0,2406.887,28.4216,10.8895,0.0,0.0,2.0793,0.0,15.2006,1,39951.0,2.2,0.0,0.0,0.0,1.4117211517308315,1.4630462115820124,1.4014749401488191,15.2006,0.0
3637,2005-12-08,SZSE:000768,0.0068,1.5564,1.4631,1.5673,1.5236,2144.79,1.5382,0.0,0.0,0.0,0.0,0.0,33.9929,64.4019,64.402,0.0,0.0,0,2421.9191,28.5991,10.9575,0.0,0.0,2.0923,0.0,6.4057,1,39951.0,2.2,0.0,0.0,0.0,1.4459910177332307,1.4733465882806478,1.432266229760987,6.4057,0.0
3638,2005-12-09,SZSE:000768,-0.0556,1.5527,1.4597,1.5636,1.52,2139.7793,1.5564,0.0,0.0,0.0,0.0,0.0,33.7115,63.607,63.6071,0.0,0.0,0,2416.9084,28.5399,10.9348,0.0,0.0,2.088,0.0,7.8763,1,39951.0,2.2,0.0,0.0,0.0,1.4631783860372254,1.4699471372447994,1.428958588265602,7.8763,0.0
3639,2005-12-12,SZSE:000768,-0.0556,1.5527,1.4597,1.5855,1.5418,2139.7793,1.5564,0.0,0.0,0.0,0.0,0.0,33.5407,63.607,63.6071,0.0,0.0,0,2416.9084,28.5399,10.9348,0.0,0.0,2.088,0.0,10.2163,1,39951.0,2.2,0.0,0.0,0.0,1.4631783860372254,1.4905354221678366,1.4494528627552006,10.2163,0.0
3640,2005-12-13,SZSE:000768,-0.0556,1.5891,1.4938,1.5891,1.5309,2189.8904,1.5418,0.0,0.0,0.0,0.0,0.0,33.7715,68.1645,68.1646,0.0,0.0,0,2467.0196,29.1316,11.1615,0.0,0.0,2.1313,0.0,8.723,1,39951.0,2.2,0.0,0.0,0.0,1.4493366307973068,1.4938,1.4390903152727959,8.723,0.0
3641,2005-12-14,SZSE:000768,-0.0556,1.6473,1.5485,1.6545,1.5709,2270.0671,1.5891,0.0,0.0,0.0,0.0,0.0,34.4625,73.8148,73.8148,0.0,0.0,0,2547.1963,30.0784,11.5243,0.0,0.0,2.2005,0.0,18.4908,1,39951.0,2.2,0.0,0.0,0.0,1.4937906574394464,1.5552681660899654,1.4766822376009228,18.4908,0.0
3642,2005-12-15,SZSE:000768,-0.0556,1.6182,1.5212,1.6473,1.6036,2229.9815,1.6473,0.0,0.0,0.0,0.0,0.0,34.3834,67.3762,67.3764,0.0,0.0,0,2507.1107,29.6051,11.3429,0.0,0.0,2.1659,0.0,7.9189,1,39951.0,2.2,0.0,0.0,0.0,1.5485556544308492,1.5485556544308492,1.5074751699419107,7.9189,0.0
3643,2005-12-16,SZSE:000768,-0.0127,1.6582,1.5588,1.6655,1.6145,2285.1047,1.6182,0.0,0.0,0.0,0.0,0.0,34.5226,71.1083,71.1084,0.0,0.0,0,2562.2339,30.256,11.5923,0.0,0.0,2.2135,0.0,9.1604,1,39951.0,2.2,0.0,0.0,0.0,1.5211977807260886,1.5656624050174888,1.5177195754432518,9.1604,0.0
3644,2005-12-19,SZSE:000768,-0.0127,1.6945,1.593,1.7018,1.6364,2335.2144,1.6582,0.0,0.0,0.0,0.0,0.0,34.7218,74.018,74.0182,0.0,0.0,0,2612.3436,30.8477,11.819,0.0,0.0,2.2568,0.0,10.6247,1,39951.0,2.2,0.0,0.0,0.0,1.5588743582177633,1.5998627323694306,1.53838017114193,10.6247,0.0
3645,2005-12-20,SZSE:000768,-0.0127,1.6836,1.5827,1.7127,1.6545,2320.1796,1.6909,0.0,0.0,0.0,0.0,0.0,34.121,71.6853,71.6852,0.0,0.0,0,2597.3088,30.6701,11.751,0.0,0.0,2.2438,0.0,10.7125,1,39951.0,2.2,0.0,0.0,0.0,1.5895625029698266,1.6100560049893085,1.5553439950106915,10.7125,0.0
3646,2005-12-21,SZSE:000768,-0.0127,1.6764,1.5759,1.6836,1.6218,2310.1596,1.6691,0.0,0.0,0.0,0.0,0.0,33.9739,70.0996,70.0996,0.0,0.0,0,2587.2887,30.5518,11.7057,0.0,0.0,2.2352,0.0,16.4135,1,39951.0,2.2,0.0,0.0,0.0,1.5690376342161776,1.5826683607730854,1.5245732641374374,16.4135,0.0
3647,2005-12-22,SZSE:000768,-0.0127,1.72,1.6169,1.7236,1.64,2370.2948,1.6655,0.0,0.0,0.0,0.0,0.0,34.1257,73.8396,73.8396,0.0,0.0,0,2647.424,31.2619,11.9777,0.0,0.0,2.2871,0.0,17.0197,1,39951.0,2.2,0.0,0.0,0.0,1.5656668313953488,1.6202842093023258,1.5416953488372092,17.0197,0.0
3648,2005-12-23,SZSE:000768,-0.0133,1.6873,1.5861,1.7345,1.6836,2325.1944,1.7091,0.0,0.0,0.0,0.0,0.0,34.4609,67.0644,67.0643,0.0,0.0,0,2602.3236,30.7294,11.7737,0.0,0.0,2.2481,0.0,17.7461,1,39951.0,2.2,0.0,0.0,0.0,1.6065924909618918,1.6304690630000593,1.5826219166716056,17.7461,0.0
3649,2005-12-26,SZSE:000768,-0.0133,1.6655,1.5656,1.6873,1.6364,2295.1275,1.6727,0.0,0.0,0.0,0.0,0.0,34.0166,62.9196,62.9195,0.0,0.0,0,2572.2566,30.3743,11.6377,0.0,0.0,2.2222,0.0,11.6008,1,39951.0,2.2,0.0,0.0,0.0,1.5723681296907839,1.5860923926748725,1.5382454758330835,11.6008,0.0
3650,2005-12-27,SZSE:000768,-0.0133,1.6582,1.5588,1.6764,1.6436,2285.1047,1.6618,0.0,0.0,0.0,0.0,0.0,34.0309,61.5539,61.5539,0.0,0.0,0,2562.2339,30.256,11.5923,0.0,0.0,2.2135,0.0,6.74,1,39951.0,2.2,0.0,0.0,0.0,1.562184199734652,1.5759090097696298,1.5450751899650224,6.74,0.0
3651,2005-12-28,SZSE:000768,-0.0133,1.7055,1.6032,1.7164,1.6509,2350.2493,1.6545,0.0,0.0,0.0,0.0,0.0,34.4024,66.6246,66.6246,0.0,0.0,0,2627.3785,31.0252,11.887,0.0,0.0,2.2698,0.0,18.4164,1,39951.0,2.2,0.0,0.0,0.0,1.5552591029023746,1.6134461917326295,1.5518750395778362,18.4164,0.0
3652,2005-12-29,SZSE:000768,-0.0133,1.6945,1.593,1.7055,1.6655,2335.2144,1.7055,0.0,0.0,0.0,0.0,0.0,34.4625,64.5099,64.5099,0.0,0.0,0,2612.3436,30.8477,11.819,0.0,0.0,2.2568,0.0,10.2561,1,39951.0,2.2,0.0,0.0,0.0,1.6033411035703748,1.6033411035703748,1.565737090587194,10.2561,0.0
3653,2005-12-30,SZSE:000768,0.0079,1.6655,1.5656,1.7091,1.6327,2295.1275,1.6836,0.0,0.0,0.0,0.0,0.0,34.6839,59.1216,59.1216,0.0,0.0,0,2572.2566,30.3743,11.6377,0.0,0.0,2.2222,0.0,28.7932,1,39951.0,2.2,0.0,0.0,0.0,1.5826143260282197,1.606584785349745,1.5347674091864307,28.7932,0.0
3654,2006-01-02,SZSE:000768,0.0079,0.0,1.5656,0.0,0.0,2295.1275,0.0,0.0,0.0,0.0,0.0,0.0,34.6839,59.1216,59.1216,0.0,0.0,0,2572.2566,30.3743,11.6377,0.0,0.0,2.2222,0.0,0.0,1,39951.0,2.2,0.0,0.0,0.0,0.0,0.0,0.0,0.0,0.0
3655,2006-01-03,SZSE:000768,0.0079,0.0,1.5656,0.0,0.0,2295.1275,0.0,0.0,0.0,0.0,0.0,0.0,34.6839,59.1216,59.1216,0.0,0.0,0,2572.2566,30.3743,11.6377,0.0,0.0,2.2222,0.0,0.0,1,39951.0,2.2,0.0,0.0,0.0,0.0,0.0,0.0,0.0,0.0
3656,2006-01-04,SZSE:000768,0.0079,1.6764,1.5759,1.6873,1.64,2310.1596,1.6545,0.0,0.0,0.0,0.0,0.0,34.3945,60.4555,60.4554,0.0,0.0,0,2587.2887,30.5518,11.7057,0.0,0.0,2.2352,0.0,9.6111,1,39951.0,2.2,0.0,0.0,0.0,1.5553129026485328,1.5861465461703652,1.5416821760916248,9.6111,0.0
3657,2006-01-05,SZSE:000768,0.0079,1.6691,1.5691,1.68,1.6436,2300.134,1.6691,0.0,0.0,0.0,0.0,0.0,34.1415,59.0711,59.071,0.0,0.0,0,2577.2632,30.4334,11.6603,0.0,0.0,2.2265,0.0,7.529,1,39951.0,2.2,0.0,0.0,0.0,1.5691,1.5793469534479658,1.5451277694565932,7.529,0.0
3658,2006-01-06,SZSE:000768,-0.0241,1.7018,1.5998,1.7455,1.6473,2345.2345,1.6691,0.0,0.0,0.0,0.0,0.0,34.0182,63.1583,63.1583,0.0,0.0,0,2622.3636,30.966,11.8644,0.0,0.0,2.2655,0.0,13.7391,1,39951.0,2.2,0.0,0.0,0.0,1.5690599247855213,1.6408807732988604,1.548566541309202,13.7391,0.0
3659,2006-01-09,SZSE:000768,-0.0241,1.7709,1.6648,1.7855,1.6909,2440.4515,1.7055,0.0,0.0,0.0,0.0,0.0,34.5099,69.9753,69.9752,0.0,0.0,0,2717.5807,32.0904,12.2951,0.0,0.0,2.3477,0.0,22.6204,1,39951.0,2.2,0.0,0.0,0.0,1.6033183127223447,1.6785252696369082,1.589593043085437,22.6204,0.0
3660,2006-01-10,SZSE:000768,-0.0241,1.7818,1.675,1.7964,1.7455,2455.4822,1.7709,0.0,0.0,0.0,0.0,0.0,33.596,70.891,70.8909,0.0,0.0,0,2732.6114,32.2679,12.3632,0.0,0.0,2.3607,0.0,10.4382,1,39951.0,2.2,0.0,0.0,0.0,1.6647533393197889,1.6887248849478056,1.6408757997530588,10.4382,0.0
3661,2006-01-11,SZSE:000768,-0.0241,1.76,1.6545,1.7891,1.7309,2425.4167,1.7818,0.0,0.0,0.0,0.0,0.0,33.6371,66.5209,66.5208,0.0,0.0,0,2702.5458,31.9128,12.2271,0.0,0.0,2.3347,0.0,9.0844,1,39951.0,2.2,0.0,0.0,0.0,1.6749932386363637,1.6818556534090907,1.6271443465909092,9.0844,0.0
3662,2006-01-12,SZSE:000768,-0.0241,1.8218,1.7126,1.8545,1.7164,2510.6041,1.7491,0.0,0.0,0.0,0.0,0.0,33.4474,71.8213,71.8212,0.0,0.0,0,2787.7332,32.9188,12.6125,0.0,0.0,2.4083,0.0,17.7287,1,39951.0,2.2,0.0,0.0,0.0,1.644257690196509,1.7433399385223405,1.613517751674168,17.7287,0.0
3663,2006-01-13,SZSE:000768,0.0023,1.7964,1.6887,1.8327,1.7818,2475.5292,1.8255,0.0,0.0,0.0,0.0,0.0,32.8766,67.1101,67.1101,0.0,0.0,0,2752.6583,32.5046,12.4539,0.0,0.0,2.378,0.0,10.1469,1,39951.0,2.2,0.0,0.0,0.0,1.7160553607214428,1.7228236973947895,1.6749753173012694,10.1469,0.0
3664,2006-01-16,SZSE:000768,0.0023,1.7855,1.6784,1.8727,1.7745,2460.4971,1.7818,0.0,0.0,0.0,0.0,0.0,30.0954,65.1381,65.1381,0.0,0.0,0,2737.6262,32.3271,12.3858,0.0,0.0,2.365,0.0,18.7516,1,39951.0,2.2,0.0,0.0,0.0,1.67492193783254,1.7603694651358162,1.668059815177821,18.7516,0.0
3665,2006-01-17,SZSE:000768,0.0023,1.7855,1.6784,1.7964,1.7273,2460.4971,1.7855,0.0,0.0,0.0,0.0,0.0,29.3855,65.1381,65.1381,0.0,0.0,0,2737.6262,32.3271,12.3858,0.0,0.0,2.365,0.0,15.3493,1,39951.0,2.2,0.0,0.0,0.0,1.6784,1.6886461831419768,1.6236910221226546,15.3493,0.0
3666,2006-01-18,SZSE:000768,0.0023,1.7927,1.6853,1.8073,1.7527,2470.5185,1.7709,0.0,0.0,0.0,0.0,0.0,29.3317,65.9126,65.9126,0.0,0.0,0,2747.6476,32.4454,12.4312,0.0,0.0,2.3737,0.0,9.9952,1,39951.0,2.2,0.0,0.0,0.0,1.6648060300105985,1.6990253193507001,1.6476963853405477,9.9952,0.0
3667,2006-01-19,SZSE:000768,0.0023,1.7673,1.6613,1.8,1.7455,2435.4367,1.7927,0.0,0.0,0.0,0.0,0.0,29.2163,60.8189,60.819,0.0,0.0,0,2712.5659,32.0312,12.2725,0.0,0.0,2.3434,0.0,16.9752,1,39951.0,2.2,0.0,0.0,0.0,1.685176546143835,1.6920387031064335,1.6408075312623778,16.9752,0.0
3668,2006-01-20,SZSE:000768,-0.0004,1.7782,1.6716,1.7964,1.7491,2450.4743,1.7636,0.0,0.0,0.0,0.0,0.0,29.1262,62.1685,62.1686,0.0,0.0,0,2727.6035,32.2087,12.3405,0.0,0.0,2.3564,0.0,15.7205,1,39951.0,2.2,0.0,0.0,0.0,1.6578752446294005,1.6887089416263639,1.6442444944325723,15.7205,0.0
3669,2006-01-23,SZSE:000768,-0.0004,1.7382,1.634,1.7636,1.7127,2395.3511,1.7636,0.0,0.0,0.0,0.0,0.0,29.3602,54.727,54.727,0.0,0.0,0,2672.4803,31.5578,12.0911,0.0,0.0,2.3088,0.0,12.6386,1,39951.0,2.2,0.0,0.0,0.0,1.6578773443792427,1.6578773443792427,1.6100286503279253,12.6386,0.0
3670,2006-01-24,SZSE:000768,-0.0004,1.7018,1.5998,1.7527,1.6727,2345.2345,1.7309,0.0,0.0,0.0,0.0,0.0,29.3254,48.9859,48.986,0.0,0.0,0,2622.3636,30.966,11.8644,0.0,0.0,2.2655,0.0,31.6018,1,39951.0,2.2,0.0,0.0,0.0,1.6271558467504996,1.6476492302268186,1.5724441532495006,31.6018,0.0
3671,2006-01-25,SZSE:000768,-0.0004,1.7636,1.6579,1.7709,1.6764,2430.4274,1.6909,0.0,0.0,0.0,0.0,0.0,30.0084,57.2045,57.2044,0.0,0.0,0,2707.5565,31.972,12.2498,0.0,0.0,2.3391,0.0,16.4459,1,39951.0,2.2,0.0,0.0,0.0,1.5895572181900657,1.6647624801542298,1.5759262644590608,16.4459,0.0
3672,2006-01-26,SZSE:000768,-0.0004,0.0,1.6579,0.0,0.0,2430.4274,0.0,0.0,0.0,0.0,0.0,0.0,30.0084,57.2045,57.2044,0.0,0.0,0,2707.5565,31.972,12.2498,0.0,0.0,2.3391,0.0,0.0,1,39951.0,2.2,0.0,0.0,0.0,0.0,0.0,0.0,0.0,0.0
3673,2006-01-27,SZSE:000768,0.0229,0.0,1.6579,0.0,0.0,2430.4274,0.0,0.0,0.0,0.0,0.0,0.0,30.0084,57.2045,57.2044,0.0,0.0,0,2707.5565,31.972,12.2498,0.0,0.0,2.3391,0.0,0.0,1,39951.0,2.2,0.0,0.0,0.0,0.0,0.0,0.0,0.0,0.0
3674,2006-01-30,SZSE:000768,0.0229,0.0,1.6579,0.0,0.0,2430.4274,0.0,0.0,0.0,0.0,0.0,0.0,30.0084,57.2045,57.2044,0.0,0.0,0,2707.5565,31.972,12.2498,0.0,0.0,2.3391,0.0,0.0,1,39951.0,2.2,0.0,0.0,0.0,0.0,0.0,0.0,0.0,0.0
3675,2006-01-31,SZSE:000768,0.0229,0.0,1.6579,0.0,0.0,2430.4274,0.0,0.0,0.0,0.0,0.0,0.0,30.0084,57.2045,57.2044,0.0,0.0,0,2707.5565,31.972,12.2498,0.0,0.0,2.3391,0.0,0.0,1,39951.0,2.2,0.0,0.0,0.0,0.0,0.0,0.0,0.0,0.0
3676,2006-02-01,SZSE:000768,0.0229,0.0,1.6579,0.0,0.0,2430.4274,0.0,0.0,0.0,0.0,0.0,0.0,30.0084,57.2045,57.2044,0.0,0.0,0,2707.5565,31.972,12.2498,0.0,0.0,2.3391,0.0,0.0,1,39951.0,2.2,0.0,0.0,0.0,0.0,0.0,0.0,0.0,0.0
3677,2006-02-02,SZSE:000768,0.0229,0.0,1.6579,0.0,0.0,2430.4274,0.0,0.0,0.0,0.0,0.0,0.0,30.0084,57.2045,57.2044,0.0,0.0,0,2707.5565,31.972,12.2498,0.0,0.0,2.3391,0.0,0.0,1,39951.0,2.2,0.0,0.0,0.0,0.0,0.0,0.0,0.0,0.0
3678,2006-02-03,SZSE:000768,0.0502,0.0,1.6579,0.0,0.0,2430.4274,0.0,0.0,0.0,0.0,0.0,0.0,30.0084,57.2045,57.2044,0.0,0.0,0,2707.5565,31.972,12.2498,0.0,0.0,2.3391,0.0,0.0,1,39951.0,2.2,0.0,0.0,0.0,0.0,0.0,0.0,0.0,0.0
3679,2006-02-06,SZSE:000768,0.0502,1.7745,1.6682,1.8,1.7455,2445.4622,1.7964,0.0,0.0,0.0,0.0,0.0,28.9491,58.4759,58.476,0.0,0.0,0,2722.5914,32.1495,12.3178,0.0,0.0,2.352,0.0,10.7935,1,39951.0,2.2,0.0,0.0,0.0,1.6887880980557903,1.6921724429416738,1.6409372217526064,10.7935,0.0
3680,2006-02-07,SZSE:000768,0.0502,1.72,1.6169,1.7782,1.6909,2370.2948,1.7745,0.0,0.0,0.0,0.0,0.0,29.493,50.4121,50.4121,0.0,0.0,0,2647.424,31.2619,11.9777,0.0,0.0,2.2871,0.0,14.5318,1,39951.0,2.2,0.0,0.0,0.0,1.6681331686046512,1.6716113837209303,1.589544308139535,14.5318,0.0
3681,2006-02-08,SZSE:000768,0.0502,1.7709,1.6648,1.7782,1.6909,2440.4515,1.72,0.0,0.0,0.0,0.0,0.0,29.9942,56.4487,56.4486,0.0,0.0,0,2717.5807,32.0904,12.2951,0.0,0.0,2.3477,0.0,12.764,1,39951.0,2.2,0.0,0.0,0.0,1.6169495736631092,1.671662634818454,1.589593043085437,12.764,0.0
3682,2006-02-09,SZSE:000768,0.0502,1.7636,1.6579,1.8291,1.7527,2430.4274,1.7782,0.0,0.0,0.0,0.0,0.0,30.0322,55.4107,55.4107,0.0,0.0,0,2707.5565,31.972,12.2498,0.0,0.0,2.3391,0.0,19.5371,1,39951.0,2.2,0.0,0.0,0.0,1.6716249603084599,1.7194743082331594,1.6476532830573825,19.5371,0.0
3683,2006-02-10,SZSE:000768,0.05,1.8109,1.7024,1.8327,1.7636,2495.5747,1.7673,0.0,0.0,0.0,0.0,0.0,30.108,60.4947,60.4947,0.0,0.0,0,2772.7039,32.7413,12.5445,0.0,0.0,2.3953,0.0,17.0687,1,39951.0,2.2,0.0,0.0,0.0,1.6614122922303827,1.7228938538848086,1.6579339775802087,17.0687,0.0
3684,2006-02-13,SZSE:000768,0.05,1.8182,1.7092,1.8218,1.7818,2505.5947,1.8109,0.0,0.0,0.0,0.0,0.0,30.1065,61.227,61.2269,0.0,0.0,0,2782.7239,32.8596,12.5899,0.0,0.0,2.404,0.0,9.2747,1,39951.0,2.2,0.0,0.0,0.0,1.7023376306236937,1.7125841821581786,1.6749821581784183,9.2747,0.0
3685,2006-02-14,SZSE:000768,0.05,1.8727,1.7605,1.8836,1.8036,2580.7663,1.8182,0.0,0.0,0.0,0.0,0.0,30.2772,66.2771,66.2771,0.0,0.0,0,2857.8954,33.7473,12.93,0.0,0.0,2.4689,0.0,18.8372,1,39951.0,2.2,0.0,0.0,0.0,1.7092652854167778,1.7707469429166445,1.695540022427511,18.8372,0.0
3686,2006-02-15,SZSE:000768,0.05,1.8327,1.7229,1.8873,1.8182,2525.6417,1.8691,0.0,0.0,0.0,0.0,0.0,29.6574,60.0956,60.0956,0.0,0.0,0,2802.7708,33.0963,12.6806,0.0,0.0,2.4213,0.0,12.7825,1,39951.0,2.2,0.0,0.0,0.0,1.7571192175478805,1.7742288263218204,1.7092687182844983,12.7825,0.0
3687,2006-02-16,SZSE:000768,0.05,1.7745,1.6682,1.8327,1.7091,2445.4622,1.8255,0.0,0.0,0.0,0.0,0.0,30.6203,52.4352,52.4353,0.0,0.0,0,2722.5914,32.1495,12.3178,0.0,0.0,2.352,0.0,16.5698,1,39951.0,2.2,0.0,0.0,0.0,1.7161448858833475,1.722913575655114,1.6067177345731192,16.5698,0.0
3688,2006-02-17,SZSE:000768,0.0416,1.7818,1.675,1.7891,1.7273,2455.4822,1.7673,0.0,0.0,0.0,0.0,0.0,30.361,53.2374,53.2375,0.0,0.0,0,2732.6114,32.2679,12.3632,0.0,0.0,2.3607,0.0,8.433,1,39951.0,2.2,0.0,0.0,0.0,1.661369121113481,1.6818624424739026,1.623766696598945,8.433,0.0
3689,2006-02-20,SZSE:000768,0.0416,1.7382,1.634,1.7636,1.7127,2395.3511,1.7636,0.0,0.0,0.0,0.0,0.0,30.9476,48.0049,48.0049,0.0,0.0,0,2654.0962,48.14,15.8222,0.0,0.0,2.2486,0.0,8.2913,1,39951.0,2.2,0.0,0.0,0.0,1.6578773443792427,1.6578773443792427,1.6100286503279253,8.2913,0.0
3690,2006-02-21,SZSE:000768,0.0416,1.7309,1.6272,1.7382,1.6727,2385.3269,1.7164,0.0,0.0,0.0,0.0,0.0,30.9745,47.1725,47.1725,0.0,0.0,0,2644.0721,47.9582,15.7625,0.0,0.0,2.2401,0.0,10.1581,1,39951.0,2.2,0.0,0.0,0.0,1.6135687099196947,1.634062649488705,1.5724868218845687,10.1581,0.0
3691,2006-02-22,SZSE:000768,0.0416,1.7055,1.6032,1.7309,1.6909,2350.2493,1.7236,0.0,0.0,0.0,0.0,0.0,31.0804,44.2792,44.2792,0.0,0.0,0,2608.9944,47.322,15.5533,0.0,0.0,2.2104,0.0,5.2215,1,39951.0,2.2,0.0,0.0,0.0,1.6202143183817062,1.6270764467897976,1.5894757431838171,5.2215,0.0
3692,2006-02-23,SZSE:000768,0.0416,1.72,1.6169,1.7418,1.6945,2370.2948,1.7018,0.0,0.0,0.0,0.0,0.0,31.0868,46.306,46.306,0.0,0.0,0,2629.04,47.6856,15.6728,0.0,0.0,2.2274,0.0,4.8019,1,39951.0,2.2,0.0,0.0,0.0,1.5997909418604652,1.6373932674418605,1.5929285174418604,4.8019,0.0
3693,2006-02-24,SZSE:000768,0.0188,1.7455,1.6408,1.76,1.7018,2405.3711,1.7164,0.0,0.0,0.0,0.0,0.0,30.9777,49.7503,49.7503,0.0,0.0,0,2664.1162,48.3218,15.8819,0.0,0.0,2.2571,0.0,8.7954,1,39951.0,2.2,0.0,0.0,0.0,1.6134454998567744,1.65443024921226,1.5997212489258092,8.7954,0.0
3694,2006-02-27,SZSE:000768,0.0188,1.6982,1.5964,1.7527,1.6836,2340.2251,1.7455,0.0,0.0,0.0,0.0,0.0,31.199,44.093,44.0931,0.0,0.0,0,2598.9703,47.1402,15.4936,0.0,0.0,2.2019,0.0,9.4921,1,39951.0,2.2,0.0,0.0,0.0,1.6408645624779181,1.6476329525379816,1.582675209044871,9.4921,0.0
3695,2006-02-28,SZSE:000768,0.0188,1.6509,1.552,1.7055,1.6327,2275.0819,1.6836,0.0,0.0,0.0,0.0,0.0,31.354,39.2827,39.2826,0.0,0.0,0,2533.827,45.9586,15.1052,0.0,0.0,2.1467,0.0,14.992,1,39951.0,2.2,0.0,0.0,0.0,1.58274105033618,1.6033290932218789,1.5348903022593736,14.992,0.0
3696,2006-03-01,SZSE:000768,0.0188,1.6836,1.5827,1.6909,1.6364,2320.1796,1.6545,0.0,0.0,0.0,0.0,0.0,31.0156,43.8497,43.8496,0.0,0.0,0,2578.9247,46.7766,15.3741,0.0,0.0,2.1849,0.0,9.1691,1,39951.0,2.2,0.0,0.0,0.0,1.5553439950106915,1.5895625029698266,1.5383287479211216,9.1691,0.0
3697,2006-03-02,SZSE:000768,0.0188,1.6909,1.5896,1.7309,1.6655,2330.2051,1.68,0.0,0.0,0.0,0.0,0.0,30.9998,44.8429,44.8428,0.0,0.0,0,2588.9502,46.9584,15.4338,0.0,0.0,2.1934,0.0,13.1512,1,39951.0,2.2,0.0,0.0,0.0,1.5793530072742326,1.627203643030339,1.5657216866757346,13.1512,0.0
3698,2006-03-03,SZSE:000768,0.0282,1.72,1.6169,1.7309,1.6655,2370.2948,1.6836,0.0,0.0,0.0,0.0,0.0,30.8765,48.7471,48.7471,0.0,0.0,0,2629.04,47.6856,15.6728,0.0,0.0,2.2274,0.0,10.2653,1,39951.0,2.2,0.0,0.0,0.0,1.5826818837209302,1.6271466337209304,1.5656668313953488,10.2653,0.0
3699,2006-03-06,SZSE:000768,0.0282,1.7127,1.6101,1.7309,1.6945,2360.2693,1.6982,0.0,0.0,0.0,0.0,0.0,31.1769,47.8352,47.8353,0.0,0.0,0,2619.0144,47.5037,15.6131,0.0,0.0,2.2189,0.0,7.7724,1,39951.0,2.2,0.0,0.0,0.0,1.5964686284813454,1.6272097214923809,1.5929902785076195,7.7724,0.0
3700,2006-03-07,SZSE:000768,0.0282,1.6473,1.5485,1.72,1.6182,2270.0671,1.7018,0.0,0.0,0.0,0.0,0.0,31.6623,40.4953,40.4953,0.0,0.0,0,2528.8122,45.8676,15.0753,0.0,0.0,2.1424,0.0,8.2478,1,39951.0,2.2,0.0,0.0,0.0,1.5997312572087656,1.6168396770472895,1.5211453287197232,8.2478,0.0
3701,2006-03-08,SZSE:000768,0.0282,1.6436,1.5451,1.6655,1.6036,2265.0578,1.6473,0.0,0.0,0.0,0.0,0.0,31.6449,40.1271,40.1271,0.0,0.0,0,2523.8029,45.7768,15.0455,0.0,0.0,2.1382,0.0,6.5681,1,39951.0,2.2,0.0,0.0,0.0,1.548578261134096,1.5656875456315404,1.507497176928693,6.5681,0.0
3702,2006-03-09,SZSE:000768,0.0282,1.6109,1.5144,1.6436,1.6,2219.9573,1.64,0.0,0.0,0.0,0.0,0.0,31.9564,36.8759,36.8759,0.0,0.0,0,2478.7025,44.9587,14.7766,0.0,0.0,2.1,0.0,4.9931,1,39951.0,2.2,0.0,0.0,0.0,1.5417567819231484,1.5451411260785897,1.5041529579738036,4.9931,0.0
3703,2006-03-10,SZSE:000768,0.2244,1.5636,1.4699,1.6291,1.5455,2154.81,1.6109,0.0,0.0,0.0,0.0,0.0,32.3122,32.7482,32.7482,0.0,0.0,0,2413.5551,43.7771,14.3882,0.0,0.0,2.0448,0.0,6.9824,1,39951.0,2.2,0.0,0.0,0.0,1.5143655090816064,1.5314748592990532,1.45288465720133,6.9824,0.0
3704,2006-03-13,SZSE:000768,0.2244,0.0,1.4699,0.0,0.0,2154.81,0.0,0.0,0.0,0.0,0.0,0.0,32.3122,32.7482,32.7482,0.0,0.0,0,2413.5551,43.7771,14.3882,0.0,0.0,2.0448,0.0,0.0,1,39951.0,2.2,0.0,0.0,0.0,0.0,0.0,0.0,0.0,0.0
3705,2006-03-14,SZSE:000768,0.2244,0.0,1.4699,0.0,0.0,2154.81,0.0,0.0,0.0,0.0,0.0,0.0,32.3122,32.7482,32.7482,0.0,0.0,0,2413.5551,43.7771,14.3882,0.0,0.0,2.0448,0.0,0.0,1,39951.0,2.2,0.0,0.0,0.0,0.0,0.0,0.0,0.0,0.0
3706,2006-03-15,SZSE:000768,0.2244,0.0,1.4699,0.0,0.0,2154.81,0.0,0.0,0.0,0.0,0.0,0.0,32.3122,32.7482,32.7482,0.0,0.0,0,2413.5551,43.7771,14.3882,0.0,0.0,2.0448,0.0,0.0,1,39951.0,2.2,0.0,0.0,0.0,0.0,0.0,0.0,0.0,0.0
3707,2006-03-16,SZSE:000768,0.2244,0.0,1.4699,0.0,0.0,2154.81,0.0,0.0,0.0,0.0,0.0,0.0,32.3122,32.7482,32.7482,0.0,0.0,0,2413.5551,43.7771,14.3882,0.0,0.0,2.0448,0.0,0.0,1,39951.0,2.2,0.0,0.0,0.0,0.0,0.0,0.0,0.0,0.0
3708,2006-03-17,SZSE:000768,0.404,0.0,1.4699,0.0,0.0,2154.81,0.0,0.0,0.0,0.0,0.0,0.0,32.3122,32.7482,32.7482,0.0,0.0,0,2413.5551,43.7771,14.3882,0.0,0.0,2.0448,0.0,0.0,1,39951.0,2.2,0.0,0.0,0.0,0.0,0.0,0.0,0.0,0.0
3709,2006-03-20,SZSE:000768,0.404,0.0,1.4699,0.0,0.0,2154.81,0.0,0.0,0.0,0.0,0.0,0.0,32.3122,32.7482,32.7482,0.0,0.0,0,2413.5551,43.7771,14.3882,0.0,0.0,2.0448,0.0,0.0,1,39951.0,2.2,0.0,0.0,0.0,0.0,0.0,0.0,0.0,0.0
3710,2006-03-21,SZSE:000768,0.404,0.0,1.4699,0.0,0.0,2154.81,0.0,0.0,0.0,0.0,0.0,0.0,32.3122,32.7482,32.7482,0.0,0.0,0,2413.5551,43.7771,14.3882,0.0,0.0,2.0448,0.0,0.0,1,39951.0,2.2,0.0,0.0,0.0,0.0,0.0,0.0,0.0,0.0
3711,2006-03-22,SZSE:000768,0.404,0.0,1.4699,0.0,0.0,2154.81,0.0,0.0,0.0,0.0,0.0,0.0,32.3122,32.7482,32.7482,0.0,0.0,0,2413.5551,43.7771,14.3882,0.0,0.0,2.0448,0.0,0.0,1,39951.0,2.2,0.0,0.0,0.0,0.0,0.0,0.0,0.0,0.0
3712,2006-03-23,SZSE:000768,0.404,0.0,1.4699,0.0,0.0,2154.81,0.0,0.0,0.0,0.0,0.0,0.0,32.3122,32.7482,32.7482,0.0,0.0,0,2413.5551,43.7771,14.3882,0.0,0.0,2.0448,0.0,0.0,1,39951.0,2.2,0.0,0.0,0.0,0.0,0.0,0.0,0.0,0.0
3713,2006-03-24,SZSE:000768,0.4571,0.0,1.4699,0.0,0.0,2154.81,0.0,0.0,0.0,0.0,0.0,0.0,32.3122,32.7482,32.7482,0.0,0.0,0,2413.5551,43.7771,14.3882,0.0,0.0,2.0448,0.0,0.0,1,39951.0,2.2,0.0,0.0,0.0,0.0,0.0,0.0,0.0,0.0
3714,2006-03-27,SZSE:000768,0.4571,0.0,1.4699,0.0,0.0,2154.81,0.0,0.0,0.0,0.0,0.0,0.0,32.3122,32.7482,32.7482,0.0,0.0,0,2413.5551,43.7771,14.3882,0.0,0.0,2.0448,0.0,0.0,1,39951.0,2.2,0.0,0.0,0.0,0.0,0.0,0.0,0.0,0.0
3715,2006-03-28,SZSE:000768,0.4571,0.0,1.4699,0.0,0.0,2154.81,0.0,0.0,0.0,0.0,0.0,0.0,32.3122,32.7482,32.7482,0.0,0.0,0,2413.5551,43.7771,14.3882,0.0,0.0,2.0448,0.0,0.0,1,39951.0,2.2,0.0,0.0,0.0,0.0,0.0,0.0,0.0,0.0
3716,2006-03-29,SZSE:000768,0.4571,0.0,1.4699,0.0,0.0,2154.81,0.0,0.0,0.0,0.0,0.0,0.0,32.3122,32.7482,32.7482,0.0,0.0,0,2413.5551,43.7771,14.3882,0.0,0.0,2.0448,0.0,0.0,1,39951.0,2.2,0.0,0.0,0.0,0.0,0.0,0.0,0.0,0.0
3717,2006-03-30,SZSE:000768,0.4571,0.0,1.4699,0.0,0.0,2154.81,0.0,0.0,0.0,0.0,0.0,0.0,32.3122,32.7482,32.7482,0.0,0.0,0,2413.5551,43.7771,14.3882,0.0,0.0,2.0448,0.0,0.0,1,39951.0,2.2,0.0,0.0,0.0,0.0,0.0,0.0,0.0,0.0
3718,2006-03-31,SZSE:000768,0.4529,0.0,1.4699,0.0,0.0,2154.81,0.0,0.0,0.0,0.0,0.0,0.0,32.3122,32.7482,32.7482,0.0,0.0,0,2413.5551,43.7771,14.3882,0.0,0.0,2.0448,0.0,0.0,1,39951.0,2.2,0.0,0.0,0.0,0.0,0.0,0.0,0.0,0.0
3719,2006-04-03,SZSE:000768,0.4529,0.0,1.4699,0.0,0.0,2154.81,0.0,0.0,0.0,0.0,0.0,0.0,32.3122,32.7482,32.7482,0.0,0.0,0,2413.5551,43.7771,14.3882,0.0,0.0,2.0448,0.0,0.0,1,39951.0,2.2,0.0,0.0,0.0,0.0,0.0,0.0,0.0,0.0
3720,2006-04-04,SZSE:000768,0.4529,0.0,1.4699,0.0,0.0,2154.81,0.0,0.0,0.0,0.0,0.0,0.0,32.3122,32.7482,32.7482,0.0,0.0,0,2413.5551,43.7771,14.3882,0.0,0.0,2.0448,0.0,0.0,1,39951.0,2.2,0.0,0.0,0.0,0.0,0.0,0.0,0.0,0.0
3721,2006-04-05,SZSE:000768,0.4529,0.0,1.4699,0.0,0.0,2154.81,0.0,0.0,0.0,0.0,0.0,0.0,32.3122,32.7482,32.7482,0.0,0.0,0,2413.5551,43.7771,14.3882,0.0,0.0,2.0448,0.0,0.0,1,39951.0,2.2,0.0,0.0,0.0,0.0,0.0,0.0,0.0,0.0
3722,2006-04-06,SZSE:000768,0.4529,0.0,1.4699,0.0,0.0,2154.81,0.0,0.0,0.0,0.0,0.0,0.0,32.3122,32.7482,32.7482,0.0,0.0,0,2413.5551,43.7771,14.3882,0.0,0.0,2.0448,0.0,0.0,1,39951.0,2.2,0.0,0.0,0.0,0.0,0.0,0.0,0.0,0.0
3723,2006-04-07,SZSE:000768,0.436,0.0,1.4699,0.0,0.0,2154.81,0.0,0.0,0.0,0.0,0.0,0.0,32.3122,32.7482,32.7482,0.0,0.0,0,2413.5551,43.7771,14.3882,0.0,0.0,2.0448,0.0,0.0,1,39951.0,2.2,0.0,0.0,0.0,0.0,0.0,0.0,0.0,0.0
3724,2006-04-10,SZSE:000768,0.436,1.72,1.6169,1.72,1.72,2370.2948,1.72,0.0,0.0,0.0,0.0,0.0,41.1112,51.9189,51.9189,0.0,0.0,0,2629.04,47.6856,15.6728,0.0,0.0,2.2274,0.0,1.2982,1,39951.0,2.2,0.0,0.0,0.0,1.6169,1.6169,1.6169,1.2982,0.0
3725,2006-04-11,SZSE:000768,0.436,1.8909,1.7776,1.8909,1.8727,2605.8211,1.8909,0.0,0.0,0.0,0.0,0.0,47.9117,63.9987,63.9987,0.0,0.0,0,2864.5662,51.9576,17.0769,0.0,0.0,2.4269,0.0,40.3243,1,39951.0,2.2,0.0,0.0,0.0,1.7776,1.7776,1.7604905177428738,40.3243,0.0
3726,2006-04-12,SZSE:000768,0.436,1.9964,1.8767,2.0582,1.8727,2751.1466,1.8909,0.0,0.0,0.0,0.0,0.0,49.1038,69.1491,69.1491,0.0,0.0,0,3009.8917,54.5935,17.9433,0.0,0.0,2.55,0.0,66.3505,1,39951.0,2.2,0.0,0.0,0.0,1.7775255610098177,1.9347946002805045,1.7604167952314167,66.3505,0.0
3727,2006-04-13,SZSE:000768,0.436,1.8836,1.7707,2.0182,1.88,2595.797,1.9927,0.0,0.0,0.0,0.0,0.0,51.4155,59.3711,59.3711,0.0,0.0,0,2854.5421,51.7757,17.0172,0.0,0.0,2.4184,0.0,24.1422,1,39951.0,2.2,0.0,0.0,0.0,1.8732607188362709,1.897232289233383,1.7673157782968782,24.1422,0.0
3728,2006-04-14,SZSE:000768,0.2252,1.9455,1.8289,1.9673,1.8727,2680.9885,1.8836,0.0,0.0,0.0,0.0,0.0,51.3364,62.5025,62.5025,0.0,0.0,0,2939.7336,53.3209,17.525,0.0,0.0,2.4906,0.0,27.8352,1,39951.0,2.2,0.0,0.0,0.0,1.7707098637882293,1.8493934566949373,1.7604631354407607,27.8352,0.0
3729,2006-04-17,SZSE:000768,0.2252,2.0182,1.8972,2.0545,1.8909,2781.2135,1.9455,0.0,0.0,0.0,0.0,0.0,52.7547,65.8383,65.8383,0.0,0.0,0,3039.9586,55.1388,18.1225,0.0,0.0,2.5755,0.0,43.7608,1,39951.0,2.2,0.0,0.0,0.0,1.8288586859577838,1.9313236547418489,1.777532197007234,43.7608,0.0
3730,2006-04-18,SZSE:000768,0.2252,0.0,1.8972,0.0,0.0,2781.2135,0.0,0.0,0.0,0.0,0.0,0.0,52.7547,65.8383,65.8383,0.0,0.0,0,3039.9586,55.1388,18.1225,0.0,0.0,2.5755,0.0,0.0,1,39951.0,2.2,0.0,0.0,0.0,0.0,0.0,0.0,0.0,0.0
3731,2006-04-19,SZSE:000768,0.2252,0.0,1.8972,0.0,0.0,2781.2135,0.0,0.0,0.0,0.0,0.0,0.0,52.7547,65.8383,65.8383,0.0,0.0,0,3039.9586,55.1388,18.1225,0.0,0.0,2.5755,0.0,0.0,1,39951.0,2.2,0.0,0.0,0.0,0.0,0.0,0.0,0.0,0.0
3732,2006-04-20,SZSE:000768,0.2252,0.0,1.8972,0.0,0.0,2781.2135,0.0,0.0,0.0,0.0,0.0,0.0,52.7547,65.8383,65.8383,0.0,0.0,0,3039.9586,55.1388,18.1225,0.0,0.0,2.5755,0.0,0.0,1,39951.0,2.2,0.0,0.0,0.0,0.0,0.0,0.0,0.0,0.0
3733,2006-04-21,SZSE:000768,0.2414,0.0,1.8972,0.0,0.0,2781.2135,0.0,0.0,0.0,0.0,0.0,0.0,52.7547,65.8383,65.8383,0.0,0.0,0,3039.9586,55.1388,18.1225,0.0,0.0,2.5755,0.0,0.0,1,39951.0,2.2,0.0,0.0,0.0,0.0,0.0,0.0,0.0,0.0
3734,2006-04-24,SZSE:000768,0.2414,0.0,1.8972,0.0,0.0,2781.2135,0.0,0.0,0.0,0.0,0.0,0.0,52.7547,65.8383,65.8383,0.0,0.0,0,3039.9586,55.1388,18.1225,0.0,0.0,2.5755,0.0,0.0,1,39951.0,2.2,0.0,0.0,0.0,0.0,0.0,0.0,0.0,0.0
3735,2006-04-25,SZSE:000768,0.2414,0.0,1.8972,0.0,0.0,2781.2135,0.0,0.0,0.0,0.0,0.0,0.0,52.7547,65.8383,65.8383,0.0,0.0,0,3215.5511,54.6306,19.1944,0.0,0.0,2.5097,0.0,0.0,1,39951.0,2.2,0.0,0.0,0.0,0.0,0.0,0.0,0.0,0.0
3736,2006-04-26,SZSE:000768,0.2414,0.0,1.8972,0.0,0.0,2781.2135,0.0,0.0,0.0,0.0,0.0,0.0,52.7547,65.8383,65.8383,0.0,0.0,0,3215.5511,54.6306,19.1944,0.0,0.0,2.5097,0.0,0.0,1,39951.0,2.2,0.0,0.0,0.0,0.0,0.0,0.0,0.0,0.0
3737,2006-04-27,SZSE:000768,0.2414,0.0,1.8972,0.0,0.0,2781.2135,0.0,0.0,0.0,0.0,0.0,0.0,52.7547,65.8383,65.8383,0.0,0.0,0,3215.5511,54.6306,19.1944,0.0,0.0,2.5097,0.0,0.0,1,39951.0,2.2,0.0,0.0,0.0,0.0,0.0,0.0,0.0,0.0
3738,2006-04-28,SZSE:000768,0.2795,0.0,1.8972,0.0,0.0,2781.2135,0.0,0.0,0.0,0.0,0.0,0.0,52.7547,65.8383,65.8383,0.0,0.0,0,3215.5511,54.6306,19.1944,0.0,0.0,2.5097,0.0,0.0,1,39951.0,2.2,0.0,0.0,0.0,0.0,0.0,0.0,0.0,0.0
3739,2006-05-01,SZSE:000768,0.2795,0.0,1.8972,0.0,0.0,2781.2135,0.0,0.0,0.0,0.0,0.0,0.0,52.7547,65.8383,65.8383,0.0,0.0,0,3215.5511,54.6306,19.1944,0.0,0.0,2.5097,0.0,0.0,1,39951.0,2.2,0.0,0.0,0.0,0.0,0.0,0.0,0.0,0.0
3740,2006-05-02,SZSE:000768,0.2795,0.0,1.8972,0.0,0.0,2781.2135,0.0,0.0,0.0,0.0,0.0,0.0,52.7547,65.8383,65.8383,0.0,0.0,0,3215.5511,54.6306,19.1944,0.0,0.0,2.5097,0.0,0.0,1,39951.0,2.2,0.0,0.0,0.0,0.0,0.0,0.0,0.0,0.0
3741,2006-05-03,SZSE:000768,0.2795,0.0,1.8972,0.0,0.0,2781.2135,0.0,0.0,0.0,0.0,0.0,0.0,52.7547,65.8383,65.8383,0.0,0.0,0,3215.5511,54.6306,19.1944,0.0,0.0,2.5097,0.0,0.0,1,39951.0,2.2,0.0,0.0,0.0,0.0,0.0,0.0,0.0,0.0
3742,2006-05-04,SZSE:000768,0.2795,0.0,1.8972,0.0,0.0,2781.2135,0.0,0.0,0.0,0.0,0.0,0.0,52.7547,65.8383,65.8383,0.0,0.0,0,3215.5511,54.6306,19.1944,0.0,0.0,2.5097,0.0,0.0,1,39951.0,2.2,0.0,0.0,0.0,0.0,0.0,0.0,0.0,0.0
3743,2006-05-05,SZSE:000768,0.2808,0.0,1.8972,0.0,0.0,2781.2135,0.0,0.0,0.0,0.0,0.0,0.0,52.7547,65.8383,65.8383,0.0,0.0,0,3215.5511,54.6306,19.1944,0.0,0.0,2.5097,0.0,0.0,1,39951.0,2.2,0.0,0.0,0.0,0.0,0.0,0.0,0.0,0.0
3744,2006-05-08,SZSE:000768,0.2808,0.0,1.8972,0.0,0.0,2781.2135,0.0,0.0,0.0,0.0,0.0,0.0,52.7547,65.8383,65.8383,0.0,0.0,0,3215.5511,54.6306,19.1944,0.0,0.0,2.5097,0.0,0.0,1,39951.0,2.2,0.0,0.0,0.0,0.0,0.0,0.0,0.0,0.0
3745,2006-05-09,SZSE:000768,0.2808,2.85,2.6792,3.0455,2.6727,3927.5266,2.6818,0.0,0.0,0.0,0.0,0.0,426.6814,83.6996,83.6996,0.0,0.0,0,4361.8642,74.1059,26.0371,0.0,0.0,3.4043,0.0,97.8219,1,39951.0,2.2,0.0,0.0,0.0,2.5210801964912277,2.8629837192982452,2.5125255578947363,97.8219,0.0
3746,2006-05-10,SZSE:000768,0.2808,2.8045,2.6365,2.8545,2.6818,3864.886,2.85,0.0,0.0,0.0,0.0,0.0,427.1383,81.2011,81.2011,0.0,0.0,0,4299.2236,73.0417,25.6631,0.0,0.0,3.3555,0.0,51.8227,1,39951.0,2.2,0.0,0.0,0.0,2.679274380459975,2.6835048136922803,2.521150187199144,51.8227,0.0
3747,2006-05-11,SZSE:000768,0.2808,2.7545,2.5894,2.9545,2.6864,3795.982,2.8045,0.0,0.0,0.0,0.0,0.0,419.9742,78.4279,78.4279,0.0,0.0,0,4230.3196,71.8711,25.2518,0.0,0.0,3.3017,0.0,44.9059,1,39951.0,2.2,0.0,0.0,0.0,2.6364030858595027,2.7774123434380105,2.525381797059357,44.9059,0.0
3748,2006-05-12,SZSE:000768,-0.1777,2.7727,2.6065,2.8636,2.7,3821.0383,2.7273,0.0,0.0,0.0,0.0,0.0,412.8733,78.7126,78.7126,0.0,0.0,0,4255.3758,72.2967,25.4014,0.0,0.0,3.3212,0.0,70.5489,1,39951.0,2.2,0.0,0.0,0.0,2.5638213474230898,2.691951310996502,2.538157752371335,70.5489,0.0
3749,2006-05-15,SZSE:000768,-0.1777,3.05,2.8672,3.05,2.8227,4203.1426,2.8227,0.0,0.0,0.0,0.0,0.0,427.1541,82.5048,82.5048,0.0,0.0,0,4637.4802,78.7885,27.6823,0.0,0.0,3.6195,0.0,83.3516,1,39951.0,2.2,0.0,0.0,0.0,2.6535230950819675,2.8672,2.6535230950819675,83.3516,0.0
3750,2006-05-16,SZSE:000768,-0.1777,2.9727,2.7946,3.3545,2.8636,4096.6543,3.3545,0.0,0.0,0.0,0.0,0.0,427.0308,78.3175,78.3175,0.0,0.0,0,4530.9918,76.9793,27.0466,0.0,0.0,3.5363,0.0,109.6205,1,39951.0,2.2,0.0,0.0,0.0,3.1535256500824165,3.1535256500824165,2.692036384431661,109.6205,0.0
3751,2006-05-17,SZSE:000768,-0.1777,2.9318,2.7561,3.1182,2.7818,4040.2798,2.9818,0.0,0.0,0.0,0.0,0.0,427.2711,76.1152,76.1151,0.0,0.0,0,4474.6173,76.0216,26.7101,0.0,0.0,3.4923,0.0,63.5474,1,39951.0,2.2,0.0,0.0,0.0,2.80310354730882,2.931329224367283,2.6150893580735386,63.5474,0.0
3752,2006-05-18,SZSE:000768,-0.1777,2.8545,2.6835,2.9773,2.8182,3933.79,2.9545,0.0,0.0,0.0,0.0,0.0,420.2762,71.9966,71.9966,0.0,0.0,0,4368.1276,74.2123,26.0745,0.0,0.0,3.4092,0.0,30.0229,1,39951.0,2.2,0.0,0.0,0.0,2.777509458749343,2.798943615344194,2.6493745664739885,30.0229,0.0
3753,2006-05-19,SZSE:000768,-0.4571,3.1409,2.9527,3.1409,2.8682,4328.4239,2.8682,0.0,0.0,0.0,0.0,0.0,413.1468,76.9699,76.9699,0.0,0.0,0,4762.7615,80.917,28.4301,0.0,0.0,3.7172,0.0,78.9137,1,39951.0,2.2,0.0,0.0,0.0,2.6963399471489065,2.9527,2.6963399471489065,78.9137,0.0
3754,2006-05-22,SZSE:000768,-0.4571,3.1818,2.9911,3.3455,3.1591,4384.7998,3.1636,0.0,0.0,0.0,0.0,0.0,426.6735,77.5824,77.5824,0.0,0.0,0,4819.1373,81.8748,28.7666,0.0,0.0,3.7612,0.0,73.3812,1,39951.0,2.2,0.0,0.0,0.0,2.973990810233201,3.144988701364008,2.9697605160600915,73.3812,0.0
3755,2006-05-23,SZSE:000768,-0.4571,2.8636,2.692,3.1455,2.8636,3946.3181,3.1455,0.0,0.0,0.0,0.0,0.0,429.3092,63.4481,63.4481,0.0,0.0,0,4380.6557,74.4252,26.1492,0.0,0.0,3.419,0.0,48.7767,1,39951.0,2.2,0.0,0.0,0.0,2.9570072635842997,2.9570072635842997,2.692,48.7767,0.0
3756,2006-05-24,SZSE:000768,-0.4571,2.6591,2.4997,2.9318,2.5773,3664.4374,2.8182,0.0,0.0,0.0,0.0,0.0,430.9299,56.3419,56.3419,0.0,0.0,0,4098.775,69.6362,24.4666,0.0,0.0,3.199,0.0,54.7698,1,39951.0,2.2,0.0,0.0,0.0,2.6492627355120155,2.756052972810349,2.422803508705953,54.7698,0.0
3757,2006-05-25,SZSE:000768,-0.4571,2.6682,2.5083,2.7045,2.5682,3676.9655,2.6318,0.0,0.0,0.0,0.0,0.0,423.4195,56.5747,56.5747,0.0,0.0,0,4111.3031,69.849,24.5414,0.0,0.0,3.2088,0.0,19.4939,1,39951.0,2.2,0.0,0.0,0.0,2.474081380706094,2.5424246120980434,2.414292804137621,19.4939,0.0
3758,2006-05-26,SZSE:000768,-0.3054,2.7591,2.5937,2.8227,2.5864,3802.2454,2.6909,0.0,0.0,0.0,0.0,0.0,416.0878,58.9329,58.9329,0.0,0.0,0,4236.583,71.9775,25.2892,0.0,0.0,3.3066,0.0,45.0993,1,39951.0,2.2,0.0,0.0,0.0,2.529588391142039,2.653487365445254,2.4313528614403244,45.0993,0.0
3759,2006-05-29,SZSE:000768,-0.3054,2.9091,2.7347,2.9773,2.6864,4008.9574,2.7636,0.0,0.0,0.0,0.0,0.0,422.0439,62.5469,62.5469,0.0,0.0,0,4443.295,75.4894,26.5231,0.0,0.0,3.4679,0.0,52.3204,1,39951.0,2.2,0.0,0.0,0.0,2.5979226977415695,2.798811422776804,2.525350823278677,52.3204,0.0
3760,2006-05-30,SZSE:000768,-0.3054,3.2,3.0082,3.2,2.9136,4409.8546,2.9136,0.0,0.0,0.0,0.0,0.0,414.8545,68.362,68.362,0.0,0.0,0,4844.1922,82.3004,28.9162,0.0,0.0,3.7808,0.0,91.9078,1,39951.0,2.2,0.0,0.0,0.0,2.7389661,3.0082,2.7389661,91.9078,0.0
3761,2006-05-31,SZSE:000768,-0.3054,3.5182,3.3073,3.5182,3.3273,4848.3335,3.4045,0.0,0.0,0.0,0.0,0.0,408.016,73.2535,73.2535,0.0,0.0,0,5282.6711,89.75,31.5336,0.0,0.0,4.123,0.0,58.0215,1,39951.0,2.2,0.0,0.0,0.0,3.2004157950088117,3.3073,3.1278435819453128,58.0215,0.0
3762,2006-06-01,SZSE:000768,-0.3054,3.8682,3.6363,3.8682,3.8682,5330.6615,3.8682,0.0,0.0,0.0,0.0,0.0,407.9686,77.3938,77.3938,0.0,0.0,0,5764.9991,97.9445,34.4127,0.0,0.0,4.4995,0.0,22.7243,1,39951.0,2.2,0.0,0.0,0.0,3.6363,3.6363,3.6363,22.7243,0.0
3763,2006-06-02,SZSE:000768,-0.4321,4.0045,3.7645,4.2545,3.9136,5518.582,4.2545,0.0,0.0,0.0,0.0,0.0,407.7061,78.7726,78.7726,0.0,0.0,0,5952.9196,101.1372,35.5345,0.0,0.0,4.6461,0.0,151.38,1,39951.0,2.2,0.0,0.0,0.0,3.999516856036958,3.999516856036958,3.679047871144962,151.38,0.0
3764,2006-06-05,SZSE:000768,-0.4321,3.7136,3.4911,4.1591,3.6045,5117.6861,3.9955,0.0,0.0,0.0,0.0,0.0,409.4059,69.0915,69.0915,0.0,0.0,0,5552.0237,94.3262,33.1414,0.0,0.0,4.3332,0.0,100.8854,1,39951.0,2.2,0.0,0.0,0.0,3.7561099876130974,3.909907908767772,3.3885367163937956,100.8854,0.0
3765,2006-06-06,SZSE:000768,-0.4321,3.8,3.5722,3.9091,3.6318,5236.7026,3.7182,0.0,0.0,0.0,0.0,0.0,409.126,70.2601,70.2601,0.0,0.0,0,5671.0402,96.3482,33.8519,0.0,0.0,4.4261,0.0,56.0443,1,39951.0,2.2,0.0,0.0,0.0,3.4953036947368425,3.674759742105264,3.4140831473684212,56.0443,0.0
3766,2006-06-07,SZSE:000768,-0.4321,3.4182,3.2133,3.8045,3.4182,4710.5255,3.7909,0.0,0.0,0.0,0.0,0.0,410.9174,59.5423,59.5423,0.0,0.0,0,5144.8631,87.4087,30.711,0.0,0.0,4.0155,0.0,59.104,1,39951.0,2.2,0.0,0.0,0.0,3.5636589345269436,3.576443698437774,3.2133,59.104,0.0
3767,2006-06-08,SZSE:000768,-0.4321,3.3136,3.115,3.4045,3.0818,4566.4541,3.3227,0.0,0.0,0.0,0.0,0.0,411.3522,56.9793,56.9793,0.0,0.0,0,5000.7917,84.961,29.851,0.0,0.0,3.903,0.0,61.205,1,39951.0,2.2,0.0,0.0,0.0,3.1235545931916953,3.2004519253983585,2.8970928899082566,61.205,0.0
3768,2006-06-09,SZSE:000768,0.1245,3.3,3.1022,3.5545,3.1818,4547.6626,3.2727,0.0,0.0,0.0,0.0,0.0,411.1277,56.6369,56.6369,0.0,0.0,0,4982.0002,84.6417,29.7388,0.0,0.0,3.8884,0.0,74.7023,1,39951.0,2.2,0.0,0.0,0.0,3.0765363454545454,3.341445424242424,2.9910848363636364,74.7023,0.0
3769,2006-06-12,SZSE:000768,0.1245,3.0409,2.8587,3.2545,3.0227,4190.6159,3.2136,0.0,0.0,0.0,0.0,0.0,412.3136,50.4347,50.4347,0.0,0.0,0,4624.9535,78.5757,27.6075,0.0,0.0,3.6097,0.0,39.6044,1,39951.0,2.2,0.0,0.0,0.0,3.0210524252688344,3.0595018415600643,2.841590479792166,39.6044,0.0
3770,2006-06-13,SZSE:000768,0.1245,3.0,2.8202,3.1818,2.9455,4134.2386,3.0227,0.0,0.0,0.0,0.0,0.0,406.076,49.5127,49.5127,0.0,0.0,0,4568.5762,77.6179,27.271,0.0,0.0,3.5657,0.0,37.5167,1,39951.0,2.2,0.0,0.0,0.0,2.841539513333333,2.9911041199999997,2.7689663666666666,37.5167,0.0
3771,2006-06-14,SZSE:000768,0.1245,3.3,3.1022,3.3,2.9773,4547.6626,3.0,0.0,0.0,0.0,0.0,0.0,399.8431,55.882,55.882,0.0,0.0,0,4982.0002,84.6417,29.7388,0.0,0.0,3.8884,0.0,73.408,1,39951.0,2.2,0.0,0.0,0.0,2.820181818181818,3.1022,2.798842442424242,73.408,0.0
3772,2006-06-15,SZSE:000768,0.1245,3.3409,3.1407,3.5818,3.2636,4604.0399,3.4,0.0,0.0,0.0,0.0,0.0,393.9091,56.6845,56.6845,0.0,0.0,0,5038.37746,85.5996,30.0753,0.0,0.0,3.9324,0.0,89.4824,1,39951.0,2.2,0.0,0.0,0.0,3.1962584932203897,3.3671643150049384,3.0680321230806067,89.4824,0.0
3773,2006-06-16,SZSE:000768,0.1276,3.4227,3.2176,3.4864,3.3,4716.7903,3.3091,0.0,0.0,0.0,0.0,0.0,388.1554,58.3175,58.3175,0.0,0.0,0,5151.12784,87.5151,30.7484,0.0,0.0,4.0204,0.0,45.1258,1,39951.0,2.2,0.0,0.0,0.0,3.110807304175067,3.2774828760919745,3.102252607590499,45.1258,0.0
3774,2006-06-19,SZSE:000768,0.1276,3.5409,3.3287,3.6227,3.3364,4879.6559,3.3636,0.0,0.0,0.0,0.0,0.0,382.6024,60.6265,60.6265,0.0,0.0,0,5313.9935,90.2821,31.7206,0.0,0.0,4.1475,0.0,42.1629,1,39951.0,2.2,0.0,0.0,0.0,3.1620252817080403,3.40559786777373,3.136455330565675,42.1629,0.0
3775,2006-06-20,SZSE:000768,0.1276,3.7,3.4782,3.7909,3.4773,5098.8946,3.5409,0.0,0.0,0.0,0.0,0.0,377.2581,63.5535,63.5535,0.0,0.0,0,5533.2322,94.0069,33.0293,0.0,0.0,4.3186,0.0,48.1245,1,39951.0,2.2,0.0,0.0,0.0,3.3286374,3.5636509135135137,3.2688499621621623,48.1245,0.0
3776,2006-06-21,SZSE:000768,0.1276,3.6636,3.4441,3.8318,3.6045,5048.7821,3.7318,0.0,0.0,0.0,0.0,0.0,372.4673,62.4114,62.4114,0.0,0.0,0,5483.1197,93.1555,32.7301,0.0,0.0,4.2795,0.0,55.5924,1,39951.0,2.2,0.0,0.0,0.0,3.508213882519926,3.602222507915711,3.3885409023910906,55.5924,0.0
3777,2006-06-22,SZSE:000768,0.1276,3.5864,3.3714,3.7045,3.5773,4942.2951,3.6364,0.0,0.0,0.0,0.0,0.0,367.9863,59.9463,59.9463,0.0,0.0,0,5376.6327,91.3463,32.0945,0.0,0.0,4.1964,0.0,34.8532,1,39951.0,2.2,0.0,0.0,0.0,3.4184025652464864,3.4824200591122016,3.3628455331251397,34.8532,0.0
3778,2006-06-23,SZSE:000768,0.0997,3.7182,3.4953,3.7636,3.5091,5123.9495,3.5864,0.0,0.0,0.0,0.0,0.0,363.2508,62.656,62.656,0.0,0.0,0,5558.2871,94.4326,33.1788,0.0,0.0,4.3381,0.0,38.4083,1,39951.0,2.2,0.0,0.0,0.0,3.37140119412619,3.537978344360174,3.298735202517347,38.4083,0.0
3779,2006-06-26,SZSE:000768,0.0997,3.7682,3.5423,3.9773,3.7545,5192.8535,3.7591,0.0,0.0,0.0,0.0,0.0,358.7873,63.6603,63.6603,0.0,0.0,0,5627.1911,95.6032,33.5901,0.0,0.0,4.3919,0.0,56.0943,1,39951.0,2.2,0.0,0.0,0.0,3.5337455363303434,3.7388646542115596,3.5294213019478797,56.0943,0.0
3780,2006-06-27,SZSE:000768,0.0997,4.0318,3.7902,4.1364,3.7455,5556.1678,3.7773,0.0,0.0,0.0,0.0,0.0,354.4186,68.4745,68.4745,0.0,0.0,0,5990.5053,101.7757,35.7588,0.0,0.0,4.6755,0.0,64.5415,1,39951.0,2.2,0.0,0.0,0.0,3.550950558063396,3.888531990674141,3.521056128776229,64.5415,0.0
3781,2006-06-28,SZSE:000768,0.0997,0.0,3.7902,0.0,0.0,5556.1678,0.0,0.0,0.0,0.0,0.0,0.0,354.4186,68.4745,68.4745,0.0,0.0,0,5990.5053,101.7757,35.7588,0.0,0.0,4.6755,0.0,0.0,1,39951.0,2.2,0.0,0.0,0.0,0.0,0.0,0.0,0.0,0.0
3782,2006-06-29,SZSE:000768,0.0997,4.05,3.8073,4.1273,3.9136,5581.2226,4.0318,0.0,0.0,0.0,0.0,0.0,350.3313,68.7816,68.7816,0.0,0.0,0,6015.5602,102.2014,35.9084,0.0,0.0,4.695,0.0,50.9076,1,39951.0,2.2,0.0,0.0,0.0,3.790190651851852,3.879967725925926,3.6790738962962966,50.9076,0.0
3783,2006-06-30,SZSE:000768,0.101,3.8591,3.6278,4.0682,3.7864,5318.1334,4.0545,0.0,0.0,0.0,0.0,0.0,346.9793,61.9557,61.9557,0.0,0.0,0,5752.471,97.7317,34.3379,0.0,0.0,4.4897,0.0,41.3652,1,39951.0,2.2,0.0,0.0,0.0,3.811488455857583,3.824367329170014,3.55945736570703,41.3652,0.0
3784,2006-07-03,SZSE:000768,0.101,4.0,3.7603,4.1136,3.8182,5512.3186,3.8591,0.0,0.0,0.0,0.0,0.0,343.0217,64.7374,64.7374,0.0,0.0,0,5946.6562,101.0308,35.4971,0.0,0.0,4.6412,0.0,44.1405,1,39951.0,2.2,0.0,0.0,0.0,3.6278434325,3.86709252,3.589394365,44.1405,0.0
3785,2006-07-04,SZSE:000768,0.101,3.9864,3.7474,4.0773,3.9227,5493.5271,4.0182,0.0,0.0,0.0,0.0,0.0,339.3741,64.2478,64.2478,0.0,0.0,0,5927.8647,100.7115,35.3849,0.0,0.0,4.6266,0.0,33.8036,1,39951.0,2.2,0.0,0.0,0.0,3.777293467790488,3.832850195665262,3.6875190598033307,33.8036,0.0
3786,2006-07-05,SZSE:000768,0.101,3.9636,3.7261,4.0909,3.8773,5462.2061,4.0091,0.0,0.0,0.0,0.0,0.0,335.8592,63.3874,63.3874,0.0,0.0,0,5896.5437,100.1794,35.198,0.0,0.0,4.6021,0.0,37.7912,1,39951.0,2.2,0.0,0.0,0.0,3.7688736275103443,3.8457721490564136,3.6449711196891714,37.7912,0.0
3787,2006-07-06,SZSE:000768,0.101,4.3591,4.0978,4.3591,3.9364,6007.1734,3.9909,0.0,0.0,0.0,0.0,0.0,332.4819,70.7319,70.7319,0.0,0.0,0,6441.511,109.4381,38.451,0.0,0.0,5.0275,0.0,75.0,1,39951.0,2.2,0.0,0.0,0.0,3.7516712211236265,4.0978,3.700438145488748,75.0,0.0
3788,2006-07-07,SZSE:000768,0.0867,4.5818,4.3072,4.6773,4.3273,6314.1118,4.4955,0.0,0.0,0.0,0.0,0.0,329.0034,73.9067,73.9067,0.0,0.0,0,6748.4493,114.6528,40.2832,0.0,0.0,5.267,0.0,77.3902,1,39951.0,2.2,0.0,0.0,0.0,4.2260721986992005,4.3969764197476975,4.067952891876555,77.3902,0.0
3789,2006-07-10,SZSE:000768,0.0867,4.5909,4.3157,4.6227,4.4,6326.6399,4.5409,0.0,0.0,0.0,0.0,0.0,328.918,74.0306,74.0305,0.0,0.0,0,6760.9775,114.8657,40.358,0.0,0.0,5.2768,0.0,41.0497,1,39951.0,2.2,0.0,0.0,0.0,4.268697233657887,4.345593759393583,4.136243438105818,41.0497,0.0
3790,2006-07-11,SZSE:000768,0.0867,5.05,4.7473,5.05,4.4909,6959.3026,4.5727,0.0,0.0,0.0,0.0,0.0,328.9227,79.3579,79.3579,0.0,0.0,0,7393.6402,125.6143,44.1345,0.0,0.0,5.7706,0.0,86.6697,1,39951.0,2.2,0.0,0.0,0.0,4.298609645544555,4.7473,4.221712786138614,86.6697,0.0
3791,2006-07-12,SZSE:000768,0.0867,5.1227,4.8157,5.25,4.9545,7059.5263,5.1273,0.0,0.0,0.0,0.0,0.0,328.9702,80.0559,80.0558,0.0,0.0,0,7493.8638,127.3171,44.7328,0.0,0.0,5.8488,0.0,69.644,1,39951.0,2.2,0.0,0.0,0.0,4.820024325062954,4.935370995763952,4.657580114002381,69.644,0.0
3792,2006-07-13,SZSE:000768,0.0867,4.6091,4.3328,5.0591,4.6091,6351.6934,4.9955,0.0,0.0,0.0,0.0,0.0,329.8904,63.679,63.679,0.0,0.0,0,6786.031,115.2913,40.5075,0.0,0.0,5.2964,0.0,85.0037,1,39951.0,2.2,0.0,0.0,0.0,4.696036623201926,4.755824017704107,4.3328,85.0037,0.0
3793,2006-07-14,SZSE:000768,0.0924,4.6273,4.3499,4.7727,4.2773,6376.7496,4.4091,0.0,0.0,0.0,0.0,0.0,329.9884,63.9601,63.96,0.0,0.0,0,6811.0872,115.717,40.6571,0.0,0.0,5.3159,0.0,64.1261,1,39951.0,2.2,0.0,0.0,0.0,4.14478077712705,4.4865834784863745,4.020881998141465,64.1261,0.0
3794,2006-07-17,SZSE:000768,0.0924,4.8818,4.5892,5.0409,4.4909,6727.5358,4.5455,0.0,0.0,0.0,0.0,0.0,330.0026,67.7254,67.7254,0.0,0.0,0,7161.8733,121.6767,42.751,0.0,0.0,5.5897,0.0,44.3247,1,39951.0,2.2,0.0,0.0,0.0,4.273056782334384,4.738764037854889,4.221729337539432,44.3247,0.0
3795,2006-07-18,SZSE:000768,0.0924,4.7591,4.4738,4.9182,4.6409,6558.4054,4.7773,0.0,0.0,0.0,0.0,0.0,326.9447,64.2405,64.2405,0.0,0.0,0,6992.743,118.8033,41.7414,0.0,0.0,5.4577,0.0,25.1671,1,39951.0,2.2,0.0,0.0,0.0,4.490908940766111,4.623362223949906,4.362685890189321,25.1671,0.0
3796,2006-07-19,SZSE:000768,0.0924,4.3955,4.132,4.7409,4.2818,6057.2873,4.7409,0.0,0.0,0.0,0.0,0.0,324.7137,55.1804,55.1804,0.0,0.0,0,6491.6248,110.2895,38.7501,0.0,0.0,5.0666,0.0,56.0058,1,39951.0,2.2,0.0,0.0,0.0,4.456694073484245,4.456694073484245,4.025116050506199,56.0058,0.0
3797,2006-07-20,SZSE:000768,0.0924,4.4091,4.1448,4.6136,4.3864,6076.0774,4.4545,0.0,0.0,0.0,0.0,0.0,321.5973,55.4342,55.4342,0.0,0.0,0,6491.201,109.5713,39.614,0.0,0.0,4.5261,0.0,34.8565,1,39951.0,2.2,0.0,0.0,0.0,4.1874785330339535,4.337041409811526,4.123460733483024,34.8565,0.0
3798,2006-07-21,SZSE:000768,0.084,4.3227,4.0636,4.4909,4.2,5957.0623,4.4364,0.0,0.0,0.0,0.0,0.0,318.7181,53.3726,53.3726,0.0,0.0,0,6372.1858,107.5623,38.8877,0.0,0.0,4.4431,0.0,20.386,1,39951.0,2.2,0.0,0.0,0.0,4.170484891387328,4.221718194646864,3.948254563120272,20.386,0.0
3799,2006-07-24,SZSE:000768,0.084,4.3409,4.0807,4.3909,4.1773,5982.1199,4.1909,0.0,0.0,0.0,0.0,0.0,315.7661,53.7625,53.7625,0.0,0.0,0,6397.2435,107.9853,39.0406,0.0,0.0,4.4606,0.0,14.6225,1,39951.0,2.2,0.0,0.0,0.0,3.9396912230182677,4.127702925660577,3.926906427238591,14.6225,0.0
3800,2006-07-25,SZSE:000768,0.084,4.5,4.2303,4.5318,4.3182,6201.3586,4.3182,0.0,0.0,0.0,0.0,0.0,312.8283,57.1395,57.1394,0.0,0.0,0,6616.4822,111.6861,40.3785,0.0,0.0,4.6135,0.0,26.2743,1,39951.0,2.2,0.0,0.0,0.0,4.059395879999999,4.2601941199999995,4.059395879999999,26.2743,0.0
3801,2006-07-26,SZSE:000768,0.084,4.3636,4.1021,4.5818,4.3545,6013.4381,4.5455,0.0,0.0,0.0,0.0,0.0,310.2748,53.5306,53.5306,0.0,0.0,0,6428.5617,108.514,39.2317,0.0,0.0,4.4824,0.0,21.746,1,39951.0,2.2,0.0,0.0,0.0,4.273099172701439,4.3072238014483455,4.093545341002842,21.746,0.0
3802,2006-07-27,SZSE:000768,0.084,4.1818,3.9312,4.4318,4.1636,5762.8798,4.3636,0.0,0.0,0.0,0.0,0.0,307.8983,49.0796,49.0796,0.0,0.0,0,6178.0033,104.2845,37.7026,0.0,0.0,4.3077,0.0,35.2261,1,39951.0,2.2,0.0,0.0,0.0,4.102105390023435,4.166218413123535,3.9140906595246068,35.2261,0.0
3803,2006-07-28,SZSE:000768,0.0155,4.0455,3.803,4.2455,3.9409,5574.9593,4.1818,0.0,0.0,0.0,0.0,0.0,305.4823,45.9909,45.9909,0.0,0.0,0,5990.0828,101.1125,36.5558,0.0,0.0,4.1767,0.0,26.4611,1,39951.0,2.2,0.0,0.0,0.0,3.9311297491039427,3.9910113706587573,3.704670053145471,26.4611,0.0
3804,2006-07-31,SZSE:000768,0.0155,3.8409,3.6107,4.0864,3.7727,5293.0799,4.0045,0.0,0.0,0.0,0.0,0.0,303.3114,41.7469,41.7469,0.0,0.0,0,5708.2035,96.3543,34.8356,0.0,49.8163,3.9802,3.3509,28.4407,1,39951.0,2.2,0.0,0.0,4.0909,3.764494818922649,3.841486234997006,3.546587489911219,28.4407,0.0
3805,2006-08-01,SZSE:000768,0.0155,3.8409,3.6107,3.95,3.7818,5293.0799,3.8409,0.0,0.0,0.0,0.0,0.0,300.7879,41.7469,41.7469,0.0,0.0,0,5708.2035,96.3543,34.8356,0.0,49.8163,3.9802,3.3509,16.9178,1,39951.0,2.2,0.0,0.0,4.0909,3.6107,3.7132612148194437,3.5551420916972583,16.9178,0.0
3806,2006-08-02,SZSE:000768,0.0155,3.8136,3.5851,3.9,3.7273,5255.4941,3.8636,0.0,0.0,0.0,0.0,0.0,298.3593,41.1595,41.1596,0.0,0.0,0,5670.6177,95.7199,34.6062,0.0,49.4883,3.954,3.3288,11.7073,1,39951.0,2.2,0.0,0.0,4.0909,3.6321041430669183,3.6663231592196346,3.5039708490664987,11.7073,0.0
3807,2006-08-03,SZSE:000768,0.0155,3.9182,3.6833,3.9273,3.7909,5399.5655,3.8318,0.0,0.0,0.0,0.0,0.0,295.9038,44.3893,44.3893,0.0,0.0,0,5814.6891,98.1518,35.4854,0.0,50.7456,4.0544,3.4134,15.812,1,39951.0,2.2,0.0,0.0,4.0909,3.602079766219182,3.691854445919044,3.563631762033587,15.812,0.0
3808,2006-08-04,SZSE:000768,0.0013,3.5273,3.3159,3.9591,3.5273,4860.8616,3.9318,0.0,0.0,0.0,0.0,0.0,294.7037,36.3539,36.354,0.0,0.0,0,5275.9852,89.0585,32.1979,0.0,46.0443,3.6788,3.0972,31.8087,1,39951.0,2.2,0.0,0.0,4.0909,3.696157293113713,3.7218211351458623,3.3159,31.8087,0.0
3809,2006-08-07,SZSE:000768,0.0013,3.4909,3.2817,3.5773,3.3864,4810.7519,3.4773,0.0,0.0,0.0,0.0,0.0,292.4427,35.7065,35.7065,0.0,0.0,0,5225.8755,88.2127,31.8921,0.0,45.607,3.6439,3.0678,22.8969,1,39951.0,2.2,0.0,0.0,4.0909,3.2689150104557565,3.3629222865163713,3.1834623965166573,22.8969,0.0
3810,2006-08-08,SZSE:000768,0.0013,3.6,3.3842,3.6182,3.4864,4961.0866,3.4909,0.0,0.0,0.0,0.0,0.0,290.1516,39.2049,39.2049,0.0,0.0,0,5376.2102,90.7503,32.8095,0.0,46.919,3.7487,3.156,17.3737,1,39951.0,2.2,0.0,0.0,4.0909,3.2816399388888886,3.401309011111111,3.2774096888888886,17.3737,0.0
3811,2006-08-09,SZSE:000768,0.0013,3.6818,3.4611,3.7545,3.5591,5073.8398,3.6318,0.0,0.0,0.0,0.0,0.0,83.9284,41.7643,41.7643,0.0,0.0,0,5488.9633,92.6536,33.4976,0.0,47.903,3.8273,3.2222,24.0691,1,39951.0,2.2,0.0,0.0,4.0909,3.414097175294693,3.529442107121517,3.3457550681731765,24.0691,0.0
3812,2006-08-10,SZSE:000768,0.0013,3.7409,3.5167,3.8,3.6545,5155.2719,3.6727,0.0,0.0,0.0,0.0,0.0,83.8652,43.6107,43.6107,0.0,0.0,0,5570.3955,94.0281,33.9946,0.0,48.6137,3.8841,3.27,15.0425,1,39951.0,2.2,0.0,0.0,4.0909,3.452587369349622,3.572258012777674,3.435478133604213,15.0425,0.0
3813,2006-08-11,SZSE:000768,0.0073,3.7091,3.4868,3.7773,3.6455,5111.4214,3.7773,0.0,0.0,0.0,0.0,0.0,83.7861,42.8233,42.8234,0.0,0.0,0,5526.545,93.2879,33.727,0.0,48.231,3.8535,3.2443,12.2503,1,39951.0,2.2,0.0,0.0,4.0909,3.5509125232536194,3.5509125232536194,3.427011781833868,12.2503,0.0
3814,2006-08-14,SZSE:000768,0.0073,3.4591,3.2518,3.7591,3.3864,4766.9014,3.7091,0.0,0.0,0.0,0.0,0.0,85.0431,37.1485,37.1485,0.0,0.0,0,5182.025,87.4725,31.6244,0.0,45.2243,3.6133,3.042,23.1948,1,39951.0,2.2,0.0,0.0,4.0909,3.4868177791911186,3.533821335029343,3.183456829811223,23.1948,0.0
3815,2006-08-15,SZSE:000768,0.0073,3.5818,3.3671,3.6227,3.4,4936.0318,3.4636,0.0,0.0,0.0,0.0,0.0,83.3007,41.2635,41.2635,0.0,0.0,0,5351.1553,90.3274,32.6566,0.0,46.7003,3.7312,3.1413,20.9643,1,39951.0,2.2,0.0,0.0,4.0909,3.2559851359651577,3.4055483751186557,3.1961974426266124,20.9643,0.0
3816,2006-08-16,SZSE:000768,0.0073,3.7364,3.5124,3.7727,3.5409,5149.0071,3.5636,0.0,0.0,0.0,0.0,0.0,83.4683,46.0533,46.0533,0.0,0.0,0,5564.1307,93.9224,33.9563,0.0,48.559,3.8797,3.2663,24.1143,1,39951.0,2.2,0.0,0.0,4.0909,3.3499594904185845,3.54652378760304,3.3286203725511188,24.1143,0.0
3817,2006-08-17,SZSE:000768,0.0073,3.8545,3.6235,3.9864,3.6773,5311.87,3.7136,0.0,0.0,0.0,0.0,0.0,83.5695,49.4482,49.4482,0.0,0.0,0,5726.9936,96.6715,34.9502,0.0,49.9803,3.9933,3.3619,55.5367,1,39951.0,2.2,0.0,0.0,4.0909,3.491044130237385,3.7474952393306524,3.4569195874951353,55.5367,0.0
3818,2006-08-18,SZSE:000768,-0.0001,3.8455,3.615,3.9227,3.8227,5299.3433,3.8227,0.0,0.0,0.0,0.0,0.0,83.3545,49.1917,49.1918,0.0,0.0,0,5714.4668,96.4601,34.8738,0.0,49.871,3.9845,3.3546,17.8378,1,39951.0,2.2,0.0,0.0,4.0909,3.5935666363281764,3.687572617344949,3.5935666363281764,17.8378,0.0
3819,2006-08-21,SZSE:000768,-0.0001,3.9045,3.6705,3.9091,3.6409,5380.774,3.6818,0.0,0.0,0.0,0.0,0.0,81.3923,50.9716,50.9716,0.0,0.0,0,5795.8976,97.8346,35.3707,0.0,50.5816,4.0413,3.4024,15.9376,1,39951.0,2.2,0.0,0.0,4.0909,3.4611466000768343,3.674824318094507,3.422697771801767,15.9376,0.0
3820,2006-08-22,SZSE:000768,-0.0001,4.0136,3.7731,4.0773,3.8909,5531.1101,3.9227,0.0,0.0,0.0,0.0,0.0,81.5109,54.164,54.164,0.0,0.0,0,5946.2337,100.3723,36.2882,0.0,51.8937,4.1461,3.4906,25.5991,1,39951.0,2.2,0.0,0.0,4.0909,3.687646843233007,3.832983015248156,3.6577523395455445,25.5991,0.0
3821,2006-08-23,SZSE:000768,-0.0001,4.0364,3.7944,4.2,4.0136,5562.4311,4.0227,0.0,0.0,0.0,0.0,0.0,78.57,54.8239,54.8239,0.0,0.0,0,5977.5547,100.901,36.4793,0.0,52.167,4.168,3.509,38.8978,1,39951.0,2.2,0.0,0.0,4.0909,3.7815213754831034,3.9481914577346147,3.7729669606580116,38.8978,0.0
3822,2006-08-24,SZSE:000768,-0.0001,4.1182,3.8714,4.1273,3.9409,5675.1815,4.0318,0.0,0.0,0.0,0.0,0.0,77.0078,57.2124,57.2124,0.0,0.0,0,6090.3051,102.8042,37.1674,0.0,53.151,4.2466,3.5752,20.9609,1,39951.0,2.2,0.0,0.0,4.0909,3.7901778738283713,3.8799546452333544,3.7047254285853044,20.9609,0.0
3823,2006-08-25,SZSE:000768,-0.0288,4.2091,3.9568,4.3182,4.1364,5800.4614,4.1636,0.0,0.0,0.0,0.0,0.0,77.0615,59.7582,59.7582,0.0,0.0,0,6215.585,104.9189,37.932,0.0,54.2443,4.3339,3.6488,46.95,1,39951.0,2.2,0.0,0.0,4.0909,3.9140273407616823,4.05936037632748,3.8884577510631724,46.95,0.0
3824,2006-08-28,SZSE:000768,-0.0288,4.3091,4.0508,4.3636,4.2045,5938.2694,4.2045,0.0,0.0,0.0,0.0,0.0,76.9524,62.4078,62.4078,0.0,0.0,0,6353.393,107.2451,38.773,0.0,55.447,4.43,3.7297,29.8911,1,39951.0,2.2,0.0,0.0,4.0909,3.952470028544244,4.10203311132255,3.952470028544244,29.8911,0.0
3825,2006-08-29,SZSE:000768,-0.0288,4.2182,3.9654,4.35,4.2045,5812.9895,4.3091,0.0,0.0,0.0,0.0,0.0,76.5919,58.6285,58.6285,0.0,0.0,0,6228.1131,105.1304,38.0084,0.0,54.3537,4.3427,3.6561,32.7646,1,39951.0,2.2,0.0,0.0,4.0909,4.050852292447015,4.089301123702052,3.952521051633398,32.7646,0.0
3826,2006-08-30,SZSE:000768,-0.0288,4.2727,4.0166,4.3409,4.1591,5888.1583,4.1773,0.0,0.0,0.0,0.0,0.0,74.5033,60.1864,60.1864,0.0,0.0,0,6303.2818,106.3992,38.4672,0.0,55.0097,4.3951,3.7002,22.5599,1,39951.0,2.2,0.0,0.0,4.0909,3.9269181501158514,4.080712181992651,3.9098090341002174,22.5599,0.0
3827,2006-08-31,SZSE:000768,-0.0288,4.1818,3.9312,4.3182,4.1591,5762.8798,4.2818,0.0,0.0,0.0,0.0,0.0,72.4573,56.3761,56.3762,0.0,0.0,0,6178.0033,104.2845,37.7026,0.0,53.9163,4.3077,3.6267,17.9756,1,39951.0,2.2,0.0,0.0,4.0909,4.025207365249414,4.0594260462002,3.909860328088383,17.9756,0.0
3828,2006-09-01,SZSE:000768,-0.061,3.9727,3.7346,4.2182,3.9545,5474.7343,4.1773,0.0,0.0,0.0,0.0,0.0,70.8445,48.7341,48.734,0.0,0.0,0,5889.8578,99.4207,35.9442,0.0,51.4017,4.1068,3.4575,26.8322,1,39951.0,2.2,0.0,0.0,4.0909,3.926937493392403,3.9653861907518815,3.717490799708007,26.8322,0.0
3829,2006-09-04,SZSE:000768,-0.061,4.3682,4.1064,4.3682,3.95,6019.7015,3.9636,0.0,0.0,0.0,0.0,0.0,72.9364,59.826,59.826,0.0,0.0,0,6434.8251,108.6197,39.2699,0.0,56.1577,4.4868,3.7775,56.1541,1,39951.0,2.2,0.0,0.0,4.0909,3.7260489538024815,4.1064,3.713264044686599,56.1541,0.0
3830,2006-09-05,SZSE:000768,-0.061,4.6591,4.3798,4.7955,4.3818,6420.5974,4.3818,0.0,0.0,0.0,0.0,0.0,72.3434,65.7044,65.7044,0.0,0.0,0,6835.721,115.3868,41.7165,0.0,59.6563,4.7663,4.0128,69.848,1,39951.0,2.2,0.0,0.0,4.0909,4.11912335858857,4.508023201905948,4.11912335858857,69.848,0.0
3831,2006-09-06,SZSE:000768,-0.061,4.6636,4.3841,4.8636,4.5909,6426.8621,4.65,0.0,0.0,0.0,0.0,0.0,72.2407,65.7886,65.7886,0.0,0.0,0,6841.9857,115.4926,41.7547,0.0,59.711,4.7707,4.0165,43.5377,1,39951.0,2.2,0.0,0.0,4.0909,4.371315078480145,4.5721135517625875,4.3157570739343,43.5377,0.0
3832,2006-09-07,SZSE:000768,-0.061,4.5955,4.32,4.85,4.5909,6332.9033,4.6545,0.0,0.0,0.0,0.0,0.0,69.0056,63.278,63.278,0.0,0.0,0,6748.0268,113.9065,41.1813,0.0,58.891,4.7052,3.9613,45.7851,1,39951.0,2.2,0.0,0.0,4.0909,4.375462952888695,4.559242737460559,4.3156757697747805,45.7851,0.0
3833,2006-09-08,SZSE:000768,-0.1236,4.8091,4.5209,4.8682,4.5682,6627.3094,4.5727,0.0,0.0,0.0,0.0,0.0,69.0942,67.4673,67.4673,0.0,0.0,0,7042.433,118.8761,42.978,0.0,61.4603,4.9105,4.1341,48.2873,1,39951.0,2.2,0.0,0.0,4.0909,4.298666991744818,4.576458252063795,4.294436667983615,48.2873,0.0
3834,2006-09-11,SZSE:000768,-0.1236,4.9273,4.6319,5.1591,4.7955,6790.1736,4.8364,0.0,0.0,0.0,0.0,0.0,69.1606,69.5377,69.5376,0.0,0.0,0,7205.2972,121.6252,43.9719,0.0,62.8817,5.024,4.2298,71.9992,1,39951.0,2.2,0.0,0.0,4.0909,4.546449609319506,4.849803196476771,4.508001633754795,71.9992,0.0
3835,2006-09-12,SZSE:000768,-0.1236,4.7273,4.4439,4.9545,4.7182,6514.5576,4.9545,0.0,0.0,0.0,0.0,0.0,67.5921,62.3108,62.3108,0.0,0.0,0,6929.6812,116.9729,42.2899,0.0,60.4763,4.8319,4.068,61.4981,1,39951.0,2.2,0.0,0.0,4.0909,4.657479438580163,4.657479438580163,4.4353455418526435,61.4981,0.0
3836,2006-09-13,SZSE:000768,-0.1236,4.5136,4.2431,4.7136,4.5045,6220.1501,4.6045,0.0,0.0,0.0,0.0,0.0,68.2767,55.6569,55.657,0.0,0.0,0,6635.2737,112.0033,40.4932,0.0,57.907,4.6266,3.8951,40.1582,1,39951.0,2.2,0.0,0.0,4.0909,4.328552363966678,4.431114002126905,4.2345453629032255,40.1582,0.0
3837,2006-09-14,SZSE:000768,-0.1236,4.5864,4.3115,4.6273,4.3909,6320.3751,4.5091,0.0,0.0,0.0,0.0,0.0,65.9699,57.3275,57.3275,0.0,0.0,0,6735.4987,113.6951,41.1049,0.0,58.7817,4.6965,3.954,38.8568,1,39951.0,2.2,0.0,0.0,4.0909,4.23883321341357,4.349948532618175,4.127717894208965,38.8568,0.0
3838,2006-09-15,SZSE:000768,-0.1238,4.7273,4.4439,4.7909,4.5273,6514.5576,4.5636,0.0,0.0,0.0,0.0,0.0,66.1406,60.4375,60.4375,0.0,0.0,0,6929.6812,116.9729,42.2899,0.0,60.4763,4.8319,4.068,41.332,1,39951.0,2.2,0.0,0.0,4.0909,4.290013758382164,4.503687201996912,4.255889930827323,41.332,0.0
3839,2006-09-18,SZSE:000768,-0.1238,4.7273,4.4439,4.8182,4.6818,6514.5576,4.7227,0.0,0.0,0.0,0.0,0.0,66.041,60.4375,60.4375,0.0,0.0,0,6929.6812,116.9729,42.2899,0.0,60.4763,4.8319,4.068,21.8478,1,39951.0,2.2,0.0,0.0,4.0909,4.4395757684090285,4.529350576438983,4.401127709263217,21.8478,0.0
3840,2006-09-19,SZSE:000768,-0.1238,4.5364,4.2645,4.7727,4.5136,6251.4711,4.75,0.0,0.0,0.0,0.0000,0.0,66.3968,54.2276,54.2276,0.0,0.0,0,6666.5947,112.532,40.6844,0.0,58.1803,4.6484,3.9135,39.5639,1,39951.0,2.2,0.0,0.0,4.0909,4.465297372365752,4.486636793492637,4.243066572612644,39.5639,0.0
3841,2006-09-20,SZSE:000768,-0.1238,4.6955,4.414,4.7364,4.4773,6470.7113,4.5409,0.0,0.0,0.0,0.0000,0.0,66.1991,58.092,58.092,0.0,0.0,0,6885.8348,116.2327,42.0223,0.0,60.0937,4.8013,4.0422,36.0468,1,39951.0,2.2,0.0,0.0,4.0909,4.268668427217548,4.452448003407517,4.208881311894366,36.0468,0.0
3842,2006-09-21,SZSE:000768,-0.1238,4.5909,4.3157,4.7,4.55,6326.6399,4.6818,0.0,0.0,0.0,0.0000,0.0,66.3462,54.8168,54.8168,0.0,0.0,0,6741.7635,113.8008,41.1431,0.0,58.8364,4.7008,3.9576,23.5022,1,39951.0,2.2,0.0,0.0,5.0,4.401151029209958,4.418260036158487,4.2772517371321515,23.5022,0.0
3843,2006-09-22,SZSE:000768,-0.1301,4.8864,4.5935,5.05,4.5545,6733.7991,4.5864,0.0,0.0,0.0,0.0000,0.0,67.1494,61.4342,61.4342,0.0,0.0,0,7148.9227,120.6736,43.6279,0.0,62.3897,4.9847,4.1967,110.1495,1,39951.0,2.2,0.0,0.0,5.0,4.311482563850688,4.747293508513424,4.28149470980681,110.1495,0.0
3844,2006-09-25,SZSE:000768,-0.1301,0.0,4.5935,0.0,0.0,6733.7991,0.0,0.0,0.0,0.0,0.0000,0.0,67.1494,61.4342,61.4342,0.0,0.0,0,7148.9227,120.6736,43.6279,0.0,62.3897,4.9847,4.1967,0.0,1,39951.0,2.2,0.0,0.0,5.0,0.0,0.0,0.0,0.0,0.0
3845,2006-09-26,SZSE:000768,-0.1301,0.0,4.5935,0.0,0.0,6733.7991,0.0,0.0,0.0,0.0,0.0000,0.0,67.1494,61.4342,61.4342,0.0,0.0,0,7148.9227,120.6736,43.6279,0.0,62.3897,4.9847,4.1967,0.0,1,39951.0,2.2,0.0,0.0,5.0,0.0,0.0,0.0,0.0,0.0
3846,2006-09-27,SZSE:000768,-0.1301,0.0,4.5935,0.0,0.0,6733.7991,0.0,0.0,0.0,0.0,0.0000,0.0,67.1494,61.4342,61.4342,0.0,0.0,0,7148.9227,120.6736,43.6279,0.0,62.3897,4.9847,4.1967,0.0,1,39951.0,2.2,0.0,0.0,5.0,0.0,0.0,0.0,0.0,0.0
3847,2006-09-28,SZSE:000768,-0.1301,0.0,4.5935,0.0,0.0,6733.7991,0.0,0.0,0.0,0.0,0.0000,0.0,67.1494,61.4342,61.4342,0.0,0.0,0,7148.9227,120.6736,43.6279,0.0,62.3897,4.9847,4.1967,0.0,1,39951.0,2.2,0.0,0.0,5.0,0.0,0.0,0.0,0.0,0.0
3848,2006-09-29,SZSE:000768,-0.1478,0.0,4.5935,0.0,0.0,6733.7991,0.0,0.0,0.0,0.0,0.0000,0.0,67.1494,61.4342,61.4342,0.0,0.0,0,7148.9227,120.6736,43.6279,0.0,56.8277,4.9847,3.9271,0.0,1,39951.0,2.2,0.0,0.0,5.0,0.0,0.0,0.0,0.0,0.0
3849,2006-10-02,SZSE:000768,-0.1478,0.0,4.5935,0.0,0.0,6733.7991,0.0,0.0,0.0,0.0,0.0000,0.0,67.1494,61.4342,61.4342,0.0,0.0,0,7148.9227,120.6736,43.6279,0.0,56.8277,4.9847,3.9271,0.0,1,39951.0,2.2,0.0,0.0,5.0,0.0,0.0,0.0,0.0,0.0
3850,2006-10-03,SZSE:000768,-0.1478,0.0,4.5935,0.0,0.0,6733.7991,0.0,0.0,0.0,0.0,0.0000,0.0,67.1494,61.4342,61.4342,0.0,0.0,0,7148.9227,120.6736,43.6279,0.0,56.8277,4.9847,3.9271,0.0,1,39951.0,2.2,0.0,0.0,5.0,0.0,0.0,0.0,0.0,0.0
3851,2006-10-04,SZSE:000768,-0.1478,0.0,4.5935,0.0,0.0,6733.7991,0.0,0.0,0.0,0.0,0.0000,0.0,67.1494,61.4342,61.4342,0.0,0.0,0,7148.9227,120.6736,43.6279,0.0,56.8277,4.9847,3.9271,0.0,1,39951.0,2.2,0.0,0.0,5.0,0.0,0.0,0.0,0.0,0.0
3852,2006-10-05,SZSE:000768,-0.1478,0.0,4.5935,0.0,0.0,6733.7991,0.0,0.0,0.0,0.0,0.0000,0.0,67.1494,61.4342,61.4342,0.0,0.0,0,7148.9227,120.6736,43.6279,0.0,56.8277,4.9847,3.9271,0.0,1,39951.0,2.2,0.0,0.0,5.0,0.0,0.0,0.0,0.0,0.0
3853,2006-10-06,SZSE:000768,-0.1852,0.0,4.5935,0.0,0.0,6733.7991,0.0,0.0,0.0,0.0,0.0000,0.0,67.1494,61.4342,61.4342,0.0,0.0,0,7148.9227,120.6736,43.6279,0.0,56.8277,4.9847,3.9271,0.0,1,39951.0,2.2,0.0,0.0,5.0,0.0,0.0,0.0,0.0,0.0
3854,2006-10-09,SZSE:000768,-0.1852,0.0,4.5935,0.0,0.0,6733.7991,0.0,0.0,0.0,46.7148,0.0000,0.0,67.1494,61.4342,61.4342,0.0,0.0,0,7148.9227,120.6736,43.6279,0.0,56.8277,4.9847,3.9271,0.0,1,39951.0,2.2,0.0,0.0,5.0,0.0,0.0,0.0,0.0,0.0
3855,2006-10-10,SZSE:000768,-0.1852,0.0,4.5935,0.0,0.0,6733.7991,0.0,0.0,0.0,46.7148,0.0000,0.0,67.1494,61.4342,61.4342,0.0,0.0,0,7148.9227,120.6736,43.6279,0.0,56.8277,4.9847,3.9271,0.0,1,39951.0,2.2,0.0,0.0,5.0,0.0,0.0,0.0,0.0,0.0
3856,2006-10-11,SZSE:000768,-0.1852,0.0,4.5935,0.0,0.0,6733.7991,0.0,0.0,0.0,46.7148,0.0000,0.0,67.1494,61.4342,61.4342,0.0,0.0,0,7148.9227,120.6736,43.6279,0.0,56.8277,4.9847,3.9271,0.0,1,39951.0,2.2,0.0,0.0,5.0,0.0,0.0,0.0,0.0,0.0
3857,2006-10-12,SZSE:000768,-0.1852,0.0,4.5935,0.0,0.0,6733.7991,0.0,0.0,0.0,46.7148,0.0000,0.0,67.1494,61.4342,61.4342,0.0,0.0,0,7148.9227,120.6736,43.6279,0.0,56.8277,4.9847,3.9271,0.0,1,39951.0,2.2,0.0,0.0,5.0,0.0,0.0,0.0,0.0,0.0
3858,2006-10-13,SZSE:000768,-0.2366,0.0,4.5935,0.0,0.0,6733.7991,0.0,0.0,0.0,46.7148,0.0000,0.0,67.1494,61.4342,61.4342,0.0,0.0,0,7148.9227,120.6736,43.6279,0.0,56.8277,4.9847,3.9271,0.0,1,39951.0,2.2,0.0,0.0,5.0,0.0,0.0,0.0,0.0,0.0
3859,2006-10-16,SZSE:000768,-0.2366,5.3773,5.055,5.3773,5.3773,7410.3096,5.3773,0.0,0.0,49.4689,0.0000,0.0,64.765,69.4423,69.4423,0.0,0.0,0,7825.4332,132.0931,47.7564,0.0,64.5224,5.4564,2.8786,8.3808,1,39951.0,2.2,0.0,0.0,5.6061,5.055,5.055,5.055,8.3808,0.0
3860,2006-10-17,SZSE:000768,-0.2366,5.0727,4.7687,5.5136,5.0545,6990.6223,5.4455,0.0,0.0,46.6672,0.0000,0.0,65.1287,60.9824,60.9824,0.0,0.0,0,7405.7458,125.0088,45.1952,0.0,61.062,5.1638,2.7242,107.6861,1,39951.0,2.2,0.0,0.0,5.6061,5.119158603899304,5.1831774636781205,4.751590701204487,107.6861,0.0
3861,2006-10-18,SZSE:000768,-0.2366,5.3182,4.9994,5.3864,5.0,7328.8775,5.0091,0.0,0.0,48.9253,0.0000,0.0,65.6536,64.7136,64.7136,0.0,0.0,0,7744.0011,130.7186,47.2595,0.0,63.8509,5.3997,2.8487,52.2212,1,39951.0,2.2,0.0,0.0,5.6061,4.708829028618705,5.063511744575232,4.700274528975969,52.2212,0.0
3862,2006-10-19,SZSE:000768,-0.2366,5.1909,4.8798,5.3455,5.1591,7153.4879,5.2955,0.0,0.0,47.7545,0.0000,0.0,63.3151,61.4331,61.4331,0.0,0.0,0,7568.6115,127.758,46.1891,0.0,62.4048,5.2774,2.7842,29.9622,1,39951.0,2.2,0.0,0.0,5.6061,4.97813113332948,5.0251345431428085,4.849905831358724,29.9622,0.0
3863,2006-10-20,SZSE:000768,-0.2242,5.2273,4.914,5.3636,5.1591,7203.5976,5.2727,0.0,0.0,48.089,0.0000,0.0,63.3199,62.0254,62.0254,0.0,0.0,0,7618.7212,128.6038,46.4949,0.0,62.818,5.3123,2.8026,21.0294,1,39951.0,2.2,0.0,0.0,5.6061,4.956678935588163,5.042130813230539,4.849887590151703,21.0294,0.0
3864,2006-10-23,SZSE:000768,-0.2242,4.8,4.5123,5.3182,4.7045,6614.7826,5.2636,0.0,0.0,44.1582,0.0000,0.0,66.1153,51.9328,51.9328,0.0,0.0,0,7029.9062,118.6646,42.9015,0.0,57.9631,4.9017,2.586,40.5638,1,39951.0,2.2,0.0,0.0,5.6061,4.948112975,4.9994403875,4.42252403125,40.5638,0.0
3865,2006-10-24,SZSE:000768,-0.2242,4.9545,4.6576,5.0909,4.8,6827.758,4.8,0.0,0.0,45.58,0.0000,0.0,66.4395,54.7978,54.7978,0.0,0.0,0,7242.8816,122.2597,44.2013,0.0,59.7191,5.0502,2.6643,27.7638,1,39951.0,2.2,0.0,0.0,5.6061,4.512358462004238,4.785826186295288,4.512358462004238,27.7638,0.0
3866,2006-10-25,SZSE:000768,-0.2242,4.9045,4.6106,5.0773,4.8545,6758.854,5.0,0.0,0.0,45.12,0.0000,0.0,66.0631,53.6829,53.6829,0.0,0.0,0,7230.6509,107.2899,40.7023,0.0,59.6183,4.4471,2.6598,20.6575,1,39951.0,2.2,0.0,0.0,5.6061,4.700377204608013,4.773045036191253,4.56359622795392,20.6575,0.0
3867,2006-10-26,SZSE:000768,-0.2242,4.8364,4.5465,4.9455,4.7773,6664.8951,4.8545,0.0,0.0,44.4928,0.0000,0.0,65.7548,52.1256,52.1256,0.0,0.0,0,7136.692,105.8957,40.1734,0.0,58.8435,4.3894,2.6253,19.2998,1,39951.0,2.2,0.0,0.0,5.6061,4.56351506285667,4.649060406500702,4.490942529567447,19.2998,0.0
3868,2006-10-27,SZSE:000768,-0.2448,4.9409,4.6448,4.9909,4.7727,6808.9679,4.8182,0.0,0.0,45.4545,0.0000,0.0,65.1081,54.3142,54.3142,0.0,0.0,0,7280.7648,108.0335,40.9844,0.0,60.0315,4.478,2.6783,20.2655,1,39951.0,2.2,0.0,0.0,5.6061,4.529453208929547,4.691803582343297,4.486679948997146,20.2655,0.0
3869,2006-10-30,SZSE:000768,-0.2448,4.8682,4.5764,4.9409,4.7591,6708.7415,4.8955,0.0,0.0,44.7855,0.0000,0.0,64.7208,52.5156,52.5156,0.0,0.0,0,7180.5384,106.5463,40.4202,0.0,59.2051,4.4163,2.6414,18.9833,1,39951.0,2.2,0.0,0.0,5.6061,4.602063637484081,4.644742360626104,4.473839456061788,18.9833,0.0
3870,2006-10-31,SZSE:000768,-0.2448,5.2864,4.9695,5.3545,4.9,7285.0311,4.9045,0.0,0.0,48.6326,0.0000,0.0,65.7833,60.5955,60.5955,0.0,0.0,0,7756.828,115.0974,43.6642,0.0,63.9567,4.7708,2.8534,43.7296,1,39951.0,2.2,0.0,0.0,5.6061,4.610493483277844,5.033517658519975,4.606263241525424,43.7296,0.0
3871,2006-11-01,SZSE:000768,-0.2448,5.1727,4.8627,5.3636,5.0955,7128.4303,5.2864,0.0,0.0,47.5872,0.0000,0.0,66.0616,57.7212,57.7212,0.0,0.0,0,7600.2272,112.7737,42.7827,0.0,62.6655,4.6745,2.7958,24.3111,1,39951.0,2.2,0.0,0.0,5.6061,4.969585957043711,5.04215935971543,4.790126597328282,24.3111,0.0
3872,2006-11-02,SZSE:000768,-0.2448,5.1136,4.8071,5.2682,5.0045,7046.9981,5.1727,0.0,0.0,47.0436,0.0000,0.0,66.1106,56.2276,56.2276,0.0,0.0,0,7518.795,111.5654,42.3243,0.0,61.9941,4.6244,2.7658,22.8024,1,39951.0,2.2,0.0,0.0,5.6061,4.862657652143303,4.952433553660826,4.704539258056947,22.8024,0.0
3873,2006-11-03,SZSE:000768,-0.2364,5.0455,4.743,5.2,5.0091,6953.0393,5.1136,0.0,0.0,46.4163,0.0000,0.0,66.0663,54.4761,54.4761,0.0,0.0,0,7424.8362,110.1713,41.7954,0.0,61.2194,4.5666,2.7313,17.3548,1,39951.0,2.2,0.0,0.0,5.6061,4.807017104350412,4.888237042909524,4.708782340699634,17.3548,0.0
3874,2006-11-06,SZSE:000768,-0.2364,5.0682,4.7644,5.1636,5.0045,6984.3575,5.05,0.0,0.0,46.6254,0.0000,0.0,61.2154,54.9795,54.9795,0.0,0.0,0,7456.1544,110.636,41.9717,0.0,61.4776,4.5858,2.7428,20.1773,1,39951.0,2.2,0.0,0.0,5.6061,4.747290951422596,4.8540814963892505,4.704518329979086,20.1773,0.0
3875,2006-11-07,SZSE:000768,-0.2364,4.9,4.6063,5.0591,4.7636,6752.5906,5.0364,0.0,0.0,45.0782,0.0000,0.0,61.7656,50.5266,50.5266,0.0,0.0,0,7224.3875,107.197,40.6671,0.0,59.5666,4.4433,2.6575,26.9727,1,39951.0,2.2,0.0,0.0,5.6061,4.734524351020408,4.755863740816326,4.478075648979591,26.9727,0.0
3876,2006-11-08,SZSE:000768,-0.2364,4.8545,4.5636,5.0227,4.7864,6689.95,4.8545,0.0,0.0,44.66,0.0000,0.0,61.6201,49.3629,49.3629,0.0,0.0,0,7161.7469,106.2675,40.3145,0.0,59.0501,4.4048,2.6345,19.6095,1,39951.0,2.2,0.0,0.0,5.6061,4.5636,4.721720819857865,4.499580809558142,19.6095,0.0
3877,2006-11-09,SZSE:000768,-0.2364,4.9045,4.6106,4.9682,4.8273,6758.854,4.8591,0.0,0.0,45.12,0.0000,0.0,61.5158,50.7077,50.7077,0.0,0.0,0,7230.6509,107.2899,40.7023,0.0,59.6183,4.4471,2.6598,17.4506,1,39951.0,2.2,0.0,0.0,5.6061,4.56792057498216,4.6704828055867065,4.5380261759608524,17.4506,0.0
3878,2006-11-10,SZSE:000768,-0.26,4.8364,4.5465,4.9455,4.7682,6664.8951,4.9045,0.0,0.0,44.4928,0.0000,0.0,61.6217,48.8043,48.8043,0.0,0.0,0,7136.692,105.8957,40.1734,0.0,58.8435,4.3894,2.6253,16.1003,1,39951.0,2.2,0.0,0.0,5.6061,4.61051799892482,4.649060406500702,4.482387995203044,16.1003,0.0
3879,2006-11-13,SZSE:000768,-0.26,4.5773,4.3029,4.8409,4.4364,6307.8456,4.7818,0.0,0.0,42.1092,0.0000,0.0,62.9799,42.3056,42.3056,0.0,0.0,0,6779.6425,100.5977,38.1635,0.0,55.8996,4.1698,2.4939,35.6618,1,39951.0,2.2,0.0,0.0,5.6061,4.495140633124331,4.550697706071265,4.170446673803334,35.6618,0.0
3880,2006-11-14,SZSE:000768,-0.26,4.5682,4.2944,4.6182,4.3864,6295.3175,4.5773,0.0,0.0,42.0256,0.0000,0.0,60.7505,42.0938,42.0938,0.0,0.0,0,6767.1144,100.4118,38.093,0.0,55.7963,4.1621,2.4893,15.2346,1,39951.0,2.2,0.0,0.0,5.6061,4.3029545816733075,4.341403196007181,4.123496379317894,15.2346,0.0
3881,2006-11-15,SZSE:000768,-0.26,4.7818,4.4952,4.7955,4.5455,6589.7278,4.5909,0.0,0.0,43.991,0.0000,0.0,61.0604,48.6056,48.6056,0.0,0.0,0,7061.5247,104.7804,39.7503,0.0,58.2238,4.3431,2.5976,15.9143,1,39951.0,2.2,0.0,0.0,5.6061,4.315741703960851,4.508078882429211,4.273062779706387,15.9143,0.0
3882,2006-11-16,SZSE:000768,-0.26,4.5455,4.273,4.7636,4.5318,6263.9993,4.7636,0.0,0.0,41.8165,0.0000,0.0,61.7403,42.8625,42.8625,0.0,0.0,0,6735.7962,99.9471,37.9167,0.0,55.5381,4.1428,2.4778,20.0963,1,39951.0,2.2,0.0,0.0,5.6061,4.478025035749643,4.478025035749643,4.260121306786932,20.0963,0.0
3883,2006-11-17,SZSE:000768,-0.2367,4.6,4.3243,4.7455,4.4909,6339.1666,4.5227,0.0,0.0,42.3183,0.0000,0.0,61.4604,44.4925,44.4925,0.0,0.0,0,6810.9635,101.0625,38.3398,0.0,56.1578,4.189,2.5054,12.0331,1,39951.0,2.2,0.0,0.0,5.6061,4.251632958695653,4.461079489130435,4.221738884782609,12.0331,0.0
3884,2006-11-20,SZSE:000768,-0.2367,4.6818,4.4012,4.7136,4.5227,6451.9198,4.6136,0.0,0.0,43.071,0.0000,0.0,61.5253,46.9377,46.9377,0.0,0.0,0,6923.7167,102.7355,38.9745,0.0,57.0875,4.2584,2.5469,25.4431,1,39951.0,2.2,0.0,0.0,5.6061,4.337087513349567,4.431094092015891,4.251635533341878,25.4431,0.0
3885,2006-11-21,SZSE:000768,-0.2367,4.8636,4.5721,4.9045,4.5955,6702.4781,4.6773,0.0,0.0,44.7437,0.0000,0.0,61.9443,51.9981,51.9981,0.0,0.0,0,7174.275,106.4534,40.385,0.0,59.1534,4.4125,2.6391,24.3594,1,39951.0,2.2,0.0,0.0,5.6061,4.3969658956328646,4.61054865737314,4.320068580886586,24.3594,0.0
3886,2006-11-22,SZSE:000768,-0.2367,4.8182,4.5294,4.9773,4.7727,6639.8375,4.8409,0.0,0.0,44.3255,0.0000,0.0,61.7909,50.6964,50.6964,0.0,0.0,0,7111.6344,105.5239,40.0324,0.0,58.6369,4.3739,2.6161,18.381,1,39951.0,2.2,0.0,0.0,5.6061,4.55073937570047,4.678963642023993,4.486627242538708,18.381,0.0
3887,2006-11-23,SZSE:000768,-0.2367,4.9,4.6063,4.9864,4.7727,6752.5906,4.7727,0.0,0.0,45.0782,0.0000,0.0,61.8589,52.9782,52.9782,0.0,0.0,0,7224.3875,107.197,40.6671,0.0,59.5666,4.4433,2.6575,21.5195,1,39951.0,2.2,0.0,0.0,5.6061,4.486630206122449,4.687521289795917,4.486630206122449,21.5195,0.0
3888,2006-11-24,SZSE:000768,-0.2251,4.8864,4.5935,4.9,4.7727,6733.7991,4.8955,0.0,0.0,44.9527,0.0000,0.0,61.7656,52.5418,52.5418,0.0,0.0,0,7205.596,106.9181,40.5613,0.0,59.4117,4.4317,2.6506,19.7094,1,39951.0,2.2,0.0,0.0,5.6061,4.602054528896528,4.606284790438768,4.48661539169941,19.7094,0.0
3889,2006-11-27,SZSE:000768,-0.2251,5.1773,4.867,5.3091,4.9045,7134.6936,4.9455,0.0,0.0,47.629,0.0000,0.0,62.8092,60.0946,60.0946,0.0,0.0,0,7606.4905,112.8667,42.818,0.0,62.7171,4.6783,2.7981,35.6872,1,39951.0,2.2,0.0,0.0,5.6061,4.649092866938365,4.990900604562224,4.610550190253607,35.6872,0.0
3890,2006-11-28,SZSE:000768,-0.2251,5.0909,4.7858,5.2455,5.0,7015.6799,5.1136,0.0,0.0,46.8345,0.0000,0.0,62.8202,57.185,57.185,0.0,0.0,0,7487.4768,111.1007,42.148,0.0,61.7358,4.6051,2.7543,18.6582,1,39951.0,2.2,0.0,0.0,5.6061,4.807139578463533,4.931134750240625,4.700347679192284,18.6582,0.0
3891,2006-11-29,SZSE:000768,-0.2251,5.1591,4.8499,5.2227,4.9364,7109.6374,4.9955,0.0,0.0,47.4617,0.0000,0.0,62.6099,58.8778,58.8778,0.0,0.0,0,7581.4343,112.4949,42.6769,0.0,62.5105,4.6629,2.7889,23.7935,1,39951.0,2.2,0.0,0.0,5.6061,4.696105028008762,4.909688265395126,4.640547064410459,23.7935,0.0
3892,2006-11-30,SZSE:000768,-0.2251,5.1727,4.8627,5.2955,5.1318,7128.4303,5.1591,0.0,0.0,47.5872,0.0000,0.0,62.5783,59.225,59.225,0.0,0.0,0,7600.2272,112.7737,42.7827,0.0,62.6655,4.6745,2.7958,30.5383,1,39951.0,2.2,0.0,0.0,5.6061,4.849915048233997,4.978140593887138,4.8242511377037145,30.5383,0.0
3893,2006-12-01,SZSE:000768,-0.1911,5.4227,5.0977,5.4273,5.0364,7472.9503,5.1727,0.0,0.0,49.8871,0.0000,0.0,62.3649,65.0514,65.0514,0.0,0.0,0,7944.7472,117.8858,44.7221,0.0,65.5061,4.8863,2.9225,54.7012,1,39951.0,2.2,0.0,0.0,5.6061,4.862683310896785,5.102024307079499,4.7345522119977135,54.7012,0.0
3894,2006-12-04,SZSE:000768,-0.1911,5.5,5.1703,5.6227,5.3545,7579.4386,5.3955,0.0,0.0,50.598,0.0000,0.0,59.0334,66.6382,66.6382,0.0,0.0,0,8051.2355,119.4659,45.3215,0.0,66.3842,4.9518,2.9617,47.2214,1,39951.0,2.2,0.0,0.0,5.6061,5.0720643,5.285644692727272,5.033522063636363,47.2214,0.0
3895,2006-12-05,SZSE:000768,-0.1911,5.3818,5.0593,5.5091,5.3636,7416.5758,5.4909,0.0,0.0,49.5108,0.0000,0.0,57.7037,62.0016,62.0016,0.0,0.0,0,7888.3727,117.0493,44.4047,0.0,65.0413,4.8517,2.9018,27.4053,1,39951.0,2.2,0.0,0.0,5.6061,5.161862270987402,5.178971650748821,5.042190620238582,27.4053,0.0
3896,2006-12-06,SZSE:000768,-0.1911,5.0318,4.7302,5.3545,4.9091,6934.2478,5.3545,0.0,0.0,46.2909,0.0000,0.0,59.7971,50.7414,50.7414,0.0,0.0,0,7406.0447,109.8924,41.6896,0.0,61.0644,4.555,2.7244,39.9562,1,39951.0,2.2,0.0,0.0,5.6061,5.033557752692873,5.033557752692873,4.614854489447116,39.9562,0.0
3897,2006-12-07,SZSE:000768,-0.1911,4.9773,4.679,5.1818,4.9545,6859.0776,4.9955,0.0,0.0,45.7891,0.0000,0.0,59.7512,49.2404,49.2404,0.0,0.0,0,7330.8745,108.777,41.2665,0.0,60.4446,4.5088,2.6967,28.9202,1,39951.0,2.2,0.0,0.0,5.6061,4.696109235931128,4.871243887248107,4.657566451690677,28.9202,0.0
3898,2006-12-08,SZSE:000768,-0.2128,4.85,4.5593,5.0455,4.8091,6683.6866,4.9364,0.0,0.0,44.6182,0.0000,0.0,59.2073,45.8338,45.8338,0.0,0.0,0,7155.4835,106.1745,40.2792,0.0,58.9985,4.4009,2.6322,20.8937,1,39951.0,2.2,0.0,0.0,5.6061,4.640521344329898,4.743082092783506,4.520851470103094,20.8937,0.0
3899,2006-12-11,SZSE:000768,-0.2128,5.0727,4.7687,5.1045,4.8455,6990.6223,4.85,0.0,0.0,46.6672,0.0000,0.0,59.8113,52.0816,52.0816,0.0,0.0,0,7462.4192,110.7289,42.007,0.0,61.5292,4.5897,2.7451,16.7971,1,39951.0,2.2,0.0,0.0,5.6061,4.55934610759556,4.798594269324028,4.555115786464802,16.7971,0.0
3900,2006-12-12,SZSE:000768,-0.2128,5.0227,4.7217,5.1591,4.9318,6921.7183,5.0909,0.0,0.0,46.2072,0.0000,0.0,59.0935,50.6687,50.6687,0.0,0.0,0,7393.5152,109.7065,41.6191,0.0,60.9611,4.5473,2.7197,21.1423,1,39951.0,2.2,0.0,0.0,5.6061,4.785812915364246,4.849925830728492,4.636247448583431,21.1423,0.0
3901,2006-12-13,SZSE:000768,-0.2128,5.0409,4.7388,5.1227,4.9545,6946.7759,5.0455,0.0,0.0,46.3745,0.0000,0.0,58.0926,51.1873,51.1873,0.0,0.0,0,7418.5728,110.0783,41.7602,0.0,61.1677,4.5627,2.729,16.4798,1,39951.0,2.2,0.0,0.0,5.6061,4.743124323037553,4.8156977444503966,4.657577932512052,16.4798,0.0
3902,2006-12-14,SZSE:000768,-0.2128,5.1955,4.8841,5.3091,4.9636,7159.7513,5.0,0.0,0.0,47.7963,0.0000,0.0,58.3519,55.4722,55.4722,0.0,0.0,0,7631.5482,113.2385,42.959,0.0,62.9237,4.6937,2.8073,28.3556,1,39951.0,2.2,0.0,0.0,5.6061,4.700317582523337,4.99089121547493,4.666099270522568,28.3556,0.0
3903,2006-12-15,SZSE:000768,-0.2129,5.3682,5.0464,5.3864,5.1364,7397.7815,5.15,0.0,0.0,49.3853,0.0000,0.0,58.4136,59.7272,59.7272,0.0,0.0,0,7869.5784,116.7704,44.2989,0.0,64.8864,4.8401,2.8949,41.8794,1,39951.0,2.2,0.0,0.0,5.6061,4.841280131142655,5.063508989978018,4.828495391378861,41.8794,0.0
3904,2006-12-18,SZSE:000768,-0.2129,5.3727,5.0507,5.5136,5.2818,7404.0463,5.3727,0.0,0.0,49.4271,0.0000,0.0,58.412,59.836,59.836,0.0,0.0,0,7875.8432,116.8634,44.3342,0.0,64.938,4.844,2.8972,38.2868,1,39951.0,2.2,0.0,0.0,5.6061,5.0507,5.183155493513504,4.965247875369926,38.2868,0.0
3905,2006-12-19,SZSE:000768,-0.2129,5.3,4.9823,5.4545,5.1818,7303.8226,5.4,0.0,0.0,48.758,0.0000,0.0,57.6784,57.1752,57.1752,0.0,0.0,0,7775.6195,115.3763,43.77,0.0,64.1116,4.7823,2.8603,33.426,1,39951.0,2.2,0.0,0.0,5.6061,5.076305660377359,5.12753874528302,4.8711853094339626,33.426,0.0
3906,2006-12-20,SZSE:000768,-0.2129,5.7727,5.4267,5.8318,5.1818,7955.2783,5.2182,0.0,0.0,53.107,0.0000,0.0,60.1639,67.3411,67.3411,0.0,0.0,0,8427.0752,125.0427,47.4372,0.0,69.483,5.183,3.0999,102.7212,1,39951.0,2.2,0.0,0.0,5.6061,4.9054352278829665,5.4822577060994,4.871216945276907,102.7212,0.0
3907,2006-12-21,SZSE:000768,-0.2129,5.5455,5.2131,5.7636,5.5364,7642.0793,5.7182,0.0,0.0,51.0161,0.0000,0.0,60.6904,59.9704,59.9704,0.0,0.0,0,8113.8762,120.3954,45.6741,0.0,66.9006,4.9904,2.9847,49.9278,1,39951.0,2.2,0.0,0.0,5.6061,5.375448276981337,5.4181269786313235,5.204545458479849,49.9278,0.0
3908,2006-12-22,SZSE:000768,-0.2081,5.4318,5.1063,5.7227,5.4273,7485.4798,5.4773,0.0,0.0,49.9707,0.0000,0.0,59.4287,56.6327,56.6327,0.0,0.0,0,7957.2767,118.0717,44.7926,0.0,65.6094,4.8941,2.9271,30.6609,1,39951.0,2.2,0.0,0.0,5.6061,5.149073417651607,5.379767850436319,5.1020696619905,30.6609,0.0
3909,2006-12-25,SZSE:000768,-0.2081,5.6318,5.2943,5.7182,5.4318,7761.0958,5.4318,0.0,0.0,51.8107,0.0000,0.0,59.3117,60.771,60.771,0.0,0.0,0,8232.8927,122.1614,46.3441,0.0,67.882,5.0636,3.0285,32.374,1,39951.0,2.2,0.0,0.0,5.6061,5.106285510849106,5.375522259313186,5.106285510849106,32.374,0.0
3910,2006-12-26,SZSE:000768,-0.2081,5.5545,5.2216,5.7318,5.5227,7654.606,5.5909,0.0,0.0,51.0998,0.0000,0.0,58.8405,58.4502,58.4502,0.0,0.0,0,8126.4029,120.5812,45.7446,0.0,67.0039,4.9981,2.9893,21.4873,1,39951.0,2.2,0.0,0.0,5.6061,5.255818424700693,5.38827381042398,5.191705881717526,21.4873,0.0
3911,2006-12-27,SZSE:000768,-0.2081,5.6,5.2644,5.6773,5.5136,7717.2466,5.5545,0.0,0.0,51.5179,0.0000,0.0,58.2839,59.4316,59.4316,0.0,0.0,0,8189.0435,121.5107,46.0972,0.0,67.5204,5.0366,3.0124,20.6024,1,39951.0,2.2,0.0,0.0,5.6061,5.22162675,5.337067521428572,5.183177828571429,20.6024,0.0
3912,2006-12-28,SZSE:000768,-0.2081,5.4136,5.0892,5.6455,5.3045,7460.4221,5.6136,0.0,0.0,49.8035,0.0000,0.0,58.2618,53.8187,53.8187,0.0,0.0,0,7932.219,117.6999,44.6515,0.0,65.4028,4.8786,2.9179,37.4646,1,39951.0,2.2,0.0,0.0,5.6061,5.277215368701049,5.3072038200088665,4.986637616373578,37.4646,0.0
3913,2006-12-29,SZSE:000768,-0.2298,5.3182,4.9994,5.5455,5.3091,7328.8775,5.4091,0.0,0.0,39.9563,0.0000,0.0,57.8713,51.1539,51.1539,0.0,0.0,0,7800.6744,115.748,43.9111,0.0,57.8873,4.7977,2.3862,45.6239,1,39951.0,2.2,0.0,0.0,5.6061,5.084850990936782,5.213074480087247,4.990845500357263,45.6239,0.0
3914,2007-01-01,SZSE:000768,-0.2298,0.0,4.9994,0.0,0.0,7328.8775,0.0,0.0,0.0,39.9563,0.0000,0.0,57.8713,51.1539,51.1539,0.0,0.0,0,7800.6744,115.748,43.9111,0.0,57.8873,4.7977,2.3862,0.0,1,39951.0,2.2,0.0,0.0,5.6061,0.0,0.0,0.0,0.0,0.0
3915,2007-01-02,SZSE:000768,-0.2298,0.0,4.9994,0.0,0.0,7328.8775,0.0,0.0,0.0,39.9563,0.0000,0.0,57.8713,51.1539,51.1539,0.0,0.0,0,7800.6744,115.748,43.9111,0.0,57.8873,4.7977,2.3862,0.0,1,39951.0,2.2,0.0,0.0,5.6061,0.0,0.0,0.0,0.0,0.0
3916,2007-01-03,SZSE:000768,-0.2298,0.0,4.9994,0.0,0.0,7328.8775,0.0,0.0,0.0,39.9563,0.0000,0.0,57.8713,51.1539,51.1539,0.0,0.0,0,7800.6744,115.748,43.9111,0.0,57.8873,4.7977,2.3862,0.0,1,39951.0,2.2,0.0,0.0,5.6061,0.0,0.0,0.0,0.0,0.0
3917,2007-01-04,SZSE:000768,-0.2298,5.5136,5.1832,5.75,5.3409,7598.2301,5.3409,0.0,0.0,41.4248,0.0000,0.0,57.8064,55.9622,55.9622,0.0,0.0,0,8070.027,119.7447,45.4273,0.0,59.8861,4.9634,2.4686,57.4946,1,39951.0,2.2,0.0,0.0,5.6061,5.020848969820082,5.405433836331979,5.020848969820082,57.4946,0.0
3918,2007-01-05,SZSE:000768,-0.2854,5.8636,5.5122,6.0,5.4909,8080.5581,5.5,0.0,0.0,44.0544,0.0000,0.0,58.6223,62.9882,62.9882,0.0,0.0,0,8552.355,126.9016,48.1424,0.0,63.4653,5.2601,2.6162,56.0168,1,39951.0,2.2,0.0,0.0,5.6061,5.170390203970257,5.640425677058463,5.1618355583600515,56.0168,0.0
3919,2007-01-08,SZSE:000768,-0.2854,6.3545,5.9737,6.45,5.9909,8757.07,6.0,0.0,0.0,47.7426,0.0000,0.0,60.2762,70.1757,70.1756,0.0,0.0,0,9228.8669,136.9398,51.9505,0.0,68.4856,5.6761,2.8231,81.9455,1,39951.0,2.2,0.0,0.0,5.6061,5.640443779998426,6.063477063498308,5.631889106932095,81.9455,0.0
3920,2007-01-09,SZSE:000768,-0.2854,6.5045,6.1147,6.6455,6.2727,8963.782,6.4545,0.0,0.0,48.8696,0.0000,0.0,59.8793,71.967,71.967,0.0,0.0,0,9435.5789,140.0071,53.1142,0.0,70.0196,5.8033,2.8863,55.6622,1,39951.0,2.2,0.0,0.0,5.6061,6.067696387116612,6.247250188331155,5.896791250672612,55.6622,0.0
3921,2007-01-10,SZSE:000768,-0.2854,6.6909,6.2899,6.9455,6.4909,9220.6079,6.5045,0.0,0.0,50.2698,0.0000,0.0,59.5615,74.0523,74.0522,0.0,0.0,0,9692.4048,143.8179,54.5599,0.0,71.9254,5.9612,2.9649,47.3918,1,39951.0,2.2,0.0,0.0,5.6061,6.114671352134989,6.52924127546369,6.1018864293293875,47.3918,0.0
3922,2007-01-11,SZSE:000768,-0.2854,6.5,6.1104,6.8227,6.4091,8957.5186,6.6727,0.0,0.0,48.8355,0.0000,0.0,59.4666,68.4362,68.4362,0.0,0.0,0,9429.3155,139.9141,53.0789,0.0,69.9731,5.7994,2.8844,36.2969,1,39951.0,2.2,0.0,0.0,5.6061,6.272748627692307,6.413757858461539,6.024948406153846,36.2969,0.0
3923,2007-01-12,SZSE:000768,-0.3301,6.5545,6.1617,6.75,6.4091,9032.686,6.4773,0.0,0.0,49.2453,0.0000,0.0,58.9828,69.156,69.156,0.0,0.0,0,9504.4829,141.0295,53.502,0.0,70.5309,5.8456,2.9074,32.4365,1,39951.0,2.2,0.0,0.0,5.6061,6.089126464261194,6.345484018613166,6.02501357388054,32.4365,0.0
3924,2007-01-15,SZSE:000768,-0.3301,7.2091,6.777,7.2091,6.5682,9934.7014,6.5682,0.0,0.0,54.163,0.0000,0.0,61.2154,76.1764,76.1764,0.0,0.0,0,10406.4983,154.4138,58.5796,0.0,77.2246,6.4004,3.1833,41.4951,1,39951.0,2.2,0.0,0.0,5.6061,6.174514349918852,6.777,6.174514349918852,41.4951,0.0
3925,2007-01-16,SZSE:000768,-0.3301,7.9318,7.4564,7.9318,7.4091,10930.6798,7.5455,0.0,0.0,59.5929,0.0000,0.0,61.2043,81.2509,81.2509,0.0,0.0,0,11402.4767,169.1923,64.1861,0.0,84.6155,7.013,3.488,49.2527,1,39951.0,2.2,0.0,0.0,5.6061,7.093253259033259,7.4564,6.965028523159938,49.2527,0.0
3926,2007-01-17,SZSE:000768,-0.3301,7.9909,7.512,8.3636,7.6818,11012.1119,7.9318,0.0,0.0,60.0369,0.0000,0.0,59.7971,81.596,81.596,0.0,0.0,0,11483.9088,170.4006,64.6445,0.0,85.2198,7.0631,3.5129,62.1672,1,39951.0,2.2,0.0,0.0,5.6061,7.45644190266428,7.8623638388667105,7.221424570448885,62.1672,0.0
3927,2007-01-18,SZSE:000768,-0.3301,8.0909,7.606,8.1864,7.3545,11149.9199,7.9318,0.0,0.0,59.6675,0.0000,0.0,59.2563,82.1934,82.1934,0.0,0.0,0,11621.7168,172.4454,65.4202,0.0,86.2425,7.1478,3.5551,39.4399,1,39951.0,2.2,0.0,0.0,5.6061,7.456435106106861,7.695776539074765,6.913733577228739,39.4399,0.0
3928,2007-01-19,SZSE:000768,-0.2584,8.5364,8.0247,8.6818,8.1864,11763.7911,8.1909,0.0,0.0,62.9525,0.0000,0.0,59.6485,84.5928,84.5928,0.0,0.0,0,12235.588,181.5542,68.8758,0.0,90.7979,7.5254,3.7429,33.4487,1,39951.0,2.2,0.0,0.0,5.6061,7.699910410711774,8.161384243943584,7.695680155569092,33.4487,0.0
3929,2007-01-22,SZSE:000768,-0.2584,8.5182,8.0076,8.6227,8.3091,11738.7335,8.5545,0.0,0.0,62.8184,0.0000,0.0,59.6817,84.0947,84.0947,0.0,0.0,0,12210.5304,181.1824,68.7347,0.0,0.0,7.51,2.6563,37.6493,1,39951.0,2.2,0.0,0.0,5.6061,8.041724096640136,8.105836035782206,7.811033922659717,37.6493,0.0
3930,2007-01-23,SZSE:000768,-0.2584,8.1545,7.6658,8.5,7.7955,11237.614,8.5,0.0,0.0,60.1368,0.0000,0.0,57.604,74.6303,74.6303,0.0,0.0,0,11709.4109,173.7467,65.9139,0.0,0.0,7.2018,2.5472,44.7767,1,39951.0,2.2,0.0,0.0,5.6061,7.990594150469065,7.990594150469065,7.3283149058801875,44.7767,0.0
3931,2007-01-24,SZSE:000768,-0.2584,8.1818,7.6914,8.4091,7.7045,11275.1998,7.9591,0.0,0.0,60.3379,0.0000,0.0,57.4191,74.8588,74.8588,0.0,0.0,0,11746.9967,174.3044,66.1254,0.0,0.0,7.2249,2.5554,46.1468,1,39951.0,2.2,0.0,0.0,5.6061,7.482048172773717,7.905076112835806,7.242708364907477,46.1468,0.0
3932,2007-01-25,SZSE:000768,-0.2584,7.5455,7.0932,8.0455,7.5273,10398.2393,7.9909,0.0,0.0,55.6449,0.0000,0.0,59.9947,61.0414,61.0414,0.0,0.0,0,10870.0362,161.2918,61.1889,0.0,0.0,6.6855,2.3646,38.8892,1,39951.0,2.2,0.0,0.0,5.6061,7.511901382280831,7.563228493804255,7.076090962825527,38.8892,0.0
3933,2007-01-26,SZSE:000768,-0.2365,7.6318,7.1744,7.6818,7.0455,10517.2558,7.3864,0.0,0.0,56.2818,0.0000,0.0,59.8524,62.0648,62.0648,0.0,0.0,0,10989.0527,163.0578,61.8589,0.0,0.0,6.7587,2.3905,29.7374,1,39951.0,2.2,0.0,0.0,5.6061,6.9437076652952125,7.221403328179459,6.6232389737676565,29.7374,0.0
3934,2007-01-29,SZSE:000768,-0.2365,7.6364,7.1787,7.7227,7.2727,10523.5191,7.5045,0.0,0.0,56.3154,0.0000,0.0,59.7971,62.1212,62.1212,0.0,0.0,0,10995.316,163.1508,61.8941,0.0,0.0,6.7626,2.3919,36.8522,1,39951.0,2.2,0.0,0.0,5.6061,7.05470564009219,7.259827469750143,6.836798948457389,36.8522,0.0
3935,2007-01-30,SZSE:000768,-0.2365,7.9864,7.5077,8.1045,7.5273,11005.8471,7.6273,0.0,0.0,58.8965,0.0000,0.0,60.1022,66.2784,66.2784,0.0,0.0,0,11477.644,170.3077,64.6092,0.0,0.0,7.0592,2.4968,41.4187,1,39951.0,2.2,0.0,0.0,5.6061,7.1701242374536704,7.618721157217269,7.076118177151158,41.4187,0.0
3936,2007-01-31,SZSE:000768,-0.2365,7.2318,6.7984,7.9545,7.1864,9966.0238,7.9545,0.0,0.0,53.5294,0.0000,0.0,61.8842,52.8197,52.8197,0.0,0.0,0,10437.8207,154.8785,58.7559,0.0,0.0,6.4197,2.2706,29.6048,1,39951.0,2.2,0.0,0.0,6.3637,7.477788766282253,7.477788766282253,6.755720810863132,29.6048,0.0
3937,2007-02-01,SZSE:000768,-0.2365,7.15,6.7215,7.2682,6.9136,9853.2706,7.0455,0.0,0.0,52.9238,0.0000,0.0,61.7387,51.5962,51.5962,0.0,0.0,0,10325.0675,153.2055,58.1212,0.0,0.0,6.3503,2.2461,24.9362,1,39951.0,2.2,0.0,0.0,6.3637,6.623262692307692,6.8326162657342655,6.4992674685314675,24.9362,0.0
3938,2007-02-02,SZSE:000768,-0.3062,7.0818,6.6574,7.4045,7.0409,9759.3118,7.1818,0.0,0.0,52.4191,0.0000,0.0,61.7182,50.5455,50.5455,0.0,0.0,0,10231.1087,151.8113,57.5923,0.0,0.0,6.2926,2.2257,22.0855,1,39951.0,2.2,0.0,0.0,6.3637,6.751407173317518,6.960761148295631,6.6189510661131346,22.0855,0.0
3939,2007-02-05,SZSE:000768,-0.3062,7.6273,7.1701,7.7909,7.0636,10510.9896,7.0818,0.0,0.0,56.4565,0.0000,0.0,63.1064,57.927,57.927,0.0,0.0,0,10982.7865,162.9649,61.8236,0.0,0.0,6.7549,2.3892,37.0796,1,39951.0,2.2,0.0,0.0,6.3637,6.657298674498184,7.3238933947792795,6.640189629357701,37.0796,0.0
3940,2007-02-06,SZSE:000768,-0.3062,8.1364,7.6487,8.2545,7.3409,11212.5591,7.7273,0.0,0.0,60.2247,0.0000,0.0,64.1547,63.4156,63.4156,0.0,0.0,0,11684.356,173.3749,65.7728,0.0,0.0,7.1864,2.5418,55.9727,1,39951.0,2.2,0.0,0.0,6.3637,7.264121664372449,7.759721025269161,6.900882679071826,55.9727,0.0
3941,2007-02-07,SZSE:000768,-0.3062,8.8,8.2726,8.9455,8.1409,12127.1026,8.2773,0.0,0.0,65.1369,0.0000,0.0,65.1303,69.0785,69.0785,0.0,0.0,0,12598.8995,186.9451,70.9209,0.0,0.0,7.7488,2.7407,70.811,1,39951.0,2.2,0.0,0.0,6.3637,7.781226361363637,8.409379920454544,7.653001061363637,70.811,0.0
3942,2007-02-08,SZSE:000768,-0.3062,8.5955,8.0803,8.9909,8.5,11845.2233,8.8409,0.0,0.0,63.6229,0.0000,0.0,65.3548,65.7028,65.7028,0.0,0.0,0,12317.0202,182.7625,69.3342,0.0,0.0,7.5755,2.6794,40.4452,1,39951.0,2.2,0.0,0.0,6.3637,8.310991131405968,8.452000380431622,7.990524111453667,40.4452,0.0
3943,2007-02-09,SZSE:000768,-0.2972,9.1909,8.64,9.4545,8.55,12665.8079,8.6227,0.0,0.0,68.0304,0.0000,0.0,66.3651,70.2592,70.2592,0.0,0.0,0,13137.6048,194.9385,73.9534,0.0,0.0,8.0802,2.8579,51.2712,1,39951.0,2.2,0.0,0.0,6.3637,8.105857750601139,8.887799889020663,8.037515368462286,51.2712,0.0
3944,2007-02-12,SZSE:000768,-0.2972,8.6909,8.17,8.9364,8.2727,11976.7679,8.6364,0.0,0.0,64.3295,0.0000,0.0,67.4925,62.7238,62.7238,0.0,0.0,0,12448.5648,184.7144,70.0747,0.0,0.0,7.6564,2.708,70.8169,1,39951.0,2.2,0.0,0.0,6.3637,8.118766525906409,8.400785649357376,7.776865341909354,70.8169,0.0
3945,2007-02-13,SZSE:000768,-0.2972,8.4091,7.9051,8.6909,8.2591,11588.3974,8.5,0.0,0.0,62.2434,0.0000,0.0,66.7826,58.8901,58.8901,0.0,0.0,0,12060.1943,178.9517,67.8885,0.0,0.0,7.4175,2.6235,34.789,1,39951.0,2.2,0.0,0.0,6.3637,7.990551902106051,8.170010297178056,7.764090260551069,34.789,0.0
3946,2007-02-14,SZSE:000768,-0.2972,8.4909,7.982,8.6364,8.4045,11701.1519,8.4136,0.0,0.0,60.6494,0.0000,0.0,66.7399,59.661,59.661,0.0,0.0,0,12172.9488,180.6247,68.5232,0.0,0.0,7.4869,2.6481,23.4206,1,39951.0,2.2,0.0,0.0,6.3637,7.909332956459269,8.118779493339929,7.900778362717734,23.4206,0.0
3947,2007-02-15,SZSE:000768,-0.2972,8.9545,8.4178,9.0364,8.4682,12340.078,8.5909,0.0,0.0,63.961,0.0000,0.0,66.9185,63.803,63.803,0.0,0.0,0,12811.8749,190.1052,72.1198,0.0,0.0,7.8798,2.7871,33.8661,1,39951.0,2.2,0.0,0.0,6.3637,8.075992854989112,8.494791213356415,7.960647044502764,33.8661,0.0
3948,2007-02-16,SZSE:000768,-0.3121,8.7864,8.2597,9.0909,8.6682,12108.3111,8.9773,0.0,0.0,62.7597,0.0000,0.0,66.0521,61.3424,61.3424,0.0,0.0,0,12580.108,186.6662,70.8151,0.0,0.0,7.7373,2.7366,24.3561,1,39951.0,2.2,0.0,0.0,6.3637,8.439156515751616,8.545946773422562,8.14858548893745,24.3561,0.0
3949,2007-02-19,SZSE:000768,-0.3121,0.0,8.2597,0.0,0.0,12108.3111,0.0,0.0,0.0,62.7597,0.0000,0.0,66.0521,61.3424,61.3424,0.0,0.0,0,12580.108,186.6662,70.8151,0.0,0.0,7.7373,2.7366,0.0,1,39951.0,2.2,0.0,0.0,6.3637,0.0,0.0,0.0,0.0,0.0
3950,2007-02-20,SZSE:000768,-0.3121,0.0,8.2597,0.0,0.0,12108.3111,0.0,0.0,0.0,62.7597,0.0000,0.0,66.0521,61.3424,61.3424,0.0,0.0,0,12580.108,186.6662,70.8151,0.0,0.0,7.7373,2.7366,0.0,1,39951.0,2.2,0.0,0.0,6.3637,0.0,0.0,0.0,0.0,0.0
3951,2007-02-21,SZSE:000768,-0.3121,0.0,8.2597,0.0,0.0,12108.3111,0.0,0.0,0.0,62.7597,0.0000,0.0,66.0521,61.3424,61.3424,0.0,0.0,0,12580.108,186.6662,70.8151,0.0,0.0,7.7373,2.7366,0.0,1,39951.0,2.2,0.0,0.0,6.3637,0.0,0.0,0.0,0.0,0.0
3952,2007-02-22,SZSE:000768,-0.3121,0.0,8.2597,0.0,0.0,12108.3111,0.0,0.0,0.0,62.7597,0.0000,0.0,66.0521,61.3424,61.3424,0.0,0.0,0,12580.108,186.6662,70.8151,0.0,0.0,7.7373,2.7366,0.0,1,39951.0,2.2,0.0,0.0,6.3637,0.0,0.0,0.0,0.0,0.0
3953,2007-02-23,SZSE:000768,-0.3019,0.0,8.2597,0.0,0.0,12108.3111,0.0,0.0,0.0,62.7597,0.0000,0.0,66.0521,61.3424,61.3424,0.0,0.0,0,12580.108,186.6662,70.8151,0.0,0.0,7.7373,2.7366,0.0,1,39951.0,2.2,0.0,0.0,6.3637,0.0,0.0,0.0,0.0,0.0
3954,2007-02-26,SZSE:000768,-0.3019,8.95,8.4136,9.0682,8.4545,12333.8146,8.9091,0.0,0.0,63.9286,0.0000,0.0,68.4522,62.8439,62.8439,0.0,0.0,0,12805.6115,190.0123,72.0845,0.0,0.0,7.876,2.7857,29.3248,1,39951.0,2.2,0.0,0.0,6.3637,8.37515125810056,8.524715924022347,7.947796782122906,29.3248,0.0
3955,2007-02-27,SZSE:000768,-0.3019,8.3864,7.8837,9.6909,8.1818,11557.0791,8.8864,0.0,0.0,59.9026,0.0000,0.0,69.4673,54.9299,54.9299,0.0,0.0,0,12028.876,178.487,67.7122,0.0,0.0,7.3983,2.6167,68.4439,1,39951.0,2.2,0.0,0.0,6.3637,8.353728856243443,9.11000528593914,7.691364192025185,68.4439,0.0
3956,2007-02-28,SZSE:000768,-0.3019,9.2273,8.6742,9.2273,8.4545,12715.9176,8.4545,0.0,0.0,65.9091,0.0000,0.0,71.5687,62.5145,62.5145,0.0,0.0,0,13187.7145,195.682,74.2354,0.0,0.0,8.111,2.8688,46.7224,1,39951.0,2.2,0.0,0.0,6.3637,7.9477229417055915,8.6742,7.9477229417055915,46.7224,0.0
3957,2007-03-01,SZSE:000768,-0.3019,9.7182,9.1357,9.9318,9.1091,13392.4295,9.4273,0.0,0.0,69.4156,0.0000,0.0,72.9506,66.1009,66.1009,0.0,0.0,0,13864.2264,205.7203,78.0436,0.0,0.0,8.5271,3.016,54.4636,1,39951.0,2.2,0.0,0.0,6.3637,8.862236279352144,9.336497011792309,8.56310889568027,54.4636,0.0
3958,2007-03-02,SZSE:000768,-0.3663,9.6,9.0246,10.1364,9.5,13229.5666,9.8182,0.0,0.0,68.5714,0.0000,0.0,72.4525,64.501,64.501,0.0,0.0,0,13701.3635,203.3037,77.1268,0.0,0.0,8.4269,2.9806,43.9426,1,39951.0,2.2,0.0,0.0,6.3637,9.229721637499999,9.528849525,8.93059375,43.9426,0.0
3959,2007-03-05,SZSE:000768,-0.3663,9.2273,8.6742,9.7955,8.75,12715.9176,9.6364,0.0,0.0,62.6427,0.0000,0.0,73.5514,59.6012,59.6012,0.0,0.0,0,13187.7145,195.682,74.2354,0.0,0.0,8.111,2.8688,42.9231,1,39951.0,2.2,0.0,0.0,6.3637,9.0587778526763,9.208341129040999,8.2255101709059,42.9231,0.0
3960,2007-03-06,SZSE:000768,-0.3663,8.9636,8.4264,9.2409,8.7409,12352.6061,9.2409,0.0,0.0,60.8529,0.0000,0.0,72.1648,56.3411,56.3411,0.0,0.0,0,12824.403,190.2911,72.1903,0.0,0.0,7.8875,2.7898,27.9427,1,39951.0,2.2,0.0,0.0,6.3637,8.687081056718283,8.687081056718283,8.21704669552412,27.9427,0.0
3961,2007-03-07,SZSE:000768,-0.3663,9.0545,8.5118,9.1955,8.5864,12477.886,8.8136,0.0,0.0,61.4701,0.0000,0.0,72.0209,57.2103,57.2103,0.0,0.0,0,12949.6829,192.1501,72.8955,0.0,0.0,7.9646,2.817,28.2816,1,39951.0,2.2,0.0,0.0,6.3637,8.285338834833507,8.644348876249376,8.071756532111102,28.2816,0.0
3962,2007-03-08,SZSE:000768,-0.3663,8.8727,8.3409,9.0909,8.7682,12227.3263,9.0682,0.0,0.0,60.2358,0.0000,0.0,71.9007,54.858,54.858,0.0,0.0,0,12699.1232,188.4322,71.4851,0.0,0.0,7.8105,2.7625,33.4946,1,39951.0,2.2,0.0,0.0,6.3637,8.52468238304011,8.546021820866253,8.242663380932523,33.4946,0.0
3963,2007-03-09,SZSE:000768,-0.5734,8.9455,8.4093,9.1773,8.8545,12327.5513,8.9409,0.0,0.0,62.9962,0.0000,0.0,71.2572,55.6436,55.6436,0.0,0.0,0,12799.3482,189.9194,72.0493,0.0,0.0,7.8721,2.7843,32.046,1,39951.0,2.2,0.0,0.0,6.3637,8.404975727460734,8.627205733609077,8.323754608462357,32.046,0.0
3964,2007-03-12,SZSE:000768,-0.5734,8.4182,7.9136,8.8909,8.0909,11600.9255,8.8409,0.0,0.0,59.283,0.0000,0.0,72.9648,48.9872,48.9872,0.0,0.0,0,12072.7224,179.1376,67.959,0.0,0.0,7.4252,2.6263,59.2068,1,39951.0,2.2,0.0,0.0,6.3637,8.310962704616188,8.357965626856096,7.605918871017556,59.2068,0.0
3965,2007-03-13,SZSE:000768,-0.5734,8.6273,8.1102,8.7682,8.1591,11889.0696,8.3864,0.0,0.0,60.7554,0.0000,0.0,73.0265,51.4667,51.4667,0.0,0.0,0,12360.8665,183.4131,69.581,0.0,0.0,7.6024,2.689,51.4617,1,39951.0,2.2,0.0,0.0,6.3637,7.883738977432106,8.242654786549675,7.670062802962689,51.4617,0.0
3966,2007-03-14,SZSE:000768,-0.5734,8.8636,8.3324,8.9273,8.2909,12214.7981,8.5364,0.0,0.0,62.42,0.0000,0.0,72.9885,54.1779,54.1779,0.0,0.0,0,12686.595,188.2463,71.4146,0.0,0.0,7.8028,2.7598,42.0507,1,39951.0,2.2,0.0,0.0,6.3637,8.024809260345684,8.39228242700483,7.794022198655174,42.0507,0.0
3967,2007-03-15,SZSE:000768,-0.5734,8.9182,8.3837,9.2227,8.8682,12289.9655,8.8864,0.0,0.0,62.8041,0.0000,0.0,72.8209,54.8054,54.8054,0.0,0.0,0,12761.7624,189.3617,71.8377,0.0,0.0,7.849,2.7762,43.1144,1,39951.0,2.2,0.0,0.0,6.3637,8.353805889080755,8.669950213047475,8.336696680944584,43.1144,0.0
3968,2007-03-16,SZSE:000768,-0.5279,8.5818,8.0675,9.0864,8.3636,11826.4318,8.8636,0.0,0.0,60.4353,0.0000,0.0,72.851,50.237,50.237,0.0,0.0,0,12298.2287,182.4837,69.2284,0.0,0.0,7.5639,2.6753,30.8128,1,39951.0,2.2,0.0,0.0,6.3637,8.33241196485586,8.54185974970286,7.8623765410519955,30.8128,0.0
3969,2007-03-19,SZSE:000768,-0.5279,9.4409,8.8751,9.4409,8.2727,13010.3279,8.3636,0.0,0.0,66.4853,0.0000,0.0,75.5911,59.5184,59.5184,0.0,0.0,0,13482.1248,200.0506,75.8927,0.0,0.0,8.2921,2.9329,69.0634,1,39951.0,2.2,0.0,0.0,6.3637,7.862363372136131,8.8751,7.7769110752152875,69.0634,0.0
3970,2007-03-20,SZSE:000768,-0.5279,9.3636,8.8024,9.5409,9.15,12903.8381,9.4545,0.0,0.0,65.9411,0.0000,0.0,73.9309,58.4622,58.4622,0.0,0.0,0,13375.635,198.4704,75.2933,0.0,0.0,8.2266,2.9097,38.7539,1,39951.0,2.2,0.0,0.0,6.3637,8.88785198000769,8.969073663975395,8.601601947968732,38.7539,0.0
3971,2007-03-21,SZSE:000768,-0.5279,9.2682,8.7127,9.4818,9.1273,12772.2935,9.3636,0.0,0.0,65.2689,0.0000,0.0,73.3016,57.1138,57.1138,0.0,0.0,0,13244.0904,196.5186,74.5528,0.0,0.0,8.1457,2.8811,30.5398,1,39951.0,2.2,0.0,0.0,6.3637,8.80238209361041,8.913497643555383,8.580245000107896,30.5398,0.0
3972,2007-03-22,SZSE:000768,-0.5279,9.3182,8.7597,9.6682,9.2636,12841.1975,9.3182,0.0,0.0,65.621,0.0000,0.0,73.0249,57.6646,57.6646,0.0,0.0,0,13312.9944,197.541,74.9407,0.0,0.0,8.188,2.8961,33.6931,1,39951.0,2.2,0.0,0.0,6.3637,8.7597,9.088722236054176,8.70837253117555,33.6931,0.0
3973,2007-03-23,SZSE:000768,-0.4896,9.1591,8.6101,9.3636,8.9545,12621.9574,9.3136,0.0,0.0,64.5006,0.0000,0.0,72.5885,55.2339,55.2339,0.0,0.0,0,13093.7543,194.2878,73.7065,0.0,0.0,8.0532,2.8484,23.1161,1,39951.0,2.2,0.0,0.0,6.3637,8.755339210184404,8.802342190826607,8.417763803212104,23.1161,0.0
3974,2007-03-26,SZSE:000768,-0.4896,0.0,8.6101,0.0,0.0,12621.9574,0.0,0.0,0.0,64.5006,0.0000,0.0,72.5885,55.2339,55.2339,0.0,0.0,0,13093.7543,194.2878,73.7065,0.0,0.0,8.0532,2.8484,0.0,1,39951.0,2.2,0.0,0.0,6.3637,0.0,0.0,0.0,0.0,0.0
3975,2007-03-27,SZSE:000768,-0.4896,9.2727,8.7169,9.4727,9.0955,12778.5583,9.3318,0.0,0.0,65.3009,0.0000,0.0,73.5277,56.6399,56.6399,0.0,0.0,0,13250.3552,196.6115,74.5881,0.0,0.0,8.1495,2.8825,37.2634,1,39951.0,2.2,0.0,0.0,6.3637,8.772457581934065,8.904912121604278,8.55032126025861,37.2634,0.0
3976,2007-03-28,SZSE:000768,-0.4896,8.8682,8.3366,9.3545,8.5455,12221.0615,9.2818,0.0,0.0,62.452,0.0000,0.0,73.855,50.5528,50.5528,0.0,0.0,0,12692.8584,188.3393,71.4498,0.0,0.0,7.8066,2.7612,49.1972,1,39951.0,2.2,0.0,0.0,6.3637,8.725406946167206,8.793748979499787,8.033244096885502,49.1972,0.0
3977,2007-03-29,SZSE:000768,-0.4896,8.55,8.0375,8.9682,8.5091,11782.5826,8.8545,5.7665,186.6812,49.5021,255.6741,6.6172,74.2772,46.3351,46.3351,0.0,0.0,0,11910.424,145.8411,69.6061,0.0,0.0,6.6874,2.1326,39.4993,1,39951.0,2.2,3.0487,0.0,6.3637,8.323747807017543,8.43063245614035,7.999051608187133,39.4993,0.0
3978,2007-03-30,SZSE:000768,-0.4834,8.5682,8.0546,8.8409,8.5227,11807.6375,8.5773,5.7788,187.0782,48.0926,256.2178,6.6313,73.6115,46.6092,46.6092,0.0,0.0,0,11935.4788,146.1479,69.7525,0.0,0.0,6.7014,2.1371,27.4303,1,39951.0,2.2,3.0552,0.0,6.3637,8.063154522536824,8.310953658878178,8.011827387315892,27.4303,0.0
3979,2007-04-02,SZSE:000768,-0.4834,8.7091,8.1871,8.7727,8.4227,12001.8214,8.6364,5.8738,190.1548,59.4153,260.4315,6.7403,72.9696,48.7923,48.7923,0.0,0.0,0,12129.6627,148.5256,70.8873,0.0,0.0,6.8105,3.0297,26.4425,1,39951.0,2.2,0.0,0.0,5.9091,8.118757442215614,8.246887987277674,7.917866044711854,26.4425,0.0
3980,2007-04-03,SZSE:000768,-0.4834,8.8409,8.311,8.8409,8.65,12183.4799,8.6864,5.9627,193.033,60.3146,264.3733,6.8424,72.3387,50.8184,50.8184,0.0,0.0,0,12311.3212,150.75,71.949,0.0,0.0,6.9125,3.0751,28.3827,1,39951.0,2.2,0.0,0.0,5.9091,8.16576031851961,8.311,8.131542037575361,28.3827,0.0
3981,2007-04-04,SZSE:000768,-0.4834,9.0682,8.5247,9.0909,8.8136,12496.6775,8.9,6.116,197.9952,61.8651,271.1695,7.0183,72.1948,54.1841,54.1841,0.0,0.0,0,12624.5188,154.5851,73.7793,0.0,0.0,7.0883,3.1533,42.9355,1,39951.0,2.2,0.0,0.0,5.9091,8.366581019386427,8.54603948192585,8.285359378928563,42.9355,0.0
3982,2007-04-05,SZSE:000768,-0.4834,8.9273,8.3922,9.1364,8.8636,12302.4936,9.1364,6.021,194.9186,60.9038,266.9559,6.9092,71.4864,51.8164,51.8164,0.0,0.0,0,12430.335,152.2073,72.6445,0.0,0.0,6.9793,3.1048,28.9231,1,39951.0,2.2,0.0,0.0,5.9091,8.588766601324028,8.588766601324028,8.332318161146148,28.9231,0.0
3983,2007-04-06,SZSE:000768,-0.4688,8.7273,8.2042,8.8545,8.5909,12026.8776,8.8045,5.8861,190.5518,59.5393,260.9752,6.7544,71.1339,48.5722,48.5722,0.0,0.0,0,12154.719,148.8325,71.0338,0.0,0.0,6.8245,3.0359,45.6761,1,39951.0,2.2,0.0,0.0,5.9091,8.276772759043464,8.323775841325496,8.07597559153461,45.6761,0.0
3984,2007-04-09,SZSE:000768,-0.4688,9.15,8.6016,9.2045,8.6318,12609.4306,8.7136,6.1712,199.7816,62.4232,273.6162,7.0816,70.4919,54.9872,54.9872,0.0,0.0,0,12737.272,155.9657,74.4383,0.0,0.0,7.1516,3.1814,67.5217,1,39951.0,2.2,0.0,0.0,5.9091,8.191355383606556,8.65283357377049,8.114458019672131,67.5217,0.0
3985,2007-04-10,SZSE:000768,-0.4688,9.5182,8.9477,9.7682,8.9,13116.8135,9.1545,6.4195,207.8205,64.9351,284.6261,7.3665,70.6864,59.702,59.702,0.0,0.0,0,13244.6548,162.1785,77.4035,0.0,0.0,7.4365,3.3082,90.686,1,39951.0,2.2,0.0,0.0,5.9091,8.60579937908428,9.182715549158454,8.366553550040974,90.686,0.0
3986,2007-04-11,SZSE:000768,-0.4688,9.3455,8.7853,9.5909,9.2045,12878.7833,9.5455,6.303,204.0492,63.7567,279.4610,7.2329,70.4888,56.7014,56.7014,0.0,0.0,0,13006.6246,159.2639,76.0124,0.0,0.0,7.3029,3.2487,43.3158,1,39951.0,2.2,0.0,0.0,5.9091,8.973311342357285,9.015989917072387,8.652752003638115,43.3158,0.0
3987,2007-04-12,SZSE:000768,-0.4688,9.8864,9.2938,9.8864,9.3409,13624.1991,9.3455,6.6678,215.8595,67.4469,295.6360,7.6515,71.2493,62.9768,62.9768,0.0,0.0,0,13752.0405,168.3914,80.3687,0.0,0.0,7.7214,3.4349,67.1024,1,39951.0,2.2,0.0,0.0,5.9091,8.785322048470626,9.2938,8.780997776743808,67.1024,0.0
3988,2007-04-13,SZSE:000768,-0.3237,10.8773,10.2253,10.8773,10.6,14989.7496,10.6,7.3361,237.495,74.2071,NM,8.4184,72.9411,71.209,71.209,0.0,0.0,0,15117.591,185.1123,88.3492,0.0,0.0,8.4881,3.776,78.7123,1,39951.0,2.2,0.0,0.0,5.9091,9.964621735173251,10.2253,9.964621735173251,78.7123,0.0
3989,2007-04-16,SZSE:000768,-0.3237,10.8182,10.1698,11.3091,10.6136,14908.3175,10.9091,7.2963,236.2048,73.8039,NM,8.3727,68.8127,70.2065,70.2065,0.0,0.0,0,15036.1588,184.1152,87.8733,0.0,0.0,8.4424,3.7556,83.0142,1,39951.0,2.2,0.0,0.0,5.9091,10.255251814534768,10.631277401046388,9.977462912499307,83.0142,0.0
3990,2007-04-17,SZSE:000768,-0.3237,10.6818,10.0416,11.0318,10.2864,14720.3998,10.8182,7.2043,233.2275,72.8736,NM,8.2671,68.9124,67.8332,67.8332,0.0,0.0,0,14848.2411,181.8142,86.7751,0.0,0.0,8.3369,3.7087,70.4426,1,39951.0,2.2,0.0,0.0,5.9091,10.169825040723472,10.370623198337361,9.669897792506882,70.4426,0.0
3991,2007-04-18,SZSE:000768,-0.3237,11.5227,10.8321,11.75,10.3273,15879.2383,10.7273,7.7715,251.5879,78.6105,NM,8.9179,70.4492,73.7307,73.7307,0.0,0.0,0,16007.0796,196.004,93.5475,0.0,0.0,8.9875,3.9982,90.7182,1,39951.0,2.2,0.0,0.0,5.9091,10.084371399932309,11.045777031424926,9.708344947798693,90.7182,0.0
3992,2007-04-19,SZSE:000768,-0.3237,11.7318,11.0286,12.0455,11.0909,16167.3838,11.3045,7.9125,256.1532,80.037,NM,9.0798,69.7804,74.96,74.96,0.0,0.0,0,16295.2251,199.5322,95.2314,0.0,0.0,9.1493,4.0701,97.6687,1,39951.0,2.2,0.0,0.0,5.9091,10.62691221295965,11.323496931417175,10.426115322456912,97.6687,0.0
3993,2007-04-20,SZSE:000768,-0.3102,12.4909,11.7422,12.8727,12.0091,17213.4719,12.0455,8.4244,272.7273,85.2156,NM,9.6673,70.1725,78.8328,78.8328,0.0,0.0,0,17341.3132,212.3414,101.3449,0.0,0.0,9.7367,4.3314,72.093,1,39951.0,2.2,0.0,0.0,5.9091,11.323497113898918,12.101115046954183,11.289278916651323,72.093,0.0
3994,2007-04-23,SZSE:000768,-0.3102,12.5136,11.7636,12.8636,12.2727,17244.7901,12.7091,8.2546,247.3002,85.3707,NM,9.1734,69.9717,78.9378,78.9378,0.0,0.0,0,17414.2359,202.6071,0.0,0.0,0.0,9.2611,4.3496,59.0286,1,39951.0,2.2,0.0,0.0,5.9091,11.947382748369773,12.092622823168393,11.537138291139241,59.0286,0.0
3995,2007-04-24,SZSE:000768,-0.3102,12.5727,11.8192,12.95,12.1409,17326.2223,12.5727,8.2936,248.4679,85.7738,NM,9.2168,69.9686,79.2265,79.2265,0.0,0.0,0,17495.668,203.5545,0.0,0.0,0.0,9.3044,4.37,54.9708,1,39951.0,2.2,0.0,0.0,5.9091,11.8192,12.173887868158788,11.41327839525321,54.9708,0.0
3996,2007-04-25,SZSE:000768,-0.3102,12.0773,11.3534,12.6182,11.8227,16643.4456,12.5909,7.9668,238.6765,82.3937,NM,8.8536,68.2008,70.5027,70.5026,0.0,0.0,0,16812.8914,195.6107,0.0,0.0,0.0,8.9413,4.1994,43.3229,1,39951.0,2.2,0.0,0.0,5.9091,11.836215384233231,11.861879052437217,11.114060442317406,43.3229,0.0
3997,2007-04-26,SZSE:000768,-0.3102,12.5682,11.8149,12.8636,11.9455,17319.9575,12.0955,8.2906,248.3781,85.7428,NM,9.2134,68.5155,73.604,73.604,0.0,0.0,0,17489.4033,203.4816,0.0,0.0,0.0,9.3011,4.3684,49.4281,1,39951.0,2.2,0.0,0.0,5.9091,11.370532212249964,12.092594614980666,11.229522759822409,49.4281,0.0
3998,2007-04-27,SZSE:000768,-0.3091,12.5455,11.7935,13.0909,12.2727,17288.6393,12.5455,8.2756,247.929,85.5878,NM,9.1968,67.9558,73.2202,73.2202,0.0,0.0,0,17458.085,203.1173,0.0,0.0,0.0,9.2844,4.3606,43.5687,1,39951.0,2.2,0.0,0.0,5.9091,11.7935,12.306207735841536,11.537052126260411,43.5687,0.0
3999,2007-04-30,SZSE:000768,-0.3091,12.3273,11.5884,12.6773,12.1409,16987.9656,12.5,8.1317,243.6171,91.9397,NM,9.0368,68.3052,69.4747,69.4747,0.0,0.0,0,17157.4114,199.6191,0.0,0.0,0.0,9.1245,4.2855,41.6716,1,39951.0,2.2,0.0,0.0,5.9091,11.750748339052347,11.917420953493465,11.413172840768052,41.6716,0.0
4000,2007-05-01,SZSE:000768,-0.3091,0.0,11.5884,0.0,0.0,16987.9656,0.0,8.1317,243.6171,91.9397,NM,9.0368,68.3052,69.4747,69.4747,0.0,0.0,0,17157.4114,199.6191,0.0,0.0,0.0,9.1245,4.2855,0.0,1,39951.0,2.2,0.0,0.0,0.0,0.0,0.0,0.0,0.0,0.0
4001,2007-05-02,SZSE:000768,-0.3091,0.0,11.5884,0.0,0.0,16987.9656,0.0,8.1317,243.6171,91.9397,NM,9.0368,68.3052,69.4747,69.4747,0.0,0.0,0,17157.4114,199.6191,0.0,0.0,0.0,9.1245,4.2855,0.0,1,39951.0,2.2,0.0,0.0,0.0,0.0,0.0,0.0,0.0,0.0
4002,2007-05-03,SZSE:000768,-0.3091,0.0,11.5884,0.0,0.0,16987.9656,0.0,8.1317,243.6171,91.9397,NM,9.0368,68.3052,69.4747,69.4747,0.0,0.0,0,17157.4114,199.6191,0.0,0.0,0.0,9.1245,4.2855,0.0,1,39951.0,2.2,0.0,0.0,0.0,0.0,0.0,0.0,0.0,0.0
4003,2007-05-04,SZSE:000768,-0.3062,0.0,11.5884,0.0,0.0,16987.9656,0.0,8.1317,243.6171,91.9397,NM,9.0368,68.3052,69.4747,69.4747,0.0,0.0,0,17157.4114,199.6191,0.0,0.0,0.0,9.1245,4.2855,0.0,1,39951.0,2.2,0.0,0.0,0.0,0.0,0.0,0.0,0.0,0.0
4004,2007-05-07,SZSE:000768,-0.3062,0.0,11.5884,0.0,0.0,16987.9656,0.0,8.1317,243.6171,91.9397,NM,9.0368,68.3052,69.4747,69.4747,0.0,0.0,0,17157.4114,199.6191,0.0,0.0,0.0,9.1245,4.2855,0.0,1,39951.0,2.2,0.0,0.0,0.0,0.0,0.0,0.0,0.0,0.0
4005,2007-05-08,SZSE:000768,-0.3062,13.5091,12.6994,13.5545,12.2727,18616.6054,12.55,8.9113,266.9728,100.754,NM,9.9032,65.5382,76.4901,76.4901,0.0,0.0,0,18786.0511,218.5676,0.0,0.0,0.0,9.9906,4.6923,66.1837,1,39951.0,2.2,0.0,0.0,0.0,11.797785936886989,12.742078843150173,11.537106571126131,66.1837,0.0
4006,2007-05-09,SZSE:000768,-0.3062,13.7773,12.9515,14.3182,12.9455,18986.1816,13.3955,9.0882,272.2727,102.7541,NM,10.0998,64.2844,77.7403,77.7403,0.0,0.0,0,19155.6274,222.8674,0.0,0.0,0.0,10.1872,4.7846,55.5134,1,39951.0,2.2,0.0,0.0,0.0,12.5925847771334,13.45997890007476,12.16955740602295,55.5134,0.0
4007,2007-05-10,SZSE:000768,-0.3062,13.4318,12.6268,14.0364,13.2773,18510.1198,13.7273,8.8603,265.4457,100.1776,NM,9.8465,64.0693,72.3995,72.3995,0.0,0.0,0,18679.5655,217.3287,0.0,0.0,0.0,9.934,4.6657,31.8902,1,39951.0,2.2,0.0,0.0,0.0,12.904589976027037,13.195164871424529,12.481559555681292,31.8902,0.0
4008,2007-05-11,SZSE:000768,-0.133,13.0455,12.2635,13.3955,12.75,17977.6793,13.1818,8.6055,257.8102,97.2961,NM,9.5633,63.9413,66.8665,66.8665,0.0,0.0,0,18147.125,211.134,0.0,0.0,0.0,9.6508,4.5327,37.706,1,39951.0,2.2,0.0,0.0,0.0,12.391629627074472,12.59251958529761,11.985713464413015,37.706,0.0
4009,2007-05-14,SZSE:000768,-0.133,13.4136,12.6097,13.75,12.6364,18485.0621,12.9091,8.8483,265.0864,95.8254,NM,9.8332,63.1649,69.2761,69.2761,0.0,0.0,0,18654.5079,217.0371,0.0,0.0,0.0,9.9207,4.6594,36.652,1,39951.0,2.2,0.0,0.0,0.0,12.135435548249538,12.925938972386234,11.879078925866285,36.652,0.0
4010,2007-05-15,SZSE:000768,-0.133,13.7273,12.9045,14.3636,13.5909,18917.2776,13.6091,9.0552,271.2846,98.066,NM,10.0631,62.4708,71.1977,71.1977,0.0,0.0,0,19086.7234,222.0658,0.0,0.0,0.0,10.1505,4.7674,58.6688,1,39951.0,2.2,0.0,0.0,0.0,12.793384784334865,13.50266084372018,12.776275673293364,58.6688,0.0
4011,2007-05-16,SZSE:000768,-0.133,0.0,12.9045,0.0,0.0,18917.2776,0.0,9.0552,271.2846,98.066,NM,10.0631,62.4708,71.1977,71.1977,0.0,0.0,0,19086.7234,222.0658,0.0,0.0,0.0,10.1505,4.7674,0.0,1,39951.0,2.2,0.0,0.0,0.0,0.0,0.0,0.0,0.0,0.0
4012,2007-05-17,SZSE:000768,-0.133,14.0864,13.2421,14.3636,13.7273,19412.1351,14.2273,9.2921,278.3811,100.6313,NM,10.3264,62.2874,73.2598,73.2598,0.0,0.0,0,19581.5809,227.8232,0.0,0.0,0.0,10.4137,4.891,43.0167,1,39951.0,2.2,0.0,0.0,0.0,13.3745548422592,13.502685395842798,12.904523464476375,43.0167,0.0
4013,2007-05-18,SZSE:000768,0.1583,0.0,13.2421,0.0,0.0,19412.1351,0.0,9.2921,278.3811,100.6313,NM,10.3264,62.2874,73.2598,73.2598,0.0,0.0,0,19581.5809,227.8232,0.0,0.0,0.0,10.4137,4.891,0.0,1,39951.0,2.2,0.0,0.0,0.0,0.0,0.0,0.0,0.0,0.0
4014,2007-05-21,SZSE:000768,0.1583,0.0,13.2421,0.0,0.0,19412.1351,0.0,9.2921,278.3811,100.6313,NM,10.3264,62.2874,73.2598,73.2598,0.0,0.0,0,19581.5809,227.8232,0.0,0.0,0.0,10.4137,4.891,0.0,1,39951.0,2.2,0.0,0.0,0.0,0.0,0.0,0.0,0.0,0.0
4015,2007-05-22,SZSE:000768,0.1583,0.0,13.2421,0.0,0.0,19412.1351,0.0,9.2921,278.3811,100.6313,NM,10.3264,62.2874,73.2598,73.2598,0.0,0.0,0,19581.5809,227.8232,0.0,0.0,0.0,10.4137,4.891,0.0,1,39951.0,2.2,0.0,0.0,0.0,0.0,0.0,0.0,0.0,0.0
4016,2007-05-23,SZSE:000768,0.1583,0.0,13.2421,0.0,0.0,19412.1351,0.0,9.2921,278.3811,100.6313,NM,10.3264,62.2874,73.2598,73.2598,0.0,0.0,0,19581.5809,227.8232,0.0,0.0,0.0,10.4137,4.891,0.0,1,39951.0,2.2,0.0,0.0,0.0,0.0,0.0,0.0,0.0,0.0
4017,2007-05-24,SZSE:000768,0.1583,0.0,13.2421,0.0,0.0,19412.1351,0.0,9.2921,278.3811,100.6313,NM,10.3264,62.2874,73.2598,73.2598,0.0,0.0,0,19581.5809,227.8232,0.0,0.0,0.0,10.4137,4.891,0.0,1,39951.0,2.2,0.0,0.0,0.0,0.0,0.0,0.0,0.0,0.0
4018,2007-05-25,SZSE:000768,0.0114,0.0,13.2421,0.0,0.0,19412.1351,0.0,9.2921,278.3811,100.6313,NM,10.3264,62.2874,73.2598,73.2598,0.0,0.0,0,19581.5809,227.8232,0.0,0.0,0.0,10.4137,4.891,0.0,1,39951.0,2.2,0.0,0.0,0.0,0.0,0.0,0.0,0.0,0.0
4019,2007-05-28,SZSE:000768,0.0114,0.0,13.2421,0.0,0.0,19412.1351,0.0,9.2921,278.3811,100.6313,NM,10.3264,62.2874,73.2598,73.2598,0.0,0.0,0,19581.5809,227.8232,0.0,0.0,0.0,10.4137,4.891,0.0,1,39951.0,2.2,0.0,0.0,0.0,0.0,0.0,0.0,0.0,0.0
4020,2007-05-29,SZSE:000768,0.0114,0.0,13.2421,0.0,0.0,19412.1351,0.0,9.2921,278.3811,100.6313,NM,10.3264,62.2874,73.2598,73.2598,0.0,0.0,0,19581.5809,227.8232,0.0,0.0,0.0,10.4137,4.891,0.0,1,39951.0,2.2,0.0,0.0,0.0,0.0,0.0,0.0,0.0,0.0
4021,2007-05-30,SZSE:000768,0.0114,0.0,13.2421,0.0,0.0,19412.1351,0.0,9.2921,278.3811,100.6313,NM,10.3264,62.2874,73.2598,73.2598,0.0,0.0,0,19581.5809,227.8232,0.0,0.0,0.0,10.4137,4.891,0.0,1,39951.0,2.2,0.0,0.0,0.0,0.0,0.0,0.0,0.0,0.0
4022,2007-05-31,SZSE:000768,0.0114,0.0,13.2421,0.0,0.0,19412.1351,0.0,9.2921,278.3811,100.6313,NM,10.3264,62.2874,73.2598,73.2598,0.0,0.0,0,19581.5809,227.8232,0.0,0.0,0.0,10.4137,4.891,0.0,1,39951.0,2.2,0.0,0.0,0.0,0.0,0.0,0.0,0.0,0.0
4023,2007-06-01,SZSE:000768,0.1268,0.0,13.2421,0.0,0.0,19412.1351,0.0,9.2921,278.3811,100.6313,NM,10.3264,62.2874,73.2598,73.2598,0.0,0.0,0,19581.5809,227.8232,0.0,0.0,0.0,10.4137,4.891,0.0,1,39951.0,2.2,0.0,0.0,0.0,0.0,0.0,0.0,0.0,0.0
4024,2007-06-04,SZSE:000768,0.1268,0.0,13.2421,0.0,0.0,19412.1351,0.0,9.2921,278.3811,100.6313,NM,10.3264,62.2874,73.2598,73.2598,0.0,0.0,0,19581.5809,227.8232,0.0,0.0,0.0,10.4137,4.891,0.0,1,39951.0,2.2,0.0,0.0,0.0,0.0,0.0,0.0,0.0,0.0
4025,2007-06-05,SZSE:000768,0.1268,0.0,13.2421,0.0,0.0,19412.1351,0.0,9.2921,278.3811,100.6313,NM,10.3264,62.2874,73.2598,73.2598,0.0,0.0,0,19581.5809,227.8232,0.0,0.0,0.0,10.4137,4.891,0.0,1,39951.0,2.2,0.0,0.0,0.0,0.0,0.0,0.0,0.0,0.0
4026,2007-06-06,SZSE:000768,0.1268,0.0,13.2421,0.0,0.0,19412.1351,0.0,9.2921,278.3811,100.6313,NM,10.3264,62.2874,73.2598,73.2598,0.0,0.0,0,19581.5809,227.8232,0.0,0.0,0.0,10.4137,4.891,0.0,1,39951.0,2.2,0.0,0.0,0.0,0.0,0.0,0.0,0.0,0.0
4027,2007-06-07,SZSE:000768,0.1268,0.0,13.2421,0.0,0.0,19412.1351,0.0,9.2921,278.3811,100.6313,NM,10.3264,62.2874,73.2598,73.2598,0.0,0.0,0,19581.5809,227.8232,0.0,0.0,0.0,10.4137,4.891,0.0,1,39951.0,2.2,0.0,0.0,0.0,0.0,0.0,0.0,0.0,0.0
4028,2007-06-08,SZSE:000768,-0.6665,0.0,13.2421,0.0,0.0,19412.1351,0.0,9.2921,278.3811,100.6313,NM,10.3264,62.2874,73.2598,73.2598,0.0,0.0,0,19581.5809,227.8232,0.0,0.0,0.0,10.4137,4.891,0.0,1,39951.0,2.2,0.0,0.0,0.0,0.0,0.0,0.0,0.0,0.0
4029,2007-06-11,SZSE:000768,-0.6665,0.0,13.2421,0.0,0.0,19412.1351,0.0,9.2921,278.3811,100.6313,NM,10.3264,62.2874,73.2598,73.2598,0.0,0.0,0,19581.5809,227.8232,0.0,0.0,0.0,10.4137,4.891,0.0,1,39951.0,2.2,0.0,0.0,0.0,0.0,0.0,0.0,0.0,0.0
4030,2007-06-12,SZSE:000768,-0.6665,0.0,13.2421,0.0,0.0,19412.1351,0.0,9.2921,278.3811,100.6313,NM,10.3264,62.2874,73.2598,73.2598,0.0,0.0,0,19581.5809,227.8232,0.0,0.0,0.0,10.4137,4.891,0.0,1,39951.0,2.2,0.0,0.0,0.0,0.0,0.0,0.0,0.0,0.0
4031,2007-06-13,SZSE:000768,-0.6665,0.0,13.2421,0.0,0.0,19412.1351,0.0,9.2921,278.3811,100.6313,NM,10.3264,62.2874,73.2598,73.2598,0.0,0.0,0,19581.5809,227.8232,0.0,0.0,0.0,10.4137,4.891,0.0,1,39951.0,2.2,0.0,0.0,0.0,0.0,0.0,0.0,0.0,0.0
4032,2007-06-14,SZSE:000768,-0.6665,0.0,13.2421,0.0,0.0,19412.1351,0.0,9.2921,278.3811,100.6313,NM,10.3264,62.2874,73.2598,73.2598,0.0,0.0,0,19581.5809,227.8232,0.0,0.0,0.0,10.4137,4.891,0.0,1,39951.0,2.2,0.0,0.0,0.0,0.0,0.0,0.0,0.0,0.0
4033,2007-06-15,SZSE:000768,-0.6808,0.0,13.2421,0.0,0.0,19412.1351,0.0,9.2921,278.3811,100.6313,NM,10.3264,62.2874,73.2598,73.2598,0.0,0.0,0,19581.5809,227.8232,0.0,0.0,0.0,10.4137,4.891,0.0,1,39951.0,2.2,0.0,0.0,0.0,0.0,0.0,0.0,0.0,0.0
4034,2007-06-18,SZSE:000768,-0.6808,0.0,13.2421,0.0,0.0,19412.1351,0.0,9.2921,278.3811,100.6313,NM,10.3264,62.2874,73.2598,73.2598,0.0,0.0,0,19581.5809,227.8232,0.0,0.0,0.0,10.4137,4.891,0.0,1,39951.0,2.2,0.0,0.0,0.0,0.0,0.0,0.0,0.0,0.0
4035,2007-06-19,SZSE:000768,-0.6808,0.0,13.2421,0.0,0.0,19412.1351,0.0,9.2921,278.3811,100.6313,NM,10.3264,62.2874,73.2598,73.2598,0.0,0.0,0,19581.5809,227.8232,0.0,0.0,0.0,10.4137,4.891,0.0,1,39951.0,2.2,0.0,0.0,0.0,0.0,0.0,0.0,0.0,0.0
4036,2007-06-20,SZSE:000768,-0.6808,0.0,13.2421,0.0,0.0,19412.1351,0.0,9.2921,278.3811,100.6313,NM,10.3264,62.2874,73.2598,73.2598,0.0,0.0,0,19581.5809,227.8232,0.0,0.0,0.0,10.4137,4.891,0.0,1,39951.0,2.2,0.0,0.0,0.0,0.0,0.0,0.0,0.0,0.0
4037,2007-06-21,SZSE:000768,-0.6808,0.0,13.2421,0.0,0.0,19412.1351,0.0,9.2921,278.3811,100.6313,NM,10.3264,62.2874,73.2598,73.2598,0.0,0.0,0,19581.5809,227.8232,0.0,0.0,0.0,10.4137,4.891,0.0,1,39951.0,2.2,0.0,0.0,0.0,0.0,0.0,0.0,0.0,0.0
4038,2007-06-22,SZSE:000768,-0.6518,0.0,13.2421,0.0,0.0,19412.1351,0.0,9.2921,278.3811,100.6313,NM,10.3264,62.2874,73.2598,73.2598,0.0,0.0,0,19581.5809,227.8232,0.0,0.0,0.0,10.4137,4.891,0.0,1,39951.0,2.2,0.0,0.0,0.0,0.0,0.0,0.0,0.0,0.057
4039,2007-06-25,SZSE:000768,-0.6518,0.0,13.2421,0.0,0.0,19412.1351,0.0,9.2921,278.3811,100.6313,NM,10.3264,62.2874,73.2598,73.2598,0.0,0.0,0,19581.5809,227.8232,0.0,0.0,0.0,10.4137,4.891,0.0,1,39951.0,2.2,0.0,0.0,0.0,0.0,0.0,0.0,0.0,0.0
4040,2007-06-26,SZSE:000768,-0.6518,0.0,13.2421,0.0,0.0,19412.1351,0.0,9.2921,278.3811,100.6313,NM,10.3264,62.2874,73.2598,73.2598,0.0,0.0,0,19581.5809,227.8232,0.0,0.0,0.0,10.4137,4.891,0.0,1,39951.0,2.2,0.0,0.0,0.0,0.0,0.0,0.0,0.0,0.0
4041,2007-06-27,SZSE:000768,-0.6518,0.0,13.2421,0.0,0.0,19412.1351,0.0,9.2921,278.3811,100.6313,NM,10.3264,62.2874,73.2598,73.2598,0.0,0.0,0,19581.5809,227.8232,0.0,0.0,0.0,10.4137,4.891,0.0,1,39951.0,2.2,0.0,0.0,0.0,0.0,0.0,0.0,0.0,0.0
4042,2007-06-28,SZSE:000768,-0.6518,0.0,13.2421,0.0,0.0,19412.1351,0.0,9.2921,278.3811,100.6313,NM,10.3264,62.2874,73.2598,73.2598,0.0,0.0,0,19581.5809,227.8232,0.0,0.0,0.0,10.4137,4.891,0.0,1,39951.0,2.2,0.0,0.0,0.0,0.0,0.0,0.0,0.0,0.0
4043,2007-06-29,SZSE:000768,-0.7916,0.0,13.2421,0.0,0.0,19412.1351,0.0,9.2921,278.3811,100.6313,NM,10.3264,62.2874,73.2598,73.2598,0.0,0.0,0,19581.5809,227.8232,0.0,0.0,0.0,10.4137,4.891,0.0,1,39951.0,2.2,0.0,0.0,0.0,0.0,0.0,0.0,0.0,0.0
4044,2007-07-02,SZSE:000768,-0.7916,0.0,13.2421,0.0,0.0,19412.1351,0.0,9.2921,278.3811,97.2815,NM,10.3264,62.2874,73.2598,73.2598,0.0,0.0,0,19581.5809,227.8232,0.0,0.0,0.0,10.4137,5.0486,0.0,1,39951.0,2.2,0.0,0.0,0.0,0.0,0.0,0.0,0.0,0.0
4045,2007-07-03,SZSE:000768,-0.7916,0.0,13.2421,0.0,0.0,19412.1351,0.0,9.2921,278.3811,97.2815,NM,10.3264,62.2874,73.2598,73.2598,0.0,0.0,0,19581.5809,227.8232,0.0,0.0,0.0,10.4137,5.0486,0.0,1,39951.0,2.2,0.0,0.0,0.0,0.0,0.0,0.0,0.0,0.0
4046,2007-07-04,SZSE:000768,-0.7916,0.0,13.2421,0.0,0.0,19412.1351,0.0,9.2921,278.3811,97.2815,NM,10.3264,62.2874,73.2598,73.2598,0.0,0.0,0,19581.5809,227.8232,0.0,0.0,0.0,10.4137,5.0486,0.0,1,39951.0,2.2,0.0,0.0,0.0,0.0,0.0,0.0,0.0,0.0
4047,2007-07-05,SZSE:000768,-0.7916,0.0,13.2421,0.0,0.0,19412.1351,0.0,9.2921,278.3811,97.2815,NM,10.3264,62.2874,73.2598,73.2598,0.0,0.0,0,19581.5809,227.8232,0.0,0.0,0.0,10.4137,5.0486,0.0,1,39951.0,2.2,0.0,0.0,0.0,0.0,0.0,0.0,0.0,0.0
4048,2007-07-06,SZSE:000768,-0.7728,0.0,13.2421,0.0,0.0,19412.1351,0.0,9.2921,278.3811,97.2815,NM,10.3264,62.2874,73.2598,73.2598,0.0,0.0,0,19581.5809,227.8232,0.0,0.0,0.0,10.4137,5.0486,0.0,1,39951.0,2.2,0.0,0.0,0.0,0.0,0.0,0.0,0.0,0.0
4049,2007-07-09,SZSE:000768,-0.7728,0.0,13.2421,0.0,0.0,19412.1351,0.0,9.2921,278.3811,97.2815,NM,10.3264,62.2874,73.2598,73.2598,0.0,0.0,0,19581.5809,227.8232,0.0,0.0,0.0,10.4137,5.0486,0.0,1,39951.0,2.2,0.0,0.0,0.0,0.0,0.0,0.0,0.0,0.0
4050,2007-07-10,SZSE:000768,-0.7728,0.0,13.2421,0.0,0.0,19412.1351,0.0,9.2921,278.3811,97.2815,NM,10.3264,62.2874,73.2598,73.2598,0.0,0.0,0,19581.5809,227.8232,0.0,0.0,0.0,10.4137,5.0486,0.0,1,39951.0,2.2,0.0,0.0,0.0,0.0,0.0,0.0,0.0,0.0
4051,2007-07-11,SZSE:000768,-0.7728,0.0,13.2421,0.0,0.0,19412.1351,0.0,9.2921,278.3811,97.2815,NM,10.3264,62.2874,73.2598,73.2598,0.0,0.0,0,19581.5809,227.8232,0.0,0.0,0.0,10.4137,7.2724,0.0,1,39951.0,2.2,0.0,0.0,0.0,0.0,0.0,0.0,0.0,0.0
4052,2007-07-12,SZSE:000768,-0.7728,0.0,13.2421,0.0,0.0,19412.1351,0.0,9.2921,278.3811,97.2815,NM,10.3264,62.2874,73.2598,73.2598,0.0,0.0,0,19581.5809,227.8232,0.0,0.0,0.0,10.4137,7.2724,0.0,1,39951.0,2.2,0.0,0.0,0.0,0.0,0.0,0.0,0.0,0.0
4053,2007-07-13,SZSE:000768,-0.9181,0.0,13.2421,0.0,0.0,19412.1351,0.0,9.2921,278.3811,97.2815,NM,10.3264,62.2874,73.2598,73.2598,0.0,0.0,0,19581.5809,227.8232,0.0,0.0,0.0,10.4137,7.2724,0.0,1,39951.0,2.2,0.0,0.0,0.0,0.0,0.0,0.0,0.0,0.0
4054,2007-07-16,SZSE:000768,-0.9181,12.6273,11.9185,15.4364,12.6273,17401.3896,15.4364,8.3296,249.5459,84.4634,NM,9.2567,73.3316,55.7835,56.2538,0.0,0.0,0,17570.8354,204.4291,0.0,0.0,55.2144,9.3444,3.3026,54.4443,1,39951.0,2.2,0.0,0.0,0.0,14.569918620766117,14.569918620766117,11.9185,54.4443,0.0
4055,2007-07-17,SZSE:000768,-0.9181,11.9318,11.2621,12.55,11.3636,16442.9998,11.5045,7.8709,235.802,79.8115,NM,8.7469,76.9477,49.698,50.0487,0.0,0.0,0,16612.4455,193.2786,0.0,0.0,52.2028,8.8347,3.1224,78.5753,1,39951.0,2.2,0.0,0.0,0.0,10.858783205383931,11.845602088536516,10.725791545282355,78.5753,0.0
4056,2007-07-18,SZSE:000768,-0.9181,11.0455,10.4255,11.8636,10.9136,15221.5193,11.6591,7.2862,218.2853,73.8826,NM,8.0972,77.7051,43.2257,43.4677,0.0,0.0,0,15390.965,179.0672,0.0,0.0,48.3644,8.1851,2.8928,59.9428,1,39951.0,2.2,0.0,0.0,0.0,11.00465773844552,11.197678855642568,10.301003739079263,59.9428,0.0
4057,2007-07-19,SZSE:000768,-0.9181,11.2545,10.6228,11.7136,11.0682,15509.662,11.0682,7.4241,222.4174,75.2812,NM,8.2504,77.7367,45.0439,45.2951,0.0,0.0,0,15679.1078,182.4196,0.0,0.0,49.2698,8.3383,2.947,28.1981,1,39951.0,2.2,0.0,0.0,0.0,10.446956769292282,11.056131332355946,10.446956769292282,28.1981,0.0
4058,2007-07-20,SZSE:000768,-0.86,11.7273,11.069,11.9318,11.1455,16161.1176,11.2864,7.7359,231.7597,78.4433,NM,8.597,75.4678,49.0191,49.2864,0.0,0.0,0,16330.5634,189.999,0.0,0.0,51.317,8.6848,3.0694,37.4223,1,39951.0,2.2,0.0,0.0,0.0,10.652849470892706,11.26202060150248,10.519858748390508,37.4223,0.0
4059,2007-07-23,SZSE:000768,-0.86,12.4545,11.7555,12.7273,11.6273,17163.358,11.8773,8.4132,220.6101,83.308,NM,8.706,79.117,54.475,54.7557,0.0,0.0,0,17465.3769,159.3933,0.0,0.0,54.883,8.8571,3.2827,45.726,1,39951.0,2.2,0.0,0.0,0.0,11.210694941587377,12.012989293026617,10.974726014693484,45.726,0.0
4060,2007-07-24,SZSE:000768,-0.86,12.0409,11.3651,12.45,12.0045,16593.3359,12.3182,8.1338,213.2833,83.6755,293.3587,8.4169,80.0562,51.1239,51.3629,0.0,0.0,0,16895.3548,154.1912,0.0,0.0,64.409,8.568,3.8749,42.4945,1,39951.0,2.2,0.0,0.0,0.0,11.626836434153592,11.751239110033302,11.330742963565847,42.4945,0.0
4061,2007-07-25,SZSE:000768,-0.86,12.0773,11.3994,12.2636,11.8636,16643.4456,12.0409,8.1584,213.9274,83.9282,294.2446,8.4423,78.6632,51.4069,51.6465,0.0,0.0,0,16945.4645,154.6485,0.0,0.0,64.6001,8.5934,3.8863,26.2702,1,39951.0,2.2,0.0,0.0,0.0,11.365043135469021,11.575242963245095,11.197695001366199,26.2702,0.0
4062,2007-07-26,SZSE:000768,-0.86,12.75,12.0343,12.9545,12.2045,17570.5186,12.2045,8.6128,225.8436,89.0363,NM,8.9126,79.906,56.4328,56.6801,0.0,0.0,0,17872.5375,163.1092,0.0,0.0,68.1343,9.0635,3.4152,39.6103,1,39951.0,2.2,0.0,0.0,0.0,11.519420733333334,12.227320733333334,11.519420733333334,39.6103,0.0
4063,2007-07-27,SZSE:000768,-0.862,13.0091,12.2789,13.2409,12.5045,17927.5654,12.8182,8.7878,230.4329,92.5914,NM,9.0937,80.2175,58.2249,58.473,0.0,0.0,0,18229.5843,166.3677,0.0,0.0,69.4954,9.2446,3.4834,36.6124,1,39951.0,2.2,0.0,0.0,0.0,12.09871520550999,12.497689079951726,11.802623167628813,36.6124,0.0
4064,2007-07-30,SZSE:000768,-0.862,13.0682,12.3347,13.4,12.8682,18008.9975,13.1364,8.8278,231.4796,93.012,NM,9.135,79.8475,58.6428,58.8909,0.0,0.0,0,18311.0164,167.1108,0.0,0.0,69.8059,9.2859,3.499,39.2263,1,39951.0,2.2,0.0,0.0,0.0,12.399072028282395,12.647876524693533,12.145925723512038,39.2263,0.0
4065,2007-07-31,SZSE:000768,-0.862,0.0,12.3347,0.0,0.0,18008.9975,0.0,8.8278,231.4796,89.8774,NM,9.135,79.8475,58.6428,58.8909,0.0,0.0,0,18311.0164,167.1108,0.0,0.0,69.8059,9.2859,3.499,0.0,1,39951.0,2.2,0.0,0.0,0.0,0.0,0.0,0.0,0.0,0.0
4066,2007-08-01,SZSE:000768,-0.862,11.8864,11.2192,13.5818,11.7636,16380.3591,13.5818,8.0294,210.5458,81.7494,289.5935,8.3089,85.3562,48.2487,48.4002,0.0,0.0,0,16682.378,152.2475,0.0,0.0,63.5971,8.46,3.1878,43.086,1,39951.0,2.2,0.0,0.0,0.0,12.819434863373267,12.819434863373267,11.103292933100015,43.086,0.0
4067,2007-08-02,SZSE:000768,-0.862,11.8182,11.1548,12.3091,11.4909,16286.3975,12.0,7.9834,209.3381,81.2805,287.9323,8.2612,83.092,47.7231,47.8704,0.0,0.0,0,16588.4164,151.39,0.0,0.0,63.2389,8.4123,3.1698,46.8011,1,39951.0,2.2,0.0,0.0,0.0,11.326394882469414,11.618143937317022,10.845872579580648,46.8011,0.0
4068,2007-08-03,SZSE:000768,-0.7698,11.9227,11.2535,12.1818,11.75,16430.4703,11.8727,8.054,211.1899,81.9995,290.4794,8.3343,81.0745,48.6468,48.7959,0.0,0.0,0,16732.4892,152.7048,0.0,0.0,63.7881,8.4854,3.1973,29.6509,1,39951.0,2.2,0.0,0.0,0.0,11.206306411299453,11.498057176646231,11.090493344628314,29.6509,0.0
4069,2007-08-06,SZSE:000768,-0.7698,11.8636,11.1977,12.1273,11.6636,16349.0381,11.9318,8.0141,210.1432,81.5931,289.0397,8.293,79.1297,48.1292,48.2742,0.0,0.0,0,16651.057,151.9616,0.0,0.0,63.4777,8.4441,3.1818,29.0202,1,39951.0,2.2,0.0,0.0,0.0,11.26207195623588,11.446598604976566,11.008925934792138,29.0202,0.0
4070,2007-08-07,SZSE:000768,-0.7698,12.6455,11.9357,12.9955,11.8636,17426.4473,12.05,8.5422,223.9918,86.9701,NM,8.8395,80.2744,54.9579,55.1125,0.0,0.0,0,17728.4662,161.7943,0.0,0.0,67.585,8.9905,3.3877,47.1221,1,39951.0,2.2,0.0,0.0,0.0,11.373625795737615,12.266054276224745,11.197688546913922,47.1221,0.0
4071,2007-08-08,SZSE:000768,-0.7698,12.2182,11.5324,12.8545,11.9818,16837.6295,12.6818,8.2536,216.4234,84.0315,297.6777,8.5408,74.6946,51.0059,51.1339,0.0,0.0,0,17139.6484,156.4207,0.0,0.0,65.3403,8.6919,3.2751,30.8553,1,39951.0,2.2,0.0,0.0,0.0,11.969978419079736,12.132984875022508,11.309268985611629,30.8553,0.0
4072,2007-08-09,SZSE:000768,-0.7698,12.2273,11.541,12.5,12.0273,16850.1576,12.0455,8.2597,216.5844,84.094,297.8992,8.5472,74.2629,51.0865,51.2146,0.0,0.0,0,17152.1765,156.535,0.0,0.0,65.3881,8.6982,3.2775,20.4143,1,39951.0,2.2,0.0,0.0,0.0,11.369404161180311,11.798393758229537,11.352225699868328,20.4143,0.0
4073,2007-08-10,SZSE:000768,-0.6443,11.7773,11.1162,12.1909,11.4,16230.0216,12.1591,7.9557,208.6134,80.9991,286.9356,8.2326,74.742,46.9678,47.0708,0.0,0.0,0,16532.0405,150.8755,0.0,0.0,63.024,8.3837,3.159,28.2871,1,39951.0,2.2,0.0,0.0,0.0,11.476568264372988,11.506583221960888,10.760079135285675,28.2871,0.0
4074,2007-08-13,SZSE:000768,-0.6443,11.4955,10.8502,12.0455,11.3727,15841.6553,11.7773,7.7654,203.6215,79.0609,280.0695,8.0356,74.5823,44.5457,44.6352,0.0,0.0,0,16143.6742,147.3311,0.0,0.0,61.5434,8.1868,3.0848,21.0427,1,39951.0,2.2,0.0,0.0,0.0,11.116181154364751,11.369325744856683,10.734293379148362,21.0427,0.0
4075,2007-08-14,SZSE:000768,-0.6443,11.8227,11.1591,11.9364,11.5455,16292.6623,11.5864,7.9864,209.4186,81.3117,288.0430,8.2644,74.595,47.9055,48.0002,0.0,0.0,0,16594.6812,151.4471,0.0,0.0,63.2628,8.4155,3.171,17.3542,1,39951.0,2.2,0.0,0.0,0.0,10.936063356086175,11.266418097388922,10.897459044888224,17.3542,0.0
4076,2007-08-15,SZSE:000768,-0.6443,11.6455,10.9918,11.8227,11.3864,16048.3673,11.8227,7.8667,206.2785,80.0925,283.7241,8.1405,73.991,46.2702,46.3567,0.0,0.0,0,16350.3862,149.2177,0.0,0.0,62.3315,8.2916,3.1243,19.9585,1,39951.0,2.2,0.0,0.0,0.0,11.159053184491864,11.159053184491864,10.74724413035078,19.9585,0.0
4077,2007-08-16,SZSE:000768,-0.6443,11.7545,11.0948,11.9455,11.3636,16198.702,11.5455,7.9404,208.2109,75.3014,286.3819,8.2167,72.56,47.4588,47.5469,0.0,0.0,0,16500.7209,150.5896,0.0,0.0,51.4258,8.3679,2.6608,19.1967,1,39951.0,2.2,0.0,0.0,29.7728,10.897529746054703,11.27508047130886,10.725838553745374,19.1967,0.0
4078,2007-08-17,SZSE:000768,-0.3816,11.6591,11.0047,11.9091,11.5818,16067.1574,11.7273,7.8759,206.52,74.6899,284.0563,8.15,71.741,46.4897,46.5731,0.0,0.0,0,16369.1763,149.3891,0.0,0.0,51.0158,8.3012,2.6396,12.8901,1,39951.0,2.2,0.0,0.0,29.7728,11.069072081893113,11.240668042130181,10.931738681373346,12.8901,0.0
4079,2007-08-20,SZSE:000768,-0.3816,12.2636,11.5753,12.4545,11.8227,16900.2701,11.8227,8.2843,217.2285,78.5627,298.7851,8.5726,72.6201,53.0313,53.1214,0.0,0.0,0,17202.289,156.9923,0.0,0.0,53.6123,8.7236,2.774,25.6346,1,39951.0,2.2,0.0,0.0,29.7728,11.159145708437979,11.755485652663165,11.159145708437979,25.6346,0.0
4080,2007-08-21,SZSE:000768,-0.3816,12.3273,11.6353,12.7273,12.3136,16987.9656,12.5227,8.3273,218.3557,78.9704,NM,8.6171,71.2303,53.6733,53.7639,0.0,0.0,0,17289.9845,157.7927,0.0,0.0,53.8856,8.7681,2.7881,27.5299,1,39951.0,2.2,0.0,0.0,29.7728,11.81973110981318,12.01284577239136,11.622369057295597,27.5299,0.0
4081,2007-08-22,SZSE:000768,-0.3816,12.3864,11.6911,12.5227,12.1136,17069.3991,12.1636,8.3672,219.4024,79.3489,NM,8.6584,69.9132,54.298,54.3889,0.0,0.0,0,17371.418,158.5358,0.0,0.0,54.1394,8.8094,2.8012,22.0303,1,39951.0,2.2,0.0,0.0,29.7728,11.480806687980367,11.819748915746302,11.43361339533682,22.0303,0.0
4082,2007-08-23,SZSE:000768,-0.3816,13.0545,12.3218,13.1545,12.3864,17990.206,12.5,8.8186,231.2381,83.6294,NM,9.1255,70.7101,60.7441,60.8361,0.0,0.0,0,18292.2249,166.9394,0.0,0.0,57.0091,9.2764,2.9497,41.3139,1,39951.0,2.2,0.0,0.0,29.7728,11.7984220000766,12.416187376000613,11.691197940939904,41.3139,0.0
4083,2007-08-24,SZSE:000768,-0.0076,13.4136,12.6607,13.6364,12.8455,18485.0621,13.0909,9.0611,237.5987,85.9298,NM,9.3765,69.9875,63.7068,63.7977,0.0,0.0,0,18787.081,171.4555,0.0,0.0,58.5514,9.5273,3.0295,46.8047,1,39951.0,2.2,0.0,0.0,29.7728,12.356113021858413,12.87099432516252,12.124487225651578,46.8047,0.0
4084,2007-08-27,SZSE:000768,-0.0076,14.2545,13.4544,14.5364,13.3,19643.902,13.65,9.6292,252.4939,91.3168,NM,9.9643,71.0959,69.5099,69.5961,0.0,0.0,0,19945.9209,182.0314,0.0,0.0,62.163,10.115,3.2164,54.8907,1,39951.0,2.2,0.0,0.0,29.7728,12.883830369357046,13.720477053562032,12.553475744501737,54.8907,0.0
4085,2007-08-28,SZSE:000768,-0.0076,14.0455,13.2571,14.4455,13.6364,19355.7593,14.0455,9.4879,248.7903,89.9773,NM,9.8181,70.035,66.656,66.734,0.0,0.0,0,19657.7782,179.4017,0.0,0.0,61.265,9.9689,3.1699,34.0276,1,39951.0,2.2,0.0,0.0,26.2501,13.2571,13.634647257128616,12.870963542771706,34.0276,0.0
4086,2007-08-29,SZSE:000768,-0.0076,14.3,13.4973,15.2409,13.7318,19706.5426,13.9091,9.6599,253.2991,91.6079,NM,9.9961,69.08,68.3592,68.4358,0.0,0.0,0,20008.5615,182.6031,0.0,0.0,62.3582,10.1468,3.2265,33.8612,1,39951.0,2.2,0.0,0.0,26.2501,13.128342337762236,14.385384585314682,12.960994695104894,33.8612,0.0
4087,2007-08-30,SZSE:000768,-0.0076,14.3182,13.5145,14.7864,14.1182,19731.5975,14.2636,9.6722,253.6211,91.7244,NM,10.0088,67.9921,68.483,68.5595,0.0,0.0,0,20033.6164,182.8317,0.0,0.0,62.4363,10.1595,3.2305,31.0283,1,39951.0,2.2,0.0,0.0,26.2501,13.462964772108228,13.956419298515177,13.325726271458704,31.0283,0.0
4088,2007-08-31,SZSE:000768,0.0162,13.8045,13.0297,14.4545,13.6636,19023.766,14.3227,9.3252,244.523,88.434,NM,9.6497,67.7028,61.1963,61.2548,0.0,0.0,0,19325.7849,176.3719,0.0,0.0,60.2303,9.8005,3.1164,26.4488,1,39951.0,2.2,0.0,0.0,26.2501,13.518815182730268,13.64321769350574,12.896708241515448,26.4488,0.0
4089,2007-09-03,SZSE:000768,0.0162,13.8636,13.0855,14.2727,13.7773,19105.1981,13.8409,9.3651,245.5697,88.8125,NM,9.691,66.713,61.7012,61.7596,0.0,0.0,0,19407.217,177.115,0.0,0.0,60.4841,9.8418,3.1295,22.5601,1,39951.0,2.2,0.0,0.0,26.2501,13.064074046423729,13.471639101676333,13.004043621425891,22.5601,0.0
4090,2007-09-04,SZSE:000768,0.0162,13.2727,12.5277,13.8182,13.1818,18290.8783,13.8182,8.9659,235.1028,85.0271,NM,9.278,66.7272,54.1183,54.1605,0.0,0.0,0,18592.8972,169.6834,0.0,0.0,57.9462,9.4289,2.9982,34.7494,1,39951.0,2.2,0.0,0.0,26.2501,13.042580947358111,13.042580947358111,12.441902239936109,34.7494,0.0
4091,2007-09-05,SZSE:000768,0.0162,13.3636,12.6135,13.7591,13.1864,18416.1581,13.3182,9.0273,236.7131,85.6095,NM,9.3415,65.8307,55.0339,55.0763,0.0,0.0,0,18718.177,170.8267,0.0,0.0,58.3367,9.4924,3.0184,17.5451,1,39951.0,2.2,0.0,0.0,26.2501,12.57064830584573,12.9868005514981,12.446246251010209,17.5451,0.0
4092,2007-09-06,SZSE:000768,0.0162,13.4455,12.6908,13.6364,13.2727,18528.9113,13.4636,9.0826,238.1623,86.1336,NM,9.3987,64.9627,55.8871,55.9297,0.0,0.0,0,18830.9302,171.8557,0.0,0.0,58.6881,9.5496,3.0366,15.9637,1,39951.0,2.2,0.0,0.0,26.2501,12.707884041500874,12.870984725000929,12.527699316499945,15.9637,0.0
4093,2007-09-07,SZSE:000768,0.1059,13.9545,13.1713,14.5455,13.2273,19230.478,13.3091,9.4265,247.18,89.3949,NM,9.7546,64.8346,60.8631,60.9059,0.0,0.0,0,19532.4969,178.2584,0.0,0.0,60.8745,9.9053,3.1497,43.2696,1,39951.0,2.2,0.0,0.0,26.2501,12.562123245548031,13.729129968827262,12.484914292163818,43.2696,0.0
4094,2007-09-10,SZSE:000768,0.1059,14.7364,13.9092,14.8182,14.0455,20307.8871,14.0455,9.9546,261.0285,94.4034,NM,10.3011,65.4465,67.0165,67.0577,0.0,0.0,0,20609.906,188.0911,0.0,0.0,64.2324,10.4517,3.3235,30.0992,1,39951.0,2.2,0.0,0.0,26.2501,13.257082367471025,13.986408311392196,13.257082367471025,30.0992,0.0
4095,2007-09-11,SZSE:000768,0.1059,13.2682,12.5234,14.8591,13.2636,18284.6135,14.7727,8.9629,235.0222,84.998,NM,9.2748,69.7298,50.8483,50.8693,0.0,0.0,0,18586.6324,169.6262,0.0,0.0,57.9267,9.4257,2.9972,27.5086,1,39951.0,2.2,0.0,0.0,26.2501,13.943446072564477,14.024996076332885,12.51905821739196,27.5086,0.0
4096,2007-09-12,SZSE:000768,0.1059,13.0591,12.3261,13.6273,12.5,17996.4694,13.1864,8.8216,231.3186,83.6585,NM,9.1286,68.9645,49.034,49.0531,0.0,0.0,0,18298.4883,166.9965,0.0,0.0,57.0287,9.2796,2.9507,25.331,1,39951.0,2.2,0.0,0.0,26.2501,12.446254721994626,12.862407250882526,11.7983819711925,25.331,0.0
4097,2007-09-13,SZSE:000768,0.1059,13.3636,12.6135,13.4909,12.8455,18416.1581,13.25,9.0273,236.7131,85.6095,NM,9.3415,68.4016,51.7353,51.7549,0.0,0.0,0,18718.177,170.8267,0.0,0.0,58.3367,9.4924,3.0184,17.3593,1,39951.0,2.2,0.0,0.0,26.2501,12.506276377622797,12.73365464021671,12.124480996887067,17.3593,0.0
4098,2007-09-14,SZSE:000768,0.0818,13.3955,12.6436,13.5864,13.1136,18460.0073,13.4,9.0488,237.2767,85.8133,NM,9.3638,67.6063,52.0214,52.0411,0.0,0.0,0,18762.0262,171.2269,0.0,0.0,58.4733,9.5146,3.0255,14.6489,1,39951.0,2.2,0.0,0.0,26.2501,12.64784741144414,12.823784632152586,12.377523269754768,14.6489,0.0
4099,2007-09-17,SZSE:000768,0.0818,14.0545,13.2657,14.4364,13.4318,19368.286,13.4545,9.4941,248.9513,90.0355,NM,9.8245,67.8309,57.6251,57.6454,0.0,0.0,0,19670.3049,179.5160,0.0,0.0,61.304,9.9752,3.1719,23.6944,1,39951.0,2.2,0.0,0.0,26.2501,12.699374623785975,13.626166101960228,12.677948647052546,23.6944,0.0
4100,2007-09-18,SZSE:000768,0.0818,13.8182,13.0426,14.3182,13.4545,19042.5575,14.1864,9.3344,244.7645,88.5213,NM,9.6593,67.1889,55.138,55.1562,0.0,0.0,0,19344.5764,176.5434,0.0,0.0,60.2889,9.81,3.1194,19.1878,1,39951.0,2.2,0.0,0.0,26.2501,13.390133348771911,13.51453556324268,12.699314071297275,19.1878,0.0
4101,2007-09-19,SZSE:000768,0.0818,13.3636,12.6135,13.8182,13.2727,18416.1581,13.7182,9.0273,236.7131,85.6095,NM,9.3415,66.8901,50.6138,50.6284,0.0,0.0,0,18718.177,170.8267,0.0,0.0,58.3367,9.4924,3.0184,13.8419,1,39951.0,2.2,0.0,0.0,26.2501,12.948196271962644,13.042583263491872,12.527702224699931,13.8419,0.0
4102,2007-09-20,SZSE:000768,0.0818,13.3773,12.6264,13.7182,13.3409,18434.9496,13.3727,9.0366,236.9546,85.6968,NM,9.3511,66.177,50.7444,50.759,0.0,0.0,0,18736.9685,170.9982,0.0,0.0,58.3952,9.5019,3.0214,11.6679,1,39951.0,2.2,0.0,0.0,26.2501,12.62205820905564,12.94816446368101,12.592043219483752,11.6679,0.0
4103,2007-09-21,SZSE:000768,0.0907,13.8182,13.0426,14.2636,13.3864,19042.5575,13.5,9.3344,244.7645,88.5213,NM,9.6593,65.9193,54.8967,54.9118,0.0,0.0,0,19344.5764,176.5434,0.0,0.0,60.2889,9.81,3.1194,22.2746,1,39951.0,2.2,0.0,0.0,26.2501,12.74226020755236,13.463000199736582,12.635036447583623,22.2746,0.0
4104,2007-09-24,SZSE:000768,0.0907,15.2,14.3468,15.2,13.8727,20946.8146,13.8727,10.2678,269.2410,97.3735,NM,10.6252,68.6625,64.8872,64.9022,0.0,0.0,0,21248.8335,193.9221,0.0,0.0,66.2236,10.7757,3.4265,51.0397,1,39951.0,2.2,0.0,0.0,26.2501,13.094003444736844,14.3468,13.094003444736844,51.0397,0.0
4105,2007-09-25,SZSE:000768,0.0907,15.3682,14.5056,16.3091,15.2273,21178.5815,15.8182,10.3814,272.2200,98.4509,NM,10.7427,68.0048,65.8778,65.8927,0.0,0.0,0,21480.6004,196.0373,0.0,0.0,66.946,10.8933,3.4639,55.7104,1,39951.0,2.2,0.0,0.0,26.2501,14.930341999713693,15.39368832784581,14.37260856053409,55.7104,0.0
4106,2007-09-26,SZSE:000768,0.0907,14.7727,13.9435,15.6773,14.6455,20357.9983,15.5455,9.9792,261.6726,94.6363,NM,10.3265,67.94,59.4793,59.4909,0.0,0.0,0,20660.0172,188.5484,0.0,0.0,64.3885,10.4771,3.3315,21.4009,1,39951.0,2.2,0.0,0.0,26.2501,14.672922299241169,14.797324290752538,13.823439807888876,21.4009,0.0
4107,2007-09-27,SZSE:000768,0.0907,16.25,15.3379,16.25,14.7864,22393.7986,14.7955,10.9771,287.8399,104.0999,NM,11.3592,70.337,67.828,67.8391,0.0,0.0,0,22695.8175,207.1276,0.0,0.0,70.7333,11.5095,3.6598,41.8805,1,39951.0,2.2,0.0,0.0,26.2501,13.965039966153846,15.3379,13.956450742153846,41.8805,0.0
4108,2007-09-28,SZSE:000768,0.2555,17.2182,16.2517,17.6909,16.1,23728.0295,16.3091,11.6312,NM,110.3022,NM,12.0359,70.6753,71.9124,71.9229,0.0,0.0,0,24030.0484,219.3041,0.0,0.0,74.8915,12.1861,3.875,41.2166,1,39951.0,2.2,0.0,0.0,26.2501,15.393630023463546,16.697866184037817,15.196267321787412,41.2166,0.0
4109,2007-10-01,SZSE:000768,0.2555,0.0,16.2517,0.0,0.0,23728.0295,0.0,11.6312,NM,100.3976,NM,12.0359,70.6753,71.9124,71.9229,0.0,0.0,0,24030.0484,219.3041,0.0,0.0,67.6694,12.1861,3.7176,0.0,1,39951.0,2.2,0.0,0.0,26.2501,0.0,0.0,0.0,0.0,0.0
4110,2007-10-02,SZSE:000768,0.2555,0.0,16.2517,0.0,0.0,23728.0295,0.0,11.6312,NM,100.3976,NM,12.0359,70.6753,71.9124,71.9229,0.0,0.0,0,24030.0484,219.3041,0.0,0.0,67.6694,12.1861,3.7176,0.0,1,39951.0,2.2,0.0,0.0,26.2501,0.0,0.0,0.0,0.0,0.0
4111,2007-10-03,SZSE:000768,0.2555,0.0,16.2517,0.0,0.0,23728.0295,0.0,11.6312,NM,100.3976,NM,12.0359,70.6753,71.9124,71.9229,0.0,0.0,0,24030.0484,219.3041,0.0,0.0,67.6694,12.1861,3.7176,0.0,1,39951.0,2.2,0.0,0.0,26.2501,0.0,0.0,0.0,0.0,0.0
4112,2007-10-04,SZSE:000768,0.2555,0.0,16.2517,0.0,0.0,23728.0295,0.0,11.6312,NM,100.3976,NM,12.0359,70.6753,71.9124,71.9229,0.0,0.0,0,24030.0484,219.3041,0.0,0.0,67.6694,12.1861,3.7176,0.0,1,39951.0,2.2,0.0,0.0,26.2501,0.0,0.0,0.0,0.0,0.0
4113,2007-10-05,SZSE:000768,0.2324,0.0,16.2517,0.0,0.0,23728.0295,0.0,11.6312,NM,100.3976,NM,12.0359,70.6753,71.9124,71.9229,0.0,0.0,0,24030.0484,219.3041,0.0,0.0,67.6694,12.1861,3.7176,0.0,1,39951.0,2.2,0.0,0.0,26.2501,0.0,0.0,0.0,0.0,0.0
4114,2007-10-08,SZSE:000768,0.2324,17.0227,16.0672,17.6364,16.6273,23458.6783,17.5455,11.4991,NM,99.2579,NM,11.8993,70.0919,69.9809,69.9907,0.0,0.0,0,23760.6972,216.8460,0.0,0.0,66.9109,12.0496,3.6759,27.9616,1,39951.0,2.2,0.0,0.0,26.2501,16.560654749246595,16.646452447614067,15.693994170137522,27.9616,0.0
4115,2007-10-09,SZSE:000768,0.2324,17.9318,16.9253,18.1136,16.8136,24711.4798,17.0682,12.1132,NM,104.5587,NM,12.5348,70.2057,73.5407,73.55,0.0,0.0,0,25013.4987,228.2793,0.0,0.0,70.4388,12.6849,3.8698,19.4053,1,39951.0,2.2,0.0,0.0,26.2501,16.11017329325556,17.096895686991825,15.869863821813762,19.4053,0.0
4116,2007-10-10,SZSE:000768,0.2324,17.5909,16.6035,18.2636,17.3636,24241.6799,18.0,11.8829,NM,102.5709,NM,12.2965,69.7504,70.1798,70.1881,0.0,0.0,0,24543.6988,223.9918,0.0,0.0,69.1159,12.4466,3.7971,22.3318,1,39951.0,2.2,0.0,0.0,26.2501,16.989636687150742,17.238440477747016,16.38895864338948,22.3318,0.0
4117,2007-10-11,SZSE:000768,0.2324,16.9273,15.9771,17.5864,16.8182,23327.1336,17.5864,11.4346,299.8365,98.7013,NM,11.8326,69.6934,64.0438,64.0504,0.0,0.0,0,23629.1525,215.6455,0.0,0.0,66.5405,11.9828,3.6556,23.483,1,39951.0,2.2,0.0,0.0,26.2501,16.59920196605484,16.59920196605484,15.87412423836052,23.483,0.0
4118,2007-10-12,SZSE:000768,0.2393,17.5,16.5177,17.9455,16.2182,24116.3986,16.9318,11.8215,NM,102.0408,NM,12.2329,69.3661,66.746,66.7525,0.0,0.0,0,24418.4175,222.8485,0.0,0.0,68.7631,12.3831,3.7777,30.7034,1,39951.0,2.2,0.0,0.0,26.2501,15.981393877714286,16.93819344857143,15.307849265142858,30.7034,0.0
4119,2007-10-15,SZSE:000768,0.2393,18.6364,17.5903,19.1364,17.1818,25682.3991,17.2727,12.5892,NM,108.6668,NM,13.0273,69.831,71.3471,71.3533,0.0,0.0,0,25984.418,237.1402,0.0,0.0,73.173,13.1772,4.02,30.0533,1,39951.0,2.2,0.0,0.0,26.2501,16.30314732512717,18.062233957202032,16.21734973170784,30.0533,0.0
4120,2007-10-16,SZSE:000768,0.2393,18.1773,17.157,18.6818,17.8773,25049.7336,18.6818,12.279,NM,105.9899,NM,12.7064,66.0125,67.296,67.3014,0.0,0.0,0,25351.7525,231.3663,0.0,0.0,71.3914,12.8564,3.9221,17.0429,1,39951.0,2.2,0.0,0.0,26.2501,17.633182188773908,17.633182188773908,16.873839134524932,17.0429,0.0
4121,2007-10-17,SZSE:000768,0.2393,17.7545,16.758,19.0409,17.6727,24467.182,18.0455,11.9935,NM,103.525,NM,12.4109,65.018,63.7088,63.7136,0.0,0.0,0,24769.2009,226.0498,0.0,0.0,69.7509,12.561,3.832,19.9049,1,39951.0,2.2,0.0,0.0,26.2501,17.03266715480582,17.9721987214509,16.68079115717142,19.9049,0.0
4122,2007-10-18,SZSE:000768,0.2393,16.5455,15.6168,17.7273,16.5455,22800.9593,17.7045,11.1767,293.0733,96.475,NM,11.5657,64.667,54.7238,54.7271,0.0,0.0,0,23102.9782,210.8435,0.0,0.0,65.0587,11.716,3.5742,26.3892,1,39951.0,2.2,0.0,0.0,26.2501,16.710745253996556,16.732265488501405,15.6168,26.3892,0.0
4123,2007-10-19,SZSE:000768,0.282,16.5409,15.6125,17.0818,16.4545,22794.6959,16.8409,11.1736,292.9928,97.4141,NM,11.5625,64.6338,54.6926,54.6959,0.0,0.0,0,23096.7148,210.7863,0.0,0.0,65.0411,11.7128,3.5732,14.0763,1,39951.0,2.2,0.0,0.0,26.2501,15.895661738478562,16.123040614476842,15.530949419318175,14.0763,0.0
4124,2007-10-22,SZSE:000768,0.282,16.3182,15.4022,17.0909,15.9545,22487.7575,16.3091,11.0232,289.0476,96.1024,NM,11.4068,64.3524,53.0938,53.0968,0.0,0.0,0,22789.7764,207.9851,0.0,0.0,64.1768,11.5572,3.5257,13.0572,1,39951.0,2.2,0.0,0.0,26.2501,15.393610816143937,16.13152553467907,15.058915805664839,13.0572,0.0
4125,2007-10-23,SZSE:000768,0.282,15.5909,14.7158,16.6364,15.1455,21485.5199,16.4227,10.5319,276.1653,91.8193,NM,10.8984,64.1674,48.1447,48.147,0.0,0.0,0,21787.5388,198.8384,0.0,0.0,61.3544,11.0489,3.3707,19.9718,1,39951.0,2.2,0.0,0.0,26.2501,15.500911984555092,15.702617239543578,14.295399810145662,19.9718,0.0
4126,2007-10-24,SZSE:000768,0.282,15.45,14.5828,16.0318,15.4364,21291.3346,15.8182,10.4367,273.6693,90.9894,NM,10.7999,63.7515,47.2262,47.2284,0.0,0.0,0,21593.3535,197.0663,0.0,0.0,60.8076,10.9504,3.3406,11.872,1,39951.0,2.2,0.0,0.0,26.2501,14.93033313656958,15.131943886084144,14.569963360517802,11.872,0.0
4127,2007-10-25,SZSE:000768,0.282,13.9045,13.1241,15.3636,13.9045,19161.574,15.3636,9.3927,246.2943,81.8878,NM,9.7196,67.5605,38.5411,38.5424,0.0,0.0,0,19463.5929,177.6295,0.0,0.0,54.8101,9.8704,3.0112,24.0418,1,39951.0,2.2,0.0,0.0,26.2501,14.501306969686073,14.501306969686073,13.1241,24.0418,0.0
4128,2007-10-26,SZSE:000768,0.1502,13.9591,13.1756,14.2636,12.6364,19236.7414,13.4636,9.4296,247.2605,82.209,NM,9.7578,66.7003,38.9678,38.969,0.0,0.0,0,19538.7603,178.3155,0.0,0.0,55.0218,9.9085,3.0228,20.3234,1,39951.0,2.2,0.0,0.0,26.2501,12.707911553037086,13.463008944702738,11.927140850054803,20.3234,0.0
4129,2007-10-29,SZSE:000768,0.1502,13.6364,12.871,14.2727,13.3636,18791.9991,14.0864,9.1687,228.0481,80.3084,NM,9.3372,66.7762,37.3172,37.3184,0.0,0.0,0,19205.3186,171.9900,0.0,0.0,54.0828,9.532,2.9712,12.6346,1,39951.0,2.2,0.0,0.0,26.2501,13.295741867355021,13.471585000440001,12.613512041301224,12.6346,0.0
4130,2007-10-30,SZSE:000768,0.1502,13.9,13.1198,14.1818,13.6364,19155.3106,13.7,9.346,232.4570,81.0968,NM,9.5177,66.8774,39.569,39.5703,0.0,0.0,0,19568.6301,175.2436,0.0,0.0,46.396,9.7123,3.015,13.6982,1,39951.0,2.2,0.0,0.0,26.2501,12.931025899280575,13.385782707913668,12.870995735251798,13.6982,0.0
4131,2007-10-31,SZSE:000768,0.1502,14.9909,14.1495,14.9955,14.0909,20658.6719,14.0909,10.0795,250.7009,87.4616,NM,10.2647,68.0127,47.9081,47.9096,0.0,0.0,0,21071.9913,188.7067,0.0,0.0,49.9603,10.4584,3.2466,21.577,1,39951.0,2.2,0.0,0.0,26.2501,13.300014645551634,14.153841814033848,13.300014645551634,21.577,0.0
4132,2007-11-01,SZSE:000768,0.1502,14.4818,13.669,15.2045,14.3727,19957.1038,15.15,9.7372,242.1871,84.4914,NM,9.9161,65.4781,44.8011,44.8024,0.0,0.0,0,20370.4232,182.4239,0.0,0.0,48.297,10.1102,3.1385,12.8929,1,39951.0,2.2,0.0,0.0,26.2501,14.29969686088746,14.351138014611445,13.566023305114006,12.8929,0.0
4133,2007-11-02,SZSE:000768,0.1574,13.9091,13.1284,14.3091,13.8182,19167.8374,14.1182,9.3521,232.6090,81.1499,NM,9.5239,66.0473,41.5375,41.5385,0.0,0.0,0,19581.1568,175.3557,0.0,0.0,46.4257,9.7185,3.0169,12.7807,1,39951.0,2.2,0.0,0.0,26.2501,13.32576348433759,13.505948511406201,13.042602100782938,12.7807,0.0
4134,2007-11-05,SZSE:000768,0.1574,14.5455,13.729,14.7273,13.4545,20044.7993,13.5909,9.7799,243.2513,84.8626,NM,9.9597,66.5849,46.225,46.2261,0.0,0.0,0,20458.1187,183.2092,0.0,0.0,48.5049,10.1538,3.152,12.8916,1,39951.0,2.2,0.0,0.0,26.2501,12.827985706919664,13.90059480251624,12.69924241174246,12.8916,0.0
4135,2007-11-06,SZSE:000768,0.1574,14.3091,13.5059,14.7318,14.2727,19719.0694,14.4455,9.621,239.2984,83.4836,NM,9.7978,66.6845,44.7885,44.7895,0.0,0.0,0,20132.3888,180.2922,0.0,0.0,47.7326,9.9921,3.1018,9.1415,1,39951.0,2.2,0.0,0.0,26.2501,13.634643579959604,13.90487295637042,13.471543208867084,9.1415,0.0
4136,2007-11-07,SZSE:000768,0.1574,14.1,13.3086,14.5318,13.6955,19430.9266,14.1818,9.4804,235.8017,82.2637,NM,9.6546,65.5888,43.5007,43.5017,0.0,0.0,0,19844.2461,177.7118,0.0,0.0,47.0494,9.8491,3.0574,5.8589,1,39951.0,2.2,0.0,0.0,26.2501,13.38580875744681,13.716164076595748,12.926803638297871,5.8589,0.0
4137,2007-11-08,SZSE:000768,0.1574,13.4409,12.6865,14.5,13.4318,18522.6479,14.3091,9.0373,224.7794,78.4184,NM,9.2033,65.9556,39.6324,39.6331,0.0,0.0,0,18935.9673,169.5779,0.0,0.0,44.896,9.3983,2.9175,10.9994,1,39951.0,2.2,0.0,0.0,26.2501,13.505970370287704,13.686155688979161,12.67791075746416,10.9994,0.0
4138,2007-11-09,SZSE:000768,0.2326,13.1273,12.3904,13.4318,12.7273,18090.4296,13.1818,8.8264,219.5343,76.5885,NM,8.9886,66.1517,37.9049,37.9056,0.0,0.0,0,18503.7491,165.7072,0.0,0.0,43.8712,9.1838,2.8509,10.549,1,39951.0,2.2,0.0,0.0,26.2501,12.441840646591453,12.677806915359593,12.012853969970976,10.549,0.0
4139,2007-11-12,SZSE:000768,0.2326,12.2182,11.5324,13.0909,11.8545,16837.6295,12.7273,8.2152,204.3311,71.2846,293.4382,8.3661,67.3391,33.3655,33.3659,0.0,0.0,0,17250.9489,154.4880,0.0,0.0,40.9009,8.562,2.6579,13.04,1,39951.0,2.2,0.0,0.0,26.2501,12.01292453225516,12.35611588941088,11.189114255782359,13.04,0.0
4140,2007-11-13,SZSE:000768,0.2326,12.2727,11.5839,12.7136,11.9636,16912.7983,12.4909,8.2518,205.2433,71.6028,294.7482,8.4035,67.1494,33.8772,33.8776,0.0,0.0,0,17326.1177,155.1611,0.0,0.0,41.0791,8.5993,2.6695,9.5868,1,39951.0,2.2,0.0,0.0,26.2501,11.789853619008042,12.000054677454838,11.29214810432912,9.5868,0.0
4141,2007-11-14,SZSE:000768,0.2326,12.8409,12.1202,12.9682,12.3364,17695.7999,12.3909,8.6339,214.7453,74.9178,NM,8.7925,67.5257,39.1213,39.1219,0.0,0.0,0,18109.1193,162.1732,0.0,0.0,42.9356,8.9879,2.7901,13.1717,1,39951.0,2.2,0.0,0.0,26.2501,11.695456407261174,12.240355243012562,11.644015238807249,13.1717,0.0
4142,2007-11-15,SZSE:000768,0.2326,12.3409,11.6482,12.9773,12.2273,17006.7599,12.9545,8.2977,206.3835,72.0006,296.3857,8.4501,67.9589,36.3865,36.3869,0.0,0.0,0,17420.0793,156.0026,0.0,0.0,41.3019,8.6459,2.6839,11.9829,1,39951.0,2.2,0.0,0.0,26.2501,12.227358369324765,12.248878595564342,11.540976416630878,11.9829,0.0
4143,2007-11-16,SZSE:000768,0.2382,13.0545,12.3218,13.4045,12.6409,17990.206,12.7364,8.7775,218.3180,76.1642,NM,8.9388,68.857,42.5586,42.5591,0.0,0.0,0,18403.5254,164.8097,0.0,0.0,43.6336,9.134,2.8355,20.5057,1,39951.0,2.2,0.0,0.0,26.2501,12.02155375694205,12.652155816002143,11.931413812861464,20.5057,0.0
4144,2007-11-19,SZSE:000768,0.2382,13.6136,12.8495,13.7045,12.9455,18760.6781,12.9773,9.1534,227.6680,79.4261,NM,9.3216,69.3029,46.905,46.9056,0.0,0.0,0,19173.9976,171.7095,0.0,0.0,45.4603,9.5164,2.9542,14.1174,1,39951.0,2.2,0.0,0.0,26.2501,12.248914052858906,12.935297992448728,12.218898913586415,14.1174,0.0
4145,2007-11-20,SZSE:000768,0.2382,13.5909,12.8281,13.8318,13.2727,18729.3599,13.7364,9.1381,227.2879,79.2935,NM,9.3061,68.5977,46.7502,46.7507,0.0,0.0,0,19142.6793,171.4290,0.0,0.0,45.3861,9.5009,2.9493,10.5,1,39951.0,2.2,0.0,0.0,26.2501,12.965433697547622,13.055479297176786,12.527759226394132,10.5,0.0
4146,2007-11-21,SZSE:000768,0.2382,13.3182,12.5706,13.9182,13.1818,18353.5175,13.4545,8.9548,222.7269,77.7023,NM,9.1193,68.7368,44.8371,44.8376,0.0,0.0,0,18766.8369,168.0632,0.0,0.0,44.495,9.3144,2.8914,10.3015,1,39951.0,2.2,0.0,0.0,26.2501,12.699248975086723,13.136919772942292,12.441856638284454,10.3015,0.0
4147,2007-11-22,SZSE:000768,0.2382,13.8182,13.0426,14.3955,12.9545,19042.5575,13.0773,9.2909,231.0887,73.6184,NM,9.4617,69.1116,48.9607,48.9612,0.0,0.0,0,19455.8769,174.2338,0.0,0.0,32.8534,9.6563,2.4014,29.169,1,39951.0,2.2,0.0,0.0,26.2501,12.343285882386997,13.58749680132,12.227378508054594,29.169,0.0
4148,2007-11-23,SZSE:000768,0.1713,0.0,13.0426,0.0,0.0,19042.5575,13.0773,9.2909,231.0887,73.6184,NM,9.4617,69.1116,48.9607,48.9612,0.0,0.0,0,19455.8769,174.2338,0.0,0.0,32.8534,9.6563,2.4014,29.169,1,39951.0,2.2,0.0,0.0,26.2501,inf,0.0,0.0,29.169,0.0
4149,2007-11-26,SZSE:000768,0.1713,14.5,13.6861,14.9455,13.9,19982.1586,14.3182,9.7494,242.4911,77.2509,NM,9.9285,69.3646,54.0093,54.0099,0.0,0.0,0,20395.4781,182.6483,0.0,0.0,34.44,10.1227,2.5174,28.7743,1,39951.0,2.2,0.0,0.0,26.2501,13.514504622068964,14.106593624137929,13.119778620689655,28.7743,0.0
4150,2007-11-27,SZSE:000768,0.1713,14.3318,13.5274,15.0,14.1727,19750.3918,14.3182,9.6363,239.6785,76.3549,NM,9.8134,68.2989,52.6265,52.627,0.0,0.0,0,20163.7112,180.5727,0.0,0.0,34.0487,10.0077,2.4888,19.6389,1,39951.0,2.2,0.0,0.0,26.2501,13.514563326309327,14.158095982360903,13.377229795280426,19.6389,0.0
4151,2007-11-28,SZSE:000768,0.1713,13.6182,12.8538,14.8591,13.5682,18766.9415,14.2955,9.1565,227.7440,72.5529,NM,9.3247,69.0325,47.1141,47.1146,0.0,0.0,0,19180.2609,171.7656,0.0,0.0,32.388,9.5195,2.3674,17.4678,1,39951.0,2.2,0.0,0.0,26.2501,13.49308263206591,14.025047332246553,12.806606538309026,17.4678,0.0
4152,2007-11-29,SZSE:000768,0.1713,14.2227,13.4244,14.3545,12.9909,19600.0543,13.5455,9.563,237.8541,75.7737,NM,9.7387,69.5148,51.727,51.7275,0.0,0.0,0,20013.3737,179.2264,0.0,0.0,33.7948,9.933,2.4703,20.6049,1,39951.0,2.2,0.0,0.0,26.2501,12.785210276529773,13.548802252736824,12.261739188761627,20.6049,0.0
4153,2007-11-30,SZSE:000768,0.1997,14.9455,14.1066,15.6273,13.9364,20596.0313,14.2182,10.0489,249.9407,79.6242,NM,10.2335,70.25,56.6006,56.601,0.0,0.0,0,21009.3507,188.1457,0.0,0.0,35.4766,10.4274,2.5932,39.0949,1,39951.0,2.2,0.0,0.0,26.2501,13.420123791107692,14.750130151550634,13.154141396406947,39.0949,0.0
4154,2007-12-03,SZSE:000768,0.1997,14.9227,14.0851,15.6318,14.5455,20564.7103,14.9455,10.0336,249.5606,79.5031,NM,10.218,70.4223,56.4077,56.4082,0.0,0.0,0,20978.0297,187.8652,0.0,0.0,35.4237,10.4118,2.5893,27.3976,1,39951.0,2.2,0.0,0.0,26.2501,14.106620253037317,14.754398746875566,13.729071954136987,27.3976,0.0
4155,2007-12-04,SZSE:000768,0.1997,14.4955,13.6818,14.8682,14.35,19975.8953,14.8636,9.7463,242.4151,75.972,NM,9.9254,70.0871,52.7675,52.7679,0.0,0.0,0,20389.2147,182.5922,0.0,0.0,34.7111,10.1196,2.4289,12.3661,1,39951.0,2.2,0.0,0.0,26.2501,14.029236830740576,14.033578611293162,13.544467593391053,12.3661,0.0
4156,2007-12-05,SZSE:000768,0.1997,14.6773,13.8534,14.7682,14.2773,20226.4536,14.3636,9.8686,245.4557,76.9249,NM,10.0499,70.1156,54.1242,54.1246,0.0,0.0,0,20639.7731,184.8360,0.0,0.0,35.1377,10.2439,2.4587,10.2515,1,39951.0,2.2,0.0,0.0,26.2501,13.557309330735217,13.93919739189088,13.475853721052237,10.2515,0.0
4157,2007-12-06,SZSE:000768,0.1997,14.8091,13.9779,14.9455,14.4773,20408.1094,14.8227,9.9572,247.6602,77.6158,NM,10.1402,70.1251,55.1305,55.1309,0.0,0.0,0,20821.4288,186.4628,0.0,0.0,35.4469,10.3341,2.4804,9.5879,1,39951.0,2.2,0.0,0.0,26.2501,13.990736663943116,14.106644188370662,13.664723154681917,9.5879,0.0
4158,2007-12-07,SZSE:000768,0.1834,14.6409,13.8191,14.8182,14.4136,20176.3439,14.8091,9.8441,244.8476,76.7343,NM,10.025,69.7772,53.5176,53.5179,0.0,0.0,0,20589.6633,184.3873,0.0,0.0,35.0524,10.2191,2.4528,15.3231,1,39951.0,2.2,0.0,0.0,26.2501,13.977858861818605,13.986448074913428,13.604558446543587,15.3231,0.0
4159,2007-12-10,SZSE:000768,0.1834,14.8409,14.0079,14.9545,14.2727,20451.9599,14.3545,9.9786,248.1923,77.7825,NM,10.162,68.9234,55.1963,55.1967,0.0,0.0,0,20865.2793,186.8555,0.0,0.0,35.5216,10.3559,2.4856,16.0603,1,39951.0,2.2,0.0,0.0,26.2501,13.54880098578927,14.115123782924215,13.471592311113207,16.0603,0.0
4160,2007-12-11,SZSE:000768,0.1834,15.3909,14.527,15.55,14.6727,21209.9039,14.8455,10.3484,257.3903,80.6651,NM,10.5386,65.7011,59.5254,59.5257,0.0,0.0,0,21623.2233,193.6431,0.0,0.0,36.8119,10.732,2.5759,25.8766,1,39951.0,2.2,0.0,0.0,26.2501,14.012213613238991,14.677169626207695,13.849112975849364,25.8766,0.0
4161,2007-12-12,SZSE:000768,0.1834,15.1682,14.3168,15.6136,15.05,20902.9655,15.3409,10.1987,253.6655,79.4978,NM,10.3861,65.6853,57.1185,57.1188,0.0,0.0,0,21316.2849,190.8944,0.0,0.0,36.2894,10.5797,2.5393,13.6078,1,39951.0,2.2,0.0,0.0,26.2501,14.479806247280495,14.737199435661449,14.205234635619256,13.6078,0.0
4162,2007-12-13,SZSE:000768,0.1834,14.3909,13.5831,15.3227,14.3682,19831.8239,14.9636,9.676,240.6668,75.4241,NM,9.8538,66.5074,49.5837,49.5839,0.0,0.0,0,20245.1433,181.3020,0.0,0.0,34.4659,10.0481,2.4117,12.9727,1,39951.0,2.2,0.0,0.0,26.2501,14.123652805592423,14.462595554829788,13.56167421217575,12.9727,0.0
4163,2007-12-14,SZSE:000768,0.2006,14.6182,13.7977,14.6818,14.1364,20145.0215,14.1818,9.8288,244.4675,76.6152,NM,10.0095,66.5739,51.5944,51.5946,0.0,0.0,0,20558.3409,184.1067,0.0,0.0,34.9991,10.2035,2.449,9.4439,1,39951.0,2.2,0.0,0.0,26.2501,13.385794547892354,13.857730217126598,13.342942789125885,9.4439,0.0
4164,2007-12-17,SZSE:000768,0.2006,14.3227,13.5188,14.7409,14.3182,19737.8623,14.7409,9.6302,239.5265,75.0667,NM,9.8071,65.9999,48.866,48.8662,0.0,0.0,0,20151.1817,180.4605,0.0,0.0,34.3059,10.0014,2.4005,9.2758,1,39951.0,2.2,0.0,0.0,26.2501,13.913527401956337,13.913527401956337,13.514552574584402,9.2758,0.0
4165,2007-12-18,SZSE:000768,0.2006,14.2818,13.4802,14.5364,14.15,19681.4878,14.2136,9.6027,238.8424,74.8523,NM,9.7791,65.905,48.4837,48.4839,0.0,0.0,0,20094.8072,179.9557,0.0,0.0,34.2099,9.9735,2.3938,5.4729,1,39951.0,2.2,0.0,0.0,26.2501,13.415827887241104,13.720509969331596,13.35579758853926,5.4729,0.0
4166,2007-12-19,SZSE:000768,0.2006,14.5818,13.7633,14.8045,14.2955,20094.9118,14.3409,9.8044,243.8594,76.4246,NM,9.9846,65.6426,51.4815,51.4817,0.0,0.0,0,20508.2312,183.6580,0.0,0.0,34.9138,10.1786,2.4431,8.708,1,39951.0,2.2,0.0,0.0,26.2501,13.535922106324321,13.97349948908914,13.493070481696362,8.708,0.0
4167,2007-12-20,SZSE:000768,0.2006,14.9045,14.068,14.9909,14.4045,20539.654,14.5955,10.0214,249.2565,78.1161,NM,10.2055,65.777,54.5458,54.546,0.0,0.0,0,20952.9734,187.6408,0.0,0.0,35.6709,10.3994,2.4961,10.4592,1,39951.0,2.2,0.0,0.0,26.2501,13.776342312724344,14.149550887315911,13.596061994699587,10.4592,0.0
4168,2007-12-21,SZSE:000768,0.1966,15.0909,14.2439,15.4,14.8091,20796.4799,14.8182,10.1467,252.3732,79.0928,NM,10.3331,65.505,56.2636,56.2639,0.0,0.0,0,21209.7993,189.9408,0.0,0.0,36.1081,10.5268,2.5266,13.468,1,39951.0,2.2,0.0,0.0,26.2501,13.986505707413077,14.535651286536918,13.977916458925579,13.468,0.0
4169,2007-12-24,SZSE:000768,0.1966,15.4909,14.6214,15.8545,15.3864,21347.7119,15.4318,10.4156,259.0626,78.4747,NM,10.607,62.7238,59.7773,59.7775,0.0,0.0,0,21761.0313,194.8772,0.0,0.0,38.5211,10.8004,2.5416,22.3293,1,39951.0,2.2,0.0,0.0,26.2501,14.565617266911541,14.96459123098077,14.522765556552555,22.3293,0.0
4170,2007-12-25,SZSE:000768,0.1966,16.3636,15.4451,16.6273,15.6364,22550.3981,15.7136,11.0024,273.6577,82.8958,NM,11.2046,63.6851,66.1643,66.1645,0.0,0.0,0,22963.7176,205.6477,0.0,0.0,40.65,11.3973,2.6821,33.0454,1,39951.0,2.2,0.0,0.0,26.2501,14.831584942188758,15.693998339607424,14.758718230707178,33.0454,0.0
4171,2007-12-26,SZSE:000768,0.1966,16.8909,15.9428,17.1,16.1818,23277.0239,16.4909,11.357,282.4756,85.5669,NM,11.5657,63.4163,69.3327,69.3329,0.0,0.0,0,23690.3433,212.1549,0.0,0.0,41.9363,11.758,2.7669,25.7725,1,39951.0,2.2,0.0,0.0,26.2501,15.565252326400607,16.140163046374084,15.273502361626676,25.7725,0.0
4172,2007-12-27,SZSE:000768,0.1966,16.6045,15.6725,17.0455,16.5955,22882.39,16.9364,11.1644,277.6865,84.1162,NM,11.3696,60.4612,65.7326,65.7328,0.0,0.0,0,23295.7094,208.6208,0.0,0.0,41.2377,11.5621,2.7208,17.8619,1,39951.0,2.2,0.0,0.0,26.2501,15.985770664578876,16.088746951127707,15.664005164262699,17.8619,0.0
4173,2007-12-28,SZSE:000768,0.2385,16.6364,15.7026,17.1364,16.5909,22926.2391,16.6136,11.1858,278.2187,84.2774,NM,11.3914,59.2516,65.9442,65.9444,0.0,0.0,0,23339.5586,209.0135,0.0,0.0,41.3154,11.5839,2.726,15.5994,1,39951.0,2.2,0.0,0.0,26.2501,15.68107976244861,16.174535034021783,15.659653911904021,15.5994,0.0
4174,2007-12-31,SZSE:000768,0.2385,0.0,15.7026,0.0,0.0,22926.2391,0.0,11.1858,278.2187,0.0,NM,11.3914,59.2516,65.9442,65.9444,0.0,0.0,0,23339.5586,209.0135,0.0,0.0,40.2976,11.5839,2.3402,0.0,1,39951.0,2.2,0.0,0.0,26.2501,0.0,0.0,0.0,0.0,0.0
4175,2008-01-01,SZSE:000768,0.2385,0.0,15.7026,0.0,0.0,22926.2391,0.0,11.1858,278.2187,0.0,NM,11.3914,59.2516,65.9442,65.9444,0.0,0.0,0,23339.5586,209.0135,0.0,0.0,40.2976,11.5839,2.3402,0.0,1,39951.0,2.2,0.0,0.0,26.2501,0.0,0.0,0.0,0.0,0.0
4176,2008-01-02,SZSE:000768,0.2385,17.6591,16.6679,18.2773,17.1136,24335.6374,17.3227,11.8735,295.3223,0.0,NM,12.0916,60.02,71.9416,71.9417,0.0,0.0,0,24748.9568,221.6351,0.0,0.0,42.731,12.2834,2.4816,29.4106,1,39951.0,2.2,0.0,0.0,26.2501,16.350382031360603,17.25140061894434,16.15301875180502,29.4106,0.0
4177,2008-01-03,SZSE:000768,0.2385,18.5455,17.5045,19.0455,17.5045,25557.1193,17.75,12.4694,NM,0.0,NM,12.6986,60.3236,75.9024,75.9025,0.0,0.0,0,25970.4387,232.5739,0.0,0.0,44.84,12.8896,2.604,37.1152,1,39951.0,2.2,0.0,0.0,26.2501,16.753653177320643,17.97643389231889,16.521933636192067,37.1152,0.0
4178,2008-01-04,SZSE:000768,0.235,18.6364,17.5903,18.8182,18.0909,25682.3991,18.5909,12.5306,NM,0.0,NM,12.7608,59.8319,76.2723,76.2725,0.0,0.0,0,26095.7186,233.6958,0.0,0.0,45.0563,12.9518,2.6166,21.0376,1,39951.0,2.2,0.0,0.0,26.2501,17.547354009894615,17.76189518683866,17.075420052692582,21.0376,0.0
4179,2008-01-07,SZSE:000768,0.235,18.6364,17.5903,18.9955,18.2773,25682.3991,18.5455,12.5306,NM,0.0,NM,12.7608,59.348,76.2723,76.2725,0.0,0.0,0,26095.7186,233.6958,0.0,0.0,45.0563,12.9518,2.6166,18.2023,1,39951.0,2.2,0.0,0.0,26.2501,17.50450240658067,17.9292429680625,17.2513570319375,18.2023,0.0
4180,2008-01-08,SZSE:000768,0.235,19.0773,18.0065,20.4455,18.6409,26290.0056,19.3182,12.827,NM,0.0,NM,13.0627,59.454,78.1585,78.1586,0.0,0.0,0,26703.3251,239.1371,0.0,0.0,46.1054,13.2534,2.6775,31.496,1,39951.0,2.2,0.0,0.0,26.2501,18.233878394741396,19.297903568639164,17.594594929575983,31.496,0.0
4181,2008-01-09,SZSE:000768,0.235,19.0864,18.015,19.5409,18.6864,26302.5351,18.9864,12.8331,NM,0.0,NM,13.0689,58.578,78.197,78.1971,0.0,0.0,0,26715.8546,239.2493,0.0,0.0,46.127,13.2596,2.6788,28.8798,1,39951.0,2.2,0.0,0.0,26.2501,17.92061342107469,18.443987001215525,17.637453684298766,28.8798,0.0
4182,2008-01-10,SZSE:000768,0.235,18.8682,17.8091,19.3455,18.8091,26001.8615,19.1364,12.6864,NM,0.0,NM,12.9195,58.4911,74.791,74.7911,0.0,0.0,0,26415.1809,236.5567,0.0,0.0,45.6079,13.1104,2.6486,21.8244,1,39951.0,2.2,0.0,0.0,26.2501,18.062245536935155,18.259608444366716,17.75331737049639,21.8244,0.0
4183,2008-01-11,SZSE:000768,0.2804,18.2364,17.2128,18.8682,18.1591,25131.1671,18.8636,12.2616,NM,0.0,NM,12.4869,58.3772,65.8468,65.8468,0.0,0.0,0,25544.4866,228.7593,0.0,0.0,44.1046,12.6782,2.5613,25.0648,1,39951.0,2.2,0.0,0.0,26.2501,17.804795578074625,17.809137382378104,17.139838810291504,25.0648,0.0
4184,2008-01-14,SZSE:000768,0.2804,18.1636,17.1441,18.6182,17.8273,25030.9421,18.0909,12.2127,NM,0.0,NM,12.4371,58.0231,64.8848,64.8849,0.0,0.0,0,25444.2616,227.8618,0.0,0.0,43.9315,12.6285,2.5513,21.0198,1,39951.0,2.2,0.0,0.0,26.2501,17.07548055947059,17.573183874342092,16.826676095597794,21.0198,0.0
4185,2008-01-15,SZSE:000768,0.2804,18.3864,17.3543,18.4364,17.9591,25337.8791,18.1818,12.3625,NM,0.0,NM,12.5896,56.6902,66.4989,66.499,0.0,0.0,0,25751.1986,230.6105,0.0,0.0,44.4615,12.7808,2.5821,25.7197,1,39951.0,2.2,0.0,0.0,26.2501,17.161184992168124,17.40149330592177,16.95098600759257,25.7197,0.0
4186,2008-01-16,SZSE:000768,0.2804,18.1182,17.1012,18.6136,18.0682,24968.3015,18.1818,12.1821,NM,0.0,NM,12.406,56.5463,62.7584,62.7584,0.0,0.0,0,25381.6209,227.3008,0.0,0.0,43.8234,12.5974,2.545,23.4026,1,39951.0,2.2,0.0,0.0,26.2501,17.16123004271947,17.56879250256648,17.054006570189088,23.4026,0.0
4187,2008-01-17,SZSE:000768,0.2804,16.8227,15.8785,18.1091,16.3545,23183.0623,18.0909,11.3111,281.3353,0.0,NM,11.519,58.2681,48.5516,48.5516,0.0,0.0,0,23596.3817,211.3134,0.0,0.0,40.741,11.7114,2.366,40.7118,1,39951.0,2.2,0.0,0.0,26.2501,17.0755203177849,17.09269881469681,15.436578447573815,40.7118,0.0
4188,2008-01-18,SZSE:000768,0.2802,17.6818,16.6893,17.6818,16.3636,24366.9598,16.8818,11.8887,295.7024,0.0,NM,12.1072,57.3906,55.7116,55.7117,0.0,0.0,0,24780.2792,221.9156,0.0,0.0,42.7851,12.2989,2.4847,36.9804,1,39951.0,2.2,0.0,0.0,26.2501,15.9342049304935,16.6893,15.44509209922067,36.9804,0.0
4189,2008-01-21,SZSE:000768,0.2802,17.6864,16.6936,18.4909,17.3864,38781.2143,18.1364,11.8918,295.7784,79.0982,NM,12.1103,57.3906,55.7467,55.7468,0.0,0.0,0,39194.5337,NM,0.0,0.0,67.6725,19.453,3.93,30.1329,1,39951.0,2.2,0.0,0.0,26.2501,17.11833991315361,17.45294057807129,16.410440057897592,30.1329,0.0
4190,2008-01-22,SZSE:000768,0.2802,16.6136,15.6811,18.0909,16.2727,36429.0238,17.2727,11.1705,277.8386,74.3007,NM,11.3758,58.7093,46.4022,46.4022,0.0,0.0,0,36842.3433,NM,0.0,0.0,63.6112,18.2856,3.6942,37.3468,1,39951.0,2.2,0.0,0.0,26.2501,16.303205564718063,17.075481051066596,15.35933427854288,37.3468,0.0
4191,2008-01-23,SZSE:000768,0.2802,17.3773,16.4019,17.6727,16.7273,38103.4626,16.7273,11.684,290.6093,77.7159,NM,11.8987,58.627,52.5055,52.5055,0.0,0.0,0,38516.782,NM,0.0,0.0,66.5023,19.1166,3.8621,24.393,1,39951.0,2.2,0.0,0.0,26.2501,15.788384954509619,16.680718991442856,15.788384954509619,24.393,0.0
4192,2008-01-24,SZSE:000768,0.2802,18.7318,17.6804,18.8636,17.0591,41073.6027,17.5455,12.5947,NM,83.7738,NM,12.8262,60.371,60.9909,60.9909,0.0,0.0,0,41486.9222,NM,0.0,0.0,71.6305,20.5908,4.1599,43.5302,1,39951.0,2.2,0.0,0.0,26.2501,16.56068600988693,17.804802178114226,16.10158722813611,43.5302,0.0
4193,2008-01-25,SZSE:000768,0.273,18.2364,17.2128,19.0909,18.0591,39987.2094,18.6364,12.2616,NM,81.558,NM,12.4869,56.5905,56.9808,56.9808,0.0,0.0,0,40400.5289,NM,0.0,0.0,69.7547,20.0516,4.0509,32.1785,1,39951.0,2.2,0.0,0.0,26.2501,17.590348200302692,18.019337342896627,17.045451760215833,32.1785,0.0
4194,2008-01-28,SZSE:000768,0.273,18.2045,17.1827,19.0,18.0909,39917.4393,18.75,12.2402,NM,83.0499,NM,12.4651,56.6032,56.7229,56.7229,0.0,0.0,0,40330.7588,NM,0.0,0.0,69.6342,20.017,4.0439,39.9209,1,39951.0,2.2,0.0,0.0,26.2501,17.697581641901728,17.933549397127084,17.075476252025602,39.9209,0.0
4195,2008-01-29,SZSE:000768,0.273,18.8182,17.7619,19.0909,18.2091,41262.9703,18.4091,12.6528,NM,85.8494,NM,12.8853,56.6127,60.4419,60.4419,0.0,0.0,0,41676.2897,NM,0.0,0.0,71.9574,20.6848,4.1789,23.9496,1,39951.0,2.2,0.0,0.0,26.2501,17.37576353158113,18.01929285000691,17.186989897545992,23.9496,0.0
4196,2008-01-30,SZSE:000768,0.273,18.6364,17.5903,19.4545,18.4091,40864.2968,19.0409,12.5306,NM,85.0199,NM,12.7608,56.6158,58.8288,58.8288,0.0,0.0,0,41277.6162,NM,0.0,0.0,71.2691,20.4869,4.1389,29.036,1,39951.0,2.2,0.0,0.0,26.2501,17.97209457137645,18.362478340773972,17.375758823055957,29.036,0.0
4197,2008-01-31,SZSE:000768,0.273,16.7727,15.8313,18.6364,16.7727,36777.8656,18.6364,11.2775,280.4991,76.5179,NM,11.4847,58.9037,45.4414,45.4414,0.0,0.0,0,37191.185,NM,0.0,0.0,64.2135,18.4587,3.7291,41.7464,1,39951.0,2.2,0.0,0.0,26.2501,17.5903962582053,17.5903962582053,15.8313,41.7464,0.0
4198,2008-02-01,SZSE:000768,0.288,15.5227,14.6514,16.5455,15.0955,34036.9675,16.0,10.437,259.5947,70.8154,NM,10.6288,60.5671,39.0264,39.0264,0.0,0.0,0,34450.287,NM,0.0,0.0,59.4811,17.0984,3.4543,38.0771,1,39951.0,2.2,0.0,0.0,26.2501,15.101908817409342,15.616789521152892,14.24817903457517,38.0771,0.0
4199,2008-02-04,SZSE:000768,0.288,16.8636,15.9171,16.8636,16.0,36977.2034,16.0,11.3386,282.0195,76.9326,NM,11.547,62.1198,47.5761,47.5761,0.0,0.0,0,37390.5229,NM,0.0,0.0,64.5577,18.5577,3.7491,21.2802,1,39951.0,2.2,0.0,0.0,26.2501,15.101971109371663,15.9171,15.101971109371663,21.2802,0.0
4200,2008-02-05,SZSE:000768,0.288,16.5455,15.6168,16.8591,16.3182,36279.5221,16.8182,11.1247,276.6983,75.4811,NM,11.3291,61.6929,45.9303,45.9303,0.0,0.0,0,36692.8415,NM,0.0,0.0,63.3531,18.2114,4.2291,12.9767,1,39951.0,2.2,0.0,0.0,26.2501,15.874193331117223,15.912797611435135,15.402258363905593,12.9767,0.0
4201,2008-02-06,SZSE:000768,0.288,0.0,15.6168,0.0,0.0,36279.5221,0.0,11.1247,276.6983,75.4811,NM,11.3291,61.6929,45.9303,45.9303,0.0,0.0,0,36692.8415,NM,0.0,0.0,63.3531,18.2114,4.2291,0.0,1,39951.0,2.2,0.0,0.0,26.2501,0.0,0.0,0.0,0.0,0.0
4202,2008-02-07,SZSE:000768,0.288,0.0,15.6168,0.0,0.0,36279.5221,0.0,11.1247,276.6983,75.4811,NM,11.3291,61.6929,45.9303,45.9303,0.0,0.0,0,36692.8415,NM,0.0,0.0,63.3531,18.2114,4.2291,0.0,1,39951.0,2.2,0.0,0.0,26.2501,0.0,0.0,0.0,0.0,0.0
4203,2008-02-08,SZSE:000768,0.2581,0.0,15.6168,0.0,0.0,36279.5221,0.0,11.1247,276.6983,75.4811,NM,11.3291,61.6929,45.9303,45.9303,0.0,0.0,0,36692.8415,NM,0.0,0.0,63.3531,18.2114,4.2291,0.0,1,39951.0,2.2,0.0,0.0,26.2501,0.0,0.0,0.0,0.0,0.0
4204,2008-02-11,SZSE:000768,0.2581,0.0,15.6168,0.0,0.0,36279.5221,0.0,11.1247,276.6983,75.4811,NM,11.3291,61.6929,45.9303,45.9303,0.0,0.0,0,36692.8415,NM,0.0,0.0,63.3531,18.2114,4.2291,0.0,1,39951.0,2.2,0.0,0.0,26.2501,0.0,0.0,0.0,0.0,0.0
4205,2008-02-12,SZSE:000768,0.2581,0.0,15.6168,0.0,0.0,36279.5221,0.0,11.1247,276.6983,75.4811,NM,11.3291,61.6929,45.9303,45.9303,0.0,0.0,0,36692.8415,NM,0.0,0.0,63.3531,18.2114,4.2291,0.0,1,39951.0,2.2,0.0,0.0,26.2501,0.0,0.0,0.0,0.0,0.0
4206,2008-02-13,SZSE:000768,0.2581,16.2182,15.3079,16.5455,15.9091,35561.9024,16.3636,10.9046,271.2252,73.9881,NM,11.105,61.1316,44.2353,44.2353,0.0,0.0,0,35975.2218,NM,0.0,0.0,62.1141,17.8552,4.1464,6.1986,1,39951.0,2.2,0.0,0.0,26.2501,15.445138945135714,15.616829207310307,15.016149257624152,6.1986,0.0
4207,2008-02-14,SZSE:000768,0.2581,16.3455,15.428,16.5364,16.0,35840.9784,16.2273,10.9902,273.3536,74.5687,NM,11.1922,60.5371,45.0841,45.0841,0.0,0.0,0,36254.2978,NM,0.0,0.0,62.5959,17.9937,4.1786,6.6625,1,39951.0,2.2,0.0,0.0,26.2501,15.316434761861062,15.608184466672784,15.101893487504205,6.6625,0.0
4208,2008-02-15,SZSE:000768,0.2336,15.8318,14.9432,16.3045,15.5045,34714.7193,16.1364,10.6449,264.7638,76.1511,NM,10.8405,60.311,42.2868,42.2868,0.0,0.0,0,35128.0387,NM,0.0,0.0,60.6513,17.4347,3.5223,10.3909,1,39951.0,2.2,0.0,0.0,26.2501,15.230703551080735,15.389368511476903,14.634270544094797,10.3909,0.0
4209,2008-02-18,SZSE:000768,0.2336,16.4045,15.4838,16.4545,15.95,35970.5461,16.0955,11.0299,274.3418,78.9059,NM,11.2326,59.6785,46.2886,46.2886,0.0,0.0,0,36383.8656,NM,0.0,0.0,62.8196,18.058,3.6482,12.5927,1,39951.0,2.2,0.0,0.0,26.2501,15.192142576731998,15.530993757810359,15.054808741503855,12.5927,0.0
4210,2008-02-19,SZSE:000768,0.2336,17.2273,16.2603,17.2727,16.2864,37774.5548,16.4045,11.5831,288.1007,82.8633,NM,11.796,59.892,51.4919,51.4919,0.0,0.0,0,38187.8742,NM,0.0,0.0,65.9344,18.9534,3.8291,18.0796,1,39951.0,2.2,0.0,0.0,26.2501,15.483685275696134,16.303151614588476,15.37221444567634,18.0796,0.0
4211,2008-02-20,SZSE:000768,0.2336,16.8682,15.9214,17.4955,16.8636,36987.1693,17.4318,11.3417,282.0955,81.136,NM,11.5501,60.1086,49.2493,49.2493,0.0,0.0,0,37400.4888,NM,0.0,0.0,64.5749,18.5626,3.7501,19.7002,1,39951.0,2.2,0.0,0.0,26.2501,16.453365535148976,16.513490099714254,15.917058194709572,19.7002,0.0
4212,2008-02-21,SZSE:000768,0.2336,17.3227,16.3504,17.5273,17.0136,37983.8607,17.0455,11.6473,289.6971,83.3224,NM,11.8613,60.0754,52.0935,52.0935,0.0,0.0,0,38397.1802,NM,0.0,0.0,66.2958,19.0573,3.8501,18.1221,1,39951.0,2.2,0.0,0.0,26.2501,16.088758865534817,16.54351607543859,16.05864936990192,18.1221,0.0
4213,2008-02-22,SZSE:000768,0.2387,16.5909,15.6597,17.2727,16.2318,41105.9421,17.2727,11.1553,277.4585,79.8024,NM,11.3602,60.4817,47.4799,47.4799,0.0,0.0,0,41519.2615,NM,0.0,0.0,71.6863,20.6068,4.1631,18.8881,1,39951.0,2.2,0.0,0.0,26.2501,16.303232506373977,16.303232506373977,15.320755261016581,18.8881,0.0
4214,2008-02-25,SZSE:000768,0.2387,15.9,15.0075,16.9545,15.7727,39394.1307,16.6364,10.6907,265.9041,76.4791,NM,10.8871,60.692,43.5578,43.5578,0.0,0.0,0,39807.4502,NM,0.0,0.0,68.7307,19.7572,3.9915,12.6619,1,39951.0,2.2,0.0,0.0,26.2501,15.702564339622638,16.002808726415093,14.887345613207547,12.6619,0.0
4215,2008-02-26,SZSE:000768,0.2387,15.6364,14.7587,16.5818,15.0455,38740.9413,16.4636,10.5134,261.4951,75.211,NM,10.7066,60.0485,42.1277,42.1277,0.0,0.0,0,39154.2607,NM,0.0,0.0,67.6029,19.433,3.926,15.1039,1,39951.0,2.2,0.0,0.0,26.2501,15.539467736819216,15.651032952597786,14.200968307922539,15.1039,0.0
4216,2008-02-27,SZSE:000768,0.2387,16.0045,15.1062,16.1727,15.5545,39653.1533,15.7545,10.761,267.6524,76.9819,NM,10.9587,60.1544,44.8508,44.8508,0.0,0.0,0,40066.4728,NM,0.0,0.0,69.1779,19.8858,4.0174,12.1986,1,39951.0,2.2,0.0,0.0,26.2501,14.87023199100253,15.264959276453498,14.681457583804555,12.1986,0.0
4217,2008-02-28,SZSE:000768,0.2387,15.7818,14.896,16.1818,15.6818,39101.3233,16.1818,10.6112,263.9277,75.9106,NM,10.8062,59.2247,43.5169,43.5169,0.0,0.0,0,39514.6427,NM,0.0,0.0,68.2252,19.6119,3.9621,10.0583,1,39951.0,2.2,0.0,0.0,26.2501,15.273548822060853,15.273548822060853,14.801612794484788,10.0583,0.0
4218,2008-02-29,SZSE:000768,0.3581,16.0455,15.1448,16.2727,15.6909,39754.5127,15.8409,10.7885,268.3366,77.1787,NM,10.9867,58.6017,45.5801,45.5801,0.0,0.0,0,40167.8321,NM,0.0,0.0,69.3529,19.9361,4.0276,7.8557,1,39951.0,2.2,0.0,0.0,26.2501,14.951685040665605,15.359246328254025,14.81010515845564,7.8557,0.0
4219,2008-03-03,SZSE:000768,0.3581,16.7045,15.7669,16.8182,15.7273,41387.4863,15.9091,11.2317,279.3589,80.3489,NM,11.438,59.386,50.4529,50.4529,0.0,0.0,0,41800.8057,NM,0.0,0.0,72.1724,20.7466,4.1913,15.132,1,39951.0,2.2,0.0,0.0,26.2501,15.01614467897872,15.87421817953246,14.844548856296207,15.132,0.0
4220,2008-03-04,SZSE:000768,0.3581,17.0318,16.0758,17.7045,16.7273,42198.3463,16.9,11.4517,284.8321,81.9231,NM,11.6621,59.0255,52.7169,52.7169,0.0,0.0,0,42611.6658,NM,0.0,0.0,73.5724,21.149,4.2727,24.3496,1,39951.0,2.2,0.0,0.0,26.2501,15.951397973203067,16.710741148909683,15.788391675571578,24.3496,0.0
4221,2008-03-05,SZSE:000768,0.3581,17.2682,16.2989,17.4091,16.6273,42783.9612,16.9909,11.6106,288.7849,83.06,NM,11.824,59.3354,54.3396,54.3396,0.0,0.0,0,43197.2806,NM,0.0,0.0,74.5835,21.4397,4.3314,16.4257,1,39951.0,2.2,0.0,0.0,26.2501,16.037165426043245,16.43189098979627,15.693975050671177,16.4257,0.0
4222,2008-03-06,SZSE:000768,0.3581,17.7727,16.7751,17.9545,17.0455,44034.0337,17.45,11.9499,297.2227,85.4869,NM,12.1695,59.5694,57.6786,57.6786,0.0,0.0,0,44447.3531,NM,0.0,0.0,76.7419,22.0601,4.4567,25.4861,1,39951.0,2.2,0.0,0.0,26.2501,16.470513484163913,16.946695378304923,16.088718486780284,25.4861,0.0
4223,2008-03-07,SZSE:000768,0.3114,17.0818,16.123,17.7273,17.0455,42322.2273,17.5909,11.4853,285.6682,82.1636,NM,11.6964,60.1576,52.0641,52.0641,0.0,0.0,0,42735.5467,NM,0.0,0.0,73.7863,21.2105,4.2851,12.1914,1,39951.0,2.2,0.0,0.0,26.2501,16.603524259738435,16.732268139189078,16.08873751595265,12.1914,0.0
4224,2008-03-10,SZSE:000768,0.3114,16.9818,16.0286,17.5909,16.8545,42074.4654,17.25,11.4181,283.9959,81.6826,NM,11.6279,60.137,51.2859,51.2859,0.0,0.0,0,42487.7849,NM,0.0,0.0,73.3585,21.0875,4.2602,14.2209,1,39951.0,2.2,0.0,0.0,26.2501,16.28174575133378,16.603510802152897,15.908445435701754,14.2209,0.0
4225,2008-03-11,SZSE:000768,0.3114,17.2273,16.2603,17.4091,16.6273,42682.6043,16.9318,11.5831,288.1007,82.8633,NM,11.796,59.7623,53.1373,53.1373,0.0,0.0,0,43095.9237,NM,0.0,0.0,74.4085,21.3894,4.3212,11.8257,1,39951.0,2.2,0.0,0.0,26.2501,15.981386957909828,16.431895231986438,15.693979102354987,11.8257,0.0
4226,2008-03-12,SZSE:000768,0.3114,16.8182,15.8742,17.7091,16.8182,41669.0329,17.6364,11.3081,281.2593,80.8955,NM,11.5159,59.9094,49.744,49.744,0.0,0.0,0,42082.3523,NM,0.0,0.0,72.6585,20.8863,4.2196,10.1759,1,39951.0,2.2,0.0,0.0,29.7728,16.6464747047841,16.71509407784424,15.8742,10.1759,0.0
4227,2008-03-13,SZSE:000768,0.3114,15.5636,14.6901,16.8136,15.2273,38560.7491,16.5909,10.4645,260.2789,74.8612,NM,10.6568,61.1126,41.0802,41.0802,0.0,0.0,0,38974.0685,NM,0.0,0.0,67.2918,19.3436,3.9079,18.2466,1,39951.0,2.2,0.0,0.0,29.7728,15.659743252846384,15.869944316225038,14.372674685162815,18.2466,0.0
4228,2008-03-14,SZSE:000768,0.3506,15.4091,14.5442,15.7727,15.0909,38177.8431,15.2273,10.3606,257.6943,74.1178,NM,10.551,61.081,40.1524,40.1524,0.0,0.0,0,38591.1625,NM,0.0,0.0,66.6307,19.1536,3.8695,9.6609,1,39951.0,2.2,0.0,0.0,29.7728,14.372604283183312,14.887391433633372,14.243860302029319,9.6609,0.0
4229,2008-03-17,SZSE:000768,0.3506,13.8682,13.0898,15.5455,13.8682,34360.0585,15.5455,9.3246,231.9249,66.706,NM,9.4959,64.814,32.3159,32.3159,0.0,0.0,0,34773.3779,NM,0.0,0.0,60.039,17.2587,3.4867,16.3043,1,39951.0,2.2,0.0,0.0,29.7728,14.672955819789157,14.672955819789157,13.0898,16.3043,0.0
4230,2008-03-18,SZSE:000768,0.3506,12.4818,11.7812,13.5455,12.4818,30925.1824,12.8182,8.3924,208.7400,60.0376,299.7699,8.5466,68.3669,27.1767,27.1767,0.0,0.0,0,31338.5019,280.6467,0.0,0.0,54.1084,15.5539,3.1423,17.2881,1,39951.0,2.2,0.0,0.0,29.7728,12.09871796055056,12.785194811645757,11.7812,17.2881,0.0
4231,2008-03-19,SZSE:000768,0.3506,13.0636,12.3304,13.2727,12.0364,32366.703,12.75,8.7836,218.4701,62.8362,NM,8.945,68.9266,32.0599,32.0599,0.0,0.0,0,32780.0224,293.5560,0.0,0.0,56.5973,16.2694,3.2868,17.7372,1,39951.0,2.2,0.0,0.0,29.7728,12.034400930830706,12.527764175265622,11.36085202853731,17.7372,0.0
4232,2008-03-20,SZSE:000768,0.3506,13.5545,12.7937,13.7727,11.8136,33582.9882,12.6364,9.1137,226.6798,65.1974,NM,9.2812,69.2223,35.9617,35.9617,0.0,0.0,0,33996.3076,NM,0.0,0.0,58.6973,16.873,3.4088,22.261,1,39951.0,2.2,0.0,0.0,29.7728,11.927131998967132,12.999652660739976,11.150514907964142,22.261,0.0
4233,2008-03-21,SZSE:000768,0.4042,13.6227,12.8581,14.0909,13.2955,33751.9171,13.5364,9.1595,227.8200,65.5254,NM,9.3278,69.1606,36.5071,36.5071,0.0,0.0,0,34165.2366,NM,0.0,0.0,58.989,16.9569,3.4257,13.8142,1,39951.0,2.2,0.0,0.0,29.7728,12.776643751972811,13.300021382692124,12.549264723586367,13.8142,0.0
4234,2008-03-24,SZSE:000768,0.4042,12.6864,11.9743,13.9091,12.6364,31431.9669,13.9045,8.5299,212.1607,61.0215,NM,8.6867,70.1694,32.423,32.423,0.0,0.0,0,31845.2863,285.1851,0.0,0.0,54.9834,15.8054,3.1931,14.8114,1,39951.0,2.2,0.0,0.0,29.7728,13.12402685947156,13.128368656987009,11.927106548745112,14.8114,0.0
4235,2008-03-25,SZSE:000768,0.4042,12.8091,12.0901,12.95,12.0909,31736.0351,12.5,8.6125,214.2131,61.6118,NM,8.7707,69.1448,33.4735,33.4735,0.0,0.0,0,32149.3545,287.9081,0.0,0.0,55.5084,15.9564,3.2236,10.6202,1,39951.0,2.2,0.0,0.0,29.7728,11.798350391518529,12.223091005613195,11.412213979904909,10.6202,0.0
4236,2008-03-26,SZSE:000768,0.4042,12.7182,12.0043,13.1136,12.5045,31510.7973,12.8864,8.5513,212.6928,61.1745,NM,8.7085,68.7274,33.0635,33.0635,0.0,0.0,0,31924.1167,285.8910,0.0,0.0,55.1195,15.8446,3.201,8.2684,1,39951.0,2.2,0.0,0.0,29.7728,12.163058571181457,12.377505345096004,11.802595441965058,8.2684,0.0
4237,2008-03-27,SZSE:000768,0.4042,11.7773,11.1162,12.6364,11.7682,29179.5838,12.2727,7.9187,196.9575,56.6487,282.8491,8.0642,70.2959,29.0917,29.0917,0.0,0.0,0,29592.9032,265.0142,0.0,0.0,51.0945,14.6875,2.9673,15.3232,1,39951.0,2.2,0.0,0.0,29.7728,11.58379150908952,11.927075788168763,11.107610814023587,15.3232,0.0
4238,2008-03-28,SZSE:000768,0.2729,12.0682,11.3908,12.1591,11.0682,29900.3453,11.5909,8.1143,201.8225,58.048,289.8357,8.2634,70.5599,31.8188,31.8188,0.0,0.0,0,30313.6647,271.4689,0.0,0.0,52.3389,15.0453,3.0395,13.6852,1,39951.0,2.2,0.0,0.0,29.7728,10.940291320992362,11.476597693110822,10.446930988879867,13.6852,0.0
4239,2008-03-31,SZSE:000768,0.2729,10.8636,10.2539,11.8545,10.8636,26915.9424,11.5909,7.2298,163.3629,42.9393,235.5158,6.9109,72.8921,27.1609,27.1609,0.0,0.0,0,27166.2813,191.1023,114.5973,0.0,37.1861,12.5309,2.5452,22.9545,1,39951.0,2.2,0.0,0.0,29.7728,10.940381596340071,11.189187520711366,10.2539,22.9545,0.0
4240,2008-04-01,SZSE:000768,0.2729,9.7773,9.2285,10.6091,9.7773,24224.3469,10.5909,6.5068,147.0266,40.4354,211.9642,6.2198,74.9966,23.7798,23.7798,0.0,0.0,0,24474.6859,172.1681,103.2432,0.0,36.852,11.2894,2.6329,17.4278,1,39951.0,2.2,0.0,0.0,29.7728,9.996432619434813,10.013611053153735,9.2285,17.4278,0.0
4241,2008-04-02,SZSE:000768,0.2729,0.0,9.2285,0.0,0.0,24224.3469,0.0,6.5068,147.0266,40.4354,211.9642,6.2198,74.9966,23.7798,23.7798,0.0,0.0,0,24474.6859,172.1681,103.2432,0.0,36.852,11.2894,2.6329,0.0,1,39951.0,2.2,0.0,0.0,29.7728,0.0,0.0,0.0,0.0,0.0
4242,2008-04-03,SZSE:000768,0.2729,9.3909,8.8638,9.8273,8.8,23267.0893,8.8045,6.2497,141.2167,38.8375,203.5881,5.974,73.4818,22.6976,22.6976,0.0,0.0,0,23517.4283,165.4343,99.2051,0.0,35.4106,10.8478,2.5299,27.9032,1,39951.0,2.2,0.0,0.0,29.7728,8.310313931572054,9.275705389259814,8.30606651119701,27.9032,0.0
4243,2008-04-04,SZSE:000768,0.1713,0.0,8.8638,0.0,0.0,23267.0893,0.0,6.2497,141.2167,38.8375,203.5881,5.974,73.4818,22.6976,22.6976,0.0,0.0,0,23517.4283,165.4343,99.2051,0.0,35.4106,10.8478,2.5299,0.0,1,39951.0,2.2,0.0,0.0,29.7728,0.0,0.0,0.0,0.0,0.0
4244,2008-04-07,SZSE:000768,0.1713,10.1227,9.5545,10.2045,9.05,25080.2526,9.0909,6.7367,152.2214,41.864,219.4534,6.4396,76.1761,29.2639,29.2639,0.0,0.0,0,25330.5915,178.1890,106.8537,0.0,38.1407,11.6842,2.725,19.4995,1,39951.0,2.2,0.0,0.0,29.7728,8.580616243689924,9.631708462169184,8.542012012605333,19.4995,0.0
4245,2008-04-08,SZSE:000768,0.1713,10.3227,9.7433,10.5,10.0,25575.7763,10.2227,6.8698,155.2290,42.6912,223.7892,6.5668,76.105,30.9892,30.9892,0.0,0.0,0,25826.1152,181.6748,108.944,0.0,38.8869,11.9127,2.7783,16.3198,1,39951.0,2.2,0.0,0.0,29.7728,9.64891287260116,9.910648376878143,9.438712739883945,16.3198,0.0
4246,2008-04-09,SZSE:000768,0.1713,9.4045,8.8767,10.6591,9.3182,23300.8716,10.2727,6.2588,141.4217,38.8939,203.8837,5.9827,77.9675,27.6544,27.6544,0.0,0.0,0,23551.2106,165.6719,99.3476,0.0,35.4615,10.8634,2.5336,16.657,1,39951.0,2.2,0.0,0.0,29.7728,9.696174819501303,10.060889251953853,8.795243334573872,16.657,0.0
4247,2008-04-10,SZSE:000768,0.1713,9.3818,8.8552,9.5273,8.95,23244.5653,9.15,6.2437,141.0800,38.7999,203.3910,5.9682,77.9944,27.5753,27.5753,0.0,0.0,0,23494.9042,165.2758,99.1101,0.0,35.3767,10.8374,2.5275,20.2446,1,39951.0,2.2,0.0,0.0,29.7728,8.636410923276983,8.992533091730797,8.447636914025026,20.2446,0.0
4248,2008-04-11,SZSE:000768,0.1142,9.7682,9.2199,10.1682,9.6364,24201.8229,9.9091,6.5008,146.8899,40.3978,211.7671,6.214,78.6016,31.1792,31.1792,0.0,0.0,0,24452.1618,172.0097,103.1482,0.0,36.8181,11.279,2.6305,27.9112,1,39951.0,2.2,0.0,0.0,29.7728,9.352891125284085,9.597447552261421,9.095498081529863,27.9112,0.0
4249,2008-04-14,SZSE:000768,0.1142,9.0545,8.5463,9.5818,9.0,22433.7052,9.5409,6.0259,136.1586,37.4464,196.2960,5.76,79.7368,28.371,28.371,0.0,0.0,0,22684.0441,159.5718,95.6896,0.0,34.1558,10.4634,2.4403,20.1681,1,39951.0,2.2,0.0,0.0,29.7728,9.005399930421339,9.044004344800927,8.494858909934287,20.1681,0.0
4250,2008-04-15,SZSE:000768,0.1142,9.4682,8.9367,9.4773,8.8636,23458.5374,8.9091,6.3011,142.3787,39.1571,205.2633,6.0232,80.4515,32.1836,32.1836,0.0,0.0,0,23708.8763,166.7810,100.0127,0.0,35.6989,10.9361,2.5505,15.0782,1,39951.0,2.2,0.0,0.0,29.7728,8.408985231617415,8.945289169007838,8.366039386578231,15.0782,0.0
4251,2008-04-16,SZSE:000768,0.1142,9.0955,8.5849,9.5,9.0909,22535.0646,9.4727,6.0531,136.7737,37.6156,197.1829,5.7861,80.6697,30.6029,30.6029,0.0,0.0,0,22785.4035,160.2848,96.1172,0.0,34.3084,10.5101,2.4512,8.7554,1,39951.0,2.2,0.0,0.0,29.7728,8.940924878236489,8.966692320378208,8.580558233192237,8.7554,0.0
4252,2008-04-17,SZSE:000768,0.1142,8.9409,8.4391,9.3182,8.8227,22152.161,9.1,5.9502,134.4498,36.9765,193.8324,5.6877,79.6009,29.9461,29.9461,0.0,0.0,0,22402.5,157.5913,94.502,0.0,33.7319,10.3335,2.41,9.3919,1,39951.0,2.2,0.0,0.0,29.7728,8.589270655079467,8.79522437562214,8.327533869073584,9.3919,0.0
4253,2008-04-18,SZSE:000768,0.0819,8.8273,8.3318,9.3091,8.8136,21870.6094,8.9318,5.8746,132.7409,36.5065,191.3689,5.6155,78.5605,29.4457,29.4457,0.0,0.0,0,22120.9483,155.6107,93.3143,0.0,33.3079,10.2037,2.3797,13.9502,1,39951.0,2.2,0.0,0.0,29.7728,8.430434135012971,8.786555275112436,8.318869017706433,13.9502,0.0
4254,2008-04-21,SZSE:000768,0.0819,8.9818,8.4777,9.5455,8.8636,22253.5179,9.4545,5.9775,135.0649,37.1457,194.7193,5.7138,78.7565,31.1312,31.1312,0.0,0.0,0,22503.8568,158.3043,94.9295,0.0,33.8845,10.3803,2.4209,16.0177,1,39951.0,2.2,0.0,0.0,29.7728,8.923869898015989,9.009762558729877,8.366133928611191,16.0177,0.0
4255,2008-04-22,SZSE:000768,0.0819,8.3,7.8341,8.85,8.0818,20564.2306,8.8455,5.5237,124.8120,34.3259,179.9380,5.28,79.2925,27.958,27.958,0.0,0.0,0,20814.5695,146.4209,87.8035,0.0,31.3409,9.6011,2.2392,22.1458,1,39951.0,2.2,0.0,0.0,29.7728,8.348979704819277,8.353227108433735,7.628148118072288,22.1458,0.0
4256,2008-04-23,SZSE:000768,0.0819,8.7,8.2117,8.7773,7.8045,21555.278,8.1727,2.5101,113.2473,35.9801,154.7630,4.726,79.3605,32.3167,32.3167,0.0,0.0,0,19206.9543,95.7910,64.7186,0.0,28.9203,6.3073,2.0662,17.8791,1,39951.0,2.2,0.0,0.0,29.7728,7.713995470114944,8.284661426436783,7.366461224137932,17.8791,0.0
4257,2008-04-24,SZSE:000768,0.0819,9.5682,9.0311,9.5682,9.1773,23706.2992,9.5682,2.7605,124.5484,39.5706,170.2069,5.1977,80.4278,40.7025,40.7025,0.0,0.0,0,21357.9756,106.5188,71.9666,0.0,32.1591,7.0136,2.2976,42.0812,1,39951.0,2.2,0.0,0.0,29.7728,9.0311,9.0311,8.66214272590456,42.0812,0.0
4258,2008-04-25,SZSE:000768,0.0984,9.9818,9.4215,10.3818,9.3636,24731.1363,9.5909,2.8799,129.9327,41.2813,177.5650,5.4223,81.1314,44.2468,44.2467,0.0,0.0,0,22382.8127,111.6300,75.4198,0.0,33.7022,7.3502,2.4079,37.7956,1,39951.0,2.2,0.0,0.0,0.0,9.052542061552025,9.799047135787132,8.838000901640987,37.7956,0.0
4259,2008-04-28,SZSE:000768,0.0984,9.6591,9.1169,10.0409,9.5818,23931.537,9.7727,2.7868,125.7317,39.9466,171.8241,5.247,81.2437,42.1309,42.1309,0.0,0.0,0,21583.2134,107.6421,72.7255,0.0,32.4982,7.0876,2.3219,19.209,1,39951.0,2.2,0.0,0.0,0.0,9.224123223695788,9.477268193724052,9.043939126833761,19.209,0.0
4260,2008-04-29,SZSE:000768,0.0984,9.7773,9.2285,9.8591,9.4955,24224.3469,9.6136,2.8209,127.2701,40.4354,173.9264,5.3112,80.8594,43.202,43.202,0.0,0.0,0,21876.0233,109.1025,73.7121,0.0,32.9391,7.1837,2.3534,17.5457,1,39951.0,2.2,0.0,0.0,0.0,9.073988483528172,9.305708564736685,8.962517438352101,17.5457,0.0
4261,2008-04-30,SZSE:000768,0.0984,10.3636,9.7819,10.4364,9.6818,25677.1332,9.7273,2.99,134.9028,42.8604,184.3571,5.6298,82.1386,48.3138,48.3138,0.0,0.0,0,23328.8096,116.3480,78.6074,0.0,35.1266,7.6608,2.5096,31.0863,1,39951.0,2.2,0.0,0.0,0.0,9.181314974526225,9.850613798294031,9.138368850592459,31.0863,0.0
4262,2008-05-01,SZSE:000768,0.0984,0.0,9.7819,0.0,0.0,25677.1332,0.0,2.99,134.9028,42.8604,184.3571,5.6298,82.1386,48.3138,48.3138,0.0,0.0,0,23328.8096,116.3480,78.6074,0.0,35.1266,7.6608,2.5096,0.0,1,39951.0,2.2,0.0,0.0,0.0,0.0,0.0,0.0,0.0,0.0
4263,2008-05-02,SZSE:000768,0.1104,0.0,9.7819,0.0,0.0,25677.1332,0.0,2.99,134.9028,42.8604,184.3571,5.6298,82.1386,48.3138,48.3138,0.0,0.0,0,23328.8096,116.3480,78.6074,0.0,35.1266,7.6608,2.5096,0.0,1,39951.0,2.2,0.0,0.0,0.0,0.0,0.0,0.0,0.0,0.0
4264,2008-05-05,SZSE:000768,0.1104,11.1091,10.4855,11.2455,10.1636,27524.0838,10.4136,3.2051,144.6063,45.9433,197.6179,6.0347,79.7495,53.9838,53.9838,0.0,0.0,0,25175.7601,125.5593,84.8307,0.0,37.9076,8.2673,2.7083,37.6187,1,39951.0,2.2,0.0,0.0,0.0,9.829041308476835,10.614243300537398,9.593074848547587,37.6187,0.0
4265,2008-05-06,SZSE:000768,0.1104,10.7045,10.1037,10.9545,10.5591,26521.7756,10.9091,3.0884,139.3404,44.2702,190.4215,5.8149,79.272,50.7313,50.7313,0.0,0.0,0,24173.452,120.5604,81.4534,0.0,36.3984,7.9382,2.6005,29.852,1,39951.0,2.2,0.0,0.0,0.0,10.296816635060024,10.339668517913028,9.966460709981785,29.852,0.0
4266,2008-05-07,SZSE:000768,0.1104,10.9591,10.344,11.3591,10.7955,27152.441,10.7955,3.1618,142.6538,45.323,194.9496,5.9532,78.834,52.6638,52.6638,0.0,0.0,0,24804.1174,123.7058,83.5785,0.0,37.348,8.1453,2.6684,47.8388,1,39951.0,2.2,0.0,0.0,0.0,10.189582356215382,10.721549251307133,10.189582356215382,47.8388,0.0
4267,2008-05-08,SZSE:000768,0.1104,11.4227,10.7816,11.5409,10.8227,28301.1566,10.9364,3.2956,148.6889,47.2404,203.1971,6.2051,78.7897,56.0457,56.0457,0.0,0.0,0,25952.833,129.4348,87.4491,0.0,39.0777,8.5225,2.7919,40.8415,1,39951.0,2.2,0.0,0.0,0.0,10.322593628476628,10.893166015040226,10.215275050557223,40.8415,0.0
4268,2008-05-09,SZSE:000768,0.0953,11.0818,10.4598,11.6636,10.75,27456.5166,11.6182,3.1972,144.2513,45.8305,197.1328,6.0199,78.2616,53.0448,53.0448,0.0,0.0,0,25108.193,125.2223,84.6031,0.0,37.8059,8.2451,2.7011,32.1446,1,39951.0,2.2,0.0,0.0,0.0,10.966092905484668,11.008944691295637,10.146623292244943,32.1446,0.0
4269,2008-05-12,SZSE:000768,0.0953,11.6727,11.0175,12.1727,11.5364,28920.5612,11.5909,3.3677,151.9431,49.7241,207.6443,6.3409,78.5178,57.3115,57.3115,0.0,0.0,0,26572.2376,132.5239,89.5362,0.0,41.2768,8.7259,2.8429,74.4213,1,39951.0,2.2,3.2881,0.0,0.0,10.940291513531573,11.489434513865685,10.888850651520213,74.4213,0.0
4270,2008-05-13,SZSE:000768,0.0953,10.8182,10.211,11.6318,10.8182,26803.3223,11.1818,3.1212,140.8196,46.0838,192.4429,5.8767,79.7685,50.2065,50.2065,0.0,0.0,0,24454.9986,121.9646,82.4021,0.0,37.9879,8.0306,2.6164,48.335,1,39951.0,2.2,3.0474,0.0,0.0,10.554191991273967,10.978934554731843,10.211,48.335,0.0
4271,2008-05-14,SZSE:000768,0.0953,10.8773,10.2667,11.2682,10.2318,26949.7272,10.6591,3.1382,141.5887,46.3356,193.4941,5.9088,79.7526,50.662,50.662,0.0,0.0,0,24601.4036,122.6948,82.8954,0.0,38.2154,8.0787,2.6321,38.7984,1,39951.0,2.2,3.064,0.0,0.0,10.060748712456217,10.635656729151536,9.657435306555854,38.7984,0.0
4272,2008-05-15,SZSE:000768,0.0953,10.75,10.1466,11.0045,10.7182,26634.3958,10.7182,3.1015,139.9320,45.7934,191.2301,5.8396,79.5898,49.6094,49.6094,0.0,0.0,0,24286.0721,121.1221,81.8329,0.0,37.7255,7.9752,2.5983,21.6942,1,39951.0,2.2,3.0282,0.0,0.0,10.116584941395347,10.386814855813952,10.116584941395347,21.6942,0.0
4273,2008-05-16,SZSE:000768,0.0431,10.4545,9.8677,10.8545,10.3455,25902.371,10.7091,3.0163,136.0861,44.5348,185.9743,5.6791,79.0427,47.1598,47.1598,0.0,0.0,0,23554.0474,117.4713,79.3663,0.0,36.5884,7.7348,2.52,18.5948,1,39951.0,2.2,2.9449,0.0,0.0,10.10800957195466,10.245248424123583,9.764818054426323,18.5948,0.0
4274,2008-05-19,SZSE:000768,0.0431,10.5591,9.9664,10.6182,10.2,26161.3936,10.4545,3.0464,137.4470,44.9801,187.8340,5.7359,78.4419,48.1356,48.1356,0.0,0.0,0,23813.07,118.7631,80.2391,0.0,36.9908,7.8198,2.5477,12.663,1,39951.0,2.2,2.9744,0.0,0.0,9.86767137350721,10.022182617836746,9.627456885530016,12.663,0.0
4275,2008-05-20,SZSE:000768,0.0431,10.1727,9.6017,10.8682,10.0727,25204.1335,10.5682,2.935,132.4177,43.3343,180.9611,5.5261,78.6253,44.8398,44.8398,0.0,0.0,0,22855.8099,113.9890,77.0136,0.0,35.5038,7.5055,2.4453,21.3328,1,39951.0,2.2,2.8656,0.0,0.0,9.975000338159974,10.258161150923549,9.507313062412141,21.3328,0.0
4276,2008-05-21,SZSE:000768,0.0431,10.0455,9.4816,10.1818,9.3182,24888.8021,9.8455,2.8982,130.7610,42.7921,178.6970,5.4569,78.2917,43.7764,43.7764,0.0,0.0,0,22540.4785,112.4163,75.9511,0.0,35.014,7.4019,2.4116,23.8508,1,39951.0,2.2,2.8297,0.0,0.0,9.29282691752526,9.610248855706535,8.795126685580607,23.8508,0.0
4277,2008-05-22,SZSE:000768,0.0431,9.4773,8.9453,9.9091,9.4545,23481.0614,9.8636,2.7343,123.3650,40.3718,168.5897,5.1483,78.6285,39.2962,39.2962,0.0,0.0,0,21132.7378,105.3955,71.2076,0.0,32.8272,6.9397,2.261,17.1467,1,39951.0,2.2,2.6697,0.0,0.0,9.309915385183544,9.352861282221731,8.923779858187459,17.1467,0.0
4278,2008-05-23,SZSE:000768,0.0969,9.2727,8.7523,9.5955,9.1818,22974.2769,9.4091,2.6753,120.7025,40.6396,164.9511,5.0372,78.0118,37.7966,37.7966,0.0,0.0,0,20625.9533,102.8680,69.5,0.0,34.356,6.7732,2.3754,12.08,1,39951.0,2.2,2.612,0.0,0.0,8.881044995524498,9.056983904364424,8.666501465592546,12.08,0.0
4279,2008-05-26,SZSE:000768,0.0969,9.6045,9.0654,10.0,8.9091,23796.3953,9.0909,2.771,125.0217,42.0938,170.8538,5.2174,78.8688,41.6845,41.6845,0.0,0.0,0,21448.0717,106.9681,72.2701,0.0,35.7254,7.0432,2.47,33.5567,1,39951.0,2.2,2.7055,0.0,0.0,8.580628336717165,9.438700609089489,8.40903275964392,33.5567,0.0
4280,2008-05-27,SZSE:000768,0.0969,9.8955,9.34,9.9773,9.2773,24517.1593,9.4591,2.855,128.8085,43.3688,176.0287,5.3754,78.9905,44.9342,44.9342,0.0,0.0,0,22168.8357,110.5628,74.6988,0.0,36.9259,7.2799,2.553,22.7999,1,39951.0,2.2,2.7875,0.0,0.0,8.928098024354505,9.417208023849224,8.75650366328129,22.7999,0.0
4281,2008-05-28,SZSE:000768,0.0969,0.0,9.34,0.0,0.0,24517.1593,0.0,2.855,128.8085,43.3688,176.0287,5.3754,78.9905,44.9342,44.9342,0.0,0.0,0,22168.8357,110.5628,74.6988,0.0,36.9259,7.2799,2.553,0.0,1,39951.0,2.2,2.7875,0.0,0.0,0.0,0.0,0.0,0.0,0.0
4282,2008-05-29,SZSE:000768,0.0969,9.8455,9.2928,10.4409,9.8455,24393.2784,10.0864,2.8405,128.1576,43.1496,175.1393,5.3483,79.6435,44.4754,44.4754,0.0,0.0,0,22044.9548,109.9450,74.2814,0.0,36.7196,7.2392,2.5388,26.0067,1,39951.0,2.2,2.7734,0.0,0.0,9.520176519221978,9.854775838708038,9.2928,26.0067,0.0
4283,2008-05-30,SZSE:000768,0.0931,10.1,9.5331,10.2227,9.7727,25023.9438,9.9545,2.914,131.4710,44.2652,179.6673,5.4865,79.2625,47.4185,47.4185,0.0,0.0,0,22675.6202,113.0903,76.4064,0.0,37.77,7.4463,2.6114,17.2842,1,39951.0,2.2,2.8451,0.0,0.0,9.395766727722771,9.648913006930691,9.224170927722772,17.2842,0.0
4284,2008-06-02,SZSE:000768,0.0931,10.1045,9.5374,10.3182,9.9227,25035.2045,10.0909,2.9153,131.5302,39.5017,179.7482,5.489,78.6142,47.472,47.472,0.0,0.0,0,22686.8809,113.1465,76.4444,0.0,35.6008,7.45,2.4706,12.3929,1,39951.0,2.2,0.0,0.0,0.0,9.524563279726854,9.739106406056706,9.365803253995745,12.3929,0.0
4285,2008-06-03,SZSE:000768,0.0931,10.2227,9.6489,10.4909,10.1136,25328.0145,10.1273,2.9494,133.0686,39.9638,181.8505,5.5532,77.6039,48.9282,48.9282,0.0,0.0,0,22979.6908,114.6068,77.431,0.0,36.0603,7.5462,2.5025,18.495,1,39951.0,2.2,0.0,0.0,0.0,9.558854800590842,9.902045937961596,9.545923781388478,18.495,0.0
4286,2008-06-04,SZSE:000768,0.0931,10.4773,9.8892,10.8636,9.8409,25958.6798,10.1,3.0228,136.3820,40.9588,186.3786,5.6915,77.8695,52.0138,52.0138,0.0,0.0,0,23610.3562,117.7521,79.5561,0.0,37.05,7.7533,2.5712,29.3523,1,39951.0,2.2,0.0,0.0,0.0,9.533078178538364,10.253816643600928,9.288521687839426,29.3523,0.0
4287,2008-06-05,SZSE:000768,0.0931,10.4318,9.8463,10.6591,10.2636,25846.0646,10.3182,3.0097,135.7903,40.7812,185.5700,5.6668,77.4189,51.4164,51.4164,0.0,0.0,0,23497.741,117.1905,79.1766,0.0,36.8732,7.7163,2.5589,19.8051,1,39951.0,2.2,0.0,0.0,0.0,9.739075965796888,10.06084245576027,9.68754047048448,19.8051,0.0
4288,2008-06-06,SZSE:000768,0.1039,9.85,9.2971,10.5,9.7955,24404.5392,10.4,2.8419,128.2168,38.5066,175.2201,5.3507,77.6655,44.3889,44.3889,0.0,0.0,0,22056.2155,110.0011,74.3193,0.0,34.6112,7.2429,2.4019,14.282,1,39951.0,2.2,0.0,0.0,0.0,9.816227411167514,9.91061421319797,9.245659192893402,14.282,0.0
4289,2008-06-09,SZSE:000768,0.1039,0.0,9.2971,0.0,0.0,24404.5392,0.0,2.8419,128.2168,38.5066,175.2201,5.3507,77.6655,44.3889,44.3889,0.0,0.0,0,22056.2155,110.0011,74.3193,0.0,34.6112,7.2429,2.4019,0.0,1,39951.0,2.2,0.0,0.0,0.0,0.0,0.0,0.0,0.0,0.0
4290,2008-06-10,SZSE:000768,0.1039,8.8636,8.3661,9.4955,8.8636,21960.7055,9.1364,2.5573,115.3774,34.6507,157.6738,4.8149,80.5068,35.5242,35.5242,0.0,0.0,0,19612.3819,97.8130,66.0847,0.0,30.7762,6.4404,2.1358,16.8639,1,39951.0,2.2,0.0,0.0,0.0,8.623588162823232,8.962532441671556,8.3661,16.8639,0.0
4291,2008-06-11,SZSE:000768,0.1039,8.5409,8.0615,8.9318,8.2955,21161.1136,8.7091,2.4642,111.1765,33.389,151.9329,4.6396,80.51,33.1888,33.1888,0.0,0.0,0,18812.79,93.8252,63.3905,0.0,29.5215,6.1778,2.0487,14.307,1,39951.0,2.2,0.0,0.0,0.0,8.220258948120222,8.430458815815664,7.829874281398916,14.307,0.0
4292,2008-06-12,SZSE:000768,0.1039,8.4136,7.9414,8.7045,8.2455,20845.7772,8.4773,2.4274,109.5197,32.8915,149.6689,4.5705,80.4721,32.2874,32.2874,0.0,0.0,0,18497.4536,92.2525,62.3279,0.0,29.0267,6.0743,2.0144,10.6679,1,39951.0,2.2,0.0,0.0,0.0,8.0015249381953,8.21597369734715,7.782734346771892,10.6679,0.0
4293,2008-06-13,SZSE:000768,0.2454,8.1773,7.7183,8.6591,8.0909,20260.1574,8.5136,2.3593,106.4430,31.9674,145.4642,4.4421,79.3842,30.6237,30.6237,0.0,0.0,0,17911.8338,89.3318,60.3547,0.0,28.1077,5.882,1.9506,10.8161,1,39951.0,2.2,0.0,0.0,0.0,8.035723145781615,8.173056085749575,7.636749718122118,10.8161,0.0
4294,2008-06-16,SZSE:000768,0.2454,7.7545,7.3193,8.3636,7.6818,19212.8012,8.1773,2.2373,100.9404,30.3149,137.9444,4.2124,79.8523,27.859,27.859,0.0,0.0,0,16864.4776,84.1083,56.8255,0.0,26.4642,5.538,1.8365,9.9443,1,39951.0,2.2,0.0,0.0,0.0,7.718371512025277,7.894215936552969,7.250680087691018,9.9443,0.0
4295,2008-06-17,SZSE:000768,0.2454,7.7727,7.3364,8.3455,7.7273,19257.8493,7.9727,2.2425,101.1771,30.386,138.2678,4.2223,77.4758,28.1595,28.1595,0.0,0.0,0,16909.5257,84.3330,56.9773,0.0,26.5348,5.5528,1.8414,22.2641,1,39951.0,2.2,0.0,0.0,0.0,7.525173527860331,7.877047383791989,7.293548409175704,22.2641,0.0
4296,2008-06-18,SZSE:000768,0.2454,8.1045,7.6496,8.1682,7.0455,20079.9677,7.8136,2.3383,105.4963,31.6831,144.1705,4.4026,75.5753,33.5944,33.5944,0.0,0.0,0,17731.644,88.4332,59.7475,0.0,27.8249,5.8228,1.931,24.0367,1,39951.0,2.2,0.0,0.0,0.0,7.375028016534025,7.709724562897157,6.650040940218398,24.0367,0.0
4297,2008-06-19,SZSE:000768,0.2454,7.2955,6.886,8.0909,7.2955,18075.3514,8.0909,2.1048,94.9645,28.5202,129.7777,3.9631,77.3588,28.0267,28.0267,0.0,0.0,0,15727.0277,78.4355,52.9929,0.0,24.6792,5.1645,1.7127,16.2167,1,39951.0,2.2,0.0,0.0,0.0,7.636753807141389,7.636753807141389,6.886,16.2167,0.0
4298,2008-06-20,SZSE:000768,0.2632,7.15,6.7487,7.7136,6.7727,17714.9694,7.2136,2.0629,93.0711,27.9515,127.1902,3.884,76.7769,27.1553,27.1553,0.0,0.0,0,15366.6458,76.6382,51.7785,0.0,24.1137,5.0462,1.6734,19.7003,1,39951.0,2.2,0.0,0.0,0.0,6.808730394405593,7.280667457342657,6.392576292307693,19.7003,0.0
4299,2008-06-23,SZSE:000768,0.2632,6.9545,6.5642,7.3273,6.8182,17230.7065,7.0455,2.0065,90.5269,27.1874,123.7133,3.7779,76.8228,25.9862,25.9862,0.0,0.0,0,14882.3828,74.2230,50.1468,0.0,23.3538,4.8871,1.6207,8.8888,1,39951.0,2.2,0.0,0.0,0.0,6.650092903875187,6.916077742468904,6.435549419800129,8.8888,0.0
4300,2008-06-24,SZSE:000768,0.2632,7.1364,6.7358,7.2182,6.8818,17681.1846,6.9273,2.0589,92.8936,27.8982,126.9477,3.8766,76.3216,29.0464,29.0464,0.0,0.0,0,15332.8609,76.4697,51.6647,0.0,24.0607,5.0351,1.6697,9.2899,1,39951.0,2.2,0.0,0.0,0.0,6.538437775348915,6.813008177792725,6.49549190628328,9.2899,0.0
4301,2008-06-25,SZSE:000768,0.2632,7.5818,7.1563,7.5955,7.1364,18784.8521,7.1591,2.1875,98.6920,29.6396,134.8718,4.1186,77.5628,36.0255,36.0255,0.0,0.0,0,16436.5285,81.9740,55.3836,0.0,25.7926,5.3975,1.7899,17.3449,1,39951.0,2.2,0.0,0.0,0.0,6.757322447176131,7.169231139043499,6.73589639927194,17.3449,0.0
4302,2008-06-26,SZSE:000768,0.2632,7.8273,7.4325,7.8455,7.4182,19392.991,7.5727,2.2583,101.8871,30.5992,139.2381,4.252,78.0039,39.5536,40.188,0.0,0.0,0,17044.6673,85.0070,57.4327,0.0,26.7469,5.5972,1.8562,19.2815,1,39951.0,2.2,0.0,0.0,0.0,7.190741730865049,7.4497820129546595,7.044034532980722,19.2815,0.045
4303,2008-06-27,SZSE:000768,0.2517,7.2727,6.9059,7.6818,7.2273,18019.0401,7.5864,2.0983,94.6686,28.4313,129.3734,3.9507,77.8806,34.8742,35.4525,0.0,0.0,0,15670.7164,78.1547,52.8031,0.0,24.5909,5.146,1.7065,18.9278,1,39951.0,2.2,0.0,0.0,0.0,7.203778481169303,7.294366964126115,6.86278975758659,18.9278,0.0
4304,2008-06-30,SZSE:000768,0.2517,7.7364,7.3462,8.0,7.5818,19167.7556,8.0,2.232,100.7037,30.2438,137.6210,4.2026,78.9083,41.1436,41.6438,0.0,0.0,0,16819.432,83.8837,56.6738,0.0,26.3935,5.5232,1.8316,32.332,1,39951.0,2.2,0.0,0.0,0.0,7.596504834289851,7.596504834289851,7.199397544077349,32.332,0.0
4305,2008-07-01,SZSE:000768,0.2517,7.45,7.0742,7.7273,7.4182,18458.2549,7.7273,2.1494,96.9762,29.1243,132.5269,4.047,74.3515,38.6676,39.1462,0.0,0.0,0,16109.9313,80.3452,54.2831,0.0,25.2801,5.2902,1.7544,12.7316,1,39951.0,2.2,0.0,0.0,0.0,7.337512169127518,7.337512169127518,7.044004085906041,12.7316,0.0
4306,2008-07-02,SZSE:000768,0.2517,7.6318,7.2469,7.8182,7.4182,18908.733,7.4182,2.2019,99.3429,29.8351,135.7612,4.1458,73.9514,41.0916,41.5434,0.0,0.0,0,16560.4094,82.5919,55.801,0.0,25.987,5.4382,1.8034,13.4661,1,39951.0,2.2,0.0,0.0,0.0,7.044072640792473,7.423899156162373,7.044072640792473,13.4661,0.0
4307,2008-07-03,SZSE:000768,0.2517,7.9,7.5015,8.1682,7.4364,19573.1832,7.4773,2.2793,102.8338,30.8835,140.5319,4.2915,73.9767,44.5713,44.9859,0.0,0.0,0,17224.8596,85.9057,58.0399,0.0,27.0297,5.6564,1.8758,24.1875,1,39951.0,2.2,0.0,0.0,0.0,7.100122272151898,7.756171177215189,7.061285392405063,24.1875,0.0
4308,2008-07-04,SZSE:000768,0.1608,7.9864,7.5836,8.2545,7.9455,19787.1602,8.0,2.3042,103.9580,31.2211,142.0682,4.3384,73.4107,45.684,46.0869,0.0,0.0,0,17438.8366,86.9728,58.7609,0.0,27.3655,5.7266,1.8991,25.2677,1,39951.0,2.2,0.0,0.0,0.0,7.5965140739256745,7.838178177902434,7.544762821797055,25.2677,0.0
4309,2008-07-07,SZSE:000768,0.1608,8.3091,7.89,8.4,7.9909,20586.7521,8.0636,2.3973,108.1589,32.4828,147.8091,4.5137,72.1885,49.744,50.1056,0.0,0.0,0,18238.4285,90.9607,61.4551,0.0,28.6202,5.9892,1.9862,20.439,1,39951.0,2.2,0.0,0.0,0.0,7.6568826948767,7.9763151243817,7.587849586597826,20.439,0.0
4310,2008-07-08,SZSE:000768,0.1608,8.4045,7.9806,8.5455,8.0682,20823.2532,8.4045,2.4248,109.4014,32.8559,149.5071,4.5655,72.0999,50.9127,51.2627,0.0,0.0,0,18474.9296,92.1402,62.252,0.0,28.9913,6.0669,2.0119,27.1101,1,39951.0,2.2,0.0,0.0,0.0,7.9806,8.11448834552918,7.661262052471889,27.1101,0.0
4311,2008-07-09,SZSE:000768,0.1608,8.5182,8.0886,8.5727,8.3182,21104.7998,8.4136,2.4576,110.8806,33.3002,151.5286,4.6273,69.7614,52.3338,52.67,0.0,0.0,0,18756.4762,93.5443,63.2007,0.0,29.4331,6.1593,2.0426,20.8703,1,39951.0,2.2,0.0,0.0,0.0,7.989275311685567,8.14035139113897,7.898686638022116,20.8703,0.0
4312,2008-07-10,SZSE:000768,0.1608,8.4091,7.985,8.7273,8.3227,20834.514,8.4091,2.4261,109.4606,32.8737,149.5880,4.568,69.7978,50.8129,51.1433,0.0,0.0,0,18486.1904,92.1963,62.29,0.0,29.009,6.0706,2.0131,21.5932,1,39951.0,2.2,0.0,0.0,0.0,7.985,8.287152073349109,7.9029574508568095,21.5932,0.0
4313,2008-07-11,SZSE:000768,0.1703,8.3182,7.8986,8.5182,8.1864,20609.2762,8.3455,2.3999,108.2772,32.5183,147.9708,4.5186,69.2776,49.5214,49.8466,0.0,0.0,0,18260.9525,91.0730,61.531,0.0,28.6555,5.9966,1.9886,14.634,1,39951.0,2.2,0.0,0.0,0.0,7.924522889567455,8.088511278882452,7.773448467216467,14.634,0.0
4314,2008-07-14,SZSE:000768,0.1703,0.0,7.8986,0.0,0.0,20609.2762,0.0,2.3999,108.2772,32.5183,147.9708,4.5186,69.2776,49.5214,49.8466,0.0,0.0,0,18260.9525,91.0730,61.531,0.0,28.6555,5.9966,1.9886,0.0,1,39951.0,2.2,0.0,0.0,0.0,0.0,0.0,0.0,0.0,0.0
4315,2008-07-15,SZSE:000768,0.1703,8.0909,7.6828,8.5455,8.0091,20046.1853,8.4545,2.3343,105.3188,31.6298,143.9279,4.3952,67.7154,46.3496,46.6614,0.0,0.0,0,17697.8617,88.2647,59.6337,0.0,27.7719,5.8117,1.9273,15.603,1,39951.0,2.2,0.0,0.0,0.0,8.028060240517124,8.114470256708156,7.605125941489823,15.603,0.0
4316,2008-07-16,SZSE:000768,0.1703,7.5773,7.1951,8.1273,7.4545,18773.5864,8.0864,2.1861,98.6328,29.6219,134.7909,4.1161,68.506,40.0987,40.3812,0.0,0.0,0,16425.2627,81.9178,55.3456,0.0,25.7749,5.3938,1.7887,13.2577,1,39951.0,2.2,0.0,0.0,0.0,7.6785209296187285,7.717357928285801,7.078494048011825,13.2577,0.0
4317,2008-07-17,SZSE:000768,0.1703,7.6227,7.2383,8.0636,7.5909,18886.2065,7.75,2.1993,99.2245,29.7996,135.5995,4.1408,68.4681,40.8588,41.1362,0.0,0.0,0,16537.8829,82.4795,55.7251,0.0,25.9517,5.4308,1.801,13.8939,1,39951.0,2.2,0.0,0.0,0.0,7.3591804741102225,7.656966151101315,7.2081036207642954,13.8939,0.0
4318,2008-07-18,SZSE:000768,0.1966,7.9318,7.5318,7.9773,7.5227,19652.0185,7.9091,2.2884,103.2480,31.0079,141.0979,4.3087,68.9756,45.8874,46.1321,0.0,0.0,0,17303.6949,86.2989,58.3055,0.0,27.1534,5.6823,1.8844,10.3737,1,39951.0,2.2,0.0,0.0,0.0,7.51024475907108,7.575005438866334,7.14333087823697,10.3737,0.0
4319,2008-07-21,SZSE:000768,0.1966,8.3364,7.9159,8.4045,7.8227,20654.3267,7.9091,2.4052,108.5139,32.5894,148.2943,4.5285,69.6697,51.6785,51.8876,0.0,0.0,0,18306.0031,91.2977,61.6828,0.0,28.7262,6.0114,1.9935,14.9062,1,39951.0,2.2,0.0,0.0,0.0,7.510153626265534,7.98056493810278,7.428111766469939,14.9062,0.0
4320,2008-07-22,SZSE:000768,0.1966,8.2773,7.8598,8.4045,8.2045,20507.9193,8.35,2.3881,107.7447,32.3584,147.2431,4.4964,67.7929,50.8229,51.0299,0.0,0.0,0,18159.5956,90.5675,61.1895,0.0,28.4965,5.9633,1.9776,11.4976,1,39951.0,2.2,0.0,0.0,0.0,7.928833073586796,7.980584139755717,7.790671970328488,11.4976,0.0
4321,2008-07-23,SZSE:000768,0.1966,8.2045,7.7907,8.5227,8.1909,20327.7295,8.2955,2.3671,106.7980,32.0741,145.9494,4.4569,67.1035,49.7316,49.9359,0.0,0.0,0,17979.4059,89.6688,60.5823,0.0,28.2137,5.9042,1.958,12.0017,1,39951.0,2.2,0.0,0.0,0.0,7.877110347979769,8.092851348650132,7.77778592601621,12.0017,0.0
4322,2008-07-24,SZSE:000768,0.1966,8.3364,7.9159,8.4,8.2364,20654.3267,8.2955,2.4052,108.5139,32.5894,148.2943,4.5285,64.1816,51.7538,51.9468,0.0,0.0,0,18306.0031,91.2977,61.6828,0.0,28.7262,6.0114,1.9935,8.9627,1,39951.0,2.2,0.0,0.0,0.0,7.877063054795836,7.9762919245717585,7.820944143755098,8.9627,0.0
4323,2008-07-25,SZSE:000768,0.3158,8.3,7.8814,8.4227,8.2,20564.2306,8.2045,2.3947,108.0406,32.4472,147.6474,4.5087,63.5112,51.1426,51.3343,0.0,0.0,0,18215.907,90.8483,61.3792,0.0,28.5849,5.9818,1.9837,10.0851,1,39951.0,2.2,0.0,0.0,0.0,7.790716421686746,7.997911780722891,7.786443373493975,10.0851,0.0
4324,2008-07-28,SZSE:000768,0.3158,8.4136,7.9893,8.5,8.3182,20845.7772,8.3182,2.4274,109.5197,32.8915,149.6689,4.5705,63.2946,53.0101,53.1918,0.0,0.0,0,18497.4536,92.2525,62.3279,0.0,29.0267,6.0743,2.0144,8.904,1,39951.0,2.2,0.0,0.0,0.0,7.898711046401063,8.071342825900922,7.898711046401063,8.904,0.0
4325,2008-07-29,SZSE:000768,0.3158,8.1409,7.7303,8.3636,8.1364,20170.0663,8.2955,2.3488,105.9697,31.8253,144.8174,4.4223,63.527,48.2439,48.4155,0.0,0.0,0,17821.7426,88.8825,60.0511,0.0,27.9663,5.8524,1.9408,8.9635,1,39951.0,2.2,0.0,0.0,0.0,7.87710248866833,7.941767750494416,7.726026965077571,8.9635,0.0
4326,2008-07-30,SZSE:000768,0.3158,8.1636,7.7519,8.3409,8.0591,20226.3726,8.2818,2.3553,106.2655,31.9141,145.2217,4.4347,62.2558,48.6581,48.8278,0.0,0.0,0,17878.049,89.1633,60.2408,0.0,28.0547,5.8709,1.9469,6.5158,1,39951.0,2.2,0.0,0.0,0.0,7.864139034249595,7.920258551374394,7.6526700585526,6.5158,0.0
4327,2008-07-31,SZSE:000768,0.3158,7.7727,7.3807,8.2227,7.7273,19257.8493,8.1818,2.2425,101.1771,30.386,138.2678,4.2223,62.406,42.3752,42.5301,0.0,0.0,0,16909.5257,84.3330,56.9773,0.0,26.5348,5.5528,1.8414,8.4195,1,39951.0,2.2,0.0,0.0,0.0,7.769167890179732,7.8080051835269595,7.337589654817501,8.4195,0.0
4328,2008-08-01,SZSE:000768,0.3072,8.0,7.5965,8.0909,7.6364,19820.945,7.7318,2.3081,104.1355,31.2744,142.3108,4.3458,62.2589,46.6855,46.8243,0.0,0.0,0,17472.6214,87.1413,58.8747,0.0,27.4185,5.7377,1.9028,8.0582,1,39951.0,2.2,0.0,0.0,0.0,7.3418273375,7.682815231249999,7.251239075,8.0582,0.0
4329,2008-08-04,SZSE:000768,0.3072,7.7,7.3116,8.0045,7.6864,19077.6595,7.9091,2.2216,100.2304,32.641,136.9741,4.1828,62.1261,42.1986,42.3283,0.0,0.0,0,16729.3359,83.4343,56.3702,0.0,26.2521,5.4936,1.8218,4.6487,1,39951.0,2.2,0.0,0.0,0.0,7.51015267012987,7.600740545454546,7.2986860051948055,4.6487,0.0
4330,2008-08-05,SZSE:000768,0.3072,7.8636,7.467,7.9545,7.5909,19483.0871,7.8545,2.2766,86.3092,33.3346,123.1175,2.7799,60.5228,45.2874,45.4075,0.0,0.0,0,16844.1588,71.3291,45.5613,0.0,26.4323,3.1256,1.8343,11.4828,1,39951.0,2.2,0.0,0.0,0.0,7.458358957729284,7.553315466198687,7.208053601403937,11.4828,0.0
4331,2008-08-06,SZSE:000768,0.3072,8.2182,7.8037,8.3955,7.9545,20361.5143,8.0273,2.3793,90.2006,34.8376,128.6684,2.9053,60.9719,51.3533,51.4552,0.0,0.0,0,17722.5861,75.0489,47.9374,0.0,27.8107,3.2886,1.93,22.9349,1,39951.0,2.2,0.0,0.0,0.0,7.622428391861966,7.972057549098342,7.553300193473024,22.9349,0.0
4332,2008-08-07,SZSE:000768,0.3072,8.2,7.7864,8.2727,8.0636,20316.4687,8.2682,2.374,90.0011,40.2948,128.3838,2.8988,60.7157,51.0408,51.1423,0.0,0.0,0,17677.5405,74.8582,47.8155,0.0,30.2435,3.2802,1.9251,9.1667,1,39951.0,2.2,0.0,0.0,8.6364,7.851160058536586,7.85543308292683,7.656879882926829,9.1667,0.0
4333,2008-08-08,SZSE:000768,0.3417,7.4545,7.0786,8.1909,7.4318,18469.5157,8.1909,2.1582,81.8192,36.6317,116.7125,2.6353,62.6147,40.2307,40.3174,0.0,0.0,0,15830.5874,67.0370,42.8198,0.0,27.0836,2.9375,1.724,13.2016,1,39951.0,2.2,0.0,0.0,8.6364,7.777866354550941,7.777866354550941,7.057044668321147,13.2016,0.0
4334,2008-08-11,SZSE:000768,0.3417,6.7182,6.3793,7.5545,6.7091,16645.0867,7.4682,1.945,73.7370,33.0132,105.1836,2.375,65.3912,32.8332,32.9078,0.0,0.0,0,14006.1584,59.3112,37.8849,0.0,23.9623,2.599,1.5253,15.3243,1,39951.0,2.2,0.0,0.0,8.6364,7.091466205233544,7.173412796582418,6.370659050043166,15.3243,0.0
4335,2008-08-12,SZSE:000768,0.3417,6.6955,6.3578,6.8682,6.5045,16588.7803,6.6818,1.9384,73.4876,32.9015,104.8278,2.367,64.267,32.6338,32.708,0.0,0.0,0,13949.852,59.0727,37.7326,0.0,23.866,2.5885,1.5191,8.0108,1,39951.0,2.2,0.0,0.0,8.6364,6.344790984989919,6.52178955417818,6.176433440370398,8.0108,0.0
4336,2008-08-13,SZSE:000768,0.3417,6.5818,6.2499,6.7364,6.2818,16307.2337,6.6591,1.9055,72.2404,32.3431,103.0486,2.3268,62.8392,31.6001,31.6725,0.0,0.0,0,13668.3054,57.8805,36.9711,0.0,23.3843,2.5363,1.4885,9.0123,1,39951.0,2.2,0.0,0.0,8.6364,6.3233019979336955,6.396703995867391,5.96502808046431,9.0123,0.0
4337,2008-08-14,SZSE:000768,0.3417,6.5909,6.2585,6.7182,6.5227,16329.7577,6.5909,1.9082,72.3401,32.3878,103.1910,2.33,62.8092,31.7863,31.8584,0.0,0.0,0,13690.8294,57.9759,37.032,0.0,23.4229,2.5404,1.4909,5.1269,1,39951.0,2.2,0.0,0.0,8.6364,6.2585,6.379379857075664,6.193739542399369,5.1269,0.0
4338,2008-08-15,SZSE:000768,0.4174,6.5182,6.1894,6.6773,6.4091,16149.563,6.5909,1.8871,71.5419,32.0304,102.0523,2.3043,62.8076,31.0581,31.1289,0.0,0.0,0,13510.6347,57.2128,36.5446,0.0,23.1146,2.507,1.4713,4.2653,1,39951.0,2.2,0.0,0.0,8.6364,6.258432766714737,6.340474459206529,6.08580337209659,4.2653,0.0
4339,2008-08-18,SZSE:000768,0.4174,6.1364,5.8269,6.8136,6.1364,15203.5661,6.5636,1.7766,67.3512,30.1541,96.0743,2.1693,63.5523,27.4967,27.5609,0.0,0.0,0,12564.6379,53.2068,33.9858,0.0,21.4961,2.3315,1.3683,9.8654,1,39951.0,2.2,0.0,0.0,8.6364,6.232553425461182,6.4699442409230175,5.8269,9.8654,0.0
4340,2008-08-19,SZSE:000768,0.4174,6.2682,5.952,6.2909,5.9136,15530.1584,5.9909,1.8147,68.7979,30.8019,98.1381,2.2159,63.7246,30.4613,30.5217,0.0,0.0,0,12891.2301,54.5898,34.8692,0.0,22.0549,2.3921,1.4039,6.4812,1,39951.0,2.2,0.0,0.0,8.6364,5.688688427299703,5.973554896142432,5.615287833827893,6.4812,0.0
4341,2008-08-20,SZSE:000768,0.4174,6.85,6.5045,6.8591,6.1182,16971.6838,6.1727,1.9832,75.1838,33.6609,107.2474,2.4216,66.3066,41.7777,41.8244,0.0,0.0,0,14332.7556,60.6942,38.7683,0.0,24.5211,2.6596,1.5608,13.3339,1,39951.0,2.2,0.0,0.0,8.6364,5.861361627737226,6.51314101459854,5.809610496350365,13.3339,0.0
4342,2008-08-21,SZSE:000768,0.4174,6.6318,6.2973,6.8636,6.5909,16431.1146,6.7136,1.92,72.7891,32.5888,103.8314,2.3445,66.498,39.2014,39.246,0.0,0.0,0,13792.1863,58.4051,37.3061,0.0,23.5963,2.5593,1.502,10.0407,1,39951.0,2.2,0.0,0.0,8.6364,6.374974106577399,6.5174082873428025,6.2584629467113,10.0407,0.0
4343,2008-08-22,SZSE:000768,0.1896,6.45,6.1247,6.6591,6.3,15980.6365,6.6,1.8674,70.7935,31.6953,100.9848,2.2802,65.8181,37.1457,37.1886,0.0,0.0,0,13341.7082,56.4974,36.0877,0.0,22.8256,2.4757,1.4529,5.8126,1,39951.0,2.2,0.0,0.0,8.6364,6.267134883720929,6.323254227906976,5.982265116279069,5.8126,0.0
4344,2008-08-25,SZSE:000768,0.1896,6.4091,6.0858,6.5682,6.3545,15879.2771,6.5318,1.8555,70.3445,31.4943,100.3443,2.2657,65.7422,36.6796,36.7221,0.0,0.0,0,13240.3488,56.0682,35.8135,0.0,22.6522,2.4569,1.4419,3.802,1,39951.0,2.2,0.0,0.0,8.6364,6.202310533460236,6.23687437549734,6.033954236944345,3.802,0.0
4345,2008-08-26,SZSE:000768,0.1896,6.0409,5.7362,6.4091,5.9318,14967.0675,6.3455,1.7489,66.3035,29.6851,94.5798,2.1356,66.0537,32.7026,32.7416,0.0,0.0,0,12328.1393,52.2053,33.3461,0.0,21.0915,2.2876,1.3425,7.6495,1,39951.0,2.2,0.0,0.0,8.6364,6.0254361270671595,6.085828174609744,5.632602949891573,7.6495,0.0
4346,2008-08-27,SZSE:000768,0.1896,6.0091,5.706,6.1818,5.8273,14888.2297,6.0318,1.7397,65.9542,29.5287,94.0817,2.1243,65.6252,32.3759,32.4145,0.0,0.0,0,12249.3015,51.8715,33.1328,0.0,20.9566,2.273,1.334,6.74,1,39951.0,2.2,0.0,0.0,8.6364,5.7275550082375055,5.869988983375214,5.533370022133099,6.74,0.0
4347,2008-08-28,SZSE:000768,0.1896,5.9318,5.6326,6.0591,5.8182,14696.7817,5.8182,1.7174,65.1061,29.149,92.8719,2.097,65.1097,31.5515,31.5894,0.0,0.0,0,12057.8534,51.0608,32.615,0.0,20.6291,2.2374,1.3131,4.2541,1,39951.0,2.2,0.0,0.0,8.6364,5.5247299841532085,5.7534789878283155,5.5247299841532085,4.2541,0.0
4348,2008-08-29,SZSE:000768,0.1551,6.1,5.7923,6.1773,5.9182,15113.47,5.9773,1.766,66.9520,29.9754,95.5050,2.1565,65.4939,35.4065,35.4414,0.0,0.0,0,12474.5418,52.8253,33.7421,0.0,21.342,2.3148,1.3585,6.2925,1,39951.0,2.2,0.0,0.0,8.6364,5.675789309836066,5.865700785245902,5.619670468852459,6.2925,0.0
4349,2008-09-01,SZSE:000768,0.1551,5.8409,5.5463,6.0682,5.8182,14471.5439,6.0682,1.691,64.1083,28.7023,91.4485,2.0649,65.5335,32.381,32.4135,0.0,0.0,0,11832.6156,50.1070,32.0057,0.0,20.2437,2.1956,1.2886,5.0445,1,39951.0,2.2,0.0,0.0,8.6364,5.762135571572872,5.762135571572872,5.524744929719734,5.0445,0.0
4350,2008-09-02,SZSE:000768,0.1551,5.8682,5.5722,5.9364,5.7273,14539.111,5.8091,1.6989,64.4076,26.8936,91.8755,2.0745,65.5603,33.0297,33.0617,0.0,0.0,0,11900.1827,50.3931,32.1885,0.0,19.0204,2.2082,1.2291,4.3471,1,39951.0,2.2,0.0,0.0,8.6364,5.51608108448928,5.636959899117275,5.4384071878940725,4.3471,0.0
4351,2008-09-03,SZSE:000768,0.1551,5.9818,5.6801,6.1273,5.8682,14820.6626,5.8682,1.7318,65.6549,27.4144,93.6547,2.1147,65.6694,35.7938,35.824,0.0,0.0,0,12181.7343,51.5854,32.9501,0.0,19.4704,2.2604,1.2582,7.963,1,39951.0,2.2,0.0,0.0,8.6364,5.5722295663512655,5.818261514928618,5.5722295663512655,7.963,0.0
4352,2008-09-04,SZSE:000768,0.1551,5.9727,5.6715,6.0545,5.8818,14798.1361,5.9773,1.7292,65.5551,27.3727,93.5123,2.1115,65.3516,35.6669,35.697,0.0,0.0,0,12159.2078,51.4900,32.8891,0.0,19.4344,2.2562,1.2558,3.9551,1,39951.0,2.2,0.0,0.0,8.6364,5.675868024511528,5.749174870661511,5.585184037370034,3.9551,0.0
4353,2008-09-05,SZSE:000768,0.2231,5.6818,5.3952,5.8864,5.6818,14077.3771,5.8864,1.645,62.3622,26.0395,88.9577,2.0086,65.8481,31.7857,31.8133,0.0,0.0,0,11438.4488,48.4378,30.9396,0.0,18.2824,2.1225,1.1814,6.8387,1,39951.0,2.2,0.0,0.0,8.6364,5.58947961561477,5.58947961561477,5.3952,6.8387,0.0
4354,2008-09-08,SZSE:000768,0.2231,5.3455,5.0758,5.8136,5.3182,13243.9954,5.6909,1.5476,58.6703,27.1895,83.6914,1.8897,65.9572,27.9927,28.0176,0.0,0.0,0,10605.0671,44.9087,28.6854,0.0,18.3956,1.9679,1.0204,7.0454,1,39951.0,2.2,0.0,0.0,8.6364,5.403773308390234,5.520282645215602,5.049877384716116,7.0454,0.0
4355,2008-09-09,SZSE:000768,0.2231,5.4,5.1276,5.5,5.3182,13379.1371,5.4455,1.5634,59.269,27.4669,84.5454,1.909,65.554,29.4627,29.4868,0.0,0.0,0,10740.2088,45.4810,29.0509,0.0,18.63,1.9929,1.0334,4.4843,1,39951.0,2.2,0.0,0.0,8.6364,5.170804777777778,5.222555555555555,5.049926355555555,4.4843,0.0
4356,2008-09-10,SZSE:000768,0.2231,5.4182,5.1449,5.5818,5.2636,13424.1827,5.3909,1.5686,59.4686,27.5594,84.8301,1.9154,62.7238,29.9758,29.9997,0.0,0.0,0,10785.2544,45.6718,29.1728,0.0,18.7082,2.0013,1.0377,5.5685,1,39951.0,2.2,0.0,0.0,8.6364,5.118977042191134,5.300247835074379,4.9980981949725,5.5685,0.0
4357,2008-09-11,SZSE:000768,0.2231,5.2682,5.0025,5.5091,5.2273,13052.5399,5.4182,1.5252,57.8222,26.7964,82.4816,1.8624,62.5831,28.1559,28.1786,0.0,0.0,0,10413.6117,44.0980,28.1675,0.0,18.0635,1.9323,1.0019,4.7976,1,39951.0,2.2,0.0,0.0,8.6364,5.14493479746403,5.231250284727232,4.963662778558141,4.7976,0.0
4358,2008-09-12,SZSE:000768,0.2515,5.3227,5.0543,5.3864,5.2273,13187.6841,5.2455,1.541,58.4209,27.0739,83.3356,1.8817,62.6605,29.8244,29.8463,0.0,0.0,0,10548.7558,44.6703,28.5331,0.0,18.2979,1.9574,1.0149,3.6863,1,39951.0,2.2,0.0,0.0,8.6364,4.980992851372423,5.11478789336239,4.963710596126026,3.6863,0.0
4359,2008-09-15,SZSE:000768,0.2515,0.0,5.0543,0.0,0.0,13187.6841,0.0,1.541,58.4209,27.0739,83.3356,1.8817,62.6605,29.8244,29.8463,0.0,0.0,0,10548.7558,44.6703,28.5331,0.0,18.2979,1.9574,1.0149,0.0,1,39951.0,2.2,0.0,0.0,8.6364,0.0,0.0,0.0,0.0,0.0
4360,2008-09-16,SZSE:000768,0.2515,5.2727,5.0068,5.3636,5.0909,13063.8032,5.2727,1.5265,57.8721,26.8196,82.5527,1.864,62.3206,29.156,29.1775,0.0,0.0,0,10424.8749,44.1457,28.198,0.0,18.083,1.9344,1.003,7.1298,1,39951.0,2.2,0.0,0.0,8.6364,5.0068,5.093115951979061,4.834168096041876,7.1298,0.0
4361,2008-09-17,SZSE:000768,0.2515,5.3091,5.0413,5.3409,5.1591,13153.8968,5.2955,1.5371,58.2712,27.0045,83.1221,1.8769,62.3522,30.378,30.399,0.0,0.0,0,10514.9686,44.5272,28.4417,0.0,18.2393,1.9511,1.0117,6.5597,1,39951.0,2.2,0.0,0.0,8.6364,5.0283860070445074,5.071495954116517,4.898866254167372,6.5597,0.0
4362,2008-09-18,SZSE:000768,0.2515,5.4455,5.1708,5.4545,4.9409,13491.7573,5.3136,1.5765,59.7679,27.6981,85.2571,1.9251,61.9348,34.9122,34.9313,0.0,0.0,0,10852.829,45.9579,29.3555,0.0,18.8254,2.0138,1.0442,19.257,1,39951.0,2.2,0.0,0.0,8.6364,5.045553737948765,5.179345992103572,4.6916547093930765,19.257,0.0
4363,2008-09-19,SZSE:000768,0.1985,5.9909,5.6887,5.9909,5.8182,14843.1866,5.9864,1.7345,65.7547,30.4726,93.797,2.1179,61.9079,49.1718,49.1852,0.0,0.0,0,12204.2584,51.6807,33.011,0.0,21.1696,2.2646,1.1742,17.6476,1,39951.0,2.2,0.0,0.0,8.6364,5.6844269942746495,5.6887,5.524711535829341,17.6476,0.0
4364,2008-09-22,SZSE:000768,0.1985,6.5909,6.2585,6.5909,6.0364,16329.7577,6.5,1.9082,72.3401,33.5245,103.191,2.33,64.7919,59.645,59.6548,0.0,0.0,0,13690.8294,57.9759,37.032,0.0,23.7482,2.5404,1.3173,42.2445,1,39951.0,2.2,0.0,0.0,8.6364,6.172184375426724,6.2585,5.731965194434751,42.2445,0.0
4365,2008-09-23,SZSE:000768,0.1985,6.2182,5.9046,6.5818,6.2182,15406.2774,6.3,1.8003,68.2492,31.6286,97.3553,2.1982,65.5619,52.4191,52.4282,0.0,0.0,0,12767.3492,54.0652,34.5341,0.0,22.1463,2.3691,1.2284,23.9776,1,39951.0,2.2,0.0,0.0,8.6364,5.982274613232125,6.249862706249397,5.9046,23.9776,0.0
4366,2008-09-24,SZSE:000768,0.1985,6.1909,5.8787,6.1909,6.0091,15338.7103,6.0227,1.7924,67.9498,31.4899,96.9283,2.1886,65.3295,51.9234,51.9325,0.0,0.0,0,12699.782,53.7791,34.3513,0.0,22.0291,2.3566,1.2219,11.1546,1,39951.0,2.2,0.0,0.0,8.6364,5.718982133453941,5.8787,5.7060679658854125,11.1546,0.0
4367,2008-09-25,SZSE:000768,0.1985,0.0,5.8787,0.0,0.0,15338.7103,0.0,1.7924,67.9498,31.4899,96.9283,2.1886,65.3295,51.9234,51.9325,0.0,0.0,0,12699.782,53.7791,34.3513,0.0,22.0291,2.3566,1.2219,0.0,1,39951.0,2.2,0.0,0.0,8.6364,0.0,0.0,0.0,0.0,0.0
4368,2008-09-26,SZSE:000768,-0.0483,6.0455,5.7405,6.4091,5.9682,14978.3283,6.4091,1.7503,66.3534,30.75,94.651,2.1372,64.3492,49.2487,49.2574,0.0,0.0,0,12339.4001,52.2530,33.3765,0.0,21.404,2.2897,1.1872,18.5995,1,39951.0,2.2,0.0,0.0,8.6364,6.0857561078488125,6.0857561078488125,5.667099842858325,18.5995,0.0
4369,2008-09-29,SZSE:000768,-0.0483,0.0,5.7405,0.0,0.0,14978.3283,0.0,1.7503,66.3534,30.75,94.651,2.1372,64.3492,49.2487,49.2574,0.0,0.0,0,12339.4001,52.2530,33.3765,0.0,21.404,2.2897,1.1872,0.0,1,39951.0,2.2,0.0,0.0,8.6364,0.0,0.0,0.0,0.0,0.0
4370,2008-09-30,SZSE:000768,-0.0483,0.0,5.7405,0.0,0.0,14978.3283,0.0,1.7503,66.3534,30.75,94.651,2.1372,64.3492,49.2487,49.2574,0.0,0.0,0,12339.4001,52.2530,33.3765,0.0,21.404,2.2897,1.1872,0.0,1,39951.0,2.2,0.0,0.0,8.6364,0.0,0.0,0.0,0.0,0.0
4371,2008-10-01,SZSE:000768,-0.0483,0.0,5.7405,0.0,0.0,14978.3283,0.0,1.7503,66.3534,30.75,94.651,2.1372,64.3492,49.2487,49.2574,0.0,0.0,0,12339.4001,52.2530,33.3765,0.0,21.404,2.2897,1.1872,0.0,1,39951.0,2.2,0.0,0.0,8.6364,0.0,0.0,0.0,0.0,0.0
4372,2008-10-02,SZSE:000768,-0.0483,0.0,5.7405,0.0,0.0,14978.3283,0.0,1.7503,66.3534,30.75,94.651,2.1372,64.3492,49.2487,49.2574,0.0,0.0,0,12339.4001,52.2530,33.3765,0.0,21.404,2.2897,1.1872,0.0,1,39951.0,2.2,0.0,0.0,8.6364,0.0,0.0,0.0,0.0,0.0
4373,2008-10-03,SZSE:000768,-0.0835,0.0,5.7405,0.0,0.0,14978.3283,0.0,1.7503,66.3534,30.75,94.651,2.1372,64.3492,49.2487,49.2574,0.0,0.0,0,12339.4001,52.2530,33.3765,0.0,21.404,2.2897,1.1872,0.0,1,39951.0,2.2,0.0,0.0,8.6364,0.0,0.0,0.0,0.0,0.0
4374,2008-10-06,SZSE:000768,-0.0835,5.6909,5.4039,6.0227,5.6818,14099.9011,6.0227,1.6476,62.462,28.9466,89.1001,2.0118,63.829,43.3823,43.3904,0.0,0.0,0,11460.9728,48.5332,31.0005,0.0,19.8803,2.1267,1.1027,8.5578,1,39951.0,2.2,0.0,0.0,8.6364,5.718966864643553,5.718966864643553,5.395258925653236,8.5578,0.0
4375,2008-10-07,SZSE:000768,-0.0835,5.5455,5.2658,5.6818,5.3636,13739.5191,5.4545,1.6055,60.8655,28.2068,86.8227,1.9604,63.2282,41.2134,41.2212,0.0,0.0,0,11100.5908,47.0071,30.0257,0.0,19.2551,2.0598,1.068,6.709,1,39951.0,2.2,0.0,0.0,8.6364,5.179389793526283,5.3952253971688755,5.093074543323415,6.709,0.0
4376,2008-10-08,SZSE:000768,-0.0835,5.5818,5.3003,5.6682,5.4,13829.6152,5.45,1.616,61.2646,28.3918,87.3921,1.9733,63.1744,41.9941,42.0018,0.0,0.0,0,11190.687,47.3886,30.2694,0.0,19.4114,2.0765,1.0767,7.0834,1,39951.0,2.2,0.0,0.0,8.6364,5.17514690601598,5.382342695904547,5.127668494034183,7.0834,0.0
4377,2008-10-09,SZSE:000768,-0.0835,5.6091,5.3262,5.7727,5.5,13897.1823,5.7273,1.6239,61.5639,28.5305,87.819,1.9829,63.078,42.6098,42.6173,0.0,0.0,0,11258.2541,47.6748,30.4522,0.0,19.5286,2.0891,1.0832,9.6274,1,39951.0,2.2,0.0,0.0,8.6364,5.438438476760977,5.4815486869551275,5.222602556559877,9.6274,0.0
4378,2008-10-10,SZSE:000768,0.0539,0.0,5.3262,0.0,0.0,13897.1823,0.0,1.6239,61.5639,30.0917,87.819,1.9829,63.078,42.6098,42.6173,0.0,0.0,0,11258.2541,47.6748,30.4522,0.0,19.5286,2.0891,1.0976,0.0,1,39951.0,2.2,0.0,0.0,8.6364,0.0,0.0,0.0,0.0,0.0
4379,2008-10-13,SZSE:000768,0.0539,5.5864,5.3046,5.5909,5.05,13840.876,5.4091,1.6173,61.3145,29.9698,87.4632,1.9749,63.625,42.2078,42.2152,0.0,0.0,0,11201.9477,47.4363,30.2999,0.0,19.431,2.0786,1.0922,12.5385,1,39951.0,2.2,0.0,0.0,8.6364,5.1362437097236135,5.308873002291279,4.795258126879564,12.5385,0.0
4380,2008-10-14,SZSE:000768,0.0539,5.5909,5.3089,5.8182,5.3682,13852.1392,5.7636,1.6187,61.3644,29.9942,87.5344,1.9765,63.0843,42.325,42.3324,0.0,0.0,0,11213.211,47.4840,30.3303,0.0,19.4505,2.0807,1.0933,10.2915,1,39951.0,2.2,0.0,0.0,8.6364,5.472889166323848,5.524735191114132,5.097432788996405,10.2915,0.0
4381,2008-10-15,SZSE:000768,0.0539,5.5818,5.3003,5.6364,5.4545,13829.6152,5.4727,1.616,61.2646,29.9454,87.3921,1.9733,62.9388,42.1409,42.1483,0.0,0.0,0,11190.687,47.3886,30.2694,0.0,19.4114,2.0765,1.0911,7.7503,1,39951.0,2.2,0.0,0.0,8.6364,5.196702105055716,5.352146425884123,5.179419963094342,7.7503,0.0
4382,2008-10-16,SZSE:000768,0.0539,5.45,5.1751,5.5955,5.2727,13503.018,5.3636,1.5779,59.8178,29.2382,85.3282,1.9267,61.8036,39.4609,39.468,0.0,0.0,0,10864.0898,46.0056,29.386,0.0,18.8449,2.0159,1.0592,11.3829,1,39951.0,2.2,0.0,0.0,8.6364,5.093058047706421,5.313260926605504,5.00674307706422,11.3829,0.0
4383,2008-10-17,SZSE:000768,0.0514,5.5773,5.296,5.6591,5.4091,13818.3495,5.5318,1.6147,61.2147,29.921,87.3209,1.9717,62.047,43.2158,43.2223,0.0,0.0,0,11179.4212,47.3409,30.2389,0.0,19.3919,2.0744,1.09,15.6868,1,39951.0,2.2,0.0,0.0,8.6364,5.252794864898785,5.373674286841303,5.136283434636831,15.6868,0.0
4384,2008-10-20,SZSE:000768,0.0514,5.7955,5.5032,5.8045,5.5091,14358.9237,5.6273,1.6779,63.6094,31.0915,90.7369,2.0488,62.0044,49.0499,49.0555,0.0,0.0,0,11719.9954,49.6301,31.7011,0.0,20.3296,2.1747,1.1427,16.6913,1,39951.0,2.2,0.0,0.0,8.6364,5.343483281856613,5.511746078854284,5.231244779570356,16.6913,0.0
4385,2008-10-21,SZSE:000768,0.0514,5.6136,5.3305,5.8455,5.5909,13908.4456,5.8182,1.6252,61.6138,30.1161,87.8902,1.9845,61.1284,44.9091,44.9144,0.0,0.0,0,11269.5173,47.7224,30.4826,0.0,19.5482,2.0912,1.0987,14.0859,1,39951.0,2.2,0.0,0.0,8.6364,5.524781797776828,5.550705028858487,5.308944785877156,14.0859,0.0
4386,2008-10-22,SZSE:000768,0.0514,5.25,4.9852,5.5773,5.2273,13007.4943,5.5364,1.4935,42.8631,29.4944,59.7453,1.7044,62.3917,37.9997,38.0044,0.0,0.0,0,10306.0068,30.3098,23.4751,0.0,20.2079,1.5346,1.0483,12.4068,1,39951.0,2.2,0.0,0.0,4.3182,5.2571545295238105,5.295991611428572,4.963644944761904,12.4068,0.0
4387,2008-10-23,SZSE:000768,0.0514,5.2955,5.0284,5.3682,5.1318,13120.1145,5.1727,1.5064,43.2342,28.4091,60.2626,1.7192,62.485,39.2577,39.2623,0.0,0.0,0,10418.6269,30.6410,23.7316,0.0,17.6957,1.5513,1.0752,8.4198,1,39951.0,2.2,0.0,0.0,4.3182,4.911793915588708,5.097433080917761,4.872956872816544,8.4198,0.0
4388,2008-10-24,SZSE:000768,0.1985,5.1364,4.8773,5.3591,5.1,12725.9477,5.2773,1.4612,41.9353,27.5556,58.4521,1.6675,62.4629,36.4686,36.4729,0.0,0.0,0,10024.4601,29.4818,22.8338,0.0,17.0262,1.4927,1.0346,7.8039,1,39951.0,2.2,0.0,0.0,4.3182,5.011092455805622,5.088766145549411,4.842736157620123,7.8039,0.0
4389,2008-10-27,SZSE:000768,0.1985,4.6227,4.3896,5.0227,4.6227,11453.3512,5.0227,1.3151,37.7418,24.8,52.6069,1.5008,65.6204,29.2445,29.2481,0.0,0.0,0,8751.8636,25.7391,19.9351,0.0,14.8647,1.3032,0.9032,10.6027,1,39951.0,2.2,0.0,0.0,4.3182,4.769429969498345,4.769429969498345,4.3896,10.6027,0.0
4390,2008-10-28,SZSE:000768,0.1985,4.6955,4.4586,4.7409,4.4045,11633.5434,4.45,1.3358,38.3356,25.1902,53.4346,1.5244,65.6536,31.3191,31.3225,0.0,0.0,0,8932.0559,26.2691,20.3455,0.0,15.1708,1.33,0.9218,11.8933,1,39951.0,2.2,0.0,0.0,4.3182,4.2254861037163245,4.501709453732296,4.182281695240123,11.8933,0.0
4391,2008-10-29,SZSE:000768,0.1985,4.5,4.273,4.8091,4.4909,11149.2805,4.7636,1.2801,36.7398,24.1416,51.2103,1.4609,65.8291,28.8692,28.8725,0.0,0.0,0,8447.7929,24.8449,19.2425,0.0,14.3483,1.2579,0.8718,10.1439,1,39951.0,2.2,0.0,0.0,4.3182,4.523302844444444,4.566507622222222,4.264359044444444,10.1439,0.0
4392,2008-10-30,SZSE:000768,0.1985,4.5727,4.3421,4.6636,4.5091,11329.4703,4.5636,1.3008,37.3336,24.5318,52.0379,1.4845,66.0015,31.031,31.0341,0.0,0.0,0,8627.9827,25.3748,19.6529,0.0,14.6543,1.2847,0.8904,8.1631,1,39951.0,2.2,0.0,0.0,4.3182,4.333458910490521,4.428415938067225,4.281707330461216,8.1631,0.0
4393,2008-10-31,SZSE:000768,0.0186,4.6227,4.3896,4.6773,4.55,11453.3512,4.5909,1.3151,37.7418,24.8,52.6069,1.5008,65.6173,32.5488,32.5518,0.0,0.0,0,8751.8636,25.7391,19.9351,0.0,14.8647,1.3032,0.9032,7.1661,1,39951.0,2.2,0.0,0.0,4.3182,4.359403517424881,4.441446790836523,4.320565903043676,7.1661,0.0
4394,2008-11-03,SZSE:000768,0.0186,4.5636,4.3335,4.6818,4.5545,11306.9462,4.6227,1.2983,37.2593,24.483,51.9344,1.4816,65.1334,31.662,31.6649,0.0,0.0,0,8605.4587,25.3085,19.6016,0.0,14.6161,1.2814,0.8881,5.5569,1,39951.0,2.2,0.0,0.0,4.3182,4.389620135419405,4.445740270838812,4.324858828556402,5.5569,0.0
4395,2008-11-04,SZSE:000768,0.0186,4.1955,3.9839,4.6045,4.1818,10394.7342,4.5909,1.1935,34.2534,22.5078,47.7445,1.3621,66.694,26.7683,26.7709,0.0,0.0,0,7693.2466,22.6257,17.5238,0.0,13.0667,1.1455,0.794,12.2397,1,39951.0,2.2,0.0,0.0,4.3182,4.3593580050053635,4.372272089143129,3.9708909593612205,12.2397,0.0
4396,2008-11-05,SZSE:000768,0.0186,4.3636,4.1436,4.4409,4.3,10811.4225,4.3,1.2414,35.6265,23.4101,49.6584,1.4167,67.1794,31.9429,31.9452,0.0,0.0,0,8109.935,23.8512,18.4729,0.0,13.7745,1.2076,0.837,11.1426,1,39951.0,2.2,0.0,0.0,4.3182,4.083206526721057,4.21700275918966,4.083206526721057,11.1426,0.0
4397,2008-11-06,SZSE:000768,0.0186,4.5182,4.2903,4.6545,4.2091,11194.3261,4.25,1.2853,36.8882,24.2392,51.4172,1.4668,66.8758,36.3908,36.3929,0.0,0.0,0,8492.8385,24.9773,19.3451,0.0,14.4248,1.2646,0.8765,18.5593,1,39951.0,2.2,0.0,0.0,4.3182,4.035628126244965,4.419724967907574,3.996791140277102,18.5593,0.0
4398,2008-11-07,SZSE:000768,0.0157,4.4773,4.2515,4.5455,4.3,11092.9692,4.3864,1.2737,36.5542,24.0197,50.9516,1.4536,66.8553,35.7252,35.7272,0.0,0.0,0,8391.4816,24.6792,19.1142,0.0,14.2527,1.2495,0.866,11.583,1,39951.0,2.2,0.0,0.0,4.3182,4.1651842851718675,4.316260525316597,4.083141625533246,11.583,0.0
4399,2008-11-10,SZSE:000768,0.0157,4.8409,4.5968,4.8909,4.5455,11993.9254,4.5909,1.3771,39.5231,25.9705,55.0898,1.5716,66.8932,45.302,45.3036,0.0,0.0,0,9292.4378,27.3289,21.1664,0.0,15.7829,1.3837,0.959,17.6924,1,39951.0,2.2,0.0,0.0,4.3182,4.359406126959863,4.644278774608027,4.316295399615774,17.6924,0.0
4400,2008-11-11,SZSE:000768,0.0157,4.6818,4.4457,4.8364,4.6818,11599.7586,4.8182,1.3319,38.2242,25.1171,53.2794,1.52,63.965,42.3304,42.3319,0.0,0.0,0,8898.2711,26.1697,20.2686,0.0,15.1134,1.325,0.9183,15.7143,1,39951.0,2.2,0.0,0.0,4.3182,4.575221440471614,4.592503626810202,4.4457,15.7143,0.0
4401,2008-11-12,SZSE:000768,0.0157,4.7864,4.545,4.8091,4.6364,11858.7812,4.6545,1.3616,39.0778,25.6779,54.4691,1.5539,64.2322,44.8887,44.8902,0.0,0.0,0,9157.2937,26.9315,20.8586,0.0,15.5534,1.3635,0.9451,9.3603,1,39951.0,2.2,0.0,0.0,4.3182,4.4197523190706995,4.566555135383586,4.402565184689955,9.3603,0.0
4402,2008-11-13,SZSE:000768,0.0157,4.9409,4.6917,5.0273,4.6864,12241.6873,4.7227,1.4056,40.3396,26.507,56.2278,1.6041,64.6543,48.5242,48.5255,0.0,0.0,0,9540.1997,28.0576,21.7308,0.0,16.2037,1.4205,0.9846,20.4142,1,39951.0,2.2,0.0,0.0,4.3182,4.484505169098747,4.773742316177215,4.450036001538181,20.4142,0.0
4403,2008-11-14,SZSE:000768,-0.0374,5.2273,4.9636,5.2273,4.9091,12951.183,4.9591,1.487,42.6775,28.0433,59.4867,1.697,65.8861,54.5118,54.5129,0.0,0.0,0,10249.6955,30.1442,23.3469,0.0,17.4088,1.5262,1.0578,24.8467,1,39951.0,2.2,0.0,0.0,4.3182,4.708929803148854,4.9636,4.6614521378149325,24.8467,0.0
4404,2008-11-17,SZSE:000768,-0.0374,5.4682,5.1924,5.4909,5.15,13548.0636,5.2227,1.5556,44.6444,29.3357,62.2282,1.7753,66.6466,58.8485,58.8495,0.0,0.0,0,10846.576,31.8996,24.7064,0.0,18.4225,1.6151,1.1194,26.2361,1,39951.0,2.2,0.0,0.0,4.3182,4.9592823013057306,5.213955078453605,4.890249076478549,26.2361,0.0
4405,2008-11-18,SZSE:000768,-0.0374,4.9227,4.6744,5.4545,4.9227,12196.6367,5.4045,1.4004,40.1911,26.4095,56.0209,1.5982,68.9424,47.7488,47.7496,0.0,0.0,0,9495.1492,27.9251,21.6281,0.0,16.1272,1.4138,0.9799,27.8331,1,39951.0,2.2,0.0,0.0,4.3182,5.131898104698641,5.179376114733786,4.6744,27.8331,0.0
4406,2008-11-19,SZSE:000768,-0.0374,5.3136,5.0456,5.3545,4.9182,13165.1601,4.9182,1.5116,43.3826,28.5066,60.4695,1.7251,70.7481,54.3885,54.3893,0.0,0.0,0,10463.6725,30.7735,23.8343,0.0,17.7722,1.558,1.0799,17.5594,1,39951.0,2.2,0.0,0.0,4.3182,4.670142637759711,5.08443714242698,4.670142637759711,17.5594,0.0
4407,2008-11-20,SZSE:000768,-0.0374,5.5182,5.2399,5.8045,5.1364,13671.9445,5.1818,1.5698,45.0526,29.604,62.7972,1.7915,68.6119,57.4364,57.437,0.0,0.0,0,10970.457,32.2640,24.9886,0.0,18.633,1.6335,1.1322,31.818,1,39951.0,2.2,0.0,0.0,4.3182,4.920465698959806,5.511760999963756,4.877355362255807,31.818,0.0
4408,2008-11-21,SZSE:000768,-0.0637,0.0,5.2399,0.0,0.0,13671.9445,0.0,1.5698,45.0526,29.604,62.7972,1.7915,68.6119,57.4364,57.437,0.0,0.0,0,10970.457,32.2640,24.9886,0.0,18.633,1.6335,1.1322,0.0,1,39951.0,2.2,0.0,0.0,4.3182,0.0,0.0,0.0,0.0,0.0
4409,2008-11-24,SZSE:000768,-0.0637,0.0,5.2399,0.0,0.0,13671.9445,0.0,1.5698,45.0526,29.604,62.7972,1.7915,68.6119,57.4364,57.437,0.0,0.0,0,10970.457,32.2640,24.9886,0.0,18.633,1.6335,1.1322,0.0,1,39951.0,2.2,0.0,0.0,4.3182,0.0,0.0,0.0,0.0,0.0
4410,2008-11-25,SZSE:000768,-0.0637,0.0,5.2399,0.0,0.0,13671.9445,0.0,1.5698,45.0526,29.604,62.7972,1.7915,68.6119,57.4364,57.437,0.0,0.0,0,10970.457,32.2640,24.9886,0.0,18.633,1.6335,1.1322,0.0,1,39951.0,2.2,0.0,0.0,4.3182,0.0,0.0,0.0,0.0,0.0
4411,2008-11-26,SZSE:000768,-0.0637,0.0,5.2399,0.0,0.0,13671.9445,0.0,1.5698,45.0526,29.604,62.7972,1.7915,68.6119,57.4364,57.437,0.0,0.0,0,10970.457,32.2640,24.9886,0.0,18.633,1.6335,1.1322,0.0,1,39951.0,2.2,0.0,0.0,4.3182,0.0,0.0,0.0,0.0,0.0
4412,2008-11-27,SZSE:000768,-0.0637,5.5,5.2226,5.9636,5.4091,13626.8989,5.7909,1.5646,44.9042,29.5064,62.5903,1.7856,69.5733,57.0713,57.072,0.0,0.0,0,10925.4114,32.1315,24.886,0.0,18.5564,1.6268,1.1275,37.3332,1,39951.0,2.2,0.0,0.0,4.3182,5.498828061818182,5.662817701818181,5.136284665454545,37.3332,0.0
4413,2008-11-28,SZSE:000768,-0.1371,5.1,4.8428,5.4,5.0409,12635.8516,5.3727,1.4508,41.6384,27.3605,58.0383,1.6557,71.3331,49.6019,49.6025,0.0,0.0,0,9934.364,29.2168,22.6286,0.0,16.8732,1.4792,1.0253,18.8235,1,39951.0,2.2,0.0,0.0,4.3182,5.101747364705883,5.127670588235295,4.786680494117648,18.8235,0.0
4414,2008-12-01,SZSE:000768,-0.1371,5.2182,4.955,5.2818,5.0227,12928.659,5.0455,1.4845,42.6033,27.9945,59.3832,1.6941,71.3584,51.6167,51.6173,0.0,0.0,0,10227.1714,30.0780,23.2955,0.0,17.3705,1.5228,1.0555,12.1146,1,39951.0,2.2,0.0,0.0,4.3182,4.791010789161013,5.015392089226169,4.769360794910122,12.1146,0.0
4415,2008-12-02,SZSE:000768,-0.1371,5.2636,4.9982,5.3045,5.0273,13041.2791,5.0909,1.4974,42.9744,26.2395,59.9005,1.7088,71.3821,52.4049,52.4054,0.0,0.0,0,10339.7916,30.4092,23.5521,0.0,16.3846,1.5396,1.0232,18.5098,1,39951.0,2.2,0.0,0.0,4.3182,4.834207838741546,5.037037749829014,4.77381466296831,18.5098,0.0
4416,2008-12-03,SZSE:000768,-0.1371,5.5591,5.2787,5.5909,5.3091,13773.3014,5.3091,1.5814,45.3866,27.7123,63.2628,1.8048,72.2976,57.2764,57.2769,0.0,0.0,0,11071.8139,32.5621,25.2195,0.0,17.5446,1.6486,1.0956,22.5187,1,39951.0,2.2,0.0,0.0,4.3182,5.041309954848806,5.308896013743232,5.041309954848806,22.5187,0.0
4417,2008-12-04,SZSE:000768,-0.1371,5.7227,5.4341,5.9318,5.5727,14178.7315,5.6727,1.628,46.7226,28.5281,65.125,1.8579,72.5996,59.7346,59.7351,0.0,0.0,0,11477.2439,33.7544,26.143,0.0,18.1871,1.709,1.1358,35.3202,1,39951.0,2.2,0.0,0.0,4.3182,5.386621537036714,5.632654932112465,5.29166461111014,35.3202,0.0
4418,2008-12-05,SZSE:000768,-0.1677,5.75,5.46,5.7864,5.6136,14246.3036,5.6318,1.6357,46.9453,28.664,65.4353,1.8667,71.7869,60.1462,60.1467,0.0,0.0,0,11544.816,33.9532,26.2969,0.0,18.2941,1.719,1.1425,18.278,1,39951.0,2.2,0.0,0.0,4.3182,5.347761391304348,5.4945641739130435,5.330479304347826,18.278,0.0
4419,2008-12-08,SZSE:000768,-0.1677,5.9591,5.6585,6.0136,5.7545,14764.3488,5.8364,1.6952,48.6524,29.7063,67.8148,1.9346,70.8872,63.2479,63.2482,0.0,0.0,0,12062.8612,35.4767,27.4769,0.0,19.115,1.7962,1.1937,23.4939,1,39951.0,2.2,0.0,0.0,4.3182,5.541989461495864,5.710250809686026,5.464220813545669,23.4939,0.0
4420,2008-12-09,SZSE:000768,-0.1677,5.6773,5.3909,5.9818,5.6682,14066.1113,5.9727,1.6151,46.3515,28.3015,64.6077,1.8431,71.7031,56.8283,56.8287,0.0,0.0,0,11364.6238,33.4232,25.8864,0.0,18.0086,1.6922,1.1246,20.1525,1,39951.0,2.2,0.0,0.0,4.3182,5.671398099448681,5.680039036161556,5.382259063287126,20.1525,0.0
4421,2008-12-10,SZSE:000768,-0.1677,5.8136,5.5204,5.8545,5.6591,14403.9693,5.6727,1.6538,47.4648,28.9812,66.1595,1.8874,71.8722,58.9969,58.9973,0.0,0.0,0,11702.4817,34.4168,26.656,0.0,18.544,1.7425,1.1581,15.7329,1,39951.0,2.2,0.0,0.0,4.3182,5.386606075409385,5.559237271226091,5.37369197055181,15.7329,0.0
4422,2008-12-11,SZSE:000768,-0.1677,5.65,5.365,6.0091,5.6409,13998.5417,5.8227,1.6073,46.1288,28.3635,64.2973,1.8343,71.8817,55.4005,55.4009,0.0,0.0,0,11297.0542,33.2245,25.7325,0.0,17.9015,1.6821,1.1179,17.5278,1,39951.0,2.2,0.0,0.0,4.3182,5.528988584070797,5.705986106194691,5.356359026548673,17.5278,0.0
4423,2008-12-12,SZSE:000768,-0.1818,5.4045,5.132,5.6273,5.3545,13390.3979,5.6136,1.5375,44.1249,27.1312,61.504,1.7546,72.5332,50.4341,50.4344,0.0,0.0,0,10688.9103,31.4359,24.3473,0.0,16.9378,1.5916,1.0578,16.6957,1,39951.0,2.2,0.0,0.0,4.3182,5.330556980294199,5.3435662133407344,5.084521047275419,16.6957,0.0
4424,2008-12-15,SZSE:000768,-0.1818,5.4455,5.1708,5.6045,5.3682,13491.7573,5.5,1.5491,44.4589,27.3366,61.9696,1.7679,71.8628,51.219,51.2193,0.0,0.0,0,10790.2697,31.7340,24.5782,0.0,17.0985,1.6067,1.0678,11.4715,1,39951.0,2.2,0.0,0.0,4.3182,5.222550729960518,5.321779193829767,5.0973994233771,11.4715,0.0
4425,2008-12-16,SZSE:000768,-0.1818,5.5,5.2226,5.5045,5.2318,13626.8989,5.3682,1.5646,44.9042,27.6104,62.5903,1.7856,71.858,52.3035,52.3038,0.0,0.0,0,10925.4114,32.1315,24.886,0.0,17.3126,1.6268,1.0812,10.4696,1,39951.0,2.2,0.0,0.0,4.3182,5.097447512727272,5.226873036363636,4.967927032727272,10.4696,0.0
4426,2008-12-17,SZSE:000768,-0.1818,5.6455,5.3607,5.7409,5.4682,13987.2809,5.5273,1.606,46.0917,28.3406,64.2456,1.8328,72.0541,55.1661,55.1664,0.0,0.0,0,11285.7934,33.1914,25.7069,0.0,17.8837,1.6805,1.1168,20.3519,1,39951.0,2.2,0.0,0.0,4.3182,5.248462865999468,5.451287331502966,5.192344298999203,20.3519,0.0
4427,2008-12-18,SZSE:000768,-0.1818,5.9727,5.6715,6.0,5.5682,14798.1361,5.6364,1.6991,48.7637,29.9836,67.97,1.9391,72.8494,60.8581,60.8584,0.0,0.0,0,12096.6485,35.5761,27.5539,0.0,19.1686,1.8012,1.1971,30.9609,1,39951.0,2.2,0.0,0.0,4.3182,5.352159425385504,5.697423275905369,5.28739871414938,30.9609,0.0
4428,2008-12-19,SZSE:000768,-0.1459,5.8636,5.5679,5.9955,5.85,14527.8502,5.9455,1.6681,47.8731,29.4359,66.7285,1.9036,70.0018,58.2054,58.2056,0.0,0.0,0,11826.3626,34.7812,26.9382,0.0,18.7403,1.761,1.1703,24.1023,1,39951.0,2.2,0.0,0.0,4.3182,5.645669801828228,5.693148313322872,5.554985844873456,24.1023,0.0
4429,2008-12-22,SZSE:000768,-0.1459,5.9409,5.6413,6.0545,5.8773,14719.3057,5.8773,1.6901,48.504,29.8238,67.6079,1.9287,66.8553,59.5504,59.5506,0.0,0.0,0,12017.8181,35.3442,27.3743,0.0,19.0437,1.7895,1.1893,24.7384,1,39951.0,2.2,0.0,0.0,4.3182,5.580907352421351,5.749171144102745,5.580907352421351,24.7384,0.0
4430,2008-12-23,SZSE:000768,-0.1459,5.8045,5.5118,6.1091,5.6864,14381.4453,5.9545,1.6513,47.3906,29.1393,66.0561,1.8845,65.8829,56.1183,56.1186,0.0,0.0,0,11679.9577,34.3506,26.6047,0.0,18.5083,1.7392,1.1558,32.8396,1,39951.0,2.2,0.0,0.0,4.3182,5.654236041002671,5.801040120596088,5.399655357050564,32.8396,0.0
4431,2008-12-24,SZSE:000768,-0.1459,5.9545,5.6542,6.0364,5.7955,14753.088,5.8682,1.6939,48.6153,29.8923,67.7631,1.9331,66.1296,58.9228,58.923,0.0,0.0,0,12051.6005,35.4436,27.4512,0.0,19.0972,1.7945,1.1926,33.4296,1,39951.0,2.2,0.0,0.0,4.3182,5.572252320094046,5.731969582668571,5.5032187589218236,33.4296,0.0
4432,2008-12-25,SZSE:000768,-0.1459,5.6091,5.3262,6.0773,5.55,13897.1823,6.0364,1.5957,45.7948,28.1581,63.8318,1.821,66.713,50.861,50.8612,0.0,0.0,0,11195.6948,32.9264,25.5017,0.0,17.7409,1.667,1.1079,28.0915,1,39951.0,2.2,0.0,0.0,4.3182,5.731948740439644,5.770785912178424,5.2700807616195116,28.0915,0.0
4433,2008-12-26,SZSE:000768,-0.1658,5.7045,5.4168,5.7636,5.4682,14133.6834,5.6091,1.6228,46.5742,28.6373,64.9181,1.852,66.6561,52.7833,52.7835,0.0,0.0,0,11432.1959,33.6219,26.0404,0.0,18.1157,1.7023,1.1313,18.4962,1,39951.0,2.2,0.0,0.0,4.3182,5.326211391007099,5.472919358401262,5.192417523008152,18.4962,0.0
4434,2008-12-29,SZSE:000768,-0.1658,5.95,5.6499,5.9727,5.5727,14741.8272,5.6818,1.6926,48.5782,29.8695,67.7113,1.9317,66.6735,57.3986,57.3987,0.0,0.0,0,12040.3397,35.4105,27.4256,0.0,19.0793,1.7928,1.1915,23.3937,1,39951.0,2.2,0.0,0.0,4.3182,5.395227196638655,5.671455080672268,5.291629870588235,23.3937,0.0
4435,2008-12-30,SZSE:000768,-0.1658,5.8636,5.5679,6.0273,5.8591,14527.8502,5.9318,1.6681,47.8731,29.4359,66.7285,1.9036,66.1438,55.3486,55.3487,0.0,0.0,0,11826.3626,34.7812,26.9382,0.0,18.7403,1.761,1.1703,20.8979,1,39951.0,2.2,0.0,0.0,4.3182,5.632660689678696,5.7233446466334685,5.563626933965482,20.8979,0.0
4436,2008-12-31,SZSE:000768,-0.1658,5.6773,5.3909,5.9,5.6045,14066.1113,5.8682,1.6151,46.3515,28.5004,64.6077,1.8431,65.8924,51.1069,51.107,0.0,0.0,0,11364.6238,33.4232,25.8864,0.0,18.0086,1.6922,1.1246,15.2085,1,39951.0,2.2,0.0,0.0,4.3182,5.572169760273369,5.602365561094183,5.321772506297008,15.2085,0.0
4437,2009-01-01,SZSE:000768,-0.1658,0.0,5.3909,0.0,0.0,14066.1113,0.0,1.6151,46.3515,28.5004,64.6077,1.8431,65.8924,51.1069,51.107,0.0,0.0,0,11364.6238,33.4232,25.8864,0.0,18.0086,1.6922,1.1246,0.0,1,39951.0,2.2,0.0,0.0,4.3182,0.0,0.0,0.0,0.0,0.0
4438,2009-01-02,SZSE:000768,-0.155,0.0,5.3909,0.0,0.0,14066.1113,0.0,1.6151,46.3515,28.5004,64.6077,1.8431,65.8924,51.1069,51.107,0.0,0.0,0,11364.6238,33.4232,25.8864,0.0,18.0086,1.6922,1.1246,0.0,1,39951.0,2.2,0.0,0.0,4.3182,0.0,0.0,0.0,0.0,0.0
4439,2009-01-05,SZSE:000768,-0.155,5.9682,5.6672,6.0,5.7182,14786.8728,5.7727,1.6978,48.7266,29.9607,67.9183,1.9376,66.1612,56.6869,56.687,0.0,0.0,0,12085.3853,35.5430,27.5282,0.0,19.1507,1.7995,1.1959,21.0945,1,39951.0,2.2,0.0,0.0,4.3182,5.481559840487919,5.697396199859254,5.4298084916725315,21.0945,0.0
4440,2009-01-06,SZSE:000768,-0.155,6.3636,6.0427,6.4818,5.9,15766.6594,5.9773,1.8103,51.9553,31.946,72.4186,2.066,66.245,62.8874,62.8875,0.0,0.0,0,13065.1719,38.4245,29.76,0.0,20.7033,1.9454,1.2929,53.9985,1,39951.0,2.2,0.0,0.0,4.3182,5.675880116600666,6.154939477654157,5.60247815701804,53.9985,0.0
4441,2009-01-07,SZSE:000768,-0.155,6.4773,6.1506,6.7182,6.2727,16048.2061,6.3318,1.8426,52.883,32.5164,73.7117,2.1029,66.0647,64.4618,64.4619,0.0,0.0,0,13346.7185,39.2525,30.4013,0.0,21.1495,1.9873,1.3208,49.3185,1,39951.0,2.2,0.0,0.0,4.3182,6.012438682784494,6.379349562317634,5.956319549812422,49.3185,0.0
4442,2009-01-08,SZSE:000768,-0.155,6.6545,6.3189,6.7955,6.2318,16487.4209,6.3182,1.8931,54.3304,33.4064,75.7291,2.1604,66.2497,66.8261,66.8262,0.0,0.0,0,13785.9334,40.5443,31.4017,0.0,21.8454,2.0527,1.3642,49.6997,1,39951.0,2.2,0.0,0.0,4.3182,5.999560294537531,6.452789082575701,5.917517622661357,49.6997,0.0
4443,2009-01-09,SZSE:000768,-0.1591,6.6818,6.3448,6.7909,6.5091,16554.9955,6.6727,1.9008,54.553,33.5433,76.0395,2.1693,66.2497,67.1878,67.1878,0.0,0.0,0,13853.5079,40.7430,31.5556,0.0,21.9525,2.0628,1.3709,28.7645,1,39951.0,2.2,0.0,0.0,4.3182,6.3361589631536415,6.448397485707443,6.180810212816906,28.7645,0.0
4444,2009-01-12,SZSE:000768,-0.1591,6.6955,6.3578,6.9227,6.6136,16588.7803,6.7273,1.9047,54.6644,33.6117,76.1947,2.1737,65.6853,67.3793,67.3793,0.0,0.0,0,13887.2927,40.8423,31.6326,0.0,22.0061,2.0678,1.3743,29.1921,1,39951.0,2.2,0.0,0.0,4.3182,6.387996107833619,6.573540745276678,6.280030778881338,29.1921,0.0
4445,2009-01-13,SZSE:000768,-0.1591,6.35,6.0297,6.6364,6.3409,15732.8746,6.5909,1.8064,51.8439,31.5763,72.2634,2.0615,66.6592,58.1246,58.1246,0.0,0.0,0,13031.3871,38.3251,29.683,0.0,16.9339,1.9404,1.3149,24.3329,1,39951.0,2.2,0.0,0.0,4.3182,6.258448776377953,6.301653713385827,6.021059012598426,24.3329,0.0
4446,2009-01-14,SZSE:000768,-0.1591,6.6364,6.3016,6.6727,6.3227,16442.3753,6.3227,1.8879,54.1819,33.0003,75.5222,2.1545,67.2063,62.6984,62.6984,0.0,0.0,0,13740.8878,40.4118,31.2991,0.0,17.8559,2.046,1.3865,19.5825,1,39951.0,2.2,0.0,0.0,4.3182,6.003725863419926,6.336068699897534,6.003725863419926,19.5825,0.0
4447,2009-01-15,SZSE:000768,-0.1591,6.6364,6.3016,6.7727,6.5273,16442.3753,6.5455,1.8879,54.1819,33.0003,75.5222,2.1545,67.2016,62.6984,62.6984,0.0,0.0,0,13740.8878,40.4118,31.2991,0.0,17.8559,2.046,1.3865,22.5889,1,39951.0,2.2,0.0,0.0,4.3182,6.215285817611958,6.431023796033994,6.198003990115123,22.5889,0.0
4448,2009-01-16,SZSE:000768,-0.1701,6.7864,6.4441,6.9545,6.6591,16814.0181,6.6591,1.9306,55.4066,33.7462,77.2292,2.2032,67.0846,65.0194,65.0195,0.0,0.0,0,14112.5306,41.5048,32.1457,0.0,18.3388,2.1014,1.424,32.3651,1,39951.0,2.2,0.0,0.0,4.3182,6.323220899151242,6.603721185017092,6.323220899151242,32.3651,0.0
4449,2009-01-19,SZSE:000768,-0.1701,6.6818,6.3448,6.9227,6.6091,16554.9955,6.8636,1.9008,54.553,33.2264,76.0395,2.1693,67.0735,62.1182,62.1183,0.0,0.0,0,13853.5079,40.7430,31.5556,0.0,18.0022,2.0628,1.3978,19.3368,1,39951.0,2.2,0.0,0.0,4.3182,6.517430824029454,6.573550085306355,6.275766661677991,19.3368,0.0
4450,2009-01-20,SZSE:000768,-0.1701,6.8545,6.5088,6.8636,6.6364,16982.9446,6.6818,1.95,55.9632,34.0853,78.0051,2.2253,66.8363,64.9045,64.9045,0.0,0.0,0,14281.4571,42.0016,32.5304,0.0,18.5583,2.1265,1.441,15.6448,1,39951.0,2.2,0.0,0.0,4.3182,6.344809955503684,6.517441050404845,6.301699660077322,15.6448,0.0
4451,2009-01-21,SZSE:000768,-0.1701,7.0636,6.7074,7.2227,6.7636,17500.9923,6.8091,2.0094,57.6703,35.125,80.3846,2.2932,66.6703,67.9752,67.9753,0.0,0.0,0,14799.5048,43.5252,33.7104,0.0,19.2315,2.2037,1.4933,31.9651,1,39951.0,2.2,0.0,0.0,4.3182,6.465733809955263,6.858476977745058,6.422528263208562,31.9651,0.0
4452,2009-01-22,SZSE:000768,-0.1701,7.25,6.8843,7.3545,6.9773,17962.7312,7.1091,2.0625,59.1919,36.0517,82.5054,2.3537,65.1714,70.4564,70.4564,0.0,0.0,0,15261.2437,44.8831,34.7622,0.0,19.8315,2.2724,1.5399,25.9481,1,39951.0,2.2,0.0,0.0,4.3182,6.750507190344827,6.983528875862069,6.62535536413793,25.9481,0.0
4453,2009-01-23,SZSE:000768,-0.1794,7.1045,6.7462,7.2727,7.05,17602.3492,7.2727,2.0211,58.0043,35.3284,80.8501,2.3065,65.3769,66.1487,66.1487,0.0,0.0,0,14900.8617,43.8232,33.9413,0.0,19.3632,2.2187,1.5035,16.2392,1,39951.0,2.2,0.0,0.0,4.3182,6.905917198958408,6.905917198958408,6.694448588922514,16.2392,0.0
4454,2009-01-26,SZSE:000768,-0.1794,0.0,6.7462,0.0,0.0,17602.3492,0.0,2.0211,58.0043,35.3284,80.8501,2.3065,65.3769,66.1487,66.1487,0.0,0.0,0,14900.8617,43.8232,33.9413,0.0,19.3632,2.2187,1.5035,0.0,1,39951.0,2.2,0.0,0.0,4.3182,0.0,0.0,0.0,0.0,0.0
4455,2009-01-27,SZSE:000768,-0.1794,0.0,6.7462,0.0,0.0,17602.3492,0.0,2.0211,58.0043,35.3284,80.8501,2.3065,65.3769,66.1487,66.1487,0.0,0.0,0,14900.8617,43.8232,33.9413,0.0,19.3632,2.2187,1.5035,0.0,1,39951.0,2.2,0.0,0.0,4.3182,0.0,0.0,0.0,0.0,0.0
4456,2009-01-28,SZSE:000768,-0.1794,0.0,6.7462,0.0,0.0,17602.3492,0.0,2.0211,58.0043,35.3284,80.8501,2.3065,65.3769,66.1487,66.1487,0.0,0.0,0,14900.8617,43.8232,33.9413,0.0,19.3632,2.2187,1.5035,0.0,1,39951.0,2.2,0.0,0.0,4.3182,0.0,0.0,0.0,0.0,0.0
4457,2009-01-29,SZSE:000768,-0.1794,0.0,6.7462,0.0,0.0,17602.3492,0.0,2.0211,58.0043,35.3284,80.8501,2.3065,65.3769,66.1487,66.1487,0.0,0.0,0,14900.8617,43.8232,33.9413,0.0,19.3632,2.2187,1.5035,0.0,1,39951.0,2.2,0.0,0.0,4.3182,0.0,0.0,0.0,0.0,0.0
4458,2009-01-30,SZSE:000768,-0.1605,0.0,6.7462,0.0,0.0,17602.3492,0.0,2.0211,58.0043,35.3284,80.8501,2.3065,65.3769,66.1487,66.1487,0.0,0.0,0,14900.8617,43.8232,33.9413,0.0,19.3632,2.2187,1.5035,0.0,1,39951.0,2.2,0.0,0.0,4.3182,0.0,0.0,0.0,0.0,0.0
4459,2009-02-02,SZSE:000768,-0.1605,7.6091,7.2253,7.7227,7.2045,18852.4192,7.2636,2.1646,62.1236,37.8373,86.5919,2.4703,63.8448,72.4426,72.4426,0.0,0.0,0,16150.9317,47.4997,36.7887,0.0,20.9876,2.4049,1.6297,25.5106,1,39951.0,2.2,0.0,0.0,4.3182,6.897226883599901,7.333170060848195,6.841107864267785,25.5106,0.0
4460,2009-02-03,SZSE:000768,-0.1605,7.6182,7.2339,7.8545,7.5,18874.9433,7.8409,2.1672,62.1979,37.8826,86.6953,2.4732,63.6914,72.5417,72.5417,0.0,0.0,0,16173.4557,47.5659,36.84,0.0,21.0169,2.4082,1.6319,28.2668,1,39951.0,2.2,0.0,0.0,4.3182,7.445365901394031,7.458279849570765,7.121662597463968,28.2668,0.0
4461,2009-02-04,SZSE:000768,-0.1605,7.6409,7.2555,7.6818,7.4591,18931.257,7.65,2.1737,62.3834,37.9956,86.954,2.4806,60.3979,72.8049,72.8049,0.0,0.0,0,16229.7695,47.7315,36.9683,0.0,21.0901,2.4166,1.6376,25.7069,1,39951.0,2.2,0.0,0.0,4.3182,7.26414100433195,7.294337041447997,7.082869825544111,25.7069,0.0
4462,2009-02-05,SZSE:000768,-0.1605,7.4227,7.0483,7.6727,7.3909,18390.6828,7.6455,2.1116,60.6021,36.9106,84.4711,2.4098,60.6651,66.2405,66.2405,0.0,0.0,0,15689.1953,46.1417,35.737,0.0,20.3876,2.3361,1.5831,28.7804,1,39951.0,2.2,0.0,0.0,4.3182,7.2598619976558405,7.285690033276301,7.0181039877672555,28.7804,0.0
4463,2009-02-06,SZSE:000768,-0.1295,7.6045,7.221,7.6636,7.4136,18841.1584,7.4136,2.1633,62.0865,37.8147,86.5402,2.4688,60.5039,68.7677,68.7677,0.0,0.0,0,16139.6709,47.4666,36.7631,0.0,20.973,2.4032,1.6285,26.1954,1,39951.0,2.2,0.0,0.0,4.3182,7.039727214149517,7.277119547636267,7.039727214149517,26.1954,0.0
4464,2009-02-09,SZSE:000768,-0.1295,7.8045,7.4109,7.9818,7.5909,19336.6821,7.6864,2.2202,63.7194,38.8093,88.8162,2.5338,60.4675,71.3117,71.3118,0.0,0.0,0,16635.1946,48.9239,37.8918,0.0,21.6169,2.477,1.6785,32.8741,1,39951.0,2.2,0.0,0.0,4.3182,7.2987560714972135,7.579258327887756,7.208072369786662,32.8741,0.0
4465,2009-02-10,SZSE:000768,-0.1295,7.7364,7.3462,7.8,7.55,19167.7556,7.7682,2.2008,63.1628,38.4702,88.0403,2.5116,58.7567,69.2411,69.2411,0.0,0.0,0,16466.2681,48.4271,37.507,0.0,21.3974,2.4518,1.6615,26.7753,1,39951.0,2.2,0.0,0.0,4.3182,7.376396106716303,7.406592213432605,7.169201437361046,26.7753,0.0
4466,2009-02-11,SZSE:000768,-0.1295,7.8636,7.467,8.2273,7.5909,19483.0871,7.6318,2.237,64.2019,39.1031,89.4886,2.5529,58.0657,70.9375,70.9375,0.0,0.0,0,16781.5995,49.3545,38.2253,0.0,21.8072,2.4988,1.6933,51.6337,1,39951.0,2.2,0.0,0.0,4.3182,7.246890813367923,7.8123568213032195,7.208053601403937,51.6337,0.0
4467,2009-02-12,SZSE:000768,-0.1295,8.65,8.2137,8.65,7.7273,21431.397,7.9545,2.4607,70.622,43.0134,98.4375,2.8082,60.8375,78.7395,78.7396,0.0,0.0,0,18729.9095,55.0844,42.6632,0.0,24.3389,2.7889,1.8899,81.223,1,39951.0,2.2,0.0,0.0,4.3182,7.553280537572253,8.2137,7.337540347976877,81.223,0.0
4468,2009-02-13,SZSE:000768,-0.1172,9.3636,8.8914,9.5136,8.6636,23199.5147,8.7091,2.6637,76.4485,46.5621,106.5587,3.0399,62.4202,83.1583,83.1583,0.0,0.0,0,20498.0272,60.2844,46.6906,0.0,26.6366,3.0522,2.0683,77.7557,1,39951.0,2.2,0.0,0.0,4.3182,8.269905991285404,9.03383560169166,8.226700525438934,77.7557,0.0
4469,2009-02-16,SZSE:000768,-0.1172,9.2364,8.7705,9.4455,9.0364,22884.1833,9.3636,2.6275,75.4094,45.9292,105.1104,2.9986,61.881,79.9662,79.9662,0.0,0.0,0,20182.6957,59.3570,45.9723,0.0,26.2268,3.0052,2.0365,51.3102,1,39951.0,2.2,0.0,0.0,4.3182,8.891283811874755,8.969052634143173,8.580588346108874,51.3102,0.0
4470,2009-02-17,SZSE:000768,-0.1172,8.7318,8.2914,9.2273,8.6409,21634.1133,9.2091,2.484,71.29,43.4203,99.3686,2.8348,63.0052,68.7067,68.7067,0.0,0.0,0,18932.6257,55.6806,43.1249,0.0,24.6024,2.8191,1.9103,46.5244,1,39951.0,2.2,0.0,0.0,4.3182,8.744626736755308,8.761908795437366,8.205084662956091,46.5244,0.0
4471,2009-02-18,SZSE:000768,-0.1172,8.7409,8.3,9.1545,8.5045,21656.6373,8.5455,2.4866,71.3643,43.4655,99.4721,2.8377,58.012,68.792,68.792,0.0,0.0,0,18955.1498,55.7468,43.1762,0.0,24.6316,2.8224,1.9126,43.2561,1,39951.0,2.2,0.0,0.0,4.3182,8.114456177281518,8.692737589950692,8.07552425951561,43.2561,0.0
4472,2009-02-19,SZSE:000768,-0.1172,9.6136,9.1288,9.6136,8.8136,23818.9194,8.9091,2.7349,78.4896,47.8053,109.4037,3.1211,59.1267,75.6509,75.6509,0.0,0.0,0,21117.4318,62.1061,48.1015,0.0,27.4415,3.1444,2.1308,66.5481,1,39951.0,2.2,0.0,0.0,4.3182,8.459826920196388,9.1288,8.36914284763252,66.5481,0.0
4473,2009-02-20,SZSE:000768,-0.1302,9.5455,9.064,10.0818,9.4545,23649.9929,9.6182,2.7155,77.9329,47.4662,108.6278,3.0989,58.9528,74.2775,74.2775,0.0,0.0,0,20948.5053,61.6093,47.7167,0.0,27.2219,3.1192,2.1137,57.3683,1,39951.0,2.2,0.0,0.0,4.3182,9.133032821748467,9.57324762453512,8.977590278141532,57.3683,0.0
4474,2009-02-23,SZSE:000768,-0.1302,10.1136,9.6035,10.3955,9.4591,25057.7286,9.6136,2.8771,82.5717,50.2916,115.0938,3.2834,59.2816,77.8813,77.8814,0.0,0.0,0,22356.241,65.7494,50.9232,0.0,29.0513,3.3289,2.2558,47.5265,1,39951.0,2.2,0.0,0.0,4.3182,9.128718517639614,9.871181799754787,8.982011039590255,47.5265,0.0
4475,2009-02-24,SZSE:000768,-0.1302,10.2273,9.7114,10.5,9.7182,25339.2752,9.9545,2.9094,83.4995,0.0,116.387,3.3203,58.7504,78.5293,78.5293,0.0,0.0,0,22637.7877,66.5774,51.5646,0.0,21.6319,3.3708,0.0,52.1205,1,39951.0,2.2,0.0,0.0,0.0,9.452360965259647,9.970344079082455,9.227980745651344,52.1205,0.0
4476,2009-02-25,SZSE:000768,-0.1302,9.7864,9.2928,10.4864,9.5455,24246.8734,10.3864,2.784,79.8998,52.502,111.3694,3.1771,59.3386,69.9656,69.9656,0.0,0.0,0,21545.3859,63.3647,49.0763,0.0,27.2468,3.2081,2.2026,50.7015,1,39951.0,2.2,0.0,0.0,12.5,9.862537595029837,9.957493860868142,9.064050355595521,50.7015,0.0
4477,2009-02-26,SZSE:000768,-0.1302,0.0,9.2928,0.0,0.0,24246.8734,0.0,2.784,79.8998,52.502,111.3694,3.1771,59.3386,69.9656,69.9656,0.0,0.0,0,21545.3859,63.3647,49.0763,0.0,27.2468,3.2081,2.2026,0.0,1,39951.0,2.2,0.0,0.0,12.5,0.0,0.0,0.0,0.0,0.0
4478,2009-02-27,SZSE:000768,-0.1296,8.8091,8.3648,9.0909,8.8091,21825.5614,8.8091,2.506,71.9209,47.4628,100.248,2.8599,63.9254,55.5148,55.5148,0.0,0.0,0,19124.0738,56.2437,43.561,0.0,24.1847,2.8476,1.948,34.3108,1,39951.0,2.2,0.0,0.0,12.5,8.3648,8.632386999807018,8.3648,34.3108,0.0
4479,2009-03-02,SZSE:000768,-0.1296,9.1727,8.7101,9.1773,7.9591,22726.5151,7.9591,2.5799,56.2516,47.1533,84.5763,2.3386,62.8202,58.9152,58.9152,0.0,0.0,0,19235.2299,46.7188,33.2947,0.0,23.0638,2.0553,1.9015,98.128,1,39951.0,2.2,0.0,0.0,12.5,7.557704591886795,8.714468011599639,7.557704591886795,98.128,0.0
4480,2009-03-03,SZSE:000768,-0.1296,10.0909,9.582,10.0909,9.3182,25001.4222,9.4545,2.8382,61.8824,53.6893,93.0424,2.5727,64.7034,65.9852,65.9852,0.0,0.0,0,21510.137,52.2442,37.2324,0.0,29.7691,2.2984,2.1468,150.4683,1,39951.0,2.2,0.0,0.0,12.5,8.977694655580772,9.582,8.848268479521153,150.4683,0.0
4481,2009-03-04,SZSE:000768,-0.1296,10.75,10.2078,11.0909,10.2864,26634.3958,10.4545,3.0236,65.9242,57.1961,99.1194,2.7407,65.5445,69.9789,69.9789,0.0,0.0,0,23143.1106,56.2104,40.059,0.0,32.029,2.4729,2.3098,171.5385,1,39951.0,2.2,0.0,0.0,12.5,9.927204195348837,10.531505955348837,9.767582690232558,171.5385,0.0
4482,2009-03-05,SZSE:000768,-0.1296,10.9318,10.3805,11.0545,10.4545,27084.8739,10.6136,3.0747,67.0392,58.1634,100.7959,2.787,65.5398,70.9907,70.9907,0.0,0.0,0,23593.5887,57.3045,40.8387,0.0,32.6525,2.521,2.3548,132.8954,1,39951.0,2.2,0.0,0.0,12.5,10.078347097458789,10.497012134323715,9.927270646188184,132.8954,0.0
4483,2009-03-06,SZSE:000768,-0.1278,10.4318,9.9057,10.9182,10.3591,25846.0646,10.7318,2.9341,63.973,55.5032,96.1857,2.6596,66.0884,64.5477,64.5477,0.0,0.0,0,22354.7794,54.2957,38.6944,0.0,30.938,2.3887,2.2311,79.883,1,39951.0,2.2,0.0,0.0,12.5,10.190570300427536,10.367569713759849,9.836666430529725,79.883,0.0
4484,2009-03-09,SZSE:000768,-0.1278,9.5364,9.0554,10.6273,9.3955,23627.4688,10.5682,2.6822,58.4816,50.7388,87.9292,2.4313,68.653,54.9323,54.9323,0.0,0.0,0,20136.1836,48.9071,34.8542,0.0,27.8676,2.1516,2.0097,101.9947,1,39951.0,2.2,0.0,0.0,12.5,10.035157740866573,10.091276836122645,8.92160675936412,101.9947,0.0
4485,2009-03-10,SZSE:000768,-0.1278,9.6227,9.1374,9.7318,9.1955,23841.4434,9.4318,2.7065,59.0112,51.1983,88.7255,2.4533,68.5819,55.6189,55.619,0.0,0.0,0,20350.1582,49.4268,35.2246,0.0,28.1637,2.1745,2.031,56.963,1,39951.0,2.2,0.0,0.0,12.5,8.956127627381088,9.240997778170367,8.731744905276065,56.963,0.0
4486,2009-03-11,SZSE:000768,-0.1278,9.2091,8.7446,9.8091,9.1909,22816.6087,9.7727,2.5902,56.4746,48.9976,84.9116,2.3478,69.0404,51.5664,51.5664,0.0,0.0,0,19325.3235,46.9377,33.4507,0.0,26.7454,2.0649,1.9288,54.3387,1,39951.0,2.2,0.0,0.0,12.5,9.279772444647143,9.314336456331239,8.727317994157952,54.3387,0.0
4487,2009-03-12,SZSE:000768,-0.1278,9.5955,9.1115,9.7273,9.1273,23773.8738,9.1955,2.6988,58.844,51.0532,88.4741,2.4463,68.4096,54.8739,54.8739,0.0,0.0,0,20282.5886,49.2627,35.1076,0.0,28.0702,2.1672,2.0243,61.3878,1,39951.0,2.2,0.0,0.0,12.5,8.731676124224895,9.236651967067896,8.666916153405243,61.3878,0.0
4488,2009-03-13,SZSE:000768,-0.17,9.2909,8.8223,9.5909,9.2364,23019.3275,9.5455,2.6132,56.9764,49.4329,85.666,2.3687,68.3779,51.8672,51.8672,0.0,0.0,0,19528.0423,47.4300,33.8016,0.0,27.0259,2.0866,1.949,38.2061,1,39951.0,2.2,0.0,0.0,12.5,9.0640588801946,9.107169065429613,8.770548786446954,38.2061,0.0
4489,2009-03-16,SZSE:000768,-0.17,9.5364,9.0554,9.6545,9.1864,23627.4688,9.2273,2.6822,58.4816,50.7388,87.9292,2.4313,69.0847,54.0524,54.0524,0.0,0.0,0,20136.1836,48.9071,34.8542,0.0,27.8676,2.1516,2.0097,32.6188,1,39951.0,2.2,0.0,0.0,12.5,8.76189048487899,9.167543234344198,8.723053412189087,32.6188,0.0
4490,2009-03-17,SZSE:000768,-0.17,10.0045,9.4999,10.2727,9.3727,24787.4427,9.5455,2.8139,61.3527,53.2298,92.246,2.5506,69.4705,57.9717,57.9717,0.0,0.0,0,21296.1575,51.7245,36.8621,0.0,29.4729,2.2755,2.1255,63.3598,1,39951.0,2.2,0.0,0.0,12.5,9.064050722175022,9.754572715278124,8.899966288170322,63.3598,0.0
4491,2009-03-18,SZSE:000768,-0.17,9.9773,9.474,10.2909,9.9091,24719.8706,10.0227,2.8062,61.1855,53.0847,91.9946,2.5437,68.8048,57.6632,57.6632,0.0,0.0,0,21228.5854,51.5603,36.7451,0.0,29.3794,2.2683,2.1187,60.6518,1,39951.0,2.2,0.0,0.0,12.5,9.517109819289788,9.771780601966466,9.409240315516223,60.6518,0.0
4492,2009-03-19,SZSE:000768,-0.17,10.1,9.5906,10.2227,9.9318,25023.9438,9.9682,2.8407,61.9381,53.7377,93.1262,2.575,68.5519,58.7278,58.7278,0.0,0.0,0,21532.6586,52.2989,37.2714,0.0,29.8002,2.3008,2.1491,41.0466,1,39951.0,2.2,0.0,0.0,12.5,9.465447417821782,9.707111546534653,9.430883275247526,41.0466,0.0
4493,2009-03-20,SZSE:000768,-0.164,9.8773,9.3791,10.1545,9.7,24472.1088,10.1545,2.7781,60.5722,52.5527,91.0725,2.5182,68.2657,55.9767,55.9767,0.0,0.0,0,20980.8236,50.9586,36.3162,0.0,29.0365,2.2418,2.094,48.5705,1,39951.0,2.2,0.0,0.0,12.5,9.642318341044618,9.642318341044618,9.210742814331851,48.5705,0.0
4494,2009-03-23,SZSE:000768,-0.164,10.1364,9.6251,10.3864,9.7273,25114.0399,9.8773,2.851,62.1611,53.9312,93.4615,2.5842,68.6135,58.417,58.417,0.0,0.0,0,21622.7547,52.5177,37.4274,0.0,29.9249,2.3104,2.1581,55.7091,1,39951.0,2.2,0.0,0.0,12.5,9.379069514817884,9.862489507122845,9.236635810544177,55.7091,0.0
4495,2009-03-24,SZSE:000768,-0.164,10.6545,10.1172,10.8182,10.1727,26397.8947,10.2636,2.9967,65.3388,56.6882,98.2393,2.7164,69.0547,62.852,62.852,0.0,0.0,0,22906.6095,55.6359,39.6496,0.0,31.7017,2.4476,2.2862,84.7114,1,39951.0,2.2,0.0,0.0,12.5,9.746012850908068,10.272644707869913,9.65969688300718,84.7114,0.0
4496,2009-03-25,SZSE:000768,-0.164,10.1136,9.6035,10.5864,10.0682,25057.7286,10.4545,2.8446,62.0217,53.8102,93.2519,2.5784,68.7195,56.123,56.123,0.0,0.0,0,21566.4434,52.3809,37.3299,0.0,29.847,2.3044,2.1524,57.4133,1,39951.0,2.2,0.0,0.0,12.5,9.92720601467331,10.052453369719982,9.560389841401676,57.4133,0.0
4497,2009-03-26,SZSE:000768,-0.164,10.2227,9.7071,10.2364,9.75,25328.0145,10.0682,2.8753,62.6907,54.3907,94.2578,2.6063,68.7068,57.1201,57.1201,0.0,0.0,0,21836.7292,53.0374,37.7977,0.0,30.221,2.3333,2.1794,47.1583,1,39951.0,2.2,0.0,0.0,12.5,9.560392481438367,9.720109016209024,9.258241462627291,47.1583,0.0
4498,2009-03-27,SZSE:000768,-0.1147,10.3,9.7805,10.6545,10.1864,25519.4675,10.2636,2.897,63.1646,54.8018,94.9703,2.626,68.0933,57.8508,57.8508,0.0,0.0,0,22028.1823,53.5024,38.1291,0.0,30.486,2.3538,2.1985,43.4675,1,39951.0,2.2,0.0,0.0,12.5,9.74593590291262,10.117120121359223,9.672629631067961,43.4675,0.0
4499,2009-03-30,SZSE:000768,-0.1147,10.3409,9.8193,10.5773,10.2273,25620.8268,10.3182,2.9085,63.4155,55.0195,95.3475,2.6364,68.1787,58.2563,58.2563,0.0,0.0,0,22129.5416,53.7486,38.3046,0.0,30.6263,2.3646,2.2086,34.078,1,39951.0,2.2,0.0,0.0,12.5,9.797744998984614,10.043775869605161,9.711430038971464,34.078,0.0
4500,2009-03-31,SZSE:000768,-0.1147,10.1818,9.6683,10.2045,9.9136,25226.66,10.0409,2.8638,62.4399,54.173,93.8806,2.5958,67.7945,55.9998,55.9998,0.0,0.0,0,21735.3748,52.7912,37.6223,0.0,30.0808,2.3225,2.1693,36.8932,1,39951.0,2.2,0.0,0.0,12.5,9.534506027421477,9.689855168044943,9.413626164332436,36.8932,0.0
4501,2009-04-01,SZSE:000768,-0.1147,10.3409,9.8193,10.5,10.1864,25620.8268,10.1909,2.9085,63.4155,55.0195,95.3475,2.6364,67.1952,57.7617,57.7617,0.0,0.0,0,22129.5416,53.7486,38.3046,0.0,30.6263,2.3646,2.2086,37.2003,1,39951.0,2.2,0.0,0.0,12.5,9.676866072585558,9.970374919010919,9.672593054763126,37.2003,0.0
4502,2009-04-02,SZSE:000768,-0.1147,10.9318,10.3805,11.2727,10.3864,27084.8739,10.4318,3.0747,67.0392,58.1634,100.7959,2.787,67.2569,63.5931,63.5931,0.0,0.0,0,23593.5887,57.3045,40.8387,0.0,32.6525,2.521,2.3548,105.122,1,39951.0,2.2,0.0,0.0,12.5,9.905715426553723,10.70420812217567,9.8626049872848,105.122,0.0
4503,2009-04-03,SZSE:000768,-0.0516,11.4545,10.8768,11.8045,10.6864,28379.9894,10.9455,3.2217,70.2448,60.9446,105.6156,2.9203,67.0719,67.8248,67.8248,0.0,0.0,0,24888.7042,60.4501,43.0805,0.0,34.4448,2.6594,2.484,115.8672,1,39951.0,2.2,0.0,0.0,12.5,10.393471072504255,11.20914798550788,10.147438606661138,115.8672,0.0
4504,2009-04-06,SZSE:000768,-0.0516,0.0,10.8768,0.0,0.0,28379.9894,0.0,3.2217,70.2448,61.9499,105.6156,2.9203,67.0719,67.8248,67.8248,0.0,0.0,0,24888.7042,60.4501,43.0805,0.0,34.4448,2.6594,2.484,0.0,1,39951.0,2.2,0.0,0.0,12.5,0.0,0.0,0.0,0.0,0.0
4505,2009-04-07,SZSE:000768,-0.0516,11.4227,10.8466,11.7727,11.2091,28301.1566,11.4636,3.2128,70.0497,61.7779,105.3223,2.9122,66.8664,67.312,67.312,0.0,0.0,0,24809.8714,60.2586,42.944,0.0,46.6482,2.651,2.4761,62.7729,1,39951.0,2.2,0.0,0.0,12.5,10.885437222372992,11.178947868717554,10.643772843548373,62.7729,0.0
4506,2009-04-08,SZSE:000768,-0.0516,10.9273,10.3761,11.7455,10.9136,27073.6081,11.3273,3.0734,67.0113,59.0983,100.754,2.7859,67.7186,59.7369,59.737,0.0,0.0,0,23582.3229,57.2771,40.8192,0.0,44.3401,2.5198,2.3536,78.4641,1,39951.0,2.2,0.0,0.0,12.5,10.755923012088987,11.153027971228024,10.363091061835952,78.4641,0.0
4507,2009-04-09,SZSE:000768,-0.0516,11.2,10.6351,11.25,10.6818,27749.3241,10.9227,3.1501,68.6838,60.5733,103.2686,2.8554,67.7929,62.255,62.255,0.0,0.0,0,24258.0389,58.9183,41.9888,0.0,45.6106,2.592,2.4211,57.3731,1,39951.0,2.2,0.0,0.0,12.5,10.37178631875,10.682578125000001,10.1430367125,57.3731,0.0
4508,2009-04-10,SZSE:000768,-0.057,11.3773,10.8034,11.5,11.0909,28188.5364,11.2727,3.2,69.771,61.532,104.9032,2.9006,67.2095,63.8381,63.8381,0.0,0.0,0,24697.2512,59.9851,42.7491,0.0,46.4364,2.6389,2.4649,55.9733,1,39951.0,2.2,0.0,0.0,12.5,10.704076290508294,10.919910699375071,10.531446745712953,55.9733,0.0
4509,2009-04-13,SZSE:000768,-0.057,11.6545,11.0667,11.7636,11.2818,28875.5131,11.4545,3.278,71.4713,65.1893,107.4597,2.9713,66.5391,66.2242,66.2242,0.0,0.0,0,25384.2279,61.6536,43.9382,0.0,51.5346,2.7124,2.6411,83.301,1,39951.0,2.2,2.6787,0.0,12.5,10.876787090823287,11.170297491955898,10.712797293749198,83.301,0.0
4510,2009-04-14,SZSE:000768,-0.057,11.8,11.2048,12.0227,11.0818,29235.8951,11.3636,3.3189,72.3633,66.0029,108.8009,3.0084,66.158,67.4381,67.4381,0.0,0.0,0,25744.6099,62.5289,44.562,0.0,52.2662,2.7509,2.6785,116.6789,1,39951.0,2.2,2.7121,0.0,12.5,10.790412311864406,11.41626686101695,10.522826494915254,116.6789,0.0
4511,2009-04-15,SZSE:000768,-0.057,11.7591,11.166,12.1136,11.5455,29134.5357,11.6364,3.3074,72.1125,65.7741,108.4237,2.998,66.1849,66.7119,66.7119,0.0,0.0,0,25643.2505,62.2827,44.3865,0.0,52.0604,2.74,2.668,84.8066,1,39951.0,2.2,2.7027,0.0,12.5,11.049488685358574,11.502619894379674,10.963173457152333,84.8066,0.0
4512,2009-04-16,SZSE:000768,-0.057,11.5,10.92,11.9682,11.4682,28492.6096,11.6682,3.2345,70.5236,64.3249,106.0348,2.9319,66.4742,62.1476,62.1476,0.0,0.0,0,25001.3244,60.7236,43.2754,0.0,50.7572,2.6714,2.6012,65.8903,1,39951.0,2.2,2.6431,0.0,12.5,11.079716869565218,11.364586434782607,10.889803826086956,65.8903,0.0
4513,2009-04-17,SZSE:000768,-0.0503,11.0409,10.484,11.6727,10.9455,27355.1597,11.5364,3.1054,67.7082,61.757,101.8018,2.8149,66.7003,54.9708,54.9708,0.0,0.0,0,23863.8745,57.9610,41.3066,0.0,48.448,2.5499,2.4829,62.4443,1,39951.0,2.2,2.5376,0.0,12.5,10.954507114456248,11.083932179441895,10.39341195011276,62.4443,0.0
4514,2009-04-20,SZSE:000768,-0.0503,11.2636,10.6955,11.3091,10.9545,27906.9898,10.9545,3.168,69.0741,63.0028,103.8554,2.8716,67.0482,57.533,57.533,0.0,0.0,0,24415.7046,59.3013,42.2618,0.0,49.5683,2.6089,2.5403,34.0416,1,39951.0,2.2,2.5888,0.0,12.5,10.401990016513368,10.738705125359566,10.401990016513368,34.0416,0.0
4515,2009-04-21,SZSE:000768,-0.0503,11.0455,10.4884,11.4,10.9091,27366.4205,11.1727,3.1067,67.7361,61.7824,101.8437,2.816,67.1494,54.275,54.275,0.0,0.0,0,23875.1353,57.9883,41.3261,0.0,48.4708,2.5511,2.484,39.3573,1,39951.0,2.2,2.5387,0.0,12.5,10.60918443529039,10.825020143950026,10.358879583540809,39.3573,0.0
4516,2009-04-22,SZSE:000768,-0.0503,0.0,10.4884,0.0,0.0,27366.4205,0.0,3.1067,67.7361,61.7824,101.8437,2.816,67.1494,54.275,54.275,0.0,0.0,0,23875.1353,57.9883,41.3261,0.0,48.4708,2.5511,2.484,0.0,1,39951.0,2.2,2.5387,0.0,12.5,0.0,0.0,0.0,0.0,0.0
4517,2009-04-23,SZSE:000768,-0.0503,10.6273,10.0913,10.7955,10.2364,26330.3226,10.5227,2.9945,80.5652,55.7277,92.485,2.7295,68.0949,48.5948,48.5948,0.0,0.0,0,24415.2257,71.2807,46.3903,0.0,46.3404,2.6285,2.4662,50.019,1,39951.0,2.2,0.0,0.0,12.5,9.991975620336305,10.251016641103574,9.720115487470947,50.019,0.0
4518,2009-04-24,SZSE:000768,-0.0679,10.0364,9.5302,10.6273,10.0,24866.278,10.4545,2.828,76.0855,54.8435,87.3426,2.5778,68.8191,41.9189,41.9189,0.0,0.0,0,22951.1812,67.0064,43.6086,0.0,43.5616,2.4709,2.4362,51.4798,1,39951.0,2.2,0.0,0.0,12.5,9.927212536367621,10.09129712446694,9.495635885377228,51.4798,0.0
4519,2009-04-27,SZSE:000768,-0.0679,9.3545,8.8827,10.0,9.2545,23176.9907,9.9136,2.6358,70.9167,51.1177,81.409,2.4026,70.0334,35.8065,35.8065,0.0,0.0,0,21261.8938,62.0745,40.3988,0.0,40.3553,2.289,2.2569,43.3856,1,39951.0,2.2,0.0,0.0,12.5,9.41360144529371,9.49564380779304,8.78774356192207,43.3856,0.0
4520,2009-04-28,SZSE:000768,-0.0679,9.4591,8.982,9.6318,9.2091,23436.0133,9.2091,2.6653,71.7092,51.689,82.3188,2.4295,69.4389,37.3158,37.3158,0.0,0.0,0,21520.9165,62.8307,40.891,0.0,40.8469,2.3169,2.2844,27.2233,1,39951.0,2.2,0.0,0.0,12.5,8.744609550591493,9.145989322451397,8.744609550591493,27.2233,0.0
4521,2009-04-29,SZSE:000768,-0.0679,9.7364,9.2453,9.9,9.3773,24122.9925,9.4636,2.7434,73.8112,53.2042,84.7318,2.5007,69.023,41.2605,41.2605,0.0,0.0,0,22207.8956,64.8364,42.1963,0.0,42.1508,2.3908,2.3573,31.9042,1,39951.0,2.2,0.0,0.0,12.5,8.986259919477426,9.400648083480547,8.904312855881024,31.9042,0.0
4522,2009-04-30,SZSE:000768,-0.0679,9.9045,9.405,9.9818,9.6909,24539.6809,9.7727,2.7908,75.0862,54.1232,86.1954,2.5439,68.487,43.5797,43.5797,0.0,0.0,0,22624.584,66.0529,42.988,0.0,42.9417,2.4357,2.4016,30.7532,1,39951.0,2.2,0.0,0.0,12.5,9.279846887778282,9.478401635620171,9.202172194457063,30.7532,0.0
4523,2009-05-01,SZSE:000768,-0.0738,0.0,9.405,0.0,0.0,24539.6809,0.0,2.7908,75.0862,54.1232,86.1954,2.5439,68.487,43.5797,43.5797,0.0,0.0,0,22624.584,66.0529,42.988,0.0,42.9417,2.4357,2.4016,0.0,1,39951.0,2.2,0.0,0.0,12.5,0.0,0.0,0.0,0.0,0.0
4524,2009-05-04,SZSE:000768,-0.0738,10.2,9.6855,10.2591,9.8227,25271.7056,9.8773,2.8741,77.326,55.7377,88.7667,2.6198,68.5803,47.5013,47.5013,0.0,0.0,0,23356.6087,68.1901,44.3789,0.0,44.3311,2.5145,2.4793,29.5246,1,39951.0,2.2,0.0,0.0,12.5,9.37907736764706,9.741618926470588,9.327231455882352,29.5246,0.0
4525,2009-05-05,SZSE:000768,-0.0738,10.5136,9.9834,10.7136,10.0818,26048.776,10.25,2.9624,79.7037,57.4516,91.4961,2.7003,68.4032,51.3657,51.3657,0.0,0.0,0,24133.6791,70.4587,45.8554,0.0,45.806,2.5982,2.5617,47.0601,1,39951.0,2.2,0.0,0.0,12.5,9.7330933267387,10.173314016131485,9.57337563917212,47.0601,0.0
4526,2009-05-06,SZSE:000768,-0.0738,10.5,9.9704,10.6091,10.3636,26014.9911,10.4955,2.9586,79.6003,57.377,91.3774,2.6968,68.3099,51.1893,51.1893,0.0,0.0,0,24099.8943,70.3601,45.7912,0.0,45.7419,2.5945,2.5582,33.7204,1,39951.0,2.2,0.0,0.0,12.5,9.96612697142857,10.073997203809522,9.840879756190475,33.7204,0.0
4527,2009-05-07,SZSE:000768,-0.0738,10.2636,9.746,10.6136,10.1045,25429.3713,10.5227,2.892,77.8085,57.1472,89.3205,2.6361,67.9747,48.105,48.105,0.0,0.0,0,23514.2745,68.6504,44.6785,0.0,44.6304,2.5315,2.496,33.8673,1,39951.0,2.2,0.0,0.0,12.5,9.99203341907323,10.078349273159516,9.594923516115204,33.8673,0.0
4528,2009-05-08,SZSE:000768,-0.0686,9.9273,9.4266,10.2273,9.6818,24595.9897,10.1364,2.7972,75.2585,57.0205,86.3932,2.5497,67.8498,44.0384,44.0384,0.0,0.0,0,22680.8928,66.2173,43.095,0.0,43.0486,2.4418,2.3746,43.0696,1,39951.0,2.2,0.0,0.0,12.5,9.625153691336013,9.711468997612643,9.19348220362032,43.0696,0.0
4529,2009-05-11,SZSE:000768,-0.0686,9.9136,9.4136,10.3773,9.9091,24562.2049,9.9318,2.7934,75.1551,56.9422,86.2745,2.5462,68.7716,43.8765,43.8765,0.0,0.0,0,22647.108,66.1187,43.0308,0.0,42.9845,2.4381,2.3711,34.5958,1,39951.0,2.2,0.0,0.0,12.5,9.430882069076825,9.85391293576501,9.409326960942543,34.5958,0.0
4530,2009-05-12,SZSE:000768,-0.0686,10.9045,10.3546,10.9045,10.0,27017.2993,10.0,3.0726,82.6672,62.6338,94.898,2.8007,68.7701,56.4177,56.4177,0.0,0.0,0,25102.2024,73.2863,47.6956,0.0,47.6443,2.7024,2.6281,91.4588,1,39951.0,2.2,0.0,0.0,12.5,9.495712779127881,10.3546,9.495712779127881,91.4588,0.0
4531,2009-05-13,SZSE:000768,-0.0686,10.9545,10.402,11.2227,10.7545,27141.1802,11.0818,3.0867,83.0462,62.921,95.3332,2.8136,66.9359,56.9405,56.9405,0.0,0.0,0,25226.0833,73.6480,47.931,0.0,47.8794,2.7158,2.6411,68.5396,1,39951.0,2.2,0.0,0.0,12.5,10.522879510703364,10.65667309324935,10.212087178784975,68.5396,0.0
4532,2009-05-14,SZSE:000768,-0.0686,11.3364,10.7646,11.5545,11.0682,28087.182,11.0773,3.1943,85.9408,65.1141,98.656,2.9117,66.6798,60.8073,60.8073,0.0,0.0,0,26172.0851,76.4099,49.7285,0.0,49.6749,2.8176,2.7402,75.2416,1,39951.0,2.2,0.0,0.0,12.5,10.518568820789667,10.97169919021912,10.509927818355033,75.2416,0.0
4533,2009-05-15,SZSE:000768,-0.0642,11.0955,10.5358,11.4545,10.8636,27490.3014,11.3545,3.1264,84.1145,63.7304,96.5595,2.8498,66.3098,57.3103,57.3103,0.0,0.0,0,25575.2046,74.6673,48.5944,0.0,48.542,2.7534,2.6777,61.1023,1,39951.0,2.2,0.0,0.0,12.5,10.7817350367266,10.876690649362354,10.315597934297688,61.1023,0.0
4534,2009-05-18,SZSE:000768,-0.0642,10.94,10.3882,11.36,10.48,27105.1457,10.9,3.0826,82.936,62.8375,95.2066,2.8099,66.3066,55.108,55.108,0.0,0.0,0,25190.0489,73.5428,47.8626,0.0,47.811,2.7119,2.6373,47.0852,1,39951.0,2.2,0.0,0.0,12.5,10.350217550274223,10.787015722120657,9.951401828153566,47.0852,0.0
4535,2009-05-19,SZSE:000768,-0.0642,10.8,10.2553,11.19,10.75,26758.2792,11.02,3.0431,81.8746,62.0333,93.9882,2.7739,63.5634,53.1279,53.1279,0.0,0.0,0,24843.1823,72.5301,47.2035,0.0,47.1526,2.6745,2.601,48.6335,1,39951.0,2.2,0.0,0.0,12.5,10.46420425925926,10.625630277777777,10.207821759259259,48.6335,0.0
4536,2009-05-20,SZSE:000768,-0.0642,10.71,10.1698,10.99,10.58,26535.2935,10.8,3.0178,81.1923,61.5164,93.205,2.7508,63.5713,51.8384,51.8384,0.0,0.0,0,24620.1966,71.8791,46.7798,0.0,46.7294,2.6505,2.5777,34.7627,1,39951.0,2.2,0.0,0.0,12.5,10.255260504201681,10.435677124183005,10.046357049486462,34.7627,0.0
4537,2009-05-21,SZSE:000768,-0.0642,10.86,10.3123,10.99,10.42,26906.9363,10.67,3.06,82.3295,62.3779,94.5104,2.7893,63.078,53.8489,53.8489,0.0,0.0,0,24991.8394,72.9641,47.4859,0.0,47.4348,2.6906,2.6166,50.6435,1,39951.0,2.2,0.0,0.0,12.5,10.13188222836096,10.435743738489872,9.894490423572744,50.6435,0.0
4538,2009-05-22,SZSE:000768,-0.0804,10.8,10.2553,10.98,10.61,26758.2792,10.79,3.0431,81.8746,62.0333,93.9882,2.7739,62.5688,52.8977,52.8977,0.0,0.0,0,24843.1823,72.5301,47.2035,0.0,47.1526,2.6745,2.601,23.8934,1,39951.0,2.2,0.0,0.0,12.5,10.24580435185185,10.426221666666667,10.074882685185184,23.8934,0.0
4539,2009-05-25,SZSE:000768,-0.0804,10.68,10.1413,10.77,10.4,26460.9649,10.53,3.0093,80.9649,61.3441,92.9439,2.7431,61.8652,50.9588,50.9588,0.0,0.0,0,24545.8681,71.6621,46.6386,0.0,46.5883,2.6425,2.5699,25.215,1,39951.0,2.2,0.0,0.0,12.5,9.998866011235954,10.226760393258425,9.875423220973783,25.215,0.0
4540,2009-05-26,SZSE:000768,-0.0804,10.9,10.3502,11.15,10.72,27006.041,10.72,3.0713,82.6327,62.6077,94.8585,2.7996,61.4604,54.2683,54.2683,0.0,0.0,0,25090.9441,73.2535,47.6742,0.0,47.6229,2.7012,2.627,39.4751,1,39951.0,2.2,0.0,0.0,12.5,10.179279266055046,10.587589908256879,10.179279266055046,39.4751,0.0
4541,2009-05-27,SZSE:000768,-0.0804,10.83,10.2838,11.14,10.71,26832.6077,11.04,3.0516,82.1021,62.2056,94.2493,2.7816,57.3432,53.0417,53.0417,0.0,0.0,0,24917.5108,72.7471,47.3447,0.0,47.2937,2.6826,2.6088,20.9841,1,39951.0,2.2,0.0,0.0,12.5,10.483208864265926,10.578165466297321,10.169852077562327,20.9841,0.0
4542,2009-05-28,SZSE:000768,-0.0804,0.0,10.2838,0.0,0.0,26832.6077,0.0,3.0516,82.1021,62.2056,94.2493,2.7816,57.3432,53.0417,53.0417,0.0,0.0,0,24917.5108,72.7471,47.3447,0.0,47.2937,2.6826,2.6088,0.0,1,39951.0,2.2,0.0,0.0,12.5,0.0,0.0,0.0,0.0,0.0
4543,2009-05-29,SZSE:000768,-0.0831,0.0,10.2838,0.0,0.0,26832.6077,0.0,3.0516,82.1021,62.2056,94.2493,2.7816,57.3432,53.0417,53.0417,0.0,0.0,0,24917.5108,72.7471,47.3447,0.0,47.2937,2.6826,2.6088,0.0,1,39951.0,2.2,0.0,0.0,12.5,0.0,0.0,0.0,0.0,0.0
4544,2009-06-01,SZSE:000768,-0.0831,11.0,10.4452,11.14,10.8,27253.8028,10.92,3.0995,83.3908,63.1821,95.7288,2.8253,56.9163,55.6626,55.6625,0.0,0.0,0,25338.706,73.9768,48.145,0.0,48.0932,2.7279,2.6529,41.1711,1,39951.0,2.2,0.0,0.0,12.5,10.369234909090908,10.578138909090908,10.255287272727273,41.1711,0.0
4545,2009-06-02,SZSE:000768,-0.0831,11.39,10.8155,11.58,11.01,28220.074,11.21,3.2094,86.3474,66.298,99.1228,2.9254,56.7755,61.0353,61.0353,0.0,0.0,0,26304.9772,76.7979,49.981,0.0,51.4237,2.8319,2.7564,72.9776,1,39951.0,2.2,0.0,0.0,13.5,10.6445790166813,10.995916593503072,10.454666812993853,72.9776,0.0
4546,2009-06-03,SZSE:000768,-0.0831,11.23,10.6636,11.39,11.19,27823.6551,11.39,3.1643,85.1345,65.3667,97.7304,2.8843,53.6354,57.9336,57.9336,0.0,0.0,0,25908.5582,75.6405,49.2278,0.0,50.6488,2.7892,2.7149,37.0033,1,39951.0,2.2,0.0,0.0,13.5,10.81553018699911,10.81553018699911,10.625617453250223,37.0033,0.0
4547,2009-06-04,SZSE:000768,-0.0831,11.14,10.5781,11.32,11.03,27600.6694,11.21,3.1389,84.4522,65.1462,96.9471,2.8612,52.1507,56.2035,56.2035,0.0,0.0,0,25685.5725,74.9895,48.8041,0.0,50.2128,2.7652,2.6915,35.6525,1,39951.0,2.2,0.0,0.0,13.5,10.64456921005386,10.749020825852783,10.473648384201075,35.6525,0.0
4548,2009-06-05,SZSE:000768,-0.0839,11.02,10.4642,11.21,11.0,27303.3552,11.15,3.1051,83.5424,64.4444,95.9028,2.8304,52.0922,53.8924,53.8924,0.0,0.0,0,25388.2583,74.1215,48.2392,0.0,49.6316,2.7332,2.6603,29.8437,1,39951.0,2.2,0.0,0.0,13.5,10.58764337568058,10.644617241379311,10.445208711433757,29.8437,0.0
4549,2009-06-08,SZSE:000768,-0.0839,10.87,10.3218,11.13,10.8,26931.7124,11.09,3.0628,82.4053,63.5673,94.5974,2.7919,51.2748,51.0658,51.0658,0.0,0.0,0,25016.6156,73.0365,47.533,0.0,48.9051,2.6932,2.6214,25.6514,1,39951.0,2.2,0.0,0.0,13.5,10.53070487580497,10.56868758049678,10.25533026678933,25.6514,0.0
4550,2009-06-09,SZSE:000768,-0.0839,11.34,10.768,11.46,10.85,28096.1931,10.89,3.1953,85.9684,66.3158,98.6877,2.9126,48.4635,58.424,58.424,0.0,0.0,0,26181.0962,76.4362,49.7456,0.0,51.1815,2.8186,2.7434,47.0259,1,39951.0,2.2,0.0,0.0,13.5,10.340698412698414,10.881947089947092,10.302716049382717,47.0259,0.0
4551,2009-06-10,SZSE:000768,-0.0839,11.2,10.6351,11.33,11.16,27749.3265,11.33,3.1558,84.907,65.4971,97.4693,2.8766,48.5441,55.7356,55.7356,0.0,0.0,0,25834.2297,75.4235,49.0865,0.0,50.5035,2.7812,2.7071,28.8133,1,39951.0,2.2,0.0,0.0,13.5,10.758543125000001,10.758543125000001,10.597117500000001,28.8133,0.0
4552,2009-06-11,SZSE:000768,-0.0839,10.96,10.4072,11.2,10.94,27154.6981,11.2,3.0882,83.0876,64.0936,95.3807,2.815,47.8611,51.3713,51.3714,0.0,0.0,0,25239.6012,73.6875,47.9567,0.0,49.341,2.7172,2.6448,25.9189,1,39951.0,2.2,0.0,0.0,13.5,10.635094890510947,10.635094890510947,10.388208759124087,25.9189,0.0
4553,2009-06-12,SZSE:000768,-0.121,10.62,10.0844,10.94,10.57,26312.3078,10.92,2.9924,80.5101,62.1053,92.4218,2.7277,47.7014,45.8894,45.8894,0.0,0.0,0,24397.211,71.2281,46.3561,0.0,47.6942,2.6265,2.5565,25.6395,1,39951.0,2.2,0.0,0.0,13.5,10.369270056497177,10.388261393596988,10.036921657250472,25.6395,0.0
4554,2009-06-15,SZSE:000768,-0.121,10.88,10.3312,10.97,10.62,26956.4886,10.62,3.0657,82.4811,63.6257,94.6844,2.7944,47.3962,50.2605,50.2605,0.0,0.0,0,25041.3918,73.1088,47.5801,0.0,48.9535,2.6959,2.624,17.8564,1,39951.0,2.2,0.0,0.0,13.5,10.084314705882353,10.416660294117648,10.084314705882353,17.8564,0.0
4555,2009-06-16,SZSE:000768,-0.121,10.82,10.2743,10.96,10.7,26807.8315,10.78,3.0488,82.0263,63.2749,94.1623,2.779,47.1749,49.2714,49.2714,0.0,0.0,0,24892.7346,72.6748,47.2976,0.0,48.6629,2.6799,2.6084,15.8164,1,39951.0,2.2,0.0,0.0,13.5,10.236317375231053,10.407239186691312,10.16035212569316,15.8164,0.0
4556,2009-06-17,SZSE:000768,-0.121,10.8,10.2553,10.89,10.65,26758.2792,10.76,3.0431,81.8746,63.1579,93.9882,2.7739,46.2262,48.9257,48.9257,0.0,0.0,0,24843.1823,72.5301,47.2035,0.0,48.566,2.6745,2.6032,21.8156,1,39951.0,2.2,0.0,0.0,13.5,10.217317407407407,10.340760833333333,10.112865277777777,21.8156,0.0
4557,2009-06-18,SZSE:000768,-0.121,10.78,10.2363,10.86,10.71,26708.7268,10.82,3.0375,81.723,63.0409,93.8142,2.7688,46.223,48.5588,48.5588,0.0,0.0,0,24793.6299,72.3855,47.1093,0.0,48.4692,2.6692,2.598,23.1083,1,39951.0,2.2,0.0,0.0,13.5,10.274282560296847,10.312265120593691,10.169830519480522,23.1083,0.0
4558,2009-06-19,SZSE:000768,-0.1221,10.72,10.1793,10.82,10.62,26560.0697,10.78,3.0206,81.2682,62.6901,93.292,2.7534,46.1866,47.4103,47.4103,0.0,0.0,0,24644.9728,71.9515,46.8269,0.0,48.1786,2.6532,2.5824,22.3686,1,39951.0,2.2,0.0,0.0,13.5,10.23627369402985,10.274256156716417,10.08434384328358,22.3686,0.0
4559,2009-06-22,SZSE:000768,-0.1221,10.85,10.3028,11.1,10.72,26882.1601,10.8,3.0572,82.2537,63.4503,94.4234,2.7867,45.989,50.1609,50.1609,0.0,0.0,0,24967.0632,72.8918,47.4389,0.0,48.8082,2.6879,2.6162,29.6982,1,39951.0,2.2,0.0,0.0,13.5,10.255321658986176,10.540191705069123,10.179356313364055,29.6982,0.0
4560,2009-06-23,SZSE:000768,-0.1221,10.73,10.1888,10.89,10.65,26584.8459,10.73,3.0234,81.344,62.7485,93.3791,2.7559,45.7819,47.6818,47.6818,0.0,0.0,0,24669.749,72.0238,46.874,0.0,48.227,2.6559,2.585,17.899,1,39951.0,2.2,0.0,0.0,13.5,10.1888,10.34072991612302,10.11283504193849,17.899,0.0
4561,2009-06-24,SZSE:000768,-0.1221,10.85,10.3028,10.85,10.68,26882.1601,10.79,3.0572,82.2537,63.4503,94.4234,2.7867,44.7162,50.3257,50.3257,0.0,0.0,0,24967.0632,72.8918,47.4389,0.0,48.8082,2.6879,2.6162,19.5446,1,39951.0,2.2,0.0,0.0,13.5,10.245825990783409,10.3028,10.141373640552995,19.5446,0.0
4562,2009-06-25,SZSE:000768,-0.1221,10.82,10.2743,10.93,10.75,26807.8315,10.9,3.0488,82.0263,63.2749,94.1623,2.779,43.4038,49.6502,49.6502,0.0,0.0,0,24892.7346,72.6748,47.2976,0.0,48.6629,2.6799,2.6084,24.0869,1,39951.0,2.2,0.0,0.0,13.5,10.350265249537895,10.378752218114602,10.207830406654343,24.0869,0.0
4563,2009-06-26,SZSE:000768,-0.1221,10.76,10.2173,10.91,10.74,26659.1744,10.88,3.0319,81.5714,62.924,93.6401,2.7636,43.3785,48.255,48.255,0.0,0.0,0,24744.0775,72.2408,47.0152,0.0,48.3723,2.6639,2.5928,18.3452,1,39951.0,2.2,0.0,0.0,13.5,10.331247583643124,10.359734479553904,10.198308736059479,18.3452,0.0
4564,2009-06-29,SZSE:000768,-0.1221,10.68,10.1413,10.84,10.66,26460.9649,10.8,3.0093,80.9649,62.4561,92.9439,2.7431,43.3896,46.3836,46.3836,0.0,0.0,0,24545.8681,71.6621,46.6386,0.0,47.9848,2.6425,2.5721,24.2848,1,39951.0,2.2,0.0,0.0,13.5,10.255247191011236,10.293229588014981,10.122308801498127,24.2848,0.0
4565,2009-06-30,SZSE:000768,-0.1221,10.68,10.1413,10.83,10.66,26460.9649,10.68,3.0093,80.9649,62.4561,92.9439,2.7431,43.3833,46.3836,46.3836,0.0,0.0,0,24545.8681,71.6621,46.6386,0.0,47.9848,2.6425,2.5179,19.4078,1,39951.0,2.2,0.0,0.0,20.25,10.1413,10.283733988764045,10.122308801498127,19.4078,0.0
4566,2009-07-01,SZSE:000768,-0.1221,10.67,10.1318,10.77,10.6,26436.1888,10.69,3.0065,80.8891,62.3977,92.8569,2.7405,43.5161,46.1243,46.1243,0.0,0.0,0,24521.0919,71.5898,46.5915,0.0,47.9364,2.6399,2.5154,22.726,1,39951.0,2.2,0.0,0.0,20.25,10.150791190253045,10.226755951265229,10.06533083411434,22.726,0.0
4567,2009-07-02,SZSE:000768,-0.1221,11.11,10.5496,11.3,10.67,27526.3409,10.72,3.1305,84.2247,64.9708,96.686,2.8535,42.8093,57.4078,57.4078,0.0,0.0,0,25611.244,74.7725,48.6628,0.0,50.0675,2.7572,2.6272,74.1973,1,39951.0,2.2,0.0,0.0,20.25,10.179272007200721,10.730016201620161,10.13179405940594,74.1973,0.0
4568,2009-07-03,SZSE:000768,-0.1061,10.96,10.4072,11.14,10.85,27154.6981,11.07,3.0882,83.0876,64.0936,95.3807,2.815,41.7942,53.3089,53.3089,0.0,0.0,0,25239.6012,73.6875,47.9567,0.0,49.341,2.7172,2.5891,36.6725,1,39951.0,2.2,0.0,0.0,20.25,10.511651824817518,10.578121167883213,10.30274817518248,36.6725,0.0
4569,2009-07-06,SZSE:000768,-0.1061,10.96,10.4072,11.07,10.82,27154.6981,10.99,3.0882,83.0876,64.0936,95.3807,2.815,41.4448,53.3089,53.3089,0.0,0.0,0,25239.6012,73.6875,47.9567,0.0,49.341,2.7172,2.5891,31.2165,1,39951.0,2.2,0.0,0.0,20.25,10.435686861313867,10.511651824817518,10.274261313868612,31.2165,0.0
4570,2009-07-07,SZSE:000768,-0.1061,10.97,10.4167,11.17,10.85,27179.4743,10.9,3.091,83.1634,64.1521,95.4677,2.8176,41.4432,53.5652,53.5652,0.0,0.0,0,25264.3774,73.7598,48.0038,0.0,49.3894,2.7199,2.5916,32.2507,1,39951.0,2.2,0.0,0.0,20.25,10.35023062898815,10.606612488605286,10.302752506836828,32.2507,0.0
4571,2009-07-08,SZSE:000768,-0.1061,11.73,11.1384,11.98,10.91,29062.4643,10.98,3.3052,88.9249,68.5965,102.0817,3.0128,42.6655,67.9617,67.9618,0.0,0.0,0,27147.3674,79.2572,51.5816,0.0,53.0705,2.9226,2.7848,101.7738,1,39951.0,2.2,0.0,0.0,20.25,10.426226086956522,11.375791304347828,10.359756521739131,101.7738,0.0
4572,2009-07-09,SZSE:000768,-0.1061,12.9,12.2494,12.9,11.68,31961.2779,11.8,3.6348,97.7947,75.4386,112.2637,3.3133,46.4918,78.8388,78.8388,0.0,0.0,0,30046.181,87.7204,57.0895,0.0,58.7374,3.2347,3.0821,173.5078,1,39951.0,2.2,0.0,0.0,20.25,11.204877519379846,12.2494,11.0909296124031,173.5078,0.0
4573,2009-07-10,SZSE:000768,-0.1305,12.79,12.1449,12.89,12.53,31688.7399,12.89,3.6038,96.9608,74.7953,111.3064,3.285,46.4602,76.2188,76.2189,0.0,0.0,0,29773.643,86.9247,56.5716,0.0,58.2046,3.2053,3.0542,91.8386,1,39951.0,2.2,0.0,0.0,20.25,12.23985621579359,12.23985621579359,11.898013838936668,91.8386,0.0
4574,2009-07-13,SZSE:000768,-0.1305,12.88,12.2304,13.39,12.5,31911.7255,12.6,3.6292,97.6431,75.3216,112.0897,3.3081,46.2483,76.8954,76.8954,0.0,0.0,0,29996.6286,87.5757,56.9953,0.0,58.6405,3.2294,3.0771,92.9464,1,39951.0,2.2,0.0,0.0,20.25,11.964521739130433,12.714678260869565,11.869565217391303,92.9464,0.0
4575,2009-07-14,SZSE:000768,-0.1305,13.0,12.3443,13.12,12.68,32209.0397,12.84,3.663,98.5528,76.0234,113.134,3.339,46.223,77.8021,77.8022,0.0,0.0,0,30293.9428,88.4437,57.5602,0.0,59.2218,3.2614,3.1076,56.9577,1,39951.0,2.2,0.0,0.0,20.25,12.192370153846154,12.458247384615385,12.04044030769231,56.9577,0.0
4576,2009-07-15,SZSE:000768,-0.1305,13.51,12.8286,13.8,12.8,33472.6251,13.08,3.8067,102.4191,79.0059,117.5723,3.4699,46.808,81.1823,81.1823,0.0,0.0,0,31557.5282,92.1328,59.9611,0.0,61.692,3.3974,3.2372,87.0151,1,39951.0,2.2,0.0,0.0,20.25,12.420287786824575,13.1039733530718,12.154410066617322,87.0151,0.0
4577,2009-07-16,SZSE:000768,-0.1305,13.37,12.6957,13.65,13.3,33125.7585,13.39,3.7673,101.3578,78.1871,116.354,3.434,46.6104,77.6852,77.6852,0.0,0.0,0,31210.6617,91.1201,59.3021,0.0,61.0139,3.3601,3.2016,70.6456,1,39951.0,2.2,0.0,0.0,20.25,12.71469132385939,12.961578534031414,12.629230366492148,70.6456,0.0
4578,2009-07-17,SZSE:000768,-0.1312,12.99,12.3348,13.47,12.8,32184.2635,13.3,3.6602,98.477,75.9649,113.047,3.3364,46.2104,68.9973,68.9973,0.0,0.0,0,30269.1667,88.3714,57.5132,0.0,59.1733,3.2587,3.105,54.4399,1,39951.0,2.2,0.0,0.0,20.25,12.629163972286374,12.790589376443416,12.15438337182448,54.4399,0.0
4579,2009-07-20,SZSE:000768,-0.1312,13.21,12.5437,13.5,12.8,32729.3396,12.9,3.7222,100.1448,77.2515,114.9615,3.3929,46.1645,71.0181,71.0181,0.0,0.0,0,30814.2427,89.9628,58.5488,0.0,60.2389,3.3174,3.1609,59.5367,1,39951.0,2.2,0.0,0.0,20.25,12.249336109008327,12.819072672218015,12.154380015140045,59.5367,0.0
4580,2009-07-21,SZSE:000768,-0.1312,12.81,12.1639,13.17,12.8,31738.2922,13.17,3.6095,97.1124,74.9123,111.4805,3.2902,46.4444,62.98,62.9801,0.0,0.0,0,29823.1953,87.0694,56.6658,0.0,58.3015,3.2107,3.0593,47.3998,1,39951.0,2.2,0.0,0.0,20.25,12.50574262295082,12.50574262295082,12.154404371584699,47.3998,0.0
4581,2009-07-22,SZSE:000768,-0.1312,13.04,12.3823,13.2,12.7,32308.1445,12.78,3.6743,98.856,76.2573,113.4821,3.3492,46.1645,65.4047,65.4047,0.0,0.0,0,30393.0476,88.7331,57.7485,0.0,59.4155,3.272,3.1177,44.2792,1,39951.0,2.2,0.0,0.0,20.25,12.135413650306749,12.534230061349692,12.059448619631903,44.2792,0.0
4582,2009-07-23,SZSE:000768,-0.1312,13.48,12.8001,13.55,13.05,33398.2966,13.1,3.7983,102.1917,78.8304,117.3112,3.4622,45.7835,69.5178,69.5178,0.0,0.0,0,31483.1997,91.9158,59.8199,0.0,61.5466,3.3894,3.2296,65.5055,1,39951.0,2.2,0.0,0.0,20.25,12.439266320474777,12.866569362017804,12.391788204747776,65.5055,0.0
4583,2009-07-24,SZSE:000768,-0.1309,13.11,12.4488,13.59,12.8,32481.5778,13.52,3.7098,159.7281,74.4886,233.3737,4.3921,44.5407,62.7605,62.7605,0.0,0.0,0,30226.7503,244.7130,107.2939,0.0,56.0966,4.2024,2.988,50.6631,1,39951.0,2.2,0.0,0.0,20.25,12.838121739130436,12.904591304347827,12.154434782608696,50.6631,0.0
4584,2009-07-27,SZSE:000768,-0.1309,13.98,13.2749,14.2,13.08,34637.1058,13.13,3.956,170.3279,76.0609,248.8607,4.6836,43.4829,70.1161,70.1161,0.0,0.0,0,32382.2783,262.1640,114.9452,0.0,53.4048,4.5021,3.1973,103.4429,1,39951.0,2.2,0.0,0.0,15.75,12.467770886981404,13.48380400572246,12.420292703862662,103.4429,0.0
4585,2009-07-28,SZSE:000768,-0.1309,14.56,13.8256,14.8,13.73,36074.1245,13.98,4.1201,177.3944,79.2165,259.1854,4.8779,44.0126,73.8276,73.8276,0.0,0.0,0,33819.297,273.7980,120.0461,0.0,55.7747,4.7018,3.3392,98.0075,1,39951.0,2.2,0.0,0.0,15.75,13.274854945054946,14.053494505494504,13.037464835164835,98.0075,0.0
4586,2009-07-29,SZSE:000768,-0.1309,13.56,12.8761,14.87,13.1,33596.5061,14.56,3.8371,165.2107,73.7758,241.3842,4.5429,46.4855,59.9929,59.9929,0.0,0.0,0,31341.6786,253.7394,111.2515,0.0,51.6886,4.3574,3.0945,88.8567,1,39951.0,2.2,0.0,0.0,15.75,13.825664896755162,14.12003001474926,12.439300147492624,88.8567,0.0
4587,2009-07-30,SZSE:000768,-0.1309,14.92,14.1675,14.92,13.43,36966.0671,13.75,4.222,181.7805,81.1752,265.5939,4.9985,49.8486,68.6085,68.6085,0.0,0.0,0,34711.2396,281.0190,123.2122,0.0,57.2457,4.8258,3.4272,113.0508,1,39951.0,2.2,0.0,0.0,15.75,13.05650971849866,14.1675,12.752649128686327,113.0508,0.0
4588,2009-07-31,SZSE:000768,-0.1154,15.06,14.3004,15.3,14.7,37312.9337,15.1,4.2616,183.4862,81.9369,268.086,5.0454,49.447,69.3405,69.3405,0.0,0.0,0,35058.1062,283.8272,124.4435,0.0,57.8177,4.8741,3.4615,108.3246,1,39951.0,2.2,0.0,0.0,15.75,14.338382470119521,14.52829482071713,13.958557768924301,108.3246,0.0
4589,2009-08-03,SZSE:000768,-0.1154,15.21,14.4429,15.3,14.79,37684.5765,15.03,4.3041,185.3138,82.753,270.7562,5.0957,49.058,70.1438,70.1438,0.0,0.0,0,35429.749,286.8360,125.7627,0.0,58.4307,4.9257,3.4982,78.3239,1,39951.0,2.2,0.0,0.0,15.75,14.271978106508875,14.528360946745563,14.044082248520708,78.3239,0.0
4590,2009-08-04,SZSE:000768,-0.1154,14.78,14.0345,15.15,14.52,36619.2005,15.15,4.1824,180.0748,80.4135,263.1017,4.9516,49.3331,64.8949,64.8949,0.0,0.0,0,34364.373,278.2108,121.981,0.0,56.6736,4.7776,3.393,62.9623,1,39951.0,2.2,0.0,0.0,15.75,14.385837280108255,14.385837280108255,13.787614343707713,62.9623,0.0
4591,2009-08-05,SZSE:000768,-0.1154,15.38,14.6043,15.6,14.51,38105.7716,14.75,4.3522,187.385,83.6779,273.7824,5.1526,49.5561,68.4433,68.4433,0.0,0.0,0,35850.9441,290.2460,127.2577,0.0,59.1253,4.9843,3.5398,84.1151,1,39951.0,2.2,0.0,0.0,15.75,14.0060744473342,14.813204161248374,13.778178998699609,84.1151,0.0
4592,2009-08-06,SZSE:000768,-0.1154,15.19,14.4239,15.7,14.79,37635.0241,15.15,4.2984,185.0701,82.6442,270.4002,5.089,49.6699,66.1626,66.1626,0.0,0.0,0,35380.1966,286.4349,125.5868,0.0,58.3489,4.9189,3.4933,69.7694,1,39951.0,2.2,0.0,0.0,15.75,14.385917379855167,14.90817840684661,14.044073798551679,69.7694,0.0
4593,2009-08-07,SZSE:000768,-0.1315,14.3,13.5788,15.4,14.25,35429.9437,15.05,4.0465,174.2266,77.802,254.5571,4.7908,51.0629,56.6414,56.6414,0.0,0.0,0,33175.1162,268.5827,117.7595,0.0,54.7123,4.6123,3.2756,63.4931,1,39951.0,2.2,0.0,0.0,15.75,14.290974825174825,14.623323076923075,13.531321678321676,63.4931,0.0
4594,2009-08-10,SZSE:000768,-0.1315,14.53,13.7971,14.86,14.25,35999.7959,14.56,4.1116,177.0289,79.0533,258.6514,4.8679,50.5142,58.3111,58.3111,0.0,0.0,0,33744.9684,273.1962,119.7823,0.0,55.6521,4.6915,3.3318,43.3392,1,39951.0,2.2,0.0,0.0,15.75,13.825586785960086,14.11045464556091,13.53122333103923,43.3392,0.0
4595,2009-08-11,SZSE:000768,-0.1315,14.54,13.8066,14.72,14.4,36024.5721,14.55,4.1145,177.1507,79.1077,258.8294,4.8712,50.5047,58.3861,58.3861,0.0,0.0,0,33769.7446,273.3968,119.8702,0.0,55.693,4.695,3.3343,23.9499,1,39951.0,2.2,0.0,0.0,15.75,13.816095598349383,13.977520770288859,13.673661623108666,23.9499,0.0
4596,2009-08-12,SZSE:000768,-0.1315,13.64,12.952,14.59,13.5,33794.7155,14.52,3.8598,166.1854,74.2111,242.8083,4.5697,49.1165,49.714,49.714,0.0,0.0,0,31539.888,255.3441,111.9551,0.0,52.0155,4.3849,3.1141,41.2146,1,39951.0,2.2,0.0,0.0,15.75,13.787612903225806,13.854082111436949,12.819061583577712,41.2146,0.0
4597,2009-08-13,SZSE:000768,-0.1315,14.0,13.2939,14.26,13.72,34686.6582,13.93,3.9617,170.5715,76.1698,249.2168,4.6903,49.3189,52.7379,52.7379,0.0,0.0,0,32431.8307,262.5652,115.1211,0.0,53.4865,4.5089,3.2022,39.9253,1,39951.0,2.2,0.0,0.0,15.75,13.2274305,13.540786714285714,13.028022000000002,39.9253,0.0
4598,2009-08-14,SZSE:000768,-0.1419,14.01,13.3034,14.39,13.82,34711.4343,13.98,3.9645,170.6934,76.2242,249.3948,4.6936,48.941,52.8228,52.8228,0.0,0.0,0,32456.6068,262.7657,115.2091,0.0,53.5274,4.5124,3.2046,39.6736,1,39951.0,2.2,0.0,0.0,15.75,13.274913062098502,13.66423454675232,13.12298272662384,39.6736,0.0
4599,2009-08-17,SZSE:000768,-0.1419,13.02,12.3633,14.01,13.0,32258.5921,14.01,3.6843,158.6315,70.8379,231.7716,4.362,51.0091,44.335,44.335,0.0,0.0,0,30003.7646,242.9078,106.5024,0.0,49.4821,4.1714,2.9624,48.8924,1,39951.0,2.2,0.0,0.0,15.75,13.303366589861753,13.303366589861753,12.34430875576037,48.8924,0.0
4600,2009-08-18,SZSE:000768,-0.1419,13.41,12.7336,13.5,12.85,33224.8633,12.93,3.7947,163.3832,72.9597,238.714,4.4926,51.1751,47.8875,47.8875,0.0,0.0,0,30970.0358,250.7306,109.9323,0.0,51.0757,4.3057,3.0578,34.0169,1,39951.0,2.2,0.0,0.0,15.75,12.277811185682326,12.819060402684562,12.201846383296047,34.0169,0.0
4601,2009-08-19,SZSE:000768,-0.1419,12.74,12.0974,13.63,12.51,31564.8589,13.41,3.6051,155.2201,69.3145,226.7872,4.2682,52.2045,42.8304,42.8304,0.0,0.0,0,29310.0314,237.2914,104.0399,0.0,48.338,4.0749,2.8939,33.7262,1,39951.0,2.2,0.0,0.0,15.75,12.733605494505495,12.942508791208793,11.879001098901098,33.7262,0.0
4602,2009-08-20,SZSE:000768,-0.1419,13.52,12.8381,13.65,12.71,33497.4013,12.71,3.8258,164.7234,73.5582,240.6722,4.5295,53.346,49.5145,49.5145,0.0,0.0,0,31242.5738,252.9370,110.8997,0.0,51.5252,4.3436,3.0848,41.4877,1,39951.0,2.2,0.0,0.0,15.75,12.068953476331362,12.96154326923077,12.068953476331362,41.4877,0.0
4603,2009-08-21,SZSE:000768,-0.1429,13.9,13.1989,13.98,13.24,34438.8963,13.6,3.9334,169.3532,75.6257,247.4366,4.6568,53.5215,52.4324,52.4324,0.0,0.0,0,32184.0688,260.5593,114.2417,0.0,53.0779,4.4745,3.1777,51.3094,1,39951.0,2.2,0.0,0.0,15.75,12.914031654676258,13.274864892086331,12.57218964028777,51.3094,0.0
4604,2009-08-24,SZSE:000768,-0.1429,15.29,14.5188,15.29,13.77,37882.786,13.92,4.3267,186.2885,83.1883,272.1803,5.1225,56.4498,61.2539,61.2539,0.0,0.0,0,35627.9585,288.4407,126.4662,0.0,58.7575,4.9533,3.5177,143.1791,1,39951.0,2.2,0.0,0.0,15.75,13.217900327011119,14.5188,13.075466056245913,143.1791,0.0
4605,2009-08-25,SZSE:000768,-0.1429,15.46,14.6802,15.86,14.95,38303.9811,15.29,4.3748,188.3597,84.1132,275.2065,5.1794,56.3613,62.1777,62.1777,0.0,0.0,0,36049.1536,291.8507,127.9613,0.0,59.4522,5.0119,3.5593,184.3639,1,39951.0,2.2,0.0,0.0,15.75,14.518774773609312,15.060024062095728,14.19592432082794,184.3639,0.0
4606,2009-08-26,SZSE:000768,-0.1429,16.8,15.9527,16.8,15.1,41623.9898,15.35,4.754,204.6858,91.4037,299.0601,5.6284,58.3361,68.5443,68.5443,0.0,0.0,0,39369.1623,NM,139.7461,0.0,64.9275,5.4734,3.8871,164.0645,1,39951.0,2.2,0.0,0.0,15.75,14.57583005952381,15.9527,14.33843869047619,164.0645,0.0
4607,2009-08-27,SZSE:000768,-0.1429,16.22,15.4019,16.72,15.7,40186.9711,16.2,4.5899,197.6193,88.2481,288.7354,5.434,58.8674,63.5574,63.5574,0.0,0.0,0,37932.1436,NM,134.6452,0.0,62.5576,5.2736,3.7453,107.8309,1,39951.0,2.2,0.0,0.0,15.75,15.382908754623921,15.876681134401972,14.908127620221949,107.8309,0.0
4608,2009-08-28,SZSE:000768,-0.139,16.2,15.3829,16.52,15.5,40137.4187,16.05,4.5842,197.3756,88.1393,288.3794,5.4273,58.4247,63.3861,63.3861,0.0,0.0,0,37882.5912,NM,134.4693,0.0,62.4759,5.2668,3.7404,126.7509,1,39951.0,2.2,0.0,0.0,15.75,15.240465740740742,15.686759753086418,14.718206790123457,126.7509,0.0
4609,2009-08-31,SZSE:000768,-0.139,15.8,15.0031,16.15,14.88,39146.3714,15.7,4.471,192.5022,85.7298,281.2589,5.2933,58.2903,59.9093,59.9093,0.0,0.0,0,36891.5439,298.6706,130.9515,0.0,58.5295,5.129,3.6362,94.191,1,39951.0,2.2,0.0,0.0,15.75,14.908143670886073,15.335447151898732,14.1295017721519,94.191,0.0
4610,2009-09-01,SZSE:000768,-0.139,14.22,13.5028,15.74,14.22,35231.7342,15.31,4.0239,173.2520,77.1568,253.1330,4.764,62.1293,48.5752,48.5752,0.0,0.0,0,32976.9067,266.9780,117.056,0.0,52.3188,4.5847,3.2504,92.7009,1,39951.0,2.2,0.0,0.0,15.75,14.537824753867792,14.946137271448663,13.5028,92.7009,0.0
4611,2009-09-02,SZSE:000768,-0.139,14.08,13.3698,14.35,13.13,34884.8676,13.8,3.9843,171.5462,76.3972,250.6408,4.7171,61.8826,47.7138,47.7138,0.0,0.0,0,32630.0401,264.1698,115.8247,0.0,51.7685,4.5365,3.2162,65.6859,1,39951.0,2.2,0.0,0.0,15.75,13.103923295454546,13.626181107954544,12.467718323863638,65.6859,0.0
4612,2009-09-03,SZSE:000768,-0.139,14.69,13.9491,14.96,13.8,36396.2149,13.9,4.1569,178.9783,79.707,261.4996,4.9215,62.2494,51.7302,51.7302,0.0,0.0,0,34141.3874,276.4056,121.1894,0.0,54.1663,4.7466,3.3651,52.4651,1,39951.0,2.2,0.0,0.0,15.75,13.198944179714092,14.205482368958478,13.103987746766508,52.4651,0.0
4613,2009-09-04,SZSE:000768,-0.1762,15.21,14.4429,15.67,14.53,37684.5765,14.69,4.3041,185.3138,82.5285,270.7562,5.0957,62.4866,54.91,54.91,0.0,0.0,0,35429.749,286.8360,125.7627,0.0,56.2103,4.9257,3.4921,74.8597,1,39951.0,2.2,0.0,0.0,15.75,13.94912564102564,14.879700394477315,13.79719506903353,74.8597,0.0
4614,2009-09-07,SZSE:000768,-0.1762,15.16,14.3954,15.7,14.8,37560.6956,15.45,4.2899,184.7046,85.1207,269.8661,5.0789,62.4313,54.5379,54.5379,0.0,0.0,0,35305.8681,285.8331,125.3229,0.0,56.0138,4.9085,3.5464,74.2323,1,39951.0,2.2,0.0,0.0,15.75,14.670773746701848,14.908164907651713,14.05355672823219,74.2323,0.0
4615,2009-09-08,SZSE:000768,-0.1762,15.76,14.9651,16.33,14.78,39047.2666,15.01,4.4597,192.0148,88.4896,280.5469,5.2799,62.6684,58.1979,58.1979,0.0,0.0,0,36792.4391,297.8682,130.5997,0.0,58.3723,5.1152,3.6957,91.2702,1,39951.0,2.2,0.0,0.0,15.75,14.252928362944163,15.506350444162436,14.034529060913705,91.2702,0.0
4616,2009-09-09,SZSE:000768,-0.1762,15.86,15.0601,16.0,15.5,39295.0285,15.85,4.488,193.2332,89.0511,282.3270,5.3134,62.2479,58.7934,58.7934,0.0,0.0,0,37040.201,299.8741,131.4792,0.0,58.7654,5.1496,3.7206,70.2081,1,39951.0,2.2,0.0,0.0,15.75,15.050604350567465,15.193039092055486,14.718256620428752,70.2081,0.0
4617,2009-09-10,SZSE:000768,-0.1762,15.37,14.5948,15.96,15.25,38080.9954,15.68,4.3493,187.2632,86.2998,273.6044,5.1493,62.5609,54.6831,54.6831,0.0,0.0,0,35826.1679,290.0454,127.1698,0.0,56.8393,4.9809,3.5987,56.8594,1,39951.0,2.2,0.0,0.0,15.75,14.889164866623291,15.155042810670139,14.48085230969421,56.8594,0.0
4618,2009-09-11,SZSE:000768,-0.1852,15.4,14.6233,15.8,15.16,38155.324,15.32,4.3578,187.6287,86.4683,274.1384,5.1593,62.3459,54.891,54.891,0.0,0.0,0,35900.4965,290.6472,127.4336,0.0,56.9572,4.9912,3.6061,57.8449,1,39951.0,2.2,0.0,0.0,15.75,14.547334805194806,15.003125974025975,14.395404415584416,57.8449,0.0
4619,2009-09-14,SZSE:000768,-0.1852,15.9,15.0981,16.12,15.36,39394.1332,15.42,4.4993,193.7205,89.2757,283.0390,5.3268,62.134,58.3233,58.3233,0.0,0.0,0,37139.3057,NM,131.831,0.0,58.9226,5.1634,3.7306,73.1914,1,39951.0,2.2,0.0,0.0,15.75,14.642308301886793,15.307004528301887,14.58533433962264,73.1914,0.0
4620,2009-09-15,SZSE:000768,-0.1852,15.87,15.0696,16.17,15.71,39319.8046,15.9,4.4908,193.3550,89.1072,282.5050,5.3168,62.0486,58.038,58.038,0.0,0.0,0,37064.9771,NM,131.5671,0.0,58.8047,5.1531,3.7231,65.0633,1,39951.0,2.2,0.0,0.0,15.75,15.098086956521739,15.354469565217393,14.917669565217391,65.0633,0.0
4621,2009-09-16,SZSE:000768,-0.1852,15.39,14.6138,15.77,15.13,38130.5478,15.7,4.355,187.5069,86.4121,273.9604,5.156,62.417,53.5257,53.5257,0.0,0.0,0,35875.7203,290.4466,127.3457,0.0,56.9179,4.9877,3.6036,63.6016,1,39951.0,2.2,0.0,0.0,15.75,14.908165042235215,14.974634567901232,14.366913190383364,63.6016,0.0
4622,2009-09-17,SZSE:000768,-0.1852,15.84,15.0411,16.16,15.3,39245.4761,15.31,4.4823,192.9895,88.9388,281.9710,5.3067,62.5672,56.9082,56.9082,0.0,0.0,0,36990.6486,299.4729,131.3033,0.0,58.6868,5.1427,3.7156,82.6421,1,39951.0,2.2,0.0,0.0,15.75,14.537830871212122,15.344960606060605,14.528335227272727,82.6421,0.0
4623,2009-09-18,SZSE:000768,-0.179,15.7,14.9081,16.29,15.5,38898.6095,15.85,4.4427,191.2838,88.1527,279.4788,5.2598,62.6147,55.5535,55.5535,0.0,0.0,0,36643.782,296.6647,130.072,0.0,58.1364,5.0945,3.6808,112.1978,1,39951.0,2.2,0.0,0.0,15.75,15.050534076433122,15.468340700636944,14.718187898089171,112.1978,0.0
4624,2009-09-21,SZSE:000768,-0.179,15.63,14.8417,15.9,15.0,38725.1762,15.55,4.4229,190.4309,87.7597,278.2327,5.2364,62.6068,54.8505,54.8505,0.0,0.0,0,36470.3487,295.2606,129.4564,0.0,57.8613,5.0704,3.6634,54.6242,1,39951.0,2.2,0.0,0.0,15.75,14.765734804862443,15.09808253358925,14.243474088291746,54.6242,0.0
4625,2009-09-22,SZSE:000768,-0.179,14.86,14.1105,15.89,14.86,36817.41,15.67,4.205,181.0495,83.4363,264.5258,4.9784,63.5412,47.6995,47.6995,0.0,0.0,0,34562.5825,279.8155,122.6845,0.0,54.8346,4.8052,3.4717,56.394,1,39951.0,2.2,0.0,0.0,15.75,14.879645693135934,15.088549461641993,14.1105,56.394,0.0
4626,2009-09-23,SZSE:000768,-0.179,13.85,13.1514,15.04,13.5,34315.0154,14.75,3.9192,168.7440,77.7653,246.5466,4.64,65.1382,40.2812,40.2812,0.0,0.0,0,32060.1879,259.5564,113.8019,0.0,50.8644,4.4573,3.2204,63.0536,1,39951.0,2.2,0.0,0.0,15.75,14.006003610108305,14.281375884476533,12.819054151624549,63.0536,0.0
4627,2009-09-24,SZSE:000768,-0.179,13.38,12.7052,13.99,12.93,33150.5347,13.85,3.7862,163.0177,75.1263,238.1800,4.4826,65.5461,37.3687,37.3687,0.0,0.0,0,30895.7072,250.1288,109.6685,0.0,49.017,4.2954,3.1034,45.5447,1,39951.0,2.2,0.0,0.0,15.75,13.15149626307922,13.284435575485798,12.277895067264572,45.5447,0.0
4628,2009-09-25,SZSE:000768,-0.1697,13.33,12.6577,13.74,13.31,33026.6538,13.5,3.7721,162.4085,74.8456,237.2900,4.4658,65.5509,37.0617,37.0617,0.0,0.0,0,30771.8263,249.1259,109.2287,0.0,48.8204,4.2782,3.091,27.3027,1,39951.0,2.2,0.0,0.0,15.75,12.819126031507876,13.04702160540135,12.638708702175544,27.3027,0.0
4629,2009-09-28,SZSE:000768,-0.1697,12.42,11.7936,13.56,12.12,30772.021,13.4,3.5146,151.3213,69.7361,221.0909,4.161,67.0925,31.9216,31.9216,0.0,0.0,0,28517.1935,230.8726,101.2256,0.0,45.2434,3.9647,2.8645,36.8432,1,39951.0,2.2,0.0,0.0,15.75,12.72417391304348,12.876104347826086,11.508730434782606,36.8432,0.0
4630,2009-09-29,SZSE:000768,-0.1697,12.95,12.2968,13.17,11.51,32085.1588,12.42,3.6645,157.7787,72.712,230.5255,4.3385,67.5036,37.3698,37.3698,0.0,0.0,0,29830.3313,241.5037,105.8868,0.0,47.3267,4.1473,2.9964,57.0703,1,39951.0,2.2,0.0,0.0,15.75,11.793533281853282,12.505703166023167,10.929433822393822,57.0703,0.0
4631,2009-09-30,SZSE:000768,-0.1697,12.4,11.7746,12.98,12.33,30722.4687,12.8,3.5089,151.0777,69.6238,220.7348,4.1543,68.1012,34.3019,34.3019,0.0,0.0,0,28467.6412,230.4714,101.0497,0.0,45.1648,3.9578,2.8595,39.7476,1,39951.0,2.2,0.0,0.0,15.75,12.154425806451613,12.32534741935484,11.708130483870967,39.7476,0.0
4632,2009-10-01,SZSE:000768,-0.1697,0.0,11.7746,0.0,0.0,30722.4687,0.0,3.5089,151.0777,69.6238,220.7348,4.1543,68.1012,34.3019,34.3019,0.0,0.0,0,28467.6412,230.4714,101.0497,0.0,45.1648,3.9578,2.8595,0.0,1,39951.0,2.2,0.0,0.0,15.75,0.0,0.0,0.0,0.0,0.0
4633,2009-10-02,SZSE:000768,-0.1808,0.0,11.7746,0.0,0.0,30722.4687,0.0,3.5089,151.0777,69.6238,220.7348,4.1543,68.1012,34.3019,34.3019,0.0,0.0,0,28467.6412,230.4714,101.0497,0.0,45.1648,3.9578,2.8595,0.0,1,39951.0,2.2,0.0,0.0,15.75,0.0,0.0,0.0,0.0,0.0
4634,2009-10-05,SZSE:000768,-0.1808,0.0,11.7746,0.0,0.0,30722.4687,0.0,3.5089,151.0777,69.6238,220.7348,4.1543,68.1012,34.3019,34.3019,0.0,0.0,0,28467.6412,230.4714,101.0497,0.0,45.1648,3.9578,2.8595,0.0,1,39951.0,2.2,0.0,0.0,15.75,0.0,0.0,0.0,0.0,0.0
4635,2009-10-06,SZSE:000768,-0.1808,0.0,11.7746,0.0,0.0,30722.4687,0.0,3.5089,151.0777,69.6238,220.7348,4.1543,68.1012,34.3019,34.3019,0.0,0.0,0,28467.6412,230.4714,101.0497,0.0,45.1648,3.9578,2.8595,0.0,1,39951.0,2.2,0.0,0.0,15.75,0.0,0.0,0.0,0.0,0.0
4636,2009-10-07,SZSE:000768,-0.1808,0.0,11.7746,0.0,0.0,30722.4687,0.0,3.5089,151.0777,69.6238,220.7348,4.1543,68.1012,34.3019,34.3019,0.0,0.0,0,28467.6412,230.4714,101.0497,0.0,45.1648,3.9578,2.8595,0.0,1,39951.0,2.2,0.0,0.0,15.75,0.0,0.0,0.0,0.0,0.0
4637,2009-10-08,SZSE:000768,-0.1808,0.0,11.7746,0.0,0.0,30722.4687,0.0,3.5089,151.0777,69.6238,220.7348,4.1543,68.1012,34.3019,34.3019,0.0,0.0,0,28467.6412,230.4714,101.0497,0.0,45.1648,3.9578,2.8595,0.0,1,39951.0,2.2,0.0,0.0,15.75,0.0,0.0,0.0,0.0,0.0
4638,2009-10-09,SZSE:000768,-0.3155,12.88,12.2304,12.98,12.41,31911.7255,12.68,3.6447,156.9258,72.3189,229.2794,4.3151,67.3391,39.0079,39.0079,0.0,0.0,0,29656.898,240.0996,105.2711,0.0,47.0515,4.1232,2.979,32.4547,1,39951.0,2.2,0.0,0.0,15.75,12.040486956521738,12.325356521739128,11.784104347826085,32.4547,0.0
4639,2009-10-12,SZSE:000768,-0.3155,12.98,12.3253,13.37,12.9,32159.4874,12.9,3.673,158.1442,72.8804,231.0595,4.3486,67.3344,39.9726,39.9726,0.0,0.0,0,29904.6599,242.1054,106.1506,0.0,47.4446,4.1576,3.0039,31.3961,1,39951.0,2.2,0.0,0.0,15.75,12.249335130970724,12.695628736517717,12.249335130970724,31.3961,0.0
4640,2009-10-13,SZSE:000768,-0.3155,13.1,12.4393,13.17,12.9,32456.8016,13.0,3.707,159.6062,73.5542,233.1957,4.3888,67.3454,41.175,41.175,0.0,0.0,0,30201.9741,244.5124,107.206,0.0,47.9163,4.1989,3.0337,22.8466,1,39951.0,2.2,0.0,0.0,15.75,12.344343511450381,12.505769541984732,12.249387022900764,22.8466,0.0
4641,2009-10-14,SZSE:000768,-0.3155,13.25,12.5817,13.48,13.11,32828.4443,13.21,3.7494,161.4338,74.3964,235.8659,4.439,67.3581,42.7195,42.7195,0.0,0.0,0,30573.6168,247.5212,108.5252,0.0,48.5059,4.2506,3.0711,31.9201,1,39951.0,2.2,0.0,0.0,15.75,12.543717509433963,12.800099320754716,12.448761283018868,31.9201,0.0
4642,2009-10-15,SZSE:000768,-0.3155,13.1,12.4393,13.46,13.08,32456.8016,13.37,3.707,159.6062,73.5542,233.1957,4.3888,66.928,41.5448,41.5448,0.0,0.0,0,30201.9741,244.5124,107.206,0.0,47.9163,4.1989,3.0337,24.7411,1,39951.0,2.2,0.0,0.0,15.75,12.69568251908397,12.781143358778627,12.420308702290075,24.7411,0.0
4643,2009-10-16,SZSE:000768,-0.3276,12.9,12.2494,13.25,12.6,31961.2779,13.2,3.6504,157.1695,72.4312,229.6354,4.3218,66.9676,39.9667,39.9667,0.0,0.0,0,29706.4504,240.5007,105.447,0.0,47.1302,4.13,2.984,29.6402,1,39951.0,2.2,0.0,0.0,15.75,12.534269767441858,12.581748062015505,11.964530232558138,29.6402,0.0
4644,2009-10-19,SZSE:000768,-0.3276,13.08,12.4203,13.09,12.72,32407.2492,12.91,3.7013,159.3626,73.4419,232.8397,4.3821,66.7715,42.0984,42.0984,0.0,0.0,0,30152.4217,244.1113,107.0301,0.0,47.8377,4.192,3.0288,31.1523,1,39951.0,2.2,0.0,0.0,15.75,12.258874082568807,12.429795642201833,12.078456880733945,31.1523,0.0
4645,2009-10-20,SZSE:000768,-0.3276,13.92,13.2179,13.97,13.11,34488.4487,13.26,3.939,169.5968,78.1583,247.7927,4.6635,67.8878,50.8665,50.8665,0.0,0.0,0,32233.6212,260.9605,114.4176,0.0,51.1396,4.4814,3.2378,64.083,1,39951.0,2.2,0.0,0.0,15.75,12.591189224137931,13.26537808908046,12.448754956896552,64.083,0.0
4646,2009-10-21,SZSE:000768,-0.3276,13.71,13.0185,14.16,13.7,33968.1488,13.9,3.8796,167.0383,76.9792,244.0544,4.5931,67.6553,48.8739,48.8739,0.0,0.0,0,31713.3213,256.7482,112.5707,0.0,50.3141,4.4091,3.1855,49.5744,1,39951.0,2.2,0.0,0.0,15.75,13.198916849015315,13.44580306345733,13.009004376367614,49.5744,0.0
4647,2009-10-22,SZSE:000768,-0.3276,0.0,13.0185,0.0,0.0,33968.1488,0.0,3.8796,167.0383,76.9792,244.0544,4.5931,67.6553,48.8739,48.8739,0.0,0.0,0,31713.3213,256.7482,112.5707,0.0,50.3141,4.4091,3.1855,0.0,1,39951.0,2.2,0.0,0.0,15.75,0.0,0.0,0.0,0.0,0.0
4648,2009-10-23,SZSE:000768,-0.5124,13.74,13.047,14.13,13.6,34042.4774,13.72,3.8576,294.4643,71.118,296.6770,6.3947,67.8103,49.1802,49.1802,0.0,0.0,0,32384.8317,193.3661,83.7235,0.0,47.6906,4.4243,3.106,40.0241,1,39951.0,2.2,0.0,0.0,15.75,13.028008733624455,13.417329694323145,12.91406113537118,40.0241,0.0
4649,2009-10-26,SZSE:000768,-0.5124,13.65,12.9615,13.9,13.45,33819.4917,13.83,3.8323,292.5355,70.6522,294.7337,6.3528,67.57,48.2465,48.2465,0.0,0.0,0,32161.8461,192.0346,83.1471,0.0,47.3622,4.3938,3.0846,30.2346,1,39951.0,2.2,0.0,0.0,15.75,13.132420879120877,13.198890109890108,12.771587912087911,30.2346,0.0
4650,2009-10-27,SZSE:000768,-0.5124,13.06,12.4013,13.52,13.0,32357.6968,13.52,3.6667,279.8911,67.5983,281.9943,6.0782,66.8569,42.5438,42.5438,0.0,0.0,0,30700.0512,183.3064,79.3679,0.0,45.2095,4.1941,2.9444,37.6276,1,39951.0,2.2,0.0,0.0,15.75,12.838099234303215,12.838099234303215,12.344326186830015,37.6276,0.0
4651,2009-10-28,SZSE:000768,-0.5124,13.08,12.4203,13.13,12.67,32407.2492,12.96,3.6723,280.3198,67.7019,282.4261,6.0875,66.2845,42.7907,42.7907,0.0,0.0,0,30749.6036,183.6023,79.496,0.0,45.2825,4.2009,2.9492,26.9624,1,39951.0,2.2,0.0,0.0,15.75,12.306352293577982,12.467778211009175,12.03097866972477,26.9624,0.0
4652,2009-10-29,SZSE:000768,-0.5124,12.7,12.0595,12.93,12.67,31465.7542,12.9,3.5656,272.1759,65.735,274.2211,5.9107,64.9469,39.3329,39.3329,0.0,0.0,0,29808.1085,177.9807,77.062,0.0,43.8961,4.0722,2.8589,21.153,1,39951.0,2.2,0.0,0.0,15.75,12.249413385826774,12.277900393700788,12.031012992125985,21.153,0.0
4653,2009-10-30,SZSE:000768,-0.4174,13.08,12.4203,13.29,12.8,32407.2492,12.94,3.6723,280.3198,67.7019,282.4261,6.0875,62.0676,44.1897,44.1897,0.0,0.0,0,30749.6036,183.6023,79.496,0.0,45.2825,4.2009,2.9492,30.7558,1,39951.0,2.2,0.0,0.0,15.75,12.287361009174312,12.619708486238531,12.154422018348624,30.7558,0.0
4654,2009-11-02,SZSE:000768,-0.4174,0.0,12.4203,0.0,0.0,32407.2492,0.0,3.6723,280.3198,67.7019,282.4261,6.0875,62.0676,44.1897,44.1897,0.0,0.0,0,30749.6036,183.6023,79.496,0.0,45.2825,4.2009,2.9492,0.0,1,39951.0,2.2,0.0,0.0,15.75,0.0,0.0,0.0,0.0,0.0
4655,2009-11-03,SZSE:000768,-0.4174,0.0,12.4203,0.0,0.0,32407.2492,0.0,3.6723,280.3198,67.7019,282.4261,6.0875,62.0676,44.1897,44.1897,0.0,0.0,0,30749.6036,183.6023,79.496,0.0,45.2825,4.2009,2.9492,0.0,1,39951.0,2.2,0.0,0.0,15.75,0.0,0.0,0.0,0.0,0.0
4656,2009-11-04,SZSE:000768,-0.4174,0.0,12.4203,0.0,0.0,32407.2492,0.0,3.6723,280.3198,67.7019,282.4261,6.0875,62.0676,44.1897,44.1897,0.0,0.0,0,30749.6036,183.6023,79.496,0.0,45.2825,4.2009,2.9492,0.0,1,39951.0,2.2,0.0,0.0,15.75,0.0,0.0,0.0,0.0,0.0
4657,2009-11-05,SZSE:000768,-0.4174,0.0,12.4203,0.0,0.0,32407.2492,0.0,3.6723,280.3198,67.7019,282.4261,6.0875,62.0676,44.1897,44.1897,0.0,0.0,0,30749.6036,183.6023,79.496,0.0,45.2825,4.2009,2.9492,0.0,1,39951.0,2.2,0.0,0.0,15.75,0.0,0.0,0.0,0.0,0.0
4658,2009-11-06,SZSE:000768,-0.4299,0.0,12.4203,0.0,0.0,32407.2492,0.0,3.6723,280.3198,67.7019,282.4261,6.0875,62.0676,44.1897,44.1897,0.0,0.0,0,30749.6036,183.6023,79.496,0.0,45.2825,4.2009,2.9492,0.0,1,39951.0,2.2,0.0,0.0,15.75,0.0,0.0,0.0,0.0,0.0
4659,2009-11-09,SZSE:000768,-0.4299,0.0,12.4203,0.0,0.0,32407.2492,0.0,3.6723,280.3198,67.7019,282.4261,6.0875,62.0676,44.1897,44.1897,0.0,0.0,0,30749.6036,183.6023,79.496,0.0,45.2825,4.2009,2.9492,0.0,1,39951.0,2.2,0.0,0.0,15.75,0.0,0.0,0.0,0.0,0.0
4660,2009-11-10,SZSE:000768,-0.4299,0.0,12.4203,0.0,0.0,32407.2492,0.0,3.6723,280.3198,66.4297,282.4261,6.0875,62.0676,44.1897,44.1897,0.0,0.0,0,30749.6036,183.6023,79.496,0.0,40.0142,4.2009,2.8568,0.0,1,39951.0,2.2,0.0,0.0,15.75,0.0,0.0,0.0,0.0,0.0
4661,2009-11-11,SZSE:000768,-0.4299,0.0,12.4203,0.0,0.0,32407.2492,0.0,3.6723,280.3198,66.4297,282.4261,6.0875,62.0676,44.1897,44.1897,0.0,0.0,0,30749.6036,183.6023,79.496,0.0,40.0142,4.2009,2.8568,0.0,1,39951.0,2.2,0.0,0.0,15.75,0.0,0.0,0.0,0.0,0.0
4662,2009-11-12,SZSE:000768,-0.4299,0.0,12.4203,0.0,0.0,32407.2492,0.0,3.6723,280.3198,66.4297,282.4261,6.0875,62.0676,44.1897,44.1897,0.0,0.0,0,30749.6036,183.6023,79.496,0.0,40.0142,4.2009,2.8568,0.0,1,39951.0,2.2,0.0,0.0,15.75,0.0,0.0,0.0,0.0,0.0
4663,2009-11-13,SZSE:000768,-0.3629,0.0,12.4203,0.0,0.0,32407.2492,0.0,3.6723,280.3198,66.4297,282.4261,6.0875,62.0676,44.1897,44.1897,0.0,0.0,0,30749.6036,183.6023,79.496,0.0,40.0142,4.2009,2.8568,0.0,1,39951.0,2.2,0.0,0.0,15.75,0.0,0.0,0.0,0.0,0.0
4664,2009-11-16,SZSE:000768,-0.3629,0.0,12.4203,0.0,0.0,32407.2492,0.0,3.6723,280.3198,66.4297,282.4261,6.0875,62.0676,44.1897,44.1897,0.0,0.0,0,30749.6036,183.6023,79.496,0.0,40.0142,4.2009,2.8568,0.0,1,39951.0,2.2,0.0,0.0,15.75,0.0,0.0,0.0,0.0,0.0
4665,2009-11-17,SZSE:000768,-0.3629,0.0,12.4203,0.0,0.0,32407.2492,0.0,3.6723,280.3198,66.4297,282.4261,6.0875,62.0676,44.1897,44.1897,0.0,0.0,0,30749.6036,183.6023,79.496,0.0,40.0142,4.2009,2.8568,0.0,1,39951.0,2.2,0.0,0.0,15.75,0.0,0.0,0.0,0.0,0.0
4666,2009-11-18,SZSE:000768,-0.3629,0.0,12.4203,0.0,0.0,32407.2492,0.0,3.6723,280.3198,66.4297,282.4261,6.0875,62.0676,44.1897,44.1897,0.0,0.0,0,30749.6036,183.6023,79.496,0.0,40.0142,4.2009,2.8568,0.0,1,39951.0,2.2,0.0,0.0,15.75,0.0,0.0,0.0,0.0,0.0
4667,2009-11-19,SZSE:000768,-0.3629,0.0,12.4203,0.0,0.0,32407.2492,0.0,3.6723,280.3198,66.4297,282.4261,6.0875,62.0676,44.1897,44.1897,0.0,0.0,0,30749.6036,183.6023,79.496,0.0,40.0142,4.2009,2.8568,0.0,1,39951.0,2.2,0.0,0.0,15.75,0.0,0.0,0.0,0.0,0.0
4668,2009-11-20,SZSE:000768,-0.3763,0.0,12.4203,0.0,0.0,32407.2492,0.0,3.6723,280.3198,66.4297,282.4261,6.0875,62.0676,44.1897,44.1897,0.0,0.0,0,30749.6036,183.6023,79.496,0.0,40.0142,4.2009,2.8568,0.0,1,39951.0,2.2,0.0,0.0,15.75,0.0,0.0,0.0,0.0,0.0
4669,2009-11-23,SZSE:000768,-0.3763,0.0,12.4203,0.0,0.0,32407.2492,0.0,3.6723,280.3198,66.4297,282.4261,6.0875,62.0676,44.1897,44.1897,0.0,0.0,0,30749.6036,183.6023,79.496,0.0,40.0142,4.2009,2.8568,0.0,1,39951.0,2.2,0.0,0.0,15.75,0.0,0.0,0.0,0.0,0.0
4670,2009-11-24,SZSE:000768,-0.3763,0.0,12.4203,0.0,0.0,32407.2492,0.0,3.6723,280.3198,66.4297,282.4261,6.0875,62.0676,44.1897,44.1897,0.0,0.0,0,30749.6036,183.6023,79.496,0.0,40.0142,4.2009,2.8568,0.0,1,39951.0,2.2,0.0,0.0,15.75,0.0,0.0,0.0,0.0,0.0
4671,2009-11-25,SZSE:000768,-0.3763,0.0,12.4203,0.0,0.0,32407.2492,0.0,3.6723,280.3198,66.4297,282.4261,6.0875,62.0676,44.1897,44.1897,0.0,0.0,0,30749.6036,183.6023,79.496,0.0,40.0142,4.2009,2.8568,0.0,1,39951.0,2.2,0.0,0.0,15.75,0.0,0.0,0.0,0.0,0.0
4672,2009-11-26,SZSE:000768,-0.3763,0.0,12.4203,0.0,0.0,32407.2492,0.0,3.6723,280.3198,66.4297,282.4261,6.0875,62.0676,44.1897,44.1897,0.0,0.0,0,30749.6036,183.6023,79.496,0.0,40.0142,4.2009,2.8568,0.0,1,39951.0,2.2,0.0,0.0,15.75,0.0,0.0,0.0,0.0,0.0
4673,2009-11-27,SZSE:000768,-0.2951,0.0,12.4203,0.0,0.0,32407.2492,0.0,3.6723,280.3198,66.4297,282.4261,6.0875,62.0676,44.1897,44.1897,0.0,0.0,0,30749.6036,183.6023,79.496,0.0,40.0142,4.2009,2.8568,0.0,1,39951.0,2.2,0.0,0.0,15.75,0.0,0.0,0.0,0.0,0.0
4674,2009-11-30,SZSE:000768,-0.2951,0.0,12.4203,0.0,0.0,32407.2492,0.0,3.6723,280.3198,66.4297,282.4261,6.0875,62.0676,44.1897,44.1897,0.0,0.0,0,30749.6036,183.6023,79.496,0.0,40.0142,4.2009,2.8568,0.0,1,39951.0,2.2,0.0,0.0,15.75,0.0,0.0,0.0,0.0,0.0
4675,2009-12-01,SZSE:000768,-0.2951,0.0,12.4203,0.0,0.0,32407.2492,0.0,3.6723,280.3198,66.4297,282.4261,6.0875,62.0676,44.1897,44.1897,0.0,0.0,0,30749.6036,183.6023,79.496,0.0,40.0142,4.2009,2.8568,0.0,1,39951.0,2.2,0.0,0.0,15.75,0.0,0.0,0.0,0.0,0.0
4676,2009-12-02,SZSE:000768,-0.2951,0.0,12.4203,0.0,0.0,32407.2492,0.0,3.6723,280.3198,66.4297,282.4261,6.0875,62.0676,44.1897,44.1897,0.0,0.0,0,30749.6036,183.6023,79.496,0.0,40.0142,4.2009,2.8568,0.0,1,39951.0,2.2,0.0,0.0,15.75,0.0,0.0,0.0,0.0,0.0
4677,2009-12-03,SZSE:000768,-0.2951,0.0,12.4203,0.0,0.0,32407.2492,0.0,3.6723,280.3198,66.4297,282.4261,6.0875,62.0676,44.1897,44.1897,0.0,0.0,0,30749.6036,183.6023,79.496,0.0,40.0142,4.2009,2.8568,0.0,1,39951.0,2.2,0.0,0.0,15.75,0.0,0.0,0.0,0.0,0.0
4678,2009-12-04,SZSE:000768,-0.2303,0.0,12.4203,0.0,0.0,32407.2492,0.0,3.6723,280.3198,66.4297,282.4261,6.0875,62.0676,44.1897,44.1897,0.0,0.0,0,30749.6036,183.6023,79.496,0.0,40.0142,4.2009,2.8568,0.0,1,39951.0,2.2,0.0,0.0,15.75,0.0,0.0,0.0,0.0,0.0
4679,2009-12-07,SZSE:000768,-0.2303,0.0,12.4203,0.0,0.0,32407.2492,0.0,3.6723,280.3198,66.4297,282.4261,6.0875,62.0676,44.1897,44.1897,0.0,0.0,0,30749.6036,183.6023,79.496,0.0,40.0142,4.2009,2.8568,0.0,1,39951.0,2.2,0.0,0.0,15.75,0.0,0.0,0.0,0.0,0.0
4680,2009-12-08,SZSE:000768,-0.2303,0.0,12.4203,0.0,0.0,32407.2492,0.0,3.6723,280.3198,63.3108,282.4261,6.0875,62.0676,44.1897,44.1897,0.0,0.0,0,30749.6036,183.6023,79.496,0.0,40.0142,4.2009,2.9938,0.0,1,39951.0,2.2,0.0,0.0,15.75,0.0,0.0,0.0,0.0,0.0
4681,2009-12-09,SZSE:000768,-0.2303,0.0,12.4203,0.0,0.0,32407.2492,0.0,3.6723,280.3198,63.219,282.4261,6.0875,62.0676,44.1897,44.1897,0.0,0.0,0,30749.6036,183.6023,79.496,0.0,40.0142,4.2009,2.9938,0.0,1,39951.0,2.2,0.0,0.0,15.75,0.0,0.0,0.0,0.0,0.0
4682,2009-12-10,SZSE:000768,-0.2303,14.39,13.6642,14.39,14.39,35652.9294,14.39,4.0401,NM,69.5505,NM,6.6972,58.2286,56.9767,56.9767,0.0,0.0,0,33995.2837,202.9819,87.887,0.0,44.2378,4.6443,3.3098,1.4924,1,39951.0,2.2,0.0,0.0,15.75,13.6642,13.6642,13.6642,1.4924,0.0
4683,2009-12-11,SZSE:000768,-0.213,15.83,15.0316,15.83,15.83,39220.6999,15.83,4.4444,NM,76.5104,NM,7.3674,64.6891,66.1561,66.1561,0.0,0.0,0,37563.0543,224.2846,97.1106,0.0,48.8805,5.1317,3.6571,4.5409,1,39951.0,2.2,0.0,0.0,15.75,15.0316,15.0316,15.0316,4.5409,0.0
4684,2009-12-14,SZSE:000768,-0.213,15.99,15.1835,17.32,15.78,39617.1189,17.31,4.4893,NM,77.2837,NM,7.4419,64.0899,66.9986,66.9986,0.0,0.0,0,37959.4732,226.6516,98.1355,0.0,49.3964,5.1858,3.6957,168.1687,1,39951.0,2.2,0.0,0.0,15.75,16.43692213883677,16.44641776110069,14.984091932457787,168.1687,0.0
4685,2009-12-15,SZSE:000768,-0.213,15.68,14.8891,16.59,15.54,38849.0571,15.99,4.4023,NM,75.7854,NM,7.2976,64.3413,63.6903,63.6903,0.0,0.0,0,37191.4115,222.0656,96.1498,0.0,48.3969,5.0809,3.621,69.5817,1,39951.0,2.2,0.0,0.0,15.75,15.183463584183672,15.753199553571426,14.756161607142856,69.5817,0.0
4686,2009-12-16,SZSE:000768,-0.213,15.19,14.4239,15.68,15.02,37635.0241,15.41,4.2647,NM,73.4171,NM,7.0695,64.384,58.752,58.752,0.0,0.0,0,35977.3785,214.8167,93.0112,0.0,46.8171,4.9151,3.5028,56.7423,1,39951.0,2.2,0.0,0.0,15.75,14.632804410796576,14.889187096774194,14.262473864384464,56.7423,0.0
4687,2009-12-17,SZSE:000768,-0.213,15.89,15.0886,16.5,15.04,39369.357,15.15,4.4612,NM,76.8004,NM,7.3953,65.1856,63.148,63.148,0.0,0.0,0,37711.7114,225.1722,97.495,0.0,49.074,5.152,3.6716,78.0184,1,39951.0,2.2,0.0,0.0,15.75,14.385921334172435,15.667835116425424,14.28146910006293,78.0184,0.0
4688,2009-12-18,SZSE:000768,-0.2209,15.13,14.3669,15.79,15.1,37486.367,15.56,4.2479,NM,73.1271,NM,7.0416,66.675,56.151,56.151,0.0,0.0,0,35828.7214,213.9291,92.6269,0.0,46.6236,4.8947,3.4883,36.9253,1,39951.0,2.2,0.0,0.0,15.75,14.775212425644412,14.993612095175147,14.338413086582944,36.9253,0.0
4689,2009-12-21,SZSE:000768,-0.2209,14.87,14.12,15.38,14.61,36842.1862,15.13,4.1749,NM,71.8705,NM,6.9206,66.8316,53.9487,53.9487,0.0,0.0,0,35184.5406,210.0828,90.9615,0.0,45.7854,4.8067,3.4256,29.1396,1,39951.0,2.2,0.0,0.0,15.75,14.366886348352388,14.604277067921991,13.873113651647612,29.1396,0.0
4690,2009-12-22,SZSE:000768,-0.2209,14.87,14.12,15.35,14.71,36842.1862,14.9,4.1749,NM,71.8705,NM,6.9206,65.2204,53.9487,53.9487,0.0,0.0,0,35184.5406,210.0828,90.9615,0.0,45.7854,4.8067,3.4256,31.224,1,39951.0,2.2,0.0,0.0,15.75,14.148486886348355,14.575790181573637,13.968069939475454,31.224,0.0
4691,2009-12-23,SZSE:000768,-0.2209,14.94,14.1865,15.1,14.8,37015.6195,14.8,4.1945,NM,72.2088,NM,6.9532,61.7403,54.5059,54.5059,0.0,0.0,0,35357.9738,211.1183,91.4099,0.0,46.0111,4.8304,3.4425,19.5093,1,39951.0,2.2,0.0,0.0,15.75,14.053560910307901,14.338430388219544,14.053560910307901,19.5093,0.0
4692,2009-12-24,SZSE:000768,-0.2209,15.24,14.4713,15.32,14.85,37758.905,15.06,4.2787,NM,73.6588,NM,7.0928,60.9181,56.9118,56.9118,0.0,0.0,0,36101.2594,215.5564,93.3315,0.0,46.9783,4.932,3.5148,29.9386,1,39951.0,2.2,0.0,0.0,15.75,14.300379133858268,14.547264829396324,14.100971456692912,29.9386,0.0
4693,2009-12-25,SZSE:000768,-0.2737,15.49,14.7087,15.79,15.05,38378.3096,15.27,4.3489,NM,74.8671,NM,7.2092,60.964,58.8642,58.8642,0.0,0.0,0,36720.664,219.2548,94.9328,0.0,47.7843,5.0166,3.5751,40.6381,1,39951.0,2.2,0.0,0.0,15.75,14.499796578437703,14.993568302130404,14.290893156875404,40.6381,0.0
4694,2009-12-28,SZSE:000768,-0.2737,15.53,14.7467,15.77,15.33,38477.4144,15.49,4.3602,NM,75.0604,NM,7.2278,56.6348,59.1829,59.1829,0.0,0.0,0,36819.7687,219.8466,95.189,0.0,47.9133,5.0301,3.5848,27.3962,1,39951.0,2.2,0.0,0.0,15.75,14.70871751448809,14.974594913071476,14.556787572440438,27.3962,0.0
4695,2009-12-29,SZSE:000768,-0.2737,15.2,14.4334,15.52,15.06,37659.8003,15.52,4.2675,NM,73.4654,NM,7.0742,56.2711,55.3717,55.3717,0.0,0.0,0,36002.1546,214.9647,93.0753,0.0,46.8493,4.9184,3.5052,27.4368,1,39951.0,2.2,0.0,0.0,15.75,14.737261052631581,14.737261052631581,14.300460789473686,27.4368,0.0
4696,2009-12-30,SZSE:000768,-0.2737,15.34,14.5663,15.75,15.26,38006.6669,15.3,4.3068,NM,74.1421,NM,7.1393,54.3596,56.6472,56.6472,0.0,0.0,0,36349.0212,217.0358,93.972,0.0,47.3007,4.9658,3.5389,32.8474,1,39951.0,2.2,0.0,0.0,15.75,14.528317470664929,14.955620925684485,14.490334941329857,32.8474,0.0
4697,2009-12-31,SZSE:000768,-0.2737,15.29,14.5188,15.47,15.1,37882.786,15.23,4.2928,NM,73.9004,NM,7.1161,53.5263,56.0313,56.0313,0.0,0.0,0,36225.1403,216.2961,93.6518,0.0,47.1395,4.9489,3.5269,22.126,1,39951.0,2.2,0.0,0.0,15.75,14.461826291693919,14.68972112491825,14.33838325703074,22.126,0.0
4698,2010-01-01,SZSE:000768,-0.2667,0.0,14.5188,0.0,0.0,37882.786,0.0,4.2928,NM,73.9004,NM,7.1161,53.5263,56.0313,56.0313,0.0,0.0,0,36225.1403,216.2961,93.6518,0.0,47.1395,4.9489,3.5269,0.0,1,39951.0,2.2,0.0,0.0,15.75,0.0,0.0,0.0,0.0,0.0
4699,2010-01-04,SZSE:000768,-0.2667,15.37,14.5948,15.68,15.25,38080.9954,15.4,4.3152,NM,74.2871,NM,7.1533,52.6582,56.8399,56.8399,0.0,0.0,0,36423.3498,217.4796,94.1642,0.0,47.3974,4.976,3.5462,26.6576,1,39951.0,2.2,0.0,0.0,15.75,14.62328692257645,14.889164866623291,14.48085230969421,26.6576,0.0
4700,2010-01-05,SZSE:000768,-0.2667,15.4,14.6233,15.56,15.08,38155.324,15.38,4.3237,NM,74.4321,NM,7.1673,51.8455,57.1581,57.1581,0.0,0.0,0,36497.6783,217.9234,94.3563,0.0,47.4941,4.9861,3.5534,30.0754,1,39951.0,2.2,0.0,0.0,15.75,14.604308701298702,14.77523038961039,14.319439220779222,30.0754,0.0
4701,2010-01-06,SZSE:000768,-0.2667,15.66,14.8702,16.2,15.24,38799.5048,15.32,4.3967,NM,75.6887,NM,7.2883,51.1277,59.9161,59.9161,0.0,0.0,0,37141.8591,221.7697,96.0217,0.0,48.3324,5.0741,3.6161,60.8175,1,39951.0,2.2,0.0,0.0,15.75,14.547347637292464,15.382965517241377,14.471382375478928,60.8175,0.0
4702,2010-01-07,SZSE:000768,-0.2667,15.18,14.4144,15.6,15.12,37610.2479,15.6,4.2619,NM,73.3688,NM,7.0649,51.3838,53.1175,53.1175,0.0,0.0,0,35952.6023,214.6688,92.9472,0.0,46.7848,4.9117,3.5004,33.9407,1,39951.0,2.2,0.0,0.0,15.75,14.813217391304349,14.813217391304349,14.35742608695652,33.9407,0.0
4703,2010-01-08,SZSE:000768,-0.2149,15.09,14.3289,15.29,14.73,37387.2623,15.1,4.2366,NM,72.9338,NM,7.023,50.7387,51.9278,51.9278,0.0,0.0,0,35729.6166,213.3374,92.3707,0.0,46.4947,4.8812,3.4786,27.0773,1,39951.0,2.2,0.0,0.0,15.75,14.338395626242544,14.518812524850894,13.98705745526839,27.0773,0.0
4704,2010-01-11,SZSE:000768,-0.2149,14.99,14.2339,15.33,14.9,37139.5004,15.29,4.2086,NM,72.4505,NM,6.9765,50.0541,50.5723,50.5723,0.0,0.0,0,35481.8548,211.8580,91.7302,0.0,46.1723,4.8474,3.4545,21.5303,1,39951.0,2.2,0.0,0.0,15.75,14.518767911941294,14.556750300200132,14.148439626417613,21.5303,0.0
4705,2010-01-12,SZSE:000768,-0.2149,15.21,14.4429,15.3,14.98,37684.5765,15.1,4.2703,NM,73.5138,NM,7.0788,50.1205,53.451,53.451,0.0,0.0,0,36026.9308,215.1126,93.1393,0.0,46.8816,4.9218,3.5076,21.17,1,39951.0,2.2,0.0,0.0,15.75,14.338447731755423,14.528360946745563,14.22449980276134,21.17,0.0
4706,2010-01-13,SZSE:000768,-0.2149,15.03,14.2719,15.27,14.8,37238.6052,14.94,4.2198,NM,72.6438,NM,6.9951,50.285,50.842,50.842,0.0,0.0,0,35580.9595,212.4498,91.9864,0.0,46.3012,4.8609,3.4642,26.701,1,39951.0,2.2,0.0,0.0,15.75,14.186439520958086,14.499794610778443,14.053500998003994,26.701,0.0
4707,2010-01-14,SZSE:000768,-0.2149,15.19,14.4239,15.25,14.94,37635.0241,15.03,4.2647,NM,73.4171,NM,7.0695,50.2771,53.0364,53.0364,0.0,0.0,0,35977.3785,214.8167,93.0112,0.0,46.8171,4.9151,3.5028,26.399,1,39951.0,2.2,0.0,0.0,15.75,14.271969519420672,14.480873930217248,14.186508624094799,26.399,0.0
4708,2010-01-15,SZSE:000768,-0.2299,15.2,14.4334,15.39,15.15,37659.8003,15.39,4.2675,NM,73.4654,NM,7.0742,50.1174,53.1771,53.1771,0.0,0.0,0,36002.1546,214.9647,93.0753,0.0,46.8493,4.9184,3.5052,22.7267,1,39951.0,2.2,0.0,0.0,15.75,14.613817500000003,14.613817500000003,14.385921710526317,22.7267,0.0
4709,2010-01-18,SZSE:000768,-0.2299,15.56,14.7752,15.59,15.16,38551.7429,15.2,4.3686,NM,75.2054,NM,7.2417,50.081,58.0492,58.0492,0.0,0.0,0,36894.0973,220.2904,95.3812,0.0,48.01,5.0403,3.592,34.4135,1,39951.0,2.2,0.0,0.0,15.75,14.433357326478147,14.803686889460154,14.395374807197943,34.4135,0.0
4710,2010-01-19,SZSE:000768,-0.2299,15.41,14.6328,15.7,15.35,38180.1002,15.56,4.3265,NM,74.4804,NM,7.1719,50.1743,55.4597,55.4597,0.0,0.0,0,36522.4545,218.0713,94.4204,0.0,47.5264,4.9895,3.5558,23.8474,1,39951.0,2.2,0.0,0.0,15.75,14.775234782608697,14.908173913043475,14.575826086956521,23.8474,0.0
4711,2010-01-20,SZSE:000768,-0.2299,14.79,14.044,15.4,14.7,36643.9767,15.39,4.1524,NM,71.4838,NM,6.8834,49.0627,46.2719,46.2719,0.0,0.0,0,34986.3311,208.8993,90.4491,0.0,45.5274,4.7797,3.4063,31.9806,1,39951.0,2.2,0.0,0.0,15.75,14.613736308316431,14.62323191345504,13.958539553752535,31.9806,0.0
4712,2010-01-21,SZSE:000768,-0.2299,14.72,13.9776,14.95,14.61,36470.5434,14.81,4.1328,NM,71.1455,NM,6.8508,48.8825,45.3582,45.3582,0.0,0.0,0,34812.8978,207.8638,90.0007,0.0,45.3018,4.756,3.3894,16.5544,1,39951.0,2.2,0.0,0.0,15.75,14.06306086956522,14.196000000000002,13.873147826086955,16.5544,0.0
4713,2010-01-22,SZSE:000768,-0.1275,14.18,13.4648,14.62,14.0,35132.6295,14.62,3.9811,NM,68.5355,NM,6.5995,49.273,38.9663,38.9663,0.0,0.0,0,33474.9838,199.8752,86.5419,0.0,43.5607,4.5732,3.2591,23.358,1,39951.0,2.2,0.0,0.0,15.75,13.88260761636107,13.88260761636107,13.293878702397745,23.358,0.0
4714,2010-01-25,SZSE:000768,-0.1275,14.17,13.4553,14.4,14.0,35107.8533,14.15,3.9783,NM,68.4872,NM,6.5948,49.273,38.8571,38.8571,0.0,0.0,0,33450.2076,199.7273,86.4778,0.0,43.5285,4.5698,3.2567,12.9455,1,39951.0,2.2,0.0,0.0,15.75,13.436308750882144,13.673699364855329,13.293874382498236,12.9455,0.0
4715,2010-01-26,SZSE:000768,-0.1275,13.42,12.7431,14.3,13.27,33249.6395,14.25,3.7678,287.6064,64.8623,289.7675,6.2458,51.2985,31.6849,31.6849,0.0,0.0,0,31591.9938,188.6321,81.6738,0.0,41.1104,4.3159,3.0758,18.1643,1,39951.0,2.2,0.0,0.0,15.75,13.531235096870343,13.5787131147541,12.600665946348732,18.1643,0.0
4716,2010-01-27,SZSE:000768,-0.1275,13.6,12.9141,14.0,13.6,33695.6108,13.62,3.8183,291.4640,65.7322,293.6541,6.3295,50.0573,34.7956,34.7956,0.0,0.0,0,32037.9651,191.2950,82.8268,0.0,41.6908,4.3769,3.1192,18.6185,1,39951.0,2.2,0.0,0.0,15.75,12.93309132352941,13.293926470588236,12.9141,18.6185,0.0
4717,2010-01-28,SZSE:000768,-0.1275,13.6,12.9141,13.77,13.31,33695.6108,13.6,3.8183,291.4640,67.7966,293.6541,6.3295,50.0573,34.7956,34.7956,0.0,0.0,0,32037.9651,191.2950,82.8268,0.0,51.0943,4.3769,3.1906,10.1325,1,39951.0,2.2,0.0,0.0,15.75,12.9141,13.07552625,12.63872580882353,10.1325,0.0
4718,2010-01-29,SZSE:000768,-0.088,13.75,13.0565,13.83,13.45,34067.2536,13.6,3.8604,294.6786,68.5444,296.8929,6.3994,49.4438,37.5441,37.5441,0.0,0.0,0,32409.6079,193.5140,83.7876,0.0,51.687,4.4276,3.2276,11.4802,1,39951.0,2.2,0.0,0.0,15.75,12.914065454545453,13.13246509090909,12.77163090909091,11.4802,0.0
4719,2010-02-01,SZSE:000768,-0.088,13.74,13.047,13.99,13.61,34042.4774,13.81,3.8576,294.4643,68.4945,296.6770,6.3947,48.9046,37.4308,37.4308,0.0,0.0,0,32384.8317,193.3661,83.7235,0.0,51.6475,4.4243,3.2252,12.0479,1,39951.0,2.2,0.0,0.0,15.75,13.113469432314412,13.284390829694322,12.923556768558951,12.0479,0.0
4720,2010-02-02,SZSE:000768,-0.088,13.42,12.7431,13.88,13.4,33249.6395,13.88,3.7678,287.6064,66.8993,289.7675,6.2458,48.6611,33.9054,33.9054,0.0,0.0,0,31591.9938,188.6321,81.6738,0.0,50.3831,4.3159,3.1462,11.0046,1,39951.0,2.2,0.0,0.0,15.75,13.179897764530553,13.179897764530553,12.724108792846499,11.0046,0.0
4721,2010-02-03,SZSE:000768,-0.088,13.54,12.8571,13.55,12.81,33546.9537,13.43,3.8015,290.1781,67.4975,292.3585,6.3016,48.0619,36.3273,36.3273,0.0,0.0,0,31889.308,190.4073,82.4425,0.0,50.8572,4.3566,3.1758,16.1171,1,39951.0,2.2,0.0,0.0,15.75,12.752647932053176,12.866595642540624,12.163918094534715,16.1171,0.0
4722,2010-02-04,SZSE:000768,-0.088,13.42,12.7431,13.6,13.3,33249.6395,13.45,3.7678,287.6064,66.8993,289.7675,6.2458,47.5037,34.9482,34.9482,0.0,0.0,0,31591.9938,188.6321,81.6738,0.0,50.3831,4.3159,3.1462,14.2654,1,39951.0,2.2,0.0,0.0,15.75,12.771586810730254,12.914020864381522,12.629152757078987,14.2654,0.0
4723,2010-02-05,SZSE:000768,-0.0749,13.06,12.4013,13.2,12.94,32357.6968,13.08,3.6667,279.8911,65.1047,281.9943,6.0782,47.4073,31.1301,31.1301,0.0,0.0,0,30700.0512,183.3064,79.3679,0.0,48.9606,4.1941,3.0574,15.3113,1,39951.0,2.2,0.0,0.0,15.75,12.42029127105666,12.534238897396632,12.287352373660031,15.3113,0.0
4724,2010-02-08,SZSE:000768,-0.0749,12.91,12.2589,13.15,12.88,31986.0541,13.06,3.6246,276.6765,64.3569,278.7554,6.0084,46.9092,29.6754,29.6754,0.0,0.0,0,30328.4084,181.0874,78.4071,0.0,48.3679,4.1433,3.0204,8.3366,1,39951.0,2.2,0.0,0.0,15.75,12.401334934159568,12.486795894655305,12.230413013168087,8.3366,0.0
4725,2010-02-09,SZSE:000768,-0.0749,12.95,12.2968,13.06,12.9,32085.1588,12.91,3.6358,277.5337,64.5563,279.6191,6.027,46.9092,30.6067,30.6067,0.0,0.0,0,30427.5132,181.6791,78.6633,0.0,48.526,4.1569,3.0302,5.5295,1,39951.0,2.2,0.0,0.0,15.75,12.258817606177606,12.401251583011582,12.249322007722009,5.5295,0.0
4726,2010-02-10,SZSE:000768,-0.0749,13.34,12.6672,13.44,13.01,33051.43,13.02,3.7453,285.8919,66.5005,288.0401,6.2085,46.9092,39.0777,39.0777,0.0,0.0,0,31393.7843,187.4486,81.1614,0.0,50.067,4.2889,3.1265,12.1059,1,39951.0,2.2,0.0,0.0,15.75,12.363339130434781,12.76215652173913,12.35384347826087,12.1059,0.0
4727,2010-02-11,SZSE:000768,-0.0749,13.26,12.5912,13.42,13.17,32853.2205,13.34,3.7228,284.1774,66.1017,286.3127,6.1713,45.8594,38.0516,38.0516,0.0,0.0,0,31195.5749,186.2651,80.649,0.0,49.7509,4.2618,3.1067,7.8296,1,39951.0,2.2,0.0,0.0,15.75,12.66716500754148,12.743130015082956,12.505739366515838,7.8296,0.0
4728,2010-02-12,SZSE:000768,-0.0183,13.46,12.7811,13.5,13.26,33348.7442,13.29,3.779,288.4636,67.0987,290.6311,6.2644,45.4767,42.1419,42.1419,0.0,0.0,0,31691.0986,189.2239,81.93,0.0,50.5411,4.3295,3.1561,6.611,1,39951.0,2.2,0.0,0.0,15.75,12.619674517087665,12.819082466567608,12.591187667161961,6.611,0.0
4729,2010-02-15,SZSE:000768,-0.0183,0.0,12.7811,0.0,0.0,33348.7442,0.0,3.779,288.4636,67.0987,290.6311,6.2644,45.4767,42.1419,42.1419,0.0,0.0,0,31691.0986,189.2239,81.93,0.0,50.5411,4.3295,3.1561,0.0,1,39951.0,2.2,0.0,0.0,15.75,0.0,0.0,0.0,0.0,0.0
4730,2010-02-16,SZSE:000768,-0.0183,0.0,12.7811,0.0,0.0,33348.7442,0.0,3.779,288.4636,67.0987,290.6311,6.2644,45.4767,42.1419,42.1419,0.0,0.0,0,31691.0986,189.2239,81.93,0.0,50.5411,4.3295,3.1561,0.0,1,39951.0,2.2,0.0,0.0,15.75,0.0,0.0,0.0,0.0,0.0
4731,2010-02-17,SZSE:000768,-0.0183,0.0,12.7811,0.0,0.0,33348.7442,0.0,3.779,288.4636,67.0987,290.6311,6.2644,45.4767,42.1419,42.1419,0.0,0.0,0,31691.0986,189.2239,81.93,0.0,50.5411,4.3295,3.1561,0.0,1,39951.0,2.2,0.0,0.0,15.75,0.0,0.0,0.0,0.0,0.0
4732,2010-02-18,SZSE:000768,-0.0183,0.0,12.7811,0.0,0.0,33348.7442,0.0,3.779,288.4636,67.0987,290.6311,6.2644,45.4767,42.1419,42.1419,0.0,0.0,0,31691.0986,189.2239,81.93,0.0,50.5411,4.3295,3.1561,0.0,1,39951.0,2.2,0.0,0.0,15.75,0.0,0.0,0.0,0.0,0.0
4733,2010-02-19,SZSE:000768,-0.0033,0.0,12.7811,0.0,0.0,33348.7442,0.0,3.779,288.4636,67.0987,290.6311,6.2644,45.4767,42.1419,42.1419,0.0,0.0,0,31691.0986,189.2239,81.93,0.0,50.5411,4.3295,3.1561,0.0,1,39951.0,2.2,0.0,0.0,15.75,0.0,0.0,0.0,0.0,0.0
4734,2010-02-22,SZSE:000768,-0.0033,13.5,12.8191,13.7,13.3,33447.8489,13.45,3.7902,289.3209,67.2981,291.4948,6.283,44.9818,42.9532,42.9532,0.0,0.0,0,31790.2033,189.8156,82.1863,0.0,50.6992,4.343,3.1659,10.28,1,39951.0,2.2,0.0,0.0,15.75,12.771621851851851,13.009012592592594,12.629187407407409,10.28,0.0
4735,2010-02-23,SZSE:000768,-0.0033,13.53,12.8476,13.65,13.2,33522.1775,13.4,3.7987,289.9638,67.4477,292.1426,6.297,44.9818,43.5921,43.5921,0.0,0.0,0,31864.5318,190.2594,82.3784,0.0,50.8177,4.3532,3.1733,10.379,1,39951.0,2.2,0.0,0.0,15.75,12.724156688839617,12.961547671840357,12.534243902439025,10.379,0.0
4736,2010-02-24,SZSE:000768,-0.0033,13.67,12.9805,13.69,13.33,33869.0441,13.49,3.838,292.9642,68.1456,295.1655,6.3621,44.0901,46.5976,46.5976,0.0,0.0,0,32211.3984,192.3305,83.2752,0.0,51.3709,4.4006,3.2079,10.8918,1,39951.0,2.2,0.0,0.0,15.75,12.809579005120701,12.999491221653253,12.65764923189466,10.8918,0.0
4737,2010-02-25,SZSE:000768,-0.0033,13.79,13.0945,13.9,13.6,34166.3583,13.68,3.8716,295.5359,68.7438,297.7566,6.418,43.6726,49.101,49.101,0.0,0.0,0,32508.7126,194.1057,84.0438,0.0,51.8451,4.4412,3.2375,13.9305,1,39951.0,2.2,0.0,0.0,15.75,12.990047860768673,13.198952139231329,12.914082668600436,13.9305,0.0
4738,2010-02-26,SZSE:000768,-0.0508,14.98,14.2245,15.17,13.7,37114.7242,13.8,4.2058,NM,74.676,NM,6.9718,46.8665,66.0816,66.0816,0.0,0.0,0,35457.0786,211.7101,91.6661,0.0,56.5471,4.844,3.5311,56.2334,1,39951.0,2.2,0.0,0.0,15.75,13.104012016021363,14.404917556742323,13.009055407209614,56.2334,0.0
4739,2010-03-01,SZSE:000768,-0.0508,14.99,14.2339,15.18,14.7,37139.5004,14.94,4.2086,NM,74.7258,NM,6.9765,46.4064,66.1837,66.1837,0.0,0.0,0,35481.8548,211.8580,91.7302,0.0,56.5866,4.8474,3.5336,38.5179,1,39951.0,2.2,0.0,0.0,15.75,14.18642201467645,14.414316344229485,13.958527685123414,38.5179,0.0
4740,2010-03-02,SZSE:000768,-0.0508,15.03,14.2719,15.29,14.62,37238.6052,15.0,4.2198,NM,74.9252,NM,6.9951,45.959,66.6165,66.6165,0.0,0.0,0,35580.9595,212.4498,91.9864,0.0,56.7447,4.8609,3.5434,37.034,1,39951.0,2.2,0.0,0.0,15.75,14.243413173652696,14.518785828343313,13.882580039920159,37.034,0.0
4741,2010-03-03,SZSE:000768,-0.0508,15.11,14.3479,15.28,14.79,37436.8146,14.95,4.2422,NM,75.324,NM,7.0323,45.5273,67.5122,67.5122,0.0,0.0,0,35779.169,213.6333,92.4988,0.0,57.0608,4.888,3.5632,33.9697,1,39951.0,2.2,0.0,0.0,15.75,14.195969887491726,14.509325744540037,14.044039774983453,33.9697,0.0
4742,2010-03-04,SZSE:000768,-0.0508,14.6,13.8636,15.4,14.53,36173.2292,15.12,4.0991,NM,72.7817,NM,6.7949,45.7882,57.0108,57.0108,0.0,0.0,0,34515.5836,206.0885,89.2321,0.0,55.0456,4.7154,3.4373,42.9686,1,39951.0,2.2,0.0,0.0,15.75,14.35737205479452,14.623249315068493,13.797130684931506,42.9686,0.0
4743,2010-03-05,SZSE:000768,0.0288,14.26,13.5408,14.78,14.06,35330.839,14.53,4.0036,NM,71.0867,NM,6.6367,45.6902,51.2837,51.2837,0.0,0.0,0,33673.1933,201.0587,87.0543,0.0,53.7022,4.6003,3.3535,23.3045,1,39951.0,2.2,0.0,0.0,15.75,13.797182608695653,14.034573913043479,13.350886956521741,23.3045,0.0
4744,2010-03-08,SZSE:000768,0.0288,14.32,13.5977,14.49,14.18,35479.4961,14.26,4.0205,NM,71.3858,NM,6.6646,45.2838,52.1963,52.1963,0.0,0.0,0,33821.8504,201.9463,87.4386,0.0,53.9393,4.6206,3.3683,13.5769,1,39951.0,2.2,0.0,0.0,15.75,13.540726396648044,13.759125209497208,13.46476159217877,13.5769,0.0
4745,2010-03-09,SZSE:000768,0.0288,14.2,13.4838,14.32,14.06,35182.1819,14.32,3.9868,NM,70.7876,NM,6.6088,44.9328,50.1719,50.1719,0.0,0.0,0,33524.5362,200.1711,86.67,0.0,53.4651,4.58,3.3387,12.6716,1,39951.0,2.2,0.0,0.0,15.75,13.597747605633803,13.597747605633803,13.350861126760565,12.6716,0.0
4746,2010-03-10,SZSE:000768,0.0288,14.01,13.3034,14.32,13.96,34711.4343,14.25,3.9334,NM,74.9599,NM,6.5204,40.3965,47.0597,47.0597,0.0,0.0,0,33053.7887,197.3603,85.453,0.0,52.7144,4.5157,3.2918,11.904,1,39951.0,2.2,0.0,0.0,15.75,13.53129550321199,13.597765024982158,13.25592177016417,11.904,0.0
4747,2010-03-11,SZSE:000768,0.0288,13.87,13.1704,14.12,13.8,34364.5678,14.0,3.8941,297.2504,74.2108,299.4840,6.4552,34.9953,44.852,44.852,0.0,0.0,0,32706.9221,195.2892,84.5562,0.0,52.1612,4.4683,3.2572,11.1955,1,39951.0,2.2,0.0,0.0,15.75,13.293842826243694,13.407790050468638,13.103930785868783,11.1955,0.0
4748,2010-03-12,SZSE:000768,0.1845,13.85,13.1514,14.13,13.75,34315.0154,13.86,3.8885,296.8218,74.1038,299.0521,6.4459,34.6933,44.5306,44.5306,0.0,0.0,0,32657.3697,194.9934,84.4281,0.0,52.0821,4.4615,3.2523,12.128,1,39951.0,2.2,0.0,0.0,15.75,13.16089559566787,13.417276678700363,13.056444043321301,12.128,0.0
4749,2010-03-15,SZSE:000768,0.1845,13.63,12.9425,13.9,13.5,33769.9393,13.83,3.8267,292.1069,72.9267,294.3018,6.3435,34.6933,41.0463,41.0463,0.0,0.0,0,32112.2937,191.7388,83.0189,0.0,51.2129,4.387,3.198,10.9788,1,39951.0,2.2,0.0,0.0,15.75,13.132411958914158,13.198881144534116,12.819057226705796,10.9788,0.0
4750,2010-03-16,SZSE:000768,0.1845,13.68,12.99,13.74,13.5,33893.8203,13.63,3.8408,293.1785,73.1942,295.3814,6.3668,34.2949,42.1541,42.1541,0.0,0.0,0,32236.1746,192.4784,83.3392,0.0,51.4104,4.404,3.2103,7.8525,1,39951.0,2.2,0.0,0.0,15.75,12.942521929824563,13.046973684210528,12.819078947368423,7.8525,0.0
4751,2010-03-17,SZSE:000768,0.1845,14.17,13.4553,14.2,13.72,35107.8533,13.79,3.9783,NM,75.8159,NM,6.5948,33.7605,51.7274,51.7274,0.0,0.0,0,33450.2076,199.7273,86.4778,0.0,53.3466,4.5698,3.3313,13.7681,1,39951.0,2.2,0.0,0.0,15.75,13.094466266760762,13.483786873676783,13.027996894848272,13.7681,0.0
4752,2010-03-18,SZSE:000768,0.1845,14.06,13.3509,14.3,14.01,34835.3153,14.15,3.9475,NM,75.2274,NM,6.5436,32.2948,49.7374,49.7374,0.0,0.0,0,33177.6696,198.1000,85.7732,0.0,52.9119,4.5326,3.3041,12.2439,1,39951.0,2.2,0.0,0.0,15.75,13.436360953058319,13.578795874822191,13.303421692745374,12.2439,0.0
4753,2010-03-19,SZSE:000768,0.1499,14.12,13.4078,14.17,13.92,34983.9724,14.06,3.9643,NM,75.5484,NM,6.5716,32.0355,50.8481,50.8481,0.0,0.0,0,33326.3267,198.9876,86.1575,0.0,53.149,4.5529,3.3189,11.217,1,39951.0,2.2,0.0,0.0,15.75,13.350826345609066,13.455278045325779,13.217887818696886,11.217,0.0
4754,2010-03-22,SZSE:000768,0.1499,14.09,13.3793,14.19,14.02,34909.6438,14.13,3.9559,NM,75.3879,NM,6.5576,32.0355,50.2502,50.2502,0.0,0.0,0,33251.9982,198.5438,85.9654,0.0,53.0305,4.5427,3.3115,9.1513,1,39951.0,2.2,0.0,0.0,15.75,13.417282398864446,13.474255997161107,13.312830801987225,9.1513,0.0
4755,2010-03-23,SZSE:000768,0.1499,13.81,13.1135,14.09,13.8,34215.9107,14.09,3.8773,295.9645,73.8898,298.1884,6.4273,32.3548,44.9386,44.9385,0.0,0.0,0,32558.265,194.4016,84.1719,0.0,51.9241,4.448,3.2424,12.1084,1,39951.0,2.2,0.0,0.0,15.75,13.379378349022447,13.379378349022447,13.10400434467777,12.1084,0.0
4756,2010-03-24,SZSE:000768,0.1499,13.79,13.0945,13.98,13.75,34166.3583,13.85,3.8716,295.5359,73.7828,297.7566,6.418,32.0418,44.5761,44.5761,0.0,0.0,0,32508.7126,194.1057,84.0438,0.0,51.8451,4.4412,3.2375,9.6837,1,39951.0,2.2,0.0,0.0,15.75,13.151473894126179,13.274917331399566,13.056517403915882,9.6837,0.0
4757,2010-03-25,SZSE:000768,0.1499,13.63,12.9425,13.8,13.57,33769.9393,13.8,3.8267,292.1069,72.9267,294.3018,6.3435,31.8789,41.6799,41.6799,0.0,0.0,0,32112.2937,191.7388,83.0189,0.0,51.2129,4.387,3.198,11.2726,1,39951.0,2.2,0.0,0.0,15.75,13.103925165077037,13.103925165077037,12.885526412325751,11.2726,0.0
4758,2010-03-26,SZSE:000768,0.13,13.71,13.0185,13.75,13.51,33968.1488,13.66,3.8492,293.8214,73.3547,296.0292,6.3807,31.6465,43.6513,43.6513,0.0,0.0,0,32310.5032,192.9223,83.5314,0.0,51.529,4.4141,3.2177,10.3386,1,39951.0,2.2,0.0,0.0,15.75,12.971021881838073,13.05648249452954,12.828587527352296,10.3386,0.0
4759,2010-03-29,SZSE:000768,0.13,13.99,13.2844,14.07,13.7,34661.882,13.7,3.9278,299.8221,74.8529,NM,6.511,31.6465,50.0193,50.0193,0.0,0.0,0,33004.2363,197.0645,85.3249,0.0,52.6353,4.5089,3.2868,14.9789,1,39951.0,2.2,0.0,0.0,15.75,13.009026447462473,13.360365117941384,13.009026447462473,14.9789,0.0
4760,2010-03-30,SZSE:000768,0.13,13.9,13.1989,14.07,13.85,34438.8963,13.96,3.9025,297.8933,68.642,NM,6.4692,31.9105,48.1362,48.1362,0.0,0.0,0,32781.2507,195.7330,84.7484,0.0,51.329,4.4784,3.1462,10.8954,1,39951.0,2.2,0.0,0.0,15.75,13.255873669064748,13.360325395683454,13.151421942446042,10.8954,0.0
4761,2010-03-31,SZSE:000768,0.13,13.72,13.028,14.04,13.7,33992.925,13.97,3.7254,107.6906,67.7531,152.4174,4.1333,31.9959,44.5259,44.5259,0.0,0.0,0,30795.4517,100.8267,63.9631,0.0,48.2197,3.7445,2.9556,14.1076,1,39951.0,2.2,0.0,0.0,15.75,13.265390670553936,13.331860058309037,13.009008746355684,14.1076,0.0
4762,2010-04-01,SZSE:000768,0.13,13.87,13.1704,13.91,13.7,34364.5678,13.75,3.7662,108.8680,68.4938,154.0837,4.1784,31.8283,48.0244,48.0244,0.0,0.0,0,31167.0945,102.0434,64.735,0.0,48.8016,3.7897,2.9913,13.6878,1,39951.0,2.2,0.0,0.0,15.75,13.056452775775055,13.208382408074982,13.008974765681328,13.6878,0.0
4763,2010-04-02,SZSE:000768,0.0706,14.17,13.4553,14.3,13.85,35107.8533,13.9,3.8476,111.2227,59.0417,157.4165,4.2688,31.9058,54.2401,54.2401,0.0,0.0,0,31910.38,104.4770,66.2788,0.0,38.5753,3.88,2.7051,26.1757,1,39951.0,2.2,0.0,0.0,15.75,13.198918136908963,13.578743119266054,13.151440014114325,26.1757,0.0
4764,2010-04-05,SZSE:000768,0.0706,0.0,13.4553,0.0,0.0,35107.8533,0.0,3.8476,111.2227,59.0417,157.4165,4.2688,31.9058,54.2401,54.2401,0.0,0.0,0,31910.38,104.4770,66.2788,0.0,38.5753,3.88,2.7051,0.0,1,39951.0,2.2,0.0,0.0,15.75,0.0,0.0,0.0,0.0,0.0
4765,2010-04-06,SZSE:000768,0.0706,14.17,13.4553,14.4,14.1,35107.8533,14.22,3.8476,111.2227,59.0417,157.4165,4.2688,32.1983,54.2401,54.2401,0.0,0.0,0,31910.38,104.4770,66.2788,0.0,38.5753,3.88,2.7051,18.7284,1,39951.0,2.2,0.0,0.0,15.75,13.502778122794636,13.673699364855329,13.388830628087508,18.7284,0.0
4766,2010-04-07,SZSE:000768,0.0706,14.08,13.3698,14.28,13.97,34884.8676,14.28,3.8232,110.5163,58.6667,156.4166,4.2417,31.6117,52.0734,52.0734,0.0,0.0,0,31687.3944,103.7469,65.8157,0.0,38.3057,3.8529,2.6862,17.0245,1,39951.0,2.2,0.0,0.0,15.75,13.559711931818182,13.559711931818182,13.2653484375,17.0245,0.0
4767,2010-04-08,SZSE:000768,0.0706,13.91,13.2084,14.08,13.88,34463.6725,14.08,3.777,109.1820,57.9583,154.5281,4.1905,31.6781,48.16,48.16,0.0,0.0,0,31266.1992,102.3679,64.9409,0.0,37.7965,3.8017,2.6505,14.9607,1,39951.0,2.2,0.0,0.0,15.75,13.369825449317037,13.369825449317037,13.179913156002875,14.9607,0.0
4768,2010-04-09,SZSE:000768,0.0761,14.14,13.4268,14.22,13.8,35033.5247,13.91,3.8395,110.9873,58.9167,157.0832,4.2598,31.6165,53.2761,53.2761,0.0,0.0,0,31836.0515,104.2337,66.1245,0.0,38.4854,3.871,2.6988,17.8405,1,39951.0,2.2,0.0,0.0,15.75,13.208400848656293,13.502764922206506,13.103949080622348,17.8405,0.0
4769,2010-04-12,SZSE:000768,0.0761,14.08,13.3698,14.24,14.04,34884.8676,14.2,3.8232,110.5163,58.6667,156.4166,4.2417,31.7066,51.8388,51.8388,0.0,0.0,0,31687.3944,103.7469,65.8157,0.0,38.3057,3.8529,2.6862,19.0025,1,39951.0,2.2,0.0,0.0,15.75,13.483747159090909,13.521729545454546,13.331817613636362,19.0025,0.0
4770,2010-04-13,SZSE:000768,0.0761,14.02,13.3129,14.27,13.8,34736.2105,14.09,3.8069,110.0454,58.4167,155.7501,4.2236,31.6338,50.3753,50.3753,0.0,0.0,0,31538.7372,103.2602,65.5069,0.0,38.126,3.8348,2.6736,20.4453,1,39951.0,2.2,0.0,0.0,15.75,13.379369543509272,13.550291226818832,13.103995720399432,20.4453,0.0
4771,2010-04-14,SZSE:000768,0.0761,14.37,13.6452,14.46,13.96,35603.377,14.04,3.9019,112.7926,59.875,159.6383,4.3291,31.9975,57.8508,57.8508,0.0,0.0,0,32405.9037,106.0994,67.3081,0.0,39.1743,3.9403,2.7471,38.2523,1,39951.0,2.2,0.0,0.0,15.75,13.331844676409187,13.730660542797498,13.255879749478082,38.2523,0.0
4772,2010-04-15,SZSE:000768,0.0761,14.23,13.5123,14.39,14.06,35256.5104,14.37,3.8639,111.6937,59.2917,158.0830,4.2869,32.0481,54.3256,54.3256,0.0,0.0,0,32059.0371,104.9637,66.5876,0.0,38.755,3.8981,2.7177,19.5045,1,39951.0,2.2,0.0,0.0,15.75,13.645239002108221,13.664230288123683,13.350874068868587,19.5045,0.0
4773,2010-04-16,SZSE:000768,0.0813,14.09,13.3793,14.29,14.01,34909.6438,14.23,3.8259,110.5948,58.7083,156.5277,4.2447,31.8204,50.98,50.98,0.0,0.0,0,31712.1705,103.8281,65.8672,0.0,38.3357,3.8559,2.6883,12.9149,1,39951.0,2.2,0.0,0.0,15.75,13.51223839602555,13.569211994322215,13.303335202271114,12.9149,0.0
4774,2010-04-19,SZSE:000768,0.0813,13.19,12.5247,13.98,13.09,32679.7872,13.98,3.5815,103.5306,54.9583,146.5295,3.9736,34.3408,35.7416,35.7416,0.0,0.0,0,29482.3139,96.5273,61.2357,0.0,35.6401,3.5848,2.4993,24.3911,1,39951.0,2.2,0.0,0.0,15.75,13.274852615617894,13.274852615617894,12.429743972706596,24.3911,0.0
4775,2010-04-20,SZSE:000768,0.0813,13.36,12.6862,13.48,12.92,33100.9824,13.2,3.6277,104.8649,55.6667,148.4181,4.0248,33.5107,39.4248,39.4248,0.0,0.0,0,29903.5091,97.9064,62.1105,0.0,36.1492,3.636,2.535,19.0521,1,39951.0,2.2,0.0,0.0,15.75,12.534269461077844,12.800147904191618,12.268391017964072,19.0521,0.0
4776,2010-04-21,SZSE:000768,0.0813,0.0,12.6862,0.0,0.0,33100.9824,0.0,3.6277,104.8649,55.6667,148.4181,4.0248,33.5107,39.4248,39.4248,0.0,0.0,0,29903.5091,97.9064,62.1105,0.0,36.1492,3.636,2.535,0.0,1,39951.0,2.2,0.0,0.0,15.75,0.0,0.0,0.0,0.0,0.0
4777,2010-04-22,SZSE:000768,0.0813,13.34,12.6672,13.68,13.3,33051.43,13.55,3.6222,104.7079,55.5833,148.1959,4.0188,32.9367,39.1406,39.1406,0.0,0.0,0,29853.9567,97.7441,62.0076,0.0,36.0893,3.63,2.5308,19.3531,1,39951.0,2.2,0.0,0.0,15.75,12.866608695652175,12.990052173913043,12.629217391304348,19.3531,0.0
4778,2010-04-23,SZSE:000768,0.1038,13.1,12.4393,13.41,13.05,32456.8016,13.4,3.556,96.9336,46.3717,196.6436,4.0165,32.8387,35.8046,35.8046,0.0,0.0,0,30729.1883,115.0667,69.2346,0.0,33.532,3.8362,2.4375,19.5631,1,39951.0,2.2,0.0,0.0,15.75,12.724169465648856,12.733665114503816,12.391821755725191,19.5631,0.0
4779,2010-04-26,SZSE:000768,0.1038,13.1,12.4393,13.31,13.01,32456.8016,13.1,3.556,96.9336,46.3717,196.6436,4.0165,31.1437,35.8046,35.8046,0.0,0.0,0,30729.1883,115.0667,69.2346,0.0,33.532,3.8362,2.4375,12.127,1,39951.0,2.2,0.0,0.0,15.75,12.4393,12.638708625954198,12.353839160305343,12.127,0.0
4780,2010-04-27,SZSE:000768,0.1038,12.58,11.9455,13.1,12.2,31168.44,13.09,3.4149,93.0859,44.531,188.8379,3.8571,32.1082,29.489,29.4889,0.0,0.0,0,29440.8267,110.2424,66.3319,0.0,32.1262,3.6754,2.3353,18.0499,1,39951.0,2.2,0.0,0.0,15.75,12.429777027027026,12.439272655007947,11.584666136724959,18.0499,0.0
4781,2010-04-28,SZSE:000768,0.1038,12.31,11.6891,12.7,12.15,30499.483,12.54,3.3416,91.0880,43.5752,184.7849,3.7743,32.388,26.8415,26.8415,0.0,0.0,0,28771.8697,107.7374,64.8247,0.0,31.3962,3.5919,2.2823,12.0598,1,39951.0,2.2,0.0,0.0,15.75,11.907499106417545,12.059428919577579,11.537170186839967,12.0598,0.0
4782,2010-04-29,SZSE:000768,0.1038,12.2,11.5847,12.59,12.19,30226.945,12.35,3.3117,90.2741,43.1858,183.1337,3.7406,32.3074,25.8243,25.8243,0.0,0.0,0,28499.3317,106.7169,64.2106,0.0,31.0988,3.5578,2.2607,9.873,1,39951.0,2.2,0.0,0.0,15.75,11.727134836065574,11.955030573770491,11.575204344262294,9.873,0.0
4783,2010-04-30,SZSE:000768,0.1348,12.0,11.3948,12.29,11.78,29731.4213,12.19,3.2574,88.7942,42.4779,180.1315,3.6793,32.1619,24.0404,24.0404,0.0,0.0,0,28003.808,104.8614,63.0942,0.0,30.5581,3.496,2.2214,10.0744,1,39951.0,2.2,0.0,0.0,15.75,11.575217666666667,11.670174333333334,11.185895333333333,10.0744,0.0
4784,2010-05-03,SZSE:000768,0.1348,0.0,11.3948,0.0,0.0,29731.4213,0.0,3.2574,88.7942,42.4779,180.1315,3.6793,32.1619,24.0404,24.0404,0.0,0.0,0,28003.808,104.8614,63.0942,0.0,30.5581,3.496,2.2214,0.0,1,39951.0,2.2,0.0,0.0,15.75,0.0,0.0,0.0,0.0,0.0
4785,2010-05-04,SZSE:000768,0.1348,12.12,11.5087,12.2,11.8,30028.7355,11.89,3.29,89.6821,42.9027,181.9328,3.7161,32.7027,27.286,27.286,0.0,0.0,0,28301.1222,105.9747,63.7641,0.0,30.8825,3.5331,2.2449,8.5529,1,39951.0,2.2,0.0,0.0,15.75,11.290300577557757,11.584665016501651,11.2048399339934,8.5529,0.0
4786,2010-05-05,SZSE:000768,0.1348,12.44,11.8126,12.48,11.91,30821.5734,11.98,3.3769,92.0500,44.0354,186.7363,3.8142,32.7628,35.2333,35.2333,0.0,0.0,0,29093.9601,108.9435,65.5504,0.0,31.7477,3.6321,2.3078,10.6419,1,39951.0,2.2,0.0,0.0,15.75,11.375799678456591,11.850582636655949,11.309330064308682,10.6419,0.0
4787,2010-05-06,SZSE:000768,0.1348,11.91,11.3093,12.45,11.9,29508.4356,12.45,3.233,88.1282,42.1593,178.7805,3.6517,33.6909,29.4853,29.4853,0.0,0.0,0,27780.8224,104.0264,62.5918,0.0,30.3147,3.4681,2.2037,10.471,1,39951.0,2.2,0.0,0.0,15.75,11.822064231738034,11.822064231738034,11.299804366078925,10.471,0.0
4788,2010-05-07,SZSE:000768,0.1319,12.09,11.4802,12.23,11.48,29954.4069,11.6,3.2819,89.4601,42.7965,181.4825,3.7069,33.5707,33.4559,33.4559,0.0,0.0,0,28226.7937,105.6964,63.5966,0.0,30.8014,3.5238,2.239,11.1974,1,39951.0,2.2,0.0,0.0,15.75,11.014914805624482,11.613138626964435,10.90096741108354,11.1974,0.0
4789,2010-05-10,SZSE:000768,0.1319,12.18,11.5657,12.32,11.92,30177.3926,12.09,3.3063,90.1261,43.115,182.8335,3.7345,33.4933,35.4141,35.4141,0.0,0.0,0,28449.7793,106.5313,64.099,0.0,31.0447,3.5517,2.2567,9.5589,1,39951.0,2.2,0.0,0.0,15.75,11.480239162561578,11.69863908045977,11.318813136288998,9.5589,0.0
4790,2010-05-11,SZSE:000768,0.1319,11.97,11.3663,12.54,11.95,29657.0927,12.48,3.2493,88.5722,42.3717,179.6812,3.6701,33.6482,32.9757,32.9757,0.0,0.0,0,27929.4795,104.5831,62.9267,0.0,30.477,3.4867,2.2155,10.6201,1,39951.0,2.2,0.0,0.0,15.75,11.85057844611529,11.90755238095238,11.347308688387635,10.6201,0.0
4791,2010-05-12,SZSE:000768,0.1319,11.89,11.2903,12.09,11.7,29458.8833,11.8,3.2276,87.9802,42.0885,178.4803,3.6456,33.4632,32.0697,32.0697,0.0,0.0,0,27731.27,103.8409,62.4801,0.0,30.2607,3.462,2.1997,7.6691,1,39951.0,2.2,0.0,0.0,15.75,11.204839360807402,11.480212531539108,11.109883095037846,7.6691,0.0
4792,2010-05-13,SZSE:000768,0.1319,12.1,11.4897,12.1,11.8,29979.1831,11.96,3.2846,89.5341,42.8319,181.6326,3.7099,33.4205,36.9651,36.9651,0.0,0.0,0,28251.5699,105.7891,63.6524,0.0,30.8284,3.5269,2.241,8.4421,1,39951.0,2.2,0.0,0.0,15.75,11.35676132231405,11.4897,11.204831404958679,8.4421,0.0
4793,2010-05-14,SZSE:000768,0.1977,0.0,11.4897,0.0,0.0,29979.1831,0.0,3.2846,89.5341,42.8319,181.6326,3.7099,33.4205,36.9651,36.9651,0.0,0.0,0,28251.5699,105.7891,63.6524,0.0,30.8284,3.5269,2.241,0.0,1,39951.0,2.2,0.0,0.0,15.75,0.0,0.0,0.0,0.0,0.070
4794,2010-05-17,SZSE:000768,0.1977,11.06,10.5633,11.98,11.0,27402.46,11.78,3.0023,81.8386,39.1504,166.0212,3.3911,37.8999,26.7022,27.169,0.0,0.0,0,25674.8467,96.1405,57.8469,0.0,28.0167,3.2052,2.0366,10.8822,1,39951.0,2.2,0.0,0.0,15.75,11.250965099457504,11.441983182640143,10.505994575045207,10.8822,0.0
4795,2010-05-18,SZSE:000768,0.1977,10.89,10.4009,11.3,10.46,26981.2648,11.02,2.9561,80.5807,38.5487,163.4693,3.3389,37.6485,25.458,25.8748,0.0,0.0,0,25253.6515,94.5633,56.8979,0.0,27.5571,3.1527,2.0032,12.8361,1,39951.0,2.2,0.0,0.0,15.75,10.525061340679521,10.792485766758496,9.99021248852158,12.8361,0.0
4796,2010-05-19,SZSE:000768,0.1977,10.79,10.3054,10.99,10.69,26733.503,10.78,2.929,79.8408,38.1947,161.9682,3.3083,37.3402,24.7281,25.1169,0.0,0.0,0,25005.8897,93.6356,56.3397,0.0,27.2867,3.1217,1.9836,7.9607,1,39951.0,2.2,0.0,0.0,15.75,10.295849119555145,10.49641760889713,10.209891195551437,7.9607,0.0
4797,2010-05-20,SZSE:000768,0.1977,10.71,10.229,11.19,10.7,26535.2935,10.77,2.9073,79.2488,37.9115,160.7674,3.2838,37.0303,24.132,24.4986,0.0,0.0,0,24807.6802,92.8934,55.8931,0.0,27.0704,3.097,1.9678,9.882,1,39951.0,2.2,0.0,0.0,15.75,10.28630532212885,10.68744257703081,10.219449112978523,9.882,0.0
4798,2010-05-21,SZSE:000768,0.3907,10.7,10.2194,10.77,10.3,26510.5173,10.38,2.9046,79.1748,37.8761,160.6173,3.2807,36.7251,24.0539,24.4177,0.0,0.0,0,24782.904,92.8006,55.8373,0.0,27.0434,3.0939,1.9659,10.2898,1,39951.0,2.2,0.0,0.0,15.75,9.913773084112151,10.286255887850468,9.837366355140189,10.2898,0.0
4799,2010-05-24,SZSE:000768,0.3907,11.24,10.7352,11.35,10.82,27848.4313,10.82,3.0511,83.1705,39.7876,168.7232,3.4463,38.779,36.0779,36.5953,0.0,0.0,0,26120.818,97.8105,58.8517,0.0,28.5033,3.2609,2.072,20.3117,1,39951.0,2.2,0.0,0.0,15.75,10.334062633451957,10.840259786476869,10.334062633451957,20.3117,0.0
4800,2010-05-25,SZSE:000768,0.3907,10.87,10.3818,11.19,10.81,26931.7124,11.19,2.9507,80.4327,38.4779,163.1691,3.3328,39.1838,32.304,32.7069,0.0,0.0,0,25204.0992,94.3778,56.7863,0.0,27.503,3.1465,1.9993,14.9675,1,39951.0,2.2,0.0,0.0,15.75,10.687427966881325,10.687427966881325,10.324494756209754,14.9675,0.0
4801,2010-05-26,SZSE:000768,0.3907,11.55,11.0313,11.85,10.89,28616.493,10.93,3.1353,85.4644,40.885,173.3766,3.5413,37.2927,43.9155,44.3996,0.0,0.0,0,26888.8797,100.6865,60.5822,0.0,29.3414,3.3568,2.1329,37.959,1,39951.0,2.2,0.0,0.0,15.75,10.439143636363635,11.317827272727273,10.40094,37.959,0.0
4802,2010-05-27,SZSE:000768,0.3907,11.64,11.1172,11.75,11.28,28839.4786,11.5,3.1597,86.1304,41.2035,174.7276,3.5689,37.0587,45.2539,45.7434,0.0,0.0,0,27111.8654,101.5215,61.0846,0.0,29.5848,3.3846,2.1506,20.6068,1,39951.0,2.2,0.0,0.0,15.75,10.983487972508591,11.222259450171821,10.773369072164948,20.6068,0.0
4803,2010-05-28,SZSE:000768,0.4317,11.48,10.9644,11.87,11.41,28443.0597,11.72,3.1163,84.9464,40.6372,172.3258,3.5198,36.7994,43.2766,43.7204,0.0,0.0,0,26715.4464,100.0371,60.1914,0.0,29.1522,3.3351,2.1192,15.7189,1,39951.0,2.2,0.0,0.0,15.75,11.193620905923344,11.336883972125435,10.897543902439024,15.7189,0.0
4804,2010-05-31,SZSE:000768,0.4317,10.98,10.4869,11.59,10.98,27204.2505,11.58,2.9806,81.2467,38.8673,164.8203,3.3665,37.3781,37.7288,38.0565,0.0,0.0,0,25476.6372,95.3983,57.4003,0.0,27.8004,3.1805,2.0209,12.4143,1,39951.0,2.2,0.0,0.0,15.75,11.059954644808744,11.069505555555557,10.4869,12.4143,0.0
4805,2010-06-01,SZSE:000768,0.4317,10.97,10.4773,11.2,10.73,27179.4743,10.96,2.9779,81.1727,38.8319,164.6702,3.3635,37.3702,37.625,37.9506,0.0,0.0,0,25451.861,95.3055,57.3445,0.0,27.7734,3.1774,2.0189,10.8043,1,39951.0,2.2,0.0,0.0,15.75,10.467749134001822,10.696969917958066,10.248079216043756,10.8043,0.0
4806,2010-06-02,SZSE:000768,0.4317,11.08,10.5824,11.16,10.8,27452.0123,10.97,3.0077,81.9866,39.2212,166.3214,3.3972,37.4603,39.5953,39.9306,0.0,0.0,0,25724.3991,96.3261,57.9585,0.0,28.0708,3.2114,2.0405,8.1306,1,39951.0,2.2,0.0,0.0,15.75,10.477340072202166,10.658807220216607,10.314974729241879,8.1306,0.0
4807,2010-06-03,SZSE:000768,0.4317,10.98,10.4869,11.24,10.97,27204.2505,11.18,2.9806,81.2467,38.8673,164.8203,3.3665,37.4097,38.4075,38.7209,0.0,0.0,0,25476.6372,95.3983,57.4003,0.0,27.8004,3.1805,2.0209,8.6392,1,39951.0,2.2,0.0,0.0,15.75,10.677918214936248,10.735223679417121,10.477349089253188,8.6392,0.0
4808,2010-06-04,SZSE:000768,0.4362,10.91,10.42,11.0,10.82,27030.8172,10.95,2.9616,80.7287,38.6195,163.7696,3.3451,36.9354,37.5582,37.8564,0.0,0.0,0,25303.2039,94.7489,57.0096,0.0,27.6111,3.1588,2.0071,5.7626,1,39951.0,2.2,0.0,0.0,15.75,10.458203483043079,10.50595783684693,10.33404216315307,5.7626,0.0
4809,2010-06-07,SZSE:000768,0.4362,10.72,10.2385,10.88,10.56,26560.0697,10.7,2.91,79.3228,37.9469,160.9175,3.2868,36.9354,35.2778,35.537,0.0,0.0,0,24832.4564,92.9861,55.9489,0.0,27.0975,3.1001,1.9698,7.2068,1,39951.0,2.2,0.0,0.0,15.75,10.219398320895522,10.39131343283582,10.08568656716418,7.2068,0.0
4810,2010-06-08,SZSE:000768,0.4362,11.11,10.611,11.32,10.7,27526.3409,10.79,3.0159,82.2086,39.3274,166.7717,3.4064,37.6722,42.9364,43.226,0.0,0.0,0,25798.7276,96.6044,58.126,0.0,28.1519,3.2207,2.0464,17.2286,1,39951.0,2.2,0.0,0.0,15.75,10.305372637263726,10.811567956795681,10.219414941494149,17.2286,0.0
4811,2010-06-09,SZSE:000768,0.4362,11.21,10.7065,11.25,10.95,27774.1027,11.18,3.043,82.9486,39.6814,168.2728,3.4371,37.7529,44.742,45.0363,0.0,0.0,0,26046.4894,97.5321,58.6842,0.0,28.4222,3.2516,2.0661,12.841,1,39951.0,2.2,0.0,0.0,15.75,10.677847457627118,10.744703389830509,10.458177966101694,12.841,0.0
4812,2010-06-10,SZSE:000768,0.4362,11.18,10.6779,11.32,11.11,27699.7742,11.2,3.0349,82.7266,39.5752,167.8225,3.4279,37.7007,44.2893,44.5771,0.0,0.0,0,25972.1609,97.2538,58.5168,0.0,28.3411,3.2424,2.0602,9.046,1,39951.0,2.2,0.0,0.0,15.75,10.697001788908764,10.811612522361358,10.611043738819319,9.046,0.0
4813,2010-06-11,SZSE:000768,0.437,11.18,10.6779,11.37,11.16,27699.7742,11.28,3.0349,82.7266,39.5752,167.8225,3.4279,37.6849,44.2893,44.5771,0.0,0.0,0,25972.1609,97.2538,58.5168,0.0,28.3411,3.2424,2.0602,8.4284,1,39951.0,2.2,0.0,0.0,15.75,10.773408944543826,10.859366994633273,10.658798211091234,8.4284,0.0
4814,2010-06-14,SZSE:000768,0.437,0.0,10.6779,0.0,0.0,27699.7742,0.0,3.0349,82.7266,39.5752,167.8225,3.4279,37.6849,44.2893,44.5771,0.0,0.0,0,25972.1609,97.2538,58.5168,0.0,28.3411,3.2424,2.0602,0.0,1,39951.0,2.2,0.0,0.0,15.75,0.0,0.0,0.0,0.0,0.0
4815,2010-06-15,SZSE:000768,0.437,0.0,10.6779,0.0,0.0,27699.7742,0.0,3.0349,82.7266,39.5752,167.8225,3.4279,37.6849,44.2893,44.5771,0.0,0.0,0,25972.1609,97.2538,58.5168,0.0,28.3411,3.2424,2.0602,0.0,1,39951.0,2.2,0.0,0.0,15.75,0.0,0.0,0.0,0.0,0.0
4816,2010-06-16,SZSE:000768,0.437,0.0,10.6779,0.0,0.0,27699.7742,0.0,3.0349,82.7266,39.5752,167.8225,3.4279,37.6849,44.2893,44.5771,0.0,0.0,0,25972.1609,97.2538,58.5168,0.0,28.3411,3.2424,2.0602,0.0,1,39951.0,2.2,0.0,0.0,15.75,0.0,0.0,0.0,0.0,0.0
4817,2010-06-17,SZSE:000768,0.437,11.13,10.6301,11.33,11.08,27575.8932,11.21,3.0213,82.3566,39.3982,167.0720,3.4125,37.6706,43.4396,43.7155,0.0,0.0,0,25848.28,96.7899,58.2377,0.0,28.2059,3.2269,2.0504,6.7993,1,39951.0,2.2,0.0,0.0,15.75,10.706506828391733,10.821117070979334,10.582345732255165,6.7993,0.0
4818,2010-06-18,SZSE:000768,0.4287,10.72,10.2385,11.21,10.65,26560.0697,11.21,2.91,79.3228,37.9469,160.9175,3.2868,38.2889,37.1465,37.3418,0.0,0.0,0,24832.4564,92.9861,55.9489,0.0,27.0975,3.1001,1.9698,9.5609,1,39951.0,2.2,0.0,0.0,15.75,10.7064911380597,10.7064911380597,10.171644123134328,9.5609,0.0
4819,2010-06-21,SZSE:000768,0.4287,10.95,10.4582,11.0,10.64,27129.9219,10.74,2.9724,81.0247,38.7611,164.3700,3.3573,38.6162,42.2047,42.414,0.0,0.0,0,25402.3087,95.1200,57.2329,0.0,27.7193,3.1712,2.015,7.1336,1,39951.0,2.2,0.0,0.0,15.75,10.257631780821919,10.505954337899546,10.162123105022832,7.1336,0.0
4820,2010-06-22,SZSE:000768,0.4287,10.97,10.4773,11.13,10.9,27179.4743,10.9,2.9779,81.1727,38.8319,164.6702,3.3635,38.6351,42.637,42.8473,0.0,0.0,0,25451.861,95.3055,57.3445,0.0,27.7734,3.1774,2.0189,6.6793,1,39951.0,2.2,0.0,0.0,15.75,10.410443938012762,10.63011385597083,10.410443938012762,6.6793,0.0
4821,2010-06-23,SZSE:000768,0.4287,10.94,10.4487,11.09,10.82,27105.1457,10.97,2.9697,80.9507,38.7257,164.2199,3.3543,38.4928,42.128,42.3328,0.0,0.0,0,25377.5325,95.0272,57.177,0.0,27.6922,3.1681,2.013,6.5285,1,39951.0,2.2,0.0,0.0,15.75,10.477352742230348,10.591963711151736,10.334089031078612,6.5285,0.0
4822,2010-06-24,SZSE:000768,0.4287,10.83,10.3436,11.02,10.72,26832.6077,10.9,2.9398,80.1367,38.3363,162.5687,3.3206,38.5102,40.2314,40.4165,0.0,0.0,0,25104.9944,94.0067,56.563,0.0,27.3948,3.1341,1.9914,5.2516,1,39951.0,2.2,0.0,0.0,15.75,10.410456140350878,10.525066666666667,10.238540350877194,5.2516,0.0
4823,2010-06-25,SZSE:000768,0.4301,10.65,10.1717,10.87,10.61,26386.6364,10.83,2.891,78.8048,37.6991,159.8667,3.2654,38.5671,37.2742,37.4305,0.0,0.0,0,24659.0231,92.3367,55.5582,0.0,26.9082,3.0784,1.956,5.3785,1,39951.0,2.2,0.0,0.0,15.75,10.343616056338027,10.381819624413144,10.133496431924883,5.3785,0.0
4824,2010-06-28,SZSE:000768,0.4301,10.79,10.3054,11.07,10.63,26733.503,10.81,2.929,79.8408,38.1947,161.9682,3.3083,38.6762,40.9121,41.0768,0.0,0.0,0,25005.8897,93.6356,56.3397,0.0,27.2867,3.1217,1.9836,9.2989,1,39951.0,2.2,0.0,0.0,15.75,10.324501760889714,10.57282465245598,10.1525859128823,9.2989,0.0
4825,2010-06-29,SZSE:000768,0.4301,10.22,9.761,10.86,10.09,25321.2605,10.78,2.7743,75.6230,36.177,153.4120,3.1335,39.6882,32.6176,32.7169,0.0,0.0,0,23593.6472,88.3474,53.1578,0.0,25.7457,2.9454,1.8715,11.6115,1,39951.0,2.2,0.0,0.0,15.75,10.29584931506849,10.372256360078275,9.636838551859098,11.6115,0.0
4826,2010-06-30,SZSE:000768,0.4301,9.8,9.3599,10.17,9.77,24280.6607,10.17,2.6603,72.5152,34.6903,147.1074,3.0047,40.3981,28.0974,28.1679,0.0,0.0,0,22553.0474,84.4508,50.8133,0.0,24.6101,2.8155,1.789,8.0432,1,39951.0,2.2,0.0,0.0,15.75,9.713283979591836,9.713283979591836,9.331247244897957,8.0432,0.0
4827,2010-07-01,SZSE:000768,0.4301,9.48,9.0542,9.89,9.46,23487.8228,9.79,2.5734,70.1474,33.5575,142.3039,2.9066,40.9594,25.2286,25.2835,0.0,0.0,0,21760.2095,81.4820,49.027,0.0,23.745,2.7165,1.7261,6.8778,1,39951.0,2.2,0.0,0.0,15.75,9.350276160337552,9.445784599156118,9.035098312236286,6.8778,0.0
4828,2010-07-02,SZSE:000768,0.5099,9.35,8.9301,9.62,8.91,23165.7324,9.48,2.5381,69.1855,33.0974,140.3525,2.8668,40.5546,24.1499,24.1993,0.0,0.0,0,21438.1191,80.2759,48.3013,0.0,23.3935,2.6763,1.7005,8.0043,1,39951.0,2.2,0.0,0.0,15.75,9.054261818181818,9.187974545454544,8.50986,8.0043,0.0
4829,2010-07-05,SZSE:000768,0.5099,9.16,8.7486,9.27,9.0,22694.9849,9.27,2.4865,67.7796,32.4248,137.5004,2.8085,40.2985,22.6271,22.6693,0.0,0.0,0,20967.3716,78.5132,47.2407,0.0,22.8798,2.6176,1.6632,5.8654,1,39951.0,2.2,0.0,0.0,15.75,8.853659606986898,8.853659606986898,8.595786026200873,5.8654,0.0
4830,2010-07-06,SZSE:000768,0.5099,9.46,9.0351,9.56,9.15,23438.2704,9.2,2.568,69.9994,33.4867,142.0037,2.9005,41.0906,30.1198,30.1759,0.0,0.0,0,21710.6572,81.2964,48.9154,0.0,23.6909,2.7104,1.7222,9.2952,1,39951.0,2.2,0.0,0.0,15.75,8.786778012684987,9.130608456659619,8.73902378435518,9.2952,0.0
4831,2010-07-07,SZSE:000768,0.5099,9.6,9.1688,9.66,9.43,23785.137,9.53,2.606,71.0353,33.9823,144.1052,2.9434,41.3294,33.3629,33.4238,0.0,0.0,0,22057.5238,82.5953,49.6969,0.0,24.0694,2.7537,1.7497,7.1824,1,39951.0,2.2,0.0,0.0,15.75,9.101944166666666,9.226105,9.006435833333333,7.1824,0.0
4832,2010-07-08,SZSE:000768,0.5099,9.5,9.0733,9.75,9.47,23537.3752,9.65,2.5788,70.2954,33.6283,142.6041,2.9128,41.3215,32.2129,32.2692,0.0,0.0,0,21809.7619,81.6675,49.1386,0.0,23.7991,2.7227,1.73,6.0704,1,39951.0,2.2,0.0,0.0,15.75,9.216562631578947,9.312071052631579,9.044647473684211,6.0704,0.0
4833,2010-07-09,SZSE:000768,0.695,9.81,9.3694,9.84,9.51,24305.4369,9.55,2.663,72.5892,34.7257,147.2575,3.0078,41.8195,39.2084,39.2727,0.0,0.0,0,22577.8236,84.5436,50.8691,0.0,24.6372,2.8186,1.7909,12.8604,1,39951.0,2.2,0.0,0.0,15.75,9.12107747196738,9.398052599388379,9.082874006116208,12.8604,0.0
4834,2010-07-12,SZSE:000768,0.695,9.87,9.4267,9.95,9.75,24454.094,9.85,2.6793,73.0332,34.9381,148.1582,3.0262,41.8939,40.4885,40.5539,0.0,0.0,0,22726.4807,85.1002,51.2041,0.0,24.7994,2.8372,1.8027,9.3806,1,39951.0,2.2,0.0,0.0,15.75,9.407598277608917,9.503106889564338,9.312089665653497,9.3806,0.0
4835,2010-07-13,SZSE:000768,0.695,9.64,9.2071,9.88,9.53,23884.2418,9.88,2.6168,71.3313,34.1239,144.7056,2.9557,42.0472,37.2503,37.3048,0.0,0.0,0,22156.6285,82.9664,49.9202,0.0,24.1776,2.766,1.7575,8.9639,1,39951.0,2.2,0.0,0.0,15.75,9.436322406639004,9.436322406639004,9.102039730290457,8.9639,0.0
4836,2010-07-14,SZSE:000768,0.695,9.75,9.3121,9.92,9.69,24156.7798,9.84,2.6467,72.1453,34.5133,146.3568,2.9894,41.712,39.7329,39.7894,0.0,0.0,0,22429.1665,83.9869,50.5342,0.0,24.475,2.8001,1.7792,7.7302,1,39951.0,2.2,0.0,0.0,15.75,9.398057846153845,9.47446482051282,9.254794769230768,7.7302,0.0
4837,2010-07-15,SZSE:000768,0.695,9.92,9.4745,10.2,9.66,24577.9749,9.77,2.6928,73.4032,35.115,148.9087,3.0415,41.9935,43.456,43.515,0.0,0.0,0,22850.3617,85.5641,51.4832,0.0,24.9346,2.8526,1.8126,19.4618,1,39951.0,2.2,0.0,0.0,15.75,9.331236391129034,9.741925403225807,9.226176411290323,19.4618,0.0
4838,2010-07-16,SZSE:000768,0.7209,9.74,9.3026,9.87,9.56,24132.0036,9.87,2.644,72.0713,34.4779,146.2067,2.9864,42.063,40.5963,40.6471,0.0,0.0,0,22404.3903,83.8941,50.4784,0.0,24.4479,2.797,1.7772,9.3323,1,39951.0,2.2,0.0,0.0,15.75,9.426762012320328,9.426762012320328,9.130683367556468,9.3323,0.0
4839,2010-07-19,SZSE:000768,0.7209,9.9,9.4554,9.92,9.56,24528.4226,9.61,2.6874,73.2552,35.0443,148.6085,3.0354,40.4028,44.1166,44.1694,0.0,0.0,0,22800.8093,85.3786,51.3715,0.0,24.8805,2.8464,1.8086,9.6783,1,39951.0,2.2,0.0,0.0,15.75,9.178423636363634,9.474501818181817,9.13066909090909,9.6783,0.0
4840,2010-07-20,SZSE:000768,0.7209,10.26,9.7992,10.38,9.87,25420.3652,9.87,2.7851,75.9190,36.3186,154.0124,3.1458,41.1033,51.1336,51.1884,0.0,0.0,0,23692.7519,88.7185,53.3811,0.0,25.8538,2.9578,1.8794,18.8336,1,39951.0,2.2,0.0,0.0,15.75,9.426715789473684,9.91381052631579,9.426715789473684,18.8336,0.0
4841,2010-07-21,SZSE:000768,0.7209,10.29,9.8279,10.49,10.21,25494.6938,10.3,2.7933,76.1410,36.4248,154.4628,3.155,40.7807,51.6781,51.733,0.0,0.0,0,23767.0805,88.9968,53.5486,0.0,25.9349,2.9671,1.8853,17.4334,1,39951.0,2.2,0.0,0.0,15.75,9.837450923226436,10.01891846452867,9.751492614188534,17.4334,0.0
4842,2010-07-22,SZSE:000768,0.7209,10.43,9.9616,10.62,10.23,25841.5603,10.26,2.8313,77.1769,36.9204,156.5643,3.1979,40.9404,54.2407,54.2956,0.0,0.0,0,24113.9471,90.2957,54.3301,0.0,26.3134,3.0104,1.9128,16.4707,1,39951.0,2.2,0.0,0.0,15.75,9.799234515819752,10.143067305848515,9.770581783317354,16.4707,0.0
4843,2010-07-23,SZSE:000768,0.772,10.35,9.8852,10.61,10.2,25643.3509,10.5,2.8095,76.5850,36.6372,155.3634,3.1734,40.844,52.5265,52.5778,0.0,0.0,0,23915.7376,89.5534,53.8835,0.0,26.0971,2.9856,1.8971,13.2289,1,39951.0,2.2,0.0,0.0,15.75,10.028463768115943,10.133523864734299,9.741936231884056,13.2289,0.0
4844,2010-07-26,SZSE:000768,0.772,10.45,9.9807,10.53,10.28,25891.1127,10.39,2.8367,77.3249,36.9912,156.8645,3.204,40.9309,54.4638,54.515,0.0,0.0,0,24163.4994,90.4812,54.4417,0.0,26.3675,3.0166,1.9167,11.2038,1,39951.0,2.2,0.0,0.0,15.75,9.923394545454547,10.057107272727274,9.818334545454546,11.2038,0.0
4845,2010-07-27,SZSE:000768,0.772,10.36,9.8947,10.45,10.3,25668.127,10.45,2.8123,76.6590,36.6726,155.5135,3.1764,40.2289,52.3916,52.4388,0.0,0.0,0,23940.5138,89.6462,53.9394,0.0,26.1242,2.9887,1.899,9.9204,1,39951.0,2.2,0.0,0.0,13.5,9.980657818532817,9.980657818532817,9.837394787644788,9.9204,0.0
4846,2010-07-28,SZSE:000768,0.772,10.6,10.1239,10.65,10.35,26262.7555,10.4,2.8774,78.4349,40.2889,159.1162,3.25,40.3918,57.081,57.1279,0.0,0.0,0,24535.1422,91.8728,55.2791,28.1932,29.5328,3.063,2.0285,17.5286,1,39951.0,2.2,0.0,0.0,13.5,9.932883018867926,10.17165424528302,9.885128773584906,17.5286,0.0
4847,2010-07-29,SZSE:000768,0.772,11.66,11.1363,11.66,10.9,28889.031,10.9,3.1824,58.2656,39.0228,89.8236,3.2273,45.0261,70.7736,70.8143,0.0,0.0,0,27120.4707,53.5532,38.9713,28.2947,29.6593,3.0314,2.1047,30.3929,1,39951.0,2.2,0.0,0.0,13.5,10.410434819897084,11.1363,10.410434819897084,30.3929,0.0
4848,2010-07-30,SZSE:000768,0.7306,11.79,11.2605,12.33,11.69,29211.1214,12.0,3.2179,58.9152,39.4578,90.8251,3.2633,44.9692,71.9554,71.995,0.0,0.0,0,27442.5611,54.1892,39.4341,28.6307,30.0115,3.0674,2.1297,63.0071,1,39951.0,2.2,0.0,0.0,13.5,11.461068702290076,11.776248091603055,11.164991094147583,63.0071,0.0
4849,2010-08-02,SZSE:000768,0.7306,11.82,11.2891,11.92,11.58,29285.45,11.66,3.2261,59.0652,39.5582,91.0562,3.2716,44.596,72.2344,72.2738,0.0,0.0,0,27516.8896,54.3360,39.5409,28.7083,30.0928,3.0757,2.1355,28.2925,1,39951.0,2.2,0.0,0.0,13.5,11.136286463620982,11.384608460236887,11.059879695431471,28.2925,0.0
4850,2010-08-03,SZSE:000768,0.7306,11.47,10.9549,11.82,11.47,28418.2835,11.82,3.1306,57.3162,43.283,88.3599,3.1747,44.6324,64.2087,64.2395,0.0,0.0,0,26649.7232,52.6236,38.2948,27.8036,35.7477,2.9787,2.1355,22.5271,1,39951.0,2.2,0.0,0.0,13.5,11.28918204010462,11.28918204010462,10.9549,22.5271,0.0
4851,2010-08-04,SZSE:000768,0.7306,11.43,10.9167,11.52,11.03,28319.1788,11.41,3.1196,57.1163,43.1321,88.0518,3.1637,44.5818,63.3425,63.3724,0.0,0.0,0,26550.6184,52.4279,38.1524,27.7002,35.6148,2.9677,2.1276,24.2757,1,39951.0,2.2,0.0,0.0,13.5,10.89759816272966,11.002658267716535,10.534663254593175,24.2757,0.0
4852,2010-08-05,SZSE:000768,0.7306,11.41,10.8976,11.64,11.26,28269.6264,11.34,3.1142,57.0164,43.0566,87.8977,3.1581,44.2403,62.8857,62.9152,0.0,0.0,0,26501.0661,52.3301,38.0812,27.6485,35.5483,2.9621,2.1236,21.8001,1,39951.0,2.2,0.0,0.0,13.5,10.830743558282208,11.117271165644173,10.754336196319018,21.8001,0.0
4853,2010-08-06,SZSE:000768,0.7409,11.99,11.4515,12.12,11.3,29706.6451,11.39,3.2725,59.9147,45.2453,92.3658,3.3187,44.5549,69.7081,69.7351,0.0,0.0,0,27938.0848,55.1677,40.1461,29.1477,37.4759,3.1228,2.2388,43.5591,1,39951.0,2.2,0.0,0.0,13.5,10.878447456213511,11.57566138448707,10.792489574645538,43.5591,0.0
4854,2010-08-09,SZSE:000768,0.7409,11.99,11.4515,12.12,11.8,29706.6451,12.0,3.2725,59.9147,45.2453,92.3658,3.3187,44.4521,69.7081,69.7351,0.0,0.0,0,27938.0848,55.1677,40.1461,29.1477,37.4759,3.1228,2.2388,24.6922,1,39951.0,2.2,0.0,0.0,13.5,11.461050875729773,11.57566138448707,11.270033361134278,24.6922,0.0
4855,2010-08-10,SZSE:000768,0.7409,11.46,10.9453,11.99,11.44,28393.5073,11.99,3.1278,57.2662,43.2453,88.2829,3.172,45.3328,58.3424,58.3609,0.0,0.0,0,26624.947,52.5747,38.2592,27.7777,35.7145,2.976,2.1335,20.4495,1,39951.0,2.2,0.0,0.0,13.5,11.451496247818497,11.451496247818497,10.926198254799301,20.4495,0.0
4856,2010-08-11,SZSE:000768,0.7409,11.47,10.9549,11.6,11.31,28418.2835,11.39,3.1306,57.3162,43.283,88.3599,3.1747,45.2095,58.4799,58.4984,0.0,0.0,0,26649.7232,52.6236,38.2948,27.8036,35.7477,2.9787,2.1355,11.25,1,39951.0,2.2,0.0,0.0,13.5,10.878492676547516,11.079061900610286,10.80208535309503,11.25,0.0
4857,2010-08-12,SZSE:000768,0.7409,11.26,10.7543,11.5,11.2,27897.9836,11.33,3.0732,56.2668,42.4906,86.7422,3.1166,45.336,54.4163,54.4321,0.0,0.0,0,26129.4233,51.5962,37.5471,27.2607,35.0498,2.9206,2.0938,12.6251,1,39951.0,2.2,0.0,0.0,13.5,10.821156216696272,10.983521314387213,10.696994671403198,12.6251,0.0
4858,2010-08-13,SZSE:000768,0.7313,11.82,11.2891,11.97,11.29,29285.45,11.3,3.2261,59.0652,44.6038,91.0562,3.2716,46.2704,61.9995,62.0148,0.0,0.0,0,27516.8896,54.3360,39.5409,28.7083,36.9109,3.0757,2.205,27.5486,1,39951.0,2.2,0.0,0.0,13.5,10.79245600676819,11.43236269035533,10.7829051607445,27.5486,0.0
4859,2010-08-16,SZSE:000768,0.7313,11.99,11.4515,12.1,11.66,29706.6451,11.77,3.2725,59.9147,45.2453,92.3658,3.3187,45.989,63.9596,63.9746,0.0,0.0,0,27938.0848,55.1677,40.1461,29.1477,37.4759,3.1228,2.2388,28.9666,1,39951.0,2.2,0.0,0.0,13.5,11.241380733944954,11.556559633027522,11.13632110091743,28.9666,0.0
4860,2010-08-17,SZSE:000768,0.7313,12.21,11.6616,12.5,12.06,30251.7212,12.09,3.3325,61.0140,46.0755,94.0606,3.3796,42.384,66.3767,66.3913,0.0,0.0,0,28483.1608,56.2440,40.9294,29.7164,38.207,3.1837,2.2825,32.6342,1,39951.0,2.2,0.0,0.0,13.5,11.546989680589679,11.938574938574938,11.5183371007371,32.6342,0.0
4861,2010-08-18,SZSE:000768,0.7313,12.18,11.633,12.45,12.1,30177.3926,12.19,3.3243,60.8641,45.9623,93.8294,3.3713,42.2512,65.7293,65.7437,0.0,0.0,0,28408.8323,56.0972,40.8226,29.6388,38.1073,3.1754,2.2765,20.9714,1,39951.0,2.2,0.0,0.0,13.5,11.642550903119867,11.890874384236453,11.55659277504105,20.9714,0.0
4862,2010-08-19,SZSE:000768,0.7313,12.09,11.547,12.27,12.02,29954.4069,12.18,3.2998,60.4144,45.6226,93.1361,3.3464,42.2338,63.7215,63.7349,0.0,0.0,0,28185.8466,55.6569,40.5022,29.4062,37.8082,3.1504,2.2586,16.8135,1,39951.0,2.2,0.0,0.0,13.5,11.632957816377171,11.718915632754342,11.480143920595534,16.8135,0.0
4863,2010-08-20,SZSE:000768,0.7311,11.75,11.2223,12.09,11.7,29112.0167,12.07,3.207,58.7154,44.3396,90.5169,3.2522,42.6275,56.6779,56.6884,0.0,0.0,0,27343.4563,53.9935,39.2917,28.5273,36.6783,3.0563,2.1911,18.0373,1,39951.0,2.2,0.0,0.0,13.5,11.527928595744683,11.547030382978724,11.174545531914895,18.0373,0.0
4864,2010-08-23,SZSE:000768,0.7311,11.86,11.3273,12.17,11.7,29384.5547,11.72,3.237,59.265,44.7547,91.3643,3.2827,42.6528,58.2845,58.2949,0.0,0.0,0,27615.9944,54.5317,39.6833,28.8117,37.0438,3.0868,2.213,15.701,1,39951.0,2.2,0.0,0.0,13.5,11.193588195615515,11.623376138279934,11.174486509274873,15.701,0.0
4865,2010-08-24,SZSE:000768,0.7311,12.0,11.4611,12.02,11.68,29731.4213,11.84,3.2752,59.9646,45.283,92.4428,3.3214,41.6061,60.3023,60.3126,0.0,0.0,0,27962.861,55.2166,40.1817,29.1736,37.5091,3.1255,2.2408,14.7213,1,39951.0,2.2,0.0,0.0,13.5,11.308285333333334,11.480201833333334,11.155470666666666,14.7213,0.0
4866,2010-08-25,SZSE:000768,0.7311,11.52,11.0026,11.92,11.5,28542.1644,11.9,3.1442,57.566,43.4717,88.7451,3.1886,41.8765,51.1644,51.1716,0.0,0.0,0,26773.6041,52.8683,38.4728,27.9328,35.9139,2.9926,2.1455,15.1866,1,39951.0,2.2,0.0,0.0,13.5,11.365532986111111,11.384634722222222,10.983498263888889,15.1866,0.0
4867,2010-08-26,SZSE:000768,0.7311,11.55,11.0313,11.67,11.45,28616.493,11.53,3.1524,57.716,43.5849,88.9762,3.1969,40.0961,51.6575,51.6647,0.0,0.0,0,26847.9327,53.015,38.5796,28.0104,36.0136,3.0009,2.1514,9.1594,1,39951.0,2.2,0.0,0.0,13.5,11.012198181818182,11.14591090909091,10.935790909090906,9.1594,0.0
4868,2010-08-27,SZSE:000768,0.7177,11.54,11.0217,11.6,11.41,28591.7168,11.55,3.1497,57.666,43.5472,88.8992,3.1941,40.0645,51.4709,51.4781,0.0,0.0,0,26823.1565,52.9661,38.544,27.9845,35.9803,2.9981,2.1494,6.9815,1,39951.0,2.2,0.0,0.0,13.5,11.031250866551128,11.079005199306758,10.897538734835356,6.9815,0.0
4869,2010-08-30,SZSE:000768,0.7177,11.9,11.3656,11.9,11.6,29483.6594,11.6,3.2479,59.4649,44.9057,91.6724,3.2938,40.4329,57.4309,57.438,0.0,0.0,0,27715.0991,54.7274,39.8257,28.9151,37.1768,3.0978,2.2209,13.0225,1,39951.0,2.2,0.0,0.0,13.5,11.079072268907563,11.3656,11.079072268907563,13.0225,0.0
4870,2010-08-31,SZSE:000768,0.7177,12.15,11.6043,12.25,11.81,30103.0641,11.89,3.3161,60.7142,45.8491,93.5983,3.363,39.5791,61.0119,61.0189,0.0,0.0,0,28334.5037,55.9505,40.7158,29.5613,38.0076,3.1671,2.2705,24.6572,1,39951.0,2.2,0.0,0.0,13.5,11.355977530864198,11.69980864197531,11.27957061728395,24.6572,0.0
4871,2010-09-01,SZSE:000768,0.7177,11.77,11.2414,12.25,11.62,29161.569,12.2,3.2124,58.8153,44.4151,90.671,3.2578,40.1325,53.6274,53.6327,0.0,0.0,0,27393.0087,54.0914,39.3629,28.579,36.7447,3.0618,2.1951,18.0121,1,39951.0,2.2,0.0,0.0,13.5,11.652088360237894,11.699842820730673,11.098136618521666,18.0121,0.0
4872,2010-09-02,SZSE:000768,0.7177,11.92,11.3847,11.99,11.77,29533.2118,11.89,3.2534,59.5649,44.9811,91.8265,3.2993,40.1593,55.8966,55.9019,0.0,0.0,0,27764.6515,54.8252,39.8969,28.9668,37.2432,3.1034,2.2249,13.3604,1,39951.0,2.2,0.0,0.0,13.5,11.356047231543625,11.451556459731544,11.24143615771812,13.3604,0.0
4873,2010-09-03,SZSE:000768,0.7455,12.29,11.738,12.4,11.94,30449.9306,11.94,3.3544,61.4138,46.3774,94.6768,3.4017,40.5262,60.97,60.9752,0.0,0.0,0,28681.3703,56.6354,41.2142,29.9232,38.4729,3.2058,2.2983,35.8495,1,39951.0,2.2,0.0,0.0,13.5,11.403720097640358,11.843059397884458,11.403720097640358,35.8495,0.0
4874,2010-09-06,SZSE:000768,0.7455,12.31,11.7571,12.46,12.11,30499.483,12.31,3.3598,61.5137,46.4528,94.8309,3.4072,40.493,61.2296,61.2348,0.0,0.0,0,28730.9227,56.7333,41.2854,29.9749,38.5394,3.2114,2.3023,23.8227,1,39951.0,2.2,0.0,0.0,13.5,11.7571,11.900362794476035,11.566082940698617,23.8227,0.0
4875,2010-09-07,SZSE:000768,0.7455,12.32,11.7667,12.42,12.15,30524.2592,12.35,3.3625,61.5637,46.4906,94.9079,3.41,40.3016,61.368,61.3732,0.0,0.0,0,28755.6989,56.7822,41.321,30.0007,38.5726,3.2141,2.3043,16.7647,1,39951.0,2.2,0.0,0.0,13.5,11.795352678571428,11.86220892857143,11.604334821428571,16.7647,0.0
4876,2010-09-08,SZSE:000768,0.7455,12.3,11.7476,12.46,12.18,30474.7068,12.22,3.3571,61.4637,48.3871,94.7539,3.4045,39.7309,60.8999,60.9049,0.0,0.0,0,28706.1465,56.6843,41.2498,29.949,41.2498,3.2086,2.3011,21.1229,1,39951.0,2.2,0.0,0.0,0.0,11.671192845528456,11.90041430894309,11.632989268292683,21.1229,0.0
4877,2010-09-09,SZSE:000768,0.7455,11.99,11.4515,12.42,11.95,29706.6451,12.38,3.2725,59.9147,47.1676,92.3658,3.3187,40.0676,54.021,54.025,0.0,0.0,0,27938.0848,55.1677,40.1461,29.1477,40.1461,3.1228,2.2395,22.3595,1,39951.0,2.2,0.0,0.0,0.0,11.823984153461218,11.862187656380316,11.413296497080898,22.3595,0.0
4878,2010-09-10,SZSE:000768,0.7665,12.65,12.0819,12.66,11.97,31341.8733,12.0,3.4526,63.2127,49.764,97.4501,3.5014,41.4005,63.4792,63.4829,0.0,0.0,0,29573.3129,58.3967,42.4959,30.8537,42.4959,3.3055,2.3706,41.7083,1,39951.0,2.2,0.0,0.0,0.0,11.461090909090908,12.091450909090907,11.432438181818181,41.7083,0.0
4879,2010-09-13,SZSE:000768,0.7665,12.72,12.1487,12.87,12.48,31515.3066,12.65,3.4717,63.5625,50.0393,97.9894,3.5207,41.4037,64.3175,64.3213,0.0,0.0,0,29746.7462,58.7391,42.7451,31.0347,42.7451,3.3249,2.3845,43.828,1,39951.0,2.2,0.0,0.0,0.0,12.08184394654088,12.29196297169811,11.91947924528302,43.828,0.0
4880,2010-09-14,SZSE:000768,0.7665,12.57,12.0055,12.82,12.52,31143.6638,12.78,3.4308,62.8129,49.4493,96.8338,3.4792,41.1665,61.0817,61.085,0.0,0.0,0,29375.1035,58.0053,42.2111,30.647,42.2111,3.2834,2.3547,25.6175,1,39951.0,2.2,0.0,0.0,0.0,12.206069212410501,12.244272871917264,11.957745425616546,25.6175,0.0
4881,2010-09-15,SZSE:000768,0.7665,12.28,11.7285,12.78,12.16,30425.1544,12.57,3.3516,61.3638,48.3084,94.5998,3.3989,41.1412,55.2901,55.2928,0.0,0.0,0,28656.5941,56.5865,41.1786,29.8973,41.1786,3.2031,2.2971,26.4863,1,39951.0,2.2,0.0,0.0,0.0,12.0054759771987,12.206044788273616,11.613889250814333,26.4863,0.0
4882,2010-09-16,SZSE:000768,0.7665,12.07,11.5279,12.44,11.95,29904.8546,12.24,3.2943,60.3144,47.4823,92.9821,3.3408,40.9847,51.4833,51.4856,0.0,0.0,0,28136.2942,55.5591,40.431,29.3545,40.4309,3.1449,2.2554,21.797,1,39951.0,2.2,0.0,0.0,0.0,11.690264788732394,11.881282187241093,11.41328956089478,21.797,0.0
4883,2010-09-17,SZSE:000768,0.7371,11.97,11.4324,12.17,11.95,29657.0927,12.1,3.267,59.8147,47.0889,92.2117,3.3131,41.0116,49.7275,49.7297,0.0,0.0,0,27888.5324,55.0698,40.0749,29.096,40.0749,3.1172,2.2356,13.2462,1,39951.0,2.2,0.0,0.0,0.0,11.55656140350877,11.623417543859649,11.413298245614033,13.2462,0.0
4884,2010-09-20,SZSE:000768,0.7371,11.57,11.0504,12.1,11.53,28666.0454,12.01,3.1578,57.8159,45.5153,89.1303,3.2024,40.8883,43.3578,43.3594,0.0,0.0,0,26897.485,53.1129,38.6508,28.0621,38.6508,3.0064,2.1561,14.5772,1,39951.0,2.2,0.0,0.0,0.0,11.470639930855661,11.556598098530683,11.012196369922211,14.5772,0.0
4885,2010-09-21,SZSE:000768,0.7371,11.7,11.1745,11.8,11.59,28988.1358,11.6,3.1933,58.4655,46.0268,90.1317,3.2384,40.7459,45.7883,45.7899,0.0,0.0,0,27219.5754,53.7489,39.1137,28.3981,39.1136,3.0424,2.1819,7.3444,1,39951.0,2.2,0.0,0.0,0.0,11.078991452991453,11.27000854700855,11.0694405982906,7.3444,0.0
4886,2010-09-22,SZSE:000768,0.7371,0.0,11.1745,0.0,0.0,28988.1358,0.0,3.1933,58.4655,46.0268,90.1317,3.2384,40.7459,45.7883,45.7899,0.0,0.0,0,27219.5754,53.7489,39.1137,28.3981,39.1136,3.0424,2.1819,0.0,1,39951.0,2.2,0.0,0.0,0.0,0.0,0.0,0.0,0.0,0.0
4887,2010-09-23,SZSE:000768,0.7371,0.0,11.1745,0.0,0.0,28988.1358,0.0,3.1933,58.4655,46.0268,90.1317,3.2384,40.7459,45.7883,45.7899,0.0,0.0,0,27219.5754,53.7489,39.1137,28.3981,39.1136,3.0424,2.1819,0.0,1,39951.0,2.2,0.0,0.0,0.0,0.0,0.0,0.0,0.0,0.0
4888,2010-09-24,SZSE:000768,0.6852,0.0,11.1745,0.0,0.0,28988.1358,0.0,3.1933,58.4655,46.0268,90.1317,3.2384,40.7459,45.7883,45.7899,0.0,0.0,0,27219.5754,53.7489,39.1137,28.3981,39.1136,3.0424,2.1819,0.0,1,39951.0,2.2,0.0,0.0,0.0,0.0,0.0,0.0,0.0,0.0
4889,2010-09-27,SZSE:000768,0.6852,11.94,11.4038,11.99,11.7,29582.7642,11.73,3.2588,59.6648,46.9709,91.9806,3.3048,41.6598,50.0495,50.0512,0.0,0.0,0,27814.2038,54.9231,39.9681,29.0185,39.9681,3.1089,2.2296,10.0539,1,39951.0,2.2,0.0,0.0,0.0,11.203230653266333,11.451554606365159,11.174577889447237,10.0539,0.0
4890,2010-09-28,SZSE:000768,0.6852,12.39,11.8335,12.65,11.75,30697.6925,11.94,3.3817,61.9135,48.7412,95.4472,3.4294,42.1911,56.8916,56.8933,0.0,0.0,0,28929.1321,57.1247,41.5702,30.1817,41.5702,3.2335,2.319,27.2292,1,39951.0,2.2,0.0,0.0,0.0,11.40371186440678,12.081822033898305,11.222245762711864,27.2292,0.0
4891,2010-09-29,SZSE:000768,0.6852,12.17,11.6234,12.54,12.16,30152.6164,12.37,3.3216,60.8141,47.8757,93.7524,3.3685,40.8282,53.0647,53.0661,0.0,0.0,0,28384.0561,56.0483,40.787,29.613,40.787,3.1726,2.2753,19.1272,1,39951.0,2.2,0.0,0.0,0.0,11.814417255546426,11.976781922760887,11.61384913722268,19.1272,0.0
4892,2010-09-30,SZSE:000768,0.6852,12.59,12.0246,12.68,12.2,31193.2162,12.2,3.4362,62.9129,49.5279,96.9879,3.4847,40.27,58.7671,58.7685,0.0,0.0,0,29424.6558,58.1031,42.2823,30.6987,42.2823,3.2889,2.3587,35.4731,1,39951.0,2.2,0.0,0.0,0.0,11.652114376489276,12.110558220810168,11.652114376489276,35.4731,0.0
4893,2010-10-01,SZSE:000768,0.7032,0.0,12.0246,0.0,0.0,31193.2162,0.0,3.4362,62.9129,49.5279,96.9879,3.4847,40.27,58.7671,58.7685,0.0,0.0,0,29424.6558,58.1031,42.2823,30.6987,42.2823,3.2889,2.3587,0.0,1,39951.0,2.2,0.0,0.0,0.0,0.0,0.0,0.0,0.0,0.0
4894,2010-10-04,SZSE:000768,0.7032,0.0,12.0246,0.0,0.0,31193.2162,0.0,3.4362,62.9129,49.5279,96.9879,3.4847,40.27,58.7671,58.7685,0.0,0.0,0,29424.6558,58.1031,42.2823,30.6987,42.2823,3.2889,2.3587,0.0,1,39951.0,2.2,0.0,0.0,0.0,0.0,0.0,0.0,0.0,0.0
4895,2010-10-05,SZSE:000768,0.7032,0.0,12.0246,0.0,0.0,31193.2162,0.0,3.4362,62.9129,49.5279,96.9879,3.4847,40.27,58.7671,58.7685,0.0,0.0,0,29424.6558,58.1031,42.2823,30.6987,42.2823,3.2889,2.3587,0.0,1,39951.0,2.2,0.0,0.0,0.0,0.0,0.0,0.0,0.0,0.0
4896,2010-10-06,SZSE:000768,0.7032,0.0,12.0246,0.0,0.0,31193.2162,0.0,3.4362,62.9129,49.5279,96.9879,3.4847,40.27,58.7671,58.7685,0.0,0.0,0,29424.6558,58.1031,42.2823,30.6987,42.2823,3.2889,2.3587,0.0,1,39951.0,2.2,0.0,0.0,0.0,0.0,0.0,0.0,0.0,0.0
4897,2010-10-07,SZSE:000768,0.7032,0.0,12.0246,0.0,0.0,31193.2162,0.0,3.4362,62.9129,49.5279,96.9879,3.4847,40.27,58.7671,58.7685,0.0,0.0,0,29424.6558,58.1031,42.2823,30.6987,42.2823,3.2889,2.3587,0.0,1,39951.0,2.2,0.0,0.0,0.0,0.0,0.0,0.0,0.0,0.0
4898,2010-10-08,SZSE:000768,0.7005,12.81,12.2347,12.99,12.49,31738.2922,12.74,3.4963,64.0122,50.3934,98.6827,3.5456,40.2273,61.4118,61.4132,0.0,0.0,0,29969.7319,59.1795,43.0655,31.2673,43.0655,3.3498,2.4024,41.748,1,39951.0,2.2,0.0,0.0,0.0,12.167843715846995,12.406616159250586,11.929071272443403,41.748,0.0
4899,2010-10-11,SZSE:000768,0.7005,12.68,12.1105,13.2,12.6,31416.2018,12.81,3.4608,63.3626,49.882,97.6812,3.5097,39.9411,59.0035,59.0047,0.0,0.0,0,29647.6415,58.5434,42.6027,30.9313,42.6027,3.3138,2.3766,39.0003,1,39951.0,2.2,0.0,0.0,0.0,12.234661277602525,12.607145110410094,12.03409305993691,39.0003,0.0
4900,2010-10-12,SZSE:000768,0.7005,13.09,12.5021,13.34,12.66,32432.0254,12.69,3.5727,65.4114,51.4949,100.8397,3.6231,40.3443,63.8221,63.8234,0.0,0.0,0,30663.465,60.5493,44.0624,31.9911,44.0624,3.4274,2.458,44.1058,1,39951.0,2.2,0.0,0.0,0.0,12.120064858670741,12.740871963330788,12.091412223071046,44.1058,0.0
4901,2010-10-13,SZSE:000768,0.7005,12.71,12.1392,13.0,12.57,31490.5304,13.0,3.469,63.5125,50.0,97.9123,3.518,40.5436,57.1208,57.1218,0.0,0.0,0,29721.97,58.6902,42.7095,31.0088,42.7095,3.3221,2.3825,38.7158,1,39951.0,2.2,0.0,0.0,0.0,12.416176239181747,12.416176239181747,12.005487332808812,38.7158,0.0
4902,2010-10-14,SZSE:000768,0.7005,12.57,12.0055,13.2,12.52,31143.6638,12.98,3.4308,62.8129,49.4493,96.8338,3.4792,40.6511,54.8364,54.8373,0.0,0.0,0,29375.1035,58.0053,42.2111,30.647,42.2111,3.2834,2.3547,33.0151,1,39951.0,2.2,0.0,0.0,0.0,12.39708750994431,12.6072076372315,11.957745425616546,33.0151,0.0
4903,2010-10-15,SZSE:000768,0.7138,13.3,12.7027,13.36,12.36,32952.3253,12.5,3.63,66.4608,52.321,102.4574,3.6813,41.9871,63.1191,63.1199,0.0,0.0,0,31183.7649,61.5767,44.8101,32.5339,44.8101,3.4855,2.4997,65.7198,1,39951.0,2.2,0.0,0.0,0.0,11.938627819548872,12.760005413533833,11.804915187969923,65.7198,0.0
4904,2010-10-18,SZSE:000768,0.7138,0.0,12.7027,0.0,0.0,32952.3253,0.0,3.63,66.4608,52.321,102.4574,3.6813,41.9871,63.1191,63.1199,0.0,0.0,0,31183.7649,61.5767,44.8101,32.5339,44.8101,3.4855,2.4997,0.0,1,39951.0,2.2,0.0,0.0,0.0,0.0,0.0,0.0,0.0,0.0
4905,2010-10-19,SZSE:000768,0.7138,13.42,12.8173,13.58,13.05,33249.6395,13.3,3.6628,67.0604,52.7931,103.3819,3.7145,42.0109,64.2788,64.2796,0.0,0.0,0,31481.0791,62.1638,45.2373,32.8441,45.2373,3.5188,2.5235,51.1797,1,39951.0,2.2,0.0,0.0,0.0,12.702689269746648,12.97011430700447,12.463916915052161,51.1797,0.0
4906,2010-10-20,SZSE:000768,0.7138,13.6,12.9892,13.87,13.01,33695.6108,13.06,3.7119,67.9599,53.5012,104.7685,3.7643,41.5476,66.0056,66.0064,0.0,0.0,0,31927.0505,63.0445,45.8782,33.3094,45.8781,3.5686,2.5593,61.1883,1,39951.0,2.2,0.0,0.0,0.0,12.473452352941177,13.24707382352941,12.425697941176471,61.1883,0.0
4907,2010-10-21,SZSE:000768,0.7138,13.47,12.865,13.87,13.3,33373.5204,13.51,3.6764,67.3103,52.9898,103.767,3.7283,41.6567,63.6138,63.6146,0.0,0.0,0,31604.9601,62.4085,45.4153,32.9734,45.4153,3.5326,2.5335,36.3252,1,39951.0,2.2,0.0,0.0,0.0,12.903203414996286,13.247034149962879,12.702635486265777,36.3252,0.0
4908,2010-10-22,SZSE:000768,0.7109,13.31,12.7122,13.85,13.25,32977.1014,13.45,3.6327,66.5108,52.3604,102.5345,3.684,41.7579,60.6986,60.6993,0.0,0.0,0,31208.5411,61.6257,44.8457,32.5598,44.8457,3.4883,2.5017,33.6001,1,39951.0,2.2,0.0,0.0,0.0,12.845912096168293,13.227946656649134,12.654894815927872,33.6001,0.0
4909,2010-10-25,SZSE:000768,0.7109,13.75,13.1325,13.84,13.24,34067.2536,13.33,3.7528,68.7095,54.0913,105.924,3.8058,42.0915,65.3951,65.3958,0.0,0.0,0,32298.6932,63.7783,46.4122,33.6971,46.4122,3.6102,2.5891,45.2783,1,39951.0,2.2,0.0,0.0,0.0,12.731361818181819,13.218458181818184,12.645403636363637,45.2783,0.0
4910,2010-10-26,SZSE:000768,0.7109,13.55,12.9414,13.87,13.37,33571.7299,13.8,3.6802,71.4192,48.6012,125.0485,3.819,42.2797,61.7811,61.7817,0.0,0.0,0,33353.6111,78.4248,55.258,31.864,42.0539,3.7881,2.5348,34.7524,1,39951.0,2.2,0.0,0.0,0.0,13.180171217712177,13.247027158671585,12.76948472324723,34.7524,0.0
4911,2010-10-27,SZSE:000768,0.7109,13.13,12.5403,13.68,13.0,32531.1301,13.5,3.5662,69.2054,47.0947,121.1724,3.7006,42.8647,54.9174,54.9179,0.0,0.0,0,32313.0113,75.978,53.534,30.8699,40.7419,3.6699,2.4557,32.7949,1,39951.0,2.2,0.0,0.0,0.0,12.893682406702208,13.065598172124904,12.416138613861387,32.7949,0.0
4912,2010-10-28,SZSE:000768,0.7109,13.16,12.569,13.37,13.01,32605.4587,13.1,3.5743,69.3636,47.2023,121.4493,3.709,42.6781,55.2995,55.2999,0.0,0.0,0,32387.3399,76.1528,53.6571,30.9409,40.8356,3.6784,2.4613,24.6523,1,39951.0,2.2,0.0,0.0,0.0,12.511694528875381,12.76956914893617,12.42573632218845,24.6523,0.0
4913,2010-10-29,SZSE:000768,0.6986,13.61,12.9988,13.84,13.05,33720.387,13.05,3.6965,71.7354,48.8164,125.6022,3.8359,38.5276,60.6814,60.6818,0.0,0.0,0,33502.2682,78.7743,55.5043,32.006,42.2414,3.805,2.5461,50.5839,1,39951.0,2.2,0.0,0.0,0.0,12.463948567229979,13.218471124173403,12.463948567229979,50.5839,0.0
4914,2010-11-01,SZSE:000768,0.6986,13.93,13.3044,14.1,13.63,34513.2249,13.73,3.7835,73.4221,49.9641,128.5553,3.9261,38.7284,64.0006,64.001,0.0,0.0,0,34295.1061,80.6386,56.8178,32.7634,43.241,3.8951,2.6063,53.9848,1,39951.0,2.2,0.0,0.0,0.0,13.113382053122757,13.466765254845656,13.017873079684135,53.9848,0.0
4915,2010-11-02,SZSE:000768,0.6986,14.01,13.3808,14.72,13.75,34711.4343,13.91,3.8052,73.8437,50.2511,129.2936,3.9486,38.7332,64.8006,64.8011,0.0,0.0,0,34493.3155,81.1046,57.1462,32.9528,43.4909,3.9176,2.6214,78.3156,1,39951.0,2.2,0.0,0.0,0.0,13.28529107780157,14.058913347608852,13.132476802284083,78.3156,0.0
4916,2010-11-03,SZSE:000768,0.6986,13.73,13.1134,14.5,13.72,34017.7012,14.01,3.7291,72.3679,49.2468,126.7096,3.8697,38.4106,59.7922,59.7926,0.0,0.0,0,33799.5824,79.4734,55.9968,32.29,42.6162,3.8388,2.5687,48.4741,1,39951.0,2.2,0.0,0.0,0.0,13.380825491624181,13.848820101966497,13.103849089584852,48.4741,0.0
4917,2010-11-04,SZSE:000768,0.6986,14.77,14.1067,15.02,13.7,36594.4244,13.72,4.0116,77.8495,52.977,136.3074,4.1628,41.0701,69.2873,69.2877,0.0,0.0,0,36376.3056,85.5321,60.2658,34.7517,45.8651,4.1314,2.7645,94.0728,1,39951.0,2.2,0.0,0.0,0.0,13.10385402843602,14.345472850372374,13.084752200406228,94.0728,0.0
4918,2010-11-05,SZSE:000768,0.7949,15.34,14.6511,15.9,14.65,38006.6669,15.0,4.1664,80.8539,55.0215,141.5678,4.3235,41.6345,73.0445,73.0448,0.0,0.0,0,37788.5481,88.8527,62.6055,36.1008,47.6457,4.2918,2.8718,97.3219,1,39951.0,2.2,0.0,0.0,0.0,14.326368970013037,15.185951108213821,13.992087027379402,97.3219,0.0
4919,2010-11-08,SZSE:000768,0.7949,15.06,14.3836,15.33,14.83,37312.9337,15.33,4.0904,79.3781,54.0172,138.9837,4.2445,40.825,68.6047,68.605,0.0,0.0,0,37094.8149,87.2215,61.4561,35.4381,46.771,4.213,2.8191,53.7578,1,39951.0,2.2,0.0,0.0,0.0,14.641473306772907,14.641473306772907,14.163930146082336,53.7578,0.0
4920,2010-11-09,SZSE:000768,0.7949,14.97,14.2977,15.3,14.81,37089.9481,15.0,4.0659,78.9037,53.6944,138.1532,4.2192,40.8709,67.191,67.1912,0.0,0.0,0,36871.8293,86.6972,61.0867,35.2251,46.4899,4.1877,2.8021,38.2605,1,39951.0,2.2,0.0,0.0,0.0,14.326352705410821,14.612879759519037,14.144885571142284,38.2605,0.0
4921,2010-11-10,SZSE:000768,0.7949,14.73,14.0685,14.97,14.51,36495.3196,14.97,4.0007,77.6387,52.8336,135.9383,4.1515,39.7498,63.4369,63.4371,0.0,0.0,0,36277.2008,85.2991,60.1016,34.657,45.7402,4.1202,2.7569,36.0518,1,39951.0,2.2,0.0,0.0,0.0,14.29772199592668,14.29772199592668,13.85837983706721,36.0518,0.0
4922,2010-11-11,SZSE:000768,0.7949,14.42,13.7724,14.99,14.41,35727.2579,14.57,3.9165,76.0047,51.7217,133.0774,4.0642,40.1072,58.8622,58.8624,0.0,0.0,0,35509.1391,83.4931,58.8291,33.9232,44.7717,4.0329,2.6986,39.9944,1,39951.0,2.2,0.0,0.0,0.0,13.91566352288488,14.31680138696255,13.76284909847434,39.9944,0.0
4923,2010-11-12,SZSE:000768,0.905,13.0,12.4161,14.41,12.98,32209.0397,14.41,3.5309,68.5202,46.6284,119.9727,3.6639,45.804,43.417,43.4171,0.0,0.0,0,31990.9209,75.2207,53.0004,30.5621,40.3358,3.6334,2.4312,55.1222,1,39951.0,2.2,0.0,0.0,0.0,13.762769307692308,13.762769307692308,12.396998307692309,55.1222,0.0
4924,2010-11-15,SZSE:000768,0.905,13.37,12.7695,13.49,13.11,33125.7585,13.21,3.6314,70.4704,47.9555,123.3873,3.7682,45.0798,47.2975,47.2976,0.0,0.0,0,32907.6397,77.3762,54.5191,31.4379,41.4916,3.7375,2.5009,30.0443,1,39951.0,2.2,0.0,0.0,0.0,12.616686237845926,12.88411032161556,12.521177636499628,30.0443,0.0
4925,2010-11-16,SZSE:000768,0.905,13.1,12.5117,13.66,12.9,32456.8016,13.49,3.558,69.0473,46.9871,120.8956,3.6921,45.249,44.8788,44.8789,0.0,0.0,0,32238.6828,75.8033,53.4108,30.7988,40.6482,3.6615,2.45,34.4447,1,39951.0,2.2,0.0,0.0,0.0,12.88418572519084,13.046551297709922,12.320681679389313,34.4447,0.0
4926,2010-11-17,SZSE:000768,0.905,13.19,12.5976,14.0,13.1,32679.7872,13.41,3.5825,69.5217,47.3099,121.7261,3.7175,45.1257,45.8724,45.8725,0.0,0.0,0,32461.6684,76.3276,53.7803,31.0119,40.9293,3.6868,2.467,41.0799,1,39951.0,2.2,0.0,0.0,0.0,12.807719181197877,13.371220621683094,12.511642153146322,41.0799,0.0
4927,2010-11-18,SZSE:000768,0.905,13.53,12.9223,13.69,13.26,33522.1775,13.5,3.6748,71.3137,48.5294,124.8639,3.8133,45.3977,49.5708,49.5709,0.0,0.0,0,33304.0587,78.3083,55.1759,31.8166,41.9915,3.7825,2.531,25.5131,1,39951.0,2.2,0.0,0.0,0.0,12.893647450110866,13.07511359940872,12.664427050997784,25.5131,0.0
4928,2010-11-19,SZSE:000768,0.8925,13.53,12.9223,13.68,13.1,33522.1775,13.63,3.6748,71.3137,48.5294,124.8639,3.8133,45.3565,49.5708,49.5709,0.0,0.0,0,33304.0587,78.3083,55.1759,31.8166,41.9915,3.7825,2.531,26.9811,1,39951.0,2.2,0.0,0.0,0.0,13.017808499630453,13.065562749445679,12.511613451589062,26.9811,0.0
4929,2010-11-22,SZSE:000768,0.8925,13.35,12.7504,13.51,13.29,33076.2062,13.38,3.6259,70.365,47.8838,123.2027,3.7626,45.0119,47.5749,47.575,0.0,0.0,0,32858.0874,77.2597,54.437,31.3906,41.4292,3.7319,2.4971,25.1347,1,39951.0,2.2,0.0,0.0,0.0,12.779052584269666,12.903213782771536,12.693094831460675,25.1347,0.0
4930,2010-11-23,SZSE:000768,0.8925,12.62,12.0532,13.29,12.31,31267.5447,13.29,3.4277,66.5173,45.2654,116.4658,3.5568,46.6167,40.46,40.46,0.0,0.0,0,31049.4259,73.0069,51.4406,29.6627,39.1487,3.5264,2.3596,32.3772,1,39951.0,2.2,0.0,0.0,0.0,12.693108399366087,12.693108399366087,11.757122979397783,32.3772,0.0
4931,2010-11-24,SZSE:000768,0.8925,12.95,12.3684,13.08,12.71,32085.1588,12.72,3.5173,68.2567,46.4491,119.5113,3.6499,46.8523,44.5007,44.5008,0.0,0.0,0,31867.04,74.9294,52.7951,30.4438,40.1796,3.6193,2.4218,22.0808,1,39951.0,2.2,0.0,0.0,0.0,12.148729575289575,12.492561544401545,12.139178687258688,22.0808,0.0
4932,2010-11-25,SZSE:000768,0.8925,13.53,12.9223,13.63,12.98,33522.1775,13.16,3.6748,71.3137,48.5294,124.8639,3.8133,46.8049,50.8183,50.8183,0.0,0.0,0,33304.0587,78.3083,55.1759,31.8166,41.9915,3.7825,2.531,37.8597,1,39951.0,2.2,0.0,0.0,0.0,12.568918551367332,13.017808499630453,12.39700325203252,37.8597,0.0
4933,2010-11-26,SZSE:000768,0.9036,13.25,12.6549,13.49,13.14,32828.4443,13.43,3.5988,69.8379,47.5251,122.2799,3.7344,47.0689,47.9789,47.9789,0.0,0.0,0,32610.3255,76.6771,54.0266,31.1539,41.1168,3.7037,2.4783,21.8608,1,39951.0,2.2,0.0,0.0,0.0,12.82681562264151,12.884120830188678,12.549840452830189,21.8608,0.0
4934,2010-11-29,SZSE:000768,0.9036,13.09,12.5021,13.35,12.9,32432.0254,13.25,3.5553,68.9946,46.9512,120.8033,3.6893,47.1622,46.384,46.3841,0.0,0.0,0,32213.9066,75.745,53.3698,30.7752,40.6169,3.6587,2.4481,16.1473,1,39951.0,2.2,0.0,0.0,0.0,12.654914056531704,12.750422841864017,12.320633307868603,16.1473,0.0
4935,2010-11-30,SZSE:000768,0.9036,12.78,12.206,13.3,12.48,31663.9637,13.09,3.4711,67.3607,45.8393,117.9424,3.6019,47.0784,43.3755,43.3756,0.0,0.0,0,31445.8449,73.939,52.0973,30.0414,39.6485,3.5715,2.3898,22.9579,1,39951.0,2.2,0.0,0.0,0.0,12.502076682316119,12.702644757433491,11.919474178403757,22.9579,0.0
4936,2010-12-01,SZSE:000768,0.9036,12.7,12.1296,12.83,12.59,31465.7542,12.7,3.4494,66.939,45.5524,117.2041,3.5794,46.8207,42.6075,42.6076,0.0,0.0,0,31247.6354,73.473,51.7689,29.8521,39.3986,3.5489,2.3747,10.6938,1,39951.0,2.2,0.0,0.0,0.0,12.1296,12.253761259842522,12.024540472440945,10.6938,0.0
4937,2010-12-02,SZSE:000768,0.9036,12.75,12.1774,12.94,12.74,31589.6351,12.87,3.463,67.2025,45.7317,117.6655,3.5935,46.7622,43.2835,43.2835,0.0,0.0,0,31371.5163,73.7643,51.9742,29.9704,39.5548,3.563,2.3841,12.2168,1,39951.0,2.2,0.0,0.0,0.0,12.292010823529411,12.358867137254903,12.167849098039216,12.2168,0.0
4938,2010-12-03,SZSE:000768,0.8805,12.66,12.0914,12.89,12.56,31366.6495,12.75,3.4385,66.7282,45.4089,116.8349,3.5681,46.3622,42.3173,42.3174,0.0,0.0,0,31148.5307,73.24,51.6047,29.7574,39.2737,3.5377,2.3672,9.6734,1,39951.0,2.2,0.0,0.0,0.0,12.177357819905213,12.311069984202211,11.99589131121643,9.6734,0.0
4939,2010-12-06,SZSE:000768,0.8805,12.37,11.8144,12.76,12.27,30648.1401,12.75,3.3598,65.1996,44.3687,114.1586,3.4864,46.6309,39.2753,39.2754,0.0,0.0,0,30430.0213,71.5505,50.4144,29.071,38.3677,3.4561,2.3126,12.7814,1,39951.0,2.2,0.0,0.0,0.0,12.177332255456749,12.186883104284558,11.718891511721907,12.7814,0.0
4940,2010-12-07,SZSE:000768,0.8805,12.47,11.91,12.54,11.95,30895.902,12.36,3.3869,65.7267,44.7274,115.0815,3.5146,46.661,40.8542,40.8543,0.0,0.0,0,30677.7832,72.1331,50.8248,29.3077,38.6801,3.4842,2.3314,17.2578,1,39951.0,2.2,0.0,0.0,0.0,11.804939855653569,11.976856455493182,11.413352044907779,17.2578,0.0
4941,2010-12-08,SZSE:000768,0.8805,12.33,11.7762,12.48,12.28,30549.0354,12.45,3.3489,64.9888,44.2253,113.7895,3.4751,46.7227,39.3131,39.3131,0.0,0.0,0,30330.9166,71.3175,50.2502,28.9763,38.2428,3.4448,2.305,10.8245,1,39951.0,2.2,0.0,0.0,0.0,11.890810218978102,11.919462773722628,11.728445742092456,10.8245,0.0
4942,2010-12-09,SZSE:000768,0.8805,11.98,11.442,12.21,11.97,29681.8689,12.21,3.2538,63.144,42.9699,110.5594,3.3765,46.8096,35.6885,35.6886,0.0,0.0,0,29463.7501,69.2785,48.8135,28.1478,37.1494,3.3463,2.2391,18.1511,1,39951.0,2.2,0.0,0.0,0.0,11.661671118530887,11.661671118530887,11.432449081803005,18.1511,0.0
4943,2010-12-10,SZSE:000768,0.9572,12.09,11.547,12.2,11.81,29954.4069,11.88,3.2837,63.7238,43.3644,111.5746,3.4075,45.4166,37.6347,37.6347,0.0,0.0,0,29736.2881,69.9193,49.265,28.4082,37.493,3.3773,2.2599,10.2557,1,39951.0,2.2,0.0,0.0,0.0,11.346431761786603,11.652059553349876,11.279575682382134,10.2557,0.0
4944,2010-12-13,SZSE:000768,0.9572,12.53,11.9673,12.55,12.19,31044.5591,12.19,3.4032,66.043,44.9426,115.6352,3.5315,46.0538,44.8268,44.8268,0.0,0.0,0,30826.4403,72.4826,51.0711,29.4497,38.8676,3.5011,2.3427,17.1477,1,39951.0,2.2,0.0,0.0,0.0,11.642568794892258,11.986401835594574,11.642568794892258,17.1477,0.0
4945,2010-12-14,SZSE:000768,0.9572,12.59,12.0246,12.69,12.5,31193.2162,12.65,3.4195,66.3592,45.1578,116.1889,3.5484,45.9969,45.7456,45.7456,0.0,0.0,0,30975.0974,72.8322,51.3174,29.5917,39.055,3.518,2.354,14.596,1,39951.0,2.2,0.0,0.0,0.0,12.081905480540112,12.120109134233516,11.938641779189833,14.596,0.0
4946,2010-12-15,SZSE:000768,0.9572,12.53,11.9673,12.68,12.44,31044.5591,12.65,3.4032,66.043,44.9426,115.6352,3.5315,45.7344,44.9396,44.9396,0.0,0.0,0,30826.4403,72.4826,51.0711,29.4497,38.8676,3.5011,2.3427,12.7874,1,39951.0,2.2,0.0,0.0,0.0,12.081911013567439,12.110563766959299,11.881341739824421,12.7874,0.0
4947,2010-12-16,SZSE:000768,0.9572,12.35,11.7953,12.54,12.33,30598.5877,12.5,3.3543,65.0942,44.297,113.9741,3.4807,45.6902,42.5194,42.5194,0.0,0.0,0,30380.4689,71.434,50.3323,29.0236,38.3053,3.4505,2.3088,10.9135,1,39951.0,2.2,0.0,0.0,0.0,11.938562753036436,11.976766153846153,11.77619829959514,10.9135,0.0
4948,2010-12-17,SZSE:000768,0.9451,12.48,11.9195,12.57,12.35,30920.6781,12.41,3.3896,65.7794,44.7633,115.1738,3.5174,45.6997,44.8303,44.8303,0.0,0.0,0,30702.5593,72.1914,50.8659,29.3313,38.7114,3.487,2.3333,8.4517,1,39951.0,2.2,0.0,0.0,0.0,11.852643830128205,12.005457932692307,11.795338541666665,8.4517,0.0
4949,2010-12-20,SZSE:000768,0.9451,13.59,12.9796,13.69,12.52,33670.8346,12.66,3.6911,71.63,48.7446,125.4176,3.8302,48.4382,59.7208,59.7209,0.0,0.0,0,33452.7158,78.6578,55.4222,31.9587,42.1789,3.7994,2.5423,75.154,1,39951.0,2.2,0.0,0.0,0.0,12.091371302428255,13.075108462104488,11.957659455481972,75.154,0.0
4950,2010-12-21,SZSE:000768,0.9451,13.23,12.6358,13.44,12.91,32778.892,13.16,3.5933,69.7325,47.4534,122.0953,3.7288,48.8066,54.576,54.576,0.0,0.0,0,32560.7732,76.5606,53.9445,31.1065,41.0543,3.6981,2.4745,44.8551,1,39951.0,2.2,0.0,0.0,0.0,12.568943915343914,12.836368253968253,12.330172184429326,44.8551,0.0
4951,2010-12-22,SZSE:000768,0.9451,13.36,12.76,13.59,12.86,33100.9824,13.15,3.6286,70.4177,47.9197,123.295,3.7654,48.3955,56.0484,56.0485,0.0,0.0,0,32882.8636,77.3179,54.4781,31.4143,41.4604,3.7347,2.499,43.3447,1,39951.0,2.2,0.0,0.0,0.0,12.559431137724552,12.979670658682634,12.282455089820358,43.3447,0.0
4952,2010-12-23,SZSE:000768,0.9451,12.98,12.397,13.4,12.95,32159.4874,13.37,3.5254,68.4148,46.5567,119.7881,3.6583,48.4034,50.8586,50.8586,0.0,0.0,0,31941.3686,75.1042,52.9183,30.5148,40.2733,3.6277,2.4274,24.262,1,39951.0,2.2,0.0,0.0,0.0,12.769483050847455,12.79813559322034,12.368347457627118,24.262,0.0
4953,2010-12-24,SZSE:000768,0.941,12.43,11.8717,13.0,12.41,30796.7972,12.99,3.3761,65.5159,43.8758,114.7123,3.5033,48.8746,44.4441,44.4441,0.0,0.0,0,30578.6784,71.9001,50.6607,29.213,38.5552,3.473,2.3239,18.4705,1,39951.0,2.2,0.0,0.0,0.0,12.406547304907484,12.416098149637975,11.852598310539019,18.4705,0.0
4954,2010-12-27,SZSE:000768,0.941,12.06,11.5184,12.69,12.0,29880.0784,12.4,3.2756,63.5657,42.5697,111.2977,3.399,49.1212,40.723,40.723,0.0,0.0,0,29661.9596,69.7446,49.1419,28.3372,37.3993,3.3689,2.2542,15.2722,1,39951.0,2.2,0.0,0.0,0.0,11.843131011608623,12.120107462686565,11.461094527363183,15.2722,0.0
4955,2010-12-28,SZSE:000768,0.941,11.89,11.356,12.24,11.87,29458.8833,12.06,3.2294,62.6697,41.9696,109.7289,3.3511,48.5947,39.1031,39.1031,0.0,0.0,0,29240.7645,68.7542,48.4441,27.9348,36.8683,3.321,2.2222,12.9874,1,39951.0,2.2,0.0,0.0,0.0,11.518365012615643,11.690280908326324,11.336898233809924,12.9874,0.0
4956,2010-12-29,SZSE:000768,0.941,12.03,11.4897,12.12,11.7,29805.7498,11.91,3.2674,63.4076,42.4638,111.0209,3.3906,48.5252,41.1783,41.1783,0.0,0.0,0,29587.631,69.5698,49.0188,28.2662,37.3056,3.3604,2.2486,12.5897,1,39951.0,2.2,0.0,0.0,0.0,11.375089526184539,11.575657855361596,11.174521197007481,12.5897,0.0
4957,2010-12-30,SZSE:000768,0.941,11.92,11.3847,12.05,11.8,29533.2118,12.05,3.2375,62.8278,42.0755,110.0057,3.3596,48.0271,40.0242,40.0242,0.0,0.0,0,29315.093,68.929,48.5672,28.0058,36.962,3.3295,2.2278,9.1657,1,39951.0,2.2,0.0,0.0,0.0,11.508861996644296,11.508861996644296,11.270088926174498,9.1657,0.0
4958,2010-12-31,SZSE:000768,0.9311,12.14,11.5948,12.25,11.92,30078.2879,11.92,3.2973,63.9874,42.8521,112.036,3.4216,47.7789,43.4385,43.4385,0.0,0.0,0,29860.1691,70.2106,49.4703,28.5266,37.6492,3.3914,2.2693,12.2093,1,39951.0,2.2,0.0,0.0,0.0,11.384680065897857,11.69985996705107,11.384680065897857,12.2093,0.0
4959,2011-01-03,SZSE:000768,0.9311,0.0,11.5948,0.0,0.0,30078.2879,0.0,3.2973,63.9874,42.8521,112.036,3.4216,47.7789,43.4385,43.4385,0.0,0.0,0,29860.1691,70.2106,49.4703,28.5266,37.6492,3.3914,2.2693,0.0,1,39951.0,2.2,0.0,0.0,0.0,0.0,0.0,0.0,0.0,0.0
4960,2011-01-04,SZSE:000768,0.9311,12.28,11.7285,12.37,12.09,30425.1544,12.25,3.3353,64.7253,43.3463,113.328,3.461,47.4421,45.5623,45.5623,0.0,0.0,0,30207.0356,71.0262,50.0449,28.8579,38.0866,3.4308,2.2956,12.5682,1,39951.0,2.2,0.0,0.0,0.0,11.699847312703584,11.81445806188925,11.547032980456027,12.5682,0.0
4961,2011-01-05,SZSE:000768,0.9311,12.26,11.7094,12.46,12.1,30375.6021,12.26,3.3299,64.6198,43.2757,113.1435,3.4554,47.0531,45.3006,45.3006,0.0,0.0,0,30157.4833,70.9097,49.9629,28.8106,38.0241,3.4251,2.2919,14.1319,1,39951.0,2.2,0.0,0.0,0.0,11.7094,11.900417944535075,11.55658564437194,14.1319,0.0
4962,2011-01-06,SZSE:000768,0.9311,12.34,11.7858,12.59,12.27,30573.8116,12.33,3.3516,65.0415,43.5581,113.8818,3.4779,46.6926,46.6213,46.6213,0.0,0.0,0,30355.6928,71.3758,50.2912,29.0,38.274,3.4476,2.3069,12.3462,1,39951.0,2.2,0.0,0.0,0.0,11.776249108589951,12.024572285251214,11.718943760129658,12.3462,0.0
4963,2011-01-07,SZSE:000768,0.9471,12.23,11.6807,12.39,12.15,30301.2735,12.34,3.3217,64.4617,43.1698,112.8666,3.4469,46.3511,45.012,45.012,0.0,0.0,0,30083.1547,70.7349,49.8397,28.7396,37.9304,3.4167,2.2862,11.5707,1,39951.0,2.2,0.0,0.0,0.0,11.785759443990187,11.833513736713002,11.6042931316435,11.5707,0.0
4964,2011-01-10,SZSE:000768,0.9471,11.85,11.3178,12.31,11.83,29359.7785,12.25,3.2185,62.4588,41.8285,109.3597,3.3398,46.6136,39.8896,39.8896,0.0,0.0,0,29141.6597,68.5212,48.2799,27.8401,36.7433,3.3098,2.2147,11.9778,1,39951.0,2.2,0.0,0.0,0.0,11.699835443037975,11.757140759493671,11.298698227848103,11.9778,0.0
4965,2011-01-11,SZSE:000768,0.9471,11.96,11.4229,11.97,11.62,29632.3165,11.86,3.2484,63.0386,42.2167,110.3749,3.3708,46.623,41.949,41.949,0.0,0.0,0,29414.1977,69.162,48.7314,28.1005,37.0869,3.3407,2.2354,10.3851,1,39951.0,2.2,0.0,0.0,0.0,11.327390802675584,11.432450919732442,11.098168729096988,10.3851,0.0
4966,2011-01-12,SZSE:000768,0.9471,11.98,11.442,12.1,11.81,29681.8689,12.0,3.2538,63.144,42.2873,110.5594,3.3765,46.1613,42.3359,42.3359,0.0,0.0,0,29463.7501,69.2785,48.8135,28.1478,37.1494,3.3463,2.2391,7.2053,1,39951.0,2.2,0.0,0.0,0.0,11.46110183639399,11.55661101836394,11.279634390651086,7.2053,0.0
4967,2011-01-13,SZSE:000768,0.9471,11.99,11.4515,12.06,11.83,29706.6451,11.98,3.2565,63.1967,42.3226,110.6517,3.3793,45.8182,42.542,42.542,0.0,0.0,0,29488.5263,69.3368,48.8546,28.1715,37.1806,3.3492,2.241,6.0785,1,39951.0,2.2,0.0,0.0,0.0,11.441949124270225,11.518356130108424,11.298685988323601,6.0785,0.0
4968,2011-01-14,SZSE:000768,0.9405,11.65,11.1268,12.0,11.63,28864.2548,12.0,3.1642,61.4047,41.1225,107.514,3.2835,46.106,37.6174,37.6174,0.0,0.0,0,28646.136,67.3561,47.459,27.3667,36.1185,3.2535,2.177,7.4685,1,39951.0,2.2,0.0,0.0,0.0,11.461081545064376,11.461081545064376,11.107698197424892,7.4685,0.0
4969,2011-01-17,SZSE:000768,0.9405,11.04,10.5442,11.6,10.93,27352.9076,11.54,2.9985,58.1895,38.9693,101.8845,3.1115,45.7835,30.7417,30.7417,0.0,0.0,0,27134.7888,63.8024,44.9551,25.9229,34.2129,3.0818,2.0622,12.0278,1,39951.0,2.2,0.0,0.0,0.0,11.021745289855074,11.079050724637682,10.439140036231883,12.0278,0.0
4970,2011-01-18,SZSE:000768,0.9405,11.02,10.5251,11.02,10.66,27303.3552,11.0,2.9931,58.0841,38.8987,101.6999,3.1059,45.4245,30.5446,30.5446,0.0,0.0,0,27085.2364,63.6859,44.873,25.8756,34.1505,3.0762,2.0584,10.0444,1,39951.0,2.2,0.0,0.0,0.0,10.505998185117967,10.5251,10.181267332123413,10.0444,0.0
4971,2011-01-19,SZSE:000768,0.9405,11.17,10.6683,11.21,10.88,27674.998,11.04,3.0338,58.8747,39.4282,103.0842,3.1482,45.4799,33.9647,33.9647,0.0,0.0,0,27456.8792,64.5597,45.4887,26.2306,34.619,3.1184,2.0866,13.5411,1,39951.0,2.2,0.0,0.0,0.0,10.544138943598925,10.706503401969561,10.391325335720682,13.5411,0.0
4972,2011-01-20,SZSE:000768,0.9405,10.54,10.0666,11.23,10.53,26114.0984,11.16,2.8627,55.5541,37.2044,97.2702,2.9706,46.6294,27.7779,27.7779,0.0,0.0,0,25895.9796,60.8896,42.9027,24.7394,32.651,2.9411,1.968,12.9757,1,39951.0,2.2,0.0,0.0,0.0,10.65875294117647,10.725608918406074,10.057049146110057,12.9757,0.0
4973,2011-01-21,SZSE:000768,0.9547,10.65,10.1717,10.93,10.5,26386.6364,10.53,2.8926,56.1339,37.5927,98.2853,3.0016,46.6989,30.1697,30.1697,0.0,0.0,0,26168.5176,61.5304,43.3542,24.9998,32.9946,2.9721,1.9887,12.1041,1,39951.0,2.2,0.0,0.0,0.0,10.057089295774647,10.43912497652582,10.02843661971831,12.1041,0.0
4974,2011-01-24,SZSE:000768,0.9547,10.54,10.0666,10.79,10.5,26114.0984,10.69,2.8627,55.5541,37.2044,97.2702,2.9706,46.6894,29.1307,29.1307,0.0,0.0,0,25895.9796,60.8896,42.9027,24.7394,32.651,2.9411,1.968,7.402,1,39951.0,2.2,0.0,0.0,0.0,10.209862808349145,10.305371347248576,10.028396584440229,7.402,0.0
4975,2011-01-25,SZSE:000768,0.9547,10.32,9.8565,10.64,10.25,25569.0223,10.54,2.803,73.7143,36.4278,94.1477,2.418,46.2515,27.1193,27.1193,0.0,0.0,0,25350.9035,67.9358,46.1608,24.2187,31.9637,2.4065,1.9266,6.759,1,39951.0,2.2,0.0,0.0,0.0,10.06661918604651,10.162127906976746,9.789643895348837,6.759,0.0
4976,2011-01-26,SZSE:000768,0.9547,10.53,10.0571,10.59,10.36,26089.3222,10.36,2.86,75.2143,34.7147,96.0635,2.4672,46.4539,31.9495,31.9495,0.0,0.0,0,25871.2034,69.3301,47.1082,22.794,29.0583,2.4559,1.869,5.807,1,39951.0,2.2,2.6194,0.0,0.0,9.894734662867997,10.114405413105414,9.894734662867997,5.807,0.0
4977,2011-01-27,SZSE:000768,0.9547,10.87,10.3818,10.95,10.38,26931.7124,10.53,2.9523,77.6429,35.8356,99.1653,2.5469,46.642,38.9988,38.9988,0.0,0.0,0,26713.5936,71.5875,48.6421,23.5362,30.0045,2.5358,1.9299,11.7802,1,39951.0,2.2,2.704,0.0,0.0,10.057070285188592,10.458206991720331,9.913807175712973,11.7802,0.0
4978,2011-01-28,SZSE:000768,0.9367,11.26,10.7543,11.5,10.88,27897.9836,10.9,3.0583,80.4286,37.1213,102.7232,2.6383,47.2286,45.919,45.9191,0.0,0.0,0,27679.8648,74.1769,50.4015,24.3876,31.0898,2.6276,1.9997,18.0415,1,39951.0,2.2,2.801,0.0,0.0,10.410468028419185,10.983521314387213,10.391366252220251,18.0415,0.0
4979,2011-01-31,SZSE:000768,0.9367,11.37,10.8594,11.46,10.98,28170.5217,11.26,3.0882,81.2143,37.4839,103.7267,2.6641,46.748,47.7205,47.7205,0.0,0.0,0,27952.4029,74.9073,50.8978,24.6277,31.3959,2.6534,2.0194,12.7812,1,39951.0,2.2,2.8284,0.0,0.0,10.754339841688656,10.94535831134565,10.486913984168867,12.7812,0.0
4980,2011-02-01,SZSE:000768,0.9367,11.28,10.7734,11.48,11.18,27947.536,11.38,3.0637,80.5714,37.1872,102.9056,2.643,46.4697,46.3598,46.3598,0.0,0.0,0,27729.4172,74.3097,50.4918,24.4312,31.1455,2.6323,2.0033,9.2302,1,39951.0,2.2,2.806,0.0,0.0,10.868908865248228,10.964417730496457,10.677891134751773,9.2302,0.0
4981,2011-02-02,SZSE:000768,0.9367,0.0,10.7734,0.0,0.0,27947.536,0.0,3.0637,80.5714,37.1872,102.9056,2.643,46.4697,46.3598,46.3598,0.0,0.0,0,27729.4172,74.3097,50.4918,24.4312,31.1455,2.6323,2.0033,0.0,1,39951.0,2.2,2.806,0.0,0.0,0.0,0.0,0.0,0.0,0.0
4982,2011-02-03,SZSE:000768,0.9367,0.0,10.7734,0.0,0.0,27947.536,0.0,3.0637,80.5714,37.1872,102.9056,2.643,46.4697,46.3598,46.3598,0.0,0.0,0,27729.4172,74.3097,50.4918,24.4312,31.1455,2.6323,2.0033,0.0,1,39951.0,2.2,2.806,0.0,0.0,0.0,0.0,0.0,0.0,0.0
4983,2011-02-04,SZSE:000768,0.9271,0.0,10.7734,0.0,0.0,27947.536,0.0,3.0637,80.5714,37.1872,102.9056,2.643,46.4697,46.3598,46.3598,0.0,0.0,0,27729.4172,74.3097,50.4918,24.4312,31.1455,2.6323,2.0033,0.0,1,39951.0,2.2,2.806,0.0,0.0,0.0,0.0,0.0,0.0,0.0
4984,2011-02-07,SZSE:000768,0.9271,0.0,10.7734,0.0,0.0,27947.536,0.0,3.0637,80.5714,37.1872,102.9056,2.643,46.4697,46.3598,46.3598,0.0,0.0,0,27729.4172,74.3097,50.4918,24.4312,31.1455,2.6323,2.0033,0.0,1,39951.0,2.2,2.806,0.0,0.0,0.0,0.0,0.0,0.0,0.0
4985,2011-02-08,SZSE:000768,0.9271,0.0,10.7734,0.0,0.0,27947.536,0.0,3.0637,80.5714,37.1872,102.9056,2.643,46.4697,46.3598,46.3598,0.0,0.0,0,27729.4172,74.3097,50.4918,24.4312,31.1455,2.6323,2.0033,0.0,1,39951.0,2.2,2.806,0.0,0.0,0.0,0.0,0.0,0.0,0.0
4986,2011-02-09,SZSE:000768,0.9271,11.57,11.0504,11.8,11.09,28666.0454,11.19,3.1425,82.6429,38.1433,105.5513,2.7109,45.0625,51.1894,51.1894,0.0,0.0,0,28447.9266,76.2352,51.8001,25.0643,31.9525,2.7005,2.0552,20.0899,1,39951.0,2.2,2.8781,0.0,0.0,10.687465514261019,11.27007087294728,10.59195643906655,20.0899,0.0
4987,2011-02-10,SZSE:000768,0.9271,11.7,11.1745,11.87,11.45,28988.1358,11.51,3.1778,83.5714,38.5719,106.7372,2.7414,45.102,53.2227,53.2227,0.0,0.0,0,28770.017,77.0983,52.3866,25.348,32.3142,2.731,2.0785,13.6671,1,39951.0,2.2,2.9105,0.0,0.0,10.993033760683762,11.33686452991453,10.935728632478632,13.6671,0.0
4988,2011-02-11,SZSE:000768,0.8379,11.82,11.2891,12.13,11.57,29285.45,11.68,3.2104,84.4286,38.9675,107.832,2.7695,45.0451,55.0826,55.0826,0.0,0.0,0,29067.3312,77.8951,52.9279,25.61,32.6482,2.7593,2.0999,16.7806,1,39951.0,2.2,2.9403,0.0,0.0,11.155388155668359,11.58517622673435,11.050328849407782,16.7806,0.0
4989,2011-02-14,SZSE:000768,0.8379,12.04,11.4993,12.13,11.76,29830.526,11.84,3.2701,86.0,39.6927,109.839,2.8211,40.1483,58.3522,58.3522,0.0,0.0,0,29612.4072,79.3558,53.9205,26.0902,33.2604,2.811,2.1393,17.4482,1,39951.0,2.2,2.995,0.0,0.0,11.308281727574752,11.585258222591364,11.231874418604653,17.4482,0.0
4990,2011-02-15,SZSE:000768,0.8379,11.94,11.4038,12.27,11.94,29582.7642,12.05,3.243,85.2857,39.3631,108.9267,2.7976,39.7056,56.3445,56.3445,0.0,0.0,0,29364.6454,78.6918,53.4693,25.8719,32.9821,2.7875,2.1214,18.656,1,39951.0,2.2,2.9702,0.0,0.0,11.508860134003353,11.71898040201005,11.4038,18.656,0.0
4991,2011-02-16,SZSE:000768,0.8379,11.97,11.4324,12.03,11.76,29657.0927,11.91,3.2511,85.5,39.462,109.2004,2.8046,39.5285,56.8245,56.8245,0.0,0.0,0,29438.9739,78.891,53.6047,25.9374,33.0656,2.7945,2.1268,15.1585,1,39951.0,2.2,2.9776,0.0,0.0,11.375094736842104,11.489705263157893,11.231831578947368,15.1585,0.0
4992,2011-02-17,SZSE:000768,0.8379,12.35,11.7953,12.49,11.88,30598.5877,12.01,3.3543,88.2143,40.7147,112.6671,2.8937,40.0566,62.4549,62.4549,0.0,0.0,0,30380.4689,81.4141,55.319,26.7669,34.1231,2.8839,2.1948,29.9679,1,39951.0,2.2,3.0721,0.0,0.0,11.470571093117409,11.929011902834008,11.34641004048583,29.9679,0.0
4993,2011-02-18,SZSE:000768,0.848,12.22,11.6712,12.36,12.1,30276.4973,12.3,3.319,87.2857,40.2862,111.4811,2.8632,39.7182,59.5918,59.5918,0.0,0.0,0,30058.3785,80.5509,54.7325,26.4832,33.7613,2.8533,2.1715,17.6335,1,39951.0,2.2,3.0398,0.0,0.0,11.74760720130933,11.804912602291324,11.556589198036006,17.6335,0.0
4994,2011-02-21,SZSE:000768,0.848,12.92,12.3397,13.05,12.01,32010.8303,12.05,3.5091,92.2857,42.5939,117.8671,3.0272,41.4116,68.0777,68.0777,0.0,0.0,0,31792.7114,85.1986,57.8905,28.0112,35.7093,3.018,2.2968,41.1443,1,39951.0,2.2,3.2139,0.0,0.0,11.508775928792572,12.463861068111457,11.470572523219815,41.1443,0.0
4995,2011-02-22,SZSE:000768,0.848,12.6,12.0341,12.95,12.42,31217.9923,12.95,3.4222,90.0,41.5389,114.9478,2.9523,41.6298,61.6989,61.6989,0.0,0.0,0,30999.8735,83.074,56.4469,27.3127,34.8188,2.9427,2.2395,29.3966,1,39951.0,2.2,3.1343,0.0,0.0,12.368380555555555,12.368380555555555,11.862184285714287,29.3966,0.0
4996,2011-02-23,SZSE:000768,0.848,12.61,12.0437,12.8,12.41,31242.7685,12.5,3.4249,90.0714,41.5719,115.039,2.9546,40.0186,61.8193,61.8193,0.0,0.0,0,31024.6497,83.1403,56.492,27.3345,34.8466,2.9451,2.2413,19.0736,1,39951.0,2.2,3.1368,0.0,0.0,11.938639968279144,12.225167327517845,11.852681760507533,19.0736,0.0
4997,2011-02-24,SZSE:000768,0.848,12.79,12.2156,12.85,12.45,31688.7399,12.52,3.4738,91.3571,42.1653,116.6811,2.9968,39.7688,64.0122,64.0122,0.0,0.0,0,31470.6211,84.3355,57.304,27.7274,35.3475,2.9874,2.2736,20.2777,1,39951.0,2.2,3.1816,0.0,0.0,11.957725723221268,12.27290539483972,11.890869429241596,20.2777,0.0
4998,2011-02-25,SZSE:000768,0.8173,12.65,12.0819,12.93,12.59,31341.8733,12.84,3.4358,90.3571,41.7038,115.4039,2.964,38.76,61.074,61.074,0.0,0.0,0,31123.7545,83.4059,56.6724,27.4218,34.9579,2.9545,2.2485,16.7144,1,39951.0,2.2,3.1468,0.0,0.0,12.26336727272727,12.349325454545452,12.024594545454544,16.7144,0.0
4999,2011-02-28,SZSE:000768,0.8173,12.89,12.3111,12.92,12.5,31936.5017,12.62,3.501,92.0714,42.495,117.5934,3.0202,38.749,64.1149,64.1149,0.0,0.0,0,31718.3829,84.9994,57.7552,27.9457,35.6258,3.0109,2.2915,16.514,1,39951.0,2.2,3.2065,0.0,0.0,12.053225911559347,12.339752676493406,11.938615205585723,16.514,0.0
5000,2011-03-01,SZSE:000768,0.8173,12.69,12.1201,13.04,12.58,31440.978,12.9,3.4467,90.6429,41.8356,115.7688,2.9733,39.1411,59.9145,59.9145,0.0,0.0,0,31222.8592,83.6715,56.8529,27.5091,35.0693,2.9639,2.2557,19.8242,1,39951.0,2.2,3.1567,0.0,0.0,12.320669030732862,12.4543817178881,12.015040031520885,19.8242,0.0
5001,2011-03-02,SZSE:000768,0.8173,12.47,11.91,12.61,12.25,30895.902,12.6,3.3869,89.0714,41.1103,113.7618,2.9218,39.2976,55.5995,55.5995,0.0,0.0,0,30677.7832,82.2108,55.8604,27.0289,34.457,2.9121,2.2163,21.5674,1,39951.0,2.2,3.102,0.0,0.0,12.034161988773054,12.043712910986365,11.699879711307137,21.5674,0.0
5002,2011-03-03,SZSE:000768,0.8173,12.3,11.7476,12.57,12.19,30474.7068,12.47,3.3407,87.8571,40.5499,112.2109,2.882,39.3719,52.4558,52.4558,0.0,0.0,0,30256.588,81.0821,55.0934,26.6578,33.9839,2.8722,2.1858,14.9535,1,39951.0,2.2,3.0597,0.0,0.0,11.909965203252034,12.005474146341465,11.642540162601625,14.9535,0.0
5003,2011-03-04,SZSE:000768,0.8756,12.7,12.1296,12.8,12.26,31465.7542,12.3,3.4494,90.7143,41.8686,115.8601,2.9757,39.5996,58.414,58.414,0.0,0.0,0,31247.6354,83.7379,56.898,27.531,35.0971,2.9662,2.2574,19.6466,1,39951.0,2.2,3.1592,0.0,0.0,11.747565354330709,12.225108661417325,11.70936188976378,19.6466,0.0
5004,2011-03-07,SZSE:000768,0.8756,12.88,12.3015,13.17,12.8,31911.7255,12.8,3.4315,92.3483,42.462,158.3126,3.0293,39.7135,60.7951,60.7951,0.0,0.0,0,29034.1025,83.6637,54.8028,25.5807,32.6109,2.7561,2.0975,30.7444,1,39951.0,2.2,3.204,0.0,0.0,12.225093167701864,12.578474767080744,12.225093167701864,30.7444,0.0
5005,2011-03-08,SZSE:000768,0.8756,12.75,12.1774,12.95,12.62,31589.6351,12.89,3.3969,91.4162,42.0334,156.7148,2.9987,39.6992,58.2032,58.2032,0.0,0.0,0,28712.0121,82.7356,54.1949,25.2969,32.2491,2.7255,2.0743,15.8741,1,39951.0,2.2,3.1716,0.0,0.0,12.311112627450981,12.368418039215687,12.053238274509804,15.8741,0.0
5006,2011-03-09,SZSE:000768,0.8756,12.96,12.3779,13.16,12.82,32109.935,12.85,3.4528,92.9219,48.9057,159.296,3.0481,39.3387,61.0891,61.0891,0.0,0.0,0,29232.312,84.2348,55.1769,25.7553,0.0,2.7749,2.734,33.7274,1,39951.0,2.2,3.2239,0.0,0.0,12.272840663580245,12.56891697530864,12.24418811728395,33.7274,0.0
5007,2011-03-10,SZSE:000768,0.8756,12.71,12.1392,12.96,12.67,31490.5304,12.9,3.3862,91.1294,47.9623,156.2231,2.9893,39.5395,56.1212,56.1212,0.0,0.0,0,28612.9074,82.45,54.0078,25.2096,0.0,2.7161,2.6761,16.0197,1,39951.0,2.2,3.1617,0.0,0.0,12.320667191188042,12.377972619984266,12.100996380802519,16.0197,0.0
5008,2011-03-11,SZSE:000768,0.8884,12.42,11.8622,12.82,12.4,30772.021,12.68,3.309,89.0501,46.8679,152.6586,2.9211,39.5048,50.9457,50.9457,0.0,0.0,0,27894.398,80.3795,52.6516,24.5766,0.0,2.6479,2.6089,15.275,1,39951.0,2.2,3.0896,0.0,0.0,12.110523027375201,12.244235426731077,11.843098228663445,15.275,0.0
5009,2011-03-14,SZSE:000768,0.8884,12.44,11.8813,12.48,12.26,30821.5734,12.3,3.3143,89.1935,46.9434,152.9045,2.9258,39.1348,51.2794,51.2794,0.0,0.0,0,27943.9504,80.5223,52.7451,24.6202,0.0,2.6526,2.6135,11.7717,1,39951.0,2.2,3.0945,0.0,0.0,11.747587620578779,11.91950353697749,11.709384083601286,11.7717,0.0
5010,2011-03-15,SZSE:000768,0.8884,12.05,11.5088,12.39,11.83,29855.3022,12.39,3.2104,86.3973,45.4717,148.1108,2.8341,39.6739,44.8695,44.8695,0.0,0.0,0,26977.6792,77.738,50.9212,23.7689,0.0,2.5609,2.5232,20.9507,1,39951.0,2.2,2.9975,0.0,0.0,11.833529626556016,11.833529626556016,11.298680829875519,20.9507,0.0
5011,2011-03-16,SZSE:000768,0.8884,12.14,11.5948,12.18,11.95,30078.2879,12.08,3.2344,87.0426,45.8113,149.217,2.8552,39.5996,46.5305,46.5305,0.0,0.0,0,27200.6649,78.3805,51.3421,23.9653,0.0,2.5821,2.544,15.4728,1,39951.0,2.2,3.0199,0.0,0.0,11.537494563426687,11.633003624382207,11.413332784184513,15.4728,0.0
5012,2011-03-17,SZSE:000768,0.8884,11.72,11.1936,12.07,11.67,29037.6881,12.03,3.1225,84.0312,44.2264,144.0547,2.7565,40.1862,40.4115,40.4115,0.0,0.0,0,26160.0651,75.3819,49.378,23.0485,0.0,2.4833,2.4467,14.6702,1,39951.0,2.2,2.9154,0.0,0.0,11.489676450511944,11.527879863481228,11.145845733788395,14.6702,0.0
5013,2011-03-18,SZSE:000768,0.8975,11.82,11.2891,11.97,11.73,29285.45,11.84,3.1491,84.7482,44.6038,145.2838,2.78,39.8874,42.3552,42.3552,0.0,0.0,0,26407.827,76.0959,49.8456,23.2668,0.0,2.5068,2.4699,9.3906,1,39951.0,2.2,2.9403,0.0,0.0,11.308201692047376,11.43236269035533,11.203142385786801,9.3906,0.0
5014,2011-03-21,SZSE:000768,0.8975,12.07,11.5279,12.28,11.85,29904.8546,11.85,3.2157,86.5407,45.5472,148.3567,2.8388,35.8318,47.009,47.009,0.0,0.0,0,27027.2316,77.8807,51.0148,23.8125,0.0,2.5656,2.5278,15.7528,1,39951.0,2.2,3.0025,0.0,0.0,11.317780861640431,11.728468268434135,11.317780861640431,15.7528,0.0
5015,2011-03-22,SZSE:000768,0.8975,11.96,11.4229,12.14,11.82,29632.3165,12.06,3.1864,85.752,45.1321,147.0046,2.8129,35.7843,45.2769,45.2769,0.0,0.0,0,26754.6936,77.0954,50.5004,23.5724,0.0,2.5397,2.5023,8.1874,1,39951.0,2.2,2.9751,0.0,0.0,11.518409197324413,11.594816555183945,11.289187123745819,8.1874,0.0
5016,2011-03-23,SZSE:000768,0.8975,12.15,11.6043,12.22,11.9,30103.0641,11.96,3.237,87.1143,45.8491,149.34,2.8576,35.5092,48.7869,48.7869,0.0,0.0,0,27225.4411,78.4519,51.3889,23.9872,0.0,2.5844,2.5463,12.2836,1,39951.0,2.2,3.0224,0.0,0.0,11.422833580246914,11.671156049382716,11.365528395061729,12.2836,0.0
5017,2011-03-24,SZSE:000768,0.8975,12.3,11.7476,12.34,12.1,30474.7068,12.18,3.277,88.1897,46.4151,151.1837,2.8929,34.4736,51.4353,51.4353,0.0,0.0,0,27597.0838,79.5228,52.0904,24.3146,0.0,2.6197,2.5811,16.8329,1,39951.0,2.2,3.0597,0.0,0.0,11.632989268292683,11.785803577235772,11.556582113821138,16.8329,0.0
5018,2011-03-25,SZSE:000768,0.8964,12.25,11.6998,12.33,12.14,30350.8259,12.29,3.2637,87.8313,46.2264,150.5691,2.8811,34.1858,50.4979,50.4979,0.0,0.0,0,27473.2029,79.1658,51.8566,24.2055,0.0,2.6079,2.5695,15.3462,1,39951.0,2.2,3.0473,0.0,0.0,11.738003428571428,11.776206857142858,11.594740571428572,15.3462,0.0
5019,2011-03-28,SZSE:000768,0.8964,12.12,11.5757,12.38,12.09,30028.7355,12.3,3.229,86.8992,45.7359,148.9712,2.8505,33.8395,48.046,48.046,0.0,0.0,0,27151.1125,78.2377,51.2486,23.9217,0.0,2.5774,2.5394,16.0562,1,39951.0,2.2,3.0149,0.0,0.0,11.747616336633662,11.824023597359737,11.547047277227723,16.0562,0.0
5020,2011-03-29,SZSE:000768,0.8964,11.83,11.2987,12.13,11.81,29310.2262,12.12,3.1518,84.8199,44.6415,145.4067,2.7823,34.1305,43.0273,43.0273,0.0,0.0,0,26432.6032,76.1673,49.8924,23.2886,0.0,2.5092,2.4722,17.0109,1,39951.0,2.2,2.9428,0.0,0.0,11.575675739644971,11.585226627218937,11.279598224852071,17.0109,0.0
5021,2011-03-30,SZSE:000768,0.8964,11.7,11.1745,11.94,11.68,28988.1358,11.83,3.1171,83.8878,44.1509,143.8088,2.7518,34.1542,40.9617,40.9617,0.0,0.0,0,26110.5128,75.2392,49.2844,23.0049,0.0,2.4786,2.4421,10.9852,1,39951.0,2.2,2.9105,0.0,0.0,11.29866111111111,11.403720512820511,11.15539829059829,10.9852,0.0
5022,2011-03-31,SZSE:000768,0.8964,0.0,11.1745,0.0,0.0,28988.1358,0.0,3.1171,83.8878,44.1509,143.8088,2.7518,34.1542,40.9617,40.9617,0.0,0.0,0,26110.5128,75.2392,49.2844,23.0049,0.0,2.4786,2.4421,0.0,1,39951.0,2.2,2.9105,0.0,0.0,0.0,0.0,0.0,0.0,0.0
5023,2011-04-01,SZSE:000768,0.8269,11.58,11.0599,11.68,11.26,28690.8215,11.68,3.0852,83.0274,43.6981,142.3339,2.7235,33.9866,39.0959,39.0959,0.0,0.0,0,25813.1986,74.3824,48.7233,22.7429,0.0,2.4504,2.4143,16.4743,1,39951.0,2.2,2.8806,0.0,0.0,11.155408635578585,11.155408635578585,10.754272366148532,16.4743,0.0
5024,2011-04-04,SZSE:000768,0.8269,0.0,11.0599,0.0,0.0,28690.8215,0.0,3.0852,83.0274,43.6981,142.3339,2.7235,33.9866,39.0959,39.0959,0.0,0.0,0,25813.1986,74.3824,48.7233,22.7429,0.0,2.4504,2.4143,0.0,1,39951.0,2.2,2.8806,0.0,0.0,0.0,0.0,0.0,0.0,0.0
5025,2011-04-05,SZSE:000768,0.8269,0.0,11.0599,0.0,0.0,28690.8215,0.0,3.0852,83.0274,43.6981,142.3339,2.7235,33.9866,39.0959,39.0959,0.0,0.0,0,25813.1986,74.3824,48.7233,22.7429,0.0,2.4504,2.4143,0.0,1,39951.0,2.2,2.8806,0.0,0.0,0.0,0.0,0.0,0.0,0.0
5026,2011-04-06,SZSE:000768,0.8269,11.79,11.2605,11.97,11.45,29211.1214,11.5,3.1411,84.5331,44.4906,144.9151,2.7729,34.6949,43.9107,43.9107,0.0,0.0,0,26333.4984,75.8817,49.7053,23.2013,0.0,2.4998,2.4629,18.3398,1,39951.0,2.2,2.9328,0.0,0.0,10.983524173027991,11.432416030534352,10.935769720101781,18.3398,0.0
5027,2011-04-07,SZSE:000768,0.8269,11.76,11.2318,11.78,11.54,29136.7929,11.75,3.1331,84.318,44.3774,144.5463,2.7659,34.6538,43.3831,43.3831,0.0,0.0,0,26259.1699,75.6675,49.565,23.1358,0.0,2.4927,2.456,11.401,1,39951.0,2.2,2.9254,0.0,0.0,11.222249149659863,11.250901700680272,11.021681292517005,11.401,0.0
5028,2011-04-08,SZSE:000768,0.831,11.74,11.2127,11.78,11.66,29087.2405,11.75,3.1278,84.1746,44.3019,144.3005,2.7612,34.3439,43.012,43.012,0.0,0.0,0,26209.6175,75.5247,49.4715,23.0922,0.0,2.488,2.4513,10.1511,1,39951.0,2.2,2.9204,0.0,0.0,11.222250851788756,11.250903407155025,11.136293185689949,10.1511,0.0
5029,2011-04-11,SZSE:000768,0.831,11.55,11.0313,11.84,11.53,28616.493,11.77,3.0772,82.8123,43.5849,141.9651,2.7165,34.121,39.551,39.551,0.0,0.0,0,25738.87,74.1682,48.583,22.6774,0.0,2.4433,2.4073,11.2667,1,39951.0,2.2,2.8731,0.0,0.0,11.24142,11.308276363636363,11.012198181818182,11.2667,0.0
5030,2011-04-12,SZSE:000768,0.831,11.51,10.9931,11.66,11.45,28517.3882,11.5,3.0665,82.5255,43.434,141.4735,2.7071,34.1226,38.8424,38.8424,0.0,0.0,0,25639.7653,73.8827,48.3959,22.5901,0.0,2.4339,2.398,9.0601,1,39951.0,2.2,2.8632,0.0,0.0,10.983549087749783,11.13636368375326,10.935794526498697,9.0601,0.0
5031,2011-04-13,SZSE:000768,0.831,11.58,11.0599,11.6,11.39,28690.8215,11.51,3.0852,83.0274,43.6981,142.3339,2.7235,34.151,40.84,40.84,0.0,0.0,0,25813.1986,74.3824,48.7233,26.1662,31.9046,2.4504,2.3172,9.5159,1,39951.0,2.2,2.9023,0.0,0.0,10.993043955094992,11.079001727115715,10.878433592400691,9.5159,0.0
5032,2011-04-14,SZSE:000768,0.831,0.0,11.0599,0.0,0.0,28690.8215,0.0,3.0852,83.0274,43.6981,142.3339,2.7235,34.151,40.84,40.84,0.0,0.0,0,25813.1986,74.3824,48.7233,26.1662,31.9046,2.4504,2.3172,0.0,1,39951.0,2.2,2.9023,0.0,0.0,0.0,0.0,0.0,0.0,0.0
5033,2011-04-15,SZSE:000768,0.8453,11.26,10.7543,11.38,11.2,27897.9836,11.3,2.9999,80.7331,42.4906,138.4007,2.6483,34.1226,35.1826,35.1826,0.0,0.0,0,25020.3607,72.0978,47.2267,25.3625,30.9247,2.3751,2.246,16.6109,1,39951.0,2.2,2.8221,0.0,0.0,10.792503552397871,10.868910657193606,10.696994671403198,16.6109,0.0
5034,2011-04-18,SZSE:000768,0.8453,11.38,10.8689,11.45,11.07,28195.2979,11.25,3.0319,81.5934,42.9434,139.8756,2.6765,32.5145,38.6166,38.6166,0.0,0.0,0,25317.6749,72.9545,47.7879,25.6639,31.2921,2.4033,2.2727,15.818,1,39951.0,2.2,2.8521,0.0,0.0,10.744738576449912,10.935756151142353,10.572822759226712,15.818,0.0
5035,2011-04-19,SZSE:000768,0.8453,11.15,10.6492,11.29,11.11,27625.4456,11.28,2.9706,79.9444,42.0755,137.0486,2.6224,32.6932,34.81,34.8099,0.0,0.0,0,24747.8226,71.3125,46.7123,25.0862,30.5878,2.3492,2.2215,9.7838,1,39951.0,2.2,2.7945,0.0,0.0,10.773361076233183,10.78291192825112,10.61099659192825,9.7838,0.0
5036,2011-04-20,SZSE:000768,0.8453,11.2,10.697,11.28,11.16,27749.3265,11.16,2.9839,80.3029,42.2642,137.6632,2.6342,30.1776,36.2805,36.2804,0.0,0.0,0,24871.7036,71.6694,46.9461,25.2118,30.7409,2.361,2.2327,9.0959,1,39951.0,2.2,2.807,0.0,0.0,10.65879642857143,10.773407142857142,10.65879642857143,9.0959,0.0
5037,2011-04-21,SZSE:000768,0.8453,11.22,10.7161,11.27,11.13,27798.8789,11.23,2.9893,80.4463,55.1812,137.909,2.6389,30.1112,36.8937,36.8936,0.0,0.0,0,24921.2559,71.8122,47.0397,25.262,38.5909,2.3657,2.2371,9.6861,1,39951.0,2.2,2.812,0.0,0.0,10.725650891265598,10.763854456327985,10.630141978609625,9.6861,0.0
5038,2011-04-22,SZSE:000768,0.8244,11.25,10.7447,11.35,11.13,27873.2075,11.22,2.9972,80.6614,55.3288,138.2777,2.6459,29.8377,37.8597,37.8597,0.0,0.0,0,24995.5845,72.0264,47.18,25.3374,38.706,2.3728,2.2438,10.3901,1,39951.0,2.2,2.8196,0.0,0.0,10.716047466666668,10.840208444444444,10.630089866666667,10.3901,0.0
5039,2011-04-25,SZSE:000768,0.8244,11.3,10.7925,11.45,11.2,27997.0884,11.25,3.0106,81.0199,55.5747,138.8923,2.6577,29.6258,39.5213,39.5213,0.0,0.0,0,25119.4654,72.3834,47.4138,25.463,38.8979,2.3845,2.2549,15.2812,1,39951.0,2.2,2.8321,0.0,0.0,10.744745575221238,10.935763274336283,10.696991150442477,15.2812,0.0
5040,2011-04-26,SZSE:000768,0.8244,11.02,10.5251,11.39,10.97,27303.3552,11.25,2.936,79.0123,54.1976,135.4507,2.5918,29.8867,34.033,34.033,0.0,0.0,0,24425.7322,70.3844,46.1044,24.7597,37.8236,2.3187,2.1926,10.9644,1,39951.0,2.2,2.7619,0.0,0.0,10.744770871143375,10.878483575317606,10.47734546279492,10.9644,0.0
5041,2011-04-27,SZSE:000768,0.8244,10.71,10.229,11.12,10.62,26535.2935,11.12,2.8534,76.7896,52.673,131.6404,2.5189,29.7602,29.1984,29.1984,0.0,0.0,0,23657.6705,68.1711,44.6546,23.9812,36.6343,2.2457,2.1237,13.1299,1,39951.0,2.2,2.6842,0.0,0.0,10.620586367880483,10.620586367880483,10.14304201680672,13.1299,0.0
5042,2011-04-28,SZSE:000768,0.8244,10.55,10.0762,10.85,10.52,26138.8745,10.74,2.8108,75.6424,51.8861,129.6738,2.4813,28.9016,27.0617,27.0617,0.0,0.0,0,23261.2516,67.0288,43.9064,23.5793,36.0204,2.2081,2.0881,7.4554,1,39951.0,2.2,2.6441,0.0,0.0,10.257667109004737,10.362727014218008,10.047547298578198,7.4554,0.0
5043,2011-04-29,SZSE:000768,0.8177,10.56,10.0857,10.58,10.38,26163.6507,10.55,2.8203,82.3764,48.0437,134.1072,2.4795,28.6407,27.4192,27.4192,0.0,0.0,0,24263.0924,67.7587,44.8823,23.6288,35.0131,2.2809,2.072,9.6075,1,39951.0,2.2,0.0,0.0,0.0,10.076149147727271,10.104801704545455,9.91378465909091,9.6075,0.0
5044,2011-05-02,SZSE:000768,0.8177,0.0,10.0857,0.0,0.0,26163.6507,0.0,2.8203,82.3764,48.0437,134.1072,2.4795,28.6407,27.4192,27.4192,0.0,0.0,0,24263.0924,67.7587,44.8823,23.6288,35.0131,2.2809,2.072,0.0,1,39951.0,2.2,0.0,0.0,0.0,0.0,0.0,0.0,0.0,0.0
5045,2011-05-03,SZSE:000768,0.8177,10.66,10.1812,10.67,10.39,26411.4126,10.59,2.847,83.1565,48.4986,135.3771,2.503,28.8621,31.0583,31.0583,0.0,0.0,0,24510.8543,68.4506,45.3406,23.8701,35.3707,2.3042,2.0932,8.4501,1,39951.0,2.2,0.0,0.0,0.0,10.114344090056285,10.190750844277673,9.923327204502815,8.4501,0.0
5046,2011-05-04,SZSE:000768,0.8177,10.54,10.0666,10.78,10.45,26114.0984,10.53,2.815,82.2204,47.9527,133.8532,2.4748,28.6803,29.1683,29.1683,0.0,0.0,0,24213.5401,67.6203,44.7906,23.5806,34.9416,2.2763,2.0678,9.7767,1,39951.0,2.2,0.0,0.0,0.0,10.057049146110057,10.295820493358633,9.980642314990511,9.7767,0.0
5047,2011-05-05,SZSE:000768,0.8177,10.65,10.1717,10.8,10.51,26386.6364,10.54,2.8444,83.0785,48.4531,135.2501,2.5007,28.5269,33.1822,33.1822,0.0,0.0,0,24486.0781,68.3814,45.2948,23.846,35.3349,2.3019,2.0911,10.1537,1,39951.0,2.2,0.0,0.0,0.0,10.066640187793427,10.31496338028169,10.037987511737088,10.1537,0.0
5048,2011-05-06,SZSE:000768,0.9885,10.86,10.3723,10.87,10.57,26906.9363,10.62,2.9004,84.7167,49.4086,137.917,2.55,28.5949,40.1545,40.1545,0.0,0.0,0,25006.378,69.8345,46.2572,24.3527,36.0857,2.3508,2.1355,10.7297,1,39951.0,2.2,0.0,0.0,0.0,10.143077900552484,10.381850920810313,10.095323296500922,10.7297,0.0
5049,2011-05-09,SZSE:000768,0.9885,10.48,10.0093,10.75,10.39,25965.4413,10.75,2.7989,81.7524,47.6797,133.0912,2.4607,28.9617,33.369,33.3691,0.0,0.0,0,24064.883,67.2052,44.5156,23.4358,34.7271,2.2623,2.0551,17.5337,1,39951.0,2.2,0.0,0.0,0.0,10.2671731870229,10.2671731870229,9.923342270992366,17.5337,0.0
5050,2011-05-10,SZSE:000768,0.9885,10.29,9.8279,10.37,10.05,25494.6938,10.3,2.7482,80.2702,46.8153,130.6783,2.4161,29.0329,30.586,30.586,0.0,0.0,0,23594.1355,65.8905,43.6448,22.9774,34.0478,2.218,2.0149,17.2409,1,39951.0,2.2,0.0,0.0,0.0,9.837450923226436,9.904307385811467,9.598677842565598,17.2409,0.0
5051,2011-05-11,SZSE:000768,0.9885,10.3,9.8374,10.37,10.18,25519.4699,10.24,2.7509,80.3482,46.8608,130.8053,2.4185,28.9222,30.9126,30.9126,0.0,0.0,0,23618.9116,65.9597,43.6907,23.0015,34.0835,2.2204,2.017,8.6455,1,39951.0,2.2,0.0,0.0,0.0,9.780094757281553,9.904256116504854,9.722789514563107,8.6455,0.0
5052,2011-05-12,SZSE:000768,0.9885,10.13,9.675,10.29,10.1,25098.2748,10.29,2.7055,79.0221,46.0874,128.6464,2.3786,28.8226,28.461,28.461,0.0,0.0,0,23197.7165,64.7835,42.9115,22.5913,33.4757,2.1808,1.981,7.9567,1,39951.0,2.2,0.0,0.0,0.0,9.827813425468904,9.827813425468904,9.646347482724579,7.9567,0.0
5053,2011-05-13,SZSE:000768,1.042,0.0,9.675,0.0,0.0,25098.2748,0.0,2.7055,79.0221,46.0874,128.6464,2.3786,28.8226,28.461,28.461,0.0,0.0,0,23197.7165,64.7835,42.9115,22.5913,33.4757,2.1808,1.981,0.0,1,39951.0,2.2,0.0,0.0,0.0,0.0,0.0,0.0,0.0,0.0
5054,2011-05-16,SZSE:000768,1.042,10.18,9.7228,10.28,10.15,25222.1557,10.15,2.7188,79.4121,46.3148,129.2813,2.3903,28.9886,30.214,30.2141,0.0,0.0,0,23321.5974,65.1294,43.1407,22.712,33.6545,2.1924,1.9916,5.3159,1,39951.0,2.2,0.0,0.0,0.0,9.694147347740667,9.818308840864438,9.694147347740667,5.3159,0.0
5055,2011-05-17,SZSE:000768,1.042,10.3,9.8374,10.34,10.1,25519.4699,10.21,2.7509,80.3482,46.8608,130.8053,2.4185,28.2423,34.3706,34.3706,0.0,0.0,0,23618.9116,65.9597,43.6907,23.0015,34.0835,2.2204,2.017,7.9567,1,39951.0,2.2,0.0,0.0,0.0,9.751442135922332,9.875603495145631,9.646382524271845,7.9567,0.0
5056,2011-05-18,SZSE:000768,1.042,10.31,9.847,10.33,10.23,25544.2461,10.3,2.7535,80.4262,46.9063,130.9323,2.4208,28.2107,34.7195,34.7195,0.0,0.0,0,23643.6878,66.0289,43.7365,23.0256,34.1193,2.2227,2.0191,5.4771,1,39951.0,2.2,0.0,0.0,0.0,9.8374490785645,9.866101842870997,9.770592628516003,5.4771,0.0
5057,2011-05-19,SZSE:000768,1.042,10.31,9.847,10.47,10.3,25544.2461,10.33,2.7535,80.4262,46.9063,130.9323,2.4208,27.9688,34.7195,34.7195,0.0,0.0,0,23643.6878,66.0289,43.7365,23.0256,34.1193,2.2227,2.0191,8.2501,1,39951.0,2.2,0.0,0.0,0.0,9.866101842870997,9.999814742967992,9.8374490785645,8.2501,0.0
5058,2011-05-20,SZSE:000768,0.9471,10.2,9.7419,10.34,10.11,25271.7081,10.31,2.7242,79.5682,46.4058,129.5353,2.395,27.7743,32.5141,32.5141,0.0,0.0,0,23371.1498,65.2678,43.2323,22.7602,33.726,2.1971,1.9958,5.4102,1,39951.0,2.2,0.0,0.0,0.0,9.846959705882353,9.875612352941175,9.655942058823529,5.4102,0.0
5059,2011-05-23,SZSE:000768,0.9471,9.9,9.4554,10.27,9.9,24528.4226,10.21,2.644,77.2279,45.041,125.7255,2.3246,25.5133,27.4019,27.4019,0.0,0.0,0,22627.8643,63.1921,41.8574,22.0364,32.6534,2.1272,1.9324,9.3082,1,39951.0,2.2,0.0,0.0,0.0,9.751478181818182,9.808783636363634,9.4554,9.3082,0.0
5060,2011-05-24,SZSE:000768,0.9471,10.06,9.6082,10.09,9.91,24924.8415,9.92,2.6868,78.476,45.7689,127.7574,2.3621,25.5765,33.415,33.415,0.0,0.0,0,23024.2832,64.2991,42.5907,22.4224,33.2255,2.1645,1.9662,6.538,1,39951.0,2.2,0.0,0.0,0.0,9.474487475149104,9.636852683896619,9.464936580516898,6.538,0.0
5061,2011-05-25,SZSE:000768,0.9471,9.9,9.4554,10.16,9.9,24528.4226,10.0,2.644,77.2279,45.041,125.7255,2.3246,25.6571,30.6785,30.6785,0.0,0.0,0,22627.8643,63.1921,41.8574,22.0364,32.6534,2.1272,1.9324,5.1583,1,39951.0,2.2,0.0,0.0,0.0,9.55090909090909,9.703723636363636,9.4554,5.1583,0.0
5062,2011-05-26,SZSE:000768,0.9471,9.94,9.4936,10.08,9.94,24627.5273,10.0,2.6547,77.5399,45.2229,126.2334,2.3339,25.4895,32.174,32.174,0.0,0.0,0,22726.969,63.4688,42.0407,22.1329,32.7964,2.1365,1.9408,4.4584,1,39951.0,2.2,0.0,0.0,0.0,9.550905432595576,9.627312676056338,9.4936,4.4584,0.0
5063,2011-05-27,SZSE:000768,0.8966,10.05,9.5986,10.06,9.91,24900.0653,9.95,2.6841,78.398,45.7234,127.6304,2.3598,25.4611,36.247,36.247,0.0,0.0,0,22999.507,64.23,42.5449,22.3983,33.1897,2.1621,1.9641,6.3396,1,39951.0,2.2,0.0,0.0,0.0,9.503091542288555,9.608150845771144,9.464888159203978,6.3396,0.0
5064,2011-05-30,SZSE:000768,0.8966,9.91,9.4649,10.06,9.89,24553.1987,10.06,2.6467,77.3059,45.0864,125.8525,2.3269,25.0943,33.4905,33.4905,0.0,0.0,0,22652.6405,63.2613,41.9032,22.0605,32.6892,2.1295,1.9345,5.4398,1,39951.0,2.2,0.0,0.0,0.0,9.60816286579213,9.60816286579213,9.44579828456105,5.4398,0.0
5065,2011-05-31,SZSE:000768,0.8966,10.13,9.675,10.19,9.91,25098.2748,9.92,2.7055,79.0221,46.0874,128.6464,2.3786,25.4579,41.0741,41.0741,0.0,0.0,0,23197.7165,64.7835,42.9115,22.5913,33.4757,2.1808,1.981,6.1589,1,39951.0,2.2,0.0,0.0,0.0,9.474432379072063,9.732305034550839,9.464881539980256,6.1589,0.0
5066,2011-06-01,SZSE:000768,0.8966,10.16,9.7037,10.18,10.0,25172.6034,10.08,2.7135,79.2561,46.2238,129.0273,2.3856,25.382,42.0446,42.0446,0.0,0.0,0,23272.0451,64.9911,43.049,22.6637,33.583,2.1878,1.9874,6.8554,1,39951.0,2.2,0.0,0.0,0.0,9.627292913385826,9.722801771653543,9.550885826771653,6.8554,0.0
5067,2011-06-02,SZSE:000768,0.8966,9.98,9.5318,10.11,9.9,24726.632,10.08,2.6654,77.852,45.4049,126.7414,2.3433,25.3899,38.0007,38.0007,0.0,0.0,0,22826.0737,63.7456,42.2241,22.2294,32.9394,2.1458,1.9493,6.3982,1,39951.0,2.2,0.0,0.0,0.0,9.627309018036073,9.655961723446893,9.455392785571142,6.3982,0.0
5068,2011-06-03,SZSE:000768,0.8839,10.14,9.6846,10.22,10.01,25123.051,10.02,2.7081,79.1001,46.1329,128.7734,2.3809,25.6144,43.2277,43.2277,0.0,0.0,0,23222.4927,64.8527,42.9574,22.6154,33.5115,2.1831,1.9831,6.6144,1,39951.0,2.2,0.0,0.0,0.0,9.569989349112426,9.761007100591716,9.56043846153846,6.6144,0.0
5069,2011-06-06,SZSE:000768,0.8839,0.0,9.6846,0.0,0.0,25123.051,0.0,2.7081,79.1001,46.1329,128.7734,2.3809,25.6144,43.2277,43.2277,0.0,0.0,0,23222.4927,64.8527,42.9574,22.6154,33.5115,2.1831,1.9831,0.0,1,39951.0,2.2,0.0,0.0,0.0,0.0,0.0,0.0,0.0,0.0
5070,2011-06-07,SZSE:000768,0.8839,10.17,9.7132,10.2,10.1,25197.3795,10.1,2.7162,79.3341,46.2693,129.1543,2.3879,24.5187,44.178,44.178,0.0,0.0,0,23296.8212,65.0602,43.0948,22.6878,33.6187,2.1901,1.9895,5.8008,1,39951.0,2.2,0.0,0.0,0.0,9.646344149459194,9.741852507374631,9.646344149459194,5.8008,0.0
5071,2011-06-08,SZSE:000768,0.8839,10.33,9.8661,10.35,10.06,25593.7985,10.17,2.7589,80.5823,46.9973,131.1863,2.4255,24.8112,49.074,49.074,0.0,0.0,0,23693.2402,66.1673,43.8281,23.0739,34.1908,2.2274,2.0233,8.9103,1,39951.0,2.2,0.0,0.0,0.0,9.713285285575992,9.885201839303,9.608225169409486,8.9103,0.0
5072,2011-06-09,SZSE:000768,0.8839,10.06,9.6082,10.34,10.0,24924.8415,10.34,2.6868,78.476,45.7689,127.7574,2.3621,24.8966,42.3274,42.3274,0.0,0.0,0,23024.2832,64.2991,42.5907,22.4224,33.2255,2.1645,1.9662,6.9862,1,39951.0,2.2,0.0,0.0,0.0,9.875625049701789,9.875625049701789,9.55089463220676,6.9862,0.0
5073,2011-06-10,SZSE:000768,0.8225,10.52,10.0475,10.76,10.0,26064.546,10.03,2.8096,82.0644,47.8617,133.5992,2.4701,26.6533,53.9445,53.9445,0.0,0.0,0,24163.9877,67.482,44.6989,23.5323,34.8701,2.2716,2.0635,23.8527,1,39951.0,2.2,0.0,0.0,0.0,9.579508079847908,10.276720532319391,9.550855513307985,23.8527,0.0
5074,2011-06-13,SZSE:000768,0.8225,10.75,10.2672,10.95,10.39,26634.3982,10.45,2.8711,83.8586,48.9081,136.5201,2.5241,26.805,58.451,58.451,0.0,0.0,0,24733.8399,69.0734,45.7531,24.0873,35.6924,2.3252,2.1122,23.4594,1,39951.0,2.2,0.0,0.0,0.0,9.980673488372094,10.458217674418606,9.923368186046513,23.4594,0.0
5075,2011-06-14,SZSE:000768,0.8225,10.77,10.2863,10.85,10.58,26683.9506,10.77,2.8764,84.0146,48.9991,136.7741,2.5288,26.8066,58.8283,58.8283,0.0,0.0,0,24783.3923,69.2117,45.8447,24.1355,35.764,2.3298,2.1164,14.9328,1,39951.0,2.2,0.0,0.0,0.0,10.2863,10.362707056638811,10.104833240482824,14.9328,0.0
5076,2011-06-15,SZSE:000768,0.8225,10.57,10.0953,10.79,10.56,26188.4269,10.71,2.823,82.4544,48.0892,134.2342,2.4819,26.3181,53.5882,53.5882,0.0,0.0,0,24287.8686,67.8279,44.9281,23.653,35.0489,2.2833,2.0741,10.8217,1,39951.0,2.2,0.0,0.0,0.0,10.229012582781458,10.305419772942289,10.085749101229895,10.8217,0.0
5077,2011-06-16,SZSE:000768,0.8225,10.27,9.8088,10.57,10.25,25445.1414,10.45,2.7429,80.1142,46.7243,130.4243,2.4114,26.7971,46.8473,46.8473,0.0,0.0,0,23544.5831,65.7522,43.5532,22.9291,33.9763,2.2134,2.0106,7.9852,1,39951.0,2.2,0.0,0.0,0.0,9.980716650438168,10.095327750730283,9.789698149951315,7.9852,0.0
5078,2011-06-17,SZSE:000768,0.9066,10.42,9.952,10.57,10.2,25816.7842,10.25,2.7829,81.2843,47.4067,132.3292,2.4466,26.1536,50.2191,50.2191,0.0,0.0,0,23916.2259,66.79,44.2406,23.291,34.5126,2.2483,2.0424,10.2147,1,39951.0,2.2,0.0,0.0,0.0,9.789635316698657,10.095262955854126,9.741880998080614,10.2147,0.0
5079,2011-06-20,SZSE:000768,0.9066,10.31,9.847,10.47,10.23,25544.2461,10.44,2.7535,80.4262,46.9063,130.9323,2.4208,26.1204,47.8233,47.8233,0.0,0.0,0,23643.6878,66.0289,43.7365,23.0256,34.1193,2.2227,2.0191,5.8629,1,39951.0,2.2,0.0,0.0,0.0,9.971161978661492,9.999814742967992,9.770592628516003,5.8629,0.0
5080,2011-06-21,SZSE:000768,0.9066,10.59,10.1144,10.68,10.32,26237.9793,10.33,2.8283,82.6105,48.1802,134.4881,2.4866,26.3718,53.8578,53.8578,0.0,0.0,0,24337.421,67.9663,45.0198,23.7012,35.1204,2.2879,2.0784,11.1351,1,39951.0,2.2,0.0,0.0,0.0,9.866076676109538,10.20035807365439,9.856525779036827,11.1351,0.0
5081,2011-06-22,SZSE:000768,0.9066,10.6,10.1239,10.74,10.51,26262.7555,10.51,2.831,82.6885,48.2257,134.6151,2.4889,26.3386,54.0621,54.0621,0.0,0.0,0,24362.1972,68.0355,45.0656,23.7254,35.1561,2.2902,2.0805,10.1276,1,39951.0,2.2,0.0,0.0,0.0,10.037942358490568,10.257611886792455,10.037942358490568,10.1276,0.0
5082,2011-06-23,SZSE:000768,0.9066,10.67,10.1908,10.74,10.38,26436.1888,10.6,2.8497,83.2345,48.5441,135.5041,2.5054,26.1378,55.5462,55.5462,0.0,0.0,0,24535.6305,68.5198,45.3864,23.8943,35.4064,2.3066,2.0953,8.8216,1,39951.0,2.2,0.0,0.0,0.0,10.123943767572634,10.257656232427365,9.913824179943768,8.8216,0.0
5083,2011-06-24,SZSE:000768,0.9175,10.9,10.4105,11.0,10.6,27006.041,10.67,2.9111,85.0287,49.5905,138.425,2.5594,26.4192,60.1066,60.1066,0.0,0.0,0,25105.4827,70.1112,46.4405,24.4492,36.2288,2.3601,2.1439,22.0652,1,39951.0,2.2,0.0,0.0,0.0,10.19082889908257,10.506009174311927,10.123972477064221,22.0652,0.0
5084,2011-06-27,SZSE:000768,0.9175,11.27,10.7638,11.35,10.8,27922.7598,10.93,3.0099,87.915,51.2739,143.1238,2.6462,27.4027,66.1267,66.1267,0.0,0.0,0,26022.2015,72.6713,48.1363,25.342,37.5516,2.4463,2.2222,31.7223,1,39951.0,2.2,0.0,0.0,0.0,10.439071339840284,10.840206743566991,10.314910381543923,31.7223,0.0
5085,2011-06-28,SZSE:000768,0.9175,11.19,10.6874,11.29,11.01,27724.5503,11.16,2.9886,87.2909,50.9099,142.1079,2.6274,27.36,63.882,63.882,0.0,0.0,0,25823.9921,72.1178,47.7696,25.1489,37.2656,2.4277,2.2053,23.1855,1,39951.0,2.2,0.0,0.0,0.0,10.65874745308311,10.782908489722967,10.51548471849866,23.1855,0.0
5086,2011-06-29,SZSE:000768,0.9175,10.92,10.4296,11.25,10.92,27055.5934,11.21,2.9165,85.1847,49.6815,138.679,2.5641,27.3679,56.866,56.866,0.0,0.0,0,25155.0351,70.2496,46.5322,24.4975,36.3003,2.3648,2.1482,13.7844,1,39951.0,2.2,0.0,0.0,0.0,10.70657655677656,10.744780219780221,10.4296,13.7844,0.0
5087,2011-06-30,SZSE:000768,0.9175,11.01,10.5155,11.15,10.87,27278.579,10.89,2.9405,85.8868,50.091,139.822,2.5852,27.3616,58.5021,58.5021,0.0,0.0,0,25378.0207,70.8723,46.9447,24.7146,36.622,2.3857,2.1672,9.5454,1,39951.0,2.2,0.0,0.0,0.0,10.400889645776568,10.649212079927338,10.381787920072659,9.5454,0.0
5088,2011-07-01,SZSE:000768,0.7447,10.92,10.4296,11.15,10.91,27055.5934,11.05,2.9165,85.1847,49.6815,138.679,2.5641,27.3331,56.2062,56.2062,0.0,0.0,0,25155.0351,70.2496,46.5322,24.4975,36.3003,2.3648,2.1482,8.9204,1,39951.0,2.2,0.0,0.0,0.0,10.553761904761908,10.649271062271065,10.420049084249085,8.9204,0.0
5089,2011-07-04,SZSE:000768,0.7447,11.48,10.9644,11.7,10.96,28443.0597,10.96,3.066,89.5532,52.2293,145.7907,2.6955,29.0313,65.3248,65.3248,0.0,0.0,0,26542.5014,74.1244,49.0988,25.8487,38.3025,2.4952,2.2667,28.2873,1,39951.0,2.2,0.0,0.0,0.0,10.467754703832753,11.174519163763065,10.467754703832753,28.2873,0.0
5090,2011-07-05,SZSE:000768,0.7447,11.49,10.974,11.76,11.39,28467.8359,11.52,3.0687,89.6312,52.2748,145.9177,2.6979,28.7894,65.4631,65.4631,0.0,0.0,0,26567.2776,74.1935,49.1446,25.8728,38.3382,2.4975,2.2688,15.8967,1,39951.0,2.2,0.0,0.0,0.0,11.002652741514359,11.231874673629243,10.878490861618799,15.8967,0.0
5091,2011-07-06,SZSE:000768,0.7447,11.64,11.1172,11.74,11.4,28839.4786,11.47,3.1088,90.8013,52.9572,147.8227,2.7331,28.6771,67.5535,67.5535,0.0,0.0,0,26938.9204,75.2314,49.8321,26.2347,38.8745,2.5325,2.3005,18.6169,1,39951.0,2.2,0.0,0.0,0.0,10.954835395189004,11.212708591065292,10.8879793814433,18.6169,0.0
5092,2011-07-07,SZSE:000768,0.7447,11.54,11.0217,11.7,11.53,28591.7168,11.59,3.082,90.0212,52.5023,146.5527,2.7096,28.723,64.7402,64.7402,0.0,0.0,0,26691.1585,74.5395,49.3737,25.9934,38.517,2.5092,2.2794,15.9474,1,39951.0,2.2,0.0,0.0,0.0,11.069454332755631,11.174513864818024,11.012149133448872,15.9474,0.0
5093,2011-07-08,SZSE:000768,0.7242,11.73,11.2032,11.79,11.45,29062.4643,11.5,3.1328,91.5034,53.3667,148.9656,2.7542,28.919,67.5088,67.5088,0.0,0.0,0,27161.906,75.8541,50.2445,26.4519,39.1963,2.5534,2.3196,18.4718,1,39951.0,2.2,0.0,0.0,0.0,10.983529411764707,11.260505370843989,10.935774936061382,18.4718,0.0
5094,2011-07-11,SZSE:000768,0.7242,11.76,11.2318,11.93,11.61,29136.7929,11.71,3.1408,91.7374,53.5032,149.3466,2.7613,28.7261,67.9369,67.9369,0.0,0.0,0,27236.2346,76.0617,50.382,26.5243,39.3036,2.5604,2.3259,16.8049,1,39951.0,2.2,0.0,0.0,0.0,11.18404574829932,11.394164455782313,11.088537244897958,16.8049,0.0
5095,2011-07-12,SZSE:000768,0.7242,11.5,10.9835,11.7,11.46,28492.6121,11.7,3.0714,89.7092,52.3203,146.0447,2.7002,29.0819,60.4974,60.4974,0.0,0.0,0,26592.0538,74.2627,49.1904,25.8969,38.374,2.4999,2.2709,13.1848,1,39951.0,2.2,0.0,0.0,0.0,11.174517391304347,11.174517391304347,10.945296521739131,13.1848,0.0
5096,2011-07-13,SZSE:000768,0.7242,11.54,11.0217,11.62,11.45,28591.7168,11.47,3.082,90.0212,52.5023,146.5527,2.7096,29.0645,61.2013,61.2013,0.0,0.0,0,26691.1585,74.5395,49.3737,25.9934,38.517,2.5092,2.2794,9.0703,1,39951.0,2.2,0.0,0.0,0.0,10.954843934142115,11.09810693240901,10.935742201039861,9.0703,0.0
5097,2011-07-14,SZSE:000768,0.7242,11.52,11.0026,11.66,11.45,28542.1644,11.59,3.0767,89.8652,52.4113,146.2987,2.7049,28.8273,60.6196,60.6196,0.0,0.0,0,26641.6061,74.4011,49.2821,25.9452,38.4455,2.5045,2.2751,7.865,1,39951.0,2.2,0.0,0.0,0.0,11.069456076388887,11.136312152777778,10.93574392361111,7.865,0.0
5098,2011-07-15,SZSE:000768,0.7209,11.56,11.0408,11.74,11.41,28641.2692,11.47,3.0874,90.1772,52.5933,146.8067,2.7143,28.2644,61.4096,61.4096,0.0,0.0,0,26740.7109,74.6779,49.4654,26.0417,38.5885,2.5138,2.2836,11.307,1,39951.0,2.2,0.0,0.0,0.0,10.954842214532873,11.212715570934256,10.897537024221453,11.307,0.0
5099,2011-07-18,SZSE:000768,0.7209,11.98,11.442,12.0,11.51,29681.8689,11.55,3.1996,93.4536,54.5041,152.1405,2.8129,29.0724,68.5446,68.5446,0.0,0.0,0,27781.3106,77.5839,51.3903,27.0551,40.0901,2.6117,2.3725,25.3131,1,39951.0,2.2,0.0,0.0,0.0,11.031310517529215,11.46110183639399,10.993106844741234,25.3131,0.0
5100,2011-07-19,SZSE:000768,0.7209,11.9,11.3656,12.04,11.74,29483.6594,11.91,3.1782,92.8295,54.1401,151.1245,2.7942,28.791,66.04,66.04,0.0,0.0,0,27583.1012,77.0304,51.0237,26.8621,39.8041,2.593,2.3555,16.95,1,39951.0,2.2,0.0,0.0,0.0,11.375150924369748,11.49931294117647,11.212785210084034,16.95,0.0
5101,2011-07-20,SZSE:000768,0.7209,12.04,11.4993,12.1,11.84,29830.526,11.99,3.2156,93.9216,54.7771,152.9025,2.827,28.8621,68.2279,68.2279,0.0,0.0,0,27929.9677,77.9991,51.6653,27.1999,40.3047,2.6256,2.3851,16.6775,1,39951.0,2.2,0.0,0.0,0.0,11.451545431893688,11.556605481727575,11.308281727574752,16.6775,0.0
5102,2011-07-21,SZSE:000768,0.7209,11.84,11.3082,12.11,11.84,29335.0023,12.09,3.1622,92.3615,53.8672,150.3626,2.7801,29.085,62.0751,62.0751,0.0,0.0,0,27434.444,76.6152,50.7487,26.7173,39.5896,2.5791,2.3428,13.0695,1,39951.0,2.2,0.0,0.0,0.0,11.546971114864865,11.566072804054052,11.3082,13.0695,0.0
5103,2011-07-22,SZSE:000768,0.6783,11.76,11.2318,11.94,11.58,29136.7929,11.92,3.1408,91.7374,53.5032,149.3466,2.7613,29.123,59.7538,59.7538,0.0,0.0,0,27236.2346,76.0617,50.382,26.5243,39.3036,2.5604,2.3259,12.3591,1,39951.0,2.2,0.0,0.0,0.0,11.384613605442176,11.40371530612245,11.059884693877551,12.3591,0.0
5104,2011-07-25,SZSE:000768,0.6783,11.62,11.0981,12.15,11.6,28789.9263,11.71,3.1034,90.6453,72.1739,147.5687,2.7284,29.2226,55.8199,55.8199,0.0,0.0,0,26889.368,75.093,49.7404,31.2237,48.9209,2.5278,2.34,22.5317,1,39951.0,2.2,0.0,0.0,0.0,11.184057745266784,11.604295611015491,11.078998278829605,22.5317,0.0
5105,2011-07-26,SZSE:000768,0.6783,11.89,11.356,11.98,11.58,29458.8833,11.6,3.1755,92.7515,73.8509,150.9976,2.7918,29.0945,61.1342,61.1342,0.0,0.0,0,27558.325,76.9612,50.9778,32.0005,50.138,2.5907,2.3983,17.2741,1,39951.0,2.2,0.0,0.0,0.0,11.079024390243902,11.441957947855341,11.059922624053828,17.2741,0.0
5106,2011-07-27,SZSE:000768,0.6783,11.99,11.4515,12.1,11.71,29706.6451,11.84,3.2022,93.5316,74.4721,152.2675,2.8153,28.4858,62.9135,62.9135,0.0,0.0,0,27806.0868,77.6531,51.4362,32.2882,50.5887,2.614,2.4198,24.2606,1,39951.0,2.2,0.0,0.0,0.0,11.308236864053377,11.556559633027522,11.184075479566305,24.2606,0.0
5107,2011-07-28,SZSE:000768,0.6783,11.58,11.0599,12.11,11.54,28690.8215,11.88,3.0927,90.3333,71.9255,147.0607,2.719,29.2305,52.3345,52.3345,0.0,0.0,0,26790.2633,74.8163,49.5571,31.1086,48.7406,2.5185,2.3314,20.0278,1,39951.0,2.2,0.0,0.0,0.0,11.346425906735753,11.566095768566495,11.021696545768567,20.0278,0.0
5108,2011-07-29,SZSE:000768,0.6702,11.13,10.6301,11.68,11.11,27575.8932,11.58,2.9725,86.8229,69.1304,141.3459,2.6134,30.3753,43.6575,43.6575,0.0,0.0,0,25675.335,71.7026,47.4947,29.814,46.7122,2.4137,2.2344,17.4023,1,39951.0,2.2,0.0,0.0,0.0,11.059888409703504,11.155396945193171,10.610998292902066,17.4023,0.0
5109,2011-08-01,SZSE:000768,0.6702,10.96,10.4678,11.27,10.92,27154.6981,11.17,2.9271,85.4968,68.0745,139.187,2.5734,30.3025,40.8987,40.8987,0.0,0.0,0,25254.1398,70.5264,46.7155,29.3249,45.9459,2.3741,2.1977,12.0243,1,39951.0,2.2,0.0,0.0,0.0,10.668369160583941,10.763878284671533,10.429596350364964,12.0243,0.0
5110,2011-08-02,SZSE:000768,0.6702,11.06,10.5633,11.14,10.86,27402.46,10.88,2.9539,86.2768,68.6957,140.4569,2.5969,30.108,43.1735,43.1735,0.0,0.0,0,25501.9017,71.2183,47.1738,29.6126,46.3966,2.3974,2.2193,9.0771,1,39951.0,2.2,0.0,0.0,0.0,10.391383725135624,10.639707233273056,10.372281916817359,9.0771,0.0
5111,2011-08-03,SZSE:000768,0.6702,11.19,10.6874,11.2,10.9,27724.5503,10.96,2.9886,87.2909,69.5031,142.1079,2.6274,30.1381,46.0791,46.0791,0.0,0.0,0,25823.9921,72.1178,47.7696,29.9866,46.9826,2.4277,2.2473,10.3117,1,39951.0,2.2,0.0,0.0,0.0,10.467730473637177,10.696950848972296,10.410425379803396,10.3117,0.0
5112,2011-08-04,SZSE:000768,0.6702,11.51,10.9931,11.69,11.37,28517.3882,11.45,3.074,89.7872,71.4907,146.1717,2.7026,30.5191,52.5152,52.5152,0.0,0.0,0,26616.83,74.3319,49.2363,30.9072,48.4251,2.5022,2.3163,23.1781,1,39951.0,2.2,0.0,0.0,0.0,10.935794526498697,11.165016420503909,10.859387228496958,23.1781,0.0
5113,2011-08-05,SZSE:000768,0.4058,11.57,11.0504,11.76,11.0,28666.0454,11.04,3.0901,90.2552,71.8634,146.9337,2.7167,30.4749,53.6328,53.6328,0.0,0.0,0,26765.4871,74.7471,49.5112,31.0798,48.6955,2.5162,2.3293,20.525,1,39951.0,2.2,0.0,0.0,0.0,10.544201901469316,11.23186724286949,10.50599827139153,20.525,0.0
5114,2011-08-08,SZSE:000768,0.4058,10.89,10.4009,11.74,10.62,26981.2648,11.48,2.9084,84.9507,67.6398,138.298,2.557,32.611,41.6648,41.6648,0.0,0.0,0,25080.7065,70.042,46.3947,29.1235,45.6303,2.3578,2.1826,21.298,1,39951.0,2.2,0.0,0.0,0.0,10.964401469237833,11.212724150596877,10.14302644628099,21.298,0.0
5115,2011-08-09,SZSE:000768,0.4058,10.75,10.2672,10.87,10.25,26634.3982,10.5,2.8711,83.8586,66.7702,136.5201,2.5241,31.9264,39.7005,39.7005,0.0,0.0,0,24733.8399,69.0734,45.7531,28.7207,44.9993,2.3252,2.1525,14.4446,1,39951.0,2.2,0.0,0.0,0.0,10.028427906976745,10.381810604651163,9.78965581395349,14.4446,0.0
5116,2011-08-10,SZSE:000768,0.4058,10.66,10.1812,11.05,10.6,26411.4126,10.92,2.8357,113.4453,63.1891,195.3419,2.399,31.7572,38.4457,38.4458,0.0,0.0,0,24697.9779,94.2492,55.5648,27.9278,43.396,2.2434,2.0856,15.6743,1,39951.0,2.2,0.0,0.0,0.0,10.429521951219513,10.55368292682927,10.12389493433396,15.6743,0.0
5117,2011-08-11,SZSE:000768,0.4058,10.79,10.3054,10.88,10.35,26733.503,10.4,2.8702,114.8288,63.9597,197.7241,2.4283,31.8394,41.3303,41.3303,0.0,0.0,0,25020.0683,95.4783,56.2894,28.292,43.962,2.2727,2.1128,16.2736,1,39951.0,2.2,0.0,0.0,0.0,9.932915662650604,10.39135792400371,9.885161260426322,16.2736,0.0
5118,2011-08-12,SZSE:000768,0.4724,10.8,10.315,10.89,10.7,26758.2792,10.89,2.8729,114.9352,64.019,197.9073,2.4306,31.6465,41.5571,41.5571,0.0,0.0,0,25044.8445,95.5729,56.3451,28.3201,44.0055,2.2749,2.1149,14.2433,1,39951.0,2.2,0.0,0.0,0.0,10.400958333333332,10.400958333333332,10.219490740740738,14.2433,0.0
5119,2011-08-15,SZSE:000768,0.4724,10.87,10.3818,10.94,10.7,26931.7124,10.7,2.8915,115.6801,64.4339,199.1901,2.4463,31.4172,43.2126,43.2126,0.0,0.0,0,25218.2778,96.2347,56.7353,28.5162,44.3102,2.2907,2.1296,12.9281,1,39951.0,2.2,0.0,0.0,0.0,10.219435142594296,10.44865611775529,10.219435142594296,12.9281,0.0
5120,2011-08-16,SZSE:000768,0.4724,10.74,10.2576,10.97,10.71,26609.6221,10.85,2.8569,114.2967,63.6633,196.8078,2.417,31.5121,40.8958,40.8958,0.0,0.0,0,24896.1874,95.0056,56.0107,28.152,43.7443,2.2614,2.1024,9.0435,1,39951.0,2.2,0.0,0.0,0.0,10.362659217877095,10.477269273743017,10.22894748603352,9.0435,0.0
5121,2011-08-17,SZSE:000768,0.4724,10.74,10.2576,10.81,10.6,26609.6221,10.7,2.8569,114.2967,63.6633,196.8078,2.417,31.4378,40.8958,40.8958,0.0,0.0,0,24896.1874,95.0056,56.0107,28.152,43.7443,2.2614,2.1024,9.3995,1,39951.0,2.2,0.0,0.0,0.0,10.219396648044691,10.32445586592179,10.123888268156424,9.3995,0.0
5122,2011-08-18,SZSE:000768,0.4724,10.51,10.038,10.97,10.5,26039.7698,10.78,2.7958,111.849,62.2999,192.5931,2.3653,31.7398,36.8427,36.8427,0.0,0.0,0,24326.3351,92.831,54.7286,27.5076,42.743,2.2096,2.0542,9.2538,1,39951.0,2.2,0.0,0.0,0.0,10.29587440532826,10.477341579448147,10.028449096098953,9.2538,0.0
5123,2011-08-19,SZSE:000768,0.4889,10.42,9.952,10.5,10.25,25816.7842,10.3,2.7718,110.8912,61.7665,190.9439,2.345,31.7872,35.3657,35.3657,0.0,0.0,0,24103.3495,91.9801,54.227,27.2554,42.3512,2.1894,2.0354,9.1569,1,39951.0,2.2,0.0,0.0,0.0,9.8373896353167,10.028406909788867,9.789635316698657,9.1569,0.0
5124,2011-08-22,SZSE:000768,0.4889,10.49,10.0189,11.19,10.38,25990.2174,10.38,2.7904,111.6361,62.1814,192.2266,2.3608,31.7382,37.4656,37.4656,0.0,0.0,0,24276.7828,92.6419,54.6172,27.4516,42.656,2.2051,2.0501,7.6042,1,39951.0,2.2,0.0,0.0,0.0,9.913840038131555,10.687463393708292,9.913840038131555,7.6042,0.0
5125,2011-08-23,SZSE:000768,0.4889,10.56,10.0857,10.66,10.46,26163.6507,10.53,2.8091,112.3811,62.5963,193.5094,2.3765,31.1801,39.5796,39.5795,0.0,0.0,0,24450.2161,93.3037,55.0073,27.6477,42.9607,2.2209,2.0647,3.8693,1,39951.0,2.2,0.0,0.0,0.0,10.057047443181817,10.181208522727273,9.990191477272727,3.8693,0.0
5126,2011-08-24,SZSE:000768,0.4889,10.6,10.1239,10.84,10.57,26262.7555,10.63,2.8197,112.8068,62.8334,194.2424,2.3855,31.0409,40.8109,40.8109,0.0,0.0,0,24549.3208,93.6819,55.2303,27.7597,43.1348,2.2299,2.0731,14.6005,1,39951.0,2.2,0.0,0.0,0.0,10.152552547169813,10.353120377358492,10.09524745283019,14.6005,0.0
5127,2011-08-25,SZSE:000768,0.4889,10.71,10.229,10.76,10.42,26535.2935,10.61,2.849,113.9774,63.4855,196.2581,2.4103,30.9128,44.1798,44.1798,0.0,0.0,0,24821.8588,94.7219,55.8435,28.0679,43.6137,2.2547,2.0961,12.1782,1,39951.0,2.2,0.0,0.0,0.0,10.133491129785245,10.276754435107375,9.952024276377216,12.1782,0.0
5128,2011-08-26,SZSE:000768,0.4885,10.69,10.2099,10.77,10.61,26485.7411,10.67,2.8436,113.7646,63.3669,195.8916,2.4058,30.9144,43.6929,43.6929,0.0,0.0,0,24772.3065,94.5328,55.732,28.0119,43.5266,2.2502,2.0919,7.5526,1,39951.0,2.2,0.0,0.0,0.0,10.19079822263798,10.286307109448083,10.133492890551917,7.5526,0.0
5129,2011-08-29,SZSE:000768,0.4885,10.46,9.9902,10.69,10.46,25915.8889,10.58,2.7825,111.3169,62.0036,191.6769,2.354,31.1706,38.445,38.445,0.0,0.0,0,24202.4542,92.3582,54.4499,27.3675,42.5254,2.1984,2.0438,6.2856,1,39951.0,2.2,0.0,0.0,0.0,10.1048103250478,10.20986978967495,9.9902,6.2856,0.0
5130,2011-08-30,SZSE:000768,0.4885,10.3,9.8374,10.6,10.28,25519.4699,10.58,2.7399,109.6141,61.0551,188.7449,2.318,31.1975,35.2713,35.2713,0.0,0.0,0,23806.0353,90.8455,53.5581,26.9193,41.8288,2.1624,2.0103,7.2046,1,39951.0,2.2,0.0,0.0,0.0,10.104824466019418,10.123926213592233,9.818298252427184,7.2046,0.0
5131,2011-08-31,SZSE:000768,0.4885,10.19,9.7324,10.39,10.0,25246.9319,10.3,2.7106,108.4435,60.4031,186.7292,2.2933,30.9808,33.2397,33.2397,0.0,0.0,0,23533.4972,89.8055,52.9449,26.6111,41.35,2.1376,1.9873,7.136,1,39951.0,2.2,0.0,0.0,0.0,9.837460255152111,9.923418645731111,9.550932286555447,7.136,0.0
5132,2011-09-01,SZSE:000768,0.4885,10.21,9.7515,10.28,10.1,25296.4843,10.19,2.716,108.6563,60.5216,187.0957,2.2978,30.9777,33.9842,33.9842,0.0,0.0,0,23583.0496,89.9946,53.0564,26.6671,41.437,2.1421,1.9915,4.5851,1,39951.0,2.2,0.0,0.0,0.0,9.732398139079333,9.81835651322233,9.646439764936336,4.5851,0.0
5133,2011-09-02,SZSE:000768,0.3392,10.11,9.6559,10.21,10.05,25048.7224,10.21,2.6894,107.5921,59.9289,185.2632,2.2753,30.837,32.059,32.059,0.0,0.0,0,23335.2878,89.0491,52.499,26.3869,41.0017,2.1196,1.9706,4.3494,1,39951.0,2.2,0.0,0.0,0.0,9.751408407517312,9.751408407517312,9.598594955489617,4.3494,0.0
5134,2011-09-05,SZSE:000768,0.3392,9.96,9.5127,10.05,9.95,24677.0797,10.01,2.6495,105.9958,59.0397,182.5145,2.2415,30.8164,29.3712,29.3712,0.0,0.0,0,22963.645,87.6309,51.6629,25.9667,40.3487,2.0859,1.9392,5.4553,1,39951.0,2.2,0.0,0.0,0.0,9.560454518072289,9.59865813253012,9.503149096385542,5.4553,0.0
5135,2011-09-06,SZSE:000768,0.3392,9.9,9.4554,10.02,9.89,24528.4226,9.95,2.6335,105.3573,58.6841,181.4150,2.228,30.5982,28.3474,28.3474,0.0,0.0,0,22814.9879,87.0636,51.3285,25.7986,40.0875,2.0724,1.9266,5.6392,1,39951.0,2.2,0.0,0.0,0.0,9.503154545454544,9.570010909090907,9.44584909090909,5.6392,0.0
5136,2011-09-07,SZSE:000768,0.3392,10.07,9.6177,10.08,9.89,24949.6177,9.99,2.6787,107.1664,59.6918,184.5303,2.2663,30.78,35.2356,35.2356,0.0,0.0,0,23236.183,88.6709,52.2761,26.2749,40.8276,2.1106,1.9622,5.4908,1,39951.0,2.2,0.0,0.0,0.0,9.541293247269115,9.62725084409136,9.44578480635551,5.4908,0.0
5137,2011-09-08,SZSE:000768,0.3392,9.95,9.5031,10.12,9.95,24652.3035,10.1,2.6468,105.8894,58.9804,182.3313,2.2393,30.7041,32.836,32.836,0.0,0.0,0,22938.8688,87.5363,51.6072,25.9387,40.3052,2.0836,1.9371,4.1171,1,39951.0,2.2,0.0,0.0,0.0,9.64636281407035,9.665464522613066,9.5031,4.1171,0.0
5138,2011-09-09,SZSE:000768,0.3279,10.03,9.5795,10.12,9.96,24850.513,10.08,2.6681,106.7407,59.4547,183.7973,2.2573,30.3168,35.9668,35.9668,0.0,0.0,0,23137.0783,88.2927,52.0531,26.1628,40.6534,2.1016,1.9538,4.7557,1,39951.0,2.2,0.0,0.0,0.0,9.627254237288136,9.665457627118643,9.51264406779661,4.7557,0.0
5139,2011-09-12,SZSE:000768,0.3279,0.0,9.5795,0.0,0.0,24850.513,0.0,2.6681,106.7407,59.4547,183.7973,2.2573,30.3168,35.9668,35.9668,0.0,0.0,0,23137.0783,88.2927,52.0531,26.1628,40.6534,2.1016,1.9538,0.0,1,39951.0,2.2,0.0,0.0,0.0,0.0,0.0,0.0,0.0,0.0
5140,2011-09-13,SZSE:000768,0.3279,9.63,9.1975,9.9,9.58,23859.4656,9.9,2.5617,102.4839,57.0836,176.4674,2.1672,29.9088,28.7504,28.7504,0.0,0.0,0,22146.0309,84.5108,49.8235,25.0422,38.9121,2.0116,1.8701,8.3,1,39951.0,2.2,0.0,0.0,0.0,9.4553738317757,9.4553738317757,9.149745586708203,8.3,0.0
5141,2011-09-14,SZSE:000768,0.3279,9.71,9.2739,9.74,9.51,24057.6751,9.63,2.583,103.3353,57.5578,177.9333,2.1852,29.9642,31.7019,31.7019,0.0,0.0,0,22344.2404,85.2672,50.2694,25.2663,39.2604,2.0296,1.8869,4.179,1,39951.0,2.2,0.0,0.0,0.0,9.1974929969104,9.302552626158597,9.082882492276003,4.179,0.0
5142,2011-09-15,SZSE:000768,0.3279,9.72,9.2835,9.78,9.66,24082.4512,9.71,2.5856,103.4417,57.6171,178.1166,2.1875,29.7728,32.0806,32.0806,0.0,0.0,0,22369.0166,85.3617,50.3251,25.2943,39.3039,2.0319,1.889,5.2557,1,39951.0,2.2,0.0,0.0,0.0,9.273949074074075,9.340805555555553,9.226194444444443,5.2557,0.0
5143,2011-09-16,SZSE:000768,0.3761,9.71,9.2739,9.83,9.69,24057.6751,9.78,2.583,103.3353,57.5578,177.9333,2.1852,29.2637,31.8902,31.8902,0.0,0.0,0,22344.2404,85.2672,50.2694,25.2663,39.2604,2.0296,1.8869,4.0586,1,39951.0,2.2,0.0,0.0,0.0,9.340756127703397,9.388510504634395,9.2547982492276,4.0586,0.0
5144,2011-09-19,SZSE:000768,0.3761,9.49,9.0638,9.68,9.49,23512.599,9.65,2.5244,100.994,56.2537,173.9019,2.1357,29.4171,27.9579,27.9579,0.0,0.0,0,21799.1643,83.1871,49.0431,24.6499,38.3026,1.9801,1.8408,3.8581,1,39951.0,2.2,0.0,0.0,0.0,9.216614330874606,9.245267017913594,9.0638,3.8581,0.0
5145,2011-09-20,SZSE:000768,0.3761,9.65,9.2166,9.79,9.44,23909.018,9.52,2.567,102.6967,57.2021,176.8339,2.1717,29.572,34.3027,34.3027,0.0,0.0,0,22195.5833,84.6999,49.9349,25.0982,38.9991,2.0161,1.8743,4.2884,1,39951.0,2.2,0.0,0.0,0.0,9.092438549222797,9.350312331606215,9.016031502590673,4.2884,0.0
5146,2011-09-21,SZSE:000768,0.3761,10.07,9.6177,10.21,9.56,24949.6177,9.64,2.6787,107.1664,59.6918,184.5303,2.2663,30.3057,47.3988,47.3988,0.0,0.0,0,23236.183,88.6709,52.2761,26.2749,40.8276,2.1106,1.9622,10.4768,1,39951.0,2.2,0.0,0.0,0.0,9.2070137040715,9.751411817279047,9.130606951340615,10.4768,0.0
5147,2011-09-22,SZSE:000768,0.3761,9.83,9.3885,10.19,9.82,24354.9893,10.0,2.6149,104.6123,58.2691,180.1323,2.2123,30.6472,42.2197,42.2197,0.0,0.0,0,22641.5546,86.4017,50.9383,25.6025,39.7828,2.0566,1.912,11.2521,1,39951.0,2.2,0.0,0.0,0.0,9.550864699898272,9.73233112919634,9.378949135300102,11.2521,0.0
5148,2011-09-23,SZSE:000768,0.2661,9.75,9.3121,9.82,9.53,24156.7798,9.62,2.5936,103.7609,57.7949,178.6663,2.1942,30.6377,40.6262,40.6262,0.0,0.0,0,22443.3451,85.6454,50.4924,25.3784,39.4345,2.0386,1.8952,5.3596,1,39951.0,2.2,0.0,0.0,0.0,9.187938666666666,9.378956102564102,9.101980820512818,5.3596,0.0
5149,2011-09-26,SZSE:000768,0.2661,9.55,9.1211,9.9,9.5,23661.2561,9.66,2.5404,101.6325,56.6094,175.0014,2.1492,30.5302,36.8787,36.8787,0.0,0.0,0,21947.8214,83.7544,49.3775,24.818,38.5638,1.9936,1.8534,5.0566,1,39951.0,2.2,0.0,0.0,0.0,9.226159790575917,9.45538115183246,9.07334554973822,5.0566,0.0
5150,2011-09-27,SZSE:000768,0.2661,9.61,9.1784,9.69,9.51,23809.9132,9.65,2.5564,102.271,56.965,176.1009,2.1627,29.7539,38.7054,38.7054,0.0,0.0,0,22096.4786,84.3217,49.712,24.9861,38.825,2.0071,1.8659,3.955,1,39951.0,2.2,0.0,0.0,0.0,9.216603537981271,9.254807075962539,9.082891155046825,3.955,0.0
5151,2011-09-28,SZSE:000768,0.2661,9.57,9.1402,9.75,9.54,23710.8085,9.67,2.5457,101.8454,56.7279,175.3679,2.1537,29.7412,37.9175,37.9176,0.0,0.0,0,21997.3738,83.9435,49.489,24.8741,38.6509,1.9981,1.8576,5.554,1,39951.0,2.2,0.0,0.0,0.0,9.235708881922674,9.312115987460814,9.111547335423197,5.554,0.0
5152,2011-09-29,SZSE:000768,0.2661,9.28,8.8632,9.6,9.25,22992.2991,9.6,2.4686,98.7591,55.0089,170.0537,2.0885,29.9515,32.718,32.7181,0.0,0.0,0,21278.8645,81.2016,47.8725,24.0616,37.3884,1.9328,1.7969,5.8901,1,39951.0,2.2,0.0,0.0,0.0,9.168827586206898,9.168827586206898,8.834547413793105,5.8901,0.0
5153,2011-09-30,SZSE:000768,0.1722,8.99,8.5862,9.38,8.86,22273.7898,9.37,2.3914,95.6729,53.2899,164.7395,2.0232,30.4148,28.5081,28.5081,0.0,0.0,0,20560.3551,78.4597,46.2561,23.2491,36.1259,1.8676,1.7362,8.1953,1,39951.0,2.2,0.0,0.0,0.0,8.94913170189099,8.95868253615128,8.462039154616239,8.1953,0.0
5154,2011-10-03,SZSE:000768,0.1722,0.0,8.5862,0.0,0.0,22273.7898,0.0,2.3914,95.6729,53.2899,164.7395,2.0232,30.4148,28.5081,28.5081,0.0,0.0,0,20560.3551,78.4597,46.2561,23.2491,36.1259,1.8676,1.7362,0.0,1,39951.0,2.2,0.0,0.0,0.0,0.0,0.0,0.0,0.0,0.0
5155,2011-10-04,SZSE:000768,0.1722,0.0,8.5862,0.0,0.0,22273.7898,0.0,2.3914,95.6729,53.2899,164.7395,2.0232,30.4148,28.5081,28.5081,0.0,0.0,0,20560.3551,78.4597,46.2561,23.2491,36.1259,1.8676,1.7362,0.0,1,39951.0,2.2,0.0,0.0,0.0,0.0,0.0,0.0,0.0,0.0
5156,2011-10-05,SZSE:000768,0.1722,0.0,8.5862,0.0,0.0,22273.7898,0.0,2.3914,95.6729,53.2899,164.7395,2.0232,30.4148,28.5081,28.5081,0.0,0.0,0,20560.3551,78.4597,46.2561,23.2491,36.1259,1.8676,1.7362,0.0,1,39951.0,2.2,0.0,0.0,0.0,0.0,0.0,0.0,0.0,0.0
5157,2011-10-06,SZSE:000768,0.1722,0.0,8.5862,0.0,0.0,22273.7898,0.0,2.3914,95.6729,53.2899,164.7395,2.0232,30.4148,28.5081,28.5081,0.0,0.0,0,20560.3551,78.4597,46.2561,23.2491,36.1259,1.8676,1.7362,0.0,1,39951.0,2.2,0.0,0.0,0.0,0.0,0.0,0.0,0.0,0.0
5158,2011-10-07,SZSE:000768,0.1655,0.0,8.5862,0.0,0.0,22273.7898,0.0,2.3914,95.6729,53.2899,164.7395,2.0232,30.4148,28.5081,28.5081,0.0,0.0,0,20560.3551,78.4597,46.2561,23.2491,36.1259,1.8676,1.7362,0.0,1,39951.0,2.2,0.0,0.0,0.0,0.0,0.0,0.0,0.0,0.0
5159,2011-10-10,SZSE:000768,0.1655,8.78,8.3857,9.08,8.75,21753.4899,8.99,2.3356,93.4381,52.0451,160.8913,1.9759,29.3965,25.9083,25.9084,0.0,0.0,0,20040.0552,76.4742,45.0855,22.6608,35.2117,1.8203,1.6923,5.2052,1,39951.0,2.2,0.0,0.0,0.0,8.586269134396357,8.672227334851938,8.357047266514806,5.2052,0.0
5160,2011-10-11,SZSE:000768,0.1655,8.79,8.3952,9.04,8.7,21778.2661,8.96,2.3382,93.5445,52.1043,161.0746,1.9782,29.3823,26.2532,26.2532,0.0,0.0,0,20064.8314,76.5688,45.1412,22.6888,35.2553,1.8226,1.6944,4.1895,1,39951.0,2.2,0.0,0.0,0.0,8.557564505119457,8.63397133105802,8.309242320819115,4.1895,0.0
5161,2011-10-12,SZSE:000768,0.1655,0.0,8.3952,0.0,0.0,21778.2661,0.0,2.3382,93.5445,52.1043,161.0746,1.9782,29.3823,26.2532,26.2532,0.0,0.0,0,20064.8314,76.5688,45.1412,22.6888,35.2553,1.8226,1.6944,0.0,1,39951.0,2.2,0.0,0.0,0.0,0.0,0.0,0.0,0.0,0.0
5162,2011-10-13,SZSE:000768,0.1655,9.18,8.7677,9.29,8.98,22744.5373,9.01,2.442,97.6949,54.4161,168.2212,2.066,30.984,38.3132,38.3132,0.0,0.0,0,21031.1026,80.2562,47.3151,23.7814,36.9531,1.9103,1.776,11.4237,1,39951.0,2.2,0.0,0.0,0.0,8.605335185185185,8.872759586056643,8.576682570806101,11.4237,0.0
5163,2011-10-14,SZSE:000768,0.1392,8.96,8.5576,9.23,8.8,22199.4612,9.14,2.3834,95.3536,53.112,164.1898,2.0165,31.2623,34.8509,34.8509,0.0,0.0,0,20486.0266,78.1761,46.0888,23.1651,35.9953,1.8608,1.73,12.9209,1,39951.0,2.2,0.0,0.0,0.0,8.729516071428572,8.815474107142858,8.404785714285715,12.9209,0.0
5164,2011-10-17,SZSE:000768,0.1392,9.37,8.9492,9.44,8.9,23215.2848,8.96,2.4925,99.7169,55.5424,171.7029,2.1087,32.8181,44.8528,44.8528,0.0,0.0,0,21501.8501,82.0526,48.3742,24.3137,37.7802,1.9531,1.8157,16.2602,1,39951.0,2.2,0.0,0.0,0.0,8.55761280683031,9.016056350053361,8.500307363927428,16.2602,0.0
5165,2011-10-18,SZSE:000768,0.1392,9.22,8.8059,9.34,9.07,22843.642,9.25,2.4526,98.1206,54.6532,168.9542,2.075,31.8679,42.2945,42.2945,0.0,0.0,0,21130.2074,80.6343,47.5381,23.8935,37.1272,1.9193,1.7844,9.5215,1,39951.0,2.2,0.0,0.0,0.0,8.834552603036876,8.920510412147504,8.662636984815617,9.5215,0.0
5166,2011-10-19,SZSE:000768,0.1392,9.11,8.7009,9.26,9.09,22571.104,9.2,2.4234,96.95,54.0012,166.9385,2.0502,31.9026,40.4715,40.4715,0.0,0.0,0,20857.6693,79.5943,46.9249,23.5853,36.6483,1.8946,1.7613,10.2599,1,39951.0,2.2,0.0,0.0,0.0,8.786858397365533,8.844163995609222,8.681798133918772,10.2599,0.0
5167,2011-10-20,SZSE:000768,0.1392,8.59,8.2042,9.06,8.45,21282.7424,9.06,2.285,91.416,50.9188,157.4096,1.9332,33.6103,33.1887,33.1887,0.0,0.0,0,19569.3077,74.6778,44.0264,22.1285,34.3846,1.7776,1.6525,11.5648,1,39951.0,2.2,0.0,0.0,0.0,8.653091036088476,8.653091036088476,8.070487776484283,11.5648,0.0
5168,2011-10-21,SZSE:000768,0.1622,8.17,7.8031,8.64,8.15,20242.1427,8.55,2.1733,86.9463,48.4292,149.7132,1.8387,34.7645,28.697,28.697,0.0,0.0,0,18528.708,70.7068,41.6853,20.9518,32.5562,1.683,1.5647,8.6749,1,39951.0,2.2,0.0,0.0,0.0,8.166034883720931,8.251993145654836,7.7839981640146885,8.6749,0.0
5169,2011-10-24,SZSE:000768,0.1622,8.25,7.8795,8.28,7.96,20440.3521,8.27,2.1946,87.7977,48.9034,151.1792,1.8567,34.9195,30.623,30.623,0.0,0.0,0,18726.9175,71.4632,42.1312,21.1759,32.9045,1.701,1.5814,7.4853,1,39951.0,2.2,0.0,0.0,0.0,7.8986018181818185,7.908152727272728,7.602523636363636,7.4853,0.0
5170,2011-10-25,SZSE:000768,0.1622,8.43,8.0514,8.48,8.19,20886.3235,8.23,2.2375,99.4866,49.9704,200.2566,1.9039,35.3543,34.8849,34.8849,0.0,0.0,0,20872.4799,84.5475,48.6656,23.6021,36.6744,1.9047,1.7626,8.1307,1,39951.0,2.2,0.0,0.0,0.0,7.860382206405694,8.099154448398577,7.822178647686832,8.1307,0.0
5171,2011-10-26,SZSE:000768,0.1622,8.48,8.0992,8.6,8.31,21010.2044,8.35,2.2508,100.0767,48.0998,201.4443,1.9152,34.9353,36.06,36.0599,0.0,0.0,0,20996.3609,85.0493,48.9545,23.1361,35.6711,1.916,1.722,8.9073,1,39951.0,2.2,0.0,0.0,0.0,7.975037735849055,8.213811320754717,7.936833962264151,8.9073,0.0
5172,2011-10-27,SZSE:000768,0.1622,8.54,8.1565,8.69,8.46,21158.8615,8.47,2.2667,100.7848,48.4402,202.8696,1.9287,34.9131,37.5171,37.5171,0.0,0.0,0,21145.018,85.6514,49.3011,23.2999,35.9237,1.9296,1.7342,7.7692,1,39951.0,2.2,0.0,0.0,0.0,8.089643442622952,8.29976405152225,8.080092505854802,7.7692,0.0
5173,2011-10-28,SZSE:000768,0.2692,8.78,8.3857,8.86,8.55,21753.4899,8.64,2.3304,103.6172,49.8015,208.5709,1.9829,35.0428,43.1025,43.1025,0.0,0.0,0,21739.6464,88.0601,50.6875,23.9551,36.9339,1.9839,1.783,9.371,1,39951.0,2.2,0.0,0.0,0.0,8.251987243735764,8.462107289293849,8.166029043280183,9.371,0.0
5174,2011-10-31,SZSE:000768,0.2692,0.0,8.3857,0.0,0.0,21753.4899,0.0,2.3304,103.6172,49.8015,208.5709,1.9829,35.0428,43.1025,43.1025,0.0,0.0,0,21739.6464,88.0601,50.6875,23.9551,36.9339,1.9839,1.783,0.0,1,39951.0,2.2,0.0,0.0,0.0,0.0,0.0,0.0,0.0,0.0
5175,2011-11-01,SZSE:000768,0.2692,8.74,8.3475,8.92,8.67,21654.3852,8.81,2.3198,103.1451,49.5746,207.6207,1.9739,34.4862,42.4218,42.4218,0.0,0.0,0,21640.5417,87.6586,50.4564,23.8459,36.7655,1.9748,1.7748,9.6155,1,39951.0,2.2,0.0,0.0,0.0,8.414356407322655,8.519416475972541,8.280643592677345,9.6155,0.0
5176,2011-11-02,SZSE:000768,0.2692,8.85,8.4525,8.88,8.48,21926.9232,8.67,2.349,104.4433,50.1985,210.2338,1.9988,34.551,44.9943,44.9943,0.0,0.0,0,21913.0797,88.7626,51.0919,24.1463,37.2285,1.9997,1.7972,13.7349,1,39951.0,2.2,0.0,0.0,0.0,8.280584745762713,8.481152542372884,8.099118644067799,13.7349,0.0
5177,2011-11-03,SZSE:000768,0.2692,9.0,8.5958,9.09,8.84,22298.566,8.85,2.3888,106.2135,51.0494,213.7970,2.0326,34.668,48.3809,48.3809,0.0,0.0,0,22284.7224,90.268,51.9584,24.5558,37.8599,2.0336,1.8277,13.7262,1,39951.0,2.2,0.0,0.0,0.0,8.452536666666667,8.681758,8.442985777777778,13.7262,0.0
5178,2011-11-04,SZSE:000768,0.1496,9.29,8.8728,9.33,8.96,23017.0753,9.08,2.4657,109.6359,52.6943,220.6861,2.0981,34.8167,54.2462,54.2462,0.0,0.0,0,23003.2318,93.1784,53.6336,25.3475,39.0806,2.0992,1.8866,17.0329,1,39951.0,2.2,0.0,0.0,0.0,8.672230785791173,8.9110036598493,8.557619806243274,17.0329,0.0
5179,2011-11-07,SZSE:000768,0.1496,9.35,8.9301,9.44,9.13,23165.7324,9.21,2.4817,110.344,53.0346,222.1114,2.1117,34.8325,55.376,55.376,0.0,0.0,0,23151.8889,93.7806,53.9802,25.5113,39.3332,2.1127,1.8988,11.9343,1,39951.0,2.2,0.0,0.0,0.0,8.796387272727273,9.016058181818181,8.71998,11.9343,0.0
5180,2011-11-08,SZSE:000768,0.1496,9.34,8.9205,9.38,9.21,23140.9562,9.34,2.479,110.226,52.9779,221.8738,2.1094,32.6948,55.1316,55.1316,0.0,0.0,0,23127.1127,93.6802,53.9225,25.484,39.2911,2.1105,1.8968,8.9433,1,39951.0,2.2,0.0,0.0,0.0,8.9205,8.958703426124197,8.796338865096361,8.9433,0.0
5181,2011-11-09,SZSE:000768,0.1496,9.42,8.9969,9.53,9.25,23339.1657,9.34,2.5003,111.1701,53.4317,223.7742,2.1275,32.7011,56.7748,56.7748,0.0,0.0,0,23325.3222,94.4831,54.3846,25.7024,39.6278,2.1286,1.913,26.0526,1,39951.0,2.2,0.0,0.0,0.0,8.920493205944798,9.101959341825902,8.834535562632697,26.0526,0.0
5182,2011-11-10,SZSE:000768,0.1496,9.1,8.6913,9.43,9.1,22546.3278,9.28,2.4153,107.3936,51.6166,216.1726,2.0552,33.3604,49.0386,49.0387,0.0,0.0,0,22532.4843,91.2716,52.536,24.8288,38.2808,2.0562,1.848,12.2856,1,39951.0,2.2,0.0,0.0,0.0,8.863215824175823,9.006479010989011,8.6913,12.2856,0.0
5183,2011-11-11,SZSE:000768,0.083,9.19,8.7773,9.22,9.04,22769.3135,9.15,2.4392,108.4558,52.1271,218.3105,2.0755,33.3193,51.0585,51.0585,0.0,0.0,0,22755.4699,92.1748,53.0559,25.0745,38.6597,2.0766,1.8663,8.1203,1,39951.0,2.2,0.0,0.0,0.0,8.739096300326443,8.80595277475517,8.634036126224157,8.1203,0.0
5184,2011-11-14,SZSE:000768,0.083,9.95,9.5031,9.98,9.19,24652.3035,9.22,2.6409,117.4249,56.4379,236.3645,2.2472,37.4366,64.0254,64.0254,0.0,0.0,0,24638.46,99.8022,57.4463,27.1494,41.8587,2.2484,2.0207,33.9888,1,39951.0,2.2,0.0,0.0,0.0,8.805887638190956,9.531752562814072,8.777235075376884,33.9888,0.0
5185,2011-11-15,SZSE:000768,0.083,9.7,9.2644,9.98,9.6,24032.8989,9.85,2.5746,114.4745,55.0199,230.4257,2.1907,37.726,58.5317,58.5317,0.0,0.0,0,24019.0554,97.2932,56.0021,26.4668,40.8064,2.1919,1.9699,40.9303,1,39951.0,2.2,0.0,0.0,0.0,9.407663917525772,9.531825979381445,9.168890721649484,40.9303,0.0
5186,2011-11-16,SZSE:000768,0.083,9.3,8.8823,9.68,9.27,23041.8515,9.68,2.4684,109.7539,52.751,220.9236,2.1004,38.5861,50.9926,50.9926,0.0,0.0,0,23028.008,93.2788,53.6914,25.3748,39.1227,2.1014,1.8886,18.6664,1,39951.0,2.2,0.0,0.0,0.0,9.245232688172043,9.245232688172043,8.853647419354838,18.6664,0.0
5187,2011-11-17,SZSE:000768,0.083,9.42,8.9969,9.6,9.26,23339.1657,9.42,2.5003,111.1701,53.4317,223.7742,2.1275,38.7142,52.9505,52.9505,0.0,0.0,0,23325.3222,94.4831,54.3846,25.7024,39.6278,2.1286,1.913,14.0173,1,39951.0,2.2,0.0,0.0,0.0,8.9969,9.168815286624204,8.844086411889597,14.0173,0.0
5188,2011-11-18,SZSE:000768,0.0834,9.17,8.7582,9.48,9.13,22719.7611,9.4,2.4339,108.2197,52.0136,217.8354,2.071,38.8438,48.5948,48.5948,0.0,0.0,0,22705.9176,91.9741,52.9404,25.0199,38.5755,2.072,1.8622,12.9651,1,39951.0,2.2,0.0,0.0,0.0,8.977871319520176,9.054278735005454,8.719996292257362,12.9651,0.0
5189,2011-11-21,SZSE:000768,0.0834,9.25,8.8346,9.26,9.08,22917.9706,9.18,2.4551,109.1639,52.4674,219.7358,2.0891,38.8881,50.0119,50.0119,0.0,0.0,0,22904.1271,92.777,53.4025,25.2383,38.9122,2.0901,1.8785,5.4339,1,39951.0,2.2,0.0,0.0,0.0,8.767743567567567,8.844150918918919,8.672234378378379,5.4339,0.0
5190,2011-11-22,SZSE:000768,0.0834,9.12,8.7104,9.24,9.01,22595.8802,9.15,2.4206,107.6297,51.73,216.6477,2.0597,38.9229,47.7102,47.7102,0.0,0.0,0,22582.0367,91.4723,52.6516,24.8834,38.365,2.0607,1.8521,5.0401,1,39951.0,2.2,0.0,0.0,0.0,8.739052631578948,8.82501052631579,8.605340350877194,5.0401,0.0
5191,2011-11-23,SZSE:000768,0.0834,9.14,8.7295,9.22,9.04,22645.4325,9.12,2.4259,107.8657,51.8435,217.1228,2.0642,38.8881,48.1059,48.1059,0.0,0.0,0,22631.589,91.673,52.7671,24.938,38.4492,2.0652,1.8561,11.1981,1,39951.0,2.2,0.0,0.0,0.0,8.710398249452952,8.805907002188185,8.633991247264769,11.1981,0.0
5192,2011-11-24,SZSE:000768,0.0834,8.87,8.4716,9.06,8.77,21976.4756,9.06,2.3543,104.6793,50.312,210.7089,2.0033,39.2802,43.3381,43.3381,0.0,0.0,0,21962.632,88.9633,51.2074,24.2009,37.3127,2.0042,1.8013,8.2593,1,39951.0,2.2,0.0,0.0,0.0,8.653066065388954,8.653066065388954,8.376091544532132,8.2593,0.0
5193,2011-11-25,SZSE:000768,0.1191,8.66,8.2711,8.94,8.64,21456.1757,8.87,2.2985,102.201,49.1208,205.7203,1.9558,39.4115,40.0161,40.0161,0.0,0.0,0,21442.3322,86.8558,49.9943,23.6275,36.4288,1.9567,1.7586,4.8905,1,39951.0,2.2,0.0,0.0,0.0,8.471669399538106,8.53852586605081,8.251998152424942,4.8905,0.0
5194,2011-11-28,SZSE:000768,0.1191,8.7,8.3093,8.83,8.61,21555.2804,8.68,2.3091,102.673,49.3477,206.6705,1.9649,39.4478,40.9447,40.9447,0.0,0.0,0,21541.4369,87.2572,50.2253,23.7367,36.5971,1.9658,1.7667,4.3651,1,39951.0,2.2,0.0,0.0,0.0,8.290198160919541,8.433461954022988,8.223341724137931,4.3651,0.0
5195,2011-11-29,SZSE:000768,0.1191,9.03,8.6244,9.12,8.72,22372.8945,8.76,2.3967,106.5675,51.2195,214.5097,2.0394,40.1483,48.0849,48.0849,0.0,0.0,0,22359.051,90.5691,52.1317,24.6377,37.9862,2.0404,1.8338,9.899,1,39951.0,2.2,0.0,0.0,0.0,8.36652757475083,8.710357475083056,8.328324252491695,9.899,0.0
5196,2011-11-30,SZSE:000768,0.1191,8.71,8.3188,9.13,8.7,21580.0566,9.0,2.3118,102.7911,49.4044,206.9080,1.9671,40.6653,42.6942,42.6942,0.0,0.0,0,21566.2131,87.3576,50.2831,23.764,36.6392,1.968,1.7687,12.053,1,39951.0,2.2,0.0,0.0,0.0,8.595774971297358,8.719936165327208,8.309249138920778,12.053,0.0
5197,2011-12-01,SZSE:000768,0.1191,8.89,8.4907,9.1,8.81,22026.0279,9.01,2.3596,104.9153,50.4254,211.1840,2.0078,41.2693,46.3384,46.3384,0.0,0.0,0,22012.1844,89.164,51.3229,24.2555,37.3969,2.0087,1.8053,7.5416,1,39951.0,2.2,0.0,0.0,0.0,8.605310123734531,8.691267716535434,8.414293250843645,7.5416,0.0
5198,2011-12-02,SZSE:000768,0.1177,8.54,8.1565,8.98,8.52,21158.8615,8.85,2.2667,100.7848,48.4402,202.8696,1.9287,41.995,40.893,40.893,0.0,0.0,0,21145.018,85.6514,49.3011,23.2999,35.9237,1.9296,1.7342,6.7389,1,39951.0,2.2,0.0,0.0,0.0,8.452579039812647,8.576741217798595,8.1373981264637,6.7389,0.0
5199,2011-12-05,SZSE:000768,0.1177,8.28,7.9081,8.59,8.26,20514.6807,8.59,2.1977,97.7164,47.7784,196.6933,1.87,42.3302,37.3789,37.3789,0.0,0.0,0,20500.8372,83.0421,47.7991,22.5901,34.8292,1.8708,1.6042,5.4551,1,39951.0,2.2,0.0,0.0,0.0,8.20417620772947,8.20417620772947,7.888998309178745,5.4551,0.0
5200,2011-12-06,SZSE:000768,0.1177,8.31,7.9368,8.35,8.15,20589.0092,8.3,2.2056,98.0705,47.9515,197.4059,1.8768,42.3492,38.0405,38.0405,0.0,0.0,0,20575.1657,83.3432,47.9724,22.672,34.9555,1.8776,1.61,4.9736,1,39951.0,2.2,0.0,0.0,0.0,7.927249097472925,7.975003610108303,7.783985559566787,4.9736,0.0
5201,2011-12-07,SZSE:000768,0.1177,8.33,7.9559,8.44,8.26,20638.5616,8.32,2.2109,98.3065,48.0669,197.8810,1.8813,42.15,38.507,38.507,0.0,0.0,0,20624.7181,83.5439,48.0879,22.7266,35.0397,1.8821,1.6139,4.2698,1,39951.0,2.2,0.0,0.0,0.0,7.946349099639855,8.060959903961583,7.889043697478991,4.2698,0.0
5202,2011-12-08,SZSE:000768,0.1177,8.31,7.9368,8.42,8.17,20589.0092,8.35,2.2056,98.0705,47.9515,197.4059,1.8768,42.1105,38.1973,38.1973,0.0,0.0,0,20575.1657,83.3432,47.9724,22.672,34.9555,1.8776,1.61,4.3778,1,39951.0,2.2,0.0,0.0,0.0,7.975003610108303,8.041859927797834,7.803087364620938,4.3778,0.0
5203,2011-12-09,SZSE:000768,0.1211,8.33,7.9559,8.41,8.2,20638.5616,8.26,2.2109,98.3065,48.0669,197.8810,1.8813,42.0599,38.7279,38.7279,0.0,0.0,0,20624.7181,83.5439,48.0879,22.7266,35.0397,1.8821,1.6139,3.0587,1,39951.0,2.2,0.0,0.0,0.0,7.889043697478991,8.032307202881153,7.831738295318126,3.0587,0.0
5204,2011-12-12,SZSE:000768,0.1211,8.31,7.9368,8.4,8.29,20589.0092,8.39,2.2056,98.0705,47.9515,197.4059,1.8768,41.6899,38.3731,38.3731,0.0,0.0,0,20575.1657,83.3432,47.9724,22.672,34.9555,1.8776,1.61,2.9396,1,39951.0,2.2,0.0,0.0,0.0,8.013207220216607,8.022758122743681,7.917698194945847,2.9396,0.0
5205,2011-12-13,SZSE:000768,0.1211,8.08,7.7171,8.3,8.08,20019.157,8.28,2.1446,95.3561,46.6244,191.9422,1.8248,41.2725,34.4627,34.4626,0.0,0.0,0,20005.3135,81.0349,46.6438,22.0441,33.9874,1.8256,1.5654,4.7416,1,39951.0,2.2,0.0,0.0,0.0,7.908117326732674,7.9272190594059415,7.7171,4.7416,0.0
5206,2011-12-14,SZSE:000768,0.1211,7.99,7.6312,8.2,7.96,19796.1713,8.1,2.1207,94.294,46.105,189.8043,1.8045,41.2361,33.0436,33.0436,0.0,0.0,0,19782.3278,80.1316,46.1239,21.7984,33.6086,1.8052,1.548,3.2381,1,39951.0,2.2,0.0,0.0,0.0,7.736260325406757,7.831769712140174,7.602547183979975,3.2381,0.0
5207,2011-12-15,SZSE:000768,0.1211,7.6,7.2587,8.01,7.57,18829.9001,8.0,2.0172,89.6914,43.8546,180.5397,1.7164,42.3461,27.7176,27.7176,0.0,0.0,0,18816.0566,76.2176,43.8709,20.7336,31.9669,1.7171,1.4724,5.6378,1,39951.0,2.2,0.0,0.0,0.0,7.640736842105263,7.650287763157896,7.230047236842106,5.6378,0.0
5208,2011-12-16,SZSE:000768,0.1449,7.71,7.3637,7.72,7.3,19102.4382,7.6,2.0464,90.9896,44.4893,183.1528,1.7413,42.5184,31.0913,31.0913,0.0,0.0,0,19088.5947,77.3216,44.5064,21.0339,32.43,1.7419,1.4937,7.0084,1,39951.0,2.2,0.0,0.0,0.0,7.258640726329442,7.373250843060959,6.972115434500648,7.0084,0.0
5209,2011-12-19,SZSE:000768,0.1449,7.85,7.4974,7.93,7.38,19449.3048,7.68,2.0835,92.6418,45.2972,186.4785,1.7729,42.5674,35.2345,35.2345,0.0,0.0,0,19435.4612,78.7266,45.3151,21.4161,33.0193,1.7736,1.5208,9.3497,1,39951.0,2.2,0.0,0.0,0.0,7.3350359235668785,7.573806624203821,7.0485110828025475,9.3497,0.0
5210,2011-12-20,SZSE:000768,0.1449,7.68,7.3351,7.88,7.66,19028.1096,7.88,2.0384,90.6355,44.3162,182.4401,1.7345,42.5263,32.6661,32.6661,0.0,0.0,0,19014.2661,77.0205,44.3331,20.952,32.3037,1.7352,1.4879,5.7949,1,39951.0,2.2,0.0,0.0,0.0,7.526118229166667,7.526118229166667,7.315998177083333,5.7949,0.0
5211,2011-12-21,SZSE:000768,0.1449,7.43,7.0963,7.79,7.41,18408.705,7.78,1.9721,87.6851,42.8736,176.5013,1.678,41.7911,29.2853,29.2853,0.0,0.0,0,18394.8615,74.5115,42.8889,20.2695,31.2514,1.6786,1.4394,4.4483,1,39951.0,2.2,0.0,0.0,0.0,7.430580619111709,7.440131493943474,7.077198250336474,4.4483,0.0
5212,2011-12-22,SZSE:000768,0.1449,7.37,7.039,7.47,7.08,18260.0479,7.39,1.9561,86.9771,42.5274,175.0760,1.6645,41.6061,28.5223,28.5223,0.0,0.0,0,18246.2044,73.9093,42.5423,20.1057,30.9988,1.6651,1.4278,5.7968,1,39951.0,2.2,0.0,0.0,0.0,7.058101763907733,7.134508819538669,6.762024423337856,5.7968,0.0
5213,2011-12-23,SZSE:000768,0.1289,7.38,7.0486,7.52,7.32,18284.8241,7.35,1.9588,87.0951,42.5851,175.3136,1.6668,41.6203,28.855,28.855,0.0,0.0,0,18270.9806,74.0097,42.6,20.133,31.0409,1.6673,1.4297,3.4804,1,39951.0,2.2,0.0,0.0,0.0,7.019947154471544,7.182313279132791,6.991294308943091,3.4804,0.0
5214,2011-12-26,SZSE:000768,0.1289,7.34,7.0104,7.45,7.26,18185.7194,7.38,1.9482,86.623,42.3543,174.3634,1.6577,41.4843,28.2878,28.2878,0.0,0.0,0,18171.8758,73.6082,42.369,20.0238,30.8725,1.6583,1.422,2.5522,1,39951.0,2.2,0.0,0.0,0.0,7.048603814713897,7.115460490463215,6.933992370572207,2.5522,0.0
5215,2011-12-27,SZSE:000768,0.1289,7.26,6.9339,7.44,7.25,17987.5099,7.37,1.9269,85.6789,41.8927,172.4629,1.6397,41.4416,27.1389,27.1389,0.0,0.0,0,17973.6664,72.8054,41.9068,19.8054,30.5358,1.6402,1.4064,2.5163,1,39951.0,2.2,0.0,0.0,0.0,7.038959090909091,7.105814876033059,6.924349173553719,2.5163,0.0
5216,2011-12-28,SZSE:000768,0.1289,0.0,6.9339,0.0,0.0,17987.5099,0.0,1.9269,85.6789,41.8927,172.4629,1.6397,41.4416,27.1389,27.1389,0.0,0.0,0,17973.6664,72.8054,41.9068,19.8054,30.5358,1.6402,1.4064,0.0,1,39951.0,2.2,0.0,0.0,0.0,0.0,0.0,0.0,0.0,0.0
5217,2011-12-29,SZSE:000768,0.1289,0.0,6.9339,0.0,0.0,17987.5099,0.0,1.9269,85.6789,41.8927,172.4629,1.6397,41.4416,27.1389,27.1389,0.0,0.0,0,17973.6664,72.8054,41.9068,19.8054,30.5358,1.6402,1.4064,0.0,1,39951.0,2.2,0.0,0.0,0.0,0.0,0.0,0.0,0.0,0.0
5218,2011-12-30,SZSE:000768,0.1358,0.0,6.9339,0.0,0.0,17987.5099,0.0,1.9269,85.6789,41.8927,172.4629,1.6397,41.4416,27.1389,27.1389,0.0,0.0,0,17973.6664,72.8054,41.9068,19.8054,30.5358,1.6402,1.4064,0.0,1,39951.0,2.2,0.0,0.0,0.0,0.0,0.0,0.0,0.0,0.0
5219,2012-01-02,SZSE:000768,0.1358,0.0,6.9339,0.0,0.0,17987.5099,0.0,1.9269,85.6789,41.8927,172.4629,1.6397,41.4416,27.1389,27.1389,0.0,0.0,0,17973.6664,72.8054,41.9068,19.8054,30.5358,1.6402,1.4064,0.0,1,39951.0,2.2,0.0,0.0,0.0,0.0,0.0,0.0,0.0,0.0
5220,2012-01-03,SZSE:000768,0.1358,0.0,6.9339,0.0,0.0,17987.5099,0.0,1.9269,85.6789,41.8927,172.4629,1.6397,41.4416,27.1389,27.1389,0.0,0.0,0,17973.6664,72.8054,41.9068,19.8054,30.5358,1.6402,1.4064,0.0,1,39951.0,2.2,0.0,0.0,0.0,0.0,0.0,0.0,0.0,0.0
5221,2012-01-04,SZSE:000768,0.1358,7.67,7.3255,7.99,7.5,19003.3334,7.61,2.0358,90.5175,44.2585,182.2026,1.7323,43.2268,40.481,40.481,0.0,0.0,0,18989.4899,76.9201,44.2753,20.9247,32.2616,1.7329,1.4859,22.4033,1,39951.0,2.2,0.0,0.0,0.0,7.268194915254238,7.631127118644067,7.163135593220339,22.4033,0.0
5222,2012-01-05,SZSE:000768,0.1358,7.72,7.3733,7.94,7.41,19127.2144,7.55,2.049,91.1076,45.0671,183.3904,1.7435,42.8836,41.8788,41.8788,0.0,0.0,0,19113.3708,77.4219,44.5641,21.0612,31.9941,1.7442,1.4956,18.8845,1,39951.0,2.2,0.0,0.0,0.0,7.210934585492229,7.583419948186529,7.07722189119171,18.8845,0.0
5223,2012-01-06,SZSE:000768,0.1361,7.22,6.8957,7.77,7.09,17888.4051,7.6,1.9163,85.2068,42.1483,171.5127,1.6306,44.5517,33.4253,33.4253,0.0,0.0,0,17874.5616,72.4039,41.6758,19.6962,29.9205,1.6311,1.3987,26.0851,1,39951.0,2.2,0.0,0.0,0.0,7.258631578947368,7.420995706371191,6.7715391966759,26.0851,0.0
5224,2012-01-09,SZSE:000768,0.1361,7.38,7.0486,7.41,6.94,18284.8241,7.24,1.9588,87.0951,43.0823,175.3136,1.6668,44.4822,37.7552,37.7552,0.0,0.0,0,18270.9806,74.0097,42.6,20.133,30.584,1.6673,1.4297,12.9598,1,39951.0,2.2,0.0,0.0,0.0,6.91488672086721,7.077252845528457,6.628358265582657,12.9598,0.0
5225,2012-01-10,SZSE:000768,0.1361,7.67,7.3255,7.75,7.32,19003.3334,7.4,2.0358,90.5175,44.7753,182.2026,1.7323,45.0972,44.7671,44.7671,0.0,0.0,0,18989.4899,76.9201,44.2753,20.9247,31.7868,1.7329,1.4859,23.5106,1,39951.0,2.2,0.0,0.0,0.0,7.067627118644068,7.401906779661017,6.991220338983051,23.5106,0.0
5226,2012-01-11,SZSE:000768,0.1361,7.65,7.3064,7.83,7.6,18953.7811,7.67,2.0305,90.2815,44.6585,181.7275,1.7277,45.0909,44.3956,44.3956,0.0,0.0,0,18939.9376,76.7194,44.1598,20.8701,31.7038,1.7284,1.4821,13.0348,1,39951.0,2.2,0.0,0.0,0.0,7.325501699346405,7.478315294117646,7.258645751633987,13.0348,0.0
5227,2012-01-12,SZSE:000768,0.1361,7.62,7.2778,7.74,7.56,18879.4525,7.61,2.0225,89.9274,44.4834,181.0148,1.721,44.7083,43.8085,43.8085,0.0,0.0,0,18865.609,76.4183,43.9865,20.7882,31.5794,1.7216,1.4762,9.1688,1,39951.0,2.2,0.0,0.0,0.0,7.26824908136483,7.3924110236220475,7.220494488188976,9.1688,0.0
5228,2012-01-13,SZSE:000768,0.1525,7.33,7.0008,7.69,7.29,18160.9432,7.66,1.9455,86.505,42.7904,174.1258,1.6555,44.2877,38.5067,38.5067,0.0,0.0,0,18147.0997,73.5079,42.3112,19.9965,30.3767,1.656,1.42,9.0201,1,39951.0,2.2,0.0,0.0,0.0,7.315979263301501,7.344631923601637,6.962596452933151,9.0201,0.0
5229,2012-01-16,SZSE:000768,0.1525,7.05,6.7334,7.32,7.05,17467.21,7.28,1.8712,83.2006,60.0,167.4743,1.5922,44.6767,34.2027,34.2028,0.0,0.0,0,17453.3665,70.6978,40.6937,25.9038,44.0596,1.5927,1.6418,6.2664,1,39951.0,2.2,0.0,0.0,6.0,6.953071205673759,6.991274893617022,6.7334,6.2664,0.0
5230,2012-01-17,SZSE:000768,0.1525,7.48,7.1441,7.69,7.01,18532.5859,7.09,1.9853,88.2752,63.6596,177.6891,1.6893,45.4356,44.468,44.468,0.0,0.0,0,18518.7424,75.0133,43.1777,27.485,46.7491,1.6899,1.742,9.4772,1,39951.0,2.2,0.0,0.0,6.0,6.771613502673796,7.3446696524064174,6.69520601604278,9.4772,0.0
5231,2012-01-18,SZSE:000768,0.1525,7.49,7.1536,7.78,7.42,18557.3621,7.49,1.988,88.3932,63.7447,177.9266,1.6916,45.3739,44.6841,44.6841,0.0,0.0,0,18543.5186,75.1136,43.2355,27.5218,46.8116,1.6922,1.7444,13.6309,1,39951.0,2.2,0.0,0.0,6.0,7.1536,7.430575166889185,7.086743925233645,13.6309,0.0
5232,2012-01-19,SZSE:000768,0.1525,7.58,7.2396,7.63,7.38,18780.3478,7.38,2.0119,89.4554,64.5106,180.0646,1.7119,45.4467,46.695,46.695,0.0,0.0,0,18766.5043,76.0169,43.7554,27.8527,47.3745,1.7125,1.7653,10.0535,1,39951.0,2.2,0.0,0.0,6.0,7.048581530343008,7.287354617414248,7.048581530343008,10.0535,0.0
5233,2012-01-20,SZSE:000768,0.1606,7.64,7.2969,7.7,7.56,18929.0049,7.61,2.0278,90.1635,65.0213,181.4899,1.7255,43.9984,48.0508,48.0508,0.0,0.0,0,18915.1614,76.619,44.102,28.0734,47.7498,1.7261,1.7793,6.8764,1,39951.0,2.2,0.0,0.0,6.0,7.268247251308901,7.354205497382199,7.220492670157068,6.8764,0.0
5234,2012-01-23,SZSE:000768,0.1606,0.0,7.2969,0.0,0.0,18929.0049,0.0,2.0278,90.1635,65.0213,181.4899,1.7255,43.9984,48.0508,48.0508,0.0,0.0,0,18915.1614,76.619,44.102,28.0734,47.7498,1.7261,1.7793,0.0,1,39951.0,2.2,0.0,0.0,6.0,0.0,0.0,0.0,0.0,0.0
5235,2012-01-24,SZSE:000768,0.1606,0.0,7.2969,0.0,0.0,18929.0049,0.0,2.0278,90.1635,65.0213,181.4899,1.7255,43.9984,48.0508,48.0508,0.0,0.0,0,18915.1614,76.619,44.102,28.0734,47.7498,1.7261,1.7793,0.0,1,39951.0,2.2,0.0,0.0,6.0,0.0,0.0,0.0,0.0,0.0
5236,2012-01-25,SZSE:000768,0.1606,0.0,7.2969,0.0,0.0,18929.0049,0.0,2.0278,90.1635,65.0213,181.4899,1.7255,43.9984,48.0508,48.0508,0.0,0.0,0,18915.1614,76.619,44.102,28.0734,47.7498,1.7261,1.7793,0.0,1,39951.0,2.2,0.0,0.0,6.0,0.0,0.0,0.0,0.0,0.0
5237,2012-01-26,SZSE:000768,0.1606,0.0,7.2969,0.0,0.0,18929.0049,0.0,2.0278,90.1635,65.0213,181.4899,1.7255,43.9984,48.0508,48.0508,0.0,0.0,0,18915.1614,76.619,44.102,28.0734,47.7498,1.7261,1.7793,0.0,1,39951.0,2.2,0.0,0.0,6.0,0.0,0.0,0.0,0.0,0.0
5238,2012-01-27,SZSE:000768,0.1678,0.0,7.2969,0.0,0.0,18929.0049,0.0,2.0278,90.1635,65.0213,181.4899,1.7255,43.9984,48.0508,48.0508,0.0,0.0,0,18915.1614,76.619,44.102,28.0734,47.7498,1.7261,1.7793,0.0,1,39951.0,2.2,0.0,0.0,6.0,0.0,0.0,0.0,0.0,0.0
5239,2012-01-30,SZSE:000768,0.1678,7.55,7.2109,7.68,7.51,18706.0192,7.66,2.0039,89.1013,64.2553,179.3520,1.7051,43.9446,46.1544,46.1545,0.0,0.0,0,18692.1757,75.7158,43.5821,27.7424,47.1869,1.7058,1.7583,5.2931,1,39951.0,2.2,0.0,0.0,6.0,7.315959470198676,7.335061192052979,7.172696556291391,5.2931,0.0
5240,2012-01-31,SZSE:000768,0.1678,7.71,7.3637,7.78,7.51,19102.4382,7.55,2.0464,90.9896,65.617,183.1528,1.7413,43.8307,49.9371,49.9371,0.0,0.0,0,19088.5947,77.3216,44.5064,28.3308,48.1876,1.7419,1.7956,7.0408,1,39951.0,2.2,0.0,0.0,6.0,7.2108865110246425,7.430555901426718,7.172683138780804,7.0408,0.0
5241,2012-02-01,SZSE:000768,0.1678,7.57,7.23,7.75,7.53,18755.5716,7.69,2.0092,89.3374,64.4255,179.8271,1.7097,43.9588,46.8367,46.8366,0.0,0.0,0,18741.7281,75.9165,43.6976,27.816,47.312,1.7103,1.763,5.6531,1,39951.0,2.2,0.0,0.0,6.0,7.344610303830913,7.4019154557463676,7.191796565389697,5.6531,0.0
5242,2012-02-02,SZSE:000768,0.1678,7.73,7.3828,7.8,7.56,19151.9905,7.6,2.0517,91.2256,65.7872,183.6279,1.7458,44.1264,50.6108,50.6108,0.0,0.0,0,19138.147,77.5223,44.6219,28.4043,48.3127,1.7465,1.8003,8.1477,1,39951.0,2.2,0.0,0.0,6.0,7.258639068564035,7.449655886157825,7.220435705045277,8.1477,0.0
5243,2012-02-03,SZSE:000768,0.18,7.86,7.507,7.95,7.66,19474.0809,7.74,2.0862,92.7598,66.8936,186.7161,1.7752,44.1233,53.4993,53.4993,0.0,0.0,0,19460.2374,78.827,45.3729,28.8823,49.1258,1.7758,1.8306,11.149,1,39951.0,2.2,0.0,0.0,6.0,7.392389312977099,7.592958015267175,7.315982188295165,11.149,0.0
5244,2012-02-06,SZSE:000768,0.18,7.81,7.4592,7.9,7.75,19350.2,7.87,2.0729,92.1697,66.4681,185.5283,1.7639,43.5145,52.2339,52.2339,0.0,0.0,0,19336.3565,78.3252,45.084,28.6985,48.8131,1.7645,1.8189,7.8252,1,39951.0,2.2,0.0,0.0,6.0,7.516504993597953,7.545157490396928,7.401895006402049,7.8252,0.0
5245,2012-02-07,SZSE:000768,0.18,7.69,7.3446,7.79,7.6,19052.8858,7.75,2.0411,90.7535,65.4468,182.6777,1.7368,43.5414,49.2248,49.2248,0.0,0.0,0,19039.0423,77.1208,44.3908,28.2572,48.0625,1.7374,1.791,6.0847,1,39951.0,2.2,0.0,0.0,6.0,7.401905071521456,7.44010845253576,7.258642392717814,6.0847,0.0
5246,2012-02-08,SZSE:000768,0.18,7.84,7.4879,7.88,7.63,19424.5286,7.66,2.0809,92.5238,66.7234,186.2410,1.7706,43.8055,52.879,52.879,0.0,0.0,0,19410.6851,78.6262,45.2573,28.8088,49.0007,1.7713,1.8259,8.3951,1,39951.0,2.2,0.0,0.0,6.0,7.315983928571429,7.526103571428571,7.287331249999999,8.3951,0.0
5247,2012-02-09,SZSE:000768,0.18,7.87,7.5165,7.99,7.76,19498.8571,7.8,2.0889,92.8778,66.9787,186.9536,1.7774,43.7596,53.5983,53.5983,0.0,0.0,0,19485.0136,78.9273,45.4306,28.9191,49.1883,1.7781,1.8329,12.7588,1,39951.0,2.2,0.0,0.0,6.0,7.449644218551461,7.631109911054637,7.411440914866581,12.7588,0.0
5248,2012-02-10,SZSE:000768,0.2063,7.87,7.5165,7.96,7.83,19498.8571,7.84,2.0889,92.8778,66.9787,186.9536,1.7774,43.241,53.5983,53.5983,0.0,0.0,0,19485.0136,78.9273,45.4306,28.9191,49.1883,1.7781,1.8329,7.3827,1,39951.0,2.2,0.0,0.0,6.0,7.48784752223634,7.602457433290978,7.4782966963151205,7.3827,0.0
5249,2012-02-13,SZSE:000768,0.2063,7.95,7.593,8.04,7.75,19697.0666,7.79,2.1101,93.8219,67.6596,188.8541,1.7955,43.2441,55.6901,55.6901,0.0,0.0,0,19683.2231,79.7302,45.8928,29.2133,49.6887,1.7962,1.8516,10.1481,1,39951.0,2.2,0.0,0.0,6.0,7.440184905660377,7.678958490566036,7.401981132075472,10.1481,0.0
5250,2012-02-14,SZSE:000768,0.2063,7.93,7.5739,7.97,7.84,19647.5142,7.96,2.1048,93.5859,67.4894,188.3789,1.791,39.4795,55.0223,55.0223,0.0,0.0,0,19633.6707,79.5295,45.7773,29.1397,49.5636,1.7917,1.8469,7.5017,1,39951.0,2.2,0.0,0.0,6.0,7.602552837326609,7.612103783102143,7.4879414880201765,7.5017,0.0
5251,2012-02-15,SZSE:000768,0.2063,8.04,7.6789,8.08,7.83,19920.0523,7.92,2.134,94.8841,68.4255,190.9920,1.8158,39.383,58.005,58.005,0.0,0.0,0,19906.2087,80.6334,46.4127,29.5442,50.2516,1.8165,1.8726,12.1804,1,39951.0,2.2,0.0,0.0,6.0,7.564289552238806,7.717103482587065,7.478331716417911,12.1804,0.0
5252,2012-02-16,SZSE:000768,0.2063,8.1,7.7362,8.25,7.96,20068.7094,8.0,2.1499,95.5921,68.9362,192.4173,1.8294,38.5497,59.5795,59.5795,0.0,0.0,0,20054.8658,81.2356,46.7593,29.7649,50.6269,1.8301,1.8865,17.4426,1,39951.0,2.2,0.0,0.0,6.0,7.640691358024692,7.879462962962964,7.602487901234568,17.4426,0.0
5253,2012-02-17,SZSE:000768,0.2005,8.07,7.7076,8.2,7.97,19994.3808,8.11,2.1419,95.2381,68.6809,191.7047,1.8226,38.409,58.4005,58.4005,0.0,0.0,0,19980.5373,80.9345,46.586,29.6546,50.4392,1.8233,1.8795,8.4183,1,39951.0,2.2,0.0,0.0,6.0,7.745803717472119,7.831762081784386,7.6120907063197025,8.4183,0.0
5254,2012-02-20,SZSE:000768,0.2005,8.06,7.698,8.22,8.06,19969.6046,8.16,2.1393,95.1201,68.5957,191.4671,1.8203,38.058,57.9885,57.9885,0.0,0.0,0,19955.7611,80.8342,46.5282,29.6178,50.3767,1.8211,1.8772,7.8464,1,39951.0,2.2,0.0,0.0,6.0,7.793508684863524,7.850813895781638,7.698,7.8464,0.0
5255,2012-02-21,SZSE:000768,0.2005,8.31,7.9368,8.31,7.95,20589.0092,8.08,2.2056,98.0705,70.7234,197.4059,1.8768,38.6209,64.6936,64.6936,0.0,0.0,0,20575.1657,83.3432,47.9724,30.5371,51.9403,1.8776,1.9355,12.1276,1,39951.0,2.2,0.0,0.0,6.0,7.717129241877255,7.9368,7.59296750902527,12.1276,0.0
5256,2012-02-22,SZSE:000768,0.2005,8.37,7.9941,8.4,8.2,20737.6663,8.26,2.2216,98.7785,71.234,198.8312,1.8903,38.5766,66.0923,66.0923,0.0,0.0,0,20723.8228,83.9453,48.319,30.7577,52.3156,1.8912,1.9495,11.898,1,39951.0,2.2,0.0,0.0,6.0,7.889040143369177,8.022752688172044,7.83173476702509,11.898,0.0
5257,2012-02-23,SZSE:000768,0.2005,8.57,8.1851,8.66,8.33,21233.19,8.33,2.2746,101.1388,72.9362,203.5823,1.9355,38.934,70.314,70.314,0.0,0.0,0,21219.3465,85.9525,49.4744,31.4932,53.5665,1.9364,1.9961,18.9657,1,39951.0,2.2,0.0,0.0,6.0,7.9558789964994165,8.27105787631272,7.9558789964994165,18.9657,0.0
5258,2012-02-24,SZSE:000768,0.2232,9.33,8.911,9.39,8.53,23116.1801,8.57,2.4764,110.108,79.4043,221.6363,2.1072,42.4789,80.3341,80.3341,0.0,0.0,0,23102.3365,93.5799,53.8647,34.2878,58.32,2.1082,2.1732,42.906,1,39951.0,2.2,0.0,0.0,6.0,8.185130760986066,8.968305466237943,8.146927116827438,42.906,0.0
5259,2012-02-27,SZSE:000768,0.2232,9.44,9.016,9.87,9.16,23388.7181,9.25,2.5056,111.4062,80.3404,224.2493,2.132,42.1974,81.3171,81.3171,0.0,0.0,0,23374.8746,94.6839,54.5001,34.6923,59.008,2.1331,2.1988,40.2718,1,39951.0,2.2,0.0,0.0,6.0,8.834533898305084,9.426686440677967,8.748576271186442,40.2718,0.0
5260,2012-02-28,SZSE:000768,0.2232,9.13,8.72,9.55,9.11,22620.6564,9.28,2.4233,107.7477,77.7021,216.8852,2.062,42.8315,70.6064,70.6064,0.0,0.0,0,22606.8128,91.5727,52.7093,33.5524,57.0691,2.063,2.1266,53.7362,1,39951.0,2.2,0.0,0.0,6.0,8.863263964950711,9.121139101861996,8.70089813800657,53.7362,0.0
5261,2012-02-29,SZSE:000768,0.2232,8.84,8.443,9.19,8.82,21902.147,9.11,2.3463,104.3253,75.234,209.9962,1.9965,42.6655,62.3349,62.3349,0.0,0.0,0,21888.3035,88.6622,51.0341,32.486,55.2552,1.9974,2.059,29.1494,1,39951.0,2.2,0.0,0.0,6.0,8.700874434389139,8.777281674208144,8.423898190045248,29.1494,0.0
5262,2012-03-01,SZSE:000768,0.2232,8.88,8.4812,9.03,8.81,22001.2518,8.81,2.3569,104.7973,75.5745,210.9464,2.0055,42.1405,62.9792,62.9791,0.0,0.0,0,21987.4082,89.0637,51.2652,32.6331,55.5054,2.0065,2.0683,13.9891,1,39951.0,2.2,0.0,0.0,6.0,8.414343693693692,8.624463513513511,8.414343693693692,13.9891,0.0
5263,2012-03-02,SZSE:000768,0.2227,9.31,8.8919,9.37,8.88,23066.6277,8.88,2.4711,109.872,79.234,221.1612,2.1026,42.4061,69.0981,69.0981,0.0,0.0,0,23052.7842,93.3792,53.7492,34.2143,58.1949,2.1037,2.1685,20.6636,1,39951.0,2.2,0.0,0.0,6.0,8.481210741138561,8.949205477980664,8.481210741138561,20.6636,0.0
5264,2012-03-05,SZSE:000768,0.2227,9.13,8.72,9.6,9.1,22620.6564,9.41,2.4233,107.7477,77.7021,216.8852,2.062,42.0709,64.3066,64.3065,0.0,0.0,0,22606.8128,91.5727,52.7093,33.5524,57.0691,2.063,2.1266,30.4693,1,39951.0,2.2,0.0,0.0,6.0,8.987426067907995,9.168893756845563,8.691347207009857,30.4693,0.0
5265,2012-03-06,SZSE:000768,0.2227,9.14,8.7295,9.27,8.92,22645.4325,9.1,2.4259,107.8657,77.7872,217.1228,2.0642,42.0694,64.454,64.454,0.0,0.0,0,22631.589,91.673,52.7671,33.5892,57.1316,2.0652,2.1289,15.0112,1,39951.0,2.2,0.0,0.0,6.0,8.691296498905906,8.853661378555797,8.519380743982493,15.0112,0.0
5266,2012-03-07,SZSE:000768,0.2227,9.0,8.5958,9.26,8.98,22298.566,9.01,2.3888,106.2135,76.5957,213.7970,2.0326,42.2275,60.6745,60.6745,0.0,0.0,0,22284.7224,90.268,51.9584,33.0744,56.256,2.0336,2.0963,17.3401,1,39951.0,2.2,0.0,0.0,6.0,8.60535088888889,8.844123111111113,8.576698222222223,17.3401,0.0
5267,2012-03-08,SZSE:000768,0.2227,9.05,8.6436,9.19,8.99,22422.4469,9.05,2.402,106.8036,77.0213,214.9848,2.0439,42.2291,61.5419,61.5419,0.0,0.0,0,22408.6034,90.7698,52.2472,33.2582,56.5687,2.0449,2.1079,13.4471,1,39951.0,2.2,0.0,0.0,6.0,8.6436,8.777313149171269,8.586294364640883,13.4471,0.0
5268,2012-03-09,SZSE:000768,0.2234,9.05,8.6436,9.14,8.91,22422.4469,9.1,2.402,106.8036,77.0213,214.9848,2.0439,42.2291,61.5419,61.5419,0.0,0.0,0,22408.6034,90.7698,52.2472,33.2582,56.5687,2.0449,2.1079,12.4591,1,39951.0,2.2,0.0,0.0,6.0,8.691354696132596,8.729558453038672,8.509886850828728,12.4591,0.0
5269,2012-03-12,SZSE:000768,0.2234,9.12,8.7104,9.16,9.04,22595.8802,9.08,2.4206,107.6297,77.617,216.6477,2.0597,42.2417,62.8715,62.8715,0.0,0.0,0,22582.0367,91.4723,52.6516,33.5156,57.0065,2.0607,2.1243,11.8164,1,39951.0,2.2,0.0,0.0,6.0,8.672196491228071,8.74860350877193,8.63399298245614,11.8164,0.0
5270,2012-03-13,SZSE:000768,0.2234,9.16,8.7486,9.16,9.07,22694.9849,9.11,2.4312,108.1017,77.9575,217.5979,2.0688,41.7468,63.645,63.645,0.0,0.0,0,22681.1414,91.8738,52.8826,33.6627,57.2567,2.0698,2.1336,9.626,1,39951.0,2.2,0.0,0.0,6.0,8.700845633187772,8.7486,8.662642139737992,9.626,0.0
5271,2012-03-14,SZSE:000768,0.2234,8.8,8.4048,9.33,8.7,21803.0423,9.21,2.3357,103.8532,74.8936,209.0460,1.9875,42.6228,52.9528,52.9528,0.0,0.0,0,21789.1988,88.2608,50.803,32.3389,55.0051,1.9884,2.0497,24.1524,1,39951.0,2.2,0.0,0.0,6.0,8.796387272727273,8.910998181818181,8.309290909090906,24.1524,0.0
5272,2012-03-15,SZSE:000768,0.2234,8.44,8.0609,8.85,8.39,20911.0996,8.69,2.2401,99.6047,71.8298,200.4941,1.9062,42.1927,44.8403,44.8403,0.0,0.0,0,20897.2561,84.6478,48.7234,31.0151,52.7534,1.907,1.9658,18.1808,1,39951.0,2.2,0.0,0.0,6.0,8.299670734597157,8.452484004739338,8.01314585308057,18.1808,0.0
5273,2012-03-16,SZSE:000768,0.2165,8.61,8.2233,8.61,8.31,21332.2948,8.47,2.2853,101.6109,73.2766,204.5325,1.9445,42.2844,48.8272,48.8272,0.0,0.0,0,21318.4513,86.354,49.7054,31.6403,53.8167,1.9454,2.0054,13.4647,1,39951.0,2.2,0.0,0.0,6.0,8.08958780487805,8.2233,7.936773867595821,13.4647,0.0
5274,2012-03-19,SZSE:000768,0.2165,8.74,8.3475,8.88,8.66,21654.3852,8.87,2.3018,218.5,74.383,NM,2.4427,42.237,51.7021,51.7021,0.0,0.0,0,19318.515,155.9379,58.7214,28.7859,48.1029,2.1792,1.7619,11.3877,1,39951.0,2.2,0.0,0.0,6.0,8.4716618993135,8.481212814645309,8.271092677345537,11.3877,0.0
5275,2012-03-20,SZSE:000768,0.2165,8.53,8.1469,8.69,8.48,21134.0853,8.69,2.2465,213.25,60.9286,NM,2.384,42.3034,47.099,47.099,0.0,0.0,0,18798.2151,151.738,57.1399,25.1339,40.2437,2.1205,1.5909,11.085,1,39951.0,2.2,2.0604,0.0,6.0,8.29971406799531,8.29971406799531,8.099145603751467,11.085,0.0
5276,2012-03-21,SZSE:000768,0.2165,8.49,8.1087,8.61,8.41,21034.9806,8.54,2.236,212.25,60.6429,NM,2.3728,41.644,46.2542,46.2542,0.0,0.0,0,18699.1104,150.9381,56.8386,25.0014,40.0316,2.1093,1.5825,7.2628,1,39951.0,2.2,2.0507,0.0,6.0,8.15645441696113,8.223310600706714,8.032292932862191,7.2628,0.0
5277,2012-03-22,SZSE:000768,0.2165,8.51,8.1278,8.69,8.49,21084.5329,8.5,2.2413,212.75,60.7857,NM,2.3784,41.5808,46.7683,46.7683,0.0,0.0,0,18748.6628,151.3381,56.9893,25.0676,40.1377,2.1149,1.5867,10.0408,1,39951.0,2.2,2.0556,0.0,6.0,8.118249118683902,8.299715863689778,8.108698237367804,10.0408,0.0
5278,2012-03-23,SZSE:000768,0.2,8.44,8.0609,8.65,8.41,20911.0996,8.5,2.2228,211.0,60.2857,NM,2.3588,41.6456,45.1409,45.1409,0.0,0.0,0,18575.2295,149.9381,56.4621,24.8357,39.7664,2.0953,1.5721,9.4056,1,39951.0,2.2,2.0387,0.0,6.0,8.118204976303318,8.261467417061613,8.032247511848341,9.4056,0.0
5279,2012-03-26,SZSE:000768,0.2,8.44,8.0609,8.55,8.39,20911.0996,8.49,2.2228,211.0,60.2857,NM,2.3588,41.614,45.1409,45.1409,0.0,0.0,0,18575.2295,149.9381,56.4621,24.8357,39.7664,2.0953,1.5721,6.3241,1,39951.0,2.2,2.0387,0.0,6.0,8.10865414691943,8.16595912322275,8.01314585308057,6.3241,0.0
5280,2012-03-27,SZSE:000768,0.2,8.51,8.1278,8.64,8.41,21084.5329,8.5,2.2413,212.75,60.7857,NM,2.3784,41.527,47.269,47.269,0.0,0.0,0,18748.6628,151.3381,56.9893,25.0676,40.1377,2.1149,1.5867,10.8342,1,39951.0,2.2,2.0556,0.0,6.0,8.118249118683902,8.251961457109285,8.032291186839014,10.8342,0.0
5281,2012-03-28,SZSE:000768,0.2,8.03,7.6694,8.52,8.03,19895.2761,8.48,2.1148,200.75,57.3571,NM,2.2442,43.1161,36.7432,36.7432,0.0,0.0,0,17559.4059,141.7385,53.3743,23.4775,37.5917,1.9807,1.4861,9.8116,1,39951.0,2.2,1.9396,0.0,6.0,8.099192029887922,8.137395765877958,7.6694,9.8116,0.0
5282,2012-03-29,SZSE:000768,0.2,7.53,7.1918,8.06,7.4,18656.4669,8.02,1.9832,188.25,53.7857,NM,2.1045,44.9154,29.3993,29.3993,0.0,0.0,0,16320.5967,131.7389,49.6088,21.8212,34.9396,1.841,1.3813,14.2764,1,39951.0,2.2,1.8188,0.0,6.0,7.659792297476759,7.697995750332004,7.067638778220451,14.2764,0.0
5283,2012-03-30,SZSE:000768,0.2285,7.7,7.3542,7.85,7.49,19077.662,7.58,2.0279,192.5,55.0,NM,2.152,44.7462,34.2138,34.2138,0.0,0.0,0,16741.7918,135.1387,50.8891,22.3844,35.8413,1.8885,1.4169,17.424,1,39951.0,2.2,1.8599,0.0,6.0,7.2395890909090905,7.497463636363635,7.153630909090909,17.424,0.0
5284,2012-04-02,SZSE:000768,0.2285,0.0,7.3542,0.0,0.0,19077.662,0.0,2.0279,192.5,55.0,NM,2.152,44.7462,34.2138,34.2138,0.0,0.0,0,16741.7918,135.1387,50.8891,22.3844,35.8413,1.8885,1.4169,0.0,1,39951.0,2.2,1.8599,0.0,6.0,0.0,0.0,0.0,0.0,0.0
5285,2012-04-03,SZSE:000768,0.2285,0.0,7.3542,0.0,0.0,19077.662,0.0,2.0279,192.5,55.0,NM,2.152,44.7462,34.2138,34.2138,0.0,0.0,0,16741.7918,135.1387,50.8891,22.3844,35.8413,1.8885,1.4169,0.0,1,39951.0,2.2,1.8599,0.0,6.0,0.0,0.0,0.0,0.0,0.0
5286,2012-04-04,SZSE:000768,0.2285,0.0,7.3542,0.0,0.0,19077.662,0.0,2.0279,192.5,55.0,NM,2.152,44.7462,34.2138,34.2138,0.0,0.0,0,16741.7918,135.1387,50.8891,22.3844,35.8413,1.8885,1.4169,0.0,1,39951.0,2.2,1.8599,0.0,6.0,0.0,0.0,0.0,0.0,0.0
5287,2012-04-05,SZSE:000768,0.2285,7.82,7.4688,7.84,7.6,19374.9762,7.68,2.0595,195.5,55.8571,NM,2.1855,43.7549,37.456,37.456,0.0,0.0,0,17039.106,137.5386,51.7928,22.7819,36.4778,1.9221,1.4421,12.4127,1,39951.0,2.2,1.8889,0.0,6.0,7.3350874680306895,7.487901790281329,7.2586803069053705,12.4127,0.0
5288,2012-04-06,SZSE:000768,0.2232,7.8,7.4497,7.83,7.63,19325.4238,7.82,2.0543,195.0,55.7143,NM,2.18,41.3531,37.1276,37.1276,0.0,0.0,0,16989.5537,137.1386,51.6422,22.7156,36.3717,1.9165,1.4379,10.9918,1,39951.0,2.2,1.8841,0.0,6.0,7.468801794871795,7.478352692307692,7.287334743589743,10.9918,0.0
5289,2012-04-09,SZSE:000768,0.2232,7.94,7.5834,8.09,7.71,19672.2904,7.8,2.0911,198.5,56.7143,NM,2.2191,41.2709,41.0258,41.0257,0.0,0.0,0,17336.4203,139.9385,52.6965,30.6749,53.1583,1.9556,1.6822,14.4881,1,39951.0,2.2,0.0,0.0,6.0,7.449687657430729,7.726663224181361,7.3637297229219145,14.4881,0.0
5290,2012-04-10,SZSE:000768,0.2232,8.1,7.7362,8.24,7.72,20068.7094,7.9,2.1333,202.5,57.8571,NM,2.2638,40.7017,45.207,45.207,0.0,0.0,0,17732.8392,143.1384,53.9015,31.3763,54.3739,2.0003,1.7207,9.3553,1,39951.0,2.2,0.0,0.0,6.0,7.545182716049384,7.8699120987654325,7.373267160493827,9.3553,0.0
5291,2012-04-11,SZSE:000768,0.2232,8.48,8.0992,8.59,7.93,21010.2044,7.93,2.2334,212.0,60.5714,NM,2.37,41.7626,53.6178,53.6178,0.0,0.0,0,18674.3342,150.7381,56.7633,33.0422,57.2608,2.1065,1.8121,19.0513,1,39951.0,2.2,0.0,0.0,6.0,7.573898113207547,8.20426037735849,7.573898113207547,19.0513,0.0
5292,2012-04-12,SZSE:000768,0.2232,8.93,8.5289,8.97,8.38,22125.1327,8.45,2.3519,223.25,63.7857,NM,2.4958,43.0275,61.2112,61.2112,0.0,0.0,0,19789.2625,159.7377,60.1523,35.0149,60.6794,2.2323,1.9202,30.5773,1,39951.0,2.2,0.0,0.0,6.0,8.070459686450167,8.567103359462488,8.00360380739082,30.5773,0.0
5293,2012-04-13,SZSE:000768,0.205,8.53,8.1469,8.99,8.49,21134.0853,8.99,2.2465,213.25,60.9286,NM,2.384,43.3548,52.9181,52.9181,0.0,0.0,0,18798.2151,151.738,57.1399,33.2614,57.6406,2.1205,1.8241,43.3968,1,39951.0,2.2,0.0,0.0,6.0,8.586240445486519,8.586240445486519,8.108696483001173,43.3968,0.0
5294,2012-04-16,SZSE:000768,0.205,8.5,8.1183,8.66,8.39,21059.7567,8.4,2.2386,212.5,60.7143,NM,2.3756,42.4631,52.3452,52.3452,0.0,0.0,0,18723.8866,151.1381,56.9139,33.1298,57.4127,2.1121,1.8169,13.8944,1,39951.0,2.2,0.0,0.0,6.0,8.022790588235294,8.27111505882353,8.013239647058825,13.8944,0.0
5295,2012-04-17,SZSE:000768,0.205,8.41,8.0323,8.52,8.36,20836.7711,8.51,2.2149,210.25,60.0714,NM,2.3504,40.8456,50.5765,50.5765,0.0,0.0,0,18500.9009,149.3381,56.2361,32.7353,56.729,2.0869,1.7952,7.8613,1,39951.0,2.2,0.0,0.0,6.0,8.127808917954814,8.137359809750297,7.984545541022591,7.8613,0.0
5296,2012-04-18,SZSE:000768,0.205,8.54,8.1565,8.67,8.44,21158.8615,8.47,2.2492,213.5,61.0,NM,2.3868,40.9388,53.0446,53.0446,0.0,0.0,0,18822.9913,151.938,57.2152,33.3052,57.7166,2.1233,1.8265,19.4288,1,39951.0,2.2,0.0,0.0,6.0,8.089643442622952,8.280662177985949,8.0609906323185,19.4288,0.0
5297,2012-04-19,SZSE:000768,0.205,8.49,8.1087,8.72,8.48,21034.9806,8.5,2.236,212.25,60.6429,NM,2.3728,40.9215,51.9696,51.9696,0.0,0.0,0,18699.1104,150.9381,56.8386,33.086,57.3367,2.1093,1.8145,14.7747,1,39951.0,2.2,0.0,0.0,6.0,8.118250883392227,8.328370318021202,8.099149116607775,14.7747,0.0
5298,2012-04-20,SZSE:000768,0.2046,8.66,8.2711,8.66,8.45,21456.1757,8.45,2.2808,216.5,61.8571,NM,2.4203,41.0748,55.2873,55.2873,0.0,0.0,0,19120.3055,154.3379,58.1189,33.8313,58.6282,2.1568,1.8553,14.359,1,39951.0,2.2,0.0,0.0,6.0,8.070530600461893,8.2711,8.070530600461893,14.359,0.0
5299,2012-04-23,SZSE:000768,0.2046,8.89,8.4907,9.13,8.66,22026.0279,8.66,2.3413,222.25,63.5,NM,2.4846,41.0179,59.3759,59.3759,0.0,0.0,0,19690.1578,158.9378,59.8511,34.8395,60.3756,2.2211,1.9106,24.8807,1,39951.0,2.2,0.0,0.0,6.0,8.271030596175478,8.719920247469068,8.271030596175478,24.8807,0.0
5300,2012-04-24,SZSE:000768,0.2046,8.62,8.2329,8.82,8.35,21357.071,8.78,2.2702,215.5,61.5714,NM,2.4091,41.2408,53.2233,53.2233,0.0,0.0,0,19021.2008,153.538,57.8177,33.6559,58.3243,2.1456,1.8457,18.792,1,39951.0,2.2,0.0,0.0,6.0,8.385714849187936,8.42391856148492,7.97502494199536,18.792,0.0
5301,2012-04-25,SZSE:000768,0.2046,8.51,8.1278,8.61,8.3,21084.5329,8.55,2.2413,212.75,60.7857,NM,2.3784,41.0037,50.9088,50.9088,0.0,0.0,0,18748.6628,151.3381,56.9893,33.1737,57.4887,2.1149,1.8193,10.6577,1,39951.0,2.2,0.0,0.0,6.0,8.166003525264395,8.223308813160987,7.927231492361928,10.6577,0.0
5302,2012-04-26,SZSE:000768,0.2046,0.0,8.1278,0.0,0.0,21084.5329,0.0,2.239,161.376,60.7857,NM,2.1949,41.0037,50.9088,50.9088,0.0,0.0,0,20256.7256,137.3876,56.9146,35.842,62.1128,2.1012,1.9656,0.0,1,39951.0,2.2,0.0,0.0,6.0,0.0,0.0,0.0,0.0,0.0
5303,2012-04-27,SZSE:000768,0.2052,8.5,8.1183,8.75,8.48,21059.7567,8.48,2.2364,161.1863,64.1509,NM,2.1924,40.6637,50.6929,50.6929,0.0,0.0,0,20231.9494,137.2195,56.845,34.9883,60.3327,2.0986,1.9123,9.8999,1,39951.0,2.2,0.0,0.0,6.0,8.09919811764706,8.357073529411764,8.09919811764706,9.8999,0.0
5304,2012-04-30,SZSE:000768,0.2052,0.0,8.1183,0.0,0.0,21059.7567,0.0,2.2364,161.1863,64.1509,NM,2.1924,40.6637,50.6929,50.6929,0.0,0.0,0,20231.9494,137.2195,56.845,34.9883,60.3327,2.0986,1.9123,0.0,1,39951.0,2.2,0.0,0.0,6.0,0.0,0.0,0.0,0.0,0.0
5305,2012-05-01,SZSE:000768,0.2052,0.0,8.1183,0.0,0.0,21059.7567,0.0,2.2364,161.1863,64.1509,NM,2.1924,40.6637,50.6929,50.6929,0.0,0.0,0,20231.9494,137.2195,56.845,34.9883,60.3327,2.0986,1.9123,0.0,1,39951.0,2.2,0.0,0.0,6.0,0.0,0.0,0.0,0.0,0.0
5306,2012-05-02,SZSE:000768,0.2052,8.64,8.252,8.7,8.48,21406.6233,8.6,2.2733,163.8412,65.2076,NM,2.2285,41.1317,53.6552,53.6551,0.0,0.0,0,20578.816,139.5721,57.8196,35.5881,61.367,2.1346,1.9451,13.1727,1,39951.0,2.2,0.0,0.0,6.0,8.213796296296296,8.309305555555554,8.099185185185187,13.1727,0.0
5307,2012-05-03,SZSE:000768,0.2052,8.68,8.2902,8.74,8.59,21505.7281,8.64,2.2838,164.5997,65.5094,NM,2.2388,41.0179,54.4963,54.4963,0.0,0.0,0,20677.9208,140.2442,58.098,35.7595,61.6626,2.1449,1.9545,8.9094,1,39951.0,2.2,0.0,0.0,6.0,8.251996313364057,8.347505529953917,8.204241705069125,8.9094,0.0
5308,2012-05-04,SZSE:000768,0.2208,8.74,8.3475,8.79,8.66,21654.3852,8.67,2.2996,165.7375,65.9623,NM,2.2543,40.6764,55.7924,55.7924,0.0,0.0,0,20826.5779,141.2525,58.5157,36.0166,62.1059,2.1603,1.9685,10.7558,1,39951.0,2.2,0.0,0.0,6.0,8.280643592677345,8.395254576659038,8.271092677345537,10.7558,0.0
5309,2012-05-07,SZSE:000768,0.2208,8.9,8.5003,8.94,8.68,22050.8041,8.68,2.3417,168.7716,67.1698,NM,2.2955,40.9626,59.1351,59.1351,0.0,0.0,0,21222.9968,143.9411,59.6295,36.7021,63.288,2.2014,2.006,17.5828,1,39951.0,2.2,0.0,0.0,6.0,8.2901802247191,8.538503595505617,8.2901802247191,17.5828,0.0
5310,2012-05-08,SZSE:000768,0.2208,8.9,8.5003,9.13,8.85,22050.8041,9.0,2.3417,168.7716,67.1698,NM,2.2955,40.8108,59.1351,59.1351,0.0,0.0,0,21222.9968,143.9411,59.6295,36.7021,63.288,2.2014,2.006,19.0216,1,39951.0,2.2,0.0,0.0,6.0,8.595808988764045,8.719970674157304,8.452545505617977,19.0216,0.0
5311,2012-05-09,SZSE:000768,0.2208,9.01,8.6053,9.12,8.9,22323.3421,8.91,2.3706,170.8575,68.0,NM,2.3239,40.8645,61.4588,61.4588,0.0,0.0,0,21495.5348,145.7896,60.3953,37.1734,64.1007,2.2297,2.0318,24.6084,1,39951.0,2.2,0.0,0.0,6.0,8.50979167591565,8.710359156492785,8.500240843507214,24.6084,0.0
5312,2012-05-10,SZSE:000768,0.2208,8.81,8.4143,9.1,8.8,21827.8185,9.05,2.318,167.0649,66.4906,NM,2.2723,41.1839,55.3016,55.3016,0.0,0.0,0,21000.0112,142.4288,59.003,36.3165,62.623,2.1783,1.9849,13.5151,1,39951.0,2.2,0.0,0.0,6.0,8.643520431328037,8.69127468785471,8.404749148694666,13.5151,0.0
5313,2012-05-11,SZSE:000768,0.2126,8.58,8.1947,8.81,8.57,21257.9662,8.8,2.2575,162.7034,64.7547,NM,2.213,41.244,49.1975,49.1975,0.0,0.0,0,20430.1589,138.5638,57.4019,35.331,60.9237,2.1192,1.9311,10.8267,1,39951.0,2.2,0.0,0.0,6.0,8.404820512820512,8.414371445221446,8.185149067599067,10.8267,0.0
5314,2012-05-14,SZSE:000768,0.2126,0.0,8.1947,0.0,0.0,21257.9662,0.0,2.2575,162.7034,64.7547,NM,2.213,41.244,49.1975,49.1975,0.0,0.0,0,20430.1589,138.5638,57.4019,35.331,60.9237,2.1192,1.9311,0.0,1,39951.0,2.2,0.0,0.0,6.0,0.0,0.0,0.0,0.0,0.0
5315,2012-05-15,SZSE:000768,0.2126,8.47,8.0896,8.52,8.33,20985.4282,8.39,2.2285,160.6174,63.9245,NM,2.1846,41.946,46.5511,46.5511,0.0,0.0,0,20157.6209,136.7154,56.6362,34.8597,60.111,2.0909,1.9053,8.6141,1,39951.0,2.2,0.0,0.0,6.0,8.013192916174736,8.13735442739079,7.9558876033057855,8.6141,0.0
5316,2012-05-16,SZSE:000768,0.2126,8.21,7.8413,8.45,8.2,20341.2474,8.45,2.1601,155.687,61.9623,NM,2.1176,42.4552,40.9447,40.9447,0.0,0.0,0,19513.4401,132.3464,54.8262,33.7457,58.19,2.0241,1.8444,8.9128,1,39951.0,2.2,0.0,0.0,6.0,8.070521924482337,8.070521924482337,7.831749086479902,8.9128,0.0
5317,2012-05-17,SZSE:000768,0.2126,8.3,7.9272,8.35,8.15,20564.2331,8.21,2.1838,157.3937,62.6415,NM,2.1408,42.5042,43.4821,43.4821,0.0,0.0,0,19736.4258,133.8587,55.4528,34.1313,58.855,2.0472,1.8655,6.0924,1,39951.0,2.2,0.0,0.0,6.0,7.8412424096385545,7.974954216867468,7.783937349397591,6.0924,0.0
5318,2012-05-18,SZSE:000768,0.2309,8.26,7.889,8.32,8.22,20465.1283,8.25,2.1733,156.6352,62.3396,NM,2.1304,42.1437,42.6059,42.6059,0.0,0.0,0,19637.321,133.1866,55.1743,33.9599,58.5594,2.0369,1.8561,5.7589,1,39951.0,2.2,0.0,0.0,6.0,7.879449152542373,7.946305084745764,7.850796610169493,5.7589,0.0
5319,2012-05-21,SZSE:000768,0.2309,8.41,8.0323,8.44,8.26,20836.7711,8.29,2.2127,159.4797,63.4717,NM,2.1691,42.2006,46.9251,46.9251,0.0,0.0,0,20008.9638,135.7072,56.2185,34.6026,59.6677,2.0755,1.8912,6.2738,1,39951.0,2.2,0.0,0.0,6.0,7.917689298454219,8.060952675386444,7.889036623067775,6.2738,0.0
5320,2012-05-22,SZSE:000768,0.2309,8.45,8.0705,8.49,8.35,20935.8758,8.42,2.2233,160.2382,63.7736,NM,2.1795,42.1864,48.0479,48.0479,0.0,0.0,0,20108.0685,136.3793,56.4969,34.774,59.9632,2.0858,1.9006,5.0463,1,39951.0,2.2,0.0,0.0,6.0,8.041847337278107,8.108703550295857,7.974991124260354,5.0463,0.0
5321,2012-05-23,SZSE:000768,0.2309,8.39,8.0132,8.51,8.35,20787.2187,8.41,2.2075,159.1004,63.3208,NM,2.164,41.9128,46.4602,46.4602,0.0,0.0,0,19959.4114,135.3711,56.0793,34.5169,59.5199,2.0703,1.8866,5.2464,1,39951.0,2.2,0.0,0.0,6.0,8.03230178784267,8.12781072705602,7.974996424314659,5.2464,0.0
5322,2012-05-24,SZSE:000768,0.2309,8.42,8.0418,8.48,8.36,20861.5473,8.37,2.2154,159.6693,63.5472,NM,2.1717,37.7766,47.3962,47.3962,0.0,0.0,0,20033.74,135.8752,56.2881,34.6455,59.7416,2.0781,1.8936,4.4572,1,39951.0,2.2,0.0,0.0,6.0,7.994045843230403,8.099104988123516,7.984495011876485,4.4572,0.0
5323,2012-05-25,SZSE:000768,0.2325,8.47,8.0896,8.56,8.41,20985.4282,8.41,2.2285,160.6174,63.9245,NM,2.1846,37.4777,48.9965,48.9965,0.0,0.0,0,20157.6209,136.7154,56.6362,34.8597,60.111,2.0909,1.9053,7.5412,1,39951.0,2.2,0.0,0.0,6.0,8.032294687131051,8.175557969303425,8.032294687131051,7.5412,0.0
5324,2012-05-28,SZSE:000768,0.2325,8.42,8.0418,8.57,8.22,20861.5473,8.4,2.2154,159.6693,63.5472,NM,2.1717,37.1141,47.4422,47.4422,0.0,0.0,0,20033.74,135.8752,56.2881,34.6455,59.7416,2.0781,1.8936,8.8232,1,39951.0,2.2,0.0,0.0,6.0,8.022698337292162,8.185062470308788,7.850783372921616,8.8232,0.0
5325,2012-05-29,SZSE:000768,0.2325,8.57,8.1851,8.59,8.42,21233.19,8.42,2.2548,162.5138,64.6793,NM,2.2104,36.7314,52.3281,52.3281,0.0,0.0,0,20405.3827,138.3958,57.3323,35.2882,60.8498,2.1166,1.9287,10.4163,1,39951.0,2.2,0.0,0.0,6.0,8.041836872812135,8.204201750291716,8.041836872812135,10.4163,0.0
5326,2012-05-30,SZSE:000768,0.2325,8.48,8.0992,8.64,8.47,21010.2044,8.63,2.2312,160.8071,64.0,NM,2.1872,36.4674,49.3629,49.3629,0.0,0.0,0,20182.3971,136.8834,56.7058,34.9026,60.1849,2.0935,1.9076,6.3362,1,39951.0,2.2,0.0,0.0,6.0,8.242464150943396,8.252015094339622,8.089649056603774,6.3362,0.0
5327,2012-05-31,SZSE:000768,0.2325,8.43,8.0514,8.54,8.42,20886.3235,8.49,2.218,159.8589,63.6226,NM,2.1743,36.167,47.7443,47.7443,0.0,0.0,0,20058.5162,136.0432,56.3577,34.6883,59.8155,2.0806,1.8959,4.9047,1,39951.0,2.2,0.0,0.0,6.0,8.108705338078291,8.156459786476866,8.041849110320284,4.9047,0.0
5328,2012-06-01,SZSE:000768,0.2316,8.39,8.0132,8.52,8.37,20787.2187,8.44,2.2075,159.1004,63.3208,NM,2.164,36.1591,46.4326,46.4326,0.0,0.0,0,19959.4114,135.3711,56.0793,34.5169,59.5199,2.0703,1.8866,4.5218,1,39951.0,2.2,0.0,0.0,6.0,8.060954469606672,8.137361620977352,7.994098212157328,4.5218,0.0
5329,2012-06-04,SZSE:000768,0.2316,8.01,7.6503,8.28,8.01,19845.7237,8.27,2.1075,151.8944,60.4528,NM,2.066,35.9092,36.2449,36.2449,0.0,0.0,0,19017.9164,128.9856,53.434,32.8888,56.7123,1.9727,1.7976,7.6269,1,39951.0,2.2,0.0,0.0,6.0,7.8986243445692885,7.908175280898875,7.6503,7.6269,0.0
5330,2012-06-05,SZSE:000768,0.2316,8.13,7.7649,8.16,8.01,20143.0379,8.01,2.1391,154.17,61.3585,NM,2.0969,35.9077,40.6718,40.6718,0.0,0.0,0,19315.2306,131.002,54.2693,33.4029,57.599,2.0035,1.8257,4.1379,1,39951.0,2.2,0.0,0.0,6.0,7.650288929889298,7.793552767527675,7.650288929889298,4.1379,0.0
5331,2012-06-06,SZSE:000768,0.2316,8.11,7.7458,8.17,8.05,20093.4856,8.15,2.1338,153.7907,61.2076,NM,2.0918,35.9013,40.1711,40.1711,0.0,0.0,0,19265.6783,130.666,54.1301,33.3172,57.4512,1.9984,1.821,3.7391,1,39951.0,2.2,0.0,0.0,6.0,7.784003699136869,7.803105548705302,7.688494451294699,3.7391,0.0
5332,2012-06-07,SZSE:000768,0.2316,8.1,7.7362,8.19,8.07,20068.7094,8.19,2.1312,153.6011,61.1321,NM,2.0892,35.7922,39.9066,39.9066,0.0,0.0,0,19240.9021,130.4979,54.0605,33.2744,57.3773,1.9958,1.8187,4.3904,1,39951.0,2.2,0.0,0.0,6.0,7.822157777777778,7.822157777777778,7.707547407407408,4.3904,0.0
5333,2012-06-08,SZSE:000768,0.2374,8.17,7.8031,8.28,8.12,20242.1427,8.14,2.1496,154.9285,61.6604,NM,2.1072,35.8239,42.7484,42.7484,0.0,0.0,0,19414.3354,131.6742,54.5478,33.5743,57.8945,2.0138,1.835,5.7212,1,39951.0,2.2,0.0,0.0,6.0,7.7744472460220315,7.908160097919216,7.7553454100367185,5.7212,0.0
5334,2012-06-11,SZSE:000768,0.2374,8.32,7.9463,8.38,8.22,20613.7854,8.24,2.1891,157.773,62.7925,NM,2.1459,36.0579,48.3815,48.3815,0.0,0.0,0,19785.9781,134.1948,55.592,34.217,59.0027,2.0524,1.8702,5.4946,1,39951.0,2.2,0.0,0.0,6.0,7.8698932692307695,8.003605048076924,7.850791586538461,5.4946,0.0
5335,2012-06-12,SZSE:000768,0.2374,8.26,7.889,8.38,8.23,20465.1283,8.32,2.1733,156.6352,62.3396,NM,2.1304,36.0247,46.4143,46.4143,0.0,0.0,0,19637.321,133.1866,55.1743,33.9599,58.5594,2.0369,1.8561,3.8932,1,39951.0,2.2,0.0,0.0,6.0,7.946305084745764,8.003610169491527,7.860347457627119,3.8932,0.0
5336,2012-06-13,SZSE:000768,0.2374,8.37,7.9941,8.39,8.27,20737.6663,8.27,2.2022,158.7211,63.1698,NM,2.1588,36.1353,50.3964,50.3964,0.0,0.0,0,19909.859,135.035,55.94,34.4312,59.3722,2.0652,1.8819,4.0817,1,39951.0,2.2,0.0,0.0,6.0,7.898591039426524,8.013201792114696,7.898591039426524,4.0817,0.0
5337,2012-06-14,SZSE:000768,0.2374,8.28,7.9081,8.43,8.28,20514.6807,8.39,2.1785,157.0145,62.4906,NM,2.1356,35.2815,47.2993,47.2993,0.0,0.0,0,19686.8734,133.5226,55.3135,34.0456,58.7072,2.0421,1.8608,4.144,1,39951.0,2.2,0.0,0.0,6.0,8.013159299516909,8.051362681159421,7.9081,4.144,0.0
5338,2012-06-15,SZSE:000768,0.2417,8.3,7.9272,8.36,8.23,20564.2331,8.34,2.1838,157.3937,62.6415,NM,2.1408,34.2396,48.0632,48.0631,0.0,0.0,0,19736.4258,133.8587,55.4528,34.1313,58.855,2.0472,1.8655,3.6104,1,39951.0,2.2,0.0,0.0,6.0,7.9654033734939755,7.984505060240962,7.860344096385542,3.6104,0.0
5339,2012-06-18,SZSE:000768,0.2417,8.31,7.9368,8.38,8.29,20589.0092,8.33,2.1864,157.5833,62.717,NM,2.1433,33.9787,48.4654,48.4653,0.0,0.0,0,19761.2019,134.0268,55.5224,34.1742,58.9289,2.0498,1.8678,3.4645,1,39951.0,2.2,0.0,0.0,6.0,7.955901805054151,8.003656317689531,7.917698194945847,3.4645,0.0
5340,2012-06-19,SZSE:000768,0.2417,8.1,7.7362,8.35,8.07,20068.7094,8.3,2.1312,153.6011,61.1321,NM,2.0892,34.2016,41.2424,41.2424,0.0,0.0,0,19240.9021,130.4979,54.0605,33.2744,57.3773,1.9958,1.8187,4.9211,1,39951.0,2.2,0.0,0.0,6.0,7.927217283950618,7.974971604938271,7.707547407407408,4.9211,0.0
5341,2012-06-20,SZSE:000768,0.2417,8.15,7.784,8.18,8.1,20192.5903,8.16,2.1443,154.5493,61.5094,NM,2.1021,33.8917,43.4051,43.4051,0.0,0.0,0,19364.783,131.3381,54.4086,33.4886,57.7467,2.0087,1.8304,3.0666,1,39951.0,2.2,0.0,0.0,6.0,7.793550920245399,7.812652760736196,7.736245398773005,3.0666,0.0
5342,2012-06-21,SZSE:000768,0.2417,7.99,7.6312,8.13,7.9,19796.1713,8.13,2.1022,151.5152,60.3019,NM,2.0608,34.1083,38.5192,38.5192,0.0,0.0,0,18968.364,128.6495,53.2948,32.8031,56.5646,1.9675,1.7929,5.2487,1,39951.0,2.2,0.0,0.0,6.0,7.764913141426783,7.764913141426783,7.545241551939925,5.2487,0.0
5343,2012-06-22,SZSE:000768,0.2354,0.0,7.6312,0.0,0.0,19796.1713,0.0,2.1022,151.5152,60.3019,NM,2.0608,34.1083,38.5192,38.5192,0.0,0.0,0,18968.364,128.6495,53.2948,32.8031,56.5646,1.9675,1.7929,0.0,1,39951.0,2.2,0.0,0.0,6.0,0.0,0.0,0.0,0.0,0.0
5344,2012-06-25,SZSE:000768,0.2354,7.85,7.4974,8.05,7.84,19449.3048,7.99,2.0654,148.8603,59.2453,294.8135,2.0247,34.5416,34.8253,34.8252,0.0,0.0,0,18621.4975,126.2969,52.3202,32.2032,55.5302,1.9316,1.7601,4.1618,1,39951.0,2.2,0.0,0.0,6.0,7.631111592356688,7.688416560509555,7.487849171974522,4.1618,0.0
5345,2012-06-26,SZSE:000768,0.2354,7.92,7.5643,7.93,7.78,19622.7381,7.82,2.0838,150.1877,59.7736,297.4425,2.0428,34.6048,38.0255,38.0255,0.0,0.0,0,18794.9307,127.4732,52.8075,32.5031,56.0474,1.9496,1.7765,3.5075,1,39951.0,2.2,0.0,0.0,6.0,7.468791161616163,7.573850883838384,7.430587626262627,3.5075,0.0
5346,2012-06-27,SZSE:000768,0.2354,7.84,7.4879,7.95,7.83,19424.5286,7.95,2.0628,148.6707,59.1698,294.4380,2.0221,34.5969,35.8584,35.8584,0.0,0.0,0,18596.7213,126.1289,52.2506,32.1604,55.4563,1.929,1.7578,3.1439,1,39951.0,2.2,0.0,0.0,6.0,7.592959821428572,7.592959821428572,7.478349107142858,3.1439,0.0
5347,2012-06-28,SZSE:000768,0.2354,7.77,7.421,7.91,7.73,19251.0953,7.89,2.0443,147.3433,58.6415,291.8091,2.0041,32.5098,34.0309,34.0309,0.0,0.0,0,18423.288,124.9526,51.7633,31.8604,54.9391,1.911,1.7414,4.0115,1,39951.0,2.2,0.0,0.0,6.0,7.535610038610039,7.554711711711712,7.382796653796655,4.0115,0.0
5348,2012-06-29,SZSE:000768,0.2304,7.85,7.4974,7.85,7.65,19449.3048,7.7,2.0654,148.8603,59.2453,294.8135,2.0247,29.6606,37.9246,37.9246,0.0,0.0,0,18621.4975,126.2969,52.3202,32.2032,55.5302,1.9316,1.7601,2.9442,1,39951.0,2.2,0.0,0.0,6.0,7.354137579617835,7.4974,7.306383439490447,2.9442,0.0
5349,2012-07-02,SZSE:000768,0.2304,7.84,7.4879,7.9,7.77,19424.5286,7.9,2.0628,148.6707,59.1698,294.4380,2.0221,29.3096,37.6257,37.6257,0.0,0.0,0,18596.7213,126.1289,52.2506,32.1604,55.4563,1.929,1.7578,3.807,1,39951.0,2.2,0.0,0.0,6.0,7.545205357142857,7.545205357142857,7.421043749999999,3.807,0.0
5350,2012-07-03,SZSE:000768,0.2304,7.8,7.4497,7.92,7.78,19325.4238,7.8,2.0522,147.9122,58.8679,292.9357,2.0118,29.0771,36.39,36.39,0.0,0.0,0,18497.6165,125.4567,51.9721,31.989,55.1608,1.9187,1.7484,5.2314,1,39951.0,2.2,0.0,0.0,6.0,7.4497,7.564310769230769,7.430598205128205,5.2314,0.0
5351,2012-07-04,SZSE:000768,0.2304,7.95,7.593,8.05,7.74,19697.0666,7.79,2.0917,150.7566,60.0,298.5691,2.0505,29.0835,43.8387,43.8387,0.0,0.0,0,18869.2593,127.9773,53.0163,32.6317,56.269,1.9573,1.7835,7.1988,1,39951.0,2.2,0.0,0.0,6.0,7.440184905660377,7.688509433962264,7.392430188679246,7.1988,0.0
5352,2012-07-05,SZSE:000768,0.2304,7.78,7.4306,7.93,7.76,19275.8715,7.88,2.047,147.5329,58.717,292.1846,2.0066,29.2621,38.3567,38.3567,0.0,0.0,0,18448.0642,125.1206,51.8329,31.9033,55.013,1.9136,1.7437,4.1693,1,39951.0,2.2,0.0,0.0,6.0,7.526108997429306,7.573863496143959,7.4114982005141385,4.1693,0.0
5353,2012-07-06,SZSE:000768,0.2223,7.92,7.5643,7.95,7.71,19622.7381,7.84,2.0838,150.1877,59.7736,297.4425,2.0428,29.4835,44.5106,44.5106,0.0,0.0,0,18794.9307,127.4732,52.8075,32.5031,56.0474,1.9496,1.7765,4.9895,1,39951.0,2.2,0.0,0.0,6.0,7.48789292929293,7.592952651515152,7.3637314393939395,4.9895,0.0
5354,2012-07-09,SZSE:000768,0.2223,7.74,7.3924,7.94,7.73,19176.7667,7.87,2.0365,146.7744,58.4151,290.6824,1.9963,29.6305,39.1052,39.1052,0.0,0.0,0,18348.9594,124.4485,51.5544,31.7319,54.7175,1.9033,1.7343,5.5329,1,39951.0,2.2,0.0,0.0,6.0,7.5165617571059435,7.583418087855298,7.382849095607236,5.5329,0.0
5355,2012-07-10,SZSE:000768,0.2223,7.86,7.507,7.96,7.74,19474.0809,7.76,2.068,149.05,59.3208,295.1891,2.0273,29.512,43.9888,43.9888,0.0,0.0,0,18646.2736,126.465,52.3898,32.2461,55.6041,1.9341,1.7624,7.2898,1,39951.0,2.2,0.0,0.0,6.0,7.411491094147582,7.602508905852417,7.392389312977099,7.2898,0.0
5356,2012-07-11,SZSE:000768,0.2223,7.89,7.5356,7.92,7.76,19548.4095,7.86,2.0759,149.6188,59.5472,296.3158,2.035,27.9197,45.1726,45.1725,0.0,0.0,0,18720.6022,126.9691,52.5986,32.3746,55.8257,1.9418,1.7695,4.4437,1,39951.0,2.2,0.0,0.0,6.0,7.50694752851711,7.564252471482889,7.4114392902408115,4.4437,0.0
5357,2012-07-12,SZSE:000768,0.2223,8.02,7.6598,8.06,7.8,19870.4999,7.89,2.1101,152.084,60.5283,NM,2.0685,25.9433,50.0947,50.0947,0.0,0.0,0,19042.6926,129.1536,53.5036,32.9316,56.7862,1.9753,1.7999,9.7242,1,39951.0,2.2,0.0,0.0,6.0,7.535638653366584,7.698003491271821,7.449680798004987,9.7242,0.0
5358,2012-07-13,SZSE:000768,0.2141,8.07,7.7076,8.17,7.96,19994.3808,8.01,2.1233,153.0322,60.9057,NM,2.0814,24.3242,51.8839,51.8839,0.0,0.0,0,19166.5735,129.9938,53.8517,33.1458,57.1556,1.9881,1.8116,8.4816,1,39951.0,2.2,0.0,0.0,6.0,7.650294423791822,7.803109293680297,7.602539776951673,8.4816,0.0
5359,2012-07-16,SZSE:000768,0.2141,7.94,7.5834,8.17,7.92,19672.2904,8.11,2.0891,150.567,59.9245,298.1936,2.0479,24.5203,47.1507,47.1507,0.0,0.0,0,18844.4831,127.8093,52.9467,32.5888,56.1952,1.9547,1.7812,7.5358,1,39951.0,2.2,0.0,0.0,6.0,7.745764987405541,7.803070277078085,7.5642982367758185,7.5358,0.0
5360,2012-07-17,SZSE:000768,0.2141,7.7,7.3542,8.0,7.65,19077.662,7.88,2.0259,146.0159,58.1132,289.1802,1.986,25.1812,39.9117,39.9117,0.0,0.0,0,18249.8547,123.7763,51.276,31.5605,54.4219,1.893,1.725,9.2281,1,39951.0,2.2,0.0,0.0,6.0,7.526116363636363,7.640727272727272,7.306445454545455,9.2281,0.0
5361,2012-07-18,SZSE:000768,0.2141,7.79,7.4401,7.8,7.67,19300.6477,7.71,2.0496,147.7225,58.7925,292.5602,2.0092,25.0879,43.4198,43.4198,0.0,0.0,0,18472.8404,125.2887,51.9025,31.9461,55.0869,1.9161,1.7461,4.5977,1,39951.0,2.2,0.0,0.0,6.0,7.363693324775353,7.449650834403081,7.32548998716303,4.5977,0.0
5362,2012-07-19,SZSE:000768,0.2141,7.8,7.4497,7.86,7.72,19325.4238,7.78,2.0522,147.9122,58.8679,292.9357,2.0118,25.0784,43.8123,43.8123,0.0,0.0,0,18497.6165,125.4567,51.9721,31.989,55.1608,1.9187,1.7484,5.6637,1,39951.0,2.2,0.0,0.0,6.0,7.430598205128205,7.507005384615384,7.3732928205128205,5.6637,0.0
5363,2012-07-20,SZSE:000768,0.1986,7.64,7.2969,7.86,7.62,18929.0049,7.77,2.0101,144.8781,57.6604,286.9268,1.9705,24.9883,39.1343,39.1343,0.0,0.0,0,18101.1976,122.7681,50.8583,31.3034,53.9786,1.8776,1.7109,4.7597,1,39951.0,2.2,0.0,0.0,6.0,7.421061910994764,7.507020157068063,7.277798167539268,4.7597,0.0
5364,2012-07-23,SZSE:000768,0.1986,7.42,7.0868,7.59,7.39,18383.9288,7.59,1.9523,140.7062,56.0,278.6645,1.9138,24.8903,33.7916,33.7915,0.0,0.0,0,17556.1215,119.0712,49.3268,30.3608,52.3532,1.8211,1.6594,6.5288,1,39951.0,2.2,0.0,0.0,6.0,7.24916603773585,7.24916603773585,7.0581471698113205,6.5288,0.0
5365,2012-07-24,SZSE:000768,0.1986,7.45,7.1154,7.54,7.39,18458.2574,7.41,1.9602,141.2751,56.2264,279.7912,1.9215,24.2483,35.0929,35.0929,0.0,0.0,0,17630.4501,119.5753,49.5357,30.4893,52.5749,1.8288,1.6664,5.015,1,39951.0,2.2,0.0,0.0,6.0,7.077196510067115,7.201357852348994,7.0580947651006705,5.015,0.0
5366,2012-07-25,SZSE:000768,0.1986,7.34,7.0104,7.45,7.3,18185.7194,7.42,1.9312,139.1891,55.3962,275.6600,1.8932,24.2879,32.5654,32.5654,0.0,0.0,0,17357.9121,117.7269,48.7699,30.018,51.7621,1.8005,1.6407,5.5228,1,39951.0,2.2,0.0,0.0,6.0,7.086807629427792,7.115460490463215,6.972196185286103,5.5228,0.0
5367,2012-07-26,SZSE:000768,0.1986,7.34,7.0104,7.44,7.31,18185.7194,7.34,1.9312,139.1891,55.3962,275.6600,1.8932,24.0902,32.5654,32.5654,0.0,0.0,0,17357.9121,117.7269,48.7699,30.018,51.7621,1.8005,1.6407,4.4788,1,39951.0,2.2,0.0,0.0,6.0,7.0104,7.105909536784742,6.981747138964577,4.4788,0.0
5368,2012-07-27,SZSE:000768,0.1897,7.43,7.0963,7.47,7.36,18408.705,7.4,1.9549,140.8958,56.0755,279.0401,1.9164,24.2705,36.8792,36.8792,0.0,0.0,0,17580.8977,119.2392,49.3964,30.4036,52.4271,1.8236,1.6617,3.825,1,39951.0,2.2,0.0,0.0,6.0,7.067647375504711,7.134503499327053,7.029443876177659,3.825,0.0
5369,2012-07-30,SZSE:000768,0.1897,7.41,7.0772,7.53,7.36,18359.1526,7.45,1.9496,140.5166,55.9245,278.2890,1.9112,24.0713,36.3231,36.3231,0.0,0.0,0,17531.3453,118.9032,49.2572,30.3179,52.2793,1.8185,1.6571,3.5997,1,39951.0,2.2,0.0,0.0,6.0,7.115403508771931,7.191810526315789,7.0294456140350885,3.5997,0.0
5370,2012-07-31,SZSE:000768,0.1897,7.25,6.9244,7.47,7.23,17962.7337,7.43,1.9075,137.4825,54.717,272.2800,1.8699,24.193,32.1471,32.1471,0.0,0.0,0,17134.9264,116.2145,48.1434,29.6324,51.0972,1.7774,1.6196,4.8029,1,39951.0,2.2,0.0,0.0,6.0,7.096316137931034,7.134519724137931,6.9052982068965525,4.8029,0.0
5371,2012-08-01,SZSE:000768,0.1897,7.33,7.0008,7.39,7.28,18160.9432,7.3,1.9286,138.9995,55.3208,275.2845,1.8906,24.1487,36.1027,36.1027,0.0,0.0,0,17333.1359,117.5588,48.7003,29.9752,51.6882,1.7979,1.6383,2.7351,1,39951.0,2.2,0.0,0.0,6.0,6.9721473396998634,7.058105320600273,6.953045566166439,2.7351,0.0
5372,2012-08-02,SZSE:000768,0.1897,7.21,6.8862,7.37,7.17,17863.629,7.33,1.897,136.7239,54.4151,270.7778,1.8596,24.0143,32.9955,32.9955,0.0,0.0,0,17035.8217,115.5424,47.865,29.461,50.8016,1.7671,1.6102,3.8785,1,39951.0,2.2,0.0,0.0,6.0,7.000810818307905,7.03901442441054,6.847996393897365,3.8785,0.0
5373,2012-08-03,SZSE:000768,0.268,7.36,7.0295,7.41,7.22,18235.2717,7.25,1.9365,139.5684,55.5472,276.4112,1.8983,24.4144,39.9525,39.9525,0.0,0.0,0,17407.4644,118.063,48.9092,30.1037,51.9099,1.8056,1.6454,3.8271,1,39951.0,2.2,0.0,0.0,6.0,6.924439538043478,7.077254755434782,6.895786684782608,3.8271,0.0
5374,2012-08-06,SZSE:000768,0.268,7.44,7.1059,7.48,7.31,18433.4812,7.35,1.9575,141.0855,56.1509,279.4156,1.919,24.4871,43.332,43.332,0.0,0.0,0,17605.6739,119.4073,49.4661,30.4465,52.501,1.8262,1.6641,4.0353,1,39951.0,2.2,0.0,0.0,6.0,7.019941532258064,7.14410376344086,6.9817377688172035,4.0353,0.0
5375,2012-08-07,SZSE:000768,0.268,7.47,7.1345,7.51,7.41,18507.8098,7.42,1.9654,141.6543,56.3774,280.5423,1.9267,24.1709,44.5913,44.5913,0.0,0.0,0,17680.0025,119.9114,49.6749,30.575,52.7226,1.8339,1.6711,4.447,1,39951.0,2.2,0.0,0.0,6.0,7.0867456492637215,7.172703480589023,7.077194779116466,4.447,0.0
5376,2012-08-08,SZSE:000768,0.268,7.4,7.0677,7.5,7.37,18334.3765,7.46,1.947,140.3269,55.8491,277.9134,1.9086,24.2009,42.2329,42.2329,0.0,0.0,0,17506.5692,118.7351,49.1876,30.2751,52.2054,1.8159,1.6547,3.2562,1,39951.0,2.2,0.0,0.0,6.0,7.125005675675675,7.163209459459459,7.039047162162162,3.2562,0.0
5377,2012-08-09,SZSE:000768,0.268,7.45,7.1154,7.47,7.35,18458.2574,7.46,1.9602,141.2751,56.2264,279.7912,1.9215,24.0871,44.4912,44.4912,0.0,0.0,0,17630.4501,119.5753,49.5357,30.4893,52.5749,1.8288,1.6664,3.6912,1,39951.0,2.2,0.0,0.0,6.0,7.124950872483222,7.1345017449664425,7.019891275167785,3.6912,0.0
5378,2012-08-10,SZSE:000768,0.2427,7.54,7.2014,7.56,7.42,18681.243,7.45,1.9838,142.9818,56.9057,283.1712,1.9447,23.9432,48.4014,48.4014,0.0,0.0,0,17853.4357,121.0877,50.1622,30.875,53.2398,1.8519,1.6875,5.3524,1,39951.0,2.2,0.0,0.0,6.0,7.115441644562334,7.220501856763925,7.086788859416445,5.3524,0.0
5379,2012-08-13,SZSE:000768,0.2427,7.41,7.0772,7.55,7.41,18359.1526,7.55,1.9496,140.5166,55.9245,278.2890,1.9112,23.6475,43.6215,43.6215,0.0,0.0,0,17531.3453,118.9032,49.2572,30.3179,52.2793,1.8185,1.6571,4.6503,1,39951.0,2.2,0.0,0.0,6.0,7.210912280701755,7.210912280701755,7.0772,4.6503,0.0
5380,2012-08-14,SZSE:000768,0.2427,7.57,7.23,7.59,7.43,18755.5716,7.47,1.9917,143.5507,57.1321,284.2979,1.9525,23.9163,50.147,50.147,0.0,0.0,0,17927.7643,121.5918,50.371,31.0035,53.4615,1.8596,1.6945,7.4868,1,39951.0,2.2,0.0,0.0,6.0,7.13449141347424,7.249101717305152,7.096287978863936,7.4868,0.0
5381,2012-08-15,SZSE:000768,0.2427,7.72,7.3733,7.89,7.51,19127.2144,7.57,2.0312,146.3951,58.2642,289.9313,1.9912,24.1835,55.3632,55.3632,0.0,0.0,0,18299.4071,124.1124,51.4152,31.6462,54.5697,1.8982,1.7297,11.1245,1,39951.0,2.2,0.0,0.0,6.0,7.2300363989637315,7.535665414507773,7.172730958549224,11.1245,0.0
5382,2012-08-16,SZSE:000768,0.2427,7.73,7.3828,7.83,7.6,19151.9905,7.73,2.0246,139.2793,58.3396,278.1876,1.9048,23.4499,55.696,55.696,0.0,0.0,0,18483.971,118.9047,51.0426,31.9654,55.1201,1.8384,1.7471,7.6139,1,39951.0,2.2,0.0,0.0,6.0,7.3828,7.478308408796894,7.258639068564035,7.6139,0.0
5383,2012-08-17,SZSE:000768,0.2332,7.57,7.23,7.78,7.47,18755.5716,7.73,1.9827,136.3964,60.56,272.4296,1.8654,23.6523,49.3552,49.3552,0.0,0.0,0,18087.552,116.3546,49.9479,34.4795,86.0978,1.799,1.7942,7.5338,1,39951.0,2.2,0.0,0.0,6.0,7.382813738441216,7.430568031704095,7.13449141347424,7.5338,0.0
5384,2012-08-20,SZSE:000768,0.2332,7.63,7.2873,7.68,7.42,18904.2287,7.49,1.9984,137.4775,61.04,274.5888,1.8802,23.7123,51.5814,51.5814,0.0,0.0,0,18236.2091,117.3109,50.3584,33.7462,77.6664,1.8137,1.7626,6.2381,1,39951.0,2.2,0.0,0.0,6.0,7.153588073394496,7.335054259501965,7.086732110091743,6.2381,0.0
5385,2012-08-21,SZSE:000768,0.2332,7.63,7.2873,7.69,7.55,18904.2287,7.6,1.9984,137.4775,61.04,274.5888,1.8802,23.4024,51.5814,51.5814,0.0,0.0,0,18236.2091,117.3109,50.3584,33.7462,77.6664,1.8137,1.7626,4.4621,1,39951.0,2.2,0.0,0.0,6.0,7.25864744429882,7.34460511140236,7.210893184796855,4.4621,0.0
5386,2012-08-22,SZSE:000768,0.2332,7.62,7.2778,7.76,7.59,18879.4525,7.62,1.9958,137.2973,60.96,274.2290,1.8777,23.3692,51.1468,51.1468,0.0,0.0,0,18211.433,117.1515,50.29,33.7004,77.5609,1.8113,1.7602,5.0985,1,39951.0,2.2,0.0,0.0,6.0,7.2778,7.411512860892389,7.249147244094488,5.0985,0.0
5387,2012-08-23,SZSE:000768,0.2332,7.57,7.23,7.68,7.51,18755.5716,7.68,1.9827,136.3964,60.56,272.4296,1.8654,23.3645,48.9273,48.9273,0.0,0.0,0,18087.552,116.3546,49.9479,33.4711,77.0333,1.799,1.7483,3.6587,1,39951.0,2.2,0.0,0.0,6.0,7.335059445178335,7.335059445178335,7.172694848084545,3.6587,0.0
5388,2012-08-24,SZSE:000768,0.2302,7.55,7.2109,7.77,7.53,18706.0192,7.57,1.9774,136.036,60.4,271.7098,1.8605,23.3439,48.0294,48.0295,0.0,0.0,0,18037.9997,116.0359,49.8111,33.3794,76.8222,1.794,1.7435,5.4797,1,39951.0,2.2,0.0,0.0,6.0,7.230001721854305,7.42101894039735,7.191798278145695,5.4797,0.0
5389,2012-08-27,SZSE:000768,0.2302,7.28,6.953,7.54,7.26,18037.0622,7.54,1.9067,131.1712,58.24,261.9930,1.7939,24.2642,37.9144,37.9144,0.0,0.0,0,17369.0427,111.7326,47.9638,32.1415,73.9732,1.7275,1.6788,5.2276,1,39951.0,2.2,0.0,0.0,6.0,7.201321428571428,7.201321428571428,6.933898351648351,5.2276,0.0
5390,2012-08-28,SZSE:000768,0.2302,7.31,6.9817,7.39,7.25,18111.3908,7.27,1.9146,131.7117,58.48,263.0727,1.8013,24.2847,39.4405,39.4405,0.0,0.0,0,17443.3712,112.2107,48.169,32.2791,74.2898,1.7349,1.686,3.4438,1,39951.0,2.2,0.0,0.0,6.0,6.943496443228454,7.058107113543093,6.924394664842682,3.4438,0.0
5391,2012-08-29,SZSE:000768,0.2302,7.2,6.8766,7.37,7.16,17838.8528,7.31,1.8858,129.7297,57.6,259.1140,1.7742,24.0902,35.951,35.951,0.0,0.0,0,17170.8332,110.4575,47.4164,31.7747,73.1291,1.7078,1.6596,3.9639,1,39951.0,2.2,0.0,0.0,6.0,6.981659166666666,7.038964166666666,6.838396666666666,3.9639,0.0
5392,2012-08-30,SZSE:000768,0.2302,7.15,6.8289,7.3,6.96,17714.9719,7.3,1.8727,128.8288,57.2,257.3146,1.7619,24.0554,34.4586,34.4586,0.0,0.0,0,17046.9523,109.6606,47.0743,31.5455,72.6015,1.6955,1.6477,6.2432,1,39951.0,2.2,0.0,0.0,6.0,6.972163636363636,6.972163636363636,6.647432727272727,6.2432,0.0
5393,2012-08-31,SZSE:000768,0.2934,7.03,6.7143,7.11,6.98,17417.6576,7.11,1.8413,126.6667,56.24,252.9960,1.7323,24.2104,31.1198,31.1198,0.0,0.0,0,16749.6381,107.7480,46.2533,30.9953,71.3352,1.6659,1.6189,5.6,1,39951.0,2.2,0.0,0.0,6.0,6.7907073968705545,6.7907073968705545,6.666545376955903,5.6,0.0
5394,2012-09-03,SZSE:000768,0.2934,7.05,6.7334,7.09,7.01,17467.21,7.03,1.8465,127.027,56.4,253.7158,1.7373,24.2325,32.2972,32.2972,0.0,0.0,0,16799.1904,108.0668,46.3902,31.087,71.5463,1.6708,1.6237,5.8343,1,39951.0,2.2,0.0,0.0,6.0,6.714298156028369,6.771603687943262,6.695196312056737,5.8343,0.0
5395,2012-09-04,SZSE:000768,0.2934,6.91,6.5997,7.07,6.88,17120.3434,7.04,1.8098,124.5045,55.28,248.6774,1.7028,22.8933,28.6104,28.6104,0.0,0.0,0,16452.3239,105.8354,45.4323,30.4451,70.069,1.6363,1.5902,6.5993,1,39951.0,2.2,0.0,0.0,6.0,6.7238622286541245,6.752515050651231,6.571047178002894,6.5993,0.0
5396,2012-09-05,SZSE:000768,0.2934,7.09,6.7716,7.15,6.86,17566.3147,6.88,1.857,127.7478,56.72,255.1553,1.7471,23.3044,38.354,38.354,0.0,0.0,0,16898.2952,108.7043,46.6638,31.2704,71.9683,1.6807,1.6333,7.3525,1,39951.0,2.2,0.0,0.0,6.0,6.5710307475317355,6.828905500705218,6.551928913963329,7.3525,0.0
5397,2012-09-06,SZSE:000768,0.2934,7.1,6.7811,7.15,7.04,17591.0909,7.09,1.8596,127.9279,56.8,255.5152,1.7496,23.3155,38.8534,38.8534,0.0,0.0,0,16923.0714,108.8637,46.7323,31.3163,72.0739,1.6831,1.6357,3.9531,1,39951.0,2.2,0.0,0.0,6.0,6.771549154929578,6.828854225352113,6.7237949295774655,3.9531,0.0
5398,2012-09-07,SZSE:000768,0.3128,7.35,7.0199,7.41,7.12,18210.4955,7.14,1.9251,132.4324,58.8,264.5122,1.8112,24.3986,49.8003,49.8003,0.0,0.0,0,17542.476,112.8482,48.4427,32.4625,74.7119,1.7447,1.6956,10.7503,1,39951.0,2.2,0.0,0.0,6.0,6.819331428571428,7.077205306122449,6.800229659863946,10.7503,0.0
5399,2012-09-10,SZSE:000768,0.3128,7.42,7.0868,7.54,7.33,18383.9288,7.36,1.9434,133.6937,59.36,267.0314,1.8284,24.4128,52.3715,52.3715,0.0,0.0,0,17715.9093,113.9639,48.9216,32.7834,75.4505,1.762,1.7123,10.1879,1,39951.0,2.2,0.0,0.0,6.0,7.029494339622643,7.201411320754717,7.000841509433963,10.1879,0.0
5400,2012-09-11,SZSE:000768,0.3128,7.58,7.2396,7.74,7.48,18780.3478,7.6,1.9853,136.5766,60.64,272.7894,1.8679,24.5187,57.704,57.704,0.0,0.0,0,18112.3282,116.5140,50.0163,33.517,77.1388,1.8014,1.7506,13.0543,1,39951.0,2.2,0.0,0.0,6.0,7.258701846965699,7.3924147757255945,7.144090765171504,13.0543,0.0
5401,2012-09-12,SZSE:000768,0.3128,7.69,7.3446,7.76,7.45,19052.8858,7.57,2.0141,138.5586,61.52,276.7481,1.895,24.6863,60.9417,60.9417,0.0,0.0,0,18384.8662,118.2672,50.7689,34.0213,78.2995,1.8285,1.777,15.5706,1,39951.0,2.2,0.0,0.0,6.0,7.229989856957086,7.411455916775032,7.115379713914174,15.5706,0.0
5402,2012-09-13,SZSE:000768,0.3128,8.13,7.7649,8.44,7.6,20143.0379,7.65,2.1294,146.4865,65.04,292.5829,2.0034,26.9458,70.6273,70.6273,0.0,0.0,0,19475.0184,125.2800,53.7793,36.0387,82.9424,1.9369,1.8824,32.1014,1,39951.0,2.2,0.0,0.0,6.0,7.306455719557195,8.060978597785978,7.258701107011069,32.1014,0.0
5403,2012-09-14,SZSE:000768,0.3567,7.93,7.5739,8.27,7.88,19647.5142,8.11,2.077,142.8829,63.44,285.3853,1.9541,27.2968,62.9821,62.9821,0.0,0.0,0,18979.4947,122.0924,52.411,35.1217,80.832,1.8877,1.8345,21.2767,1,39951.0,2.2,0.0,0.0,6.0,7.745817023959646,7.898632156368221,7.526145271122321,21.2767,0.0
5404,2012-09-17,SZSE:000768,0.3567,7.72,7.3733,8.12,7.72,19127.2144,8.02,2.022,139.0991,61.76,277.8278,1.9024,27.7664,56.1136,56.1136,0.0,0.0,0,18459.1948,118.7454,50.9742,34.1589,78.6161,1.8359,1.7842,13.3599,1,39951.0,2.2,0.0,0.0,6.0,7.659827202072539,7.755336269430052,7.3733,13.3599,0.0
5405,2012-09-18,SZSE:000768,0.3567,7.47,7.1345,7.75,7.43,18507.8098,7.71,1.9565,134.5946,59.76,268.8308,1.8408,28.4542,49.2305,49.2305,0.0,0.0,0,17839.7902,114.7608,49.2637,33.0127,75.9781,1.7743,1.7243,11.4548,1,39951.0,2.2,0.0,0.0,6.0,7.363720883534136,7.401924364123159,7.096296519410978,11.4548,0.0
5406,2012-09-19,SZSE:000768,0.3567,7.54,7.2014,7.57,7.31,18681.243,7.57,1.9748,135.8559,60.32,271.3499,1.858,28.1269,51.0413,51.0414,0.0,0.0,0,18013.2235,115.8765,49.7427,33.3336,76.7167,1.7916,1.7411,8.3576,1,39951.0,2.2,0.0,0.0,6.0,7.2300527851458884,7.2300527851458884,6.981728647214854,8.3576,0.0
5407,2012-09-20,SZSE:000768,0.3567,7.39,7.0581,7.74,7.38,18309.6003,7.47,1.9355,133.1532,59.12,265.9517,1.821,28.3324,47.1595,47.1596,0.0,0.0,0,17641.5807,113.4858,48.7164,32.6459,75.1339,1.7546,1.7051,11.2353,1,39951.0,2.2,0.0,0.0,6.0,7.134507036535859,7.392380784844384,7.048549120433018,11.2353,0.0
5408,2012-09-21,SZSE:000768,0.5019,7.11,6.7907,7.31,7.0,17615.8671,7.3,1.8622,128.1081,56.88,255.8751,1.752,29.0392,40.9057,40.9057,0.0,0.0,0,16947.8476,109.0231,46.8007,31.3621,72.1794,1.6856,1.6381,8.8969,1,39951.0,2.2,0.0,0.0,6.0,6.972167369901547,6.981718284106891,6.685639943741209,8.8969,0.0
5409,2012-09-24,SZSE:000768,0.5019,7.21,6.8862,7.3,7.12,17863.629,7.16,1.8884,129.9099,57.68,259.4739,1.7767,28.9775,43.7735,43.7735,0.0,0.0,0,17195.6094,110.6169,47.4849,31.8206,73.2346,1.7102,1.662,5.1795,1,39951.0,2.2,0.0,0.0,6.0,6.838445492371705,6.972158113730929,6.80024188626907,5.1795,0.0
5410,2012-09-25,SZSE:000768,0.5019,7.19,6.8671,7.34,7.11,17814.0766,7.18,1.8832,129.5496,57.52,258.7541,1.7718,28.8036,43.3207,43.3207,0.0,0.0,0,17146.057,110.2981,47.348,31.7289,73.0235,1.7053,1.6573,4.7535,1,39951.0,2.2,0.0,0.0,6.0,6.857549095966619,7.010363560500695,6.790692767732962,4.7535,0.0
5411,2012-09-26,SZSE:000768,0.5019,7.01,6.6952,7.25,6.95,17368.1053,7.16,1.836,126.3063,56.08,252.2762,1.7274,29.1056,39.3732,39.3732,0.0,0.0,0,16700.0857,107.4293,46.1165,30.9036,71.1242,1.661,1.6141,6.372,1,39951.0,2.2,0.0,0.0,6.0,6.838463908701855,6.924422253922967,6.637894436519258,6.372,0.0
5412,2012-09-27,SZSE:000768,0.5019,7.13,6.8098,7.23,6.98,17665.4195,6.98,1.8674,128.4685,57.04,256.5948,1.757,29.2859,43.0959,43.0959,0.0,0.0,0,16997.3999,109.3418,46.9375,31.4538,72.3904,1.6905,1.6429,8.2419,1,39951.0,2.2,0.0,0.0,6.0,6.666536325385694,6.905309116409538,6.666536325385694,8.2419,0.0
5413,2012-09-28,SZSE:000768,0.5295,7.28,6.953,7.3,7.09,18037.0622,7.13,1.9067,131.1712,58.24,261.9930,1.7939,29.5641,47.4405,47.4405,0.0,0.0,0,17369.0427,111.7326,47.9638,32.1415,73.9732,1.7275,1.6788,7.1587,1,39951.0,2.2,0.0,0.0,6.0,6.8097376373626375,6.972101648351648,6.771534340659341,7.1587,0.0
5414,2012-10-01,SZSE:000768,0.5295,0.0,6.953,0.0,0.0,18037.0622,0.0,1.9067,131.1712,58.24,261.9930,1.7939,29.5641,47.4405,47.4405,0.0,0.0,0,17369.0427,111.7326,47.9638,32.1415,73.9732,1.7275,1.6788,0.0,1,39951.0,2.2,0.0,0.0,6.0,0.0,0.0,0.0,0.0,0.0
5415,2012-10-02,SZSE:000768,0.5295,0.0,6.953,0.0,0.0,18037.0622,0.0,1.9067,131.1712,58.24,261.9930,1.7939,29.5641,47.4405,47.4405,0.0,0.0,0,17369.0427,111.7326,47.9638,32.1415,73.9732,1.7275,1.6788,0.0,1,39951.0,2.2,0.0,0.0,6.0,0.0,0.0,0.0,0.0,0.0
5416,2012-10-03,SZSE:000768,0.5295,0.0,6.953,0.0,0.0,18037.0622,0.0,1.9067,131.1712,58.24,261.9930,1.7939,29.5641,47.4405,47.4405,0.0,0.0,0,17369.0427,111.7326,47.9638,32.1415,73.9732,1.7275,1.6788,0.0,1,39951.0,2.2,0.0,0.0,6.0,0.0,0.0,0.0,0.0,0.0
5417,2012-10-04,SZSE:000768,0.5295,0.0,6.953,0.0,0.0,18037.0622,0.0,1.9067,131.1712,69.3333,261.9930,1.7939,29.5641,47.4405,47.4405,0.0,0.0,0,17369.0427,111.7326,47.9638,32.1415,73.9732,1.7275,1.6788,0.0,1,39951.0,2.2,0.0,0.0,6.0,0.0,0.0,0.0,0.0,0.0
5418,2012-10-05,SZSE:000768,0.5295,0.0,6.953,0.0,0.0,18037.0622,0.0,1.9067,131.1712,69.3333,261.9930,1.7939,29.5641,47.4405,47.4405,0.0,0.0,0,17369.0427,111.7326,47.9638,32.1415,73.9732,1.7275,1.6788,0.0,1,39951.0,2.2,0.0,0.0,6.0,0.0,0.0,0.0,0.0,0.0
5419,2012-10-08,SZSE:000768,0.5295,7.54,7.2014,7.63,7.4,18681.243,7.47,1.9748,135.8559,71.8095,271.3499,1.858,30.7547,53.9968,53.9968,0.0,0.0,0,18013.2235,115.8765,49.7427,33.3336,76.7167,1.7916,1.7411,11.5346,1,39951.0,2.2,0.0,0.0,6.0,7.1345435013262595,7.287358355437665,7.067687002652519,11.5346,0.0
5420,2012-10-09,SZSE:000768,0.5295,7.69,7.3446,7.74,7.5,19052.8858,7.57,2.0141,138.5586,73.2381,276.7481,1.895,30.6852,57.3057,57.3057,0.0,0.0,0,18384.8662,118.2672,50.7689,34.0213,78.2995,1.8285,1.777,12.8976,1,39951.0,2.2,0.0,0.0,6.0,7.229989856957086,7.39235422626788,7.163133940182054,12.8976,0.0
5421,2012-10-10,SZSE:000768,0.5295,7.8,7.4497,7.91,7.65,19325.4238,7.7,2.0429,140.5405,74.2857,280.7068,1.9221,30.6614,59.6005,59.6005,0.0,0.0,0,18657.4043,120.0204,51.5215,34.5257,79.4602,1.8556,1.8033,13.1207,1,39951.0,2.2,0.0,0.0,6.0,7.354191025641026,7.554759871794872,7.306436538461539,13.1207,0.0
5422,2012-10-11,SZSE:000768,0.5295,7.56,7.2205,7.8,7.5,18730.7954,7.75,1.9801,136.2162,72.0,272.0697,1.8629,31.2892,52.9173,52.9173,0.0,0.0,0,18062.7759,116.1952,49.8795,33.4253,76.9278,1.7965,1.7459,9.1435,1,39951.0,2.2,0.0,0.0,6.0,7.401967592592593,7.449722222222223,7.163194444444445,9.1435,0.0
5423,2012-10-12,SZSE:000768,0.5453,7.7,7.3542,7.8,7.56,19077.662,7.58,2.0167,138.7387,73.3333,277.1080,1.8974,31.3382,56.0157,56.0157,0.0,0.0,0,18409.6424,118.4266,50.8374,34.0672,78.405,1.831,1.7794,8.3019,1,39951.0,2.2,0.0,0.0,6.0,7.2395890909090905,7.4497090909090895,7.220487272727271,8.3019,0.0
5424,2012-10-15,SZSE:000768,0.5453,7.51,7.1727,7.8,7.46,18606.9145,7.8,1.9581,177.0058,71.5238,NM,1.739,31.686,51.1008,51.1008,0.0,0.0,0,19353.0984,199.3154,61.9668,35.813,82.4231,1.8113,1.8706,5.0498,1,39951.0,2.2,0.0,0.0,6.0,7.449675099866844,7.449675099866844,7.124945672436751,5.0498,0.0
5425,2012-10-16,SZSE:000768,0.5453,7.52,7.1823,7.6,7.5,18631.6907,7.5,1.9608,177.2414,71.6191,NM,1.7414,31.5374,51.3428,51.3428,0.0,0.0,0,19377.8746,199.5705,62.0461,35.8589,82.5287,1.8136,1.873,3.4482,1,39951.0,2.2,0.0,0.0,6.0,7.163198138297872,7.25870744680851,7.163198138297872,3.4482,0.0
5426,2012-10-17,SZSE:000768,0.5453,7.59,7.2491,7.67,7.49,18805.124,7.62,1.979,178.8913,72.2857,NM,1.7576,30.9982,53.0927,53.0927,0.0,0.0,0,19551.3079,201.3567,62.6014,36.1798,83.2673,1.8299,1.8897,4.3134,1,39951.0,2.2,0.0,0.0,6.0,7.2777525691699605,7.325506851119895,7.1535914361001325,4.3134,0.0
5427,2012-10-18,SZSE:000768,0.5453,7.68,7.3351,7.74,7.6,19028.1096,7.65,2.0025,181.0125,73.1429,NM,1.7784,30.9998,55.3176,55.3176,0.0,0.0,0,19774.2935,203.6532,63.3154,36.5925,84.217,1.8507,1.9113,5.7515,1,39951.0,2.2,0.0,0.0,6.0,7.306447265625001,7.39240546875,7.258692708333333,5.7515,0.0
5428,2012-10-19,SZSE:000768,0.5139,7.72,7.3733,7.81,7.61,19127.2144,7.61,2.0129,181.9553,73.5238,NM,1.7877,31.0188,56.3095,56.3095,0.0,0.0,0,19873.3983,204.6739,63.6328,36.7759,84.639,1.86,1.9209,5.6813,1,39951.0,2.2,0.0,0.0,6.0,7.268240025906737,7.459258160621762,7.268240025906737,5.6813,0.0
5429,2012-10-22,SZSE:000768,0.5139,7.72,7.3733,7.76,7.65,19127.2144,7.7,2.0129,181.9553,73.5238,NM,1.7877,30.7279,56.3095,56.3095,0.0,0.0,0,19873.3983,204.6739,63.6328,36.7759,84.639,1.86,1.9209,3.8551,1,39951.0,2.2,0.0,0.0,6.0,7.354198186528499,7.411503626943006,7.306443652849742,3.8551,0.0
5430,2012-10-23,SZSE:000768,0.5139,7.56,7.2205,7.77,7.56,18730.7954,7.74,1.9712,178.1842,72.0,NM,1.7506,30.4432,51.0521,51.0521,0.0,0.0,0,19476.9793,200.5912,62.3635,36.0423,82.9507,1.8229,1.8825,5.9389,1,39951.0,2.2,0.0,0.0,6.0,7.392416666666668,7.421069444444444,7.2205,5.9389,0.0
5431,2012-10-24,SZSE:000768,0.5139,7.54,7.2014,7.61,7.51,18681.243,7.52,1.966,177.7128,71.8095,NM,1.746,30.4385,50.4184,50.4184,0.0,0.0,0,19427.427,200.0809,62.2048,35.9506,82.7397,1.8183,1.8778,2.6672,1,39951.0,2.2,0.0,0.0,6.0,7.182298143236073,7.268256498673741,7.172747214854111,2.6672,0.0
5432,2012-10-25,SZSE:000768,0.5139,7.57,7.23,7.65,7.54,18755.5716,7.58,1.9738,178.4199,72.0952,NM,1.7529,30.2883,51.393,51.393,0.0,0.0,0,19501.7555,200.8464,62.4428,36.0881,83.0562,1.8252,1.8849,3.4896,1,39951.0,2.2,0.0,0.0,6.0,7.239550858652576,7.3064068692206074,7.201347424042273,3.4896,0.0
5433,2012-10-26,SZSE:000768,0.4617,7.34,7.0104,7.62,7.3,18185.7194,7.57,1.9138,172.999,69.9048,NM,1.6997,30.9476,44.2168,44.2168,0.0,0.0,0,18931.9033,194.9775,60.6182,35.0336,80.6293,1.7719,1.8299,4.9474,1,39951.0,2.2,0.0,0.0,6.0,7.230071934604904,7.277826702997276,6.972196185286103,4.9474,0.0
5434,2012-10-29,SZSE:000768,0.4617,7.14,6.8193,7.34,7.1,17690.1957,7.34,1.8722,168.3764,68.0,NM,1.655,31.3413,39.1036,39.1036,0.0,0.0,0,18436.3796,237.0604,62.9256,34.1167,78.5189,1.7255,1.782,6.2967,1,39951.0,2.2,0.0,0.0,6.0,7.01031680672269,7.01031680672269,6.7810966386554625,6.2967,0.0
5435,2012-10-30,SZSE:000768,0.4617,7.08,6.762,7.21,7.08,17541.5386,7.16,1.8565,166.9614,67.4286,NM,1.641,31.3777,37.6953,37.6952,0.0,0.0,0,18287.7225,235.1489,62.4182,33.8416,77.8858,1.7116,1.7676,5.0987,1,39951.0,2.2,0.0,0.0,6.0,6.8384067796610175,6.886161016949152,6.762,5.0987,0.0
5436,2012-10-31,SZSE:000768,0.4617,7.15,6.8289,7.17,7.08,17714.9719,7.12,1.8748,168.6122,86.6667,NM,1.6573,31.1453,40.3925,40.3925,0.0,0.0,0,18461.1558,237.3790,63.0102,34.1625,78.6244,1.7278,1.6682,4.005,1,39951.0,2.2,0.0,0.0,6.0,6.8002472727272725,6.848001818181817,6.762043636363636,4.005,0.0
5437,2012-11-01,SZSE:000768,0.4617,7.26,6.9339,7.38,7.17,17987.5099,7.2,1.9037,171.2062,88.0,NM,1.6828,31.2227,44.4613,44.4613,0.0,0.0,0,18733.6938,240.8834,63.9404,34.6668,79.7851,1.7533,1.6929,9.7061,1,39951.0,2.2,0.0,0.0,6.0,6.8765950413223145,7.048509917355372,6.847942561983472,9.7061,0.0
5438,2012-11-02,SZSE:000768,0.4967,7.26,6.9339,7.32,7.21,17987.5099,7.25,1.9037,171.2062,88.0,NM,1.6828,31.0409,44.4613,44.4613,0.0,0.0,0,18733.6938,240.8834,63.9404,34.6668,79.7851,1.7533,1.6929,5.3959,1,39951.0,2.2,0.0,0.0,6.0,6.924349173553719,6.991204958677686,6.886145867768596,5.3959,0.0
5439,2012-11-05,SZSE:000768,0.4967,7.28,6.953,7.32,7.21,18037.0622,7.29,1.9089,171.6779,88.2424,NM,1.6874,30.7579,45.2494,45.2494,0.0,0.0,0,18783.2462,241.5205,64.1095,34.7585,79.9962,1.758,1.6973,4.5406,1,39951.0,2.2,0.0,0.0,6.0,6.962550824175825,6.991203296703297,6.88614423076923,4.5406,0.0
5440,2012-11-06,SZSE:000768,0.4967,7.2,6.8766,7.34,7.09,17838.8528,7.3,1.8879,169.7913,87.2727,NM,1.6689,30.7516,42.6429,42.6429,0.0,0.0,0,18585.0367,238.9719,63.433,34.3917,79.152,1.7394,1.6794,5.1392,1,39951.0,2.2,0.0,0.0,6.0,6.972108333333333,7.010311666666666,6.771540833333333,5.1392,0.0
5441,2012-11-07,SZSE:000768,0.4967,7.26,6.9339,7.31,7.16,17987.5099,7.21,1.9037,171.2062,88.0,NM,1.6828,30.7895,45.1928,45.1928,0.0,0.0,0,18733.6938,240.8834,63.9404,34.6668,79.7851,1.7533,1.6929,3.187,1,39951.0,2.2,0.0,0.0,6.0,6.886145867768596,6.981654132231405,6.838391735537191,3.187,0.0
5442,2012-11-08,SZSE:000768,0.4967,7.2,6.8766,7.33,7.13,17838.8528,7.25,1.8879,169.7913,87.2727,NM,1.6689,30.7769,43.128,43.128,0.0,0.0,0,18585.0367,238.9719,63.433,34.3917,79.152,1.7394,1.6794,7.1776,1,39951.0,2.2,0.0,0.0,6.0,6.924354166666666,7.000760833333333,6.809744166666666,7.1776,0.0
5443,2012-11-09,SZSE:000768,0.4938,7.26,6.9339,7.28,7.1,17987.5099,7.19,1.9037,171.2062,88.0,NM,1.6828,30.7943,45.7951,45.7951,0.0,0.0,0,18733.6938,240.8834,63.9404,34.6668,79.7851,1.7533,1.6929,4.8589,1,39951.0,2.2,0.0,0.0,6.0,6.867044214876034,6.9530016528925636,6.781086776859505,4.8589,0.0
5444,2012-11-12,SZSE:000768,0.4938,7.44,7.1059,7.5,7.27,19744.5288,7.28,1.9509,175.451,90.1818,NM,1.7245,31.1057,52.9272,52.9272,0.0,0.0,0,20490.7127,263.4756,69.9373,37.9182,87.2681,1.9178,1.8516,11.7048,1,39951.0,2.2,0.0,0.0,6.0,6.95308494623656,7.16320564516129,6.9435340053763435,11.7048,0.0
5445,2012-11-13,SZSE:000768,0.4938,7.17,6.848,7.48,7.15,19027.9934,7.48,1.8801,169.0838,86.9091,NM,1.6619,31.8014,43.6496,43.6496,0.0,0.0,0,19774.1773,254.2622,67.4917,36.5923,84.2165,1.8507,1.7869,7.0522,1,39951.0,2.2,0.0,0.0,6.0,7.144078103207811,7.144078103207811,6.828898186889819,7.0522,0.0
5446,2012-11-14,SZSE:000768,0.4938,7.19,6.8671,7.35,7.12,19081.0701,7.27,1.8853,169.5555,87.1515,NM,1.6665,31.4884,44.4267,44.4267,0.0,0.0,0,19827.254,254.9447,67.6728,36.6905,84.4425,1.8557,1.7917,6.1006,1,39951.0,2.2,0.0,0.0,6.0,6.943507232267037,7.019914464534074,6.800243671766341,6.1006,0.0
5447,2012-11-15,SZSE:000768,0.4938,7.13,6.8098,7.26,7.07,18921.84,7.11,1.8696,168.1406,86.4242,NM,1.6526,31.2401,42.5317,42.5318,0.0,0.0,0,19668.024,252.8973,67.1294,36.3958,83.7644,1.8408,1.7773,5.0581,1,39951.0,2.2,0.0,0.0,6.0,6.790698176718093,6.9339618513323975,6.752494530154278,5.0581,0.0
5448,2012-11-16,SZSE:000768,0.5246,7.07,6.7525,7.18,6.97,18762.61,7.15,1.8538,166.7256,85.697,NM,1.6387,31.2686,40.6639,40.6639,0.0,0.0,0,19508.7939,250.8498,66.5859,36.1012,83.0862,1.8259,1.7629,5.466,1,39951.0,2.2,0.0,0.0,6.0,6.828907355021216,6.857560113154173,6.6569908062234795,5.466,0.0
5449,2012-11-19,SZSE:000768,0.5246,7.03,6.7143,7.13,7.02,18656.4566,7.07,1.8434,165.7823,85.2121,NM,1.6295,31.0251,39.4209,39.4209,0.0,0.0,0,19402.6405,249.4849,66.2236,35.9047,82.6341,1.8159,1.7533,3.5743,1,39951.0,2.2,0.0,0.0,6.0,6.7525036984352775,6.809809246088193,6.70474907539118,3.5743,0.0
5450,2012-11-20,SZSE:000768,0.5246,7.04,6.7238,7.1,7.0,18682.9949,7.06,1.846,166.0182,85.3333,NM,1.6318,30.9729,39.9154,39.9154,0.0,0.0,0,19429.1789,249.8261,66.3141,35.9538,82.7472,1.8184,1.7557,3.4951,1,39951.0,2.2,0.0,0.0,6.0,6.742901704545454,6.781105113636364,6.68559659090909,3.4951,0.0
5451,2012-11-21,SZSE:000768,0.5246,7.13,6.8098,7.14,7.01,18921.84,7.08,1.8696,168.1406,86.4242,NM,1.6526,31.1026,44.3203,44.3203,0.0,0.0,0,19668.024,252.8973,67.1294,36.3958,83.7644,1.8408,1.7773,3.6933,1,39951.0,2.2,0.0,0.0,6.0,6.762045441795231,6.819350911640954,6.6951890603085555,3.6933,0.0
5452,2012-11-22,SZSE:000768,0.5246,7.08,6.762,7.14,7.07,18789.1483,7.1,1.8565,166.9614,85.8182,NM,1.641,31.1247,42.458,42.458,0.0,0.0,0,19535.3322,251.1911,66.6765,36.1503,83.1992,1.8284,1.7653,2.4054,1,39951.0,2.2,0.0,0.0,6.0,6.781101694915253,6.819305084745762,6.752449152542373,2.4054,0.0
5453,2012-11-23,SZSE:000768,0.4796,7.08,6.762,7.14,7.08,18789.1483,7.13,1.8565,166.9614,85.8182,NM,1.641,31.1057,42.458,42.458,0.0,0.0,0,19535.3322,251.1911,66.6765,36.1503,83.1992,1.8284,1.7653,1.9181,1,39951.0,2.2,0.0,0.0,6.0,6.809754237288135,6.819305084745762,6.762,1.9181,0.0
5454,2012-11-26,SZSE:000768,0.4796,7.1,6.7811,7.18,7.09,18842.225,7.11,1.8617,167.4331,86.0606,NM,1.6457,31.1152,43.5582,43.5582,0.0,0.0,0,19588.4089,251.8735,66.8576,36.2485,83.4253,1.8333,1.7701,2.8347,1,39951.0,2.2,0.0,0.0,6.0,6.790650845070423,6.85750676056338,6.771549154929578,2.8347,0.0
5455,2012-11-27,SZSE:000768,0.4796,6.95,6.6379,7.1,6.95,18444.1498,7.06,1.8224,163.8958,84.2424,NM,1.6109,30.5444,37.7314,37.7314,0.0,0.0,0,19190.3338,246.7550,65.4989,35.5118,81.7299,1.7961,1.7341,4.9131,1,39951.0,2.2,0.0,0.0,6.0,6.742960287769783,6.781164028776978,6.6379,4.9131,0.0
5456,2012-11-28,SZSE:000768,0.4796,6.77,6.466,6.99,6.73,17966.4596,6.96,1.7752,159.651,82.0606,NM,1.5692,30.9587,32.17,32.17,0.0,0.0,0,18712.6435,240.6127,63.8685,34.6279,79.6955,1.7514,1.691,3.9056,1,39951.0,2.2,0.0,0.0,6.0,6.647468242245199,6.676121122599705,6.427796159527327,3.9056,0.0
5457,2012-11-29,SZSE:000768,0.4796,6.75,6.4468,6.85,6.75,17913.3829,6.78,1.7699,159.1793,81.8182,NM,1.5646,30.8275,31.6125,31.6125,0.0,0.0,0,18659.5669,239.9302,63.6874,34.5297,79.4694,1.7464,1.6862,3.2713,1,39951.0,2.2,0.0,0.0,6.0,6.475452444444445,6.542308148148148,6.4468,3.2713,0.0
5458,2012-11-30,SZSE:000768,0.6864,6.76,6.4564,6.81,6.73,17939.9213,6.75,1.7726,159.4152,81.9394,NM,1.5669,30.8085,32.2448,32.2448,0.0,0.0,0,18686.1052,240.2715,63.7779,34.5788,79.5825,1.7489,1.6886,3.9881,1,39951.0,2.2,0.0,0.0,6.0,6.446849112426036,6.504154437869822,6.427747337278108,3.9881,0.0
5459,2012-12-03,SZSE:000768,0.6864,6.72,6.4182,6.83,6.71,17833.7679,6.78,1.7621,158.4719,81.4546,NM,1.5576,30.9002,31.0097,31.0097,0.0,0.0,0,18579.9518,238.9065,63.4156,34.3823,79.1304,1.739,1.679,2.9521,1,39951.0,2.2,0.0,0.0,6.0,6.475505357142857,6.523259821428572,6.408649107142857,2.9521,0.0
5460,2012-12-04,SZSE:000768,0.6864,6.8,6.4946,6.85,6.7,18046.0747,6.73,1.783,160.3585,82.4242,NM,1.5761,30.7437,36.2675,36.2675,0.0,0.0,0,18792.2586,241.6364,64.1403,34.7752,80.0346,1.7588,1.6981,5.0565,1,39951.0,2.2,0.0,0.0,6.0,6.427743823529412,6.5423544117647054,6.399091176470589,5.0565,0.0
5461,2012-12-05,SZSE:000768,0.6864,7.01,6.6952,7.12,6.77,18603.3799,6.8,1.8381,165.3107,84.9697,NM,1.6248,30.9255,47.5644,47.5644,0.0,0.0,0,19349.5638,248.8024,66.0424,35.8065,82.4081,1.811,1.7485,8.5472,1,39951.0,2.2,0.0,0.0,6.0,6.494630527817403,6.800260199714693,6.465977746077033,8.5472,0.0
5462,2012-12-06,SZSE:000768,0.6864,7.09,6.7716,7.29,7.04,18815.6867,7.05,1.8591,167.1973,85.9394,NM,1.6434,31.014,51.119,51.119,0.0,0.0,0,19561.8706,251.5323,66.767,36.1994,83.3123,1.8309,1.7677,9.7239,1,39951.0,2.2,0.0,0.0,6.0,6.733396332863188,6.962618335684062,6.7238454160789844,9.7239,0.0
5463,2012-12-07,SZSE:000768,0.7176,7.14,6.8193,7.18,7.02,18948.3784,7.09,1.8722,168.3764,86.5455,NM,1.655,30.2092,53.252,53.2521,0.0,0.0,0,19694.5623,253.2385,67.2199,36.4449,83.8774,1.8433,1.7797,7.9713,1,39951.0,2.2,0.0,0.0,6.0,6.771545798319328,6.857503361344538,6.704689915966386,7.9713,0.0
5464,2012-12-10,SZSE:000768,0.7176,7.17,6.848,7.25,7.15,19027.9934,7.22,1.8801,169.0838,86.9091,NM,1.6619,30.1555,54.534,54.534,0.0,0.0,0,19774.1773,254.2622,67.4917,36.5923,84.2165,1.8507,1.7869,7.3369,1,39951.0,2.2,0.0,0.0,6.0,6.895754532775453,6.924407252440726,6.828898186889819,7.3369,0.0
5465,2012-12-11,SZSE:000768,0.7176,7.25,6.9244,7.34,7.12,19240.3002,7.16,1.901,170.9704,87.8788,NM,1.6804,29.9104,57.8532,57.8532,0.0,0.0,0,19986.4841,256.9921,68.2163,36.9851,85.1207,1.8706,1.8061,10.9027,1,39951.0,2.2,0.0,0.0,6.0,6.838441931034483,7.010358068965518,6.800238344827587,10.9027,0.0
5466,2012-12-12,SZSE:000768,0.7176,7.21,6.8862,7.3,7.18,19134.1468,7.26,1.8906,170.0271,87.3939,NM,1.6712,29.7602,55.665,55.665,0.0,0.0,0,19880.3307,255.6272,67.854,36.7887,84.6686,1.8607,1.7965,4.6824,1,39951.0,2.2,0.0,0.0,6.0,6.933954507628294,6.972158113730929,6.857547295423023,4.6824,0.0
5467,2012-12-13,SZSE:000768,0.7176,7.12,6.8002,7.24,7.11,18895.3017,7.2,1.867,167.9047,86.303,NM,1.6503,27.4169,50.9917,50.9918,0.0,0.0,0,19641.4856,252.5560,67.0388,36.3467,83.6513,1.8383,1.7749,3.9322,1,39951.0,2.2,0.0,0.0,6.0,6.876606741573034,6.91481011235955,6.790649157303371,3.9322,0.0
5468,2012-12-14,SZSE:000768,0.6506,7.33,7.0008,7.34,7.14,19452.607,7.18,1.922,172.857,88.8485,NM,1.699,27.7348,59.5294,59.5294,0.0,0.0,0,20198.7909,259.7220,68.9409,37.378,86.0249,1.8905,1.8252,11.182,1,39951.0,2.2,0.0,0.0,6.0,6.857536698499318,7.010350886766712,6.819333151432469,11.182,0.0
5469,2012-12-17,SZSE:000768,0.6506,7.35,7.0199,7.42,7.31,19505.6836,7.35,1.9273,173.3286,95.8279,NM,1.7036,27.2335,60.2399,60.2399,0.0,0.0,0,20251.8676,260.4045,69.1221,37.4762,86.2509,1.8954,1.83,7.7926,1,39951.0,2.2,0.0,0.0,6.0,7.0199,7.08675619047619,6.981696462585034,7.7926,0.0
5470,2012-12-18,SZSE:000768,0.6506,7.46,7.125,7.62,7.31,19797.6054,7.35,1.9561,175.9227,97.2621,NM,1.7291,26.5868,63.9845,63.9845,0.0,0.0,0,20543.7894,264.1581,70.1185,38.0164,87.4942,1.9228,1.8564,12.9295,1,39951.0,2.2,0.0,0.0,6.0,7.0199396782841825,7.277815013404826,6.981735924932976,12.9295,0.0
5471,2012-12-19,SZSE:000768,0.6506,7.38,7.0486,7.5,7.37,19585.2987,7.45,1.9351,174.0361,96.219,NM,1.7106,26.6027,59.589,59.589,0.0,0.0,0,20331.4826,261.4282,69.3938,37.6236,86.59,1.9029,1.8372,5.9148,1,39951.0,2.2,0.0,0.0,6.0,7.115456639566397,7.163211382113822,7.039049051490515,5.9148,0.0
5472,2012-12-20,SZSE:000768,0.6506,7.45,7.1154,7.45,7.3,19771.0671,7.39,1.9535,175.6868,97.1317,NM,1.7268,26.3576,62.0459,62.0459,0.0,0.0,0,20517.251,263.8169,70.0279,37.9673,87.3812,1.9203,1.854,6.4072,1,39951.0,2.2,0.0,0.0,6.0,7.0580947651006705,7.1154,6.972136912751678,6.4072,0.0
5473,2012-12-21,SZSE:000768,0.7151,7.42,7.0868,7.49,7.33,19691.4521,7.45,1.9456,174.9794,96.7406,NM,1.7199,25.118,60.3524,60.3524,0.0,0.0,0,20437.636,262.7931,69.7561,37.82,87.0421,1.9128,1.8468,6.1858,1,39951.0,2.2,0.0,0.0,6.0,7.11545283018868,7.153656603773586,7.000841509433963,6.1858,0.0
5474,2012-12-24,SZSE:000768,0.7151,7.46,7.125,7.53,7.4,19797.6054,7.45,1.9561,175.9227,97.2621,NM,1.7291,24.9867,61.8476,61.8477,0.0,0.0,0,20543.7894,264.1581,70.1185,38.0164,87.4942,1.9228,1.8564,5.9477,1,39951.0,2.2,0.0,0.0,6.0,7.115449061662199,7.191856568364612,7.067694369973191,5.9477,0.0
5475,2012-12-25,SZSE:000768,0.7151,7.67,7.3255,7.71,7.41,20354.9107,7.49,2.0112,180.8749,100.0,NM,1.7778,25.5844,68.5531,68.5531,0.0,0.0,0,21101.0946,271.3241,72.0206,39.0477,89.8677,1.9749,1.9068,15.4094,1,39951.0,2.2,0.0,0.0,6.0,7.153584745762712,7.363703389830509,7.0771779661016945,15.4094,0.0
5476,2012-12-26,SZSE:000768,0.7151,7.77,7.421,7.79,7.63,20620.2941,7.71,2.0374,183.2331,101.3038,NM,1.801,25.0974,71.1531,71.1531,0.0,0.0,0,21366.478,274.7365,72.9264,39.5388,90.9979,1.9997,1.9308,13.1113,1,39951.0,2.2,0.0,0.0,6.0,7.363694980694981,7.440101673101674,7.2872882882882895,13.1113,0.0
5477,2012-12-27,SZSE:000768,0.7151,8.08,7.7171,8.43,7.84,21442.9828,7.85,2.1187,190.5436,105.3455,NM,1.8728,26.0572,77.393,77.393,0.0,0.0,0,22189.1667,285.3148,75.7343,41.0612,94.5017,2.0767,2.0051,29.8072,1,39951.0,2.2,0.0,0.0,6.0,7.497430074257426,8.051380321782178,7.487879207920792,29.8072,0.0
5478,2012-12-28,SZSE:000768,0.7468,8.12,7.7553,8.37,8.08,21549.1362,8.13,2.1292,191.4869,105.867,NM,1.8821,25.7726,78.0527,78.0527,0.0,0.0,0,22295.3201,286.6798,76.0966,41.2576,94.9538,2.0867,2.0147,16.5897,1,39951.0,2.2,0.0,0.0,6.0,7.764850862068967,7.994071551724138,7.717096551724139,16.5897,0.0
5479,2012-12-31,SZSE:000768,0.7468,8.32,7.9463,8.42,8.03,22079.9031,8.14,2.1816,196.2033,108.4746,NM,1.9285,25.9607,81.033,81.033,0.0,0.0,0,22826.087,293.5046,77.9082,42.2398,97.2143,2.1364,2.0627,18.8641,1,39951.0,2.2,0.0,0.0,6.0,7.774384855769231,8.041808413461537,7.669325600961537,18.8641,0.0
5480,2013-01-01,SZSE:000768,0.7468,0.0,7.9463,0.0,0.0,22079.9031,0.0,2.1816,196.2033,108.4746,NM,1.9285,25.9607,81.033,81.033,0.0,0.0,0,22826.087,293.5046,77.9082,42.2398,97.2143,2.1364,2.0627,0.0,1,39951.0,2.2,0.0,0.0,6.0,0.0,0.0,0.0,0.0,0.0
5481,2013-01-02,SZSE:000768,0.7468,0.0,7.9463,0.0,0.0,22079.9031,0.0,2.1816,196.2033,108.4746,NM,1.9285,25.9607,81.033,81.033,0.0,0.0,0,22826.087,293.5046,77.9082,42.2398,97.2143,2.1364,2.0627,0.0,1,39951.0,2.2,0.0,0.0,6.0,0.0,0.0,0.0,0.0,0.0
5482,2013-01-03,SZSE:000768,0.7468,0.0,7.9463,0.0,0.0,22079.9031,0.0,2.1816,196.2033,108.4746,NM,1.9285,25.9607,81.033,81.033,0.0,0.0,0,22826.087,293.5046,77.9082,42.2398,97.2143,2.1364,2.0627,0.0,1,39951.0,2.2,0.0,0.0,6.0,0.0,0.0,0.0,0.0,0.0
5483,2013-01-04,SZSE:000768,0.75,8.23,7.8604,8.4,8.15,21841.058,8.37,2.158,194.0809,107.3012,NM,1.9076,25.8801,76.0297,76.0297,0.0,0.0,0,22587.2419,290.4334,77.093,41.7978,96.1971,2.114,2.0411,12.0888,1,39951.0,2.2,0.0,0.0,6.0,7.994112758201699,8.022765492102065,7.783992709599029,12.0888,0.0
5484,2013-01-07,SZSE:000768,0.75,8.65,8.2615,8.84,8.21,22955.6685,8.23,2.2681,203.9854,112.7771,NM,2.0049,27.379,81.7063,81.7063,0.0,0.0,0,23701.8524,NM,80.8973,43.8604,100.9441,2.2183,2.1418,27.4429,1,39951.0,2.2,0.0,0.0,6.0,7.860363583815029,8.442966473988438,7.841261849710983,27.4429,0.0
5485,2013-01-08,SZSE:000768,0.75,8.69,8.2997,8.9,8.59,23061.8219,8.6,2.2786,204.9287,113.2986,NM,2.0142,26.5884,82.1401,82.1401,0.0,0.0,0,23808.0058,NM,81.2596,44.0569,101.3962,2.2283,2.1514,21.1824,1,39951.0,2.2,0.0,0.0,6.0,8.213742232451093,8.500268124280783,8.204191369390102,21.1824,0.0
5486,2013-01-09,SZSE:000768,0.75,8.5,8.1183,8.69,8.4,22557.5933,8.69,2.2288,200.4481,110.8214,NM,1.9702,26.7861,73.2543,73.2543,0.0,0.0,0,23303.7772,299.6468,79.5386,43.1238,99.2487,2.1811,2.1058,13.7846,1,39951.0,2.2,0.0,0.0,6.0,8.29976788235294,8.29976788235294,8.022790588235294,13.7846,0.0
5487,2013-01-10,SZSE:000768,0.75,8.49,8.1087,8.68,8.39,22531.055,8.49,2.2262,200.2122,110.691,NM,1.9679,26.6691,72.8078,72.8078,0.0,0.0,0,23277.2389,299.3056,79.448,43.0747,99.1357,2.1786,2.1034,13.7529,1,39951.0,2.2,0.0,0.0,6.0,8.1087,8.290166784452296,8.013191166077739,13.7529,0.0
5488,2013-01-11,SZSE:000768,0.7352,8.77,8.3761,9.15,8.62,23274.1286,8.63,2.2996,206.8152,114.3416,NM,2.0328,26.5489,77.0291,77.0291,0.0,0.0,0,24020.3126,NM,81.9842,44.4498,102.3004,2.2481,2.1706,35.2565,1,39951.0,2.2,0.0,0.0,6.0,8.24238802736602,8.739032497149372,8.232837172177879,35.2565,0.0
5489,2013-01-14,SZSE:000768,0.7352,9.65,9.2166,9.65,8.71,25609.503,8.71,2.5304,227.5675,118.1151,NM,2.2367,32.271,84.9412,84.9412,0.0,0.0,0,26355.6869,NM,89.9552,46.6007,99.1019,2.4667,2.3105,58.7203,1,39951.0,2.2,0.0,0.0,6.0,8.31881720207254,9.2166,8.31881720207254,58.7203,0.0
5490,2013-01-15,SZSE:000768,0.7352,10.05,9.5986,10.6,9.81,26671.0368,9.86,2.6352,237.0004,115.6502,NM,2.3294,32.573,87.1139,87.1139,0.0,0.0,0,27417.2207,NM,93.5783,48.4776,103.0935,2.5661,2.4035,79.5001,1,39951.0,2.2,0.0,0.0,6.0,9.417133930348257,10.123896517412934,9.369379701492537,79.5001,0.0
5491,2013-01-16,SZSE:000768,0.7352,10.69,10.2099,10.69,10.02,28369.4909,10.11,2.8031,252.0929,123.015,NM,2.4778,34.4941,89.6797,89.6797,0.0,0.0,0,29115.6748,NM,99.3753,51.4808,109.4799,2.725,2.5524,73.9912,1,39951.0,2.2,0.0,0.0,6.0,9.655948456501402,10.2099,9.56999045837231,73.9912,0.0
5492,2013-01-17,SZSE:000768,0.7352,9.92,9.4745,10.66,9.63,26326.0383,10.66,2.6012,233.9347,114.1542,NM,2.2993,38.0137,71.2887,71.2887,0.0,0.0,0,27072.2222,NM,92.4008,47.8676,101.7962,2.5338,2.3733,56.9688,1,39951.0,2.2,0.0,0.0,6.0,10.181267137096777,10.181267137096777,9.19752368951613,56.9688,0.0
5493,2013-01-18,SZSE:000768,0.7575,10.0,9.5509,10.23,9.92,26538.3451,9.95,2.6221,235.8213,115.0748,NM,2.3179,37.99,71.9327,71.9327,0.0,0.0,0,27284.529,NM,93.1254,48.243,102.5945,2.5536,2.3919,29.0327,1,39951.0,2.2,0.0,0.0,6.0,9.503145499999999,9.770570700000002,9.4744928,29.0327,0.0
5494,2013-01-21,SZSE:000768,0.7575,10.04,9.5891,10.25,9.6,26644.4985,10.01,2.6326,236.7645,115.5351,NM,2.3271,37.99,72.2677,72.2676,0.0,0.0,0,27390.6824,NM,93.4877,48.4307,102.9937,2.5636,2.4012,34.5793,1,39951.0,2.2,0.0,0.0,6.0,9.560447310756974,9.789668824701195,9.168860557768925,34.5793,0.0
5495,2013-01-22,SZSE:000768,0.7575,9.71,9.2739,10.0,9.67,25768.7331,10.0,2.5461,228.9824,111.7376,NM,2.2506,38.7142,65.3398,65.3398,0.0,0.0,0,26514.917,NM,90.4986,46.8822,99.7006,2.4816,2.3244,22.0603,1,39951.0,2.2,0.0,0.0,6.0,9.550875386199792,9.550875386199792,9.2356964984552,22.0603,0.0
5496,2013-01-23,SZSE:000768,0.7575,10.24,9.7801,10.24,9.67,27175.2654,9.67,2.6851,241.481,117.8366,NM,2.3735,39.6202,70.2693,70.2693,0.0,0.0,0,27921.4493,NM,95.2993,49.3692,104.9894,2.6132,2.4477,40.7722,1,39951.0,2.2,0.0,0.0,6.0,9.235699902343748,9.7801,9.235699902343748,40.7722,0.0
5497,2013-01-24,SZSE:000768,0.7575,10.89,10.4009,11.2,10.24,28900.2578,10.5,2.8555,256.8093,125.3165,NM,2.5241,41.1649,74.9709,74.9709,0.0,0.0,0,29646.4417,NM,101.1869,52.4192,111.4757,2.7747,2.599,77.8888,1,39951.0,2.2,0.0,0.0,6.0,10.028415977961432,10.69697704315886,9.780093296602388,77.8888,0.0
5498,2013-01-25,SZSE:000768,0.7398,10.61,10.1335,11.12,10.44,28157.1841,10.7,2.7821,250.2063,122.0944,NM,2.4592,41.6519,69.8468,69.8469,0.0,0.0,0,28903.3681,NM,98.6507,51.1054,108.6816,2.7051,2.5338,53.3773,1,39951.0,2.2,0.0,0.0,6.0,10.219458058435439,10.620595664467482,9.971134778510839,53.3773,0.0
5499,2013-01-28,SZSE:000768,0.7398,11.67,11.1459,11.67,11.05,30970.2487,11.11,3.06,275.2034,113.8537,NM,2.7049,44.6925,76.4179,76.4179,0.0,0.0,0,31716.4326,NM,108.252,56.0793,94.3327,2.9684,2.6957,40.9156,1,39951.0,2.2,0.0,0.0,10.5,10.611049614395887,11.1459,10.553744215938304,40.9156,0.0
5500,2013-01-29,SZSE:000768,0.7398,12.01,11.4706,12.59,11.6,31872.5525,12.59,3.1492,283.2213,117.1707,NM,2.7837,44.3225,78.0688,78.0688,0.0,0.0,0,32618.7364,NM,111.3317,51.4439,92.0376,3.0529,2.6398,126.1718,1,39951.0,2.2,0.0,0.0,10.5,12.024550707743545,12.024550707743545,11.07901415487094,126.1718,0.0
5501,2013-01-30,SZSE:000768,0.7398,12.18,11.633,12.41,11.6,32323.7043,11.81,3.1938,287.2303,118.8293,NM,2.8232,44.2071,78.8655,78.8655,0.0,0.0,0,33069.8882,NM,112.8715,52.1554,93.3106,3.0951,2.6763,100.4111,1,39951.0,2.2,0.0,0.0,10.5,11.279616584564861,11.852670771756978,11.079047619047618,100.4111,0.0
5502,2013-01-31,SZSE:000768,0.7398,11.46,10.9453,12.04,11.33,30412.9435,12.0,3.005,270.2512,111.8049,NM,2.6563,46.3258,67.6557,67.6557,0.0,0.0,0,31159.1274,NM,106.3499,49.1419,87.9192,2.9163,2.5217,67.0931,1,39951.0,2.2,0.0,0.0,10.5,11.461047120418847,11.49925061082024,10.82113865619546,67.0931,0.0
5503,2013-02-01,SZSE:000768,0.7522,11.4,10.888,11.65,11.26,30253.7134,11.46,2.9892,268.8362,111.2195,NM,2.6424,46.3669,66.8036,66.8036,0.0,0.0,0,30999.8973,NM,105.8064,48.8908,87.4699,2.9014,2.5088,36.9503,1,39951.0,2.2,0.0,0.0,10.5,10.945305263157895,11.12677192982456,10.754287719298246,36.9503,0.0
5504,2013-02-04,SZSE:000768,0.7522,11.53,11.0122,11.87,11.37,30598.7119,11.39,3.0233,271.9019,112.4878,NM,2.6725,46.3511,67.7513,67.7513,0.0,0.0,0,31344.8958,NM,106.9839,49.4349,88.4433,2.9337,2.5367,40.2208,1,39951.0,2.2,0.0,0.0,10.5,10.878487250650478,11.336930962705985,10.85938542931483,40.2208,0.0
5505,2013-02-05,SZSE:000768,0.7522,11.1,10.6015,11.38,10.94,29457.5631,11.35,2.9106,261.7616,108.2927,NM,2.5728,47.216,61.4971,61.4971,0.0,0.0,0,30203.747,NM,103.0891,47.6352,85.2235,2.8269,2.4443,37.832,1,39951.0,2.2,0.0,0.0,10.5,10.840272522522522,10.868925225225228,10.448685585585586,37.832,0.0
5506,2013-02-06,SZSE:000768,0.7522,11.16,10.6588,11.36,11.02,29616.7931,11.12,2.9263,263.1765,108.8781,NM,2.5867,47.0816,62.0239,62.0239,0.0,0.0,0,30362.977,NM,103.6325,47.8863,85.6727,2.8418,2.4572,25.2829,1,39951.0,2.2,0.0,0.0,10.5,10.620596415770608,10.84981792114695,10.52508745519713,25.2829,0.0
5507,2013-02-07,SZSE:000768,0.7522,11.7,11.1745,11.84,11.05,31049.8638,11.1,3.0679,275.9109,114.1463,NM,2.7119,47.7599,66.4702,66.4702,0.0,0.0,0,31796.0477,NM,108.5238,50.1464,89.7163,2.9759,2.5732,58.1188,1,39951.0,2.2,0.0,0.0,10.5,10.601448717948719,11.308211965811966,10.553694444444446,58.1188,0.0
5508,2013-02-08,SZSE:000768,0.7447,11.51,10.9931,11.79,11.47,30545.6352,11.55,3.0181,271.4303,112.2927,NM,2.6679,47.8959,63.6466,63.6466,0.0,0.0,0,31291.8191,NM,106.8028,49.3512,88.2936,2.9287,2.5324,32.1433,1,39951.0,2.2,0.0,0.0,10.5,11.03130364900087,11.26052554300608,10.954896350999132,32.1433,0.0
5509,2013-02-11,SZSE:000768,0.7447,0.0,10.9931,0.0,0.0,30545.6352,0.0,3.0181,271.4303,112.2927,NM,2.6679,47.8959,63.6466,63.6466,0.0,0.0,0,31291.8191,NM,106.8028,49.3512,88.2936,2.9287,2.5324,0.0,1,39951.0,2.2,0.0,0.0,10.5,0.0,0.0,0.0,0.0,0.0
5510,2013-02-12,SZSE:000768,0.7447,0.0,10.9931,0.0,0.0,30545.6352,0.0,3.0181,271.4303,112.2927,NM,2.6679,47.8959,63.6466,63.6466,0.0,0.0,0,31291.8191,NM,106.8028,49.3512,88.2936,2.9287,2.5324,0.0,1,39951.0,2.2,0.0,0.0,10.5,0.0,0.0,0.0,0.0,0.0
5511,2013-02-13,SZSE:000768,0.7447,0.0,10.9931,0.0,0.0,30545.6352,0.0,3.0181,271.4303,112.2927,NM,2.6679,47.8959,63.6466,63.6466,0.0,0.0,0,31291.8191,NM,106.8028,49.3512,88.2936,2.9287,2.5324,0.0,1,39951.0,2.2,0.0,0.0,10.5,0.0,0.0,0.0,0.0,0.0
5512,2013-02-14,SZSE:000768,0.7447,0.0,10.9931,0.0,0.0,30545.6352,0.0,3.0181,271.4303,112.2927,NM,2.6679,47.8959,63.6466,63.6466,0.0,0.0,0,31291.8191,NM,106.8028,49.3512,88.2936,2.9287,2.5324,0.0,1,39951.0,2.2,0.0,0.0,10.5,0.0,0.0,0.0,0.0,0.0
5513,2013-02-15,SZSE:000768,0.738,0.0,10.9931,0.0,0.0,30545.6352,0.0,3.0181,271.4303,112.2927,NM,2.6679,47.8959,63.6466,63.6466,0.0,0.0,0,31291.8191,NM,106.8028,49.3512,88.2936,2.9287,2.5324,0.0,1,39951.0,2.2,0.0,0.0,10.5,0.0,0.0,0.0,0.0,0.0
5514,2013-02-18,SZSE:000768,0.738,11.64,11.1172,11.76,11.35,30890.6337,11.62,3.0522,274.4959,113.561,NM,2.698,48.6848,64.7499,64.7499,0.0,0.0,0,31636.8176,NM,107.9803,49.8953,89.267,2.961,2.5603,36.2396,1,39951.0,2.2,0.0,0.0,10.5,11.09809828178694,11.23181030927835,10.840225085910651,36.2396,0.0
5515,2013-02-19,SZSE:000768,0.738,11.47,10.9549,11.68,11.22,30439.4818,11.65,3.0076,270.487,111.9024,NM,2.6586,48.8366,62.0958,62.0958,0.0,0.0,0,31185.6657,NM,106.4405,49.1838,87.9941,2.9188,2.5238,22.5635,1,39951.0,2.2,0.0,0.0,10.5,11.126816477768092,11.155469224062772,10.716127114210986,22.5635,0.0
5516,2013-02-20,SZSE:000768,0.738,11.43,10.9167,11.65,11.31,30333.3284,11.45,2.9971,269.5437,111.5122,NM,2.6493,48.8777,61.4575,61.4575,0.0,0.0,0,31079.5124,NM,106.0782,49.0163,87.6945,2.9088,2.5152,20.9652,1,39951.0,2.2,0.0,0.0,10.5,10.935801837270342,11.126820209973754,10.802088976377954,20.9652,0.0
5517,2013-02-21,SZSE:000768,0.738,10.9,10.4105,11.34,10.83,28926.7962,11.33,2.8581,257.0452,106.3415,NM,2.5265,50.2217,53.5957,53.5957,0.0,0.0,0,29672.9801,NM,101.2775,46.7981,83.7258,2.7772,2.4014,30.9092,1,39951.0,2.2,0.0,0.0,10.5,10.821189449541285,10.830740366972476,10.343643577981652,30.9092,0.0
5518,2013-02-22,SZSE:000768,0.7313,10.94,10.4487,11.35,10.77,29032.9495,10.88,2.8686,257.9884,106.7317,NM,2.5357,50.1363,54.0732,54.0732,0.0,0.0,0,29779.1334,NM,101.6398,46.9655,84.0254,2.7871,2.41,25.5808,1,39951.0,2.2,0.0,0.0,10.5,10.391394515539307,10.840287477148081,10.286334460694698,25.5808,0.0
5519,2013-02-25,SZSE:000768,0.7313,10.95,10.4582,11.11,10.81,29059.4879,11.06,2.8712,258.2243,106.8293,NM,2.5381,50.1316,54.2001,54.2001,0.0,0.0,0,29805.6718,NM,101.7304,47.0073,84.1002,2.7896,2.4121,14.6678,1,39951.0,2.2,0.0,0.0,10.5,10.563259543378997,10.61101388127854,10.32448785388128,14.6678,0.0
5520,2013-02-26,SZSE:000768,0.7313,11.1,10.6015,11.36,10.68,29457.5631,10.83,2.9106,261.7616,108.2927,NM,2.5728,50.1363,56.1568,56.1568,0.0,0.0,0,30203.747,NM,103.0891,47.6352,85.2235,2.8269,2.4443,40.2364,1,39951.0,2.2,0.0,0.0,10.5,10.343625675675675,10.849823423423423,10.200362162162163,40.2364,0.0
5521,2013-02-27,SZSE:000768,0.7313,11.35,10.8403,11.45,10.91,30121.0217,11.01,2.9761,267.6571,110.7317,NM,2.6308,49.8454,59.2793,59.2793,0.0,0.0,0,30867.2056,NM,105.3535,48.6815,87.0955,2.8889,2.498,42.1069,1,39951.0,2.2,0.0,0.0,10.5,10.515568546255505,10.935809251101322,10.420059295154184,42.1069,0.0
5522,2013-02-28,SZSE:000768,0.7313,11.37,10.8594,11.47,11.15,30174.0984,11.35,2.9814,268.1288,110.9268,NM,2.6354,49.3268,59.5277,59.5277,0.0,0.0,0,30920.2823,NM,105.5347,48.7652,87.2453,2.8939,2.5023,29.9599,1,39951.0,2.2,0.0,0.0,10.5,10.840298153034302,10.954909234828499,10.64927968337731,29.9599,0.0
5523,2013-03-01,SZSE:000768,0.7418,11.59,11.0695,11.94,11.48,30757.942,11.48,3.039,273.3168,113.0732,NM,2.6864,49.7157,62.2545,62.2545,0.0,0.0,0,31504.1259,NM,107.5274,49.686,88.8926,2.9486,2.5496,42.2482,1,39951.0,2.2,0.0,0.0,10.5,10.964440034512512,11.403781708369284,10.964440034512512,42.2482,0.0
5524,2013-03-04,SZSE:000768,0.7418,11.68,11.1554,11.99,11.51,30996.7871,11.6,3.0626,275.4392,113.9512,NM,2.7073,50.0573,63.3426,63.3427,0.0,0.0,0,31742.971,NM,108.3426,50.0627,89.5666,2.9709,2.5689,56.0913,1,39951.0,2.2,0.0,0.0,10.5,11.078993150684932,11.451476541095893,10.993035445205479,56.0913,0.0
5525,2013-03-05,SZSE:000768,0.7418,11.8,11.27,11.88,11.32,31315.2472,11.78,3.0941,278.2691,115.122,NM,2.7351,49.8581,64.7997,64.7997,0.0,0.0,0,32061.4311,NM,109.4296,50.565,90.4651,3.0007,2.5947,36.5317,1,39951.0,2.2,0.0,0.0,10.5,11.250898305084744,11.346406779661018,10.811559322033897,36.5317,0.0
5526,2013-03-06,SZSE:000768,0.7418,11.7,11.1745,11.88,11.58,31049.8638,11.8,3.0679,275.9109,114.1463,NM,2.7119,49.9972,62.5678,62.5678,0.0,0.0,0,31796.0477,NM,108.5238,50.1464,89.7163,2.9759,2.5732,34.8062,1,39951.0,2.2,0.0,0.0,10.5,11.27000854700855,11.346415384615387,11.059889743589745,34.8062,0.0
5527,2013-03-07,SZSE:000768,0.7418,11.13,10.6301,11.67,10.91,29537.1781,11.67,2.9184,262.4691,108.5854,NM,2.5798,51.5214,51.6481,51.6481,0.0,0.0,0,30283.362,NM,103.3608,47.7607,85.4481,2.8343,2.4508,34.7052,1,39951.0,2.2,0.0,0.0,10.5,11.145846091644206,11.145846091644206,10.419981221922733,34.7052,0.0
5528,2013-03-08,SZSE:000768,0.6788,11.08,10.5824,11.32,11.0,29404.4864,11.11,2.9053,261.2899,108.0976,NM,2.5682,51.1261,50.8104,50.8104,0.0,0.0,0,30150.6703,NM,102.9079,47.5514,85.0737,2.8219,2.44,16.7876,1,39951.0,2.2,0.0,0.0,10.5,10.611052707581228,10.81162166064982,10.505992779783393,16.7876,0.0
5529,2013-03-11,SZSE:000768,0.6788,11.11,10.611,11.28,10.99,29484.1014,11.06,2.9132,261.9974,108.3902,NM,2.5751,51.5894,51.3206,51.3206,0.0,0.0,0,30230.2853,NM,103.1796,47.677,85.2983,2.8293,2.4465,11.8786,1,39951.0,2.2,0.0,0.0,10.5,10.56324572457246,10.773364536453645,10.4963897389739,11.8786,0.0
5530,2013-03-12,SZSE:000768,0.6788,10.75,10.2672,11.18,10.6,28528.721,11.12,2.8188,253.5078,104.8781,NM,2.4917,52.2282,45.2549,45.2549,0.0,0.0,0,29274.9049,NM,99.9188,46.1703,82.6026,2.7399,2.3692,20.1379,1,39951.0,2.2,0.0,0.0,10.5,10.620582697674418,10.677888000000001,10.123936744186047,20.1379,0.0
5531,2013-03-13,SZSE:000768,0.6788,10.3,9.8374,10.73,10.16,27334.4954,10.7,2.7008,242.8959,100.4878,NM,2.3874,53.1278,39.043,39.043,0.0,0.0,0,28080.6794,NM,95.8428,44.2868,79.233,2.6281,2.2725,17.9068,1,39951.0,2.2,0.0,0.0,10.5,10.219434951456309,10.248087572815534,9.703687766990292,17.9068,0.0
5532,2013-03-14,SZSE:000768,0.6788,10.21,9.7515,10.53,10.21,27095.6503,10.3,2.6772,240.7735,99.6098,NM,2.3665,53.0014,37.9219,37.9218,0.0,0.0,0,27841.8343,NM,95.0276,43.9101,78.559,2.6058,2.2532,9.4129,1,39951.0,2.2,0.0,0.0,10.5,9.837458374142997,10.057129774730655,9.7515,9.4129,0.0
5533,2013-03-15,SZSE:000768,0.7541,10.4,9.9329,10.58,10.11,27599.8789,10.25,2.727,245.2541,101.4634,NM,2.4106,52.5918,41.7263,41.7263,0.0,0.0,0,28346.0628,NM,96.7486,44.7053,79.9818,2.653,2.294,17.8954,1,39951.0,2.2,0.0,0.0,10.5,9.789637019230769,10.104815576923077,9.655924903846152,17.8954,0.0
5534,2013-03-18,SZSE:000768,0.7541,10.2,9.7419,10.57,10.18,27069.112,10.41,2.6746,240.5377,99.5122,NM,2.3642,53.3018,39.0158,39.0158,0.0,0.0,0,27815.2959,NM,94.937,39.4287,67.5138,2.6033,2.1293,11.5649,1,39951.0,2.2,0.0,0.0,10.5,9.942468529411766,10.095282647058823,9.722798235294118,11.5649,0.0
5535,2013-03-19,SZSE:000768,0.7541,10.28,9.8183,10.44,10.17,27281.4188,10.2,2.6955,242.4242,100.2927,NM,2.3828,53.1863,40.6758,40.6758,0.0,0.0,0,28027.6027,NM,95.6616,39.7297,68.0292,2.6232,2.1455,13.9202,1,39951.0,2.2,0.0,0.0,10.5,9.74189299610895,9.971114007782102,9.713240369649807,13.9202,0.0
5536,2013-03-20,SZSE:000768,0.7541,10.87,10.3818,11.04,10.3,28847.1811,10.3,2.8503,256.3377,106.0488,NM,2.5195,54.2188,51.2215,51.2215,0.0,0.0,0,29593.365,NM,101.0057,41.9492,71.8296,2.7697,2.2654,30.3029,1,39951.0,2.2,0.0,0.0,10.5,9.837400183992642,10.544164857405704,9.837400183992642,30.3029,0.0
5537,2013-03-21,SZSE:000768,0.7541,11.06,10.5633,11.24,10.8,29351.4097,10.9,2.9001,260.8183,107.9024,NM,2.5636,54.2141,54.0541,54.0541,0.0,0.0,0,30097.5936,NM,102.7267,42.6639,73.0535,2.8169,2.304,27.0209,1,39951.0,2.2,0.0,0.0,10.5,10.410485533453889,10.735216274864376,10.314976491862568,27.0209,0.0
5538,2013-03-22,SZSE:000768,0.6164,11.17,10.6683,11.27,11.04,29643.3315,11.1,2.9289,263.4123,108.9756,NM,2.589,53.7303,55.6594,55.6594,0.0,0.0,0,30389.5154,NM,103.7231,43.0777,73.762,2.8442,2.3263,21.9548,1,39951.0,2.2,0.0,0.0,10.5,10.601444046553267,10.763808504923903,10.544138943598925,21.9548,0.0
5539,2013-03-25,SZSE:000768,0.6164,11.04,10.5442,11.34,11.02,29298.333,11.29,2.8948,260.3467,107.7073,NM,2.5589,54.1761,53.2897,53.2897,0.0,0.0,0,30044.5169,NM,102.5456,42.5887,72.9247,2.812,2.2999,13.9162,1,39951.0,2.2,0.0,0.0,10.5,10.782972644927536,10.830727173913044,10.525098188405797,13.9162,0.0
5540,2013-03-26,SZSE:000768,0.6164,10.9,10.4105,11.13,10.74,28926.7962,11.05,2.8581,257.0452,106.3415,NM,2.5265,54.309,50.7821,50.7821,0.0,0.0,0,29672.9801,NM,101.2775,42.062,72.0229,2.7772,2.2715,12.5827,1,39951.0,2.2,0.0,0.0,10.5,10.553763761467891,10.630171100917432,10.257685321100919,12.5827,0.0
5541,2013-03-27,SZSE:000768,0.6164,11.22,10.7161,11.32,10.83,29776.0232,10.88,2.942,264.5914,109.4634,NM,2.6006,54.0702,55.8911,55.8911,0.0,0.0,0,30522.2071,NM,104.176,43.2658,74.0841,2.8567,2.3365,28.3778,1,39951.0,2.2,0.0,0.0,10.5,10.391369696969699,10.811608912655972,10.343615240641713,28.3778,0.0
5542,2013-03-28,SZSE:000768,0.6164,10.76,10.2768,11.12,10.73,28555.2593,11.12,2.8214,253.7437,104.9756,NM,2.494,55.0015,48.1531,48.1531,0.0,0.0,0,29301.4432,NM,100.0094,41.5354,71.121,2.7424,2.243,15.081,1,39951.0,2.2,0.0,0.0,10.5,10.62063345724907,10.62063345724907,10.248147211895912,15.081,0.0
5543,2013-03-29,SZSE:000768,0.5238,10.43,9.9616,10.89,10.4,27679.4939,10.79,2.7349,245.9616,101.7561,NM,2.4175,55.0331,43.5002,43.5003,0.0,0.0,0,28425.6778,NM,97.0203,40.294,68.9954,2.6604,2.176,14.6753,1,39951.0,2.2,0.0,0.0,10.5,10.305432790028762,10.400941898370087,9.932947267497605,14.6753,0.0
5544,2013-04-01,SZSE:000768,0.5238,10.58,10.1048,10.85,10.34,28077.5691,10.47,2.7742,249.4989,103.2195,NM,2.4523,54.9098,46.052,46.052,0.0,0.0,0,28823.753,NM,98.379,40.8582,69.9616,2.6977,2.2065,14.158,1,39951.0,2.2,0.0,0.0,10.5,9.999740642722116,10.362672967863892,9.875579584120983,14.158,0.0
5545,2013-04-02,SZSE:000768,0.5238,10.31,9.847,10.73,10.21,27361.0338,10.7,2.7034,243.1317,100.5854,NM,2.3897,54.7833,42.3448,42.3448,0.0,0.0,0,28107.2177,NM,95.9333,39.8425,68.2224,2.6306,2.1516,14.2383,1,39951.0,2.2,0.0,0.0,10.5,10.219485935984478,10.248138700290978,9.751490785645004,14.2383,0.0
5546,2013-04-03,SZSE:000768,0.5238,10.54,10.0666,10.71,10.21,27971.4157,10.34,2.7637,248.5556,102.8293,NM,2.443,54.4402,46.3098,46.3098,0.0,0.0,0,28717.5996,NM,98.0167,40.7078,69.7039,2.6878,2.1983,15.2908,1,39951.0,2.2,0.0,0.0,10.5,9.875582922201138,10.228964516129034,9.75142182163188,15.2908,0.0
5547,2013-04-04,SZSE:000768,0.5238,0.0,10.0666,0.0,0.0,27971.4157,0.0,2.7637,248.5556,102.8293,NM,2.443,54.4402,46.3098,46.3098,0.0,0.0,0,28717.5996,NM,98.0167,40.7078,69.7039,2.6878,2.1983,0.0,1,39951.0,2.2,0.0,0.0,10.5,0.0,0.0,0.0,0.0,0.0
5548,2013-04-05,SZSE:000768,0.5022,0.0,10.0666,0.0,0.0,27971.4157,0.0,2.7637,248.5556,102.8293,NM,2.443,54.4402,46.3098,46.3098,0.0,0.0,0,28717.5996,NM,98.0167,40.7078,69.7039,2.6878,2.1983,0.0,1,39951.0,2.2,0.0,0.0,10.5,0.0,0.0,0.0,0.0,0.0
5549,2013-04-08,SZSE:000768,0.5022,10.89,10.4009,10.96,10.32,28900.2578,10.49,2.8555,256.8093,106.2439,NM,2.5241,54.7991,51.7478,51.7478,0.0,0.0,0,29646.4417,NM,101.1869,42.0244,71.9584,2.7747,2.2694,20.5826,1,39951.0,2.2,0.0,0.0,10.5,10.018865105601469,10.467756106519744,9.856500275482095,20.5826,0.0
5550,2013-04-09,SZSE:000768,0.5022,10.83,10.3436,11.03,10.71,28741.0277,10.85,2.8398,255.3944,105.6585,NM,2.5102,54.5556,50.7979,50.7979,0.0,0.0,0,29487.2116,NM,100.6434,41.7987,71.5719,2.7598,2.2573,15.246,1,39951.0,2.2,0.0,0.0,10.5,10.362701754385965,10.534617543859648,10.228989473684212,15.246,0.0
5551,2013-04-10,SZSE:000768,0.5022,10.88,10.3914,10.99,10.59,28873.7195,10.79,2.8529,256.5735,106.1463,NM,2.5218,54.543,51.5953,51.5953,0.0,0.0,0,29619.9034,NM,101.0963,41.9868,71.894,2.7722,2.2674,18.6453,1,39951.0,2.2,0.0,0.0,10.5,10.305441727941176,10.496460110294118,10.114423345588236,18.6453,0.0
5552,2013-04-11,SZSE:000768,0.5022,10.75,10.2672,11.04,10.73,28528.721,10.8,2.8188,253.5078,104.8781,NM,2.4917,54.3153,49.3557,49.3557,0.0,0.0,0,29274.9049,NM,99.9188,41.4978,71.0566,2.7399,2.241,16.2261,1,39951.0,2.2,0.0,0.0,10.5,10.314954418604653,10.544175627906977,10.24809823255814,16.2261,0.0
5553,2013-04-12,SZSE:000768,0.5307,10.4,9.9329,10.7,10.38,27599.8789,10.7,2.727,245.2541,101.4634,NM,2.4106,54.3722,43.8384,43.8384,0.0,0.0,0,28346.0628,NM,96.7486,40.1811,68.8021,2.653,2.1699,13.7778,1,39951.0,2.2,0.0,0.0,10.5,10.21942596153846,10.21942596153846,9.91379826923077,13.7778,0.0
5554,2013-04-15,SZSE:000768,0.5307,9.96,9.5127,10.25,9.91,26432.1917,10.25,2.3082,132.7451,92.6512,166.4689,1.6375,51.3143,38.0759,38.0759,0.0,0.0,0,28336.979,149.4737,0.0,33.9365,82.8567,1.6442,1.5785,14.9022,1,39951.0,2.2,2.1652,0.0,10.5,9.789676204819276,9.789676204819276,9.46494548192771,14.9022,0.0
5555,2013-04-16,SZSE:000768,0.5307,10.09,9.6368,10.11,9.88,26777.1902,9.9,2.3383,134.4778,93.8605,168.6417,1.6589,49.6778,40.5619,40.5619,0.0,0.0,0,28681.9775,151.2935,0.0,34.3497,83.8654,1.6643,1.5977,9.2412,1,39951.0,2.2,2.1935,0.0,10.5,9.455333994053518,9.655901684836472,9.436232309217047,9.2412,0.0
5556,2013-04-17,SZSE:000768,0.5307,10.07,9.6177,10.15,10.02,26724.1135,10.03,2.3336,134.2112,93.6744,168.3074,1.6556,47.1274,40.2939,40.2939,0.0,0.0,0,28628.9008,151.0136,0.0,34.2861,83.7102,1.6612,1.5948,8.7851,1,39951.0,2.2,2.1891,0.0,10.5,9.579496623634556,9.694106752730884,9.569945779543197,8.7851,0.0
5557,2013-04-18,SZSE:000768,0.5307,10.13,9.675,10.25,9.97,26883.3436,10.0,2.3475,135.0109,94.2326,169.3102,1.6655,47.1148,41.5418,41.5418,0.0,0.0,0,28788.1309,151.8535,0.0,34.4768,84.1758,1.6704,1.6036,6.9898,1,39951.0,2.2,2.2022,0.0,10.5,9.550839091806516,9.789610069101679,9.522186574531096,6.9898,0.0
5558,2013-04-19,SZSE:000768,0.5374,10.34,9.8756,10.44,10.12,27440.6488,10.13,2.3962,137.8097,96.1861,172.8201,1.7,46.8887,45.8108,45.8108,0.0,0.0,0,29345.4361,154.7932,0.0,35.1442,85.8054,1.7028,1.6347,12.198,1,39951.0,2.2,2.2478,0.0,10.5,9.67503172147002,9.971108704061894,9.66548085106383,12.198,0.0
5559,2013-04-22,SZSE:000768,0.5374,10.34,9.8756,10.43,10.25,27440.6488,10.37,2.3962,137.8097,96.1861,172.8201,1.7,46.7448,45.8108,45.8108,0.0,0.0,0,29345.4361,154.7932,0.0,35.1442,85.8054,1.7028,1.6347,9.9377,1,39951.0,2.2,2.2478,0.0,10.5,9.904252611218569,9.961557833655705,9.789642166344294,9.9377,0.0
5560,2013-04-23,SZSE:000768,0.5374,10.0,9.5509,10.38,9.97,26538.3451,10.33,2.3174,92.8686,93.0233,168.8847,1.583,45.9511,40.2866,40.2866,0.0,0.0,0,28443.1324,74.5187,34.0012,27.0887,87.5173,1.6975,1.6499,13.3285,1,39951.0,2.2,2.2472,0.0,10.5,9.8660797,9.9138342,9.522247300000002,13.3285,0.0
5561,2013-04-24,SZSE:000768,0.5374,10.07,9.6177,10.2,9.9,26724.1135,9.99,2.3336,93.5187,93.6744,170.0669,1.594,44.0474,41.8415,41.8415,0.0,0.0,0,28628.9008,75.0054,34.2232,27.2656,88.0889,1.7086,1.6607,11.3136,1,39951.0,2.2,2.2629,0.0,10.5,9.541293247269115,9.741860973187684,9.455335650446871,11.3136,0.0
5562,2013-04-25,SZSE:000768,0.5374,9.96,9.5127,10.16,9.96,26432.1917,10.05,2.3082,92.4971,92.6512,168.2092,1.5766,43.7833,40.0755,40.0755,0.0,0.0,0,28336.979,74.2406,33.8743,26.9876,87.1907,1.6912,1.6438,8.9484,1,39951.0,2.2,2.2382,0.0,10.5,9.59865813253012,9.703718072289158,9.5127,8.9484,0.0
5563,2013-04-26,SZSE:000768,0.4906,9.65,9.2166,10.06,9.53,25609.503,10.0,2.2363,89.6182,89.7674,162.9737,1.5276,43.8576,35.5247,35.5247,0.0,0.0,0,27514.2903,72.0852,32.8908,26.2041,84.6594,1.6421,1.5961,12.2181,1,39951.0,2.2,2.1685,0.0,10.5,9.550880829015544,9.608186113989637,9.101989430051812,12.2181,0.0
5564,2013-04-29,SZSE:000768,0.4906,0.0,9.2166,0.0,0.0,25609.503,0.0,2.2363,89.6182,89.7674,162.9737,1.5276,43.8576,35.5247,35.5247,0.0,0.0,0,27514.2903,72.0852,32.8908,26.2041,84.6594,1.6421,1.5961,0.0,1,39951.0,2.2,2.1685,0.0,10.5,0.0,0.0,0.0,0.0,0.0
5565,2013-04-30,SZSE:000768,0.4906,0.0,9.2166,0.0,0.0,25609.503,0.0,2.2363,89.6182,89.7674,162.9737,1.5276,43.8576,35.5247,35.5247,0.0,0.0,0,27514.2903,72.0852,32.8908,26.2041,84.6594,1.6421,1.5961,0.0,1,39951.0,2.2,2.1685,0.0,10.5,0.0,0.0,0.0,0.0,0.0
5566,2013-05-01,SZSE:000768,0.4906,0.0,9.2166,0.0,0.0,25609.503,0.0,2.2363,89.6182,89.7674,162.9737,1.5276,43.8576,35.5247,35.5247,0.0,0.0,0,27514.2903,72.0852,32.8908,26.2041,84.6594,1.6421,1.5961,0.0,1,39951.0,2.2,2.1685,0.0,10.5,0.0,0.0,0.0,0.0,0.0
5567,2013-05-02,SZSE:000768,0.4906,9.47,9.0447,9.64,9.37,25131.8128,9.61,2.1946,87.9466,88.093,159.9338,1.4991,37.5536,33.1695,33.1695,0.0,0.0,0,27036.6001,70.8337,32.3198,25.7491,83.1895,1.6136,1.5683,7.0354,1,39951.0,2.2,2.1281,0.0,10.5,9.178412565997887,9.207065258711722,8.949191024287222,7.0354,0.0
5568,2013-05-03,SZSE:000768,0.4904,9.67,9.2357,9.87,9.48,25662.5797,9.48,2.2409,89.804,89.9535,163.3115,1.5307,37.5647,38.0816,38.0816,0.0,0.0,0,27567.367,72.2243,32.9543,26.2546,84.8227,1.6452,1.5991,10.2159,1,39951.0,2.2,2.173,0.0,10.5,9.054233298862462,9.426717580144777,9.054233298862462,10.2159,0.0
5569,2013-05-06,SZSE:000768,0.4904,9.8,9.3599,9.86,9.6,26007.5782,9.72,2.2711,91.0113,91.1628,165.5070,1.5513,37.4856,41.1115,41.1115,0.0,0.0,0,27912.3655,73.1282,33.3667,26.5832,85.8842,1.6658,1.6191,9.1433,1,39951.0,2.2,2.2023,0.0,10.5,9.283492653061224,9.417205510204079,9.16888163265306,9.1433,0.0
5570,2013-05-07,SZSE:000768,0.4904,9.72,9.2835,9.78,9.64,25795.2714,9.78,2.2525,90.2683,90.4186,164.1559,1.5386,35.8507,39.8201,39.8201,0.0,0.0,0,27700.0587,72.5719,33.1129,26.381,85.231,1.6531,1.6068,6.8511,1,39951.0,2.2,2.1843,0.0,10.5,9.340805555555553,9.340805555555553,9.207092592592593,6.8511,0.0
5571,2013-05-08,SZSE:000768,0.4904,9.78,9.3408,9.97,9.72,25954.5015,9.73,2.2664,90.8255,90.9767,165.1692,1.5481,35.7954,41.3091,41.3091,0.0,0.0,0,27859.2888,72.9891,33.3032,26.5327,85.7209,1.6626,1.6161,9.1452,1,39951.0,2.2,2.1978,0.0,10.5,9.293045398773007,9.522267484662576,9.283494478527608,9.1452,0.0
5572,2013-05-09,SZSE:000768,0.4904,10.03,9.5795,10.08,9.7,26617.9601,9.75,2.3244,93.1472,93.3023,169.3913,1.5877,35.9757,47.174,47.174,0.0,0.0,0,28522.7474,74.7273,34.0963,27.1645,87.7623,1.7022,1.6546,16.6387,1,39951.0,2.2,2.2539,0.0,10.5,9.31207627118644,9.627254237288136,9.264322033898305,16.6387,0.0
5573,2013-05-10,SZSE:000768,0.4969,9.95,9.5031,10.12,9.86,26405.6534,9.99,2.3058,92.4043,92.5581,168.0403,1.575,35.6594,45.6036,45.6036,0.0,0.0,0,28310.4407,74.1711,33.8426,26.9623,87.1091,1.6896,1.6422,12.7462,1,39951.0,2.2,2.236,0.0,10.5,9.541303417085429,9.665464522613066,9.41714231155779,12.7462,0.0
5574,2013-05-13,SZSE:000768,0.4969,10.39,9.9234,10.47,10.13,27573.3406,10.16,2.4078,96.4905,96.6512,175.4712,1.6447,36.6413,54.5629,54.5629,0.0,0.0,0,29478.1279,77.2303,35.2384,28.0744,90.7019,1.7593,1.71,26.271,1,39951.0,2.2,2.3348,0.0,10.5,9.703728970163619,9.999807314725699,9.675076227141483,26.271,0.0
5575,2013-05-14,SZSE:000768,0.4969,10.06,9.6082,10.48,10.03,26697.5752,10.48,2.3313,93.4258,71.8571,169.8980,1.5925,36.869,48.1566,48.1566,0.0,0.0,0,28602.3625,74.9359,34.1915,27.2404,88.0073,1.707,1.6592,16.45,1,39951.0,2.2,2.2607,0.0,10.5,10.009337574552683,10.009337574552683,9.57954731610338,16.45,0.0
5576,2013-05-15,SZSE:000768,0.4969,10.25,9.7897,10.43,10.15,27201.8037,10.15,2.3754,95.1903,73.2143,173.1068,1.6225,36.8057,51.6747,51.6747,0.0,0.0,0,29106.591,76.2569,34.7943,27.7206,89.5587,1.7371,1.6884,15.7498,1,39951.0,2.2,2.3034,0.0,10.5,9.694190731707318,9.96161668292683,9.694190731707318,15.7498,0.0
5577,2013-05-16,SZSE:000768,0.4969,10.61,10.1335,10.65,10.17,28157.1841,10.26,2.4588,98.5336,75.7857,179.1867,1.6795,37.2532,57.5524,57.5524,0.0,0.0,0,30061.9715,78.7600,35.9364,28.6305,92.4984,1.7941,1.7438,29.2805,1,39951.0,2.2,2.3843,0.0,10.5,9.799218661639962,10.171703581526863,9.713260603204525,29.2805,0.0
5578,2013-05-17,SZSE:000768,0.4169,10.62,10.143,10.86,10.5,28183.7225,10.58,2.4611,98.6265,75.8571,179.3555,1.6811,36.9386,57.7063,57.7063,0.0,0.0,0,30088.5098,78.8295,35.9681,28.6557,92.58,1.7957,1.7454,25.4681,1,39951.0,2.2,2.3865,0.0,10.5,10.104796610169492,10.372220338983052,10.028389830508477,25.4681,0.0
5579,2013-05-20,SZSE:000768,0.4169,10.87,10.3818,10.96,10.6,28847.1811,10.68,2.519,100.9482,77.6429,183.5777,1.7207,37.7276,61.4671,61.4671,0.0,0.0,0,30751.9684,80.5677,36.7612,29.2876,94.6214,1.8353,1.7839,23.5958,1,39951.0,2.2,2.4427,0.0,10.5,10.200333394664215,10.467757865685375,10.123926402943884,23.5958,0.0
5580,2013-05-21,SZSE:000768,0.4169,11.54,11.0217,11.71,10.81,30625.2502,10.87,2.6743,107.1704,82.4286,194.8929,1.8267,38.4818,69.3367,69.3367,0.0,0.0,0,32530.0375,85.2261,38.8867,30.981,100.0924,1.9414,1.887,53.0621,1,39951.0,2.2,2.5933,0.0,10.5,10.381791941074523,11.184064731369151,10.324486741767764,53.0621,0.0
5581,2013-05-22,SZSE:000768,0.4169,11.31,10.802,11.68,11.23,30014.8683,11.55,2.621,105.0344,78.4327,191.0086,1.7903,38.7253,64.4692,64.4692,0.0,0.0,0,31919.6556,83.6269,38.157,31.0635,88.099,1.905,1.8667,35.0068,1,39951.0,2.2,0.0,0.0,10.5,11.031220159151193,11.155381078691423,10.725593280282935,35.0068,0.0
5582,2013-05-23,SZSE:000768,0.4169,11.63,11.1077,12.0,11.39,30864.0953,11.39,2.6952,108.0062,80.6519,196.4129,1.841,38.7996,67.8508,67.8508,0.0,0.0,0,32768.8827,85.8518,39.1722,31.8899,90.4429,1.9557,1.9164,56.9554,1,39951.0,2.2,0.0,0.0,10.5,10.878478331900258,11.461083404987102,10.878478331900258,56.9554,0.0
5583,2013-05-24,SZSE:000768,0.2416,11.85,11.3178,11.96,11.47,31447.9389,11.69,2.7461,110.0493,82.1775,200.1284,1.8758,38.6399,69.9671,69.9671,0.0,0.0,0,33352.7262,87.3815,39.8701,32.4581,92.0543,1.9905,1.9505,47.1093,1,39951.0,2.2,0.0,0.0,10.5,11.16498582278481,11.422859746835446,10.954866329113926,47.1093,0.0
5584,2013-05-27,SZSE:000768,0.2416,11.87,11.3369,12.05,11.64,31501.0156,11.8,2.7508,110.2351,82.3162,200.4661,1.879,38.9703,70.1594,70.1594,0.0,0.0,0,33405.8029,87.5205,39.9336,32.5098,92.2008,1.9937,1.9536,30.9102,1,39951.0,2.2,0.0,0.0,10.5,11.270043807919125,11.508815922493683,11.117229654591409,30.9102,0.0
5585,2013-05-28,SZSE:000768,0.2416,11.52,11.0026,11.99,11.25,30572.1735,11.87,2.6697,106.9847,79.889,194.5552,1.8236,39.4874,62.6044,62.6044,0.0,0.0,0,32476.9609,85.0870,38.8233,37.5294,86.2472,1.9382,2.1734,35.1979,1,39951.0,2.2,0.0,0.0,10.5,11.336880381944443,11.451490798611111,10.744726562499999,35.1979,0.0
5586,2013-05-29,SZSE:000768,0.2416,12.0,11.4611,12.07,11.48,31846.0141,11.6,2.7809,111.4423,83.2178,202.6616,1.8996,40.0281,67.7357,67.7357,0.0,0.0,0,33750.8014,88.4244,40.346,39.0014,89.6301,2.0143,2.2635,49.2219,1,39951.0,2.2,0.0,0.0,10.5,11.079063333333334,11.527956416666667,10.964452333333334,49.2219,0.0
5587,2013-05-30,SZSE:000768,0.2416,11.92,11.3847,12.08,11.8,31633.7074,12.0,2.7624,110.6994,67.3066,201.3106,1.8869,39.7182,66.1076,66.1076,0.0,0.0,0,33538.4947,87.8682,40.0922,38.7561,66.0346,2.0016,1.9196,30.0959,1,39951.0,2.2,0.0,0.0,11.0,11.461107382550336,11.53751476510067,11.270088926174498,30.0959,0.0
5588,2013-05-31,SZSE:000768,0.2559,11.67,11.1459,11.95,11.61,30970.2487,11.88,2.7044,108.3777,65.895,197.0884,1.8473,39.636,61.1602,61.1602,0.0,0.0,0,32875.036,86.1300,39.2991,37.9894,64.7283,1.962,1.8816,23.9901,1,39951.0,2.2,0.0,0.0,11.0,11.346468894601543,11.413325192802056,11.088594601542415,23.9901,0.0
5589,2013-06-03,SZSE:000768,0.2559,11.77,11.2414,11.98,11.65,31235.6322,11.68,2.7276,109.3064,66.4596,198.7773,1.8631,39.4842,62.3732,62.3732,0.0,0.0,0,33140.4195,86.8252,39.6164,38.2961,65.2508,1.9778,1.8968,22.7658,1,39951.0,2.2,0.0,0.0,11.0,11.155441971113,11.441968734069668,11.126789294817334,22.7658,0.0
5590,2013-06-04,SZSE:000768,0.2559,11.94,11.4038,12.29,11.72,31686.784,11.83,2.767,110.8851,67.4195,201.6483,1.8901,39.5585,64.4082,64.4082,0.0,0.0,0,33591.5714,88.0072,40.1557,38.8174,66.1391,2.0048,1.9226,49.2282,1,39951.0,2.2,0.0,0.0,11.0,11.298739865996652,11.738082244556114,11.193679731993301,49.2282,0.0
5591,2013-06-05,SZSE:000768,0.2559,11.62,11.0981,11.83,11.5,30837.557,11.83,2.6928,107.9133,65.6127,196.2440,1.8394,39.8937,58.0443,58.0443,0.0,0.0,0,32742.3443,85.7823,39.1405,37.8361,64.467,1.9541,1.874,25.7995,1,39951.0,2.2,0.0,0.0,11.0,11.298668072289157,11.298668072289157,10.983489672977626,25.7995,0.0
5592,2013-06-06,SZSE:000768,0.2559,11.37,10.8594,11.76,11.26,30174.0984,11.53,2.6349,105.5916,63.1667,192.0219,1.7998,40.0977,53.5895,53.5895,0.0,0.0,0,32078.8857,84.0441,38.3474,37.0694,63.1607,1.9145,1.6872,19.5462,1,39951.0,2.2,0.0,3.3246,11.0,11.012214775725594,11.231886015831137,10.754339841688656,19.5462,0.0
5593,2013-06-07,SZSE:000768,0.3355,11.38,10.8689,11.65,11.0,30200.6367,11.37,2.6372,105.6845,63.2222,192.1908,1.8014,38.7822,53.7424,53.7424,0.0,0.0,0,32105.424,84.1136,38.3791,37.1001,63.213,1.9161,1.6886,23.7311,1,39951.0,2.2,0.0,3.3275,11.0,10.859349121265376,11.126773725834799,10.505966608084357,23.7311,0.0
5594,2013-06-10,SZSE:000768,0.3355,0.0,10.8689,0.0,0.0,30200.6367,0.0,2.6372,105.6845,63.2222,192.1908,1.8014,38.7822,53.7424,53.7424,0.0,0.0,0,32105.424,84.1136,38.3791,37.1001,63.213,1.9161,1.6886,0.0,1,39951.0,2.2,0.0,3.3275,11.0,0.0,0.0,0.0,0.0,0.0
5595,2013-06-11,SZSE:000768,0.3355,0.0,10.8689,0.0,0.0,30200.6367,0.0,2.6372,105.6845,63.2222,192.1908,1.8014,38.7822,53.7424,53.7424,0.0,0.0,0,32105.424,84.1136,38.3791,37.1001,63.213,1.9161,1.6886,0.0,1,39951.0,2.2,0.0,3.3275,11.0,0.0,0.0,0.0,0.0,0.0
5596,2013-06-12,SZSE:000768,0.3355,0.0,10.8689,0.0,0.0,30200.6367,0.0,2.6372,105.6845,63.2222,192.1908,1.8014,38.7822,53.7424,53.7424,0.0,0.0,0,32105.424,84.1136,38.3791,29.2233,56.2377,1.9161,1.6886,0.0,1,39951.0,2.2,0.0,3.3275,12.3,0.0,0.0,0.0,0.0,0.0
5597,2013-06-13,SZSE:000768,0.3355,10.73,10.2481,11.09,10.48,28475.6443,11.09,2.4866,99.648,59.6111,181.2133,1.6985,40.0629,43.6694,43.6693,0.0,0.0,0,30380.4316,79.5943,36.317,27.6532,53.2161,1.8131,1.5979,21.2843,1,39951.0,2.2,0.0,3.1374,12.3,10.591931873252562,10.591931873252562,10.009327865796832,21.2843,0.0
5598,2013-06-14,SZSE:000768,0.4584,10.62,10.143,10.8,10.32,28183.7225,10.7,2.4611,98.6265,59.0,179.3555,1.6811,40.0803,42.2269,42.2269,0.0,0.0,0,30088.5098,78.8295,35.9681,27.3875,52.7047,1.7957,1.5825,20.7022,1,39951.0,2.2,0.0,3.1053,12.3,10.219406779661018,10.31491525423729,9.85647457627119,20.7022,0.0
5599,2013-06-17,SZSE:000768,0.4584,10.73,10.2481,10.95,10.55,28475.6443,10.55,2.4866,99.648,59.6111,181.2133,1.6985,39.9585,44.2114,44.2114,0.0,0.0,0,30380.4316,79.5943,36.317,27.6532,53.2161,1.8131,1.5979,18.1731,1,39951.0,2.2,0.0,3.1374,12.3,10.07618406337372,10.458219478098787,10.07618406337372,18.1731,0.0
5600,2013-06-18,SZSE:000768,0.4584,10.83,10.3436,11.09,10.72,28741.0277,10.8,2.5098,100.5767,60.1667,182.9021,1.7143,39.7735,46.0265,46.0265,0.0,0.0,0,30645.815,80.2896,36.6343,27.8947,53.6809,1.8289,1.6118,14.0467,1,39951.0,2.2,0.0,3.1667,12.3,10.314947368421054,10.591922807017545,10.238540350877194,14.0467,0.0
5601,2013-06-19,SZSE:000768,0.4584,10.62,10.143,10.76,10.39,28183.7225,10.73,2.4611,98.6265,59.0,179.3555,1.6811,39.9744,42.872,42.872,0.0,0.0,0,30088.5098,78.8295,35.9681,27.3875,52.7047,1.7957,1.5825,13.0481,1,39951.0,2.2,0.0,3.1053,12.3,10.248059322033901,10.276711864406781,9.923330508474578,13.0481,0.0
5602,2013-06-20,SZSE:000768,0.4584,10.03,9.5795,10.59,9.95,26617.9601,10.59,2.3244,93.1472,55.7222,169.3913,1.5877,40.0076,35.5087,35.5087,0.0,0.0,0,28522.7474,74.7273,34.0963,25.9623,49.9621,1.7022,1.5002,15.5737,1,39951.0,2.2,0.0,2.9328,12.3,10.114347457627119,10.114347457627119,9.503093220338982,15.5737,0.0
5603,2013-06-21,SZSE:000768,0.5846,9.92,9.4745,10.03,9.56,26326.0383,9.8,2.2989,92.1257,55.1111,167.5336,1.5703,39.8573,34.325,34.325,0.0,0.0,0,28230.8256,73.9625,33.7474,25.6965,49.4507,1.6848,1.4848,10.9551,1,39951.0,2.2,0.0,2.9006,12.3,9.359889112903227,9.57955997983871,9.130667338709678,10.9551,0.0
5604,2013-06-24,SZSE:000768,0.5846,8.93,8.5289,9.9,8.93,23698.7422,9.9,2.0695,82.9317,49.6111,150.8140,1.4136,45.1684,25.943,25.943,0.0,0.0,0,25603.5295,67.0792,30.6067,23.3051,44.8486,1.528,1.3466,22.4086,1,39951.0,2.2,0.0,2.6111,12.3,9.455331466965287,9.455331466965287,8.5289,22.4086,0.0
5605,2013-06-25,SZSE:000768,0.5846,9.0,8.5958,9.1,8.04,23884.5106,8.81,2.0857,83.5818,50.0,151.9962,1.4247,45.2016,27.2949,27.2949,0.0,0.0,0,25789.2979,67.5659,30.8288,23.4742,45.174,1.5391,1.3564,28.6627,1,39951.0,2.2,0.0,2.6316,12.3,8.414333111111112,8.691308888888889,7.678914666666666,28.6627,0.0
5606,2013-06-26,SZSE:000768,0.5846,9.26,8.8441,9.32,8.78,24574.5076,9.01,2.1459,85.9963,51.4444,156.3872,1.4658,45.6412,32.2426,32.2426,0.0,0.0,0,26479.2949,69.3736,31.6536,24.1022,46.3826,1.5803,1.3927,20.9803,1,39951.0,2.2,0.0,2.7076,12.3,8.605328401727862,8.901405183585315,8.385658531317493,20.9803,0.0
5607,2013-06-27,SZSE:000768,0.5846,9.08,8.7669,9.54,9.08,24096.8173,9.19,2.1042,84.3247,50.4444,153.3473,1.4373,45.2712,30.6857,31.524,0.0,0.0,0,26001.6047,68.1221,31.0826,23.6674,45.5459,1.5518,1.3676,23.2246,1,39951.0,2.2,0.0,2.655,12.3,8.873106938325991,9.211038105726871,8.7669,23.2246,0.100
5608,2013-06-28,SZSE:000768,0.3169,8.9,8.5931,9.25,8.82,23619.1271,9.0,2.0625,82.6531,49.4444,150.3074,1.4088,44.6861,29.1689,29.9087,0.0,0.0,0,25523.9144,66.8706,30.5115,23.2326,44.7091,1.5233,1.3425,14.838,1,39951.0,2.2,0.0,2.6023,12.3,8.689651685393258,8.931030898876404,8.515858651685393,14.838,0.0
5609,2013-07-01,SZSE:000768,0.3169,9.15,8.8345,9.15,8.9,24282.5858,9.02,2.1204,84.9748,50.8333,154.5295,1.4484,45.0071,34.0452,34.898,0.0,0.0,0,26187.3731,68.6088,31.3046,23.8365,45.8713,1.5629,1.3773,11.0371,1,39951.0,2.2,0.0,2.6754,12.3,8.708982513661201,8.8345,8.593120218579235,11.0371,0.0
5610,2013-07-02,SZSE:000768,0.3169,9.41,9.0855,9.5,9.02,24972.5827,9.17,2.1807,87.3894,52.2778,158.9205,1.4896,45.1747,38.7667,39.705,0.0,0.0,0,26877.37,70.4166,32.1295,24.4646,47.0799,1.604,1.4136,19.2625,1,39951.0,2.2,0.0,2.7515,12.3,8.853776301806588,9.172396386822529,8.708948990435706,19.2625,0.0
5611,2013-07-03,SZSE:000768,0.3169,9.25,8.931,9.4,9.1,24547.9692,9.35,2.1436,85.9035,51.3889,156.2183,1.4642,45.004,37.0108,37.8527,0.0,0.0,0,26452.7565,69.3041,31.6219,24.0781,46.3361,1.5787,1.3913,12.0561,1,39951.0,2.2,0.0,2.7047,12.3,9.027551351351349,9.075827027027026,8.786172972972972,12.0561,0.0
5612,2013-07-04,SZSE:000768,0.3169,9.43,9.1048,9.67,9.13,25025.6594,9.25,2.1853,87.5751,52.3889,159.2583,1.4927,44.8316,40.2875,41.1773,0.0,0.0,0,26930.4467,70.5556,32.1929,24.5129,47.1729,1.6072,1.4164,17.0899,1,39951.0,2.2,0.0,2.7573,12.3,8.931007423117709,9.336523435843054,8.815145705196183,17.0899,0.0
5613,2013-07-05,SZSE:000768,0.2183,9.58,9.2496,9.66,9.38,25423.7346,9.49,2.2201,88.9681,53.2222,161.7915,1.5165,44.5929,42.9508,43.872,0.0,0.0,0,27328.5219,71.5985,32.6688,24.8752,47.8702,1.631,1.4374,15.6637,1,39951.0,2.2,0.0,2.8012,12.3,9.162703966597077,9.326840918580375,9.056497703549061,15.6637,0.0
5614,2013-07-08,SZSE:000768,0.2183,9.01,8.6993,9.48,9.01,23911.0489,9.48,2.088,83.6746,50.0556,152.1651,1.4262,45.6633,36.3212,36.9458,0.0,0.0,0,25815.8362,67.6354,30.8605,23.4983,45.2205,1.5407,1.3578,13.2931,1,39951.0,2.2,0.0,2.6345,12.3,9.15309256381798,9.15309256381798,8.6993,13.2931,0.0
5615,2013-07-09,SZSE:000768,0.2183,9.05,8.7379,9.15,9.0,24017.2023,9.04,2.0973,84.0461,50.2778,152.8406,1.4326,45.687,37.0555,37.6892,0.0,0.0,0,25921.9896,67.9135,30.9874,23.595,45.4064,1.547,1.3634,7.1951,1,39951.0,2.2,0.0,2.6462,12.3,8.728244861878451,8.83445138121547,8.689624309392265,7.1951,0.0
5616,2013-07-10,SZSE:000768,0.2183,9.28,8.96,9.3,9.01,24627.5842,9.06,2.1506,86.1821,51.5556,156.7250,1.469,46.0285,41.2502,41.929,0.0,0.0,0,26532.3716,69.5127,31.717,24.1506,46.4756,1.5835,1.3955,9.0066,1,39951.0,2.2,0.0,2.7135,12.3,8.747586206896553,8.979310344827587,8.699310344827587,9.0066,0.0
5617,2013-07-11,SZSE:000768,0.2183,9.58,9.2496,9.68,9.28,25423.7346,9.32,2.2201,88.9681,53.2222,161.7915,1.5165,46.5282,46.2791,46.995,0.0,0.0,0,27328.5219,71.5985,32.6688,24.8752,47.8702,1.631,1.4374,16.4215,1,39951.0,2.2,0.0,2.8012,12.3,8.998567014613778,9.346151148225468,8.959946555323588,16.4215,0.0
5618,2013-07-12,SZSE:000768,0.2189,9.57,9.24,9.85,9.5,25397.1963,9.57,2.2178,88.8753,53.1667,161.6226,1.5149,46.0681,46.1373,46.8483,0.0,0.0,0,27301.9836,71.5290,32.637,24.8511,47.8237,1.6294,1.436,15.1912,1,39951.0,2.2,0.0,2.7983,12.3,9.24,9.510344827586207,9.172413793103448,15.1912,0.0
5619,2013-07-15,SZSE:000768,0.2189,9.71,9.3752,9.77,9.55,25768.7331,9.6,2.2502,90.1754,53.9444,163.9870,1.5371,45.336,48.5151,49.2376,0.0,0.0,0,27673.5204,72.5024,33.0812,25.1893,48.4745,1.6516,1.4555,11.3742,1,39951.0,2.2,0.0,2.8392,12.3,9.268992790937176,9.433131204943356,9.220716786817713,11.3742,0.0
5620,2013-07-16,SZSE:000768,0.2189,9.9,9.5586,9.96,9.66,26272.9616,9.69,2.2942,91.9399,55.0,167.1958,1.5671,45.4372,51.6357,52.367,0.0,0.0,0,28177.749,73.8234,33.6839,25.6482,49.3577,1.6817,1.482,17.4642,1,39951.0,2.2,0.0,2.8947,12.3,9.355841818181817,9.61653090909091,9.326876363636364,17.4642,0.0
5621,2013-07-17,SZSE:000768,0.2189,9.9,9.5586,10.21,9.88,26272.9616,9.96,2.2942,91.9399,55.0,167.1958,1.5671,45.4356,51.6357,52.367,0.0,0.0,0,28177.749,73.8234,33.6839,25.6482,49.3577,1.6817,1.482,20.4936,1,39951.0,2.2,0.0,2.8947,12.3,9.61653090909091,9.857909696969697,9.539289696969698,20.4936,0.0
5622,2013-07-18,SZSE:000768,0.2189,9.9,9.5586,9.99,9.69,26272.9616,9.89,2.2942,91.9399,55.0,167.1958,1.5671,45.4182,51.6357,52.367,0.0,0.0,0,28177.749,73.8234,33.6839,25.6482,49.3577,1.6817,1.482,13.6192,1,39951.0,2.2,0.0,2.8947,12.3,9.54894484848485,9.645496363636363,9.355841818181817,13.6192,0.0
5623,2013-07-19,SZSE:000768,0.253,9.64,9.3076,10.11,9.61,25582.9647,9.93,2.234,89.5254,53.5556,162.8048,1.526,45.5178,46.7888,47.3753,0.0,0.0,0,27487.752,72.0157,32.8591,25.0202,48.1491,1.6405,1.4457,18.0991,1,39951.0,2.2,0.0,2.8187,12.3,9.587600414937759,9.761393775933609,9.278634439834025,18.0991,0.0
5624,2013-07-22,SZSE:000768,0.253,9.76,9.4234,9.99,9.64,25901.4248,9.9,2.2618,90.6398,54.2222,164.8315,1.545,45.6032,49.1607,49.7558,0.0,0.0,0,27806.2121,72.8500,33.2398,25.31,48.7069,1.6595,1.4625,16.1982,1,39951.0,2.2,0.0,2.8538,12.3,9.558571721311477,9.645467827868854,9.307538524590166,16.1982,0.0
5625,2013-07-23,SZSE:000768,0.253,9.84,9.5007,9.95,9.72,26113.7316,9.75,2.2803,91.3827,54.6667,166.1825,1.5576,45.1289,50.7373,51.3363,0.0,0.0,0,28018.5189,73.4063,33.4936,25.5033,49.0788,1.6722,1.4737,19.0376,1,39951.0,2.2,0.0,2.8772,12.3,9.413803353658537,9.606907012195123,9.38483780487805,19.0376,0.0
5626,2013-07-24,SZSE:000768,0.253,9.72,9.3848,9.97,9.57,25795.2714,9.85,2.2525,90.2683,54.0,164.1559,1.5386,45.17,48.3169,48.8539,0.0,0.0,0,27700.0587,72.5719,33.1129,25.2134,48.521,1.6531,1.4569,17.038,1,39951.0,2.2,0.0,2.8421,12.3,9.510316872427984,9.626178600823046,9.239972839506173,17.038,0.0
5627,2013-07-25,SZSE:000768,0.253,9.71,9.3752,10.06,9.64,25768.7331,9.75,2.2502,90.1754,53.9444,163.9870,1.5371,45.1178,48.1109,48.6428,0.0,0.0,0,27673.5204,72.5024,33.0812,25.1893,48.4745,1.6516,1.4555,21.6097,1,39951.0,2.2,0.0,2.8392,12.3,9.413820803295572,9.713132028836249,9.307613594232748,21.6097,0.0
5628,2013-07-26,SZSE:000768,0.235,9.27,8.9503,9.66,9.0,24601.0459,9.65,2.1483,86.0892,51.5,156.5561,1.4674,45.6554,40.0257,40.3761,0.0,0.0,0,26505.8332,69.4432,31.6853,24.1264,46.4291,1.5819,1.3941,20.5835,1,39951.0,2.2,0.0,2.7105,12.3,9.317194714131608,9.326849838187703,8.689611650485437,20.5835,0.0
5629,2013-07-29,SZSE:000768,0.235,8.94,8.6317,9.18,8.87,23725.2805,9.17,2.0718,83.0246,49.6667,150.9829,1.4152,45.8451,35.2421,35.5028,0.0,0.0,0,25630.0678,67.1487,30.6384,23.3293,44.8951,1.5296,1.348,13.275,1,39951.0,2.2,0.0,2.614,12.3,8.853768344519015,8.863423489932886,8.564113982102908,13.275,0.0
5630,2013-07-30,SZSE:000768,0.235,8.95,8.6414,9.15,8.84,23751.8189,8.97,2.0741,83.1174,49.7222,151.1518,1.4168,45.4641,35.4937,35.7559,0.0,0.0,0,25656.6062,67.2182,30.6701,23.3534,44.9416,1.5312,1.3494,9.929,1,39951.0,2.2,0.0,2.617,12.3,8.660710391061455,8.834503910614528,8.535192849162012,9.929,0.0
5631,2013-07-31,SZSE:000768,0.235,9.0,8.6896,9.13,8.98,23884.5106,9.1,2.0857,83.5818,50.0,151.9962,1.4247,45.1115,36.8155,37.085,0.0,0.0,0,25789.2979,67.5659,30.8288,23.4742,45.174,1.5391,1.3564,7.8198,1,39951.0,2.2,0.0,2.6316,12.3,8.786151111111112,8.815116444444445,8.670289777777779,7.8198,0.0
5632,2013-08-01,SZSE:000768,0.235,9.17,8.8538,9.26,9.02,24335.6625,9.09,2.1251,85.1605,50.9444,154.8673,1.4516,44.9202,41.2252,41.5154,0.0,0.0,0,26240.4498,68.7479,31.3681,23.8848,45.9643,1.566,1.3801,9.2074,1,39951.0,2.2,0.0,2.6813,12.3,8.776558560523446,8.940696619411122,8.708972300981461,9.2074,0.0
5633,2013-08-02,SZSE:000768,0.2494,9.19,8.8731,9.3,9.17,24388.7391,9.26,2.1297,85.3463,51.0556,155.205,1.4547,44.7747,41.7404,42.0325,0.0,0.0,0,26293.5265,68.8869,31.4315,23.9332,46.0572,1.5692,1.3829,9.1103,1,39951.0,2.2,0.0,2.6871,12.3,8.940686180631122,8.979306855277478,8.853789662676824,9.1103,0.0
5634,2013-08-05,SZSE:000768,0.2494,9.24,8.9214,9.27,9.13,24521.4309,9.13,2.1413,85.8106,51.3333,156.0495,1.4627,44.5834,43.0835,43.3805,0.0,0.0,0,26426.2182,69.2346,31.5901,24.0539,46.2897,1.5771,1.3899,7.5515,1,39951.0,2.2,0.0,2.7018,12.3,8.815192857142858,8.950365584415584,8.815192857142858,7.5515,0.0
5635,2013-08-06,SZSE:000768,0.2494,9.33,9.0083,9.41,9.29,24760.276,9.38,2.1622,86.6464,51.8333,157.5694,1.4769,44.5423,45.5182,45.8227,0.0,0.0,0,26665.0633,69.8603,31.8757,24.2713,46.708,1.5914,1.4025,11.0289,1,39951.0,2.2,0.0,2.7281,12.3,9.05657599142551,9.085541586280815,8.969679206859592,11.0289,0.0
5636,2013-08-07,SZSE:000768,0.2494,9.34,9.0179,9.43,9.28,24786.8143,9.3,2.1645,86.7393,51.8889,157.7383,1.4785,44.5185,45.7957,46.1009,0.0,0.0,0,26691.6016,69.9299,31.9074,24.2955,46.7545,1.593,1.4039,12.1712,1,39951.0,2.2,0.0,2.731,12.3,8.979279443254818,9.104796252676659,8.959969164882226,12.1712,0.0
5637,2013-08-08,SZSE:000768,0.2494,9.14,8.8248,9.38,9.1,24256.0474,9.35,2.1181,84.8819,50.7778,154.3606,1.4468,44.6909,41.269,41.5101,0.0,0.0,0,26160.8347,68.5393,31.2729,23.8124,45.8248,1.5613,1.3759,9.2822,1,39951.0,2.2,0.0,2.6725,12.3,9.027557986870896,9.05652341356674,8.786179431072208,9.2822,0.0
5638,2013-08-09,SZSE:000768,0.233,9.19,8.8731,9.38,9.06,24388.7391,9.15,2.1297,85.3463,51.0556,155.205,1.4547,44.3952,42.7915,43.0373,0.0,0.0,0,26293.5265,68.8869,31.4315,23.9332,46.0572,1.5692,1.3829,8.9352,1,39951.0,2.2,0.0,2.6871,12.3,8.834479325353646,9.056548204570188,8.747582807399349,8.9352,0.0
5639,2013-08-12,SZSE:000768,0.233,9.35,9.0276,9.36,9.1,24813.3527,9.3,2.1668,86.8322,51.9444,157.9072,1.4801,44.528,47.4829,47.7397,0.0,0.0,0,26718.14,69.9994,31.9391,24.3196,46.801,1.5945,1.4053,12.2325,1,39951.0,2.2,0.0,2.7339,12.3,8.979324064171124,9.037255187165774,8.786220320855614,12.2325,0.0
5640,2013-08-13,SZSE:000768,0.233,9.35,9.0276,9.42,9.28,24813.3527,9.36,2.1668,86.8322,51.9444,157.9072,1.4801,43.6189,47.4829,47.7397,0.0,0.0,0,26718.14,69.9994,31.9391,24.3196,46.801,1.5945,1.4053,10.4848,1,39951.0,2.2,0.0,2.7339,12.3,9.037255187165774,9.095186310160429,8.96001368983957,10.4848,0.0
5641,2013-08-14,SZSE:000768,0.233,9.26,8.9407,9.47,9.23,24574.5076,9.41,2.1459,85.9963,51.4444,156.3872,1.4658,43.2094,45.0717,45.3001,0.0,0.0,0,26479.2949,69.3736,31.6536,24.1022,46.3826,1.5803,1.3927,11.6653,1,39951.0,2.2,0.0,2.7076,12.3,9.085527753779697,9.143458855291579,8.91173444924406,11.6653,0.0
5642,2013-08-15,SZSE:000768,0.233,9.04,8.7283,9.31,9.04,23990.664,9.27,2.095,83.9532,50.2222,152.6718,1.431,43.2505,39.7569,39.9287,0.0,0.0,0,25895.4513,67.844,30.9557,23.5708,45.3599,1.5454,1.362,9.8555,1,39951.0,2.2,0.0,2.6433,12.3,8.950369579646019,8.988990376106196,8.7283,9.8555,0.0
5643,2013-08-16,SZSE:000768,0.2209,8.95,8.6414,9.26,8.9,23751.8189,9.04,2.0741,83.1174,49.7222,151.1518,1.4168,42.6386,37.7936,37.9464,0.0,0.0,0,25656.6062,67.2182,30.6701,23.3534,44.9416,1.5312,1.3494,13.1455,1,39951.0,2.2,0.0,2.617,12.3,8.728296759776537,8.940711061452516,8.593124022346371,13.1455,0.0
5644,2013-08-19,SZSE:000768,0.2209,8.97,8.6607,9.08,8.89,23804.8956,8.9,2.0787,83.3032,49.8333,151.4896,1.4199,42.6449,38.5202,38.675,0.0,0.0,0,25709.6829,67.3573,30.7336,23.4017,45.0345,1.5344,1.3522,8.6911,1,39951.0,2.2,0.0,2.6228,12.3,8.593113712374581,8.76690702341137,8.583458528428094,8.6911,0.0
5645,2013-08-20,SZSE:000768,0.2209,8.88,8.5738,9.05,8.84,23566.0504,8.98,2.0579,82.4673,49.3333,149.9696,1.4057,42.3429,36.4566,36.5928,0.0,0.0,0,25470.8378,66.7316,30.4481,23.1843,44.6162,1.5201,1.3397,8.8309,1,39951.0,2.2,0.0,2.5965,12.3,8.670351801801802,8.737938063063064,8.535179279279278,8.8309,0.0
5646,2013-08-21,SZSE:000768,0.2209,8.94,8.6317,8.95,8.85,23725.2805,8.95,2.0992,67.0436,49.6667,112.5604,1.3244,40.4345,38.8101,38.9525,0.0,0.0,0,27221.515,52.4929,27.8969,24.7778,47.6827,1.5196,1.4317,5.6792,1,39951.0,2.2,0.0,2.614,12.3,8.64135514541387,8.64135514541387,8.544803691275169,5.6792,0.0
5647,2013-08-22,SZSE:000768,0.2209,8.95,8.6414,9.05,8.91,23751.8189,8.98,2.1015,67.1186,52.6471,112.6863,1.3259,40.3143,39.2142,39.3575,0.0,0.0,0,27248.0534,52.544,27.9241,23.7816,42.9593,1.5211,1.3842,7.3854,1,39951.0,2.2,0.0,2.7709,12.3,8.670365586592181,8.737951955307265,8.602779217877098,7.3854,0.0
5648,2013-08-23,SZSE:000768,0.2324,8.85,8.5448,9.02,8.63,23486.4354,9.02,2.078,66.3687,52.0588,111.4273,1.3111,39.8289,36.6105,36.7328,0.0,0.0,0,26982.6699,52.0323,27.6521,23.55,42.5409,1.5063,1.3707,11.5281,1,39951.0,2.2,0.0,2.7399,12.3,8.708937401129944,8.708937401129944,8.332386892655368,11.5281,0.0
5649,2013-08-26,SZSE:000768,0.2324,9.04,8.7283,9.11,8.86,23990.664,8.89,2.1226,67.7936,53.1765,113.8195,1.3393,39.8906,44.1924,44.3295,0.0,0.0,0,27486.8985,53.0046,28.1689,23.99,43.3358,1.5344,1.3963,16.1215,1,39951.0,2.2,0.0,2.7988,12.3,8.583472013274339,8.79588639380531,8.554506415929204,16.1215,0.0
5650,2013-08-27,SZSE:000768,0.2324,9.15,8.8345,9.15,8.96,24282.5858,9.05,2.1485,68.6185,53.8235,115.2045,1.3556,40.006,48.0653,48.2069,0.0,0.0,0,27778.8203,53.5675,28.468,24.2448,43.7961,1.5507,1.4112,13.4469,1,39951.0,2.2,0.0,2.8328,12.3,8.737948087431693,8.8345,8.65105136612022,13.4469,0.0
5651,2013-08-28,SZSE:000768,0.2324,9.69,9.3558,9.86,9.16,25715.6564,9.16,2.2753,72.6681,57.0,122.0034,1.4356,41.4875,62.0052,62.1455,0.0,0.0,0,29211.8909,56.331,29.9367,25.4956,46.0554,1.6307,1.484,52.1679,1,39951.0,2.2,0.0,3.0,12.3,8.844079256965946,9.519936842105263,8.844079256965946,52.1679,0.0
5652,2013-08-29,SZSE:000768,0.2324,9.45,9.1241,9.69,9.33,25078.7361,9.69,2.2189,70.8683,55.5882,118.9817,1.4,40.7681,54.9462,55.054,0.0,0.0,0,28574.9706,55.1028,29.284,24.9397,45.0513,1.5952,1.4516,19.9625,1,39951.0,2.2,0.0,2.9257,12.3,9.355823174603175,9.355823174603175,9.008238412698413,19.9625,0.0
5653,2013-08-30,SZSE:000768,0.1583,9.32,8.9986,9.39,9.14,24733.7376,9.39,2.1884,69.8934,54.8235,117.3449,1.3807,40.8124,51.5245,51.618,0.0,0.0,0,28229.9722,54.4375,28.9304,24.6386,44.5074,1.5759,1.4341,19.8142,1,39951.0,2.2,0.0,2.8855,12.3,9.066186051502147,9.066186051502147,8.824807296137338,19.8142,0.0
5654,2013-09-02,SZSE:000768,0.1583,9.46,9.1338,9.71,9.43,25105.2745,9.48,2.2213,70.9433,55.6471,119.1076,1.4015,40.8297,54.7897,54.8836,0.0,0.0,0,28601.509,55.154,29.3111,24.9628,45.0931,1.5967,1.453,20.9911,1,39951.0,2.2,0.0,2.9288,12.3,9.153110359408036,9.375179492600424,9.104834460887949,20.9911,0.0
5655,2013-09-03,SZSE:000768,0.1583,9.47,9.1434,9.52,9.29,25131.8128,9.46,2.2236,71.0183,55.7059,119.2335,1.403,40.7697,55.0228,55.1167,0.0,0.0,0,28628.0473,55.2052,29.3383,24.986,45.135,1.5981,1.4543,14.4654,1,39951.0,2.2,0.0,2.9319,12.3,9.133744878563885,9.191675607180569,8.969607814149946,14.4654,0.0
5656,2013-09-04,SZSE:000768,0.1583,9.76,9.4234,9.85,9.49,25901.4248,9.49,2.2917,73.1931,57.4118,122.8848,1.4459,41.1681,61.2594,61.3512,0.0,0.0,0,29397.6593,56.6892,30.1271,25.6577,46.3483,1.6411,1.4934,32.8133,1,39951.0,2.2,0.0,3.0217,12.3,9.16271168032787,9.510296106557378,9.16271168032787,32.8133,0.0
5657,2013-09-05,SZSE:000768,0.1583,9.54,9.211,9.84,9.45,25317.5812,9.75,2.24,71.5432,56.1177,120.1148,1.4133,41.0748,55.0259,55.0985,0.0,0.0,0,28813.8158,55.5634,29.5287,25.1481,45.4278,1.6085,1.4637,24.3167,1,39951.0,2.2,0.0,2.9536,12.3,9.413757861635222,9.500654088050315,9.124103773584906,24.3167,0.0
5658,2013-09-06,SZSE:000768,0.1982,9.95,9.6069,9.95,9.5,26405.6534,9.5,2.3363,74.6179,58.5294,125.277,1.4741,41.8686,62.653,62.7233,0.0,0.0,0,29901.8879,57.6616,30.6438,26.0978,47.1433,1.6692,1.519,39.5273,1,39951.0,2.2,0.0,3.0805,12.3,9.172417085427135,9.6069,9.172417085427135,39.5273,0.0
5659,2013-09-09,SZSE:000768,0.1982,10.95,10.5724,10.95,9.83,29059.4879,10.1,2.5711,82.1172,64.4118,137.8677,1.6222,46.1866,74.1624,74.2214,0.0,0.0,0,32555.7224,62.7791,33.3635,28.414,51.3273,1.8174,1.6538,85.013,1,39951.0,2.2,0.0,3.3901,12.3,9.751711415525115,10.5724,9.491022100456622,85.013,0.0
5660,2013-09-10,SZSE:000768,0.1982,11.07,10.6883,11.3,10.67,29377.948,10.9,2.5993,83.0171,65.1177,139.3785,1.64,45.8736,75.152,75.2096,0.0,0.0,0,32874.1825,63.3932,33.6898,28.692,51.8294,1.8352,1.67,67.0951,1,39951.0,2.2,0.0,3.4272,12.3,10.524161698283649,10.910369467028005,10.302092231255646,67.0951,0.0
5661,2013-09-11,SZSE:000768,0.1982,10.64,10.2731,11.53,10.46,28236.7992,11.31,2.4983,79.7924,62.5882,133.9645,1.5763,46.1582,65.4748,65.5177,0.0,0.0,0,31733.0337,61.1927,32.5204,27.696,50.0303,1.7715,1.612,52.5279,1,39951.0,2.2,0.0,3.2941,12.3,10.919996334586466,11.132410056390976,10.099306954887219,52.5279,0.0
5662,2013-09-12,SZSE:000768,0.1982,10.56,10.1958,10.86,10.41,28024.4924,10.47,2.4795,79.1925,62.1177,132.9573,1.5644,45.8198,63.8281,63.8686,0.0,0.0,0,31520.727,60.7833,32.3028,27.5107,49.6956,1.7596,1.6013,26.6432,1,39951.0,2.2,0.0,3.2694,12.3,10.108903977272726,10.485453409090908,10.050973295454545,26.6432,0.0
5663,2013-09-13,SZSE:000768,0.0772,10.29,9.9352,10.65,10.25,27307.9571,10.56,2.4161,77.1677,60.5294,129.5578,1.5244,44.6593,58.482,58.5156,0.0,0.0,0,30804.1916,59.4015,31.5685,26.8853,48.5659,1.7196,1.5649,20.481,1,39951.0,2.2,0.0,3.1858,12.3,10.195890379008748,10.282787172011663,9.896579203109816,20.481,0.0
5664,2013-09-16,SZSE:000768,0.0772,10.33,9.9738,10.65,10.22,27414.1105,10.27,2.4255,77.4676,60.7647,130.0614,1.5304,44.6261,59.0295,59.063,0.0,0.0,0,30910.345,59.6062,31.6773,26.978,48.7332,1.7255,1.5703,20.465,1,39951.0,2.2,0.0,3.1981,12.3,9.915868925459826,10.28276573088093,9.867593030009681,20.465,0.0
5665,2013-09-17,SZSE:000768,0.0772,10.08,9.7324,10.44,10.05,26750.6519,10.32,2.3668,75.5928,59.2941,126.9138,1.4933,44.819,54.2174,54.2451,0.0,0.0,0,30246.8864,58.3269,30.9973,26.3989,47.6872,1.6885,1.5365,19.8077,1,39951.0,2.2,0.0,3.1207,12.3,9.964123809523809,10.079985714285714,9.703434523809523,19.8077,0.0
5666,2013-09-18,SZSE:000768,0.0772,10.15,9.8,10.27,10.05,26936.4203,10.25,2.3833,76.1178,59.7059,127.7951,1.5037,44.8,55.3158,55.3435,0.0,0.0,0,30432.6548,58.6851,31.1877,26.561,47.9801,1.6989,1.546,11.7404,1,39951.0,2.2,0.0,3.1424,12.3,9.896551724137932,9.915862068965517,9.703448275862069,11.7404,0.0
5667,2013-09-19,SZSE:000768,0.0772,0.0,9.8,0.0,0.0,26936.4203,0.0,2.3833,76.1178,59.7059,127.7951,1.5037,44.8,55.3158,55.3435,0.0,0.0,0,30432.6548,58.6851,31.1877,26.561,47.9801,1.6989,1.546,0.0,1,39951.0,2.2,0.0,3.1424,12.3,0.0,0.0,0.0,0.0,0.0
5668,2013-09-20,SZSE:000768,0.0037,0.0,9.8,0.0,0.0,26936.4203,0.0,2.3833,76.1178,59.7059,127.7951,1.5037,44.8,55.3158,55.3435,0.0,0.0,0,30432.6548,58.6851,31.1877,26.561,47.9801,1.6989,1.546,0.0,1,39951.0,2.2,0.0,3.1424,12.3,0.0,0.0,0.0,0.0,0.0
5669,2013-09-23,SZSE:000768,0.0037,10.2,9.8483,10.32,10.01,27069.112,10.28,2.395,76.4927,60.0,128.4247,1.5111,43.864,56.1255,56.1532,0.0,0.0,0,30565.3465,58.941,31.3237,26.6768,48.1893,1.7063,1.5527,15.0583,1,39951.0,2.2,0.0,3.1579,12.3,9.92554156862745,9.964162352941178,9.664851274509804,15.0583,0.0
5670,2013-09-24,SZSE:000768,0.0037,10.33,9.9738,10.37,10.14,27414.1105,10.21,2.4255,77.4676,60.7647,130.0614,1.5304,38.4596,58.2441,58.2717,0.0,0.0,0,30910.345,59.6062,31.6773,26.978,48.147,1.7255,1.5703,18.4682,1,39951.0,2.2,0.0,3.1981,12.3,9.857937850919653,10.012420716360117,9.79035159728945,18.4682,0.0
5671,2013-09-25,SZSE:000768,0.0037,10.1,9.7517,10.36,10.07,26803.7285,10.3,2.3715,75.7428,59.4118,127.1656,1.4963,38.7521,53.3369,53.3596,0.0,0.0,0,30299.9631,58.4292,31.0517,26.4452,47.1962,1.6915,1.5392,15.923,1,39951.0,2.2,0.0,3.1269,12.3,9.94480297029703,10.002733861386139,9.722734554455446,15.923,0.0
5672,2013-09-26,SZSE:000768,0.0037,9.61,9.2786,10.1,9.6,25503.3496,10.05,2.2565,72.0682,56.5294,120.9962,1.4237,39.6882,44.6968,44.7121,0.0,0.0,0,28999.5842,55.9216,29.7191,25.3103,45.1707,1.6189,1.4732,23.1415,1,39951.0,2.2,0.0,2.9752,12.3,9.703426638917797,9.751702393340272,9.268944849115506,23.1415,0.0
5673,2013-09-27,SZSE:000768,0.0513,9.57,9.24,9.72,9.51,25397.1963,9.67,2.2471,71.7682,56.2941,120.4926,1.4178,39.4921,44.0692,44.0841,0.0,0.0,0,28893.4308,55.7169,29.6103,25.2176,45.0053,1.613,1.4678,9.6889,1,39951.0,2.2,0.0,2.9629,12.3,9.33655172413793,9.384827586206896,9.18206896551724,9.6889,0.0
5674,2013-09-30,SZSE:000768,0.0513,9.58,9.2496,9.69,9.52,25423.7346,9.57,2.2494,71.8432,56.3529,120.6185,1.4193,39.2707,44.2798,44.2947,0.0,0.0,0,28919.9691,55.7681,29.6375,25.2408,45.0467,1.6144,1.4691,8.2788,1,39951.0,2.2,0.0,2.9659,12.3,9.239944885177453,9.355806263048015,9.191669311064716,8.2788,0.0
5675,2013-10-01,SZSE:000768,0.0513,0.0,9.2496,0.0,0.0,25423.7346,0.0,2.2494,71.8432,56.3529,120.6185,1.4193,39.2707,44.2798,44.2947,0.0,0.0,0,28919.9691,55.7681,29.6375,25.2408,45.0467,1.6144,1.4691,0.0,1,39951.0,2.2,0.0,2.9659,12.3,0.0,0.0,0.0,0.0,0.0
5676,2013-10-02,SZSE:000768,0.0513,0.0,9.2496,0.0,0.0,25423.7346,0.0,2.2494,71.8432,56.3529,120.6185,1.4193,39.2707,44.2798,44.2947,0.0,0.0,0,28919.9691,55.7681,29.6375,25.2408,45.0467,1.6144,1.4691,0.0,1,39951.0,2.2,0.0,2.9659,12.3,0.0,0.0,0.0,0.0,0.0
5677,2013-10-03,SZSE:000768,0.0513,0.0,9.2496,0.0,0.0,25423.7346,0.0,2.2494,71.8432,56.3529,120.6185,1.4193,39.2707,44.2798,44.2947,0.0,0.0,0,28919.9691,55.7681,29.6375,25.2408,45.0467,1.6144,1.4691,0.0,1,39951.0,2.2,0.0,2.9659,12.3,0.0,0.0,0.0,0.0,0.0
5678,2013-10-04,SZSE:000768,0.0511,0.0,9.2496,0.0,0.0,25423.7346,0.0,2.2494,71.8432,56.3529,120.6185,1.4193,39.2707,44.2798,44.2947,0.0,0.0,0,28919.9691,55.7681,29.6375,25.2408,45.0467,1.6144,1.4691,0.0,1,39951.0,2.2,0.0,2.9659,12.3,0.0,0.0,0.0,0.0,0.0
5679,2013-10-07,SZSE:000768,0.0511,0.0,9.2496,0.0,0.0,25423.7346,0.0,2.2494,71.8432,56.3529,120.6185,1.4193,39.2707,44.2798,44.2947,0.0,0.0,0,28919.9691,55.7681,29.6375,25.2408,45.0467,1.6144,1.4691,0.0,1,39951.0,2.2,0.0,2.9659,12.3,0.0,0.0,0.0,0.0,0.0
5680,2013-10-08,SZSE:000768,0.0511,9.83,9.491,9.9,9.42,26087.1932,9.55,2.3081,73.718,57.8235,123.7661,1.4563,37.8588,49.4094,49.4249,0.0,0.0,0,29583.4278,57.0475,30.3174,25.8198,46.6412,1.6515,1.5028,13.724,1,39951.0,2.2,0.0,3.0433,12.3,9.220656154628687,9.558585961342828,9.095139369277721,13.724,0.0
5681,2013-10-09,SZSE:000768,0.0511,9.8,9.462,9.92,9.69,26007.5782,9.76,2.3011,73.493,57.6471,123.3884,1.4519,37.8651,48.8285,48.8436,0.0,0.0,0,29503.8127,56.8939,30.2358,25.7504,46.5157,1.647,1.4988,14.7116,1,39951.0,2.2,0.0,3.0341,12.3,9.423379591836733,9.577861224489794,9.355793877551019,14.7116,0.0
5682,2013-10-10,SZSE:000768,0.0511,9.78,9.4427,9.99,9.72,25954.5015,9.85,2.2964,73.343,57.5294,123.1366,1.4489,37.541,48.4198,48.4346,0.0,0.0,0,29450.736,56.7916,30.1814,25.704,46.432,1.6441,1.4961,20.1247,1,39951.0,2.2,0.0,3.0279,12.3,9.510285787321065,9.645457361963192,9.384769325153377,20.1247,0.0
5683,2013-10-11,SZSE:000768,0.1009,9.85,9.5103,9.91,9.75,26140.2699,9.82,2.3128,73.868,57.9412,124.0179,1.4593,37.005,49.9973,50.0123,0.0,0.0,0,29636.5044,57.1498,30.3718,25.8662,46.7249,1.6544,1.5055,14.1053,1,39951.0,2.2,0.0,3.0495,12.3,9.481334619289342,9.56823076142132,9.41374873096447,14.1053,0.0
5684,2013-10-14,SZSE:000768,0.1009,9.86,9.52,9.93,9.76,26166.8083,9.88,2.3152,73.943,58.0,124.1438,1.4607,37.0034,50.2315,50.2464,0.0,0.0,0,29663.0428,57.201,30.399,25.8893,46.7667,1.6559,1.5069,12.5026,1,39951.0,2.2,0.0,3.0526,12.3,9.539310344827586,9.587586206896551,9.423448275862068,12.5026,0.0
5685,2013-10-15,SZSE:000768,0.1009,9.84,9.5007,9.94,9.8,26113.7316,9.9,2.3105,73.793,57.8824,123.892,1.4578,36.8911,49.7299,49.7445,0.0,0.0,0,29609.9661,57.0987,30.3446,25.843,46.683,1.6529,1.5042,12.4996,1,39951.0,2.2,0.0,3.0464,12.3,9.558631097560976,9.597251829268291,9.462079268292683,12.4996,0.0
5686,2013-10-16,SZSE:000768,0.1009,9.77,9.4331,9.99,9.74,25927.9632,9.8,2.294,73.268,75.1539,123.0107,1.4474,36.6998,47.9259,47.9394,0.0,0.0,0,29424.1977,56.7404,30.1542,25.6809,46.3902,1.6426,1.2343,20.2861,1,39951.0,2.2,0.0,3.9555,12.3,9.46206550665302,9.645513715455476,9.404134493346982,20.2861,0.0
5687,2013-10-17,SZSE:000768,0.1009,9.7,9.3655,9.85,9.64,25742.1947,9.71,2.2776,72.7431,74.6154,122.1293,1.437,36.7283,46.124,46.1364,0.0,0.0,0,29238.4293,56.3822,29.9639,25.5187,46.0973,1.6322,1.2265,16.8581,1,39951.0,2.2,0.0,3.9271,12.3,9.375155154639177,9.51032731958763,9.30756907216495,16.8581,0.0
5688,2013-10-18,SZSE:000768,0.0752,9.62,9.2883,9.78,9.58,25529.888,9.69,2.2588,72.1432,74.0,121.1221,1.4252,36.7646,44.0841,44.0953,0.0,0.0,0,29026.1225,55.9728,29.7463,25.3334,45.7626,1.6204,1.2176,12.135,1,39951.0,2.2,0.0,3.8947,12.3,9.355886382536383,9.44278316008316,9.249679209979211,12.135,0.0
5689,2013-10-21,SZSE:000768,0.0752,9.69,9.3558,9.72,9.45,25715.6564,9.62,2.2753,72.6681,74.5385,122.0034,1.4356,36.3867,46.3212,46.3326,0.0,0.0,0,29211.8909,56.331,29.9367,25.4956,46.0554,1.6307,1.2254,14.4532,1,39951.0,2.2,0.0,3.9231,12.3,9.288214241486068,9.3847653250774,9.124077399380806,14.4532,0.0
5690,2013-10-22,SZSE:000768,0.0752,9.55,9.2207,9.74,9.52,25344.1196,9.69,2.2424,71.6182,73.4615,120.2407,1.4148,36.4168,42.6463,42.6558,0.0,0.0,0,28840.3541,55.6146,29.5559,25.1713,45.4697,1.61,1.2098,12.9744,1,39951.0,2.2,0.0,3.8664,12.3,9.355872565445026,9.404148481675392,9.19173445026178,12.9744,0.0
5691,2013-10-23,SZSE:000768,0.0752,9.55,9.2207,9.72,9.53,25344.1196,9.58,2.2424,71.6182,73.4615,120.2407,1.4148,36.3725,42.6463,42.6558,0.0,0.0,0,28840.3541,55.6146,29.5559,25.1713,45.4697,1.61,1.2098,12.8805,1,39951.0,2.2,0.0,3.8664,12.3,9.249665549738221,9.384838115183246,9.201389633507853,12.8805,0.0
5692,2013-10-24,SZSE:000768,0.0752,9.6,9.2689,9.62,9.51,25476.8113,9.55,2.2286,58.3739,73.8462,81.808,1.3866,36.3077,44.471,44.4807,0.0,0.0,0,30394.0615,40.9764,25.1714,26.5274,47.9193,1.6525,1.275,7.6325,1,39951.0,2.2,0.0,3.8866,12.3,9.220624479166668,9.288210208333332,9.1820040625,7.6325,0.0
5693,2013-10-25,SZSE:000768,0.0697,9.18,8.8634,9.66,9.15,24362.2008,9.66,2.1311,55.8201,70.6154,78.2289,1.3259,37.4461,34.5325,34.5379,0.0,0.0,0,29279.451,39.4737,24.2483,25.5545,46.162,1.5919,1.2282,13.4147,1,39951.0,2.2,0.0,3.7166,12.3,9.326845751633988,9.326845751633988,8.834434640522877,13.4147,0.0
5694,2013-10-28,SZSE:000768,0.0697,9.36,9.0372,9.4,9.08,24839.891,9.2,2.1729,56.9146,72.0,79.7628,1.3519,36.4421,40.6538,40.6599,0.0,0.0,0,29757.1412,40.1177,24.6439,25.9715,46.9151,1.6179,1.2483,9.1806,1,39951.0,2.2,0.0,3.7895,12.3,8.882717948717948,9.075820512820515,8.76685641025641,9.1806,0.0
5695,2013-10-29,SZSE:000768,0.0697,8.96,8.651,9.45,8.72,23778.3572,9.43,2.0801,54.4823,68.9231,76.3541,1.2942,36.7915,33.2203,33.2241,0.0,0.0,0,28695.6074,38.6866,23.7648,25.045,45.2415,1.5602,1.2037,18.5873,1,39951.0,2.2,0.0,3.6275,12.3,9.104791294642856,9.124101562499998,8.419276785714285,18.5873,0.0
5696,2013-10-30,SZSE:000768,0.0697,9.09,8.7765,9.1,8.88,24123.3557,9.0,2.1102,55.2728,69.9231,77.4619,1.3129,36.9101,37.237,37.2411,0.0,0.0,0,29040.6059,39.1517,24.0505,25.3461,45.7854,1.5789,1.2182,11.6937,1,39951.0,2.2,0.0,3.6802,12.3,8.68960396039604,8.786155115511551,8.573742574257427,11.6937,0.0
5697,2013-10-31,SZSE:000768,0.0697,9.05,8.7379,9.09,8.97,24017.2023,9.02,2.1009,55.0296,69.6154,77.121,1.3072,36.9054,36.5093,36.5133,0.0,0.0,0,28934.4525,39.0086,23.9626,25.2534,45.618,1.5732,1.2137,7.3947,1,39951.0,2.2,0.0,3.664,12.3,8.708934585635358,8.776520552486186,8.660658895027623,7.3947,0.0
5698,2013-11-01,SZSE:000768,0.0817,9.12,8.8055,9.16,9.04,24202.9707,9.15,2.1172,55.4552,70.1539,77.7176,1.3173,36.7362,38.7645,38.7686,0.0,0.0,0,29120.2209,39.2591,24.1165,25.4156,45.9109,1.5833,1.2215,5.7878,1,39951.0,2.2,0.0,3.6923,12.3,8.834465460526317,8.84412061403509,8.728258771929825,5.7878,0.0
5699,2013-11-04,SZSE:000768,0.0817,9.14,8.8248,9.24,9.07,24256.0474,9.24,2.1218,55.5768,70.3077,77.888,1.3202,36.7362,39.4265,39.4307,0.0,0.0,0,29173.2976,39.3306,24.1604,25.4619,45.9946,1.5861,1.2238,4.2928,1,39951.0,2.2,0.0,3.7004,12.3,8.921351422319475,8.921351422319475,8.757214004376367,4.2928,0.0
5700,2013-11-05,SZSE:000768,0.0817,9.12,8.8055,9.17,8.95,24202.9707,9.1,2.1172,55.4552,70.1539,77.7176,1.3173,36.7204,38.9727,38.9768,0.0,0.0,0,29120.2209,39.2591,24.1165,25.4156,45.9109,1.5833,1.2215,5.5484,1,39951.0,2.2,0.0,3.6923,12.3,8.786189692982457,8.853775767543862,8.641362390350878,5.5484,0.0
5701,2013-11-06,SZSE:000768,0.0817,9.01,8.6993,9.15,8.99,23911.0489,9.09,2.0917,54.7864,69.3077,76.7802,1.3014,36.7409,36.4856,36.4892,0.0,0.0,0,28828.2991,38.8655,23.8747,25.1608,45.4507,1.5674,1.2093,6.6274,1,39951.0,2.2,0.0,3.6478,12.3,8.776541287458379,8.834472253052162,8.679989678135405,6.6274,0.0
5702,2013-11-07,SZSE:000768,0.0817,8.97,8.6607,9.07,8.95,23804.8956,9.05,2.0824,54.5431,69.0,76.4393,1.2956,36.7472,35.5961,35.5994,0.0,0.0,0,28722.1458,38.7224,23.7868,25.0681,45.2833,1.5616,1.2048,5.105,1,39951.0,2.2,0.0,3.6316,12.3,8.737941471571906,8.757251839464884,8.641389632107023,5.105,0.0
5703,2013-11-08,SZSE:000768,0.1039,9.0,8.6896,9.15,8.97,23884.5106,8.97,2.0893,54.7256,69.2308,76.695,1.3,36.4927,36.8399,36.8433,0.0,0.0,0,28801.7608,38.8297,23.8527,25.1376,45.4088,1.5659,1.2082,6.1357,1,39951.0,2.2,0.0,3.6437,12.3,8.660634666666667,8.834426666666667,8.660634666666667,6.1357,0.0
5704,2013-11-11,SZSE:000768,0.1039,8.92,8.6124,9.06,8.84,23672.2038,9.0,2.0708,54.2391,68.6154,76.0132,1.2884,36.5148,34.904,34.907,0.0,0.0,0,28589.454,38.5435,23.6769,24.9523,45.0741,1.5544,1.1993,5.3616,1,39951.0,2.2,0.0,3.6113,12.3,8.68964125560538,8.747572197309417,8.535158744394618,5.3616,0.0
5705,2013-11-12,SZSE:000768,0.1039,8.94,8.6317,8.99,8.88,23725.2805,8.89,2.0754,54.3607,68.7692,76.1837,1.2913,36.3298,35.8121,35.8152,0.0,0.0,0,28642.5307,38.615,23.7209,24.9987,45.1578,1.5573,1.2015,4.454,1,39951.0,2.2,0.0,3.6194,12.3,8.58342427293065,8.679975727069353,8.57376912751678,4.454,0.0
5706,2013-11-13,SZSE:000768,0.1039,9.02,8.7089,9.41,9.0,23937.5873,9.3,2.094,54.8472,69.3846,76.8654,1.3028,36.3852,39.4507,39.454,0.0,0.0,0,28854.8375,38.9013,23.8967,25.1839,45.4925,1.5688,1.2104,11.5271,1,39951.0,2.2,0.0,3.6518,12.3,8.979242793791576,9.08544889135255,8.689589800443459,11.5271,0.0
5707,2013-11-14,SZSE:000768,0.1039,9.4,9.0758,9.43,8.96,24946.0444,9.0,2.1822,57.1578,72.3077,80.1036,1.3577,37.337,53.0614,53.0651,0.0,0.0,0,29863.2946,40.2608,24.7319,26.0641,47.0824,1.6237,1.2527,20.404,1,39951.0,2.2,0.0,3.8057,12.3,8.68959574468085,9.104765319148934,8.650975319148936,20.404,0.0
5708,2013-11-15,SZSE:000768,0.1005,9.64,9.3076,9.85,9.37,25582.9647,9.4,2.2379,58.6172,74.1539,82.1488,1.3924,37.3307,59.2863,59.2899,0.0,0.0,0,30500.2149,41.1195,25.2593,26.62,48.0866,1.6583,1.2794,29.6887,1,39951.0,2.2,0.0,3.9028,12.3,9.0758755186722,9.510358921161826,9.046909958506223,29.6887,0.0
5709,2013-11-18,SZSE:000768,0.1005,9.87,9.5296,10.19,9.64,26193.3466,9.68,2.2913,60.0157,75.9231,84.1088,1.4256,37.541,64.1878,64.1913,0.0,0.0,0,31110.5968,41.9424,25.7648,27.1527,49.0489,1.6915,1.305,47.534,1,39951.0,2.2,0.0,3.996,12.3,9.346152786220873,9.838563728470113,9.307532320162109,47.534,0.0
5710,2013-11-19,SZSE:000768,0.1005,9.76,9.4234,10.16,9.69,25901.4248,9.99,2.2658,59.3468,75.0769,83.1714,1.4097,37.6343,60.4401,60.4432,0.0,0.0,0,30818.675,41.5489,25.5231,26.8979,48.5887,1.6756,1.2928,30.7847,1,39951.0,2.2,0.0,3.9514,12.3,9.645467827868854,9.809604918032788,9.355814139344263,30.7847,0.0
5711,2013-11-20,SZSE:000768,0.1005,10.34,9.9834,10.45,9.71,27440.6488,9.87,2.4004,62.8736,79.5385,88.114,1.4935,39.2913,70.29,70.2928,0.0,0.0,0,32357.899,43.624,26.7978,28.2414,51.0154,1.7593,1.3574,62.7939,1,39951.0,2.2,0.0,4.1862,12.3,9.52960909090909,10.089606382978722,9.375127079303676,62.7939,0.0
5712,2013-11-21,SZSE:000768,0.1005,10.0,9.6552,10.28,9.82,26538.3451,10.18,2.3215,60.8062,76.9231,85.2166,1.4444,39.9728,60.7422,60.7442,0.0,0.0,0,31455.5953,42.4075,26.0505,27.4538,49.5929,1.7102,1.3195,38.9066,1,39951.0,2.2,0.0,4.0486,12.3,9.8289936,9.925545600000001,9.481406400000001,38.9066,0.0
5713,2013-11-22,SZSE:000768,0.1193,10.09,9.742,10.5,10.0,26777.1902,10.13,2.3424,61.3534,77.6154,85.9836,1.4574,39.9981,62.2057,62.2077,0.0,0.0,0,31694.4404,42.7295,26.2484,27.6623,49.9694,1.7232,1.3295,46.0521,1,39951.0,2.2,0.0,4.085,12.3,9.780620416253718,10.137859266600596,9.655104063429139,46.0521,0.0
5714,2013-11-25,SZSE:000768,0.1193,10.33,9.9738,10.66,10.24,27414.1105,10.54,2.3981,62.8128,79.4615,88.0288,1.4921,40.1404,65.8605,65.8624,0.0,0.0,0,32331.3607,43.5882,26.7758,28.2182,50.9736,1.7578,1.3562,55.6169,1,39951.0,2.2,0.0,4.1822,12.3,10.17655876089061,10.29242090997096,9.88690338818974,55.6169,0.0
5715,2013-11-26,SZSE:000768,0.1193,10.2,9.8483,10.39,9.93,27069.112,10.21,2.3679,62.0223,78.4615,86.921,1.4733,40.0692,62.3437,62.3454,0.0,0.0,0,31986.3622,43.1231,26.4901,27.9171,50.4297,1.7391,1.3418,31.4811,1,39951.0,2.2,0.0,4.1296,12.3,9.857955196078434,10.031748725490198,9.587609705882354,31.4811,0.0
5716,2013-11-27,SZSE:000768,0.1193,10.7,10.331,10.7,10.12,28396.0293,10.2,2.484,65.0626,82.3077,91.1818,1.5455,41.1191,69.1639,69.1655,0.0,0.0,0,33313.2795,44.912,27.589,29.0752,52.5217,1.8112,1.3974,55.437,1,39951.0,2.2,0.0,4.332,12.3,9.848242990654205,10.331,9.771001869158878,55.437,0.0
5717,2013-11-28,SZSE:000768,0.1193,10.42,10.0607,10.7,10.4,27652.9556,10.7,2.419,63.36,80.1539,88.7957,1.5051,39.9174,62.3532,62.3545,0.0,0.0,0,32570.2058,43.9102,26.9736,28.4266,72.6138,1.7708,1.3663,41.244,1,39951.0,2.2,0.0,4.2186,8.6,10.331045105566218,10.331045105566218,10.0413896353167,41.244,0.0
5718,2013-11-29,SZSE:000768,0.1742,10.74,10.3696,10.99,10.44,28502.1826,10.44,2.4933,65.3058,82.6154,91.5227,1.5513,39.9696,66.4227,66.4239,0.0,0.0,0,33419.4328,45.0551,27.6769,29.1678,74.5071,1.817,1.4019,54.8493,1,39951.0,2.2,0.0,4.3482,8.6,10.079946368715083,10.610978026070764,10.079946368715083,54.8493,0.0
5719,2013-12-02,SZSE:000768,0.1742,10.1,9.7517,10.77,9.91,26803.7285,10.5,2.3447,61.4142,77.6923,86.0688,1.4588,42.2132,53.8786,53.8794,0.0,0.0,0,31720.9787,42.7653,26.2703,27.6855,70.7205,1.7247,1.3306,40.13,1,39951.0,2.2,0.0,4.0891,8.6,10.13790594059406,10.398594950495049,9.568252178217822,40.13,0.0
5720,2013-12-03,SZSE:000768,0.1742,10.14,9.7903,10.4,10.08,26909.8819,10.08,2.354,61.6575,78.0,86.4097,1.4646,42.2164,54.4575,54.4583,0.0,0.0,0,31827.1321,42.9084,26.3582,27.7781,70.9572,1.7304,1.3351,23.2691,1,39951.0,2.2,0.0,4.1053,8.6,9.732369230769232,10.041333333333332,9.732369230769232,23.2691,0.0
5721,2013-12-04,SZSE:000768,0.1742,10.3,9.9448,10.41,10.11,27334.4954,10.18,2.3911,62.6304,79.2308,87.7731,1.4877,41.8859,56.7936,56.7944,0.0,0.0,0,32251.7456,43.4809,26.7099,28.1487,71.9038,1.7535,1.3529,21.5836,1,39951.0,2.2,0.0,4.17,8.6,9.828938252427184,10.051006601941749,9.761352233009708,21.5836,0.0
5722,2013-12-05,SZSE:000768,0.1742,10.2,9.8483,10.47,10.17,27069.112,10.28,2.3679,62.0223,78.4615,86.921,1.4733,41.6488,54.8982,54.8989,0.0,0.0,0,31986.3622,43.1231,26.4901,27.9171,71.3122,1.7391,1.3418,18.0244,1,39951.0,2.2,0.0,4.1296,8.6,9.92554156862745,10.108990294117648,9.819334411764705,18.0244,0.0
5723,2013-12-06,SZSE:000768,0.1916,10.08,9.7324,10.19,10.01,26750.6519,10.15,2.3401,61.2926,77.5385,85.8984,1.4559,40.8218,52.6284,52.6291,0.0,0.0,0,31667.9021,42.6938,26.2264,27.6391,70.6022,1.7218,1.3284,15.4845,1,39951.0,2.2,0.0,4.081,8.6,9.79998611111111,9.838606746031745,9.66481388888889,15.4845,0.0
5724,2013-12-09,SZSE:000768,0.1916,10.0,9.6552,10.14,9.91,26538.3451,10.01,2.3215,60.8062,76.9231,85.2166,1.4444,35.5076,51.1112,51.1118,0.0,0.0,0,31455.5953,42.4075,26.0505,27.4538,70.1289,1.7102,1.3195,17.2395,1,39951.0,2.2,0.0,4.0486,8.6,9.6648552,9.7903728,9.5683032,17.2395,0.0
5725,2013-12-10,SZSE:000768,0.1916,9.95,9.6069,10.04,9.84,26405.6534,9.96,2.3099,60.5021,76.5385,84.7905,1.4372,35.4175,50.1384,50.1389,0.0,0.0,0,31322.9036,42.2286,25.9407,27.338,69.833,1.703,1.3139,16.2907,1,39951.0,2.2,0.0,4.0283,8.6,9.616555175879398,9.693796582914572,9.500693065326633,16.2907,0.0
5726,2013-12-11,SZSE:000768,0.1916,9.81,9.4717,9.94,9.76,26034.1165,9.85,2.2774,59.6509,75.4615,83.5975,1.4169,34.6111,47.4169,47.4174,0.0,0.0,0,30951.3667,41.7278,25.633,27.0138,69.0047,1.6828,1.2984,12.4049,1,39951.0,2.2,0.0,3.9717,8.6,9.510320591233436,9.597216921508664,9.423424260958205,12.4049,0.0
5727,2013-12-12,SZSE:000768,0.1916,9.79,9.4524,9.93,9.76,25981.0398,9.81,2.2727,59.5292,75.3077,83.4271,1.4141,34.5874,47.0242,47.0247,0.0,0.0,0,30898.29,41.6562,25.589,26.9674,68.8864,1.6799,1.2961,12.3521,1,39951.0,2.2,0.0,3.9636,8.6,9.471710316649643,9.587572216547498,9.423434525025538,12.3521,0.0
5728,2013-12-13,SZSE:000768,0.1951,9.81,9.4717,9.86,9.67,26034.1165,9.7,2.2774,59.6509,75.4615,83.5975,1.4169,34.2,47.4925,47.493,0.0,0.0,0,30951.3667,41.7278,25.633,27.0138,69.0047,1.6828,1.2984,8.2007,1,39951.0,2.2,0.0,3.9717,8.6,9.365493374108052,9.519975739041794,9.336527930682976,8.2007,0.0
5729,2013-12-16,SZSE:000768,0.1951,9.68,9.3462,9.92,9.64,25689.1181,9.76,2.2472,58.8604,74.4615,82.4897,1.3982,34.2823,44.7249,44.7254,0.0,0.0,0,30606.3683,41.2626,25.3472,26.7126,68.2355,1.6641,1.2839,11.284,1,39951.0,2.2,0.0,3.919,8.6,9.42344132231405,9.577923966942148,9.307579338842976,11.284,0.0
5730,2013-12-17,SZSE:000768,0.1951,9.87,9.5296,9.94,9.63,26193.3466,9.7,2.2913,60.0157,75.9231,84.1088,1.4256,34.1826,49.3688,49.3693,0.0,0.0,0,31110.5968,41.9424,25.7648,27.1527,69.3597,1.6915,1.305,15.454,1,39951.0,2.2,0.0,3.996,8.6,9.365463019250253,9.597185815602838,9.297877203647417,15.454,0.0
5731,2013-12-18,SZSE:000768,0.1951,9.72,9.3848,9.93,9.7,25795.2714,9.93,2.2565,59.1036,74.7692,82.8306,1.4039,34.2854,46.0775,46.0779,0.0,0.0,0,30712.5216,41.4057,25.4352,26.8053,68.4722,1.6698,1.2883,8.5331,1,39951.0,2.2,0.0,3.9352,8.6,9.587558024691358,9.587558024691358,9.365489711934154,8.5331,0.0
5732,2013-12-19,SZSE:000768,0.1951,9.49,9.1627,9.81,9.47,25184.8895,9.74,2.2031,57.7051,73.0,80.8706,1.3707,34.3234,41.5081,41.5084,0.0,0.0,0,30102.1397,40.5829,24.9297,26.2726,67.1114,1.6366,1.2627,11.5297,1,39951.0,2.2,0.0,3.8421,8.6,9.404077766069545,9.47166354056902,9.143389778714436,11.5297,0.0
5733,2013-12-20,SZSE:000768,0.1994,9.27,8.9503,9.69,9.23,24601.0459,9.63,2.152,56.3673,71.3077,78.9958,1.3389,34.3344,37.6609,37.6611,0.0,0.0,0,29518.2961,39.7957,24.4461,25.763,65.8097,1.6049,1.2382,11.3059,1,39951.0,2.2,0.0,3.753,8.6,9.29788446601942,9.355815210355987,8.911679503775622,11.3059,0.0
5734,2013-12-23,SZSE:000768,0.1994,9.41,9.0855,9.63,9.15,24972.5827,9.22,2.1845,57.2186,72.3846,80.1888,1.3592,34.4752,41.3841,41.3844,0.0,0.0,0,29889.8329,40.2966,24.7538,26.0873,66.6381,1.6251,1.2538,11.2145,1,39951.0,2.2,0.0,3.8097,8.6,8.90205207226355,9.297913390010628,8.834465993623803,11.2145,0.0
5735,2013-12-24,SZSE:000768,0.1994,9.34,9.0179,9.59,9.26,24786.8143,9.48,2.1683,56.793,71.8462,79.5923,1.3491,34.374,40.0947,40.0949,0.0,0.0,0,29704.0645,40.0462,24.6,25.9251,66.2239,1.615,1.246,8.11,1,39951.0,2.2,0.0,3.7814,8.6,9.153071948608137,9.259278479657386,8.940658886509636,8.11,0.0
5736,2013-12-25,SZSE:000768,0.1994,9.5,9.1724,9.53,9.33,25211.4278,9.42,2.2054,57.7659,73.0769,80.9558,1.3722,34.3044,44.3619,44.3621,0.0,0.0,0,30128.678,40.6186,24.9516,26.2957,67.1706,1.6381,1.2638,6.2163,1,39951.0,2.2,0.0,3.8462,8.6,9.095158736842105,9.20136547368421,9.008262315789473,6.2163,0.0
5737,2013-12-26,SZSE:000768,0.1994,9.3,8.9793,9.52,9.26,24680.6609,9.45,2.159,56.5497,71.5385,79.2515,1.3433,33.0616,40.4802,40.4804,0.0,0.0,0,29597.9111,39.9031,24.5121,25.8325,65.9872,1.6092,1.2416,6.881,1,39951.0,2.2,0.0,3.7652,8.6,9.124127419354837,9.191713548387096,8.940679354838709,6.881,0.0
5738,2013-12-27,SZSE:000768,0.1518,9.5,9.1724,9.57,9.3,25211.4278,9.32,2.2054,57.7659,58.1751,80.9558,1.3722,33.351,45.6058,45.606,0.0,0.0,0,30128.678,40.6186,24.9516,26.2957,67.1706,1.6381,1.4758,10.0874,1,39951.0,2.2,0.0,3.8783,8.6,8.998607157894737,9.239986105263158,8.979296842105263,10.0874,0.0
5739,2013-12-30,SZSE:000768,0.1518,9.46,9.1338,9.6,9.43,25105.2745,9.55,2.1961,57.5226,57.9302,80.6149,1.3664,33.3604,44.7753,44.7755,0.0,0.0,0,30022.5247,40.4755,24.8637,26.2031,66.9339,1.6323,1.4706,7.069,1,39951.0,2.2,0.0,3.862,8.6,9.220696617336152,9.268972515856237,9.104834460887949,7.069,0.0
5740,2013-12-31,SZSE:000768,0.1518,9.54,9.211,9.57,9.4,25317.5812,9.44,2.2147,58.0091,58.4201,81.2967,1.3779,33.1264,46.8596,46.8598,0.0,0.0,0,30234.8314,40.7617,25.0395,26.3884,67.4072,1.6439,1.481,8.4374,1,39951.0,2.2,0.0,3.8947,8.6,9.114448637316562,9.239965408805032,9.075828092243187,8.4374,0.0
5741,2014-01-01,SZSE:000768,0.1518,0.0,9.211,0.0,0.0,25317.5812,0.0,2.2147,58.0091,79.5,81.2967,1.3779,33.1264,46.8596,46.8598,0.0,0.0,0,30234.8314,40.7617,25.0395,25.3456,59.248,1.6439,1.6964,0.0,1,39951.0,2.2,0.0,5.3,8.6,0.0,0.0,0.0,0.0,0.0
5742,2014-01-02,SZSE:000768,0.1518,9.66,9.3269,9.75,9.51,25636.0414,9.54,2.2426,58.7388,80.5,82.3193,1.3953,32.9509,49.9133,49.9135,0.0,0.0,0,30553.2916,41.1911,25.3033,25.6126,59.872,1.6612,1.7143,9.5466,1,39951.0,2.2,0.0,5.3667,8.6,9.211037888198756,9.413796583850933,9.182072360248446,9.5466,0.0
5743,2014-01-03,SZSE:000768,0.1453,9.51,9.182,9.68,9.45,25237.9662,9.6,2.2077,57.8267,79.25,81.041,1.3736,32.8355,46.3294,46.3296,0.0,0.0,0,30155.2164,40.6544,24.9736,25.2789,59.092,1.6395,1.6919,7.6851,1,39951.0,2.2,0.0,5.2833,8.6,9.268895899053627,9.346136698212407,9.124069400630914,7.6851,0.0
5744,2014-01-06,SZSE:000768,0.1453,9.14,8.8248,9.47,9.11,24256.0474,9.47,2.1218,55.5768,76.1667,77.888,1.3202,33.4996,38.9083,38.9085,0.0,0.0,0,29173.2976,39.3306,24.1604,24.4557,74.4692,1.5861,1.6368,9.7734,1,39951.0,2.2,0.0,5.0778,8.6,9.143419693654266,9.143419693654266,8.795834573304155,9.7734,0.0
5745,2014-01-07,SZSE:000768,0.1453,9.2,8.8827,9.21,9.05,24415.2775,9.05,2.1358,55.9417,76.6667,78.3993,1.3288,33.2672,40.5708,40.5709,0.0,0.0,0,29332.5277,39.5453,24.2923,24.5892,74.8756,1.5948,1.6458,6.8198,1,39951.0,2.2,0.0,5.1111,8.6,8.737873369565218,8.892355108695654,8.737873369565218,6.8198,0.0
5746,2014-01-08,SZSE:000768,0.1453,9.13,8.8152,9.35,9.05,24229.5091,9.18,2.1195,55.516,76.0833,77.8028,1.3187,32.875,39.2295,39.2296,0.0,0.0,0,29146.7593,39.2948,24.1384,24.4335,74.4014,1.5847,1.6354,11.373,1,39951.0,2.2,0.0,5.0722,8.6,8.863476013143483,9.027614457831325,8.737958378970427,11.373,0.0
5747,2014-01-09,SZSE:000768,0.1453,9.01,8.6993,9.2,9.0,23911.0489,9.1,2.0917,54.7864,75.0833,76.7802,1.3014,32.9588,36.9729,36.9731,0.0,0.0,0,28828.2991,38.8655,23.8747,24.1665,73.5885,1.5674,1.6175,8.1623,1,39951.0,2.2,0.0,5.0056,8.6,8.786196448390676,8.88274805771365,8.689644839067702,8.1623,0.0
5748,2014-01-10,SZSE:000768,0.1864,8.8,8.4965,9.03,8.78,23353.7437,9.02,2.0429,53.5094,73.3333,74.9906,1.2711,33.2466,33.3568,33.3569,0.0,0.0,0,28270.9939,38.1142,23.4132,23.6993,72.1659,1.5371,1.5862,10.6171,1,39951.0,2.2,0.0,4.8889,8.6,8.708912499999999,8.718567613636361,8.477189772727272,10.6171,0.0
5749,2014-01-13,SZSE:000768,0.1864,8.82,8.5158,8.91,8.74,23406.8204,8.82,2.0476,53.631,73.5,75.1611,1.274,33.2102,34.0187,34.0188,0.0,0.0,0,28324.0706,38.1857,23.4571,23.7438,72.3014,1.54,1.5892,5.7228,1,39951.0,2.2,0.0,4.9,8.6,8.5158,8.602695918367347,8.438559183673469,5.7228,0.0
5750,2014-01-14,SZSE:000768,0.1864,8.89,8.5834,8.9,8.72,23592.5888,8.81,2.0638,54.0567,74.0833,75.7576,1.2841,33.2608,36.3996,36.3996,0.0,0.0,0,28509.839,38.4362,23.611,23.8996,72.7756,1.5501,1.5996,10.1459,1,39951.0,2.2,0.0,4.9389,8.6,8.50615905511811,8.593055118110236,8.419262992125983,10.1459,0.0
5751,2014-01-15,SZSE:000768,0.1864,9.03,8.7186,9.13,8.82,23964.1256,8.9,2.0963,54.908,75.25,76.9506,1.3043,33.4316,40.986,40.9861,0.0,0.0,0,28881.3758,38.9371,23.9187,24.211,73.724,1.5703,1.6205,11.5482,1,39951.0,2.2,0.0,5.0167,8.6,8.593083056478406,8.815151495016613,8.515841860465118,11.5482,0.0
5752,2014-01-16,SZSE:000768,0.1864,8.93,8.6221,9.03,8.9,23698.7422,9.0,2.0731,54.2999,74.4167,76.0984,1.2898,33.4664,38.8319,38.832,0.0,0.0,0,28615.9924,38.5793,23.6989,23.9885,73.0466,1.5558,1.6056,8.4744,1,39951.0,2.2,0.0,4.9611,8.6,8.689686450167972,8.718652071668533,8.59313437849944,8.4744,0.0
5753,2014-01-17,SZSE:000768,0.1176,8.7,8.4,8.92,8.68,23088.3602,8.91,2.0197,52.9014,72.5,74.1385,1.2566,33.7984,34.3591,34.3591,0.0,0.0,0,28005.6104,37.7564,23.1934,23.4769,71.4885,1.5227,1.5713,10.2964,1,39951.0,2.2,0.0,4.8333,8.6,8.602758620689658,8.61241379310345,8.380689655172414,10.2964,0.0
5754,2014-01-20,SZSE:000768,0.1176,8.68,8.3807,8.78,8.59,23035.2835,8.74,2.0151,52.7798,72.3333,73.968,1.2537,33.7731,33.9924,33.9925,0.0,0.0,0,27952.5337,37.6848,23.1494,23.4245,0.0,1.5198,1.5683,7.9279,1,39951.0,2.2,0.0,4.8222,8.6,8.438631105990783,8.47725184331797,8.293803341013824,7.9279,0.0
5755,2014-01-21,SZSE:000768,0.1176,8.78,8.4772,8.82,8.7,23300.667,8.72,2.0383,53.3878,73.1667,74.8202,1.2682,33.8269,37.5792,37.5793,0.0,0.0,0,28217.9172,38.0426,23.3692,23.6469,0.0,1.5342,1.5832,6.4794,1,39951.0,2.2,0.0,4.8778,8.6,8.419269248291572,8.515820501138952,8.399958997722095,6.4794,0.0
5756,2014-01-22,SZSE:000768,0.1176,8.98,8.6703,9.02,8.83,23831.4339,8.89,2.0847,54.6039,74.8333,76.5245,1.2971,34.0498,44.1194,44.1195,0.0,0.0,0,28748.6841,38.7582,23.8088,24.0916,0.0,1.5631,1.613,10.1418,1,39951.0,2.2,0.0,4.9889,8.6,8.583403897550111,8.708920489977727,8.525473162583518,10.1418,0.0
5757,2014-01-23,SZSE:000768,0.1176,8.97,8.6607,9.05,8.93,23804.8956,8.99,2.0824,54.5431,74.75,76.4393,1.2956,34.0482,43.8719,43.8719,0.0,0.0,0,28722.1458,38.7224,23.7868,24.0694,0.0,1.5616,1.6115,9.9787,1,39951.0,2.2,0.0,4.9833,8.6,8.680010367892976,8.737941471571906,8.622079264214047,9.9787,0.0
5758,2014-01-24,SZSE:000768,0.098,9.05,8.7379,9.08,8.9,24017.2023,8.97,2.1009,55.0296,75.4167,77.121,1.3072,34.0814,46.4596,46.4597,0.0,0.0,0,28934.4525,39.0086,23.9626,24.2473,0.0,1.5732,1.6234,11.8934,1,39951.0,2.2,0.0,5.0278,8.6,8.660658895027623,8.76686541436464,8.593072928176795,11.8934,0.0
5759,2014-01-27,SZSE:000768,0.098,9.01,8.6993,9.05,8.92,23911.0489,9.05,2.0917,54.7864,75.0833,76.7802,1.3014,32.9557,45.3342,45.3343,0.0,0.0,0,28828.2991,38.8655,23.8747,24.1584,0.0,1.5674,1.6175,10.1826,1,39951.0,2.2,0.0,5.0056,8.6,8.73792064372919,8.73792064372919,8.612403551609322,10.1826,0.0
5760,2014-01-28,SZSE:000768,0.098,8.94,8.6317,9.07,8.92,23725.2805,9.01,2.0754,54.3607,74.5,76.1837,1.2913,32.7517,43.3549,43.355,0.0,0.0,0,28642.5307,38.615,23.7209,24.0027,0.0,1.5573,1.6071,7.2753,1,39951.0,2.2,0.0,4.9667,8.6,8.699286017897093,8.757216890380313,8.61238970917226,7.2753,0.0
5761,2014-01-29,SZSE:000768,0.098,9.14,8.8248,9.21,9.0,24256.0474,9.0,2.1218,55.5768,76.1667,77.888,1.3202,31.9105,50.0633,50.0634,0.0,0.0,0,29173.2976,39.3306,24.1604,24.4475,0.0,1.5861,1.6368,14.0938,1,39951.0,2.2,0.0,5.0778,8.6,8.689628008752734,8.892385995623632,8.689628008752734,14.0938,0.0
5762,2014-01-30,SZSE:000768,0.098,9.27,8.9503,9.43,9.09,24601.0459,9.12,2.152,56.3673,77.25,78.9958,1.3389,31.9058,53.8862,53.8863,0.0,0.0,0,29518.2961,39.7957,24.4461,24.7366,0.0,1.6049,1.6562,19.727,1,39951.0,2.2,0.0,5.15,8.6,8.805473139158575,9.104781984897519,8.776507766990292,19.727,0.0
5763,2014-01-31,SZSE:000768,0.0584,0.0,8.9503,0.0,0.0,24601.0459,0.0,2.152,56.3673,77.25,78.9958,1.3389,31.9058,53.8862,53.8863,0.0,0.0,0,29518.2961,39.7957,24.4461,24.7366,0.0,1.6049,1.6562,0.0,1,39951.0,2.2,0.0,5.15,8.6,0.0,0.0,0.0,0.0,0.0
5764,2014-02-03,SZSE:000768,0.0584,0.0,8.9503,0.0,0.0,24601.0459,0.0,2.152,56.3673,77.25,78.9958,1.3389,31.9058,53.8862,53.8863,0.0,0.0,0,29518.2961,39.7957,24.4461,24.7366,0.0,1.6049,1.6562,0.0,1,39951.0,2.2,0.0,5.15,8.6,0.0,0.0,0.0,0.0,0.0
5765,2014-02-04,SZSE:000768,0.0584,0.0,8.9503,0.0,0.0,24601.0459,0.0,2.152,56.3673,77.25,78.9958,1.3389,31.9058,53.8862,53.8863,0.0,0.0,0,29518.2961,39.7957,24.4461,24.7366,0.0,1.6049,1.6562,0.0,1,39951.0,2.2,0.0,5.15,8.6,0.0,0.0,0.0,0.0,0.0
5766,2014-02-05,SZSE:000768,0.0584,0.0,8.9503,0.0,0.0,24601.0459,0.0,2.152,56.3673,77.25,78.9958,1.3389,31.9058,53.8862,53.8863,0.0,0.0,0,29518.2961,39.7957,24.4461,24.7366,0.0,1.6049,1.6562,0.0,1,39951.0,2.2,0.0,5.15,8.6,0.0,0.0,0.0,0.0,0.0
5767,2014-02-06,SZSE:000768,0.0584,0.0,8.9503,0.0,0.0,24601.0459,0.0,2.152,56.3673,77.25,78.9958,1.3389,31.9058,53.8862,53.8863,0.0,0.0,0,29518.2961,39.7957,24.4461,24.7366,0.0,1.6049,1.6562,0.0,1,39951.0,2.2,0.0,5.15,8.6,0.0,0.0,0.0,0.0,0.0
5768,2014-02-07,SZSE:000768,0.0682,9.47,9.1434,9.48,9.01,25131.8128,9.06,2.1985,57.5834,78.9167,80.7001,1.3678,33.3304,59.0767,59.0768,0.0,0.0,0,30049.063,40.5113,24.8857,25.1814,0.0,1.6338,1.686,20.7538,1,39951.0,2.2,0.0,5.2611,8.6,8.747540021119324,9.153055121436113,8.699264413938753,20.7538,0.0
5769,2014-02-10,SZSE:000768,0.0682,9.71,9.3752,9.9,9.43,25768.7331,9.46,2.2542,59.0428,80.9167,82.7453,1.4025,33.6893,64.2735,64.2736,0.0,0.0,0,30685.9833,41.37,25.4132,25.7151,0.0,1.6684,1.7217,28.7252,1,39951.0,2.2,0.0,5.3944,8.6,9.133819979402677,9.558648815653964,9.104854376930996,28.7252,0.0
5770,2014-02-11,SZSE:000768,0.0682,9.69,9.3558,9.73,9.49,25715.6564,9.71,2.2495,58.9212,80.75,82.5749,1.3996,33.6308,63.5493,63.5494,0.0,0.0,0,30632.9066,41.2984,25.3692,25.6706,0.0,1.6655,1.7187,15.6979,1,39951.0,2.2,0.0,5.3833,8.6,9.375110216718268,9.394420433436535,9.162697832817338,15.6979,0.0
5771,2014-02-12,SZSE:000768,0.0682,9.65,9.3172,9.73,9.5,25609.503,9.68,2.2402,58.678,80.4167,82.234,1.3938,33.6482,62.0435,62.0436,0.0,0.0,0,30526.7532,41.1553,25.2813,25.5817,0.0,1.6597,1.7128,13.9814,1,39951.0,2.2,0.0,5.3611,8.6,9.346165388601035,9.394441036269429,9.172373056994818,13.9814,0.0
5772,2014-02-13,SZSE:000768,0.0682,9.37,9.0469,9.64,9.34,24866.4294,9.64,2.1752,56.9754,78.0833,79.848,1.3534,34.1874,52.6408,52.6408,0.0,0.0,0,29783.6796,40.1535,24.6659,24.959,0.0,1.6193,1.6711,14.8859,1,39951.0,2.2,0.0,5.2056,8.6,9.307589754535755,9.307589754535755,9.017934471718252,14.8859,0.0
5773,2014-02-14,SZSE:000768,0.0649,9.44,9.1145,9.51,9.34,25052.1978,9.36,2.1915,57.401,78.6667,80.4445,1.3635,33.166,54.4974,54.4974,0.0,0.0,0,29969.448,40.404,24.8198,25.1147,0.0,1.6294,1.6815,9.3819,1,39951.0,2.2,0.0,5.2444,8.6,9.037258474576271,9.182086334745762,9.017948093220339,9.3819,0.0
5774,2014-02-17,SZSE:000768,0.0649,9.74,9.4041,9.82,9.45,25848.3481,9.45,2.2611,59.2252,81.1667,83.001,1.4068,33.3826,61.469,61.469,0.0,0.0,0,30765.5983,41.4773,25.4791,25.7818,0.0,1.6727,1.7262,21.9629,1,39951.0,2.2,0.0,5.4111,8.6,9.12410112936345,9.481341067761806,9.12410112936345,21.9629,0.0
5775,2014-02-18,SZSE:000768,0.0649,9.65,9.3172,9.76,9.58,25609.503,9.75,2.2402,58.678,80.4167,82.234,1.3938,33.079,58.5698,58.5699,0.0,0.0,0,30526.7532,41.1553,25.2813,25.5817,0.0,1.6597,1.7128,14.4973,1,39951.0,2.2,0.0,5.3611,8.6,9.413751295336787,9.423406424870464,9.249614093264249,14.4973,0.0
5776,2014-02-19,SZSE:000768,0.0649,9.58,9.2496,9.7,9.51,25423.7346,9.68,2.224,58.2523,79.8333,81.6375,1.3837,33.0347,56.3439,56.3439,0.0,0.0,0,30340.9848,40.9049,25.1275,25.426,0.0,1.6496,1.7024,12.9612,1,39951.0,2.2,0.0,5.3222,8.6,9.346151148225468,9.365461377870561,9.18201419624217,12.9612,0.0
5777,2014-02-20,SZSE:000768,0.0649,9.39,9.0662,9.65,9.36,24919.506,9.59,2.1799,57.097,78.25,80.0184,1.3563,30.9951,50.7105,50.7105,0.0,0.0,0,29836.7562,40.2251,24.7099,25.0035,0.0,1.6222,1.6741,13.0361,1,39951.0,2.2,0.0,5.2167,8.6,9.25930330138445,9.317234291799787,9.03723450479233,13.0361,0.0
5778,2014-02-21,SZSE:000768,0.0401,9.44,9.1145,9.53,9.35,25052.1978,9.4,2.1915,57.401,78.6667,80.4445,1.3635,30.312,52.0686,52.0687,0.0,0.0,0,29969.448,40.404,24.8198,25.1147,0.0,1.6294,1.6815,8.7813,1,39951.0,2.2,0.0,5.2444,8.6,9.075879237288136,9.201396716101694,9.027603283898305,8.7813,0.0
5779,2014-02-24,SZSE:000768,0.0401,9.19,8.8731,9.36,9.09,24388.7391,9.36,2.1334,55.8809,76.5833,78.3141,1.3274,30.6931,45.3414,45.3414,0.0,0.0,0,29305.9893,39.5095,24.2703,24.5587,0.0,1.5934,1.6443,12.8201,1,39951.0,2.2,0.0,5.1056,8.6,9.03723786724701,9.03723786724701,8.776548313384115,12.8201,0.0
5780,2014-02-25,SZSE:000768,0.0401,8.94,8.6317,9.31,8.82,23725.2805,9.2,2.0754,54.3607,74.5,76.1837,1.2913,30.6978,39.8032,39.8032,0.0,0.0,0,28642.5307,38.615,23.7209,24.0027,0.0,1.5573,1.6071,14.2875,1,39951.0,2.2,0.0,4.9667,8.6,8.882733780760626,8.9889403803132,8.51583825503356,14.2875,0.0
5781,2014-02-26,SZSE:000768,0.0401,8.68,8.3807,8.76,8.32,23035.2835,8.59,2.0151,52.7798,72.3333,73.968,1.2537,31.1247,35.0133,35.0134,0.0,0.0,0,27952.5337,37.6848,23.1494,23.4245,0.0,1.5198,1.5683,18.6163,1,39951.0,2.2,0.0,4.8222,8.6,8.293803341013824,8.457941474654376,8.0331133640553,18.6163,0.0
5782,2014-02-27,SZSE:000768,0.0401,8.48,8.1876,8.84,8.38,22504.5166,8.67,1.9686,51.5636,70.6667,72.2637,1.2248,29.5799,31.8393,31.8393,0.0,0.0,0,27421.7668,36.9692,22.7099,22.9797,0.0,1.4909,1.5386,28.0797,1,39951.0,2.2,0.0,4.7111,8.6,8.37104858490566,8.535186792452828,8.091048113207547,28.0797,0.0
5783,2014-02-28,SZSE:000768,-0.004,8.59,8.2938,8.63,8.41,22796.4384,8.45,1.9942,52.2325,71.5833,73.2011,1.2407,29.395,35.3126,35.3126,0.0,0.0,0,27713.6886,37.3628,22.9516,23.2243,0.0,1.5068,1.5549,10.7802,1,39951.0,2.2,0.0,4.7722,8.6,8.158627473806751,8.332420721769498,8.120006752037252,10.7802,0.0
5784,2014-03-03,SZSE:000768,-0.004,8.82,8.5158,8.9,8.64,23406.8204,8.64,2.0476,53.631,73.5,75.1611,1.274,27.0406,41.9711,41.9711,0.0,0.0,0,28324.0706,38.1857,23.4571,23.7358,0.0,1.54,1.5892,15.1593,1,39951.0,2.2,0.0,4.9,8.6,8.342008163265307,8.59304081632653,8.342008163265307,15.1593,0.0
5785,2014-03-04,SZSE:000768,-0.004,9.17,8.8538,9.18,8.74,24335.6625,8.83,2.1288,55.7593,76.4167,78.1436,1.3245,28.1316,50.3469,50.3469,0.0,0.0,0,29252.9127,39.4379,24.2264,24.5142,0.0,1.5905,1.6413,21.6141,1,39951.0,2.2,0.0,5.0944,8.6,8.525523882224645,8.863455179934569,8.438627262813522,21.6141,0.0
5786,2014-03-05,SZSE:000768,-0.004,9.07,8.7572,9.26,8.92,24070.279,9.19,2.1056,55.1512,75.5833,77.2915,1.3101,28.1474,48.206,48.206,0.0,0.0,0,28987.5292,39.0802,24.0066,24.2918,0.0,1.576,1.6264,19.2087,1,39951.0,2.2,0.0,5.0389,8.6,8.873061521499446,8.940647409040793,8.612373098125689,19.2087,0.0
5787,2014-03-06,SZSE:000768,-0.004,9.08,8.7669,9.14,8.83,24096.8173,9.01,2.1079,55.212,75.6667,77.3767,1.3115,28.0779,48.4421,48.4421,0.0,0.0,0,29014.0675,39.1159,24.0286,24.314,0.0,1.5775,1.6279,14.6328,1,39951.0,2.2,0.0,5.0444,8.6,8.699313766519824,8.824831057268723,8.525520594713656,14.6328,0.0
5788,2014-03-07,SZSE:000768,0.0285,8.92,8.6124,9.27,8.88,23672.2038,9.14,2.0708,54.2391,74.3333,76.0132,1.2884,28.0273,44.9142,44.9142,0.0,0.0,0,28589.454,38.5435,23.6769,23.9582,0.0,1.5544,1.6041,14.7063,1,39951.0,2.2,0.0,4.9556,8.6,8.8248134529148,8.950330493273542,8.57377937219731,14.7063,0.0
5789,2014-03-10,SZSE:000768,0.0285,8.35,8.0621,8.84,8.32,22159.5182,8.84,1.9384,50.7732,69.5833,71.1559,1.2061,31.218,35.1056,35.1056,0.0,0.0,0,27076.7684,36.5041,22.4241,22.6906,0.0,1.4721,1.5192,13.6105,1,39951.0,2.2,0.0,4.6389,8.6,8.535205269461077,8.535205269461077,8.033134371257486,13.6105,0.0
5790,2014-03-11,SZSE:000768,0.0285,8.43,8.1393,8.48,8.28,22371.8249,8.35,1.957,51.2596,70.25,71.8376,1.2176,31.2354,37.1792,37.1792,0.0,0.0,0,27289.0751,36.7904,22.6,22.8685,0.0,1.4837,1.5311,8.1237,1,39951.0,2.2,0.0,4.6833,8.6,8.062058718861211,8.187575800711745,7.994472597864768,8.1237,0.0
5791,2014-03-12,SZSE:000768,0.0285,8.44,8.1489,8.48,8.32,22398.3633,8.38,1.9593,51.3204,70.3333,71.9228,1.2191,31.2449,37.4482,37.4482,0.0,0.0,0,27315.6135,36.8261,22.6219,22.8907,0.0,1.4851,1.5326,7.2752,1,39951.0,2.2,0.0,4.6889,8.6,8.090969431279621,8.18752037914692,8.033038862559241,7.2752,0.0
5792,2014-03-13,SZSE:000768,0.0285,8.56,8.2648,8.65,8.44,22716.8234,8.48,1.9872,52.0501,71.3333,72.9454,1.2364,31.422,40.7289,40.7289,0.0,0.0,0,27634.0736,37.2555,22.8857,23.1576,0.0,1.5025,1.5505,7.5108,1,39951.0,2.2,0.0,4.7556,8.6,8.187558878504673,8.351696261682243,8.148938317757008,7.5108,0.0
5793,2014-03-14,SZSE:000768,0.0353,8.47,8.1779,8.55,8.42,22477.9783,8.55,1.9663,51.5028,70.5833,72.1785,1.2234,31.1959,39.0737,39.0737,0.0,0.0,0,27395.2285,36.9335,22.6879,22.9574,0.0,1.4895,1.5371,5.139,1,39951.0,2.2,0.0,4.7056,8.6,8.25514108618654,8.25514108618654,8.129624321133411,5.139,0.0
5794,2014-03-17,SZSE:000768,0.0353,8.67,8.371,8.7,8.48,23008.7452,8.5,2.0127,52.719,72.25,73.8828,1.2523,31.5137,44.474,44.474,0.0,0.0,0,27925.9954,37.649,23.1274,23.4022,0.0,1.5183,1.5669,9.4826,1,39951.0,2.2,0.0,4.8167,8.6,8.20686274509804,8.399965397923875,8.187552479815457,9.4826,0.0
5795,2014-03-18,SZSE:000768,0.0353,8.63,8.3324,8.73,8.62,22902.5918,8.67,2.0034,52.4757,71.9167,73.5419,1.2465,31.3967,43.6408,43.6408,0.0,0.0,0,27819.842,37.5059,23.0395,23.3133,0.0,1.5126,1.5609,8.1416,1,39951.0,2.2,0.0,4.7944,8.6,8.371020625724217,8.428951564310545,8.322744843568945,8.1416,0.0
5796,2014-03-19,SZSE:000768,0.0353,8.68,8.3807,8.76,8.52,23035.2835,8.64,2.0151,52.7798,72.3333,73.968,1.2537,31.0931,45.0271,45.0271,0.0,0.0,0,27952.5337,37.6848,23.1494,23.4245,0.0,1.5198,1.5683,6.7632,1,39951.0,2.2,0.0,4.8222,8.6,8.342079262672812,8.457941474654376,8.226217050691243,6.7632,0.0
5797,2014-03-20,SZSE:000768,0.0353,8.45,8.1586,8.78,8.43,22424.9016,8.78,1.9617,51.3812,70.4167,72.008,1.2205,31.2054,40.1364,40.1364,0.0,0.0,0,27342.1518,36.8619,22.6439,22.913,0.0,1.4866,1.5341,6.171,1,39951.0,2.2,0.0,4.6944,8.6,8.477219881656804,8.477219881656804,8.139289704142012,6.171,0.0
5798,2014-03-21,SZSE:000768,0.1441,8.64,8.3421,8.67,8.36,22929.1302,8.45,2.0058,52.5365,72.0,73.6272,1.248,31.3224,45.4113,45.4113,0.0,0.0,0,27846.3804,37.5417,23.0615,23.3355,0.0,1.514,1.5624,8.083,1,39951.0,2.2,0.0,4.8,8.6,8.158651041666666,8.371065625,8.071754166666667,8.083,0.0
5799,2014-03-24,SZSE:000768,0.1441,8.75,8.4483,8.81,8.65,23221.052,8.66,2.0313,53.2054,72.9167,74.5645,1.2638,31.52,48.2541,48.2541,0.0,0.0,0,28138.3022,37.9353,23.3033,23.5801,0.0,1.5299,1.5788,11.6778,1,39951.0,2.2,0.0,4.8611,8.6,8.3614032,8.5062312,8.351748,11.6778,0.0
5800,2014-03-25,SZSE:000768,0.1441,8.7,8.4,8.84,8.69,23088.3602,8.73,2.0197,52.9014,72.5,74.1385,1.2566,31.2986,47.0546,47.0546,0.0,0.0,0,28005.6104,37.7564,23.1934,23.4689,0.0,1.5227,1.5713,6.3567,1,39951.0,2.2,0.0,4.8333,8.6,8.42896551724138,8.535172413793104,8.390344827586208,6.3567,0.0
5801,2014-03-26,SZSE:000768,0.1441,8.68,8.3807,8.76,8.65,23035.2835,8.71,2.0151,52.7798,72.3333,73.968,1.2537,31.0204,46.556,46.5561,0.0,0.0,0,27952.5337,37.6848,23.1494,23.4245,0.0,1.5198,1.5683,4.3699,1,39951.0,2.2,0.0,4.8222,8.6,8.409665552995392,8.457941474654376,8.351734447004608,4.3699,0.0
5802,2014-03-27,SZSE:000768,0.1441,8.56,8.2648,8.68,8.53,22716.8234,8.68,1.9872,52.0501,71.3333,72.9454,1.2364,30.7626,43.5731,43.5731,0.0,0.0,0,27634.0736,37.2555,22.8857,23.1576,0.0,1.5025,1.5505,6.0069,1,39951.0,2.2,0.0,4.7556,8.6,8.38066168224299,8.38066168224299,8.235834579439251,6.0069,0.0
5803,2014-03-28,SZSE:000768,0.1298,8.34,8.0524,8.61,8.29,22132.9798,8.6,1.9361,50.7123,69.5,71.0707,1.2046,30.9018,38.68,38.68,0.0,0.0,0,27050.23,36.4684,22.4022,22.6683,0.0,1.4707,1.5177,11.0143,1,39951.0,2.2,0.0,4.6333,8.6,8.303434052757794,8.313089208633095,8.0041242206235,11.0143,0.0
5804,2014-03-31,SZSE:000768,0.1298,8.41,8.12,8.55,8.33,22318.7482,8.37,1.9279,63.6162,70.0833,96.9564,1.2912,31.1674,40.9521,40.9521,0.0,0.0,0,21352.2598,33.233,19.4457,17.8934,0.0,1.2353,1.198,5.2935,1,39951.0,2.2,0.0,4.6722,8.6,8.081379310344825,8.255172413793103,8.042758620689655,5.2935,0.0
5805,2014-04-01,SZSE:000768,0.1298,8.45,8.1586,8.52,8.33,22424.9016,8.4,1.9371,63.9188,49.7059,97.4176,1.2973,30.9302,42.2685,42.2685,0.0,0.0,0,21458.4132,33.3982,19.5423,15.5722,30.7727,1.2414,1.0948,6.034,1,39951.0,2.2,1.8531,3.3137,7.8,8.11032426035503,8.226186035502957,8.042738224852071,6.034,0.0
5806,2014-04-02,SZSE:000768,0.1298,8.41,8.12,8.5,8.38,22318.7482,8.48,1.9279,63.6162,49.4706,96.9564,1.2912,30.7832,41.2775,41.2775,0.0,0.0,0,21352.2598,33.233,19.4457,15.4952,30.6205,1.2353,1.0894,4.6082,1,39951.0,2.2,1.8443,3.298,7.8,8.187586206896551,8.206896551724137,8.091034482758621,4.6082,0.0
5807,2014-04-03,SZSE:000768,0.1298,8.41,8.12,8.47,8.37,22318.7482,8.42,1.9279,63.6162,49.4706,96.9564,1.2912,30.6614,41.2775,41.2775,0.0,0.0,0,21352.2598,33.233,19.4457,15.4952,30.6205,1.2353,1.0894,4.4981,1,39951.0,2.2,1.8443,3.298,7.8,8.129655172413793,8.177931034482757,8.081379310344825,4.4981,0.0
5808,2014-04-04,SZSE:000768,0.1714,8.53,8.2358,8.53,8.36,22637.2084,8.38,1.9554,64.5239,55.6316,98.3399,1.3096,30.5808,45.7065,45.7065,0.0,0.0,0,21670.72,33.7287,19.7357,15.7263,31.0772,1.2537,1.1171,7.1027,1,39951.0,2.2,1.8706,3.7088,7.8,8.0909735052755,8.2358,8.071663305978898,7.1027,0.0
5809,2014-04-07,SZSE:000768,0.1714,0.0,8.2358,0.0,0.0,22637.2084,0.0,1.9554,64.5239,55.6316,98.3399,1.3096,30.5808,45.7065,45.7065,0.0,0.0,0,21670.72,33.7287,19.7357,15.7263,31.0772,1.2537,1.1171,0.0,1,39951.0,2.2,1.8706,3.7088,7.8,0.0,0.0,0.0,0.0,0.0
5810,2014-04-08,SZSE:000768,0.1714,8.91,8.6027,8.97,8.48,23645.6655,8.51,2.0425,67.3984,58.11,102.7208,1.3679,31.3998,56.8142,56.8142,0.0,0.0,0,22679.1771,35.2982,20.6541,16.4582,32.5234,1.312,1.169,23.7075,1,39951.0,2.2,1.954,3.874,7.8,8.216495735129069,8.66063063973064,8.18753041526375,23.7075,0.0
5811,2014-04-09,SZSE:000768,0.1714,8.9,8.5931,8.99,8.79,23619.1271,8.97,2.0402,67.3228,58.0447,102.6055,1.3664,31.2844,56.4867,56.4867,0.0,0.0,0,22652.6387,35.2569,20.6299,16.4389,32.4853,1.3105,1.1677,12.8496,1,39951.0,2.2,1.9518,3.8697,7.8,8.660686179775281,8.679996516853933,8.486893146067414,12.8496,0.0
5812,2014-04-10,SZSE:000768,0.1714,8.92,8.6124,8.94,8.83,23672.2038,8.86,2.0448,67.474,58.1752,102.8361,1.3695,30.8955,57.0203,57.0203,0.0,0.0,0,22705.7154,35.3395,20.6783,16.4774,32.5614,1.3136,1.1704,10.7118,1,39951.0,2.2,1.9561,3.8784,7.8,8.554469058295963,8.631710313901344,8.525503587443946,10.7118,0.0
5813,2014-04-11,SZSE:000768,0.1968,8.77,8.4676,8.84,8.66,23274.1286,8.8,2.0104,66.3394,57.1969,101.1068,1.3464,30.8306,51.8813,51.8813,0.0,0.0,0,22307.6402,34.72,20.3157,16.1885,31.9906,1.2905,1.1499,11.4,1,39951.0,2.2,1.9233,3.8131,7.8,8.496565564424174,8.535186316989737,8.361392930444698,11.4,0.0
5814,2014-04-14,SZSE:000768,0.1968,8.85,8.5448,8.86,8.72,23486.4354,8.73,2.0288,66.9445,57.7187,102.0291,1.3587,31.1105,54.2496,54.2496,0.0,0.0,0,22519.947,35.0504,20.5091,16.3426,32.295,1.3028,1.1608,7.545,1,39951.0,2.2,1.9408,3.8479,7.8,8.428938305084747,8.554455141242938,8.41928316384181,7.545,0.0
5815,2014-04-15,SZSE:000768,0.1968,8.93,8.6221,9.26,8.91,23698.7422,9.12,2.0471,67.5497,58.2404,102.9514,1.371,30.9935,56.5524,56.5525,0.0,0.0,0,22732.2538,35.3808,20.7024,16.4967,32.5995,1.3151,1.1718,22.0982,1,39951.0,2.2,1.9583,3.8827,7.8,8.805548936170212,8.940721836506158,8.602789585666294,22.0982,0.0
5816,2014-04-16,SZSE:000768,0.1968,8.92,8.6124,9.07,8.89,23672.2038,8.95,2.0448,67.474,58.1752,102.8361,1.3695,30.9081,56.1718,56.1718,0.0,0.0,0,22705.7154,35.3395,20.6783,16.4774,32.5614,1.3136,1.1704,10.958,1,39951.0,2.2,1.9561,3.8784,7.8,8.641365470852017,8.757227354260088,8.583434529147981,10.958,0.0
5817,2014-04-17,SZSE:000768,0.1968,8.76,8.4579,8.95,8.75,23247.5903,8.92,2.0081,66.2637,57.1317,100.9915,1.3449,30.6567,50.3346,50.3346,0.0,0.0,0,22281.1019,34.6787,20.2916,16.1693,31.9525,1.289,1.1485,7.7568,1,39951.0,2.2,1.9211,3.8088,7.8,8.612382191780823,8.641347602739726,8.4482448630137,7.7568,0.0
5818,2014-04-18,SZSE:000768,0.1938,8.85,8.5448,8.87,8.71,23486.4354,8.71,2.0288,66.9445,57.7187,102.0291,1.3587,30.4622,53.2759,53.2759,0.0,0.0,0,22519.947,35.0504,20.5091,16.3426,32.295,1.3028,1.1608,5.7782,1,39951.0,2.2,1.9408,3.8479,7.8,8.409628022598872,8.564110282485876,8.409628022598872,5.7782,0.0
5819,2014-04-21,SZSE:000768,0.1938,8.73,8.4289,8.98,8.71,23167.9753,8.78,2.0012,66.0368,56.936,100.6456,1.3403,30.7674,49.1006,49.1006,0.0,0.0,0,22201.4869,34.5547,20.2191,16.1115,31.8383,1.2844,1.1444,7.9065,1,39951.0,2.2,1.9145,3.7957,7.8,8.477175486827033,8.670277434135166,8.409589805269187,7.9065,0.0
5820,2014-04-22,SZSE:000768,0.1938,8.72,8.4193,8.77,8.55,23141.4369,8.72,1.999,65.9612,56.8708,100.5303,1.3388,30.3942,48.7576,48.7576,0.0,0.0,0,22174.9485,34.5134,20.1949,16.0922,31.8003,1.2829,1.143,7.7205,1,39951.0,2.2,1.9123,3.7914,7.8,8.4193,8.467575802752291,8.255162270642202,7.7205,0.0
5821,2014-04-23,SZSE:000768,0.1938,8.9,8.5931,8.9,8.63,23619.1271,8.7,2.0402,67.3228,58.0447,102.6055,1.3664,30.7026,54.8679,54.8679,0.0,0.0,0,22652.6387,35.2569,20.6299,16.4389,32.4853,1.3105,1.1677,9.047,1,39951.0,2.2,1.9518,3.8697,7.8,8.399996629213481,8.5931,8.332410449438202,9.047,0.0
5822,2014-04-24,SZSE:000768,0.1938,8.8,8.4965,9.07,8.79,23353.7437,8.9,2.0173,66.5663,57.3926,101.4526,1.3511,30.7279,51.2142,51.2142,0.0,0.0,0,22387.2553,34.8439,20.3882,16.2463,32.1047,1.2951,1.154,11.1251,1,39951.0,2.2,1.9298,3.8262,7.8,8.593051136363634,8.757188068181817,8.486844886363635,11.1251,0.0
5823,2014-04-25,SZSE:000768,0.2407,8.7,8.4,8.93,8.68,23088.3602,8.8,1.9944,65.8099,56.7404,100.2998,1.3357,30.546,47.7872,47.7872,0.0,0.0,0,22121.8718,34.4308,20.1466,16.0537,31.7242,1.2798,1.1403,10.4215,1,39951.0,2.2,1.9079,3.7827,7.8,8.496551724137932,8.622068965517242,8.380689655172414,10.4215,0.0
5824,2014-04-28,SZSE:000768,0.2407,8.44,8.1489,8.77,8.4,22398.3633,8.7,1.9562,97.3382,48.0091,187.4806,1.3809,31.3824,40.2465,40.2465,0.0,0.0,0,22578.2179,45.6547,23.8274,15.6542,30.2639,1.3918,1.086,12.4948,1,39951.0,2.2,0.0,3.2006,7.8,8.399932464454976,8.467518127962084,8.110279620853081,12.4948,0.0
5825,2014-04-29,SZSE:000768,0.2407,8.5,8.2069,8.55,8.42,22557.5933,8.44,1.9701,98.0302,48.3504,188.8134,1.3908,31.0504,42.5014,42.5014,0.0,0.0,0,22737.448,45.9766,23.9955,15.7646,30.4773,1.4016,1.0936,4.9461,1,39951.0,2.2,0.0,3.2234,7.8,8.14896894117647,8.25517588235294,8.129658588235293,4.9461,0.0
5826,2014-04-30,SZSE:000768,0.2407,8.51,8.2165,8.56,8.44,22584.1317,8.51,1.9724,98.1455,48.4073,189.0355,1.3924,30.886,42.8882,42.8882,0.0,0.0,0,22763.9863,46.0303,24.0235,15.783,30.5129,1.4032,1.0949,3.7104,1,39951.0,2.2,0.0,3.2272,7.8,8.2165,8.264775558166864,8.148914218566393,3.7104,0.0
5827,2014-05-01,SZSE:000768,0.2407,0.0,8.2165,0.0,0.0,22584.1317,0.0,1.9724,98.1455,48.4073,189.0355,1.3924,30.886,42.8882,42.8882,0.0,0.0,0,22763.9863,46.0303,24.0235,15.783,30.5129,1.4032,1.0949,0.0,1,39951.0,2.2,0.0,3.2272,7.8,0.0,0.0,0.0,0.0,0.0
5828,2014-05-02,SZSE:000768,0.2302,0.0,8.2165,0.0,0.0,22584.1317,0.0,1.9724,98.1455,48.4073,189.0355,1.3924,30.886,42.8882,42.8882,0.0,0.0,0,22763.9863,46.0303,24.0235,15.783,30.5129,1.4032,1.0949,0.0,1,39951.0,2.2,0.0,3.2272,7.8,0.0,0.0,0.0,0.0,0.0
5829,2014-05-05,SZSE:000768,0.2302,8.57,8.2745,8.62,8.47,22743.3617,8.5,1.9863,98.8375,48.7486,190.3683,1.4022,30.6678,45.2675,45.2675,0.0,0.0,0,22923.2164,46.3523,24.1915,15.8934,30.7263,1.413,1.1026,5.1746,1,39951.0,2.2,0.0,3.2499,7.8,8.206913652275379,8.322775962660442,8.177948074679113,5.1746,0.0
5830,2014-05-06,SZSE:000768,0.2302,8.52,8.2262,8.63,8.52,22610.67,8.57,1.9747,98.2608,48.4642,189.2576,1.394,30.4211,43.6361,43.6361,0.0,0.0,0,22790.5247,46.084,24.0515,15.8014,30.5485,1.4048,1.0962,5.2449,1,39951.0,2.2,0.0,3.2309,7.8,8.274475821596244,8.33240680751174,8.2262,5.2449,0.0
5831,2014-05-07,SZSE:000768,0.2302,8.71,8.4096,8.76,8.51,23114.8986,8.53,2.0187,100.4521,49.5449,193.4782,1.4251,30.4432,50.8804,50.8804,0.0,0.0,0,23294.7532,47.1036,24.5836,16.151,31.2243,1.4359,1.1204,12.5195,1,39951.0,2.2,0.0,3.303,7.8,8.235808036739378,8.45787554535017,8.21649781859931,12.5195,0.0
5832,2014-05-08,SZSE:000768,0.2302,8.65,8.3517,8.82,8.62,22955.6685,8.69,2.0048,99.7601,49.2036,192.1454,1.4153,30.2092,48.7496,48.7495,0.0,0.0,0,23135.5232,46.7816,24.4156,16.0406,31.0109,1.4261,1.1128,7.7099,1,39951.0,2.2,0.0,3.2802,7.8,8.39032057803468,8.515837456647398,8.322734566473986,7.7099,0.0
5833,2014-05-09,SZSE:000768,0.2195,8.57,8.2745,8.73,8.56,22743.3617,8.63,1.9863,98.8375,48.7486,190.3683,1.4022,30.0021,45.9843,45.9843,0.0,0.0,0,22923.2164,46.3523,24.1915,15.8934,30.7263,1.413,1.1026,7.4499,1,39951.0,2.2,0.0,3.2499,7.8,8.332431155192532,8.428983080513419,8.264844807467911,7.4499,0.0
5834,2014-05-12,SZSE:000768,0.2195,8.76,8.4579,8.8,8.61,23247.5903,8.65,2.0303,101.0287,49.8294,194.5888,1.4333,30.3942,52.8281,52.8281,0.0,0.0,0,23427.445,47.3719,24.7237,16.243,31.4022,1.4441,1.1268,9.0609,1,39951.0,2.2,0.0,3.322,7.8,8.351693493150686,8.496520547945208,8.31307294520548,9.0609,0.0
5835,2014-05-13,SZSE:000768,0.2195,8.99,8.68,9.05,8.7,23857.9722,8.7,2.0836,103.6813,51.1377,199.6979,1.4709,30.3468,59.515,59.515,0.0,0.0,0,24037.8269,48.6061,25.3678,16.6662,32.2203,1.4817,1.1562,15.7613,1,39951.0,2.2,0.0,3.4092,7.8,8.399999999999999,8.73793103448276,8.399999999999999,15.7613,0.0
5836,2014-05-14,SZSE:000768,0.2195,9.04,8.7283,9.14,8.86,23990.664,8.95,2.0952,104.258,51.4221,200.8086,1.4791,30.3278,60.8154,60.8154,0.0,0.0,0,24170.5186,48.8744,25.5078,16.7582,32.3982,1.4899,1.1625,16.3656,1,39951.0,2.2,0.0,3.4281,7.8,8.641403207964602,8.824851991150444,8.554506415929204,16.3656,0.0
5837,2014-05-15,SZSE:000768,0.2195,9.15,8.8345,9.33,9.01,24282.5858,9.04,2.1207,105.5266,52.0478,203.252,1.4971,30.1855,63.5866,63.5866,0.0,0.0,0,24462.4404,49.4647,25.8159,16.9606,32.7895,1.5079,1.1766,26.1171,1,39951.0,2.2,0.0,3.4699,7.8,8.728292896174862,9.008293442622952,8.69932732240437,26.1171,0.0
5838,2014-05-16,SZSE:000768,0.3014,9.08,8.7669,9.25,8.99,24096.8173,9.19,2.1045,104.7193,51.6496,201.6971,1.4857,29.9705,60.6473,60.6473,0.0,0.0,0,24276.672,49.0891,25.6199,16.8318,32.5405,1.4965,1.1677,13.133,1,39951.0,2.2,0.0,3.4433,7.8,8.873106938325991,8.931037995594714,8.680003414096916,13.133,0.0
5839,2014-05-19,SZSE:000768,0.3014,9.08,8.7669,9.59,9.01,24096.8173,9.48,2.1045,104.7193,51.6496,201.6971,1.4857,29.6717,60.6473,60.6473,0.0,0.0,0,24276.672,49.0891,25.6199,16.8318,32.5405,1.4965,1.1677,26.1132,1,39951.0,2.2,0.0,3.4433,7.8,9.15310704845815,9.259313986784141,8.699313766519824,26.1132,0.0
5840,2014-05-20,SZSE:000768,0.3014,8.9,8.5931,9.25,8.85,23619.1271,9.12,2.0628,102.6434,50.6257,197.6987,1.4562,29.6701,53.2996,53.2996,0.0,0.0,0,23798.9818,48.1231,25.1157,16.5006,31.9002,1.467,1.1447,17.0372,1,39951.0,2.2,0.0,3.3751,7.8,8.805513707865167,8.931030898876404,8.544824157303369,17.0372,0.0
5841,2014-05-21,SZSE:000768,0.3014,9.0,8.6896,9.04,8.81,23884.5106,8.94,2.086,103.7967,51.1945,199.92,1.4726,29.746,56.4559,56.4559,0.0,0.0,0,24064.3653,48.6598,25.3958,16.6846,32.2559,1.4834,1.1574,10.2201,1,39951.0,2.2,0.0,3.413,7.8,8.631669333333333,8.728220444444442,8.50615288888889,10.2201,0.0
5842,2014-05-22,SZSE:000768,0.3014,8.76,8.4579,9.04,8.76,23247.5903,8.96,2.0303,101.0287,49.8294,194.5888,1.4333,29.9721,48.0605,48.0605,0.0,0.0,0,23427.445,47.3719,24.7237,16.243,31.4022,1.4441,1.1268,18.9922,1,39951.0,2.2,0.0,3.322,7.8,8.65100273972603,8.728243835616437,8.4579,18.9922,0.0
5843,2014-05-23,SZSE:000768,0.3974,8.8,8.4965,8.82,8.7,23353.7437,8.77,2.0396,101.4901,50.0569,195.4774,1.4398,29.7475,49.4108,49.4108,0.0,0.0,0,23533.5984,47.5865,24.8357,16.3166,31.5445,1.4506,1.1319,8.3208,1,39951.0,2.2,0.0,3.3371,7.8,8.467534659090907,8.515810227272725,8.39994886363636,8.3208,0.0
5844,2014-05-26,SZSE:000768,0.3974,9.14,8.8248,9.52,9.07,24256.0474,9.2,2.1184,105.4113,51.9909,203.0299,1.4955,29.6258,59.1355,59.1355,0.0,0.0,0,24435.9021,49.411,25.7879,16.9422,32.7539,1.5063,1.1753,43.6721,1,39951.0,2.2,0.0,3.4661,7.8,8.882730853391683,9.191695404814002,8.757214004376367,43.6721,0.0
5845,2014-05-27,SZSE:000768,0.3974,8.91,8.6027,9.18,8.88,23645.6655,9.15,2.0651,102.7587,50.6826,197.9208,1.4578,29.7033,51.8714,51.8714,0.0,0.0,0,23825.5202,48.1768,25.1438,16.519,31.9358,1.4686,1.146,20.1204,1,39951.0,2.2,0.0,3.3788,7.8,8.83442255892256,8.86338787878788,8.573734680134681,20.1204,0.0
5846,2014-05-28,SZSE:000768,0.3974,9.12,8.8055,9.17,8.85,24202.9707,8.9,2.1138,105.1806,51.8771,202.5856,1.4922,29.9578,57.0581,57.0581,0.0,0.0,0,24382.8254,49.3037,25.7319,16.9054,32.6828,1.503,1.1728,19.5842,1,39951.0,2.2,0.0,3.4585,7.8,8.593086622807018,8.853775767543862,8.544810855263158,19.5842,0.0
5847,2014-05-29,SZSE:000768,0.3974,9.05,8.7379,9.17,9.01,24017.2023,9.08,2.0975,104.3733,51.479,201.0307,1.4808,29.7586,54.933,54.933,0.0,0.0,0,24197.057,48.9281,25.5358,16.7766,32.4338,1.4915,1.1638,12.2684,1,39951.0,2.2,0.0,3.4319,7.8,8.76686541436464,8.853761657458563,8.699279447513812,12.2684,0.0
5848,2014-05-30,SZSE:000768,0.3532,9.2,8.8827,9.25,9.0,24415.2775,9.12,2.1323,106.1032,52.3322,204.3627,1.5053,29.6796,58.4999,58.4999,0.0,0.0,0,24595.1322,49.733,25.9559,17.0526,32.9674,1.5161,1.183,19.2306,1,39951.0,2.2,0.0,3.4888,7.8,8.805459130434782,8.930975543478262,8.689597826086958,19.2306,0.0
5849,2014-06-02,SZSE:000768,0.3532,0.0,8.8827,0.0,0.0,24415.2775,0.0,2.1323,106.1032,52.3322,204.3627,1.5053,29.6796,58.4999,58.4999,0.0,0.0,0,24595.1322,49.733,25.9559,17.0526,32.9674,1.5161,1.183,0.0,1,39951.0,2.2,0.0,3.4888,7.8,0.0,0.0,0.0,0.0,0.0
5850,2014-06-03,SZSE:000768,0.3532,9.07,8.7572,9.18,9.05,24070.279,9.18,2.1022,104.604,51.5927,201.475,1.484,29.3791,54.4757,54.4758,0.0,0.0,0,24250.1337,49.0354,25.5919,16.8134,32.5049,1.4948,1.1664,9.7066,1,39951.0,2.2,0.0,3.4395,7.8,8.863406394707827,8.863406394707827,8.737889746416759,9.7066,0.0
5851,2014-06-04,SZSE:000768,0.3532,8.9,8.5931,9.08,8.87,23619.1271,9.07,2.0628,102.6434,50.6257,197.6987,1.4562,28.5601,49.6645,49.6645,0.0,0.0,0,23798.9818,48.1231,25.1157,16.5006,31.9002,1.467,1.1447,10.2893,1,39951.0,2.2,0.0,3.3751,7.8,8.75723786516854,8.766893033707865,8.56413449438202,10.2893,0.0
5852,2014-06-05,SZSE:000768,0.3532,8.96,8.651,8.98,8.85,23778.3572,8.9,2.0767,103.3353,50.967,199.0315,1.466,28.5143,51.2994,51.2994,0.0,0.0,0,23958.2119,48.4451,25.2838,16.611,32.1136,1.4768,1.1523,6.7916,1,39951.0,2.2,0.0,3.3978,7.8,8.593069196428571,8.670310267857142,8.544793526785714,6.7916,0.0
5853,2014-06-06,SZSE:000768,0.3103,8.9,8.5931,8.97,8.84,23619.1271,8.93,2.0628,102.6434,50.6257,197.6987,1.4562,28.5443,49.5657,49.5657,0.0,0.0,0,23798.9818,48.1231,25.1157,16.5006,31.9002,1.467,1.1447,6.981,1,39951.0,2.2,0.0,3.3751,7.8,8.622065505617977,8.660686179775281,8.535168988764044,6.981,0.0
5854,2014-06-09,SZSE:000768,0.3103,8.84,8.5352,8.99,8.84,23459.8971,8.86,2.0489,101.9514,50.2844,196.3659,1.4464,28.353,47.8251,47.8251,0.0,0.0,0,23639.7517,47.8012,24.9477,16.3902,31.6868,1.4572,1.137,7.037,1,39951.0,2.2,0.0,3.3523,7.8,8.55451040723982,8.680028054298642,8.5352,7.037,0.0
5855,2014-06-10,SZSE:000768,0.3103,8.91,8.6027,8.92,8.81,23645.6655,8.86,2.0651,102.7587,50.6826,197.9208,1.4578,24.9994,50.0298,50.0298,0.0,0.0,0,23825.5202,48.1768,25.1438,16.519,31.9358,1.4686,1.146,6.4398,1,39951.0,2.2,0.0,3.3788,7.8,8.554424466891133,8.612355106621774,8.506148933782269,6.4398,0.0
5856,2014-06-11,SZSE:000768,0.3103,8.93,8.6221,8.95,8.82,23698.7422,8.92,2.0697,102.9893,50.7964,198.3651,1.4611,24.9409,50.6712,50.6712,0.0,0.0,0,23878.5968,48.2841,25.1998,16.5558,32.0069,1.4719,1.1485,6.5453,1,39951.0,2.2,0.0,3.3864,7.8,8.612444792833147,8.641410414333706,8.515892721164613,6.5453,0.0
5857,2014-06-12,SZSE:000768,0.3103,9.02,8.7089,9.08,8.89,23937.5873,8.89,2.0906,104.0273,51.3083,200.3643,1.4758,25.0073,53.5598,53.5598,0.0,0.0,0,24117.4419,48.7671,25.4518,16.7214,32.3271,1.4866,1.16,9.228,1,39951.0,2.2,0.0,3.4206,7.8,8.583383702882484,8.766830598669623,8.583383702882484,9.228,0.0
5858,2014-06-13,SZSE:000768,0.2293,9.05,8.7379,9.11,9.0,24017.2023,9.02,2.0975,104.3733,51.479,201.0307,1.4808,24.8697,54.516,54.5159,0.0,0.0,0,24197.057,48.9281,25.5358,16.7766,32.4338,1.4915,1.1638,8.7584,1,39951.0,2.2,0.0,3.4319,7.8,8.708934585635358,8.795830828729281,8.689624309392265,8.7584,0.0
5859,2014-06-16,SZSE:000768,0.2293,9.42,9.0952,9.43,9.03,24999.1211,9.06,2.1833,108.6405,53.5836,209.2496,1.5413,25.9686,64.2829,64.2829,0.0,0.0,0,25178.9757,50.9136,26.5721,17.4574,33.7499,1.5521,1.2111,34.8537,1,39951.0,2.2,0.0,3.5722,7.8,8.747612738853503,9.104855201698513,8.718647133757962,34.8537,0.0
5860,2014-06-17,SZSE:000768,0.2293,9.35,9.0276,9.38,9.23,24813.3527,9.37,2.1671,107.8332,53.1854,207.6947,1.5298,25.6508,61.5884,61.5884,0.0,0.0,0,24993.2073,50.5379,26.376,17.3286,33.5009,1.5406,1.2021,16.363,1,39951.0,2.2,0.0,3.5457,7.8,9.046910374331551,9.056565561497328,8.911737754010696,16.363,0.0
5861,2014-06-18,SZSE:000768,0.2293,9.37,9.0469,9.6,9.37,24866.4294,9.38,2.1717,108.0639,53.2992,208.139,1.5331,25.6239,62.0775,62.0775,0.0,0.0,0,25046.284,50.6453,26.4321,17.3654,33.5721,1.5439,1.2047,25.5178,1,39951.0,2.2,0.0,3.5533,7.8,9.05655517609392,9.268969050160086,9.0469,25.5178,0.0
5862,2014-06-19,SZSE:000768,0.2293,9.47,9.1581,9.69,9.22,25131.8128,9.28,2.1949,109.2171,53.868,210.3603,1.5495,25.6777,64.5108,64.8532,0.0,0.0,0,25311.6675,51.1819,26.7121,17.5494,33.9278,1.5603,1.2174,36.2073,1,39951.0,2.2,0.0,3.5912,7.8,8.974357761351635,9.370854171066524,8.916333896515312,36.2073,0.015
5863,2014-06-20,SZSE:000768,0.0051,9.68,9.3612,9.68,9.3,25689.1181,9.43,2.2436,111.6391,55.0626,215.0251,1.5838,25.3441,69.008,69.2756,0.0,0.0,0,25868.9727,52.3088,27.3003,17.9358,34.6748,1.5946,1.2442,23.2137,1,39951.0,2.2,0.0,3.6708,7.8,9.11943347107438,9.3612,8.993714876033058,23.2137,0.0
5864,2014-06-23,SZSE:000768,0.0051,10.04,9.7093,10.15,9.63,26644.4985,9.71,2.327,115.7909,57.1104,223.0219,1.6427,25.9607,74.8838,75.0674,0.0,0.0,0,26824.3531,54.2406,28.3085,18.5982,35.9554,1.6535,1.2902,44.534,1,39951.0,2.2,0.0,3.8074,7.8,9.390169621513946,9.815676792828688,9.312804681274903,44.534,0.0
5865,2014-06-24,SZSE:000768,0.0051,10.19,9.8544,10.22,9.86,27042.5737,10.0,2.3618,117.5209,57.9636,226.3539,1.6673,26.0002,76.853,77.0119,0.0,0.0,0,27222.4283,55.0456,28.7286,18.8742,36.489,1.678,1.3093,28.8763,1,39951.0,2.2,0.0,3.8642,7.8,9.670657507360158,9.883411972522081,9.535268302257114,28.8763,0.0
5866,2014-06-25,SZSE:000768,0.0051,10.02,9.69,10.33,9.97,26591.4218,10.11,2.3224,115.5603,56.9966,222.5776,1.6395,26.2374,70.1411,70.3185,0.0,0.0,0,26771.2765,54.1333,28.2525,18.5614,35.8843,1.6502,1.2876,21.7291,1,39951.0,2.2,0.0,3.7998,7.8,9.777035928143711,9.989790419161677,9.641646706586826,21.7291,0.0
5867,2014-06-26,SZSE:000768,0.0051,10.3,9.9608,10.3,9.94,27334.4954,9.95,2.3873,118.7895,58.5893,228.7974,1.6853,26.7039,74.1461,74.2831,0.0,0.0,0,27514.3501,55.6359,29.0367,19.0766,36.8803,1.696,1.3234,25.4597,1,39951.0,2.2,0.0,3.906,7.8,9.622326213592233,9.9608,9.612655533980583,25.4597,0.0
5868,2014-06-27,SZSE:000768,0.3128,10.23,9.8931,10.37,10.16,27148.727,10.26,2.371,117.9822,58.1911,227.2424,1.6738,26.56,71.5618,71.7045,0.0,0.0,0,27328.5817,55.2602,28.8406,18.9478,36.6313,1.6846,1.3144,19.7041,1,39951.0,2.2,0.0,3.8794,7.8,9.92211202346041,10.02848944281525,9.825405278592376,19.7041,0.0
5869,2014-06-30,SZSE:000768,0.3128,10.53,10.1832,10.63,10.22,27944.8774,10.3,2.4406,121.4421,59.8976,233.9064,1.7229,26.4003,75.5026,75.6119,0.0,0.0,0,28124.7321,56.8701,29.6808,19.4998,37.6984,1.7337,1.3527,36.0867,1,39951.0,2.2,0.0,3.9932,7.8,9.96077492877493,10.279906552706555,9.883409686609687,36.0867,0.0
5870,2014-07-01,SZSE:000768,0.3128,10.48,10.1348,10.71,10.31,27812.1857,10.53,2.429,120.8654,59.6132,232.7958,1.7147,26.6564,73.6703,73.7831,0.0,0.0,0,27992.0403,56.6018,29.5408,19.4078,37.5206,1.7255,1.3464,21.8211,1,39951.0,2.2,0.0,3.9742,7.8,10.183153053435113,10.357224045801527,9.970399618320611,21.8211,0.0
5871,2014-07-02,SZSE:000768,0.3128,10.68,10.3282,10.96,10.41,28342.9526,10.45,2.4753,123.172,60.7509,237.2384,1.7475,26.7797,76.1623,76.2568,0.0,0.0,0,28522.8072,57.675,30.1009,19.7758,38.232,1.7582,1.3719,40.0869,1,39951.0,2.2,0.0,4.0501,7.8,10.105776217228465,10.598976779026218,10.06709382022472,40.0869,0.0
5872,2014-07-03,SZSE:000768,0.3128,10.57,10.2219,10.73,10.49,28051.0308,10.61,2.4498,121.9034,60.1251,234.795,1.7295,26.9252,72.1193,72.2206,0.0,0.0,0,28230.8854,57.0847,29.7929,19.5734,37.8407,1.7402,1.3578,17.2847,1,39951.0,2.2,0.0,4.0083,7.8,10.260582686849572,10.376630747398297,10.144534626300851,17.2847,0.0
5873,2014-07-04,SZSE:000768,0.4899,10.47,10.1252,10.67,10.35,27785.6473,10.54,2.4267,120.7501,59.5563,232.5736,1.7131,26.9695,68.5564,68.6625,0.0,0.0,0,27965.502,56.5481,29.5128,19.3894,37.485,1.7238,1.3451,17.1945,1,39951.0,2.2,0.0,3.9704,7.8,10.192894746895892,10.318613562559694,10.009151862464183,17.1945,0.0
5874,2014-07-07,SZSE:000768,0.4899,10.53,10.1832,10.63,10.3,27944.8774,10.47,2.4406,121.4421,59.8976,233.9064,1.7229,26.7513,69.5291,69.6294,0.0,0.0,0,28124.7321,56.8701,29.6808,19.4998,37.6984,1.7337,1.3527,23.5583,1,39951.0,2.2,0.0,3.9932,7.8,10.125176068376069,10.279906552706555,9.96077492877493,23.5583,0.0
5875,2014-07-08,SZSE:000768,0.4899,10.33,9.9898,10.63,10.3,27414.1105,10.53,2.3942,119.1355,58.76,229.4638,1.6902,25.8406,62.5798,62.6868,0.0,0.0,0,27593.9652,55.7969,29.1207,19.1318,36.987,1.7009,1.3272,19.9916,1,39951.0,2.2,0.0,3.9173,7.8,10.183213359148112,10.279920038722171,9.960787996127785,19.9916,0.0
5876,2014-07-09,SZSE:000768,0.4899,10.37,10.0284,10.72,10.0,27520.2639,10.27,2.4035,119.5968,58.9875,230.3523,1.6967,25.8326,63.3684,63.4713,0.0,0.0,0,27700.1185,56.0115,29.2327,19.2054,37.1293,1.7075,1.3323,47.7965,1,39951.0,2.2,0.0,3.9325,7.8,9.931694117647059,10.366870588235294,9.670588235294117,47.7965,0.0
5877,2014-07-10,SZSE:000768,0.4899,10.55,10.2025,10.66,10.12,27997.9541,10.37,2.4452,121.6727,60.0114,234.3507,1.7262,26.0018,66.7628,66.8489,0.0,0.0,0,28177.8087,56.9774,29.7368,19.5366,37.7696,1.7369,1.3553,41.8844,1,39951.0,2.2,0.0,4.0008,7.8,10.028428909952606,10.308876777251186,9.786663507109004,41.8844,0.0
5878,2014-07-11,SZSE:000768,0.4991,11.1,10.7344,11.15,10.43,29457.5631,10.47,2.5727,128.0159,63.1399,246.568,1.8162,27.4233,74.5292,74.5825,0.0,0.0,0,29637.4177,59.9288,31.2772,20.5486,39.726,1.8269,1.4255,52.8326,1,39951.0,2.2,0.0,4.2093,7.8,10.125150270270273,10.782753153153154,10.086467747747747,52.8326,0.0
5879,2014-07-14,SZSE:000768,0.4991,10.86,10.5023,11.51,10.86,28820.6428,11.1,2.517,125.248,61.7747,241.2368,1.7769,27.8786,67.1551,67.214,0.0,0.0,0,29000.4974,58.641,30.6051,20.107,38.8723,1.7876,1.3949,53.318,1,39951.0,2.2,0.0,4.1183,7.8,10.73439502762431,11.13089069981584,10.5023,53.318,0.0
5880,2014-07-15,SZSE:000768,0.4991,11.11,10.7441,11.39,10.87,29484.1014,10.9,2.575,128.1312,63.1968,246.7902,1.8178,28.13,70.4364,70.4851,0.0,0.0,0,29663.9561,59.9825,31.3052,20.567,39.7616,1.8285,1.4268,40.1646,1,39951.0,2.2,0.0,4.2131,7.8,10.541016201620163,11.014878397839786,10.512004230423042,40.1646,0.0
5881,2014-07-16,SZSE:000768,0.4991,10.64,10.2896,11.05,10.56,28236.7992,10.97,2.4661,122.7107,60.5233,236.3499,1.7409,29.6448,58.5863,58.64,0.0,0.0,0,28416.6539,57.4604,29.9889,19.7022,38.0897,1.7516,1.3668,24.298,1,39951.0,2.2,0.0,4.0349,7.8,10.608732330827069,10.686097744360902,10.212234586466165,24.298,0.0
5882,2014-07-17,SZSE:000768,0.4991,10.68,10.3282,10.8,10.45,28342.9526,10.63,2.4753,123.172,60.7509,237.2384,1.7475,29.3349,59.2152,59.2673,0.0,0.0,0,28522.8072,57.675,30.1009,19.7758,38.232,1.7582,1.3719,13.6567,1,39951.0,2.2,0.0,4.0501,7.8,10.27984700374532,10.444247191011238,10.105776217228465,13.6567,0.0
5883,2014-07-18,SZSE:000768,0.4898,10.54,10.1928,10.85,10.5,27971.4157,10.69,2.4429,121.5574,59.9545,234.1286,1.7245,29.4819,56.0094,56.062,0.0,0.0,0,28151.2704,56.9238,29.7088,19.5182,37.734,1.7353,1.354,15.0637,1,39951.0,2.2,0.0,3.997,7.8,10.33785882352941,10.49258823529412,10.154117647058825,15.0637,0.0
5884,2014-07-21,SZSE:000768,0.4898,10.31,9.9704,10.65,10.08,27361.0338,10.56,2.3896,118.9048,58.6462,229.0195,1.6869,29.7222,51.1135,51.1662,0.0,0.0,0,27540.8885,55.6895,29.0647,19.095,36.9159,1.6977,1.3247,25.3542,1,39951.0,2.2,0.0,3.9098,7.8,10.21216527643065,10.299200775945684,9.747975945683802,25.3542,0.0
5885,2014-07-22,SZSE:000768,0.4898,10.6,10.2509,10.69,10.16,28130.6458,10.25,2.4568,122.2494,60.2958,235.4614,1.7344,30.1333,56.3003,56.343,0.0,0.0,0,28310.5005,57.2457,29.8769,19.6286,37.9474,1.7451,1.3617,22.4516,1,39951.0,2.2,0.0,4.0197,7.8,9.912426886792453,10.337935943396227,9.825390943396226,22.4516,0.0
5886,2014-07-23,SZSE:000768,0.4898,10.42,10.0768,10.75,10.36,27652.9556,10.57,2.4151,120.1735,59.2719,231.463,1.7049,30.1934,52.5719,52.6147,0.0,0.0,0,27832.8103,56.2798,29.3728,19.2974,37.3071,1.7157,1.3387,15.7664,1,39951.0,2.2,0.0,3.9515,7.8,10.221859500959694,10.395930902111326,10.018776199616124,15.7664,0.0
5887,2014-07-24,SZSE:000768,0.4898,10.25,9.9124,10.65,10.09,27201.8037,10.55,2.3757,118.2129,56.9444,227.6867,1.6771,30.3073,49.2544,49.2969,0.0,0.0,0,27381.6584,55.3676,28.8966,18.9846,36.7024,1.6878,1.3333,15.7379,1,39951.0,2.2,0.0,0.0,7.8,10.202519024390243,10.299225365853658,9.757669853658536,15.7379,0.0
5888,2014-07-25,SZSE:000768,0.51,10.49,10.1445,10.54,10.11,27838.724,10.31,2.4313,120.9808,58.2778,233.0179,1.7164,30.4527,53.6968,53.7326,0.0,0.0,0,28018.5787,56.6554,29.5688,19.4262,37.5562,1.7271,1.3643,12.747,1,39951.0,2.2,0.0,0.0,7.8,9.970428503336512,10.192853193517635,9.777015729265967,12.747,0.0
5889,2014-07-28,SZSE:000768,0.51,10.79,10.4346,10.95,10.48,28634.8744,10.52,2.5008,124.4407,59.9444,239.6819,1.7655,30.0922,58.5783,58.6074,0.0,0.0,0,28814.729,58.2653,30.409,19.9782,38.6233,1.7762,1.403,23.7784,1,39951.0,2.2,0.0,0.0,7.8,10.173493234476368,10.589329935125114,10.134810750695088,23.7784,0.0
5890,2014-07-29,SZSE:000768,0.51,11.45,11.0729,11.5,10.79,30386.4051,10.89,2.6538,132.0524,63.6111,254.3427,1.8734,32.0797,66.8566,66.8759,0.0,0.0,0,30566.2598,61.807,32.2574,21.1925,40.9711,1.8842,1.4883,45.6616,1,39951.0,2.2,0.0,0.0,7.8,10.531343318777294,11.121253275109172,10.434636768558953,45.6616,0.0
5891,2014-07-30,SZSE:000768,0.51,11.6,11.2179,11.97,11.22,30784.4803,11.39,2.6886,133.7824,68.7204,257.6747,1.898,32.1129,68.4022,68.4199,0.0,0.0,0,30964.335,62.612,32.6775,20.6626,46.4717,1.9087,1.5055,49.105,1,39951.0,2.2,0.0,0.0,7.8,11.014817327586208,11.575712327586208,10.850417068965518,49.105,0.0
5892,2014-07-31,SZSE:000768,0.51,11.83,11.4404,11.92,11.41,31394.8622,11.58,2.7419,136.4349,70.0829,262.7838,1.9356,31.9864,70.6614,70.6769,0.0,0.0,0,31574.7169,63.8462,33.3217,21.0699,47.3878,1.9463,1.5352,32.9199,1,39951.0,2.2,0.0,0.0,7.8,11.198633305156381,11.527436010143703,11.034231952662722,32.9199,0.0
5893,2014-08-01,SZSE:000768,0.2649,12.14,11.7401,12.97,11.63,32217.5509,11.96,2.8137,140.0102,71.9194,269.6699,1.9863,31.9928,73.42,73.4329,0.0,0.0,0,32397.4056,65.5097,34.1899,21.6189,48.6225,1.997,1.5752,64.5667,1,39951.0,2.2,0.0,0.0,7.8,11.566029324546953,12.542759225700165,11.246899752883031,64.5667,0.0
5894,2014-08-04,SZSE:000768,0.2649,12.33,11.9239,12.9,12.02,32721.7795,12.18,2.8578,142.2014,73.045,273.8904,2.0174,31.8014,74.9732,74.9848,0.0,0.0,0,32901.6342,66.5293,34.722,21.9554,49.3792,2.0281,1.5997,66.3755,1,39951.0,2.2,0.0,0.0,7.8,11.778840389294404,12.475126520681265,11.624110137875102,66.3755,0.0
5895,2014-08-05,SZSE:000768,0.2649,12.11,11.7111,12.31,11.98,32137.9359,12.19,2.8068,139.6642,71.7417,269.0035,1.9814,32.1382,69.8812,69.8938,0.0,0.0,0,32317.7906,65.3487,34.1059,21.5658,48.503,1.9921,1.5713,35.988,1,39951.0,2.2,0.0,0.0,7.8,11.788464822460776,11.90451205615194,11.585382163501238,35.988,0.0
5896,2014-08-06,SZSE:000768,0.2649,12.17,11.7692,12.45,12.02,32297.166,12.11,2.8207,140.3561,72.0972,270.3363,1.9912,32.0623,70.4703,70.4824,0.0,0.0,0,32477.0206,65.6707,34.2739,21.672,48.7419,2.0019,1.5791,41.4199,1,39951.0,2.2,0.0,0.0,7.8,11.711176006573542,12.039978635990138,11.624140016433852,41.4199,0.0
5897,2014-08-07,SZSE:000768,0.2649,11.85,11.4597,12.36,11.85,31447.9389,12.15,2.7465,136.6656,70.2014,263.2280,1.9389,32.4987,63.3537,63.3668,0.0,0.0,0,31627.7936,63.9535,33.3777,21.1053,47.4674,1.9496,1.5378,32.6471,1,39951.0,2.2,0.0,0.0,7.8,11.749818987341774,11.952902278481012,11.4597,32.6471,0.0
5898,2014-08-08,SZSE:000768,0.2749,12.04,11.6434,12.23,11.8,31952.1675,11.85,2.7905,138.8569,71.327,267.4486,1.97,32.4861,65.5766,65.5882,0.0,0.0,0,32132.0222,64.9731,33.9098,21.4418,48.2242,1.9807,1.5623,32.4675,1,39951.0,2.2,0.0,0.0,7.8,11.459658637873755,11.827141362126248,11.411305647840532,32.4675,0.0
5899,2014-08-11,SZSE:000768,0.2749,12.65,12.2333,12.65,12.1,33571.0065,12.1,2.9319,145.8920,74.9408,280.9987,2.0698,33.4964,71.5443,71.5525,0.0,0.0,0,33750.8612,68.2465,35.6182,22.5221,50.6537,2.0805,1.641,51.7328,1,39951.0,2.2,0.0,0.0,7.8,11.701417391304346,12.2333,11.701417391304346,51.7328,0.0
5900,2014-08-12,SZSE:000768,0.2749,12.65,12.2333,12.85,12.51,33571.0065,12.69,2.9319,145.8920,74.9408,280.9987,2.0698,33.3652,71.5443,71.5525,0.0,0.0,0,33750.8612,68.2465,35.6182,22.5221,50.6537,2.0805,1.641,24.4572,1,39951.0,2.2,0.0,0.0,7.8,12.271982371541501,12.426711857707508,12.097911699604742,24.4572,0.0
5901,2014-08-13,SZSE:000768,0.2749,12.77,12.3494,12.87,12.45,33889.4667,12.65,2.9597,147.2759,75.6517,283.6643,2.0894,33.1296,72.6269,72.6346,0.0,0.0,0,34069.3214,68.8905,35.9543,22.7346,51.1317,2.1001,1.6565,29.8676,1,39951.0,2.2,0.0,0.0,7.8,12.233352388410337,12.446106342991383,12.039939702427564,29.8676,0.0
5902,2014-08-14,SZSE:000768,0.2749,12.38,11.9722,12.8,12.32,32854.4712,12.78,2.8693,142.7781,73.3412,275.0011,2.0256,33.8901,64.092,64.1005,0.0,0.0,0,33034.3259,66.7976,34.8621,22.0439,49.5784,2.0363,1.6062,23.4887,1,39951.0,2.2,0.0,0.0,7.8,12.359023909531503,12.37836510500808,11.914176413570274,23.4887,0.0
5903,2014-08-15,SZSE:000768,0.2953,12.26,11.8562,12.44,12.19,32536.0111,12.38,2.8415,141.3941,72.6303,272.3355,2.006,33.9787,61.6898,61.6984,0.0,0.0,0,32715.8658,66.1537,34.526,21.8314,49.1004,2.0167,1.5907,20.2958,1,39951.0,2.2,0.0,0.0,7.8,11.972247634584013,12.03027145187602,11.788505546492658,20.2958,0.0
5904,2014-08-18,SZSE:000768,0.2953,12.32,11.9142,12.45,12.11,32695.2412,12.29,2.8509,164.9595,72.9858,NM,1.9888,33.8917,62.4477,62.4559,0.0,0.0,0,33718.8862,79.9565,37.6483,22.5007,50.6057,2.0511,1.6395,20.172,1,39951.0,2.2,0.0,0.0,7.8,11.885188149350647,12.039918019480519,11.711117045454545,20.172,0.0
5905,2014-08-19,SZSE:000768,0.2953,12.23,11.8272,12.4,12.12,32456.3961,12.39,2.8301,163.7544,72.4526,NM,1.9743,33.9613,60.5138,60.5222,0.0,0.0,0,33480.0411,79.3901,37.3816,22.3414,50.2473,2.0366,1.6279,20.8395,1,39951.0,2.2,0.0,0.0,7.8,11.981930335241211,11.991600981193786,11.720822894521667,20.8395,0.0
5906,2014-08-20,SZSE:000768,0.2953,12.09,11.6918,12.29,12.03,32084.8592,12.23,2.7977,161.8799,71.6232,NM,1.9517,33.7621,57.5294,57.5379,0.0,0.0,0,33108.5043,78.5091,36.9668,22.0934,49.6897,2.014,1.6098,21.6124,1,39951.0,2.2,0.0,0.0,7.8,11.827188916459885,11.885212737799835,11.63377617866005,21.6124,0.0
5907,2014-08-21,SZSE:000768,0.2953,12.17,11.7692,12.34,12.06,32297.166,12.08,2.8162,162.9511,72.0972,NM,1.9646,33.7383,58.7804,58.7884,0.0,0.0,0,33320.811,79.0126,37.2039,22.2351,50.0083,2.0269,1.6201,17.9249,1,39951.0,2.2,0.0,0.0,7.8,11.682164009860312,11.9336013147083,11.66282267871816,17.9249,0.0
5908,2014-08-22,SZSE:000768,0.2771,12.48,12.0689,12.63,12.2,33119.8547,12.28,2.888,167.1018,73.9337,NM,2.0147,33.3763,63.2925,63.299,0.0,0.0,0,34143.4997,80.9634,38.1224,22.7841,51.243,2.0769,1.6601,40.5253,1,39951.0,2.2,0.0,0.0,7.8,11.87548814102564,12.21395889423077,11.798123397435894,40.5253,0.0
5909,2014-08-25,SZSE:000768,0.2771,12.18,11.7788,12.58,12.13,32323.7043,12.54,2.8185,163.0850,72.1564,NM,1.9662,33.8822,56.8113,56.818,0.0,0.0,0,33347.3494,79.0755,37.2335,22.2528,50.0481,2.0285,1.6214,23.2868,1,39951.0,2.2,0.0,0.0,7.8,12.126941871921183,12.165624302134647,11.73044696223317,23.2868,0.0
5910,2014-08-26,SZSE:000768,0.2771,11.95,11.5564,12.26,11.85,31713.3224,12.18,2.7653,160.0054,70.7938,NM,1.9291,33.5613,52.3826,52.3892,0.0,0.0,0,32736.9674,77.6281,36.552,21.8455,49.1321,1.9914,1.5917,14.8321,1,39951.0,2.2,0.0,0.0,7.8,11.778824435146444,11.856189456066947,11.459693723849373,14.8321,0.0
5911,2014-08-27,SZSE:000768,0.2771,12.48,12.0689,12.93,11.88,33119.8547,11.93,2.888,167.1018,73.9337,NM,2.0147,33.9044,60.1012,60.106,0.0,0.0,0,34143.4997,80.9634,38.1224,22.7841,51.243,2.0769,1.6601,43.4739,1,39951.0,2.2,0.0,0.0,7.8,11.537017387820512,12.504076682692308,11.488664423076923,43.4739,0.0
5912,2014-08-28,SZSE:000768,0.2771,12.04,11.6434,12.5,12.01,31952.1675,12.46,2.7861,161.2104,71.327,NM,1.9436,34.6491,52.4937,52.4985,0.0,0.0,0,32975.8126,78.1945,36.8187,22.0049,49.4905,2.0059,1.6033,25.7372,1,39951.0,2.2,0.0,0.0,7.8,12.04956511627907,12.088247508305647,11.614388205980067,25.7372,0.0
5913,2014-08-29,SZSE:000768,0.3031,12.87,12.4461,12.87,12.04,34154.8501,12.08,2.9782,172.3238,76.2441,NM,2.0776,36.6555,62.2108,62.214,0.0,0.0,0,35178.4952,83.4176,39.278,23.4747,52.7964,2.1399,1.7104,49.2061,1,39951.0,2.2,0.0,0.0,7.8,11.68212027972028,12.4461,11.643437762237761,49.2061,0.0
5914,2014-09-01,SZSE:000768,0.3031,13.8,13.3455,13.85,12.9,36622.9162,12.9,3.1934,184.7761,81.7536,NM,2.2278,38.7173,69.6915,69.6936,0.0,0.0,0,37646.5613,89.2701,42.0337,25.1217,56.5005,2.29,1.8304,75.0217,1,39951.0,2.2,0.0,0.0,7.8,12.475141304347824,13.393853260869564,12.475141304347824,75.0217,0.0
5915,2014-09-02,SZSE:000768,0.3031,14.26,13.7903,14.84,13.58,37843.6801,13.8,3.2999,190.9353,84.4787,NM,2.302,38.7632,72.5825,72.5843,0.0,0.0,0,38867.3252,92.1648,43.3967,25.9363,58.3326,2.3643,1.8898,81.1865,1,39951.0,2.2,0.0,0.0,7.8,13.345451612903226,14.351195792426367,13.132698036465639,81.1865,0.0
5916,2014-09-03,SZSE:000768,0.3031,14.18,13.713,14.45,14.0,37631.3733,14.15,3.2814,189.8641,84.0047,NM,2.2891,38.6209,71.3086,71.3104,0.0,0.0,0,38655.0184,91.6614,43.1597,25.7946,58.014,2.3514,1.8795,49.8116,1,39951.0,2.2,0.0,0.0,7.8,13.683988011283498,13.974107898448516,13.538928067700986,49.8116,0.0
5917,2014-09-04,SZSE:000768,0.3031,14.54,14.0611,14.89,14.1,38586.7538,14.16,3.3647,194.6843,86.1374,NM,2.3472,38.4438,73.5577,73.5593,0.0,0.0,0,39610.3988,93.9268,44.2264,26.4322,59.4478,2.4095,1.9259,72.809,1,39951.0,2.2,0.0,0.0,7.8,13.693615955983494,14.39957214580468,13.635592159559835,72.809,0.0
5918,2014-09-05,SZSE:000768,0.2438,14.39,13.916,14.59,14.25,38188.6786,14.58,3.3299,192.6759,85.2488,NM,2.323,38.6003,71.0582,71.0599,0.0,0.0,0,39212.3236,92.9829,43.7819,26.1665,58.8504,2.3853,1.9066,37.8767,1,39951.0,2.2,0.0,0.0,7.8,14.099741487143849,14.109412091730366,13.780611535788742,37.8767,0.0
5919,2014-09-08,SZSE:000768,0.2438,0.0,13.916,0.0,0.0,38188.6786,0.0,3.3299,192.6759,85.2488,NM,2.323,38.6003,71.0582,71.0599,0.0,0.0,0,39212.3236,92.9829,43.7819,26.1665,58.8504,2.3853,1.9066,0.0,1,39951.0,2.2,0.0,0.0,7.8,0.0,0.0,0.0,0.0,0.0
5920,2014-09-09,SZSE:000768,0.2438,14.48,14.0031,14.86,14.32,38427.5237,14.46,3.3508,193.8810,85.782,NM,2.3375,38.7,71.68,71.6816,0.0,0.0,0,39451.1688,93.5493,44.0486,26.3259,59.2088,2.3998,1.9182,42.8587,1,39951.0,2.2,0.0,0.0,7.8,13.98375870165746,14.370584668508286,13.848369613259669,42.8587,0.0
5921,2014-09-10,SZSE:000768,0.2438,15.34,14.8347,15.34,14.28,40709.8214,14.48,3.5498,205.3960,90.8768,NM,2.4764,39.9285,76.8076,76.8087,0.0,0.0,0,41733.4664,98.9612,46.5969,27.8489,62.6341,2.5386,2.0291,66.3421,1,39951.0,2.2,0.0,0.0,7.8,14.003028422425032,14.8347,13.809616427640156,66.3421,0.0
5922,2014-09-11,SZSE:000768,0.2438,15.94,15.415,16.36,15.21,42302.1221,15.38,3.6886,213.4297,94.4313,NM,2.5732,40.3396,79.5849,79.5857,0.0,0.0,0,43325.7671,102.737,48.3747,28.9114,65.0239,2.6355,2.1066,88.0395,1,39951.0,2.2,0.0,0.0,7.8,14.873444165621079,15.821166875784188,14.709043287327479,88.0395,0.0
5923,2014-09-12,SZSE:000768,-0.0836,15.93,15.4053,16.2,15.61,42275.5837,16.0,3.6863,213.2958,94.372,NM,2.5716,40.3823,79.4142,79.415,0.0,0.0,0,43299.2288,102.674,48.3451,28.8937,64.9841,2.6339,2.1053,43.3101,1,39951.0,2.2,0.0,0.0,7.8,15.472994350282487,15.666406779661017,15.09584011299435,43.3101,0.0
5924,2014-09-15,SZSE:000768,-0.0836,16.16,15.6277,16.49,15.98,42885.9657,16.04,3.7395,216.3754,95.7346,NM,2.6087,40.3823,80.4526,80.4534,0.0,0.0,0,43909.6107,104.1214,49.0266,29.301,65.9001,2.671,2.135,51.4077,1,39951.0,2.2,0.0,0.0,7.8,15.511652722772277,15.946830012376237,15.453629084158417,51.4077,0.0
5925,2014-09-16,SZSE:000768,-0.0836,14.9,14.4092,16.23,14.78,39542.1342,16.16,3.448,199.5046,88.2701,NM,2.4053,43.5999,62.0012,62.0023,0.0,0.0,0,40565.7792,96.1923,45.2931,27.0697,60.8817,2.4676,1.9724,77.6333,1,39951.0,2.2,0.0,0.0,7.8,15.627696107382551,15.69539033557047,14.293152751677852,77.6333,0.0
5926,2014-09-17,SZSE:000768,-0.0836,14.76,14.2739,15.1,14.35,39170.5974,14.9,3.4156,197.6301,69.4588,NM,2.3827,43.6284,60.3452,60.3462,0.0,0.0,0,40194.2424,95.3113,44.8783,30.5483,46.4711,2.445,1.9545,38.7544,1,39951.0,2.2,0.0,0.0,10.64,14.409289295392956,14.602702574525745,13.877402777777776,38.7544,0.0
5927,2014-09-18,SZSE:000768,-0.0836,14.98,14.4866,15.14,14.38,39754.441,14.6,3.4665,200.5758,70.0655,NM,2.4182,43.6442,62.0601,62.0611,0.0,0.0,0,40778.086,96.6957,45.5302,30.5872,47.6438,2.4805,1.9827,34.4351,1,39951.0,2.2,0.0,0.0,7.8,14.119116154873163,14.641330040053402,13.906362349799734,34.4351,0.0
5928,2014-09-19,SZSE:000768,-0.0312,15.9,15.3763,15.95,14.85,42195.9687,14.99,3.6794,212.8942,74.8235,NM,2.5668,44.8332,68.2448,68.2455,0.0,0.0,0,43219.6138,102.4853,48.2562,32.8477,49.9689,2.629,2.1016,53.9056,1,39951.0,2.2,0.0,0.0,10.64,14.496272767295599,15.424653144654087,14.36088396226415,53.9056,0.0
5929,2014-09-22,SZSE:000768,-0.0312,15.57,15.0572,16.34,15.43,41320.2033,16.25,3.603,208.4756,73.2706,NM,2.5135,45.1004,64.202,64.2027,0.0,0.0,0,42343.8484,100.4086,47.2784,32.1821,48.9564,2.5758,2.059,48.3304,1,39951.0,2.2,0.0,0.0,10.64,15.71480411046885,15.801839948619138,14.921810918432884,48.3304,0.0
5930,2014-09-23,SZSE:000768,-0.0312,15.79,15.2699,16.16,15.58,41904.0469,15.58,3.6539,211.4213,74.3059,NM,2.549,44.7462,65.6624,65.6631,0.0,0.0,0,42927.692,101.793,47.9303,32.6258,49.6314,2.6113,2.0874,47.0833,1,39951.0,2.2,0.0,0.0,10.64,15.06681709943002,15.62771272957568,15.06681709943002,47.0833,0.0
5931,2014-09-24,SZSE:000768,-0.0312,0.0,15.2699,0.0,0.0,41904.0469,0.0,3.6539,211.4213,74.3059,NM,2.549,44.7462,65.6624,65.6631,0.0,0.0,0,42927.692,101.793,47.9303,32.6258,49.6314,2.6113,2.0874,0.0,1,39951.0,2.2,0.0,0.0,10.64,0.0,0.0,0.0,0.0,0.0
5932,2014-09-25,SZSE:000768,-0.0312,0.0,15.2699,0.0,0.0,41904.0469,0.0,3.6539,211.4213,74.3059,NM,2.549,44.7462,65.6624,65.6631,0.0,0.0,0,42927.692,101.793,47.9303,32.6258,49.6314,2.6113,2.0874,0.0,1,39951.0,2.2,0.0,0.0,10.64,0.0,0.0,0.0,0.0,0.0
5933,2014-09-26,SZSE:000768,-0.063,0.0,15.2699,0.0,0.0,41904.0469,0.0,3.6539,211.4213,74.3059,NM,2.549,44.7462,65.6624,65.6631,0.0,0.0,0,42927.692,101.793,47.9303,32.6258,49.6314,2.6113,2.0874,0.0,1,39951.0,2.2,0.0,0.0,10.64,0.0,0.0,0.0,0.0,0.0
5934,2014-09-29,SZSE:000768,-0.063,0.0,15.2699,0.0,0.0,41904.0469,0.0,3.6539,211.4213,74.3059,NM,2.549,44.7462,65.6624,65.6631,0.0,0.0,0,42927.692,101.793,47.9303,32.6258,49.6314,2.6113,2.0874,0.0,1,39951.0,2.2,0.0,0.0,10.64,0.0,0.0,0.0,0.0,0.0
5935,2014-09-30,SZSE:000768,-0.063,0.0,15.2699,0.0,0.0,41904.0469,0.0,3.6539,211.4213,70.1778,NM,2.549,44.7462,65.6624,65.6631,0.0,0.0,0,42927.692,101.793,47.9303,30.6836,48.447,2.6113,1.9874,0.0,1,39951.0,2.2,0.0,0.0,10.64,0.0,0.0,0.0,0.0,0.0
5936,2014-10-01,SZSE:000768,-0.063,0.0,15.2699,0.0,0.0,41904.0469,0.0,3.6539,211.4213,70.1778,NM,2.549,44.7462,65.6624,65.6631,0.0,0.0,0,42927.692,101.793,47.9303,30.6836,48.447,2.6113,1.9874,0.0,1,39951.0,2.2,0.0,0.0,10.64,0.0,0.0,0.0,0.0,0.0
5937,2014-10-02,SZSE:000768,-0.063,0.0,15.2699,0.0,0.0,41904.0469,0.0,3.6539,211.4213,70.1778,NM,2.549,44.7462,65.6624,65.6631,0.0,0.0,0,42927.692,101.793,47.9303,30.6836,48.447,2.6113,1.9874,0.0,1,39951.0,2.2,0.0,0.0,10.64,0.0,0.0,0.0,0.0,0.0
5938,2014-10-03,SZSE:000768,-0.0336,0.0,15.2699,0.0,0.0,41904.0469,0.0,3.6539,211.4213,70.1778,NM,2.549,44.7462,65.6624,65.6631,0.0,0.0,0,42927.692,101.793,47.9303,30.6836,48.447,2.6113,1.9874,0.0,1,39951.0,2.2,0.0,0.0,10.64,0.0,0.0,0.0,0.0,0.0
5939,2014-10-06,SZSE:000768,-0.0336,0.0,15.2699,0.0,0.0,41904.0469,0.0,3.6539,211.4213,70.1778,NM,2.549,44.7462,65.6624,65.6631,0.0,0.0,0,42927.692,101.793,47.9303,30.6836,48.447,2.6113,1.9874,0.0,1,39951.0,2.2,0.0,0.0,10.64,0.0,0.0,0.0,0.0,0.0
5940,2014-10-07,SZSE:000768,-0.0336,0.0,15.2699,0.0,0.0,41904.0469,0.0,3.6539,211.4213,70.1778,NM,2.549,44.7462,65.6624,65.6631,0.0,0.0,0,42927.692,101.793,47.9303,30.6836,48.447,2.6113,1.9874,0.0,1,39951.0,2.2,0.0,0.0,10.64,0.0,0.0,0.0,0.0,0.0
5941,2014-10-08,SZSE:000768,-0.0336,0.0,15.2699,0.0,0.0,41904.0469,0.0,3.6539,211.4213,70.1778,NM,2.549,44.7462,65.6624,65.6631,0.0,0.0,0,42927.692,101.793,47.9303,30.6836,48.447,2.6113,1.9874,0.0,1,39951.0,2.2,0.0,0.0,10.64,0.0,0.0,0.0,0.0,0.0
5942,2014-10-09,SZSE:000768,-0.0336,0.0,15.2699,0.0,0.0,41904.0469,0.0,3.6539,211.4213,70.1778,NM,2.549,44.7462,65.6624,65.6631,0.0,0.0,0,42927.692,101.793,47.9303,30.6836,48.447,2.6113,1.9874,0.0,1,39951.0,2.2,0.0,0.0,10.64,0.0,0.0,0.0,0.0,0.0
5943,2014-10-10,SZSE:000768,-0.049,0.0,15.2699,0.0,0.0,41904.0469,0.0,3.6539,211.4213,70.1778,NM,2.549,44.7462,65.6624,65.6631,0.0,0.0,0,42927.692,101.793,47.9303,30.6836,48.447,2.6113,1.9874,0.0,1,39951.0,2.2,0.0,0.0,10.64,0.0,0.0,0.0,0.0,0.0
5944,2014-10-13,SZSE:000768,-0.049,0.0,15.2699,0.0,0.0,41904.0469,0.0,3.6539,211.4213,70.1778,NM,2.549,44.7462,65.6624,65.6631,0.0,0.0,0,42927.692,101.793,47.9303,30.6836,48.447,2.6113,1.9874,0.0,1,39951.0,2.2,0.0,0.0,10.64,0.0,0.0,0.0,0.0,0.0
5945,2014-10-14,SZSE:000768,-0.049,0.0,15.2699,0.0,0.0,41904.0469,0.0,3.6539,211.4213,70.1778,NM,2.549,44.7462,65.6624,65.6631,0.0,0.0,0,42927.692,101.793,47.9303,30.6836,48.447,2.6113,1.9874,0.0,1,39951.0,2.2,0.0,0.0,12.5479,0.0,0.0,0.0,0.0,0.0
5946,2014-10-15,SZSE:000768,-0.049,0.0,15.2699,0.0,0.0,41904.0469,0.0,3.6539,211.4213,70.1778,NM,2.549,44.7462,65.6624,65.6631,0.0,0.0,0,42927.692,101.793,47.9303,30.6836,48.447,2.6113,1.9874,0.0,1,39951.0,2.2,0.0,0.0,12.5479,0.0,0.0,0.0,0.0,0.0
5947,2014-10-16,SZSE:000768,-0.049,0.0,15.2699,0.0,0.0,41904.0469,0.0,3.6539,211.4213,74.0272,NM,2.549,44.7462,65.6624,65.6631,0.0,0.0,0,42927.692,101.793,47.9303,30.6836,48.447,2.6113,1.9874,0.0,1,39951.0,2.2,0.0,0.0,12.5479,0.0,0.0,0.0,0.0,0.0
5948,2014-10-17,SZSE:000768,-0.0828,17.37,16.7979,17.37,15.79,46097.1054,15.9,4.0195,232.5768,85.4402,NM,2.8041,51.4076,73.8982,73.8986,0.0,0.0,0,47120.7505,111.7359,52.612,33.6807,53.4534,2.8663,2.1908,124.4735,1,39951.0,2.2,0.0,0.0,12.5479,15.376316062176164,16.7979,15.269939032815195,124.4735,0.0
5949,2014-10-20,SZSE:000768,-0.0828,16.9,16.3434,17.53,16.61,44849.8032,17.5,3.9108,226.2837,83.1284,NM,2.7282,51.8519,68.6254,68.6258,0.0,0.0,0,45873.4483,108.7782,51.2193,32.7891,52.0385,2.7905,2.1328,70.6083,1,39951.0,2.2,0.0,0.0,12.5479,16.92363905325444,16.95265100591716,16.062951124260355,70.6083,0.0
5950,2014-10-21,SZSE:000768,-0.0828,16.0,15.473,16.92,15.94,42461.3521,16.9,3.7025,214.2331,78.7014,NM,2.5829,53.4314,59.8228,59.8233,0.0,0.0,0,43484.9972,103.1146,48.5525,31.0819,49.3291,2.6452,2.0218,57.8773,1,39951.0,2.2,0.0,0.0,12.5479,16.34335625,16.362697500000003,15.41497625,57.8773,0.0
5951,2014-10-22,SZSE:000768,-0.0828,15.91,15.386,16.58,15.6,42222.507,15.89,3.6817,213.0281,78.2587,NM,2.5684,53.3571,59.0077,59.0082,0.0,0.0,0,43246.1521,102.5482,48.2858,30.9112,49.0581,2.6306,2.0107,63.5195,1,39951.0,2.2,0.0,0.0,12.5479,15.366658705216844,16.033933375235698,15.086209930861093,63.5195,0.0
5952,2014-10-23,SZSE:000768,-0.0828,15.31,14.8057,15.99,15.19,40630.2063,15.68,3.5428,204.9943,75.3074,NM,2.4715,54.1176,53.7497,53.7502,0.0,0.0,0,41653.8514,98.7724,46.508,29.7731,47.2518,2.5338,1.9366,44.6336,1,39951.0,2.2,0.0,0.0,12.5479,15.163512475506204,15.463301306335726,14.689652710646634,44.6336,0.0
5953,2014-10-24,SZSE:000768,-0.239,15.05,14.5543,15.55,14.97,39940.2094,15.45,3.4827,201.5130,74.0285,NM,2.4295,54.1335,51.6039,51.6044,0.0,0.0,0,40963.8544,97.1363,45.7376,29.2799,46.4691,2.4918,1.9046,30.8616,1,39951.0,2.2,0.0,0.0,12.5479,14.941125249169435,15.037831561461793,14.476934950166113,30.8616,0.0
5954,2014-10-27,SZSE:000768,-0.239,15.25,14.7477,15.3,14.75,40470.9763,14.9,3.4887,122.0469,67.7778,NM,2.1872,54.0338,53.1532,53.1537,0.0,0.0,0,42850.148,95.0373,47.671,0.0,0.0,2.3149,1.8975,26.5734,1,39951.0,2.2,0.0,0.0,12.5479,14.409228196721312,14.796053114754098,14.264168852459015,26.5734,0.0
5955,2014-10-28,SZSE:000768,-0.239,16.06,15.531,16.1,15.25,42620.5822,15.25,3.674,128.5294,71.3778,NM,2.3034,54.7691,58.8929,58.8933,0.0,0.0,0,44999.754,99.8049,50.0624,0.0,0.0,2.4311,1.9752,51.3613,1,39951.0,2.2,0.0,0.0,12.5479,14.747680572851806,15.569682440846828,14.747680572851806,51.3613,0.0
5956,2014-10-29,SZSE:000768,-0.239,16.27,15.7341,16.57,16.1,43177.8875,16.12,3.722,130.2100,47.8529,NM,2.3335,53.4757,60.2526,60.2529,0.0,0.0,0,45557.0592,101.041,50.6824,0.0,0.0,2.4612,1.9997,57.899,1,39951.0,2.2,0.0,0.0,12.5479,15.589040688383529,16.024218623232947,15.569699446834665,57.899,0.0
5957,2014-10-30,SZSE:000768,-0.239,16.21,15.6761,16.77,16.08,43018.6574,16.33,3.7083,129.7298,47.6765,NM,2.3249,53.5168,59.6456,59.6459,0.0,0.0,0,45397.8292,100.6878,50.5053,0.0,0.0,2.4526,1.9927,43.5715,1,39951.0,2.2,0.0,0.0,12.5479,15.792147624922885,16.217655582973475,15.55038173966687,43.5715,0.0
5958,2014-10-31,SZSE:000768,-0.1037,15.98,15.4537,16.26,15.62,42408.2755,16.21,3.6557,127.8891,47.0,NM,2.2919,53.6496,57.2639,57.2642,0.0,0.0,0,44787.4472,99.3341,49.8262,0.0,0.0,2.4196,1.9659,37.8797,1,39951.0,2.2,0.0,0.0,12.5479,15.676124968710887,15.724478222778473,15.10555657071339,37.8797,0.0
5959,2014-11-03,SZSE:000768,-0.1037,16.13,15.5987,16.37,15.91,42806.3506,16.0,3.69,129.0896,47.4412,NM,2.3134,53.4615,58.4297,58.43,0.0,0.0,0,45185.5224,100.217,50.2691,0.0,0.0,2.4411,1.9834,28.0266,1,39951.0,2.2,0.0,0.0,12.5479,15.472982021078737,15.830794730316184,15.385946497210169,28.0266,0.0
5960,2014-11-04,SZSE:000768,-0.1037,15.79,15.2699,16.1,15.72,41904.0469,16.05,3.6122,126.3685,46.4412,NM,2.2646,53.7682,54.7818,54.7821,0.0,0.0,0,44283.2187,98.2157,49.2653,0.0,0.0,2.3924,1.9438,22.6768,1,39951.0,2.2,0.0,0.0,12.5479,15.521335972134265,15.569689043698546,15.202205699810008,22.6768,0.0
5961,2014-11-05,SZSE:000768,-0.1037,15.82,15.2989,16.08,15.71,41983.6619,15.75,3.6191,126.6086,46.5294,NM,2.2689,53.5042,55.0485,55.0488,0.0,0.0,0,44362.8337,98.3923,49.3539,0.0,0.0,2.3967,1.9473,23.3262,1,39951.0,2.2,0.0,0.0,12.5479,15.23120575221239,15.550335777496837,15.192523324905183,23.3262,0.0
5962,2014-11-06,SZSE:000768,-0.1037,16.37,15.8308,16.38,15.62,43443.2709,15.83,3.7449,131.0103,48.1471,NM,2.3478,53.901,59.7367,59.7369,0.0,0.0,0,45822.4427,101.6296,50.9777,0.0,0.0,2.4755,2.0113,43.0636,1,39951.0,2.2,0.0,0.0,12.5479,15.308586682956626,15.840470616982284,15.105503726328648,43.0636,0.0
5963,2014-11-07,SZSE:000768,-0.2344,16.74,16.1886,17.28,16.35,44425.1897,16.53,3.8295,133.9715,49.2353,NM,2.4009,53.471,62.5652,62.5655,0.0,0.0,0,46804.3615,103.8074,52.0701,0.0,0.0,2.5286,2.0544,70.2314,1,39951.0,2.2,0.0,0.0,12.5479,15.985517204301079,16.71081290322581,15.811446236559144,70.2314,0.0
5964,2014-11-10,SZSE:000768,-0.2344,16.56,16.0146,17.12,16.18,43947.4995,16.92,3.7884,132.5309,48.7059,NM,2.3751,53.588,60.3442,60.3445,0.0,0.0,0,46326.6713,102.7479,51.5386,0.0,0.0,2.5028,2.0335,41.4496,1,39951.0,2.2,0.0,0.0,12.5479,16.36274347826087,16.556156521739133,15.647115217391306,41.4496,0.0
5965,2014-11-11,SZSE:000768,-0.2344,15.65,15.1345,16.74,15.3,41532.5101,16.56,3.5802,125.2481,46.0294,NM,2.2446,54.5351,50.5705,50.5707,0.0,0.0,0,43911.6819,97.3917,48.8519,0.0,0.0,2.3723,1.9275,49.3374,1,39951.0,2.2,0.0,0.0,12.5479,16.01452523961661,16.188596166134182,14.79602875399361,49.3374,0.0
5966,2014-11-12,SZSE:000768,-0.2344,15.98,15.4537,16.3,15.69,42408.2755,15.82,3.6557,127.8891,47.0,NM,2.2919,54.6521,53.5111,53.5113,0.0,0.0,0,44787.4472,99.3341,49.8262,0.0,0.0,2.4196,1.9659,29.2329,1,39951.0,2.2,0.0,0.0,12.5479,15.298969586983729,15.763160826032541,15.17325112640801,29.2329,0.0
5967,2014-11-13,SZSE:000768,-0.2344,15.0,14.5059,16.3,14.85,39807.5176,16.18,3.4315,120.0461,44.1177,NM,2.1513,56.8072,44.9575,44.9577,0.0,0.0,0,42186.6894,93.5658,46.9329,0.0,0.0,2.2791,1.8517,53.3074,1,39951.0,2.2,0.0,0.0,12.5479,15.6470308,15.763078,14.360841,53.3074,0.0
5968,2014-11-14,SZSE:000768,-0.3103,14.74,14.2545,15.21,14.5,39117.5207,14.96,3.372,117.9653,43.3529,NM,2.114,56.453,42.994,42.9942,0.0,0.0,0,41496.6924,92.0355,46.1653,0.0,0.0,2.2418,1.8215,32.7242,1,39951.0,2.2,0.0,0.0,12.5479,14.467253731343284,14.70901933514247,14.022405020352782,32.7242,0.0
5969,2014-11-17,SZSE:000768,-0.3103,14.85,14.3609,15.08,14.38,39409.4425,14.73,3.3972,118.8456,43.6765,NM,2.1298,56.3739,44.1062,44.1064,0.0,0.0,0,41788.6142,92.683,46.49,0.0,0.0,2.2576,1.8343,27.748,1,39951.0,2.2,0.0,0.0,12.5479,14.244852323232324,14.583324713804714,13.906379932659934,27.748,0.0
5970,2014-11-18,SZSE:000768,-0.3103,14.89,14.3996,15.08,14.69,39515.5958,14.85,3.4063,119.1658,43.7941,NM,2.1356,56.3739,44.5301,44.5302,0.0,0.0,0,41894.7676,92.9184,46.6081,0.0,0.0,2.2633,1.8389,20.8415,1,39951.0,2.2,0.0,0.0,12.5479,14.36091739422431,14.583342377434517,14.206186971121557,20.8415,0.0
5971,2014-11-19,SZSE:000768,-0.3103,15.29,14.7864,15.4,14.7,40577.1296,14.91,3.4978,122.3670,44.9706,NM,2.1929,56.5431,48.7178,48.718,0.0,0.0,0,42956.3014,95.2728,47.7891,0.0,0.0,2.3207,1.8855,36.8229,1,39951.0,2.2,0.0,0.0,12.5479,14.418915892740355,14.892776978417269,14.215832570307391,36.8229,0.0
5972,2014-11-20,SZSE:000768,-0.3103,15.0,14.5059,15.24,14.87,39807.5176,15.01,3.4315,120.0461,44.1177,NM,2.1513,56.6854,46.006,46.0062,0.0,0.0,0,42186.6894,93.5658,46.9329,0.0,0.0,2.2791,1.8517,24.4495,1,39951.0,2.2,0.0,0.0,12.5479,14.5155706,14.7379944,14.3801822,24.4495,0.0
5973,2014-11-21,SZSE:000768,-0.3157,14.9,14.4092,15.03,14.73,39542.1342,15.0,3.4086,119.2458,43.8235,NM,2.137,56.7407,45.0743,45.0744,0.0,0.0,0,41921.306,92.9772,46.6376,0.0,0.0,2.2648,1.8401,26.5318,1,39951.0,2.2,0.0,0.0,12.5479,14.505906040268455,14.534917852348993,14.244799731543624,26.5318,0.0
5974,2014-11-24,SZSE:000768,-0.3157,15.02,14.5253,15.25,14.78,39860.5943,15.04,3.4361,120.2062,44.1765,NM,2.1542,56.5384,46.4751,46.4753,0.0,0.0,0,42239.7661,93.6836,46.9919,0.0,0.0,2.282,1.8541,37.649,1,39951.0,2.2,0.0,0.0,12.5479,14.544641278295604,14.747724700399466,14.29320466045273,37.649,0.0
5975,2014-11-25,SZSE:000768,-0.3157,15.18,14.68,15.35,15.02,40285.2079,15.05,3.4727,121.4867,44.6471,NM,2.1772,56.1731,48.3661,48.3662,0.0,0.0,0,42664.3796,94.6253,47.4643,0.0,0.0,2.3049,1.8727,29.9486,1,39951.0,2.2,0.0,0.0,12.5479,14.554281949934124,14.844400527009222,14.525270092226615,29.9486,0.0
5976,2014-11-26,SZSE:000768,-0.3157,15.52,15.0088,15.78,15.03,41187.5116,15.26,3.5504,124.2077,45.6471,NM,2.2259,56.0371,52.2283,52.2285,0.0,0.0,0,43566.6834,96.6265,48.4681,0.0,0.0,2.3536,1.9123,49.6092,1,39951.0,2.2,0.0,0.0,12.5479,14.757363917525774,15.260236082474227,14.53493969072165,49.6092,0.0
5977,2014-11-27,SZSE:000768,-0.3157,15.4,14.8928,15.73,15.23,40869.0514,15.52,3.523,123.2473,45.2941,NM,2.2087,55.4063,50.7845,50.7846,0.0,0.0,0,43248.2232,95.9202,48.1138,0.0,0.0,2.3364,1.8983,41.7499,1,39951.0,2.2,0.0,0.0,12.5479,15.00884779220779,15.211931428571427,14.72839896103896,41.7499,0.0
5978,2014-11-28,SZSE:000768,-0.3539,15.13,14.6317,15.5,15.0,40152.5161,15.35,3.4612,121.0865,44.5,NM,2.17,54.856,47.5962,47.5963,0.0,0.0,0,42531.6879,94.331,47.3167,0.0,0.0,2.2977,1.8669,35.6254,1,39951.0,2.2,0.0,0.0,12.5479,14.844454395241243,14.989514210178452,14.505981493721084,35.6254,0.0
5979,2014-12-01,SZSE:000768,-0.3539,14.85,14.3609,15.19,14.84,39409.4425,15.19,3.3972,118.8456,43.6765,NM,2.1298,51.3838,44.4777,44.4778,0.0,0.0,0,41788.6142,92.683,46.49,0.0,0.0,2.2576,1.8343,29.4567,1,39951.0,2.2,0.0,0.0,12.5479,14.689701750841753,14.689701750841753,14.351229360269363,29.4567,0.0
5980,2014-12-02,SZSE:000768,-0.3539,14.97,14.4769,15.09,14.86,39727.9026,14.86,3.4246,119.8060,44.0294,NM,2.147,50.881,46.1074,46.1075,0.0,0.0,0,42107.0744,93.3893,46.8443,0.0,0.0,2.2748,1.8482,25.5737,1,39951.0,2.2,0.0,0.0,12.5479,14.370523313293253,14.592947294589178,14.370523313293253,25.5737,0.0
5981,2014-12-03,SZSE:000768,-0.3539,15.6,15.0862,15.65,14.6,41399.8183,14.9,3.5687,124.8479,45.8824,NM,2.2374,51.689,53.7781,53.7782,0.0,0.0,0,43778.9901,97.0974,48.7043,0.0,0.0,2.3651,1.9216,72.7591,1,39951.0,2.2,0.0,0.0,12.5479,14.409255128205128,15.134553205128205,14.119135897435898,72.7591,0.0
5982,2014-12-04,SZSE:000768,-0.3539,15.95,15.4247,16.1,15.69,42328.6604,15.73,3.6488,127.6490,46.9118,NM,2.2876,51.6226,57.4053,57.4054,0.0,0.0,0,44707.8322,99.1575,49.7377,0.0,0.0,2.4153,1.9624,72.2079,1,39951.0,2.2,0.0,0.0,12.5479,15.21194551724138,15.569759874608152,15.173262884012539,72.2079,0.0
5983,2014-12-05,SZSE:000768,-0.6325,17.55,16.972,17.55,15.67,46574.7956,16.27,4.0148,140.4539,51.6177,NM,2.5171,55.8585,69.2753,69.2753,0.0,0.0,0,48953.9674,108.575,54.4615,0.0,0.0,2.6447,2.1488,157.2675,1,39951.0,2.2,0.0,0.0,12.5479,15.734156125356126,16.972,15.15391680911681,157.2675,0.0
5984,2014-12-08,SZSE:000768,-0.6325,19.31,18.674,19.31,18.6,51245.5444,19.0,4.4175,154.5393,56.7941,NM,2.7695,59.0619,76.9008,76.9008,0.0,0.0,0,53624.7162,118.9342,59.6577,0.0,0.0,2.897,2.3538,160.3868,1,39951.0,2.2,0.0,0.0,12.5479,18.374210253754534,18.674,17.98738477472812,160.3868,0.0
5985,2014-12-09,SZSE:000768,-0.6325,0.0,18.674,0.0,0.0,51245.5444,0.0,4.4175,154.5393,56.7941,NM,2.7695,59.0619,76.9008,76.9008,0.0,0.0,0,53624.7162,118.9342,59.6577,0.0,0.0,2.897,2.3538,0.0,1,39951.0,2.2,0.0,0.0,12.5479,0.0,0.0,0.0,0.0,0.0
5986,2014-12-10,SZSE:000768,-0.6325,19.18,18.5483,20.1,17.38,50900.5459,17.82,4.3877,153.4989,56.4118,NM,2.7508,58.5132,75.412,75.412,0.0,0.0,0,53279.7177,118.1691,59.2739,0.0,0.0,2.8784,2.3387,183.4645,1,39951.0,2.2,0.0,0.0,12.5479,17.233092075078208,19.43799947862357,16.80758362877998,183.4645,0.0
5987,2014-12-11,SZSE:000768,-0.6325,19.5,18.8577,20.2,18.13,51749.7729,18.7,4.4609,156.0599,57.3529,NM,2.7967,58.0468,76.6123,76.6123,0.0,0.0,0,54128.9447,120.0526,60.2187,0.0,0.0,2.9243,2.3759,121.6538,1,39951.0,2.2,0.0,0.0,12.5479,18.084050769230767,19.534643076923075,17.532825692307693,121.6538,0.0
5988,2014-12-12,SZSE:000768,-0.7807,19.0,18.3742,19.93,18.9,50422.8557,19.49,4.3465,152.0584,55.8824,NM,2.725,58.4563,70.7969,70.7969,0.0,0.0,0,52802.0275,117.1096,58.7425,0.0,0.0,2.8526,2.3177,64.1079,1,39951.0,2.2,0.0,0.0,12.5479,18.848060947368417,19.273568736842105,18.277493684210523,64.1079,0.0
5989,2014-12-15,SZSE:000768,-0.7807,18.55,17.939,19.39,17.9,49228.6301,17.92,4.2436,148.4570,54.5588,NM,2.6605,58.7456,65.9452,65.9452,0.0,0.0,0,51607.8019,114.4609,57.4139,0.0,0.0,2.7881,2.2653,74.596,1,39951.0,2.2,0.0,0.0,12.5479,17.329750943396228,18.751332075471698,17.31040970350404,74.596,0.0
5990,2014-12-16,SZSE:000768,-0.7807,18.57,17.9584,19.2,18.5,49281.7068,18.65,4.2482,148.6171,54.6177,NM,2.6634,55.3082,66.0565,66.0566,0.0,0.0,0,51660.8786,114.5786,57.473,0.0,0.0,2.7909,2.2676,62.3467,1,39951.0,2.2,0.0,0.0,12.5479,18.035765212708668,18.567651050080777,17.890705438879916,62.3467,0.0
5991,2014-12-17,SZSE:000768,-0.7807,17.84,17.2524,18.58,17.7,47344.4076,18.58,4.0812,142.7748,52.4706,NM,2.5587,56.1779,58.5343,58.5343,0.0,0.0,0,49723.5794,110.2819,55.3177,0.0,0.0,2.6863,2.2035,65.9217,1,39951.0,2.2,0.0,0.0,14.1145,17.968026457399105,17.968026457399105,17.117011210762332,65.9217,0.0
5992,2014-12-18,SZSE:000768,-0.7807,19.33,18.6933,19.62,17.84,51298.6211,17.84,4.422,154.6994,56.8529,NM,2.7724,58.8231,66.8357,66.8357,0.0,0.0,0,53677.7928,119.052,59.7168,0.0,0.0,2.8999,2.3787,131.0373,1,39951.0,2.2,0.0,0.0,14.1145,17.252378272115884,18.97374785307812,17.252378272115884,131.0373,0.0
5993,2014-12-19,SZSE:000768,-0.7949,18.85,18.2291,19.06,17.86,50024.7805,18.6,4.3122,150.8579,55.4412,NM,2.7035,57.8207,62.4951,62.4951,0.0,0.0,0,52403.9523,116.2267,58.2996,0.0,0.0,2.8311,2.3223,90.5779,1,39951.0,2.2,0.0,0.0,14.1145,17.98733474801061,18.432182811671083,17.271709602122012,90.5779,0.0
5994,2014-12-22,SZSE:000768,-0.7949,18.15,17.5522,19.23,18.03,48167.0963,18.9,4.1521,145.2558,53.3824,NM,2.6031,58.3393,56.7109,56.7109,0.0,0.0,0,50546.2681,112.1065,56.233,0.0,0.0,2.7307,2.24,52.3949,1,39951.0,2.2,0.0,0.0,14.1145,18.277497520661157,18.59662842975207,17.436152396694215,52.3949,0.0
5995,2014-12-23,SZSE:000768,-0.7949,16.79,16.237,18.44,16.6,44557.8814,18.11,3.841,134.3716,49.3824,NM,2.4081,61.198,47.5103,47.5103,0.0,0.0,0,46937.0532,104.1017,52.2177,0.0,0.0,2.5357,2.08,61.0267,1,39951.0,2.2,0.0,0.0,14.1145,17.513524121500893,17.832655151876118,16.053257891602144,61.0267,0.0
5996,2014-12-24,SZSE:000768,-0.7949,17.47,16.8946,17.62,16.6,46362.4889,16.81,3.9965,139.8137,51.3824,NM,2.5056,61.1743,51.7273,51.7273,0.0,0.0,0,48741.6607,108.1041,54.2253,0.0,0.0,2.6332,2.16,49.4567,1,39951.0,2.2,0.0,0.0,14.1145,16.256338065254724,17.03965953062393,16.05325472238123,49.4567,0.0
5997,2014-12-25,SZSE:000768,-0.7949,17.66,17.0783,17.96,17.2,46866.7174,17.44,4.04,141.3343,51.9412,NM,2.5328,60.5655,52.8668,52.8668,0.0,0.0,0,49245.8892,109.2224,54.7863,0.0,0.0,2.6605,2.1823,39.6637,1,39951.0,2.2,0.0,0.0,14.1145,16.865546545866366,17.368418346545866,16.63345186862967,39.6637,0.0
5998,2014-12-26,SZSE:000768,-0.8297,18.21,17.6102,18.37,17.76,48326.3264,18.05,4.1658,145.7360,53.5588,NM,2.6117,60.2793,56.0973,56.0973,0.0,0.0,0,50705.4982,112.4597,56.4101,0.0,0.0,2.7393,2.247,48.9066,1,39951.0,2.2,0.0,0.0,14.1145,17.455470071389346,17.764929928610652,17.175022075782536,48.9066,0.0
5999,2014-12-29,SZSE:000768,-0.8297,19.35,18.7127,19.85,17.81,51351.6978,18.12,4.4266,154.8595,56.9118,NM,2.7752,61.0335,61.9228,61.9228,0.0,0.0,0,53730.8695,119.1697,59.7758,0.0,0.0,2.9028,2.3811,91.37,1,39951.0,2.2,0.0,0.0,14.1145,17.52321054263566,19.196232299741602,17.223420516795866,91.37,0.0
6000,2014-12-30,SZSE:000768,-0.8297,18.8,18.1808,19.45,18.36,49892.0888,19.34,4.3008,150.4578,55.2941,NM,2.6963,60.8596,57.929,57.929,0.0,0.0,0,52271.2606,115.9324,58.152,39.9479,61.909,2.8239,2.3164,53.9186,1,39951.0,2.2,0.0,0.0,14.1145,18.703014468085104,18.8093914893617,17.75529191489362,53.9186,0.0
6001,2014-12-31,SZSE:000768,-0.8297,18.94,18.3162,19.29,18.25,50263.6256,19.1,4.3328,151.5782,55.7059,NM,2.7164,60.2778,58.6599,58.6599,0.0,0.0,0,52642.7974,116.7564,58.5654,40.2318,62.3491,2.844,2.3329,60.147,1,39951.0,2.2,0.0,0.0,14.1145,18.470930306230198,18.65467254487856,17.648925554382256,60.147,0.0
6002,2015-01-01,SZSE:000768,-0.8297,0.0,18.3162,0.0,0.0,50263.6256,0.0,4.3328,151.5782,55.7059,NM,2.7164,60.2778,58.6599,58.6599,0.0,0.0,0,52642.7974,116.7564,58.5654,40.2318,62.3491,2.844,2.3329,0.0,1,39951.0,2.2,0.0,0.0,14.1145,0.0,0.0,0.0,0.0,0.0
6003,2015-01-02,SZSE:000768,-0.8578,0.0,18.3162,0.0,0.0,50263.6256,0.0,4.3328,151.5782,55.7059,NM,2.7164,60.2778,58.6599,58.6599,0.0,0.0,0,52642.7974,116.7564,58.5654,40.2318,62.3491,2.844,2.3329,0.0,1,39951.0,2.2,0.0,0.0,14.1145,0.0,0.0,0.0,0.0,0.0
6004,2015-01-05,SZSE:000768,-0.8578,19.33,18.6933,19.88,18.41,51298.6211,18.76,4.422,154.6994,56.8529,NM,2.7724,59.8176,60.7078,60.7078,0.0,0.0,0,53677.7928,119.052,59.7168,41.0228,63.5749,2.8999,2.3787,84.1994,1,39951.0,2.2,0.0,0.0,14.1145,18.14207490946715,19.225183859286084,17.803603362648737,84.1994,0.0
6005,2015-01-06,SZSE:000768,-0.8578,21.26,20.5598,21.26,19.4,56420.5217,19.6,4.8636,170.1453,62.5294,NM,3.0492,62.3838,68.9144,68.9144,0.0,0.0,0,58799.6934,130.4118,65.4149,44.9372,69.6412,3.1766,2.6057,109.1735,1,39951.0,2.2,0.0,0.0,14.1145,18.954472248353717,20.5598,18.761059266227655,109.1735,0.0
6006,2015-01-07,SZSE:000768,-0.8578,20.7,20.0182,22.16,20.62,54934.3743,22.0,4.7354,165.6636,60.8824,NM,2.9688,62.1862,64.6923,64.6923,0.0,0.0,0,57313.5461,127.1157,63.7616,43.8014,67.881,3.0963,2.5399,122.2963,1,39951.0,2.2,0.0,0.0,14.1145,21.27538164251208,21.43011169082126,19.940834975845412,122.2963,0.0
6007,2015-01-08,SZSE:000768,-0.8578,21.55,20.8402,22.23,20.4,57190.1337,20.68,4.9299,172.4662,63.3824,NM,3.0908,62.0723,67.9063,67.9063,0.0,0.0,0,59569.3055,132.1187,66.2711,45.5254,70.5527,3.2182,2.6398,114.513,1,39951.0,2.2,0.0,0.0,14.1145,19.998855498839905,21.497802598607887,19.728077958236657,114.513,0.0
6008,2015-01-09,SZSE:000768,-0.8731,20.7,20.0182,21.64,20.7,54934.3743,21.48,4.7354,165.6636,60.8824,NM,2.9688,62.2526,61.8437,61.8437,0.0,0.0,0,57313.5461,127.1157,63.7616,43.8014,67.881,3.0963,2.5399,75.3778,1,39951.0,2.2,0.0,0.0,14.1145,20.772508985507248,20.927239033816427,20.0182,75.3778,0.0
6009,2015-01-12,SZSE:000768,-0.8731,19.56,18.9158,20.48,19.4,51909.003,20.48,4.4746,156.5401,57.5294,NM,2.8053,62.991,54.7798,54.7799,0.0,0.0,0,54288.1748,120.4057,60.3958,41.4893,64.2978,2.9329,2.4058,54.1975,1,39951.0,2.2,0.0,0.0,14.1145,19.80550020449898,19.80550020449898,18.761069529652353,54.1975,0.0
6010,2015-01-13,SZSE:000768,-0.8731,20.39,19.7184,21.45,19.51,54111.6856,19.56,4.6645,163.1827,59.9706,NM,2.9244,62.9341,58.4968,58.4968,0.0,0.0,0,56490.8574,125.291,62.8463,43.1727,66.9066,3.0519,2.5034,65.2246,1,39951.0,2.2,0.0,0.0,14.1145,18.91573830308975,20.743486022560077,18.867385188818048,65.2246,0.0
6011,2015-01-14,SZSE:000768,-0.8731,21.07,20.376,21.48,20.25,55916.2931,20.29,4.8201,168.6248,61.9706,NM,3.0219,62.6732,61.3032,61.3032,0.0,0.0,0,58295.4649,129.2935,64.854,44.5518,69.044,3.1494,2.5834,65.8624,1,39951.0,2.2,0.0,0.0,14.1145,19.62169150450878,20.772495491219747,19.583009017560514,65.8624,0.0
6012,2015-01-15,SZSE:000768,-0.8731,21.31,20.6081,21.76,20.51,56553.2134,20.84,4.875,170.5455,62.6765,NM,3.0563,62.172,62.2728,62.2728,0.0,0.0,0,58932.3852,130.7061,65.5625,45.0386,69.7983,3.1838,2.6116,64.1692,1,39951.0,2.2,0.0,0.0,14.1145,20.153580666353825,21.043278085405916,19.83445007038949,64.1692,0.0
6013,2015-01-16,SZSE:000768,-0.8768,21.78,21.0626,21.9,21.03,57800.5156,21.34,4.9825,174.3069,75.1035,NM,3.1237,61.7609,64.1664,64.1664,0.0,0.0,0,60179.6874,133.4725,66.9502,47.8708,74.6486,3.2511,2.6703,68.0653,1,39951.0,2.2,0.0,0.0,14.9045,20.63709292929293,21.178647382920108,20.337303856749312,68.0653,0.0
6014,2015-01-19,SZSE:000768,-0.8768,20.86,20.1729,22.86,20.5,55358.9879,20.9,4.772,166.9441,71.931,NM,2.9918,59.7291,58.0268,58.0268,0.0,0.0,0,57738.1596,128.0574,64.234,45.9287,71.6201,3.1192,2.562,99.6289,1,39951.0,2.2,0.0,0.0,14.9045,20.21158245445829,22.107022722914664,19.82475790987536,99.6289,0.0
6015,2015-01-20,SZSE:000768,-0.8768,22.38,21.6429,22.5,21.0,59392.8163,21.18,5.1198,179.1088,77.1724,NM,3.2098,60.8912,64.133,64.133,0.0,0.0,0,61771.9881,137.0041,68.7216,49.1374,76.6237,3.3372,2.7409,95.8864,1,39951.0,2.2,0.0,0.0,14.9045,20.482422788203756,21.758947721179627,20.30835120643432,95.8864,0.0
6016,2015-01-21,SZSE:000768,-0.8768,23.51,22.7357,23.51,22.2,62391.6493,22.4,5.3783,188.1523,81.069,NM,3.3719,60.3363,67.8746,67.8746,0.0,0.0,0,64770.8211,143.6552,72.0578,51.5229,80.3436,3.4992,2.874,102.9396,1,39951.0,2.2,0.0,0.0,14.9045,21.66225776265419,22.7357,21.468844746916208,102.9396,0.0
6017,2015-01-22,SZSE:000768,-0.8768,25.86,25.0082,25.86,22.92,68628.1604,23.6,5.9159,206.9595,89.1724,NM,3.7089,62.8408,73.9588,73.9588,0.0,0.0,0,71007.3322,157.4871,78.996,56.4838,88.0795,3.8361,3.1507,135.7574,1,39951.0,2.2,0.0,0.0,14.9045,22.82264191802011,25.0082,22.165040371229697,135.7574,0.0
6018,2015-01-23,SZSE:000768,-0.4434,26.1,25.2403,27.67,25.47,69265.0807,25.86,5.9708,208.8802,90.0,NM,3.7433,62.1419,74.4902,74.4902,0.0,0.0,0,71644.2525,158.8998,79.7046,56.9905,88.8696,3.8705,3.179,153.0963,1,39951.0,2.2,0.0,0.0,14.9045,25.008205287356322,26.758586245210733,24.631051379310346,153.0963,0.0
6019,2015-01-26,SZSE:000768,-0.4434,26.29,25.4241,27.18,25.72,69769.3092,26.69,6.0142,210.4008,90.6552,NM,3.7706,61.9269,74.9264,74.9264,0.0,0.0,0,72148.481,160.0181,80.2655,57.3916,89.495,3.8977,3.2014,106.6596,1,39951.0,2.2,0.0,0.0,14.9045,25.810925408900722,26.28478653480411,24.87287379231647,106.6596,0.0
6020,2015-01-27,SZSE:000768,-0.4434,26.58,25.7045,27.27,26.01,70538.9213,26.29,6.0806,212.7217,91.6552,NM,3.8122,61.9221,75.6118,75.6118,0.0,0.0,0,72918.093,161.725,81.1217,58.0038,90.4497,3.9393,3.2355,96.5307,1,39951.0,2.2,0.0,0.0,14.9045,25.424052106847256,26.37177257336343,25.153274830699775,96.5307,0.0
6021,2015-01-28,SZSE:000768,-0.4434,25.0,24.1766,26.88,24.8,66345.8627,26.71,5.7191,200.0768,86.2069,NM,3.5856,62.8487,65.1602,65.1602,0.0,0.0,0,68725.0345,152.4252,76.4569,54.6684,85.2485,3.7128,3.0495,115.3994,1,39951.0,2.2,0.0,0.0,14.9045,25.83027944,25.99468032,23.9831872,115.3994,0.0
6022,2015-01-29,SZSE:000768,-0.4434,24.98,24.1572,25.63,24.53,66292.786,24.65,5.7146,199.9168,86.1379,NM,3.5827,62.8566,65.0376,65.0376,0.0,0.0,0,68671.9578,152.3075,76.3979,54.6261,85.1827,3.7099,3.0471,67.0959,1,39951.0,2.2,0.0,0.0,14.9045,23.838069655724578,24.785790072057647,23.722022257806245,67.0959,0.0
6023,2015-01-30,SZSE:000768,-0.283,24.6,23.7897,25.65,24.28,65284.3289,25.38,5.6276,196.8756,84.8276,NM,3.5282,62.9768,62.6275,62.6275,0.0,0.0,0,67663.5007,150.0708,75.276,53.8239,83.9317,3.6555,3.0024,59.5503,1,39951.0,2.2,0.0,0.0,14.9045,24.544007560975604,24.80511402439024,23.480240487804878,59.5503,0.0
6024,2015-02-02,SZSE:000768,-0.283,25.7,24.8535,25.88,24.08,68203.5469,24.26,5.8793,205.6790,88.6207,NM,3.686,63.2614,66.4978,66.4978,0.0,0.0,0,70582.7187,156.5454,78.5236,56.1461,87.5528,3.8132,3.1319,75.2636,1,39951.0,2.2,0.0,0.0,14.9045,23.460930350194555,25.02757120622568,23.286859143968872,75.2636,0.0
6025,2015-02-03,SZSE:000768,-0.283,25.75,24.9019,26.1,25.32,68336.2386,25.6,5.8907,206.0791,88.7931,NM,3.6931,63.2693,66.6668,66.6668,0.0,0.0,0,70715.4104,156.8397,78.6712,56.2516,87.7174,3.8203,3.1378,65.7697,1,39951.0,2.2,0.0,0.0,14.9045,24.756840388349517,25.240372427184464,24.486062446601945,65.7697,0.0
6026,2015-02-04,SZSE:000768,-0.283,24.99,24.1669,26.66,24.88,66319.3244,25.72,5.7168,199.9968,86.1724,NM,3.5841,63.4511,61.5824,61.5824,0.0,0.0,0,68698.4962,152.3664,76.4274,54.6472,85.2156,3.7114,3.0483,88.6927,1,39951.0,2.2,0.0,0.0,14.9045,24.872855862344935,25.781894917967186,24.060523089235694,88.6927,0.0
6027,2015-02-05,SZSE:000768,-0.283,24.63,23.8188,25.51,23.85,65363.944,25.2,5.6345,197.1157,84.931,NM,3.5325,63.5918,59.2762,59.2762,0.0,0.0,0,67743.1157,150.2474,75.3645,53.8873,84.0305,3.6598,3.0059,86.4894,1,39951.0,2.2,0.0,0.0,14.9045,24.37002679658952,24.669816808769795,23.06448964677223,86.4894,0.0
6028,2015-02-06,SZSE:000768,-0.3356,23.64,22.8614,24.99,23.5,62736.6478,24.7,5.408,189.1927,81.5172,NM,3.3905,64.0598,53.3586,53.3586,0.0,0.0,0,65115.8196,144.4203,72.4416,51.7973,80.7715,3.5178,2.8893,54.1515,1,39951.0,2.2,0.0,0.0,14.9045,23.886488155668356,24.166936802030452,22.726010998307952,54.1515,0.0
6029,2015-02-09,SZSE:000768,-0.3356,23.24,22.4745,24.18,23.1,61675.114,23.5,5.3165,185.9914,80.1379,NM,3.3331,64.131,51.1372,51.1372,0.0,0.0,0,64054.2858,142.066,71.2607,50.9529,79.4548,3.4605,2.8422,41.0861,1,39951.0,2.2,0.0,0.0,14.9045,22.725935886402755,23.38353743545611,22.339111445783136,41.0861,0.0
6030,2015-02-10,SZSE:000768,-0.3356,23.75,22.9677,23.78,23.0,63028.5696,23.24,5.4332,190.0730,81.8966,NM,3.4063,64.131,53.7793,53.7793,0.0,0.0,0,65407.7414,145.0678,72.7664,52.0296,81.1336,3.5336,2.9023,34.4519,1,39951.0,2.2,0.0,0.0,14.9045,22.474498863157894,22.99671183157895,22.242404210526317,34.4519,0.0
6031,2015-02-11,SZSE:000768,-0.3356,24.59,23.7801,24.7,23.5,65257.7906,23.81,5.6253,196.7956,84.7931,NM,3.5268,63.1285,57.8243,57.8243,0.0,0.0,0,67636.9624,150.012,75.2464,53.8028,83.8988,3.654,3.0012,55.3405,1,39951.0,2.2,0.0,0.0,14.9045,23.025790199267995,23.886477023180152,22.726000406669378,55.3405,0.0
6032,2015-02-12,SZSE:000768,-0.3356,24.21,23.4126,24.81,24.02,64249.3335,24.58,5.5384,193.7544,83.4828,NM,3.4723,63.2266,55.4598,55.4598,0.0,0.0,0,66628.5052,147.7753,74.1245,53.0006,82.6479,3.5995,2.9564,39.7308,1,39951.0,2.2,0.0,0.0,14.9045,23.770413382899626,23.992837918215614,23.228857992565057,39.7308,0.0
6033,2015-02-13,SZSE:000768,-0.3052,24.64,23.8284,25.12,24.24,65390.4823,24.25,5.6368,197.1957,84.9655,NM,3.5339,61.6549,57.5739,57.5739,0.0,0.0,0,67769.6541,150.3063,75.394,53.9084,84.0634,3.6612,3.0071,53.4601,1,39951.0,2.2,0.0,0.0,14.9045,23.45124594155844,24.29258961038961,23.441575324675323,53.4601,0.0
6034,2015-02-16,SZSE:000768,-0.3052,24.73,23.9155,25.07,24.46,65629.3274,25.0,5.6574,197.9160,85.2759,NM,3.5468,61.4478,58.0231,58.0231,0.0,0.0,0,68008.4992,150.836,75.6598,54.0984,84.3597,3.6741,3.0177,38.831,1,39951.0,2.2,0.0,0.0,14.9045,24.176607359482414,24.244301860088964,23.654392640517592,38.831,0.0
6035,2015-02-17,SZSE:000768,-0.3052,24.48,23.6737,24.89,24.34,64965.8688,24.76,5.6002,195.9152,84.4138,NM,3.511,61.5569,56.242,56.242,0.0,0.0,0,67345.0406,149.3645,74.9217,53.5706,83.5367,3.6382,2.9882,36.4134,1,39951.0,2.2,0.0,0.0,14.9045,23.944477614379085,24.07019579248366,23.538311192810458,36.4134,0.0
6036,2015-02-18,SZSE:000768,-0.3052,0.0,23.6737,0.0,0.0,64965.8688,0.0,5.6002,195.9152,84.4138,NM,3.511,61.5569,56.242,56.242,0.0,0.0,0,67345.0406,149.3645,74.9217,53.5706,83.5367,3.6382,2.9882,0.0,1,39951.0,2.2,0.0,0.0,14.9045,0.0,0.0,0.0,0.0,0.0
6037,2015-02-19,SZSE:000768,-0.3052,0.0,23.6737,0.0,0.0,64965.8688,0.0,5.6002,195.9152,84.4138,NM,3.511,61.5569,56.242,56.242,0.0,0.0,0,67345.0406,149.3645,74.9217,53.5706,83.5367,3.6382,2.9882,0.0,1,39951.0,2.2,0.0,0.0,14.9045,0.0,0.0,0.0,0.0,0.0
6038,2015-02-20,SZSE:000768,-0.2988,0.0,23.6737,0.0,0.0,64965.8688,0.0,5.6002,195.9152,84.4138,NM,3.511,61.5569,56.242,56.242,0.0,0.0,0,67345.0406,149.3645,74.9217,53.5706,83.5367,3.6382,2.9882,0.0,1,39951.0,2.2,0.0,0.0,14.9045,0.0,0.0,0.0,0.0,0.0
6039,2015-02-23,SZSE:000768,-0.2988,0.0,23.6737,0.0,0.0,64965.8688,0.0,5.6002,195.9152,84.4138,NM,3.511,61.5569,56.242,56.242,0.0,0.0,0,67345.0406,149.3645,74.9217,53.5706,83.5367,3.6382,2.9882,0.0,1,39951.0,2.2,0.0,0.0,14.9045,0.0,0.0,0.0,0.0,0.0
6040,2015-02-24,SZSE:000768,-0.2988,0.0,23.6737,0.0,0.0,64965.8688,0.0,5.6002,195.9152,84.4138,NM,3.511,61.5569,56.242,56.242,0.0,0.0,0,67345.0406,149.3645,74.9217,53.5706,83.5367,3.6382,2.9882,0.0,1,39951.0,2.2,0.0,0.0,14.9045,0.0,0.0,0.0,0.0,0.0
6041,2015-02-25,SZSE:000768,-0.2988,26.02,25.163,26.48,24.51,69052.7739,24.72,5.9525,208.2400,89.7241,NM,3.7318,64.6717,63.6449,63.6449,0.0,0.0,0,71431.9457,158.4289,79.4684,56.8216,88.6062,3.859,3.1696,95.6625,1,39951.0,2.2,0.0,0.0,14.9045,23.905817063797077,25.60784934665642,23.702733666410456,95.6625,0.0
6042,2015-02-26,SZSE:000768,-0.2988,26.12,25.2597,26.2,25.4,69318.1574,25.74,5.9753,209.0403,90.069,NM,3.7462,64.6227,64.07,64.07,0.0,0.0,0,71697.3292,159.0175,79.7636,57.0327,88.9354,3.8734,3.1813,63.779,1,39951.0,2.2,0.0,0.0,14.9045,24.892215849923424,25.337065084226644,24.563414241960178,63.779,0.0
6043,2015-02-27,SZSE:000768,-0.2289,27.03,26.1397,28.5,26.0,71733.1468,26.12,6.1835,216.3231,93.2069,NM,3.8767,64.735,67.7638,67.7637,0.0,0.0,0,74112.3186,164.3737,82.4503,58.9537,91.931,4.0038,3.2885,95.6121,1,39951.0,2.2,0.0,0.0,14.9045,25.259673103958566,27.56128190899001,25.14362560118387,95.6121,0.0
6044,2015-03-02,SZSE:000768,-0.2289,27.44,26.5362,27.57,26.5,72821.2189,27.1,6.2773,219.6043,94.6207,NM,3.9355,65.3469,69.2953,69.2953,0.0,0.0,0,75200.3907,166.7869,83.6608,59.8193,93.2807,4.0626,3.3368,64.9869,1,39951.0,2.2,0.0,0.0,14.9045,26.20739868804665,26.661918148688045,25.6271610787172,64.9869,0.0
6045,2015-03-03,SZSE:000768,-0.2289,27.28,26.3815,28.34,27.01,72396.6054,27.17,6.2407,218.3238,94.069,NM,3.9126,65.1081,67.9388,67.9388,0.0,0.0,0,74775.7772,165.8452,83.1884,59.4815,92.754,4.0397,3.3179,83.1862,1,39951.0,2.2,0.0,0.0,14.9045,26.27512298387097,27.40658760997067,26.120392778592375,83.1862,0.0
6046,2015-03-04,SZSE:000768,-0.2289,26.85,25.9656,28.2,26.6,71255.4566,27.51,6.1423,214.8825,92.5862,NM,3.8509,65.2805,64.2959,64.2959,0.0,0.0,0,73634.6284,163.3142,81.9189,58.5738,91.3385,3.978,3.2673,78.563,1,39951.0,2.2,0.0,0.0,14.9045,26.603860558659218,27.271132960893855,25.723834636871505,78.563,0.0
6047,2015-03-05,SZSE:000768,-0.2289,26.11,25.25,26.84,25.89,69291.619,26.82,5.9731,208.9602,90.0345,NM,3.7448,63.0368,58.484,58.484,0.0,0.0,0,71670.7908,158.9586,79.7341,57.0116,88.9025,3.8719,3.1802,57.8404,1,39951.0,2.2,0.0,0.0,14.9045,25.93661432401379,25.955955572577558,25.037246265798547,57.8404,0.0
6048,2015-03-06,SZSE:000768,-0.1544,26.0,25.1436,26.64,25.63,68999.6972,26.28,5.9479,208.0799,89.6552,NM,3.729,62.5166,57.6498,57.6498,0.0,0.0,0,71378.869,158.3112,79.4093,56.7794,88.5404,3.8562,3.1672,39.0811,1,39951.0,2.2,0.0,0.0,14.9045,25.414377230769233,25.762519384615388,24.78578723076923,39.0811,0.0
6049,2015-03-09,SZSE:000768,-0.1544,26.6,25.7239,26.7,25.7,70591.9979,25.9,6.0852,212.8818,91.7241,NM,3.815,59.7038,60.9239,60.9239,0.0,0.0,0,72971.1697,161.8427,81.1808,58.046,90.5155,3.9422,3.2379,41.7315,1,39951.0,2.2,0.0,0.0,14.9045,25.046955263157894,25.820606390977442,24.853542481203007,41.7315,0.0
6050,2015-03-10,SZSE:000768,-0.1544,26.34,25.4724,26.77,26.18,69902.001,26.67,6.0257,210.8010,90.8276,NM,3.7777,59.7354,58.8024,58.8024,0.0,0.0,0,72281.1728,160.3124,80.4131,57.4971,89.6596,3.9049,3.2073,34.811,1,39951.0,2.2,0.0,0.0,14.9045,25.791530296127565,25.88823644646925,25.317670159453304,34.811,0.0
6051,2015-03-11,SZSE:000768,-0.1544,25.96,25.105,26.59,25.66,68893.5439,26.37,5.9387,207.7598,89.5172,NM,3.7232,59.835,55.747,55.747,0.0,0.0,0,71272.7156,158.0757,79.2912,56.6949,88.4087,3.8504,3.1625,46.4306,1,39951.0,2.2,0.0,0.0,14.9045,25.50149653312789,25.714250770416026,24.81488058551618,46.4306,0.0
6052,2015-03-12,SZSE:000768,-0.1544,26.07,25.2113,26.25,25.71,69185.4657,25.98,5.9639,208.6401,89.8966,NM,3.739,59.4698,56.4524,56.4524,0.0,0.0,0,71564.6374,158.7232,79.616,56.9272,88.7708,3.8662,3.1755,31.4701,1,39951.0,2.2,0.0,0.0,14.9045,25.12426444188723,25.385371116225546,24.86315776754891,31.4701,0.0
6053,2015-03-13,SZSE:000768,-0.2347,25.98,25.1243,26.29,25.81,68946.6205,26.18,5.9433,207.9198,89.5862,NM,3.7261,58.9749,55.6705,55.6705,0.0,0.0,0,71325.7923,158.1934,79.3503,56.7372,88.4745,3.8533,3.1649,31.9497,1,39951.0,2.2,0.0,0.0,14.9045,25.317712625096227,25.424089568899152,24.959899268668206,31.9497,0.0
6054,2015-03-16,SZSE:000768,-0.2347,26.75,25.8689,26.8,26.0,70990.0731,26.19,6.1195,214.0822,92.2414,NM,3.8365,59.3591,60.6874,60.6873,0.0,0.0,0,73369.2449,162.7256,81.6236,58.3627,91.0093,3.9637,3.2555,62.2182,1,39951.0,2.2,0.0,0.0,14.9045,25.327345457943927,25.91725308411215,25.143603738317758,62.2182,0.0
6055,2015-03-17,SZSE:000768,-0.2347,27.18,26.2848,27.69,26.52,72131.222,26.8,6.2178,217.5235,93.7241,NM,3.8982,58.5543,63.1925,63.1925,0.0,0.0,0,74510.3937,165.2566,82.8932,59.2704,92.4248,4.0253,3.3062,88.093,1,39951.0,2.2,0.0,0.0,14.9045,25.917315673289185,26.778002649006623,25.64653774834437,88.093,0.0
6056,2015-03-18,SZSE:000768,-0.2347,27.31,26.4105,27.58,26.73,72476.2204,27.28,6.2476,218.5639,94.1724,NM,3.9169,56.4593,63.9407,63.9407,0.0,0.0,0,74855.3922,166.0217,83.277,59.5448,92.8528,4.044,3.3215,74.367,1,39951.0,2.2,0.0,0.0,14.9045,26.38148809959722,26.671607103625046,25.849603258879533,74.367,0.0
6057,2015-03-19,SZSE:000768,-0.2347,27.01,26.1204,27.47,26.72,71680.0701,27.34,6.1789,216.1630,93.1379,NM,3.8738,56.1873,60.8661,60.8661,0.0,0.0,0,74059.2419,164.256,82.3912,58.9115,91.8652,4.001,3.2861,62.1728,1,39951.0,2.2,0.0,0.0,14.9045,26.439531136616065,26.56524946316179,25.839951425398,62.1728,0.0
6058,2015-03-20,SZSE:000768,-0.2017,26.9,26.014,27.18,26.61,71388.1483,27.0,6.1538,215.2827,92.7586,NM,3.8581,55.7351,59.7319,59.7319,0.0,0.0,0,73767.3201,163.6085,82.0665,58.6793,91.5031,3.9852,3.2732,57.8533,1,39951.0,2.2,0.0,0.0,14.9045,26.110706319702604,26.28477769516729,25.733551672862454,57.8533,0.0
6059,2015-03-23,SZSE:000768,-0.2017,26.94,26.0527,27.06,26.71,71494.3017,26.89,6.1629,215.6028,92.8966,NM,3.8638,52.4353,60.0237,60.0237,0.0,0.0,0,73873.4735,163.8439,82.1846,58.7638,91.6348,3.9909,3.2779,59.6323,1,39951.0,2.2,0.0,0.0,14.9045,26.00434680772086,26.168747661469933,25.830275315515962,59.6323,0.0
6060,2015-03-24,SZSE:000768,-0.2017,26.48,25.6078,27.4,26.1,70273.5378,26.95,6.0577,211.9214,91.3103,NM,3.7978,52.2677,55.0819,55.0819,0.0,0.0,0,72652.7096,161.1364,80.8265,57.7927,90.1205,3.925,3.2237,85.6833,1,39951.0,2.2,0.0,0.0,14.9045,26.062319108761333,26.497496978851963,25.2403164652568,85.6833,0.0
6061,2015-03-25,SZSE:000768,-0.2017,25.86,25.0082,26.2,25.6,68628.1604,26.2,5.9159,206.9595,89.1724,NM,3.7089,52.6614,49.2021,49.2021,0.0,0.0,0,71007.3322,157.4871,78.996,56.4838,88.0795,3.8361,3.1507,77.8216,1,39951.0,2.2,0.0,0.0,14.9045,25.3370007733952,25.3370007733952,24.75676411446249,77.8216,0.0
6062,2015-03-26,SZSE:000768,-0.2017,26.88,25.9947,27.15,25.88,71335.0716,25.88,6.1492,215.1226,92.6897,NM,3.8552,52.8511,57.2812,57.2812,0.0,0.0,0,73714.2434,163.4908,82.0074,58.6371,91.4372,3.9823,3.2708,93.0369,1,39951.0,2.2,0.0,0.0,14.9045,25.027635267857146,26.255807477678573,25.027635267857146,93.0369,0.0
6063,2015-03-27,SZSE:000768,-0.0437,26.36,25.4918,27.2,26.18,69955.0777,27.1,6.0303,210.9610,90.8966,NM,3.7806,52.6709,52.6812,52.6812,0.0,0.0,0,72334.2494,160.4301,80.4722,57.5394,89.7255,3.9078,3.2096,42.1382,1,39951.0,2.2,0.0,0.0,14.9045,26.207427162367228,26.304133535660092,25.317728528072838,42.1382,0.0
6064,2015-03-30,SZSE:000768,-0.0437,26.59,25.7142,26.69,26.04,70565.4596,26.36,5.9195,200.5279,117.3071,NM,3.3291,51.3475,54.4246,54.4246,0.0,0.0,0,71850.7638,143.0604,71.0834,55.1689,84.6561,3.3895,3.0383,51.1227,1,39951.0,2.2,5.3555,0.0,14.9045,25.491775554719823,25.8109062805566,25.1823154569387,51.1227,0.0
6065,2015-03-31,SZSE:000768,-0.0437,27.16,26.2654,27.76,26.51,72078.1453,26.6,6.0464,204.8266,119.8218,NM,3.4005,51.4455,58.5048,58.5048,0.0,0.0,0,73363.4495,146.0723,72.5799,56.3304,86.4384,3.4609,3.1022,118.608,1,39951.0,2.2,5.4703,0.0,14.9045,25.723845360824743,26.845637113402066,25.636809793814436,118.608,0.0
6066,2015-04-01,SZSE:000768,-0.0437,27.28,26.3815,27.62,26.93,72396.6054,27.02,6.0731,205.7315,120.3512,NM,3.4155,50.9933,59.3303,59.3303,0.0,0.0,0,73681.9096,146.7064,72.895,56.5749,86.8136,3.4759,3.0661,84.4604,1,39951.0,2.2,5.4945,0.0,14.9045,26.130063416422285,26.710301686217008,26.043027675953077,84.4604,0.0
6067,2015-04-02,SZSE:000768,-0.0437,27.1,26.2074,27.76,26.84,71918.9152,27.3,6.0331,204.3741,119.5571,NM,3.3929,50.6217,57.483,57.483,0.0,0.0,0,73204.2194,145.7553,72.4224,56.2081,86.2508,3.4533,3.0462,75.5119,1,39951.0,2.2,5.4582,0.0,14.9045,26.400812546125458,26.845661402214024,25.9559636900369,75.5119,0.0
6068,2015-04-03,SZSE:000768,0.1167,28.97,28.0158,29.37,26.7,76881.5857,27.08,6.4494,218.4766,127.8069,NM,3.6271,51.6953,68.4673,68.4673,0.0,0.0,0,78166.8899,155.6363,77.332,60.0186,92.0979,3.6875,3.2527,144.0887,1,39951.0,2.2,5.8348,0.0,14.9045,26.18805191577494,28.402624991370384,25.820568173973072,144.0887,0.0
6069,2015-04-06,SZSE:000768,0.1167,0.0,28.0158,0.0,0.0,76881.5857,0.0,6.4494,218.4766,127.8069,NM,3.6271,51.6953,68.4673,68.4673,0.0,0.0,0,78166.8899,155.6363,77.332,60.0186,92.0979,3.6875,3.2527,0.0,1,39951.0,2.2,5.8348,0.0,14.9045,0.0,0.0,0.0,0.0,0.0
6070,2015-04-07,SZSE:000768,0.1167,28.7,27.7547,29.2,28.47,76165.0504,29.14,6.3893,216.4404,126.6158,NM,3.5933,48.7291,65.8231,65.8231,0.0,0.0,0,77450.3546,154.2096,76.6232,59.4684,91.2536,3.6537,3.2229,85.8046,1,39951.0,2.2,5.7805,0.0,14.9045,28.180207595818818,28.23823135888502,27.53227557491289,85.8046,0.0
6071,2015-04-08,SZSE:000768,0.1167,27.59,26.6813,28.75,27.13,73219.2941,28.7,6.1422,208.0694,121.7188,NM,3.4543,49.0548,56.2118,56.2118,0.0,0.0,0,74504.5983,148.3444,73.7089,57.2066,87.7829,3.5147,3.1003,93.4793,1,39951.0,2.2,5.5569,0.0,14.9045,27.754741210583546,27.80309441826749,26.236450489307718,93.4793,0.0
6072,2015-04-09,SZSE:000768,0.1167,26.52,25.6465,27.55,25.82,70379.6912,27.3,5.9039,200.0000,116.9983,NM,3.3203,49.028,48.8126,48.8126,0.0,0.0,0,71664.9954,142.6905,70.8996,55.0263,84.4372,3.3807,2.9822,65.1242,1,39951.0,2.2,5.3414,0.0,14.9045,26.400808823529413,26.642574472096534,24.969556184012067,65.1242,0.0
6073,2015-04-10,SZSE:000768,-0.0813,27.06,26.1687,27.49,26.3,71812.7618,26.48,6.0242,204.0724,119.3806,NM,3.3879,48.7133,52.2301,52.2301,0.0,0.0,0,73098.066,145.5439,72.3173,56.1266,86.1257,3.4483,3.0418,57.0703,1,39951.0,2.2,5.4502,0.0,14.9045,25.607803991130822,26.5845366962306,25.43373281596453,57.0703,0.0
6074,2015-04-13,SZSE:000768,-0.0813,27.04,26.1494,27.35,26.6,71759.6851,27.06,6.0197,203.9216,119.2924,NM,3.3854,46.8112,52.0914,52.0914,0.0,0.0,0,73044.9893,145.4382,72.2648,56.0859,86.0631,3.4458,3.0396,52.8248,1,39951.0,2.2,5.4461,0.0,14.9045,26.16874127218935,26.449189718934914,25.723892011834323,52.8248,0.0
6075,2015-04-14,SZSE:000768,-0.0813,26.55,25.6755,26.99,26.3,70459.3062,26.78,5.9106,200.2262,117.1306,NM,3.3241,46.6752,48.6802,48.6802,0.0,0.0,0,71744.6104,142.8491,70.9783,55.0874,84.531,3.3845,2.9855,65.8108,1,39951.0,2.2,5.3474,0.0,14.9045,25.89792429378531,26.101007344632766,25.433734463276835,65.8108,0.0
6076,2015-04-15,SZSE:000768,-0.0813,26.03,25.1726,27.0,26.0,69079.3123,26.63,5.7949,196.3047,114.8366,NM,3.259,46.9061,45.2906,45.2906,0.0,0.0,0,70364.6165,140.1014,69.6131,54.0278,82.9051,3.3194,2.9281,51.3341,1,39951.0,2.2,5.2427,0.0,14.9045,25.752836650019205,26.110649250864384,25.143588167499036,51.3341,0.0
6077,2015-04-16,SZSE:000768,-0.0813,26.59,25.7142,26.8,25.54,70565.4596,25.85,5.9195,200.5279,108.5306,NM,3.3291,46.8966,49.3785,49.3785,0.0,0.0,0,71850.7638,143.0604,71.0834,54.4068,80.4161,3.3895,2.9899,48.051,1,39951.0,2.2,5.3555,0.0,14.9045,24.998573523881163,25.917283189168863,24.6987840541557,48.051,0.0
6078,2015-04-17,SZSE:000768,-0.082,27.88,26.9617,28.64,26.63,73988.9061,26.63,6.2067,210.2564,113.7959,NM,3.4906,47.363,57.2945,57.2945,0.0,0.0,0,75274.2103,149.8768,74.4703,56.9991,84.2477,3.551,3.1324,128.0728,1,39951.0,2.2,5.6153,0.0,14.9045,25.75287198708752,27.69666743185079,25.75287198708752,128.0728,0.0
6079,2015-04-20,SZSE:000768,-0.082,29.12,28.1609,29.84,27.04,77279.6609,27.54,6.4828,219.6078,126.6087,NM,3.6459,45.3866,63.2444,63.2444,0.0,0.0,0,78564.9651,156.4289,77.7259,57.3049,90.5483,3.7062,3.3268,184.2882,1,39951.0,2.2,6.0165,0.0,15.6334,26.63293907967033,28.85718598901099,26.149407142857143,184.2882,0.0
6080,2015-04-21,SZSE:000768,-0.082,30.28,29.2827,32.03,29.4,80358.1089,29.4,6.741,228.3560,131.8413,NM,3.7911,44.9929,67.7684,67.7684,0.0,0.0,0,81643.4131,162.5583,80.7714,59.5345,94.0857,3.8515,3.4571,196.2187,1,39951.0,2.2,6.2553,0.0,15.6342,28.431683619550853,30.97506212021136,28.431683619550853,196.2187,0.0
6081,2015-04-22,SZSE:000768,-0.082,30.38,29.3794,31.07,29.4,80623.4924,30.1,6.7633,229.1101,132.2767,NM,3.8036,40.689,68.1326,68.1326,0.0,0.0,0,81908.7966,163.0867,81.034,59.728,94.3915,3.864,3.4683,139.1564,1,39951.0,2.2,6.276,0.0,15.6342,29.10862211981567,30.04667406188282,28.43167741935484,139.1564,0.0
6082,2015-04-23,SZSE:000768,-0.082,29.71,28.7314,30.9,29.47,78845.4233,30.84,6.6141,224.0573,148.9223,NM,3.7197,40.9942,62.9971,62.9971,0.0,0.0,0,80130.7275,159.5465,79.2749,60.819,97.1172,3.7801,3.4042,96.9704,1,39951.0,2.2,5.9527,0.0,17.0367,29.82417960282733,29.88220329855267,28.499305217098616,96.9704,0.0
6083,2015-04-24,SZSE:000768,-0.054,31.0,29.979,32.08,29.9,82268.8698,29.92,6.9013,233.7858,155.3885,NM,3.8812,41.4764,67.9985,67.9985,0.0,0.0,0,83554.174,166.3628,82.6618,63.4174,101.2663,3.9416,3.5496,134.248,1,39951.0,2.2,6.2112,0.0,17.0367,28.934570322580647,31.02342967741935,28.91522903225806,134.248,0.0
6084,2015-04-27,SZSE:000768,-0.054,32.01,30.9557,33.58,31.26,84949.2426,31.3,7.2362,278.1833,152.4286,NM,4.0291,42.2354,71.2725,71.2725,0.0,0.0,0,87772.907,179.6177,87.2316,62.8938,95.7199,4.1623,3.428,123.2433,1,39951.0,2.2,0.0,0.0,17.0367,30.2690849734458,32.4739895657607,30.230402436738522,123.2433,0.0
6085,2015-04-28,SZSE:000768,-0.054,32.24,31.1781,33.16,31.11,85559.6246,31.35,7.2882,280.1822,153.5238,NM,4.0581,39.9823,71.9756,71.9756,0.0,0.0,0,88383.289,180.8668,87.8382,63.3311,96.3855,4.1913,3.4518,110.0177,1,39951.0,2.2,0.0,0.0,17.0367,30.317414236972702,32.06779764267989,30.085319199751858,110.0177,0.0
6086,2015-04-29,SZSE:000768,-0.054,33.72,32.6094,34.22,30.5,89487.2996,31.8,7.6227,293.0441,160.5714,NM,4.2444,40.8377,76.0395,76.0395,0.0,0.0,0,92310.9641,188.9044,91.7417,66.1455,100.6688,4.3775,3.6052,105.8245,1,39951.0,2.2,0.0,0.0,17.0367,30.75263701067616,33.09293202846975,29.495453736654806,105.8245,0.0
6087,2015-04-30,SZSE:000768,-0.054,34.6,33.4604,36.58,33.5,91822.674,33.93,7.8217,NM,164.7619,NM,4.3551,40.825,78.0754,78.0754,0.0,0.0,0,94646.3384,193.6835,94.0626,67.8189,103.2156,4.4883,3.6964,105.9067,1,39951.0,2.2,0.0,0.0,17.0367,32.81246739884393,35.37518589595375,32.39663005780346,105.9067,0.0
6088,2015-05-01,SZSE:000768,-0.0978,0.0,33.4604,0.0,0.0,91822.674,0.0,7.8217,NM,164.7619,NM,4.3551,40.825,78.0754,78.0754,0.0,0.0,0,94646.3384,193.6835,94.0626,67.8189,103.2156,4.4883,3.6964,0.0,1,39951.0,2.2,0.0,0.0,17.0367,0.0,0.0,0.0,0.0,0.0
6089,2015-05-04,SZSE:000768,-0.0978,35.74,34.5628,36.15,33.84,94848.0454,34.59,8.0794,NM,170.1905,NM,4.4986,40.4266,80.3989,80.3989,0.0,0.0,0,97671.7098,199.8746,97.0694,69.9868,106.5149,4.6317,3.8146,82.0128,1,39951.0,2.2,0.0,0.0,17.0367,33.45067856743145,34.95929546726357,32.7253819809737,82.0128,0.0
6090,2015-05-05,SZSE:000768,-0.0978,33.42,32.3192,36.36,33.33,88691.1493,36.02,7.5549,290.4370,159.1429,NM,4.2066,43.1018,65.245,65.245,0.0,0.0,0,91514.8137,187.2752,90.9504,65.575,99.8006,4.3398,3.5741,86.1827,1,39951.0,2.2,0.0,0.0,17.0367,34.833560263315384,35.16236122082585,32.232164452423696,86.1827,0.0
6091,2015-05-06,SZSE:000768,-0.0978,32.15,31.0911,34.4,31.85,85320.7795,33.96,7.2678,279.4000,153.0952,NM,4.0468,42.9927,58.7203,58.7203,0.0,0.0,0,88144.4439,180.3781,87.6008,63.16,96.1251,4.1799,3.4425,67.6842,1,39951.0,2.2,0.0,0.0,17.0367,32.841485412130645,33.266993468118194,30.800980870917577,67.6842,0.0
6092,2015-05-07,SZSE:000768,-0.0978,31.42,30.3851,32.0,30.46,83383.4803,31.88,7.1028,273.0559,149.6191,NM,3.9549,43.0228,55.2972,55.2972,0.0,0.0,0,86207.1447,176.4136,85.6755,61.7718,94.0124,4.0881,3.3668,49.0761,1,39951.0,2.2,0.0,0.0,17.0367,30.82994869509866,30.945996180776575,29.456720114576704,49.0761,0.0
6093,2015-05-08,SZSE:000768,-0.0362,32.13,31.0717,32.25,30.91,85267.7028,31.58,7.2633,279.2262,153.0,NM,4.0442,42.7951,57.8697,57.8697,0.0,0.0,0,88091.3672,180.2694,87.5481,63.1219,96.0672,4.1774,3.4404,52.8701,1,39951.0,2.2,0.0,0.0,17.0367,30.53981593526299,31.187747432306256,29.89188443821973,52.8701,0.0
6094,2015-05-11,SZSE:000768,-0.0362,32.9,31.8164,33.3,31.75,87311.1554,32.55,7.4374,285.9179,156.6667,NM,4.1412,42.8836,60.5229,60.5229,0.0,0.0,0,90134.8198,184.4511,89.5789,64.5862,98.2956,4.2743,3.5202,79.5916,1,39951.0,2.2,0.0,0.0,17.0367,31.47792765957447,32.20322553191489,30.704276595744684,79.5916,0.0
6095,2015-05-12,SZSE:000768,-0.0362,34.87,33.7215,35.48,32.56,92539.2093,33.04,7.8827,NM,166.0476,NM,4.3891,44.0727,66.36,66.36,0.0,0.0,0,95362.8737,195.1498,94.7748,68.3324,103.997,4.5222,3.7244,102.1064,1,39951.0,2.2,0.0,0.0,17.2611,31.951774017780327,34.31140866073989,31.487583596214513,102.1064,0.0
6096,2015-05-13,SZSE:000768,-0.0362,33.65,32.5417,35.5,33.59,89301.5312,34.5,7.6069,292.4358,160.2381,NM,4.2356,44.8901,60.4035,60.4035,0.0,0.0,0,92125.1956,188.5242,91.5571,66.0124,100.4662,4.3687,3.598,86.6313,1,39951.0,2.2,0.0,0.0,17.2611,33.3637043090639,34.330768202080236,32.48367616641902,86.6313,0.0
6097,2015-05-14,SZSE:000768,-0.0362,32.74,31.6616,34.16,32.59,86886.5418,33.63,7.4012,284.5274,155.9048,NM,4.121,45.0213,56.3411,56.3411,0.0,0.0,0,89710.2062,183.5822,89.157,64.2819,97.8326,4.2542,3.5037,60.6984,1,39951.0,2.2,0.0,0.0,17.2611,32.522284911423334,33.03482761148442,31.51654074526573,60.6984,0.0
6098,2015-05-15,SZSE:000768,-0.0744,33.27,32.1742,33.98,32.32,88293.0741,32.72,7.521,289.1334,158.4286,NM,4.1877,44.683,58.1082,58.1082,0.0,0.0,0,91116.7385,186.4605,90.5548,65.2898,99.3665,4.3209,3.5586,63.5206,1,39951.0,2.2,0.0,0.0,17.2611,31.642315118725573,32.86081502855424,31.255489750525996,63.5206,0.0
6099,2015-05-18,SZSE:000768,-0.0744,32.92,31.8357,34.2,32.71,87364.232,33.3,7.4419,286.0917,156.7619,NM,4.1437,45.0862,56.4824,56.4824,0.0,0.0,0,90187.8965,184.5598,89.6317,64.6242,98.3535,4.2768,3.5223,66.6263,1,39951.0,2.2,0.0,0.0,17.2611,32.20318377885783,33.073540097205345,31.632616859052245,66.6263,0.0
6100,2015-05-19,SZSE:000768,-0.0744,33.27,32.1742,33.75,32.01,88293.0741,33.0,7.521,289.1334,158.4286,NM,4.1877,44.7035,57.7553,57.7553,0.0,0.0,0,91116.7385,186.4605,90.5548,65.2898,99.3665,4.3209,3.5586,57.4537,1,39951.0,2.2,0.0,0.0,17.2611,31.91309287646528,32.63839044183949,30.95570009017132,57.4537,0.0
6101,2015-05-20,SZSE:000768,-0.0744,34.06,32.9382,34.98,33.52,90389.6034,33.8,7.6996,295.9989,162.1905,NM,4.2872,44.4727,60.5596,60.5596,0.0,0.0,0,93213.2678,190.7509,92.6384,61.1306,104.2082,4.4203,3.6145,80.3045,1,39951.0,2.2,0.0,0.0,17.2611,32.68676335877863,33.82789888432178,32.415985437463306,80.3045,0.0
6102,2015-05-21,SZSE:000768,-0.0744,35.3,34.1373,35.37,34.13,93680.3582,34.3,7.9799,NM,168.0952,NM,4.4433,44.5233,64.5387,64.5387,0.0,0.0,0,96504.0226,197.485,95.9089,63.2888,107.8871,4.5763,3.7421,70.2164,1,39951.0,2.2,0.0,0.0,17.2611,33.17023767705383,34.204994362606236,33.005837082152986,70.2164,0.0
6103,2015-05-22,SZSE:000768,-0.0578,35.91,34.7272,36.6,34.82,95299.1972,35.7,8.1178,NM,171.0,NM,4.52,44.2071,66.3378,66.3378,0.0,0.0,0,98122.8616,200.7978,97.5177,64.3504,109.6969,4.6531,3.8049,76.5114,1,39951.0,2.2,0.0,0.0,17.2611,34.52411695906434,35.394472848788645,33.67310231133389,76.5114,0.0
6104,2015-05-25,SZSE:000768,-0.0578,39.5,38.199,39.5,35.3,104826.4631,35.77,8.9294,NM,188.0952,NM,4.9719,46.4618,74.5286,74.5286,0.0,0.0,0,107650.1275,220.2943,106.9862,70.5985,120.3479,5.1049,4.1743,122.4235,1,39951.0,2.2,0.0,0.0,17.2611,34.59185392405064,38.199,34.13733417721518,122.4235,0.0
6105,2015-05-26,SZSE:000768,-0.0578,43.45,42.0189,43.45,40.0,115309.1094,41.4,9.8223,NM,206.9048,NM,5.4691,49.7869,80.2289,80.2289,0.0,0.0,0,118132.7738,241.7459,117.4042,77.4732,132.0671,5.602,4.5808,140.8854,1,39951.0,2.2,0.0,0.0,17.2611,40.03642025316456,42.0189,38.68253164556962,140.8854,0.0
6106,2015-05-27,SZSE:000768,-0.0578,43.6,42.1639,46.82,42.0,115707.1846,44.65,9.8562,NM,207.6191,NM,5.488,49.5086,80.4082,80.4082,0.0,0.0,0,118530.849,242.5605,117.7999,77.7343,132.5121,5.6209,4.5962,140.0392,1,39951.0,2.2,0.0,0.0,17.2611,43.179315022935775,45.277839403669724,40.61660091743119,140.0392,0.0
6107,2015-05-28,SZSE:000768,-0.0578,39.39,38.0926,44.8,39.26,104534.5413,43.5,8.9045,NM,187.5714,NM,4.9581,53.7903,63.1087,63.1087,0.0,0.0,0,107358.2057,219.6969,106.6961,70.4071,120.0216,5.0911,4.163,110.5574,1,39951.0,2.2,0.0,0.0,17.2611,42.06722772277228,43.32440924092408,37.96688184818481,110.5574,0.0
6108,2015-05-29,SZSE:000768,-0.1828,40.08,38.7599,41.77,35.98,106365.6871,39.33,9.0605,NM,190.8571,NM,5.0449,53.4014,64.4584,64.4584,0.0,0.0,0,109189.3515,223.4442,108.516,71.608,122.0687,5.1779,4.234,94.4808,1,39951.0,2.2,0.0,0.0,17.2611,38.03460247005988,40.394237100798414,34.79494016966068,94.4808,0.0
6109,2015-06-01,SZSE:000768,-0.1828,44.09,42.6378,44.09,40.3,117007.5635,41.22,9.967,NM,209.9524,NM,5.5497,55.8268,71.0801,71.0801,0.0,0.0,0,119831.2279,245.2216,119.0922,78.5871,133.9659,5.6826,4.6466,79.5782,1,39951.0,2.2,0.0,0.0,17.2611,39.86232968927194,42.6378,38.9726318893173,79.5782,0.0
6110,2015-06-02,SZSE:000768,-0.1828,48.5,46.9025,48.5,44.81,128710.9737,45.5,10.9639,NM,230.9524,NM,6.1047,58.4421,76.3079,76.3079,0.0,0.0,0,131534.6381,269.1714,130.7234,86.2623,147.0497,6.2375,5.1004,104.4882,1,39951.0,2.2,0.0,0.0,17.2611,44.001314432989695,46.9025,43.33404175257733,104.4882,0.0
6111,2015-06-03,SZSE:000768,-0.1828,46.28,44.7557,48.49,45.49,122819.4611,48.49,10.4621,NM,220.381,NM,5.8253,59.4065,69.4973,69.4973,0.0,0.0,0,125643.1255,257.115,124.8683,82.3986,140.4633,5.9582,4.872,72.7269,1,39951.0,2.2,0.0,0.0,17.2611,46.892910393258425,46.892910393258425,43.99171981417459,72.7269,0.0
6112,2015-06-04,SZSE:000768,-0.1828,45.28,43.7886,46.0,41.7,120165.6266,45.6,10.236,NM,215.6191,NM,5.6994,59.5156,66.6132,66.6132,0.0,0.0,0,122989.291,251.6843,122.2308,80.6582,137.4964,5.8323,4.7691,64.8757,1,39951.0,2.2,0.0,0.0,17.2611,44.09806007067138,44.484885159010595,40.32651545936396,64.8757,0.0
6113,2015-06-05,SZSE:000768,-0.2467,45.98,44.4656,48.44,45.3,122023.3107,45.86,10.3942,NM,218.9524,NM,5.7876,59.0856,67.626,67.626,0.0,0.0,0,124846.9751,255.4858,124.077,81.8765,139.5732,5.9204,4.8411,66.5514,1,39951.0,2.2,0.0,0.0,17.2611,44.34955232709874,46.84457729447586,43.80799652022618,66.5514,0.0
6114,2015-06-08,SZSE:000768,-0.2467,43.27,41.8448,45.46,42.76,114831.4192,44.49,9.7816,NM,206.0476,NM,5.4464,60.6177,60.0333,60.0333,0.0,0.0,0,117655.0836,240.7684,116.9295,77.1599,131.533,5.5794,4.5622,61.4153,1,39951.0,2.2,0.0,0.0,17.2611,43.024616408597176,43.96266715969493,41.35159805870118,61.4153,0.0
6115,2015-06-09,SZSE:000768,-0.2467,43.15,41.7288,44.97,42.51,114512.9591,43.28,9.7545,NM,205.4762,NM,5.4313,60.5798,59.7136,59.7136,0.0,0.0,0,117336.6235,240.1167,116.613,76.9511,131.177,5.5643,4.5499,46.5335,1,39951.0,2.2,0.0,0.0,17.2611,41.854518285052144,43.48885599073001,41.109879212050984,46.5335,0.0
6116,2015-06-10,SZSE:000768,-0.2467,43.25,41.8255,44.28,42.2,114778.3425,42.97,9.7771,NM,205.9524,NM,5.4439,60.4896,59.9052,59.9052,0.0,0.0,0,117602.0069,240.6598,116.8767,77.1251,131.4737,5.5768,4.5602,47.676,1,39951.0,2.2,0.0,0.0,17.2611,41.55472219653179,42.821575491329476,40.810083236994224,47.676,0.0
6117,2015-06-11,SZSE:000768,-0.2467,44.51,43.044,45.2,42.5,118122.174,43.21,10.0619,NM,211.9524,NM,5.6025,60.4612,62.3361,62.3361,0.0,0.0,0,120945.8384,247.5026,120.2,79.3181,135.2119,5.7354,4.6898,55.2154,1,39951.0,2.2,0.0,0.0,17.2611,41.78681734441699,43.71127387104021,41.10020220175242,55.2154,0.0
6118,2015-06-12,SZSE:000768,-0.2372,44.57,43.102,45.5,44.0,118281.4041,44.99,10.0755,NM,212.2381,NM,5.6101,60.4722,62.4529,62.4529,0.0,0.0,0,121105.0685,247.8284,120.3582,79.4225,135.39,5.743,4.696,61.5085,1,39951.0,2.2,0.0,0.0,17.2611,43.508166479694864,44.00136863361005,42.550774063271255,61.5085,0.0
6119,2015-06-15,SZSE:000768,-0.2372,44.9,43.4211,48.39,44.66,119157.1695,45.5,10.1501,NM,213.8095,NM,5.6516,60.4264,63.1298,63.1298,0.0,0.0,0,121980.8339,249.6206,121.2286,79.9968,136.369,5.7845,4.73,70.3814,1,39951.0,2.2,0.0,0.0,17.2611,44.00133741648107,46.796147639198225,43.189005033407575,70.3814,0.0
6120,2015-06-16,SZSE:000768,-0.2372,42.94,41.6184,44.87,42.2,113955.6538,44.8,9.707,NM,204.4762,NM,5.4049,61.1822,56.6028,56.8904,0.0,0.0,0,116779.3182,238.9762,116.0591,76.5856,130.554,5.5378,4.5283,45.9436,1,39951.0,2.2,0.0,0.0,17.2611,43.42115323707499,43.488998789007915,40.90117559385189,45.9436,0.100
6121,2015-06-17,SZSE:000768,-0.2372,43.16,41.8316,43.5,39.51,114539.4974,42.92,9.7567,NM,205.5238,NM,5.4326,61.1584,57.1385,57.4264,0.0,0.0,0,117363.1618,240.171,116.6394,76.9685,131.2067,5.5655,4.5509,56.6954,1,39951.0,2.2,0.0,0.0,17.2611,41.59898683966637,42.161135310472666,38.29394151992586,56.6954,0.0
6122,2015-06-18,SZSE:000768,-0.2372,40.85,39.5927,43.45,40.55,108409.1397,43.07,9.2345,NM,194.5238,NM,5.1418,62.3838,50.1401,50.3482,0.0,0.0,0,111232.8041,227.6259,110.5468,72.9481,124.3532,5.2748,4.3132,39.9865,1,39951.0,2.2,0.0,0.0,17.2611,41.74437182374541,42.112676009791926,39.3019335373317,39.9865,0.0
6123,2015-06-19,SZSE:000768,-0.2027,39.71,38.4878,42.3,39.33,105383.7684,39.82,8.9768,NM,189.0952,NM,4.9983,62.6653,47.0757,47.2528,0.0,0.0,0,108207.4328,221.4348,107.5401,70.964,120.971,5.1313,4.1959,48.6959,1,39951.0,2.2,0.0,0.0,17.2611,38.59441440443213,40.99808461344749,38.1194956937799,48.6959,0.0
6124,2015-06-22,SZSE:000768,-0.2027,0.0,38.4878,0.0,0.0,105383.7684,0.0,8.9768,NM,189.0952,NM,4.9983,62.6653,47.0757,47.2528,0.0,0.0,0,108207.4328,221.4348,107.5401,70.964,120.971,5.1313,4.1959,0.0,1,39951.0,2.2,0.0,0.0,17.2611,0.0,0.0,0.0,0.0,0.0
6125,2015-06-23,SZSE:000768,-0.2027,43.68,42.3356,43.68,38.51,115919.4914,40.0,9.8743,NM,208.0,NM,5.498,65.573,56.9444,57.136,0.0,0.0,0,118743.1558,242.995,118.0109,77.8735,132.7494,5.631,4.6044,73.8934,1,39951.0,2.2,0.0,0.0,17.2611,38.768864468864464,42.3356,37.32472426739927,73.8934,0.0
6126,2015-06-24,SZSE:000768,-0.2027,45.79,44.3807,47.05,44.18,121519.0822,45.0,10.3513,NM,218.0476,NM,5.7636,65.8418,61.0965,61.2876,0.0,0.0,0,124342.7466,254.454,123.5759,81.5458,139.0095,5.8965,4.8216,94.1071,1,39951.0,2.2,0.0,0.0,17.2611,43.615014195239134,45.601920397466685,42.82025171434811,94.1071,0.0
6127,2015-06-25,SZSE:000768,-0.2027,46.4,44.9719,48.38,44.3,123137.9212,45.78,10.4892,NM,220.9524,NM,5.8404,65.5192,62.2305,62.4208,0.0,0.0,0,125961.5856,257.7667,125.1848,82.6075,140.8193,5.9733,4.8843,104.6702,1,39951.0,2.2,0.0,0.0,17.2611,44.37098237068965,46.89095952586207,42.93653383620689,104.6702,0.0
6128,2015-06-26,SZSE:000768,-0.1988,41.76,40.4747,46.29,41.76,110824.1291,44.8,9.4403,NM,198.8571,NM,5.2564,69.0989,50.2353,50.3479,0.0,0.0,0,113647.7935,232.5679,112.9469,74.5319,127.0531,5.3893,4.4069,86.1885,1,39951.0,2.2,0.0,0.0,17.2611,43.42113409961686,44.865274497126435,40.4747,86.1885,0.0
6129,2015-06-29,SZSE:000768,-0.1988,40.68,39.4279,44.5,37.58,107957.9878,43.99,9.1961,NM,193.7143,NM,5.1204,69.2144,47.92,48.0198,0.0,0.0,0,110781.6522,226.7027,110.0985,72.6522,123.8488,5.2534,4.2957,109.0936,1,39951.0,2.2,0.0,0.0,17.2611,42.63602067354966,43.1303232546706,36.4233156833825,109.0936,0.0
6130,2015-06-30,SZSE:000768,-0.1988,43.58,42.2387,44.2,36.66,115654.1079,40.11,9.8517,NM,207.5238,NM,5.4855,70.3069,54.0448,54.1505,0.0,0.0,0,118477.7723,242.4519,117.7471,77.6995,132.4528,5.6184,4.5941,113.2326,1,39951.0,2.2,0.0,0.0,17.2611,38.875499242771916,42.83961771454796,35.5316829279486,113.2326,0.0
6131,2015-07-01,SZSE:000768,-0.1988,42.7,41.3858,47.1,41.78,113318.7335,42.66,9.6528,NM,203.3333,NM,5.3747,71.0485,52.0447,52.1408,0.0,0.0,0,116142.3979,237.6728,115.4261,76.1679,129.8419,5.5076,4.5036,120.5034,1,39951.0,2.2,0.0,0.0,17.2611,41.34703110070257,45.65037892271663,40.49411531615925,120.5034,0.0
6132,2015-07-02,SZSE:000768,-0.1988,38.43,37.2472,43.5,38.43,101986.8602,43.21,8.6875,NM,183.0,NM,4.8372,74.5191,43.6106,43.6716,0.0,0.0,0,104810.5246,214.4834,104.1641,68.7363,117.1734,4.9703,4.0642,113.9266,1,39951.0,2.2,0.0,0.0,17.2611,41.88008097840229,42.16115534738485,37.2472,113.9266,0.0
6133,2015-07-03,SZSE:000768,-0.043,34.59,33.5254,38.29,34.59,91796.1357,34.6,7.8194,NM,164.7143,NM,4.3539,76.7121,37.6946,37.7355,0.0,0.0,0,94619.8001,193.6292,94.0363,62.0531,105.7806,4.487,3.669,75.8339,1,39951.0,2.2,0.0,0.0,17.2611,33.535092223185885,37.11152257877999,33.5254,75.8339,0.0
6134,2015-07-06,SZSE:000768,-0.043,31.13,30.1719,38.0,31.13,82613.8683,38.0,7.0372,270.5357,148.2381,NM,3.9184,79.087,33.31,33.3383,0.0,0.0,0,85437.5327,174.8387,84.9106,56.0312,95.5153,4.0516,3.313,82.9378,1,39951.0,2.2,0.0,0.0,17.2611,36.8304593639576,36.8304593639576,30.1719,82.9378,0.0
6135,2015-07-07,SZSE:000768,-0.043,28.02,27.1576,28.5,28.02,74360.4429,28.02,6.3342,243.5082,133.4286,NM,3.5269,81.8587,29.9389,29.959,0.0,0.0,0,77184.1074,157.9489,76.7081,50.6185,86.2883,3.6602,2.9929,52.4399,1,39951.0,2.2,0.0,0.0,17.2611,27.1576,27.622826552462524,27.1576,52.4399,0.0
6136,2015-07-08,SZSE:000768,-0.043,25.22,24.4438,25.22,25.22,66929.7063,25.22,5.7012,219.1748,120.0952,NM,3.1745,84.145,27.2637,27.2781,0.0,0.0,0,69753.3707,142.7427,69.3232,45.7453,77.9811,3.3078,2.7048,56.4792,1,39951.0,2.2,0.0,0.0,17.2611,24.4438,24.4438,24.4438,56.4792,0.0
6137,2015-07-09,SZSE:000768,-0.043,27.74,26.8862,27.74,22.7,73617.3693,22.7,6.2709,241.0748,132.0952,NM,3.4917,85.9475,33.061,33.082,0.0,0.0,0,76441.0337,156.4283,75.9696,50.1312,85.4576,3.6249,2.9641,131.7047,1,39951.0,2.2,0.0,0.0,17.2611,22.001324441240087,26.8862,22.001324441240087,131.7047,0.0
6138,2015-07-10,SZSE:000768,0.1699,30.51,29.5709,30.51,28.0,80968.4909,28.89,6.8971,265.1476,145.2857,NM,3.8403,87.9082,38.8322,38.8584,0.0,0.0,0,83792.1553,171.4716,83.2754,54.9521,93.6758,3.9735,3.2492,81.7538,1,39951.0,2.2,0.0,0.0,17.2611,28.00076371681416,29.5709,27.13815798098984,81.7538,0.0
6139,2015-07-13,SZSE:000768,0.1699,33.56,32.5271,33.56,31.3,89062.6861,32.45,7.5866,291.6536,159.8095,NM,4.2242,89.8514,44.5055,44.5356,0.0,0.0,0,91886.3505,188.0355,91.3197,61.8833,102.7248,4.3574,3.563,81.646,1,39951.0,2.2,0.0,0.0,17.2611,31.451263259833134,32.5271,30.336657628128723,81.646,0.0
6140,2015-07-14,SZSE:000768,0.1699,34.2,33.1474,36.9,33.0,90761.1402,35.46,7.7312,297.2156,162.8571,NM,4.3048,89.7945,45.6448,45.6754,0.0,0.0,0,93584.8046,191.5112,93.0077,63.0272,104.6236,4.4379,3.6289,124.5519,1,39951.0,2.2,0.0,0.0,17.2611,34.36861999999999,35.76429999999999,31.98433333333333,124.5519,0.0
6141,2015-07-15,SZSE:000768,0.1699,30.78,29.8326,33.5,30.78,81685.0262,32.89,6.9581,267.4940,146.5714,NM,3.8743,92.2927,40.822,40.8448,0.0,0.0,0,84508.6906,172.9379,83.9875,56.9146,94.4769,4.0075,3.2769,59.6139,1,39951.0,2.2,0.0,0.0,17.2611,31.87765477582846,32.468879142300196,29.8326,59.6139,0.0
6142,2015-07-16,SZSE:000768,0.1699,31.93,30.9472,33.1,27.8,84736.9359,30.78,7.2181,277.4881,152.0476,NM,4.0191,92.4682,43.0028,43.0267,0.0,0.0,0,87560.6003,179.1833,87.0206,58.97,97.8888,4.1522,3.3953,85.4239,1,39951.0,2.2,0.0,0.0,17.2611,29.832596805512058,32.08118759787035,26.944320701534608,85.4239,0.0
6143,2015-07-17,SZSE:000768,0.2623,35.12,34.0391,35.12,32.19,93202.668,32.57,7.9392,NM,167.2381,NM,4.4206,93.877,48.6552,48.6815,0.0,0.0,0,96026.3324,196.5075,95.4341,64.6715,107.3531,4.5537,3.7236,108.6771,1,39951.0,2.2,0.0,0.0,17.2611,31.567582203872437,34.0391,31.19927759111617,108.6771,0.0
6144,2015-07-20,SZSE:000768,0.2623,36.99,35.8515,38.4,35.07,98165.3385,36.54,8.362,NM,176.1429,NM,4.656,94.0351,51.6802,51.7074,0.0,0.0,0,100989.0029,206.6631,100.3662,68.0137,112.9011,4.789,3.916,135.7562,1,39951.0,2.2,0.0,0.0,17.2611,35.4153503649635,37.21810218978102,33.99059489051095,135.7562,0.0
6145,2015-07-21,SZSE:000768,0.2623,35.91,34.8047,37.58,35.0,95299.1972,35.64,8.1178,NM,171.0,NM,4.52,93.9924,49.8534,49.8782,0.0,0.0,0,98122.8616,200.7978,97.5177,66.0835,109.6969,4.6531,3.8049,77.1973,1,39951.0,2.2,0.0,0.0,17.2611,34.54301052631579,36.423297855750484,33.92270955165692,77.1973,0.0
6146,2015-07-22,SZSE:000768,0.2623,38.07,36.8983,39.15,36.15,101031.4798,36.15,8.6061,NM,181.2857,NM,4.7919,94.6438,53.4013,53.4268,0.0,0.0,0,103855.1442,212.5283,103.2147,69.944,116.1053,4.9249,4.0271,98.9342,1,39951.0,2.2,0.0,0.0,17.2611,35.03739282899921,37.945060283687944,35.03739282899921,98.9342,0.0
6147,2015-07-23,SZSE:000768,0.2623,38.96,37.7609,40.0,37.04,103393.3925,38.12,8.8073,NM,185.5238,NM,4.9039,94.5758,54.8196,54.8454,0.0,0.0,0,106217.0569,217.3617,105.562,71.5347,118.7458,5.037,4.1187,79.074,1,39951.0,2.2,0.0,0.0,17.2611,36.94675328542094,38.76889117043121,35.8999932238193,79.074,0.0
6148,2015-07-24,SZSE:000768,0.161,39.06,37.8578,41.09,38.0,103658.7759,38.97,8.8299,NM,186.0,NM,4.9165,94.2596,54.9854,55.0112,0.0,0.0,0,106482.4403,217.9048,105.8258,71.7134,119.0425,5.0495,4.129,104.7729,1,39951.0,2.2,0.0,0.0,17.2611,37.770570046082945,39.82532007168459,36.83042498719918,104.7729,0.0
6149,2015-07-27,SZSE:000768,0.161,35.15,34.0681,40.3,35.15,93282.283,38.1,7.946,NM,167.381,NM,4.4244,96.5428,47.6263,47.6443,0.0,0.0,0,96105.9474,196.6704,95.5133,64.7251,107.4421,4.5575,3.7266,96.7579,1,39951.0,2.2,0.0,0.0,17.2611,36.92730042674254,39.05958549075391,34.0681,96.7579,0.0
6150,2015-07-28,SZSE:000768,0.161,35.0,33.9228,36.86,31.8,92884.2078,33.0,7.9121,NM,166.6667,NM,4.4055,96.5428,47.3644,47.3821,0.0,0.0,0,95707.8722,195.8558,95.1176,67.5283,107.5031,4.5386,3.6429,85.6451,1,39951.0,2.2,0.0,0.0,19.0277,31.984354285714286,35.72555451428572,30.82128685714286,85.6451,0.0
6151,2015-07-29,SZSE:000768,0.161,38.5,37.315,38.5,34.3,102172.6286,36.3,8.7033,NM,183.3333,NM,4.846,97.9737,53.7546,53.7735,0.0,0.0,0,104996.293,214.8635,104.3488,74.0819,117.9363,4.9791,3.9965,91.2293,1,39951.0,2.2,0.0,0.0,19.0277,35.18271428571428,37.315,33.24427272727272,91.2293,0.0
6152,2015-07-30,SZSE:000768,0.161,38.5,37.315,41.95,38.0,102172.6286,38.99,8.7033,NM,183.3333,NM,4.846,97.8567,53.7546,53.7735,0.0,0.0,0,104996.293,214.8635,104.3488,74.0819,117.9363,4.9791,3.9965,129.2179,1,39951.0,2.2,0.0,0.0,19.0277,37.78991818181818,40.65881168831169,36.83038961038961,129.2179,0.0
6153,2015-07-31,SZSE:000768,0.2823,35.8,34.6981,39.5,34.7,95007.2754,38.51,8.0929,NM,170.4762,NM,4.5062,98.184,48.488,48.5025,0.0,0.0,0,97830.9398,200.2004,97.2276,69.0263,109.8878,4.6393,3.7237,84.1106,1,39951.0,2.2,0.0,0.0,19.0277,37.32468801675977,38.28421648044692,33.631957262569834,84.1106,0.0
6154,2015-08-03,SZSE:000768,0.2823,32.22,31.2283,35.3,32.22,85506.5479,34.68,7.2837,280.0083,153.4286,NM,4.0556,99.6038,42.537,42.5473,0.0,0.0,0,88330.2123,180.7582,87.7855,62.3229,99.2162,4.1887,3.3621,70.8638,1,39951.0,2.2,0.0,0.0,19.0277,33.612583612662945,34.21350062073247,31.2283,70.8638,0.0
6155,2015-08-04,SZSE:000768,0.2823,35.44,34.3492,35.44,32.21,94051.895,32.21,8.0116,NM,168.7619,NM,4.4609,101.1787,48.6424,48.6539,0.0,0.0,0,96875.5594,198.2453,96.2781,68.3522,108.8147,4.594,3.6874,79.8879,1,39951.0,2.2,0.0,0.0,19.0277,31.218615462753956,34.3492,31.218615462753956,79.8879,0.0
6156,2015-08-05,SZSE:000768,0.2823,35.3,34.2135,37.2,34.44,93680.3582,35.89,7.9799,NM,168.0952,NM,4.4433,100.2995,48.4016,48.4129,0.0,0.0,0,96504.0226,197.485,95.9089,68.0901,108.3974,4.5763,3.6732,82.3677,1,39951.0,2.2,0.0,0.0,19.0277,34.78534036827196,36.055019830028336,33.37996997167139,82.3677,0.0
6157,2015-08-06,SZSE:000768,0.2823,34.84,33.7677,36.5,34.0,92459.5943,34.38,7.8759,NM,165.9048,NM,4.3853,100.0307,47.5684,47.5792,0.0,0.0,0,95283.2587,194.9869,94.6956,67.2287,107.0262,4.5185,3.6268,51.8663,1,39951.0,2.2,0.0,0.0,19.0277,33.32185780711825,35.37660878300803,32.953553386911594,51.8663,0.0
6158,2015-08-07,SZSE:000768,0.2773,36.03,34.9211,36.08,34.58,95617.6574,35.71,8.1449,NM,171.5714,NM,4.5351,100.1114,49.9679,49.9791,0.0,0.0,0,98441.3218,201.4495,97.8342,69.457,110.5734,4.6682,3.747,61.2602,1,39951.0,2.2,0.0,0.0,19.0277,34.61094868165418,34.96956114349154,33.515726838745486,61.2602,0.0
6159,2015-08-10,SZSE:000768,0.2773,38.73,37.5379,39.35,36.5,107229.6236,36.5,8.7553,NM,184.4286,NM,4.875,100.9794,55.0,55.0116,0.0,0.0,0,110053.288,225.2121,109.3746,77.65,123.6165,5.2189,4.1889,83.183,1,39951.0,2.2,0.0,0.0,19.0277,35.37653885876582,38.13881655047767,35.37653885876582,83.183,0.0
6160,2015-08-11,SZSE:000768,0.2773,38.12,36.9467,39.5,37.38,105540.7501,38.75,8.6174,NM,181.5238,NM,4.7982,100.9589,53.6862,53.6971,0.0,0.0,0,108364.4145,221.756,107.6961,76.4584,121.7195,5.1388,4.1247,79.5281,1,39951.0,2.2,0.0,0.0,19.0277,37.55730915529906,38.28422481636936,36.22947654774397,79.5281,0.0
6161,2015-08-12,SZSE:000768,0.2773,0.0,36.9467,0.0,0.0,105540.7501,0.0,8.6174,NM,181.5238,NM,4.7982,100.9589,53.6862,53.6971,0.0,0.0,0,108364.4145,221.756,107.6961,76.4584,121.7195,5.1388,4.1247,0.0,1,39951.0,2.2,0.0,0.0,19.0277,0.0,0.0,0.0,0.0,0.0
6162,2015-08-13,SZSE:000768,0.2773,0.0,36.9467,0.0,0.0,105540.7501,0.0,8.6174,NM,181.5238,NM,4.7982,100.9589,53.6862,53.6971,0.0,0.0,0,108364.4145,221.756,107.6961,76.4584,121.7195,5.1388,4.1247,0.0,1,39951.0,2.2,0.0,0.0,19.0277,0.0,0.0,0.0,0.0,0.0
6163,2015-08-14,SZSE:000768,0.2623,0.0,36.9467,0.0,0.0,105540.7501,0.0,8.6174,NM,181.5238,NM,4.7982,100.9589,53.6862,53.6971,0.0,0.0,0,108364.4145,221.756,107.6961,76.4584,121.7195,5.1388,4.1247,0.0,1,39951.0,2.2,0.0,0.0,19.0277,0.0,0.0,0.0,0.0,0.0
6164,2015-08-17,SZSE:000768,0.2623,0.0,36.9467,0.0,0.0,105540.7501,0.0,8.6174,NM,181.5238,NM,4.7982,100.9589,53.6862,53.6971,0.0,0.0,0,108364.4145,221.756,107.6961,76.4584,121.7195,5.1388,4.1247,0.0,1,39951.0,2.2,0.0,0.0,19.0277,0.0,0.0,0.0,0.0,0.0
6165,2015-08-18,SZSE:000768,0.2623,0.0,36.9467,0.0,0.0,105540.7501,0.0,8.6174,NM,181.5238,NM,4.7982,100.9589,53.6862,53.6971,0.0,0.0,0,108364.4145,221.756,107.6961,76.4584,121.7195,5.1388,4.1247,0.0,1,39951.0,2.2,0.0,0.0,19.0277,0.0,0.0,0.0,0.0,0.0
6166,2015-08-19,SZSE:000768,0.2623,37.92,36.7529,39.86,34.31,104987.0211,34.31,8.5722,NM,180.5714,NM,4.773,103.9741,53.2372,53.2479,0.0,0.0,0,107810.6855,220.6229,107.1458,76.0677,121.0975,5.1125,4.1036,100.9866,1,39951.0,2.2,0.0,0.0,19.0277,33.254008412447256,38.633190770042184,33.254008412447256,100.9866,0.0
6167,2015-08-20,SZSE:000768,0.2623,34.13,33.0795,37.74,34.13,94493.8563,37.74,7.7154,296.6072,162.5238,NM,4.296,106.1561,45.4755,45.4827,0.0,0.0,0,97317.5207,199.1498,96.7174,68.6641,109.3111,4.6149,3.6225,66.8717,1,39951.0,2.2,0.0,0.0,24.4458,36.57838646352183,36.57838646352183,33.0795,66.8717,0.0
6168,2015-08-21,SZSE:000768,0.6998,31.26,30.2979,35.5,30.93,86547.8449,32.52,7.0666,271.6655,148.8571,NM,3.9347,107.3846,40.6432,40.6485,0.0,0.0,0,89371.5093,182.8891,88.8203,63.0576,100.3858,4.2381,3.36,58.7038,1,39951.0,2.2,0.0,0.0,24.4458,31.519120537428023,34.40740403071017,29.978056525911704,58.7038,0.0
6169,2015-08-24,SZSE:000768,0.6998,28.13,27.2642,30.39,28.13,77881.9859,30.39,6.3001,231.4007,127.8636,NM,3.3303,109.3579,36.1336,36.1374,0.0,0.0,0,82516.8163,174.5911,83.7188,55.1258,88.4269,3.6824,2.9347,42.6254,1,39951.0,2.2,0.0,0.0,24.4458,29.45464052612869,29.45464052612869,27.2642,42.6254,0.0
6170,2015-08-25,SZSE:000768,0.6998,25.32,24.5407,25.88,25.32,70102.0932,25.32,5.6708,208.2854,115.0909,NM,2.9977,109.2978,32.6329,32.6357,0.0,0.0,0,74736.9237,158.1302,75.8256,49.9284,80.0898,3.3352,2.658,37.5279,1,39951.0,2.2,0.0,0.0,24.4458,24.5407,25.083464296998418,24.5407,37.5279,0.0
6171,2015-08-26,SZSE:000768,0.6998,22.79,22.0886,25.79,22.79,63097.4212,24.4,5.1041,187.4733,103.5909,NM,2.6981,108.9784,29.8307,29.8328,0.0,0.0,0,67732.2517,143.3095,68.7189,45.2489,72.5834,3.0226,2.4089,100.1137,1,39951.0,2.2,0.0,0.0,24.4458,23.649049583150504,24.996270030715227,22.0886,100.1137,0.0
6172,2015-08-27,SZSE:000768,0.6998,23.7,22.9706,24.38,20.78,65616.8882,22.88,5.3079,194.9590,107.7273,NM,2.8059,109.418,32.0895,32.0919,0.0,0.0,0,70251.7187,148.6403,71.275,46.932,75.2833,3.135,2.4985,93.4564,1,39951.0,2.2,0.0,0.0,24.4458,22.175836624472574,23.62967206751055,20.140467004219413,93.4564,0.0
6173,2015-08-28,SZSE:000768,0.5765,26.07,25.2676,26.07,24.27,72178.577,24.27,5.8387,214.4549,118.5,NM,3.0864,109.8291,37.7133,37.7164,0.0,0.0,0,76813.4075,162.5237,77.9323,51.3156,82.315,3.4279,2.7134,108.1491,1,39951.0,2.2,0.0,0.0,24.4458,23.52300161104718,25.2676,23.52300161104718,108.1491,0.0
6174,2015-08-31,SZSE:000768,0.5765,28.15,27.2836,28.15,25.61,77937.3588,26.79,6.3046,231.5653,127.9546,NM,3.3327,111.0481,42.2346,42.238,0.0,0.0,0,82572.1892,174.7082,83.775,55.1628,92.4785,3.6848,2.9612,120.1244,1,39951.0,2.2,0.0,0.0,24.4458,25.965458046181173,27.2836,24.821776056838367,120.1244,0.0
6175,2015-09-01,SZSE:000768,0.5765,25.81,25.0156,26.98,25.34,71458.7293,26.97,5.7805,212.3162,117.3182,NM,3.0557,110.2323,38.8206,38.8233,0.0,0.0,0,76093.5598,161.0006,77.202,50.8347,85.2226,3.3957,2.7289,98.957,1,39951.0,2.2,0.0,0.0,24.4458,26.139896629213485,26.14958884153429,24.560066020922125,98.957,0.0
6176,2015-09-02,SZSE:000768,0.5765,23.23,22.515,26.3,23.23,64315.625,23.42,5.2027,191.0928,105.5909,NM,2.7502,109.799,35.4209,35.423,0.0,0.0,0,68950.4555,145.887,69.9548,46.0627,77.2225,3.077,2.4727,49.4076,1,39951.0,2.2,0.0,0.0,24.4458,22.69915195867413,25.49050796383986,22.515,49.4076,0.0
6177,2015-09-03,SZSE:000768,0.5765,0.0,22.515,0.0,0.0,64315.625,0.0,5.2027,191.0928,105.5909,NM,2.7502,109.799,35.4209,35.423,0.0,0.0,0,68950.4555,145.887,69.9548,46.0627,77.2225,3.077,2.4727,0.0,1,39951.0,2.2,0.0,0.0,24.4458,0.0,0.0,0.0,0.0,0.0
6178,2015-09-04,SZSE:000768,0.6632,0.0,22.515,0.0,0.0,64315.625,0.0,5.2027,191.0928,105.5909,NM,2.7502,109.799,35.4209,35.423,0.0,0.0,0,68950.4555,145.887,69.9548,46.0627,77.2225,3.077,2.4727,0.0,1,39951.0,2.2,0.0,0.0,24.4458,0.0,0.0,0.0,0.0,0.0
6179,2015-09-07,SZSE:000768,0.6632,21.28,20.625,24.88,21.01,58916.7671,23.7,4.7659,175.0518,96.7273,NM,2.5194,112.4079,33.064,33.0657,0.0,0.0,0,63551.5976,134.464,64.4773,42.456,71.176,2.836,2.2791,71.2522,1,39951.0,2.2,0.0,0.0,24.4458,22.97051221804511,24.114191729323306,20.36331062030075,71.2522,0.0
6180,2015-09-08,SZSE:000768,0.6632,21.47,20.8092,22.0,19.15,59442.8097,21.0,4.8085,176.6148,97.5909,NM,2.5418,112.0474,33.5281,33.5298,0.0,0.0,0,64077.6402,135.577,65.011,42.8074,71.7651,2.8595,2.2979,77.1325,1,39951.0,2.2,0.0,0.0,24.4458,20.353665579878903,21.322887750349327,18.560604564508616,77.1325,0.0
6181,2015-09-09,SZSE:000768,0.6632,23.35,22.6313,23.45,21.0,64647.8624,21.5,5.2295,192.0799,106.1364,NM,2.7644,113.7961,38.1014,38.1035,0.0,0.0,0,69282.6929,146.59,70.2919,46.2846,77.5946,3.0918,2.4846,87.2351,1,39951.0,2.2,0.0,0.0,24.4458,20.83824197002141,22.728222055674514,20.35363169164882,87.2351,0.0
6182,2015-09-10,SZSE:000768,0.6632,22.98,22.2727,24.57,22.44,63623.4637,22.75,5.1467,189.0362,104.4546,NM,2.7206,113.7693,37.5538,37.5558,0.0,0.0,0,68258.2942,144.4226,69.2526,45.6003,76.4473,3.0461,2.4479,70.0651,1,39951.0,2.2,0.0,0.0,24.4458,22.04977915578764,23.813761488250652,21.749320626631853,70.0651,0.0
6183,2015-09-11,SZSE:000768,0.7231,22.36,21.6718,23.44,21.71,61906.9038,23.0,5.0078,183.9360,101.6364,NM,2.6472,113.5084,36.6044,36.6062,0.0,0.0,0,66541.7343,140.7906,67.511,44.4535,74.5248,2.9695,2.3863,52.158,1,39951.0,2.2,0.0,0.0,24.4458,22.292101967799642,22.718559570661895,21.04180581395349,52.158,0.0
6184,2015-09-14,SZSE:000768,0.7231,20.12,19.5007,23.3,20.12,55705.1388,22.98,4.5061,165.5095,91.4546,NM,2.382,115.1211,33.3264,33.3277,0.0,0.0,0,60339.9693,127.6688,61.2189,40.3104,67.579,2.6927,2.1639,49.5134,1,39951.0,2.2,0.0,0.0,24.4458,22.272668290258444,22.582818588469184,19.5007,49.5134,0.0
6185,2015-09-15,SZSE:000768,0.7231,18.11,17.5526,19.55,18.11,50140.1622,19.47,4.056,148.9750,82.3182,NM,2.1441,116.5805,30.672,30.6731,0.0,0.0,0,54774.9927,115.8943,55.5729,36.5927,61.3464,2.4444,1.9643,49.2397,1,39951.0,2.2,0.0,0.0,24.4458,18.8707411374931,18.948278851463282,17.5526,49.2397,0.0
6186,2015-09-16,SZSE:000768,0.7231,19.92,19.3069,19.92,17.72,55151.4098,18.12,4.4614,163.8643,90.5455,NM,2.3583,118.655,35.6429,35.6443,0.0,0.0,0,59786.2403,126.4972,60.6571,39.9405,66.9589,2.668,2.1441,62.7569,1,39951.0,2.2,0.0,0.0,24.4458,17.562300602409636,19.3069,17.174611847389553,62.7569,0.0
6187,2015-09-17,SZSE:000768,0.7231,21.08,20.4312,21.91,20.39,58363.0381,20.6,4.7211,173.4066,95.8182,NM,2.4957,119.4835,38.6775,38.679,0.0,0.0,0,62997.8686,133.2924,63.9155,42.086,70.5558,2.8113,2.2592,119.0072,1,39951.0,2.2,0.0,0.0,24.4458,19.96597343453511,21.235654269449718,19.762436812144216,119.0072,0.0
6188,2015-09-18,SZSE:000768,0.5586,20.73,20.092,21.65,19.88,57394.0123,21.4,4.6428,170.5275,94.2273,NM,2.4542,119.1483,38.0939,38.0953,0.0,0.0,0,62028.8428,131.2421,62.9324,41.4387,69.4705,2.7681,2.2245,96.7879,1,39951.0,2.2,0.0,0.0,24.4458,20.741379643029422,20.9836854799807,19.268160154365653,96.7879,0.0
6189,2015-09-21,SZSE:000768,0.5586,22.6,21.9044,22.6,20.32,62571.3786,20.71,5.0616,185.9103,102.7273,NM,2.6756,120.8132,43.0396,43.0413,0.0,0.0,0,67206.2091,142.1965,68.1852,44.8974,75.269,2.9991,2.4101,88.8946,1,39951.0,2.2,0.0,0.0,24.4458,20.072571858407077,21.9044,19.694575575221236,88.8946,0.0
6190,2015-09-22,SZSE:000768,0.5586,22.76,22.0595,23.26,22.0,63014.3618,22.75,5.0974,187.2265,103.4546,NM,2.6946,119.8171,43.4559,43.4576,0.0,0.0,0,67649.1923,143.1338,68.6346,45.1934,75.7651,3.0189,2.426,79.5898,1,39951.0,2.2,0.0,0.0,24.4458,22.049807776801405,22.5441111599297,21.322891036906853,79.5898,0.0
6191,2015-09-23,SZSE:000768,0.5586,22.72,22.0207,22.89,21.88,62903.616,22.05,5.0884,186.8974,103.2727,NM,2.6898,117.8091,43.3706,43.3722,0.0,0.0,0,67538.4465,142.8995,68.5222,45.1194,75.6411,3.0139,2.4221,58.5541,1,39951.0,2.2,0.0,0.0,24.4458,21.371321963028173,22.18546756161972,21.206554401408454,58.5541,0.0
6192,2015-09-24,SZSE:000768,0.5586,22.95,22.2436,23.8,22.73,63540.4044,23.1,5.14,188.7894,104.3182,NM,2.7171,117.2652,44.0509,44.0525,0.0,0.0,0,68175.2349,144.2468,69.1683,45.5448,76.3543,3.0424,2.4449,65.1775,1,39951.0,2.2,0.0,0.0,24.4458,22.388983006535952,23.067437037037042,22.030371590413946,65.1775,0.0
6193,2015-09-25,SZSE:000768,0.4888,21.28,20.625,22.9,20.82,58916.7671,22.72,4.7659,175.0518,96.7273,NM,2.5194,117.8739,40.2683,40.2696,0.0,0.0,0,63551.5976,134.464,64.4773,42.456,71.176,2.836,2.2791,51.5289,1,39951.0,2.2,0.0,0.0,24.4458,22.02067669172932,22.195136278195488,20.179158834586463,51.5289,0.0
6194,2015-09-28,SZSE:000768,0.4888,21.36,20.7026,21.73,20.2,59138.2587,21.6,4.7839,175.7099,97.0909,NM,2.5288,116.3275,40.5317,40.533,0.0,0.0,0,63773.0892,134.9327,64.702,42.6039,71.424,2.8459,2.287,34.7015,1,39951.0,2.2,0.0,0.0,24.4458,20.935213483146068,21.061212453183522,19.57830149812734,34.7015,0.0
6195,2015-09-29,SZSE:000768,0.4888,20.39,19.7624,21.0,20.2,56452.673,20.7,4.5666,167.7306,92.6818,NM,2.414,116.5125,38.3246,38.3258,0.0,0.0,0,61087.5035,129.2504,61.9773,40.8098,68.4162,2.7261,2.1907,29.2031,1,39951.0,2.2,0.0,0.0,24.4458,20.06285826385483,20.353624325649825,19.578248160863165,29.2031,0.0
6196,2015-09-30,SZSE:000768,0.4888,22.43,21.7396,22.43,20.5,62100.7089,20.68,5.0235,184.5119,101.9546,NM,2.6555,117.4264,45.0959,45.0972,0.0,0.0,0,66735.5394,141.2007,67.7076,44.583,74.7419,2.9781,2.3933,77.7379,1,39951.0,2.2,0.0,0.0,24.4458,20.043465358894338,21.7396,19.869005795809183,77.7379,0.0
6197,2015-10-01,SZSE:000768,0.4888,0.0,21.7396,0.0,0.0,62100.7089,0.0,5.0235,184.5119,101.9546,NM,2.6555,117.4264,45.0959,45.0972,0.0,0.0,0,66735.5394,141.2007,67.7076,44.583,74.7419,2.9781,2.3933,0.0,1,39951.0,2.2,0.0,0.0,24.4458,0.0,0.0,0.0,0.0,0.0
6198,2015-10-02,SZSE:000768,0.5159,0.0,21.7396,0.0,0.0,62100.7089,0.0,5.0235,184.5119,101.9546,NM,2.6555,117.4264,45.0959,45.0972,0.0,0.0,0,66735.5394,141.2007,67.7076,44.583,74.7419,2.9781,2.3933,0.0,1,39951.0,2.2,0.0,0.0,24.4458,0.0,0.0,0.0,0.0,0.0
6199,2015-10-05,SZSE:000768,0.5159,0.0,21.7396,0.0,0.0,62100.7089,0.0,5.0235,184.5119,101.9546,NM,2.6555,117.4264,45.0959,45.0972,0.0,0.0,0,66735.5394,141.2007,67.7076,44.583,74.7419,2.9781,2.3933,0.0,1,39951.0,2.2,0.0,0.0,24.4458,0.0,0.0,0.0,0.0,0.0
6200,2015-10-06,SZSE:000768,0.5159,0.0,21.7396,0.0,0.0,62100.7089,0.0,5.0235,184.5119,101.9546,NM,2.6555,117.4264,45.0959,45.0972,0.0,0.0,0,66735.5394,141.2007,67.7076,44.583,74.7419,2.9781,2.3933,0.0,1,39951.0,2.2,0.0,0.0,24.4458,0.0,0.0,0.0,0.0,0.0
6201,2015-10-07,SZSE:000768,0.5159,0.0,21.7396,0.0,0.0,62100.7089,0.0,5.0235,184.5119,101.9546,NM,2.6555,117.4264,45.0959,45.0972,0.0,0.0,0,66735.5394,141.2007,67.7076,44.583,74.7419,2.9781,2.3933,0.0,1,39951.0,2.2,0.0,0.0,24.4458,0.0,0.0,0.0,0.0,0.0
6202,2015-10-08,SZSE:000768,0.5159,23.14,22.4278,24.24,23.13,64066.4469,23.5,5.1825,190.3524,105.1818,NM,2.7396,113.3424,47.2659,47.2673,0.0,0.0,0,68701.2774,145.3598,69.702,45.8962,76.9434,3.0658,2.4638,78.6641,1,39951.0,2.2,0.0,0.0,24.4458,22.77671996542783,23.493944338807257,22.418107778738115,78.6641,0.0
6203,2015-10-09,SZSE:000768,0.568,24.07,23.3292,24.86,23.11,66641.2869,23.23,5.3908,198.0027,109.4091,NM,2.8497,111.7185,50.0507,50.0522,0.0,0.0,0,71276.1173,150.8077,72.3143,47.6164,79.8272,3.1807,2.5561,66.1318,1,39951.0,2.2,0.0,0.0,24.4458,22.51505259659327,24.09488624844204,22.398745824678024,66.1318,0.0
6204,2015-10-12,SZSE:000768,0.568,24.96,24.1918,25.86,23.8,69105.381,24.08,5.5901,205.3239,113.4546,NM,2.955,109.9919,52.6289,52.6304,0.0,0.0,0,73740.2115,156.0213,74.8143,49.2625,82.5869,3.2907,2.6445,71.5482,1,39951.0,2.2,0.0,0.0,24.4458,23.33888397435897,25.06410048076923,23.067501602564104,71.5482,0.0
6205,2015-10-13,SZSE:000768,0.568,25.29,24.5116,25.5,24.5,70019.0339,24.6,5.664,208.0386,114.9546,NM,2.9941,107.9048,53.5855,53.587,0.0,0.0,0,74653.8643,157.9545,75.7413,49.8729,83.6102,3.3315,2.6772,50.2432,1,39951.0,2.2,0.0,0.0,24.4458,23.84283748517201,24.71513641755635,23.74591538157375,50.2432,0.0
6206,2015-10-14,SZSE:000768,0.568,24.91,24.1433,26.97,24.7,68966.9487,26.3,5.5789,204.9126,113.2273,NM,2.9491,107.7941,52.2764,52.2778,0.0,0.0,0,73601.7792,155.7284,74.6739,49.17,82.4319,3.2845,2.6395,63.7169,1,39951.0,2.2,0.0,0.0,24.4458,25.490517462866322,26.13989566439181,23.93976354877559,63.7169,0.0
6207,2015-10-15,SZSE:000768,0.568,25.7,24.909,25.84,24.01,71154.1783,24.66,5.7559,211.4113,116.8182,NM,3.0426,105.8351,54.7514,54.7528,0.0,0.0,0,75789.0088,160.3562,76.893,50.6312,84.8815,3.3821,2.7179,55.6267,1,39951.0,2.2,0.0,0.0,24.4458,23.9010093385214,25.044691050583655,23.27101517509728,55.6267,0.0
6208,2015-10-16,SZSE:000768,0.6193,26.2,25.3936,26.8,25.7,72538.5009,26.12,5.8678,215.5243,119.0909,NM,3.1018,105.5916,56.2962,56.2977,0.0,0.0,0,77173.3313,163.2852,78.2975,51.556,86.4319,3.4439,2.7676,62.7439,1,39951.0,2.2,0.0,0.0,24.4458,25.31606229007634,25.975132824427483,24.9089893129771,62.7439,0.0
6209,2015-10-19,SZSE:000768,0.6193,25.47,24.6861,26.6,25.01,70517.39,26.6,5.7043,209.5193,115.7727,NM,3.0154,103.4571,53.4282,53.4294,0.0,0.0,0,75152.2204,159.0089,76.2469,50.2058,84.1683,3.3537,2.6951,52.6142,1,39951.0,2.2,0.0,0.0,24.4458,25.781321554770322,25.781321554770322,24.240257597173144,52.6142,0.0
6210,2015-10-20,SZSE:000768,0.6193,26.28,25.4711,26.38,25.21,72759.9925,25.4,5.8858,216.1824,119.4546,NM,3.1113,103.008,56.1007,56.1019,0.0,0.0,0,77394.823,163.7538,78.5222,51.704,86.68,3.4538,2.7755,52.903,1,39951.0,2.2,0.0,0.0,24.4458,24.61818645357686,25.568021993911717,24.434034665144594,52.903,0.0
6211,2015-10-21,SZSE:000768,0.6193,24.03,23.2904,26.92,23.68,66530.5411,26.3,5.3818,197.6737,109.2273,NM,2.8449,104.4437,47.8812,47.8821,0.0,0.0,0,71165.3715,150.5734,72.202,47.5424,79.7032,3.1758,2.5521,77.0128,1,39951.0,2.2,0.0,0.0,24.4458,25.49053349979193,26.091451019558885,22.95117236787349,77.0128,0.0
6212,2015-10-22,SZSE:000768,0.6193,25.57,24.783,25.6,23.68,70794.2545,24.1,5.7267,210.3419,116.2273,NM,3.0272,104.556,52.9611,52.962,0.0,0.0,0,75429.085,159.5947,76.5278,50.3908,84.4784,3.3661,2.705,57.3489,1,39951.0,2.2,0.0,0.0,24.4458,23.358244035979666,24.812076652326947,22.951170903402424,57.3489,0.0
6213,2015-10-23,SZSE:000768,0.663,26.31,25.5002,26.78,24.98,72843.0518,25.6,5.8925,216.4292,119.5909,NM,3.1149,104.6366,55.2197,55.2206,0.0,0.0,0,77477.8823,163.9296,78.6064,51.7595,86.773,3.4575,2.7785,68.5372,1,39951.0,2.2,0.0,0.0,24.4458,24.812053211706576,25.95573378943368,24.211136297985558,68.5372,0.0
6214,2015-10-26,SZSE:000768,0.663,28.58,27.7004,28.94,26.6,79127.8761,26.8,5.3963,NM,124.2609,NM,3.1883,106.4012,61.3504,61.3513,0.0,0.0,0,78135.9615,248.8024,91.9723,49.564,84.3097,3.279,2.7089,117.3421,1,39951.0,2.2,0.0,0.0,24.4458,25.975182645206438,28.049320363890835,25.78133799860042,117.3421,0.0
6215,2015-10-27,SZSE:000768,0.663,29.55,28.6405,29.94,26.75,81813.4619,28.25,5.5794,NM,128.4783,NM,3.2965,104.4405,63.6411,63.642,0.0,0.0,0,80821.5473,257.3539,95.1335,51.2675,87.2074,3.3917,2.802,103.9625,1,39951.0,2.2,0.0,0.0,24.4458,27.38051184433164,29.018496446700507,25.926679357021996,103.9625,0.0
6216,2015-10-28,SZSE:000768,0.663,27.68,26.8281,29.2,27.41,76636.0956,28.95,5.2264,NM,120.3478,NM,3.0879,105.2944,56.6682,56.6689,0.0,0.0,0,75644.181,240.868,89.0393,47.9834,82.3712,3.1745,2.6014,72.0578,1,39951.0,2.2,0.0,0.0,24.4458,28.059013547687858,28.30131936416185,26.566409718208092,72.0578,0.0
6217,2015-10-29,SZSE:000768,0.663,28.63,27.7488,29.28,27.48,79266.3084,28.0,5.4057,NM,124.4783,NM,3.1938,103.3606,59.1188,59.1194,0.0,0.0,0,78274.3938,249.2432,92.1353,49.6518,85.2354,3.2848,2.6919,70.0916,1,39951.0,2.2,0.0,0.0,24.4458,27.138190709046455,28.37879371288858,26.634195738735595,70.0916,0.0
6218,2015-10-30,SZSE:000768,0.566,29.18,28.2819,29.68,27.98,80789.0632,28.08,5.5096,NM,126.8696,NM,3.2552,103.4887,60.5111,60.5118,0.0,0.0,0,79797.1486,254.092,93.9277,50.6177,86.1021,3.3487,2.7568,66.4607,1,39951.0,2.2,0.0,0.0,24.4458,27.21575572309801,28.76651103495545,27.118833516106925,66.4607,0.0
6219,2015-11-02,SZSE:000768,0.566,27.72,26.8668,30.5,27.5,76746.8414,29.28,5.2339,NM,120.5217,NM,3.0923,102.9321,55.1422,55.1427,0.0,0.0,0,75754.9268,241.2207,89.1697,48.0536,81.7405,3.1791,2.6172,105.8414,1,39951.0,2.2,0.0,0.0,24.4458,28.378784415584416,29.56123376623377,26.653571428571432,105.8414,0.0
6220,2015-11-03,SZSE:000768,0.566,27.26,26.421,28.45,26.39,75473.2646,28.3,5.1471,NM,118.5217,NM,3.041,100.5841,53.5306,53.5311,0.0,0.0,0,74481.35,237.1653,87.6706,47.2457,80.3663,3.1257,2.5732,71.8483,1,39951.0,2.2,0.0,0.0,24.4458,27.428991195891413,27.574374541452677,25.57777659574468,71.8483,0.0
6221,2015-11-04,SZSE:000768,0.566,28.74,27.8554,28.88,27.26,79570.8593,27.5,5.4265,NM,124.9565,NM,3.2061,99.0315,57.8035,57.8041,0.0,0.0,0,78578.9447,250.213,92.4938,49.845,84.7876,3.2976,2.7148,70.8361,1,39951.0,2.2,0.0,0.0,24.4458,26.6535664578984,27.991090883785667,26.420953514265836,70.8361,0.0
6222,2015-11-05,SZSE:000768,0.566,28.73,27.8457,30.0,28.31,79543.1729,28.65,5.4246,NM,124.913,NM,3.205,99.0346,57.7649,57.7654,0.0,0.0,0,78551.2583,250.1248,92.4612,49.8274,84.7578,3.2965,2.7138,84.6146,1,39951.0,2.2,0.0,0.0,24.4458,27.76816237382527,29.076609815523845,27.438627462582666,84.6146,0.0
6223,2015-11-06,SZSE:000768,0.5979,29.18,28.2819,29.85,28.33,80789.0632,28.6,5.5096,NM,126.8696,NM,3.2552,99.0995,59.0905,59.091,0.0,0.0,0,79797.1486,254.092,93.9277,50.6177,86.1021,3.3487,2.7412,75.4167,1,39951.0,2.2,0.0,0.0,24.4458,27.71975119945168,28.931278786840302,27.458061240575738,75.4167,0.0
6224,2015-11-09,SZSE:000768,0.5979,28.85,27.962,29.2,28.02,79875.4103,28.63,5.4473,NM,125.4348,NM,3.2184,98.7816,57.6612,57.6617,0.0,0.0,0,78883.4957,251.1827,92.8523,50.0382,85.1163,3.3104,2.7099,63.6592,1,39951.0,2.2,0.0,0.0,24.4458,27.748771577123048,28.301227036395144,27.157547313691506,63.6592,0.0
6225,2015-11-10,SZSE:000768,0.5979,28.84,27.9523,29.31,28.35,79847.7239,28.86,5.4454,NM,125.3913,NM,3.2173,97.3586,57.6158,57.6162,0.0,0.0,0,78855.8093,251.0946,92.8197,50.1097,85.0864,3.3092,2.7089,59.3717,1,39951.0,2.2,0.0,0.0,24.4458,27.97168439667129,28.40783332177531,27.4773822815534,59.3717,0.0
6226,2015-11-11,SZSE:000768,0.5979,28.42,27.5453,28.8,28.0,78684.8929,28.8,5.3661,NM,123.5652,NM,3.1704,97.3523,55.6312,55.6316,0.0,0.0,0,77692.9783,247.3919,91.4509,49.3708,83.8317,3.2604,2.669,51.2942,1,39951.0,2.2,0.0,0.0,24.4458,27.913604503870516,27.913604503870516,27.13822660098522,51.2942,0.0
6227,2015-11-12,SZSE:000768,0.5979,28.69,27.807,29.14,28.0,79432.4271,28.43,5.4171,NM,124.7391,NM,3.2005,96.5001,56.6646,56.665,0.0,0.0,0,78440.5125,249.7722,92.3308,49.8458,84.6383,3.2918,2.6946,69.1794,1,39951.0,2.2,0.0,0.0,24.4458,27.555002091321015,28.243150226559774,27.138236319275006,69.1794,0.0
6228,2015-11-13,SZSE:000768,0.6901,27.17,26.3337,28.31,27.07,75224.0866,28.31,5.1301,NM,118.1304,NM,3.031,96.1838,49.6531,49.6534,0.0,0.0,0,74232.172,236.3719,87.3773,47.1716,80.0974,3.1152,2.5501,55.6035,1,39951.0,2.2,0.0,0.0,24.4458,27.438610489510488,27.438610489510488,26.23677802723592,55.6035,0.0
6229,2015-11-16,SZSE:000768,0.6901,27.36,26.5179,27.5,26.58,75750.1291,26.88,5.1659,NM,118.9565,NM,3.0522,95.3601,50.478,50.4783,0.0,0.0,0,74758.2145,238.0469,87.9965,47.5059,80.665,3.1373,2.5681,31.1181,1,39951.0,2.2,0.0,0.0,24.4458,26.052673684210525,26.65359100877193,25.761907236842106,31.1181,0.0
6230,2015-11-17,SZSE:000768,0.6901,28.07,27.206,28.96,27.54,77715.8671,27.63,5.3,NM,122.0435,NM,3.1314,94.745,53.5412,53.5415,0.0,0.0,0,76723.9525,244.3063,90.3103,48.755,82.7861,3.2198,2.6357,64.2701,1,39951.0,2.2,0.0,0.0,28.237,26.779543284645527,28.068605628785182,26.692313501959386,64.2701,0.0
6231,2015-11-18,SZSE:000768,0.6901,27.09,26.2562,28.31,27.0,75002.595,28.1,5.115,NM,117.7826,NM,3.022,94.1299,49.0329,49.0331,0.0,0.0,0,74010.6804,235.6666,87.1166,47.0308,79.8584,3.1059,2.5425,34.4399,1,39951.0,2.2,0.0,0.0,28.237,27.235113325950532,27.43864976005906,26.168970099667774,34.4399,0.0
6232,2015-11-19,SZSE:000768,0.6901,27.79,26.9347,27.97,27.08,76940.6465,27.15,5.2471,NM,120.8261,NM,3.1001,94.3513,52.1333,52.1335,0.0,0.0,0,75948.7319,241.8378,89.3978,48.2624,81.9496,3.1872,2.609,27.3903,1,39951.0,2.2,0.0,0.0,28.237,26.314397445124143,27.10916009355883,26.246551853184595,27.3903,0.0
6233,2015-11-20,SZSE:000768,0.7024,28.29,27.4193,28.84,27.68,78324.9691,27.9,5.3415,NM,123.0,NM,3.1559,92.1013,54.273,54.2733,0.0,0.0,0,77333.0545,246.2458,91.0273,49.1421,83.4433,3.2453,2.6566,54.6605,1,39951.0,2.2,0.0,0.0,28.237,27.0413032873807,27.95237228702722,26.828074372569816,54.6605,0.0
6234,2015-11-23,SZSE:000768,0.7024,27.8,26.9444,28.55,27.7,76968.333,28.3,5.249,NM,120.8696,NM,3.1012,90.438,51.8279,51.8281,0.0,0.0,0,75976.4184,241.9259,89.4304,48.28,81.9795,3.1884,2.61,41.6328,1,39951.0,2.2,0.0,0.0,28.237,27.429011510791373,27.671317266187053,26.847477697841725,41.6328,0.0
6235,2015-11-24,SZSE:000768,0.7024,27.2,26.3628,27.78,26.71,75307.1459,27.6,5.1357,NM,118.2609,NM,3.0343,87.9145,48.9215,48.9217,0.0,0.0,0,74315.2313,236.6364,87.475,47.2244,80.187,3.1187,2.5529,35.5779,1,39951.0,2.2,0.0,0.0,28.237,26.75048823529412,26.924947941176473,25.88788191176471,35.5779,0.0
6236,2015-11-25,SZSE:000768,0.7024,27.79,26.9347,28.55,27.65,76940.6465,28.34,5.2471,NM,120.8261,NM,3.1001,85.2392,51.7848,51.785,0.0,0.0,0,75948.7319,241.8378,89.3978,49.3751,83.7884,3.1872,2.6453,45.7741,1,39951.0,2.2,0.0,4.3463,26.9808,27.467772508096438,27.67130928391508,26.799008816120907,45.7741,0.0
6237,2015-11-26,SZSE:000768,0.7024,27.7,26.8474,28.34,27.17,76691.4685,27.73,5.2301,NM,120.4348,NM,3.0901,82.2619,51.3122,51.3124,0.0,0.0,0,75699.5539,241.0443,89.1045,49.2131,83.5135,3.1768,2.6366,45.2035,1,39951.0,2.2,0.0,4.3322,26.9808,26.876476606498194,27.467700938628163,26.33371328519856,45.2035,0.0
6238,2015-11-27,SZSE:000768,0.7559,25.42,24.6376,28.2,25.19,70378.9577,28.04,4.7996,NM,110.5217,NM,2.8357,83.9237,41.0847,41.0848,0.0,0.0,0,69387.0431,220.9439,81.6742,45.1093,76.5494,2.9119,2.4168,60.8776,1,39951.0,2.2,0.0,3.9756,26.9808,27.17695924468922,27.332034618410695,24.414679150275372,60.8776,0.0
6239,2015-11-30,SZSE:000768,0.7559,24.75,23.9882,25.89,23.3,68523.9655,25.42,4.6731,NM,107.6087,NM,2.761,81.7559,38.6469,38.647,0.0,0.0,0,67532.0509,215.0372,79.4907,43.9034,74.5029,2.834,2.3522,44.9865,1,39951.0,2.2,0.0,3.8708,26.9808,24.63757753535354,25.09311103030303,22.58283070707071,44.9865,0.0
6240,2015-12-01,SZSE:000768,0.7559,24.5,23.7459,25.0,24.1,67831.8042,24.84,4.6259,NM,106.5217,NM,2.7331,78.8482,37.7469,37.747,0.0,0.0,0,66839.8896,212.8332,78.676,43.4534,73.7393,2.805,2.328,27.9184,1,39951.0,2.2,0.0,3.8317,26.9808,24.07543493877551,24.230510204081632,23.358211836734693,27.9184,0.0
6241,2015-12-02,SZSE:000768,0.7559,24.75,23.9882,24.76,23.6,68523.9655,24.5,4.6731,NM,107.6087,NM,2.761,75.7239,39.27,39.2701,0.0,0.0,0,67532.0509,215.0372,79.4907,43.9034,74.5029,2.834,2.3522,22.7692,1,39951.0,2.2,0.0,3.8708,26.9808,23.74589494949495,23.9978922020202,22.87359676767677,22.7692,0.0
6242,2015-12-03,SZSE:000768,0.7559,25.01,24.2402,25.01,24.6,69243.8132,24.8,4.7222,NM,108.7391,NM,2.79,75.093,40.8897,40.8898,0.0,0.0,0,68251.8986,217.3293,80.338,44.3713,75.2971,2.8642,2.3772,22.5007,1,39951.0,2.2,0.0,3.9115,26.9808,24.0366637345062,24.2402,23.84281967213115,22.5007,0.0
6243,2015-12-04,SZSE:000768,0.8443,24.57,23.8138,25.18,24.45,68025.6094,24.92,4.6391,NM,106.8261,NM,2.7409,74.5554,38.9943,38.9944,0.0,0.0,0,67033.6948,213.4503,78.9041,43.5794,73.9531,2.8131,2.3348,20.1192,1,39951.0,2.2,0.0,3.8427,26.9808,24.153027920227924,24.405025803825804,23.697493284493284,20.1192,0.0
6244,2015-12-07,SZSE:000768,0.8443,24.58,23.8235,24.75,24.12,68053.2959,24.61,4.641,NM,106.8696,NM,2.742,72.2517,39.0634,39.0635,0.0,0.0,0,67061.3813,213.5385,78.9367,43.5974,73.9837,2.8143,2.3358,16.2633,1,39951.0,2.2,0.0,3.8442,26.9808,23.852576688364525,23.988267900732303,23.3776574450773,16.2633,0.0
6245,2015-12-08,SZSE:000768,0.8443,23.52,22.7961,24.4,23.5,65118.5321,24.4,4.4409,NM,102.2609,NM,2.6238,72.8557,34.5888,34.5889,0.0,0.0,0,64126.6175,204.1935,75.4822,42.4931,73.5673,2.6911,2.2211,23.8802,1,39951.0,2.2,0.0,3.6785,27.0264,23.649015306122447,23.649015306122447,22.77671556122449,23.8802,0.0
6246,2015-12-09,SZSE:000768,0.8443,24.94,24.1724,25.8,23.3,69050.0081,23.48,4.709,NM,108.4348,NM,2.7822,71.8185,43.8652,43.8653,0.0,0.0,0,68058.0935,216.7122,80.1099,45.0983,78.0776,2.8561,2.3573,39.0155,1,39951.0,2.2,0.0,3.9005,27.0264,22.75733568564555,25.00593103448276,22.582875701684042,39.0155,0.0
6247,2015-12-10,SZSE:000768,0.8443,23.94,23.2032,24.8,23.81,66281.363,24.55,4.5202,NM,104.087,NM,2.6706,72.2486,39.6055,39.6056,0.0,0.0,0,65289.4484,207.8962,76.851,43.2637,74.9013,2.7399,2.2614,24.2074,1,39951.0,2.2,0.0,3.7441,27.0264,23.794426065162906,24.03673182957393,23.07720100250626,24.2074,0.0
6248,2015-12-11,SZSE:000768,0.9775,24.15,23.4067,24.56,23.54,66862.7785,23.8,4.5598,NM,105.0,NM,2.6941,72.0304,40.9034,40.9035,0.0,0.0,0,65870.8639,209.7476,77.5353,43.6489,75.5683,2.7643,2.2815,22.1719,1,39951.0,2.2,0.0,3.777,27.0264,23.06747246376812,23.804080828157353,22.815474865424434,22.1719,0.0
6249,2015-12-14,SZSE:000768,0.9775,24.37,23.6199,24.42,23.5,67471.8804,23.85,4.6014,NM,105.9565,NM,2.7186,68.5424,42.3023,42.3023,0.0,0.0,0,66479.9658,211.6871,78.2523,44.0526,76.2671,2.7899,2.3026,30.3495,1,39951.0,2.2,0.0,3.8114,27.0264,23.115905416495693,23.668361017644646,22.776678292983178,30.3495,0.0
6250,2015-12-15,SZSE:000768,0.9775,24.31,23.5618,24.57,24.2,67305.7617,24.3,4.5901,NM,105.6957,NM,2.7119,64.7587,42.0102,42.0103,0.0,0.0,0,66313.8471,211.1582,78.0568,43.9425,76.0765,2.7829,2.2969,25.1339,1,39951.0,2.2,0.0,3.802,27.0264,23.552107774578367,23.81379786096257,23.455185520361994,25.1339,0.0
6251,2015-12-16,SZSE:000768,0.9775,24.65,23.8913,25.08,24.12,68247.101,24.38,4.6543,NM,107.1739,NM,2.7498,62.0202,44.3547,44.3548,0.0,0.0,0,67255.1864,214.1556,79.1648,45.2932,73.9352,2.8224,2.3343,27.8034,1,39951.0,2.2,0.0,3.8552,27.0264,23.62961030425964,24.308065070993916,23.377612819472617,27.8034,0.0
6252,2015-12-17,SZSE:000768,0.9775,24.96,24.1918,25.1,24.57,69105.381,24.76,4.7128,NM,108.5217,NM,2.7844,61.0683,46.4794,46.4795,0.0,0.0,0,68113.4664,216.8885,80.1751,45.8712,74.8787,2.8584,2.3641,30.5089,1,39951.0,2.2,0.0,3.9037,27.0264,23.99795544871795,24.32749118589744,23.813803125,30.5089,0.0
6253,2015-12-18,SZSE:000768,0.9851,24.93,24.1627,25.44,24.8,69022.3216,24.96,4.7071,NM,108.3913,NM,2.7811,60.9387,46.2952,46.2953,0.0,0.0,0,68030.407,216.6241,80.0773,45.8153,74.7874,2.8549,2.3612,29.335,1,39951.0,2.2,0.0,3.899,27.0264,24.191776654632974,24.65700312876053,24.036701163257124,29.335,0.0
6254,2015-12-21,SZSE:000768,0.9851,25.14,24.3662,25.43,24.6,69603.7371,24.85,4.7468,NM,109.3044,NM,2.8045,58.45,47.8533,47.8534,0.0,0.0,0,68611.8225,218.4754,80.7617,46.2068,75.4266,2.8793,2.3814,25.7448,1,39951.0,2.2,0.0,3.9318,27.0264,24.085126093874305,24.647273906125697,23.842821002386636,25.7448,0.0
6255,2015-12-22,SZSE:000768,0.9851,25.25,24.4728,25.53,24.96,69908.288,25.5,4.7675,NM,109.7826,NM,2.8168,58.4436,48.693,48.6931,0.0,0.0,0,68916.3734,219.4452,81.1201,46.4119,75.7614,2.8921,2.3919,25.014,1,39951.0,2.2,0.0,3.949,27.0264,24.71510495049505,24.744181544554454,24.191726257425742,25.014,0.0
6256,2015-12-23,SZSE:000768,0.9851,24.71,23.9495,25.4,24.62,68413.2197,25.28,4.6656,NM,107.4348,NM,2.7565,58.6334,44.873,44.8731,0.0,0.0,0,67421.3051,214.6845,79.3603,45.4051,74.1178,2.8294,2.3401,24.1136,1,39951.0,2.2,0.0,3.8646,27.0264,24.501957102387696,24.618263860785106,23.862269931201944,24.1136,0.0
6257,2015-12-24,SZSE:000768,0.9851,24.17,23.4261,24.78,23.72,66918.1514,24.58,4.5636,NM,105.087,NM,2.6963,58.7994,41.3772,41.3773,0.0,0.0,0,65926.2368,209.9239,77.6005,44.3982,72.4743,2.7666,2.2882,22.5781,1,39951.0,2.2,0.0,3.7801,27.0264,23.823481092263133,24.017325527513446,22.989950020686802,22.5781,0.0
6258,2015-12-25,SZSE:000768,0.962,24.05,23.3098,24.44,23.96,66585.914,24.3,4.541,NM,104.5652,NM,2.6829,56.638,40.6199,40.62,0.0,0.0,0,65593.9994,208.866,77.2094,44.1745,72.109,2.7527,2.2766,23.1817,1,39951.0,2.2,0.0,3.7613,27.0264,23.55210561330561,23.687796756756757,23.22256997920998,23.1817,0.0
6259,2015-12-28,SZSE:000768,0.962,23.84,23.1062,24.56,23.84,66004.4985,24.18,4.5013,NM,103.6522,NM,2.6595,56.6791,39.2656,39.2656,0.0,0.0,0,65012.5839,207.0146,76.5251,43.7829,71.4699,2.7283,2.2565,24.2893,1,39951.0,2.2,0.0,3.7285,27.0264,23.43573473154363,23.804038255033557,23.1062,24.2893,0.0
6260,2015-12-29,SZSE:000768,0.962,23.8,23.0675,23.95,23.35,65893.7527,23.8,4.4938,NM,103.4783,NM,2.655,55.7921,38.9988,38.9989,0.0,0.0,0,64901.8381,206.662,76.3947,43.7083,71.3481,2.7236,2.2526,20.8893,1,39951.0,2.2,0.0,3.7222,27.0264,23.0675,23.212883403361342,22.631349789915966,20.8893,0.0
6261,2015-12-30,SZSE:000768,0.962,24.8,24.0367,25.0,23.76,68662.3978,23.9,4.6826,NM,107.8261,NM,2.7666,53.0014,48.4304,48.4305,0.0,0.0,0,67670.4832,215.478,79.6536,45.5729,74.3917,2.8398,2.3487,46.6185,1,39951.0,2.2,0.0,3.8786,27.0264,23.164400403225805,24.23054435483871,23.02870935483871,46.6185,0.0
6262,2015-12-31,SZSE:000768,0.962,24.77,24.0076,25.1,24.58,68579.3384,24.75,4.6769,NM,107.6957,NM,2.7632,52.5602,48.1897,48.1898,0.0,0.0,0,67587.4238,215.2135,79.5559,45.5169,74.3004,2.8364,2.3458,31.6996,1,39951.0,2.2,0.0,3.8739,27.0264,23.988215583366976,24.327442874444895,23.82344804198627,31.6996,0.0
6263,2016-01-01,SZSE:000768,0.9504,0.0,24.0076,0.0,0.0,68579.3384,0.0,4.6769,NM,107.6957,NM,2.7632,52.5602,48.1897,48.1898,0.0,0.0,0,67587.4238,215.2135,79.5559,45.5169,74.3004,2.8364,2.3458,0.0,1,39951.0,2.2,0.0,3.8739,27.0264,0.0,0.0,0.0,0.0,0.0
6264,2016-01-04,SZSE:000768,0.9504,22.87,22.1661,25.74,22.51,63318.9128,25.31,4.3182,NM,99.4348,NM,2.5513,54.6331,35.9892,35.9892,0.0,0.0,0,62326.9982,198.4631,73.3639,41.9743,68.5175,2.6156,2.1632,43.7306,1,39951.0,2.2,0.0,3.5768,27.0264,24.53100091823349,24.947766243987758,21.81718019239178,43.7306,0.0
6265,2016-01-05,SZSE:000768,0.9504,23.62,22.893,23.86,21.51,65395.3966,22.0,4.4598,NM,102.6957,NM,2.6349,54.5635,42.209,42.209,0.0,0.0,0,64403.482,205.0751,75.8081,43.3727,70.8003,2.7027,2.2353,44.6884,1,39951.0,2.2,0.0,3.6941,27.0264,21.322861981371716,23.12561303979678,20.84794369178662,44.6884,0.0
6266,2016-01-06,SZSE:000768,0.9504,24.09,23.3485,24.35,23.5,66696.6598,23.62,4.5485,NM,104.7391,NM,2.6874,54.2568,45.7655,45.7655,0.0,0.0,0,65704.7452,209.2186,77.3398,44.249,72.2308,2.7573,2.2805,34.181,1,39951.0,2.2,0.0,3.7676,25.4542,22.89296679119967,23.600497094229972,22.776660440016606,34.181,0.0
6267,2016-01-07,SZSE:000768,0.9504,21.72,21.0515,23.88,21.68,60134.9709,23.6,4.101,NM,94.4348,NM,2.423,57.612,34.302,34.3021,0.0,0.0,0,59143.0563,188.3247,69.6162,39.8301,65.0173,2.482,2.0527,10.1205,1,39951.0,2.2,0.0,3.3969,25.4542,22.873637200736653,23.145019337016574,21.012731123388583,10.1205,0.0
6268,2016-01-08,SZSE:000768,1.046,21.67,21.003,23.2,20.7,59996.5387,23.0,4.0916,NM,94.2174,NM,2.4174,57.2673,34.1079,34.1079,0.0,0.0,0,59004.6241,187.8839,69.4532,39.7368,64.8652,2.4762,2.0479,46.116,1,39951.0,2.2,0.0,3.3891,25.4542,22.292062759575447,22.485906783571757,20.062856483617903,46.116,0.0
6269,2016-01-11,SZSE:000768,1.046,19.88,19.2681,21.47,19.5,55040.664,21.0,3.7536,288.2329,86.4348,NM,2.2177,59.0745,27.9994,27.9994,0.0,0.0,0,54048.7494,172.1033,63.6198,36.3993,59.4171,2.2682,1.8759,36.4077,1,39951.0,2.2,0.0,3.1092,25.4542,20.353626760563383,20.809160311871228,18.899796277666,36.4077,0.0
6270,2016-01-12,SZSE:000768,1.046,19.62,19.0161,20.29,18.93,54320.8163,20.0,3.7045,284.4633,85.3044,NM,2.1887,58.5859,27.2364,27.2364,0.0,0.0,0,53328.9017,169.8112,62.7724,35.9145,58.6257,2.238,1.8509,23.2872,1,39951.0,2.2,0.0,3.0685,25.4542,19.384403669724772,19.66547752293578,18.347338073394496,23.2872,0.0
6271,2016-01-13,SZSE:000768,1.046,18.16,17.6011,19.98,18.13,50278.5945,19.78,3.4289,263.2953,78.9565,NM,2.0258,60.2335,23.383,23.383,0.0,0.0,0,49286.6799,156.9398,58.0144,33.1922,54.182,2.0683,1.7106,23.2075,1,39951.0,2.2,0.0,2.8402,25.4542,19.171242180616737,19.365086894273126,17.57202329295154,23.2075,0.0
6272,2016-01-14,SZSE:000768,1.046,19.35,18.7544,19.65,17.46,53573.2821,17.81,3.6535,280.5486,84.1304,NM,2.1586,61.6771,31.8468,31.8468,0.0,0.0,0,52581.3675,167.4309,61.8925,36.7183,61.9855,2.2066,1.8407,31.8482,1,39951.0,2.2,0.0,3.0263,26.726,17.26180175710594,19.045165891472866,16.92257488372093,31.8482,0.0
6273,2016-01-15,SZSE:000768,1.1363,18.76,18.1826,20.22,18.65,51939.7815,19.08,3.5421,271.9944,81.5652,NM,2.0928,61.5,30.0729,30.073,0.0,0.0,0,50947.8669,162.2294,59.9698,35.5776,60.0598,2.1381,1.7835,35.5448,1,39951.0,2.2,0.0,2.934,26.726,18.49275095948827,19.59766375266524,18.075985607675904,35.5448,0.0
6274,2016-01-18,SZSE:000768,1.1363,19.06,18.4734,19.33,17.96,52770.3751,18.0,3.5988,276.3440,82.8696,NM,2.1262,61.451,32.1426,32.1426,0.0,0.0,0,51778.4605,164.8742,60.9474,36.2288,61.2525,2.1729,1.8513,26.2945,1,39951.0,2.2,0.0,2.9809,26.676,17.446023084994756,18.73509034627492,17.40725414480588,26.2945,0.0
6275,2016-01-19,SZSE:000768,1.1363,20.05,19.4329,20.55,18.58,55511.3337,19.04,3.7857,290.6977,87.1739,NM,2.2367,62.2226,38.6007,38.6007,0.0,0.0,0,54519.4191,173.6021,64.1738,38.1466,64.4949,2.2879,1.9493,36.253,1,39951.0,2.2,0.0,3.1358,26.676,18.45398583541147,19.91751097256858,18.008143740648375,36.253,0.0
6276,2016-01-20,SZSE:000768,1.1363,19.67,19.0646,20.55,19.6,54459.2486,19.95,3.714,285.1882,85.5217,NM,2.1943,61.9,37.1396,37.1396,0.0,0.0,0,53467.334,170.252,62.9354,37.4105,63.2504,2.2438,1.9116,32.6879,1,39951.0,2.2,0.0,3.0763,26.676,19.335982206405692,19.917515505846463,18.996754448398576,32.6879,0.0
6277,2016-01-21,SZSE:000768,1.1363,18.58,18.0081,19.98,18.52,51441.4254,19.29,3.5082,269.3847,80.7826,NM,2.0727,60.4675,33.2516,33.2516,0.0,0.0,0,50449.5108,160.6426,59.3832,35.299,59.6804,2.1171,1.8037,22.1123,1,39951.0,2.2,0.0,2.9059,26.676,18.696245909580195,19.36500742734123,17.94994682454252,22.1123,0.0
6278,2016-01-22,SZSE:000768,0.9748,19.04,18.454,19.48,18.3,52715.0022,18.99,3.595,276.0541,82.7826,NM,2.124,59.299,36.2831,36.2831,0.0,0.0,0,51723.0876,164.6979,60.8823,36.1901,61.187,2.1706,1.8493,21.3906,1,39951.0,2.2,0.0,2.9778,26.676,18.40553886554622,18.88045798319328,17.736775210084033,21.3906,0.0
6279,2016-01-25,SZSE:000768,0.9748,19.13,18.5412,19.5,18.99,52964.1802,19.12,3.612,277.3589,83.1739,NM,2.1341,58.9638,36.8871,36.8871,0.0,0.0,0,51972.2656,165.4913,61.1756,36.3644,61.4817,2.1811,1.8582,17.5287,1,39951.0,2.2,0.0,2.9919,26.676,18.531507788813382,18.899811813904865,18.40550904338735,17.5287,0.0
6280,2016-01-26,SZSE:000768,0.9748,17.42,16.8838,19.47,17.23,48229.7971,18.79,3.2891,252.5663,75.7391,NM,1.9433,58.8674,30.895,30.895,0.0,0.0,0,47237.8825,150.416,55.6028,33.0518,55.8811,1.9824,1.6889,28.5055,1,39951.0,2.2,0.0,2.7244,26.676,18.21163042479908,18.870699540757748,16.69964833524684,28.5055,0.0
6281,2016-01-27,SZSE:000768,0.9748,18.08,17.5235,18.56,15.8,50057.1029,17.66,3.4138,262.1354,78.6087,NM,2.0169,58.9765,35.2659,35.2659,0.0,0.0,0,49065.1883,156.2346,57.7537,34.3304,58.0427,2.0591,1.7542,39.818,1,39951.0,2.2,0.0,2.8277,26.676,17.116427544247788,17.988725663716814,15.313678097345132,39.818,0.0
6282,2016-01-28,SZSE:000768,0.9748,16.78,16.2635,17.75,16.51,46457.8643,17.37,3.1683,243.2871,72.9565,NM,1.8719,59.3575,31.0941,31.0941,0.0,0.0,0,45465.9497,144.7738,53.5171,31.812,53.7849,1.908,1.6256,24.9199,1,39951.0,2.2,0.0,2.6243,26.676,16.83533939213349,17.20364272943981,16.001810786650775,24.9199,0.0
6283,2016-01-29,SZSE:000768,0.7839,17.29,16.7578,17.7,16.41,47869.8733,16.75,3.2646,250.6814,75.1739,NM,1.9288,59.2579,34.374,34.374,0.0,0.0,0,46877.9587,149.2699,55.1792,32.8,55.4553,1.9673,1.676,29.4103,1,39951.0,2.2,0.0,2.7041,26.676,16.23442163100058,17.15517987275882,15.904887102371312,29.4103,0.0
6284,2016-02-01,SZSE:000768,0.7839,16.57,16.06,17.38,16.3,45876.4488,17.24,3.1286,240.2424,72.0435,NM,1.8485,59.4002,32.0543,32.0543,0.0,0.0,0,44884.5342,142.9224,52.8327,31.4052,53.0971,1.8836,1.6048,21.9962,1,39951.0,2.2,0.0,2.5915,26.676,16.709378394689196,16.8450694025347,15.798310199155098,21.9962,0.0
6285,2016-02-02,SZSE:000768,0.7839,17.1,16.5737,17.41,16.7,47343.8307,16.8,3.2287,247.9267,74.3478,NM,1.9076,59.299,35.5046,35.5046,0.0,0.0,0,46351.9161,147.5949,54.56,32.4319,54.833,1.9452,1.6572,26.2262,1,39951.0,2.2,0.0,2.6744,26.676,16.282933333333332,16.874158888888886,16.186011111111107,26.2262,0.0
6286,2016-02-03,SZSE:000768,0.7839,17.2,16.6706,17.37,16.63,47620.6952,16.8,3.2476,249.3766,74.7826,NM,1.9188,59.3259,36.1633,36.1633,0.0,0.0,0,46628.7806,148.4765,54.8858,32.6257,55.1605,1.9568,1.6671,22.9544,1,39951.0,2.2,0.0,2.69,26.676,16.282911627906977,16.835367558139538,16.118144069767443,22.9544,0.0
6287,2016-02-04,SZSE:000768,0.7839,17.68,17.1358,17.78,17.34,48949.6449,17.48,3.3382,256.3359,76.8696,NM,1.9723,58.529,39.3644,39.3644,0.0,0.0,0,47957.7303,152.7082,56.4501,33.5555,56.7326,2.0126,1.7147,25.1484,1,39951.0,2.2,0.0,2.7651,26.676,16.941956108597285,17.232721945701357,16.806265384615383,25.1484,0.0
6288,2016-02-05,SZSE:000768,0.8148,17.41,16.8741,17.83,17.4,48202.1107,17.7,3.2872,252.4213,75.6957,NM,1.9422,58.5322,38.2039,38.2039,0.0,0.0,0,47210.1961,150.3278,55.5702,33.0325,55.8483,1.9812,1.6879,19.5835,1,39951.0,2.2,0.0,2.7229,26.676,17.155173463526705,17.28117191269385,16.864407811602522,19.5835,0.0
6289,2016-02-08,SZSE:000768,0.8148,0.0,16.8741,0.0,0.0,48202.1107,0.0,3.2872,252.4213,75.6957,NM,1.9422,58.5322,38.2039,38.2039,0.0,0.0,0,47210.1961,150.3278,55.5702,33.0325,55.8483,1.9812,1.6879,0.0,1,39951.0,2.2,0.0,2.7229,26.676,0.0,0.0,0.0,0.0,0.0
6290,2016-02-09,SZSE:000768,0.8148,0.0,16.8741,0.0,0.0,48202.1107,0.0,3.2872,252.4213,75.6957,NM,1.9422,58.5322,38.2039,38.2039,0.0,0.0,0,47210.1961,150.3278,55.5702,33.0325,55.8483,1.9812,1.6879,0.0,1,39951.0,2.2,0.0,2.7229,26.676,0.0,0.0,0.0,0.0,0.0
6291,2016-02-10,SZSE:000768,0.8148,0.0,16.8741,0.0,0.0,48202.1107,0.0,3.2872,252.4213,75.6957,NM,1.9422,58.5322,38.2039,38.2039,0.0,0.0,0,47210.1961,150.3278,55.5702,33.0325,55.8483,1.9812,1.6879,0.0,1,39951.0,2.2,0.0,2.7229,26.676,0.0,0.0,0.0,0.0,0.0
6292,2016-02-11,SZSE:000768,0.8148,0.0,16.8741,0.0,0.0,48202.1107,0.0,3.2872,252.4213,75.6957,NM,1.9422,58.5322,38.2039,38.2039,0.0,0.0,0,47210.1961,150.3278,55.5702,33.0325,55.8483,1.9812,1.6879,0.0,1,39951.0,2.2,0.0,2.7229,26.676,0.0,0.0,0.0,0.0,0.0
6293,2016-02-12,SZSE:000768,0.7795,0.0,16.8741,0.0,0.0,48202.1107,0.0,3.2872,252.4213,75.6957,NM,1.9422,58.5322,38.2039,38.2039,0.0,0.0,0,47210.1961,150.3278,55.5702,33.0325,55.8483,1.9812,1.6879,0.0,1,39951.0,2.2,0.0,2.7229,26.676,0.0,0.0,0.0,0.0,0.0
6294,2016-02-15,SZSE:000768,0.7795,17.83,17.2812,17.99,16.6,49364.9416,16.65,3.3665,258.5107,77.5217,NM,1.989,60.2034,41.1122,41.1122,0.0,0.0,0,48373.027,154.0306,56.939,33.8461,57.2239,2.03,1.7295,25.0407,1,39951.0,2.2,0.0,2.7886,26.676,16.1375199102636,17.436275266404934,16.08905888951206,25.0407,0.0
6295,2016-02-16,SZSE:000768,0.7795,18.47,17.9015,18.75,17.81,51136.8745,18.03,3.4874,267.7898,80.3044,NM,2.0604,60.7568,45.3341,45.3341,0.0,0.0,0,50144.9599,159.6728,59.0247,35.0859,59.3201,2.1044,1.7929,28.104,1,39951.0,2.2,0.0,2.8887,26.676,17.475043042772064,18.17288170005414,17.261814564158094,28.104,0.0
6296,2016-02-17,SZSE:000768,0.7795,19.0,18.4152,19.79,18.37,52604.2564,18.4,3.5875,275.4741,75.3072,NM,2.1196,60.8185,48.6193,48.6193,0.0,0.0,0,51612.3418,164.3453,60.7519,36.1126,61.0559,2.1659,1.8453,37.5465,1,39951.0,2.2,0.0,2.7089,26.676,17.83366736842105,19.180884631578945,17.804590736842105,37.5465,0.0
6297,2016-02-18,SZSE:000768,0.7795,18.64,18.0663,19.17,18.6,51607.5441,19.12,3.5195,270.2546,73.8803,NM,2.0794,60.5782,46.572,46.572,0.0,0.0,0,50615.6295,161.1715,59.5787,35.4152,59.8769,2.1241,1.8097,23.829,1,39951.0,2.2,0.0,2.6576,26.676,18.53152660944206,18.579987714592274,18.027531115879828,23.829,0.0
6298,2016-02-19,SZSE:000768,0.8616,19.3,18.706,19.89,18.53,53434.8499,18.64,3.6441,279.8237,76.4962,NM,2.153,60.8138,50.6729,50.6729,0.0,0.0,0,52442.9353,166.9901,61.7296,36.6938,62.0385,2.2008,1.875,33.7543,1,39951.0,2.2,0.0,2.7517,26.676,18.066312953367873,19.277841450777203,17.959698445595855,33.7543,0.0
6299,2016-02-22,SZSE:000768,0.8616,19.49,18.8901,19.84,19.33,53960.8924,19.4,3.68,282.5784,77.2493,NM,2.1742,60.7015,51.8195,51.8195,0.0,0.0,0,52968.9778,168.6651,62.3488,37.0618,62.6608,2.2229,1.8938,29.4232,1,39951.0,2.2,0.0,2.7788,26.676,18.802870189840945,19.22932703950744,18.735024781939458,29.4232,0.0
6300,2016-02-23,SZSE:000768,0.8616,19.12,18.5315,19.69,18.91,52936.4938,19.61,3.6101,277.2139,75.7828,NM,2.1329,60.7157,49.4109,49.4109,0.0,0.0,0,51944.5792,165.4032,61.143,36.3451,61.449,2.1799,1.8572,24.4971,1,39951.0,2.2,0.0,2.726,26.676,19.006418148535566,19.08395580543933,18.327963650627616,24.4971,0.0
6301,2016-02-24,SZSE:000768,0.8616,19.38,18.7835,19.59,18.82,53656.3415,19.23,3.6592,280.9836,76.8133,NM,2.1619,60.76,51.1299,51.1299,0.0,0.0,0,52664.4269,167.6953,61.9903,36.8487,62.3005,2.2101,1.8829,26.3,1,39951.0,2.2,0.0,2.7631,26.676,18.638116873065016,18.987036377708982,18.240736326109392,26.3,0.0
6302,2016-02-25,SZSE:000768,0.8616,17.44,16.9032,19.36,17.44,48285.17,19.36,3.2929,252.8562,69.1241,NM,1.9455,63.8084,40.1638,40.1638,0.0,0.0,0,47293.2554,150.5923,55.668,33.0906,55.9466,1.9847,1.6909,36.8887,1,39951.0,2.2,0.0,2.4865,26.676,18.76410275229357,18.76410275229357,16.9032,36.8887,0.0
6303,2016-02-26,SZSE:000768,0.8265,17.21,16.6803,17.74,16.9,47648.3817,17.55,3.2495,249.5215,68.2125,NM,1.9199,63.8116,39.0933,39.0933,0.0,0.0,0,46656.4671,148.5647,54.9184,32.645,55.1933,1.958,1.6681,23.0458,1,39951.0,2.2,0.0,2.4537,26.676,17.009835270191747,17.19398733294596,16.379841371295754,23.0458,0.0
6304,2016-02-29,SZSE:000768,0.8265,16.16,15.6626,17.35,15.8,44741.3044,17.22,3.0512,234.2980,64.0507,NM,1.8027,62.787,34.564,34.564,0.0,0.0,0,43749.3898,139.3079,51.4966,30.611,51.7543,1.836,1.5642,24.4974,1,39951.0,2.2,0.0,2.304,26.676,16.689973514851484,16.81597215346535,15.313680693069307,24.4974,0.0
6305,2016-03-01,SZSE:000768,0.8265,16.66,16.1472,17.2,16.2,46125.6269,16.37,3.1456,241.5473,66.0325,NM,1.8585,63.6693,38.2338,38.2338,0.0,0.0,0,45133.7123,143.7159,53.126,31.5796,53.3919,1.8941,1.6137,27.2627,1,39951.0,2.2,0.0,2.3753,26.676,15.866126290516208,16.67057863145258,15.701358943577432,27.2627,0.0
6306,2016-03-02,SZSE:000768,0.8265,17.67,17.1261,17.7,16.59,48921.9584,16.69,3.3363,256.1909,70.0357,NM,1.9712,64.9959,44.9499,44.9499,0.0,0.0,0,47930.0438,152.62,56.4175,33.5361,56.6999,2.0114,1.7137,32.6359,1,39951.0,2.2,0.0,2.5193,26.676,16.17626536502547,17.155176570458405,16.07934346349745,32.6359,0.0
6307,2016-03-03,SZSE:000768,0.8265,17.55,17.0098,18.26,17.55,48589.721,17.98,3.3137,254.4511,69.5601,NM,1.9578,64.9073,44.3331,44.3331,0.0,0.0,0,47597.8064,151.5621,56.0265,33.3037,56.3069,1.9975,1.7018,36.6109,1,39951.0,2.2,0.0,2.5022,26.676,17.42656433048433,17.697945754985756,17.0098,36.6109,0.0
6308,2016-03-04,SZSE:000768,0.7691,17.61,17.068,18.15,17.02,48755.8397,17.46,3.325,255.3210,69.7979,NM,1.9645,64.8884,44.7414,44.7414,0.0,0.0,0,47763.9251,152.091,56.222,33.4199,56.5034,2.0044,1.7077,35.4644,1,39951.0,2.2,0.0,2.5107,26.676,16.922616695059627,17.59137989778535,16.49615900056786,35.4644,0.0
6309,2016-03-07,SZSE:000768,0.7691,18.35,17.7852,18.5,17.75,50804.6371,17.75,3.4647,266.0500,72.7309,NM,2.047,65.5904,49.6467,49.6467,0.0,0.0,0,49812.7225,158.6149,58.6336,34.8534,58.9271,2.0904,1.781,38.4595,1,39951.0,2.2,0.0,2.6162,26.676,17.203667574931877,17.93058310626703,17.203667574931877,38.4595,0.0
6310,2016-03-08,SZSE:000768,0.7691,17.99,17.4363,18.2,17.2,49807.9248,18.2,3.3968,260.8305,71.304,NM,2.0069,65.1556,47.4404,47.4404,0.0,0.0,0,48816.0102,155.4411,57.4604,34.156,57.748,2.0486,1.7453,31.0422,1,39951.0,2.2,0.0,2.5649,25.2767,17.639836575875485,17.639836575875485,16.670614785992218,31.0422,0.0
6311,2016-03-09,SZSE:000768,0.7691,17.57,17.0292,18.35,17.4,48645.0939,17.51,3.3175,254.7411,69.6393,NM,1.96,63.9065,44.9316,44.9316,0.0,0.0,0,47653.1793,151.7384,56.0916,33.3424,56.3724,1.9998,1.7038,29.1531,1,39951.0,2.2,0.0,2.505,25.2767,16.971046784291406,17.785191804211728,16.864432555492314,29.1531,0.0
6312,2016-03-10,SZSE:000768,0.7691,17.17,16.6415,17.77,17.1,47537.6359,17.51,3.2419,248.9416,68.0539,NM,1.9154,63.5887,42.62,42.62,0.0,0.0,0,46545.7213,148.212,54.7881,32.5675,55.0623,1.9533,1.6642,17.9993,1,39951.0,2.2,0.0,2.448,25.2767,16.97103465346535,17.223031741409436,16.5736546301689,17.9993,0.0
6313,2016-03-11,SZSE:000768,0.769,16.88,16.3605,17.3,16.79,46734.7288,16.99,3.1872,244.7370,66.9045,NM,1.8831,63.5602,40.9741,40.9741,0.0,0.0,0,45742.8142,145.6554,53.843,32.0058,54.1125,1.9196,1.6355,15.2872,1,39951.0,2.2,0.0,2.4066,25.2767,16.46711463270142,16.7675740521327,16.273269845971562,15.2872,0.0
6314,2016-03-14,SZSE:000768,0.769,17.42,16.8838,17.73,17.05,48229.7971,17.2,3.2891,252.5663,69.0448,NM,1.9433,63.9555,45.2165,45.2165,0.0,0.0,0,47237.8825,150.416,55.6028,33.0518,55.8811,1.9824,1.6889,22.0671,1,39951.0,2.2,0.0,2.4836,25.2767,16.670571756601607,17.184257979334095,16.52518886337543,22.0671,0.0
6315,2016-03-15,SZSE:000768,0.769,17.4,16.8645,17.93,17.2,48174.4242,17.35,3.2854,252.2763,68.9655,NM,1.9411,63.9602,45.0873,45.0873,0.0,0.0,0,47182.5096,150.2397,55.5376,33.0131,55.8156,1.98,1.6869,20.4543,1,39951.0,2.2,0.0,2.4808,25.2767,16.816038793103452,17.378188793103448,16.67065517241379,20.4543,0.0
6316,2016-03-16,SZSE:000768,0.769,16.99,16.4671,17.59,16.94,47039.2798,17.5,3.2079,246.3318,67.3405,NM,1.8953,63.9333,42.4108,42.4108,0.0,0.0,0,46047.3652,146.6251,54.2015,32.2188,54.4727,1.9324,1.6463,16.4875,1,39951.0,2.2,0.0,2.4223,25.2767,16.96140376692172,17.04863384343732,16.418638846380226,16.4875,0.0
6317,2016-03-17,SZSE:000768,0.769,17.5,16.9614,17.65,17.09,48451.2887,17.1,3.3042,253.7262,74.4364,NM,1.9522,64.2464,46.653,46.653,0.0,0.0,0,47459.3741,151.1213,55.8635,33.2068,56.1431,1.9917,1.6968,24.143,1,39951.0,2.2,0.0,2.6776,22.192,16.57371085714286,17.10678342857143,16.56401862857143,24.143,0.0
6318,2016-03-18,SZSE:000768,0.805,18.3,17.7368,18.42,17.55,50666.2048,17.55,3.4553,265.3251,77.8392,NM,2.0415,65.0844,52.5568,52.5568,0.0,0.0,0,49674.2902,158.1741,58.4707,34.7566,58.7633,2.0846,1.776,45.036,1,39951.0,2.2,0.0,2.8,22.192,17.00988196721311,17.853106885245904,17.00988196721311,45.036,0.0
6319,2016-03-21,SZSE:000768,0.805,18.76,18.1826,18.79,18.22,51939.7815,18.63,3.5421,271.9944,79.7958,NM,2.0928,65.32,55.5995,55.5995,0.0,0.0,0,50947.8669,162.2294,59.9698,35.6477,60.2699,2.1381,1.8216,44.457,1,39951.0,2.2,0.0,2.8704,22.192,18.05660117270789,18.211676652452024,17.659220255863538,44.457,0.0
6320,2016-03-22,SZSE:000768,0.805,19.2,18.6091,19.71,18.39,53157.9854,18.59,3.6252,278.3738,81.6674,NM,2.1419,65.5509,58.351,58.351,0.0,0.0,0,52166.0708,166.1085,61.4037,36.5,61.711,2.1892,1.8651,63.8917,1,39951.0,2.2,0.0,2.9377,22.192,18.017873385416667,19.103404218750004,17.824028593750004,63.8917,0.0
6321,2016-03-23,SZSE:000768,0.805,19.0,18.4152,19.29,18.75,52604.2564,19.01,3.5875,275.4741,80.8167,NM,2.1196,65.4655,56.633,56.633,0.0,0.0,0,51612.3418,164.3453,60.7519,36.1126,61.0559,2.1659,1.8453,31.0349,1,39951.0,2.2,0.0,2.9071,22.192,18.424892210526316,18.696274105263157,18.172894736842103,31.0349,0.0
6322,2016-03-24,SZSE:000768,0.805,19.06,18.4734,19.97,18.72,52770.3751,18.9,3.5988,276.3440,81.0719,NM,2.1262,65.3785,57.0417,57.0417,0.0,0.0,0,51778.4605,164.8742,60.9474,36.2288,61.2525,2.1729,1.8513,53.5549,1,39951.0,2.2,0.0,2.9159,22.192,18.318324239244493,19.355393389296957,18.143864008394548,53.5549,0.0
6323,2016-03-25,SZSE:000768,0.7841,19.14,18.5509,19.41,18.78,52991.8667,18.89,3.6139,277.5039,81.4122,NM,2.1352,65.4006,57.6151,57.6151,0.0,0.0,0,51999.9521,165.5795,61.2082,36.3838,61.5145,2.1822,1.8592,27.3081,1,39951.0,2.2,0.0,2.9282,22.192,18.308594618599788,18.812589811912225,18.2019802507837,27.3081,0.0
6324,2016-03-28,SZSE:000768,0.7841,18.83,18.2504,19.6,18.79,52133.5867,19.35,3.4177,127.1438,74.2245,NM,2.1092,65.4433,54.5749,54.5749,0.0,0.0,0,50256.6434,148.5369,60.1408,33.3877,55.4181,2.084,1.7267,28.66,1,39951.0,2.2,3.3347,2.6696,22.192,18.75439405204461,18.996698884758366,18.2116312267658,28.66,0.0
6325,2016-03-29,SZSE:000768,0.7841,18.53,17.9597,19.25,18.5,51302.9932,18.82,3.3632,125.1182,73.0419,NM,2.0756,65.4876,51.7302,51.7302,0.0,0.0,0,49426.0498,146.082,59.1468,32.8359,54.5022,2.0495,1.6982,24.5502,1,39951.0,2.2,3.2816,2.6271,22.192,18.24077463572585,18.65754047490556,17.930623313545603,24.5502,0.0
6326,2016-03-30,SZSE:000768,0.7841,19.15,18.5606,19.28,18.53,53019.5531,18.73,3.4758,129.3045,75.4858,NM,2.145,65.2631,56.748,56.748,0.0,0.0,0,51142.6098,151.1554,61.201,33.9763,104.3727,2.1207,1.784,28.1326,1,39951.0,2.2,3.3914,2.715,22.192,18.15352678851175,18.68659885117494,17.959682402088777,28.1326,0.0
6327,2016-03-31,SZSE:000768,0.7841,19.35,18.7544,19.96,18.97,53573.2821,19.27,3.5121,130.6550,76.2742,NM,2.1674,65.3311,58.2555,58.2555,0.0,0.0,0,51696.3388,152.792,61.8636,34.3442,105.5027,2.1437,1.8033,40.3791,1,39951.0,2.2,3.4268,2.7434,22.192,18.676862428940566,19.345623979328163,18.386096537467697,40.3791,0.0
6328,2016-04-01,SZSE:000768,0.7168,19.16,18.5703,19.39,18.72,53047.2396,19.16,3.4776,129.3721,75.5253,NM,2.1461,64.7856,56.2497,56.2497,0.0,0.0,0,51170.2962,151.2373,61.2341,33.9947,104.4292,2.1219,1.785,26.2372,1,39951.0,2.2,3.3932,2.7164,22.192,18.5703,18.793221137787057,18.143842171189977,26.2372,0.0
6329,2016-04-04,SZSE:000768,0.7168,0.0,18.5703,0.0,0.0,53047.2396,0.0,3.4776,129.3721,75.5253,NM,2.1461,64.7856,56.2497,56.2497,0.0,0.0,0,51170.2962,151.2373,61.2341,33.9947,104.4292,2.1219,1.785,0.0,1,39951.0,2.2,3.3932,2.7164,22.192,0.0,0.0,0.0,0.0,0.0
6330,2016-04-05,SZSE:000768,0.7168,19.48,18.8804,19.64,19.02,53933.206,19.1,3.5357,131.5328,76.7866,NM,2.182,63.1048,58.8213,58.8213,0.0,0.0,0,52056.2627,153.8558,62.2943,34.5833,106.2373,2.1586,1.8159,27.2399,1,39951.0,2.2,3.4498,2.7618,21.5853,18.512096509240248,19.035475154004107,18.434558932238193,27.2399,0.0
6331,2016-04-06,SZSE:000768,0.7168,19.55,18.9483,19.78,19.22,54127.0111,19.39,3.5484,132.0054,77.0626,NM,2.1898,62.9388,59.3837,59.3837,0.0,0.0,0,52250.0678,154.4286,62.5262,34.712,106.6328,2.1666,1.8226,31.8865,1,39951.0,2.2,3.4622,2.7717,21.5853,18.79322439897698,19.17122117647059,18.628456572890023,31.8865,0.0
6332,2016-04-07,SZSE:000768,0.7168,18.93,18.3474,19.67,18.9,52410.4512,19.63,3.4358,127.8190,74.6186,NM,2.1204,59.6817,52.5392,52.5392,0.0,0.0,0,50533.5079,149.3552,60.4721,33.5716,103.1296,2.0955,1.7628,28.1486,1,39951.0,2.2,3.3524,2.6838,21.5853,19.025856418383515,19.064625356576865,18.31832329635499,28.1486,0.0
6333,2016-04-08,SZSE:000768,0.8129,18.76,18.1826,19.08,18.52,51939.7815,18.78,3.405,126.6712,73.9485,NM,2.1013,59.6975,50.8099,50.8099,0.0,0.0,0,50062.8382,147.9641,59.9088,33.259,102.1691,2.0759,1.7463,19.5999,1,39951.0,2.2,3.3223,2.6597,21.5853,18.20198443496802,18.49275095948827,17.949986780383796,19.5999,0.0
6334,2016-04-11,SZSE:000768,0.8129,19.15,18.5606,19.22,18.86,53019.5531,18.88,3.4758,129.3045,75.4858,NM,2.145,57.2341,54.5091,54.5091,0.0,0.0,0,51142.6098,151.1554,61.201,33.9763,104.3727,2.1207,1.784,19.1031,1,39951.0,2.2,3.3914,2.715,21.5853,18.298910078328984,18.62844553524804,18.279525639686685,19.1031,0.0
6335,2016-04-12,SZSE:000768,0.8129,18.86,18.2795,19.15,18.71,52216.646,19.15,3.4231,127.3464,74.3427,NM,2.1125,57.2562,51.413,51.413,0.0,0.0,0,50339.7027,148.7824,60.2401,33.4429,102.7341,2.0874,1.756,15.3814,1,39951.0,2.2,3.34,2.6739,21.5853,18.560573966065746,18.560573966065746,18.134116914103924,15.3814,0.0
6336,2016-04-13,SZSE:000768,0.8129,19.27,18.6769,19.57,19.0,53351.7905,19.05,3.4975,130.1148,75.9589,NM,2.1585,55.1264,55.2804,55.2804,0.0,0.0,0,51474.8472,152.1374,61.5985,34.197,105.0507,2.1345,1.7956,34.597,1,39951.0,2.2,3.4126,2.732,21.5853,18.463671250648677,18.967666476388167,18.41521017125065,34.597,0.0
6337,2016-04-14,SZSE:000768,0.8129,19.31,18.7157,19.46,19.08,53462.5363,19.45,3.5048,130.3849,76.1165,NM,2.1629,53.5548,55.6513,55.6513,0.0,0.0,0,51585.593,152.4647,61.7311,34.2706,105.2767,2.1391,1.7995,20.3135,1,39951.0,2.2,3.4197,2.7377,21.5853,18.851391248058,18.861083480062142,18.492778663904712,20.3135,0.0
6338,2016-04-15,SZSE:000768,0.8046,19.27,18.6769,19.48,19.21,53351.7905,19.28,3.4975,130.1148,75.9589,NM,2.1585,53.1642,55.1586,55.1586,0.0,0.0,0,51474.8472,152.1374,61.5985,34.197,105.0507,2.1345,1.7956,17.5693,1,39951.0,2.2,3.4126,2.732,21.5853,18.686592215879607,18.88043653347172,18.61874670472237,17.5693,0.0
6339,2016-04-18,SZSE:000768,0.8046,18.81,18.2311,19.12,18.79,52078.2138,19.11,3.414,127.0088,74.1456,NM,2.1069,53.3018,49.7088,49.7088,0.0,0.0,0,50201.2705,148.3732,60.0745,33.3509,102.4516,2.0817,1.7512,16.1172,1,39951.0,2.2,3.3312,2.6668,21.5853,18.521867145135566,18.531559383306753,18.21171552365763,16.1172,0.0
6340,2016-04-19,SZSE:000768,0.8046,18.84,18.2601,18.99,18.66,52161.2731,18.86,3.4195,127.2113,74.2639,NM,2.1103,52.2298,50.0554,50.0554,0.0,0.0,0,50284.3298,148.6187,60.1739,33.4061,102.6211,2.0851,1.7541,13.7218,1,39951.0,2.2,3.3365,2.6711,21.5853,18.279484394904458,18.405482961783438,18.085640445859873,13.7218,0.0
6341,2016-04-20,SZSE:000768,0.8046,18.02,17.4654,19.2,17.52,49890.9842,18.89,3.2707,121.6745,71.0316,NM,2.0184,52.8654,41.6137,41.6137,0.0,0.0,0,48014.0409,141.9087,57.4571,31.8979,97.9878,1.991,1.6749,32.2832,1,39951.0,2.2,3.1913,2.5548,21.5853,18.308624084350722,18.609083240843507,16.9807884572697,32.2832,0.0
6342,2016-04-21,SZSE:000768,0.8046,17.67,17.1261,18.17,17.6,48921.9584,18.0,3.2071,119.3113,69.6519,NM,1.9792,51.7206,38.6199,38.6199,0.0,0.0,0,47045.0151,139.0447,56.2975,31.2541,96.0102,1.9508,1.6411,16.7297,1,39951.0,2.2,3.1293,2.5052,21.5853,17.445942275042444,17.61070950764007,17.05825466893039,16.7297,0.0
6343,2016-04-22,SZSE:000768,0.7551,17.79,17.2425,17.85,17.4,49254.1958,17.6,3.2289,120.1215,70.125,NM,1.9927,51.4756,40.2082,40.2082,0.0,0.0,0,47377.2525,140.0267,56.6951,31.4748,96.6883,1.9646,1.6527,14.0687,1,39951.0,2.2,3.1505,2.5222,21.5853,17.05834738617201,17.300653456998315,16.86450252951096,14.0687,0.0
6344,2016-04-25,SZSE:000768,0.7551,17.89,17.3394,18.16,17.37,49531.0603,17.75,3.2715,90.9063,70.5191,227.7095,1.928,51.4803,41.5652,41.5652,0.0,0.0,0,47694.9644,96.7213,48.2933,31.6859,97.3367,1.8819,1.6637,19.5365,1,39951.0,2.2,3.1683,2.5364,21.5853,17.20370877585243,17.601090217998884,16.835404024594748,19.5365,0.0
6345,2016-04-26,SZSE:000768,0.7551,17.92,17.3685,18.07,17.58,49614.1197,17.71,3.277,91.0588,63.9543,228.0914,1.9313,47.6982,41.9905,41.9905,0.0,0.0,0,47778.0237,96.8897,48.3774,29.6351,72.6591,1.8851,1.595,10.3652,1,39951.0,2.2,0.0,2.3002,21.5853,17.164962890625002,17.51388364955357,17.038963727678567,10.3652,0.0
6346,2016-04-27,SZSE:000768,0.7551,17.74,17.194,18.08,17.7,49115.7636,17.98,3.2441,90.1441,63.3119,225.8003,1.9119,47.1195,40.1043,40.1043,0.0,0.0,0,47279.6676,95.8791,47.8727,29.326,71.9012,1.8655,1.5784,10.0723,1,39951.0,2.2,0.0,2.2771,21.5853,17.42661330326945,17.52353551296505,17.155231116121758,10.0723,0.0
6347,2016-04-28,SZSE:000768,0.7551,17.6,17.0583,17.88,17.15,48728.1533,17.78,3.2185,89.4327,62.8123,224.0183,1.8968,44.5138,38.65,38.65,0.0,0.0,0,46892.0573,95.093,47.4803,29.0856,71.3117,1.8502,1.5654,13.8212,1,39951.0,2.2,0.0,2.2592,21.5853,17.232759886363635,17.329682045454543,16.622150284090907,13.8212,0.0
6348,2016-04-29,SZSE:000768,0.7843,17.45,16.9129,17.78,17.3,48312.8565,17.5,3.1911,88.6705,62.277,222.1091,1.8806,44.1312,37.0979,37.0979,0.0,0.0,0,46476.7605,94.2508,47.0598,28.828,70.6802,1.8338,1.5516,12.3432,1,39951.0,2.2,0.0,2.2399,21.5853,16.961361031518624,17.232742808022923,16.76751690544413,12.3432,0.0
6349,2016-05-02,SZSE:000768,0.7843,0.0,16.9129,0.0,0.0,48312.8565,0.0,3.1911,88.6705,62.277,222.1091,1.8806,44.1312,37.0979,37.0979,0.0,0.0,0,46476.7605,94.2508,47.0598,28.828,70.6802,1.8338,1.5516,0.0,1,39951.0,2.2,0.0,2.2399,21.5853,0.0,0.0,0.0,0.0,0.0
6350,2016-05-03,SZSE:000768,0.7843,18.06,17.5041,18.09,17.39,50001.73,17.5,3.3026,91.7702,64.454,229.8734,1.9464,44.0632,46.5063,46.5063,0.0,0.0,0,48165.634,97.6757,48.7698,29.8756,73.2485,1.9004,1.608,15.248,1,39951.0,2.2,0.0,2.3182,21.5853,16.96133720930233,17.533176578073093,16.854723089701,15.248,0.0
6351,2016-05-04,SZSE:000768,0.7843,18.02,17.4654,18.12,17.85,49890.9842,17.98,3.2953,91.5669,64.3112,229.3642,1.942,43.6979,46.0202,46.0202,0.0,0.0,0,48054.8882,97.4512,48.6577,29.8069,73.0801,1.8961,1.6043,12.8658,1,39951.0,2.2,0.0,2.3131,21.5853,17.426631076581575,17.56232230854606,17.3006320754717,12.8658,0.0
6352,2016-05-05,SZSE:000768,0.7843,18.75,18.1729,19.28,18.2,51912.0951,18.21,3.4288,95.2763,66.9165,238.6559,2.0207,44.332,55.2192,55.2192,0.0,0.0,0,50075.9991,101.5498,50.7042,31.0605,76.1538,1.9758,1.6717,38.2919,1,39951.0,2.2,0.0,2.4068,21.5853,17.64952048,18.686587306666667,17.639828266666665,38.2919,0.0
6353,2016-05-06,SZSE:000768,0.7303,17.78,17.2328,18.75,17.71,49226.5094,18.61,3.2514,90.3474,63.4547,226.3094,1.9162,45.3708,44.3934,44.3934,0.0,0.0,0,47390.4134,96.1037,47.9849,29.3947,72.0696,1.8698,1.5821,28.8915,1,39951.0,2.2,0.0,2.2823,21.5853,18.03725579302587,18.172947131608552,17.164954330708664,28.8915,0.0
6354,2016-05-09,SZSE:000768,0.7303,17.0,16.4768,17.61,16.91,47066.9662,17.51,3.1088,86.3839,60.671,216.3813,1.8321,45.9305,37.9503,37.9503,0.0,0.0,0,45230.8703,91.7243,45.7983,28.0552,68.7855,1.7846,1.51,17.7171,1,39951.0,2.2,0.0,2.1822,21.5853,16.971104,17.068026352941178,16.389569882352944,17.7171,0.0
6355,2016-05-10,SZSE:000768,0.7303,17.19,16.6609,17.29,16.96,47593.0088,17.0,3.1435,87.3493,61.349,218.7997,1.8526,45.6016,40.2261,40.2261,0.0,0.0,0,45756.9128,92.7911,46.3309,28.3815,69.5855,1.8054,1.5275,10.095,1,39951.0,2.2,0.0,2.2065,21.5853,16.47674810936591,16.757822047702152,16.43797929028505,10.095,0.0
6356,2016-05-11,SZSE:000768,0.7303,17.04,16.5155,17.4,16.92,47177.712,17.31,3.1161,86.5871,60.8137,216.8905,1.8364,45.2522,39.0096,39.0096,0.0,0.0,0,45341.6161,91.9489,45.9104,28.1239,68.9539,1.789,1.5137,9.5581,1,39951.0,2.2,0.0,2.1873,21.5853,16.77718926056338,16.864419014084508,16.399193661971832,9.5581,0.0
6357,2016-05-12,SZSE:000768,0.7303,17.29,16.7578,17.44,16.75,47869.8733,16.86,3.1618,87.8575,61.7059,220.0726,1.8634,44.9802,42.1496,42.1496,0.0,0.0,0,46033.7773,93.3525,46.6112,28.5532,70.0065,1.8163,1.5368,14.7067,1,39951.0,2.2,0.0,2.2194,21.5853,16.341035743204163,16.90318288027762,16.23442163100058,14.7067,0.0
6358,2016-05-13,SZSE:000768,0.7243,17.12,16.5931,17.47,17.0,47399.2036,17.32,3.1307,86.9936,61.0992,217.9087,1.845,44.6577,40.6182,40.6182,0.0,0.0,0,45563.1077,92.398,46.1347,36.6494,59.9782,1.7978,1.5144,9.8117,1,39951.0,2.2,0.0,2.1976,21.0033,16.786944626168225,16.932328095794393,16.476793224299065,9.8117,0.0
6359,2016-05-16,SZSE:000768,0.7243,17.24,16.7094,17.3,16.9,47731.441,17.07,3.1526,87.6034,61.5275,219.4361,1.858,44.1786,42.2142,42.2142,0.0,0.0,0,45895.3451,93.0718,46.4711,36.9167,60.4155,1.8109,1.5254,8.918,1,39951.0,2.2,0.0,2.213,21.0033,16.544632134570765,16.76755336426914,16.37986426914153,8.918,0.0
6360,2016-05-17,SZSE:000768,0.7243,17.33,16.7966,17.55,16.96,47980.6191,17.3,3.1691,88.0607,61.8487,220.5817,1.8677,43.7912,43.4419,43.4419,0.0,0.0,0,46144.5231,93.5771,46.7234,37.1171,60.7435,1.8207,1.5337,16.1252,1,39951.0,2.2,0.0,2.2245,21.0033,16.767523369878827,17.009828620888637,16.437988228505485,16.1252,0.0
6361,2016-05-18,SZSE:000768,0.7243,17.08,16.5543,17.54,16.91,47288.4578,17.36,3.1234,86.7904,60.9565,217.3996,1.8407,43.7248,40.8458,40.8458,0.0,0.0,0,45452.3619,92.1735,46.0225,36.5604,59.8324,1.7934,1.5107,18.4655,1,39951.0,2.2,0.0,2.1924,21.0033,16.825681967213118,17.00014180327869,16.389532377049186,18.4655,0.0
6362,2016-05-19,SZSE:000768,0.7243,17.1,16.5737,17.3,16.92,47343.8307,17.0,3.127,86.8920,61.0278,217.6542,1.8429,43.1003,41.1488,41.1488,0.0,0.0,0,45507.7348,92.2857,46.0786,36.6049,54.7137,1.7956,1.5126,8.99,1,39951.0,2.2,0.0,2.195,21.0033,16.476777777777777,16.767544444444443,16.39924,8.99,0.0
6363,2016-05-20,SZSE:000768,0.7203,17.33,16.7966,18.0,16.92,47980.6191,17.0,3.1691,88.0607,61.8487,220.5817,1.8677,42.8599,44.6594,44.6594,0.0,0.0,0,46144.5231,93.5771,46.7234,37.1171,55.4793,1.8207,1.5337,16.0866,1,39951.0,2.2,0.0,2.2245,21.0033,16.476757068667055,17.445978072706293,16.399219388343916,16.0866,0.0
6364,2016-05-23,SZSE:000768,0.7203,17.24,16.7094,17.52,17.14,47731.441,17.4,3.1526,87.6034,61.5275,219.4361,1.858,43.0086,43.5643,43.5643,0.0,0.0,0,45895.3451,93.0718,46.4711,36.9167,55.1797,1.8109,1.5254,15.0693,1,39951.0,2.2,0.0,2.213,21.0033,16.864475638051044,16.980782366589327,16.6124777262181,15.0693,0.0
6365,2016-05-24,SZSE:000768,0.7203,17.03,16.5058,17.23,16.96,47150.0256,17.22,3.1142,86.5363,60.778,216.7632,1.8353,42.9469,41.0358,41.0358,0.0,0.0,0,45313.9296,91.8927,45.8824,36.449,54.4807,1.7879,1.5061,10.0952,1,39951.0,2.2,0.0,2.186,21.0033,16.689951614797415,16.699643805049913,16.437954668232532,10.0952,0.0
6366,2016-05-25,SZSE:000768,0.7203,16.94,16.4186,17.29,16.89,46900.8475,17.1,3.0978,86.0790,60.4568,215.6176,1.8256,37.4177,39.9652,39.9652,0.0,0.0,0,45064.7516,91.3874,45.63,36.2486,54.1811,1.7781,1.4978,8.8041,1,39951.0,2.2,0.0,2.1745,21.0033,16.573675324675328,16.757827272727273,16.37013896103896,8.8041,0.0
6367,2016-05-26,SZSE:000768,0.7203,16.81,16.2926,17.05,16.46,46540.9236,16.9,3.074,85.4184,59.9929,213.9630,1.8116,37.356,38.4066,38.4066,0.0,0.0,0,44704.8277,90.6575,45.2656,35.9591,53.7483,1.7639,1.4859,12.8669,1,39951.0,2.2,0.0,2.1578,21.0033,16.37982986317668,16.52521296847115,15.953372754312912,12.8669,0.0
6368,2016-05-27,SZSE:000768,0.7869,17.02,16.4962,17.14,16.8,47122.3391,16.85,3.1124,86.4855,60.7423,216.6359,1.8343,37.1425,42.32,42.32,0.0,0.0,0,45286.2432,91.8366,45.8543,36.4267,54.4474,1.7868,1.5052,11.8752,1,39951.0,2.2,0.0,2.1847,21.0033,16.33143184488837,16.612506933019983,16.28297062279671,11.8752,0.0
6369,2016-05-30,SZSE:000768,0.7869,16.75,16.2345,16.99,16.65,46374.8049,16.92,3.063,85.1135,59.7787,213.1993,1.8052,35.0618,38.898,38.898,0.0,0.0,0,44538.709,90.3206,45.0974,35.8255,53.5486,1.7573,1.4803,7.4264,1,39951.0,2.2,0.0,2.1501,21.0033,16.399268059701495,16.467113731343282,16.137577611940298,7.4264,0.0
6370,2016-05-31,SZSE:000768,0.7869,17.37,16.8354,17.37,16.85,48091.3649,16.85,3.1764,88.2640,61.9914,221.0908,1.872,35.4934,49.08,49.08,0.0,0.0,0,46255.2689,93.8017,46.8355,37.2062,55.6124,1.8251,1.5374,20.0075,1,39951.0,2.2,0.0,2.2296,21.0033,16.33140414507772,16.8354,16.33140414507772,20.0075,0.0
6371,2016-06-01,SZSE:000768,0.7869,17.43,16.8935,17.89,17.36,48257.4836,17.38,3.1874,88.5689,62.2056,221.8545,1.8785,35.0048,49.9492,49.9492,0.0,0.0,0,46421.3876,94.1386,47.0037,37.3398,55.8121,1.8316,1.5429,22.7181,1,39951.0,2.2,0.0,2.2374,21.0033,16.84503901319564,17.339341078600114,16.825654618473894,22.7181,0.0
6372,2016-06-02,SZSE:000768,0.7869,17.55,17.0098,17.64,17.34,48589.721,17.44,3.2093,89.1786,62.6338,223.3819,1.8914,33.03,51.7241,51.7242,0.0,0.0,0,46753.6251,94.8123,47.3401,37.6071,56.2116,1.8447,1.554,15.2239,1,39951.0,2.2,0.0,2.2528,21.0033,16.90318586894587,17.09702974358974,16.806263931623928,15.2239,0.0
6373,2016-06-03,SZSE:000768,0.8667,17.53,16.9905,17.66,17.4,48534.3481,17.63,3.2057,89.0770,62.5625,223.1274,1.8892,33.0031,51.397,51.397,0.0,0.0,0,46698.2521,94.7,47.284,37.5625,56.145,1.8425,1.5521,13.0454,1,39951.0,2.2,0.0,2.2502,21.0033,17.08742241871078,17.116499144324017,16.86450085567598,13.0454,0.0
6374,2016-06-06,SZSE:000768,0.8667,17.4,16.8645,17.68,17.31,48174.4242,17.6,3.1819,88.4164,62.0985,221.4727,1.8752,33.0284,49.2179,49.2179,0.0,0.0,0,46338.3283,93.9701,46.9196,37.273,55.7123,1.8283,1.5402,10.6166,1,39951.0,2.2,0.0,2.2335,21.0033,17.058344827586208,17.13588275862069,16.777269827586206,10.6166,0.0
6375,2016-06-07,SZSE:000768,0.8667,17.51,16.9711,17.6,17.37,48478.9752,17.52,3.202,88.9754,62.4911,222.8728,1.8871,31.9991,51.1069,51.1069,0.0,0.0,0,46642.8792,94.5877,47.228,37.518,56.0784,1.8404,1.5503,10.8992,1,39951.0,2.2,0.0,2.2476,21.0033,16.980792233009705,17.058330097087378,16.83540873786408,10.8992,0.0
6376,2016-06-08,SZSE:000768,0.8667,17.63,17.0874,17.84,17.41,48811.2126,17.53,3.224,89.5852,62.9193,224.4002,1.9,31.8014,53.154,53.154,0.0,0.0,0,46975.1167,95.2615,47.5644,37.7852,56.4779,1.8535,1.5613,22.8226,1,39951.0,2.2,0.0,2.263,21.0033,16.990477708451504,17.290936812251843,16.874170958593307,22.8226,0.0
6377,2016-06-09,SZSE:000768,0.8667,0.0,17.0874,0.0,0.0,48811.2126,0.0,3.224,89.5852,62.9193,224.4002,1.9,31.8014,53.154,53.154,0.0,0.0,0,46975.1167,95.2615,47.5644,37.7852,56.4779,1.8535,1.5613,0.0,1,39951.0,2.2,0.0,2.263,21.0033,0.0,0.0,0.0,0.0,0.0
6378,2016-06-10,SZSE:000768,0.8694,0.0,17.0874,0.0,0.0,48811.2126,0.0,3.224,89.5852,62.9193,224.4002,1.9,31.8014,53.154,53.154,0.0,0.0,0,46975.1167,95.2615,47.5644,37.7852,56.4779,1.8535,1.5613,0.0,1,39951.0,2.2,0.0,2.263,21.0033,0.0,0.0,0.0,0.0,0.0
6379,2016-06-13,SZSE:000768,0.8694,17.12,16.5931,17.95,17.12,47399.2036,17.44,3.1307,86.9936,61.0992,217.9087,1.845,31.9912,44.6059,44.6059,0.0,0.0,0,45563.1077,92.398,46.1347,36.6494,54.7802,1.7978,1.5144,28.996,1,39951.0,2.2,0.0,2.1976,21.0033,16.90325140186916,17.397555198598127,16.5931,28.996,0.0
6380,2016-06-14,SZSE:000768,0.8694,16.9,16.3798,17.2,16.75,46790.1017,17.05,3.0905,85.8757,60.3141,215.1085,1.8213,31.452,41.5051,41.5051,0.0,0.0,0,44954.0058,91.1628,45.5179,36.1595,54.0479,1.7737,1.4942,16.8867,1,39951.0,2.2,0.0,2.1693,21.0033,16.52518284023669,16.670565680473374,16.234417159763314,16.8867,0.0
6381,2016-06-15,SZSE:000768,0.8694,17.24,16.7094,17.35,16.7,47731.441,16.78,3.1526,87.6034,61.5275,219.4361,1.858,31.7161,47.571,47.571,0.0,0.0,0,45895.3451,93.0718,46.4711,36.9167,55.1797,1.8109,1.5254,18.6257,1,39951.0,2.2,0.0,2.213,21.0033,16.263557540603248,16.816014501160094,16.186019721577726,18.6257,0.0
6382,2016-06-16,SZSE:000768,0.8694,17.45,17.0116,17.8,17.27,48312.8565,17.34,3.1911,88.6705,62.277,222.1091,1.8806,31.4362,50.954,52.4417,0.0,0.0,0,46476.7605,94.2508,47.0598,37.9494,66.2101,1.8338,1.6053,29.0694,1,39951.0,2.2,0.0,2.2399,20.7033,16.904363553008597,17.352806876790837,16.83612217765043,29.0694,0.100
6383,2016-06-17,SZSE:000768,0.856,17.54,17.0993,17.75,17.37,48562.0346,17.53,3.2075,89.1278,62.5981,223.2546,1.8903,30.886,52.3724,53.7841,0.0,0.0,0,46725.9386,94.7562,47.3121,38.1528,66.5651,1.8436,1.6139,19.1629,1,39951.0,2.2,0.0,2.2515,20.7033,17.089551254275943,17.304023660205242,16.93357132269099,19.1629,0.0
6384,2016-06-20,SZSE:000768,0.856,17.64,17.1968,17.7,17.32,48838.8991,17.63,3.2258,89.6360,62.955,224.5275,1.9011,29.5373,53.9654,55.2941,0.0,0.0,0,47002.8031,95.3176,47.5924,38.3789,66.9595,1.8546,1.6235,14.8024,1,39951.0,2.2,0.0,2.2643,20.7033,17.18705124716553,17.2552925170068,16.884839909297053,14.8024,0.0
6385,2016-06-21,SZSE:000768,0.856,17.63,17.1871,17.89,17.51,48811.2126,17.68,3.224,89.5852,62.9193,224.4002,1.9,29.0787,53.7717,55.1002,0.0,0.0,0,46975.1167,95.2615,47.5644,38.3563,66.9201,1.8535,1.6226,21.771,1,39951.0,2.2,0.0,2.263,20.7033,17.235843902439026,17.44056829268293,17.070114634146343,21.771,0.0
6386,2016-06-22,SZSE:000768,0.856,17.79,17.3431,17.79,17.46,49254.1958,17.65,3.2532,90.3982,63.4904,226.4367,1.9173,28.7325,56.4641,57.6582,0.0,0.0,0,47418.0999,96.1598,48.0129,38.718,67.5511,1.8709,1.6379,13.5146,1,39951.0,2.2,0.0,2.2836,20.7033,17.206616919617762,17.3431,17.021389881956157,13.5146,0.0
6387,2016-06-23,SZSE:000768,0.856,18.41,17.9475,18.71,17.52,50970.7558,17.79,3.3666,93.5487,65.7031,234.3283,1.9841,29.5357,64.9765,65.7913,0.0,0.0,0,49134.6598,99.6408,49.751,40.1196,69.9965,1.9387,1.6971,39.9003,1,39951.0,2.2,0.0,2.3631,20.7033,17.34307577403585,18.239963335143948,17.079858772406304,39.9003,0.0
6388,2016-06-24,SZSE:000768,0.8472,18.1,17.6453,18.55,17.55,50112.4758,18.24,3.3099,91.9734,64.5967,230.3825,1.9507,29.7096,58.7872,59.6244,0.0,0.0,0,48276.3798,97.9003,48.882,39.4188,68.7738,1.9048,1.6675,38.7626,1,39951.0,2.2,0.0,2.3234,20.7033,17.781782983425412,18.0839953038674,17.109116850828727,38.7626,0.0
6389,2016-06-27,SZSE:000768,0.8472,19.0,18.5227,19.0,18.03,52604.2564,18.03,3.4745,96.5467,66.7838,241.8380,2.0477,31.3081,68.2445,68.7753,0.0,0.0,0,50768.1604,102.9534,51.405,38.6986,72.27,2.0031,1.7396,43.0405,1,39951.0,2.2,0.0,2.402,20.4233,17.577067421052632,18.5227,17.577067421052632,43.0405,0.0
6390,2016-06-28,SZSE:000768,0.8472,18.98,18.5032,19.08,18.59,52548.8835,18.9,3.4708,96.4451,66.7135,241.5834,2.0455,31.1342,67.8718,68.4042,0.0,0.0,0,50712.7875,102.8411,51.3489,38.6564,72.1912,2.0009,1.7377,29.0194,1,39951.0,2.2,0.0,2.3995,21.0027,18.425209694415173,18.60068788198103,18.12299726027397,29.0194,0.0
6391,2016-06-29,SZSE:000768,0.8472,18.96,18.4837,19.38,18.93,52493.5106,19.31,3.4672,96.3434,66.6432,241.3288,2.0433,30.9603,67.4749,68.0091,0.0,0.0,0,50657.4146,102.7288,51.2929,38.6142,72.1124,1.9988,1.7358,31.4579,1,39951.0,2.2,0.0,2.397,21.0027,18.824907542194087,18.893149050632907,18.454453639240505,31.4579,0.0
6392,2016-06-30,SZSE:000768,0.8472,19.69,19.1953,19.98,18.91,54514.6215,18.97,3.6007,100.0529,69.2091,250.6205,2.122,31.1832,73.5536,73.9285,0.0,0.0,0,52678.5255,106.8275,53.3393,40.1548,74.9895,2.0785,1.8051,50.6739,1,39951.0,2.2,0.0,2.4892,21.0027,18.493389588623664,19.478013915693243,18.434897054342304,50.6739,0.0
6393,2016-07-01,SZSE:000768,0.9217,20.94,20.4139,21.66,19.71,57975.4278,19.8,3.8293,106.4046,73.6028,266.5309,2.2567,33.6609,80.332,80.5612,0.0,0.0,0,56139.3318,113.8457,56.8435,42.7928,79.9161,2.215,1.9237,92.9504,1,39951.0,2.2,0.0,2.6473,21.0027,19.30254154727794,21.115810601719197,19.214802722063038,92.9504,0.0
6394,2016-07-04,SZSE:000768,0.9217,23.03,22.4514,23.03,20.62,63761.896,20.68,4.2115,117.0247,80.949,293.1331,2.482,38.3189,86.5426,86.6683,0.0,0.0,0,61925.8,125.5802,62.7026,47.2036,88.1533,2.4434,2.122,86.8234,1,39951.0,2.2,0.0,2.9115,21.0027,20.16044081632653,22.4514,20.10194824142423,86.8234,0.0
6395,2016-07-05,SZSE:000768,0.9217,24.22,23.6115,25.33,23.66,67056.5836,24.0,4.4291,123.0716,85.1318,NM,2.6102,39.3972,88.7256,88.8217,0.0,0.0,0,65220.4877,132.2615,66.0386,49.715,92.8434,2.5734,2.2348,145.6191,1,39951.0,2.2,0.0,3.0619,21.0027,23.397027250206442,24.693612510322048,23.06556936416185,145.6191,0.0
6396,2016-07-06,SZSE:000768,0.9217,25.0,24.3719,25.1,24.0,69216.1268,24.22,4.5717,127.0351,87.8735,NM,2.6943,39.802,89.884,89.9658,0.0,0.0,0,67380.0308,136.6409,68.2253,51.3612,95.9175,2.6586,2.3088,113.6896,1,39951.0,2.2,0.0,3.1605,21.0027,23.61149672,24.4693876,23.397024,113.6896,0.0
6397,2016-07-07,SZSE:000768,0.9217,24.55,23.9332,24.88,23.98,67970.2365,24.62,4.4894,124.7485,86.2917,NM,2.6458,39.3751,84.4907,84.587,0.0,0.0,0,66134.1405,134.1143,66.9637,50.4115,94.144,2.6094,2.2662,74.0875,1,39951.0,2.2,0.0,3.1037,21.0027,24.001441303462318,24.254909002036655,23.37752081466395,74.0875,0.0
6398,2016-07-08,SZSE:000768,0.828,24.4,23.787,25.5,24.27,67554.9397,24.85,4.462,123.9863,85.7645,NM,2.6296,39.3403,82.7091,82.8097,0.0,0.0,0,65718.8438,133.2721,66.5432,50.0949,93.5528,2.593,2.2519,81.689,1,39951.0,2.2,0.0,3.0847,21.0027,24.22569467213115,24.85936475409836,23.660265983606557,81.689,0.0
6399,2016-07-11,SZSE:000768,0.828,24.3,23.6895,25.23,24.04,67278.0752,24.9,4.4437,123.4781,85.413,NM,2.6188,39.2328,81.4757,81.5791,0.0,0.0,0,65441.9793,132.7107,66.2629,49.8839,93.1587,2.5821,2.2424,85.0059,1,39951.0,2.2,0.0,3.0721,21.0027,24.27442592592592,24.596135185185187,23.43603209876543,85.0059,0.0
6400,2016-07-12,SZSE:000768,0.828,24.11,23.5043,24.39,23.5,66752.0327,24.05,4.409,122.5127,172.5841,NM,2.5984,39.1126,79.0633,79.1717,0.0,0.0,0,64915.9367,131.6439,65.7302,52.9513,104.7092,2.5613,2.2757,61.5886,1,39951.0,2.2,0.0,6.2073,22.1356,23.445807341352136,23.7772657403567,22.90962463708005,61.5886,0.0
6401,2016-07-13,SZSE:000768,0.828,24.12,23.514,24.63,23.65,66779.7191,24.51,4.4108,122.5635,172.6557,NM,2.5994,38.9529,79.0983,79.2065,0.0,0.0,0,64943.6232,131.7000,65.7583,52.9739,99.7607,2.5624,2.2573,52.5771,1,39951.0,2.2,0.0,6.2099,22.1356,23.894201492537313,24.011186567164177,23.05580845771144,52.5771,0.0
6402,2016-07-14,SZSE:000768,0.828,24.2,23.592,24.79,23.7,67001.2107,24.1,4.4254,122.97,173.2284,NM,2.6081,38.9529,79.3958,79.5014,0.0,0.0,0,65165.1148,132.1492,65.9826,53.1546,100.1009,2.5712,2.265,59.9353,1,39951.0,2.2,0.0,6.2305,23.0924,23.494512396694216,24.167176859504128,23.104561983471072,59.9353,0.0
6403,2016-07-15,SZSE:000768,0.729,23.61,23.0168,23.98,23.11,65367.7101,23.9,4.3175,119.972,169.005,NM,2.5445,39.3514,71.334,71.4529,0.0,0.0,0,63531.6142,128.8366,64.3286,51.8221,97.5917,2.5067,2.2082,50.6977,1,39951.0,2.2,0.0,6.0786,23.0924,23.299513765353662,23.377503769589158,22.529362473528167,50.6977,0.0
6404,2016-07-18,SZSE:000768,0.729,23.26,22.6756,23.86,23.18,64398.6844,23.45,4.2535,118.1935,166.4996,296.0606,2.5068,39.13,66.9885,67.1124,0.0,0.0,0,62562.5884,126.8715,63.3474,51.0317,96.1032,2.4685,2.1745,30.4468,1,39951.0,2.2,0.0,5.9885,23.0924,22.86082631126397,23.26052519346517,22.59760997420464,30.4468,0.0
6405,2016-07-19,SZSE:000768,0.729,23.59,22.9973,23.69,23.13,65312.3372,23.4,4.3139,119.8703,168.8619,NM,2.5423,39.1869,68.9115,69.0231,0.0,0.0,0,63476.2413,128.7243,64.2725,51.777,97.5066,2.5045,2.2062,27.5848,1,39951.0,2.2,0.0,6.0735,23.0924,22.812073760067822,23.094787494701148,22.548857524374736,27.5848,0.0
6406,2016-07-20,SZSE:000768,0.729,23.16,22.5781,23.75,23.12,64121.8198,23.68,4.2352,117.6853,165.7838,294.7878,2.496,38.2114,63.7042,63.8201,0.0,0.0,0,62285.7239,126.3101,63.067,50.8059,95.6779,2.4576,2.1649,25.1653,1,39951.0,2.2,0.0,5.9627,23.0924,23.085034887737475,23.153276122625215,22.539105008635577,25.1653,0.0
6407,2016-07-21,SZSE:000768,0.729,23.13,22.5489,23.31,23.05,64038.7605,23.14,4.2297,117.5329,165.5691,294.4059,2.4927,37.922,63.3445,63.4606,0.0,0.0,0,62202.6645,126.1416,62.9829,50.7381,95.5503,2.4543,2.162,27.9634,1,39951.0,2.2,0.0,5.955,23.0924,22.558648767833983,22.72437782101167,22.47090985732815,27.9634,0.0
6408,2016-07-22,SZSE:000768,0.8224,23.25,22.6659,23.94,23.15,64370.9979,23.25,4.2517,118.1427,166.4281,295.9333,2.5057,37.9189,64.2148,64.3261,0.0,0.0,0,62534.902,126.8154,63.3193,51.0091,96.0606,2.4674,2.1735,51.2706,1,39951.0,2.2,0.0,5.9859,23.0924,22.6659,23.338565419354843,22.568412258064516,51.2706,0.0
6409,2016-07-25,SZSE:000768,0.8224,23.76,23.1631,23.95,23.18,65783.0069,23.42,4.3449,120.7342,170.0787,NM,2.5606,38.0786,67.7222,67.8151,0.0,0.0,0,63946.9109,129.6788,64.7491,52.1609,98.2296,2.5231,2.2226,46.7087,1,39951.0,2.2,0.0,6.1172,23.0924,22.8316414983165,23.34832680976431,22.59767079124579,46.7087,0.0
6410,2016-07-26,SZSE:000768,0.8224,23.88,23.28,23.9,23.45,66115.2443,23.72,4.3669,121.3439,170.9377,NM,2.5736,38.0754,68.5044,68.5935,0.0,0.0,0,64279.1484,130.3525,65.0855,52.4319,98.74,2.5362,2.2342,30.9922,1,39951.0,2.2,0.0,6.1481,23.0924,23.124020100502516,23.299497487437186,22.860804020100502,30.9922,0.0
6411,2016-07-27,SZSE:000768,0.8224,22.3,21.7397,24.14,22.0,61740.7851,23.9,4.078,113.3153,159.6278,283.8414,2.4033,40.7112,50.9848,51.0783,0.0,0.0,0,59904.6891,121.4815,60.6561,48.8637,92.0203,2.3636,2.0821,56.1491,1,39951.0,2.2,0.0,5.7413,23.0924,23.299499103139013,23.533468968609863,21.447237668161435,56.1491,0.0
6412,2016-07-28,SZSE:000768,0.8224,21.9,21.3498,22.77,21.49,60633.3271,22.4,4.0048,111.2828,156.7645,278.7501,2.3602,40.8819,47.6615,47.7538,0.0,0.0,0,58797.2311,119.2357,59.5348,47.9603,90.3192,2.3199,2.0436,38.8392,1,39951.0,2.2,0.0,5.6384,23.0924,21.83723835616438,22.197942739726027,20.950100547945205,38.8392,0.0
6413,2016-07-29,SZSE:000768,0.8006,21.22,20.6869,22.1,20.91,58750.6484,21.98,3.8805,107.8274,151.8969,270.0948,2.2869,41.4179,42.5804,42.6694,0.0,0.0,0,56914.5525,115.4178,57.6285,46.4247,87.4271,2.2456,1.9782,28.0274,1,39951.0,2.2,0.0,5.4633,23.0924,21.427806880301606,21.544792177191333,20.384687983034876,28.0274,0.0
6414,2016-08-01,SZSE:000768,0.8006,21.26,20.7259,21.72,20.8,58861.3942,21.2,3.8878,108.0307,152.1833,270.6040,2.2912,41.0827,42.9656,43.0534,0.0,0.0,0,57025.2983,115.6424,57.7406,46.515,87.5973,2.25,1.982,25.5986,1,39951.0,2.2,0.0,5.4736,23.0924,20.66740733772342,21.17434374412041,20.277456255879585,25.5986,0.0
6415,2016-08-02,SZSE:000768,0.8006,21.31,20.7746,21.45,20.92,58999.8265,21.4,3.8969,108.2847,152.5412,271.2404,2.2966,40.7554,43.476,43.5624,0.0,0.0,0,57163.7305,115.9231,57.8808,46.6279,87.8099,2.2555,1.9868,16.3814,1,39951.0,2.2,0.0,5.4864,23.0924,20.86233880807133,20.91108259033318,20.39439849835758,16.3814,0.0
6416,2016-08-03,SZSE:000768,0.8006,21.22,20.6869,21.39,21.03,58750.6484,21.31,3.8805,107.8274,151.8969,270.0948,2.2869,40.2937,42.7346,42.8205,0.0,0.0,0,56914.5525,115.4178,57.6285,46.4247,87.4271,2.2456,1.9782,15.5947,1,39951.0,2.2,0.0,5.4633,23.0924,20.774638972667297,20.852629170593783,20.501673279924603,15.5947,0.0
6417,2016-08-04,SZSE:000768,0.8006,21.51,20.9696,21.67,21.04,59553.5555,21.26,3.9335,109.301,153.9728,273.7860,2.3182,40.3396,45.9339,46.0112,0.0,0.0,0,57717.4595,117.0460,58.4415,47.0796,88.6605,2.2773,2.0061,19.4852,1,39951.0,2.2,0.0,5.5379,23.0924,20.72588079962808,21.12558028823803,20.511407903300785,19.4852,0.0
6418,2016-08-05,SZSE:000768,0.8072,20.96,20.4334,21.5,20.92,58030.8007,21.5,3.8329,106.5062,150.0358,266.7855,2.2589,40.0392,41.2294,41.3038,0.0,0.0,0,56194.7047,113.9580,56.8996,45.8375,86.3214,2.2172,1.9532,21.164,1,39951.0,2.2,0.0,5.3963,23.0924,20.959833015267172,20.959833015267172,20.39440496183206,21.164,0.0
6419,2016-08-08,SZSE:000768,0.8072,23.06,22.4806,23.06,20.51,63844.9553,20.86,4.2169,117.1772,165.068,293.5149,2.4852,42.6465,58.6454,58.6847,0.0,0.0,0,62008.8594,125.7486,62.7867,50.58,95.2526,2.4466,2.1552,62.9425,1,39951.0,2.2,0.0,5.937,23.0924,20.335876669557678,22.4806,19.994670685169126,62.9425,0.0
6420,2016-08-09,SZSE:000768,0.8072,22.91,22.3344,23.15,22.57,63429.6586,22.88,4.1895,116.415,163.9943,291.6057,2.469,41.5602,57.3383,57.3778,0.0,0.0,0,61593.5626,124.9064,62.3662,49.727,91.6783,2.4303,2.1549,46.2901,1,39951.0,2.2,0.0,5.3679,23.1424,22.30515373199476,22.5683701440419,22.002942295940638,46.2901,0.0
6421,2016-08-10,SZSE:000768,0.8072,22.55,21.9835,23.07,22.45,62432.9464,22.77,4.1237,114.5857,161.4173,287.0235,2.4302,41.7357,54.2153,54.2548,0.0,0.0,0,60596.8504,122.8852,61.357,48.9223,90.1948,2.3909,2.12,34.4244,1,39951.0,2.2,0.0,5.2836,23.1424,22.197973170731707,22.490436585365853,21.88601219512195,34.4244,0.0
6422,2016-08-11,SZSE:000768,0.8072,21.65,21.1061,22.46,21.6,59941.1658,22.36,3.9591,110.0124,154.975,275.5680,2.3332,42.599,47.2819,47.3205,0.0,0.0,0,58105.0698,117.8320,58.8339,46.9106,86.4859,2.2926,2.0328,35.6822,1,39951.0,2.2,0.0,5.0727,23.1424,21.798263094688224,21.895750854503465,21.057356120092383,35.6822,0.0
6423,2016-08-12,SZSE:000768,0.8685,21.92,21.3693,22.26,21.63,60688.7,21.68,4.0085,111.3844,156.9077,279.0047,2.3623,42.5801,49.3736,49.4095,0.0,0.0,0,58852.604,119.3480,59.5909,47.5141,87.5986,2.3221,2.059,26.9507,1,39951.0,2.2,0.0,5.136,23.1424,21.135329562043793,21.700758120437957,21.086585720802915,26.9507,0.0
6424,2016-08-15,SZSE:000768,0.8685,22.75,22.1784,22.94,21.8,62986.6754,21.92,4.1603,115.6019,162.849,289.5692,2.4518,42.9975,55.2516,55.2803,0.0,0.0,0,61150.5794,124.0081,61.9177,49.3694,91.019,2.4128,2.1394,40.7057,1,39951.0,2.2,0.0,5.3305,23.1424,21.36925397802198,22.363626197802198,21.25226901098901,40.7057,0.0
6425,2016-08-16,SZSE:000768,0.8685,22.78,22.2077,23.16,22.61,63069.7347,22.8,4.1657,115.7544,163.0637,289.9510,2.455,42.9991,55.4529,55.4813,0.0,0.0,0,61233.6388,124.1765,62.0018,49.4364,91.1426,2.416,2.1423,31.1591,1,39951.0,2.2,0.0,5.3375,23.1424,22.227197541703248,22.57815329236172,22.041970895522386,31.1591,0.0
6426,2016-08-17,SZSE:000768,0.8685,23.85,23.2508,24.87,22.7,66032.1849,22.84,4.3614,121.1915,170.723,NM,2.5703,43.7754,62.0167,62.0381,0.0,0.0,0,64196.089,130.1841,65.0014,51.8281,95.5521,2.5329,2.2459,72.7962,1,39951.0,2.2,0.0,5.5882,23.1424,22.26617492662474,24.24517383647799,22.129692243186582,72.7962,0.0
6427,2016-08-18,SZSE:000768,0.8685,24.08,23.475,24.25,23.3,66668.9733,23.66,4.4035,122.3602,172.3694,NM,2.5951,43.6078,63.2696,63.2897,0.0,0.0,0,64832.8774,131.4755,65.6461,52.3422,96.4999,2.5581,2.2682,44.9784,1,39951.0,2.2,0.0,5.6421,23.1424,23.0655523255814,23.640728820598014,22.71459717607974,44.9784,0.0
6428,2016-08-19,SZSE:000768,0.6976,24.58,23.9625,24.65,23.8,68053.2959,23.98,4.4949,124.9009,175.9485,NM,2.649,43.7027,65.9026,65.9203,0.0,0.0,0,66217.1999,134.2827,67.0478,53.4599,98.5604,2.6127,2.3166,52.5042,1,39951.0,2.2,0.0,5.7592,23.1424,23.377573230268514,24.03074145646867,23.202095199349067,52.5042,0.0
6429,2016-08-22,SZSE:000768,0.6976,23.37,22.7829,24.5,23.36,64703.2353,24.5,4.3069,109.8937,153.0452,275.5571,2.5482,45.0577,55.5287,55.547,0.0,0.0,0,63616.7274,144.8980,69.3084,48.4095,85.3173,2.5147,2.1347,37.2813,1,39951.0,2.2,0.0,5.0096,23.1424,23.88451219512195,23.88451219512195,22.773151219512197,37.2813,0.0
6430,2016-08-23,SZSE:000768,0.6976,23.12,22.5391,23.68,22.9,64011.074,23.34,4.2608,108.7181,151.408,272.6094,2.5209,45.1194,53.6496,53.6679,0.0,0.0,0,62924.5662,143.3215,68.5543,47.8828,84.3891,2.4873,2.1115,23.3482,1,39951.0,2.2,0.0,4.956,23.1167,22.75357240484429,23.085029757785467,22.324627595155707,23.3482,0.0
6431,2016-08-24,SZSE:000768,0.6976,23.68,23.0851,24.07,23.13,65561.5153,23.2,4.364,111.3515,155.0753,279.2124,2.582,45.1494,57.1477,57.1636,0.0,0.0,0,64475.0074,146.8529,70.2435,49.0626,86.4684,2.5486,2.1635,31.7521,1,39951.0,2.2,0.0,5.076,23.156,22.617158783783783,23.465302238175674,22.54891735641892,31.7521,0.0
6432,2016-08-25,SZSE:000768,0.6976,23.33,22.7439,23.45,22.86,64592.4895,23.45,4.2995,109.7056,152.7832,275.0855,2.5438,45.2775,54.3851,54.401,0.0,0.0,0,63505.9816,144.6458,69.1877,48.3253,85.1688,2.5103,2.131,24.9237,1,39951.0,2.2,0.0,5.001,23.156,22.860885340762966,22.860885340762966,22.28570741534505,24.9237,0.0
6433,2016-08-26,SZSE:000768,0.7368,23.27,22.6854,23.75,23.21,64426.3708,23.28,4.2885,109.4235,152.3903,274.3780,2.5372,45.2316,53.904,53.9199,0.0,0.0,0,63339.8629,144.2674,69.0068,48.1988,84.946,2.5037,2.1254,21.9988,1,39951.0,2.2,0.0,4.9881,23.156,22.695148775247105,23.153341211860766,22.626907348517406,21.9988,0.0
6434,2016-08-29,SZSE:000768,0.7368,23.19,22.6074,24.12,23.17,64204.8792,23.81,4.2737,109.0473,151.8664,273.4347,2.5285,45.238,53.2279,53.2438,0.0,0.0,0,63118.3713,143.7629,68.7654,48.0303,84.649,2.495,2.118,26.0639,1,39951.0,2.2,0.0,4.971,23.156,23.211823803363515,23.514035705045277,22.587902457956016,26.0639,0.0
6435,2016-08-30,SZSE:000768,0.7368,23.33,22.7439,23.94,22.8,64592.4895,23.0,4.2995,109.7056,152.7832,275.0855,2.5438,45.0451,54.308,54.3232,0.0,0.0,0,63505.9816,144.6458,69.1877,48.3253,85.1688,2.5103,2.131,32.8326,1,39951.0,2.2,0.0,5.001,23.156,22.422190312901844,23.33857548221175,22.227214744963568,32.8326,0.0
6436,2016-08-31,SZSE:000768,0.7368,22.78,22.2077,23.07,22.52,63069.7347,22.92,4.1981,107.1194,149.1814,268.6004,2.4838,44.9628,49.4745,49.4896,0.0,0.0,0,61983.2269,141.1775,67.5287,47.1665,83.1266,2.4501,2.0799,29.6969,1,39951.0,2.2,0.0,4.8831,23.156,22.344182791922737,22.4904143546971,21.95423195785777,29.6969,0.0
6437,2016-09-01,SZSE:000768,0.7368,22.18,21.6228,22.98,22.1,61408.5477,22.78,4.0876,104.2979,145.2521,261.5258,2.4184,45.3771,44.7912,44.8058,0.0,0.0,0,60322.0398,137.3938,65.7189,45.9024,80.8988,2.3844,2.0242,34.3694,1,39951.0,2.2,0.0,4.7545,23.156,22.20772696122633,22.40270261496844,21.544809738503158,34.3694,0.0
6438,2016-09-02,SZSE:000768,0.6656,22.35,21.7885,22.45,22.12,61879.2173,22.22,4.1189,105.0973,146.3654,263.5302,2.4369,45.3787,46.3411,46.355,0.0,0.0,0,60792.7095,138.4658,66.2317,46.2606,81.53,2.403,2.04,14.4628,1,39951.0,2.2,0.0,4.7909,23.156,21.661765995525723,21.885987695749435,21.564278299776287,14.4628,0.0
6439,2016-09-05,SZSE:000768,0.6656,22.39,21.8275,22.58,22.22,61989.9631,22.5,4.1263,105.2854,146.6274,264.0019,2.4413,45.3708,46.7201,46.7338,0.0,0.0,0,60903.4553,138.7181,66.3524,46.3448,81.6785,2.4074,2.0437,12.6096,1,39951.0,2.2,0.0,4.7995,23.156,21.934736489504246,22.012726663689143,21.66177087985708,12.6096,0.0
6440,2016-09-06,SZSE:000768,0.6656,22.5,21.9347,22.5,21.91,62294.5141,22.35,4.1465,105.8027,147.3477,265.2989,2.4533,45.3139,47.8118,47.825,0.0,0.0,0,61208.0062,139.4118,66.6842,46.5766,82.087,2.4194,2.0539,21.3835,1,39951.0,2.2,0.0,4.8231,23.156,21.788468666666667,21.9347,21.35952342222222,21.3835,0.0
6441,2016-09-07,SZSE:000768,0.6656,22.9,22.3247,23.21,22.44,63401.9721,22.5,4.2203,107.6836,149.9673,270.0153,2.4969,45.3913,51.6883,51.6998,0.0,0.0,0,62315.4643,141.9342,67.8907,47.4193,83.5722,2.4632,2.0911,34.4234,1,39951.0,2.2,0.0,4.9088,23.156,21.934748908296946,22.626912096069873,21.876256244541487,34.4234,0.0
6442,2016-09-08,SZSE:000768,0.6656,22.83,22.2564,23.07,22.65,63208.167,23.0,4.2074,107.3545,149.5088,269.1900,2.4893,45.4119,50.9747,50.9862,0.0,0.0,0,62121.6591,141.4928,67.6796,47.2718,83.3123,2.4556,2.0846,18.9182,1,39951.0,2.2,0.0,4.8938,23.156,22.422128777923785,22.490370039421816,22.08092247043364,18.9182,0.0
6443,2016-09-09,SZSE:000768,0.6837,22.69,22.1199,23.06,22.67,62820.5567,22.83,4.1816,106.6961,148.592,267.5392,2.474,45.0988,49.5027,49.5141,0.0,0.0,0,61734.0488,140.6099,67.2573,46.9769,82.7925,2.4402,2.0716,17.8039,1,39951.0,2.2,0.0,4.8638,23.156,22.256382415160864,22.480603525782286,22.100402512119878,17.8039,0.0
6444,2016-09-12,SZSE:000768,0.6837,21.54,20.9988,22.42,21.52,59636.6148,22.26,3.9696,101.2884,141.0609,253.9795,2.3486,46.0538,39.4305,39.441,0.0,0.0,0,58550.107,133.3579,63.7885,44.5541,78.5224,2.3144,1.9647,27.1007,1,39951.0,2.2,0.0,4.6173,23.156,21.700709749303623,21.856689693593317,20.979302506963787,27.1007,0.0
6445,2016-09-13,SZSE:000768,0.6837,21.69,21.1451,21.85,21.47,60051.9116,21.7,3.9973,101.9938,142.0432,255.7481,2.365,45.6127,41.1135,41.1235,0.0,0.0,0,58965.4037,134.3038,64.2409,44.8701,79.0794,2.3308,1.9787,13.2231,1,39951.0,2.2,0.0,4.6494,23.156,21.15484877823882,21.301080451821115,20.930626878745965,13.2231,0.0
6446,2016-09-14,SZSE:000768,0.6837,21.45,20.9111,21.79,21.35,59387.4368,21.52,3.953,100.8652,140.4715,252.9183,2.3388,45.589,39.235,39.2448,0.0,0.0,0,58300.9289,132.7904,63.517,44.3644,78.1882,2.3045,1.9564,12.8356,1,39951.0,2.2,0.0,4.598,23.156,20.979341351981354,21.242557995337997,20.813612354312358,12.8356,0.0
6447,2016-09-15,SZSE:000768,0.6837,0.0,20.9111,0.0,0.0,59387.4368,0.0,3.953,100.8652,140.4715,252.9183,2.3388,45.589,39.235,39.2448,0.0,0.0,0,58300.9289,132.7904,63.517,44.3644,78.1882,2.3045,1.9564,0.0,1,39951.0,2.2,0.0,4.598,23.156,0.0,0.0,0.0,0.0,0.0
6448,2016-09-16,SZSE:000768,0.7805,0.0,20.9111,0.0,0.0,59387.4368,0.0,3.953,100.8652,140.4715,252.9183,2.3388,45.589,39.235,39.2448,0.0,0.0,0,58300.9289,132.7904,63.517,44.3644,78.1882,2.3045,1.9564,0.0,1,39951.0,2.2,0.0,4.598,23.156,0.0,0.0,0.0,0.0,0.0
6449,2016-09-19,SZSE:000768,0.7805,21.6,21.0573,21.67,21.43,59802.7335,21.44,3.9807,101.5706,141.4538,254.6870,2.3552,46.1613,41.048,41.0573,0.0,0.0,0,58716.2257,133.7363,63.9694,44.6805,78.7452,2.3209,1.9703,10.631,1,39951.0,2.2,0.0,4.6301,23.156,20.901320000000002,21.12554125,20.891571250000002,10.631,0.0
6450,2016-09-20,SZSE:000768,0.7805,21.27,20.7356,21.65,21.12,58889.0807,21.63,3.9199,100.0188,139.2927,250.7959,2.3192,46.3052,38.3379,38.3469,0.0,0.0,0,57802.5728,131.6553,62.9741,43.9852,77.5199,2.2848,1.9396,12.3351,1,39951.0,2.2,0.0,4.5594,23.156,21.08655514809591,21.10605265632346,20.589368688293376,12.3351,0.0
6451,2016-09-21,SZSE:000768,0.7805,21.38,20.8429,21.45,21.13,59193.6316,21.31,3.9401,100.5361,140.0131,252.0929,2.3312,46.3021,39.7655,39.7741,0.0,0.0,0,58107.1238,132.3490,63.3058,44.217,77.9283,2.2969,1.9499,11.2417,1,39951.0,2.2,0.0,4.583,23.156,20.774658512628623,20.911141487371378,20.59918040224509,11.2417,0.0
6452,2016-09-22,SZSE:000768,0.7805,21.57,21.0281,21.79,21.39,59719.6742,21.55,3.9752,101.4295,141.2574,254.3332,2.3519,46.3005,42.2524,42.2603,0.0,0.0,0,58633.1663,133.5471,63.879,44.6173,78.6338,2.3177,1.9675,17.9499,1,39951.0,2.2,0.0,4.6237,23.156,21.008602457116364,21.242572971719976,20.85262211404729,17.9499,0.0
6453,2016-09-23,SZSE:000768,0.8403,21.55,21.0086,21.77,21.5,59664.3013,21.68,3.9715,101.3355,141.1264,254.0974,2.3497,45.8799,42.0555,42.0635,0.0,0.0,0,58577.7934,133.4210,63.8186,44.5751,78.5596,2.3155,1.9656,12.0352,1,39951.0,2.2,0.0,4.6194,23.156,21.135334013921113,21.22307294663573,20.95985614849188,12.0352,0.0
6454,2016-09-26,SZSE:000768,0.8403,20.65,20.1312,21.56,20.6,57172.5207,21.56,3.8056,97.1034,135.2325,243.4854,2.2516,46.5867,34.3098,34.3171,0.0,0.0,0,56086.0129,127.7455,61.1039,42.679,75.2178,2.217,1.882,19.2857,1,39951.0,2.2,0.0,4.4265,23.156,21.018337627118644,21.018337627118644,20.08245617433414,19.2857,0.0
6455,2016-09-27,SZSE:000768,0.8403,20.84,20.3164,20.85,20.3,57698.5633,20.58,3.8406,97.9968,136.4768,245.7257,2.2723,45.668,36.9499,36.9566,0.0,0.0,0,56612.0554,128.9437,61.677,43.0793,75.9233,2.2378,1.8997,16.2666,1,39951.0,2.2,0.0,4.4672,23.156,20.06293243761996,20.326148752399238,19.789967370441463,16.2666,0.0
6456,2016-09-28,SZSE:000768,0.8403,20.73,20.2092,20.93,20.61,57394.0123,20.77,3.8204,97.4795,135.7564,244.4287,2.2603,45.6854,36.0467,36.0533,0.0,0.0,0,56307.5045,128.2500,61.3452,42.8475,75.5148,2.2257,1.8895,9.8337,1,39951.0,2.2,0.0,4.4437,23.156,20.24819507959479,20.404175397973948,20.092214761215626,9.8337,0.0
6457,2016-09-29,SZSE:000768,0.8403,20.7,20.1799,20.87,20.65,57310.953,20.72,3.8148,97.3385,135.5599,244.0750,2.257,45.687,35.7897,35.7963,0.0,0.0,0,56224.4451,128.0608,61.2547,42.7843,75.4034,2.2225,1.8867,8.1928,1,39951.0,2.2,0.0,4.4372,23.156,20.199397487922703,20.345628647343,20.131156280193238,8.1928,0.0
6458,2016-09-30,SZSE:000768,0.8317,20.94,20.4139,21.1,20.64,57975.4278,20.7,3.8591,98.467,137.1316,246.9049,2.2832,45.1478,39.505,39.5109,0.0,0.0,0,56888.9199,129.5743,61.9787,43.29,76.2946,2.2487,1.909,10.7723,1,39951.0,2.2,0.0,4.4887,23.156,20.179929799426933,20.56988013371538,20.121437249283666,10.7723,0.0
6459,2016-10-03,SZSE:000768,0.8317,0.0,20.4139,0.0,0.0,57975.4278,0.0,3.8591,98.467,137.1316,246.9049,2.2832,45.1478,39.505,39.5109,0.0,0.0,0,56888.9199,129.5743,61.9787,43.29,76.2946,2.2487,1.909,0.0,1,39951.0,2.2,0.0,4.4887,23.156,0.0,0.0,0.0,0.0,0.0
6460,2016-10-04,SZSE:000768,0.8317,0.0,20.4139,0.0,0.0,57975.4278,0.0,3.8591,98.467,137.1316,246.9049,2.2832,45.1478,39.505,39.5109,0.0,0.0,0,56888.9199,129.5743,61.9787,43.29,76.2946,2.2487,1.909,0.0,1,39951.0,2.2,0.0,4.4887,23.156,0.0,0.0,0.0,0.0,0.0
6461,2016-10-05,SZSE:000768,0.8317,0.0,20.4139,0.0,0.0,57975.4278,0.0,3.8591,98.467,137.1316,246.9049,2.2832,45.1478,39.505,39.5109,0.0,0.0,0,56888.9199,129.5743,61.9787,43.29,76.2946,2.2487,1.909,0.0,1,39951.0,2.2,0.0,4.4887,23.156,0.0,0.0,0.0,0.0,0.0
6462,2016-10-06,SZSE:000768,0.8317,0.0,20.4139,0.0,0.0,57975.4278,0.0,3.8591,98.467,137.1316,246.9049,2.2832,45.1478,39.505,39.5109,0.0,0.0,0,56888.9199,129.5743,61.9787,43.29,76.2946,2.2487,1.909,0.0,1,39951.0,2.2,0.0,4.4887,23.156,0.0,0.0,0.0,0.0,0.0
6463,2016-10-07,SZSE:000768,0.7978,0.0,20.4139,0.0,0.0,57975.4278,0.0,3.8591,98.467,137.1316,246.9049,2.2832,45.1478,39.505,39.5109,0.0,0.0,0,56888.9199,129.5743,61.9787,43.29,76.2946,2.2487,1.909,0.0,1,39951.0,2.2,0.0,4.4887,23.156,0.0,0.0,0.0,0.0,0.0
6464,2016-10-10,SZSE:000768,0.7978,21.41,20.8721,21.5,21.0,59276.691,21.0,3.9457,100.6771,140.2096,252.4467,2.3344,38.7727,46.0843,46.089,0.0,0.0,0,58190.1831,132.5381,63.3963,44.2802,78.0397,2.3002,1.9526,14.5118,1,39951.0,2.2,0.0,4.5894,23.156,20.47240074731434,20.95983886034563,20.47240074731434,14.5118,0.0
6465,2016-10-11,SZSE:000768,0.7978,21.59,21.0476,21.88,21.36,59775.0471,21.43,3.9788,101.5236,141.3883,254.5690,2.3541,38.8328,48.3989,48.4033,0.0,0.0,0,58688.5392,133.6732,63.9393,44.6594,78.7081,2.3199,1.9694,19.0556,1,39951.0,2.2,0.0,4.628,23.156,20.89161963872163,21.330314404817045,20.823378230662343,19.0556,0.0
6466,2016-10-12,SZSE:000768,0.7978,21.59,21.0476,21.68,21.32,59775.0471,21.47,3.9788,101.5236,141.3883,254.5690,2.3541,38.8154,48.3989,48.4033,0.0,0.0,0,58688.5392,133.6732,63.9393,44.6594,78.7081,2.3199,1.9694,10.7142,1,39951.0,2.2,0.0,4.628,23.156,20.93061472904122,21.135338953219083,20.78438314034275,10.7142,0.0
6467,2016-10-13,SZSE:000768,0.7978,21.47,20.9306,21.64,21.42,59442.8097,21.5,3.9567,100.9593,140.6025,253.1541,2.341,38.8185,46.844,46.8484,0.0,0.0,0,58356.3018,132.9165,63.5773,44.4066,78.2625,2.3067,1.9582,8.9534,1,39951.0,2.2,0.0,4.6023,23.156,20.959846297158823,21.09632901723335,20.881856171401957,8.9534,0.0
6468,2016-10-14,SZSE:000768,0.7594,21.55,21.0086,21.77,21.4,59664.3013,21.49,3.9715,101.3355,141.1264,254.0974,2.3497,38.8217,48.0424,48.0466,0.0,0.0,0,58577.7934,133.4210,63.8186,44.5751,78.5596,2.3155,1.9656,12.3103,1,39951.0,2.2,0.0,4.6194,23.156,20.950107378190257,21.22307294663573,20.86236844547564,12.3103,0.0
6469,2016-10-17,SZSE:000768,0.7594,21.13,20.5991,21.75,21.02,58501.4704,21.68,3.8941,99.3605,138.3759,249.1452,2.3039,38.7094,42.611,42.615,0.0,0.0,0,57414.9625,130.7724,62.5518,43.6903,77.0001,2.2695,1.9266,13.7174,1,39951.0,2.2,0.0,4.5294,23.156,21.13528102224326,21.203522243256035,20.49186379555135,13.7174,0.0
6470,2016-10-18,SZSE:000768,0.7594,21.46,20.9208,21.49,20.93,59415.1232,21.13,3.9549,100.9123,140.537,253.0362,2.3399,38.7727,47.6216,47.625,0.0,0.0,0,58328.6154,132.8534,63.5472,44.3855,78.2254,2.3056,1.9573,14.491,1,39951.0,2.2,0.0,4.6001,23.156,20.59909151910531,20.95004622553588,20.40411668219944,14.491,0.0
6471,2016-10-19,SZSE:000768,0.7594,22.16,21.6033,22.98,21.39,61353.1748,21.47,4.0839,104.2039,145.1212,261.2899,2.4162,39.2565,56.3312,56.3337,0.0,0.0,0,60266.6669,137.2677,65.6586,45.8603,80.8245,2.3822,2.0223,33.8221,1,39951.0,2.2,0.0,4.7502,23.156,20.93063407039711,22.40270009025271,20.852643817689533,33.8221,0.0
6472,2016-10-20,SZSE:000768,0.7594,21.95,21.3985,22.35,21.85,60771.7593,22.09,4.0452,103.2164,143.7459,258.8138,2.3933,39.13,53.4593,53.4617,0.0,0.0,0,59685.2514,135.9434,65.0252,45.4178,80.0448,2.3593,2.0028,16.3207,1,39951.0,2.2,0.0,4.7052,23.156,21.534982460136675,21.788449886104786,21.301012528473805,16.3207,0.0
6473,2016-10-21,SZSE:000768,0.7648,22.07,21.5155,22.25,21.71,61103.9967,21.9,4.0673,103.7807,144.5318,260.2288,2.4064,39.1522,54.875,54.8774,0.0,0.0,0,60017.4889,136.7001,65.3871,45.6707,80.4903,2.3724,2.014,17.4277,1,39951.0,2.2,0.0,4.7309,23.156,21.349771182600815,21.69097757136384,21.164544857272315,17.4277,0.0
6474,2016-10-24,SZSE:000768,0.7648,22.7,22.1297,23.0,21.9,62848.2431,22.08,4.1755,98.6266,150.9309,213.8443,2.6266,39.587,61.4971,61.4989,0.0,0.0,0,63815.2743,124.4561,63.7119,45.9222,77.8755,2.6548,2.0574,40.396,1,39951.0,2.2,0.0,4.9403,23.156,21.525276475770923,22.422162995594714,21.349798678414096,40.396,0.0
6475,2016-10-25,SZSE:000768,0.7648,22.62,22.0517,22.78,22.39,62626.7515,22.62,4.1608,98.279,150.3989,213.0907,2.6173,39.3182,60.2873,60.289,0.0,0.0,0,63593.7827,124.0242,63.4908,45.7628,77.6052,2.6456,2.0502,17.6123,1,39951.0,2.2,0.0,4.9229,23.156,22.0517,22.207680194518122,21.827478470380193,17.6123,0.0
6476,2016-10-26,SZSE:000768,0.7648,22.5,21.9347,22.8,22.45,62294.5141,22.63,4.1387,97.7577,149.6011,211.9602,2.6035,39.3103,58.4303,58.4321,0.0,0.0,0,63261.5453,123.3762,63.1591,45.5237,74.7762,2.6318,2.0419,15.0831,1,39951.0,2.2,0.0,4.8968,23.2083,22.06143382222222,22.22716266666667,21.885956222222223,15.0831,0.0
6477,2016-10-27,SZSE:000768,0.7648,22.49,21.925,22.98,22.38,62266.8277,22.5,4.1369,97.7142,149.5346,211.8660,2.6023,36.6856,58.2693,58.271,0.0,0.0,0,63233.8589,123.3222,63.1314,45.5038,74.7435,2.6306,2.041,27.1722,1,39951.0,2.2,0.0,4.8946,23.2083,21.93474877723433,22.402690084481996,21.81776345042241,27.1722,0.0
6478,2016-10-28,SZSE:000768,0.8518,21.96,21.4083,22.62,21.9,60799.4458,22.5,4.0394,95.4115,146.0106,206.8732,2.541,36.8279,50.3476,50.3494,0.0,0.0,0,61766.477,120.4605,61.6664,44.4478,73.009,2.5696,1.9937,20.7612,1,39951.0,2.2,0.0,4.7793,23.2083,21.934733606557376,22.051718852459015,21.349807377049178,20.7612,0.0
6479,2016-10-31,SZSE:000768,0.8518,22.33,21.769,22.48,21.89,61823.8444,22.0,4.1075,97.019,148.4707,210.3587,2.5838,36.3804,54.9519,54.9534,0.0,0.0,0,62790.8757,122.4583,62.6892,45.185,74.2199,2.6122,2.0267,17.5442,1,39951.0,2.2,0.0,4.8598,23.2083,21.44729064039409,21.915231527093596,21.34005418719212,17.5442,0.0
6480,2016-11-01,SZSE:000768,0.8518,22.25,21.691,22.48,22.06,61602.3528,22.44,4.0927,96.6715,147.9388,209.6051,2.5745,36.3915,53.7905,53.7919,0.0,0.0,0,62569.3841,122.0263,62.468,45.0256,73.9581,2.603,2.0196,13.4556,1,39951.0,2.2,0.0,4.8424,23.2083,21.876226516853933,21.91522157303371,21.505773483146065,13.4556,0.0
6481,2016-11-02,SZSE:000768,0.8518,21.84,21.2913,22.45,21.76,60467.2084,22.31,4.0173,94.8901,145.2128,205.7427,2.5271,36.6065,48.1711,48.1726,0.0,0.0,0,61434.2396,119.8125,61.3347,44.2088,72.6163,2.5558,1.9829,19.3865,1,39951.0,2.2,0.0,4.7532,23.2083,21.749491895604393,21.885974587912084,21.213309890109894,19.3865,0.0
6482,2016-11-03,SZSE:000768,0.8518,21.88,21.3303,22.13,21.52,60577.9542,21.77,4.0247,95.0639,145.4787,206.1195,2.5317,36.5955,48.7338,48.7352,0.0,0.0,0,61544.9854,120.0285,61.4453,44.2885,72.7472,2.5604,1.9865,21.2206,1,39951.0,2.2,0.0,4.7619,23.2083,21.22306357404022,21.574019149908594,20.97934442413163,21.2206,0.0
6483,2016-11-04,SZSE:000768,0.8491,21.45,20.9111,21.88,21.44,59387.4368,21.79,3.9456,93.1956,142.6197,202.0687,2.482,36.7283,43.2925,43.2939,0.0,0.0,0,60354.468,117.7067,60.2567,43.4317,71.34,2.5108,1.9481,14.1302,1,39951.0,2.2,0.0,4.6683,23.2083,21.242557995337997,21.330296876456877,20.90135123543124,14.1302,0.0
6484,2016-11-07,SZSE:000768,0.8491,21.41,20.8721,21.69,21.37,59276.691,21.54,3.9382,93.0218,142.3537,201.6919,2.4773,36.3298,42.8136,42.815,0.0,0.0,0,60243.7222,117.4907,60.1462,43.3521,71.2091,2.5062,1.9445,10.9033,1,39951.0,2.2,0.0,4.6596,23.2083,20.998833909388132,21.145065343297524,20.833104950957498,10.9033,0.0
6485,2016-11-08,SZSE:000768,0.8491,21.6,21.0573,21.86,21.48,59802.7335,21.65,3.9732,93.8474,143.617,203.4818,2.4993,30.4527,45.8762,45.8774,0.0,0.0,0,60769.7648,118.5166,60.6713,43.7306,71.8309,2.5281,1.9615,13.0858,1,39951.0,2.2,0.0,4.7009,23.2083,21.106043749999998,21.310767499999997,20.940315,13.0858,0.0
6486,2016-11-09,SZSE:000768,0.8491,21.28,20.7454,21.64,21.1,58916.7671,21.55,3.9143,92.457,141.4894,200.4673,2.4623,30.5666,41.8145,41.8157,0.0,0.0,0,59883.7983,116.7888,59.7868,42.5724,69.5482,2.4913,1.9233,15.6133,1,39951.0,2.2,0.0,4.6313,23.2083,21.008617011278194,21.096356015037596,20.569921992481202,15.6133,0.0
6487,2016-11-10,SZSE:000768,0.8491,21.69,21.1451,21.92,21.45,60051.9116,21.57,3.9897,94.2384,144.2154,204.3296,2.5097,30.6931,48.1487,48.1497,0.0,0.0,0,61018.9428,119.0026,60.9201,43.3794,70.8666,2.5385,1.9598,17.2637,1,39951.0,2.2,0.0,4.7205,23.2083,21.02811466113416,21.369321899492853,20.911129322268323,17.2637,0.0
6488,2016-11-11,SZSE:000768,0.7679,21.8,21.2523,21.92,21.5,60356.4626,21.68,4.01,94.7163,144.9468,205.3659,2.5225,29.542,49.7299,49.7308,0.0,0.0,0,61323.4938,119.5965,61.2242,43.5959,71.2203,2.5512,1.9695,17.7972,1,39951.0,2.2,0.0,4.7445,23.2083,21.13531486238532,21.369285137614682,20.959837155963303,17.7972,0.0
6489,2016-11-14,SZSE:000768,0.7679,22.25,21.691,22.27,21.64,61602.3528,21.73,4.0927,96.6715,147.9388,209.6051,2.5745,29.7317,55.6837,55.6844,0.0,0.0,0,62569.3841,122.0263,62.468,44.4816,72.6672,2.603,2.0096,30.5996,1,39951.0,2.2,0.0,4.8424,23.2083,21.184064269662922,21.710497528089885,21.096325393258425,30.5996,0.0
6490,2016-11-15,SZSE:000768,0.7679,22.21,21.652,22.48,22.02,61491.607,22.35,4.0854,96.4977,147.6729,209.2283,2.5699,28.7119,55.0594,55.0602,0.0,0.0,0,62458.6383,121.8103,62.3575,44.4029,72.5386,2.5984,2.006,18.6722,1,39951.0,2.2,0.0,4.8337,23.2083,21.788482665466006,21.915216569113014,21.46677352543899,18.6722,0.0
6491,2016-11-16,SZSE:000768,0.7679,21.98,21.4278,22.33,21.95,60854.8187,22.17,4.0431,95.4984,146.1436,207.0616,2.5433,28.7831,51.4854,51.4862,0.0,0.0,0,61821.8499,120.5684,61.7217,43.9502,71.799,2.5719,1.9855,14.5205,1,39951.0,2.2,0.0,4.7837,23.2083,21.61302666060055,21.769007006369424,21.398553685168334,14.5205,0.0
6492,2016-11-17,SZSE:000768,0.7679,22.27,21.7105,22.29,21.82,61657.7257,21.92,4.0964,96.7584,148.0718,209.7935,2.5768,27.2493,55.4152,55.4158,0.0,0.0,0,62624.757,122.1343,62.5233,44.521,72.7315,2.6053,2.0113,20.6322,1,39951.0,2.2,0.0,4.8468,23.2083,21.36929321957791,21.729997530309834,21.27180556802874,20.6322,0.0
6493,2016-11-18,SZSE:000768,0.7481,22.07,21.5155,22.46,22.05,61103.9967,22.25,4.0596,95.8894,146.742,207.9094,2.5537,27.2019,52.2706,52.2712,0.0,0.0,0,62071.0279,121.0544,61.9705,44.1273,72.0884,2.5823,1.9936,19.6662,1,39951.0,2.2,0.0,4.8032,23.2083,21.69097757136384,21.895701404621658,21.496002492070684,19.6662,0.0
6494,2016-11-21,SZSE:000768,0.7481,22.18,21.6228,22.37,21.93,61408.5477,21.93,4.0799,96.3673,147.4734,208.9457,2.5664,26.8446,53.8227,53.8232,0.0,0.0,0,62375.5789,121.6484,62.2746,44.3438,72.4421,2.5949,2.0033,14.2015,1,39951.0,2.2,0.0,4.8272,23.2083,21.379080432822366,21.80802687105501,21.379080432822366,14.2015,0.0
6495,2016-11-22,SZSE:000768,0.7481,22.19,21.6325,22.28,21.95,61436.2341,22.23,4.0817,96.4108,147.5399,209.0399,2.5676,24.8302,53.9692,53.9698,0.0,0.0,0,62403.2654,121.7024,62.3022,44.3635,72.4743,2.5961,2.0042,15.5592,1,39951.0,2.2,0.0,4.8294,23.2083,21.671495042812076,21.720238846327174,21.398529743127533,15.5592,0.0
6496,2016-11-23,SZSE:000768,0.7481,22.49,21.925,22.82,22.13,62266.8277,22.2,4.1369,97.7142,149.5346,211.8660,2.6023,24.914,58.2498,58.2503,0.0,0.0,0,63233.8589,123.3222,63.1314,44.954,73.4389,2.6306,2.0309,44.7815,1,39951.0,2.2,0.0,4.8946,23.2083,21.642285460204537,22.246709648732775,21.57404401956425,44.7815,0.0
6497,2016-11-24,SZSE:000768,0.7481,22.2,21.6423,22.45,22.0,61463.9206,22.31,4.0835,96.4542,147.6064,209.1341,2.5687,24.5124,53.1084,53.1089,0.0,0.0,0,62430.9518,121.7564,62.3298,44.3832,72.5064,2.5972,2.0051,23.2041,1,39951.0,2.2,0.0,4.8315,23.2083,21.749536621621623,21.886019594594593,21.447324324324324,23.2041,0.0
6498,2016-11-25,SZSE:000768,0.7008,22.25,21.691,22.37,21.94,61602.3528,22.18,4.0927,96.6715,147.9388,209.6051,2.5745,24.3495,53.8645,53.865,0.0,0.0,0,62569.3841,122.0263,62.468,44.4816,72.6672,2.603,2.0096,17.0746,1,39951.0,2.2,0.0,4.8424,23.2083,21.62275865168539,21.807985168539325,21.388788314606742,17.0746,0.0
6499,2016-11-28,SZSE:000768,0.7008,22.25,21.691,22.74,22.21,61602.3528,22.35,4.0927,96.6715,147.9388,209.6051,2.5745,24.3464,53.8645,53.865,0.0,0.0,0,62569.3841,122.0263,62.468,44.4816,72.6672,2.603,2.0096,24.0699,1,39951.0,2.2,0.0,4.8424,23.2083,21.788487640449436,22.168689438202247,21.652004943820224,24.0699,0.0
6500,2016-11-29,SZSE:000768,0.7008,22.55,21.9835,23.11,22.13,62432.9464,22.13,4.1479,97.9749,149.9335,212.4312,2.6092,24.5124,58.5188,58.5192,0.0,0.0,0,63399.9776,123.6462,63.2973,45.0721,73.6319,2.6375,2.0362,50.3517,1,39951.0,2.2,0.0,4.9077,23.2083,21.574051219512192,22.52943170731707,21.574051219512192,50.3517,0.0
6501,2016-11-30,SZSE:000768,0.7008,22.24,21.6812,22.5,22.07,61574.6664,22.5,4.0909,96.628,147.8723,209.5109,2.5734,24.6278,52.6123,52.6127,0.0,0.0,0,62541.6976,121.9723,62.4404,44.4619,72.6351,2.6018,2.0087,21.7298,1,39951.0,2.2,0.0,4.8402,23.2083,21.934667266187052,21.934667266187052,21.5154714028777,21.7298,0.0
6502,2016-12-01,SZSE:000768,0.7008,22.26,21.7007,22.43,22.06,61630.0393,22.12,4.0946,96.7149,148.0053,209.6993,2.5757,23.7202,52.9423,52.9427,0.0,0.0,0,62597.0705,122.0803,62.4957,44.5013,72.6994,2.6041,2.0104,19.9936,1,39951.0,2.2,0.0,4.8446,23.2083,21.564217610062894,21.8664286163522,21.505725157232703,19.9936,0.0
6503,2016-12-02,SZSE:000768,0.6945,21.5,20.9598,22.42,21.5,59525.869,22.2,3.9548,93.4129,142.9521,202.5398,2.4877,24.7369,41.2007,41.2011,0.0,0.0,0,60492.9003,117.9767,60.3949,43.0054,70.2556,2.5166,1.9429,25.8016,1,39951.0,2.2,0.0,4.6792,23.2083,21.642212093023257,21.856684465116285,20.9598,25.8016,0.0
6504,2016-12-05,SZSE:000768,0.6945,21.46,20.9208,22.06,21.1,59415.1232,21.2,3.9474,93.2391,142.6862,202.1629,2.4831,24.7322,40.6892,40.6896,0.0,0.0,0,60382.1544,117.7607,60.2844,44.5295,71.9156,2.512,1.9591,23.8933,1,39951.0,2.2,0.0,4.713,23.4357,20.667332712022365,21.505724510717613,20.569845293569433,23.8933,0.0
6505,2016-12-06,SZSE:000768,0.6945,21.24,20.7064,21.59,21.2,58806.0213,21.46,3.907,92.2832,141.2234,200.0904,2.4577,24.7812,37.9022,37.9025,0.0,0.0,0,59773.0525,116.5728,59.6762,44.0803,71.1901,2.4867,1.9393,11.6562,1,39951.0,2.2,0.0,4.6646,23.4357,20.920873069679853,21.04760715630885,20.667404896421846,11.6562,0.0
6506,2016-12-07,SZSE:000768,0.6945,21.42,20.8819,21.44,21.2,59304.3774,21.2,3.9401,93.0653,142.4202,201.7861,2.4785,24.5519,41.4367,41.437,0.0,0.0,0,60271.4086,117.5447,60.1738,44.4478,70.5159,2.5074,1.9578,10.5551,1,39951.0,2.2,0.0,4.7042,23.4357,20.66742670401494,20.90139757236228,20.66742670401494,10.5551,0.0
6507,2016-12-08,SZSE:000768,0.6945,21.22,20.6869,21.54,21.2,58750.6484,21.48,3.9033,92.1963,141.0904,199.9020,2.4553,24.6073,38.7945,38.7948,0.0,0.0,0,59717.6796,116.4648,59.621,44.0395,69.8681,2.4844,1.9398,11.3637,1,39951.0,2.2,0.0,4.6602,23.4357,20.94036814326108,20.998860791705937,20.66740245051838,11.3637,0.0
6508,2016-12-09,SZSE:000768,0.6968,21.23,20.6966,21.31,20.82,58778.3349,21.23,3.9051,92.2398,141.1569,199.9962,2.4565,24.5883,39.0039,39.0042,0.0,0.0,0,59745.3661,116.5188,59.6486,44.0599,69.9005,2.4855,1.9407,17.3558,1,39951.0,2.2,0.0,4.6624,23.4357,20.6966,20.774590014130947,20.296901177578896,17.3558,0.0
6509,2016-12-12,SZSE:000768,0.6968,20.6,20.0825,21.64,20.55,57034.0885,21.33,3.7892,89.5026,136.9681,194.0614,2.3836,22.9692,31.6552,31.6555,0.0,0.0,0,58001.1197,113.1170,57.9072,42.7736,67.8598,2.4129,1.8841,26.6231,1,39951.0,2.2,0.0,4.5241,23.4357,20.794161407766985,21.096373786407764,20.033756067961164,26.6231,0.0
6510,2016-12-13,SZSE:000768,0.6968,21.11,20.5796,21.21,20.53,58446.0975,20.55,3.883,91.7184,140.359,198.8658,2.4426,23.5084,41.2974,41.2976,0.0,0.0,0,59413.1287,115.8708,59.3169,43.8149,69.5118,2.4717,1.9299,18.8161,1,39951.0,2.2,0.0,4.6361,23.4357,20.03367029843676,20.677087446707723,20.014172809095218,18.8161,0.0
6511,2016-12-14,SZSE:000768,0.6968,21.53,20.9891,21.9,20.8,59608.9284,21.14,3.9603,93.5432,143.1516,202.8224,2.4912,23.7661,47.8255,47.8257,0.0,0.0,0,60575.9596,118.1386,60.4779,44.6724,70.8723,2.5201,1.9677,33.8408,1,39951.0,2.2,0.0,4.7283,23.4357,20.60889800278681,21.349804458894564,20.27743985137018,33.8408,0.0
6512,2016-12-15,SZSE:000768,0.6968,21.85,21.301,22.28,21.44,60494.8948,21.44,4.0192,94.9336,145.2793,205.8369,2.5282,23.7534,52.1882,52.1884,0.0,0.0,0,61461.926,119.8665,61.3624,45.3258,71.9088,2.5569,1.9965,33.0987,1,39951.0,2.2,0.0,4.7986,23.4357,20.901301601830664,21.720195881006862,20.901301601830664,33.0987,0.0
6513,2016-12-16,SZSE:000768,0.652,21.78,21.2328,22.18,21.58,60301.0897,21.73,4.0063,94.6294,144.8138,205.1775,2.5201,23.5621,51.1801,51.1802,0.0,0.0,0,61268.1209,119.4885,61.1689,45.1829,71.6821,2.5489,1.9902,18.0545,1,39951.0,2.2,0.0,4.7832,23.4357,21.184056198347108,21.62275041322314,21.037824793388427,18.0545,0.0
6514,2016-12-19,SZSE:000768,0.652,21.96,21.4083,22.08,21.68,60799.4458,21.85,4.0394,95.4115,73.494,206.8732,2.541,23.5779,53.6591,53.6592,0.0,0.0,0,61766.477,120.4605,61.6664,43.7713,68.5451,2.5696,1.9768,12.7623,1,39951.0,2.2,0.0,2.4275,22.7083,21.301063524590163,21.525285245901635,21.13533442622951,12.7623,0.0
6515,2016-12-20,SZSE:000768,0.652,21.78,21.2328,21.98,21.46,60301.0897,21.94,4.0063,94.6294,72.8916,205.1775,2.5201,23.4214,50.8769,50.877,0.0,0.0,0,61268.1209,119.4885,61.1689,43.4182,67.992,2.5489,1.9609,13.5948,1,39951.0,2.2,0.0,2.4076,22.7083,21.388780165289255,21.42777520661157,20.92083966942149,13.5948,0.0
6516,2016-12-21,SZSE:000768,0.652,22.12,21.5643,22.35,21.55,61242.429,21.85,4.0688,96.1066,74.0295,208.3804,2.5595,23.6048,55.5637,55.5638,0.0,0.0,0,62209.4602,121.3244,62.1087,44.0853,69.0367,2.588,1.991,30.4314,1,39951.0,2.2,0.0,2.4452,22.7083,21.30108295660036,21.788521925858948,21.00861957504521,30.4314,0.0
6517,2016-12-22,SZSE:000768,0.652,21.84,21.2913,22.12,21.7,60467.2084,22.0,4.0173,94.8901,73.0924,205.7427,2.5271,23.6949,51.2289,51.229,0.0,0.0,0,61434.2396,119.8125,61.3347,42.44,65.5849,2.5558,1.973,13.962,1,39951.0,2.2,0.0,2.4143,24.05,21.447280219780218,21.564265384615382,21.15481730769231,13.962,0.0
6518,2016-12-23,SZSE:000768,0.6696,21.67,21.1256,22.15,21.67,59996.5387,21.75,3.9861,94.1515,72.5234,204.1412,2.5074,23.7503,48.7425,48.7426,0.0,0.0,0,60963.5699,118.8946,60.8648,42.1149,65.0824,2.5362,1.9578,16.4723,1,39951.0,2.2,0.0,2.3955,24.05,21.203590216889708,21.593541301338252,21.1256,16.4723,0.0
6519,2016-12-26,SZSE:000768,0.6696,21.55,21.0086,21.69,21.11,59664.3013,21.3,3.964,93.6301,72.1218,203.0108,2.4935,22.068,47.0082,47.0083,0.0,0.0,0,60631.3325,118.2466,60.5331,41.8854,64.7278,2.5224,1.9472,12.8353,1,39951.0,2.2,0.0,2.3822,24.05,20.764880742459397,21.14508278422274,20.579654106728537,12.8353,0.0
6520,2016-12-27,SZSE:000768,0.6696,21.12,20.5894,21.63,21.09,58473.7839,21.5,3.8849,91.7619,70.6827,198.9600,2.4438,22.4016,41.3328,41.3329,0.0,0.0,0,59440.8151,115.9248,59.3445,41.0629,63.4568,2.4728,1.9089,15.4585,1,39951.0,2.2,0.0,2.3347,24.05,20.959853219696967,21.086587215909088,20.560153693181817,15.4585,0.0
6521,2016-12-28,SZSE:000768,0.6696,21.21,20.6771,21.52,21.13,58722.962,21.21,3.9014,92.1529,70.9839,199.8078,2.4542,22.3873,42.8871,42.8871,0.0,0.0,0,59689.9932,116.4108,59.5933,41.2351,63.7228,2.4832,1.9169,11.153,1,39951.0,2.2,0.0,2.3446,24.05,20.6771,20.97931126826968,20.59910999528524,11.153,0.0
6522,2016-12-29,SZSE:000768,0.6696,21.25,20.7161,21.36,21.12,58833.7078,21.15,3.9088,92.3267,71.1178,200.1846,2.4588,22.3858,43.6022,43.6023,0.0,0.0,0,59800.739,116.6268,59.7039,41.3116,63.841,2.4878,1.9205,8.7045,1,39951.0,2.2,0.0,2.349,24.05,20.618612470588236,20.823336282352944,20.58936621176471,8.7045,0.0
6523,2016-12-30,SZSE:000768,0.6639,21.26,20.7259,21.42,21.16,58861.3942,21.33,3.9106,92.3701,71.1513,200.2789,2.46,22.2672,43.7917,43.7918,0.0,0.0,0,59828.4254,116.6808,59.7315,41.3307,63.8706,2.489,1.9214,8.2216,1,39951.0,2.2,0.0,2.3501,24.05,20.79414143932267,20.881880432737535,20.628412229539038,8.2216,0.0
6524,2017-01-02,SZSE:000768,0.6639,0.0,20.7259,0.0,0.0,58861.3942,0.0,3.9106,92.3701,71.1513,200.2789,2.46,22.2672,43.7917,43.7918,0.0,0.0,0,59828.4254,116.6808,59.7315,41.3307,63.8706,2.489,1.9214,0.0,1,39951.0,2.2,0.0,2.3501,24.05,0.0,0.0,0.0,0.0,0.0
6525,2017-01-03,SZSE:000768,0.6639,22.14,21.5838,22.31,21.35,61297.8019,21.38,4.0725,96.1935,74.0964,208.5688,2.5618,23.54,57.3664,57.3665,0.0,0.0,0,62264.8331,121.4324,62.164,43.0138,66.4716,2.5903,1.9996,30.3875,1,39951.0,2.2,0.0,2.4474,24.05,20.842892682926827,21.749529268292683,20.813646341463414,30.3875,0.0
6526,2017-01-04,SZSE:000768,0.6639,22.19,21.6325,22.35,22.05,61436.2341,22.05,4.0817,96.4108,74.2637,209.0399,2.5676,23.3471,57.9872,57.9873,0.0,0.0,0,62403.2654,121.7024,62.3022,43.1095,66.6194,2.5961,2.0041,25.1972,1,39951.0,2.2,0.0,2.4529,24.05,21.49601735015773,21.788480171248313,21.49601735015773,25.1972,0.0
6527,2017-01-05,SZSE:000768,0.6639,22.58,22.0127,22.98,22.1,62516.0057,22.14,4.1534,98.1052,75.5689,212.7138,2.6127,23.3898,62.5663,62.5663,0.0,0.0,0,63483.0369,123.8082,63.3802,43.8554,67.7721,2.641,2.0388,46.9028,1,39951.0,2.2,0.0,2.4961,24.05,21.583754561558905,22.40265039858282,21.544759521700623,46.9028,0.0
6528,2017-01-06,SZSE:000768,0.5112,22.45,21.886,23.1,22.44,62156.0818,22.66,4.1295,97.5404,75.1339,211.4892,2.5977,23.2443,60.2105,60.2106,0.0,0.0,0,63123.1131,123.1062,63.0209,43.6068,67.3879,2.626,2.0272,32.752,1,39951.0,2.2,0.0,2.4817,24.05,22.090724276169265,22.519670378619157,21.876251224944323,32.752,0.0
6529,2017-01-09,SZSE:000768,0.5112,23.64,23.0461,23.91,22.46,65450.7695,22.46,4.3484,102.7107,79.1165,222.6995,2.7354,25.1037,70.9814,70.9815,0.0,0.0,0,66417.8007,129.5317,66.3102,45.8828,70.9052,2.7631,2.133,60.6676,1,39951.0,2.2,0.0,2.6132,24.05,21.89574475465313,23.309316878172588,21.89574475465313,60.6676,0.0
6530,2017-01-10,SZSE:000768,0.5112,23.15,22.5684,23.69,23.02,64094.1334,23.5,4.2583,100.5818,77.4766,218.0835,2.6787,25.1654,63.3742,63.3742,0.0,0.0,0,65061.1646,126.8859,64.9558,44.9456,69.4569,2.7067,2.0894,36.9092,1,39951.0,2.2,0.0,2.5591,24.05,22.909606911447085,23.09483352051836,22.441666004319657,36.9092,0.0
6531,2017-01-11,SZSE:000768,0.5112,23.21,22.6269,23.75,23.07,64260.2521,23.31,4.2693,100.8425,77.6774,218.6487,2.6856,25.1259,63.8846,63.8846,0.0,0.0,0,65227.2833,127.2099,65.1216,45.0604,69.6342,2.7136,2.0948,31.9963,1,39951.0,2.2,0.0,2.5657,24.05,22.724387720809993,23.153333692373973,22.490417190866005,31.9963,0.0
6532,2017-01-12,SZSE:000768,0.5112,22.57,22.003,23.35,22.5,62488.3193,23.21,4.1516,98.0618,75.5355,212.6196,2.6116,25.7647,55.069,55.069,0.0,0.0,0,63455.3505,123.7542,63.3526,43.8363,67.7426,2.6398,2.0379,28.9866,1,39951.0,2.2,0.0,2.495,24.05,22.626922020381038,22.76340496233939,21.934758529020826,28.9866,0.0
6533,2017-01-13,SZSE:000768,0.3266,22.42,21.8567,22.88,22.32,62073.0225,22.57,4.124,97.4101,75.0335,211.2066,2.5942,25.7757,53.2155,53.2155,0.0,0.0,0,63040.0537,122.9443,62.938,43.5494,67.2992,2.6226,2.0245,20.8368,1,39951.0,2.2,0.0,2.4784,24.05,22.002931266726137,22.305142551293486,21.75921248884924,20.8368,0.0
6534,2017-01-16,SZSE:000768,0.3266,22.15,21.5935,22.73,21.22,61325.4883,22.42,4.0743,96.237,74.1299,208.6631,2.563,25.8896,49.9562,49.9562,0.0,0.0,0,62292.5195,121.4864,62.1916,43.033,66.5012,2.5915,2.0005,29.3153,1,39951.0,2.2,0.0,2.4485,24.05,21.85671647855531,22.158927990970657,20.68686546275395,29.3153,0.0
6535,2017-01-17,SZSE:000768,0.3266,22.6,22.0322,22.6,21.66,62571.3786,21.85,4.1571,98.1921,75.6359,212.9023,2.615,25.8595,54.9127,54.9127,0.0,0.0,0,63538.4098,123.9162,63.4355,43.8936,67.8312,2.6433,2.0405,29.4556,1,39951.0,2.2,0.0,2.4983,24.05,21.301042920353982,22.0322,21.11581646017699,29.4556,0.0
6536,2017-01-18,SZSE:000768,0.3266,22.74,22.1687,23.12,22.43,62958.9889,22.5,4.1829,98.8004,76.1044,214.2211,2.6312,25.7188,56.3608,56.3608,0.0,0.0,0,63926.0201,124.6721,63.8225,44.1614,68.245,2.6594,2.053,29.7507,1,39951.0,2.2,0.0,2.5137,24.05,21.93472955145119,22.53915321020229,21.866488170624454,29.7507,0.0
6537,2017-01-19,SZSE:000768,0.3266,22.66,22.0907,22.93,22.58,62737.4973,22.66,4.1682,98.4528,75.8367,213.4675,2.622,24.9693,55.2684,55.2685,0.0,0.0,0,63704.5285,124.2402,63.6014,44.0084,68.0086,2.6502,2.0459,18.308,1,39951.0,2.2,0.0,2.5049,24.05,22.0907,22.353916637246247,22.012709885260367,18.308,0.0
6538,2017-01-20,SZSE:000768,0.3214,23.0,22.4222,23.05,22.56,63678.8366,22.62,4.2307,99.9301,76.9746,216.6704,2.6613,25.0516,58.9132,58.9132,0.0,0.0,0,64645.8679,126.0760,64.5412,44.6587,69.0135,2.6894,2.0761,20.729,1,39951.0,2.2,0.0,2.5425,24.05,22.051746260869567,22.47094391304348,21.99325356521739,20.729,0.0
6539,2017-01-23,SZSE:000768,0.3214,23.37,22.7829,23.62,23.08,64703.2353,23.3,4.2988,101.5376,78.2129,220.1560,2.7041,25.2128,62.4947,62.4947,0.0,0.0,0,65670.2665,128.0738,65.5639,45.3664,70.1071,2.732,2.109,28.9039,1,39951.0,2.2,0.0,2.5834,24.05,22.714658536585368,23.026619512195126,22.500185365853657,28.9039,0.0
6540,2017-01-24,SZSE:000768,0.3214,23.22,22.6366,23.55,23.16,64287.9386,23.21,4.2712,100.8859,77.7108,218.7429,2.6868,24.6579,60.2035,60.2035,0.0,0.0,0,65254.9698,127.2639,65.1493,45.0795,69.6638,2.7147,2.0957,17.9588,1,39951.0,2.2,0.0,2.5668,24.05,22.626851248923348,22.95830878552972,22.578107493540053,17.9588,0.0
6541,2017-01-25,SZSE:000768,0.3214,23.18,22.5976,23.41,22.9,64177.1928,23.16,4.2638,100.7121,77.577,218.3661,2.6821,24.65,59.5763,59.5763,0.0,0.0,0,65144.224,127.0479,65.0387,45.003,69.5456,2.7101,2.0921,18.6001,1,39951.0,2.2,0.0,2.5624,24.05,22.578102502157034,22.821821225194135,22.324635030198447,18.6001,0.0
6542,2017-01-26,SZSE:000768,0.3214,23.59,22.9973,23.8,23.21,65312.3372,23.23,4.3392,102.4935,78.9491,222.2285,2.7296,24.8492,63.7458,63.7458,0.0,0.0,0,66279.3684,129.2618,66.172,45.7872,70.7574,2.7573,2.1286,25.3562,1,39951.0,2.2,0.0,2.6077,24.05,22.64634501907588,23.202023738872402,22.62684752013565,25.3562,0.0
6543,2017-01-27,SZSE:000768,0.4892,0.0,22.9973,0.0,0.0,65312.3372,0.0,4.3392,102.4935,78.9491,222.2285,2.7296,24.8492,63.7458,63.7458,0.0,0.0,0,66279.3684,129.2618,66.172,45.7872,70.7574,2.7573,2.1286,0.0,1,39951.0,2.2,0.0,2.6077,24.05,0.0,0.0,0.0,0.0,0.0
6544,2017-01-30,SZSE:000768,0.4892,0.0,22.9973,0.0,0.0,65312.3372,0.0,4.3392,102.4935,78.9491,222.2285,2.7296,24.8492,63.7458,63.7458,0.0,0.0,0,66279.3684,129.2618,66.172,45.7872,70.7574,2.7573,2.1286,0.0,1,39951.0,2.2,0.0,2.6077,24.05,0.0,0.0,0.0,0.0,0.0
6545,2017-01-31,SZSE:000768,0.4892,0.0,22.9973,0.0,0.0,65312.3372,0.0,4.3392,102.4935,78.9491,222.2285,2.7296,24.8492,63.7458,63.7458,0.0,0.0,0,66279.3684,129.2618,66.172,45.7872,70.7574,2.7573,2.1286,0.0,1,39951.0,2.2,0.0,2.6077,24.05,0.0,0.0,0.0,0.0,0.0
6546,2017-02-01,SZSE:000768,0.4892,0.0,22.9973,0.0,0.0,65312.3372,0.0,4.3392,102.4935,78.9491,222.2285,2.7296,24.8492,63.7458,63.7458,0.0,0.0,0,66279.3684,129.2618,66.172,45.7872,70.7574,2.7573,2.1286,0.0,1,39951.0,2.2,0.0,2.6077,24.05,0.0,0.0,0.0,0.0,0.0
6547,2017-02-02,SZSE:000768,0.4892,0.0,23.397,0.0,0.0,66447.4817,0.0,4.4146,104.2748,80.3213,226.0909,2.777,24.8492,0.0,0.0,0.0,0.0,0,67414.5129,131.4756,67.3053,46.5713,71.9692,2.8046,2.165,0.0,1,39951.0,2.2,0.0,2.653,24.05,0.0,0.0,0.0,0.0,0.0
6548,2017-02-03,SZSE:000768,0.4906,23.56,22.9681,23.96,23.41,65229.2779,23.65,4.3337,102.3631,78.8487,221.9459,2.7261,24.8239,63.2318,63.2319,0.0,0.0,0,66196.3091,129.0998,66.0891,45.7298,70.6687,2.7539,2.1259,24.0905,1,39951.0,2.2,0.0,2.6044,24.05,23.05583892190153,23.358050764006794,22.821868463497452,24.0905,0.0
6549,2017-02-06,SZSE:000768,0.4906,23.68,23.0851,23.75,23.3,65561.5153,23.5,4.3558,102.8845,79.2503,223.0763,2.74,24.446,64.4659,64.4659,0.0,0.0,0,66528.5465,129.7477,66.4208,45.9593,71.0234,2.7677,2.1366,22.2548,1,39951.0,2.2,0.0,2.6177,24.05,22.90962204391892,23.153341427364868,22.714646537162164,22.2548,0.0
6550,2017-02-07,SZSE:000768,0.4906,22.98,22.4027,23.64,22.85,63623.4637,23.57,4.227,99.8432,76.9076,216.4820,2.659,25.2777,53.2403,53.2403,0.0,0.0,0,64590.495,125.9680,64.4859,44.6205,68.9544,2.6871,2.0743,33.7808,1,39951.0,2.2,0.0,2.5403,24.05,22.977878111401218,23.04611958224543,22.27596583986075,33.7808,0.0
6551,2017-02-08,SZSE:000768,0.4906,24.0,23.397,24.04,22.68,66447.4817,22.89,4.4146,104.2748,80.3213,226.0909,2.777,26.6691,63.2754,63.2754,0.0,0.0,0,67414.5129,131.4756,67.3053,46.5713,71.9692,2.8046,2.165,46.0494,1,39951.0,2.2,0.0,2.653,24.05,22.314888749999998,23.435995,22.110165,46.0494,0.0
6552,2017-02-09,SZSE:000768,0.4906,23.99,23.3873,24.3,23.76,66419.7953,23.95,4.4128,104.2314,80.2878,225.9967,2.7759,26.4493,63.1324,63.1324,0.0,0.0,0,67386.8265,131.4216,67.2777,46.5522,71.9397,2.8034,2.1641,34.9541,1,39951.0,2.2,0.0,2.6519,24.05,23.34830491871613,23.689511879949983,23.16307828261776,34.9541,0.0
6553,2017-02-10,SZSE:000768,0.5124,23.69,23.0948,24.03,23.66,65589.2017,23.9,4.3576,102.928,78.2106,223.1706,2.7411,26.3718,58.8351,58.8351,0.0,0.0,0,66556.233,129.8017,66.4484,45.9784,70.2791,2.7689,2.1584,23.7725,1,39951.0,2.2,0.0,2.5833,24.05,23.29952384972562,23.426257661460532,23.06555373575348,23.7725,0.0
6554,2017-02-13,SZSE:000768,0.5124,23.57,22.9778,23.88,23.48,65256.9643,23.67,4.3355,102.4066,77.8145,222.0401,2.7273,26.394,57.1591,57.1591,0.0,0.0,0,66223.9955,129.1538,66.1167,45.7489,69.9283,2.755,2.1476,23.7453,1,39951.0,2.2,0.0,2.5702,24.05,23.075287484089944,23.280011200678825,22.890061264319048,23.7453,0.0
6555,2017-02-14,SZSE:000768,0.5124,23.51,22.9193,23.86,23.42,65090.8456,23.53,4.3245,102.1459,77.6164,221.4749,2.7203,26.1046,56.2956,56.2956,0.0,0.0,0,66057.8768,128.8298,65.9509,45.6341,69.7529,2.7481,2.1422,20.5236,1,39951.0,2.2,0.0,2.5637,24.05,22.938797490429604,23.260506082518074,22.83156129306678,20.5236,0.0
6556,2017-02-15,SZSE:000768,0.5124,23.35,22.7634,23.59,23.2,64647.8624,23.51,4.2951,101.4507,77.0882,219.9676,2.7018,26.1457,53.9548,53.9548,0.0,0.0,0,65614.8936,127.9659,65.5086,45.3281,69.2851,2.7297,2.1279,25.1743,1,39951.0,2.2,0.0,2.5462,24.05,22.91938047109208,22.99737070663811,22.61716830835118,25.1743,0.0
6557,2017-02-16,SZSE:000768,0.5124,23.63,23.0363,23.8,23.25,65423.083,23.31,4.3466,102.6673,78.0126,222.6053,2.7342,26.1362,57.3008,57.3008,0.0,0.0,0,66390.1143,129.4777,66.2826,45.8637,70.1037,2.7619,2.153,25.1819,1,39951.0,2.2,0.0,2.5768,24.05,22.724339949217097,23.202028776978423,22.665847439695302,25.1819,0.0
6558,2017-02-17,SZSE:000768,0.3886,23.8,23.2021,24.08,23.31,65893.7527,23.53,4.3779,103.4059,78.5738,224.2068,2.7539,26.0493,59.2376,59.2376,0.0,0.0,0,66860.7839,130.3957,66.7525,46.1888,70.6007,2.7815,2.1683,37.3053,1,39951.0,2.2,0.0,2.5953,24.05,22.938882899159665,23.475065882352943,22.724409705882355,37.3053,0.0
6559,2017-02-20,SZSE:000768,0.3886,23.92,23.319,24.09,23.61,66225.9901,23.85,4.3999,103.9273,78.97,225.3373,2.7678,25.9765,60.5963,60.5963,0.0,0.0,0,67193.0213,131.0436,67.0842,46.4183,70.9515,2.7953,2.179,24.0226,1,39951.0,2.2,0.0,2.6084,24.05,23.250758779264213,23.484728678929766,23.01678887959866,24.0226,0.0
6560,2017-02-21,SZSE:000768,0.3886,23.85,23.2508,24.03,23.59,66032.1849,23.94,4.387,103.6231,79.447,224.6778,2.7597,25.9797,59.3535,59.3535,0.0,0.0,0,66999.2162,130.6656,66.8907,46.2844,70.7469,2.7873,2.1728,22.9507,1,39951.0,2.2,0.0,2.6242,24.05,23.33853886792453,23.42627773584906,22.99733215932914,22.9507,0.0
6561,2017-02-22,SZSE:000768,0.3886,23.7,23.1046,23.85,23.55,65616.8882,23.75,4.3595,102.9714,78.9474,223.2648,2.7423,26.024,56.6712,56.6712,0.0,0.0,0,66583.9194,129.8557,66.4761,45.9975,70.3084,2.77,2.1593,17.0414,1,39951.0,2.2,0.0,2.6077,24.05,23.153343881856543,23.250831645569622,22.958368354430384,17.0414,0.0
6562,2017-02-23,SZSE:000768,0.3886,23.2,22.6171,23.68,23.05,64232.5657,23.66,4.2675,100.799,77.2818,218.5545,2.6845,26.2928,48.761,48.761,0.0,0.0,0,65199.5969,127.1559,65.094,45.0412,68.8466,2.7124,2.1144,24.9238,1,39951.0,2.2,0.0,2.5526,24.05,23.065542500000003,23.085040000000003,22.47086875,24.9238,0.0
6563,2017-02-24,SZSE:000768,0.3608,23.49,22.8998,23.56,23.1,65035.4727,23.16,4.3208,102.059,78.2478,221.2865,2.718,26.2516,52.87,52.87,0.0,0.0,0,66002.5039,128.7218,65.8956,45.5959,69.6944,2.7458,2.1404,19.6512,1,39951.0,2.2,0.0,2.5845,24.05,22.578091443167306,22.968041209025117,22.519598978288634,19.6512,0.0
6564,2017-02-27,SZSE:000768,0.3608,23.1,22.5196,23.44,23.05,63955.7011,23.4,4.2491,100.3645,76.9487,217.6125,2.6729,26.4951,47.3685,47.3685,0.0,0.0,0,64922.7324,126.6160,64.8176,44.85,68.5543,2.7009,2.1054,15.5837,1,39951.0,2.2,0.0,2.5416,24.05,22.812062337662336,22.851057316017314,22.470856277056278,15.5837,0.0
6565,2017-02-28,SZSE:000768,0.3608,23.23,22.6464,23.36,23.06,64315.625,23.1,4.273,100.9294,77.3818,218.8371,2.6879,26.5157,49.2637,49.2637,0.0,0.0,0,65282.6562,127.3179,65.1769,45.0986,68.9343,2.7159,2.1171,10.5895,1,39951.0,2.2,0.0,2.5559,24.05,22.519665949203617,22.773134050796383,22.48067085665088,10.5895,0.0
6566,2017-03-01,SZSE:000768,0.3608,23.85,23.2508,24.35,23.29,66032.1849,23.3,4.387,103.6231,79.447,224.6778,2.7597,27.1956,57.1825,57.1825,0.0,0.0,0,66999.2162,130.6656,66.8907,46.2844,70.7469,2.7873,2.1728,52.58,1,39951.0,2.2,0.0,2.6242,24.05,22.714618029350106,23.73823815513627,22.70486926624738,52.58,0.0
6567,2017-03-02,SZSE:000768,0.3608,23.84,23.2411,24.15,23.61,66004.4985,23.86,4.3852,103.5797,79.4137,224.5836,2.7585,26.1188,57.0279,57.0279,0.0,0.0,0,66971.5297,130.6116,66.8631,46.2653,70.7177,2.7861,2.1719,34.3891,1,39951.0,2.2,0.0,2.6231,24.05,23.26059756711409,23.543312290268457,23.01687797818792,34.3891,0.0
6568,2017-03-03,SZSE:000768,0.3677,23.94,23.3385,24.32,23.71,66281.363,23.75,4.4036,104.0142,79.7468,225.5257,2.7701,25.8975,58.2437,58.2437,0.0,0.0,0,67248.3942,131.1516,67.1395,46.4566,71.01,2.7976,2.1808,41.2469,1,39951.0,2.2,0.0,2.6341,24.05,23.153273809523807,23.70895238095238,23.114278822055137,41.2469,0.0
6569,2017-03-06,SZSE:000768,0.3677,24.65,24.0307,24.65,23.8,68247.101,24.05,4.5342,107.0989,83.1646,232.2142,2.8522,26.5884,65.6703,65.6703,0.0,0.0,0,69214.1322,134.9853,69.102,47.8146,73.0857,2.8794,2.2446,50.9921,1,39951.0,2.2,0.0,2.7469,24.05,23.445774239350914,24.0307,23.202055172413793,50.9921,0.0
6570,2017-03-07,SZSE:000768,0.3677,24.38,23.7675,24.6,24.14,67499.5668,24.59,4.4845,105.9259,82.2537,229.6707,2.821,26.707,61.2118,61.2118,0.0,0.0,0,68466.5981,133.5274,68.3557,47.2981,72.2964,2.8483,2.2203,33.5774,1,39951.0,2.2,0.0,2.7169,24.05,23.97222415914684,23.981972928630025,23.53352953240361,33.5774,0.0
6571,2017-03-08,SZSE:000768,0.3677,24.12,23.514,24.7,24.04,66779.7191,24.42,4.4367,104.7962,81.3765,227.2213,2.7909,26.7339,57.1855,57.1855,0.0,0.0,0,67746.7503,132.1235,67.637,46.8009,71.5362,2.8184,2.197,31.6614,1,39951.0,2.2,0.0,2.6879,24.05,23.806462686567162,24.079427860696512,23.436009950248753,31.6614,0.0
6572,2017-03-09,SZSE:000768,0.3677,24.08,23.475,24.55,23.93,66668.9733,24.04,4.4294,104.6224,81.2416,226.8445,2.7863,26.7434,56.569,56.569,0.0,0.0,0,67636.0045,131.9075,67.5265,44.6756,67.2352,2.8138,2.2462,29.133,1,39951.0,2.2,0.0,2.6834,25.786,23.436004983388706,23.933191445182725,23.328768687707644,29.133,0.0
6573,2017-03-10,SZSE:000768,0.394,23.87,23.2703,24.35,23.83,66087.5579,24.12,4.3907,103.71,80.5331,224.8662,2.762,26.6074,53.3192,53.3192,0.0,0.0,0,67054.5891,130.7736,66.946,43.8676,66.6573,2.7896,2.2269,22.1772,1,39951.0,2.2,0.0,2.66,25.986,23.514019103477168,23.738240678676163,23.23130494344365,22.1772,0.0
6574,2017-03-13,SZSE:000768,0.394,24.05,23.4458,24.07,23.8,66585.914,23.84,4.4238,104.4921,74.5528,226.5619,2.7828,25.5765,55.67,55.67,0.0,0.0,0,67552.9452,131.7456,67.4435,48.4996,81.1359,2.8103,2.1582,18.7237,1,39951.0,2.2,4.1368,2.4625,25.986,23.241075758835755,23.465297546777542,23.202080665280665,18.7237,0.0
6575,2017-03-14,SZSE:000768,0.394,23.81,23.2118,24.06,23.58,65921.4391,24.0,4.2908,159.5845,90.9299,NM,2.5239,25.431,51.9159,51.9159,0.0,0.0,0,63614.6985,203.2767,77.6177,42.1516,65.0195,2.4353,2.1196,26.3059,1,39951.0,2.2,4.1196,3.0034,25.686,23.39702645947081,23.455519025619488,22.98757849643007,26.3059,0.0
6576,2017-03-15,SZSE:000768,0.394,23.83,23.2313,24.04,23.65,65976.812,23.74,4.2944,159.7185,91.0063,NM,2.5261,25.2824,52.2052,52.2051,0.0,0.0,0,63670.0714,203.4536,77.6852,42.1883,65.0761,2.4374,2.1215,17.0177,1,39951.0,2.2,4.123,3.0059,25.686,23.14356114141838,23.436024003357115,23.05582228283676,17.0177,0.0
6577,2017-03-16,SZSE:000768,0.394,24.05,23.4458,24.07,23.81,66585.914,23.9,4.334,161.193,91.8465,NM,2.5494,25.3125,55.3844,55.3844,0.0,0.0,0,64279.1734,205.4000,78.4284,42.5919,65.6987,2.4607,2.1418,19.8028,1,39951.0,2.2,4.1611,3.0337,25.686,23.299568399168397,23.465297546777542,23.211829438669433,19.8028,0.0
6578,2017-03-17,SZSE:000768,0.2334,23.46,22.8706,24.15,23.4,64952.4134,24.05,4.2277,157.2386,89.5933,NM,2.4868,25.6809,46.459,46.459,0.0,0.0,0,62645.6728,200.1802,76.4353,41.5096,70.7609,2.3982,2.1053,24.906,1,39951.0,2.2,4.0872,2.9593,25.686,23.44577706734868,23.54326470588235,22.812107416879794,24.906,0.0
6579,2017-03-20,SZSE:000768,0.2334,23.44,22.8511,23.62,23.17,64897.0405,23.49,4.2241,157.1046,89.5169,NM,2.4847,25.7915,46.1872,46.1872,0.0,0.0,0,62590.2999,200.0033,76.3678,41.4729,70.6983,2.3961,2.1034,18.386,1,39951.0,2.2,4.0838,2.9567,25.686,22.899843813993172,23.026577730375426,22.58788340443686,18.386,0.0
6580,2017-03-21,SZSE:000768,0.2334,23.5,22.9096,23.54,23.24,65063.1592,23.43,4.2349,157.5067,89.746,NM,2.4911,25.6176,47.1852,47.1852,0.0,0.0,0,62756.4186,200.5341,76.5705,41.5829,70.886,2.4025,2.109,11.3828,1,39951.0,2.2,4.0942,2.9643,25.686,22.841358638297873,22.948595063829785,22.656132085106382,11.3828,0.0
6581,2017-03-22,SZSE:000768,0.2334,23.34,22.7536,23.57,23.21,64620.176,23.4,4.2061,156.4343,89.135,NM,2.4741,25.5069,44.7993,44.7993,0.0,0.0,0,62313.4354,199.1186,76.03,41.2894,70.3856,2.3855,2.0941,14.3445,1,39951.0,2.2,4.0663,2.9441,25.686,22.812092544987145,22.977821422450727,22.62686615252785,14.3445,0.0
6582,2017-03-23,SZSE:000768,0.2334,23.83,23.2313,23.9,23.35,65976.812,23.51,4.2944,159.7185,91.0063,NM,2.5261,25.7568,52.6892,52.6892,0.0,0.0,0,63670.0714,203.4536,77.6852,42.1883,71.918,2.4374,2.1397,28.8091,1,39951.0,2.2,4.1517,3.0059,25.686,22.919339613932024,23.29954133445237,22.763359420898034,28.8091,0.0
6583,2017-03-24,SZSE:000768,0.278,23.86,23.2605,23.93,23.6,66059.8714,23.8,4.2998,159.9196,91.1209,NM,2.5292,25.5338,53.1309,53.1309,0.0,0.0,0,63753.1308,203.7191,77.7866,42.2434,72.0118,2.4406,2.1425,16.9676,1,39951.0,2.2,4.1569,3.0097,25.686,23.202007544006708,23.328741198658847,23.007032690695727,16.9676,0.0
6584,2017-03-27,SZSE:000768,0.278,24.24,23.631,24.46,23.79,67111.9565,23.99,4.3683,162.4665,92.5721,NM,2.5695,25.45,58.4256,58.4256,0.0,0.0,0,64805.2159,207.0809,79.0703,42.9405,73.2002,2.4809,2.1778,33.7517,1,39951.0,2.2,4.2231,3.0577,25.686,23.38728094059406,23.84547277227723,23.192305693069308,33.7517,0.0
6585,2017-03-28,SZSE:000768,0.278,24.07,23.4653,24.24,23.91,66641.2869,24.2,4.3376,161.3271,91.9229,NM,2.5515,25.5212,55.4099,55.4099,0.0,0.0,0,64334.5463,205.5769,78.496,42.6286,72.6685,2.4629,2.162,18.49,1,39951.0,2.2,4.1935,3.0362,25.686,23.592034067303697,23.6310291649356,23.30931960947237,18.49,0.0
6586,2017-03-29,SZSE:000768,0.278,24.29,23.6797,24.76,24.07,67250.3888,24.07,4.3773,162.8016,92.763,NM,2.5748,25.5623,58.4023,58.4023,0.0,0.0,0,64943.6482,207.5233,79.2392,43.0322,73.3565,2.4862,2.1825,54.9516,1,39951.0,2.2,4.2318,3.064,25.686,23.465227624536848,24.137890983944015,23.465227624536848,54.9516,0.0
6587,2017-03-30,SZSE:000768,0.278,24.16,23.553,24.86,24.1,66890.4649,24.39,4.3538,161.9303,92.2666,NM,2.561,25.6081,56.0103,56.0103,0.0,0.0,0,64583.7243,206.3732,78.8,42.7937,72.95,2.4724,2.1704,47.5489,1,39951.0,2.2,4.2092,3.0476,25.686,23.77722144039735,24.235413079470202,23.494507450331128,47.5489,0.0
6588,2017-03-31,SZSE:000768,0.2622,24.64,24.021,24.96,24.06,68219.4146,24.17,4.4403,165.1475,94.0997,NM,2.6119,25.6397,62.171,62.171,0.0,0.0,0,65912.6739,210.6197,80.4215,43.6743,74.4511,2.5233,2.2151,53.0416,1,39951.0,2.2,4.2928,3.1081,25.686,23.562807224025974,24.33296103896104,23.455570616883115,53.0416,0.0
6589,2017-04-03,SZSE:000768,0.2622,0.0,24.021,0.0,0.0,68219.4146,0.0,4.4403,165.1475,94.0997,NM,2.6119,25.6397,62.171,62.171,0.0,0.0,0,65912.6739,210.6197,80.4215,43.6743,74.4511,2.5233,2.2151,0.0,1,39951.0,2.2,4.2928,3.1081,25.686,0.0,0.0,0.0,0.0,0.0
6590,2017-04-04,SZSE:000768,0.2622,0.0,24.021,0.0,0.0,68219.4146,0.0,4.4403,165.1475,94.0997,NM,2.6119,25.6397,62.171,62.171,0.0,0.0,0,65912.6739,210.6197,80.4215,43.6743,74.4511,2.5233,2.2151,0.0,1,39951.0,2.2,4.2928,3.1081,25.686,0.0,0.0,0.0,0.0,0.0
6591,2017-04-05,SZSE:000768,0.2622,24.85,24.2257,25.1,24.4,68800.83,24.5,4.4782,166.555,94.9017,NM,2.6342,24.6215,64.5126,64.5126,0.0,0.0,0,66494.0894,212.4776,81.1309,44.0595,75.1078,2.5455,2.2346,41.6943,1,39951.0,2.2,4.3294,3.1346,25.686,23.884492957746478,24.469419315895372,23.787005231388328,41.6943,0.0
6592,2017-04-06,SZSE:000768,0.2622,24.73,24.1087,25.15,24.61,68468.5926,24.81,4.4566,165.7507,94.4434,NM,2.6215,24.6088,62.1453,62.1454,0.0,0.0,0,66161.852,211.4160,80.7255,43.8394,74.7326,2.5328,2.2234,36.9453,1,39951.0,2.2,4.3085,3.1195,25.686,24.18669013344116,24.518148200566113,23.991714799838253,36.9453,0.0
6593,2017-04-07,SZSE:000768,0.2462,24.83,24.2062,25.26,24.64,68745.4571,24.67,4.4746,166.4209,94.8253,NM,2.6321,24.397,63.3522,63.3522,0.0,0.0,0,66438.7165,212.3007,81.0633,44.0229,75.0453,2.5434,2.2327,37.0722,1,39951.0,2.2,4.3259,3.1321,25.686,24.05021965364479,24.62539718082964,24.020973338703183,37.0722,0.0
6594,2017-04-10,SZSE:000768,0.2462,24.44,23.826,24.99,24.39,67665.6855,24.99,4.4043,163.807,93.3359,NM,2.5907,21.9968,55.871,55.8711,0.0,0.0,0,65358.9449,208.8503,79.7459,43.3074,73.8256,2.5021,2.1965,32.2053,1,39951.0,2.2,4.258,3.0829,25.686,24.36218248772504,24.36218248772504,23.777256137479544,32.2053,0.0
6595,2017-04-11,SZSE:000768,0.2462,26.0,25.3468,26.26,24.28,71984.7719,24.4,4.6854,174.2627,99.2935,NM,2.7561,25.431,70.7501,70.7501,0.0,0.0,0,69678.0312,222.6517,85.0157,46.1693,78.7042,2.6674,2.3416,89.5675,1,39951.0,2.2,4.5298,3.2797,25.686,23.786996923076924,25.600268000000003,23.670011692307696,89.5675,0.0
6596,2017-04-12,SZSE:000768,0.2462,25.76,25.1128,26.46,25.55,71320.297,26.01,4.6422,172.6542,98.3769,NM,2.7306,24.7401,67.0069,67.0069,0.0,0.0,0,69013.5564,220.5284,84.2049,45.729,77.9537,2.642,2.3193,56.5452,1,39951.0,2.2,4.488,3.2494,25.686,25.356518944099378,25.79521304347826,24.908076086956523,56.5452,0.0
6597,2017-04-13,SZSE:000768,0.2462,25.79,25.1421,25.95,25.44,71403.3564,25.8,4.6476,172.8552,98.4915,NM,2.7338,24.6673,67.2402,67.2402,0.0,0.0,0,69096.6158,220.7938,84.3063,45.784,78.0475,2.6452,2.3221,31.3429,1,39951.0,2.2,4.4932,3.2532,25.686,25.151848778596356,25.298080457541683,24.80089274912757,31.3429,0.0
6598,2017-04-14,SZSE:000768,0.2216,25.36,24.7229,25.99,25.22,70212.839,25.67,4.5701,169.9732,96.8493,NM,2.6882,24.7749,60.6227,60.6227,0.0,0.0,0,67906.0984,216.9896,82.8537,44.9952,76.7028,2.5996,2.2821,37.9185,1,39951.0,2.2,4.4183,3.1989,25.686,25.025112105678232,25.33707298895899,24.586417113564668,37.9185,0.0
6599,2017-04-17,SZSE:000768,0.2216,25.03,24.4012,25.55,24.81,69299.1861,25.5,4.5106,167.7614,95.5891,NM,2.6533,24.7243,56.0627,56.0627,0.0,0.0,0,66992.4455,214.0701,81.7389,44.3898,75.6707,2.5646,2.2513,32.0049,1,39951.0,2.2,4.3608,3.1573,25.686,24.859392728725524,24.908136636036755,24.1867268078306,32.0049,0.0
6600,2017-04-18,SZSE:000768,0.2216,25.13,24.4986,25.35,24.88,69576.0506,25.08,4.5286,168.4316,95.971,NM,2.6639,24.7116,57.1154,57.1154,0.0,0.0,0,67269.31,214.9548,82.0767,44.5732,75.9835,2.5752,2.2607,22.1183,1,39951.0,2.2,4.3782,3.1699,25.686,24.44985626740947,24.71307242339833,24.25488133704735,22.1183,0.0
6601,2017-04-19,SZSE:000768,0.2216,23.99,23.3873,25.56,23.6,66419.7953,25.13,4.3232,160.7909,91.6173,NM,2.543,26.6754,44.1336,44.1336,0.0,0.0,0,64113.0546,204.8692,78.2257,42.4819,72.4184,2.4544,2.1546,61.3141,1,39951.0,2.2,4.1796,3.0261,25.686,24.498659816590244,24.917856940391832,23.007097957482287,61.3141,0.0
6602,2017-04-20,SZSE:000768,0.2216,23.45,22.8608,24.25,23.13,64924.7269,23.99,4.2259,157.1716,89.5551,NM,2.4858,26.9647,39.5482,39.5482,0.0,0.0,0,62617.9863,200.0918,76.4016,41.4912,70.7296,2.3972,2.1043,37.2778,1,39951.0,2.2,4.0855,2.958,25.686,23.38723206823028,23.640699360341152,22.548840255863542,37.2778,0.0
6603,2017-04-21,SZSE:000768,0.2088,23.32,22.7341,23.63,23.09,64564.8031,23.49,4.2025,156.3003,89.0586,NM,2.472,26.7545,38.5108,38.5108,0.0,0.0,0,62258.0625,198.9417,75.9624,41.2527,70.3231,2.3834,2.0922,19.3747,1,39951.0,2.2,4.0629,2.9416,25.686,22.899828859348197,23.036311449399655,22.50987860205832,19.3747,0.0
6604,2017-04-24,SZSE:000768,0.2088,23.05,22.4709,23.85,22.91,63817.2689,23.44,4.1775,165.732,81.6797,NM,2.4886,26.862,36.3767,36.3767,0.0,0.0,0,60992.6415,NM,86.4192,37.4812,59.9236,2.379,1.9718,25.9693,1,39951.0,2.2,0.0,2.6979,25.686,22.851101778741864,23.2508010845987,22.334417310195228,25.9693,0.0
6605,2017-04-25,SZSE:000768,0.2088,22.81,22.2369,23.25,22.0,63152.7941,23.1,4.134,164.0063,81.4061,NM,2.4627,26.9473,34.5441,34.5441,0.0,0.0,0,60328.1667,NM,85.4777,38.419,58.9659,2.3531,1.919,29.0032,1,39951.0,2.2,0.0,2.6889,25.886,22.519613765892153,22.66584502411223,21.447251205611575,29.0032,0.0
6606,2017-04-26,SZSE:000768,0.2088,23.11,22.5294,23.49,22.75,63983.3876,22.82,4.1883,166.1634,82.4768,NM,2.4951,26.8319,38.7011,38.7011,0.0,0.0,0,61158.7602,NM,86.6546,38.948,59.7777,2.3855,1.9454,25.9272,1,39951.0,2.2,0.0,2.7242,25.886,22.24668576373864,22.899853137170055,22.178444396365208,25.9272,0.0
6607,2017-04-27,SZSE:000768,0.2088,23.55,22.9583,23.66,22.76,65201.5914,23.29,4.2681,169.327,84.0471,NM,2.5426,26.892,44.2894,44.2894,0.0,0.0,0,62376.9641,NM,88.3806,39.7238,60.9684,2.433,1.9841,30.5694,1,39951.0,2.2,0.0,2.7761,25.886,22.70483256900212,23.065536220806795,22.1881489596603,30.5694,0.0
6608,2017-04-28,SZSE:000768,0.2089,23.9,23.2995,23.96,23.31,66170.6172,23.49,4.3315,171.8435,85.2962,NM,2.5804,26.8335,48.3251,48.3251,0.0,0.0,0,63345.9899,NM,89.7536,40.3409,61.9156,2.4708,2.015,21.741,1,39951.0,2.2,0.0,2.8173,25.886,22.899801464435146,23.357992468619248,22.724324058577405,21.741,0.0
6609,2017-05-01,SZSE:000768,0.2089,0.0,23.2995,0.0,0.0,66170.6172,0.0,4.3315,171.8435,85.2962,NM,2.5804,26.8335,48.3251,48.3251,0.0,0.0,0,63345.9899,NM,89.7536,40.3409,61.9156,2.4708,2.015,0.0,1,39951.0,2.2,0.0,2.8173,25.886,0.0,0.0,0.0,0.0,0.0
6610,2017-05-02,SZSE:000768,0.2089,23.89,23.2898,24.07,23.52,66142.9308,23.89,4.3297,171.7716,85.2605,NM,2.5793,26.6042,48.2176,48.2176,0.0,0.0,0,63318.3034,NM,89.7144,40.3232,61.8885,2.4698,2.0141,17.9801,1,39951.0,2.2,0.0,2.8162,25.886,23.2898,23.465277773126832,22.929095688572623,17.9801,0.0
6611,2017-05-03,SZSE:000768,0.2089,24.46,23.8455,24.75,23.75,67721.0584,23.81,4.433,175.87,87.2948,NM,2.6409,27.0264,54.4375,54.4375,0.0,0.0,0,64896.4311,NM,91.9504,40.3938,63.431,2.5313,2.0851,50.8006,1,39951.0,2.2,0.0,2.8834,25.886,23.211829721995095,24.128214431725265,23.15333708094849,50.8006,0.0
6612,2017-05-04,SZSE:000768,0.2089,23.1,22.5196,24.5,22.88,63955.7011,24.35,4.1865,166.0915,82.4411,NM,2.494,29.2463,41.5985,41.5985,0.0,0.0,0,61131.0738,NM,86.6154,38.0501,59.7507,2.3844,1.9642,64.1193,1,39951.0,2.2,0.0,2.723,25.886,23.73819307359307,23.88442424242424,22.305127619047617,64.1193,0.0
6613,2017-05-05,SZSE:000768,0.2847,21.38,20.8429,23.66,21.1,59193.6316,23.3,3.8748,153.7245,76.3026,NM,2.3083,32.8735,31.4848,31.4848,0.0,0.0,0,56369.0043,286.4310,79.8681,35.086,55.0961,2.1987,1.8112,59.4408,1,39951.0,2.2,0.0,2.5203,25.886,22.71466651075772,23.06562273152479,20.5699340505145,59.4408,0.0
6614,2017-05-08,SZSE:000768,0.2847,19.3,18.8151,21.05,19.28,53434.8499,21.04,3.4978,138.7691,68.8794,NM,2.0837,37.6153,23.9132,23.9132,0.0,0.0,0,50610.2225,257.1686,71.7086,31.5015,49.4674,1.9741,1.6261,56.691,1,39951.0,2.2,0.0,2.2751,25.886,20.511383626943005,20.52113238341969,18.795602487046633,56.691,0.0
6615,2017-05-09,SZSE:000768,0.2847,19.2,18.7176,19.57,18.8,53157.9854,19.14,3.4797,138.05,68.5225,NM,2.073,37.6105,23.6191,23.6191,0.0,0.0,0,50333.358,255.7618,71.3163,31.3292,49.1968,1.9633,1.6172,32.1534,1,39951.0,2.2,0.0,2.2633,25.886,18.6591075,19.07830375,18.327650000000002,32.1534,0.0
6616,2017-05-10,SZSE:000768,0.2847,17.8,17.3528,19.38,17.73,49281.8823,19.3,3.226,127.9839,63.5261,NM,1.9218,40.3507,19.9248,19.9248,0.0,0.0,0,46457.2549,236.0659,65.8243,28.9166,45.4082,1.8121,1.4927,49.0595,1,39951.0,2.2,0.0,2.0983,25.886,18.815114606741574,18.893104719101117,17.28455865168539,49.0595,0.0
6617,2017-05-11,SZSE:000768,0.2847,18.13,17.6745,18.33,17.15,50195.5351,17.81,3.2858,130.3566,64.7038,NM,1.9574,40.2858,22.9827,22.9827,0.0,0.0,0,47370.9078,240.7085,67.1189,29.4853,46.3012,1.8477,1.522,42.0179,1,39951.0,2.2,0.0,2.1372,25.886,17.36253971318257,17.869475179260892,16.71912162162162,42.0179,0.0
6618,2017-05-12,SZSE:000768,0.0554,17.8,17.3528,18.08,17.6,49281.8823,17.99,3.226,127.9839,63.5261,NM,1.9218,40.0518,22.0749,22.0749,0.0,0.0,0,46457.2549,236.0659,65.8243,28.9166,45.4082,1.8121,1.4927,21.6667,1,39951.0,2.2,0.0,2.0983,25.886,17.53802651685393,17.625765393258423,17.157824719101125,21.6667,0.0
6619,2017-05-15,SZSE:000768,0.0554,17.63,17.1871,17.94,17.58,48811.2126,17.86,3.1952,126.7616,62.9193,NM,1.9034,40.7333,21.6015,21.6015,0.0,0.0,0,45986.5853,233.6743,65.1574,28.6236,44.9482,1.7937,1.4776,17.4619,1,39951.0,2.2,0.0,2.0782,25.886,17.411321951219513,17.489312195121954,17.138356097560976,17.4619,0.0
6620,2017-05-16,SZSE:000768,0.0554,18.1,17.6453,18.16,17.15,50112.4758,17.63,3.2804,130.1409,64.5967,NM,1.9542,41.0859,26.3068,26.3067,0.0,0.0,0,47287.8484,240.2864,67.0012,29.4336,46.22,1.8445,1.5194,30.8911,1,39951.0,2.2,0.0,2.1336,25.886,17.18710712707182,17.703792707182316,16.719165469613255,30.8911,0.0
6621,2017-05-17,SZSE:000768,0.0554,18.39,17.928,18.8,17.92,50915.3829,17.98,3.3329,132.2261,65.6317,NM,1.9855,41.2298,29.133,29.133,0.0,0.0,0,48090.7555,244.3663,68.1388,29.9333,47.0048,1.8758,1.5452,38.4237,1,39951.0,2.2,0.0,2.1678,25.886,17.528300163132137,18.327699836867865,17.469807504078304,38.4237,0.0
6622,2017-05-18,SZSE:000768,0.0554,18.15,17.694,18.78,18.05,50250.908,18.19,3.2894,130.5004,64.7752,NM,1.9596,40.923,28.1701,28.1701,0.0,0.0,0,47426.2807,240.9899,67.1973,29.5197,46.3553,1.8499,1.5238,19.7176,1,39951.0,2.2,0.0,2.1395,25.886,17.732995041322315,18.308171900826448,17.596512396694216,19.7176,0.0
6623,2017-05-19,SZSE:000768,0.0613,17.98,17.5283,18.34,17.88,49780.2384,18.19,3.2586,129.2781,56.7909,NM,1.9412,40.5989,27.4774,27.4774,0.0,0.0,0,46955.611,238.5982,66.5304,29.2268,45.8953,1.8315,1.5087,13.8262,1,39951.0,2.2,0.0,1.8815,27.0717,17.733024304783093,17.87925595105673,17.430812235817573,13.8262,0.0
6624,2017-05-22,SZSE:000768,0.0613,17.5,17.0603,18.16,17.29,48451.2887,17.95,3.1716,125.8269,55.2748,NM,1.8894,41.4828,25.5656,25.5656,0.0,0.0,0,45626.6614,231.8454,64.6475,28.3996,44.5964,1.7797,1.466,16.6096,1,39951.0,2.2,0.0,1.8313,27.0717,17.498993428571428,17.703717028571432,16.8555764,16.6096,0.0
6625,2017-05-23,SZSE:000768,0.0613,16.68,16.2609,17.61,16.58,46180.9998,17.5,3.023,119.931,52.6848,NM,1.8009,42.2749,22.6646,22.6646,0.0,0.0,0,43356.3724,220.3092,61.4308,26.9865,42.3773,1.6911,1.3931,21.763,1,39951.0,2.2,0.0,1.7455,27.0717,17.060296762589925,17.167532913669064,16.163412589928054,21.763,0.0
6626,2017-05-24,SZSE:000768,0.0613,17.05,16.6216,17.16,16.06,47205.3985,16.69,3.0901,122.5913,53.8534,NM,1.8408,42.4899,26.7061,26.7061,0.0,0.0,0,44380.7711,225.5146,62.8822,27.6241,43.3786,1.7311,1.426,19.3698,1,39951.0,2.2,0.0,1.7842,27.0717,16.27064539589443,16.728836129032256,15.656474838709675,19.3698,0.0
6627,2017-05-25,SZSE:000768,0.0613,17.32,16.8849,17.44,16.74,47952.9326,17.1,3.139,124.5326,54.7063,NM,1.87,42.3508,29.5974,29.5974,0.0,0.0,0,45128.3053,229.3130,63.9414,28.0894,44.1093,1.7603,1.45,18.0764,1,39951.0,2.2,0.0,1.8125,27.0717,16.670426674364894,17.001885450346418,16.319470323325632,18.0764,0.0
6628,2017-05-26,SZSE:000768,0.0476,17.21,16.7776,17.48,17.13,47648.3817,17.28,3.1191,123.7417,54.3588,NM,1.8581,42.003,29.0938,29.0938,0.0,0.0,0,44823.7543,227.7655,63.5099,27.8998,43.8116,1.7484,1.4402,13.3987,1,39951.0,2.2,0.0,1.8009,27.0717,16.845841255084252,17.04081626961069,16.699609994189423,13.3987,0.0
6629,2017-05-29,SZSE:000768,0.0476,0.0,16.7776,0.0,0.0,47648.3817,0.0,3.1191,123.7417,54.3588,NM,1.8581,42.003,29.0938,29.0938,0.0,0.0,0,44823.7543,227.7655,63.5099,27.8998,43.8116,1.7484,1.4402,0.0,1,39951.0,2.2,0.0,1.8009,27.0717,0.0,0.0,0.0,0.0,0.0
6630,2017-05-30,SZSE:000768,0.0476,0.0,16.7776,0.0,0.0,47648.3817,0.0,3.1191,123.7417,54.3588,NM,1.8581,42.003,29.0938,29.0938,0.0,0.0,0,44823.7543,227.7655,63.5099,27.8998,43.8116,1.7484,1.4402,0.0,1,39951.0,2.2,0.0,1.8009,27.0717,0.0,0.0,0.0,0.0,0.0
6631,2017-05-31,SZSE:000768,0.0476,17.25,16.8166,17.61,17.23,47759.1275,17.38,3.1263,124.0293,54.4852,NM,1.8624,42.2544,29.5631,29.5631,0.0,0.0,0,44934.5001,228.3282,63.6668,27.9688,43.9198,1.7527,1.4438,11.8634,1,39951.0,2.2,0.0,1.8051,27.0717,16.94333379710145,17.167555130434785,16.797102492753623,11.8634,0.0
6632,2017-06-01,SZSE:000768,0.0476,16.9,16.4754,17.38,16.9,46790.1017,17.1,3.0629,121.5128,53.3797,NM,1.8246,41.8733,27.8276,27.8276,0.0,0.0,0,43965.4744,223.4043,62.2938,27.3656,42.9727,1.7149,1.4126,11.9136,1,39951.0,2.2,0.0,1.7685,27.0717,16.670375147928997,16.943340355029587,16.4754,11.9136,0.0
6633,2017-06-02,SZSE:000768,0.0331,17.52,17.0798,17.53,16.78,48506.6616,16.9,3.1752,125.9707,55.338,NM,1.8916,42.705,35.0962,35.0962,0.0,0.0,0,45682.0343,232.1267,64.7259,28.4341,44.6505,1.7819,1.4678,19.9094,1,39951.0,2.2,0.0,1.8334,27.0717,16.475377853881277,17.089548744292237,16.35839292237443,19.9094,0.0
6634,2017-06-05,SZSE:000768,0.0331,17.55,17.1091,17.77,17.43,48589.721,17.51,3.1807,126.1864,55.4327,NM,1.8948,42.686,35.4351,35.4351,0.0,0.0,0,45765.0937,232.5488,64.8436,28.4858,44.7317,1.7851,1.4704,13.1125,1,39951.0,2.2,0.0,1.8365,27.0717,17.070104900284903,17.323573048433047,16.9921147008547,13.1125,0.0
6635,2017-06-06,SZSE:000768,0.0331,17.95,17.499,18.12,17.5,49697.179,17.57,3.2532,129.0624,56.6962,NM,1.938,42.4836,39.9375,39.9375,0.0,0.0,0,46872.5517,238.1762,66.4128,29.1751,45.8141,1.8283,1.506,23.9684,1,39951.0,2.2,0.0,1.8784,27.0717,17.128547632311978,17.6647286908078,17.060306406685235,23.9684,0.0
6636,2017-06-07,SZSE:000768,0.0331,18.19,17.733,18.23,17.85,50361.6538,17.92,3.2967,130.788,57.4542,NM,1.9639,42.6291,42.5272,42.5272,0.0,0.0,0,47537.0265,241.5526,67.3542,29.5887,46.4636,1.8542,1.5274,22.9312,1,39951.0,2.2,0.0,1.9035,27.0717,17.469783397471137,17.771995052226497,17.401542056074767,22.9312,0.0
6637,2017-06-08,SZSE:000768,0.0331,18.0,17.5478,18.33,17.89,49835.6113,18.09,3.2622,129.4219,56.8541,NM,1.9434,42.6275,41.0194,41.0194,0.0,0.0,0,47010.9839,238.8796,66.6089,29.2612,45.9494,1.8337,1.5105,22.224,1,39951.0,2.2,0.0,1.8836,27.0717,17.635538999999998,17.869509666666666,17.440563444444443,22.224,0.0
6638,2017-06-09,SZSE:000768,0.0303,17.94,17.4893,18.11,17.78,49669.4926,17.89,3.2514,128.9905,56.6646,NM,1.9369,42.6243,40.5306,40.5306,0.0,0.0,0,46844.8652,238.0355,66.3735,29.1578,45.7871,1.8272,1.5051,13.4986,1,39951.0,2.2,0.0,1.8773,27.0717,17.44055613154961,17.655029152731327,17.33331962095875,13.4986,0.0
6639,2017-06-12,SZSE:000768,0.0303,17.39,16.9531,17.89,17.37,48146.7378,17.81,3.1517,125.036,54.9274,NM,1.8775,42.9501,36.2652,36.2652,0.0,0.0,0,45322.1104,230.2978,64.216,28.21,44.2987,1.7678,1.4562,17.2682,1,39951.0,2.2,0.0,1.8198,27.0717,17.362548073605517,17.440538182863712,16.93360247268545,17.2682,0.0
6640,2017-06-13,SZSE:000768,0.0303,17.64,17.1968,17.72,17.36,48838.8991,17.39,3.197,126.8335,55.717,NM,1.9045,43.0544,39.3877,39.3877,0.0,0.0,0,46014.2717,233.8150,65.1967,28.6409,44.9752,1.7948,1.4785,15.269,1,39951.0,2.2,0.0,1.8459,27.0717,16.953081179138323,17.274790022675734,16.92383492063492,15.269,0.0
6641,2017-06-14,SZSE:000768,0.0303,17.79,17.3431,18.11,17.58,49254.1958,17.64,3.2242,127.912,56.1908,NM,1.9207,43.1287,41.2476,41.2476,0.0,0.0,0,46429.5685,235.9252,65.7851,30.2409,49.4476,1.811,1.5177,28.2548,1,39951.0,2.2,0.0,1.8616,26.5983,17.19686812816189,17.65506132658797,17.138375379426645,28.2548,0.0
6642,2017-06-15,SZSE:000768,0.0303,18.2,17.7428,18.26,17.77,50389.3403,17.85,3.2985,130.8599,57.4858,NM,1.965,43.475,46.1147,46.1147,0.0,0.0,0,47564.7129,241.6933,67.3935,30.9803,50.6565,1.8553,1.5548,31.1274,1,39951.0,2.2,0.0,1.9045,26.5983,17.401592307692308,17.80129274725275,17.323601978021976,31.1274,0.0
6643,2017-06-16,SZSE:000768,0.0035,18.25,17.8405,18.32,17.97,50527.7726,18.19,3.3075,131.2194,57.6437,NM,1.9704,43.4102,46.6946,47.2653,0.0,0.0,0,47703.1452,242.3967,67.5896,31.0704,50.804,1.8607,1.5593,20.7455,1,39951.0,2.2,0.0,1.9098,26.5983,17.781846301369864,17.90892931506849,17.566782739726026,20.7455,0.050
6644,2017-06-19,SZSE:000768,0.0035,18.8,18.3782,18.92,18.15,52050.5273,18.19,3.4072,135.174,59.3809,NM,2.0298,43.7501,52.7223,53.1862,0.0,0.0,0,49225.9,250.1344,69.7472,32.0622,52.4257,1.9201,1.6091,28.0073,1,39951.0,2.2,0.0,1.9673,26.5983,17.781886063829788,18.495507659574468,17.742783510638297,28.0073,0.0
6645,2017-06-20,SZSE:000768,0.0035,18.65,18.2315,18.92,18.61,51635.2306,18.92,3.38,134.0955,58.9071,NM,2.0136,43.7549,51.0276,51.4883,0.0,0.0,0,48810.6032,248.0241,69.1587,31.7917,51.9834,1.9039,1.5955,16.9156,1,39951.0,2.2,0.0,1.9516,26.5983,18.495441286863276,18.495441286863276,18.19239758713137,16.9156,0.0
6646,2017-06-21,SZSE:000768,0.0035,18.72,18.3,19.12,18.62,51829.0357,18.84,3.3927,134.5988,59.1282,NM,2.0211,43.7628,51.8062,52.2543,0.0,0.0,0,49004.4084,249.0089,69.4333,31.918,52.1898,1.9114,1.6018,22.4463,1,39951.0,2.2,0.0,1.959,26.5983,18.41730769230769,18.691025641025643,18.202243589743592,22.4463,0.0
6647,2017-06-22,SZSE:000768,0.0035,18.35,17.9383,18.77,18.31,50804.6371,18.69,3.3257,131.9385,57.9596,NM,1.9812,43.8813,47.507,47.9449,0.0,0.0,0,47980.0097,243.8036,67.9819,31.2508,51.0988,1.8715,1.5684,20.6644,1,39951.0,2.2,0.0,1.9202,26.5983,18.27067177111717,18.34887689373297,17.8991974386921,20.6644,0.0
6648,2017-06-23,SZSE:000768,0.0124,18.32,17.9089,18.51,17.83,50721.5777,18.35,3.3202,131.7228,57.8648,NM,1.9779,43.5888,47.1653,47.6021,0.0,0.0,0,47896.9504,243.3815,67.8642,31.1967,51.0104,1.8682,1.5656,23.9275,1,39951.0,2.2,0.0,1.9171,26.5983,17.93822680131004,18.094636408296942,17.429895578602615,23.9275,0.0
6649,2017-06-26,SZSE:000768,0.0124,18.65,18.2315,18.67,18.24,51635.2306,18.3,3.38,134.0955,58.9071,NM,2.0136,43.807,51.3143,51.6935,0.0,0.0,0,48810.6032,248.0241,69.1587,31.7917,51.9834,1.9039,1.5955,16.7647,1,39951.0,2.2,0.0,1.9516,26.5983,17.889353887399466,18.25105120643432,17.830700268096514,16.7647,0.0
6650,2017-06-27,SZSE:000768,0.0124,18.75,18.3293,18.97,18.59,51912.0951,18.65,3.3982,134.8145,59.223,NM,2.0244,43.66,52.5308,52.8938,0.0,0.0,0,49087.4677,249.4310,69.551,31.9721,52.2783,1.9147,1.6046,21.6132,1,39951.0,2.2,0.0,1.9621,26.5983,18.231543733333332,18.54436378666667,18.172889973333334,21.6132,0.0
6651,2017-06-28,SZSE:000768,0.0124,18.37,17.9578,18.75,18.33,50860.01,18.75,3.3293,132.0823,58.0227,NM,1.9833,43.7817,47.6576,48.0116,0.0,0.0,0,48035.3826,244.0849,68.0603,31.2868,51.1578,1.8736,1.5702,15.4125,1,39951.0,2.2,0.0,1.9223,26.5983,18.32927327163854,18.32927327163854,17.918697550353833,15.4125,0.0
6652,2017-06-29,SZSE:000768,0.0124,18.55,18.1338,18.63,18.25,51358.3661,18.39,3.3619,133.3765,58.5913,NM,2.0028,43.7896,50.0227,50.3494,0.0,0.0,0,48533.7387,246.6173,68.7665,31.6114,51.6885,1.8931,1.5865,17.2448,1,39951.0,2.2,0.0,1.9412,26.5983,17.97738986522911,18.21200506738544,17.840530997304583,17.2448,0.0
6653,2017-06-30,SZSE:000768,-0.3546,18.44,18.0262,18.55,18.26,51053.8151,18.4,3.342,132.5856,58.2438,NM,1.9909,43.7912,48.5781,48.9022,0.0,0.0,0,48229.1878,245.0697,68.3349,31.413,51.3642,1.8812,1.5765,15.1313,1,39951.0,2.2,0.0,1.9297,26.5983,17.98709761388286,18.133731561822124,17.850239262472886,15.1313,0.0
6654,2017-07-03,SZSE:000768,-0.3546,18.51,18.0947,18.54,18.38,51247.6203,18.4,3.3547,133.0889,58.4649,NM,1.9985,43.543,49.5761,49.8893,0.0,0.0,0,48422.9929,246.0545,68.6095,31.5393,51.5706,1.8888,1.5828,9.522,1,39951.0,2.2,0.0,1.937,26.5983,17.98716801728795,18.12402690437601,17.96761674770394,9.522,0.0
6655,2017-07-04,SZSE:000768,-0.3546,18.91,18.4857,18.92,18.48,52355.0783,18.5,3.4272,135.9649,59.7284,NM,2.0416,43.5019,54.9555,55.2135,0.0,0.0,0,49530.4509,251.6819,70.1787,32.2606,52.75,1.932,1.619,26.0541,1,39951.0,2.2,0.0,1.9788,26.5983,18.084899524061345,18.49547562136436,18.06534828133263,26.0541,0.0
6656,2017-07-05,SZSE:000768,-0.3546,18.87,18.4466,18.93,18.71,52244.3325,18.8,3.4199,135.6773,59.602,NM,2.0373,43.426,54.3313,54.5889,0.0,0.0,0,49419.7051,251.1192,70.0218,32.1885,52.6321,1.9276,1.6154,16.5318,1,39951.0,2.2,0.0,1.9746,26.5983,18.378170641229463,18.50525373608903,18.29019003709592,16.5318,0.0
6657,2017-07-06,SZSE:000768,-0.3546,18.8,18.3782,18.94,18.46,52050.5273,18.9,3.4072,135.174,59.3809,NM,2.0298,43.426,53.1926,53.4493,0.0,0.0,0,49225.9,250.1344,69.7472,32.0622,52.4257,1.9201,1.6091,21.7957,1,39951.0,2.2,0.0,1.9673,26.5983,18.475956382978723,18.515058936170213,18.04582829787234,21.7957,0.0
6658,2017-07-07,SZSE:000768,-0.2042,18.84,18.4173,19.01,18.58,52161.2731,18.74,3.4145,135.4616,59.5073,NM,2.0341,43.4117,53.7886,54.0398,0.0,0.0,0,49336.6458,250.6971,69.9041,32.1344,52.5436,1.9244,1.6127,25.0765,1,39951.0,2.2,0.0,1.9715,26.5983,18.319543630573246,18.58348582802548,18.163133439490444,25.0765,0.0
6659,2017-07-10,SZSE:000768,-0.2042,18.78,18.3586,19.34,18.72,51995.1544,19.05,3.4036,135.0302,59.3178,NM,2.0276,43.3517,52.7045,52.9548,0.0,0.0,0,49170.5271,249.853,69.6687,32.0262,52.3667,1.9179,1.6073,28.6938,1,39951.0,2.2,0.0,1.9652,26.5983,18.622541533546322,18.906034291799784,18.29994632587859,28.6938,0.0
6660,2017-07-11,SZSE:000768,-0.2042,18.57,18.1533,18.89,18.53,51413.739,18.68,3.3655,133.5203,58.6545,NM,2.0049,41.214,48.9835,49.2294,0.0,0.0,0,48589.1116,246.8986,68.8449,31.6475,51.7475,1.8952,1.5883,16.229,1,39951.0,2.2,0.0,1.9433,26.5983,18.26083166397415,18.466119386106623,18.114197576736675,16.229,0.0
6661,2017-07-12,SZSE:000768,-0.2042,18.24,17.8307,18.61,17.94,50500.0861,18.5,3.3057,131.1475,57.6121,NM,1.9693,41.2835,43.7556,43.9919,0.0,0.0,0,47675.4588,242.256,67.5504,31.0524,50.7745,1.8596,1.5584,20.2972,1,39951.0,2.2,0.0,1.9087,26.5983,18.084865679824564,18.192397313596494,17.537431907894742,20.2972,0.0
6662,2017-07-13,SZSE:000768,-0.2042,18.42,18.0067,18.46,18.0,50998.4422,18.25,3.3384,132.4418,58.1807,NM,1.9887,41.3784,47.0737,47.2862,0.0,0.0,0,48173.8149,244.7884,68.2565,31.377,51.3052,1.879,1.5747,15.6032,1,39951.0,2.2,0.0,1.9276,26.5983,17.84051438653637,18.045802497285557,17.596123778501624,15.6032,0.0
6663,2017-07-14,SZSE:000768,-0.1857,18.35,17.9383,18.57,18.13,50804.6371,18.37,3.3257,131.9385,57.9596,NM,1.9812,41.3136,45.9387,46.1494,0.0,0.0,0,47980.0097,243.8036,67.9819,31.2508,51.0988,1.8715,1.5684,14.1417,1,39951.0,2.2,0.0,1.9202,26.5983,17.95785128065395,18.153364087193463,17.723235912806537,14.1417,0.0
6664,2017-07-17,SZSE:000768,-0.1857,17.02,16.6381,18.4,17.0,47122.3391,18.36,3.0846,122.3756,53.7587,NM,1.8376,43.6189,30.762,30.9329,0.0,0.0,0,44297.7118,225.0925,62.7645,28.8524,47.1772,1.7279,1.448,27.1505,1,39951.0,2.2,0.0,1.7811,26.5983,17.948032667450057,17.987135135135134,16.618548766157463,27.1505,0.0
6665,2017-07-18,SZSE:000768,-0.1857,17.22,16.8336,17.28,16.85,47676.0681,17.01,3.1209,123.8136,54.3904,NM,1.8592,43.7201,34.2782,34.4339,0.0,0.0,0,44851.4408,227.9062,63.5491,29.213,47.7669,1.7495,1.4661,15.1925,1,39951.0,2.2,0.0,1.802,26.5983,16.628312195121957,16.89225365853659,16.471902439024394,15.1925,0.0
6666,2017-07-19,SZSE:000768,-0.1857,17.45,17.0585,17.55,17.15,48312.8565,17.25,3.1626,125.4674,55.1169,NM,1.884,43.1034,38.1671,38.3068,0.0,0.0,0,45488.2291,231.1419,64.4513,29.6278,48.4451,1.7743,1.4869,15.0767,1,39951.0,2.2,0.0,1.8261,26.5983,16.86298710601719,17.156256446991403,16.765230659025786,15.0767,0.0
6667,2017-07-20,SZSE:000768,-0.1857,17.78,17.3811,18.05,17.36,49226.5094,17.46,3.2224,127.8401,56.1592,NM,1.9196,43.2125,43.3469,43.4667,0.0,0.0,0,46401.882,235.7845,65.7459,30.2229,49.4181,1.8099,1.5168,22.3654,1,39951.0,2.2,0.0,1.8606,26.5983,17.068279302587175,17.645042463442067,16.970522834645667,22.3654,0.0
6668,2017-07-21,SZSE:000768,-0.1972,17.92,17.5179,18.24,17.71,49614.1197,17.8,3.2477,128.8467,56.6014,NM,1.9348,43.2821,45.4353,45.5474,0.0,0.0,0,46789.4923,237.7541,66.2951,30.4753,49.8309,1.825,1.5294,17.3791,1,39951.0,2.2,0.0,1.8752,26.5983,17.40059263392857,17.83071964285714,17.312612109375,17.3791,0.0
6669,2017-07-24,SZSE:000768,-0.1972,18.46,18.0458,18.63,17.79,51109.188,17.8,3.3456,132.7294,58.307,NM,1.9931,43.7849,52.6808,52.7683,0.0,0.0,0,48284.5607,245.3511,68.4134,31.4491,51.4232,1.8834,1.5783,31.0979,1,39951.0,2.2,0.0,1.9317,26.5983,17.400608884073673,18.211985590465872,17.39083326110509,31.0979,0.0
6670,2017-07-25,SZSE:000768,-0.1972,18.18,17.7721,18.69,18.09,50333.9674,18.54,3.2949,130.7161,57.4226,NM,1.9628,43.8276,49.0442,49.1303,0.0,0.0,0,47509.34,241.4119,67.315,30.9442,50.5976,1.8531,1.553,23.1163,1,39951.0,2.2,0.0,1.9024,26.5983,18.124022772277225,18.270657260726075,17.68411930693069,23.1163,0.0
6671,2017-07-26,SZSE:000768,-0.1972,18.45,18.036,18.46,18.1,51081.5016,18.2,3.3438,132.6575,58.2754,NM,1.992,43.8545,52.4527,52.529,0.0,0.0,0,48256.8742,245.2104,68.3742,31.4311,51.3937,1.8823,1.5774,19.7547,1,39951.0,2.2,0.0,1.9307,26.5983,17.791609756097564,18.0457756097561,17.69385365853659,19.7547,0.0
6672,2017-07-27,SZSE:000768,-0.1972,18.65,18.2315,18.77,18.21,51635.2306,18.45,3.38,134.0955,58.9071,NM,2.0136,43.7153,54.8613,54.9311,0.0,0.0,0,48810.6032,248.0241,69.1587,31.7917,51.9834,1.9039,1.5955,26.9223,1,39951.0,2.2,0.0,1.9516,26.5983,18.035987935656838,18.348807238605897,17.801373458445042,26.9223,0.0
6673,2017-07-28,SZSE:000768,-0.1955,18.48,18.0653,18.7,18.39,51164.5609,18.64,3.3492,132.8732,58.3702,NM,1.9952,43.5635,52.4301,52.4993,0.0,0.0,0,48339.9336,245.6325,68.4919,31.4852,51.4821,1.8855,1.5801,17.5295,1,39951.0,2.2,0.0,1.9338,26.5983,18.221709523809523,18.280363095238094,17.977319642857143,17.5295,0.0
6674,2017-07-31,SZSE:000768,-0.1955,18.19,17.7819,18.65,17.91,50361.6538,18.58,3.2967,130.788,57.4542,NM,1.9639,43.2726,48.4829,48.5509,0.0,0.0,0,47537.0265,241.5526,67.3542,30.9622,50.627,1.8542,1.5539,24.432,1,39951.0,2.2,0.0,1.9035,26.5983,18.16315019241341,18.23157971412864,17.508181913139087,24.432,0.0
6675,2017-08-01,SZSE:000768,-0.1955,18.02,17.6157,18.38,17.99,49890.9842,18.26,3.2659,129.5657,56.9173,NM,1.9456,42.939,46.2833,46.3502,0.0,0.0,0,47066.3568,239.161,66.6874,30.6557,50.1258,1.8358,1.5385,20.5019,1,39951.0,2.2,0.0,1.8857,26.5983,17.850315316315207,17.967622974472807,17.5863730854606,20.5019,0.0
6676,2017-08-02,SZSE:000768,-0.1955,17.62,17.2246,18.25,17.52,48783.5262,18.03,3.1934,126.6897,55.6538,NM,1.9024,43.0781,41.511,41.5749,0.0,0.0,0,45958.8988,233.5336,65.1182,29.9343,48.9463,1.7927,1.5023,25.9669,1,39951.0,2.2,0.0,1.8438,26.5983,17.62539943246311,17.840462542565266,17.126844040862654,25.9669,0.0
6677,2017-08-03,SZSE:000768,-0.1955,17.66,17.2637,17.88,17.59,48894.272,17.62,3.2006,126.9773,55.7802,NM,1.9067,42.7271,42.1533,42.2161,0.0,0.0,0,46069.6446,234.0963,65.2751,30.0065,49.0643,1.797,1.5059,10.7649,1,39951.0,2.2,0.0,1.848,26.5983,17.224597621744056,17.4787630804077,17.195270838052096,10.7649,0.0
6678,2017-08-04,SZSE:000768,-0.1893,19.11,18.6812,19.42,17.78,52908.8073,17.82,3.4634,137.4029,60.3601,NM,2.0632,44.5676,59.5119,59.5458,0.0,0.0,0,50084.18,254.4956,70.9632,32.6213,53.3398,1.9536,1.6371,85.8441,1,39951.0,2.2,0.0,1.9998,26.5983,17.420145682888542,18.984244060701204,17.381043223443225,85.8441,0.0
6679,2017-08-07,SZSE:000768,-0.1893,18.82,18.3977,19.0,18.61,52105.9002,19.0,3.4108,135.3178,59.4441,NM,2.0319,42.0741,55.899,55.9328,0.0,0.0,0,49281.2729,250.4157,69.8256,32.0983,52.4847,1.9222,1.6109,40.2441,1,39951.0,2.2,0.0,1.9694,26.5983,18.5736609989373,18.5736609989373,18.192412167906483,40.2441,0.0
6680,2017-08-08,SZSE:000768,-0.1893,18.98,18.5541,19.2,18.43,52548.8835,18.68,3.4398,136.4682,59.9495,NM,2.0492,36.9765,57.4344,57.4662,0.0,0.0,0,49724.2561,252.6667,70.4533,32.3868,52.9564,1.9395,1.6254,41.2213,1,39951.0,2.2,0.0,1.9862,26.5983,18.260831822971547,18.76916332982086,18.016441675447837,41.2213,0.0
6681,2017-08-09,SZSE:000768,-0.1893,18.8,18.3782,18.88,18.7,52050.5273,18.8,3.4072,135.174,59.3809,NM,2.0298,37.0097,55.1098,55.1415,0.0,0.0,0,49225.9,250.1344,69.7472,32.0622,52.4257,1.9201,1.6091,17.3672,1,39951.0,2.2,0.0,1.9673,26.5983,18.3782,18.456405106382977,18.280443617021277,17.3672,0.0
6682,2017-08-10,SZSE:000768,-0.1893,18.75,18.3293,19.23,18.71,51912.0951,18.86,3.3982,134.8145,59.223,NM,2.0244,33.781,54.4506,54.4823,0.0,0.0,0,49087.4677,249.431,69.551,31.9721,52.2783,1.9147,1.6046,27.1607,1,39951.0,2.2,0.0,1.9621,26.5983,18.436831893333334,18.798530080000003,18.290197493333334,27.1607,0.0
6683,2017-08-11,SZSE:000768,-0.2332,18.75,18.3293,19.28,18.52,51912.0951,18.7,3.3982,134.8145,59.223,NM,2.0244,33.596,54.4506,54.4823,0.0,0.0,0,49087.4677,249.431,69.551,31.9721,52.2783,1.9147,1.6046,41.749,1,39951.0,2.2,0.0,1.9621,26.5983,18.280421866666664,18.847408213333335,18.10446058666667,41.749,0.0
6684,2017-08-14,SZSE:000768,-0.2332,19.02,18.5932,19.05,18.44,52659.6292,18.75,3.4471,136.7558,60.0758,NM,2.0535,33.4869,57.6252,57.6532,0.0,0.0,0,49835.0019,253.2294,70.6102,32.459,53.0744,1.9438,1.629,26.6894,1,39951.0,2.2,0.0,1.9903,26.5983,18.329258675078865,18.622526813880125,18.026214931650895,26.6894,0.0
6685,2017-08-15,SZSE:000768,-0.2332,19.15,18.7203,19.28,18.87,53019.5531,18.99,3.4707,137.6905,60.4864,NM,2.0676,33.4379,59.1031,59.1295,0.0,0.0,0,50194.9258,255.0583,71.1202,32.6934,53.4577,1.9579,1.6408,28.7301,1,39951.0,2.2,0.0,2.004,26.5983,18.563890182767626,18.847382976501308,18.446582819843346,28.7301,0.0
6686,2017-08-16,SZSE:000768,-0.2332,19.76,19.3166,19.96,18.92,54708.4266,19.15,3.5812,142.0765,62.4131,NM,2.1334,33.6024,65.2311,65.2512,0.0,0.0,0,51883.7993,263.6401,73.5131,33.7934,55.2564,2.0238,1.696,45.0622,1,39951.0,2.2,0.0,2.0678,26.5983,18.720287955465583,19.512112145748986,18.495448987854253,45.0622,0.0
6687,2017-08-17,SZSE:000768,-0.2332,19.65,19.2091,20.3,19.48,54403.8757,19.66,3.5613,141.2856,62.0657,NM,2.1215,33.5012,63.3866,63.4068,0.0,0.0,0,51579.2483,262.0926,73.0816,33.595,54.932,2.0119,1.686,45.8453,1,39951.0,2.2,0.0,2.0563,26.5983,19.218875623409673,19.844515521628498,19.042914402035624,45.8453,0.0
6688,2017-08-18,SZSE:000768,-0.1885,19.18,18.7496,19.65,19.11,53102.6125,19.54,3.4761,137.9062,60.5812,NM,2.0708,33.7573,56.089,56.1092,0.0,0.0,0,50277.9851,255.4804,71.2378,32.7475,53.5462,1.9611,1.6435,28.4985,1,39951.0,2.2,0.0,2.0071,26.5983,19.101521584984358,19.209053180396246,18.68117080291971,28.4985,0.0
6689,2017-08-21,SZSE:000768,-0.1885,19.11,18.6812,19.38,18.93,52908.8073,19.21,3.4486,124.6299,62.3898,233.2707,1.9276,33.7083,55.072,55.0922,0.0,0.0,0,51641.3062,140.6022,60.0268,33.4312,51.4814,1.8819,1.6056,20.6371,1,39951.0,2.2,0.0,2.067,26.3483,18.778956148613293,18.945141601255887,18.505238932496077,20.6371,0.0
6690,2017-08-22,SZSE:000768,-0.1885,19.06,18.6323,19.31,19.01,52770.3751,19.19,3.4396,124.3038,62.2266,232.6603,1.9226,33.245,54.3145,54.3347,0.0,0.0,0,51502.8739,140.2253,59.8659,33.3416,67.2796,1.8769,1.6069,15.3155,1,39951.0,2.2,0.0,2.0616,26.3483,18.759382843651633,18.876690083945437,18.58342198321092,15.3155,0.0
6691,2017-08-23,SZSE:000768,-0.1885,19.1,18.6714,19.32,19.04,52881.1209,19.15,3.4468,124.5647,62.3572,233.1486,1.9266,31.735,54.8496,54.8693,0.0,0.0,0,51613.6197,140.5268,59.9947,33.4133,67.4243,1.8809,1.6104,13.2628,1,39951.0,2.2,0.0,2.0659,26.3483,18.7202780104712,18.886463246073298,18.61274638743455,13.2628,0.0
6692,2017-08-24,SZSE:000768,-0.1885,18.87,18.4466,19.28,18.82,52244.3325,19.1,3.4053,123.0647,61.6063,230.3411,1.9034,31.6038,51.1407,51.1602,0.0,0.0,0,50976.8313,138.7931,59.2545,33.001,66.5924,1.8577,1.5905,17.0217,1,39951.0,2.2,0.0,2.0411,26.3483,18.671439321674615,18.847400529941705,18.397721886592475,17.0217,0.0
6693,2017-08-25,SZSE:000768,-0.2264,19.11,18.6812,19.15,18.81,52908.8073,18.82,3.4486,124.6299,62.3898,233.2707,1.9276,31.5564,54.5912,54.6083,0.0,0.0,0,51641.3062,140.6022,60.0268,33.4312,67.4604,1.8819,1.6112,12.8653,1,39951.0,2.2,0.0,2.067,26.3483,18.397707169021455,18.720302459445314,18.387931554160126,12.8653,0.0
6694,2017-08-28,SZSE:000768,-0.2264,19.48,19.0429,19.55,19.04,53933.206,19.13,3.5154,127.0429,63.5978,237.7872,1.9649,31.705,59.3565,59.3708,0.0,0.0,0,52665.7048,143.3913,61.2176,34.0944,68.7986,1.9192,1.6432,30.5034,1,39951.0,2.2,0.0,2.107,26.3483,18.70075343942505,19.111329312114993,18.612772895277207,30.5034,0.0
6695,2017-08-29,SZSE:000768,-0.2264,19.06,18.6323,19.37,19.02,52770.3751,19.31,3.4396,124.3038,62.2266,232.6603,1.9226,31.7999,52.6076,52.6216,0.0,0.0,0,51502.8739,140.2253,59.8659,33.3416,67.2796,1.8769,1.6069,20.6488,1,39951.0,2.2,0.0,2.0616,26.3483,18.876690083945437,18.935343704092343,18.59319758656873,20.6488,0.0
6696,2017-08-30,SZSE:000768,-0.2264,19.16,18.7301,19.19,18.86,53047.2396,19.06,3.4576,124.956,62.5531,233.8810,1.9326,31.5611,53.9501,53.9635,0.0,0.0,0,51779.7384,140.9791,60.1877,33.5208,67.6413,1.8869,1.6156,18.6141,1,39951.0,2.2,0.0,2.0724,26.3483,18.63234373695198,18.759426878914404,18.43683121085595,18.6141,0.0
6697,2017-08-31,SZSE:000768,-0.2264,18.96,18.5346,19.28,18.88,52493.5106,19.06,3.4215,123.6516,61.9001,231.4397,1.9125,31.6497,50.8476,50.8609,0.0,0.0,0,51226.0094,139.4715,59.5441,33.1623,66.9179,1.8668,1.5983,13.1083,1,39951.0,2.2,0.0,2.0508,26.3483,18.63235632911392,18.847420253164557,18.45639493670886,13.1083,0.0
6698,2017-09-01,SZSE:000768,-0.2412,18.85,18.427,18.99,18.68,52188.9596,18.93,3.4017,122.9343,61.541,230.0969,1.9014,31.3856,49.1728,49.1859,0.0,0.0,0,50921.4584,138.6423,59.1901,32.9652,66.5201,1.8557,1.5888,21.2933,1,39951.0,2.2,0.0,2.0389,26.3483,18.505204774535805,18.563858355437663,18.260814854111405,21.2933,0.0
6699,2017-09-04,SZSE:000768,-0.2412,19.22,18.7887,19.26,18.92,53213.3583,18.98,3.4685,125.3473,62.7489,234.6134,1.9387,30.848,54.5909,54.6017,0.0,0.0,0,51945.8571,141.4314,60.3808,33.6283,67.8583,1.893,1.6207,28.7445,1,39951.0,2.2,0.0,2.0789,26.3483,18.554085639958377,18.82780239334027,18.495432049947972,28.7445,0.0
6700,2017-09-05,SZSE:000768,-0.2412,18.93,18.5052,19.21,18.92,52410.4512,19.18,3.4161,123.456,61.8022,231.0735,1.9094,31.0172,50.0844,50.095,0.0,0.0,0,51142.95,139.2454,59.4476,33.1086,66.8094,1.8637,1.5957,13.5989,1,39951.0,2.2,0.0,2.0475,25.618,18.74958985736925,18.778916640253566,18.49542440570523,13.5989,0.0
6701,2017-09-06,SZSE:000768,-0.2412,19.06,18.6323,19.23,18.83,52770.3751,18.9,3.4396,124.3038,62.2266,232.6603,1.9226,30.75,51.9974,52.0073,0.0,0.0,0,51502.8739,140.2253,59.8659,33.3416,67.2796,1.8769,1.6069,19.3664,1,39951.0,2.2,0.0,2.0616,25.618,18.475890346274923,18.7984852570829,18.407461122770197,19.3664,0.0
6702,2017-09-07,SZSE:000768,-0.2412,18.75,18.3293,19.11,18.74,51912.0951,19.08,3.3836,122.2821,61.2145,228.8763,1.8913,30.8338,47.3384,47.3481,0.0,0.0,0,50644.5939,137.8885,58.8683,32.7859,66.1584,1.8456,1.5801,18.1061,1,39951.0,2.2,0.0,2.0281,25.618,18.651895679999996,18.68122256,18.319524373333334,18.1061,0.0
6703,2017-09-08,SZSE:000768,-0.247,18.6,18.1827,18.92,18.5,51496.7983,18.73,3.3566,121.3038,60.7248,227.0452,1.8762,30.8037,45.2267,45.2363,0.0,0.0,0,50229.2972,136.7578,58.3855,32.5171,65.6159,1.8304,1.5672,16.0876,1,39951.0,2.2,0.0,2.0118,25.618,18.309783387096772,18.495520645161292,18.084943548387095,16.0876,0.0
6704,2017-09-11,SZSE:000768,-0.247,18.72,18.3,18.93,18.53,51829.0357,18.65,3.3782,122.0864,61.1166,228.5101,1.8883,30.8148,47.2538,47.2627,0.0,0.0,0,50561.5346,137.6624,58.7717,32.7322,66.0499,1.8426,1.5776,12.2827,1,39951.0,2.2,0.0,2.0248,25.618,18.231570512820515,18.505288461538463,18.114262820512824,12.2827,0.0
6705,2017-09-12,SZSE:000768,-0.247,18.54,18.124,18.75,18.51,51330.6796,18.69,3.3457,120.9125,60.5289,226.3128,1.8701,30.2409,44.5882,44.5969,0.0,0.0,0,50063.1785,136.3055,58.1925,32.4096,65.3989,1.8244,1.562,13.1611,1,39951.0,2.2,0.0,2.0054,25.618,18.27063430420712,18.32928802588997,18.094673139158576,13.1611,0.0
6706,2017-09-13,SZSE:000768,-0.247,18.56,18.1436,18.7,18.5,51386.0525,18.57,3.3494,121.043,60.5942,226.5570,1.8721,30.127,44.9597,44.9683,0.0,0.0,0,50118.5514,136.4563,58.2568,32.4454,65.4712,1.8264,1.5637,8.4271,1,39951.0,2.2,0.0,2.0075,25.618,18.153375646551726,18.280459051724137,18.084946120689654,8.4271,0.0
6707,2017-09-14,SZSE:000768,-0.247,18.52,18.1044,18.63,18.48,51275.3067,18.48,3.3421,120.7821,60.4636,226.0687,1.8681,30.0938,44.3197,44.3283,0.0,0.0,0,50007.8056,136.1547,58.1281,32.3737,65.3266,1.8224,1.5603,9.6095,1,39951.0,2.2,0.0,2.0032,25.618,18.065297624190066,18.21193153347732,18.065297624190066,9.6095,0.0
6708,2017-09-15,SZSE:000768,-0.3622,18.7,18.2804,18.84,18.53,51773.6628,18.58,3.3746,121.956,61.0513,228.2659,1.8862,29.8282,47.913,47.9207,0.0,0.0,0,50506.1617,137.5116,58.7074,32.6963,65.9776,1.8405,1.5758,14.4843,1,39951.0,2.2,0.0,2.0227,25.618,18.163092620320857,18.41725860962567,18.114214545454548,14.4843,0.0
6709,2017-09-18,SZSE:000768,-0.3622,18.65,18.2315,18.8,18.6,51635.2306,18.66,3.3656,121.6299,60.888,227.6556,1.8812,29.8313,47.0056,47.0132,0.0,0.0,0,50367.7294,137.1347,58.5465,32.6067,65.7967,1.8355,1.5715,9.7419,1,39951.0,2.2,0.0,2.0173,25.618,18.24127560321716,18.378134048257373,18.182621983914213,9.7419,0.0
6710,2017-09-19,SZSE:000768,-0.3622,18.56,18.1436,18.72,18.52,51386.0525,18.65,3.3494,121.043,60.5942,226.5570,1.8721,29.2764,45.3409,45.3484,0.0,0.0,0,50118.5514,136.4563,58.2568,32.4454,65.4712,1.8264,1.5637,9.4273,1,39951.0,2.2,0.0,2.0075,25.618,18.231580818965515,18.300010344827584,18.104497413793105,9.4273,0.0
6711,2017-09-20,SZSE:000768,-0.3622,18.96,18.5346,19.15,18.78,52493.5106,18.83,3.4215,123.6516,61.9001,231.4397,1.9125,29.5293,53.263,53.2687,0.0,0.0,0,51226.0094,139.4715,59.5441,33.1623,66.9179,1.8668,1.5983,28.3716,1,39951.0,2.2,0.0,2.0508,25.618,18.407516772151897,18.720337025316454,18.35863860759494,28.3716,0.0
6712,2017-09-21,SZSE:000768,-0.3622,18.67,18.2511,18.95,18.65,51690.6035,18.86,3.3692,121.7603,60.9533,227.8997,1.8832,29.678,47.8484,47.8539,0.0,0.0,0,50423.1023,137.2855,58.6108,32.6426,65.8691,1.8375,1.5732,14.8935,1,39951.0,2.2,0.0,2.0194,25.618,18.436836957686126,18.524817621853238,18.231548741296194,14.8935,0.0
6713,2017-09-22,SZSE:000768,-0.4022,18.57,18.1533,18.72,18.4,51413.739,18.7,3.3512,121.1082,60.6268,226.6790,1.8731,29.4361,46.1078,46.1133,0.0,0.0,0,50146.2378,136.5317,58.289,32.4633,65.5074,1.8274,1.5646,11.1025,1,39951.0,2.2,0.0,2.0086,25.618,18.280382875605817,18.299934087237478,17.987114701130857,11.1025,0.0
6714,2017-09-25,SZSE:000768,-0.4022,18.49,18.0751,18.79,18.49,51192.2474,18.64,3.3367,120.5864,60.3657,225.7025,1.8651,29.4471,44.7067,44.7121,0.0,0.0,0,49924.7462,135.9286,58.0315,32.3199,65.2181,1.8193,1.5577,9.7091,1,39951.0,2.2,0.0,1.9999,25.618,18.221734126554896,18.36836825310979,18.0751,9.7091,0.0
6715,2017-09-26,SZSE:000768,-0.4022,18.6,18.1827,18.7,18.41,51496.7983,18.48,3.3566,121.3038,60.7248,227.0452,1.8762,29.2621,47.0876,47.0926,0.0,0.0,0,50229.2972,136.7578,58.3855,32.5171,65.6159,1.8304,1.5672,8.972,1,39951.0,2.2,0.0,2.0118,25.618,18.065392258064517,18.280456451612903,17.996962741935484,8.972,0.0
6716,2017-09-27,SZSE:000768,-0.4022,18.79,18.3684,18.88,18.57,52022.8409,18.61,3.3909,122.543,61.3451,229.3645,1.8953,29.3112,51.0115,51.0159,0.0,0.0,0,50755.3397,138.19,58.997,32.8576,66.3031,1.8496,1.5836,13.9392,1,39951.0,2.2,0.0,2.0324,25.618,18.192438744012772,18.456380627993614,18.15333624268228,13.9392,0.0
6717,2017-09-28,SZSE:000768,-0.4022,19.14,18.7105,19.24,18.7,52991.8667,18.79,3.454,124.8255,62.4878,233.6369,1.9306,29.2432,57.2942,57.2977,0.0,0.0,0,51724.3655,140.8284,60.1234,33.485,67.5689,1.8849,1.6138,33.6083,1,39951.0,2.2,0.0,2.0703,25.618,18.3683539707419,18.808256008359454,18.28037356321839,33.6083,0.0
6718,2017-09-29,SZSE:000768,-0.4916,19.23,18.7985,19.43,19.08,53241.0447,19.13,3.4703,125.4125,62.7816,234.7355,1.9397,29.1989,58.7589,58.7621,0.0,0.0,0,51973.5436,141.5068,60.413,33.6463,67.8944,1.894,1.6216,23.9921,1,39951.0,2.2,0.0,2.08,25.618,18.70074388975559,18.99401222048882,18.651865834633384,23.9921,0.0
6719,2017-10-02,SZSE:000768,-0.4916,0.0,18.7985,0.0,0.0,53241.0447,0.0,3.4703,125.4125,62.7816,234.7355,1.9397,29.1989,58.7589,58.7621,0.0,0.0,0,51973.5436,141.5068,60.413,33.6463,67.8944,1.894,1.6216,0.0,1,39951.0,2.2,0.0,2.08,25.618,0.0,0.0,0.0,0.0,0.0
6720,2017-10-03,SZSE:000768,-0.4916,0.0,18.7985,0.0,0.0,53241.0447,0.0,3.4703,125.4125,62.7816,234.7355,1.9397,29.1989,58.7589,58.7621,0.0,0.0,0,51973.5436,141.5068,60.413,33.6463,67.8944,1.894,1.6216,0.0,1,39951.0,2.2,0.0,2.08,25.618,0.0,0.0,0.0,0.0,0.0
6721,2017-10-04,SZSE:000768,-0.4916,0.0,18.7985,0.0,0.0,53241.0447,0.0,3.4703,125.4125,62.7816,234.7355,1.9397,29.1989,58.7589,58.7621,0.0,0.0,0,51973.5436,141.5068,60.413,33.6463,67.8944,1.894,1.6216,0.0,1,39951.0,2.2,0.0,2.08,25.618,0.0,0.0,0.0,0.0,0.0
6722,2017-10-05,SZSE:000768,-0.4916,0.0,18.7985,0.0,0.0,53241.0447,0.0,3.4703,125.4125,62.7816,234.7355,1.9397,29.1989,58.7589,58.7621,0.0,0.0,0,51973.5436,141.5068,60.413,33.6463,67.8944,1.894,1.6216,0.0,1,39951.0,2.2,0.0,2.08,25.618,0.0,0.0,0.0,0.0,0.0
6723,2017-10-06,SZSE:000768,-0.485,0.0,18.7985,0.0,0.0,53241.0447,0.0,3.4703,125.4125,62.7816,234.7355,1.9397,29.1989,58.7589,58.7621,0.0,0.0,0,51973.5436,141.5068,60.413,33.6463,67.8944,1.894,1.6216,0.0,1,39951.0,2.2,0.0,2.08,25.618,0.0,0.0,0.0,0.0,0.0
6724,2017-10-09,SZSE:000768,-0.485,19.12,18.691,19.44,19.02,52936.4938,19.39,3.4504,124.6951,62.4225,233.3927,1.9286,30.059,56.2209,56.2242,0.0,0.0,0,51668.9926,140.6776,60.059,33.4491,67.4966,1.8829,1.6121,22.2391,1,39951.0,2.2,0.0,2.0681,25.618,18.954941945606695,19.003820083682008,18.59324372384937,22.2391,0.0
6725,2017-10-10,SZSE:000768,-0.485,19.14,18.7105,19.2,18.98,52991.8667,19.16,3.454,124.8255,62.4878,233.6369,1.9306,30.0511,56.588,56.5913,0.0,0.0,0,51724.3655,140.8284,60.1234,33.485,67.5689,1.8849,1.6138,15.0522,1,39951.0,2.2,0.0,2.0703,25.618,18.73005120167189,18.76915360501567,18.55409038662487,15.0522,0.0
6726,2017-10-11,SZSE:000768,-0.485,19.01,18.5835,19.11,18.92,52631.9428,19.11,3.4306,123.9777,62.0633,232.0500,1.9175,29.9942,53.4502,53.4534,0.0,0.0,0,51364.4416,139.8484,59.705,33.252,67.0988,1.8718,1.6026,12.5568,1,39951.0,2.2,0.0,2.0562,25.618,18.68125644397685,18.68125644397685,18.495519200420834,12.5568,0.0
6727,2017-10-12,SZSE:000768,-0.485,19.9,19.4535,20.37,18.96,55096.0369,19.02,3.5912,129.782,64.969,242.9140,2.0073,31.1231,66.9583,66.9601,0.0,0.0,0,53828.5358,146.5573,62.5692,34.8471,70.3177,1.9616,1.6795,66.6453,1,39951.0,2.2,0.0,2.1525,25.618,18.59324472361809,19.912954522613063,18.53459095477387,66.6453,0.0
6728,2017-10-13,SZSE:000768,-0.4126,19.74,19.2971,19.85,19.49,54653.0537,19.85,3.5623,128.7386,64.4466,240.9609,1.9911,31.1326,63.3966,63.3985,0.0,0.0,0,53385.5525,145.3512,62.0543,34.5604,69.739,1.9455,1.6657,29.089,1,39951.0,2.2,0.0,2.1352,25.618,19.40463196555218,19.40463196555218,19.052709169199595,29.089,0.0
6729,2017-10-16,SZSE:000768,-0.4126,20.14,19.6881,20.9,19.6,55760.5117,19.74,3.6345,131.3473,65.7525,245.8436,2.0315,31.3492,67.982,67.9834,0.0,0.0,0,54493.0106,148.3665,63.3416,35.2773,71.1857,1.9858,1.7002,66.0656,1,39951.0,2.2,0.0,2.1784,25.618,19.29707517378351,20.43104716981132,19.160216484607744,66.0656,0.0
6730,2017-10-17,SZSE:000768,-0.4126,20.31,19.8543,20.65,20.02,56231.1814,20.15,3.6652,132.456,66.3075,247.9188,2.0486,27.1007,69.7182,69.7195,0.0,0.0,0,54963.6802,149.648,63.8887,35.582,71.8005,2.003,1.7149,27.5124,1,39951.0,2.2,0.0,2.1968,25.618,19.697889955686854,20.186671344165433,19.570806794682422,27.5124,0.0
6731,2017-10-18,SZSE:000768,-0.4126,19.93,19.4828,20.53,19.82,55179.0963,20.31,3.5966,129.9777,65.0669,243.2802,2.0103,27.3932,61.6683,61.6696,0.0,0.0,0,53911.5951,146.7835,62.6658,34.9009,70.4262,1.9646,1.6821,27.971,1,39951.0,2.2,0.0,2.1557,25.618,19.85427335674862,20.069336879076772,19.37526823883593,27.971,0.0
6732,2017-10-19,SZSE:000768,-0.4126,19.28,18.8474,19.91,19.26,53379.477,19.9,3.4793,125.7386,62.9448,235.3458,1.9447,28.2249,50.8522,50.8535,0.0,0.0,0,52111.9758,141.8837,60.5739,33.7359,68.0753,1.8991,1.6259,22.3834,1,39951.0,2.2,0.0,2.0854,25.618,19.453488589211616,19.463264211618256,18.82784875518672,22.3834,0.0
6733,2017-10-20,SZSE:000768,-0.4289,19.56,19.1211,19.6,19.22,54154.6976,19.28,3.5298,127.5647,63.859,238.7637,1.973,28.1285,54.5502,54.5514,0.0,0.0,0,52887.1964,143.9944,61.475,34.2377,69.088,1.9273,1.6501,14.214,1,39951.0,2.2,0.0,2.1157,25.618,18.84738282208589,19.16020245398773,18.788729141104294,14.214,0.0
6734,2017-10-23,SZSE:000768,-0.4289,19.33,18.8963,19.61,19.22,53517.9092,19.6,3.4883,126.0647,63.1081,235.9562,1.9498,28.2281,51.1459,51.147,0.0,0.0,0,52250.4081,142.2606,60.7348,33.8255,68.2561,1.9041,1.6303,16.2328,1,39951.0,2.2,0.0,2.0908,25.618,19.160242110708744,19.1700177444387,18.788768028970512,16.2328,0.0
6735,2017-10-24,SZSE:000768,-0.4289,18.97,18.5444,19.41,18.88,52521.197,19.36,3.4233,123.7169,61.9328,231.5617,1.9135,27.896,46.2777,46.2788,0.0,0.0,0,51253.6958,139.5469,59.5763,33.1803,66.9541,1.8678,1.5992,19.8666,1,39951.0,2.2,0.0,2.0519,25.618,18.925650184501844,18.974528413284133,18.456419188191884,19.8666,0.0
6736,2017-10-25,SZSE:000768,-0.4289,19.1,18.6714,19.17,18.95,52881.1209,19.02,3.4468,124.5647,62.3572,233.1486,1.9266,27.7363,48.1953,48.1963,0.0,0.0,0,51613.6197,140.5268,59.9947,33.5598,68.1219,1.8809,1.6154,14.0685,1,39951.0,2.2,0.0,2.0659,25.586,18.59319518324607,18.739829214659682,18.524765968586383,14.0685,0.0
6737,2017-10-26,SZSE:000768,-0.4289,19.35,18.9158,19.41,18.9,53573.2821,19.1,3.4919,126.1951,63.1734,236.2003,1.9518,27.7016,51.7612,51.7621,0.0,0.0,0,52305.781,142.4114,60.7992,34.0098,69.0355,1.9061,1.637,18.1257,1,39951.0,2.2,0.0,2.093,25.586,18.67140981912145,18.97445364341085,18.475897674418604,18.1257,0.0
6738,2017-10-27,SZSE:000768,-0.4134,19.12,18.691,19.48,19.06,52936.4938,19.32,3.4334,125.285,62.4225,269.7136,1.7476,27.7427,48.4565,48.4574,0.0,0.0,0,52975.279,153.1949,61.6385,34.4452,69.9191,1.7508,1.658,12.9701,1,39951.0,2.2,0.0,2.0681,25.586,18.88651255230125,19.042922594142258,18.632346234309622,12.9701,0.0
6739,2017-10-30,SZSE:000768,-0.4134,18.2,17.7916,19.07,18.18,50389.3403,19.07,3.2682,119.2567,60.6869,256.7358,1.6635,29.4566,38.0044,38.0053,0.0,0.0,0,50428.1255,145.829,58.6748,32.9046,66.9235,1.6666,1.5623,26.4078,1,39951.0,2.2,0.0,2.0106,25.586,18.64207758241758,18.64207758241758,17.77204879120879,26.4078,0.0
6740,2017-10-31,SZSE:000768,-0.4134,18.38,17.9676,18.39,18.1,50887.6964,18.2,3.3005,120.4361,61.2871,259.2749,1.68,29.3491,40.6996,40.7003,0.0,0.0,0,50926.4817,147.2701,59.2547,33.2297,67.5849,1.6831,1.5777,13.5775,1,39951.0,2.2,0.0,2.0305,25.586,17.791638737758433,17.97737562568009,17.693882480957566,13.5775,0.0
6741,2017-11-01,SZSE:000768,-0.4134,18.31,17.8992,18.45,18.22,50693.8913,18.37,3.2879,119.9775,61.0537,258.2875,1.6736,29.2953,39.9718,39.9726,0.0,0.0,0,50732.6765,146.7097,59.0292,33.1033,67.3277,1.6767,1.5717,12.0639,1,39951.0,2.2,0.0,2.0227,25.586,17.957853850355,18.036058984161663,17.811219224467504,12.0639,0.0
6742,2017-11-02,SZSE:000768,-0.4134,17.92,17.5179,18.31,17.88,49614.1197,18.31,3.2179,117.422,59.7533,252.7860,1.638,29.2669,36.0989,36.0996,0.0,0.0,0,49652.9049,143.5872,57.7728,32.3987,65.8947,1.641,1.5383,14.8654,1,39951.0,2.2,0.0,1.9797,25.586,17.899148939732143,17.899148939732143,17.478797544642855,14.8654,0.0
6743,2017-11-03,SZSE:000768,-0.5344,17.84,17.4397,18.11,17.73,49392.6281,17.92,3.2035,116.8978,59.4865,251.6575,1.6306,29.2795,35.3424,35.3431,0.0,0.0,0,49431.4133,142.9467,57.5151,32.2542,65.6008,1.6337,1.5314,11.1473,1,39951.0,2.2,0.0,1.9708,25.586,17.517904932735426,17.70364164798206,17.33216821748879,11.1473,0.0
6744,2017-11-06,SZSE:000768,-0.5344,18.3,17.8894,18.37,17.88,50666.2048,17.95,3.2861,119.9119,61.0203,258.1464,1.6727,24.9725,42.7689,42.7694,0.0,0.0,0,50704.9901,146.6296,58.997,33.0852,67.2909,1.6758,1.5709,14.1982,1,39951.0,2.2,0.0,2.0216,25.586,17.547253005464476,17.9578293989071,17.478823606557373,14.1982,0.0
6745,2017-11-07,SZSE:000768,-0.5344,18.36,17.948,18.48,18.13,50832.3235,18.3,3.2969,120.3051,61.2204,258.9928,1.6782,24.8033,43.6776,43.6781,0.0,0.0,0,50871.1088,147.11,59.1903,33.1936,67.5114,1.6812,1.576,12.8169,1,39951.0,2.2,0.0,2.0283,25.586,17.88934640522876,18.065307189542484,17.723161220043572,12.8169,0.0
6746,2017-11-08,SZSE:000768,-0.5344,18.69,18.2706,18.93,18.38,51745.9764,18.39,3.3562,122.4674,62.3208,263.6479,1.7083,25.0136,48.5191,48.5196,0.0,0.0,0,51784.7616,149.7521,60.2533,33.7898,68.7239,1.7114,1.6043,21.5607,1,39951.0,2.2,0.0,2.0647,25.586,17.97733194221509,18.505214446227928,17.967556340288922,21.5607,0.0
6747,2017-11-09,SZSE:000768,-0.5344,18.82,18.3977,18.88,18.56,52105.9002,18.77,3.3795,123.3193,62.7543,265.4817,1.7202,24.982,50.3305,50.3309,0.0,0.0,0,52144.6855,150.793,60.6721,34.0246,69.2016,1.7233,1.6155,15.1496,1,39951.0,2.2,0.0,2.0791,25.586,18.348821944739637,18.45635366631243,18.14353411264612,15.1496,0.0
6748,2017-11-10,SZSE:000768,-0.5552,18.57,18.1533,18.91,18.56,51413.739,18.89,3.3346,121.6811,61.9206,261.9551,1.6974,25.1227,46.912,46.9125,0.0,0.0,0,51452.5242,148.7914,59.8668,33.573,68.283,1.7005,1.594,12.9994,1,39951.0,2.2,0.0,2.0515,25.586,18.466119386106623,18.485670597738288,18.14352439418417,12.9994,0.0
6749,2017-11-13,SZSE:000768,-0.5552,18.34,17.9285,18.62,18.22,50776.9506,18.61,3.2933,120.174,61.1537,258.7107,1.6763,25.246,43.9543,43.9547,0.0,0.0,0,50815.7359,146.9499,59.1258,33.1575,67.4379,1.6794,1.5743,13.6349,1,39951.0,2.2,0.0,2.0261,25.586,18.1924419302072,18.20221755725191,17.811192475463468,13.6349,0.0
6750,2017-11-14,SZSE:000768,-0.5552,18.58,18.1631,18.77,18.26,51441.4254,18.34,3.3364,121.7467,70.1927,262.0962,1.6983,25.216,47.6625,47.6629,0.0,0.0,0,51480.2107,148.8714,59.899,35.9067,73.1546,1.7014,1.6053,18.2302,1,39951.0,2.2,0.0,2.3255,24.2717,17.928485145317545,18.348836759956946,17.85028019375673,18.2302,0.0
6751,2017-11-15,SZSE:000768,-0.5552,18.15,17.7428,18.53,18.15,50250.908,18.5,3.2592,118.9291,68.5682,256.0305,1.659,25.5971,42.2666,42.267,0.0,0.0,0,50289.6933,145.4287,58.5138,35.0764,71.4629,1.662,1.5682,11.6934,1,39951.0,2.2,0.0,2.2717,24.2717,18.084947658402204,18.114274600550964,17.7428,11.6934,0.0
6752,2017-11-16,SZSE:000768,-0.5552,17.93,17.5277,18.26,17.9,49641.8061,18.15,3.2197,117.4875,67.7371,252.9271,1.6389,24.8176,39.7849,39.7853,0.0,0.0,0,49680.5914,143.6672,57.805,34.6515,70.5973,1.6419,1.5492,12.9484,1,39951.0,2.2,0.0,2.2442,24.2717,17.74276380368098,17.850295705521475,17.498373117679865,12.9484,0.0
6753,2017-11-17,SZSE:000768,-0.5546,17.15,16.7652,18.03,16.98,47482.263,17.98,3.0796,112.3765,64.7903,241.9241,1.5676,26.2833,32.4992,32.4995,0.0,0.0,0,47521.0482,137.4222,55.2923,33.1453,67.5286,1.5705,1.4818,20.9441,1,39951.0,2.2,0.0,2.1465,24.2717,17.57657702623907,17.625455160349855,16.599014344023324,20.9441,0.0
6754,2017-11-20,SZSE:000768,-0.5546,17.05,16.6674,17.2,16.5,47205.3985,17.17,3.0617,111.7212,64.4125,240.5135,1.5584,25.9038,31.6978,31.6981,0.0,0.0,0,47244.1837,136.6216,54.9702,32.9522,67.1351,1.5614,1.4732,16.7435,1,39951.0,2.2,0.0,2.134,24.2717,16.78470721407625,16.814034017595308,16.12974193548387,16.7435,0.0
6755,2017-11-21,SZSE:000768,-0.5546,17.02,16.6381,17.19,16.89,47122.3391,17.03,3.0563,111.5247,64.2992,240.0903,1.5557,25.9022,31.4472,31.4475,0.0,0.0,0,47161.1244,136.3814,54.8736,32.8942,67.0171,1.5586,1.4706,11.3236,1,39951.0,2.2,0.0,2.1303,24.2717,16.647875616921272,16.804285487661577,16.511016980023502,11.3236,0.0
6756,2017-11-22,SZSE:000768,-0.5546,17.59,17.1953,17.88,16.98,48700.4668,17.0,3.1586,115.2596,66.4526,248.1309,1.6078,26.8446,40.9909,40.9912,0.0,0.0,0,48739.2521,140.9451,56.7098,33.9949,69.2597,1.6108,1.5198,22.4987,1,39951.0,2.2,0.0,2.2016,24.2717,16.61853894258101,17.478792723138145,16.59898772029562,22.4987,0.0
6757,2017-11-23,SZSE:000768,-0.5546,17.06,16.6772,17.75,16.99,47233.0849,17.45,3.0635,111.7868,64.4503,240.6545,1.5593,27.4786,35.9757,35.976,0.0,0.0,0,47271.8702,136.7017,55.0024,32.9715,67.1745,1.5623,1.4741,12.728,1,39951.0,2.2,0.0,2.1353,24.2717,17.058449003516998,17.351717467760842,16.608770691676433,12.728,0.0
6758,2017-11-24,SZSE:000768,-0.5586,17.12,16.7359,17.31,16.98,47399.2036,17.02,3.0742,112.1799,64.677,241.5009,1.5648,27.4185,36.9167,36.9169,0.0,0.0,0,47437.9889,137.182,55.1957,33.0873,67.4105,1.5678,1.4792,7.5518,1,39951.0,2.2,0.0,2.1428,24.2717,16.638143574766353,16.921637207943924,16.5990410046729,7.5518,0.0
6759,2017-11-27,SZSE:000768,-0.5586,17.03,16.6479,17.49,16.94,47150.0256,17.09,3.0581,111.5902,64.337,240.2313,1.5566,27.2699,36.0606,36.0608,0.0,0.0,0,47188.8108,136.4615,54.9058,32.9135,67.0564,1.5595,1.4715,9.856,1,39951.0,2.2,0.0,2.1315,24.2717,16.706553787433936,17.097579036993537,16.55991931884909,9.856,0.0
6760,2017-11-28,SZSE:000768,-0.5586,17.17,16.7847,17.26,16.99,47537.6359,17.07,3.0832,112.5075,64.8659,242.2062,1.5694,27.0059,38.4517,38.4519,0.0,0.0,0,47576.4211,137.5824,55.3568,33.1839,67.6072,1.5724,1.4836,6.3997,1,39951.0,2.2,0.0,2.149,24.2717,16.68694403028538,16.872680372743154,16.608739254513686,6.3997,0.0
6761,2017-11-29,SZSE:000768,-0.5586,17.43,17.0389,17.45,17.16,48257.4836,17.23,3.1299,114.2112,65.8481,245.8739,1.5932,26.9141,42.7348,42.7349,0.0,0.0,0,48296.2689,139.664,56.1943,33.686,68.6302,1.5962,1.506,11.2718,1,39951.0,2.2,0.0,2.1816,24.2717,16.8433876649455,17.05845123350545,16.77495834767642,11.2718,0.0
6762,2017-11-30,SZSE:000768,-0.5586,17.34,16.9509,17.68,17.23,48008.3055,17.43,3.1137,113.6215,65.5081,244.6043,1.5849,26.8888,41.6542,41.6544,0.0,0.0,0,48047.0908,138.9435,55.9044,33.5122,68.2761,1.5879,1.4982,8.4293,1,39951.0,2.2,0.0,2.1703,24.2717,17.03888044982699,17.283270588235293,16.843368339100348,8.4293,0.0
6763,2017-12-01,SZSE:000768,-0.5756,17.39,16.9998,17.44,17.19,48146.7378,17.34,3.1227,113.9491,65.697,245.3096,1.5895,27.0517,42.5237,42.5239,0.0,0.0,0,48185.523,139.3438,56.0655,33.6087,68.4728,1.5925,1.5026,6.0583,1,39951.0,2.2,0.0,2.1766,24.2717,16.950921909143187,17.048678090856814,16.804287636572745,6.0583,0.0
6764,2017-12-04,SZSE:000768,-0.5756,16.79,16.4133,17.41,16.72,46485.5507,17.41,3.015,110.0176,63.4303,236.8458,1.5347,27.5624,35.6567,35.6568,0.0,0.0,0,46524.336,134.5399,54.1326,31.566,62.1774,1.5376,1.4508,13.722,1,39951.0,2.2,0.0,2.1015,24.2717,17.019389696247767,17.019389696247767,16.344870518165575,13.722,0.0
6765,2017-12-05,SZSE:000768,-0.5756,16.7,16.3253,17.2,16.65,46236.3727,16.85,2.9988,109.4278,63.0903,235.5762,1.5264,27.4407,34.7502,34.7503,0.0,0.0,0,46275.158,133.8194,53.8427,31.3969,61.8444,1.5294,1.443,10.9945,1,39951.0,2.2,0.0,2.0902,24.2717,16.471934431137726,16.814081437125747,16.276421856287424,10.9945,0.0
6766,2017-12-06,SZSE:000768,-0.5756,17.04,16.6577,17.08,16.52,47177.712,16.69,3.0599,111.6557,64.3748,240.3724,1.5575,27.7569,40.8664,40.8665,0.0,0.0,0,47216.4973,136.5415,54.938,32.0356,63.1024,1.5605,1.4723,10.2545,1,39951.0,2.2,0.0,2.1328,24.2717,16.315552406103286,16.69680258215962,16.149366431924882,10.2545,0.0
6767,2017-12-07,SZSE:000768,-0.5756,17.6,17.2051,17.9,17.01,48728.1533,17.12,3.1604,115.3251,66.4904,248.2720,1.6087,28.4494,49.2966,49.2967,0.0,0.0,0,48766.9385,141.0251,56.742,33.0875,65.1745,1.6117,1.5207,30.0602,1,39951.0,2.2,0.0,2.2029,24.2717,16.735870000000002,17.498368749999997,16.628338125,30.0602,0.0
6768,2017-12-08,SZSE:000768,-0.5866,17.49,17.0976,17.54,17.29,48423.6023,17.45,3.1407,114.6044,66.0748,246.7203,1.5986,28.4336,47.8535,47.8535,0.0,0.0,0,48462.3876,140.1444,56.3876,32.8809,64.7675,1.6016,1.5112,14.06,1,39951.0,2.2,0.0,2.1891,24.2717,17.0584974271012,17.146478216123498,16.902087135506005,14.06,0.0
6769,2017-12-11,SZSE:000768,-0.5866,17.56,17.166,17.64,17.34,48617.4075,17.47,3.1532,115.063,66.3393,247.7077,1.605,28.4099,48.8791,48.8792,0.0,0.0,0,48656.1927,140.7049,56.6131,33.0124,65.0265,1.608,1.5172,10.8712,1,39951.0,2.2,0.0,2.1979,24.2717,17.07801936218679,17.24420501138952,16.950936218678816,10.8712,0.0
6770,2017-12-12,SZSE:000768,-0.5866,17.26,16.8727,17.62,17.25,47786.8139,17.5,3.0994,113.0973,57.7065,243.4758,1.5776,28.549,44.8114,44.8115,0.0,0.0,0,47825.5992,138.3029,55.6467,30.4668,57.5504,1.5806,1.4423,7.8116,1,39951.0,2.2,0.0,1.9118,24.2717,17.107314600231746,17.22462190034762,16.862924391657007,7.8116,0.0
6771,2017-12-13,SZSE:000768,-0.5866,17.57,17.1758,17.61,17.24,48645.0939,17.24,3.155,115.1286,58.7429,247.8488,1.606,28.8083,49.4891,49.4892,0.0,0.0,0,48683.8792,140.7849,56.6453,31.0136,58.5833,1.609,1.4682,10.4237,1,39951.0,2.2,0.0,1.9462,24.2717,16.85320387023335,17.214902561183834,16.85320387023335,10.4237,0.0
6772,2017-12-14,SZSE:000768,-0.5866,17.52,17.1269,17.66,17.4,48506.6616,17.48,3.1461,114.8009,58.5757,247.1435,1.6014,28.8099,48.7711,48.7711,0.0,0.0,0,48545.4469,140.3846,56.4843,30.9254,58.4167,1.6044,1.464,6.9492,1,39951.0,2.2,0.0,1.9406,24.2717,17.087797488584474,17.263758789954338,17.009592465753425,6.9492,0.0
6773,2017-12-15,SZSE:000768,-0.5531,17.85,17.4495,18.05,17.45,49420.3145,17.56,3.2053,116.9633,66.729,251.7986,1.6316,29.0076,53.5601,53.5602,0.0,0.0,0,49459.0998,143.0267,57.5473,31.5074,59.5161,1.6346,1.4916,19.116,1,39951.0,2.2,0.0,2.2041,22.526,17.166006722689072,17.645012605042016,17.058474789915966,19.116,0.0
6774,2017-12-18,SZSE:000768,-0.5531,18.01,17.6059,18.25,17.8,49863.2977,17.99,3.2341,118.0117,67.3271,254.0556,1.6462,29.0724,55.7214,55.7215,0.0,0.0,0,49902.083,144.3078,58.0628,31.7896,60.0492,1.6492,1.5049,14.8336,1,39951.0,2.2,0.0,2.2238,22.526,17.586348750694054,17.84051499167129,17.400611882287613,14.8336,0.0
6775,2017-12-19,SZSE:000768,-0.5531,18.19,17.7819,18.21,18.0,50361.6538,18.07,3.2664,119.1912,68.0,256.5947,1.6626,29.1372,58.0848,58.0849,0.0,0.0,0,50400.4391,145.7489,58.6426,32.1071,60.6489,1.6657,1.5199,13.7492,1,39951.0,2.2,0.0,2.246,22.526,17.66459224848818,17.801451291918635,17.59616272677295,13.7492,0.0
6776,2017-12-20,SZSE:000768,-0.5531,17.89,17.4886,18.19,17.85,49531.0603,18.1,3.2125,117.2254,66.8785,252.3628,1.6352,28.9712,53.0067,53.0067,0.0,0.0,0,49569.8456,143.347,57.6762,31.578,59.6494,1.6382,1.4949,11.7826,1,39951.0,2.2,0.0,2.209,22.526,17.693888205701512,17.781868865287876,17.449497484628285,11.7826,0.0
6777,2017-12-21,SZSE:000768,-0.5531,18.23,17.821,18.58,17.61,50472.3996,17.85,3.2736,119.4533,68.1495,257.1590,1.6663,29.0914,57.5376,57.5377,0.0,0.0,0,50511.1849,146.0692,58.7715,32.1777,60.7821,1.6694,1.5233,18.8644,1,39951.0,2.2,0.0,2.251,22.526,17.44952550740538,18.16314755896873,17.214910038398244,18.8644,0.0
6778,2017-12-22,SZSE:000768,-0.549,18.13,17.7232,18.34,17.96,50195.5351,18.22,3.2556,118.798,67.7757,255.7483,1.6571,29.0914,55.8326,55.8326,0.0,0.0,0,50234.3204,145.2685,58.4493,32.0013,60.449,1.6602,1.5149,10.9306,1,39951.0,2.2,0.0,2.2386,22.526,17.8111805846663,17.92848803088803,17.557014451185882,10.9306,0.0
6779,2017-12-25,SZSE:000768,-0.549,16.93,16.5501,17.85,16.73,46873.1611,17.85,3.0401,110.9349,63.2897,238.8207,1.5475,32.2363,40.3716,40.3716,0.0,0.0,0,46911.9463,135.6608,54.5836,29.8848,56.451,1.5504,1.4147,32.7345,1,39951.0,2.2,0.0,2.0905,22.526,17.449455699940938,17.449455699940938,16.35458789131719,32.7345,0.0
6780,2017-12-26,SZSE:000768,-0.549,17.07,16.687,17.08,16.8,47260.7714,16.89,3.0653,111.8523,63.8131,240.7956,1.5603,32.2616,42.3764,42.3764,0.0,0.0,0,47299.5566,136.7817,55.0346,30.1317,56.9174,1.5632,1.4264,9.8892,1,39951.0,2.2,0.0,2.1078,22.526,16.511038664323376,16.696775629759813,16.423057996485063,9.8892,0.0
6781,2017-12-27,SZSE:000768,-0.549,17.09,16.7065,17.23,16.92,47316.1443,17.06,3.0688,111.9833,63.8879,241.0777,1.5621,32.1778,42.6729,42.673,0.0,0.0,0,47354.9295,136.9419,55.0991,30.167,56.9841,1.565,1.4281,9.8768,1,39951.0,2.2,0.0,2.1102,22.526,16.67717320070216,16.84335839672323,16.540314803978934,9.8768,0.0
6782,2017-12-28,SZSE:000768,-0.549,16.9,16.5208,17.08,16.8,46790.1017,17.05,3.0347,110.7383,63.1776,238.3975,1.5447,31.9627,40.5387,40.5387,0.0,0.0,0,46828.887,135.4206,54.487,29.8319,56.3511,1.5477,1.4122,13.2926,1,39951.0,2.2,0.0,2.0868,22.526,16.66743431952663,16.696761183431953,16.42304378698225,13.2926,0.0
6783,2017-12-29,SZSE:000768,-0.5902,16.89,16.511,16.98,16.8,46762.4153,16.89,3.0329,110.6728,63.1402,238.2565,1.5438,31.9343,40.4241,40.4241,0.0,0.0,0,46801.2005,135.3406,54.4548,29.8143,56.3177,1.5467,1.4114,8.7308,1,39951.0,2.2,0.0,2.0855,22.526,16.511,16.59898046181172,16.423019538188278,8.7308,0.0
6784,2018-01-01,SZSE:000768,-0.5902,0.0,16.511,0.0,0.0,46762.4153,0.0,3.0329,110.6728,63.1402,238.2565,1.5438,31.9343,40.4241,40.4241,0.0,0.0,0,46801.2005,135.3406,54.4548,29.8143,56.3177,1.5467,1.4114,0.0,1,39951.0,2.2,0.0,2.0855,22.526,0.0,0.0,0.0,0.0,0.0
6785,2018-01-02,SZSE:000768,-0.5902,17.09,16.7065,17.14,16.83,47316.1443,16.89,3.0688,111.9833,63.8879,241.0777,1.5621,31.792,43.8432,43.8433,0.0,0.0,0,47354.9295,136.9419,55.0991,30.167,56.9841,1.565,1.4281,10.1754,1,39951.0,2.2,0.0,2.1102,22.526,16.5109880046811,16.755377998829722,16.452334406085427,10.1754,0.0
6786,2018-01-03,SZSE:000768,-0.5902,17.24,16.8532,17.29,17.05,47731.441,17.05,3.0958,112.9662,64.4486,243.1937,1.5758,31.6038,46.331,46.3311,0.0,0.0,0,47770.2263,138.1428,55.5823,30.4316,57.4838,1.5788,1.4406,11.2468,1,39951.0,2.2,0.0,2.1287,22.526,16.667462877030164,16.902078190255224,16.667462877030164,11.2468,0.0
6787,2018-01-04,SZSE:000768,-0.5902,17.23,16.8434,17.36,17.14,47703.7546,17.2,3.094,112.9007,64.4112,243.0526,1.5749,31.3477,46.1841,46.1842,0.0,0.0,0,47742.5398,138.0628,55.5501,30.4139,57.4505,1.5778,1.4398,10.5178,1,39951.0,2.2,0.0,2.1275,22.526,16.814073128264653,16.970483110853163,16.755419384793964,10.5178,0.0
6788,2018-01-05,SZSE:000768,-0.5887,17.13,16.7456,17.26,16.92,47426.8901,17.16,3.076,112.2454,64.0374,241.6420,1.5657,31.1089,44.6593,44.6593,0.0,0.0,0,47465.6753,137.2621,55.2279,30.2376,57.1173,1.5687,1.4314,15.2889,1,39951.0,2.2,0.0,2.1152,22.526,16.774926795096324,16.872682778750733,16.540312434325745,15.2889,0.0
6789,2018-01-08,SZSE:000768,-0.5887,16.99,16.6088,17.11,16.93,47039.2798,17.11,3.0509,111.3281,63.514,239.6671,1.5529,30.8907,42.5416,42.5416,0.0,0.0,0,47078.065,136.1412,54.7769,29.9906,56.6509,1.5559,1.4198,9.5048,1,39951.0,2.2,0.0,2.0979,22.526,16.726107592701588,16.726107592701588,16.550146203649206,9.5048,0.0
6790,2018-01-09,SZSE:000768,-0.5887,17.08,16.6968,17.15,16.95,47288.4578,17.0,3.0671,111.9178,63.8505,240.9367,1.5612,30.9128,44.3679,44.3679,0.0,0.0,0,47327.2431,136.8618,55.0668,30.1494,56.9508,1.5641,1.4273,8.2636,1,39951.0,2.2,0.0,2.109,22.526,16.618594847775178,16.76522950819672,16.569716627634662,8.2636,0.0
6791,2018-01-10,SZSE:000768,-0.5887,16.92,16.5403,17.12,16.79,46845.4746,17.12,3.0383,110.8694,63.2523,238.6796,1.5465,30.9445,41.8229,41.8229,0.0,0.0,0,46884.2599,135.5808,54.5514,29.8672,56.4177,1.5495,1.4139,14.3588,1,39951.0,2.2,0.0,2.0892,22.526,16.735811820330966,16.735811820330966,16.413217316784866,14.3588,0.0
6792,2018-01-11,SZSE:000768,-0.5887,17.07,16.687,17.13,16.82,47260.7714,16.9,3.0653,111.8523,63.8131,240.7956,1.5603,30.9982,45.0077,45.0077,0.0,0.0,0,47299.5566,136.7817,55.0346,30.1317,56.9174,1.5632,1.4264,11.3128,1,39951.0,2.2,0.0,2.1078,22.526,16.520814294083184,16.745653778558875,16.442609256004687,11.3128,0.0
6793,2018-01-12,SZSE:000768,-0.5976,16.86,16.4817,17.12,16.85,46679.3559,17.07,3.0275,110.4762,63.028,237.8333,1.5411,29.5894,41.5762,41.5762,0.0,0.0,0,46718.1412,135.1004,54.3581,29.7613,56.2178,1.544,1.4089,10.2258,1,39951.0,2.2,0.0,2.0818,22.526,16.68698807829182,16.73586619217082,16.4719243772242,10.2258,0.0
6794,2018-01-15,SZSE:000768,-0.5976,16.25,15.8854,16.92,16.15,44990.4824,16.88,2.918,106.4792,60.7477,229.2284,1.4853,30.3294,33.5696,33.5697,0.0,0.0,0,45029.2677,130.2165,52.3931,28.6855,54.1855,1.4882,1.358,22.1349,1,39951.0,2.2,0.0,2.0065,22.526,16.501264738461536,16.540367261538464,15.787643692307691,22.1349,0.0
6795,2018-01-16,SZSE:000768,-0.5976,15.67,15.3184,16.35,15.31,43384.6683,16.23,2.8139,102.6787,58.5794,221.0467,1.4323,30.6693,28.0404,28.0404,0.0,0.0,0,43423.4535,125.5727,50.5247,27.6625,52.2532,1.4351,1.3095,32.6855,1,39951.0,2.2,0.0,1.9349,22.526,15.865834843650289,15.98314231014678,14.96647760051053,32.6855,0.0
6796,2018-01-17,SZSE:000768,-0.5976,15.56,15.2109,15.7,15.21,43080.1173,15.68,2.7941,101.9579,58.1682,219.4950,1.4222,30.5776,27.1278,27.1278,0.0,0.0,0,43118.9026,124.692,50.1703,27.4685,51.8867,1.425,1.3004,18.7888,1,39951.0,2.2,0.0,1.9213,22.526,15.328207712082262,15.347758997429306,14.868752506426736,18.7888,0.0
6797,2018-01-18,SZSE:000768,-0.5976,15.62,15.2695,15.65,15.45,43246.236,15.56,2.8049,102.3511,58.3925,220.3414,1.4277,30.4733,28.4948,28.4949,0.0,0.0,0,43285.0213,125.1724,50.3636,27.5743,52.0866,1.4305,1.3054,8.9137,1,39951.0,2.2,0.0,1.9287,22.526,15.21084635083227,15.29882682458387,15.103314660691423,8.9137,0.0
6798,2018-01-19,SZSE:000768,-0.6438,15.69,15.3379,16.05,15.63,43440.0412,15.63,2.8175,102.8097,52.0053,221.3288,1.4341,29.9436,30.1414,30.1414,0.0,0.0,0,43478.8264,125.7329,50.5891,27.7045,52.3369,1.4369,1.3124,17.2006,1,39951.0,2.2,0.0,1.7177,22.182,15.279246462715106,15.68982122370937,15.279246462715106,17.2006,0.0
6799,2018-01-22,SZSE:000768,-0.6438,15.76,15.4064,15.91,15.53,43633.8463,15.71,2.83,103.2684,52.2373,222.3163,1.4405,29.7776,31.8318,31.8318,0.0,0.0,0,43672.6316,126.2933,50.8146,27.828,52.5702,1.4433,1.3183,11.2521,1,39951.0,2.2,0.0,1.7254,22.182,15.357521827411167,15.553034517766497,15.18156040609137,11.2521,0.0
6800,2018-01-23,SZSE:000768,-0.6438,15.94,15.5823,16.05,15.71,44132.2024,15.71,2.8623,104.4479,52.8339,224.8554,1.457,29.8661,36.1128,36.1129,0.0,0.0,0,44170.9877,127.7345,51.3944,28.1455,53.1701,1.4598,1.3333,14.4648,1,39951.0,2.2,0.0,1.7451,22.182,15.3574612923463,15.689831555834381,15.3574612923463,14.4648,0.0
6801,2018-01-24,SZSE:000768,-0.6438,16.13,15.7681,16.21,15.86,44658.245,15.94,2.8965,105.6929,53.4637,227.5356,1.4743,29.8361,40.3698,40.3698,0.0,0.0,0,44697.0303,129.2557,52.0065,28.4807,53.8033,1.4772,1.3492,14.3803,1,39951.0,2.2,0.0,1.7659,22.182,15.582362926224427,15.846305083694983,15.504157842529448,14.3803,0.0
6802,2018-01-25,SZSE:000768,-0.6438,16.6,16.2275,16.96,16.05,45959.5082,16.1,2.9809,108.7726,55.0215,234.1656,1.5173,30.4069,49.359,49.359,0.0,0.0,0,45998.2934,133.0187,53.5206,29.3099,55.3696,1.5202,1.3885,31.2607,1,39951.0,2.2,0.0,1.8174,22.182,15.73871987951807,16.579421686746986,15.689841867469877,31.2607,0.0
6803,2018-01-26,SZSE:000768,-0.5606,16.42,16.0516,16.64,16.31,45461.1521,16.54,2.9485,107.5931,54.4249,231.6265,1.5008,30.3025,46.4697,46.4698,0.0,0.0,0,45499.9373,131.5776,52.9407,28.9923,54.7698,1.5037,1.3734,13.1374,1,39951.0,2.2,0.0,1.7977,22.182,16.168907673568814,16.2666640682095,15.944067965895247,13.1374,0.0
6804,2018-01-29,SZSE:000768,-0.5606,16.23,15.8658,16.5,16.02,44935.1095,16.42,2.9144,106.3481,53.7952,228.9463,1.4835,30.2994,43.5706,43.5706,0.0,0.0,0,44973.8948,130.0563,52.3286,28.6571,54.1365,1.4863,1.3575,11.4567,1,39951.0,2.2,0.0,1.7769,22.182,16.051536414048062,16.12974121996303,15.660512384473197,11.4567,0.0
6805,2018-01-30,SZSE:000768,-0.5606,16.18,15.817,16.34,16.06,44796.6773,16.1,2.9054,106.0205,53.6294,228.2409,1.4789,28.8305,42.8136,42.8136,0.0,0.0,0,44835.4625,129.656,52.1676,28.5689,53.9699,1.4818,1.3534,6.82,1,39951.0,2.2,0.0,1.7714,22.182,15.73879480840544,15.97341038318912,15.699692212608158,6.82,0.0
6806,2018-01-31,SZSE:000768,-0.5606,15.7,15.3477,16.21,15.7,43467.7276,16.16,2.8192,102.8753,52.0385,221.4699,1.435,29.2621,36.2944,36.2945,0.0,0.0,0,43506.5129,125.8129,50.6213,27.7221,52.3702,1.4379,1.3132,11.5056,1,39951.0,2.2,0.0,1.7188,22.182,15.797377834394904,15.846255859872613,15.3477,11.5056,0.0
6807,2018-02-01,SZSE:000768,-0.5606,15.45,15.1033,15.82,15.24,42775.5664,15.7,2.7744,101.2371,51.2098,217.9433,1.4122,29.3823,33.4386,33.4386,0.0,0.0,0,42814.3516,123.8113,49.8159,27.2811,51.537,1.415,1.2924,12.094,1,39951.0,2.2,0.0,1.6915,22.182,15.34768996763754,15.464997152103562,14.898012427184467,12.094,0.0
6808,2018-02-02,SZSE:000768,-0.3843,15.67,15.3184,15.77,15.12,43384.6683,15.35,2.8139,102.6787,51.939,221.0467,1.4323,29.3191,38.0576,38.0576,0.0,0.0,0,43423.4535,125.5727,50.5247,27.6692,52.2702,1.4351,1.3107,9.7492,1,39951.0,2.2,0.0,1.7156,22.182,15.005580089342693,15.41615622208041,14.780740778557753,9.7492,0.0
6809,2018-02-05,SZSE:000768,-0.3843,15.41,15.0642,15.64,15.2,42664.8205,15.47,2.7672,100.975,51.0772,217.3790,1.4085,29.4566,34.9691,34.9691,0.0,0.0,0,42703.6058,123.4911,49.6871,27.2105,51.4037,1.4113,1.289,6.4094,1,39951.0,2.2,0.0,1.6871,22.182,15.12285360155743,15.289038805970149,14.858912394548993,6.4094,0.0
6810,2018-02-06,SZSE:000768,-0.3843,13.87,13.5588,15.19,13.87,38401.1071,15.1,2.4906,90.8841,45.9728,195.6552,1.2678,35.2436,23.0415,23.0415,0.0,0.0,0,38439.8924,111.1612,44.7261,24.4937,46.2714,1.2704,1.1603,23.0903,1,39951.0,2.2,0.0,1.5185,22.182,14.761202595529921,14.849183273251622,13.5588,23.0903,0.0
6811,2018-02-07,SZSE:000768,-0.3843,13.14,12.8452,14.28,12.72,36379.9962,14.12,2.3595,86.1007,43.5532,185.3576,1.201,36.5354,19.6244,19.6245,0.0,0.0,0,36418.7815,105.3165,42.3745,23.2058,43.8385,1.2036,1.0993,34.7547,1,39951.0,2.2,0.0,1.4386,22.182,13.803213394216131,13.959623744292236,12.434622831050229,34.7547,0.0
6812,2018-02-08,SZSE:000768,-0.3843,13.42,13.1189,13.56,12.92,37155.2169,12.95,2.4098,87.9354,44.4813,189.3074,1.2266,36.6208,24.2639,24.2639,0.0,0.0,0,37194.0021,107.5583,43.2765,23.6998,44.7716,1.2292,1.1227,17.0897,1,39951.0,2.2,0.0,1.4692,22.182,12.659445230998509,13.255758867362148,12.630118330849479,17.0897,0.0
6813,2018-02-09,SZSE:000768,0.4039,12.82,12.5323,13.27,12.35,35494.0298,13.0,2.3021,84.0039,48.3774,180.8436,1.1718,37.3939,21.4117,21.4117,0.0,0.0,0,35532.8151,102.7544,41.3436,22.6989,42.3722,1.1743,1.0796,18.2819,1,39951.0,2.2,0.0,1.5979,21.326,12.708260530421216,12.97220132605304,12.072847503900155,18.2819,0.0
6814,2018-02-12,SZSE:000768,0.4039,13.03,12.7376,13.15,12.91,36075.4453,12.96,2.3398,85.3799,49.1698,183.8059,1.191,37.6137,24.746,24.746,0.0,0.0,0,36114.2305,104.4358,42.0201,23.0703,43.0655,1.1935,1.0973,9.3276,1,39951.0,2.2,0.0,1.6241,21.326,12.669170836531084,12.854907137375289,12.620292862624712,9.3276,0.0
6815,2018-02-13,SZSE:000768,0.4039,13.28,12.982,13.63,13.12,36767.6065,13.13,2.3847,87.0181,50.1132,187.3325,1.2138,37.8888,28.6281,28.6281,0.0,0.0,0,36806.3918,106.4374,42.8255,23.5124,43.8909,1.2164,1.1183,14.4292,1,39951.0,2.2,0.0,1.6552,21.326,12.835365963855422,13.324146084337352,12.825590361445782,14.4292,0.0
6816,2018-02-14,SZSE:000768,0.4039,13.25,12.9527,13.35,13.12,36684.5472,13.25,2.3793,86.8215,50.0,186.9093,1.2111,37.7244,28.4385,28.4385,0.0,0.0,0,36723.3325,106.1972,42.7288,23.4594,43.7918,1.2137,1.1158,6.6335,1,39951.0,2.2,0.0,1.6515,21.326,12.9527,13.050456226415095,12.825616905660377,6.6335,0.0
6817,2018-02-15,SZSE:000768,0.4039,0.0,12.9527,0.0,0.0,36684.5472,0.0,2.3793,86.8215,50.0,186.9093,1.2111,37.7244,28.4385,28.4385,0.0,0.0,0,36723.3325,106.1972,42.7288,23.4594,43.7918,1.2137,1.1158,0.0,1,39951.0,2.2,0.0,1.6515,21.326,0.0,0.0,0.0,0.0,0.0
6818,2018-02-16,SZSE:000768,0.4547,0.0,12.9527,0.0,0.0,36684.5472,0.0,2.3793,86.8215,50.0,186.9093,1.2111,37.7244,28.4385,28.4385,0.0,0.0,0,36723.3325,106.1972,42.7288,23.4594,43.7918,1.2137,1.1158,0.0,1,39951.0,2.2,0.0,1.6515,21.326,0.0,0.0,0.0,0.0,0.0
6819,2018-02-19,SZSE:000768,0.4547,0.0,12.9527,0.0,0.0,36684.5472,0.0,2.3793,86.8215,50.0,186.9093,1.2111,37.7244,28.4385,28.4385,0.0,0.0,0,36723.3325,106.1972,42.7288,23.4594,43.7918,1.2137,1.1158,0.0,1,39951.0,2.2,0.0,1.6515,21.326,0.0,0.0,0.0,0.0,0.0
6820,2018-02-20,SZSE:000768,0.4547,0.0,12.9527,0.0,0.0,36684.5472,0.0,2.3793,86.8215,50.0,186.9093,1.2111,37.7244,28.4385,28.4385,0.0,0.0,0,36723.3325,106.1972,42.7288,23.4594,43.7918,1.2137,1.1158,0.0,1,39951.0,2.2,0.0,1.6515,21.326,0.0,0.0,0.0,0.0,0.0
6821,2018-02-21,SZSE:000768,0.4547,0.0,12.9527,0.0,0.0,36684.5472,0.0,2.3793,86.8215,50.0,186.9093,1.2111,37.7244,28.4385,28.4385,0.0,0.0,0,36723.3325,106.1972,42.7288,23.4594,43.7918,1.2137,1.1158,0.0,1,39951.0,2.2,0.0,1.6515,21.326,0.0,0.0,0.0,0.0,0.0
6822,2018-02-22,SZSE:000768,0.4547,13.42,13.1189,13.54,13.33,37155.2169,13.53,2.4098,87.9354,50.6415,189.3074,1.2266,37.5837,31.2182,31.2182,0.0,0.0,0,37194.0021,107.5583,43.2765,23.76,44.3531,1.2292,1.1301,8.0083,1,39951.0,2.2,0.0,1.6727,21.326,13.226431967213113,13.236207600596126,13.030919299552906,8.0083,0.0
6823,2018-02-23,SZSE:000768,0.466,13.54,13.2362,13.87,13.3,37487.4543,13.4,2.4314,88.7217,51.0943,191.0001,1.2376,37.2848,33.191,33.191,0.0,0.0,0,37526.2395,108.5191,43.663,23.9723,44.7493,1.2402,1.1402,10.4199,1,39951.0,2.2,0.0,1.6877,21.326,13.099341211225997,13.558795716395865,13.001584933530282,10.4199,0.0
6824,2018-02-26,SZSE:000768,0.466,14.06,13.7445,14.23,13.55,38927.1497,13.59,2.5248,92.1291,53.0566,198.3355,1.2851,38.213,41.0776,41.0776,0.0,0.0,0,38965.935,112.6824,45.3382,24.892,46.4661,1.2878,1.1839,16.7755,1,39951.0,2.2,0.0,1.7525,21.326,13.285046586059744,13.910685277382646,13.245944167852064,16.7755,0.0
6825,2018-02-27,SZSE:000768,0.466,14.78,14.4484,15.18,13.99,40920.5742,14.11,2.654,96.8469,55.7736,208.4920,1.3509,39.723,49.8969,49.8969,0.0,0.0,0,40959.3594,118.447,47.6576,26.1654,48.8432,1.3537,1.2445,35.3579,1,39951.0,2.2,0.0,1.8422,21.326,13.79343193504736,14.839425710419485,13.676124221921516,35.3579,0.0
6826,2018-02-28,SZSE:000768,0.466,14.79,14.4581,15.37,14.43,40948.2606,14.58,2.6558,96.9124,55.8113,208.6331,1.3519,39.6676,50.0088,50.0088,0.0,0.0,0,40987.0459,118.5271,47.6898,26.1831,48.8762,1.3546,1.2453,31.4222,1,39951.0,2.2,0.0,1.8435,21.326,14.25281257606491,15.025084313725491,14.10617870182556,31.4222,0.0
6827,2018-03-01,SZSE:000768,0.466,15.07,14.7319,15.25,14.51,41723.4812,14.69,2.7061,98.7472,64.2644,212.5829,1.3775,40.4171,53.1635,53.1635,0.0,0.0,0,41762.2665,120.7689,48.5918,28.372,53.0154,1.3802,1.286,19.4258,1,39951.0,2.2,0.0,2.4452,20.726,14.360425414731253,14.907861645653616,14.184463769077638,19.4258,0.0
6828,2018-03-02,SZSE:000768,0.2765,15.21,14.8687,15.41,14.87,42111.0915,14.97,2.7313,99.6645,64.8614,214.5578,1.3902,40.1388,54.7027,54.7028,0.0,0.0,0,42149.8768,121.8898,49.0428,28.6354,53.5075,1.393,1.2979,18.2396,1,39951.0,2.2,0.0,2.4679,20.726,14.63408540433925,15.064212163050623,14.536329322813936,18.2396,0.0
6829,2018-03-05,SZSE:000768,0.2765,15.27,14.9274,15.68,15.16,42277.2102,15.56,2.742,100.0577,65.1173,215.4042,1.3957,39.9,55.3795,55.3795,0.0,0.0,0,42315.9955,122.3702,49.2361,28.7482,53.7184,1.3985,1.303,20.632,1,39951.0,2.2,0.0,2.4776,20.726,15.21089351669941,15.328201178781928,14.819867976424364,20.632,0.0
6830,2018-03-06,SZSE:000768,0.2765,15.7,15.3477,16.05,15.03,43467.7276,15.25,2.8192,102.8753,66.951,221.4699,1.435,40.1119,59.9929,59.9929,0.0,0.0,0,43506.5129,125.8129,50.6213,29.557,55.2297,1.4379,1.3397,29.0035,1,39951.0,2.2,0.0,2.5474,20.726,14.907797770700636,15.68984617834395,14.692734458598727,29.0035,0.0
6831,2018-03-07,SZSE:000768,0.2765,15.47,15.1229,15.78,15.41,42830.9393,15.7,2.7779,101.3682,65.9702,218.2254,1.414,39.5633,56.6208,56.6208,0.0,0.0,0,42869.7245,123.9715,49.8804,29.1244,54.4213,1.4168,1.3201,12.5197,1,39951.0,2.2,0.0,2.5101,20.726,15.347739495798319,15.425944537815125,15.064246218487394,12.5197,0.0
6832,2018-03-08,SZSE:000768,0.2765,15.43,15.0838,15.62,15.28,42720.1935,15.35,2.7708,101.1061,65.7996,217.6612,1.4104,39.5538,56.0309,56.0309,0.0,0.0,0,42758.9787,123.6512,49.7515,29.0492,54.2807,1.4131,1.3166,9.1213,1,39951.0,2.2,0.0,2.5036,20.726,15.005594944912508,15.269537005832792,14.937165521710952,9.1213,0.0
6833,2018-03-09,SZSE:000768,0.3015,15.63,15.2793,15.95,15.32,43273.9225,15.43,2.8067,102.4166,66.6525,220.4824,1.4286,39.3324,58.3664,58.3664,0.0,0.0,0,43312.7077,125.2525,50.3958,29.4254,54.9836,1.4314,1.3337,19.6621,1,39951.0,2.2,0.0,2.5361,20.726,15.08378752399232,15.592119961612282,14.976255662188098,19.6621,0.0
6834,2018-03-12,SZSE:000768,0.3015,15.67,15.3184,15.94,15.64,43384.6683,15.72,2.7607,92.0141,62.3285,140.5898,1.3957,39.5364,58.8373,58.8373,0.0,0.0,0,40583.2515,92.1017,42.76,26.0185,48.1492,1.3058,1.213,20.9897,1,39951.0,2.2,2.6918,2.3715,20.726,15.367278111040207,15.582341799617103,15.28907313337588,20.9897,0.0
6835,2018-03-13,SZSE:000768,0.3015,15.67,15.3184,15.93,15.65,43384.6683,15.75,2.7607,92.0141,56.5908,140.5898,1.3957,39.3245,58.8373,58.8373,0.0,0.0,0,40583.2515,92.1017,42.76,26.7928,69.0415,1.3058,1.1371,14.8111,1,39951.0,2.2,2.6828,2.1532,20.546,15.396604977664326,15.572566177409062,15.29884875558392,14.8111,0.0
6836,2018-03-14,SZSE:000768,0.3015,14.94,14.6048,15.63,14.91,41363.5574,15.58,2.6321,87.7275,53.8088,134.0403,1.3306,40.455,47.4722,47.4722,0.0,0.0,0,38562.1406,87.5149,40.6305,25.9952,60.6847,1.2408,1.0923,24.893,1,39951.0,2.2,2.5588,1.9985,20.946,15.230440696117805,15.279318875502009,14.575473092369478,24.893,0.0
6837,2018-03-15,SZSE:000768,0.3015,15.07,14.7319,15.33,14.78,41723.4812,14.92,2.655,88.4909,54.277,135.2067,1.3422,40.2748,49.3486,49.3486,0.0,0.0,0,38922.0645,88.3317,41.0098,26.2378,61.2511,1.2524,1.1025,17.4234,1,39951.0,2.2,2.5811,2.0159,20.946,14.585265295288652,14.986066821499668,14.44840623755806,17.4234,0.0
6838,2018-03-16,SZSE:000768,0.3399,14.92,14.5852,15.18,14.9,41308.1845,15.18,2.6286,87.6101,53.7367,133.8609,1.3289,39.9538,47.2512,47.2512,0.0,0.0,0,38506.7677,87.3892,40.5722,25.9579,60.5976,1.239,1.0907,8.5381,1,39951.0,2.2,2.5554,1.9959,20.946,14.839365683646111,14.839365683646111,14.565648793565684,8.5381,0.0
6839,2018-03-19,SZSE:000768,0.3399,15.11,14.771,15.34,15.01,41834.227,15.01,2.662,88.7258,54.421,135.5655,1.3458,40.2653,50.1418,50.1418,0.0,0.0,0,39032.8103,88.583,41.1264,26.3125,61.4254,1.2559,1.1056,15.6998,1,39951.0,2.2,2.588,2.0213,20.946,14.673243547319656,14.995839841164791,14.673243547319656,15.6998,0.0
6840,2018-03-20,SZSE:000768,0.3399,15.21,14.8687,15.51,14.85,42111.0915,15.06,2.6796,89.313,54.7812,136.4627,1.3547,40.2147,51.6437,51.6437,0.0,0.0,0,39309.6748,89.2113,41.4182,26.4991,61.8611,1.2648,1.1134,14.9499,1,39951.0,2.2,2.6051,2.0347,20.946,14.722065877712032,15.161968244575936,14.516778106508875,14.9499,0.0
6841,2018-03-21,SZSE:000768,0.3399,15.63,15.2793,15.93,15.13,43273.9225,15.17,2.7536,91.7792,56.2939,140.2309,1.3921,40.4503,57.4424,57.4424,0.0,0.0,0,40472.5057,91.8503,42.6434,27.283,63.691,1.3022,1.1464,36.687,1,39951.0,2.2,2.677,2.0908,20.946,14.829621305182341,15.572568714011513,14.790518809980805,36.687,0.0
6842,2018-03-22,SZSE:000768,0.3399,15.85,15.4944,16.0,15.41,43883.0244,15.65,2.7924,93.0711,57.0863,142.2048,1.4117,40.5926,60.1388,60.1388,0.0,0.0,0,41081.6076,93.2327,43.2851,27.6936,64.6496,1.3218,1.1636,32.0563,1,39951.0,2.2,2.7147,2.1203,20.946,15.298887066246058,15.641034700315457,15.064271545741326,32.0563,0.0
6843,2018-03-23,SZSE:000768,0.1548,16.27,15.9049,16.66,15.3,45045.8553,15.49,2.8664,95.5373,58.599,145.9730,1.4491,40.6653,64.7328,64.7328,0.0,0.0,0,42244.4385,95.8716,44.5103,28.4775,66.4795,1.3593,1.1966,69.128,1,39951.0,2.2,2.7866,2.1765,20.946,15.142403257529196,16.286148371235402,14.956666871542717,69.128,0.0
6844,2018-03-26,SZSE:000768,0.1548,17.17,16.7847,17.17,16.3,47537.6359,16.67,3.0249,100.8221,61.8405,154.0477,1.5293,40.123,72.1419,72.1419,0.0,0.0,0,44736.2191,101.5266,47.1358,30.1572,70.4008,1.4394,1.2672,75.0735,1,39951.0,2.2,2.9408,2.2969,20.946,16.29592015142691,16.7847,15.93422306348282,75.0735,0.0
6845,2018-03-27,SZSE:000768,0.1548,17.24,16.8532,17.49,16.64,47731.441,16.9,3.0373,101.2331,62.0926,154.6757,1.5355,40.1309,72.6236,72.6237,0.0,0.0,0,44930.0243,101.9664,47.34,30.2879,70.7058,1.4457,1.2726,70.4739,1,39951.0,2.2,2.9528,2.3062,20.946,16.5208283062645,17.0975909512761,16.266661716937357,70.4739,0.0
6846,2018-03-28,SZSE:000768,0.1548,16.82,16.4426,17.63,16.8,46568.6101,17.0,2.9633,98.7669,60.5799,150.9075,1.4981,40.3949,65.3245,65.3245,0.0,0.0,0,43767.1933,99.3275,46.1148,29.504,68.8758,1.4083,1.2397,48.7275,1,39951.0,2.2,2.8808,2.25,20.946,16.618561236623066,17.2344255648038,16.423048751486327,48.7275,0.0
6847,2018-03-29,SZSE:000768,0.1548,16.58,16.208,16.98,16.33,45904.1353,16.83,2.921,97.3576,59.7155,148.7543,1.4767,40.5025,61.5195,61.5195,0.0,0.0,0,43102.7185,97.8195,45.4146,29.0561,67.8302,1.3869,1.2209,32.2323,1,39951.0,2.2,2.8397,2.2179,20.946,16.452390832328103,16.59902533172497,15.963609167671892,32.2323,0.0
6848,2018-03-30,SZSE:000768,0.1682,17.18,16.7945,17.26,16.53,47565.3223,16.6,3.0267,100.8808,61.8765,154.1374,1.5301,40.825,66.736,66.736,0.0,0.0,0,44763.9056,101.5894,47.1649,30.1759,70.4443,1.4403,1.2679,44.4573,1,39951.0,2.2,2.9425,2.2982,20.946,16.227514551804425,16.872704889406286,16.159085273573925,44.4573,0.0
6849,2018-04-02,SZSE:000768,0.1682,18.18,17.7721,18.21,17.19,50333.9674,17.39,3.2029,106.7528,65.4781,163.1093,1.6192,42.3808,73.2457,73.2457,0.0,0.0,0,47532.5506,107.8727,50.0821,32.0423,74.8013,1.5294,1.3464,65.4938,1,39951.0,2.2,3.1138,2.432,20.946,16.999825027502748,17.80142689768977,16.804312376237622,65.4938,0.0
6850,2018-04-03,SZSE:000768,0.1682,18.55,18.1338,18.55,17.83,51358.3661,17.91,3.2681,108.9254,66.8107,166.4289,1.6522,42.5342,75.1811,75.1811,0.0,0.0,0,48556.9493,110.1976,51.1614,32.7328,76.4134,1.5624,1.3754,48.7437,1,39951.0,2.2,3.1771,2.4815,20.946,17.508159460916442,18.1338,17.429954393530995,48.7437,0.0
6851,2018-04-04,SZSE:000768,0.1682,18.47,18.0556,19.5,18.35,51136.8745,18.53,3.254,108.4557,66.5226,165.7112,1.645,42.5484,73.9357,73.9357,0.0,0.0,0,48335.4577,109.6949,50.9281,32.5835,76.0648,1.5552,1.3691,59.6178,1,39951.0,2.2,3.1634,2.4708,20.946,18.11425381700054,19.06249052517596,17.93829236599892,59.6178,0.0
6852,2018-04-05,SZSE:000768,0.1682,0.0,18.0556,0.0,0.0,51136.8745,0.0,3.254,108.4557,66.5226,165.7112,1.645,42.5484,73.9357,73.9357,0.0,0.0,0,48335.4577,109.6949,50.9281,32.5835,76.0648,1.5552,1.3691,0.0,1,39951.0,2.2,3.1634,2.4708,20.946,0.0,0.0,0.0,0.0,0.0
6853,2018-04-06,SZSE:000768,0.1264,0.0,18.0556,0.0,0.0,51136.8745,0.0,3.254,108.4557,69.2902,165.7112,1.645,42.5484,73.9357,73.9357,0.0,0.0,0,48335.4577,109.6949,50.9281,32.5835,76.0648,1.5552,1.3589,0.0,1,39951.0,2.2,3.1724,2.5736,20.946,0.0,0.0,0.0,0.0,0.0
6854,2018-04-09,SZSE:000768,0.1264,18.86,18.4368,19.14,18.5,52216.646,18.53,3.3227,110.7457,70.7533,169.2102,1.6798,43.4133,76.021,76.021,0.0,0.0,0,49415.2293,112.1454,52.0657,33.3114,77.7641,1.59,1.3893,36.1828,1,39951.0,2.2,3.2394,2.6279,20.946,18.114204878048785,18.710517073170735,18.08487804878049,36.1828,0.0
6855,2018-04-10,SZSE:000768,0.1264,18.28,17.8698,18.75,17.8,50610.8319,18.74,3.2205,107.34,68.5774,164.0065,1.6281,43.9019,67.3863,67.3863,0.0,0.0,0,47809.4151,108.5011,50.3738,32.2289,75.237,1.5383,1.3441,36.1494,1,39951.0,2.2,3.1397,2.5471,20.946,18.319477680525164,18.329253282275708,17.400571115973744,36.1494,0.0
6856,2018-04-11,SZSE:000768,0.1264,18.32,17.9089,18.34,17.76,50721.5777,18.23,3.2275,107.5749,68.7275,164.3654,1.6317,43.8734,67.6592,67.6591,0.0,0.0,0,47920.1609,108.7524,50.4905,32.7624,71.731,1.5419,1.3422,25.5461,1,39951.0,2.2,3.1448,2.5527,21.126,17.820919596069867,17.92845120087336,17.361466375545852,25.5461,0.0
6857,2018-04-12,SZSE:000768,0.1264,17.93,17.5277,18.56,17.93,49641.8061,18.05,3.1588,105.2848,67.2644,160.8663,1.5969,44.041,62.1961,62.1961,0.0,0.0,0,46840.3894,106.3019,49.3528,32.0242,70.1147,1.5071,1.312,21.7247,1,39951.0,2.2,3.0779,2.4983,21.126,17.645007529280534,18.14356452872281,17.5277,21.7247,0.0
6858,2018-04-13,SZSE:000768,0.1329,18.45,18.036,18.94,18.1,51081.5016,18.2,3.2505,108.3382,69.2152,165.5317,1.6433,44.0252,66.1237,66.1237,0.0,0.0,0,48280.0848,109.5692,50.8697,33.0085,72.2698,1.5535,1.3523,36.6941,1,39951.0,2.2,3.1671,2.5708,21.126,17.791609756097564,18.515004878048785,17.69385365853659,36.6941,0.0
6859,2018-04-16,SZSE:000768,0.1329,18.46,18.0458,18.87,17.99,51109.188,18.61,3.2522,108.397,69.2527,165.6214,1.6442,42.8773,66.1964,66.1964,0.0,0.0,0,48307.7712,109.6321,50.8989,33.0274,72.3112,1.5544,1.3531,29.0756,1,39951.0,2.2,3.1688,2.5722,21.126,18.19243434452871,18.44660054171181,17.586345720476704,29.0756,0.0
6860,2018-04-17,SZSE:000768,0.1329,18.65,18.2315,19.17,18.25,51635.2306,18.47,3.2857,109.5126,69.9655,167.3261,1.6611,42.852,67.619,67.619,0.0,0.0,0,48833.8138,110.8259,51.4531,33.3871,73.0986,1.5713,1.3678,39.2708,1,39951.0,2.2,3.2014,2.5986,21.126,18.055539142091153,18.73983136729223,17.840475871313675,39.2708,0.0
6861,2018-04-18,SZSE:000768,0.1329,19.31,18.8767,19.31,18.19,53462.5363,18.78,3.402,113.3881,72.4415,173.2476,1.7199,43.3596,72.0233,72.0233,0.0,0.0,0,50661.1196,114.9729,53.3785,34.6364,75.8339,1.6301,1.419,46.5536,1,39951.0,2.2,3.3147,2.6906,21.126,18.358592749870535,18.8767,17.781831848783018,46.5536,0.0
6862,2018-04-19,SZSE:000768,0.1329,19.47,19.0331,20.29,19.19,53905.5195,19.26,3.4302,114.3277,73.0417,174.6831,1.7341,43.3706,72.9827,72.9827,0.0,0.0,0,51104.1028,115.9782,53.8452,34.9392,76.497,1.6443,1.4314,60.8992,1,39951.0,2.2,3.3422,2.7129,21.126,18.8278123266564,19.83469948638932,18.75938310220853,60.8992,0.0
6863,2018-04-20,SZSE:000768,0.1124,19.24,18.8083,20.0,19.11,53268.7312,19.39,3.3896,112.9771,72.1789,172.6195,1.7136,43.1113,69.3036,69.3036,0.0,0.0,0,50467.3144,114.533,53.1743,34.5039,75.5438,1.6238,1.4136,33.2459,1,39951.0,2.2,3.3027,2.6808,21.126,18.954934355509355,19.5512474012474,18.681216891891893,33.2459,0.0
6864,2018-04-23,SZSE:000768,0.1124,17.82,17.4202,19.26,17.42,49337.2552,19.1,3.1395,104.6389,66.8517,159.8794,1.5871,46.5819,51.9061,51.9061,0.0,0.0,0,46535.8384,105.6108,49.0319,31.816,69.6588,1.4973,1.3035,38.8631,1,39951.0,2.2,3.059,2.483,21.126,18.671482603815942,18.827892929292933,17.02917418630752,38.8631,0.0
6865,2018-04-24,SZSE:000768,0.1124,18.55,18.1338,18.63,17.63,51358.3661,17.84,3.2681,108.9254,71.8324,166.4289,1.6522,47.2223,57.7746,57.7746,0.0,0.0,0,48556.9493,110.1976,51.1614,33.1978,72.4036,1.5624,1.3604,25.561,1,39951.0,2.2,3.1871,2.668,21.126,17.439730026954177,18.21200506738544,17.234441725067384,25.561,0.0
6866,2018-04-25,SZSE:000768,0.1124,18.73,18.3097,19.03,18.37,51856.7222,18.42,3.2998,109.9824,72.5294,168.0439,1.6682,46.9171,59.0998,59.0998,0.0,0.0,0,49055.3054,111.3286,51.6865,33.5385,73.1467,1.5784,1.3743,20.818,1,39951.0,2.2,3.218,2.6939,21.126,18.006656380138814,18.6029680192205,17.957778376935398,20.818,0.0
6867,2018-04-26,SZSE:000768,0.1124,18.85,18.427,19.36,18.7,52188.9596,18.7,3.3005,88.9013,68.3962,142.0294,1.5698,46.8412,60.0011,60.0011,0.0,0.0,0,50071.0273,90.6968,47.1931,32.2641,64.8951,1.5083,1.3424,23.5281,1,39951.0,2.2,0.0,2.5403,21.126,18.280366047745353,18.925555437665782,18.280366047745353,23.5281,0.0
6868,2018-04-27,SZSE:000768,0.1192,18.47,18.0556,19.15,18.02,51136.8745,19.04,3.234,87.1091,80.1649,139.1662,1.5382,46.6689,55.8073,55.8073,0.0,0.0,0,49018.9421,88.7911,46.2015,36.4356,59.4935,1.4766,1.3756,22.1662,1,39951.0,2.2,0.0,2.9775,21.2717,18.612811261505144,18.72034325933947,17.61569637249594,22.1662,0.0
6869,2018-04-30,SZSE:000768,0.1192,0.0,18.0556,0.0,0.0,51136.8745,0.0,3.234,87.1091,74.5961,139.1662,1.5382,46.6689,55.8073,55.8073,0.0,0.0,0,49018.9421,88.7911,46.2015,34.5767,59.5716,1.4766,1.3318,0.0,1,39951.0,2.2,0.0,2.7706,20.8883,0.0,0.0,0.0,0.0,0.0
6870,2018-05-01,SZSE:000768,0.1192,0.0,18.0556,0.0,0.0,51136.8745,0.0,3.234,87.1091,74.5961,139.1662,1.5382,46.6689,55.8073,55.8073,0.0,0.0,0,49018.9421,88.7911,46.2015,34.5767,59.5716,1.4766,1.3318,0.0,1,39951.0,2.2,0.0,2.7706,20.8883,0.0,0.0,0.0,0.0,0.0
6871,2018-05-02,SZSE:000768,0.1192,19.0,18.5737,19.28,18.45,52604.2564,18.51,3.3268,89.6087,76.7367,143.1596,1.5823,47.831,60.006,60.006,0.0,0.0,0,50486.324,91.4491,47.5846,35.6117,61.3549,1.5208,1.3716,22.7138,1,39951.0,2.2,0.0,2.8501,20.8883,18.094694052631578,18.847417684210527,18.036040263157894,22.7138,0.0
6872,2018-05-03,SZSE:000768,0.1192,18.58,18.1631,19.1,17.97,51441.4254,19.1,3.2532,87.6279,75.0404,139.9950,1.5473,47.7077,55.5055,55.5055,0.0,0.0,0,49323.4931,89.3428,46.4886,34.7915,59.9417,1.4858,1.34,27.2553,1,39951.0,2.2,0.0,2.7871,20.8883,18.67143218514532,18.67143218514532,17.566787244348763,27.2553,0.0
6873,2018-05-04,SZSE:000768,0.1098,18.3,17.8894,18.66,18.25,50666.2048,18.4,3.2042,86.3073,73.9095,137.8853,1.524,47.4294,52.6694,52.6694,0.0,0.0,0,48548.2725,87.9385,45.7579,34.2447,58.9996,1.4624,1.319,21.3047,1,39951.0,2.2,0.0,2.7451,20.8883,17.987156284153,18.24132262295082,17.840521857923495,21.3047,0.0
6874,2018-05-07,SZSE:000768,0.1098,18.38,17.9676,18.51,18.07,50887.6964,18.32,3.2182,86.6846,74.2326,138.4881,1.5307,39.7894,53.402,53.402,0.0,0.0,0,48769.7641,88.3397,45.9667,34.4009,59.2688,1.4691,1.325,21.1175,1,39951.0,2.2,0.0,2.7571,20.8883,17.90894624591948,18.094683133841134,17.664555603917304,21.1175,0.0
6875,2018-05-08,SZSE:000768,0.1098,18.61,18.1924,19.05,18.43,51524.4848,18.49,3.2585,87.7694,75.1616,140.2211,1.5498,39.6803,55.533,55.533,0.0,0.0,0,49406.5524,89.4932,46.5668,34.8501,60.0426,1.4883,1.3423,25.7414,1,39951.0,2.2,0.0,2.7916,20.8883,18.075092745835573,18.622526598602903,18.016439118753357,25.7414,0.0
6876,2018-05-09,SZSE:000768,0.1098,18.45,18.036,18.57,18.29,51081.5016,18.41,3.2305,87.0148,74.5154,139.0155,1.5365,38.1703,53.6934,53.6934,0.0,0.0,0,48963.5692,88.6908,46.1493,34.5376,59.5043,1.4749,1.3302,12.2401,1,39951.0,2.2,0.0,2.7676,20.8883,17.99689756097561,18.153307317073175,17.87959024390244,12.2401,0.0
6877,2018-05-10,SZSE:000768,0.1098,17.9,17.4984,18.56,17.7,49558.7468,18.51,3.1342,84.4208,72.294,134.8714,1.4907,38.6288,47.8282,47.8282,0.0,0.0,0,47440.8144,85.9325,44.7141,33.4635,57.6537,1.429,1.2889,30.5115,1,39951.0,2.2,0.0,2.6851,20.8883,18.09471418994414,18.14359240223464,17.30288715083799,30.5115,0.0
6878,2018-05-11,SZSE:000768,0.2373,17.73,17.3322,17.97,17.68,49088.0771,17.8,3.1044,83.6191,71.6074,133.5905,1.4766,38.4185,46.1502,46.1502,0.0,0.0,0,46970.1448,85.08,44.2705,33.1315,57.0817,1.4149,1.2761,12.096,1,39951.0,2.2,0.0,2.6596,20.8883,17.400629441624364,17.566815228426396,17.283321827411164,12.096,0.0
6879,2018-05-14,SZSE:000768,0.2373,16.94,16.5599,17.86,16.79,46900.8475,17.78,2.9661,79.8932,69.7119,127.6381,1.4108,40.4455,39.2573,39.2573,0.0,0.0,0,44782.9152,81.1181,42.209,31.5887,55.7269,1.349,1.2117,35.8956,1,39951.0,2.2,0.0,2.5892,20.8883,17.381052066115704,17.459257024793388,16.413265702479336,35.8956,0.0
6880,2018-05-15,SZSE:000768,0.2373,17.29,16.902,17.33,16.99,47869.8733,17.06,3.0274,81.5439,71.1523,130.2752,1.4399,40.2115,43.2979,43.2979,0.0,0.0,0,45751.941,82.8734,43.1223,32.2722,56.9328,1.3782,1.2379,17.3459,1,39951.0,2.2,0.0,2.6427,20.8883,16.677161364950837,16.941102371312898,16.608732215153267,17.3459,0.0
6881,2018-05-16,SZSE:000768,0.2373,17.5,17.1073,17.89,17.34,48451.2887,17.45,3.0641,82.5343,72.0165,131.8575,1.4574,39.8732,45.6347,45.6347,0.0,0.0,0,46333.3564,83.9265,43.6703,32.6823,57.6563,1.3957,1.2536,26.1774,1,39951.0,2.2,0.0,2.6748,20.8883,17.058421999999997,17.4885484,16.9508904,26.1774,0.0
6882,2018-05-17,SZSE:000768,0.2373,17.27,16.8825,17.63,17.15,47814.5004,17.5,3.0239,81.4496,71.07,130.1246,1.4382,39.6992,43.5193,43.5193,0.0,0.0,0,45696.5681,82.7731,43.0701,32.2332,56.8639,1.3765,1.2364,12.8262,1,39951.0,2.2,0.0,2.6397,20.8883,17.107339316734222,17.23442240880139,16.765192530399535,12.8262,0.0
6883,2018-05-18,SZSE:000768,0.2684,17.21,16.8238,17.36,16.88,47648.3817,17.35,3.0133,81.1666,70.8231,129.6725,1.4332,39.3862,42.9599,42.9599,0.0,0.0,0,45530.4493,82.4722,42.9135,32.116,56.6572,1.3715,1.2319,16.0618,1,39951.0,2.2,0.0,2.6305,20.8883,16.960658338175477,16.970433933759438,16.501205345729225,16.0618,0.0
6884,2018-05-21,SZSE:000768,0.2684,17.39,16.9998,17.56,17.13,48146.7378,17.26,3.0449,82.0155,71.5638,131.0287,1.4482,39.0636,45.2344,45.2344,0.0,0.0,0,46028.8055,83.3749,43.3832,32.4675,57.2773,1.3865,1.2454,15.5245,1,39951.0,2.2,0.0,2.658,20.8883,16.872716963772284,17.165985508913167,16.745633927544564,15.5245,0.0
6885,2018-05-22,SZSE:000768,0.2684,17.0,16.6186,17.4,16.96,47066.9662,17.35,2.9766,80.1762,69.9589,128.0902,1.4158,39.4241,41.3838,41.3838,0.0,0.0,0,44949.0339,81.419,42.3655,31.7059,55.9337,1.354,1.2162,18.7779,1,39951.0,2.2,0.0,2.5984,20.8883,16.960747647058827,17.00962588235294,16.579497411764706,18.7779,0.0
6886,2018-05-23,SZSE:000768,0.2684,17.12,16.7359,17.43,17.01,47399.2036,17.04,2.9976,80.7422,70.4527,128.9943,1.4257,39.4162,42.9919,42.9919,0.0,0.0,0,45281.2713,82.0208,42.6787,31.9402,56.3471,1.364,1.2252,15.9795,1,39951.0,2.2,0.0,2.6167,20.8883,16.657694859813084,17.0389449182243,16.62836793224299,15.9795,0.0
6887,2018-05-24,SZSE:000768,0.2684,16.7,16.3253,17.19,16.63,46236.3727,17.12,2.9241,78.7613,68.7243,125.8298,1.3908,39.5206,38.963,38.963,0.0,0.0,0,44118.4404,79.9145,41.5827,31.12,54.9001,1.329,1.1937,21.3345,1,39951.0,2.2,0.0,2.5525,20.8883,16.73587640718563,16.804305808383237,16.256870598802394,21.3345,0.0
6888,2018-05-25,SZSE:000768,0.3112,16.81,16.4328,17.1,16.51,46540.9236,16.75,2.9433,79.2801,69.177,126.6586,1.3999,39.1949,40.5348,40.5348,0.0,0.0,0,44422.9913,80.4662,41.8697,31.3348,55.2791,1.3381,1.2019,18.7587,1,39951.0,2.2,0.0,2.5693,20.8883,16.374146341463415,16.71629268292683,16.139531707317076,18.7587,0.0
6889,2018-05-28,SZSE:000768,0.3112,16.22,15.8561,16.74,16.05,44907.4231,16.72,2.84,76.4975,66.749,122.2131,1.3508,38.76,35.2862,35.2862,0.0,0.0,0,42789.4907,77.5073,40.3301,30.1826,53.2464,1.2889,1.1577,21.7888,1,39951.0,2.2,0.0,2.4792,20.8883,16.344882367447596,16.364433662145498,15.689913995067819,21.7888,0.0
6890,2018-05-29,SZSE:000768,0.3112,16.2,15.8365,16.48,16.15,44852.0502,16.18,2.8365,76.4032,58.6319,122.0624,1.3491,38.4343,35.1202,35.1202,0.0,0.0,0,42734.1178,77.407,40.2779,30.1435,53.1775,1.2873,1.1562,13.7932,1,39951.0,2.2,0.0,2.1777,20.8883,15.816948765432098,16.110217283950615,15.787621913580246,13.7932,0.0
6891,2018-05-30,SZSE:000768,0.3112,16.2,15.8365,16.41,15.8,44852.0502,16.13,2.8365,76.4032,58.6319,122.0624,1.3491,38.1149,35.1202,35.1202,0.0,0.0,0,42734.1178,77.407,40.2779,30.1435,53.1775,1.2873,1.1562,15.0221,1,39951.0,2.2,0.0,2.1777,20.8883,15.768070679012345,16.041787962962964,15.445475308641976,15.0221,0.0
6892,2018-05-31,SZSE:000768,0.3112,15.86,15.5041,16.15,15.61,43910.7108,16.15,2.777,74.7997,57.4014,119.5006,1.3208,38.0754,32.139,32.139,0.0,0.0,0,41792.7785,75.7019,39.3907,29.4795,52.0061,1.2589,1.1308,23.3871,1,39951.0,2.2,0.0,2.132,20.8883,15.787592370744008,15.787592370744008,15.25971002522068,23.3871,0.0
6893,2018-06-01,SZSE:000768,0.3446,15.3,14.9567,15.95,15.22,42360.2696,15.72,2.6789,72.1586,55.3746,115.2812,1.2742,38.6177,27.9333,27.9333,0.0,0.0,0,40242.3373,72.8935,37.9294,28.3859,50.0767,1.2122,1.0888,28.4388,1,39951.0,2.2,0.0,2.0567,20.8883,15.36727607843137,15.592115359477122,14.878495032679739,28.4388,0.0
6894,2018-06-04,SZSE:000768,0.3446,15.31,14.9665,15.58,15.27,42387.956,15.41,2.6807,72.2057,55.4108,115.3565,1.275,38.5735,28.1142,28.1142,0.0,0.0,0,40270.0237,72.9436,37.9555,28.4054,50.1112,1.213,1.0896,13.5634,1,39951.0,2.2,0.0,2.058,20.8883,15.064256368386676,15.230442194644022,14.927397452645328,13.5634,0.0
6895,2018-06-05,SZSE:000768,0.3446,15.91,15.553,15.92,15.36,44049.1431,15.43,2.7857,75.0355,57.5823,119.8773,1.325,39.3292,38.1468,38.1468,0.0,0.0,0,41931.2108,75.9526,39.5212,29.5772,52.1783,1.2631,1.1345,19.4402,1,39951.0,2.2,0.0,2.1387,20.8883,15.083770584538026,15.562775612822124,15.015341294783155,19.4402,0.0
6896,2018-06-06,SZSE:000768,0.3446,16.13,15.7681,16.23,15.85,44658.245,15.92,2.8242,76.0731,58.3786,121.5350,1.3433,39.032,41.3774,41.3774,0.0,0.0,0,42540.3127,77.056,40.0953,30.0068,52.9363,1.2814,1.151,18.7814,1,39951.0,2.2,0.0,2.1683,20.8883,15.562811655300683,15.865856354618723,15.494382207067577,18.7814,0.0
6897,2018-06-07,SZSE:000768,0.3446,15.94,15.5823,16.17,15.83,44132.2024,16.13,2.791,75.177,57.6909,120.1034,1.3275,38.9909,39.4605,39.4605,0.0,0.0,0,42014.2701,76.1031,39.5994,29.6358,52.2817,1.2656,1.1368,12.0355,1,39951.0,2.2,0.0,2.1427,20.8883,15.768036323713925,15.807138707653701,15.47476844416562,12.0355,0.0
6898,2018-06-08,SZSE:000768,0.3458,15.61,15.2597,15.91,15.44,43218.5496,15.91,2.7332,73.6206,56.4966,117.6169,1.3,39.2233,36.3138,36.3138,0.0,0.0,0,41100.6172,74.4481,38.7383,28.9913,51.1448,1.2381,1.112,17.6281,1,39951.0,2.2,0.0,2.0984,20.8883,15.552967777065986,15.552967777065986,15.093514926329277,17.6281,0.0
6899,2018-06-11,SZSE:000768,0.3458,15.76,15.4064,15.8,15.39,43633.8463,15.5,2.7595,74.3281,57.0395,118.7471,1.3125,39.1838,38.7064,38.7064,0.0,0.0,0,41515.914,75.2004,39.1297,29.2842,51.6615,1.2506,1.1233,9.9415,1,39951.0,2.2,0.0,2.1185,20.8883,15.15223350253807,15.445502538071066,15.04470152284264,9.9415,0.0
6900,2018-06-12,SZSE:000768,0.3458,15.81,15.4553,16.0,15.45,43772.2786,15.62,2.7682,74.5639,57.2204,119.1239,1.3167,39.1869,39.522,39.522,0.0,0.0,0,41654.3462,75.4511,39.2602,29.3819,51.8338,1.2547,1.127,11.7569,1,39951.0,2.2,0.0,2.1253,20.8883,15.269562681846931,15.641037318153066,15.103376660341555,11.7569,0.0
6901,2018-06-13,SZSE:000768,0.3458,15.33,14.986,15.82,15.31,42443.3289,15.81,2.6842,72.3001,55.4832,115.5072,1.2767,39.6771,34.7424,34.7424,0.0,0.0,0,40325.3966,73.0439,38.0076,29.4165,51.0344,1.2147,1.0905,10.4738,1,39951.0,2.2,0.0,2.0607,20.4043,15.455228962818005,15.465004566210046,14.966448793215918,10.4738,0.0
6902,2018-06-14,SZSE:000768,0.3458,15.11,14.771,15.4,15.06,41834.227,15.32,2.6457,71.2625,54.6869,113.8496,1.2584,38.5972,32.7854,32.7854,0.0,0.0,0,39716.2947,71.9406,37.4335,28.9721,50.2636,1.1964,1.074,11.1293,1,39951.0,2.2,0.0,2.0312,20.4043,14.976288550628723,15.054493712773,14.72212177365983,11.1293,0.0
6903,2018-06-15,SZSE:000768,0.4141,14.61,14.2822,15.19,14.54,40449.9045,15.08,2.5581,68.9044,52.8773,110.0822,1.2167,39.1474,28.813,28.813,0.0,0.0,0,38331.9722,69.4331,36.1288,27.9623,48.5116,1.1547,1.0366,18.2975,1,39951.0,2.2,0.0,1.964,20.4043,14.741654757015743,14.849186721423681,14.213770568104037,18.2975,0.0
6904,2018-06-18,SZSE:000768,0.4141,0.0,14.2822,0.0,0.0,40449.9045,0.0,2.5581,68.9044,52.8773,110.0822,1.2167,39.1474,28.813,28.813,0.0,0.0,0,38331.9722,69.4331,36.1288,27.9623,48.5116,1.1547,1.0366,0.0,1,39951.0,2.2,0.0,1.964,20.4043,0.0,0.0,0.0,0.0,0.0
6905,2018-06-19,SZSE:000768,0.4141,13.95,13.7168,15.05,13.55,38622.5987,14.53,2.4425,65.7917,50.4886,105.1093,1.1618,40.406,24.5794,25.0344,0.0,0.0,0,36504.6664,66.1232,34.4065,26.6293,46.199,1.0996,0.9872,22.2586,1,39951.0,2.2,0.0,1.8752,20.4043,14.287104229390682,14.79841146953405,13.323486738351255,22.2586,0.085
6906,2018-06-20,SZSE:000768,0.4141,14.47,14.2281,14.58,13.73,40062.2942,13.89,2.5336,68.2441,52.3706,109.0273,1.2051,41.1001,32.9398,33.5247,0.0,0.0,0,37944.3619,68.731,35.7635,27.6795,48.0211,1.143,1.0261,19.9205,1,39951.0,2.2,0.0,1.9451,20.4043,13.65779606081548,14.336261091914304,13.500470836212854,19.9205,0.0
6907,2018-06-21,SZSE:000768,0.4141,14.07,13.8348,14.65,14.0,38954.8362,14.44,2.4636,66.3576,50.9229,106.0135,1.1717,41.0511,30.1694,30.6491,0.0,0.0,0,36836.9038,66.725,34.7197,26.8717,46.6195,1.1096,0.9962,17.9568,1,39951.0,2.2,0.0,1.8914,20.4043,14.198614925373134,14.405104477611939,13.76597014925373,17.9568,0.0
6908,2018-06-22,SZSE:000768,0.4066,14.5,14.2576,14.57,13.83,40145.3535,13.92,2.5388,68.3856,52.4792,109.2534,1.2076,41.4369,36.3654,36.9136,0.0,0.0,0,38027.4212,68.8815,35.8417,27.7401,48.1262,1.1455,1.0284,17.0334,1,39951.0,2.2,0.0,1.9492,20.4043,13.687296,14.326429793103447,13.598800551724137,17.0334,0.0
6909,2018-06-25,SZSE:000768,0.4066,14.49,14.2478,14.76,14.48,40117.6671,14.7,2.5371,68.3384,52.443,109.1780,1.2067,41.0448,36.2847,36.8303,0.0,0.0,0,37999.7348,68.8313,35.8156,27.7199,48.0912,1.1447,1.0276,12.4484,1,39951.0,2.2,0.0,1.9478,20.4043,14.454289855072462,14.513286956521737,14.237967149758454,12.4484,0.0
6910,2018-06-26,SZSE:000768,0.4066,15.1,14.8476,15.3,14.11,41806.5406,14.19,2.6439,71.2153,54.6507,113.7742,1.2575,40.406,44.3854,44.9875,0.0,0.0,0,39688.6082,71.8905,37.4075,28.9519,50.2285,1.1955,1.0733,23.7067,1,39951.0,2.2,0.0,2.0298,20.4043,13.952810860927153,15.044256953642385,13.8741480794702,23.7067,0.0
6911,2018-06-27,SZSE:000768,0.4066,15.17,14.9164,15.44,14.93,42000.3457,15.16,2.6562,71.5455,54.9041,114.3016,1.2634,40.4107,45.2457,45.8516,0.0,0.0,0,39882.4134,72.2415,37.5901,29.0933,50.4738,1.2014,1.0785,19.2462,1,39951.0,2.2,0.0,2.0392,20.4043,14.906567172050098,15.181886354647327,14.680412129202372,19.2462,0.0
6912,2018-06-28,SZSE:000768,0.4066,14.98,14.7296,15.44,14.95,41474.3032,15.1,2.6229,70.6494,54.2164,112.8701,1.2475,40.2036,43.2883,43.8388,0.0,0.0,0,39356.3708,71.2887,37.0943,28.7096,49.8081,1.1855,1.0643,14.6637,1,39951.0,2.2,0.0,2.0137,20.4043,14.847594125500665,15.181910814419224,14.700101468624831,14.6637,0.0
6913,2018-06-29,SZSE:000768,0.3402,15.64,15.3785,15.64,14.92,43301.6089,15.0,2.7385,73.7621,56.6051,117.843,1.3025,41.1333,51.1878,51.7607,0.0,0.0,0,41183.6766,74.5986,38.8166,30.0426,52.1206,1.2406,1.1137,20.8332,1,39951.0,2.2,0.0,2.1024,20.4043,14.749200767263428,15.3785,14.670538363171357,20.8332,0.0
6914,2018-07-02,SZSE:000768,0.3402,15.5,15.2409,15.85,15.31,42913.9986,15.58,2.7139,73.1018,56.0984,116.7881,1.2908,38.9782,49.6093,50.1449,0.0,0.0,0,40796.0663,73.8965,38.4513,29.7598,51.6301,1.2289,1.1032,16.707,1,39951.0,2.2,0.0,2.0836,20.4043,15.319562709677419,15.585049354838707,15.05407606451613,16.707,0.0
6915,2018-07-03,SZSE:000768,0.3402,16.03,15.762,16.06,15.33,44381.3805,15.54,2.8067,75.6014,58.0167,120.7815,1.335,39.4067,55.2371,55.7736,0.0,0.0,0,42263.4482,76.5544,39.8343,30.8302,53.4872,1.2731,1.1429,30.2564,1,39951.0,2.2,0.0,2.1548,20.4043,15.280192139737991,15.791498440424201,15.073703056768558,30.2564,0.0
6916,2018-07-04,SZSE:000768,0.3402,15.89,15.6244,16.19,15.75,43993.7702,15.97,2.7822,74.9412,57.51,119.7266,1.3233,39.4257,53.5362,54.038,0.0,0.0,0,41875.8379,75.8523,39.469,30.5475,52.9966,1.2614,1.1324,23.4025,1,39951.0,2.2,0.0,2.136,20.4043,15.703062806796726,15.919385525487726,15.486740088105725,23.4025,0.0
6917,2018-07-05,SZSE:000768,0.3402,15.67,15.408,15.99,15.63,43384.6683,15.81,2.7437,73.9036,56.7137,118.069,1.305,39.1648,50.8846,51.3347,0.0,0.0,0,41266.7359,74.749,38.8949,30.1031,52.2258,1.2431,1.116,12.7593,1,39951.0,2.2,0.0,2.1064,20.4043,15.545659221442248,15.722649649010851,15.368668793873644,12.7593,0.0
6918,2018-07-06,SZSE:000768,0.3439,15.81,15.5457,16.18,15.5,43772.2786,15.55,2.7682,74.5639,57.2204,119.1239,1.3167,38.9118,52.497,52.9478,0.0,0.0,0,41654.3462,75.4511,39.2602,30.3859,52.7163,1.2547,1.1265,22.4253,1,39951.0,2.2,0.0,2.1253,20.4043,15.290046489563567,15.909514611005694,15.240882352941176,22.4253,0.0
6919,2018-07-09,SZSE:000768,0.3439,16.35,16.0767,16.4,15.73,45267.3469,15.73,2.8628,77.1106,59.1748,123.1926,1.3616,39.3071,58.1974,58.6423,0.0,0.0,0,43149.4146,78.1593,40.6693,31.4765,54.6084,1.2998,1.1669,20.3447,1,39951.0,2.2,0.0,2.1979,20.0243,15.467063669724768,16.125864220183484,15.467063669724768,20.3447,0.0
6920,2018-07-10,SZSE:000768,0.3439,16.4,16.1258,16.45,16.16,45405.7792,16.3,2.8715,77.3465,59.3558,123.5694,1.3658,38.8723,58.6917,59.1354,0.0,0.0,0,43287.8468,78.41,40.7998,31.5775,54.7836,1.3039,1.1706,14.2592,1,39951.0,2.2,0.0,2.2046,20.0243,16.027471951219514,16.17496402439025,15.889812682926832,14.2592,0.0
6921,2018-07-11,SZSE:000768,0.3439,15.75,15.4867,16.21,15.46,43606.1599,16.2,2.7577,74.2809,57.0033,118.6718,1.3117,39.6312,50.3557,50.6758,0.0,0.0,0,41488.2275,75.1502,39.1036,30.2647,54.9681,1.2497,1.122,24.6838,1,39951.0,2.2,0.0,2.1172,20.0243,15.929177142857142,15.93900996825397,15.201548063492066,24.6838,0.0
6922,2018-07-12,SZSE:000768,0.3439,16.05,15.7817,16.15,15.65,44436.7534,15.73,2.8102,75.6958,58.089,120.9322,1.3366,39.6644,53.6292,53.9501,0.0,0.0,0,42318.8211,76.6547,39.8865,30.8706,56.0685,1.2748,1.1444,17.1101,1,39951.0,2.2,0.0,2.1575,20.0243,15.467049283489098,15.880028348909654,15.388386604361372,17.1101,0.0
6923,2018-07-13,SZSE:000768,0.4227,15.95,15.6834,16.32,15.65,44159.8889,16.18,2.7927,75.2241,57.7271,120.1787,1.3283,39.1838,52.3892,52.6944,0.0,0.0,0,42041.9566,76.1532,39.6255,30.8183,56.4275,1.2664,1.1322,21.2253,1,39951.0,2.2,0.0,2.1441,20.8338,15.909555611285267,16.047215548589342,15.388414420062697,21.2253,0.0
6924,2018-07-16,SZSE:000768,0.4227,16.15,15.88,16.25,15.76,44713.6179,15.9,2.8278,76.1674,58.451,121.6857,1.345,39.2929,54.6479,54.9527,0.0,0.0,0,42595.6856,77.1563,40.1474,31.2242,57.1707,1.2831,1.1471,17.4355,1,39951.0,2.2,0.0,2.171,20.8338,15.634179566563471,15.978328173374615,15.496520123839012,17.4355,0.0
6925,2018-07-17,SZSE:000768,0.4227,16.08,15.8112,16.21,15.79,44519.8127,16.1,2.8155,75.8373,81.9154,121.1582,1.3391,39.2138,53.6879,53.9814,0.0,0.0,0,42401.8804,76.8052,39.9648,31.0822,56.9106,1.2773,1.1419,12.0383,1,39951.0,2.2,0.0,3.0425,20.8338,15.830865671641794,15.939026865671643,15.526047761194029,12.0383,0.0
6926,2018-07-18,SZSE:000768,0.4227,15.69,15.4277,16.19,15.69,43440.0412,16.04,2.7472,73.9979,79.9287,118.2197,1.3067,38.7158,48.5684,48.8054,0.0,0.0,0,41322.1088,74.8493,38.9471,30.2907,55.4614,1.2447,1.1128,14.071,1,39951.0,2.2,0.0,2.9687,20.8338,15.771848820905035,15.91934117272148,15.4277,14.071,0.0
6927,2018-07-19,SZSE:000768,0.4227,15.07,14.8181,15.83,14.98,41723.4812,15.72,2.6387,71.0738,76.7703,113.5482,1.255,39.3419,41.7523,41.9233,0.0,0.0,0,39605.5489,71.74,37.3292,29.0324,53.1574,1.193,1.0666,22.9637,1,39951.0,2.2,0.0,2.8514,20.8338,15.457235036496352,15.565396350364963,14.729604379562042,22.9637,0.0
6928,2018-07-20,SZSE:000768,0.4412,15.63,15.3687,15.65,15.07,43273.9225,15.07,2.7367,73.7149,79.623,117.7676,1.3017,40.1435,48.7486,48.9284,0.0,0.0,0,41155.9901,74.5484,38.7905,30.0928,55.6232,1.2397,1.101,21.8157,1,39951.0,2.2,0.0,2.6541,20.7929,14.818061996161228,15.388365642994243,14.818061996161228,21.8157,0.0
6929,2018-07-23,SZSE:000768,0.4412,16.78,16.4995,16.86,15.65,46457.8643,15.65,2.9381,79.1386,85.4814,126.4325,1.3974,40.0408,59.5054,59.683,0.0,0.0,0,44339.932,80.3157,41.7914,32.4209,59.9263,1.3356,1.1862,41.713,1,39951.0,2.2,0.0,2.8494,20.7929,15.38838945172825,16.578162693682955,15.38838945172825,41.713,0.0
6930,2018-07-24,SZSE:000768,0.4412,16.83,16.5486,17.08,16.61,46596.2966,16.96,2.9468,79.3744,85.7361,126.8093,1.4016,39.1632,59.8995,60.0766,0.0,0.0,0,44478.3642,80.5665,41.9219,32.5221,60.1134,1.3398,1.1899,26.4896,1,39951.0,2.2,0.0,2.8579,20.7929,16.676426381461678,16.794419964349377,16.33227843137255,26.4896,0.0
6931,2018-07-25,SZSE:000768,0.4412,17.08,16.7945,17.37,16.91,47288.4578,16.91,2.9906,80.5535,87.0097,128.693,1.4224,39.236,61.8962,62.0707,0.0,0.0,0,45170.5255,81.8202,42.5743,33.0282,61.0489,1.3607,1.2084,23.4289,1,39951.0,2.2,0.0,2.9003,20.7929,16.627341627634664,17.079652517564405,16.627341627634664,23.4289,0.0
6932,2018-07-26,SZSE:000768,0.4412,16.76,16.4798,17.45,16.7,46402.4914,17.31,2.9346,79.0443,85.3795,126.2818,1.3958,39.3561,57.9207,58.0724,0.0,0.0,0,44284.5591,80.2154,41.7392,32.3804,59.8515,1.334,1.1847,19.7069,1,39951.0,2.2,0.0,2.846,20.7929,17.02060489260143,17.158264319809067,16.420803102625296,19.7069,0.0
6933,2018-07-27,SZSE:000768,0.5031,16.9,16.6175,17.13,16.61,46790.1017,16.77,2.9591,79.7046,86.0927,127.3367,1.4074,39.2265,59.1567,59.3074,0.0,0.0,0,44672.1694,80.9175,42.1046,32.6638,60.3753,1.3456,1.1951,15.2028,1,39951.0,2.2,0.0,2.8698,20.7929,16.489673076923076,16.843655325443788,16.332347633136095,15.2028,0.0
6934,2018-07-30,SZSE:000768,0.5031,16.57,16.293,17.01,16.39,45876.4488,16.99,2.9013,78.1482,84.4116,124.8503,1.3799,39.0778,55.052,55.1814,0.0,0.0,0,43758.5165,79.2626,41.2434,31.9958,59.1405,1.3181,1.1706,18.14,1,39951.0,2.2,0.0,2.8137,20.7929,16.705978877489436,16.72564453832227,16.116009052504527,18.14,0.0
6935,2018-07-31,SZSE:000768,0.5031,16.7,16.4208,17.07,16.39,46236.3727,16.54,2.9241,78.7613,85.0739,125.8298,1.3908,38.8122,56.3373,56.4662,0.0,0.0,0,44118.4404,79.9145,41.5827,32.259,59.627,1.329,1.1803,17.1289,1,39951.0,2.2,0.0,2.8358,20.7929,16.263474970059878,16.78461413173653,16.115982754491018,17.1289,0.0
6936,2018-08-01,SZSE:000768,0.5031,15.93,15.6637,16.84,15.9,44104.516,16.8,2.7892,75.1298,81.1513,120.028,1.3266,39.5348,47.6465,47.7367,0.0,0.0,0,41986.5837,76.0529,39.5733,30.7002,56.7457,1.2647,1.1232,20.475,1,39951.0,2.2,0.0,2.705,20.7929,16.519156308851226,16.55848763339611,15.634201506591339,20.475,0.0
6937,2018-08-02,SZSE:000768,0.5031,15.12,14.8672,16.07,15.05,41861.9135,15.9,2.6474,71.3097,77.025,113.9249,1.2592,40.2479,40.5585,40.6223,0.0,0.0,0,39743.9811,71.9908,37.4596,29.0604,53.7148,1.1972,1.0632,29.4283,1,39951.0,2.2,0.0,2.5675,20.7929,15.634158730158731,15.801316402116404,14.798370370370373,29.4283,0.0
6938,2018-08-03,SZSE:000768,0.5734,15.07,14.8181,15.37,15.01,41723.4812,15.13,2.6387,71.0738,76.7703,113.5482,1.255,40.0724,40.1614,40.2237,0.0,0.0,0,39605.5489,71.74,37.3292,28.9592,53.5277,1.193,1.0595,13.4757,1,39951.0,2.2,0.0,2.559,20.7929,14.877097080291971,15.113085401459852,14.759102919708027,13.4757,0.0
6939,2018-08-06,SZSE:000768,0.5734,14.48,14.2379,15.14,14.23,40089.9806,15.07,2.5353,68.2913,73.7647,109.1027,1.2059,40.6511,35.7168,35.7651,0.0,0.0,0,37972.0483,68.7812,35.7896,27.7648,51.32,1.1438,1.0158,22.5377,1,39951.0,2.2,0.0,2.4588,20.7929,14.818035428176795,14.886865055248618,13.992079903314917,22.5377,0.0
6940,2018-08-07,SZSE:000768,0.5734,14.83,14.5821,14.85,14.26,41059.0064,14.55,2.5966,69.9419,75.5476,111.7398,1.235,40.98,39.9616,40.013,0.0,0.0,0,38941.0741,70.5364,36.7029,28.4733,52.6296,1.173,1.0418,18.575,1,39951.0,2.2,0.0,2.5183,20.7929,14.306780512474715,14.601765677680376,14.021628186109238,18.575,0.0
6941,2018-08-08,SZSE:000768,0.5734,14.24,14.0019,14.76,14.15,39425.5058,14.76,2.4933,67.1594,72.542,107.2944,1.1859,41.5002,35.684,35.7242,0.0,0.0,0,37307.5735,67.5776,35.1633,27.2789,50.4219,1.1238,0.9981,16.6654,1,39951.0,2.2,0.0,2.4181,20.7929,14.51320533707865,14.51320533707865,13.913404845505617,16.6654,0.0
6942,2018-08-09,SZSE:000768,0.5734,14.79,14.5428,14.99,14.06,40948.2606,14.13,2.5896,69.7533,75.3439,111.4385,1.2317,42.2986,41.9248,41.9687,0.0,0.0,0,38830.3283,70.3358,36.5985,28.3923,52.48,1.1697,1.0388,19.6487,1,39951.0,2.2,0.0,2.5115,20.7929,13.893831237322518,14.739457200811362,13.82500121703854,19.6487,0.0
6943,2018-08-10,SZSE:000768,0.571,14.93,14.6804,15.0,14.69,41335.8709,14.72,2.6141,70.4136,76.0571,112.4933,1.2434,42.0283,43.4295,43.4741,0.0,0.0,0,39217.9386,71.0379,36.9638,28.6758,53.0038,1.1813,1.0492,14.283,1,39951.0,2.2,0.0,2.5352,20.7929,14.473910783657068,14.749229738780977,14.444412324179504,14.283,0.0
6944,2018-08-13,SZSE:000768,0.571,15.02,14.7689,15.23,14.53,41585.049,14.77,2.6299,70.838,76.5155,113.1714,1.2509,42.0425,44.4264,44.4713,0.0,0.0,0,39467.1166,71.4893,37.1987,29.0354,53.4858,1.1889,1.0603,19.5676,1,39951.0,2.2,0.0,2.5505,20.8988,14.523079427430092,14.975389280958723,14.287091677762982,19.5676,0.0
6945,2018-08-14,SZSE:000768,0.571,14.79,14.5428,14.93,14.71,40948.2606,14.9,2.5896,69.7533,75.3439,111.4385,1.2317,41.244,42.3715,42.412,0.0,0.0,0,38830.3283,70.3358,36.5985,28.5669,52.6228,1.1697,1.0431,10.1875,1,39951.0,2.2,0.0,2.5115,20.8988,14.65096146044625,14.68046004056795,14.464137119675458,10.1875,0.0
6946,2018-08-15,SZSE:000768,0.571,14.65,14.4051,15.07,14.58,40560.6503,14.79,2.5651,69.093,74.6307,110.3836,1.22,41.0226,41.1246,41.1626,0.0,0.0,0,38442.718,69.6337,36.2332,28.2817,52.0975,1.158,1.0327,14.2023,1,39951.0,2.2,0.0,2.4877,20.8988,14.542759658703071,14.818078976109213,14.336270170648463,14.2023,0.0
6947,2018-08-16,SZSE:000768,0.571,14.53,14.2871,14.83,14.33,40228.4129,14.4,2.5441,68.5271,74.0194,109.4794,1.2101,40.9341,40.037,40.0729,0.0,0.0,0,38110.4806,69.0319,35.92,28.0373,51.6473,1.148,1.0238,11.3326,1,39951.0,2.2,0.0,2.4673,20.8988,14.159273227804544,14.582084858912598,14.090443427391605,11.3326,0.0
6948,2018-08-17,SZSE:000768,0.5915,14.25,14.0118,14.8,14.12,39453.1923,14.65,2.4951,67.2065,72.593,107.3697,1.1867,41.0132,37.5422,37.5733,0.0,0.0,0,37335.2599,67.6277,35.1894,27.467,50.5967,1.1246,1.003,11.7018,1,39951.0,2.2,0.0,2.4198,20.8988,14.405113684210527,14.552606315789474,13.883973052631578,11.7018,0.0
6949,2018-08-20,SZSE:000768,0.5915,14.53,14.2871,14.58,14.13,40228.4129,14.21,2.5441,68.5271,74.0194,109.4794,1.2101,41.2487,41.4699,41.5027,0.0,0.0,0,38110.4806,69.0319,35.92,28.0373,51.6473,1.148,1.0238,9.5052,1,39951.0,2.2,0.0,2.4673,20.8988,13.972449483826567,14.3362641431521,13.893786854783208,9.5052,0.0
6950,2018-08-21,SZSE:000768,0.5915,14.7,14.4543,14.92,14.43,40699.0825,14.56,2.5739,69.3288,74.8854,110.7603,1.2242,41.2646,43.7815,43.8151,0.0,0.0,0,38581.1502,69.8845,36.3636,28.3836,52.2851,1.1622,1.0365,15.0192,1,39951.0,2.2,0.0,2.4962,20.8988,14.31664,14.670622857142858,14.188812857142857,15.0192,0.0
6951,2018-08-22,SZSE:000768,0.5915,14.66,14.4149,14.85,14.55,40588.3367,14.66,2.5669,69.1402,74.6816,110.4589,1.2209,41.0701,43.3477,43.3806,0.0,0.0,0,38470.4044,69.6839,36.2593,28.3021,52.135,1.1588,1.0335,9.6654,1,39951.0,2.2,0.0,2.4894,20.8988,14.4149,14.601723396998635,14.306739085948157,9.6654,0.0
6952,2018-08-23,SZSE:000768,0.5915,14.76,14.5133,14.9,14.53,40865.2013,14.66,2.5844,69.6118,75.191,111.2124,1.2292,41.0669,44.8197,44.853,0.0,0.0,0,38747.2689,70.1854,36.5202,28.5058,52.5103,1.1672,1.0409,12.7598,1,39951.0,2.2,0.0,2.5064,20.8988,14.414971409214091,14.650960027100272,14.287144241192411,12.7598,0.0
6953,2018-08-24,SZSE:000768,0.6173,14.56,14.3166,14.83,14.53,40311.4722,14.71,2.5494,68.6686,74.1722,109.7055,1.2126,40.8851,42.4444,42.4739,0.0,0.0,0,38193.5399,69.1824,35.9983,28.0984,51.7598,1.1505,1.026,8.1159,1,39951.0,2.2,0.0,2.4724,20.8988,14.464092445054943,14.5820864010989,14.28710151098901,8.1159,0.0
6954,2018-08-27,SZSE:000768,0.6173,15.2,14.9459,15.28,14.65,42083.4051,14.7,2.6919,77.5902,55.4542,114.5277,1.2521,41.8021,51.3329,51.364,0.0,0.0,0,41347.6251,81.7376,40.5727,29.8786,56.7516,1.2305,1.0543,23.8814,1,39951.0,2.2,0.0,1.8485,20.9238,14.454258552631579,15.024562631578947,14.405094407894738,23.8814,0.0
6955,2018-08-28,SZSE:000768,0.6173,15.53,15.2704,15.74,15.09,42997.058,15.24,2.7503,79.2747,56.6582,117.0141,1.2793,41.4796,55.1767,55.2078,0.0,0.0,0,42261.278,83.5437,41.4692,30.5388,58.0056,1.2577,1.0748,23.7876,1,39951.0,2.2,0.0,1.8886,20.9238,14.985247649710239,15.476889632968449,14.837755054732776,23.7876,0.0
6956,2018-08-29,SZSE:000768,0.6173,15.59,15.3294,15.72,15.42,43163.1767,15.44,2.7609,79.581,56.8771,117.4662,1.2842,41.4891,55.8593,55.8904,0.0,0.0,0,42427.3967,83.8721,41.6322,30.6588,58.2336,1.2627,1.078,10.6044,1,39951.0,2.2,0.0,1.8959,20.9238,15.181907376523412,15.457226940346377,15.1622416933932,10.6044,0.0
6957,2018-08-30,SZSE:000768,0.6173,15.38,15.1229,15.75,15.28,42581.7612,15.6,2.7237,78.509,56.1109,115.8839,1.2669,41.5666,52.8269,52.8545,0.0,0.0,0,41845.9812,82.7228,41.0617,30.2387,57.4356,1.2454,1.0633,12.4801,1,39951.0,2.2,0.0,1.8704,20.9238,15.339222366710011,15.486714889466837,15.024571651495446,12.4801,0.0
6958,2018-08-31,SZSE:000768,0.6331,15.3,15.0442,15.49,15.11,42360.2696,15.35,2.7096,78.1007,55.819,115.2812,1.2604,41.3768,51.676,51.7023,0.0,0.0,0,41624.4896,82.2849,40.8444,30.0787,57.1316,1.2388,1.0576,11.5541,1,39951.0,2.2,0.0,1.8606,20.9238,15.093364052287582,15.231023398692809,14.85737660130719,11.5541,0.0
6959,2018-09-03,SZSE:000768,0.6331,15.85,15.585,15.92,15.1,43883.0244,15.3,2.807,80.9082,57.8256,119.4253,1.3057,41.3563,58.3881,58.4141,0.0,0.0,0,43147.2444,85.2951,42.3386,31.179,59.0483,1.2841,1.0845,20.8615,1,39951.0,2.2,0.0,1.9275,20.9238,15.044195583596217,15.653829652996848,14.847539432176657,20.8615,0.0
6960,2018-09-04,SZSE:000768,0.6331,16.65,16.3717,16.93,15.72,46097.9404,15.85,2.9486,84.9919,60.7443,125.453,1.3716,42.4457,65.824,65.8483,0.0,0.0,0,45362.1605,89.6737,44.512,32.7796,62.0795,1.35,1.1402,38.8503,1,39951.0,2.2,0.0,2.0248,20.9238,15.585071771771773,16.64701987987988,15.457244684684687,38.8503,0.0
6961,2018-09-05,SZSE:000768,0.6331,16.59,16.3127,16.98,16.45,45931.8217,16.55,2.938,84.6856,60.5254,125.0009,1.3666,41.8037,64.8875,64.9111,0.0,0.0,0,45196.0418,89.3453,44.349,32.6595,61.8521,1.3451,1.136,23.6365,1,39951.0,2.2,0.0,2.0175,20.9238,16.273368595539484,16.696181193490055,16.175040084388186,23.6365,0.0
6962,2018-09-06,SZSE:000768,0.6331,16.65,16.3717,17.06,16.51,46097.9404,16.56,2.9486,84.9919,60.7443,125.453,1.3716,41.7263,65.4173,65.4408,0.0,0.0,0,45362.1605,89.6737,44.512,32.7796,62.0795,1.35,1.1402,20.2015,1,39951.0,2.2,0.0,2.0248,20.9238,16.283204324324327,16.77484696696697,16.234040060060064,20.2015,0.0
6963,2018-09-07,SZSE:000768,0.5237,16.35,16.0767,16.89,16.0,45267.3469,16.71,2.8955,83.4605,59.6498,123.1926,1.3469,41.818,60.5011,60.521,0.0,0.0,0,44531.5669,88.0317,43.697,32.1794,60.9428,1.3253,1.1193,27.1729,1,39951.0,2.2,0.0,1.9883,20.9238,16.4306823853211,16.60767357798165,15.732550458715593,27.1729,0.0
6964,2018-09-10,SZSE:000768,0.5237,15.91,15.644,16.62,15.81,44049.1431,16.32,2.8176,81.2145,58.0445,119.8773,1.3106,41.9634,54.0815,54.0972,0.0,0.0,0,43313.3631,85.6235,42.5016,31.2991,59.2756,1.289,1.0887,22.2138,1,39951.0,2.2,0.0,1.9348,20.9238,16.047145191703333,16.342129478315524,15.545671904462601,22.2138,0.0
6965,2018-09-11,SZSE:000768,0.5237,16.49,16.2143,16.52,15.93,45654.9572,16.04,2.9203,84.1752,60.1605,124.2475,1.3584,42.5026,60.0926,60.108,0.0,0.0,0,44919.1773,88.798,44.0773,32.4595,61.4732,1.3368,1.1291,23.1166,1,39951.0,2.2,0.0,2.0054,20.9238,15.771823650697394,16.24379842328684,15.663662765312313,23.1166,0.0
6966,2018-09-12,SZSE:000768,0.5237,16.29,16.0177,17.07,16.2,45101.2282,16.52,2.8849,83.1543,59.4309,122.7405,1.3419,42.5737,57.3068,57.3207,0.0,0.0,0,44365.4482,87.7033,43.534,32.0593,60.7154,1.3203,1.1151,29.5518,1,39951.0,2.2,0.0,1.981,20.9238,16.243855371393497,16.78466169429098,15.929204419889505,29.5518,0.0
6967,2018-09-13,SZSE:000768,0.5237,16.87,16.588,16.88,16.23,46707.0424,16.45,2.9876,86.1149,61.5469,127.1107,1.3897,42.6402,62.7063,62.7197,0.0,0.0,0,45971.2624,90.8778,45.1097,33.2197,62.913,1.3681,1.1555,25.0866,1,39951.0,2.2,0.0,2.0516,20.9238,16.175020746887967,16.597832839359807,15.958698280972142,25.0866,0.0
6968,2018-09-14,SZSE:000768,0.5156,15.9,15.6342,16.91,15.83,44021.4566,16.86,2.8158,81.1634,58.008,119.802,1.3098,44.1707,51.0727,51.0813,0.0,0.0,0,43285.6767,85.5688,42.4744,31.2791,59.2377,1.2882,1.088,30.4957,1,39951.0,2.2,0.0,1.9336,20.9238,16.578151698113206,16.6273158490566,15.565370188679244,30.4957,0.0
6969,2018-09-17,SZSE:000768,0.5156,15.78,15.5162,16.26,15.52,43689.2192,15.79,2.7946,80.5509,57.5702,118.8978,1.2999,43.6695,49.8407,49.849,0.0,0.0,0,42953.4393,84.912,42.1484,31.039,58.783,1.2783,1.0796,20.3086,1,39951.0,2.2,0.0,1.919,20.9238,15.526032826362485,15.98817566539924,15.260546514575411,20.3086,0.0
6970,2018-09-18,SZSE:000768,0.5156,16.06,15.7915,16.09,15.65,44464.4398,15.65,2.8442,81.9802,58.5918,121.0075,1.323,43.4497,52.7072,52.7155,0.0,0.0,0,43728.6599,86.4445,42.9091,31.5992,59.844,1.3014,1.0991,18.6299,1,39951.0,2.2,0.0,1.9531,20.9238,15.388354607721046,15.820998443337484,15.388354607721046,18.6299,0.0
6971,2018-09-19,SZSE:000768,0.5156,16.13,15.8604,16.38,15.71,44658.245,15.96,2.8566,82.3375,58.8471,121.535,1.3287,42.4188,53.4239,53.4321,0.0,0.0,0,43922.465,86.8276,43.0993,31.7392,60.1092,1.3072,1.104,19.4252,1,39951.0,2.2,0.0,1.9616,20.9238,15.69324141351519,16.106221450712958,15.447419962802234,19.4252,0.0
6972,2018-09-20,SZSE:000768,0.5156,15.77,15.5064,16.25,15.68,43661.5328,16.15,2.7928,80.4998,57.5338,118.8225,1.2991,42.1358,49.2875,49.2945,0.0,0.0,0,42925.7528,84.8573,42.1213,31.019,58.7452,1.2775,1.079,16.4273,1,39951.0,2.2,0.0,1.9178,20.9238,15.880048192771081,15.97837666455295,15.417904375396322,16.4273,0.0
6973,2018-09-21,SZSE:000768,0.4973,15.74,15.4769,15.84,15.38,43578.4734,15.84,2.7875,80.3467,57.4243,118.5964,1.2966,41.7405,48.9474,48.9542,0.0,0.0,0,42842.6935,84.6931,42.0398,30.9589,58.6315,1.275,1.0769,23.9556,1,39951.0,2.2,0.0,1.9141,20.9238,15.575228462515883,15.575228462515883,15.122917534942822,23.9556,0.0
6974,2018-09-24,SZSE:000768,0.4973,0.0,15.4769,0.0,0.0,43578.4734,0.0,2.7875,80.3467,57.4243,118.5964,1.2966,41.7405,48.9474,48.9542,0.0,0.0,0,42842.6935,84.6931,42.0398,30.9589,58.6315,1.275,1.0769,0.0,1,39951.0,2.2,0.0,1.9141,20.9238,0.0,0.0,0.0,0.0,0.0
6975,2018-09-25,SZSE:000768,0.4973,16.05,15.7817,16.29,15.65,44436.7534,15.7,2.8424,81.9291,58.5553,120.9322,1.3221,41.8338,52.5881,52.5951,0.0,0.0,0,43700.9734,86.3898,42.8819,31.5792,59.8061,1.3006,1.0984,26.2592,1,39951.0,2.2,0.0,1.9518,20.9238,15.437550778816199,16.017688037383177,15.388386604361372,26.2592,0.0
6976,2018-09-26,SZSE:000768,0.4973,16.13,15.8604,16.15,15.8,44658.245,16.03,2.8566,82.3375,58.8471,121.535,1.3287,41.0891,53.5095,53.5165,0.0,0.0,0,43922.465,86.8276,43.0993,31.7392,60.1092,1.3072,1.104,19.9636,1,39951.0,2.2,0.0,1.9616,20.9238,15.76207141971482,15.880065716057036,15.535915685058898,19.9636,0.0
6977,2018-09-27,SZSE:000768,0.4973,15.82,15.5555,16.2,15.77,43799.965,16.06,2.8017,80.7551,57.7162,119.1992,1.3032,41.2772,49.4955,49.5013,0.0,0.0,0,43064.1851,85.1309,42.2571,31.119,58.9346,1.2816,1.0824,17.4976,1,39951.0,2.2,0.0,1.9239,20.9238,15.791487357774967,15.929146649810367,15.506335967130214,17.4976,0.0
6978,2018-09-28,SZSE:000768,0.5294,15.88,15.6145,15.94,15.68,43966.0837,15.84,2.8123,81.0614,57.9351,119.6513,1.3081,41.1966,50.273,50.2789,0.0,0.0,0,43230.3038,85.4593,42.4201,31.239,59.1619,1.2866,1.0866,11.5381,1,39951.0,2.2,0.0,1.9312,20.9238,15.575168765743072,15.67349685138539,15.417843828715364,11.5381,0.0
6979,2018-10-01,SZSE:000768,0.5294,0.0,15.6145,0.0,0.0,43966.0837,0.0,2.8123,81.0614,57.9351,119.6513,1.3081,41.1966,50.273,50.2789,0.0,0.0,0,43230.3038,85.4593,42.4201,31.239,59.1619,1.2866,1.0866,0.0,1,39951.0,2.2,0.0,1.9312,20.9238,0.0,0.0,0.0,0.0,0.0
6980,2018-10-02,SZSE:000768,0.5294,0.0,15.6145,0.0,0.0,43966.0837,0.0,2.8123,81.0614,57.9351,119.6513,1.3081,41.1966,50.273,50.2789,0.0,0.0,0,43230.3038,85.4593,42.4201,31.239,59.1619,1.2866,1.0866,0.0,1,39951.0,2.2,0.0,1.9312,20.9238,0.0,0.0,0.0,0.0,0.0
6981,2018-10-03,SZSE:000768,0.5294,0.0,15.6145,0.0,0.0,43966.0837,0.0,2.8123,81.0614,57.9351,119.6513,1.3081,41.1966,50.273,50.2789,0.0,0.0,0,43230.3038,85.4593,42.4201,31.239,59.1619,1.2866,1.0866,0.0,1,39951.0,2.2,0.0,1.9312,20.9238,0.0,0.0,0.0,0.0,0.0
6982,2018-10-04,SZSE:000768,0.5294,0.0,15.6145,0.0,0.0,43966.0837,0.0,2.8123,81.0614,57.9351,119.6513,1.3081,41.1966,50.273,50.2789,0.0,0.0,0,43230.3038,85.4593,42.4201,31.239,59.1619,1.2866,1.0866,0.0,1,39951.0,2.2,0.0,1.9312,20.9238,0.0,0.0,0.0,0.0,0.0
6983,2018-10-05,SZSE:000768,0.4942,0.0,15.6145,0.0,0.0,43966.0837,0.0,2.8123,81.0614,57.9351,119.6513,1.3081,41.1966,50.273,50.2789,0.0,0.0,0,43230.3038,85.4593,42.4201,31.239,59.1619,1.2866,1.0866,0.0,1,39951.0,2.2,0.0,1.9312,20.9238,0.0,0.0,0.0,0.0,0.0
6984,2018-10-08,SZSE:000768,0.4942,15.69,15.4277,16.1,15.6,43440.0412,15.69,2.7786,80.0915,57.2419,118.2197,1.2925,41.2835,47.7652,47.7705,0.0,0.0,0,42704.2612,84.4194,41.9039,30.8589,58.442,1.2709,1.0734,21.7761,1,39951.0,2.2,0.0,1.9081,20.9238,15.4277,15.830845761631615,15.339204588910134,21.7761,0.0
6985,2018-10-09,SZSE:000768,0.4942,15.12,14.8672,15.76,14.8,41861.9135,15.69,2.6777,77.1818,55.1624,113.9249,1.2455,41.3547,41.1357,41.1396,0.0,0.0,0,41126.1335,81.2997,40.3554,29.7185,56.2823,1.2239,1.0337,25.0237,1,39951.0,2.2,0.0,1.8387,20.9238,15.427669841269843,15.49649947089947,14.552550264550266,25.0237,0.0
6986,2018-10-10,SZSE:000768,0.4942,15.2,14.9459,15.27,14.91,42083.4051,15.1,2.6919,77.5902,55.4542,114.5277,1.2521,41.3673,42.3452,42.3491,0.0,0.0,0,41347.6251,81.7376,40.5727,29.8786,56.5854,1.2305,1.0393,10.0981,1,39951.0,2.2,0.0,1.8485,20.9238,14.847571710526315,15.01472980263158,14.660747960526317,10.0981,0.0
6987,2018-10-11,SZSE:000768,0.4942,14.28,14.0413,14.97,14.11,39536.2516,14.81,2.5289,72.894,52.0978,107.5958,1.1763,42.4789,33.7555,33.7579,0.0,0.0,0,38800.4716,76.7023,38.0733,27.8169,52.0941,1.1547,0.971,21.981,1,39951.0,2.2,0.0,1.7366,20.9238,14.562440686274511,14.71976617647059,13.874141666666667,21.981,0.0
6988,2018-10-12,SZSE:000768,0.5099,14.98,14.7296,15.04,14.11,41474.3032,14.34,2.6529,76.4672,54.6516,112.8701,1.234,43.4718,43.197,43.1997,0.0,0.0,0,40738.5232,80.5335,39.975,29.2063,54.6962,1.2124,1.0195,23.1081,1,39951.0,2.2,0.0,1.8217,20.9238,14.100297997329772,14.78859706275033,13.87414259012016,23.1081,0.0
6989,2018-10-15,SZSE:000768,0.5099,15.08,14.8279,15.29,14.95,41751.1677,14.95,2.6706,76.9777,55.0164,113.6235,1.2422,43.4876,44.4158,44.4185,0.0,0.0,0,41015.3877,81.0808,40.2467,29.4048,55.0679,1.2206,1.0264,14.878,1,39951.0,2.2,0.0,1.8339,20.9238,14.700073275862067,15.034389323607424,14.700073275862067,14.878,0.0
6990,2018-10-16,SZSE:000768,0.5099,14.89,14.6411,15.45,14.56,41225.1251,15.18,2.637,76.0078,54.3232,112.1919,1.2266,43.4623,42.5478,42.5503,0.0,0.0,0,40489.3451,80.0409,39.7305,29.0276,54.3616,1.205,1.0133,16.652,1,39951.0,2.2,0.0,1.8108,20.9238,14.926252384150436,15.191739086635325,14.316616252518468,16.652,0.0
6991,2018-10-17,SZSE:000768,0.5099,14.79,14.5428,15.15,14.35,40948.2606,15.08,2.6192,75.4973,53.9584,111.4385,1.2183,43.4718,41.5572,41.5595,0.0,0.0,0,40212.4806,79.4936,39.4588,28.8292,53.9899,1.1968,1.0064,14.9831,1,39951.0,2.2,0.0,1.7986,20.9238,14.827952941176472,14.896782961460449,14.11015415821501,14.9831,0.0
6992,2018-10-18,SZSE:000768,0.5099,14.31,14.0708,14.82,14.28,39619.311,14.64,2.5342,73.0471,52.2072,107.8218,1.1788,43.6964,37.0929,37.0947,0.0,0.0,0,38883.531,76.8665,38.1548,27.8764,52.2056,1.1572,0.9731,14.0033,1,39951.0,2.2,0.0,1.7402,20.9238,14.39528385744235,14.572275052410903,14.04130146750524,14.0033,0.0
6993,2018-10-19,SZSE:000768,0.5188,14.29,14.0511,14.42,13.29,39563.9381,14.2,2.5307,72.945,52.1343,107.6711,1.1772,42.9485,36.9149,36.9168,0.0,0.0,0,38828.1581,76.757,38.1005,27.8367,52.1313,1.1556,0.9717,30.4399,1,39951.0,2.2,0.0,1.7378,20.9238,13.962604618614415,14.1789266620014,13.067817984604618,30.4399,0.0
6994,2018-10-22,SZSE:000768,0.5188,15.06,14.8082,15.31,14.33,41695.7948,14.4,2.6671,76.8756,54.9435,113.4728,1.2406,43.6568,47.3809,47.383,0.0,0.0,0,40960.0148,80.9713,40.1924,29.3651,54.9935,1.219,1.0251,27.0916,1,39951.0,2.2,0.0,1.8315,20.9238,14.159235059760956,15.05402005312085,14.090405444887116,27.0916,0.0
6995,2018-10-23,SZSE:000768,0.5188,15.02,14.7689,15.35,14.91,41585.049,15.08,2.66,76.6714,54.7975,113.1714,1.2373,41.0479,46.9452,46.9472,0.0,0.0,0,40849.269,80.7524,40.0837,29.2857,54.8449,1.2157,1.0223,23.0581,1,39951.0,2.2,0.0,1.8266,20.9238,14.827896937416778,15.093383155792276,14.660738948069243,23.0581,0.0
6996,2018-10-24,SZSE:000768,0.5188,15.0,14.7492,15.23,14.81,41529.6761,14.98,2.6564,76.5693,54.7246,113.0207,1.2356,41.0353,46.7139,46.7159,0.0,0.0,0,40793.8961,80.6429,40.0294,29.246,54.7705,1.2141,1.0209,11.6111,1,39951.0,2.2,0.0,1.8242,20.9238,14.7295344,14.9753544,14.562376800000001,11.6111,0.0
6997,2018-10-25,SZSE:000768,0.5188,14.81,14.5624,14.91,14.47,41003.6335,14.62,2.6228,75.5994,54.0314,111.5892,1.22,40.9468,44.4721,44.4739,0.0,0.0,0,40267.8535,79.603,39.5132,28.8688,54.0642,1.1984,1.0077,15.7594,1,39951.0,2.2,0.0,1.8011,20.9238,14.375576502363268,14.660728156650912,14.228084267386901,15.7594,0.0
6998,2018-10-26,SZSE:000768,0.4577,14.76,14.5133,15.15,14.6,40865.2013,15.0,2.6139,75.3442,53.849,111.2124,1.2159,40.8029,43.8754,43.8771,0.0,0.0,0,40129.4213,79.3294,39.3773,28.7696,53.8784,1.1943,1.0043,11.0933,1,39951.0,2.2,0.0,1.795,20.9238,14.74928861788618,14.89678150406504,14.355974254742545,11.0933,0.0
6999,2018-10-29,SZSE:000768,0.4577,14.58,14.3363,14.84,14.45,40366.8451,14.76,2.5691,70.015,32.0088,108.6349,1.2623,40.7965,41.7058,41.7073,0.0,0.0,0,41400.602,100.8365,44.9816,27.5522,51.9443,1.2942,0.9957,8.3766,1,39951.0,2.2,0.0,1.067,20.7613,14.513291358024691,14.59195418381344,14.208472908093277,8.3766,0.0
7000,2018-10-30,SZSE:000768,0.4577,14.58,14.3363,14.74,14.17,40366.8451,14.52,2.5691,70.015,32.0088,108.6349,1.2623,40.6416,41.7058,41.7073,0.0,0.0,0,41400.602,100.8365,44.9816,27.5407,52.0811,1.2942,0.9958,12.449,1,39951.0,2.2,0.0,1.067,20.7613,14.277302880658436,14.493625651577505,13.933153017832646,12.449,0.0
7001,2018-10-31,SZSE:000768,0.4577,14.8,14.5526,14.92,14.51,40975.9471,14.6,2.6079,71.0715,32.4918,110.2741,1.2813,40.7412,45.5241,45.5257,0.0,0.0,0,42009.7039,102.3201,45.6434,27.9459,53.1822,1.3133,1.0404,10.2129,1,39951.0,2.2,0.0,1.0831,20.7613,14.355943243243242,14.670594054054053,14.267447702702702,10.2129,0.0
7002,2018-11-01,SZSE:000768,0.4577,15.18,14.9262,15.39,14.81,42028.0322,14.81,2.6748,72.8963,33.326,113.1055,1.3142,40.017,51.4407,51.4423,0.0,0.0,0,43061.789,104.8826,46.7865,28.6458,54.5141,1.3462,1.0664,21.9346,1,39951.0,2.2,0.0,1.1109,20.7613,14.562386166007906,15.132688932806326,14.562386166007906,21.9346,0.0
7003,2018-11-02,SZSE:000768,0.531,15.4,15.1426,15.48,15.06,42637.1341,15.35,2.7136,73.9528,57.2704,114.7447,1.3332,38.6794,54.5204,54.522,0.0,0.0,0,43670.8909,106.3661,47.4483,29.1374,56.4403,1.3652,1.0804,20.9246,1,39951.0,2.2,0.0,1.909,20.7613,15.093435714285715,15.221262857142857,14.808282857142858,20.9246,0.0
7004,2018-11-05,SZSE:000768,0.531,15.4,15.1426,15.55,15.12,42637.1341,15.38,2.7136,73.9528,57.2704,114.7447,1.3332,38.6731,54.5204,54.522,0.0,0.0,0,43670.8909,106.3661,47.4483,29.1374,56.4403,1.3652,1.0804,17.3954,1,39951.0,2.2,0.0,1.909,20.7613,15.122934285714287,15.290092857142858,14.867279999999997,17.3954,0.0
7005,2018-11-06,SZSE:000768,0.531,15.24,14.9852,15.43,15.14,42194.1509,15.43,2.6854,73.1844,58.751,113.5525,1.3194,37.8303,51.752,51.7534,0.0,0.0,0,43227.9077,105.2872,46.967,28.4765,54.6303,1.3514,1.0632,10.8453,1,39951.0,2.2,0.0,1.9584,20.7613,15.172023359580054,15.172023359580054,14.8868719160105,10.8453,0.0
7006,2018-11-07,SZSE:000768,0.531,15.17,14.9164,15.4,15.1,42000.3457,15.24,2.6731,72.8483,58.4811,113.031,1.3133,37.541,50.5428,50.5442,0.0,0.0,0,43034.1026,104.8151,46.7564,28.3488,54.3853,1.3453,1.0584,14.7103,1,39951.0,2.2,0.0,1.9494,20.7613,14.985229795649309,15.142555042847725,14.84757020435069,14.7103,0.0
7007,2018-11-08,SZSE:000768,0.531,14.86,14.6116,15.39,14.83,41142.0658,15.34,2.6184,71.3596,57.286,110.7212,1.2865,36.8326,45.4754,45.4765,0.0,0.0,0,42175.8226,102.7247,45.8239,27.7834,53.3007,1.3185,1.0373,14.4392,1,39951.0,2.2,0.0,1.9095,20.7613,15.083576312247645,15.132740511440108,14.582101480484521,14.4392,0.0
7008,2018-11-09,SZSE:000768,0.5402,14.83,14.5821,14.92,14.62,41059.0064,14.78,2.6132,71.2156,57.1704,110.4977,1.2839,36.0168,45.0051,45.0062,0.0,0.0,0,42092.7632,102.5224,45.7337,27.7287,53.1957,1.3159,1.0352,7.6954,1,39951.0,2.2,0.0,1.9057,20.7613,14.532935805799056,14.6705955495617,14.375610384356035,7.6954,0.0
7009,2018-11-12,SZSE:000768,0.5402,15.09,14.8377,15.09,14.7,41778.8541,14.84,2.659,72.4641,58.1727,112.4349,1.3064,36.1417,49.8458,49.8469,0.0,0.0,0,42812.611,104.2756,46.5158,28.2029,54.1054,1.3384,1.0529,9.756,1,39951.0,2.2,0.0,1.9391,20.7613,14.591879920477137,14.8377,14.454220675944335,9.756,0.0
7010,2018-11-13,SZSE:000768,0.5402,15.21,14.9557,15.3,14.87,42111.0915,14.92,2.6801,73.0404,58.6353,113.329,1.3168,36.1559,51.948,51.9491,0.0,0.0,0,43144.8484,105.0849,46.8767,28.4217,54.5253,1.3488,1.0611,16.0928,1,39951.0,2.2,0.0,1.9545,20.7613,14.670548586456277,15.04419526627219,14.621384549638394,16.0928,0.0
7011,2018-11-14,SZSE:000768,0.5402,15.11,14.8574,15.27,15.02,41834.227,15.14,2.6625,72.5602,58.2498,112.5839,1.3081,36.0389,50.0647,50.0658,0.0,0.0,0,42867.9839,104.4105,46.5759,28.2394,54.1754,1.3401,1.0543,10.434,1,39951.0,2.2,0.0,1.9417,20.7613,14.886898477829254,15.014725215089344,14.768904566512242,10.434,0.0
7012,2018-11-15,SZSE:000768,0.5402,15.65,15.3884,15.65,15.19,43329.2954,15.2,2.7576,75.1533,60.3315,116.6074,1.3549,36.6666,58.7593,58.7603,0.0,0.0,0,44363.0522,108.0519,48.2003,29.2242,56.0648,1.3869,1.0911,27.0563,1,39951.0,2.2,0.0,2.0111,20.7613,14.945922044728434,15.3884,14.936089201277955,27.0563,0.0
7013,2018-11-16,SZSE:000768,0.5806,15.5,15.2409,15.72,15.44,42913.9986,15.59,2.7312,74.433,59.7533,115.4898,1.3419,36.684,55.8503,55.8512,0.0,0.0,0,43947.7554,107.0404,47.7491,28.9507,55.54,1.3739,1.0809,18.0307,1,39951.0,2.2,0.0,1.9918,20.7613,15.329395548387097,15.457222451612903,15.181902967741935,18.0307,0.0
7014,2018-11-19,SZSE:000768,0.5806,15.58,15.3195,15.61,15.34,43135.4902,15.54,2.7453,74.8172,60.0617,116.0859,1.3488,36.4421,57.071,57.0719,0.0,0.0,0,44169.247,107.5799,47.9897,29.0966,55.8199,1.3808,1.0863,13.2689,1,39951.0,2.2,0.0,2.0021,20.7613,15.280168806161745,15.348998395378691,15.083512836970474,13.2689,0.0
7015,2018-11-20,SZSE:000768,0.5806,15.6,15.3392,16.06,15.38,43190.8631,15.45,2.7488,74.9132,60.1388,116.2349,1.3506,36.2508,57.3882,57.3891,0.0,0.0,0,44224.6199,107.7148,48.0499,29.5615,55.6267,1.3825,1.0931,30.0716,1,39951.0,2.2,0.0,2.0046,20.01,15.191707692307691,15.791509743589742,15.12287794871795,30.0716,0.0
7016,2018-11-21,SZSE:000768,0.5806,15.49,15.231,15.5,15.3,42886.3122,15.4,2.7295,74.385,59.7147,115.4153,1.341,36.2239,54.9819,54.9827,0.0,0.0,0,43920.069,106.973,47.719,29.358,55.2436,1.373,1.0856,11.509,1,39951.0,2.2,0.0,1.9905,20.01,15.142504841833441,15.240832795351839,15.044176888315043,11.509,0.0
7017,2018-11-22,SZSE:000768,0.5806,15.56,15.2999,15.8,15.45,43080.1173,15.52,2.7418,74.7211,59.9846,115.9369,1.3471,36.2239,56.2393,56.2402,0.0,0.0,0,44113.8741,107.445,47.9296,29.4875,55.4874,1.3791,1.0904,13.331,1,39951.0,2.2,0.0,1.9995,20.01,15.260568637532133,15.535888174807196,15.191738753213365,13.331,0.0
7018,2018-11-23,SZSE:000768,0.6017,14.88,14.6312,15.64,14.88,41197.4387,15.54,2.622,71.4557,57.3632,110.8702,1.2882,37.3797,43.5215,43.522,0.0,0.0,0,42231.1955,102.8595,45.8841,28.229,53.1193,1.3202,1.0438,17.7185,1,39951.0,2.2,0.0,1.9121,20.01,15.28016451612903,15.378492473118278,14.6312,17.7185,0.0
7019,2018-11-26,SZSE:000768,0.6017,14.93,14.6804,15.13,14.8,41335.8709,14.88,2.6308,71.6958,57.5559,111.2427,1.2926,37.2753,44.5151,44.5156,0.0,0.0,0,42369.6277,103.1967,46.0345,28.3216,53.2934,1.3245,1.0472,8.1425,1,39951.0,2.2,0.0,1.9185,20.01,14.631235900870731,14.877056396517082,14.5525733422639,8.1425,0.0
7020,2018-11-27,SZSE:000768,0.6017,14.95,14.7001,15.11,14.87,41391.2438,15.03,2.6343,71.7918,57.633,111.3918,1.2943,36.2128,44.9324,44.9329,0.0,0.0,0,42425.0006,103.3316,46.0946,28.3586,53.3631,1.3263,1.0486,6.3539,1,39951.0,2.2,0.0,1.9211,20.01,14.778762742474916,14.857425484949832,14.621437257525086,6.3539,0.0
7021,2018-11-28,SZSE:000768,0.6017,15.11,14.8574,15.12,14.81,41834.227,14.85,2.6625,72.5602,58.2498,112.5839,1.3081,36.0041,48.2834,48.2839,0.0,0.0,0,42867.9839,104.4105,46.5759,28.6547,53.9203,1.3401,1.0596,8.8264,1,39951.0,2.2,0.0,1.9417,20.01,14.601746525479815,14.867232825943084,14.562415221707479,8.8264,0.0
7022,2018-11-29,SZSE:000768,0.6017,14.87,14.6214,15.33,14.87,41169.7522,15.21,2.6202,71.4077,57.3246,110.7957,1.2874,36.1306,43.9619,43.9623,0.0,0.0,0,42203.509,102.7921,45.854,28.2105,53.0845,1.3193,1.0431,9.4776,1,39951.0,2.2,0.0,1.9108,20.01,14.955715803631474,15.073709616677876,14.6214,9.4776,0.0
7023,2018-11-30,SZSE:000768,0.6286,14.99,14.7394,14.99,14.6,41501.9896,14.83,2.6414,71.9839,57.7872,111.6898,1.2977,36.0768,46.5385,46.5389,0.0,0.0,0,42535.7464,103.6013,46.215,28.4326,53.5024,1.3297,1.0514,9.8626,1,39951.0,2.2,0.0,1.9262,20.01,14.582074849899932,14.7394,14.355919946631087,9.8626,0.0
7024,2018-12-03,SZSE:000768,0.6286,15.27,15.0147,15.39,15.1,42277.2102,15.21,2.6907,73.3285,58.8666,113.7761,1.322,35.8223,52.0754,52.0758,0.0,0.0,0,43310.9671,105.4895,47.0572,28.9508,54.4775,1.354,1.0705,17.8519,1,39951.0,2.2,0.0,1.9622,20.01,14.955703143418468,15.132693713163066,14.847542239685659,17.8519,0.0
7025,2018-12-04,SZSE:000768,0.6286,15.11,14.8574,15.24,14.96,41834.227,15.24,2.6625,72.5602,58.2498,112.5839,1.3081,34.317,48.9553,48.9556,0.0,0.0,0,42867.9839,104.4105,46.5759,28.6547,53.9203,1.3401,1.0596,15.5393,1,39951.0,2.2,0.0,1.9417,20.01,14.985226737260092,14.985226737260092,14.70990761085374,15.5393,0.0
7026,2018-12-05,SZSE:000768,0.6286,14.82,14.5723,15.0,14.77,41031.32,14.89,2.6114,71.1675,57.1318,110.4231,1.283,34.5084,43.8294,43.8296,0.0,0.0,0,42065.0768,102.4549,45.7036,28.118,52.9104,1.315,1.0397,12.1591,1,39951.0,2.2,0.0,1.9044,20.01,14.641130026990554,14.749291497975708,14.523135695006747,12.1591,0.0
7027,2018-12-06,SZSE:000768,0.6286,14.79,14.5428,15.1,14.75,40948.2606,14.81,2.6061,71.0235,57.0162,110.1996,1.2804,34.4894,43.324,43.3243,0.0,0.0,0,41982.0174,102.2526,45.6133,28.0625,52.8059,1.3124,1.0377,11.4924,1,39951.0,2.2,0.0,1.9005,20.01,14.56246572008114,14.847618661257608,14.503468559837728,11.4924,0.0
7028,2018-12-07,SZSE:000768,0.633,14.71,14.4641,14.84,14.55,40726.769,14.73,2.592,70.6393,56.7078,109.6035,1.2735,34.3313,41.9354,41.9357,0.0,0.0,0,41760.5258,101.7132,45.3727,27.9144,52.5273,1.3055,1.0322,9.8584,1,39951.0,2.2,0.0,1.8903,20.01,14.483765669612508,14.591926852481304,14.306774643099931,9.8584,0.0
7029,2018-12-10,SZSE:000768,0.633,14.27,14.0314,14.68,14.23,39508.5652,14.64,2.5145,68.5264,55.0116,106.3251,1.2354,34.4356,35.2445,35.2446,0.0,0.0,0,40542.322,98.7461,44.0491,27.1001,50.995,1.2674,1.0021,14.603,1,39951.0,2.2,0.0,1.8337,20.01,14.395213454800281,14.434544639103013,13.992068815697268,14.603,0.0
7030,2018-12-11,SZSE:000768,0.633,14.36,14.1199,14.43,14.27,39757.7432,14.36,2.5303,68.9586,55.3585,106.9957,1.2432,33.5707,37.4431,37.4433,0.0,0.0,0,40791.5001,99.353,44.3198,27.2667,51.3084,1.2752,1.0082,5.5751,1,39951.0,2.2,0.0,1.8453,20.01,14.1199,14.188729596100277,14.031404805013926,5.5751,0.0
7031,2018-12-12,SZSE:000768,0.633,14.42,14.1789,14.5,14.33,39923.8619,14.38,2.5409,69.2467,55.5898,107.4428,1.2484,33.5312,38.9317,38.9319,0.0,0.0,0,40957.6188,99.7576,44.5003,27.3777,51.5174,1.2804,1.0123,6.1809,1,39951.0,2.2,0.0,1.853,20.01,14.139568793342582,14.25756241331484,14.090404785020805,6.1809,0.0
7032,2018-12-13,SZSE:000768,0.633,14.59,14.3461,14.62,14.37,40394.5316,14.44,2.5709,70.0631,56.2452,108.7094,1.2631,32.7565,43.0657,43.0659,0.0,0.0,0,41428.2884,100.904,45.0117,27.6924,52.1094,1.2951,1.024,9.0177,1,39951.0,2.2,0.0,1.8748,20.01,14.198607539410554,14.375598492117888,14.129777724468813,9.0177,0.0
7033,2018-12-14,SZSE:000768,0.6345,14.2,13.9626,14.59,14.2,39314.76,14.57,2.5021,68.1902,54.7417,105.8036,1.2294,30.9761,36.8952,36.8953,0.0,0.0,0,40348.5168,98.274,43.8385,26.9706,50.7512,1.2614,0.9973,9.9217,1,39951.0,2.2,0.0,1.8247,20.01,14.326414225352114,14.34607985915493,13.9626,9.9217,0.0
7034,2018-12-17,SZSE:000768,0.6345,14.43,14.1888,14.45,14.12,39951.5484,14.19,2.5427,69.2947,55.6284,107.5173,1.2493,31.1722,42.1587,42.1589,0.0,0.0,0,40985.3052,99.825,44.5304,27.3962,51.5522,1.2813,1.013,9.8127,1,39951.0,2.2,0.0,1.8543,20.01,13.952811642411643,14.208465696465698,13.883981704781705,9.8127,0.0
7035,2018-12-18,SZSE:000768,0.6345,14.36,14.1199,14.52,14.23,39757.7432,14.31,2.5303,68.9586,55.3585,106.9957,1.2432,30.9208,41.0368,41.037,0.0,0.0,0,40791.5001,99.353,44.3198,27.2667,51.3084,1.2752,1.0082,6.6037,1,39951.0,2.2,0.0,1.8453,20.01,14.070736002785516,14.27722479108635,13.99207360724234,6.6037,0.0
7036,2018-12-19,SZSE:000768,0.6345,14.23,13.9921,14.53,14.17,39397.8194,14.47,2.5074,68.3343,54.8574,106.0271,1.2319,30.9271,38.9632,38.9633,0.0,0.0,0,40431.5762,98.4763,43.9288,27.0261,50.8557,1.2639,0.9993,7.2285,1,39951.0,2.2,0.0,1.8286,20.01,14.228087631763879,14.287084539704848,13.93310309205903,7.2285,0.0
7037,2018-12-20,SZSE:000768,0.6345,13.96,13.7266,14.33,13.75,38650.2852,14.12,2.4599,67.0377,53.8165,104.0153,1.2086,30.8385,35.0066,35.0067,0.0,0.0,0,39684.042,96.6556,43.1166,26.5264,49.9154,1.2406,0.9809,14.0998,1,39951.0,2.2,0.0,1.7939,20.01,13.883924928366762,14.090413896848137,13.520111031518624,14.0998,0.0
7038,2018-12-21,SZSE:000768,0.6412,13.68,13.4513,13.93,13.52,37875.0646,13.88,2.4105,65.6931,52.7371,101.9291,1.1843,31.0646,31.4409,31.441,0.0,0.0,0,38908.8214,94.7675,42.2743,26.0082,48.9403,1.2163,0.9617,12.4903,1,39951.0,2.2,0.0,1.7579,20.01,13.647956432748538,13.697120540935673,13.293974853801169,12.4903,0.0
7039,2018-12-24,SZSE:000768,0.6412,13.75,13.5201,13.77,13.57,38068.8697,13.6,2.4229,66.0293,53.0069,102.4506,1.1904,30.8385,33.2708,33.2709,0.0,0.0,0,39102.6266,95.2395,42.4849,26.1378,49.1841,1.2224,0.9665,8.4676,1,39951.0,2.2,0.0,1.7669,20.01,13.372607999999998,13.539765599999999,13.3431096,8.4676,0.0
7040,2018-12-25,SZSE:000768,0.6412,13.58,13.353,13.64,13.3,37598.2001,13.6,2.3929,65.2129,52.3516,101.184,1.1757,30.5713,31.0998,31.0999,0.0,0.0,0,38631.9569,94.0931,41.9735,25.8232,48.5921,1.2077,0.9549,10.9687,1,39951.0,2.2,0.0,1.7451,20.01,13.372665684830633,13.4119970544919,13.077680412371135,10.9687,0.0
7041,2018-12-26,SZSE:000768,0.6412,13.37,13.1465,13.68,13.31,37016.7846,13.55,2.3559,64.2045,51.542,99.6193,1.1575,30.6377,28.6158,28.6159,0.0,0.0,0,38050.5414,92.677,41.3418,25.4345,47.8608,1.1895,0.9405,7.9737,1,39951.0,2.2,0.0,1.7181,20.01,13.323491024682124,13.451317875841436,13.087502991772627,7.9737,0.0
7042,2018-12-27,SZSE:000768,0.6412,13.18,12.9597,13.61,13.18,36490.742,13.54,2.3224,63.2921,50.8096,98.2036,1.141,30.5413,26.5496,26.5496,0.0,0.0,0,37524.4989,91.3958,40.7703,25.0829,47.1991,1.1731,0.9275,10.647,1,39951.0,2.2,0.0,1.6937,20.01,13.313682701062215,13.382512670713202,12.9597,10.647,0.0
7043,2018-12-28,SZSE:000768,0.6774,13.24,13.0187,13.42,13.18,36656.8607,13.21,2.333,63.5802,51.0409,98.6506,1.1462,30.5492,28.31,28.31,0.0,0.0,0,37690.6176,91.8004,40.9507,25.1939,47.4081,1.1783,0.9316,7.7033,1,39951.0,2.2,0.0,1.7014,20.01,12.989201435045318,13.195691389728097,12.959702870090634,7.7033,0.0
7044,2018-12-31,SZSE:000768,0.6774,0.0,13.0187,0.0,0.0,36656.8607,0.0,2.333,63.5802,51.0409,98.6506,1.1462,30.5492,28.31,28.31,0.0,0.0,0,37690.6176,91.8004,40.9507,25.1939,47.4081,1.1783,0.9316,0.0,1,39951.0,2.2,0.0,1.7014,20.01,0.0,0.0,0.0,0.0,0.0
7045,2019-01-01,SZSE:000768,0.6774,0.0,13.0187,0.0,0.0,36656.8607,0.0,2.333,63.5802,51.0409,98.6506,1.1462,30.5492,28.31,28.31,0.0,0.0,0,37690.6176,91.8004,40.9507,25.1939,47.4081,1.1783,0.9316,0.0,1,39951.0,2.2,0.0,1.7014,20.01,0.0,0.0,0.0,0.0,0.0
7046,2019-01-02,SZSE:000768,0.6774,13.25,13.0285,13.4,13.15,36684.5472,13.32,2.3347,63.6282,51.0794,98.7251,1.1471,30.3025,28.6171,28.6171,0.0,0.0,0,37718.304,91.8678,40.9808,25.2124,47.4429,1.1791,0.9323,8.3705,1,39951.0,2.2,0.0,1.7027,20.01,13.097329811320753,13.175992452830188,12.930171698113206,8.3705,0.0
7047,2019-01-03,SZSE:000768,0.6774,13.71,13.4808,14.05,13.25,37958.1239,13.28,2.4158,65.8372,52.8527,102.1526,1.1869,30.9634,41.1125,41.1126,0.0,0.0,0,38991.8808,94.9698,42.3646,26.0638,49.0448,1.2189,0.9638,25.0537,1,39951.0,2.2,0.0,1.7618,20.01,13.0579886214442,13.815115973741793,13.028490153172866,25.0537,0.0
7048,2019-01-04,SZSE:000768,0.7017,13.9,13.6676,13.95,13.54,38484.1665,13.6,2.4493,66.7496,53.5852,103.5683,1.2034,30.8796,45.3665,45.3666,0.0,0.0,0,39517.9233,96.251,42.9361,26.4154,49.7065,1.2354,0.9768,16.7843,1,39951.0,2.2,0.0,1.7862,20.01,13.372615827338128,13.716764028776979,13.313618992805754,16.7843,0.0
7049,2019-01-07,SZSE:000768,0.7017,14.3,14.0609,14.44,13.93,39591.6245,14.09,2.5198,68.6704,55.1272,106.5486,1.238,31.2212,53.0552,53.0553,0.0,0.0,0,40625.3814,98.9484,44.1394,27.1557,51.0995,1.27,1.0041,23.8655,1,39951.0,2.2,0.0,1.8376,20.01,13.854411258741258,14.198559160839158,13.697086503496502,23.8655,0.0
7050,2019-01-08,SZSE:000768,0.7017,14.14,13.9036,14.31,14.04,39148.6413,14.31,2.4916,67.9021,54.5104,105.3565,1.2242,31.2101,50.0227,50.0227,0.0,0.0,0,40182.3981,97.8694,43.6581,26.8595,50.5423,1.2562,0.9932,11.752,1,39951.0,2.2,0.0,1.817,20.01,14.070757850070722,14.070757850070722,13.805271852899574,11.752,0.0
7051,2019-01-09,SZSE:000768,0.7017,14.02,13.7856,14.28,13.99,38816.4039,14.19,2.4704,67.3258,54.0478,104.4624,1.2138,30.4274,47.8152,47.8153,0.0,0.0,0,39850.1607,97.0602,43.2971,26.6375,50.1244,1.2458,0.985,11.8162,1,39951.0,2.2,0.0,1.8016,20.01,13.952757774607703,14.041253067047077,13.756101569186876,11.8162,0.0
7052,2019-01-10,SZSE:000768,0.7017,14.03,13.7955,14.19,13.89,38844.0904,14.03,2.4722,67.3739,54.0864,104.5369,1.2146,30.4021,48.0211,48.0211,0.0,0.0,0,39877.8472,97.1277,43.3272,26.656,50.1592,1.2466,0.9857,10.2084,1,39951.0,2.2,0.0,1.8029,20.01,13.7955,13.952825730577334,13.657839985744834,10.2084,0.0
7053,2019-01-11,SZSE:000768,0.6964,14.15,13.9135,14.22,14.01,39176.3278,14.05,2.4933,67.9501,54.549,105.431,1.225,27.8644,50.5423,50.5423,0.0,0.0,0,40210.0846,97.9369,43.6881,26.8781,50.5771,1.257,0.9939,9.7761,1,39951.0,2.2,0.0,1.8183,20.01,13.815171378091874,13.98233003533569,13.775839929328622,9.7761,0.0
7054,2019-01-14,SZSE:000768,0.6964,14.01,13.7758,14.18,13.96,38788.7175,14.1,2.4687,67.2778,54.0093,104.3879,1.2129,26.2058,47.6391,47.6391,0.0,0.0,0,39822.4743,96.9928,43.267,26.619,50.0896,1.2449,0.9843,6.4349,1,39951.0,2.2,0.0,1.8003,20.01,13.864295503211993,13.94295817273376,13.726635831548895,6.4349,0.0
7055,2019-01-15,SZSE:000768,0.6964,14.21,13.9724,14.22,13.97,39342.4465,14.05,2.5039,68.2382,54.7803,105.8781,1.2302,26.3354,51.8906,51.8906,0.0,0.0,0,40376.2033,98.3415,43.8686,26.9891,50.7861,1.2622,0.998,8.3199,1,39951.0,2.2,0.0,1.826,20.01,13.815075299085152,13.98223279380718,13.736412948627727,8.3199,0.0
7056,2019-01-16,SZSE:000768,0.6964,14.11,13.8741,14.23,14.04,39065.582,14.16,2.4863,67.758,54.3948,105.133,1.2216,26.258,49.7169,49.7169,0.0,0.0,0,40099.3388,97.6671,43.5678,26.804,50.4378,1.2536,0.9911,6.606,1,39951.0,2.2,0.0,1.8132,20.01,13.923264068036852,13.992093763288448,13.805270304748406,6.606,0.0
7057,2019-01-17,SZSE:000768,0.6964,13.92,13.6873,14.16,13.89,38539.5394,14.14,2.4528,66.8456,53.6623,103.7173,1.2051,26.3544,45.792,45.792,0.0,0.0,0,39573.2962,96.3859,42.9963,26.4524,49.7761,1.2371,0.9781,6.7244,1,39951.0,2.2,0.0,1.7887,20.01,13.903622270114942,13.923287931034482,13.657801508620691,6.7244,0.0
7058,2019-01-18,SZSE:000768,0.7476,14.03,13.7955,14.07,13.89,38844.0904,13.89,2.4722,67.3739,54.0864,104.5369,1.2146,25.6097,48.335,48.335,0.0,0.0,0,39877.8472,97.1277,43.3272,26.656,50.1592,1.2466,0.9857,7.0524,1,39951.0,2.2,0.0,1.8029,20.01,13.657839985744834,13.834831432644334,13.657839985744834,7.0524,0.0
7059,2019-01-21,SZSE:000768,0.7476,14.17,13.9331,14.23,14.0,39231.7007,14.06,2.4969,68.0462,54.6261,105.58,1.2268,25.6872,51.4563,51.4563,0.0,0.0,0,40265.4575,98.0717,43.7483,26.9151,50.6468,1.2588,0.9952,8.9085,1,39951.0,2.2,0.0,1.8209,20.01,13.824939026111503,13.992096894848272,13.765942131263232,8.9085,0.0
7060,2019-01-22,SZSE:000768,0.7476,13.99,13.7561,14.16,13.88,38733.3445,14.16,2.4651,67.1818,53.9322,104.2389,1.2112,23.5305,47.4842,47.4842,0.0,0.0,0,39767.1014,96.8579,43.2068,26.5819,50.0199,1.2432,0.9829,6.924,1,39951.0,2.2,0.0,1.7977,20.01,13.923257755539671,13.923257755539671,13.647939099356684,6.924,0.0
7061,2019-01-23,SZSE:000768,0.7476,13.98,13.7463,14.02,13.88,38705.6581,13.93,2.4634,67.1338,53.8936,104.1643,1.2103,23.5289,47.2659,47.266,0.0,0.0,0,39739.4149,96.7905,43.1768,26.5634,49.9851,1.2423,0.9822,3.8496,1,39951.0,2.2,0.0,1.7965,20.01,13.69713583690987,13.785631330472102,13.647971673819741,3.8496,0.0
7062,2019-01-24,SZSE:000768,0.7476,14.1,13.8643,14.17,13.86,39037.8955,13.98,2.4845,67.71,54.3562,105.0585,1.2207,23.6064,50.2231,50.2232,0.0,0.0,0,40071.6523,97.5997,43.5377,26.7855,50.403,1.2527,0.9904,8.1122,1,39951.0,2.2,0.0,1.8119,20.01,13.74630595744681,13.933129858156029,13.628311914893617,8.1122,0.0
7063,2019-01-25,SZSE:000768,0.7173,14.08,13.8446,14.28,14.02,38982.5226,14.11,2.481,67.614,54.2791,104.9094,1.219,23.4878,49.7227,49.7227,0.0,0.0,0,40016.2794,97.4648,43.4776,26.7485,50.3333,1.251,0.9891,11.0673,1,39951.0,2.2,0.0,1.8093,20.01,13.8740984375,14.04125625,13.785603125,11.0673,0.0
7064,2019-01-28,SZSE:000768,0.7173,14.15,13.9135,14.38,14.07,39176.3278,14.15,2.4933,67.9501,54.549,105.431,1.225,23.51,51.5427,51.5428,0.0,0.0,0,40210.0846,97.9369,43.6881,26.8781,50.5771,1.257,0.9939,13.2678,1,39951.0,2.2,0.0,1.8183,20.01,13.9135,14.139655830388692,13.834837102473498,13.2678,0.0
7065,2019-01-29,SZSE:000768,0.7173,13.88,13.648,14.15,13.7,38428.7936,14.11,2.4458,66.6535,53.5081,103.4192,1.2016,23.687,44.8053,44.8053,0.0,0.0,0,39462.5504,96.1161,42.8759,26.438,49.0797,1.2337,0.9807,8.7874,1,39951.0,2.2,0.0,1.7836,19.8433,13.87415561959654,13.913487031700287,13.47100864553314,8.7874,0.0
7066,2019-01-30,SZSE:000768,0.7173,13.88,13.648,14.05,13.7,38428.7936,13.88,2.4458,66.6535,53.5081,103.4192,1.2016,23.687,44.8053,44.8053,0.0,0.0,0,39462.5504,96.1161,42.8759,26.438,49.0797,1.2337,0.9807,5.9829,1,39951.0,2.2,0.0,1.7836,19.8433,13.648,13.815158501440921,13.47100864553314,5.9829,0.0
7067,2019-01-31,SZSE:000768,0.7173,13.89,13.6578,14.01,13.76,38456.48,13.89,2.4475,66.7016,53.5467,103.4938,1.2025,23.4767,45.1135,45.1135,0.0,0.0,0,39490.2369,96.1836,42.906,26.4566,49.1141,1.2345,0.9814,7.5333,1,39951.0,2.2,0.0,1.7849,19.8433,13.6578,13.775793952483802,13.529973218142548,7.5333,0.0
7068,2019-02-01,SZSE:000768,0.6873,14.15,13.9135,14.15,13.86,39176.3278,13.98,2.4933,67.9501,54.549,105.431,1.225,23.2111,52.5341,52.5341,0.0,0.0,0,40210.0846,97.9369,43.6881,26.9388,50.0094,1.257,0.9993,11.8758,1,39951.0,2.2,0.0,1.8183,19.8433,13.746341342756185,13.9135,13.628346996466432,11.8758,0.0
7069,2019-02-04,SZSE:000768,0.6873,0.0,13.9135,0.0,0.0,39176.3278,0.0,2.4933,67.9501,54.549,105.431,1.225,23.2111,52.5341,52.5341,0.0,0.0,0,40210.0846,97.9369,43.6881,26.9388,50.0094,1.257,0.9993,0.0,1,39951.0,2.2,0.0,1.8183,19.8433,0.0,0.0,0.0,0.0,0.0
7070,2019-02-05,SZSE:000768,0.6873,0.0,13.9135,0.0,0.0,39176.3278,0.0,2.4933,67.9501,54.549,105.431,1.225,23.2111,52.5341,52.5341,0.0,0.0,0,40210.0846,97.9369,43.6881,26.9388,50.0094,1.257,0.9993,0.0,1,39951.0,2.2,0.0,1.8183,19.8433,0.0,0.0,0.0,0.0,0.0
7071,2019-02-06,SZSE:000768,0.6873,0.0,13.9135,0.0,0.0,39176.3278,0.0,2.4933,67.9501,54.549,105.431,1.225,23.2111,52.5341,52.5341,0.0,0.0,0,40210.0846,97.9369,43.6881,26.9388,50.0094,1.257,0.9993,0.0,1,39951.0,2.2,0.0,1.8183,19.8433,0.0,0.0,0.0,0.0,0.0
7072,2019-02-07,SZSE:000768,0.6873,0.0,13.9135,0.0,0.0,39176.3278,0.0,2.4933,67.9501,54.549,105.431,1.225,23.2111,52.5341,52.5341,0.0,0.0,0,40210.0846,97.9369,43.6881,26.9388,50.0094,1.257,0.9993,0.0,1,39951.0,2.2,0.0,1.8183,19.8433,0.0,0.0,0.0,0.0,0.0
7073,2019-02-08,SZSE:000768,0.2995,0.0,13.9135,0.0,0.0,39176.3278,0.0,2.4933,67.9501,54.549,105.431,1.225,23.2111,52.5341,52.5341,0.0,0.0,0,40210.0846,97.9369,43.6881,26.7658,49.598,1.257,1.0015,0.0,1,39951.0,2.2,0.0,1.8183,19.0113,0.0,0.0,0.0,0.0,0.0
7074,2019-02-11,SZSE:000768,0.2995,14.37,14.1298,14.37,14.18,39785.4297,14.23,2.5321,69.0066,55.3971,107.0702,1.2441,23.7693,57.7405,57.7405,0.0,0.0,0,40819.1865,99.4204,44.3499,27.1713,50.3493,1.2761,1.0167,13.6539,1,39951.0,2.2,0.0,1.8466,19.0113,13.992140153096729,14.1298,13.942975922059848,13.6539,0.0
7075,2019-02-12,SZSE:000768,0.2995,14.5,14.2576,14.59,14.3,40145.3535,14.36,2.555,69.6309,55.8982,108.0388,1.2553,23.559,60.4977,60.4978,0.0,0.0,0,41179.1104,100.297,44.741,27.4109,50.7932,1.2873,1.0256,17.1924,1,39951.0,2.2,0.0,1.8633,19.0113,14.119940413793104,14.346095448275863,14.060943448275863,17.1924,0.0
7076,2019-02-13,SZSE:000768,0.2995,14.9,14.6509,14.99,14.4,41252.8116,14.47,2.6255,71.5517,57.4403,111.0192,1.29,24.1883,67.5199,67.52,0.0,0.0,0,42286.5684,102.9944,45.9442,28.148,52.1593,1.3219,1.0532,29.4079,1,39951.0,2.2,0.0,1.9147,19.0113,14.228088791946309,14.739395369127516,14.159259060402686,29.4079,0.0
7077,2019-02-14,SZSE:000768,0.2995,14.89,14.6411,15.08,14.73,41225.1251,14.91,2.6237,71.5037,57.4017,110.9447,1.2891,24.1535,67.1983,67.1984,0.0,0.0,0,42258.8819,102.927,45.9141,28.1296,52.1251,1.3211,1.0525,17.3444,1,39951.0,2.2,0.0,1.9134,19.0113,14.660765681665547,14.8279239758227,14.48377454667562,17.3444,0.0
7078,2019-02-15,SZSE:000768,0.2585,14.7,14.4543,14.98,14.68,40699.0825,14.8,2.5903,70.5913,56.6692,109.529,1.2726,23.1226,61.2306,61.2306,0.0,0.0,0,41732.8394,101.6457,45.3426,27.7795,51.4763,1.3046,1.0394,12.947,1,39951.0,2.2,0.0,1.889,19.0113,14.55262857142857,14.729620000000002,14.434634285714285,12.947,0.0
7079,2019-02-18,SZSE:000768,0.2585,15.2,14.9459,15.23,14.76,42083.4051,14.76,2.6784,72.9924,58.5968,113.2545,1.3159,24.1124,69.0262,69.0262,0.0,0.0,0,43117.1619,105.0174,46.8467,28.7009,53.1838,1.3479,1.0739,22.3458,1,39951.0,2.2,0.0,1.9532,19.0113,14.51325552631579,14.975398486842108,14.51325552631579,22.3458,0.0
7080,2019-02-19,SZSE:000768,0.2585,15.22,14.9656,15.34,14.91,42138.778,15.2,2.6819,73.0884,58.6739,113.4035,1.3177,24.0887,69.2921,69.2922,0.0,0.0,0,43172.5348,105.1523,46.9068,28.7378,53.2521,1.3496,1.0753,23.0175,1,39951.0,2.2,0.0,1.9558,19.0113,14.94593429697766,15.083594218134033,14.660781603153744,23.0175,0.0
7081,2019-02-20,SZSE:000768,0.2585,15.19,14.9361,15.45,14.99,42055.7186,15.17,2.6766,72.9443,58.5582,113.18,1.3151,24.0887,68.3441,68.3441,0.0,0.0,0,43089.4755,104.95,46.8166,28.6825,53.1496,1.347,1.0732,22.2137,1,39951.0,2.2,0.0,1.9519,19.0113,14.916434298880842,15.191754114549044,14.739442988808428,22.2137,0.0
7082,2019-02-21,SZSE:000768,0.2585,15.11,14.8574,15.91,15.04,41834.227,15.6,2.6625,72.5602,58.2498,112.5839,1.3081,24.0697,65.7602,65.7603,0.0,0.0,0,42867.9839,104.4105,46.5759,28.5351,52.8764,1.3401,1.0677,37.2436,1,39951.0,2.2,0.0,1.9417,19.0113,15.339208471211117,15.644026075446723,14.788570218398412,37.2436,0.0
7083,2019-02-22,SZSE:000768,0.2913,15.34,15.0836,15.37,14.98,42471.0154,15.0,2.703,73.6647,59.1365,114.2976,1.328,24.261,69.3482,69.3482,0.0,0.0,0,43504.7722,105.9615,47.2678,28.9589,53.6619,1.36,1.0836,21.0168,1,39951.0,2.2,0.0,1.9712,19.0113,14.749282920469362,15.11309856584094,14.729617209908737,21.0168,0.0
7084,2019-02-25,SZSE:000768,0.2913,16.27,15.998,16.37,15.34,45045.8553,15.56,2.8669,78.1306,62.7217,121.227,1.4086,25.42,78.9523,78.9523,0.0,0.0,0,46079.6121,112.2329,50.0654,30.6729,56.8379,1.4405,1.1477,52.8149,1,39951.0,2.2,0.0,2.0907,19.0113,15.299869698832206,16.096328211432088,15.083547633681622,52.8149,0.0
7085,2019-02-26,SZSE:000768,0.2913,16.1,15.8309,16.35,15.96,44575.1856,16.27,2.8369,77.3143,62.0663,119.9604,1.3938,25.537,74.3654,74.3654,0.0,0.0,0,45608.9425,111.0865,49.554,30.3596,56.2573,1.4258,1.136,38.2105,1,39951.0,2.2,0.0,2.0689,19.0113,15.998058571428569,16.076721428571428,15.69324,38.2105,0.0
7086,2019-02-27,SZSE:000768,0.2913,16.18,15.9095,16.75,16.01,44796.6773,16.08,2.851,77.6984,62.3747,120.5564,1.4008,25.548,75.0985,75.0986,0.0,0.0,0,45830.4341,111.6259,49.7946,30.507,56.5305,1.4327,1.1415,43.6103,1,39951.0,2.2,0.0,2.0792,19.0113,15.811171817058094,16.46997064276885,15.742342088998766,43.6103,0.0
7087,2019-02-28,SZSE:000768,0.2913,16.22,15.9488,16.74,16.01,44907.4231,16.6,2.8581,77.8905,62.5289,120.8545,1.4042,25.4753,75.4762,75.4762,0.0,0.0,0,45941.1799,111.8957,49.9149,30.5807,56.6671,1.4362,1.1442,28.2345,1,39951.0,2.2,0.0,2.0843,19.0113,16.322446362515418,16.4601055487053,15.74231122071517,28.2345,0.0
7088,2019-03-01,SZSE:000768,0.4333,16.24,15.9685,16.36,16.04,44962.796,16.25,2.8616,77.9866,62.606,121.0035,1.406,25.401,75.6749,75.6749,0.0,0.0,0,45996.5528,112.0305,49.9751,30.6176,56.644,1.4379,1.1441,20.6304,1,39951.0,2.2,0.0,2.3714,18.6014,15.978332820197044,16.086493842364536,15.771843596059115,20.6304,0.0
7089,2019-03-04,SZSE:000768,0.4333,16.56,16.2832,16.73,16.2,45848.7624,16.37,2.918,79.5232,63.8396,123.3878,1.4337,25.5322,78.6543,78.6543,0.0,0.0,0,46882.5192,114.1884,50.9377,31.2073,57.735,1.4656,1.1662,38.6173,1,39951.0,2.2,0.0,2.4182,18.6014,16.09637584541063,16.450358454106283,15.929217391304348,38.6173,0.0
7090,2019-03-05,SZSE:000768,0.4333,16.74,16.4602,16.8,16.37,46347.1185,16.5,2.9497,80.3876,64.5335,124.729,1.4492,25.2049,80.1287,80.1287,0.0,0.0,0,47380.8753,115.4022,51.4792,31.5391,58.3487,1.4812,1.1786,31.6882,1,39951.0,2.2,0.0,2.4445,18.6014,16.22421146953405,16.51919713261649,16.096384348864998,31.6882,0.0
7091,2019-03-06,SZSE:000768,0.4333,16.66,16.3815,16.86,16.41,46125.6269,16.75,2.9356,80.0035,64.2251,124.1329,1.4423,25.2318,77.5644,77.5644,0.0,0.0,0,47159.3837,114.8628,51.2385,31.3916,58.076,1.4743,1.1731,32.7886,1,39951.0,2.2,0.0,2.4328,18.6014,16.469995498199278,16.578156662665066,16.135679171668666,32.7886,0.0
7092,2019-03-07,SZSE:000768,0.4333,16.58,16.3028,16.84,16.42,45904.1353,16.58,2.9215,79.6193,63.9167,123.5368,1.4354,25.2239,74.9803,74.9803,0.0,0.0,0,46937.8921,114.3233,50.9979,31.2442,57.8032,1.4673,1.1676,30.1183,1,39951.0,2.2,0.0,2.4211,18.6014,16.3028,16.55845307599518,16.14547503015682,30.1183,0.0
7093,2019-03-08,SZSE:000768,0.4316,15.84,15.5752,16.55,15.8,43855.3379,16.31,2.7911,76.0657,61.064,118.0231,1.3713,26.8968,56.2968,56.2968,0.0,0.0,0,44889.0948,109.3332,48.7719,29.8804,55.2802,1.4033,1.1166,34.2433,1,39951.0,2.2,0.0,2.313,18.6014,16.03734292929293,16.27333080808081,15.535868686868689,34.2433,0.0
7094,2019-03-11,SZSE:000768,0.4316,16.7,16.4208,16.7,15.93,46236.3727,16.12,2.9427,80.1955,64.3793,124.4309,1.4458,28.364,66.6861,66.6861,0.0,0.0,0,47270.1295,115.1325,51.3588,31.4653,58.2124,1.4777,1.1758,42.8646,1,39951.0,2.2,0.0,2.4386,18.6014,15.850496766467067,16.4208,15.663673293413174,42.8646,0.0
7095,2019-03-12,SZSE:000768,0.4316,17.06,16.7748,17.5,16.75,47233.0849,17.17,3.0061,81.9243,65.7672,127.1133,1.477,28.6313,69.9107,69.9107,0.0,0.0,0,48266.8417,117.5601,52.4418,32.1288,59.4398,1.5089,1.2006,61.8751,1,39951.0,2.2,0.0,2.4912,18.6014,16.88296107854631,17.207444314185228,16.469982415005862,61.8751,0.0
7096,2019-03-13,SZSE:000768,0.4316,17.1,16.8141,18.26,17.0,47343.8307,17.66,3.0131,82.1164,65.9214,127.4113,1.4804,28.5712,70.2552,70.2552,0.0,0.0,0,48377.5875,117.8299,52.5621,32.2025,59.5762,1.5124,1.2034,78.1103,1,39951.0,2.2,0.0,2.497,18.6014,17.364737192982457,17.95470561403509,16.71577192982456,78.1103,0.0
7097,2019-03-14,SZSE:000768,0.4316,16.66,16.3815,17.38,16.23,46125.6269,17.1,2.9356,80.0035,64.2251,124.1329,1.4423,28.5237,61.8643,61.8643,0.0,0.0,0,47159.3837,114.8628,51.2385,31.3916,58.076,1.4743,1.1731,48.2414,1,39951.0,2.2,0.0,2.4328,18.6014,16.814144657863146,17.089463985594236,15.958688175270106,48.2414,0.0
7098,2019-03-15,SZSE:000768,0.5055,16.76,16.4798,17.08,16.54,46402.4914,17.0,2.9532,80.4837,64.6106,124.878,1.451,28.2802,62.9474,62.9475,0.0,0.0,0,47436.2482,115.5371,51.5393,31.5759,58.4169,1.4829,1.1799,33.1408,1,39951.0,2.2,0.0,2.4474,18.6014,16.715787589498806,16.79445011933174,16.263478042959427,33.1408,0.0
7099,2019-03-18,SZSE:000768,0.5055,16.97,16.6863,17.0,16.43,46983.9069,16.77,2.9277,84.1766,64.2876,102.6165,1.4035,28.4194,65.1838,65.1838,0.0,0.0,0,43657.7141,76.5128,41.649,27.1802,64.2115,1.3045,1.0409,34.8071,1,39951.0,2.2,2.7521,2.4351,18.6014,16.489643547436653,16.715798467884504,16.155327578078964,34.8071,0.0
7100,2019-03-19,SZSE:000768,0.5055,17.5,17.2074,17.56,16.86,48451.2887,16.93,3.0192,86.8056,74.8759,105.8214,1.4474,28.889,70.0903,70.0903,0.0,0.0,0,45125.096,79.0845,43.0488,35.3446,59.5195,1.3483,1.2356,47.2645,1,39951.0,2.2,2.9263,2.8362,18.77,16.6469304,17.2663968,16.578100799999998,47.2645,0.0
7101,2019-03-20,SZSE:000768,0.5055,17.15,16.8633,17.49,16.86,47482.263,17.49,2.9588,85.0694,71.8445,103.705,1.4184,28.9269,63.7055,63.7055,0.0,0.0,0,44156.0703,77.3862,42.1244,34.1283,57.1982,1.3193,1.1491,31.7452,1,39951.0,2.2,2.743,2.7214,18.4843,17.197616151603498,17.197616151603498,16.57814798833819,31.7452,0.0
7102,2019-03-21,SZSE:000768,0.5055,17.11,16.824,17.27,16.96,47371.5172,17.15,2.9519,84.871,71.6769,103.4631,1.4151,28.5064,62.9992,62.9992,0.0,0.0,0,44045.3245,77.1921,42.0187,34.0427,57.0547,1.316,1.1462,27.4575,1,39951.0,2.2,2.7366,2.715,18.4843,16.863331385154883,16.981325540619522,16.6765073056692,27.4575,0.0
7103,2019-03-22,SZSE:000768,0.6653,17.19,16.9026,17.37,16.96,47593.0088,17.2,2.9657,85.2679,72.4522,103.9468,1.4217,28.255,63.8622,63.8622,0.0,0.0,0,44266.8161,77.5803,42.23,34.2139,57.0704,1.3227,1.148,28.7915,1,39951.0,2.2,2.7885,2.7444,18.4843,16.912432809773122,17.079590575916228,16.67644537521815,28.7915,0.0
7104,2019-03-25,SZSE:000768,0.6653,18.0,17.6991,18.85,17.2,49835.6113,17.2,3.1054,89.2857,75.8661,108.8449,1.4887,29.6179,71.1891,71.1891,0.0,0.0,0,46509.4186,81.5106,44.3695,35.9472,59.9616,1.3897,1.2062,85.0519,1,39951.0,2.2,2.9199,2.8737,18.4843,16.912473333333335,18.534890833333336,16.912473333333335,85.0519,0.0
7105,2019-03-26,SZSE:000768,0.6653,16.99,16.706,18.0,16.98,47039.2798,18.0,2.9312,84.2758,71.6092,102.7375,1.4052,32.1319,55.9549,55.9549,0.0,0.0,0,43713.0871,76.6099,41.7018,33.7859,56.3565,1.3061,1.1336,52.8882,1,39951.0,2.2,2.756,2.7125,18.4843,17.69911712772219,17.69911712772219,16.696167157151265,52.8882,0.0
7106,2019-03-27,SZSE:000768,0.6653,16.66,16.3815,17.09,16.42,46125.6269,17.0,2.8742,82.6389,70.2183,100.742,1.3779,32.2869,52.0367,52.0367,0.0,0.0,0,42799.4342,75.0087,40.8302,33.0797,55.1786,1.2788,1.11,29.753,1,39951.0,2.2,2.7025,2.6598,18.4843,16.71581632653061,16.80431182472989,16.145512004801923,29.753,0.0
7107,2019-03-28,SZSE:000768,0.6653,16.5,16.2242,17.0,16.48,45682.6437,16.72,2.8466,81.8452,69.544,99.7745,1.3647,32.4149,50.2012,50.2012,0.0,0.0,0,42356.451,74.2323,40.4076,32.7374,54.6075,1.2656,1.0985,22.9018,1,39951.0,2.2,2.6765,2.6342,18.4843,16.440522666666663,16.715842424242425,16.204534303030304,22.9018,0.0
7108,2019-03-29,SZSE:000768,0.6633,17.05,16.765,17.09,16.59,47205.3985,16.67,2.9415,84.5734,71.8621,103.1003,1.4102,32.6853,55.9528,55.9528,0.0,0.0,0,43879.2058,76.901,41.8603,33.9143,56.5707,1.3111,1.138,31.5104,1,39951.0,2.2,2.7658,2.7221,18.4843,16.39135190615836,16.804331378299118,16.312689149560118,31.5104,0.0
7109,2019-04-01,SZSE:000768,0.6633,17.5,17.2074,17.67,17.15,48451.2887,17.23,3.0192,86.8056,73.7588,105.8214,1.4474,32.709,60.0214,60.0214,0.0,0.0,0,45125.096,79.0845,43.0488,34.8772,58.1769,1.3483,1.1703,36.6771,1,39951.0,2.2,2.8388,2.7939,18.4843,16.941914399999998,17.3745576,16.863252,36.6771,0.0
7110,2019-04-02,SZSE:000768,0.6633,17.49,17.1976,17.94,17.36,48423.6023,17.6,3.0174,86.756,73.7166,105.7609,1.4465,32.7169,59.889,59.889,0.0,0.0,0,45097.4096,79.036,43.0224,34.8558,58.1412,1.3475,1.1695,41.3608,1,39951.0,2.2,2.8371,2.7923,18.4843,17.305761006289313,17.64007684391081,17.069773356203548,41.3608,0.0
7111,2019-04-03,SZSE:000768,0.6633,17.59,17.2959,17.67,17.25,48700.4668,17.41,3.0347,87.252,74.1381,106.3656,1.4548,32.1335,60.8196,60.8196,0.0,0.0,0,45374.2741,79.5212,43.2866,35.0698,58.4982,1.3557,1.1767,30.6882,1,39951.0,2.2,2.8534,2.8083,18.4843,17.11890955088118,17.37456242183059,16.96158470722001,30.6882,0.0
7112,2019-04-04,SZSE:000768,0.6633,17.67,17.3746,17.97,17.51,48921.9584,17.82,3.0485,87.6488,74.4753,106.8494,1.4614,32.0702,61.5875,61.5875,0.0,0.0,0,45595.7657,79.9094,43.4979,35.241,58.7837,1.3624,1.1825,35.7077,1,39951.0,2.2,2.8663,2.821,18.4843,17.52209235993209,17.669584719864176,17.21727481607244,35.7077,0.0
7113,2019-04-05,SZSE:000768,0.7079,0.0,17.3746,0.0,0.0,48921.9584,0.0,3.0485,87.6488,74.4753,106.8494,1.4614,32.0702,61.5875,61.5875,0.0,0.0,0,45595.7657,79.9094,43.4979,35.241,58.7837,1.3624,1.1825,0.0,1,39951.0,2.2,2.8663,2.821,18.4843,0.0,0.0,0.0,0.0,0.0
7114,2019-04-08,SZSE:000768,0.7079,17.42,17.1288,17.94,17.14,48229.7971,17.84,3.0053,86.4087,73.4216,105.3376,1.4408,32.0086,57.7769,57.7769,0.0,0.0,0,44903.6044,78.6963,42.8375,34.7061,57.8914,1.3417,1.1645,30.6897,1,39951.0,2.2,2.8258,2.7811,18.4843,17.54177910447761,17.64010746268656,16.853480597014922,30.6897,0.0
7115,2019-04-09,SZSE:000768,0.7079,17.42,17.1288,17.5,17.18,48229.7971,17.38,3.0053,86.4087,73.4216,105.3376,1.4408,31.9153,57.7769,57.7769,0.0,0.0,0,44903.6044,78.6963,42.8375,34.7061,57.8914,1.3417,1.1645,17.8077,1,39951.0,2.2,2.8258,2.7811,18.4843,17.089468656716413,17.207462686567162,16.892811940298504,17.8077,0.0
7116,2019-04-10,SZSE:000768,0.7079,17.19,16.9026,17.4,17.0,47593.0088,17.4,2.9657,85.2679,72.3333,103.9468,1.4217,32.1066,54.1989,54.1988,0.0,0.0,0,44266.8161,77.5803,42.23,34.2139,57.0704,1.3227,1.1584,21.0587,1,39951.0,2.2,2.7885,2.7399,18.4843,17.1090890052356,17.1090890052356,16.715776614310645,21.0587,0.0
7117,2019-04-11,SZSE:000768,0.7079,17.02,16.7355,17.36,17.0,47122.3391,17.14,2.9363,84.4246,71.6179,102.9189,1.4077,32.2078,51.6527,51.6527,0.0,0.0,0,43796.1464,76.7555,41.781,33.8501,56.4636,1.3086,1.1461,19.6593,1,39951.0,2.2,2.7609,2.7128,18.4843,16.853494124559344,17.069816686251468,16.715834312573442,19.6593,0.0
7118,2019-04-12,SZSE:000768,0.7005,16.93,16.647,17.16,16.79,46873.1611,17.03,2.9208,83.9782,71.2392,102.3746,1.4002,31.977,50.3053,50.3053,0.0,0.0,0,43546.9683,76.3188,41.5433,33.6575,56.1423,1.3011,1.1396,15.3603,1,39951.0,2.2,2.7463,2.6985,18.4843,16.745328411104545,16.87315534554046,16.50934022445363,15.3603,0.0
7119,2019-04-15,SZSE:000768,0.7005,16.93,16.647,17.36,16.9,46873.1611,17.16,2.9208,83.9782,71.2392,102.3746,1.4002,32.0623,50.3053,50.3053,0.0,0.0,0,43546.9683,76.3188,41.5433,33.6575,56.1423,1.3011,1.1396,19.0036,1,39951.0,2.2,2.7463,2.6985,18.4843,16.87315534554046,17.069812167749557,16.617501476668632,19.0036,0.0
7120,2019-04-16,SZSE:000768,0.7005,17.2,16.9125,17.2,16.6,47620.6952,16.9,2.9674,85.3175,72.3753,104.0073,1.4226,32.0987,54.4402,54.4402,0.0,0.0,0,44294.5025,77.6288,42.2565,34.2353,57.1061,1.3235,1.1592,17.4902,1,39951.0,2.2,2.7901,2.7415,18.4843,16.61751453488372,16.9125,16.322529069767445,17.4902,0.0
7121,2019-04-17,SZSE:000768,0.7005,17.44,17.1485,17.57,17.11,48285.17,17.15,3.0088,86.5079,73.3852,105.4586,1.4424,31.9675,57.8014,57.8014,0.0,0.0,0,44958.9773,78.7934,42.8904,34.7488,57.9627,1.3433,1.1766,24.2442,1,39951.0,2.2,2.829,2.7797,18.4843,16.86334719036697,17.27632712155963,16.82401576834862,24.2442,0.0
7122,2019-04-18,SZSE:000768,0.7005,17.31,17.0206,17.63,17.27,47925.2462,17.45,2.9864,85.8631,72.8382,104.6725,1.4317,32.0434,55.4165,55.4165,0.0,0.0,0,44599.0535,78.1626,42.547,34.4707,57.4987,1.3326,1.1671,23.9923,1,39951.0,2.2,2.8079,2.759,18.4843,17.15825938763721,17.33525002888504,16.98126874638937,23.9923,0.0
7123,2019-04-19,SZSE:000768,0.7046,17.24,16.9518,17.5,17.0,47731.441,17.42,2.9743,85.5159,72.5437,104.2492,1.4259,31.8046,54.1216,54.1216,0.0,0.0,0,44405.2483,77.8229,42.3621,34.3209,57.2489,1.3268,1.1621,18.8024,1,39951.0,2.2,2.7966,2.7479,18.4843,17.128790951276102,17.207453596287703,16.7158120649652,18.8024,0.0
7124,2019-04-22,SZSE:000768,0.7046,17.11,16.824,17.37,17.06,47371.5172,17.24,2.9519,84.871,71.9966,103.4631,1.4151,31.9564,51.7053,51.7053,0.0,0.0,0,44045.3245,77.1921,42.0187,34.0427,56.7848,1.316,1.1526,15.0493,1,39951.0,2.2,2.7755,2.7272,18.4843,16.951827001753358,17.079654003506725,16.7748357685564,15.0493,0.0
7125,2019-04-23,SZSE:000768,0.7046,16.7,16.4208,17.2,16.7,46236.3727,17.11,2.8811,82.8373,70.2714,100.9838,1.3812,32.4608,44.897,44.897,0.0,0.0,0,42910.18,75.2027,40.9358,33.1653,55.3214,1.2821,1.1229,20.8291,1,39951.0,2.2,2.709,2.6618,18.4843,16.82394538922156,16.912440718562873,16.4208,20.8291,0.0
7126,2019-04-24,SZSE:000768,0.7046,16.86,16.5781,16.9,16.57,46679.3559,16.77,2.9087,83.631,70.9447,101.9514,1.3944,32.4687,47.7864,47.7864,0.0,0.0,0,43353.1632,75.9791,41.3584,33.5077,55.8925,1.2954,1.1345,12.3008,1,39951.0,2.2,2.7349,2.6873,18.4843,16.48960480427046,16.617431198102015,16.29294881376038,12.3008,0.0
7127,2019-04-25,SZSE:000768,0.7046,16.24,15.9685,16.94,16.21,44962.796,16.87,2.8018,80.5556,68.3358,98.2023,1.3432,33.5328,39.2071,39.2071,0.0,0.0,0,41636.6032,72.9707,39.7209,32.181,53.6794,1.2441,1.0896,16.9818,1,39951.0,2.2,2.6344,2.5885,18.4843,16.587967672413797,16.656797413793107,15.93900153940887,16.9818,0.0
7128,2019-04-26,SZSE:000768,0.7203,16.16,15.8898,16.42,16.1,44741.3044,16.3,2.7489,78.4363,63.6973,100.7927,1.2936,33.2782,38.2528,38.2528,0.0,0.0,0,42416.4436,68.8052,39.2615,30.0236,51.5693,1.2262,1.0706,14.7575,1,39951.0,2.2,0.0,2.4128,18.4843,16.027459158415844,16.14545272277228,15.830803217821783,14.7575,0.0
7129,2019-04-29,SZSE:000768,0.7203,15.83,15.5654,16.43,15.82,43827.6515,16.19,2.6928,76.8346,61.4519,98.7345,1.2671,33.6039,34.5202,34.5202,0.0,0.0,0,41502.7907,67.3231,38.4158,31.4741,47.5591,1.1998,1.0611,15.5583,1,39951.0,2.2,0.0,2.3277,18.6986,15.919382564750476,16.15537094125079,15.555567150979154,15.5583,0.0
7130,2019-04-30,SZSE:000768,0.7203,15.92,15.6539,16.14,15.85,44076.8295,15.87,2.7081,77.2714,61.8012,99.2958,1.2743,33.6071,36.3445,36.3445,0.0,0.0,0,41751.9688,67.7273,38.6464,31.663,47.8446,1.207,1.0675,13.4893,1,39951.0,2.2,0.0,2.341,18.6986,15.60473574120603,15.870222738693467,15.585070037688443,13.4893,0.0
7131,2019-05-01,SZSE:000768,0.7203,0.0,15.6539,0.0,0.0,44076.8295,0.0,2.7081,77.2714,61.8012,99.2958,1.2743,33.6071,36.3445,36.3445,0.0,0.0,0,41751.9688,67.7273,38.6464,31.663,47.8446,1.207,1.0675,0.0,1,39951.0,2.2,0.0,2.341,18.6986,0.0,0.0,0.0,0.0,0.0
7132,2019-05-02,SZSE:000768,0.7203,0.0,15.6539,0.0,0.0,44076.8295,0.0,2.7081,77.2714,61.8012,99.2958,1.2743,33.6071,36.3445,36.3445,0.0,0.0,0,41751.9688,67.7273,38.6464,31.663,47.8446,1.207,1.0675,0.0,1,39951.0,2.2,0.0,2.341,18.6986,0.0,0.0,0.0,0.0,0.0
7133,2019-05-03,SZSE:000768,0.7196,0.0,15.6539,0.0,0.0,44076.8295,0.0,2.7081,77.2714,61.8012,99.2958,1.2743,33.6071,36.3445,36.3445,0.0,0.0,0,41751.9688,67.7273,38.6464,31.663,47.8446,1.207,1.0675,0.0,1,39951.0,2.2,0.0,2.341,18.6986,0.0,0.0,0.0,0.0,0.0
7134,2019-05-06,SZSE:000768,0.7196,14.83,14.5821,15.7,14.5,41059.0064,15.63,2.5227,71.9809,57.5699,92.4973,1.1871,37.035,26.6577,26.6577,0.0,0.0,0,38734.1457,62.832,35.8531,29.3744,44.3864,1.1197,0.9904,23.7251,1,39951.0,2.2,0.0,2.1807,18.6986,15.368727107215106,15.437556979096426,14.257616318273769,23.7251,0.0
7135,2019-05-07,SZSE:000768,0.7196,14.93,14.6804,15.02,14.69,41335.8709,14.99,2.5397,72.4662,57.9581,93.121,1.1951,36.7283,28.5395,28.5395,0.0,0.0,0,39011.0102,63.2811,36.1093,29.5844,44.7037,1.1277,0.9974,13.4218,1,39951.0,2.2,0.0,2.1954,18.6986,14.739396918955125,14.768895378432685,14.444412324179504,13.4218,0.0
7136,2019-05-08,SZSE:000768,0.7196,15.0,14.7492,15.15,14.61,41529.6761,14.67,2.5516,72.806,58.2298,93.5576,1.2007,36.4184,29.8954,29.8954,0.0,0.0,0,39204.8153,63.5955,36.2887,29.7314,44.9258,1.1333,1.0024,12.4932,1,39951.0,2.2,0.0,2.2057,18.6986,14.4247176,14.896692,14.3657208,12.4932,0.0
7137,2019-05-09,SZSE:000768,0.7196,15.09,14.8377,15.35,14.85,41778.8541,14.94,2.5669,73.2428,58.5792,94.119,1.2079,36.1243,31.6901,31.6901,0.0,0.0,0,39453.9934,63.9997,36.5194,29.9204,45.2113,1.1405,1.0088,17.7922,1,39951.0,2.2,0.0,2.2189,18.6986,14.690207952286283,15.093352882703778,14.601712723658052,17.7922,0.0
7138,2019-05-10,SZSE:000768,0.7291,15.77,15.5064,15.86,15.11,43661.5328,15.17,2.6826,76.5434,61.2189,98.3603,1.2623,36.8643,43.4662,43.4662,0.0,0.0,0,41336.672,67.0537,38.262,31.3481,47.3687,1.195,1.0569,24.7897,1,39951.0,2.2,0.0,2.3189,18.6986,14.916429169308815,15.594895624603675,14.857432086239696,24.7897,0.0
7139,2019-05-13,SZSE:000768,0.7291,15.5,15.2409,15.77,15.36,42913.9986,15.55,2.6367,75.2329,60.1708,96.6762,1.2407,37.1504,40.482,40.482,0.0,0.0,0,40589.1379,65.8411,37.5701,30.7812,46.5121,1.1733,1.0378,15.249,1,39951.0,2.2,0.0,2.2792,18.6986,15.290064193548385,15.506386645161289,15.103240258064517,15.249,0.0
7140,2019-05-14,SZSE:000768,0.7291,15.47,15.2114,15.76,15.22,42830.9393,15.22,2.6316,75.0873,60.0544,96.4891,1.2383,37.1536,40.1522,40.1522,0.0,0.0,0,40506.0785,65.7063,37.4932,30.7182,46.4169,1.1709,1.0357,15.3112,1,39951.0,2.2,0.0,2.2748,18.6986,14.965579056237878,15.496552294764058,14.965579056237878,15.3112,0.0
7141,2019-05-15,SZSE:000768,0.7291,15.53,15.2704,15.62,15.36,42997.058,15.52,2.6418,75.3785,60.2873,96.8633,1.2431,37.0508,41.1844,41.1844,0.0,0.0,0,40672.1972,65.9758,37.647,30.8442,46.6073,1.1757,1.0399,12.3783,1,39951.0,2.2,0.0,2.2836,18.6986,15.260567160334835,15.35889555698648,15.10324172569221,12.3783,0.0
7142,2019-05-16,SZSE:000768,0.7291,16.09,15.821,16.48,15.43,44547.4992,15.51,2.737,78.0966,62.4612,100.3561,1.288,37.405,49.874,49.874,0.0,0.0,0,42222.6385,68.4908,39.0821,32.02,48.384,1.2206,1.0795,28.7863,1,39951.0,2.2,0.0,2.366,18.6986,15.25069670602859,16.20447980111871,15.172034182722188,28.7863,0.0
7143,2019-05-17,SZSE:000768,0.6766,15.82,15.5555,16.28,15.73,43799.965,16.0,2.6911,76.7861,61.413,98.6721,1.2663,37.2785,46.3206,46.3206,0.0,0.0,0,41475.1043,67.2782,38.3902,31.4531,47.5274,1.199,1.0604,23.2145,1,39951.0,2.2,0.0,2.3263,18.6986,15.732490518331225,16.007809102402025,15.467004740834389,23.2145,0.0
7144,2019-05-20,SZSE:000768,0.6766,16.27,15.998,16.27,15.65,45045.8553,15.69,2.7677,78.9702,63.1599,101.4788,1.3024,37.7276,52.4068,52.4068,0.0,0.0,0,42720.9946,69.2992,39.5434,32.3979,48.9551,1.235,1.0923,20.0379,1,39951.0,2.2,0.0,2.3924,18.6986,15.427696373693914,15.998,15.388365089121082,20.0379,0.0
7145,2019-05-21,SZSE:000768,0.6766,16.26,15.9882,16.38,15.97,45018.1689,16.2,2.7659,78.9217,63.1211,101.4165,1.3016,37.7054,52.265,52.265,0.0,0.0,0,42693.3081,69.2543,39.5177,32.3769,48.9233,1.2342,1.0916,18.3851,1,39951.0,2.2,0.0,2.391,18.6986,15.929202952029518,16.10619409594096,15.703047601476014,18.3851,0.0
7146,2019-05-22,SZSE:000768,0.6766,16.09,15.821,16.23,16.02,44547.4992,16.23,2.737,78.0966,62.4612,100.3561,1.288,37.6691,49.7979,49.7979,0.0,0.0,0,42222.6385,68.4908,39.0821,32.02,48.384,1.2206,1.0795,12.0415,1,39951.0,2.2,0.0,2.366,18.6986,15.958659415786205,15.958659415786205,15.752170292106898,12.0415,0.0
7147,2019-05-23,SZSE:000768,0.6766,15.9,15.6342,16.28,15.85,44021.4566,16.0,2.7047,77.1744,61.7236,99.1711,1.2727,37.4382,47.1208,47.1208,0.0,0.0,0,41696.5959,67.6375,38.5952,31.6211,47.7812,1.2054,1.0661,11.8067,1,39951.0,2.2,0.0,2.338,18.6986,15.732528301886793,16.00784754716981,15.585035849056604,11.8067,0.0
7148,2019-05-24,SZSE:000768,0.6849,15.38,15.1229,15.91,15.33,42581.7612,15.8,2.6163,74.6504,59.705,95.9278,1.2311,37.7513,40.6757,40.6757,0.0,0.0,0,40256.9005,65.3021,37.2626,30.5292,46.1314,1.1637,1.0293,13.5502,1,39951.0,2.2,0.0,2.2616,18.6986,15.535879063719117,15.64404024707412,15.073735825747724,13.5502,0.0
7149,2019-05-27,SZSE:000768,0.6849,15.75,15.4867,15.78,15.39,43606.1599,15.47,2.6792,76.4463,61.1413,98.2355,1.2607,36.6476,46.3036,46.3036,0.0,0.0,0,41281.2991,66.9639,38.2108,31.3061,47.3053,1.1934,1.0555,11.2728,1,39951.0,2.2,0.0,2.316,18.6986,15.21138088888889,15.516198476190477,15.132718285714287,11.2728,0.0
7150,2019-05-28,SZSE:000768,0.6849,15.85,15.585,15.87,15.54,43883.0244,15.7,2.6962,76.9317,61.5295,98.8592,1.2687,36.6698,47.7464,47.7464,0.0,0.0,0,41558.1636,67.413,38.467,31.5161,47.6225,1.2014,1.0626,13.9457,1,39951.0,2.2,0.0,2.3307,18.6986,15.43750788643533,15.604665615141958,15.280182965299685,13.9457,0.0
7151,2019-05-29,SZSE:000768,0.6849,15.7,15.4375,15.86,15.6,43467.7276,15.75,2.6707,76.2036,60.9472,97.9236,1.2567,36.4041,45.7602,45.7602,0.0,0.0,0,41142.8669,66.7393,38.0826,31.2011,47.1466,1.1894,1.0519,10.73,1,39951.0,2.2,0.0,2.3086,18.6986,15.486664012738855,15.594824840764332,15.339171974522293,10.73,0.0
7152,2019-05-30,SZSE:000768,0.6849,15.44,15.1819,15.61,15.35,42747.8799,15.53,2.6265,74.9416,59.9379,96.302,1.2359,36.2476,42.4628,42.4628,0.0,0.0,0,40423.0192,65.5716,37.4163,30.6552,46.3218,1.1685,1.0335,9.6838,1,39951.0,2.2,0.0,2.2704,18.6986,15.270395531088084,15.349058225388601,15.093404468911917,9.6838,0.0
7153,2019-05-31,SZSE:000768,0.6791,15.7,15.4375,15.75,15.43,43467.7276,15.5,2.6707,76.2036,60.7585,97.9236,1.2567,36.1211,46.6062,46.6062,0.0,0.0,0,41142.8669,66.7393,38.0826,31.2011,47.1466,1.1894,1.0519,10.2913,1,39951.0,2.2,0.0,2.3015,19.0963,15.240843949044587,15.486664012738855,15.17201433121019,10.2913,0.0
7154,2019-06-03,SZSE:000768,0.6791,15.4,15.1426,15.83,15.33,42637.1341,15.8,2.6197,74.7475,59.5975,96.0525,1.2327,36.314,42.7783,42.7783,0.0,0.0,0,40312.2734,65.392,37.3138,30.5712,46.1949,1.1653,1.0307,12.806,1,39951.0,2.2,0.0,2.2575,19.0963,15.535914285714286,15.565412857142856,15.07377,12.806,0.0
7155,2019-06-04,SZSE:000768,0.6791,15.12,14.8672,15.36,14.97,41861.9135,15.3,2.572,73.3884,58.5139,94.3061,1.2103,36.2397,39.5161,39.5161,0.0,0.0,0,39537.0527,64.1345,36.5963,29.9833,45.3065,1.1429,1.0109,9.8066,1,39951.0,2.2,0.0,2.2164,19.0963,15.04419047619048,15.103187301587301,14.71970793650794,9.8066,0.0
7156,2019-06-05,SZSE:000768,0.6791,15.07,14.8181,15.27,14.99,41723.4812,15.26,2.5635,73.1458,74.1999,93.9942,1.2063,36.1543,38.945,38.945,0.0,0.0,0,39398.6205,63.9099,36.4681,28.2313,45.0847,1.1389,0.9964,8.0287,1,39951.0,2.2,0.0,2.8106,18.8213,15.004924087591242,15.014756934306567,14.739437226277373,8.0287,0.0
7157,2019-06-06,SZSE:000768,0.6791,14.94,14.6902,15.07,14.8,41363.5574,15.03,2.5414,72.5148,73.5598,93.1834,1.1959,36.1765,37.4302,37.4302,0.0,0.0,0,39038.6966,63.3261,36.135,27.9734,44.6728,1.1285,0.9873,8.321,1,39951.0,2.2,0.0,2.7864,18.8213,14.778695180722893,14.81802637215529,14.552540829986615,8.321,0.0
7158,2019-06-07,SZSE:000768,0.6476,0.0,14.6902,0.0,0.0,41363.5574,0.0,2.5414,72.5148,73.5598,93.1834,1.1959,36.1765,37.4302,37.4302,0.0,0.0,0,39038.6966,63.3261,36.135,27.9734,44.6728,1.1285,0.9873,0.0,1,39951.0,2.2,0.0,2.7864,18.8213,0.0,0.0,0.0,0.0,0.0
7159,2019-06-10,SZSE:000768,0.6476,15.03,14.7787,15.21,14.95,41612.7354,14.95,2.5567,72.9516,74.003,93.7447,1.2031,35.3606,39.1935,39.1935,0.0,0.0,0,39287.8747,63.7303,36.3656,28.152,44.9579,1.1357,0.9936,8.5544,1,39951.0,2.2,0.0,2.8031,18.8213,14.7000375914837,14.955690419161678,14.7000375914837,8.5544,0.0
7160,2019-06-11,SZSE:000768,0.6476,15.46,15.2016,15.51,14.96,42803.2528,15.05,2.6299,75.0387,76.1201,96.4267,1.2375,34.1305,46.8939,46.8939,0.0,0.0,0,40478.3921,65.6614,37.4676,29.005,46.3203,1.1701,1.0237,14.7622,1,39951.0,2.2,0.0,2.8833,18.8213,14.79845278137128,15.250764294954719,14.70995705045278,14.7622,0.0
7161,2019-06-12,SZSE:000768,0.6476,15.37,15.1131,15.53,15.33,42554.0747,15.4,2.6146,74.6019,75.677,95.8654,1.2303,33.8221,45.5925,45.5925,0.0,0.0,0,40229.214,65.2572,37.2369,28.8265,46.0351,1.1629,1.0174,10.4961,1,39951.0,2.2,0.0,2.8666,18.8213,15.14259856864021,15.270425699414442,15.073768575146389,10.4961,0.0
7162,2019-06-13,SZSE:000768,0.6476,15.32,15.0639,15.44,15.2,42415.6425,15.4,2.606,74.3592,75.4308,95.5535,1.2263,33.8127,44.8479,44.8479,0.0,0.0,0,40090.7818,65.0327,37.1088,28.7273,45.8767,1.1589,1.0139,8.2627,1,39951.0,2.2,0.0,2.8572,18.8213,15.142562663185378,15.181893994778067,14.945906005221932,8.2627,0.0
7163,2019-06-14,SZSE:000768,0.6134,15.22,14.9656,15.65,15.17,42138.778,15.36,2.589,73.8738,74.9385,94.9298,1.2183,33.4585,43.3238,43.3238,0.0,0.0,0,39813.9172,64.5836,36.8525,28.5289,45.5599,1.1509,1.0069,13.2122,1,39951.0,2.2,0.0,2.8386,18.8213,15.103259921156372,15.38841261498029,14.916435742444152,13.2122,0.0
7164,2019-06-17,SZSE:000768,0.6134,15.15,14.8967,15.26,15.0,41944.9728,15.21,2.5771,73.5341,74.5938,94.4932,1.2127,33.4284,42.2417,42.2417,0.0,0.0,0,39620.1121,64.2692,36.6731,28.39,45.3381,1.1453,1.002,7.6033,1,39951.0,2.2,0.0,2.8255,18.8213,14.955696831683168,15.004860858085808,14.749207920792077,7.6033,0.0
7165,2019-06-18,SZSE:000768,0.6134,15.09,14.8377,15.23,15.04,41778.8541,15.21,2.5669,73.2428,74.2984,94.119,1.2079,33.3051,41.2897,41.2897,0.0,0.0,0,39453.9934,63.9997,36.5194,28.271,45.148,1.1405,0.9978,7.046,1,39951.0,2.2,0.0,2.8143,18.8213,14.955693638170976,14.975359244532806,14.788535984095427,7.046,0.0
7166,2019-06-19,SZSE:000768,0.6134,15.27,15.0147,15.45,15.2,42277.2102,15.4,2.5975,74.1165,75.1846,95.2417,1.2223,32.747,45.2743,45.2743,0.0,0.0,0,39952.3495,64.8081,36.9807,28.6281,45.7183,1.1549,1.0104,12.1564,1,39951.0,2.2,0.0,2.8479,18.8213,15.142526522593322,15.191690569744598,14.94587033398821,12.1564,0.0
7167,2019-06-20,SZSE:000768,0.6134,15.5,15.3413,15.5,15.08,42913.9986,15.2,2.6367,75.2329,76.3171,96.6762,1.2407,32.7169,49.9488,51.7786,0.0,0.0,0,40589.1379,65.8411,37.5701,29.0844,46.447,1.1733,1.0265,16.0623,1,39951.0,2.2,0.0,2.8908,18.8213,15.044371612903225,15.3413,14.925600258064517,16.0623,0.100
7168,2019-06-21,SZSE:000768,0.6304,15.74,15.5789,15.82,15.44,43578.4734,15.44,2.6775,76.3978,77.4988,98.1731,1.2599,32.8972,54.3323,55.8851,0.0,0.0,0,41253.6127,66.9189,38.1851,29.5605,47.2074,1.1926,1.0433,23.0195,1,39951.0,2.2,0.0,2.9356,18.8213,15.281970520965693,15.65808119440915,15.281970520965693,23.0195,0.0
7169,2019-06-24,SZSE:000768,0.6304,15.8,15.6383,15.82,15.54,43744.5921,15.68,2.6877,76.689,77.7942,98.5474,1.2647,32.8924,55.3843,56.8739,0.0,0.0,0,41419.7314,67.1884,38.3389,29.6796,47.3975,1.1974,1.0475,13.7048,1,39951.0,2.2,0.0,2.9468,18.8213,15.519528101265822,15.658095316455695,15.380960886075947,13.7048,0.0
7170,2019-06-25,SZSE:000768,0.6304,15.8,15.6383,15.92,15.6,43744.5921,15.73,2.6877,76.689,77.7942,98.5474,1.2647,31.4125,55.3843,56.8739,0.0,0.0,0,41419.7314,67.1884,38.3389,29.6796,47.3975,1.1974,1.0475,15.3606,1,39951.0,2.2,0.0,2.9468,18.8213,15.569016392405063,15.757071898734177,15.440346835443036,15.3606,0.0
7171,2019-06-26,SZSE:000768,0.6304,15.92,15.7571,15.93,15.66,44076.8295,15.79,2.7081,77.2714,78.385,99.2958,1.2743,29.308,57.6473,59.0052,0.0,0.0,0,41751.9688,67.7273,38.6464,29.9176,47.7776,1.207,1.0559,13.4408,1,39951.0,2.2,0.0,2.9691,18.8213,15.628430213567837,15.766997675879397,15.499760427135678,13.4408,0.0
7172,2019-06-27,SZSE:000768,0.6304,15.85,15.6878,16.05,15.78,43883.0244,15.92,2.6962,76.9317,78.0404,98.8592,1.2687,29.0677,55.8671,57.2285,0.0,0.0,0,41558.1636,67.413,38.467,29.7787,47.5559,1.2014,1.051,18.4422,1,39951.0,2.2,0.0,2.9561,18.8213,15.757083659305994,15.88575331230284,15.618516340694004,18.4422,0.0
7173,2019-06-28,SZSE:000768,0.6903,15.75,15.5888,15.83,15.58,43606.1599,15.75,2.6792,76.4463,77.548,98.2355,1.2607,29.0329,53.3334,54.6948,0.0,0.0,0,41281.2991,66.9639,38.2108,29.5804,47.239,1.1934,1.044,11.0544,1,39951.0,2.2,0.0,2.9374,18.8213,15.5888,15.667981206349205,15.420539936507938,11.0544,0.0
7174,2019-07-01,SZSE:000768,0.6903,16.0,15.8362,16.02,15.83,44298.3211,15.95,2.7217,77.6597,78.7789,99.7948,1.2808,28.0937,58.4115,59.5199,0.0,0.0,0,41973.4604,68.0866,38.8514,30.0763,48.0311,1.2134,1.0615,19.2168,1,39951.0,2.2,0.0,2.9841,18.8213,15.786711875,15.85599525,15.667940375,19.2168,0.0
7175,2019-07-02,SZSE:000768,0.6903,15.93,15.7669,16.19,15.9,44104.516,16.1,2.7098,77.32,78.4343,99.3582,1.2751,28.0984,56.5558,57.6679,0.0,0.0,0,41779.6552,67.7723,38.6721,29.9375,47.8093,1.2078,1.0566,13.4116,1,39951.0,2.2,0.0,2.971,18.8213,15.935159447583178,16.024237978656625,15.737207156308852,13.4116,0.0
7176,2019-07-03,SZSE:000768,0.6903,16.07,15.9055,16.38,15.76,44492.1263,15.87,2.7336,77.9995,79.1236,100.2314,1.2864,28.1395,59.3382,60.3268,0.0,0.0,0,42167.2656,68.401,39.0308,30.2152,48.2529,1.219,1.0664,20.1798,1,39951.0,2.2,0.0,2.9971,18.8213,15.707547293092718,16.21232669570628,15.598673304293714,20.1798,0.0
7177,2019-07-04,SZSE:000768,0.6903,16.34,16.1728,16.78,16.0,45239.6605,16.07,2.7796,79.31,80.453,101.9154,1.308,28.3577,64.112,64.9049,0.0,0.0,0,42914.7997,69.6136,39.7228,30.7508,49.1083,1.2406,1.0853,40.3872,1,39951.0,2.2,0.0,3.0475,18.8213,15.905562790697674,16.608297674418605,15.836279069767441,40.3872,0.0
7178,2019-07-05,SZSE:000768,0.7009,16.2,16.0342,16.37,16.12,44852.0502,16.25,2.7557,78.6305,79.7637,101.0422,1.2968,28.1585,60.1675,60.9757,0.0,0.0,0,42527.1894,68.9849,39.364,30.4731,48.6647,1.2294,1.0755,14.1101,1,39951.0,2.2,0.0,3.0214,18.8213,16.083688271604938,16.20246012345679,15.955018765432099,14.1101,0.0
7179,2019-07-08,SZSE:000768,0.7009,15.65,15.4898,16.17,15.59,43329.2954,16.14,2.6622,75.9609,77.0556,97.6118,1.2527,28.8352,47.7408,48.5431,0.0,0.0,0,41004.4346,66.5147,37.9545,29.382,46.9222,1.1854,1.037,14.847,1,39951.0,2.2,0.0,2.9188,18.8213,15.974784153354634,16.00447706070288,15.430414185303515,14.847,0.0
7180,2019-07-09,SZSE:000768,0.7009,15.69,15.5294,15.8,15.61,43440.0412,15.66,2.669,76.1551,77.2526,97.8613,1.2559,28.8463,48.5727,49.3519,0.0,0.0,0,41115.1804,66.6944,38.057,29.4613,47.049,1.1886,1.0398,8.2053,1,39951.0,2.2,0.0,2.9262,18.8213,15.499707074569791,15.638274059910774,15.45021886551944,8.2053,0.0
7181,2019-07-10,SZSE:000768,0.7009,15.73,15.569,16.04,15.55,43550.787,15.75,2.6758,76.3492,77.4495,98.1108,1.2591,28.7593,49.4395,50.195,0.0,0.0,0,41225.9262,66.874,38.1595,29.5407,47.1757,1.1918,1.0426,13.0176,1,39951.0,2.2,0.0,2.9337,18.8213,15.588795295613476,15.8758270820089,15.390842339478704,13.0176,0.0
7182,2019-07-11,SZSE:000768,0.7009,15.64,15.4799,15.89,15.55,43301.6089,15.68,2.6605,75.9124,77.0064,97.5494,1.2519,28.7198,47.4997,48.2489,0.0,0.0,0,40976.7482,66.4698,37.9289,29.3621,46.8905,1.1846,1.0363,10.3946,1,39951.0,2.2,0.0,2.9169,18.8213,15.5194905370844,15.727340856777493,15.390821291560103,10.3946,0.0
7183,2019-07-12,SZSE:000768,0.7095,15.79,15.6284,15.93,15.6,43716.9057,15.63,2.686,76.6404,77.745,98.485,1.2639,28.7941,50.9537,51.6158,0.0,0.0,0,41392.0449,67.1435,38.3133,29.6597,47.3658,1.1966,1.0468,9.8602,1,39951.0,2.2,0.0,2.9449,18.8213,15.470037492083598,15.766967194426853,15.440344521849271,9.8602,0.0
7184,2019-07-15,SZSE:000768,0.7095,16.26,16.0936,16.27,15.75,45018.1689,15.81,2.7659,78.9217,80.0591,101.4165,1.3016,29.4471,59.8641,60.3258,0.0,0.0,0,42693.3081,69.2543,39.5177,30.5921,48.8548,1.2342,1.0797,16.6236,1,39951.0,2.2,0.0,3.0325,18.8213,15.648205166051659,16.103497662976626,15.588819188191879,16.6236,0.0
7185,2019-07-16,SZSE:000768,0.7095,16.22,16.054,16.37,16.14,44907.4231,16.27,2.7591,78.7276,79.8621,101.167,1.2984,29.2526,58.8836,59.3466,0.0,0.0,0,42582.5623,69.0747,39.4152,30.5128,48.7281,1.231,1.0769,9.8241,1,39951.0,2.2,0.0,3.0251,18.8213,16.103488286066582,16.202464858199754,15.974818742293467,9.8241,0.0
7186,2019-07-17,SZSE:000768,0.7095,16.23,16.0639,16.39,16.15,44935.1095,16.22,2.7608,78.7761,79.9114,101.2294,1.2992,29.0945,59.0641,59.5235,0.0,0.0,0,42610.2488,69.1196,39.4409,30.5326,48.7598,1.2318,1.0776,12.0137,1,39951.0,2.2,0.0,3.027,18.8213,16.054002341343192,16.222262538508936,15.98471873074553,12.0137,0.0
7187,2019-07-18,SZSE:000768,0.7095,15.91,15.7472,16.2,15.91,44049.1431,16.16,2.7064,77.2229,78.3358,99.2335,1.2735,29.3159,51.3025,51.7622,0.0,0.0,0,41724.2823,67.6824,38.6208,29.8978,47.746,1.2062,1.0552,12.1954,1,39951.0,2.2,0.0,2.9673,18.8213,15.994641860465116,16.034232558139536,15.7472,12.1954,0.0
7188,2019-07-19,SZSE:000768,0.7086,16.04,15.8758,16.12,15.85,44409.0669,15.95,2.7285,77.8539,78.9759,100.0443,1.284,29.3728,53.95,54.3655,0.0,0.0,0,42084.2062,68.2663,38.9539,30.1557,48.1578,1.2166,1.0643,9.0203,1,39951.0,2.2,0.0,2.9915,18.8213,15.78672132169576,15.954981047381548,15.687745012468827,9.0203,0.0
7189,2019-07-22,SZSE:000768,0.7086,15.62,15.4601,16.05,15.58,43246.236,16.03,2.6571,75.8153,76.9079,97.4247,1.2503,29.7934,45.3684,45.7712,0.0,0.0,0,40921.3753,66.38,37.8776,29.3225,46.8272,1.183,1.0349,13.5202,1,39951.0,2.2,0.0,2.9132,18.8213,15.865902880921897,15.885698143405891,15.420509475032011,13.5202,0.0
7190,2019-07-23,SZSE:000768,0.7086,15.87,15.7076,15.88,15.58,43938.3973,15.58,2.6996,77.0287,78.1389,98.984,1.2703,29.6226,50.4235,50.7609,0.0,0.0,0,41613.5365,67.5028,38.5183,29.8184,47.6192,1.203,1.0524,6.963,1,39951.0,2.2,0.0,2.9598,18.8213,15.42056761184625,15.717497668557026,15.42056761184625,6.963,0.0
7191,2019-07-24,SZSE:000768,0.7086,16.28,16.1134,16.43,15.9,45073.5418,15.94,2.7694,79.0188,80.1576,101.5412,1.3032,30.029,57.3874,57.644,0.0,0.0,0,42748.681,69.3442,39.569,30.6318,48.9182,1.2358,1.0811,21.793,1,39951.0,2.2,0.0,3.0363,18.8213,15.776879361179358,16.261864987714986,15.737288697788696,21.793,0.0
7192,2019-07-25,SZSE:000768,0.7086,16.31,16.1431,16.4,16.21,45156.6011,16.25,2.7745,79.1644,80.3053,101.7283,1.3056,29.055,57.8539,58.1055,0.0,0.0,0,42831.7404,69.4789,39.6459,30.6913,49.0132,1.2382,1.0832,12.3609,1,39951.0,2.2,0.0,3.0419,18.8213,16.083713979153895,16.232179031269162,16.044123298589824,12.3609,0.0
7193,2019-07-26,SZSE:000768,0.6393,16.5,16.3311,16.69,16.29,45682.6437,16.33,2.8068,80.0866,81.2408,102.9134,1.3208,29.1293,60.7822,61.0034,0.0,0.0,0,43357.7829,70.3322,40.1328,31.0683,49.6152,1.2534,1.0965,21.0527,1,39951.0,2.2,0.0,3.0773,18.8213,16.16284018181818,16.519155090909095,16.123249636363635,21.0527,0.0
7194,2019-07-29,SZSE:000768,0.6393,16.55,16.3806,16.69,16.46,45821.0759,16.6,2.8153,80.3293,81.487,103.2252,1.3248,28.8115,61.5395,61.7531,0.0,0.0,0,43496.2152,70.5568,40.2609,31.1675,49.7736,1.2574,1.1,13.6207,1,39951.0,2.2,0.0,3.0866,18.8213,16.430088217522663,16.519167009063445,16.291521208459216,13.6207,0.0
7195,2019-07-30,SZSE:000768,0.6393,16.48,16.3113,16.61,16.41,45627.2708,16.6,2.8034,79.9895,81.1423,102.7886,1.3192,28.8099,59.7986,60.0135,0.0,0.0,0,43302.41,70.2424,40.0815,31.0286,49.5518,1.2518,1.0951,13.3325,1,39951.0,2.2,0.0,3.0736,18.8213,16.430071601941748,16.43996923543689,16.24201656553398,13.3325,0.0
7196,2019-07-31,SZSE:000768,0.6393,16.46,16.2915,16.58,16.35,45571.8979,16.42,2.8,79.8924,81.0438,102.6639,1.3176,28.5759,59.2825,59.4978,0.0,0.0,0,43247.0371,70.1526,40.0303,30.9889,49.4885,1.2502,1.0937,12.1336,1,39951.0,2.2,0.0,3.0698,18.8213,16.251909477521263,16.410271567436208,16.182626063183474,12.1336,0.0
7197,2019-08-01,SZSE:000768,0.6393,16.3,16.1332,16.65,16.19,45128.9147,16.44,2.7728,79.1158,80.256,101.666,1.3048,28.4194,55.18,55.3965,0.0,0.0,0,42804.0539,69.434,39.6203,30.6715,48.9816,1.2374,1.0825,16.8839,1,39951.0,2.2,0.0,3.04,18.8213,16.27176736196319,16.47961840490797,16.02432564417178,16.8839,0.0
7198,2019-08-02,SZSE:000768,0.589,15.93,15.7669,16.05,15.81,44104.516,15.96,2.7098,77.32,78.4343,99.3582,1.2751,28.5664,47.0681,47.28,0.0,0.0,0,41779.6552,67.7723,38.6721,29.9375,47.8093,1.2078,1.0566,20.7405,1,39951.0,2.2,0.0,2.971,18.8213,15.79659284369115,15.885671374764597,15.648128625235405,20.7405,0.0
7199,2019-08-05,SZSE:000768,0.589,15.9,15.7373,16.34,15.83,44021.4566,15.87,2.7047,77.1744,78.2866,99.1711,1.2727,28.3451,46.4716,46.6828,0.0,0.0,0,41696.5959,67.6375,38.5952,29.8779,47.7143,1.2054,1.0545,19.8998,1,39951.0,2.2,0.0,2.9654,18.8213,15.707606981132074,16.172797610062894,15.668016289308175,19.8998,0.0
7200,2019-08-06,SZSE:000768,0.589,15.57,15.4106,15.82,15.46,43107.8038,15.64,2.6486,75.5726,76.6617,97.1128,1.2463,24.9551,40.4054,40.6065,0.0,0.0,0,40782.943,66.1555,37.7495,29.2233,46.6688,1.1789,1.0314,20.52,1,39951.0,2.2,0.0,2.9039,18.8213,15.479883365446373,15.658040590879898,15.301726140012846,20.52,0.0
7201,2019-08-07,SZSE:000768,0.589,15.19,15.0345,15.68,15.15,42055.7186,15.65,2.5839,73.7282,74.7907,94.7427,1.2159,25.4168,34.776,34.963,0.0,0.0,0,39730.8579,64.4488,36.7756,28.4694,45.4648,1.1485,1.0048,19.9587,1,39951.0,2.2,0.0,2.833,18.8213,15.489790980908493,15.519483870967742,14.994909479921,19.9587,0.0
7202,2019-08-08,SZSE:000768,0.589,15.29,15.1335,15.5,15.2,42332.5831,15.27,2.6009,74.2136,75.2831,95.3664,1.2239,25.4326,37.2535,37.4275,0.0,0.0,0,40007.7224,64.8979,37.0319,28.6678,45.7817,1.1565,1.0118,15.9035,1,39951.0,2.2,0.0,2.8516,18.8213,15.113704708960105,15.341350555918902,15.04442119032047,15.9035,0.0
7203,2019-08-09,SZSE:000768,0.6318,14.89,14.7376,15.39,14.82,41225.1251,15.36,2.5329,72.2721,73.3136,92.8715,1.1919,25.9417,32.015,32.1753,0.0,0.0,0,38900.2644,63.1015,36.0068,27.8742,44.5144,1.1245,0.9838,20.9447,1,39951.0,2.2,0.0,2.777,18.8213,15.202789523169912,15.232482471457354,14.66831645399597,20.9447,0.0
7204,2019-08-12,SZSE:000768,0.6318,15.01,14.8564,15.03,14.82,41557.3625,14.87,2.5533,72.8545,73.9045,93.62,1.2015,24.4602,34.9693,35.1169,0.0,0.0,0,39232.5018,63.6404,36.3144,28.1123,44.8946,1.1341,0.9922,13.2214,1,39951.0,2.2,0.0,2.7994,18.8213,14.717832644903398,14.876195336442374,14.66834430379747,13.2214,0.0
7205,2019-08-13,SZSE:000768,0.6318,14.98,14.8267,15.06,14.8,41474.3032,14.91,2.5482,72.7089,73.7568,93.4329,1.1991,24.2389,34.5649,34.7116,0.0,0.0,0,39149.4424,63.5057,36.2375,28.0528,44.7995,1.1317,0.9901,10.9412,1,39951.0,2.2,0.0,2.7938,18.8213,14.757416355140187,14.905881308411217,14.648542056074767,10.9412,0.0
7206,2019-08-14,SZSE:000768,0.6318,15.01,14.8564,15.16,14.94,41557.3625,15.13,2.5533,72.8545,73.9045,93.62,1.2015,24.242,35.3698,35.5132,0.0,0.0,0,39232.5018,63.6404,36.3144,28.1123,44.8946,1.1341,0.9922,13.3138,1,39951.0,2.2,0.0,2.7994,18.8213,14.97517201865423,15.004865023317787,14.787116322451698,13.3138,0.0
7207,2019-08-15,SZSE:000768,0.6318,14.87,14.7178,14.91,14.6,41169.7522,14.68,2.5295,72.175,73.2152,92.7468,1.1903,24.2895,33.3106,33.4493,0.0,0.0,0,38844.8915,63.0117,35.9556,27.8345,44.451,1.1229,0.9824,12.6611,1,39951.0,2.2,0.0,2.7733,18.8213,14.529744720914595,14.757390585070613,14.45056355077337,12.6611,0.0
7208,2019-08-16,SZSE:000768,0.5936,14.93,14.7772,15.06,14.78,41335.8709,14.86,2.5397,72.4662,73.5106,93.121,1.1951,23.2238,35.0557,35.1878,0.0,0.0,0,39011.0102,63.2811,36.1093,27.9536,44.6411,1.1277,0.9866,9.895,1,39951.0,2.2,0.0,2.7845,18.8213,14.707916409912926,14.905869524447423,14.62873516409913,9.895,0.0
7209,2019-08-19,SZSE:000768,0.5936,15.38,15.2226,15.38,14.96,42581.7612,15.02,2.6163,74.6504,75.7262,95.9278,1.2311,23.7803,46.3871,46.4797,0.0,0.0,0,40256.9005,65.3021,37.2626,28.8463,46.0668,1.1637,1.0181,17.352,1,39951.0,2.2,0.0,2.8684,18.8213,14.866284265279583,15.2226,14.806898309492848,17.352,0.0
7210,2019-08-20,SZSE:000768,0.5936,15.31,15.1533,15.52,15.27,42387.956,15.35,2.6043,74.3107,75.3816,95.4912,1.2255,23.1052,45.0697,45.1616,0.0,0.0,0,40063.0953,64.9878,37.0832,28.7074,45.845,1.1581,1.0132,15.0613,1,39951.0,2.2,0.0,2.8554,18.8213,15.192890594382753,15.361150620509468,15.113709405617243,15.0613,0.0
7211,2019-08-21,SZSE:000768,0.5936,15.32,15.1632,15.39,15.2,42415.6425,15.25,2.606,74.3592,75.4308,95.5535,1.2263,23.1068,45.3087,45.3998,0.0,0.0,0,40090.7818,65.0327,37.1088,28.7273,45.8767,1.1589,1.0139,10.7066,1,39951.0,2.2,0.0,2.8572,18.8213,15.093916449086162,15.23248355091384,15.044428198433419,10.7066,0.0
7212,2019-08-22,SZSE:000768,0.5936,15.58,15.4205,15.69,15.27,43135.4902,15.34,2.6503,75.6212,76.711,97.1752,1.2471,23.2854,51.2468,51.3207,0.0,0.0,0,40810.6295,66.2004,37.7751,29.2431,46.7004,1.1797,1.0321,21.8673,1,39951.0,2.2,0.0,2.9057,18.8213,15.182956996148908,15.529373876765083,15.113673620025674,21.8673,0.0
7213,2019-08-23,SZSE:000768,0.5953,15.47,15.3117,15.65,15.37,42830.9393,15.52,2.6316,75.0873,76.1694,96.4891,1.2383,23.2127,48.8312,48.9044,0.0,0.0,0,40506.0785,65.7063,37.4932,29.0249,46.3519,1.1709,1.0244,11.8778,1,39951.0,2.2,0.0,2.8852,18.8213,15.3611883645766,15.489858112475758,15.2127232708468,11.8778,0.0
7214,2019-08-26,SZSE:000768,0.5953,15.37,15.2127,15.44,15.11,42554.0747,15.18,2.6276,68.6522,64.5256,98.9143,1.2199,22.3099,46.6771,46.7496,0.0,0.0,0,41195.6324,66.6743,39.2956,28.622,45.1513,1.1809,1.0061,12.6915,1,39951.0,2.2,0.0,2.4442,18.8213,15.024644502277164,15.281983604424205,14.955360897852959,12.6915,0.0
7215,2019-08-27,SZSE:000768,0.5953,15.6,15.4403,15.69,15.34,43190.8631,15.5,2.6669,69.6796,65.4912,100.3945,1.2381,22.0047,51.9295,51.9895,0.0,0.0,0,41832.4208,67.7049,39.903,29.0535,46.5318,1.1992,1.0172,21.6464,1,39951.0,2.2,0.0,2.4807,18.8194,15.341323717948718,15.529378653846154,15.182961666666667,21.6464,0.0
7216,2019-08-28,SZSE:000768,0.5953,15.7,15.5393,15.92,15.47,43467.7276,15.62,2.684,70.1262,65.911,101.0381,1.2461,22.0047,54.0488,54.1041,0.0,0.0,0,42109.2853,68.153,40.1671,29.2457,46.8398,1.2071,1.0239,23.9117,1,39951.0,2.2,0.0,2.4966,18.8194,15.460118853503186,15.757048152866243,15.311654203821659,23.9117,0.0
7217,2019-08-29,SZSE:000768,0.5953,15.87,15.7076,16.03,15.62,43938.3973,15.74,2.713,70.8856,65.0677,102.1321,1.2596,22.0268,57.4808,57.5288,0.0,0.0,0,42579.955,68.9148,40.6161,30.3579,48.6995,1.2206,1.0608,25.1773,1,39951.0,2.2,0.0,2.4647,18.8194,15.578930308758665,15.865962696912415,15.460158286074353,25.1773,0.0
7218,2019-08-30,SZSE:000768,0.5978,16.07,15.9055,16.15,15.79,44492.1263,15.89,2.7472,71.7789,65.8877,103.4192,1.2754,21.8988,61.1564,61.1972,0.0,0.0,0,43133.684,69.811,41.1442,30.7526,49.3328,1.2365,1.0746,32.7415,1,39951.0,2.2,0.0,2.4957,18.8194,15.727342563783449,15.984681082762911,15.628366210329807,32.7415,0.0
7219,2019-09-02,SZSE:000768,0.5978,17.41,17.2318,17.48,16.3,48202.1107,16.41,2.9763,77.7642,71.3817,112.0428,1.3818,26.7165,76.0776,76.0952,0.0,0.0,0,46843.6684,75.8155,44.6831,33.3977,53.576,1.3428,1.167,79.5176,1,39951.0,2.2,0.0,2.7039,18.8194,16.242035496840895,17.301083515221137,16.133161401493396,79.5176,0.0
7220,2019-09-03,SZSE:000768,0.5978,17.72,17.5386,18.12,17.15,49060.3907,17.4,3.0293,79.1488,72.6527,114.0379,1.4064,26.571,78.1671,78.1822,0.0,0.0,0,47701.9484,77.2046,45.5018,34.0096,54.5576,1.3674,1.1884,70.882,1,39951.0,2.2,0.0,2.752,18.8194,17.221875846501128,17.93450519187359,16.974435101580134,70.882,0.0
7221,2019-09-04,SZSE:000768,0.5978,17.57,17.3902,17.91,17.41,48645.0939,17.5,3.0037,78.4788,72.0377,113.0725,1.3945,26.3434,74.7643,74.7802,0.0,0.0,0,47286.6516,76.5325,45.1057,33.7136,54.0826,1.3555,1.178,41.1509,1,39951.0,2.2,0.0,2.7287,18.8194,17.320916334661355,17.72672066021628,17.231837336368812,41.1509,0.0
7222,2019-09-05,SZSE:000768,0.5978,17.67,17.4891,17.91,17.45,48921.9584,17.6,3.0208,78.9255,72.4477,113.7161,1.4024,26.326,75.5291,75.5442,0.0,0.0,0,47563.5161,76.9806,45.3698,33.9109,54.3993,1.3635,1.1849,44.8053,1,39951.0,2.2,0.0,2.7442,18.8194,17.41981663837012,17.72664295415959,17.27135229202037,44.8053,0.0
7223,2019-09-06,SZSE:000768,0.7968,17.7,17.5188,18.11,17.5,49005.0178,17.79,3.0259,79.0595,72.5707,113.9091,1.4048,26.2343,75.7664,75.7812,0.0,0.0,0,47646.5755,77.115,45.449,33.9702,54.4943,1.3658,1.187,34.5216,1,39951.0,2.2,0.0,2.7489,18.8194,17.607878644067796,17.924602711864406,17.320847457627117,34.5216,0.0
7224,2019-09-09,SZSE:000768,0.7968,17.85,17.6673,17.9,17.65,49420.3145,17.9,3.0515,79.7295,73.1857,114.8745,1.4167,26.0556,76.9689,76.9825,0.0,0.0,0,48061.8722,77.7872,45.8451,34.2663,54.9692,1.3777,1.1974,32.113,1,39951.0,2.2,0.0,2.7722,18.8194,17.716788235294114,17.716788235294114,17.469347058823526,32.113,0.0
7225,2019-09-10,SZSE:000768,0.7968,17.52,17.3407,18.29,17.4,48506.6616,17.8,2.9951,78.2555,71.8327,112.7507,1.3905,26.3766,68.8719,68.8871,0.0,0.0,0,47148.2193,76.3084,44.9736,33.6149,53.9243,1.3516,1.1746,41.8206,1,39951.0,2.2,0.0,2.7209,18.8194,17.617834474885846,18.10281980593607,17.221928082191777,41.8206,0.0
7226,2019-09-11,SZSE:000768,0.7968,17.56,17.3803,17.86,17.4,48617.4075,17.68,3.0019,78.4342,71.9967,113.0082,1.3937,25.8753,69.2936,69.3084,0.0,0.0,0,47258.9651,76.4877,45.0793,33.6938,54.0509,1.3547,1.1774,27.92,1,39951.0,2.2,0.0,2.7272,18.8194,17.499071981776765,17.677229954441913,17.221937357630978,27.92,0.0
7227,2019-09-12,SZSE:000768,0.7968,17.41,17.2318,17.62,17.26,48202.1107,17.55,2.9763,77.7642,71.3817,112.0428,1.3818,25.9117,65.6995,65.7147,0.0,0.0,0,46843.6684,75.8155,44.6831,33.3977,53.576,1.3428,1.167,24.3225,1,39951.0,2.2,0.0,2.7039,18.8194,17.370367030442278,17.43965054566341,17.083335324526136,24.3225,0.0
7228,2019-09-13,SZSE:000768,0.7787,0.0,17.2318,0.0,0.0,48202.1107,0.0,2.9763,77.7642,71.3817,112.0428,1.3818,25.9117,65.6995,65.7147,0.0,0.0,0,46843.6684,75.8155,44.6831,33.3977,53.576,1.3428,1.167,0.0,1,39951.0,2.2,0.0,2.7039,18.8194,0.0,0.0,0.0,0.0,0.0
7229,2019-09-16,SZSE:000768,0.7787,17.47,17.2912,17.77,17.32,48368.2294,17.56,2.9866,78.0322,71.6277,112.429,1.3865,26.0398,66.4491,66.4638,0.0,0.0,0,47009.7871,76.0844,44.8416,33.5162,53.766,1.3476,1.1711,20.8607,1,39951.0,2.2,0.0,3.1416,18.3793,17.380278878076705,17.58812959358901,17.142735203205497,20.8607,0.0
7230,2019-09-17,SZSE:000768,0.7787,16.84,16.6676,17.43,16.8,46623.983,17.43,2.8789,75.2182,69.0447,108.3746,1.3365,27.1039,53.2818,53.297,0.0,0.0,0,45265.5407,73.2614,43.1778,32.2726,51.771,1.2976,1.1277,32.2626,1,39951.0,2.2,0.0,3.0283,18.3793,17.251559857482185,17.251559857482185,16.628009501187652,32.2626,0.0
7231,2019-09-18,SZSE:000768,0.7787,16.84,16.6676,17.0,16.74,46623.983,16.99,2.8789,75.2182,69.0447,108.3746,1.3365,27.0833,53.2818,53.297,0.0,0.0,0,45265.5407,73.2614,43.1778,32.2726,51.771,1.2976,1.1277,17.6492,1,39951.0,2.2,0.0,3.0283,18.3793,16.816064370546318,16.825961995249408,16.56862375296912,17.6492,0.0
7232,2019-09-19,SZSE:000768,0.7787,16.99,16.8161,17.04,16.78,47039.2798,16.9,2.9045,75.8882,69.6597,109.3399,1.3485,27.0454,55.7055,55.7193,0.0,0.0,0,45680.8375,73.9335,43.5739,32.5687,52.246,1.3095,1.138,19.3381,1,39951.0,2.2,0.0,3.0553,18.3793,16.727021188934668,16.865588228369628,16.60824944084756,19.3381,0.0
7233,2019-09-20,SZSE:000768,0.815,16.73,16.5588,17.01,16.45,46319.432,17.0,2.8601,74.7269,68.5937,107.6667,1.3278,27.1181,50.7872,50.8009,0.0,0.0,0,44960.9897,72.7685,42.8873,32.0554,51.4227,1.2889,1.1201,28.9714,1,39951.0,2.2,0.0,3.0085,18.3793,16.826037059175135,16.835934728033475,16.281665271966528,28.9714,0.0
7234,2019-09-23,SZSE:000768,0.815,16.57,16.4004,16.86,16.35,45876.4488,16.67,2.8327,74.0122,67.9377,106.637,1.3151,27.0501,47.9798,47.9934,0.0,0.0,0,44518.0065,72.0515,42.4647,31.7396,50.9161,1.2762,1.1091,23.1643,1,39951.0,2.2,0.0,2.9797,18.3793,16.499376463488236,16.687431744115873,16.18265178032589,23.1643,0.0
7235,2019-09-24,SZSE:000768,0.815,16.52,16.3509,16.71,16.49,45738.0166,16.6,2.8242,73.7889,67.7327,106.3152,1.3111,27.0533,47.1035,47.117,0.0,0.0,0,44379.5743,71.8274,42.3327,31.6409,50.7577,1.2722,1.1056,17.595,1,39951.0,2.2,0.0,2.9707,18.3793,16.430081113801453,16.53895514527845,16.321207082324452,17.595,0.0
7236,2019-09-25,SZSE:000768,0.815,16.24,16.0738,16.62,16.2,44962.796,16.51,2.7763,72.5382,66.5847,104.5133,1.2889,27.2762,42.4301,42.4432,0.0,0.0,0,43604.3536,70.5728,41.5932,31.0882,49.8711,1.25,1.0863,18.7682,1,39951.0,2.2,0.0,2.9204,18.3793,16.3410368226601,16.449911083743842,16.03420935960591,18.7682,0.0
7237,2019-09-26,SZSE:000768,0.815,15.71,15.5492,16.39,15.7,43495.4141,16.37,2.6857,70.1709,64.4116,101.1024,1.2469,28.0209,35.2924,35.3045,0.0,0.0,0,42136.9718,68.1978,40.1935,30.042,48.1928,1.2079,1.0498,25.0125,1,39951.0,2.2,0.0,2.8251,18.3793,16.202444557606622,16.222239847231066,15.539302355187777,25.0125,0.0
7238,2019-09-27,SZSE:000768,0.8528,15.72,15.5591,15.84,15.68,43523.1005,15.72,2.6874,70.2156,64.4526,101.1668,1.2477,28.0083,35.5128,35.5248,0.0,0.0,0,42164.6582,68.2427,40.2199,30.0618,48.2245,1.2087,1.0504,15.1308,1,39951.0,2.2,0.0,2.8269,18.3793,15.5591,15.67787175572519,15.51950941475827,15.1308,0.0
7239,2019-09-30,SZSE:000768,0.8528,15.55,15.3908,15.87,15.55,43052.4309,15.79,2.6583,69.4562,63.7556,100.0727,1.2342,28.0621,33.4281,33.4396,0.0,0.0,0,41693.9885,67.4809,39.7709,29.7262,47.6862,1.1952,1.0387,12.9787,1,39951.0,2.2,0.0,2.7963,18.3793,15.628342893890673,15.707523858520899,15.3908,12.9787,0.0
7240,2019-10-01,SZSE:000768,0.8528,0.0,15.3908,0.0,0.0,43052.4309,0.0,2.6583,69.4562,63.7556,100.0727,1.2342,28.0621,33.4281,33.4396,0.0,0.0,0,41693.9885,67.4809,39.7709,29.7262,47.6862,1.1952,1.0387,0.0,1,39951.0,2.2,0.0,2.7963,18.3793,0.0,0.0,0.0,0.0,0.0
7241,2019-10-02,SZSE:000768,0.8528,0.0,15.3908,0.0,0.0,43052.4309,0.0,2.6583,69.4562,63.7556,100.0727,1.2342,28.0621,33.4281,33.4396,0.0,0.0,0,41693.9885,67.4809,39.7709,29.7262,47.6862,1.1952,1.0387,0.0,1,39951.0,2.2,0.0,2.7963,18.3793,0.0,0.0,0.0,0.0,0.0
7242,2019-10-03,SZSE:000768,0.8528,0.0,15.3908,0.0,0.0,43052.4309,0.0,2.6583,69.4562,63.7556,100.0727,1.2342,28.0621,33.4281,33.4396,0.0,0.0,0,41693.9885,67.4809,39.7709,29.7262,47.6862,1.1952,1.0387,0.0,1,39951.0,2.2,0.0,2.7963,18.3793,0.0,0.0,0.0,0.0,0.0
7243,2019-10-04,SZSE:000768,0.9319,0.0,15.3908,0.0,0.0,43052.4309,0.0,2.6583,69.4562,63.7556,100.0727,1.2342,28.0621,33.4281,33.4396,0.0,0.0,0,41693.9885,67.4809,39.7709,29.7262,47.6862,1.1952,1.0387,0.0,1,39951.0,2.2,0.0,2.7963,18.3793,0.0,0.0,0.0,0.0,0.0
7244,2019-10-07,SZSE:000768,0.9319,0.0,15.3908,0.0,0.0,43052.4309,0.0,2.6583,69.4562,63.7556,100.0727,1.2342,28.0621,33.4281,33.4396,0.0,0.0,0,41693.9885,67.4809,39.7709,29.7262,47.6862,1.1952,1.0387,0.0,1,39951.0,2.2,0.0,2.7963,18.3793,0.0,0.0,0.0,0.0,0.0
7245,2019-10-08,SZSE:000768,0.9319,15.32,15.1632,15.68,15.3,42415.6425,15.56,2.619,68.4289,62.8126,98.5926,1.2159,27.9893,30.7942,30.8052,0.0,0.0,0,41057.2002,66.4503,39.1635,29.2722,46.9579,1.177,1.0229,13.468,1,39951.0,2.2,0.0,2.7549,18.3793,15.40074360313316,15.519515404699739,15.143404699738904,13.468,0.0
7246,2019-10-09,SZSE:000768,0.9319,15.44,15.282,15.46,15.2,42747.8799,15.31,2.6395,68.9649,63.3046,99.3648,1.2254,28.032,33.7281,33.7383,0.0,0.0,0,41389.4376,66.988,39.4804,29.5091,47.3379,1.1865,1.0311,10.2737,1,39951.0,2.2,0.0,2.7765,18.3793,15.15333031088083,15.301795336787565,15.044455958549221,10.2737,0.0
7247,2019-10-10,SZSE:000768,0.9319,15.49,15.3315,15.53,15.35,42886.3122,15.43,2.6481,69.1882,63.5096,99.6866,1.2294,28.0352,34.9653,34.9751,0.0,0.0,0,41527.8698,67.212,39.6125,29.6078,47.4962,1.1904,1.0346,12.935,1,39951.0,2.2,0.0,2.7855,18.3793,15.27211394448031,15.371090703679792,15.192932537120722,12.935,0.0
7248,2019-10-11,SZSE:000768,0.8775,15.37,15.2127,15.54,15.25,42554.0747,15.52,2.6276,68.6522,63.0176,98.9143,1.2199,28.0557,33.3559,33.3655,0.0,0.0,0,41195.6324,66.6743,39.2956,29.3709,47.1162,1.1809,1.0263,14.5361,1,39951.0,2.2,0.0,2.7639,18.3793,15.361164866623293,15.380960182173064,15.093928106701368,14.5361,0.0
7249,2019-10-14,SZSE:000768,0.8775,15.6,15.4403,15.67,15.42,43190.8631,15.52,2.6669,69.6796,63.9606,100.3945,1.2381,28.1553,39.1383,39.1464,0.0,0.0,0,41832.4208,67.7049,39.903,29.8249,47.8445,1.1992,1.0422,20.252,1,39951.0,2.2,0.0,2.8053,18.3793,15.361118974358975,15.509583397435899,15.262142692307693,20.252,0.0
7250,2019-10-15,SZSE:000768,0.8775,15.31,15.1533,15.59,15.27,42387.956,15.58,2.6173,68.3842,62.7716,98.5282,1.2151,27.7253,35.0132,35.0209,0.0,0.0,0,41029.5137,66.4054,39.1371,29.2525,46.9262,1.1762,1.0222,14.5317,1,39951.0,2.2,0.0,2.7531,18.3793,15.420536512083602,15.430434160679296,15.113709405617243,14.5317,0.0
7251,2019-10-16,SZSE:000768,0.8775,15.23,15.0741,15.47,15.22,42166.4644,15.35,2.6036,68.0269,62.4436,98.0134,1.2088,27.7379,33.9502,33.9577,0.0,0.0,0,40808.0221,66.047,38.9258,29.0945,46.6729,1.1698,1.0166,9.9758,1,39951.0,2.2,0.0,2.7388,18.3793,15.192871634931054,15.311643269862113,15.064202363755745,9.9758,0.0
7252,2019-10-17,SZSE:000768,0.8775,15.2,15.0444,15.31,15.14,42083.4051,15.23,2.5985,67.8929,62.3206,97.8203,1.2064,27.7363,33.5389,33.5464,0.0,0.0,0,40724.9628,65.9125,38.8466,29.0353,46.5779,1.1674,1.0146,8.269,1,39951.0,2.2,0.0,2.7334,18.3793,15.074092894736843,15.153273947368422,14.985014210526316,8.269,0.0
7253,2019-10-18,SZSE:000768,0.8397,14.95,14.797,15.27,14.94,41391.2438,15.27,2.5558,66.7763,61.2956,96.2114,1.1865,27.6494,30.2506,30.2576,0.0,0.0,0,40032.8015,64.7923,38.1864,28.5418,45.7863,1.1476,0.9973,12.1531,1,39951.0,2.2,0.0,2.6884,18.3793,15.11372508361204,15.11372508361204,14.787102341137125,12.1531,0.0
7254,2019-10-21,SZSE:000768,0.8397,15.17,15.0147,15.18,14.78,42000.3457,14.94,2.5934,67.7589,62.1976,97.6272,1.204,27.7711,36.1805,36.1865,0.0,0.0,0,40641.9034,65.7781,38.7674,28.9761,46.4829,1.165,1.0125,9.8806,1,39951.0,2.2,0.0,2.728,18.3793,14.787054581410677,15.024597626895188,14.628692551087672,9.8806,0.0
7255,2019-10-22,SZSE:000768,0.8397,15.17,15.0147,15.22,15.01,42000.3457,15.18,2.5934,67.7589,62.1976,97.6272,1.204,27.2573,36.1805,36.1865,0.0,0.0,0,40641.9034,65.7781,38.7674,28.9761,46.4829,1.165,1.0125,8.689,1,39951.0,2.2,0.0,2.728,18.3793,15.024597626895188,15.064188134475938,14.856337969676993,8.689,0.0
7256,2019-10-23,SZSE:000768,0.8397,15.09,14.9355,15.32,15.0,41778.8541,15.3,2.5797,67.4016,61.8696,97.1124,1.1977,27.0612,34.9282,34.934,0.0,0.0,0,40420.4118,65.4196,38.5561,28.8182,46.2296,1.1587,1.007,9.4424,1,39951.0,2.2,0.0,2.7136,18.3793,15.143349900596421,15.163145129224652,14.846421471172961,9.4424,0.0
7257,2019-10-24,SZSE:000768,0.8397,15.1,14.9454,15.13,14.94,41806.5406,15.0,2.5814,67.4462,61.9106,97.1767,1.1984,26.5062,35.23,35.2358,0.0,0.0,0,40448.0983,65.4644,38.5825,28.8379,46.2612,1.1595,1.0077,8.8057,1,39951.0,2.2,0.0,2.7154,18.3793,14.846423841059604,14.97509284768212,14.787038145695364,8.8057,0.0
7258,2019-10-25,SZSE:000768,0.9473,15.28,15.1236,15.3,14.98,42304.8967,15.06,2.6122,68.2502,62.6486,98.3351,1.2127,26.6343,40.5728,40.5777,0.0,0.0,0,40946.4544,66.271,39.0579,29.1932,46.8312,1.1738,1.0201,14.3007,1,39951.0,2.2,0.0,2.7478,18.3793,14.905851832460733,15.143395287958116,14.826670680628272,14.3007,0.0
7259,2019-10-28,SZSE:000768,0.9473,15.45,15.2919,15.45,15.16,42775.5664,15.31,2.6159,63.9389,69.626,87.2817,1.3058,26.6232,45.1727,45.177,0.0,0.0,0,41708.9576,59.5434,36.6877,28.4695,44.758,1.2739,0.9942,15.9661,1,39951.0,2.2,0.0,3.0538,18.3793,15.153332621359224,15.2919,15.004867572815535,15.9661,0.0
7260,2019-10-29,SZSE:000768,0.9473,15.11,14.9553,15.44,15.1,41834.227,15.44,2.5584,62.5318,68.0937,85.361,1.277,26.9553,38.7178,38.7218,0.0,0.0,0,40767.6183,58.1995,35.8596,27.7731,43.7478,1.2452,0.9682,15.9383,1,39951.0,2.2,0.0,2.9866,18.3793,15.281921376571807,15.281921376571807,14.945402382528126,15.9383,0.0
7261,2019-10-30,SZSE:000768,0.9473,14.9,14.7475,15.11,14.86,41252.8116,15.11,2.5228,61.6627,67.1474,84.1746,1.2593,27.0707,35.3572,35.361,0.0,0.0,0,40186.2028,57.3695,35.3482,27.377,43.1239,1.2274,0.9544,10.4872,1,39951.0,2.2,0.0,2.9451,18.3793,14.955350671140938,14.955350671140938,14.707909395973154,10.4872,0.0
7262,2019-10-31,SZSE:000768,0.9473,15.01,14.8564,15.12,14.83,41557.3625,14.93,2.5414,62.118,67.6431,84.796,1.2686,27.1339,38.3745,38.378,0.0,0.0,0,40490.7538,57.8043,35.6161,27.5845,43.4507,1.2367,0.9664,10.0744,1,39951.0,2.2,0.0,2.9668,18.3793,14.777218654230515,14.965274350433045,14.678241972018654,10.0744,0.0
7263,2019-11-01,SZSE:000768,0.9774,15.07,14.9158,15.1,14.92,41723.4812,14.97,2.5516,62.3663,67.9135,85.135,1.2737,27.1023,40.0191,40.0224,0.0,0.0,0,40656.8725,58.0414,35.7622,27.6977,43.629,1.2418,0.9704,7.7548,1,39951.0,2.2,0.0,2.9787,18.3793,14.816823224950234,14.94549303251493,14.767334837425349,7.7548,0.0
7264,2019-11-04,SZSE:000768,0.9774,15.17,15.0147,15.25,15.05,42000.3457,15.13,2.5685,62.7801,68.3641,85.6999,1.2821,26.7703,42.7609,42.7639,0.0,0.0,0,40933.737,58.4367,36.0058,27.8863,43.9261,1.2503,0.977,9.9803,1,39951.0,2.2,0.0,2.9984,18.3793,14.975109492419248,15.093881015161504,14.895928477257746,9.9803,0.0
7265,2019-11-05,SZSE:000768,0.9774,15.09,14.9355,15.18,14.95,41778.8541,15.15,2.555,62.4491,68.0036,85.248,1.2754,26.7861,41.1407,41.1437,0.0,0.0,0,40712.2454,58.1205,35.8109,27.7354,43.6884,1.2435,0.9717,11.3451,1,39951.0,2.2,0.0,2.9826,18.3793,14.994885685884691,15.024578528827037,14.796933399602384,11.3451,0.0
7266,2019-11-06,SZSE:000768,0.9774,16.6,16.4301,16.6,16.15,45959.5082,16.6,2.8107,68.6981,74.8085,93.7784,1.403,32.913,66.7493,66.7504,0.0,0.0,0,44892.8994,64.0887,39.4883,31.867,47.28,1.3712,1.0918,52.2499,1,39951.0,2.2,0.0,3.2811,18.8856,16.4301,16.4301,15.984705722891563,52.2499,0.0
7267,2019-11-07,SZSE:000768,0.9774,16.15,15.9847,16.82,16.06,44713.6179,16.8,2.7345,66.8358,72.7805,91.2362,1.3649,33.0094,58.5709,58.572,0.0,0.0,0,43647.0091,62.3101,38.3924,30.9826,45.9678,1.3331,1.0615,70.257,1,39951.0,2.2,0.0,3.1921,18.8856,16.628047058823533,16.64784235294118,15.895621176470588,70.257,0.0
7268,2019-11-08,SZSE:000768,0.9889,15.91,15.7472,16.48,15.9,44049.1431,16.18,2.6938,65.8426,71.699,89.8804,1.3447,33.1486,54.72,54.7211,0.0,0.0,0,42982.5343,61.3615,37.8079,30.5109,45.268,1.3128,1.0453,34.486,1,39951.0,2.2,0.0,3.1447,18.8856,16.014437209302322,16.311367441860465,15.737302325581396,34.486,0.0
7269,2019-11-11,SZSE:000768,0.9889,15.61,15.4502,15.8,15.45,43218.5496,15.8,2.643,64.601,70.347,88.1856,1.3193,32.9241,50.2708,50.2719,0.0,0.0,0,42151.9408,60.1758,37.0773,29.9213,44.3932,1.2875,1.0251,23.7413,1,39951.0,2.2,0.0,3.0854,18.8856,15.638254964766176,15.638254964766176,15.291837924407432,23.7413,0.0
7270,2019-11-12,SZSE:000768,0.9889,15.73,15.569,15.76,15.33,43550.787,15.64,2.6634,65.0977,70.8878,88.8635,1.3294,32.9209,51.9536,51.9547,0.0,0.0,0,42484.1782,60.6501,37.3695,30.1572,44.7432,1.2976,1.0332,18.9023,1,39951.0,2.2,0.0,3.1091,18.8856,15.479921169739352,15.598692943420216,15.173094087730453,18.9023,0.0
7271,2019-11-13,SZSE:000768,0.9889,15.5,15.3413,15.68,15.47,42913.9986,15.64,2.6244,64.1458,69.8513,87.5642,1.31,33.0679,48.5616,48.5627,0.0,0.0,0,41847.3898,59.741,36.8094,29.7051,44.0725,1.2782,1.0177,11.5339,1,39951.0,2.2,0.0,3.0637,18.8856,15.479866580645162,15.519457032258064,15.311607161290324,11.5339,0.0
7272,2019-11-14,SZSE:000768,0.9889,15.52,15.3611,15.61,15.34,42969.3715,15.51,2.6278,64.2286,69.9414,87.6772,1.3117,33.0679,48.8742,48.8752,0.0,0.0,0,41902.7627,59.82,36.8581,29.7445,44.1308,1.2798,1.0191,13.749,1,39951.0,2.2,0.0,3.0676,18.8856,15.351202384020619,15.450178543814433,15.182942912371136,13.749,0.0
7273,2019-11-15,SZSE:000768,0.9981,15.22,15.0642,15.65,15.22,42138.778,15.54,2.577,62.987,68.5895,85.9824,1.2863,33.2608,44.5053,44.5063,0.0,0.0,0,41072.1692,58.6343,36.1275,29.1549,43.2561,1.2545,0.9989,18.4135,1,39951.0,2.2,0.0,3.0083,18.8856,15.380924310118264,15.489798291721419,15.0642,18.4135,0.0
7274,2019-11-18,SZSE:000768,0.9981,15.26,15.1038,15.3,15.01,42249.5238,15.13,2.5838,63.1526,68.7697,86.2084,1.2897,33.2561,45.2086,45.2096,0.0,0.0,0,41182.915,58.7924,36.2249,29.2335,43.3727,1.2579,1.0015,10.0725,1,39951.0,2.2,0.0,3.0162,18.8856,14.975130668414156,15.143390563564877,14.856358977719529,10.0725,0.0
7275,2019-11-19,SZSE:000768,0.9981,15.57,15.4106,15.58,15.19,43107.8038,15.25,2.6363,64.4355,70.1667,87.9596,1.3159,32.9541,50.4495,50.4504,0.0,0.0,0,42041.195,60.0177,36.9799,29.8427,44.2766,1.2841,1.0224,13.0854,1,39951.0,2.2,0.0,3.0775,18.8856,15.093876043673731,15.420497623635198,15.034490301862556,13.0854,0.0
7276,2019-11-20,SZSE:000768,0.9981,15.37,15.2127,15.72,15.34,42554.0747,15.59,2.6024,63.6078,69.2654,86.8298,1.299,33.049,47.3057,47.3065,0.0,0.0,0,41487.466,59.2272,36.4928,29.4497,43.6934,1.2672,1.009,13.071,1,39951.0,2.2,0.0,3.038,18.8856,15.430448471047496,15.559118022121016,15.183007026675343,13.071,0.0
7277,2019-11-21,SZSE:000768,0.9981,15.66,15.4997,15.84,15.25,43356.9818,15.31,2.6515,64.808,70.5723,88.4681,1.3235,33.2672,51.9786,51.9793,0.0,0.0,0,42290.373,60.3734,37.1991,30.0196,44.539,1.2917,1.0285,18.6769,1,39951.0,2.2,0.0,3.0953,18.8856,15.15328269476373,15.677857471264367,15.09389687100894,18.6769,0.0
7278,2019-11-22,SZSE:000768,0.9702,15.63,15.47,15.76,15.39,43273.9225,15.6,2.6464,64.6838,70.4371,88.2986,1.321,33.0932,51.4701,51.4708,0.0,0.0,0,42207.3137,60.2548,37.126,29.9606,44.4516,1.2891,1.0265,17.2778,1,39951.0,2.2,0.0,3.0894,18.8856,15.440307101727447,15.598669225847729,15.232456813819578,17.2778,0.0
7279,2019-11-25,SZSE:000768,0.9702,15.63,15.47,15.65,15.44,43273.9225,15.65,2.6464,64.6838,70.4371,88.2986,1.321,33.06,51.4701,51.4708,0.0,0.0,0,42207.3137,60.2548,37.126,29.9606,44.4516,1.2891,1.0265,8.5196,1,39951.0,2.2,0.0,3.0894,18.8856,15.489795265515037,15.489795265515037,15.281944977607164,8.5196,0.0
7280,2019-11-26,SZSE:000768,0.9702,15.97,15.8065,16.16,15.56,44215.2618,15.64,2.704,66.0909,71.9694,90.2194,1.3497,33.3146,56.9994,56.9999,0.0,0.0,0,43148.653,61.5987,37.954,30.6288,45.4282,1.3179,1.0602,25.3571,1,39951.0,2.2,0.0,3.1566,18.8856,15.479878522229178,15.994554790231684,15.400697557921102,25.3571,0.0
7281,2019-11-27,SZSE:000768,0.9702,15.89,15.7274,15.95,15.75,43993.7702,15.86,2.6904,65.7598,71.6088,89.7674,1.343,33.2023,55.4,55.4005,0.0,0.0,0,42927.1614,61.2825,37.7592,30.4716,45.195,1.3111,1.0548,9.6564,1,39951.0,2.2,0.0,3.1407,18.8856,15.697706985525485,15.786786028949022,15.588832599118941,9.6564,0.0
7282,2019-11-28,SZSE:000768,0.9702,15.76,15.5987,15.89,15.62,43633.8463,15.84,2.6684,65.2218,71.023,89.033,1.332,33.2229,52.8069,52.8074,0.0,0.0,0,42567.2376,60.7686,37.4426,30.2161,44.816,1.3001,1.0459,9.0398,1,39951.0,2.2,0.0,3.115,18.8856,15.67788121827411,15.72736947969543,15.460132868020304,9.0398,0.0
7283,2019-11-29,SZSE:000768,0.9844,15.9,15.7373,15.96,15.59,44021.4566,15.73,2.6921,65.8012,71.6539,89.8239,1.3438,33.1992,55.2368,55.2373,0.0,0.0,0,42954.8479,61.322,37.7836,30.4913,45.2241,1.312,1.0555,12.6959,1,39951.0,2.2,0.0,3.1427,18.8856,15.569039559748427,15.796686037735848,15.43047213836478,12.6959,0.0
7284,2019-12-02,SZSE:000768,0.9844,15.87,15.7076,16.08,15.82,43938.3973,15.92,2.6871,65.677,71.5187,89.6544,1.3413,28.84,54.5882,54.5887,0.0,0.0,0,42871.7885,61.2034,37.7105,30.4323,45.1367,1.3094,1.0534,9.5869,1,39951.0,2.2,0.0,3.1368,18.8856,15.757088342785128,15.91545103969754,15.65811165721487,9.5869,0.0
7285,2019-12-03,SZSE:000768,0.9844,16.1,15.9352,16.15,15.74,44575.1856,15.8,2.726,66.6289,72.5552,90.9538,1.3607,28.7546,58.6019,58.6023,0.0,0.0,0,43508.5769,62.1125,38.2706,30.8843,45.8071,1.3289,1.0691,15.8251,1,39951.0,2.2,0.0,3.1823,18.8856,15.638270807453416,15.984688198757759,15.578884968944097,15.8251,0.0
7286,2019-12-04,SZSE:000768,0.9844,16.2,16.0342,16.24,15.95,44852.0502,16.0,2.7429,67.0427,73.0059,91.5187,1.3692,28.7625,60.247,60.2474,0.0,0.0,0,43785.4414,62.5077,38.5142,31.0809,46.0986,1.3374,1.0759,16.0417,1,39951.0,2.2,0.0,3.202,18.8856,15.836246913580247,16.073790617283947,15.786758641975307,16.0417,0.0
7287,2019-12-05,SZSE:000768,0.9844,16.3,16.1332,16.36,16.13,45128.9147,16.2,2.7599,67.4566,73.4565,92.0836,1.3776,28.7672,61.8785,61.8788,0.0,0.0,0,44062.3059,62.903,38.7577,31.2774,46.3901,1.3458,1.0827,18.3184,1,39951.0,2.2,0.0,3.2218,18.8856,16.034223312883434,16.19258601226994,15.964939631901839,18.3184,0.0
7288,2019-12-06,SZSE:000768,0.9843,16.25,16.0837,16.32,16.1,44990.4824,16.25,2.7514,67.2496,73.2312,91.8012,1.3734,28.7625,60.5406,60.541,0.0,0.0,0,43923.8736,62.7054,38.6359,31.1791,46.2443,1.3416,1.0793,11.4811,1,39951.0,2.2,0.0,3.2119,18.8856,16.0837,16.15298363076923,15.935235076923078,11.4811,0.0
7289,2019-12-09,SZSE:000768,0.9843,16.11,15.9451,16.26,16.07,44602.8721,16.24,2.7277,66.6703,72.6003,91.0103,1.3616,28.7245,56.8353,56.8357,0.0,0.0,0,43536.2633,62.152,38.295,30.904,45.8363,1.3297,1.0698,11.0851,1,39951.0,2.2,0.0,3.1842,18.8856,16.073769335816262,16.093564618249538,15.905509435133457,11.0851,0.0
7290,2019-12-10,SZSE:000768,0.9843,15.98,15.8164,16.15,15.85,44242.9482,16.12,2.7057,66.1323,72.0144,90.2759,1.3506,28.538,53.5574,53.5577,0.0,0.0,0,43176.3395,61.6382,37.9784,30.6485,45.4573,1.3187,1.0609,14.6816,1,39951.0,2.2,0.0,3.1585,18.8856,15.954966708385484,15.984659574468083,15.687730913642051,14.6816,0.0
7291,2019-12-11,SZSE:000768,0.9843,16.05,15.8857,16.16,15.92,44436.7534,15.96,2.7175,66.422,72.3299,90.6713,1.3565,28.5538,55.0603,55.0607,0.0,0.0,0,43370.1446,61.9149,38.1489,30.7861,45.6614,1.3247,1.0657,13.583,1,39951.0,2.2,0.0,3.1724,18.8856,15.796621308411215,15.994573956386292,15.7570307788162,13.583,0.0
7292,2019-12-12,SZSE:000768,0.9843,15.91,15.7472,16.03,15.87,44049.1431,15.99,2.6938,65.8426,71.699,89.8804,1.3447,28.5554,51.4726,51.4729,0.0,0.0,0,42982.5343,61.3615,37.8079,30.5109,45.2533,1.3128,1.0561,10.7399,1,39951.0,2.2,0.0,3.1447,18.8856,15.826381395348838,15.865972093023256,15.707609302325581,10.7399,0.0
7293,2019-12-13,SZSE:000768,0.867,16.04,15.8758,16.05,15.88,44409.0669,15.9,2.7158,66.3806,72.2848,90.6148,1.3556,28.3814,54.4412,54.4415,0.0,0.0,0,43342.4582,61.8753,38.1245,30.7664,45.6322,1.3238,1.065,13.8192,1,39951.0,2.2,0.0,3.1704,18.8856,15.737233167082294,15.885697630922692,15.717437905236908,13.8192,0.0
7294,2019-12-16,SZSE:000768,0.867,16.53,16.3608,16.63,16.12,45765.703,16.15,2.7988,68.4084,74.493,93.383,1.3971,29.085,63.5039,63.5041,0.0,0.0,0,44699.0943,63.8121,39.3178,31.7294,47.0605,1.3653,1.0983,34.8541,1,39951.0,2.2,0.0,3.2672,18.8856,15.984689655172412,16.459776406533575,15.954996733212342,34.8541,0.0
7295,2019-12-17,SZSE:000768,0.867,16.54,16.3707,16.65,16.43,45793.3895,16.53,2.8005,68.4498,74.5381,93.4395,1.3979,28.119,63.6627,63.6629,0.0,0.0,0,44726.7807,63.8516,39.3422,31.7491,47.0897,1.3661,1.099,24.1244,1,39951.0,2.2,0.0,3.2692,18.8856,16.360802357920196,16.47957406287787,16.26182593712213,24.1244,0.0
7296,2019-12-18,SZSE:000768,0.867,16.44,16.2717,16.78,16.44,45516.525,16.65,2.7836,68.0359,74.0874,92.8745,1.3895,28.1443,60.812,60.8122,0.0,0.0,0,44449.9162,63.4563,39.0986,31.5525,46.7982,1.3576,1.0922,20.2664,1,39951.0,2.2,0.0,3.2495,18.8856,16.47955018248175,16.60821934306569,16.2717,20.2664,0.0
7297,2019-12-19,SZSE:000768,0.867,16.45,16.2816,16.57,16.4,45544.2114,16.43,2.7853,68.0773,74.1325,92.931,1.3903,28.0794,61.0001,61.0003,0.0,0.0,0,44477.6027,63.4959,39.123,31.5722,46.8273,1.3585,1.0929,12.9111,1,39951.0,2.2,0.0,3.2514,18.8856,16.26180474164134,16.400371550151977,16.232111854103344,12.9111,0.0
7298,2019-12-20,SZSE:000768,0.8339,16.2,16.0342,16.47,16.15,44852.0502,16.42,2.7429,67.0427,73.0059,91.5187,1.3692,28.0763,54.0203,54.0205,0.0,0.0,0,43785.4414,62.5077,38.5142,31.0809,46.0986,1.3374,1.0759,16.9475,1,39951.0,2.2,0.0,3.202,18.8856,16.251948395061728,16.301436666666664,15.98471172839506,16.9475,0.0
7299,2019-12-23,SZSE:000768,0.8339,15.97,15.8065,16.29,15.94,44215.2618,16.19,2.704,66.0909,71.9694,90.2194,1.3497,28.1569,48.5198,48.52,0.0,0.0,0,43148.653,61.5987,37.954,30.6288,45.4282,1.3179,1.0602,13.1816,1,39951.0,2.2,0.0,3.1566,18.8856,16.02424765184721,16.123223857232308,15.776807138384468,13.1816,0.0
7300,2019-12-24,SZSE:000768,0.8339,16.18,16.0144,16.24,15.97,44796.6773,15.97,2.7395,66.9599,72.9157,91.4057,1.3675,28.2897,53.2049,53.2051,0.0,0.0,0,43730.0685,62.4287,38.4654,31.0416,46.0403,1.3357,1.0745,10.6844,1,39951.0,2.2,0.0,3.1981,18.8856,15.806549320148331,16.073785908529047,15.806549320148331,10.6844,0.0
7301,2019-12-25,SZSE:000768,0.8339,16.24,16.0738,16.28,16.06,44962.796,16.15,2.7497,67.2083,73.1861,91.7447,1.3725,28.0858,54.4796,54.4798,0.0,0.0,0,43896.1872,62.6658,38.6116,31.1595,46.2152,1.3407,1.0786,11.4172,1,39951.0,2.2,0.0,3.2099,18.8856,15.9847210591133,16.11339064039409,15.895642118226599,11.4172,0.0
7302,2019-12-26,SZSE:000768,0.8339,16.27,16.1035,16.29,16.15,45045.8553,16.23,2.7548,67.3324,73.3213,91.9142,1.3751,27.2304,55.1376,55.1378,0.0,0.0,0,43979.2465,62.7844,38.6846,31.2184,46.3026,1.3433,1.0806,8.613,1,39951.0,2.2,0.0,3.2159,18.8856,16.06390934234788,16.12329532882606,15.984728027043637,8.613,0.0
7303,2019-12-27,SZSE:000768,0.8336,16.12,15.955,16.43,16.09,44630.5586,16.27,2.7294,66.7116,72.6453,91.0668,1.3624,27.3031,51.1558,51.1559,0.0,0.0,0,43563.9498,62.1915,38.3193,30.9236,45.8654,1.3306,1.0704,15.8382,1,39951.0,2.2,0.0,3.1862,18.4579,16.10346464019851,16.26182692307692,15.925307071960296,15.8382,0.0
7304,2019-12-30,SZSE:000768,0.8336,16.34,16.1728,16.37,15.9,45239.6605,16.11,2.7666,67.6221,73.6368,92.3096,1.381,27.3316,56.1568,56.1569,0.0,0.0,0,44173.0517,63.0611,38.8551,31.356,46.5067,1.3492,1.0854,13.6333,1,39951.0,2.2,0.0,3.2297,18.4579,15.94515348837209,16.202493023255812,15.737302325581394,13.6333,0.0
7305,2019-12-31,SZSE:000768,0.8336,16.38,16.2123,16.42,16.25,45350.4063,16.33,2.7734,67.7876,73.817,92.5356,1.3844,27.1039,57.0185,57.0186,0.0,0.0,0,44283.7975,63.2192,38.9525,31.4346,46.6233,1.3526,1.0881,11.6998,1,39951.0,2.2,0.0,3.2376,18.4579,16.162811904761902,16.25189047619048,16.08363095238095,11.6998,0.0
7306,2020-01-01,SZSE:000768,0.8336,0.0,16.2123,0.0,0.0,45350.4063,0.0,2.7734,67.7876,73.817,92.5356,1.3844,27.1039,57.0185,57.0186,0.0,0.0,0,44283.7975,63.2192,38.9525,31.4346,46.6233,1.3526,1.0881,0.0,1,39951.0,2.2,0.0,3.2376,18.4579,0.0,0.0,0.0,0.0,0.0
7307,2020-01-02,SZSE:000768,0.8336,16.54,16.3707,16.77,16.41,45793.3895,16.45,2.8005,68.4498,74.5381,93.4395,1.3979,26.9394,60.3733,60.3734,0.0,0.0,0,44726.7807,63.8516,39.3422,31.7491,47.0897,1.3661,1.099,25.4695,1,39951.0,2.2,0.0,3.2692,18.4579,16.28162122128174,16.59834576783555,16.242030652962516,25.4695,0.0
7308,2020-01-03,SZSE:000768,0.8401,17.02,16.8458,17.19,16.57,47122.3391,16.62,2.8818,70.4362,76.7012,96.1511,1.4385,27.2826,68.3537,68.3538,0.0,0.0,0,46055.7303,65.7488,40.5111,32.6924,48.4888,1.4067,1.1317,43.5724,1,39951.0,2.2,0.0,3.3641,18.4579,16.44989400705053,17.01406004700353,16.400405757931846,43.5724,0.0
7309,2020-01-06,SZSE:000768,0.8401,17.08,16.9052,17.52,16.93,47288.4578,17.3,2.8919,70.6845,76.9716,96.4901,1.4435,27.0675,69.189,69.1891,0.0,0.0,0,46221.849,65.9859,40.6572,32.8103,48.6637,1.4118,1.1357,35.468,1,39951.0,2.2,0.0,3.376,18.4579,17.12294847775176,17.340696955503514,16.756735128805623,35.468,0.0
7310,2020-01-07,SZSE:000768,0.8401,17.06,16.8854,17.2,16.96,47233.0849,16.98,2.8885,70.6018,76.8815,96.3771,1.4419,26.8604,68.5396,68.5397,0.0,0.0,0,46166.4761,65.9069,40.6085,32.771,48.6054,1.4101,1.1344,21.6694,1,39951.0,2.2,0.0,3.372,18.4579,16.806218757327084,17.023967174677612,16.786423446658855,21.6694,0.0
7311,2020-01-08,SZSE:000768,0.8401,17.22,17.0437,17.53,16.97,47676.0681,17.19,2.9156,71.2639,77.6025,97.281,1.4554,26.7054,70.8933,70.8933,0.0,0.0,0,46609.4594,66.5393,40.9982,33.0855,49.0718,1.4236,1.1453,36.0065,1,39951.0,2.2,0.0,3.4036,18.4579,17.014007142857146,17.350526190476195,16.796259523809525,36.0065,0.0
7312,2020-01-09,SZSE:000768,0.8401,16.97,16.7963,16.98,16.75,46983.9069,16.9,2.8733,70.2293,76.4759,95.8687,1.4342,26.8699,62.9665,62.9665,0.0,0.0,0,45917.2981,65.5511,40.3894,32.5942,48.3431,1.4025,1.1283,23.9313,1,39951.0,2.2,0.0,3.3542,18.4579,16.72701649970536,16.806197642899235,16.57855185621685,23.9313,0.0
7313,2020-01-10,SZSE:000768,0.866,16.83,16.6577,17.05,16.78,46596.2966,16.96,2.8496,69.6499,75.845,95.0778,1.4224,26.9347,58.9887,58.9888,0.0,0.0,0,45529.6878,64.9978,40.0484,32.319,47.935,1.3906,1.1187,14.4674,1,39951.0,2.2,0.0,3.3265,18.4579,16.786369102792634,16.875447712418303,16.608211883541298,14.4674,0.0
7314,2020-01-13,SZSE:000768,0.866,16.91,16.7369,16.93,16.6,46817.7882,16.78,2.8631,69.981,76.2055,95.5297,1.4292,26.8825,60.5234,60.5234,0.0,0.0,0,45751.1794,65.314,40.2432,32.4762,48.1682,1.3974,1.1242,15.6908,1,39951.0,2.2,0.0,3.3424,18.4579,16.608230751034892,16.756695269071553,16.430073329390893,15.6908,0.0
7315,2020-01-14,SZSE:000768,0.866,16.9,16.727,17.22,16.87,46790.1017,16.95,2.8615,69.9396,76.1604,95.4732,1.4283,26.7529,60.22,60.2201,0.0,0.0,0,45723.4929,65.2745,40.2189,32.4566,48.139,1.3965,1.1235,24.2272,1,39951.0,2.2,0.0,3.3404,18.4579,16.776488165680476,17.04372426035503,16.69730710059172,24.2272,0.0
7316,2020-01-15,SZSE:000768,0.866,16.57,16.4004,16.94,16.5,45876.4488,16.88,2.8056,68.5739,74.6733,93.6089,1.4004,26.7813,51.1152,51.1153,0.0,0.0,0,44809.8401,63.9702,39.4152,31.808,47.1771,1.3686,1.101,19.5316,1,39951.0,2.2,0.0,3.2751,18.4579,16.707227036813517,16.76661291490646,16.33111647555824,19.5316,0.0
7317,2020-01-16,SZSE:000768,0.866,16.62,16.4499,17.04,16.61,46014.8811,16.64,2.814,68.7809,74.8986,93.8914,1.4047,26.7529,52.2922,52.2922,0.0,0.0,0,44948.2723,64.1678,39.537,31.9063,47.3229,1.3729,1.1044,22.7632,1,39951.0,2.2,0.0,3.285,18.4579,16.469695306859204,16.86560144404332,16.440002346570395,22.7632,0.0
7318,2020-01-17,SZSE:000768,0.8753,16.64,16.4697,16.77,16.54,46070.254,16.62,2.8174,68.8636,74.9887,94.0044,1.4064,26.7434,52.7819,52.782,0.0,0.0,0,45003.6452,64.2468,39.5857,31.9456,47.3812,1.3746,1.1058,14.2605,1,39951.0,2.2,0.0,3.289,18.4579,16.449904687500002,16.59836953125,16.3707234375,14.2605,0.0
7319,2020-01-20,SZSE:000768,0.8753,16.95,16.7765,17.09,16.66,46928.534,16.66,2.8699,70.1465,76.3858,95.7557,1.4326,26.707,59.6889,59.689,0.0,0.0,0,45861.9252,65.4721,40.3407,32.5548,48.2848,1.4008,1.1269,22.1037,1,39951.0,2.2,0.0,3.3503,18.4579,16.48946843657817,16.915066961651917,16.48946843657817,22.1037,0.0
7320,2020-01-21,SZSE:000768,0.8753,16.88,16.7072,17.08,16.82,46734.7288,16.9,2.8581,69.8569,76.0703,95.3602,1.4266,26.6121,57.6386,57.6387,0.0,0.0,0,45668.12,65.1954,40.1702,32.4173,48.0807,1.3949,1.1221,17.3624,1,39951.0,2.2,0.0,3.3364,18.4579,16.726995260663507,16.90515260663507,16.64781421800948,17.3624,0.0
7321,2020-01-22,SZSE:000768,0.8753,16.94,16.7666,17.04,16.52,46900.8475,16.79,2.8682,70.1052,76.3407,95.6992,1.4317,26.6121,58.9405,58.9406,0.0,0.0,0,45834.2387,65.4326,40.3163,32.5352,48.2556,1.3999,1.1262,17.4847,1,39951.0,2.2,0.0,3.3483,18.4579,16.618135419126325,16.86557638724911,16.350899173553717,17.4847,0.0
7322,2020-01-23,SZSE:000768,0.8753,16.64,16.4697,17.46,16.55,46070.254,16.8,2.8174,68.8636,74.9887,94.0044,1.4064,26.8556,50.5716,50.5717,0.0,0.0,0,45003.6452,64.2468,39.5857,31.9456,47.3812,1.3746,1.1058,34.4653,1,39951.0,2.2,0.0,3.289,18.4579,16.6280625,17.2813078125,16.38062109375,34.4653,0.0
7323,2020-01-24,SZSE:000768,0.853,0.0,16.4697,0.0,0.0,46070.254,0.0,2.8174,68.8636,74.9887,94.0044,1.4064,26.8556,50.5716,50.5717,0.0,0.0,0,45003.6452,64.2468,39.5857,31.9456,47.3812,1.3746,1.1058,0.0,1,39951.0,2.2,0.0,3.289,18.4579,0.0,0.0,0.0,0.0,0.0
7324,2020-01-27,SZSE:000768,0.853,0.0,16.4697,0.0,0.0,46070.254,0.0,2.8174,68.8636,74.9887,94.0044,1.4064,26.8556,50.5716,50.5717,0.0,0.0,0,45003.6452,64.2468,39.5857,31.9456,47.3812,1.3746,1.1058,0.0,1,39951.0,2.2,0.0,3.289,18.4579,0.0,0.0,0.0,0.0,0.0
7325,2020-01-28,SZSE:000768,0.853,0.0,16.4697,0.0,0.0,46070.254,0.0,2.8174,68.8636,74.9887,94.0044,1.4064,26.8556,50.5716,50.5717,0.0,0.0,0,45003.6452,64.2468,39.5857,31.9456,47.3812,1.3746,1.1058,0.0,1,39951.0,2.2,0.0,3.289,18.4579,0.0,0.0,0.0,0.0,0.0
7326,2020-01-29,SZSE:000768,0.853,0.0,16.4697,0.0,0.0,46070.254,0.0,2.8174,68.8636,74.9887,94.0044,1.4064,26.8556,50.5716,50.5717,0.0,0.0,0,45003.6452,64.2468,39.5857,31.9456,47.3812,1.3746,1.1058,0.0,1,39951.0,2.2,0.0,3.289,18.4579,0.0,0.0,0.0,0.0,0.0
7327,2020-01-30,SZSE:000768,0.853,0.0,16.4697,0.0,0.0,46070.254,0.0,2.8174,68.8636,74.9887,94.0044,1.4064,26.8556,50.5716,50.5717,0.0,0.0,0,45003.6452,64.2468,39.5857,31.9456,47.3812,1.3746,1.1058,0.0,1,39951.0,2.2,0.0,3.289,18.4579,0.0,0.0,0.0,0.0,0.0
7328,2020-01-31,SZSE:000768,0.751,0.0,16.4697,0.0,0.0,46070.254,0.0,2.8174,68.8636,74.9887,94.0044,1.4064,26.8556,50.5716,50.5717,0.0,0.0,0,45003.6452,64.2468,39.5857,31.9456,47.3812,1.3746,1.1058,0.0,1,39951.0,2.2,0.0,3.289,18.4579,0.0,0.0,0.0,0.0,0.0
7329,2020-02-03,SZSE:000768,0.751,14.98,14.8267,15.1,14.98,41474.3032,14.98,2.5364,61.9938,67.5079,84.6266,1.2661,35.1282,27.3937,27.3937,0.0,0.0,0,40407.6944,57.6857,35.5431,28.6832,42.5424,1.2342,0.9929,21.3761,1,39951.0,2.2,0.0,2.9609,18.4579,14.8267,14.945471962616821,14.8267,21.3761,0.0
7330,2020-02-04,SZSE:000768,0.751,15.08,14.9256,15.25,14.6,41751.1677,14.6,2.5533,62.4077,67.9585,85.1915,1.2745,35.1282,29.4902,29.4902,0.0,0.0,0,40684.5589,58.0809,35.7866,28.8797,42.8339,1.2426,0.9997,32.6118,1,39951.0,2.2,0.0,2.9806,18.4579,14.450514588859415,15.093859416445621,14.450514588859415,32.6118,0.0
7331,2020-02-05,SZSE:000768,0.751,15.18,15.0246,15.42,14.9,42028.0322,15.0,2.5702,62.8215,68.4092,85.7564,1.283,35.1392,31.6166,31.6167,0.0,0.0,0,40961.4234,58.4762,36.0301,29.0763,43.1254,1.2511,1.0065,29.1627,1,39951.0,2.2,0.0,3.0004,18.4579,14.846442687747036,15.26214308300395,14.747466403162056,29.1627,0.0
7332,2020-02-06,SZSE:000768,0.751,15.48,15.3216,15.59,15.04,42858.6257,15.16,2.621,64.063,69.7612,87.4512,1.3083,29.2511,37.688,37.688,0.0,0.0,0,41792.0169,59.6619,36.7607,29.6658,43.9999,1.2765,1.0269,26.9236,1,39951.0,2.2,0.0,3.0597,18.4579,15.004874418604652,15.43047441860465,14.886102325581394,26.9236,0.0
7333,2020-02-07,SZSE:000768,0.6463,15.71,15.5492,15.75,15.31,43495.4141,15.5,2.66,65.0149,70.7977,88.7505,1.3278,28.9048,41.9437,41.9437,0.0,0.0,0,42428.8053,60.571,37.3208,30.1179,44.6703,1.2959,1.0425,23.6211,1,39951.0,2.2,0.0,3.1052,18.4579,15.341349458943348,15.588790579248888,15.153294207511141,23.6211,0.0
7334,2020-02-10,SZSE:000768,0.6463,15.76,15.5987,15.83,15.52,43633.8463,15.53,2.6684,65.2218,71.023,89.033,1.332,28.753,42.8574,42.8574,0.0,0.0,0,42567.2376,60.7686,37.4426,30.2161,44.816,1.3001,1.0459,18.0256,1,39951.0,2.2,0.0,3.115,18.4579,15.371053997461928,15.667983565989848,15.361156345177664,18.0256,0.0
7335,2020-02-11,SZSE:000768,0.6463,15.56,15.4007,15.88,15.55,43080.1173,15.88,2.6346,64.3941,70.1217,87.9032,1.3151,28.6044,40.1364,40.1364,0.0,0.0,0,42013.5085,59.9781,36.9555,29.8231,44.2331,1.2832,1.0323,15.7396,1,39951.0,2.2,0.0,3.0755,18.4579,15.717423907455013,15.717423907455013,15.390802377892031,15.7396,0.0
7336,2020-02-12,SZSE:000768,0.6463,15.69,15.5294,15.72,15.44,43440.0412,15.5,2.6566,64.9321,70.7075,88.6376,1.3261,28.6123,42.6837,42.6837,0.0,0.0,0,42373.4324,60.492,37.2721,30.0786,44.612,1.2942,1.0412,17.3137,1,39951.0,2.2,0.0,3.1012,18.4579,15.341344805608669,15.55909292543021,15.281958954748248,17.3137,0.0
7337,2020-02-13,SZSE:000768,0.6463,15.45,15.2919,15.72,15.42,42775.5664,15.67,2.6159,63.9389,69.626,87.2817,1.3058,28.6281,39.3543,39.3544,0.0,0.0,0,41708.9576,59.5434,36.6877,29.6069,43.9124,1.2739,1.0249,15.5383,1,39951.0,2.2,0.0,3.0538,18.4579,15.509648737864078,15.559137087378643,15.262206990291263,15.5383,0.0
7338,2020-02-14,SZSE:000768,0.6437,15.45,15.2919,15.57,15.38,42775.5664,15.38,2.6159,63.9389,69.626,87.2817,1.3058,28.6265,39.3543,39.3544,0.0,0.0,0,41708.9576,59.5434,36.6877,29.6069,43.9124,1.2739,1.0249,14.072,1,39951.0,2.2,0.0,3.0538,18.4579,15.222616310679612,15.410672038834953,15.222616310679612,14.072,0.0
7339,2020-02-17,SZSE:000768,0.6437,16.78,16.6082,16.83,15.7,46457.8643,15.7,2.8411,69.443,75.6197,94.7953,1.4182,33.0158,59.6048,59.6048,0.0,0.0,0,45391.2555,64.8002,39.9266,32.2207,47.7892,1.3864,1.1153,56.4898,1,39951.0,2.2,0.0,3.3167,18.4579,15.539257449344456,16.657688081048864,15.539257449344456,56.4898,0.0
7340,2020-02-18,SZSE:000768,0.6437,16.8,16.628,17.25,16.68,46513.2372,16.99,2.8445,69.5258,75.7098,94.9083,1.4199,33.0158,59.822,59.822,0.0,0.0,0,45446.6284,64.8792,39.9754,32.26,47.8475,1.3881,1.1167,53.0258,1,39951.0,2.2,0.0,3.3206,18.4579,16.816054761904763,17.073392857142856,16.50922857142857,53.0258,0.0
7341,2020-02-19,SZSE:000768,0.6437,16.44,16.2717,16.99,16.36,45516.525,16.58,2.7836,68.0359,74.0874,92.8745,1.3895,33.1264,54.1739,54.1739,0.0,0.0,0,44449.9162,63.4563,39.0986,31.5525,46.7982,1.3576,1.0922,39.6707,1,39951.0,2.2,0.0,3.2495,18.4579,16.410266788321163,16.816069525547444,16.192518978102186,39.6707,0.0
7342,2020-02-20,SZSE:000768,0.6437,16.54,16.3707,16.6,16.19,45793.3895,16.46,2.8005,68.4498,74.5381,93.4395,1.3979,33.0158,55.4327,55.4327,0.0,0.0,0,44726.7807,63.8516,39.3422,31.7491,47.0897,1.3661,1.099,33.6656,1,39951.0,2.2,0.0,3.2692,18.4579,16.29151886336155,16.43008585247884,16.024282527206772,33.6656,0.0
7343,2020-02-21,SZSE:000768,0.4965,16.86,16.6874,17.15,16.48,46679.3559,16.51,2.8547,69.7741,75.9802,95.2472,1.4249,33.0252,59.2866,59.2866,0.0,0.0,0,45612.7471,65.1164,40.1215,32.378,48.0224,1.3932,1.1208,48.0956,1,39951.0,2.2,0.0,3.3325,18.4579,16.34098303677343,16.974431198102014,16.311290154211154,48.0956,0.0
7344,2020-02-24,SZSE:000768,0.4965,16.77,16.5984,16.99,16.61,46430.1778,16.71,2.8394,69.4016,75.5746,94.7388,1.4173,33.0474,57.7734,57.7734,0.0,0.0,0,45363.5691,64.7606,39.9023,32.2011,47.7601,1.3856,1.1147,30.868,1,39951.0,2.2,0.0,3.3147,18.4579,16.539013953488375,16.816148837209305,16.440037209302325,30.868,0.0
7345,2020-02-25,SZSE:000768,0.4965,16.75,16.5786,16.76,16.16,46374.8049,16.4,2.8361,69.3189,75.4845,94.6258,1.4157,33.0505,57.4227,57.4227,0.0,0.0,0,45308.1962,64.6816,39.8536,32.1618,47.7018,1.3839,1.1133,32.915,1,39951.0,2.2,0.0,3.3107,18.4579,16.232181492537315,16.588497671641793,15.994637373134331,32.915,0.0
7346,2020-02-26,SZSE:000768,0.4965,17.2,17.0239,18.11,16.49,47620.6952,16.51,2.9123,71.1812,77.5124,97.168,1.4537,33.1992,62.8828,62.8828,0.0,0.0,0,46554.0865,66.4602,40.9495,33.0462,49.0135,1.4219,1.1439,87.4807,1,39951.0,2.2,0.0,3.3997,18.4579,16.34096447674419,17.92458308139535,16.32116924418605,87.4807,0.0
7347,2020-02-27,SZSE:000768,0.4965,17.81,17.6277,18.13,16.98,49309.5687,17.45,3.0155,73.7056,80.2614,100.6141,1.5052,33.8806,68.7357,68.7357,0.0,0.0,0,48242.9599,68.8712,42.435,34.245,50.7916,1.4735,1.1854,78.6831,1,39951.0,2.2,0.0,3.5202,18.4579,17.271384896125774,17.944424536777092,16.80619573273442,78.6831,0.0
7348,2020-02-28,SZSE:000768,0.3849,17.01,16.8359,17.76,17.0,47094.6527,17.2,2.8801,70.3949,76.6562,96.0946,1.4376,35.2325,56.2158,56.2158,0.0,0.0,0,46028.0439,65.7092,40.4868,32.6728,48.4597,1.4058,1.131,57.3764,1,39951.0,2.2,0.0,3.3621,18.4579,17.02395532039976,17.578223633156963,16.826002351557904,57.3764,0.0
7349,2020-03-02,SZSE:000768,0.3849,18.26,18.0731,18.58,17.03,50555.459,17.27,3.0917,75.5679,82.2893,103.1563,1.5433,38.3347,66.4873,66.4873,0.0,0.0,0,49488.8502,70.6499,43.5309,35.1294,52.1033,1.5116,1.216,70.1901,1,39951.0,2.2,0.0,3.6092,18.4579,17.09323313253012,18.389824644030664,16.85568964950712,70.1901,0.0
7350,2020-03-03,SZSE:000768,0.3849,19.45,19.2509,19.93,18.3,53850.1466,18.5,3.2932,80.4926,87.6521,109.8789,1.6438,40.2874,72.9848,72.9848,0.0,0.0,0,52783.5379,75.3533,46.429,37.4681,55.5721,1.6122,1.297,103.6994,1,39951.0,2.2,0.0,3.8444,18.4579,18.310624678663242,19.7259864781491,18.11267197943445,103.6994,0.0
7351,2020-03-04,SZSE:000768,0.3849,19.45,19.2509,20.34,19.03,53850.1466,19.2,3.2932,80.4926,87.6521,109.8789,1.6438,40.289,72.9848,72.9848,0.0,0.0,0,52783.5379,75.3533,46.429,37.4681,55.5721,1.6122,1.297,73.3268,1,39951.0,2.2,0.0,3.8444,18.4579,19.00345912596401,20.131789511568126,18.835199331619542,73.3268,0.0
7352,2020-03-05,SZSE:000768,0.3849,19.09,18.8946,19.86,18.95,52853.4344,19.6,3.2323,79.0028,86.0297,107.8452,1.6134,40.5372,68.3363,68.3363,0.0,0.0,0,51786.8256,73.9304,45.5523,36.7606,54.5227,1.5817,1.2725,59.216,1,39951.0,2.2,0.0,3.7732,18.4579,19.399379779989527,19.65671849135673,18.756033001571502,59.216,0.0
7353,2020-03-06,SZSE:000768,0.3952,18.68,18.4888,19.06,18.62,51718.2899,18.87,3.1628,77.306,84.1821,105.529,1.5788,40.8377,63.3848,63.3848,0.0,0.0,0,50651.6812,72.3099,44.5538,35.9548,53.3276,1.5471,1.2446,40.0918,1,39951.0,2.2,0.0,3.6922,18.4579,18.67685524625268,18.864910492505352,18.429414132762314,40.0918,0.0
7354,2020-03-09,SZSE:000768,0.3952,17.64,17.4594,18.48,17.48,48838.8991,18.48,2.9868,73.0021,79.4953,99.6537,1.4909,42.6228,52.9119,52.9119,0.0,0.0,0,47772.2903,68.1993,42.021,33.9109,50.2961,1.4591,1.1738,54.9411,1,39951.0,2.2,0.0,3.4866,18.4579,18.2908,18.2908,17.301038095238095,54.9411,0.0
7355,2020-03-10,SZSE:000768,0.3952,18.38,18.1919,18.54,17.58,50887.6964,17.66,3.112,76.0645,82.8301,103.8342,1.5534,43.3517,58.2037,58.2037,0.0,0.0,0,49821.0876,71.1242,43.8232,35.3652,52.4531,1.5217,1.2242,52.9932,1,39951.0,2.2,0.0,3.6329,18.4579,17.479268443960827,18.350262568008706,17.400087159956474,52.9932,0.0
7356,2020-03-11,SZSE:000768,0.3952,18.26,18.0731,19.1,18.22,50555.459,18.39,3.0917,75.5679,82.2893,103.1563,1.5433,43.3896,57.0834,57.0834,0.0,0.0,0,49488.8502,70.6499,43.5309,35.1528,52.1678,1.5116,1.2398,54.7948,1,39951.0,2.2,0.0,3.6092,19.5342,18.20176938663746,18.904502190580505,18.033509419496163,54.7948,0.0
7357,2020-03-12,SZSE:000768,0.3952,18.1,17.9147,18.44,17.8,50112.4758,17.9,3.0646,74.9058,81.5683,102.2524,1.5297,43.3896,55.5482,55.5482,0.0,0.0,0,49045.867,70.0175,43.1413,34.8382,51.7009,1.498,1.2287,29.4341,1,39951.0,2.2,0.0,3.5776,19.5342,17.71674751381215,18.251219226519336,17.61777127071823,29.4341,0.0
7358,2020-03-13,SZSE:000768,0.3576,17.89,17.7069,18.29,17.07,49531.0603,17.2,3.0291,74.0367,80.6219,101.066,1.512,43.4655,53.5138,53.5138,0.0,0.0,0,48464.4516,69.1874,42.6299,34.4252,51.088,1.4803,1.2142,34.4474,1,39951.0,2.2,0.0,3.5361,19.5342,17.023961989938513,18.102806092789265,16.895292509782003,34.4474,0.0
7359,2020-03-16,SZSE:000768,0.3576,16.89,16.7171,18.14,16.8,46762.4153,18.0,2.8598,69.8982,76.1154,95.4167,1.4275,44.7589,45.0526,45.0526,0.0,0.0,0,45695.8065,65.2349,40.1945,32.4585,48.1695,1.3957,1.1448,41.3578,1,39951.0,2.2,0.0,3.3384,19.5342,17.815737122557724,17.954303966844286,16.628021314387208,41.3578,0.0
7360,2020-03-17,SZSE:000768,0.3576,17.1,16.925,17.45,16.58,47343.8307,17.21,2.8953,70.7673,77.0617,96.6031,1.4452,44.8284,46.9496,46.9496,0.0,0.0,0,46277.2219,66.065,40.706,32.8715,48.7824,1.4135,1.1594,28.8103,1,39951.0,2.2,0.0,3.3799,19.5342,17.033874269005846,17.27141812865497,16.4103216374269,28.8103,0.0
7361,2020-03-18,SZSE:000768,0.3576,16.59,16.4202,17.35,16.56,45931.8217,17.2,2.809,68.6567,74.7634,93.7219,1.4021,45.2648,43.0615,43.0615,0.0,0.0,0,44865.213,64.0492,39.4639,31.8686,47.2939,1.3703,1.124,27.2242,1,39951.0,2.2,0.0,3.2791,19.5342,17.023956600361664,17.172421338155516,16.39050705244123,27.2242,0.0
7362,2020-03-19,SZSE:000768,0.3576,17.1,16.925,17.15,16.52,47343.8307,16.64,2.8953,70.7673,77.0617,96.6031,1.4452,45.6949,47.7237,47.7237,0.0,0.0,0,46277.2219,66.065,40.706,32.8715,48.7824,1.4135,1.1594,31.3326,1,39951.0,2.2,0.0,3.3799,19.5342,16.46970760233918,16.974488304093565,16.35093567251462,31.3326,0.0
7363,2020-03-20,SZSE:000768,0.3488,17.36,17.1823,17.4,17.09,48063.6784,17.28,2.9393,71.8433,78.2334,98.0719,1.4672,45.6649,49.9727,49.9727,0.0,0.0,0,46997.0697,67.0926,41.3391,33.3829,49.5412,1.4354,1.1774,24.2976,1,39951.0,2.2,0.0,3.4313,19.5342,17.10311889400922,17.221890552995394,16.915063767281108,24.2976,0.0
7364,2020-03-23,SZSE:000768,0.3488,16.74,16.5687,17.06,16.68,46347.1185,16.9,2.8344,69.2775,75.4394,94.5693,1.4148,46.2199,45.001,45.001,0.0,0.0,0,45280.5097,64.6421,39.8292,32.1636,47.7317,1.383,1.1344,19.5045,1,39951.0,2.2,0.0,3.3088,19.5342,16.727062724014335,16.885425448028677,16.509313978494625,19.5045,0.0
7365,2020-03-24,SZSE:000768,0.3488,17.25,17.0734,17.3,16.8,47759.1275,17.1,2.9207,71.3881,77.7377,97.4505,1.4579,46.5487,49.4556,49.4556,0.0,0.0,0,46692.5187,66.6578,41.0713,33.1665,49.2201,1.4261,1.1698,22.9337,1,39951.0,2.2,0.0,3.4096,19.5342,16.924935652173914,17.12288811594203,16.62800695652174,22.9337,0.0
7366,2020-03-25,SZSE:000768,0.3488,17.5,17.3209,17.64,17.28,48451.2887,17.55,2.963,72.4227,78.8644,98.8628,1.479,46.6278,51.5281,51.5281,0.0,0.0,0,47384.68,67.646,41.6801,33.6582,49.9498,1.4473,1.1871,21.5874,1,39951.0,2.2,0.0,3.459,19.5342,17.370388285714288,17.459467200000002,17.103151542857148,21.5874,0.0
7367,2020-03-26,SZSE:000768,0.3488,16.99,16.8161,17.4,16.93,47039.2798,17.39,2.8767,70.3121,76.566,95.9817,1.4359,47.0658,47.2699,47.2699,0.0,0.0,0,45972.671,65.6302,40.4381,32.6552,48.4613,1.4042,1.1518,23.8111,1,39951.0,2.2,0.0,3.3582,19.5342,17.212005826957036,17.22190347263096,16.756714125956446,23.8111,0.0
7368,2020-03-27,SZSE:000768,0.2989,16.89,16.7171,17.22,16.89,46762.4153,17.18,2.8598,69.8982,76.1154,95.4167,1.4275,47.0405,46.4592,46.4592,0.0,0.0,0,45695.8065,65.2349,40.1945,32.4585,48.1695,1.3957,1.1448,15.4947,1,39951.0,2.2,0.0,3.3384,19.5342,17.004131320307874,17.043721847246886,16.7171,15.4947,0.0
7369,2020-03-30,SZSE:000768,0.2989,16.75,16.5786,17.14,16.35,46374.8049,16.53,2.8361,69.3189,54.7869,94.6258,1.4157,46.9994,45.2881,45.2881,0.0,0.0,0,41487.4955,59.2272,36.4929,27.6243,42.5015,1.2672,1.0007,19.9278,1,39951.0,2.2,2.6874,2.4029,19.5342,16.360851223880598,16.964609194029855,16.18269313432836,19.9278,0.0
7370,2020-03-31,SZSE:000768,0.2989,15.86,15.6977,16.8,15.7,43910.7108,16.75,2.6534,77.1776,51.8758,120.8703,1.28,48.3639,38.6231,38.6231,0.0,0.0,0,39023.4014,71.996,40.2858,25.9836,39.9772,1.1378,0.9413,36.6954,1,39951.0,2.2,2.5446,2.2753,19.5342,16.578592370744012,16.62808070617907,15.539337326607816,36.6954,0.0
7371,2020-04-01,SZSE:000768,0.2989,15.56,15.4007,15.95,15.56,43080.1173,15.86,2.6032,75.7178,59.8462,118.584,1.2558,48.0967,36.6644,36.6644,0.0,0.0,0,38192.8079,70.4636,39.4283,25.8669,39.7428,1.1136,1.0604,23.2162,1,39951.0,2.2,2.495,2.6248,19.5342,15.697628663239076,15.786707262210797,15.4007,23.2162,0.0
7372,2020-04-02,SZSE:000768,0.2989,15.87,15.7076,15.87,15.45,43938.3973,15.5,2.655,77.2263,61.0385,120.9465,1.2808,48.2358,40.0478,40.0478,0.0,0.0,0,39051.0879,72.0471,40.3144,26.4482,40.6359,1.1386,1.0842,15.2315,1,39951.0,2.2,2.5447,2.6771,19.5342,15.341386263390044,15.7076,15.291897920604914,15.2315,0.0
7373,2020-04-03,SZSE:000768,0.294,15.66,15.4997,15.85,15.55,43356.9818,15.85,2.6199,76.2044,65.25,119.3461,1.2639,47.9085,38.5456,38.5456,0.0,0.0,0,38469.6724,70.9744,39.7141,33.774,47.6682,1.1216,1.0699,13.1018,1,39951.0,2.2,2.5817,2.8618,19.5783,15.687755108556832,15.687755108556832,15.390825989782888,13.1018,0.0
7374,2020-04-06,SZSE:000768,0.294,0.0,15.4997,0.0,0.0,43356.9818,0.0,2.6199,76.2044,65.25,119.3461,1.2639,47.9085,38.5456,38.5456,0.0,0.0,0,38469.6724,70.9744,39.7141,33.774,47.6682,1.1216,1.0699,0.0,1,39951.0,2.2,2.5817,2.8618,19.5783,0.0,0.0,0.0,0.0,0.0
7375,2020-04-07,SZSE:000768,0.294,16.19,16.0243,16.28,15.87,44824.3637,15.9,2.7086,78.7835,67.4583,123.3853,1.3067,48.8524,44.2313,44.2313,0.0,0.0,0,39937.0543,73.6816,41.229,35.0622,49.4865,1.1644,1.1107,21.0289,1,39951.0,2.2,2.6691,2.9587,19.5783,15.737268066707843,16.11337887584929,15.707575108091413,21.0289,0.0
7376,2020-04-08,SZSE:000768,0.294,16.52,16.3509,16.69,16.06,45738.0166,16.06,2.7638,80.3893,68.8333,125.9002,1.3333,49.0042,47.4889,47.4889,0.0,0.0,0,40850.7071,75.3673,42.1722,35.8644,50.6186,1.191,1.1361,23.6577,1,39951.0,2.2,2.7235,3.019,19.5783,15.895608595641646,16.51915986682809,15.895608595641646,23.6577,0.0
7377,2020-04-09,SZSE:000768,0.294,16.66,16.4895,17.07,16.62,46125.6269,16.85,2.7872,81.0706,69.4167,126.9672,1.3446,48.9505,48.8539,48.8539,0.0,0.0,0,41238.3175,76.0824,42.5723,36.2047,51.0989,1.2023,1.1469,22.1959,1,39951.0,2.2,2.7466,3.0446,19.5783,16.677555522208884,16.89530402160864,16.449909363745498,22.1959,0.0
7378,2020-04-10,SZSE:000768,0.3527,16.59,16.4202,16.98,16.52,45931.8217,16.65,2.7755,80.7299,69.125,126.4337,1.3389,48.9283,48.1796,48.1796,0.0,0.0,0,41044.5123,75.7248,42.3723,36.0345,50.8587,1.1967,1.1415,19.0174,1,39951.0,2.2,2.7351,3.0318,19.5783,16.47958589511754,16.806208318264016,16.350916455696204,19.0174,0.0
7379,2020-04-13,SZSE:000768,0.3527,16.47,16.3014,16.59,16.24,45599.5843,16.45,2.7554,80.146,68.625,125.5192,1.3293,48.9394,46.9823,46.9823,0.0,0.0,0,40712.2749,75.1119,42.0293,35.7428,50.4471,1.187,1.1323,11.6187,1,39951.0,2.2,2.7153,3.0099,19.5783,16.281604735883427,16.420171584699457,16.07375446265938,11.6187,0.0
7380,2020-04-14,SZSE:000768,0.3527,16.76,16.5885,16.77,16.35,46402.4914,16.49,2.8039,81.5572,71.8296,127.7293,1.3527,49.0801,50.2029,50.2029,0.0,0.0,0,41515.182,76.5932,42.8582,36.4477,53.6005,1.2104,1.1464,13.0555,1,39951.0,2.2,2.75,3.1504,19.5783,16.32126282816229,16.598397673031027,16.182695405727923,13.0555,0.0
7381,2020-04-15,SZSE:000768,0.3527,16.42,16.2519,16.82,16.4,45461.1521,16.82,2.7471,79.9027,70.3724,125.1381,1.3252,49.0944,46.6267,46.6267,0.0,0.0,0,40573.8426,74.8565,41.8864,35.6213,52.3851,1.183,1.1204,13.8901,1,39951.0,2.2,2.6942,3.0865,19.5783,16.647804993909865,16.647804993909865,16.232104750304504,13.8901,0.0
7382,2020-04-16,SZSE:000768,0.3527,16.98,16.8062,17.12,16.31,47011.5933,16.35,2.8407,82.6277,72.7725,129.4059,1.3704,49.5861,52.614,52.614,0.0,0.0,0,42124.2839,77.717,43.487,36.9825,54.3869,1.2282,1.1632,27.1077,1,39951.0,2.2,2.7861,3.1918,19.5783,16.182648409893993,16.94476702002356,16.143057832744404,27.1077,0.0
7383,2020-04-17,SZSE:000768,0.3634,17.32,17.1427,17.6,16.76,47952.9326,17.0,2.8976,84.2822,74.2296,131.9971,1.3979,49.7505,55.8521,55.8521,0.0,0.0,0,43065.6232,79.4537,44.4588,37.8089,55.6023,1.2556,1.1892,37.3895,1,39951.0,2.2,2.8419,3.2557,19.5783,16.82597575057737,17.419833718244806,16.588432563510395,37.3895,0.0
7384,2020-04-20,SZSE:000768,0.3634,17.49,17.311,17.49,17.05,48423.6023,17.29,2.9261,85.1095,74.9582,133.2927,1.4116,49.6478,57.4189,57.4189,0.0,0.0,0,43536.2929,80.322,44.9447,38.2221,56.21,1.2693,1.2022,21.1569,1,39951.0,2.2,2.8698,3.2876,19.5783,17.113046883933677,17.311,16.87550314465409,21.1569,0.0
7385,2020-04-21,SZSE:000768,0.3634,17.21,17.0338,17.6,17.04,47648.3817,17.4,2.8792,83.747,75.815,131.1588,1.389,49.76,54.0185,54.0185,0.0,0.0,0,42761.0722,78.8918,44.1444,36.9201,57.6637,1.2467,1.163,24.3539,1,39951.0,2.2,2.8248,3.3252,19.7317,17.221854735618823,17.419807088901802,16.865540499709468,24.3539,0.0
7386,2020-04-22,SZSE:000768,0.3634,17.15,16.9745,17.35,16.95,47482.263,17.03,2.8692,83.455,75.5507,130.7015,1.3841,49.76,53.2902,53.2902,0.0,0.0,0,42594.9535,78.5853,43.9729,36.7767,57.4397,1.2419,1.1584,16.0734,1,39951.0,2.2,2.815,3.3136,19.7317,16.855727988338195,17.172453352769683,16.77654664723032,16.0734,0.0
7387,2020-04-23,SZSE:000768,0.3634,17.4,17.2219,17.64,17.05,48174.4242,17.21,2.911,84.6715,76.652,132.6068,1.4043,49.6984,55.9548,55.9548,0.0,0.0,0,43287.1148,79.8623,44.6874,37.3743,58.3731,1.2621,1.1773,29.1312,1,39951.0,2.2,2.856,3.3619,19.7317,17.033844770114946,17.459443448275863,16.875482471264373,29.1312,0.0
7388,2020-04-24,SZSE:000768,0.3563,17.03,16.8557,17.42,16.82,47150.0256,17.36,2.8491,82.8711,75.022,129.787,1.3745,49.4802,51.2912,51.2912,0.0,0.0,0,42262.7161,77.9724,43.6299,36.4899,56.9917,1.2322,1.1494,21.333,1,39951.0,2.2,2.7953,3.2904,19.7317,17.18232248972401,17.241708396946564,16.64784932472108,21.333,0.0
7389,2020-04-27,SZSE:000768,0.3563,16.67,16.4994,17.16,16.67,46153.3133,17.03,2.7889,81.1192,73.4361,127.0434,1.3454,49.2604,47.1717,47.1717,0.0,0.0,0,41266.0039,76.1335,42.6009,35.6293,55.6476,1.2032,1.1223,18.1239,1,39951.0,2.2,2.7362,3.2209,19.7317,16.85571577684463,16.984385362927412,16.4994,18.1239,0.0
7390,2020-04-28,SZSE:000768,0.3563,16.78,16.6082,16.89,16.12,46457.8643,16.79,2.8073,81.6545,73.9207,127.8817,1.3543,48.8667,48.5319,48.5319,0.0,0.0,0,41570.5549,76.6954,42.9153,35.8922,56.0583,1.212,1.1306,22.7632,1,39951.0,2.2,2.7543,3.2421,19.7317,16.61809761620977,16.71707377830751,15.954957330154947,22.7632,0.0
7391,2020-04-29,SZSE:000768,0.3563,17.02,16.8458,17.08,16.62,47122.3391,16.65,2.8359,82.1928,68.0528,117.1733,1.3705,48.5457,51.4681,51.4681,0.0,0.0,0,45129.0491,78.7037,46.0055,36.2592,55.6078,1.3126,1.173,17.4865,1,39951.0,2.2,0.0,2.9848,19.7317,16.47958695652174,16.90518589894242,16.44989400705053,17.4865,0.0
7392,2020-04-30,SZSE:000768,0.3563,17.62,17.4396,17.73,16.93,48783.5262,17.05,2.9359,85.0904,70.4518,121.3039,1.4188,48.6342,57.9298,57.9298,0.0,0.0,0,46790.2361,81.6008,47.6989,37.5939,57.6547,1.3609,1.2162,29.8092,1,39951.0,2.2,0.0,3.09,19.7317,16.87543586833144,17.548473779795685,16.75666447219069,29.8092,0.0
7393,2020-05-01,SZSE:000768,0.3721,0.0,17.4396,0.0,0.0,48783.5262,0.0,2.9359,85.0904,70.4518,121.3039,1.4188,48.6342,57.9298,57.9298,0.0,0.0,0,46790.2361,81.6008,47.6989,37.5939,57.6547,1.3609,1.2162,0.0,1,39951.0,2.2,0.0,3.09,19.7317,0.0,0.0,0.0,0.0,0.0
7394,2020-05-04,SZSE:000768,0.3721,0.0,17.4396,0.0,0.0,48783.5262,0.0,2.9359,85.0904,70.4518,121.3039,1.4188,48.6342,57.9298,57.9298,0.0,0.0,0,46790.2361,81.6008,47.6989,37.5939,57.6547,1.3609,1.2162,0.0,1,39951.0,2.2,0.0,3.09,19.7317,0.0,0.0,0.0,0.0,0.0
7395,2020-05-05,SZSE:000768,0.3721,0.0,17.4396,0.0,0.0,48783.5262,0.0,2.9359,85.0904,70.4518,121.3039,1.4188,48.6342,57.9298,57.9298,0.0,0.0,0,46790.2361,81.6008,47.6989,37.5939,57.6547,1.3609,1.2162,0.0,1,39951.0,2.2,0.0,3.09,19.7317,0.0,0.0,0.0,0.0,0.0
7396,2020-05-06,SZSE:000768,0.3721,18.0,17.8158,18.11,17.38,49835.6113,17.43,2.9992,86.9255,71.9712,123.92,1.4494,44.7557,61.4321,61.4321,0.0,0.0,0,47842.3212,83.4356,48.7714,38.4392,58.9511,1.3915,1.2435,29.9846,1,39951.0,2.2,0.0,3.1566,19.7317,17.251632999999998,17.924674333333336,17.202144666666666,29.9846,0.0
7397,2020-05-07,SZSE:000768,0.3721,17.88,17.697,18.2,17.73,49503.3739,17.98,2.9792,86.3459,71.4914,123.0939,1.4397,44.7209,59.7408,59.7408,0.0,0.0,0,47510.0838,82.8562,48.4327,38.1722,58.5417,1.3818,1.2349,20.9928,1,39951.0,2.2,0.0,3.1356,19.7317,17.795976510067113,18.013724832214766,17.54853523489933,20.9928,0.0
7398,2020-05-08,SZSE:000768,0.3741,17.92,17.7366,18.12,17.78,49614.1197,17.89,2.9859,86.5391,71.6513,123.3693,1.4429,44.3478,60.1348,60.1348,0.0,0.0,0,47620.8296,83.0493,48.5456,38.2612,58.6782,1.385,1.2378,18.9679,1,39951.0,2.2,0.0,3.1426,19.7317,17.706907031249997,17.934553124999997,17.598032812499998,18.9679,0.0
7399,2020-05-11,SZSE:000768,0.3741,18.05,17.8652,18.3,17.82,49974.0435,17.95,3.0076,87.1669,64.6953,124.2642,1.4534,44.6245,61.4551,61.4551,0.0,0.0,0,47980.7535,83.677,48.9125,36.1399,59.8734,1.3955,1.2511,21.9153,1,39951.0,2.2,0.0,2.8375,19.7317,17.766223822714682,18.112640443213298,17.63755479224377,21.9153,0.0
7400,2020-05-12,SZSE:000768,0.3741,17.99,17.8059,18.16,17.83,49807.9248,18.0,2.9976,86.8772,64.4803,123.8512,1.4486,44.6229,60.4598,60.4598,0.0,0.0,0,47814.6348,83.3873,48.7432,36.0147,59.6661,1.3907,1.2468,14.768,1,39951.0,2.2,0.0,2.8281,19.7317,17.81579766536965,17.974160311284052,17.647537354085603,14.768,0.0
7401,2020-05-13,SZSE:000768,0.3741,17.96,17.7762,18.09,17.77,49724.8655,18.01,2.9926,86.7323,64.3728,123.6446,1.4462,44.4806,59.9371,59.9371,0.0,0.0,0,47731.5754,83.2425,48.6585,35.9522,59.5625,1.3882,1.2446,13.0945,1,39951.0,2.2,0.0,2.8234,19.7317,17.825688307349665,17.90486959910913,17.588144432071267,13.0945,0.0
7402,2020-05-14,SZSE:000768,0.3741,17.83,17.6475,18.25,17.79,49364.9416,17.9,2.9709,86.1045,63.9068,122.7497,1.4357,44.5217,57.6129,57.6128,0.0,0.0,0,47371.6516,82.6148,48.2916,35.6811,59.1133,1.3778,1.2352,23.7681,1,39951.0,2.2,0.0,2.8029,19.7317,17.716783510936622,18.063201065619744,17.60790942232193,23.7681,0.0
7403,2020-05-15,SZSE:000768,0.3846,17.71,17.5287,17.91,17.62,49032.7042,17.85,2.9509,85.525,63.4767,121.9235,1.426,44.1881,55.4744,55.4744,0.0,0.0,0,47039.4142,82.0353,47.9529,35.4308,58.6988,1.3681,1.2266,16.7874,1,39951.0,2.2,0.0,2.7841,19.7317,17.66726679841897,17.72665256916996,17.43962134387352,16.7874,0.0
7404,2020-05-18,SZSE:000768,0.3846,18.4,18.2117,18.67,17.77,50943.0693,17.82,3.0659,88.8571,65.9498,126.6738,1.4816,42.0203,63.7958,63.7958,0.0,0.0,0,48949.7793,85.367,49.9004,36.8697,61.0826,1.4237,1.2764,40.4825,1,39951.0,2.2,0.0,2.8925,19.7317,17.637635543478265,18.478936902173917,17.588147228260873,40.4825,0.0
7405,2020-05-19,SZSE:000768,0.3846,18.31,18.1226,18.45,18.15,50693.8913,18.4,3.0509,88.4225,65.6272,126.0542,1.4743,41.7674,62.1639,62.1639,0.0,0.0,0,48700.6012,84.9324,49.6464,36.6821,60.7717,1.4164,1.2699,20.3527,1,39951.0,2.2,0.0,2.8784,19.7317,18.211678864008736,18.26116712179137,17.964237575095574,20.3527,0.0
7406,2020-05-20,SZSE:000768,0.3846,17.6,17.4199,18.3,17.5,48728.1533,18.3,2.9326,84.9938,63.0824,121.1662,1.4172,42.599,51.0659,51.0659,0.0,0.0,0,46734.8632,81.5042,47.6425,35.2014,58.3187,1.3593,1.2186,26.0581,1,39951.0,2.2,0.0,2.7668,19.7317,18.11273693181818,18.11273693181818,17.32092329545454,26.0581,0.0
7407,2020-05-21,SZSE:000768,0.3846,17.43,17.2516,17.93,17.37,48257.4836,17.93,2.9043,84.1728,62.4731,119.9959,1.4035,42.4868,48.8186,48.8186,0.0,0.0,0,46264.1936,80.6834,47.1627,34.8469,57.7314,1.3456,1.2063,16.9578,1,39951.0,2.2,0.0,2.7401,19.7317,17.746482386689614,17.746482386689614,17.192214113597245,16.9578,0.0
7408,2020-05-22,SZSE:000768,0.3757,17.08,16.9052,17.58,16.94,47288.4578,17.4,2.8459,82.4826,61.2186,117.5863,1.3753,42.3413,44.4786,44.4786,0.0,0.0,0,45295.1678,78.9934,46.1748,34.117,56.5222,1.3174,1.1811,17.8725,1,39951.0,2.2,0.0,2.685,19.7317,17.22192505854801,17.400082903981264,16.76663278688525,17.8725,0.0
7409,2020-05-25,SZSE:000768,0.3757,16.96,16.7864,17.24,16.84,46956.2204,17.13,2.8259,81.9031,60.7885,116.7602,1.3656,42.7081,43.065,43.065,0.0,0.0,0,44962.9304,78.414,45.8361,33.8668,56.1076,1.3077,1.1724,14.0744,1,39951.0,2.2,0.0,2.6662,19.7317,16.954659905660375,17.06353396226415,16.66762830188679,14.0744,0.0
7410,2020-05-26,SZSE:000768,0.3757,17.16,16.9844,17.16,16.96,47509.9494,17.01,2.8593,82.8689,61.5054,118.1371,1.3817,42.4283,46.1375,46.1375,0.0,0.0,0,45516.6594,79.3797,46.4006,34.2839,56.7986,1.3238,1.1869,11.8653,1,39951.0,2.2,0.0,2.6976,19.7317,16.83593496503497,16.9844,16.786446620046622,11.8653,0.0
7411,2020-05-27,SZSE:000768,0.3757,17.3,17.1229,17.4,17.1,47897.5597,17.18,2.8826,83.545,62.0072,119.1009,1.393,41.8433,48.2431,48.2431,0.0,0.0,0,45904.2697,80.0557,46.7957,34.5758,57.2822,1.3351,1.197,16.4783,1,39951.0,2.2,0.0,2.7196,19.7317,17.004128439306356,17.22187630057803,16.924947398843933,16.4783,0.0
7412,2020-05-28,SZSE:000768,0.3757,17.19,17.0141,17.34,17.01,47593.0088,17.26,2.8643,83.0138,61.6129,118.3436,1.3842,40.7871,46.6984,46.6984,0.0,0.0,0,45599.7187,79.5246,46.4853,34.3464,56.9022,1.3262,1.189,14.3478,1,39951.0,2.2,0.0,2.7023,19.7317,17.08338371146015,17.162565095986036,16.83594188481675,14.3478,0.0
7413,2020-05-29,SZSE:000768,0.3691,17.2,17.0239,17.27,17.05,47620.6952,17.23,2.8659,83.0621,70.0897,118.4125,1.385,40.4471,46.865,46.865,0.0,0.0,0,45627.4052,79.5728,46.5135,37.0613,56.9368,1.327,1.1897,9.7913,1,39951.0,2.2,0.0,3.0741,19.184,17.053592848837212,17.09318331395349,16.875435755813957,9.7913,0.0
7414,2020-06-01,SZSE:000768,0.3691,17.57,17.3902,17.6,17.1,48645.0939,17.2,2.9276,84.8489,62.1287,120.9597,1.4148,40.3364,52.7484,52.7484,0.0,0.0,0,46651.8039,81.3594,47.5578,33.8401,52.5284,1.3568,1.1569,18.8332,1,39951.0,2.2,0.0,2.7249,19.184,17.023986340352874,17.41989299943085,16.925009675583382,18.8332,0.0
7415,2020-06-02,SZSE:000768,0.3691,17.8,17.6178,17.95,17.45,49281.8823,17.5,2.9659,85.9596,62.942,122.5431,1.4333,37.7908,56.0092,56.0092,0.0,0.0,0,47288.5922,82.4699,48.2069,34.302,53.2454,1.3754,1.1727,19.023,1,39951.0,2.2,0.0,2.7606,19.184,17.320870786516853,17.766264606741572,17.27138258426966,19.023,0.0
7416,2020-06-03,SZSE:000768,0.3691,17.66,17.4792,17.91,17.6,48894.272,17.76,2.9426,85.2835,62.7131,121.5793,1.422,35.5203,53.5852,53.5852,0.0,0.0,0,46900.9819,81.7939,47.8118,33.3989,53.4106,1.3641,1.1671,13.4352,1,39951.0,2.2,0.0,2.7506,18.3725,17.578176217440543,17.72664054360136,17.419814269535674,13.4352,0.0
7417,2020-06-04,SZSE:000768,0.3691,17.41,17.2318,17.73,17.4,48202.1107,17.73,2.9009,84.0762,61.8253,119.8582,1.4019,35.6088,49.468,49.468,0.0,0.0,0,46208.8207,80.5868,47.1062,32.906,52.6223,1.344,1.1499,15.5697,1,39951.0,2.2,0.0,2.7116,18.3725,17.548524641010914,17.548524641010914,17.221902354968407,15.5697,0.0
7418,2020-06-05,SZSE:000768,0.3439,17.3,17.1229,17.55,17.19,47897.5597,17.41,2.8826,83.545,61.4347,119.1009,1.393,35.4555,47.7303,47.7303,0.0,0.0,0,45904.2697,80.0557,46.7957,32.6891,52.2755,1.3351,1.1423,10.8077,1,39951.0,2.2,0.0,2.6945,18.3725,17.231773930635836,17.370340751445088,17.014026069364164,10.8077,0.0
7419,2020-06-08,SZSE:000768,0.3439,17.37,17.1922,17.67,17.31,48091.3649,17.35,2.8943,83.8831,61.6832,119.5828,1.3987,35.2325,48.959,48.959,0.0,0.0,0,46098.0748,80.3937,46.9933,32.8271,52.4962,1.3407,1.1472,11.1113,1,39951.0,2.2,0.0,2.7054,18.3725,17.17240472078296,17.489129188255614,17.132814162348875,11.1113,0.0
7420,2020-06-09,SZSE:000768,0.3439,17.2,17.0239,17.44,17.14,47620.6952,17.44,2.8659,83.0621,61.0796,118.4125,1.385,33.3747,46.1232,46.1232,0.0,0.0,0,45627.4052,79.5728,46.5135,32.492,51.9602,1.327,1.1355,12.4097,1,39951.0,2.2,0.0,2.6789,18.3725,17.261442790697675,17.261442790697675,16.964514302325583,12.4097,0.0
7421,2020-06-10,SZSE:000768,0.3439,17.18,17.0042,17.29,16.99,47565.3223,17.2,2.8626,82.9655,61.0085,118.2748,1.3834,32.2821,45.7872,45.7872,0.0,0.0,0,45572.0323,79.4763,46.457,32.4525,51.8972,1.3254,1.1341,16.9036,1,39951.0,2.2,0.0,2.6758,18.3725,17.023995343422584,17.113074388824213,16.81614423748545,16.9036,0.0
7422,2020-06-11,SZSE:000768,0.3439,17.04,16.8656,17.29,16.99,47177.712,17.13,2.8393,82.2894,60.5114,117.3109,1.3721,32.2948,43.4036,43.4036,0.0,0.0,0,45184.422,78.8003,46.0619,32.1765,51.4558,1.3142,1.1244,14.5104,1,39951.0,2.2,0.0,2.654,18.3725,16.954678873239438,17.113041314553993,16.8161117370892,14.5104,0.0
7423,2020-06-12,SZSE:000768,0.3486,16.85,16.6775,17.0,16.8,46651.6695,16.9,2.8076,81.3719,59.8367,116.0029,1.3568,32.3216,40.3347,40.3347,0.0,0.0,0,44658.3794,77.8829,45.5257,31.8019,50.8567,1.2989,1.1113,22.3399,1,39951.0,2.2,0.0,2.6244,18.3725,16.726988130563793,16.825964391691393,16.6280118694362,22.3399,0.0
7424,2020-06-15,SZSE:000768,0.3486,16.6,16.4301,16.89,16.6,45959.5082,16.8,2.766,80.1646,58.9489,114.2818,1.3367,32.3722,36.6615,36.6615,0.0,0.0,0,43966.2181,76.6758,44.8201,31.309,50.0685,1.2787,1.0941,16.7303,1,39951.0,2.2,0.0,2.5855,18.3725,16.62805301204819,16.71713186746988,16.4301,16.7303,0.0
7425,2020-06-16,SZSE:000768,0.3486,16.81,16.6379,16.89,16.69,46540.9236,16.69,2.8009,81.1787,59.6946,115.7275,1.3536,30.3737,41.4822,41.4822,0.0,0.0,0,44547.6336,77.6898,45.4128,31.723,50.7306,1.2956,1.1086,11.9438,1,39951.0,2.2,0.0,2.6182,18.3725,16.519128554431887,16.717080963712075,16.519128554431887,11.9438,0.0
7426,2020-06-17,SZSE:000768,0.3486,17.13,16.9547,17.45,16.99,47426.8901,17.03,2.8543,82.7241,60.831,117.9305,1.3793,30.5097,47.9796,47.9796,0.0,0.0,0,45433.6,79.2349,46.3159,32.354,51.7395,1.3214,1.1306,24.9407,1,39951.0,2.2,0.0,2.668,18.3725,16.855723350846468,17.2714252772913,16.816132691185054,24.9407,0.0
7427,2020-06-18,SZSE:000768,0.3486,16.93,16.7567,17.01,16.74,46873.1611,16.95,2.8209,81.7582,60.1207,116.5537,1.3632,29.9784,44.6433,44.6433,0.0,0.0,0,44879.871,78.2692,45.7514,31.9596,51.1089,1.3053,1.1168,13.7304,1,39951.0,2.2,0.0,2.6369,18.3725,16.776495274660366,16.835881098641465,16.568644890726517,13.7304,0.0
7428,2020-06-19,SZSE:000768,0.3365,16.97,16.7963,17.05,16.87,46983.9069,16.93,2.8276,81.9514,60.2628,116.829,1.3665,29.3523,45.4601,45.4601,0.0,0.0,0,44990.6168,78.4623,45.8643,32.0385,51.2351,1.3085,1.1196,11.0727,1,39951.0,2.2,0.0,2.6431,18.3725,16.756709428403063,16.87548114319387,16.69732357100766,11.0727,0.0
7429,2020-06-22,SZSE:000768,0.3365,17.06,17.0056,17.15,16.9,47233.0849,16.94,2.8426,82.386,60.5824,117.4486,1.3737,29.21,47.3429,49.6875,0.0,0.0,0,45239.7949,78.8969,46.1184,32.2159,51.5188,1.3158,1.1258,13.1165,1,39951.0,2.2,0.0,2.6571,18.3725,16.885982649472453,17.095313012895666,16.8461101992966,13.1165,0.120
7430,2020-06-23,SZSE:000768,0.3365,17.76,17.7034,17.83,16.97,49171.1365,17.15,2.9592,85.7664,63.0682,122.2677,1.4301,29.3791,59.1536,60.6393,0.0,0.0,0,47177.8464,82.2768,48.094,33.5961,53.7259,1.3721,1.174,35.7333,1,39951.0,2.2,0.0,2.7662,18.3725,17.09534403153153,17.773176914414407,16.915917680180176,35.7333,0.0
7431,2020-06-24,SZSE:000768,0.3365,17.71,17.6536,17.98,17.51,49032.7042,17.6,2.9509,85.525,62.8906,121.9235,1.426,28.7831,58.1503,59.6406,0.0,0.0,0,47039.4142,82.0353,47.9529,33.4975,53.5682,1.3681,1.1706,27.2551,1,39951.0,2.2,0.0,2.7584,18.3725,17.54395031055901,17.922740146809712,17.454236928289102,27.2551,0.0
7432,2020-06-25,SZSE:000768,0.3365,0.0,17.6536,0.0,0.0,49032.7042,0.0,2.9509,85.525,62.8906,121.9235,1.426,28.7831,58.1503,59.6406,0.0,0.0,0,47039.4142,82.0353,47.9529,33.4975,53.5682,1.3681,1.1706,0.0,1,39951.0,2.2,0.0,2.7584,18.3725,0.0,0.0,0.0,0.0,0.0
7433,2020-06-26,SZSE:000768,0.3352,0.0,17.6536,0.0,0.0,49032.7042,0.0,2.9509,85.525,62.8906,121.9235,1.426,28.7831,58.1503,59.6406,0.0,0.0,0,47039.4142,82.0353,47.9529,33.4975,53.5682,1.3681,1.1706,0.0,1,39951.0,2.2,0.0,2.7584,18.3725,0.0,0.0,0.0,0.0,0.0
7434,2020-06-29,SZSE:000768,0.3352,17.56,17.504,17.9,17.44,48617.4075,17.88,2.9259,84.8006,62.358,120.8909,1.414,28.4905,55.1294,56.6277,0.0,0.0,0,46624.1174,81.3111,47.5296,33.2017,53.0953,1.356,1.1603,16.7482,1,39951.0,2.2,0.0,2.735,18.3725,17.82297949886105,17.842915717539864,17.38438268792711,16.7482,0.0
7435,2020-06-30,SZSE:000768,0.3352,17.74,17.6835,17.94,17.49,49115.7636,17.7,2.9559,85.6699,62.9972,122.1301,1.4285,28.4937,57.9523,59.2857,0.0,0.0,0,47122.4735,82.1802,48.0376,33.5566,53.6628,1.3705,1.1727,22.3382,1,39951.0,2.2,0.0,2.763,18.3725,17.643627395715896,17.882863021420523,17.43429622322435,22.3382,0.0
7436,2020-07-01,SZSE:000768,0.3352,18.31,18.2516,18.4,17.5,50693.8913,17.78,3.0509,88.4225,65.0213,126.0542,1.4743,26.6042,65.3798,66.3238,0.0,0.0,0,48700.6012,84.9324,49.6464,34.6804,55.46,1.4164,1.2119,32.633,1,39951.0,2.2,0.0,2.8518,18.3725,17.723290442381217,18.341312943746583,17.444183506280723,32.633,0.0
7437,2020-07-02,SZSE:000768,0.3352,18.52,18.461,18.66,18.1,51275.3067,18.12,3.0859,89.4366,65.7671,127.4999,1.4913,26.4303,67.6473,68.4853,0.0,0.0,0,49282.0167,85.9464,50.2391,35.0945,56.1221,1.4333,1.2264,34.7193,1,39951.0,2.2,0.0,2.8845,18.3725,18.062274298056156,18.600553995680343,18.042338012958965,34.7193,0.0
7438,2020-07-03,SZSE:000768,0.3485,18.44,18.3812,18.85,18.35,51053.8151,18.55,3.0725,89.0503,65.483,126.9492,1.4848,26.2611,65.8772,66.7282,0.0,0.0,0,49060.5251,85.5601,50.0133,34.9367,55.8699,1.4269,1.2209,27.304,1,39951.0,2.2,0.0,2.8721,18.3725,18.49084924078091,18.78989262472885,18.291486984815617,27.304,0.0
7439,2020-07-06,SZSE:000768,0.3485,20.28,20.2154,20.28,18.55,56148.122,18.55,3.3791,97.936,72.0171,139.6165,1.633,32.1446,79.2961,79.6564,0.0,0.0,0,54154.832,94.4444,55.2065,38.5645,61.6712,1.5751,1.3477,49.6289,1,39951.0,2.2,0.0,3.1586,18.3725,18.490910749506902,20.2154,18.490910749506902,49.6289,0.0
7440,2020-07-07,SZSE:000768,0.3485,21.71,21.6408,22.31,20.44,60107.2845,21.16,3.6174,104.8418,77.0952,149.4613,1.7481,34.1969,84.423,84.6488,0.0,0.0,0,58113.9945,101.3491,59.2426,41.3839,66.1799,1.6902,1.4462,95.9874,1,39951.0,2.2,0.0,3.3814,18.3725,21.092553109166282,22.238887517273145,20.374848088438508,95.9874,0.0
7441,2020-07-08,SZSE:000768,0.3485,23.79,23.7142,23.86,21.32,65866.0662,21.38,3.964,114.8865,84.4815,163.7809,1.9156,38.3901,88.7766,88.9113,0.0,0.0,0,63872.7762,111.3922,65.1132,45.4848,72.738,1.8577,1.5895,83.1642,1,39951.0,2.2,0.0,3.7053,18.3725,21.311878772593527,23.783976965111393,21.252069945355192,83.1642,0.0
7442,2020-07-09,SZSE:000768,0.3485,23.84,23.764,25.44,23.26,66004.4985,24.13,3.9723,115.1279,84.6591,164.1252,1.9196,38.3948,88.8572,88.9905,0.0,0.0,0,64011.2085,111.6336,65.2543,45.5834,72.8956,1.8617,1.5929,88.531,1,39951.0,2.2,0.0,3.7131,18.3725,24.053075503355704,25.358899328859064,23.18584899328859,88.531,0.0
7443,2020-07-10,SZSE:000768,0.4726,22.93,22.8569,24.5,22.67,63485.0315,24.01,3.8207,110.7334,81.4276,157.8603,1.8464,39.4241,77.8908,78.0699,0.0,0.0,0,61491.7414,107.2398,62.6859,43.7892,70.0265,1.7885,1.5302,72.5973,1,39951.0,2.2,0.0,3.5714,18.3725,23.93345699956389,24.42189489751417,22.59772887047536,72.5973,0.0
7444,2020-07-13,SZSE:000768,0.4726,23.39,23.3155,23.5,22.58,64758.6082,22.65,3.8973,112.9548,83.0611,161.0272,1.8834,39.4447,79.2827,79.4431,0.0,0.0,0,62765.3182,109.4609,63.9842,44.6961,71.4768,1.8255,1.5619,52.1254,1,39951.0,2.2,0.0,3.643,18.3725,22.577856990166737,23.42514963659684,22.50807994869602,52.1254,0.0
7445,2020-07-14,SZSE:000768,0.4726,23.79,23.7142,24.97,23.08,65866.0662,23.29,3.964,114.8865,84.4815,163.7809,1.9156,39.4383,80.4361,80.5819,0.0,0.0,0,63872.7762,111.3922,65.1132,45.4848,72.738,1.8577,1.5895,60.1356,1,39951.0,2.2,0.0,3.7053,18.3725,23.215793106347206,24.890440269020598,23.006462211013034,60.1356,0.0
7446,2020-07-15,SZSE:000768,0.4726,23.1,23.0264,24.1,22.88,63955.7011,23.8,3.849,111.5543,82.0313,159.0307,1.86,39.7324,72.8969,73.0634,0.0,0.0,0,61962.4111,108.0606,63.1657,44.1244,70.5624,1.8021,1.542,39.2565,1,39951.0,2.2,0.0,3.5979,18.3725,23.724169696969696,24.023213852813853,22.80710095238095,39.2565,0.0
7447,2020-07-16,SZSE:000768,0.4726,22.41,22.3386,24.23,22.01,62045.336,23.06,3.734,108.2222,79.581,154.2804,1.8045,39.9744,66.2134,66.3923,0.0,0.0,0,60052.046,104.729,61.2183,42.764,68.3869,1.7466,1.4944,50.993,1,39951.0,2.2,0.0,3.4904,18.3725,22.986529049531455,24.152801338688086,21.939874431057564,50.993,0.0
7448,2020-07-17,SZSE:000768,0.471,23.08,23.0064,23.75,22.37,63900.3282,22.5,3.8457,111.4577,81.9602,158.893,1.8584,40.1767,69.1693,69.3214,0.0,0.0,0,61907.0382,107.964,63.1093,44.0849,70.4994,1.8005,1.5406,47.9092,1,39951.0,2.2,0.0,3.5948,18.3725,22.42824956672444,23.674263431542464,22.298664124783365,47.9092,0.0
7449,2020-07-20,SZSE:000768,0.471,24.49,24.412,24.53,23.34,67804.1178,23.51,4.0806,118.2669,86.9673,168.6001,1.972,41.6804,74.2708,74.3818,0.0,0.0,0,65810.8278,114.7721,67.0889,46.8649,74.945,1.9141,1.6377,66.56,1,39951.0,2.2,0.0,3.8144,18.3725,23.435121273989385,24.45187260106166,23.26566271947734,66.56,0.0
7450,2020-07-21,SZSE:000768,0.471,22.75,22.6775,24.65,22.39,62986.6754,24.6,3.7907,109.8641,80.7884,156.6211,1.8319,44.5138,60.8826,61.0082,0.0,0.0,0,60993.3853,106.3707,62.1779,43.4343,69.4589,1.774,1.5178,73.136,1,39951.0,2.2,0.0,3.5434,18.3725,24.5216043956044,24.571445054945052,22.31864725274725,73.136,0.0
7451,2020-07-22,SZSE:000768,0.471,22.96,22.8868,23.71,22.42,63568.0908,22.51,3.8257,110.8782,81.5341,158.0669,1.8488,44.4901,61.7781,61.8986,0.0,0.0,0,61574.8008,107.3846,62.7706,43.8483,70.121,1.7909,1.5323,58.5431,1,39951.0,2.2,0.0,3.5761,18.3725,22.43823466898955,23.63440888501742,22.348521602787457,58.5431,0.0
7452,2020-07-23,SZSE:000768,0.471,23.49,23.4151,23.9,22.5,65035.4727,23.45,3.914,113.4377,83.4162,161.7156,1.8914,44.5992,64.017,64.1251,0.0,0.0,0,63042.1827,109.9437,64.2665,44.8933,71.7921,1.8335,1.5688,67.5665,1,39951.0,2.2,0.0,3.6586,18.3725,23.37522754363559,23.823792677735206,22.428256704980843,67.5665,0.0
7453,2020-07-24,SZSE:000768,0.474,23.08,23.0064,24.49,22.88,63900.3282,23.51,3.8457,111.4577,81.9602,158.893,1.8584,44.5091,61.0383,61.1482,0.0,0.0,0,61907.0382,107.964,63.1093,44.0849,70.4994,1.8005,1.5406,88.93,1,39951.0,2.2,0.0,3.5948,18.3725,23.435028769497404,24.411903639514733,22.807037781629116,88.93,0.0
7454,2020-07-27,SZSE:000768,0.474,22.38,22.3087,23.29,22.05,61962.2767,22.98,3.729,108.0773,79.4744,154.0739,1.8021,44.7873,56.228,56.3392,0.0,0.0,0,59968.9867,104.5841,61.1336,42.7048,68.2923,1.7442,1.4923,47.9092,1,39951.0,2.2,0.0,3.4857,18.3725,22.906788471849868,23.215800848972297,21.97975134048258,47.9092,0.0
7455,2020-07-28,SZSE:000768,0.474,23.6,23.5248,24.55,22.22,65340.0237,22.5,3.9323,113.9689,83.8068,162.4729,1.9003,45.853,61.8683,61.955,0.0,0.0,0,63346.7336,110.4748,64.5769,45.1102,72.1389,1.8424,1.5764,61.6726,1,39951.0,2.2,0.0,3.6757,18.3725,22.42830508474576,24.471772881355932,22.14919728813559,61.6726,0.0
7456,2020-07-29,SZSE:000768,0.474,24.04,23.9634,24.09,23.0,66558.2275,23.42,4.0056,116.0938,85.3693,165.5021,1.9357,45.8957,63.6858,63.7652,0.0,0.0,0,64564.9375,112.5993,65.8188,45.9777,73.5262,1.8778,1.6067,50.9917,1,39951.0,2.2,0.0,3.7443,18.3725,23.345375540765396,24.01324068219634,22.92671381031614,50.9917,0.0
7457,2020-07-30,SZSE:000768,0.474,23.95,23.8737,24.9,23.57,66309.0495,24.04,3.9906,115.6591,85.0497,164.8825,1.9285,45.5384,63.0241,63.1038,0.0,0.0,0,64315.7594,112.1648,65.5648,45.8002,73.2424,1.8706,1.6005,52.8666,1,39951.0,2.2,0.0,3.7303,18.3725,23.963413277661793,24.82067348643006,23.494910605427975,52.8666,0.0
7458,2020-07-31,SZSE:000768,0.4606,23.7,23.6245,24.06,23.33,65616.8882,23.84,3.949,114.4518,84.1619,163.1613,1.9084,45.268,61.1243,61.2048,0.0,0.0,0,63623.5981,110.9577,64.8592,45.3073,72.4542,1.8505,1.5833,33.5614,1,39951.0,2.2,0.0,3.6913,18.3725,23.764054008438823,23.983353164556966,23.255678691983125,33.5614,0.0
7459,2020-08-03,SZSE:000768,0.4606,26.04,25.957,26.07,23.8,72095.5177,24.01,4.3389,125.7522,92.4716,179.2709,2.0968,48.3449,70.1841,70.2342,0.0,0.0,0,70102.2276,122.2562,71.4636,49.9209,79.832,2.0389,1.7445,87.0979,1,39951.0,2.2,0.0,4.0558,18.3725,23.93347043010753,25.986904377880183,23.72413978494624,87.0979,0.0
7460,2020-08-04,SZSE:000768,0.4606,24.85,24.7708,25.94,24.6,68800.83,25.94,4.1406,120.0054,88.2457,171.0785,2.001,49.1038,62.2403,62.2938,0.0,0.0,0,66807.54,116.5104,68.105,47.5747,76.0801,1.9431,1.6625,61.3859,1,39951.0,2.2,0.0,3.8704,18.3725,25.8573260362173,25.8573260362173,24.521596780684106,61.3859,0.0
7461,2020-08-05,SZSE:000768,0.4606,25.28,25.1994,25.91,24.58,69991.3474,24.67,4.2122,122.082,89.7727,174.0388,2.0356,48.7686,63.8332,63.8828,0.0,0.0,0,67998.0574,118.5866,69.3186,48.4224,77.4358,1.9777,1.6922,54.0851,1,39951.0,2.2,0.0,3.9374,18.3725,24.591344857594937,25.827391376582277,24.501631803797466,54.0851,0.0
7462,2020-08-06,SZSE:000768,0.4606,26.15,26.0667,26.79,25.01,72400.0686,25.18,4.3572,126.2834,92.8622,180.0282,2.1056,48.99,66.8778,66.9202,0.0,0.0,0,70406.7786,122.7873,71.7741,50.1377,80.1788,2.0477,1.7521,74.0212,1,39951.0,2.2,0.0,4.0729,18.3725,25.099789904397706,26.70466130019121,24.930331434034418,74.0212,0.0
7463,2020-08-07,SZSE:000768,0.4432,25.88,25.7975,26.56,24.81,71652.5344,25.9,4.3122,124.9795,91.9034,178.1694,2.0839,49.0327,65.0477,65.0907,0.0,0.0,0,69659.2444,121.4837,71.012,49.6054,79.3276,2.026,1.7335,66.8641,1,39951.0,2.2,0.0,4.0309,18.3725,25.817436244204018,26.47533230293663,24.730910935085006,66.8641,0.0
7464,2020-08-10,SZSE:000768,0.4432,25.36,25.2792,27.6,25.2,70212.839,25.88,4.2256,122.4683,90.0568,174.5895,2.042,49.2983,61.5541,61.5979,0.0,0.0,0,68219.549,118.9729,69.5444,48.5802,77.688,1.9841,1.6977,63.4558,1,39951.0,2.2,0.0,3.9499,18.3725,25.797543217665616,27.512063091482652,25.11970977917981,63.4558,0.0
7465,2020-08-11,SZSE:000768,0.4432,24.67,24.5914,25.86,24.59,68302.4739,25.06,4.1106,119.1362,87.6065,169.8393,1.9865,49.7268,57.1665,57.211,0.0,0.0,0,66309.1839,115.6412,67.5969,47.2198,75.5125,1.9286,1.6501,47.7024,1,39951.0,2.2,0.0,3.8424,18.3725,24.980157438184026,25.777608593433317,24.511654884475067,47.7024,0.0
7466,2020-08-12,SZSE:000768,0.4432,23.36,23.2856,24.68,22.9,64675.5489,24.62,3.8923,112.8099,82.9546,160.8206,1.881,51.0755,49.895,49.9392,0.0,0.0,0,62682.2588,109.316,63.8996,44.637,71.3822,1.8231,1.5599,45.0913,1,39951.0,2.2,0.0,3.6384,18.3725,24.54158698630137,24.601395890410956,22.827065068493148,45.0913,0.0
7467,2020-08-13,SZSE:000768,0.4432,23.74,23.6643,24.16,23.23,65727.634,23.38,3.9556,114.645,84.304,163.4367,1.9116,51.1166,51.8099,51.851,0.0,0.0,0,63734.344,111.1508,64.9721,45.3862,72.5803,1.8537,1.586,30.8806,1,39951.0,2.2,0.0,3.6975,18.3725,23.305447935973042,24.08296074136479,23.155926242628478,30.8806,0.0
7468,2020-08-14,SZSE:000768,0.4425,26.11,26.0268,26.11,23.9,72289.3228,23.9,4.3505,126.0902,92.7202,179.7529,2.1024,54.1129,61.6531,61.6803,0.0,0.0,0,70296.0328,122.5942,71.6612,50.0589,80.0527,2.0445,1.7493,82.5718,1,39951.0,2.2,0.0,4.0667,18.3725,23.82384220605132,26.0268,23.82384220605132,82.5718,0.0
7469,2020-08-17,SZSE:000768,0.4425,27.4,27.3127,27.78,25.88,75860.875,26.5,4.5655,132.3199,90.5785,188.6338,2.2063,54.6884,65.7535,65.7756,0.0,0.0,0,73867.5849,128.8229,75.3021,50.1877,76.8295,2.1484,1.8305,102.2924,1,39951.0,2.2,0.0,3.9727,19.83,26.415567518248178,27.691489270072996,25.79754291970803,102.2924,0.0
7470,2020-08-18,SZSE:000768,0.4425,27.53,27.4423,28.57,27.11,76220.7988,27.31,4.5871,132.9476,91.0083,189.5288,2.2168,54.3248,66.1463,66.1681,0.0,0.0,0,74227.5088,129.4506,75.669,50.4322,77.2038,2.1589,1.8394,68.6706,1,39951.0,2.2,0.0,3.9916,19.83,27.223000835452233,28.478986959680345,27.023637958590626,68.6706,0.0
7471,2020-08-19,SZSE:000768,0.4425,27.0,26.914,28.31,26.74,74753.4169,27.33,4.4988,130.3882,89.2562,185.88,2.1741,54.5192,62.9746,62.9968,0.0,0.0,0,72760.1269,126.8915,74.1731,49.4352,75.6776,2.1162,1.8031,56.3233,1,39951.0,2.2,0.0,3.9148,19.83,27.24294888888889,28.219827407407404,26.654828148148148,56.3233,0.0
7472,2020-08-20,SZSE:000768,0.4425,26.08,25.9969,27.51,25.89,72206.2635,27.5,4.3455,125.9453,86.2149,179.5463,2.1,54.3659,57.794,57.8166,0.0,0.0,0,70212.9734,122.4493,71.5765,47.7046,73.0283,2.0421,1.74,50.6693,1,39951.0,2.2,0.0,3.7814,19.83,27.41237538343558,27.422343519938654,25.80750540644172,50.6693,0.0
7473,2020-08-21,SZSE:000768,0.4441,25.64,25.5583,26.66,25.35,70988.0596,26.53,4.2722,123.8205,84.7603,176.5172,2.0646,54.4687,55.4448,55.4675,0.0,0.0,0,68994.7696,120.3248,70.3347,46.8769,71.7613,2.0067,1.7098,34.9895,1,39951.0,2.2,0.0,3.7176,19.83,26.445464079563184,26.57504984399376,25.269224063962557,34.9895,0.0
7474,2020-08-24,SZSE:000768,0.4441,25.76,25.6779,26.55,25.56,71320.297,25.71,4.3231,123.5509,85.157,169.7831,2.1553,54.2125,55.9705,55.9927,0.0,0.0,0,72734.5553,115.2895,68.3822,49.4179,75.651,2.1983,1.8024,29.2785,1,39951.0,2.2,0.0,3.735,19.83,25.62805935559006,26.465382181677022,25.478537422360247,29.2785,0.0
7475,2020-08-25,SZSE:000768,0.4441,24.74,24.6612,25.88,24.25,68496.2791,25.74,4.152,118.6588,81.7851,163.0603,2.07,54.9382,50.5151,50.5372,0.0,0.0,0,69910.5373,110.8132,65.7272,47.4991,72.7137,2.113,1.7325,40.2406,1,39951.0,2.2,0.0,3.5871,19.83,25.65801487469685,25.797568957154407,24.17276071139855,40.2406,0.0
7476,2020-08-26,SZSE:000768,0.4441,23.91,23.8338,25.1,23.73,66198.3037,24.8,4.0127,114.6779,79.0413,157.5898,2.0005,55.4901,46.54,46.5617,0.0,0.0,0,67612.5619,107.1707,63.5667,45.9378,70.3236,2.0435,1.6755,29.8227,1,39951.0,2.2,0.0,3.4667,19.83,24.720963613550815,25.020007528230867,23.65437365119197,29.8227,0.0
7477,2020-08-27,SZSE:000768,0.4441,24.19,24.1129,24.22,23.41,66973.5243,24.0,4.0597,116.0209,79.9669,159.4353,2.024,55.5011,48.0258,48.0465,0.0,0.0,0,68387.7825,108.3995,64.2956,46.4645,71.1299,2.0669,1.6947,22.7481,1,39951.0,2.2,0.0,3.5073,19.83,23.92350558081852,24.14280438197602,23.335386068623396,22.7481,0.0
7478,2020-08-28,SZSE:000768,0.415,24.58,24.5017,24.73,23.81,68053.2959,24.23,4.1251,117.8914,81.2562,162.0058,2.0566,55.4916,50.106,50.1251,0.0,0.0,0,69467.5541,110.111,65.3107,47.1982,72.253,2.0996,1.7215,32.4912,1,39951.0,2.2,0.0,3.5639,19.83,24.152814930838083,24.651222172497967,23.734152847843774,32.4912,0.0
7479,2020-08-31,SZSE:000768,0.415,24.2,24.1229,25.04,24.2,67001.2107,24.88,4.0613,116.0688,80.0,159.5012,2.0248,55.6419,48.0865,48.1055,0.0,0.0,0,68415.469,108.4434,64.3216,46.4833,71.1587,2.0678,1.6954,35.8598,1,39951.0,2.2,0.0,3.5088,19.83,24.80073355371901,24.960223801652894,24.1229,35.8598,0.0
7480,2020-09-01,SZSE:000768,0.415,24.72,24.6412,24.97,24.31,68440.9062,24.49,4.1486,118.5629,81.719,162.9285,2.0683,55.6403,50.9971,51.0141,0.0,0.0,0,69855.1644,110.7254,65.6751,47.4615,72.6562,2.1113,1.7311,29.4302,1,39951.0,2.2,0.0,3.5842,22.73,24.411933171521035,24.890403074433657,24.232506957928802,29.4302,0.0
7481,2020-09-02,SZSE:000768,0.415,24.29,24.2126,25.0,24.07,67250.3888,25.0,4.0764,116.5005,80.2975,160.0944,2.0323,55.8016,48.572,48.5889,0.0,0.0,0,68664.647,108.8384,64.5559,46.6526,71.4179,2.0753,1.7016,24.4513,1,39951.0,2.2,0.0,3.5218,22.73,24.92033758748456,24.92033758748456,23.993301029230135,24.4513,0.0
7482,2020-09-03,SZSE:000768,0.415,24.18,24.1029,24.48,23.75,66945.8378,24.2,4.058,115.9729,79.9339,159.3694,2.0231,55.7747,47.9439,47.9608,0.0,0.0,0,68360.0961,108.3556,64.2695,46.4457,71.1011,2.0661,1.694,18.9276,1,39951.0,2.2,0.0,3.5059,22.73,24.12283622828784,24.40194342431762,23.674271091811416,18.9276,0.0
7483,2020-09-04,SZSE:000768,0.3954,23.84,23.764,24.18,23.66,66004.4985,23.73,4.0009,114.3422,78.8099,157.1285,1.9947,55.7731,45.9654,45.9821,0.0,0.0,0,67418.7568,106.8635,63.3845,45.8062,70.1221,2.0376,1.6707,13.7792,1,39951.0,2.2,0.0,3.4566,22.73,23.65435067114094,24.10291610738255,23.584573825503355,13.7792,0.0
7484,2020-09-07,SZSE:000768,0.3954,22.79,22.7174,23.98,22.66,63097.4212,23.7,3.8247,109.3061,75.3388,150.2079,1.9068,56.6016,40.4181,40.4341,0.0,0.0,0,64511.6794,102.2556,60.6514,43.831,67.0984,1.9498,1.5987,24.2772,1,39951.0,2.2,0.0,3.3043,22.73,23.624501096972356,23.90360912681001,22.587814129003952,24.2772,0.0
7485,2020-09-08,SZSE:000768,0.3954,23.14,23.0663,23.2,22.7,64066.4469,23.07,3.8834,110.9848,76.4959,152.5148,1.9361,56.6427,42.8922,42.9069,0.0,0.0,0,65480.7052,103.7916,61.5624,44.4894,68.1063,1.9791,1.6227,15.1802,1,39951.0,2.2,0.0,3.3551,22.73,22.99652294727744,23.126108902333616,22.627701382886773,15.1802,0.0
7486,2020-09-09,SZSE:000768,0.3954,23.19,23.1161,23.71,22.8,64204.8792,22.99,3.8918,111.2246,76.6612,152.8443,1.9403,56.5716,43.2547,43.2693,0.0,0.0,0,65619.1375,104.011,61.6926,44.5834,68.2503,1.9833,1.6261,23.9779,1,39951.0,2.2,0.0,3.3623,22.73,22.916737343682616,23.634442906425182,22.72734282018111,23.9779,0.0
7487,2020-09-10,SZSE:000768,0.3954,22.18,22.1093,23.41,22.09,61408.5477,23.38,3.7223,106.3804,73.3223,146.1875,1.8558,57.3922,38.0065,38.0203,0.0,0.0,0,62822.8059,99.5786,59.0636,42.6835,65.3418,1.8987,1.5568,22.4447,1,39951.0,2.2,0.0,3.2159,22.73,23.305474932371506,23.335379305680792,22.019586880072136,22.4447,0.0
7488,2020-09-11,SZSE:000768,0.4162,21.96,21.89,22.21,21.42,60799.4458,22.0,3.6854,105.3253,72.595,144.7375,1.8374,57.4096,36.9547,36.9684,0.0,0.0,0,62213.704,98.6132,58.4909,42.2697,64.7083,1.8803,1.5417,22.0338,1,39951.0,2.2,0.0,3.184,22.73,21.929872495446265,22.139203096539166,21.351721311475412,22.0338,0.0
7489,2020-09-14,SZSE:000768,0.4162,21.91,21.8402,22.26,21.68,60661.0135,22.01,3.677,105.0854,72.4298,144.4079,1.8332,57.3432,36.7061,36.7197,0.0,0.0,0,62075.2718,98.3937,58.3608,42.1756,64.5643,1.8761,1.5383,14.2861,1,39951.0,2.2,0.0,3.1767,22.73,21.9398814240073,22.18908498402556,21.6109327247832,14.2861,0.0
7490,2020-09-15,SZSE:000768,0.4162,22.15,22.0794,22.38,21.9,61325.4883,21.95,3.7173,106.2365,73.2231,145.9897,1.8533,57.2293,38.8333,38.8461,0.0,0.0,0,62739.7466,99.447,58.9855,42.6271,65.2554,1.8962,1.5548,14.6471,1,39951.0,2.2,0.0,3.2115,22.73,21.880037471783297,22.30866690744921,21.83019683972912,14.6471,0.0
7491,2020-09-16,SZSE:000768,0.4162,22.0,21.9299,22.33,21.63,60910.1916,22.08,3.6921,105.5171,72.7273,145.0011,1.8407,57.2483,37.9743,37.9869,0.0,0.0,0,62324.4498,98.7887,58.5951,42.3449,64.8235,1.8837,1.5445,10.3009,1,39951.0,2.2,0.0,3.1898,22.73,22.009645090909093,22.2588485,21.561078954545454,10.3009,0.0
7492,2020-09-17,SZSE:000768,0.4162,21.93,21.8601,22.22,21.53,60716.3864,21.88,3.6804,105.1814,72.4959,144.5397,1.8349,57.1914,37.5568,37.5693,0.0,0.0,0,62130.6447,98.4815,58.4129,42.2133,64.6219,1.8778,1.5397,13.1115,1,39951.0,2.2,0.0,3.1796,22.73,21.81025937072503,22.1491756497948,21.461374965800275,13.1115,0.0
7493,2020-09-18,SZSE:000768,0.4134,22.45,22.3785,22.45,21.93,62156.0818,22.03,3.7676,107.6754,74.2149,147.967,1.8784,57.2325,42.6052,42.6159,0.0,0.0,0,63570.3401,100.7635,59.7664,43.1914,66.1193,1.9213,1.5753,19.2171,1,39951.0,2.2,0.0,3.255,22.73,21.95983763919822,22.3785,21.860156124721602,19.2171,0.0
7494,2020-09-21,SZSE:000768,0.4134,22.95,22.8769,23.58,22.69,63540.4044,22.7,3.8516,110.0735,75.8678,151.2625,1.9202,57.3368,47.039,47.0482,0.0,0.0,0,64954.6627,102.9578,61.0679,44.132,67.5592,1.9632,1.6097,27.9154,1,39951.0,2.2,0.0,3.3275,22.73,22.627696296296296,23.50489333333333,22.61772814814815,27.9154,0.0
7495,2020-09-22,SZSE:000768,0.4134,22.51,22.4383,22.77,22.37,62322.2006,22.51,3.7777,107.9632,74.4132,148.3625,1.8834,57.5329,43.8302,43.8392,0.0,0.0,0,63736.4588,101.0268,59.9226,43.3043,66.2921,1.9263,1.5795,14.3626,1,39951.0,2.2,0.0,3.2637,22.73,22.4383,22.697471834740114,22.298745935139937,14.3626,0.0
7496,2020-09-23,SZSE:000768,0.4134,23.18,23.1061,23.8,22.79,64177.1928,23.5,3.8902,111.1767,76.6281,152.7784,1.9395,57.3036,49.4814,49.4889,0.0,0.0,0,65591.451,103.9671,61.6666,44.5646,68.2215,1.9824,1.5966,30.2916,1,39951.0,2.2,0.0,3.3609,23.6367,23.42507981018119,23.72412338222606,22.717343356341672,30.2916,0.0
7497,2020-09-24,SZSE:000768,0.4134,22.31,22.2389,23.29,22.28,61768.4715,22.95,3.7441,107.0039,73.7521,147.0443,1.8667,57.8997,43.3784,43.3856,0.0,0.0,0,63182.7298,100.1491,59.402,42.9281,65.7162,1.9096,1.538,17.991,1,39951.0,2.2,0.0,3.2347,23.6367,22.876860376512777,23.215776826535187,22.208995607350968,17.991,0.0
7498,2020-09-25,SZSE:000768,0.3792,22.58,22.508,22.82,22.22,62516.0057,22.36,3.7895,108.2989,74.6446,148.8238,1.8893,57.4697,45.6201,45.6267,0.0,0.0,0,63930.264,101.334,60.1048,43.436,66.4937,1.9322,1.5562,13.5243,1,39951.0,2.2,0.0,3.2739,23.6367,22.288701505757306,22.74723472099203,22.149147918511957,13.5243,0.0
7499,2020-09-28,SZSE:000768,0.3792,21.98,21.91,22.58,21.92,60854.8187,22.54,3.6888,105.4212,72.6612,144.8693,1.8391,57.3368,41.6718,41.6783,0.0,0.0,0,62269.0769,98.7009,58.543,42.3073,64.7659,1.882,1.5158,10.2762,1,39951.0,2.2,0.0,3.1869,23.6367,22.468216560509553,22.50808917197452,21.85019108280255,10.2762,0.0
7500,2020-09-29,SZSE:000768,0.3792,22.82,22.7473,23.01,22.07,63180.4805,22.11,3.8297,109.45,74.7952,150.4057,1.9093,57.672,48.4043,48.4094,0.0,0.0,0,64594.7388,102.3873,60.7295,43.9142,67.0023,1.9523,1.5547,18.0532,1,39951.0,2.2,0.0,3.2805,23.6367,22.039561919368975,22.936694697633655,21.9996893514461,18.0532,0.0
7501,2020-09-30,SZSE:000768,0.3792,23.02,22.9466,23.07,22.54,63734.2095,22.88,3.8633,110.4093,76.7078,151.7239,1.9261,57.6657,49.8874,49.8923,0.0,0.0,0,65148.4678,103.265,61.2501,44.2907,67.5766,1.969,1.5517,15.0701,1,39951.0,2.2,0.0,0.0,23.6367,22.807046394439617,22.996440573414425,22.468130495221544,15.0701,0.0
7502,2020-10-01,SZSE:000768,0.3792,0.0,22.9466,0.0,0.0,63734.2095,0.0,3.8633,110.4093,76.7078,151.7239,1.9261,57.6657,49.8874,49.8923,0.0,0.0,0,65148.4678,103.265,61.2501,44.2907,67.5766,1.969,1.5517,0.0,1,39951.0,2.2,0.0,0.0,23.6367,0.0,0.0,0.0,0.0,0.0
7503,2020-10-02,SZSE:000768,0.3785,0.0,22.9466,0.0,0.0,63734.2095,0.0,3.8633,110.4093,76.7078,151.7239,1.9261,57.6657,49.8874,49.8923,0.0,0.0,0,65148.4678,103.265,61.2501,44.2907,67.5766,1.969,1.5517,0.0,1,39951.0,2.2,0.0,0.0,23.6367,0.0,0.0,0.0,0.0,0.0
7504,2020-10-05,SZSE:000768,0.3785,0.0,22.9466,0.0,0.0,63734.2095,0.0,3.8633,110.4093,76.7078,151.7239,1.9261,57.6657,49.8874,49.8923,0.0,0.0,0,65148.4678,103.265,61.2501,44.2907,67.5766,1.969,1.5517,0.0,1,39951.0,2.2,0.0,0.0,23.6367,0.0,0.0,0.0,0.0,0.0
7505,2020-10-06,SZSE:000768,0.3785,0.0,22.9466,0.0,0.0,63734.2095,0.0,3.8633,110.4093,76.7078,151.7239,1.9261,57.6657,49.8874,49.8923,0.0,0.0,0,65148.4678,103.265,61.2501,44.2907,67.5766,1.969,1.5517,0.0,1,39951.0,2.2,0.0,0.0,23.6367,0.0,0.0,0.0,0.0,0.0
7506,2020-10-07,SZSE:000768,0.3785,0.0,22.9466,0.0,0.0,63734.2095,0.0,3.8633,110.4093,76.7078,151.7239,1.9261,57.6657,49.8874,49.8923,0.0,0.0,0,65148.4678,103.265,61.2501,44.2907,67.5766,1.969,1.5517,0.0,1,39951.0,2.2,0.0,0.0,23.6367,0.0,0.0,0.0,0.0,0.0
7507,2020-10-08,SZSE:000768,0.3785,0.0,22.9466,0.0,0.0,63734.2095,0.0,3.8633,110.4093,76.7078,151.7239,1.9261,57.6657,49.8874,49.8923,0.0,0.0,0,65148.4678,103.265,61.2501,44.2907,67.5766,1.969,1.5517,0.0,1,39951.0,2.2,0.0,0.0,23.6367,0.0,0.0,0.0,0.0,0.0
7508,2020-10-09,SZSE:000768,0.3749,23.18,23.1061,23.35,22.85,64177.1928,23.22,3.8902,111.1767,77.2409,152.7784,1.9395,52.2013,51.0984,51.1031,0.0,0.0,0,65591.451,103.9671,61.6666,44.5918,68.0361,1.9824,1.5622,17.3862,1,39951.0,2.2,0.0,0.0,23.6367,23.14597247627265,23.27555802415876,22.77715207075065,17.3862,0.0
7509,2020-10-12,SZSE:000768,0.3749,25.5,25.4187,25.5,23.36,70600.4493,23.41,4.2795,122.3039,84.9717,168.0694,2.1336,55.1264,64.4964,64.499,0.0,0.0,0,72014.7076,114.1484,67.7055,48.9586,74.6988,2.1765,1.7152,60.4418,1,39951.0,2.2,0.0,0.0,23.6367,23.335363411764707,25.4187,23.285522823529412,60.4418,0.0
7510,2020-10-13,SZSE:000768,0.3749,25.8,25.7178,26.42,25.23,71431.0428,25.37,4.3299,123.7428,85.9713,170.0467,2.1587,55.0379,65.8012,65.8036,0.0,0.0,0,72845.3011,115.465,68.4864,49.5233,75.5603,2.2017,1.735,48.3521,1,39951.0,2.2,0.0,0.0,23.6367,25.289170000000002,26.335824651162795,25.14961604651163,48.3521,0.0
7511,2020-10-14,SZSE:000768,0.3749,25.86,25.7776,26.55,25.69,71597.1615,26.06,4.3399,124.0306,86.1713,170.4422,2.1637,54.9477,66.0698,66.0722,0.0,0.0,0,73011.4198,115.7283,68.6425,49.6362,75.7327,2.2067,1.7389,32.9677,1,39951.0,2.2,0.0,0.0,23.6367,25.976962722351118,26.46540139211137,25.60814168600155,32.9677,0.0
7512,2020-10-15,SZSE:000768,0.3749,25.89,25.8075,26.6,25.55,71680.2209,26.1,4.345,124.1745,86.2712,170.6399,2.1662,54.573,66.2127,66.2151,0.0,0.0,0,73094.4792,115.86,68.7206,49.6927,75.8188,2.2092,1.7409,27.6622,1,39951.0,2.2,0.0,0.0,23.6367,26.016830822711473,26.515237543453072,25.468583429895713,27.6622,0.0
7513,2020-10-16,SZSE:000768,0.3801,25.15,25.0698,26.2,24.91,69631.4235,26.11,4.2208,120.6252,96.7308,165.7626,2.1043,54.5414,59.5512,59.5537,0.0,0.0,0,71045.6818,112.6125,66.7944,56.85,81.9109,2.1473,1.8842,29.448,1,39951.0,2.2,0.0,0.0,25.805,26.02673868787276,26.116451689860835,24.83056532803181,29.448,0.0
7514,2020-10-19,SZSE:000768,0.3801,24.8,24.721,25.77,24.77,68662.3978,25.46,4.162,118.9466,95.3846,163.4558,2.075,54.3327,56.6483,56.6508,0.0,0.0,0,70076.656,111.0765,65.8834,56.0746,80.7937,2.118,1.8585,17.545,1,39951.0,2.2,0.0,0.0,25.805,25.378897580645162,25.68791008064516,24.69109556451613,17.545,0.0
7515,2020-10-20,SZSE:000768,0.3801,25.03,24.9502,25.05,24.5,69299.1861,24.98,4.2006,120.0497,96.2692,164.9717,2.0942,53.0093,58.0939,58.0963,0.0,0.0,0,70713.4444,112.0859,66.4821,56.5841,81.5278,2.1372,1.8753,16.0968,1,39951.0,2.2,0.0,0.0,25.805,24.900359408709548,24.970136236516183,24.421889732321212,16.0968,0.0
7516,2020-10-21,SZSE:000768,0.3801,24.06,23.9833,25.17,23.79,66613.6004,25.15,4.0378,115.3973,92.5385,158.5785,2.0131,51.4202,50.4525,50.4549,0.0,0.0,0,68027.8587,107.829,63.9572,54.4351,78.4315,2.0561,1.8041,24.3512,1,39951.0,2.2,0.0,0.0,25.805,25.069825228595178,25.089761471321697,23.71416072319202,24.3512,0.0
7517,2020-10-22,SZSE:000768,0.3801,24.08,24.0033,24.2,23.61,66668.9733,24.05,4.0412,115.4933,92.6154,158.7103,2.0148,51.3918,50.5968,50.5992,0.0,0.0,0,68083.2316,107.9168,64.0092,54.4794,78.4954,2.0577,1.8056,15.4042,1,39951.0,2.2,0.0,0.0,25.805,23.973395556478405,24.12291777408638,23.534797051495016,15.4042,0.0
7518,2020-10-23,SZSE:000768,0.3697,23.83,23.7541,24.27,23.61,65976.812,24.03,3.9992,114.2942,91.6539,157.0625,1.9938,51.2368,48.6881,48.6904,0.0,0.0,0,67391.0703,106.8197,63.3585,53.9256,77.6974,2.0368,1.7872,12.9653,1,39951.0,2.2,0.0,0.0,25.805,23.95346298783047,24.192698573227027,23.534800713386492,12.9653,0.0
7519,2020-10-26,SZSE:000768,0.3697,23.89,23.8139,24.06,23.11,66142.9308,23.77,4.0093,114.582,91.8846,157.458,1.9989,51.104,49.1836,49.1859,0.0,0.0,0,67557.189,107.083,63.5147,54.0585,77.8889,2.0418,1.7916,11.8644,1,39951.0,2.2,0.0,0.0,25.805,23.694282251988277,23.983358476349935,23.036384637923817,11.8644,0.0
7520,2020-10-27,SZSE:000768,0.3697,23.94,23.8637,24.34,23.45,66281.363,23.71,4.0177,114.8218,92.0769,157.7876,2.003,50.6881,49.6202,49.6224,0.0,0.0,0,67695.6213,107.3024,63.6448,54.1693,78.0485,2.046,1.7953,17.4548,1,39951.0,2.2,0.0,0.0,25.805,23.634433040935676,24.262425146198833,23.375261695906435,17.4548,0.0
7521,2020-10-28,SZSE:000768,0.3697,23.69,23.6145,23.83,23.18,65589.2017,23.81,3.9757,113.6227,91.1154,156.1398,1.9821,49.575,47.4262,47.4284,0.0,0.0,0,67003.46,106.2053,62.9941,53.6154,77.2505,2.0251,1.777,14.5395,1,39951.0,2.2,0.0,0.0,25.805,23.734117560151958,23.754053820177287,23.106125369354157,14.5395,0.0
7522,2020-10-29,SZSE:000768,0.3697,23.78,23.7042,23.82,23.22,65838.3798,23.4,3.9384,96.6749,91.4615,131.1566,1.7343,49.4343,48.3122,48.3144,0.0,0.0,0,66411.0395,81.6961,56.1732,53.7281,76.7731,1.7489,1.7227,12.7278,1,39951.0,2.2,0.0,0.0,25.805,23.32541126997477,23.744072497897392,23.1459850294365,12.7278,0.0
7523,2020-10-30,SZSE:000768,0.366,24.21,24.1328,25.15,24.05,67028.8972,24.18,4.0096,98.423,93.1154,133.5282,1.7657,49.5655,52.4366,52.4384,0.0,0.0,0,67601.5569,83.1606,57.1802,54.6913,78.1494,1.7803,1.7536,35.6285,1,39951.0,2.2,0.0,0.0,25.805,24.102895662949194,25.069802560925233,23.973310202395705,35.6285,0.0
7524,2020-11-02,SZSE:000768,0.366,24.86,24.7808,24.89,24.02,68828.5165,24.27,4.1173,101.0655,94.7048,137.1132,1.8131,49.8027,57.9046,57.9061,0.0,0.0,0,69401.1762,85.3744,58.7024,50.1726,78.5414,1.8277,1.7769,22.2854,1,39951.0,2.2,0.0,0.0,28.92,24.192679646017698,24.810704424778763,23.94347610619469,22.2854,0.0
7525,2020-11-03,SZSE:000768,0.366,25.6,25.5184,25.75,24.66,70877.3138,24.94,4.2399,104.0739,97.5238,141.1946,1.8671,46.2878,63.1049,63.1061,0.0,0.0,0,71449.9735,87.8948,60.4353,51.6537,80.8601,1.8816,1.8294,27.0476,1,39951.0,2.2,0.0,0.0,28.92,24.86050375,25.667921875,24.58139625,27.0476,0.0
7526,2020-11-04,SZSE:000768,0.366,25.45,25.3689,25.86,25.04,70462.0171,25.68,4.215,103.4641,96.9524,140.3673,1.8561,45.2886,61.4479,61.449,0.0,0.0,0,71034.6768,87.3839,60.0841,51.3535,80.3901,1.8707,1.8187,22.2453,1,39951.0,2.2,0.0,0.0,28.92,25.598167072691552,25.777593477406683,24.96020652259332,22.2453,0.0
7527,2020-11-05,SZSE:000768,0.366,25.25,25.1695,25.79,24.81,69908.288,25.45,4.1819,102.651,96.1905,139.2642,1.8415,45.1842,59.2151,59.2163,0.0,0.0,0,70480.9477,86.7027,59.6157,50.9532,79.7634,1.8561,1.8046,20.1789,1,39951.0,2.2,0.0,0.0,28.92,25.368862376237622,25.707778415841585,24.730902772277226,20.1789,0.0
7528,2020-11-06,SZSE:000768,0.3454,24.7,24.6213,25.19,24.44,68385.5333,25.08,4.0908,100.4151,94.0952,136.2308,1.8014,44.849,53.4621,53.4633,0.0,0.0,0,68958.193,84.8295,58.3277,49.8523,78.0401,1.816,1.7656,16.6197,1,39951.0,2.2,0.0,0.0,28.92,25.00008923076923,25.10973874493927,24.362128421052635,16.6197,0.0
7529,2020-11-09,SZSE:000768,0.3454,25.0,24.9203,25.0,23.73,69216.1268,24.46,4.1405,101.6347,95.2381,137.8854,1.8233,44.8822,55.9746,55.9757,0.0,0.0,0,69788.7865,85.8512,59.0302,50.4528,78.9801,1.8379,1.7868,30.6031,1,39951.0,2.2,0.0,0.0,28.92,24.382021520000002,24.9203,23.65434876,30.6031,0.0
7530,2020-11-10,SZSE:000768,0.3454,24.8,24.721,25.99,24.63,68662.3978,25.01,4.1074,100.8216,85.5172,136.7823,1.8087,44.7241,53.8859,53.887,0.0,0.0,0,69235.0575,85.1701,58.5619,50.0525,70.2181,1.8233,1.7672,24.3536,1,39951.0,2.2,0.0,0.0,28.92,24.9303310483871,25.907209274193544,24.551541532258064,24.3536,0.0
7531,2020-11-11,SZSE:000768,0.3454,25.14,25.0599,25.95,24.51,69603.7371,24.66,4.1637,102.2039,86.6897,138.6576,1.8335,44.4521,56.8348,56.8357,0.0,0.0,0,70176.3968,86.3281,59.3581,50.733,71.1728,1.8481,1.7913,29.9284,1,39951.0,2.2,0.0,0.0,28.92,24.581429355608588,25.8673192124105,24.431907279236277,29.9284,0.0
7532,2020-11-12,SZSE:000768,0.3454,24.48,24.402,25.65,24.43,67776.4313,25.27,4.0544,99.5207,84.4138,135.0174,1.7854,43.3422,50.133,50.134,0.0,0.0,0,68349.091,84.0802,57.8125,49.412,69.3196,1.8,1.7446,22.0524,1,39951.0,2.2,0.0,0.0,28.92,25.189482843137252,25.568272058823528,24.35215931372549,22.0524,0.0
7533,2020-11-13,SZSE:000768,0.3391,26.5,26.4155,26.93,24.33,73369.0944,24.49,4.3889,107.7328,91.3793,146.1585,1.9327,46.1171,64.0898,64.0903,0.0,0.0,0,73941.7541,90.96,62.543,53.4551,74.9916,1.9473,1.8874,79.1738,1,39951.0,2.2,0.0,0.0,28.92,24.41190924528302,26.844128867924532,24.252419433962263,79.1738,0.0
7534,2020-11-16,SZSE:000768,0.3391,26.7,26.6149,26.88,25.95,73922.8234,26.5,4.422,108.5459,92.069,147.2616,1.9473,41.878,65.1304,65.1309,0.0,0.0,0,74495.4831,91.6412,63.0114,53.8554,75.5532,1.9618,1.9015,52.2646,1,39951.0,2.2,0.0,0.0,28.92,26.415537453183518,26.79432629213483,25.8672904494382,52.2646,0.0
7535,2020-11-17,SZSE:000768,0.3391,25.37,25.2891,26.75,25.03,70240.5255,26.7,4.2018,103.1389,87.4828,139.9261,1.8503,41.9761,53.9371,53.9376,0.0,0.0,0,70813.1852,87.1114,59.8967,51.1933,71.8187,1.8649,1.8075,42.4634,1,39951.0,2.2,0.0,0.0,28.92,26.614858888450925,26.664699448167127,24.95018419392984,42.4634,0.0
7536,2020-11-18,SZSE:000768,0.3391,26.1,26.0168,26.35,25.1,72261.6364,25.3,4.3227,106.1066,90.0,143.9524,1.9035,42.3951,58.1849,58.1853,0.0,0.0,0,72834.2961,89.5977,61.6063,52.6545,73.8685,1.9181,1.8591,32.4042,1,39951.0,2.2,0.0,0.0,28.92,25.21935019157088,26.2660030651341,25.019987739463602,32.4042,0.0
7537,2020-11-19,SZSE:000768,0.3391,28.71,28.6185,28.71,25.75,79487.8,25.89,4.7549,116.7173,99.0,158.3476,2.0939,46.5361,69.1417,69.142,0.0,0.0,0,80060.4597,98.487,67.7185,57.8785,81.1972,2.1084,2.0435,94.668,1,39951.0,2.2,0.0,0.0,28.92,25.807487460815047,28.6185,25.66793364681296,94.668,0.0
7538,2020-11-20,SZSE:000768,0.3669,30.3,30.2034,30.44,28.75,83889.9457,29.0,5.0183,123.1813,104.4828,167.1171,2.2098,47.1654,73.6683,73.6685,0.0,0.0,0,84462.6054,103.9024,71.442,61.061,85.6619,2.2243,2.1559,110.2107,1,39951.0,2.2,0.0,0.0,28.92,28.90754455445544,30.342953663366337,28.658341584158414,110.2107,0.0
7539,2020-11-23,SZSE:000768,0.3669,30.0,29.9044,30.88,29.22,83059.3521,29.95,4.9686,121.9616,103.4483,165.4625,2.1879,47.0626,71.5361,71.5363,0.0,0.0,0,83632.0118,102.8806,70.7394,60.4605,84.8195,2.2025,2.1347,88.3396,1,39951.0,2.2,0.0,0.0,28.92,29.85455933333333,30.78159573333333,29.126885599999998,88.3396,0.0
7540,2020-11-24,SZSE:000768,0.3669,30.26,30.1636,31.43,29.66,83779.1999,30.04,5.0116,123.0186,104.3448,166.8965,2.2069,47.0768,72.2848,72.285,0.0,0.0,0,84351.8596,103.7661,71.3483,60.9809,85.5496,2.2214,2.1531,71.8702,1,39951.0,2.2,0.0,0.0,28.92,29.94430085922009,31.329872703238596,29.565511434236612,71.8702,0.0
7541,2020-11-25,SZSE:000768,0.3669,29.34,29.2465,30.85,29.34,81232.0464,30.18,4.8593,119.2785,101.1724,161.8223,2.1398,46.7464,65.6995,65.6997,0.0,0.0,0,81804.7061,100.6327,69.1938,59.1395,82.9662,2.1543,2.0881,71.1761,1,39951.0,2.2,0.0,0.0,28.92,30.083823108384458,30.751687968643495,29.2465,71.1761,0.0
7542,2020-11-26,SZSE:000768,0.3669,31.75,31.6488,32.27,29.59,87904.481,29.62,5.2584,129.0761,109.4828,175.1144,2.3156,48.6184,72.7125,72.7127,0.0,0.0,0,88477.1407,108.8409,74.8376,63.9632,89.7334,2.33,2.2584,109.517,1,39951.0,2.2,0.0,0.0,28.92,29.525589165354333,32.16714255118111,29.49568478740158,109.517,0.0
7543,2020-11-27,SZSE:000768,0.3673,30.75,30.652,33.3,30.55,85135.8359,31.31,5.0928,125.0107,106.0345,169.599,2.2426,49.1687,66.6254,66.6255,0.0,0.0,0,85708.4956,105.435,72.4958,61.9617,86.9255,2.2571,2.1877,121.8857,1,39951.0,2.2,0.0,0.0,28.92,31.21021528455284,33.193873170731706,30.452637398373987,121.8857,0.0
7544,2020-11-30,SZSE:000768,0.3673,31.15,31.0507,31.65,30.2,86243.294,30.76,5.159,126.6368,107.4138,171.8052,2.2718,49.1402,67.7871,67.7872,0.0,0.0,0,86815.9537,106.7973,73.4325,62.7623,88.0486,2.2863,2.216,82.0214,1,39951.0,2.2,0.0,0.0,28.92,30.661943242375603,31.54910609951846,30.103728410914925,82.0214,0.0
7545,2020-12-01,SZSE:000768,0.3673,32.01,31.908,32.56,30.8,88624.3287,31.0,5.3015,130.1331,110.3793,176.5485,2.3345,49.4976,70.1895,70.1896,0.0,0.0,0,89196.9884,109.7264,75.4465,64.4836,90.4635,2.349,2.2768,72.5211,1,39951.0,2.2,0.0,0.0,28.92,30.90121836925961,32.45624742268042,30.701855670103097,72.5211,0.0
7546,2020-12-02,SZSE:000768,0.3673,32.6,32.4961,33.57,31.68,90257.8293,32.05,5.3992,132.5316,112.4138,179.8026,2.3776,49.3616,71.7463,71.7464,0.0,0.0,0,90830.489,111.7359,76.8282,65.6646,92.1202,2.392,2.3185,70.2897,1,39951.0,2.2,0.0,0.0,28.92,31.947852914110424,33.46300849693251,31.57903214723926,70.2897,0.0
7547,2020-12-03,SZSE:000768,0.3673,30.79,30.6919,32.3,30.66,85246.5817,32.2,5.0994,125.1733,106.1724,169.8197,2.2456,50.9601,61.189,61.1891,0.0,0.0,0,85819.2414,105.5712,72.5895,62.0417,87.0378,2.2601,2.1905,64.4804,1,39951.0,2.2,0.0,0.0,28.92,32.097407599870095,32.19708898993179,30.562314192919782,64.4804,0.0
7548,2020-12-04,SZSE:000768,0.3654,31.09,30.9909,31.44,29.91,86077.1753,30.56,5.1491,126.3929,107.2069,171.4743,2.2674,50.8289,62.1823,62.1824,0.0,0.0,0,86649.835,106.593,73.292,62.6422,87.8802,2.2819,2.2117,52.5757,1,39951.0,2.2,0.0,0.0,28.92,30.46258938565455,31.339784367963976,29.814661273721455,52.5757,0.0
7549,2020-12-07,SZSE:000768,0.3654,30.86,30.7617,31.54,30.49,85440.3869,30.89,5.111,125.4579,106.4138,170.2057,2.2507,49.828,60.8956,60.8957,0.0,0.0,0,86013.0466,105.8096,72.7534,62.1819,87.2343,2.2652,2.1955,42.6616,1,39951.0,2.2,0.0,0.0,28.92,30.79160443940376,31.439533959818533,30.392878580686975,42.6616,0.0
7550,2020-12-08,SZSE:000768,0.3654,30.66,30.5623,31.28,30.4,84886.6579,30.86,5.0779,124.6448,105.7241,169.1026,2.2361,49.8391,59.7379,59.738,0.0,0.0,0,85459.3176,105.1285,72.285,61.7815,86.6727,2.2506,2.1814,35.3659,1,39951.0,2.2,0.0,0.0,28.92,30.761662687540767,31.180324331376386,30.303128506196998,35.3659,0.0
7551,2020-12-09,SZSE:000768,0.3654,29.88,29.7848,31.04,29.82,82727.1147,30.8,4.9487,121.4738,103.0345,164.8006,2.1792,50.2328,55.321,55.3211,0.0,0.0,0,83299.7744,102.4719,70.4584,60.2203,84.4825,2.1937,2.1262,50.0465,1,39951.0,2.2,0.0,0.0,28.92,30.70186880856761,30.941104149933068,29.724991164658636,50.0465,0.0
7552,2020-12-10,SZSE:000768,0.3654,30.25,30.1536,30.59,29.66,83751.5134,29.89,5.01,122.978,104.3103,166.8413,2.2062,49.2035,56.9472,56.9473,0.0,0.0,0,84324.1731,103.7321,71.3249,60.9609,85.5215,2.2207,2.1524,40.652,1,39951.0,2.2,0.0,0.0,28.92,29.794747239669423,30.49251649586777,29.56548019834711,40.652,0.0
7553,2020-12-11,SZSE:000768,0.3829,29.59,29.4957,30.25,28.92,81924.2077,30.23,4.9007,120.2948,102.0345,163.2012,2.158,49.4264,53.2257,53.2258,0.0,0.0,0,82496.8674,101.4842,69.7793,59.6399,83.6682,2.1726,2.1057,61.909,1,39951.0,2.2,0.0,0.0,28.92,30.133660392024336,30.153596654275095,28.827835214599528,61.909,0.0
7554,2020-12-14,SZSE:000768,0.3829,30.17,30.0739,30.48,29.14,83530.0218,29.59,4.9967,122.6528,104.0345,166.4001,2.2003,49.4896,55.95,55.9501,0.0,0.0,0,84102.6815,103.4596,71.1375,60.8008,85.2968,2.2148,2.1467,41.5837,1,39951.0,2.2,0.0,0.0,28.92,29.495747464368577,30.382912562147826,29.04718084189592,41.5837,0.0
7555,2020-12-15,SZSE:000768,0.3829,30.18,30.0838,30.45,29.5,83557.7082,29.9,4.9984,122.6934,104.069,166.4552,2.2011,49.4865,55.9976,55.9977,0.0,0.0,0,84130.3679,103.4936,71.1609,60.8208,85.3249,2.2156,2.1474,30.391,1,39951.0,2.2,0.0,0.0,28.92,29.804692511597086,30.3529393638171,29.40596752816435,30.391,0.0
7556,2020-12-16,SZSE:000768,0.3829,30.65,30.5523,31.32,29.43,84858.9714,29.95,5.0762,124.6041,105.6897,169.0475,2.2354,49.4659,58.2788,58.2789,0.0,0.0,0,85431.6311,105.0944,72.2616,61.7615,86.6447,2.2498,2.1806,43.1502,1,39951.0,2.2,0.0,0.0,28.92,29.85453132137031,31.22016430668842,29.336188874388252,43.1502,0.0
7557,2020-12-17,SZSE:000768,0.3829,29.78,29.6851,30.5,29.27,82450.2502,30.3,4.9321,121.0673,102.6897,164.2491,2.1719,49.9403,52.82,52.8201,0.0,0.0,0,83022.9099,102.1313,70.2242,60.0202,84.2017,2.1864,2.1192,34.1812,1,39951.0,2.2,0.0,0.0,28.92,30.203442914707857,30.40280557421088,29.17672521826729,34.1812,0.0
7558,2020-12-18,SZSE:000768,0.3829,29.21,29.1169,30.48,29.15,80872.1225,30.0,4.8377,118.75,100.7241,161.1053,2.1303,50.043,49.5456,49.5457,0.0,0.0,0,81444.7822,100.19,68.8894,58.8793,82.6012,2.1449,2.0789,28.4043,1,39951.0,2.2,0.0,0.0,28.92,29.904382060938037,30.382852173913044,29.057091235878122,28.4043,0.0
7559,2020-12-21,SZSE:000768,0.3829,30.9,30.8015,31.36,28.8,85551.1327,29.0,5.1176,125.6205,106.5517,170.4263,2.2536,51.0455,57.8823,57.8824,0.0,0.0,0,86123.7924,105.9459,72.8471,62.2619,87.3467,2.2681,2.1983,55.9185,1,39951.0,2.2,0.0,0.0,28.92,28.90755663430421,31.260033656957926,28.708194174757285,55.9185,0.0
7560,2020-12-22,SZSE:000768,0.3829,30.5,30.4028,31.88,30.48,84443.6747,30.95,5.0514,123.9943,105.1724,168.2202,2.2244,50.9316,55.543,55.5431,0.0,0.0,0,85016.3344,104.5835,71.9103,61.4613,86.2235,2.2389,2.17,49.34,1,39951.0,2.2,0.0,0.0,28.92,30.851365901639344,31.778402098360655,30.38286373770492,49.34,0.0
7561,2020-12-23,SZSE:000768,0.3829,33.55,33.4431,33.55,30.7,92888.0421,30.92,5.5565,136.3938,115.6897,185.0422,2.4469,54.0006,66.6206,66.6206,0.0,0.0,0,93460.7018,114.9714,79.0529,67.566,94.7877,2.4613,2.3856,88.4916,1,39951.0,2.2,0.0,0.0,28.92,30.821479940387487,33.4431,30.60218092399404,88.4916,0.0
7562,2020-12-24,SZSE:000768,0.3829,33.11,33.0045,35.35,32.68,91669.8383,33.5,5.4837,134.605,114.1724,182.6154,2.4148,53.3524,64.1377,64.1377,0.0,0.0,0,92242.498,113.4729,78.0225,66.6853,93.5522,2.4292,2.3545,90.98,1,39951.0,2.2,0.0,0.0,28.92,33.39325732407128,35.23736257928119,32.57587012987013,90.98,0.0
7563,2020-12-25,SZSE:000768,0.3594,33.15,33.0444,33.3,31.79,91780.5841,32.81,5.4903,134.7676,114.3103,182.836,2.4177,53.3524,64.2681,64.2681,0.0,0.0,0,92353.2438,113.6091,78.1162,66.7654,93.6646,2.4321,2.3573,59.6319,1,39951.0,2.2,0.0,0.0,28.92,32.70548307692309,33.1939221719457,31.688732307692312,59.6319,0.0
7564,2020-12-28,SZSE:000768,0.3594,33.01,32.9048,33.95,32.31,91392.9738,33.15,5.4671,134.1985,113.8276,182.0639,2.4075,52.9429,63.3993,63.3994,0.0,0.0,0,91965.6335,113.1323,77.7883,66.4852,93.2714,2.4219,2.3474,44.1999,1,39951.0,2.2,0.0,0.0,28.92,33.04435383217207,33.841804301726754,32.20703083913966,44.1999,0.0
7565,2020-12-29,SZSE:000768,0.3594,33.42,33.3135,34.33,32.06,92528.1183,33.1,5.535,135.8653,115.2414,184.3252,2.4374,52.5681,64.8959,64.8959,0.0,0.0,0,93100.778,114.5287,78.7485,67.3058,94.4227,2.4518,2.3764,55.8531,1,39951.0,2.2,0.0,0.0,28.92,32.9945197486535,34.2206000897666,31.957833931777376,55.8531,0.0
7566,2020-12-30,SZSE:000768,0.3594,34.83,34.719,35.64,32.64,96431.9078,32.79,5.7685,141.5975,120.1035,192.1019,2.5402,53.0535,69.5127,69.5128,0.0,0.0,0,97004.5675,119.3309,82.0505,70.128,98.3819,2.5546,2.476,57.7716,1,39951.0,2.2,0.0,0.0,28.92,32.68550129198967,35.52641860465116,32.535979328165375,57.7716,0.0
7567,2020-12-31,SZSE:000768,0.3594,36.68,36.5631,36.98,34.41,101553.9012,34.79,6.0749,149.1184,126.4828,202.3054,2.6751,53.3887,74.2904,74.2905,0.0,0.0,0,102126.5609,125.6318,86.3829,73.8309,103.5766,2.6895,2.6068,66.4403,1,39951.0,2.2,0.0,0.0,28.92,34.67912347328244,36.86214389312977,34.300334541984725,66.4403,0.0
7568,2021-01-01,SZSE:000768,0.3903,0.0,36.5631,0.0,0.0,101553.9012,0.0,6.0749,149.1184,126.4828,202.3054,2.6751,53.3887,74.2904,74.2905,0.0,0.0,0,102126.5609,125.6318,86.3829,73.8309,103.5766,2.6895,2.6068,0.0,1,39951.0,2.2,0.0,0.0,28.92,0.0,0.0,0.0,0.0,0.0
7569,2021-01-04,SZSE:000768,0.3903,38.65,38.5268,39.81,36.8,107008.132,37.5,6.4012,157.1272,133.2759,213.1708,2.8188,53.705,78.2069,78.207,0.0,0.0,0,107580.7917,132.3414,90.9963,77.7739,109.1083,2.8331,2.746,75.9518,1,39951.0,2.2,0.0,0.0,28.92,37.38046571798189,39.68310240620958,36.68269702457956,75.9518,0.0
7570,2021-01-05,SZSE:000768,0.3903,37.69,37.5699,39.74,37.22,104350.2327,38.0,6.2422,153.2245,129.9655,207.876,2.7488,53.6892,72.4175,72.4175,0.0,0.0,0,104922.8924,129.0717,88.7481,75.8524,106.4127,2.7631,2.6782,70.2153,1,39951.0,2.2,0.0,0.0,28.92,37.87891217829663,39.61336763067127,37.10139766516317,70.2153,0.0
7571,2021-01-06,SZSE:000768,0.3903,38.24,38.1181,39.55,37.28,105872.9875,37.5,6.3333,155.4604,131.8621,210.9095,2.7889,53.2701,73.6223,73.6223,0.0,0.0,0,106445.6472,130.945,90.0361,76.9533,107.9571,2.8032,2.717,64.6801,1,39951.0,2.2,0.0,0.0,28.92,37.38045894351464,39.42392403242677,37.16116025104602,64.6801,0.0
7572,2021-01-07,SZSE:000768,0.3903,39.6,39.4738,40.06,37.5,109638.3448,37.77,6.5585,160.9894,136.5517,218.4105,2.8881,53.1136,76.3707,76.3707,0.0,0.0,0,110211.0045,135.577,93.221,79.6754,111.7759,2.9024,2.8131,68.0368,1,39951.0,2.2,0.0,0.0,28.92,37.64963196969697,39.93233404040404,37.38049242424242,68.0368,0.0
7573,2021-01-08,SZSE:000768,0.3936,38.0,37.8789,39.59,36.83,105208.5127,39.32,6.2935,154.4847,131.0345,209.5858,2.7714,53.5911,67.4646,67.4646,0.0,0.0,0,105781.1724,130.1276,89.4741,76.4729,107.2831,2.7857,2.7001,56.0878,1,39951.0,2.2,0.0,0.0,28.92,39.194693368421056,39.463832921052635,36.712628605263156,56.0878,0.0
7574,2021-01-11,SZSE:000768,0.3936,38.79,38.6664,41.78,37.31,107395.7423,39.2,6.4244,157.6964,133.7586,213.943,2.829,53.6496,69.3643,69.3643,0.0,0.0,0,107968.402,132.8182,91.3241,78.0542,109.5014,2.8433,2.7559,92.8957,1,39951.0,2.2,0.0,0.0,28.92,39.075093580819804,41.64687269914927,37.19111585460171,92.8957,0.0
7575,2021-01-12,SZSE:000768,0.3936,39.95,39.8227,40.2,38.29,110607.3706,38.61,6.6165,162.4122,137.7586,220.3409,2.9136,50.9411,71.9538,71.9538,0.0,0.0,0,111180.0303,136.769,94.0407,80.376,112.7587,2.9279,2.8379,79.7691,1,39951.0,2.2,0.0,0.0,28.92,38.486969887359194,40.071903379224025,38.16798956195243,79.7691,0.0
7576,2021-01-13,SZSE:000768,0.3936,39.0,38.8757,40.89,38.42,107977.1578,39.85,6.4592,158.5501,134.4828,215.1012,2.8443,51.2906,66.9619,66.9619,0.0,0.0,0,108549.8175,133.5334,91.8159,78.4745,110.0911,2.8587,2.7707,80.0452,1,39951.0,2.2,0.0,0.0,28.92,39.722990897435906,40.75967623076924,38.29754856410257,80.0452,0.0
7577,2021-01-14,SZSE:000768,0.3936,35.1,34.9881,37.97,35.1,97179.442,37.97,5.8132,142.6951,121.0345,193.5911,2.5599,55.7731,51.2444,51.2444,0.0,0.0,0,97752.1017,120.2505,82.6828,70.6684,99.1401,2.5743,2.4951,85.6619,1,39951.0,2.2,0.0,0.0,28.92,37.84895034188034,37.84895034188034,34.9881,85.6619,0.0
7578,2021-01-15,SZSE:000768,0.3983,34.2,34.091,35.29,32.97,94687.6614,34.1,5.6642,139.0363,117.931,188.6272,2.4943,56.0941,48.4199,48.4199,0.0,0.0,0,95260.3211,117.1853,80.5751,68.867,96.6129,2.5087,2.4315,59.9564,1,39951.0,2.2,0.0,0.0,28.92,33.99131871345029,35.177526023391806,32.86492017543859,59.9564,0.0
7579,2021-01-18,SZSE:000768,0.3983,34.98,34.8685,35.35,34.25,96847.2046,34.39,5.7934,142.2073,120.6207,192.9292,2.5511,55.8095,50.9435,50.9436,0.0,0.0,0,97419.8643,119.8418,82.4018,70.4282,98.8031,2.5656,2.4866,42.427,1,39951.0,2.2,0.0,0.0,28.92,34.28038064608348,35.23732061177816,34.140826901086335,42.427,0.0
7580,2021-01-19,SZSE:000768,0.3983,34.36,34.2505,34.98,34.01,95130.6446,34.44,5.6907,139.6867,118.4828,189.5097,2.5059,55.8664,48.8957,48.8957,0.0,0.0,0,95703.3043,117.7302,80.9498,69.1873,97.0622,2.5203,2.4428,33.211,1,39951.0,2.2,0.0,0.0,28.92,34.3302450523865,34.868524155995345,33.90161539580908,33.211,0.0
7581,2021-01-20,SZSE:000768,0.3983,35.05,34.9383,35.27,34.22,97041.0097,34.4,5.805,142.4918,120.8621,193.3153,2.5563,55.9375,51.2446,51.2447,0.0,0.0,0,97613.6694,120.0802,82.5657,70.5684,98.9997,2.5707,2.4916,35.6461,1,39951.0,2.2,0.0,0.0,28.92,34.29037146932953,35.157598887303855,34.110945106990016,35.6461,0.0
7582,2021-01-21,SZSE:000768,0.3983,34.98,34.8685,35.5,34.43,96847.2046,34.81,5.7934,142.2073,105.2347,192.9292,2.5511,55.245,50.9886,50.9886,0.0,0.0,0,97419.8643,119.8418,82.4018,56.9693,89.0717,2.5656,2.5564,45.7307,1,39951.0,2.2,0.0,0.0,33.96,34.699041881074905,35.38684248141795,34.32025314465409,45.7307,0.0
7583,2021-01-22,SZSE:000768,0.4003,35.48,35.3669,35.75,34.58,98231.5271,34.73,5.8762,144.24,106.7389,195.687,2.5876,55.2608,52.8026,52.8027,0.0,0.0,0,98804.1868,121.5448,83.5727,57.7788,90.3374,2.602,2.5928,41.5736,1,39951.0,2.2,0.0,0.0,33.96,34.61929078354002,35.636039317925594,34.46976894024803,41.5736,0.0
7584,2021-01-25,SZSE:000768,0.4003,37.04,36.922,37.75,35.4,102550.6134,35.61,6.1345,150.582,111.432,204.291,2.7014,55.634,58.023,58.023,0.0,0.0,0,103123.2731,126.8579,87.2259,60.3045,94.2864,2.7158,2.7061,65.2309,1,39951.0,2.2,0.0,0.0,33.96,35.496555615550754,37.62973812095032,35.28722462203024,65.2309,0.0
7585,2021-01-26,SZSE:000768,0.4003,33.34,33.2337,36.4,33.34,92306.6267,36.4,5.5217,135.54,100.3008,183.884,2.4315,59.8145,45.2415,45.2415,0.0,0.0,0,92879.2864,114.2562,78.5611,54.314,84.9203,2.446,2.4373,65.9379,1,39951.0,2.2,0.0,0.0,33.96,36.283943611277735,36.283943611277735,33.2337,65.9379,0.0
7586,2021-01-27,SZSE:000768,0.4003,32.96,32.855,33.75,32.29,91254.5415,32.61,5.4588,133.9952,99.1576,181.7881,2.4038,59.8999,44.1654,44.1654,0.0,0.0,0,91827.2012,112.962,77.6712,53.6988,83.9583,2.4183,2.4097,32.0656,1,39951.0,2.2,0.0,0.0,33.96,32.50611498786407,33.64248331310679,32.1871344053398,32.0656,0.0
7587,2021-01-28,SZSE:000768,0.4003,32.46,32.3566,33.43,32.09,89870.219,32.45,5.376,131.9625,97.6534,179.0304,2.3674,59.9552,42.7255,42.7255,0.0,0.0,0,90442.8787,111.259,76.5003,52.8893,82.6926,2.3818,2.3734,26.886,1,39951.0,2.2,0.0,0.0,33.96,32.346631854590264,33.3235101047443,31.98777861983981,26.886,0.0
7588,2021-01-29,SZSE:000768,0.4945,31.12,31.0208,33.09,29.88,86160.2346,32.6,5.1541,126.5149,93.6221,171.6397,2.2696,60.6604,39.0508,39.0508,0.0,0.0,0,86732.8943,106.6952,73.3623,50.7197,79.3006,2.2841,2.276,48.6875,1,39951.0,2.2,0.0,0.0,33.96,32.4960822622108,32.98452030848329,29.78475269922879,48.6875,0.0
7589,2021-02-01,SZSE:000768,0.4945,31.65,31.5491,32.1,31.0,87627.6165,31.28,5.2419,128.6695,95.2166,174.5629,2.3083,60.6509,41.2047,41.2047,0.0,0.0,0,88200.2762,108.5003,74.6034,51.5778,80.6422,2.3228,2.3145,25.7653,1,39951.0,2.2,0.0,0.0,33.96,31.180279557661926,31.9976654028436,30.901172195892578,25.7653,0.0
7590,2021-02-02,SZSE:000768,0.4945,32.83,32.7254,33.19,31.6,90894.6177,31.71,5.4373,133.4667,98.7666,181.0711,2.3943,60.8296,45.7975,45.7975,0.0,0.0,0,91467.2774,112.5192,77.3668,53.4883,83.6292,2.4088,2.4002,37.2227,1,39951.0,2.2,0.0,0.0,33.96,31.608968443496803,33.0842530003046,31.499318915625956,37.2227,0.0
7591,2021-02-03,SZSE:000768,0.4945,32.3,32.1971,33.33,32.12,89427.2358,32.91,5.3495,131.312,97.1721,178.1479,2.3557,60.7537,44.1301,44.1301,0.0,0.0,0,89999.8955,110.7141,76.1256,52.6302,82.2876,2.3701,2.3617,25.9275,1,39951.0,2.2,0.0,0.0,33.96,32.8051566873065,33.22381866873065,32.017673436532505,25.9275,0.0
7592,2021-02-04,SZSE:000768,0.4945,31.67,31.5691,32.97,31.38,87682.9894,32.08,5.2452,128.7508,95.2768,174.6732,2.3097,60.8976,42.1649,42.1649,0.0,0.0,0,88255.6491,108.5684,74.6503,51.6102,80.6928,2.3242,2.316,24.6506,1,39951.0,2.2,0.0,0.0,33.96,31.97779374802652,32.86495822544995,31.2800239343227,24.6506,0.0
7593,2021-02-05,SZSE:000768,0.4881,30.66,30.5623,32.38,30.54,84886.6579,32.07,5.0779,124.6448,92.2383,169.1026,2.2361,61.2628,39.1545,39.1545,0.0,0.0,0,85459.3176,105.1285,72.285,49.975,78.1361,2.2506,2.2426,21.3593,1,39951.0,2.2,0.0,0.0,33.96,31.967806947162426,32.276819112850625,30.44268238747554,21.3593,0.0
7594,2021-02-08,SZSE:000768,0.4881,30.81,30.7118,31.18,30.1,85301.9546,30.67,5.1027,125.2546,92.6895,169.93,2.247,61.0604,39.8415,39.8415,0.0,0.0,0,85874.6143,105.6393,72.6363,50.2178,78.5158,2.2615,2.2535,21.8276,1,39951.0,2.2,0.0,0.0,33.96,30.572246218760146,31.08062070756248,30.004062966569297,21.8276,0.0
7595,2021-02-09,SZSE:000768,0.4881,32.24,32.1373,32.7,30.61,89261.1171,31.01,5.3396,131.0681,96.9916,177.817,2.3513,61.5933,46.0901,46.0901,0.0,0.0,0,89833.7768,110.5097,75.9851,52.5331,82.1357,2.3658,2.3574,40.6411,1,39951.0,2.2,0.0,0.0,33.96,30.911218145161296,32.59583467741936,30.512492338709677,40.6411,0.0
7596,2021-02-10,SZSE:000768,0.4881,31.64,31.5392,32.25,30.9,87599.9301,32.25,5.2402,128.6289,95.1865,174.5078,2.3076,61.7103,44.0239,44.0239,0.0,0.0,0,88172.5898,108.4662,74.58,51.5616,80.6169,2.322,2.3138,30.2067,1,39951.0,2.2,0.0,0.0,33.96,32.14725663716814,32.14725663716814,30.801557522123893,30.2067,0.0
7597,2021-02-11,SZSE:000768,0.4881,0.0,31.5392,0.0,0.0,87599.9301,0.0,5.2402,128.6289,95.1865,174.5078,2.3076,61.7103,44.0239,44.0239,0.0,0.0,0,88172.5898,108.4662,74.58,51.5616,80.6169,2.322,2.3138,0.0,1,39951.0,2.2,0.0,0.0,33.96,0.0,0.0,0.0,0.0,0.0
7598,2021-02-12,SZSE:000768,0.4943,0.0,31.5392,0.0,0.0,87599.9301,0.0,5.2402,128.6289,95.1865,174.5078,2.3076,61.7103,44.0239,44.0239,0.0,0.0,0,88172.5898,108.4662,74.58,51.5616,80.6169,2.322,2.3138,0.0,1,39951.0,2.2,0.0,0.0,33.96,0.0,0.0,0.0,0.0,0.0
7599,2021-02-15,SZSE:000768,0.4943,0.0,31.5392,0.0,0.0,87599.9301,0.0,5.2402,128.6289,95.1865,174.5078,2.3076,61.7103,44.0239,44.0239,0.0,0.0,0,88172.5898,108.4662,74.58,51.5616,80.6169,2.322,2.3138,0.0,1,39951.0,2.2,0.0,0.0,33.96,0.0,0.0,0.0,0.0,0.0
7600,2021-02-16,SZSE:000768,0.4943,0.0,31.5392,0.0,0.0,87599.9301,0.0,5.2402,128.6289,95.1865,174.5078,2.3076,61.7103,44.0239,44.0239,0.0,0.0,0,88172.5898,108.4662,74.58,51.5616,80.6169,2.322,2.3138,0.0,1,39951.0,2.2,0.0,0.0,33.96,0.0,0.0,0.0,0.0,0.0
7601,2021-02-17,SZSE:000768,0.4943,0.0,31.5392,0.0,0.0,87599.9301,0.0,5.2402,128.6289,95.1865,174.5078,2.3076,61.7103,44.0239,44.0239,0.0,0.0,0,88172.5898,108.4662,74.58,51.5616,80.6169,2.322,2.3138,0.0,1,39951.0,2.2,0.0,0.0,33.96,0.0,0.0,0.0,0.0,0.0
7602,2021-02-18,SZSE:000768,0.4943,32.1,31.9977,32.55,31.41,88873.5068,32.09,5.3164,130.499,96.5704,177.0448,2.3411,60.8011,46.0218,46.0218,0.0,0.0,0,89446.1665,110.0329,75.6573,52.3064,81.7813,2.3556,2.3472,25.3686,1,39951.0,2.2,0.0,0.0,33.96,31.98773186915888,32.446265887850466,31.309898971962614,25.3686,0.0
7603,2021-02-19,SZSE:000768,0.5271,32.33,32.227,32.65,31.7,89510.2952,31.88,5.3545,131.434,97.2623,178.3134,2.3579,57.7432,47.0397,47.0397,0.0,0.0,0,90082.9549,110.8163,76.1959,52.6788,82.3636,2.3723,2.3639,23.5031,1,39951.0,2.2,0.0,0.0,33.96,31.77843365295391,32.54598051345499,31.599007114135475,23.5031,0.0
7604,2021-02-22,SZSE:000768,0.5271,30.88,30.7816,32.26,30.88,85495.7598,32.06,5.1143,125.5392,92.9001,170.316,2.2521,57.5329,41.701,41.701,0.0,0.0,0,86068.4195,105.8778,72.8002,50.3312,78.693,2.2666,2.2586,30.5029,1,39951.0,2.2,0.0,0.0,33.96,31.957839896373063,32.15720259067358,30.7816,30.5029,0.0
7605,2021-02-23,SZSE:000768,0.5271,32.29,32.1871,32.73,30.34,89399.5493,30.55,5.3478,131.2714,97.142,178.0928,2.355,58.197,47.8939,47.8939,0.0,0.0,0,89972.209,110.68,76.1022,52.614,82.2623,2.3694,2.361,39.3254,1,39951.0,2.2,0.0,0.0,33.96,30.452644936512854,32.62569783214617,30.243314152988543,39.3254,0.0
7606,2021-02-24,SZSE:000768,0.5271,32.15,32.0475,33.15,31.4,89011.939,32.46,5.3247,130.7022,96.7208,177.3206,2.3448,58.1859,47.356,47.356,0.0,0.0,0,89584.5987,110.2032,75.7744,52.3874,81.9079,2.3592,2.3508,29.6318,1,39951.0,2.2,0.0,0.0,33.96,32.35651166407465,33.04431181959565,31.299891135303266,29.6318,0.0
7607,2021-02-25,SZSE:000768,0.5271,33.03,32.9247,33.68,31.73,91448.3467,32.22,5.4704,134.2798,99.3682,182.1742,2.4089,58.042,51.0755,51.0755,0.0,0.0,0,92021.0064,113.2004,77.8352,53.8121,84.1355,2.4234,2.4148,38.0102,1,39951.0,2.2,0.0,0.0,33.96,32.117282288828335,33.572627792915526,31.628844414168938,38.0102,0.0
7608,2021-02-26,SZSE:000768,0.5674,31.67,31.5691,32.95,31.56,87682.9894,32.2,5.2452,128.7508,95.2768,174.6732,2.3097,56.4767,45.7014,45.7014,0.0,0.0,0,88255.6491,108.5684,74.6503,51.6102,80.6928,2.3242,2.316,27.5388,1,39951.0,2.2,0.0,0.0,33.96,32.09741143037575,32.84502194505841,31.459450457846536,27.5388,0.0
7609,2021-03-01,SZSE:000768,0.5674,32.43,32.3266,32.44,31.3,89787.1597,31.76,5.371,131.8405,97.5632,178.8649,2.3652,56.9321,48.9349,48.9349,0.0,0.0,0,90359.8194,111.1569,76.4301,52.8407,82.6167,2.3796,2.3712,19.7099,1,39951.0,2.2,0.0,0.0,33.96,31.65873623188406,32.33656811594203,31.200202898550724,19.7099,0.0
7610,2021-03-02,SZSE:000768,0.5674,34.1,33.9913,34.75,33.0,94410.7969,33.73,5.6476,138.6297,102.5872,188.0757,2.487,57.7574,55.2423,55.2423,0.0,0.0,0,94983.4566,116.8447,80.3409,55.5445,86.8441,2.5014,2.4925,47.7984,1,39951.0,2.2,0.0,0.0,33.96,33.62247944281525,34.63922800586511,32.8948064516129,47.7984,0.0
7611,2021-03-03,SZSE:000768,0.5674,34.4,34.2904,34.55,33.21,95241.3904,33.42,5.6973,139.8493,103.4898,189.7303,2.5088,56.4656,56.2868,56.2868,0.0,0.0,0,95814.0501,117.8664,81.0435,56.0302,87.6035,2.5233,2.5143,35.0732,1,39951.0,2.2,0.0,0.0,33.96,33.313522325581395,34.43992209302325,33.104191395348835,35.0732,0.0
7612,2021-03-04,SZSE:000768,0.5674,35.09,34.9782,35.75,33.6,97151.7555,34.0,5.8116,142.6545,105.5656,193.5359,2.5592,56.5668,58.6756,58.6756,0.0,0.0,0,97724.4152,120.2165,82.6594,57.1474,89.3502,2.5736,2.5644,51.179,1,39951.0,2.2,0.0,0.0,33.96,33.89167284126532,35.636097178683386,33.492947278426904,51.179,0.0
7613,2021-03-05,SZSE:000768,0.5617,33.8,33.6923,35.07,32.71,93580.2034,34.66,5.5979,137.4101,101.6847,186.4211,2.4651,56.6649,52.8597,52.8597,0.0,0.0,0,94152.8631,115.8229,79.6384,55.0588,86.0847,2.4795,2.4707,38.3844,1,39951.0,2.2,0.0,0.0,33.96,34.54955970414202,34.95825328402367,32.60577316568048,38.3844,0.0
7614,2021-03-08,SZSE:000768,0.5617,30.42,30.3231,33.6,30.42,84222.1831,33.5,5.0381,123.6691,91.5163,167.7789,2.2186,61.277,41.3069,41.3069,0.0,0.0,0,84794.8428,104.3111,71.723,49.5864,77.5286,2.2331,2.2251,55.2727,1,39951.0,2.2,0.0,0.0,33.96,33.39328895463511,33.49297041420119,30.3231,55.2727,0.0
7615,2021-03-09,SZSE:000768,0.5617,27.38,27.2927,29.58,27.38,75805.502,29.55,4.5347,111.3103,82.3706,151.0121,1.9969,64.8552,34.0902,34.0902,0.0,0.0,0,76378.1617,93.9572,64.6038,44.6645,69.8332,2.0114,2.0043,57.4775,1,39951.0,2.2,0.0,0.0,33.96,29.455781044558073,29.485685390796203,27.2927,57.4775,0.0
7616,2021-03-10,SZSE:000768,0.5617,26.39,26.3059,27.55,25.91,73064.5434,27.0,4.3707,107.2856,79.3923,145.5518,1.9247,65.1983,32.122,32.122,0.0,0.0,0,73637.2031,90.5854,62.2854,43.0616,67.3271,1.9392,1.9324,41.5046,1,39951.0,2.2,0.0,0.0,33.96,26.91395604395604,27.4622032967033,25.82742967032967,41.5046,0.0
7617,2021-03-11,SZSE:000768,0.5617,26.6,26.5152,26.83,25.6,73645.9589,26.38,4.4055,108.1393,80.0241,146.7101,1.94,65.0971,33.0056,33.0056,0.0,0.0,0,74218.6186,91.3006,62.7772,43.4016,67.8587,1.9546,1.9476,28.8599,1,39951.0,2.2,0.0,0.0,33.96,26.295901353383456,26.744466766917288,25.51838796992481,28.8599,0.0
7618,2021-03-12,SZSE:000768,0.608,26.1,26.0168,26.52,25.51,72261.6364,26.52,4.3227,106.1066,78.5199,143.9524,1.9035,64.6306,31.9396,31.9396,0.0,0.0,0,72834.2961,89.5977,61.6063,42.5921,66.593,1.9181,1.9113,25.7415,1,39951.0,2.2,0.0,0.0,33.96,26.435461149425286,26.435461149425286,25.428680766283527,25.7415,0.0
7619,2021-03-15,SZSE:000768,0.608,25.81,25.7277,26.5,25.6,71458.7293,26.0,4.2746,104.9277,77.6474,142.3529,1.8824,65.0575,31.3079,31.3079,0.0,0.0,0,72031.389,88.61,60.9271,42.1226,65.8589,1.8969,1.8902,21.0739,1,39951.0,2.2,0.0,0.0,33.96,25.917094149554437,26.415499806276635,25.518369624176678,21.0739,0.0
7620,2021-03-16,SZSE:000768,0.608,25.31,25.2293,26.08,25.17,70074.4068,25.97,4.1918,102.895,76.1432,139.5952,1.8459,65.0354,30.1991,30.1991,0.0,0.0,0,70647.0665,86.9071,59.7562,41.313,64.5932,1.8605,1.8539,21.9222,1,39951.0,2.2,0.0,0.0,33.96,25.887195614381667,25.996844883445277,25.089746384828132,21.9222,0.0
7621,2021-03-17,SZSE:000768,0.608,25.56,25.4785,25.77,25.26,70766.568,25.36,4.2332,103.9113,76.8953,140.974,1.8641,64.8662,31.5054,31.5054,0.0,0.0,0,71339.2277,87.7585,60.3417,41.7178,65.226,1.8787,1.8721,17.5798,1,39951.0,2.2,0.0,0.0,33.96,25.27913771517997,25.68783039906103,25.179456572769958,17.5798,0.0
7622,2021-03-18,SZSE:000768,0.608,25.64,25.5583,26.1,25.39,70988.0596,25.46,4.2465,104.2365,77.136,141.4153,1.87,64.7793,31.9443,31.9443,0.0,0.0,0,71560.7193,88.031,60.529,41.8473,65.4285,1.8846,1.8779,18.7404,1,39951.0,2.2,0.0,0.0,33.96,25.378873556942278,26.016834243369736,25.309096606864273,18.7404,0.0
7623,2021-03-19,SZSE:000768,0.6871,25.63,25.5483,26.3,24.87,70960.3732,25.3,4.2448,104.1959,77.1059,141.3601,1.8692,64.2195,31.9167,31.9167,0.0,0.0,0,71533.0329,87.9969,60.5056,41.8311,65.4032,1.8838,1.8771,32.6604,1,39951.0,2.2,0.0,0.0,33.96,25.219351931330475,26.216164260632077,24.790722629730787,32.6604,0.0
7624,2021-03-22,SZSE:000768,0.6871,25.43,25.349,25.74,24.92,70406.6442,25.2,4.2117,103.3828,76.5042,140.257,1.8547,63.5665,31.3351,31.3351,0.0,0.0,0,70979.3039,87.3158,60.0372,41.5073,64.8969,1.8692,1.8626,17.6258,1,39951.0,2.2,0.0,0.0,33.96,25.119732599292174,25.65801258356272,24.84062445930004,17.6258,0.0
7625,2021-03-23,SZSE:000768,0.6871,24.83,24.7509,25.61,24.67,68745.4571,25.34,4.1123,100.9436,74.6992,136.9478,1.8109,60.1987,29.5926,29.5926,0.0,0.0,0,69318.1168,85.2722,58.6321,40.5359,63.3781,1.8255,1.819,20.2706,1,39951.0,2.2,0.0,0.0,33.96,25.259275312122433,25.52841518324608,24.59140970600081,20.2706,0.0
7626,2021-03-24,SZSE:000768,0.6871,24.1,24.0232,25.08,23.94,66724.3462,24.78,3.9914,97.9758,72.503,132.9215,1.7577,60.3948,27.583,27.583,0.0,0.0,0,67297.0059,82.786,56.9226,39.354,61.5302,1.7723,1.766,22.1822,1,39951.0,2.2,0.0,0.0,33.96,24.70103302904564,25.000077012448127,23.863709875518673,22.1822,0.0
7627,2021-03-25,SZSE:000768,0.6871,24.31,24.2325,24.57,23.91,67305.7617,24.01,4.0262,98.8296,73.1348,134.0798,1.773,60.4501,29.0752,29.0752,0.0,0.0,0,67878.4214,83.5012,57.4144,39.694,62.0618,1.7876,1.7812,14.6022,1,39951.0,2.2,0.0,0.0,33.96,23.933456396544635,24.491671122994656,23.833775195392846,14.6022,0.0
7628,2021-03-26,SZSE:000768,0.7694,24.76,24.6811,24.85,24.39,68551.652,24.43,4.1007,100.659,74.4886,136.5617,1.8058,60.1244,32.2946,32.2946,0.0,0.0,0,69124.3117,85.0338,58.4682,40.4226,63.2009,1.8204,1.8139,14.8943,1,39951.0,2.2,0.0,0.0,33.96,24.352151575121162,24.77081320678514,24.312279038772214,14.8943,0.0
7629,2021-03-29,SZSE:000768,0.7694,25.0,24.9203,25.51,24.85,69216.1268,25.02,4.5222,89.0313,73.215,119.0828,2.067,60.6193,34.0149,34.0149,0.0,0.0,0,57627.0229,63.6295,28.2612,32.9995,51.16,1.721,1.473,19.9751,1,39951.0,2.2,3.9383,0.0,33.96,24.940236239999997,25.42867412,24.770778200000002,19.9751,0.0
7630,2021-03-30,SZSE:000768,0.7694,25.62,25.5384,26.16,24.38,70932.6867,24.5,4.6344,91.2393,75.0308,122.036,2.1182,60.1528,38.3713,38.3713,0.0,0.0,0,59343.5828,65.5249,29.103,33.9824,52.6839,1.7723,1.5169,40.0169,1,39951.0,2.2,4.0359,0.0,33.96,24.42196721311475,26.076680093676813,24.302349414519906,40.0169,0.0
7631,2021-03-31,SZSE:000768,0.7694,24.26,24.1827,25.2,24.01,67167.3294,25.2,4.3883,86.396,71.0479,115.5579,2.0058,59.7797,33.1943,33.1943,0.0,0.0,0,55578.2255,61.3673,27.2564,31.8262,49.3411,1.6598,1.4207,29.0454,1,39951.0,2.2,3.8217,0.0,33.96,25.119704863973617,25.119704863973617,23.93349657873042,29.0454,0.0
7632,2021-04-01,SZSE:000768,0.7694,24.6,24.5216,24.68,24.28,68108.6688,24.37,4.4499,87.6068,72.0436,117.1775,2.0339,59.4192,35.5359,35.5359,0.0,0.0,0,56519.5648,62.4067,27.7181,32.3653,50.1768,1.6879,1.4447,12.9299,1,39951.0,2.2,3.8752,0.0,33.96,24.29233300813008,24.601345040650404,24.202619837398373,12.9299,0.0
7633,2021-04-02,SZSE:000768,0.7202,24.51,24.4319,24.87,24.22,67859.4907,24.54,4.4336,87.2863,71.78,116.7488,2.0265,58.918,35.1843,35.1843,0.0,0.0,0,56270.3868,62.1316,27.5959,32.2226,49.9556,1.6805,1.4383,14.6487,1,39951.0,2.2,3.8611,0.0,33.96,24.461804406364745,24.790752876376988,24.14282407180742,14.6487,0.0
7634,2021-04-05,SZSE:000768,0.7202,0.0,24.4319,0.0,0.0,67859.4907,0.0,4.4336,87.2863,71.78,116.7488,2.0265,58.918,35.1843,35.1843,0.0,0.0,0,56270.3868,62.1316,27.5959,32.2226,49.9556,1.6805,1.4383,0.0,1,39951.0,2.2,3.8611,0.0,33.96,0.0,0.0,0.0,0.0,0.0
7635,2021-04-06,SZSE:000768,0.7202,25.2,25.1197,25.29,24.53,69769.8558,24.53,4.5584,89.7436,84.0,120.0354,2.0835,58.7978,40.0788,40.0788,0.0,0.0,0,58180.7519,64.2409,28.5327,30.9637,56.7617,1.7376,1.4818,17.9013,1,39951.0,2.2,4.3826,0.0,33.96,24.451834960317463,25.209413214285714,24.451834960317463,17.9013,0.0
7636,2021-04-07,SZSE:000768,0.7202,25.13,25.0499,25.27,24.86,69576.0506,25.08,4.5457,89.4943,83.7667,119.702,2.0777,58.1306,39.7509,39.7509,0.0,0.0,0,57986.9467,64.0269,28.4377,30.8605,56.5726,1.7318,1.4768,12.4241,1,39951.0,2.2,4.3704,0.0,33.96,25.0000593712694,25.18945376044568,24.780760604854756,12.4241,0.0
7637,2021-04-08,SZSE:000768,0.7202,24.9,24.8206,25.42,24.83,68939.2623,25.1,4.5041,88.6752,83.0,118.6065,2.0587,57.7021,38.6323,38.6323,0.0,0.0,0,57350.1584,63.3238,28.1254,30.5216,55.9514,1.7128,1.4606,12.171,1,39951.0,2.2,4.3304,0.0,33.96,25.019962248995984,25.33894184738956,24.750823212851405,12.171,0.0
7638,2021-04-09,SZSE:000768,0.7094,24.51,24.4319,25.26,24.49,67859.4907,24.85,4.4336,87.2863,81.7,116.7488,2.0265,57.2277,36.7442,36.7442,0.0,0.0,0,56270.3868,62.1316,27.5959,29.947,54.8979,1.6805,1.4331,14.309,1,39951.0,2.2,4.2626,0.0,33.96,24.770816605467157,25.179510159118724,24.411963729090164,14.309,0.0
7639,2021-04-12,SZSE:000768,0.7094,23.69,23.6145,24.65,23.52,65589.2017,24.52,4.2852,84.3661,78.9667,112.8428,1.9587,57.1234,33.0831,33.0831,0.0,0.0,0,54000.0978,59.6248,26.4825,28.7387,52.683,1.6127,1.3753,15.8348,1,39951.0,2.2,4.12,0.0,33.96,24.441854791051078,24.5714404812157,23.445041789784717,15.8348,0.0
7640,2021-04-13,SZSE:000768,0.7094,23.7,23.6245,23.92,23.44,65616.8882,23.52,4.2871,84.4017,79.0,112.8905,1.9595,57.0665,33.1706,33.1706,0.0,0.0,0,54027.7843,59.6554,26.4961,28.7535,52.71,1.6135,1.376,9.5351,1,39951.0,2.2,4.1217,0.0,33.96,23.44507341772152,23.84379915611815,23.3653282700422,9.5351,0.0
7641,2021-04-14,SZSE:000768,0.7094,24.08,24.0033,24.18,23.53,66668.9733,23.55,4.3558,85.755,80.2667,114.7005,1.9909,53.4883,36.5632,36.5632,0.0,0.0,0,55079.8694,60.8171,27.012,29.3134,53.7365,1.645,1.4028,9.6636,1,39951.0,2.2,4.1878,0.0,33.96,23.47498816445183,24.10298147840532,23.455051868770767,9.6636,0.0
7642,2021-04-15,SZSE:000768,0.7094,24.15,24.073,24.35,23.95,66862.7785,24.17,4.3685,86.0043,80.5,115.034,1.9967,53.3634,37.1957,37.1957,0.0,0.0,0,55273.6745,61.0311,27.1071,29.4165,53.9255,1.6507,1.4077,8.6895,1,39951.0,2.2,4.2,0.0,33.96,24.092936231884064,24.272362318840585,23.873637681159423,8.6895,0.0
7643,2021-04-16,SZSE:000768,0.7006,24.34,24.2624,24.48,24.09,67388.821,24.29,4.4028,86.6809,81.1333,115.939,2.0124,52.9776,38.9742,38.9742,0.0,0.0,0,55799.7171,61.6119,27.3651,29.6965,54.4388,1.6665,1.4211,9.3367,1,39951.0,2.2,4.233,0.0,33.96,24.212559408381264,24.40195365653246,24.013197041906327,9.3367,0.0
7644,2021-04-19,SZSE:000768,0.7006,24.82,24.7409,24.88,24.0,68717.7707,24.25,4.4896,88.3903,82.7333,118.2254,2.0521,53.3128,43.3397,43.3397,0.0,0.0,0,57128.6667,63.0793,28.0168,30.4038,55.7353,1.7061,1.455,14.7035,1,39951.0,2.2,4.3165,0.0,33.96,24.17271655922643,24.800708783239322,23.92351329572925,14.7035,0.0
7645,2021-04-20,SZSE:000768,0.7006,25.29,25.2094,25.54,24.65,70019.0339,24.78,4.5747,90.0641,84.3,120.4641,2.0909,53.2907,47.3139,47.3139,0.0,0.0,0,58429.9299,64.5161,28.6549,31.0963,57.0048,1.745,1.4881,26.0839,1,39951.0,2.2,4.3983,0.0,33.96,24.701025385527878,25.458603242388296,24.57143969948596,26.0839,0.0
7646,2021-04-21,SZSE:000768,0.7006,24.98,24.9004,25.27,24.73,69160.7539,25.18,4.5186,88.9601,83.2667,118.9875,2.0653,53.3034,45.0685,45.0685,0.0,0.0,0,57571.65,63.5684,28.234,30.6395,56.1675,1.7194,1.4662,15.0647,1,39951.0,2.2,4.3444,0.0,33.96,25.099762690152126,25.189475900720574,24.651196637309848,15.0647,0.0
7647,2021-04-22,SZSE:000768,0.7006,25.04,24.9602,25.38,24.92,69326.8726,25.16,4.5294,89.1738,83.4667,119.2733,2.0703,53.1642,45.6066,45.6066,0.0,0.0,0,57737.7687,63.7518,28.3155,30.7279,56.3295,1.7243,1.4705,13.2505,1,39951.0,2.2,4.3548,0.0,33.96,25.079817571884988,25.299116453674124,24.84058242811502,13.2505,0.0
7648,2021-04-23,SZSE:000768,0.6937,25.11,25.03,25.25,24.8,69520.6777,24.9,4.5421,89.4231,73.5372,119.6067,2.0761,52.7357,46.2678,46.2678,0.0,0.0,0,57931.5738,63.9658,28.4105,29.328,51.4075,1.7301,1.4993,13.9577,1,39951.0,2.2,4.1381,0.0,33.96,24.820669056152926,25.169553962564716,24.72098765432099,13.9577,0.0
7649,2021-04-26,SZSE:000768,0.6937,25.1,25.02,25.65,25.07,69492.9913,25.16,4.5403,89.3875,73.5079,119.5591,2.0752,47.8627,46.1814,46.1814,0.0,0.0,0,57903.8874,63.9352,28.397,29.3139,51.383,1.7293,1.4986,18.6163,1,39951.0,2.2,4.1365,0.0,33.96,25.07980876494024,25.56824701195219,24.990095617529878,18.6163,0.0
7650,2021-04-27,SZSE:000768,0.6937,24.57,24.4917,24.98,24.32,68025.6094,24.91,4.4444,87.5,71.9557,117.0346,2.0314,47.9654,41.7346,41.7346,0.0,0.0,0,56436.5055,62.315,27.6773,28.5711,50.0808,1.6855,1.4606,12.8929,1,39951.0,2.2,4.0491,0.0,33.96,24.830616483516486,24.90039340659341,24.242496703296705,12.8929,0.0
7651,2021-04-28,SZSE:000768,0.6937,25.18,25.0998,25.3,24.47,69714.4829,24.57,4.5548,89.6724,73.7422,119.9402,2.0819,48.3038,47.9471,47.9471,0.0,0.0,0,58125.379,64.1798,28.5056,29.4261,51.5795,1.7359,1.5043,15.1448,1,39951.0,2.2,4.1496,0.0,33.96,24.491742891183478,25.21941779189833,24.392061397934867,15.1448,0.0
7652,2021-04-29,SZSE:000768,0.6937,25.7,25.6181,25.87,25.21,71154.1783,25.3,4.6027,87.9821,75.265,118.9765,2.12,47.9038,52.5881,52.5881,0.0,0.0,0,65237.9568,72.0832,32.1142,33.0268,57.8911,1.944,1.6884,22.8582,1,39951.0,2.2,4.2353,0.0,33.96,25.219374708171205,25.787558249027235,25.129661517509728,22.8582,0.0
7653,2021-04-30,SZSE:000768,0.7074,24.05,23.9734,25.7,23.79,66585.914,25.7,4.3072,82.3334,70.4329,111.338,1.9839,49.2303,40.3076,40.3076,0.0,0.0,0,60669.6924,67.0356,29.8654,30.7141,53.8373,1.8079,1.5702,38.2102,1,39951.0,2.2,3.9634,0.0,33.96,25.6181446985447,25.6181446985447,23.714228108108106,38.2102,0.0
7654,2021-05-03,SZSE:000768,0.7074,0.0,23.9734,0.0,0.0,66585.914,0.0,4.3072,82.3334,70.4329,111.338,1.9839,49.2303,40.3076,40.3076,0.0,0.0,0,60669.6924,67.0356,29.8654,30.7141,53.8373,1.8079,1.5702,0.0,1,39951.0,2.2,3.9634,0.0,33.96,0.0,0.0,0.0,0.0,0.0
7655,2021-05-04,SZSE:000768,0.7074,0.0,23.9734,0.0,0.0,66585.914,0.0,4.3072,82.3334,70.4329,111.338,1.9839,49.2303,40.3076,40.3076,0.0,0.0,0,60669.6924,67.0356,29.8654,30.7141,53.8373,1.8079,1.5702,0.0,1,39951.0,2.2,3.9634,0.0,33.96,0.0,0.0,0.0,0.0,0.0
7656,2021-05-05,SZSE:000768,0.7074,0.0,23.9734,0.0,0.0,66585.914,0.0,4.3072,82.3334,70.4329,111.338,1.9839,49.2303,40.3076,40.3076,0.0,0.0,0,60669.6924,67.0356,29.8654,30.7141,53.8373,1.8079,1.5702,0.0,1,39951.0,2.2,3.9634,0.0,33.96,0.0,0.0,0.0,0.0,0.0
7657,2021-05-06,SZSE:000768,0.7074,24.82,24.7409,25.5,23.7,68717.7707,23.89,4.4451,84.9695,72.6879,114.9026,2.0474,50.0952,46.5773,46.5773,0.0,0.0,0,62801.5491,69.3911,30.9148,31.7934,55.7291,1.8714,1.6253,23.6274,1,39951.0,2.2,4.0903,0.0,33.96,23.81386385979049,25.418732876712326,23.624469379532634,23.6274,0.0
7658,2021-05-07,SZSE:000768,0.7142,24.19,24.1129,24.93,24.15,66973.5243,24.82,4.3323,82.8127,70.8429,111.9861,1.9954,49.8533,42.6319,42.6319,0.0,0.0,0,61057.3027,67.4638,30.0562,30.9104,54.1813,1.8194,1.5802,15.0208,1,39951.0,2.2,3.9865,0.0,33.96,24.740892021496485,24.850541422075235,24.07302749069863,15.0208,0.0
7659,2021-05-10,SZSE:000768,0.7142,23.32,23.2457,24.0,23.17,64564.8031,23.99,4.1765,79.8343,68.295,107.9585,1.9236,49.9355,37.8622,37.8622,0.0,0.0,0,58648.5815,64.8024,28.8705,29.6909,52.0438,1.7476,1.5179,24.2316,1,39951.0,2.2,3.8431,0.0,33.96,23.913565308747856,23.923533447684388,23.096177915951973,24.2316,0.0
7660,2021-05-11,SZSE:000768,0.7142,24.44,24.3621,24.84,23.33,67665.6855,23.33,4.3771,83.6685,71.575,113.1434,2.016,50.7245,46.2061,46.2061,0.0,0.0,0,61749.464,68.2286,30.3969,31.2608,54.7955,1.84,1.5981,26.0169,1,39951.0,2.2,4.0277,0.0,33.96,23.25563801145663,24.76082504091653,23.25563801145663,26.0169,0.0
7661,2021-05-12,SZSE:000768,0.7142,24.12,24.0431,24.37,23.82,66779.7191,24.1,4.3198,82.5731,70.6379,111.662,1.9896,50.2929,44.3728,44.3728,0.0,0.0,0,60863.4976,67.2497,29.9608,30.8122,54.0093,1.8136,1.5752,12.3716,1,39951.0,2.2,3.975,0.0,33.96,24.02316376451078,24.292302943615258,23.74405646766169,12.3716,0.0
7662,2021-05-13,SZSE:000768,0.7142,24.24,24.1628,24.8,23.88,67111.9565,23.94,4.3412,82.9839,70.9893,112.2176,1.9995,49.8833,45.2501,45.2501,0.0,0.0,0,61195.735,67.6168,30.1243,30.9804,54.3041,1.8235,1.5838,17.2128,1,39951.0,2.2,3.9947,0.0,33.96,23.86375544554456,24.72101650165017,23.803946534653466,17.2128,0.0
7663,2021-05-14,SZSE:000768,0.6255,25.6,25.5184,25.88,24.15,70877.3138,24.25,4.5848,87.6397,74.9722,118.5136,2.1117,50.9522,54.0876,54.0876,0.0,0.0,0,64961.0923,71.7772,31.9779,32.8867,57.6454,1.9357,1.6812,42.9466,1,39951.0,2.2,4.2189,0.0,33.96,24.172703124999998,25.797507499999995,24.073021875,42.9466,0.0
7664,2021-05-17,SZSE:000768,0.6255,25.51,25.4287,26.38,25.4,70628.1358,26.21,4.5687,87.3316,74.7086,118.0969,2.1043,50.5111,53.4725,53.4725,0.0,0.0,0,64711.9142,71.5019,31.8552,32.7605,57.4243,1.9283,1.6748,28.9623,1,39951.0,2.2,4.204,0.0,33.96,26.126469110152883,26.295927322618574,25.319050568404545,28.9623,0.0
7665,2021-05-18,SZSE:000768,0.6255,26.51,26.4255,27.0,25.35,73396.7808,25.35,4.7478,90.755,77.6372,122.7264,2.1868,51.1198,59.0458,59.0458,0.0,0.0,0,67480.5593,74.5611,33.2181,34.1621,59.8812,2.0108,1.7464,37.5233,1,39951.0,2.2,4.3688,0.0,33.96,25.26919747265183,26.91393813655224,25.26919747265183,37.5233,0.0
7666,2021-05-19,SZSE:000768,0.6255,26.35,26.266,26.71,26.15,72953.7976,26.46,4.7191,90.2073,77.1686,121.9857,2.1736,51.0771,57.8517,57.8517,0.0,0.0,0,67037.5761,74.0716,33.0,33.9379,59.4881,1.9976,1.735,25.0622,1,39951.0,2.2,4.3425,0.0,33.96,26.375649335863375,26.624852371916507,26.06663757115749,25.0622,0.0
7667,2021-05-20,SZSE:000768,0.6255,26.12,26.0368,26.97,26.06,72317.0093,26.35,4.6779,89.4199,76.4951,120.9209,2.1546,50.6534,56.0956,56.0956,0.0,0.0,0,66400.7877,73.368,32.6866,33.6155,58.923,1.9786,1.7185,27.0501,1,39951.0,2.2,4.3046,0.0,33.96,26.266067381317,26.884092496171515,25.9769911179173,27.0501,0.0
7668,2021-05-21,SZSE:000768,0.6145,25.35,25.2692,26.27,25.31,70185.1526,26.2,4.54,86.7839,74.24,117.3562,2.0911,50.5126,50.562,50.562,0.0,0.0,0,64268.931,71.0125,31.6371,32.5363,57.0312,1.9151,1.6633,24.0544,1,39951.0,2.2,4.1777,0.0,33.96,26.116490729783038,26.18626761341223,25.229327495069032,24.0544,0.0
7669,2021-05-24,SZSE:000768,0.6145,25.44,25.3589,25.63,25.21,70434.3306,25.35,4.5562,87.092,77.0909,117.7729,2.0985,49.6414,51.1683,51.1683,0.0,0.0,0,64518.1091,71.2878,31.7598,33.2268,57.6183,1.9225,1.575,18.2902,1,39951.0,2.2,0.0,0.0,33.96,25.269186910377357,25.548294300314463,25.129633215408802,18.2902,0.0
7670,2021-05-25,SZSE:000768,0.6145,27.04,26.9538,27.06,25.23,74864.1627,25.45,4.8427,92.5695,81.9394,125.18,2.2305,51.0297,60.4542,60.4542,0.0,0.0,0,68947.9412,76.1824,33.9404,35.5082,61.5744,2.0545,1.6832,52.1327,1,39951.0,2.2,0.0,0.0,33.96,25.368868713017754,26.973736242603554,25.1495700443787,52.1327,0.0
7671,2021-05-26,SZSE:000768,0.6145,26.92,26.8342,27.95,26.8,74531.9253,27.08,4.8212,92.1586,81.5758,124.6244,2.2206,50.3846,59.5397,59.5397,0.0,0.0,0,68615.7038,75.8153,33.7769,35.337,61.2777,2.0446,1.6751,44.3971,1,39951.0,2.2,0.0,0.0,33.96,26.99369004457652,27.860917161961364,26.714582466567606,44.3971,0.0
7672,2021-05-27,SZSE:000768,0.6145,26.98,26.894,27.3,26.68,74698.044,26.83,4.832,92.3641,81.7576,124.9022,2.2255,49.9656,59.8666,59.8666,0.0,0.0,0,68781.8225,75.9989,33.8587,35.4226,61.4261,2.0496,1.6791,23.0038,1,39951.0,2.2,0.0,0.0,33.96,26.744478131949588,27.212979985174197,26.59495626389918,23.0038,0.0
7673,2021-05-28,SZSE:000768,0.6448,27.05,26.9638,27.35,26.61,74891.8492,26.9,4.8445,92.6037,81.9697,125.2263,2.2313,49.5592,60.2699,60.2699,0.0,0.0,0,68975.6276,76.213,33.9541,35.5224,61.5991,2.0554,1.6839,26.9404,1,39951.0,2.2,0.0,0.0,33.96,26.814278003696856,27.26284399260628,26.52520214417745,26.9404,0.0
7674,2021-05-31,SZSE:000768,0.6448,27.92,27.831,28.0,26.88,77300.5704,27.07,5.0003,95.5821,84.6061,129.2539,2.3031,49.6304,64.9801,64.9801,0.0,0.0,0,71384.3489,78.8745,35.1398,36.7629,63.7503,2.1272,1.7427,38.6711,1,39951.0,2.2,0.0,0.0,33.96,26.98370952722063,27.91074498567335,26.794315186246415,38.6711,0.0
7675,2021-06-01,SZSE:000768,0.6448,27.5,27.4124,27.91,27.25,76137.7395,27.9,4.9251,94.1442,83.3333,127.3095,2.2684,49.4169,61.2075,61.2075,0.0,0.0,0,70221.5179,77.5896,34.5674,36.164,62.7118,2.0925,1.7143,31.8172,1,39951.0,2.2,0.0,0.0,33.96,27.811125818181818,27.82109396363637,27.163196363636366,31.8172,0.0
7676,2021-06-02,SZSE:000768,0.6448,26.67,26.585,27.87,26.53,73839.764,27.51,4.7764,91.3028,80.8182,123.4671,2.2,48.5315,54.4764,54.4764,0.0,0.0,0,67923.5425,75.0505,33.4362,34.9806,60.6596,2.024,1.6582,36.9765,1,39951.0,2.2,0.0,0.0,33.96,27.42232283464567,27.781175478065244,26.44544619422572,36.9765,0.0
7677,2021-06-03,SZSE:000768,0.6448,26.22,26.1364,26.84,26.2,72593.8738,26.6,4.6958,89.7622,72.0726,121.3838,2.1629,48.5299,51.1896,51.1896,0.0,0.0,0,66677.6522,73.6739,32.8229,31.2929,55.3484,1.9869,1.641,25.7544,1,39951.0,2.2,0.0,0.0,33.96,26.5151884057971,26.754423188405795,26.116463768115942,25.7544,0.0
7678,2021-06-04,SZSE:000768,0.7576,26.64,26.5551,26.9,26.19,73756.7047,26.22,4.7711,91.2001,73.2271,123.3282,2.1975,48.4556,53.9804,53.9804,0.0,0.0,0,67840.4832,74.9588,33.3953,31.8386,56.3136,2.0215,1.6696,22.4906,1,39951.0,2.2,0.0,0.0,33.96,26.13643851351351,26.814271396396393,26.10653412162162,22.4906,0.0
7679,2021-06-07,SZSE:000768,0.7576,26.75,26.6648,27.45,26.51,74061.2557,26.65,4.7908,91.5767,73.5294,123.8374,2.2066,48.0113,54.7108,54.7108,0.0,0.0,0,68145.0341,75.2953,33.5452,31.9816,56.5664,2.0306,1.6771,31.7608,1,39951.0,2.2,0.0,0.0,33.96,26.565118504672895,27.362570467289714,26.425564411214953,31.7608,0.0
7680,2021-06-08,SZSE:000768,0.7576,27.19,27.1033,27.25,26.4,75279.4595,26.8,4.8696,93.083,74.7389,125.8744,2.2429,43.4623,57.609,57.609,0.0,0.0,0,69363.238,76.6413,34.1449,32.5533,57.5777,2.0669,1.707,31.1735,1,39951.0,2.2,0.0,0.0,33.96,26.714543582199337,27.16310867966164,26.315819051121732,31.1735,0.0
7681,2021-06-09,SZSE:000768,0.7576,27.31,27.223,27.85,26.99,75611.6969,27.45,4.8911,93.4938,75.0687,126.4299,2.2528,37.9963,58.391,58.391,0.0,0.0,0,69695.4754,77.0084,34.3084,32.7092,57.8535,2.0768,1.7152,31.7239,1,39951.0,2.2,0.0,0.0,33.96,27.36255400952032,27.761279751006956,26.90401940681069,31.7239,0.0
7682,2021-06-10,SZSE:000768,0.7576,27.36,27.2728,27.5,27.0,75750.1291,27.3,4.9,93.665,75.2062,126.6614,2.2569,37.2485,58.7326,58.7326,0.0,0.0,0,69833.9076,77.1613,34.3766,32.7742,57.9684,2.081,1.7186,25.7208,1,39951.0,2.2,0.0,0.0,33.96,27.212991228070177,27.412353801169587,26.913947368421056,25.7208,0.0
7683,2021-06-11,SZSE:000768,0.7488,26.01,25.9271,27.45,25.8,72012.4583,27.38,4.6582,89.0433,71.4953,120.4117,2.1455,38.6051,47.4138,47.4138,0.0,0.0,0,66096.2368,73.0315,32.5367,31.02,54.8658,1.9696,1.6266,40.1852,1,39951.0,2.2,0.0,0.0,33.96,27.292733487120337,27.362510380622837,25.7177693194925,40.1852,0.0
7684,2021-06-14,SZSE:000768,0.7488,0.0,25.9271,0.0,0.0,72012.4583,0.0,4.6582,89.0433,71.4953,120.4117,2.1455,38.6051,47.4138,47.4138,0.0,0.0,0,66096.2368,73.0315,32.5367,31.02,54.8658,1.9696,1.6266,0.0,1,39951.0,2.2,0.0,0.0,33.96,0.0,0.0,0.0,0.0,0.0
7685,2021-06-15,SZSE:000768,0.7488,25.7,25.6181,26.26,25.55,71154.1783,25.87,4.6027,87.9821,70.6432,118.9765,2.12,38.7458,45.257,45.257,0.0,0.0,0,65237.9568,72.0832,32.1142,30.6172,54.1533,1.944,1.6055,19.7447,1,39951.0,2.2,0.0,0.0,33.96,25.787558249027235,26.176315408560313,25.4685780155642,19.7447,0.0
7686,2021-06-16,SZSE:000768,0.7488,25.2,25.1197,25.96,24.83,69769.8558,25.72,4.5132,86.2704,69.2688,116.6618,2.0787,38.7474,41.9429,41.9429,0.0,0.0,0,63853.6343,70.5536,31.4327,29.9676,53.0042,1.9027,1.5715,24.4025,1,39951.0,2.2,0.0,0.0,33.96,25.638043015873016,25.87727825396826,24.750879007936508,24.4025,0.0
7687,2021-06-17,SZSE:000768,0.7488,24.98,24.9004,25.63,24.62,69160.7539,25.31,4.4738,85.5172,68.6641,115.6433,2.0606,38.7332,40.5363,40.5363,0.0,0.0,0,63244.5323,69.8806,31.1329,29.6817,52.4986,1.8846,1.5565,22.7243,1,39951.0,2.2,0.0,0.0,33.96,25.229348438750996,25.548328742994396,24.541547157726185,22.7243,0.0
7688,2021-06-18,SZSE:000768,0.763,25.45,25.3689,25.79,24.71,70462.0171,24.9,4.5579,87.1262,69.956,117.8192,2.0993,38.9182,44.7956,44.7956,0.0,0.0,0,64545.7955,71.3184,31.7734,30.2924,53.5788,1.9234,1.5885,24.4196,1,39951.0,2.2,0.0,0.0,33.96,24.82065265225933,25.707816542239687,24.63125811394892,24.4196,0.0
7689,2021-06-21,SZSE:000768,0.763,26.64,26.5551,26.65,25.6,73756.7047,25.6,4.7711,91.2001,73.2271,123.3282,2.1975,40.0076,53.8157,53.8157,0.0,0.0,0,67840.4832,74.9588,33.3953,31.8386,56.3136,2.0215,1.6696,34.3519,1,39951.0,2.2,0.0,0.0,33.96,25.518414414414412,26.565068130630628,25.518414414414412,34.3519,0.0
7690,2021-06-22,SZSE:000768,0.763,26.52,26.4355,26.99,26.2,73424.4673,26.99,4.7496,90.7893,72.8972,122.7727,2.1876,39.9838,52.8775,52.8775,0.0,0.0,0,67508.2458,74.5917,33.2317,31.6827,56.0379,2.0116,1.6614,28.3771,1,39951.0,2.2,0.0,0.0,33.96,26.904002450980393,26.904002450980393,26.116519607843138,28.3771,0.0
7691,2021-06-23,SZSE:000768,0.763,26.67,26.585,27.0,26.5,73839.764,26.53,4.7764,91.3028,73.3095,123.4671,2.2,39.6739,53.9581,53.9581,0.0,0.0,0,67923.5425,75.0505,33.4362,31.8776,56.3826,2.024,1.6716,31.7541,1,39951.0,2.2,0.0,0.0,33.96,26.44544619422572,26.91394825646794,26.41554180727409,31.7541,0.0
7692,2021-06-24,SZSE:000768,0.763,26.1,26.1,26.94,26.0,72261.6364,26.6,4.6744,89.3514,71.7427,120.8283,2.153,39.4399,49.3288,49.9563,0.0,0.0,0,66345.4148,73.3068,32.6593,31.137,55.0726,1.977,1.6328,29.1354,1,39951.0,2.2,0.0,0.0,33.96,26.6,26.939999999999998,26.0,29.1354,0.085
7693,2021-06-25,SZSE:000768,0.7836,26.75,26.75,26.85,25.49,74061.2557,25.9,4.7908,91.5767,73.5294,123.8374,2.2066,39.6945,54.1587,54.7951,0.0,0.0,0,68145.0341,75.2953,33.5452,31.9816,56.5664,2.0306,1.6771,34.1892,1,39951.0,2.2,0.0,0.0,33.96,25.9,26.85,25.49,34.1892,0.0
7694,2021-06-28,SZSE:000768,0.7836,27.11,27.11,27.27,26.5,75057.9679,27.02,4.8552,92.8091,74.519,125.504,2.2363,39.6202,56.6246,57.26,0.0,0.0,0,69141.7463,76.3966,34.0358,32.4494,57.3938,2.0603,1.7016,33.1426,1,39951.0,2.2,0.0,0.0,33.96,27.02,27.27,26.5,33.1426,0.0
7695,2021-06-29,SZSE:000768,0.7836,26.17,26.17,27.61,26.15,72455.4415,26.97,4.6869,89.5911,71.9351,121.1524,2.1587,40.2732,49.1847,49.6476,0.0,0.0,0,66539.22,73.521,32.7547,31.2279,55.2335,1.9828,1.6375,35.3503,1,39951.0,2.2,0.0,0.0,33.96,26.97,27.609999999999996,26.15,35.3503,0.0
7696,2021-06-30,SZSE:000768,0.7836,26.28,26.28,26.31,25.76,72759.9925,26.1,4.7066,89.9677,72.2375,121.6616,2.1678,39.9838,50.0124,50.4773,0.0,0.0,0,66843.7709,73.8575,32.9046,31.3709,55.4863,1.9918,1.645,21.0428,1,39951.0,2.2,0.0,0.0,33.96,26.1,26.309999999999995,25.76,21.0428,0.0
7697,2021-07-01,SZSE:000768,0.7836,24.88,24.88,26.59,24.8,68883.8894,26.44,4.4559,85.1749,68.3892,115.1804,2.0523,40.2352,40.8847,41.1774,0.0,0.0,0,62967.6678,69.5747,30.9966,29.5518,52.2688,1.8763,1.5496,35.1236,1,39951.0,2.2,0.0,0.0,33.96,26.44,26.59,24.8,35.1236,0.0
7698,2021-07-02,SZSE:000768,0.8549,23.81,23.81,24.87,23.48,65921.4391,24.87,4.2642,81.5118,65.4481,110.2269,1.9641,41.2266,35.5451,35.7553,0.0,0.0,0,60005.2176,66.3014,29.5383,28.1614,49.8097,1.7881,1.4767,39.1953,1,39951.0,2.2,0.0,0.0,28.92,24.87,24.87,23.48,39.1953,0.0
7699,2021-07-05,SZSE:000768,0.8549,23.97,23.97,24.19,23.7,66364.4224,23.71,4.2929,82.0595,65.8879,110.9676,1.9773,40.9072,36.8727,37.0893,0.0,0.0,0,60448.2008,66.7908,29.7563,28.3693,50.1774,1.8013,1.4876,15.0851,1,39951.0,2.2,0.0,0.0,28.92,23.71,24.19,23.7,15.0851,0.0
7700,2021-07-06,SZSE:000768,0.8549,24.0,24.0,24.11,23.65,66447.4817,23.91,4.2983,82.1622,65.9703,111.1065,1.9797,40.4977,37.1342,37.352,0.0,0.0,0,60531.2602,66.8826,29.7972,28.4083,50.2463,1.8037,1.4897,15.9097,1,39951.0,2.2,0.0,0.0,28.92,23.91,24.11,23.65,15.9097,0.0
7701,2021-07-07,SZSE:000768,0.8549,24.64,24.64,24.91,23.66,68219.4146,23.8,4.4129,84.3532,68.5206,114.0693,2.0325,40.8661,42.5967,42.8354,0.0,0.0,0,62303.193,68.8405,30.6695,29.0971,52.1643,1.8565,1.5333,29.8905,1,39951.0,2.2,0.0,0.0,28.92,23.8,24.91,23.66,29.8905,0.0
7702,2021-07-08,SZSE:000768,0.8549,25.13,25.13,25.78,24.37,69576.0506,24.5,4.5006,86.0307,69.8832,116.3378,2.0729,41.0226,46.4343,46.6832,0.0,0.0,0,63659.8291,70.3394,31.3373,29.7307,53.3002,1.897,1.5667,45.7613,1,39951.0,2.2,0.0,0.0,28.92,24.5,25.78,24.37,45.7613,0.0
7703,2021-07-09,SZSE:000768,0.5631,24.86,24.86,25.35,24.6,68828.5165,25.0,4.4523,85.1064,69.1324,115.0878,2.0507,40.9547,44.6625,44.8902,0.0,0.0,0,62912.2949,69.5135,30.9693,29.3816,52.6743,1.8747,1.5483,30.0143,1,39951.0,2.2,0.0,0.0,28.92,25.0,25.35,24.6,30.0143,0.0
7704,2021-07-12,SZSE:000768,0.5631,24.94,24.94,25.34,24.62,69050.0081,24.87,4.4666,85.3803,69.3548,115.4582,2.0573,40.3459,45.3282,45.5574,0.0,0.0,0,63133.7865,69.7582,31.0784,29.485,52.8597,1.8813,1.5537,26.1083,1,39951.0,2.2,0.0,0.0,28.92,24.87,25.34,24.62,26.1083,0.0
7705,2021-07-13,SZSE:000768,0.5631,24.58,24.58,25.28,24.48,68053.2959,24.9,4.4021,84.1478,68.3537,113.7916,2.0276,40.4661,42.8313,43.0325,0.0,0.0,0,62137.0743,68.6569,30.5877,29.0195,52.0252,1.8516,1.5292,24.6365,1,39951.0,2.2,0.0,0.0,28.92,24.900000000000002,25.28,24.48,24.6365,0.0
7706,2021-07-14,SZSE:000768,0.5631,23.9,23.9,24.62,23.88,66170.6172,24.49,4.2804,81.8199,66.4627,110.6435,1.9715,40.7507,38.5156,38.6726,0.0,0.0,0,60254.3957,66.5767,29.6609,28.1403,50.4489,1.7955,1.4829,26.145,1,39951.0,2.2,0.0,0.0,28.92,24.49,24.62,23.88,26.145,0.0
7707,2021-07-15,SZSE:000768,0.5631,23.91,23.91,24.26,23.46,66198.3037,23.82,4.2821,81.8541,66.4906,110.6898,1.9723,40.7459,38.6135,38.7709,0.0,0.0,0,60282.0821,66.6073,29.6746,28.1532,50.4721,1.7963,1.4836,22.0966,1,39951.0,2.2,0.0,0.0,28.92,23.82,24.260000000000005,23.46,22.0966,0.0
7708,2021-07-16,SZSE:000768,0.5903,26.3,26.3,26.3,23.71,72815.3654,23.91,4.7102,90.0361,73.1368,121.7542,2.1695,45.0751,56.4657,56.6467,0.0,0.0,0,66899.1438,73.9186,32.9319,31.2435,56.0123,1.9935,1.6464,96.1527,1,39951.0,2.2,0.0,0.0,28.92,23.91,26.3,23.71,96.1527,0.0
7709,2021-07-19,SZSE:000768,0.5903,26.9,26.9,27.44,26.5,74476.5524,26.97,4.8176,92.0902,74.8053,124.5319,2.2189,45.1304,59.6391,59.8182,0.0,0.0,0,68560.3309,75.7541,33.7496,32.0194,57.4032,2.043,1.6873,93.4059,1,39951.0,2.2,0.0,0.0,28.92,26.97,27.439999999999998,26.5,93.4059,0.0
7710,2021-07-20,SZSE:000768,0.5903,27.39,27.39,27.87,26.3,75833.1885,26.73,4.9054,93.7677,76.168,126.8003,2.2594,45.1194,62.0707,62.2472,0.0,0.0,0,69916.967,77.2531,34.4175,32.6529,58.5391,2.0834,1.7207,55.8928,1,39951.0,2.2,0.0,0.0,28.92,26.73,27.870000000000005,26.3,55.8928,0.0
7711,2021-07-21,SZSE:000768,0.5903,27.72,27.72,27.86,27.1,76746.8414,27.53,4.9645,94.8974,77.0857,128.328,2.2866,45.0814,63.6586,63.8329,0.0,0.0,0,70830.6198,78.2626,34.8672,33.0796,59.304,2.1107,1.7432,58.1559,1,39951.0,2.2,0.0,0.0,28.92,27.53,27.859999999999996,27.1,58.1559,0.0
7712,2021-07-22,SZSE:000768,0.5903,27.3,27.3,27.48,26.86,75584.0104,27.4,4.8893,93.4595,75.9177,126.3836,2.2519,45.2127,60.204,60.3582,0.0,0.0,0,69667.7889,76.9778,34.2948,32.5366,58.3304,2.076,1.7145,50.4192,1,39951.0,2.2,0.0,0.0,28.92,27.400000000000002,27.48,26.86,50.4192,0.0
7713,2021-07-23,SZSE:000768,0.5207,28.12,28.12,29.43,26.56,77854.2994,27.2,5.0361,96.2668,78.198,130.1798,2.3196,45.57,64.2797,64.4293,0.0,0.0,0,71938.0779,79.4863,35.4124,33.5969,60.2313,2.1437,1.7704,93.4181,1,39951.0,2.2,0.0,0.0,28.92,27.2,29.43,26.56,93.4181,0.0
7714,2021-07-26,SZSE:000768,0.5207,27.28,27.28,29.2,27.25,75528.6375,28.1,4.8857,93.3911,75.8621,126.291,2.2503,46.0317,57.7544,57.8726,0.0,0.0,0,69612.416,76.9166,34.2675,32.5107,58.2841,2.0744,1.7132,114.0514,1,39951.0,2.2,0.0,0.0,28.92,28.1,29.2,27.25,114.0514,0.0
7715,2021-07-27,SZSE:000768,0.5207,27.8,27.8,29.1,27.0,76968.333,27.29,4.9788,95.1713,77.3081,128.6983,2.2932,45.9258,60.4322,60.5491,0.0,0.0,0,71052.1114,78.5074,34.9762,33.1831,59.4895,2.1173,1.7486,114.7574,1,39951.0,2.2,0.0,0.0,28.92,27.29,29.099999999999998,27.0,114.7574,0.0
7716,2021-07-28,SZSE:000768,0.5207,26.69,26.69,27.86,25.44,73895.137,27.3,4.78,91.3713,74.2214,123.5597,2.2016,46.4902,52.7462,52.8327,0.0,0.0,0,67978.9154,75.1117,33.4634,31.7478,56.9164,2.0257,1.673,66.5237,1,39951.0,2.2,0.0,0.0,28.92,27.300000000000004,27.86,25.44,66.5237,0.0
7717,2021-07-29,SZSE:000768,0.5207,28.07,28.07,28.27,26.83,77715.8671,27.03,5.0272,96.0956,78.059,129.9483,2.3155,47.401,59.6219,59.7077,0.0,0.0,0,71799.6456,79.3333,35.3442,33.5322,60.1154,2.1395,1.767,63.7104,1,39951.0,2.2,0.0,0.0,28.92,27.03,28.27,26.83,63.7104,0.0
7718,2021-07-30,SZSE:000768,0.4717,29.1,29.1,29.2,27.56,80567.5716,27.86,5.2116,99.6217,80.9233,134.7166,2.4004,45.804,63.8499,63.9332,0.0,0.0,0,74651.35,82.4843,36.748,34.864,62.503,2.2245,1.8372,75.263,1,39951.0,2.2,0.0,0.0,28.92,27.86,29.200000000000003,27.56,75.263,0.0
7719,2021-08-02,SZSE:000768,0.4717,31.97,31.97,32.01,28.83,88513.5829,29.25,5.7256,109.447,88.9043,148.0031,2.6372,48.96,72.4928,72.5663,0.0,0.0,0,82597.3614,91.264,40.6595,38.575,69.1559,2.4613,2.0327,120.4965,1,39951.0,2.2,0.0,0.0,28.92,29.25,32.01,28.83,120.4965,0.0
7720,2021-08-03,SZSE:000768,0.4717,30.98,30.98,32.12,30.6,85772.6243,31.91,5.5483,106.0578,91.0106,143.42,2.5555,49.0912,66.5795,66.6407,0.0,0.0,0,79856.4028,88.2355,39.3103,38.0477,69.32,2.3796,1.9653,84.0844,1,39951.0,2.2,0.0,0.0,30.46,31.909999999999997,32.12,30.6,84.0844,0.0
7721,2021-08-04,SZSE:000768,0.4717,31.89,31.89,32.25,31.0,88292.0913,31.0,5.7113,109.1731,93.6839,147.6327,2.6306,48.9489,69.0765,69.1356,0.0,0.0,0,82375.8698,91.0193,40.5505,39.2481,71.507,2.4547,2.0273,61.1379,1,39951.0,2.2,0.0,0.0,30.46,31.0,32.25,31.0,61.1379,0.0
7722,2021-08-05,SZSE:000768,0.4717,34.18,34.18,35.08,31.5,94632.2885,31.88,6.1214,117.0127,100.4113,158.2342,2.8195,50.2075,74.2835,74.337,0.0,0.0,0,88716.067,98.0247,43.6715,42.2689,77.0107,2.6436,2.1833,111.3515,1,39951.0,2.2,0.0,0.0,30.46,31.88,35.08,31.5,111.3515,0.0
7723,2021-08-06,SZSE:000768,0.492,33.5,33.5,34.3,32.9,92749.6099,33.5,5.9997,114.6848,98.4136,155.0861,2.7634,50.179,70.488,70.5357,0.0,0.0,0,86833.3884,95.9445,42.7448,41.3719,75.3764,2.5875,2.137,73.7374,1,39951.0,2.2,0.0,0.0,30.46,33.5,34.300000000000004,32.9,73.7374,0.0
7724,2021-08-09,SZSE:000768,0.492,33.19,33.19,34.65,32.9,91891.3299,33.8,5.9441,113.6235,97.5029,153.651,2.7378,49.8944,68.763,68.8082,0.0,0.0,0,85975.1084,94.9962,42.3223,40.963,74.6314,2.5619,2.1159,62.1878,1,39951.0,2.2,0.0,0.0,30.46,33.8,34.65,32.9,62.1878,0.0
7725,2021-08-10,SZSE:000768,0.492,34.49,34.49,35.49,32.6,95490.5685,32.72,6.177,118.074,101.322,159.6693,2.845,49.6256,71.8717,71.9145,0.0,0.0,0,89574.347,98.9731,44.094,42.6779,77.7557,2.6692,2.2044,98.7819,1,39951.0,2.2,0.0,0.0,30.46,32.72,35.49,32.6,98.7819,0.0
7726,2021-08-11,SZSE:000768,0.492,34.14,34.14,34.99,33.8,94521.5427,34.0,6.1143,116.8758,100.2938,158.049,2.8162,49.0485,69.856,69.8963,0.0,0.0,0,88605.3212,97.9024,43.617,42.2162,76.9145,2.6403,2.1806,46.8698,1,39951.0,2.2,0.0,0.0,30.46,34.0,34.99,33.8,46.8698,0.0
7727,2021-08-12,SZSE:000768,0.492,31.99,31.99,34.14,31.83,88568.9558,33.85,5.7292,109.5154,93.9777,148.0957,2.6388,50.8273,58.9239,58.9517,0.0,0.0,0,82652.7343,91.3252,40.6868,39.3801,71.7474,2.4629,2.0341,83.6281,1,39951.0,2.2,0.0,0.0,30.46,33.85,34.14,31.83,83.6281,0.0
7728,2021-08-13,SZSE:000768,0.514,31.71,31.71,32.53,31.0,87793.7352,31.99,5.6791,108.5569,93.1551,146.7994,2.6157,50.8937,57.6584,57.6849,0.0,0.0,0,81877.5137,90.4686,40.3052,39.0107,71.0744,2.4398,2.015,56.7642,1,39951.0,2.2,0.0,0.0,30.46,31.989999999999995,32.53,31.0,56.7642,0.0
7729,2021-08-16,SZSE:000768,0.514,31.85,31.85,32.18,31.35,88181.3455,31.61,5.7041,109.0361,93.5664,147.4476,2.6273,49.8913,58.1425,58.1689,0.0,0.0,0,82265.124,90.8969,40.496,39.1954,71.4109,2.4514,2.0246,36.3665,1,39951.0,2.2,0.0,0.0,30.46,31.61,32.18,31.35,36.3665,0.0
7730,2021-08-17,SZSE:000768,0.514,31.15,31.15,32.34,30.7,86243.294,32.0,5.5788,106.6397,91.51,144.207,2.5695,50.1268,54.7708,54.794,0.0,0.0,0,80327.0724,88.7555,39.542,38.272,69.7285,2.3936,1.9769,55.5625,1,39951.0,2.2,0.0,0.0,30.46,32.0,32.34,30.7,55.5625,0.0
7731,2021-08-18,SZSE:000768,0.514,31.82,31.82,32.15,30.6,88098.2862,31.16,5.6988,108.9334,93.4783,147.3087,2.6248,49.7648,57.3218,57.345,0.0,0.0,0,82182.0646,90.8051,40.4551,39.1558,71.3388,2.4489,2.0225,57.5534,1,39951.0,2.2,0.0,0.0,30.46,31.16,32.15,30.6,57.5534,0.0
7732,2021-08-19,SZSE:000768,0.514,32.23,32.23,32.72,31.31,89233.4306,31.5,5.7722,110.337,94.6827,149.2068,2.6586,49.7711,58.8513,58.8743,0.0,0.0,0,83317.2091,92.0594,41.0139,39.6967,72.3242,2.4827,2.0505,62.1925,1,39951.0,2.2,0.0,0.0,30.46,31.5,32.72,31.31,62.1925,0.0
7733,2021-08-20,SZSE:000768,0.4693,31.98,31.98,32.7,31.48,88541.2694,32.18,5.7274,109.4812,93.9483,148.0494,2.638,49.7616,57.4982,57.5201,0.0,0.0,0,82625.0478,91.2946,40.6732,39.3669,71.7233,2.4621,2.0334,68.6887,1,39951.0,2.2,0.0,0.0,30.46,32.18,32.7,31.48,68.6887,0.0
7734,2021-08-23,SZSE:000768,0.4693,34.03,34.03,34.17,32.08,94216.9918,32.25,6.1046,123.9718,91.7004,170.3203,2.6545,50.6423,64.6713,64.6922,0.0,0.0,0,96723.2572,113.7966,49.756,43.0206,76.8575,2.7251,2.2962,89.999,1,39951.0,2.2,0.0,0.0,30.46,32.25,34.17,32.08,89.999,0.0
7735,2021-08-24,SZSE:000768,0.4693,32.61,32.61,33.19,31.3,90285.5158,32.53,5.8499,118.7987,87.356,163.2132,2.5438,51.4803,57.4398,57.4559,0.0,0.0,0,92791.7812,109.1711,47.7336,41.272,72.4006,2.6143,2.1944,93.5165,1,39951.0,2.2,0.0,0.0,30.46,32.53,33.19,31.3,93.5165,0.0
7736,2021-08-25,SZSE:000768,0.4693,32.01,32.01,33.17,31.49,88624.3287,32.62,5.7423,116.6129,85.7487,160.2102,2.4969,50.3814,54.6586,54.673,0.0,0.0,0,91130.5941,107.2167,46.879,40.5331,71.1045,2.5675,2.1551,46.4079,1,39951.0,2.2,0.0,0.0,30.46,32.62,33.17,31.49,46.4079,0.0
7737,2021-08-26,SZSE:000768,0.4693,31.01,31.01,32.44,30.7,85855.6837,31.76,5.5629,112.9699,83.0699,155.2052,2.4189,50.8131,50.2883,50.3003,0.0,0.0,0,88361.949,103.9593,45.4548,39.3017,68.9443,2.4895,2.0897,48.3426,1,39951.0,2.2,0.0,0.0,30.46,31.76,32.44,30.7,48.3426,0.0
7738,2021-08-27,SZSE:000768,0.4096,29.98,29.98,31.08,29.39,83003.9792,30.98,5.3781,109.2176,80.3107,150.0501,2.3386,51.3,46.1916,46.2015,0.0,0.0,0,85510.2446,100.6043,43.9878,38.0333,66.7192,2.4091,2.0222,55.2464,1,39951.0,2.2,0.0,0.0,30.46,30.98,31.080000000000002,29.39,55.2464,0.0
7739,2021-08-30,SZSE:000768,0.4096,30.85,30.85,32.6,30.28,85412.7004,30.35,5.5342,112.387,83.9227,154.4044,2.4065,51.572,49.9039,49.914,0.0,0.0,0,87918.9658,103.4382,45.2269,40.3686,69.5395,2.477,2.0781,76.0513,1,39951.0,2.2,0.0,0.0,31.365,30.35,32.6,30.28,76.0513,0.0
7740,2021-08-31,SZSE:000768,0.4096,30.23,30.23,31.63,30.09,83696.1405,31.25,5.4229,110.1283,82.2361,151.3013,2.3581,51.4123,47.3944,47.4035,0.0,0.0,0,86202.4059,101.4186,44.3439,39.5804,68.1817,2.4286,2.0376,62.0847,1,39951.0,2.2,0.0,0.0,31.365,31.25,31.63,30.09,62.0847,0.0
7741,2021-09-01,SZSE:000768,0.4096,29.9,29.9,30.92,28.6,82782.4876,30.7,5.3637,108.9261,81.3384,149.6497,2.3324,51.3665,46.0666,46.0751,0.0,0.0,0,85288.753,100.3437,43.8739,39.1609,67.4591,2.4029,2.016,51.0832,1,39951.0,2.2,0.0,0.0,31.365,30.7,30.92,28.6,51.0832,0.0
7742,2021-09-02,SZSE:000768,0.4096,30.1,30.1,30.39,29.51,83336.2166,29.77,5.3996,109.6547,81.8825,150.6507,2.348,50.9791,47.0351,47.0436,0.0,0.0,0,85842.482,100.9951,44.1587,39.4152,67.8971,2.4185,2.029,32.304,1,39951.0,2.2,0.0,0.0,31.365,29.77,30.390000000000004,29.51,32.304,0.0
7743,2021-09-03,SZSE:000768,0.344,28.93,28.93,30.15,28.46,80096.9019,29.8,5.1897,105.3924,78.6997,144.7948,2.2567,51.4977,42.2548,42.2615,0.0,0.0,0,82603.1673,97.184,42.4924,37.9278,65.3349,2.3272,1.9525,44.1915,1,39951.0,2.2,0.0,0.0,31.365,29.8,30.15,28.46,44.1915,0.0
7744,2021-09-06,SZSE:000768,0.344,29.52,29.52,29.7,28.59,81730.4025,28.9,5.2956,107.5418,80.3047,147.7478,2.3027,51.5515,45.2752,45.2822,0.0,0.0,0,84236.6679,99.1059,43.3327,38.6778,66.6269,2.3733,1.9911,35.0014,1,39951.0,2.2,0.0,0.0,31.365,28.9,29.7,28.59,35.0014,0.0
7745,2021-09-07,SZSE:000768,0.344,29.81,29.81,30.39,29.31,82533.3096,29.32,5.3476,108.5982,81.0936,149.1992,2.3253,51.5736,46.7496,46.7566,0.0,0.0,0,85039.575,100.0505,43.7457,39.0465,67.262,2.3959,2.0101,37.0197,1,39951.0,2.2,0.0,0.0,31.365,29.32,30.39,29.31,37.0197,0.0
7746,2021-09-08,SZSE:000768,0.344,29.75,29.75,30.0,29.32,82367.1909,29.81,5.3368,108.3797,80.9304,148.8989,2.3207,51.4961,46.4706,46.4776,0.0,0.0,0,84873.4563,99.8551,43.6603,38.9702,67.1306,2.3912,2.0061,24.7582,1,39951.0,2.2,0.0,0.0,31.365,29.810000000000002,30.0,29.32,24.7582,0.0
7747,2021-09-09,SZSE:000768,0.344,32.73,32.73,32.73,29.33,90617.7532,29.6,5.8714,119.2358,89.037,163.8138,2.5531,54.7011,59.4217,59.4288,0.0,0.0,0,93124.0186,109.562,47.9045,42.7585,73.6564,2.6236,2.2012,80.4345,1,39951.0,2.2,0.0,0.0,31.365,29.6,32.73,29.33,80.4345,0.0
7748,2021-09-10,SZSE:000768,0.2782,33.42,33.42,34.66,32.15,92528.1183,33.19,5.9952,121.7495,90.914,167.2673,2.6069,54.8149,61.7305,61.7375,0.0,0.0,0,95034.3837,111.8096,48.8872,43.6357,75.1674,2.6775,2.2463,110.1003,1,39951.0,2.2,0.0,0.0,31.365,33.19,34.66,32.15,110.1003,0.0
7749,2021-09-13,SZSE:000768,0.2782,33.95,33.95,34.63,32.88,93995.5002,33.38,6.0903,123.6803,92.3558,169.9199,2.6483,53.8125,63.4507,63.4576,0.0,0.0,0,96501.7656,113.536,49.642,44.3094,76.328,2.7188,2.281,73.1498,1,39951.0,2.2,0.0,0.0,31.365,33.38,34.63,32.88,73.1498,0.0
7750,2021-09-14,SZSE:000768,0.2782,33.65,33.65,35.86,33.46,93164.9066,33.88,6.0365,122.5874,91.5397,168.4184,2.6249,53.4567,61.7585,61.765,0.0,0.0,0,95671.172,112.5588,49.2148,43.9281,75.6711,2.6954,2.2614,73.4625,1,39951.0,2.2,0.0,0.0,31.365,33.88,35.86,33.46,73.4625,0.0
7751,2021-09-15,SZSE:000768,0.2782,34.03,34.03,34.23,32.5,94216.9918,33.0,6.1046,123.9718,92.5735,170.3203,2.6545,53.3824,63.1009,63.1073,0.0,0.0,0,96723.2572,113.7966,49.756,44.4111,76.5032,2.7251,2.2862,58.4251,1,39951.0,2.2,0.0,0.0,31.365,33.0,34.22999999999999,32.5,58.4251,0.0
7752,2021-09-16,SZSE:000768,0.2782,32.99,32.99,34.4,32.92,91337.6009,33.88,5.9181,120.183,89.7443,165.1151,2.5734,53.6243,57.1845,57.1897,0.0,0.0,0,93843.8663,110.4089,48.2748,43.0891,74.2257,2.6439,2.2182,48.2079,1,39951.0,2.2,0.0,0.0,31.365,33.88,34.4,32.92,48.2079,0.0
7753,2021-09-17,SZSE:000768,0.3131,31.8,31.8,33.76,30.24,88042.9133,33.42,5.7046,115.8478,86.5071,159.1592,2.4806,54.1556,51.2618,51.2659,0.0,0.0,0,90549.1787,106.5326,46.5799,41.5763,71.6198,2.5511,2.1403,66.5247,1,39951.0,2.2,0.0,0.0,31.365,33.42,33.76,30.24,66.5247,0.0
7754,2021-09-20,SZSE:000768,0.3131,0.0,31.8,0.0,0.0,88042.9133,0.0,5.7046,115.8478,86.5071,159.1592,2.4806,54.1556,51.2618,51.2659,0.0,0.0,0,90549.1787,106.5326,46.5799,41.5763,71.6198,2.5511,2.1403,0.0,1,39951.0,2.2,0.0,0.0,31.365,0.0,0.0,0.0,0.0,0.0
7755,2021-09-21,SZSE:000768,0.3131,0.0,31.8,0.0,0.0,88042.9133,0.0,5.7046,115.8478,86.5071,159.1592,2.4806,54.1556,51.2618,51.2659,0.0,0.0,0,90549.1787,106.5326,46.5799,41.5763,71.6198,2.5511,2.1403,0.0,1,39951.0,2.2,0.0,0.0,31.365,0.0,0.0,0.0,0.0,0.0
7756,2021-09-22,SZSE:000768,0.3131,32.22,32.22,32.83,31.0,89205.7442,31.19,5.7799,117.3779,87.6496,161.2613,2.5133,54.2852,53.1078,53.1119,0.0,0.0,0,91712.0096,107.9007,47.1781,42.1102,72.5396,2.5839,2.1678,36.9456,1,39951.0,2.2,0.0,0.0,31.365,31.19,32.83,31.0,36.9456,0.0
7757,2021-09-23,SZSE:000768,0.3131,34.96,34.96,35.44,31.91,96791.8317,32.44,6.2715,127.3598,95.1034,174.975,2.7271,56.4625,62.9632,62.9672,0.0,0.0,0,99298.0971,116.8259,51.0805,45.5934,78.5398,2.7976,2.3471,101.9365,1,39951.0,2.2,0.0,0.0,31.365,32.44,35.44,31.91,101.9365,0.0
7758,2021-09-24,SZSE:000768,0.2933,34.54,34.54,35.05,33.9,95629.0008,34.66,6.1961,125.8297,93.9608,172.8729,2.6943,56.3202,60.852,60.8557,0.0,0.0,0,98135.2661,115.4578,50.4823,45.0595,77.62,2.7648,2.3196,69.0471,1,39951.0,2.2,0.0,0.0,31.365,34.66,35.05,33.9,69.0471,0.0
7759,2021-09-27,SZSE:000768,0.2933,32.8,32.8,34.0,31.17,90811.5583,33.6,5.884,119.4909,89.2274,164.1642,2.5586,57.2436,52.9332,52.9359,0.0,0.0,0,93317.8237,109.79,48.0042,42.8475,73.8097,2.6291,2.2057,112.5227,1,39951.0,2.2,0.0,0.0,31.365,33.599999999999994,34.0,31.17,112.5227,0.0
7760,2021-09-28,SZSE:000768,0.2933,33.49,33.49,34.05,32.3,92721.9234,32.57,6.0078,122.0045,91.1045,167.6176,2.6124,57.3163,55.4112,55.4139,0.0,0.0,0,95228.1888,112.0376,48.9869,43.7247,75.3207,2.6829,2.2509,68.1693,1,39951.0,2.2,0.0,0.0,31.365,32.57,34.05,32.3,68.1693,0.0
7761,2021-09-29,SZSE:000768,0.2933,31.26,31.26,33.3,30.94,86547.8449,32.96,5.6077,113.8806,85.0381,156.4565,2.4384,58.5844,46.83,46.8319,0.0,0.0,0,89054.1103,104.7737,45.8108,40.8898,70.4373,2.509,2.105,51.8323,1,39951.0,2.2,0.0,0.0,31.365,32.96,33.3,30.94,51.8323,0.0
7762,2021-09-30,SZSE:000768,0.2933,31.03,31.03,32.22,30.94,85911.0566,31.4,5.5665,113.0427,84.4124,155.3053,2.4205,58.6191,46.0381,46.0399,0.0,0.0,0,88417.3219,104.0245,45.4833,40.5974,69.9336,2.491,2.0899,37.6385,1,39951.0,2.2,0.0,0.0,31.365,31.400000000000002,32.22,30.94,37.6385,0.0
7763,2021-10-01,SZSE:000768,0.3487,0.0,31.03,0.0,0.0,85911.0566,0.0,5.5665,113.0427,84.4124,155.3053,2.4205,58.6191,46.0381,46.0399,0.0,0.0,0,88417.3219,104.0245,45.4833,40.5974,69.9336,2.491,2.0899,0.0,1,39951.0,2.2,0.0,0.0,31.365,0.0,0.0,0.0,0.0,0.0
7764,2021-10-04,SZSE:000768,0.3487,0.0,31.03,0.0,0.0,85911.0566,0.0,5.5665,113.0427,84.4124,155.3053,2.4205,58.6191,46.0381,46.0399,0.0,0.0,0,88417.3219,104.0245,45.4833,40.5974,69.9336,2.491,2.0899,0.0,1,39951.0,2.2,0.0,0.0,31.365,0.0,0.0,0.0,0.0,0.0
7765,2021-10-05,SZSE:000768,0.3487,0.0,31.03,0.0,0.0,85911.0566,0.0,5.5665,113.0427,84.4124,155.3053,2.4205,58.6191,46.0381,46.0399,0.0,0.0,0,88417.3219,104.0245,45.4833,40.5974,69.9336,2.491,2.0899,0.0,1,39951.0,2.2,0.0,0.0,31.365,0.0,0.0,0.0,0.0,0.0
7766,2021-10-06,SZSE:000768,0.3487,0.0,31.03,0.0,0.0,85911.0566,0.0,5.5665,113.0427,84.4124,155.3053,2.4205,58.6191,46.0381,46.0399,0.0,0.0,0,88417.3219,104.0245,45.4833,40.5974,69.9336,2.491,2.0899,0.0,1,39951.0,2.2,0.0,0.0,31.365,0.0,0.0,0.0,0.0,0.0
7767,2021-10-07,SZSE:000768,0.3487,0.0,31.03,0.0,0.0,85911.0566,0.0,5.5665,113.0427,84.4124,155.3053,2.4205,58.6191,46.0381,46.0399,0.0,0.0,0,88417.3219,104.0245,45.4833,40.5974,69.9336,2.491,2.0899,0.0,1,39951.0,2.2,0.0,0.0,31.365,0.0,0.0,0.0,0.0,0.0
7768,2021-10-08,SZSE:000768,0.3545,29.81,29.81,31.08,29.5,82533.3096,31.04,5.3476,108.5982,81.0936,149.1992,2.3253,59.4809,41.9827,41.9842,0.0,0.0,0,85039.575,100.0505,43.7457,39.0465,67.262,2.3959,2.0101,38.7079,1,39951.0,2.2,0.0,0.0,31.365,31.040000000000003,31.08,29.5,38.7079,0.0
7769,2021-10-11,SZSE:000768,0.3545,30.12,30.12,31.44,29.68,83391.5895,30.0,5.4032,109.7276,81.9369,150.7508,2.3495,59.4303,43.3483,43.3498,0.0,0.0,0,85897.8549,101.0603,44.1872,39.4406,67.9409,2.4201,2.0304,46.4278,1,39951.0,2.2,0.0,0.0,31.365,30.0,31.44,29.68,46.4278,0.0
7770,2021-10-12,SZSE:000768,0.3545,28.7,28.7,29.79,28.65,79460.1135,29.69,5.1485,104.5545,77.4211,143.6436,2.2388,60.3695,38.8387,38.8399,0.0,0.0,0,81966.3789,96.4348,42.1648,37.6354,64.8313,2.3093,1.9374,39.3791,1,39951.0,2.2,0.0,0.0,31.365,29.69,29.790000000000003,28.65,39.3791,0.0
7771,2021-10-13,SZSE:000768,0.3545,28.19,28.19,28.53,27.09,78048.1046,28.0,5.057,102.6966,76.0453,141.0911,2.199,60.4153,37.3364,37.3374,0.0,0.0,0,80554.3699,94.7736,41.4384,36.9871,63.7144,2.2695,1.9041,41.2908,1,39951.0,2.2,0.0,0.0,31.365,28.0,28.53,27.09,41.2908,0.0
7772,2021-10-14,SZSE:000768,0.3545,28.44,28.44,29.1,27.98,78740.2658,28.0,5.1018,103.6073,76.7197,142.3423,2.2185,60.0912,38.5904,38.5914,0.0,0.0,0,81246.5312,95.5879,41.7945,37.3049,64.2619,2.289,1.9204,30.4741,1,39951.0,2.2,0.0,0.0,31.365,28.0,29.1,27.98,30.4741,0.0
7773,2021-10-15,SZSE:000768,0.3214,28.32,28.32,28.95,28.09,78408.0284,28.45,5.0803,103.1702,76.396,141.7417,2.2091,60.107,38.1953,38.1963,0.0,0.0,0,80914.2938,95.197,41.6236,37.1524,63.9991,2.2797,1.9126,22.8923,1,39951.0,2.2,0.0,0.0,31.365,28.45,28.95,28.09,22.8923,0.0
7774,2021-10-18,SZSE:000768,0.3214,28.81,28.81,29.24,28.6,79764.6645,28.6,5.1682,104.9552,77.7178,144.1942,2.2473,57.0016,40.858,40.8591,0.0,0.0,0,82270.9299,96.7931,42.3215,37.7753,65.0721,2.3179,1.9446,29.8571,1,39951.0,2.2,0.0,0.0,31.365,28.6,29.24,28.6,29.8571,0.0
7775,2021-10-19,SZSE:000768,0.3214,29.03,29.03,29.18,28.33,80373.7664,28.7,5.2077,105.7567,78.3113,145.2953,2.2645,56.8467,42.0649,42.066,0.0,0.0,0,82880.0318,97.5098,42.6348,38.0549,65.5539,2.335,1.959,23.4475,1,39951.0,2.2,0.0,0.0,31.365,28.7,29.18,28.33,23.4475,0.0
7776,2021-10-20,SZSE:000768,0.3214,29.94,29.94,30.05,28.8,82893.2334,29.01,5.3709,109.0718,80.7661,149.8499,2.3355,57.0712,46.8924,46.8935,0.0,0.0,0,85399.4988,100.474,43.9309,39.2118,67.5467,2.406,2.0186,35.8076,1,39951.0,2.2,0.0,0.0,31.365,29.01,30.05,28.8,35.8076,0.0
7777,2021-10-21,SZSE:000768,0.3214,29.93,29.93,29.94,29.18,82865.547,29.64,5.3691,109.0354,80.7391,149.7998,2.3347,57.0301,46.8462,46.8473,0.0,0.0,0,85371.8124,100.4414,43.9166,39.1991,67.5248,2.4052,2.0179,23.2013,1,39951.0,2.2,0.0,0.0,31.365,29.64,29.939999999999998,29.18,23.2013,0.0
7778,2021-10-22,SZSE:000768,0.3438,29.88,29.88,30.17,29.62,82727.1147,29.79,5.3602,108.8533,80.6043,149.5496,2.3308,56.9289,46.599,46.6001,0.0,0.0,0,85233.3801,100.2785,43.8454,39.1355,67.4153,2.4013,2.0146,19.0661,1,39951.0,2.2,0.0,0.0,31.365,29.79,30.17,29.62,19.0661,0.0
7779,2021-10-25,SZSE:000768,0.3438,30.11,30.11,30.65,29.71,83363.9031,29.88,5.4014,109.6912,81.2247,150.7007,2.3487,56.6411,47.9593,47.9604,0.0,0.0,0,85870.1685,101.0277,44.173,39.4279,67.919,2.4193,2.0297,28.0354,1,39951.0,2.2,0.0,0.0,31.365,29.88,30.649999999999995,29.71,28.0354,0.0
7780,2021-10-26,SZSE:000768,0.3438,29.72,29.72,30.39,29.42,82284.1315,29.89,5.3315,108.2704,80.1727,148.7488,2.3183,56.3376,45.8275,45.8286,0.0,0.0,0,84790.3969,99.7573,43.6175,38.9321,67.0649,2.3889,2.0042,23.8635,1,39951.0,2.2,0.0,0.0,31.365,29.89,30.39,29.42,23.8635,0.0
7781,2021-10-27,SZSE:000768,0.3438,29.72,29.72,30.47,29.26,82284.1315,30.15,5.3315,108.2704,80.1727,148.7488,2.3183,56.219,45.8275,45.8286,0.0,0.0,0,84790.3969,99.7573,43.6175,38.9321,67.0649,2.3889,2.0042,26.8631,1,39951.0,2.2,0.0,0.0,31.365,30.15,30.469999999999995,29.26,26.8631,0.0
7782,2021-10-28,SZSE:000768,0.3438,28.86,28.86,29.98,28.7,79903.0968,29.48,5.0855,102.5955,73.5474,146.2236,2.3536,55.9012,41.1498,41.1506,0.0,0.0,0,82430.5407,98.6068,42.3087,36.5228,61.0925,2.4285,1.8789,24.8508,1,39951.0,2.2,0.0,0.0,31.365,29.48,29.979999999999997,28.7,24.8508,0.0
7783,2021-10-29,SZSE:000768,0.3514,30.31,30.31,30.45,28.8,83917.6321,29.08,5.3411,107.7501,77.2426,153.5702,2.4718,55.8506,50.3515,50.3524,0.0,0.0,0,86445.0761,103.4092,44.3692,38.3015,64.0678,2.5467,1.9704,48.021,1,39951.0,2.2,0.0,0.0,31.365,29.08,30.449999999999996,28.8,48.021,0.0
7784,2021-11-01,SZSE:000768,0.3514,31.45,31.45,31.82,30.25,87073.8875,30.81,5.5419,111.8027,80.1478,159.3462,2.5648,55.8743,56.1559,56.1568,0.0,0.0,0,89601.3314,107.1848,45.9892,34.1556,66.1684,2.6397,2.1337,48.9054,1,39951.0,2.2,0.0,0.0,32.5267,30.81,31.819999999999997,30.25,48.9054,0.0
7785,2021-11-02,SZSE:000768,0.3514,31.98,31.98,32.7,31.42,88541.2694,31.81,5.6353,113.6869,80.2107,162.0315,2.608,52.5065,58.5803,58.5812,0.0,0.0,0,91068.7133,108.9401,46.7424,34.7149,67.252,2.683,2.1686,53.39,1,39951.0,2.2,0.0,0.0,32.5267,31.81,32.7,31.42,53.39,0.0
7786,2021-11-03,SZSE:000768,0.3514,31.82,31.82,32.04,30.92,88098.2862,31.51,5.6071,113.1181,79.8094,161.2209,2.595,52.1048,57.5458,57.5466,0.0,0.0,0,90625.7301,108.4102,46.515,34.5461,66.9249,2.6699,2.1581,35.3936,1,39951.0,2.2,0.0,0.0,32.5267,31.51,32.04,30.92,35.3936,0.0
7787,2021-11-04,SZSE:000768,0.3514,32.7,32.7,32.86,31.53,90534.6938,31.8,5.7622,116.2464,82.0166,165.6795,2.6668,52.0669,61.566,61.5669,0.0,0.0,0,93062.1378,111.3248,47.7655,35.4748,68.7241,2.7417,2.2161,43.082,1,39951.0,2.2,0.0,0.0,32.5267,31.8,32.86,31.53,43.082,0.0
7788,2021-11-05,SZSE:000768,0.3675,32.24,32.24,33.15,32.24,89261.1171,32.58,5.6811,114.6111,80.8628,163.3489,2.6292,50.1015,58.4502,58.4509,0.0,0.0,0,91788.5611,109.8013,47.1119,34.9893,67.7836,2.7042,2.1858,32.2016,1,39951.0,2.2,0.0,0.0,32.5267,32.58,33.15,32.24,32.2016,0.0
7789,2021-11-08,SZSE:000768,0.3675,32.54,32.54,32.71,31.88,90091.7106,32.0,5.734,115.6776,81.6153,164.8689,2.6537,49.9845,59.8764,59.8771,0.0,0.0,0,92619.1546,110.7948,47.5382,35.3059,68.397,2.7286,2.2055,23.7192,1,39951.0,2.2,0.0,0.0,32.5267,32.0,32.71,31.88,23.7192,0.0
7790,2021-11-09,SZSE:000768,0.3675,33.42,33.42,34.33,32.3,92528.1183,32.33,5.8891,118.806,83.8224,169.3275,2.7255,50.2597,63.8015,63.8022,0.0,0.0,0,95055.5622,113.7094,48.7887,36.2347,70.1962,2.8004,2.2636,44.3076,1,39951.0,2.2,0.0,0.0,32.5267,32.33,34.33,32.3,44.3076,0.0
7791,2021-11-10,SZSE:000768,0.3675,33.6,33.6,34.44,33.2,93026.4744,33.6,5.9208,119.4459,84.2739,170.2395,2.7402,49.6304,64.5651,64.5658,0.0,0.0,0,95553.9184,114.3055,49.0445,36.4247,70.5643,2.8151,2.2754,37.2958,1,39951.0,2.2,0.0,0.0,32.5267,33.6,34.44,33.2,37.2958,0.0
7792,2021-11-11,SZSE:000768,0.3675,33.82,33.82,34.1,33.28,93635.5763,33.5,5.9596,120.2279,84.8257,171.3542,2.7581,49.6066,65.5223,65.5231,0.0,0.0,0,96163.0203,115.0342,49.3571,36.6569,71.0141,2.833,2.2899,30.4554,1,39951.0,2.2,0.0,0.0,32.5267,33.5,34.1,33.28,30.4554,0.0
7793,2021-11-12,SZSE:000768,0.3882,35.0,35.0,35.28,33.5,96902.5775,33.5,6.1675,124.4228,87.7853,177.3328,2.8543,48.201,70.1762,70.1769,0.0,0.0,0,99430.0215,118.9423,51.0339,37.9022,73.4267,2.9293,2.3677,61.0168,1,39951.0,2.2,0.0,0.0,32.5267,33.5,35.28,33.5,61.0168,0.0
7794,2021-11-15,SZSE:000768,0.3882,36.05,36.05,36.46,34.96,99809.6548,35.0,6.3525,128.1555,90.4189,182.6528,2.94,48.4935,73.5921,73.5927,0.0,0.0,0,102337.0988,122.4198,52.526,39.0104,75.5735,3.0149,2.4369,68.7435,1,39951.0,2.2,0.0,0.0,32.5267,35.0,36.46,34.96,68.7435,0.0
7795,2021-11-16,SZSE:000768,0.3882,33.56,33.56,36.09,33.5,92915.7286,35.6,5.9137,119.3037,84.1736,170.0368,2.7369,50.8099,56.9375,56.9379,0.0,0.0,0,95443.1725,114.173,48.9876,36.3825,70.4825,2.8118,2.2728,70.3562,1,39951.0,2.2,0.0,0.0,32.5267,35.6,36.09,33.5,70.3562,0.0
7796,2021-11-17,SZSE:000768,0.3882,34.68,34.68,35.32,32.84,96016.6111,33.8,6.1111,123.2852,86.9827,175.7115,2.8282,50.9933,61.1918,61.1922,0.0,0.0,0,98544.055,117.8825,50.5792,37.5645,72.7724,2.9032,2.3466,56.1354,1,39951.0,2.2,0.0,0.0,32.5267,33.8,35.32,32.84,56.1354,0.0
7797,2021-11-18,SZSE:000768,0.3882,37.1,37.1,37.98,34.2,102716.7321,34.52,6.5375,131.8881,93.0524,187.9728,3.0256,52.6124,68.4457,68.446,0.0,0.0,0,105244.1761,125.8974,54.0181,40.1185,77.7203,3.1006,2.5062,79.2555,1,39951.0,2.2,0.0,0.0,32.5267,34.52,37.98,34.2,79.2555,0.0
7798,2021-11-19,SZSE:000768,0.2834,37.05,37.05,37.35,36.62,102578.2999,37.3,6.5287,131.7104,92.927,187.7195,3.0215,52.576,68.1622,68.1626,0.0,0.0,0,105105.7438,125.7318,53.9471,40.0658,77.6181,3.0965,2.5029,43.1113,1,39951.0,2.2,0.0,0.0,32.5267,37.3,37.35,36.62,43.1113,0.0
7799,2021-11-22,SZSE:000768,0.2834,37.41,37.41,37.86,36.25,103575.0121,37.07,6.5922,132.9902,93.83,189.5434,3.0509,52.5523,69.1529,69.1532,0.0,0.0,0,106102.4561,126.9241,54.4587,40.4457,78.3541,3.1259,2.5266,47.4164,1,39951.0,2.2,0.0,0.0,32.5267,37.07,37.86,36.25,47.4164,0.0
7800,2021-11-23,SZSE:000768,0.2834,37.56,37.56,37.69,36.7,103990.3089,37.41,6.6186,133.5234,94.2062,190.3034,3.0631,51.0581,69.5776,69.5779,0.0,0.0,0,106517.7528,127.4209,54.6718,40.604,78.6608,3.1381,2.5365,29.1815,1,39951.0,2.2,0.0,0.0,32.5267,37.41,37.69,36.7,29.1815,0.0
7801,2021-11-24,SZSE:000768,0.2834,36.84,36.84,38.7,36.67,101996.8844,37.64,6.4917,130.9639,92.4003,186.6555,3.0044,50.4083,64.9543,64.9545,0.0,0.0,0,104524.3284,125.0363,53.6487,39.8441,77.1887,3.0794,2.489,39.6524,1,39951.0,2.2,0.0,0.0,32.5267,37.64,38.7,36.67,39.6524,0.0
7802,2021-11-25,SZSE:000768,0.2834,36.69,36.69,37.7,36.53,101581.5877,36.6,6.4653,130.4306,92.0241,185.8955,2.9921,50.2407,64.0001,64.0004,0.0,0.0,0,104109.0316,124.5395,53.4355,39.6858,76.882,3.0671,2.4791,25.8633,1,39951.0,2.2,0.0,0.0,32.5267,36.6,37.7,36.53,25.8633,0.0
7803,2021-11-26,SZSE:000768,0.2644,37.38,37.38,38.43,36.4,103491.9528,36.45,6.5869,132.8835,91.1263,189.3914,3.0484,49.8375,66.4421,66.4424,0.0,0.0,0,106019.3967,126.8248,54.416,42.9669,76.6299,3.1234,2.5001,44.6213,1,39951.0,2.2,0.0,0.0,32.5267,36.45,38.43,36.4,44.6213,0.0
7804,2021-11-29,SZSE:000768,0.2644,38.99,38.99,39.96,37.11,107949.4713,37.25,6.8706,138.607,95.0512,197.5488,3.1797,49.8628,71.3291,71.3294,0.0,0.0,0,110476.9153,132.157,56.7039,44.7734,79.8518,3.2547,2.6052,52.9515,1,39951.0,2.2,0.0,0.0,32.5267,37.25,39.96,37.11,52.9515,0.0
7805,2021-11-30,SZSE:000768,0.2644,39.18,39.18,40.3,38.71,108475.5139,38.94,6.9041,139.2824,95.5144,198.5114,3.1952,49.6066,71.8501,71.8504,0.0,0.0,0,111002.9578,132.7863,56.9739,44.9866,80.232,3.2702,2.6176,47.5145,1,39951.0,2.2,0.0,0.0,32.5267,38.94,40.3,38.71,47.5145,0.0
7806,2021-12-01,SZSE:000768,0.2644,39.39,39.39,39.5,38.33,109056.9294,39.0,6.9411,140.0289,96.0263,199.5754,3.2123,49.6667,72.4461,72.4463,0.0,0.0,0,111584.3733,133.4818,57.2723,45.2222,80.6523,3.2874,2.6313,28.8259,1,39951.0,2.2,0.0,0.0,32.5267,39.0,39.5,38.33,28.8259,0.0
7807,2021-12-02,SZSE:000768,0.2644,38.94,38.94,39.49,38.72,107811.0391,39.35,6.8618,138.4292,94.9293,197.2954,3.1756,49.779,69.0714,69.0716,0.0,0.0,0,110338.483,131.9914,56.6329,44.7173,79.7517,3.2507,2.602,25.2617,1,39951.0,2.2,0.0,0.0,32.5267,39.35,39.49,38.72,25.2617,0.0
7808,2021-12-03,SZSE:000768,0.2669,39.83,39.83,40.7,38.9,110275.1332,39.0,7.0186,141.5931,97.099,201.8047,3.2482,49.0343,71.863,71.8632,0.0,0.0,0,112802.5771,134.9391,57.8976,45.7159,81.5328,3.3232,2.6601,31.9489,1,39951.0,2.2,0.0,0.0,32.5267,39.0,40.699999999999996,38.9,31.9489,0.0
7809,2021-12-06,SZSE:000768,0.2669,39.25,39.25,40.25,38.51,108669.319,39.84,6.9164,139.5313,95.685,198.8661,3.2009,49.1102,67.582,67.5822,0.0,0.0,0,111196.763,133.0181,57.0734,45.0651,80.3721,3.2759,2.6222,28.4399,1,39951.0,2.2,0.0,0.0,32.5267,39.84,40.25,38.51,28.4399,0.0
7810,2021-12-07,SZSE:000768,0.2669,36.77,36.77,39.53,36.06,101803.0793,39.01,6.4794,130.715,89.6392,186.3008,2.9987,51.2099,53.0339,53.034,0.0,0.0,0,104330.5232,124.8045,53.5492,42.2824,75.4092,3.0737,2.4603,67.5103,1,39951.0,2.2,0.0,0.0,36.285,39.01,39.53,36.06,67.5103,0.0
7811,2021-12-08,SZSE:000768,0.2669,37.03,37.03,37.37,36.2,102522.927,36.76,6.5252,131.6393,89.315,187.6181,3.0199,51.202,54.1483,54.1484,0.0,0.0,0,105050.3709,125.6656,53.9187,42.5742,75.9295,3.0949,2.4608,44.1389,1,39951.0,2.2,0.0,0.0,36.285,36.76,37.37,36.2,44.1389,0.0
7812,2021-12-09,SZSE:000768,0.2669,36.36,36.36,37.12,35.6,100667.9348,36.8,6.4071,129.2575,87.699,184.2235,2.9652,47.586,50.8031,50.8032,0.0,0.0,0,103195.3787,123.4466,52.9666,41.8224,74.5888,3.0402,2.4173,41.5134,1,39951.0,2.2,0.0,0.0,36.285,36.8,37.12,35.6,41.5134,0.0
7813,2021-12-10,SZSE:000768,0.2377,36.26,36.26,37.08,35.85,100391.0703,36.31,6.3895,128.902,87.4578,183.7168,2.9571,47.4231,50.3036,50.3037,0.0,0.0,0,102918.5142,123.1154,52.8245,41.7102,74.3887,3.0321,2.4108,31.9848,1,39951.0,2.2,0.0,0.0,36.285,36.31,37.08,35.85,31.9848,0.0
7814,2021-12-13,SZSE:000768,0.2377,36.41,36.41,37.0,35.36,100806.367,35.95,6.416,129.4352,87.8196,184.4768,2.9693,47.3298,51.0806,51.0806,0.0,0.0,0,103333.811,123.6122,53.0376,41.8785,74.6888,3.0443,2.4206,40.0684,1,39951.0,2.2,0.0,0.0,36.285,35.95,37.0,35.36,40.0684,0.0
7815,2021-12-14,SZSE:000768,0.2377,37.07,37.07,37.92,36.09,102633.6728,36.1,6.5323,131.7815,89.4115,187.8208,3.0231,47.4073,54.4548,54.4549,0.0,0.0,0,105161.1167,125.7981,53.9755,42.619,76.0096,3.0981,2.4634,43.3812,1,39951.0,2.2,0.0,0.0,36.285,36.1,37.92,36.09,43.3812,0.0
7816,2021-12-15,SZSE:000768,0.2377,36.6,36.6,37.31,36.56,101332.4096,36.85,6.4494,130.1107,88.2779,185.4395,2.9848,47.4579,51.719,51.7191,0.0,0.0,0,103859.8536,124.2414,53.3076,42.0917,75.069,3.0598,2.4329,23.5899,1,39951.0,2.2,0.0,0.0,36.285,36.85,37.31,36.56,23.5899,0.0
7817,2021-12-16,SZSE:000768,0.2377,36.84,36.84,37.27,36.4,101996.8844,36.6,6.4917,130.9639,88.8567,186.6555,3.0044,46.9741,53.017,53.0171,0.0,0.0,0,104524.3284,125.0363,53.6487,42.361,75.5493,3.0794,2.4484,20.7641,1,39951.0,2.2,0.0,0.0,36.285,36.6,37.269999999999996,36.4,20.7641,0.0
7818,2021-12-17,SZSE:000768,0.2533,35.81,35.81,37.08,35.7,99145.18,36.78,6.3102,127.3023,86.3724,181.4368,2.9204,46.7037,47.1574,47.1575,0.0,0.0,0,101672.624,121.625,52.185,41.2052,73.4881,2.9954,2.3816,24.9962,1,39951.0,2.2,0.0,0.0,36.285,36.78,37.08,35.7,24.9962,0.0
7819,2021-12-20,SZSE:000768,0.2533,34.38,34.38,36.12,34.33,95186.0175,35.51,6.0582,122.2187,82.9233,174.1915,2.8038,47.1306,40.4699,40.4699,0.0,0.0,0,97713.4615,116.8889,50.1529,39.6007,70.6265,2.8787,2.2889,33.3895,1,39951.0,2.2,0.0,0.0,36.285,35.51,36.11999999999999,34.33,33.3895,0.0
7820,2021-12-21,SZSE:000768,0.2533,34.85,34.85,35.25,33.99,96487.2807,34.8,6.1411,123.8895,84.3417,176.5728,2.8421,46.7954,43.3152,43.3152,0.0,0.0,0,99014.7247,118.4455,50.8208,40.6015,71.9444,2.917,2.311,26.9139,1,39951.0,2.2,0.0,0.0,36.285,34.8,35.25,33.99,26.9139,0.0
7821,2021-12-22,SZSE:000768,0.2533,35.37,35.37,35.79,34.35,97926.9762,34.6,6.2327,125.7381,85.6002,179.2075,2.8845,46.8144,46.3694,46.3694,0.0,0.0,0,100454.4201,120.1677,51.5597,41.1918,72.9905,2.9595,2.3446,26.8955,1,39951.0,2.2,0.0,0.0,36.285,34.6,35.79,34.35,26.8955,0.0
7822,2021-12-23,SZSE:000768,0.2533,35.47,35.47,35.8,34.77,98203.8407,35.28,6.2503,126.0936,85.8422,179.7141,2.8927,43.7691,46.9612,46.9613,0.0,0.0,0,100731.2846,120.4989,51.7018,41.3054,73.1917,2.9676,2.3511,23.7094,1,39951.0,2.2,0.0,0.0,36.285,35.28,35.8,34.77,23.7094,0.0
7823,2021-12-24,SZSE:000768,0.2963,35.22,35.22,35.78,34.83,97511.6794,35.25,6.2063,125.2049,85.2372,178.4475,2.8723,43.7201,45.6062,45.6063,0.0,0.0,0,100039.1234,119.6709,51.3466,41.0215,72.6888,2.9472,2.3349,18.9163,1,39951.0,2.2,0.0,0.0,36.285,35.25,35.78,34.83,18.9163,0.0
7824,2021-12-27,SZSE:000768,0.2963,35.45,35.45,35.67,34.86,98148.4678,35.1,6.2468,126.0225,85.7938,179.6128,2.891,42.3808,47.118,47.118,0.0,0.0,0,100675.9117,120.4327,51.6734,41.2827,73.1515,2.966,2.3498,16.2457,1,39951.0,2.2,0.0,0.0,36.285,35.1,35.67,34.86,16.2457,0.0
7825,2021-12-28,SZSE:000768,0.2963,34.73,34.73,35.59,34.6,96155.0433,35.45,6.1199,123.4629,84.0513,175.9648,2.8323,42.414,43.0814,43.0814,0.0,0.0,0,98682.4873,118.0481,50.6503,40.4652,71.703,2.9073,2.3033,21.3868,1,39951.0,2.2,0.0,0.0,36.285,35.45,35.59,34.6,21.3868,0.0
7826,2021-12-29,SZSE:000768,0.2963,35.04,35.04,35.74,34.71,97013.3233,34.76,6.1745,124.565,84.8016,177.5355,2.8576,39.9095,45.256,45.256,0.0,0.0,0,99540.7673,119.0748,51.0908,40.8172,72.3267,2.9325,2.3233,25.9001,1,39951.0,2.2,0.0,0.0,36.285,34.76,35.74,34.71,25.9001,0.0
7827,2021-12-30,SZSE:000768,0.2963,36.39,36.39,36.88,34.66,100750.9941,34.8,6.4124,129.3641,88.0687,184.3755,2.9677,40.5246,53.5743,53.5744,0.0,0.0,0,103278.4381,123.5459,53.0092,42.3498,75.0425,3.0427,2.4106,42.8164,1,39951.0,2.2,0.0,0.0,36.285,34.8,36.88,34.66,42.8164,0.0
7828,2021-12-31,SZSE:000768,0.2067,36.5,36.5,36.8,36.2,101055.5451,36.39,6.4318,129.7552,88.335,184.9328,2.9767,40.1862,54.1852,54.1852,0.0,0.0,0,103582.9891,123.9102,53.1655,42.4747,75.2637,3.0516,2.4177,25.8324,1,39951.0,2.2,0.0,0.0,36.285,36.39,36.8,36.2,25.8324,0.0
